1791660375.015057 runnervmmprz5 zainod-0.9.0[2988]:   19:26:15.014  INFO zainodlib: zainod started, version: "0.9.0"
1791660375.015057 runnervmmprz5 zainod-0.9.0[2988]:     at packages/zainod/src/lib.rs:28
1791660375.018027 runnervmmprz5 zainod-0.9.0[2988]:   19:26:15.018  INFO zainodlib::config: config loaded and validated, path: /home/runner/work/zcash-indexer-bench/zcash-indexer-bench/runs/zaino-0.9.0-r2/index/zainod.toml
1791660375.018027 runnervmmprz5 zainod-0.9.0[2988]:     at packages/zainod/src/config.rs:475
1791660375.023760 runnervmmprz5 zainod-0.9.0[2988]:   19:26:15.023  INFO zainodlib::metrics: Prometheus metrics endpoint started, endpoint: 127.0.0.1:19998
1791660375.023760 runnervmmprz5 zainod-0.9.0[2988]:     at packages/zainod/src/metrics.rs:39
1791660375.023760 runnervmmprz5 zainod-0.9.0[2988]:        ░▒▒▒▒▒▒▒▒▒▒▒▒▒▒▒▒▒▒▒▒▒▒▒▒▒▒▒▒▒▒▒▒▒▒▒████▓░▒▒▒
1791660375.023760 runnervmmprz5 zainod-0.9.0[2988]:        ▒▒▒▒▒▒▒▒▒▒▒▒▒▒▒▒▒▒▒▒▒▒▒▒▒▒▒▒▒▒▒▒▒▒▒▒████▓▒▒▒▒
1791660375.023760 runnervmmprz5 zainod-0.9.0[2988]:        ▒▒▒▒▒▒▒▒▒▒▒▒▒▒▒▒▒▒▒▒▒▒▒▒▒▒▒▒▒▒▒▒▒▒▒▒▒▒░▒▒▒▒▒▒
1791660375.023760 runnervmmprz5 zainod-0.9.0[2988]:        ▒▒▒▒▒▒▒▒▒▒▒▒▒▒▒▒▒▒▒▒▒▓▓▓▓▒▒▒▒▒▒▒▒▒▒▒▒▓▓▒▒▒▒▒▒
1791660375.023760 runnervmmprz5 zainod-0.9.0[2988]:        ▒▒▒▒▒▒▒▒▒▒▒▒▒▒▓▓▓▓▓▓▓▓▓▓▓▓▓▓▓▓▓▓▒▒▒▒▒██▓▒▒▒▒▒
1791660375.023760 runnervmmprz5 zainod-0.9.0[2988]:        ▒▒▒▒▒▒▒▒▒▒▒▓▓▓▓▓▓▓▓▓▓▓▓▓▓▓▓▓▓▓▓▓▓▓▓▒▒██▓▒▒▒▒▒
1791660375.023760 runnervmmprz5 zainod-0.9.0[2988]:        ▒▒▒▒▒▒▒▒▓▓▓▓▓▓▓▓▓▓▓▓▓▓▓▓▓▓▓▓▓▓▓▓▓███▓██▓▒▒▒▒▒
1791660375.023760 runnervmmprz5 zainod-0.9.0[2988]:        ▒▒▒▒▒▒▒▓▓▓▓▒███▓░▒▓▓████████████████▓▓▒▒▒▒▒▒▒
1791660375.023760 runnervmmprz5 zainod-0.9.0[2988]:        ▒▒▒▒▒▒▓▓▓▓▒▓████▓▓███████████████████▓▒▓▓▒▒▒▒
1791660375.023760 runnervmmprz5 zainod-0.9.0[2988]:        ▒▒▒▒▒▓▓▓▓▓▒▒▓▓▓▓████████████████████▓▒▓▓▓▒▒▒▒
1791660375.023760 runnervmmprz5 zainod-0.9.0[2988]:        ▒▒▒▒▒▓▓▓▓▓█████████████████████████▓▒▓▓▓▓▓▒▒▒
1791660375.023760 runnervmmprz5 zainod-0.9.0[2988]:        ▒▒▒▒▓▓▓▒▓█████████████████████████▓▓▓▓▓▓▓▓▒▒▒
1791660375.024457 runnervmmprz5 zainod-0.9.0[2988]:        ▒▒▒▒▒▓▓▓████████████████████████▓▓▓▓▓▓▓▓▓▒▒▒▒
1791660375.024457 runnervmmprz5 zainod-0.9.0[2988]:        ▒▒▒▒▒▓▒███████████████████████▒▓▓▓▓▓▓▓▓▓▓▒▒▒▒
1791660375.024457 runnervmmprz5 zainod-0.9.0[2988]:        ▒▒▒▒▒▒▓███████████████████▓▓▓▓▓▓▓▓▓▓▓▓▓▓▒▒▒▒▒
1791660375.024457 runnervmmprz5 zainod-0.9.0[2988]:        ▒▒▒▒▒▒▓███████████████▓▓▓▓▓▓▓▓▓▓▓▓▓▓▓▓▓▒▒▒▒▒▒
1791660375.024457 runnervmmprz5 zainod-0.9.0[2988]:        ▒▒▒▒▒▒▓██████████▓▓▒▒▓▓▓▓▓▓▓▓▓▓▓▓▓▓▓▓▒▒▒▒▒▒▒▒
1791660375.024457 runnervmmprz5 zainod-0.9.0[2988]:        ▒▒▒▒███▓▒▓▓▓▓▓▒▒▓▓▓▓▓▓▓▓▓▓▓▓▓▓▓▓▓▓▒▒▒▒▒▒▒▒▒▒▒
1791660375.024457 runnervmmprz5 zainod-0.9.0[2988]:        ▒▒▒▓████▒▒▒▒▒▒▒▒▓▓▓▓▓▓▓▓▓▓▓▓▓▓▒▒▒▒▒▒▒▒▒▒▒▒▒▒▒
1791660375.024457 runnervmmprz5 zainod-0.9.0[2988]:        ▒▒▒▒░▒▒▒▒▒▒▒▒▒▒▒▒▒▒▒▒▒▒▒▒▒▒▒▒▒▒▒▒▒▒▒▒▒▒▒▒▒▒▒▒
1791660375.024457 runnervmmprz5 zainod-0.9.0[2988]:        ▒▒▒▒░▒▒▒▒▒▒▒▒▒▒▒▒▒▒▒▒▒▒▒▒▒▒▒▒▒▒▒▒▒▒▒▒▒▒▒▒▒▒▒▒
1791660375.024457 runnervmmprz5 zainod-0.9.0[2988]:              Thank you for using ZingoLabs Zaino!
1791660375.024457 runnervmmprz5 zainod-0.9.0[2988]:        - Donate to us at https://free2z.cash/zingolabs.
1791660375.024457 runnervmmprz5 zainod-0.9.0[2988]: ****** Please note Zaino is currently in development and should not be used to run mainnet nodes. ******
1791660375.024457 runnervmmprz5 zainod-0.9.0[2988]:     
1791660375.024457 runnervmmprz5 zainod-0.9.0[2988]:   19:26:15.023  INFO zainodlib::indexer: Starting Zaino
1791660375.024457 runnervmmprz5 zainod-0.9.0[2988]:     at packages/zainod/src/indexer.rs:38
1791660375.024457 runnervmmprz5 zainod-0.9.0[2988]:   19:26:15.023  INFO zainodlib::indexer: Checking connection with node, address: 127.0.0.1:8232
1791660375.024457 runnervmmprz5 zainod-0.9.0[2988]:     at packages/zainod/src/indexer.rs:47
1791660375.128332 runnervmmprz5 zainod-0.9.0[2988]:   19:26:15.128  INFO zainodlib::indexer: Connected to node via JsonRPSee, uri: http://127.0.0.1:8232
1791660375.128332 runnervmmprz5 zainod-0.9.0[2988]:     at packages/zainod/src/indexer.rs:62
1791660375.128852 runnervmmprz5 zainod-0.9.0[2988]:   19:26:15.128  INFO zaino_state::indexer::node_backed_indexer: Launching NodeBackedIndexerService, rpc_address: 127.0.0.1:8232, network: PubTestnet
1791660375.128852 runnervmmprz5 zainod-0.9.0[2988]:     at packages/zaino-state/src/indexer/node_backed_indexer.rs:135
1791660375.128852 runnervmmprz5 zainod-0.9.0[2988]:     in zaino_state::indexer::node_backed_indexer::NodeBackedIndexerService::spawn with network: PubTestnet
1791660375.173450 runnervmmprz5 zainod-0.9.0[2988]:   19:26:15.173  INFO zaino_state::chain_index::validator_source: Launching Chain Syncer, grpc_address: 127.0.0.1:8230
1791660375.173450 runnervmmprz5 zainod-0.9.0[2988]:     at packages/zaino-state/src/chain_index/validator_source.rs:1182
1791660375.173450 runnervmmprz5 zainod-0.9.0[2988]:     in zaino_state::indexer::node_backed_indexer::NodeBackedIndexerService::spawn with network: PubTestnet
1791660375.177208 runnervmmprz5 zainod-0.9.0[2988]:   19:26:15.177  INFO zebra_state::service::finalized_state::disk_format::upgrade: trying to open current database format, running_version: 28.0.0
1791660375.177208 runnervmmprz5 zainod-0.9.0[2988]:     at /home/runner/.cargo/registry/src/index.crates.io-1949cf8c6b5b557f/zebra-state-13.0.0/src/service/finalized_state/disk_format/upgrade.rs:249
1791660375.186307 runnervmmprz5 zainod-0.9.0[2988]:   19:26:15.186  INFO zebra_state::service::finalized_state::disk_db: creating secondary db directory, create_dir_result: Ok(())
1791660375.186307 runnervmmprz5 zainod-0.9.0[2988]:     at /home/runner/.cargo/registry/src/index.crates.io-1949cf8c6b5b557f/zebra-state-13.0.0/src/service/finalized_state/disk_db.rs:1059
1791660377.162467 runnervmmprz5 zainod-0.9.0[2988]:   19:26:17.162  INFO zebra_state::service::finalized_state::disk_db: Opened Zebra state cache at /zbench/zebra/state/v28/testnet
1791660377.162467 runnervmmprz5 zainod-0.9.0[2988]:     at /home/runner/.cargo/registry/src/index.crates.io-1949cf8c6b5b557f/zebra-state-13.0.0/src/service/finalized_state/disk_db.rs:1073
1791660377.170911 runnervmmprz5 zainod-0.9.0[2988]:   19:26:17.170  INFO zaino_state::chain_index::validator_source: Chain syncer launched
1791660377.170911 runnervmmprz5 zainod-0.9.0[2988]:     at packages/zaino-state/src/chain_index/validator_source.rs:1196
1791660377.170911 runnervmmprz5 zainod-0.9.0[2988]:     in zaino_state::indexer::node_backed_indexer::NodeBackedIndexerService::spawn with network: PubTestnet
1791660377.178836 runnervmmprz5 zainod-0.9.0[2988]:   19:26:17.178  INFO zaino_state::chain_index::validator_source: ReadStateService synced with Zebra, height: 4382897, tip_hash: 00005894e6410b9d9524e38d725e6595ef4c8f85d4deb9e56b340751b0c3d678
1791660377.178836 runnervmmprz5 zainod-0.9.0[2988]:     at packages/zaino-state/src/chain_index/validator_source.rs:1225
1791660377.178836 runnervmmprz5 zainod-0.9.0[2988]:     in zaino_state::indexer::node_backed_indexer::NodeBackedIndexerService::spawn with network: PubTestnet
1791660377.179139 runnervmmprz5 zainod-0.9.0[2988]:   19:26:17.178  INFO zaino_state::indexer::node_backed_indexer: Connected to Zcash node, build: v6.4.2, subversion: /Zebra:6.4.2/
1791660377.179139 runnervmmprz5 zainod-0.9.0[2988]:     at packages/zaino-state/src/indexer/node_backed_indexer.rs:158
1791660377.179139 runnervmmprz5 zainod-0.9.0[2988]:     in zaino_state::indexer::node_backed_indexer::NodeBackedIndexerService::spawn with network: PubTestnet
1791660377.179522 runnervmmprz5 zainod-0.9.0[2988]:   19:26:17.179  INFO zaino_state::chain_index::finalised_state: finalised state running in PERSISTENT mode, mode: persistent, path: /zbench/index/zaino-0.9.0
1791660377.179522 runnervmmprz5 zainod-0.9.0[2988]:     at packages/zaino-state/src/chain_index/finalised_state.rs:583
1791660377.179522 runnervmmprz5 zainod-0.9.0[2988]:     in zaino_state::chain_index::finalised_state::FinalisedState::spawn with db_version: 1
1791660377.179522 runnervmmprz5 zainod-0.9.0[2988]:     in zaino_state::indexer::node_backed_indexer::NodeBackedIndexerService::spawn with network: PubTestnet
1791660377.179522 runnervmmprz5 zainod-0.9.0[2988]:   19:26:17.179  INFO zaino_state::chain_index::finalised_state: Creating new FinalisedState, version: 1.3.0
1791660377.179522 runnervmmprz5 zainod-0.9.0[2988]:     at packages/zaino-state/src/chain_index/finalised_state.rs:619
1791660377.179522 runnervmmprz5 zainod-0.9.0[2988]:     in zaino_state::chain_index::finalised_state::FinalisedState::spawn with db_version: 1
1791660377.179522 runnervmmprz5 zainod-0.9.0[2988]:     in zaino_state::indexer::node_backed_indexer::NodeBackedIndexerService::spawn with network: PubTestnet
1791660377.179522 runnervmmprz5 zainod-0.9.0[2988]:   19:26:17.179  INFO zaino_state::chain_index::finalised_state::finalised_source::v1: Launching FinalisedState
1791660377.179522 runnervmmprz5 zainod-0.9.0[2988]:     at packages/zaino-state/src/chain_index/finalised_state/finalised_source/v1.rs:480
1791660377.179522 runnervmmprz5 zainod-0.9.0[2988]:     in zaino_state::chain_index::finalised_state::FinalisedState::spawn with db_version: 1
1791660377.179522 runnervmmprz5 zainod-0.9.0[2988]:     in zaino_state::indexer::node_backed_indexer::NodeBackedIndexerService::spawn with network: PubTestnet
1791660377.190890 runnervmmprz5 zainod-0.9.0[2988]:   19:26:17.190  INFO zaino_state::chain_index::finalised_state::finalised_source::v1: validating finalised-state spent table integrity
1791660377.190890 runnervmmprz5 zainod-0.9.0[2988]:     at packages/zaino-state/src/chain_index/finalised_state/finalised_source/v1.rs:766
1791660377.190995 runnervmmprz5 zainod-0.9.0[2988]:   19:26:17.190  INFO zaino_state::chain_index::finalised_state::finalised_source::v1: finalised-state spent table integrity check passed, entries: 0, elapsed: 711ns
1791660377.190995 runnervmmprz5 zainod-0.9.0[2988]:     at packages/zaino-state/src/chain_index/finalised_state/finalised_source/v1.rs:821
1791660377.191922 runnervmmprz5 zainod-0.9.0[2988]:   19:26:17.191  INFO zaino_state::chain_index::finalised_state::finalised_source::v1: initial validation complete, tip: 0
1791660377.191922 runnervmmprz5 zainod-0.9.0[2988]:     at packages/zaino-state/src/chain_index/finalised_state/finalised_source/v1.rs:693
1791660377.205356 runnervmmprz5 zainod-0.9.0[2988]:   19:26:17.205  INFO zaino_chain_head_service::service: ChainHead anchored, height: 4381896, hash: 0000088efe68e57c60d1a86042e1fba77452a1726b70cb47a29e9b49d95fbb44
1791660377.205356 runnervmmprz5 zainod-0.9.0[2988]:     at packages/zaino-chain-head-service/src/service.rs:182
1791660377.205356 runnervmmprz5 zainod-0.9.0[2988]:     in zaino_chain_head_service::service::ChainHeadService::spawn with max_depth: 1001
1791660377.205356 runnervmmprz5 zainod-0.9.0[2988]:     in zaino_state::indexer::node_backed_indexer::NodeBackedIndexerService::spawn with network: PubTestnet
1791660377.207265 runnervmmprz5 zainod-0.9.0[2988]:   19:26:17.207  INFO zaino_chain_head_service::service: Syncing block, height: 4381897, hash: 00000193d29cf382fbd5a069dfe0fef68149cd12f822ff941d8f5380e02740ec
1791660377.207265 runnervmmprz5 zainod-0.9.0[2988]:     at packages/zaino-chain-head-service/src/service.rs:426
1791660377.207265 runnervmmprz5 zainod-0.9.0[2988]:     in zaino_chain_head_service::service::ChainHeadService::tick
1791660377.209089 runnervmmprz5 zainod-0.9.0[2988]:   19:26:17.209  INFO zaino_state::chain_index: Starting ChainIndex sync loop
1791660377.209089 runnervmmprz5 zainod-0.9.0[2988]:     at packages/zaino-state/src/chain_index.rs:941
1791660377.209089 runnervmmprz5 zainod-0.9.0[2988]:     in zaino_state::chain_index::ChainIndex::start_sync_loop
1791660377.209089 runnervmmprz5 zainod-0.9.0[2988]:     in zaino_state::indexer::node_backed_indexer::NodeBackedIndexerService::spawn with network: PubTestnet
1791660377.209553 runnervmmprz5 zainod-0.9.0[2988]:   19:26:17.209  INFO zaino_state::chain_index::finalised_state::router: finalised state online: reads are now served by the persistent database, mode: persistent
1791660377.209553 runnervmmprz5 zainod-0.9.0[2988]:     at packages/zaino-state/src/chain_index/finalised_state/router.rs:440
1791660377.209553 runnervmmprz5 zainod-0.9.0[2988]:     in zaino_state::indexer::node_backed_indexer::NodeBackedIndexerService::spawn with network: PubTestnet
1791660377.210052 runnervmmprz5 zainod-0.9.0[2988]:   19:26:17.210  INFO zaino_state::chain_index::finalised_state::router: finalised state switched to the ephemeral passthrough: reads are served from the backing validator, NOT the persistent database, until sync/migration completes, requested_mode: ReadOnly, mode: ephemeral(syncing)
1791660377.210052 runnervmmprz5 zainod-0.9.0[2988]:     at packages/zaino-state/src/chain_index/finalised_state/router.rs:577
1791660377.211054 runnervmmprz5 zainod-0.9.0[2988]:   19:26:17.210  INFO zaino_state::chain_index::finalised_state::finalised_source::v1::write_core: write_blocks_to_height: syncing finalised blocks, start_height: 0, target: 4381896, zebra_network: Testnet
1791660377.211054 runnervmmprz5 zainod-0.9.0[2988]:     at packages/zaino-state/src/chain_index/finalised_state/finalised_source/v1/write_core.rs:475
1791660377.218929 runnervmmprz5 zainod-0.9.0[2988]:   19:26:17.218  INFO zaino_chain_head_service::service: Syncing block, height: 4381898, hash: 00000372db84b6cfc353287145fc57cb0d0cf28f32312ad9faeee9f7ad020ab8
1791660377.218929 runnervmmprz5 zainod-0.9.0[2988]:     at packages/zaino-chain-head-service/src/service.rs:426
1791660377.218929 runnervmmprz5 zainod-0.9.0[2988]:     in zaino_chain_head_service::service::ChainHeadService::tick
1791660377.220146 runnervmmprz5 zainod-0.9.0[2988]:   19:26:17.219  INFO zaino_chain_head_service::service: Syncing block, height: 4381899, hash: 00000ca30e2777304cad7a88a347f4cca2c53a4ea41b429b80627e6f94f4de0c
1791660377.220146 runnervmmprz5 zainod-0.9.0[2988]:     at packages/zaino-chain-head-service/src/service.rs:426
1791660377.220146 runnervmmprz5 zainod-0.9.0[2988]:     in zaino_chain_head_service::service::ChainHeadService::tick
1791660377.221225 runnervmmprz5 zainod-0.9.0[2988]:   19:26:17.221  INFO zaino_chain_head_service::service: Syncing block, height: 4381900, hash: 00000390f85bc7f84c00d291a15d276b166cc447e419f5166843991220004b81
1791660377.221225 runnervmmprz5 zainod-0.9.0[2988]:     at packages/zaino-chain-head-service/src/service.rs:426
1791660377.221225 runnervmmprz5 zainod-0.9.0[2988]:     in zaino_chain_head_service::service::ChainHeadService::tick
1791660377.221912 runnervmmprz5 zainod-0.9.0[2988]:   19:26:17.221  INFO zaino_chain_head_service::service: Syncing block, height: 4381901, hash: 00000b333b7134dedf73796241745889fee3cc794801b7179a160d784bb1b820
1791660377.221912 runnervmmprz5 zainod-0.9.0[2988]:     at packages/zaino-chain-head-service/src/service.rs:426
1791660377.221912 runnervmmprz5 zainod-0.9.0[2988]:     in zaino_chain_head_service::service::ChainHeadService::tick
1791660377.223434 runnervmmprz5 zainod-0.9.0[2988]:   19:26:17.223  INFO zaino_chain_head_service::service: Syncing block, height: 4381902, hash: 00000fd616b6cb785e9093ee8c5f1a7a5182c56ea4b36892f5af0c4438b32a9f
1791660377.223434 runnervmmprz5 zainod-0.9.0[2988]:     at packages/zaino-chain-head-service/src/service.rs:426
1791660377.223434 runnervmmprz5 zainod-0.9.0[2988]:     in zaino_chain_head_service::service::ChainHeadService::tick
1791660377.250180 runnervmmprz5 zainod-0.9.0[2988]:   19:26:17.250  INFO zaino_chain_head_service::service: Syncing block, height: 4381903, hash: 00000f399798815b1050545e142815a370f32395acd4da7b7168c0ee4e0d19f0
1791660377.250180 runnervmmprz5 zainod-0.9.0[2988]:     at packages/zaino-chain-head-service/src/service.rs:426
1791660377.250180 runnervmmprz5 zainod-0.9.0[2988]:     in zaino_chain_head_service::service::ChainHeadService::tick
1791660377.250872 runnervmmprz5 zainod-0.9.0[2988]:   19:26:17.250  INFO zaino_chain_head_service::service: Syncing block, height: 4381904, hash: 00000316a735c66d176e6ef2bc7bb3891b320381c09fe0a323474927962f024c
1791660377.250872 runnervmmprz5 zainod-0.9.0[2988]:     at packages/zaino-chain-head-service/src/service.rs:426
1791660377.250872 runnervmmprz5 zainod-0.9.0[2988]:     in zaino_chain_head_service::service::ChainHeadService::tick
1791660377.251947 runnervmmprz5 zainod-0.9.0[2988]:   19:26:17.251  INFO zaino_chain_head_service::service: Syncing block, height: 4381905, hash: 0000083402e5365c2a47c7e939c582597556e938ffcca68624f9f8df5704252f
1791660377.251947 runnervmmprz5 zainod-0.9.0[2988]:     at packages/zaino-chain-head-service/src/service.rs:426
1791660377.251947 runnervmmprz5 zainod-0.9.0[2988]:     in zaino_chain_head_service::service::ChainHeadService::tick
1791660377.252471 runnervmmprz5 zainod-0.9.0[2988]:   19:26:17.252  INFO zaino_chain_head_service::service: Syncing block, height: 4381906, hash: 0000103586d8709d278a23514985062d6f2e19921f5f6f59468268fbd3fd31e3
1791660377.252471 runnervmmprz5 zainod-0.9.0[2988]:     at packages/zaino-chain-head-service/src/service.rs:426
1791660377.252471 runnervmmprz5 zainod-0.9.0[2988]:     in zaino_chain_head_service::service::ChainHeadService::tick
1791660377.252983 runnervmmprz5 zainod-0.9.0[2988]:   19:26:17.252  INFO zaino_chain_head_service::service: Syncing block, height: 4381907, hash: 00000c9e414ec98336a15e68a5b97298a719be39730115b29f3ac05ead81a702
1791660377.252983 runnervmmprz5 zainod-0.9.0[2988]:     at packages/zaino-chain-head-service/src/service.rs:426
1791660377.252983 runnervmmprz5 zainod-0.9.0[2988]:     in zaino_chain_head_service::service::ChainHeadService::tick
1791660377.266450 runnervmmprz5 zainod-0.9.0[2988]:   19:26:17.266  INFO zaino_chain_head_service::service: Syncing block, height: 4381908, hash: 00000b0a866ff0cadd2743731151ab4dfc319bdb22d3b59ffbed996a95ba073b
1791660377.266450 runnervmmprz5 zainod-0.9.0[2988]:     at packages/zaino-chain-head-service/src/service.rs:426
1791660377.266450 runnervmmprz5 zainod-0.9.0[2988]:     in zaino_chain_head_service::service::ChainHeadService::tick
1791660377.269705 runnervmmprz5 zainod-0.9.0[2988]:   19:26:17.269  INFO zaino_chain_head_service::service: Syncing block, height: 4381909, hash: 000006a8747bfa83aca960f9216ace93c127ab9653e3c2f52f04ec9915b95b6d
1791660377.269705 runnervmmprz5 zainod-0.9.0[2988]:     at packages/zaino-chain-head-service/src/service.rs:426
1791660377.269705 runnervmmprz5 zainod-0.9.0[2988]:     in zaino_chain_head_service::service::ChainHeadService::tick
1791660377.270218 runnervmmprz5 zainod-0.9.0[2988]:   19:26:17.270  INFO zaino_chain_head_service::service: Syncing block, height: 4381910, hash: 00000f0fe76dfbb9b7a9f5565a5c185a3ba4178a9254194ff0656e6f55ab3c89
1791660377.270218 runnervmmprz5 zainod-0.9.0[2988]:     at packages/zaino-chain-head-service/src/service.rs:426
1791660377.270218 runnervmmprz5 zainod-0.9.0[2988]:     in zaino_chain_head_service::service::ChainHeadService::tick
1791660377.271098 runnervmmprz5 zainod-0.9.0[2988]:   19:26:17.271  INFO zaino_chain_head_service::service: Syncing block, height: 4381911, hash: 00000cb08ba0ee29e5ff64adb6cfd9a5342084397ff155e4975fc719750f7df3
1791660377.271098 runnervmmprz5 zainod-0.9.0[2988]:     at packages/zaino-chain-head-service/src/service.rs:426
1791660377.271098 runnervmmprz5 zainod-0.9.0[2988]:     in zaino_chain_head_service::service::ChainHeadService::tick
1791660377.271880 runnervmmprz5 zainod-0.9.0[2988]:   19:26:17.271  INFO zaino_chain_head_service::service: Syncing block, height: 4381912, hash: 0000035e892e22dbe05c029bc8b75db7e567e66071a6955efbb0540b2d87175a
1791660377.271880 runnervmmprz5 zainod-0.9.0[2988]:     at packages/zaino-chain-head-service/src/service.rs:426
1791660377.271880 runnervmmprz5 zainod-0.9.0[2988]:     in zaino_chain_head_service::service::ChainHeadService::tick
1791660377.281441 runnervmmprz5 zainod-0.9.0[2988]:   19:26:17.281  INFO zaino_chain_head_service::service: Syncing block, height: 4381913, hash: 000010b4146565530ba926718e541047295ab2375998166f6288c81c71c005bb
1791660377.281441 runnervmmprz5 zainod-0.9.0[2988]:     at packages/zaino-chain-head-service/src/service.rs:426
1791660377.281441 runnervmmprz5 zainod-0.9.0[2988]:     in zaino_chain_head_service::service::ChainHeadService::tick
1791660377.282473 runnervmmprz5 zainod-0.9.0[2988]:   19:26:17.282  INFO zaino_chain_head_service::service: Syncing block, height: 4381914, hash: 00000163d83e469b2e73a26d94024e6eab6f3fa1c2e3bc8567359efbf5f2ff1c
1791660377.282473 runnervmmprz5 zainod-0.9.0[2988]:     at packages/zaino-chain-head-service/src/service.rs:426
1791660377.282473 runnervmmprz5 zainod-0.9.0[2988]:     in zaino_chain_head_service::service::ChainHeadService::tick
1791660377.286840 runnervmmprz5 zainod-0.9.0[2988]:   19:26:17.286  INFO zaino_chain_head_service::service: Syncing block, height: 4381915, hash: 009b33e2137b89c15471b5b3de98238ae177fbbde0aac875eda8f7fb7e3d9be1
1791660377.286840 runnervmmprz5 zainod-0.9.0[2988]:     at packages/zaino-chain-head-service/src/service.rs:426
1791660377.286840 runnervmmprz5 zainod-0.9.0[2988]:     in zaino_chain_head_service::service::ChainHeadService::tick
1791660377.288478 runnervmmprz5 zainod-0.9.0[2988]:   19:26:17.288  INFO zaino_chain_head_service::service: Syncing block, height: 4381916, hash: 003fbe369191f7b2860d054259a4fb7d6eec33053726f35e9b4f1d71a44719d4
1791660377.288478 runnervmmprz5 zainod-0.9.0[2988]:     at packages/zaino-chain-head-service/src/service.rs:426
1791660377.288478 runnervmmprz5 zainod-0.9.0[2988]:     in zaino_chain_head_service::service::ChainHeadService::tick
1791660377.289245 runnervmmprz5 zainod-0.9.0[2988]:   19:26:17.289  INFO zaino_chain_head_service::service: Syncing block, height: 4381917, hash: 000055a304da5a235cd8e726526e00c7451df66716b21dff70b80c800f1f96aa
1791660377.289245 runnervmmprz5 zainod-0.9.0[2988]:     at packages/zaino-chain-head-service/src/service.rs:426
1791660377.289245 runnervmmprz5 zainod-0.9.0[2988]:     in zaino_chain_head_service::service::ChainHeadService::tick
1791660377.289932 runnervmmprz5 zainod-0.9.0[2988]:   19:26:17.289  INFO zaino_chain_head_service::service: Syncing block, height: 4381918, hash: 004c883c8f14e7b17975a82b5c0993f27a01cca37d475ab1ca0c7a4659088bb5
1791660377.289932 runnervmmprz5 zainod-0.9.0[2988]:     at packages/zaino-chain-head-service/src/service.rs:426
1791660377.289932 runnervmmprz5 zainod-0.9.0[2988]:     in zaino_chain_head_service::service::ChainHeadService::tick
1791660377.291522 runnervmmprz5 zainod-0.9.0[2988]:   19:26:17.291  INFO zaino_chain_head_service::service: Syncing block, height: 4381919, hash: 00563a1f7ad038ff90dc4357a3d297e1e7014fbf121667f87d86222026c4afaa
1791660377.291522 runnervmmprz5 zainod-0.9.0[2988]:     at packages/zaino-chain-head-service/src/service.rs:426
1791660377.291522 runnervmmprz5 zainod-0.9.0[2988]:     in zaino_chain_head_service::service::ChainHeadService::tick
1791660377.292821 runnervmmprz5 zainod-0.9.0[2988]:   19:26:17.292  INFO zaino_chain_head_service::service: Syncing block, height: 4381920, hash: 003833323ff8cf69f91108c18371fc13a13aa508e72f2501b984a61649b9466f
1791660377.292821 runnervmmprz5 zainod-0.9.0[2988]:     at packages/zaino-chain-head-service/src/service.rs:426
1791660377.292821 runnervmmprz5 zainod-0.9.0[2988]:     in zaino_chain_head_service::service::ChainHeadService::tick
1791660377.294000 runnervmmprz5 zainod-0.9.0[2988]:   19:26:17.293  INFO zaino_chain_head_service::service: Syncing block, height: 4381921, hash: 001cfdbb9228de4e5e304e9f4f25cff15327834f55b71adb211d21e1e51497ce
1791660377.294000 runnervmmprz5 zainod-0.9.0[2988]:     at packages/zaino-chain-head-service/src/service.rs:426
1791660377.294000 runnervmmprz5 zainod-0.9.0[2988]:     in zaino_chain_head_service::service::ChainHeadService::tick
1791660377.296789 runnervmmprz5 zainod-0.9.0[2988]:   19:26:17.296  INFO zaino_chain_head_service::service: Syncing block, height: 4381922, hash: 00525eb30f0cc2945cbf157827c936f169082122ddb457adb7097a009eb72600
1791660377.296789 runnervmmprz5 zainod-0.9.0[2988]:     at packages/zaino-chain-head-service/src/service.rs:426
1791660377.296789 runnervmmprz5 zainod-0.9.0[2988]:     in zaino_chain_head_service::service::ChainHeadService::tick
1791660377.298732 runnervmmprz5 zainod-0.9.0[2988]:   19:26:17.298  INFO zaino_chain_head_service::service: Syncing block, height: 4381923, hash: 009992058c7eb975cfb8e06f28aa3a704f70153807b662210e2b0cd42807aff2
1791660377.298732 runnervmmprz5 zainod-0.9.0[2988]:     at packages/zaino-chain-head-service/src/service.rs:426
1791660377.298732 runnervmmprz5 zainod-0.9.0[2988]:     in zaino_chain_head_service::service::ChainHeadService::tick
1791660377.299650 runnervmmprz5 zainod-0.9.0[2988]:   19:26:17.299  INFO zaino_chain_head_service::service: Syncing block, height: 4381924, hash: 00002fb5c9cf2b3dff846b3665e90fcdab51cea0db14b4efa41ee23da48550d6
1791660377.299650 runnervmmprz5 zainod-0.9.0[2988]:     at packages/zaino-chain-head-service/src/service.rs:426
1791660377.299650 runnervmmprz5 zainod-0.9.0[2988]:     in zaino_chain_head_service::service::ChainHeadService::tick
1791660377.300515 runnervmmprz5 zainod-0.9.0[2988]:   19:26:17.300  INFO zaino_chain_head_service::service: Syncing block, height: 4381925, hash: 0012f64e27ae4333f9057c12a68645c9c52d7351a888b723189723ab575335ca
1791660377.300515 runnervmmprz5 zainod-0.9.0[2988]:     at packages/zaino-chain-head-service/src/service.rs:426
1791660377.300515 runnervmmprz5 zainod-0.9.0[2988]:     in zaino_chain_head_service::service::ChainHeadService::tick
1791660377.302728 runnervmmprz5 zainod-0.9.0[2988]:   19:26:17.302  INFO zaino_chain_head_service::service: Syncing block, height: 4381926, hash: 003a0babd6718d94bf4d0559ebec1235f4d81f7075297205480e4fbadb9a31e9
1791660377.302728 runnervmmprz5 zainod-0.9.0[2988]:     at packages/zaino-chain-head-service/src/service.rs:426
1791660377.302728 runnervmmprz5 zainod-0.9.0[2988]:     in zaino_chain_head_service::service::ChainHeadService::tick
1791660377.304106 runnervmmprz5 zainod-0.9.0[2988]:   19:26:17.303  INFO zaino_chain_head_service::service: Syncing block, height: 4381927, hash: 00c8082e4868985a759c5c99a6ceb8a2537aad5e0e4fd8432cb51575b60b358d
1791660377.304106 runnervmmprz5 zainod-0.9.0[2988]:     at packages/zaino-chain-head-service/src/service.rs:426
1791660377.304106 runnervmmprz5 zainod-0.9.0[2988]:     in zaino_chain_head_service::service::ChainHeadService::tick
1791660377.305504 runnervmmprz5 zainod-0.9.0[2988]:   19:26:17.305  INFO zaino_chain_head_service::service: Syncing block, height: 4381928, hash: 00281a468ea70911dd449d52783a8b030c7d1324e3d8f23494669ae323f9e9df
1791660377.305504 runnervmmprz5 zainod-0.9.0[2988]:     at packages/zaino-chain-head-service/src/service.rs:426
1791660377.305504 runnervmmprz5 zainod-0.9.0[2988]:     in zaino_chain_head_service::service::ChainHeadService::tick
1791660377.306795 runnervmmprz5 zainod-0.9.0[2988]:   19:26:17.306  INFO zaino_chain_head_service::service: Syncing block, height: 4381929, hash: 00510f813b05ccc3c25b4cc11678ffd21b01d56c71f5b233e0788e7d27f41c29
1791660377.306795 runnervmmprz5 zainod-0.9.0[2988]:     at packages/zaino-chain-head-service/src/service.rs:426
1791660377.306795 runnervmmprz5 zainod-0.9.0[2988]:     in zaino_chain_head_service::service::ChainHeadService::tick
1791660377.315267 runnervmmprz5 zainod-0.9.0[2988]:   19:26:17.315  INFO zaino_chain_head_service::service: Syncing block, height: 4381930, hash: 00dc0f537daaee215c194f75eedaca7e879a296f8337db724f8b11afe069e28b
1791660377.315267 runnervmmprz5 zainod-0.9.0[2988]:     at packages/zaino-chain-head-service/src/service.rs:426
1791660377.315267 runnervmmprz5 zainod-0.9.0[2988]:     in zaino_chain_head_service::service::ChainHeadService::tick
1791660377.316224 runnervmmprz5 zainod-0.9.0[2988]:   19:26:17.316  INFO zaino_chain_head_service::service: Syncing block, height: 4381931, hash: 00a8b36d2900510aa31ad93d0b8ce03fe689a9d484b801fc21270cd3a0b7a00b
1791660377.316224 runnervmmprz5 zainod-0.9.0[2988]:     at packages/zaino-chain-head-service/src/service.rs:426
1791660377.316224 runnervmmprz5 zainod-0.9.0[2988]:     in zaino_chain_head_service::service::ChainHeadService::tick
1791660377.317752 runnervmmprz5 zainod-0.9.0[2988]:   19:26:17.317  INFO zaino_chain_head_service::service: Syncing block, height: 4381932, hash: 0021b66718e2a0c1fe0f4e0ce1c491656d4fdca592fcb99c8e8c3262fc64d51d
1791660377.317752 runnervmmprz5 zainod-0.9.0[2988]:     at packages/zaino-chain-head-service/src/service.rs:426
1791660377.317752 runnervmmprz5 zainod-0.9.0[2988]:     in zaino_chain_head_service::service::ChainHeadService::tick
1791660377.318999 runnervmmprz5 zainod-0.9.0[2988]:   19:26:17.318  INFO zaino_chain_head_service::service: Syncing block, height: 4381933, hash: 00327c603362c358a70297b43f1cd48de8439575c52cae2a617777727f42c71f
1791660377.318999 runnervmmprz5 zainod-0.9.0[2988]:     at packages/zaino-chain-head-service/src/service.rs:426
1791660377.318999 runnervmmprz5 zainod-0.9.0[2988]:     in zaino_chain_head_service::service::ChainHeadService::tick
1791660377.320280 runnervmmprz5 zainod-0.9.0[2988]:   19:26:17.320  INFO zaino_chain_head_service::service: Syncing block, height: 4381934, hash: 005f21a60fa9874027471b7de776cd9bc4ad9b2d846c3ef29289b5c9f451fa82
1791660377.320280 runnervmmprz5 zainod-0.9.0[2988]:     at packages/zaino-chain-head-service/src/service.rs:426
1791660377.320280 runnervmmprz5 zainod-0.9.0[2988]:     in zaino_chain_head_service::service::ChainHeadService::tick
1791660377.321920 runnervmmprz5 zainod-0.9.0[2988]:   19:26:17.321  INFO zaino_chain_head_service::service: Syncing block, height: 4381935, hash: 0001013552b48e32b166480424eb914c0b1723b96de5b6ff885f4c38504fbb38
1791660377.321920 runnervmmprz5 zainod-0.9.0[2988]:     at packages/zaino-chain-head-service/src/service.rs:426
1791660377.321920 runnervmmprz5 zainod-0.9.0[2988]:     in zaino_chain_head_service::service::ChainHeadService::tick
1791660377.323252 runnervmmprz5 zainod-0.9.0[2988]:   19:26:17.323  INFO zaino_chain_head_service::service: Syncing block, height: 4381936, hash: 00003608db94a48e0c218c2e72e4704b9451fccb51f8be454a0bd8f9539e07e2
1791660377.323252 runnervmmprz5 zainod-0.9.0[2988]:     at packages/zaino-chain-head-service/src/service.rs:426
1791660377.323252 runnervmmprz5 zainod-0.9.0[2988]:     in zaino_chain_head_service::service::ChainHeadService::tick
1791660377.325140 runnervmmprz5 zainod-0.9.0[2988]:   19:26:17.325  INFO zaino_chain_head_service::service: Syncing block, height: 4381937, hash: 001dcb7afaaa0488c2c53f56df85fc9881af58fb57443989753652d311e00f03
1791660377.325140 runnervmmprz5 zainod-0.9.0[2988]:     at packages/zaino-chain-head-service/src/service.rs:426
1791660377.325140 runnervmmprz5 zainod-0.9.0[2988]:     in zaino_chain_head_service::service::ChainHeadService::tick
1791660377.327203 runnervmmprz5 zainod-0.9.0[2988]:   19:26:17.327  INFO zaino_chain_head_service::service: Syncing block, height: 4381938, hash: 002b82ca3efff0defaa2db876f18d05a5bc7a6eb34b2a8f082dd34758a315913
1791660377.327203 runnervmmprz5 zainod-0.9.0[2988]:     at packages/zaino-chain-head-service/src/service.rs:426
1791660377.327203 runnervmmprz5 zainod-0.9.0[2988]:     in zaino_chain_head_service::service::ChainHeadService::tick
1791660377.330131 runnervmmprz5 zainod-0.9.0[2988]:   19:26:17.330  INFO zaino_chain_head_service::service: Syncing block, height: 4381939, hash: 0026f63c48be2c37ae9372c293522cc119e8d02ccbf6899040a752041a2b3c2b
1791660377.330131 runnervmmprz5 zainod-0.9.0[2988]:     at packages/zaino-chain-head-service/src/service.rs:426
1791660377.330131 runnervmmprz5 zainod-0.9.0[2988]:     in zaino_chain_head_service::service::ChainHeadService::tick
1791660377.332056 runnervmmprz5 zainod-0.9.0[2988]:   19:26:17.331  INFO zaino_chain_head_service::service: Syncing block, height: 4381940, hash: 007617421006ad8eb2bfc1ff0bdaf5e9cb154681aa1bde0865034cb430f8ea63
1791660377.332056 runnervmmprz5 zainod-0.9.0[2988]:     at packages/zaino-chain-head-service/src/service.rs:426
1791660377.332056 runnervmmprz5 zainod-0.9.0[2988]:     in zaino_chain_head_service::service::ChainHeadService::tick
1791660377.334876 runnervmmprz5 zainod-0.9.0[2988]:   19:26:17.334  INFO zaino_chain_head_service::service: Syncing block, height: 4381941, hash: 00007dbb008f8fef9f19f8d5f6f987e1ae20e43fb07b6f7299aa1674363b1f00
1791660377.334876 runnervmmprz5 zainod-0.9.0[2988]:     at packages/zaino-chain-head-service/src/service.rs:426
1791660377.334876 runnervmmprz5 zainod-0.9.0[2988]:     in zaino_chain_head_service::service::ChainHeadService::tick
1791660377.335641 runnervmmprz5 zainod-0.9.0[2988]:   19:26:17.335  INFO zaino_chain_head_service::service: Syncing block, height: 4381942, hash: 007d9644394edc5a9c3ace32260c038409fd4719eede84a255409e5b40e899d5
1791660377.335641 runnervmmprz5 zainod-0.9.0[2988]:     at packages/zaino-chain-head-service/src/service.rs:426
1791660377.335641 runnervmmprz5 zainod-0.9.0[2988]:     in zaino_chain_head_service::service::ChainHeadService::tick
1791660377.336455 runnervmmprz5 zainod-0.9.0[2988]:   19:26:17.336  INFO zaino_chain_head_service::service: Syncing block, height: 4381943, hash: 000048983b047431d5c69c39cbe17fd719fba0b64eef8301225d6904de2c5926
1791660377.336455 runnervmmprz5 zainod-0.9.0[2988]:     at packages/zaino-chain-head-service/src/service.rs:426
1791660377.336455 runnervmmprz5 zainod-0.9.0[2988]:     in zaino_chain_head_service::service::ChainHeadService::tick
1791660377.338060 runnervmmprz5 zainod-0.9.0[2988]:   19:26:17.338  INFO zaino_chain_head_service::service: Syncing block, height: 4381944, hash: 009526b547757b379f875e7dbc89448b16a867aa72bd734bfdcd61ddf16d40cd
1791660377.338060 runnervmmprz5 zainod-0.9.0[2988]:     at packages/zaino-chain-head-service/src/service.rs:426
1791660377.338060 runnervmmprz5 zainod-0.9.0[2988]:     in zaino_chain_head_service::service::ChainHeadService::tick
1791660377.339445 runnervmmprz5 zainod-0.9.0[2988]:   19:26:17.339  INFO zaino_chain_head_service::service: Syncing block, height: 4381945, hash: 0000248b719687f77c06859737db9801ad3f89ef5dd383b4cc8e0c26a2e1be21
1791660377.339445 runnervmmprz5 zainod-0.9.0[2988]:     at packages/zaino-chain-head-service/src/service.rs:426
1791660377.339445 runnervmmprz5 zainod-0.9.0[2988]:     in zaino_chain_head_service::service::ChainHeadService::tick
1791660377.341562 runnervmmprz5 zainod-0.9.0[2988]:   19:26:17.341  INFO zaino_chain_head_service::service: Syncing block, height: 4381946, hash: 0024d2101411a798b94e221b33958c83e7860e08609673323684f3b5ebd89650
1791660377.341562 runnervmmprz5 zainod-0.9.0[2988]:     at packages/zaino-chain-head-service/src/service.rs:426
1791660377.341562 runnervmmprz5 zainod-0.9.0[2988]:     in zaino_chain_head_service::service::ChainHeadService::tick
1791660377.353918 runnervmmprz5 zainod-0.9.0[2988]:   19:26:17.353  INFO zaino_chain_head_service::service: Syncing block, height: 4381947, hash: 00911e47acd3287ff969fff377fdca795b2928d23de8d1766ad484f7ef4f3ffd
1791660377.353918 runnervmmprz5 zainod-0.9.0[2988]:     at packages/zaino-chain-head-service/src/service.rs:426
1791660377.353918 runnervmmprz5 zainod-0.9.0[2988]:     in zaino_chain_head_service::service::ChainHeadService::tick
1791660377.355187 runnervmmprz5 zainod-0.9.0[2988]:   19:26:17.355  INFO zaino_chain_head_service::service: Syncing block, height: 4381948, hash: 007a3738fa21017868f7e08c96d1102cdc7b9021e3bd59e5d4d1e7984f132ff9
1791660377.355187 runnervmmprz5 zainod-0.9.0[2988]:     at packages/zaino-chain-head-service/src/service.rs:426
1791660377.355187 runnervmmprz5 zainod-0.9.0[2988]:     in zaino_chain_head_service::service::ChainHeadService::tick
1791660377.356262 runnervmmprz5 zainod-0.9.0[2988]:   19:26:17.356  INFO zaino_chain_head_service::service: Syncing block, height: 4381949, hash: 0023c2e3382c11e774d84aefa9db0e97b7141581101ba1fcb636a8872b875ff9
1791660377.356262 runnervmmprz5 zainod-0.9.0[2988]:     at packages/zaino-chain-head-service/src/service.rs:426
1791660377.356262 runnervmmprz5 zainod-0.9.0[2988]:     in zaino_chain_head_service::service::ChainHeadService::tick
1791660377.357226 runnervmmprz5 zainod-0.9.0[2988]:   19:26:17.357  INFO zaino_chain_head_service::service: Syncing block, height: 4381950, hash: 0066a875253781c995688a5f8c16e228fb4d135b3f7e7176bd35be4e5278242b
1791660377.357226 runnervmmprz5 zainod-0.9.0[2988]:     at packages/zaino-chain-head-service/src/service.rs:426
1791660377.357226 runnervmmprz5 zainod-0.9.0[2988]:     in zaino_chain_head_service::service::ChainHeadService::tick
1791660377.357746 runnervmmprz5 zainod-0.9.0[2988]:   19:26:17.357  INFO zaino_chain_head_service::service: Syncing block, height: 4381951, hash: 00004f2074207722c8fd46b5ef1d3ea02d9724e46558197ff12040b388db12ae
1791660377.357746 runnervmmprz5 zainod-0.9.0[2988]:     at packages/zaino-chain-head-service/src/service.rs:426
1791660377.357746 runnervmmprz5 zainod-0.9.0[2988]:     in zaino_chain_head_service::service::ChainHeadService::tick
1791660377.359206 runnervmmprz5 zainod-0.9.0[2988]:   19:26:17.359  INFO zaino_chain_head_service::service: Syncing block, height: 4381952, hash: 00007590685fc02aa45c153aaeeb48394033e7f53f78bcd9158bf682ab7efa88
1791660377.359206 runnervmmprz5 zainod-0.9.0[2988]:     at packages/zaino-chain-head-service/src/service.rs:426
1791660377.359206 runnervmmprz5 zainod-0.9.0[2988]:     in zaino_chain_head_service::service::ChainHeadService::tick
1791660377.360669 runnervmmprz5 zainod-0.9.0[2988]:   19:26:17.360  INFO zaino_chain_head_service::service: Syncing block, height: 4381953, hash: 00002314a9fd4a8505c35fc603bd49e4d1878f30076c6d6c00614df423436098
1791660377.360669 runnervmmprz5 zainod-0.9.0[2988]:     at packages/zaino-chain-head-service/src/service.rs:426
1791660377.360669 runnervmmprz5 zainod-0.9.0[2988]:     in zaino_chain_head_service::service::ChainHeadService::tick
1791660377.362173 runnervmmprz5 zainod-0.9.0[2988]:   19:26:17.362  INFO zaino_chain_head_service::service: Syncing block, height: 4381954, hash: 001a0757e31e0d22eee6814151cefdaaa3443314c8740b346c8986e2eceeebc4
1791660377.362173 runnervmmprz5 zainod-0.9.0[2988]:     at packages/zaino-chain-head-service/src/service.rs:426
1791660377.362173 runnervmmprz5 zainod-0.9.0[2988]:     in zaino_chain_head_service::service::ChainHeadService::tick
1791660377.362952 runnervmmprz5 zainod-0.9.0[2988]:   19:26:17.362  INFO zaino_chain_head_service::service: Syncing block, height: 4381955, hash: 0000650a985bafac5a0aab677e882cf0bbdc59f45003f179096f4d1314643afd
1791660377.362952 runnervmmprz5 zainod-0.9.0[2988]:     at packages/zaino-chain-head-service/src/service.rs:426
1791660377.362952 runnervmmprz5 zainod-0.9.0[2988]:     in zaino_chain_head_service::service::ChainHeadService::tick
1791660377.366792 runnervmmprz5 zainod-0.9.0[2988]:   19:26:17.363  INFO zaino_chain_head_service::service: Syncing block, height: 4381956, hash: 00012498ad767ce880e9a4f9fe49da82e5e29bbc19b79d3e6bd3346f187fa8ad
1791660377.366792 runnervmmprz5 zainod-0.9.0[2988]:     at packages/zaino-chain-head-service/src/service.rs:426
1791660377.366792 runnervmmprz5 zainod-0.9.0[2988]:     in zaino_chain_head_service::service::ChainHeadService::tick
1791660377.366792 runnervmmprz5 zainod-0.9.0[2988]:   19:26:17.364  INFO zaino_chain_head_service::service: Syncing block, height: 4381957, hash: 000022ef8a58af4567695d46445c9c572febc95c28ef15ce8017f2f33f19c947
1791660377.366792 runnervmmprz5 zainod-0.9.0[2988]:     at packages/zaino-chain-head-service/src/service.rs:426
1791660377.366792 runnervmmprz5 zainod-0.9.0[2988]:     in zaino_chain_head_service::service::ChainHeadService::tick
1791660377.366792 runnervmmprz5 zainod-0.9.0[2988]:   19:26:17.366  INFO zaino_chain_head_service::service: Syncing block, height: 4381958, hash: 00293de314fac83248191b51519be03e91db4112b7113fbecfc26625257e4716
1791660377.366792 runnervmmprz5 zainod-0.9.0[2988]:     at packages/zaino-chain-head-service/src/service.rs:426
1791660377.366792 runnervmmprz5 zainod-0.9.0[2988]:     in zaino_chain_head_service::service::ChainHeadService::tick
1791660377.367037 runnervmmprz5 zainod-0.9.0[2988]:   19:26:17.366  INFO zaino_chain_head_service::service: Syncing block, height: 4381959, hash: 00007eb0a0abf041ad2a015e553772da6a898fa1d5f08605f180bc9c9af265cf
1791660377.367037 runnervmmprz5 zainod-0.9.0[2988]:     at packages/zaino-chain-head-service/src/service.rs:426
1791660377.367037 runnervmmprz5 zainod-0.9.0[2988]:     in zaino_chain_head_service::service::ChainHeadService::tick
1791660377.367971 runnervmmprz5 zainod-0.9.0[2988]:   19:26:17.367  INFO zaino_chain_head_service::service: Syncing block, height: 4381960, hash: 00007663588b8446dcf616f9861cf708e22df7be5c430468b23894cd19452d5c
1791660377.367971 runnervmmprz5 zainod-0.9.0[2988]:     at packages/zaino-chain-head-service/src/service.rs:426
1791660377.367971 runnervmmprz5 zainod-0.9.0[2988]:     in zaino_chain_head_service::service::ChainHeadService::tick
1791660377.377605 runnervmmprz5 zainod-0.9.0[2988]:   19:26:17.377  INFO zaino_chain_head_service::service: Syncing block, height: 4381961, hash: 00005704ec6a9840ec08b38c925bb15c41fef5785df58648fbb3f3fe433b8568
1791660377.377605 runnervmmprz5 zainod-0.9.0[2988]:     at packages/zaino-chain-head-service/src/service.rs:426
1791660377.377605 runnervmmprz5 zainod-0.9.0[2988]:     in zaino_chain_head_service::service::ChainHeadService::tick
1791660377.378189 runnervmmprz5 zainod-0.9.0[2988]:   19:26:17.378  INFO zaino_chain_head_service::service: Syncing block, height: 4381962, hash: 000041ce4a7ffb45514951c3381074d43bf8007be3654f4f1b07f0b83ace6e49
1791660377.378189 runnervmmprz5 zainod-0.9.0[2988]:     at packages/zaino-chain-head-service/src/service.rs:426
1791660377.378189 runnervmmprz5 zainod-0.9.0[2988]:     in zaino_chain_head_service::service::ChainHeadService::tick
1791660377.378794 runnervmmprz5 zainod-0.9.0[2988]:   19:26:17.378  INFO zaino_chain_head_service::service: Syncing block, height: 4381963, hash: 00002e843b760ef2b353bc7f401c51e7cb40d97b223723a14c02984f48380c05
1791660377.378794 runnervmmprz5 zainod-0.9.0[2988]:     at packages/zaino-chain-head-service/src/service.rs:426
1791660377.378794 runnervmmprz5 zainod-0.9.0[2988]:     in zaino_chain_head_service::service::ChainHeadService::tick
1791660377.379534 runnervmmprz5 zainod-0.9.0[2988]:   19:26:17.379  INFO zaino_chain_head_service::service: Syncing block, height: 4381964, hash: 00005e55cca393dfc4ea35ebdb00358f14d945ebae144137885eeec4c02edae8
1791660377.379534 runnervmmprz5 zainod-0.9.0[2988]:     at packages/zaino-chain-head-service/src/service.rs:426
1791660377.379534 runnervmmprz5 zainod-0.9.0[2988]:     in zaino_chain_head_service::service::ChainHeadService::tick
1791660377.380539 runnervmmprz5 zainod-0.9.0[2988]:   19:26:17.380  INFO zaino_chain_head_service::service: Syncing block, height: 4381965, hash: 000060b53edde03494de4b7428eb3aa7823e225cc18102cb45c52e65f602516a
1791660377.380539 runnervmmprz5 zainod-0.9.0[2988]:     at packages/zaino-chain-head-service/src/service.rs:426
1791660377.380539 runnervmmprz5 zainod-0.9.0[2988]:     in zaino_chain_head_service::service::ChainHeadService::tick
1791660377.381581 runnervmmprz5 zainod-0.9.0[2988]:   19:26:17.381  INFO zaino_chain_head_service::service: Syncing block, height: 4381966, hash: 0000755687325a7d886982de65dfe8a65bb57e8cc7916b237368f34bb9ebc7c7
1791660377.381581 runnervmmprz5 zainod-0.9.0[2988]:     at packages/zaino-chain-head-service/src/service.rs:426
1791660377.381581 runnervmmprz5 zainod-0.9.0[2988]:     in zaino_chain_head_service::service::ChainHeadService::tick
1791660377.382671 runnervmmprz5 zainod-0.9.0[2988]:   19:26:17.382  INFO zaino_chain_head_service::service: Syncing block, height: 4381967, hash: 00000e12be1da2923afa461d5a239f57fe63cdd51509fadfef0354f65c3af069
1791660377.382671 runnervmmprz5 zainod-0.9.0[2988]:     at packages/zaino-chain-head-service/src/service.rs:426
1791660377.382671 runnervmmprz5 zainod-0.9.0[2988]:     in zaino_chain_head_service::service::ChainHeadService::tick
1791660377.394214 runnervmmprz5 zainod-0.9.0[2988]:   19:26:17.394  INFO zaino_chain_head_service::service: Syncing block, height: 4381968, hash: 000045d088e8df097cb62159badcb0f8114ad8b6bfa7c94fe3eede756ff15f4b
1791660377.394214 runnervmmprz5 zainod-0.9.0[2988]:     at packages/zaino-chain-head-service/src/service.rs:426
1791660377.394214 runnervmmprz5 zainod-0.9.0[2988]:     in zaino_chain_head_service::service::ChainHeadService::tick
1791660377.394693 runnervmmprz5 zainod-0.9.0[2988]:   19:26:17.394  INFO zaino_chain_head_service::service: Syncing block, height: 4381969, hash: 00000f2e5059ba8f8ff79bebf46964f44b90511181a53a6d453039387c775842
1791660377.394693 runnervmmprz5 zainod-0.9.0[2988]:     at packages/zaino-chain-head-service/src/service.rs:426
1791660377.394693 runnervmmprz5 zainod-0.9.0[2988]:     in zaino_chain_head_service::service::ChainHeadService::tick
1791660377.395502 runnervmmprz5 zainod-0.9.0[2988]:   19:26:17.395  INFO zaino_chain_head_service::service: Syncing block, height: 4381970, hash: 00001d66c4fb933e08d5929e644a99e47c24b217b333b0cd77be0ee26d71ba4c
1791660377.395502 runnervmmprz5 zainod-0.9.0[2988]:     at packages/zaino-chain-head-service/src/service.rs:426
1791660377.395502 runnervmmprz5 zainod-0.9.0[2988]:     in zaino_chain_head_service::service::ChainHeadService::tick
1791660377.397235 runnervmmprz5 zainod-0.9.0[2988]:   19:26:17.397  INFO zaino_chain_head_service::service: Syncing block, height: 4381971, hash: 0056134367a551b9329aa41083b3f56b84cfe332272ceabd5d079443eace3cb5
1791660377.397235 runnervmmprz5 zainod-0.9.0[2988]:     at packages/zaino-chain-head-service/src/service.rs:426
1791660377.397235 runnervmmprz5 zainod-0.9.0[2988]:     in zaino_chain_head_service::service::ChainHeadService::tick
1791660377.397853 runnervmmprz5 zainod-0.9.0[2988]:   19:26:17.397  INFO zaino_chain_head_service::service: Syncing block, height: 4381972, hash: 000023fda2f5ee3e27e7b38362c10fa9e37ef4e45a6cc110b7e627d9a02ccadf
1791660377.397853 runnervmmprz5 zainod-0.9.0[2988]:     at packages/zaino-chain-head-service/src/service.rs:426
1791660377.397853 runnervmmprz5 zainod-0.9.0[2988]:     in zaino_chain_head_service::service::ChainHeadService::tick
1791660377.398483 runnervmmprz5 zainod-0.9.0[2988]:   19:26:17.398  INFO zaino_chain_head_service::service: Syncing block, height: 4381973, hash: 000055ad8431de934bc2df3214f9c392ff8d7404b95ddc25e47a6525b4a1c9a4
1791660377.398483 runnervmmprz5 zainod-0.9.0[2988]:     at packages/zaino-chain-head-service/src/service.rs:426
1791660377.398483 runnervmmprz5 zainod-0.9.0[2988]:     in zaino_chain_head_service::service::ChainHeadService::tick
1791660377.400578 runnervmmprz5 zainod-0.9.0[2988]:   19:26:17.400  INFO zaino_chain_head_service::service: Syncing block, height: 4381974, hash: 00003911500063b1fd015bfb5881609b32843267714595a31715f0d709e1f133
1791660377.400578 runnervmmprz5 zainod-0.9.0[2988]:     at packages/zaino-chain-head-service/src/service.rs:426
1791660377.400578 runnervmmprz5 zainod-0.9.0[2988]:     in zaino_chain_head_service::service::ChainHeadService::tick
1791660377.401080 runnervmmprz5 zainod-0.9.0[2988]:   19:26:17.401  INFO zaino_chain_head_service::service: Syncing block, height: 4381975, hash: 00006a51c50a13b569239f724ad2ccc882ed4835ea1887a2ac923aec901f1b4e
1791660377.401080 runnervmmprz5 zainod-0.9.0[2988]:     at packages/zaino-chain-head-service/src/service.rs:426
1791660377.401080 runnervmmprz5 zainod-0.9.0[2988]:     in zaino_chain_head_service::service::ChainHeadService::tick
1791660377.401708 runnervmmprz5 zainod-0.9.0[2988]:   19:26:17.401  INFO zaino_chain_head_service::service: Syncing block, height: 4381976, hash: 00005ed10f9c6801ead18e0fa80ba05f641b5186c7ef3f05bf466df12863a5c8
1791660377.401708 runnervmmprz5 zainod-0.9.0[2988]:     at packages/zaino-chain-head-service/src/service.rs:426
1791660377.401708 runnervmmprz5 zainod-0.9.0[2988]:     in zaino_chain_head_service::service::ChainHeadService::tick
1791660377.402491 runnervmmprz5 zainod-0.9.0[2988]:   19:26:17.402  INFO zaino_chain_head_service::service: Syncing block, height: 4381977, hash: 00000fde049a8b97aa5133d68e0ea177e4a636c25649188de246868ae246d762
1791660377.402491 runnervmmprz5 zainod-0.9.0[2988]:     at packages/zaino-chain-head-service/src/service.rs:426
1791660377.402491 runnervmmprz5 zainod-0.9.0[2988]:     in zaino_chain_head_service::service::ChainHeadService::tick
1791660377.403671 runnervmmprz5 zainod-0.9.0[2988]:   19:26:17.403  INFO zaino_chain_head_service::service: Syncing block, height: 4381978, hash: 000079e9c2b7a5a0b77de8a2dfbf95a1944a6d6a46f94e4185a494f9d5faace3
1791660377.403671 runnervmmprz5 zainod-0.9.0[2988]:     at packages/zaino-chain-head-service/src/service.rs:426
1791660377.403671 runnervmmprz5 zainod-0.9.0[2988]:     in zaino_chain_head_service::service::ChainHeadService::tick
1791660377.414115 runnervmmprz5 zainod-0.9.0[2988]:   19:26:17.414  INFO zaino_chain_head_service::service: Syncing block, height: 4381979, hash: 000068e1e4284a5e6391c6ce31736058fb1d7f092e216ca7cf0724f3055647b8
1791660377.414115 runnervmmprz5 zainod-0.9.0[2988]:     at packages/zaino-chain-head-service/src/service.rs:426
1791660377.414115 runnervmmprz5 zainod-0.9.0[2988]:     in zaino_chain_head_service::service::ChainHeadService::tick
1791660377.414857 runnervmmprz5 zainod-0.9.0[2988]:   19:26:17.414  INFO zaino_chain_head_service::service: Syncing block, height: 4381980, hash: 0000632f3848f9ef9dd7920f3fa19bb52e0dec58baeae09c4d892fb5d0c52ef1
1791660377.414857 runnervmmprz5 zainod-0.9.0[2988]:     at packages/zaino-chain-head-service/src/service.rs:426
1791660377.414857 runnervmmprz5 zainod-0.9.0[2988]:     in zaino_chain_head_service::service::ChainHeadService::tick
1791660377.416315 runnervmmprz5 zainod-0.9.0[2988]:   19:26:17.416  INFO zaino_chain_head_service::service: Syncing block, height: 4381981, hash: 001d81797cb05099aa7a4de7cd9682b81b07cce1335c9ca91ea1ee161801b530
1791660377.416315 runnervmmprz5 zainod-0.9.0[2988]:     at packages/zaino-chain-head-service/src/service.rs:426
1791660377.416315 runnervmmprz5 zainod-0.9.0[2988]:     in zaino_chain_head_service::service::ChainHeadService::tick
1791660377.417123 runnervmmprz5 zainod-0.9.0[2988]:   19:26:17.417  INFO zaino_chain_head_service::service: Syncing block, height: 4381982, hash: 00001299f0dc5a807783d9b7b5e7a2fa0924e921690ef2331c607c56856ade98
1791660377.417123 runnervmmprz5 zainod-0.9.0[2988]:     at packages/zaino-chain-head-service/src/service.rs:426
1791660377.417123 runnervmmprz5 zainod-0.9.0[2988]:     in zaino_chain_head_service::service::ChainHeadService::tick
1791660377.417830 runnervmmprz5 zainod-0.9.0[2988]:   19:26:17.417  INFO zaino_chain_head_service::service: Syncing block, height: 4381983, hash: 001261eeaaf2be33adb472e8172d436a59eca2eb279fe00f23c0d48d7bcdd7d0
1791660377.417830 runnervmmprz5 zainod-0.9.0[2988]:     at packages/zaino-chain-head-service/src/service.rs:426
1791660377.417830 runnervmmprz5 zainod-0.9.0[2988]:     in zaino_chain_head_service::service::ChainHeadService::tick
1791660377.419375 runnervmmprz5 zainod-0.9.0[2988]:   19:26:17.419  INFO zaino_chain_head_service::service: Syncing block, height: 4381984, hash: 00001e36f6bdfd26c6605995a7b8bc8355013e36272ddef132f0638ff17136c4
1791660377.419375 runnervmmprz5 zainod-0.9.0[2988]:     at packages/zaino-chain-head-service/src/service.rs:426
1791660377.419375 runnervmmprz5 zainod-0.9.0[2988]:     in zaino_chain_head_service::service::ChainHeadService::tick
1791660377.420357 runnervmmprz5 zainod-0.9.0[2988]:   19:26:17.420  INFO zaino_chain_head_service::service: Syncing block, height: 4381985, hash: 000a7a25fa450e543746ebba0929edeff39c419a8863ae252c4ab0227a8ffb27
1791660377.420357 runnervmmprz5 zainod-0.9.0[2988]:     at packages/zaino-chain-head-service/src/service.rs:426
1791660377.420357 runnervmmprz5 zainod-0.9.0[2988]:     in zaino_chain_head_service::service::ChainHeadService::tick
1791660377.421246 runnervmmprz5 zainod-0.9.0[2988]:   19:26:17.421  INFO zaino_chain_head_service::service: Syncing block, height: 4381986, hash: 00003e0303d43ba73925d6eea43cc3ebc014c046ba6c5377f3ff1734118b6f51
1791660377.421246 runnervmmprz5 zainod-0.9.0[2988]:     at packages/zaino-chain-head-service/src/service.rs:426
1791660377.421246 runnervmmprz5 zainod-0.9.0[2988]:     in zaino_chain_head_service::service::ChainHeadService::tick
1791660377.422067 runnervmmprz5 zainod-0.9.0[2988]:   19:26:17.422  INFO zaino_chain_head_service::service: Syncing block, height: 4381987, hash: 00006a2186f50e37cc21750b7108da5a5e2856e61207b22a9c6d64713504581c
1791660377.422067 runnervmmprz5 zainod-0.9.0[2988]:     at packages/zaino-chain-head-service/src/service.rs:426
1791660377.422067 runnervmmprz5 zainod-0.9.0[2988]:     in zaino_chain_head_service::service::ChainHeadService::tick
1791660377.435215 runnervmmprz5 zainod-0.9.0[2988]:   19:26:17.435  INFO zaino_chain_head_service::service: Syncing block, height: 4381988, hash: 002bb5fcfa73272a4480477f2ce4452fa0183409d4765ece4b844f67cddd33f5
1791660377.435215 runnervmmprz5 zainod-0.9.0[2988]:     at packages/zaino-chain-head-service/src/service.rs:426
1791660377.435215 runnervmmprz5 zainod-0.9.0[2988]:     in zaino_chain_head_service::service::ChainHeadService::tick
1791660377.436499 runnervmmprz5 zainod-0.9.0[2988]:   19:26:17.436  INFO zaino_chain_head_service::service: Syncing block, height: 4381989, hash: 000077d4b0bc5fa8d6ecf86aa0811a3302fcd09187fcc9eea68d8c3e49607beb
1791660377.436499 runnervmmprz5 zainod-0.9.0[2988]:     at packages/zaino-chain-head-service/src/service.rs:426
1791660377.436499 runnervmmprz5 zainod-0.9.0[2988]:     in zaino_chain_head_service::service::ChainHeadService::tick
1791660377.436735 runnervmmprz5 zainod-0.9.0[2988]:   19:26:17.436  INFO zaino_chain_head_service::service: Syncing block, height: 4381990, hash: 0000690d898ed436963530cf81a3c71ae2cabb4de81b44183ce487b3921b5099
1791660377.436735 runnervmmprz5 zainod-0.9.0[2988]:     at packages/zaino-chain-head-service/src/service.rs:426
1791660377.436735 runnervmmprz5 zainod-0.9.0[2988]:     in zaino_chain_head_service::service::ChainHeadService::tick
1791660377.438053 runnervmmprz5 zainod-0.9.0[2988]:   19:26:17.438  INFO zaino_chain_head_service::service: Syncing block, height: 4381991, hash: 000ad374c29ff34f1526420cf8dc692c38fe8c4bb60c97d504fcca92d4724a4a
1791660377.438053 runnervmmprz5 zainod-0.9.0[2988]:     at packages/zaino-chain-head-service/src/service.rs:426
1791660377.438053 runnervmmprz5 zainod-0.9.0[2988]:     in zaino_chain_head_service::service::ChainHeadService::tick
1791660377.439100 runnervmmprz5 zainod-0.9.0[2988]:   19:26:17.439  INFO zaino_chain_head_service::service: Syncing block, height: 4381992, hash: 0000e9b111982547b1e1e0d955b83553435e1c0ec0f3c59e750e2a419e9a8184
1791660377.439100 runnervmmprz5 zainod-0.9.0[2988]:     at packages/zaino-chain-head-service/src/service.rs:426
1791660377.439100 runnervmmprz5 zainod-0.9.0[2988]:     in zaino_chain_head_service::service::ChainHeadService::tick
1791660377.439941 runnervmmprz5 zainod-0.9.0[2988]:   19:26:17.439  INFO zaino_chain_head_service::service: Syncing block, height: 4381993, hash: 000072b704d6f061c1adbc424c1f477b3cb90ff3c9247350816cbbb7726d1e33
1791660377.439941 runnervmmprz5 zainod-0.9.0[2988]:     at packages/zaino-chain-head-service/src/service.rs:426
1791660377.439941 runnervmmprz5 zainod-0.9.0[2988]:     in zaino_chain_head_service::service::ChainHeadService::tick
1791660377.441248 runnervmmprz5 zainod-0.9.0[2988]:   19:26:17.441  INFO zaino_chain_head_service::service: Syncing block, height: 4381994, hash: 0000302f7a3095989859116c517a69b9229cbbf40d619c69343f763255240fa7
1791660377.441248 runnervmmprz5 zainod-0.9.0[2988]:     at packages/zaino-chain-head-service/src/service.rs:426
1791660377.441248 runnervmmprz5 zainod-0.9.0[2988]:     in zaino_chain_head_service::service::ChainHeadService::tick
1791660377.442495 runnervmmprz5 zainod-0.9.0[2988]:   19:26:17.442  INFO zaino_chain_head_service::service: Syncing block, height: 4381995, hash: 00007659178c420272338b29dc734540296b03bb7267a7de3babf7dafe12e850
1791660377.442495 runnervmmprz5 zainod-0.9.0[2988]:     at packages/zaino-chain-head-service/src/service.rs:426
1791660377.442495 runnervmmprz5 zainod-0.9.0[2988]:     in zaino_chain_head_service::service::ChainHeadService::tick
1791660377.444543 runnervmmprz5 zainod-0.9.0[2988]:   19:26:17.444  INFO zaino_chain_head_service::service: Syncing block, height: 4381996, hash: 00004cb777938b72dee085bf27c76df686c80fb462359a9c036a274e6773c94f
1791660377.444543 runnervmmprz5 zainod-0.9.0[2988]:     at packages/zaino-chain-head-service/src/service.rs:426
1791660377.444543 runnervmmprz5 zainod-0.9.0[2988]:     in zaino_chain_head_service::service::ChainHeadService::tick
1791660377.445536 runnervmmprz5 zainod-0.9.0[2988]:   19:26:17.445  INFO zaino_chain_head_service::service: Syncing block, height: 4381997, hash: 00006b217397897ca3a0c51fd69bc108f916a57d3ad7b46c24b00c5bc1229b6c
1791660377.445536 runnervmmprz5 zainod-0.9.0[2988]:     at packages/zaino-chain-head-service/src/service.rs:426
1791660377.445536 runnervmmprz5 zainod-0.9.0[2988]:     in zaino_chain_head_service::service::ChainHeadService::tick
1791660377.446605 runnervmmprz5 zainod-0.9.0[2988]:   19:26:17.446  INFO zaino_chain_head_service::service: Syncing block, height: 4381998, hash: 0000718180af3a03d7f09394e1e2ecc58562239827483b333571b025983ff4ef
1791660377.446605 runnervmmprz5 zainod-0.9.0[2988]:     at packages/zaino-chain-head-service/src/service.rs:426
1791660377.446605 runnervmmprz5 zainod-0.9.0[2988]:     in zaino_chain_head_service::service::ChainHeadService::tick
1791660377.448228 runnervmmprz5 zainod-0.9.0[2988]:   19:26:17.448  INFO zaino_chain_head_service::service: Syncing block, height: 4381999, hash: 002d5f67080a29750ca496aaae2a7ee3ec41a59623d5244865321fd8e97505b4
1791660377.448228 runnervmmprz5 zainod-0.9.0[2988]:     at packages/zaino-chain-head-service/src/service.rs:426
1791660377.448228 runnervmmprz5 zainod-0.9.0[2988]:     in zaino_chain_head_service::service::ChainHeadService::tick
1791660377.449720 runnervmmprz5 zainod-0.9.0[2988]:   19:26:17.449  INFO zaino_chain_head_service::service: Syncing block, height: 4382000, hash: 00005d74e341bb4ca6ff149f57af555829081ad2522751f86bb7b7d36c7c15ee
1791660377.449720 runnervmmprz5 zainod-0.9.0[2988]:     at packages/zaino-chain-head-service/src/service.rs:426
1791660377.449720 runnervmmprz5 zainod-0.9.0[2988]:     in zaino_chain_head_service::service::ChainHeadService::tick
1791660377.450943 runnervmmprz5 zainod-0.9.0[2988]:   19:26:17.450  INFO zaino_chain_head_service::service: Syncing block, height: 4382001, hash: 000021c82b63e2d2b48f7ae3869b1f4575704088638e9e01b6d823954f3d47af
1791660377.450943 runnervmmprz5 zainod-0.9.0[2988]:     at packages/zaino-chain-head-service/src/service.rs:426
1791660377.450943 runnervmmprz5 zainod-0.9.0[2988]:     in zaino_chain_head_service::service::ChainHeadService::tick
1791660377.452930 runnervmmprz5 zainod-0.9.0[2988]:   19:26:17.452  INFO zaino_chain_head_service::service: Syncing block, height: 4382002, hash: 00201525057ca31ca72f550588032ee92dc7f738fd127c89f67421872e093cf8
1791660377.452930 runnervmmprz5 zainod-0.9.0[2988]:     at packages/zaino-chain-head-service/src/service.rs:426
1791660377.452930 runnervmmprz5 zainod-0.9.0[2988]:     in zaino_chain_head_service::service::ChainHeadService::tick
1791660377.453512 runnervmmprz5 zainod-0.9.0[2988]:   19:26:17.453  INFO zaino_chain_head_service::service: Syncing block, height: 4382003, hash: 000013fcb8ef6f21a72c1ade4ad136e15d5349d20c5500c56108bf7bdd83478c
1791660377.453512 runnervmmprz5 zainod-0.9.0[2988]:     at packages/zaino-chain-head-service/src/service.rs:426
1791660377.453512 runnervmmprz5 zainod-0.9.0[2988]:     in zaino_chain_head_service::service::ChainHeadService::tick
1791660377.463086 runnervmmprz5 zainod-0.9.0[2988]:   19:26:17.463  INFO zaino_chain_head_service::service: Syncing block, height: 4382004, hash: 00007b39a5ea6ec38b8eb3a8d701cd1c56c1074adc1926c5a4abca7683351e7a
1791660377.463086 runnervmmprz5 zainod-0.9.0[2988]:     at packages/zaino-chain-head-service/src/service.rs:426
1791660377.463086 runnervmmprz5 zainod-0.9.0[2988]:     in zaino_chain_head_service::service::ChainHeadService::tick
1791660377.465525 runnervmmprz5 zainod-0.9.0[2988]:   19:26:17.465  INFO zaino_chain_head_service::service: Syncing block, height: 4382005, hash: 00004f2957d034fed7a89dbf73015e536370a9e66884a35bb32a9dbd9b0e7dc7
1791660377.465525 runnervmmprz5 zainod-0.9.0[2988]:     at packages/zaino-chain-head-service/src/service.rs:426
1791660377.465525 runnervmmprz5 zainod-0.9.0[2988]:     in zaino_chain_head_service::service::ChainHeadService::tick
1791660377.466260 runnervmmprz5 zainod-0.9.0[2988]:   19:26:17.466  INFO zaino_chain_head_service::service: Syncing block, height: 4382006, hash: 0000182ef7007173f2425c9338135ffdc135c3438dd2c90890edb6154c314b2a
1791660377.466260 runnervmmprz5 zainod-0.9.0[2988]:     at packages/zaino-chain-head-service/src/service.rs:426
1791660377.466260 runnervmmprz5 zainod-0.9.0[2988]:     in zaino_chain_head_service::service::ChainHeadService::tick
1791660377.467279 runnervmmprz5 zainod-0.9.0[2988]:   19:26:17.467  INFO zaino_chain_head_service::service: Syncing block, height: 4382007, hash: 0000036715e8ece06793cf1f390d67d2f5ec22c5353e5d2c610dcbfde7195824
1791660377.467279 runnervmmprz5 zainod-0.9.0[2988]:     at packages/zaino-chain-head-service/src/service.rs:426
1791660377.467279 runnervmmprz5 zainod-0.9.0[2988]:     in zaino_chain_head_service::service::ChainHeadService::tick
1791660377.467889 runnervmmprz5 zainod-0.9.0[2988]:   19:26:17.467  INFO zaino_chain_head_service::service: Syncing block, height: 4382008, hash: 00005f9fac8d0eb8b72a9f1fbc9d1d0d7958c5981ffc115e388da9e4a374aeca
1791660377.467889 runnervmmprz5 zainod-0.9.0[2988]:     at packages/zaino-chain-head-service/src/service.rs:426
1791660377.467889 runnervmmprz5 zainod-0.9.0[2988]:     in zaino_chain_head_service::service::ChainHeadService::tick
1791660377.469374 runnervmmprz5 zainod-0.9.0[2988]:   19:26:17.469  INFO zaino_chain_head_service::service: Syncing block, height: 4382009, hash: 00005e36c91642c04c3334e594786526f71a75ff4f8002e4be6ec535bb15a4c6
1791660377.469374 runnervmmprz5 zainod-0.9.0[2988]:     at packages/zaino-chain-head-service/src/service.rs:426
1791660377.469374 runnervmmprz5 zainod-0.9.0[2988]:     in zaino_chain_head_service::service::ChainHeadService::tick
1791660377.470796 runnervmmprz5 zainod-0.9.0[2988]:   19:26:17.470  INFO zaino_chain_head_service::service: Syncing block, height: 4382010, hash: 00006e50513c1e480670165459fe68dc7f320234388cbf8664e9241935594830
1791660377.470796 runnervmmprz5 zainod-0.9.0[2988]:     at packages/zaino-chain-head-service/src/service.rs:426
1791660377.470796 runnervmmprz5 zainod-0.9.0[2988]:     in zaino_chain_head_service::service::ChainHeadService::tick
1791660377.471486 runnervmmprz5 zainod-0.9.0[2988]:   19:26:17.471  INFO zaino_chain_head_service::service: Syncing block, height: 4382011, hash: 000071b2d341cc18e4d6afe641cbeebb6cf7a8aa4ee8aecf05fbbf552a237fb7
1791660377.471486 runnervmmprz5 zainod-0.9.0[2988]:     at packages/zaino-chain-head-service/src/service.rs:426
1791660377.471486 runnervmmprz5 zainod-0.9.0[2988]:     in zaino_chain_head_service::service::ChainHeadService::tick
1791660377.472632 runnervmmprz5 zainod-0.9.0[2988]:   19:26:17.472  INFO zaino_chain_head_service::service: Syncing block, height: 4382012, hash: 001513ed1415c73e29b6832d5fb08584aeea49a1a01e7ec892f60dc0e0b105b4
1791660377.472632 runnervmmprz5 zainod-0.9.0[2988]:     at packages/zaino-chain-head-service/src/service.rs:426
1791660377.472632 runnervmmprz5 zainod-0.9.0[2988]:     in zaino_chain_head_service::service::ChainHeadService::tick
1791660377.473386 runnervmmprz5 zainod-0.9.0[2988]:   19:26:17.473  INFO zaino_chain_head_service::service: Syncing block, height: 4382013, hash: 000010738154982e69f28fbe8d0d05f8f2095fcd9ab4a81f88bd7f100e2b4d69
1791660377.473386 runnervmmprz5 zainod-0.9.0[2988]:     at packages/zaino-chain-head-service/src/service.rs:426
1791660377.473386 runnervmmprz5 zainod-0.9.0[2988]:     in zaino_chain_head_service::service::ChainHeadService::tick
1791660377.483546 runnervmmprz5 zainod-0.9.0[2988]:   19:26:17.483  INFO zaino_chain_head_service::service: Syncing block, height: 4382014, hash: 00002e2aaf27f38837350c7e2f9b697e15d855a575b262f923c936a43e6a9f88
1791660377.483546 runnervmmprz5 zainod-0.9.0[2988]:     at packages/zaino-chain-head-service/src/service.rs:426
1791660377.483546 runnervmmprz5 zainod-0.9.0[2988]:     in zaino_chain_head_service::service::ChainHeadService::tick
1791660377.484094 runnervmmprz5 zainod-0.9.0[2988]:   19:26:17.484  INFO zaino_chain_head_service::service: Syncing block, height: 4382015, hash: 0000274f0f784a6c71b163b329d6219346d039535e6ebf5c0b1e5d5eff043762
1791660377.484094 runnervmmprz5 zainod-0.9.0[2988]:     at packages/zaino-chain-head-service/src/service.rs:426
1791660377.484094 runnervmmprz5 zainod-0.9.0[2988]:     in zaino_chain_head_service::service::ChainHeadService::tick
1791660377.486367 runnervmmprz5 zainod-0.9.0[2988]:   19:26:17.486  INFO zaino_chain_head_service::service: Syncing block, height: 4382016, hash: 0000517e5baa159b7a4dfc70697a4019f9599836819459cf4373af918ead79d1
1791660377.486367 runnervmmprz5 zainod-0.9.0[2988]:     at packages/zaino-chain-head-service/src/service.rs:426
1791660377.486367 runnervmmprz5 zainod-0.9.0[2988]:     in zaino_chain_head_service::service::ChainHeadService::tick
1791660377.486976 runnervmmprz5 zainod-0.9.0[2988]:   19:26:17.486  INFO zaino_chain_head_service::service: Syncing block, height: 4382017, hash: 001e85d82366208412f2034da94ac401c954202dee2da9f65bb6383b4d2d613b
1791660377.486976 runnervmmprz5 zainod-0.9.0[2988]:     at packages/zaino-chain-head-service/src/service.rs:426
1791660377.486976 runnervmmprz5 zainod-0.9.0[2988]:     in zaino_chain_head_service::service::ChainHeadService::tick
1791660377.488349 runnervmmprz5 zainod-0.9.0[2988]:   19:26:17.488  INFO zaino_chain_head_service::service: Syncing block, height: 4382018, hash: 00001186249d8e18756c4f0dc5fcde877e7ee52062c3ec163f296c18351f5017
1791660377.488349 runnervmmprz5 zainod-0.9.0[2988]:     at packages/zaino-chain-head-service/src/service.rs:426
1791660377.488349 runnervmmprz5 zainod-0.9.0[2988]:     in zaino_chain_head_service::service::ChainHeadService::tick
1791660377.489204 runnervmmprz5 zainod-0.9.0[2988]:   19:26:17.489  INFO zaino_chain_head_service::service: Syncing block, height: 4382019, hash: 0000296ebadd0c0c491a38a142f6f9a418a0e35302178c7ca4b8c13bc0b7e74f
1791660377.489204 runnervmmprz5 zainod-0.9.0[2988]:     at packages/zaino-chain-head-service/src/service.rs:426
1791660377.489204 runnervmmprz5 zainod-0.9.0[2988]:     in zaino_chain_head_service::service::ChainHeadService::tick
1791660377.489953 runnervmmprz5 zainod-0.9.0[2988]:   19:26:17.489  INFO zaino_chain_head_service::service: Syncing block, height: 4382020, hash: 000056ef5ec7e0cefd4fb1e1bad40697bcf47be706da955d5927dc55299b1481
1791660377.489953 runnervmmprz5 zainod-0.9.0[2988]:     at packages/zaino-chain-head-service/src/service.rs:426
1791660377.489953 runnervmmprz5 zainod-0.9.0[2988]:     in zaino_chain_head_service::service::ChainHeadService::tick
1791660377.491176 runnervmmprz5 zainod-0.9.0[2988]:   19:26:17.491  INFO zaino_chain_head_service::service: Syncing block, height: 4382021, hash: 00007cad927b41c3ae557e1f3ad21856345b1c9ecef75d700baa9f6695926f4b
1791660377.491176 runnervmmprz5 zainod-0.9.0[2988]:     at packages/zaino-chain-head-service/src/service.rs:426
1791660377.491176 runnervmmprz5 zainod-0.9.0[2988]:     in zaino_chain_head_service::service::ChainHeadService::tick
1791660377.492375 runnervmmprz5 zainod-0.9.0[2988]:   19:26:17.492  INFO zaino_chain_head_service::service: Syncing block, height: 4382022, hash: 0000562f1edbd30d595a34d5571173bc02e9e7ce5b88736993ead2af894fb2db
1791660377.492375 runnervmmprz5 zainod-0.9.0[2988]:     at packages/zaino-chain-head-service/src/service.rs:426
1791660377.492375 runnervmmprz5 zainod-0.9.0[2988]:     in zaino_chain_head_service::service::ChainHeadService::tick
1791660377.500853 runnervmmprz5 zainod-0.9.0[2988]:   19:26:17.500  INFO zaino_chain_head_service::service: Syncing block, height: 4382023, hash: 00006995b7896533975dfe89168e116e2265feb221291159c38328d704ca8ece
1791660377.500853 runnervmmprz5 zainod-0.9.0[2988]:     at packages/zaino-chain-head-service/src/service.rs:426
1791660377.500853 runnervmmprz5 zainod-0.9.0[2988]:     in zaino_chain_head_service::service::ChainHeadService::tick
1791660377.501514 runnervmmprz5 zainod-0.9.0[2988]:   19:26:17.501  INFO zaino_chain_head_service::service: Syncing block, height: 4382024, hash: 000022e8425b043251a1c54ef50ddb5f8140367ecaa5132160dc4a77a5ba32e6
1791660377.501514 runnervmmprz5 zainod-0.9.0[2988]:     at packages/zaino-chain-head-service/src/service.rs:426
1791660377.501514 runnervmmprz5 zainod-0.9.0[2988]:     in zaino_chain_head_service::service::ChainHeadService::tick
1791660377.502429 runnervmmprz5 zainod-0.9.0[2988]:   19:26:17.502  INFO zaino_chain_head_service::service: Syncing block, height: 4382025, hash: 0000647510f2a7feb1fb7c4faa8cd6765a810153d08d6908c30145b0d254704c
1791660377.502429 runnervmmprz5 zainod-0.9.0[2988]:     at packages/zaino-chain-head-service/src/service.rs:426
1791660377.502429 runnervmmprz5 zainod-0.9.0[2988]:     in zaino_chain_head_service::service::ChainHeadService::tick
1791660377.503508 runnervmmprz5 zainod-0.9.0[2988]:   19:26:17.503  INFO zaino_chain_head_service::service: Syncing block, height: 4382026, hash: 0000422c03dd233adc330f5985b7130dc50732f6605f376663b206b988110160
1791660377.503508 runnervmmprz5 zainod-0.9.0[2988]:     at packages/zaino-chain-head-service/src/service.rs:426
1791660377.503508 runnervmmprz5 zainod-0.9.0[2988]:     in zaino_chain_head_service::service::ChainHeadService::tick
1791660377.504022 runnervmmprz5 zainod-0.9.0[2988]:   19:26:17.503  INFO zaino_chain_head_service::service: Syncing block, height: 4382027, hash: 0000439468baa368a45055d3b532025480d302d7bb74dfca7b9c72f3bf0a81c1
1791660377.504022 runnervmmprz5 zainod-0.9.0[2988]:     at packages/zaino-chain-head-service/src/service.rs:426
1791660377.504022 runnervmmprz5 zainod-0.9.0[2988]:     in zaino_chain_head_service::service::ChainHeadService::tick
1791660377.505263 runnervmmprz5 zainod-0.9.0[2988]:   19:26:17.505  INFO zaino_chain_head_service::service: Syncing block, height: 4382028, hash: 000011a8ad654b8b950ac1b2331eb1aaa1e1eb5a03f248ff7a250b4570ec8688
1791660377.505263 runnervmmprz5 zainod-0.9.0[2988]:     at packages/zaino-chain-head-service/src/service.rs:426
1791660377.505263 runnervmmprz5 zainod-0.9.0[2988]:     in zaino_chain_head_service::service::ChainHeadService::tick
1791660377.506276 runnervmmprz5 zainod-0.9.0[2988]:   19:26:17.506  INFO zaino_chain_head_service::service: Syncing block, height: 4382029, hash: 000034e962554f6916f04b01dd33b3295f5f268e93f89a5d721e7ef8204aac83
1791660377.506276 runnervmmprz5 zainod-0.9.0[2988]:     at packages/zaino-chain-head-service/src/service.rs:426
1791660377.506276 runnervmmprz5 zainod-0.9.0[2988]:     in zaino_chain_head_service::service::ChainHeadService::tick
1791660377.506984 runnervmmprz5 zainod-0.9.0[2988]:   19:26:17.506  INFO zaino_chain_head_service::service: Syncing block, height: 4382030, hash: 00007d8ee4d36c74cabef580493e9aaf4f3203b793d2d4ec11e8e89b476e0c18
1791660377.506984 runnervmmprz5 zainod-0.9.0[2988]:     at packages/zaino-chain-head-service/src/service.rs:426
1791660377.506984 runnervmmprz5 zainod-0.9.0[2988]:     in zaino_chain_head_service::service::ChainHeadService::tick
1791660377.507939 runnervmmprz5 zainod-0.9.0[2988]:   19:26:17.507  INFO zaino_chain_head_service::service: Syncing block, height: 4382031, hash: 000064b8807fbb759fec5af73c12a92b5b2fc8c47972ab99195a9f055eab3942
1791660377.507939 runnervmmprz5 zainod-0.9.0[2988]:     at packages/zaino-chain-head-service/src/service.rs:426
1791660377.507939 runnervmmprz5 zainod-0.9.0[2988]:     in zaino_chain_head_service::service::ChainHeadService::tick
1791660377.508635 runnervmmprz5 zainod-0.9.0[2988]:   19:26:17.508  INFO zaino_chain_head_service::service: Syncing block, height: 4382032, hash: 00007a33604142e5c8a6e63651957185cefea115ab30cb7210081e9091c9ad81
1791660377.508635 runnervmmprz5 zainod-0.9.0[2988]:     at packages/zaino-chain-head-service/src/service.rs:426
1791660377.508635 runnervmmprz5 zainod-0.9.0[2988]:     in zaino_chain_head_service::service::ChainHeadService::tick
1791660377.509736 runnervmmprz5 zainod-0.9.0[2988]:   19:26:17.509  INFO zaino_chain_head_service::service: Syncing block, height: 4382033, hash: 000077978bbef4d482e1cc76f2c4a74a02de048cfc5611f870cf12ff57135df4
1791660377.509736 runnervmmprz5 zainod-0.9.0[2988]:     at packages/zaino-chain-head-service/src/service.rs:426
1791660377.509736 runnervmmprz5 zainod-0.9.0[2988]:     in zaino_chain_head_service::service::ChainHeadService::tick
1791660377.510901 runnervmmprz5 zainod-0.9.0[2988]:   19:26:17.510  INFO zaino_chain_head_service::service: Syncing block, height: 4382034, hash: 00007daa167182eeda352fc8851d9d1c94ad27fc17107b95abc6ceb55de65088
1791660377.510901 runnervmmprz5 zainod-0.9.0[2988]:     at packages/zaino-chain-head-service/src/service.rs:426
1791660377.510901 runnervmmprz5 zainod-0.9.0[2988]:     in zaino_chain_head_service::service::ChainHeadService::tick
1791660377.512195 runnervmmprz5 zainod-0.9.0[2988]:   19:26:17.511  INFO zaino_chain_head_service::service: Syncing block, height: 4382035, hash: 00004a225584f9093feb87c53462520bb51acf42a6d625f4f2c9d7af83f72316
1791660377.512195 runnervmmprz5 zainod-0.9.0[2988]:     at packages/zaino-chain-head-service/src/service.rs:426
1791660377.512195 runnervmmprz5 zainod-0.9.0[2988]:     in zaino_chain_head_service::service::ChainHeadService::tick
1791660377.524882 runnervmmprz5 zainod-0.9.0[2988]:   19:26:17.524  INFO zaino_chain_head_service::service: Syncing block, height: 4382036, hash: 00002e46099292cbfdcf750e0c3b83b0dfcad9c3675f53b809385a2992beaab4
1791660377.524882 runnervmmprz5 zainod-0.9.0[2988]:     at packages/zaino-chain-head-service/src/service.rs:426
1791660377.524882 runnervmmprz5 zainod-0.9.0[2988]:     in zaino_chain_head_service::service::ChainHeadService::tick
1791660377.526843 runnervmmprz5 zainod-0.9.0[2988]:   19:26:17.525  INFO zaino_chain_head_service::service: Syncing block, height: 4382037, hash: 0000369e41c5504bc52418a06b5b59501332d63cbd13f600cb91be7b72ac245f
1791660377.526843 runnervmmprz5 zainod-0.9.0[2988]:     at packages/zaino-chain-head-service/src/service.rs:426
1791660377.526843 runnervmmprz5 zainod-0.9.0[2988]:     in zaino_chain_head_service::service::ChainHeadService::tick
1791660377.527351 runnervmmprz5 zainod-0.9.0[2988]:   19:26:17.527  INFO zaino_chain_head_service::service: Syncing block, height: 4382038, hash: 00006378c04bd25aa68111d54f926cfb4a2234427f870eeedc670715231bd4ea
1791660377.527351 runnervmmprz5 zainod-0.9.0[2988]:     at packages/zaino-chain-head-service/src/service.rs:426
1791660377.527351 runnervmmprz5 zainod-0.9.0[2988]:     in zaino_chain_head_service::service::ChainHeadService::tick
1791660377.528126 runnervmmprz5 zainod-0.9.0[2988]:   19:26:17.528  INFO zaino_chain_head_service::service: Syncing block, height: 4382039, hash: 00006171b8042d439912479861633464270c70733016779d8a06d88f909bb5a9
1791660377.528126 runnervmmprz5 zainod-0.9.0[2988]:     at packages/zaino-chain-head-service/src/service.rs:426
1791660377.528126 runnervmmprz5 zainod-0.9.0[2988]:     in zaino_chain_head_service::service::ChainHeadService::tick
1791660377.528850 runnervmmprz5 zainod-0.9.0[2988]:   19:26:17.528  INFO zaino_chain_head_service::service: Syncing block, height: 4382040, hash: 0000260b59df60c3e3bfe4cf4233f6e31f82e77179b193bbbce8d292ac03071f
1791660377.528850 runnervmmprz5 zainod-0.9.0[2988]:     at packages/zaino-chain-head-service/src/service.rs:426
1791660377.528850 runnervmmprz5 zainod-0.9.0[2988]:     in zaino_chain_head_service::service::ChainHeadService::tick
1791660377.529787 runnervmmprz5 zainod-0.9.0[2988]:   19:26:17.529  INFO zaino_chain_head_service::service: Syncing block, height: 4382041, hash: 000030e11ac7c712c3ca3741dcf860bb57c0f33913ac43eeaa42a3afb8a6d056
1791660377.529787 runnervmmprz5 zainod-0.9.0[2988]:     at packages/zaino-chain-head-service/src/service.rs:426
1791660377.529787 runnervmmprz5 zainod-0.9.0[2988]:     in zaino_chain_head_service::service::ChainHeadService::tick
1791660377.530232 runnervmmprz5 zainod-0.9.0[2988]:   19:26:17.530  INFO zaino_chain_head_service::service: Syncing block, height: 4382042, hash: 000039b3fad8ff2f5f8419e6e7d2ace6d95a76163fa2d9634b295f6780ec1e0d
1791660377.530232 runnervmmprz5 zainod-0.9.0[2988]:     at packages/zaino-chain-head-service/src/service.rs:426
1791660377.530232 runnervmmprz5 zainod-0.9.0[2988]:     in zaino_chain_head_service::service::ChainHeadService::tick
1791660377.531014 runnervmmprz5 zainod-0.9.0[2988]:   19:26:17.530  INFO zaino_chain_head_service::service: Syncing block, height: 4382043, hash: 00000744dadc00dae10950a8174c65b97c681eec938dcf5c1af80802fdf6d0f1
1791660377.531014 runnervmmprz5 zainod-0.9.0[2988]:     at packages/zaino-chain-head-service/src/service.rs:426
1791660377.531014 runnervmmprz5 zainod-0.9.0[2988]:     in zaino_chain_head_service::service::ChainHeadService::tick
1791660377.534843 runnervmmprz5 zainod-0.9.0[2988]:   19:26:17.532  INFO zaino_chain_head_service::service: Syncing block, height: 4382044, hash: 0000316c7d28fe9b14cab37c3d7a6e39504caa46b651cf1ec1d4581de81d284e
1791660377.534843 runnervmmprz5 zainod-0.9.0[2988]:     at packages/zaino-chain-head-service/src/service.rs:426
1791660377.534843 runnervmmprz5 zainod-0.9.0[2988]:     in zaino_chain_head_service::service::ChainHeadService::tick
1791660377.534843 runnervmmprz5 zainod-0.9.0[2988]:   19:26:17.533  INFO zaino_chain_head_service::service: Syncing block, height: 4382045, hash: 000015a3163a9b2faa7b30c8a8daad27e443376f519908a1b432f0dda38bbf0c
1791660377.534843 runnervmmprz5 zainod-0.9.0[2988]:     at packages/zaino-chain-head-service/src/service.rs:426
1791660377.534843 runnervmmprz5 zainod-0.9.0[2988]:     in zaino_chain_head_service::service::ChainHeadService::tick
1791660377.534843 runnervmmprz5 zainod-0.9.0[2988]:   19:26:17.534  INFO zaino_chain_head_service::service: Syncing block, height: 4382046, hash: 000020b60d2808c2a174ed81cd7dcc176e60596f1ab56a6250d69f26be232428
1791660377.534843 runnervmmprz5 zainod-0.9.0[2988]:     at packages/zaino-chain-head-service/src/service.rs:426
1791660377.534843 runnervmmprz5 zainod-0.9.0[2988]:     in zaino_chain_head_service::service::ChainHeadService::tick
1791660377.535501 runnervmmprz5 zainod-0.9.0[2988]:   19:26:17.534  INFO zaino_chain_head_service::service: Syncing block, height: 4382047, hash: 000056f836155bf74e300f0b82cf6fb3bbf435a29b23a357a8f0666d4d215ec5
1791660377.535501 runnervmmprz5 zainod-0.9.0[2988]:     at packages/zaino-chain-head-service/src/service.rs:426
1791660377.535501 runnervmmprz5 zainod-0.9.0[2988]:     in zaino_chain_head_service::service::ChainHeadService::tick
1791660377.543380 runnervmmprz5 zainod-0.9.0[2988]:   19:26:17.543  INFO zaino_chain_head_service::service: Syncing block, height: 4382048, hash: 00001892175b71279dedd512f9c0f38e8eb79be0ff6eb95c2e5427d7b7a2d167
1791660377.543380 runnervmmprz5 zainod-0.9.0[2988]:     at packages/zaino-chain-head-service/src/service.rs:426
1791660377.543380 runnervmmprz5 zainod-0.9.0[2988]:     in zaino_chain_head_service::service::ChainHeadService::tick
1791660377.546243 runnervmmprz5 zainod-0.9.0[2988]:   19:26:17.546  INFO zaino_chain_head_service::service: Syncing block, height: 4382049, hash: 00058baf6f4a24b48b3a345f57877c06523614ee354799abf3f8605a82b0e1e4
1791660377.546243 runnervmmprz5 zainod-0.9.0[2988]:     at packages/zaino-chain-head-service/src/service.rs:426
1791660377.546243 runnervmmprz5 zainod-0.9.0[2988]:     in zaino_chain_head_service::service::ChainHeadService::tick
1791660377.546996 runnervmmprz5 zainod-0.9.0[2988]:   19:26:17.546  INFO zaino_chain_head_service::service: Syncing block, height: 4382050, hash: 000003b9b0570ed64b9c4072d716534b59a9cf49f633c91e0f4bb4d5b66c5f17
1791660377.546996 runnervmmprz5 zainod-0.9.0[2988]:     at packages/zaino-chain-head-service/src/service.rs:426
1791660377.546996 runnervmmprz5 zainod-0.9.0[2988]:     in zaino_chain_head_service::service::ChainHeadService::tick
1791660377.549251 runnervmmprz5 zainod-0.9.0[2988]:   19:26:17.549  INFO zaino_chain_head_service::service: Syncing block, height: 4382051, hash: 0011f0e9d43fce89142f134e0849f2ba5f5397b25a35efb19ba90d2c14a65775
1791660377.549251 runnervmmprz5 zainod-0.9.0[2988]:     at packages/zaino-chain-head-service/src/service.rs:426
1791660377.549251 runnervmmprz5 zainod-0.9.0[2988]:     in zaino_chain_head_service::service::ChainHeadService::tick
1791660377.550313 runnervmmprz5 zainod-0.9.0[2988]:   19:26:17.550  INFO zaino_chain_head_service::service: Syncing block, height: 4382052, hash: 00003de0c67baa86e8c68d13ee43193fff0055dd74490986a1dd69d04d3d730b
1791660377.550313 runnervmmprz5 zainod-0.9.0[2988]:     at packages/zaino-chain-head-service/src/service.rs:426
1791660377.550313 runnervmmprz5 zainod-0.9.0[2988]:     in zaino_chain_head_service::service::ChainHeadService::tick
1791660377.550910 runnervmmprz5 zainod-0.9.0[2988]:   19:26:17.550  INFO zaino_chain_head_service::service: Syncing block, height: 4382053, hash: 00005477e6de974e1cac44c411d52a020b22d76b7cf248d18de9b01c0ed8a6bc
1791660377.550910 runnervmmprz5 zainod-0.9.0[2988]:     at packages/zaino-chain-head-service/src/service.rs:426
1791660377.550910 runnervmmprz5 zainod-0.9.0[2988]:     in zaino_chain_head_service::service::ChainHeadService::tick
1791660377.552006 runnervmmprz5 zainod-0.9.0[2988]:   19:26:17.551  INFO zaino_chain_head_service::service: Syncing block, height: 4382054, hash: 000061fd497e5061e4c1456562bcb5db727d020b014df2058ecf24b9cb269f04
1791660377.552006 runnervmmprz5 zainod-0.9.0[2988]:     at packages/zaino-chain-head-service/src/service.rs:426
1791660377.552006 runnervmmprz5 zainod-0.9.0[2988]:     in zaino_chain_head_service::service::ChainHeadService::tick
1791660377.562889 runnervmmprz5 zainod-0.9.0[2988]:   19:26:17.562  INFO zaino_chain_head_service::service: Syncing block, height: 4382055, hash: 0000272226858821025273ab098264b8d814d809c52a342c2abd3b4b6023693c
1791660377.562889 runnervmmprz5 zainod-0.9.0[2988]:     at packages/zaino-chain-head-service/src/service.rs:426
1791660377.562889 runnervmmprz5 zainod-0.9.0[2988]:     in zaino_chain_head_service::service::ChainHeadService::tick
1791660377.563696 runnervmmprz5 zainod-0.9.0[2988]:   19:26:17.563  INFO zaino_chain_head_service::service: Syncing block, height: 4382056, hash: 00003604f5f62840c435abe79bc49142c648a87f6189ff56edf5be3cf8d1e951
1791660377.563696 runnervmmprz5 zainod-0.9.0[2988]:     at packages/zaino-chain-head-service/src/service.rs:426
1791660377.563696 runnervmmprz5 zainod-0.9.0[2988]:     in zaino_chain_head_service::service::ChainHeadService::tick
1791660377.566520 runnervmmprz5 zainod-0.9.0[2988]:   19:26:17.564  INFO zaino_chain_head_service::service: Syncing block, height: 4382057, hash: 00002222f8a2ff3c55b1f807354cf5d22afad9e2a0efcc5db3e4a1924ba47759
1791660377.566520 runnervmmprz5 zainod-0.9.0[2988]:     at packages/zaino-chain-head-service/src/service.rs:426
1791660377.566520 runnervmmprz5 zainod-0.9.0[2988]:     in zaino_chain_head_service::service::ChainHeadService::tick
1791660377.566520 runnervmmprz5 zainod-0.9.0[2988]:   19:26:17.565  INFO zaino_chain_head_service::service: Syncing block, height: 4382058, hash: 000026c15ef41cd12f7109ea2055f391c8c5b524c28462aeef824bc79c4dafde
1791660377.566520 runnervmmprz5 zainod-0.9.0[2988]:     at packages/zaino-chain-head-service/src/service.rs:426
1791660377.566520 runnervmmprz5 zainod-0.9.0[2988]:     in zaino_chain_head_service::service::ChainHeadService::tick
1791660377.566520 runnervmmprz5 zainod-0.9.0[2988]:   19:26:17.566  INFO zaino_chain_head_service::service: Syncing block, height: 4382059, hash: 000054d129d0a4449872ae46cd2d627f60f07aafb380b863e07a1edeede5a3c1
1791660377.566520 runnervmmprz5 zainod-0.9.0[2988]:     at packages/zaino-chain-head-service/src/service.rs:426
1791660377.566520 runnervmmprz5 zainod-0.9.0[2988]:     in zaino_chain_head_service::service::ChainHeadService::tick
1791660377.568390 runnervmmprz5 zainod-0.9.0[2988]:   19:26:17.567  INFO zaino_chain_head_service::service: Syncing block, height: 4382060, hash: 0000464f6db9241a60e0646f2ff46881811d1e00ee2d84ae97ac29a6925e962e
1791660377.568390 runnervmmprz5 zainod-0.9.0[2988]:     at packages/zaino-chain-head-service/src/service.rs:426
1791660377.568390 runnervmmprz5 zainod-0.9.0[2988]:     in zaino_chain_head_service::service::ChainHeadService::tick
1791660377.568507 runnervmmprz5 zainod-0.9.0[2988]:   19:26:17.568  INFO zaino_chain_head_service::service: Syncing block, height: 4382061, hash: 0000462dfef43f6128e8c0d54ac4cc961cf39a826840cd7cd4e2524681dad69c
1791660377.568507 runnervmmprz5 zainod-0.9.0[2988]:     at packages/zaino-chain-head-service/src/service.rs:426
1791660377.568507 runnervmmprz5 zainod-0.9.0[2988]:     in zaino_chain_head_service::service::ChainHeadService::tick
1791660377.574369 runnervmmprz5 zainod-0.9.0[2988]:   19:26:17.569  INFO zaino_chain_head_service::service: Syncing block, height: 4382062, hash: 000003cdde54883f1426e0ebf4db0897f117845fc48dff1c7a45dfbcd81388a0
1791660377.574369 runnervmmprz5 zainod-0.9.0[2988]:     at packages/zaino-chain-head-service/src/service.rs:426
1791660377.574369 runnervmmprz5 zainod-0.9.0[2988]:     in zaino_chain_head_service::service::ChainHeadService::tick
1791660377.574369 runnervmmprz5 zainod-0.9.0[2988]:   19:26:17.569  INFO zaino_chain_head_service::service: Syncing block, height: 4382063, hash: 00004ab69cd553deeed4987c660a5e710e270e0f08d2175ba897faf1a2194f08
1791660377.574369 runnervmmprz5 zainod-0.9.0[2988]:     at packages/zaino-chain-head-service/src/service.rs:426
1791660377.574369 runnervmmprz5 zainod-0.9.0[2988]:     in zaino_chain_head_service::service::ChainHeadService::tick
1791660377.583551 runnervmmprz5 zainod-0.9.0[2988]:   19:26:17.583  INFO zaino_chain_head_service::service: Syncing block, height: 4382064, hash: 00001936c67d2d9cd331daf7c387aa87a9dd7aaf2442ec12622e16257e76c718
1791660377.583551 runnervmmprz5 zainod-0.9.0[2988]:     at packages/zaino-chain-head-service/src/service.rs:426
1791660377.583551 runnervmmprz5 zainod-0.9.0[2988]:     in zaino_chain_head_service::service::ChainHeadService::tick
1791660377.584029 runnervmmprz5 zainod-0.9.0[2988]:   19:26:17.584  INFO zaino_chain_head_service::service: Syncing block, height: 4382065, hash: 0000244cecd9b529e3f102ffaf659ed881c974a8f70e125d86fae0f8577e9b06
1791660377.584029 runnervmmprz5 zainod-0.9.0[2988]:     at packages/zaino-chain-head-service/src/service.rs:426
1791660377.584029 runnervmmprz5 zainod-0.9.0[2988]:     in zaino_chain_head_service::service::ChainHeadService::tick
1791660377.584673 runnervmmprz5 zainod-0.9.0[2988]:   19:26:17.584  INFO zaino_chain_head_service::service: Syncing block, height: 4382066, hash: 0000654f21a35e5fc4caa2dc3616256bd1190ce154f8353233f02c224ad2abc6
1791660377.584673 runnervmmprz5 zainod-0.9.0[2988]:     at packages/zaino-chain-head-service/src/service.rs:426
1791660377.584673 runnervmmprz5 zainod-0.9.0[2988]:     in zaino_chain_head_service::service::ChainHeadService::tick
1791660377.585788 runnervmmprz5 zainod-0.9.0[2988]:   19:26:17.585  INFO zaino_chain_head_service::service: Syncing block, height: 4382067, hash: 000029f758a75cfd76ba38e7708b0dba9195a12808d434ee3f9cecb6ec02e398
1791660377.585788 runnervmmprz5 zainod-0.9.0[2988]:     at packages/zaino-chain-head-service/src/service.rs:426
1791660377.585788 runnervmmprz5 zainod-0.9.0[2988]:     in zaino_chain_head_service::service::ChainHeadService::tick
1791660377.586296 runnervmmprz5 zainod-0.9.0[2988]:   19:26:17.586  INFO zaino_chain_head_service::service: Syncing block, height: 4382068, hash: 00000333c2aa7c0ba44b39841dd2cd93eebe9d76e7e3ceaea470bde251d60bb0
1791660377.586296 runnervmmprz5 zainod-0.9.0[2988]:     at packages/zaino-chain-head-service/src/service.rs:426
1791660377.586296 runnervmmprz5 zainod-0.9.0[2988]:     in zaino_chain_head_service::service::ChainHeadService::tick
1791660377.586867 runnervmmprz5 zainod-0.9.0[2988]:   19:26:17.586  INFO zaino_chain_head_service::service: Syncing block, height: 4382069, hash: 00039b0c45dcfd605e881b522c765488b3010d115d8522eb6d1f22d854ec7c53
1791660377.586867 runnervmmprz5 zainod-0.9.0[2988]:     at packages/zaino-chain-head-service/src/service.rs:426
1791660377.586867 runnervmmprz5 zainod-0.9.0[2988]:     in zaino_chain_head_service::service::ChainHeadService::tick
1791660377.588064 runnervmmprz5 zainod-0.9.0[2988]:   19:26:17.587  INFO zaino_chain_head_service::service: Syncing block, height: 4382070, hash: 00004d4c959a2756cf7f2f0e54071d33c267724012e6591ebc7faddc5a148d35
1791660377.588064 runnervmmprz5 zainod-0.9.0[2988]:     at packages/zaino-chain-head-service/src/service.rs:426
1791660377.588064 runnervmmprz5 zainod-0.9.0[2988]:     in zaino_chain_head_service::service::ChainHeadService::tick
1791660377.588450 runnervmmprz5 zainod-0.9.0[2988]:   19:26:17.588  INFO zaino_chain_head_service::service: Syncing block, height: 4382071, hash: 000046f3fd02965ab1d78ec9b10d5242cadeac1945bf3646b56d153366087c6f
1791660377.588450 runnervmmprz5 zainod-0.9.0[2988]:     at packages/zaino-chain-head-service/src/service.rs:426
1791660377.588450 runnervmmprz5 zainod-0.9.0[2988]:     in zaino_chain_head_service::service::ChainHeadService::tick
1791660377.590027 runnervmmprz5 zainod-0.9.0[2988]:   19:26:17.589  INFO zaino_chain_head_service::service: Syncing block, height: 4382072, hash: 00006ba383215378cffbc458549ae299deb0dbafe6a022eb774edf5826d0f1e6
1791660377.590027 runnervmmprz5 zainod-0.9.0[2988]:     at packages/zaino-chain-head-service/src/service.rs:426
1791660377.590027 runnervmmprz5 zainod-0.9.0[2988]:     in zaino_chain_head_service::service::ChainHeadService::tick
1791660377.591794 runnervmmprz5 zainod-0.9.0[2988]:   19:26:17.591  INFO zaino_chain_head_service::service: Syncing block, height: 4382073, hash: 00005f06142a38192c343502bb14efb7fee97d6ea9e5e4bccf633de7960521b2
1791660377.591794 runnervmmprz5 zainod-0.9.0[2988]:     at packages/zaino-chain-head-service/src/service.rs:426
1791660377.591794 runnervmmprz5 zainod-0.9.0[2988]:     in zaino_chain_head_service::service::ChainHeadService::tick
1791660377.591794 runnervmmprz5 zainod-0.9.0[2988]:   19:26:17.591  INFO zaino_chain_head_service::service: Syncing block, height: 4382074, hash: 00003f3e5dd890aa338333f303ba92d088c4597eb10bc80c74864652f4953da9
1791660377.591794 runnervmmprz5 zainod-0.9.0[2988]:     at packages/zaino-chain-head-service/src/service.rs:426
1791660377.591794 runnervmmprz5 zainod-0.9.0[2988]:     in zaino_chain_head_service::service::ChainHeadService::tick
1791660377.600736 runnervmmprz5 zainod-0.9.0[2988]:   19:26:17.600  INFO zaino_chain_head_service::service: Syncing block, height: 4382075, hash: 000079973f5af5fbd85615fc9770e2a24546c7c55c9cbee2fa15403d65561c4b
1791660377.600736 runnervmmprz5 zainod-0.9.0[2988]:     at packages/zaino-chain-head-service/src/service.rs:426
1791660377.600736 runnervmmprz5 zainod-0.9.0[2988]:     in zaino_chain_head_service::service::ChainHeadService::tick
1791660377.601857 runnervmmprz5 zainod-0.9.0[2988]:   19:26:17.601  INFO zaino_chain_head_service::service: Syncing block, height: 4382076, hash: 0000253dd2118bd3e9d1cc3e596e5619a5d57b7db0cece07714d9a047ce446fd
1791660377.601857 runnervmmprz5 zainod-0.9.0[2988]:     at packages/zaino-chain-head-service/src/service.rs:426
1791660377.601857 runnervmmprz5 zainod-0.9.0[2988]:     in zaino_chain_head_service::service::ChainHeadService::tick
1791660377.602719 runnervmmprz5 zainod-0.9.0[2988]:   19:26:17.602  INFO zaino_chain_head_service::service: Syncing block, height: 4382077, hash: 0000314530b8ed7f45d7589306e32140fae8d0e2448d381421e25a0bb2d75a67
1791660377.602719 runnervmmprz5 zainod-0.9.0[2988]:     at packages/zaino-chain-head-service/src/service.rs:426
1791660377.602719 runnervmmprz5 zainod-0.9.0[2988]:     in zaino_chain_head_service::service::ChainHeadService::tick
1791660377.603746 runnervmmprz5 zainod-0.9.0[2988]:   19:26:17.603  INFO zaino_chain_head_service::service: Syncing block, height: 4382078, hash: 0006d2654af444f3fced36b9d86ffdb7d8b417cbe4dc63150fa2790ebefdfa09
1791660377.603746 runnervmmprz5 zainod-0.9.0[2988]:     at packages/zaino-chain-head-service/src/service.rs:426
1791660377.603746 runnervmmprz5 zainod-0.9.0[2988]:     in zaino_chain_head_service::service::ChainHeadService::tick
1791660377.605093 runnervmmprz5 zainod-0.9.0[2988]:   19:26:17.605  INFO zaino_chain_head_service::service: Syncing block, height: 4382079, hash: 00006e0e78717656feaeb01ba3e5de1639de4be239cf1e66c2f50ffd321d7e24
1791660377.605093 runnervmmprz5 zainod-0.9.0[2988]:     at packages/zaino-chain-head-service/src/service.rs:426
1791660377.605093 runnervmmprz5 zainod-0.9.0[2988]:     in zaino_chain_head_service::service::ChainHeadService::tick
1791660377.605824 runnervmmprz5 zainod-0.9.0[2988]:   19:26:17.605  INFO zaino_chain_head_service::service: Syncing block, height: 4382080, hash: 00000e2529b69d32cc7b1f9bc2211401ec5662c0d94f5ab75040a414dd4389c8
1791660377.605824 runnervmmprz5 zainod-0.9.0[2988]:     at packages/zaino-chain-head-service/src/service.rs:426
1791660377.605824 runnervmmprz5 zainod-0.9.0[2988]:     in zaino_chain_head_service::service::ChainHeadService::tick
1791660377.606971 runnervmmprz5 zainod-0.9.0[2988]:   19:26:17.606  INFO zaino_chain_head_service::service: Syncing block, height: 4382081, hash: 0000311c1a0d4428f9300860c5ffcffab746abab243d3eb6617b4eb4face1471
1791660377.606971 runnervmmprz5 zainod-0.9.0[2988]:     at packages/zaino-chain-head-service/src/service.rs:426
1791660377.606971 runnervmmprz5 zainod-0.9.0[2988]:     in zaino_chain_head_service::service::ChainHeadService::tick
1791660377.607919 runnervmmprz5 zainod-0.9.0[2988]:   19:26:17.607  INFO zaino_chain_head_service::service: Syncing block, height: 4382082, hash: 0002beb686a10a78bdebc1d040a3640c6592462269a98febd241b0e3fa34e48f
1791660377.607919 runnervmmprz5 zainod-0.9.0[2988]:     at packages/zaino-chain-head-service/src/service.rs:426
1791660377.607919 runnervmmprz5 zainod-0.9.0[2988]:     in zaino_chain_head_service::service::ChainHeadService::tick
1791660377.619536 runnervmmprz5 zainod-0.9.0[2988]:   19:26:17.619  INFO zaino_chain_head_service::service: Syncing block, height: 4382083, hash: 000058cccde23a1a1cb0ddde3488e03802861d341ee517d5af743e8672f7f050
1791660377.619536 runnervmmprz5 zainod-0.9.0[2988]:     at packages/zaino-chain-head-service/src/service.rs:426
1791660377.619536 runnervmmprz5 zainod-0.9.0[2988]:     in zaino_chain_head_service::service::ChainHeadService::tick
1791660377.621777 runnervmmprz5 zainod-0.9.0[2988]:   19:26:17.621  INFO zaino_chain_head_service::service: Syncing block, height: 4382084, hash: 00039d957455a8335001d14c0aca41f6f4f20d103e38382bdc2abd87119d8bee
1791660377.621777 runnervmmprz5 zainod-0.9.0[2988]:     at packages/zaino-chain-head-service/src/service.rs:426
1791660377.621777 runnervmmprz5 zainod-0.9.0[2988]:     in zaino_chain_head_service::service::ChainHeadService::tick
1791660377.622550 runnervmmprz5 zainod-0.9.0[2988]:   19:26:17.622  INFO zaino_chain_head_service::service: Syncing block, height: 4382085, hash: 00002ccceae01305c3240c262c5c12f2f98915527f0ec3c18ae513a88e3903d6
1791660377.622550 runnervmmprz5 zainod-0.9.0[2988]:     at packages/zaino-chain-head-service/src/service.rs:426
1791660377.622550 runnervmmprz5 zainod-0.9.0[2988]:     in zaino_chain_head_service::service::ChainHeadService::tick
1791660377.623793 runnervmmprz5 zainod-0.9.0[2988]:   19:26:17.623  INFO zaino_chain_head_service::service: Syncing block, height: 4382086, hash: 00001d72f6df9dd2b0fd9b107a91cd12b532bf4ca9bfbcc5e84f8fda714fd4fc
1791660377.623793 runnervmmprz5 zainod-0.9.0[2988]:     at packages/zaino-chain-head-service/src/service.rs:426
1791660377.623793 runnervmmprz5 zainod-0.9.0[2988]:     in zaino_chain_head_service::service::ChainHeadService::tick
1791660377.624763 runnervmmprz5 zainod-0.9.0[2988]:   19:26:17.624  INFO zaino_chain_head_service::service: Syncing block, height: 4382087, hash: 0000306cfe7c54c9eb8cc72eccd3570057a6c958dc5f53580c270719d87e6bc3
1791660377.624763 runnervmmprz5 zainod-0.9.0[2988]:     at packages/zaino-chain-head-service/src/service.rs:426
1791660377.624763 runnervmmprz5 zainod-0.9.0[2988]:     in zaino_chain_head_service::service::ChainHeadService::tick
1791660377.625584 runnervmmprz5 zainod-0.9.0[2988]:   19:26:17.625  INFO zaino_chain_head_service::service: Syncing block, height: 4382088, hash: 0000566a1658c62f469f7ac48d1593c8cbf261f63525c6db05c51456ea3c9b45
1791660377.625584 runnervmmprz5 zainod-0.9.0[2988]:     at packages/zaino-chain-head-service/src/service.rs:426
1791660377.625584 runnervmmprz5 zainod-0.9.0[2988]:     in zaino_chain_head_service::service::ChainHeadService::tick
1791660377.626800 runnervmmprz5 zainod-0.9.0[2988]:   19:26:17.626  INFO zaino_chain_head_service::service: Syncing block, height: 4382089, hash: 00004ca67ca558ec34fd73994da6fe84c5ac7512fe7f962769bb494462ab00e1
1791660377.626800 runnervmmprz5 zainod-0.9.0[2988]:     at packages/zaino-chain-head-service/src/service.rs:426
1791660377.626800 runnervmmprz5 zainod-0.9.0[2988]:     in zaino_chain_head_service::service::ChainHeadService::tick
1791660377.627072 runnervmmprz5 zainod-0.9.0[2988]:   19:26:17.627  INFO zaino_chain_head_service::service: Syncing block, height: 4382090, hash: 0000793085e4001e0b1acccdae3002d0d590ce3ec22ad6e35f9a2a5bf3f66377
1791660377.627072 runnervmmprz5 zainod-0.9.0[2988]:     at packages/zaino-chain-head-service/src/service.rs:426
1791660377.627072 runnervmmprz5 zainod-0.9.0[2988]:     in zaino_chain_head_service::service::ChainHeadService::tick
1791660377.628118 runnervmmprz5 zainod-0.9.0[2988]:   19:26:17.628  INFO zaino_chain_head_service::service: Syncing block, height: 4382091, hash: 00007e6bd75f51309dff4dd2f1dca832e8030135e94a6a9faba60715df0440af
1791660377.628118 runnervmmprz5 zainod-0.9.0[2988]:     at packages/zaino-chain-head-service/src/service.rs:426
1791660377.628118 runnervmmprz5 zainod-0.9.0[2988]:     in zaino_chain_head_service::service::ChainHeadService::tick
1791660377.628700 runnervmmprz5 zainod-0.9.0[2988]:   19:26:17.628  INFO zaino_chain_head_service::service: Syncing block, height: 4382092, hash: 0000097bdd9348615f3d66a18ca0cd6f61076965519d469c8e35748910cd4d7d
1791660377.628700 runnervmmprz5 zainod-0.9.0[2988]:     at packages/zaino-chain-head-service/src/service.rs:426
1791660377.628700 runnervmmprz5 zainod-0.9.0[2988]:     in zaino_chain_head_service::service::ChainHeadService::tick
1791660377.629238 runnervmmprz5 zainod-0.9.0[2988]:   19:26:17.629  INFO zaino_chain_head_service::service: Syncing block, height: 4382093, hash: 00000f116c78b8d143c35b29c593d332ead6f42610fa8df54ff107e8d9988fd7
1791660377.629238 runnervmmprz5 zainod-0.9.0[2988]:     at packages/zaino-chain-head-service/src/service.rs:426
1791660377.629238 runnervmmprz5 zainod-0.9.0[2988]:     in zaino_chain_head_service::service::ChainHeadService::tick
1791660377.630339 runnervmmprz5 zainod-0.9.0[2988]:   19:26:17.630  INFO zaino_chain_head_service::service: Syncing block, height: 4382094, hash: 000023ab85ae9f089fbe4fe8eb1ccbe2228a55f7f66a433f959a8138bc35372e
1791660377.630339 runnervmmprz5 zainod-0.9.0[2988]:     at packages/zaino-chain-head-service/src/service.rs:426
1791660377.630339 runnervmmprz5 zainod-0.9.0[2988]:     in zaino_chain_head_service::service::ChainHeadService::tick
1791660377.642179 runnervmmprz5 zainod-0.9.0[2988]:   19:26:17.642  INFO zaino_chain_head_service::service: Syncing block, height: 4382095, hash: 00004f202a5b88474238d84e9b783d996823da6937ebb36436b6c8f4ff469d2a
1791660377.642179 runnervmmprz5 zainod-0.9.0[2988]:     at packages/zaino-chain-head-service/src/service.rs:426
1791660377.642179 runnervmmprz5 zainod-0.9.0[2988]:     in zaino_chain_head_service::service::ChainHeadService::tick
1791660377.643731 runnervmmprz5 zainod-0.9.0[2988]:   19:26:17.643  INFO zaino_chain_head_service::service: Syncing block, height: 4382096, hash: 00001f72a1ad669337120bbb01cd4f18536ca8eb634a0aedb1b98cac4ffdb998
1791660377.643731 runnervmmprz5 zainod-0.9.0[2988]:     at packages/zaino-chain-head-service/src/service.rs:426
1791660377.643731 runnervmmprz5 zainod-0.9.0[2988]:     in zaino_chain_head_service::service::ChainHeadService::tick
1791660377.646132 runnervmmprz5 zainod-0.9.0[2988]:   19:26:17.646  INFO zaino_chain_head_service::service: Syncing block, height: 4382097, hash: 00006e8b85d4c575c2cc853e668c88b7985ef9bdda4152efe4b20f1997714762
1791660377.646132 runnervmmprz5 zainod-0.9.0[2988]:     at packages/zaino-chain-head-service/src/service.rs:426
1791660377.646132 runnervmmprz5 zainod-0.9.0[2988]:     in zaino_chain_head_service::service::ChainHeadService::tick
1791660377.646698 runnervmmprz5 zainod-0.9.0[2988]:   19:26:17.646  INFO zaino_chain_head_service::service: Syncing block, height: 4382098, hash: 00004451e023eb85aa712838f1237945947501afdbece2e29410b0d5c13b9144
1791660377.646698 runnervmmprz5 zainod-0.9.0[2988]:     at packages/zaino-chain-head-service/src/service.rs:426
1791660377.646698 runnervmmprz5 zainod-0.9.0[2988]:     in zaino_chain_head_service::service::ChainHeadService::tick
1791660377.649860 runnervmmprz5 zainod-0.9.0[2988]:   19:26:17.649  INFO zaino_chain_head_service::service: Syncing block, height: 4382099, hash: 000033ff7859809852794fa03057e7d0039637d6b0f092454bb9181b8e0a91cc
1791660377.649860 runnervmmprz5 zainod-0.9.0[2988]:     at packages/zaino-chain-head-service/src/service.rs:426
1791660377.649860 runnervmmprz5 zainod-0.9.0[2988]:     in zaino_chain_head_service::service::ChainHeadService::tick
1791660377.650963 runnervmmprz5 zainod-0.9.0[2988]:   19:26:17.650  INFO zaino_chain_head_service::service: Syncing block, height: 4382100, hash: 00005c0ca736baf8e7bcc991e383a771a0ec485fbecd47e0e091fe947cf1a156
1791660377.650963 runnervmmprz5 zainod-0.9.0[2988]:     at packages/zaino-chain-head-service/src/service.rs:426
1791660377.650963 runnervmmprz5 zainod-0.9.0[2988]:     in zaino_chain_head_service::service::ChainHeadService::tick
1791660377.651860 runnervmmprz5 zainod-0.9.0[2988]:   19:26:17.651  INFO zaino_chain_head_service::service: Syncing block, height: 4382101, hash: 0000594ee0d7a7af44a5368e9fdd9c6aa142a1e62dc6f106f74634e82b122ca2
1791660377.651860 runnervmmprz5 zainod-0.9.0[2988]:     at packages/zaino-chain-head-service/src/service.rs:426
1791660377.651860 runnervmmprz5 zainod-0.9.0[2988]:     in zaino_chain_head_service::service::ChainHeadService::tick
1791660377.652884 runnervmmprz5 zainod-0.9.0[2988]:   19:26:17.652  INFO zaino_chain_head_service::service: Syncing block, height: 4382102, hash: 00004fc1210f546a24c170be8ed2dbb6117e618be4cd230497650d619235688c
1791660377.652884 runnervmmprz5 zainod-0.9.0[2988]:     at packages/zaino-chain-head-service/src/service.rs:426
1791660377.652884 runnervmmprz5 zainod-0.9.0[2988]:     in zaino_chain_head_service::service::ChainHeadService::tick
1791660377.654315 runnervmmprz5 zainod-0.9.0[2988]:   19:26:17.654  INFO zaino_chain_head_service::service: Syncing block, height: 4382103, hash: 00001d41c5a1e0dc657f1339a6cc82bcb8b55d535cc0317913c247771782dfa8
1791660377.654315 runnervmmprz5 zainod-0.9.0[2988]:     at packages/zaino-chain-head-service/src/service.rs:426
1791660377.654315 runnervmmprz5 zainod-0.9.0[2988]:     in zaino_chain_head_service::service::ChainHeadService::tick
1791660377.656772 runnervmmprz5 zainod-0.9.0[2988]:   19:26:17.656  INFO zaino_chain_head_service::service: Syncing block, height: 4382104, hash: 00004141affe145381c35661934d2cdb5f0b4d6aba007e5263a3ebbe88fb6b75
1791660377.656772 runnervmmprz5 zainod-0.9.0[2988]:     at packages/zaino-chain-head-service/src/service.rs:426
1791660377.656772 runnervmmprz5 zainod-0.9.0[2988]:     in zaino_chain_head_service::service::ChainHeadService::tick
1791660377.658108 runnervmmprz5 zainod-0.9.0[2988]:   19:26:17.658  INFO zaino_chain_head_service::service: Syncing block, height: 4382105, hash: 00007c7e65921f7b133395ace1577d59a335d711f498ea06f4ad746708712890
1791660377.658108 runnervmmprz5 zainod-0.9.0[2988]:     at packages/zaino-chain-head-service/src/service.rs:426
1791660377.658108 runnervmmprz5 zainod-0.9.0[2988]:     in zaino_chain_head_service::service::ChainHeadService::tick
1791660377.669324 runnervmmprz5 zainod-0.9.0[2988]:   19:26:17.669  INFO zaino_chain_head_service::service: Syncing block, height: 4382106, hash: 0000106c13d68237ec83a8e4b1d8cffa5de1dec7ec76df163625927663d58387
1791660377.669324 runnervmmprz5 zainod-0.9.0[2988]:     at packages/zaino-chain-head-service/src/service.rs:426
1791660377.669324 runnervmmprz5 zainod-0.9.0[2988]:     in zaino_chain_head_service::service::ChainHeadService::tick
1791660377.670665 runnervmmprz5 zainod-0.9.0[2988]:   19:26:17.670  INFO zaino_chain_head_service::service: Syncing block, height: 4382107, hash: 00002437d40ebdbfb70d5e975b006fbfded224a7b90762ed2cd02cca7ac73f32
1791660377.670665 runnervmmprz5 zainod-0.9.0[2988]:     at packages/zaino-chain-head-service/src/service.rs:426
1791660377.670665 runnervmmprz5 zainod-0.9.0[2988]:     in zaino_chain_head_service::service::ChainHeadService::tick
1791660377.671187 runnervmmprz5 zainod-0.9.0[2988]:   19:26:17.671  INFO zaino_chain_head_service::service: Syncing block, height: 4382108, hash: 000079d1a968f8d6d90aebb8e8866527d5ff02d8ba7c6eac37fee1aa2d7e1fc9
1791660377.671187 runnervmmprz5 zainod-0.9.0[2988]:     at packages/zaino-chain-head-service/src/service.rs:426
1791660377.671187 runnervmmprz5 zainod-0.9.0[2988]:     in zaino_chain_head_service::service::ChainHeadService::tick
1791660377.672206 runnervmmprz5 zainod-0.9.0[2988]:   19:26:17.672  INFO zaino_chain_head_service::service: Syncing block, height: 4382109, hash: 00000caa2acfbfb5d8ff66c6262003489310056609d3fe106c8d70331888e580
1791660377.672206 runnervmmprz5 zainod-0.9.0[2988]:     at packages/zaino-chain-head-service/src/service.rs:426
1791660377.672206 runnervmmprz5 zainod-0.9.0[2988]:     in zaino_chain_head_service::service::ChainHeadService::tick
1791660377.673420 runnervmmprz5 zainod-0.9.0[2988]:   19:26:17.673  INFO zaino_chain_head_service::service: Syncing block, height: 4382110, hash: 00006509ac488c42e972abd1978b3ac5c2995aa183b8e4cd61041a0f05a8f4b7
1791660377.673420 runnervmmprz5 zainod-0.9.0[2988]:     at packages/zaino-chain-head-service/src/service.rs:426
1791660377.673420 runnervmmprz5 zainod-0.9.0[2988]:     in zaino_chain_head_service::service::ChainHeadService::tick
1791660377.674511 runnervmmprz5 zainod-0.9.0[2988]:   19:26:17.674  INFO zaino_chain_head_service::service: Syncing block, height: 4382111, hash: 00003f090496e0409c7c1e5d81ed070e3122725f28d2e2076ea97d2695b08ac2
1791660377.674511 runnervmmprz5 zainod-0.9.0[2988]:     at packages/zaino-chain-head-service/src/service.rs:426
1791660377.674511 runnervmmprz5 zainod-0.9.0[2988]:     in zaino_chain_head_service::service::ChainHeadService::tick
1791660377.675325 runnervmmprz5 zainod-0.9.0[2988]:   19:26:17.675  INFO zaino_chain_head_service::service: Syncing block, height: 4382112, hash: 0000764dd2827d8d6ec711d15f93482159c3ce8ed9c7b5271b841f6ea80e65fa
1791660377.675325 runnervmmprz5 zainod-0.9.0[2988]:     at packages/zaino-chain-head-service/src/service.rs:426
1791660377.675325 runnervmmprz5 zainod-0.9.0[2988]:     in zaino_chain_head_service::service::ChainHeadService::tick
1791660377.676276 runnervmmprz5 zainod-0.9.0[2988]:   19:26:17.676  INFO zaino_chain_head_service::service: Syncing block, height: 4382113, hash: 0000570f084474800a37852b8d5a7dba1cdb1c9d8ac912ae089030ab779a4f31
1791660377.676276 runnervmmprz5 zainod-0.9.0[2988]:     at packages/zaino-chain-head-service/src/service.rs:426
1791660377.676276 runnervmmprz5 zainod-0.9.0[2988]:     in zaino_chain_head_service::service::ChainHeadService::tick
1791660377.677042 runnervmmprz5 zainod-0.9.0[2988]:   19:26:17.677  INFO zaino_chain_head_service::service: Syncing block, height: 4382114, hash: 0000626e666f9fdef56a7571b3df795e66cec890283275a9fff3d3d06c6bc7bf
1791660377.677042 runnervmmprz5 zainod-0.9.0[2988]:     at packages/zaino-chain-head-service/src/service.rs:426
1791660377.677042 runnervmmprz5 zainod-0.9.0[2988]:     in zaino_chain_head_service::service::ChainHeadService::tick
1791660377.677726 runnervmmprz5 zainod-0.9.0[2988]:   19:26:17.677  INFO zaino_chain_head_service::service: Syncing block, height: 4382115, hash: 000069b68b983edec4de804c5e81ef93da01f92e583f9211648d55d38cebcbce
1791660377.677726 runnervmmprz5 zainod-0.9.0[2988]:     at packages/zaino-chain-head-service/src/service.rs:426
1791660377.677726 runnervmmprz5 zainod-0.9.0[2988]:     in zaino_chain_head_service::service::ChainHeadService::tick
1791660377.678379 runnervmmprz5 zainod-0.9.0[2988]:   19:26:17.678  INFO zaino_chain_head_service::service: Syncing block, height: 4382116, hash: 000002e4de3e7f24d218890305d725dbc437d8b1a41a84c964e3634da31566ec
1791660377.678379 runnervmmprz5 zainod-0.9.0[2988]:     at packages/zaino-chain-head-service/src/service.rs:426
1791660377.678379 runnervmmprz5 zainod-0.9.0[2988]:     in zaino_chain_head_service::service::ChainHeadService::tick
1791660377.679367 runnervmmprz5 zainod-0.9.0[2988]:   19:26:17.679  INFO zaino_chain_head_service::service: Syncing block, height: 4382117, hash: 000021445b0d4cb7733b8d3284a2166f2a0f85a29fb8c6ae5136124ae2dd38a1
1791660377.679367 runnervmmprz5 zainod-0.9.0[2988]:     at packages/zaino-chain-head-service/src/service.rs:426
1791660377.679367 runnervmmprz5 zainod-0.9.0[2988]:     in zaino_chain_head_service::service::ChainHeadService::tick
1791660377.680558 runnervmmprz5 zainod-0.9.0[2988]:   19:26:17.680  INFO zaino_chain_head_service::service: Syncing block, height: 4382118, hash: 0000196bb458d6b8b3116f5105275fc98ef3d1c24bbfb8edfa4042063bb85cf2
1791660377.680558 runnervmmprz5 zainod-0.9.0[2988]:     at packages/zaino-chain-head-service/src/service.rs:426
1791660377.680558 runnervmmprz5 zainod-0.9.0[2988]:     in zaino_chain_head_service::service::ChainHeadService::tick
1791660377.689494 runnervmmprz5 zainod-0.9.0[2988]:   19:26:17.689  INFO zaino_chain_head_service::service: Syncing block, height: 4382119, hash: 0000736a22fe33cf66afc1bc9b91784356df5c7e56350a2df2ee50815863f5f7
1791660377.689494 runnervmmprz5 zainod-0.9.0[2988]:     at packages/zaino-chain-head-service/src/service.rs:426
1791660377.689494 runnervmmprz5 zainod-0.9.0[2988]:     in zaino_chain_head_service::service::ChainHeadService::tick
1791660377.690082 runnervmmprz5 zainod-0.9.0[2988]:   19:26:17.690  INFO zaino_chain_head_service::service: Syncing block, height: 4382120, hash: 000058f6c9facf0b3e5ea5622b4293fb56d4d5af28129ef751ac79b738efb812
1791660377.690082 runnervmmprz5 zainod-0.9.0[2988]:     at packages/zaino-chain-head-service/src/service.rs:426
1791660377.690082 runnervmmprz5 zainod-0.9.0[2988]:     in zaino_chain_head_service::service::ChainHeadService::tick
1791660377.691759 runnervmmprz5 zainod-0.9.0[2988]:   19:26:17.691  INFO zaino_chain_head_service::service: Syncing block, height: 4382121, hash: 000010df524c6324a24808ce372ef1d59b85e6732e656187f500adb252b8f8fd
1791660377.691759 runnervmmprz5 zainod-0.9.0[2988]:     at packages/zaino-chain-head-service/src/service.rs:426
1791660377.691759 runnervmmprz5 zainod-0.9.0[2988]:     in zaino_chain_head_service::service::ChainHeadService::tick
1791660377.692032 runnervmmprz5 zainod-0.9.0[2988]:   19:26:17.692  INFO zaino_chain_head_service::service: Syncing block, height: 4382122, hash: 00003b36e11b712358f011ece4bdd29b3f1b86f2af4a3dad81045fbf10b09fbc
1791660377.692032 runnervmmprz5 zainod-0.9.0[2988]:     at packages/zaino-chain-head-service/src/service.rs:426
1791660377.692032 runnervmmprz5 zainod-0.9.0[2988]:     in zaino_chain_head_service::service::ChainHeadService::tick
1791660377.692966 runnervmmprz5 zainod-0.9.0[2988]:   19:26:17.692  INFO zaino_chain_head_service::service: Syncing block, height: 4382123, hash: 00001d17af49f74a4e6a62d68939a09549eb5a780e7e1b6150c02b361bf319f0
1791660377.692966 runnervmmprz5 zainod-0.9.0[2988]:     at packages/zaino-chain-head-service/src/service.rs:426
1791660377.692966 runnervmmprz5 zainod-0.9.0[2988]:     in zaino_chain_head_service::service::ChainHeadService::tick
1791660377.693761 runnervmmprz5 zainod-0.9.0[2988]:   19:26:17.693  INFO zaino_chain_head_service::service: Syncing block, height: 4382124, hash: 00007e6d9d39082eb44349dcf3cbcf06470283e193357392f2602da6caff35a7
1791660377.693761 runnervmmprz5 zainod-0.9.0[2988]:     at packages/zaino-chain-head-service/src/service.rs:426
1791660377.693761 runnervmmprz5 zainod-0.9.0[2988]:     in zaino_chain_head_service::service::ChainHeadService::tick
1791660377.695376 runnervmmprz5 zainod-0.9.0[2988]:   19:26:17.695  INFO zaino_chain_head_service::service: Syncing block, height: 4382125, hash: 00022d823c4b4df9ee7e4af03876516d4b5126b7b778b5cceeb98d011f8f88dd
1791660377.695376 runnervmmprz5 zainod-0.9.0[2988]:     at packages/zaino-chain-head-service/src/service.rs:426
1791660377.695376 runnervmmprz5 zainod-0.9.0[2988]:     in zaino_chain_head_service::service::ChainHeadService::tick
1791660377.704764 runnervmmprz5 zainod-0.9.0[2988]:   19:26:17.704  INFO zaino_chain_head_service::service: Syncing block, height: 4382126, hash: 00005602083b4755b1dc2e4090c1bd1305d5cbeb6a4324abb395cc44d18a76ae
1791660377.704764 runnervmmprz5 zainod-0.9.0[2988]:     at packages/zaino-chain-head-service/src/service.rs:426
1791660377.704764 runnervmmprz5 zainod-0.9.0[2988]:     in zaino_chain_head_service::service::ChainHeadService::tick
1791660377.705754 runnervmmprz5 zainod-0.9.0[2988]:   19:26:17.705  INFO zaino_chain_head_service::service: Syncing block, height: 4382127, hash: 000015ca6dab02d4e8f752b03e5e59c0d11ef84c90843a449aaa06c25fa81db4
1791660377.705754 runnervmmprz5 zainod-0.9.0[2988]:     at packages/zaino-chain-head-service/src/service.rs:426
1791660377.705754 runnervmmprz5 zainod-0.9.0[2988]:     in zaino_chain_head_service::service::ChainHeadService::tick
1791660377.706558 runnervmmprz5 zainod-0.9.0[2988]:   19:26:17.706  INFO zaino_chain_head_service::service: Syncing block, height: 4382128, hash: 000005722de2efb242726ab226a4fa6bc6fc84eb71131a363cacd2ac074fa623
1791660377.706558 runnervmmprz5 zainod-0.9.0[2988]:     at packages/zaino-chain-head-service/src/service.rs:426
1791660377.706558 runnervmmprz5 zainod-0.9.0[2988]:     in zaino_chain_head_service::service::ChainHeadService::tick
1791660377.706949 runnervmmprz5 zainod-0.9.0[2988]:   19:26:17.706  INFO zaino_chain_head_service::service: Syncing block, height: 4382129, hash: 00003f50db0587e3ec782694db8ae4cefc86525cae8ecfdfe49727bce867cc07
1791660377.706949 runnervmmprz5 zainod-0.9.0[2988]:     at packages/zaino-chain-head-service/src/service.rs:426
1791660377.706949 runnervmmprz5 zainod-0.9.0[2988]:     in zaino_chain_head_service::service::ChainHeadService::tick
1791660377.707943 runnervmmprz5 zainod-0.9.0[2988]:   19:26:17.707  INFO zaino_chain_head_service::service: Syncing block, height: 4382130, hash: 000071a56f7eb25ad4c9479413791cc0c50bb571f8eae1851234fde0c1d7889e
1791660377.707943 runnervmmprz5 zainod-0.9.0[2988]:     at packages/zaino-chain-head-service/src/service.rs:426
1791660377.707943 runnervmmprz5 zainod-0.9.0[2988]:     in zaino_chain_head_service::service::ChainHeadService::tick
1791660377.708619 runnervmmprz5 zainod-0.9.0[2988]:   19:26:17.708  INFO zaino_chain_head_service::service: Syncing block, height: 4382131, hash: 00003360857f0fff35c13491f7d6a5347b10c69f578483a56325d35b454d3dec
1791660377.708619 runnervmmprz5 zainod-0.9.0[2988]:     at packages/zaino-chain-head-service/src/service.rs:426
1791660377.708619 runnervmmprz5 zainod-0.9.0[2988]:     in zaino_chain_head_service::service::ChainHeadService::tick
1791660377.709328 runnervmmprz5 zainod-0.9.0[2988]:   19:26:17.709  INFO zaino_chain_head_service::service: Syncing block, height: 4382132, hash: 000038ea26de45441f5f9d97e23ce1f1b19481c582174a2d65ab15e0b26c8e2b
1791660377.709328 runnervmmprz5 zainod-0.9.0[2988]:     at packages/zaino-chain-head-service/src/service.rs:426
1791660377.709328 runnervmmprz5 zainod-0.9.0[2988]:     in zaino_chain_head_service::service::ChainHeadService::tick
1791660377.710251 runnervmmprz5 zainod-0.9.0[2988]:   19:26:17.710  INFO zaino_chain_head_service::service: Syncing block, height: 4382133, hash: 0000736b2ae1967eec2bd456505f385ab7ed23325d53f418816a410d00606e14
1791660377.710251 runnervmmprz5 zainod-0.9.0[2988]:     at packages/zaino-chain-head-service/src/service.rs:426
1791660377.710251 runnervmmprz5 zainod-0.9.0[2988]:     in zaino_chain_head_service::service::ChainHeadService::tick
1791660377.712149 runnervmmprz5 zainod-0.9.0[2988]:   19:26:17.712  INFO zaino_chain_head_service::service: Syncing block, height: 4382134, hash: 000009636de422bd3ffb2a4a99676cda15c52ce9b7e7ccd8771e05edace5d458
1791660377.712149 runnervmmprz5 zainod-0.9.0[2988]:     at packages/zaino-chain-head-service/src/service.rs:426
1791660377.712149 runnervmmprz5 zainod-0.9.0[2988]:     in zaino_chain_head_service::service::ChainHeadService::tick
1791660377.714190 runnervmmprz5 zainod-0.9.0[2988]:   19:26:17.714  INFO zaino_chain_head_service::service: Syncing block, height: 4382135, hash: 00002a768ce750477dd752702a3db5863376bfae0bcc0da2427e05bb82b0fb1e
1791660377.714190 runnervmmprz5 zainod-0.9.0[2988]:     at packages/zaino-chain-head-service/src/service.rs:426
1791660377.714190 runnervmmprz5 zainod-0.9.0[2988]:     in zaino_chain_head_service::service::ChainHeadService::tick
1791660377.725789 runnervmmprz5 zainod-0.9.0[2988]:   19:26:17.725  INFO zaino_chain_head_service::service: Syncing block, height: 4382136, hash: 000041e6247f686fcab172dd32e14d179335cefd1a991e6c84a3e86117037e0c
1791660377.725789 runnervmmprz5 zainod-0.9.0[2988]:     at packages/zaino-chain-head-service/src/service.rs:426
1791660377.725789 runnervmmprz5 zainod-0.9.0[2988]:     in zaino_chain_head_service::service::ChainHeadService::tick
1791660377.726358 runnervmmprz5 zainod-0.9.0[2988]:   19:26:17.726  INFO zaino_chain_head_service::service: Syncing block, height: 4382137, hash: 00007b49bb001c82ed06a8053399925e134188ca43dd35193078dcf234638d02
1791660377.726358 runnervmmprz5 zainod-0.9.0[2988]:     at packages/zaino-chain-head-service/src/service.rs:426
1791660377.726358 runnervmmprz5 zainod-0.9.0[2988]:     in zaino_chain_head_service::service::ChainHeadService::tick
1791660377.727244 runnervmmprz5 zainod-0.9.0[2988]:   19:26:17.727  INFO zaino_chain_head_service::service: Syncing block, height: 4382138, hash: 0000302603789e339291418acbee70012f903188bdd19ea70270184ca817991c
1791660377.727244 runnervmmprz5 zainod-0.9.0[2988]:     at packages/zaino-chain-head-service/src/service.rs:426
1791660377.727244 runnervmmprz5 zainod-0.9.0[2988]:     in zaino_chain_head_service::service::ChainHeadService::tick
1791660377.728337 runnervmmprz5 zainod-0.9.0[2988]:   19:26:17.728  INFO zaino_chain_head_service::service: Syncing block, height: 4382139, hash: 00001c58997b73f1756e9da9396d3002b98b8ccbd42f7a8d18e85828ab9a52a9
1791660377.728337 runnervmmprz5 zainod-0.9.0[2988]:     at packages/zaino-chain-head-service/src/service.rs:426
1791660377.728337 runnervmmprz5 zainod-0.9.0[2988]:     in zaino_chain_head_service::service::ChainHeadService::tick
1791660377.728954 runnervmmprz5 zainod-0.9.0[2988]:   19:26:17.728  INFO zaino_chain_head_service::service: Syncing block, height: 4382140, hash: 00005f26cc1d776eccdaa6e5a54a15ff4a9ccf8ae41d1923ed8c82bd183bef0a
1791660377.728954 runnervmmprz5 zainod-0.9.0[2988]:     at packages/zaino-chain-head-service/src/service.rs:426
1791660377.728954 runnervmmprz5 zainod-0.9.0[2988]:     in zaino_chain_head_service::service::ChainHeadService::tick
1791660377.729680 runnervmmprz5 zainod-0.9.0[2988]:   19:26:17.729  INFO zaino_chain_head_service::service: Syncing block, height: 4382141, hash: 00007062e131add8c69691606b91503097ac5022fea56494b47d59519b55c447
1791660377.729680 runnervmmprz5 zainod-0.9.0[2988]:     at packages/zaino-chain-head-service/src/service.rs:426
1791660377.729680 runnervmmprz5 zainod-0.9.0[2988]:     in zaino_chain_head_service::service::ChainHeadService::tick
1791660377.730378 runnervmmprz5 zainod-0.9.0[2988]:   19:26:17.730  INFO zaino_chain_head_service::service: Syncing block, height: 4382142, hash: 00004f216c9e9f7ce11e745d90aad0e3332f7c196c5887e7a61f61d0ba2c0a22
1791660377.730378 runnervmmprz5 zainod-0.9.0[2988]:     at packages/zaino-chain-head-service/src/service.rs:426
1791660377.730378 runnervmmprz5 zainod-0.9.0[2988]:     in zaino_chain_head_service::service::ChainHeadService::tick
1791660377.739316 runnervmmprz5 zainod-0.9.0[2988]:   19:26:17.739  INFO zaino_chain_head_service::service: Syncing block, height: 4382143, hash: 00004d6d8081b1bb91649b05eb26ac571fad40279a3b8dd7f3f56e733f5f60af
1791660377.739316 runnervmmprz5 zainod-0.9.0[2988]:     at packages/zaino-chain-head-service/src/service.rs:426
1791660377.739316 runnervmmprz5 zainod-0.9.0[2988]:     in zaino_chain_head_service::service::ChainHeadService::tick
1791660377.740968 runnervmmprz5 zainod-0.9.0[2988]:   19:26:17.740  INFO zaino_chain_head_service::service: Syncing block, height: 4382144, hash: 00004774c6a83d29cb28cad6009ef1544fd7193e34868e36bcfb5c2702ca689b
1791660377.740968 runnervmmprz5 zainod-0.9.0[2988]:     at packages/zaino-chain-head-service/src/service.rs:426
1791660377.740968 runnervmmprz5 zainod-0.9.0[2988]:     in zaino_chain_head_service::service::ChainHeadService::tick
1791660377.741704 runnervmmprz5 zainod-0.9.0[2988]:   19:26:17.741  INFO zaino_chain_head_service::service: Syncing block, height: 4382145, hash: 00005a38f00eecdc5563ec29c9fe7e01725ef84af9a13553e255bd49a4173aaa
1791660377.741704 runnervmmprz5 zainod-0.9.0[2988]:     at packages/zaino-chain-head-service/src/service.rs:426
1791660377.741704 runnervmmprz5 zainod-0.9.0[2988]:     in zaino_chain_head_service::service::ChainHeadService::tick
1791660377.742997 runnervmmprz5 zainod-0.9.0[2988]:   19:26:17.742  INFO zaino_chain_head_service::service: Syncing block, height: 4382146, hash: 000009dff6bdb3ddd25a0c65d75c00dcf8f12be36b5d44c5e506797e95cf5871
1791660377.742997 runnervmmprz5 zainod-0.9.0[2988]:     at packages/zaino-chain-head-service/src/service.rs:426
1791660377.742997 runnervmmprz5 zainod-0.9.0[2988]:     in zaino_chain_head_service::service::ChainHeadService::tick
1791660377.743570 runnervmmprz5 zainod-0.9.0[2988]:   19:26:17.743  INFO zaino_chain_head_service::service: Syncing block, height: 4382147, hash: 00001a9e689dc6075078f5c3d1a902f2d2452e7d810acb20e5327fa5aa6e1054
1791660377.743570 runnervmmprz5 zainod-0.9.0[2988]:     at packages/zaino-chain-head-service/src/service.rs:426
1791660377.743570 runnervmmprz5 zainod-0.9.0[2988]:     in zaino_chain_head_service::service::ChainHeadService::tick
1791660377.745617 runnervmmprz5 zainod-0.9.0[2988]:   19:26:17.745  INFO zaino_chain_head_service::service: Syncing block, height: 4382148, hash: 00005db0373a161a635a2136d0202ad809a9031d041dd63e48c3dd5bb9b22fc9
1791660377.745617 runnervmmprz5 zainod-0.9.0[2988]:     at packages/zaino-chain-head-service/src/service.rs:426
1791660377.745617 runnervmmprz5 zainod-0.9.0[2988]:     in zaino_chain_head_service::service::ChainHeadService::tick
1791660377.756170 runnervmmprz5 zainod-0.9.0[2988]:   19:26:17.756  INFO zaino_chain_head_service::service: Syncing block, height: 4382149, hash: 000031211311592b900a5c3ef31ab89d8782290a33f3468529ff0994063b99bd
1791660377.756170 runnervmmprz5 zainod-0.9.0[2988]:     at packages/zaino-chain-head-service/src/service.rs:426
1791660377.756170 runnervmmprz5 zainod-0.9.0[2988]:     in zaino_chain_head_service::service::ChainHeadService::tick
1791660377.756758 runnervmmprz5 zainod-0.9.0[2988]:   19:26:17.756  INFO zaino_chain_head_service::service: Syncing block, height: 4382150, hash: 000054309f6a9dca38a670d80acb4e926e17fcaca80b8731298df13fd3ffb4cc
1791660377.756758 runnervmmprz5 zainod-0.9.0[2988]:     at packages/zaino-chain-head-service/src/service.rs:426
1791660377.756758 runnervmmprz5 zainod-0.9.0[2988]:     in zaino_chain_head_service::service::ChainHeadService::tick
1791660377.757435 runnervmmprz5 zainod-0.9.0[2988]:   19:26:17.757  INFO zaino_chain_head_service::service: Syncing block, height: 4382151, hash: 000017c3fe3c65f429554e21ab5ad5e20b784b94b524121f7bf7e619fffedee9
1791660377.757435 runnervmmprz5 zainod-0.9.0[2988]:     at packages/zaino-chain-head-service/src/service.rs:426
1791660377.757435 runnervmmprz5 zainod-0.9.0[2988]:     in zaino_chain_head_service::service::ChainHeadService::tick
1791660377.758143 runnervmmprz5 zainod-0.9.0[2988]:   19:26:17.758  INFO zaino_chain_head_service::service: Syncing block, height: 4382152, hash: 00005f98ca7c9e050a3f92eae4e039e462c61c958f4db6017a649a9ba7b08fcd
1791660377.758143 runnervmmprz5 zainod-0.9.0[2988]:     at packages/zaino-chain-head-service/src/service.rs:426
1791660377.758143 runnervmmprz5 zainod-0.9.0[2988]:     in zaino_chain_head_service::service::ChainHeadService::tick
1791660377.759172 runnervmmprz5 zainod-0.9.0[2988]:   19:26:17.759  INFO zaino_chain_head_service::service: Syncing block, height: 4382153, hash: 00001fdb801a528a6a780b60565a7bac17c74d49ff0cfc41122bb082ddc5fee7
1791660377.759172 runnervmmprz5 zainod-0.9.0[2988]:     at packages/zaino-chain-head-service/src/service.rs:426
1791660377.759172 runnervmmprz5 zainod-0.9.0[2988]:     in zaino_chain_head_service::service::ChainHeadService::tick
1791660377.759973 runnervmmprz5 zainod-0.9.0[2988]:   19:26:17.759  INFO zaino_chain_head_service::service: Syncing block, height: 4382154, hash: 00003c8206a7626e95cc70c9cd6ad65ada985eba2c38ea6774ee45b0f4cafc34
1791660377.759973 runnervmmprz5 zainod-0.9.0[2988]:     at packages/zaino-chain-head-service/src/service.rs:426
1791660377.759973 runnervmmprz5 zainod-0.9.0[2988]:     in zaino_chain_head_service::service::ChainHeadService::tick
1791660377.760454 runnervmmprz5 zainod-0.9.0[2988]:   19:26:17.760  INFO zaino_chain_head_service::service: Syncing block, height: 4382155, hash: 00003df3dcc8eb28f418109b690cd6e42179e412e440467efb8654808a5e75a9
1791660377.760454 runnervmmprz5 zainod-0.9.0[2988]:     at packages/zaino-chain-head-service/src/service.rs:426
1791660377.760454 runnervmmprz5 zainod-0.9.0[2988]:     in zaino_chain_head_service::service::ChainHeadService::tick
1791660377.761173 runnervmmprz5 zainod-0.9.0[2988]:   19:26:17.761  INFO zaino_chain_head_service::service: Syncing block, height: 4382156, hash: 00002dd7756d0d513cdfa9c7cd7f5f7c1aed5e2e9f33b7bb239cfb6b43cc7458
1791660377.761173 runnervmmprz5 zainod-0.9.0[2988]:     at packages/zaino-chain-head-service/src/service.rs:426
1791660377.761173 runnervmmprz5 zainod-0.9.0[2988]:     in zaino_chain_head_service::service::ChainHeadService::tick
1791660377.761961 runnervmmprz5 zainod-0.9.0[2988]:   19:26:17.761  INFO zaino_chain_head_service::service: Syncing block, height: 4382157, hash: 0000399afc8ccfd6b8fd27fa568bb93317c13019a30aff560f06c25939a1762a
1791660377.761961 runnervmmprz5 zainod-0.9.0[2988]:     at packages/zaino-chain-head-service/src/service.rs:426
1791660377.761961 runnervmmprz5 zainod-0.9.0[2988]:     in zaino_chain_head_service::service::ChainHeadService::tick
1791660377.762915 runnervmmprz5 zainod-0.9.0[2988]:   19:26:17.762  INFO zaino_chain_head_service::service: Syncing block, height: 4382158, hash: 000072b427e19ad258f55eb507878b4b98c347c33cfddbf04e182b5e6104f604
1791660377.762915 runnervmmprz5 zainod-0.9.0[2988]:     at packages/zaino-chain-head-service/src/service.rs:426
1791660377.762915 runnervmmprz5 zainod-0.9.0[2988]:     in zaino_chain_head_service::service::ChainHeadService::tick
1791660377.763472 runnervmmprz5 zainod-0.9.0[2988]:   19:26:17.763  INFO zaino_chain_head_service::service: Syncing block, height: 4382159, hash: 00002533524dacf12846c6a5f7561294cd67ada81ddb5b4f485b2d0567c2b167
1791660377.763472 runnervmmprz5 zainod-0.9.0[2988]:     at packages/zaino-chain-head-service/src/service.rs:426
1791660377.763472 runnervmmprz5 zainod-0.9.0[2988]:     in zaino_chain_head_service::service::ChainHeadService::tick
1791660377.765235 runnervmmprz5 zainod-0.9.0[2988]:   19:26:17.765  INFO zaino_chain_head_service::service: Syncing block, height: 4382160, hash: 000071a2811d2214891b165c4a45994ba9193f68e3edacc9224ed420aa98cee3
1791660377.765235 runnervmmprz5 zainod-0.9.0[2988]:     at packages/zaino-chain-head-service/src/service.rs:426
1791660377.765235 runnervmmprz5 zainod-0.9.0[2988]:     in zaino_chain_head_service::service::ChainHeadService::tick
1791660377.765798 runnervmmprz5 zainod-0.9.0[2988]:   19:26:17.765  INFO zaino_chain_head_service::service: Syncing block, height: 4382161, hash: 00003540cdda1daa57e4910f26a3016cc4c0cbaef8b3cbad248b6225ef58a000
1791660377.765798 runnervmmprz5 zainod-0.9.0[2988]:     at packages/zaino-chain-head-service/src/service.rs:426
1791660377.765798 runnervmmprz5 zainod-0.9.0[2988]:     in zaino_chain_head_service::service::ChainHeadService::tick
1791660377.773649 runnervmmprz5 zainod-0.9.0[2988]:   19:26:17.773  INFO zaino_chain_head_service::service: Syncing block, height: 4382162, hash: 000017d0ab44e130f3ca3aeab3d56303718c4eca306ebc6d542e857e41b5dca0
1791660377.773649 runnervmmprz5 zainod-0.9.0[2988]:     at packages/zaino-chain-head-service/src/service.rs:426
1791660377.773649 runnervmmprz5 zainod-0.9.0[2988]:     in zaino_chain_head_service::service::ChainHeadService::tick
1791660377.774598 runnervmmprz5 zainod-0.9.0[2988]:   19:26:17.774  INFO zaino_chain_head_service::service: Syncing block, height: 4382163, hash: 000067b46fe69f95e32ced37af827aefc8d6180d28ca9ba88a9fdef0fede40af
1791660377.774598 runnervmmprz5 zainod-0.9.0[2988]:     at packages/zaino-chain-head-service/src/service.rs:426
1791660377.774598 runnervmmprz5 zainod-0.9.0[2988]:     in zaino_chain_head_service::service::ChainHeadService::tick
1791660377.775385 runnervmmprz5 zainod-0.9.0[2988]:   19:26:17.775  INFO zaino_chain_head_service::service: Syncing block, height: 4382164, hash: 00005c2e4551ab3387c259e7f406320dcf8148b580e24cdfdde44bb5d670f7e6
1791660377.775385 runnervmmprz5 zainod-0.9.0[2988]:     at packages/zaino-chain-head-service/src/service.rs:426
1791660377.775385 runnervmmprz5 zainod-0.9.0[2988]:     in zaino_chain_head_service::service::ChainHeadService::tick
1791660377.776154 runnervmmprz5 zainod-0.9.0[2988]:   19:26:17.776  INFO zaino_chain_head_service::service: Syncing block, height: 4382165, hash: 00002fe699baa98ab6ca97dd11518599bf226f4f981ca010bcbd5707bebe4873
1791660377.776154 runnervmmprz5 zainod-0.9.0[2988]:     at packages/zaino-chain-head-service/src/service.rs:426
1791660377.776154 runnervmmprz5 zainod-0.9.0[2988]:     in zaino_chain_head_service::service::ChainHeadService::tick
1791660377.777043 runnervmmprz5 zainod-0.9.0[2988]:   19:26:17.777  INFO zaino_chain_head_service::service: Syncing block, height: 4382166, hash: 000028409eaed31c0a24de2ee316d5e406b523f72d0e79040474b6baed2bb8ea
1791660377.777043 runnervmmprz5 zainod-0.9.0[2988]:     at packages/zaino-chain-head-service/src/service.rs:426
1791660377.777043 runnervmmprz5 zainod-0.9.0[2988]:     in zaino_chain_head_service::service::ChainHeadService::tick
1791660377.777759 runnervmmprz5 zainod-0.9.0[2988]:   19:26:17.777  INFO zaino_chain_head_service::service: Syncing block, height: 4382167, hash: 00006e4a0483b1816e49cf90a95b356e7fe313ed1d2d7e882a96adcd2a3993b0
1791660377.777759 runnervmmprz5 zainod-0.9.0[2988]:     at packages/zaino-chain-head-service/src/service.rs:426
1791660377.777759 runnervmmprz5 zainod-0.9.0[2988]:     in zaino_chain_head_service::service::ChainHeadService::tick
1791660377.778422 runnervmmprz5 zainod-0.9.0[2988]:   19:26:17.778  INFO zaino_chain_head_service::service: Syncing block, height: 4382168, hash: 00003d2ad466bb0ac80ba1dd8c38ad1b4969ec3071edfa32a768dad097f72bb7
1791660377.778422 runnervmmprz5 zainod-0.9.0[2988]:     at packages/zaino-chain-head-service/src/service.rs:426
1791660377.778422 runnervmmprz5 zainod-0.9.0[2988]:     in zaino_chain_head_service::service::ChainHeadService::tick
1791660377.779178 runnervmmprz5 zainod-0.9.0[2988]:   19:26:17.779  INFO zaino_chain_head_service::service: Syncing block, height: 4382169, hash: 0000331a0ca7b3374ebd1311cad815d836a379fc6ed4ab9bd80dd537244b24b1
1791660377.779178 runnervmmprz5 zainod-0.9.0[2988]:     at packages/zaino-chain-head-service/src/service.rs:426
1791660377.779178 runnervmmprz5 zainod-0.9.0[2988]:     in zaino_chain_head_service::service::ChainHeadService::tick
1791660377.786934 runnervmmprz5 zainod-0.9.0[2988]:   19:26:17.786  INFO zaino_chain_head_service::service: Syncing block, height: 4382170, hash: 00004ea16ecae7d31eb1a8c54a93b936f8589283495966d2b03a7910a49ee612
1791660377.786934 runnervmmprz5 zainod-0.9.0[2988]:     at packages/zaino-chain-head-service/src/service.rs:426
1791660377.786934 runnervmmprz5 zainod-0.9.0[2988]:     in zaino_chain_head_service::service::ChainHeadService::tick
1791660377.787984 runnervmmprz5 zainod-0.9.0[2988]:   19:26:17.787  INFO zaino_chain_head_service::service: Syncing block, height: 4382171, hash: 000008648e3297334cb8509758fbebaad01cd7b03ce751debd5677a12502fe2a
1791660377.787984 runnervmmprz5 zainod-0.9.0[2988]:     at packages/zaino-chain-head-service/src/service.rs:426
1791660377.787984 runnervmmprz5 zainod-0.9.0[2988]:     in zaino_chain_head_service::service::ChainHeadService::tick
1791660377.789215 runnervmmprz5 zainod-0.9.0[2988]:   19:26:17.789  INFO zaino_chain_head_service::service: Syncing block, height: 4382172, hash: 000020fc78331aad1186ae096fda259a1e808c80e1bde9ef876e99b8870b2966
1791660377.789215 runnervmmprz5 zainod-0.9.0[2988]:     at packages/zaino-chain-head-service/src/service.rs:426
1791660377.789215 runnervmmprz5 zainod-0.9.0[2988]:     in zaino_chain_head_service::service::ChainHeadService::tick
1791660377.790795 runnervmmprz5 zainod-0.9.0[2988]:   19:26:17.790  INFO zaino_chain_head_service::service: Syncing block, height: 4382173, hash: 000078bc38e8be52684f5aaa5f177e837f5d5efafa70af55c2eb89795214b563
1791660377.790795 runnervmmprz5 zainod-0.9.0[2988]:     at packages/zaino-chain-head-service/src/service.rs:426
1791660377.790795 runnervmmprz5 zainod-0.9.0[2988]:     in zaino_chain_head_service::service::ChainHeadService::tick
1791660377.791490 runnervmmprz5 zainod-0.9.0[2988]:   19:26:17.791  INFO zaino_chain_head_service::service: Syncing block, height: 4382174, hash: 000067e495331c01ce4f20c6a2708cffb76a015d1f21cc50985be40c63f1d53b
1791660377.791490 runnervmmprz5 zainod-0.9.0[2988]:     at packages/zaino-chain-head-service/src/service.rs:426
1791660377.791490 runnervmmprz5 zainod-0.9.0[2988]:     in zaino_chain_head_service::service::ChainHeadService::tick
1791660377.792323 runnervmmprz5 zainod-0.9.0[2988]:   19:26:17.792  INFO zaino_chain_head_service::service: Syncing block, height: 4382175, hash: 000001618cf4c4ba250692036b5feeccf6f6d539f0605de9c8cd5f4c701952df
1791660377.792323 runnervmmprz5 zainod-0.9.0[2988]:     at packages/zaino-chain-head-service/src/service.rs:426
1791660377.792323 runnervmmprz5 zainod-0.9.0[2988]:     in zaino_chain_head_service::service::ChainHeadService::tick
1791660377.793048 runnervmmprz5 zainod-0.9.0[2988]:   19:26:17.793  INFO zaino_chain_head_service::service: Syncing block, height: 4382176, hash: 000036d55775963f1f53aa479336adadf0f4c2bec0946ad789ec3a9090b7b1e8
1791660377.793048 runnervmmprz5 zainod-0.9.0[2988]:     at packages/zaino-chain-head-service/src/service.rs:426
1791660377.793048 runnervmmprz5 zainod-0.9.0[2988]:     in zaino_chain_head_service::service::ChainHeadService::tick
1791660377.793969 runnervmmprz5 zainod-0.9.0[2988]:   19:26:17.793  INFO zaino_chain_head_service::service: Syncing block, height: 4382177, hash: 0000017a7d7d3aa8cd7087af7c6865dac982e2995017d80bba37d3b86c79f16c
1791660377.793969 runnervmmprz5 zainod-0.9.0[2988]:     at packages/zaino-chain-head-service/src/service.rs:426
1791660377.793969 runnervmmprz5 zainod-0.9.0[2988]:     in zaino_chain_head_service::service::ChainHeadService::tick
1791660377.794669 runnervmmprz5 zainod-0.9.0[2988]:   19:26:17.794  INFO zaino_chain_head_service::service: Syncing block, height: 4382178, hash: 00003c819d2de885a201b001182314ff42b8eb11d680892e3ba4e892d7629b36
1791660377.794669 runnervmmprz5 zainod-0.9.0[2988]:     at packages/zaino-chain-head-service/src/service.rs:426
1791660377.794669 runnervmmprz5 zainod-0.9.0[2988]:     in zaino_chain_head_service::service::ChainHeadService::tick
1791660377.795606 runnervmmprz5 zainod-0.9.0[2988]:   19:26:17.795  INFO zaino_chain_head_service::service: Syncing block, height: 4382179, hash: 000007f0f95800eeb201e8833ec072ba02fffecb32dea75208c0408f80759da3
1791660377.795606 runnervmmprz5 zainod-0.9.0[2988]:     at packages/zaino-chain-head-service/src/service.rs:426
1791660377.795606 runnervmmprz5 zainod-0.9.0[2988]:     in zaino_chain_head_service::service::ChainHeadService::tick
1791660377.805303 runnervmmprz5 zainod-0.9.0[2988]:   19:26:17.805  INFO zaino_chain_head_service::service: Syncing block, height: 4382180, hash: 00006e4b65cb5ca8dcdb156b52dda6ea3aec69e5676ab5cfebaf38bdcf733b09
1791660377.805303 runnervmmprz5 zainod-0.9.0[2988]:     at packages/zaino-chain-head-service/src/service.rs:426
1791660377.805303 runnervmmprz5 zainod-0.9.0[2988]:     in zaino_chain_head_service::service::ChainHeadService::tick
1791660377.807670 runnervmmprz5 zainod-0.9.0[2988]:   19:26:17.807  INFO zaino_chain_head_service::service: Syncing block, height: 4382181, hash: 000073c2d32a38b616c32f06b5c00dec091e2c8fb2d258e708d262354cafee1e
1791660377.807670 runnervmmprz5 zainod-0.9.0[2988]:     at packages/zaino-chain-head-service/src/service.rs:426
1791660377.807670 runnervmmprz5 zainod-0.9.0[2988]:     in zaino_chain_head_service::service::ChainHeadService::tick
1791660377.808306 runnervmmprz5 zainod-0.9.0[2988]:   19:26:17.808  INFO zaino_chain_head_service::service: Syncing block, height: 4382182, hash: 0000703fd0429ba4cdf76adcc0d1c4248d9646b0e81c19a79c72cb34ee04b4e9
1791660377.808306 runnervmmprz5 zainod-0.9.0[2988]:     at packages/zaino-chain-head-service/src/service.rs:426
1791660377.808306 runnervmmprz5 zainod-0.9.0[2988]:     in zaino_chain_head_service::service::ChainHeadService::tick
1791660377.808990 runnervmmprz5 zainod-0.9.0[2988]:   19:26:17.808  INFO zaino_chain_head_service::service: Syncing block, height: 4382183, hash: 000037b4dd37bdd1001d531e4ca9c42f8a4eddf7c603eb7c2b3efd11ec7f81b1
1791660377.808990 runnervmmprz5 zainod-0.9.0[2988]:     at packages/zaino-chain-head-service/src/service.rs:426
1791660377.808990 runnervmmprz5 zainod-0.9.0[2988]:     in zaino_chain_head_service::service::ChainHeadService::tick
1791660377.809700 runnervmmprz5 zainod-0.9.0[2988]:   19:26:17.809  INFO zaino_chain_head_service::service: Syncing block, height: 4382184, hash: 0000307e7d376b57efa752c7310fc2ce49ece47f90494009e12d63cbc61543fc
1791660377.809700 runnervmmprz5 zainod-0.9.0[2988]:     at packages/zaino-chain-head-service/src/service.rs:426
1791660377.809700 runnervmmprz5 zainod-0.9.0[2988]:     in zaino_chain_head_service::service::ChainHeadService::tick
1791660377.810368 runnervmmprz5 zainod-0.9.0[2988]:   19:26:17.810  INFO zaino_chain_head_service::service: Syncing block, height: 4382185, hash: 0000341a3a0b31b0977d26a21ccecee07c9a8d5cde0a4dd93c424accd9a44ffa
1791660377.810368 runnervmmprz5 zainod-0.9.0[2988]:     at packages/zaino-chain-head-service/src/service.rs:426
1791660377.810368 runnervmmprz5 zainod-0.9.0[2988]:     in zaino_chain_head_service::service::ChainHeadService::tick
1791660377.811263 runnervmmprz5 zainod-0.9.0[2988]:   19:26:17.811  INFO zaino_chain_head_service::service: Syncing block, height: 4382186, hash: 0000095e86fa88b36671d9931a6472728b6401748d1de86ace267ca9663e54f4
1791660377.811263 runnervmmprz5 zainod-0.9.0[2988]:     at packages/zaino-chain-head-service/src/service.rs:426
1791660377.811263 runnervmmprz5 zainod-0.9.0[2988]:     in zaino_chain_head_service::service::ChainHeadService::tick
1791660377.812767 runnervmmprz5 zainod-0.9.0[2988]:   19:26:17.812  INFO zaino_chain_head_service::service: Syncing block, height: 4382187, hash: 00000f95ac3051766d06ba120d71b23c2502e5eeb5ce78d5fdb6dbfeb0dcd44d
1791660377.812767 runnervmmprz5 zainod-0.9.0[2988]:     at packages/zaino-chain-head-service/src/service.rs:426
1791660377.812767 runnervmmprz5 zainod-0.9.0[2988]:     in zaino_chain_head_service::service::ChainHeadService::tick
1791660377.824506 runnervmmprz5 zainod-0.9.0[2988]:   19:26:17.824  INFO zaino_chain_head_service::service: Syncing block, height: 4382188, hash: 000047f7761c8138dab2ca17707d8751068632d561e04b99b7e7f035cd287bd2
1791660377.824506 runnervmmprz5 zainod-0.9.0[2988]:     at packages/zaino-chain-head-service/src/service.rs:426
1791660377.824506 runnervmmprz5 zainod-0.9.0[2988]:     in zaino_chain_head_service::service::ChainHeadService::tick
1791660377.825470 runnervmmprz5 zainod-0.9.0[2988]:   19:26:17.825  INFO zaino_chain_head_service::service: Syncing block, height: 4382189, hash: 00000db952bc19e3f11d142d65196df92dd20fc37a45d13b955bb1f6557b49f7
1791660377.825470 runnervmmprz5 zainod-0.9.0[2988]:     at packages/zaino-chain-head-service/src/service.rs:426
1791660377.825470 runnervmmprz5 zainod-0.9.0[2988]:     in zaino_chain_head_service::service::ChainHeadService::tick
1791660377.826547 runnervmmprz5 zainod-0.9.0[2988]:   19:26:17.826  INFO zaino_chain_head_service::service: Syncing block, height: 4382190, hash: 000052a0e67a00ac624b942c58f970bc3abcbfdb760271d73a144717c05a5599
1791660377.826547 runnervmmprz5 zainod-0.9.0[2988]:     at packages/zaino-chain-head-service/src/service.rs:426
1791660377.826547 runnervmmprz5 zainod-0.9.0[2988]:     in zaino_chain_head_service::service::ChainHeadService::tick
1791660377.827051 runnervmmprz5 zainod-0.9.0[2988]:   19:26:17.827  INFO zaino_chain_head_service::service: Syncing block, height: 4382191, hash: 00000edf1ff0803e4fff6543d6d5b264d95ee8276e32f3f6203c67b07ede2634
1791660377.827051 runnervmmprz5 zainod-0.9.0[2988]:     at packages/zaino-chain-head-service/src/service.rs:426
1791660377.827051 runnervmmprz5 zainod-0.9.0[2988]:     in zaino_chain_head_service::service::ChainHeadService::tick
1791660377.827649 runnervmmprz5 zainod-0.9.0[2988]:   19:26:17.827  INFO zaino_chain_head_service::service: Syncing block, height: 4382192, hash: 00000054baa4ce1d5113dd74555928084349f95a0971408bd65540bee71af54b
1791660377.827649 runnervmmprz5 zainod-0.9.0[2988]:     at packages/zaino-chain-head-service/src/service.rs:426
1791660377.827649 runnervmmprz5 zainod-0.9.0[2988]:     in zaino_chain_head_service::service::ChainHeadService::tick
1791660377.828710 runnervmmprz5 zainod-0.9.0[2988]:   19:26:17.828  INFO zaino_chain_head_service::service: Syncing block, height: 4382193, hash: 00004c0ae3a147770f2b42bdea63c86995550b13f3cb621e0542c2bc17586663
1791660377.828710 runnervmmprz5 zainod-0.9.0[2988]:     at packages/zaino-chain-head-service/src/service.rs:426
1791660377.828710 runnervmmprz5 zainod-0.9.0[2988]:     in zaino_chain_head_service::service::ChainHeadService::tick
1791660377.829271 runnervmmprz5 zainod-0.9.0[2988]:   19:26:17.829  INFO zaino_chain_head_service::service: Syncing block, height: 4382194, hash: 00000e4fa60cd92e70bad0bfa3df668f955609636b46f9dd3e211b971e3ed35b
1791660377.829271 runnervmmprz5 zainod-0.9.0[2988]:     at packages/zaino-chain-head-service/src/service.rs:426
1791660377.829271 runnervmmprz5 zainod-0.9.0[2988]:     in zaino_chain_head_service::service::ChainHeadService::tick
1791660377.830182 runnervmmprz5 zainod-0.9.0[2988]:   19:26:17.830  INFO zaino_chain_head_service::service: Syncing block, height: 4382195, hash: 000004697f51ec7dac1b88ba319075cf1742e1b834ea884bf648f9b35007bf22
1791660377.830182 runnervmmprz5 zainod-0.9.0[2988]:     at packages/zaino-chain-head-service/src/service.rs:426
1791660377.830182 runnervmmprz5 zainod-0.9.0[2988]:     in zaino_chain_head_service::service::ChainHeadService::tick
1791660377.830917 runnervmmprz5 zainod-0.9.0[2988]:   19:26:17.830  INFO zaino_chain_head_service::service: Syncing block, height: 4382196, hash: 00004b1d832ffde6a4ff6ff0a76b27313d575adc4c1c85512e5b75a5e51caf7b
1791660377.830917 runnervmmprz5 zainod-0.9.0[2988]:     at packages/zaino-chain-head-service/src/service.rs:426
1791660377.830917 runnervmmprz5 zainod-0.9.0[2988]:     in zaino_chain_head_service::service::ChainHeadService::tick
1791660377.844555 runnervmmprz5 zainod-0.9.0[2988]:   19:26:17.844  INFO zaino_chain_head_service::service: Syncing block, height: 4382197, hash: 0000730ce2274d58a0bf39269f63232531526fb12d4db89e3c78fc136f9161a9
1791660377.844555 runnervmmprz5 zainod-0.9.0[2988]:     at packages/zaino-chain-head-service/src/service.rs:426
1791660377.844555 runnervmmprz5 zainod-0.9.0[2988]:     in zaino_chain_head_service::service::ChainHeadService::tick
1791660377.845452 runnervmmprz5 zainod-0.9.0[2988]:   19:26:17.845  INFO zaino_chain_head_service::service: Syncing block, height: 4382198, hash: 000004fba31495428e4c1f388d72a4290ed816e6cc9b553955b4543196f0c040
1791660377.845452 runnervmmprz5 zainod-0.9.0[2988]:     at packages/zaino-chain-head-service/src/service.rs:426
1791660377.845452 runnervmmprz5 zainod-0.9.0[2988]:     in zaino_chain_head_service::service::ChainHeadService::tick
1791660377.846577 runnervmmprz5 zainod-0.9.0[2988]:   19:26:17.846  INFO zaino_chain_head_service::service: Syncing block, height: 4382199, hash: 00002f1bb31c085605b5de721dc07bf490f783d9e00b4c36048178401d39ebae
1791660377.846577 runnervmmprz5 zainod-0.9.0[2988]:     at packages/zaino-chain-head-service/src/service.rs:426
1791660377.846577 runnervmmprz5 zainod-0.9.0[2988]:     in zaino_chain_head_service::service::ChainHeadService::tick
1791660377.847325 runnervmmprz5 zainod-0.9.0[2988]:   19:26:17.847  INFO zaino_chain_head_service::service: Syncing block, height: 4382200, hash: 00007107117b7171bfb9970cfe421fefb7d1ee6d0c99fa2efecabcb906b627c9
1791660377.847325 runnervmmprz5 zainod-0.9.0[2988]:     at packages/zaino-chain-head-service/src/service.rs:426
1791660377.847325 runnervmmprz5 zainod-0.9.0[2988]:     in zaino_chain_head_service::service::ChainHeadService::tick
1791660377.847733 runnervmmprz5 zainod-0.9.0[2988]:   19:26:17.847  INFO zaino_chain_head_service::service: Syncing block, height: 4382201, hash: 000028e365039bb982d8d86bd413d58b942a66416061edfd9be300dcccf0bee1
1791660377.847733 runnervmmprz5 zainod-0.9.0[2988]:     at packages/zaino-chain-head-service/src/service.rs:426
1791660377.847733 runnervmmprz5 zainod-0.9.0[2988]:     in zaino_chain_head_service::service::ChainHeadService::tick
1791660377.849025 runnervmmprz5 zainod-0.9.0[2988]:   19:26:17.848  INFO zaino_chain_head_service::service: Syncing block, height: 4382202, hash: 000066b734030a81460254d84a99a414d4af87b9b6d5f5d08c1aab6c9447e698
1791660377.849025 runnervmmprz5 zainod-0.9.0[2988]:     at packages/zaino-chain-head-service/src/service.rs:426
1791660377.849025 runnervmmprz5 zainod-0.9.0[2988]:     in zaino_chain_head_service::service::ChainHeadService::tick
1791660377.857811 runnervmmprz5 zainod-0.9.0[2988]:   19:26:17.857  INFO zaino_chain_head_service::service: Syncing block, height: 4382203, hash: 00006f294f7109b22dfe17a18ea4fd1aad6026178c250679e3c0f97956805986
1791660377.857811 runnervmmprz5 zainod-0.9.0[2988]:     at packages/zaino-chain-head-service/src/service.rs:426
1791660377.857811 runnervmmprz5 zainod-0.9.0[2988]:     in zaino_chain_head_service::service::ChainHeadService::tick
1791660377.858628 runnervmmprz5 zainod-0.9.0[2988]:   19:26:17.858  INFO zaino_chain_head_service::service: Syncing block, height: 4382204, hash: 00000b95604aba2740dee7df249b0ed95e71c9966230386d1ffc3a950138f343
1791660377.858628 runnervmmprz5 zainod-0.9.0[2988]:     at packages/zaino-chain-head-service/src/service.rs:426
1791660377.858628 runnervmmprz5 zainod-0.9.0[2988]:     in zaino_chain_head_service::service::ChainHeadService::tick
1791660377.859532 runnervmmprz5 zainod-0.9.0[2988]:   19:26:17.859  INFO zaino_chain_head_service::service: Syncing block, height: 4382205, hash: 000074ecce544d4ecc3a3f0e8a7d787dfadb90bb9bf6d1bb80ce16eb4c890186
1791660377.859532 runnervmmprz5 zainod-0.9.0[2988]:     at packages/zaino-chain-head-service/src/service.rs:426
1791660377.859532 runnervmmprz5 zainod-0.9.0[2988]:     in zaino_chain_head_service::service::ChainHeadService::tick
1791660377.860711 runnervmmprz5 zainod-0.9.0[2988]:   19:26:17.860  INFO zaino_chain_head_service::service: Syncing block, height: 4382206, hash: 0000200466793d0e2fdab8d559d73f806c926d31ec9a63b5f1c71f524cd3ed10
1791660377.860711 runnervmmprz5 zainod-0.9.0[2988]:     at packages/zaino-chain-head-service/src/service.rs:426
1791660377.860711 runnervmmprz5 zainod-0.9.0[2988]:     in zaino_chain_head_service::service::ChainHeadService::tick
1791660377.860931 runnervmmprz5 zainod-0.9.0[2988]:   19:26:17.860  INFO zaino_chain_head_service::service: Syncing block, height: 4382207, hash: 0000315d69917db8891eb9eee2e10df6c4482c8e5fe5a785fe2b8516cb046c5d
1791660377.860931 runnervmmprz5 zainod-0.9.0[2988]:     at packages/zaino-chain-head-service/src/service.rs:426
1791660377.860931 runnervmmprz5 zainod-0.9.0[2988]:     in zaino_chain_head_service::service::ChainHeadService::tick
1791660377.861950 runnervmmprz5 zainod-0.9.0[2988]:   19:26:17.861  INFO zaino_chain_head_service::service: Syncing block, height: 4382208, hash: 00007f553baf2d5f60a95208c7c6dcc1a617d3e5eac71634d6d7479c9eca7b5c
1791660377.861950 runnervmmprz5 zainod-0.9.0[2988]:     at packages/zaino-chain-head-service/src/service.rs:426
1791660377.861950 runnervmmprz5 zainod-0.9.0[2988]:     in zaino_chain_head_service::service::ChainHeadService::tick
1791660377.862504 runnervmmprz5 zainod-0.9.0[2988]:   19:26:17.862  INFO zaino_chain_head_service::service: Syncing block, height: 4382209, hash: 00004aa97e6a0c08e305fb98373b431ab237000d0422eaa3a09330b7e2ae6527
1791660377.862504 runnervmmprz5 zainod-0.9.0[2988]:     at packages/zaino-chain-head-service/src/service.rs:426
1791660377.862504 runnervmmprz5 zainod-0.9.0[2988]:     in zaino_chain_head_service::service::ChainHeadService::tick
1791660377.863218 runnervmmprz5 zainod-0.9.0[2988]:   19:26:17.863  INFO zaino_chain_head_service::service: Syncing block, height: 4382210, hash: 00001f384ecffedad05ce5a5aa49ca679c1c093244d5118bec24152000bcfe3d
1791660377.863218 runnervmmprz5 zainod-0.9.0[2988]:     at packages/zaino-chain-head-service/src/service.rs:426
1791660377.863218 runnervmmprz5 zainod-0.9.0[2988]:     in zaino_chain_head_service::service::ChainHeadService::tick
1791660377.863852 runnervmmprz5 zainod-0.9.0[2988]:   19:26:17.863  INFO zaino_chain_head_service::service: Syncing block, height: 4382211, hash: 000012444dfbdedd486ba67da2019f4997a4788c4ed4d6caaecc9781c4f3d4a1
1791660377.863852 runnervmmprz5 zainod-0.9.0[2988]:     at packages/zaino-chain-head-service/src/service.rs:426
1791660377.863852 runnervmmprz5 zainod-0.9.0[2988]:     in zaino_chain_head_service::service::ChainHeadService::tick
1791660377.877137 runnervmmprz5 zainod-0.9.0[2988]:   19:26:17.877  INFO zaino_chain_head_service::service: Syncing block, height: 4382212, hash: 0000679b3681a38d20a9f791f9ef576fd33cdc5a4a7aaf4ac699ebe752b23494
1791660377.877137 runnervmmprz5 zainod-0.9.0[2988]:     at packages/zaino-chain-head-service/src/service.rs:426
1791660377.877137 runnervmmprz5 zainod-0.9.0[2988]:     in zaino_chain_head_service::service::ChainHeadService::tick
1791660377.877796 runnervmmprz5 zainod-0.9.0[2988]:   19:26:17.877  INFO zaino_chain_head_service::service: Syncing block, height: 4382213, hash: 00003eaffffca73cf98e2acca48543efdb07066581b430fcbb8538e1754afbfc
1791660377.877796 runnervmmprz5 zainod-0.9.0[2988]:     at packages/zaino-chain-head-service/src/service.rs:426
1791660377.877796 runnervmmprz5 zainod-0.9.0[2988]:     in zaino_chain_head_service::service::ChainHeadService::tick
1791660377.879021 runnervmmprz5 zainod-0.9.0[2988]:   19:26:17.878  INFO zaino_chain_head_service::service: Syncing block, height: 4382214, hash: 0000256b815c8aa8effeb8bb579f7c62cb920ce56da6b33db76a68550f5b0dde
1791660377.879021 runnervmmprz5 zainod-0.9.0[2988]:     at packages/zaino-chain-head-service/src/service.rs:426
1791660377.879021 runnervmmprz5 zainod-0.9.0[2988]:     in zaino_chain_head_service::service::ChainHeadService::tick
1791660377.880035 runnervmmprz5 zainod-0.9.0[2988]:   19:26:17.879  INFO zaino_chain_head_service::service: Syncing block, height: 4382215, hash: 000000ec05e0fb52b9a76c828c479399a846b5851ef099aa767196ae0ac1e125
1791660377.880035 runnervmmprz5 zainod-0.9.0[2988]:     at packages/zaino-chain-head-service/src/service.rs:426
1791660377.880035 runnervmmprz5 zainod-0.9.0[2988]:     in zaino_chain_head_service::service::ChainHeadService::tick
1791660377.880605 runnervmmprz5 zainod-0.9.0[2988]:   19:26:17.880  INFO zaino_chain_head_service::service: Syncing block, height: 4382216, hash: 00006a72be01a198377c0146bf6d545255f5f832848202252480ae45e3dc89d4
1791660377.880605 runnervmmprz5 zainod-0.9.0[2988]:     at packages/zaino-chain-head-service/src/service.rs:426
1791660377.880605 runnervmmprz5 zainod-0.9.0[2988]:     in zaino_chain_head_service::service::ChainHeadService::tick
1791660377.881693 runnervmmprz5 zainod-0.9.0[2988]:   19:26:17.881  INFO zaino_chain_head_service::service: Syncing block, height: 4382217, hash: 000079a4aa57b0a6474c26c009a22b3c071a77ad89a7a68feffa0431ed66b17d
1791660377.881693 runnervmmprz5 zainod-0.9.0[2988]:     at packages/zaino-chain-head-service/src/service.rs:426
1791660377.881693 runnervmmprz5 zainod-0.9.0[2988]:     in zaino_chain_head_service::service::ChainHeadService::tick
1791660377.890804 runnervmmprz5 zainod-0.9.0[2988]:   19:26:17.890  INFO zaino_chain_head_service::service: Syncing block, height: 4382218, hash: 000050b312509bc7064abea5ab94a66270ea051d87d266710480fc051b8aeafe
1791660377.890804 runnervmmprz5 zainod-0.9.0[2988]:     at packages/zaino-chain-head-service/src/service.rs:426
1791660377.890804 runnervmmprz5 zainod-0.9.0[2988]:     in zaino_chain_head_service::service::ChainHeadService::tick
1791660377.891454 runnervmmprz5 zainod-0.9.0[2988]:   19:26:17.891  INFO zaino_chain_head_service::service: Syncing block, height: 4382219, hash: 00000dd01c42aa56025f5b55ed27001a55b28031ff43b9aa761a2e0801f1086e
1791660377.891454 runnervmmprz5 zainod-0.9.0[2988]:     at packages/zaino-chain-head-service/src/service.rs:426
1791660377.891454 runnervmmprz5 zainod-0.9.0[2988]:     in zaino_chain_head_service::service::ChainHeadService::tick
1791660377.892467 runnervmmprz5 zainod-0.9.0[2988]:   19:26:17.892  INFO zaino_chain_head_service::service: Syncing block, height: 4382220, hash: 000062ef8b304ce201829313cae5c1661f598acbf8a2df5185bfa1bcddcd1bee
1791660377.892467 runnervmmprz5 zainod-0.9.0[2988]:     at packages/zaino-chain-head-service/src/service.rs:426
1791660377.892467 runnervmmprz5 zainod-0.9.0[2988]:     in zaino_chain_head_service::service::ChainHeadService::tick
1791660377.893145 runnervmmprz5 zainod-0.9.0[2988]:   19:26:17.893  INFO zaino_chain_head_service::service: Syncing block, height: 4382221, hash: 00000ff8e2991ea9b8bf3efea52588c0b7418d647a95e77e345aff17a23bec7f
1791660377.893145 runnervmmprz5 zainod-0.9.0[2988]:     at packages/zaino-chain-head-service/src/service.rs:426
1791660377.893145 runnervmmprz5 zainod-0.9.0[2988]:     in zaino_chain_head_service::service::ChainHeadService::tick
1791660377.894875 runnervmmprz5 zainod-0.9.0[2988]:   19:26:17.894  INFO zaino_chain_head_service::service: Syncing block, height: 4382222, hash: 0000532805442caf5197ec28e993c114c3a75a418c504b790d51d3c3178fd89f
1791660377.894875 runnervmmprz5 zainod-0.9.0[2988]:     at packages/zaino-chain-head-service/src/service.rs:426
1791660377.894875 runnervmmprz5 zainod-0.9.0[2988]:     in zaino_chain_head_service::service::ChainHeadService::tick
1791660377.896328 runnervmmprz5 zainod-0.9.0[2988]:   19:26:17.896  INFO zaino_chain_head_service::service: Syncing block, height: 4382223, hash: 0000711e1584be28dc993485f76b4e040207aa12fe57bdbd88cc64710f7a4c6a
1791660377.896328 runnervmmprz5 zainod-0.9.0[2988]:     at packages/zaino-chain-head-service/src/service.rs:426
1791660377.896328 runnervmmprz5 zainod-0.9.0[2988]:     in zaino_chain_head_service::service::ChainHeadService::tick
1791660377.897304 runnervmmprz5 zainod-0.9.0[2988]:   19:26:17.897  INFO zaino_chain_head_service::service: Syncing block, height: 4382224, hash: 00007e7e56d97a6deb278cc82afa0ea074cdd4f486034eb1adcebc929cd0e7f6
1791660377.897304 runnervmmprz5 zainod-0.9.0[2988]:     at packages/zaino-chain-head-service/src/service.rs:426
1791660377.897304 runnervmmprz5 zainod-0.9.0[2988]:     in zaino_chain_head_service::service::ChainHeadService::tick
1791660377.898399 runnervmmprz5 zainod-0.9.0[2988]:   19:26:17.898  INFO zaino_chain_head_service::service: Syncing block, height: 4382225, hash: 00003445ed06f061fbf7319ea2b6b1ce58d8247b3a0280d806cf3e372a69d66a
1791660377.898399 runnervmmprz5 zainod-0.9.0[2988]:     at packages/zaino-chain-head-service/src/service.rs:426
1791660377.898399 runnervmmprz5 zainod-0.9.0[2988]:     in zaino_chain_head_service::service::ChainHeadService::tick
1791660377.899533 runnervmmprz5 zainod-0.9.0[2988]:   19:26:17.899  INFO zaino_chain_head_service::service: Syncing block, height: 4382226, hash: 000049c33f5f9cfd43bc26b055563e7a9b5b9de35816585564d5724039e5c229
1791660377.899533 runnervmmprz5 zainod-0.9.0[2988]:     at packages/zaino-chain-head-service/src/service.rs:426
1791660377.899533 runnervmmprz5 zainod-0.9.0[2988]:     in zaino_chain_head_service::service::ChainHeadService::tick
1791660377.901102 runnervmmprz5 zainod-0.9.0[2988]:   19:26:17.901  INFO zaino_chain_head_service::service: Syncing block, height: 4382227, hash: 00006c93c131ad593443fa29e150e05abd493020ff5c9f098b7afedc648a7424
1791660377.901102 runnervmmprz5 zainod-0.9.0[2988]:     at packages/zaino-chain-head-service/src/service.rs:426
1791660377.901102 runnervmmprz5 zainod-0.9.0[2988]:     in zaino_chain_head_service::service::ChainHeadService::tick
1791660377.911437 runnervmmprz5 zainod-0.9.0[2988]:   19:26:17.911  INFO zaino_chain_head_service::service: Syncing block, height: 4382228, hash: 00005b091db1c1f3e642f92d9120e3f1ca26f8fb8a359ac370ab180a8cf49013
1791660377.911437 runnervmmprz5 zainod-0.9.0[2988]:     at packages/zaino-chain-head-service/src/service.rs:426
1791660377.911437 runnervmmprz5 zainod-0.9.0[2988]:     in zaino_chain_head_service::service::ChainHeadService::tick
1791660377.912154 runnervmmprz5 zainod-0.9.0[2988]:   19:26:17.912  INFO zaino_chain_head_service::service: Syncing block, height: 4382229, hash: 000067b3e4be81e490c6c34a75ec185ff799d6fbb19b522ecb2dd913c2573e50
1791660377.912154 runnervmmprz5 zainod-0.9.0[2988]:     at packages/zaino-chain-head-service/src/service.rs:426
1791660377.912154 runnervmmprz5 zainod-0.9.0[2988]:     in zaino_chain_head_service::service::ChainHeadService::tick
1791660377.913282 runnervmmprz5 zainod-0.9.0[2988]:   19:26:17.913  INFO zaino_chain_head_service::service: Syncing block, height: 4382230, hash: 000032402927285b8a73356e0fddfee2fa90eabff6ea1267080755df42c87d22
1791660377.913282 runnervmmprz5 zainod-0.9.0[2988]:     at packages/zaino-chain-head-service/src/service.rs:426
1791660377.913282 runnervmmprz5 zainod-0.9.0[2988]:     in zaino_chain_head_service::service::ChainHeadService::tick
1791660377.914215 runnervmmprz5 zainod-0.9.0[2988]:   19:26:17.914  INFO zaino_chain_head_service::service: Syncing block, height: 4382231, hash: 00004158cf419069a084c2575a4da08da62f94326688c58d936e8f929479f3f5
1791660377.914215 runnervmmprz5 zainod-0.9.0[2988]:     at packages/zaino-chain-head-service/src/service.rs:426
1791660377.914215 runnervmmprz5 zainod-0.9.0[2988]:     in zaino_chain_head_service::service::ChainHeadService::tick
1791660377.915654 runnervmmprz5 zainod-0.9.0[2988]:   19:26:17.915  INFO zaino_chain_head_service::service: Syncing block, height: 4382232, hash: 000061267d06f0e9c9326cd938398ae1eae84b26a7348f61cd12e234340f57fb
1791660377.915654 runnervmmprz5 zainod-0.9.0[2988]:     at packages/zaino-chain-head-service/src/service.rs:426
1791660377.915654 runnervmmprz5 zainod-0.9.0[2988]:     in zaino_chain_head_service::service::ChainHeadService::tick
1791660377.916826 runnervmmprz5 zainod-0.9.0[2988]:   19:26:17.916  INFO zaino_chain_head_service::service: Syncing block, height: 4382233, hash: 000059543104daa37d12f64db54b7b4415dc5110aba5647925c99795bc2fa99c
1791660377.916826 runnervmmprz5 zainod-0.9.0[2988]:     at packages/zaino-chain-head-service/src/service.rs:426
1791660377.916826 runnervmmprz5 zainod-0.9.0[2988]:     in zaino_chain_head_service::service::ChainHeadService::tick
1791660377.926820 runnervmmprz5 zainod-0.9.0[2988]:   19:26:17.926  INFO zaino_chain_head_service::service: Syncing block, height: 4382234, hash: 0000114d87be072c5710dca3df5a0fb6aedb74ed892b626ca5b360e7ab945d91
1791660377.926820 runnervmmprz5 zainod-0.9.0[2988]:     at packages/zaino-chain-head-service/src/service.rs:426
1791660377.926820 runnervmmprz5 zainod-0.9.0[2988]:     in zaino_chain_head_service::service::ChainHeadService::tick
1791660377.928175 runnervmmprz5 zainod-0.9.0[2988]:   19:26:17.928  INFO zaino_chain_head_service::service: Syncing block, height: 4382235, hash: 00000bc846057a50c5213008bce58f86800c564caa8d9eace32e8ab9cc8740f7
1791660377.928175 runnervmmprz5 zainod-0.9.0[2988]:     at packages/zaino-chain-head-service/src/service.rs:426
1791660377.928175 runnervmmprz5 zainod-0.9.0[2988]:     in zaino_chain_head_service::service::ChainHeadService::tick
1791660377.929220 runnervmmprz5 zainod-0.9.0[2988]:   19:26:17.929  INFO zaino_chain_head_service::service: Syncing block, height: 4382236, hash: 00003b9fc9cfab1dc3bdcbf5325742de43251a6845f8014935b78ba801a0bdbf
1791660377.929220 runnervmmprz5 zainod-0.9.0[2988]:     at packages/zaino-chain-head-service/src/service.rs:426
1791660377.929220 runnervmmprz5 zainod-0.9.0[2988]:     in zaino_chain_head_service::service::ChainHeadService::tick
1791660377.930435 runnervmmprz5 zainod-0.9.0[2988]:   19:26:17.930  INFO zaino_chain_head_service::service: Syncing block, height: 4382237, hash: 00002e5f23a6dfd1be3f69d45d36fb278b5fe2e8382bcc1128e1061f7cfd8f62
1791660377.930435 runnervmmprz5 zainod-0.9.0[2988]:     at packages/zaino-chain-head-service/src/service.rs:426
1791660377.930435 runnervmmprz5 zainod-0.9.0[2988]:     in zaino_chain_head_service::service::ChainHeadService::tick
1791660377.931715 runnervmmprz5 zainod-0.9.0[2988]:   19:26:17.931  INFO zaino_chain_head_service::service: Syncing block, height: 4382238, hash: 00003f6a44887994e80a12f7a70398dc1747f184e2405e3cca1cec447d8c2849
1791660377.931715 runnervmmprz5 zainod-0.9.0[2988]:     at packages/zaino-chain-head-service/src/service.rs:426
1791660377.931715 runnervmmprz5 zainod-0.9.0[2988]:     in zaino_chain_head_service::service::ChainHeadService::tick
1791660377.942344 runnervmmprz5 zainod-0.9.0[2988]:   19:26:17.942  INFO zaino_chain_head_service::service: Syncing block, height: 4382239, hash: 0000230edd76e1d5ae06dc86a9cd3592dfc2c51c04fea14fcbec1d52aaa87206
1791660377.942344 runnervmmprz5 zainod-0.9.0[2988]:     at packages/zaino-chain-head-service/src/service.rs:426
1791660377.942344 runnervmmprz5 zainod-0.9.0[2988]:     in zaino_chain_head_service::service::ChainHeadService::tick
1791660377.943409 runnervmmprz5 zainod-0.9.0[2988]:   19:26:17.943  INFO zaino_chain_head_service::service: Syncing block, height: 4382240, hash: 0000342516f41ea40b25dc1f9bc9ee8bf2ee6b8cb31938f8842173414082afe2
1791660377.943409 runnervmmprz5 zainod-0.9.0[2988]:     at packages/zaino-chain-head-service/src/service.rs:426
1791660377.943409 runnervmmprz5 zainod-0.9.0[2988]:     in zaino_chain_head_service::service::ChainHeadService::tick
1791660377.944235 runnervmmprz5 zainod-0.9.0[2988]:   19:26:17.944  INFO zaino_chain_head_service::service: Syncing block, height: 4382241, hash: 000063b60fef95dbffa3b666c7411ac1492dd2690bb766b66e7c98f124d010bb
1791660377.944235 runnervmmprz5 zainod-0.9.0[2988]:     at packages/zaino-chain-head-service/src/service.rs:426
1791660377.944235 runnervmmprz5 zainod-0.9.0[2988]:     in zaino_chain_head_service::service::ChainHeadService::tick
1791660377.945075 runnervmmprz5 zainod-0.9.0[2988]:   19:26:17.945  INFO zaino_chain_head_service::service: Syncing block, height: 4382242, hash: 00001633baf836f3ae80aba04a271b16a48db397d0b1202edf6584e871f2cabc
1791660377.945075 runnervmmprz5 zainod-0.9.0[2988]:     at packages/zaino-chain-head-service/src/service.rs:426
1791660377.945075 runnervmmprz5 zainod-0.9.0[2988]:     in zaino_chain_head_service::service::ChainHeadService::tick
1791660377.945901 runnervmmprz5 zainod-0.9.0[2988]:   19:26:17.945  INFO zaino_chain_head_service::service: Syncing block, height: 4382243, hash: 00003c18a9ead315799ead129581e1862d9445f0c0e335fd586151292d3cf885
1791660377.945901 runnervmmprz5 zainod-0.9.0[2988]:     at packages/zaino-chain-head-service/src/service.rs:426
1791660377.945901 runnervmmprz5 zainod-0.9.0[2988]:     in zaino_chain_head_service::service::ChainHeadService::tick
1791660377.946881 runnervmmprz5 zainod-0.9.0[2988]:   19:26:17.946  INFO zaino_chain_head_service::service: Syncing block, height: 4382244, hash: 000068d3a2b664bd7eda2f2811425425c6e12600859452ac1b83cc7352e1d749
1791660377.946881 runnervmmprz5 zainod-0.9.0[2988]:     at packages/zaino-chain-head-service/src/service.rs:426
1791660377.946881 runnervmmprz5 zainod-0.9.0[2988]:     in zaino_chain_head_service::service::ChainHeadService::tick
1791660377.947530 runnervmmprz5 zainod-0.9.0[2988]:   19:26:17.947  INFO zaino_chain_head_service::service: Syncing block, height: 4382245, hash: 00005d07f5c3d7022ae74c99439905ce73db505fb77a707580c931ed5da17339
1791660377.947530 runnervmmprz5 zainod-0.9.0[2988]:     at packages/zaino-chain-head-service/src/service.rs:426
1791660377.947530 runnervmmprz5 zainod-0.9.0[2988]:     in zaino_chain_head_service::service::ChainHeadService::tick
1791660377.948255 runnervmmprz5 zainod-0.9.0[2988]:   19:26:17.948  INFO zaino_chain_head_service::service: Syncing block, height: 4382246, hash: 0000359f9c70b1895e1b07baade9a0a1b57b5b0e336fefa0873630bc9a43c061
1791660377.948255 runnervmmprz5 zainod-0.9.0[2988]:     at packages/zaino-chain-head-service/src/service.rs:426
1791660377.948255 runnervmmprz5 zainod-0.9.0[2988]:     in zaino_chain_head_service::service::ChainHeadService::tick
1791660377.949163 runnervmmprz5 zainod-0.9.0[2988]:   19:26:17.949  INFO zaino_chain_head_service::service: Syncing block, height: 4382247, hash: 000027872a8116f2e1972cd58649a1a28749b7c4f6b799f5db4cb3bb1c702086
1791660377.949163 runnervmmprz5 zainod-0.9.0[2988]:     at packages/zaino-chain-head-service/src/service.rs:426
1791660377.949163 runnervmmprz5 zainod-0.9.0[2988]:     in zaino_chain_head_service::service::ChainHeadService::tick
1791660377.949703 runnervmmprz5 zainod-0.9.0[2988]:   19:26:17.949  INFO zaino_chain_head_service::service: Syncing block, height: 4382248, hash: 000014a2acbe242192044a9ff0a3841ecf53a5b033882fb71c7f4626979fa53f
1791660377.949703 runnervmmprz5 zainod-0.9.0[2988]:     at packages/zaino-chain-head-service/src/service.rs:426
1791660377.949703 runnervmmprz5 zainod-0.9.0[2988]:     in zaino_chain_head_service::service::ChainHeadService::tick
1791660377.950545 runnervmmprz5 zainod-0.9.0[2988]:   19:26:17.950  INFO zaino_chain_head_service::service: Syncing block, height: 4382249, hash: 00006f06b1ad0e35f1de330dced0ce156f82259dab0d12631ad9aa7be1fd4ed2
1791660377.950545 runnervmmprz5 zainod-0.9.0[2988]:     at packages/zaino-chain-head-service/src/service.rs:426
1791660377.950545 runnervmmprz5 zainod-0.9.0[2988]:     in zaino_chain_head_service::service::ChainHeadService::tick
1791660377.951238 runnervmmprz5 zainod-0.9.0[2988]:   19:26:17.951  INFO zaino_chain_head_service::service: Syncing block, height: 4382250, hash: 00007055c8bd3d17749e33916afc621113b90cc2e1c2cad216b8ba0213fe7964
1791660377.951238 runnervmmprz5 zainod-0.9.0[2988]:     at packages/zaino-chain-head-service/src/service.rs:426
1791660377.951238 runnervmmprz5 zainod-0.9.0[2988]:     in zaino_chain_head_service::service::ChainHeadService::tick
1791660377.963738 runnervmmprz5 zainod-0.9.0[2988]:   19:26:17.963  INFO zaino_chain_head_service::service: Syncing block, height: 4382251, hash: 00000757b9aa1eac51c2b0e06b539552dec0e46a6a53f755973799cd129742d3
1791660377.963738 runnervmmprz5 zainod-0.9.0[2988]:     at packages/zaino-chain-head-service/src/service.rs:426
1791660377.963738 runnervmmprz5 zainod-0.9.0[2988]:     in zaino_chain_head_service::service::ChainHeadService::tick
1791660377.964966 runnervmmprz5 zainod-0.9.0[2988]:   19:26:17.964  INFO zaino_chain_head_service::service: Syncing block, height: 4382252, hash: 00006e4cb3c0cc228d076336497c6d29d3aad31744c5e227de16c7ed5affe301
1791660377.964966 runnervmmprz5 zainod-0.9.0[2988]:     at packages/zaino-chain-head-service/src/service.rs:426
1791660377.964966 runnervmmprz5 zainod-0.9.0[2988]:     in zaino_chain_head_service::service::ChainHeadService::tick
1791660377.966217 runnervmmprz5 zainod-0.9.0[2988]:   19:26:17.966  INFO zaino_chain_head_service::service: Syncing block, height: 4382253, hash: 0000310529718bc0ea0941a7df4b10bad61877cdc5dbe072226ed2f547f20d21
1791660377.966217 runnervmmprz5 zainod-0.9.0[2988]:     at packages/zaino-chain-head-service/src/service.rs:426
1791660377.966217 runnervmmprz5 zainod-0.9.0[2988]:     in zaino_chain_head_service::service::ChainHeadService::tick
1791660377.967351 runnervmmprz5 zainod-0.9.0[2988]:   19:26:17.967  INFO zaino_chain_head_service::service: Syncing block, height: 4382254, hash: 000059f465b422d50f7587c1a5848dc1cc34939de5d5440666a237977ea91d3c
1791660377.967351 runnervmmprz5 zainod-0.9.0[2988]:     at packages/zaino-chain-head-service/src/service.rs:426
1791660377.967351 runnervmmprz5 zainod-0.9.0[2988]:     in zaino_chain_head_service::service::ChainHeadService::tick
1791660377.968164 runnervmmprz5 zainod-0.9.0[2988]:   19:26:17.968  INFO zaino_chain_head_service::service: Syncing block, height: 4382255, hash: 00006238fd857b42057e5b9c48186055d4db376adaee94ca28640ee051cb57dc
1791660377.968164 runnervmmprz5 zainod-0.9.0[2988]:     at packages/zaino-chain-head-service/src/service.rs:426
1791660377.968164 runnervmmprz5 zainod-0.9.0[2988]:     in zaino_chain_head_service::service::ChainHeadService::tick
1791660377.969340 runnervmmprz5 zainod-0.9.0[2988]:   19:26:17.969  INFO zaino_chain_head_service::service: Syncing block, height: 4382256, hash: 00004aba25867e13708f6c2bd6efbfb9f365c122a247d1f257ea014822986cfc
1791660377.969340 runnervmmprz5 zainod-0.9.0[2988]:     at packages/zaino-chain-head-service/src/service.rs:426
1791660377.969340 runnervmmprz5 zainod-0.9.0[2988]:     in zaino_chain_head_service::service::ChainHeadService::tick
1791660377.970166 runnervmmprz5 zainod-0.9.0[2988]:   19:26:17.970  INFO zaino_chain_head_service::service: Syncing block, height: 4382257, hash: 0000496dc68157dfa521d96719a6e9b3e42fa9d18e2b9edc411b5c5dd72bcbfa
1791660377.970166 runnervmmprz5 zainod-0.9.0[2988]:     at packages/zaino-chain-head-service/src/service.rs:426
1791660377.970166 runnervmmprz5 zainod-0.9.0[2988]:     in zaino_chain_head_service::service::ChainHeadService::tick
1791660377.971001 runnervmmprz5 zainod-0.9.0[2988]:   19:26:17.970  INFO zaino_chain_head_service::service: Syncing block, height: 4382258, hash: 000039f3f9475bb84969c7d8097a506607734b4919c14e321fc3e58ff3c6f1b3
1791660377.971001 runnervmmprz5 zainod-0.9.0[2988]:     at packages/zaino-chain-head-service/src/service.rs:426
1791660377.971001 runnervmmprz5 zainod-0.9.0[2988]:     in zaino_chain_head_service::service::ChainHeadService::tick
1791660377.979666 runnervmmprz5 zainod-0.9.0[2988]:   19:26:17.979  INFO zaino_chain_head_service::service: Syncing block, height: 4382259, hash: 00000d4eeb4c6b0f5f925f2f4bad66c09205dc68dd8182e4302f62eb867eafdb
1791660377.979666 runnervmmprz5 zainod-0.9.0[2988]:     at packages/zaino-chain-head-service/src/service.rs:426
1791660377.979666 runnervmmprz5 zainod-0.9.0[2988]:     in zaino_chain_head_service::service::ChainHeadService::tick
1791660377.980464 runnervmmprz5 zainod-0.9.0[2988]:   19:26:17.980  INFO zaino_chain_head_service::service: Syncing block, height: 4382260, hash: 0000431e207e0d0e067572ad507565020192ac8e22202154b875d4a43b7b9671
1791660377.980464 runnervmmprz5 zainod-0.9.0[2988]:     at packages/zaino-chain-head-service/src/service.rs:426
1791660377.980464 runnervmmprz5 zainod-0.9.0[2988]:     in zaino_chain_head_service::service::ChainHeadService::tick
1791660377.982138 runnervmmprz5 zainod-0.9.0[2988]:   19:26:17.982  INFO zaino_chain_head_service::service: Syncing block, height: 4382261, hash: 00003f02a3b0bd69e0b9303dc5c3dc71409c6625e88491839588c612997f7f34
1791660377.982138 runnervmmprz5 zainod-0.9.0[2988]:     at packages/zaino-chain-head-service/src/service.rs:426
1791660377.982138 runnervmmprz5 zainod-0.9.0[2988]:     in zaino_chain_head_service::service::ChainHeadService::tick
1791660377.983106 runnervmmprz5 zainod-0.9.0[2988]:   19:26:17.982  INFO zaino_chain_head_service::service: Syncing block, height: 4382262, hash: 0000412a571c0f3be49e5348b0a68b00a315e72ef81f098a7334909ee7168353
1791660377.983106 runnervmmprz5 zainod-0.9.0[2988]:     at packages/zaino-chain-head-service/src/service.rs:426
1791660377.983106 runnervmmprz5 zainod-0.9.0[2988]:     in zaino_chain_head_service::service::ChainHeadService::tick
1791660377.983813 runnervmmprz5 zainod-0.9.0[2988]:   19:26:17.983  INFO zaino_chain_head_service::service: Syncing block, height: 4382263, hash: 00002a96cea1c016fb6b7a2bec60461b6b6c2a73a87c61bcb01a1f752c9a9c6c
1791660377.983813 runnervmmprz5 zainod-0.9.0[2988]:     at packages/zaino-chain-head-service/src/service.rs:426
1791660377.983813 runnervmmprz5 zainod-0.9.0[2988]:     in zaino_chain_head_service::service::ChainHeadService::tick
1791660377.984643 runnervmmprz5 zainod-0.9.0[2988]:   19:26:17.984  INFO zaino_chain_head_service::service: Syncing block, height: 4382264, hash: 00002cfddfda0cdfafa71b9c769e5bc7c0cfc5dd7c18b6aa940db381baa67a8e
1791660377.984643 runnervmmprz5 zainod-0.9.0[2988]:     at packages/zaino-chain-head-service/src/service.rs:426
1791660377.984643 runnervmmprz5 zainod-0.9.0[2988]:     in zaino_chain_head_service::service::ChainHeadService::tick
1791660377.986000 runnervmmprz5 zainod-0.9.0[2988]:   19:26:17.985  INFO zaino_chain_head_service::service: Syncing block, height: 4382265, hash: 00004d44e293dc2aed98278af998e91c6964f6e45683a9fa4a632ba560802e88
1791660377.986000 runnervmmprz5 zainod-0.9.0[2988]:     at packages/zaino-chain-head-service/src/service.rs:426
1791660377.986000 runnervmmprz5 zainod-0.9.0[2988]:     in zaino_chain_head_service::service::ChainHeadService::tick
1791660377.986852 runnervmmprz5 zainod-0.9.0[2988]:   19:26:17.986  INFO zaino_chain_head_service::service: Syncing block, height: 4382266, hash: 00004fb814049172e612c5087006198697685357d17be30417cf85a10648fa54
1791660377.986852 runnervmmprz5 zainod-0.9.0[2988]:     at packages/zaino-chain-head-service/src/service.rs:426
1791660377.986852 runnervmmprz5 zainod-0.9.0[2988]:     in zaino_chain_head_service::service::ChainHeadService::tick
1791660377.987704 runnervmmprz5 zainod-0.9.0[2988]:   19:26:17.987  INFO zaino_chain_head_service::service: Syncing block, height: 4382267, hash: 000042350c9a6490d3c8247807e2c286b824e7a5ba338270686ee0635421dfa0
1791660377.987704 runnervmmprz5 zainod-0.9.0[2988]:     at packages/zaino-chain-head-service/src/service.rs:426
1791660377.987704 runnervmmprz5 zainod-0.9.0[2988]:     in zaino_chain_head_service::service::ChainHeadService::tick
1791660377.988598 runnervmmprz5 zainod-0.9.0[2988]:   19:26:17.988  INFO zaino_chain_head_service::service: Syncing block, height: 4382268, hash: 0000031d327af8eda03b135f9695251a10486e265aaa850b96e420968fbfb51f
1791660377.988598 runnervmmprz5 zainod-0.9.0[2988]:     at packages/zaino-chain-head-service/src/service.rs:426
1791660377.988598 runnervmmprz5 zainod-0.9.0[2988]:     in zaino_chain_head_service::service::ChainHeadService::tick
1791660377.989351 runnervmmprz5 zainod-0.9.0[2988]:   19:26:17.989  INFO zaino_chain_head_service::service: Syncing block, height: 4382269, hash: 00000217add4e81dd4cb2cce136ed68881c4a2c251fd917d7e65f7383928f910
1791660377.989351 runnervmmprz5 zainod-0.9.0[2988]:     at packages/zaino-chain-head-service/src/service.rs:426
1791660377.989351 runnervmmprz5 zainod-0.9.0[2988]:     in zaino_chain_head_service::service::ChainHeadService::tick
1791660377.990084 runnervmmprz5 zainod-0.9.0[2988]:   19:26:17.990  INFO zaino_chain_head_service::service: Syncing block, height: 4382270, hash: 000018a359da7b915dc6b45da258fc8b6bff03faad3deddabcbf04450e6d329f
1791660377.990084 runnervmmprz5 zainod-0.9.0[2988]:     at packages/zaino-chain-head-service/src/service.rs:426
1791660377.990084 runnervmmprz5 zainod-0.9.0[2988]:     in zaino_chain_head_service::service::ChainHeadService::tick
1791660378.001289 runnervmmprz5 zainod-0.9.0[2988]:   19:26:18.001  INFO zaino_chain_head_service::service: Syncing block, height: 4382271, hash: 00002a3ed1f8a15a14600c7497e25b02528921e7421c5692ef2dd06ea3898c1b
1791660378.001289 runnervmmprz5 zainod-0.9.0[2988]:     at packages/zaino-chain-head-service/src/service.rs:426
1791660378.001289 runnervmmprz5 zainod-0.9.0[2988]:     in zaino_chain_head_service::service::ChainHeadService::tick
1791660378.001962 runnervmmprz5 zainod-0.9.0[2988]:   19:26:18.001  INFO zaino_chain_head_service::service: Syncing block, height: 4382272, hash: 0000442bd9fb1f39421cf008b45fd207d32dc3515aa9f38bcbb032da535791ea
1791660378.001962 runnervmmprz5 zainod-0.9.0[2988]:     at packages/zaino-chain-head-service/src/service.rs:426
1791660378.001962 runnervmmprz5 zainod-0.9.0[2988]:     in zaino_chain_head_service::service::ChainHeadService::tick
1791660378.003356 runnervmmprz5 zainod-0.9.0[2988]:   19:26:18.002  INFO zaino_chain_head_service::service: Syncing block, height: 4382273, hash: 00003c52a7278a3724b67c2c654304df845a2c91170e920163053fa2460c16a0
1791660378.003356 runnervmmprz5 zainod-0.9.0[2988]:     at packages/zaino-chain-head-service/src/service.rs:426
1791660378.003356 runnervmmprz5 zainod-0.9.0[2988]:     in zaino_chain_head_service::service::ChainHeadService::tick
1791660378.003650 runnervmmprz5 zainod-0.9.0[2988]:   19:26:18.003  INFO zaino_chain_head_service::service: Syncing block, height: 4382274, hash: 000016482912abff1f744371691e3d2c6bf41f76d4b0f1fb004330169afdcd3f
1791660378.003650 runnervmmprz5 zainod-0.9.0[2988]:     at packages/zaino-chain-head-service/src/service.rs:426
1791660378.003650 runnervmmprz5 zainod-0.9.0[2988]:     in zaino_chain_head_service::service::ChainHeadService::tick
1791660378.004676 runnervmmprz5 zainod-0.9.0[2988]:   19:26:18.004  INFO zaino_chain_head_service::service: Syncing block, height: 4382275, hash: 00000748dbe6e25ae2f577da0f9f433e1704a88a30d0b8f96aff2aca9ceb0386
1791660378.004676 runnervmmprz5 zainod-0.9.0[2988]:     at packages/zaino-chain-head-service/src/service.rs:426
1791660378.004676 runnervmmprz5 zainod-0.9.0[2988]:     in zaino_chain_head_service::service::ChainHeadService::tick
1791660378.005746 runnervmmprz5 zainod-0.9.0[2988]:   19:26:18.005  INFO zaino_chain_head_service::service: Syncing block, height: 4382276, hash: 00003d5b476eaf344873b29cb1dca0faf1d200459edd9a8b6dc9e65472ff6d33
1791660378.005746 runnervmmprz5 zainod-0.9.0[2988]:     at packages/zaino-chain-head-service/src/service.rs:426
1791660378.005746 runnervmmprz5 zainod-0.9.0[2988]:     in zaino_chain_head_service::service::ChainHeadService::tick
1791660378.006918 runnervmmprz5 zainod-0.9.0[2988]:   19:26:18.006  INFO zaino_chain_head_service::service: Syncing block, height: 4382277, hash: 000040a159eef5d52b197f1d9affc92ff289a12fe2b0434384f6e136e5d4f24a
1791660378.006918 runnervmmprz5 zainod-0.9.0[2988]:     at packages/zaino-chain-head-service/src/service.rs:426
1791660378.006918 runnervmmprz5 zainod-0.9.0[2988]:     in zaino_chain_head_service::service::ChainHeadService::tick
1791660378.007423 runnervmmprz5 zainod-0.9.0[2988]:   19:26:18.007  INFO zaino_chain_head_service::service: Syncing block, height: 4382278, hash: 00000867f71c4e5663948d72393573f7fd0d7b9844e3c48d53656a9c7cc37bd6
1791660378.007423 runnervmmprz5 zainod-0.9.0[2988]:     at packages/zaino-chain-head-service/src/service.rs:426
1791660378.007423 runnervmmprz5 zainod-0.9.0[2988]:     in zaino_chain_head_service::service::ChainHeadService::tick
1791660378.008702 runnervmmprz5 zainod-0.9.0[2988]:   19:26:18.008  INFO zaino_chain_head_service::service: Syncing block, height: 4382279, hash: 00000a10d475aecfc5ff8e78027ee1cbd5fbf225e35e4ca2ea4fde9352c27914
1791660378.008702 runnervmmprz5 zainod-0.9.0[2988]:     at packages/zaino-chain-head-service/src/service.rs:426
1791660378.008702 runnervmmprz5 zainod-0.9.0[2988]:     in zaino_chain_head_service::service::ChainHeadService::tick
1791660378.009493 runnervmmprz5 zainod-0.9.0[2988]:   19:26:18.009  INFO zaino_chain_head_service::service: Syncing block, height: 4382280, hash: 00002694b1b9e69f2d2c16097f351b9f0d224c4a84bd9865956711b81930566d
1791660378.009493 runnervmmprz5 zainod-0.9.0[2988]:     at packages/zaino-chain-head-service/src/service.rs:426
1791660378.009493 runnervmmprz5 zainod-0.9.0[2988]:     in zaino_chain_head_service::service::ChainHeadService::tick
1791660378.018810 runnervmmprz5 zainod-0.9.0[2988]:   19:26:18.018  INFO zaino_chain_head_service::service: Syncing block, height: 4382281, hash: 00000d32a272e7659f9c792c7f473dd9357d1daebc21daa4d145358b1c52c6c5
1791660378.018810 runnervmmprz5 zainod-0.9.0[2988]:     at packages/zaino-chain-head-service/src/service.rs:426
1791660378.018810 runnervmmprz5 zainod-0.9.0[2988]:     in zaino_chain_head_service::service::ChainHeadService::tick
1791660378.020009 runnervmmprz5 zainod-0.9.0[2988]:   19:26:18.019  INFO zaino_chain_head_service::service: Syncing block, height: 4382282, hash: 00002ed40463bada9256072066700220eba01c2270350f14cafbc7870ab1ec2e
1791660378.020009 runnervmmprz5 zainod-0.9.0[2988]:     at packages/zaino-chain-head-service/src/service.rs:426
1791660378.020009 runnervmmprz5 zainod-0.9.0[2988]:     in zaino_chain_head_service::service::ChainHeadService::tick
1791660378.020907 runnervmmprz5 zainod-0.9.0[2988]:   19:26:18.020  INFO zaino_chain_head_service::service: Syncing block, height: 4382283, hash: 00002f20693560d0707736efc41ef3c25efb88eacb84abaa9ce45a5380152607
1791660378.020907 runnervmmprz5 zainod-0.9.0[2988]:     at packages/zaino-chain-head-service/src/service.rs:426
1791660378.020907 runnervmmprz5 zainod-0.9.0[2988]:     in zaino_chain_head_service::service::ChainHeadService::tick
1791660378.022899 runnervmmprz5 zainod-0.9.0[2988]:   19:26:18.021  INFO zaino_chain_head_service::service: Syncing block, height: 4382284, hash: 00000908b56b73efd5a75b86f2b3afecec0082545fc0fbc843c21ab5a0e8e5f2
1791660378.022899 runnervmmprz5 zainod-0.9.0[2988]:     at packages/zaino-chain-head-service/src/service.rs:426
1791660378.022899 runnervmmprz5 zainod-0.9.0[2988]:     in zaino_chain_head_service::service::ChainHeadService::tick
1791660378.022899 runnervmmprz5 zainod-0.9.0[2988]:   19:26:18.022  INFO zaino_chain_head_service::service: Syncing block, height: 4382285, hash: 00002669f515c2db7d9d270c67f38ca37b6a026b508c822baa4f3255a8a536f5
1791660378.022899 runnervmmprz5 zainod-0.9.0[2988]:     at packages/zaino-chain-head-service/src/service.rs:426
1791660378.022899 runnervmmprz5 zainod-0.9.0[2988]:     in zaino_chain_head_service::service::ChainHeadService::tick
1791660378.023186 runnervmmprz5 zainod-0.9.0[2988]:   19:26:18.023  INFO zaino_chain_head_service::service: Syncing block, height: 4382286, hash: 00003bcc2da7e994144e00dcb4963bbddbfce2fc79163dffe12154279e7e0b86
1791660378.023186 runnervmmprz5 zainod-0.9.0[2988]:     at packages/zaino-chain-head-service/src/service.rs:426
1791660378.023186 runnervmmprz5 zainod-0.9.0[2988]:     in zaino_chain_head_service::service::ChainHeadService::tick
1791660378.024175 runnervmmprz5 zainod-0.9.0[2988]:   19:26:18.024  INFO zaino_chain_head_service::service: Syncing block, height: 4382287, hash: 000037bd5dcf860414934fc69aa22de791e373870ffd48bebeebf3098e712df7
1791660378.024175 runnervmmprz5 zainod-0.9.0[2988]:     at packages/zaino-chain-head-service/src/service.rs:426
1791660378.024175 runnervmmprz5 zainod-0.9.0[2988]:     in zaino_chain_head_service::service::ChainHeadService::tick
1791660378.025002 runnervmmprz5 zainod-0.9.0[2988]:   19:26:18.024  INFO zaino_chain_head_service::service: Syncing block, height: 4382288, hash: 0000076cb8a55ff71af6b9bfc3b64e3c6438b9c303a5aaa944caa6009091158a
1791660378.025002 runnervmmprz5 zainod-0.9.0[2988]:     at packages/zaino-chain-head-service/src/service.rs:426
1791660378.025002 runnervmmprz5 zainod-0.9.0[2988]:     in zaino_chain_head_service::service::ChainHeadService::tick
1791660378.026359 runnervmmprz5 zainod-0.9.0[2988]:   19:26:18.026  INFO zaino_chain_head_service::service: Syncing block, height: 4382289, hash: 000033a994673ecd23d0e9c37544dd8fe7f5e1ba8c8c8ecafd72a1ccad458771
1791660378.026359 runnervmmprz5 zainod-0.9.0[2988]:     at packages/zaino-chain-head-service/src/service.rs:426
1791660378.026359 runnervmmprz5 zainod-0.9.0[2988]:     in zaino_chain_head_service::service::ChainHeadService::tick
1791660378.033701 runnervmmprz5 zainod-0.9.0[2988]:   19:26:18.033  INFO zaino_chain_head_service::service: Syncing block, height: 4382290, hash: 00001a73a16606003aeab35ca07d83186ab129365182a25bcb4e83671c2d57fe
1791660378.033701 runnervmmprz5 zainod-0.9.0[2988]:     at packages/zaino-chain-head-service/src/service.rs:426
1791660378.033701 runnervmmprz5 zainod-0.9.0[2988]:     in zaino_chain_head_service::service::ChainHeadService::tick
1791660378.037818 runnervmmprz5 zainod-0.9.0[2988]:   19:26:18.037  INFO zaino_chain_head_service::service: Syncing block, height: 4382291, hash: 000017701e14f8825abdab8fe243eeef6749360ad3f6e15f99f70b4389258b89
1791660378.037818 runnervmmprz5 zainod-0.9.0[2988]:     at packages/zaino-chain-head-service/src/service.rs:426
1791660378.037818 runnervmmprz5 zainod-0.9.0[2988]:     in zaino_chain_head_service::service::ChainHeadService::tick
1791660378.039396 runnervmmprz5 zainod-0.9.0[2988]:   19:26:18.039  INFO zaino_chain_head_service::service: Syncing block, height: 4382292, hash: 00000c1c9dd21fe84bd7d59c0876fdfabe7fa50e489302b9dac813eba46e796d
1791660378.039396 runnervmmprz5 zainod-0.9.0[2988]:     at packages/zaino-chain-head-service/src/service.rs:426
1791660378.039396 runnervmmprz5 zainod-0.9.0[2988]:     in zaino_chain_head_service::service::ChainHeadService::tick
1791660378.040656 runnervmmprz5 zainod-0.9.0[2988]:   19:26:18.040  INFO zaino_chain_head_service::service: Syncing block, height: 4382293, hash: 000010f853c09071f40551fe04b80eeffea7a9bc96a1b1b78368254464c15b9b
1791660378.040656 runnervmmprz5 zainod-0.9.0[2988]:     at packages/zaino-chain-head-service/src/service.rs:426
1791660378.040656 runnervmmprz5 zainod-0.9.0[2988]:     in zaino_chain_head_service::service::ChainHeadService::tick
1791660378.041690 runnervmmprz5 zainod-0.9.0[2988]:   19:26:18.041  INFO zaino_chain_head_service::service: Syncing block, height: 4382294, hash: 00002eb5f4e88df702f15f64227ba73d2b225449476043f388807fb17664e6d8
1791660378.041690 runnervmmprz5 zainod-0.9.0[2988]:     at packages/zaino-chain-head-service/src/service.rs:426
1791660378.041690 runnervmmprz5 zainod-0.9.0[2988]:     in zaino_chain_head_service::service::ChainHeadService::tick
1791660378.042611 runnervmmprz5 zainod-0.9.0[2988]:   19:26:18.042  INFO zaino_chain_head_service::service: Syncing block, height: 4382295, hash: 000001c1adcfa6a776da146b29b126f58832bccf42f143006d657ad254bdedbf
1791660378.042611 runnervmmprz5 zainod-0.9.0[2988]:     at packages/zaino-chain-head-service/src/service.rs:426
1791660378.042611 runnervmmprz5 zainod-0.9.0[2988]:     in zaino_chain_head_service::service::ChainHeadService::tick
1791660378.043908 runnervmmprz5 zainod-0.9.0[2988]:   19:26:18.043  INFO zaino_chain_head_service::service: Syncing block, height: 4382296, hash: 0000120b881bf0e9a7fc805e698d64453c80549504759b4ffb6bac8a56ae0e7f
1791660378.043908 runnervmmprz5 zainod-0.9.0[2988]:     at packages/zaino-chain-head-service/src/service.rs:426
1791660378.043908 runnervmmprz5 zainod-0.9.0[2988]:     in zaino_chain_head_service::service::ChainHeadService::tick
1791660378.052315 runnervmmprz5 zainod-0.9.0[2988]:   19:26:18.052  INFO zaino_chain_head_service::service: Syncing block, height: 4382297, hash: 00002513c4ac10270520946ad76452c53e3f253e9448f53a0a20bf451f5d747f
1791660378.052315 runnervmmprz5 zainod-0.9.0[2988]:     at packages/zaino-chain-head-service/src/service.rs:426
1791660378.052315 runnervmmprz5 zainod-0.9.0[2988]:     in zaino_chain_head_service::service::ChainHeadService::tick
1791660378.053264 runnervmmprz5 zainod-0.9.0[2988]:   19:26:18.053  INFO zaino_chain_head_service::service: Syncing block, height: 4382298, hash: 0000134707266f4472a808d973ba797c56cf1e1e703b6792bdb42ef2a3b075ca
1791660378.053264 runnervmmprz5 zainod-0.9.0[2988]:     at packages/zaino-chain-head-service/src/service.rs:426
1791660378.053264 runnervmmprz5 zainod-0.9.0[2988]:     in zaino_chain_head_service::service::ChainHeadService::tick
1791660378.054119 runnervmmprz5 zainod-0.9.0[2988]:   19:26:18.054  INFO zaino_chain_head_service::service: Syncing block, height: 4382299, hash: 00001c7417bbe4b40a047e25a1be88814c4a8c1e3da9a9643a72ebda821b5c32
1791660378.054119 runnervmmprz5 zainod-0.9.0[2988]:     at packages/zaino-chain-head-service/src/service.rs:426
1791660378.054119 runnervmmprz5 zainod-0.9.0[2988]:     in zaino_chain_head_service::service::ChainHeadService::tick
1791660378.055225 runnervmmprz5 zainod-0.9.0[2988]:   19:26:18.055  INFO zaino_chain_head_service::service: Syncing block, height: 4382300, hash: 00000109a32a69d972d192be368c0d9cad4848b9cc8178dcf3a02d6765656e34
1791660378.055225 runnervmmprz5 zainod-0.9.0[2988]:     at packages/zaino-chain-head-service/src/service.rs:426
1791660378.055225 runnervmmprz5 zainod-0.9.0[2988]:     in zaino_chain_head_service::service::ChainHeadService::tick
1791660378.056181 runnervmmprz5 zainod-0.9.0[2988]:   19:26:18.056  INFO zaino_chain_head_service::service: Syncing block, height: 4382301, hash: 0000076af2478d0538fc19c3d79d1bcf16a324363d871352decb811c3b71bde0
1791660378.056181 runnervmmprz5 zainod-0.9.0[2988]:     at packages/zaino-chain-head-service/src/service.rs:426
1791660378.056181 runnervmmprz5 zainod-0.9.0[2988]:     in zaino_chain_head_service::service::ChainHeadService::tick
1791660378.057034 runnervmmprz5 zainod-0.9.0[2988]:   19:26:18.057  INFO zaino_chain_head_service::service: Syncing block, height: 4382302, hash: 0000157935fd93bdfed66218a3dc2fefc5f82a15df3f7d54103e419e84d7f051
1791660378.057034 runnervmmprz5 zainod-0.9.0[2988]:     at packages/zaino-chain-head-service/src/service.rs:426
1791660378.057034 runnervmmprz5 zainod-0.9.0[2988]:     in zaino_chain_head_service::service::ChainHeadService::tick
1791660378.057815 runnervmmprz5 zainod-0.9.0[2988]:   19:26:18.057  INFO zaino_chain_head_service::service: Syncing block, height: 4382303, hash: 0000296a84bf80858efba3466e1dd748968796d93b45fc55d5a9e121d601e0ec
1791660378.057815 runnervmmprz5 zainod-0.9.0[2988]:     at packages/zaino-chain-head-service/src/service.rs:426
1791660378.057815 runnervmmprz5 zainod-0.9.0[2988]:     in zaino_chain_head_service::service::ChainHeadService::tick
1791660378.070024 runnervmmprz5 zainod-0.9.0[2988]:   19:26:18.069  INFO zaino_chain_head_service::service: Syncing block, height: 4382304, hash: 000029d9b12337d46231732d697e140a8db2c6980189fd4a8111a8d58e1c9089
1791660378.070024 runnervmmprz5 zainod-0.9.0[2988]:     at packages/zaino-chain-head-service/src/service.rs:426
1791660378.070024 runnervmmprz5 zainod-0.9.0[2988]:     in zaino_chain_head_service::service::ChainHeadService::tick
1791660378.070455 runnervmmprz5 zainod-0.9.0[2988]:   19:26:18.070  INFO zaino_chain_head_service::service: Syncing block, height: 4382305, hash: 0000213f7487180914de2b0fc5acb951d2f0e754fca5baf216377a181442161f
1791660378.070455 runnervmmprz5 zainod-0.9.0[2988]:     at packages/zaino-chain-head-service/src/service.rs:426
1791660378.070455 runnervmmprz5 zainod-0.9.0[2988]:     in zaino_chain_head_service::service::ChainHeadService::tick
1791660378.071226 runnervmmprz5 zainod-0.9.0[2988]:   19:26:18.071  INFO zaino_chain_head_service::service: Syncing block, height: 4382306, hash: 00002173d2321a03ee705a7d2220cd11463a84cbb880075aff40413c17204558
1791660378.071226 runnervmmprz5 zainod-0.9.0[2988]:     at packages/zaino-chain-head-service/src/service.rs:426
1791660378.071226 runnervmmprz5 zainod-0.9.0[2988]:     in zaino_chain_head_service::service::ChainHeadService::tick
1791660378.072224 runnervmmprz5 zainod-0.9.0[2988]:   19:26:18.072  INFO zaino_chain_head_service::service: Syncing block, height: 4382307, hash: 00001d273fbc3c84feacab227d358b6bc8e55138cba0b2bd713655b669ae64e4
1791660378.072224 runnervmmprz5 zainod-0.9.0[2988]:     at packages/zaino-chain-head-service/src/service.rs:426
1791660378.072224 runnervmmprz5 zainod-0.9.0[2988]:     in zaino_chain_head_service::service::ChainHeadService::tick
1791660378.073070 runnervmmprz5 zainod-0.9.0[2988]:   19:26:18.073  INFO zaino_chain_head_service::service: Syncing block, height: 4382308, hash: 00001dae3da849447a7eef9223ccc6cb5fe87eab01b5492a087ae9d098484b80
1791660378.073070 runnervmmprz5 zainod-0.9.0[2988]:     at packages/zaino-chain-head-service/src/service.rs:426
1791660378.073070 runnervmmprz5 zainod-0.9.0[2988]:     in zaino_chain_head_service::service::ChainHeadService::tick
1791660378.074547 runnervmmprz5 zainod-0.9.0[2988]:   19:26:18.074  INFO zaino_chain_head_service::service: Syncing block, height: 4382309, hash: 00001062c4400651fd34a6eb0e1e7ec0a6a74e4fbd7400fadbe6357776de264f
1791660378.074547 runnervmmprz5 zainod-0.9.0[2988]:     at packages/zaino-chain-head-service/src/service.rs:426
1791660378.074547 runnervmmprz5 zainod-0.9.0[2988]:     in zaino_chain_head_service::service::ChainHeadService::tick
1791660378.085753 runnervmmprz5 zainod-0.9.0[2988]:   19:26:18.085  INFO zaino_chain_head_service::service: Syncing block, height: 4382310, hash: 0000131da5a04a016a636241c6b5e99895ec816708193ff4baa827ea5a39980f
1791660378.085753 runnervmmprz5 zainod-0.9.0[2988]:     at packages/zaino-chain-head-service/src/service.rs:426
1791660378.085753 runnervmmprz5 zainod-0.9.0[2988]:     in zaino_chain_head_service::service::ChainHeadService::tick
1791660378.086974 runnervmmprz5 zainod-0.9.0[2988]:   19:26:18.086  INFO zaino_chain_head_service::service: Syncing block, height: 4382311, hash: 000021f79389fb8ac4fe2ffbb1ab3fae78a1c60bdf3e02198b643a7b50695439
1791660378.086974 runnervmmprz5 zainod-0.9.0[2988]:     at packages/zaino-chain-head-service/src/service.rs:426
1791660378.086974 runnervmmprz5 zainod-0.9.0[2988]:     in zaino_chain_head_service::service::ChainHeadService::tick
1791660378.088521 runnervmmprz5 zainod-0.9.0[2988]:   19:26:18.088  INFO zaino_chain_head_service::service: Syncing block, height: 4382312, hash: 0000125a362712c8877f03c2c3b339290bfc5b118ae9d0bf7ff524061dfaa512
1791660378.088521 runnervmmprz5 zainod-0.9.0[2988]:     at packages/zaino-chain-head-service/src/service.rs:426
1791660378.088521 runnervmmprz5 zainod-0.9.0[2988]:     in zaino_chain_head_service::service::ChainHeadService::tick
1791660378.089349 runnervmmprz5 zainod-0.9.0[2988]:   19:26:18.089  INFO zaino_chain_head_service::service: Syncing block, height: 4382313, hash: 000001877bcfa5345a9feef83e474e1f23cdc50b689d17cb0a12f165f415be14
1791660378.089349 runnervmmprz5 zainod-0.9.0[2988]:     at packages/zaino-chain-head-service/src/service.rs:426
1791660378.089349 runnervmmprz5 zainod-0.9.0[2988]:     in zaino_chain_head_service::service::ChainHeadService::tick
1791660378.090310 runnervmmprz5 zainod-0.9.0[2988]:   19:26:18.089  INFO zaino_chain_head_service::service: Syncing block, height: 4382314, hash: 000011dcbdc08a08d56f54b6d7acf2723221a77604d337197fb680710456cb85
1791660378.090310 runnervmmprz5 zainod-0.9.0[2988]:     at packages/zaino-chain-head-service/src/service.rs:426
1791660378.090310 runnervmmprz5 zainod-0.9.0[2988]:     in zaino_chain_head_service::service::ChainHeadService::tick
1791660378.090901 runnervmmprz5 zainod-0.9.0[2988]:   19:26:18.090  INFO zaino_chain_head_service::service: Syncing block, height: 4382315, hash: 000022d17cb464f10c5dfa6a83350db4f457d7714597cab5dfe876fa46746993
1791660378.090901 runnervmmprz5 zainod-0.9.0[2988]:     at packages/zaino-chain-head-service/src/service.rs:426
1791660378.090901 runnervmmprz5 zainod-0.9.0[2988]:     in zaino_chain_head_service::service::ChainHeadService::tick
1791660378.091602 runnervmmprz5 zainod-0.9.0[2988]:   19:26:18.091  INFO zaino_chain_head_service::service: Syncing block, height: 4382316, hash: 00001ed2d57beefebf5231cb6985fdd00e55f979dd04dba8533835efbe9df10c
1791660378.091602 runnervmmprz5 zainod-0.9.0[2988]:     at packages/zaino-chain-head-service/src/service.rs:426
1791660378.091602 runnervmmprz5 zainod-0.9.0[2988]:     in zaino_chain_head_service::service::ChainHeadService::tick
1791660378.092018 runnervmmprz5 zainod-0.9.0[2988]:   19:26:18.091  INFO zaino_chain_head_service::service: Syncing block, height: 4382317, hash: 00001b236fe9ec3f17cf7eb217054f793e4fc4cf2f0ba9b3dedc7808c12fe54c
1791660378.092018 runnervmmprz5 zainod-0.9.0[2988]:     at packages/zaino-chain-head-service/src/service.rs:426
1791660378.092018 runnervmmprz5 zainod-0.9.0[2988]:     in zaino_chain_head_service::service::ChainHeadService::tick
1791660378.092805 runnervmmprz5 zainod-0.9.0[2988]:   19:26:18.092  INFO zaino_chain_head_service::service: Syncing block, height: 4382318, hash: 00001185c9a547d8c8bd9b923e75f96c32abe9b6b35b857e5813c61c1b32e6a2
1791660378.092805 runnervmmprz5 zainod-0.9.0[2988]:     at packages/zaino-chain-head-service/src/service.rs:426
1791660378.092805 runnervmmprz5 zainod-0.9.0[2988]:     in zaino_chain_head_service::service::ChainHeadService::tick
1791660378.093692 runnervmmprz5 zainod-0.9.0[2988]:   19:26:18.093  INFO zaino_chain_head_service::service: Syncing block, height: 4382319, hash: 00001c6309acc9dbb7efafe090a6898906442dcf71a47084471189acbe18bc3b
1791660378.093692 runnervmmprz5 zainod-0.9.0[2988]:     at packages/zaino-chain-head-service/src/service.rs:426
1791660378.093692 runnervmmprz5 zainod-0.9.0[2988]:     in zaino_chain_head_service::service::ChainHeadService::tick
1791660378.094296 runnervmmprz5 zainod-0.9.0[2988]:   19:26:18.094  INFO zaino_chain_head_service::service: Syncing block, height: 4382320, hash: 000002cd1364fcff5085ad068d6121602f08e6143402a51d8b97171c65f93ecd
1791660378.094296 runnervmmprz5 zainod-0.9.0[2988]:     at packages/zaino-chain-head-service/src/service.rs:426
1791660378.094296 runnervmmprz5 zainod-0.9.0[2988]:     in zaino_chain_head_service::service::ChainHeadService::tick
1791660378.095464 runnervmmprz5 zainod-0.9.0[2988]:   19:26:18.094  INFO zaino_chain_head_service::service: Syncing block, height: 4382321, hash: 0000178cc60775f1511354efc6609568c05fc4ed94bcc616688560bae69cab17
1791660378.095464 runnervmmprz5 zainod-0.9.0[2988]:     at packages/zaino-chain-head-service/src/service.rs:426
1791660378.095464 runnervmmprz5 zainod-0.9.0[2988]:     in zaino_chain_head_service::service::ChainHeadService::tick
1791660378.096633 runnervmmprz5 zainod-0.9.0[2988]:   19:26:18.096  INFO zaino_chain_head_service::service: Syncing block, height: 4382322, hash: 00000e0d29b7b5dfbae5b8279e2373a6d425f610cf5b6bd5a5d538422aafa9c8
1791660378.096633 runnervmmprz5 zainod-0.9.0[2988]:     at packages/zaino-chain-head-service/src/service.rs:426
1791660378.096633 runnervmmprz5 zainod-0.9.0[2988]:     in zaino_chain_head_service::service::ChainHeadService::tick
1791660378.098734 runnervmmprz5 zainod-0.9.0[2988]:   19:26:18.098  INFO zaino_chain_head_service::service: Syncing block, height: 4382323, hash: 000014a3c0a6a1e8f98dbc03419d8a8cd2ea0b0378dc311f53fa68ffb388ec62
1791660378.098734 runnervmmprz5 zainod-0.9.0[2988]:     at packages/zaino-chain-head-service/src/service.rs:426
1791660378.098734 runnervmmprz5 zainod-0.9.0[2988]:     in zaino_chain_head_service::service::ChainHeadService::tick
1791660378.099921 runnervmmprz5 zainod-0.9.0[2988]:   19:26:18.099  INFO zaino_chain_head_service::service: Syncing block, height: 4382324, hash: 00001565e33223818fa026af380ed142ee1f22c7a3215a8198ae94158341c4ef
1791660378.099921 runnervmmprz5 zainod-0.9.0[2988]:     at packages/zaino-chain-head-service/src/service.rs:426
1791660378.099921 runnervmmprz5 zainod-0.9.0[2988]:     in zaino_chain_head_service::service::ChainHeadService::tick
1791660378.100797 runnervmmprz5 zainod-0.9.0[2988]:   19:26:18.100  INFO zaino_chain_head_service::service: Syncing block, height: 4382325, hash: 00000110420d7ebf450bc2bb6e5a93e6fca9d43788b027c0d240cc41edd6c23f
1791660378.100797 runnervmmprz5 zainod-0.9.0[2988]:     at packages/zaino-chain-head-service/src/service.rs:426
1791660378.100797 runnervmmprz5 zainod-0.9.0[2988]:     in zaino_chain_head_service::service::ChainHeadService::tick
1791660378.102112 runnervmmprz5 zainod-0.9.0[2988]:   19:26:18.101  INFO zaino_chain_head_service::service: Syncing block, height: 4382326, hash: 00001e83661d4170d4222f84f047c5b6325111c7e4f1d8fe44745165429ebd80
1791660378.102112 runnervmmprz5 zainod-0.9.0[2988]:     at packages/zaino-chain-head-service/src/service.rs:426
1791660378.102112 runnervmmprz5 zainod-0.9.0[2988]:     in zaino_chain_head_service::service::ChainHeadService::tick
1791660378.102112 runnervmmprz5 zainod-0.9.0[2988]:   19:26:18.101  INFO zaino_chain_head_service::service: Syncing block, height: 4382327, hash: 0000021187352763bd8c421a307eeec0e538beba802af427c2d7c7b5eabf0bc8
1791660378.102112 runnervmmprz5 zainod-0.9.0[2988]:     at packages/zaino-chain-head-service/src/service.rs:426
1791660378.102112 runnervmmprz5 zainod-0.9.0[2988]:     in zaino_chain_head_service::service::ChainHeadService::tick
1791660378.103651 runnervmmprz5 zainod-0.9.0[2988]:   19:26:18.103  INFO zaino_chain_head_service::service: Syncing block, height: 4382328, hash: 00001ae93a63856cbd3c7be8883369ca8de50e664ecd1e7f7fc83297eda8aabd
1791660378.103651 runnervmmprz5 zainod-0.9.0[2988]:     at packages/zaino-chain-head-service/src/service.rs:426
1791660378.103651 runnervmmprz5 zainod-0.9.0[2988]:     in zaino_chain_head_service::service::ChainHeadService::tick
1791660378.104578 runnervmmprz5 zainod-0.9.0[2988]:   19:26:18.104  INFO zaino_chain_head_service::service: Syncing block, height: 4382329, hash: 000014c532b7d24315c088b8c54a01098285345e9411f5ac01fe44140af5017f
1791660378.104578 runnervmmprz5 zainod-0.9.0[2988]:     at packages/zaino-chain-head-service/src/service.rs:426
1791660378.104578 runnervmmprz5 zainod-0.9.0[2988]:     in zaino_chain_head_service::service::ChainHeadService::tick
1791660378.104930 runnervmmprz5 zainod-0.9.0[2988]:   19:26:18.104  INFO zaino_chain_head_service::service: Syncing block, height: 4382330, hash: 00000d6c5bba5f2f6468a90638ed56f403d4d7bec9e97303f8d882890b464458
1791660378.104930 runnervmmprz5 zainod-0.9.0[2988]:     at packages/zaino-chain-head-service/src/service.rs:426
1791660378.104930 runnervmmprz5 zainod-0.9.0[2988]:     in zaino_chain_head_service::service::ChainHeadService::tick
1791660378.105861 runnervmmprz5 zainod-0.9.0[2988]:   19:26:18.105  INFO zaino_chain_head_service::service: Syncing block, height: 4382331, hash: 00001aca35188db5b36eb44e3a1a2f1feb4d67330f79856963a5c4099a0cb330
1791660378.105861 runnervmmprz5 zainod-0.9.0[2988]:     at packages/zaino-chain-head-service/src/service.rs:426
1791660378.105861 runnervmmprz5 zainod-0.9.0[2988]:     in zaino_chain_head_service::service::ChainHeadService::tick
1791660378.106289 runnervmmprz5 zainod-0.9.0[2988]:   19:26:18.106  INFO zaino_chain_head_service::service: Syncing block, height: 4382332, hash: 00000500cb3255d39ea3b34f3346bff142eb340e82b6767bc8f3f2bf68998e73
1791660378.106289 runnervmmprz5 zainod-0.9.0[2988]:     at packages/zaino-chain-head-service/src/service.rs:426
1791660378.106289 runnervmmprz5 zainod-0.9.0[2988]:     in zaino_chain_head_service::service::ChainHeadService::tick
1791660378.107184 runnervmmprz5 zainod-0.9.0[2988]:   19:26:18.107  INFO zaino_chain_head_service::service: Syncing block, height: 4382333, hash: 000007f7bc7972417a414439cbfe4ee8072dc8318563af897d51912ec49607de
1791660378.107184 runnervmmprz5 zainod-0.9.0[2988]:     at packages/zaino-chain-head-service/src/service.rs:426
1791660378.107184 runnervmmprz5 zainod-0.9.0[2988]:     in zaino_chain_head_service::service::ChainHeadService::tick
1791660378.109236 runnervmmprz5 zainod-0.9.0[2988]:   19:26:18.109  INFO zaino_chain_head_service::service: Syncing block, height: 4382334, hash: 000019c618c434dbec52384c8349858b75ad17a505bc9fdf48fe27d4fc60cac4
1791660378.109236 runnervmmprz5 zainod-0.9.0[2988]:     at packages/zaino-chain-head-service/src/service.rs:426
1791660378.109236 runnervmmprz5 zainod-0.9.0[2988]:     in zaino_chain_head_service::service::ChainHeadService::tick
1791660378.109846 runnervmmprz5 zainod-0.9.0[2988]:   19:26:18.109  INFO zaino_chain_head_service::service: Syncing block, height: 4382335, hash: 00000a2cd18c0c97bb740d11adb215c34ad9683817cd0684828d4f63a53442f9
1791660378.109846 runnervmmprz5 zainod-0.9.0[2988]:     at packages/zaino-chain-head-service/src/service.rs:426
1791660378.109846 runnervmmprz5 zainod-0.9.0[2988]:     in zaino_chain_head_service::service::ChainHeadService::tick
1791660378.110697 runnervmmprz5 zainod-0.9.0[2988]:   19:26:18.110  INFO zaino_chain_head_service::service: Syncing block, height: 4382336, hash: 0000195bbfa582eadf6e6dda2166550975a2b94ae38a174753283e4fe9b20c8e
1791660378.110697 runnervmmprz5 zainod-0.9.0[2988]:     at packages/zaino-chain-head-service/src/service.rs:426
1791660378.110697 runnervmmprz5 zainod-0.9.0[2988]:     in zaino_chain_head_service::service::ChainHeadService::tick
1791660378.111057 runnervmmprz5 zainod-0.9.0[2988]:   19:26:18.110  INFO zaino_chain_head_service::service: Syncing block, height: 4382337, hash: 0000027cc862e8169950d853393adbe4475b3d80d49addc594df44205f224f6b
1791660378.111057 runnervmmprz5 zainod-0.9.0[2988]:     at packages/zaino-chain-head-service/src/service.rs:426
1791660378.111057 runnervmmprz5 zainod-0.9.0[2988]:     in zaino_chain_head_service::service::ChainHeadService::tick
1791660378.111499 runnervmmprz5 zainod-0.9.0[2988]:   19:26:18.111  INFO zaino_chain_head_service::service: Syncing block, height: 4382338, hash: 00000159e960f128a8d1f3688e95077b95575592bed872b6218eb2303aba65b1
1791660378.111499 runnervmmprz5 zainod-0.9.0[2988]:     at packages/zaino-chain-head-service/src/service.rs:426
1791660378.111499 runnervmmprz5 zainod-0.9.0[2988]:     in zaino_chain_head_service::service::ChainHeadService::tick
1791660378.113122 runnervmmprz5 zainod-0.9.0[2988]:   19:26:18.113  INFO zaino_chain_head_service::service: Syncing block, height: 4382339, hash: 0000093ba7614ac4aa203b90d2a39c29819c6b7e85de90c636261b471948525f
1791660378.113122 runnervmmprz5 zainod-0.9.0[2988]:     at packages/zaino-chain-head-service/src/service.rs:426
1791660378.113122 runnervmmprz5 zainod-0.9.0[2988]:     in zaino_chain_head_service::service::ChainHeadService::tick
1791660378.114340 runnervmmprz5 zainod-0.9.0[2988]:   19:26:18.114  INFO zaino_chain_head_service::service: Syncing block, height: 4382340, hash: 00000f5626ca50681ebc34ee4329461520bc3acbd8ebe2cc57ff8f07de1d4913
1791660378.114340 runnervmmprz5 zainod-0.9.0[2988]:     at packages/zaino-chain-head-service/src/service.rs:426
1791660378.114340 runnervmmprz5 zainod-0.9.0[2988]:     in zaino_chain_head_service::service::ChainHeadService::tick
1791660378.114733 runnervmmprz5 zainod-0.9.0[2988]:   19:26:18.114  INFO zaino_chain_head_service::service: Syncing block, height: 4382341, hash: 000001d2a65a9085eb4e5a7dc71ef7597eeef8ef8fae770744b56a5fc4634c69
1791660378.114733 runnervmmprz5 zainod-0.9.0[2988]:     at packages/zaino-chain-head-service/src/service.rs:426
1791660378.114733 runnervmmprz5 zainod-0.9.0[2988]:     in zaino_chain_head_service::service::ChainHeadService::tick
1791660378.115599 runnervmmprz5 zainod-0.9.0[2988]:   19:26:18.115  INFO zaino_chain_head_service::service: Syncing block, height: 4382342, hash: 000015a395a650a15f272fef3f1f97e59f67ad3041f20ed65f1679fbcb38c950
1791660378.115599 runnervmmprz5 zainod-0.9.0[2988]:     at packages/zaino-chain-head-service/src/service.rs:426
1791660378.115599 runnervmmprz5 zainod-0.9.0[2988]:     in zaino_chain_head_service::service::ChainHeadService::tick
1791660378.120158 runnervmmprz5 zainod-0.9.0[2988]:   19:26:18.119  INFO zaino_chain_head_service::service: Syncing block, height: 4382343, hash: 0000084e6bf0a49258b5f428ab040921a7de26a885b1951fc7e574069848ee54
1791660378.120158 runnervmmprz5 zainod-0.9.0[2988]:     at packages/zaino-chain-head-service/src/service.rs:426
1791660378.120158 runnervmmprz5 zainod-0.9.0[2988]:     in zaino_chain_head_service::service::ChainHeadService::tick
1791660378.121032 runnervmmprz5 zainod-0.9.0[2988]:   19:26:18.121  INFO zaino_chain_head_service::service: Syncing block, height: 4382344, hash: 000016891b7af78a805f30f69aff8596ff1a9df837af5a1570bec75ea401dbb1
1791660378.121032 runnervmmprz5 zainod-0.9.0[2988]:     at packages/zaino-chain-head-service/src/service.rs:426
1791660378.121032 runnervmmprz5 zainod-0.9.0[2988]:     in zaino_chain_head_service::service::ChainHeadService::tick
1791660378.122580 runnervmmprz5 zainod-0.9.0[2988]:   19:26:18.122  INFO zaino_chain_head_service::service: Syncing block, height: 4382345, hash: 000001cebd5f8b2fa694246c46b1cef934e77297bf21017b0e2cce1811d1f67e
1791660378.122580 runnervmmprz5 zainod-0.9.0[2988]:     at packages/zaino-chain-head-service/src/service.rs:426
1791660378.122580 runnervmmprz5 zainod-0.9.0[2988]:     in zaino_chain_head_service::service::ChainHeadService::tick
1791660378.123332 runnervmmprz5 zainod-0.9.0[2988]:   19:26:18.123  INFO zaino_chain_head_service::service: Syncing block, height: 4382346, hash: 00000e74d07d94da38db585287b61e6dc332f5757a91467996125ffaa4ae8066
1791660378.123332 runnervmmprz5 zainod-0.9.0[2988]:     at packages/zaino-chain-head-service/src/service.rs:426
1791660378.123332 runnervmmprz5 zainod-0.9.0[2988]:     in zaino_chain_head_service::service::ChainHeadService::tick
1791660378.124527 runnervmmprz5 zainod-0.9.0[2988]:   19:26:18.124  INFO zaino_chain_head_service::service: Syncing block, height: 4382347, hash: 00000c6e84805038572925d83df593c526eddeb34cdd7b24dfa4a306efad86e8
1791660378.124527 runnervmmprz5 zainod-0.9.0[2988]:     at packages/zaino-chain-head-service/src/service.rs:426
1791660378.124527 runnervmmprz5 zainod-0.9.0[2988]:     in zaino_chain_head_service::service::ChainHeadService::tick
1791660378.127049 runnervmmprz5 zainod-0.9.0[2988]:   19:26:18.127  INFO zaino_chain_head_service::service: Syncing block, height: 4382348, hash: 000015c594cf1079e04986356fb0f8c786fad5174f067a15afe93c78524ec61d
1791660378.127049 runnervmmprz5 zainod-0.9.0[2988]:     at packages/zaino-chain-head-service/src/service.rs:426
1791660378.127049 runnervmmprz5 zainod-0.9.0[2988]:     in zaino_chain_head_service::service::ChainHeadService::tick
1791660378.130079 runnervmmprz5 zainod-0.9.0[2988]:   19:26:18.130  INFO zaino_chain_head_service::service: Syncing block, height: 4382349, hash: 00000690bec85835d8cfced181365cfaf3c5580bf6c655189dffdd5cdc6a536e
1791660378.130079 runnervmmprz5 zainod-0.9.0[2988]:     at packages/zaino-chain-head-service/src/service.rs:426
1791660378.130079 runnervmmprz5 zainod-0.9.0[2988]:     in zaino_chain_head_service::service::ChainHeadService::tick
1791660378.131176 runnervmmprz5 zainod-0.9.0[2988]:   19:26:18.131  INFO zaino_chain_head_service::service: Syncing block, height: 4382350, hash: 00000e9d2803091b5297cc2d59ad5e778483ed6ad32496f43528c30aa7458122
1791660378.131176 runnervmmprz5 zainod-0.9.0[2988]:     at packages/zaino-chain-head-service/src/service.rs:426
1791660378.131176 runnervmmprz5 zainod-0.9.0[2988]:     in zaino_chain_head_service::service::ChainHeadService::tick
1791660378.131637 runnervmmprz5 zainod-0.9.0[2988]:   19:26:18.131  INFO zaino_chain_head_service::service: Syncing block, height: 4382351, hash: 00000b84d44ca002b85232a12fba5ca907fc6ff90502141f468e10d446d4e798
1791660378.131637 runnervmmprz5 zainod-0.9.0[2988]:     at packages/zaino-chain-head-service/src/service.rs:426
1791660378.131637 runnervmmprz5 zainod-0.9.0[2988]:     in zaino_chain_head_service::service::ChainHeadService::tick
1791660378.133388 runnervmmprz5 zainod-0.9.0[2988]:   19:26:18.133  INFO zaino_chain_head_service::service: Syncing block, height: 4382352, hash: 00000c76878b5cff567493501f14a2d404766a92951d214d9b0b878c3a2dfd77
1791660378.133388 runnervmmprz5 zainod-0.9.0[2988]:     at packages/zaino-chain-head-service/src/service.rs:426
1791660378.133388 runnervmmprz5 zainod-0.9.0[2988]:     in zaino_chain_head_service::service::ChainHeadService::tick
1791660378.133951 runnervmmprz5 zainod-0.9.0[2988]:   19:26:18.133  INFO zaino_chain_head_service::service: Syncing block, height: 4382353, hash: 0000108067ec8d535c64ccadd53c30e271ea03db1db36f3ad26c8ba5a8824c73
1791660378.133951 runnervmmprz5 zainod-0.9.0[2988]:     at packages/zaino-chain-head-service/src/service.rs:426
1791660378.133951 runnervmmprz5 zainod-0.9.0[2988]:     in zaino_chain_head_service::service::ChainHeadService::tick
1791660378.134621 runnervmmprz5 zainod-0.9.0[2988]:   19:26:18.134  INFO zaino_chain_head_service::service: Syncing block, height: 4382354, hash: 000002d0311e9ffb648986968e53e5ab20a73ab978f398679bce044b9e97e839
1791660378.134621 runnervmmprz5 zainod-0.9.0[2988]:     at packages/zaino-chain-head-service/src/service.rs:426
1791660378.134621 runnervmmprz5 zainod-0.9.0[2988]:     in zaino_chain_head_service::service::ChainHeadService::tick
1791660378.136927 runnervmmprz5 zainod-0.9.0[2988]:   19:26:18.136  INFO zaino_chain_head_service::service: Syncing block, height: 4382355, hash: 0000057973b4bef5671d37443f85f7ac585626f0012fc3fb7c8dec27bc54ef16
1791660378.136927 runnervmmprz5 zainod-0.9.0[2988]:     at packages/zaino-chain-head-service/src/service.rs:426
1791660378.136927 runnervmmprz5 zainod-0.9.0[2988]:     in zaino_chain_head_service::service::ChainHeadService::tick
1791660378.138086 runnervmmprz5 zainod-0.9.0[2988]:   19:26:18.138  INFO zaino_chain_head_service::service: Syncing block, height: 4382356, hash: 00000401c0f45efb2eef0980b33eaec7d57a047e76dd75bfb59197906701e892
1791660378.138086 runnervmmprz5 zainod-0.9.0[2988]:     at packages/zaino-chain-head-service/src/service.rs:426
1791660378.138086 runnervmmprz5 zainod-0.9.0[2988]:     in zaino_chain_head_service::service::ChainHeadService::tick
1791660378.139440 runnervmmprz5 zainod-0.9.0[2988]:   19:26:18.139  INFO zaino_chain_head_service::service: Syncing block, height: 4382357, hash: 0000020f4cff2f5295e4d11e3e6e7604290ac5b414c482bcdc7737a3a71365da
1791660378.139440 runnervmmprz5 zainod-0.9.0[2988]:     at packages/zaino-chain-head-service/src/service.rs:426
1791660378.139440 runnervmmprz5 zainod-0.9.0[2988]:     in zaino_chain_head_service::service::ChainHeadService::tick
1791660378.140432 runnervmmprz5 zainod-0.9.0[2988]:   19:26:18.140  INFO zaino_chain_head_service::service: Syncing block, height: 4382358, hash: 000015a590f483e2279d736daa1ef4af993dad1b2e09ce9f9f8d965662c46d6e
1791660378.140432 runnervmmprz5 zainod-0.9.0[2988]:     at packages/zaino-chain-head-service/src/service.rs:426
1791660378.140432 runnervmmprz5 zainod-0.9.0[2988]:     in zaino_chain_head_service::service::ChainHeadService::tick
1791660378.141069 runnervmmprz5 zainod-0.9.0[2988]:   19:26:18.141  INFO zaino_chain_head_service::service: Syncing block, height: 4382359, hash: 000017994f5ef96c3f4d147a03a57312eb9e219f698036b4f969237b45aad83a
1791660378.141069 runnervmmprz5 zainod-0.9.0[2988]:     at packages/zaino-chain-head-service/src/service.rs:426
1791660378.141069 runnervmmprz5 zainod-0.9.0[2988]:     in zaino_chain_head_service::service::ChainHeadService::tick
1791660378.142766 runnervmmprz5 zainod-0.9.0[2988]:   19:26:18.142  INFO zaino_chain_head_service::service: Syncing block, height: 4382360, hash: 0000046daf256069b34d35ee39939f98b29adb6630afac6226c6439105799b89
1791660378.142766 runnervmmprz5 zainod-0.9.0[2988]:     at packages/zaino-chain-head-service/src/service.rs:426
1791660378.142766 runnervmmprz5 zainod-0.9.0[2988]:     in zaino_chain_head_service::service::ChainHeadService::tick
1791660378.144626 runnervmmprz5 zainod-0.9.0[2988]:   19:26:18.144  INFO zaino_chain_head_service::service: Syncing block, height: 4382361, hash: 00001649bad5e535d2011e001c6a2a0c9d3642ec7933c1bb94be5a7d7418f094
1791660378.144626 runnervmmprz5 zainod-0.9.0[2988]:     at packages/zaino-chain-head-service/src/service.rs:426
1791660378.144626 runnervmmprz5 zainod-0.9.0[2988]:     in zaino_chain_head_service::service::ChainHeadService::tick
1791660378.145412 runnervmmprz5 zainod-0.9.0[2988]:   19:26:18.145  INFO zaino_chain_head_service::service: Syncing block, height: 4382362, hash: 000006c68fa411c054d0e82dc4f3f285f473473ec704945507c96d7627303656
1791660378.145412 runnervmmprz5 zainod-0.9.0[2988]:     at packages/zaino-chain-head-service/src/service.rs:426
1791660378.145412 runnervmmprz5 zainod-0.9.0[2988]:     in zaino_chain_head_service::service::ChainHeadService::tick
1791660378.146326 runnervmmprz5 zainod-0.9.0[2988]:   19:26:18.146  INFO zaino_chain_head_service::service: Syncing block, height: 4382363, hash: 000013133f750ddaefd26df180a8a41e3495ccdf720f829dededb97884484bc9
1791660378.146326 runnervmmprz5 zainod-0.9.0[2988]:     at packages/zaino-chain-head-service/src/service.rs:426
1791660378.146326 runnervmmprz5 zainod-0.9.0[2988]:     in zaino_chain_head_service::service::ChainHeadService::tick
1791660378.146938 runnervmmprz5 zainod-0.9.0[2988]:   19:26:18.146  INFO zaino_chain_head_service::service: Syncing block, height: 4382364, hash: 00001169fd66a7ea3843904e1aa9e6506f041354dfe4992ed150257992163917
1791660378.146938 runnervmmprz5 zainod-0.9.0[2988]:     at packages/zaino-chain-head-service/src/service.rs:426
1791660378.146938 runnervmmprz5 zainod-0.9.0[2988]:     in zaino_chain_head_service::service::ChainHeadService::tick
1791660378.147380 runnervmmprz5 zainod-0.9.0[2988]:   19:26:18.147  INFO zaino_chain_head_service::service: Syncing block, height: 4382365, hash: 00000fac70836bc1774513c20d10c7e5fe1d53bc14ee183042928467169628c2
1791660378.147380 runnervmmprz5 zainod-0.9.0[2988]:     at packages/zaino-chain-head-service/src/service.rs:426
1791660378.147380 runnervmmprz5 zainod-0.9.0[2988]:     in zaino_chain_head_service::service::ChainHeadService::tick
1791660378.148018 runnervmmprz5 zainod-0.9.0[2988]:   19:26:18.147  INFO zaino_chain_head_service::service: Syncing block, height: 4382366, hash: 00001415a5abe90b12feae023db2446bd6f61214363c6810e1d5a2679e893eaa
1791660378.148018 runnervmmprz5 zainod-0.9.0[2988]:     at packages/zaino-chain-head-service/src/service.rs:426
1791660378.148018 runnervmmprz5 zainod-0.9.0[2988]:     in zaino_chain_head_service::service::ChainHeadService::tick
1791660378.150063 runnervmmprz5 zainod-0.9.0[2988]:   19:26:18.150  INFO zaino_chain_head_service::service: Syncing block, height: 4382367, hash: 06917810b7ed43a406343f51da619ccdbfdeb01efbd9fffd27f8fea2df06bd66
1791660378.150063 runnervmmprz5 zainod-0.9.0[2988]:     at packages/zaino-chain-head-service/src/service.rs:426
1791660378.150063 runnervmmprz5 zainod-0.9.0[2988]:     in zaino_chain_head_service::service::ChainHeadService::tick
1791660378.150643 runnervmmprz5 zainod-0.9.0[2988]:   19:26:18.150  INFO zaino_chain_head_service::service: Syncing block, height: 4382368, hash: 0000768b1868c1358df05f6ef83d070b2b9ad93bc1028a1e32603805a5e182f2
1791660378.150643 runnervmmprz5 zainod-0.9.0[2988]:     at packages/zaino-chain-head-service/src/service.rs:426
1791660378.150643 runnervmmprz5 zainod-0.9.0[2988]:     in zaino_chain_head_service::service::ChainHeadService::tick
1791660378.151195 runnervmmprz5 zainod-0.9.0[2988]:   19:26:18.151  INFO zaino_chain_head_service::service: Syncing block, height: 4382369, hash: 0000330e9a484245c7424cea0689528913c5da8007c37ba5c92c1599391bb11d
1791660378.151195 runnervmmprz5 zainod-0.9.0[2988]:     at packages/zaino-chain-head-service/src/service.rs:426
1791660378.151195 runnervmmprz5 zainod-0.9.0[2988]:     in zaino_chain_head_service::service::ChainHeadService::tick
1791660378.152000 runnervmmprz5 zainod-0.9.0[2988]:   19:26:18.151  INFO zaino_chain_head_service::service: Syncing block, height: 4382370, hash: 00005b8f2592279b3a2a28b3af5a69acf9f4e822e205807fe5683b72ff853400
1791660378.152000 runnervmmprz5 zainod-0.9.0[2988]:     at packages/zaino-chain-head-service/src/service.rs:426
1791660378.152000 runnervmmprz5 zainod-0.9.0[2988]:     in zaino_chain_head_service::service::ChainHeadService::tick
1791660378.153346 runnervmmprz5 zainod-0.9.0[2988]:   19:26:18.153  INFO zaino_chain_head_service::service: Syncing block, height: 4382371, hash: 00003bec4d29888a965f0c031d0cf862eed9bbabb4c5d6e9b8d01e1ec17b70c2
1791660378.153346 runnervmmprz5 zainod-0.9.0[2988]:     at packages/zaino-chain-head-service/src/service.rs:426
1791660378.153346 runnervmmprz5 zainod-0.9.0[2988]:     in zaino_chain_head_service::service::ChainHeadService::tick
1791660378.153937 runnervmmprz5 zainod-0.9.0[2988]:   19:26:18.153  INFO zaino_chain_head_service::service: Syncing block, height: 4382372, hash: 00000d7a76e7f52e406cc54ed3578f702685f70c4deaa467f0780122a76da3ae
1791660378.153937 runnervmmprz5 zainod-0.9.0[2988]:     at packages/zaino-chain-head-service/src/service.rs:426
1791660378.153937 runnervmmprz5 zainod-0.9.0[2988]:     in zaino_chain_head_service::service::ChainHeadService::tick
1791660378.156050 runnervmmprz5 zainod-0.9.0[2988]:   19:26:18.156  INFO zaino_chain_head_service::service: Syncing block, height: 4382373, hash: 000ea5d2bbaa14a4a345ad81b0445ec9785af30bcf7014d555087e711005c399
1791660378.156050 runnervmmprz5 zainod-0.9.0[2988]:     at packages/zaino-chain-head-service/src/service.rs:426
1791660378.156050 runnervmmprz5 zainod-0.9.0[2988]:     in zaino_chain_head_service::service::ChainHeadService::tick
1791660378.159111 runnervmmprz5 zainod-0.9.0[2988]:   19:26:18.159  INFO zaino_chain_head_service::service: Syncing block, height: 4382374, hash: 000585e27b71736dc2c55b70938ee4b7a0553d0d8998d6461da8da3556147a4c
1791660378.159111 runnervmmprz5 zainod-0.9.0[2988]:     at packages/zaino-chain-head-service/src/service.rs:426
1791660378.159111 runnervmmprz5 zainod-0.9.0[2988]:     in zaino_chain_head_service::service::ChainHeadService::tick
1791660378.161789 runnervmmprz5 zainod-0.9.0[2988]:   19:26:18.161  INFO zaino_chain_head_service::service: Syncing block, height: 4382375, hash: 007073b5706617fe406cd02669bf9f39c4e360128e2551c67c0c552d1b17c557
1791660378.161789 runnervmmprz5 zainod-0.9.0[2988]:     at packages/zaino-chain-head-service/src/service.rs:426
1791660378.161789 runnervmmprz5 zainod-0.9.0[2988]:     in zaino_chain_head_service::service::ChainHeadService::tick
1791660378.163070 runnervmmprz5 zainod-0.9.0[2988]:   19:26:18.163  INFO zaino_chain_head_service::service: Syncing block, height: 4382376, hash: 008e930a30d69e78fede2220f7a9e15d0fb96050b46349e8a1d1e77776742d6f
1791660378.163070 runnervmmprz5 zainod-0.9.0[2988]:     at packages/zaino-chain-head-service/src/service.rs:426
1791660378.163070 runnervmmprz5 zainod-0.9.0[2988]:     in zaino_chain_head_service::service::ChainHeadService::tick
1791660378.166055 runnervmmprz5 zainod-0.9.0[2988]:   19:26:18.166  INFO zaino_chain_head_service::service: Syncing block, height: 4382377, hash: 0099ec9b9ed19675cd46e04197092da74008fdafe7953412da37cd6a37b86afa
1791660378.166055 runnervmmprz5 zainod-0.9.0[2988]:     at packages/zaino-chain-head-service/src/service.rs:426
1791660378.166055 runnervmmprz5 zainod-0.9.0[2988]:     in zaino_chain_head_service::service::ChainHeadService::tick
1791660378.167340 runnervmmprz5 zainod-0.9.0[2988]:   19:26:18.167  INFO zaino_chain_head_service::service: Syncing block, height: 4382378, hash: 00732c560ddf5826888ec94b7b7a4c48e8e44355c44869fc4dbfb5a4eb59a3c8
1791660378.167340 runnervmmprz5 zainod-0.9.0[2988]:     at packages/zaino-chain-head-service/src/service.rs:426
1791660378.167340 runnervmmprz5 zainod-0.9.0[2988]:     in zaino_chain_head_service::service::ChainHeadService::tick
1791660378.168272 runnervmmprz5 zainod-0.9.0[2988]:   19:26:18.168  INFO zaino_chain_head_service::service: Syncing block, height: 4382379, hash: 0000352318412e848aeb4beba1fe822427c408d512e54c6a44d968d51b1ebe8c
1791660378.168272 runnervmmprz5 zainod-0.9.0[2988]:     at packages/zaino-chain-head-service/src/service.rs:426
1791660378.168272 runnervmmprz5 zainod-0.9.0[2988]:     in zaino_chain_head_service::service::ChainHeadService::tick
1791660378.170877 runnervmmprz5 zainod-0.9.0[2988]:   19:26:18.170  INFO zaino_chain_head_service::service: Syncing block, height: 4382380, hash: 00d375d86f972be782c24ba24883793fa5bb8dd93a78c28319b8a6dfe0434ce8
1791660378.170877 runnervmmprz5 zainod-0.9.0[2988]:     at packages/zaino-chain-head-service/src/service.rs:426
1791660378.170877 runnervmmprz5 zainod-0.9.0[2988]:     in zaino_chain_head_service::service::ChainHeadService::tick
1791660378.173363 runnervmmprz5 zainod-0.9.0[2988]:   19:26:18.173  INFO zaino_chain_head_service::service: Syncing block, height: 4382381, hash: 00b22db4095a973212ee296148de3dca0370a9aa05f1699787b723c81313eec1
1791660378.173363 runnervmmprz5 zainod-0.9.0[2988]:     at packages/zaino-chain-head-service/src/service.rs:426
1791660378.173363 runnervmmprz5 zainod-0.9.0[2988]:     in zaino_chain_head_service::service::ChainHeadService::tick
1791660378.175029 runnervmmprz5 zainod-0.9.0[2988]:   19:26:18.174  INFO zaino_chain_head_service::service: Syncing block, height: 4382382, hash: 0067994b4ce82a360e58257a14a36c75509e55d8469e00dfd520cd60b02e73fe
1791660378.175029 runnervmmprz5 zainod-0.9.0[2988]:     at packages/zaino-chain-head-service/src/service.rs:426
1791660378.175029 runnervmmprz5 zainod-0.9.0[2988]:     in zaino_chain_head_service::service::ChainHeadService::tick
1791660378.176786 runnervmmprz5 zainod-0.9.0[2988]:   19:26:18.176  INFO zaino_chain_head_service::service: Syncing block, height: 4382383, hash: 009f9b784a91ab5111bdaa3075a5a1d08ab2af97929bc4e09f39de4492f6b125
1791660378.176786 runnervmmprz5 zainod-0.9.0[2988]:     at packages/zaino-chain-head-service/src/service.rs:426
1791660378.176786 runnervmmprz5 zainod-0.9.0[2988]:     in zaino_chain_head_service::service::ChainHeadService::tick
1791660378.178007 runnervmmprz5 zainod-0.9.0[2988]:   19:26:18.177  INFO zaino_chain_head_service::service: Syncing block, height: 4382384, hash: 009726dffb124ec359fb36b64ae6ccb1d8c79307c05030dd9f6cbe30e2c7589e
1791660378.178007 runnervmmprz5 zainod-0.9.0[2988]:     at packages/zaino-chain-head-service/src/service.rs:426
1791660378.178007 runnervmmprz5 zainod-0.9.0[2988]:     in zaino_chain_head_service::service::ChainHeadService::tick
1791660378.178650 runnervmmprz5 zainod-0.9.0[2988]:   19:26:18.178  INFO zaino_chain_head_service::service: Syncing block, height: 4382385, hash: 000067577ac04df3f4db3310dfb4b30acebba817778dd0f9164440a2a0d11f0e
1791660378.178650 runnervmmprz5 zainod-0.9.0[2988]:     at packages/zaino-chain-head-service/src/service.rs:426
1791660378.178650 runnervmmprz5 zainod-0.9.0[2988]:     in zaino_chain_head_service::service::ChainHeadService::tick
1791660378.179641 runnervmmprz5 zainod-0.9.0[2988]:   19:26:18.179  INFO zaino_chain_head_service::service: Syncing block, height: 4382386, hash: 00002b875a6bdd58544870eb36f4de29c844d99400ac7d60f570f902a63320e0
1791660378.179641 runnervmmprz5 zainod-0.9.0[2988]:     at packages/zaino-chain-head-service/src/service.rs:426
1791660378.179641 runnervmmprz5 zainod-0.9.0[2988]:     in zaino_chain_head_service::service::ChainHeadService::tick
1791660378.180752 runnervmmprz5 zainod-0.9.0[2988]:   19:26:18.180  INFO zaino_chain_head_service::service: Syncing block, height: 4382387, hash: 00759131f75f7d9766347120dbf8d96d76b10c694beea0d26e3b19da73d17f84
1791660378.180752 runnervmmprz5 zainod-0.9.0[2988]:     at packages/zaino-chain-head-service/src/service.rs:426
1791660378.180752 runnervmmprz5 zainod-0.9.0[2988]:     in zaino_chain_head_service::service::ChainHeadService::tick
1791660378.182104 runnervmmprz5 zainod-0.9.0[2988]:   19:26:18.182  INFO zaino_chain_head_service::service: Syncing block, height: 4382388, hash: 00982620a34bcccb34bbb0525abd434a929e2d43e432c777a9c6b10c9edb9889
1791660378.182104 runnervmmprz5 zainod-0.9.0[2988]:     at packages/zaino-chain-head-service/src/service.rs:426
1791660378.182104 runnervmmprz5 zainod-0.9.0[2988]:     in zaino_chain_head_service::service::ChainHeadService::tick
1791660378.183797 runnervmmprz5 zainod-0.9.0[2988]:   19:26:18.183  INFO zaino_chain_head_service::service: Syncing block, height: 4382389, hash: 0080a4166ac7da494623ec8b94b6fada09a163267bf9b25da03ad101e69152cf
1791660378.183797 runnervmmprz5 zainod-0.9.0[2988]:     at packages/zaino-chain-head-service/src/service.rs:426
1791660378.183797 runnervmmprz5 zainod-0.9.0[2988]:     in zaino_chain_head_service::service::ChainHeadService::tick
1791660378.185051 runnervmmprz5 zainod-0.9.0[2988]:   19:26:18.185  INFO zaino_chain_head_service::service: Syncing block, height: 4382390, hash: 00497be2679518a73834a27f34c36a47ad49a66b825908ebf1c720dfe481bf29
1791660378.185051 runnervmmprz5 zainod-0.9.0[2988]:     at packages/zaino-chain-head-service/src/service.rs:426
1791660378.185051 runnervmmprz5 zainod-0.9.0[2988]:     in zaino_chain_head_service::service::ChainHeadService::tick
1791660378.187805 runnervmmprz5 zainod-0.9.0[2988]:   19:26:18.187  INFO zaino_chain_head_service::service: Syncing block, height: 4382391, hash: 00764bca2c658b4dced1fae539bfb1aff6b5dc54b191976f2221bf84868e1ada
1791660378.187805 runnervmmprz5 zainod-0.9.0[2988]:     at packages/zaino-chain-head-service/src/service.rs:426
1791660378.187805 runnervmmprz5 zainod-0.9.0[2988]:     in zaino_chain_head_service::service::ChainHeadService::tick
1791660378.188161 runnervmmprz5 zainod-0.9.0[2988]:   19:26:18.188  INFO zaino_chain_head_service::service: Syncing block, height: 4382392, hash: 000031de3584a01d071de7379789426511460c6bbec84382efeaab33f5d14863
1791660378.188161 runnervmmprz5 zainod-0.9.0[2988]:     at packages/zaino-chain-head-service/src/service.rs:426
1791660378.188161 runnervmmprz5 zainod-0.9.0[2988]:     in zaino_chain_head_service::service::ChainHeadService::tick
1791660378.189332 runnervmmprz5 zainod-0.9.0[2988]:   19:26:18.189  INFO zaino_chain_head_service::service: Syncing block, height: 4382393, hash: 008abaf2b6e4a97726d6f9a5bbb695a0f779109c092e9d54c9e11567b4727370
1791660378.189332 runnervmmprz5 zainod-0.9.0[2988]:     at packages/zaino-chain-head-service/src/service.rs:426
1791660378.189332 runnervmmprz5 zainod-0.9.0[2988]:     in zaino_chain_head_service::service::ChainHeadService::tick
1791660378.190236 runnervmmprz5 zainod-0.9.0[2988]:   19:26:18.190  INFO zaino_chain_head_service::service: Syncing block, height: 4382394, hash: 0000221dc809b65cd8397ce6aa79bafb01c742ae86a884578a0ff7d3878adaee
1791660378.190236 runnervmmprz5 zainod-0.9.0[2988]:     at packages/zaino-chain-head-service/src/service.rs:426
1791660378.190236 runnervmmprz5 zainod-0.9.0[2988]:     in zaino_chain_head_service::service::ChainHeadService::tick
1791660378.191146 runnervmmprz5 zainod-0.9.0[2988]:   19:26:18.191  INFO zaino_chain_head_service::service: Syncing block, height: 4382395, hash: 0048a710649f8fca87d5599d3943d622b3a5720ff986f5f5fb9f2bce11c08e5b
1791660378.191146 runnervmmprz5 zainod-0.9.0[2988]:     at packages/zaino-chain-head-service/src/service.rs:426
1791660378.191146 runnervmmprz5 zainod-0.9.0[2988]:     in zaino_chain_head_service::service::ChainHeadService::tick
1791660378.192154 runnervmmprz5 zainod-0.9.0[2988]:   19:26:18.192  INFO zaino_chain_head_service::service: Syncing block, height: 4382396, hash: 0013f20e335cb856526b2c99db1d8e31578f9b6704f2a05a296b7fb41cdae154
1791660378.192154 runnervmmprz5 zainod-0.9.0[2988]:     at packages/zaino-chain-head-service/src/service.rs:426
1791660378.192154 runnervmmprz5 zainod-0.9.0[2988]:     in zaino_chain_head_service::service::ChainHeadService::tick
1791660378.193470 runnervmmprz5 zainod-0.9.0[2988]:   19:26:18.193  INFO zaino_chain_head_service::service: Syncing block, height: 4382397, hash: 0041f526c189c3a94b51e87af0445da3abad4a70654f0a85515a67ecaa370d86
1791660378.193470 runnervmmprz5 zainod-0.9.0[2988]:     at packages/zaino-chain-head-service/src/service.rs:426
1791660378.193470 runnervmmprz5 zainod-0.9.0[2988]:     in zaino_chain_head_service::service::ChainHeadService::tick
1791660378.194126 runnervmmprz5 zainod-0.9.0[2988]:   19:26:18.194  INFO zaino_chain_head_service::service: Syncing block, height: 4382398, hash: 00000ef7fe608be529232a117f75eba0ea11991d4d7182dd53e4d18985e4cf53
1791660378.194126 runnervmmprz5 zainod-0.9.0[2988]:     at packages/zaino-chain-head-service/src/service.rs:426
1791660378.194126 runnervmmprz5 zainod-0.9.0[2988]:     in zaino_chain_head_service::service::ChainHeadService::tick
1791660378.196519 runnervmmprz5 zainod-0.9.0[2988]:   19:26:18.196  INFO zaino_chain_head_service::service: Syncing block, height: 4382399, hash: 00002da999aafa178c4e5cd75fe474451e2c0605a94b4bb1e3362108299711da
1791660378.196519 runnervmmprz5 zainod-0.9.0[2988]:     at packages/zaino-chain-head-service/src/service.rs:426
1791660378.196519 runnervmmprz5 zainod-0.9.0[2988]:     in zaino_chain_head_service::service::ChainHeadService::tick
1791660378.197708 runnervmmprz5 zainod-0.9.0[2988]:   19:26:18.197  INFO zaino_chain_head_service::service: Syncing block, height: 4382400, hash: 00033764be9d14f3e0075897e8c4fc18b6465d7f89c9da976e40b7c06da05e0a
1791660378.197708 runnervmmprz5 zainod-0.9.0[2988]:     at packages/zaino-chain-head-service/src/service.rs:426
1791660378.197708 runnervmmprz5 zainod-0.9.0[2988]:     in zaino_chain_head_service::service::ChainHeadService::tick
1791660378.199494 runnervmmprz5 zainod-0.9.0[2988]:   19:26:18.199  INFO zaino_chain_head_service::service: Syncing block, height: 4382401, hash: 000004acd5b3f27ba9a7a2dc2a1d3d146c0903a0bc5f44a44e09c7045d4c05dc
1791660378.199494 runnervmmprz5 zainod-0.9.0[2988]:     at packages/zaino-chain-head-service/src/service.rs:426
1791660378.199494 runnervmmprz5 zainod-0.9.0[2988]:     in zaino_chain_head_service::service::ChainHeadService::tick
1791660378.200136 runnervmmprz5 zainod-0.9.0[2988]:   19:26:18.200  INFO zaino_chain_head_service::service: Syncing block, height: 4382402, hash: 0000571af8abfed3d4c3b216a1dd865ab54c6ed3235fee5e64341a103e4fd967
1791660378.200136 runnervmmprz5 zainod-0.9.0[2988]:     at packages/zaino-chain-head-service/src/service.rs:426
1791660378.200136 runnervmmprz5 zainod-0.9.0[2988]:     in zaino_chain_head_service::service::ChainHeadService::tick
1791660378.201055 runnervmmprz5 zainod-0.9.0[2988]:   19:26:18.201  INFO zaino_chain_head_service::service: Syncing block, height: 4382403, hash: 0000709a95d667e82ef2cb0661c27b8b4f52f5b528d699b7a3867052349c66c4
1791660378.201055 runnervmmprz5 zainod-0.9.0[2988]:     at packages/zaino-chain-head-service/src/service.rs:426
1791660378.201055 runnervmmprz5 zainod-0.9.0[2988]:     in zaino_chain_head_service::service::ChainHeadService::tick
1791660378.202469 runnervmmprz5 zainod-0.9.0[2988]:   19:26:18.202  INFO zaino_chain_head_service::service: Syncing block, height: 4382404, hash: 0000703f54197f005d7af7e6e81c58ccee94d81da3f72f6df490177ad5afdff2
1791660378.202469 runnervmmprz5 zainod-0.9.0[2988]:     at packages/zaino-chain-head-service/src/service.rs:426
1791660378.202469 runnervmmprz5 zainod-0.9.0[2988]:     in zaino_chain_head_service::service::ChainHeadService::tick
1791660378.204878 runnervmmprz5 zainod-0.9.0[2988]:   19:26:18.204  INFO zaino_chain_head_service::service: Syncing block, height: 4382405, hash: 00004f5f447fd2c41e6a9d4fa640de93f43634ec8ce28d5b9a453fb8946da4d6
1791660378.204878 runnervmmprz5 zainod-0.9.0[2988]:     at packages/zaino-chain-head-service/src/service.rs:426
1791660378.204878 runnervmmprz5 zainod-0.9.0[2988]:     in zaino_chain_head_service::service::ChainHeadService::tick
1791660378.207708 runnervmmprz5 zainod-0.9.0[2988]:   19:26:18.206  INFO zaino_chain_head_service::service: Syncing block, height: 4382406, hash: 002c87ea9a20bd22602a8da850c19672cc01bf27dc13185c7424f9c4a9135d21
1791660378.207708 runnervmmprz5 zainod-0.9.0[2988]:     at packages/zaino-chain-head-service/src/service.rs:426
1791660378.207708 runnervmmprz5 zainod-0.9.0[2988]:     in zaino_chain_head_service::service::ChainHeadService::tick
1791660378.208763 runnervmmprz5 zainod-0.9.0[2988]:   19:26:18.207  INFO zaino_chain_head_service::service: Syncing block, height: 4382407, hash: 0000357dec56773062e5cef7da7d5ef2485e7a15a58d023c6cad10bc19d9d434
1791660378.208763 runnervmmprz5 zainod-0.9.0[2988]:     at packages/zaino-chain-head-service/src/service.rs:426
1791660378.208763 runnervmmprz5 zainod-0.9.0[2988]:     in zaino_chain_head_service::service::ChainHeadService::tick
1791660378.208763 runnervmmprz5 zainod-0.9.0[2988]:   19:26:18.208  INFO zaino_chain_head_service::service: Syncing block, height: 4382408, hash: 000009b3bd6253b9eac1ee87e7e1c0bbb5fe0f6cea127d341a1258c9c8cfe22f
1791660378.208763 runnervmmprz5 zainod-0.9.0[2988]:     at packages/zaino-chain-head-service/src/service.rs:426
1791660378.208763 runnervmmprz5 zainod-0.9.0[2988]:     in zaino_chain_head_service::service::ChainHeadService::tick
1791660378.209494 runnervmmprz5 zainod-0.9.0[2988]:   19:26:18.209  INFO zaino_chain_head_service::service: Syncing block, height: 4382409, hash: 000062d9e8fbe73683f75c04b263f51326fa33fcb41a50952cde6790ada17b3b
1791660378.209494 runnervmmprz5 zainod-0.9.0[2988]:     at packages/zaino-chain-head-service/src/service.rs:426
1791660378.209494 runnervmmprz5 zainod-0.9.0[2988]:     in zaino_chain_head_service::service::ChainHeadService::tick
1791660378.211067 runnervmmprz5 zainod-0.9.0[2988]:   19:26:18.211  INFO zaino_chain_head_service::service: Syncing block, height: 4382410, hash: 00006bacabe752de9385f01ef412be53542a7259e8e38cf9e9b04db04d318ec9
1791660378.211067 runnervmmprz5 zainod-0.9.0[2988]:     at packages/zaino-chain-head-service/src/service.rs:426
1791660378.211067 runnervmmprz5 zainod-0.9.0[2988]:     in zaino_chain_head_service::service::ChainHeadService::tick
1791660378.212256 runnervmmprz5 zainod-0.9.0[2988]:   19:26:18.212  INFO zaino_chain_head_service::service: Syncing block, height: 4382411, hash: 00005f7eccb57914d3016fb74fbd11e3bb525f865e799d04e347910038805a3c
1791660378.212256 runnervmmprz5 zainod-0.9.0[2988]:     at packages/zaino-chain-head-service/src/service.rs:426
1791660378.212256 runnervmmprz5 zainod-0.9.0[2988]:     in zaino_chain_head_service::service::ChainHeadService::tick
1791660378.213677 runnervmmprz5 zainod-0.9.0[2988]:   19:26:18.213  INFO zaino_chain_head_service::service: Syncing block, height: 4382412, hash: 003b2760fcfe08a4eb6b1feed8d5b787e98d01cd5b5bf1aa3646fa49f81141e1
1791660378.213677 runnervmmprz5 zainod-0.9.0[2988]:     at packages/zaino-chain-head-service/src/service.rs:426
1791660378.213677 runnervmmprz5 zainod-0.9.0[2988]:     in zaino_chain_head_service::service::ChainHeadService::tick
1791660378.215478 runnervmmprz5 zainod-0.9.0[2988]:   19:26:18.215  INFO zaino_chain_head_service::service: Syncing block, height: 4382413, hash: 0045e9e4be4716e90c05a4240e63f6d0058205d9f0e8100841e044f368c42cc1
1791660378.215478 runnervmmprz5 zainod-0.9.0[2988]:     at packages/zaino-chain-head-service/src/service.rs:426
1791660378.215478 runnervmmprz5 zainod-0.9.0[2988]:     in zaino_chain_head_service::service::ChainHeadService::tick
1791660378.215763 runnervmmprz5 zainod-0.9.0[2988]:   19:26:18.215  INFO zaino_chain_head_service::service: Syncing block, height: 4382414, hash: 000029733f4520ece322dbe085edd19dddf3849f1c147d4c0e20e097955dab61
1791660378.215763 runnervmmprz5 zainod-0.9.0[2988]:     at packages/zaino-chain-head-service/src/service.rs:426
1791660378.215763 runnervmmprz5 zainod-0.9.0[2988]:     in zaino_chain_head_service::service::ChainHeadService::tick
1791660378.217086 runnervmmprz5 zainod-0.9.0[2988]:   19:26:18.217  INFO zaino_chain_head_service::service: Syncing block, height: 4382415, hash: 0045543c7ba7024ed14e91c22fcfa05b5db733992e7a41b2ffd6887f4fced73a
1791660378.217086 runnervmmprz5 zainod-0.9.0[2988]:     at packages/zaino-chain-head-service/src/service.rs:426
1791660378.217086 runnervmmprz5 zainod-0.9.0[2988]:     in zaino_chain_head_service::service::ChainHeadService::tick
1791660378.221903 runnervmmprz5 zainod-0.9.0[2988]:   19:26:18.221  INFO zaino_chain_head_service::service: Syncing block, height: 4382416, hash: 0004ae42a5ae0d4bc97b21f383f951047c0e4b73f99e6db667917a0bd31c1aef
1791660378.221903 runnervmmprz5 zainod-0.9.0[2988]:     at packages/zaino-chain-head-service/src/service.rs:426
1791660378.221903 runnervmmprz5 zainod-0.9.0[2988]:     in zaino_chain_head_service::service::ChainHeadService::tick
1791660378.224231 runnervmmprz5 zainod-0.9.0[2988]:   19:26:18.223  INFO zaino_chain_head_service::service: Syncing block, height: 4382417, hash: 005c9e8397a01819517a775f3a288cc81b96a4d9b5e47948ec0733ee56348c34
1791660378.224231 runnervmmprz5 zainod-0.9.0[2988]:     at packages/zaino-chain-head-service/src/service.rs:426
1791660378.224231 runnervmmprz5 zainod-0.9.0[2988]:     in zaino_chain_head_service::service::ChainHeadService::tick
1791660378.224892 runnervmmprz5 zainod-0.9.0[2988]:   19:26:18.224  INFO zaino_chain_head_service::service: Syncing block, height: 4382418, hash: 0000581eeaf5b8d9cb6b5ebfd1af3151b31ee6a374cede22eae4d3634f205d53
1791660378.224892 runnervmmprz5 zainod-0.9.0[2988]:     at packages/zaino-chain-head-service/src/service.rs:426
1791660378.224892 runnervmmprz5 zainod-0.9.0[2988]:     in zaino_chain_head_service::service::ChainHeadService::tick
1791660378.226612 runnervmmprz5 zainod-0.9.0[2988]:   19:26:18.226  INFO zaino_chain_head_service::service: Syncing block, height: 4382419, hash: 0000287f7e43ae208034716ca32bd04a6b67202eb53ed9e6e2edd9d9042db16f
1791660378.226612 runnervmmprz5 zainod-0.9.0[2988]:     at packages/zaino-chain-head-service/src/service.rs:426
1791660378.226612 runnervmmprz5 zainod-0.9.0[2988]:     in zaino_chain_head_service::service::ChainHeadService::tick
1791660378.228049 runnervmmprz5 zainod-0.9.0[2988]:   19:26:18.228  INFO zaino_chain_head_service::service: Syncing block, height: 4382420, hash: 00004fc044b51e2759c5f092a3c71fbc88d00166021be2e1f06acb531f684b3f
1791660378.228049 runnervmmprz5 zainod-0.9.0[2988]:     at packages/zaino-chain-head-service/src/service.rs:426
1791660378.228049 runnervmmprz5 zainod-0.9.0[2988]:     in zaino_chain_head_service::service::ChainHeadService::tick
1791660378.229984 runnervmmprz5 zainod-0.9.0[2988]:   19:26:18.229  INFO zaino_chain_head_service::service: Syncing block, height: 4382421, hash: 00004b3075709aba7f2bb65d191e6099a9ee84bc5b54eb844dcfdd3b20a6e163
1791660378.229984 runnervmmprz5 zainod-0.9.0[2988]:     at packages/zaino-chain-head-service/src/service.rs:426
1791660378.229984 runnervmmprz5 zainod-0.9.0[2988]:     in zaino_chain_head_service::service::ChainHeadService::tick
1791660378.230591 runnervmmprz5 zainod-0.9.0[2988]:   19:26:18.230  INFO zaino_chain_head_service::service: Syncing block, height: 4382422, hash: 00004b3cece01adaf76a2941382ccdc78b373ba6be5bd16f390cadc8e130fa13
1791660378.230591 runnervmmprz5 zainod-0.9.0[2988]:     at packages/zaino-chain-head-service/src/service.rs:426
1791660378.230591 runnervmmprz5 zainod-0.9.0[2988]:     in zaino_chain_head_service::service::ChainHeadService::tick
1791660378.231145 runnervmmprz5 zainod-0.9.0[2988]:   19:26:18.231  INFO zaino_chain_head_service::service: Syncing block, height: 4382423, hash: 000042f991cd4d5375932c49bf8d92fe6634e28aa0824d801d64da600f1fdb20
1791660378.231145 runnervmmprz5 zainod-0.9.0[2988]:     at packages/zaino-chain-head-service/src/service.rs:426
1791660378.231145 runnervmmprz5 zainod-0.9.0[2988]:     in zaino_chain_head_service::service::ChainHeadService::tick
1791660378.232156 runnervmmprz5 zainod-0.9.0[2988]:   19:26:18.232  INFO zaino_chain_head_service::service: Syncing block, height: 4382424, hash: 00007357dea6264396f0a34d6ce07d2343f4deb5a15f3a296ab1abbed9bc4523
1791660378.232156 runnervmmprz5 zainod-0.9.0[2988]:     at packages/zaino-chain-head-service/src/service.rs:426
1791660378.232156 runnervmmprz5 zainod-0.9.0[2988]:     in zaino_chain_head_service::service::ChainHeadService::tick
1791660378.232635 runnervmmprz5 zainod-0.9.0[2988]:   19:26:18.232  INFO zaino_chain_head_service::service: Syncing block, height: 4382425, hash: 004d95836e404aaf14a6fd21f3afa08a8b77d70a019da9a3ce2193021beb45e0
1791660378.232635 runnervmmprz5 zainod-0.9.0[2988]:     at packages/zaino-chain-head-service/src/service.rs:426
1791660378.232635 runnervmmprz5 zainod-0.9.0[2988]:     in zaino_chain_head_service::service::ChainHeadService::tick
1791660378.233912 runnervmmprz5 zainod-0.9.0[2988]:   19:26:18.233  INFO zaino_chain_head_service::service: Syncing block, height: 4382426, hash: 0000426ce357a328cb4f59332baca1c58a3e4323d0592dba7c91d0855ff95a68
1791660378.233912 runnervmmprz5 zainod-0.9.0[2988]:     at packages/zaino-chain-head-service/src/service.rs:426
1791660378.233912 runnervmmprz5 zainod-0.9.0[2988]:     in zaino_chain_head_service::service::ChainHeadService::tick
1791660378.234500 runnervmmprz5 zainod-0.9.0[2988]:   19:26:18.234  INFO zaino_chain_head_service::service: Syncing block, height: 4382427, hash: 00007dcdf1c9a6124d555c8ae231fc7e0c35ef7f8d54fdd737aafa6b3f987ce4
1791660378.234500 runnervmmprz5 zainod-0.9.0[2988]:     at packages/zaino-chain-head-service/src/service.rs:426
1791660378.234500 runnervmmprz5 zainod-0.9.0[2988]:     in zaino_chain_head_service::service::ChainHeadService::tick
1791660378.235129 runnervmmprz5 zainod-0.9.0[2988]:   19:26:18.235  INFO zaino_chain_head_service::service: Syncing block, height: 4382428, hash: 00007ded5d624dd2f222cb267da7db8c505c24344c3e0a6f96720f0511b710cd
1791660378.235129 runnervmmprz5 zainod-0.9.0[2988]:     at packages/zaino-chain-head-service/src/service.rs:426
1791660378.235129 runnervmmprz5 zainod-0.9.0[2988]:     in zaino_chain_head_service::service::ChainHeadService::tick
1791660378.237582 runnervmmprz5 zainod-0.9.0[2988]:   19:26:18.236  INFO zaino_chain_head_service::service: Syncing block, height: 4382429, hash: 001d3ef7d8095922783b046cd733ed42df70c843829db01a6d0df977c8a100d1
1791660378.237582 runnervmmprz5 zainod-0.9.0[2988]:     at packages/zaino-chain-head-service/src/service.rs:426
1791660378.237582 runnervmmprz5 zainod-0.9.0[2988]:     in zaino_chain_head_service::service::ChainHeadService::tick
1791660378.237582 runnervmmprz5 zainod-0.9.0[2988]:   19:26:18.237  INFO zaino_chain_head_service::service: Syncing block, height: 4382430, hash: 00006f52db8d8f3d0dcc7ffb7e42d824029b66c118a53358f47315cea2bf3b08
1791660378.237582 runnervmmprz5 zainod-0.9.0[2988]:     at packages/zaino-chain-head-service/src/service.rs:426
1791660378.237582 runnervmmprz5 zainod-0.9.0[2988]:     in zaino_chain_head_service::service::ChainHeadService::tick
1791660378.238935 runnervmmprz5 zainod-0.9.0[2988]:   19:26:18.238  INFO zaino_chain_head_service::service: Syncing block, height: 4382431, hash: 0000304007aa30964b3b3150f45968c851920d62cd8e18083924349be7a9e565
1791660378.238935 runnervmmprz5 zainod-0.9.0[2988]:     at packages/zaino-chain-head-service/src/service.rs:426
1791660378.238935 runnervmmprz5 zainod-0.9.0[2988]:     in zaino_chain_head_service::service::ChainHeadService::tick
1791660378.240077 runnervmmprz5 zainod-0.9.0[2988]:   19:26:18.240  INFO zaino_chain_head_service::service: Syncing block, height: 4382432, hash: 000032ecf3936d0842e713d4f2dc94a228c7a7eaae30423fea34d57694dff1a6
1791660378.240077 runnervmmprz5 zainod-0.9.0[2988]:     at packages/zaino-chain-head-service/src/service.rs:426
1791660378.240077 runnervmmprz5 zainod-0.9.0[2988]:     in zaino_chain_head_service::service::ChainHeadService::tick
1791660378.240921 runnervmmprz5 zainod-0.9.0[2988]:   19:26:18.240  INFO zaino_chain_head_service::service: Syncing block, height: 4382433, hash: 00006439b8166165d50dd5c6440e92399134cade3b970bddd1fd129aede4725f
1791660378.240921 runnervmmprz5 zainod-0.9.0[2988]:     at packages/zaino-chain-head-service/src/service.rs:426
1791660378.240921 runnervmmprz5 zainod-0.9.0[2988]:     in zaino_chain_head_service::service::ChainHeadService::tick
1791660378.242279 runnervmmprz5 zainod-0.9.0[2988]:   19:26:18.242  INFO zaino_chain_head_service::service: Syncing block, height: 4382434, hash: 00003cb1982cb920f212b71d2413c2ea18c652c1ac4fc7349851bcdae84ee00b
1791660378.242279 runnervmmprz5 zainod-0.9.0[2988]:     at packages/zaino-chain-head-service/src/service.rs:426
1791660378.242279 runnervmmprz5 zainod-0.9.0[2988]:     in zaino_chain_head_service::service::ChainHeadService::tick
1791660378.243310 runnervmmprz5 zainod-0.9.0[2988]:   19:26:18.242  INFO zaino_chain_head_service::service: Syncing block, height: 4382435, hash: 000031119467669d03c7c99b9ef69d6ebfe3862459382030f237ef1ac6a22638
1791660378.243310 runnervmmprz5 zainod-0.9.0[2988]:     at packages/zaino-chain-head-service/src/service.rs:426
1791660378.243310 runnervmmprz5 zainod-0.9.0[2988]:     in zaino_chain_head_service::service::ChainHeadService::tick
1791660378.243829 runnervmmprz5 zainod-0.9.0[2988]:   19:26:18.243  INFO zaino_chain_head_service::service: Syncing block, height: 4382436, hash: 000073d24ddeab646b7c1e545f853d0e7e1563201ba46022586a48446cf0b877
1791660378.243829 runnervmmprz5 zainod-0.9.0[2988]:     at packages/zaino-chain-head-service/src/service.rs:426
1791660378.243829 runnervmmprz5 zainod-0.9.0[2988]:     in zaino_chain_head_service::service::ChainHeadService::tick
1791660378.245623 runnervmmprz5 zainod-0.9.0[2988]:   19:26:18.245  INFO zaino_chain_head_service::service: Syncing block, height: 4382437, hash: 00007ad93d805d6834a21b919b6b5891379b0466e636b13552d84a5d0b305505
1791660378.245623 runnervmmprz5 zainod-0.9.0[2988]:     at packages/zaino-chain-head-service/src/service.rs:426
1791660378.245623 runnervmmprz5 zainod-0.9.0[2988]:     in zaino_chain_head_service::service::ChainHeadService::tick
1791660378.246282 runnervmmprz5 zainod-0.9.0[2988]:   19:26:18.246  INFO zaino_chain_head_service::service: Syncing block, height: 4382438, hash: 001d5338abbc258023d044be41a529569c71f4676446d0a80a27f151d664cbdb
1791660378.246282 runnervmmprz5 zainod-0.9.0[2988]:     at packages/zaino-chain-head-service/src/service.rs:426
1791660378.246282 runnervmmprz5 zainod-0.9.0[2988]:     in zaino_chain_head_service::service::ChainHeadService::tick
1791660378.248241 runnervmmprz5 zainod-0.9.0[2988]:   19:26:18.248  INFO zaino_chain_head_service::service: Syncing block, height: 4382439, hash: 00401fb456ecc5beef26799337e7a9daa784ba36489f8dafdebbede93ae53ccf
1791660378.248241 runnervmmprz5 zainod-0.9.0[2988]:     at packages/zaino-chain-head-service/src/service.rs:426
1791660378.248241 runnervmmprz5 zainod-0.9.0[2988]:     in zaino_chain_head_service::service::ChainHeadService::tick
1791660378.252104 runnervmmprz5 zainod-0.9.0[2988]:   19:26:18.252  INFO zaino_chain_head_service::service: Syncing block, height: 4382440, hash: 0009aa96d069994866772b01340ee149fc1542895c50c9891e3a5678f884fcf8
1791660378.252104 runnervmmprz5 zainod-0.9.0[2988]:     at packages/zaino-chain-head-service/src/service.rs:426
1791660378.252104 runnervmmprz5 zainod-0.9.0[2988]:     in zaino_chain_head_service::service::ChainHeadService::tick
1791660378.255971 runnervmmprz5 zainod-0.9.0[2988]:   19:26:18.255  INFO zaino_chain_head_service::service: Syncing block, height: 4382441, hash: 001468d904c0675f14081d3b44546fb3fae1d28c9fe74e45cc78d860ab5adeb7
1791660378.255971 runnervmmprz5 zainod-0.9.0[2988]:     at packages/zaino-chain-head-service/src/service.rs:426
1791660378.255971 runnervmmprz5 zainod-0.9.0[2988]:     in zaino_chain_head_service::service::ChainHeadService::tick
1791660378.257501 runnervmmprz5 zainod-0.9.0[2988]:   19:26:18.257  INFO zaino_chain_head_service::service: Syncing block, height: 4382442, hash: 001ab2f2809236e3c5c89b3c0d40d172d5396d9ef9e0ed3c44f0374bc8296627
1791660378.257501 runnervmmprz5 zainod-0.9.0[2988]:     at packages/zaino-chain-head-service/src/service.rs:426
1791660378.257501 runnervmmprz5 zainod-0.9.0[2988]:     in zaino_chain_head_service::service::ChainHeadService::tick
1791660378.258815 runnervmmprz5 zainod-0.9.0[2988]:   19:26:18.258  INFO zaino_chain_head_service::service: Syncing block, height: 4382443, hash: 00003b329deaf7f2a9105b4903d1233ef778ca7f0d4d2f4acd3ad3de8e72b1b5
1791660378.258815 runnervmmprz5 zainod-0.9.0[2988]:     at packages/zaino-chain-head-service/src/service.rs:426
1791660378.258815 runnervmmprz5 zainod-0.9.0[2988]:     in zaino_chain_head_service::service::ChainHeadService::tick
1791660378.260075 runnervmmprz5 zainod-0.9.0[2988]:   19:26:18.260  INFO zaino_chain_head_service::service: Syncing block, height: 4382444, hash: 000048fc9db0280ace26375baae89f545afded33fa9c8e86e87987dc4b06650c
1791660378.260075 runnervmmprz5 zainod-0.9.0[2988]:     at packages/zaino-chain-head-service/src/service.rs:426
1791660378.260075 runnervmmprz5 zainod-0.9.0[2988]:     in zaino_chain_head_service::service::ChainHeadService::tick
1791660378.262241 runnervmmprz5 zainod-0.9.0[2988]:   19:26:18.262  INFO zaino_chain_head_service::service: Syncing block, height: 4382445, hash: 000054c09d8b67268d83537c5366ff2a69e25e509320205bc8a0bdc5573b594d
1791660378.262241 runnervmmprz5 zainod-0.9.0[2988]:     at packages/zaino-chain-head-service/src/service.rs:426
1791660378.262241 runnervmmprz5 zainod-0.9.0[2988]:     in zaino_chain_head_service::service::ChainHeadService::tick
1791660378.263113 runnervmmprz5 zainod-0.9.0[2988]:   19:26:18.263  INFO zaino_chain_head_service::service: Syncing block, height: 4382446, hash: 000069bea6a2ccc539772a5ddf659cf8ce9512f66c5ab1519adec00a79ecf5f4
1791660378.263113 runnervmmprz5 zainod-0.9.0[2988]:     at packages/zaino-chain-head-service/src/service.rs:426
1791660378.263113 runnervmmprz5 zainod-0.9.0[2988]:     in zaino_chain_head_service::service::ChainHeadService::tick
1791660378.263650 runnervmmprz5 zainod-0.9.0[2988]:   19:26:18.263  INFO zaino_chain_head_service::service: Syncing block, height: 4382447, hash: 00005381d15d37a9711ece5136325245b29ac201fcfe1bcab7eb043e7eb96e8f
1791660378.263650 runnervmmprz5 zainod-0.9.0[2988]:     at packages/zaino-chain-head-service/src/service.rs:426
1791660378.263650 runnervmmprz5 zainod-0.9.0[2988]:     in zaino_chain_head_service::service::ChainHeadService::tick
1791660378.265435 runnervmmprz5 zainod-0.9.0[2988]:   19:26:18.265  INFO zaino_chain_head_service::service: Syncing block, height: 4382448, hash: 000025f5664ec0486b1a31d72b98e950e0ab314ab36518c8b9ed49469e353990
1791660378.265435 runnervmmprz5 zainod-0.9.0[2988]:     at packages/zaino-chain-head-service/src/service.rs:426
1791660378.265435 runnervmmprz5 zainod-0.9.0[2988]:     in zaino_chain_head_service::service::ChainHeadService::tick
1791660378.266814 runnervmmprz5 zainod-0.9.0[2988]:   19:26:18.266  INFO zaino_chain_head_service::service: Syncing block, height: 4382449, hash: 00004e1c5a617298d0618376d7e55e268a9e5df0e72b6102c9a771f7da0b501b
1791660378.266814 runnervmmprz5 zainod-0.9.0[2988]:     at packages/zaino-chain-head-service/src/service.rs:426
1791660378.266814 runnervmmprz5 zainod-0.9.0[2988]:     in zaino_chain_head_service::service::ChainHeadService::tick
1791660378.267410 runnervmmprz5 zainod-0.9.0[2988]:   19:26:18.267  INFO zaino_chain_head_service::service: Syncing block, height: 4382450, hash: 0000256b496dc55ca22abcd2021f095ca01f0faf8126100327307e2851ba3764
1791660378.267410 runnervmmprz5 zainod-0.9.0[2988]:     at packages/zaino-chain-head-service/src/service.rs:426
1791660378.267410 runnervmmprz5 zainod-0.9.0[2988]:     in zaino_chain_head_service::service::ChainHeadService::tick
1791660378.268815 runnervmmprz5 zainod-0.9.0[2988]:   19:26:18.268  INFO zaino_chain_head_service::service: Syncing block, height: 4382451, hash: 0000716e7824f662e988d3cdb275e4d4a4c2a66deeb1028870fe50ab446d323b
1791660378.268815 runnervmmprz5 zainod-0.9.0[2988]:     at packages/zaino-chain-head-service/src/service.rs:426
1791660378.268815 runnervmmprz5 zainod-0.9.0[2988]:     in zaino_chain_head_service::service::ChainHeadService::tick
1791660378.269354 runnervmmprz5 zainod-0.9.0[2988]:   19:26:18.269  INFO zaino_chain_head_service::service: Syncing block, height: 4382452, hash: 00005210ca97cd4b1e92d1c8d77ad2d0eeaae105448a988c3a70e875b0646aba
1791660378.269354 runnervmmprz5 zainod-0.9.0[2988]:     at packages/zaino-chain-head-service/src/service.rs:426
1791660378.269354 runnervmmprz5 zainod-0.9.0[2988]:     in zaino_chain_head_service::service::ChainHeadService::tick
1791660378.272145 runnervmmprz5 zainod-0.9.0[2988]:   19:26:18.271  INFO zaino_chain_head_service::service: Syncing block, height: 4382453, hash: 00000ebda28a54396b35cf0a3f0386d98e12e328cb8aac104e58158fa39ef7e1
1791660378.272145 runnervmmprz5 zainod-0.9.0[2988]:     at packages/zaino-chain-head-service/src/service.rs:426
1791660378.272145 runnervmmprz5 zainod-0.9.0[2988]:     in zaino_chain_head_service::service::ChainHeadService::tick
1791660378.273174 runnervmmprz5 zainod-0.9.0[2988]:   19:26:18.273  INFO zaino_chain_head_service::service: Syncing block, height: 4382454, hash: 002e98ddd167decc1ee62165b1cd59e2b1b600f18e750ddd3dbfc6e7e0330eb9
1791660378.273174 runnervmmprz5 zainod-0.9.0[2988]:     at packages/zaino-chain-head-service/src/service.rs:426
1791660378.273174 runnervmmprz5 zainod-0.9.0[2988]:     in zaino_chain_head_service::service::ChainHeadService::tick
1791660378.274107 runnervmmprz5 zainod-0.9.0[2988]:   19:26:18.274  INFO zaino_chain_head_service::service: Syncing block, height: 4382455, hash: 00003fb60da903cafb101fa9ddfcaaea394286b5f81d80c94222d6f20fe41380
1791660378.274107 runnervmmprz5 zainod-0.9.0[2988]:     at packages/zaino-chain-head-service/src/service.rs:426
1791660378.274107 runnervmmprz5 zainod-0.9.0[2988]:     in zaino_chain_head_service::service::ChainHeadService::tick
1791660378.274856 runnervmmprz5 zainod-0.9.0[2988]:   19:26:18.274  INFO zaino_chain_head_service::service: Syncing block, height: 4382456, hash: 000067cb68401e83a796c025658c4d9bd5e71a8ac123abf8f820d6f4fe85979c
1791660378.274856 runnervmmprz5 zainod-0.9.0[2988]:     at packages/zaino-chain-head-service/src/service.rs:426
1791660378.274856 runnervmmprz5 zainod-0.9.0[2988]:     in zaino_chain_head_service::service::ChainHeadService::tick
1791660378.276032 runnervmmprz5 zainod-0.9.0[2988]:   19:26:18.276  INFO zaino_chain_head_service::service: Syncing block, height: 4382457, hash: 00003bca72b2c802d33ceade5b3403cb1a8081a2dc31e875368c233590c6f023
1791660378.276032 runnervmmprz5 zainod-0.9.0[2988]:     at packages/zaino-chain-head-service/src/service.rs:426
1791660378.276032 runnervmmprz5 zainod-0.9.0[2988]:     in zaino_chain_head_service::service::ChainHeadService::tick
1791660378.277887 runnervmmprz5 zainod-0.9.0[2988]:   19:26:18.277  INFO zaino_chain_head_service::service: Syncing block, height: 4382458, hash: 0000293673bcf6bb9658a3f30c529c44911773c95ca5d34ec4201fb7f52fa3e8
1791660378.277887 runnervmmprz5 zainod-0.9.0[2988]:     at packages/zaino-chain-head-service/src/service.rs:426
1791660378.277887 runnervmmprz5 zainod-0.9.0[2988]:     in zaino_chain_head_service::service::ChainHeadService::tick
1791660378.278896 runnervmmprz5 zainod-0.9.0[2988]:   19:26:18.278  INFO zaino_chain_head_service::service: Syncing block, height: 4382459, hash: 00002b299606a7bf2f54cfc0f7419e8af7c8547265cd63810077e8a5c8ce8b8d
1791660378.278896 runnervmmprz5 zainod-0.9.0[2988]:     at packages/zaino-chain-head-service/src/service.rs:426
1791660378.278896 runnervmmprz5 zainod-0.9.0[2988]:     in zaino_chain_head_service::service::ChainHeadService::tick
1791660378.280880 runnervmmprz5 zainod-0.9.0[2988]:   19:26:18.280  INFO zaino_chain_head_service::service: Syncing block, height: 4382460, hash: 00000a1736724b5b5011cd04211fb60870e24e06e7ec2d3793ca869c70c4e642
1791660378.280880 runnervmmprz5 zainod-0.9.0[2988]:     at packages/zaino-chain-head-service/src/service.rs:426
1791660378.280880 runnervmmprz5 zainod-0.9.0[2988]:     in zaino_chain_head_service::service::ChainHeadService::tick
1791660378.282370 runnervmmprz5 zainod-0.9.0[2988]:   19:26:18.282  INFO zaino_chain_head_service::service: Syncing block, height: 4382461, hash: 0021c9d85a142d5bbe783016307bb620a30e74627e29fe61a8989bd0c907697e
1791660378.282370 runnervmmprz5 zainod-0.9.0[2988]:     at packages/zaino-chain-head-service/src/service.rs:426
1791660378.282370 runnervmmprz5 zainod-0.9.0[2988]:     in zaino_chain_head_service::service::ChainHeadService::tick
1791660378.283209 runnervmmprz5 zainod-0.9.0[2988]:   19:26:18.283  INFO zaino_chain_head_service::service: Syncing block, height: 4382462, hash: 000062a32e601e2161117dc14b90e1279b7bebcaa109b9470969f27e0d11832e
1791660378.283209 runnervmmprz5 zainod-0.9.0[2988]:     at packages/zaino-chain-head-service/src/service.rs:426
1791660378.283209 runnervmmprz5 zainod-0.9.0[2988]:     in zaino_chain_head_service::service::ChainHeadService::tick
1791660378.284890 runnervmmprz5 zainod-0.9.0[2988]:   19:26:18.284  INFO zaino_chain_head_service::service: Syncing block, height: 4382463, hash: 000052a2a592768ce7ef82c3d34081da6a8a264d73e75e2c38623cd9904c33fd
1791660378.284890 runnervmmprz5 zainod-0.9.0[2988]:     at packages/zaino-chain-head-service/src/service.rs:426
1791660378.284890 runnervmmprz5 zainod-0.9.0[2988]:     in zaino_chain_head_service::service::ChainHeadService::tick
1791660378.285396 runnervmmprz5 zainod-0.9.0[2988]:   19:26:18.285  INFO zaino_chain_head_service::service: Syncing block, height: 4382464, hash: 00005b299739f5185fd224c2c7dcb2104b77b4d3cff15dad0fe91f1af4571aca
1791660378.285396 runnervmmprz5 zainod-0.9.0[2988]:     at packages/zaino-chain-head-service/src/service.rs:426
1791660378.285396 runnervmmprz5 zainod-0.9.0[2988]:     in zaino_chain_head_service::service::ChainHeadService::tick
1791660378.286111 runnervmmprz5 zainod-0.9.0[2988]:   19:26:18.286  INFO zaino_chain_head_service::service: Syncing block, height: 4382465, hash: 00001d2164536a7b58a5f9b46e497c0f4c2fc983560cf4b05ab554d376487450
1791660378.286111 runnervmmprz5 zainod-0.9.0[2988]:     at packages/zaino-chain-head-service/src/service.rs:426
1791660378.286111 runnervmmprz5 zainod-0.9.0[2988]:     in zaino_chain_head_service::service::ChainHeadService::tick
1791660378.287447 runnervmmprz5 zainod-0.9.0[2988]:   19:26:18.287  INFO zaino_chain_head_service::service: Syncing block, height: 4382466, hash: 000064f9cf68286d38ad8011bfee108d2a86be62595c82390bb42d6604198cc9
1791660378.287447 runnervmmprz5 zainod-0.9.0[2988]:     at packages/zaino-chain-head-service/src/service.rs:426
1791660378.287447 runnervmmprz5 zainod-0.9.0[2988]:     in zaino_chain_head_service::service::ChainHeadService::tick
1791660378.288001 runnervmmprz5 zainod-0.9.0[2988]:   19:26:18.287  INFO zaino_chain_head_service::service: Syncing block, height: 4382467, hash: 00004154587f4bfdb89264d0d182b9d8b04c35a2f7dce65068ec5318cfd996bc
1791660378.288001 runnervmmprz5 zainod-0.9.0[2988]:     at packages/zaino-chain-head-service/src/service.rs:426
1791660378.288001 runnervmmprz5 zainod-0.9.0[2988]:     in zaino_chain_head_service::service::ChainHeadService::tick
1791660378.288735 runnervmmprz5 zainod-0.9.0[2988]:   19:26:18.288  INFO zaino_chain_head_service::service: Syncing block, height: 4382468, hash: 00000dce993d493fb0b8c9a9773d6d1d4c363e660441e7a39cb2627300278697
1791660378.288735 runnervmmprz5 zainod-0.9.0[2988]:     at packages/zaino-chain-head-service/src/service.rs:426
1791660378.288735 runnervmmprz5 zainod-0.9.0[2988]:     in zaino_chain_head_service::service::ChainHeadService::tick
1791660378.289597 runnervmmprz5 zainod-0.9.0[2988]:   19:26:18.289  INFO zaino_chain_head_service::service: Syncing block, height: 4382469, hash: 000043db7cd629f1645b32eb8c7049b7cf9b4a9d7ed18e1c8163f3c415fd02fd
1791660378.289597 runnervmmprz5 zainod-0.9.0[2988]:     at packages/zaino-chain-head-service/src/service.rs:426
1791660378.289597 runnervmmprz5 zainod-0.9.0[2988]:     in zaino_chain_head_service::service::ChainHeadService::tick
1791660378.290258 runnervmmprz5 zainod-0.9.0[2988]:   19:26:18.290  INFO zaino_chain_head_service::service: Syncing block, height: 4382470, hash: 0000675a7ede3c00aa4465c6a30c94e6c1c6660c3a3c03921671680fa0c63fc1
1791660378.290258 runnervmmprz5 zainod-0.9.0[2988]:     at packages/zaino-chain-head-service/src/service.rs:426
1791660378.290258 runnervmmprz5 zainod-0.9.0[2988]:     in zaino_chain_head_service::service::ChainHeadService::tick
1791660378.291040 runnervmmprz5 zainod-0.9.0[2988]:   19:26:18.291  INFO zaino_chain_head_service::service: Syncing block, height: 4382471, hash: 00005524278da3e1d68a7bc6c31329b45065888b9d745a0212ea87933bedfbc8
1791660378.291040 runnervmmprz5 zainod-0.9.0[2988]:     at packages/zaino-chain-head-service/src/service.rs:426
1791660378.291040 runnervmmprz5 zainod-0.9.0[2988]:     in zaino_chain_head_service::service::ChainHeadService::tick
1791660378.291993 runnervmmprz5 zainod-0.9.0[2988]:   19:26:18.291  INFO zaino_chain_head_service::service: Syncing block, height: 4382472, hash: 000047e70e70ec893c673c1a57f21c0a17bf98eb327251f703ba99a8a30fe0ae
1791660378.291993 runnervmmprz5 zainod-0.9.0[2988]:     at packages/zaino-chain-head-service/src/service.rs:426
1791660378.291993 runnervmmprz5 zainod-0.9.0[2988]:     in zaino_chain_head_service::service::ChainHeadService::tick
1791660378.292831 runnervmmprz5 zainod-0.9.0[2988]:   19:26:18.292  INFO zaino_chain_head_service::service: Syncing block, height: 4382473, hash: 0000020f97ee5071e6748ac96362d81e07633071474b7fa2adeb145bb90e34fc
1791660378.292831 runnervmmprz5 zainod-0.9.0[2988]:     at packages/zaino-chain-head-service/src/service.rs:426
1791660378.292831 runnervmmprz5 zainod-0.9.0[2988]:     in zaino_chain_head_service::service::ChainHeadService::tick
1791660378.295006 runnervmmprz5 zainod-0.9.0[2988]:   19:26:18.294  INFO zaino_chain_head_service::service: Syncing block, height: 4382474, hash: 001f475e4ae7e3d4718afa512c15213bc210666c6c3a42633c7c7416335d31ff
1791660378.295006 runnervmmprz5 zainod-0.9.0[2988]:     at packages/zaino-chain-head-service/src/service.rs:426
1791660378.295006 runnervmmprz5 zainod-0.9.0[2988]:     in zaino_chain_head_service::service::ChainHeadService::tick
1791660378.295743 runnervmmprz5 zainod-0.9.0[2988]:   19:26:18.295  INFO zaino_chain_head_service::service: Syncing block, height: 4382475, hash: 00006d392d8aa770faaeb9b7f0031cee06fb52dda8d8adbb6494e6dda96f74d0
1791660378.295743 runnervmmprz5 zainod-0.9.0[2988]:     at packages/zaino-chain-head-service/src/service.rs:426
1791660378.295743 runnervmmprz5 zainod-0.9.0[2988]:     in zaino_chain_head_service::service::ChainHeadService::tick
1791660378.297036 runnervmmprz5 zainod-0.9.0[2988]:   19:26:18.296  INFO zaino_chain_head_service::service: Syncing block, height: 4382476, hash: 000bd88d8043f83ec80d48ed89daaa9c0a0eb57af05344e8085f78b77372f207
1791660378.297036 runnervmmprz5 zainod-0.9.0[2988]:     at packages/zaino-chain-head-service/src/service.rs:426
1791660378.297036 runnervmmprz5 zainod-0.9.0[2988]:     in zaino_chain_head_service::service::ChainHeadService::tick
1791660378.297776 runnervmmprz5 zainod-0.9.0[2988]:   19:26:18.297  INFO zaino_chain_head_service::service: Syncing block, height: 4382477, hash: 001b033454a1f82387121b285b6e32975c789595d0b618e3bb11f49ae0b84b15
1791660378.297776 runnervmmprz5 zainod-0.9.0[2988]:     at packages/zaino-chain-head-service/src/service.rs:426
1791660378.297776 runnervmmprz5 zainod-0.9.0[2988]:     in zaino_chain_head_service::service::ChainHeadService::tick
1791660378.299155 runnervmmprz5 zainod-0.9.0[2988]:   19:26:18.299  INFO zaino_chain_head_service::service: Syncing block, height: 4382478, hash: 00006bb91c762329dee2d4a55b50e326ac8b48b0c8f9075d5c4f60b202330d63
1791660378.299155 runnervmmprz5 zainod-0.9.0[2988]:     at packages/zaino-chain-head-service/src/service.rs:426
1791660378.299155 runnervmmprz5 zainod-0.9.0[2988]:     in zaino_chain_head_service::service::ChainHeadService::tick
1791660378.301661 runnervmmprz5 zainod-0.9.0[2988]:   19:26:18.301  INFO zaino_chain_head_service::service: Syncing block, height: 4382479, hash: 00022dbf39c9cac14b189546f6a791d225382bf089019e2a1ce7bdbdf59215c2
1791660378.301661 runnervmmprz5 zainod-0.9.0[2988]:     at packages/zaino-chain-head-service/src/service.rs:426
1791660378.301661 runnervmmprz5 zainod-0.9.0[2988]:     in zaino_chain_head_service::service::ChainHeadService::tick
1791660378.303536 runnervmmprz5 zainod-0.9.0[2988]:   19:26:18.303  INFO zaino_chain_head_service::service: Syncing block, height: 4382480, hash: 000036ebc0fa755adbe90f8631471a78217de3e0f79cd4bea510a6b75ae2d54a
1791660378.303536 runnervmmprz5 zainod-0.9.0[2988]:     at packages/zaino-chain-head-service/src/service.rs:426
1791660378.303536 runnervmmprz5 zainod-0.9.0[2988]:     in zaino_chain_head_service::service::ChainHeadService::tick
1791660378.304155 runnervmmprz5 zainod-0.9.0[2988]:   19:26:18.304  INFO zaino_chain_head_service::service: Syncing block, height: 4382481, hash: 00007cfa228b0682bbfbd655e779c018bcd18e65cf8096cb4f9ab537ae417e9e
1791660378.304155 runnervmmprz5 zainod-0.9.0[2988]:     at packages/zaino-chain-head-service/src/service.rs:426
1791660378.304155 runnervmmprz5 zainod-0.9.0[2988]:     in zaino_chain_head_service::service::ChainHeadService::tick
1791660378.304807 runnervmmprz5 zainod-0.9.0[2988]:   19:26:18.304  INFO zaino_chain_head_service::service: Syncing block, height: 4382482, hash: 0000160bd52971d161e0e94d5caf9cfc4bd420bc2d9fe189b361a2a77c5b3518
1791660378.304807 runnervmmprz5 zainod-0.9.0[2988]:     at packages/zaino-chain-head-service/src/service.rs:426
1791660378.304807 runnervmmprz5 zainod-0.9.0[2988]:     in zaino_chain_head_service::service::ChainHeadService::tick
1791660378.305216 runnervmmprz5 zainod-0.9.0[2988]:   19:26:18.305  INFO zaino_chain_head_service::service: Syncing block, height: 4382483, hash: 00004faf8ee8bf7e4b39bbf54d4d7f998dbd61bef20b5985e830a626d3e58954
1791660378.305216 runnervmmprz5 zainod-0.9.0[2988]:     at packages/zaino-chain-head-service/src/service.rs:426
1791660378.305216 runnervmmprz5 zainod-0.9.0[2988]:     in zaino_chain_head_service::service::ChainHeadService::tick
1791660378.307363 runnervmmprz5 zainod-0.9.0[2988]:   19:26:18.307  INFO zaino_chain_head_service::service: Syncing block, height: 4382484, hash: 000057ed5b70dec6e7927f7829090280e836bf3848116b8218e13d781bf28fe2
1791660378.307363 runnervmmprz5 zainod-0.9.0[2988]:     at packages/zaino-chain-head-service/src/service.rs:426
1791660378.307363 runnervmmprz5 zainod-0.9.0[2988]:     in zaino_chain_head_service::service::ChainHeadService::tick
1791660378.308372 runnervmmprz5 zainod-0.9.0[2988]:   19:26:18.308  INFO zaino_chain_head_service::service: Syncing block, height: 4382485, hash: 00006df791090d49ff8ae34b8e98a026141b1577c0e39d29e06c06ca514a8772
1791660378.308372 runnervmmprz5 zainod-0.9.0[2988]:     at packages/zaino-chain-head-service/src/service.rs:426
1791660378.308372 runnervmmprz5 zainod-0.9.0[2988]:     in zaino_chain_head_service::service::ChainHeadService::tick
1791660378.310073 runnervmmprz5 zainod-0.9.0[2988]:   19:26:18.310  INFO zaino_chain_head_service::service: Syncing block, height: 4382486, hash: 0000268fa63df91d4a69ae71b082323ac6e5f907f03b12ebcbe82ecb66c7f1b0
1791660378.310073 runnervmmprz5 zainod-0.9.0[2988]:     at packages/zaino-chain-head-service/src/service.rs:426
1791660378.310073 runnervmmprz5 zainod-0.9.0[2988]:     in zaino_chain_head_service::service::ChainHeadService::tick
1791660378.311104 runnervmmprz5 zainod-0.9.0[2988]:   19:26:18.311  INFO zaino_chain_head_service::service: Syncing block, height: 4382487, hash: 0015cedc69281148d6915ef4a3dd0043f15451fdfd7b1fb2aafc574924489ba1
1791660378.311104 runnervmmprz5 zainod-0.9.0[2988]:     at packages/zaino-chain-head-service/src/service.rs:426
1791660378.311104 runnervmmprz5 zainod-0.9.0[2988]:     in zaino_chain_head_service::service::ChainHeadService::tick
1791660378.312080 runnervmmprz5 zainod-0.9.0[2988]:   19:26:18.312  INFO zaino_chain_head_service::service: Syncing block, height: 4382488, hash: 000014ab19c3adbf634c3f923f21fc1fd550459cf4bc227d686ec7f882da3fc9
1791660378.312080 runnervmmprz5 zainod-0.9.0[2988]:     at packages/zaino-chain-head-service/src/service.rs:426
1791660378.312080 runnervmmprz5 zainod-0.9.0[2988]:     in zaino_chain_head_service::service::ChainHeadService::tick
1791660378.312737 runnervmmprz5 zainod-0.9.0[2988]:   19:26:18.312  INFO zaino_chain_head_service::service: Syncing block, height: 4382489, hash: 00000548dc1d2bc5cfe8b1bd2f59d0107742b71f8a40284a95d940c8c491d586
1791660378.312737 runnervmmprz5 zainod-0.9.0[2988]:     at packages/zaino-chain-head-service/src/service.rs:426
1791660378.312737 runnervmmprz5 zainod-0.9.0[2988]:     in zaino_chain_head_service::service::ChainHeadService::tick
1791660378.313758 runnervmmprz5 zainod-0.9.0[2988]:   19:26:18.313  INFO zaino_chain_head_service::service: Syncing block, height: 4382490, hash: 0002c18acb73684e8a2388d13d523916dafdf28487e190d9b36273c38f0f7162
1791660378.313758 runnervmmprz5 zainod-0.9.0[2988]:     at packages/zaino-chain-head-service/src/service.rs:426
1791660378.313758 runnervmmprz5 zainod-0.9.0[2988]:     in zaino_chain_head_service::service::ChainHeadService::tick
1791660378.315711 runnervmmprz5 zainod-0.9.0[2988]:   19:26:18.315  INFO zaino_chain_head_service::service: Syncing block, height: 4382491, hash: 00001d556c100ed4b37f27905d7377a971a332aa69d6f0a744fb3d6ffff21870
1791660378.315711 runnervmmprz5 zainod-0.9.0[2988]:     at packages/zaino-chain-head-service/src/service.rs:426
1791660378.315711 runnervmmprz5 zainod-0.9.0[2988]:     in zaino_chain_head_service::service::ChainHeadService::tick
1791660378.316726 runnervmmprz5 zainod-0.9.0[2988]:   19:26:18.316  INFO zaino_chain_head_service::service: Syncing block, height: 4382492, hash: 00006eccd93a3bddd0235174c44b5be6f94fa1870fb67214d90c501fe11b91c1
1791660378.316726 runnervmmprz5 zainod-0.9.0[2988]:     at packages/zaino-chain-head-service/src/service.rs:426
1791660378.316726 runnervmmprz5 zainod-0.9.0[2988]:     in zaino_chain_head_service::service::ChainHeadService::tick
1791660378.317833 runnervmmprz5 zainod-0.9.0[2988]:   19:26:18.317  INFO zaino_chain_head_service::service: Syncing block, height: 4382493, hash: 0005405a10b967160b89ef475b22d66714ed4588011fab8a927a09561e09f8fd
1791660378.317833 runnervmmprz5 zainod-0.9.0[2988]:     at packages/zaino-chain-head-service/src/service.rs:426
1791660378.317833 runnervmmprz5 zainod-0.9.0[2988]:     in zaino_chain_head_service::service::ChainHeadService::tick
1791660378.319064 runnervmmprz5 zainod-0.9.0[2988]:   19:26:18.319  INFO zaino_chain_head_service::service: Syncing block, height: 4382494, hash: 00002bd33f0533417cd860c0ae72023f5607995cc8a6dbd1d4c074f6e6c74bfb
1791660378.319064 runnervmmprz5 zainod-0.9.0[2988]:     at packages/zaino-chain-head-service/src/service.rs:426
1791660378.319064 runnervmmprz5 zainod-0.9.0[2988]:     in zaino_chain_head_service::service::ChainHeadService::tick
1791660378.319746 runnervmmprz5 zainod-0.9.0[2988]:   19:26:18.319  INFO zaino_chain_head_service::service: Syncing block, height: 4382495, hash: 0010d0d7b9998d9cb48fe33a79e8d12661de9cb44959700e55d9a83ab2e087d7
1791660378.319746 runnervmmprz5 zainod-0.9.0[2988]:     at packages/zaino-chain-head-service/src/service.rs:426
1791660378.319746 runnervmmprz5 zainod-0.9.0[2988]:     in zaino_chain_head_service::service::ChainHeadService::tick
1791660378.323233 runnervmmprz5 zainod-0.9.0[2988]:   19:26:18.322  INFO zaino_chain_head_service::service: Syncing block, height: 4382496, hash: 0000075cc99277d752de6c3772a7f6a4d3b1732cf4efdc3ee582326a0b0d21d7
1791660378.323233 runnervmmprz5 zainod-0.9.0[2988]:     at packages/zaino-chain-head-service/src/service.rs:426
1791660378.323233 runnervmmprz5 zainod-0.9.0[2988]:     in zaino_chain_head_service::service::ChainHeadService::tick
1791660378.323969 runnervmmprz5 zainod-0.9.0[2988]:   19:26:18.323  INFO zaino_chain_head_service::service: Syncing block, height: 4382497, hash: 00002895d36b6851c33d0d7c5bd1f535520dfc8ebee26945274adcce02b0d67e
1791660378.323969 runnervmmprz5 zainod-0.9.0[2988]:     at packages/zaino-chain-head-service/src/service.rs:426
1791660378.323969 runnervmmprz5 zainod-0.9.0[2988]:     in zaino_chain_head_service::service::ChainHeadService::tick
1791660378.327881 runnervmmprz5 zainod-0.9.0[2988]:   19:26:18.327  INFO zaino_chain_head_service::service: Syncing block, height: 4382498, hash: 00007bdd35c47afd1c88a28bb0a3671157f722728df7dabd84cb09ce9c7f73c8
1791660378.327881 runnervmmprz5 zainod-0.9.0[2988]:     at packages/zaino-chain-head-service/src/service.rs:426
1791660378.327881 runnervmmprz5 zainod-0.9.0[2988]:     in zaino_chain_head_service::service::ChainHeadService::tick
1791660378.331730 runnervmmprz5 zainod-0.9.0[2988]:   19:26:18.331  INFO zaino_chain_head_service::service: Syncing block, height: 4382499, hash: 000015a050ec303eccd9ce1e0cdcdda4db4101f504fbef068737bec4ed79bf25
1791660378.331730 runnervmmprz5 zainod-0.9.0[2988]:     at packages/zaino-chain-head-service/src/service.rs:426
1791660378.331730 runnervmmprz5 zainod-0.9.0[2988]:     in zaino_chain_head_service::service::ChainHeadService::tick
1791660378.334144 runnervmmprz5 zainod-0.9.0[2988]:   19:26:18.333  INFO zaino_chain_head_service::service: Syncing block, height: 4382500, hash: 0000587d3f6b42f4e35a1234cbf8eed95814df9da03d642b13578e95989fe049
1791660378.334144 runnervmmprz5 zainod-0.9.0[2988]:     at packages/zaino-chain-head-service/src/service.rs:426
1791660378.334144 runnervmmprz5 zainod-0.9.0[2988]:     in zaino_chain_head_service::service::ChainHeadService::tick
1791660378.334144 runnervmmprz5 zainod-0.9.0[2988]:   19:26:18.334  INFO zaino_chain_head_service::service: Syncing block, height: 4382501, hash: 000071aba5eb311e645613ebfe71242505e6e3c0c8c142b64b6676c5deb46863
1791660378.334144 runnervmmprz5 zainod-0.9.0[2988]:     at packages/zaino-chain-head-service/src/service.rs:426
1791660378.334144 runnervmmprz5 zainod-0.9.0[2988]:     in zaino_chain_head_service::service::ChainHeadService::tick
1791660378.335040 runnervmmprz5 zainod-0.9.0[2988]:   19:26:18.335  INFO zaino_chain_head_service::service: Syncing block, height: 4382502, hash: 00003c8b97e0cc0332ec86a88c46e034cbc90b47f7ccb667c5a6029090ee7076
1791660378.335040 runnervmmprz5 zainod-0.9.0[2988]:     at packages/zaino-chain-head-service/src/service.rs:426
1791660378.335040 runnervmmprz5 zainod-0.9.0[2988]:     in zaino_chain_head_service::service::ChainHeadService::tick
1791660378.335663 runnervmmprz5 zainod-0.9.0[2988]:   19:26:18.335  INFO zaino_chain_head_service::service: Syncing block, height: 4382503, hash: 00006692dcd16059f766422342bd226e839609c15bb4ddec46c6304b7398bf19
1791660378.335663 runnervmmprz5 zainod-0.9.0[2988]:     at packages/zaino-chain-head-service/src/service.rs:426
1791660378.335663 runnervmmprz5 zainod-0.9.0[2988]:     in zaino_chain_head_service::service::ChainHeadService::tick
1791660378.337863 runnervmmprz5 zainod-0.9.0[2988]:   19:26:18.336  INFO zaino_chain_head_service::service: Syncing block, height: 4382504, hash: 00001c47cc31fc3a6d58be4153e71f739f3841d46da77fa5b836fe8e8fc937f2
1791660378.337863 runnervmmprz5 zainod-0.9.0[2988]:     at packages/zaino-chain-head-service/src/service.rs:426
1791660378.337863 runnervmmprz5 zainod-0.9.0[2988]:     in zaino_chain_head_service::service::ChainHeadService::tick
1791660378.341812 runnervmmprz5 zainod-0.9.0[2988]:   19:26:18.341  INFO zaino_chain_head_service::service: Syncing block, height: 4382505, hash: 00000322ec9411a9eb36486156c5054d1fd46708c01be59e9fbd57382dcfffc0
1791660378.341812 runnervmmprz5 zainod-0.9.0[2988]:     at packages/zaino-chain-head-service/src/service.rs:426
1791660378.341812 runnervmmprz5 zainod-0.9.0[2988]:     in zaino_chain_head_service::service::ChainHeadService::tick
1791660378.342844 runnervmmprz5 zainod-0.9.0[2988]:   19:26:18.342  INFO zaino_chain_head_service::service: Syncing block, height: 4382506, hash: 0000091a8b78a833bfb903aca9d7467e7f179e9fd23b5ee5fbbb32eeca42e433
1791660378.342844 runnervmmprz5 zainod-0.9.0[2988]:     at packages/zaino-chain-head-service/src/service.rs:426
1791660378.342844 runnervmmprz5 zainod-0.9.0[2988]:     in zaino_chain_head_service::service::ChainHeadService::tick
1791660378.344083 runnervmmprz5 zainod-0.9.0[2988]:   19:26:18.344  INFO zaino_chain_head_service::service: Syncing block, height: 4382507, hash: 00002e262d09f334785394a87822f7a45adedb839fcd31d234b4fb6d98783a8e
1791660378.344083 runnervmmprz5 zainod-0.9.0[2988]:     at packages/zaino-chain-head-service/src/service.rs:426
1791660378.344083 runnervmmprz5 zainod-0.9.0[2988]:     in zaino_chain_head_service::service::ChainHeadService::tick
1791660378.345172 runnervmmprz5 zainod-0.9.0[2988]:   19:26:18.345  INFO zaino_chain_head_service::service: Syncing block, height: 4382508, hash: 0000418a64dcc767f8dcc937f2574b0b23b9d281d9e0a908d2f8dc3930fb05fc
1791660378.345172 runnervmmprz5 zainod-0.9.0[2988]:     at packages/zaino-chain-head-service/src/service.rs:426
1791660378.345172 runnervmmprz5 zainod-0.9.0[2988]:     in zaino_chain_head_service::service::ChainHeadService::tick
1791660378.345896 runnervmmprz5 zainod-0.9.0[2988]:   19:26:18.345  INFO zaino_chain_head_service::service: Syncing block, height: 4382509, hash: 00004bb6a3d0089669b7a3400d065cdd64cc5d92535e463137b11a2f99b420c4
1791660378.345896 runnervmmprz5 zainod-0.9.0[2988]:     at packages/zaino-chain-head-service/src/service.rs:426
1791660378.345896 runnervmmprz5 zainod-0.9.0[2988]:     in zaino_chain_head_service::service::ChainHeadService::tick
1791660378.347111 runnervmmprz5 zainod-0.9.0[2988]:   19:26:18.347  INFO zaino_chain_head_service::service: Syncing block, height: 4382510, hash: 000013a6778b5cd1cb4ba80f11b66da5098a01888f26c4b27cc3f1104f087bfa
1791660378.347111 runnervmmprz5 zainod-0.9.0[2988]:     at packages/zaino-chain-head-service/src/service.rs:426
1791660378.347111 runnervmmprz5 zainod-0.9.0[2988]:     in zaino_chain_head_service::service::ChainHeadService::tick
1791660378.348106 runnervmmprz5 zainod-0.9.0[2988]:   19:26:18.348  INFO zaino_chain_head_service::service: Syncing block, height: 4382511, hash: 000041e717921de763a31824d6dd6cfceb1bef0a8031589002d8a0ed39a0cf54
1791660378.348106 runnervmmprz5 zainod-0.9.0[2988]:     at packages/zaino-chain-head-service/src/service.rs:426
1791660378.348106 runnervmmprz5 zainod-0.9.0[2988]:     in zaino_chain_head_service::service::ChainHeadService::tick
1791660378.348626 runnervmmprz5 zainod-0.9.0[2988]:   19:26:18.348  INFO zaino_chain_head_service::service: Syncing block, height: 4382512, hash: 000001fd5242179b85d9c97331415864f813685728bb0c68961e8aeacc919bb2
1791660378.348626 runnervmmprz5 zainod-0.9.0[2988]:     at packages/zaino-chain-head-service/src/service.rs:426
1791660378.348626 runnervmmprz5 zainod-0.9.0[2988]:     in zaino_chain_head_service::service::ChainHeadService::tick
1791660378.349201 runnervmmprz5 zainod-0.9.0[2988]:   19:26:18.349  INFO zaino_chain_head_service::service: Syncing block, height: 4382513, hash: 00004399ce6287ef4de98702015a041df7b28590c6a007c56ddd9ef7dddfc2fe
1791660378.349201 runnervmmprz5 zainod-0.9.0[2988]:     at packages/zaino-chain-head-service/src/service.rs:426
1791660378.349201 runnervmmprz5 zainod-0.9.0[2988]:     in zaino_chain_head_service::service::ChainHeadService::tick
1791660378.350897 runnervmmprz5 zainod-0.9.0[2988]:   19:26:18.350  INFO zaino_chain_head_service::service: Syncing block, height: 4382514, hash: 00001b3c051f4e267668a84d496ba82e867c9cb412489df067fcefc65fe6ac4e
1791660378.350897 runnervmmprz5 zainod-0.9.0[2988]:     at packages/zaino-chain-head-service/src/service.rs:426
1791660378.350897 runnervmmprz5 zainod-0.9.0[2988]:     in zaino_chain_head_service::service::ChainHeadService::tick
1791660378.353320 runnervmmprz5 zainod-0.9.0[2988]:   19:26:18.353  INFO zaino_chain_head_service::service: Syncing block, height: 4382515, hash: 00006e3e4c317142385fe0f07eab081d98ec64f00280eb91067a3e548720994e
1791660378.353320 runnervmmprz5 zainod-0.9.0[2988]:     at packages/zaino-chain-head-service/src/service.rs:426
1791660378.353320 runnervmmprz5 zainod-0.9.0[2988]:     in zaino_chain_head_service::service::ChainHeadService::tick
1791660378.354528 runnervmmprz5 zainod-0.9.0[2988]:   19:26:18.354  INFO zaino_chain_head_service::service: Syncing block, height: 4382516, hash: 000008ad102fa3c345983cc12a06f0362827054a509eb1a98e6b1f5bc50cdb0f
1791660378.354528 runnervmmprz5 zainod-0.9.0[2988]:     at packages/zaino-chain-head-service/src/service.rs:426
1791660378.354528 runnervmmprz5 zainod-0.9.0[2988]:     in zaino_chain_head_service::service::ChainHeadService::tick
1791660378.356093 runnervmmprz5 zainod-0.9.0[2988]:   19:26:18.356  INFO zaino_chain_head_service::service: Syncing block, height: 4382517, hash: 00007233c4a0e083004ee5e55859f530efa3720365938fac5f0e72500ba9af5d
1791660378.356093 runnervmmprz5 zainod-0.9.0[2988]:     at packages/zaino-chain-head-service/src/service.rs:426
1791660378.356093 runnervmmprz5 zainod-0.9.0[2988]:     in zaino_chain_head_service::service::ChainHeadService::tick
1791660378.356789 runnervmmprz5 zainod-0.9.0[2988]:   19:26:18.356  INFO zaino_chain_head_service::service: Syncing block, height: 4382518, hash: 00006bc5b05e110a77fe8e776fa49a315e2a5ed8a154048f889f2f82cf0affca
1791660378.356789 runnervmmprz5 zainod-0.9.0[2988]:     at packages/zaino-chain-head-service/src/service.rs:426
1791660378.356789 runnervmmprz5 zainod-0.9.0[2988]:     in zaino_chain_head_service::service::ChainHeadService::tick
1791660378.357495 runnervmmprz5 zainod-0.9.0[2988]:   19:26:18.357  INFO zaino_chain_head_service::service: Syncing block, height: 4382519, hash: 00002d1d546081b78abd1572cebad2c7e23814f1218c6d780276b374edfea019
1791660378.357495 runnervmmprz5 zainod-0.9.0[2988]:     at packages/zaino-chain-head-service/src/service.rs:426
1791660378.357495 runnervmmprz5 zainod-0.9.0[2988]:     in zaino_chain_head_service::service::ChainHeadService::tick
1791660378.358647 runnervmmprz5 zainod-0.9.0[2988]:   19:26:18.358  INFO zaino_chain_head_service::service: Syncing block, height: 4382520, hash: 00003f1c2d0fecb92cd703680e14a540b95ee981af6aba7000e0a924fe4cb1c7
1791660378.358647 runnervmmprz5 zainod-0.9.0[2988]:     at packages/zaino-chain-head-service/src/service.rs:426
1791660378.358647 runnervmmprz5 zainod-0.9.0[2988]:     in zaino_chain_head_service::service::ChainHeadService::tick
1791660378.359344 runnervmmprz5 zainod-0.9.0[2988]:   19:26:18.359  INFO zaino_chain_head_service::service: Syncing block, height: 4382521, hash: 0000524283d56f2a5b44db5c957b782719c732c7123fd13edca0f88c481b6549
1791660378.359344 runnervmmprz5 zainod-0.9.0[2988]:     at packages/zaino-chain-head-service/src/service.rs:426
1791660378.359344 runnervmmprz5 zainod-0.9.0[2988]:     in zaino_chain_head_service::service::ChainHeadService::tick
1791660378.360705 runnervmmprz5 zainod-0.9.0[2988]:   19:26:18.360  INFO zaino_chain_head_service::service: Syncing block, height: 4382522, hash: 00004e61c3d1e23e65ac260a0225de8554cdbfa4df408d315900502b713530d5
1791660378.360705 runnervmmprz5 zainod-0.9.0[2988]:     at packages/zaino-chain-head-service/src/service.rs:426
1791660378.360705 runnervmmprz5 zainod-0.9.0[2988]:     in zaino_chain_head_service::service::ChainHeadService::tick
1791660378.361487 runnervmmprz5 zainod-0.9.0[2988]:   19:26:18.361  INFO zaino_chain_head_service::service: Syncing block, height: 4382523, hash: 00005dbd1628fc5af11d919bba5be8bea17d4c767e4010eddd6e6cf41628a054
1791660378.361487 runnervmmprz5 zainod-0.9.0[2988]:     at packages/zaino-chain-head-service/src/service.rs:426
1791660378.361487 runnervmmprz5 zainod-0.9.0[2988]:     in zaino_chain_head_service::service::ChainHeadService::tick
1791660378.363457 runnervmmprz5 zainod-0.9.0[2988]:   19:26:18.363  INFO zaino_chain_head_service::service: Syncing block, height: 4382524, hash: 000045603e1ed261ff35e406f4f5fa45164f131aa2b422409edba1d68341f474
1791660378.363457 runnervmmprz5 zainod-0.9.0[2988]:     at packages/zaino-chain-head-service/src/service.rs:426
1791660378.363457 runnervmmprz5 zainod-0.9.0[2988]:     in zaino_chain_head_service::service::ChainHeadService::tick
1791660378.376623 runnervmmprz5 zainod-0.9.0[2988]:   19:26:18.376  INFO zaino_chain_head_service::service: Syncing block, height: 4382525, hash: 0000707963d5824942560e1acc68a10e6b681f810a59cf29cdeccb41a96e6830
1791660378.376623 runnervmmprz5 zainod-0.9.0[2988]:     at packages/zaino-chain-head-service/src/service.rs:426
1791660378.376623 runnervmmprz5 zainod-0.9.0[2988]:     in zaino_chain_head_service::service::ChainHeadService::tick
1791660378.378038 runnervmmprz5 zainod-0.9.0[2988]:   19:26:18.378  INFO zaino_chain_head_service::service: Syncing block, height: 4382526, hash: 0000461caebff56cc18b3b11d782984d1a486593b95ae855b32c9465fe2b9da1
1791660378.378038 runnervmmprz5 zainod-0.9.0[2988]:     at packages/zaino-chain-head-service/src/service.rs:426
1791660378.378038 runnervmmprz5 zainod-0.9.0[2988]:     in zaino_chain_head_service::service::ChainHeadService::tick
1791660378.378600 runnervmmprz5 zainod-0.9.0[2988]:   19:26:18.378  INFO zaino_chain_head_service::service: Syncing block, height: 4382527, hash: 000056d135c378cace41fb826c10880161f4da74cef239ba16ecc7279f4791a1
1791660378.378600 runnervmmprz5 zainod-0.9.0[2988]:     at packages/zaino-chain-head-service/src/service.rs:426
1791660378.378600 runnervmmprz5 zainod-0.9.0[2988]:     in zaino_chain_head_service::service::ChainHeadService::tick
1791660378.380003 runnervmmprz5 zainod-0.9.0[2988]:   19:26:18.379  INFO zaino_chain_head_service::service: Syncing block, height: 4382528, hash: 000035afe27b1f81ce328f2ea38e93b0f109b6f6a08888f160fd0def84489761
1791660378.380003 runnervmmprz5 zainod-0.9.0[2988]:     at packages/zaino-chain-head-service/src/service.rs:426
1791660378.380003 runnervmmprz5 zainod-0.9.0[2988]:     in zaino_chain_head_service::service::ChainHeadService::tick
1791660378.381083 runnervmmprz5 zainod-0.9.0[2988]:   19:26:18.381  INFO zaino_chain_head_service::service: Syncing block, height: 4382529, hash: 00007453381d71c9091319423d5a1f4a99d3a15475ea6919bf8fdd8dca696673
1791660378.381083 runnervmmprz5 zainod-0.9.0[2988]:     at packages/zaino-chain-head-service/src/service.rs:426
1791660378.381083 runnervmmprz5 zainod-0.9.0[2988]:     in zaino_chain_head_service::service::ChainHeadService::tick
1791660378.381857 runnervmmprz5 zainod-0.9.0[2988]:   19:26:18.381  INFO zaino_chain_head_service::service: Syncing block, height: 4382530, hash: 00005814af515684c9400b1c142879f1b780b7ecdda8fcb7f6ba86545b9c6ad9
1791660378.381857 runnervmmprz5 zainod-0.9.0[2988]:     at packages/zaino-chain-head-service/src/service.rs:426
1791660378.381857 runnervmmprz5 zainod-0.9.0[2988]:     in zaino_chain_head_service::service::ChainHeadService::tick
1791660378.382768 runnervmmprz5 zainod-0.9.0[2988]:   19:26:18.382  INFO zaino_chain_head_service::service: Syncing block, height: 4382531, hash: 00002ed0dfb76a65729c95251a0f95e63e158b065ddf674c31c302b5189b8c39
1791660378.382768 runnervmmprz5 zainod-0.9.0[2988]:     at packages/zaino-chain-head-service/src/service.rs:426
1791660378.382768 runnervmmprz5 zainod-0.9.0[2988]:     in zaino_chain_head_service::service::ChainHeadService::tick
1791660378.383799 runnervmmprz5 zainod-0.9.0[2988]:   19:26:18.383  INFO zaino_chain_head_service::service: Syncing block, height: 4382532, hash: 0000212511c70e0b2e73b6f687bcd04945815597fc76f1d0866fb0d0cc7bbe55
1791660378.383799 runnervmmprz5 zainod-0.9.0[2988]:     at packages/zaino-chain-head-service/src/service.rs:426
1791660378.383799 runnervmmprz5 zainod-0.9.0[2988]:     in zaino_chain_head_service::service::ChainHeadService::tick
1791660378.385412 runnervmmprz5 zainod-0.9.0[2988]:   19:26:18.385  INFO zaino_chain_head_service::service: Syncing block, height: 4382533, hash: 000063febd6db2d085b0de1070c5bc4321de9bfadaf14c2ddc18a013008fbbc6
1791660378.385412 runnervmmprz5 zainod-0.9.0[2988]:     at packages/zaino-chain-head-service/src/service.rs:426
1791660378.385412 runnervmmprz5 zainod-0.9.0[2988]:     in zaino_chain_head_service::service::ChainHeadService::tick
1791660378.396911 runnervmmprz5 zainod-0.9.0[2988]:   19:26:18.396  INFO zaino_chain_head_service::service: Syncing block, height: 4382534, hash: 00007afd02794479752598f38f0ce7e3e618a841242be2ae8cfc78fea56d97a5
1791660378.396911 runnervmmprz5 zainod-0.9.0[2988]:     at packages/zaino-chain-head-service/src/service.rs:426
1791660378.396911 runnervmmprz5 zainod-0.9.0[2988]:     in zaino_chain_head_service::service::ChainHeadService::tick
1791660378.398169 runnervmmprz5 zainod-0.9.0[2988]:   19:26:18.398  INFO zaino_chain_head_service::service: Syncing block, height: 4382535, hash: 00007496404d339a4e98e2abc1a6f397db19c5a9dd61ef5fc4879999ce420a32
1791660378.398169 runnervmmprz5 zainod-0.9.0[2988]:     at packages/zaino-chain-head-service/src/service.rs:426
1791660378.398169 runnervmmprz5 zainod-0.9.0[2988]:     in zaino_chain_head_service::service::ChainHeadService::tick
1791660378.399281 runnervmmprz5 zainod-0.9.0[2988]:   19:26:18.399  INFO zaino_chain_head_service::service: Syncing block, height: 4382536, hash: 0000129996b0cc4928e12a656988a3f7f4d3e144191bb949a63d283ef45f81fe
1791660378.399281 runnervmmprz5 zainod-0.9.0[2988]:     at packages/zaino-chain-head-service/src/service.rs:426
1791660378.399281 runnervmmprz5 zainod-0.9.0[2988]:     in zaino_chain_head_service::service::ChainHeadService::tick
1791660378.399943 runnervmmprz5 zainod-0.9.0[2988]:   19:26:18.399  INFO zaino_chain_head_service::service: Syncing block, height: 4382537, hash: 00000a4679830c888d722d1a4066261c9f2940b6e6f6e3218775695b010c84f0
1791660378.399943 runnervmmprz5 zainod-0.9.0[2988]:     at packages/zaino-chain-head-service/src/service.rs:426
1791660378.399943 runnervmmprz5 zainod-0.9.0[2988]:     in zaino_chain_head_service::service::ChainHeadService::tick
1791660378.401262 runnervmmprz5 zainod-0.9.0[2988]:   19:26:18.401  INFO zaino_chain_head_service::service: Syncing block, height: 4382538, hash: 00000cf02d1649ea2a1432f03f87f5c762d77e7e847ad128f039abac9513bc50
1791660378.401262 runnervmmprz5 zainod-0.9.0[2988]:     at packages/zaino-chain-head-service/src/service.rs:426
1791660378.401262 runnervmmprz5 zainod-0.9.0[2988]:     in zaino_chain_head_service::service::ChainHeadService::tick
1791660378.401732 runnervmmprz5 zainod-0.9.0[2988]:   19:26:18.401  INFO zaino_chain_head_service::service: Syncing block, height: 4382539, hash: 000012f3befb201045469583281ab7e82c116bdd6be4d14f7fb3afe8afd08bd2
1791660378.401732 runnervmmprz5 zainod-0.9.0[2988]:     at packages/zaino-chain-head-service/src/service.rs:426
1791660378.401732 runnervmmprz5 zainod-0.9.0[2988]:     in zaino_chain_head_service::service::ChainHeadService::tick
1791660378.402296 runnervmmprz5 zainod-0.9.0[2988]:   19:26:18.402  INFO zaino_chain_head_service::service: Syncing block, height: 4382540, hash: 00005479cc24a65a5825982e705b8340abac756c3991425133e05b640e73d221
1791660378.402296 runnervmmprz5 zainod-0.9.0[2988]:     at packages/zaino-chain-head-service/src/service.rs:426
1791660378.402296 runnervmmprz5 zainod-0.9.0[2988]:     in zaino_chain_head_service::service::ChainHeadService::tick
1791660378.406296 runnervmmprz5 zainod-0.9.0[2988]:   19:26:18.405  INFO zaino_chain_head_service::service: Syncing block, height: 4382541, hash: 000064ebccd932ed98add90374f64af68364dbb2d724a54c1c36c5f04e1e9458
1791660378.406296 runnervmmprz5 zainod-0.9.0[2988]:     at packages/zaino-chain-head-service/src/service.rs:426
1791660378.406296 runnervmmprz5 zainod-0.9.0[2988]:     in zaino_chain_head_service::service::ChainHeadService::tick
1791660378.406468 runnervmmprz5 zainod-0.9.0[2988]:   19:26:18.406  INFO zaino_chain_head_service::service: Syncing block, height: 4382542, hash: 000061b25b721070720e6d2ffb674c2e02b901f96f66abb021c639fe208a3671
1791660378.406468 runnervmmprz5 zainod-0.9.0[2988]:     at packages/zaino-chain-head-service/src/service.rs:426
1791660378.406468 runnervmmprz5 zainod-0.9.0[2988]:     in zaino_chain_head_service::service::ChainHeadService::tick
1791660378.407011 runnervmmprz5 zainod-0.9.0[2988]:   19:26:18.406  INFO zaino_chain_head_service::service: Syncing block, height: 4382543, hash: 00003dc63900b10cfe059e2e75c97726c59dc40fc23f1d513dd1fd4c753ccf5b
1791660378.407011 runnervmmprz5 zainod-0.9.0[2988]:     at packages/zaino-chain-head-service/src/service.rs:426
1791660378.407011 runnervmmprz5 zainod-0.9.0[2988]:     in zaino_chain_head_service::service::ChainHeadService::tick
1791660378.407933 runnervmmprz5 zainod-0.9.0[2988]:   19:26:18.407  INFO zaino_chain_head_service::service: Syncing block, height: 4382544, hash: 0000193bed285406cb9f21dac852842a81c7d9132faa712bfbfe2176b0462c51
1791660378.407933 runnervmmprz5 zainod-0.9.0[2988]:     at packages/zaino-chain-head-service/src/service.rs:426
1791660378.407933 runnervmmprz5 zainod-0.9.0[2988]:     in zaino_chain_head_service::service::ChainHeadService::tick
1791660378.408688 runnervmmprz5 zainod-0.9.0[2988]:   19:26:18.408  INFO zaino_chain_head_service::service: Syncing block, height: 4382545, hash: 0000396d65a06d9d1404a7e9b9815434324f33ffb4044d37a5fc2894b997a8c4
1791660378.408688 runnervmmprz5 zainod-0.9.0[2988]:     at packages/zaino-chain-head-service/src/service.rs:426
1791660378.408688 runnervmmprz5 zainod-0.9.0[2988]:     in zaino_chain_head_service::service::ChainHeadService::tick
1791660378.410120 runnervmmprz5 zainod-0.9.0[2988]:   19:26:18.410  INFO zaino_chain_head_service::service: Syncing block, height: 4382546, hash: 000074fedfda9c86e0c995d77dd48592decdab8cfb2c96cdf43629ca6d740354
1791660378.410120 runnervmmprz5 zainod-0.9.0[2988]:     at packages/zaino-chain-head-service/src/service.rs:426
1791660378.410120 runnervmmprz5 zainod-0.9.0[2988]:     in zaino_chain_head_service::service::ChainHeadService::tick
1791660378.410893 runnervmmprz5 zainod-0.9.0[2988]:   19:26:18.410  INFO zaino_chain_head_service::service: Syncing block, height: 4382547, hash: 000071af68bd03d10da1f6984402d3024b837bd92937defeb3c3903257aa6187
1791660378.410893 runnervmmprz5 zainod-0.9.0[2988]:     at packages/zaino-chain-head-service/src/service.rs:426
1791660378.410893 runnervmmprz5 zainod-0.9.0[2988]:     in zaino_chain_head_service::service::ChainHeadService::tick
1791660378.411624 runnervmmprz5 zainod-0.9.0[2988]:   19:26:18.411  INFO zaino_chain_head_service::service: Syncing block, height: 4382548, hash: 000027a08e56a8c94a3cf526987bd1d31cb3924b327b68417004cf4cecbdc829
1791660378.411624 runnervmmprz5 zainod-0.9.0[2988]:     at packages/zaino-chain-head-service/src/service.rs:426
1791660378.411624 runnervmmprz5 zainod-0.9.0[2988]:     in zaino_chain_head_service::service::ChainHeadService::tick
1791660378.412885 runnervmmprz5 zainod-0.9.0[2988]:   19:26:18.412  INFO zaino_chain_head_service::service: Syncing block, height: 4382549, hash: 000040c8c65c01b72d994a160d3e329b4fdca57b5b0684e19413f62d92a17ac6
1791660378.412885 runnervmmprz5 zainod-0.9.0[2988]:     at packages/zaino-chain-head-service/src/service.rs:426
1791660378.412885 runnervmmprz5 zainod-0.9.0[2988]:     in zaino_chain_head_service::service::ChainHeadService::tick
1791660378.413543 runnervmmprz5 zainod-0.9.0[2988]:   19:26:18.413  INFO zaino_chain_head_service::service: Syncing block, height: 4382550, hash: 00007ebece3ff8186e7259b7e3b1e73f900b1a7c6dc91fc3251767736b14e441
1791660378.413543 runnervmmprz5 zainod-0.9.0[2988]:     at packages/zaino-chain-head-service/src/service.rs:426
1791660378.413543 runnervmmprz5 zainod-0.9.0[2988]:     in zaino_chain_head_service::service::ChainHeadService::tick
1791660378.415115 runnervmmprz5 zainod-0.9.0[2988]:   19:26:18.415  INFO zaino_chain_head_service::service: Syncing block, height: 4382551, hash: 00003bf16c7b7a6fe532012afa5b634607ea5a75ab6be05005907ca52995cdfb
1791660378.415115 runnervmmprz5 zainod-0.9.0[2988]:     at packages/zaino-chain-head-service/src/service.rs:426
1791660378.415115 runnervmmprz5 zainod-0.9.0[2988]:     in zaino_chain_head_service::service::ChainHeadService::tick
1791660378.415670 runnervmmprz5 zainod-0.9.0[2988]:   19:26:18.415  INFO zaino_chain_head_service::service: Syncing block, height: 4382552, hash: 0000563d0bb04459ab9ae113e595c4a6f4e794c14b90a85452f274ae7e8a06fc
1791660378.415670 runnervmmprz5 zainod-0.9.0[2988]:     at packages/zaino-chain-head-service/src/service.rs:426
1791660378.415670 runnervmmprz5 zainod-0.9.0[2988]:     in zaino_chain_head_service::service::ChainHeadService::tick
1791660378.426150 runnervmmprz5 zainod-0.9.0[2988]:   19:26:18.426  INFO zaino_chain_head_service::service: Syncing block, height: 4382553, hash: 00007268b46de41217f5550b3db191eb8e60342960de38783a35af7624425861
1791660378.426150 runnervmmprz5 zainod-0.9.0[2988]:     at packages/zaino-chain-head-service/src/service.rs:426
1791660378.426150 runnervmmprz5 zainod-0.9.0[2988]:     in zaino_chain_head_service::service::ChainHeadService::tick
1791660378.428429 runnervmmprz5 zainod-0.9.0[2988]:   19:26:18.428  INFO zaino_chain_head_service::service: Syncing block, height: 4382554, hash: 000005a1881c3555ddb2a7edfdeb493aa518bc5b05148804cffeaa675f4c5568
1791660378.428429 runnervmmprz5 zainod-0.9.0[2988]:     at packages/zaino-chain-head-service/src/service.rs:426
1791660378.428429 runnervmmprz5 zainod-0.9.0[2988]:     in zaino_chain_head_service::service::ChainHeadService::tick
1791660378.429019 runnervmmprz5 zainod-0.9.0[2988]:   19:26:18.428  INFO zaino_chain_head_service::service: Syncing block, height: 4382555, hash: 0000650621f1a4fec330a6fc43c521feb5409325ba5c6f7d397b9d8ca7c0d9df
1791660378.429019 runnervmmprz5 zainod-0.9.0[2988]:     at packages/zaino-chain-head-service/src/service.rs:426
1791660378.429019 runnervmmprz5 zainod-0.9.0[2988]:     in zaino_chain_head_service::service::ChainHeadService::tick
1791660378.430143 runnervmmprz5 zainod-0.9.0[2988]:   19:26:18.430  INFO zaino_chain_head_service::service: Syncing block, height: 4382556, hash: 00001da4aa9abb597fec62797f6e390d2240b8ae7295cefc865c15de100b429b
1791660378.430143 runnervmmprz5 zainod-0.9.0[2988]:     at packages/zaino-chain-head-service/src/service.rs:426
1791660378.430143 runnervmmprz5 zainod-0.9.0[2988]:     in zaino_chain_head_service::service::ChainHeadService::tick
1791660378.430553 runnervmmprz5 zainod-0.9.0[2988]:   19:26:18.430  INFO zaino_chain_head_service::service: Syncing block, height: 4382557, hash: 000063b2db9211ff50e1ac4e948df0746cb5ffc33e5252e80bfaecbd1eb012e2
1791660378.430553 runnervmmprz5 zainod-0.9.0[2988]:     at packages/zaino-chain-head-service/src/service.rs:426
1791660378.430553 runnervmmprz5 zainod-0.9.0[2988]:     in zaino_chain_head_service::service::ChainHeadService::tick
1791660378.431606 runnervmmprz5 zainod-0.9.0[2988]:   19:26:18.431  INFO zaino_chain_head_service::service: Syncing block, height: 4382558, hash: 00000b79d91e1f154bfe931330c4db10e8ddfce74cfd2448db53a1155c2f8a90
1791660378.431606 runnervmmprz5 zainod-0.9.0[2988]:     at packages/zaino-chain-head-service/src/service.rs:426
1791660378.431606 runnervmmprz5 zainod-0.9.0[2988]:     in zaino_chain_head_service::service::ChainHeadService::tick
1791660378.432660 runnervmmprz5 zainod-0.9.0[2988]:   19:26:18.432  INFO zaino_chain_head_service::service: Syncing block, height: 4382559, hash: 00002d0c69ad18a5e95b6aa3acff877642f1ddfee9e4efc263d7f8079e692b95
1791660378.432660 runnervmmprz5 zainod-0.9.0[2988]:     at packages/zaino-chain-head-service/src/service.rs:426
1791660378.432660 runnervmmprz5 zainod-0.9.0[2988]:     in zaino_chain_head_service::service::ChainHeadService::tick
1791660378.433406 runnervmmprz5 zainod-0.9.0[2988]:   19:26:18.433  INFO zaino_chain_head_service::service: Syncing block, height: 4382560, hash: 0000583ba1f6e56f9766821277f194756bb0e5ea8aaa3721c069ed6d2d55d568
1791660378.433406 runnervmmprz5 zainod-0.9.0[2988]:     at packages/zaino-chain-head-service/src/service.rs:426
1791660378.433406 runnervmmprz5 zainod-0.9.0[2988]:     in zaino_chain_head_service::service::ChainHeadService::tick
1791660378.436366 runnervmmprz5 zainod-0.9.0[2988]:   19:26:18.436  INFO zaino_chain_head_service::service: Syncing block, height: 4382561, hash: 0000076e84bb47c63eb8d222bb983743ce1e59156b2ab8f0f4574b11f1ab9580
1791660378.436366 runnervmmprz5 zainod-0.9.0[2988]:     at packages/zaino-chain-head-service/src/service.rs:426
1791660378.436366 runnervmmprz5 zainod-0.9.0[2988]:     in zaino_chain_head_service::service::ChainHeadService::tick
1791660378.437659 runnervmmprz5 zainod-0.9.0[2988]:   19:26:18.437  INFO zaino_chain_head_service::service: Syncing block, height: 4382562, hash: 00000a97b05d4801f8a74dcba0fbf2c8074c5310b08e62611b344b72eb7973c9
1791660378.437659 runnervmmprz5 zainod-0.9.0[2988]:     at packages/zaino-chain-head-service/src/service.rs:426
1791660378.437659 runnervmmprz5 zainod-0.9.0[2988]:     in zaino_chain_head_service::service::ChainHeadService::tick
1791660378.438574 runnervmmprz5 zainod-0.9.0[2988]:   19:26:18.438  INFO zaino_chain_head_service::service: Syncing block, height: 4382563, hash: 000052fe71e56b644cacaed56621e08106f56d1dda4f9181022a379344b04c9d
1791660378.438574 runnervmmprz5 zainod-0.9.0[2988]:     at packages/zaino-chain-head-service/src/service.rs:426
1791660378.438574 runnervmmprz5 zainod-0.9.0[2988]:     in zaino_chain_head_service::service::ChainHeadService::tick
1791660378.442040 runnervmmprz5 zainod-0.9.0[2988]:   19:26:18.441  INFO zaino_chain_head_service::service: Syncing block, height: 4382564, hash: 000002cd1e1ad6c586f97aff6603c7a482f212a8d599b74c5144ff53980b0e17
1791660378.442040 runnervmmprz5 zainod-0.9.0[2988]:     at packages/zaino-chain-head-service/src/service.rs:426
1791660378.442040 runnervmmprz5 zainod-0.9.0[2988]:     in zaino_chain_head_service::service::ChainHeadService::tick
1791660378.443336 runnervmmprz5 zainod-0.9.0[2988]:   19:26:18.443  INFO zaino_chain_head_service::service: Syncing block, height: 4382565, hash: 00001eb04ea0a1f7cf6241bceedbd341a15ef0d74dfdc266a243877a11da6446
1791660378.443336 runnervmmprz5 zainod-0.9.0[2988]:     at packages/zaino-chain-head-service/src/service.rs:426
1791660378.443336 runnervmmprz5 zainod-0.9.0[2988]:     in zaino_chain_head_service::service::ChainHeadService::tick
1791660378.444171 runnervmmprz5 zainod-0.9.0[2988]:   19:26:18.444  INFO zaino_chain_head_service::service: Syncing block, height: 4382566, hash: 00000ce5e5e38fcc822b163c425a8b00cf79b034c5e6f3ecc9ce01cb9fdf2e68
1791660378.444171 runnervmmprz5 zainod-0.9.0[2988]:     at packages/zaino-chain-head-service/src/service.rs:426
1791660378.444171 runnervmmprz5 zainod-0.9.0[2988]:     in zaino_chain_head_service::service::ChainHeadService::tick
1791660378.452370 runnervmmprz5 zainod-0.9.0[2988]:   19:26:18.452  INFO zaino_chain_head_service::service: Syncing block, height: 4382567, hash: 00006a199f6c2d69b6e004af772225712ee6541efea9b92dd8a40e4758975b51
1791660378.452370 runnervmmprz5 zainod-0.9.0[2988]:     at packages/zaino-chain-head-service/src/service.rs:426
1791660378.452370 runnervmmprz5 zainod-0.9.0[2988]:     in zaino_chain_head_service::service::ChainHeadService::tick
1791660378.454205 runnervmmprz5 zainod-0.9.0[2988]:   19:26:18.453  INFO zaino_chain_head_service::service: Syncing block, height: 4382568, hash: 000036007fa7e781ccc797fd1e5b0a779a9296f804e2f79c132975f56033eb7a
1791660378.454205 runnervmmprz5 zainod-0.9.0[2988]:     at packages/zaino-chain-head-service/src/service.rs:426
1791660378.454205 runnervmmprz5 zainod-0.9.0[2988]:     in zaino_chain_head_service::service::ChainHeadService::tick
1791660378.454756 runnervmmprz5 zainod-0.9.0[2988]:   19:26:18.454  INFO zaino_chain_head_service::service: Syncing block, height: 4382569, hash: 00003de4928572605a10111404d3c702241891f0dd7c8d684a0ab57efd54e255
1791660378.454756 runnervmmprz5 zainod-0.9.0[2988]:     at packages/zaino-chain-head-service/src/service.rs:426
1791660378.454756 runnervmmprz5 zainod-0.9.0[2988]:     in zaino_chain_head_service::service::ChainHeadService::tick
1791660378.457302 runnervmmprz5 zainod-0.9.0[2988]:   19:26:18.457  INFO zaino_chain_head_service::service: Syncing block, height: 4382570, hash: 000036b2755554dbd6f7b324aabaf922a6da991a5a109edbbb8c10f0b4518faf
1791660378.457302 runnervmmprz5 zainod-0.9.0[2988]:     at packages/zaino-chain-head-service/src/service.rs:426
1791660378.457302 runnervmmprz5 zainod-0.9.0[2988]:     in zaino_chain_head_service::service::ChainHeadService::tick
1791660378.458447 runnervmmprz5 zainod-0.9.0[2988]:   19:26:18.458  INFO zaino_chain_head_service::service: Syncing block, height: 4382571, hash: 0000165657fb59c070339488b6fb03576af6d9baeb607d70cc520437050b84b0
1791660378.458447 runnervmmprz5 zainod-0.9.0[2988]:     at packages/zaino-chain-head-service/src/service.rs:426
1791660378.458447 runnervmmprz5 zainod-0.9.0[2988]:     in zaino_chain_head_service::service::ChainHeadService::tick
1791660378.459774 runnervmmprz5 zainod-0.9.0[2988]:   19:26:18.459  INFO zaino_chain_head_service::service: Syncing block, height: 4382572, hash: 0000642b1414878139da00deecbf306ac743337d4ab882ae666cea67b6034c1c
1791660378.459774 runnervmmprz5 zainod-0.9.0[2988]:     at packages/zaino-chain-head-service/src/service.rs:426
1791660378.459774 runnervmmprz5 zainod-0.9.0[2988]:     in zaino_chain_head_service::service::ChainHeadService::tick
1791660378.460684 runnervmmprz5 zainod-0.9.0[2988]:   19:26:18.460  INFO zaino_chain_head_service::service: Syncing block, height: 4382573, hash: 0000725ce528045d5a891915c319d39537cbf70c3577dd144117496ca6d0ccfc
1791660378.460684 runnervmmprz5 zainod-0.9.0[2988]:     at packages/zaino-chain-head-service/src/service.rs:426
1791660378.460684 runnervmmprz5 zainod-0.9.0[2988]:     in zaino_chain_head_service::service::ChainHeadService::tick
1791660378.461905 runnervmmprz5 zainod-0.9.0[2988]:   19:26:18.461  INFO zaino_chain_head_service::service: Syncing block, height: 4382574, hash: 000005f1149f016347c0b0ada2c89148f31448a1a8852ca8f5d33ad1c978c0c4
1791660378.461905 runnervmmprz5 zainod-0.9.0[2988]:     at packages/zaino-chain-head-service/src/service.rs:426
1791660378.461905 runnervmmprz5 zainod-0.9.0[2988]:     in zaino_chain_head_service::service::ChainHeadService::tick
1791660378.462551 runnervmmprz5 zainod-0.9.0[2988]:   19:26:18.462  INFO zaino_chain_head_service::service: Syncing block, height: 4382575, hash: 00001980454f59dfa2c5ed91968cbadcd46f4ced416decec7f188cf21f60be57
1791660378.462551 runnervmmprz5 zainod-0.9.0[2988]:     at packages/zaino-chain-head-service/src/service.rs:426
1791660378.462551 runnervmmprz5 zainod-0.9.0[2988]:     in zaino_chain_head_service::service::ChainHeadService::tick
1791660378.470151 runnervmmprz5 zainod-0.9.0[2988]:   19:26:18.470  INFO zaino_chain_head_service::service: Syncing block, height: 4382576, hash: 00003d9103dd05eee44d28aeff2a9de254151f888d6d8e58a3912aa80b8e896d
1791660378.470151 runnervmmprz5 zainod-0.9.0[2988]:     at packages/zaino-chain-head-service/src/service.rs:426
1791660378.470151 runnervmmprz5 zainod-0.9.0[2988]:     in zaino_chain_head_service::service::ChainHeadService::tick
1791660378.471597 runnervmmprz5 zainod-0.9.0[2988]:   19:26:18.471  INFO zaino_chain_head_service::service: Syncing block, height: 4382577, hash: 0000689fa6ee7b1dddc2c035ba3eb48bf1fd97fd8726b4ddf18726623365e053
1791660378.471597 runnervmmprz5 zainod-0.9.0[2988]:     at packages/zaino-chain-head-service/src/service.rs:426
1791660378.471597 runnervmmprz5 zainod-0.9.0[2988]:     in zaino_chain_head_service::service::ChainHeadService::tick
1791660378.472256 runnervmmprz5 zainod-0.9.0[2988]:   19:26:18.472  INFO zaino_chain_head_service::service: Syncing block, height: 4382578, hash: 000045dccaf50895b8f9f2a3bb2111649cff9e28cfc8552f9afde7d25c1631fd
1791660378.472256 runnervmmprz5 zainod-0.9.0[2988]:     at packages/zaino-chain-head-service/src/service.rs:426
1791660378.472256 runnervmmprz5 zainod-0.9.0[2988]:     in zaino_chain_head_service::service::ChainHeadService::tick
1791660378.472820 runnervmmprz5 zainod-0.9.0[2988]:   19:26:18.472  INFO zaino_chain_head_service::service: Syncing block, height: 4382579, hash: 0000030d5a1e33915701e3daa4a0dc391071fd7c1232066b89baae26b04f7d33
1791660378.472820 runnervmmprz5 zainod-0.9.0[2988]:     at packages/zaino-chain-head-service/src/service.rs:426
1791660378.472820 runnervmmprz5 zainod-0.9.0[2988]:     in zaino_chain_head_service::service::ChainHeadService::tick
1791660378.473656 runnervmmprz5 zainod-0.9.0[2988]:   19:26:18.473  INFO zaino_chain_head_service::service: Syncing block, height: 4382580, hash: 0000301d797eb2448e1c048eeaac0fef474de2b912662330903cf455d56beb8f
1791660378.473656 runnervmmprz5 zainod-0.9.0[2988]:     at packages/zaino-chain-head-service/src/service.rs:426
1791660378.473656 runnervmmprz5 zainod-0.9.0[2988]:     in zaino_chain_head_service::service::ChainHeadService::tick
1791660378.474277 runnervmmprz5 zainod-0.9.0[2988]:   19:26:18.474  INFO zaino_chain_head_service::service: Syncing block, height: 4382581, hash: 000028f180c27da4cba69530983eb0c6b2d69a98fc385a615461fd3fe58a3fe1
1791660378.474277 runnervmmprz5 zainod-0.9.0[2988]:     at packages/zaino-chain-head-service/src/service.rs:426
1791660378.474277 runnervmmprz5 zainod-0.9.0[2988]:     in zaino_chain_head_service::service::ChainHeadService::tick
1791660378.475477 runnervmmprz5 zainod-0.9.0[2988]:   19:26:18.475  INFO zaino_chain_head_service::service: Syncing block, height: 4382582, hash: 00001a3658a42d9c3e9d7213557272dc34b8605d7b792fe2c5760b9e9969070e
1791660378.475477 runnervmmprz5 zainod-0.9.0[2988]:     at packages/zaino-chain-head-service/src/service.rs:426
1791660378.475477 runnervmmprz5 zainod-0.9.0[2988]:     in zaino_chain_head_service::service::ChainHeadService::tick
1791660378.477169 runnervmmprz5 zainod-0.9.0[2988]:   19:26:18.477  INFO zaino_chain_head_service::service: Syncing block, height: 4382583, hash: 00004eb6418b5338eff67cef8f1bc1d24397a8f4e0d61992ee9025b03e8b063c
1791660378.477169 runnervmmprz5 zainod-0.9.0[2988]:     at packages/zaino-chain-head-service/src/service.rs:426
1791660378.477169 runnervmmprz5 zainod-0.9.0[2988]:     in zaino_chain_head_service::service::ChainHeadService::tick
1791660378.477923 runnervmmprz5 zainod-0.9.0[2988]:   19:26:18.477  INFO zaino_chain_head_service::service: Syncing block, height: 4382584, hash: 000015ea09763324a7d0d155ff435f5541b72c679617ba7e63d60fd81419d150
1791660378.477923 runnervmmprz5 zainod-0.9.0[2988]:     at packages/zaino-chain-head-service/src/service.rs:426
1791660378.477923 runnervmmprz5 zainod-0.9.0[2988]:     in zaino_chain_head_service::service::ChainHeadService::tick
1791660378.478660 runnervmmprz5 zainod-0.9.0[2988]:   19:26:18.478  INFO zaino_chain_head_service::service: Syncing block, height: 4382585, hash: 00001052124256cad108c66594d4a8074c58ae7a569650af4bbd51480c03f12c
1791660378.478660 runnervmmprz5 zainod-0.9.0[2988]:     at packages/zaino-chain-head-service/src/service.rs:426
1791660378.478660 runnervmmprz5 zainod-0.9.0[2988]:     in zaino_chain_head_service::service::ChainHeadService::tick
1791660378.480296 runnervmmprz5 zainod-0.9.0[2988]:   19:26:18.480  INFO zaino_chain_head_service::service: Syncing block, height: 4382586, hash: 0000643a190288c613530d02df31923c7a09de45fdfc214074a1ccf0aacc386e
1791660378.480296 runnervmmprz5 zainod-0.9.0[2988]:     at packages/zaino-chain-head-service/src/service.rs:426
1791660378.480296 runnervmmprz5 zainod-0.9.0[2988]:     in zaino_chain_head_service::service::ChainHeadService::tick
1791660378.492444 runnervmmprz5 zainod-0.9.0[2988]:   19:26:18.492  INFO zaino_chain_head_service::service: Syncing block, height: 4382587, hash: 00004a06e549c3b7aa080e1f69911710754d68353b9c710ffd0a453f44a3d7a0
1791660378.492444 runnervmmprz5 zainod-0.9.0[2988]:     at packages/zaino-chain-head-service/src/service.rs:426
1791660378.492444 runnervmmprz5 zainod-0.9.0[2988]:     in zaino_chain_head_service::service::ChainHeadService::tick
1791660378.493180 runnervmmprz5 zainod-0.9.0[2988]:   19:26:18.493  INFO zaino_chain_head_service::service: Syncing block, height: 4382588, hash: 00002f5b1051f36dfbf49c0b650afea26ea895dbb40abaf4fc651796fac4529c
1791660378.493180 runnervmmprz5 zainod-0.9.0[2988]:     at packages/zaino-chain-head-service/src/service.rs:426
1791660378.493180 runnervmmprz5 zainod-0.9.0[2988]:     in zaino_chain_head_service::service::ChainHeadService::tick
1791660378.494728 runnervmmprz5 zainod-0.9.0[2988]:   19:26:18.494  INFO zaino_chain_head_service::service: Syncing block, height: 4382589, hash: 0000653ba872145ed5a932445fae5be9f969590e4c12a306054df541da530f67
1791660378.494728 runnervmmprz5 zainod-0.9.0[2988]:     at packages/zaino-chain-head-service/src/service.rs:426
1791660378.494728 runnervmmprz5 zainod-0.9.0[2988]:     in zaino_chain_head_service::service::ChainHeadService::tick
1791660378.495086 runnervmmprz5 zainod-0.9.0[2988]:   19:26:18.494  INFO zaino_chain_head_service::service: Syncing block, height: 4382590, hash: 0000729af070f045cbb7bec10f90f7a3a0439a24e167d9f7574e6cfb46285da6
1791660378.495086 runnervmmprz5 zainod-0.9.0[2988]:     at packages/zaino-chain-head-service/src/service.rs:426
1791660378.495086 runnervmmprz5 zainod-0.9.0[2988]:     in zaino_chain_head_service::service::ChainHeadService::tick
1791660378.496006 runnervmmprz5 zainod-0.9.0[2988]:   19:26:18.495  INFO zaino_chain_head_service::service: Syncing block, height: 4382591, hash: 00005424f408a2d10f5593e4e4f73968367c6c14f772a4aaff071da0b8f6cfc5
1791660378.496006 runnervmmprz5 zainod-0.9.0[2988]:     at packages/zaino-chain-head-service/src/service.rs:426
1791660378.496006 runnervmmprz5 zainod-0.9.0[2988]:     in zaino_chain_head_service::service::ChainHeadService::tick
1791660378.498007 runnervmmprz5 zainod-0.9.0[2988]:   19:26:18.497  INFO zaino_chain_head_service::service: Syncing block, height: 4382592, hash: 000032257ecb09b497e0c26772eff34a77c273c505833e71dfbb195fd555c48a
1791660378.498007 runnervmmprz5 zainod-0.9.0[2988]:     at packages/zaino-chain-head-service/src/service.rs:426
1791660378.498007 runnervmmprz5 zainod-0.9.0[2988]:     in zaino_chain_head_service::service::ChainHeadService::tick
1791660378.498929 runnervmmprz5 zainod-0.9.0[2988]:   19:26:18.498  INFO zaino_chain_head_service::service: Syncing block, height: 4382593, hash: 00006a4acf2cadd987f1c6d8e18b096daa282d1be0a785dfb0374b243cfe8bce
1791660378.498929 runnervmmprz5 zainod-0.9.0[2988]:     at packages/zaino-chain-head-service/src/service.rs:426
1791660378.498929 runnervmmprz5 zainod-0.9.0[2988]:     in zaino_chain_head_service::service::ChainHeadService::tick
1791660378.500637 runnervmmprz5 zainod-0.9.0[2988]:   19:26:18.499  INFO zaino_chain_head_service::service: Syncing block, height: 4382594, hash: 00006c3b9c3941a2d24accb92037fc2c3e1e2026ba5adeb3ee74f405977574dd
1791660378.500637 runnervmmprz5 zainod-0.9.0[2988]:     at packages/zaino-chain-head-service/src/service.rs:426
1791660378.500637 runnervmmprz5 zainod-0.9.0[2988]:     in zaino_chain_head_service::service::ChainHeadService::tick
1791660378.500637 runnervmmprz5 zainod-0.9.0[2988]:   19:26:18.500  INFO zaino_chain_head_service::service: Syncing block, height: 4382595, hash: 00005f9e5def4499b510f3d840ae31045a915c3eaf499a9dab4ddb1857af30f8
1791660378.500637 runnervmmprz5 zainod-0.9.0[2988]:     at packages/zaino-chain-head-service/src/service.rs:426
1791660378.500637 runnervmmprz5 zainod-0.9.0[2988]:     in zaino_chain_head_service::service::ChainHeadService::tick
1791660378.511249 runnervmmprz5 zainod-0.9.0[2988]:   19:26:18.511  INFO zaino_chain_head_service::service: Syncing block, height: 4382596, hash: 000066f1615c6f1d2f67865239c4d82717aaca101515a92a053962338153d0e1
1791660378.511249 runnervmmprz5 zainod-0.9.0[2988]:     at packages/zaino-chain-head-service/src/service.rs:426
1791660378.511249 runnervmmprz5 zainod-0.9.0[2988]:     in zaino_chain_head_service::service::ChainHeadService::tick
1791660378.512105 runnervmmprz5 zainod-0.9.0[2988]:   19:26:18.512  INFO zaino_chain_head_service::service: Syncing block, height: 4382597, hash: 000060fbe6ec62ea43ff78fb215dcd0247f98e9b17476594e4caf729931d9b23
1791660378.512105 runnervmmprz5 zainod-0.9.0[2988]:     at packages/zaino-chain-head-service/src/service.rs:426
1791660378.512105 runnervmmprz5 zainod-0.9.0[2988]:     in zaino_chain_head_service::service::ChainHeadService::tick
1791660378.513078 runnervmmprz5 zainod-0.9.0[2988]:   19:26:18.513  INFO zaino_chain_head_service::service: Syncing block, height: 4382598, hash: 00004ae49c20119e40f19cf8abf3a7f36cfaa216b45099261a61ce8b1ae90fdd
1791660378.513078 runnervmmprz5 zainod-0.9.0[2988]:     at packages/zaino-chain-head-service/src/service.rs:426
1791660378.513078 runnervmmprz5 zainod-0.9.0[2988]:     in zaino_chain_head_service::service::ChainHeadService::tick
1791660378.513857 runnervmmprz5 zainod-0.9.0[2988]:   19:26:18.513  INFO zaino_chain_head_service::service: Syncing block, height: 4382599, hash: 00000ee32adc29dd92c319c556197123c37430cb5f2e13e1380c8d66aa351464
1791660378.513857 runnervmmprz5 zainod-0.9.0[2988]:     at packages/zaino-chain-head-service/src/service.rs:426
1791660378.513857 runnervmmprz5 zainod-0.9.0[2988]:     in zaino_chain_head_service::service::ChainHeadService::tick
1791660378.514583 runnervmmprz5 zainod-0.9.0[2988]:   19:26:18.514  INFO zaino_chain_head_service::service: Syncing block, height: 4382600, hash: 0000594595d738e2054c9b997865549c5ce4b7ee406380b582969f334d98c24b
1791660378.514583 runnervmmprz5 zainod-0.9.0[2988]:     at packages/zaino-chain-head-service/src/service.rs:426
1791660378.514583 runnervmmprz5 zainod-0.9.0[2988]:     in zaino_chain_head_service::service::ChainHeadService::tick
1791660378.515631 runnervmmprz5 zainod-0.9.0[2988]:   19:26:18.515  INFO zaino_chain_head_service::service: Syncing block, height: 4382601, hash: 000055dfa637271081f4063e7e381a09df66e8e6cf2e7accde3b8f09b2f9412a
1791660378.515631 runnervmmprz5 zainod-0.9.0[2988]:     at packages/zaino-chain-head-service/src/service.rs:426
1791660378.515631 runnervmmprz5 zainod-0.9.0[2988]:     in zaino_chain_head_service::service::ChainHeadService::tick
1791660378.516460 runnervmmprz5 zainod-0.9.0[2988]:   19:26:18.516  INFO zaino_chain_head_service::service: Syncing block, height: 4382602, hash: 00005057f845a6a57b7828c3dcb567d6a656feed604b88d9fc04ae398faa8ac5
1791660378.516460 runnervmmprz5 zainod-0.9.0[2988]:     at packages/zaino-chain-head-service/src/service.rs:426
1791660378.516460 runnervmmprz5 zainod-0.9.0[2988]:     in zaino_chain_head_service::service::ChainHeadService::tick
1791660378.517174 runnervmmprz5 zainod-0.9.0[2988]:   19:26:18.517  INFO zaino_chain_head_service::service: Syncing block, height: 4382603, hash: 0000460c372c86dc3cf6c4a2e9f465aa558a6c9fc2f1ad77ac2b118496cab834
1791660378.517174 runnervmmprz5 zainod-0.9.0[2988]:     at packages/zaino-chain-head-service/src/service.rs:426
1791660378.517174 runnervmmprz5 zainod-0.9.0[2988]:     in zaino_chain_head_service::service::ChainHeadService::tick
1791660378.517715 runnervmmprz5 zainod-0.9.0[2988]:   19:26:18.517  INFO zaino_chain_head_service::service: Syncing block, height: 4382604, hash: 00000ff89feea46bc5e2cc69d1f15ca00b7a66c7576abad179531be589d169d2
1791660378.517715 runnervmmprz5 zainod-0.9.0[2988]:     at packages/zaino-chain-head-service/src/service.rs:426
1791660378.517715 runnervmmprz5 zainod-0.9.0[2988]:     in zaino_chain_head_service::service::ChainHeadService::tick
1791660378.518860 runnervmmprz5 zainod-0.9.0[2988]:   19:26:18.518  INFO zaino_chain_head_service::service: Syncing block, height: 4382605, hash: 000061f6d7f1025b208c6130db3d981c2e1acd5c90c61a5e2142802b663b504d
1791660378.518860 runnervmmprz5 zainod-0.9.0[2988]:     at packages/zaino-chain-head-service/src/service.rs:426
1791660378.518860 runnervmmprz5 zainod-0.9.0[2988]:     in zaino_chain_head_service::service::ChainHeadService::tick
1791660378.527342 runnervmmprz5 zainod-0.9.0[2988]:   19:26:18.527  INFO zaino_chain_head_service::service: Syncing block, height: 4382606, hash: 000052862a55511581a9171c62a8de88c93007e44daffe6e0a1c7234d10f06a7
1791660378.527342 runnervmmprz5 zainod-0.9.0[2988]:     at packages/zaino-chain-head-service/src/service.rs:426
1791660378.527342 runnervmmprz5 zainod-0.9.0[2988]:     in zaino_chain_head_service::service::ChainHeadService::tick
1791660378.529082 runnervmmprz5 zainod-0.9.0[2988]:   19:26:18.528  INFO zaino_chain_head_service::service: Syncing block, height: 4382607, hash: 000071f599aa84b3a40d05fc35fc65bd941c37347f9ab995fea68a3f8dbecb84
1791660378.529082 runnervmmprz5 zainod-0.9.0[2988]:     at packages/zaino-chain-head-service/src/service.rs:426
1791660378.529082 runnervmmprz5 zainod-0.9.0[2988]:     in zaino_chain_head_service::service::ChainHeadService::tick
1791660378.530045 runnervmmprz5 zainod-0.9.0[2988]:   19:26:18.530  INFO zaino_chain_head_service::service: Syncing block, height: 4382608, hash: 0000463e8dd4f6a646c2d993a4cc617f1d88990caf0e5a9256971a6b60123751
1791660378.530045 runnervmmprz5 zainod-0.9.0[2988]:     at packages/zaino-chain-head-service/src/service.rs:426
1791660378.530045 runnervmmprz5 zainod-0.9.0[2988]:     in zaino_chain_head_service::service::ChainHeadService::tick
1791660378.530889 runnervmmprz5 zainod-0.9.0[2988]:   19:26:18.530  INFO zaino_chain_head_service::service: Syncing block, height: 4382609, hash: 00004e608a03dcf0a6428394b401ebf6f9e024d4ae14103f3cf72276b0cf2c0f
1791660378.530889 runnervmmprz5 zainod-0.9.0[2988]:     at packages/zaino-chain-head-service/src/service.rs:426
1791660378.530889 runnervmmprz5 zainod-0.9.0[2988]:     in zaino_chain_head_service::service::ChainHeadService::tick
1791660378.532085 runnervmmprz5 zainod-0.9.0[2988]:   19:26:18.532  INFO zaino_chain_head_service::service: Syncing block, height: 4382610, hash: 000018be246283abddfebccb1ba5067be8af29cb93303ac969555c11e2c9b2e9
1791660378.532085 runnervmmprz5 zainod-0.9.0[2988]:     at packages/zaino-chain-head-service/src/service.rs:426
1791660378.532085 runnervmmprz5 zainod-0.9.0[2988]:     in zaino_chain_head_service::service::ChainHeadService::tick
1791660378.533366 runnervmmprz5 zainod-0.9.0[2988]:   19:26:18.533  INFO zaino_chain_head_service::service: Syncing block, height: 4382611, hash: 00003bd90109794491cac1cc5181f924d9a559aa6c6d56314da8f086605d0d20
1791660378.533366 runnervmmprz5 zainod-0.9.0[2988]:     at packages/zaino-chain-head-service/src/service.rs:426
1791660378.533366 runnervmmprz5 zainod-0.9.0[2988]:     in zaino_chain_head_service::service::ChainHeadService::tick
1791660378.534285 runnervmmprz5 zainod-0.9.0[2988]:   19:26:18.534  INFO zaino_chain_head_service::service: Syncing block, height: 4382612, hash: 00002a1a394bffb83fd46f69f2e010467b00015a6170cec0daf0de90c15e805a
1791660378.534285 runnervmmprz5 zainod-0.9.0[2988]:     at packages/zaino-chain-head-service/src/service.rs:426
1791660378.534285 runnervmmprz5 zainod-0.9.0[2988]:     in zaino_chain_head_service::service::ChainHeadService::tick
1791660378.535402 runnervmmprz5 zainod-0.9.0[2988]:   19:26:18.535  INFO zaino_chain_head_service::service: Syncing block, height: 4382613, hash: 00003db8052622e78f89d2c0b1bf874bfd0a3f4e9a25312f1aa2a84dce236ab0
1791660378.535402 runnervmmprz5 zainod-0.9.0[2988]:     at packages/zaino-chain-head-service/src/service.rs:426
1791660378.535402 runnervmmprz5 zainod-0.9.0[2988]:     in zaino_chain_head_service::service::ChainHeadService::tick
1791660378.544202 runnervmmprz5 zainod-0.9.0[2988]:   19:26:18.544  INFO zaino_chain_head_service::service: Syncing block, height: 4382614, hash: 0000551e972354db790231f05e75b1ade4dcaaffcd2c6f65bbff32e1dc662fe0
1791660378.544202 runnervmmprz5 zainod-0.9.0[2988]:     at packages/zaino-chain-head-service/src/service.rs:426
1791660378.544202 runnervmmprz5 zainod-0.9.0[2988]:     in zaino_chain_head_service::service::ChainHeadService::tick
1791660378.545986 runnervmmprz5 zainod-0.9.0[2988]:   19:26:18.545  INFO zaino_chain_head_service::service: Syncing block, height: 4382615, hash: 00011f9c2db474d5541dffafe018c755bd8a02ec19bf45d4caee6d71c34b0d54
1791660378.545986 runnervmmprz5 zainod-0.9.0[2988]:     at packages/zaino-chain-head-service/src/service.rs:426
1791660378.545986 runnervmmprz5 zainod-0.9.0[2988]:     in zaino_chain_head_service::service::ChainHeadService::tick
1791660378.547150 runnervmmprz5 zainod-0.9.0[2988]:   19:26:18.547  INFO zaino_chain_head_service::service: Syncing block, height: 4382616, hash: 00005c60eb8d274f5181870e753a091b666074e3b5171a3336c025bbbd312eb2
1791660378.547150 runnervmmprz5 zainod-0.9.0[2988]:     at packages/zaino-chain-head-service/src/service.rs:426
1791660378.547150 runnervmmprz5 zainod-0.9.0[2988]:     in zaino_chain_head_service::service::ChainHeadService::tick
1791660378.548268 runnervmmprz5 zainod-0.9.0[2988]:   19:26:18.548  INFO zaino_chain_head_service::service: Syncing block, height: 4382617, hash: 0000147b95e237af9bca0981ea67b819dd250c819e2098daf2fef03de83792fa
1791660378.548268 runnervmmprz5 zainod-0.9.0[2988]:     at packages/zaino-chain-head-service/src/service.rs:426
1791660378.548268 runnervmmprz5 zainod-0.9.0[2988]:     in zaino_chain_head_service::service::ChainHeadService::tick
1791660378.548939 runnervmmprz5 zainod-0.9.0[2988]:   19:26:18.548  INFO zaino_chain_head_service::service: Syncing block, height: 4382618, hash: 000015f6e1ed1f8ba5107cba65bbdcfbd20bd148cda6ae3c8020de1b61d6236f
1791660378.548939 runnervmmprz5 zainod-0.9.0[2988]:     at packages/zaino-chain-head-service/src/service.rs:426
1791660378.548939 runnervmmprz5 zainod-0.9.0[2988]:     in zaino_chain_head_service::service::ChainHeadService::tick
1791660378.549870 runnervmmprz5 zainod-0.9.0[2988]:   19:26:18.549  INFO zaino_chain_head_service::service: Syncing block, height: 4382619, hash: 00000bc0bec815fe1809bccea88624320b0ff7056fac76aa01bb1a2cc42cf3e4
1791660378.549870 runnervmmprz5 zainod-0.9.0[2988]:     at packages/zaino-chain-head-service/src/service.rs:426
1791660378.549870 runnervmmprz5 zainod-0.9.0[2988]:     in zaino_chain_head_service::service::ChainHeadService::tick
1791660378.551886 runnervmmprz5 zainod-0.9.0[2988]:   19:26:18.551  INFO zaino_chain_head_service::service: Syncing block, height: 4382620, hash: 000073a4c33fc990af917704d6415b308ae06e47d7d6e8ad1f8884cd0bfab5e8
1791660378.551886 runnervmmprz5 zainod-0.9.0[2988]:     at packages/zaino-chain-head-service/src/service.rs:426
1791660378.551886 runnervmmprz5 zainod-0.9.0[2988]:     in zaino_chain_head_service::service::ChainHeadService::tick
1791660378.553381 runnervmmprz5 zainod-0.9.0[2988]:   19:26:18.553  INFO zaino_chain_head_service::service: Syncing block, height: 4382621, hash: 0000417d402a9665a85a117b6c4d7b59dfda25ea8a231815338b3c8f835280d1
1791660378.553381 runnervmmprz5 zainod-0.9.0[2988]:     at packages/zaino-chain-head-service/src/service.rs:426
1791660378.553381 runnervmmprz5 zainod-0.9.0[2988]:     in zaino_chain_head_service::service::ChainHeadService::tick
1791660378.554421 runnervmmprz5 zainod-0.9.0[2988]:   19:26:18.554  INFO zaino_chain_head_service::service: Syncing block, height: 4382622, hash: 00004f7a30b21111250f44c5e452c604492669169fb1d139c368efdbdbbbfcba
1791660378.554421 runnervmmprz5 zainod-0.9.0[2988]:     at packages/zaino-chain-head-service/src/service.rs:426
1791660378.554421 runnervmmprz5 zainod-0.9.0[2988]:     in zaino_chain_head_service::service::ChainHeadService::tick
1791660378.556137 runnervmmprz5 zainod-0.9.0[2988]:   19:26:18.556  INFO zaino_chain_head_service::service: Syncing block, height: 4382623, hash: 0000728ae0cde1681d7a2dee328411bb9f292bbef25eeccb94809e744a10f7ce
1791660378.556137 runnervmmprz5 zainod-0.9.0[2988]:     at packages/zaino-chain-head-service/src/service.rs:426
1791660378.556137 runnervmmprz5 zainod-0.9.0[2988]:     in zaino_chain_head_service::service::ChainHeadService::tick
1791660378.556864 runnervmmprz5 zainod-0.9.0[2988]:   19:26:18.556  INFO zaino_chain_head_service::service: Syncing block, height: 4382624, hash: 00004c2b769e203d4951aaff8de375d1e2efb646dc01435369c601c8ce3053e8
1791660378.556864 runnervmmprz5 zainod-0.9.0[2988]:     at packages/zaino-chain-head-service/src/service.rs:426
1791660378.556864 runnervmmprz5 zainod-0.9.0[2988]:     in zaino_chain_head_service::service::ChainHeadService::tick
1791660378.567253 runnervmmprz5 zainod-0.9.0[2988]:   19:26:18.567  INFO zaino_chain_head_service::service: Syncing block, height: 4382625, hash: 00007c847b454e077e30ec7bb008d287832abefb984420dde07c9cddfd210f77
1791660378.567253 runnervmmprz5 zainod-0.9.0[2988]:     at packages/zaino-chain-head-service/src/service.rs:426
1791660378.567253 runnervmmprz5 zainod-0.9.0[2988]:     in zaino_chain_head_service::service::ChainHeadService::tick
1791660378.567975 runnervmmprz5 zainod-0.9.0[2988]:   19:26:18.567  INFO zaino_chain_head_service::service: Syncing block, height: 4382626, hash: 00004e5faecc7ccc07af49672a12989aafeddf58791d91c39e3916139e82f92c
1791660378.567975 runnervmmprz5 zainod-0.9.0[2988]:     at packages/zaino-chain-head-service/src/service.rs:426
1791660378.567975 runnervmmprz5 zainod-0.9.0[2988]:     in zaino_chain_head_service::service::ChainHeadService::tick
1791660378.568703 runnervmmprz5 zainod-0.9.0[2988]:   19:26:18.568  INFO zaino_chain_head_service::service: Syncing block, height: 4382627, hash: 00007954ad3289d4300169cd0edbdfceec1048d2a67cb1bc1ad5d84c20a1af49
1791660378.568703 runnervmmprz5 zainod-0.9.0[2988]:     at packages/zaino-chain-head-service/src/service.rs:426
1791660378.568703 runnervmmprz5 zainod-0.9.0[2988]:     in zaino_chain_head_service::service::ChainHeadService::tick
1791660378.569628 runnervmmprz5 zainod-0.9.0[2988]:   19:26:18.569  INFO zaino_chain_head_service::service: Syncing block, height: 4382628, hash: 000015fcda9a2ebe39bc8f459fa3f7aaeb960f10c3b135aa845cc89935e22689
1791660378.569628 runnervmmprz5 zainod-0.9.0[2988]:     at packages/zaino-chain-head-service/src/service.rs:426
1791660378.569628 runnervmmprz5 zainod-0.9.0[2988]:     in zaino_chain_head_service::service::ChainHeadService::tick
1791660378.570489 runnervmmprz5 zainod-0.9.0[2988]:   19:26:18.570  INFO zaino_chain_head_service::service: Syncing block, height: 4382629, hash: 00002de390ba5998dd13d046e33b55e2ae4ef20b8e17742c0b5b0c0e89a0ebf0
1791660378.570489 runnervmmprz5 zainod-0.9.0[2988]:     at packages/zaino-chain-head-service/src/service.rs:426
1791660378.570489 runnervmmprz5 zainod-0.9.0[2988]:     in zaino_chain_head_service::service::ChainHeadService::tick
1791660378.571337 runnervmmprz5 zainod-0.9.0[2988]:   19:26:18.571  INFO zaino_chain_head_service::service: Syncing block, height: 4382630, hash: 000044b71a19c9a4060ae31c8625d86f5ed086baff067c53e7db69de74c512ce
1791660378.571337 runnervmmprz5 zainod-0.9.0[2988]:     at packages/zaino-chain-head-service/src/service.rs:426
1791660378.571337 runnervmmprz5 zainod-0.9.0[2988]:     in zaino_chain_head_service::service::ChainHeadService::tick
1791660378.572156 runnervmmprz5 zainod-0.9.0[2988]:   19:26:18.572  INFO zaino_chain_head_service::service: Syncing block, height: 4382631, hash: 0000448bd5ed41823b440bc603b83d7186788e1f43793c5258ab006b962110d4
1791660378.572156 runnervmmprz5 zainod-0.9.0[2988]:     at packages/zaino-chain-head-service/src/service.rs:426
1791660378.572156 runnervmmprz5 zainod-0.9.0[2988]:     in zaino_chain_head_service::service::ChainHeadService::tick
1791660378.572799 runnervmmprz5 zainod-0.9.0[2988]:   19:26:18.572  INFO zaino_chain_head_service::service: Syncing block, height: 4382632, hash: 00006a7bd9002589e5a8f82704bb9bfea80cb5e8a6b6538a206c327fca4a0226
1791660378.572799 runnervmmprz5 zainod-0.9.0[2988]:     at packages/zaino-chain-head-service/src/service.rs:426
1791660378.572799 runnervmmprz5 zainod-0.9.0[2988]:     in zaino_chain_head_service::service::ChainHeadService::tick
1791660378.573533 runnervmmprz5 zainod-0.9.0[2988]:   19:26:18.573  INFO zaino_chain_head_service::service: Syncing block, height: 4382633, hash: 0000130cdabc9bcd4ee68a803816a0957b738c9a72c6750be5a08af6750faf6e
1791660378.573533 runnervmmprz5 zainod-0.9.0[2988]:     at packages/zaino-chain-head-service/src/service.rs:426
1791660378.573533 runnervmmprz5 zainod-0.9.0[2988]:     in zaino_chain_head_service::service::ChainHeadService::tick
1791660378.575044 runnervmmprz5 zainod-0.9.0[2988]:   19:26:18.575  INFO zaino_chain_head_service::service: Syncing block, height: 4382634, hash: 000000f98c96d29f6bba1a8f80c5effc02b0594c1d3696bff7b06105b0f13a37
1791660378.575044 runnervmmprz5 zainod-0.9.0[2988]:     at packages/zaino-chain-head-service/src/service.rs:426
1791660378.575044 runnervmmprz5 zainod-0.9.0[2988]:     in zaino_chain_head_service::service::ChainHeadService::tick
1791660378.575807 runnervmmprz5 zainod-0.9.0[2988]:   19:26:18.575  INFO zaino_chain_head_service::service: Syncing block, height: 4382635, hash: 0000638cf31ddedc1b432a1bbab7b577af0dd11cff9a10bdc62bcc19c8a64d59
1791660378.575807 runnervmmprz5 zainod-0.9.0[2988]:     at packages/zaino-chain-head-service/src/service.rs:426
1791660378.575807 runnervmmprz5 zainod-0.9.0[2988]:     in zaino_chain_head_service::service::ChainHeadService::tick
1791660378.576264 runnervmmprz5 zainod-0.9.0[2988]:   19:26:18.576  INFO zaino_chain_head_service::service: Syncing block, height: 4382636, hash: 00004707b86eb5fdeb23644b9b3670e522ef2894baaa406a41df1940b840526e
1791660378.576264 runnervmmprz5 zainod-0.9.0[2988]:     at packages/zaino-chain-head-service/src/service.rs:426
1791660378.576264 runnervmmprz5 zainod-0.9.0[2988]:     in zaino_chain_head_service::service::ChainHeadService::tick
1791660378.588767 runnervmmprz5 zainod-0.9.0[2988]:   19:26:18.588  INFO zaino_chain_head_service::service: Syncing block, height: 4382637, hash: 00007d51feab1379c6a0bd0768f5414d3008f7c38574d510385b1a53fbad29b3
1791660378.588767 runnervmmprz5 zainod-0.9.0[2988]:     at packages/zaino-chain-head-service/src/service.rs:426
1791660378.588767 runnervmmprz5 zainod-0.9.0[2988]:     in zaino_chain_head_service::service::ChainHeadService::tick
1791660378.589974 runnervmmprz5 zainod-0.9.0[2988]:   19:26:18.589  INFO zaino_chain_head_service::service: Syncing block, height: 4382638, hash: 0000017133d593b1b5c7fd6a9b3e268f8734bd32a853567d0c3dc31f48f53669
1791660378.589974 runnervmmprz5 zainod-0.9.0[2988]:     at packages/zaino-chain-head-service/src/service.rs:426
1791660378.589974 runnervmmprz5 zainod-0.9.0[2988]:     in zaino_chain_head_service::service::ChainHeadService::tick
1791660378.590626 runnervmmprz5 zainod-0.9.0[2988]:   19:26:18.590  INFO zaino_chain_head_service::service: Syncing block, height: 4382639, hash: 0000149f66bef9aafe740a80e893eeea2add7ca2fe3dbbde41c11096984fb8e2
1791660378.590626 runnervmmprz5 zainod-0.9.0[2988]:     at packages/zaino-chain-head-service/src/service.rs:426
1791660378.590626 runnervmmprz5 zainod-0.9.0[2988]:     in zaino_chain_head_service::service::ChainHeadService::tick
1791660378.592460 runnervmmprz5 zainod-0.9.0[2988]:   19:26:18.592  INFO zaino_chain_head_service::service: Syncing block, height: 4382640, hash: 0000342b40a6e1dc67768e7c167eac98fec87f9e9bd5ea0719e9fb400ed47066
1791660378.592460 runnervmmprz5 zainod-0.9.0[2988]:     at packages/zaino-chain-head-service/src/service.rs:426
1791660378.592460 runnervmmprz5 zainod-0.9.0[2988]:     in zaino_chain_head_service::service::ChainHeadService::tick
1791660378.593519 runnervmmprz5 zainod-0.9.0[2988]:   19:26:18.593  INFO zaino_chain_head_service::service: Syncing block, height: 4382641, hash: 0000228daa2acc2fff089e134f048800183085d5e264f116810741eb6a7e3f54
1791660378.593519 runnervmmprz5 zainod-0.9.0[2988]:     at packages/zaino-chain-head-service/src/service.rs:426
1791660378.593519 runnervmmprz5 zainod-0.9.0[2988]:     in zaino_chain_head_service::service::ChainHeadService::tick
1791660378.594309 runnervmmprz5 zainod-0.9.0[2988]:   19:26:18.594  INFO zaino_chain_head_service::service: Syncing block, height: 4382642, hash: 000061895f6243dcb85df08d9a54d3a47d8298c9754f74219f6b854675597f01
1791660378.594309 runnervmmprz5 zainod-0.9.0[2988]:     at packages/zaino-chain-head-service/src/service.rs:426
1791660378.594309 runnervmmprz5 zainod-0.9.0[2988]:     in zaino_chain_head_service::service::ChainHeadService::tick
1791660378.595484 runnervmmprz5 zainod-0.9.0[2988]:   19:26:18.595  INFO zaino_chain_head_service::service: Syncing block, height: 4382643, hash: 0000422fd12dc30caff4ccc118a614ad028bb1c649809d108a61fd72b6015e33
1791660378.595484 runnervmmprz5 zainod-0.9.0[2988]:     at packages/zaino-chain-head-service/src/service.rs:426
1791660378.595484 runnervmmprz5 zainod-0.9.0[2988]:     in zaino_chain_head_service::service::ChainHeadService::tick
1791660378.596420 runnervmmprz5 zainod-0.9.0[2988]:   19:26:18.596  INFO zaino_chain_head_service::service: Syncing block, height: 4382644, hash: 000069ac6bcfb077e3241f8e7895e306149c719a4ca7069ca2d929c297af3386
1791660378.596420 runnervmmprz5 zainod-0.9.0[2988]:     at packages/zaino-chain-head-service/src/service.rs:426
1791660378.596420 runnervmmprz5 zainod-0.9.0[2988]:     in zaino_chain_head_service::service::ChainHeadService::tick
1791660378.598258 runnervmmprz5 zainod-0.9.0[2988]:   19:26:18.598  INFO zaino_chain_head_service::service: Syncing block, height: 4382645, hash: 00000de1b6cf868aa346a2524e2334a8effabfa4d88b0474d991a3f8ea367148
1791660378.598258 runnervmmprz5 zainod-0.9.0[2988]:     at packages/zaino-chain-head-service/src/service.rs:426
1791660378.598258 runnervmmprz5 zainod-0.9.0[2988]:     in zaino_chain_head_service::service::ChainHeadService::tick
1791660378.598951 runnervmmprz5 zainod-0.9.0[2988]:   19:26:18.598  INFO zaino_chain_head_service::service: Syncing block, height: 4382646, hash: 000049bc86df95c034461f006e59cda87bc1bfc71d877c1bbebec1a2d0ec69e0
1791660378.598951 runnervmmprz5 zainod-0.9.0[2988]:     at packages/zaino-chain-head-service/src/service.rs:426
1791660378.598951 runnervmmprz5 zainod-0.9.0[2988]:     in zaino_chain_head_service::service::ChainHeadService::tick
1791660378.600400 runnervmmprz5 zainod-0.9.0[2988]:   19:26:18.600  INFO zaino_chain_head_service::service: Syncing block, height: 4382647, hash: 00004f43704b210c6cd9667cca87bf3acc3a01f45857697a91f16cdc82bf887b
1791660378.600400 runnervmmprz5 zainod-0.9.0[2988]:     at packages/zaino-chain-head-service/src/service.rs:426
1791660378.600400 runnervmmprz5 zainod-0.9.0[2988]:     in zaino_chain_head_service::service::ChainHeadService::tick
1791660378.609231 runnervmmprz5 zainod-0.9.0[2988]:   19:26:18.609  INFO zaino_chain_head_service::service: Syncing block, height: 4382648, hash: 00003bc37b71a3c68f731d2e984798394eeeb8337dccba46abfe51e4d7baa3a9
1791660378.609231 runnervmmprz5 zainod-0.9.0[2988]:     at packages/zaino-chain-head-service/src/service.rs:426
1791660378.609231 runnervmmprz5 zainod-0.9.0[2988]:     in zaino_chain_head_service::service::ChainHeadService::tick
1791660378.610662 runnervmmprz5 zainod-0.9.0[2988]:   19:26:18.610  INFO zaino_chain_head_service::service: Syncing block, height: 4382649, hash: 0000776498b3de58831aee6d471270ced86e5b259625bb12bd0636a6dbf72de3
1791660378.610662 runnervmmprz5 zainod-0.9.0[2988]:     at packages/zaino-chain-head-service/src/service.rs:426
1791660378.610662 runnervmmprz5 zainod-0.9.0[2988]:     in zaino_chain_head_service::service::ChainHeadService::tick
1791660378.612027 runnervmmprz5 zainod-0.9.0[2988]:   19:26:18.611  INFO zaino_chain_head_service::service: Syncing block, height: 4382650, hash: 0000796fcba65f4506c4525c1684c680b874bb6342065549c4e190a5eecac0a4
1791660378.612027 runnervmmprz5 zainod-0.9.0[2988]:     at packages/zaino-chain-head-service/src/service.rs:426
1791660378.612027 runnervmmprz5 zainod-0.9.0[2988]:     in zaino_chain_head_service::service::ChainHeadService::tick
1791660378.612917 runnervmmprz5 zainod-0.9.0[2988]:   19:26:18.612  INFO zaino_chain_head_service::service: Syncing block, height: 4382651, hash: 000039038c74ad69588ff061dd928cf228c7f567fb01f65adefcf0f76156d485
1791660378.612917 runnervmmprz5 zainod-0.9.0[2988]:     at packages/zaino-chain-head-service/src/service.rs:426
1791660378.612917 runnervmmprz5 zainod-0.9.0[2988]:     in zaino_chain_head_service::service::ChainHeadService::tick
1791660378.614262 runnervmmprz5 zainod-0.9.0[2988]:   19:26:18.614  INFO zaino_chain_head_service::service: Syncing block, height: 4382652, hash: 00002541a250b2e2ec645f6a4559a5516b80479797531ba67658eb3b41e2d783
1791660378.614262 runnervmmprz5 zainod-0.9.0[2988]:     at packages/zaino-chain-head-service/src/service.rs:426
1791660378.614262 runnervmmprz5 zainod-0.9.0[2988]:     in zaino_chain_head_service::service::ChainHeadService::tick
1791660378.617210 runnervmmprz5 zainod-0.9.0[2988]:   19:26:18.617  INFO zaino_chain_head_service::service: Syncing block, height: 4382653, hash: 000076a19b055633adc8369ff47d03be1e8d68de9ebcca3cf5bac686343ac8d9
1791660378.617210 runnervmmprz5 zainod-0.9.0[2988]:     at packages/zaino-chain-head-service/src/service.rs:426
1791660378.617210 runnervmmprz5 zainod-0.9.0[2988]:     in zaino_chain_head_service::service::ChainHeadService::tick
1791660378.617910 runnervmmprz5 zainod-0.9.0[2988]:   19:26:18.617  INFO zaino_chain_head_service::service: Syncing block, height: 4382654, hash: 000000b1922e2034f4ca9f77e69a1fef66ee274a4a6b516d3ed3ef30a80c52df
1791660378.617910 runnervmmprz5 zainod-0.9.0[2988]:     at packages/zaino-chain-head-service/src/service.rs:426
1791660378.617910 runnervmmprz5 zainod-0.9.0[2988]:     in zaino_chain_head_service::service::ChainHeadService::tick
1791660378.618891 runnervmmprz5 zainod-0.9.0[2988]:   19:26:18.618  INFO zaino_chain_head_service::service: Syncing block, height: 4382655, hash: 0000208de1409b9c139533695e168908f5bbbd1248aaaf8a0dce524726af11d2
1791660378.618891 runnervmmprz5 zainod-0.9.0[2988]:     at packages/zaino-chain-head-service/src/service.rs:426
1791660378.618891 runnervmmprz5 zainod-0.9.0[2988]:     in zaino_chain_head_service::service::ChainHeadService::tick
1791660378.627368 runnervmmprz5 zainod-0.9.0[2988]:   19:26:18.627  INFO zaino_chain_head_service::service: Syncing block, height: 4382656, hash: 0000004bb395eeafb8a0ea96d504493fa1ac9dd87e74ff5f5228003c60f68b9c
1791660378.627368 runnervmmprz5 zainod-0.9.0[2988]:     at packages/zaino-chain-head-service/src/service.rs:426
1791660378.627368 runnervmmprz5 zainod-0.9.0[2988]:     in zaino_chain_head_service::service::ChainHeadService::tick
1791660378.628580 runnervmmprz5 zainod-0.9.0[2988]:   19:26:18.628  INFO zaino_chain_head_service::service: Syncing block, height: 4382657, hash: 000056f8621980d43a4451201c4fcb388de324bc949b6e9ef7d9612623aa06fd
1791660378.628580 runnervmmprz5 zainod-0.9.0[2988]:     at packages/zaino-chain-head-service/src/service.rs:426
1791660378.628580 runnervmmprz5 zainod-0.9.0[2988]:     in zaino_chain_head_service::service::ChainHeadService::tick
1791660378.630027 runnervmmprz5 zainod-0.9.0[2988]:   19:26:18.630  INFO zaino_chain_head_service::service: Syncing block, height: 4382658, hash: 000054d15e07b0b550190906dd6315d49a9e6bfa65a0f837956a343b88b772a9
1791660378.630027 runnervmmprz5 zainod-0.9.0[2988]:     at packages/zaino-chain-head-service/src/service.rs:426
1791660378.630027 runnervmmprz5 zainod-0.9.0[2988]:     in zaino_chain_head_service::service::ChainHeadService::tick
1791660378.631506 runnervmmprz5 zainod-0.9.0[2988]:   19:26:18.631  INFO zaino_chain_head_service::service: Syncing block, height: 4382659, hash: 00000fdb867572ec4a6a2497dfb8d17f26829fc82ddd47b78865d7db149db90f
1791660378.631506 runnervmmprz5 zainod-0.9.0[2988]:     at packages/zaino-chain-head-service/src/service.rs:426
1791660378.631506 runnervmmprz5 zainod-0.9.0[2988]:     in zaino_chain_head_service::service::ChainHeadService::tick
1791660378.632505 runnervmmprz5 zainod-0.9.0[2988]:   19:26:18.632  INFO zaino_chain_head_service::service: Syncing block, height: 4382660, hash: 00006ab4e02f5f31d9b75ac3b511e694d542b4cc4e826127c35c6c6f1f6401a3
1791660378.632505 runnervmmprz5 zainod-0.9.0[2988]:     at packages/zaino-chain-head-service/src/service.rs:426
1791660378.632505 runnervmmprz5 zainod-0.9.0[2988]:     in zaino_chain_head_service::service::ChainHeadService::tick
1791660378.633493 runnervmmprz5 zainod-0.9.0[2988]:   19:26:18.633  INFO zaino_chain_head_service::service: Syncing block, height: 4382661, hash: 00005347a907d810b6df383cdb75b718ba6fde22c3f75ecc31f175cf79c9a2d9
1791660378.633493 runnervmmprz5 zainod-0.9.0[2988]:     at packages/zaino-chain-head-service/src/service.rs:426
1791660378.633493 runnervmmprz5 zainod-0.9.0[2988]:     in zaino_chain_head_service::service::ChainHeadService::tick
1791660378.634359 runnervmmprz5 zainod-0.9.0[2988]:   19:26:18.634  INFO zaino_chain_head_service::service: Syncing block, height: 4382662, hash: 00005f711129169ed26ffe00bd80c26e182e00731306b75d424da56ebd2c7bc5
1791660378.634359 runnervmmprz5 zainod-0.9.0[2988]:     at packages/zaino-chain-head-service/src/service.rs:426
1791660378.634359 runnervmmprz5 zainod-0.9.0[2988]:     in zaino_chain_head_service::service::ChainHeadService::tick
1791660378.635354 runnervmmprz5 zainod-0.9.0[2988]:   19:26:18.635  INFO zaino_chain_head_service::service: Syncing block, height: 4382663, hash: 00000ed73c3a4f470b15c9e35520c3907cb7a72a2a9304c9617e6a56305ae000
1791660378.635354 runnervmmprz5 zainod-0.9.0[2988]:     at packages/zaino-chain-head-service/src/service.rs:426
1791660378.635354 runnervmmprz5 zainod-0.9.0[2988]:     in zaino_chain_head_service::service::ChainHeadService::tick
1791660378.636138 runnervmmprz5 zainod-0.9.0[2988]:   19:26:18.636  INFO zaino_chain_head_service::service: Syncing block, height: 4382664, hash: 0000269a1c4fffe954730f6debd7bfb3a0c655fb4a5952d5c911f0233f0ffd4a
1791660378.636138 runnervmmprz5 zainod-0.9.0[2988]:     at packages/zaino-chain-head-service/src/service.rs:426
1791660378.636138 runnervmmprz5 zainod-0.9.0[2988]:     in zaino_chain_head_service::service::ChainHeadService::tick
1791660378.636818 runnervmmprz5 zainod-0.9.0[2988]:   19:26:18.636  INFO zaino_chain_head_service::service: Syncing block, height: 4382665, hash: 00002878afeebfc5b510863d85431df2f9516994d0d2b7c7ee21d28811d6a3fd
1791660378.636818 runnervmmprz5 zainod-0.9.0[2988]:     at packages/zaino-chain-head-service/src/service.rs:426
1791660378.636818 runnervmmprz5 zainod-0.9.0[2988]:     in zaino_chain_head_service::service::ChainHeadService::tick
1791660378.637548 runnervmmprz5 zainod-0.9.0[2988]:   19:26:18.637  INFO zaino_chain_head_service::service: Syncing block, height: 4382666, hash: 0000335f9a26953ded6dc6c3d5ff0684a8c58df66042420405590ae83d182573
1791660378.637548 runnervmmprz5 zainod-0.9.0[2988]:     at packages/zaino-chain-head-service/src/service.rs:426
1791660378.637548 runnervmmprz5 zainod-0.9.0[2988]:     in zaino_chain_head_service::service::ChainHeadService::tick
1791660378.647224 runnervmmprz5 zainod-0.9.0[2988]:   19:26:18.647  INFO zaino_chain_head_service::service: Syncing block, height: 4382667, hash: 0000431e59bcd8f8764333499dd03eda378667b3f98a3f8e06821f06dd8261de
1791660378.647224 runnervmmprz5 zainod-0.9.0[2988]:     at packages/zaino-chain-head-service/src/service.rs:426
1791660378.647224 runnervmmprz5 zainod-0.9.0[2988]:     in zaino_chain_head_service::service::ChainHeadService::tick
1791660378.647801 runnervmmprz5 zainod-0.9.0[2988]:   19:26:18.647  INFO zaino_chain_head_service::service: Syncing block, height: 4382668, hash: 00003cfc3fe4e52b621bd607e662046e9d78750c1296e0c97a71f016c7fbf6ea
1791660378.647801 runnervmmprz5 zainod-0.9.0[2988]:     at packages/zaino-chain-head-service/src/service.rs:426
1791660378.647801 runnervmmprz5 zainod-0.9.0[2988]:     in zaino_chain_head_service::service::ChainHeadService::tick
1791660378.648690 runnervmmprz5 zainod-0.9.0[2988]:   19:26:18.648  INFO zaino_chain_head_service::service: Syncing block, height: 4382669, hash: 00001ec96e5da1ec8cf2e9cea46cdacc3400b027159c039e06fa2bd977a14495
1791660378.648690 runnervmmprz5 zainod-0.9.0[2988]:     at packages/zaino-chain-head-service/src/service.rs:426
1791660378.648690 runnervmmprz5 zainod-0.9.0[2988]:     in zaino_chain_head_service::service::ChainHeadService::tick
1791660378.650132 runnervmmprz5 zainod-0.9.0[2988]:   19:26:18.650  INFO zaino_chain_head_service::service: Syncing block, height: 4382670, hash: 00004e185aff20be0c20332fdcb06b73e558f8b9865c18c366d2d851cbc56028
1791660378.650132 runnervmmprz5 zainod-0.9.0[2988]:     at packages/zaino-chain-head-service/src/service.rs:426
1791660378.650132 runnervmmprz5 zainod-0.9.0[2988]:     in zaino_chain_head_service::service::ChainHeadService::tick
1791660378.651105 runnervmmprz5 zainod-0.9.0[2988]:   19:26:18.651  INFO zaino_chain_head_service::service: Syncing block, height: 4382671, hash: 00003933c4bd4ef887c185dfdf1a0d09b7e8d826105ab38020cd472d1dd5793e
1791660378.651105 runnervmmprz5 zainod-0.9.0[2988]:     at packages/zaino-chain-head-service/src/service.rs:426
1791660378.651105 runnervmmprz5 zainod-0.9.0[2988]:     in zaino_chain_head_service::service::ChainHeadService::tick
1791660378.651849 runnervmmprz5 zainod-0.9.0[2988]:   19:26:18.651  INFO zaino_chain_head_service::service: Syncing block, height: 4382672, hash: 0000142f1695cedf004b08c8ecb317fe9a379ecfe7ec7c897307bc383333f012
1791660378.651849 runnervmmprz5 zainod-0.9.0[2988]:     at packages/zaino-chain-head-service/src/service.rs:426
1791660378.651849 runnervmmprz5 zainod-0.9.0[2988]:     in zaino_chain_head_service::service::ChainHeadService::tick
1791660378.653366 runnervmmprz5 zainod-0.9.0[2988]:   19:26:18.653  INFO zaino_chain_head_service::service: Syncing block, height: 4382673, hash: 000078533349eff7f495dd70247a55cda86bbc3360c92dd0adab80810b59396a
1791660378.653366 runnervmmprz5 zainod-0.9.0[2988]:     at packages/zaino-chain-head-service/src/service.rs:426
1791660378.653366 runnervmmprz5 zainod-0.9.0[2988]:     in zaino_chain_head_service::service::ChainHeadService::tick
1791660378.663900 runnervmmprz5 zainod-0.9.0[2988]:   19:26:18.663  INFO zaino_chain_head_service::service: Syncing block, height: 4382674, hash: 0000339da9ea72a1f8d04ef6f32a45cfdf398b13ab55c865fcec79f2c9729200
1791660378.663900 runnervmmprz5 zainod-0.9.0[2988]:     at packages/zaino-chain-head-service/src/service.rs:426
1791660378.663900 runnervmmprz5 zainod-0.9.0[2988]:     in zaino_chain_head_service::service::ChainHeadService::tick
1791660378.665083 runnervmmprz5 zainod-0.9.0[2988]:   19:26:18.665  INFO zaino_chain_head_service::service: Syncing block, height: 4382675, hash: 00003e552ae2aff603025c4651db3a2353826ee372264b3c5c0122fa2186e3be
1791660378.665083 runnervmmprz5 zainod-0.9.0[2988]:     at packages/zaino-chain-head-service/src/service.rs:426
1791660378.665083 runnervmmprz5 zainod-0.9.0[2988]:     in zaino_chain_head_service::service::ChainHeadService::tick
1791660378.666087 runnervmmprz5 zainod-0.9.0[2988]:   19:26:18.666  INFO zaino_chain_head_service::service: Syncing block, height: 4382676, hash: 00006be5cf4896bab2ddd642cd6d1be06ec83256cb1f9bf71707ab289024dcf4
1791660378.666087 runnervmmprz5 zainod-0.9.0[2988]:     at packages/zaino-chain-head-service/src/service.rs:426
1791660378.666087 runnervmmprz5 zainod-0.9.0[2988]:     in zaino_chain_head_service::service::ChainHeadService::tick
1791660378.666950 runnervmmprz5 zainod-0.9.0[2988]:   19:26:18.666  INFO zaino_chain_head_service::service: Syncing block, height: 4382677, hash: 0000119938f823b2140523b628f576b7e5b76d739800cb4d68e13774b757f07c
1791660378.666950 runnervmmprz5 zainod-0.9.0[2988]:     at packages/zaino-chain-head-service/src/service.rs:426
1791660378.666950 runnervmmprz5 zainod-0.9.0[2988]:     in zaino_chain_head_service::service::ChainHeadService::tick
1791660378.667499 runnervmmprz5 zainod-0.9.0[2988]:   19:26:18.667  INFO zaino_chain_head_service::service: Syncing block, height: 4382678, hash: 00006234348e20e04aec5a499ac3eb8e7f07a154a25535fc08eea507eadc9f67
1791660378.667499 runnervmmprz5 zainod-0.9.0[2988]:     at packages/zaino-chain-head-service/src/service.rs:426
1791660378.667499 runnervmmprz5 zainod-0.9.0[2988]:     in zaino_chain_head_service::service::ChainHeadService::tick
1791660378.668873 runnervmmprz5 zainod-0.9.0[2988]:   19:26:18.668  INFO zaino_chain_head_service::service: Syncing block, height: 4382679, hash: 0000268cb8bc859cb5c779ea056745600d868e71c080d76930855768a9715db1
1791660378.668873 runnervmmprz5 zainod-0.9.0[2988]:     at packages/zaino-chain-head-service/src/service.rs:426
1791660378.668873 runnervmmprz5 zainod-0.9.0[2988]:     in zaino_chain_head_service::service::ChainHeadService::tick
1791660378.669733 runnervmmprz5 zainod-0.9.0[2988]:   19:26:18.669  INFO zaino_chain_head_service::service: Syncing block, height: 4382680, hash: 00000ca3b7bbaa4f8549269a973ad1062ac0d05906846e5655e6067859df2df2
1791660378.669733 runnervmmprz5 zainod-0.9.0[2988]:     at packages/zaino-chain-head-service/src/service.rs:426
1791660378.669733 runnervmmprz5 zainod-0.9.0[2988]:     in zaino_chain_head_service::service::ChainHeadService::tick
1791660378.670344 runnervmmprz5 zainod-0.9.0[2988]:   19:26:18.670  INFO zaino_chain_head_service::service: Syncing block, height: 4382681, hash: 000019db52082a2aec59f81cf2319d53acca0bd7e6d91ba96203574765fe1724
1791660378.670344 runnervmmprz5 zainod-0.9.0[2988]:     at packages/zaino-chain-head-service/src/service.rs:426
1791660378.670344 runnervmmprz5 zainod-0.9.0[2988]:     in zaino_chain_head_service::service::ChainHeadService::tick
1791660378.671212 runnervmmprz5 zainod-0.9.0[2988]:   19:26:18.671  INFO zaino_chain_head_service::service: Syncing block, height: 4382682, hash: 000016f6888845ad3bc7d029d1d2945eea9edb8eb0d8047e030c0fef357ef22f
1791660378.671212 runnervmmprz5 zainod-0.9.0[2988]:     at packages/zaino-chain-head-service/src/service.rs:426
1791660378.671212 runnervmmprz5 zainod-0.9.0[2988]:     in zaino_chain_head_service::service::ChainHeadService::tick
1791660378.671954 runnervmmprz5 zainod-0.9.0[2988]:   19:26:18.671  INFO zaino_chain_head_service::service: Syncing block, height: 4382683, hash: 000057014c7e812e3dd94a261ab7bb6a2404fb7f2b1b245557a7969b452e3dc2
1791660378.671954 runnervmmprz5 zainod-0.9.0[2988]:     at packages/zaino-chain-head-service/src/service.rs:426
1791660378.671954 runnervmmprz5 zainod-0.9.0[2988]:     in zaino_chain_head_service::service::ChainHeadService::tick
1791660378.673485 runnervmmprz5 zainod-0.9.0[2988]:   19:26:18.672  INFO zaino_chain_head_service::service: Syncing block, height: 4382684, hash: 00003b6ae0412971fc26518a0abf9e885fa1e371016185b6fa2937edb714e054
1791660378.673485 runnervmmprz5 zainod-0.9.0[2988]:     at packages/zaino-chain-head-service/src/service.rs:426
1791660378.673485 runnervmmprz5 zainod-0.9.0[2988]:     in zaino_chain_head_service::service::ChainHeadService::tick
1791660378.686759 runnervmmprz5 zainod-0.9.0[2988]:   19:26:18.686  INFO zaino_chain_head_service::service: Syncing block, height: 4382685, hash: 00006838cd38b2e65f05e09a7ae56774b4b1f76d9abab6fde043c8362baf14b3
1791660378.686759 runnervmmprz5 zainod-0.9.0[2988]:     at packages/zaino-chain-head-service/src/service.rs:426
1791660378.686759 runnervmmprz5 zainod-0.9.0[2988]:     in zaino_chain_head_service::service::ChainHeadService::tick
1791660378.687297 runnervmmprz5 zainod-0.9.0[2988]:   19:26:18.687  INFO zaino_chain_head_service::service: Syncing block, height: 4382686, hash: 0000784c4ed834bbd96e554db2821835378bac18bccdf2df668b86b9ddc86725
1791660378.687297 runnervmmprz5 zainod-0.9.0[2988]:     at packages/zaino-chain-head-service/src/service.rs:426
1791660378.687297 runnervmmprz5 zainod-0.9.0[2988]:     in zaino_chain_head_service::service::ChainHeadService::tick
1791660378.687858 runnervmmprz5 zainod-0.9.0[2988]:   19:26:18.687  INFO zaino_chain_head_service::service: Syncing block, height: 4382687, hash: 00002972b66d21516c32a666ea1e708a40378f50e5e9ae0637aa7da345dc7e0d
1791660378.687858 runnervmmprz5 zainod-0.9.0[2988]:     at packages/zaino-chain-head-service/src/service.rs:426
1791660378.687858 runnervmmprz5 zainod-0.9.0[2988]:     in zaino_chain_head_service::service::ChainHeadService::tick
1791660378.688728 runnervmmprz5 zainod-0.9.0[2988]:   19:26:18.688  INFO zaino_chain_head_service::service: Syncing block, height: 4382688, hash: 0000746a7b5bab1517c8225a5efbdf51f5f3169f81b2e8c5ad38b1ab9de3abc7
1791660378.688728 runnervmmprz5 zainod-0.9.0[2988]:     at packages/zaino-chain-head-service/src/service.rs:426
1791660378.688728 runnervmmprz5 zainod-0.9.0[2988]:     in zaino_chain_head_service::service::ChainHeadService::tick
1791660378.689720 runnervmmprz5 zainod-0.9.0[2988]:   19:26:18.689  INFO zaino_chain_head_service::service: Syncing block, height: 4382689, hash: 00002e828e571e61283e374cd048f2f8b9cdf579828dd7e47b5577a695954099
1791660378.689720 runnervmmprz5 zainod-0.9.0[2988]:     at packages/zaino-chain-head-service/src/service.rs:426
1791660378.689720 runnervmmprz5 zainod-0.9.0[2988]:     in zaino_chain_head_service::service::ChainHeadService::tick
1791660378.690921 runnervmmprz5 zainod-0.9.0[2988]:   19:26:18.690  INFO zaino_chain_head_service::service: Syncing block, height: 4382690, hash: 00006c72572453717069e7cb5404fc0337cb03d0fc451f45fd961be310ea04e1
1791660378.690921 runnervmmprz5 zainod-0.9.0[2988]:     at packages/zaino-chain-head-service/src/service.rs:426
1791660378.690921 runnervmmprz5 zainod-0.9.0[2988]:     in zaino_chain_head_service::service::ChainHeadService::tick
1791660378.691987 runnervmmprz5 zainod-0.9.0[2988]:   19:26:18.691  INFO zaino_chain_head_service::service: Syncing block, height: 4382691, hash: 00006fe5ecc3841a452ed02938c409b51886c53cd21a7e24cdae8b39cd6a6e0d
1791660378.691987 runnervmmprz5 zainod-0.9.0[2988]:     at packages/zaino-chain-head-service/src/service.rs:426
1791660378.691987 runnervmmprz5 zainod-0.9.0[2988]:     in zaino_chain_head_service::service::ChainHeadService::tick
1791660378.692864 runnervmmprz5 zainod-0.9.0[2988]:   19:26:18.692  INFO zaino_chain_head_service::service: Syncing block, height: 4382692, hash: 0000075af75e50b745f7afbef66ec6c7ff270ca22ea16e734bb1c9c7f018fb9d
1791660378.692864 runnervmmprz5 zainod-0.9.0[2988]:     at packages/zaino-chain-head-service/src/service.rs:426
1791660378.692864 runnervmmprz5 zainod-0.9.0[2988]:     in zaino_chain_head_service::service::ChainHeadService::tick
1791660378.702067 runnervmmprz5 zainod-0.9.0[2988]:   19:26:18.702  INFO zaino_chain_head_service::service: Syncing block, height: 4382693, hash: 00003090ae5e0d7c3990a8235c16b34a338e83deea7fc02f9e12197ffab50b9b
1791660378.702067 runnervmmprz5 zainod-0.9.0[2988]:     at packages/zaino-chain-head-service/src/service.rs:426
1791660378.702067 runnervmmprz5 zainod-0.9.0[2988]:     in zaino_chain_head_service::service::ChainHeadService::tick
1791660378.702823 runnervmmprz5 zainod-0.9.0[2988]:   19:26:18.702  INFO zaino_chain_head_service::service: Syncing block, height: 4382694, hash: 000004829ea2af301ec0a0b9dda8a174003ebdbf3904b96671eb91a2910cef80
1791660378.702823 runnervmmprz5 zainod-0.9.0[2988]:     at packages/zaino-chain-head-service/src/service.rs:426
1791660378.702823 runnervmmprz5 zainod-0.9.0[2988]:     in zaino_chain_head_service::service::ChainHeadService::tick
1791660378.703916 runnervmmprz5 zainod-0.9.0[2988]:   19:26:18.703  INFO zaino_chain_head_service::service: Syncing block, height: 4382695, hash: 00000a2ef6bacd695941f534c848bd78c8d9c123d280c80439f789e175b5d8b5
1791660378.703916 runnervmmprz5 zainod-0.9.0[2988]:     at packages/zaino-chain-head-service/src/service.rs:426
1791660378.703916 runnervmmprz5 zainod-0.9.0[2988]:     in zaino_chain_head_service::service::ChainHeadService::tick
1791660378.704675 runnervmmprz5 zainod-0.9.0[2988]:   19:26:18.704  INFO zaino_chain_head_service::service: Syncing block, height: 4382696, hash: 0000351b21e6c761d63e4ff021ddd62b3b907e383fad0954cd29f17753cb7657
1791660378.704675 runnervmmprz5 zainod-0.9.0[2988]:     at packages/zaino-chain-head-service/src/service.rs:426
1791660378.704675 runnervmmprz5 zainod-0.9.0[2988]:     in zaino_chain_head_service::service::ChainHeadService::tick
1791660378.705731 runnervmmprz5 zainod-0.9.0[2988]:   19:26:18.705  INFO zaino_chain_head_service::service: Syncing block, height: 4382697, hash: 000074b50c5f00dd566653ee1fd90acb5491f46b6e1cbd0ed8fdc8afa4a11cf5
1791660378.705731 runnervmmprz5 zainod-0.9.0[2988]:     at packages/zaino-chain-head-service/src/service.rs:426
1791660378.705731 runnervmmprz5 zainod-0.9.0[2988]:     in zaino_chain_head_service::service::ChainHeadService::tick
1791660378.706434 runnervmmprz5 zainod-0.9.0[2988]:   19:26:18.706  INFO zaino_chain_head_service::service: Syncing block, height: 4382698, hash: 0000264f7162b76ea04a6dcb080187b6464cacbb736c8cf810340f01e052f7bb
1791660378.706434 runnervmmprz5 zainod-0.9.0[2988]:     at packages/zaino-chain-head-service/src/service.rs:426
1791660378.706434 runnervmmprz5 zainod-0.9.0[2988]:     in zaino_chain_head_service::service::ChainHeadService::tick
1791660378.708050 runnervmmprz5 zainod-0.9.0[2988]:   19:26:18.708  INFO zaino_chain_head_service::service: Syncing block, height: 4382699, hash: 00001854696ee9d5b1061a4c358f84b5ead43ab911749a0380f1a460a679d52f
1791660378.708050 runnervmmprz5 zainod-0.9.0[2988]:     at packages/zaino-chain-head-service/src/service.rs:426
1791660378.708050 runnervmmprz5 zainod-0.9.0[2988]:     in zaino_chain_head_service::service::ChainHeadService::tick
1791660378.709442 runnervmmprz5 zainod-0.9.0[2988]:   19:26:18.709  INFO zaino_chain_head_service::service: Syncing block, height: 4382700, hash: 00000b9e25b729b9366758715c38ac6ff78706a9fedb74faf0e04dd65e417441
1791660378.709442 runnervmmprz5 zainod-0.9.0[2988]:     at packages/zaino-chain-head-service/src/service.rs:426
1791660378.709442 runnervmmprz5 zainod-0.9.0[2988]:     in zaino_chain_head_service::service::ChainHeadService::tick
1791660378.710872 runnervmmprz5 zainod-0.9.0[2988]:   19:26:18.710  INFO zaino_chain_head_service::service: Syncing block, height: 4382701, hash: 000041418f5801cddf89f3b22354002a99a018da07eddefa35b90618d3f2037f
1791660378.710872 runnervmmprz5 zainod-0.9.0[2988]:     at packages/zaino-chain-head-service/src/service.rs:426
1791660378.710872 runnervmmprz5 zainod-0.9.0[2988]:     in zaino_chain_head_service::service::ChainHeadService::tick
1791660378.711907 runnervmmprz5 zainod-0.9.0[2988]:   19:26:18.711  INFO zaino_chain_head_service::service: Syncing block, height: 4382702, hash: 000002d4a89127fe08534bb2108c562bab1fba770fa18b35d24b50eea3d7033a
1791660378.711907 runnervmmprz5 zainod-0.9.0[2988]:     at packages/zaino-chain-head-service/src/service.rs:426
1791660378.711907 runnervmmprz5 zainod-0.9.0[2988]:     in zaino_chain_head_service::service::ChainHeadService::tick
1791660378.712691 runnervmmprz5 zainod-0.9.0[2988]:   19:26:18.712  INFO zaino_chain_head_service::service: Syncing block, height: 4382703, hash: 00005b0c93437e046394c133623aea0129f4d5521d718d6e0864ba6f25db6f5e
1791660378.712691 runnervmmprz5 zainod-0.9.0[2988]:     at packages/zaino-chain-head-service/src/service.rs:426
1791660378.712691 runnervmmprz5 zainod-0.9.0[2988]:     in zaino_chain_head_service::service::ChainHeadService::tick
1791660378.713110 runnervmmprz5 zainod-0.9.0[2988]:   19:26:18.713  INFO zaino_chain_head_service::service: Syncing block, height: 4382704, hash: 0000649be3aa4e5193cb47eaf31688194a28c4eafb6de91417d72c239202ac96
1791660378.713110 runnervmmprz5 zainod-0.9.0[2988]:     at packages/zaino-chain-head-service/src/service.rs:426
1791660378.713110 runnervmmprz5 zainod-0.9.0[2988]:     in zaino_chain_head_service::service::ChainHeadService::tick
1791660378.723200 runnervmmprz5 zainod-0.9.0[2988]:   19:26:18.723  INFO zaino_chain_head_service::service: Syncing block, height: 4382705, hash: 0000396d76893caab73523bc302999f7f57c3dbec1969e4a926a0d5ba44da89d
1791660378.723200 runnervmmprz5 zainod-0.9.0[2988]:     at packages/zaino-chain-head-service/src/service.rs:426
1791660378.723200 runnervmmprz5 zainod-0.9.0[2988]:     in zaino_chain_head_service::service::ChainHeadService::tick
1791660378.724684 runnervmmprz5 zainod-0.9.0[2988]:   19:26:18.724  INFO zaino_chain_head_service::service: Syncing block, height: 4382706, hash: 00002625728551c99f2aacc4cef606fabce5a2d6bf58b40a108ee399e16bf6ba
1791660378.724684 runnervmmprz5 zainod-0.9.0[2988]:     at packages/zaino-chain-head-service/src/service.rs:426
1791660378.724684 runnervmmprz5 zainod-0.9.0[2988]:     in zaino_chain_head_service::service::ChainHeadService::tick
1791660378.725315 runnervmmprz5 zainod-0.9.0[2988]:   19:26:18.725  INFO zaino_chain_head_service::service: Syncing block, height: 4382707, hash: 000058c5487a27dd5ddaa5794a432dc64e72b6cb785d6cb7cf656dee9619ef20
1791660378.725315 runnervmmprz5 zainod-0.9.0[2988]:     at packages/zaino-chain-head-service/src/service.rs:426
1791660378.725315 runnervmmprz5 zainod-0.9.0[2988]:     in zaino_chain_head_service::service::ChainHeadService::tick
1791660378.726099 runnervmmprz5 zainod-0.9.0[2988]:   19:26:18.726  INFO zaino_chain_head_service::service: Syncing block, height: 4382708, hash: 00000a73e9d3bead6e9e739b88697d80c6dca04b1f83c9cea660c8a7fdbb4ed7
1791660378.726099 runnervmmprz5 zainod-0.9.0[2988]:     at packages/zaino-chain-head-service/src/service.rs:426
1791660378.726099 runnervmmprz5 zainod-0.9.0[2988]:     in zaino_chain_head_service::service::ChainHeadService::tick
1791660378.727137 runnervmmprz5 zainod-0.9.0[2988]:   19:26:18.727  INFO zaino_chain_head_service::service: Syncing block, height: 4382709, hash: 00000e9b765b53d646c08fc8a5c44f1d1acb0f4df0b97028d45e174d7fe10b91
1791660378.727137 runnervmmprz5 zainod-0.9.0[2988]:     at packages/zaino-chain-head-service/src/service.rs:426
1791660378.727137 runnervmmprz5 zainod-0.9.0[2988]:     in zaino_chain_head_service::service::ChainHeadService::tick
1791660378.727741 runnervmmprz5 zainod-0.9.0[2988]:   19:26:18.727  INFO zaino_chain_head_service::service: Syncing block, height: 4382710, hash: 00002e58366e5054efb6d352cabb602a3f5c5025eaac3038f0de3f6d7d2c62b4
1791660378.727741 runnervmmprz5 zainod-0.9.0[2988]:     at packages/zaino-chain-head-service/src/service.rs:426
1791660378.727741 runnervmmprz5 zainod-0.9.0[2988]:     in zaino_chain_head_service::service::ChainHeadService::tick
1791660378.738868 runnervmmprz5 zainod-0.9.0[2988]:   19:26:18.738  INFO zaino_chain_head_service::service: Syncing block, height: 4382711, hash: 00000d4e740355425a3ace2b52f8ebf6d40b04ed7ad818d370ee8addf6c9988b
1791660378.738868 runnervmmprz5 zainod-0.9.0[2988]:     at packages/zaino-chain-head-service/src/service.rs:426
1791660378.738868 runnervmmprz5 zainod-0.9.0[2988]:     in zaino_chain_head_service::service::ChainHeadService::tick
1791660378.740169 runnervmmprz5 zainod-0.9.0[2988]:   19:26:18.740  INFO zaino_chain_head_service::service: Syncing block, height: 4382712, hash: 000005784e8a092ab020dcb6af4a9dab7d00edea3115fe353a26c8e4d352ef2b
1791660378.740169 runnervmmprz5 zainod-0.9.0[2988]:     at packages/zaino-chain-head-service/src/service.rs:426
1791660378.740169 runnervmmprz5 zainod-0.9.0[2988]:     in zaino_chain_head_service::service::ChainHeadService::tick
1791660378.740953 runnervmmprz5 zainod-0.9.0[2988]:   19:26:18.740  INFO zaino_chain_head_service::service: Syncing block, height: 4382713, hash: 00003018cf9ea1f8c1b88606f61026e68c717e590891d62c106e05088f8bc8ac
1791660378.740953 runnervmmprz5 zainod-0.9.0[2988]:     at packages/zaino-chain-head-service/src/service.rs:426
1791660378.740953 runnervmmprz5 zainod-0.9.0[2988]:     in zaino_chain_head_service::service::ChainHeadService::tick
1791660378.743209 runnervmmprz5 zainod-0.9.0[2988]:   19:26:18.743  INFO zaino_chain_head_service::service: Syncing block, height: 4382714, hash: 00003842b33a2ef939a8b5201d1c4d054af3d1746cbed455b4f52194cd98b83b
1791660378.743209 runnervmmprz5 zainod-0.9.0[2988]:     at packages/zaino-chain-head-service/src/service.rs:426
1791660378.743209 runnervmmprz5 zainod-0.9.0[2988]:     in zaino_chain_head_service::service::ChainHeadService::tick
1791660378.744296 runnervmmprz5 zainod-0.9.0[2988]:   19:26:18.744  INFO zaino_chain_head_service::service: Syncing block, height: 4382715, hash: 000032c552fa686cccb90941a6d6c89935b608c3a1421b9078cc5e02e94042c9
1791660378.744296 runnervmmprz5 zainod-0.9.0[2988]:     at packages/zaino-chain-head-service/src/service.rs:426
1791660378.744296 runnervmmprz5 zainod-0.9.0[2988]:     in zaino_chain_head_service::service::ChainHeadService::tick
1791660378.745331 runnervmmprz5 zainod-0.9.0[2988]:   19:26:18.745  INFO zaino_chain_head_service::service: Syncing block, height: 4382716, hash: 00000ce3e566526871e544a5b8e31ddaae5868949c0840dc28c42e630dec3f73
1791660378.745331 runnervmmprz5 zainod-0.9.0[2988]:     at packages/zaino-chain-head-service/src/service.rs:426
1791660378.745331 runnervmmprz5 zainod-0.9.0[2988]:     in zaino_chain_head_service::service::ChainHeadService::tick
1791660378.754217 runnervmmprz5 zainod-0.9.0[2988]:   19:26:18.754  INFO zaino_chain_head_service::service: Syncing block, height: 4382717, hash: 00002356de933a9cbee5f29dd01d26ccee102a05848f12198650469285fa905b
1791660378.754217 runnervmmprz5 zainod-0.9.0[2988]:     at packages/zaino-chain-head-service/src/service.rs:426
1791660378.754217 runnervmmprz5 zainod-0.9.0[2988]:     in zaino_chain_head_service::service::ChainHeadService::tick
1791660378.755243 runnervmmprz5 zainod-0.9.0[2988]:   19:26:18.755  INFO zaino_chain_head_service::service: Syncing block, height: 4382718, hash: 0000388dad16f42ffc6da5e50c8b11f4f66a9816490f857a7368131f53fa4eb9
1791660378.755243 runnervmmprz5 zainod-0.9.0[2988]:     at packages/zaino-chain-head-service/src/service.rs:426
1791660378.755243 runnervmmprz5 zainod-0.9.0[2988]:     in zaino_chain_head_service::service::ChainHeadService::tick
1791660378.755907 runnervmmprz5 zainod-0.9.0[2988]:   19:26:18.755  INFO zaino_chain_head_service::service: Syncing block, height: 4382719, hash: 00002b24ecc9393798a780f4ce962c8cfa7bf9b38a98207f6836a0e6d8496da9
1791660378.755907 runnervmmprz5 zainod-0.9.0[2988]:     at packages/zaino-chain-head-service/src/service.rs:426
1791660378.755907 runnervmmprz5 zainod-0.9.0[2988]:     in zaino_chain_head_service::service::ChainHeadService::tick
1791660378.756684 runnervmmprz5 zainod-0.9.0[2988]:   19:26:18.756  INFO zaino_chain_head_service::service: Syncing block, height: 4382720, hash: 00001f5eddab1820f360c6f347e47e4cae4a01849861b908b374b1ddc668e56b
1791660378.756684 runnervmmprz5 zainod-0.9.0[2988]:     at packages/zaino-chain-head-service/src/service.rs:426
1791660378.756684 runnervmmprz5 zainod-0.9.0[2988]:     in zaino_chain_head_service::service::ChainHeadService::tick
1791660378.757384 runnervmmprz5 zainod-0.9.0[2988]:   19:26:18.757  INFO zaino_chain_head_service::service: Syncing block, height: 4382721, hash: 00003e1ad68095f93af5fe0cc4a3841426ddd54031ed2b465d75f80cce510af3
1791660378.757384 runnervmmprz5 zainod-0.9.0[2988]:     at packages/zaino-chain-head-service/src/service.rs:426
1791660378.757384 runnervmmprz5 zainod-0.9.0[2988]:     in zaino_chain_head_service::service::ChainHeadService::tick
1791660378.758182 runnervmmprz5 zainod-0.9.0[2988]:   19:26:18.758  INFO zaino_chain_head_service::service: Syncing block, height: 4382722, hash: 00002d020c499a3a8a4ad6df760e010519d19d2d419d531c410e3c0b6aede9c5
1791660378.758182 runnervmmprz5 zainod-0.9.0[2988]:     at packages/zaino-chain-head-service/src/service.rs:426
1791660378.758182 runnervmmprz5 zainod-0.9.0[2988]:     in zaino_chain_head_service::service::ChainHeadService::tick
1791660378.765893 runnervmmprz5 zainod-0.9.0[2988]:   19:26:18.765  INFO zaino_chain_head_service::service: Syncing block, height: 4382723, hash: 0000068b86effefdd0d43a48bd701eee804b2b9de1a9fba2a065302e77fec4b4
1791660378.765893 runnervmmprz5 zainod-0.9.0[2988]:     at packages/zaino-chain-head-service/src/service.rs:426
1791660378.765893 runnervmmprz5 zainod-0.9.0[2988]:     in zaino_chain_head_service::service::ChainHeadService::tick
1791660378.767444 runnervmmprz5 zainod-0.9.0[2988]:   19:26:18.767  INFO zaino_chain_head_service::service: Syncing block, height: 4382724, hash: 000030546fbe6cbdad98a20b5fa1d95dddeba33a29d1b45cc1249c1d469acf9c
1791660378.767444 runnervmmprz5 zainod-0.9.0[2988]:     at packages/zaino-chain-head-service/src/service.rs:426
1791660378.767444 runnervmmprz5 zainod-0.9.0[2988]:     in zaino_chain_head_service::service::ChainHeadService::tick
1791660378.768161 runnervmmprz5 zainod-0.9.0[2988]:   19:26:18.768  INFO zaino_chain_head_service::service: Syncing block, height: 4382725, hash: 000033925c231e10a61155fc11a81ea62a418ff89fdb1e65461d1c0ed8047a75
1791660378.768161 runnervmmprz5 zainod-0.9.0[2988]:     at packages/zaino-chain-head-service/src/service.rs:426
1791660378.768161 runnervmmprz5 zainod-0.9.0[2988]:     in zaino_chain_head_service::service::ChainHeadService::tick
1791660378.768840 runnervmmprz5 zainod-0.9.0[2988]:   19:26:18.768  INFO zaino_chain_head_service::service: Syncing block, height: 4382726, hash: 0000499804c837efc280906e41b168e6b42b21db027731aa73ee60b07f319efa
1791660378.768840 runnervmmprz5 zainod-0.9.0[2988]:     at packages/zaino-chain-head-service/src/service.rs:426
1791660378.768840 runnervmmprz5 zainod-0.9.0[2988]:     in zaino_chain_head_service::service::ChainHeadService::tick
1791660378.770883 runnervmmprz5 zainod-0.9.0[2988]:   19:26:18.770  INFO zaino_chain_head_service::service: Syncing block, height: 4382727, hash: 00001f29216e4b1088b8f5cdd77c3b707e8e1379efdc4880366a381fda21ee10
1791660378.770883 runnervmmprz5 zainod-0.9.0[2988]:     at packages/zaino-chain-head-service/src/service.rs:426
1791660378.770883 runnervmmprz5 zainod-0.9.0[2988]:     in zaino_chain_head_service::service::ChainHeadService::tick
1791660378.771990 runnervmmprz5 zainod-0.9.0[2988]:   19:26:18.771  INFO zaino_chain_head_service::service: Syncing block, height: 4382728, hash: 0000158549e8302353c1fd8def4b7a97b8664ea7262c8d1e4c367ebcaaea2040
1791660378.771990 runnervmmprz5 zainod-0.9.0[2988]:     at packages/zaino-chain-head-service/src/service.rs:426
1791660378.771990 runnervmmprz5 zainod-0.9.0[2988]:     in zaino_chain_head_service::service::ChainHeadService::tick
1791660378.772643 runnervmmprz5 zainod-0.9.0[2988]:   19:26:18.772  INFO zaino_chain_head_service::service: Syncing block, height: 4382729, hash: 00001d6348bd056668ad1a2424734ad4c0b5d957fbcfe686f7c0328f7b809acc
1791660378.772643 runnervmmprz5 zainod-0.9.0[2988]:     at packages/zaino-chain-head-service/src/service.rs:426
1791660378.772643 runnervmmprz5 zainod-0.9.0[2988]:     in zaino_chain_head_service::service::ChainHeadService::tick
1791660378.773581 runnervmmprz5 zainod-0.9.0[2988]:   19:26:18.773  INFO zaino_chain_head_service::service: Syncing block, height: 4382730, hash: 0000363813940479c88a979710d46d2655a9f2222d2b98a8afb63ae0609d2468
1791660378.773581 runnervmmprz5 zainod-0.9.0[2988]:     at packages/zaino-chain-head-service/src/service.rs:426
1791660378.773581 runnervmmprz5 zainod-0.9.0[2988]:     in zaino_chain_head_service::service::ChainHeadService::tick
1791660378.774041 runnervmmprz5 zainod-0.9.0[2988]:   19:26:18.774  INFO zaino_chain_head_service::service: Syncing block, height: 4382731, hash: 000016e503c69c11ae5e6a0f9d70e481086bb0c65f08df97e96d80834a531ce4
1791660378.774041 runnervmmprz5 zainod-0.9.0[2988]:     at packages/zaino-chain-head-service/src/service.rs:426
1791660378.774041 runnervmmprz5 zainod-0.9.0[2988]:     in zaino_chain_head_service::service::ChainHeadService::tick
1791660378.783447 runnervmmprz5 zainod-0.9.0[2988]:   19:26:18.783  INFO zaino_chain_head_service::service: Syncing block, height: 4382732, hash: 0000294ace60d98121287ad7b434e80fde9e3ddd881d41051e4d25bc498e807a
1791660378.783447 runnervmmprz5 zainod-0.9.0[2988]:     at packages/zaino-chain-head-service/src/service.rs:426
1791660378.783447 runnervmmprz5 zainod-0.9.0[2988]:     in zaino_chain_head_service::service::ChainHeadService::tick
1791660378.784931 runnervmmprz5 zainod-0.9.0[2988]:   19:26:18.784  INFO zaino_chain_head_service::service: Syncing block, height: 4382733, hash: 000010bcf11eae03a3322e51e21ad0b4c1d1e22cf399f61ea0fdb2007be5c431
1791660378.784931 runnervmmprz5 zainod-0.9.0[2988]:     at packages/zaino-chain-head-service/src/service.rs:426
1791660378.784931 runnervmmprz5 zainod-0.9.0[2988]:     in zaino_chain_head_service::service::ChainHeadService::tick
1791660378.785877 runnervmmprz5 zainod-0.9.0[2988]:   19:26:18.785  INFO zaino_chain_head_service::service: Syncing block, height: 4382734, hash: 0000159435d57786e543ae706fac98d14945966d34f5826f0334027a5f930132
1791660378.785877 runnervmmprz5 zainod-0.9.0[2988]:     at packages/zaino-chain-head-service/src/service.rs:426
1791660378.785877 runnervmmprz5 zainod-0.9.0[2988]:     in zaino_chain_head_service::service::ChainHeadService::tick
1791660378.786527 runnervmmprz5 zainod-0.9.0[2988]:   19:26:18.786  INFO zaino_chain_head_service::service: Syncing block, height: 4382735, hash: 000020889c1f40648f9ed26f1733998ba63fe955644cb37a2e9f2f9e18625ba9
1791660378.786527 runnervmmprz5 zainod-0.9.0[2988]:     at packages/zaino-chain-head-service/src/service.rs:426
1791660378.786527 runnervmmprz5 zainod-0.9.0[2988]:     in zaino_chain_head_service::service::ChainHeadService::tick
1791660378.787392 runnervmmprz5 zainod-0.9.0[2988]:   19:26:18.787  INFO zaino_chain_head_service::service: Syncing block, height: 4382736, hash: 000010c7291861c029a627d7a65bd2aa83d9177b3f3d26c1597449408c5c6f4d
1791660378.787392 runnervmmprz5 zainod-0.9.0[2988]:     at packages/zaino-chain-head-service/src/service.rs:426
1791660378.787392 runnervmmprz5 zainod-0.9.0[2988]:     in zaino_chain_head_service::service::ChainHeadService::tick
1791660378.787917 runnervmmprz5 zainod-0.9.0[2988]:   19:26:18.787  INFO zaino_chain_head_service::service: Syncing block, height: 4382737, hash: 00001d6e46778e84bc9f5f63b388654fcfaea874e8088bc0162a711f7a0dffcf
1791660378.787917 runnervmmprz5 zainod-0.9.0[2988]:     at packages/zaino-chain-head-service/src/service.rs:426
1791660378.787917 runnervmmprz5 zainod-0.9.0[2988]:     in zaino_chain_head_service::service::ChainHeadService::tick
1791660378.790043 runnervmmprz5 zainod-0.9.0[2988]:   19:26:18.789  INFO zaino_chain_head_service::service: Syncing block, height: 4382738, hash: 00000462415e5c0013e3eda7532038ce3d6d5ca3853dd453c4c198a54420a8b2
1791660378.790043 runnervmmprz5 zainod-0.9.0[2988]:     at packages/zaino-chain-head-service/src/service.rs:426
1791660378.790043 runnervmmprz5 zainod-0.9.0[2988]:     in zaino_chain_head_service::service::ChainHeadService::tick
1791660378.790843 runnervmmprz5 zainod-0.9.0[2988]:   19:26:18.790  INFO zaino_chain_head_service::service: Syncing block, height: 4382739, hash: 000004faa509237175133505ce98b2d7d27a60746f621123a72d6c52437945c7
1791660378.790843 runnervmmprz5 zainod-0.9.0[2988]:     at packages/zaino-chain-head-service/src/service.rs:426
1791660378.790843 runnervmmprz5 zainod-0.9.0[2988]:     in zaino_chain_head_service::service::ChainHeadService::tick
1791660378.792162 runnervmmprz5 zainod-0.9.0[2988]:   19:26:18.792  INFO zaino_chain_head_service::service: Syncing block, height: 4382740, hash: 0000124072cbf61ae133912798e2fd5330d79b90f869e345efeed7c6c68fb1cc
1791660378.792162 runnervmmprz5 zainod-0.9.0[2988]:     at packages/zaino-chain-head-service/src/service.rs:426
1791660378.792162 runnervmmprz5 zainod-0.9.0[2988]:     in zaino_chain_head_service::service::ChainHeadService::tick
1791660378.797006 runnervmmprz5 zainod-0.9.0[2988]:   19:26:18.796  INFO zaino_chain_head_service::service: Syncing block, height: 4382741, hash: 00002601ca362c68ef401790f477eeff6e91676eaa5dc41485dfd1e0ba681b35
1791660378.797006 runnervmmprz5 zainod-0.9.0[2988]:     at packages/zaino-chain-head-service/src/service.rs:426
1791660378.797006 runnervmmprz5 zainod-0.9.0[2988]:     in zaino_chain_head_service::service::ChainHeadService::tick
1791660378.798366 runnervmmprz5 zainod-0.9.0[2988]:   19:26:18.798  INFO zaino_chain_head_service::service: Syncing block, height: 4382742, hash: 00002d90e71641d54aec85bbebee635f91b1f0a26d9d1c9a1535263b6848e3f8
1791660378.798366 runnervmmprz5 zainod-0.9.0[2988]:     at packages/zaino-chain-head-service/src/service.rs:426
1791660378.798366 runnervmmprz5 zainod-0.9.0[2988]:     in zaino_chain_head_service::service::ChainHeadService::tick
1791660378.799451 runnervmmprz5 zainod-0.9.0[2988]:   19:26:18.799  INFO zaino_chain_head_service::service: Syncing block, height: 4382743, hash: 00000daa100bb06eb49db56fbc309deac618e6588d5757b288708d8e9f05acfb
1791660378.799451 runnervmmprz5 zainod-0.9.0[2988]:     at packages/zaino-chain-head-service/src/service.rs:426
1791660378.799451 runnervmmprz5 zainod-0.9.0[2988]:     in zaino_chain_head_service::service::ChainHeadService::tick
1791660378.802372 runnervmmprz5 zainod-0.9.0[2988]:   19:26:18.802  INFO zaino_chain_head_service::service: Syncing block, height: 4382744, hash: 00002375cdac0469a29db1b47454dc3d6e47c3db9206b4a953b8d6aa7108adea
1791660378.802372 runnervmmprz5 zainod-0.9.0[2988]:     at packages/zaino-chain-head-service/src/service.rs:426
1791660378.802372 runnervmmprz5 zainod-0.9.0[2988]:     in zaino_chain_head_service::service::ChainHeadService::tick
1791660378.811249 runnervmmprz5 zainod-0.9.0[2988]:   19:26:18.811  INFO zaino_chain_head_service::service: Syncing block, height: 4382745, hash: 0000295730045485e9d2ed22618d3b781ab291d1d7c23adbc034b7f90a02a321
1791660378.811249 runnervmmprz5 zainod-0.9.0[2988]:     at packages/zaino-chain-head-service/src/service.rs:426
1791660378.811249 runnervmmprz5 zainod-0.9.0[2988]:     in zaino_chain_head_service::service::ChainHeadService::tick
1791660378.812025 runnervmmprz5 zainod-0.9.0[2988]:   19:26:18.811  INFO zaino_chain_head_service::service: Syncing block, height: 4382746, hash: 00002ed1d1b9ed6f44d55de1e448051211c102b7a5b008f1c7289cc8532cf79a
1791660378.812025 runnervmmprz5 zainod-0.9.0[2988]:     at packages/zaino-chain-head-service/src/service.rs:426
1791660378.812025 runnervmmprz5 zainod-0.9.0[2988]:     in zaino_chain_head_service::service::ChainHeadService::tick
1791660378.814325 runnervmmprz5 zainod-0.9.0[2988]:   19:26:18.814  INFO zaino_chain_head_service::service: Syncing block, height: 4382747, hash: 00001c480a9f38e5cba890bbde7f4a881d88eefe4ad7b9320a30988c0ff1817d
1791660378.814325 runnervmmprz5 zainod-0.9.0[2988]:     at packages/zaino-chain-head-service/src/service.rs:426
1791660378.814325 runnervmmprz5 zainod-0.9.0[2988]:     in zaino_chain_head_service::service::ChainHeadService::tick
1791660378.815686 runnervmmprz5 zainod-0.9.0[2988]:   19:26:18.815  INFO zaino_chain_head_service::service: Syncing block, height: 4382748, hash: 000021a0670e6119eca2f77cdab587c9f07869a0b96d498d558e551b321816a6
1791660378.815686 runnervmmprz5 zainod-0.9.0[2988]:     at packages/zaino-chain-head-service/src/service.rs:426
1791660378.815686 runnervmmprz5 zainod-0.9.0[2988]:     in zaino_chain_head_service::service::ChainHeadService::tick
1791660378.817061 runnervmmprz5 zainod-0.9.0[2988]:   19:26:18.817  INFO zaino_chain_head_service::service: Syncing block, height: 4382749, hash: 00000fab17aad1f9e33291d3c0ef0dc72c99f04ebba54cc80db3be09d677ea54
1791660378.817061 runnervmmprz5 zainod-0.9.0[2988]:     at packages/zaino-chain-head-service/src/service.rs:426
1791660378.817061 runnervmmprz5 zainod-0.9.0[2988]:     in zaino_chain_head_service::service::ChainHeadService::tick
1791660378.817507 runnervmmprz5 zainod-0.9.0[2988]:   19:26:18.817  INFO zaino_chain_head_service::service: Syncing block, height: 4382750, hash: 000029288fb450ea9ee8b69e45afe2e2df6eacdbc4be57546153f48668d86b8a
1791660378.817507 runnervmmprz5 zainod-0.9.0[2988]:     at packages/zaino-chain-head-service/src/service.rs:426
1791660378.817507 runnervmmprz5 zainod-0.9.0[2988]:     in zaino_chain_head_service::service::ChainHeadService::tick
1791660378.818355 runnervmmprz5 zainod-0.9.0[2988]:   19:26:18.818  INFO zaino_chain_head_service::service: Syncing block, height: 4382751, hash: 00001c06638768fd4bb3753d8b7999ba24078c2a736f1d3aec50022cea9a4cd0
1791660378.818355 runnervmmprz5 zainod-0.9.0[2988]:     at packages/zaino-chain-head-service/src/service.rs:426
1791660378.818355 runnervmmprz5 zainod-0.9.0[2988]:     in zaino_chain_head_service::service::ChainHeadService::tick
1791660378.819119 runnervmmprz5 zainod-0.9.0[2988]:   19:26:18.819  INFO zaino_chain_head_service::service: Syncing block, height: 4382752, hash: 000026a3d4f7509b2fbbfc6d7e9bb8cfd670244ecfa01ceb64ca1bce66c8decd
1791660378.819119 runnervmmprz5 zainod-0.9.0[2988]:     at packages/zaino-chain-head-service/src/service.rs:426
1791660378.819119 runnervmmprz5 zainod-0.9.0[2988]:     in zaino_chain_head_service::service::ChainHeadService::tick
1791660378.820219 runnervmmprz5 zainod-0.9.0[2988]:   19:26:18.820  INFO zaino_chain_head_service::service: Syncing block, height: 4382753, hash: 00001596e7a26e8fa7d75b19732630aef9d1572204e9f1bd197ba0e6373c521d
1791660378.820219 runnervmmprz5 zainod-0.9.0[2988]:     at packages/zaino-chain-head-service/src/service.rs:426
1791660378.820219 runnervmmprz5 zainod-0.9.0[2988]:     in zaino_chain_head_service::service::ChainHeadService::tick
1791660378.821225 runnervmmprz5 zainod-0.9.0[2988]:   19:26:18.821  INFO zaino_chain_head_service::service: Syncing block, height: 4382754, hash: 00001db6da61e2c4879ef4f9620b857f5b20dedc59093d58b234a7eff5283a26
1791660378.821225 runnervmmprz5 zainod-0.9.0[2988]:     at packages/zaino-chain-head-service/src/service.rs:426
1791660378.821225 runnervmmprz5 zainod-0.9.0[2988]:     in zaino_chain_head_service::service::ChainHeadService::tick
1791660378.822825 runnervmmprz5 zainod-0.9.0[2988]:   19:26:18.822  INFO zaino_chain_head_service::service: Syncing block, height: 4382755, hash: 00002366812ce44514947310bf48fc816b8f609f96ab8f40cc02455d740d5be5
1791660378.822825 runnervmmprz5 zainod-0.9.0[2988]:     at packages/zaino-chain-head-service/src/service.rs:426
1791660378.822825 runnervmmprz5 zainod-0.9.0[2988]:     in zaino_chain_head_service::service::ChainHeadService::tick
1791660378.823523 runnervmmprz5 zainod-0.9.0[2988]:   19:26:18.823  INFO zaino_chain_head_service::service: Syncing block, height: 4382756, hash: 0000285a2c514784c1c3acb6e1c86dc90b3de2b2c3f64d145f6761a48ac706d6
1791660378.823523 runnervmmprz5 zainod-0.9.0[2988]:     at packages/zaino-chain-head-service/src/service.rs:426
1791660378.823523 runnervmmprz5 zainod-0.9.0[2988]:     in zaino_chain_head_service::service::ChainHeadService::tick
1791660378.824410 runnervmmprz5 zainod-0.9.0[2988]:   19:26:18.824  INFO zaino_chain_head_service::service: Syncing block, height: 4382757, hash: 000018d06bcb38847aa35d81fc264cfc4fc561e85e4f8cc32b85ee6b5732787e
1791660378.824410 runnervmmprz5 zainod-0.9.0[2988]:     at packages/zaino-chain-head-service/src/service.rs:426
1791660378.824410 runnervmmprz5 zainod-0.9.0[2988]:     in zaino_chain_head_service::service::ChainHeadService::tick
1791660378.825759 runnervmmprz5 zainod-0.9.0[2988]:   19:26:18.825  INFO zaino_chain_head_service::service: Syncing block, height: 4382758, hash: 000012e663dc1fe9aadf26b44332185564c1e80c832a5b3a4618a4f8cc0887b5
1791660378.825759 runnervmmprz5 zainod-0.9.0[2988]:     at packages/zaino-chain-head-service/src/service.rs:426
1791660378.825759 runnervmmprz5 zainod-0.9.0[2988]:     in zaino_chain_head_service::service::ChainHeadService::tick
1791660378.826847 runnervmmprz5 zainod-0.9.0[2988]:   19:26:18.826  INFO zaino_chain_head_service::service: Syncing block, height: 4382759, hash: 000014640e7e03683bfd8278da0e2a5c0c51e5768b70dd2ba07e0ba1a21bcfe2
1791660378.826847 runnervmmprz5 zainod-0.9.0[2988]:     at packages/zaino-chain-head-service/src/service.rs:426
1791660378.826847 runnervmmprz5 zainod-0.9.0[2988]:     in zaino_chain_head_service::service::ChainHeadService::tick
1791660378.827753 runnervmmprz5 zainod-0.9.0[2988]:   19:26:18.827  INFO zaino_chain_head_service::service: Syncing block, height: 4382760, hash: 00000e6a0582259ac265a88be504b83bfa8208e9f096bcc0db3f055c86c815b4
1791660378.827753 runnervmmprz5 zainod-0.9.0[2988]:     at packages/zaino-chain-head-service/src/service.rs:426
1791660378.827753 runnervmmprz5 zainod-0.9.0[2988]:     in zaino_chain_head_service::service::ChainHeadService::tick
1791660378.828991 runnervmmprz5 zainod-0.9.0[2988]:   19:26:18.828  INFO zaino_chain_head_service::service: Syncing block, height: 4382761, hash: 00002594dd00f7160a03e5abeed2643e6e0f64393a43715d7389fe9ad5d58572
1791660378.828991 runnervmmprz5 zainod-0.9.0[2988]:     at packages/zaino-chain-head-service/src/service.rs:426
1791660378.828991 runnervmmprz5 zainod-0.9.0[2988]:     in zaino_chain_head_service::service::ChainHeadService::tick
1791660378.829922 runnervmmprz5 zainod-0.9.0[2988]:   19:26:18.829  INFO zaino_chain_head_service::service: Syncing block, height: 4382762, hash: 000020b0b1ed2c69473628f6de772f4980fb612eca3613208e17037afac5c214
1791660378.829922 runnervmmprz5 zainod-0.9.0[2988]:     at packages/zaino-chain-head-service/src/service.rs:426
1791660378.829922 runnervmmprz5 zainod-0.9.0[2988]:     in zaino_chain_head_service::service::ChainHeadService::tick
1791660378.831225 runnervmmprz5 zainod-0.9.0[2988]:   19:26:18.831  INFO zaino_chain_head_service::service: Syncing block, height: 4382763, hash: 0000191da29c98fc1f741366593072219de61f4ffd9a15f142a50cd9b9c9e769
1791660378.831225 runnervmmprz5 zainod-0.9.0[2988]:     at packages/zaino-chain-head-service/src/service.rs:426
1791660378.831225 runnervmmprz5 zainod-0.9.0[2988]:     in zaino_chain_head_service::service::ChainHeadService::tick
1791660378.831807 runnervmmprz5 zainod-0.9.0[2988]:   19:26:18.831  INFO zaino_chain_head_service::service: Syncing block, height: 4382764, hash: 00000add67a638d325ea9befa1ae3ae62d5ec40e06deb75c561843d65fe57d9b
1791660378.831807 runnervmmprz5 zainod-0.9.0[2988]:     at packages/zaino-chain-head-service/src/service.rs:426
1791660378.831807 runnervmmprz5 zainod-0.9.0[2988]:     in zaino_chain_head_service::service::ChainHeadService::tick
1791660378.832459 runnervmmprz5 zainod-0.9.0[2988]:   19:26:18.832  INFO zaino_chain_head_service::service: Syncing block, height: 4382765, hash: 00001e3041c6b233e6863b5f8cbe4eea14156c2f10fe835309f82dca2940911c
1791660378.832459 runnervmmprz5 zainod-0.9.0[2988]:     at packages/zaino-chain-head-service/src/service.rs:426
1791660378.832459 runnervmmprz5 zainod-0.9.0[2988]:     in zaino_chain_head_service::service::ChainHeadService::tick
1791660378.833884 runnervmmprz5 zainod-0.9.0[2988]:   19:26:18.833  INFO zaino_chain_head_service::service: Syncing block, height: 4382766, hash: 0000040556297e9436468784cd77a9b20a71b947c3a9def0740db3d2cddf6f9b
1791660378.833884 runnervmmprz5 zainod-0.9.0[2988]:     at packages/zaino-chain-head-service/src/service.rs:426
1791660378.833884 runnervmmprz5 zainod-0.9.0[2988]:     in zaino_chain_head_service::service::ChainHeadService::tick
1791660378.834643 runnervmmprz5 zainod-0.9.0[2988]:   19:26:18.834  INFO zaino_chain_head_service::service: Syncing block, height: 4382767, hash: 0000170194ca97ac699487acb4536be8993c45ce1b3de963efa21ef3ec933bb6
1791660378.834643 runnervmmprz5 zainod-0.9.0[2988]:     at packages/zaino-chain-head-service/src/service.rs:426
1791660378.834643 runnervmmprz5 zainod-0.9.0[2988]:     in zaino_chain_head_service::service::ChainHeadService::tick
1791660378.835611 runnervmmprz5 zainod-0.9.0[2988]:   19:26:18.835  INFO zaino_chain_head_service::service: Syncing block, height: 4382768, hash: 00001b5e96b9c0f597b50895c81320908060b7f6b3c7106a0edd59882ed203f0
1791660378.835611 runnervmmprz5 zainod-0.9.0[2988]:     at packages/zaino-chain-head-service/src/service.rs:426
1791660378.835611 runnervmmprz5 zainod-0.9.0[2988]:     in zaino_chain_head_service::service::ChainHeadService::tick
1791660378.836402 runnervmmprz5 zainod-0.9.0[2988]:   19:26:18.836  INFO zaino_chain_head_service::service: Syncing block, height: 4382769, hash: 000001e057a2514db534056438637cc86e25ff86f89df60a10f445928138c938
1791660378.836402 runnervmmprz5 zainod-0.9.0[2988]:     at packages/zaino-chain-head-service/src/service.rs:426
1791660378.836402 runnervmmprz5 zainod-0.9.0[2988]:     in zaino_chain_head_service::service::ChainHeadService::tick
1791660378.837133 runnervmmprz5 zainod-0.9.0[2988]:   19:26:18.837  INFO zaino_chain_head_service::service: Syncing block, height: 4382770, hash: 00001dc376aaddf2e609e3b27af979a69c150a6f67431969d4043e3e682c8a42
1791660378.837133 runnervmmprz5 zainod-0.9.0[2988]:     at packages/zaino-chain-head-service/src/service.rs:426
1791660378.837133 runnervmmprz5 zainod-0.9.0[2988]:     in zaino_chain_head_service::service::ChainHeadService::tick
1791660378.837970 runnervmmprz5 zainod-0.9.0[2988]:   19:26:18.837  INFO zaino_chain_head_service::service: Syncing block, height: 4382771, hash: 0000137a2d8dd9c8940f9956bb5f5271b7cb7e62b61979dc8c2592293eb79164
1791660378.837970 runnervmmprz5 zainod-0.9.0[2988]:     at packages/zaino-chain-head-service/src/service.rs:426
1791660378.837970 runnervmmprz5 zainod-0.9.0[2988]:     in zaino_chain_head_service::service::ChainHeadService::tick
1791660378.839436 runnervmmprz5 zainod-0.9.0[2988]:   19:26:18.839  INFO zaino_chain_head_service::service: Syncing block, height: 4382772, hash: 05b569910c1e56447142033cf0ccc43424137a49e8cd0e06a9458088e9aad496
1791660378.839436 runnervmmprz5 zainod-0.9.0[2988]:     at packages/zaino-chain-head-service/src/service.rs:426
1791660378.839436 runnervmmprz5 zainod-0.9.0[2988]:     in zaino_chain_head_service::service::ChainHeadService::tick
1791660378.840247 runnervmmprz5 zainod-0.9.0[2988]:   19:26:18.840  INFO zaino_chain_head_service::service: Syncing block, height: 4382773, hash: 00006d5efd6cce1b91891728ea2ddbddfa4809fbdd0c4e59a3d84dbf8ef1e87e
1791660378.840247 runnervmmprz5 zainod-0.9.0[2988]:     at packages/zaino-chain-head-service/src/service.rs:426
1791660378.840247 runnervmmprz5 zainod-0.9.0[2988]:     in zaino_chain_head_service::service::ChainHeadService::tick
1791660378.841273 runnervmmprz5 zainod-0.9.0[2988]:   19:26:18.841  INFO zaino_chain_head_service::service: Syncing block, height: 4382774, hash: 005746ee10f0277f3decc95dbef0fdf5f9dc60f8ae7739dc35dd40cc10ed8c2a
1791660378.841273 runnervmmprz5 zainod-0.9.0[2988]:     at packages/zaino-chain-head-service/src/service.rs:426
1791660378.841273 runnervmmprz5 zainod-0.9.0[2988]:     in zaino_chain_head_service::service::ChainHeadService::tick
1791660378.842425 runnervmmprz5 zainod-0.9.0[2988]:   19:26:18.842  INFO zaino_chain_head_service::service: Syncing block, height: 4382775, hash: 00200988b45736064d651b3ba6e83171cdf8d698193f22076cd1aa30da80a918
1791660378.842425 runnervmmprz5 zainod-0.9.0[2988]:     at packages/zaino-chain-head-service/src/service.rs:426
1791660378.842425 runnervmmprz5 zainod-0.9.0[2988]:     in zaino_chain_head_service::service::ChainHeadService::tick
1791660378.843847 runnervmmprz5 zainod-0.9.0[2988]:   19:26:18.843  INFO zaino_chain_head_service::service: Syncing block, height: 4382776, hash: 000a0ec643ce4c3b2353d9a53f604351f349b3dc7d9008745d7bb3638bff367d
1791660378.843847 runnervmmprz5 zainod-0.9.0[2988]:     at packages/zaino-chain-head-service/src/service.rs:426
1791660378.843847 runnervmmprz5 zainod-0.9.0[2988]:     in zaino_chain_head_service::service::ChainHeadService::tick
1791660378.844619 runnervmmprz5 zainod-0.9.0[2988]:   19:26:18.844  INFO zaino_chain_head_service::service: Syncing block, height: 4382777, hash: 0000400e5850f4666d0cff9758a7b8bc0472cf17465ff0ebd392bead7841871c
1791660378.844619 runnervmmprz5 zainod-0.9.0[2988]:     at packages/zaino-chain-head-service/src/service.rs:426
1791660378.844619 runnervmmprz5 zainod-0.9.0[2988]:     in zaino_chain_head_service::service::ChainHeadService::tick
1791660378.845981 runnervmmprz5 zainod-0.9.0[2988]:   19:26:18.845  INFO zaino_chain_head_service::service: Syncing block, height: 4382778, hash: 002fd2ed45d5efd070e7d82ccf79457ea3c25c9d60e1d6d34634c10932682f9d
1791660378.845981 runnervmmprz5 zainod-0.9.0[2988]:     at packages/zaino-chain-head-service/src/service.rs:426
1791660378.845981 runnervmmprz5 zainod-0.9.0[2988]:     in zaino_chain_head_service::service::ChainHeadService::tick
1791660378.848077 runnervmmprz5 zainod-0.9.0[2988]:   19:26:18.848  INFO zaino_chain_head_service::service: Syncing block, height: 4382779, hash: 002329e8516e1e7f804f1e664291265465f9433c1ee72bbabc0d4bb73100982c
1791660378.848077 runnervmmprz5 zainod-0.9.0[2988]:     at packages/zaino-chain-head-service/src/service.rs:426
1791660378.848077 runnervmmprz5 zainod-0.9.0[2988]:     in zaino_chain_head_service::service::ChainHeadService::tick
1791660378.849885 runnervmmprz5 zainod-0.9.0[2988]:   19:26:18.849  INFO zaino_chain_head_service::service: Syncing block, height: 4382780, hash: 004c85912fdeea99bdc19510d93396c11dc4c9f4298f5018aa7f25d463c6eff6
1791660378.849885 runnervmmprz5 zainod-0.9.0[2988]:     at packages/zaino-chain-head-service/src/service.rs:426
1791660378.849885 runnervmmprz5 zainod-0.9.0[2988]:     in zaino_chain_head_service::service::ChainHeadService::tick
1791660378.851256 runnervmmprz5 zainod-0.9.0[2988]:   19:26:18.851  INFO zaino_chain_head_service::service: Syncing block, height: 4382781, hash: 005d8d54d5439ebf5f29bae7a53742625d8b1f43be107c1446d141aa24e50888
1791660378.851256 runnervmmprz5 zainod-0.9.0[2988]:     at packages/zaino-chain-head-service/src/service.rs:426
1791660378.851256 runnervmmprz5 zainod-0.9.0[2988]:     in zaino_chain_head_service::service::ChainHeadService::tick
1791660378.852834 runnervmmprz5 zainod-0.9.0[2988]:   19:26:18.852  INFO zaino_chain_head_service::service: Syncing block, height: 4382782, hash: 00082f5cf8e761b8b942658bb6da1fa1aa4cca6a0aea321c2f19ce63a0b271dc
1791660378.852834 runnervmmprz5 zainod-0.9.0[2988]:     at packages/zaino-chain-head-service/src/service.rs:426
1791660378.852834 runnervmmprz5 zainod-0.9.0[2988]:     in zaino_chain_head_service::service::ChainHeadService::tick
1791660378.854555 runnervmmprz5 zainod-0.9.0[2988]:   19:26:18.854  INFO zaino_chain_head_service::service: Syncing block, height: 4382783, hash: 005bf1c5c5e4b1faecdeaaf4b5179ee791fddfe4ffabfce40ab0810ddebc762c
1791660378.854555 runnervmmprz5 zainod-0.9.0[2988]:     at packages/zaino-chain-head-service/src/service.rs:426
1791660378.854555 runnervmmprz5 zainod-0.9.0[2988]:     in zaino_chain_head_service::service::ChainHeadService::tick
1791660378.856321 runnervmmprz5 zainod-0.9.0[2988]:   19:26:18.855  INFO zaino_chain_head_service::service: Syncing block, height: 4382784, hash: 0038265a8489d4a6ef6b6a98f1e5aac1fa8f725ee560efaf5d5b4fb0fb77a157
1791660378.856321 runnervmmprz5 zainod-0.9.0[2988]:     at packages/zaino-chain-head-service/src/service.rs:426
1791660378.856321 runnervmmprz5 zainod-0.9.0[2988]:     in zaino_chain_head_service::service::ChainHeadService::tick
1791660378.857140 runnervmmprz5 zainod-0.9.0[2988]:   19:26:18.856  INFO zaino_chain_head_service::service: Syncing block, height: 4382785, hash: 00006aedd8cf1d6a0247c3efa85d775c35f20b8d951c393b0f314dba208fc269
1791660378.857140 runnervmmprz5 zainod-0.9.0[2988]:     at packages/zaino-chain-head-service/src/service.rs:426
1791660378.857140 runnervmmprz5 zainod-0.9.0[2988]:     in zaino_chain_head_service::service::ChainHeadService::tick
1791660378.858521 runnervmmprz5 zainod-0.9.0[2988]:   19:26:18.858  INFO zaino_chain_head_service::service: Syncing block, height: 4382786, hash: 0083216be98c0b5460a8780a1a66851678856c74c3a5721898e9dc950c22b207
1791660378.858521 runnervmmprz5 zainod-0.9.0[2988]:     at packages/zaino-chain-head-service/src/service.rs:426
1791660378.858521 runnervmmprz5 zainod-0.9.0[2988]:     in zaino_chain_head_service::service::ChainHeadService::tick
1791660378.859914 runnervmmprz5 zainod-0.9.0[2988]:   19:26:18.859  INFO zaino_chain_head_service::service: Syncing block, height: 4382787, hash: 004af6c9861275edab26121a82a3cd8b272104db7c35f58b85f58cf0ba650966
1791660378.859914 runnervmmprz5 zainod-0.9.0[2988]:     at packages/zaino-chain-head-service/src/service.rs:426
1791660378.859914 runnervmmprz5 zainod-0.9.0[2988]:     in zaino_chain_head_service::service::ChainHeadService::tick
1791660378.861258 runnervmmprz5 zainod-0.9.0[2988]:   19:26:18.861  INFO zaino_chain_head_service::service: Syncing block, height: 4382788, hash: 00a6379b06e0acb50959c5bce8d1f28de95cf1f530b859d8f4bbe3ca78f9e7ab
1791660378.861258 runnervmmprz5 zainod-0.9.0[2988]:     at packages/zaino-chain-head-service/src/service.rs:426
1791660378.861258 runnervmmprz5 zainod-0.9.0[2988]:     in zaino_chain_head_service::service::ChainHeadService::tick
1791660378.863074 runnervmmprz5 zainod-0.9.0[2988]:   19:26:18.863  INFO zaino_chain_head_service::service: Syncing block, height: 4382789, hash: 00d26407ea0ce2c6f1e9de24cfc0784ebd09c9777f9f9746fecc86db02ac4cec
1791660378.863074 runnervmmprz5 zainod-0.9.0[2988]:     at packages/zaino-chain-head-service/src/service.rs:426
1791660378.863074 runnervmmprz5 zainod-0.9.0[2988]:     in zaino_chain_head_service::service::ChainHeadService::tick
1791660378.864606 runnervmmprz5 zainod-0.9.0[2988]:   19:26:18.864  INFO zaino_chain_head_service::service: Syncing block, height: 4382790, hash: 006bc305b9b01ff1a93836bfcd82f1b89caa65eb62b3a92431c57551eb82ebfd
1791660378.864606 runnervmmprz5 zainod-0.9.0[2988]:     at packages/zaino-chain-head-service/src/service.rs:426
1791660378.864606 runnervmmprz5 zainod-0.9.0[2988]:     in zaino_chain_head_service::service::ChainHeadService::tick
1791660378.865720 runnervmmprz5 zainod-0.9.0[2988]:   19:26:18.865  INFO zaino_chain_head_service::service: Syncing block, height: 4382791, hash: 000c1d296ef83ebd4f29a27d5eff6796ea134b32e3c9b40eb552f34a0f525913
1791660378.865720 runnervmmprz5 zainod-0.9.0[2988]:     at packages/zaino-chain-head-service/src/service.rs:426
1791660378.865720 runnervmmprz5 zainod-0.9.0[2988]:     in zaino_chain_head_service::service::ChainHeadService::tick
1791660378.866581 runnervmmprz5 zainod-0.9.0[2988]:   19:26:18.866  INFO zaino_chain_head_service::service: Syncing block, height: 4382792, hash: 003c64caf15c375e2eda9ed56a52b2962266ecd87ef671330b697973d7eeda3f
1791660378.866581 runnervmmprz5 zainod-0.9.0[2988]:     at packages/zaino-chain-head-service/src/service.rs:426
1791660378.866581 runnervmmprz5 zainod-0.9.0[2988]:     in zaino_chain_head_service::service::ChainHeadService::tick
1791660378.869642 runnervmmprz5 zainod-0.9.0[2988]:   19:26:18.869  INFO zaino_chain_head_service::service: Syncing block, height: 4382793, hash: 005fc0c18fab600ff85d0150d596dffc6feef2a02c4d2ffd67fee89d6cda88d8
1791660378.869642 runnervmmprz5 zainod-0.9.0[2988]:     at packages/zaino-chain-head-service/src/service.rs:426
1791660378.869642 runnervmmprz5 zainod-0.9.0[2988]:     in zaino_chain_head_service::service::ChainHeadService::tick
1791660378.870833 runnervmmprz5 zainod-0.9.0[2988]:   19:26:18.870  INFO zaino_chain_head_service::service: Syncing block, height: 4382794, hash: 0025b9c626743c5024c905e3891f4b0d942c6f0700be4e587734b5db06beccf1
1791660378.870833 runnervmmprz5 zainod-0.9.0[2988]:     at packages/zaino-chain-head-service/src/service.rs:426
1791660378.870833 runnervmmprz5 zainod-0.9.0[2988]:     in zaino_chain_head_service::service::ChainHeadService::tick
1791660378.872079 runnervmmprz5 zainod-0.9.0[2988]:   19:26:18.871  INFO zaino_chain_head_service::service: Syncing block, height: 4382795, hash: 003542c6a46daad26e96ca0bfaaf1648df93e99df7a47d1c85bd1702f4971a40
1791660378.872079 runnervmmprz5 zainod-0.9.0[2988]:     at packages/zaino-chain-head-service/src/service.rs:426
1791660378.872079 runnervmmprz5 zainod-0.9.0[2988]:     in zaino_chain_head_service::service::ChainHeadService::tick
1791660378.872878 runnervmmprz5 zainod-0.9.0[2988]:   19:26:18.872  INFO zaino_chain_head_service::service: Syncing block, height: 4382796, hash: 000020ebf8920f626fc63ea82dca8100f6cdf6247d5d844ef0bb0bf32a89e61f
1791660378.872878 runnervmmprz5 zainod-0.9.0[2988]:     at packages/zaino-chain-head-service/src/service.rs:426
1791660378.872878 runnervmmprz5 zainod-0.9.0[2988]:     in zaino_chain_head_service::service::ChainHeadService::tick
1791660378.874591 runnervmmprz5 zainod-0.9.0[2988]:   19:26:18.874  INFO zaino_chain_head_service::service: Syncing block, height: 4382797, hash: 005fcbb2921b64191535e49eb788b8d83848043ab2f46ef1c220621f85822227
1791660378.874591 runnervmmprz5 zainod-0.9.0[2988]:     at packages/zaino-chain-head-service/src/service.rs:426
1791660378.874591 runnervmmprz5 zainod-0.9.0[2988]:     in zaino_chain_head_service::service::ChainHeadService::tick
1791660378.875523 runnervmmprz5 zainod-0.9.0[2988]:   19:26:18.875  INFO zaino_chain_head_service::service: Syncing block, height: 4382798, hash: 002cde7a261764ceab363d23e95b5535bb80d96f6f4c5267b8f3eb586931fb47
1791660378.875523 runnervmmprz5 zainod-0.9.0[2988]:     at packages/zaino-chain-head-service/src/service.rs:426
1791660378.875523 runnervmmprz5 zainod-0.9.0[2988]:     in zaino_chain_head_service::service::ChainHeadService::tick
1791660378.876455 runnervmmprz5 zainod-0.9.0[2988]:   19:26:18.876  INFO zaino_chain_head_service::service: Syncing block, height: 4382799, hash: 0000303b46ac912dc77b5c697c967589b4fa5282e6d1ec025fc38767c129bd71
1791660378.876455 runnervmmprz5 zainod-0.9.0[2988]:     at packages/zaino-chain-head-service/src/service.rs:426
1791660378.876455 runnervmmprz5 zainod-0.9.0[2988]:     in zaino_chain_head_service::service::ChainHeadService::tick
1791660378.877837 runnervmmprz5 zainod-0.9.0[2988]:   19:26:18.877  INFO zaino_chain_head_service::service: Syncing block, height: 4382800, hash: 008bf4427b2587e977a99cd11f6b74a33c579f8bec83d8b729641386ad271e3e
1791660378.877837 runnervmmprz5 zainod-0.9.0[2988]:     at packages/zaino-chain-head-service/src/service.rs:426
1791660378.877837 runnervmmprz5 zainod-0.9.0[2988]:     in zaino_chain_head_service::service::ChainHeadService::tick
1791660378.879421 runnervmmprz5 zainod-0.9.0[2988]:   19:26:18.879  INFO zaino_chain_head_service::service: Syncing block, height: 4382801, hash: 005c2b4efeea82a913971401eeb0f9eb1201634be6a8cef36296de7a4947240e
1791660378.879421 runnervmmprz5 zainod-0.9.0[2988]:     at packages/zaino-chain-head-service/src/service.rs:426
1791660378.879421 runnervmmprz5 zainod-0.9.0[2988]:     in zaino_chain_head_service::service::ChainHeadService::tick
1791660378.881133 runnervmmprz5 zainod-0.9.0[2988]:   19:26:18.881  INFO zaino_chain_head_service::service: Syncing block, height: 4382802, hash: 0005941f7a492361bb353f93177efd4c51324fbd311d2367fe8144a915afddc2
1791660378.881133 runnervmmprz5 zainod-0.9.0[2988]:     at packages/zaino-chain-head-service/src/service.rs:426
1791660378.881133 runnervmmprz5 zainod-0.9.0[2988]:     in zaino_chain_head_service::service::ChainHeadService::tick
1791660378.883552 runnervmmprz5 zainod-0.9.0[2988]:   19:26:18.883  INFO zaino_chain_head_service::service: Syncing block, height: 4382803, hash: 0075a99f4d797d6b115f1770bfd1714dc2d122e4bf83936e3f2fa30013435e04
1791660378.883552 runnervmmprz5 zainod-0.9.0[2988]:     at packages/zaino-chain-head-service/src/service.rs:426
1791660378.883552 runnervmmprz5 zainod-0.9.0[2988]:     in zaino_chain_head_service::service::ChainHeadService::tick
1791660378.885565 runnervmmprz5 zainod-0.9.0[2988]:   19:26:18.885  INFO zaino_chain_head_service::service: Syncing block, height: 4382804, hash: 00362b2707994bee7f3e27ae028d1fc6b09c691502f295ce429c76f7ed90aba9
1791660378.885565 runnervmmprz5 zainod-0.9.0[2988]:     at packages/zaino-chain-head-service/src/service.rs:426
1791660378.885565 runnervmmprz5 zainod-0.9.0[2988]:     in zaino_chain_head_service::service::ChainHeadService::tick
1791660378.887068 runnervmmprz5 zainod-0.9.0[2988]:   19:26:18.887  INFO zaino_chain_head_service::service: Syncing block, height: 4382805, hash: 003ad4bc2716a442af6fbf514dbebcd40263cd51cd891f17322725b851146fd8
1791660378.887068 runnervmmprz5 zainod-0.9.0[2988]:     at packages/zaino-chain-head-service/src/service.rs:426
1791660378.887068 runnervmmprz5 zainod-0.9.0[2988]:     in zaino_chain_head_service::service::ChainHeadService::tick
1791660378.888521 runnervmmprz5 zainod-0.9.0[2988]:   19:26:18.888  INFO zaino_chain_head_service::service: Syncing block, height: 4382806, hash: 002b000673dc319ac30ebf4db33246540c33a34f230ddde8902262ea4e4c7985
1791660378.888521 runnervmmprz5 zainod-0.9.0[2988]:     at packages/zaino-chain-head-service/src/service.rs:426
1791660378.888521 runnervmmprz5 zainod-0.9.0[2988]:     in zaino_chain_head_service::service::ChainHeadService::tick
1791660378.890705 runnervmmprz5 zainod-0.9.0[2988]:   19:26:18.890  INFO zaino_chain_head_service::service: Syncing block, height: 4382807, hash: 005ce54b08cf342a7fbd192d3be53e5369ef49133ee8e25af3803fd1a15c1a73
1791660378.890705 runnervmmprz5 zainod-0.9.0[2988]:     at packages/zaino-chain-head-service/src/service.rs:426
1791660378.890705 runnervmmprz5 zainod-0.9.0[2988]:     in zaino_chain_head_service::service::ChainHeadService::tick
1791660378.891451 runnervmmprz5 zainod-0.9.0[2988]:   19:26:18.891  INFO zaino_chain_head_service::service: Syncing block, height: 4382808, hash: 00005b4d33f946f2f8f3fe864479112bc397ceb40c9220561e76839a0d07f3ba
1791660378.891451 runnervmmprz5 zainod-0.9.0[2988]:     at packages/zaino-chain-head-service/src/service.rs:426
1791660378.891451 runnervmmprz5 zainod-0.9.0[2988]:     in zaino_chain_head_service::service::ChainHeadService::tick
1791660378.892666 runnervmmprz5 zainod-0.9.0[2988]:   19:26:18.892  INFO zaino_chain_head_service::service: Syncing block, height: 4382809, hash: 0040ee343897073238b256443121f31c5ed7748775a92a698d7b156f02df139e
1791660378.892666 runnervmmprz5 zainod-0.9.0[2988]:     at packages/zaino-chain-head-service/src/service.rs:426
1791660378.892666 runnervmmprz5 zainod-0.9.0[2988]:     in zaino_chain_head_service::service::ChainHeadService::tick
1791660378.894181 runnervmmprz5 zainod-0.9.0[2988]:   19:26:18.894  INFO zaino_chain_head_service::service: Syncing block, height: 4382810, hash: 0064416aae269d3209328eacc7c6808e22f9850a97fba4043de6847146ca0c7d
1791660378.894181 runnervmmprz5 zainod-0.9.0[2988]:     at packages/zaino-chain-head-service/src/service.rs:426
1791660378.894181 runnervmmprz5 zainod-0.9.0[2988]:     in zaino_chain_head_service::service::ChainHeadService::tick
1791660378.896072 runnervmmprz5 zainod-0.9.0[2988]:   19:26:18.896  INFO zaino_chain_head_service::service: Syncing block, height: 4382811, hash: 00000cff777fb66883449d624821cc458842eebc430e1bb369dc8649df1086ac
1791660378.896072 runnervmmprz5 zainod-0.9.0[2988]:     at packages/zaino-chain-head-service/src/service.rs:426
1791660378.896072 runnervmmprz5 zainod-0.9.0[2988]:     in zaino_chain_head_service::service::ChainHeadService::tick
1791660378.899523 runnervmmprz5 zainod-0.9.0[2988]:   19:26:18.897  INFO zaino_chain_head_service::service: Syncing block, height: 4382812, hash: 0039ae2c169d1b9d77faee919af5bf6b3269740bdd7fe9635305b321c107d3e5
1791660378.899523 runnervmmprz5 zainod-0.9.0[2988]:     at packages/zaino-chain-head-service/src/service.rs:426
1791660378.899523 runnervmmprz5 zainod-0.9.0[2988]:     in zaino_chain_head_service::service::ChainHeadService::tick
1791660378.899523 runnervmmprz5 zainod-0.9.0[2988]:   19:26:18.898  INFO zaino_chain_head_service::service: Syncing block, height: 4382813, hash: 000067f95c86bcf3ec9956a2d297dc17fdc5b6f17ac6d646c1220290a0d2c777
1791660378.899523 runnervmmprz5 zainod-0.9.0[2988]:     at packages/zaino-chain-head-service/src/service.rs:426
1791660378.899523 runnervmmprz5 zainod-0.9.0[2988]:     in zaino_chain_head_service::service::ChainHeadService::tick
1791660378.899523 runnervmmprz5 zainod-0.9.0[2988]:   19:26:18.899  INFO zaino_chain_head_service::service: Syncing block, height: 4382814, hash: 004d3a785b1a0b6e2b32eb219a2a66eb121ba92e7f3950d9d33ae3ddaa4a2800
1791660378.899523 runnervmmprz5 zainod-0.9.0[2988]:     at packages/zaino-chain-head-service/src/service.rs:426
1791660378.899523 runnervmmprz5 zainod-0.9.0[2988]:     in zaino_chain_head_service::service::ChainHeadService::tick
1791660378.903119 runnervmmprz5 zainod-0.9.0[2988]:   19:26:18.899  INFO zaino_chain_head_service::service: Syncing block, height: 4382815, hash: 0000221762c60f746c4809166ecdeb249eceab7cc217f3fd6c3f55f8d47bd3b0
1791660378.903119 runnervmmprz5 zainod-0.9.0[2988]:     at packages/zaino-chain-head-service/src/service.rs:426
1791660378.903119 runnervmmprz5 zainod-0.9.0[2988]:     in zaino_chain_head_service::service::ChainHeadService::tick
1791660378.903119 runnervmmprz5 zainod-0.9.0[2988]:   19:26:18.900  INFO zaino_chain_head_service::service: Syncing block, height: 4382816, hash: 00007ee65e941810cf01396686fc177f8c6dabc4b8d1126082183beeebfc8c16
1791660378.903119 runnervmmprz5 zainod-0.9.0[2988]:     at packages/zaino-chain-head-service/src/service.rs:426
1791660378.903119 runnervmmprz5 zainod-0.9.0[2988]:     in zaino_chain_head_service::service::ChainHeadService::tick
1791660378.903119 runnervmmprz5 zainod-0.9.0[2988]:   19:26:18.902  INFO zaino_chain_head_service::service: Syncing block, height: 4382817, hash: 000020cabf1f0d0c7281f62a36bb808d4beb4c232d9aadd124bc5793a9b24476
1791660378.903119 runnervmmprz5 zainod-0.9.0[2988]:     at packages/zaino-chain-head-service/src/service.rs:426
1791660378.903119 runnervmmprz5 zainod-0.9.0[2988]:     in zaino_chain_head_service::service::ChainHeadService::tick
1791660378.904994 runnervmmprz5 zainod-0.9.0[2988]:   19:26:18.903  INFO zaino_chain_head_service::service: Syncing block, height: 4382818, hash: 00619eb8933a8a99531fea09d2662e76c13a45dd0c7842cae747735f3a7534f6
1791660378.904994 runnervmmprz5 zainod-0.9.0[2988]:     at packages/zaino-chain-head-service/src/service.rs:426
1791660378.904994 runnervmmprz5 zainod-0.9.0[2988]:     in zaino_chain_head_service::service::ChainHeadService::tick
1791660378.905499 runnervmmprz5 zainod-0.9.0[2988]:   19:26:18.905  INFO zaino_chain_head_service::service: Syncing block, height: 4382819, hash: 00007f84f90c38be4fcdd9a46708670e9b89dce84b15ecd15344480a289e9277
1791660378.905499 runnervmmprz5 zainod-0.9.0[2988]:     at packages/zaino-chain-head-service/src/service.rs:426
1791660378.905499 runnervmmprz5 zainod-0.9.0[2988]:     in zaino_chain_head_service::service::ChainHeadService::tick
1791660378.906870 runnervmmprz5 zainod-0.9.0[2988]:   19:26:18.906  INFO zaino_chain_head_service::service: Syncing block, height: 4382820, hash: 00006a972840e55f214fc55914c9b054fc5d23d2d2806b5c40ad6b217aca627c
1791660378.906870 runnervmmprz5 zainod-0.9.0[2988]:     at packages/zaino-chain-head-service/src/service.rs:426
1791660378.906870 runnervmmprz5 zainod-0.9.0[2988]:     in zaino_chain_head_service::service::ChainHeadService::tick
1791660378.907216 runnervmmprz5 zainod-0.9.0[2988]:   19:26:18.907  INFO zaino_chain_head_service::service: Syncing block, height: 4382821, hash: 00004a92a8c384a4429d66cdfa852e301d59d61ed29a6755c38ecd566ba7ed8d
1791660378.907216 runnervmmprz5 zainod-0.9.0[2988]:     at packages/zaino-chain-head-service/src/service.rs:426
1791660378.907216 runnervmmprz5 zainod-0.9.0[2988]:     in zaino_chain_head_service::service::ChainHeadService::tick
1791660378.908000 runnervmmprz5 zainod-0.9.0[2988]:   19:26:18.907  INFO zaino_chain_head_service::service: Syncing block, height: 4382822, hash: 00006846ae546f7a1a707370be77b7b14cba7162719c456537f6f8de6b9eb09d
1791660378.908000 runnervmmprz5 zainod-0.9.0[2988]:     at packages/zaino-chain-head-service/src/service.rs:426
1791660378.908000 runnervmmprz5 zainod-0.9.0[2988]:     in zaino_chain_head_service::service::ChainHeadService::tick
1791660378.910058 runnervmmprz5 zainod-0.9.0[2988]:   19:26:18.910  INFO zaino_chain_head_service::service: Syncing block, height: 4382823, hash: 00000c72e20fa238208a30045ec90f117c8a081c9b95d03ebfdff8742187661d
1791660378.910058 runnervmmprz5 zainod-0.9.0[2988]:     at packages/zaino-chain-head-service/src/service.rs:426
1791660378.910058 runnervmmprz5 zainod-0.9.0[2988]:     in zaino_chain_head_service::service::ChainHeadService::tick
1791660378.910705 runnervmmprz5 zainod-0.9.0[2988]:   19:26:18.910  INFO zaino_chain_head_service::service: Syncing block, height: 4382824, hash: 000066f0410c9262e61a5f99c9c2f2f79ad23d1375eb383ec3f287212c5699cb
1791660378.910705 runnervmmprz5 zainod-0.9.0[2988]:     at packages/zaino-chain-head-service/src/service.rs:426
1791660378.910705 runnervmmprz5 zainod-0.9.0[2988]:     in zaino_chain_head_service::service::ChainHeadService::tick
1791660378.911310 runnervmmprz5 zainod-0.9.0[2988]:   19:26:18.911  INFO zaino_chain_head_service::service: Syncing block, height: 4382825, hash: 0045b91714618bbc166e24245b3c5addd3f605b1144cf2c91a1e5d79e97edd4d
1791660378.911310 runnervmmprz5 zainod-0.9.0[2988]:     at packages/zaino-chain-head-service/src/service.rs:426
1791660378.911310 runnervmmprz5 zainod-0.9.0[2988]:     in zaino_chain_head_service::service::ChainHeadService::tick
1791660378.912466 runnervmmprz5 zainod-0.9.0[2988]:   19:26:18.912  INFO zaino_chain_head_service::service: Syncing block, height: 4382826, hash: 003a41046e1d2c1d780bdc20ce6e26d24d836afa1ab0cb57d6b6f1ba9604645b
1791660378.912466 runnervmmprz5 zainod-0.9.0[2988]:     at packages/zaino-chain-head-service/src/service.rs:426
1791660378.912466 runnervmmprz5 zainod-0.9.0[2988]:     in zaino_chain_head_service::service::ChainHeadService::tick
1791660378.913671 runnervmmprz5 zainod-0.9.0[2988]:   19:26:18.913  INFO zaino_chain_head_service::service: Syncing block, height: 4382827, hash: 00002e3e2c668b7793f8d39e4ee1decdfd0e456ef11450e868a2050d752f98ec
1791660378.913671 runnervmmprz5 zainod-0.9.0[2988]:     at packages/zaino-chain-head-service/src/service.rs:426
1791660378.913671 runnervmmprz5 zainod-0.9.0[2988]:     in zaino_chain_head_service::service::ChainHeadService::tick
1791660378.914458 runnervmmprz5 zainod-0.9.0[2988]:   19:26:18.914  INFO zaino_chain_head_service::service: Syncing block, height: 4382828, hash: 000024f062b1f0ed82ea6d86752412535f6605c176ba8d0f054abe56d053d57c
1791660378.914458 runnervmmprz5 zainod-0.9.0[2988]:     at packages/zaino-chain-head-service/src/service.rs:426
1791660378.914458 runnervmmprz5 zainod-0.9.0[2988]:     in zaino_chain_head_service::service::ChainHeadService::tick
1791660378.916170 runnervmmprz5 zainod-0.9.0[2988]:   19:26:18.916  INFO zaino_chain_head_service::service: Syncing block, height: 4382829, hash: 0000359ab073c7def75becd3962ec170af6a89a744fa45481c61799d8ec5801e
1791660378.916170 runnervmmprz5 zainod-0.9.0[2988]:     at packages/zaino-chain-head-service/src/service.rs:426
1791660378.916170 runnervmmprz5 zainod-0.9.0[2988]:     in zaino_chain_head_service::service::ChainHeadService::tick
1791660378.917308 runnervmmprz5 zainod-0.9.0[2988]:   19:26:18.916  INFO zaino_chain_head_service::service: Syncing block, height: 4382830, hash: 0000202d383c89723ab0de4eb95465184e35c28fbaf881f8d8d6d581a07fe7d0
1791660378.917308 runnervmmprz5 zainod-0.9.0[2988]:     at packages/zaino-chain-head-service/src/service.rs:426
1791660378.917308 runnervmmprz5 zainod-0.9.0[2988]:     in zaino_chain_head_service::service::ChainHeadService::tick
1791660378.918272 runnervmmprz5 zainod-0.9.0[2988]:   19:26:18.918  INFO zaino_chain_head_service::service: Syncing block, height: 4382831, hash: 000038c5991adc97b17abb5edcfd4ebe2aef1c65f14d345a17d00b2d9b4ddc12
1791660378.918272 runnervmmprz5 zainod-0.9.0[2988]:     at packages/zaino-chain-head-service/src/service.rs:426
1791660378.918272 runnervmmprz5 zainod-0.9.0[2988]:     in zaino_chain_head_service::service::ChainHeadService::tick
1791660378.919550 runnervmmprz5 zainod-0.9.0[2988]:   19:26:18.919  INFO zaino_chain_head_service::service: Syncing block, height: 4382832, hash: 000006ad243f04c3377e8379e7bdd0dd6fe55be434874cb37a06e0244ebb301a
1791660378.919550 runnervmmprz5 zainod-0.9.0[2988]:     at packages/zaino-chain-head-service/src/service.rs:426
1791660378.919550 runnervmmprz5 zainod-0.9.0[2988]:     in zaino_chain_head_service::service::ChainHeadService::tick
1791660378.919799 runnervmmprz5 zainod-0.9.0[2988]:   19:26:18.919  INFO zaino_chain_head_service::service: Syncing block, height: 4382833, hash: 00001d649a26e458b81612c72ae14ce6e6ca1895e3a1f9d9fbde1e5b07f3d304
1791660378.919799 runnervmmprz5 zainod-0.9.0[2988]:     at packages/zaino-chain-head-service/src/service.rs:426
1791660378.919799 runnervmmprz5 zainod-0.9.0[2988]:     in zaino_chain_head_service::service::ChainHeadService::tick
1791660378.920075 runnervmmprz5 zainod-0.9.0[2988]:   19:26:18.920  INFO zaino_chain_head_service::service: Syncing block, height: 4382834, hash: 00000b07698a02d6787f15e364a492c433bd2ac5fe1ae2bce82615674bf48066
1791660378.920075 runnervmmprz5 zainod-0.9.0[2988]:     at packages/zaino-chain-head-service/src/service.rs:426
1791660378.920075 runnervmmprz5 zainod-0.9.0[2988]:     in zaino_chain_head_service::service::ChainHeadService::tick
1791660378.921125 runnervmmprz5 zainod-0.9.0[2988]:   19:26:18.921  INFO zaino_chain_head_service::service: Syncing block, height: 4382835, hash: 00005adc1fd461e2999374dbc508d8253acd39813c7c42ccc1011959dea9443f
1791660378.921125 runnervmmprz5 zainod-0.9.0[2988]:     at packages/zaino-chain-head-service/src/service.rs:426
1791660378.921125 runnervmmprz5 zainod-0.9.0[2988]:     in zaino_chain_head_service::service::ChainHeadService::tick
1791660378.922360 runnervmmprz5 zainod-0.9.0[2988]:   19:26:18.922  INFO zaino_chain_head_service::service: Syncing block, height: 4382836, hash: 00003653afa2e83665b2d6e590eb7f02c64cc5fdb8189c1d06b50ce0de80c2e0
1791660378.922360 runnervmmprz5 zainod-0.9.0[2988]:     at packages/zaino-chain-head-service/src/service.rs:426
1791660378.922360 runnervmmprz5 zainod-0.9.0[2988]:     in zaino_chain_head_service::service::ChainHeadService::tick
1791660378.923210 runnervmmprz5 zainod-0.9.0[2988]:   19:26:18.923  INFO zaino_chain_head_service::service: Syncing block, height: 4382837, hash: 0000672144b3650b6579cba82b514ba810d96dfabdacc6fe646e4d6b8120aedb
1791660378.923210 runnervmmprz5 zainod-0.9.0[2988]:     at packages/zaino-chain-head-service/src/service.rs:426
1791660378.923210 runnervmmprz5 zainod-0.9.0[2988]:     in zaino_chain_head_service::service::ChainHeadService::tick
1791660378.924926 runnervmmprz5 zainod-0.9.0[2988]:   19:26:18.924  INFO zaino_chain_head_service::service: Syncing block, height: 4382838, hash: 00005cd721b326a88a46c3ddcbb2e5d163647cb03b18713fd6a44dff25ece1a6
1791660378.924926 runnervmmprz5 zainod-0.9.0[2988]:     at packages/zaino-chain-head-service/src/service.rs:426
1791660378.924926 runnervmmprz5 zainod-0.9.0[2988]:     in zaino_chain_head_service::service::ChainHeadService::tick
1791660378.926694 runnervmmprz5 zainod-0.9.0[2988]:   19:26:18.926  INFO zaino_chain_head_service::service: Syncing block, height: 4382839, hash: 000010e06da37394998a34ffd38211820204248cdb9556d351c51a5fc7e33568
1791660378.926694 runnervmmprz5 zainod-0.9.0[2988]:     at packages/zaino-chain-head-service/src/service.rs:426
1791660378.926694 runnervmmprz5 zainod-0.9.0[2988]:     in zaino_chain_head_service::service::ChainHeadService::tick
1791660378.927139 runnervmmprz5 zainod-0.9.0[2988]:   19:26:18.927  INFO zaino_chain_head_service::service: Syncing block, height: 4382840, hash: 000051a0ffcb0cade99ca97af65816024c8d2bea1079d48a21ab5afcfe27c77c
1791660378.927139 runnervmmprz5 zainod-0.9.0[2988]:     at packages/zaino-chain-head-service/src/service.rs:426
1791660378.927139 runnervmmprz5 zainod-0.9.0[2988]:     in zaino_chain_head_service::service::ChainHeadService::tick
1791660378.928165 runnervmmprz5 zainod-0.9.0[2988]:   19:26:18.928  INFO zaino_chain_head_service::service: Syncing block, height: 4382841, hash: 000013e3b42c12a3760b89b0ed91322cac4676bc56ab2b9f543ec57df181a997
1791660378.928165 runnervmmprz5 zainod-0.9.0[2988]:     at packages/zaino-chain-head-service/src/service.rs:426
1791660378.928165 runnervmmprz5 zainod-0.9.0[2988]:     in zaino_chain_head_service::service::ChainHeadService::tick
1791660378.929011 runnervmmprz5 zainod-0.9.0[2988]:   19:26:18.928  INFO zaino_chain_head_service::service: Syncing block, height: 4382842, hash: 0035c0570da2227e0c53d2f68b221765f65fd108dc9ed0451587fc56393eab0e
1791660378.929011 runnervmmprz5 zainod-0.9.0[2988]:     at packages/zaino-chain-head-service/src/service.rs:426
1791660378.929011 runnervmmprz5 zainod-0.9.0[2988]:     in zaino_chain_head_service::service::ChainHeadService::tick
1791660378.930295 runnervmmprz5 zainod-0.9.0[2988]:   19:26:18.930  INFO zaino_chain_head_service::service: Syncing block, height: 4382843, hash: 000013e86221866a96792fb8528ec83d69d1405dc88d6ceb7db2f1c791d873cb
1791660378.930295 runnervmmprz5 zainod-0.9.0[2988]:     at packages/zaino-chain-head-service/src/service.rs:426
1791660378.930295 runnervmmprz5 zainod-0.9.0[2988]:     in zaino_chain_head_service::service::ChainHeadService::tick
1791660378.931054 runnervmmprz5 zainod-0.9.0[2988]:   19:26:18.931  INFO zaino_chain_head_service::service: Syncing block, height: 4382844, hash: 0000441709df1857fb7f373bab44a78a624c8960d2bbc0f2c36046281f33d6a8
1791660378.931054 runnervmmprz5 zainod-0.9.0[2988]:     at packages/zaino-chain-head-service/src/service.rs:426
1791660378.931054 runnervmmprz5 zainod-0.9.0[2988]:     in zaino_chain_head_service::service::ChainHeadService::tick
1791660378.932462 runnervmmprz5 zainod-0.9.0[2988]:   19:26:18.932  INFO zaino_chain_head_service::service: Syncing block, height: 4382845, hash: 000053d609a16fea7fb47cb0244bfb257c487c1d049812a948d390ed1423a30e
1791660378.932462 runnervmmprz5 zainod-0.9.0[2988]:     at packages/zaino-chain-head-service/src/service.rs:426
1791660378.932462 runnervmmprz5 zainod-0.9.0[2988]:     in zaino_chain_head_service::service::ChainHeadService::tick
1791660378.934560 runnervmmprz5 zainod-0.9.0[2988]:   19:26:18.934  INFO zaino_chain_head_service::service: Syncing block, height: 4382846, hash: 000049c3637a84d87bee5481ddf4e4d9a8eaae144409450614a54d61ff642a27
1791660378.934560 runnervmmprz5 zainod-0.9.0[2988]:     at packages/zaino-chain-head-service/src/service.rs:426
1791660378.934560 runnervmmprz5 zainod-0.9.0[2988]:     in zaino_chain_head_service::service::ChainHeadService::tick
1791660378.936114 runnervmmprz5 zainod-0.9.0[2988]:   19:26:18.935  INFO zaino_chain_head_service::service: Syncing block, height: 4382847, hash: 00005c3f3a7c1f764610e25c687a60d594e95500c284ee6bd9d014fc2be5db02
1791660378.936114 runnervmmprz5 zainod-0.9.0[2988]:     at packages/zaino-chain-head-service/src/service.rs:426
1791660378.936114 runnervmmprz5 zainod-0.9.0[2988]:     in zaino_chain_head_service::service::ChainHeadService::tick
1791660378.936820 runnervmmprz5 zainod-0.9.0[2988]:   19:26:18.936  INFO zaino_chain_head_service::service: Syncing block, height: 4382848, hash: 0000286bde630e5c82915b105520bb9e1c6f745721cf7c2b0f283c9867a52dcd
1791660378.936820 runnervmmprz5 zainod-0.9.0[2988]:     at packages/zaino-chain-head-service/src/service.rs:426
1791660378.936820 runnervmmprz5 zainod-0.9.0[2988]:     in zaino_chain_head_service::service::ChainHeadService::tick
1791660378.937721 runnervmmprz5 zainod-0.9.0[2988]:   19:26:18.937  INFO zaino_chain_head_service::service: Syncing block, height: 4382849, hash: 00003f2f9d3cc35743e18941a4423e37ff4f2bc5248867e105bbcf3c8f5232c3
1791660378.937721 runnervmmprz5 zainod-0.9.0[2988]:     at packages/zaino-chain-head-service/src/service.rs:426
1791660378.937721 runnervmmprz5 zainod-0.9.0[2988]:     in zaino_chain_head_service::service::ChainHeadService::tick
1791660378.939129 runnervmmprz5 zainod-0.9.0[2988]:   19:26:18.939  INFO zaino_chain_head_service::service: Syncing block, height: 4382850, hash: 00005ae334dfb3bcb0e3f418586db6b35b063a1ac0ba15b8d5ba915a4024bc77
1791660378.939129 runnervmmprz5 zainod-0.9.0[2988]:     at packages/zaino-chain-head-service/src/service.rs:426
1791660378.939129 runnervmmprz5 zainod-0.9.0[2988]:     in zaino_chain_head_service::service::ChainHeadService::tick
1791660378.940225 runnervmmprz5 zainod-0.9.0[2988]:   19:26:18.940  INFO zaino_chain_head_service::service: Syncing block, height: 4382851, hash: 000040782ad54fb833428a2d5dcaf094cc09017fa02a963de7a5bf18b7054596
1791660378.940225 runnervmmprz5 zainod-0.9.0[2988]:     at packages/zaino-chain-head-service/src/service.rs:426
1791660378.940225 runnervmmprz5 zainod-0.9.0[2988]:     in zaino_chain_head_service::service::ChainHeadService::tick
1791660378.941043 runnervmmprz5 zainod-0.9.0[2988]:   19:26:18.941  INFO zaino_chain_head_service::service: Syncing block, height: 4382852, hash: 000056ec8c2e91f44b7f3bafd00561705dee35eeb3764cd332b3c70aaa7f057a
1791660378.941043 runnervmmprz5 zainod-0.9.0[2988]:     at packages/zaino-chain-head-service/src/service.rs:426
1791660378.941043 runnervmmprz5 zainod-0.9.0[2988]:     in zaino_chain_head_service::service::ChainHeadService::tick
1791660378.941935 runnervmmprz5 zainod-0.9.0[2988]:   19:26:18.941  INFO zaino_chain_head_service::service: Syncing block, height: 4382853, hash: 000031b909128b05870dfe6f2805c901b81cbe9e6167483869afe55a050ba6c7
1791660378.941935 runnervmmprz5 zainod-0.9.0[2988]:     at packages/zaino-chain-head-service/src/service.rs:426
1791660378.941935 runnervmmprz5 zainod-0.9.0[2988]:     in zaino_chain_head_service::service::ChainHeadService::tick
1791660378.942557 runnervmmprz5 zainod-0.9.0[2988]:   19:26:18.942  INFO zaino_chain_head_service::service: Syncing block, height: 4382854, hash: 00000951175885583b49a581e9f736f462efa4486a673bc2add815273a7434f4
1791660378.942557 runnervmmprz5 zainod-0.9.0[2988]:     at packages/zaino-chain-head-service/src/service.rs:426
1791660378.942557 runnervmmprz5 zainod-0.9.0[2988]:     in zaino_chain_head_service::service::ChainHeadService::tick
1791660378.943428 runnervmmprz5 zainod-0.9.0[2988]:   19:26:18.943  INFO zaino_chain_head_service::service: Syncing block, height: 4382855, hash: 000072a9c029bde0bd1f562629829a7b651ae82b021681aa8a99e47e076c473e
1791660378.943428 runnervmmprz5 zainod-0.9.0[2988]:     at packages/zaino-chain-head-service/src/service.rs:426
1791660378.943428 runnervmmprz5 zainod-0.9.0[2988]:     in zaino_chain_head_service::service::ChainHeadService::tick
1791660378.945453 runnervmmprz5 zainod-0.9.0[2988]:   19:26:18.945  INFO zaino_chain_head_service::service: Syncing block, height: 4382856, hash: 000029f85847094deb5704bd9becb9bd2b34cfcd833d767795a4115546c148c8
1791660378.945453 runnervmmprz5 zainod-0.9.0[2988]:     at packages/zaino-chain-head-service/src/service.rs:426
1791660378.945453 runnervmmprz5 zainod-0.9.0[2988]:     in zaino_chain_head_service::service::ChainHeadService::tick
1791660378.946088 runnervmmprz5 zainod-0.9.0[2988]:   19:26:18.946  INFO zaino_chain_head_service::service: Syncing block, height: 4382857, hash: 00007e532d1fd0cde0601f4d269f057a8100138a600c468f90d1c2992e742b51
1791660378.946088 runnervmmprz5 zainod-0.9.0[2988]:     at packages/zaino-chain-head-service/src/service.rs:426
1791660378.946088 runnervmmprz5 zainod-0.9.0[2988]:     in zaino_chain_head_service::service::ChainHeadService::tick
1791660378.946767 runnervmmprz5 zainod-0.9.0[2988]:   19:26:18.946  INFO zaino_chain_head_service::service: Syncing block, height: 4382858, hash: 00003c678cbee67037ef8a76b17d397078578b0958ad10eeda1c6b2c37ab9e96
1791660378.946767 runnervmmprz5 zainod-0.9.0[2988]:     at packages/zaino-chain-head-service/src/service.rs:426
1791660378.946767 runnervmmprz5 zainod-0.9.0[2988]:     in zaino_chain_head_service::service::ChainHeadService::tick
1791660378.948421 runnervmmprz5 zainod-0.9.0[2988]:   19:26:18.948  INFO zaino_chain_head_service::service: Syncing block, height: 4382859, hash: 00118365a4d7edb1432d0bb47b401a9e084f2882f68a1897b37e17328a37240d
1791660378.948421 runnervmmprz5 zainod-0.9.0[2988]:     at packages/zaino-chain-head-service/src/service.rs:426
1791660378.948421 runnervmmprz5 zainod-0.9.0[2988]:     in zaino_chain_head_service::service::ChainHeadService::tick
1791660378.949427 runnervmmprz5 zainod-0.9.0[2988]:   19:26:18.949  INFO zaino_chain_head_service::service: Syncing block, height: 4382860, hash: 001b8319da39e42c0efeaf92248a619bde18021a314ba452977f7a7cc543eddb
1791660378.949427 runnervmmprz5 zainod-0.9.0[2988]:     at packages/zaino-chain-head-service/src/service.rs:426
1791660378.949427 runnervmmprz5 zainod-0.9.0[2988]:     in zaino_chain_head_service::service::ChainHeadService::tick
1791660378.950451 runnervmmprz5 zainod-0.9.0[2988]:   19:26:18.950  INFO zaino_chain_head_service::service: Syncing block, height: 4382861, hash: 0000501a1ebdcc0fe61b769782e918651be31b549edad69c85777a0ac860a6db
1791660378.950451 runnervmmprz5 zainod-0.9.0[2988]:     at packages/zaino-chain-head-service/src/service.rs:426
1791660378.950451 runnervmmprz5 zainod-0.9.0[2988]:     in zaino_chain_head_service::service::ChainHeadService::tick
1791660378.951057 runnervmmprz5 zainod-0.9.0[2988]:   19:26:18.951  INFO zaino_chain_head_service::service: Syncing block, height: 4382862, hash: 00001b4a739069e1bf2cb47b9a90f3eb0969c130a467d68993f6530a4ff5a7e8
1791660378.951057 runnervmmprz5 zainod-0.9.0[2988]:     at packages/zaino-chain-head-service/src/service.rs:426
1791660378.951057 runnervmmprz5 zainod-0.9.0[2988]:     in zaino_chain_head_service::service::ChainHeadService::tick
1791660378.952338 runnervmmprz5 zainod-0.9.0[2988]:   19:26:18.952  INFO zaino_chain_head_service::service: Syncing block, height: 4382863, hash: 000cb265c7e9317322eb10d9012bdb4f1e1fe6cc1ccf915d2edcc75294d91969
1791660378.952338 runnervmmprz5 zainod-0.9.0[2988]:     at packages/zaino-chain-head-service/src/service.rs:426
1791660378.952338 runnervmmprz5 zainod-0.9.0[2988]:     in zaino_chain_head_service::service::ChainHeadService::tick
1791660378.952838 runnervmmprz5 zainod-0.9.0[2988]:   19:26:18.952  INFO zaino_chain_head_service::service: Syncing block, height: 4382864, hash: 000013f671a8e0c62bf07723f5ebe7979b47609951d301339eef01e1f90bd990
1791660378.952838 runnervmmprz5 zainod-0.9.0[2988]:     at packages/zaino-chain-head-service/src/service.rs:426
1791660378.952838 runnervmmprz5 zainod-0.9.0[2988]:     in zaino_chain_head_service::service::ChainHeadService::tick
1791660378.953490 runnervmmprz5 zainod-0.9.0[2988]:   19:26:18.953  INFO zaino_chain_head_service::service: Syncing block, height: 4382865, hash: 00007dfc11d566e9aa137869518111259e06d5930cb5012098ba6bdec5c6a555
1791660378.953490 runnervmmprz5 zainod-0.9.0[2988]:     at packages/zaino-chain-head-service/src/service.rs:426
1791660378.953490 runnervmmprz5 zainod-0.9.0[2988]:     in zaino_chain_head_service::service::ChainHeadService::tick
1791660378.954587 runnervmmprz5 zainod-0.9.0[2988]:   19:26:18.954  INFO zaino_chain_head_service::service: Syncing block, height: 4382866, hash: 00146c54d6a13822399fe248b0df50d72d59bfc936672f9d1bc47937bd73207c
1791660378.954587 runnervmmprz5 zainod-0.9.0[2988]:     at packages/zaino-chain-head-service/src/service.rs:426
1791660378.954587 runnervmmprz5 zainod-0.9.0[2988]:     in zaino_chain_head_service::service::ChainHeadService::tick
1791660378.955849 runnervmmprz5 zainod-0.9.0[2988]:   19:26:18.955  INFO zaino_chain_head_service::service: Syncing block, height: 4382867, hash: 000601fcc517f67887baa2caefca54b947575cdf4328f1c46a39ce04178db53b
1791660378.955849 runnervmmprz5 zainod-0.9.0[2988]:     at packages/zaino-chain-head-service/src/service.rs:426
1791660378.955849 runnervmmprz5 zainod-0.9.0[2988]:     in zaino_chain_head_service::service::ChainHeadService::tick
1791660378.956815 runnervmmprz5 zainod-0.9.0[2988]:   19:26:18.956  INFO zaino_chain_head_service::service: Syncing block, height: 4382868, hash: 0000168f5d57ec7d97423018d3472cecdd0a55aff5e49bb71a52ac808d24d1bc
1791660378.956815 runnervmmprz5 zainod-0.9.0[2988]:     at packages/zaino-chain-head-service/src/service.rs:426
1791660378.956815 runnervmmprz5 zainod-0.9.0[2988]:     in zaino_chain_head_service::service::ChainHeadService::tick
1791660378.957673 runnervmmprz5 zainod-0.9.0[2988]:   19:26:18.957  INFO zaino_chain_head_service::service: Syncing block, height: 4382869, hash: 00001259439348582953cc42521798d3ad3ceff601a3a38a1c054e771307e4db
1791660378.957673 runnervmmprz5 zainod-0.9.0[2988]:     at packages/zaino-chain-head-service/src/service.rs:426
1791660378.957673 runnervmmprz5 zainod-0.9.0[2988]:     in zaino_chain_head_service::service::ChainHeadService::tick
1791660378.958884 runnervmmprz5 zainod-0.9.0[2988]:   19:26:18.958  INFO zaino_chain_head_service::service: Syncing block, height: 4382870, hash: 000046d4378c5e0a1498c7ed4ce2cb154e5f4509099cd157162cb8661238caa5
1791660378.958884 runnervmmprz5 zainod-0.9.0[2988]:     at packages/zaino-chain-head-service/src/service.rs:426
1791660378.958884 runnervmmprz5 zainod-0.9.0[2988]:     in zaino_chain_head_service::service::ChainHeadService::tick
1791660378.959905 runnervmmprz5 zainod-0.9.0[2988]:   19:26:18.959  INFO zaino_chain_head_service::service: Syncing block, height: 4382871, hash: 000015b37c1e86664d95d3b1e84746a4269a2db2c61bea67c38c5f1540e83957
1791660378.959905 runnervmmprz5 zainod-0.9.0[2988]:     at packages/zaino-chain-head-service/src/service.rs:426
1791660378.959905 runnervmmprz5 zainod-0.9.0[2988]:     in zaino_chain_head_service::service::ChainHeadService::tick
1791660378.961232 runnervmmprz5 zainod-0.9.0[2988]:   19:26:18.961  INFO zaino_chain_head_service::service: Syncing block, height: 4382872, hash: 0000339a9109778a1d3150eae8b547758c5b209c97e5b8a81f973d166713c6a2
1791660378.961232 runnervmmprz5 zainod-0.9.0[2988]:     at packages/zaino-chain-head-service/src/service.rs:426
1791660378.961232 runnervmmprz5 zainod-0.9.0[2988]:     in zaino_chain_head_service::service::ChainHeadService::tick
1791660378.961976 runnervmmprz5 zainod-0.9.0[2988]:   19:26:18.961  INFO zaino_chain_head_service::service: Syncing block, height: 4382873, hash: 00007984b882c6d2fb4bbab4fe544c654a9cf0d047edbce2011859a3a0da27ae
1791660378.961976 runnervmmprz5 zainod-0.9.0[2988]:     at packages/zaino-chain-head-service/src/service.rs:426
1791660378.961976 runnervmmprz5 zainod-0.9.0[2988]:     in zaino_chain_head_service::service::ChainHeadService::tick
1791660378.962929 runnervmmprz5 zainod-0.9.0[2988]:   19:26:18.962  INFO zaino_chain_head_service::service: Syncing block, height: 4382874, hash: 0000244494eb4425f8dd07750ae5a1ae11cc5e3fb994cede3ba2f63e23be19b2
1791660378.962929 runnervmmprz5 zainod-0.9.0[2988]:     at packages/zaino-chain-head-service/src/service.rs:426
1791660378.962929 runnervmmprz5 zainod-0.9.0[2988]:     in zaino_chain_head_service::service::ChainHeadService::tick
1791660378.963752 runnervmmprz5 zainod-0.9.0[2988]:   19:26:18.963  INFO zaino_chain_head_service::service: Syncing block, height: 4382875, hash: 00004f38186807d82adc138e216671f8993f2c84784acfbbedc8b6adbd95e9e9
1791660378.963752 runnervmmprz5 zainod-0.9.0[2988]:     at packages/zaino-chain-head-service/src/service.rs:426
1791660378.963752 runnervmmprz5 zainod-0.9.0[2988]:     in zaino_chain_head_service::service::ChainHeadService::tick
1791660378.965442 runnervmmprz5 zainod-0.9.0[2988]:   19:26:18.965  INFO zaino_chain_head_service::service: Syncing block, height: 4382876, hash: 00000dde800750c6ba9a93fca3f546412a74cf22f17979fcca0f8e157387d952
1791660378.965442 runnervmmprz5 zainod-0.9.0[2988]:     at packages/zaino-chain-head-service/src/service.rs:426
1791660378.965442 runnervmmprz5 zainod-0.9.0[2988]:     in zaino_chain_head_service::service::ChainHeadService::tick
1791660378.966705 runnervmmprz5 zainod-0.9.0[2988]:   19:26:18.965  INFO zaino_chain_head_service::service: Syncing block, height: 4382877, hash: 0000685305710d3b1cf27ca7c7b9753e035d002f4c8faee3951a5742ad5075ca
1791660378.966705 runnervmmprz5 zainod-0.9.0[2988]:     at packages/zaino-chain-head-service/src/service.rs:426
1791660378.966705 runnervmmprz5 zainod-0.9.0[2988]:     in zaino_chain_head_service::service::ChainHeadService::tick
1791660378.966705 runnervmmprz5 zainod-0.9.0[2988]:   19:26:18.966  INFO zaino_chain_head_service::service: Syncing block, height: 4382878, hash: 0011ad1831e2c6b05874cfbdaf0e73b1545f5f3293220cd4260dfaeea45f29de
1791660378.966705 runnervmmprz5 zainod-0.9.0[2988]:     at packages/zaino-chain-head-service/src/service.rs:426
1791660378.966705 runnervmmprz5 zainod-0.9.0[2988]:     in zaino_chain_head_service::service::ChainHeadService::tick
1791660378.967274 runnervmmprz5 zainod-0.9.0[2988]:   19:26:18.966  INFO zaino_chain_head_service::service: Syncing block, height: 4382879, hash: 000038879d14aaaa7a2cc2bfe3de206098ef0922ed6b314d2a11462d4cf0e4bd
1791660378.967274 runnervmmprz5 zainod-0.9.0[2988]:     at packages/zaino-chain-head-service/src/service.rs:426
1791660378.967274 runnervmmprz5 zainod-0.9.0[2988]:     in zaino_chain_head_service::service::ChainHeadService::tick
1791660378.968297 runnervmmprz5 zainod-0.9.0[2988]:   19:26:18.968  INFO zaino_chain_head_service::service: Syncing block, height: 4382880, hash: 00002f5b1e6c4722a722628f503754d9717597a6bbe27be7422859e0be2040b0
1791660378.968297 runnervmmprz5 zainod-0.9.0[2988]:     at packages/zaino-chain-head-service/src/service.rs:426
1791660378.968297 runnervmmprz5 zainod-0.9.0[2988]:     in zaino_chain_head_service::service::ChainHeadService::tick
1791660378.968887 runnervmmprz5 zainod-0.9.0[2988]:   19:26:18.968  INFO zaino_chain_head_service::service: Syncing block, height: 4382881, hash: 0000770d57a769a16a26c48c914b83125a52aae0a6d1028876e5695867ea04b8
1791660378.968887 runnervmmprz5 zainod-0.9.0[2988]:     at packages/zaino-chain-head-service/src/service.rs:426
1791660378.968887 runnervmmprz5 zainod-0.9.0[2988]:     in zaino_chain_head_service::service::ChainHeadService::tick
1791660378.969435 runnervmmprz5 zainod-0.9.0[2988]:   19:26:18.969  INFO zaino_chain_head_service::service: Syncing block, height: 4382882, hash: 00003ccbec2e2b29cf8bdd14d18d42363062c972f197a5bc2ea1182dc43e1424
1791660378.969435 runnervmmprz5 zainod-0.9.0[2988]:     at packages/zaino-chain-head-service/src/service.rs:426
1791660378.969435 runnervmmprz5 zainod-0.9.0[2988]:     in zaino_chain_head_service::service::ChainHeadService::tick
1791660378.970137 runnervmmprz5 zainod-0.9.0[2988]:   19:26:18.970  INFO zaino_chain_head_service::service: Syncing block, height: 4382883, hash: 000044c1617c88c51032f49257defc7100327d6c9e3c086f1ca9643efe69bca2
1791660378.970137 runnervmmprz5 zainod-0.9.0[2988]:     at packages/zaino-chain-head-service/src/service.rs:426
1791660378.970137 runnervmmprz5 zainod-0.9.0[2988]:     in zaino_chain_head_service::service::ChainHeadService::tick
1791660378.970652 runnervmmprz5 zainod-0.9.0[2988]:   19:26:18.970  INFO zaino_chain_head_service::service: Syncing block, height: 4382884, hash: 000063cfa64e6471ae51149eef0d7c9814d25e84761c9e4cc477e82a68f68c50
1791660378.970652 runnervmmprz5 zainod-0.9.0[2988]:     at packages/zaino-chain-head-service/src/service.rs:426
1791660378.970652 runnervmmprz5 zainod-0.9.0[2988]:     in zaino_chain_head_service::service::ChainHeadService::tick
1791660378.971302 runnervmmprz5 zainod-0.9.0[2988]:   19:26:18.971  INFO zaino_chain_head_service::service: Syncing block, height: 4382885, hash: 000006c9c995805778c60519a992444c5b3c2e601634083bc204c3a00322ba26
1791660378.971302 runnervmmprz5 zainod-0.9.0[2988]:     at packages/zaino-chain-head-service/src/service.rs:426
1791660378.971302 runnervmmprz5 zainod-0.9.0[2988]:     in zaino_chain_head_service::service::ChainHeadService::tick
1791660378.972130 runnervmmprz5 zainod-0.9.0[2988]:   19:26:18.972  INFO zaino_chain_head_service::service: Syncing block, height: 4382886, hash: 0000031ff7f8815ab24917848ebbdb64d1dbc17ca970480b14925a4d7dd02874
1791660378.972130 runnervmmprz5 zainod-0.9.0[2988]:     at packages/zaino-chain-head-service/src/service.rs:426
1791660378.972130 runnervmmprz5 zainod-0.9.0[2988]:     in zaino_chain_head_service::service::ChainHeadService::tick
1791660378.972939 runnervmmprz5 zainod-0.9.0[2988]:   19:26:18.972  INFO zaino_chain_head_service::service: Syncing block, height: 4382887, hash: 000074c032a050b754137ac64979a9b3ff02791e5928e1d098c0ae37ac6f8c8c
1791660378.972939 runnervmmprz5 zainod-0.9.0[2988]:     at packages/zaino-chain-head-service/src/service.rs:426
1791660378.972939 runnervmmprz5 zainod-0.9.0[2988]:     in zaino_chain_head_service::service::ChainHeadService::tick
1791660378.973376 runnervmmprz5 zainod-0.9.0[2988]:   19:26:18.973  INFO zaino_chain_head_service::service: Syncing block, height: 4382888, hash: 00004c9f646ec7b6e29204d936525ee922fb9aa449e3a1a118d801eb72ecba86
1791660378.973376 runnervmmprz5 zainod-0.9.0[2988]:     at packages/zaino-chain-head-service/src/service.rs:426
1791660378.973376 runnervmmprz5 zainod-0.9.0[2988]:     in zaino_chain_head_service::service::ChainHeadService::tick
1791660378.974700 runnervmmprz5 zainod-0.9.0[2988]:   19:26:18.974  INFO zaino_chain_head_service::service: Syncing block, height: 4382889, hash: 000058d16ac7820e4634c4bd368aedf98e1d580e048bc60d5dab4752790672ca
1791660378.974700 runnervmmprz5 zainod-0.9.0[2988]:     at packages/zaino-chain-head-service/src/service.rs:426
1791660378.974700 runnervmmprz5 zainod-0.9.0[2988]:     in zaino_chain_head_service::service::ChainHeadService::tick
1791660378.976030 runnervmmprz5 zainod-0.9.0[2988]:   19:26:18.976  INFO zaino_chain_head_service::service: Syncing block, height: 4382890, hash: 00006f9ea5a597f3053a86b16ad3fd893a3a979d3c81ea05f8ea26fe8495b7b9
1791660378.976030 runnervmmprz5 zainod-0.9.0[2988]:     at packages/zaino-chain-head-service/src/service.rs:426
1791660378.976030 runnervmmprz5 zainod-0.9.0[2988]:     in zaino_chain_head_service::service::ChainHeadService::tick
1791660378.976896 runnervmmprz5 zainod-0.9.0[2988]:   19:26:18.976  INFO zaino_chain_head_service::service: Syncing block, height: 4382891, hash: 00004464c38180ccf7d31e317b278dae54e786139aeea2cf7c1489c857a111ea
1791660378.976896 runnervmmprz5 zainod-0.9.0[2988]:     at packages/zaino-chain-head-service/src/service.rs:426
1791660378.976896 runnervmmprz5 zainod-0.9.0[2988]:     in zaino_chain_head_service::service::ChainHeadService::tick
1791660378.977634 runnervmmprz5 zainod-0.9.0[2988]:   19:26:18.977  INFO zaino_chain_head_service::service: Syncing block, height: 4382892, hash: 000ad8fa066a0404f72fc7854b87da0ffdc5de9984d10a62f1ee95ccbcff62df
1791660378.977634 runnervmmprz5 zainod-0.9.0[2988]:     at packages/zaino-chain-head-service/src/service.rs:426
1791660378.977634 runnervmmprz5 zainod-0.9.0[2988]:     in zaino_chain_head_service::service::ChainHeadService::tick
1791660378.978252 runnervmmprz5 zainod-0.9.0[2988]:   19:26:18.978  INFO zaino_chain_head_service::service: Syncing block, height: 4382893, hash: 0000042f2bbe4e63bb226c2307f18a708569e917feb70727183650321d22f639
1791660378.978252 runnervmmprz5 zainod-0.9.0[2988]:     at packages/zaino-chain-head-service/src/service.rs:426
1791660378.978252 runnervmmprz5 zainod-0.9.0[2988]:     in zaino_chain_head_service::service::ChainHeadService::tick
1791660378.979080 runnervmmprz5 zainod-0.9.0[2988]:   19:26:18.978  INFO zaino_chain_head_service::service: Syncing block, height: 4382894, hash: 00002b1620247efe49fa0aed1e548d55681ab247736e9cd44db127d4172da63e
1791660378.979080 runnervmmprz5 zainod-0.9.0[2988]:     at packages/zaino-chain-head-service/src/service.rs:426
1791660378.979080 runnervmmprz5 zainod-0.9.0[2988]:     in zaino_chain_head_service::service::ChainHeadService::tick
1791660378.979563 runnervmmprz5 zainod-0.9.0[2988]:   19:26:18.979  INFO zaino_chain_head_service::service: Syncing block, height: 4382895, hash: 00000fed6ede83c864846cbb64876ff96f79670dda29bd213c1e246fb0b2af84
1791660378.979563 runnervmmprz5 zainod-0.9.0[2988]:     at packages/zaino-chain-head-service/src/service.rs:426
1791660378.979563 runnervmmprz5 zainod-0.9.0[2988]:     in zaino_chain_head_service::service::ChainHeadService::tick
1791660378.981222 runnervmmprz5 zainod-0.9.0[2988]:   19:26:18.981  INFO zaino_chain_head_service::service: Syncing block, height: 4382896, hash: 00005dedf3b637d07f0767b737c42ffa8925f7d2fdb1f6f4f58d0fa4de08dac7
1791660378.981222 runnervmmprz5 zainod-0.9.0[2988]:     at packages/zaino-chain-head-service/src/service.rs:426
1791660378.981222 runnervmmprz5 zainod-0.9.0[2988]:     in zaino_chain_head_service::service::ChainHeadService::tick
1791660378.981595 runnervmmprz5 zainod-0.9.0[2988]:   19:26:18.981  INFO zaino_chain_head_service::service: Syncing block, height: 4382897, hash: 00005894e6410b9d9524e38d725e6595ef4c8f85d4deb9e56b340751b0c3d678
1791660378.981595 runnervmmprz5 zainod-0.9.0[2988]:     at packages/zaino-chain-head-service/src/service.rs:426
1791660378.981595 runnervmmprz5 zainod-0.9.0[2988]:     in zaino_chain_head_service::service::ChainHeadService::tick
1791660378.982202 runnervmmprz5 zainod-0.9.0[2988]:   19:26:18.982  INFO zaino_chain_head_service::service: Chain head tip advanced, old_height: 4381896, new_height: 4382897, new_hash: 00005894e6410b9d9524e38d725e6595ef4c8f85d4deb9e56b340751b0c3d678
1791660378.982202 runnervmmprz5 zainod-0.9.0[2988]:     at packages/zaino-chain-head-service/src/service.rs:878
1791660378.982202 runnervmmprz5 zainod-0.9.0[2988]:     in zaino_chain_head_service::service::ChainHeadService::tick
1791660379.029429 runnervmmprz5 zainod-0.9.0[2988]:   19:26:19.029  INFO zainodlib: Zaino Indexer started successfully.
1791660379.029429 runnervmmprz5 zainod-0.9.0[2988]:     at packages/zainod/src/lib.rs:39
1791660380.910269 runnervmmprz5 zainod-0.9.0[2988]:   19:26:20.910  INFO zaino_serve::rpc::grpc::service: [TEST] received call, method: "get_lightd_info"
1791660380.910269 runnervmmprz5 zainod-0.9.0[2988]:     at packages/zaino-serve/src/rpc/grpc/service.rs:163
1791660380.916812 runnervmmprz5 zainod-0.9.0[2988]:   19:26:20.916  INFO zaino_serve::rpc::grpc::service: [TEST] received call, method: "get_block"
1791660380.916812 runnervmmprz5 zainod-0.9.0[2988]:     at packages/zaino-serve/src/rpc/grpc/service.rs:163
1791660380.918955 runnervmmprz5 zainod-0.9.0[2988]:   19:26:20.918  INFO zaino_serve::rpc::grpc::service: [TEST] received call, method: "get_block"
1791660380.918955 runnervmmprz5 zainod-0.9.0[2988]:     at packages/zaino-serve/src/rpc/grpc/service.rs:163
1791660385.906690 runnervmmprz5 zainod-0.9.0[2988]:   19:26:25.906  INFO zaino_serve::rpc::grpc::service: [TEST] received call, method: "get_lightd_info"
1791660385.906690 runnervmmprz5 zainod-0.9.0[2988]:     at packages/zaino-serve/src/rpc/grpc/service.rs:163
1791660385.915658 runnervmmprz5 zainod-0.9.0[2988]:   19:26:25.915  INFO zaino_serve::rpc::grpc::service: [TEST] received call, method: "get_block"
1791660385.915658 runnervmmprz5 zainod-0.9.0[2988]:     at packages/zaino-serve/src/rpc/grpc/service.rs:163
1791660385.956734 runnervmmprz5 zainod-0.9.0[2988]:   19:26:25.956  INFO zaino_serve::rpc::grpc::service: [TEST] received call, method: "get_block"
1791660385.956734 runnervmmprz5 zainod-0.9.0[2988]:     at packages/zaino-serve/src/rpc/grpc/service.rs:163
1791660387.211761 runnervmmprz5 zainod-0.9.0[2988]:   19:26:27.211  INFO zaino_state::chain_index::finalised_state::finalised_source::v1::write_core: write_blocks_to_height: syncing, current: 23321, target: 4381896, zebra_network: Testnet
1791660387.211761 runnervmmprz5 zainod-0.9.0[2988]:     at packages/zaino-state/src/chain_index/finalised_state/finalised_source/v1/write_core.rs:215
1791660389.030365 runnervmmprz5 zainod-0.9.0[2988]:   19:26:29.030  INFO zainodlib::indexer: Zaino status check, chain_state: Ready, fs_mode: ephemeral(syncing), json_rpc: Ready, grpc: Ready
1791660389.030365 runnervmmprz5 zainod-0.9.0[2988]:     at packages/zainod/src/indexer.rs:310
1791660390.905797 runnervmmprz5 zainod-0.9.0[2988]:   19:26:30.905  INFO zaino_serve::rpc::grpc::service: [TEST] received call, method: "get_lightd_info"
1791660390.905797 runnervmmprz5 zainod-0.9.0[2988]:     at packages/zaino-serve/src/rpc/grpc/service.rs:163
1791660390.912463 runnervmmprz5 zainod-0.9.0[2988]:   19:26:30.912  INFO zaino_serve::rpc::grpc::service: [TEST] received call, method: "get_block"
1791660390.912463 runnervmmprz5 zainod-0.9.0[2988]:     at packages/zaino-serve/src/rpc/grpc/service.rs:163
1791660390.914049 runnervmmprz5 zainod-0.9.0[2988]:   19:26:30.914  INFO zaino_serve::rpc::grpc::service: [TEST] received call, method: "get_block"
1791660390.914049 runnervmmprz5 zainod-0.9.0[2988]:     at packages/zaino-serve/src/rpc/grpc/service.rs:163
1791660395.910504 runnervmmprz5 zainod-0.9.0[2988]:   19:26:35.910  INFO zaino_serve::rpc::grpc::service: [TEST] received call, method: "get_lightd_info"
1791660395.910504 runnervmmprz5 zainod-0.9.0[2988]:     at packages/zaino-serve/src/rpc/grpc/service.rs:163
1791660395.917937 runnervmmprz5 zainod-0.9.0[2988]:   19:26:35.917  INFO zaino_serve::rpc::grpc::service: [TEST] received call, method: "get_block"
1791660395.917937 runnervmmprz5 zainod-0.9.0[2988]:     at packages/zaino-serve/src/rpc/grpc/service.rs:163
1791660395.919508 runnervmmprz5 zainod-0.9.0[2988]:   19:26:35.919  INFO zaino_serve::rpc::grpc::service: [TEST] received call, method: "get_block"
1791660395.919508 runnervmmprz5 zainod-0.9.0[2988]:     at packages/zaino-serve/src/rpc/grpc/service.rs:163
1791660397.213031 runnervmmprz5 zainod-0.9.0[2988]:   19:26:37.212  INFO zaino_state::chain_index::finalised_state::finalised_source::v1::write_core: write_blocks_to_height: syncing, current: 47765, target: 4381896, zebra_network: Testnet
1791660397.213031 runnervmmprz5 zainod-0.9.0[2988]:     at packages/zaino-state/src/chain_index/finalised_state/finalised_source/v1/write_core.rs:215
1791660399.129809 runnervmmprz5 zainod-0.9.0[2988]:   19:26:39.129  INFO zainodlib::indexer: Zaino status check, chain_state: Ready, fs_mode: ephemeral(syncing), json_rpc: Ready, grpc: Ready
1791660399.129809 runnervmmprz5 zainod-0.9.0[2988]:     at packages/zainod/src/indexer.rs:310
1791660400.907290 runnervmmprz5 zainod-0.9.0[2988]:   19:26:40.907  INFO zaino_serve::rpc::grpc::service: [TEST] received call, method: "get_lightd_info"
1791660400.907290 runnervmmprz5 zainod-0.9.0[2988]:     at packages/zaino-serve/src/rpc/grpc/service.rs:163
1791660400.914527 runnervmmprz5 zainod-0.9.0[2988]:   19:26:40.914  INFO zaino_serve::rpc::grpc::service: [TEST] received call, method: "get_block"
1791660400.914527 runnervmmprz5 zainod-0.9.0[2988]:     at packages/zaino-serve/src/rpc/grpc/service.rs:163
1791660400.917453 runnervmmprz5 zainod-0.9.0[2988]:   19:26:40.917  INFO zaino_serve::rpc::grpc::service: [TEST] received call, method: "get_block"
1791660400.917453 runnervmmprz5 zainod-0.9.0[2988]:     at packages/zaino-serve/src/rpc/grpc/service.rs:163
1791660405.910890 runnervmmprz5 zainod-0.9.0[2988]:   19:26:45.909  INFO zaino_serve::rpc::grpc::service: [TEST] received call, method: "get_lightd_info"
1791660405.910890 runnervmmprz5 zainod-0.9.0[2988]:     at packages/zaino-serve/src/rpc/grpc/service.rs:163
1791660405.916230 runnervmmprz5 zainod-0.9.0[2988]:   19:26:45.916  INFO zaino_serve::rpc::grpc::service: [TEST] received call, method: "get_block"
1791660405.916230 runnervmmprz5 zainod-0.9.0[2988]:     at packages/zaino-serve/src/rpc/grpc/service.rs:163
1791660405.917196 runnervmmprz5 zainod-0.9.0[2988]:   19:26:45.917  INFO zaino_serve::rpc::grpc::service: [TEST] received call, method: "get_block"
1791660405.917196 runnervmmprz5 zainod-0.9.0[2988]:     at packages/zaino-serve/src/rpc/grpc/service.rs:163
1791660407.214411 runnervmmprz5 zainod-0.9.0[2988]:   19:26:47.214  INFO zaino_state::chain_index::finalised_state::finalised_source::v1::write_core: write_blocks_to_height: syncing, current: 74009, target: 4381896, zebra_network: Testnet
1791660407.214411 runnervmmprz5 zainod-0.9.0[2988]:     at packages/zaino-state/src/chain_index/finalised_state/finalised_source/v1/write_core.rs:215
1791660409.129927 runnervmmprz5 zainod-0.9.0[2988]:   19:26:49.129  INFO zainodlib::indexer: Zaino status check, chain_state: Ready, fs_mode: ephemeral(syncing), json_rpc: Ready, grpc: Ready
1791660409.129927 runnervmmprz5 zainod-0.9.0[2988]:     at packages/zainod/src/indexer.rs:310
1791660410.908888 runnervmmprz5 zainod-0.9.0[2988]:   19:26:50.908  INFO zaino_serve::rpc::grpc::service: [TEST] received call, method: "get_lightd_info"
1791660410.908888 runnervmmprz5 zainod-0.9.0[2988]:     at packages/zaino-serve/src/rpc/grpc/service.rs:163
1791660410.915929 runnervmmprz5 zainod-0.9.0[2988]:   19:26:50.915  INFO zaino_serve::rpc::grpc::service: [TEST] received call, method: "get_block"
1791660410.915929 runnervmmprz5 zainod-0.9.0[2988]:     at packages/zaino-serve/src/rpc/grpc/service.rs:163
1791660410.917536 runnervmmprz5 zainod-0.9.0[2988]:   19:26:50.917  INFO zaino_serve::rpc::grpc::service: [TEST] received call, method: "get_block"
1791660410.917536 runnervmmprz5 zainod-0.9.0[2988]:     at packages/zaino-serve/src/rpc/grpc/service.rs:163
1791660415.913973 runnervmmprz5 zainod-0.9.0[2988]:   19:26:55.913  INFO zaino_serve::rpc::grpc::service: [TEST] received call, method: "get_lightd_info"
1791660415.913973 runnervmmprz5 zainod-0.9.0[2988]:     at packages/zaino-serve/src/rpc/grpc/service.rs:163
1791660415.921680 runnervmmprz5 zainod-0.9.0[2988]:   19:26:55.921  INFO zaino_serve::rpc::grpc::service: [TEST] received call, method: "get_block"
1791660415.921680 runnervmmprz5 zainod-0.9.0[2988]:     at packages/zaino-serve/src/rpc/grpc/service.rs:163
1791660415.923129 runnervmmprz5 zainod-0.9.0[2988]:   19:26:55.922  INFO zaino_serve::rpc::grpc::service: [TEST] received call, method: "get_block"
1791660415.923129 runnervmmprz5 zainod-0.9.0[2988]:     at packages/zaino-serve/src/rpc/grpc/service.rs:163
1791660417.215609 runnervmmprz5 zainod-0.9.0[2988]:   19:26:57.215  INFO zaino_state::chain_index::finalised_state::finalised_source::v1::write_core: write_blocks_to_height: syncing, current: 102369, target: 4381896, zebra_network: Testnet
1791660417.215609 runnervmmprz5 zainod-0.9.0[2988]:     at packages/zaino-state/src/chain_index/finalised_state/finalised_source/v1/write_core.rs:215
1791660419.230430 runnervmmprz5 zainod-0.9.0[2988]:   19:26:59.230  INFO zainodlib::indexer: Zaino status check, chain_state: Ready, fs_mode: ephemeral(syncing), json_rpc: Ready, grpc: Ready
1791660419.230430 runnervmmprz5 zainod-0.9.0[2988]:     at packages/zainod/src/indexer.rs:310
1791660420.910766 runnervmmprz5 zainod-0.9.0[2988]:   19:27:00.910  INFO zaino_serve::rpc::grpc::service: [TEST] received call, method: "get_lightd_info"
1791660420.910766 runnervmmprz5 zainod-0.9.0[2988]:     at packages/zaino-serve/src/rpc/grpc/service.rs:163
1791660420.916560 runnervmmprz5 zainod-0.9.0[2988]:   19:27:00.916  INFO zaino_serve::rpc::grpc::service: [TEST] received call, method: "get_block"
1791660420.916560 runnervmmprz5 zainod-0.9.0[2988]:     at packages/zaino-serve/src/rpc/grpc/service.rs:163
1791660420.917704 runnervmmprz5 zainod-0.9.0[2988]:   19:27:00.917  INFO zaino_serve::rpc::grpc::service: [TEST] received call, method: "get_block"
1791660420.917704 runnervmmprz5 zainod-0.9.0[2988]:     at packages/zaino-serve/src/rpc/grpc/service.rs:163
1791660425.911501 runnervmmprz5 zainod-0.9.0[2988]:   19:27:05.911  INFO zaino_serve::rpc::grpc::service: [TEST] received call, method: "get_lightd_info"
1791660425.911501 runnervmmprz5 zainod-0.9.0[2988]:     at packages/zaino-serve/src/rpc/grpc/service.rs:163
1791660425.916363 runnervmmprz5 zainod-0.9.0[2988]:   19:27:05.916  INFO zaino_serve::rpc::grpc::service: [TEST] received call, method: "get_block"
1791660425.916363 runnervmmprz5 zainod-0.9.0[2988]:     at packages/zaino-serve/src/rpc/grpc/service.rs:163
1791660425.917267 runnervmmprz5 zainod-0.9.0[2988]:   19:27:05.917  INFO zaino_serve::rpc::grpc::service: [TEST] received call, method: "get_block"
1791660425.917267 runnervmmprz5 zainod-0.9.0[2988]:     at packages/zaino-serve/src/rpc/grpc/service.rs:163
1791660427.215666 runnervmmprz5 zainod-0.9.0[2988]:   19:27:07.215  INFO zaino_state::chain_index::finalised_state::finalised_source::v1::write_core: write_blocks_to_height: syncing, current: 129114, target: 4381896, zebra_network: Testnet
1791660427.215666 runnervmmprz5 zainod-0.9.0[2988]:     at packages/zaino-state/src/chain_index/finalised_state/finalised_source/v1/write_core.rs:215
1791660429.329898 runnervmmprz5 zainod-0.9.0[2988]:   19:27:09.329  INFO zainodlib::indexer: Zaino status check, chain_state: Ready, fs_mode: ephemeral(syncing), json_rpc: Ready, grpc: Ready
1791660429.329898 runnervmmprz5 zainod-0.9.0[2988]:     at packages/zainod/src/indexer.rs:310
1791660430.911479 runnervmmprz5 zainod-0.9.0[2988]:   19:27:10.911  INFO zaino_serve::rpc::grpc::service: [TEST] received call, method: "get_lightd_info"
1791660430.911479 runnervmmprz5 zainod-0.9.0[2988]:     at packages/zaino-serve/src/rpc/grpc/service.rs:163
1791660430.918172 runnervmmprz5 zainod-0.9.0[2988]:   19:27:10.918  INFO zaino_serve::rpc::grpc::service: [TEST] received call, method: "get_block"
1791660430.918172 runnervmmprz5 zainod-0.9.0[2988]:     at packages/zaino-serve/src/rpc/grpc/service.rs:163
1791660430.919279 runnervmmprz5 zainod-0.9.0[2988]:   19:27:10.919  INFO zaino_serve::rpc::grpc::service: [TEST] received call, method: "get_block"
1791660430.919279 runnervmmprz5 zainod-0.9.0[2988]:     at packages/zaino-serve/src/rpc/grpc/service.rs:163
1791660435.916723 runnervmmprz5 zainod-0.9.0[2988]:   19:27:15.916  INFO zaino_serve::rpc::grpc::service: [TEST] received call, method: "get_lightd_info"
1791660435.916723 runnervmmprz5 zainod-0.9.0[2988]:     at packages/zaino-serve/src/rpc/grpc/service.rs:163
1791660435.926244 runnervmmprz5 zainod-0.9.0[2988]:   19:27:15.926  INFO zaino_serve::rpc::grpc::service: [TEST] received call, method: "get_block"
1791660435.926244 runnervmmprz5 zainod-0.9.0[2988]:     at packages/zaino-serve/src/rpc/grpc/service.rs:163
1791660435.927714 runnervmmprz5 zainod-0.9.0[2988]:   19:27:15.927  INFO zaino_serve::rpc::grpc::service: [TEST] received call, method: "get_block"
1791660435.927714 runnervmmprz5 zainod-0.9.0[2988]:     at packages/zaino-serve/src/rpc/grpc/service.rs:163
1791660437.217091 runnervmmprz5 zainod-0.9.0[2988]:   19:27:17.216  INFO zaino_state::chain_index::finalised_state::finalised_source::v1::write_core: write_blocks_to_height: syncing, current: 161883, target: 4381896, zebra_network: Testnet
1791660437.217091 runnervmmprz5 zainod-0.9.0[2988]:     at packages/zaino-state/src/chain_index/finalised_state/finalised_source/v1/write_core.rs:215
1791660439.330692 runnervmmprz5 zainod-0.9.0[2988]:   19:27:19.330  INFO zainodlib::indexer: Zaino status check, chain_state: Ready, fs_mode: ephemeral(syncing), json_rpc: Ready, grpc: Ready
1791660439.330692 runnervmmprz5 zainod-0.9.0[2988]:     at packages/zainod/src/indexer.rs:310
1791660440.913758 runnervmmprz5 zainod-0.9.0[2988]:   19:27:20.913  INFO zaino_serve::rpc::grpc::service: [TEST] received call, method: "get_lightd_info"
1791660440.913758 runnervmmprz5 zainod-0.9.0[2988]:     at packages/zaino-serve/src/rpc/grpc/service.rs:163
1791660440.920688 runnervmmprz5 zainod-0.9.0[2988]:   19:27:20.920  INFO zaino_serve::rpc::grpc::service: [TEST] received call, method: "get_block"
1791660440.920688 runnervmmprz5 zainod-0.9.0[2988]:     at packages/zaino-serve/src/rpc/grpc/service.rs:163
1791660440.921810 runnervmmprz5 zainod-0.9.0[2988]:   19:27:20.921  INFO zaino_serve::rpc::grpc::service: [TEST] received call, method: "get_block"
1791660440.921810 runnervmmprz5 zainod-0.9.0[2988]:     at packages/zaino-serve/src/rpc/grpc/service.rs:163
1791660445.917654 runnervmmprz5 zainod-0.9.0[2988]:   19:27:25.917  INFO zaino_serve::rpc::grpc::service: [TEST] received call, method: "get_lightd_info"
1791660445.917654 runnervmmprz5 zainod-0.9.0[2988]:     at packages/zaino-serve/src/rpc/grpc/service.rs:163
1791660445.924528 runnervmmprz5 zainod-0.9.0[2988]:   19:27:25.924  INFO zaino_serve::rpc::grpc::service: [TEST] received call, method: "get_block"
1791660445.924528 runnervmmprz5 zainod-0.9.0[2988]:     at packages/zaino-serve/src/rpc/grpc/service.rs:163
1791660445.925956 runnervmmprz5 zainod-0.9.0[2988]:   19:27:25.925  INFO zaino_serve::rpc::grpc::service: [TEST] received call, method: "get_block"
1791660445.925956 runnervmmprz5 zainod-0.9.0[2988]:     at packages/zaino-serve/src/rpc/grpc/service.rs:163
1791660447.217799 runnervmmprz5 zainod-0.9.0[2988]:   19:27:27.217  INFO zaino_state::chain_index::finalised_state::finalised_source::v1::write_core: write_blocks_to_height: syncing, current: 194277, target: 4381896, zebra_network: Testnet
1791660447.217799 runnervmmprz5 zainod-0.9.0[2988]:     at packages/zaino-state/src/chain_index/finalised_state/finalised_source/v1/write_core.rs:215
1791660449.028516 runnervmmprz5 zainod-0.9.0[2988]:   19:27:29.028  INFO zaino_state::chain_index::finalised_state::finalised_source::v1::write_core: write_blocks_to_height: committed batch, height: 99999, blocks: 100000
1791660449.028516 runnervmmprz5 zainod-0.9.0[2988]:     at packages/zaino-state/src/chain_index/finalised_state/finalised_source/v1/write_core.rs:650
1791660449.430257 runnervmmprz5 zainod-0.9.0[2988]:   19:27:29.430  INFO zainodlib::indexer: Zaino status check, chain_state: Ready, fs_mode: ephemeral(syncing), json_rpc: Ready, grpc: Ready
1791660449.430257 runnervmmprz5 zainod-0.9.0[2988]:     at packages/zainod/src/indexer.rs:310
1791660450.913761 runnervmmprz5 zainod-0.9.0[2988]:   19:27:30.913  INFO zaino_serve::rpc::grpc::service: [TEST] received call, method: "get_lightd_info"
1791660450.913761 runnervmmprz5 zainod-0.9.0[2988]:     at packages/zaino-serve/src/rpc/grpc/service.rs:163
1791660450.922610 runnervmmprz5 zainod-0.9.0[2988]:   19:27:30.922  INFO zaino_serve::rpc::grpc::service: [TEST] received call, method: "get_block"
1791660450.922610 runnervmmprz5 zainod-0.9.0[2988]:     at packages/zaino-serve/src/rpc/grpc/service.rs:163
1791660450.924222 runnervmmprz5 zainod-0.9.0[2988]:   19:27:30.924  INFO zaino_serve::rpc::grpc::service: [TEST] received call, method: "get_block"
1791660450.924222 runnervmmprz5 zainod-0.9.0[2988]:     at packages/zaino-serve/src/rpc/grpc/service.rs:163
1791660455.920754 runnervmmprz5 zainod-0.9.0[2988]:   19:27:35.920  INFO zaino_serve::rpc::grpc::service: [TEST] received call, method: "get_lightd_info"
1791660455.920754 runnervmmprz5 zainod-0.9.0[2988]:     at packages/zaino-serve/src/rpc/grpc/service.rs:163
1791660455.925518 runnervmmprz5 zainod-0.9.0[2988]:   19:27:35.925  INFO zaino_serve::rpc::grpc::service: [TEST] received call, method: "get_block"
1791660455.925518 runnervmmprz5 zainod-0.9.0[2988]:     at packages/zaino-serve/src/rpc/grpc/service.rs:163
1791660455.928451 runnervmmprz5 zainod-0.9.0[2988]:   19:27:35.928  INFO zaino_serve::rpc::grpc::service: [TEST] received call, method: "get_block"
1791660455.928451 runnervmmprz5 zainod-0.9.0[2988]:     at packages/zaino-serve/src/rpc/grpc/service.rs:163
1791660457.217920 runnervmmprz5 zainod-0.9.0[2988]:   19:27:37.217  INFO zaino_state::chain_index::finalised_state::finalised_source::v1::write_core: write_blocks_to_height: syncing, current: 219691, target: 4381896, zebra_network: Testnet
1791660457.217920 runnervmmprz5 zainod-0.9.0[2988]:     at packages/zaino-state/src/chain_index/finalised_state/finalised_source/v1/write_core.rs:215
1791660459.430899 runnervmmprz5 zainod-0.9.0[2988]:   19:27:39.430  INFO zainodlib::indexer: Zaino status check, chain_state: Ready, fs_mode: ephemeral(syncing), json_rpc: Ready, grpc: Ready
1791660459.430899 runnervmmprz5 zainod-0.9.0[2988]:     at packages/zainod/src/indexer.rs:310
1791660460.917302 runnervmmprz5 zainod-0.9.0[2988]:   19:27:40.917  INFO zaino_serve::rpc::grpc::service: [TEST] received call, method: "get_lightd_info"
1791660460.917302 runnervmmprz5 zainod-0.9.0[2988]:     at packages/zaino-serve/src/rpc/grpc/service.rs:163
1791660460.923843 runnervmmprz5 zainod-0.9.0[2988]:   19:27:40.923  INFO zaino_serve::rpc::grpc::service: [TEST] received call, method: "get_block"
1791660460.923843 runnervmmprz5 zainod-0.9.0[2988]:     at packages/zaino-serve/src/rpc/grpc/service.rs:163
1791660460.925321 runnervmmprz5 zainod-0.9.0[2988]:   19:27:40.925  INFO zaino_serve::rpc::grpc::service: [TEST] received call, method: "get_block"
1791660460.925321 runnervmmprz5 zainod-0.9.0[2988]:     at packages/zaino-serve/src/rpc/grpc/service.rs:163
1791660465.917743 runnervmmprz5 zainod-0.9.0[2988]:   19:27:45.917  INFO zaino_serve::rpc::grpc::service: [TEST] received call, method: "get_lightd_info"
1791660465.917743 runnervmmprz5 zainod-0.9.0[2988]:     at packages/zaino-serve/src/rpc/grpc/service.rs:163
1791660465.928529 runnervmmprz5 zainod-0.9.0[2988]:   19:27:45.928  INFO zaino_serve::rpc::grpc::service: [TEST] received call, method: "get_block"
1791660465.928529 runnervmmprz5 zainod-0.9.0[2988]:     at packages/zaino-serve/src/rpc/grpc/service.rs:163
1791660465.930889 runnervmmprz5 zainod-0.9.0[2988]:   19:27:45.929  INFO zaino_serve::rpc::grpc::service: [TEST] received call, method: "get_block"
1791660465.930889 runnervmmprz5 zainod-0.9.0[2988]:     at packages/zaino-serve/src/rpc/grpc/service.rs:163
1791660467.219400 runnervmmprz5 zainod-0.9.0[2988]:   19:27:47.219  INFO zaino_state::chain_index::finalised_state::finalised_source::v1::write_core: write_blocks_to_height: syncing, current: 248791, target: 4381896, zebra_network: Testnet
1791660467.219400 runnervmmprz5 zainod-0.9.0[2988]:     at packages/zaino-state/src/chain_index/finalised_state/finalised_source/v1/write_core.rs:215
1791660469.530354 runnervmmprz5 zainod-0.9.0[2988]:   19:27:49.530  INFO zainodlib::indexer: Zaino status check, chain_state: Ready, fs_mode: ephemeral(syncing), json_rpc: Ready, grpc: Ready
1791660469.530354 runnervmmprz5 zainod-0.9.0[2988]:     at packages/zainod/src/indexer.rs:310
1791660470.916678 runnervmmprz5 zainod-0.9.0[2988]:   19:27:50.916  INFO zaino_serve::rpc::grpc::service: [TEST] received call, method: "get_lightd_info"
1791660470.916678 runnervmmprz5 zainod-0.9.0[2988]:     at packages/zaino-serve/src/rpc/grpc/service.rs:163
1791660470.923872 runnervmmprz5 zainod-0.9.0[2988]:   19:27:50.923  INFO zaino_serve::rpc::grpc::service: [TEST] received call, method: "get_block"
1791660470.923872 runnervmmprz5 zainod-0.9.0[2988]:     at packages/zaino-serve/src/rpc/grpc/service.rs:163
1791660470.924956 runnervmmprz5 zainod-0.9.0[2988]:   19:27:50.924  INFO zaino_serve::rpc::grpc::service: [TEST] received call, method: "get_block"
1791660470.924956 runnervmmprz5 zainod-0.9.0[2988]:     at packages/zaino-serve/src/rpc/grpc/service.rs:163
1791660475.917730 runnervmmprz5 zainod-0.9.0[2988]:   19:27:55.917  INFO zaino_serve::rpc::grpc::service: [TEST] received call, method: "get_lightd_info"
1791660475.917730 runnervmmprz5 zainod-0.9.0[2988]:     at packages/zaino-serve/src/rpc/grpc/service.rs:163
1791660475.922279 runnervmmprz5 zainod-0.9.0[2988]:   19:27:55.922  INFO zaino_serve::rpc::grpc::service: [TEST] received call, method: "get_block"
1791660475.922279 runnervmmprz5 zainod-0.9.0[2988]:     at packages/zaino-serve/src/rpc/grpc/service.rs:163
1791660475.923414 runnervmmprz5 zainod-0.9.0[2988]:   19:27:55.923  INFO zaino_serve::rpc::grpc::service: [TEST] received call, method: "get_block"
1791660475.923414 runnervmmprz5 zainod-0.9.0[2988]:     at packages/zaino-serve/src/rpc/grpc/service.rs:163
1791660477.313156 runnervmmprz5 zainod-0.9.0[2988]:   19:27:57.313  INFO zaino_state::chain_index::finalised_state::finalised_source::v1::write_core: write_blocks_to_height: syncing, current: 282649, target: 4381896, zebra_network: Testnet
1791660477.313156 runnervmmprz5 zainod-0.9.0[2988]:     at packages/zaino-state/src/chain_index/finalised_state/finalised_source/v1/write_core.rs:215
1791660479.530442 runnervmmprz5 zainod-0.9.0[2988]:   19:27:59.530  INFO zainodlib::indexer: Zaino status check, chain_state: Ready, fs_mode: ephemeral(syncing), json_rpc: Ready, grpc: Ready
1791660479.530442 runnervmmprz5 zainod-0.9.0[2988]:     at packages/zainod/src/indexer.rs:310
1791660480.914117 runnervmmprz5 zainod-0.9.0[2988]:   19:28:00.914  INFO zaino_serve::rpc::grpc::service: [TEST] received call, method: "get_lightd_info"
1791660480.914117 runnervmmprz5 zainod-0.9.0[2988]:     at packages/zaino-serve/src/rpc/grpc/service.rs:163
1791660480.919551 runnervmmprz5 zainod-0.9.0[2988]:   19:28:00.919  INFO zaino_serve::rpc::grpc::service: [TEST] received call, method: "get_block"
1791660480.919551 runnervmmprz5 zainod-0.9.0[2988]:     at packages/zaino-serve/src/rpc/grpc/service.rs:163
1791660480.920629 runnervmmprz5 zainod-0.9.0[2988]:   19:28:00.920  INFO zaino_serve::rpc::grpc::service: [TEST] received call, method: "get_block"
1791660480.920629 runnervmmprz5 zainod-0.9.0[2988]:     at packages/zaino-serve/src/rpc/grpc/service.rs:163
1791660485.920577 runnervmmprz5 zainod-0.9.0[2988]:   19:28:05.920  INFO zaino_serve::rpc::grpc::service: [TEST] received call, method: "get_lightd_info"
1791660485.920577 runnervmmprz5 zainod-0.9.0[2988]:     at packages/zaino-serve/src/rpc/grpc/service.rs:163
1791660485.926665 runnervmmprz5 zainod-0.9.0[2988]:   19:28:05.926  INFO zaino_serve::rpc::grpc::service: [TEST] received call, method: "get_block"
1791660485.926665 runnervmmprz5 zainod-0.9.0[2988]:     at packages/zaino-serve/src/rpc/grpc/service.rs:163
1791660485.927574 runnervmmprz5 zainod-0.9.0[2988]:   19:28:05.927  INFO zaino_serve::rpc::grpc::service: [TEST] received call, method: "get_block"
1791660485.927574 runnervmmprz5 zainod-0.9.0[2988]:     at packages/zaino-serve/src/rpc/grpc/service.rs:163
1791660487.373789 runnervmmprz5 zainod-0.9.0[2988]:   19:28:07.373  INFO zaino_state::chain_index::finalised_state::finalised_source::v1::write_core: write_blocks_to_height: syncing, current: 284233, target: 4381896, zebra_network: Testnet
1791660487.373789 runnervmmprz5 zainod-0.9.0[2988]:     at packages/zaino-state/src/chain_index/finalised_state/finalised_source/v1/write_core.rs:215
1791660489.630535 runnervmmprz5 zainod-0.9.0[2988]:   19:28:09.630  INFO zainodlib::indexer: Zaino status check, chain_state: Ready, fs_mode: ephemeral(syncing), json_rpc: Ready, grpc: Ready
1791660489.630535 runnervmmprz5 zainod-0.9.0[2988]:     at packages/zainod/src/indexer.rs:310
1791660490.916098 runnervmmprz5 zainod-0.9.0[2988]:   19:28:10.916  INFO zaino_serve::rpc::grpc::service: [TEST] received call, method: "get_lightd_info"
1791660490.916098 runnervmmprz5 zainod-0.9.0[2988]:     at packages/zaino-serve/src/rpc/grpc/service.rs:163
1791660490.922171 runnervmmprz5 zainod-0.9.0[2988]:   19:28:10.922  INFO zaino_serve::rpc::grpc::service: [TEST] received call, method: "get_block"
1791660490.922171 runnervmmprz5 zainod-0.9.0[2988]:     at packages/zaino-serve/src/rpc/grpc/service.rs:163
1791660490.922806 runnervmmprz5 zainod-0.9.0[2988]:   19:28:10.922  INFO zaino_serve::rpc::grpc::service: [TEST] received call, method: "get_block"
1791660490.922806 runnervmmprz5 zainod-0.9.0[2988]:     at packages/zaino-serve/src/rpc/grpc/service.rs:163
1791660495.294552 runnervmmprz5 zainod-0.9.0[2988]:   19:28:15.294  INFO zaino_state::chain_index::finalised_state::finalised_source::v1::write_core: write_blocks_to_height: committed batch, height: 199999, blocks: 100000
1791660495.294552 runnervmmprz5 zainod-0.9.0[2988]:     at packages/zaino-state/src/chain_index/finalised_state/finalised_source/v1/write_core.rs:650
1791660495.919730 runnervmmprz5 zainod-0.9.0[2988]:   19:28:15.919  INFO zaino_serve::rpc::grpc::service: [TEST] received call, method: "get_lightd_info"
1791660495.919730 runnervmmprz5 zainod-0.9.0[2988]:     at packages/zaino-serve/src/rpc/grpc/service.rs:163
1791660495.926936 runnervmmprz5 zainod-0.9.0[2988]:   19:28:15.926  INFO zaino_serve::rpc::grpc::service: [TEST] received call, method: "get_block"
1791660495.926936 runnervmmprz5 zainod-0.9.0[2988]:     at packages/zaino-serve/src/rpc/grpc/service.rs:163
1791660495.927761 runnervmmprz5 zainod-0.9.0[2988]:   19:28:15.927  INFO zaino_serve::rpc::grpc::service: [TEST] received call, method: "get_block"
1791660495.927761 runnervmmprz5 zainod-0.9.0[2988]:     at packages/zaino-serve/src/rpc/grpc/service.rs:163
1791660497.374177 runnervmmprz5 zainod-0.9.0[2988]:   19:28:17.374  INFO zaino_state::chain_index::finalised_state::finalised_source::v1::write_core: write_blocks_to_height: syncing, current: 308363, target: 4381896, zebra_network: Testnet
1791660497.374177 runnervmmprz5 zainod-0.9.0[2988]:     at packages/zaino-state/src/chain_index/finalised_state/finalised_source/v1/write_core.rs:215
1791660499.730075 runnervmmprz5 zainod-0.9.0[2988]:   19:28:19.730  INFO zainodlib::indexer: Zaino status check, chain_state: Ready, fs_mode: ephemeral(syncing), json_rpc: Ready, grpc: Ready
1791660499.730075 runnervmmprz5 zainod-0.9.0[2988]:     at packages/zainod/src/indexer.rs:310
1791660500.917917 runnervmmprz5 zainod-0.9.0[2988]:   19:28:20.917  INFO zaino_serve::rpc::grpc::service: [TEST] received call, method: "get_lightd_info"
1791660500.917917 runnervmmprz5 zainod-0.9.0[2988]:     at packages/zaino-serve/src/rpc/grpc/service.rs:163
1791660500.922835 runnervmmprz5 zainod-0.9.0[2988]:   19:28:20.922  INFO zaino_serve::rpc::grpc::service: [TEST] received call, method: "get_block"
1791660500.922835 runnervmmprz5 zainod-0.9.0[2988]:     at packages/zaino-serve/src/rpc/grpc/service.rs:163
1791660500.924228 runnervmmprz5 zainod-0.9.0[2988]:   19:28:20.923  INFO zaino_serve::rpc::grpc::service: [TEST] received call, method: "get_block"
1791660500.924228 runnervmmprz5 zainod-0.9.0[2988]:     at packages/zaino-serve/src/rpc/grpc/service.rs:163
1791660505.919897 runnervmmprz5 zainod-0.9.0[2988]:   19:28:25.919  INFO zaino_serve::rpc::grpc::service: [TEST] received call, method: "get_lightd_info"
1791660505.919897 runnervmmprz5 zainod-0.9.0[2988]:     at packages/zaino-serve/src/rpc/grpc/service.rs:163
1791660505.925098 runnervmmprz5 zainod-0.9.0[2988]:   19:28:25.925  INFO zaino_serve::rpc::grpc::service: [TEST] received call, method: "get_block"
1791660505.925098 runnervmmprz5 zainod-0.9.0[2988]:     at packages/zaino-serve/src/rpc/grpc/service.rs:163
1791660505.925853 runnervmmprz5 zainod-0.9.0[2988]:   19:28:25.925  INFO zaino_serve::rpc::grpc::service: [TEST] received call, method: "get_block"
1791660505.925853 runnervmmprz5 zainod-0.9.0[2988]:     at packages/zaino-serve/src/rpc/grpc/service.rs:163
1791660507.374788 runnervmmprz5 zainod-0.9.0[2988]:   19:28:27.374  INFO zaino_state::chain_index::finalised_state::finalised_source::v1::write_core: write_blocks_to_height: syncing, current: 351200, target: 4381896, zebra_network: Testnet
1791660507.374788 runnervmmprz5 zainod-0.9.0[2988]:     at packages/zaino-state/src/chain_index/finalised_state/finalised_source/v1/write_core.rs:215
1791660509.730366 runnervmmprz5 zainod-0.9.0[2988]:   19:28:29.730  INFO zainodlib::indexer: Zaino status check, chain_state: Ready, fs_mode: ephemeral(syncing), json_rpc: Ready, grpc: Ready
1791660509.730366 runnervmmprz5 zainod-0.9.0[2988]:     at packages/zainod/src/indexer.rs:310
1791660510.919043 runnervmmprz5 zainod-0.9.0[2988]:   19:28:30.918  INFO zaino_serve::rpc::grpc::service: [TEST] received call, method: "get_lightd_info"
1791660510.919043 runnervmmprz5 zainod-0.9.0[2988]:     at packages/zaino-serve/src/rpc/grpc/service.rs:163
1791660510.924092 runnervmmprz5 zainod-0.9.0[2988]:   19:28:30.924  INFO zaino_serve::rpc::grpc::service: [TEST] received call, method: "get_block"
1791660510.924092 runnervmmprz5 zainod-0.9.0[2988]:     at packages/zaino-serve/src/rpc/grpc/service.rs:163
1791660510.925150 runnervmmprz5 zainod-0.9.0[2988]:   19:28:30.925  INFO zaino_serve::rpc::grpc::service: [TEST] received call, method: "get_block"
1791660510.925150 runnervmmprz5 zainod-0.9.0[2988]:     at packages/zaino-serve/src/rpc/grpc/service.rs:163
1791660515.922444 runnervmmprz5 zainod-0.9.0[2988]:   19:28:35.922  INFO zaino_serve::rpc::grpc::service: [TEST] received call, method: "get_lightd_info"
1791660515.922444 runnervmmprz5 zainod-0.9.0[2988]:     at packages/zaino-serve/src/rpc/grpc/service.rs:163
1791660515.927341 runnervmmprz5 zainod-0.9.0[2988]:   19:28:35.927  INFO zaino_serve::rpc::grpc::service: [TEST] received call, method: "get_block"
1791660515.927341 runnervmmprz5 zainod-0.9.0[2988]:     at packages/zaino-serve/src/rpc/grpc/service.rs:163
1791660515.928172 runnervmmprz5 zainod-0.9.0[2988]:   19:28:35.928  INFO zaino_serve::rpc::grpc::service: [TEST] received call, method: "get_block"
1791660515.928172 runnervmmprz5 zainod-0.9.0[2988]:     at packages/zaino-serve/src/rpc/grpc/service.rs:163
1791660517.192445 runnervmmprz5 zainod-0.9.0[2988]:   19:28:37.192  INFO zaino_state::chain_index::finalised_state::finalised_source::v1::write_core: write_blocks_to_height: committed batch, height: 299999, blocks: 100000
1791660517.192445 runnervmmprz5 zainod-0.9.0[2988]:     at packages/zaino-state/src/chain_index/finalised_state/finalised_source/v1/write_core.rs:650
1791660517.375049 runnervmmprz5 zainod-0.9.0[2988]:   19:28:37.374  INFO zaino_state::chain_index::finalised_state::finalised_source::v1::write_core: write_blocks_to_height: syncing, current: 400458, target: 4381896, zebra_network: Testnet
1791660517.375049 runnervmmprz5 zainod-0.9.0[2988]:     at packages/zaino-state/src/chain_index/finalised_state/finalised_source/v1/write_core.rs:215
1791660519.730480 runnervmmprz5 zainod-0.9.0[2988]:   19:28:39.730  INFO zainodlib::indexer: Zaino status check, chain_state: Ready, fs_mode: ephemeral(syncing), json_rpc: Ready, grpc: Ready
1791660519.730480 runnervmmprz5 zainod-0.9.0[2988]:     at packages/zainod/src/indexer.rs:310
1791660520.914208 runnervmmprz5 zainod-0.9.0[2988]:   19:28:40.914  INFO zaino_serve::rpc::grpc::service: [TEST] received call, method: "get_lightd_info"
1791660520.914208 runnervmmprz5 zainod-0.9.0[2988]:     at packages/zaino-serve/src/rpc/grpc/service.rs:163
1791660520.917593 runnervmmprz5 zainod-0.9.0[2988]:   19:28:40.917  INFO zaino_serve::rpc::grpc::service: [TEST] received call, method: "get_block"
1791660520.917593 runnervmmprz5 zainod-0.9.0[2988]:     at packages/zaino-serve/src/rpc/grpc/service.rs:163
1791660520.918241 runnervmmprz5 zainod-0.9.0[2988]:   19:28:40.918  INFO zaino_serve::rpc::grpc::service: [TEST] received call, method: "get_block"
1791660520.918241 runnervmmprz5 zainod-0.9.0[2988]:     at packages/zaino-serve/src/rpc/grpc/service.rs:163
1791660526.321035 runnervmmprz5 zainod-0.9.0[2988]:   19:28:46.320  INFO zaino_serve::rpc::grpc::service: [TEST] received call, method: "get_lightd_info"
1791660526.321035 runnervmmprz5 zainod-0.9.0[2988]:     at packages/zaino-serve/src/rpc/grpc/service.rs:163
1791660526.326156 runnervmmprz5 zainod-0.9.0[2988]:   19:28:46.326  INFO zaino_serve::rpc::grpc::service: [TEST] received call, method: "get_block"
1791660526.326156 runnervmmprz5 zainod-0.9.0[2988]:     at packages/zaino-serve/src/rpc/grpc/service.rs:163
1791660526.326996 runnervmmprz5 zainod-0.9.0[2988]:   19:28:46.326  INFO zaino_serve::rpc::grpc::service: [TEST] received call, method: "get_block"
1791660526.326996 runnervmmprz5 zainod-0.9.0[2988]:     at packages/zaino-serve/src/rpc/grpc/service.rs:163
1791660527.375407 runnervmmprz5 zainod-0.9.0[2988]:   19:28:47.375  INFO zaino_state::chain_index::finalised_state::finalised_source::v1::write_core: write_blocks_to_height: syncing, current: 440952, target: 4381896, zebra_network: Testnet
1791660527.375407 runnervmmprz5 zainod-0.9.0[2988]:     at packages/zaino-state/src/chain_index/finalised_state/finalised_source/v1/write_core.rs:215
1791660529.830056 runnervmmprz5 zainod-0.9.0[2988]:   19:28:49.829  INFO zainodlib::indexer: Zaino status check, chain_state: Ready, fs_mode: ephemeral(syncing), json_rpc: Ready, grpc: Ready
1791660529.830056 runnervmmprz5 zainod-0.9.0[2988]:     at packages/zainod/src/indexer.rs:310
1791660530.920438 runnervmmprz5 zainod-0.9.0[2988]:   19:28:50.920  INFO zaino_serve::rpc::grpc::service: [TEST] received call, method: "get_lightd_info"
1791660530.920438 runnervmmprz5 zainod-0.9.0[2988]:     at packages/zaino-serve/src/rpc/grpc/service.rs:163
1791660530.925270 runnervmmprz5 zainod-0.9.0[2988]:   19:28:50.925  INFO zaino_serve::rpc::grpc::service: [TEST] received call, method: "get_block"
1791660530.925270 runnervmmprz5 zainod-0.9.0[2988]:     at packages/zaino-serve/src/rpc/grpc/service.rs:163
1791660530.926330 runnervmmprz5 zainod-0.9.0[2988]:   19:28:50.926  INFO zaino_serve::rpc::grpc::service: [TEST] received call, method: "get_block"
1791660530.926330 runnervmmprz5 zainod-0.9.0[2988]:     at packages/zaino-serve/src/rpc/grpc/service.rs:163
1791660535.924090 runnervmmprz5 zainod-0.9.0[2988]:   19:28:55.924  INFO zaino_serve::rpc::grpc::service: [TEST] received call, method: "get_lightd_info"
1791660535.924090 runnervmmprz5 zainod-0.9.0[2988]:     at packages/zaino-serve/src/rpc/grpc/service.rs:163
1791660535.928802 runnervmmprz5 zainod-0.9.0[2988]:   19:28:55.928  INFO zaino_serve::rpc::grpc::service: [TEST] received call, method: "get_block"
1791660535.928802 runnervmmprz5 zainod-0.9.0[2988]:     at packages/zaino-serve/src/rpc/grpc/service.rs:163
1791660535.929886 runnervmmprz5 zainod-0.9.0[2988]:   19:28:55.929  INFO zaino_serve::rpc::grpc::service: [TEST] received call, method: "get_block"
1791660535.929886 runnervmmprz5 zainod-0.9.0[2988]:     at packages/zaino-serve/src/rpc/grpc/service.rs:163
1791660537.375867 runnervmmprz5 zainod-0.9.0[2988]:   19:28:57.375  INFO zaino_state::chain_index::finalised_state::finalised_source::v1::write_core: write_blocks_to_height: syncing, current: 487554, target: 4381896, zebra_network: Testnet
1791660537.375867 runnervmmprz5 zainod-0.9.0[2988]:     at packages/zaino-state/src/chain_index/finalised_state/finalised_source/v1/write_core.rs:215
1791660539.830451 runnervmmprz5 zainod-0.9.0[2988]:   19:28:59.830  INFO zainodlib::indexer: Zaino status check, chain_state: Ready, fs_mode: ephemeral(syncing), json_rpc: Ready, grpc: Ready
1791660539.830451 runnervmmprz5 zainod-0.9.0[2988]:     at packages/zainod/src/indexer.rs:310
1791660540.920798 runnervmmprz5 zainod-0.9.0[2988]:   19:29:00.920  INFO zaino_serve::rpc::grpc::service: [TEST] received call, method: "get_lightd_info"
1791660540.920798 runnervmmprz5 zainod-0.9.0[2988]:     at packages/zaino-serve/src/rpc/grpc/service.rs:163
1791660540.926063 runnervmmprz5 zainod-0.9.0[2988]:   19:29:00.926  INFO zaino_serve::rpc::grpc::service: [TEST] received call, method: "get_block"
1791660540.926063 runnervmmprz5 zainod-0.9.0[2988]:     at packages/zaino-serve/src/rpc/grpc/service.rs:163
1791660540.927011 runnervmmprz5 zainod-0.9.0[2988]:   19:29:00.926  INFO zaino_serve::rpc::grpc::service: [TEST] received call, method: "get_block"
1791660540.927011 runnervmmprz5 zainod-0.9.0[2988]:     at packages/zaino-serve/src/rpc/grpc/service.rs:163
1791660541.912866 runnervmmprz5 zainod-0.9.0[2988]:   19:29:01.912  INFO zaino_state::chain_index::finalised_state::finalised_source::v1::write_core: write_blocks_to_height: committed batch, height: 399999, blocks: 100000
1791660541.912866 runnervmmprz5 zainod-0.9.0[2988]:     at packages/zaino-state/src/chain_index/finalised_state/finalised_source/v1/write_core.rs:650
1791660545.918215 runnervmmprz5 zainod-0.9.0[2988]:   19:29:05.918  INFO zaino_serve::rpc::grpc::service: [TEST] received call, method: "get_lightd_info"
1791660545.918215 runnervmmprz5 zainod-0.9.0[2988]:     at packages/zaino-serve/src/rpc/grpc/service.rs:163
1791660545.921702 runnervmmprz5 zainod-0.9.0[2988]:   19:29:05.921  INFO zaino_serve::rpc::grpc::service: [TEST] received call, method: "get_block"
1791660545.921702 runnervmmprz5 zainod-0.9.0[2988]:     at packages/zaino-serve/src/rpc/grpc/service.rs:163
1791660545.922403 runnervmmprz5 zainod-0.9.0[2988]:   19:29:05.922  INFO zaino_serve::rpc::grpc::service: [TEST] received call, method: "get_block"
1791660545.922403 runnervmmprz5 zainod-0.9.0[2988]:     at packages/zaino-serve/src/rpc/grpc/service.rs:163
1791660547.375918 runnervmmprz5 zainod-0.9.0[2988]:   19:29:07.375  INFO zaino_state::chain_index::finalised_state::finalised_source::v1::write_core: write_blocks_to_height: syncing, current: 516460, target: 4381896, zebra_network: Testnet
1791660547.375918 runnervmmprz5 zainod-0.9.0[2988]:     at packages/zaino-state/src/chain_index/finalised_state/finalised_source/v1/write_core.rs:215
1791660549.930184 runnervmmprz5 zainod-0.9.0[2988]:   19:29:09.930  INFO zainodlib::indexer: Zaino status check, chain_state: Ready, fs_mode: ephemeral(syncing), json_rpc: Ready, grpc: Ready
1791660549.930184 runnervmmprz5 zainod-0.9.0[2988]:     at packages/zainod/src/indexer.rs:310
1791660550.922273 runnervmmprz5 zainod-0.9.0[2988]:   19:29:10.922  INFO zaino_serve::rpc::grpc::service: [TEST] received call, method: "get_lightd_info"
1791660550.922273 runnervmmprz5 zainod-0.9.0[2988]:     at packages/zaino-serve/src/rpc/grpc/service.rs:163
1791660550.927529 runnervmmprz5 zainod-0.9.0[2988]:   19:29:10.927  INFO zaino_serve::rpc::grpc::service: [TEST] received call, method: "get_block"
1791660550.927529 runnervmmprz5 zainod-0.9.0[2988]:     at packages/zaino-serve/src/rpc/grpc/service.rs:163
1791660550.928301 runnervmmprz5 zainod-0.9.0[2988]:   19:29:10.928  INFO zaino_serve::rpc::grpc::service: [TEST] received call, method: "get_block"
1791660550.928301 runnervmmprz5 zainod-0.9.0[2988]:     at packages/zaino-serve/src/rpc/grpc/service.rs:163
1791660555.925362 runnervmmprz5 zainod-0.9.0[2988]:   19:29:15.925  INFO zaino_serve::rpc::grpc::service: [TEST] received call, method: "get_lightd_info"
1791660555.925362 runnervmmprz5 zainod-0.9.0[2988]:     at packages/zaino-serve/src/rpc/grpc/service.rs:163
1791660555.931393 runnervmmprz5 zainod-0.9.0[2988]:   19:29:15.931  INFO zaino_serve::rpc::grpc::service: [TEST] received call, method: "get_block"
1791660555.931393 runnervmmprz5 zainod-0.9.0[2988]:     at packages/zaino-serve/src/rpc/grpc/service.rs:163
1791660555.932269 runnervmmprz5 zainod-0.9.0[2988]:   19:29:15.932  INFO zaino_serve::rpc::grpc::service: [TEST] received call, method: "get_block"
1791660555.932269 runnervmmprz5 zainod-0.9.0[2988]:     at packages/zaino-serve/src/rpc/grpc/service.rs:163
1791660557.376235 runnervmmprz5 zainod-0.9.0[2988]:   19:29:17.376  INFO zaino_state::chain_index::finalised_state::finalised_source::v1::write_core: write_blocks_to_height: syncing, current: 562396, target: 4381896, zebra_network: Testnet
1791660557.376235 runnervmmprz5 zainod-0.9.0[2988]:     at packages/zaino-state/src/chain_index/finalised_state/finalised_source/v1/write_core.rs:215
1791660560.030363 runnervmmprz5 zainod-0.9.0[2988]:   19:29:20.030  INFO zainodlib::indexer: Zaino status check, chain_state: Ready, fs_mode: ephemeral(syncing), json_rpc: Ready, grpc: Ready
1791660560.030363 runnervmmprz5 zainod-0.9.0[2988]:     at packages/zainod/src/indexer.rs:310
1791660560.924541 runnervmmprz5 zainod-0.9.0[2988]:   19:29:20.924  INFO zaino_serve::rpc::grpc::service: [TEST] received call, method: "get_lightd_info"
1791660560.924541 runnervmmprz5 zainod-0.9.0[2988]:     at packages/zaino-serve/src/rpc/grpc/service.rs:163
1791660560.929636 runnervmmprz5 zainod-0.9.0[2988]:   19:29:20.929  INFO zaino_serve::rpc::grpc::service: [TEST] received call, method: "get_block"
1791660560.929636 runnervmmprz5 zainod-0.9.0[2988]:     at packages/zaino-serve/src/rpc/grpc/service.rs:163
1791660560.930507 runnervmmprz5 zainod-0.9.0[2988]:   19:29:20.930  INFO zaino_serve::rpc::grpc::service: [TEST] received call, method: "get_block"
1791660560.930507 runnervmmprz5 zainod-0.9.0[2988]:     at packages/zaino-serve/src/rpc/grpc/service.rs:163
1791660565.491893 runnervmmprz5 zainod-0.9.0[2988]:   19:29:25.491  INFO zaino_state::chain_index::finalised_state::finalised_source::v1::write_core: write_blocks_to_height: committed batch, height: 499999, blocks: 100000
1791660565.491893 runnervmmprz5 zainod-0.9.0[2988]:     at packages/zaino-state/src/chain_index/finalised_state/finalised_source/v1/write_core.rs:650
1791660565.928883 runnervmmprz5 zainod-0.9.0[2988]:   19:29:25.928  INFO zaino_serve::rpc::grpc::service: [TEST] received call, method: "get_lightd_info"
1791660565.928883 runnervmmprz5 zainod-0.9.0[2988]:     at packages/zaino-serve/src/rpc/grpc/service.rs:163
1791660565.934175 runnervmmprz5 zainod-0.9.0[2988]:   19:29:25.934  INFO zaino_serve::rpc::grpc::service: [TEST] received call, method: "get_block"
1791660565.934175 runnervmmprz5 zainod-0.9.0[2988]:     at packages/zaino-serve/src/rpc/grpc/service.rs:163
1791660565.935464 runnervmmprz5 zainod-0.9.0[2988]:   19:29:25.935  INFO zaino_serve::rpc::grpc::service: [TEST] received call, method: "get_block"
1791660565.935464 runnervmmprz5 zainod-0.9.0[2988]:     at packages/zaino-serve/src/rpc/grpc/service.rs:163
1791660567.376790 runnervmmprz5 zainod-0.9.0[2988]:   19:29:27.376  INFO zaino_state::chain_index::finalised_state::finalised_source::v1::write_core: write_blocks_to_height: syncing, current: 607802, target: 4381896, zebra_network: Testnet
1791660567.376790 runnervmmprz5 zainod-0.9.0[2988]:     at packages/zaino-state/src/chain_index/finalised_state/finalised_source/v1/write_core.rs:215
1791660570.130137 runnervmmprz5 zainod-0.9.0[2988]:   19:29:30.130  INFO zainodlib::indexer: Zaino status check, chain_state: Ready, fs_mode: ephemeral(syncing), json_rpc: Ready, grpc: Ready
1791660570.130137 runnervmmprz5 zainod-0.9.0[2988]:     at packages/zainod/src/indexer.rs:310
1791660570.924168 runnervmmprz5 zainod-0.9.0[2988]:   19:29:30.924  INFO zaino_serve::rpc::grpc::service: [TEST] received call, method: "get_lightd_info"
1791660570.924168 runnervmmprz5 zainod-0.9.0[2988]:     at packages/zaino-serve/src/rpc/grpc/service.rs:163
1791660570.929004 runnervmmprz5 zainod-0.9.0[2988]:   19:29:30.928  INFO zaino_serve::rpc::grpc::service: [TEST] received call, method: "get_block"
1791660570.929004 runnervmmprz5 zainod-0.9.0[2988]:     at packages/zaino-serve/src/rpc/grpc/service.rs:163
1791660570.930032 runnervmmprz5 zainod-0.9.0[2988]:   19:29:30.930  INFO zaino_serve::rpc::grpc::service: [TEST] received call, method: "get_block"
1791660570.930032 runnervmmprz5 zainod-0.9.0[2988]:     at packages/zaino-serve/src/rpc/grpc/service.rs:163
1791660575.927052 runnervmmprz5 zainod-0.9.0[2988]:   19:29:35.927  INFO zaino_serve::rpc::grpc::service: [TEST] received call, method: "get_lightd_info"
1791660575.927052 runnervmmprz5 zainod-0.9.0[2988]:     at packages/zaino-serve/src/rpc/grpc/service.rs:163
1791660575.932366 runnervmmprz5 zainod-0.9.0[2988]:   19:29:35.932  INFO zaino_serve::rpc::grpc::service: [TEST] received call, method: "get_block"
1791660575.932366 runnervmmprz5 zainod-0.9.0[2988]:     at packages/zaino-serve/src/rpc/grpc/service.rs:163
1791660575.933358 runnervmmprz5 zainod-0.9.0[2988]:   19:29:35.933  INFO zaino_serve::rpc::grpc::service: [TEST] received call, method: "get_block"
1791660575.933358 runnervmmprz5 zainod-0.9.0[2988]:     at packages/zaino-serve/src/rpc/grpc/service.rs:163
1791660577.377414 runnervmmprz5 zainod-0.9.0[2988]:   19:29:37.377  INFO zaino_state::chain_index::finalised_state::finalised_source::v1::write_core: write_blocks_to_height: syncing, current: 646475, target: 4381896, zebra_network: Testnet
1791660577.377414 runnervmmprz5 zainod-0.9.0[2988]:     at packages/zaino-state/src/chain_index/finalised_state/finalised_source/v1/write_core.rs:215
1791660580.229709 runnervmmprz5 zainod-0.9.0[2988]:   19:29:40.229  INFO zainodlib::indexer: Zaino status check, chain_state: Ready, fs_mode: ephemeral(syncing), json_rpc: Ready, grpc: Ready
1791660580.229709 runnervmmprz5 zainod-0.9.0[2988]:     at packages/zainod/src/indexer.rs:310
1791660580.924675 runnervmmprz5 zainod-0.9.0[2988]:   19:29:40.924  INFO zaino_serve::rpc::grpc::service: [TEST] received call, method: "get_lightd_info"
1791660580.924675 runnervmmprz5 zainod-0.9.0[2988]:     at packages/zaino-serve/src/rpc/grpc/service.rs:163
1791660580.930222 runnervmmprz5 zainod-0.9.0[2988]:   19:29:40.930  INFO zaino_serve::rpc::grpc::service: [TEST] received call, method: "get_block"
1791660580.930222 runnervmmprz5 zainod-0.9.0[2988]:     at packages/zaino-serve/src/rpc/grpc/service.rs:163
1791660580.932229 runnervmmprz5 zainod-0.9.0[2988]:   19:29:40.932  INFO zaino_serve::rpc::grpc::service: [TEST] received call, method: "get_block"
1791660580.932229 runnervmmprz5 zainod-0.9.0[2988]:     at packages/zaino-serve/src/rpc/grpc/service.rs:163
1791660585.929229 runnervmmprz5 zainod-0.9.0[2988]:   19:29:45.929  INFO zaino_serve::rpc::grpc::service: [TEST] received call, method: "get_lightd_info"
1791660585.929229 runnervmmprz5 zainod-0.9.0[2988]:     at packages/zaino-serve/src/rpc/grpc/service.rs:163
1791660585.933574 runnervmmprz5 zainod-0.9.0[2988]:   19:29:45.933  INFO zaino_serve::rpc::grpc::service: [TEST] received call, method: "get_block"
1791660585.933574 runnervmmprz5 zainod-0.9.0[2988]:     at packages/zaino-serve/src/rpc/grpc/service.rs:163
1791660585.934531 runnervmmprz5 zainod-0.9.0[2988]:   19:29:45.934  INFO zaino_serve::rpc::grpc::service: [TEST] received call, method: "get_block"
1791660585.934531 runnervmmprz5 zainod-0.9.0[2988]:     at packages/zaino-serve/src/rpc/grpc/service.rs:163
1791660587.377812 runnervmmprz5 zainod-0.9.0[2988]:   19:29:47.377  INFO zaino_state::chain_index::finalised_state::finalised_source::v1::write_core: write_blocks_to_height: syncing, current: 694214, target: 4381896, zebra_network: Testnet
1791660587.377812 runnervmmprz5 zainod-0.9.0[2988]:     at packages/zaino-state/src/chain_index/finalised_state/finalised_source/v1/write_core.rs:215
1791660588.486886 runnervmmprz5 zainod-0.9.0[2988]:   19:29:48.486  INFO zaino_state::chain_index::finalised_state::finalised_source::v1::write_core: write_blocks_to_height: committed batch, height: 599999, blocks: 100000
1791660588.486886 runnervmmprz5 zainod-0.9.0[2988]:     at packages/zaino-state/src/chain_index/finalised_state/finalised_source/v1/write_core.rs:650
1791660590.230627 runnervmmprz5 zainod-0.9.0[2988]:   19:29:50.230  INFO zainodlib::indexer: Zaino status check, chain_state: Ready, fs_mode: ephemeral(syncing), json_rpc: Ready, grpc: Ready
1791660590.230627 runnervmmprz5 zainod-0.9.0[2988]:     at packages/zainod/src/indexer.rs:310
1791660590.927368 runnervmmprz5 zainod-0.9.0[2988]:   19:29:50.927  INFO zaino_serve::rpc::grpc::service: [TEST] received call, method: "get_lightd_info"
1791660590.927368 runnervmmprz5 zainod-0.9.0[2988]:     at packages/zaino-serve/src/rpc/grpc/service.rs:163
1791660590.933462 runnervmmprz5 zainod-0.9.0[2988]:   19:29:50.933  INFO zaino_serve::rpc::grpc::service: [TEST] received call, method: "get_block"
1791660590.933462 runnervmmprz5 zainod-0.9.0[2988]:     at packages/zaino-serve/src/rpc/grpc/service.rs:163
1791660590.934732 runnervmmprz5 zainod-0.9.0[2988]:   19:29:50.934  INFO zaino_serve::rpc::grpc::service: [TEST] received call, method: "get_block"
1791660590.934732 runnervmmprz5 zainod-0.9.0[2988]:     at packages/zaino-serve/src/rpc/grpc/service.rs:163
1791660595.934321 runnervmmprz5 zainod-0.9.0[2988]:   19:29:55.934  INFO zaino_serve::rpc::grpc::service: [TEST] received call, method: "get_lightd_info"
1791660595.934321 runnervmmprz5 zainod-0.9.0[2988]:     at packages/zaino-serve/src/rpc/grpc/service.rs:163
1791660595.939887 runnervmmprz5 zainod-0.9.0[2988]:   19:29:55.939  INFO zaino_serve::rpc::grpc::service: [TEST] received call, method: "get_block"
1791660595.939887 runnervmmprz5 zainod-0.9.0[2988]:     at packages/zaino-serve/src/rpc/grpc/service.rs:163
1791660595.941271 runnervmmprz5 zainod-0.9.0[2988]:   19:29:55.941  INFO zaino_serve::rpc::grpc::service: [TEST] received call, method: "get_block"
1791660595.941271 runnervmmprz5 zainod-0.9.0[2988]:     at packages/zaino-serve/src/rpc/grpc/service.rs:163
1791660597.377869 runnervmmprz5 zainod-0.9.0[2988]:   19:29:57.377  INFO zaino_state::chain_index::finalised_state::finalised_source::v1::write_core: write_blocks_to_height: syncing, current: 729723, target: 4381896, zebra_network: Testnet
1791660597.377869 runnervmmprz5 zainod-0.9.0[2988]:     at packages/zaino-state/src/chain_index/finalised_state/finalised_source/v1/write_core.rs:215
1791660600.330106 runnervmmprz5 zainod-0.9.0[2988]:   19:30:00.330  INFO zainodlib::indexer: Zaino status check, chain_state: Ready, fs_mode: ephemeral(syncing), json_rpc: Ready, grpc: Ready
1791660600.330106 runnervmmprz5 zainod-0.9.0[2988]:     at packages/zainod/src/indexer.rs:310
1791660600.933289 runnervmmprz5 zainod-0.9.0[2988]:   19:30:00.933  INFO zaino_serve::rpc::grpc::service: [TEST] received call, method: "get_lightd_info"
1791660600.933289 runnervmmprz5 zainod-0.9.0[2988]:     at packages/zaino-serve/src/rpc/grpc/service.rs:163
1791660600.938190 runnervmmprz5 zainod-0.9.0[2988]:   19:30:00.938  INFO zaino_serve::rpc::grpc::service: [TEST] received call, method: "get_block"
1791660600.938190 runnervmmprz5 zainod-0.9.0[2988]:     at packages/zaino-serve/src/rpc/grpc/service.rs:163
1791660600.939634 runnervmmprz5 zainod-0.9.0[2988]:   19:30:00.939  INFO zaino_serve::rpc::grpc::service: [TEST] received call, method: "get_block"
1791660600.939634 runnervmmprz5 zainod-0.9.0[2988]:     at packages/zaino-serve/src/rpc/grpc/service.rs:163
1791660605.931841 runnervmmprz5 zainod-0.9.0[2988]:   19:30:05.931  INFO zaino_serve::rpc::grpc::service: [TEST] received call, method: "get_lightd_info"
1791660605.931841 runnervmmprz5 zainod-0.9.0[2988]:     at packages/zaino-serve/src/rpc/grpc/service.rs:163
1791660605.937310 runnervmmprz5 zainod-0.9.0[2988]:   19:30:05.937  INFO zaino_serve::rpc::grpc::service: [TEST] received call, method: "get_block"
1791660605.937310 runnervmmprz5 zainod-0.9.0[2988]:     at packages/zaino-serve/src/rpc/grpc/service.rs:163
1791660605.938081 runnervmmprz5 zainod-0.9.0[2988]:   19:30:05.938  INFO zaino_serve::rpc::grpc::service: [TEST] received call, method: "get_block"
1791660605.938081 runnervmmprz5 zainod-0.9.0[2988]:     at packages/zaino-serve/src/rpc/grpc/service.rs:163
1791660607.378100 runnervmmprz5 zainod-0.9.0[2988]:   19:30:07.378  INFO zaino_state::chain_index::finalised_state::finalised_source::v1::write_core: write_blocks_to_height: syncing, current: 781479, target: 4381896, zebra_network: Testnet
1791660607.378100 runnervmmprz5 zainod-0.9.0[2988]:     at packages/zaino-state/src/chain_index/finalised_state/finalised_source/v1/write_core.rs:215
1791660610.430205 runnervmmprz5 zainod-0.9.0[2988]:   19:30:10.430  INFO zainodlib::indexer: Zaino status check, chain_state: Ready, fs_mode: ephemeral(syncing), json_rpc: Ready, grpc: Ready
1791660610.430205 runnervmmprz5 zainod-0.9.0[2988]:     at packages/zainod/src/indexer.rs:310
1791660610.886393 runnervmmprz5 zainod-0.9.0[2988]:   19:30:10.886  INFO zaino_state::chain_index::finalised_state::finalised_source::v1::write_core: write_blocks_to_height: committed batch, height: 699999, blocks: 100000
1791660610.886393 runnervmmprz5 zainod-0.9.0[2988]:     at packages/zaino-state/src/chain_index/finalised_state/finalised_source/v1/write_core.rs:650
1791660610.924368 runnervmmprz5 zainod-0.9.0[2988]:   19:30:10.924  INFO zaino_serve::rpc::grpc::service: [TEST] received call, method: "get_lightd_info"
1791660610.924368 runnervmmprz5 zainod-0.9.0[2988]:     at packages/zaino-serve/src/rpc/grpc/service.rs:163
1791660610.930292 runnervmmprz5 zainod-0.9.0[2988]:   19:30:10.930  INFO zaino_serve::rpc::grpc::service: [TEST] received call, method: "get_block"
1791660610.930292 runnervmmprz5 zainod-0.9.0[2988]:     at packages/zaino-serve/src/rpc/grpc/service.rs:163
1791660610.931654 runnervmmprz5 zainod-0.9.0[2988]:   19:30:10.931  INFO zaino_serve::rpc::grpc::service: [TEST] received call, method: "get_block"
1791660610.931654 runnervmmprz5 zainod-0.9.0[2988]:     at packages/zaino-serve/src/rpc/grpc/service.rs:163
1791660615.930219 runnervmmprz5 zainod-0.9.0[2988]:   19:30:15.930  INFO zaino_serve::rpc::grpc::service: [TEST] received call, method: "get_lightd_info"
1791660615.930219 runnervmmprz5 zainod-0.9.0[2988]:     at packages/zaino-serve/src/rpc/grpc/service.rs:163
1791660615.935733 runnervmmprz5 zainod-0.9.0[2988]:   19:30:15.935  INFO zaino_serve::rpc::grpc::service: [TEST] received call, method: "get_block"
1791660615.935733 runnervmmprz5 zainod-0.9.0[2988]:     at packages/zaino-serve/src/rpc/grpc/service.rs:163
1791660615.936581 runnervmmprz5 zainod-0.9.0[2988]:   19:30:15.936  INFO zaino_serve::rpc::grpc::service: [TEST] received call, method: "get_block"
1791660615.936581 runnervmmprz5 zainod-0.9.0[2988]:     at packages/zaino-serve/src/rpc/grpc/service.rs:163
1791660617.378188 runnervmmprz5 zainod-0.9.0[2988]:   19:30:17.378  INFO zaino_state::chain_index::finalised_state::finalised_source::v1::write_core: write_blocks_to_height: syncing, current: 819814, target: 4381896, zebra_network: Testnet
1791660617.378188 runnervmmprz5 zainod-0.9.0[2988]:     at packages/zaino-state/src/chain_index/finalised_state/finalised_source/v1/write_core.rs:215
1791660620.430323 runnervmmprz5 zainod-0.9.0[2988]:   19:30:20.430  INFO zainodlib::indexer: Zaino status check, chain_state: Ready, fs_mode: ephemeral(syncing), json_rpc: Ready, grpc: Ready
1791660620.430323 runnervmmprz5 zainod-0.9.0[2988]:     at packages/zainod/src/indexer.rs:310
1791660620.930903 runnervmmprz5 zainod-0.9.0[2988]:   19:30:20.930  INFO zaino_serve::rpc::grpc::service: [TEST] received call, method: "get_lightd_info"
1791660620.930903 runnervmmprz5 zainod-0.9.0[2988]:     at packages/zaino-serve/src/rpc/grpc/service.rs:163
1791660620.936118 runnervmmprz5 zainod-0.9.0[2988]:   19:30:20.936  INFO zaino_serve::rpc::grpc::service: [TEST] received call, method: "get_block"
1791660620.936118 runnervmmprz5 zainod-0.9.0[2988]:     at packages/zaino-serve/src/rpc/grpc/service.rs:163
1791660620.937022 runnervmmprz5 zainod-0.9.0[2988]:   19:30:20.936  INFO zaino_serve::rpc::grpc::service: [TEST] received call, method: "get_block"
1791660620.937022 runnervmmprz5 zainod-0.9.0[2988]:     at packages/zaino-serve/src/rpc/grpc/service.rs:163
1791660625.931912 runnervmmprz5 zainod-0.9.0[2988]:   19:30:25.931  INFO zaino_serve::rpc::grpc::service: [TEST] received call, method: "get_lightd_info"
1791660625.931912 runnervmmprz5 zainod-0.9.0[2988]:     at packages/zaino-serve/src/rpc/grpc/service.rs:163
1791660625.936901 runnervmmprz5 zainod-0.9.0[2988]:   19:30:25.936  INFO zaino_serve::rpc::grpc::service: [TEST] received call, method: "get_block"
1791660625.936901 runnervmmprz5 zainod-0.9.0[2988]:     at packages/zaino-serve/src/rpc/grpc/service.rs:163
1791660625.937803 runnervmmprz5 zainod-0.9.0[2988]:   19:30:25.937  INFO zaino_serve::rpc::grpc::service: [TEST] received call, method: "get_block"
1791660625.937803 runnervmmprz5 zainod-0.9.0[2988]:     at packages/zaino-serve/src/rpc/grpc/service.rs:163
1791660627.378343 runnervmmprz5 zainod-0.9.0[2988]:   19:30:27.378  INFO zaino_state::chain_index::finalised_state::finalised_source::v1::write_core: write_blocks_to_height: syncing, current: 870871, target: 4381896, zebra_network: Testnet
1791660627.378343 runnervmmprz5 zainod-0.9.0[2988]:     at packages/zaino-state/src/chain_index/finalised_state/finalised_source/v1/write_core.rs:215
1791660630.529996 runnervmmprz5 zainod-0.9.0[2988]:   19:30:30.529  INFO zainodlib::indexer: Zaino status check, chain_state: Ready, fs_mode: ephemeral(syncing), json_rpc: Ready, grpc: Ready
1791660630.529996 runnervmmprz5 zainod-0.9.0[2988]:     at packages/zainod/src/indexer.rs:310
1791660630.931382 runnervmmprz5 zainod-0.9.0[2988]:   19:30:30.931  INFO zaino_serve::rpc::grpc::service: [TEST] received call, method: "get_lightd_info"
1791660630.931382 runnervmmprz5 zainod-0.9.0[2988]:     at packages/zaino-serve/src/rpc/grpc/service.rs:163
1791660630.936264 runnervmmprz5 zainod-0.9.0[2988]:   19:30:30.936  INFO zaino_serve::rpc::grpc::service: [TEST] received call, method: "get_block"
1791660630.936264 runnervmmprz5 zainod-0.9.0[2988]:     at packages/zaino-serve/src/rpc/grpc/service.rs:163
1791660630.937368 runnervmmprz5 zainod-0.9.0[2988]:   19:30:30.937  INFO zaino_serve::rpc::grpc::service: [TEST] received call, method: "get_block"
1791660630.937368 runnervmmprz5 zainod-0.9.0[2988]:     at packages/zaino-serve/src/rpc/grpc/service.rs:163
1791660633.098891 runnervmmprz5 zainod-0.9.0[2988]:   19:30:33.098  INFO zaino_state::chain_index::finalised_state::finalised_source::v1::write_core: write_blocks_to_height: committed batch, height: 799999, blocks: 100000
1791660633.098891 runnervmmprz5 zainod-0.9.0[2988]:     at packages/zaino-state/src/chain_index/finalised_state/finalised_source/v1/write_core.rs:650
1791660635.927907 runnervmmprz5 zainod-0.9.0[2988]:   19:30:35.927  INFO zaino_serve::rpc::grpc::service: [TEST] received call, method: "get_lightd_info"
1791660635.927907 runnervmmprz5 zainod-0.9.0[2988]:     at packages/zaino-serve/src/rpc/grpc/service.rs:163
1791660635.931289 runnervmmprz5 zainod-0.9.0[2988]:   19:30:35.931  INFO zaino_serve::rpc::grpc::service: [TEST] received call, method: "get_block"
1791660635.931289 runnervmmprz5 zainod-0.9.0[2988]:     at packages/zaino-serve/src/rpc/grpc/service.rs:163
1791660635.931996 runnervmmprz5 zainod-0.9.0[2988]:   19:30:35.931  INFO zaino_serve::rpc::grpc::service: [TEST] received call, method: "get_block"
1791660635.931996 runnervmmprz5 zainod-0.9.0[2988]:     at packages/zaino-serve/src/rpc/grpc/service.rs:163
1791660637.400854 runnervmmprz5 zainod-0.9.0[2988]:   19:30:37.400  INFO zaino_state::chain_index::finalised_state::finalised_source::v1::write_core: write_blocks_to_height: syncing, current: 912410, target: 4381896, zebra_network: Testnet
1791660637.400854 runnervmmprz5 zainod-0.9.0[2988]:     at packages/zaino-state/src/chain_index/finalised_state/finalised_source/v1/write_core.rs:215
1791660640.596946 runnervmmprz5 zainod-0.9.0[2988]:   19:30:40.596  INFO zainodlib::indexer: Zaino status check, chain_state: Syncing, fs_mode: ephemeral(syncing), json_rpc: Ready, grpc: Ready
1791660640.596946 runnervmmprz5 zainod-0.9.0[2988]:     at packages/zainod/src/indexer.rs:310
1791660640.931491 runnervmmprz5 zainod-0.9.0[2988]:   19:30:40.931  INFO zaino_serve::rpc::grpc::service: [TEST] received call, method: "get_lightd_info"
1791660640.931491 runnervmmprz5 zainod-0.9.0[2988]:     at packages/zaino-serve/src/rpc/grpc/service.rs:163
1791660640.936102 runnervmmprz5 zainod-0.9.0[2988]:   19:30:40.936  INFO zaino_serve::rpc::grpc::service: [TEST] received call, method: "get_block"
1791660640.936102 runnervmmprz5 zainod-0.9.0[2988]:     at packages/zaino-serve/src/rpc/grpc/service.rs:163
1791660640.936949 runnervmmprz5 zainod-0.9.0[2988]:   19:30:40.936  INFO zaino_serve::rpc::grpc::service: [TEST] received call, method: "get_block"
1791660640.936949 runnervmmprz5 zainod-0.9.0[2988]:     at packages/zaino-serve/src/rpc/grpc/service.rs:163
1791660645.934882 runnervmmprz5 zainod-0.9.0[2988]:   19:30:45.934  INFO zaino_serve::rpc::grpc::service: [TEST] received call, method: "get_lightd_info"
1791660645.934882 runnervmmprz5 zainod-0.9.0[2988]:     at packages/zaino-serve/src/rpc/grpc/service.rs:163
1791660645.940830 runnervmmprz5 zainod-0.9.0[2988]:   19:30:45.940  INFO zaino_serve::rpc::grpc::service: [TEST] received call, method: "get_block"
1791660645.940830 runnervmmprz5 zainod-0.9.0[2988]:     at packages/zaino-serve/src/rpc/grpc/service.rs:163
1791660645.941830 runnervmmprz5 zainod-0.9.0[2988]:   19:30:45.941  INFO zaino_serve::rpc::grpc::service: [TEST] received call, method: "get_block"
1791660645.941830 runnervmmprz5 zainod-0.9.0[2988]:     at packages/zaino-serve/src/rpc/grpc/service.rs:163
1791660647.402130 runnervmmprz5 zainod-0.9.0[2988]:   19:30:47.402  INFO zaino_state::chain_index::finalised_state::finalised_source::v1::write_core: write_blocks_to_height: syncing, current: 952625, target: 4381896, zebra_network: Testnet
1791660647.402130 runnervmmprz5 zainod-0.9.0[2988]:     at packages/zaino-state/src/chain_index/finalised_state/finalised_source/v1/write_core.rs:215
1791660650.630206 runnervmmprz5 zainod-0.9.0[2988]:   19:30:50.630  INFO zainodlib::indexer: Zaino status check, chain_state: Ready, fs_mode: ephemeral(syncing), json_rpc: Ready, grpc: Ready
1791660650.630206 runnervmmprz5 zainod-0.9.0[2988]:     at packages/zainod/src/indexer.rs:310
1791660650.934465 runnervmmprz5 zainod-0.9.0[2988]:   19:30:50.934  INFO zaino_serve::rpc::grpc::service: [TEST] received call, method: "get_lightd_info"
1791660650.934465 runnervmmprz5 zainod-0.9.0[2988]:     at packages/zaino-serve/src/rpc/grpc/service.rs:163
1791660650.940374 runnervmmprz5 zainod-0.9.0[2988]:   19:30:50.940  INFO zaino_serve::rpc::grpc::service: [TEST] received call, method: "get_block"
1791660650.940374 runnervmmprz5 zainod-0.9.0[2988]:     at packages/zaino-serve/src/rpc/grpc/service.rs:163
1791660650.941304 runnervmmprz5 zainod-0.9.0[2988]:   19:30:50.941  INFO zaino_serve::rpc::grpc::service: [TEST] received call, method: "get_block"
1791660650.941304 runnervmmprz5 zainod-0.9.0[2988]:     at packages/zaino-serve/src/rpc/grpc/service.rs:163
1791660655.933447 runnervmmprz5 zainod-0.9.0[2988]:   19:30:55.933  INFO zaino_serve::rpc::grpc::service: [TEST] received call, method: "get_lightd_info"
1791660655.933447 runnervmmprz5 zainod-0.9.0[2988]:     at packages/zaino-serve/src/rpc/grpc/service.rs:163
1791660655.938399 runnervmmprz5 zainod-0.9.0[2988]:   19:30:55.938  INFO zaino_serve::rpc::grpc::service: [TEST] received call, method: "get_block"
1791660655.938399 runnervmmprz5 zainod-0.9.0[2988]:     at packages/zaino-serve/src/rpc/grpc/service.rs:163
1791660655.939305 runnervmmprz5 zainod-0.9.0[2988]:   19:30:55.939  INFO zaino_serve::rpc::grpc::service: [TEST] received call, method: "get_block"
1791660655.939305 runnervmmprz5 zainod-0.9.0[2988]:     at packages/zaino-serve/src/rpc/grpc/service.rs:163
1791660656.886460 runnervmmprz5 zainod-0.9.0[2988]:   19:30:56.886  INFO zaino_state::chain_index::finalised_state::finalised_source::v1::write_core: write_blocks_to_height: committed batch, height: 899999, blocks: 100000
1791660656.886460 runnervmmprz5 zainod-0.9.0[2988]:     at packages/zaino-state/src/chain_index/finalised_state/finalised_source/v1/write_core.rs:650
1791660657.402530 runnervmmprz5 zainod-0.9.0[2988]:   19:30:57.402  INFO zaino_state::chain_index::finalised_state::finalised_source::v1::write_core: write_blocks_to_height: syncing, current: 1001712, target: 4381896, zebra_network: Testnet
1791660657.402530 runnervmmprz5 zainod-0.9.0[2988]:     at packages/zaino-state/src/chain_index/finalised_state/finalised_source/v1/write_core.rs:215
1791660660.730677 runnervmmprz5 zainod-0.9.0[2988]:   19:31:00.730  INFO zainodlib::indexer: Zaino status check, chain_state: Ready, fs_mode: ephemeral(syncing), json_rpc: Ready, grpc: Ready
1791660660.730677 runnervmmprz5 zainod-0.9.0[2988]:     at packages/zainod/src/indexer.rs:310
1791660660.929731 runnervmmprz5 zainod-0.9.0[2988]:   19:31:00.929  INFO zaino_serve::rpc::grpc::service: [TEST] received call, method: "get_lightd_info"
1791660660.929731 runnervmmprz5 zainod-0.9.0[2988]:     at packages/zaino-serve/src/rpc/grpc/service.rs:163
1791660660.933178 runnervmmprz5 zainod-0.9.0[2988]:   19:31:00.933  INFO zaino_serve::rpc::grpc::service: [TEST] received call, method: "get_block"
1791660660.933178 runnervmmprz5 zainod-0.9.0[2988]:     at packages/zaino-serve/src/rpc/grpc/service.rs:163
1791660660.933959 runnervmmprz5 zainod-0.9.0[2988]:   19:31:00.933  INFO zaino_serve::rpc::grpc::service: [TEST] received call, method: "get_block"
1791660660.933959 runnervmmprz5 zainod-0.9.0[2988]:     at packages/zaino-serve/src/rpc/grpc/service.rs:163
1791660665.936235 runnervmmprz5 zainod-0.9.0[2988]:   19:31:05.936  INFO zaino_serve::rpc::grpc::service: [TEST] received call, method: "get_lightd_info"
1791660665.936235 runnervmmprz5 zainod-0.9.0[2988]:     at packages/zaino-serve/src/rpc/grpc/service.rs:163
1791660665.941140 runnervmmprz5 zainod-0.9.0[2988]:   19:31:05.941  INFO zaino_serve::rpc::grpc::service: [TEST] received call, method: "get_block"
1791660665.941140 runnervmmprz5 zainod-0.9.0[2988]:     at packages/zaino-serve/src/rpc/grpc/service.rs:163
1791660665.942280 runnervmmprz5 zainod-0.9.0[2988]:   19:31:05.942  INFO zaino_serve::rpc::grpc::service: [TEST] received call, method: "get_block"
1791660665.942280 runnervmmprz5 zainod-0.9.0[2988]:     at packages/zaino-serve/src/rpc/grpc/service.rs:163
1791660667.402870 runnervmmprz5 zainod-0.9.0[2988]:   19:31:07.402  INFO zaino_state::chain_index::finalised_state::finalised_source::v1::write_core: write_blocks_to_height: syncing, current: 1037757, target: 4381896, zebra_network: Testnet
1791660667.402870 runnervmmprz5 zainod-0.9.0[2988]:     at packages/zaino-state/src/chain_index/finalised_state/finalised_source/v1/write_core.rs:215
1791660670.830336 runnervmmprz5 zainod-0.9.0[2988]:   19:31:10.830  INFO zainodlib::indexer: Zaino status check, chain_state: Ready, fs_mode: ephemeral(syncing), json_rpc: Ready, grpc: Ready
1791660670.830336 runnervmmprz5 zainod-0.9.0[2988]:     at packages/zainod/src/indexer.rs:310
1791660670.935852 runnervmmprz5 zainod-0.9.0[2988]:   19:31:10.935  INFO zaino_serve::rpc::grpc::service: [TEST] received call, method: "get_lightd_info"
1791660670.935852 runnervmmprz5 zainod-0.9.0[2988]:     at packages/zaino-serve/src/rpc/grpc/service.rs:163
1791660670.940449 runnervmmprz5 zainod-0.9.0[2988]:   19:31:10.940  INFO zaino_serve::rpc::grpc::service: [TEST] received call, method: "get_block"
1791660670.940449 runnervmmprz5 zainod-0.9.0[2988]:     at packages/zaino-serve/src/rpc/grpc/service.rs:163
1791660670.941263 runnervmmprz5 zainod-0.9.0[2988]:   19:31:10.941  INFO zaino_serve::rpc::grpc::service: [TEST] received call, method: "get_block"
1791660670.941263 runnervmmprz5 zainod-0.9.0[2988]:     at packages/zaino-serve/src/rpc/grpc/service.rs:163
1791660675.936978 runnervmmprz5 zainod-0.9.0[2988]:   19:31:15.936  INFO zaino_serve::rpc::grpc::service: [TEST] received call, method: "get_lightd_info"
1791660675.936978 runnervmmprz5 zainod-0.9.0[2988]:     at packages/zaino-serve/src/rpc/grpc/service.rs:163
1791660675.942756 runnervmmprz5 zainod-0.9.0[2988]:   19:31:15.942  INFO zaino_serve::rpc::grpc::service: [TEST] received call, method: "get_block"
1791660675.942756 runnervmmprz5 zainod-0.9.0[2988]:     at packages/zaino-serve/src/rpc/grpc/service.rs:163
1791660675.943743 runnervmmprz5 zainod-0.9.0[2988]:   19:31:15.943  INFO zaino_serve::rpc::grpc::service: [TEST] received call, method: "get_block"
1791660675.943743 runnervmmprz5 zainod-0.9.0[2988]:     at packages/zaino-serve/src/rpc/grpc/service.rs:163
1791660677.403334 runnervmmprz5 zainod-0.9.0[2988]:   19:31:17.403  INFO zaino_state::chain_index::finalised_state::finalised_source::v1::write_core: write_blocks_to_height: syncing, current: 1084269, target: 4381896, zebra_network: Testnet
1791660677.403334 runnervmmprz5 zainod-0.9.0[2988]:     at packages/zaino-state/src/chain_index/finalised_state/finalised_source/v1/write_core.rs:215
1791660680.861461 runnervmmprz5 zainod-0.9.0[2988]:   19:31:20.861  INFO zaino_state::chain_index::finalised_state::finalised_source::v1::write_core: write_blocks_to_height: committed batch, height: 999999, blocks: 100000
1791660680.861461 runnervmmprz5 zainod-0.9.0[2988]:     at packages/zaino-state/src/chain_index/finalised_state/finalised_source/v1/write_core.rs:650
1791660680.930521 runnervmmprz5 zainod-0.9.0[2988]:   19:31:20.930  INFO zainodlib::indexer: Zaino status check, chain_state: Ready, fs_mode: ephemeral(syncing), json_rpc: Ready, grpc: Ready
1791660680.930521 runnervmmprz5 zainod-0.9.0[2988]:     at packages/zainod/src/indexer.rs:310
1791660680.936359 runnervmmprz5 zainod-0.9.0[2988]:   19:31:20.936  INFO zaino_serve::rpc::grpc::service: [TEST] received call, method: "get_lightd_info"
1791660680.936359 runnervmmprz5 zainod-0.9.0[2988]:     at packages/zaino-serve/src/rpc/grpc/service.rs:163
1791660680.942445 runnervmmprz5 zainod-0.9.0[2988]:   19:31:20.942  INFO zaino_serve::rpc::grpc::service: [TEST] received call, method: "get_block"
1791660680.942445 runnervmmprz5 zainod-0.9.0[2988]:     at packages/zaino-serve/src/rpc/grpc/service.rs:163
1791660680.943326 runnervmmprz5 zainod-0.9.0[2988]:   19:31:20.943  INFO zaino_serve::rpc::grpc::service: [TEST] received call, method: "get_block"
1791660680.943326 runnervmmprz5 zainod-0.9.0[2988]:     at packages/zaino-serve/src/rpc/grpc/service.rs:163
1791660685.932518 runnervmmprz5 zainod-0.9.0[2988]:   19:31:25.932  INFO zaino_serve::rpc::grpc::service: [TEST] received call, method: "get_lightd_info"
1791660685.932518 runnervmmprz5 zainod-0.9.0[2988]:     at packages/zaino-serve/src/rpc/grpc/service.rs:163
1791660685.936420 runnervmmprz5 zainod-0.9.0[2988]:   19:31:25.936  INFO zaino_serve::rpc::grpc::service: [TEST] received call, method: "get_block"
1791660685.936420 runnervmmprz5 zainod-0.9.0[2988]:     at packages/zaino-serve/src/rpc/grpc/service.rs:163
1791660685.937113 runnervmmprz5 zainod-0.9.0[2988]:   19:31:25.937  INFO zaino_serve::rpc::grpc::service: [TEST] received call, method: "get_block"
1791660685.937113 runnervmmprz5 zainod-0.9.0[2988]:     at packages/zaino-serve/src/rpc/grpc/service.rs:163
1791660687.403747 runnervmmprz5 zainod-0.9.0[2988]:   19:31:27.403  INFO zaino_state::chain_index::finalised_state::finalised_source::v1::write_core: write_blocks_to_height: syncing, current: 1118947, target: 4381896, zebra_network: Testnet
1791660687.403747 runnervmmprz5 zainod-0.9.0[2988]:     at packages/zaino-state/src/chain_index/finalised_state/finalised_source/v1/write_core.rs:215
1791660691.030242 runnervmmprz5 zainod-0.9.0[2988]:   19:31:31.030  INFO zainodlib::indexer: Zaino status check, chain_state: Ready, fs_mode: ephemeral(syncing), json_rpc: Ready, grpc: Ready
1791660691.030242 runnervmmprz5 zainod-0.9.0[2988]:     at packages/zainod/src/indexer.rs:310
1791660691.187192 runnervmmprz5 zainod-0.9.0[2988]:   19:31:31.187  INFO zaino_serve::rpc::grpc::service: [TEST] received call, method: "get_lightd_info"
1791660691.187192 runnervmmprz5 zainod-0.9.0[2988]:     at packages/zaino-serve/src/rpc/grpc/service.rs:163
1791660691.192075 runnervmmprz5 zainod-0.9.0[2988]:   19:31:31.192  INFO zaino_serve::rpc::grpc::service: [TEST] received call, method: "get_block"
1791660691.192075 runnervmmprz5 zainod-0.9.0[2988]:     at packages/zaino-serve/src/rpc/grpc/service.rs:163
1791660691.193207 runnervmmprz5 zainod-0.9.0[2988]:   19:31:31.193  INFO zaino_serve::rpc::grpc::service: [TEST] received call, method: "get_block"
1791660691.193207 runnervmmprz5 zainod-0.9.0[2988]:     at packages/zaino-serve/src/rpc/grpc/service.rs:163
1791660696.189364 runnervmmprz5 zainod-0.9.0[2988]:   19:31:36.189  INFO zaino_serve::rpc::grpc::service: [TEST] received call, method: "get_lightd_info"
1791660696.189364 runnervmmprz5 zainod-0.9.0[2988]:     at packages/zaino-serve/src/rpc/grpc/service.rs:163
1791660696.195079 runnervmmprz5 zainod-0.9.0[2988]:   19:31:36.195  INFO zaino_serve::rpc::grpc::service: [TEST] received call, method: "get_block"
1791660696.195079 runnervmmprz5 zainod-0.9.0[2988]:     at packages/zaino-serve/src/rpc/grpc/service.rs:163
1791660696.195916 runnervmmprz5 zainod-0.9.0[2988]:   19:31:36.195  INFO zaino_serve::rpc::grpc::service: [TEST] received call, method: "get_block"
1791660696.195916 runnervmmprz5 zainod-0.9.0[2988]:     at packages/zaino-serve/src/rpc/grpc/service.rs:163
1791660697.404001 runnervmmprz5 zainod-0.9.0[2988]:   19:31:37.403  INFO zaino_state::chain_index::finalised_state::finalised_source::v1::write_core: write_blocks_to_height: syncing, current: 1167136, target: 4381896, zebra_network: Testnet
1791660697.404001 runnervmmprz5 zainod-0.9.0[2988]:     at packages/zaino-state/src/chain_index/finalised_state/finalised_source/v1/write_core.rs:215
1791660701.030440 runnervmmprz5 zainod-0.9.0[2988]:   19:31:41.030  INFO zainodlib::indexer: Zaino status check, chain_state: Ready, fs_mode: ephemeral(syncing), json_rpc: Ready, grpc: Ready
1791660701.030440 runnervmmprz5 zainod-0.9.0[2988]:     at packages/zainod/src/indexer.rs:310
1791660701.188188 runnervmmprz5 zainod-0.9.0[2988]:   19:31:41.188  INFO zaino_serve::rpc::grpc::service: [TEST] received call, method: "get_lightd_info"
1791660701.188188 runnervmmprz5 zainod-0.9.0[2988]:     at packages/zaino-serve/src/rpc/grpc/service.rs:163
1791660701.193367 runnervmmprz5 zainod-0.9.0[2988]:   19:31:41.193  INFO zaino_serve::rpc::grpc::service: [TEST] received call, method: "get_block"
1791660701.193367 runnervmmprz5 zainod-0.9.0[2988]:     at packages/zaino-serve/src/rpc/grpc/service.rs:163
1791660701.194411 runnervmmprz5 zainod-0.9.0[2988]:   19:31:41.194  INFO zaino_serve::rpc::grpc::service: [TEST] received call, method: "get_block"
1791660701.194411 runnervmmprz5 zainod-0.9.0[2988]:     at packages/zaino-serve/src/rpc/grpc/service.rs:163
1791660704.009702 runnervmmprz5 zainod-0.9.0[2988]:   19:31:44.009  INFO zaino_state::chain_index::finalised_state::finalised_source::v1::write_core: write_blocks_to_height: committed batch, height: 1099999, blocks: 100000
1791660704.009702 runnervmmprz5 zainod-0.9.0[2988]:     at packages/zaino-state/src/chain_index/finalised_state/finalised_source/v1/write_core.rs:650
1791660706.193625 runnervmmprz5 zainod-0.9.0[2988]:   19:31:46.193  INFO zaino_serve::rpc::grpc::service: [TEST] received call, method: "get_lightd_info"
1791660706.193625 runnervmmprz5 zainod-0.9.0[2988]:     at packages/zaino-serve/src/rpc/grpc/service.rs:163
1791660706.198875 runnervmmprz5 zainod-0.9.0[2988]:   19:31:46.198  INFO zaino_serve::rpc::grpc::service: [TEST] received call, method: "get_block"
1791660706.198875 runnervmmprz5 zainod-0.9.0[2988]:     at packages/zaino-serve/src/rpc/grpc/service.rs:163
1791660706.200242 runnervmmprz5 zainod-0.9.0[2988]:   19:31:46.200  INFO zaino_serve::rpc::grpc::service: [TEST] received call, method: "get_block"
1791660706.200242 runnervmmprz5 zainod-0.9.0[2988]:     at packages/zaino-serve/src/rpc/grpc/service.rs:163
1791660707.442806 runnervmmprz5 zainod-0.9.0[2988]:   19:31:47.442  INFO zaino_state::chain_index::finalised_state::finalised_source::v1::write_core: write_blocks_to_height: syncing, current: 1211111, target: 4381896, zebra_network: Testnet
1791660707.442806 runnervmmprz5 zainod-0.9.0[2988]:     at packages/zaino-state/src/chain_index/finalised_state/finalised_source/v1/write_core.rs:215
1791660711.104354 runnervmmprz5 zainod-0.9.0[2988]:   19:31:51.104  INFO zainodlib::indexer: Zaino status check, chain_state: Ready, fs_mode: ephemeral(syncing), json_rpc: Ready, grpc: Ready
1791660711.104354 runnervmmprz5 zainod-0.9.0[2988]:     at packages/zainod/src/indexer.rs:310
1791660711.189727 runnervmmprz5 zainod-0.9.0[2988]:   19:31:51.189  INFO zaino_serve::rpc::grpc::service: [TEST] received call, method: "get_lightd_info"
1791660711.189727 runnervmmprz5 zainod-0.9.0[2988]:     at packages/zaino-serve/src/rpc/grpc/service.rs:163
1791660711.194807 runnervmmprz5 zainod-0.9.0[2988]:   19:31:51.194  INFO zaino_serve::rpc::grpc::service: [TEST] received call, method: "get_block"
1791660711.194807 runnervmmprz5 zainod-0.9.0[2988]:     at packages/zaino-serve/src/rpc/grpc/service.rs:163
1791660711.195800 runnervmmprz5 zainod-0.9.0[2988]:   19:31:51.195  INFO zaino_serve::rpc::grpc::service: [TEST] received call, method: "get_block"
1791660711.195800 runnervmmprz5 zainod-0.9.0[2988]:     at packages/zaino-serve/src/rpc/grpc/service.rs:163
1791660716.191982 runnervmmprz5 zainod-0.9.0[2988]:   19:31:56.191  INFO zaino_serve::rpc::grpc::service: [TEST] received call, method: "get_lightd_info"
1791660716.191982 runnervmmprz5 zainod-0.9.0[2988]:     at packages/zaino-serve/src/rpc/grpc/service.rs:163
1791660716.196986 runnervmmprz5 zainod-0.9.0[2988]:   19:31:56.196  INFO zaino_serve::rpc::grpc::service: [TEST] received call, method: "get_block"
1791660716.196986 runnervmmprz5 zainod-0.9.0[2988]:     at packages/zaino-serve/src/rpc/grpc/service.rs:163
1791660716.197860 runnervmmprz5 zainod-0.9.0[2988]:   19:31:56.197  INFO zaino_serve::rpc::grpc::service: [TEST] received call, method: "get_block"
1791660716.197860 runnervmmprz5 zainod-0.9.0[2988]:     at packages/zaino-serve/src/rpc/grpc/service.rs:163
1791660717.443044 runnervmmprz5 zainod-0.9.0[2988]:   19:31:57.442  INFO zaino_state::chain_index::finalised_state::finalised_source::v1::write_core: write_blocks_to_height: syncing, current: 1250972, target: 4381896, zebra_network: Testnet
1791660717.443044 runnervmmprz5 zainod-0.9.0[2988]:     at packages/zaino-state/src/chain_index/finalised_state/finalised_source/v1/write_core.rs:215
1791660721.130247 runnervmmprz5 zainod-0.9.0[2988]:   19:32:01.130  INFO zainodlib::indexer: Zaino status check, chain_state: Ready, fs_mode: ephemeral(syncing), json_rpc: Ready, grpc: Ready
1791660721.130247 runnervmmprz5 zainod-0.9.0[2988]:     at packages/zainod/src/indexer.rs:310
1791660721.191930 runnervmmprz5 zainod-0.9.0[2988]:   19:32:01.191  INFO zaino_serve::rpc::grpc::service: [TEST] received call, method: "get_lightd_info"
1791660721.191930 runnervmmprz5 zainod-0.9.0[2988]:     at packages/zaino-serve/src/rpc/grpc/service.rs:163
1791660721.197191 runnervmmprz5 zainod-0.9.0[2988]:   19:32:01.197  INFO zaino_serve::rpc::grpc::service: [TEST] received call, method: "get_block"
1791660721.197191 runnervmmprz5 zainod-0.9.0[2988]:     at packages/zaino-serve/src/rpc/grpc/service.rs:163
1791660721.198093 runnervmmprz5 zainod-0.9.0[2988]:   19:32:01.198  INFO zaino_serve::rpc::grpc::service: [TEST] received call, method: "get_block"
1791660721.198093 runnervmmprz5 zainod-0.9.0[2988]:     at packages/zaino-serve/src/rpc/grpc/service.rs:163
1791660726.192866 runnervmmprz5 zainod-0.9.0[2988]:   19:32:06.192  INFO zaino_serve::rpc::grpc::service: [TEST] received call, method: "get_lightd_info"
1791660726.192866 runnervmmprz5 zainod-0.9.0[2988]:     at packages/zaino-serve/src/rpc/grpc/service.rs:163
1791660726.196943 runnervmmprz5 zainod-0.9.0[2988]:   19:32:06.196  INFO zaino_serve::rpc::grpc::service: [TEST] received call, method: "get_block"
1791660726.196943 runnervmmprz5 zainod-0.9.0[2988]:     at packages/zaino-serve/src/rpc/grpc/service.rs:163
1791660726.197872 runnervmmprz5 zainod-0.9.0[2988]:   19:32:06.197  INFO zaino_serve::rpc::grpc::service: [TEST] received call, method: "get_block"
1791660726.197872 runnervmmprz5 zainod-0.9.0[2988]:     at packages/zaino-serve/src/rpc/grpc/service.rs:163
1791660727.057262 runnervmmprz5 zainod-0.9.0[2988]:   19:32:07.057  INFO zaino_state::chain_index::finalised_state::finalised_source::v1::write_core: write_blocks_to_height: committed batch, height: 1199999, blocks: 100000
1791660727.057262 runnervmmprz5 zainod-0.9.0[2988]:     at packages/zaino-state/src/chain_index/finalised_state/finalised_source/v1/write_core.rs:650
1791660727.443365 runnervmmprz5 zainod-0.9.0[2988]:   19:32:07.443  INFO zaino_state::chain_index::finalised_state::finalised_source::v1::write_core: write_blocks_to_height: syncing, current: 1301382, target: 4381896, zebra_network: Testnet
1791660727.443365 runnervmmprz5 zainod-0.9.0[2988]:     at packages/zaino-state/src/chain_index/finalised_state/finalised_source/v1/write_core.rs:215
1791660732.519339 runnervmmprz5 zainod-0.9.0[2988]:   19:32:12.519  INFO zainodlib::indexer: Zaino status check, chain_state: Ready, fs_mode: ephemeral(syncing), json_rpc: Ready, grpc: Ready
1791660732.519339 runnervmmprz5 zainod-0.9.0[2988]:     at packages/zainod/src/indexer.rs:310
1791660732.520020 runnervmmprz5 zainod-0.9.0[2988]:   19:32:12.519  INFO zaino_serve::rpc::grpc::service: [TEST] received call, method: "get_lightd_info"
1791660732.520020 runnervmmprz5 zainod-0.9.0[2988]:     at packages/zaino-serve/src/rpc/grpc/service.rs:163
1791660732.693735 runnervmmprz5 zainod-0.9.0[2988]:   19:32:12.693  INFO zaino_serve::rpc::grpc::service: [TEST] received call, method: "get_block"
1791660732.693735 runnervmmprz5 zainod-0.9.0[2988]:     at packages/zaino-serve/src/rpc/grpc/service.rs:163
1791660732.694635 runnervmmprz5 zainod-0.9.0[2988]:   19:32:12.694  INFO zaino_serve::rpc::grpc::service: [TEST] received call, method: "get_block"
1791660732.694635 runnervmmprz5 zainod-0.9.0[2988]:     at packages/zaino-serve/src/rpc/grpc/service.rs:163
1791660736.712994 runnervmmprz5 zainod-0.9.0[2988]:   19:32:16.712  INFO zaino_serve::rpc::grpc::service: [TEST] received call, method: "get_lightd_info"
1791660736.712994 runnervmmprz5 zainod-0.9.0[2988]:     at packages/zaino-serve/src/rpc/grpc/service.rs:163
1791660736.718103 runnervmmprz5 zainod-0.9.0[2988]:   19:32:16.718  INFO zaino_serve::rpc::grpc::service: [TEST] received call, method: "get_block"
1791660736.718103 runnervmmprz5 zainod-0.9.0[2988]:     at packages/zaino-serve/src/rpc/grpc/service.rs:163
1791660736.719070 runnervmmprz5 zainod-0.9.0[2988]:   19:32:16.719  INFO zaino_serve::rpc::grpc::service: [TEST] received call, method: "get_block"
1791660736.719070 runnervmmprz5 zainod-0.9.0[2988]:     at packages/zaino-serve/src/rpc/grpc/service.rs:163
1791660737.443584 runnervmmprz5 zainod-0.9.0[2988]:   19:32:17.443  INFO zaino_state::chain_index::finalised_state::finalised_source::v1::write_core: write_blocks_to_height: syncing, current: 1335087, target: 4381896, zebra_network: Testnet
1791660737.443584 runnervmmprz5 zainod-0.9.0[2988]:     at packages/zaino-state/src/chain_index/finalised_state/finalised_source/v1/write_core.rs:215
1791660741.712526 runnervmmprz5 zainod-0.9.0[2988]:   19:32:21.712  INFO zaino_serve::rpc::grpc::service: [TEST] received call, method: "get_lightd_info"
1791660741.712526 runnervmmprz5 zainod-0.9.0[2988]:     at packages/zaino-serve/src/rpc/grpc/service.rs:163
1791660741.718021 runnervmmprz5 zainod-0.9.0[2988]:   19:32:21.717  INFO zaino_serve::rpc::grpc::service: [TEST] received call, method: "get_block"
1791660741.718021 runnervmmprz5 zainod-0.9.0[2988]:     at packages/zaino-serve/src/rpc/grpc/service.rs:163
1791660741.719166 runnervmmprz5 zainod-0.9.0[2988]:   19:32:21.719  INFO zaino_serve::rpc::grpc::service: [TEST] received call, method: "get_block"
1791660741.719166 runnervmmprz5 zainod-0.9.0[2988]:     at packages/zaino-serve/src/rpc/grpc/service.rs:163
1791660742.530476 runnervmmprz5 zainod-0.9.0[2988]:   19:32:22.530  INFO zainodlib::indexer: Zaino status check, chain_state: Ready, fs_mode: ephemeral(syncing), json_rpc: Ready, grpc: Ready
1791660742.530476 runnervmmprz5 zainod-0.9.0[2988]:     at packages/zainod/src/indexer.rs:310
1791660746.714597 runnervmmprz5 zainod-0.9.0[2988]:   19:32:26.714  INFO zaino_serve::rpc::grpc::service: [TEST] received call, method: "get_lightd_info"
1791660746.714597 runnervmmprz5 zainod-0.9.0[2988]:     at packages/zaino-serve/src/rpc/grpc/service.rs:163
1791660746.719260 runnervmmprz5 zainod-0.9.0[2988]:   19:32:26.719  INFO zaino_serve::rpc::grpc::service: [TEST] received call, method: "get_block"
1791660746.719260 runnervmmprz5 zainod-0.9.0[2988]:     at packages/zaino-serve/src/rpc/grpc/service.rs:163
1791660746.720168 runnervmmprz5 zainod-0.9.0[2988]:   19:32:26.720  INFO zaino_serve::rpc::grpc::service: [TEST] received call, method: "get_block"
1791660746.720168 runnervmmprz5 zainod-0.9.0[2988]:     at packages/zaino-serve/src/rpc/grpc/service.rs:163
1791660747.443630 runnervmmprz5 zainod-0.9.0[2988]:   19:32:27.443  INFO zaino_state::chain_index::finalised_state::finalised_source::v1::write_core: write_blocks_to_height: syncing, current: 1385550, target: 4381896, zebra_network: Testnet
1791660747.443630 runnervmmprz5 zainod-0.9.0[2988]:     at packages/zaino-state/src/chain_index/finalised_state/finalised_source/v1/write_core.rs:215
1791660750.270261 runnervmmprz5 zainod-0.9.0[2988]:   19:32:30.270  INFO zaino_state::chain_index::finalised_state::finalised_source::v1::write_core: write_blocks_to_height: committed batch, height: 1299999, blocks: 100000
1791660750.270261 runnervmmprz5 zainod-0.9.0[2988]:     at packages/zaino-state/src/chain_index/finalised_state/finalised_source/v1/write_core.rs:650
1791660751.718389 runnervmmprz5 zainod-0.9.0[2988]:   19:32:31.718  INFO zaino_serve::rpc::grpc::service: [TEST] received call, method: "get_lightd_info"
1791660751.718389 runnervmmprz5 zainod-0.9.0[2988]:     at packages/zaino-serve/src/rpc/grpc/service.rs:163
1791660751.724381 runnervmmprz5 zainod-0.9.0[2988]:   19:32:31.724  INFO zaino_serve::rpc::grpc::service: [TEST] received call, method: "get_block"
1791660751.724381 runnervmmprz5 zainod-0.9.0[2988]:     at packages/zaino-serve/src/rpc/grpc/service.rs:163
1791660751.725273 runnervmmprz5 zainod-0.9.0[2988]:   19:32:31.725  INFO zaino_serve::rpc::grpc::service: [TEST] received call, method: "get_block"
1791660751.725273 runnervmmprz5 zainod-0.9.0[2988]:     at packages/zaino-serve/src/rpc/grpc/service.rs:163
1791660752.630194 runnervmmprz5 zainod-0.9.0[2988]:   19:32:32.630  INFO zainodlib::indexer: Zaino status check, chain_state: Ready, fs_mode: ephemeral(syncing), json_rpc: Ready, grpc: Ready
1791660752.630194 runnervmmprz5 zainod-0.9.0[2988]:     at packages/zainod/src/indexer.rs:310
1791660756.715475 runnervmmprz5 zainod-0.9.0[2988]:   19:32:36.715  INFO zaino_serve::rpc::grpc::service: [TEST] received call, method: "get_lightd_info"
1791660756.715475 runnervmmprz5 zainod-0.9.0[2988]:     at packages/zaino-serve/src/rpc/grpc/service.rs:163
1791660756.720845 runnervmmprz5 zainod-0.9.0[2988]:   19:32:36.720  INFO zaino_serve::rpc::grpc::service: [TEST] received call, method: "get_block"
1791660756.720845 runnervmmprz5 zainod-0.9.0[2988]:     at packages/zaino-serve/src/rpc/grpc/service.rs:163
1791660756.721823 runnervmmprz5 zainod-0.9.0[2988]:   19:32:36.721  INFO zaino_serve::rpc::grpc::service: [TEST] received call, method: "get_block"
1791660756.721823 runnervmmprz5 zainod-0.9.0[2988]:     at packages/zaino-serve/src/rpc/grpc/service.rs:163
1791660757.444133 runnervmmprz5 zainod-0.9.0[2988]:   19:32:37.444  INFO zaino_state::chain_index::finalised_state::finalised_source::v1::write_core: write_blocks_to_height: syncing, current: 1418836, target: 4381896, zebra_network: Testnet
1791660757.444133 runnervmmprz5 zainod-0.9.0[2988]:     at packages/zaino-state/src/chain_index/finalised_state/finalised_source/v1/write_core.rs:215
1791660761.714702 runnervmmprz5 zainod-0.9.0[2988]:   19:32:41.714  INFO zaino_serve::rpc::grpc::service: [TEST] received call, method: "get_lightd_info"
1791660761.714702 runnervmmprz5 zainod-0.9.0[2988]:     at packages/zaino-serve/src/rpc/grpc/service.rs:163
1791660761.720280 runnervmmprz5 zainod-0.9.0[2988]:   19:32:41.720  INFO zaino_serve::rpc::grpc::service: [TEST] received call, method: "get_block"
1791660761.720280 runnervmmprz5 zainod-0.9.0[2988]:     at packages/zaino-serve/src/rpc/grpc/service.rs:163
1791660761.721186 runnervmmprz5 zainod-0.9.0[2988]:   19:32:41.721  INFO zaino_serve::rpc::grpc::service: [TEST] received call, method: "get_block"
1791660761.721186 runnervmmprz5 zainod-0.9.0[2988]:     at packages/zaino-serve/src/rpc/grpc/service.rs:163
1791660762.730162 runnervmmprz5 zainod-0.9.0[2988]:   19:32:42.730  INFO zainodlib::indexer: Zaino status check, chain_state: Ready, fs_mode: ephemeral(syncing), json_rpc: Ready, grpc: Ready
1791660762.730162 runnervmmprz5 zainod-0.9.0[2988]:     at packages/zainod/src/indexer.rs:310
1791660766.717128 runnervmmprz5 zainod-0.9.0[2988]:   19:32:46.717  INFO zaino_serve::rpc::grpc::service: [TEST] received call, method: "get_lightd_info"
1791660766.717128 runnervmmprz5 zainod-0.9.0[2988]:     at packages/zaino-serve/src/rpc/grpc/service.rs:163
1791660766.722024 runnervmmprz5 zainod-0.9.0[2988]:   19:32:46.721  INFO zaino_serve::rpc::grpc::service: [TEST] received call, method: "get_block"
1791660766.722024 runnervmmprz5 zainod-0.9.0[2988]:     at packages/zaino-serve/src/rpc/grpc/service.rs:163
1791660766.723283 runnervmmprz5 zainod-0.9.0[2988]:   19:32:46.722  INFO zaino_serve::rpc::grpc::service: [TEST] received call, method: "get_block"
1791660766.723283 runnervmmprz5 zainod-0.9.0[2988]:     at packages/zaino-serve/src/rpc/grpc/service.rs:163
1791660767.444315 runnervmmprz5 zainod-0.9.0[2988]:   19:32:47.444  INFO zaino_state::chain_index::finalised_state::finalised_source::v1::write_core: write_blocks_to_height: syncing, current: 1467871, target: 4381896, zebra_network: Testnet
1791660767.444315 runnervmmprz5 zainod-0.9.0[2988]:     at packages/zaino-state/src/chain_index/finalised_state/finalised_source/v1/write_core.rs:215
1791660771.715241 runnervmmprz5 zainod-0.9.0[2988]:   19:32:51.715  INFO zaino_serve::rpc::grpc::service: [TEST] received call, method: "get_lightd_info"
1791660771.715241 runnervmmprz5 zainod-0.9.0[2988]:     at packages/zaino-serve/src/rpc/grpc/service.rs:163
1791660771.720304 runnervmmprz5 zainod-0.9.0[2988]:   19:32:51.720  INFO zaino_serve::rpc::grpc::service: [TEST] received call, method: "get_block"
1791660771.720304 runnervmmprz5 zainod-0.9.0[2988]:     at packages/zaino-serve/src/rpc/grpc/service.rs:163
1791660771.721054 runnervmmprz5 zainod-0.9.0[2988]:   19:32:51.721  INFO zaino_serve::rpc::grpc::service: [TEST] received call, method: "get_block"
1791660771.721054 runnervmmprz5 zainod-0.9.0[2988]:     at packages/zaino-serve/src/rpc/grpc/service.rs:163
1791660772.829901 runnervmmprz5 zainod-0.9.0[2988]:   19:32:52.829  INFO zainodlib::indexer: Zaino status check, chain_state: Ready, fs_mode: ephemeral(syncing), json_rpc: Ready, grpc: Ready
1791660772.829901 runnervmmprz5 zainod-0.9.0[2988]:     at packages/zainod/src/indexer.rs:310
1791660774.068371 runnervmmprz5 zainod-0.9.0[2988]:   19:32:54.068  INFO zaino_state::chain_index::finalised_state::finalised_source::v1::write_core: write_blocks_to_height: committed batch, height: 1399999, blocks: 100000
1791660774.068371 runnervmmprz5 zainod-0.9.0[2988]:     at packages/zaino-state/src/chain_index/finalised_state/finalised_source/v1/write_core.rs:650
1791660776.715918 runnervmmprz5 zainod-0.9.0[2988]:   19:32:56.715  INFO zaino_serve::rpc::grpc::service: [TEST] received call, method: "get_lightd_info"
1791660776.715918 runnervmmprz5 zainod-0.9.0[2988]:     at packages/zaino-serve/src/rpc/grpc/service.rs:163
1791660776.719551 runnervmmprz5 zainod-0.9.0[2988]:   19:32:56.719  INFO zaino_serve::rpc::grpc::service: [TEST] received call, method: "get_block"
1791660776.719551 runnervmmprz5 zainod-0.9.0[2988]:     at packages/zaino-serve/src/rpc/grpc/service.rs:163
1791660776.720374 runnervmmprz5 zainod-0.9.0[2988]:   19:32:56.720  INFO zaino_serve::rpc::grpc::service: [TEST] received call, method: "get_block"
1791660776.720374 runnervmmprz5 zainod-0.9.0[2988]:     at packages/zaino-serve/src/rpc/grpc/service.rs:163
1791660777.448591 runnervmmprz5 zainod-0.9.0[2988]:   19:32:57.448  INFO zaino_state::chain_index::finalised_state::finalised_source::v1::write_core: write_blocks_to_height: syncing, current: 1511036, target: 4381896, zebra_network: Testnet
1791660777.448591 runnervmmprz5 zainod-0.9.0[2988]:     at packages/zaino-state/src/chain_index/finalised_state/finalised_source/v1/write_core.rs:215
1791660781.718857 runnervmmprz5 zainod-0.9.0[2988]:   19:33:01.718  INFO zaino_serve::rpc::grpc::service: [TEST] received call, method: "get_lightd_info"
1791660781.718857 runnervmmprz5 zainod-0.9.0[2988]:     at packages/zaino-serve/src/rpc/grpc/service.rs:163
1791660781.724260 runnervmmprz5 zainod-0.9.0[2988]:   19:33:01.724  INFO zaino_serve::rpc::grpc::service: [TEST] received call, method: "get_block"
1791660781.724260 runnervmmprz5 zainod-0.9.0[2988]:     at packages/zaino-serve/src/rpc/grpc/service.rs:163
1791660781.725050 runnervmmprz5 zainod-0.9.0[2988]:   19:33:01.725  INFO zaino_serve::rpc::grpc::service: [TEST] received call, method: "get_block"
1791660781.725050 runnervmmprz5 zainod-0.9.0[2988]:     at packages/zaino-serve/src/rpc/grpc/service.rs:163
1791660782.830563 runnervmmprz5 zainod-0.9.0[2988]:   19:33:02.830  INFO zainodlib::indexer: Zaino status check, chain_state: Ready, fs_mode: ephemeral(syncing), json_rpc: Ready, grpc: Ready
1791660782.830563 runnervmmprz5 zainod-0.9.0[2988]:     at packages/zainod/src/indexer.rs:310
1791660786.719196 runnervmmprz5 zainod-0.9.0[2988]:   19:33:06.719  INFO zaino_serve::rpc::grpc::service: [TEST] received call, method: "get_lightd_info"
1791660786.719196 runnervmmprz5 zainod-0.9.0[2988]:     at packages/zaino-serve/src/rpc/grpc/service.rs:163
1791660786.724645 runnervmmprz5 zainod-0.9.0[2988]:   19:33:06.724  INFO zaino_serve::rpc::grpc::service: [TEST] received call, method: "get_block"
1791660786.724645 runnervmmprz5 zainod-0.9.0[2988]:     at packages/zaino-serve/src/rpc/grpc/service.rs:163
1791660786.725504 runnervmmprz5 zainod-0.9.0[2988]:   19:33:06.725  INFO zaino_serve::rpc::grpc::service: [TEST] received call, method: "get_block"
1791660786.725504 runnervmmprz5 zainod-0.9.0[2988]:     at packages/zaino-serve/src/rpc/grpc/service.rs:163
1791660787.449093 runnervmmprz5 zainod-0.9.0[2988]:   19:33:07.449  INFO zaino_state::chain_index::finalised_state::finalised_source::v1::write_core: write_blocks_to_height: syncing, current: 1550096, target: 4381896, zebra_network: Testnet
1791660787.449093 runnervmmprz5 zainod-0.9.0[2988]:     at packages/zaino-state/src/chain_index/finalised_state/finalised_source/v1/write_core.rs:215
1791660791.717705 runnervmmprz5 zainod-0.9.0[2988]:   19:33:11.717  INFO zaino_serve::rpc::grpc::service: [TEST] received call, method: "get_lightd_info"
1791660791.717705 runnervmmprz5 zainod-0.9.0[2988]:     at packages/zaino-serve/src/rpc/grpc/service.rs:163
1791660791.723571 runnervmmprz5 zainod-0.9.0[2988]:   19:33:11.723  INFO zaino_serve::rpc::grpc::service: [TEST] received call, method: "get_block"
1791660791.723571 runnervmmprz5 zainod-0.9.0[2988]:     at packages/zaino-serve/src/rpc/grpc/service.rs:163
1791660791.724598 runnervmmprz5 zainod-0.9.0[2988]:   19:33:11.724  INFO zaino_serve::rpc::grpc::service: [TEST] received call, method: "get_block"
1791660791.724598 runnervmmprz5 zainod-0.9.0[2988]:     at packages/zaino-serve/src/rpc/grpc/service.rs:163
1791660792.930026 runnervmmprz5 zainod-0.9.0[2988]:   19:33:12.929  INFO zainodlib::indexer: Zaino status check, chain_state: Ready, fs_mode: ephemeral(syncing), json_rpc: Ready, grpc: Ready
1791660792.930026 runnervmmprz5 zainod-0.9.0[2988]:     at packages/zainod/src/indexer.rs:310
1791660796.720401 runnervmmprz5 zainod-0.9.0[2988]:   19:33:16.720  INFO zaino_serve::rpc::grpc::service: [TEST] received call, method: "get_lightd_info"
1791660796.720401 runnervmmprz5 zainod-0.9.0[2988]:     at packages/zaino-serve/src/rpc/grpc/service.rs:163
1791660796.725940 runnervmmprz5 zainod-0.9.0[2988]:   19:33:16.725  INFO zaino_serve::rpc::grpc::service: [TEST] received call, method: "get_block"
1791660796.725940 runnervmmprz5 zainod-0.9.0[2988]:     at packages/zaino-serve/src/rpc/grpc/service.rs:163
1791660796.726836 runnervmmprz5 zainod-0.9.0[2988]:   19:33:16.726  INFO zaino_serve::rpc::grpc::service: [TEST] received call, method: "get_block"
1791660796.726836 runnervmmprz5 zainod-0.9.0[2988]:     at packages/zaino-serve/src/rpc/grpc/service.rs:163
1791660797.338605 runnervmmprz5 zainod-0.9.0[2988]:   19:33:17.338  INFO zaino_state::chain_index::finalised_state::finalised_source::v1::write_core: write_blocks_to_height: committed batch, height: 1499999, blocks: 100000
1791660797.338605 runnervmmprz5 zainod-0.9.0[2988]:     at packages/zaino-state/src/chain_index/finalised_state/finalised_source/v1/write_core.rs:650
1791660797.449398 runnervmmprz5 zainod-0.9.0[2988]:   19:33:17.449  INFO zaino_state::chain_index::finalised_state::finalised_source::v1::write_core: write_blocks_to_height: syncing, current: 1600251, target: 4381896, zebra_network: Testnet
1791660797.449398 runnervmmprz5 zainod-0.9.0[2988]:     at packages/zaino-state/src/chain_index/finalised_state/finalised_source/v1/write_core.rs:215
1791660801.713203 runnervmmprz5 zainod-0.9.0[2988]:   19:33:21.713  INFO zaino_serve::rpc::grpc::service: [TEST] received call, method: "get_lightd_info"
1791660801.713203 runnervmmprz5 zainod-0.9.0[2988]:     at packages/zaino-serve/src/rpc/grpc/service.rs:163
1791660801.716718 runnervmmprz5 zainod-0.9.0[2988]:   19:33:21.716  INFO zaino_serve::rpc::grpc::service: [TEST] received call, method: "get_block"
1791660801.716718 runnervmmprz5 zainod-0.9.0[2988]:     at packages/zaino-serve/src/rpc/grpc/service.rs:163
1791660801.717413 runnervmmprz5 zainod-0.9.0[2988]:   19:33:21.717  INFO zaino_serve::rpc::grpc::service: [TEST] received call, method: "get_block"
1791660801.717413 runnervmmprz5 zainod-0.9.0[2988]:     at packages/zaino-serve/src/rpc/grpc/service.rs:163
1791660803.626204 runnervmmprz5 zainod-0.9.0[2988]:   19:33:23.626  INFO zainodlib::indexer: Zaino status check, chain_state: Syncing, fs_mode: ephemeral(syncing), json_rpc: Ready, grpc: Ready
1791660803.626204 runnervmmprz5 zainod-0.9.0[2988]:     at packages/zainod/src/indexer.rs:310
1791660806.720436 runnervmmprz5 zainod-0.9.0[2988]:   19:33:26.720  INFO zaino_serve::rpc::grpc::service: [TEST] received call, method: "get_lightd_info"
1791660806.720436 runnervmmprz5 zainod-0.9.0[2988]:     at packages/zaino-serve/src/rpc/grpc/service.rs:163
1791660806.725402 runnervmmprz5 zainod-0.9.0[2988]:   19:33:26.725  INFO zaino_serve::rpc::grpc::service: [TEST] received call, method: "get_block"
1791660806.725402 runnervmmprz5 zainod-0.9.0[2988]:     at packages/zaino-serve/src/rpc/grpc/service.rs:163
1791660806.726269 runnervmmprz5 zainod-0.9.0[2988]:   19:33:26.726  INFO zaino_serve::rpc::grpc::service: [TEST] received call, method: "get_block"
1791660806.726269 runnervmmprz5 zainod-0.9.0[2988]:     at packages/zaino-serve/src/rpc/grpc/service.rs:163
1791660807.449899 runnervmmprz5 zainod-0.9.0[2988]:   19:33:27.449  INFO zaino_state::chain_index::finalised_state::finalised_source::v1::write_core: write_blocks_to_height: syncing, current: 1632909, target: 4381896, zebra_network: Testnet
1791660807.449899 runnervmmprz5 zainod-0.9.0[2988]:     at packages/zaino-state/src/chain_index/finalised_state/finalised_source/v1/write_core.rs:215
1791660811.720468 runnervmmprz5 zainod-0.9.0[2988]:   19:33:31.720  INFO zaino_serve::rpc::grpc::service: [TEST] received call, method: "get_lightd_info"
1791660811.720468 runnervmmprz5 zainod-0.9.0[2988]:     at packages/zaino-serve/src/rpc/grpc/service.rs:163
1791660811.725343 runnervmmprz5 zainod-0.9.0[2988]:   19:33:31.725  INFO zaino_serve::rpc::grpc::service: [TEST] received call, method: "get_block"
1791660811.725343 runnervmmprz5 zainod-0.9.0[2988]:     at packages/zaino-serve/src/rpc/grpc/service.rs:163
1791660811.726318 runnervmmprz5 zainod-0.9.0[2988]:   19:33:31.726  INFO zaino_serve::rpc::grpc::service: [TEST] received call, method: "get_block"
1791660811.726318 runnervmmprz5 zainod-0.9.0[2988]:     at packages/zaino-serve/src/rpc/grpc/service.rs:163
1791660813.630087 runnervmmprz5 zainod-0.9.0[2988]:   19:33:33.629  INFO zainodlib::indexer: Zaino status check, chain_state: Ready, fs_mode: ephemeral(syncing), json_rpc: Ready, grpc: Ready
1791660813.630087 runnervmmprz5 zainod-0.9.0[2988]:     at packages/zainod/src/indexer.rs:310
1791660816.721318 runnervmmprz5 zainod-0.9.0[2988]:   19:33:36.721  INFO zaino_serve::rpc::grpc::service: [TEST] received call, method: "get_lightd_info"
1791660816.721318 runnervmmprz5 zainod-0.9.0[2988]:     at packages/zaino-serve/src/rpc/grpc/service.rs:163
1791660816.726360 runnervmmprz5 zainod-0.9.0[2988]:   19:33:36.726  INFO zaino_serve::rpc::grpc::service: [TEST] received call, method: "get_block"
1791660816.726360 runnervmmprz5 zainod-0.9.0[2988]:     at packages/zaino-serve/src/rpc/grpc/service.rs:163
1791660816.727257 runnervmmprz5 zainod-0.9.0[2988]:   19:33:36.727  INFO zaino_serve::rpc::grpc::service: [TEST] received call, method: "get_block"
1791660816.727257 runnervmmprz5 zainod-0.9.0[2988]:     at packages/zaino-serve/src/rpc/grpc/service.rs:163
1791660817.450446 runnervmmprz5 zainod-0.9.0[2988]:   19:33:37.450  INFO zaino_state::chain_index::finalised_state::finalised_source::v1::write_core: write_blocks_to_height: syncing, current: 1686951, target: 4381896, zebra_network: Testnet
1791660817.450446 runnervmmprz5 zainod-0.9.0[2988]:     at packages/zaino-state/src/chain_index/finalised_state/finalised_source/v1/write_core.rs:215
1791660820.062719 runnervmmprz5 zainod-0.9.0[2988]:   19:33:40.062  INFO zaino_state::chain_index::finalised_state::finalised_source::v1::write_core: write_blocks_to_height: committed batch, height: 1599999, blocks: 100000
1791660820.062719 runnervmmprz5 zainod-0.9.0[2988]:     at packages/zaino-state/src/chain_index/finalised_state/finalised_source/v1/write_core.rs:650
1791660821.722486 runnervmmprz5 zainod-0.9.0[2988]:   19:33:41.722  INFO zaino_serve::rpc::grpc::service: [TEST] received call, method: "get_lightd_info"
1791660821.722486 runnervmmprz5 zainod-0.9.0[2988]:     at packages/zaino-serve/src/rpc/grpc/service.rs:163
1791660821.727705 runnervmmprz5 zainod-0.9.0[2988]:   19:33:41.727  INFO zaino_serve::rpc::grpc::service: [TEST] received call, method: "get_block"
1791660821.727705 runnervmmprz5 zainod-0.9.0[2988]:     at packages/zaino-serve/src/rpc/grpc/service.rs:163
1791660821.728525 runnervmmprz5 zainod-0.9.0[2988]:   19:33:41.728  INFO zaino_serve::rpc::grpc::service: [TEST] received call, method: "get_block"
1791660821.728525 runnervmmprz5 zainod-0.9.0[2988]:     at packages/zaino-serve/src/rpc/grpc/service.rs:163
1791660823.630509 runnervmmprz5 zainod-0.9.0[2988]:   19:33:43.630  INFO zainodlib::indexer: Zaino status check, chain_state: Ready, fs_mode: ephemeral(syncing), json_rpc: Ready, grpc: Ready
1791660823.630509 runnervmmprz5 zainod-0.9.0[2988]:     at packages/zainod/src/indexer.rs:310
1791660826.722516 runnervmmprz5 zainod-0.9.0[2988]:   19:33:46.722  INFO zaino_serve::rpc::grpc::service: [TEST] received call, method: "get_lightd_info"
1791660826.722516 runnervmmprz5 zainod-0.9.0[2988]:     at packages/zaino-serve/src/rpc/grpc/service.rs:163
1791660826.727195 runnervmmprz5 zainod-0.9.0[2988]:   19:33:46.727  INFO zaino_serve::rpc::grpc::service: [TEST] received call, method: "get_block"
1791660826.727195 runnervmmprz5 zainod-0.9.0[2988]:     at packages/zaino-serve/src/rpc/grpc/service.rs:163
1791660826.728330 runnervmmprz5 zainod-0.9.0[2988]:   19:33:46.728  INFO zaino_serve::rpc::grpc::service: [TEST] received call, method: "get_block"
1791660826.728330 runnervmmprz5 zainod-0.9.0[2988]:     at packages/zaino-serve/src/rpc/grpc/service.rs:163
1791660827.450718 runnervmmprz5 zainod-0.9.0[2988]:   19:33:47.450  INFO zaino_state::chain_index::finalised_state::finalised_source::v1::write_core: write_blocks_to_height: syncing, current: 1719118, target: 4381896, zebra_network: Testnet
1791660827.450718 runnervmmprz5 zainod-0.9.0[2988]:     at packages/zaino-state/src/chain_index/finalised_state/finalised_source/v1/write_core.rs:215
1791660831.720305 runnervmmprz5 zainod-0.9.0[2988]:   19:33:51.720  INFO zaino_serve::rpc::grpc::service: [TEST] received call, method: "get_lightd_info"
1791660831.720305 runnervmmprz5 zainod-0.9.0[2988]:     at packages/zaino-serve/src/rpc/grpc/service.rs:163
1791660831.725201 runnervmmprz5 zainod-0.9.0[2988]:   19:33:51.725  INFO zaino_serve::rpc::grpc::service: [TEST] received call, method: "get_block"
1791660831.725201 runnervmmprz5 zainod-0.9.0[2988]:     at packages/zaino-serve/src/rpc/grpc/service.rs:163
1791660831.726140 runnervmmprz5 zainod-0.9.0[2988]:   19:33:51.726  INFO zaino_serve::rpc::grpc::service: [TEST] received call, method: "get_block"
1791660831.726140 runnervmmprz5 zainod-0.9.0[2988]:     at packages/zaino-serve/src/rpc/grpc/service.rs:163
1791660833.730151 runnervmmprz5 zainod-0.9.0[2988]:   19:33:53.730  INFO zainodlib::indexer: Zaino status check, chain_state: Ready, fs_mode: ephemeral(syncing), json_rpc: Ready, grpc: Ready
1791660833.730151 runnervmmprz5 zainod-0.9.0[2988]:     at packages/zainod/src/indexer.rs:310
1791660836.724357 runnervmmprz5 zainod-0.9.0[2988]:   19:33:56.724  INFO zaino_serve::rpc::grpc::service: [TEST] received call, method: "get_lightd_info"
1791660836.724357 runnervmmprz5 zainod-0.9.0[2988]:     at packages/zaino-serve/src/rpc/grpc/service.rs:163
1791660836.728939 runnervmmprz5 zainod-0.9.0[2988]:   19:33:56.728  INFO zaino_serve::rpc::grpc::service: [TEST] received call, method: "get_block"
1791660836.728939 runnervmmprz5 zainod-0.9.0[2988]:     at packages/zaino-serve/src/rpc/grpc/service.rs:163
1791660836.729954 runnervmmprz5 zainod-0.9.0[2988]:   19:33:56.729  INFO zaino_serve::rpc::grpc::service: [TEST] received call, method: "get_block"
1791660836.729954 runnervmmprz5 zainod-0.9.0[2988]:     at packages/zaino-serve/src/rpc/grpc/service.rs:163
1791660837.451223 runnervmmprz5 zainod-0.9.0[2988]:   19:33:57.451  INFO zaino_state::chain_index::finalised_state::finalised_source::v1::write_core: write_blocks_to_height: syncing, current: 1771270, target: 4381896, zebra_network: Testnet
1791660837.451223 runnervmmprz5 zainod-0.9.0[2988]:     at packages/zaino-state/src/chain_index/finalised_state/finalised_source/v1/write_core.rs:215
1791660841.721587 runnervmmprz5 zainod-0.9.0[2988]:   19:34:01.721  INFO zaino_serve::rpc::grpc::service: [TEST] received call, method: "get_lightd_info"
1791660841.721587 runnervmmprz5 zainod-0.9.0[2988]:     at packages/zaino-serve/src/rpc/grpc/service.rs:163
1791660841.727061 runnervmmprz5 zainod-0.9.0[2988]:   19:34:01.727  INFO zaino_serve::rpc::grpc::service: [TEST] received call, method: "get_block"
1791660841.727061 runnervmmprz5 zainod-0.9.0[2988]:     at packages/zaino-serve/src/rpc/grpc/service.rs:163
1791660841.727992 runnervmmprz5 zainod-0.9.0[2988]:   19:34:01.727  INFO zaino_serve::rpc::grpc::service: [TEST] received call, method: "get_block"
1791660841.727992 runnervmmprz5 zainod-0.9.0[2988]:     at packages/zaino-serve/src/rpc/grpc/service.rs:163
1791660842.827499 runnervmmprz5 zainod-0.9.0[2988]:   19:34:02.827  INFO zaino_state::chain_index::finalised_state::finalised_source::v1::write_core: write_blocks_to_height: committed batch, height: 1699999, blocks: 100000
1791660842.827499 runnervmmprz5 zainod-0.9.0[2988]:     at packages/zaino-state/src/chain_index/finalised_state/finalised_source/v1/write_core.rs:650
1791660843.829860 runnervmmprz5 zainod-0.9.0[2988]:   19:34:03.829  INFO zainodlib::indexer: Zaino status check, chain_state: Ready, fs_mode: ephemeral(syncing), json_rpc: Ready, grpc: Ready
1791660843.829860 runnervmmprz5 zainod-0.9.0[2988]:     at packages/zainod/src/indexer.rs:310
1791660846.718741 runnervmmprz5 zainod-0.9.0[2988]:   19:34:06.718  INFO zaino_serve::rpc::grpc::service: [TEST] received call, method: "get_lightd_info"
1791660846.718741 runnervmmprz5 zainod-0.9.0[2988]:     at packages/zaino-serve/src/rpc/grpc/service.rs:163
1791660846.722214 runnervmmprz5 zainod-0.9.0[2988]:   19:34:06.722  INFO zaino_serve::rpc::grpc::service: [TEST] received call, method: "get_block"
1791660846.722214 runnervmmprz5 zainod-0.9.0[2988]:     at packages/zaino-serve/src/rpc/grpc/service.rs:163
1791660846.722857 runnervmmprz5 zainod-0.9.0[2988]:   19:34:06.722  INFO zaino_serve::rpc::grpc::service: [TEST] received call, method: "get_block"
1791660846.722857 runnervmmprz5 zainod-0.9.0[2988]:     at packages/zaino-serve/src/rpc/grpc/service.rs:163
1791660847.488680 runnervmmprz5 zainod-0.9.0[2988]:   19:34:07.488  INFO zaino_state::chain_index::finalised_state::finalised_source::v1::write_core: write_blocks_to_height: syncing, current: 1812479, target: 4381896, zebra_network: Testnet
1791660847.488680 runnervmmprz5 zainod-0.9.0[2988]:     at packages/zaino-state/src/chain_index/finalised_state/finalised_source/v1/write_core.rs:215
1791660851.723967 runnervmmprz5 zainod-0.9.0[2988]:   19:34:11.723  INFO zaino_serve::rpc::grpc::service: [TEST] received call, method: "get_lightd_info"
1791660851.723967 runnervmmprz5 zainod-0.9.0[2988]:     at packages/zaino-serve/src/rpc/grpc/service.rs:163
1791660851.736355 runnervmmprz5 zainod-0.9.0[2988]:   19:34:11.736  INFO zaino_serve::rpc::grpc::service: [TEST] received call, method: "get_block"
1791660851.736355 runnervmmprz5 zainod-0.9.0[2988]:     at packages/zaino-serve/src/rpc/grpc/service.rs:163
1791660851.740175 runnervmmprz5 zainod-0.9.0[2988]:   19:34:11.740  INFO zaino_serve::rpc::grpc::service: [TEST] received call, method: "get_block"
1791660851.740175 runnervmmprz5 zainod-0.9.0[2988]:     at packages/zaino-serve/src/rpc/grpc/service.rs:163
1791660853.830442 runnervmmprz5 zainod-0.9.0[2988]:   19:34:13.830  INFO zainodlib::indexer: Zaino status check, chain_state: Ready, fs_mode: ephemeral(syncing), json_rpc: Ready, grpc: Ready
1791660853.830442 runnervmmprz5 zainod-0.9.0[2988]:     at packages/zainod/src/indexer.rs:310
1791660856.725286 runnervmmprz5 zainod-0.9.0[2988]:   19:34:16.725  INFO zaino_serve::rpc::grpc::service: [TEST] received call, method: "get_lightd_info"
1791660856.725286 runnervmmprz5 zainod-0.9.0[2988]:     at packages/zaino-serve/src/rpc/grpc/service.rs:163
1791660856.729435 runnervmmprz5 zainod-0.9.0[2988]:   19:34:16.729  INFO zaino_serve::rpc::grpc::service: [TEST] received call, method: "get_block"
1791660856.729435 runnervmmprz5 zainod-0.9.0[2988]:     at packages/zaino-serve/src/rpc/grpc/service.rs:163
1791660856.730220 runnervmmprz5 zainod-0.9.0[2988]:   19:34:16.730  INFO zaino_serve::rpc::grpc::service: [TEST] received call, method: "get_block"
1791660856.730220 runnervmmprz5 zainod-0.9.0[2988]:     at packages/zaino-serve/src/rpc/grpc/service.rs:163
1791660857.489383 runnervmmprz5 zainod-0.9.0[2988]:   19:34:17.489  INFO zaino_state::chain_index::finalised_state::finalised_source::v1::write_core: write_blocks_to_height: syncing, current: 1840955, target: 4381896, zebra_network: Testnet
1791660857.489383 runnervmmprz5 zainod-0.9.0[2988]:     at packages/zaino-state/src/chain_index/finalised_state/finalised_source/v1/write_core.rs:215
1791660861.723378 runnervmmprz5 zainod-0.9.0[2988]:   19:34:21.723  INFO zaino_serve::rpc::grpc::service: [TEST] received call, method: "get_lightd_info"
1791660861.723378 runnervmmprz5 zainod-0.9.0[2988]:     at packages/zaino-serve/src/rpc/grpc/service.rs:163
1791660861.728419 runnervmmprz5 zainod-0.9.0[2988]:   19:34:21.728  INFO zaino_serve::rpc::grpc::service: [TEST] received call, method: "get_block"
1791660861.728419 runnervmmprz5 zainod-0.9.0[2988]:     at packages/zaino-serve/src/rpc/grpc/service.rs:163
1791660861.729168 runnervmmprz5 zainod-0.9.0[2988]:   19:34:21.729  INFO zaino_serve::rpc::grpc::service: [TEST] received call, method: "get_block"
1791660861.729168 runnervmmprz5 zainod-0.9.0[2988]:     at packages/zaino-serve/src/rpc/grpc/service.rs:163
1791660863.830487 runnervmmprz5 zainod-0.9.0[2988]:   19:34:23.830  INFO zainodlib::indexer: Zaino status check, chain_state: Ready, fs_mode: ephemeral(syncing), json_rpc: Ready, grpc: Ready
1791660863.830487 runnervmmprz5 zainod-0.9.0[2988]:     at packages/zainod/src/indexer.rs:310
1791660866.722757 runnervmmprz5 zainod-0.9.0[2988]:   19:34:26.722  INFO zaino_serve::rpc::grpc::service: [TEST] received call, method: "get_lightd_info"
1791660866.722757 runnervmmprz5 zainod-0.9.0[2988]:     at packages/zaino-serve/src/rpc/grpc/service.rs:163
1791660866.727270 runnervmmprz5 zainod-0.9.0[2988]:   19:34:26.727  INFO zaino_serve::rpc::grpc::service: [TEST] received call, method: "get_block"
1791660866.727270 runnervmmprz5 zainod-0.9.0[2988]:     at packages/zaino-serve/src/rpc/grpc/service.rs:163
1791660866.728080 runnervmmprz5 zainod-0.9.0[2988]:   19:34:26.728  INFO zaino_serve::rpc::grpc::service: [TEST] received call, method: "get_block"
1791660866.728080 runnervmmprz5 zainod-0.9.0[2988]:     at packages/zaino-serve/src/rpc/grpc/service.rs:163
1791660867.489745 runnervmmprz5 zainod-0.9.0[2988]:   19:34:27.489  INFO zaino_state::chain_index::finalised_state::finalised_source::v1::write_core: write_blocks_to_height: syncing, current: 1865576, target: 4381896, zebra_network: Testnet
1791660867.489745 runnervmmprz5 zainod-0.9.0[2988]:     at packages/zaino-state/src/chain_index/finalised_state/finalised_source/v1/write_core.rs:215
1791660871.726236 runnervmmprz5 zainod-0.9.0[2988]:   19:34:31.726  INFO zaino_serve::rpc::grpc::service: [TEST] received call, method: "get_lightd_info"
1791660871.726236 runnervmmprz5 zainod-0.9.0[2988]:     at packages/zaino-serve/src/rpc/grpc/service.rs:163
1791660871.730486 runnervmmprz5 zainod-0.9.0[2988]:   19:34:31.730  INFO zaino_serve::rpc::grpc::service: [TEST] received call, method: "get_block"
1791660871.730486 runnervmmprz5 zainod-0.9.0[2988]:     at packages/zaino-serve/src/rpc/grpc/service.rs:163
1791660871.731451 runnervmmprz5 zainod-0.9.0[2988]:   19:34:31.731  INFO zaino_serve::rpc::grpc::service: [TEST] received call, method: "get_block"
1791660871.731451 runnervmmprz5 zainod-0.9.0[2988]:     at packages/zaino-serve/src/rpc/grpc/service.rs:163
1791660873.929738 runnervmmprz5 zainod-0.9.0[2988]:   19:34:33.929  INFO zainodlib::indexer: Zaino status check, chain_state: Ready, fs_mode: ephemeral(syncing), json_rpc: Ready, grpc: Ready
1791660873.929738 runnervmmprz5 zainod-0.9.0[2988]:     at packages/zainod/src/indexer.rs:310
1791660876.727865 runnervmmprz5 zainod-0.9.0[2988]:   19:34:36.727  INFO zaino_serve::rpc::grpc::service: [TEST] received call, method: "get_lightd_info"
1791660876.727865 runnervmmprz5 zainod-0.9.0[2988]:     at packages/zaino-serve/src/rpc/grpc/service.rs:163
1791660876.733509 runnervmmprz5 zainod-0.9.0[2988]:   19:34:36.733  INFO zaino_serve::rpc::grpc::service: [TEST] received call, method: "get_block"
1791660876.733509 runnervmmprz5 zainod-0.9.0[2988]:     at packages/zaino-serve/src/rpc/grpc/service.rs:163
1791660876.734344 runnervmmprz5 zainod-0.9.0[2988]:   19:34:36.734  INFO zaino_serve::rpc::grpc::service: [TEST] received call, method: "get_block"
1791660876.734344 runnervmmprz5 zainod-0.9.0[2988]:     at packages/zaino-serve/src/rpc/grpc/service.rs:163
1791660877.490364 runnervmmprz5 zainod-0.9.0[2988]:   19:34:37.490  INFO zaino_state::chain_index::finalised_state::finalised_source::v1::write_core: write_blocks_to_height: syncing, current: 1894448, target: 4381896, zebra_network: Testnet
1791660877.490364 runnervmmprz5 zainod-0.9.0[2988]:     at packages/zaino-state/src/chain_index/finalised_state/finalised_source/v1/write_core.rs:215
1791660879.430900 runnervmmprz5 zainod-0.9.0[2988]:   19:34:39.430  INFO zaino_state::chain_index::finalised_state::finalised_source::v1::write_core: write_blocks_to_height: committed batch, height: 1799999, blocks: 100000
1791660879.430900 runnervmmprz5 zainod-0.9.0[2988]:     at packages/zaino-state/src/chain_index/finalised_state/finalised_source/v1/write_core.rs:650
1791660881.728253 runnervmmprz5 zainod-0.9.0[2988]:   19:34:41.728  INFO zaino_serve::rpc::grpc::service: [TEST] received call, method: "get_lightd_info"
1791660881.728253 runnervmmprz5 zainod-0.9.0[2988]:     at packages/zaino-serve/src/rpc/grpc/service.rs:163
1791660881.733897 runnervmmprz5 zainod-0.9.0[2988]:   19:34:41.733  INFO zaino_serve::rpc::grpc::service: [TEST] received call, method: "get_block"
1791660881.733897 runnervmmprz5 zainod-0.9.0[2988]:     at packages/zaino-serve/src/rpc/grpc/service.rs:163
1791660881.734762 runnervmmprz5 zainod-0.9.0[2988]:   19:34:41.734  INFO zaino_serve::rpc::grpc::service: [TEST] received call, method: "get_block"
1791660881.734762 runnervmmprz5 zainod-0.9.0[2988]:     at packages/zaino-serve/src/rpc/grpc/service.rs:163
1791660883.929864 runnervmmprz5 zainod-0.9.0[2988]:   19:34:43.929  INFO zainodlib::indexer: Zaino status check, chain_state: Ready, fs_mode: ephemeral(syncing), json_rpc: Ready, grpc: Ready
1791660883.929864 runnervmmprz5 zainod-0.9.0[2988]:     at packages/zainod/src/indexer.rs:310
1791660886.728316 runnervmmprz5 zainod-0.9.0[2988]:   19:34:46.728  INFO zaino_serve::rpc::grpc::service: [TEST] received call, method: "get_lightd_info"
1791660886.728316 runnervmmprz5 zainod-0.9.0[2988]:     at packages/zaino-serve/src/rpc/grpc/service.rs:163
1791660886.733209 runnervmmprz5 zainod-0.9.0[2988]:   19:34:46.733  INFO zaino_serve::rpc::grpc::service: [TEST] received call, method: "get_block"
1791660886.733209 runnervmmprz5 zainod-0.9.0[2988]:     at packages/zaino-serve/src/rpc/grpc/service.rs:163
1791660886.734091 runnervmmprz5 zainod-0.9.0[2988]:   19:34:46.734  INFO zaino_serve::rpc::grpc::service: [TEST] received call, method: "get_block"
1791660886.734091 runnervmmprz5 zainod-0.9.0[2988]:     at packages/zaino-serve/src/rpc/grpc/service.rs:163
1791660887.491139 runnervmmprz5 zainod-0.9.0[2988]:   19:34:47.491  INFO zaino_state::chain_index::finalised_state::finalised_source::v1::write_core: write_blocks_to_height: syncing, current: 1914192, target: 4381896, zebra_network: Testnet
1791660887.491139 runnervmmprz5 zainod-0.9.0[2988]:     at packages/zaino-state/src/chain_index/finalised_state/finalised_source/v1/write_core.rs:215
1791660891.726801 runnervmmprz5 zainod-0.9.0[2988]:   19:34:51.726  INFO zaino_serve::rpc::grpc::service: [TEST] received call, method: "get_lightd_info"
1791660891.726801 runnervmmprz5 zainod-0.9.0[2988]:     at packages/zaino-serve/src/rpc/grpc/service.rs:163
1791660891.732309 runnervmmprz5 zainod-0.9.0[2988]:   19:34:51.732  INFO zaino_serve::rpc::grpc::service: [TEST] received call, method: "get_block"
1791660891.732309 runnervmmprz5 zainod-0.9.0[2988]:     at packages/zaino-serve/src/rpc/grpc/service.rs:163
1791660891.733292 runnervmmprz5 zainod-0.9.0[2988]:   19:34:51.733  INFO zaino_serve::rpc::grpc::service: [TEST] received call, method: "get_block"
1791660891.733292 runnervmmprz5 zainod-0.9.0[2988]:     at packages/zaino-serve/src/rpc/grpc/service.rs:163
1791660893.930009 runnervmmprz5 zainod-0.9.0[2988]:   19:34:53.929  INFO zainodlib::indexer: Zaino status check, chain_state: Ready, fs_mode: ephemeral(syncing), json_rpc: Ready, grpc: Ready
1791660893.930009 runnervmmprz5 zainod-0.9.0[2988]:     at packages/zainod/src/indexer.rs:310
1791660896.730241 runnervmmprz5 zainod-0.9.0[2988]:   19:34:56.730  INFO zaino_serve::rpc::grpc::service: [TEST] received call, method: "get_lightd_info"
1791660896.730241 runnervmmprz5 zainod-0.9.0[2988]:     at packages/zaino-serve/src/rpc/grpc/service.rs:163
1791660896.734102 runnervmmprz5 zainod-0.9.0[2988]:   19:34:56.734  INFO zaino_serve::rpc::grpc::service: [TEST] received call, method: "get_block"
1791660896.734102 runnervmmprz5 zainod-0.9.0[2988]:     at packages/zaino-serve/src/rpc/grpc/service.rs:163
1791660896.734864 runnervmmprz5 zainod-0.9.0[2988]:   19:34:56.734  INFO zaino_serve::rpc::grpc::service: [TEST] received call, method: "get_block"
1791660896.734864 runnervmmprz5 zainod-0.9.0[2988]:     at packages/zaino-serve/src/rpc/grpc/service.rs:163
1791660897.491760 runnervmmprz5 zainod-0.9.0[2988]:   19:34:57.491  INFO zaino_state::chain_index::finalised_state::finalised_source::v1::write_core: write_blocks_to_height: syncing, current: 1947045, target: 4381896, zebra_network: Testnet
1791660897.491760 runnervmmprz5 zainod-0.9.0[2988]:     at packages/zaino-state/src/chain_index/finalised_state/finalised_source/v1/write_core.rs:215
1791660901.728203 runnervmmprz5 zainod-0.9.0[2988]:   19:35:01.728  INFO zaino_serve::rpc::grpc::service: [TEST] received call, method: "get_lightd_info"
1791660901.728203 runnervmmprz5 zainod-0.9.0[2988]:     at packages/zaino-serve/src/rpc/grpc/service.rs:163
1791660901.732577 runnervmmprz5 zainod-0.9.0[2988]:   19:35:01.732  INFO zaino_serve::rpc::grpc::service: [TEST] received call, method: "get_block"
1791660901.732577 runnervmmprz5 zainod-0.9.0[2988]:     at packages/zaino-serve/src/rpc/grpc/service.rs:163
1791660901.733729 runnervmmprz5 zainod-0.9.0[2988]:   19:35:01.733  INFO zaino_serve::rpc::grpc::service: [TEST] received call, method: "get_block"
1791660901.733729 runnervmmprz5 zainod-0.9.0[2988]:     at packages/zaino-serve/src/rpc/grpc/service.rs:163
1791660904.030095 runnervmmprz5 zainod-0.9.0[2988]:   19:35:04.030  INFO zainodlib::indexer: Zaino status check, chain_state: Ready, fs_mode: ephemeral(syncing), json_rpc: Ready, grpc: Ready
1791660904.030095 runnervmmprz5 zainod-0.9.0[2988]:     at packages/zainod/src/indexer.rs:310
1791660906.731633 runnervmmprz5 zainod-0.9.0[2988]:   19:35:06.731  INFO zaino_serve::rpc::grpc::service: [TEST] received call, method: "get_lightd_info"
1791660906.731633 runnervmmprz5 zainod-0.9.0[2988]:     at packages/zaino-serve/src/rpc/grpc/service.rs:163
1791660906.736873 runnervmmprz5 zainod-0.9.0[2988]:   19:35:06.736  INFO zaino_serve::rpc::grpc::service: [TEST] received call, method: "get_block"
1791660906.736873 runnervmmprz5 zainod-0.9.0[2988]:     at packages/zaino-serve/src/rpc/grpc/service.rs:163
1791660906.737691 runnervmmprz5 zainod-0.9.0[2988]:   19:35:06.737  INFO zaino_serve::rpc::grpc::service: [TEST] received call, method: "get_block"
1791660906.737691 runnervmmprz5 zainod-0.9.0[2988]:     at packages/zaino-serve/src/rpc/grpc/service.rs:163
1791660907.492368 runnervmmprz5 zainod-0.9.0[2988]:   19:35:07.492  INFO zaino_state::chain_index::finalised_state::finalised_source::v1::write_core: write_blocks_to_height: syncing, current: 1997514, target: 4381896, zebra_network: Testnet
1791660907.492368 runnervmmprz5 zainod-0.9.0[2988]:     at packages/zaino-state/src/chain_index/finalised_state/finalised_source/v1/write_core.rs:215
1791660908.039278 runnervmmprz5 zainod-0.9.0[2988]:   19:35:08.039  INFO zaino_state::chain_index::finalised_state::finalised_source::v1::write_core: write_blocks_to_height: committed batch, height: 1899999, blocks: 100000
1791660908.039278 runnervmmprz5 zainod-0.9.0[2988]:     at packages/zaino-state/src/chain_index/finalised_state/finalised_source/v1/write_core.rs:650
1791660911.724583 runnervmmprz5 zainod-0.9.0[2988]:   19:35:11.724  INFO zaino_serve::rpc::grpc::service: [TEST] received call, method: "get_lightd_info"
1791660911.724583 runnervmmprz5 zainod-0.9.0[2988]:     at packages/zaino-serve/src/rpc/grpc/service.rs:163
1791660911.728121 runnervmmprz5 zainod-0.9.0[2988]:   19:35:11.728  INFO zaino_serve::rpc::grpc::service: [TEST] received call, method: "get_block"
1791660911.728121 runnervmmprz5 zainod-0.9.0[2988]:     at packages/zaino-serve/src/rpc/grpc/service.rs:163
1791660911.728796 runnervmmprz5 zainod-0.9.0[2988]:   19:35:11.728  INFO zaino_serve::rpc::grpc::service: [TEST] received call, method: "get_block"
1791660911.728796 runnervmmprz5 zainod-0.9.0[2988]:     at packages/zaino-serve/src/rpc/grpc/service.rs:163
1791660914.130632 runnervmmprz5 zainod-0.9.0[2988]:   19:35:14.130  INFO zainodlib::indexer: Zaino status check, chain_state: Ready, fs_mode: ephemeral(syncing), json_rpc: Ready, grpc: Ready
1791660914.130632 runnervmmprz5 zainod-0.9.0[2988]:     at packages/zainod/src/indexer.rs:310
1791660917.246923 runnervmmprz5 zainod-0.9.0[2988]:   19:35:17.246  WARN metrics_exporter_prometheus::exporter::http_listener: Error serving connection., error: hyper::Error(IncompleteMessage)
1791660917.246923 runnervmmprz5 zainod-0.9.0[2988]:     at /home/runner/.cargo/registry/src/index.crates.io-1949cf8c6b5b557f/metrics-exporter-prometheus-0.18.3/src/exporter/http_listener.rs:79
1791660917.249147 runnervmmprz5 zainod-0.9.0[2988]:   19:35:17.249  INFO zaino_serve::rpc::grpc::service: [TEST] received call, method: "get_lightd_info"
1791660917.249147 runnervmmprz5 zainod-0.9.0[2988]:     at packages/zaino-serve/src/rpc/grpc/service.rs:163
1791660917.253882 runnervmmprz5 zainod-0.9.0[2988]:   19:35:17.253  INFO zaino_serve::rpc::grpc::service: [TEST] received call, method: "get_block"
1791660917.253882 runnervmmprz5 zainod-0.9.0[2988]:     at packages/zaino-serve/src/rpc/grpc/service.rs:163
1791660917.255044 runnervmmprz5 zainod-0.9.0[2988]:   19:35:17.255  INFO zaino_serve::rpc::grpc::service: [TEST] received call, method: "get_block"
1791660917.255044 runnervmmprz5 zainod-0.9.0[2988]:     at packages/zaino-serve/src/rpc/grpc/service.rs:163
1791660917.492711 runnervmmprz5 zainod-0.9.0[2988]:   19:35:17.492  INFO zaino_state::chain_index::finalised_state::finalised_source::v1::write_core: write_blocks_to_height: syncing, current: 2024230, target: 4381896, zebra_network: Testnet
1791660917.492711 runnervmmprz5 zainod-0.9.0[2988]:     at packages/zaino-state/src/chain_index/finalised_state/finalised_source/v1/write_core.rs:215
1791660921.743713 runnervmmprz5 zainod-0.9.0[2988]:   19:35:21.743  INFO zaino_serve::rpc::grpc::service: [TEST] received call, method: "get_lightd_info"
1791660921.743713 runnervmmprz5 zainod-0.9.0[2988]:     at packages/zaino-serve/src/rpc/grpc/service.rs:163
1791660921.749168 runnervmmprz5 zainod-0.9.0[2988]:   19:35:21.749  INFO zaino_serve::rpc::grpc::service: [TEST] received call, method: "get_block"
1791660921.749168 runnervmmprz5 zainod-0.9.0[2988]:     at packages/zaino-serve/src/rpc/grpc/service.rs:163
1791660921.750200 runnervmmprz5 zainod-0.9.0[2988]:   19:35:21.750  INFO zaino_serve::rpc::grpc::service: [TEST] received call, method: "get_block"
1791660921.750200 runnervmmprz5 zainod-0.9.0[2988]:     at packages/zaino-serve/src/rpc/grpc/service.rs:163
1791660924.230082 runnervmmprz5 zainod-0.9.0[2988]:   19:35:24.230  INFO zainodlib::indexer: Zaino status check, chain_state: Ready, fs_mode: ephemeral(syncing), json_rpc: Ready, grpc: Ready
1791660924.230082 runnervmmprz5 zainod-0.9.0[2988]:     at packages/zainod/src/indexer.rs:310
1791660926.745237 runnervmmprz5 zainod-0.9.0[2988]:   19:35:26.745  INFO zaino_serve::rpc::grpc::service: [TEST] received call, method: "get_lightd_info"
1791660926.745237 runnervmmprz5 zainod-0.9.0[2988]:     at packages/zaino-serve/src/rpc/grpc/service.rs:163
1791660926.750499 runnervmmprz5 zainod-0.9.0[2988]:   19:35:26.750  INFO zaino_serve::rpc::grpc::service: [TEST] received call, method: "get_block"
1791660926.750499 runnervmmprz5 zainod-0.9.0[2988]:     at packages/zaino-serve/src/rpc/grpc/service.rs:163
1791660926.751404 runnervmmprz5 zainod-0.9.0[2988]:   19:35:26.751  INFO zaino_serve::rpc::grpc::service: [TEST] received call, method: "get_block"
1791660926.751404 runnervmmprz5 zainod-0.9.0[2988]:     at packages/zaino-serve/src/rpc/grpc/service.rs:163
1791660927.493337 runnervmmprz5 zainod-0.9.0[2988]:   19:35:27.493  INFO zaino_state::chain_index::finalised_state::finalised_source::v1::write_core: write_blocks_to_height: syncing, current: 2070994, target: 4381896, zebra_network: Testnet
1791660927.493337 runnervmmprz5 zainod-0.9.0[2988]:     at packages/zaino-state/src/chain_index/finalised_state/finalised_source/v1/write_core.rs:215
1791660931.743380 runnervmmprz5 zainod-0.9.0[2988]:   19:35:31.743  INFO zaino_serve::rpc::grpc::service: [TEST] received call, method: "get_lightd_info"
1791660931.743380 runnervmmprz5 zainod-0.9.0[2988]:     at packages/zaino-serve/src/rpc/grpc/service.rs:163
1791660931.747593 runnervmmprz5 zainod-0.9.0[2988]:   19:35:31.747  INFO zaino_serve::rpc::grpc::service: [TEST] received call, method: "get_block"
1791660931.747593 runnervmmprz5 zainod-0.9.0[2988]:     at packages/zaino-serve/src/rpc/grpc/service.rs:163
1791660931.748582 runnervmmprz5 zainod-0.9.0[2988]:   19:35:31.748  INFO zaino_serve::rpc::grpc::service: [TEST] received call, method: "get_block"
1791660931.748582 runnervmmprz5 zainod-0.9.0[2988]:     at packages/zaino-serve/src/rpc/grpc/service.rs:163
1791660933.259619 runnervmmprz5 zainod-0.9.0[2988]:   19:35:33.259  INFO zaino_state::chain_index::finalised_state::finalised_source::v1::write_core: write_blocks_to_height: committed batch, height: 1999999, blocks: 100000
1791660933.259619 runnervmmprz5 zainod-0.9.0[2988]:     at packages/zaino-state/src/chain_index/finalised_state/finalised_source/v1/write_core.rs:650
1791660934.329706 runnervmmprz5 zainod-0.9.0[2988]:   19:35:34.329  INFO zainodlib::indexer: Zaino status check, chain_state: Ready, fs_mode: ephemeral(syncing), json_rpc: Ready, grpc: Ready
1791660934.329706 runnervmmprz5 zainod-0.9.0[2988]:     at packages/zainod/src/indexer.rs:310
1791660936.741592 runnervmmprz5 zainod-0.9.0[2988]:   19:35:36.741  INFO zaino_serve::rpc::grpc::service: [TEST] received call, method: "get_lightd_info"
1791660936.741592 runnervmmprz5 zainod-0.9.0[2988]:     at packages/zaino-serve/src/rpc/grpc/service.rs:163
1791660936.745129 runnervmmprz5 zainod-0.9.0[2988]:   19:35:36.745  INFO zaino_serve::rpc::grpc::service: [TEST] received call, method: "get_block"
1791660936.745129 runnervmmprz5 zainod-0.9.0[2988]:     at packages/zaino-serve/src/rpc/grpc/service.rs:163
1791660936.745848 runnervmmprz5 zainod-0.9.0[2988]:   19:35:36.745  INFO zaino_serve::rpc::grpc::service: [TEST] received call, method: "get_block"
1791660936.745848 runnervmmprz5 zainod-0.9.0[2988]:     at packages/zaino-serve/src/rpc/grpc/service.rs:163
1791660937.498631 runnervmmprz5 zainod-0.9.0[2988]:   19:35:37.498  INFO zaino_state::chain_index::finalised_state::finalised_source::v1::write_core: write_blocks_to_height: syncing, current: 2111750, target: 4381896, zebra_network: Testnet
1791660937.498631 runnervmmprz5 zainod-0.9.0[2988]:     at packages/zaino-state/src/chain_index/finalised_state/finalised_source/v1/write_core.rs:215
1791660941.744690 runnervmmprz5 zainod-0.9.0[2988]:   19:35:41.744  INFO zaino_serve::rpc::grpc::service: [TEST] received call, method: "get_lightd_info"
1791660941.744690 runnervmmprz5 zainod-0.9.0[2988]:     at packages/zaino-serve/src/rpc/grpc/service.rs:163
1791660941.751122 runnervmmprz5 zainod-0.9.0[2988]:   19:35:41.751  INFO zaino_serve::rpc::grpc::service: [TEST] received call, method: "get_block"
1791660941.751122 runnervmmprz5 zainod-0.9.0[2988]:     at packages/zaino-serve/src/rpc/grpc/service.rs:163
1791660941.752006 runnervmmprz5 zainod-0.9.0[2988]:   19:35:41.751  INFO zaino_serve::rpc::grpc::service: [TEST] received call, method: "get_block"
1791660941.752006 runnervmmprz5 zainod-0.9.0[2988]:     at packages/zaino-serve/src/rpc/grpc/service.rs:163
1791660944.330328 runnervmmprz5 zainod-0.9.0[2988]:   19:35:44.330  INFO zainodlib::indexer: Zaino status check, chain_state: Ready, fs_mode: ephemeral(syncing), json_rpc: Ready, grpc: Ready
1791660944.330328 runnervmmprz5 zainod-0.9.0[2988]:     at packages/zainod/src/indexer.rs:310
1791660946.747591 runnervmmprz5 zainod-0.9.0[2988]:   19:35:46.747  INFO zaino_serve::rpc::grpc::service: [TEST] received call, method: "get_lightd_info"
1791660946.747591 runnervmmprz5 zainod-0.9.0[2988]:     at packages/zaino-serve/src/rpc/grpc/service.rs:163
1791660946.754001 runnervmmprz5 zainod-0.9.0[2988]:   19:35:46.753  INFO zaino_serve::rpc::grpc::service: [TEST] received call, method: "get_block"
1791660946.754001 runnervmmprz5 zainod-0.9.0[2988]:     at packages/zaino-serve/src/rpc/grpc/service.rs:163
1791660946.754974 runnervmmprz5 zainod-0.9.0[2988]:   19:35:46.754  INFO zaino_serve::rpc::grpc::service: [TEST] received call, method: "get_block"
1791660946.754974 runnervmmprz5 zainod-0.9.0[2988]:     at packages/zaino-serve/src/rpc/grpc/service.rs:163
1791660947.498948 runnervmmprz5 zainod-0.9.0[2988]:   19:35:47.498  INFO zaino_state::chain_index::finalised_state::finalised_source::v1::write_core: write_blocks_to_height: syncing, current: 2144963, target: 4381896, zebra_network: Testnet
1791660947.498948 runnervmmprz5 zainod-0.9.0[2988]:     at packages/zaino-state/src/chain_index/finalised_state/finalised_source/v1/write_core.rs:215
1791660951.747378 runnervmmprz5 zainod-0.9.0[2988]:   19:35:51.747  INFO zaino_serve::rpc::grpc::service: [TEST] received call, method: "get_lightd_info"
1791660951.747378 runnervmmprz5 zainod-0.9.0[2988]:     at packages/zaino-serve/src/rpc/grpc/service.rs:163
1791660951.753050 runnervmmprz5 zainod-0.9.0[2988]:   19:35:51.753  INFO zaino_serve::rpc::grpc::service: [TEST] received call, method: "get_block"
1791660951.753050 runnervmmprz5 zainod-0.9.0[2988]:     at packages/zaino-serve/src/rpc/grpc/service.rs:163
1791660951.753947 runnervmmprz5 zainod-0.9.0[2988]:   19:35:51.753  INFO zaino_serve::rpc::grpc::service: [TEST] received call, method: "get_block"
1791660951.753947 runnervmmprz5 zainod-0.9.0[2988]:     at packages/zaino-serve/src/rpc/grpc/service.rs:163
1791660954.430616 runnervmmprz5 zainod-0.9.0[2988]:   19:35:54.430  INFO zainodlib::indexer: Zaino status check, chain_state: Ready, fs_mode: ephemeral(syncing), json_rpc: Ready, grpc: Ready
1791660954.430616 runnervmmprz5 zainod-0.9.0[2988]:     at packages/zainod/src/indexer.rs:310
1791660956.747767 runnervmmprz5 zainod-0.9.0[2988]:   19:35:56.747  INFO zaino_serve::rpc::grpc::service: [TEST] received call, method: "get_lightd_info"
1791660956.747767 runnervmmprz5 zainod-0.9.0[2988]:     at packages/zaino-serve/src/rpc/grpc/service.rs:163
1791660956.753027 runnervmmprz5 zainod-0.9.0[2988]:   19:35:56.752  INFO zaino_serve::rpc::grpc::service: [TEST] received call, method: "get_block"
1791660956.753027 runnervmmprz5 zainod-0.9.0[2988]:     at packages/zaino-serve/src/rpc/grpc/service.rs:163
1791660956.753735 runnervmmprz5 zainod-0.9.0[2988]:   19:35:56.753  INFO zaino_serve::rpc::grpc::service: [TEST] received call, method: "get_block"
1791660956.753735 runnervmmprz5 zainod-0.9.0[2988]:     at packages/zaino-serve/src/rpc/grpc/service.rs:163
1791660957.499286 runnervmmprz5 zainod-0.9.0[2988]:   19:35:57.499  INFO zaino_state::chain_index::finalised_state::finalised_source::v1::write_core: write_blocks_to_height: syncing, current: 2196833, target: 4381896, zebra_network: Testnet
1791660957.499286 runnervmmprz5 zainod-0.9.0[2988]:     at packages/zaino-state/src/chain_index/finalised_state/finalised_source/v1/write_core.rs:215
1791660958.153009 runnervmmprz5 zainod-0.9.0[2988]:   19:35:58.152  INFO zaino_state::chain_index::finalised_state::finalised_source::v1::write_core: write_blocks_to_height: committed batch, height: 2099999, blocks: 100000
1791660958.153009 runnervmmprz5 zainod-0.9.0[2988]:     at packages/zaino-state/src/chain_index/finalised_state/finalised_source/v1/write_core.rs:650
1791660961.741965 runnervmmprz5 zainod-0.9.0[2988]:   19:36:01.741  INFO zaino_serve::rpc::grpc::service: [TEST] received call, method: "get_lightd_info"
1791660961.741965 runnervmmprz5 zainod-0.9.0[2988]:     at packages/zaino-serve/src/rpc/grpc/service.rs:163
1791660961.745296 runnervmmprz5 zainod-0.9.0[2988]:   19:36:01.745  INFO zaino_serve::rpc::grpc::service: [TEST] received call, method: "get_block"
1791660961.745296 runnervmmprz5 zainod-0.9.0[2988]:     at packages/zaino-serve/src/rpc/grpc/service.rs:163
1791660961.745969 runnervmmprz5 zainod-0.9.0[2988]:   19:36:01.745  INFO zaino_serve::rpc::grpc::service: [TEST] received call, method: "get_block"
1791660961.745969 runnervmmprz5 zainod-0.9.0[2988]:     at packages/zaino-serve/src/rpc/grpc/service.rs:163
1791660964.530054 runnervmmprz5 zainod-0.9.0[2988]:   19:36:04.529  INFO zainodlib::indexer: Zaino status check, chain_state: Ready, fs_mode: ephemeral(syncing), json_rpc: Ready, grpc: Ready
1791660964.530054 runnervmmprz5 zainod-0.9.0[2988]:     at packages/zainod/src/indexer.rs:310
1791660967.408285 runnervmmprz5 zainod-0.9.0[2988]:   19:36:07.408  INFO zaino_serve::rpc::grpc::service: [TEST] received call, method: "get_lightd_info"
1791660967.408285 runnervmmprz5 zainod-0.9.0[2988]:     at packages/zaino-serve/src/rpc/grpc/service.rs:163
1791660967.413693 runnervmmprz5 zainod-0.9.0[2988]:   19:36:07.413  INFO zaino_serve::rpc::grpc::service: [TEST] received call, method: "get_block"
1791660967.413693 runnervmmprz5 zainod-0.9.0[2988]:     at packages/zaino-serve/src/rpc/grpc/service.rs:163
1791660967.414697 runnervmmprz5 zainod-0.9.0[2988]:   19:36:07.414  INFO zaino_serve::rpc::grpc::service: [TEST] received call, method: "get_block"
1791660967.414697 runnervmmprz5 zainod-0.9.0[2988]:     at packages/zaino-serve/src/rpc/grpc/service.rs:163
1791660967.499490 runnervmmprz5 zainod-0.9.0[2988]:   19:36:07.499  INFO zaino_state::chain_index::finalised_state::finalised_source::v1::write_core: write_blocks_to_height: syncing, current: 2223306, target: 4381896, zebra_network: Testnet
1791660967.499490 runnervmmprz5 zainod-0.9.0[2988]:     at packages/zaino-state/src/chain_index/finalised_state/finalised_source/v1/write_core.rs:215
1791660972.406994 runnervmmprz5 zainod-0.9.0[2988]:   19:36:12.406  INFO zaino_serve::rpc::grpc::service: [TEST] received call, method: "get_lightd_info"
1791660972.406994 runnervmmprz5 zainod-0.9.0[2988]:     at packages/zaino-serve/src/rpc/grpc/service.rs:163
1791660972.411281 runnervmmprz5 zainod-0.9.0[2988]:   19:36:12.411  INFO zaino_serve::rpc::grpc::service: [TEST] received call, method: "get_block"
1791660972.411281 runnervmmprz5 zainod-0.9.0[2988]:     at packages/zaino-serve/src/rpc/grpc/service.rs:163
1791660972.411980 runnervmmprz5 zainod-0.9.0[2988]:   19:36:12.411  INFO zaino_serve::rpc::grpc::service: [TEST] received call, method: "get_block"
1791660972.411980 runnervmmprz5 zainod-0.9.0[2988]:     at packages/zaino-serve/src/rpc/grpc/service.rs:163
1791660974.630466 runnervmmprz5 zainod-0.9.0[2988]:   19:36:14.630  INFO zainodlib::indexer: Zaino status check, chain_state: Ready, fs_mode: ephemeral(syncing), json_rpc: Ready, grpc: Ready
1791660974.630466 runnervmmprz5 zainod-0.9.0[2988]:     at packages/zainod/src/indexer.rs:310
1791660977.410345 runnervmmprz5 zainod-0.9.0[2988]:   19:36:17.410  INFO zaino_serve::rpc::grpc::service: [TEST] received call, method: "get_lightd_info"
1791660977.410345 runnervmmprz5 zainod-0.9.0[2988]:     at packages/zaino-serve/src/rpc/grpc/service.rs:163
1791660977.499605 runnervmmprz5 zainod-0.9.0[2988]:   19:36:17.499  INFO zaino_state::chain_index::finalised_state::finalised_source::v1::write_core: write_blocks_to_height: syncing, current: 2275014, target: 4381896, zebra_network: Testnet
1791660977.499605 runnervmmprz5 zainod-0.9.0[2988]:     at packages/zaino-state/src/chain_index/finalised_state/finalised_source/v1/write_core.rs:215
1791660979.412929 runnervmmprz5 zainod-0.9.0[2988]:   19:36:19.412  INFO zaino_serve::rpc::grpc::service: [TEST] received call, method: "get_block"
1791660979.412929 runnervmmprz5 zainod-0.9.0[2988]:     at packages/zaino-serve/src/rpc/grpc/service.rs:163
1791660979.414055 runnervmmprz5 zainod-0.9.0[2988]:   19:36:19.414  INFO zaino_serve::rpc::grpc::service: [TEST] received call, method: "get_block"
1791660979.414055 runnervmmprz5 zainod-0.9.0[2988]:     at packages/zaino-serve/src/rpc/grpc/service.rs:163
1791660982.647883 runnervmmprz5 zainod-0.9.0[2988]:   19:36:22.647  INFO zaino_serve::rpc::grpc::service: [TEST] received call, method: "get_lightd_info"
1791660982.647883 runnervmmprz5 zainod-0.9.0[2988]:     at packages/zaino-serve/src/rpc/grpc/service.rs:163
1791660982.652687 runnervmmprz5 zainod-0.9.0[2988]:   19:36:22.652  INFO zaino_serve::rpc::grpc::service: [TEST] received call, method: "get_block"
1791660982.652687 runnervmmprz5 zainod-0.9.0[2988]:     at packages/zaino-serve/src/rpc/grpc/service.rs:163
1791660982.653603 runnervmmprz5 zainod-0.9.0[2988]:   19:36:22.653  INFO zaino_serve::rpc::grpc::service: [TEST] received call, method: "get_block"
1791660982.653603 runnervmmprz5 zainod-0.9.0[2988]:     at packages/zaino-serve/src/rpc/grpc/service.rs:163
1791660982.717687 runnervmmprz5 zainod-0.9.0[2988]:   19:36:22.717  INFO zaino_state::chain_index::finalised_state::finalised_source::v1::write_core: write_blocks_to_height: committed batch, height: 2199999, blocks: 100000
1791660982.717687 runnervmmprz5 zainod-0.9.0[2988]:     at packages/zaino-state/src/chain_index/finalised_state/finalised_source/v1/write_core.rs:650
1791660984.730355 runnervmmprz5 zainod-0.9.0[2988]:   19:36:24.730  INFO zainodlib::indexer: Zaino status check, chain_state: Ready, fs_mode: ephemeral(syncing), json_rpc: Ready, grpc: Ready
1791660984.730355 runnervmmprz5 zainod-0.9.0[2988]:     at packages/zainod/src/indexer.rs:310
1791660987.538778 runnervmmprz5 zainod-0.9.0[2988]:   19:36:27.538  INFO zaino_state::chain_index::finalised_state::finalised_source::v1::write_core: write_blocks_to_height: syncing, current: 2310286, target: 4381896, zebra_network: Testnet
1791660987.538778 runnervmmprz5 zainod-0.9.0[2988]:     at packages/zaino-state/src/chain_index/finalised_state/finalised_source/v1/write_core.rs:215
1791660988.543181 runnervmmprz5 zainod-0.9.0[2988]:   19:36:28.543  INFO zaino_serve::rpc::grpc::service: [TEST] received call, method: "get_lightd_info"
1791660988.543181 runnervmmprz5 zainod-0.9.0[2988]:     at packages/zaino-serve/src/rpc/grpc/service.rs:163
1791660988.546873 runnervmmprz5 zainod-0.9.0[2988]:   19:36:28.546  INFO zaino_serve::rpc::grpc::service: [TEST] received call, method: "get_block"
1791660988.546873 runnervmmprz5 zainod-0.9.0[2988]:     at packages/zaino-serve/src/rpc/grpc/service.rs:163
1791660988.547541 runnervmmprz5 zainod-0.9.0[2988]:   19:36:28.547  INFO zaino_serve::rpc::grpc::service: [TEST] received call, method: "get_block"
1791660988.547541 runnervmmprz5 zainod-0.9.0[2988]:     at packages/zaino-serve/src/rpc/grpc/service.rs:163
1791660992.647741 runnervmmprz5 zainod-0.9.0[2988]:   19:36:32.647  INFO zaino_serve::rpc::grpc::service: [TEST] received call, method: "get_lightd_info"
1791660992.647741 runnervmmprz5 zainod-0.9.0[2988]:     at packages/zaino-serve/src/rpc/grpc/service.rs:163
1791660992.652293 runnervmmprz5 zainod-0.9.0[2988]:   19:36:32.652  INFO zaino_serve::rpc::grpc::service: [TEST] received call, method: "get_block"
1791660992.652293 runnervmmprz5 zainod-0.9.0[2988]:     at packages/zaino-serve/src/rpc/grpc/service.rs:163
1791660992.653098 runnervmmprz5 zainod-0.9.0[2988]:   19:36:32.653  INFO zaino_serve::rpc::grpc::service: [TEST] received call, method: "get_block"
1791660992.653098 runnervmmprz5 zainod-0.9.0[2988]:     at packages/zaino-serve/src/rpc/grpc/service.rs:163
1791660994.830229 runnervmmprz5 zainod-0.9.0[2988]:   19:36:34.830  INFO zainodlib::indexer: Zaino status check, chain_state: Ready, fs_mode: ephemeral(syncing), json_rpc: Ready, grpc: Ready
1791660994.830229 runnervmmprz5 zainod-0.9.0[2988]:     at packages/zainod/src/indexer.rs:310
1791660997.539352 runnervmmprz5 zainod-0.9.0[2988]:   19:36:37.539  INFO zaino_state::chain_index::finalised_state::finalised_source::v1::write_core: write_blocks_to_height: syncing, current: 2345434, target: 4381896, zebra_network: Testnet
1791660997.539352 runnervmmprz5 zainod-0.9.0[2988]:     at packages/zaino-state/src/chain_index/finalised_state/finalised_source/v1/write_core.rs:215
1791660997.649533 runnervmmprz5 zainod-0.9.0[2988]:   19:36:37.649  INFO zaino_serve::rpc::grpc::service: [TEST] received call, method: "get_lightd_info"
1791660997.649533 runnervmmprz5 zainod-0.9.0[2988]:     at packages/zaino-serve/src/rpc/grpc/service.rs:163
1791660997.653663 runnervmmprz5 zainod-0.9.0[2988]:   19:36:37.653  INFO zaino_serve::rpc::grpc::service: [TEST] received call, method: "get_block"
1791660997.653663 runnervmmprz5 zainod-0.9.0[2988]:     at packages/zaino-serve/src/rpc/grpc/service.rs:163
1791660997.654500 runnervmmprz5 zainod-0.9.0[2988]:   19:36:37.654  INFO zaino_serve::rpc::grpc::service: [TEST] received call, method: "get_block"
1791660997.654500 runnervmmprz5 zainod-0.9.0[2988]:     at packages/zaino-serve/src/rpc/grpc/service.rs:163
1791661002.649667 runnervmmprz5 zainod-0.9.0[2988]:   19:36:42.649  INFO zaino_serve::rpc::grpc::service: [TEST] received call, method: "get_lightd_info"
1791661002.649667 runnervmmprz5 zainod-0.9.0[2988]:     at packages/zaino-serve/src/rpc/grpc/service.rs:163
1791661002.653868 runnervmmprz5 zainod-0.9.0[2988]:   19:36:42.653  INFO zaino_serve::rpc::grpc::service: [TEST] received call, method: "get_block"
1791661002.653868 runnervmmprz5 zainod-0.9.0[2988]:     at packages/zaino-serve/src/rpc/grpc/service.rs:163
1791661002.654708 runnervmmprz5 zainod-0.9.0[2988]:   19:36:42.654  INFO zaino_serve::rpc::grpc::service: [TEST] received call, method: "get_block"
1791661002.654708 runnervmmprz5 zainod-0.9.0[2988]:     at packages/zaino-serve/src/rpc/grpc/service.rs:163
1791661004.830474 runnervmmprz5 zainod-0.9.0[2988]:   19:36:44.830  INFO zainodlib::indexer: Zaino status check, chain_state: Ready, fs_mode: ephemeral(syncing), json_rpc: Ready, grpc: Ready
1791661004.830474 runnervmmprz5 zainod-0.9.0[2988]:     at packages/zainod/src/indexer.rs:310
1791661007.539477 runnervmmprz5 zainod-0.9.0[2988]:   19:36:47.539  INFO zaino_state::chain_index::finalised_state::finalised_source::v1::write_core: write_blocks_to_height: syncing, current: 2396179, target: 4381896, zebra_network: Testnet
1791661007.539477 runnervmmprz5 zainod-0.9.0[2988]:     at packages/zaino-state/src/chain_index/finalised_state/finalised_source/v1/write_core.rs:215
1791661007.652661 runnervmmprz5 zainod-0.9.0[2988]:   19:36:47.652  INFO zaino_serve::rpc::grpc::service: [TEST] received call, method: "get_lightd_info"
1791661007.652661 runnervmmprz5 zainod-0.9.0[2988]:     at packages/zaino-serve/src/rpc/grpc/service.rs:163
1791661007.657608 runnervmmprz5 zainod-0.9.0[2988]:   19:36:47.657  INFO zaino_serve::rpc::grpc::service: [TEST] received call, method: "get_block"
1791661007.657608 runnervmmprz5 zainod-0.9.0[2988]:     at packages/zaino-serve/src/rpc/grpc/service.rs:163
1791661007.658532 runnervmmprz5 zainod-0.9.0[2988]:   19:36:47.658  INFO zaino_serve::rpc::grpc::service: [TEST] received call, method: "get_block"
1791661007.658532 runnervmmprz5 zainod-0.9.0[2988]:     at packages/zaino-serve/src/rpc/grpc/service.rs:163
1791661008.257674 runnervmmprz5 zainod-0.9.0[2988]:   19:36:48.257  INFO zaino_state::chain_index::finalised_state::finalised_source::v1::write_core: write_blocks_to_height: committed batch, height: 2299999, blocks: 100000
1791661008.257674 runnervmmprz5 zainod-0.9.0[2988]:     at packages/zaino-state/src/chain_index/finalised_state/finalised_source/v1/write_core.rs:650
1791661012.648518 runnervmmprz5 zainod-0.9.0[2988]:   19:36:52.648  INFO zaino_serve::rpc::grpc::service: [TEST] received call, method: "get_lightd_info"
1791661012.648518 runnervmmprz5 zainod-0.9.0[2988]:     at packages/zaino-serve/src/rpc/grpc/service.rs:163
1791661012.651831 runnervmmprz5 zainod-0.9.0[2988]:   19:36:52.651  INFO zaino_serve::rpc::grpc::service: [TEST] received call, method: "get_block"
1791661012.651831 runnervmmprz5 zainod-0.9.0[2988]:     at packages/zaino-serve/src/rpc/grpc/service.rs:163
1791661012.652458 runnervmmprz5 zainod-0.9.0[2988]:   19:36:52.652  INFO zaino_serve::rpc::grpc::service: [TEST] received call, method: "get_block"
1791661012.652458 runnervmmprz5 zainod-0.9.0[2988]:     at packages/zaino-serve/src/rpc/grpc/service.rs:163
1791661014.930585 runnervmmprz5 zainod-0.9.0[2988]:   19:36:54.930  INFO zainodlib::indexer: Zaino status check, chain_state: Ready, fs_mode: ephemeral(syncing), json_rpc: Ready, grpc: Ready
1791661014.930585 runnervmmprz5 zainod-0.9.0[2988]:     at packages/zainod/src/indexer.rs:310
1791661017.539833 runnervmmprz5 zainod-0.9.0[2988]:   19:36:57.539  INFO zaino_state::chain_index::finalised_state::finalised_source::v1::write_core: write_blocks_to_height: syncing, current: 2421035, target: 4381896, zebra_network: Testnet
1791661017.539833 runnervmmprz5 zainod-0.9.0[2988]:     at packages/zaino-state/src/chain_index/finalised_state/finalised_source/v1/write_core.rs:215
1791661017.653418 runnervmmprz5 zainod-0.9.0[2988]:   19:36:57.653  INFO zaino_serve::rpc::grpc::service: [TEST] received call, method: "get_lightd_info"
1791661017.653418 runnervmmprz5 zainod-0.9.0[2988]:     at packages/zaino-serve/src/rpc/grpc/service.rs:163
1791661017.658927 runnervmmprz5 zainod-0.9.0[2988]:   19:36:57.658  INFO zaino_serve::rpc::grpc::service: [TEST] received call, method: "get_block"
1791661017.658927 runnervmmprz5 zainod-0.9.0[2988]:     at packages/zaino-serve/src/rpc/grpc/service.rs:163
1791661017.659828 runnervmmprz5 zainod-0.9.0[2988]:   19:36:57.659  INFO zaino_serve::rpc::grpc::service: [TEST] received call, method: "get_block"
1791661017.659828 runnervmmprz5 zainod-0.9.0[2988]:     at packages/zaino-serve/src/rpc/grpc/service.rs:163
1791661022.650797 runnervmmprz5 zainod-0.9.0[2988]:   19:37:02.650  INFO zaino_serve::rpc::grpc::service: [TEST] received call, method: "get_lightd_info"
1791661022.650797 runnervmmprz5 zainod-0.9.0[2988]:     at packages/zaino-serve/src/rpc/grpc/service.rs:163
1791661022.655075 runnervmmprz5 zainod-0.9.0[2988]:   19:37:02.655  INFO zaino_serve::rpc::grpc::service: [TEST] received call, method: "get_block"
1791661022.655075 runnervmmprz5 zainod-0.9.0[2988]:     at packages/zaino-serve/src/rpc/grpc/service.rs:163
1791661022.656017 runnervmmprz5 zainod-0.9.0[2988]:   19:37:02.655  INFO zaino_serve::rpc::grpc::service: [TEST] received call, method: "get_block"
1791661022.656017 runnervmmprz5 zainod-0.9.0[2988]:     at packages/zaino-serve/src/rpc/grpc/service.rs:163
1791661025.030281 runnervmmprz5 zainod-0.9.0[2988]:   19:37:05.030  INFO zainodlib::indexer: Zaino status check, chain_state: Ready, fs_mode: ephemeral(syncing), json_rpc: Ready, grpc: Ready
1791661025.030281 runnervmmprz5 zainod-0.9.0[2988]:     at packages/zainod/src/indexer.rs:310
1791661027.540498 runnervmmprz5 zainod-0.9.0[2988]:   19:37:07.540  INFO zaino_state::chain_index::finalised_state::finalised_source::v1::write_core: write_blocks_to_height: syncing, current: 2472959, target: 4381896, zebra_network: Testnet
1791661027.540498 runnervmmprz5 zainod-0.9.0[2988]:     at packages/zaino-state/src/chain_index/finalised_state/finalised_source/v1/write_core.rs:215
1791661027.653742 runnervmmprz5 zainod-0.9.0[2988]:   19:37:07.653  INFO zaino_serve::rpc::grpc::service: [TEST] received call, method: "get_lightd_info"
1791661027.653742 runnervmmprz5 zainod-0.9.0[2988]:     at packages/zaino-serve/src/rpc/grpc/service.rs:163
1791661027.658680 runnervmmprz5 zainod-0.9.0[2988]:   19:37:07.658  INFO zaino_serve::rpc::grpc::service: [TEST] received call, method: "get_block"
1791661027.658680 runnervmmprz5 zainod-0.9.0[2988]:     at packages/zaino-serve/src/rpc/grpc/service.rs:163
1791661027.659540 runnervmmprz5 zainod-0.9.0[2988]:   19:37:07.659  INFO zaino_serve::rpc::grpc::service: [TEST] received call, method: "get_block"
1791661027.659540 runnervmmprz5 zainod-0.9.0[2988]:     at packages/zaino-serve/src/rpc/grpc/service.rs:163
1791661032.652202 runnervmmprz5 zainod-0.9.0[2988]:   19:37:12.652  INFO zaino_serve::rpc::grpc::service: [TEST] received call, method: "get_lightd_info"
1791661032.652202 runnervmmprz5 zainod-0.9.0[2988]:     at packages/zaino-serve/src/rpc/grpc/service.rs:163
1791661032.656891 runnervmmprz5 zainod-0.9.0[2988]:   19:37:12.656  INFO zaino_serve::rpc::grpc::service: [TEST] received call, method: "get_block"
1791661032.656891 runnervmmprz5 zainod-0.9.0[2988]:     at packages/zaino-serve/src/rpc/grpc/service.rs:163
1791661032.657594 runnervmmprz5 zainod-0.9.0[2988]:   19:37:12.657  INFO zaino_serve::rpc::grpc::service: [TEST] received call, method: "get_block"
1791661032.657594 runnervmmprz5 zainod-0.9.0[2988]:     at packages/zaino-serve/src/rpc/grpc/service.rs:163
1791661032.682292 runnervmmprz5 zainod-0.9.0[2988]:   19:37:12.682  INFO zaino_state::chain_index::finalised_state::finalised_source::v1::write_core: write_blocks_to_height: committed batch, height: 2399999, blocks: 100000
1791661032.682292 runnervmmprz5 zainod-0.9.0[2988]:     at packages/zaino-state/src/chain_index/finalised_state/finalised_source/v1/write_core.rs:650
1791661035.030623 runnervmmprz5 zainod-0.9.0[2988]:   19:37:15.030  INFO zainodlib::indexer: Zaino status check, chain_state: Ready, fs_mode: ephemeral(syncing), json_rpc: Ready, grpc: Ready
1791661035.030623 runnervmmprz5 zainod-0.9.0[2988]:     at packages/zainod/src/indexer.rs:310
1791661037.550829 runnervmmprz5 zainod-0.9.0[2988]:   19:37:17.550  INFO zaino_state::chain_index::finalised_state::finalised_source::v1::write_core: write_blocks_to_height: syncing, current: 2511759, target: 4381896, zebra_network: Testnet
1791661037.550829 runnervmmprz5 zainod-0.9.0[2988]:     at packages/zaino-state/src/chain_index/finalised_state/finalised_source/v1/write_core.rs:215
1791661038.874218 runnervmmprz5 zainod-0.9.0[2988]:   19:37:18.874  INFO zaino_serve::rpc::grpc::service: [TEST] received call, method: "get_lightd_info"
1791661038.874218 runnervmmprz5 zainod-0.9.0[2988]:     at packages/zaino-serve/src/rpc/grpc/service.rs:163
1791661038.877705 runnervmmprz5 zainod-0.9.0[2988]:   19:37:18.877  INFO zaino_serve::rpc::grpc::service: [TEST] received call, method: "get_block"
1791661038.877705 runnervmmprz5 zainod-0.9.0[2988]:     at packages/zaino-serve/src/rpc/grpc/service.rs:163
1791661038.878403 runnervmmprz5 zainod-0.9.0[2988]:   19:37:18.878  INFO zaino_serve::rpc::grpc::service: [TEST] received call, method: "get_block"
1791661038.878403 runnervmmprz5 zainod-0.9.0[2988]:     at packages/zaino-serve/src/rpc/grpc/service.rs:163
1791661043.022717 runnervmmprz5 zainod-0.9.0[2988]:   19:37:23.022  INFO zaino_serve::rpc::grpc::service: [TEST] received call, method: "get_lightd_info"
1791661043.022717 runnervmmprz5 zainod-0.9.0[2988]:     at packages/zaino-serve/src/rpc/grpc/service.rs:163
1791661043.027163 runnervmmprz5 zainod-0.9.0[2988]:   19:37:23.027  INFO zaino_serve::rpc::grpc::service: [TEST] received call, method: "get_block"
1791661043.027163 runnervmmprz5 zainod-0.9.0[2988]:     at packages/zaino-serve/src/rpc/grpc/service.rs:163
1791661043.028032 runnervmmprz5 zainod-0.9.0[2988]:   19:37:23.027  INFO zaino_serve::rpc::grpc::service: [TEST] received call, method: "get_block"
1791661043.028032 runnervmmprz5 zainod-0.9.0[2988]:     at packages/zaino-serve/src/rpc/grpc/service.rs:163
1791661045.129828 runnervmmprz5 zainod-0.9.0[2988]:   19:37:25.129  INFO zainodlib::indexer: Zaino status check, chain_state: Ready, fs_mode: ephemeral(syncing), json_rpc: Ready, grpc: Ready
1791661045.129828 runnervmmprz5 zainod-0.9.0[2988]:     at packages/zainod/src/indexer.rs:310
1791661047.551791 runnervmmprz5 zainod-0.9.0[2988]:   19:37:27.551  INFO zaino_state::chain_index::finalised_state::finalised_source::v1::write_core: write_blocks_to_height: syncing, current: 2550117, target: 4381896, zebra_network: Testnet
1791661047.551791 runnervmmprz5 zainod-0.9.0[2988]:     at packages/zaino-state/src/chain_index/finalised_state/finalised_source/v1/write_core.rs:215
1791661048.025936 runnervmmprz5 zainod-0.9.0[2988]:   19:37:28.025  INFO zaino_serve::rpc::grpc::service: [TEST] received call, method: "get_lightd_info"
1791661048.025936 runnervmmprz5 zainod-0.9.0[2988]:     at packages/zaino-serve/src/rpc/grpc/service.rs:163
1791661048.030939 runnervmmprz5 zainod-0.9.0[2988]:   19:37:28.030  INFO zaino_serve::rpc::grpc::service: [TEST] received call, method: "get_block"
1791661048.030939 runnervmmprz5 zainod-0.9.0[2988]:     at packages/zaino-serve/src/rpc/grpc/service.rs:163
1791661048.032177 runnervmmprz5 zainod-0.9.0[2988]:   19:37:28.032  INFO zaino_serve::rpc::grpc::service: [TEST] received call, method: "get_block"
1791661048.032177 runnervmmprz5 zainod-0.9.0[2988]:     at packages/zaino-serve/src/rpc/grpc/service.rs:163
1791661053.022416 runnervmmprz5 zainod-0.9.0[2988]:   19:37:33.022  INFO zaino_serve::rpc::grpc::service: [TEST] received call, method: "get_lightd_info"
1791661053.022416 runnervmmprz5 zainod-0.9.0[2988]:     at packages/zaino-serve/src/rpc/grpc/service.rs:163
1791661053.027484 runnervmmprz5 zainod-0.9.0[2988]:   19:37:33.027  INFO zaino_serve::rpc::grpc::service: [TEST] received call, method: "get_block"
1791661053.027484 runnervmmprz5 zainod-0.9.0[2988]:     at packages/zaino-serve/src/rpc/grpc/service.rs:163
1791661053.028435 runnervmmprz5 zainod-0.9.0[2988]:   19:37:33.028  INFO zaino_serve::rpc::grpc::service: [TEST] received call, method: "get_block"
1791661053.028435 runnervmmprz5 zainod-0.9.0[2988]:     at packages/zaino-serve/src/rpc/grpc/service.rs:163
1791661055.130644 runnervmmprz5 zainod-0.9.0[2988]:   19:37:35.130  INFO zainodlib::indexer: Zaino status check, chain_state: Ready, fs_mode: ephemeral(syncing), json_rpc: Ready, grpc: Ready
1791661055.130644 runnervmmprz5 zainod-0.9.0[2988]:     at packages/zainod/src/indexer.rs:310
1791661057.462762 runnervmmprz5 zainod-0.9.0[2988]:   19:37:37.462  INFO zaino_state::chain_index::finalised_state::finalised_source::v1::write_core: write_blocks_to_height: committed batch, height: 2499999, blocks: 100000
1791661057.462762 runnervmmprz5 zainod-0.9.0[2988]:     at packages/zaino-state/src/chain_index/finalised_state/finalised_source/v1/write_core.rs:650
1791661057.552044 runnervmmprz5 zainod-0.9.0[2988]:   19:37:37.551  INFO zaino_state::chain_index::finalised_state::finalised_source::v1::write_core: write_blocks_to_height: syncing, current: 2600200, target: 4381896, zebra_network: Testnet
1791661057.552044 runnervmmprz5 zainod-0.9.0[2988]:     at packages/zaino-state/src/chain_index/finalised_state/finalised_source/v1/write_core.rs:215
1791661058.026872 runnervmmprz5 zainod-0.9.0[2988]:   19:37:38.026  INFO zaino_serve::rpc::grpc::service: [TEST] received call, method: "get_lightd_info"
1791661058.026872 runnervmmprz5 zainod-0.9.0[2988]:     at packages/zaino-serve/src/rpc/grpc/service.rs:163
1791661058.033517 runnervmmprz5 zainod-0.9.0[2988]:   19:37:38.033  INFO zaino_serve::rpc::grpc::service: [TEST] received call, method: "get_block"
1791661058.033517 runnervmmprz5 zainod-0.9.0[2988]:     at packages/zaino-serve/src/rpc/grpc/service.rs:163
1791661058.034485 runnervmmprz5 zainod-0.9.0[2988]:   19:37:38.034  INFO zaino_serve::rpc::grpc::service: [TEST] received call, method: "get_block"
1791661058.034485 runnervmmprz5 zainod-0.9.0[2988]:     at packages/zaino-serve/src/rpc/grpc/service.rs:163
1791661063.019189 runnervmmprz5 zainod-0.9.0[2988]:   19:37:43.019  INFO zaino_serve::rpc::grpc::service: [TEST] received call, method: "get_lightd_info"
1791661063.019189 runnervmmprz5 zainod-0.9.0[2988]:     at packages/zaino-serve/src/rpc/grpc/service.rs:163
1791661063.022598 runnervmmprz5 zainod-0.9.0[2988]:   19:37:43.022  INFO zaino_serve::rpc::grpc::service: [TEST] received call, method: "get_block"
1791661063.022598 runnervmmprz5 zainod-0.9.0[2988]:     at packages/zaino-serve/src/rpc/grpc/service.rs:163
1791661063.023243 runnervmmprz5 zainod-0.9.0[2988]:   19:37:43.023  INFO zaino_serve::rpc::grpc::service: [TEST] received call, method: "get_block"
1791661063.023243 runnervmmprz5 zainod-0.9.0[2988]:     at packages/zaino-serve/src/rpc/grpc/service.rs:163
1791661067.229293 runnervmmprz5 zainod-0.9.0[2988]:   19:37:47.229  INFO zainodlib::indexer: Zaino status check, chain_state: Ready, fs_mode: ephemeral(syncing), json_rpc: Ready, grpc: Ready
1791661067.229293 runnervmmprz5 zainod-0.9.0[2988]:     at packages/zainod/src/indexer.rs:310
1791661067.229947 runnervmmprz5 zainod-0.9.0[2988]:   19:37:47.229  WARN metrics_exporter_prometheus::exporter::http_listener: Error serving connection., error: hyper::Error(IncompleteMessage)
1791661067.229947 runnervmmprz5 zainod-0.9.0[2988]:     at /home/runner/.cargo/registry/src/index.crates.io-1949cf8c6b5b557f/metrics-exporter-prometheus-0.18.3/src/exporter/http_listener.rs:79
1791661067.552221 runnervmmprz5 zainod-0.9.0[2988]:   19:37:47.552  INFO zaino_state::chain_index::finalised_state::finalised_source::v1::write_core: write_blocks_to_height: syncing, current: 2622664, target: 4381896, zebra_network: Testnet
1791661067.552221 runnervmmprz5 zainod-0.9.0[2988]:     at packages/zaino-state/src/chain_index/finalised_state/finalised_source/v1/write_core.rs:215
1791661068.249868 runnervmmprz5 zainod-0.9.0[2988]:   19:37:48.249  INFO zaino_serve::rpc::grpc::service: [TEST] received call, method: "get_lightd_info"
1791661068.249868 runnervmmprz5 zainod-0.9.0[2988]:     at packages/zaino-serve/src/rpc/grpc/service.rs:163
1791661068.254998 runnervmmprz5 zainod-0.9.0[2988]:   19:37:48.254  INFO zaino_serve::rpc::grpc::service: [TEST] received call, method: "get_block"
1791661068.254998 runnervmmprz5 zainod-0.9.0[2988]:     at packages/zaino-serve/src/rpc/grpc/service.rs:163
1791661068.255854 runnervmmprz5 zainod-0.9.0[2988]:   19:37:48.255  INFO zaino_serve::rpc::grpc::service: [TEST] received call, method: "get_block"
1791661068.255854 runnervmmprz5 zainod-0.9.0[2988]:     at packages/zaino-serve/src/rpc/grpc/service.rs:163
1791661073.249067 runnervmmprz5 zainod-0.9.0[2988]:   19:37:53.249  INFO zaino_serve::rpc::grpc::service: [TEST] received call, method: "get_lightd_info"
1791661073.249067 runnervmmprz5 zainod-0.9.0[2988]:     at packages/zaino-serve/src/rpc/grpc/service.rs:163
1791661073.253684 runnervmmprz5 zainod-0.9.0[2988]:   19:37:53.253  INFO zaino_serve::rpc::grpc::service: [TEST] received call, method: "get_block"
1791661073.253684 runnervmmprz5 zainod-0.9.0[2988]:     at packages/zaino-serve/src/rpc/grpc/service.rs:163
1791661073.254668 runnervmmprz5 zainod-0.9.0[2988]:   19:37:53.254  INFO zaino_serve::rpc::grpc::service: [TEST] received call, method: "get_block"
1791661073.254668 runnervmmprz5 zainod-0.9.0[2988]:     at packages/zaino-serve/src/rpc/grpc/service.rs:163
1791661077.230328 runnervmmprz5 zainod-0.9.0[2988]:   19:37:57.230  INFO zainodlib::indexer: Zaino status check, chain_state: Ready, fs_mode: ephemeral(syncing), json_rpc: Ready, grpc: Ready
1791661077.230328 runnervmmprz5 zainod-0.9.0[2988]:     at packages/zainod/src/indexer.rs:310
1791661077.552508 runnervmmprz5 zainod-0.9.0[2988]:   19:37:57.552  INFO zaino_state::chain_index::finalised_state::finalised_source::v1::write_core: write_blocks_to_height: syncing, current: 2673112, target: 4381896, zebra_network: Testnet
1791661077.552508 runnervmmprz5 zainod-0.9.0[2988]:     at packages/zaino-state/src/chain_index/finalised_state/finalised_source/v1/write_core.rs:215
1791661078.251748 runnervmmprz5 zainod-0.9.0[2988]:   19:37:58.251  INFO zaino_serve::rpc::grpc::service: [TEST] received call, method: "get_lightd_info"
1791661078.251748 runnervmmprz5 zainod-0.9.0[2988]:     at packages/zaino-serve/src/rpc/grpc/service.rs:163
1791661078.255999 runnervmmprz5 zainod-0.9.0[2988]:   19:37:58.255  INFO zaino_serve::rpc::grpc::service: [TEST] received call, method: "get_block"
1791661078.255999 runnervmmprz5 zainod-0.9.0[2988]:     at packages/zaino-serve/src/rpc/grpc/service.rs:163
1791661078.256867 runnervmmprz5 zainod-0.9.0[2988]:   19:37:58.256  INFO zaino_serve::rpc::grpc::service: [TEST] received call, method: "get_block"
1791661078.256867 runnervmmprz5 zainod-0.9.0[2988]:     at packages/zaino-serve/src/rpc/grpc/service.rs:163
1791661082.793708 runnervmmprz5 zainod-0.9.0[2988]:   19:38:02.793  INFO zaino_state::chain_index::finalised_state::finalised_source::v1::write_core: write_blocks_to_height: committed batch, height: 2599999, blocks: 100000
1791661082.793708 runnervmmprz5 zainod-0.9.0[2988]:     at packages/zaino-state/src/chain_index/finalised_state/finalised_source/v1/write_core.rs:650
1791661083.252462 runnervmmprz5 zainod-0.9.0[2988]:   19:38:03.252  INFO zaino_serve::rpc::grpc::service: [TEST] received call, method: "get_lightd_info"
1791661083.252462 runnervmmprz5 zainod-0.9.0[2988]:     at packages/zaino-serve/src/rpc/grpc/service.rs:163
1791661083.257673 runnervmmprz5 zainod-0.9.0[2988]:   19:38:03.257  INFO zaino_serve::rpc::grpc::service: [TEST] received call, method: "get_block"
1791661083.257673 runnervmmprz5 zainod-0.9.0[2988]:     at packages/zaino-serve/src/rpc/grpc/service.rs:163
1791661083.258453 runnervmmprz5 zainod-0.9.0[2988]:   19:38:03.258  INFO zaino_serve::rpc::grpc::service: [TEST] received call, method: "get_block"
1791661083.258453 runnervmmprz5 zainod-0.9.0[2988]:     at packages/zaino-serve/src/rpc/grpc/service.rs:163
1791661087.230517 runnervmmprz5 zainod-0.9.0[2988]:   19:38:07.230  INFO zainodlib::indexer: Zaino status check, chain_state: Ready, fs_mode: ephemeral(syncing), json_rpc: Ready, grpc: Ready
1791661087.230517 runnervmmprz5 zainod-0.9.0[2988]:     at packages/zainod/src/indexer.rs:310
1791661087.586051 runnervmmprz5 zainod-0.9.0[2988]:   19:38:07.585  INFO zaino_state::chain_index::finalised_state::finalised_source::v1::write_core: write_blocks_to_height: syncing, current: 2712989, target: 4381896, zebra_network: Testnet
1791661087.586051 runnervmmprz5 zainod-0.9.0[2988]:     at packages/zaino-state/src/chain_index/finalised_state/finalised_source/v1/write_core.rs:215
1791661088.247007 runnervmmprz5 zainod-0.9.0[2988]:   19:38:08.246  INFO zaino_serve::rpc::grpc::service: [TEST] received call, method: "get_lightd_info"
1791661088.247007 runnervmmprz5 zainod-0.9.0[2988]:     at packages/zaino-serve/src/rpc/grpc/service.rs:163
1791661088.255574 runnervmmprz5 zainod-0.9.0[2988]:   19:38:08.255  INFO zaino_serve::rpc::grpc::service: [TEST] received call, method: "get_block"
1791661088.255574 runnervmmprz5 zainod-0.9.0[2988]:     at packages/zaino-serve/src/rpc/grpc/service.rs:163
1791661088.257126 runnervmmprz5 zainod-0.9.0[2988]:   19:38:08.257  INFO zaino_serve::rpc::grpc::service: [TEST] received call, method: "get_block"
1791661088.257126 runnervmmprz5 zainod-0.9.0[2988]:     at packages/zaino-serve/src/rpc/grpc/service.rs:163
1791661093.255431 runnervmmprz5 zainod-0.9.0[2988]:   19:38:13.255  INFO zaino_serve::rpc::grpc::service: [TEST] received call, method: "get_lightd_info"
1791661093.255431 runnervmmprz5 zainod-0.9.0[2988]:     at packages/zaino-serve/src/rpc/grpc/service.rs:163
1791661093.260179 runnervmmprz5 zainod-0.9.0[2988]:   19:38:13.260  INFO zaino_serve::rpc::grpc::service: [TEST] received call, method: "get_block"
1791661093.260179 runnervmmprz5 zainod-0.9.0[2988]:     at packages/zaino-serve/src/rpc/grpc/service.rs:163
1791661093.261230 runnervmmprz5 zainod-0.9.0[2988]:   19:38:13.261  INFO zaino_serve::rpc::grpc::service: [TEST] received call, method: "get_block"
1791661093.261230 runnervmmprz5 zainod-0.9.0[2988]:     at packages/zaino-serve/src/rpc/grpc/service.rs:163
1791661097.329922 runnervmmprz5 zainod-0.9.0[2988]:   19:38:17.329  INFO zainodlib::indexer: Zaino status check, chain_state: Ready, fs_mode: ephemeral(syncing), json_rpc: Ready, grpc: Ready
1791661097.329922 runnervmmprz5 zainod-0.9.0[2988]:     at packages/zainod/src/indexer.rs:310
1791661097.586265 runnervmmprz5 zainod-0.9.0[2988]:   19:38:17.586  INFO zaino_state::chain_index::finalised_state::finalised_source::v1::write_core: write_blocks_to_height: syncing, current: 2748311, target: 4381896, zebra_network: Testnet
1791661097.586265 runnervmmprz5 zainod-0.9.0[2988]:     at packages/zaino-state/src/chain_index/finalised_state/finalised_source/v1/write_core.rs:215
1791661098.252327 runnervmmprz5 zainod-0.9.0[2988]:   19:38:18.252  INFO zaino_serve::rpc::grpc::service: [TEST] received call, method: "get_lightd_info"
1791661098.252327 runnervmmprz5 zainod-0.9.0[2988]:     at packages/zaino-serve/src/rpc/grpc/service.rs:163
1791661098.257248 runnervmmprz5 zainod-0.9.0[2988]:   19:38:18.257  INFO zaino_serve::rpc::grpc::service: [TEST] received call, method: "get_block"
1791661098.257248 runnervmmprz5 zainod-0.9.0[2988]:     at packages/zaino-serve/src/rpc/grpc/service.rs:163
1791661098.258276 runnervmmprz5 zainod-0.9.0[2988]:   19:38:18.258  INFO zaino_serve::rpc::grpc::service: [TEST] received call, method: "get_block"
1791661098.258276 runnervmmprz5 zainod-0.9.0[2988]:     at packages/zaino-serve/src/rpc/grpc/service.rs:163
1791661103.252073 runnervmmprz5 zainod-0.9.0[2988]:   19:38:23.252  INFO zaino_serve::rpc::grpc::service: [TEST] received call, method: "get_lightd_info"
1791661103.252073 runnervmmprz5 zainod-0.9.0[2988]:     at packages/zaino-serve/src/rpc/grpc/service.rs:163
1791661103.257045 runnervmmprz5 zainod-0.9.0[2988]:   19:38:23.257  INFO zaino_serve::rpc::grpc::service: [TEST] received call, method: "get_block"
1791661103.257045 runnervmmprz5 zainod-0.9.0[2988]:     at packages/zaino-serve/src/rpc/grpc/service.rs:163
1791661103.258063 runnervmmprz5 zainod-0.9.0[2988]:   19:38:23.257  INFO zaino_serve::rpc::grpc::service: [TEST] received call, method: "get_block"
1791661103.258063 runnervmmprz5 zainod-0.9.0[2988]:     at packages/zaino-serve/src/rpc/grpc/service.rs:163
1791661107.330084 runnervmmprz5 zainod-0.9.0[2988]:   19:38:27.330  INFO zainodlib::indexer: Zaino status check, chain_state: Ready, fs_mode: ephemeral(syncing), json_rpc: Ready, grpc: Ready
1791661107.330084 runnervmmprz5 zainod-0.9.0[2988]:     at packages/zainod/src/indexer.rs:310
1791661107.581549 runnervmmprz5 zainod-0.9.0[2988]:   19:38:27.581  INFO zaino_state::chain_index::finalised_state::finalised_source::v1::write_core: write_blocks_to_height: committed batch, height: 2699999, blocks: 100000
1791661107.581549 runnervmmprz5 zainod-0.9.0[2988]:     at packages/zaino-state/src/chain_index/finalised_state/finalised_source/v1/write_core.rs:650
1791661107.637149 runnervmmprz5 zainod-0.9.0[2988]:   19:38:27.637  INFO zaino_state::chain_index::finalised_state::finalised_source::v1::write_core: write_blocks_to_height: syncing, current: 2800002, target: 4381896, zebra_network: Testnet
1791661107.637149 runnervmmprz5 zainod-0.9.0[2988]:     at packages/zaino-state/src/chain_index/finalised_state/finalised_source/v1/write_core.rs:215
1791661108.256726 runnervmmprz5 zainod-0.9.0[2988]:   19:38:28.256  INFO zaino_serve::rpc::grpc::service: [TEST] received call, method: "get_lightd_info"
1791661108.256726 runnervmmprz5 zainod-0.9.0[2988]:     at packages/zaino-serve/src/rpc/grpc/service.rs:163
1791661108.261036 runnervmmprz5 zainod-0.9.0[2988]:   19:38:28.261  INFO zaino_serve::rpc::grpc::service: [TEST] received call, method: "get_block"
1791661108.261036 runnervmmprz5 zainod-0.9.0[2988]:     at packages/zaino-serve/src/rpc/grpc/service.rs:163
1791661108.261904 runnervmmprz5 zainod-0.9.0[2988]:   19:38:28.261  INFO zaino_serve::rpc::grpc::service: [TEST] received call, method: "get_block"
1791661108.261904 runnervmmprz5 zainod-0.9.0[2988]:     at packages/zaino-serve/src/rpc/grpc/service.rs:163
1791661113.251198 runnervmmprz5 zainod-0.9.0[2988]:   19:38:33.251  INFO zaino_serve::rpc::grpc::service: [TEST] received call, method: "get_lightd_info"
1791661113.251198 runnervmmprz5 zainod-0.9.0[2988]:     at packages/zaino-serve/src/rpc/grpc/service.rs:163
1791661113.290418 runnervmmprz5 zainod-0.9.0[2988]:   19:38:33.290  INFO zaino_serve::rpc::grpc::service: [TEST] received call, method: "get_block"
1791661113.290418 runnervmmprz5 zainod-0.9.0[2988]:     at packages/zaino-serve/src/rpc/grpc/service.rs:163
1791661113.292097 runnervmmprz5 zainod-0.9.0[2988]:   19:38:33.292  INFO zaino_serve::rpc::grpc::service: [TEST] received call, method: "get_block"
1791661113.292097 runnervmmprz5 zainod-0.9.0[2988]:     at packages/zaino-serve/src/rpc/grpc/service.rs:163
1791661117.637240 runnervmmprz5 zainod-0.9.0[2988]:   19:38:37.637  INFO zaino_state::chain_index::finalised_state::finalised_source::v1::write_core: write_blocks_to_height: syncing, current: 2823744, target: 4381896, zebra_network: Testnet
1791661117.637240 runnervmmprz5 zainod-0.9.0[2988]:     at packages/zaino-state/src/chain_index/finalised_state/finalised_source/v1/write_core.rs:215
1791661119.321659 runnervmmprz5 zainod-0.9.0[2988]:   19:38:39.321  INFO zainodlib::indexer: Zaino status check, chain_state: Syncing, fs_mode: ephemeral(syncing), json_rpc: Ready, grpc: Ready
1791661119.321659 runnervmmprz5 zainod-0.9.0[2988]:     at packages/zainod/src/indexer.rs:310
1791661119.324625 runnervmmprz5 zainod-0.9.0[2988]:   19:38:39.324  INFO zaino_serve::rpc::grpc::service: [TEST] received call, method: "get_lightd_info"
1791661119.324625 runnervmmprz5 zainod-0.9.0[2988]:     at packages/zaino-serve/src/rpc/grpc/service.rs:163
1791661119.329913 runnervmmprz5 zainod-0.9.0[2988]:   19:38:39.329  INFO zaino_serve::rpc::grpc::service: [TEST] received call, method: "get_block"
1791661119.329913 runnervmmprz5 zainod-0.9.0[2988]:     at packages/zaino-serve/src/rpc/grpc/service.rs:163
1791661119.330859 runnervmmprz5 zainod-0.9.0[2988]:   19:38:39.330  INFO zaino_serve::rpc::grpc::service: [TEST] received call, method: "get_block"
1791661119.330859 runnervmmprz5 zainod-0.9.0[2988]:     at packages/zaino-serve/src/rpc/grpc/service.rs:163
1791661123.451588 runnervmmprz5 zainod-0.9.0[2988]:   19:38:43.451  INFO zaino_serve::rpc::grpc::service: [TEST] received call, method: "get_lightd_info"
1791661123.451588 runnervmmprz5 zainod-0.9.0[2988]:     at packages/zaino-serve/src/rpc/grpc/service.rs:163
1791661123.455906 runnervmmprz5 zainod-0.9.0[2988]:   19:38:43.455  INFO zaino_serve::rpc::grpc::service: [TEST] received call, method: "get_block"
1791661123.455906 runnervmmprz5 zainod-0.9.0[2988]:     at packages/zaino-serve/src/rpc/grpc/service.rs:163
1791661123.456885 runnervmmprz5 zainod-0.9.0[2988]:   19:38:43.456  INFO zaino_serve::rpc::grpc::service: [TEST] received call, method: "get_block"
1791661123.456885 runnervmmprz5 zainod-0.9.0[2988]:     at packages/zaino-serve/src/rpc/grpc/service.rs:163
1791661127.637291 runnervmmprz5 zainod-0.9.0[2988]:   19:38:47.637  INFO zaino_state::chain_index::finalised_state::finalised_source::v1::write_core: write_blocks_to_height: syncing, current: 2876184, target: 4381896, zebra_network: Testnet
1791661127.637291 runnervmmprz5 zainod-0.9.0[2988]:     at packages/zaino-state/src/chain_index/finalised_state/finalised_source/v1/write_core.rs:215
1791661128.456535 runnervmmprz5 zainod-0.9.0[2988]:   19:38:48.456  INFO zaino_serve::rpc::grpc::service: [TEST] received call, method: "get_lightd_info"
1791661128.456535 runnervmmprz5 zainod-0.9.0[2988]:     at packages/zaino-serve/src/rpc/grpc/service.rs:163
1791661128.461161 runnervmmprz5 zainod-0.9.0[2988]:   19:38:48.461  INFO zaino_serve::rpc::grpc::service: [TEST] received call, method: "get_block"
1791661128.461161 runnervmmprz5 zainod-0.9.0[2988]:     at packages/zaino-serve/src/rpc/grpc/service.rs:163
1791661128.461999 runnervmmprz5 zainod-0.9.0[2988]:   19:38:48.461  INFO zaino_serve::rpc::grpc::service: [TEST] received call, method: "get_block"
1791661128.461999 runnervmmprz5 zainod-0.9.0[2988]:     at packages/zaino-serve/src/rpc/grpc/service.rs:163
1791661129.329745 runnervmmprz5 zainod-0.9.0[2988]:   19:38:49.329  INFO zainodlib::indexer: Zaino status check, chain_state: Ready, fs_mode: ephemeral(syncing), json_rpc: Ready, grpc: Ready
1791661129.329745 runnervmmprz5 zainod-0.9.0[2988]:     at packages/zainod/src/indexer.rs:310
1791661132.420955 runnervmmprz5 zainod-0.9.0[2988]:   19:38:52.420  INFO zaino_state::chain_index::finalised_state::finalised_source::v1::write_core: write_blocks_to_height: committed batch, height: 2799999, blocks: 100000
1791661132.420955 runnervmmprz5 zainod-0.9.0[2988]:     at packages/zaino-state/src/chain_index/finalised_state/finalised_source/v1/write_core.rs:650
1791661133.453125 runnervmmprz5 zainod-0.9.0[2988]:   19:38:53.453  INFO zaino_serve::rpc::grpc::service: [TEST] received call, method: "get_lightd_info"
1791661133.453125 runnervmmprz5 zainod-0.9.0[2988]:     at packages/zaino-serve/src/rpc/grpc/service.rs:163
1791661133.457388 runnervmmprz5 zainod-0.9.0[2988]:   19:38:53.457  INFO zaino_serve::rpc::grpc::service: [TEST] received call, method: "get_block"
1791661133.457388 runnervmmprz5 zainod-0.9.0[2988]:     at packages/zaino-serve/src/rpc/grpc/service.rs:163
1791661133.458340 runnervmmprz5 zainod-0.9.0[2988]:   19:38:53.458  INFO zaino_serve::rpc::grpc::service: [TEST] received call, method: "get_block"
1791661133.458340 runnervmmprz5 zainod-0.9.0[2988]:     at packages/zaino-serve/src/rpc/grpc/service.rs:163
1791661137.647952 runnervmmprz5 zainod-0.9.0[2988]:   19:38:57.647  INFO zaino_state::chain_index::finalised_state::finalised_source::v1::write_core: write_blocks_to_height: syncing, current: 2911609, target: 4381896, zebra_network: Testnet
1791661137.647952 runnervmmprz5 zainod-0.9.0[2988]:     at packages/zaino-state/src/chain_index/finalised_state/finalised_source/v1/write_core.rs:215
1791661138.452911 runnervmmprz5 zainod-0.9.0[2988]:   19:38:58.452  INFO zaino_serve::rpc::grpc::service: [TEST] received call, method: "get_lightd_info"
1791661138.452911 runnervmmprz5 zainod-0.9.0[2988]:     at packages/zaino-serve/src/rpc/grpc/service.rs:163
1791661138.456701 runnervmmprz5 zainod-0.9.0[2988]:   19:38:58.456  INFO zaino_serve::rpc::grpc::service: [TEST] received call, method: "get_block"
1791661138.456701 runnervmmprz5 zainod-0.9.0[2988]:     at packages/zaino-serve/src/rpc/grpc/service.rs:163
1791661138.457323 runnervmmprz5 zainod-0.9.0[2988]:   19:38:58.457  INFO zaino_serve::rpc::grpc::service: [TEST] received call, method: "get_block"
1791661138.457323 runnervmmprz5 zainod-0.9.0[2988]:     at packages/zaino-serve/src/rpc/grpc/service.rs:163
1791661139.330177 runnervmmprz5 zainod-0.9.0[2988]:   19:38:59.330  INFO zainodlib::indexer: Zaino status check, chain_state: Ready, fs_mode: ephemeral(syncing), json_rpc: Ready, grpc: Ready
1791661139.330177 runnervmmprz5 zainod-0.9.0[2988]:     at packages/zainod/src/indexer.rs:310
1791661143.455453 runnervmmprz5 zainod-0.9.0[2988]:   19:39:03.455  INFO zaino_serve::rpc::grpc::service: [TEST] received call, method: "get_lightd_info"
1791661143.455453 runnervmmprz5 zainod-0.9.0[2988]:     at packages/zaino-serve/src/rpc/grpc/service.rs:163
1791661143.460455 runnervmmprz5 zainod-0.9.0[2988]:   19:39:03.460  INFO zaino_serve::rpc::grpc::service: [TEST] received call, method: "get_block"
1791661143.460455 runnervmmprz5 zainod-0.9.0[2988]:     at packages/zaino-serve/src/rpc/grpc/service.rs:163
1791661143.461345 runnervmmprz5 zainod-0.9.0[2988]:   19:39:03.461  INFO zaino_serve::rpc::grpc::service: [TEST] received call, method: "get_block"
1791661143.461345 runnervmmprz5 zainod-0.9.0[2988]:     at packages/zaino-serve/src/rpc/grpc/service.rs:163
1791661147.648398 runnervmmprz5 zainod-0.9.0[2988]:   19:39:07.648  INFO zaino_state::chain_index::finalised_state::finalised_source::v1::write_core: write_blocks_to_height: syncing, current: 2951206, target: 4381896, zebra_network: Testnet
1791661147.648398 runnervmmprz5 zainod-0.9.0[2988]:     at packages/zaino-state/src/chain_index/finalised_state/finalised_source/v1/write_core.rs:215
1791661148.456327 runnervmmprz5 zainod-0.9.0[2988]:   19:39:08.456  INFO zaino_serve::rpc::grpc::service: [TEST] received call, method: "get_lightd_info"
1791661148.456327 runnervmmprz5 zainod-0.9.0[2988]:     at packages/zaino-serve/src/rpc/grpc/service.rs:163
1791661148.461024 runnervmmprz5 zainod-0.9.0[2988]:   19:39:08.460  INFO zaino_serve::rpc::grpc::service: [TEST] received call, method: "get_block"
1791661148.461024 runnervmmprz5 zainod-0.9.0[2988]:     at packages/zaino-serve/src/rpc/grpc/service.rs:163
1791661148.461887 runnervmmprz5 zainod-0.9.0[2988]:   19:39:08.461  INFO zaino_serve::rpc::grpc::service: [TEST] received call, method: "get_block"
1791661148.461887 runnervmmprz5 zainod-0.9.0[2988]:     at packages/zaino-serve/src/rpc/grpc/service.rs:163
1791661149.330313 runnervmmprz5 zainod-0.9.0[2988]:   19:39:09.330  INFO zainodlib::indexer: Zaino status check, chain_state: Ready, fs_mode: ephemeral(syncing), json_rpc: Ready, grpc: Ready
1791661149.330313 runnervmmprz5 zainod-0.9.0[2988]:     at packages/zainod/src/indexer.rs:310
1791661153.455399 runnervmmprz5 zainod-0.9.0[2988]:   19:39:13.455  INFO zaino_serve::rpc::grpc::service: [TEST] received call, method: "get_lightd_info"
1791661153.455399 runnervmmprz5 zainod-0.9.0[2988]:     at packages/zaino-serve/src/rpc/grpc/service.rs:163
1791661153.461202 runnervmmprz5 zainod-0.9.0[2988]:   19:39:13.461  INFO zaino_serve::rpc::grpc::service: [TEST] received call, method: "get_block"
1791661153.461202 runnervmmprz5 zainod-0.9.0[2988]:     at packages/zaino-serve/src/rpc/grpc/service.rs:163
1791661153.461949 runnervmmprz5 zainod-0.9.0[2988]:   19:39:13.461  INFO zaino_serve::rpc::grpc::service: [TEST] received call, method: "get_block"
1791661153.461949 runnervmmprz5 zainod-0.9.0[2988]:     at packages/zaino-serve/src/rpc/grpc/service.rs:163
1791661157.263908 runnervmmprz5 zainod-0.9.0[2988]:   19:39:17.263  INFO zaino_state::chain_index::finalised_state::finalised_source::v1::write_core: write_blocks_to_height: committed batch, height: 2899999, blocks: 100000
1791661157.263908 runnervmmprz5 zainod-0.9.0[2988]:     at packages/zaino-state/src/chain_index/finalised_state/finalised_source/v1/write_core.rs:650
1791661157.648470 runnervmmprz5 zainod-0.9.0[2988]:   19:39:17.648  INFO zaino_state::chain_index::finalised_state::finalised_source::v1::write_core: write_blocks_to_height: syncing, current: 3001514, target: 4381896, zebra_network: Testnet
1791661157.648470 runnervmmprz5 zainod-0.9.0[2988]:     at packages/zaino-state/src/chain_index/finalised_state/finalised_source/v1/write_core.rs:215
1791661158.461472 runnervmmprz5 zainod-0.9.0[2988]:   19:39:18.461  INFO zaino_serve::rpc::grpc::service: [TEST] received call, method: "get_lightd_info"
1791661158.461472 runnervmmprz5 zainod-0.9.0[2988]:     at packages/zaino-serve/src/rpc/grpc/service.rs:163
1791661158.467259 runnervmmprz5 zainod-0.9.0[2988]:   19:39:18.467  INFO zaino_serve::rpc::grpc::service: [TEST] received call, method: "get_block"
1791661158.467259 runnervmmprz5 zainod-0.9.0[2988]:     at packages/zaino-serve/src/rpc/grpc/service.rs:163
1791661158.468447 runnervmmprz5 zainod-0.9.0[2988]:   19:39:18.468  INFO zaino_serve::rpc::grpc::service: [TEST] received call, method: "get_block"
1791661158.468447 runnervmmprz5 zainod-0.9.0[2988]:     at packages/zaino-serve/src/rpc/grpc/service.rs:163
1791661159.430014 runnervmmprz5 zainod-0.9.0[2988]:   19:39:19.429  INFO zainodlib::indexer: Zaino status check, chain_state: Ready, fs_mode: ephemeral(syncing), json_rpc: Ready, grpc: Ready
1791661159.430014 runnervmmprz5 zainod-0.9.0[2988]:     at packages/zainod/src/indexer.rs:310
1791661163.504222 runnervmmprz5 zainod-0.9.0[2988]:   19:39:23.504  INFO zaino_serve::rpc::grpc::service: [TEST] received call, method: "get_lightd_info"
1791661163.504222 runnervmmprz5 zainod-0.9.0[2988]:     at packages/zaino-serve/src/rpc/grpc/service.rs:163
1791661163.507669 runnervmmprz5 zainod-0.9.0[2988]:   19:39:23.507  INFO zaino_serve::rpc::grpc::service: [TEST] received call, method: "get_block"
1791661163.507669 runnervmmprz5 zainod-0.9.0[2988]:     at packages/zaino-serve/src/rpc/grpc/service.rs:163
1791661163.508333 runnervmmprz5 zainod-0.9.0[2988]:   19:39:23.508  INFO zaino_serve::rpc::grpc::service: [TEST] received call, method: "get_block"
1791661163.508333 runnervmmprz5 zainod-0.9.0[2988]:     at packages/zaino-serve/src/rpc/grpc/service.rs:163
1791661167.648593 runnervmmprz5 zainod-0.9.0[2988]:   19:39:27.648  INFO zaino_state::chain_index::finalised_state::finalised_source::v1::write_core: write_blocks_to_height: syncing, current: 3018536, target: 4381896, zebra_network: Testnet
1791661167.648593 runnervmmprz5 zainod-0.9.0[2988]:     at packages/zaino-state/src/chain_index/finalised_state/finalised_source/v1/write_core.rs:215
1791661168.511016 runnervmmprz5 zainod-0.9.0[2988]:   19:39:28.510  INFO zaino_serve::rpc::grpc::service: [TEST] received call, method: "get_lightd_info"
1791661168.511016 runnervmmprz5 zainod-0.9.0[2988]:     at packages/zaino-serve/src/rpc/grpc/service.rs:163
1791661168.515689 runnervmmprz5 zainod-0.9.0[2988]:   19:39:28.515  INFO zaino_serve::rpc::grpc::service: [TEST] received call, method: "get_block"
1791661168.515689 runnervmmprz5 zainod-0.9.0[2988]:     at packages/zaino-serve/src/rpc/grpc/service.rs:163
1791661168.516453 runnervmmprz5 zainod-0.9.0[2988]:   19:39:28.516  INFO zaino_serve::rpc::grpc::service: [TEST] received call, method: "get_block"
1791661168.516453 runnervmmprz5 zainod-0.9.0[2988]:     at packages/zaino-serve/src/rpc/grpc/service.rs:163
1791661169.430657 runnervmmprz5 zainod-0.9.0[2988]:   19:39:29.430  INFO zainodlib::indexer: Zaino status check, chain_state: Ready, fs_mode: ephemeral(syncing), json_rpc: Ready, grpc: Ready
1791661169.430657 runnervmmprz5 zainod-0.9.0[2988]:     at packages/zainod/src/indexer.rs:310
1791661173.509655 runnervmmprz5 zainod-0.9.0[2988]:   19:39:33.509  INFO zaino_serve::rpc::grpc::service: [TEST] received call, method: "get_lightd_info"
1791661173.509655 runnervmmprz5 zainod-0.9.0[2988]:     at packages/zaino-serve/src/rpc/grpc/service.rs:163
1791661173.514460 runnervmmprz5 zainod-0.9.0[2988]:   19:39:33.514  INFO zaino_serve::rpc::grpc::service: [TEST] received call, method: "get_block"
1791661173.514460 runnervmmprz5 zainod-0.9.0[2988]:     at packages/zaino-serve/src/rpc/grpc/service.rs:163
1791661173.515571 runnervmmprz5 zainod-0.9.0[2988]:   19:39:33.515  INFO zaino_serve::rpc::grpc::service: [TEST] received call, method: "get_block"
1791661173.515571 runnervmmprz5 zainod-0.9.0[2988]:     at packages/zaino-serve/src/rpc/grpc/service.rs:163
1791661177.648816 runnervmmprz5 zainod-0.9.0[2988]:   19:39:37.648  INFO zaino_state::chain_index::finalised_state::finalised_source::v1::write_core: write_blocks_to_height: syncing, current: 3047543, target: 4381896, zebra_network: Testnet
1791661177.648816 runnervmmprz5 zainod-0.9.0[2988]:     at packages/zaino-state/src/chain_index/finalised_state/finalised_source/v1/write_core.rs:215
1791661178.510990 runnervmmprz5 zainod-0.9.0[2988]:   19:39:38.510  INFO zaino_serve::rpc::grpc::service: [TEST] received call, method: "get_lightd_info"
1791661178.510990 runnervmmprz5 zainod-0.9.0[2988]:     at packages/zaino-serve/src/rpc/grpc/service.rs:163
1791661178.515961 runnervmmprz5 zainod-0.9.0[2988]:   19:39:38.515  INFO zaino_serve::rpc::grpc::service: [TEST] received call, method: "get_block"
1791661178.515961 runnervmmprz5 zainod-0.9.0[2988]:     at packages/zaino-serve/src/rpc/grpc/service.rs:163
1791661178.516855 runnervmmprz5 zainod-0.9.0[2988]:   19:39:38.516  INFO zaino_serve::rpc::grpc::service: [TEST] received call, method: "get_block"
1791661178.516855 runnervmmprz5 zainod-0.9.0[2988]:     at packages/zaino-serve/src/rpc/grpc/service.rs:163
1791661179.530276 runnervmmprz5 zainod-0.9.0[2988]:   19:39:39.530  INFO zainodlib::indexer: Zaino status check, chain_state: Ready, fs_mode: ephemeral(syncing), json_rpc: Ready, grpc: Ready
1791661179.530276 runnervmmprz5 zainod-0.9.0[2988]:     at packages/zainod/src/indexer.rs:310
1791661183.510374 runnervmmprz5 zainod-0.9.0[2988]:   19:39:43.510  INFO zaino_serve::rpc::grpc::service: [TEST] received call, method: "get_lightd_info"
1791661183.510374 runnervmmprz5 zainod-0.9.0[2988]:     at packages/zaino-serve/src/rpc/grpc/service.rs:163
1791661183.515012 runnervmmprz5 zainod-0.9.0[2988]:   19:39:43.514  INFO zaino_serve::rpc::grpc::service: [TEST] received call, method: "get_block"
1791661183.515012 runnervmmprz5 zainod-0.9.0[2988]:     at packages/zaino-serve/src/rpc/grpc/service.rs:163
1791661183.515965 runnervmmprz5 zainod-0.9.0[2988]:   19:39:43.515  INFO zaino_serve::rpc::grpc::service: [TEST] received call, method: "get_block"
1791661183.515965 runnervmmprz5 zainod-0.9.0[2988]:     at packages/zaino-serve/src/rpc/grpc/service.rs:163
1791661187.649361 runnervmmprz5 zainod-0.9.0[2988]:   19:39:47.649  INFO zaino_state::chain_index::finalised_state::finalised_source::v1::write_core: write_blocks_to_height: syncing, current: 3077177, target: 4381896, zebra_network: Testnet
1791661187.649361 runnervmmprz5 zainod-0.9.0[2988]:     at packages/zaino-state/src/chain_index/finalised_state/finalised_source/v1/write_core.rs:215
1791661188.513483 runnervmmprz5 zainod-0.9.0[2988]:   19:39:48.513  INFO zaino_serve::rpc::grpc::service: [TEST] received call, method: "get_lightd_info"
1791661188.513483 runnervmmprz5 zainod-0.9.0[2988]:     at packages/zaino-serve/src/rpc/grpc/service.rs:163
1791661188.518028 runnervmmprz5 zainod-0.9.0[2988]:   19:39:48.517  INFO zaino_serve::rpc::grpc::service: [TEST] received call, method: "get_block"
1791661188.518028 runnervmmprz5 zainod-0.9.0[2988]:     at packages/zaino-serve/src/rpc/grpc/service.rs:163
1791661188.518662 runnervmmprz5 zainod-0.9.0[2988]:   19:39:48.518  INFO zaino_serve::rpc::grpc::service: [TEST] received call, method: "get_block"
1791661188.518662 runnervmmprz5 zainod-0.9.0[2988]:     at packages/zaino-serve/src/rpc/grpc/service.rs:163
1791661189.630468 runnervmmprz5 zainod-0.9.0[2988]:   19:39:49.630  INFO zainodlib::indexer: Zaino status check, chain_state: Ready, fs_mode: ephemeral(syncing), json_rpc: Ready, grpc: Ready
1791661189.630468 runnervmmprz5 zainod-0.9.0[2988]:     at packages/zainod/src/indexer.rs:310
1791661193.510546 runnervmmprz5 zainod-0.9.0[2988]:   19:39:53.510  INFO zaino_serve::rpc::grpc::service: [TEST] received call, method: "get_lightd_info"
1791661193.510546 runnervmmprz5 zainod-0.9.0[2988]:     at packages/zaino-serve/src/rpc/grpc/service.rs:163
1791661193.515538 runnervmmprz5 zainod-0.9.0[2988]:   19:39:53.515  INFO zaino_serve::rpc::grpc::service: [TEST] received call, method: "get_block"
1791661193.515538 runnervmmprz5 zainod-0.9.0[2988]:     at packages/zaino-serve/src/rpc/grpc/service.rs:163
1791661193.516299 runnervmmprz5 zainod-0.9.0[2988]:   19:39:53.516  INFO zaino_serve::rpc::grpc::service: [TEST] received call, method: "get_block"
1791661193.516299 runnervmmprz5 zainod-0.9.0[2988]:     at packages/zaino-serve/src/rpc/grpc/service.rs:163
1791661193.964263 runnervmmprz5 zainod-0.9.0[2988]:   19:39:53.964  INFO zaino_state::chain_index::finalised_state::finalised_source::v1::write_core: write_blocks_to_height: committed batch, height: 2999999, blocks: 100000
1791661193.964263 runnervmmprz5 zainod-0.9.0[2988]:     at packages/zaino-state/src/chain_index/finalised_state/finalised_source/v1/write_core.rs:650
1791661197.650979 runnervmmprz5 zainod-0.9.0[2988]:   19:39:57.650  INFO zaino_state::chain_index::finalised_state::finalised_source::v1::write_core: write_blocks_to_height: syncing, current: 3108270, target: 4381896, zebra_network: Testnet
1791661197.650979 runnervmmprz5 zainod-0.9.0[2988]:     at packages/zaino-state/src/chain_index/finalised_state/finalised_source/v1/write_core.rs:215
1791661198.512378 runnervmmprz5 zainod-0.9.0[2988]:   19:39:58.512  INFO zaino_serve::rpc::grpc::service: [TEST] received call, method: "get_lightd_info"
1791661198.512378 runnervmmprz5 zainod-0.9.0[2988]:     at packages/zaino-serve/src/rpc/grpc/service.rs:163
1791661198.516076 runnervmmprz5 zainod-0.9.0[2988]:   19:39:58.516  INFO zaino_serve::rpc::grpc::service: [TEST] received call, method: "get_block"
1791661198.516076 runnervmmprz5 zainod-0.9.0[2988]:     at packages/zaino-serve/src/rpc/grpc/service.rs:163
1791661198.516936 runnervmmprz5 zainod-0.9.0[2988]:   19:39:58.516  INFO zaino_serve::rpc::grpc::service: [TEST] received call, method: "get_block"
1791661198.516936 runnervmmprz5 zainod-0.9.0[2988]:     at packages/zaino-serve/src/rpc/grpc/service.rs:163
1791661199.730366 runnervmmprz5 zainod-0.9.0[2988]:   19:39:59.730  INFO zainodlib::indexer: Zaino status check, chain_state: Ready, fs_mode: ephemeral(syncing), json_rpc: Ready, grpc: Ready
1791661199.730366 runnervmmprz5 zainod-0.9.0[2988]:     at packages/zainod/src/indexer.rs:310
1791661205.350833 runnervmmprz5 zainod-0.9.0[2988]:   19:40:05.350  INFO zaino_serve::rpc::grpc::service: [TEST] received call, method: "get_lightd_info"
1791661205.350833 runnervmmprz5 zainod-0.9.0[2988]:     at packages/zaino-serve/src/rpc/grpc/service.rs:163
1791661205.357326 runnervmmprz5 zainod-0.9.0[2988]:   19:40:05.357  INFO zaino_serve::rpc::grpc::service: [TEST] received call, method: "get_block"
1791661205.357326 runnervmmprz5 zainod-0.9.0[2988]:     at packages/zaino-serve/src/rpc/grpc/service.rs:163
1791661205.358307 runnervmmprz5 zainod-0.9.0[2988]:   19:40:05.358  INFO zaino_serve::rpc::grpc::service: [TEST] received call, method: "get_block"
1791661205.358307 runnervmmprz5 zainod-0.9.0[2988]:     at packages/zaino-serve/src/rpc/grpc/service.rs:163
1791661207.651086 runnervmmprz5 zainod-0.9.0[2988]:   19:40:07.651  INFO zaino_state::chain_index::finalised_state::finalised_source::v1::write_core: write_blocks_to_height: syncing, current: 3126885, target: 4381896, zebra_network: Testnet
1791661207.651086 runnervmmprz5 zainod-0.9.0[2988]:     at packages/zaino-state/src/chain_index/finalised_state/finalised_source/v1/write_core.rs:215
1791661209.377698 runnervmmprz5 zainod-0.9.0[2988]:   19:40:09.377  INFO zaino_serve::rpc::grpc::service: [TEST] received call, method: "get_lightd_info"
1791661209.377698 runnervmmprz5 zainod-0.9.0[2988]:     at packages/zaino-serve/src/rpc/grpc/service.rs:163
1791661209.383000 runnervmmprz5 zainod-0.9.0[2988]:   19:40:09.382  INFO zaino_serve::rpc::grpc::service: [TEST] received call, method: "get_block"
1791661209.383000 runnervmmprz5 zainod-0.9.0[2988]:     at packages/zaino-serve/src/rpc/grpc/service.rs:163
1791661209.383727 runnervmmprz5 zainod-0.9.0[2988]:   19:40:09.383  INFO zaino_serve::rpc::grpc::service: [TEST] received call, method: "get_block"
1791661209.383727 runnervmmprz5 zainod-0.9.0[2988]:     at packages/zaino-serve/src/rpc/grpc/service.rs:163
1791661209.829752 runnervmmprz5 zainod-0.9.0[2988]:   19:40:09.829  INFO zainodlib::indexer: Zaino status check, chain_state: Ready, fs_mode: ephemeral(syncing), json_rpc: Ready, grpc: Ready
1791661209.829752 runnervmmprz5 zainod-0.9.0[2988]:     at packages/zainod/src/indexer.rs:310
1791661214.374859 runnervmmprz5 zainod-0.9.0[2988]:   19:40:14.374  INFO zaino_serve::rpc::grpc::service: [TEST] received call, method: "get_lightd_info"
1791661214.374859 runnervmmprz5 zainod-0.9.0[2988]:     at packages/zaino-serve/src/rpc/grpc/service.rs:163
1791661214.379014 runnervmmprz5 zainod-0.9.0[2988]:   19:40:14.378  INFO zaino_serve::rpc::grpc::service: [TEST] received call, method: "get_block"
1791661214.379014 runnervmmprz5 zainod-0.9.0[2988]:     at packages/zaino-serve/src/rpc/grpc/service.rs:163
1791661214.379817 runnervmmprz5 zainod-0.9.0[2988]:   19:40:14.379  INFO zaino_serve::rpc::grpc::service: [TEST] received call, method: "get_block"
1791661214.379817 runnervmmprz5 zainod-0.9.0[2988]:     at packages/zaino-serve/src/rpc/grpc/service.rs:163
1791661217.651321 runnervmmprz5 zainod-0.9.0[2988]:   19:40:17.651  INFO zaino_state::chain_index::finalised_state::finalised_source::v1::write_core: write_blocks_to_height: syncing, current: 3165399, target: 4381896, zebra_network: Testnet
1791661217.651321 runnervmmprz5 zainod-0.9.0[2988]:     at packages/zaino-state/src/chain_index/finalised_state/finalised_source/v1/write_core.rs:215
1791661219.378407 runnervmmprz5 zainod-0.9.0[2988]:   19:40:19.378  INFO zaino_serve::rpc::grpc::service: [TEST] received call, method: "get_lightd_info"
1791661219.378407 runnervmmprz5 zainod-0.9.0[2988]:     at packages/zaino-serve/src/rpc/grpc/service.rs:163
1791661219.382838 runnervmmprz5 zainod-0.9.0[2988]:   19:40:19.382  INFO zaino_serve::rpc::grpc::service: [TEST] received call, method: "get_block"
1791661219.382838 runnervmmprz5 zainod-0.9.0[2988]:     at packages/zaino-serve/src/rpc/grpc/service.rs:163
1791661219.383830 runnervmmprz5 zainod-0.9.0[2988]:   19:40:19.383  INFO zaino_serve::rpc::grpc::service: [TEST] received call, method: "get_block"
1791661219.383830 runnervmmprz5 zainod-0.9.0[2988]:     at packages/zaino-serve/src/rpc/grpc/service.rs:163
1791661219.930300 runnervmmprz5 zainod-0.9.0[2988]:   19:40:19.930  INFO zainodlib::indexer: Zaino status check, chain_state: Ready, fs_mode: ephemeral(syncing), json_rpc: Ready, grpc: Ready
1791661219.930300 runnervmmprz5 zainod-0.9.0[2988]:     at packages/zainod/src/indexer.rs:310
1791661224.377902 runnervmmprz5 zainod-0.9.0[2988]:   19:40:24.377  INFO zaino_serve::rpc::grpc::service: [TEST] received call, method: "get_lightd_info"
1791661224.377902 runnervmmprz5 zainod-0.9.0[2988]:     at packages/zaino-serve/src/rpc/grpc/service.rs:163
1791661224.382428 runnervmmprz5 zainod-0.9.0[2988]:   19:40:24.382  INFO zaino_serve::rpc::grpc::service: [TEST] received call, method: "get_block"
1791661224.382428 runnervmmprz5 zainod-0.9.0[2988]:     at packages/zaino-serve/src/rpc/grpc/service.rs:163
1791661224.383430 runnervmmprz5 zainod-0.9.0[2988]:   19:40:24.383  INFO zaino_serve::rpc::grpc::service: [TEST] received call, method: "get_block"
1791661224.383430 runnervmmprz5 zainod-0.9.0[2988]:     at packages/zaino-serve/src/rpc/grpc/service.rs:163
1791661226.299263 runnervmmprz5 zainod-0.9.0[2988]:   19:40:26.299  INFO zaino_state::chain_index::finalised_state::finalised_source::v1::write_core: write_blocks_to_height: committed batch, height: 3099999, blocks: 100000
1791661226.299263 runnervmmprz5 zainod-0.9.0[2988]:     at packages/zaino-state/src/chain_index/finalised_state/finalised_source/v1/write_core.rs:650
1791661227.652181 runnervmmprz5 zainod-0.9.0[2988]:   19:40:27.652  INFO zaino_state::chain_index::finalised_state::finalised_source::v1::write_core: write_blocks_to_height: syncing, current: 3203680, target: 4381896, zebra_network: Testnet
1791661227.652181 runnervmmprz5 zainod-0.9.0[2988]:     at packages/zaino-state/src/chain_index/finalised_state/finalised_source/v1/write_core.rs:215
1791661229.373633 runnervmmprz5 zainod-0.9.0[2988]:   19:40:29.373  INFO zaino_serve::rpc::grpc::service: [TEST] received call, method: "get_lightd_info"
1791661229.373633 runnervmmprz5 zainod-0.9.0[2988]:     at packages/zaino-serve/src/rpc/grpc/service.rs:163
1791661229.377332 runnervmmprz5 zainod-0.9.0[2988]:   19:40:29.377  INFO zaino_serve::rpc::grpc::service: [TEST] received call, method: "get_block"
1791661229.377332 runnervmmprz5 zainod-0.9.0[2988]:     at packages/zaino-serve/src/rpc/grpc/service.rs:163
1791661229.378034 runnervmmprz5 zainod-0.9.0[2988]:   19:40:29.377  INFO zaino_serve::rpc::grpc::service: [TEST] received call, method: "get_block"
1791661229.378034 runnervmmprz5 zainod-0.9.0[2988]:     at packages/zaino-serve/src/rpc/grpc/service.rs:163
1791661229.930498 runnervmmprz5 zainod-0.9.0[2988]:   19:40:29.930  INFO zainodlib::indexer: Zaino status check, chain_state: Ready, fs_mode: ephemeral(syncing), json_rpc: Ready, grpc: Ready
1791661229.930498 runnervmmprz5 zainod-0.9.0[2988]:     at packages/zainod/src/indexer.rs:310
1791661234.372869 runnervmmprz5 zainod-0.9.0[2988]:   19:40:34.372  INFO zaino_serve::rpc::grpc::service: [TEST] received call, method: "get_lightd_info"
1791661234.372869 runnervmmprz5 zainod-0.9.0[2988]:     at packages/zaino-serve/src/rpc/grpc/service.rs:163
1791661234.376169 runnervmmprz5 zainod-0.9.0[2988]:   19:40:34.376  INFO zaino_serve::rpc::grpc::service: [TEST] received call, method: "get_block"
1791661234.376169 runnervmmprz5 zainod-0.9.0[2988]:     at packages/zaino-serve/src/rpc/grpc/service.rs:163
1791661234.376791 runnervmmprz5 zainod-0.9.0[2988]:   19:40:34.376  INFO zaino_serve::rpc::grpc::service: [TEST] received call, method: "get_block"
1791661234.376791 runnervmmprz5 zainod-0.9.0[2988]:     at packages/zaino-serve/src/rpc/grpc/service.rs:163
1791661237.652256 runnervmmprz5 zainod-0.9.0[2988]:   19:40:37.652  INFO zaino_state::chain_index::finalised_state::finalised_source::v1::write_core: write_blocks_to_height: syncing, current: 3220276, target: 4381896, zebra_network: Testnet
1791661237.652256 runnervmmprz5 zainod-0.9.0[2988]:     at packages/zaino-state/src/chain_index/finalised_state/finalised_source/v1/write_core.rs:215
1791661239.378826 runnervmmprz5 zainod-0.9.0[2988]:   19:40:39.378  INFO zaino_serve::rpc::grpc::service: [TEST] received call, method: "get_lightd_info"
1791661239.378826 runnervmmprz5 zainod-0.9.0[2988]:     at packages/zaino-serve/src/rpc/grpc/service.rs:163
1791661239.384135 runnervmmprz5 zainod-0.9.0[2988]:   19:40:39.384  INFO zaino_serve::rpc::grpc::service: [TEST] received call, method: "get_block"
1791661239.384135 runnervmmprz5 zainod-0.9.0[2988]:     at packages/zaino-serve/src/rpc/grpc/service.rs:163
1791661239.384839 runnervmmprz5 zainod-0.9.0[2988]:   19:40:39.384  INFO zaino_serve::rpc::grpc::service: [TEST] received call, method: "get_block"
1791661239.384839 runnervmmprz5 zainod-0.9.0[2988]:     at packages/zaino-serve/src/rpc/grpc/service.rs:163
1791661240.030257 runnervmmprz5 zainod-0.9.0[2988]:   19:40:40.030  INFO zainodlib::indexer: Zaino status check, chain_state: Ready, fs_mode: ephemeral(syncing), json_rpc: Ready, grpc: Ready
1791661240.030257 runnervmmprz5 zainod-0.9.0[2988]:     at packages/zainod/src/indexer.rs:310
1791661244.378341 runnervmmprz5 zainod-0.9.0[2988]:   19:40:44.378  INFO zaino_serve::rpc::grpc::service: [TEST] received call, method: "get_lightd_info"
1791661244.378341 runnervmmprz5 zainod-0.9.0[2988]:     at packages/zaino-serve/src/rpc/grpc/service.rs:163
1791661244.383205 runnervmmprz5 zainod-0.9.0[2988]:   19:40:44.383  INFO zaino_serve::rpc::grpc::service: [TEST] received call, method: "get_block"
1791661244.383205 runnervmmprz5 zainod-0.9.0[2988]:     at packages/zaino-serve/src/rpc/grpc/service.rs:163
1791661244.384146 runnervmmprz5 zainod-0.9.0[2988]:   19:40:44.384  INFO zaino_serve::rpc::grpc::service: [TEST] received call, method: "get_block"
1791661244.384146 runnervmmprz5 zainod-0.9.0[2988]:     at packages/zaino-serve/src/rpc/grpc/service.rs:163
1791661247.652677 runnervmmprz5 zainod-0.9.0[2988]:   19:40:47.652  INFO zaino_state::chain_index::finalised_state::finalised_source::v1::write_core: write_blocks_to_height: syncing, current: 3261553, target: 4381896, zebra_network: Testnet
1791661247.652677 runnervmmprz5 zainod-0.9.0[2988]:     at packages/zaino-state/src/chain_index/finalised_state/finalised_source/v1/write_core.rs:215
1791661249.380096 runnervmmprz5 zainod-0.9.0[2988]:   19:40:49.380  INFO zaino_serve::rpc::grpc::service: [TEST] received call, method: "get_lightd_info"
1791661249.380096 runnervmmprz5 zainod-0.9.0[2988]:     at packages/zaino-serve/src/rpc/grpc/service.rs:163
1791661249.385105 runnervmmprz5 zainod-0.9.0[2988]:   19:40:49.385  INFO zaino_serve::rpc::grpc::service: [TEST] received call, method: "get_block"
1791661249.385105 runnervmmprz5 zainod-0.9.0[2988]:     at packages/zaino-serve/src/rpc/grpc/service.rs:163
1791661249.385849 runnervmmprz5 zainod-0.9.0[2988]:   19:40:49.385  INFO zaino_serve::rpc::grpc::service: [TEST] received call, method: "get_block"
1791661249.385849 runnervmmprz5 zainod-0.9.0[2988]:     at packages/zaino-serve/src/rpc/grpc/service.rs:163
1791661250.030569 runnervmmprz5 zainod-0.9.0[2988]:   19:40:50.030  INFO zainodlib::indexer: Zaino status check, chain_state: Ready, fs_mode: ephemeral(syncing), json_rpc: Ready, grpc: Ready
1791661250.030569 runnervmmprz5 zainod-0.9.0[2988]:     at packages/zainod/src/indexer.rs:310
1791661254.380040 runnervmmprz5 zainod-0.9.0[2988]:   19:40:54.379  INFO zaino_serve::rpc::grpc::service: [TEST] received call, method: "get_lightd_info"
1791661254.380040 runnervmmprz5 zainod-0.9.0[2988]:     at packages/zaino-serve/src/rpc/grpc/service.rs:163
1791661254.384724 runnervmmprz5 zainod-0.9.0[2988]:   19:40:54.384  INFO zaino_serve::rpc::grpc::service: [TEST] received call, method: "get_block"
1791661254.384724 runnervmmprz5 zainod-0.9.0[2988]:     at packages/zaino-serve/src/rpc/grpc/service.rs:163
1791661254.385569 runnervmmprz5 zainod-0.9.0[2988]:   19:40:54.385  INFO zaino_serve::rpc::grpc::service: [TEST] received call, method: "get_block"
1791661254.385569 runnervmmprz5 zainod-0.9.0[2988]:     at packages/zaino-serve/src/rpc/grpc/service.rs:163
1791661257.653062 runnervmmprz5 zainod-0.9.0[2988]:   19:40:57.653  INFO zaino_state::chain_index::finalised_state::finalised_source::v1::write_core: write_blocks_to_height: syncing, current: 3298567, target: 4381896, zebra_network: Testnet
1791661257.653062 runnervmmprz5 zainod-0.9.0[2988]:     at packages/zaino-state/src/chain_index/finalised_state/finalised_source/v1/write_core.rs:215
1791661258.059722 runnervmmprz5 zainod-0.9.0[2988]:   19:40:58.059  INFO zaino_state::chain_index::finalised_state::finalised_source::v1::write_core: write_blocks_to_height: committed batch, height: 3199999, blocks: 100000
1791661258.059722 runnervmmprz5 zainod-0.9.0[2988]:     at packages/zaino-state/src/chain_index/finalised_state/finalised_source/v1/write_core.rs:650
1791661259.384104 runnervmmprz5 zainod-0.9.0[2988]:   19:40:59.384  INFO zaino_serve::rpc::grpc::service: [TEST] received call, method: "get_lightd_info"
1791661259.384104 runnervmmprz5 zainod-0.9.0[2988]:     at packages/zaino-serve/src/rpc/grpc/service.rs:163
1791661259.389876 runnervmmprz5 zainod-0.9.0[2988]:   19:40:59.389  INFO zaino_serve::rpc::grpc::service: [TEST] received call, method: "get_block"
1791661259.389876 runnervmmprz5 zainod-0.9.0[2988]:     at packages/zaino-serve/src/rpc/grpc/service.rs:163
1791661259.391250 runnervmmprz5 zainod-0.9.0[2988]:   19:40:59.391  INFO zaino_serve::rpc::grpc::service: [TEST] received call, method: "get_block"
1791661259.391250 runnervmmprz5 zainod-0.9.0[2988]:     at packages/zaino-serve/src/rpc/grpc/service.rs:163
1791661260.130360 runnervmmprz5 zainod-0.9.0[2988]:   19:41:00.130  INFO zainodlib::indexer: Zaino status check, chain_state: Ready, fs_mode: ephemeral(syncing), json_rpc: Ready, grpc: Ready
1791661260.130360 runnervmmprz5 zainod-0.9.0[2988]:     at packages/zainod/src/indexer.rs:310
1791661264.992659 runnervmmprz5 zainod-0.9.0[2988]:   19:41:04.992  INFO zaino_serve::rpc::grpc::service: [TEST] received call, method: "get_lightd_info"
1791661264.992659 runnervmmprz5 zainod-0.9.0[2988]:     at packages/zaino-serve/src/rpc/grpc/service.rs:163
1791661264.999940 runnervmmprz5 zainod-0.9.0[2988]:   19:41:04.999  INFO zaino_serve::rpc::grpc::service: [TEST] received call, method: "get_block"
1791661264.999940 runnervmmprz5 zainod-0.9.0[2988]:     at packages/zaino-serve/src/rpc/grpc/service.rs:163
1791661265.000588 runnervmmprz5 zainod-0.9.0[2988]:   19:41:05.000  INFO zaino_serve::rpc::grpc::service: [TEST] received call, method: "get_block"
1791661265.000588 runnervmmprz5 zainod-0.9.0[2988]:     at packages/zaino-serve/src/rpc/grpc/service.rs:163
1791661267.653448 runnervmmprz5 zainod-0.9.0[2988]:   19:41:07.653  INFO zaino_state::chain_index::finalised_state::finalised_source::v1::write_core: write_blocks_to_height: syncing, current: 3312929, target: 4381896, zebra_network: Testnet
1791661267.653448 runnervmmprz5 zainod-0.9.0[2988]:     at packages/zaino-state/src/chain_index/finalised_state/finalised_source/v1/write_core.rs:215
1791661269.383755 runnervmmprz5 zainod-0.9.0[2988]:   19:41:09.383  INFO zaino_serve::rpc::grpc::service: [TEST] received call, method: "get_lightd_info"
1791661269.383755 runnervmmprz5 zainod-0.9.0[2988]:     at packages/zaino-serve/src/rpc/grpc/service.rs:163
1791661269.388398 runnervmmprz5 zainod-0.9.0[2988]:   19:41:09.388  INFO zaino_serve::rpc::grpc::service: [TEST] received call, method: "get_block"
1791661269.388398 runnervmmprz5 zainod-0.9.0[2988]:     at packages/zaino-serve/src/rpc/grpc/service.rs:163
1791661269.389445 runnervmmprz5 zainod-0.9.0[2988]:   19:41:09.389  INFO zaino_serve::rpc::grpc::service: [TEST] received call, method: "get_block"
1791661269.389445 runnervmmprz5 zainod-0.9.0[2988]:     at packages/zaino-serve/src/rpc/grpc/service.rs:163
1791661270.130653 runnervmmprz5 zainod-0.9.0[2988]:   19:41:10.130  INFO zainodlib::indexer: Zaino status check, chain_state: Ready, fs_mode: ephemeral(syncing), json_rpc: Ready, grpc: Ready
1791661270.130653 runnervmmprz5 zainod-0.9.0[2988]:     at packages/zainod/src/indexer.rs:310
1791661274.381216 runnervmmprz5 zainod-0.9.0[2988]:   19:41:14.381  INFO zaino_serve::rpc::grpc::service: [TEST] received call, method: "get_lightd_info"
1791661274.381216 runnervmmprz5 zainod-0.9.0[2988]:     at packages/zaino-serve/src/rpc/grpc/service.rs:163
1791661274.385803 runnervmmprz5 zainod-0.9.0[2988]:   19:41:14.385  INFO zaino_serve::rpc::grpc::service: [TEST] received call, method: "get_block"
1791661274.385803 runnervmmprz5 zainod-0.9.0[2988]:     at packages/zaino-serve/src/rpc/grpc/service.rs:163
1791661274.386732 runnervmmprz5 zainod-0.9.0[2988]:   19:41:14.386  INFO zaino_serve::rpc::grpc::service: [TEST] received call, method: "get_block"
1791661274.386732 runnervmmprz5 zainod-0.9.0[2988]:     at packages/zaino-serve/src/rpc/grpc/service.rs:163
1791661277.653656 runnervmmprz5 zainod-0.9.0[2988]:   19:41:17.653  INFO zaino_state::chain_index::finalised_state::finalised_source::v1::write_core: write_blocks_to_height: syncing, current: 3346007, target: 4381896, zebra_network: Testnet
1791661277.653656 runnervmmprz5 zainod-0.9.0[2988]:     at packages/zaino-state/src/chain_index/finalised_state/finalised_source/v1/write_core.rs:215
1791661279.383074 runnervmmprz5 zainod-0.9.0[2988]:   19:41:19.383  INFO zaino_serve::rpc::grpc::service: [TEST] received call, method: "get_lightd_info"
1791661279.383074 runnervmmprz5 zainod-0.9.0[2988]:     at packages/zaino-serve/src/rpc/grpc/service.rs:163
1791661279.388497 runnervmmprz5 zainod-0.9.0[2988]:   19:41:19.388  INFO zaino_serve::rpc::grpc::service: [TEST] received call, method: "get_block"
1791661279.388497 runnervmmprz5 zainod-0.9.0[2988]:     at packages/zaino-serve/src/rpc/grpc/service.rs:163
1791661279.389271 runnervmmprz5 zainod-0.9.0[2988]:   19:41:19.389  INFO zaino_serve::rpc::grpc::service: [TEST] received call, method: "get_block"
1791661279.389271 runnervmmprz5 zainod-0.9.0[2988]:     at packages/zaino-serve/src/rpc/grpc/service.rs:163
1791661280.229748 runnervmmprz5 zainod-0.9.0[2988]:   19:41:20.229  INFO zainodlib::indexer: Zaino status check, chain_state: Ready, fs_mode: ephemeral(syncing), json_rpc: Ready, grpc: Ready
1791661280.229748 runnervmmprz5 zainod-0.9.0[2988]:     at packages/zainod/src/indexer.rs:310
1791661284.381548 runnervmmprz5 zainod-0.9.0[2988]:   19:41:24.381  INFO zaino_serve::rpc::grpc::service: [TEST] received call, method: "get_lightd_info"
1791661284.381548 runnervmmprz5 zainod-0.9.0[2988]:     at packages/zaino-serve/src/rpc/grpc/service.rs:163
1791661284.385958 runnervmmprz5 zainod-0.9.0[2988]:   19:41:24.385  INFO zaino_serve::rpc::grpc::service: [TEST] received call, method: "get_block"
1791661284.385958 runnervmmprz5 zainod-0.9.0[2988]:     at packages/zaino-serve/src/rpc/grpc/service.rs:163
1791661284.387618 runnervmmprz5 zainod-0.9.0[2988]:   19:41:24.387  INFO zaino_serve::rpc::grpc::service: [TEST] received call, method: "get_block"
1791661284.387618 runnervmmprz5 zainod-0.9.0[2988]:     at packages/zaino-serve/src/rpc/grpc/service.rs:163
1791661287.654547 runnervmmprz5 zainod-0.9.0[2988]:   19:41:27.654  INFO zaino_state::chain_index::finalised_state::finalised_source::v1::write_core: write_blocks_to_height: syncing, current: 3379022, target: 4381896, zebra_network: Testnet
1791661287.654547 runnervmmprz5 zainod-0.9.0[2988]:     at packages/zaino-state/src/chain_index/finalised_state/finalised_source/v1/write_core.rs:215
1791661289.383930 runnervmmprz5 zainod-0.9.0[2988]:   19:41:29.383  INFO zaino_serve::rpc::grpc::service: [TEST] received call, method: "get_lightd_info"
1791661289.383930 runnervmmprz5 zainod-0.9.0[2988]:     at packages/zaino-serve/src/rpc/grpc/service.rs:163
1791661289.388561 runnervmmprz5 zainod-0.9.0[2988]:   19:41:29.388  INFO zaino_serve::rpc::grpc::service: [TEST] received call, method: "get_block"
1791661289.388561 runnervmmprz5 zainod-0.9.0[2988]:     at packages/zaino-serve/src/rpc/grpc/service.rs:163
1791661289.389639 runnervmmprz5 zainod-0.9.0[2988]:   19:41:29.389  INFO zaino_serve::rpc::grpc::service: [TEST] received call, method: "get_block"
1791661289.389639 runnervmmprz5 zainod-0.9.0[2988]:     at packages/zaino-serve/src/rpc/grpc/service.rs:163
1791661290.230513 runnervmmprz5 zainod-0.9.0[2988]:   19:41:30.230  INFO zainodlib::indexer: Zaino status check, chain_state: Ready, fs_mode: ephemeral(syncing), json_rpc: Ready, grpc: Ready
1791661290.230513 runnervmmprz5 zainod-0.9.0[2988]:     at packages/zainod/src/indexer.rs:310
1791661294.382084 runnervmmprz5 zainod-0.9.0[2988]:   19:41:34.382  INFO zaino_serve::rpc::grpc::service: [TEST] received call, method: "get_lightd_info"
1791661294.382084 runnervmmprz5 zainod-0.9.0[2988]:     at packages/zaino-serve/src/rpc/grpc/service.rs:163
1791661294.386812 runnervmmprz5 zainod-0.9.0[2988]:   19:41:34.386  INFO zaino_serve::rpc::grpc::service: [TEST] received call, method: "get_block"
1791661294.386812 runnervmmprz5 zainod-0.9.0[2988]:     at packages/zaino-serve/src/rpc/grpc/service.rs:163
1791661294.387620 runnervmmprz5 zainod-0.9.0[2988]:   19:41:34.387  INFO zaino_serve::rpc::grpc::service: [TEST] received call, method: "get_block"
1791661294.387620 runnervmmprz5 zainod-0.9.0[2988]:     at packages/zaino-serve/src/rpc/grpc/service.rs:163
1791661294.624142 runnervmmprz5 zainod-0.9.0[2988]:   19:41:34.624  INFO zaino_state::chain_index::finalised_state::finalised_source::v1::write_core: write_blocks_to_height: committed batch, height: 3299999, blocks: 100000
1791661294.624142 runnervmmprz5 zainod-0.9.0[2988]:     at packages/zaino-state/src/chain_index/finalised_state/finalised_source/v1/write_core.rs:650
1791661297.699661 runnervmmprz5 zainod-0.9.0[2988]:   19:41:37.699  INFO zaino_state::chain_index::finalised_state::finalised_source::v1::write_core: write_blocks_to_height: syncing, current: 3412200, target: 4381896, zebra_network: Testnet
1791661297.699661 runnervmmprz5 zainod-0.9.0[2988]:     at packages/zaino-state/src/chain_index/finalised_state/finalised_source/v1/write_core.rs:215
1791661299.381636 runnervmmprz5 zainod-0.9.0[2988]:   19:41:39.381  INFO zaino_serve::rpc::grpc::service: [TEST] received call, method: "get_lightd_info"
1791661299.381636 runnervmmprz5 zainod-0.9.0[2988]:     at packages/zaino-serve/src/rpc/grpc/service.rs:163
1791661299.385305 runnervmmprz5 zainod-0.9.0[2988]:   19:41:39.385  INFO zaino_serve::rpc::grpc::service: [TEST] received call, method: "get_block"
1791661299.385305 runnervmmprz5 zainod-0.9.0[2988]:     at packages/zaino-serve/src/rpc/grpc/service.rs:163
1791661299.386119 runnervmmprz5 zainod-0.9.0[2988]:   19:41:39.386  INFO zaino_serve::rpc::grpc::service: [TEST] received call, method: "get_block"
1791661299.386119 runnervmmprz5 zainod-0.9.0[2988]:     at packages/zaino-serve/src/rpc/grpc/service.rs:163
1791661300.330583 runnervmmprz5 zainod-0.9.0[2988]:   19:41:40.330  INFO zainodlib::indexer: Zaino status check, chain_state: Ready, fs_mode: ephemeral(syncing), json_rpc: Ready, grpc: Ready
1791661300.330583 runnervmmprz5 zainod-0.9.0[2988]:     at packages/zainod/src/indexer.rs:310
1791661304.385262 runnervmmprz5 zainod-0.9.0[2988]:   19:41:44.385  INFO zaino_serve::rpc::grpc::service: [TEST] received call, method: "get_lightd_info"
1791661304.385262 runnervmmprz5 zainod-0.9.0[2988]:     at packages/zaino-serve/src/rpc/grpc/service.rs:163
1791661304.390295 runnervmmprz5 zainod-0.9.0[2988]:   19:41:44.390  INFO zaino_serve::rpc::grpc::service: [TEST] received call, method: "get_block"
1791661304.390295 runnervmmprz5 zainod-0.9.0[2988]:     at packages/zaino-serve/src/rpc/grpc/service.rs:163
1791661304.391206 runnervmmprz5 zainod-0.9.0[2988]:   19:41:44.391  INFO zaino_serve::rpc::grpc::service: [TEST] received call, method: "get_block"
1791661304.391206 runnervmmprz5 zainod-0.9.0[2988]:     at packages/zaino-serve/src/rpc/grpc/service.rs:163
1791661307.701376 runnervmmprz5 zainod-0.9.0[2988]:   19:41:47.701  INFO zaino_state::chain_index::finalised_state::finalised_source::v1::write_core: write_blocks_to_height: syncing, current: 3436953, target: 4381896, zebra_network: Testnet
1791661307.701376 runnervmmprz5 zainod-0.9.0[2988]:     at packages/zaino-state/src/chain_index/finalised_state/finalised_source/v1/write_core.rs:215
1791661309.386840 runnervmmprz5 zainod-0.9.0[2988]:   19:41:49.386  INFO zaino_serve::rpc::grpc::service: [TEST] received call, method: "get_lightd_info"
1791661309.386840 runnervmmprz5 zainod-0.9.0[2988]:     at packages/zaino-serve/src/rpc/grpc/service.rs:163
1791661309.392392 runnervmmprz5 zainod-0.9.0[2988]:   19:41:49.392  INFO zaino_serve::rpc::grpc::service: [TEST] received call, method: "get_block"
1791661309.392392 runnervmmprz5 zainod-0.9.0[2988]:     at packages/zaino-serve/src/rpc/grpc/service.rs:163
1791661309.393093 runnervmmprz5 zainod-0.9.0[2988]:   19:41:49.393  INFO zaino_serve::rpc::grpc::service: [TEST] received call, method: "get_block"
1791661309.393093 runnervmmprz5 zainod-0.9.0[2988]:     at packages/zaino-serve/src/rpc/grpc/service.rs:163
1791661310.430601 runnervmmprz5 zainod-0.9.0[2988]:   19:41:50.430  INFO zainodlib::indexer: Zaino status check, chain_state: Ready, fs_mode: ephemeral(syncing), json_rpc: Ready, grpc: Ready
1791661310.430601 runnervmmprz5 zainod-0.9.0[2988]:     at packages/zainod/src/indexer.rs:310
1791661314.387088 runnervmmprz5 zainod-0.9.0[2988]:   19:41:54.387  INFO zaino_serve::rpc::grpc::service: [TEST] received call, method: "get_lightd_info"
1791661314.387088 runnervmmprz5 zainod-0.9.0[2988]:     at packages/zaino-serve/src/rpc/grpc/service.rs:163
1791661314.392648 runnervmmprz5 zainod-0.9.0[2988]:   19:41:54.392  INFO zaino_serve::rpc::grpc::service: [TEST] received call, method: "get_block"
1791661314.392648 runnervmmprz5 zainod-0.9.0[2988]:     at packages/zaino-serve/src/rpc/grpc/service.rs:163
1791661314.393516 runnervmmprz5 zainod-0.9.0[2988]:   19:41:54.393  INFO zaino_serve::rpc::grpc::service: [TEST] received call, method: "get_block"
1791661314.393516 runnervmmprz5 zainod-0.9.0[2988]:     at packages/zaino-serve/src/rpc/grpc/service.rs:163
1791661317.701636 runnervmmprz5 zainod-0.9.0[2988]:   19:41:57.701  INFO zaino_state::chain_index::finalised_state::finalised_source::v1::write_core: write_blocks_to_height: syncing, current: 3489015, target: 4381896, zebra_network: Testnet
1791661317.701636 runnervmmprz5 zainod-0.9.0[2988]:     at packages/zaino-state/src/chain_index/finalised_state/finalised_source/v1/write_core.rs:215
1791661319.389946 runnervmmprz5 zainod-0.9.0[2988]:   19:41:59.389  INFO zaino_serve::rpc::grpc::service: [TEST] received call, method: "get_lightd_info"
1791661319.389946 runnervmmprz5 zainod-0.9.0[2988]:     at packages/zaino-serve/src/rpc/grpc/service.rs:163
1791661319.395375 runnervmmprz5 zainod-0.9.0[2988]:   19:41:59.395  INFO zaino_serve::rpc::grpc::service: [TEST] received call, method: "get_block"
1791661319.395375 runnervmmprz5 zainod-0.9.0[2988]:     at packages/zaino-serve/src/rpc/grpc/service.rs:163
1791661319.396235 runnervmmprz5 zainod-0.9.0[2988]:   19:41:59.396  INFO zaino_serve::rpc::grpc::service: [TEST] received call, method: "get_block"
1791661319.396235 runnervmmprz5 zainod-0.9.0[2988]:     at packages/zaino-serve/src/rpc/grpc/service.rs:163
1791661319.707024 runnervmmprz5 zainod-0.9.0[2988]:   19:41:59.706  INFO zaino_state::chain_index::finalised_state::finalised_source::v1::write_core: write_blocks_to_height: committed batch, height: 3399999, blocks: 100000
1791661319.707024 runnervmmprz5 zainod-0.9.0[2988]:     at packages/zaino-state/src/chain_index/finalised_state/finalised_source/v1/write_core.rs:650
1791661320.530405 runnervmmprz5 zainod-0.9.0[2988]:   19:42:00.530  INFO zainodlib::indexer: Zaino status check, chain_state: Ready, fs_mode: ephemeral(syncing), json_rpc: Ready, grpc: Ready
1791661320.530405 runnervmmprz5 zainod-0.9.0[2988]:     at packages/zainod/src/indexer.rs:310
1791661324.381621 runnervmmprz5 zainod-0.9.0[2988]:   19:42:04.381  INFO zaino_serve::rpc::grpc::service: [TEST] received call, method: "get_lightd_info"
1791661324.381621 runnervmmprz5 zainod-0.9.0[2988]:     at packages/zaino-serve/src/rpc/grpc/service.rs:163
1791661324.385211 runnervmmprz5 zainod-0.9.0[2988]:   19:42:04.385  INFO zaino_serve::rpc::grpc::service: [TEST] received call, method: "get_block"
1791661324.385211 runnervmmprz5 zainod-0.9.0[2988]:     at packages/zaino-serve/src/rpc/grpc/service.rs:163
1791661324.385886 runnervmmprz5 zainod-0.9.0[2988]:   19:42:04.385  INFO zaino_serve::rpc::grpc::service: [TEST] received call, method: "get_block"
1791661324.385886 runnervmmprz5 zainod-0.9.0[2988]:     at packages/zaino-serve/src/rpc/grpc/service.rs:163
1791661327.701920 runnervmmprz5 zainod-0.9.0[2988]:   19:42:07.701  INFO zaino_state::chain_index::finalised_state::finalised_source::v1::write_core: write_blocks_to_height: syncing, current: 3513733, target: 4381896, zebra_network: Testnet
1791661327.701920 runnervmmprz5 zainod-0.9.0[2988]:     at packages/zaino-state/src/chain_index/finalised_state/finalised_source/v1/write_core.rs:215
1791661329.392358 runnervmmprz5 zainod-0.9.0[2988]:   19:42:09.392  INFO zaino_serve::rpc::grpc::service: [TEST] received call, method: "get_lightd_info"
1791661329.392358 runnervmmprz5 zainod-0.9.0[2988]:     at packages/zaino-serve/src/rpc/grpc/service.rs:163
1791661329.397249 runnervmmprz5 zainod-0.9.0[2988]:   19:42:09.397  INFO zaino_serve::rpc::grpc::service: [TEST] received call, method: "get_block"
1791661329.397249 runnervmmprz5 zainod-0.9.0[2988]:     at packages/zaino-serve/src/rpc/grpc/service.rs:163
1791661329.398176 runnervmmprz5 zainod-0.9.0[2988]:   19:42:09.398  INFO zaino_serve::rpc::grpc::service: [TEST] received call, method: "get_block"
1791661329.398176 runnervmmprz5 zainod-0.9.0[2988]:     at packages/zaino-serve/src/rpc/grpc/service.rs:163
1791661330.630583 runnervmmprz5 zainod-0.9.0[2988]:   19:42:10.630  INFO zainodlib::indexer: Zaino status check, chain_state: Ready, fs_mode: ephemeral(syncing), json_rpc: Ready, grpc: Ready
1791661330.630583 runnervmmprz5 zainod-0.9.0[2988]:     at packages/zainod/src/indexer.rs:310
1791661334.385518 runnervmmprz5 zainod-0.9.0[2988]:   19:42:14.385  INFO zaino_serve::rpc::grpc::service: [TEST] received call, method: "get_lightd_info"
1791661334.385518 runnervmmprz5 zainod-0.9.0[2988]:     at packages/zaino-serve/src/rpc/grpc/service.rs:163
1791661334.390505 runnervmmprz5 zainod-0.9.0[2988]:   19:42:14.390  INFO zaino_serve::rpc::grpc::service: [TEST] received call, method: "get_block"
1791661334.390505 runnervmmprz5 zainod-0.9.0[2988]:     at packages/zaino-serve/src/rpc/grpc/service.rs:163
1791661334.391577 runnervmmprz5 zainod-0.9.0[2988]:   19:42:14.391  INFO zaino_serve::rpc::grpc::service: [TEST] received call, method: "get_block"
1791661334.391577 runnervmmprz5 zainod-0.9.0[2988]:     at packages/zaino-serve/src/rpc/grpc/service.rs:163
1791661337.702612 runnervmmprz5 zainod-0.9.0[2988]:   19:42:17.702  INFO zaino_state::chain_index::finalised_state::finalised_source::v1::write_core: write_blocks_to_height: syncing, current: 3545632, target: 4381896, zebra_network: Testnet
1791661337.702612 runnervmmprz5 zainod-0.9.0[2988]:     at packages/zaino-state/src/chain_index/finalised_state/finalised_source/v1/write_core.rs:215
1791661339.389047 runnervmmprz5 zainod-0.9.0[2988]:   19:42:19.388  INFO zaino_serve::rpc::grpc::service: [TEST] received call, method: "get_lightd_info"
1791661339.389047 runnervmmprz5 zainod-0.9.0[2988]:     at packages/zaino-serve/src/rpc/grpc/service.rs:163
1791661339.393093 runnervmmprz5 zainod-0.9.0[2988]:   19:42:19.393  INFO zaino_serve::rpc::grpc::service: [TEST] received call, method: "get_block"
1791661339.393093 runnervmmprz5 zainod-0.9.0[2988]:     at packages/zaino-serve/src/rpc/grpc/service.rs:163
1791661339.393821 runnervmmprz5 zainod-0.9.0[2988]:   19:42:19.393  INFO zaino_serve::rpc::grpc::service: [TEST] received call, method: "get_block"
1791661339.393821 runnervmmprz5 zainod-0.9.0[2988]:     at packages/zaino-serve/src/rpc/grpc/service.rs:163
1791661340.730197 runnervmmprz5 zainod-0.9.0[2988]:   19:42:20.730  INFO zainodlib::indexer: Zaino status check, chain_state: Ready, fs_mode: ephemeral(syncing), json_rpc: Ready, grpc: Ready
1791661340.730197 runnervmmprz5 zainod-0.9.0[2988]:     at packages/zainod/src/indexer.rs:310
1791661344.387665 runnervmmprz5 zainod-0.9.0[2988]:   19:42:24.387  INFO zaino_serve::rpc::grpc::service: [TEST] received call, method: "get_lightd_info"
1791661344.387665 runnervmmprz5 zainod-0.9.0[2988]:     at packages/zaino-serve/src/rpc/grpc/service.rs:163
1791661344.392117 runnervmmprz5 zainod-0.9.0[2988]:   19:42:24.392  INFO zaino_serve::rpc::grpc::service: [TEST] received call, method: "get_block"
1791661344.392117 runnervmmprz5 zainod-0.9.0[2988]:     at packages/zaino-serve/src/rpc/grpc/service.rs:163
1791661344.392874 runnervmmprz5 zainod-0.9.0[2988]:   19:42:24.392  INFO zaino_serve::rpc::grpc::service: [TEST] received call, method: "get_block"
1791661344.392874 runnervmmprz5 zainod-0.9.0[2988]:     at packages/zaino-serve/src/rpc/grpc/service.rs:163
1791661347.703617 runnervmmprz5 zainod-0.9.0[2988]:   19:42:27.703  INFO zaino_state::chain_index::finalised_state::finalised_source::v1::write_core: write_blocks_to_height: syncing, current: 3564655, target: 4381896, zebra_network: Testnet
1791661347.703617 runnervmmprz5 zainod-0.9.0[2988]:     at packages/zaino-state/src/chain_index/finalised_state/finalised_source/v1/write_core.rs:215
1791661349.389480 runnervmmprz5 zainod-0.9.0[2988]:   19:42:29.389  INFO zaino_serve::rpc::grpc::service: [TEST] received call, method: "get_lightd_info"
1791661349.389480 runnervmmprz5 zainod-0.9.0[2988]:     at packages/zaino-serve/src/rpc/grpc/service.rs:163
1791661349.393546 runnervmmprz5 zainod-0.9.0[2988]:   19:42:29.393  INFO zaino_serve::rpc::grpc::service: [TEST] received call, method: "get_block"
1791661349.393546 runnervmmprz5 zainod-0.9.0[2988]:     at packages/zaino-serve/src/rpc/grpc/service.rs:163
1791661349.394337 runnervmmprz5 zainod-0.9.0[2988]:   19:42:29.394  INFO zaino_serve::rpc::grpc::service: [TEST] received call, method: "get_block"
1791661349.394337 runnervmmprz5 zainod-0.9.0[2988]:     at packages/zaino-serve/src/rpc/grpc/service.rs:163
1791661350.730491 runnervmmprz5 zainod-0.9.0[2988]:   19:42:30.730  INFO zainodlib::indexer: Zaino status check, chain_state: Ready, fs_mode: ephemeral(syncing), json_rpc: Ready, grpc: Ready
1791661350.730491 runnervmmprz5 zainod-0.9.0[2988]:     at packages/zainod/src/indexer.rs:310
1791661354.388570 runnervmmprz5 zainod-0.9.0[2988]:   19:42:34.388  INFO zaino_serve::rpc::grpc::service: [TEST] received call, method: "get_lightd_info"
1791661354.388570 runnervmmprz5 zainod-0.9.0[2988]:     at packages/zaino-serve/src/rpc/grpc/service.rs:163
1791661354.393259 runnervmmprz5 zainod-0.9.0[2988]:   19:42:34.393  INFO zaino_serve::rpc::grpc::service: [TEST] received call, method: "get_block"
1791661354.393259 runnervmmprz5 zainod-0.9.0[2988]:     at packages/zaino-serve/src/rpc/grpc/service.rs:163
1791661354.394023 runnervmmprz5 zainod-0.9.0[2988]:   19:42:34.393  INFO zaino_serve::rpc::grpc::service: [TEST] received call, method: "get_block"
1791661354.394023 runnervmmprz5 zainod-0.9.0[2988]:     at packages/zaino-serve/src/rpc/grpc/service.rs:163
1791661357.704071 runnervmmprz5 zainod-0.9.0[2988]:   19:42:37.704  INFO zaino_state::chain_index::finalised_state::finalised_source::v1::write_core: write_blocks_to_height: syncing, current: 3583975, target: 4381896, zebra_network: Testnet
1791661357.704071 runnervmmprz5 zainod-0.9.0[2988]:     at packages/zaino-state/src/chain_index/finalised_state/finalised_source/v1/write_core.rs:215
1791661359.391473 runnervmmprz5 zainod-0.9.0[2988]:   19:42:39.391  INFO zaino_serve::rpc::grpc::service: [TEST] received call, method: "get_lightd_info"
1791661359.391473 runnervmmprz5 zainod-0.9.0[2988]:     at packages/zaino-serve/src/rpc/grpc/service.rs:163
1791661359.396087 runnervmmprz5 zainod-0.9.0[2988]:   19:42:39.396  INFO zaino_serve::rpc::grpc::service: [TEST] received call, method: "get_block"
1791661359.396087 runnervmmprz5 zainod-0.9.0[2988]:     at packages/zaino-serve/src/rpc/grpc/service.rs:163
1791661359.396743 runnervmmprz5 zainod-0.9.0[2988]:   19:42:39.396  INFO zaino_serve::rpc::grpc::service: [TEST] received call, method: "get_block"
1791661359.396743 runnervmmprz5 zainod-0.9.0[2988]:     at packages/zaino-serve/src/rpc/grpc/service.rs:163
1791661360.829982 runnervmmprz5 zainod-0.9.0[2988]:   19:42:40.829  INFO zainodlib::indexer: Zaino status check, chain_state: Ready, fs_mode: ephemeral(syncing), json_rpc: Ready, grpc: Ready
1791661360.829982 runnervmmprz5 zainod-0.9.0[2988]:     at packages/zainod/src/indexer.rs:310
1791661363.968401 runnervmmprz5 zainod-0.9.0[2988]:   19:42:43.968  INFO zaino_state::chain_index::finalised_state::finalised_source::v1::write_core: write_blocks_to_height: committed batch, height: 3499999, blocks: 100000
1791661363.968401 runnervmmprz5 zainod-0.9.0[2988]:     at packages/zaino-state/src/chain_index/finalised_state/finalised_source/v1/write_core.rs:650
1791661364.389968 runnervmmprz5 zainod-0.9.0[2988]:   19:42:44.389  INFO zaino_serve::rpc::grpc::service: [TEST] received call, method: "get_lightd_info"
1791661364.389968 runnervmmprz5 zainod-0.9.0[2988]:     at packages/zaino-serve/src/rpc/grpc/service.rs:163
1791661364.395367 runnervmmprz5 zainod-0.9.0[2988]:   19:42:44.395  INFO zaino_serve::rpc::grpc::service: [TEST] received call, method: "get_block"
1791661364.395367 runnervmmprz5 zainod-0.9.0[2988]:     at packages/zaino-serve/src/rpc/grpc/service.rs:163
1791661364.396197 runnervmmprz5 zainod-0.9.0[2988]:   19:42:44.396  INFO zaino_serve::rpc::grpc::service: [TEST] received call, method: "get_block"
1791661364.396197 runnervmmprz5 zainod-0.9.0[2988]:     at packages/zaino-serve/src/rpc/grpc/service.rs:163
1791661367.738621 runnervmmprz5 zainod-0.9.0[2988]:   19:42:47.738  INFO zaino_state::chain_index::finalised_state::finalised_source::v1::write_core: write_blocks_to_height: syncing, current: 3607223, target: 4381896, zebra_network: Testnet
1791661367.738621 runnervmmprz5 zainod-0.9.0[2988]:     at packages/zaino-state/src/chain_index/finalised_state/finalised_source/v1/write_core.rs:215
1791661369.387484 runnervmmprz5 zainod-0.9.0[2988]:   19:42:49.387  INFO zaino_serve::rpc::grpc::service: [TEST] received call, method: "get_lightd_info"
1791661369.387484 runnervmmprz5 zainod-0.9.0[2988]:     at packages/zaino-serve/src/rpc/grpc/service.rs:163
1791661369.391013 runnervmmprz5 zainod-0.9.0[2988]:   19:42:49.390  INFO zaino_serve::rpc::grpc::service: [TEST] received call, method: "get_block"
1791661369.391013 runnervmmprz5 zainod-0.9.0[2988]:     at packages/zaino-serve/src/rpc/grpc/service.rs:163
1791661369.391656 runnervmmprz5 zainod-0.9.0[2988]:   19:42:49.391  INFO zaino_serve::rpc::grpc::service: [TEST] received call, method: "get_block"
1791661369.391656 runnervmmprz5 zainod-0.9.0[2988]:     at packages/zaino-serve/src/rpc/grpc/service.rs:163
1791661370.830169 runnervmmprz5 zainod-0.9.0[2988]:   19:42:50.830  INFO zainodlib::indexer: Zaino status check, chain_state: Ready, fs_mode: ephemeral(syncing), json_rpc: Ready, grpc: Ready
1791661370.830169 runnervmmprz5 zainod-0.9.0[2988]:     at packages/zainod/src/indexer.rs:310
1791661374.603018 runnervmmprz5 zainod-0.9.0[2988]:   19:42:54.602  INFO zaino_serve::rpc::grpc::service: [TEST] received call, method: "get_lightd_info"
1791661374.603018 runnervmmprz5 zainod-0.9.0[2988]:     at packages/zaino-serve/src/rpc/grpc/service.rs:163
1791661374.607895 runnervmmprz5 zainod-0.9.0[2988]:   19:42:54.607  INFO zaino_serve::rpc::grpc::service: [TEST] received call, method: "get_block"
1791661374.607895 runnervmmprz5 zainod-0.9.0[2988]:     at packages/zaino-serve/src/rpc/grpc/service.rs:163
1791661374.608922 runnervmmprz5 zainod-0.9.0[2988]:   19:42:54.608  INFO zaino_serve::rpc::grpc::service: [TEST] received call, method: "get_block"
1791661374.608922 runnervmmprz5 zainod-0.9.0[2988]:     at packages/zaino-serve/src/rpc/grpc/service.rs:163
1791661377.739342 runnervmmprz5 zainod-0.9.0[2988]:   19:42:57.739  INFO zaino_state::chain_index::finalised_state::finalised_source::v1::write_core: write_blocks_to_height: syncing, current: 3622544, target: 4381896, zebra_network: Testnet
1791661377.739342 runnervmmprz5 zainod-0.9.0[2988]:     at packages/zaino-state/src/chain_index/finalised_state/finalised_source/v1/write_core.rs:215
1791661379.606021 runnervmmprz5 zainod-0.9.0[2988]:   19:42:59.605  INFO zaino_serve::rpc::grpc::service: [TEST] received call, method: "get_lightd_info"
1791661379.606021 runnervmmprz5 zainod-0.9.0[2988]:     at packages/zaino-serve/src/rpc/grpc/service.rs:163
1791661379.610835 runnervmmprz5 zainod-0.9.0[2988]:   19:42:59.610  INFO zaino_serve::rpc::grpc::service: [TEST] received call, method: "get_block"
1791661379.610835 runnervmmprz5 zainod-0.9.0[2988]:     at packages/zaino-serve/src/rpc/grpc/service.rs:163
1791661379.611743 runnervmmprz5 zainod-0.9.0[2988]:   19:42:59.611  INFO zaino_serve::rpc::grpc::service: [TEST] received call, method: "get_block"
1791661379.611743 runnervmmprz5 zainod-0.9.0[2988]:     at packages/zaino-serve/src/rpc/grpc/service.rs:163
1791661380.830470 runnervmmprz5 zainod-0.9.0[2988]:   19:43:00.830  INFO zainodlib::indexer: Zaino status check, chain_state: Ready, fs_mode: ephemeral(syncing), json_rpc: Ready, grpc: Ready
1791661380.830470 runnervmmprz5 zainod-0.9.0[2988]:     at packages/zainod/src/indexer.rs:310
1791661384.605134 runnervmmprz5 zainod-0.9.0[2988]:   19:43:04.605  INFO zaino_serve::rpc::grpc::service: [TEST] received call, method: "get_lightd_info"
1791661384.605134 runnervmmprz5 zainod-0.9.0[2988]:     at packages/zaino-serve/src/rpc/grpc/service.rs:163
1791661384.609602 runnervmmprz5 zainod-0.9.0[2988]:   19:43:04.609  INFO zaino_serve::rpc::grpc::service: [TEST] received call, method: "get_block"
1791661384.609602 runnervmmprz5 zainod-0.9.0[2988]:     at packages/zaino-serve/src/rpc/grpc/service.rs:163
1791661384.610360 runnervmmprz5 zainod-0.9.0[2988]:   19:43:04.610  INFO zaino_serve::rpc::grpc::service: [TEST] received call, method: "get_block"
1791661384.610360 runnervmmprz5 zainod-0.9.0[2988]:     at packages/zaino-serve/src/rpc/grpc/service.rs:163
1791661387.739618 runnervmmprz5 zainod-0.9.0[2988]:   19:43:07.739  INFO zaino_state::chain_index::finalised_state::finalised_source::v1::write_core: write_blocks_to_height: syncing, current: 3658295, target: 4381896, zebra_network: Testnet
1791661387.739618 runnervmmprz5 zainod-0.9.0[2988]:     at packages/zaino-state/src/chain_index/finalised_state/finalised_source/v1/write_core.rs:215
1791661389.607571 runnervmmprz5 zainod-0.9.0[2988]:   19:43:09.607  INFO zaino_serve::rpc::grpc::service: [TEST] received call, method: "get_lightd_info"
1791661389.607571 runnervmmprz5 zainod-0.9.0[2988]:     at packages/zaino-serve/src/rpc/grpc/service.rs:163
1791661389.612239 runnervmmprz5 zainod-0.9.0[2988]:   19:43:09.612  INFO zaino_serve::rpc::grpc::service: [TEST] received call, method: "get_block"
1791661389.612239 runnervmmprz5 zainod-0.9.0[2988]:     at packages/zaino-serve/src/rpc/grpc/service.rs:163
1791661389.613067 runnervmmprz5 zainod-0.9.0[2988]:   19:43:09.613  INFO zaino_serve::rpc::grpc::service: [TEST] received call, method: "get_block"
1791661389.613067 runnervmmprz5 zainod-0.9.0[2988]:     at packages/zaino-serve/src/rpc/grpc/service.rs:163
1791661390.930029 runnervmmprz5 zainod-0.9.0[2988]:   19:43:10.929  INFO zainodlib::indexer: Zaino status check, chain_state: Ready, fs_mode: ephemeral(syncing), json_rpc: Ready, grpc: Ready
1791661390.930029 runnervmmprz5 zainod-0.9.0[2988]:     at packages/zainod/src/indexer.rs:310
1791661394.603720 runnervmmprz5 zainod-0.9.0[2988]:   19:43:14.603  INFO zaino_serve::rpc::grpc::service: [TEST] received call, method: "get_lightd_info"
1791661394.603720 runnervmmprz5 zainod-0.9.0[2988]:     at packages/zaino-serve/src/rpc/grpc/service.rs:163
1791661394.607406 runnervmmprz5 zainod-0.9.0[2988]:   19:43:14.607  INFO zaino_serve::rpc::grpc::service: [TEST] received call, method: "get_block"
1791661394.607406 runnervmmprz5 zainod-0.9.0[2988]:     at packages/zaino-serve/src/rpc/grpc/service.rs:163
1791661394.608229 runnervmmprz5 zainod-0.9.0[2988]:   19:43:14.608  INFO zaino_serve::rpc::grpc::service: [TEST] received call, method: "get_block"
1791661394.608229 runnervmmprz5 zainod-0.9.0[2988]:     at packages/zaino-serve/src/rpc/grpc/service.rs:163
1791661397.739786 runnervmmprz5 zainod-0.9.0[2988]:   19:43:17.739  INFO zaino_state::chain_index::finalised_state::finalised_source::v1::write_core: write_blocks_to_height: syncing, current: 3691790, target: 4381896, zebra_network: Testnet
1791661397.739786 runnervmmprz5 zainod-0.9.0[2988]:     at packages/zaino-state/src/chain_index/finalised_state/finalised_source/v1/write_core.rs:215
1791661399.609239 runnervmmprz5 zainod-0.9.0[2988]:   19:43:19.609  INFO zaino_serve::rpc::grpc::service: [TEST] received call, method: "get_lightd_info"
1791661399.609239 runnervmmprz5 zainod-0.9.0[2988]:     at packages/zaino-serve/src/rpc/grpc/service.rs:163
1791661399.615280 runnervmmprz5 zainod-0.9.0[2988]:   19:43:19.615  INFO zaino_serve::rpc::grpc::service: [TEST] received call, method: "get_block"
1791661399.615280 runnervmmprz5 zainod-0.9.0[2988]:     at packages/zaino-serve/src/rpc/grpc/service.rs:163
1791661399.616159 runnervmmprz5 zainod-0.9.0[2988]:   19:43:19.616  INFO zaino_serve::rpc::grpc::service: [TEST] received call, method: "get_block"
1791661399.616159 runnervmmprz5 zainod-0.9.0[2988]:     at packages/zaino-serve/src/rpc/grpc/service.rs:163
1791661400.094196 runnervmmprz5 zainod-0.9.0[2988]:   19:43:20.094  INFO zaino_state::chain_index::finalised_state::finalised_source::v1::write_core: write_blocks_to_height: committed batch, height: 3599999, blocks: 100000
1791661400.094196 runnervmmprz5 zainod-0.9.0[2988]:     at packages/zaino-state/src/chain_index/finalised_state/finalised_source/v1/write_core.rs:650
1791661401.030112 runnervmmprz5 zainod-0.9.0[2988]:   19:43:21.030  INFO zainodlib::indexer: Zaino status check, chain_state: Ready, fs_mode: ephemeral(syncing), json_rpc: Ready, grpc: Ready
1791661401.030112 runnervmmprz5 zainod-0.9.0[2988]:     at packages/zainod/src/indexer.rs:310
1791661404.602016 runnervmmprz5 zainod-0.9.0[2988]:   19:43:24.601  INFO zaino_serve::rpc::grpc::service: [TEST] received call, method: "get_lightd_info"
1791661404.602016 runnervmmprz5 zainod-0.9.0[2988]:     at packages/zaino-serve/src/rpc/grpc/service.rs:163
1791661404.605545 runnervmmprz5 zainod-0.9.0[2988]:   19:43:24.605  INFO zaino_serve::rpc::grpc::service: [TEST] received call, method: "get_block"
1791661404.605545 runnervmmprz5 zainod-0.9.0[2988]:     at packages/zaino-serve/src/rpc/grpc/service.rs:163
1791661404.606319 runnervmmprz5 zainod-0.9.0[2988]:   19:43:24.606  INFO zaino_serve::rpc::grpc::service: [TEST] received call, method: "get_block"
1791661404.606319 runnervmmprz5 zainod-0.9.0[2988]:     at packages/zaino-serve/src/rpc/grpc/service.rs:163
1791661407.749472 runnervmmprz5 zainod-0.9.0[2988]:   19:43:27.749  INFO zaino_state::chain_index::finalised_state::finalised_source::v1::write_core: write_blocks_to_height: syncing, current: 3708579, target: 4381896, zebra_network: Testnet
1791661407.749472 runnervmmprz5 zainod-0.9.0[2988]:     at packages/zaino-state/src/chain_index/finalised_state/finalised_source/v1/write_core.rs:215
1791661409.607439 runnervmmprz5 zainod-0.9.0[2988]:   19:43:29.607  INFO zaino_serve::rpc::grpc::service: [TEST] received call, method: "get_lightd_info"
1791661409.607439 runnervmmprz5 zainod-0.9.0[2988]:     at packages/zaino-serve/src/rpc/grpc/service.rs:163
1791661409.611841 runnervmmprz5 zainod-0.9.0[2988]:   19:43:29.611  INFO zaino_serve::rpc::grpc::service: [TEST] received call, method: "get_block"
1791661409.611841 runnervmmprz5 zainod-0.9.0[2988]:     at packages/zaino-serve/src/rpc/grpc/service.rs:163
1791661409.612492 runnervmmprz5 zainod-0.9.0[2988]:   19:43:29.612  INFO zaino_serve::rpc::grpc::service: [TEST] received call, method: "get_block"
1791661409.612492 runnervmmprz5 zainod-0.9.0[2988]:     at packages/zaino-serve/src/rpc/grpc/service.rs:163
1791661411.130468 runnervmmprz5 zainod-0.9.0[2988]:   19:43:31.130  INFO zainodlib::indexer: Zaino status check, chain_state: Ready, fs_mode: ephemeral(syncing), json_rpc: Ready, grpc: Ready
1791661411.130468 runnervmmprz5 zainod-0.9.0[2988]:     at packages/zainod/src/indexer.rs:310
1791661414.606030 runnervmmprz5 zainod-0.9.0[2988]:   19:43:34.605  INFO zaino_serve::rpc::grpc::service: [TEST] received call, method: "get_lightd_info"
1791661414.606030 runnervmmprz5 zainod-0.9.0[2988]:     at packages/zaino-serve/src/rpc/grpc/service.rs:163
1791661414.610414 runnervmmprz5 zainod-0.9.0[2988]:   19:43:34.610  INFO zaino_serve::rpc::grpc::service: [TEST] received call, method: "get_block"
1791661414.610414 runnervmmprz5 zainod-0.9.0[2988]:     at packages/zaino-serve/src/rpc/grpc/service.rs:163
1791661414.611235 runnervmmprz5 zainod-0.9.0[2988]:   19:43:34.611  INFO zaino_serve::rpc::grpc::service: [TEST] received call, method: "get_block"
1791661414.611235 runnervmmprz5 zainod-0.9.0[2988]:     at packages/zaino-serve/src/rpc/grpc/service.rs:163
1791661417.750096 runnervmmprz5 zainod-0.9.0[2988]:   19:43:37.750  INFO zaino_state::chain_index::finalised_state::finalised_source::v1::write_core: write_blocks_to_height: syncing, current: 3726705, target: 4381896, zebra_network: Testnet
1791661417.750096 runnervmmprz5 zainod-0.9.0[2988]:     at packages/zaino-state/src/chain_index/finalised_state/finalised_source/v1/write_core.rs:215
1791661419.608477 runnervmmprz5 zainod-0.9.0[2988]:   19:43:39.608  INFO zaino_serve::rpc::grpc::service: [TEST] received call, method: "get_lightd_info"
1791661419.608477 runnervmmprz5 zainod-0.9.0[2988]:     at packages/zaino-serve/src/rpc/grpc/service.rs:163
1791661419.613587 runnervmmprz5 zainod-0.9.0[2988]:   19:43:39.613  INFO zaino_serve::rpc::grpc::service: [TEST] received call, method: "get_block"
1791661419.613587 runnervmmprz5 zainod-0.9.0[2988]:     at packages/zaino-serve/src/rpc/grpc/service.rs:163
1791661419.614557 runnervmmprz5 zainod-0.9.0[2988]:   19:43:39.614  INFO zaino_serve::rpc::grpc::service: [TEST] received call, method: "get_block"
1791661419.614557 runnervmmprz5 zainod-0.9.0[2988]:     at packages/zaino-serve/src/rpc/grpc/service.rs:163
1791661421.230251 runnervmmprz5 zainod-0.9.0[2988]:   19:43:41.230  INFO zainodlib::indexer: Zaino status check, chain_state: Ready, fs_mode: ephemeral(syncing), json_rpc: Ready, grpc: Ready
1791661421.230251 runnervmmprz5 zainod-0.9.0[2988]:     at packages/zainod/src/indexer.rs:310
1791661424.609250 runnervmmprz5 zainod-0.9.0[2988]:   19:43:44.609  INFO zaino_serve::rpc::grpc::service: [TEST] received call, method: "get_lightd_info"
1791661424.609250 runnervmmprz5 zainod-0.9.0[2988]:     at packages/zaino-serve/src/rpc/grpc/service.rs:163
1791661424.613691 runnervmmprz5 zainod-0.9.0[2988]:   19:43:44.613  INFO zaino_serve::rpc::grpc::service: [TEST] received call, method: "get_block"
1791661424.613691 runnervmmprz5 zainod-0.9.0[2988]:     at packages/zaino-serve/src/rpc/grpc/service.rs:163
1791661424.614878 runnervmmprz5 zainod-0.9.0[2988]:   19:43:44.614  INFO zaino_serve::rpc::grpc::service: [TEST] received call, method: "get_block"
1791661424.614878 runnervmmprz5 zainod-0.9.0[2988]:     at packages/zaino-serve/src/rpc/grpc/service.rs:163
1791661427.750512 runnervmmprz5 zainod-0.9.0[2988]:   19:43:47.750  INFO zaino_state::chain_index::finalised_state::finalised_source::v1::write_core: write_blocks_to_height: syncing, current: 3752904, target: 4381896, zebra_network: Testnet
1791661427.750512 runnervmmprz5 zainod-0.9.0[2988]:     at packages/zaino-state/src/chain_index/finalised_state/finalised_source/v1/write_core.rs:215
1791661429.610538 runnervmmprz5 zainod-0.9.0[2988]:   19:43:49.610  INFO zaino_serve::rpc::grpc::service: [TEST] received call, method: "get_lightd_info"
1791661429.610538 runnervmmprz5 zainod-0.9.0[2988]:     at packages/zaino-serve/src/rpc/grpc/service.rs:163
1791661429.614920 runnervmmprz5 zainod-0.9.0[2988]:   19:43:49.614  INFO zaino_serve::rpc::grpc::service: [TEST] received call, method: "get_block"
1791661429.614920 runnervmmprz5 zainod-0.9.0[2988]:     at packages/zaino-serve/src/rpc/grpc/service.rs:163
1791661429.615763 runnervmmprz5 zainod-0.9.0[2988]:   19:43:49.615  INFO zaino_serve::rpc::grpc::service: [TEST] received call, method: "get_block"
1791661429.615763 runnervmmprz5 zainod-0.9.0[2988]:     at packages/zaino-serve/src/rpc/grpc/service.rs:163
1791661431.230618 runnervmmprz5 zainod-0.9.0[2988]:   19:43:51.230  INFO zainodlib::indexer: Zaino status check, chain_state: Ready, fs_mode: ephemeral(syncing), json_rpc: Ready, grpc: Ready
1791661431.230618 runnervmmprz5 zainod-0.9.0[2988]:     at packages/zainod/src/indexer.rs:310
1791661434.609885 runnervmmprz5 zainod-0.9.0[2988]:   19:43:54.609  INFO zaino_serve::rpc::grpc::service: [TEST] received call, method: "get_lightd_info"
1791661434.609885 runnervmmprz5 zainod-0.9.0[2988]:     at packages/zaino-serve/src/rpc/grpc/service.rs:163
1791661434.614695 runnervmmprz5 zainod-0.9.0[2988]:   19:43:54.614  INFO zaino_serve::rpc::grpc::service: [TEST] received call, method: "get_block"
1791661434.614695 runnervmmprz5 zainod-0.9.0[2988]:     at packages/zaino-serve/src/rpc/grpc/service.rs:163
1791661434.615414 runnervmmprz5 zainod-0.9.0[2988]:   19:43:54.615  INFO zaino_serve::rpc::grpc::service: [TEST] received call, method: "get_block"
1791661434.615414 runnervmmprz5 zainod-0.9.0[2988]:     at packages/zaino-serve/src/rpc/grpc/service.rs:163
1791661437.750605 runnervmmprz5 zainod-0.9.0[2988]:   19:43:57.750  INFO zaino_state::chain_index::finalised_state::finalised_source::v1::write_core: write_blocks_to_height: syncing, current: 3781200, target: 4381896, zebra_network: Testnet
1791661437.750605 runnervmmprz5 zainod-0.9.0[2988]:     at packages/zaino-state/src/chain_index/finalised_state/finalised_source/v1/write_core.rs:215
1791661439.611417 runnervmmprz5 zainod-0.9.0[2988]:   19:43:59.611  INFO zaino_serve::rpc::grpc::service: [TEST] received call, method: "get_lightd_info"
1791661439.611417 runnervmmprz5 zainod-0.9.0[2988]:     at packages/zaino-serve/src/rpc/grpc/service.rs:163
1791661439.616258 runnervmmprz5 zainod-0.9.0[2988]:   19:43:59.616  INFO zaino_serve::rpc::grpc::service: [TEST] received call, method: "get_block"
1791661439.616258 runnervmmprz5 zainod-0.9.0[2988]:     at packages/zaino-serve/src/rpc/grpc/service.rs:163
1791661439.617200 runnervmmprz5 zainod-0.9.0[2988]:   19:43:59.617  INFO zaino_serve::rpc::grpc::service: [TEST] received call, method: "get_block"
1791661439.617200 runnervmmprz5 zainod-0.9.0[2988]:     at packages/zaino-serve/src/rpc/grpc/service.rs:163
1791661441.330083 runnervmmprz5 zainod-0.9.0[2988]:   19:44:01.330  INFO zainodlib::indexer: Zaino status check, chain_state: Ready, fs_mode: ephemeral(syncing), json_rpc: Ready, grpc: Ready
1791661441.330083 runnervmmprz5 zainod-0.9.0[2988]:     at packages/zainod/src/indexer.rs:310
1791661442.649683 runnervmmprz5 zainod-0.9.0[2988]:   19:44:02.649  INFO zaino_state::chain_index::finalised_state::finalised_source::v1::write_core: write_blocks_to_height: committed batch, height: 3699999, blocks: 100000
1791661442.649683 runnervmmprz5 zainod-0.9.0[2988]:     at packages/zaino-state/src/chain_index/finalised_state/finalised_source/v1/write_core.rs:650
1791661444.615488 runnervmmprz5 zainod-0.9.0[2988]:   19:44:04.615  INFO zaino_serve::rpc::grpc::service: [TEST] received call, method: "get_lightd_info"
1791661444.615488 runnervmmprz5 zainod-0.9.0[2988]:     at packages/zaino-serve/src/rpc/grpc/service.rs:163
1791661444.621645 runnervmmprz5 zainod-0.9.0[2988]:   19:44:04.621  INFO zaino_serve::rpc::grpc::service: [TEST] received call, method: "get_block"
1791661444.621645 runnervmmprz5 zainod-0.9.0[2988]:     at packages/zaino-serve/src/rpc/grpc/service.rs:163
1791661444.622838 runnervmmprz5 zainod-0.9.0[2988]:   19:44:04.622  INFO zaino_serve::rpc::grpc::service: [TEST] received call, method: "get_block"
1791661444.622838 runnervmmprz5 zainod-0.9.0[2988]:     at packages/zaino-serve/src/rpc/grpc/service.rs:163
1791661447.788948 runnervmmprz5 zainod-0.9.0[2988]:   19:44:07.788  INFO zaino_state::chain_index::finalised_state::finalised_source::v1::write_core: write_blocks_to_height: syncing, current: 3811555, target: 4381896, zebra_network: Testnet
1791661447.788948 runnervmmprz5 zainod-0.9.0[2988]:     at packages/zaino-state/src/chain_index/finalised_state/finalised_source/v1/write_core.rs:215
1791661452.427856 runnervmmprz5 zainod-0.9.0[2988]:   19:44:12.427  WARN metrics_exporter_prometheus::exporter::http_listener: Error serving connection., error: hyper::Error(IncompleteMessage)
1791661452.427856 runnervmmprz5 zainod-0.9.0[2988]:     at /home/runner/.cargo/registry/src/index.crates.io-1949cf8c6b5b557f/metrics-exporter-prometheus-0.18.3/src/exporter/http_listener.rs:79
1791661452.427856 runnervmmprz5 zainod-0.9.0[2988]:   19:44:12.427  INFO zainodlib::indexer: Zaino status check, chain_state: Syncing, fs_mode: ephemeral(syncing), json_rpc: Ready, grpc: Ready
1791661452.427856 runnervmmprz5 zainod-0.9.0[2988]:     at packages/zainod/src/indexer.rs:310
1791661452.427856 runnervmmprz5 zainod-0.9.0[2988]:   19:44:12.427  INFO zaino_serve::rpc::grpc::service: [TEST] received call, method: "get_lightd_info"
1791661452.427856 runnervmmprz5 zainod-0.9.0[2988]:     at packages/zaino-serve/src/rpc/grpc/service.rs:163
1791661452.434735 runnervmmprz5 zainod-0.9.0[2988]:   19:44:12.434  INFO zaino_serve::rpc::grpc::service: [TEST] received call, method: "get_block"
1791661452.434735 runnervmmprz5 zainod-0.9.0[2988]:     at packages/zaino-serve/src/rpc/grpc/service.rs:163
1791661452.435712 runnervmmprz5 zainod-0.9.0[2988]:   19:44:12.435  INFO zaino_serve::rpc::grpc::service: [TEST] received call, method: "get_block"
1791661452.435712 runnervmmprz5 zainod-0.9.0[2988]:     at packages/zaino-serve/src/rpc/grpc/service.rs:163
1791661455.557344 runnervmmprz5 zainod-0.9.0[2988]:   19:44:15.557  INFO zaino_serve::rpc::grpc::service: [TEST] received call, method: "get_lightd_info"
1791661455.557344 runnervmmprz5 zainod-0.9.0[2988]:     at packages/zaino-serve/src/rpc/grpc/service.rs:163
1791661455.562497 runnervmmprz5 zainod-0.9.0[2988]:   19:44:15.562  INFO zaino_serve::rpc::grpc::service: [TEST] received call, method: "get_block"
1791661455.562497 runnervmmprz5 zainod-0.9.0[2988]:     at packages/zaino-serve/src/rpc/grpc/service.rs:163
1791661455.563253 runnervmmprz5 zainod-0.9.0[2988]:   19:44:15.563  INFO zaino_serve::rpc::grpc::service: [TEST] received call, method: "get_block"
1791661455.563253 runnervmmprz5 zainod-0.9.0[2988]:     at packages/zaino-serve/src/rpc/grpc/service.rs:163
1791661457.789552 runnervmmprz5 zainod-0.9.0[2988]:   19:44:17.789  INFO zaino_state::chain_index::finalised_state::finalised_source::v1::write_core: write_blocks_to_height: syncing, current: 3836467, target: 4381896, zebra_network: Testnet
1791661457.789552 runnervmmprz5 zainod-0.9.0[2988]:     at packages/zaino-state/src/chain_index/finalised_state/finalised_source/v1/write_core.rs:215
1791661460.558431 runnervmmprz5 zainod-0.9.0[2988]:   19:44:20.558  INFO zaino_serve::rpc::grpc::service: [TEST] received call, method: "get_lightd_info"
1791661460.558431 runnervmmprz5 zainod-0.9.0[2988]:     at packages/zaino-serve/src/rpc/grpc/service.rs:163
1791661460.565370 runnervmmprz5 zainod-0.9.0[2988]:   19:44:20.565  INFO zaino_serve::rpc::grpc::service: [TEST] received call, method: "get_block"
1791661460.565370 runnervmmprz5 zainod-0.9.0[2988]:     at packages/zaino-serve/src/rpc/grpc/service.rs:163
1791661460.566195 runnervmmprz5 zainod-0.9.0[2988]:   19:44:20.566  INFO zaino_serve::rpc::grpc::service: [TEST] received call, method: "get_block"
1791661460.566195 runnervmmprz5 zainod-0.9.0[2988]:     at packages/zaino-serve/src/rpc/grpc/service.rs:163
1791661462.430800 runnervmmprz5 zainod-0.9.0[2988]:   19:44:22.429  INFO zainodlib::indexer: Zaino status check, chain_state: Ready, fs_mode: ephemeral(syncing), json_rpc: Ready, grpc: Ready
1791661462.430800 runnervmmprz5 zainod-0.9.0[2988]:     at packages/zainod/src/indexer.rs:310
1791661465.556455 runnervmmprz5 zainod-0.9.0[2988]:   19:44:25.556  INFO zaino_serve::rpc::grpc::service: [TEST] received call, method: "get_lightd_info"
1791661465.556455 runnervmmprz5 zainod-0.9.0[2988]:     at packages/zaino-serve/src/rpc/grpc/service.rs:163
1791661465.561810 runnervmmprz5 zainod-0.9.0[2988]:   19:44:25.561  INFO zaino_serve::rpc::grpc::service: [TEST] received call, method: "get_block"
1791661465.561810 runnervmmprz5 zainod-0.9.0[2988]:     at packages/zaino-serve/src/rpc/grpc/service.rs:163
1791661465.562545 runnervmmprz5 zainod-0.9.0[2988]:   19:44:25.562  INFO zaino_serve::rpc::grpc::service: [TEST] received call, method: "get_block"
1791661465.562545 runnervmmprz5 zainod-0.9.0[2988]:     at packages/zaino-serve/src/rpc/grpc/service.rs:163
1791661467.790947 runnervmmprz5 zainod-0.9.0[2988]:   19:44:27.790  INFO zaino_state::chain_index::finalised_state::finalised_source::v1::write_core: write_blocks_to_height: syncing, current: 3864178, target: 4381896, zebra_network: Testnet
1791661467.790947 runnervmmprz5 zainod-0.9.0[2988]:     at packages/zaino-state/src/chain_index/finalised_state/finalised_source/v1/write_core.rs:215
1791661470.558409 runnervmmprz5 zainod-0.9.0[2988]:   19:44:30.558  INFO zaino_serve::rpc::grpc::service: [TEST] received call, method: "get_lightd_info"
1791661470.558409 runnervmmprz5 zainod-0.9.0[2988]:     at packages/zaino-serve/src/rpc/grpc/service.rs:163
1791661470.563243 runnervmmprz5 zainod-0.9.0[2988]:   19:44:30.563  INFO zaino_serve::rpc::grpc::service: [TEST] received call, method: "get_block"
1791661470.563243 runnervmmprz5 zainod-0.9.0[2988]:     at packages/zaino-serve/src/rpc/grpc/service.rs:163
1791661470.564033 runnervmmprz5 zainod-0.9.0[2988]:   19:44:30.564  INFO zaino_serve::rpc::grpc::service: [TEST] received call, method: "get_block"
1791661470.564033 runnervmmprz5 zainod-0.9.0[2988]:     at packages/zaino-serve/src/rpc/grpc/service.rs:163
1791661472.430284 runnervmmprz5 zainod-0.9.0[2988]:   19:44:32.430  INFO zainodlib::indexer: Zaino status check, chain_state: Ready, fs_mode: ephemeral(syncing), json_rpc: Ready, grpc: Ready
1791661472.430284 runnervmmprz5 zainod-0.9.0[2988]:     at packages/zainod/src/indexer.rs:310
1791661475.557426 runnervmmprz5 zainod-0.9.0[2988]:   19:44:35.557  INFO zaino_serve::rpc::grpc::service: [TEST] received call, method: "get_lightd_info"
1791661475.557426 runnervmmprz5 zainod-0.9.0[2988]:     at packages/zaino-serve/src/rpc/grpc/service.rs:163
1791661475.561868 runnervmmprz5 zainod-0.9.0[2988]:   19:44:35.561  INFO zaino_serve::rpc::grpc::service: [TEST] received call, method: "get_block"
1791661475.561868 runnervmmprz5 zainod-0.9.0[2988]:     at packages/zaino-serve/src/rpc/grpc/service.rs:163
1791661475.562612 runnervmmprz5 zainod-0.9.0[2988]:   19:44:35.562  INFO zaino_serve::rpc::grpc::service: [TEST] received call, method: "get_block"
1791661475.562612 runnervmmprz5 zainod-0.9.0[2988]:     at packages/zaino-serve/src/rpc/grpc/service.rs:163
1791661477.791265 runnervmmprz5 zainod-0.9.0[2988]:   19:44:37.791  INFO zaino_state::chain_index::finalised_state::finalised_source::v1::write_core: write_blocks_to_height: syncing, current: 3891253, target: 4381896, zebra_network: Testnet
1791661477.791265 runnervmmprz5 zainod-0.9.0[2988]:     at packages/zaino-state/src/chain_index/finalised_state/finalised_source/v1/write_core.rs:215
1791661479.980175 runnervmmprz5 zainod-0.9.0[2988]:   19:44:39.980  INFO zaino_state::chain_index::finalised_state::finalised_source::v1::write_core: write_blocks_to_height: committed batch, height: 3799999, blocks: 100000
1791661479.980175 runnervmmprz5 zainod-0.9.0[2988]:     at packages/zaino-state/src/chain_index/finalised_state/finalised_source/v1/write_core.rs:650
1791661480.560955 runnervmmprz5 zainod-0.9.0[2988]:   19:44:40.560  INFO zaino_serve::rpc::grpc::service: [TEST] received call, method: "get_lightd_info"
1791661480.560955 runnervmmprz5 zainod-0.9.0[2988]:     at packages/zaino-serve/src/rpc/grpc/service.rs:163
1791661480.565504 runnervmmprz5 zainod-0.9.0[2988]:   19:44:40.565  INFO zaino_serve::rpc::grpc::service: [TEST] received call, method: "get_block"
1791661480.565504 runnervmmprz5 zainod-0.9.0[2988]:     at packages/zaino-serve/src/rpc/grpc/service.rs:163
1791661480.566278 runnervmmprz5 zainod-0.9.0[2988]:   19:44:40.566  INFO zaino_serve::rpc::grpc::service: [TEST] received call, method: "get_block"
1791661480.566278 runnervmmprz5 zainod-0.9.0[2988]:     at packages/zaino-serve/src/rpc/grpc/service.rs:163
1791661482.530351 runnervmmprz5 zainod-0.9.0[2988]:   19:44:42.530  INFO zainodlib::indexer: Zaino status check, chain_state: Ready, fs_mode: ephemeral(syncing), json_rpc: Ready, grpc: Ready
1791661482.530351 runnervmmprz5 zainod-0.9.0[2988]:     at packages/zainod/src/indexer.rs:310
1791661485.555856 runnervmmprz5 zainod-0.9.0[2988]:   19:44:45.555  INFO zaino_serve::rpc::grpc::service: [TEST] received call, method: "get_lightd_info"
1791661485.555856 runnervmmprz5 zainod-0.9.0[2988]:     at packages/zaino-serve/src/rpc/grpc/service.rs:163
1791661485.559278 runnervmmprz5 zainod-0.9.0[2988]:   19:44:45.559  INFO zaino_serve::rpc::grpc::service: [TEST] received call, method: "get_block"
1791661485.559278 runnervmmprz5 zainod-0.9.0[2988]:     at packages/zaino-serve/src/rpc/grpc/service.rs:163
1791661485.559950 runnervmmprz5 zainod-0.9.0[2988]:   19:44:45.559  INFO zaino_serve::rpc::grpc::service: [TEST] received call, method: "get_block"
1791661485.559950 runnervmmprz5 zainod-0.9.0[2988]:     at packages/zaino-serve/src/rpc/grpc/service.rs:163
1791661487.794723 runnervmmprz5 zainod-0.9.0[2988]:   19:44:47.794  INFO zaino_state::chain_index::finalised_state::finalised_source::v1::write_core: write_blocks_to_height: syncing, current: 3915113, target: 4381896, zebra_network: Testnet
1791661487.794723 runnervmmprz5 zainod-0.9.0[2988]:     at packages/zaino-state/src/chain_index/finalised_state/finalised_source/v1/write_core.rs:215
1791661490.558444 runnervmmprz5 zainod-0.9.0[2988]:   19:44:50.558  INFO zaino_serve::rpc::grpc::service: [TEST] received call, method: "get_lightd_info"
1791661490.558444 runnervmmprz5 zainod-0.9.0[2988]:     at packages/zaino-serve/src/rpc/grpc/service.rs:163
1791661490.561659 runnervmmprz5 zainod-0.9.0[2988]:   19:44:50.561  INFO zaino_serve::rpc::grpc::service: [TEST] received call, method: "get_block"
1791661490.561659 runnervmmprz5 zainod-0.9.0[2988]:     at packages/zaino-serve/src/rpc/grpc/service.rs:163
1791661490.562313 runnervmmprz5 zainod-0.9.0[2988]:   19:44:50.562  INFO zaino_serve::rpc::grpc::service: [TEST] received call, method: "get_block"
1791661490.562313 runnervmmprz5 zainod-0.9.0[2988]:     at packages/zaino-serve/src/rpc/grpc/service.rs:163
1791661494.233659 runnervmmprz5 zainod-0.9.0[2988]:   19:44:54.233  INFO zainodlib::indexer: Zaino status check, chain_state: Syncing, fs_mode: ephemeral(syncing), json_rpc: Ready, grpc: Ready
1791661494.233659 runnervmmprz5 zainod-0.9.0[2988]:     at packages/zainod/src/indexer.rs:310
1791661496.254403 runnervmmprz5 zainod-0.9.0[2988]:   19:44:56.254  INFO zaino_serve::rpc::grpc::service: [TEST] received call, method: "get_lightd_info"
1791661496.254403 runnervmmprz5 zainod-0.9.0[2988]:     at packages/zaino-serve/src/rpc/grpc/service.rs:163
1791661496.259217 runnervmmprz5 zainod-0.9.0[2988]:   19:44:56.259  INFO zaino_serve::rpc::grpc::service: [TEST] received call, method: "get_block"
1791661496.259217 runnervmmprz5 zainod-0.9.0[2988]:     at packages/zaino-serve/src/rpc/grpc/service.rs:163
1791661496.260270 runnervmmprz5 zainod-0.9.0[2988]:   19:44:56.260  INFO zaino_serve::rpc::grpc::service: [TEST] received call, method: "get_block"
1791661496.260270 runnervmmprz5 zainod-0.9.0[2988]:     at packages/zaino-serve/src/rpc/grpc/service.rs:163
1791661497.795056 runnervmmprz5 zainod-0.9.0[2988]:   19:44:57.795  INFO zaino_state::chain_index::finalised_state::finalised_source::v1::write_core: write_blocks_to_height: syncing, current: 3938291, target: 4381896, zebra_network: Testnet
1791661497.795056 runnervmmprz5 zainod-0.9.0[2988]:     at packages/zaino-state/src/chain_index/finalised_state/finalised_source/v1/write_core.rs:215
1791661501.256550 runnervmmprz5 zainod-0.9.0[2988]:   19:45:01.256  INFO zaino_serve::rpc::grpc::service: [TEST] received call, method: "get_lightd_info"
1791661501.256550 runnervmmprz5 zainod-0.9.0[2988]:     at packages/zaino-serve/src/rpc/grpc/service.rs:163
1791661501.260367 runnervmmprz5 zainod-0.9.0[2988]:   19:45:01.260  INFO zaino_serve::rpc::grpc::service: [TEST] received call, method: "get_block"
1791661501.260367 runnervmmprz5 zainod-0.9.0[2988]:     at packages/zaino-serve/src/rpc/grpc/service.rs:163
1791661501.261203 runnervmmprz5 zainod-0.9.0[2988]:   19:45:01.261  INFO zaino_serve::rpc::grpc::service: [TEST] received call, method: "get_block"
1791661501.261203 runnervmmprz5 zainod-0.9.0[2988]:     at packages/zaino-serve/src/rpc/grpc/service.rs:163
1791661504.330348 runnervmmprz5 zainod-0.9.0[2988]:   19:45:04.330  INFO zainodlib::indexer: Zaino status check, chain_state: Ready, fs_mode: ephemeral(syncing), json_rpc: Ready, grpc: Ready
1791661504.330348 runnervmmprz5 zainod-0.9.0[2988]:     at packages/zainod/src/indexer.rs:310
1791661506.254723 runnervmmprz5 zainod-0.9.0[2988]:   19:45:06.254  INFO zaino_serve::rpc::grpc::service: [TEST] received call, method: "get_lightd_info"
1791661506.254723 runnervmmprz5 zainod-0.9.0[2988]:     at packages/zaino-serve/src/rpc/grpc/service.rs:163
1791661506.258943 runnervmmprz5 zainod-0.9.0[2988]:   19:45:06.258  INFO zaino_serve::rpc::grpc::service: [TEST] received call, method: "get_block"
1791661506.258943 runnervmmprz5 zainod-0.9.0[2988]:     at packages/zaino-serve/src/rpc/grpc/service.rs:163
1791661506.259816 runnervmmprz5 zainod-0.9.0[2988]:   19:45:06.259  INFO zaino_serve::rpc::grpc::service: [TEST] received call, method: "get_block"
1791661506.259816 runnervmmprz5 zainod-0.9.0[2988]:     at packages/zaino-serve/src/rpc/grpc/service.rs:163
1791661507.795158 runnervmmprz5 zainod-0.9.0[2988]:   19:45:07.795  INFO zaino_state::chain_index::finalised_state::finalised_source::v1::write_core: write_blocks_to_height: syncing, current: 3971495, target: 4381896, zebra_network: Testnet
1791661507.795158 runnervmmprz5 zainod-0.9.0[2988]:     at packages/zaino-state/src/chain_index/finalised_state/finalised_source/v1/write_core.rs:215
1791661511.257074 runnervmmprz5 zainod-0.9.0[2988]:   19:45:11.257  INFO zaino_serve::rpc::grpc::service: [TEST] received call, method: "get_lightd_info"
1791661511.257074 runnervmmprz5 zainod-0.9.0[2988]:     at packages/zaino-serve/src/rpc/grpc/service.rs:163
1791661511.261986 runnervmmprz5 zainod-0.9.0[2988]:   19:45:11.261  INFO zaino_serve::rpc::grpc::service: [TEST] received call, method: "get_block"
1791661511.261986 runnervmmprz5 zainod-0.9.0[2988]:     at packages/zaino-serve/src/rpc/grpc/service.rs:163
1791661511.262912 runnervmmprz5 zainod-0.9.0[2988]:   19:45:11.262  INFO zaino_serve::rpc::grpc::service: [TEST] received call, method: "get_block"
1791661511.262912 runnervmmprz5 zainod-0.9.0[2988]:     at packages/zaino-serve/src/rpc/grpc/service.rs:163
1791661514.430404 runnervmmprz5 zainod-0.9.0[2988]:   19:45:14.430  INFO zainodlib::indexer: Zaino status check, chain_state: Ready, fs_mode: ephemeral(syncing), json_rpc: Ready, grpc: Ready
1791661514.430404 runnervmmprz5 zainod-0.9.0[2988]:     at packages/zainod/src/indexer.rs:310
1791661515.640272 runnervmmprz5 zainod-0.9.0[2988]:   19:45:15.640  INFO zaino_state::chain_index::finalised_state::finalised_source::v1::write_core: write_blocks_to_height: committed batch, height: 3899999, blocks: 100000
1791661515.640272 runnervmmprz5 zainod-0.9.0[2988]:     at packages/zaino-state/src/chain_index/finalised_state/finalised_source/v1/write_core.rs:650
1791661516.258402 runnervmmprz5 zainod-0.9.0[2988]:   19:45:16.258  INFO zaino_serve::rpc::grpc::service: [TEST] received call, method: "get_lightd_info"
1791661516.258402 runnervmmprz5 zainod-0.9.0[2988]:     at packages/zaino-serve/src/rpc/grpc/service.rs:163
1791661516.263115 runnervmmprz5 zainod-0.9.0[2988]:   19:45:16.263  INFO zaino_serve::rpc::grpc::service: [TEST] received call, method: "get_block"
1791661516.263115 runnervmmprz5 zainod-0.9.0[2988]:     at packages/zaino-serve/src/rpc/grpc/service.rs:163
1791661516.264052 runnervmmprz5 zainod-0.9.0[2988]:   19:45:16.264  INFO zaino_serve::rpc::grpc::service: [TEST] received call, method: "get_block"
1791661516.264052 runnervmmprz5 zainod-0.9.0[2988]:     at packages/zaino-serve/src/rpc/grpc/service.rs:163
1791661517.795363 runnervmmprz5 zainod-0.9.0[2988]:   19:45:17.795  INFO zaino_state::chain_index::finalised_state::finalised_source::v1::write_core: write_blocks_to_height: syncing, current: 4005765, target: 4381896, zebra_network: Testnet
1791661517.795363 runnervmmprz5 zainod-0.9.0[2988]:     at packages/zaino-state/src/chain_index/finalised_state/finalised_source/v1/write_core.rs:215
1791661521.255614 runnervmmprz5 zainod-0.9.0[2988]:   19:45:21.255  INFO zaino_serve::rpc::grpc::service: [TEST] received call, method: "get_lightd_info"
1791661521.255614 runnervmmprz5 zainod-0.9.0[2988]:     at packages/zaino-serve/src/rpc/grpc/service.rs:163
1791661521.259602 runnervmmprz5 zainod-0.9.0[2988]:   19:45:21.259  INFO zaino_serve::rpc::grpc::service: [TEST] received call, method: "get_block"
1791661521.259602 runnervmmprz5 zainod-0.9.0[2988]:     at packages/zaino-serve/src/rpc/grpc/service.rs:163
1791661521.260230 runnervmmprz5 zainod-0.9.0[2988]:   19:45:21.260  INFO zaino_serve::rpc::grpc::service: [TEST] received call, method: "get_block"
1791661521.260230 runnervmmprz5 zainod-0.9.0[2988]:     at packages/zaino-serve/src/rpc/grpc/service.rs:163
1791661524.430663 runnervmmprz5 zainod-0.9.0[2988]:   19:45:24.430  INFO zainodlib::indexer: Zaino status check, chain_state: Ready, fs_mode: ephemeral(syncing), json_rpc: Ready, grpc: Ready
1791661524.430663 runnervmmprz5 zainod-0.9.0[2988]:     at packages/zainod/src/indexer.rs:310
1791661526.255787 runnervmmprz5 zainod-0.9.0[2988]:   19:45:26.255  INFO zaino_serve::rpc::grpc::service: [TEST] received call, method: "get_lightd_info"
1791661526.255787 runnervmmprz5 zainod-0.9.0[2988]:     at packages/zaino-serve/src/rpc/grpc/service.rs:163
1791661526.259144 runnervmmprz5 zainod-0.9.0[2988]:   19:45:26.259  INFO zaino_serve::rpc::grpc::service: [TEST] received call, method: "get_block"
1791661526.259144 runnervmmprz5 zainod-0.9.0[2988]:     at packages/zaino-serve/src/rpc/grpc/service.rs:163
1791661526.259746 runnervmmprz5 zainod-0.9.0[2988]:   19:45:26.259  INFO zaino_serve::rpc::grpc::service: [TEST] received call, method: "get_block"
1791661526.259746 runnervmmprz5 zainod-0.9.0[2988]:     at packages/zaino-serve/src/rpc/grpc/service.rs:163
1791661527.795554 runnervmmprz5 zainod-0.9.0[2988]:   19:45:27.795  INFO zaino_state::chain_index::finalised_state::finalised_source::v1::write_core: write_blocks_to_height: syncing, current: 4014786, target: 4381896, zebra_network: Testnet
1791661527.795554 runnervmmprz5 zainod-0.9.0[2988]:     at packages/zaino-state/src/chain_index/finalised_state/finalised_source/v1/write_core.rs:215
1791661532.056879 runnervmmprz5 zainod-0.9.0[2988]:   19:45:32.056  INFO zaino_serve::rpc::grpc::service: [TEST] received call, method: "get_lightd_info"
1791661532.056879 runnervmmprz5 zainod-0.9.0[2988]:     at packages/zaino-serve/src/rpc/grpc/service.rs:163
1791661532.061339 runnervmmprz5 zainod-0.9.0[2988]:   19:45:32.061  INFO zaino_serve::rpc::grpc::service: [TEST] received call, method: "get_block"
1791661532.061339 runnervmmprz5 zainod-0.9.0[2988]:     at packages/zaino-serve/src/rpc/grpc/service.rs:163
1791661532.062225 runnervmmprz5 zainod-0.9.0[2988]:   19:45:32.062  INFO zaino_serve::rpc::grpc::service: [TEST] received call, method: "get_block"
1791661532.062225 runnervmmprz5 zainod-0.9.0[2988]:     at packages/zaino-serve/src/rpc/grpc/service.rs:163
1791661534.529841 runnervmmprz5 zainod-0.9.0[2988]:   19:45:34.529  INFO zainodlib::indexer: Zaino status check, chain_state: Ready, fs_mode: ephemeral(syncing), json_rpc: Ready, grpc: Ready
1791661534.529841 runnervmmprz5 zainod-0.9.0[2988]:     at packages/zainod/src/indexer.rs:310
1791661537.055623 runnervmmprz5 zainod-0.9.0[2988]:   19:45:37.055  INFO zaino_serve::rpc::grpc::service: [TEST] received call, method: "get_lightd_info"
1791661537.055623 runnervmmprz5 zainod-0.9.0[2988]:     at packages/zaino-serve/src/rpc/grpc/service.rs:163
1791661537.060498 runnervmmprz5 zainod-0.9.0[2988]:   19:45:37.060  INFO zaino_serve::rpc::grpc::service: [TEST] received call, method: "get_block"
1791661537.060498 runnervmmprz5 zainod-0.9.0[2988]:     at packages/zaino-serve/src/rpc/grpc/service.rs:163
1791661537.061683 runnervmmprz5 zainod-0.9.0[2988]:   19:45:37.061  INFO zaino_serve::rpc::grpc::service: [TEST] received call, method: "get_block"
1791661537.061683 runnervmmprz5 zainod-0.9.0[2988]:     at packages/zaino-serve/src/rpc/grpc/service.rs:163
1791661537.795806 runnervmmprz5 zainod-0.9.0[2988]:   19:45:37.795  INFO zaino_state::chain_index::finalised_state::finalised_source::v1::write_core: write_blocks_to_height: syncing, current: 4050630, target: 4381896, zebra_network: Testnet
1791661537.795806 runnervmmprz5 zainod-0.9.0[2988]:     at packages/zaino-state/src/chain_index/finalised_state/finalised_source/v1/write_core.rs:215
1791661542.056580 runnervmmprz5 zainod-0.9.0[2988]:   19:45:42.056  INFO zaino_serve::rpc::grpc::service: [TEST] received call, method: "get_lightd_info"
1791661542.056580 runnervmmprz5 zainod-0.9.0[2988]:     at packages/zaino-serve/src/rpc/grpc/service.rs:163
1791661542.061489 runnervmmprz5 zainod-0.9.0[2988]:   19:45:42.061  INFO zaino_serve::rpc::grpc::service: [TEST] received call, method: "get_block"
1791661542.061489 runnervmmprz5 zainod-0.9.0[2988]:     at packages/zaino-serve/src/rpc/grpc/service.rs:163
1791661542.062433 runnervmmprz5 zainod-0.9.0[2988]:   19:45:42.062  INFO zaino_serve::rpc::grpc::service: [TEST] received call, method: "get_block"
1791661542.062433 runnervmmprz5 zainod-0.9.0[2988]:     at packages/zaino-serve/src/rpc/grpc/service.rs:163
1791661544.530058 runnervmmprz5 zainod-0.9.0[2988]:   19:45:44.530  INFO zainodlib::indexer: Zaino status check, chain_state: Ready, fs_mode: ephemeral(syncing), json_rpc: Ready, grpc: Ready
1791661544.530058 runnervmmprz5 zainod-0.9.0[2988]:     at packages/zainod/src/indexer.rs:310
1791661547.056060 runnervmmprz5 zainod-0.9.0[2988]:   19:45:47.055  INFO zaino_serve::rpc::grpc::service: [TEST] received call, method: "get_lightd_info"
1791661547.056060 runnervmmprz5 zainod-0.9.0[2988]:     at packages/zaino-serve/src/rpc/grpc/service.rs:163
1791661547.060250 runnervmmprz5 zainod-0.9.0[2988]:   19:45:47.060  INFO zaino_serve::rpc::grpc::service: [TEST] received call, method: "get_block"
1791661547.060250 runnervmmprz5 zainod-0.9.0[2988]:     at packages/zaino-serve/src/rpc/grpc/service.rs:163
1791661547.061092 runnervmmprz5 zainod-0.9.0[2988]:   19:45:47.061  INFO zaino_serve::rpc::grpc::service: [TEST] received call, method: "get_block"
1791661547.061092 runnervmmprz5 zainod-0.9.0[2988]:     at packages/zaino-serve/src/rpc/grpc/service.rs:163
1791661547.796014 runnervmmprz5 zainod-0.9.0[2988]:   19:45:47.795  INFO zaino_state::chain_index::finalised_state::finalised_source::v1::write_core: write_blocks_to_height: syncing, current: 4078137, target: 4381896, zebra_network: Testnet
1791661547.796014 runnervmmprz5 zainod-0.9.0[2988]:     at packages/zaino-state/src/chain_index/finalised_state/finalised_source/v1/write_core.rs:215
1791661552.056150 runnervmmprz5 zainod-0.9.0[2988]:   19:45:52.056  INFO zaino_serve::rpc::grpc::service: [TEST] received call, method: "get_lightd_info"
1791661552.056150 runnervmmprz5 zainod-0.9.0[2988]:     at packages/zaino-serve/src/rpc/grpc/service.rs:163
1791661552.059982 runnervmmprz5 zainod-0.9.0[2988]:   19:45:52.059  INFO zaino_serve::rpc::grpc::service: [TEST] received call, method: "get_block"
1791661552.059982 runnervmmprz5 zainod-0.9.0[2988]:     at packages/zaino-serve/src/rpc/grpc/service.rs:163
1791661552.060796 runnervmmprz5 zainod-0.9.0[2988]:   19:45:52.060  INFO zaino_serve::rpc::grpc::service: [TEST] received call, method: "get_block"
1791661552.060796 runnervmmprz5 zainod-0.9.0[2988]:     at packages/zaino-serve/src/rpc/grpc/service.rs:163
1791661554.630580 runnervmmprz5 zainod-0.9.0[2988]:   19:45:54.630  INFO zainodlib::indexer: Zaino status check, chain_state: Ready, fs_mode: ephemeral(syncing), json_rpc: Ready, grpc: Ready
1791661554.630580 runnervmmprz5 zainod-0.9.0[2988]:     at packages/zainod/src/indexer.rs:310
1791661557.057042 runnervmmprz5 zainod-0.9.0[2988]:   19:45:57.057  INFO zaino_serve::rpc::grpc::service: [TEST] received call, method: "get_lightd_info"
1791661557.057042 runnervmmprz5 zainod-0.9.0[2988]:     at packages/zaino-serve/src/rpc/grpc/service.rs:163
1791661557.062003 runnervmmprz5 zainod-0.9.0[2988]:   19:45:57.061  INFO zaino_serve::rpc::grpc::service: [TEST] received call, method: "get_block"
1791661557.062003 runnervmmprz5 zainod-0.9.0[2988]:     at packages/zaino-serve/src/rpc/grpc/service.rs:163
1791661557.062657 runnervmmprz5 zainod-0.9.0[2988]:   19:45:57.062  INFO zaino_serve::rpc::grpc::service: [TEST] received call, method: "get_block"
1791661557.062657 runnervmmprz5 zainod-0.9.0[2988]:     at packages/zaino-serve/src/rpc/grpc/service.rs:163
1791661557.128965 runnervmmprz5 zainod-0.9.0[2988]:   19:45:57.128  INFO zaino_state::chain_index::finalised_state::finalised_source::v1::write_core: write_blocks_to_height: committed batch, height: 3999999, blocks: 100000
1791661557.128965 runnervmmprz5 zainod-0.9.0[2988]:     at packages/zaino-state/src/chain_index/finalised_state/finalised_source/v1/write_core.rs:650
1791661557.796973 runnervmmprz5 zainod-0.9.0[2988]:   19:45:57.796  INFO zaino_state::chain_index::finalised_state::finalised_source::v1::write_core: write_blocks_to_height: syncing, current: 4101352, target: 4381896, zebra_network: Testnet
1791661557.796973 runnervmmprz5 zainod-0.9.0[2988]:     at packages/zaino-state/src/chain_index/finalised_state/finalised_source/v1/write_core.rs:215
1791661562.057114 runnervmmprz5 zainod-0.9.0[2988]:   19:46:02.057  INFO zaino_serve::rpc::grpc::service: [TEST] received call, method: "get_lightd_info"
1791661562.057114 runnervmmprz5 zainod-0.9.0[2988]:     at packages/zaino-serve/src/rpc/grpc/service.rs:163
1791661562.100704 runnervmmprz5 zainod-0.9.0[2988]:   19:46:02.100  INFO zaino_serve::rpc::grpc::service: [TEST] received call, method: "get_block"
1791661562.100704 runnervmmprz5 zainod-0.9.0[2988]:     at packages/zaino-serve/src/rpc/grpc/service.rs:163
1791661562.102055 runnervmmprz5 zainod-0.9.0[2988]:   19:46:02.102  INFO zaino_serve::rpc::grpc::service: [TEST] received call, method: "get_block"
1791661562.102055 runnervmmprz5 zainod-0.9.0[2988]:     at packages/zaino-serve/src/rpc/grpc/service.rs:163
1791661566.013276 runnervmmprz5 zainod-0.9.0[2988]:   19:46:06.013  INFO zainodlib::indexer: Zaino status check, chain_state: Ready, fs_mode: ephemeral(syncing), json_rpc: Ready, grpc: Ready
1791661566.013276 runnervmmprz5 zainod-0.9.0[2988]:     at packages/zainod/src/indexer.rs:310
1791661567.798009 runnervmmprz5 zainod-0.9.0[2988]:   19:46:07.797  INFO zaino_state::chain_index::finalised_state::finalised_source::v1::write_core: write_blocks_to_height: syncing, current: 4108051, target: 4381896, zebra_network: Testnet
1791661567.798009 runnervmmprz5 zainod-0.9.0[2988]:     at packages/zaino-state/src/chain_index/finalised_state/finalised_source/v1/write_core.rs:215
1791661568.031005 runnervmmprz5 zainod-0.9.0[2988]:   19:46:08.030  INFO zaino_serve::rpc::grpc::service: [TEST] received call, method: "get_lightd_info"
1791661568.031005 runnervmmprz5 zainod-0.9.0[2988]:     at packages/zaino-serve/src/rpc/grpc/service.rs:163
1791661568.035296 runnervmmprz5 zainod-0.9.0[2988]:   19:46:08.035  INFO zaino_serve::rpc::grpc::service: [TEST] received call, method: "get_block"
1791661568.035296 runnervmmprz5 zainod-0.9.0[2988]:     at packages/zaino-serve/src/rpc/grpc/service.rs:163
1791661568.036252 runnervmmprz5 zainod-0.9.0[2988]:   19:46:08.036  INFO zaino_serve::rpc::grpc::service: [TEST] received call, method: "get_block"
1791661568.036252 runnervmmprz5 zainod-0.9.0[2988]:     at packages/zaino-serve/src/rpc/grpc/service.rs:163
1791661573.031895 runnervmmprz5 zainod-0.9.0[2988]:   19:46:13.031  INFO zaino_serve::rpc::grpc::service: [TEST] received call, method: "get_lightd_info"
1791661573.031895 runnervmmprz5 zainod-0.9.0[2988]:     at packages/zaino-serve/src/rpc/grpc/service.rs:163
1791661573.036224 runnervmmprz5 zainod-0.9.0[2988]:   19:46:13.036  INFO zaino_serve::rpc::grpc::service: [TEST] received call, method: "get_block"
1791661573.036224 runnervmmprz5 zainod-0.9.0[2988]:     at packages/zaino-serve/src/rpc/grpc/service.rs:163
1791661573.037046 runnervmmprz5 zainod-0.9.0[2988]:   19:46:13.036  INFO zaino_serve::rpc::grpc::service: [TEST] received call, method: "get_block"
1791661573.037046 runnervmmprz5 zainod-0.9.0[2988]:     at packages/zaino-serve/src/rpc/grpc/service.rs:163
1791661576.030468 runnervmmprz5 zainod-0.9.0[2988]:   19:46:16.030  INFO zainodlib::indexer: Zaino status check, chain_state: Ready, fs_mode: ephemeral(syncing), json_rpc: Ready, grpc: Ready
1791661576.030468 runnervmmprz5 zainod-0.9.0[2988]:     at packages/zainod/src/indexer.rs:310
1791661577.798882 runnervmmprz5 zainod-0.9.0[2988]:   19:46:17.798  INFO zaino_state::chain_index::finalised_state::finalised_source::v1::write_core: write_blocks_to_height: syncing, current: 4130164, target: 4381896, zebra_network: Testnet
1791661577.798882 runnervmmprz5 zainod-0.9.0[2988]:     at packages/zaino-state/src/chain_index/finalised_state/finalised_source/v1/write_core.rs:215
1791661578.033278 runnervmmprz5 zainod-0.9.0[2988]:   19:46:18.033  INFO zaino_serve::rpc::grpc::service: [TEST] received call, method: "get_lightd_info"
1791661578.033278 runnervmmprz5 zainod-0.9.0[2988]:     at packages/zaino-serve/src/rpc/grpc/service.rs:163
1791661578.037528 runnervmmprz5 zainod-0.9.0[2988]:   19:46:18.037  INFO zaino_serve::rpc::grpc::service: [TEST] received call, method: "get_block"
1791661578.037528 runnervmmprz5 zainod-0.9.0[2988]:     at packages/zaino-serve/src/rpc/grpc/service.rs:163
1791661578.038275 runnervmmprz5 zainod-0.9.0[2988]:   19:46:18.038  INFO zaino_serve::rpc::grpc::service: [TEST] received call, method: "get_block"
1791661578.038275 runnervmmprz5 zainod-0.9.0[2988]:     at packages/zaino-serve/src/rpc/grpc/service.rs:163
1791661583.034493 runnervmmprz5 zainod-0.9.0[2988]:   19:46:23.034  INFO zaino_serve::rpc::grpc::service: [TEST] received call, method: "get_lightd_info"
1791661583.034493 runnervmmprz5 zainod-0.9.0[2988]:     at packages/zaino-serve/src/rpc/grpc/service.rs:163
1791661583.038822 runnervmmprz5 zainod-0.9.0[2988]:   19:46:23.038  INFO zaino_serve::rpc::grpc::service: [TEST] received call, method: "get_block"
1791661583.038822 runnervmmprz5 zainod-0.9.0[2988]:     at packages/zaino-serve/src/rpc/grpc/service.rs:163
1791661583.039761 runnervmmprz5 zainod-0.9.0[2988]:   19:46:23.039  INFO zaino_serve::rpc::grpc::service: [TEST] received call, method: "get_block"
1791661583.039761 runnervmmprz5 zainod-0.9.0[2988]:     at packages/zaino-serve/src/rpc/grpc/service.rs:163
1791661586.130511 runnervmmprz5 zainod-0.9.0[2988]:   19:46:26.130  INFO zainodlib::indexer: Zaino status check, chain_state: Ready, fs_mode: ephemeral(syncing), json_rpc: Ready, grpc: Ready
1791661586.130511 runnervmmprz5 zainod-0.9.0[2988]:     at packages/zainod/src/indexer.rs:310
1791661587.799354 runnervmmprz5 zainod-0.9.0[2988]:   19:46:27.799  INFO zaino_state::chain_index::finalised_state::finalised_source::v1::write_core: write_blocks_to_height: syncing, current: 4156597, target: 4381896, zebra_network: Testnet
1791661587.799354 runnervmmprz5 zainod-0.9.0[2988]:     at packages/zaino-state/src/chain_index/finalised_state/finalised_source/v1/write_core.rs:215
1791661588.031595 runnervmmprz5 zainod-0.9.0[2988]:   19:46:28.031  INFO zaino_serve::rpc::grpc::service: [TEST] received call, method: "get_lightd_info"
1791661588.031595 runnervmmprz5 zainod-0.9.0[2988]:     at packages/zaino-serve/src/rpc/grpc/service.rs:163
1791661588.035452 runnervmmprz5 zainod-0.9.0[2988]:   19:46:28.035  INFO zaino_serve::rpc::grpc::service: [TEST] received call, method: "get_block"
1791661588.035452 runnervmmprz5 zainod-0.9.0[2988]:     at packages/zaino-serve/src/rpc/grpc/service.rs:163
1791661588.036406 runnervmmprz5 zainod-0.9.0[2988]:   19:46:28.036  INFO zaino_serve::rpc::grpc::service: [TEST] received call, method: "get_block"
1791661588.036406 runnervmmprz5 zainod-0.9.0[2988]:     at packages/zaino-serve/src/rpc/grpc/service.rs:163
1791661593.036109 runnervmmprz5 zainod-0.9.0[2988]:   19:46:33.036  INFO zaino_serve::rpc::grpc::service: [TEST] received call, method: "get_lightd_info"
1791661593.036109 runnervmmprz5 zainod-0.9.0[2988]:     at packages/zaino-serve/src/rpc/grpc/service.rs:163
1791661593.040951 runnervmmprz5 zainod-0.9.0[2988]:   19:46:33.040  INFO zaino_serve::rpc::grpc::service: [TEST] received call, method: "get_block"
1791661593.040951 runnervmmprz5 zainod-0.9.0[2988]:     at packages/zaino-serve/src/rpc/grpc/service.rs:163
1791661593.041913 runnervmmprz5 zainod-0.9.0[2988]:   19:46:33.041  INFO zaino_serve::rpc::grpc::service: [TEST] received call, method: "get_block"
1791661593.041913 runnervmmprz5 zainod-0.9.0[2988]:     at packages/zaino-serve/src/rpc/grpc/service.rs:163
1791661596.230540 runnervmmprz5 zainod-0.9.0[2988]:   19:46:36.230  INFO zainodlib::indexer: Zaino status check, chain_state: Ready, fs_mode: ephemeral(syncing), json_rpc: Ready, grpc: Ready
1791661596.230540 runnervmmprz5 zainod-0.9.0[2988]:     at packages/zainod/src/indexer.rs:310
1791661597.801301 runnervmmprz5 zainod-0.9.0[2988]:   19:46:37.801  INFO zaino_state::chain_index::finalised_state::finalised_source::v1::write_core: write_blocks_to_height: syncing, current: 4180324, target: 4381896, zebra_network: Testnet
1791661597.801301 runnervmmprz5 zainod-0.9.0[2988]:     at packages/zaino-state/src/chain_index/finalised_state/finalised_source/v1/write_core.rs:215
1791661598.031895 runnervmmprz5 zainod-0.9.0[2988]:   19:46:38.031  INFO zaino_serve::rpc::grpc::service: [TEST] received call, method: "get_lightd_info"
1791661598.031895 runnervmmprz5 zainod-0.9.0[2988]:     at packages/zaino-serve/src/rpc/grpc/service.rs:163
1791661598.036150 runnervmmprz5 zainod-0.9.0[2988]:   19:46:38.036  INFO zaino_serve::rpc::grpc::service: [TEST] received call, method: "get_block"
1791661598.036150 runnervmmprz5 zainod-0.9.0[2988]:     at packages/zaino-serve/src/rpc/grpc/service.rs:163
1791661598.037361 runnervmmprz5 zainod-0.9.0[2988]:   19:46:38.037  INFO zaino_serve::rpc::grpc::service: [TEST] received call, method: "get_block"
1791661598.037361 runnervmmprz5 zainod-0.9.0[2988]:     at packages/zaino-serve/src/rpc/grpc/service.rs:163
1791661603.035323 runnervmmprz5 zainod-0.9.0[2988]:   19:46:43.035  INFO zaino_serve::rpc::grpc::service: [TEST] received call, method: "get_lightd_info"
1791661603.035323 runnervmmprz5 zainod-0.9.0[2988]:     at packages/zaino-serve/src/rpc/grpc/service.rs:163
1791661603.040211 runnervmmprz5 zainod-0.9.0[2988]:   19:46:43.040  INFO zaino_serve::rpc::grpc::service: [TEST] received call, method: "get_block"
1791661603.040211 runnervmmprz5 zainod-0.9.0[2988]:     at packages/zaino-serve/src/rpc/grpc/service.rs:163
1791661603.041088 runnervmmprz5 zainod-0.9.0[2988]:   19:46:43.041  INFO zaino_serve::rpc::grpc::service: [TEST] received call, method: "get_block"
1791661603.041088 runnervmmprz5 zainod-0.9.0[2988]:     at packages/zaino-serve/src/rpc/grpc/service.rs:163
1791661605.699821 runnervmmprz5 zainod-0.9.0[2988]:   19:46:45.699  INFO zaino_state::chain_index::finalised_state::finalised_source::v1::write_core: write_blocks_to_height: committed batch, height: 4099999, blocks: 100000
1791661605.699821 runnervmmprz5 zainod-0.9.0[2988]:     at packages/zaino-state/src/chain_index/finalised_state/finalised_source/v1/write_core.rs:650
1791661606.330385 runnervmmprz5 zainod-0.9.0[2988]:   19:46:46.330  INFO zainodlib::indexer: Zaino status check, chain_state: Ready, fs_mode: ephemeral(syncing), json_rpc: Ready, grpc: Ready
1791661606.330385 runnervmmprz5 zainod-0.9.0[2988]:     at packages/zainod/src/indexer.rs:310
1791661607.804288 runnervmmprz5 zainod-0.9.0[2988]:   19:46:47.804  INFO zaino_state::chain_index::finalised_state::finalised_source::v1::write_core: write_blocks_to_height: syncing, current: 4206617, target: 4381896, zebra_network: Testnet
1791661607.804288 runnervmmprz5 zainod-0.9.0[2988]:     at packages/zaino-state/src/chain_index/finalised_state/finalised_source/v1/write_core.rs:215
1791661608.037184 runnervmmprz5 zainod-0.9.0[2988]:   19:46:48.037  INFO zaino_serve::rpc::grpc::service: [TEST] received call, method: "get_lightd_info"
1791661608.037184 runnervmmprz5 zainod-0.9.0[2988]:     at packages/zaino-serve/src/rpc/grpc/service.rs:163
1791661608.044002 runnervmmprz5 zainod-0.9.0[2988]:   19:46:48.043  INFO zaino_serve::rpc::grpc::service: [TEST] received call, method: "get_block"
1791661608.044002 runnervmmprz5 zainod-0.9.0[2988]:     at packages/zaino-serve/src/rpc/grpc/service.rs:163
1791661608.044975 runnervmmprz5 zainod-0.9.0[2988]:   19:46:48.044  INFO zaino_serve::rpc::grpc::service: [TEST] received call, method: "get_block"
1791661608.044975 runnervmmprz5 zainod-0.9.0[2988]:     at packages/zaino-serve/src/rpc/grpc/service.rs:163
1791661613.032421 runnervmmprz5 zainod-0.9.0[2988]:   19:46:53.032  INFO zaino_serve::rpc::grpc::service: [TEST] received call, method: "get_lightd_info"
1791661613.032421 runnervmmprz5 zainod-0.9.0[2988]:     at packages/zaino-serve/src/rpc/grpc/service.rs:163
1791661613.035959 runnervmmprz5 zainod-0.9.0[2988]:   19:46:53.035  INFO zaino_serve::rpc::grpc::service: [TEST] received call, method: "get_block"
1791661613.035959 runnervmmprz5 zainod-0.9.0[2988]:     at packages/zaino-serve/src/rpc/grpc/service.rs:163
1791661613.036607 runnervmmprz5 zainod-0.9.0[2988]:   19:46:53.036  INFO zaino_serve::rpc::grpc::service: [TEST] received call, method: "get_block"
1791661613.036607 runnervmmprz5 zainod-0.9.0[2988]:     at packages/zaino-serve/src/rpc/grpc/service.rs:163
1791661616.430179 runnervmmprz5 zainod-0.9.0[2988]:   19:46:56.430  INFO zainodlib::indexer: Zaino status check, chain_state: Ready, fs_mode: ephemeral(syncing), json_rpc: Ready, grpc: Ready
1791661616.430179 runnervmmprz5 zainod-0.9.0[2988]:     at packages/zainod/src/indexer.rs:310
1791661617.806291 runnervmmprz5 zainod-0.9.0[2988]:   19:46:57.806  INFO zaino_state::chain_index::finalised_state::finalised_source::v1::write_core: write_blocks_to_height: syncing, current: 4214852, target: 4381896, zebra_network: Testnet
1791661617.806291 runnervmmprz5 zainod-0.9.0[2988]:     at packages/zaino-state/src/chain_index/finalised_state/finalised_source/v1/write_core.rs:215
1791661619.250004 runnervmmprz5 zainod-0.9.0[2988]:   19:46:59.249  INFO zaino_serve::rpc::grpc::service: [TEST] received call, method: "get_lightd_info"
1791661619.250004 runnervmmprz5 zainod-0.9.0[2988]:     at packages/zaino-serve/src/rpc/grpc/service.rs:163
1791661619.256339 runnervmmprz5 zainod-0.9.0[2988]:   19:46:59.256  INFO zaino_serve::rpc::grpc::service: [TEST] received call, method: "get_block"
1791661619.256339 runnervmmprz5 zainod-0.9.0[2988]:     at packages/zaino-serve/src/rpc/grpc/service.rs:163
1791661619.257253 runnervmmprz5 zainod-0.9.0[2988]:   19:46:59.257  INFO zaino_serve::rpc::grpc::service: [TEST] received call, method: "get_block"
1791661619.257253 runnervmmprz5 zainod-0.9.0[2988]:     at packages/zaino-serve/src/rpc/grpc/service.rs:163
1791661623.275453 runnervmmprz5 zainod-0.9.0[2988]:   19:47:03.275  INFO zaino_serve::rpc::grpc::service: [TEST] received call, method: "get_lightd_info"
1791661623.275453 runnervmmprz5 zainod-0.9.0[2988]:     at packages/zaino-serve/src/rpc/grpc/service.rs:163
1791661623.280840 runnervmmprz5 zainod-0.9.0[2988]:   19:47:03.280  INFO zaino_serve::rpc::grpc::service: [TEST] received call, method: "get_block"
1791661623.280840 runnervmmprz5 zainod-0.9.0[2988]:     at packages/zaino-serve/src/rpc/grpc/service.rs:163
1791661623.282095 runnervmmprz5 zainod-0.9.0[2988]:   19:47:03.282  INFO zaino_serve::rpc::grpc::service: [TEST] received call, method: "get_block"
1791661623.282095 runnervmmprz5 zainod-0.9.0[2988]:     at packages/zaino-serve/src/rpc/grpc/service.rs:163
1791661626.430542 runnervmmprz5 zainod-0.9.0[2988]:   19:47:06.430  INFO zainodlib::indexer: Zaino status check, chain_state: Ready, fs_mode: ephemeral(syncing), json_rpc: Ready, grpc: Ready
1791661626.430542 runnervmmprz5 zainod-0.9.0[2988]:     at packages/zainod/src/indexer.rs:310
1791661627.808935 runnervmmprz5 zainod-0.9.0[2988]:   19:47:07.808  INFO zaino_state::chain_index::finalised_state::finalised_source::v1::write_core: write_blocks_to_height: syncing, current: 4237415, target: 4381896, zebra_network: Testnet
1791661627.808935 runnervmmprz5 zainod-0.9.0[2988]:     at packages/zaino-state/src/chain_index/finalised_state/finalised_source/v1/write_core.rs:215
1791661628.271430 runnervmmprz5 zainod-0.9.0[2988]:   19:47:08.271  INFO zaino_serve::rpc::grpc::service: [TEST] received call, method: "get_lightd_info"
1791661628.271430 runnervmmprz5 zainod-0.9.0[2988]:     at packages/zaino-serve/src/rpc/grpc/service.rs:163
1791661628.275995 runnervmmprz5 zainod-0.9.0[2988]:   19:47:08.275  INFO zaino_serve::rpc::grpc::service: [TEST] received call, method: "get_block"
1791661628.275995 runnervmmprz5 zainod-0.9.0[2988]:     at packages/zaino-serve/src/rpc/grpc/service.rs:163
1791661628.276640 runnervmmprz5 zainod-0.9.0[2988]:   19:47:08.276  INFO zaino_serve::rpc::grpc::service: [TEST] received call, method: "get_block"
1791661628.276640 runnervmmprz5 zainod-0.9.0[2988]:     at packages/zaino-serve/src/rpc/grpc/service.rs:163
1791661633.274711 runnervmmprz5 zainod-0.9.0[2988]:   19:47:13.274  INFO zaino_serve::rpc::grpc::service: [TEST] received call, method: "get_lightd_info"
1791661633.274711 runnervmmprz5 zainod-0.9.0[2988]:     at packages/zaino-serve/src/rpc/grpc/service.rs:163
1791661633.279578 runnervmmprz5 zainod-0.9.0[2988]:   19:47:13.279  INFO zaino_serve::rpc::grpc::service: [TEST] received call, method: "get_block"
1791661633.279578 runnervmmprz5 zainod-0.9.0[2988]:     at packages/zaino-serve/src/rpc/grpc/service.rs:163
1791661633.280336 runnervmmprz5 zainod-0.9.0[2988]:   19:47:13.280  INFO zaino_serve::rpc::grpc::service: [TEST] received call, method: "get_block"
1791661633.280336 runnervmmprz5 zainod-0.9.0[2988]:     at packages/zaino-serve/src/rpc/grpc/service.rs:163
1791661636.530343 runnervmmprz5 zainod-0.9.0[2988]:   19:47:16.530  INFO zainodlib::indexer: Zaino status check, chain_state: Ready, fs_mode: ephemeral(syncing), json_rpc: Ready, grpc: Ready
1791661636.530343 runnervmmprz5 zainod-0.9.0[2988]:     at packages/zainod/src/indexer.rs:310
1791661637.809456 runnervmmprz5 zainod-0.9.0[2988]:   19:47:17.809  INFO zaino_state::chain_index::finalised_state::finalised_source::v1::write_core: write_blocks_to_height: syncing, current: 4257581, target: 4381896, zebra_network: Testnet
1791661637.809456 runnervmmprz5 zainod-0.9.0[2988]:     at packages/zaino-state/src/chain_index/finalised_state/finalised_source/v1/write_core.rs:215
1791661638.274720 runnervmmprz5 zainod-0.9.0[2988]:   19:47:18.274  INFO zaino_serve::rpc::grpc::service: [TEST] received call, method: "get_lightd_info"
1791661638.274720 runnervmmprz5 zainod-0.9.0[2988]:     at packages/zaino-serve/src/rpc/grpc/service.rs:163
1791661638.279298 runnervmmprz5 zainod-0.9.0[2988]:   19:47:18.279  INFO zaino_serve::rpc::grpc::service: [TEST] received call, method: "get_block"
1791661638.279298 runnervmmprz5 zainod-0.9.0[2988]:     at packages/zaino-serve/src/rpc/grpc/service.rs:163
1791661638.280035 runnervmmprz5 zainod-0.9.0[2988]:   19:47:18.280  INFO zaino_serve::rpc::grpc::service: [TEST] received call, method: "get_block"
1791661638.280035 runnervmmprz5 zainod-0.9.0[2988]:     at packages/zaino-serve/src/rpc/grpc/service.rs:163
1791661643.277970 runnervmmprz5 zainod-0.9.0[2988]:   19:47:23.277  INFO zaino_serve::rpc::grpc::service: [TEST] received call, method: "get_lightd_info"
1791661643.277970 runnervmmprz5 zainod-0.9.0[2988]:     at packages/zaino-serve/src/rpc/grpc/service.rs:163
1791661643.282968 runnervmmprz5 zainod-0.9.0[2988]:   19:47:23.282  INFO zaino_serve::rpc::grpc::service: [TEST] received call, method: "get_block"
1791661643.282968 runnervmmprz5 zainod-0.9.0[2988]:     at packages/zaino-serve/src/rpc/grpc/service.rs:163
1791661643.284078 runnervmmprz5 zainod-0.9.0[2988]:   19:47:23.283  INFO zaino_serve::rpc::grpc::service: [TEST] received call, method: "get_block"
1791661643.284078 runnervmmprz5 zainod-0.9.0[2988]:     at packages/zaino-serve/src/rpc/grpc/service.rs:163
1791661646.630222 runnervmmprz5 zainod-0.9.0[2988]:   19:47:26.630  INFO zainodlib::indexer: Zaino status check, chain_state: Ready, fs_mode: ephemeral(syncing), json_rpc: Ready, grpc: Ready
1791661646.630222 runnervmmprz5 zainod-0.9.0[2988]:     at packages/zainod/src/indexer.rs:310
1791661647.809915 runnervmmprz5 zainod-0.9.0[2988]:   19:47:27.809  INFO zaino_state::chain_index::finalised_state::finalised_source::v1::write_core: write_blocks_to_height: syncing, current: 4287965, target: 4381896, zebra_network: Testnet
1791661647.809915 runnervmmprz5 zainod-0.9.0[2988]:     at packages/zaino-state/src/chain_index/finalised_state/finalised_source/v1/write_core.rs:215
1791661648.276986 runnervmmprz5 zainod-0.9.0[2988]:   19:47:28.276  INFO zaino_serve::rpc::grpc::service: [TEST] received call, method: "get_lightd_info"
1791661648.276986 runnervmmprz5 zainod-0.9.0[2988]:     at packages/zaino-serve/src/rpc/grpc/service.rs:163
1791661648.281446 runnervmmprz5 zainod-0.9.0[2988]:   19:47:28.281  INFO zaino_serve::rpc::grpc::service: [TEST] received call, method: "get_block"
1791661648.281446 runnervmmprz5 zainod-0.9.0[2988]:     at packages/zaino-serve/src/rpc/grpc/service.rs:163
1791661648.282169 runnervmmprz5 zainod-0.9.0[2988]:   19:47:28.282  INFO zaino_serve::rpc::grpc::service: [TEST] received call, method: "get_block"
1791661648.282169 runnervmmprz5 zainod-0.9.0[2988]:     at packages/zaino-serve/src/rpc/grpc/service.rs:163
1791661652.900566 runnervmmprz5 zainod-0.9.0[2988]:   19:47:32.900  INFO zaino_state::chain_index::finalised_state::finalised_source::v1::write_core: write_blocks_to_height: committed batch, height: 4199999, blocks: 100000
1791661652.900566 runnervmmprz5 zainod-0.9.0[2988]:     at packages/zaino-state/src/chain_index/finalised_state/finalised_source/v1/write_core.rs:650
1791661653.281335 runnervmmprz5 zainod-0.9.0[2988]:   19:47:33.281  INFO zaino_serve::rpc::grpc::service: [TEST] received call, method: "get_lightd_info"
1791661653.281335 runnervmmprz5 zainod-0.9.0[2988]:     at packages/zaino-serve/src/rpc/grpc/service.rs:163
1791661653.286482 runnervmmprz5 zainod-0.9.0[2988]:   19:47:33.286  INFO zaino_serve::rpc::grpc::service: [TEST] received call, method: "get_block"
1791661653.286482 runnervmmprz5 zainod-0.9.0[2988]:     at packages/zaino-serve/src/rpc/grpc/service.rs:163
1791661653.288221 runnervmmprz5 zainod-0.9.0[2988]:   19:47:33.288  INFO zaino_serve::rpc::grpc::service: [TEST] received call, method: "get_block"
1791661653.288221 runnervmmprz5 zainod-0.9.0[2988]:     at packages/zaino-serve/src/rpc/grpc/service.rs:163
1791661656.630556 runnervmmprz5 zainod-0.9.0[2988]:   19:47:36.630  INFO zainodlib::indexer: Zaino status check, chain_state: Ready, fs_mode: ephemeral(syncing), json_rpc: Ready, grpc: Ready
1791661656.630556 runnervmmprz5 zainod-0.9.0[2988]:     at packages/zainod/src/indexer.rs:310
1791661657.823699 runnervmmprz5 zainod-0.9.0[2988]:   19:47:37.823  INFO zaino_state::chain_index::finalised_state::finalised_source::v1::write_core: write_blocks_to_height: syncing, current: 4306269, target: 4381896, zebra_network: Testnet
1791661657.823699 runnervmmprz5 zainod-0.9.0[2988]:     at packages/zaino-state/src/chain_index/finalised_state/finalised_source/v1/write_core.rs:215
1791661658.272539 runnervmmprz5 zainod-0.9.0[2988]:   19:47:38.272  INFO zaino_serve::rpc::grpc::service: [TEST] received call, method: "get_lightd_info"
1791661658.272539 runnervmmprz5 zainod-0.9.0[2988]:     at packages/zaino-serve/src/rpc/grpc/service.rs:163
1791661658.276241 runnervmmprz5 zainod-0.9.0[2988]:   19:47:38.276  INFO zaino_serve::rpc::grpc::service: [TEST] received call, method: "get_block"
1791661658.276241 runnervmmprz5 zainod-0.9.0[2988]:     at packages/zaino-serve/src/rpc/grpc/service.rs:163
1791661658.276925 runnervmmprz5 zainod-0.9.0[2988]:   19:47:38.276  INFO zaino_serve::rpc::grpc::service: [TEST] received call, method: "get_block"
1791661658.276925 runnervmmprz5 zainod-0.9.0[2988]:     at packages/zaino-serve/src/rpc/grpc/service.rs:163
1791661665.293395 runnervmmprz5 zainod-0.9.0[2988]:   19:47:45.293  INFO zaino_serve::rpc::grpc::service: [TEST] received call, method: "get_lightd_info"
1791661665.293395 runnervmmprz5 zainod-0.9.0[2988]:     at packages/zaino-serve/src/rpc/grpc/service.rs:163
1791661665.293395 runnervmmprz5 zainod-0.9.0[2988]:   19:47:45.293  WARN metrics_exporter_prometheus::exporter::http_listener: Error serving connection., error: hyper::Error(IncompleteMessage)
1791661665.293395 runnervmmprz5 zainod-0.9.0[2988]:     at /home/runner/.cargo/registry/src/index.crates.io-1949cf8c6b5b557f/metrics-exporter-prometheus-0.18.3/src/exporter/http_listener.rs:79
1791661665.298689 runnervmmprz5 zainod-0.9.0[2988]:   19:47:45.298  INFO zaino_serve::rpc::grpc::service: [TEST] received call, method: "get_block"
1791661665.298689 runnervmmprz5 zainod-0.9.0[2988]:     at packages/zaino-serve/src/rpc/grpc/service.rs:163
1791661665.299526 runnervmmprz5 zainod-0.9.0[2988]:   19:47:45.299  INFO zaino_serve::rpc::grpc::service: [TEST] received call, method: "get_block"
1791661665.299526 runnervmmprz5 zainod-0.9.0[2988]:     at packages/zaino-serve/src/rpc/grpc/service.rs:163
1791661666.730302 runnervmmprz5 zainod-0.9.0[2988]:   19:47:46.730  INFO zainodlib::indexer: Zaino status check, chain_state: Ready, fs_mode: ephemeral(syncing), json_rpc: Ready, grpc: Ready
1791661666.730302 runnervmmprz5 zainod-0.9.0[2988]:     at packages/zainod/src/indexer.rs:310
1791661667.835370 runnervmmprz5 zainod-0.9.0[2988]:   19:47:47.835  INFO zaino_state::chain_index::finalised_state::finalised_source::v1::write_core: write_blocks_to_height: syncing, current: 4307136, target: 4381896, zebra_network: Testnet
1791661667.835370 runnervmmprz5 zainod-0.9.0[2988]:     at packages/zaino-state/src/chain_index/finalised_state/finalised_source/v1/write_core.rs:215
1791661668.413011 runnervmmprz5 zainod-0.9.0[2988]:   19:47:48.412  INFO zaino_serve::rpc::grpc::service: [TEST] received call, method: "get_lightd_info"
1791661668.413011 runnervmmprz5 zainod-0.9.0[2988]:     at packages/zaino-serve/src/rpc/grpc/service.rs:163
1791661668.416512 runnervmmprz5 zainod-0.9.0[2988]:   19:47:48.416  INFO zaino_serve::rpc::grpc::service: [TEST] received call, method: "get_block"
1791661668.416512 runnervmmprz5 zainod-0.9.0[2988]:     at packages/zaino-serve/src/rpc/grpc/service.rs:163
1791661668.417187 runnervmmprz5 zainod-0.9.0[2988]:   19:47:48.417  INFO zaino_serve::rpc::grpc::service: [TEST] received call, method: "get_block"
1791661668.417187 runnervmmprz5 zainod-0.9.0[2988]:     at packages/zaino-serve/src/rpc/grpc/service.rs:163
1791661673.420289 runnervmmprz5 zainod-0.9.0[2988]:   19:47:53.420  INFO zaino_serve::rpc::grpc::service: [TEST] received call, method: "get_lightd_info"
1791661673.420289 runnervmmprz5 zainod-0.9.0[2988]:     at packages/zaino-serve/src/rpc/grpc/service.rs:163
1791661673.424695 runnervmmprz5 zainod-0.9.0[2988]:   19:47:53.424  INFO zaino_serve::rpc::grpc::service: [TEST] received call, method: "get_block"
1791661673.424695 runnervmmprz5 zainod-0.9.0[2988]:     at packages/zaino-serve/src/rpc/grpc/service.rs:163
1791661673.425458 runnervmmprz5 zainod-0.9.0[2988]:   19:47:53.425  INFO zaino_serve::rpc::grpc::service: [TEST] received call, method: "get_block"
1791661673.425458 runnervmmprz5 zainod-0.9.0[2988]:     at packages/zaino-serve/src/rpc/grpc/service.rs:163
1791661676.730416 runnervmmprz5 zainod-0.9.0[2988]:   19:47:56.730  INFO zainodlib::indexer: Zaino status check, chain_state: Ready, fs_mode: ephemeral(syncing), json_rpc: Ready, grpc: Ready
1791661676.730416 runnervmmprz5 zainod-0.9.0[2988]:     at packages/zainod/src/indexer.rs:310
1791661677.971222 runnervmmprz5 zainod-0.9.0[2988]:   19:47:57.971  INFO zaino_state::chain_index::finalised_state::finalised_source::v1::write_core: write_blocks_to_height: syncing, current: 4307874, target: 4381896, zebra_network: Testnet
1791661677.971222 runnervmmprz5 zainod-0.9.0[2988]:     at packages/zaino-state/src/chain_index/finalised_state/finalised_source/v1/write_core.rs:215
1791661678.414029 runnervmmprz5 zainod-0.9.0[2988]:   19:47:58.413  INFO zaino_serve::rpc::grpc::service: [TEST] received call, method: "get_lightd_info"
1791661678.414029 runnervmmprz5 zainod-0.9.0[2988]:     at packages/zaino-serve/src/rpc/grpc/service.rs:163
1791661678.417409 runnervmmprz5 zainod-0.9.0[2988]:   19:47:58.417  INFO zaino_serve::rpc::grpc::service: [TEST] received call, method: "get_block"
1791661678.417409 runnervmmprz5 zainod-0.9.0[2988]:     at packages/zaino-serve/src/rpc/grpc/service.rs:163
1791661678.418226 runnervmmprz5 zainod-0.9.0[2988]:   19:47:58.418  INFO zaino_serve::rpc::grpc::service: [TEST] received call, method: "get_block"
1791661678.418226 runnervmmprz5 zainod-0.9.0[2988]:     at packages/zaino-serve/src/rpc/grpc/service.rs:163
1791661683.415877 runnervmmprz5 zainod-0.9.0[2988]:   19:48:03.415  INFO zaino_serve::rpc::grpc::service: [TEST] received call, method: "get_lightd_info"
1791661683.415877 runnervmmprz5 zainod-0.9.0[2988]:     at packages/zaino-serve/src/rpc/grpc/service.rs:163
1791661683.419401 runnervmmprz5 zainod-0.9.0[2988]:   19:48:03.419  INFO zaino_serve::rpc::grpc::service: [TEST] received call, method: "get_block"
1791661683.419401 runnervmmprz5 zainod-0.9.0[2988]:     at packages/zaino-serve/src/rpc/grpc/service.rs:163
1791661683.420175 runnervmmprz5 zainod-0.9.0[2988]:   19:48:03.420  INFO zaino_serve::rpc::grpc::service: [TEST] received call, method: "get_block"
1791661683.420175 runnervmmprz5 zainod-0.9.0[2988]:     at packages/zaino-serve/src/rpc/grpc/service.rs:163
1791661686.830184 runnervmmprz5 zainod-0.9.0[2988]:   19:48:06.830  INFO zainodlib::indexer: Zaino status check, chain_state: Ready, fs_mode: ephemeral(syncing), json_rpc: Ready, grpc: Ready
1791661686.830184 runnervmmprz5 zainod-0.9.0[2988]:     at packages/zainod/src/indexer.rs:310
1791661687.971318 runnervmmprz5 zainod-0.9.0[2988]:   19:48:07.971  INFO zaino_state::chain_index::finalised_state::finalised_source::v1::write_core: write_blocks_to_height: syncing, current: 4312350, target: 4381896, zebra_network: Testnet
1791661687.971318 runnervmmprz5 zainod-0.9.0[2988]:     at packages/zaino-state/src/chain_index/finalised_state/finalised_source/v1/write_core.rs:215
1791661688.414883 runnervmmprz5 zainod-0.9.0[2988]:   19:48:08.414  INFO zaino_serve::rpc::grpc::service: [TEST] received call, method: "get_lightd_info"
1791661688.414883 runnervmmprz5 zainod-0.9.0[2988]:     at packages/zaino-serve/src/rpc/grpc/service.rs:163
1791661688.419565 runnervmmprz5 zainod-0.9.0[2988]:   19:48:08.419  INFO zaino_serve::rpc::grpc::service: [TEST] received call, method: "get_block"
1791661688.419565 runnervmmprz5 zainod-0.9.0[2988]:     at packages/zaino-serve/src/rpc/grpc/service.rs:163
1791661688.420322 runnervmmprz5 zainod-0.9.0[2988]:   19:48:08.420  INFO zaino_serve::rpc::grpc::service: [TEST] received call, method: "get_block"
1791661688.420322 runnervmmprz5 zainod-0.9.0[2988]:     at packages/zaino-serve/src/rpc/grpc/service.rs:163
1791661693.416333 runnervmmprz5 zainod-0.9.0[2988]:   19:48:13.416  INFO zaino_serve::rpc::grpc::service: [TEST] received call, method: "get_lightd_info"
1791661693.416333 runnervmmprz5 zainod-0.9.0[2988]:     at packages/zaino-serve/src/rpc/grpc/service.rs:163
1791661693.420964 runnervmmprz5 zainod-0.9.0[2988]:   19:48:13.420  INFO zaino_serve::rpc::grpc::service: [TEST] received call, method: "get_block"
1791661693.420964 runnervmmprz5 zainod-0.9.0[2988]:     at packages/zaino-serve/src/rpc/grpc/service.rs:163
1791661693.421727 runnervmmprz5 zainod-0.9.0[2988]:   19:48:13.421  INFO zaino_serve::rpc::grpc::service: [TEST] received call, method: "get_block"
1791661693.421727 runnervmmprz5 zainod-0.9.0[2988]:     at packages/zaino-serve/src/rpc/grpc/service.rs:163
1791661696.930345 runnervmmprz5 zainod-0.9.0[2988]:   19:48:16.930  INFO zainodlib::indexer: Zaino status check, chain_state: Ready, fs_mode: ephemeral(syncing), json_rpc: Ready, grpc: Ready
1791661696.930345 runnervmmprz5 zainod-0.9.0[2988]:     at packages/zainod/src/indexer.rs:310
1791661698.004254 runnervmmprz5 zainod-0.9.0[2988]:   19:48:18.004  INFO zaino_state::chain_index::finalised_state::finalised_source::v1::write_core: write_blocks_to_height: syncing, current: 4316376, target: 4381896, zebra_network: Testnet
1791661698.004254 runnervmmprz5 zainod-0.9.0[2988]:     at packages/zaino-state/src/chain_index/finalised_state/finalised_source/v1/write_core.rs:215
1791661698.415024 runnervmmprz5 zainod-0.9.0[2988]:   19:48:18.414  INFO zaino_serve::rpc::grpc::service: [TEST] received call, method: "get_lightd_info"
1791661698.415024 runnervmmprz5 zainod-0.9.0[2988]:     at packages/zaino-serve/src/rpc/grpc/service.rs:163
1791661698.418993 runnervmmprz5 zainod-0.9.0[2988]:   19:48:18.418  INFO zaino_serve::rpc::grpc::service: [TEST] received call, method: "get_block"
1791661698.418993 runnervmmprz5 zainod-0.9.0[2988]:     at packages/zaino-serve/src/rpc/grpc/service.rs:163
1791661698.419730 runnervmmprz5 zainod-0.9.0[2988]:   19:48:18.419  INFO zaino_serve::rpc::grpc::service: [TEST] received call, method: "get_block"
1791661698.419730 runnervmmprz5 zainod-0.9.0[2988]:     at packages/zaino-serve/src/rpc/grpc/service.rs:163
1791661703.417795 runnervmmprz5 zainod-0.9.0[2988]:   19:48:23.417  INFO zaino_serve::rpc::grpc::service: [TEST] received call, method: "get_lightd_info"
1791661703.417795 runnervmmprz5 zainod-0.9.0[2988]:     at packages/zaino-serve/src/rpc/grpc/service.rs:163
1791661703.421441 runnervmmprz5 zainod-0.9.0[2988]:   19:48:23.421  INFO zaino_serve::rpc::grpc::service: [TEST] received call, method: "get_block"
1791661703.421441 runnervmmprz5 zainod-0.9.0[2988]:     at packages/zaino-serve/src/rpc/grpc/service.rs:163
1791661703.422262 runnervmmprz5 zainod-0.9.0[2988]:   19:48:23.422  INFO zaino_serve::rpc::grpc::service: [TEST] received call, method: "get_block"
1791661703.422262 runnervmmprz5 zainod-0.9.0[2988]:     at packages/zaino-serve/src/rpc/grpc/service.rs:163
1791661707.030439 runnervmmprz5 zainod-0.9.0[2988]:   19:48:27.030  INFO zainodlib::indexer: Zaino status check, chain_state: Ready, fs_mode: ephemeral(syncing), json_rpc: Ready, grpc: Ready
1791661707.030439 runnervmmprz5 zainod-0.9.0[2988]:     at packages/zainod/src/indexer.rs:310
1791661708.004570 runnervmmprz5 zainod-0.9.0[2988]:   19:48:28.004  INFO zaino_state::chain_index::finalised_state::finalised_source::v1::write_core: write_blocks_to_height: syncing, current: 4324845, target: 4381896, zebra_network: Testnet
1791661708.004570 runnervmmprz5 zainod-0.9.0[2988]:     at packages/zaino-state/src/chain_index/finalised_state/finalised_source/v1/write_core.rs:215
1791661708.419314 runnervmmprz5 zainod-0.9.0[2988]:   19:48:28.419  INFO zaino_serve::rpc::grpc::service: [TEST] received call, method: "get_lightd_info"
1791661708.419314 runnervmmprz5 zainod-0.9.0[2988]:     at packages/zaino-serve/src/rpc/grpc/service.rs:163
1791661708.423977 runnervmmprz5 zainod-0.9.0[2988]:   19:48:28.423  INFO zaino_serve::rpc::grpc::service: [TEST] received call, method: "get_block"
1791661708.423977 runnervmmprz5 zainod-0.9.0[2988]:     at packages/zaino-serve/src/rpc/grpc/service.rs:163
1791661708.424796 runnervmmprz5 zainod-0.9.0[2988]:   19:48:28.424  INFO zaino_serve::rpc::grpc::service: [TEST] received call, method: "get_block"
1791661708.424796 runnervmmprz5 zainod-0.9.0[2988]:     at packages/zaino-serve/src/rpc/grpc/service.rs:163
1791661713.421482 runnervmmprz5 zainod-0.9.0[2988]:   19:48:33.421  INFO zaino_serve::rpc::grpc::service: [TEST] received call, method: "get_lightd_info"
1791661713.421482 runnervmmprz5 zainod-0.9.0[2988]:     at packages/zaino-serve/src/rpc/grpc/service.rs:163
1791661713.426290 runnervmmprz5 zainod-0.9.0[2988]:   19:48:33.426  INFO zaino_serve::rpc::grpc::service: [TEST] received call, method: "get_block"
1791661713.426290 runnervmmprz5 zainod-0.9.0[2988]:     at packages/zaino-serve/src/rpc/grpc/service.rs:163
1791661713.427141 runnervmmprz5 zainod-0.9.0[2988]:   19:48:33.427  INFO zaino_serve::rpc::grpc::service: [TEST] received call, method: "get_block"
1791661713.427141 runnervmmprz5 zainod-0.9.0[2988]:     at packages/zaino-serve/src/rpc/grpc/service.rs:163
1791661717.129936 runnervmmprz5 zainod-0.9.0[2988]:   19:48:37.129  INFO zainodlib::indexer: Zaino status check, chain_state: Ready, fs_mode: ephemeral(syncing), json_rpc: Ready, grpc: Ready
1791661717.129936 runnervmmprz5 zainod-0.9.0[2988]:     at packages/zainod/src/indexer.rs:310
1791661718.008115 runnervmmprz5 zainod-0.9.0[2988]:   19:48:38.008  INFO zaino_state::chain_index::finalised_state::finalised_source::v1::write_core: write_blocks_to_height: syncing, current: 4347198, target: 4381896, zebra_network: Testnet
1791661718.008115 runnervmmprz5 zainod-0.9.0[2988]:     at packages/zaino-state/src/chain_index/finalised_state/finalised_source/v1/write_core.rs:215
1791661718.421039 runnervmmprz5 zainod-0.9.0[2988]:   19:48:38.420  INFO zaino_serve::rpc::grpc::service: [TEST] received call, method: "get_lightd_info"
1791661718.421039 runnervmmprz5 zainod-0.9.0[2988]:     at packages/zaino-serve/src/rpc/grpc/service.rs:163
1791661718.425740 runnervmmprz5 zainod-0.9.0[2988]:   19:48:38.425  INFO zaino_serve::rpc::grpc::service: [TEST] received call, method: "get_block"
1791661718.425740 runnervmmprz5 zainod-0.9.0[2988]:     at packages/zaino-serve/src/rpc/grpc/service.rs:163
1791661718.426577 runnervmmprz5 zainod-0.9.0[2988]:   19:48:38.426  INFO zaino_serve::rpc::grpc::service: [TEST] received call, method: "get_block"
1791661718.426577 runnervmmprz5 zainod-0.9.0[2988]:     at packages/zaino-serve/src/rpc/grpc/service.rs:163
1791661723.421403 runnervmmprz5 zainod-0.9.0[2988]:   19:48:43.421  INFO zaino_serve::rpc::grpc::service: [TEST] received call, method: "get_lightd_info"
1791661723.421403 runnervmmprz5 zainod-0.9.0[2988]:     at packages/zaino-serve/src/rpc/grpc/service.rs:163
1791661723.426420 runnervmmprz5 zainod-0.9.0[2988]:   19:48:43.426  INFO zaino_serve::rpc::grpc::service: [TEST] received call, method: "get_block"
1791661723.426420 runnervmmprz5 zainod-0.9.0[2988]:     at packages/zaino-serve/src/rpc/grpc/service.rs:163
1791661723.427579 runnervmmprz5 zainod-0.9.0[2988]:   19:48:43.427  INFO zaino_serve::rpc::grpc::service: [TEST] received call, method: "get_block"
1791661723.427579 runnervmmprz5 zainod-0.9.0[2988]:     at packages/zaino-serve/src/rpc/grpc/service.rs:163
1791661727.130329 runnervmmprz5 zainod-0.9.0[2988]:   19:48:47.130  INFO zainodlib::indexer: Zaino status check, chain_state: Ready, fs_mode: ephemeral(syncing), json_rpc: Ready, grpc: Ready
1791661727.130329 runnervmmprz5 zainod-0.9.0[2988]:     at packages/zainod/src/indexer.rs:310
1791661728.008921 runnervmmprz5 zainod-0.9.0[2988]:   19:48:48.008  INFO zaino_state::chain_index::finalised_state::finalised_source::v1::write_core: write_blocks_to_height: syncing, current: 4369983, target: 4381896, zebra_network: Testnet
1791661728.008921 runnervmmprz5 zainod-0.9.0[2988]:     at packages/zaino-state/src/chain_index/finalised_state/finalised_source/v1/write_core.rs:215
1791661728.418462 runnervmmprz5 zainod-0.9.0[2988]:   19:48:48.418  INFO zaino_serve::rpc::grpc::service: [TEST] received call, method: "get_lightd_info"
1791661728.418462 runnervmmprz5 zainod-0.9.0[2988]:     at packages/zaino-serve/src/rpc/grpc/service.rs:163
1791661728.422235 runnervmmprz5 zainod-0.9.0[2988]:   19:48:48.422  INFO zaino_serve::rpc::grpc::service: [TEST] received call, method: "get_block"
1791661728.422235 runnervmmprz5 zainod-0.9.0[2988]:     at packages/zaino-serve/src/rpc/grpc/service.rs:163
1791661728.422948 runnervmmprz5 zainod-0.9.0[2988]:   19:48:48.422  INFO zaino_serve::rpc::grpc::service: [TEST] received call, method: "get_block"
1791661728.422948 runnervmmprz5 zainod-0.9.0[2988]:     at packages/zaino-serve/src/rpc/grpc/service.rs:163
1791661733.421270 runnervmmprz5 zainod-0.9.0[2988]:   19:48:53.421  INFO zaino_serve::rpc::grpc::service: [TEST] received call, method: "get_lightd_info"
1791661733.421270 runnervmmprz5 zainod-0.9.0[2988]:     at packages/zaino-serve/src/rpc/grpc/service.rs:163
1791661733.426177 runnervmmprz5 zainod-0.9.0[2988]:   19:48:53.426  INFO zaino_serve::rpc::grpc::service: [TEST] received call, method: "get_block"
1791661733.426177 runnervmmprz5 zainod-0.9.0[2988]:     at packages/zaino-serve/src/rpc/grpc/service.rs:163
1791661733.427342 runnervmmprz5 zainod-0.9.0[2988]:   19:48:53.427  INFO zaino_serve::rpc::grpc::service: [TEST] received call, method: "get_block"
1791661733.427342 runnervmmprz5 zainod-0.9.0[2988]:     at packages/zaino-serve/src/rpc/grpc/service.rs:163
1791661737.130656 runnervmmprz5 zainod-0.9.0[2988]:   19:48:57.130  INFO zainodlib::indexer: Zaino status check, chain_state: Ready, fs_mode: ephemeral(syncing), json_rpc: Ready, grpc: Ready
1791661737.130656 runnervmmprz5 zainod-0.9.0[2988]:     at packages/zainod/src/indexer.rs:310
1791661738.017641 runnervmmprz5 zainod-0.9.0[2988]:   19:48:58.017  INFO zaino_state::chain_index::finalised_state::finalised_source::v1::write_core: write_blocks_to_height: syncing, current: 4381479, target: 4381896, zebra_network: Testnet
1791661738.017641 runnervmmprz5 zainod-0.9.0[2988]:     at packages/zaino-state/src/chain_index/finalised_state/finalised_source/v1/write_core.rs:215
1791661738.419502 runnervmmprz5 zainod-0.9.0[2988]:   19:48:58.419  INFO zaino_serve::rpc::grpc::service: [TEST] received call, method: "get_lightd_info"
1791661738.419502 runnervmmprz5 zainod-0.9.0[2988]:     at packages/zaino-serve/src/rpc/grpc/service.rs:163
1791661738.424986 runnervmmprz5 zainod-0.9.0[2988]:   19:48:58.424  INFO zaino_serve::rpc::grpc::service: [TEST] received call, method: "get_block"
1791661738.424986 runnervmmprz5 zainod-0.9.0[2988]:     at packages/zaino-serve/src/rpc/grpc/service.rs:163
1791661738.425725 runnervmmprz5 zainod-0.9.0[2988]:   19:48:58.425  INFO zaino_serve::rpc::grpc::service: [TEST] received call, method: "get_block"
1791661738.425725 runnervmmprz5 zainod-0.9.0[2988]:     at packages/zaino-serve/src/rpc/grpc/service.rs:163
1791661738.581640 runnervmmprz5 zainod-0.9.0[2988]:   19:48:58.581  INFO zaino_state::chain_index::finalised_state::finalised_source::v1::write_core: write_blocks_to_height: committed batch, height: 4299999, blocks: 100000
1791661738.581640 runnervmmprz5 zainod-0.9.0[2988]:     at packages/zaino-state/src/chain_index/finalised_state/finalised_source/v1/write_core.rs:650
1791661743.420539 runnervmmprz5 zainod-0.9.0[2988]:   19:49:03.420  INFO zaino_serve::rpc::grpc::service: [TEST] received call, method: "get_lightd_info"
1791661743.420539 runnervmmprz5 zainod-0.9.0[2988]:     at packages/zaino-serve/src/rpc/grpc/service.rs:163
1791661743.425182 runnervmmprz5 zainod-0.9.0[2988]:   19:49:03.425  INFO zaino_serve::rpc::grpc::service: [TEST] received call, method: "get_block"
1791661743.425182 runnervmmprz5 zainod-0.9.0[2988]:     at packages/zaino-serve/src/rpc/grpc/service.rs:163
1791661743.426620 runnervmmprz5 zainod-0.9.0[2988]:   19:49:03.426  INFO zaino_serve::rpc::grpc::service: [TEST] received call, method: "get_block"
1791661743.426620 runnervmmprz5 zainod-0.9.0[2988]:     at packages/zaino-serve/src/rpc/grpc/service.rs:163
1791661748.622494 runnervmmprz5 zainod-0.9.0[2988]:   19:49:08.622  INFO zaino_state::chain_index::finalised_state::finalised_source::v1::write_core: write_blocks_to_height: committed batch, height: 4381896, blocks: 81897
1791661748.622494 runnervmmprz5 zainod-0.9.0[2988]:     at packages/zaino-state/src/chain_index/finalised_state/finalised_source/v1/write_core.rs:650
1791661748.623109 runnervmmprz5 zainod-0.9.0[2988]:   19:49:08.622  INFO zainodlib::indexer: Zaino status check, chain_state: Syncing, fs_mode: ephemeral(syncing), json_rpc: Ready, grpc: Ready
1791661748.623109 runnervmmprz5 zainod-0.9.0[2988]:     at packages/zainod/src/indexer.rs:310
1791661748.636143 runnervmmprz5 zainod-0.9.0[2988]:   19:49:08.636  INFO zaino_serve::rpc::grpc::service: [TEST] received call, method: "get_lightd_info"
1791661748.636143 runnervmmprz5 zainod-0.9.0[2988]:     at packages/zaino-serve/src/rpc/grpc/service.rs:163
1791661748.642012 runnervmmprz5 zainod-0.9.0[2988]:   19:49:08.641  INFO zaino_serve::rpc::grpc::service: [TEST] received call, method: "get_block"
1791661748.642012 runnervmmprz5 zainod-0.9.0[2988]:     at packages/zaino-serve/src/rpc/grpc/service.rs:163
1791661748.643054 runnervmmprz5 zainod-0.9.0[2988]:   19:49:08.643  INFO zaino_serve::rpc::grpc::service: [TEST] received call, method: "get_block"
1791661748.643054 runnervmmprz5 zainod-0.9.0[2988]:     at packages/zaino-serve/src/rpc/grpc/service.rs:163
1791661748.691432 runnervmmprz5 zainod-0.9.0[2988]:   19:49:08.691  INFO zaino_state::chain_index::finalised_state::finalised_source::v1::tx_out_set_accumulator: write_blocks_to_height: rebuilding txout-set accumulator to height 4381896
1791661748.691432 runnervmmprz5 zainod-0.9.0[2988]:     at packages/zaino-state/src/chain_index/finalised_state/finalised_source/v1/tx_out_set_accumulator.rs:791
1791661748.691432 runnervmmprz5 zainod-0.9.0[2988]:   19:49:08.691  INFO zaino_state::chain_index::finalised_state::finalised_source::v1::tx_out_set_accumulator: txout-set accumulator rebuild to height 4381896: sizing shards (~8589934592 byte budget)
1791661748.691432 runnervmmprz5 zainod-0.9.0[2988]:     at packages/zaino-state/src/chain_index/finalised_state/finalised_source/v1/tx_out_set_accumulator.rs:834
1791661749.373698 runnervmmprz5 zainod-0.9.0[2988]:   19:49:09.373  INFO zaino_state::chain_index::finalised_state::finalised_source::v1::tx_out_set_accumulator: txout-set accumulator rebuild: spent-entry count complete, spent_entries: 1794140, elapsed: 682.219012ms
1791661749.373698 runnervmmprz5 zainod-0.9.0[2988]:     at packages/zaino-state/src/chain_index/finalised_state/finalised_source/v1/tx_out_set_accumulator.rs:968
1791661749.373698 runnervmmprz5 zainod-0.9.0[2988]:   19:49:09.373  INFO zaino_state::chain_index::finalised_state::finalised_source::v1::tx_out_set_accumulator: txout-set accumulator rebuild to height 4381896: 1 initial shard(s), ≤33554432 spent outpoints/shard, ~8589934592 byte budget
1791661749.373698 runnervmmprz5 zainod-0.9.0[2988]:     at packages/zaino-state/src/chain_index/finalised_state/finalised_source/v1/tx_out_set_accumulator.rs:844
1791661749.373698 runnervmmprz5 zainod-0.9.0[2988]:   19:49:09.373  INFO zaino_state::chain_index::finalised_state::finalised_source::v1::tx_out_set_accumulator: txout-set accumulator rebuild: starting shard, shard: 1, planned: 1, lo: 0, hi: 256, remaining: 0, db_tip: 4381896, elapsed: 501ns
1791661749.373698 runnervmmprz5 zainod-0.9.0[2988]:     at packages/zaino-state/src/chain_index/finalised_state/finalised_source/v1/tx_out_set_accumulator.rs:1027
1791661749.911532 runnervmmprz5 zainod-0.9.0[2988]:   19:49:09.911  INFO zaino_state::chain_index::finalised_state::finalised_source::v1::tx_out_set_accumulator: txout-set accumulator rebuild: shard spent set loaded, shard: 1, shard_total: 1, lo: 0, hi: 256, spent_outpoints: 1794140, elapsed: 537.732834ms
1791661749.911532 runnervmmprz5 zainod-0.9.0[2988]:     at packages/zaino-state/src/chain_index/finalised_state/finalised_source/v1/tx_out_set_accumulator.rs:1187
1791661753.638527 runnervmmprz5 zainod-0.9.0[2988]:   19:49:13.638  INFO zaino_serve::rpc::grpc::service: [TEST] received call, method: "get_lightd_info"
1791661753.638527 runnervmmprz5 zainod-0.9.0[2988]:     at packages/zaino-serve/src/rpc/grpc/service.rs:163
1791661753.642086 runnervmmprz5 zainod-0.9.0[2988]:   19:49:13.642  INFO zaino_serve::rpc::grpc::service: [TEST] received call, method: "get_block"
1791661753.642086 runnervmmprz5 zainod-0.9.0[2988]:     at packages/zaino-serve/src/rpc/grpc/service.rs:163
1791661753.642800 runnervmmprz5 zainod-0.9.0[2988]:   19:49:13.642  INFO zaino_serve::rpc::grpc::service: [TEST] received call, method: "get_block"
1791661753.642800 runnervmmprz5 zainod-0.9.0[2988]:     at packages/zaino-serve/src/rpc/grpc/service.rs:163
1791661758.630018 runnervmmprz5 zainod-0.9.0[2988]:   19:49:18.629  INFO zainodlib::indexer: Zaino status check, chain_state: Ready, fs_mode: ephemeral(syncing), json_rpc: Ready, grpc: Ready
1791661758.630018 runnervmmprz5 zainod-0.9.0[2988]:     at packages/zainod/src/indexer.rs:310
1791661758.637802 runnervmmprz5 zainod-0.9.0[2988]:   19:49:18.637  INFO zaino_serve::rpc::grpc::service: [TEST] received call, method: "get_lightd_info"
1791661758.637802 runnervmmprz5 zainod-0.9.0[2988]:     at packages/zaino-serve/src/rpc/grpc/service.rs:163
1791661758.641508 runnervmmprz5 zainod-0.9.0[2988]:   19:49:18.641  INFO zaino_serve::rpc::grpc::service: [TEST] received call, method: "get_block"
1791661758.641508 runnervmmprz5 zainod-0.9.0[2988]:     at packages/zaino-serve/src/rpc/grpc/service.rs:163
1791661758.642281 runnervmmprz5 zainod-0.9.0[2988]:   19:49:18.642  INFO zaino_serve::rpc::grpc::service: [TEST] received call, method: "get_block"
1791661758.642281 runnervmmprz5 zainod-0.9.0[2988]:     at packages/zaino-serve/src/rpc/grpc/service.rs:163
1791661759.911556 runnervmmprz5 zainod-0.9.0[2988]:   19:49:19.911  INFO zaino_state::chain_index::finalised_state::finalised_source::v1::tx_out_set_accumulator: txout-set accumulator rebuild: progress, shard: 1, shard_total: 1, lo: 0, hi: 256, height: 654250, db_tip: 4381896, elapsed: 10.537780474s
1791661759.911556 runnervmmprz5 zainod-0.9.0[2988]:     at packages/zaino-state/src/chain_index/finalised_state/finalised_source/v1/tx_out_set_accumulator.rs:1284
1791661763.638925 runnervmmprz5 zainod-0.9.0[2988]:   19:49:23.638  INFO zaino_serve::rpc::grpc::service: [TEST] received call, method: "get_lightd_info"
1791661763.638925 runnervmmprz5 zainod-0.9.0[2988]:     at packages/zaino-serve/src/rpc/grpc/service.rs:163
1791661763.643023 runnervmmprz5 zainod-0.9.0[2988]:   19:49:23.642  INFO zaino_serve::rpc::grpc::service: [TEST] received call, method: "get_block"
1791661763.643023 runnervmmprz5 zainod-0.9.0[2988]:     at packages/zaino-serve/src/rpc/grpc/service.rs:163
1791661763.643721 runnervmmprz5 zainod-0.9.0[2988]:   19:49:23.643  INFO zaino_serve::rpc::grpc::service: [TEST] received call, method: "get_block"
1791661763.643721 runnervmmprz5 zainod-0.9.0[2988]:     at packages/zaino-serve/src/rpc/grpc/service.rs:163
1791661768.630298 runnervmmprz5 zainod-0.9.0[2988]:   19:49:28.630  INFO zainodlib::indexer: Zaino status check, chain_state: Ready, fs_mode: ephemeral(syncing), json_rpc: Ready, grpc: Ready
1791661768.630298 runnervmmprz5 zainod-0.9.0[2988]:     at packages/zainod/src/indexer.rs:310
1791661768.638971 runnervmmprz5 zainod-0.9.0[2988]:   19:49:28.638  INFO zaino_serve::rpc::grpc::service: [TEST] received call, method: "get_lightd_info"
1791661768.638971 runnervmmprz5 zainod-0.9.0[2988]:     at packages/zaino-serve/src/rpc/grpc/service.rs:163
1791661768.642417 runnervmmprz5 zainod-0.9.0[2988]:   19:49:28.642  INFO zaino_serve::rpc::grpc::service: [TEST] received call, method: "get_block"
1791661768.642417 runnervmmprz5 zainod-0.9.0[2988]:     at packages/zaino-serve/src/rpc/grpc/service.rs:163
1791661768.643118 runnervmmprz5 zainod-0.9.0[2988]:   19:49:28.643  INFO zaino_serve::rpc::grpc::service: [TEST] received call, method: "get_block"
1791661768.643118 runnervmmprz5 zainod-0.9.0[2988]:     at packages/zaino-serve/src/rpc/grpc/service.rs:163
1791661769.911631 runnervmmprz5 zainod-0.9.0[2988]:   19:49:29.911  INFO zaino_state::chain_index::finalised_state::finalised_source::v1::tx_out_set_accumulator: txout-set accumulator rebuild: progress, shard: 1, shard_total: 1, lo: 0, hi: 256, height: 1385521, db_tip: 4381896, elapsed: 20.537874192s
1791661769.911631 runnervmmprz5 zainod-0.9.0[2988]:     at packages/zaino-state/src/chain_index/finalised_state/finalised_source/v1/tx_out_set_accumulator.rs:1284
1791661773.639706 runnervmmprz5 zainod-0.9.0[2988]:   19:49:33.639  INFO zaino_serve::rpc::grpc::service: [TEST] received call, method: "get_lightd_info"
1791661773.639706 runnervmmprz5 zainod-0.9.0[2988]:     at packages/zaino-serve/src/rpc/grpc/service.rs:163
1791661773.643806 runnervmmprz5 zainod-0.9.0[2988]:   19:49:33.643  INFO zaino_serve::rpc::grpc::service: [TEST] received call, method: "get_block"
1791661773.643806 runnervmmprz5 zainod-0.9.0[2988]:     at packages/zaino-serve/src/rpc/grpc/service.rs:163
1791661773.644524 runnervmmprz5 zainod-0.9.0[2988]:   19:49:33.644  INFO zaino_serve::rpc::grpc::service: [TEST] received call, method: "get_block"
1791661773.644524 runnervmmprz5 zainod-0.9.0[2988]:     at packages/zaino-serve/src/rpc/grpc/service.rs:163
1791661778.640005 runnervmmprz5 zainod-0.9.0[2988]:   19:49:38.639  INFO zaino_serve::rpc::grpc::service: [TEST] received call, method: "get_lightd_info"
1791661778.640005 runnervmmprz5 zainod-0.9.0[2988]:     at packages/zaino-serve/src/rpc/grpc/service.rs:163
1791661778.643794 runnervmmprz5 zainod-0.9.0[2988]:   19:49:38.643  INFO zaino_serve::rpc::grpc::service: [TEST] received call, method: "get_block"
1791661778.643794 runnervmmprz5 zainod-0.9.0[2988]:     at packages/zaino-serve/src/rpc/grpc/service.rs:163
1791661778.644427 runnervmmprz5 zainod-0.9.0[2988]:   19:49:38.644  INFO zaino_serve::rpc::grpc::service: [TEST] received call, method: "get_block"
1791661778.644427 runnervmmprz5 zainod-0.9.0[2988]:     at packages/zaino-serve/src/rpc/grpc/service.rs:163
1791661778.730192 runnervmmprz5 zainod-0.9.0[2988]:   19:49:38.730  INFO zainodlib::indexer: Zaino status check, chain_state: Ready, fs_mode: ephemeral(syncing), json_rpc: Ready, grpc: Ready
1791661778.730192 runnervmmprz5 zainod-0.9.0[2988]:     at packages/zainod/src/indexer.rs:310
1791661779.911805 runnervmmprz5 zainod-0.9.0[2988]:   19:49:39.911  INFO zaino_state::chain_index::finalised_state::finalised_source::v1::tx_out_set_accumulator: txout-set accumulator rebuild: progress, shard: 1, shard_total: 1, lo: 0, hi: 256, height: 2031835, db_tip: 4381896, elapsed: 30.538044365s
1791661779.911805 runnervmmprz5 zainod-0.9.0[2988]:     at packages/zaino-state/src/chain_index/finalised_state/finalised_source/v1/tx_out_set_accumulator.rs:1284
1791661783.641106 runnervmmprz5 zainod-0.9.0[2988]:   19:49:43.641  INFO zaino_serve::rpc::grpc::service: [TEST] received call, method: "get_lightd_info"
1791661783.641106 runnervmmprz5 zainod-0.9.0[2988]:     at packages/zaino-serve/src/rpc/grpc/service.rs:163
1791661783.645268 runnervmmprz5 zainod-0.9.0[2988]:   19:49:43.645  INFO zaino_serve::rpc::grpc::service: [TEST] received call, method: "get_block"
1791661783.645268 runnervmmprz5 zainod-0.9.0[2988]:     at packages/zaino-serve/src/rpc/grpc/service.rs:163
1791661783.645973 runnervmmprz5 zainod-0.9.0[2988]:   19:49:43.645  INFO zaino_serve::rpc::grpc::service: [TEST] received call, method: "get_block"
1791661783.645973 runnervmmprz5 zainod-0.9.0[2988]:     at packages/zaino-serve/src/rpc/grpc/service.rs:163
1791661788.641480 runnervmmprz5 zainod-0.9.0[2988]:   19:49:48.641  INFO zaino_serve::rpc::grpc::service: [TEST] received call, method: "get_lightd_info"
1791661788.641480 runnervmmprz5 zainod-0.9.0[2988]:     at packages/zaino-serve/src/rpc/grpc/service.rs:163
1791661788.645376 runnervmmprz5 zainod-0.9.0[2988]:   19:49:48.645  INFO zaino_serve::rpc::grpc::service: [TEST] received call, method: "get_block"
1791661788.645376 runnervmmprz5 zainod-0.9.0[2988]:     at packages/zaino-serve/src/rpc/grpc/service.rs:163
1791661788.646123 runnervmmprz5 zainod-0.9.0[2988]:   19:49:48.646  INFO zaino_serve::rpc::grpc::service: [TEST] received call, method: "get_block"
1791661788.646123 runnervmmprz5 zainod-0.9.0[2988]:     at packages/zaino-serve/src/rpc/grpc/service.rs:163
1791661788.830146 runnervmmprz5 zainod-0.9.0[2988]:   19:49:48.830  INFO zainodlib::indexer: Zaino status check, chain_state: Ready, fs_mode: ephemeral(syncing), json_rpc: Ready, grpc: Ready
1791661788.830146 runnervmmprz5 zainod-0.9.0[2988]:     at packages/zainod/src/indexer.rs:310
1791661789.911857 runnervmmprz5 zainod-0.9.0[2988]:   19:49:49.911  INFO zaino_state::chain_index::finalised_state::finalised_source::v1::tx_out_set_accumulator: txout-set accumulator rebuild: progress, shard: 1, shard_total: 1, lo: 0, hi: 256, height: 2680641, db_tip: 4381896, elapsed: 40.538090257s
1791661789.911857 runnervmmprz5 zainod-0.9.0[2988]:     at packages/zaino-state/src/chain_index/finalised_state/finalised_source/v1/tx_out_set_accumulator.rs:1284
1791661793.641799 runnervmmprz5 zainod-0.9.0[2988]:   19:49:53.641  INFO zaino_serve::rpc::grpc::service: [TEST] received call, method: "get_lightd_info"
1791661793.641799 runnervmmprz5 zainod-0.9.0[2988]:     at packages/zaino-serve/src/rpc/grpc/service.rs:163
1791661793.645581 runnervmmprz5 zainod-0.9.0[2988]:   19:49:53.645  INFO zaino_serve::rpc::grpc::service: [TEST] received call, method: "get_block"
1791661793.645581 runnervmmprz5 zainod-0.9.0[2988]:     at packages/zaino-serve/src/rpc/grpc/service.rs:163
1791661793.646247 runnervmmprz5 zainod-0.9.0[2988]:   19:49:53.646  INFO zaino_serve::rpc::grpc::service: [TEST] received call, method: "get_block"
1791661793.646247 runnervmmprz5 zainod-0.9.0[2988]:     at packages/zaino-serve/src/rpc/grpc/service.rs:163
1791661798.641038 runnervmmprz5 zainod-0.9.0[2988]:   19:49:58.641  INFO zaino_serve::rpc::grpc::service: [TEST] received call, method: "get_lightd_info"
1791661798.641038 runnervmmprz5 zainod-0.9.0[2988]:     at packages/zaino-serve/src/rpc/grpc/service.rs:163
1791661798.645106 runnervmmprz5 zainod-0.9.0[2988]:   19:49:58.645  INFO zaino_serve::rpc::grpc::service: [TEST] received call, method: "get_block"
1791661798.645106 runnervmmprz5 zainod-0.9.0[2988]:     at packages/zaino-serve/src/rpc/grpc/service.rs:163
1791661798.645822 runnervmmprz5 zainod-0.9.0[2988]:   19:49:58.645  INFO zaino_serve::rpc::grpc::service: [TEST] received call, method: "get_block"
1791661798.645822 runnervmmprz5 zainod-0.9.0[2988]:     at packages/zaino-serve/src/rpc/grpc/service.rs:163
1791661798.930263 runnervmmprz5 zainod-0.9.0[2988]:   19:49:58.930  INFO zainodlib::indexer: Zaino status check, chain_state: Ready, fs_mode: ephemeral(syncing), json_rpc: Ready, grpc: Ready
1791661798.930263 runnervmmprz5 zainod-0.9.0[2988]:     at packages/zainod/src/indexer.rs:310
1791661799.911927 runnervmmprz5 zainod-0.9.0[2988]:   19:49:59.911  INFO zaino_state::chain_index::finalised_state::finalised_source::v1::tx_out_set_accumulator: txout-set accumulator rebuild: progress, shard: 1, shard_total: 1, lo: 0, hi: 256, height: 3729680, db_tip: 4381896, elapsed: 50.538172384s
1791661799.911927 runnervmmprz5 zainod-0.9.0[2988]:     at packages/zaino-state/src/chain_index/finalised_state/finalised_source/v1/tx_out_set_accumulator.rs:1284
1791661802.511446 runnervmmprz5 zainod-0.9.0[2988]:   19:50:02.511  INFO zaino_state::chain_index::finalised_state::finalised_source::v1::tx_out_set_accumulator: txout-set accumulator rebuild: shard complete, shard: 1, planned: 1, lo: 0, hi: 256, elapsed: 53.137657726s
1791661802.511446 runnervmmprz5 zainod-0.9.0[2988]:     at packages/zaino-state/src/chain_index/finalised_state/finalised_source/v1/tx_out_set_accumulator.rs:1048
1791661802.511446 runnervmmprz5 zainod-0.9.0[2988]:   19:50:02.511  INFO zaino_state::chain_index::finalised_state::finalised_source::v1::tx_out_set_accumulator: txout-set accumulator rebuild: all shards complete, planned: 1, completed: 1, db_tip: 4381896, elapsed: 53.13769705s
1791661802.511446 runnervmmprz5 zainod-0.9.0[2988]:     at packages/zaino-state/src/chain_index/finalised_state/finalised_source/v1/tx_out_set_accumulator.rs:1092
1791661802.710535 runnervmmprz5 zainod-0.9.0[2988]:   19:50:02.710  INFO zaino_state::chain_index::finalised_state::finalised_source::v1::tx_out_set_accumulator: txout-set accumulator rebuild complete and committed, db_tip: 4381896, shards: 1, elapsed: 53.336790394s
1791661802.710535 runnervmmprz5 zainod-0.9.0[2988]:     at packages/zaino-state/src/chain_index/finalised_state/finalised_source/v1/tx_out_set_accumulator.rs:881
1791661802.710535 runnervmmprz5 zainod-0.9.0[2988]:   19:50:02.710  INFO zaino_state::chain_index::finalised_state::router: finalised state switched back to the persistent database, released_mode: ReadOnly, mode: persistent
1791661802.710535 runnervmmprz5 zainod-0.9.0[2988]:     at packages/zaino-state/src/chain_index/finalised_state/router.rs:674
1791661803.642006 runnervmmprz5 zainod-0.9.0[2988]:   19:50:03.641  INFO zaino_serve::rpc::grpc::service: [TEST] received call, method: "get_lightd_info"
1791661803.642006 runnervmmprz5 zainod-0.9.0[2988]:     at packages/zaino-serve/src/rpc/grpc/service.rs:163
1791661803.645411 runnervmmprz5 zainod-0.9.0[2988]:   19:50:03.645  INFO zaino_serve::rpc::grpc::service: [TEST] received call, method: "get_block"
1791661803.645411 runnervmmprz5 zainod-0.9.0[2988]:     at packages/zaino-serve/src/rpc/grpc/service.rs:163
1791661803.648294 runnervmmprz5 zainod-0.9.0[2988]:   19:50:03.648  INFO zaino_serve::rpc::grpc::service: [TEST] received call, method: "get_block"
1791661803.648294 runnervmmprz5 zainod-0.9.0[2988]:     at packages/zaino-serve/src/rpc/grpc/service.rs:163
1791661808.640971 runnervmmprz5 zainod-0.9.0[2988]:   19:50:08.640  INFO zaino_serve::rpc::grpc::service: [TEST] received call, method: "get_lightd_info"
1791661808.640971 runnervmmprz5 zainod-0.9.0[2988]:     at packages/zaino-serve/src/rpc/grpc/service.rs:163
1791661808.644635 runnervmmprz5 zainod-0.9.0[2988]:   19:50:08.644  INFO zaino_serve::rpc::grpc::service: [TEST] received call, method: "get_block"
1791661808.644635 runnervmmprz5 zainod-0.9.0[2988]:     at packages/zaino-serve/src/rpc/grpc/service.rs:163
1791661808.645042 runnervmmprz5 zainod-0.9.0[2988]:   19:50:08.645  INFO zaino_serve::rpc::grpc::service: [TEST] received call, method: "get_block"
1791661808.645042 runnervmmprz5 zainod-0.9.0[2988]:     at packages/zaino-serve/src/rpc/grpc/service.rs:163
1791661809.030495 runnervmmprz5 zainod-0.9.0[2988]:   19:50:09.030  INFO zainodlib::indexer: Zaino status check, chain_state: Ready, fs_mode: persistent, json_rpc: Ready, grpc: Ready
1791661809.030495 runnervmmprz5 zainod-0.9.0[2988]:     at packages/zainod/src/indexer.rs:310
1791661813.642478 runnervmmprz5 zainod-0.9.0[2988]:   19:50:13.642  INFO zaino_serve::rpc::grpc::service: [TEST] received call, method: "get_lightd_info"
1791661813.642478 runnervmmprz5 zainod-0.9.0[2988]:     at packages/zaino-serve/src/rpc/grpc/service.rs:163
1791661813.645819 runnervmmprz5 zainod-0.9.0[2988]:   19:50:13.645  INFO zaino_serve::rpc::grpc::service: [TEST] received call, method: "get_block"
1791661813.645819 runnervmmprz5 zainod-0.9.0[2988]:     at packages/zaino-serve/src/rpc/grpc/service.rs:163
1791661813.646194 runnervmmprz5 zainod-0.9.0[2988]:   19:50:13.646  INFO zaino_serve::rpc::grpc::service: [TEST] received call, method: "get_block"
1791661813.646194 runnervmmprz5 zainod-0.9.0[2988]:     at packages/zaino-serve/src/rpc/grpc/service.rs:163
1791661818.642350 runnervmmprz5 zainod-0.9.0[2988]:   19:50:18.642  INFO zaino_serve::rpc::grpc::service: [TEST] received call, method: "get_lightd_info"
1791661818.642350 runnervmmprz5 zainod-0.9.0[2988]:     at packages/zaino-serve/src/rpc/grpc/service.rs:163
1791661818.645676 runnervmmprz5 zainod-0.9.0[2988]:   19:50:18.645  INFO zaino_serve::rpc::grpc::service: [TEST] received call, method: "get_block"
1791661818.645676 runnervmmprz5 zainod-0.9.0[2988]:     at packages/zaino-serve/src/rpc/grpc/service.rs:163
1791661818.646076 runnervmmprz5 zainod-0.9.0[2988]:   19:50:18.646  INFO zaino_serve::rpc::grpc::service: [TEST] received call, method: "get_block"
1791661818.646076 runnervmmprz5 zainod-0.9.0[2988]:     at packages/zaino-serve/src/rpc/grpc/service.rs:163
1791661819.129735 runnervmmprz5 zainod-0.9.0[2988]:   19:50:19.129  INFO zainodlib::indexer: Zaino status check, chain_state: Ready, fs_mode: persistent, json_rpc: Ready, grpc: Ready
1791661819.129735 runnervmmprz5 zainod-0.9.0[2988]:     at packages/zainod/src/indexer.rs:310
1791661823.643500 runnervmmprz5 zainod-0.9.0[2988]:   19:50:23.643  INFO zaino_serve::rpc::grpc::service: [TEST] received call, method: "get_lightd_info"
1791661823.643500 runnervmmprz5 zainod-0.9.0[2988]:     at packages/zaino-serve/src/rpc/grpc/service.rs:163
1791661823.646830 runnervmmprz5 zainod-0.9.0[2988]:   19:50:23.646  INFO zaino_serve::rpc::grpc::service: [TEST] received call, method: "get_block"
1791661823.646830 runnervmmprz5 zainod-0.9.0[2988]:     at packages/zaino-serve/src/rpc/grpc/service.rs:163
1791661823.647205 runnervmmprz5 zainod-0.9.0[2988]:   19:50:23.647  INFO zaino_serve::rpc::grpc::service: [TEST] received call, method: "get_block"
1791661823.647205 runnervmmprz5 zainod-0.9.0[2988]:     at packages/zaino-serve/src/rpc/grpc/service.rs:163
1791661828.643139 runnervmmprz5 zainod-0.9.0[2988]:   19:50:28.643  INFO zaino_serve::rpc::grpc::service: [TEST] received call, method: "get_lightd_info"
1791661828.643139 runnervmmprz5 zainod-0.9.0[2988]:     at packages/zaino-serve/src/rpc/grpc/service.rs:163
1791661828.646507 runnervmmprz5 zainod-0.9.0[2988]:   19:50:28.646  INFO zaino_serve::rpc::grpc::service: [TEST] received call, method: "get_block"
1791661828.646507 runnervmmprz5 zainod-0.9.0[2988]:     at packages/zaino-serve/src/rpc/grpc/service.rs:163
1791661828.646919 runnervmmprz5 zainod-0.9.0[2988]:   19:50:28.646  INFO zaino_serve::rpc::grpc::service: [TEST] received call, method: "get_block"
1791661828.646919 runnervmmprz5 zainod-0.9.0[2988]:     at packages/zaino-serve/src/rpc/grpc/service.rs:163
1791661829.129910 runnervmmprz5 zainod-0.9.0[2988]:   19:50:29.129  INFO zainodlib::indexer: Zaino status check, chain_state: Ready, fs_mode: persistent, json_rpc: Ready, grpc: Ready
1791661829.129910 runnervmmprz5 zainod-0.9.0[2988]:     at packages/zainod/src/indexer.rs:310
1791661833.644758 runnervmmprz5 zainod-0.9.0[2988]:   19:50:33.644  INFO zaino_serve::rpc::grpc::service: [TEST] received call, method: "get_lightd_info"
1791661833.644758 runnervmmprz5 zainod-0.9.0[2988]:     at packages/zaino-serve/src/rpc/grpc/service.rs:163
1791661833.648061 runnervmmprz5 zainod-0.9.0[2988]:   19:50:33.648  INFO zaino_serve::rpc::grpc::service: [TEST] received call, method: "get_block"
1791661833.648061 runnervmmprz5 zainod-0.9.0[2988]:     at packages/zaino-serve/src/rpc/grpc/service.rs:163
1791661833.648436 runnervmmprz5 zainod-0.9.0[2988]:   19:50:33.648  INFO zaino_serve::rpc::grpc::service: [TEST] received call, method: "get_block"
1791661833.648436 runnervmmprz5 zainod-0.9.0[2988]:     at packages/zaino-serve/src/rpc/grpc/service.rs:163
1791661838.644155 runnervmmprz5 zainod-0.9.0[2988]:   19:50:38.644  INFO zaino_serve::rpc::grpc::service: [TEST] received call, method: "get_lightd_info"
1791661838.644155 runnervmmprz5 zainod-0.9.0[2988]:     at packages/zaino-serve/src/rpc/grpc/service.rs:163
1791661838.647636 runnervmmprz5 zainod-0.9.0[2988]:   19:50:38.647  INFO zaino_serve::rpc::grpc::service: [TEST] received call, method: "get_block"
1791661838.647636 runnervmmprz5 zainod-0.9.0[2988]:     at packages/zaino-serve/src/rpc/grpc/service.rs:163
1791661838.648055 runnervmmprz5 zainod-0.9.0[2988]:   19:50:38.648  INFO zaino_serve::rpc::grpc::service: [TEST] received call, method: "get_block"
1791661838.648055 runnervmmprz5 zainod-0.9.0[2988]:     at packages/zaino-serve/src/rpc/grpc/service.rs:163
1791661839.130280 runnervmmprz5 zainod-0.9.0[2988]:   19:50:39.130  INFO zainodlib::indexer: Zaino status check, chain_state: Ready, fs_mode: persistent, json_rpc: Ready, grpc: Ready
1791661839.130280 runnervmmprz5 zainod-0.9.0[2988]:     at packages/zainod/src/indexer.rs:310
1791661843.645884 runnervmmprz5 zainod-0.9.0[2988]:   19:50:43.645  INFO zaino_serve::rpc::grpc::service: [TEST] received call, method: "get_lightd_info"
1791661843.645884 runnervmmprz5 zainod-0.9.0[2988]:     at packages/zaino-serve/src/rpc/grpc/service.rs:163
1791661843.649131 runnervmmprz5 zainod-0.9.0[2988]:   19:50:43.649  INFO zaino_serve::rpc::grpc::service: [TEST] received call, method: "get_block"
1791661843.649131 runnervmmprz5 zainod-0.9.0[2988]:     at packages/zaino-serve/src/rpc/grpc/service.rs:163
1791661843.649510 runnervmmprz5 zainod-0.9.0[2988]:   19:50:43.649  INFO zaino_serve::rpc::grpc::service: [TEST] received call, method: "get_block"
1791661843.649510 runnervmmprz5 zainod-0.9.0[2988]:     at packages/zaino-serve/src/rpc/grpc/service.rs:163
1791661848.645175 runnervmmprz5 zainod-0.9.0[2988]:   19:50:48.645  INFO zaino_serve::rpc::grpc::service: [TEST] received call, method: "get_lightd_info"
1791661848.645175 runnervmmprz5 zainod-0.9.0[2988]:     at packages/zaino-serve/src/rpc/grpc/service.rs:163
1791661848.648564 runnervmmprz5 zainod-0.9.0[2988]:   19:50:48.648  INFO zaino_serve::rpc::grpc::service: [TEST] received call, method: "get_block"
1791661848.648564 runnervmmprz5 zainod-0.9.0[2988]:     at packages/zaino-serve/src/rpc/grpc/service.rs:163
1791661848.648988 runnervmmprz5 zainod-0.9.0[2988]:   19:50:48.648  INFO zaino_serve::rpc::grpc::service: [TEST] received call, method: "get_block"
1791661848.648988 runnervmmprz5 zainod-0.9.0[2988]:     at packages/zaino-serve/src/rpc/grpc/service.rs:163
1791661849.230319 runnervmmprz5 zainod-0.9.0[2988]:   19:50:49.230  INFO zainodlib::indexer: Zaino status check, chain_state: Ready, fs_mode: persistent, json_rpc: Ready, grpc: Ready
1791661849.230319 runnervmmprz5 zainod-0.9.0[2988]:     at packages/zainod/src/indexer.rs:310
1791661853.646572 runnervmmprz5 zainod-0.9.0[2988]:   19:50:53.646  INFO zaino_serve::rpc::grpc::service: [TEST] received call, method: "get_lightd_info"
1791661853.646572 runnervmmprz5 zainod-0.9.0[2988]:     at packages/zaino-serve/src/rpc/grpc/service.rs:163
1791661853.649877 runnervmmprz5 zainod-0.9.0[2988]:   19:50:53.649  INFO zaino_serve::rpc::grpc::service: [TEST] received call, method: "get_block"
1791661853.649877 runnervmmprz5 zainod-0.9.0[2988]:     at packages/zaino-serve/src/rpc/grpc/service.rs:163
1791661853.650260 runnervmmprz5 zainod-0.9.0[2988]:   19:50:53.650  INFO zaino_serve::rpc::grpc::service: [TEST] received call, method: "get_block"
1791661853.650260 runnervmmprz5 zainod-0.9.0[2988]:     at packages/zaino-serve/src/rpc/grpc/service.rs:163
1791661858.646275 runnervmmprz5 zainod-0.9.0[2988]:   19:50:58.646  INFO zaino_serve::rpc::grpc::service: [TEST] received call, method: "get_lightd_info"
1791661858.646275 runnervmmprz5 zainod-0.9.0[2988]:     at packages/zaino-serve/src/rpc/grpc/service.rs:163
1791661858.649586 runnervmmprz5 zainod-0.9.0[2988]:   19:50:58.649  INFO zaino_serve::rpc::grpc::service: [TEST] received call, method: "get_block"
1791661858.649586 runnervmmprz5 zainod-0.9.0[2988]:     at packages/zaino-serve/src/rpc/grpc/service.rs:163
1791661858.649990 runnervmmprz5 zainod-0.9.0[2988]:   19:50:58.649  INFO zaino_serve::rpc::grpc::service: [TEST] received call, method: "get_block"
1791661858.649990 runnervmmprz5 zainod-0.9.0[2988]:     at packages/zaino-serve/src/rpc/grpc/service.rs:163
1791661859.330564 runnervmmprz5 zainod-0.9.0[2988]:   19:50:59.330  INFO zainodlib::indexer: Zaino status check, chain_state: Ready, fs_mode: persistent, json_rpc: Ready, grpc: Ready
1791661859.330564 runnervmmprz5 zainod-0.9.0[2988]:     at packages/zainod/src/indexer.rs:310
1791661863.647796 runnervmmprz5 zainod-0.9.0[2988]:   19:51:03.647  INFO zaino_serve::rpc::grpc::service: [TEST] received call, method: "get_lightd_info"
1791661863.647796 runnervmmprz5 zainod-0.9.0[2988]:     at packages/zaino-serve/src/rpc/grpc/service.rs:163
1791661863.651085 runnervmmprz5 zainod-0.9.0[2988]:   19:51:03.651  INFO zaino_serve::rpc::grpc::service: [TEST] received call, method: "get_block"
1791661863.651085 runnervmmprz5 zainod-0.9.0[2988]:     at packages/zaino-serve/src/rpc/grpc/service.rs:163
1791661863.651461 runnervmmprz5 zainod-0.9.0[2988]:   19:51:03.651  INFO zaino_serve::rpc::grpc::service: [TEST] received call, method: "get_block"
1791661863.651461 runnervmmprz5 zainod-0.9.0[2988]:     at packages/zaino-serve/src/rpc/grpc/service.rs:163
1791661868.647256 runnervmmprz5 zainod-0.9.0[2988]:   19:51:08.647  INFO zaino_serve::rpc::grpc::service: [TEST] received call, method: "get_lightd_info"
1791661868.647256 runnervmmprz5 zainod-0.9.0[2988]:     at packages/zaino-serve/src/rpc/grpc/service.rs:163
1791661868.650566 runnervmmprz5 zainod-0.9.0[2988]:   19:51:08.650  INFO zaino_serve::rpc::grpc::service: [TEST] received call, method: "get_block"
1791661868.650566 runnervmmprz5 zainod-0.9.0[2988]:     at packages/zaino-serve/src/rpc/grpc/service.rs:163
1791661868.650992 runnervmmprz5 zainod-0.9.0[2988]:   19:51:08.650  INFO zaino_serve::rpc::grpc::service: [TEST] received call, method: "get_block"
1791661868.650992 runnervmmprz5 zainod-0.9.0[2988]:     at packages/zaino-serve/src/rpc/grpc/service.rs:163
1791661869.430539 runnervmmprz5 zainod-0.9.0[2988]:   19:51:09.430  INFO zainodlib::indexer: Zaino status check, chain_state: Ready, fs_mode: persistent, json_rpc: Ready, grpc: Ready
1791661869.430539 runnervmmprz5 zainod-0.9.0[2988]:     at packages/zainod/src/indexer.rs:310
1791661873.648587 runnervmmprz5 zainod-0.9.0[2988]:   19:51:13.648  INFO zaino_serve::rpc::grpc::service: [TEST] received call, method: "get_lightd_info"
1791661873.648587 runnervmmprz5 zainod-0.9.0[2988]:     at packages/zaino-serve/src/rpc/grpc/service.rs:163
1791661873.651890 runnervmmprz5 zainod-0.9.0[2988]:   19:51:13.651  INFO zaino_serve::rpc::grpc::service: [TEST] received call, method: "get_block"
1791661873.651890 runnervmmprz5 zainod-0.9.0[2988]:     at packages/zaino-serve/src/rpc/grpc/service.rs:163
1791661873.652266 runnervmmprz5 zainod-0.9.0[2988]:   19:51:13.652  INFO zaino_serve::rpc::grpc::service: [TEST] received call, method: "get_block"
1791661873.652266 runnervmmprz5 zainod-0.9.0[2988]:     at packages/zaino-serve/src/rpc/grpc/service.rs:163
1791661878.648257 runnervmmprz5 zainod-0.9.0[2988]:   19:51:18.648  INFO zaino_serve::rpc::grpc::service: [TEST] received call, method: "get_lightd_info"
1791661878.648257 runnervmmprz5 zainod-0.9.0[2988]:     at packages/zaino-serve/src/rpc/grpc/service.rs:163
1791661878.651684 runnervmmprz5 zainod-0.9.0[2988]:   19:51:18.651  INFO zaino_serve::rpc::grpc::service: [TEST] received call, method: "get_block"
1791661878.651684 runnervmmprz5 zainod-0.9.0[2988]:     at packages/zaino-serve/src/rpc/grpc/service.rs:163
1791661878.652069 runnervmmprz5 zainod-0.9.0[2988]:   19:51:18.652  INFO zaino_serve::rpc::grpc::service: [TEST] received call, method: "get_block"
1791661878.652069 runnervmmprz5 zainod-0.9.0[2988]:     at packages/zaino-serve/src/rpc/grpc/service.rs:163
1791661879.530663 runnervmmprz5 zainod-0.9.0[2988]:   19:51:19.530  INFO zainodlib::indexer: Zaino status check, chain_state: Ready, fs_mode: persistent, json_rpc: Ready, grpc: Ready
1791661879.530663 runnervmmprz5 zainod-0.9.0[2988]:     at packages/zainod/src/indexer.rs:310
1791661883.649710 runnervmmprz5 zainod-0.9.0[2988]:   19:51:23.649  INFO zaino_serve::rpc::grpc::service: [TEST] received call, method: "get_lightd_info"
1791661883.649710 runnervmmprz5 zainod-0.9.0[2988]:     at packages/zaino-serve/src/rpc/grpc/service.rs:163
1791661883.653058 runnervmmprz5 zainod-0.9.0[2988]:   19:51:23.653  INFO zaino_serve::rpc::grpc::service: [TEST] received call, method: "get_block"
1791661883.653058 runnervmmprz5 zainod-0.9.0[2988]:     at packages/zaino-serve/src/rpc/grpc/service.rs:163
1791661883.653438 runnervmmprz5 zainod-0.9.0[2988]:   19:51:23.653  INFO zaino_serve::rpc::grpc::service: [TEST] received call, method: "get_block"
1791661883.653438 runnervmmprz5 zainod-0.9.0[2988]:     at packages/zaino-serve/src/rpc/grpc/service.rs:163
1791661888.649423 runnervmmprz5 zainod-0.9.0[2988]:   19:51:28.649  INFO zaino_serve::rpc::grpc::service: [TEST] received call, method: "get_lightd_info"
1791661888.649423 runnervmmprz5 zainod-0.9.0[2988]:     at packages/zaino-serve/src/rpc/grpc/service.rs:163
1791661888.652744 runnervmmprz5 zainod-0.9.0[2988]:   19:51:28.652  INFO zaino_serve::rpc::grpc::service: [TEST] received call, method: "get_block"
1791661888.652744 runnervmmprz5 zainod-0.9.0[2988]:     at packages/zaino-serve/src/rpc/grpc/service.rs:163
1791661888.653156 runnervmmprz5 zainod-0.9.0[2988]:   19:51:28.653  INFO zaino_serve::rpc::grpc::service: [TEST] received call, method: "get_block"
1791661888.653156 runnervmmprz5 zainod-0.9.0[2988]:     at packages/zaino-serve/src/rpc/grpc/service.rs:163
1791661889.630536 runnervmmprz5 zainod-0.9.0[2988]:   19:51:29.630  INFO zainodlib::indexer: Zaino status check, chain_state: Ready, fs_mode: persistent, json_rpc: Ready, grpc: Ready
1791661889.630536 runnervmmprz5 zainod-0.9.0[2988]:     at packages/zainod/src/indexer.rs:310
1791661893.650690 runnervmmprz5 zainod-0.9.0[2988]:   19:51:33.650  INFO zaino_serve::rpc::grpc::service: [TEST] received call, method: "get_lightd_info"
1791661893.650690 runnervmmprz5 zainod-0.9.0[2988]:     at packages/zaino-serve/src/rpc/grpc/service.rs:163
1791661893.654024 runnervmmprz5 zainod-0.9.0[2988]:   19:51:33.654  INFO zaino_serve::rpc::grpc::service: [TEST] received call, method: "get_block"
1791661893.654024 runnervmmprz5 zainod-0.9.0[2988]:     at packages/zaino-serve/src/rpc/grpc/service.rs:163
1791661893.654390 runnervmmprz5 zainod-0.9.0[2988]:   19:51:33.654  INFO zaino_serve::rpc::grpc::service: [TEST] received call, method: "get_block"
1791661893.654390 runnervmmprz5 zainod-0.9.0[2988]:     at packages/zaino-serve/src/rpc/grpc/service.rs:163
1791661898.650579 runnervmmprz5 zainod-0.9.0[2988]:   19:51:38.650  INFO zaino_serve::rpc::grpc::service: [TEST] received call, method: "get_lightd_info"
1791661898.650579 runnervmmprz5 zainod-0.9.0[2988]:     at packages/zaino-serve/src/rpc/grpc/service.rs:163
1791661898.653935 runnervmmprz5 zainod-0.9.0[2988]:   19:51:38.653  INFO zaino_serve::rpc::grpc::service: [TEST] received call, method: "get_block"
1791661898.653935 runnervmmprz5 zainod-0.9.0[2988]:     at packages/zaino-serve/src/rpc/grpc/service.rs:163
1791661898.654295 runnervmmprz5 zainod-0.9.0[2988]:   19:51:38.654  INFO zaino_serve::rpc::grpc::service: [TEST] received call, method: "get_block"
1791661898.654295 runnervmmprz5 zainod-0.9.0[2988]:     at packages/zaino-serve/src/rpc/grpc/service.rs:163
1791661899.730257 runnervmmprz5 zainod-0.9.0[2988]:   19:51:39.730  INFO zainodlib::indexer: Zaino status check, chain_state: Ready, fs_mode: persistent, json_rpc: Ready, grpc: Ready
1791661899.730257 runnervmmprz5 zainod-0.9.0[2988]:     at packages/zainod/src/indexer.rs:310
1791661903.651673 runnervmmprz5 zainod-0.9.0[2988]:   19:51:43.651  INFO zaino_serve::rpc::grpc::service: [TEST] received call, method: "get_lightd_info"
1791661903.651673 runnervmmprz5 zainod-0.9.0[2988]:     at packages/zaino-serve/src/rpc/grpc/service.rs:163
1791661903.654976 runnervmmprz5 zainod-0.9.0[2988]:   19:51:43.654  INFO zaino_serve::rpc::grpc::service: [TEST] received call, method: "get_block"
1791661903.654976 runnervmmprz5 zainod-0.9.0[2988]:     at packages/zaino-serve/src/rpc/grpc/service.rs:163
1791661903.655355 runnervmmprz5 zainod-0.9.0[2988]:   19:51:43.655  INFO zaino_serve::rpc::grpc::service: [TEST] received call, method: "get_block"
1791661903.655355 runnervmmprz5 zainod-0.9.0[2988]:     at packages/zaino-serve/src/rpc/grpc/service.rs:163
1791661908.651741 runnervmmprz5 zainod-0.9.0[2988]:   19:51:48.651  INFO zaino_serve::rpc::grpc::service: [TEST] received call, method: "get_lightd_info"
1791661908.651741 runnervmmprz5 zainod-0.9.0[2988]:     at packages/zaino-serve/src/rpc/grpc/service.rs:163
1791661908.655217 runnervmmprz5 zainod-0.9.0[2988]:   19:51:48.655  INFO zaino_serve::rpc::grpc::service: [TEST] received call, method: "get_block"
1791661908.655217 runnervmmprz5 zainod-0.9.0[2988]:     at packages/zaino-serve/src/rpc/grpc/service.rs:163
1791661908.655575 runnervmmprz5 zainod-0.9.0[2988]:   19:51:48.655  INFO zaino_serve::rpc::grpc::service: [TEST] received call, method: "get_block"
1791661908.655575 runnervmmprz5 zainod-0.9.0[2988]:     at packages/zaino-serve/src/rpc/grpc/service.rs:163
1791661909.830349 runnervmmprz5 zainod-0.9.0[2988]:   19:51:49.830  INFO zainodlib::indexer: Zaino status check, chain_state: Ready, fs_mode: persistent, json_rpc: Ready, grpc: Ready
1791661909.830349 runnervmmprz5 zainod-0.9.0[2988]:     at packages/zainod/src/indexer.rs:310
1791661913.652845 runnervmmprz5 zainod-0.9.0[2988]:   19:51:53.652  INFO zaino_serve::rpc::grpc::service: [TEST] received call, method: "get_lightd_info"
1791661913.652845 runnervmmprz5 zainod-0.9.0[2988]:     at packages/zaino-serve/src/rpc/grpc/service.rs:163
1791661913.656112 runnervmmprz5 zainod-0.9.0[2988]:   19:51:53.656  INFO zaino_serve::rpc::grpc::service: [TEST] received call, method: "get_block"
1791661913.656112 runnervmmprz5 zainod-0.9.0[2988]:     at packages/zaino-serve/src/rpc/grpc/service.rs:163
1791661913.656470 runnervmmprz5 zainod-0.9.0[2988]:   19:51:53.656  INFO zaino_serve::rpc::grpc::service: [TEST] received call, method: "get_block"
1791661913.656470 runnervmmprz5 zainod-0.9.0[2988]:     at packages/zaino-serve/src/rpc/grpc/service.rs:163
1791661918.652586 runnervmmprz5 zainod-0.9.0[2988]:   19:51:58.652  INFO zaino_serve::rpc::grpc::service: [TEST] received call, method: "get_lightd_info"
1791661918.652586 runnervmmprz5 zainod-0.9.0[2988]:     at packages/zaino-serve/src/rpc/grpc/service.rs:163
1791661918.656004 runnervmmprz5 zainod-0.9.0[2988]:   19:51:58.655  INFO zaino_serve::rpc::grpc::service: [TEST] received call, method: "get_block"
1791661918.656004 runnervmmprz5 zainod-0.9.0[2988]:     at packages/zaino-serve/src/rpc/grpc/service.rs:163
1791661918.656381 runnervmmprz5 zainod-0.9.0[2988]:   19:51:58.656  INFO zaino_serve::rpc::grpc::service: [TEST] received call, method: "get_block"
1791661918.656381 runnervmmprz5 zainod-0.9.0[2988]:     at packages/zaino-serve/src/rpc/grpc/service.rs:163
1791661919.930428 runnervmmprz5 zainod-0.9.0[2988]:   19:51:59.930  INFO zainodlib::indexer: Zaino status check, chain_state: Ready, fs_mode: persistent, json_rpc: Ready, grpc: Ready
1791661919.930428 runnervmmprz5 zainod-0.9.0[2988]:     at packages/zainod/src/indexer.rs:310
1791661923.654047 runnervmmprz5 zainod-0.9.0[2988]:   19:52:03.654  INFO zaino_serve::rpc::grpc::service: [TEST] received call, method: "get_lightd_info"
1791661923.654047 runnervmmprz5 zainod-0.9.0[2988]:     at packages/zaino-serve/src/rpc/grpc/service.rs:163
1791661923.657363 runnervmmprz5 zainod-0.9.0[2988]:   19:52:03.657  INFO zaino_serve::rpc::grpc::service: [TEST] received call, method: "get_block"
1791661923.657363 runnervmmprz5 zainod-0.9.0[2988]:     at packages/zaino-serve/src/rpc/grpc/service.rs:163
1791661923.657719 runnervmmprz5 zainod-0.9.0[2988]:   19:52:03.657  INFO zaino_serve::rpc::grpc::service: [TEST] received call, method: "get_block"
1791661923.657719 runnervmmprz5 zainod-0.9.0[2988]:     at packages/zaino-serve/src/rpc/grpc/service.rs:163
1791661923.659643 runnervmmprz5 zainod-0.9.0[2988]:   19:52:03.659  INFO zaino_serve::rpc::grpc::service: [TEST] received call, method: "get_latest_block"
1791661923.659643 runnervmmprz5 zainod-0.9.0[2988]:     at packages/zaino-serve/src/rpc/grpc/service.rs:163
1791661923.663887 runnervmmprz5 systemd[1]: Stopping zbench-zaino-0.9.0.service - /opt/zbench/bin/zainod-0.9.0 start --config /home/runner/work/zcash-indexer-bench/zcash-indexer-bench/runs/zaino-0.9.0-r2/index/zainod.toml...
1791661923.813700 runnervmmprz5 systemd[1]: zbench-zaino-0.9.0.service: Deactivated successfully.
1791661923.814008 runnervmmprz5 systemd[1]: Stopped zbench-zaino-0.9.0.service - /opt/zbench/bin/zainod-0.9.0 start --config /home/runner/work/zcash-indexer-bench/zcash-indexer-bench/runs/zaino-0.9.0-r2/index/zainod.toml.
1791661923.814326 runnervmmprz5 systemd[1]: zbench-zaino-0.9.0.service: Consumed 41min 20.006s CPU time, 12.8G memory peak, 0B memory swap peak, read 9.7G from disk, written 39.0G to disk.
