t,elapsed_s,who,cpu_usec,user_usec,system_usec,mem_bytes,mem_peak_bytes,anon_bytes,file_bytes,rbytes,wbytes,pids,host_mem_available_bytes
1791660374.987,0.038,indexer,10180,2553,7626,9154560,9154560,1396736,7659520,7659520,0,1,15567101952
1791660374.987,0.038,zebrad,28197114,24620165,3576949,509681664,630743040,218923008,284749824,163323904,482041856,21,15567101952
1791660376.886,1.936,indexer,1116416,668352,448063,291995648,291995648,139669504,143376384,143343616,0,8,15407034368
1791660376.886,1.936,zebrad,32595334,28344960,4250373,676917248,676917248,219828224,448573440,241295360,568037376,21,15407034368
1791660377.886,2.936,indexer,2379537,1582817,796720,353837056,353845248,179523584,164106240,163909632,0,23,15345946624
1791660377.886,2.936,zebrad,34881156,30333422,4547733,740052992,740052992,222257152,508125184,273379328,605831168,21,15345946624
1791660378.886,3.936,indexer,3825968,2553482,1272485,404213760,405295104,203718656,190128128,189911040,0,23,15319343104
1791660378.886,3.936,zebrad,36871209,32060338,4810870,761024512,761024512,225677312,525774848,289579008,605831168,21,15319343104
1791660379.886,4.936,indexer,5113811,3392054,1721757,431980544,431984640,211472384,210055168,209838080,0,23,15315009536
1791660379.886,4.936,zebrad,38902544,33649517,5253027,773795840,773795840,226492416,537784320,300388352,605831168,21,15315009536
1791660380.886,5.937,indexer,6385715,4228143,2157571,454598656,454598656,215494656,228589568,228368384,0,23,15311564800
1791660380.886,5.937,zebrad,40945082,35255960,5689121,785854464,785854464,227966976,548356096,309723136,605831168,21,15311564800
1791660381.886,6.937,indexer,7673155,5068071,2605083,480346112,480350208,222937088,246870016,246648832,0,23,15301947392
1791660381.886,6.937,zebrad,42912383,36844619,6067763,795004928,795004928,228503552,557137920,317403136,605831168,21,15301947392
1791660382.886,7.937,indexer,8921584,5872533,3049050,503820288,503820288,230203392,263127040,262909952,0,23,15293767680
1791660382.886,7.937,zebrad,44974815,38513271,6461544,806014976,806014976,229076992,567062528,326086656,605831168,21,15293767680
1791660383.887,8.937,indexer,10211871,6688910,3522960,526032896,526065664,236838912,278802432,278581248,0,23,15286898688
1791660383.887,8.937,zebrad,46963336,40052590,6910745,818237440,818237440,229298176,579301376,337043456,605831168,21,15286898688
1791660384.887,9.937,indexer,11475398,7493559,3981838,548564992,548569088,245092352,292900864,292679680,0,23,15279124480
1791660384.887,9.937,zebrad,48970142,41653799,7316342,829771776,829771776,229335040,590299136,346845184,605831168,21,15279124480
1791660385.887,10.938,indexer,12785188,8338364,4446823,569495552,569499648,252071936,306823168,306601984,0,23,15276421120
1791660385.887,10.938,zebrad,50919003,43188105,7730898,839995392,839995392,229478400,600383488,355790848,605831168,21,15276421120
1791660386.887,11.938,indexer,13991440,9115134,4876306,589750272,589766656,259805184,319234048,319012864,0,23,15263469568
1791660386.887,11.938,zebrad,52734465,44644874,8089590,847859712,847859712,229756928,607821824,362151936,605831168,21,15263469568
1791660387.888,12.938,indexer,15050298,9796322,5253976,606515200,606527488,266432512,329531392,329314304,0,23,15255023616
1791660387.888,12.938,zebrad,54304772,45940561,8364211,856510464,856510464,231378944,614936576,368209920,605831168,21,15255023616
1791660388.888,13.938,indexer,16200390,10518666,5681723,624676864,624680960,273670144,340185088,339959808,0,23,15247806464
1791660388.888,13.938,zebrad,55979393,47276197,8703196,865161216,865161216,231813120,623128576,375373824,605831168,21,15247806464
1791660389.888,14.938,indexer,17401893,11298967,6102925,643448832,643452928,281280512,351383552,351162368,0,23,15238270976
1791660389.888,14.938,zebrad,58126369,49055247,9071121,882724864,882724864,234283008,638328832,389058560,605831168,21,15238270976
1791660390.888,15.938,indexer,18630764,12108737,6522026,661807104,661807104,287010816,363810816,363589632,0,23,15231467520
1791660390.888,15.938,zebrad,60204625,50779942,9424683,894259200,894259200,235229184,648830976,398278656,605831168,21,15231467520
1791660391.888,16.938,indexer,19892487,12940385,6952101,682369024,682369024,296046592,375132160,374910976,0,23,15225139200
1791660391.888,16.938,zebrad,62201435,52403056,9798379,902864896,902864896,235368448,657108992,405381120,605831168,21,15225139200
1791660392.888,17.938,indexer,21165698,13778580,7387117,701206528,701210624,303775744,386441216,386220032,0,23,15216836608
1791660392.888,17.938,zebrad,64218724,54005871,10212852,917282816,917282816,237129728,669978624,416833536,605831168,21,15216836608
1791660393.888,18.939,indexer,22445793,14614771,7831021,718544896,718594048,311226368,396820480,396599296,0,23,15204741120
1791660393.888,18.939,zebrad,66190148,55569819,10620328,927768576,927768576,237559808,679682048,425410560,605831168,21,15204741120
1791660394.888,19.939,indexer,23617360,15432444,8184916,738234368,738238464,319676416,407773184,407552000,0,23,15190786048
1791660394.888,19.939,zebrad,68494706,57505991,10988714,945328128,945332224,241033216,693706752,438153216,605831168,21,15190786048
1791660395.888,20.939,indexer,24754628,16205739,8548888,753459200,753475584,325951488,416768000,416546816,0,23,15185666048
1791660395.888,20.939,zebrad,70890971,59615315,11275656,965775360,965775360,244310016,710832128,454049792,605831168,21,15185666048
1791660396.889,21.939,indexer,25933737,17012522,8921214,769667072,769671168,333983744,424505344,424292352,0,23,15177715712
1791660396.889,21.939,zebrad,73248091,61693633,11554458,983601152,983601152,245272576,728031232,469950464,605831168,21,15177715712
1791660397.889,22.939,indexer,27167286,17829930,9337355,783986688,784027648,340660224,432447488,432226304,0,23,15173320704
1791660397.889,22.939,zebrad,75548976,63697504,11851471,999591936,999591936,245862400,742854656,483581952,605831168,21,15173320704
1791660398.889,23.939,indexer,28391571,18654170,9737401,798162944,798167040,347717632,439369728,439148544,0,23,15168737280
1791660398.889,23.939,zebrad,77920631,65794123,12126507,1017417728,1017417728,246722560,759816192,499363840,605831168,21,15168737280
1791660399.889,24.939,indexer,29647839,19515904,10131934,811188224,811200512,354131968,445681664,445747200,0,23,15166676992
1791660399.889,24.939,zebrad,80205795,67809540,12396254,1033670656,1033670656,247525376,775188480,513548288,605831168,21,15166676992
1791660400.889,25.940,indexer,30918235,20410024,10508211,828280832,828293120,362553344,454709248,454488064,0,23,15153659904
1791660400.889,25.940,zebrad,82476114,69766851,12709262,1049661440,1049661440,248401920,790482944,527630336,605831168,21,15153659904
1791660401.889,26.940,indexer,32185259,21275021,10910237,845062144,845082624,370200576,464056320,463884288,0,23,15143624704
1791660401.889,26.940,zebrad,84703918,71688761,13015156,1063288832,1063288832,249708544,802660352,538501120,605831168,21,15143624704
1791660402.890,27.940,indexer,33530010,22217575,11312434,863293440,863293440,380121088,471867392,471646208,0,23,15136485376
1791660402.890,27.940,zebrad,86727587,73385885,13341701,1072988160,1072988160,250302464,811638784,546172928,647766016,21,15136485376
1791660403.890,28.940,indexer,34878483,23137665,11740817,882188288,882454528,389414912,481792000,481570816,0,23,15124905984
1791660403.890,28.940,zebrad,88683255,74959015,13724239,1080287232,1080287232,250703872,818495488,551858176,647766016,21,15124905984
1791660404.890,29.940,indexer,36164584,24007206,12157377,901636096,901636096,398614528,491929600,491708416,0,23,15111671808
1791660404.890,29.940,zebrad,90754390,76658942,14095447,1091559424,1091559424,252755968,827670528,559669248,647766016,21,15111671808
1791660405.890,30.940,indexer,37428445,24859328,12569117,922324992,922353664,408395776,502702080,502480896,20480,23,15103213568
1791660405.890,30.940,zebrad,92822904,78370748,14452155,1099161600,1099161600,253272064,834519040,565149696,647766016,21,15103213568
1791660406.890,31.940,indexer,38727969,25740994,12986975,939192320,939212800,415498240,512581632,512360448,20480,23,15096037376
1791660406.890,31.940,zebrad,94761790,79940602,14821188,1108074496,1108074496,253288448,843583488,573018112,647766016,21,15096037376
1791660407.890,32.940,indexer,40035924,26651218,13384706,955805696,955813888,421830656,522760192,522539008,20480,23,15093805056
1791660407.890,32.940,zebrad,96738271,81541510,15196760,1118035968,1118035968,253321216,853508096,581791744,647815168,21,15093805056
1791660408.890,33.941,indexer,41374802,27591232,13783570,970280960,970280960,429568000,529231872,529014784,20480,23,15085674496
1791660408.890,33.941,zebrad,98704711,83138597,15566114,1123803136,1123803136,253353984,859029504,586129408,647815168,21,15085674496
1791660409.890,34.941,indexer,42694909,28496951,14197957,985616384,985636864,438636544,535719936,535498752,20480,23,15074910208
1791660409.890,34.941,zebrad,100698362,84748256,15950106,1129046016,1129046016,253366272,864305152,590159872,647815168,21,15074910208
1791660410.890,35.941,indexer,44031418,29417789,14613628,998830080,998850560,446455808,541253632,541036544,20480,23,15070744576
1791660410.890,35.941,zebrad,102736510,86444625,16291885,1135337472,1135337472,253390848,870735872,595308544,647815168,21,15070744576
1791660411.891,36.941,indexer,45465793,30437077,15028715,1011924992,1011933184,453386240,547008512,546787328,61440,23,15059701760
1791660411.891,36.941,zebrad,104639639,87933061,16706577,1146081280,1146081280,253411328,881094656,604635136,647815168,21,15059701760
1791660412.891,37.941,indexer,46730711,31301548,15429163,1029541888,1029570560,463626240,554676224,554455040,61440,23,15051292672
1791660412.891,37.941,zebrad,106642729,89516318,17126410,1164169216,1164169216,253456384,899354624,621764608,647925760,21,15051292672
1791660413.891,38.941,indexer,48028409,32202592,15825816,1042690048,1042702336,470855680,560455680,560234496,61440,23,15042826240
1791660413.891,38.941,zebrad,108628317,91098492,17529825,1181151232,1181151232,253476864,916176896,637456384,647925760,21,15042826240
1791660414.891,39.941,indexer,49321561,33087138,16234423,1056354304,1056358400,478957568,565813248,565592064,61440,23,15026196480
1791660414.891,39.941,zebrad,110706642,92839169,17867472,1207042048,1207042048,256167936,939085824,658223104,647925760,21,15026196480
1791660415.891,40.941,indexer,50656151,33991529,16664622,1071120384,1071124480,488493056,571191296,570970112,61440,23,15017033728
1791660415.891,40.941,zebrad,112676281,94430117,18246164,1223557120,1223557120,256892928,955084800,672993280,647925760,21,15017033728
1791660416.891,41.942,indexer,52332270,35191380,17140889,1197989888,1197989888,610099200,575954944,575733760,61440,24,14880591872
1791660416.891,41.942,zebrad,114466087,95873756,18592331,1239547904,1239547904,257089536,970747904,687702016,647925760,21,14880591872
1791660417.891,42.942,indexer,54312874,36708458,17604415,1385930752,1385930752,793792512,579997696,579776512,61440,24,14707384320
1791660417.891,42.942,zebrad,116224638,97348228,18876410,1252392960,1252392960,257228800,983154688,699138048,647925760,21,14707384320
1791660418.891,43.942,indexer,56213790,38163324,18050466,1567838208,1567838208,971284480,584089600,583868416,61440,27,14520983552
1791660418.891,43.942,zebrad,118000788,98840685,19160103,1270214656,1270214656,257425408,1000968192,716038144,647925760,21,14520983552
1791660419.892,44.942,indexer,57827314,39203637,18623677,2152468480,2161889280,1035804672,1089241088,587464704,335581184,27,14421147648
1791660419.892,44.942,zebrad,119463323,100115479,19347843,1285156864,1285156864,257642496,1015369728,729825280,647925760,21,14421147648
1791660420.892,45.942,indexer,58234612,39479081,18755531,2158755840,2161889280,1040429056,1090650112,588849152,501583872,26,14413225984
1791660420.892,45.942,zebrad,120231751,100776860,19454891,1290399744,1290399744,257720320,1020866560,734969856,647925760,21,14413225984
1791660421.892,46.942,indexer,59527689,40387647,19140041,2169753600,2169753600,1046773760,1095401472,593600512,501583872,26,14407573504
1791660421.892,46.942,zebrad,122333775,102512774,19821000,1318449152,1318449152,263081984,1043419136,755994624,647925760,21,14407573504
1791660422.892,47.942,indexer,61414996,41932069,19482926,2181537792,2181537792,1053245440,1099784192,597983232,501583872,26,14394081280
1791660422.892,47.942,zebrad,124013518,103802515,20211003,1360654336,1360654336,263507968,1084768256,796438528,647925760,21,14394081280
1791660423.892,48.942,indexer,63468128,43660334,19807793,2193629184,2193629184,1060958208,1103880192,602083328,501583872,26,14391906304
1791660423.892,48.942,zebrad,125576334,105000589,20575745,1399140352,1399140352,263651328,1123172352,834031616,647925760,21,14391906304
1791660424.892,49.942,indexer,65354159,45203321,20150837,2206478336,2206478336,1069408256,1108627456,606826496,501583872,26,14387646464
1791660424.892,49.942,zebrad,127251562,106330148,20921413,1438724096,1438724096,263856128,1162366976,872476672,647925760,21,14387646464
1791660425.892,50.942,indexer,66759790,46201654,20558136,2221920256,2221920256,1079439360,1114062848,612261888,501583872,26,14385377280
1791660425.892,50.942,zebrad,129210272,107909411,21300861,1476210688,1476210688,265334784,1198186496,907272192,647925760,21,14385377280
1791660426.892,51.942,indexer,68134666,47162810,20971856,2237628416,2237628416,1089753088,1119199232,617398272,501583872,26,14373355520
1791660426.892,51.942,zebrad,131086832,109378345,21708487,1515008000,1515008000,265441280,1236881408,944939008,647925760,21,14373355520
1791660427.892,52.943,indexer,69518309,48166674,21351635,2250428416,2250440704,1097547776,1124212736,622411776,501583872,26,14365900800
1791660427.892,52.943,zebrad,133034669,110960840,22073829,1550135296,1550135296,265601024,1271709696,978833408,647925760,21,14365900800
1791660428.892,53.943,indexer,70925757,49136646,21789111,2267553792,2267574272,1109458944,1129353216,627552256,501583872,26,14363832320
1791660428.892,53.943,zebrad,134910388,112443778,22466610,1596272640,1596272640,265748480,1317281792,1023471616,647925760,21,14363832320
1791660429.893,54.943,indexer,72363956,50208721,22155234,2280726528,2280726528,1116848128,1134718976,632918016,501583872,26,14347558912
1791660429.893,54.943,zebrad,136682983,113756852,22926130,1650016256,1650016256,265834496,1370972160,1076203520,647925760,21,14347558912
1791660430.893,55.943,indexer,73849831,51275607,22574223,2312482816,2312486912,1143132160,1140477952,638676992,501583872,26,14306672640
1791660430.893,55.943,zebrad,138413219,115018726,23394492,1716596736,1716596736,265854976,1437384704,1141735424,647925760,21,14306672640
1791660431.893,56.943,indexer,75307991,52307587,23000403,2342068224,2342068224,1167278080,1145896960,644096000,501583872,26,14277996544
1791660431.893,56.943,zebrad,140288374,116451842,23836532,1763532800,1763532800,265871360,1483948032,1187274752,647925760,21,14277996544
1791660432.893,57.943,indexer,76741026,53348185,23392840,2358505472,2358767616,1178497024,1151324160,649523200,501583872,26,14273851392
1791660432.893,57.943,zebrad,142150768,117930282,24220486,1807835136,1807835136,265900032,1528213504,1230516224,647925760,21,14273851392
1791660433.894,58.944,indexer,78051167,54295730,23755436,2372005888,2372005888,1186971648,1156141056,654340096,501583872,26,14251016192
1791660433.894,58.944,zebrad,144346271,119813413,24532858,1858273280,1858273280,275357696,1568989184,1270095872,649531392,21,14251016192
1791660434.894,59.944,indexer,79316165,55194912,24121253,2382934016,2382966784,1193123840,1160724480,658923520,501583872,26,14254084096
1791660434.894,59.944,zebrad,146380925,121474338,24906587,1889587200,1889587200,276447232,1599205376,1298841600,649531392,21,14254084096
1791660435.894,60.944,indexer,80509498,56062491,24447007,2395766784,2395766784,1201696768,1164931072,663130112,501583872,26,14240448512
1791660435.894,60.944,zebrad,148398513,123096978,25301535,1929957376,1929957376,281587712,1634471936,1332809728,649531392,21,14240448512
1791660436.894,61.944,indexer,81729374,56933662,24795711,2408120320,2408120320,1209651200,1169346560,667545600,501583872,26,14234238976
1791660436.894,61.944,zebrad,150334570,124614243,25720326,1972686848,1972686848,282222592,1676500992,1373790208,649531392,21,14234238976
1791660437.894,62.944,indexer,82961635,57803989,25157645,2418544640,2418556928,1215533056,1173848064,672047104,501583872,26,14224367616
1791660437.894,62.944,zebrad,152324924,126195891,26129032,2014629888,2014629888,283086848,1717325824,1413165056,649531392,21,14224367616
1791660438.894,63.945,indexer,84283389,58783483,25499906,2432118784,2432147456,1224417280,1178718208,676917248,501583872,26,14218563584
1791660438.894,63.945,zebrad,154228799,127709633,26519165,2040057856,2040057856,283287552,1742680064,1437356032,687681536,21,14218563584
1791660439.894,64.945,indexer,85641119,59786259,25854860,2443554816,2443554816,1230598144,1183576064,681775104,501583872,26,14212575232
1791660439.894,64.945,zebrad,156137733,129214135,26923597,2060238848,2060238848,283426816,1762291712,1455837184,687681536,21,14212575232
1791660440.894,65.945,indexer,87026756,60775284,26251471,2457518080,2457518080,1239691264,1188052992,686735360,501583872,26,14203588608
1791660440.894,65.945,zebrad,157994698,130633096,27361602,2097463296,2097463296,283521024,1799606272,1492086784,687681536,21,14203588608
1791660441.895,66.945,indexer,88492785,61835771,26657013,2471243776,2471243776,1247993856,1194029056,692228096,501583872,26,14183129088
1791660441.895,66.945,zebrad,159792915,132025133,27767782,2138882048,2138882048,283586560,1840320512,1531740160,687681536,21,14183129088
1791660442.895,67.945,indexer,89955606,62874555,27081050,2485661696,2485661696,1256435712,1199411200,697843712,501583872,26,14179528704
1791660442.895,67.945,zebrad,161600102,133384563,28215539,2203369472,2203369472,283807744,1904914432,1595252736,687681536,21,14179528704
1791660443.895,68.945,indexer,91349176,63831518,27517657,2498760704,2498760704,1264582656,1204727808,702926848,501587968,26,14171799552
1791660443.895,68.945,zebrad,163525565,134895338,28630226,2253049856,2253049856,289349632,1948577792,1637744640,693293056,21,14171799552
1791660444.895,69.945,indexer,92645811,64747803,27898007,2516750336,2516803584,1278234624,1209249792,707461120,501587968,26,14166753280
1791660444.895,69.945,zebrad,165527838,136499022,29028816,2298138624,2298138624,291139584,1992044544,1679327232,693293056,21,14166753280
1791660445.895,70.945,indexer,93847495,65649924,28197570,2529107968,2529124352,1286512640,1213591552,711790592,501587968,26,14161571840
1791660445.895,70.945,zebrad,167592482,138198284,29394197,2320683008,2320683008,291770368,2013978624,1699815424,693293056,21,14161571840
1791660446.895,71.945,indexer,95074942,66556531,28518411,2541432832,2541461504,1294434304,1217929216,716128256,501587968,26,14152896512
1791660446.895,71.945,zebrad,169547157,139753972,29793185,2348732416,2348732416,291938304,2041454592,1726136320,693293056,21,14152896512
1791660447.895,72.945,indexer,96374317,67481600,28892717,2555056128,2555056128,1302704128,1222787072,720986112,501587968,26,14146703360
1791660447.895,72.945,zebrad,171434979,141220775,30214203,2390151168,2390151168,292081664,2082586624,1766223872,693293056,21,14146703360
1791660448.895,73.946,indexer,97739519,68452290,29287228,2567348224,2567360512,1310224384,1227640832,725839872,501587968,26,14139207680
1791660448.895,73.946,zebrad,173315440,142690791,30624648,2436550656,2436550656,292794368,2128433152,1811107840,700112896,21,14139207680
1791660449.895,74.946,indexer,99587843,70001846,29585997,2402586624,2567827456,1142534144,1231056896,729255936,501587968,27,14280474624
1791660449.895,74.946,zebrad,174968396,143997772,30970624,2485538816,2485538816,293109760,2176528384,1858482176,700112896,21,14280474624
1791660450.896,75.946,indexer,101548534,71654765,29893768,2431938560,2567827456,1167855616,1234804736,733003776,501587968,27,14265524224
1791660450.896,75.946,zebrad,176663175,145384407,31278767,2530889728,2530889728,293343232,2221731840,1902878720,700112896,21,14265524224
1791660451.896,76.946,indexer,103468467,73060354,30408112,3037573120,3037573120,1206714368,1785450496,736813056,501587968,27,14217388032
1791660451.896,76.946,zebrad,178436547,146826941,31609606,2573877248,2573877248,293982208,2263732224,1943867392,700112896,21,14217388032
1791660452.896,77.946,indexer,104074827,73622799,30452028,3040690176,3040706560,1208320000,1785700352,737005568,1048436736,27,14218772480
1791660452.896,77.946,zebrad,178519810,146893737,31626072,2575187968,2575187968,294010880,2265477120,1945571328,700112896,21,14218772480
1791660453.896,78.946,indexer,106008554,75276337,30732216,3049283584,3049283584,1213280256,1789284352,740593664,1048436736,26,14217764864
1791660453.896,78.946,zebrad,180170301,148223590,31946711,2606903296,2606903296,294838272,2295971840,1975140352,703692800,21,14217764864
1791660454.896,79.946,indexer,107642697,76585740,31056957,3059658752,3059683328,1219538944,1793622016,744927232,1048436736,26,14213439488
1791660454.896,79.946,zebrad,182148101,149878549,32269551,2659594240,2659594240,296185856,2347216896,2025295872,703692800,21,14213439488
1791660455.896,80.946,indexer,108981034,77508339,31472695,3071504384,3071524864,1226366976,1798545408,749850624,1048436736,26,14207471616
1791660455.896,80.946,zebrad,184238008,151611657,32626351,2712547328,2712809472,297254912,2399170560,2076037120,703692800,21,14207471616
1791660456.896,81.946,indexer,110236851,78404489,31832361,3083390976,3083411456,1233657856,1803161600,754466816,1048436736,26,14199578624
1791660456.896,81.946,zebrad,186356476,153442199,32914277,2768908288,2768908288,297648128,2454466560,2130378752,703692800,21,14199578624
1791660457.896,82.946,indexer,111481091,79308168,32172923,3095285760,3095293952,1240604672,1807847424,759152640,1048436736,26,14194499584
1791660457.896,82.946,zebrad,188460409,155209619,33250789,2814312448,2814312448,297861120,2500005888,2174959616,703692800,21,14194499584
1791660458.896,83.947,indexer,112702143,80170980,32531163,3105509376,3105579008,1246814208,1812320256,763625472,1048436736,26,14188154880
1791660458.896,83.947,zebrad,190505318,156860377,33644941,2862809088,2862809088,297938944,2548379648,2222342144,703692800,21,14188154880
1791660459.897,84.947,indexer,113918067,81020497,32897569,3115315200,3115315200,1251913728,1816592384,767901696,1048436736,26,14186606592
1791660459.897,84.947,zebrad,192561098,158490280,34070818,2912616448,2912616448,298217472,2597343232,2270236672,703692800,21,14186606592
1791660460.897,85.947,indexer,115099858,81893026,33206832,3126706176,3126710272,1259003904,1820917760,772222976,1048436736,26,14181175296
1791660460.897,85.947,zebrad,194728579,160354166,34374412,2957438976,2957438976,298790912,2641772544,2313584640,703692800,21,14181175296
1791660461.897,86.947,indexer,116340447,82758901,33581545,3136049152,3136049152,1263824896,1825521664,776826880,1048436736,26,14178664448
1791660461.897,86.947,zebrad,197013066,162352288,34660778,3025858560,3025858560,299180032,2709303296,2379984896,703692800,21,14178664448
1791660462.897,87.947,indexer,117546399,83613426,33932972,3146960896,3146964992,1270169600,1829937152,781246464,1048436736,26,14176813056
1791660462.897,87.947,zebrad,199309442,164364376,34945065,3098996736,3098996736,299487232,2782175232,2451755008,703692800,21,14176813056
1791660463.897,88.947,indexer,118764473,84463415,34301058,3158036480,3158061056,1276973056,1834356736,785661952,1048436736,26,14166114304
1791660463.897,88.947,zebrad,201541370,166268209,35273160,3175804928,3175804928,299745280,2858295296,2526773248,703692800,21,14166114304
1791660464.897,89.948,indexer,119947791,85326136,34621655,3169316864,3169316864,1283862528,1838501888,789807104,1048436736,26,14153175040
1791660464.897,89.948,zebrad,203875489,168373801,35501687,3264946176,3264946176,300384256,2946748416,2614063104,703692800,21,14153175040
1791660465.897,90.948,indexer,121135671,86189353,34946317,3178754048,3178754048,1289388032,1842659328,793964544,1048436736,26,14126247936
1791660465.897,90.948,zebrad,206156954,170344703,35812250,3354075136,3354337280,301355008,3034869760,2701082624,703692800,21,14126247936
1791660466.898,91.948,indexer,122327968,87027775,35300192,3190288384,3190288384,1296330752,1847152640,798457856,1048436736,26,14129958912
1791660466.898,91.948,zebrad,208449160,172409533,36039627,3441123328,3441385472,302424064,3120787456,2786004992,703692800,21,14129958912
1791660467.898,92.948,indexer,123513097,87886139,35626958,3199201280,3199201280,1300955136,1851551744,802856960,1048436736,26,14122201088
1791660467.898,92.948,zebrad,210859482,174571186,36288296,3539054592,3539054592,306114560,3214413824,2878402560,703692800,21,14122201088
1791660468.898,93.948,indexer,124695106,88714460,35980646,3211964416,3211964416,1309130752,1856004096,807309312,1048436736,26,14127075328
1791660468.898,93.948,zebrad,213140757,176554280,36586477,3637878784,3637878784,307093504,3311915008,2974892032,703692800,21,14127075328
1791660469.898,94.948,indexer,125828646,89533590,36295055,3220942848,3220975616,1313918976,1860272128,811577344,1048436736,26,14122532864
1791660469.898,94.948,zebrad,215371337,178461527,36909809,3729104896,3729104896,307691520,3402108928,3064061952,703692800,21,14122532864
1791660470.898,95.948,indexer,127009120,90388179,36620940,3230457856,3230466048,1318612992,1864810496,816119808,1048436736,26,14117113856
1791660470.898,95.948,zebrad,217550644,180331056,37219587,3822428160,3822428160,308801536,3494359040,3155398656,703692800,21,14117113856
1791660471.898,96.948,indexer,128160547,91250399,36910147,3241766912,3241766912,1326149632,1869029376,820334592,1048436736,26,14099329024
1791660471.898,96.948,zebrad,219830353,182338551,37491802,3923324928,3923324928,313344000,3590610944,3250499584,703692800,21,14099329024
1791660472.898,97.949,indexer,129321951,92096272,37225679,3250835456,3250843648,1330974720,1873158144,824463360,1048436736,26,14088716288
1791660472.898,97.949,zebrad,222137716,184404211,37733504,4020842496,4020842496,317829120,3683332096,3342209024,703692800,21,14088716288
1791660473.898,98.949,indexer,130986464,93312630,37673833,3267072000,3267080192,1340551168,1879420928,830726144,1048436736,26,14078894080
1791660473.898,98.949,zebrad,223473275,185553956,37919319,4095029248,4095029248,322117632,3752853504,3411169280,703692800,21,14078894080
1791660474.898,99.949,indexer,132878703,94744242,38134460,3282583552,3282583552,1348788224,1886613504,837918720,1048436736,26,14067187712
1791660474.898,99.949,zebrad,224411406,186439773,37971632,4143001600,4143001600,323035136,3799900160,3457802240,703692800,21,14067187712
1791660475.899,100.949,indexer,134762705,96158151,38604553,3299098624,3299098624,1358241792,1893765120,845070336,1048436736,26,14041006080
1791660475.899,100.949,zebrad,225341596,187317661,38023935,4191236096,4191236096,324001792,3847233536,3504705536,703692800,21,14041006080
1791660476.899,101.949,indexer,136569359,97599410,38969948,3311157248,3311157248,1364754432,1899413504,850718720,1048436736,26,14045450240
1791660476.899,101.949,zebrad,226268742,188206539,38062203,4241567744,4241567744,324960256,3896299520,3553341440,703692800,21,14045450240
1791660477.899,102.949,indexer,137749530,98779581,38969948,3318759424,3318759424,1371910144,1899487232,850833408,1048436736,26,14039773184
1791660477.899,102.949,zebrad,227212244,189123743,38088500,4302909440,4302909440,326070272,3956322304,3612831744,703692800,21,14039773184
1791660478.899,103.949,indexer,138902580,99932632,38969948,3325853696,3326099456,1379188736,1899589632,850894848,1048436736,26,14034911232
1791660478.899,103.949,zebrad,228162672,190026000,38136671,4363882496,4363882496,327270400,4016205824,3672178688,703692800,21,14034911232
1791660479.899,104.949,indexer,140147937,101177989,38969948,3343265792,3343265792,1396707328,1899597824,850903040,1048440832,26,13995069440
1791660479.899,104.949,zebrad,229066085,190885393,38180691,4422967296,4422967296,329773056,4072267776,3727745024,703692800,21,13995069440
1791660480.899,105.949,indexer,141158245,102188297,38969948,3355840512,3355840512,1408753664,1899618304,850923520,1048440832,26,13983207424
1791660480.899,105.949,zebrad,229992191,191769723,38222468,4485091328,4485091328,334094336,4129955840,3784880128,703692800,21,13983207424
1791660481.899,106.949,indexer,142189600,103219651,38969948,3358986240,3358986240,1412132864,1899642880,850960384,1048440832,26,13971173376
1791660481.899,106.949,zebrad,230870708,192603874,38266833,4537520128,4537520128,340893696,4175446016,3829825536,703692800,21,13971173376
1791660482.899,107.950,indexer,143240184,104270235,38969948,3366064128,3366064128,1419038720,1899712512,851017728,1048440832,26,13924356096
1791660482.899,107.950,zebrad,231790489,193458194,38332295,4621123584,4621123584,361295872,4238487552,3892420608,703692800,21,13924356096
1791660483.899,108.950,indexer,144499113,105529164,38969948,3376549888,3376549888,1429553152,1899954176,851259392,1048440832,26,13933633536
1791660483.899,108.950,zebrad,232666769,194241317,38425451,4722896896,4722896896,363483136,4337741824,3991674880,703692800,21,13933633536
1791660484.900,109.950,indexer,145615779,106645831,38969948,3379146752,3379146752,1431887872,1900396544,851701760,1048440832,26,13911441408
1791660484.900,109.950,zebrad,233550624,195045325,38505298,4759085056,4759085056,373923840,4363571200,4017504256,729419776,21,13911441408
1791660485.900,110.950,indexer,146708187,107738238,38969948,3388846080,3388846080,1440665600,1901088768,852393984,1048440832,26,13893435392
1791660485.900,110.950,zebrad,234548022,195977041,38570980,4786081792,4786081792,390664192,4373585920,4027518976,729419776,21,13893435392
1791660486.900,111.950,indexer,147796972,108827023,38969948,3398807552,3398807552,1449824256,1901760512,853065728,1048440832,26,13884198912
1791660486.900,111.950,zebrad,235546785,196933661,38613124,4786343936,4786343936,390664192,4373585920,4027588608,729419776,21,13884198912
1791660487.900,112.950,indexer,148944877,109974929,38969948,3404206080,3404406784,1454641152,1902665728,853970944,1048440832,26,13872791552
1791660487.900,112.950,zebrad,235567233,196953719,38613514,4786401280,4786401280,390664192,4373585920,4027658240,729419776,20,13872791552
1791660488.900,113.950,indexer,150114305,111144356,38969948,3420266496,3420266496,1469333504,1903656960,854962176,1048440832,26,13862121472
1791660488.900,113.950,zebrad,235574914,196960289,38614625,4786401280,4786401280,390660096,4373725184,4027658240,729419776,20,13862121472
1791660489.900,114.950,indexer,151360382,112390434,38969948,3427069952,3427074048,1476009984,1903702016,855007232,1048440832,26,13861998592
1791660489.900,114.950,zebrad,235582575,196966842,38615732,4786397184,4786401280,390660096,4373725184,4027658240,729419776,20,13861998592
1791660490.900,115.951,indexer,152384787,113414839,38969948,3435692032,3435712512,1484599296,1903837184,855142400,1048440832,26,13853298688
1791660490.900,115.951,zebrad,235590467,196973588,38616878,4785938432,4786401280,390660096,4373725184,4027658240,729419776,20,13853298688
1791660491.900,116.951,indexer,153792556,114703940,39088615,3442950144,3442958336,1488642048,1906843648,858148864,1048440832,26,13853614080
1791660491.900,116.951,zebrad,235597793,196980915,38616878,4785954816,4786401280,390660096,4373725184,4027658240,729419776,20,13853614080
1791660492.900,117.951,indexer,155738837,116173685,39565152,3459350528,3459387392,1498341376,1913884672,865189888,1048440832,26,13844459520
1791660492.900,117.951,zebrad,235605422,196987721,38617701,4785954816,4786401280,390660096,4373725184,4027658240,729419776,20,13844459520
1791660493.901,118.951,indexer,157341120,117511687,39829432,3477815296,3477848064,1512304640,1918263296,869568512,1048440832,26,13834629120
1791660493.901,118.951,zebrad,235613195,196994878,38618316,4786212864,4786401280,390660096,4373725184,4027658240,729419776,20,13834629120
1791660494.901,119.951,indexer,159003226,118909683,40093542,3491123200,3491127296,1521070080,1922674688,873979904,1048440832,26,13831876608
1791660494.901,119.951,zebrad,235621341,197002166,38619175,4786208768,4786401280,390660096,4373725184,4027658240,729419776,20,13831876608
1791660495.901,120.951,indexer,161438110,120923176,40514933,3329851392,3495956480,1353293824,1929355264,880660480,1048440832,27,13954826240
1791660495.901,120.951,zebrad,235628555,197009349,38619205,4786208768,4786401280,390660096,4373725184,4027658240,729419776,20,13954826240
1791660496.901,121.951,indexer,164044725,123205186,40839538,3354148864,3495956480,1371987968,1934909440,886214656,1048440832,27,13944803328
1791660496.901,121.951,zebrad,235636597,197017061,38619536,4786466816,4786470912,390660096,4373725184,4027658240,729419776,20,13944803328
1791660497.901,122.951,indexer,166896861,125616318,41280543,3470454784,3495956480,1411833856,2009735168,893009920,1048440832,27,13897043968
1791660497.901,122.951,zebrad,235644537,197024686,38619850,4786470912,4786470912,390660096,4373725184,4027658240,729419776,20,13897043968
1791660498.901,123.951,indexer,168087535,126355808,41731727,4045234176,4045246464,1413931008,2565595136,895844352,1669468160,27,13927481344
1791660498.901,123.951,zebrad,235651162,197031213,38619949,4786470912,4786470912,390660096,4373725184,4027658240,729419776,20,13927481344
1791660499.901,124.951,indexer,168980473,127047119,41933353,4052414464,4052447232,1418125312,2568695808,898945024,1669468160,26,13928050688
1791660499.901,124.951,zebrad,235658989,197038234,38620754,4786470912,4786470912,390660096,4373725184,4027658240,729419776,20,13928050688
1791660500.901,125.951,indexer,171199272,128778028,42421244,4070035456,4070035456,1427570688,2576424960,906674176,1669468160,26,13919739904
1791660500.901,125.951,zebrad,235667893,197044313,38623580,4786221056,4786487296,390660096,4373725184,4027658240,729419776,20,13919739904
1791660501.901,126.952,indexer,173298227,130426324,42871903,4085825536,4085825536,1436487680,2583433216,913682432,1669468160,26,13911961600
1791660501.901,126.952,zebrad,235675639,197050937,38624702,4786036736,4786487296,390660096,4373725184,4027658240,729419776,20,13911961600
1791660502.901,127.952,indexer,176005103,132682398,43322704,4100087808,4100141056,1442779136,2590687232,920936448,1669468160,26,13892870144
1791660502.901,127.952,zebrad,235675688,197050977,38624710,4786036736,4788133888,390660096,4373725184,4027658240,729419776,20,13892870144
1791660503.901,128.952,indexer,178741095,135044719,43696376,4116258816,4116303872,1451982848,2597335040,927584256,1669468160,26,13889200128
1791660503.901,128.952,zebrad,235675793,197051065,38624727,4786036736,4788133888,390660096,4373725184,4027658240,729419776,20,13889200128
1791660504.902,129.952,indexer,181080468,136938118,44142349,4131835904,4131885056,1460617216,2604363776,934612992,1669468160,26,13888217088
1791660504.902,129.952,zebrad,235683872,197058807,38625064,4786036736,4788133888,390660096,4373725184,4027658240,729419776,20,13888217088
1791660505.902,130.952,indexer,183255380,138609109,44646271,4148277248,4148334592,1469005824,2612252672,942501888,1669468160,26,13882544128
1791660505.902,130.952,zebrad,235692084,197066990,38625093,4786294784,4788133888,390660096,4373725184,4027658240,729419776,20,13882544128
1791660506.902,131.952,indexer,185490962,140331289,45159672,4164857856,4164890624,1477394432,2620317696,950566912,1669468160,26,13876740096
1791660506.902,131.952,zebrad,235700335,197074876,38625459,4786290688,4788133888,390660096,4373725184,4027658240,729419776,20,13876740096
1791660507.902,132.952,indexer,187499305,141907932,45591373,4180525056,4180549632,1485783040,2627559424,957808640,1669468160,26,13863903232
1791660507.902,132.952,zebrad,235708062,197081649,38626412,4786286592,4788133888,390660096,4373725184,4027658240,729419776,20,13863903232
1791660508.902,133.952,indexer,189460764,143428184,46032580,4195983360,4196024320,1494171648,2634776576,965025792,1669468160,26,13855879168
1791660508.902,133.952,zebrad,235716176,197088416,38627759,4786286592,4788133888,390660096,4373725184,4027658240,729419776,20,13855879168
1791660509.902,134.952,indexer,191517940,145000321,46517618,4211961856,4211974144,1502560256,2642345984,972595200,1669468160,26,13846163456
1791660509.902,134.952,zebrad,235724384,197096595,38627788,4786294784,4788133888,390660096,4373725184,4027658240,729419776,20,13846163456
1791660510.902,135.952,indexer,193574671,146640554,46934116,4224995328,4225019904,1509367808,2648657920,978907136,1669472256,26,13841584128
1791660510.902,135.952,zebrad,235732591,197104099,38628492,4786294784,4788133888,390660096,4373725184,4027658240,729419776,20,13841584128
1791660511.902,136.953,indexer,195845683,148367756,47477926,4243652608,4243652608,1519853568,2656845824,987095040,1669472256,26,13828194304
1791660511.902,136.953,zebrad,235740661,197112162,38628498,4786294784,4788133888,390660096,4373725184,4027658240,729419776,20,13828194304
1791660512.902,137.953,indexer,198171299,150160555,48010743,4260626432,4260859904,1528242176,2665365504,995614720,1669472256,26,13814829056
1791660512.902,137.953,zebrad,235748338,197119840,38628498,4786069504,4788166656,390701056,4373725184,4027658240,729419776,20,13814829056
1791660513.902,138.953,indexer,200416696,151924995,48491701,4279754752,4279779328,1538736128,2673586176,1003835392,1669472256,26,13806153728
1791660513.902,138.953,zebrad,235754965,197126261,38628703,4786327552,4788166656,390701056,4373725184,4027658240,729419776,20,13806153728
1791660514.903,139.953,indexer,202390460,153471922,48918538,4295299072,4295303168,1547284480,2680709120,1010958336,1669472256,26,13803188224
1791660514.903,139.953,zebrad,235766216,197136310,38629906,4787113984,4788166656,391389184,4373725184,4027658240,729419776,20,13803188224
1791660515.903,140.953,indexer,204332945,154996597,49336348,4308611072,4308611072,1553592320,2687725568,1017974784,1669472256,26,13794721792
1791660515.903,140.953,zebrad,235774064,197142345,38631719,4786847744,4788166656,391389184,4373725184,4027658240,729419776,20,13794721792
1791660516.903,141.953,indexer,206552191,156718243,49833948,4327317504,4327317504,1564188672,2695524352,1025773568,1669472256,26,13785198592
1791660516.903,141.953,zebrad,235782461,197148509,38633951,4786847744,4788166656,391389184,4373725184,4027658240,729419776,20,13785198592
1791660517.903,142.953,indexer,208899565,158812857,50086707,4161810432,4328525824,1394307072,2700746752,1030995968,1669472256,27,13944655872
1791660517.903,142.953,zebrad,235789848,197153830,38636018,4786847744,4788166656,391389184,4373725184,4027658240,729419776,20,13944655872
1791660518.903,143.953,indexer,211688641,161238571,50450069,4181581824,4328525824,1407176704,2707369984,1037619200,1669472256,27,13934260224
1791660518.903,143.953,zebrad,235798139,197161914,38636225,4786847744,4788166656,391389184,4373725184,4027658240,729419776,20,13934260224
1791660519.903,144.953,indexer,213930847,162826015,51104832,4812554240,4812603392,1413808128,3314012160,1042960384,1934581760,27,13928673280
1791660519.903,144.953,zebrad,235805308,197168895,38636412,4786847744,4788166656,391389184,4373725184,4027658240,729419776,20,13928673280
1791660520.903,145.953,indexer,214048691,162889287,51159404,4813279232,4813316096,1413808128,3314331648,1043247104,2301050880,27,13927501824
1791660520.903,145.953,zebrad,235812775,197176125,38636649,4786847744,4788166656,391389184,4373725184,4027658240,729419776,20,13927501824
1791660521.903,146.954,indexer,216010390,164422796,51587594,4826464256,4826247168,1420099584,3321090048,1050005504,2301050880,26,13921198080
1791660521.903,146.954,zebrad,235820808,197183994,38636814,4786884608,4788166656,391389184,4373725184,4027658240,729419776,20,13921198080
1791660522.903,147.954,indexer,218227677,166153289,52074388,4843335680,4843335680,1429540864,3328659456,1057574912,2301050880,26,13913538560
1791660522.903,147.954,zebrad,235828379,197191147,38637232,4787142656,4788166656,391389184,4373725184,4027658240,729419776,20,13913538560
1791660523.904,148.954,indexer,220469966,167928314,52541652,4859666432,4859666432,1437929472,3336560640,1065476096,2301050880,26,13898297344
1791660523.904,148.954,zebrad,235836692,197199414,38637278,4786638848,4788981760,391389184,4373725184,4027658240,729419776,20,13898297344
1791660524.904,149.954,indexer,222878354,169965850,52912504,4875821056,4875862016,1446318080,3343269888,1072185344,2301050880,26,13895954432
1791660524.904,149.954,zebrad,235840932,197203617,38637314,4786638848,4788981760,391389184,4373725184,4027658240,729419776,20,13895954432
1791660525.904,150.954,indexer,225602400,172344393,53258007,4888711168,4888756224,1452613632,3349864448,1078779904,2301050880,26,13889875968
1791660525.904,150.954,zebrad,235840932,197203617,38637314,4786376704,4788981760,391389184,4373725184,4027658240,729419776,20,13889875968
1791660526.904,151.954,indexer,227863337,174206454,53656882,4903600128,4903694336,1461030912,3356176384,1085317120,2301050880,26,13881339904
1791660526.904,151.954,zebrad,235848180,197210865,38637314,4786900992,4788981760,391389184,4373725184,4027658240,729419776,20,13881339904
1791660527.904,152.954,indexer,230078624,175914700,54163924,4919599104,4919779328,1469419520,3364147200,1093066752,2301050880,26,13874040832
1791660527.904,152.954,zebrad,235856011,197217853,38638157,4786896896,4788981760,391389184,4373725184,4027658240,729419776,20,13874040832
1791660528.904,153.954,indexer,232270779,177629864,54640914,4935663616,4935684096,1477808128,3371515904,1100431360,2301050880,26,13867687936
1791660528.904,153.954,zebrad,235864491,197225421,38639070,4786892800,4788981760,391389184,4373725184,4027658240,729419776,20,13867687936
1791660529.904,154.954,indexer,234513849,179377777,55136072,4951834624,4951834624,1486196736,3379290112,1108205568,2301050880,26,13856313344
1791660529.904,154.954,zebrad,235872625,197232205,38640420,4786884608,4788981760,391389184,4373725184,4027658240,729419776,20,13856313344
1791660530.904,155.955,indexer,236780552,181169186,55611366,4970446848,4970446848,1496682496,3387375616,1116291072,2301050880,26,13847379968
1791660530.904,155.955,zebrad,235880067,197239579,38640487,4787146752,4788981760,391389184,4373725184,4027658240,729419776,20,13847379968
1791660531.904,156.955,indexer,238731618,182755645,55975972,4983156736,4983189504,1502973952,3393732608,1122648064,2301050880,26,13841334272
1791660531.904,156.955,zebrad,235887897,197247278,38640619,4786896896,4788981760,391389184,4373725184,4027658240,729419776,20,13841334272
1791660532.905,157.955,indexer,240468959,184246338,56222620,4992245760,4992245760,1507692544,3398066176,1126981632,2301050880,26,13837193216
1791660532.905,157.955,zebrad,235895251,197254414,38640836,4786896896,4788981760,391389184,4373725184,4027658240,729419776,20,13837193216
1791660533.905,158.955,indexer,242433006,185778786,56654219,5007855616,5007872000,1516081152,3405295616,1134211072,2301050880,26,13824700416
1791660533.905,158.955,zebrad,235903190,197261364,38641825,4787154944,4788981760,391389184,4373725184,4027658240,729419776,20,13824700416
1791660534.905,159.955,indexer,244631696,187459035,57172660,5024333824,5024354304,1524473856,3413032960,1141948416,2301050880,26,13823488000
1791660534.905,159.955,zebrad,235911773,197269693,38642080,4787154944,4788981760,391389184,4373725184,4027658240,729419776,20,13823488000
1791660535.905,160.955,indexer,246602896,189074524,57528372,5036298240,5036335104,1530765312,3419099136,1148014592,2301050880,26,13812183040
1791660535.905,160.955,zebrad,235919446,197277366,38642080,4786880512,4788981760,391389184,4373725184,4027658240,729419776,20,13812183040
1791660536.905,161.955,indexer,248773530,190749166,58024363,5051887616,5052112896,1539153920,3426619392,1155534848,2301050880,26,13807394816
1791660536.905,161.955,zebrad,235927251,197285170,38642080,4787138560,4788981760,391389184,4373725184,4027658240,729419776,20,13807394816
1791660537.905,162.955,indexer,250933878,192450669,58483209,5067984896,5067988992,1547542528,3433816064,1162731520,2301050880,26,13794779136
1791660537.905,162.955,zebrad,235933936,197291856,38642080,4786872320,4788981760,391389184,4373725184,4027658240,729419776,20,13794779136
1791660538.905,163.955,indexer,252441804,193958595,58483209,5068197888,5068238848,1547542528,3433816064,1162940416,2301050880,26,13793804288
1791660538.905,163.955,zebrad,235941409,197298404,38643005,4787134464,4788981760,391389184,4373725184,4027658240,729419776,20,13793804288
1791660539.905,164.956,indexer,253829804,195346594,58483209,5070876672,5070938112,1549643776,3434729472,1163644928,2301050880,26,13793435648
1791660539.905,164.956,zebrad,235948762,197304700,38644062,4787130368,4788981760,391389184,4373725184,4027658240,729419776,20,13793435648
1791660540.905,165.956,indexer,255962623,197168068,58794554,5086646272,5086646272,1558044672,3441799168,1170714624,2301050880,26,13783183360
1791660540.905,165.956,zebrad,235956439,197312106,38644332,4787130368,4788981760,391389184,4373725184,4027658240,729419776,20,13783183360
1791660541.905,166.956,indexer,258130380,198925994,59204386,5100277760,5100277760,1564413952,3448950784,1177866240,2301050880,26,13780557824
1791660541.905,166.956,zebrad,235964585,197320234,38644351,4787130368,4788981760,391389184,4373725184,4027658240,729419776,20,13780557824
1791660542.906,167.956,indexer,260902522,201385498,59517024,4936105984,5100277760,1394630656,3454947328,1183866880,2301050880,27,13947441152
1791660542.906,167.956,zebrad,235972584,197327398,38645185,4787130368,4788981760,391389184,4373725184,4027658240,729419776,20,13947441152
1791660543.906,168.956,indexer,263805110,203950548,59854562,4959174656,5100277760,1411026944,3461816320,1190731776,2301050880,27,13921558528
1791660543.906,168.956,zebrad,235980240,197333948,38646292,4787154944,4789252096,391413760,4373725184,4027658240,729419776,20,13921558528
1791660544.906,169.956,indexer,265986351,205536895,60449455,5606146048,5606146048,1416105984,4085329920,1195003904,2521411584,27,13904052224
1791660544.906,169.956,zebrad,235990090,197342660,38647429,4787163136,4789252096,391413760,4373725184,4027658240,729419776,20,13904052224
1791660545.906,170.956,indexer,266137934,205636741,60501193,5608505344,5608505344,1418203136,4085592064,1195229184,2995404800,27,13897777152
1791660545.906,170.956,zebrad,235997493,197349162,38648330,4787159040,4789252096,391426048,4373725184,4027658240,729419776,20,13897777152
1791660546.906,171.956,indexer,268052864,207288047,60764817,5618204672,5618204672,1422397440,4090114048,1199755264,2995408896,26,13898358784
1791660546.906,171.956,zebrad,236001018,197352687,38648330,4787159040,4789252096,391426048,4373725184,4027658240,729419776,20,13898358784
1791660547.906,172.956,indexer,270780580,209751470,61029109,5632475136,5632499712,1430511616,4095971328,1205608448,2995408896,26,13900980224
1791660547.906,172.956,zebrad,236001186,197352855,38648330,4787159040,4789252096,391426048,4373725184,4027658240,729419776,20,13900980224
1791660548.906,173.956,indexer,273026275,211663074,61363201,5644525568,5644574720,1436856320,4102103040,1211740160,2995408896,26,13897826304
1791660548.906,173.956,zebrad,236009482,197360321,38649160,4787003392,4789252096,391426048,4373725184,4027658240,729419776,20,13897826304
1791660549.906,174.957,indexer,274772282,213225381,61546901,5652828160,5652860928,1441050624,4105863168,1215500288,2995408896,26,13890101248
1791660549.906,174.957,zebrad,236017546,197366372,38651173,4786753536,4789252096,391426048,4373725184,4027658240,729419776,20,13890101248
1791660550.906,175.957,indexer,276889435,214890389,61999046,5668175872,5668261888,1449439232,4112834560,1222471680,2995408896,26,13887971328
1791660550.906,175.957,zebrad,236025570,197373904,38651665,4787015680,4789252096,391426048,4373725184,4027658240,729419776,20,13887971328
1791660551.906,176.957,indexer,279147673,216661764,62485909,5684482048,5684514816,1457831936,4120809472,1230446592,2995408896,26,13884248064
1791660551.906,176.957,zebrad,236033447,197381642,38651804,4787273728,4789252096,391426048,4373725184,4027658240,729419776,20,13884248064
1791660552.907,177.957,indexer,281376015,218423884,62952130,5700644864,5700644864,1466220544,4128591872,1238228992,2995408896,26,13868773376
1791660552.907,177.957,zebrad,236041282,197388176,38653105,4787269632,4789252096,391426048,4373725184,4027658240,729419776,20,13868773376
1791660553.907,178.957,indexer,283658842,220247433,63411408,5719257088,5719257088,1476706304,4136734720,1246375936,2995408896,26,13839757312
1791660553.907,178.957,zebrad,236048494,197395389,38653105,4787568640,4789665792,391725056,4373725184,4027658240,729419776,20,13839757312
1791660554.907,179.957,indexer,285701845,221861374,63840471,5733031936,5733113856,1482997760,4144259072,1253896192,2995408896,26,13841592320
1791660554.907,179.957,zebrad,236056595,197403119,38653475,4787560448,4789665792,391725056,4373725184,4027658240,729419776,20,13841592320
1791660555.907,180.957,indexer,287669998,223420593,64249405,5749354496,5749358592,1491386368,4151857152,1261494272,2995408896,26,13836075008
1791660555.907,180.957,zebrad,236064894,197411375,38653519,4787556352,4789665792,391725056,4373725184,4027658240,729419776,20,13836075008
1791660556.907,181.957,indexer,289660709,224928733,64731976,5765341184,5765365760,1499774976,4159451136,1269088256,2995408896,26,13825277952
1791660556.907,181.957,zebrad,236072223,197418490,38653732,4787556352,4789665792,391725056,4373725184,4027658240,729419776,20,13825277952
1791660557.907,182.957,indexer,291890684,226658376,65232307,5782982656,5783003136,1508163584,4168523776,1278160896,2995408896,26,13824323584
1791660557.907,182.957,zebrad,236079642,197424166,38655476,4787556352,4789665792,391725056,4373725184,4027658240,729419776,20,13824323584
1791660558.907,183.958,indexer,293984474,228269305,65715169,5801103360,5801144320,1517068288,4177989632,1287626752,2995408896,26,13817225216
1791660558.907,183.958,zebrad,236087421,197430982,38656438,4787556352,4789665792,391725056,4373725184,4027658240,729419776,20,13817225216
1791660559.907,184.958,indexer,295855375,229786744,66068631,5815545856,5815549952,1523359744,4186009600,1295646720,2995408896,26,13806026752
1791660559.907,184.958,zebrad,236094694,197436372,38658322,4787556352,4789665792,391725056,4373725184,4027658240,729419776,20,13806026752
1791660560.907,185.958,indexer,297727549,231300401,66427147,5832343552,5832433664,1531748352,4194459648,1304096768,2995408896,26,13800275968
1791660560.907,185.958,zebrad,236101939,197442577,38659361,4787556352,4789665792,391725056,4373725184,4027658240,729419776,20,13800275968
1791660561.908,186.958,indexer,299716299,232899264,66817034,5848412160,5848432640,1538039808,4203831296,1313472512,2995408896,26,13797228544
1791660561.908,186.958,zebrad,236110023,197450661,38659361,4787552256,4789665792,391725056,4373725184,4027658240,729419776,20,13797228544
1791660562.908,187.958,indexer,301875682,234561102,67314580,5865910272,5865918464,1546432512,4212895744,1322536960,2995408896,26,13790380032
1791660562.908,187.958,zebrad,236117449,197458087,38659361,4787552256,4789665792,391725056,4373725184,4027658240,729419776,20,13790380032
1791660563.908,188.958,indexer,304137583,236330568,67807014,5884932096,5884932096,1556918272,4221452288,1331089408,2995408896,26,13781135360
1791660563.908,188.958,zebrad,236125606,197466244,38659361,4787552256,4789665792,391725056,4373725184,4027658240,729419776,20,13781135360
1791660564.908,189.958,indexer,306256511,238054598,68201912,5899837440,5899837440,1563226112,4230180864,1339822080,2995408896,26,13761589248
1791660564.908,189.958,zebrad,236132653,197472026,38660627,4790366208,4791717888,394539008,4373725184,4027658240,729419776,20,13761589248
1791660565.908,190.958,indexer,308544314,240007488,68536826,5741363200,5908733952,1397542912,4237668352,1347305472,2995408896,27,13926256640
1791660565.908,190.958,zebrad,236141083,197479551,38661532,4790366208,4791717888,394539008,4373725184,4027658240,729419776,20,13926256640
1791660566.908,191.958,indexer,311331384,242461025,68870359,5759574016,5908733952,1408315392,4245102592,1354739712,2995408896,27,13913014272
1791660566.908,191.958,zebrad,236149421,197487839,38661582,4790366208,4791717888,394539008,4373725184,4027658240,729419776,20,13913014272
1791660567.908,192.958,indexer,314185959,244845883,69340075,5981298688,5981298688,1414864896,4454158336,1362587648,2995408896,27,13908824064
1791660567.908,192.958,zebrad,236156430,197494687,38661743,4790362112,4791717888,394539008,4373725184,4027658240,729419776,20,13908824064
1791660568.908,193.959,indexer,315223845,245371130,69852714,6384726016,6384726016,1419132928,4842106880,1365196800,3546271744,27,13880221696
1791660568.908,193.959,zebrad,236163250,197501507,38661743,4790353920,4791717888,394539008,4373725184,4027658240,729419776,20,13880221696
1791660569.908,194.959,indexer,315325733,245435988,69889744,6385774592,6385774592,1419132928,4842450944,1365520384,3709194240,27,13872070656
1791660569.908,194.959,zebrad,236170511,197508767,38661743,4790390784,4791717888,394539008,4373725184,4027658240,729419776,20,13872070656
1791660570.909,195.959,indexer,317180347,246888200,70292146,6399385600,6399463424,1425424384,4850286592,1373356032,3709194240,26,13871583232
1791660570.909,195.959,zebrad,236177969,197516226,38661743,4790390784,4791717888,394539008,4373725184,4027658240,729419776,20,13871583232
1791660571.909,196.959,indexer,319092010,248384728,70707282,6414983168,6414987264,1432768512,4858183680,1381253120,3709194240,26,13871570944
1791660571.909,196.959,zebrad,236185769,197523825,38661943,4790128640,4791717888,394539008,4373725184,4027658240,729419776,20,13871570944
1791660572.909,197.959,indexer,321643017,250567923,71075094,6431817728,6431854592,1441157120,4865974272,1389047808,3709194240,26,13868298240
1791660572.909,197.959,zebrad,236185818,197523866,38661951,4789874688,4791717888,394539008,4373725184,4027658240,729419776,20,13868298240
1791660573.909,198.959,indexer,324548335,253106112,71442223,6445182976,6445187072,1447448576,4872769536,1395838976,3709194240,26,13865189376
1791660573.909,198.959,zebrad,236185916,197523948,38661967,4789874688,4791717888,394539008,4373725184,4027658240,729419776,20,13865189376
1791660574.909,199.959,indexer,326944582,255089650,71854932,6460383232,6460383232,1455841280,4879659008,1402728448,3709194240,26,13844770816
1791660574.909,199.959,zebrad,236197439,197534225,38663214,4792180736,4792492032,396333056,4373725184,4027658240,729419776,20,13844770816
1791660575.909,200.959,indexer,329163084,256849615,72313468,6476496896,6476496896,1464229888,4887351296,1410420736,3709194240,26,13832884224
1791660575.909,200.959,zebrad,236204780,197540839,38663941,4792180736,4792492032,396333056,4373725184,4027658240,729419776,20,13832884224
1791660576.909,201.959,indexer,331410917,258621424,72789492,6493007872,6493007872,1472618496,4895371264,1418440704,3709198336,26,13832282112
1791660576.909,201.959,zebrad,236212620,197548679,38663941,4792176640,4792492032,396333056,4373725184,4027658240,729419776,20,13832282112
1791660577.909,202.960,indexer,333482935,260258182,73224752,6508527616,6508568576,1481007104,4902780928,1425850368,3709198336,26,13821292544
1791660577.909,202.960,zebrad,236220461,197555907,38664553,4792205312,4792492032,396333056,4373725184,4027658240,729419776,20,13821292544
1791660578.909,203.960,indexer,335422083,261761739,73660344,6524223488,6524227584,1489395712,4909793280,1432862720,3709198336,26,13818654720
1791660578.909,203.960,zebrad,236228117,197563296,38664820,4792197120,4792492032,396333056,4373725184,4027658240,729419776,20,13818654720
1791660579.909,204.960,indexer,337520466,263442365,74078100,6540414976,6540414976,1497784320,4917329920,1440399360,3709198336,26,13806661632
1791660579.909,204.960,zebrad,236235760,197570839,38664921,4792193024,4792492032,396333056,4373725184,4027658240,729419776,20,13806661632
1791660580.910,205.960,indexer,339642705,265181439,74461265,6555357184,6555357184,1506172928,4924030976,1447100416,3709198336,26,13797064704
1791660580.910,205.960,zebrad,236242848,197577077,38665770,4792188928,4792492032,396333056,4373725184,4027658240,729419776,20,13797064704
1791660581.910,206.960,indexer,341836740,266922707,74914033,6571540480,6571646976,1515081728,4931629056,1454698496,3709198336,26,13793210368
1791660581.910,206.960,zebrad,236250631,197583897,38666733,4792184832,4792492032,396333056,4373725184,4027658240,729419776,20,13793210368
1791660582.910,207.960,indexer,343772023,268452907,75319116,6584516608,6584573952,1521373184,4938301440,1461374976,3709198336,26,13790814208
1791660582.910,207.960,zebrad,236257276,197589601,38667675,4792180736,4792492032,396333056,4373725184,4027658240,729419776,20,13790814208
1791660583.910,208.960,indexer,345737202,269998302,75738899,6600036352,6600036352,1529761792,4945149952,1468219392,3709198336,26,13781975040
1791660583.910,208.960,zebrad,236264890,197596443,38668446,4792180736,4792492032,396333056,4373725184,4027658240,729419776,20,13781975040
1791660584.910,209.960,indexer,347888316,271668284,76220032,6616477696,6616510464,1538236416,4952809472,1475878912,3709198336,26,13765906432
1791660584.910,209.960,zebrad,236272419,197601718,38670700,4792180736,4794277888,396333056,4373725184,4027658240,729419776,20,13765906432
1791660585.910,210.960,indexer,349989722,273408725,76580996,6631493632,6631505920,1546625024,4959543296,1482612736,3709198336,26,13754298368
1791660585.910,210.960,zebrad,236280451,197609403,38671047,4792180736,4794277888,396333056,4373725184,4027658240,729419776,20,13754298368
1791660586.910,211.960,indexer,352154760,275119751,77035008,6647070720,6647070720,1555013632,4966903808,1489973248,3709198336,26,13745844224
1791660586.910,211.960,zebrad,236286753,197612484,38674269,4792180736,4794277888,396333056,4373725184,4027658240,729419776,20,13745844224
1791660587.910,212.961,indexer,354451236,276927455,77523781,6663585792,6663585792,1563402240,4975210496,1498279936,3709198336,26,13742833664
1791660587.910,212.961,zebrad,236295205,197620867,38674338,4792176640,4794277888,396333056,4373725184,4027658240,729419776,20,13742833664
1791660588.910,213.961,indexer,356754620,278889239,77865381,6504181760,6672498688,1397723136,4981411840,1504481280,3709198336,27,13910605824
1791660588.910,213.961,zebrad,236302967,197626829,38676137,4792176640,4794277888,396333056,4373725184,4027658240,729419776,20,13910605824
1791660589.910,214.961,indexer,359645551,281471093,78174458,6521745408,6672498688,1408495616,4988043264,1511112704,3709198336,27,13898358784
1791660589.910,214.961,zebrad,236310779,197634642,38676137,4792168448,4794277888,396333056,4373725184,4027658240,729419776,20,13898358784
1791660590.911,215.961,indexer,362518525,283870143,78648381,6741422080,6741422080,1415028736,5195411456,1517617152,3709198336,27,13885870080
1791660590.911,215.961,zebrad,236318186,197642048,38676137,4792164352,4794277888,396333056,4373725184,4027658240,729419776,20,13885870080
1791660591.911,216.961,indexer,363805420,284557349,79248071,7147458560,7147462656,1419284480,5585133568,1520480256,3921661952,27,13863215104
1791660591.911,216.961,zebrad,236325105,197648967,38676137,4792164352,4794277888,396333056,4373725184,4027658240,729419776,20,13863215104
1791660592.911,217.961,indexer,363917127,284604849,79312278,7147663360,7147687936,1419284480,5585420288,1520730112,4462587904,27,13863616512
1791660592.911,217.961,zebrad,236332405,197656215,38676189,4792164352,4794277888,396333056,4373725184,4027658240,729419776,20,13863616512
1791660593.911,218.961,indexer,365070293,285525444,79544848,7155695616,7155699712,1423478784,5589364736,1524674560,4462587904,26,13865975808
1791660593.911,218.961,zebrad,236339989,197663708,38676280,4791934976,4794277888,396333056,4373725184,4027658240,729419776,20,13865975808
1791660594.911,219.961,indexer,367533603,287673018,79860584,7170383872,7170383872,1430822912,5595672576,1530982400,4462587904,26,13850955776
1791660594.911,219.961,zebrad,236348326,197670316,38678010,4791943168,4794294272,396333056,4373725184,4027658240,729419776,20,13850955776
1791660595.911,220.961,indexer,370188728,290062437,80126290,7182041088,7182041088,1437114368,5601132544,1536446464,4462587904,26,13850832896
1791660595.911,220.961,zebrad,236356564,197678355,38678208,4792201216,4794294272,396333056,4373725184,4027658240,729419776,20,13850832896
1791660596.911,221.961,indexer,372585009,292012649,80572359,7197540352,7197581312,1445502976,5608591360,1543901184,4462587904,26,13845012480
1791660596.911,221.961,zebrad,236363806,197685398,38678407,4792193024,4794294272,396333056,4373725184,4027658240,729419776,20,13845012480
1791660597.911,222.962,indexer,374805513,293743832,81061681,7212711936,7212716032,1452847104,5616140288,1551454208,4462587904,26,13847457792
1791660597.911,222.962,zebrad,236370999,197691396,38679602,4791930880,4794294272,396333056,4373725184,4027658240,729419776,20,13847457792
1791660598.911,223.962,indexer,377104332,295555531,81548801,7230197760,7230197760,1462284288,5624340480,1559650304,4462587904,26,13840523264
1791660598.911,223.962,zebrad,236378957,197697869,38681087,4792193024,4794294272,396333056,4373725184,4027658240,729419776,20,13840523264
1791660599.911,224.962,indexer,379432035,297369866,82062169,7249596416,7249596416,1472770048,5632794624,1568104448,4462587904,26,13825708032
1791660599.911,224.962,zebrad,236385975,197704724,38681250,4792188928,4794294272,396333056,4373725184,4027658240,729419776,20,13825708032
1791660600.912,225.962,indexer,381646596,299110530,82536065,7265423360,7265501184,1481158656,5640548352,1575858176,4462587904,26,13820272640
1791660600.912,225.962,zebrad,236393934,197710852,38683081,4791427072,4794294272,396333056,4373725184,4027658240,729419776,20,13820272640
1791660601.912,226.962,indexer,383882169,300842488,83039680,7281803264,7281876992,1489547264,5648543744,1583853568,4462587904,26,13820137472
1791660601.912,226.962,zebrad,236401837,197717937,38683900,4792217600,4794294272,396333056,4373725184,4027658240,729419776,20,13820137472
1791660602.912,227.962,indexer,386162199,302613944,83548255,7300427776,7300427776,1500033024,5656662016,1591971840,4462587904,26,13808910336
1791660602.912,227.962,zebrad,236410056,197725796,38684259,4792209408,4794294272,396333056,4373725184,4027658240,729419776,20,13808910336
1791660603.912,228.962,indexer,388465617,304407571,84058046,7316942848,7316942848,1508421632,5664645120,1599954944,4462587904,26,13797400576
1791660603.912,228.962,zebrad,236417726,197731353,38686372,4792205312,4794294272,396333056,4373725184,4027658240,729419776,20,13797400576
1791660604.912,229.962,indexer,390536153,305997555,84538597,7333519360,7333519360,1517326336,5672169472,1607479296,4462587904,26,13787779072
1791660604.912,229.962,zebrad,236427935,197740366,38687568,4792205312,4794294272,396337152,4373725184,4027658240,729419776,20,13787779072
1791660605.912,230.962,indexer,392518113,307551359,84966754,7349252096,7349252096,1525714944,5679398912,1614712832,4462587904,26,13784612864
1791660605.912,230.962,zebrad,236436027,197748284,38687742,4792205312,4794302464,396337152,4373725184,4027658240,729419776,20,13784612864
1791660606.912,231.963,indexer,394535530,309174085,85361444,7362232320,7362240512,1532006400,5686210560,1621524480,4462587904,26,13775917056
1791660606.912,231.963,zebrad,236443556,197755813,38687742,4792201216,4794302464,396337152,4373725184,4027658240,729419776,20,13775917056
1791660607.912,232.963,indexer,396789643,310901538,85888104,7380398080,7380520960,1542492160,5694156800,1629466624,4462587904,26,13767446528
1791660607.912,232.963,zebrad,236452036,197764294,38687742,4791930880,4794302464,396337152,4373725184,4027658240,729419776,20,13767446528
1791660608.913,233.963,indexer,399066023,312629671,86436352,7397134336,7397183488,1550880768,5702320128,1637629952,4462587904,26,13754744832
1791660608.913,233.963,zebrad,236460445,197772703,38687742,4792193024,4794302464,396337152,4373725184,4027658240,729419776,20,13754744832
1791660609.913,234.963,indexer,401327804,314369326,86958477,7413854208,7413854208,1559269376,5710295040,1645604864,4462587904,26,13750702080
1791660609.913,234.963,zebrad,236468284,197780542,38687742,4792184832,4794302464,396337152,4373725184,4027658240,729419776,20,13750702080
1791660610.913,235.963,indexer,403498559,316119496,87379062,7429787648,7429787648,1567657984,5717692416,1653071872,4462592000,26,13740593152
1791660610.913,235.963,zebrad,236476489,197788746,38687742,4792180736,4794302464,396337152,4373725184,4027658240,729419776,20,13740593152
1791660611.913,236.963,indexer,406347723,318635761,87711962,7274692608,7429787648,1406455808,5724409856,1659719680,4462592000,27,13891661824
1791660611.913,236.963,zebrad,236484631,197796822,38687809,4792180736,4794302464,396337152,4373725184,4027658240,729419776,20,13891661824
1791660612.913,237.963,indexer,409218474,321151511,88066962,7357210624,7429787648,1412763648,5798166528,1666494464,4462592000,27,13883650048
1791660612.913,237.963,zebrad,236492692,197804878,38687813,4792176640,4794302464,396337152,4373725184,4027658240,729419776,20,13883650048
1791660613.913,238.963,indexer,411200563,322365769,88834794,7903428608,7903428608,1419354112,6322647040,1670983680,4497412096,27,13847011328
1791660613.913,238.963,zebrad,236501169,197813118,38688050,4792176640,4794302464,396337152,4373725184,4027658240,729419776,20,13847011328
1791660614.913,239.963,indexer,411414365,322431443,88982921,7904202752,7904202752,1419354112,6323040256,1671344128,5121572864,27,13843709952
1791660614.913,239.963,zebrad,236508723,197820587,38688136,4792176640,4794302464,396337152,4373725184,4027658240,729419776,20,13843709952
1791660615.913,240.963,indexer,411812301,322741594,89070707,7907348480,7907348480,1421451264,6324248576,1672544256,5251227648,26,13840699392
1791660615.913,240.963,zebrad,236515217,197826675,38688542,4792172544,4794302464,396337152,4373725184,4027658240,729419776,20,13840699392
1791660616.913,241.964,indexer,414528953,325072517,89456435,7922810880,7922810880,1428795392,6331478016,1679773696,5251227648,26,13833887744
1791660616.913,241.964,zebrad,236515445,197826865,38688579,4792172544,4794302464,396337152,4373725184,4027658240,729419776,20,13833887744
1791660617.913,242.964,indexer,417447750,327619641,89828108,7937925120,7937933312,1437184000,6338277376,1686573056,5251227648,26,13826809856
1791660617.913,242.964,zebrad,236515626,197827017,38688609,4792172544,4794302464,396337152,4373725184,4027658240,729419776,20,13826809856
1791660618.913,243.964,indexer,419772499,329595223,90177276,7951040512,7951097856,1443475456,6345072640,1693368320,5251227648,26,13823741952
1791660618.913,243.964,zebrad,236523419,197834009,38689409,4792172544,4794302464,396337152,4373725184,4027658240,729419776,20,13823741952
1791660619.914,244.964,indexer,421783835,331173579,90610255,7966883840,7966945280,1451864064,6352465920,1700761600,5251227648,26,13818114048
1791660619.914,244.964,zebrad,236531974,197842565,38689409,4792168448,4794302464,396337152,4373725184,4027658240,729419776,20,13818114048
1791660620.914,245.964,indexer,424054259,332924743,91129516,7985483776,7985520640,1462353920,6360551424,1708847104,5251227648,26,13807738880
1791660620.914,245.964,zebrad,236539823,197849354,38690468,4791902208,4794302464,396337152,4373725184,4027658240,729419776,20,13807738880
1791660621.914,246.964,indexer,426327112,334638830,91688281,8002183168,8002228224,1470742528,6368686080,1716981760,5251227648,26,13799251968
1791660621.914,246.964,zebrad,236548147,197856298,38691849,4791902208,4794302464,396337152,4373725184,4027658240,729419776,20,13799251968
1791660622.914,247.964,indexer,428649475,336494970,92154505,8021057536,8021057536,1481228288,6377185280,1725480960,5251227648,26,13791313920
1791660622.914,247.964,zebrad,236555902,197863423,38692479,4792164352,4794302464,396337152,4373725184,4027658240,729419776,20,13791313920
1791660623.914,248.964,indexer,430940365,338345994,92594371,8037834752,8037834752,1489616896,6385369088,1733672960,5251227648,26,13784584192
1791660623.914,248.964,zebrad,236563816,197870023,38693792,4792160256,4794302464,396337152,4373725184,4027658240,729419776,20,13784584192
1791660624.914,249.964,indexer,432899595,339850851,93048743,8053268480,8053305344,1498005504,6392696832,1740992512,5251227648,26,13782663168
1791660624.914,249.964,zebrad,236571766,197877823,38693943,4792160256,4794302464,396337152,4373725184,4027658240,729419776,20,13782663168
1791660625.914,250.964,indexer,434869710,341383226,93486483,8069427200,8069435392,1506394112,6400036864,1748332544,5251227648,26,13766852608
1791660625.914,250.964,zebrad,236580186,197885175,38695010,4792659968,4794757120,397099008,4373725184,4027658240,729419776,20,13766852608
1791660626.914,251.965,indexer,437016364,343076262,93940102,8086069248,8086077440,1515302912,6407868416,1756164096,5251227648,26,13764399104
1791660626.914,251.965,zebrad,236588306,197892953,38695353,4792659968,4794757120,397099008,4373725184,4027658240,729419776,20,13764399104
1791660627.914,252.965,indexer,439288664,344853899,94434765,8102203392,8102215680,1523691520,6415765504,1764061184,5251227648,26,13753802752
1791660627.914,252.965,zebrad,236595436,197897218,38698218,4792913920,4794757120,397099008,4373725184,4027658240,729419776,20,13753802752
1791660628.914,253.965,indexer,441586144,346641847,94944297,8121114624,8121114624,1534177280,6424010752,1772306432,5251227648,26,13743251456
1791660628.914,253.965,zebrad,236603700,197904604,38699095,4792909824,4794757120,397099008,4373725184,4027658240,729419776,20,13743251456
1791660629.915,254.965,indexer,443854191,348451249,95402941,8137285632,8137285632,1542565888,6432260096,1780555776,5251227648,26,13736128512
1791660629.915,254.965,zebrad,236611335,197912140,38699194,4792926208,4794757120,397099008,4373725184,4027658240,729419776,20,13736128512
1791660630.915,255.965,indexer,445894010,350084094,95809915,8152948736,8153051136,1550954496,6439260160,1787555840,5251227648,26,13729906688
1791660630.915,255.965,zebrad,236618741,197919484,38699256,4792918016,4794757120,397099008,4373725184,4027658240,729419776,20,13729906688
1791660631.915,256.965,indexer,447856420,351578176,96278244,8168595456,8168656896,1559343104,6446469120,1794764800,5251227648,26,13725675520
1791660631.915,256.965,zebrad,236626225,197925214,38701010,4792651776,4794757120,397099008,4373725184,4027658240,729419776,20,13725675520
1791660632.915,257.965,indexer,449940770,353188825,96751945,8184930304,8184930304,1567731712,6454075392,1802371072,5251227648,26,13712879616
1791660632.915,257.965,zebrad,236634050,197931905,38702145,4792643584,4794757120,397099008,4373725184,4027658240,729419776,20,13712879616
1791660633.915,258.965,indexer,452460668,355423221,97037446,8020836352,8185966592,1397858304,6460256256,1808551936,5251227648,27,13883736064
1791660633.915,258.965,zebrad,236641319,197939135,38702184,4792672256,4794757120,397099008,4373725184,4027658240,729419776,20,13883736064
1791660634.915,259.965,indexer,455193425,357815637,97377788,8109776896,8185966592,1410850816,6533939200,1815101440,5251227648,27,13875585024
1791660634.915,259.965,zebrad,236652091,197948271,38703819,4792672256,4794757120,397099008,4373725184,4027658240,729419776,20,13875585024
1791660635.915,260.965,indexer,457928793,359804813,98123980,8679526400,8679542784,1419440128,7078969344,1821511680,5259137024,27,13855395840
1791660635.915,260.965,zebrad,236658771,197954845,38703926,4792672256,4794769408,397099008,4373725184,4027658240,729419776,20,13855395840
1791660636.915,261.966,indexer,458273464,359911124,98362340,8679976960,8679989248,1419440128,7079628800,1822150656,5666197504,27,13849100288
1791660636.915,261.966,zebrad,236666355,197962173,38704181,4792492032,4794769408,397099008,4373725184,4027658240,729419776,20,13849100288
1791660637.915,262.966,indexer,458399719,359983931,98415788,8680669184,8680738816,1419440128,7079997440,1822457856,6091227136,27,13848707072
1791660637.915,262.966,zebrad,236673777,197969595,38704181,4792754176,4794769408,397099008,4373725184,4027658240,729419776,20,13848707072
1791660638.916,263.966,indexer,460119808,361478781,98641027,8691765248,8691777536,1425731584,7084118016,1826582528,6091227136,26,13843042304
1791660638.916,263.966,zebrad,236678191,197974010,38704181,4792754176,4794769408,397099008,4373725184,4027658240,729419776,20,13843042304
1791660639.916,264.966,indexer,463044422,364086526,98957895,8705822720,8705822720,1433075712,7090888704,1833349120,6091227136,26,13837307904
1791660639.916,264.966,zebrad,236678442,197974254,38704187,4792496128,4794769408,397099008,4373725184,4027658240,729419776,20,13837307904
1791660640.916,265.966,indexer,465751645,366422917,99328727,8718929920,8718929920,1439367168,7097692160,1840152576,6091227136,26,13828501504
1791660640.916,265.966,zebrad,236682780,197977024,38705755,4792492032,4794769408,397099008,4373725184,4027658240,729419776,20,13828501504
1791660641.916,266.966,indexer,467865409,368353873,99511536,8729415680,8729415680,1445658624,7102083072,1844543488,6091227136,26,13825921024
1791660641.916,266.966,zebrad,236690523,197983646,38706876,4792492032,4794769408,397099008,4373725184,4027658240,729419776,20,13825921024
1791660642.916,267.966,indexer,469991914,370361626,99630287,8738590720,8738590720,1449852928,7106535424,1848995840,6091227136,26,13817978880
1791660642.916,267.966,zebrad,236698147,197991009,38707138,4792483840,4794769408,397099008,4373725184,4027658240,729419776,20,13817978880
1791660643.916,268.966,indexer,472150155,372251258,99898896,8750026752,8750030848,1456148480,7112110080,1854570496,6091227136,26,13812715520
1791660643.916,268.966,zebrad,236706132,197998490,38707642,4792733696,4794769408,397103104,4373725184,4027658240,729419776,20,13812715520
1791660644.916,269.966,indexer,474382651,374035375,100347276,8766537728,8766537728,1464537088,7119720448,1862180864,6091227136,26,13811249152
1791660644.916,269.966,zebrad,236713965,198005516,38708449,4792733696,4794769408,397103104,4373725184,4027658240,729419776,20,13811249152
1791660645.916,270.967,indexer,476703817,375876294,100827523,8785477632,8785477632,1475022848,7128047616,1870508032,6091231232,26,13800001536
1791660645.916,270.967,zebrad,236722590,198011196,38711394,4792799232,4794896384,397168640,4373725184,4027658240,729419776,20,13800001536
1791660646.916,271.967,indexer,478983675,377653343,101330331,8801738752,8801738752,1483411456,7136309248,1878769664,6091231232,26,13782081536
1791660646.916,271.967,zebrad,236730494,198018117,38712377,4792795136,4794896384,397168640,4373725184,4027658240,729419776,20,13782081536
1791660647.917,272.967,indexer,481301316,379520137,101781179,8820613120,8820613120,1493897216,7144644608,1887105024,6091231232,26,13778120704
1791660647.917,272.967,zebrad,236739198,198026035,38713162,4792795136,4794896384,397168640,4373725184,4027658240,729419776,20,13778120704
1791660648.917,273.967,indexer,483621260,381342500,102278760,8837652480,8837652480,1502285824,7153070080,1895534592,6091231232,26,13765079040
1791660648.917,273.967,zebrad,236747185,198034022,38713162,4792791040,4794896384,397168640,4373725184,4027658240,729419776,20,13765079040
1791660649.917,274.967,indexer,485895632,383133651,102761981,8854528000,8854630400,1511190528,7161217024,1903677440,6091231232,26,13763043328
1791660649.917,274.967,zebrad,236756042,198040908,38715133,4792791040,4794896384,397168640,4373725184,4027658240,729419776,20,13763043328
1791660650.917,275.967,indexer,488166279,384855266,103311012,8873254912,8873299968,1521676288,7169363968,1911824384,6091231232,26,13749297152
1791660650.917,275.967,zebrad,236764204,198048045,38716159,4792791040,4794896384,397168640,4373725184,4027658240,729419776,20,13749297152
1791660651.917,276.967,indexer,490416502,386616992,103799510,8889528320,8889536512,1530064896,7177179136,1919643648,6091231232,26,13747294208
1791660651.917,276.967,zebrad,236772447,198053405,38719041,4792803328,4794896384,397168640,4373725184,4027658240,729419776,20,13747294208
1791660652.917,277.967,indexer,492649225,388376536,104272688,8905461760,8905637888,1538453504,7184986112,1927446528,6091231232,26,13740171264
1791660652.917,277.967,zebrad,236780398,198061041,38719356,4792795136,4794896384,397168640,4373725184,4027658240,729419776,20,13740171264
1791660653.917,278.967,indexer,494799369,390044035,104755333,8921493504,8921518080,1546842112,7191588864,1934585856,6091231232,26,13736013824
1791660653.917,278.967,zebrad,236787245,198065070,38722175,4792299520,4794896384,397168640,4373725184,4027658240,729419776,20,13736013824
1791660654.917,279.967,indexer,496849123,391767440,105081683,8933920768,8933945344,1553133568,7198228480,1940692992,6091231232,26,13727047680
1791660654.917,279.967,zebrad,236794697,198071796,38722901,4792819712,4794896384,397168640,4373725184,4027658240,729419776,20,13727047680
1791660655.917,280.968,indexer,499008218,393510041,105498177,8949207040,8949284864,1561522176,7205261312,1947803648,6091231232,26,13714919424
1791660655.917,280.968,zebrad,236802255,198077424,38724831,4792819712,4794896384,397168640,4373725184,4027658240,729419776,20,13714919424
1791660656.917,281.968,indexer,501038636,395185338,105853297,8961753088,8961806336,1567813632,7211638784,1954099200,6091231232,26,13702479872
1791660656.917,281.968,zebrad,236810243,198085411,38724831,4793266176,4795363328,397615104,4373725184,4027658240,729419776,20,13702479872
1791660657.918,282.968,indexer,503716664,397638023,106078641,8797024256,8961806336,1397936128,7217090560,1959550976,6091231232,27,13872427008
1791660657.918,282.968,zebrad,236817710,198092814,38724895,4793012224,4795363328,397615104,4373725184,4027658240,729419776,20,13872427008
1791660658.918,283.968,indexer,506473468,400016362,106457105,8886235136,8961806336,1411325952,7290617856,1965977600,6091231232,27,13856505856
1791660658.918,283.968,zebrad,236825279,198099455,38725824,4793012224,4795363328,397615104,4373725184,4027658240,729419776,20,13856505856
1791660659.918,284.968,indexer,508411789,401307877,107103912,9399775232,9399775232,1417363456,7783424000,1970163712,6373662720,27,13848322048
1791660659.918,284.968,zebrad,236832570,198105699,38726871,4793274368,4795363328,397615104,4373725184,4027658240,729419776,20,13848322048
1791660660.918,285.968,indexer,508964281,401705625,107258655,9400561664,9400561664,1417363456,7783735296,1970475008,6480232448,27,13829738496
1791660660.918,285.968,zebrad,236840572,198112866,38727706,4793270272,4795363328,397615104,4373725184,4027658240,729419776,20,13829738496
1791660661.918,286.968,indexer,510264624,402972407,107292217,9401610240,9401610240,1417363456,7784452096,1971159040,6917877760,26,13824020480
1791660661.918,286.968,zebrad,236850340,198120999,38729341,4793008128,4795363328,397615104,4373725184,4027658240,729419776,20,13824020480
1791660662.918,287.968,indexer,512596730,404916480,107680249,9417076736,9417076736,1425752064,7791820800,1978531840,6917877760,26,13820698624
1791660662.918,287.968,zebrad,236857892,198128465,38729426,4793004032,4795363328,397615104,4373725184,4027658240,729419776,20,13820698624
1791660663.918,288.968,indexer,514627877,406532877,108094999,9433796608,9433841664,1435193344,7798722560,1985429504,6917877760,26,13810356224
1791660663.918,288.968,zebrad,236865721,198135323,38730397,4792995840,4795363328,397615104,4373725184,4027658240,729419776,20,13810356224
1791660664.918,289.969,indexer,516596583,408125843,108470739,9446608896,9446666240,1441484800,7805247488,1991954432,6917877760,26,13801500672
1791660664.918,289.969,zebrad,236875930,198142493,38733437,4792729600,4795363328,397615104,4373725184,4027658240,729419776,20,13801500672
1791660665.918,290.969,indexer,518630202,409714456,108915745,9462173696,9462185984,1449873408,7812300800,1999011840,6917877760,26,13793472512
1791660665.918,290.969,zebrad,236882402,198147211,38735190,4792508416,4795363328,397615104,4373725184,4027658240,729419776,20,13793472512
1791660666.918,291.969,indexer,520883225,411470671,109412554,9478516736,9478565888,1458266112,7820328960,2007035904,6917877760,26,13774524416
1791660666.918,291.969,zebrad,236890240,198154241,38735998,4792754176,4795363328,397627392,4373725184,4027658240,729419776,20,13774524416
1791660667.919,292.969,indexer,523169775,413257803,109911971,9494937600,9494937600,1466654720,7828234240,2014941184,6917877760,26,13773983744
1791660667.919,292.969,zebrad,236898548,198161172,38737375,4793008128,4795363328,397627392,4373725184,4027658240,729419776,20,13773983744
1791660668.919,293.969,indexer,525496620,415095144,110401476,9513811968,9513811968,1477140480,7836659712,2023366656,6917877760,26,13764263936
1791660668.919,293.969,zebrad,236906044,198168668,38737375,4792741888,4795363328,397627392,4373725184,4027658240,729419776,20,13764263936
1791660669.919,294.969,indexer,527789219,416860208,110929011,9530753024,9530765312,1485529088,7844917248,2031624192,6917877760,26,13761310720
1791660669.919,294.969,zebrad,236914419,198177044,38737375,4793004032,4795363328,397627392,4373725184,4027658240,729419776,20,13761310720
1791660670.919,295.969,indexer,530005033,418565470,111439562,9548689408,9548734464,1496014848,7852687360,2039394304,6917877760,26,13749452800
1791660670.919,295.969,zebrad,236922481,198183964,38738517,4793253888,4795363328,397627392,4373725184,4027658240,729419776,20,13749452800
1791660671.919,296.969,indexer,532121620,420286933,111834686,9561600000,9561616384,1502306304,7859224576,2045931520,6917877760,26,13745545216
1791660671.919,296.969,zebrad,236930509,198190824,38739684,4793253888,4795363328,397627392,4373725184,4027658240,729419776,20,13745545216
1791660672.919,297.969,indexer,534207950,422201922,112006028,9572478976,9572478976,1508597760,7863881728,2050588672,6917877760,26,13739548672
1791660672.919,297.969,zebrad,236938485,198197805,38740679,4793253888,4795363328,397627392,4373725184,4027658240,729419776,20,13739548672
1791660673.919,298.969,indexer,536305078,424109108,112195969,9581916160,9581916160,1513312256,7868641280,2055348224,6917877760,26,13732745216
1791660673.919,298.969,zebrad,236946696,198205987,38740708,4792991744,4795363328,397627392,4373725184,4027658240,729419776,20,13732745216
1791660674.919,299.970,indexer,538550674,425957359,112593315,9598169088,9598169088,1521700864,7876075520,2062782464,6917877760,26,13723930624
1791660674.919,299.970,zebrad,236954356,198208852,38745504,4793253888,4795363328,397627392,4373725184,4027658240,729419776,20,13723930624
1791660675.919,300.970,indexer,540514443,427484860,113029582,9613627392,9613647872,1530089472,7883333632,2070040576,6917877760,26,13720346624
1791660675.919,300.970,zebrad,236962491,198216642,38745848,4793266176,4795363328,397627392,4373725184,4027658240,729419776,20,13720346624
1791660676.919,301.970,indexer,542454178,429024878,113429300,9629278208,9629323264,1538478080,7890554880,2077261824,6917877760,26,13696737280
1791660676.919,301.970,zebrad,236970602,198224753,38745848,4793262080,4795363328,397627392,4373725184,4027658240,729419776,20,13696737280
1791660677.920,302.970,indexer,544633281,430683260,113950020,9645334528,9645453312,1546866688,7898488832,2085199872,6917877760,26,13686882304
1791660677.920,302.970,zebrad,236978729,198232012,38746717,4792991744,4795363328,397627392,4373725184,4027658240,729419776,20,13686882304
1791660678.920,303.970,indexer,546839772,432446586,114393186,9660678144,9660731392,1555255296,7905288192,2091995136,6917877760,26,13677842432
1791660678.920,303.970,zebrad,236986676,198239959,38746717,4792987648,4795363328,397627392,4373725184,4027658240,729419776,20,13677842432
1791660679.920,304.970,indexer,548926887,434154998,114771889,9674391552,9674399744,1561546752,7912312832,2099023872,6917877760,26,13675913216
1791660679.920,304.970,zebrad,236994190,198245399,38748790,4792987648,4795363328,397627392,4373725184,4027658240,729419776,20,13675913216
1791660680.920,305.970,indexer,550819807,435698995,115120811,9516687360,9687109632,1397964800,7919050752,2105757696,6917877760,27,13674172416
1791660680.920,305.970,zebrad,237002155,198252700,38749455,4792987648,4795363328,397627392,4373725184,4027658240,729419776,20,13674172416
1791660681.920,306.970,indexer,553727116,438282431,115444684,9532923904,9687109632,1406640128,7926382592,2113089536,6917877760,27,13672194048
1791660681.920,306.970,zebrad,237009791,198259233,38750558,4792983552,4795363328,397627392,4373725184,4027658240,729419776,20,13672194048
1791660682.920,307.970,indexer,556470544,440635467,115835077,9618313216,9687109632,1415270400,8000786432,2120388608,6917877760,27,13659750400
1791660682.920,307.970,zebrad,237017563,198267004,38750558,4792983552,4795363328,397627392,4373725184,4027658240,729419776,20,13659750400
1791660683.920,308.970,indexer,558602082,442077232,116524850,10094817280,10094825472,1419476992,8459350016,2125656064,7158616064,27,13858054144
1791660683.920,308.970,zebrad,237024492,198271144,38753347,4792983552,4795363328,397627392,4373725184,4027658240,729419776,20,13858054144
1791660684.920,309.971,indexer,558785123,442133509,116651614,10095013888,10095026176,1419476992,8459689984,2125996032,7341355008,27,13849976832
1791660684.920,309.971,zebrad,237030933,198277517,38753416,4792979456,4795363328,397627392,4373725184,4027658240,729419776,20,13849976832
1791660685.920,310.971,indexer,558972349,442157122,116815226,10095767552,10095771648,1419755520,8459964416,2126258176,7752142848,27,13836386304
1791660685.920,310.971,zebrad,237038787,198283392,38755394,4792979456,4795363328,397627392,4373725184,4027658240,729419776,20,13836386304
1791660686.921,311.971,indexer,560547572,443415123,117132448,10108162048,10108162048,1426100224,8465858560,2132152320,7752142848,26,13886070784
1791660686.921,311.971,zebrad,237046496,198291101,38755394,4794073088,4795953152,398721024,4373725184,4027658240,729419776,20,13886070784
1791660687.921,312.971,indexer,563232068,445737815,117494253,10124660736,10124660736,1433600000,8474648576,2140942336,7752142848,26,13873704960
1791660687.921,312.971,zebrad,237050477,198295082,38755394,4794052608,4795953152,398721024,4373725184,4027658240,729419776,20,13873704960
1791660689.171,314.221,indexer,566792190,448982568,117809622,10145222656,10145226752,1441964032,8486580224,2152873984,7752142848,26,13866749952
1791660689.171,314.221,zebrad,237054759,198298539,38756219,4794052608,4795953152,398741504,4373725184,4027658240,729419776,20,13866749952
1791660690.171,315.222,indexer,568953318,450678586,118274732,10162311168,10162311168,1450336256,8495435776,2161729536,7752142848,26,13821681664
1791660690.171,315.222,zebrad,237062213,198305084,38757128,4794114048,4795953152,398741504,4373725184,4027658240,729419776,20,13821681664
1791660691.171,316.222,indexer,571136422,452430042,118706380,10179710976,10179710976,1458745344,8504107008,2170400768,7752142848,26,13802725376
1791660691.171,316.222,zebrad,237069580,198311227,38758352,4794626048,4795953152,398741504,4373725184,4027658240,729419776,20,13802725376
1791660692.171,317.222,indexer,573380938,454168272,119212665,10196516864,10196537344,1467658240,8512253952,2178547712,7752142848,26,13780176896
1791660692.171,317.222,zebrad,237078162,198319809,38758352,4794626048,4795953152,398741504,4373725184,4027658240,729419776,20,13780176896
1791660693.172,318.222,indexer,575547522,455884798,119662724,10212409344,10212462592,1475796992,8520052736,2186346496,7752142848,26,13753143296
1791660693.172,318.222,zebrad,237086054,198327702,38758352,4794359808,4795953152,398741504,4373725184,4027658240,729419776,20,13753143296
1791660694.172,319.222,indexer,577793645,457671883,120121761,10229571584,10229571584,1484713984,8528261120,2194554880,7752142848,26,13702344704
1791660694.172,319.222,zebrad,237093086,198333150,38759935,4794613760,4795953152,398741504,4373725184,4027658240,729419776,20,13702344704
1791660695.172,320.222,indexer,580000796,459442125,120558670,10248937472,10248937472,1493303296,8538710016,2205003776,7752142848,26,13669351424
1791660695.172,320.222,zebrad,237104075,198343144,38760930,4794613760,4795953152,398761984,4373725184,4027658240,729419776,20,13669351424
1791660696.172,321.222,indexer,582160197,461104859,121055338,10265804800,10265817088,1502113792,8546914304,2213208064,7752142848,26,13660413952
1791660696.172,321.222,zebrad,237111126,198348859,38762266,4794347520,4795953152,398761984,4373725184,4027658240,729419776,20,13660413952
1791660697.172,322.222,indexer,584096952,462631793,121465159,10280267776,10280632320,1510109184,8553099264,2220687360,7752142848,26,13648384000
1791660697.172,322.222,zebrad,237118391,198355921,38762469,4793262080,4795953152,398987264,4372414464,4027658240,729419776,20,13648384000
1791660698.172,323.222,indexer,586005962,464217879,121788082,10294472704,10294497280,1517006848,8560668672,2228256768,7752142848,26,13808091136
1791660698.172,323.222,zebrad,237125751,198361383,38764367,4793262080,4795953152,398987264,4372414464,4027658240,729419776,20,13808091136
1791660699.172,324.222,indexer,588189308,465930020,122259287,10311503872,10311524352,1525788672,8568795136,2236387328,7752142848,26,13800583168
1791660699.172,324.222,zebrad,237134243,198367956,38766286,4793262080,4795953152,398987264,4372414464,4027658240,729419776,20,13800583168
1791660700.172,325.223,indexer,590400696,467646521,122754174,10328567808,10328584192,1534521344,8577159168,2244747264,7752142848,26,13773922304
1791660700.172,325.223,zebrad,237141459,198374302,38767157,4793262080,4795953152,398987264,4372414464,4027658240,729419776,20,13773922304
1791660701.172,326.223,indexer,592656923,469403329,123253594,10346156032,10346156032,1543733248,8585621504,2253209600,7752142848,26,13684412416
1791660701.172,326.223,zebrad,237150017,198380766,38769251,4793262080,4795953152,398987264,4372414464,4027658240,729419776,20,13684412416
1791660702.172,327.223,indexer,594908142,471200819,123707322,10363965440,10363965440,1552822272,8594149376,2261741568,7752142848,26,13689188352
1791660702.172,327.223,zebrad,237157269,198387817,38769452,4793262080,4795953152,398987264,4372414464,4027658240,729419776,20,13689188352
1791660703.173,328.223,indexer,596926048,472779414,124146634,10379964416,10379980800,1561067520,8601812992,2269401088,7752142848,26,13675581440
1791660703.173,328.223,zebrad,237164722,198394197,38770525,4793257984,4795953152,398987264,4372414464,4027658240,729419776,20,13675581440
1791660704.173,329.223,indexer,598936835,474437886,124498949,10223329280,10392965120,1397768192,8608763904,2276352000,7752142848,27,13795467264
1791660704.173,329.223,zebrad,237172614,198401600,38771014,4793257984,4795953152,398987264,4372414464,4027658240,729419776,20,13795467264
1791660705.173,330.223,indexer,601768166,476948994,124819171,10239553536,10392965120,1406443520,8616153088,2283741184,7752142848,27,13792583680
1791660705.173,330.223,zebrad,237180001,198408764,38771236,4793257984,4795953152,398987264,4372414464,4027658240,729419776,20,13792583680
1791660706.173,331.223,indexer,604466906,479239405,125227501,10389782528,10392965120,1413496832,8755232768,2290397184,7752142848,27,13757145088
1791660706.173,331.223,zebrad,237188406,198417169,38771236,4793278464,4795953152,398987264,4372414464,4027658240,729419776,20,13757145088
1791660707.173,332.223,indexer,606000090,480226162,125773927,10690260992,10720952320,1416716288,9038184448,2293547008,8079298560,27,13893820416
1791660707.173,332.223,zebrad,237192189,198420952,38771236,4715474944,4795953152,398987264,4294914048,4027744256,729419776,20,13893820416
1791660708.173,333.223,indexer,606187103,480282830,125904272,10690535424,10720952320,1417072640,9038516224,2293878784,8261316608,27,13881720832
1791660708.173,333.223,zebrad,237202548,198429229,38773319,4715728896,4795953152,398987264,4295131136,4027875328,729419776,20,13881720832
1791660709.173,334.223,indexer,606429138,480336160,126092978,10690990080,10720952320,1417449472,9038909440,2294272000,8476999680,27,13890764800
1791660709.173,334.223,zebrad,237209333,198434885,38774448,4715720704,4795953152,398987264,4295131136,4027875328,729419776,20,13890764800
1791660710.173,335.223,indexer,608558702,482247012,126311690,10700554240,10720952320,1422118912,9043283968,2298634240,8671641600,26,13886468096
1791660710.173,335.223,zebrad,237209653,198435153,38774500,4715720704,4795953152,398987264,4295131136,4027875328,729419776,20,13886468096
1791660711.173,336.224,indexer,611413397,484738057,126675340,10715353088,10720952320,1429954560,9050341376,2305691648,8671641600,26,13877338112
1791660711.173,336.224,zebrad,237213953,198439242,38774710,4715720704,4795953152,398987264,4295131136,4027875328,729419776,20,13877338112
1791660712.173,337.224,indexer,613697204,486507842,127189362,10732183552,10732244992,1438990336,9058353152,2313707520,8671641600,26,13869162496
1791660712.173,337.224,zebrad,237222079,198447353,38774726,4715454464,4795953152,398987264,4295131136,4027875328,729419776,20,13869162496
1791660713.174,338.224,indexer,615724539,488089768,127634770,10748289024,10748301312,1447276544,9065713664,2321063936,8671641600,26,13860708352
1791660713.174,338.224,zebrad,237230085,198455359,38774726,4715716608,4795953152,398987264,4295131136,4027875328,729419776,20,13860708352
1791660714.174,339.224,indexer,617698499,489663270,128035229,10763390976,10763415552,1455308800,9072840704,2328190976,8671641600,26,13851541504
1791660714.174,339.224,zebrad,237237568,198461092,38776475,4715716608,4795953152,398987264,4295131136,4027875328,729419776,20,13851541504
1791660715.174,340.224,indexer,619823122,491313801,128509321,10779533312,10779607040,1463914496,9080483840,2335834112,8671641600,26,13844123648
1791660715.174,340.224,zebrad,237245681,198469192,38776488,4715716608,4795953152,398987264,4295131136,4027875328,729419776,20,13844123648
1791660716.174,341.224,indexer,622069061,493087112,128981949,10796556288,10796568576,1472819200,9088385024,2343735296,8671641600,26,13834067968
1791660716.174,341.224,zebrad,237253581,198476949,38776631,4715716608,4795953152,398987264,4295131136,4027875328,729419776,20,13834067968
1791660717.174,342.224,indexer,624324377,494879690,129444686,10813845504,10813845504,1481904128,9096445952,2351796224,8671641600,26,13823643648
1791660717.174,342.224,zebrad,237260803,198482952,38777850,4715716608,4795953152,398987264,4295131136,4027875328,729419776,20,13823643648
1791660718.174,343.224,indexer,626620295,496668187,129952108,10831409152,10831409152,1491214336,9104711680,2360061952,8671641600,26,13810704384
1791660718.174,343.224,zebrad,237268265,198489340,38778925,4715716608,4795953152,398987264,4295131136,4027875328,729419776,20,13810704384
1791660719.174,344.224,indexer,628802609,498384046,130418563,10847870976,10847895552,1500098560,9112592384,2367946752,8671641600,26,13807353856
1791660719.174,344.224,zebrad,237276234,198496150,38780083,4715716608,4795953152,398987264,4295131136,4027875328,729419776,20,13807353856
1791660720.174,345.224,indexer,630764600,499886033,130878567,10863173632,10863198208,1508151296,9119739904,2375090176,8671641600,26,13799538688
1791660720.174,345.224,zebrad,237283933,198503576,38780357,4715716608,4795953152,398987264,4295131136,4027875328,729419776,20,13799538688
1791660721.174,346.225,indexer,632806162,501495512,131310649,10823618560,10868183040,1516646400,9071448064,2382635008,8671641600,26,13789749248
1791660721.174,346.225,zebrad,237291881,198510698,38781183,4676919296,4795953152,398987264,4256333824,4027875328,729419776,20,13789749248
1791660722.174,347.225,indexer,635092582,503298640,131793942,10840920064,10868183040,1525858304,9079619584,2390806528,8671641600,26,13774458880
1791660722.174,347.225,zebrad,237300194,198518801,38781393,4676788224,4795953152,398987264,4256333824,4027875328,729419776,20,13774458880
1791660723.174,348.225,indexer,637322987,505070849,132252137,10858315776,10868183040,1535016960,9087758336,2398945280,8671641600,26,13772619776
1791660723.174,348.225,zebrad,237307625,198526002,38781623,4676784128,4795953152,398987264,4256333824,4027875328,729419776,20,13772619776
1791660724.175,349.225,indexer,639302257,506623010,132679246,10873761792,10873774080,1543168000,9094991872,2406178816,8671641600,26,13764423680
1791660724.175,349.225,zebrad,237315981,198533465,38782515,4677046272,4795953152,398991360,4256333824,4027875328,729419776,20,13764423680
1791660725.175,350.225,indexer,641277872,508161544,133116328,10889154560,10889191424,1551290368,9102204928,2413391872,8671641600,26,13756571648
1791660725.175,350.225,zebrad,237326871,198543213,38783658,4677042176,4795953152,398991360,4256333824,4027875328,729419776,20,13756571648
1791660726.175,351.225,indexer,643496530,509894892,133601637,10905792512,10905817088,1560129536,9110048768,2421235712,8671641600,26,13747462144
1791660726.175,351.225,zebrad,237335135,198550598,38784536,4677042176,4795953152,398999552,4256333824,4027875328,729419776,20,13747462144
1791660727.175,352.225,indexer,645637363,511577459,134059904,10646536192,10915946496,1397907456,9013215232,2428211200,8671641600,27,13888671744
1791660727.175,352.225,zebrad,237341190,198555480,38785709,4677042176,4795953152,398999552,4256333824,4027875328,729419776,20,13888671744
1791660728.175,353.225,indexer,648433051,514073860,134359191,10662166528,10915946496,1406582784,9019854848,2434859008,8671641600,27,13883047936
1791660728.175,353.225,zebrad,237349015,198562335,38786679,4676788224,4795953152,398999552,4256333824,4027875328,729419776,20,13883047936
1791660729.175,354.225,indexer,651300357,516617107,134683249,10750205952,10915946496,1413607424,9099939840,2441715712,8671641600,27,13888241664
1791660729.175,354.225,zebrad,237356992,198569645,38787346,4677050368,4795953152,398999552,4256333824,4027875328,729419776,20,13888241664
1791660730.175,355.225,indexer,653237725,517875392,135362333,10777006080,10915946496,1418366976,9119399936,2445942784,8958611456,27,13885730816
1791660730.175,355.225,zebrad,237364477,198576216,38788261,4635930624,4795953152,398999552,4215169024,4027875328,729419776,20,13885730816
1791660731.175,356.226,indexer,653524264,518001938,135522325,10778275840,10915946496,1418809344,9119793152,2446336000,9150881792,27,13860823040
1791660731.175,356.226,zebrad,237371214,198581669,38789545,4635664384,4795953152,398999552,4215169024,4027875328,729419776,20,13860823040
1791660732.695,357.745,indexer,655204611,519524376,135680234,10779279360,10915946496,1419333632,9120280576,2446811136,9559072768,27,13849477120
1791660732.695,357.745,zebrad,237374592,198583982,38790609,4635664384,4795953152,398999552,4215169024,4027875328,729419776,20,13849477120
1791660733.695,358.745,indexer,657022441,520964027,136058414,10793086976,10915946496,1426694144,9126809600,2453340160,9559072768,26,13845291008
1791660733.695,358.745,zebrad,237382489,198591879,38790609,4635844608,4795953152,398999552,4215169024,4027875328,729419776,20,13845291008
1791660734.695,359.745,indexer,658966453,522475817,136490636,10808311808,10915946496,1435140096,9133613056,2460143616,9559072768,26,13838000128
1791660734.695,359.745,zebrad,237389743,198599134,38790609,4635836416,4795953152,399003648,4215169024,4027875328,729419776,20,13838000128
1791660735.695,360.746,indexer,661045676,524085361,136960314,10823004160,10915946496,1442607104,9140932608,2467467264,9559072768,26,13833859072
1791660735.695,360.746,zebrad,237397687,198606238,38791449,4635701248,4795953152,399003648,4215169024,4027875328,729419776,20,13833859072
1791660736.695,361.746,indexer,663254170,525817770,137436399,10839322624,10915946496,1451053056,9148428288,2474958848,9559072768,26,13829091328
1791660736.695,361.746,zebrad,237405056,198612383,38792673,4635955200,4795953152,399003648,4215169024,4027875328,729419776,20,13829091328
1791660737.696,362.746,indexer,665436084,527494199,137941885,10855559168,10915946496,1459703808,9156108288,2482638848,9559072768,26,13818691584
1791660737.696,362.746,zebrad,237412769,198620095,38792673,4635955200,4795953152,399003648,4215169024,4027875328,729419776,20,13818691584
1791660738.696,363.746,indexer,667705415,529285446,138419968,10872336384,10915946496,1468628992,9164025856,2490556416,9559072768,26,13806403584
1791660738.696,363.746,zebrad,237420402,198627170,38793231,4635688960,4795953152,399003648,4215169024,4027875328,729419776,20,13806403584
1791660739.696,364.746,indexer,669925636,531033983,138891652,10889588736,10915946496,1477591040,9171980288,2498510848,9559072768,26,13799854080
1791660739.696,364.746,zebrad,237427505,198634097,38793408,4635684864,4795953152,399003648,4215169024,4027875328,729419776,20,13799854080
1791660740.696,365.746,indexer,671885939,532552645,139333293,10904629248,10915946496,1485651968,9179127808,2505662464,9559072768,26,13793132544
1791660740.696,365.746,zebrad,237434968,198641161,38793807,4635680768,4795953152,399003648,4215169024,4027875328,729419776,20,13793132544
1791660741.696,366.746,indexer,673818658,534099707,139718951,10919415808,10919419904,1493446656,9186050048,2512580608,9559072768,26,13786165248
1791660741.696,366.746,zebrad,237442902,198646775,38796127,4635676672,4795953152,399003648,4215169024,4027875328,729419776,20,13786165248
1791660742.696,367.746,indexer,676108318,535898030,140210287,10912444416,10936963072,1502707712,9169113088,2520805376,9559072768,26,13802754048
1791660742.696,367.746,zebrad,237449481,198651255,38798226,4635934720,4795953152,399003648,4215169024,4027875328,729419776,20,13802754048
1791660743.696,368.746,indexer,678370627,537689252,140681374,10849763328,10936963072,1513254912,9098375168,2528882688,9559072768,26,13789884416
1791660743.696,368.746,zebrad,237457801,198659575,38798226,4635410432,4795953152,399003648,4215169024,4027875328,729419776,20,13789884416
1791660744.696,369.747,indexer,680354300,539238080,141116219,10864291840,10936963072,1520099328,9105731584,2536239104,9559072768,26,13787041792
1791660744.696,369.747,zebrad,237465484,198665404,38800079,4635672576,4795953152,399003648,4215169024,4027875328,729419776,20,13787041792
1791660745.696,370.747,indexer,682313324,540806440,141506883,10879467520,10936963072,1528238080,9112956928,2543464448,9559072768,26,13778935808
1791660745.696,370.747,zebrad,237473722,198671601,38802121,4635406336,4795953152,399003648,4215169024,4027875328,729419776,20,13778935808
1791660746.696,371.747,indexer,684411696,542432386,141979309,10895642624,10936963072,1536622592,9120395264,2550910976,9559072768,26,13770448896
1791660746.696,371.747,zebrad,237481450,198679050,38802399,4635668480,4795953152,399003648,4215169024,4027875328,729419776,20,13770448896
1791660747.697,372.747,indexer,686601303,544181811,142419491,10911789056,10936963072,1545261056,9128067072,2558578688,9559072768,26,13761933312
1791660747.697,372.747,zebrad,237490093,198685401,38804691,4635922432,4795953152,399003648,4215169024,4027875328,729419776,20,13761933312
1791660748.697,373.747,indexer,688820814,545913506,142907308,10928320512,10936963072,1554006016,9135828992,2566336512,9559072768,26,13749694464
1791660748.697,373.747,zebrad,237497910,198692086,38805824,4635922432,4795953152,399003648,4215169024,4027875328,729419776,20,13749694464
1791660749.697,374.747,indexer,691050519,547689276,143361243,10945097728,10945097728,1562791936,9143619584,2574131200,9559072768,26,13739626496
1791660749.697,374.747,zebrad,237504961,198698969,38805992,4635918336,4795953152,399003648,4215169024,4027875328,729419776,20,13739626496
1791660750.697,375.747,indexer,693366014,549615332,143750682,10787500032,10953990144,1397907456,9151340544,2581848064,9559072768,27,13891497984
1791660750.697,375.747,zebrad,237513300,198706929,38806370,4635910144,4795953152,399003648,4215169024,4027875328,729419776,20,13891497984
1791660751.697,376.747,indexer,696221111,552167608,144053502,10805587968,10953990144,1408679936,9158582272,2589089792,9559072768,27,13881503744
1791660751.697,376.747,zebrad,237521563,198714151,38807411,4635906048,4795953152,399003648,4215169024,4027875328,729419776,20,13881503744
1791660752.697,377.747,indexer,699095323,554498320,144597002,10803924992,10953990144,1417310208,9145012224,2596229120,9559072768,27,13877485568
1791660752.697,377.747,zebrad,237529111,198721614,38807496,4593897472,4795953152,399003648,4173692928,4027875328,729419776,20,13877485568
1791660753.697,378.747,indexer,700569076,555341341,145227734,10837381120,10953990144,1421512704,9172496384,2599501824,9928114176,27,13877182464
1791660753.697,378.747,zebrad,237536427,198728719,38807707,4593414144,4795953152,399003648,4173430784,4027875328,729419776,20,13877182464
1791660754.697,379.748,indexer,700793035,555372943,145420091,10837315584,10953990144,1421512704,9172856832,2599862272,10081648640,27,13894885376
1791660754.697,379.748,zebrad,237545181,198736352,38808829,4593926144,4795953152,399003648,4173430784,4027875328,729419776,20,13894885376
1791660755.697,380.748,indexer,701004098,555384889,145619208,10837565440,10953990144,1421512704,9173147648,2600153088,10180325376,27,13883797504
1791660755.697,380.748,zebrad,237552480,198743606,38808873,4593922048,4795953152,399003648,4173430784,4027875328,729419776,20,13883797504
1791660756.697,381.748,indexer,701864968,555983729,145881238,10843979776,10953990144,1425707008,9176006656,2603012096,10476441600,26,13873639424
1791660756.697,381.748,zebrad,237559473,198748105,38811368,4593917952,4795953152,399007744,4173430784,4027875328,729419776,20,13873639424
1791660757.698,382.748,indexer,704212536,557986221,146226315,10858799104,10953990144,1433051136,9182834688,2609840128,10476441600,26,13865140224
1791660757.698,382.748,zebrad,237563548,198752170,38811377,4593917952,4795953152,399007744,4173430784,4027875328,729419776,20,13865140224
1791660758.698,383.748,indexer,707041639,560545955,146495683,10874044416,10953990144,1441439744,9189613568,2616619008,10476441600,26,13844844544
1791660758.698,383.748,zebrad,237563672,198752274,38811398,4594176000,4795953152,399265792,4173430784,4027875328,729419776,20,13844844544
1791660759.698,384.748,indexer,709673137,562775073,146898063,10887737344,10953990144,1447731200,9196904448,2623909888,10476445696,26,13840814080
1791660759.698,384.748,zebrad,237567801,198756403,38811398,4594176000,4795953152,399265792,4173430784,4027875328,729419776,20,13840814080
1791660760.698,385.748,indexer,711955314,564516726,147438587,10906054656,10953990144,1458221056,9204953088,2631958528,10476445696,26,13833494528
1791660760.698,385.748,zebrad,237575240,198763080,38812159,4594176000,4795953152,399265792,4173430784,4027875328,729419776,20,13833494528
1791660761.698,386.748,indexer,714210669,566292125,147918543,10922569728,10953990144,1466609664,9212854272,2639863808,10476445696,26,13780787200
1791660761.698,386.748,zebrad,237582270,198769947,38812323,4594176000,4795953152,399265792,4173430784,4027875328,729419776,20,13780787200
1791660762.698,387.748,indexer,716417833,568055497,148362335,10938433536,10953990144,1474998272,9220587520,2647592960,10476445696,26,13780463616
1791660762.698,387.748,zebrad,237589743,198775503,38814240,4594171904,4795953152,399265792,4173430784,4027875328,729419776,20,13780463616
1791660763.698,388.749,indexer,718387049,569591015,148796034,10954346496,10954366976,1483386880,9227845632,2654851072,10476445696,26,13778300928
1791660763.698,388.749,zebrad,237597812,198782233,38815578,4594171904,4795953152,399265792,4173430784,4027875328,729419776,20,13778300928
1791660764.698,389.749,indexer,720349263,571130533,149218729,10968551424,10968563712,1490509824,9234960384,2661965824,10476445696,26,13776695296
1791660764.698,389.749,zebrad,237605547,198789177,38816370,4594167808,4795953152,399265792,4173430784,4027875328,729419776,20,13776695296
1791660765.698,390.749,indexer,722522394,572856459,149665935,10984132608,10984202240,1498882048,9242398720,2669404160,10476445696,26,13773426688
1791660765.698,390.749,zebrad,237613462,198796620,38816842,4594167808,4795953152,399265792,4173430784,4027875328,729419776,20,13773426688
1791660766.699,391.749,indexer,724682672,574596496,150086175,10999431168,10999492608,1507004416,9249603584,2676609024,10476445696,26,13771665408
1791660766.699,391.749,zebrad,237621447,198803444,38818003,4594167808,4795953152,399265792,4173430784,4027875328,729419776,20,13771665408
1791660767.699,392.749,indexer,726801722,576291065,150510657,10941923328,11014328320,1515106304,9185734656,2683801600,10476445696,26,13768781824
1791660767.699,392.749,zebrad,237630058,198811796,38818261,4566048768,4795953152,399265792,4145577984,4027875328,729419776,20,13768781824
1791660768.699,393.749,indexer,729029074,578049462,150979611,10960797696,11014328320,1525850112,9193607168,2691674112,10476445696,26,13758058496
1791660768.699,393.749,zebrad,237637456,198816450,38821006,4565782528,4795953152,399265792,4145577984,4027875328,729419776,20,13758058496
1791660769.699,394.749,indexer,731102653,579733907,151368745,10973855744,11014328320,1532141568,9200721920,2698788864,10476445696,26,13737132032
1791660769.699,394.749,zebrad,237644221,198819917,38824303,4566130688,4795953152,399351808,4145577984,4027875328,729419776,20,13737132032
1791660770.699,395.749,indexer,733075492,581321083,151754408,10989907968,11014328320,1540530176,9208053760,2706120704,10476445696,26,13735960576
1791660770.699,395.749,zebrad,237651299,198826824,38824475,4566130688,4795953152,399351808,4145577984,4027875328,729419776,20,13735960576
1791660771.699,396.749,indexer,735014829,582826466,152188362,11005485056,11014328320,1548918784,9215164416,2713235456,10476445696,26,13728743424
1791660771.699,396.749,zebrad,237659018,198834542,38824475,4566130688,4795953152,399351808,4145577984,4027875328,729419776,20,13728743424
1791660772.699,397.749,indexer,736984965,584369592,152615373,11020017664,11020021760,1556381696,9222365184,2720432128,10476445696,26,13729185792
1791660772.699,397.749,zebrad,237667198,198842586,38824612,4566130688,4795953152,399351808,4145577984,4027875328,729419776,20,13729185792
1791660773.699,398.750,indexer,738949823,585918603,153031220,11035480064,11035516928,1564610560,9229664256,2727731200,10476445696,26,13727752192
1791660773.699,398.750,zebrad,237674149,198849537,38824612,4565905408,4795953152,399351808,4145577984,4027875328,729419776,20,13727752192
1791660774.699,399.750,indexer,741305616,587945006,153360609,10875273216,11041341440,1397915648,9236107264,2734264320,10476445696,27,13897539584
1791660774.699,399.750,zebrad,237681759,198857146,38824612,4565905408,4795953152,399351808,4145577984,4027875328,729419776,20,13897539584
1791660775.699,400.750,indexer,744003524,590352925,153650598,10894647296,11041341440,1410785280,9242845184,2740912128,10476445696,27,13885997056
1791660775.699,400.750,zebrad,237688981,198864369,38824612,4566130688,4795953152,399351808,4145577984,4027875328,729419776,20,13885997056
1791660776.700,401.750,indexer,746650880,592292108,154358771,10915086336,11047772160,1417318400,9250652160,2747072512,10629246976,27,13845049344
1791660776.700,401.750,zebrad,237696824,198872211,38824612,4485586944,4795953152,399351808,4065832960,4027875328,729419776,20,13845049344
1791660777.700,402.750,indexer,746916150,592327586,154588563,11027845120,11047772160,1417318400,9359106048,2747408384,10929618944,27,13837197312
1791660777.700,402.750,zebrad,237703246,198876458,38826788,4485586944,4795953152,399351808,4065832960,4027875328,729419776,20,13837197312
1791660778.700,403.750,indexer,747191662,592388416,154803245,11030159360,11047772160,1419415552,9359589376,2747891712,11011661824,27,13823193088
1791660778.700,403.750,zebrad,237710485,198883663,38826822,4485586944,4795953152,399351808,4065832960,4027875328,729419776,20,13823193088
1791660779.700,404.750,indexer,747877777,592882599,154995178,11028783104,11047772160,1419415552,9359941632,2748243968,11264307200,27,13764079616
1791660779.700,404.750,zebrad,237721304,198890174,38831130,4485586944,4795953152,399351808,4065832960,4027875328,729419776,20,13764079616
1791660780.700,405.750,indexer,750341147,595200218,155140929,11037261824,11047772160,1423609856,9364189184,2752479232,11364102144,26,13765378048
1791660780.700,405.750,zebrad,237729033,198897789,38831244,4485586944,4795953152,399351808,4065832960,4027875328,729419776,20,13765378048
1791660781.700,406.750,indexer,752797253,597249105,155548147,11052228608,11052236800,1430953984,9371643904,2759933952,11364102144,26,13765177344
1791660781.700,406.750,zebrad,237737375,198906131,38831244,4485566464,4795953152,399351808,4065832960,4027875328,729419776,20,13765177344
1791660782.700,407.750,indexer,755046488,599033796,156012692,11070365696,11070365696,1441439744,9379467264,2767757312,11364102144,26,13766234112
1791660782.700,407.750,zebrad,237744123,198912710,38831413,4485828608,4795953152,399351808,4065832960,4027875328,729419776,20,13766234112
1791660783.700,408.751,indexer,757339401,600835865,156503536,10958536704,11082833920,1449828352,9262891008,2775953408,11364102144,26,13818679296
1791660783.700,408.751,zebrad,237752066,198920340,38831726,4485824512,4795953152,399351808,4065832960,4027875328,729419776,20,13818679296
1791660784.700,409.751,indexer,759611005,602658793,156952212,10975150080,11082833920,1458221056,9270730752,2783793152,11364102144,26,13819023360
1791660784.700,409.751,zebrad,237762775,198929424,38833351,4485824512,4795953152,399351808,4065832960,4027875328,729419776,20,13819023360
1791660785.700,410.751,indexer,761899010,604434256,157464753,10993582080,11082833920,1468706816,9278840832,2791903232,11364102144,26,13816815616
1791660785.700,410.751,zebrad,237771283,198937690,38833593,4485816320,4795953152,399351808,4065832960,4027875328,729419776,20,13816815616
1791660786.701,411.751,indexer,764168217,606249525,157918691,11010183168,11082833920,1477095424,9286807552,2799869952,11364102144,26,13808640000
1791660786.701,411.751,zebrad,237778343,198943412,38834930,4485816320,4795953152,399351808,4065832960,4027875328,729419776,20,13808640000
1791660787.701,412.751,indexer,766452637,608086961,158365675,11026698240,11082833920,1485484032,9295060992,2808123392,11364102144,26,13798014976
1791660787.701,412.751,zebrad,237786230,198950995,38835234,4485816320,4795953152,399351808,4065832960,4027875328,729419776,20,13798014976
1791660788.701,413.751,indexer,768568715,609759090,158809625,11045138432,11082833920,1495969792,9302814720,2815877120,11364102144,26,13798264832
1791660788.701,413.751,zebrad,237793992,198958758,38835234,4485816320,4795953152,399351808,4065832960,4027875328,729419776,20,13798264832
1791660789.701,414.751,indexer,770525703,611278254,159247449,11058737152,11082833920,1502261248,9309945856,2823008256,11364102144,26,13776302080
1791660789.701,414.751,zebrad,237800825,198964150,38836674,4486729728,4795953152,400265216,4065832960,4027875328,729419776,20,13776302080
1791660790.701,415.751,indexer,772522311,612840289,159682022,11074842624,11082833920,1511165952,9317015552,2830077952,11364102144,26,13771792384
1791660790.701,415.751,zebrad,237808627,198971952,38836674,4486729728,4795953152,400265216,4065832960,4027875328,729419776,20,13771792384
1791660791.701,416.751,indexer,774764581,614598952,160165628,11091193856,11091271680,1519554560,9325006848,2838069248,11364102144,26,13762400256
1791660791.701,416.751,zebrad,237816699,198977884,38838815,4486729728,4795953152,400265216,4065832960,4027875328,729419776,20,13762400256
1791660792.701,417.751,indexer,777064455,616409575,160654879,11109593088,11109593088,1530040320,9333370880,2846433280,11364102144,26,13757939712
1791660792.701,417.751,zebrad,237825817,198986149,38839668,4486729728,4795953152,400265216,4065832960,4027875328,729419776,20,13757939712
1791660793.701,418.752,indexer,779327956,618233997,161093958,11126108160,11126108160,1538428928,9341468672,2854531072,11364102144,26,13754142720
1791660793.701,418.752,zebrad,237832495,198992044,38840451,4486729728,4795953152,400265216,4065832960,4027875328,729419776,20,13754142720
1791660794.701,419.752,indexer,781538936,619991745,161547190,11143053312,11143065600,1546817536,9349402624,2862465024,11364102144,26,13745762304
1791660794.701,419.752,zebrad,237840479,198999707,38840771,4486729728,4795953152,400265216,4065832960,4027875328,729419776,20,13745762304
1791660795.701,420.752,indexer,783484915,621463503,162021411,11158130688,11158183936,1555206144,9356410880,2869473280,11364102144,26,13743734784
1791660795.701,420.752,zebrad,237847575,199004109,38843466,4486729728,4795953152,400265216,4065832960,4027875328,729419776,20,13743734784
1791660796.702,421.752,indexer,785463139,622998557,162464581,11067125760,11165188096,1563594752,9259704320,2876821504,11364102144,26,13735645184
1791660796.702,421.752,zebrad,237855906,199012062,38843843,4486729728,4795953152,400265216,4065832960,4027875328,729419776,20,13735645184
1791660797.702,422.752,indexer,787633067,624791164,162841902,10908409856,11165188096,1398185984,9266610176,2883727360,11364102144,27,13896572928
1791660797.702,422.752,zebrad,237863804,199019961,38843843,4486488064,4795953152,400265216,4065832960,4027875328,729419776,20,13896572928
1791660798.702,423.752,indexer,790346136,627159132,163187003,10926080000,11165188096,1408958464,9273528320,2890645504,11364102144,27,13885353984
1791660798.702,423.752,zebrad,237871893,199028050,38843843,4486488064,4795953152,400265216,4065832960,4027875328,729419776,20,13885353984
1791660799.702,424.752,indexer,793106157,629463194,163642962,11143761920,11165188096,1417846784,9476296704,2897473536,11364102144,27,13861928960
1791660799.702,424.752,zebrad,237880100,199036077,38844022,4486488064,4795953152,400265216,4065832960,4027875328,729419776,20,13861928960
1791660800.702,425.752,indexer,794682137,630402716,164279420,11127971840,11165188096,1422041088,9452863488,2901069824,11830706176,27,13868933120
1791660800.702,425.752,zebrad,237887496,199040729,38846767,4486488064,4795953152,400265216,4065832960,4027875328,729419776,20,13868933120
1791660801.702,426.752,indexer,794894625,630439298,164455327,11086204928,11165188096,1422041088,9410850816,2901368832,11890102272,27,13855432704
1791660801.702,426.752,zebrad,237895272,199048383,38846889,4486488064,4795953152,400265216,4065832960,4027875328,729419776,20,13855432704
1791660802.702,427.752,indexer,795641633,631046512,164595120,11086712832,11165188096,1422041088,9411235840,2901753856,11978514432,27,13852078080
1791660802.702,427.752,zebrad,237898194,199050992,38847202,4486488064,4795953152,400265216,4065832960,4027875328,729419776,20,13852078080
1791660803.702,428.753,indexer,796808236,632071202,164737033,11087208448,11165188096,1422053376,9411584000,2902097920,12248027136,27,13853372416
1791660803.702,428.753,zebrad,237901708,199054424,38847284,4486733824,4795953152,400265216,4065832960,4027875328,729419776,20,13853372416
1791660804.702,429.753,indexer,798789145,633588877,165200267,11101696000,11165188096,1429397504,9418670080,2909167616,12312698880,26,13848870912
1791660804.702,429.753,zebrad,237909040,199060866,38848173,4486733824,4795953152,400265216,4065832960,4027875328,729419776,20,13848870912
1791660805.702,430.753,indexer,801097582,635400041,165697540,11120631808,11165188096,1439883264,9427058688,2917556224,12312698880,26,13836726272
1791660805.702,430.753,zebrad,237916918,199067765,38849152,4486733824,4795953152,400265216,4065832960,4027875328,729419776,20,13836726272
1791660806.703,431.753,indexer,803425679,637231890,166193789,11137409024,11165188096,1448271872,9435512832,2926010368,12312698880,26,13828284416
1791660806.703,431.753,zebrad,237924344,199075191,38849152,4486733824,4795953152,400265216,4065832960,4027875328,729419776,20,13828284416
1791660807.703,432.753,indexer,805406171,638809173,166596998,11046371328,11165188096,1456664576,9338892288,2933366784,12312698880,26,13829029888
1791660807.703,432.753,zebrad,237931385,199082165,38849219,4486733824,4795953152,400265216,4065832960,4027875328,729419776,20,13829029888
1791660808.703,433.753,indexer,807396076,640383871,167012204,11062476800,11165188096,1465053184,9346301952,2940776448,12312698880,26,13823721472
1791660808.703,433.753,zebrad,237939010,199089693,38849316,4486733824,4795953152,400265216,4065832960,4027875328,729419776,20,13823721472
1791660809.703,434.753,indexer,809547007,642084328,167462678,11080925184,11165188096,1475538944,9354100736,2948575232,12312698880,26,13811535872
1791660809.703,434.753,zebrad,237947450,199098133,38849316,4486516736,4795953152,400265216,4065832960,4027875328,729419776,20,13811535872
1791660810.703,435.753,indexer,811765608,643775545,167990062,11098521600,11165188096,1483927552,9362087936,2956566528,12312698880,26,13804400640
1791660810.703,435.753,zebrad,237955310,199105115,38850194,4486516736,4795953152,400265216,4065832960,4027875328,729419776,20,13804400640
1791660811.703,436.753,indexer,814055111,645553338,168501772,11114340352,11165188096,1492316160,9370447872,2964926464,12312698880,26,13786963968
1791660811.703,436.753,zebrad,237962544,199110635,38851908,4486516736,4795953152,400265216,4065832960,4027875328,729419776,20,13786963968
1791660812.703,437.753,indexer,816380888,647421937,168958950,11134001152,11165188096,1502801920,9379028992,2973503488,12312698880,26,13779857408
1791660812.703,437.753,zebrad,237970502,199116597,38853904,4486778880,4795953152,400265216,4065832960,4027875328,729419776,20,13779857408
1791660813.703,438.754,indexer,818658656,649190057,169468598,11151020032,11165188096,1511710720,9387298816,2981773312,12312698880,26,13774483456
1791660813.703,438.754,zebrad,237978971,199124155,38854816,4486778880,4795953152,400265216,4065832960,4027875328,729419776,20,13774483456
1791660814.703,439.754,indexer,820914678,650952602,169962076,11132243968,11165188096,1522196480,9359028224,2989932544,12312698880,26,13768622080
1791660814.703,439.754,zebrad,237990207,199134356,38855851,4419141632,4795953152,400265216,3998461952,4027875328,729419776,20,13768622080
1791660815.704,440.754,indexer,823234827,652826353,170408473,11149180928,11165188096,1530585088,9367097344,2998468608,12312698880,26,13756350464
1791660815.704,440.754,zebrad,237998319,199140447,38857872,4419141632,4795953152,400265216,3998461952,4027875328,729419776,20,13756350464
1791660816.704,441.754,indexer,825567574,654682734,170884839,11168317440,11168317440,1541070848,9376206848,3007111168,12312698880,26,13744590848
1791660816.704,441.754,zebrad,238005462,199146567,38858895,4419112960,4795953152,400265216,3998461952,4027875328,729419776,20,13744590848
1791660817.704,442.754,indexer,827618001,656287822,171330179,11184455680,11184472064,1549459456,9383751680,3014750208,12312698880,26,13738528768
1791660817.704,442.754,zebrad,238012669,199153417,38859252,4419518464,4795953152,400265216,3998461952,4027875328,729419776,20,13738528768
1791660818.704,443.754,indexer,829580759,657829402,171751356,11198390272,11198402560,1556406272,9391218688,3022123008,12312698880,26,13715537920
1791660818.704,443.754,zebrad,238020123,199160871,38859252,4419518464,4795953152,400265216,3998461952,4027875328,729419776,20,13715537920
1791660819.704,444.754,indexer,831671743,659456970,172214773,11109068800,11207684096,1566236672,9294905344,3029835776,12312698880,26,13707980800
1791660819.704,444.754,zebrad,238027115,199167636,38859479,4419514368,4795953152,400265216,3998461952,4027875328,729419776,20,13707980800
1791660820.704,445.754,indexer,834003588,661403427,172600161,10948501504,11207684096,1398460416,9303740416,3038670848,12312698880,27,13884665856
1791660820.704,445.754,zebrad,238034782,199173190,38861592,4419510272,4795953152,400265216,3998461952,4027875328,729419776,20,13884665856
1791660821.704,446.754,indexer,836639604,663684681,172954923,10968686592,11207684096,1411330048,9311334400,3046264832,12312698880,27,13872402432
1791660821.704,446.754,zebrad,238042453,199180756,38861696,4419510272,4795953152,400265216,3998461952,4027875328,729419776,20,13872402432
1791660822.704,447.754,indexer,839462035,665907381,173554654,11180584960,11215122432,1419960320,9507676160,3053539328,12312698880,27,13867044864
1791660822.704,447.754,zebrad,238050389,199187540,38862849,4351553536,4795953152,400265216,3931037696,4027875328,729419776,20,13867044864
1791660823.704,448.755,indexer,840170112,666160748,174009363,11240943616,11285020672,1419960320,9566130176,3054764032,12735320064,27,13850750976
1791660823.704,448.755,zebrad,238057890,199194964,38862925,4351553536,4795953152,400265216,3931037696,4027875328,729419776,20,13850750976
1791660824.704,449.755,indexer,841373333,667308404,174064929,11241447424,11285020672,1419960320,9566400512,3055034368,12816252928,27,13838737408
1791660824.704,449.755,zebrad,238058254,199195268,38862985,4351553536,4795953152,400265216,3931037696,4027875328,729419776,20,13838737408
1791660825.704,450.755,indexer,841887833,667632991,174254841,11244027904,11285020672,1422057472,9566801920,3055435776,12901564416,27,13839958016
1791660825.704,450.755,zebrad,238065033,199199752,38865280,4351553536,4795953152,400265216,3931037696,4027875328,729419776,20,13839958016
1791660826.705,451.755,indexer,842966385,668384200,174582184,11251560448,11285020672,1426251776,9570373632,3058995200,13187256320,26,13836152832
1791660826.705,451.755,zebrad,238072545,199206181,38866363,4351549440,4795953152,400265216,3931037696,4027875328,729419776,20,13836152832
1791660827.705,452.755,indexer,845213259,670160606,175052652,11267305472,11285020672,1433595904,9578504192,3067129856,13187256320,26,13842870272
1791660827.705,452.755,zebrad,238080467,199213793,38866673,4351549440,4795953152,400265216,3931037696,4027875328,729419776,20,13842870272
1791660828.705,453.755,indexer,847535916,672012939,175522976,11246981120,11285020672,1444081664,9548816384,3075571712,13187256320,26,13837791232
1791660828.705,453.755,zebrad,238088312,199221177,38867134,4285468672,4795953152,400265216,3865223168,4027875328,729419776,20,13837791232
1791660829.705,454.755,indexer,849646625,673668829,175977795,11263377408,11285020672,1452470272,9556598784,3083354112,13187256320,26,13824839680
1791660829.705,454.755,zebrad,238095808,199228598,38867210,4285468672,4795953152,400265216,3865223168,4027875328,729419776,20,13824839680
1791660830.705,455.755,indexer,851624428,675214361,176410066,11279335424,11285020672,1460862976,9563918336,3090677760,13187256320,26,13802299392
1791660830.705,455.755,zebrad,238102499,199235180,38867319,4285460480,4795953152,400265216,3865223168,4027875328,729419776,20,13802299392
1791660831.705,456.755,indexer,853680566,676828294,176852272,11294998528,11295047680,1469251584,9571508224,3098263552,13187256320,26,13796036608
1791660831.705,456.755,zebrad,238110167,199241903,38868263,4285460480,4795953152,400265216,3865223168,4027875328,729419776,20,13796036608
1791660832.705,457.755,indexer,855971662,678627500,177344162,11311624192,11311665152,1477640192,9579642880,3106398208,13187256320,26,13793357824
1791660832.705,457.755,zebrad,238117375,199249111,38868263,4285460480,4795953152,400265216,3865223168,4027875328,729419776,20,13793357824
1791660833.705,458.756,indexer,858157587,680342492,177815094,11330125824,11330174976,1488125952,9587597312,3114352640,13187256320,26,13782089728
1791660833.705,458.756,zebrad,238125097,199256691,38868405,4285460480,4795953152,400265216,3865223168,4027875328,729419776,20,13782089728
1791660834.705,459.756,indexer,860133282,681889442,178243839,11241738240,11343196160,1496514560,9491017728,3121709056,13187256320,26,13781983232
1791660834.705,459.756,zebrad,238133152,199263411,38869741,4285460480,4795953152,400265216,3865223168,4027875328,729419776,20,13781983232
1791660835.705,460.756,indexer,862131876,683478867,178653008,11257208832,11343196160,1504903168,9498492928,3129188352,13187256320,26,13774974976
1791660835.705,460.756,zebrad,238140543,199269738,38870804,4285460480,4795953152,400265216,3865223168,4027875328,729419776,20,13774974976
1791660836.706,461.756,indexer,864391191,685237037,179154154,11274645504,11343196160,1513807872,9506693120,3137384448,13187256320,26,13767979008
1791660836.706,461.756,zebrad,238147466,199276661,38870804,4285460480,4795953152,400265216,3865223168,4027875328,729419776,20,13767979008
1791660837.706,462.756,indexer,866644249,686956662,179687586,11291455488,11343196160,1522196480,9514938368,3145629696,13187256320,26,13760217088
1791660837.706,462.756,zebrad,238155234,199282482,38872752,4285460480,4795953152,400265216,3865223168,4027875328,729419776,20,13760217088
1791660838.706,463.756,indexer,868965701,688790787,180174913,11310592000,11343196160,1532682240,9523531776,3154223104,13187256320,26,13748256768
1791660838.706,463.756,zebrad,238161566,199288814,38872752,4285460480,4795953152,400265216,3865223168,4027875328,729419776,20,13748256768
1791660839.706,464.756,indexer,871252628,690605393,180647235,11327533056,11343196160,1541070848,9532039168,3162730496,13187256320,26,13743546368
1791660839.706,464.756,zebrad,238170229,199296484,38873745,4285718528,4795953152,400265216,3865223168,4027875328,729419776,20,13743546368
1791660840.706,465.756,indexer,873224917,692165471,181059446,11340365824,11343196160,1549393920,9536552960,3170127872,13187256320,26,13746634752
1791660840.706,465.756,zebrad,238178287,199303534,38874753,4284669952,4795953152,400265216,3864174592,4027875328,729419776,20,13746634752
1791660841.706,466.756,indexer,875191671,693691501,181500170,11355762688,11355791360,1557667840,9543892992,3177467904,13187256320,26,13742272512
1791660841.706,466.756,zebrad,238185808,199310810,38874997,4284612608,4795953152,400265216,3864174592,4027875328,729419776,20,13742272512
1791660842.706,467.756,indexer,877493592,695517377,181976215,11268550656,11372797952,1567248384,9448181760,3185983488,13187256320,26,13733249024
1791660842.706,467.756,zebrad,238192649,199315837,38876811,4284874752,4795953152,400265216,3864174592,4027875328,729419776,20,13733249024
1791660843.706,468.757,indexer,880172981,697882075,182290905,11106226176,11372797952,1398185984,9455214592,3193012224,13187256320,27,13892411392
1791660843.706,468.757,zebrad,238201110,199324299,38876811,4284624896,4795953152,400265216,3864174592,4027875328,729419776,20,13892411392
1791660844.706,469.757,indexer,883059899,700355921,182703977,11197231104,11372797952,1412866048,9529585664,3200278528,13187256320,27,13870731264
1791660844.706,469.757,zebrad,238211792,199334981,38876811,4284887040,4795953152,400265216,3864174592,4027875328,729419776,20,13870731264
1791660845.706,470.757,indexer,885328495,701874479,183454016,11403558912,11403558912,1419685888,9721786368,3205353472,13522976768,27,13870620672
1791660845.706,470.757,zebrad,238219347,199341927,38877420,4220645376,4795953152,400265216,3800199168,4027875328,729419776,20,13870620672
1791660846.707,471.757,indexer,885565644,701942643,183623001,11346477056,11421908992,1419685888,9665896448,3205705728,13639016448,27,13873029120
1791660846.707,471.757,zebrad,238226164,199347611,38878553,4220645376,4795953152,400265216,3800199168,4027875328,729419776,20,13873029120
1791660847.707,472.757,indexer,885833359,702019159,183814199,11346477056,11421908992,1419685888,9666338816,3206148096,13722824704,27,13856808960
1791660847.707,472.757,zebrad,238232563,199353785,38878778,4220641280,4795953152,400265216,3800199168,4027875328,729419776,20,13856808960
1791660848.707,473.757,indexer,886082276,702055090,184027186,11349098496,11421908992,1421783040,9666719744,3206529024,13819142144,27,13855113216
1791660848.707,473.757,zebrad,238239417,199360340,38879077,4220641280,4795953152,400265216,3800199168,4027875328,729419776,20,13855113216
1791660849.707,474.757,indexer,887180022,702807388,184372633,11354378240,11421908992,1423880192,9670144000,3209953280,14070771712,26,13856096256
1791660849.707,474.757,zebrad,238247428,199365670,38881758,4220637184,4795953152,400265216,3800199168,4027875328,729419776,20,13856096256
1791660850.707,475.757,indexer,889583827,705063430,184520397,11365146624,11421908992,1429127168,9674969088,3214778368,14070771712,26,13850890240
1791660850.707,475.757,zebrad,238255264,199372206,38883058,4220641280,4795953152,400265216,3800199168,4027875328,729419776,20,13850890240
1791660851.707,476.757,indexer,892203096,707578781,184624315,11375513600,11421908992,1435418624,9679171584,3218980864,14070771712,26,13836771328
1791660851.707,476.757,zebrad,238262521,199379463,38883058,4220641280,4795953152,400265216,3800199168,4027875328,729419776,20,13836771328
1791660852.707,477.757,indexer,893949263,709148349,184800914,11383586816,11421908992,1439612928,9683218432,3223027712,14070771712,26,13833383936
1791660852.707,477.757,zebrad,238269670,199385715,38883955,4220391424,4795953152,400265216,3800199168,4027875328,729419776,20,13833383936
1791660853.707,478.758,indexer,895896752,710818262,185078490,11396157440,11421908992,1445904384,9689169920,3228983296,14070771712,26,13832794112
1791660853.707,478.758,zebrad,238276759,199392630,38884128,4220391424,4795953152,400265216,3800199168,4027875328,729419776,20,13832794112
1791660854.707,479.758,indexer,897412379,712237546,185174833,11403051008,11421908992,1450098688,9692033024,3231883264,14070771712,26,13826654208
1791660854.707,479.758,zebrad,238284688,199399572,38885115,4220391424,4795953152,400265216,3800199168,4027875328,729419776,20,13826654208
1791660855.708,480.758,indexer,899405199,713910134,185495065,11415289856,11421908992,1456394240,9697992704,3237801984,14070771712,26,13826981888
1791660855.708,480.758,zebrad,238292736,199407618,38885118,4220649472,4795953152,400265216,3800199168,4027875328,729419776,20,13826981888
1791660856.708,481.758,indexer,901454935,715605943,185848992,11320606720,11422429184,1462685696,9599213568,3243704320,14070771712,26,13824606208
1791660856.708,481.758,zebrad,238299556,199413816,38885739,4220649472,4795953152,400265216,3800199168,4027875328,729419776,20,13824606208
1791660857.708,482.758,indexer,903403496,717170004,186233492,11336245248,11422429184,1471074304,9607028736,3250774016,14070771712,26,13814493184
1791660857.708,482.758,zebrad,238306803,199421028,38885774,4220649472,4795953152,400265216,3800199168,4027875328,729419776,20,13814493184
1791660858.708,483.758,indexer,905233156,718741481,186491674,11344830464,11422429184,1475350528,9611165696,3255128064,14070771712,26,13809803264
1791660858.708,483.758,zebrad,238315056,199428405,38886651,4220649472,4795953152,400265216,3800199168,4027875328,729419776,20,13809803264
1791660859.708,484.758,indexer,907111623,720481537,186630086,11352920064,11422429184,1479544832,9615073280,3258810368,14070771712,26,13804597248
1791660859.708,484.758,zebrad,238322311,199434619,38887692,4220649472,4795953152,400265216,3800199168,4027875328,729419776,20,13804597248
1791660860.708,485.758,indexer,908988635,722283183,186705452,11360333824,11422429184,1483739136,9618452480,3262214144,14070771712,26,13801037824
1791660860.708,485.758,zebrad,238329244,199440072,38889172,4220645376,4795953152,400265216,3800199168,4027875328,729419776,20,13801037824
1791660861.708,486.758,indexer,910948072,724035966,186912105,11369336832,11422429184,1487933440,9622908928,3266646016,14070771712,26,13781860352
1791660861.708,486.758,zebrad,238336705,199446459,38890246,4220645376,4795953152,400265216,3800199168,4027875328,729419776,20,13781860352
1791660862.708,487.758,indexer,912866183,725846478,187019705,11377004544,11422429184,1492127744,9626406912,3270144000,14070771712,26,13782183936
1791660862.708,487.758,zebrad,238343862,199452590,38891271,4220641280,4795953152,400265216,3800199168,4027875328,729419776,20,13782183936
1791660863.708,488.759,indexer,914793955,727585824,187208131,11385409536,11422429184,1496322048,9630674944,3274412032,14070771712,26,13779390464
1791660863.708,488.759,zebrad,238352194,199460874,38891320,4220686336,4795953152,400265216,3800199168,4027875328,729419776,20,13779390464
1791660864.708,489.759,indexer,916591043,729186913,187404129,11395964928,11422429184,1502613504,9634877440,3278614528,14070771712,26,13772525568
1791660864.708,489.759,zebrad,238360057,199468601,38891456,4220682240,4795953152,400265216,3800199168,4027875328,729419776,20,13772525568
1791660865.708,490.759,indexer,917787155,730383026,187404129,11395964928,11422429184,1502613504,9634881536,3278770176,14070771712,26,13772668928
1791660865.708,490.759,zebrad,238367532,199475839,38891692,4220416000,4795953152,400265216,3800199168,4027875328,729419776,20,13772668928
1791660866.709,491.759,indexer,919651955,732151168,187500787,11404353536,11422429184,1506873344,9639317504,3283054592,14070771712,26,13769093120
1791660866.709,491.759,zebrad,238375009,199483317,38891692,4220669952,4795953152,400265216,3800199168,4027875328,729419776,20,13769093120
1791660867.709,492.759,indexer,921553723,733833038,187720685,11373281280,11422429184,1511587840,9604284416,3287470080,14070771712,26,13776601088
1791660867.709,492.759,zebrad,238383074,199491381,38891692,4156174336,4795953152,400265216,3735973888,4027875328,729419776,20,13776601088
1791660868.709,493.759,indexer,923521353,735524624,187996728,11384532992,11422429184,1517879296,9609256960,3292438528,14070771712,26,13768876032
1791660868.709,493.759,zebrad,238390955,199498532,38892422,4156436480,4795953152,400265216,3735973888,4027875328,729419776,20,13768876032
1791660869.709,494.759,indexer,924993515,736876094,188117420,11389362176,11422429184,1519976448,9611886592,3295068160,14070771712,26,13767823360
1791660869.709,494.759,zebrad,238398713,199506291,38892422,4156428288,4795953152,400265216,3735973888,4027875328,729419776,20,13767823360
1791660870.709,495.759,indexer,926644167,738293079,188351087,11397193728,11422429184,1524170752,9615777792,3298959360,14070771712,26,13759889408
1791660870.709,495.759,zebrad,238406204,199512583,38893620,4156424192,4795953152,400265216,3735973888,4027875328,729419776,20,13759889408
1791660871.709,496.759,indexer,928567819,739879176,188688643,11408621568,11422429184,1530462208,9621196800,3304378368,14070771712,26,13740810240
1791660871.709,496.759,zebrad,238413157,199519385,38893771,4156424192,4795953152,400265216,3735973888,4027875328,729419776,20,13740810240
1791660872.709,497.759,indexer,930456717,741472929,188983788,11420569600,11422429184,1536753664,9626218496,3309400064,14070771712,26,13734240256
1791660872.709,497.759,zebrad,238420462,199524964,38895497,4156424192,4795953152,400265216,3735973888,4027875328,729419776,20,13734240256
1791660873.709,498.760,indexer,932487791,743316224,189171567,11429302272,11429302272,1540947968,9630851072,3314032640,14070771712,26,13729411072
1791660873.709,498.760,zebrad,238427715,199531504,38896210,4156420096,4795953152,400265216,3735973888,4027875328,729419776,20,13729411072
1791660874.709,499.760,indexer,934512905,745188819,189324086,11439525888,11439525888,1547239424,9635098624,3318280192,14070771712,26,13726371840
1791660874.709,499.760,zebrad,238438432,199541947,38896484,4156190720,4795953152,400265216,3735973888,4027875328,729419776,20,13726371840
1791660875.709,500.760,indexer,936536334,747030124,189506209,11448176640,11448176640,1551433728,9639256064,3322437632,14070771712,26,13724315648
1791660875.709,500.760,zebrad,238446469,199548816,38897653,4156452864,4795953152,400285696,3735973888,4027875328,729419776,20,13724315648
1791660876.709,501.760,indexer,938550037,748877446,189672590,11456565248,11456565248,1555628032,9643442176,3326627840,14070771712,26,13721223168
1791660876.709,501.760,zebrad,238454006,199556107,38897899,4156452864,4795953152,400285696,3735973888,4027875328,729419776,20,13721223168
1791660877.710,502.760,indexer,940415109,750602371,189812738,11464536064,11464544256,1559822336,9647435776,3330617344,14070771712,26,13713829888
1791660877.710,502.760,zebrad,238461838,199563644,38898194,4156186624,4795953152,400285696,3735973888,4027875328,729419776,20,13713829888
1791660878.710,503.760,indexer,942294349,752318163,189976186,11472625664,11472678912,1564016640,9651245056,3334426624,14070771712,26,13714284544
1791660878.710,503.760,zebrad,238469731,199571396,38898334,4156182528,4795953152,400285696,3735973888,4027875328,729419776,20,13714284544
1791660879.710,504.760,indexer,944324259,754093624,190230635,11205046272,11474698240,1398607872,9552261120,3339419648,14070771712,27,13873217536
1791660879.710,504.760,zebrad,238477088,199578536,38898552,4156182528,4795953152,400285696,3735973888,4027875328,729419776,20,13873217536
1791660880.710,505.760,indexer,947086996,756581669,190505327,11219267584,11474698240,1407283200,9557884928,3345043456,14070771712,27,13872697344
1791660880.710,505.760,zebrad,238484994,199585950,38899044,4156182528,4795953152,400285696,3735973888,4027875328,729419776,20,13872697344
1791660881.710,506.760,indexer,949733038,758965655,190767383,11429289984,11474698240,1411477504,9757253632,3349962752,14070771712,27,13846392832
1791660881.710,506.760,zebrad,238493215,199594141,38899074,4155944960,4795953152,400285696,3735973888,4027875328,729419776,20,13846392832
1791660882.710,507.760,indexer,951211237,759920066,191291171,11463729152,11488366592,1413619712,9782845440,3352121344,14599802880,27,13865775104
1791660882.710,507.760,zebrad,238501079,199601868,38899210,4156186624,4795953152,400285696,3735973888,4027875328,729419776,20,13865775104
1791660883.710,508.760,indexer,951510667,759999762,191510904,11437486080,11544104960,1415913472,9754832896,3352498176,14648000512,27,13859749888
1791660883.710,508.760,zebrad,238507548,199608101,38899446,4092764160,4795953152,400285696,3672563712,4027875328,729419776,20,13859749888
1791660884.710,509.761,indexer,951739751,760055254,191684496,11437674496,11544104960,1415913472,9755156480,3352821760,14729469952,27,13846310912
1791660884.710,509.761,zebrad,238515078,199615550,38899528,4092755968,4795953152,400285696,3672563712,4027875328,729419776,20,13846310912
1791660885.710,510.761,indexer,951982677,760090765,191891911,11438407680,11544104960,1415913472,9755443200,3353108480,14854950912,27,13847662592
1791660885.710,510.761,zebrad,238521562,199619951,38901611,4092755968,4795953152,400285696,3672563712,4027875328,729419776,20,13847662592
1791660886.710,511.761,indexer,953257985,761079637,192178348,11445854208,11544104960,1420107776,9758937088,3356590080,15093686272,26,13846052864
1791660886.710,511.761,zebrad,238528583,199626810,38901773,4092755968,4795953152,400285696,3672563712,4027875328,729419776,20,13846052864
1791660887.710,512.761,indexer,955467733,763085042,192382691,11456638976,11544104960,1424302080,9765015552,3362668544,15093686272,26,13838974976
1791660887.710,512.761,zebrad,238532482,199630708,38901773,4092514304,4795953152,400285696,3672563712,4027875328,729419776,20,13838974976
1791660888.711,513.761,indexer,958202068,765722864,192479204,11466489856,11544104960,1429549056,9769639936,3367292928,15093686272,26,13836881920
1791660888.711,513.761,zebrad,238532741,199630945,38901796,4092776448,4795953152,400285696,3672563712,4027875328,729419776,20,13836881920
1791660889.711,514.761,indexer,960244264,767765060,192479204,11466485760,11544104960,1429549056,9769648128,3367305216,15093686272,26,13836349440
1791660889.711,514.761,zebrad,238540431,199637359,38903072,4092506112,4795953152,400285696,3672563712,4027875328,729419776,20,13836349440
1791660890.711,515.761,indexer,961540411,769061207,192479204,11466465280,11544104960,1429549056,9769648128,3367346176,15093686272,26,13836021760
1791660890.711,515.761,zebrad,238548095,199645022,38903072,4092502016,4795953152,400285696,3672563712,4027875328,729419776,20,13836021760
1791660891.711,516.761,indexer,963256143,770776938,192479204,11485786112,11544104960,1445957632,9772396544,3370049536,15093686272,26,13798027264
1791660891.711,516.761,zebrad,238554737,199650784,38903953,4092764160,4795953152,400285696,3672563712,4027875328,729419776,20,13798027264
1791660892.711,517.761,indexer,965465801,772958322,192507478,11499003904,11544104960,1452249088,9779281920,3376939008,15093686272,26,13798227968
1791660892.711,517.761,zebrad,238562890,199658077,38904812,4092514304,4795953152,400285696,3672563712,4027875328,729419776,20,13798227968
1791660893.711,518.761,indexer,967729657,774698367,193031290,11514396672,11544104960,1460637696,9786634240,3384291328,15093686272,26,13797019648
1791660893.711,518.761,zebrad,238569602,199664677,38904924,4092264448,4795953152,400285696,3672563712,4027875328,729419776,20,13797019648
1791660894.711,519.762,indexer,970028881,776483941,193544939,11489611776,11544104960,1471127552,9752252416,3391975424,15093686272,26,13807833088
1791660894.711,519.762,zebrad,238576409,199671029,38905379,4030660608,4795953152,400285696,3610697728,4027875328,729419776,20,13807833088
1791660895.711,520.762,indexer,972161878,778147433,194014445,11503353856,11544104960,1477419008,9759510528,3399233536,15093686272,26,13809336320
1791660895.711,520.762,zebrad,238583653,199676393,38907259,4030660608,4795953152,400285696,3610697728,4027875328,729419776,20,13809336320
1791660896.711,521.762,indexer,974211816,779709098,194502717,11518410752,11544104960,1485807616,9766240256,3405963264,15093686272,26,13802352640
1791660896.711,521.762,zebrad,238590462,199683075,38907387,4030660608,4795953152,400285696,3610697728,4027875328,729419776,20,13802352640
1791660897.712,522.762,indexer,976139259,781289983,194849275,11532251136,11544104960,1493630976,9771610112,3411886080,15093686272,26,13794238464
1791660897.712,522.762,zebrad,238598320,199690933,38907387,4030656512,4795953152,400285696,3610697728,4027875328,729419776,20,13794238464
1791660898.712,523.762,indexer,978382302,783107153,195275148,11547881472,11547971584,1502019584,9779576832,3419299840,15093686272,26,13788733440
1791660898.712,523.762,zebrad,238606405,199698711,38907694,4030656512,4795953152,400285696,3610697728,4027875328,729419776,20,13788733440
1791660899.712,524.762,indexer,980648518,784893872,195754645,11563962368,11564023808,1510408192,9787428864,3427151872,15093686272,26,13782204416
1791660899.712,524.762,zebrad,238613790,199706096,38907694,4030914560,4795953152,400285696,3610697728,4027875328,729419776,20,13782204416
1791660900.712,525.762,indexer,982948261,786740804,196207456,11582959616,11582959616,1520893952,9795575808,3435298816,15093686272,26,13762383872
1791660900.712,525.762,zebrad,238622115,199714316,38907799,4030910464,4795953152,400285696,3610697728,4027875328,729419776,20,13762383872
1791660901.712,526.762,indexer,985179084,788538147,196640937,11493441536,11596865536,1530945536,9699184640,3442741248,15093686272,26,13760663552
1791660901.712,526.762,zebrad,238629169,199721202,38907966,4030906368,4795953152,400285696,3610697728,4027875328,729419776,20,13760663552
1791660902.712,527.762,indexer,987410653,790333102,197077551,11509452800,11596865536,1539334144,9706717184,3450269696,15093686272,26,13740933120
1791660902.712,527.762,zebrad,238636785,199726550,38910234,4030906368,4795953152,400285696,3610697728,4027875328,729419776,20,13740933120
1791660903.712,528.763,indexer,989689975,792142388,197547587,11525472256,11596865536,1547722752,9714647040,3458236416,15093686272,26,13738840064
1791660903.712,528.763,zebrad,238644054,199733103,38910950,4030382080,4795953152,400285696,3610697728,4027875328,729419776,20,13738840064
1791660904.712,529.763,indexer,991993530,793991474,198002055,11542331392,11596865536,1556111360,9722888192,3466440704,15093686272,26,13729980416
1791660904.712,529.763,zebrad,238655027,199743761,38911265,4030640128,4795953152,400285696,3610697728,4027875328,729419776,20,13729980416
1791660905.712,530.763,indexer,994214661,795765062,198449598,11558322176,11596865536,1564499968,9730428928,3473981440,15093686272,26,13719527424
1791660905.712,530.763,zebrad,238662731,199751006,38911725,4030631936,4795953152,400285696,3610697728,4027875328,729419776,20,13719527424
1791660906.713,531.763,indexer,996324216,797471303,198852913,11573743616,11596865536,1572888576,9737801728,3481358336,15093686272,26,13713391616
1791660906.713,531.763,zebrad,238670447,199757606,38912841,4030894080,4795953152,400285696,3610697728,4027875328,729419776,20,13713391616
1791660907.713,532.763,indexer,998295106,798967293,199327813,11589627904,11596865536,1581277184,9745055744,3488608256,15093686272,26,13706248192
1791660907.713,532.763,zebrad,238678524,199764508,38914016,4030889984,4795953152,400285696,3610697728,4027875328,729419776,20,13706248192
1791660908.713,533.763,indexer,1000732473,801111151,199621322,11428397056,11596865536,1413496832,9751699456,3495251968,15093686272,27,13861859328
1791660908.713,533.763,zebrad,238686058,199772042,38914016,4030889984,4795953152,400285696,3610697728,4027875328,729419776,20,13861859328
1791660909.713,534.763,indexer,1003433141,803525215,199907926,11518025728,11596865536,1426366464,9826054144,3501699072,15093686272,27,13853900800
1791660909.713,534.763,zebrad,238694342,199780326,38914016,4030889984,4795953152,400285696,3610697728,4027875328,729419776,20,13853900800
1791660910.713,535.763,indexer,1006107767,805588553,200519214,11577229312,11681103872,1432899584,9872957440,3508285440,15093686272,27,13862772736
1791660910.713,535.763,zebrad,238702114,199788098,38914016,3968757760,4795953152,400285696,3548831744,4027875328,729419776,20,13862772736
1791660911.713,536.763,indexer,1006748113,805848925,200899187,11578269696,11681103872,1436061696,9869537280,3509538816,15628836864,27,13860974592
1791660911.713,536.763,zebrad,238709194,199794740,38914453,3968757760,4795953152,400285696,3548831744,4027875328,729419776,20,13860974592
1791660912.713,537.763,indexer,1007007014,805910474,201096539,11586543616,11682332672,1436061696,9877458944,3509923840,15701164032,27,13833023488
1791660912.713,537.763,zebrad,238717645,199800438,38917206,3968774144,4795953152,400285696,3548831744,4027875328,729419776,20,13833023488
1791660913.713,538.763,indexer,1007233413,805949638,201283775,11587194880,11682332672,1436061696,9877823488,3510288384,15784579072,27,13828567040
1791660913.713,538.763,zebrad,238724189,199806734,38917455,3968565248,4795953152,400285696,3548831744,4027875328,729419776,20,13828567040
1791660914.713,539.764,indexer,1007469329,805970547,201498782,11590053888,11682332672,1438158848,9878392832,3510857728,15957073920,27,13824487424
1791660914.713,539.764,zebrad,238727648,199810120,38917527,3968565248,4795953152,400285696,3548831744,4027875328,729419776,20,13824487424
1791660916.726,541.777,indexer,1012554860,810453314,202101545,11615703040,11682332672,1450102784,9891737600,3524190208,16150339584,26,13812031488
1791660916.726,541.777,zebrad,238727715,199810176,38917538,3968565248,4795953152,400285696,3548831744,4027875328,729419776,20,13812031488
1791660917.726,542.777,indexer,1015140215,812643869,202496346,11631214592,11682332672,1458491392,9899147264,3531599872,16150339584,26,13802901504
1791660917.726,542.777,zebrad,238731712,199813172,38918539,3968565248,4795953152,400285696,3548831744,4027875328,729419776,20,13802901504
1791660918.727,543.777,indexer,1017488206,814529892,202958314,11649564672,11682332672,1468977152,9907396608,3539853312,16150343680,26,13795934208
1791660918.727,543.777,zebrad,238738888,199819648,38919240,3968565248,4795953152,400285696,3548831744,4027875328,729419776,20,13795934208
1791660919.727,544.777,indexer,1019665745,816278867,203386877,11559317504,11682332672,1477369856,9811034112,3547439104,16150343680,26,13792149504
1791660919.727,544.777,zebrad,238747966,199828719,38919246,3968565248,4795953152,400285696,3548831744,4027875328,729419776,20,13792149504
1791660920.727,545.777,indexer,1021664244,817900478,203763765,11574898688,11682332672,1485758464,9818288128,3554693120,16150343680,26,13782089728
1791660920.727,545.777,zebrad,238755837,199835449,38920388,3968565248,4795953152,400285696,3548831744,4027875328,729419776,20,13782089728
1791660921.727,546.777,indexer,1023668384,819455773,204212610,11590787072,11682332672,1494147072,9825607680,3562012672,16150343680,26,13770579968
1791660921.727,546.777,zebrad,238764440,199842442,38921998,3968827392,4795953152,400285696,3548831744,4027875328,729419776,20,13770579968
1791660922.727,547.777,indexer,1025953821,821215181,204738640,11607076864,11682332672,1502535680,9833582592,3569987584,16150343680,26,13753110528
1791660922.727,547.777,zebrad,238772171,199850059,38922112,3968827392,4795953152,400285696,3548831744,4027875328,729419776,20,13753110528
1791660923.727,548.777,indexer,1028232569,823014445,205218124,11623276544,11682332672,1510924288,9841463296,3577868288,16150343680,26,13743616000
1791660923.727,548.777,zebrad,238779786,199857673,38922112,3968577536,4795953152,400285696,3548831744,4027875328,729419776,20,13743616000
1791660924.727,549.777,indexer,1030196538,824617902,205578635,11638775808,11682332672,1519312896,9848340480,3584745472,16150343680,26,13741223936
1791660924.727,549.777,zebrad,238787732,199865619,38922112,3968585728,4795953152,400285696,3548831744,4027875328,729419776,20,13741223936
1791660925.727,550.777,indexer,1032150055,826334052,205816002,11543232512,11682332672,1525604352,9749557248,3589890048,16150343680,26,13737127936
1791660925.727,550.777,zebrad,238795473,199872978,38922495,3968847872,4795953152,400285696,3548831744,4027875328,729419776,20,13737127936
1791660926.727,551.778,indexer,1034088382,828135567,205952815,11552620544,11682332672,1530318848,9753899008,3594231808,16150343680,26,13738930176
1791660926.727,551.778,zebrad,238802868,199880373,38922495,3968581632,4795953152,400285696,3548831744,4027875328,729419776,20,13738930176
1791660927.727,552.778,indexer,1036329819,829908056,206421763,11568496640,11682332672,1538707456,9761452032,3601788928,16150343680,26,13728260096
1791660927.727,552.778,zebrad,238810557,199887381,38923175,3968581632,4795953152,400285696,3548831744,4027875328,729419776,20,13728260096
1791660928.727,553.778,indexer,1038610333,831726967,206883365,11584569344,11682332672,1547096064,9769103360,3609436160,16150343680,26,13723078656
1791660928.727,553.778,zebrad,238818044,199893113,38924931,3968315392,4795953152,400285696,3548831744,4027875328,729419776,20,13723078656
1791660929.728,554.778,indexer,1040912744,833531037,207381707,11601121280,11682332672,1555484672,9777459200,3617800192,16150343680,26,13713924096
1791660929.728,554.778,zebrad,238825459,199898620,38926838,3968315392,4795953152,400285696,3548831744,4027875328,729419776,20,13713924096
1791660930.728,555.778,indexer,1043170619,835318496,207852123,11633135616,11682332672,1579257856,9785376768,3625713664,16150343680,26,13689204736
1791660930.728,555.778,zebrad,238832874,199905973,38926901,3968315392,4795953152,400285696,3548831744,4027875328,729419776,20,13689204736
1791660931.728,556.778,indexer,1045262727,836985962,208276765,11648823296,11682332672,1587646464,9792724992,3633057792,16150343680,26,13685198848
1791660931.728,556.778,zebrad,238840096,199911832,38928264,3968315392,4795953152,400285696,3548831744,4027875328,729419776,20,13685198848
1791660932.728,557.778,indexer,1047295449,838584021,208711427,11555209216,11682332672,1593937920,9695748096,3640012800,16150343680,26,13702574080
1791660932.728,557.778,zebrad,238847453,199919136,38928317,3968073728,4795953152,400285696,3548831744,4027875328,729419776,20,13702574080
1791660933.728,558.778,indexer,1049501744,840465197,209036546,11396333568,11682332672,1428258816,9702772736,3647041536,16150343680,27,13852487680
1791660933.728,558.778,zebrad,238854246,199924122,38930123,3968061440,4795953152,400285696,3548831744,4027875328,729419776,20,13852487680
1791660934.728,559.778,indexer,1052167920,842850970,209316950,11414274048,11682332672,1439031296,9709666304,3653931008,16150343680,27,13844819968
1791660934.728,559.778,zebrad,238864646,199934464,38930182,3968585728,4795953152,400285696,3548831744,4027875328,729419776,20,13844819968
1791660935.728,560.778,indexer,1054834034,845120026,209714007,11680047104,11706695680,1445564416,9961218048,3659595776,16150343680,27,13843427328
1791660935.728,560.778,zebrad,238871851,199940800,38931051,3907764224,4795953152,400318464,3488014336,4027875328,729419776,20,13843427328
1791660936.728,561.779,indexer,1056149082,845845519,210303563,11713736704,11804188672,1449799680,9984917504,3662524416,16708038656,27,13829824512
1791660936.728,561.779,zebrad,238878377,199946076,38932300,3848253440,4795953152,400318464,3428769792,4027875328,729419776,20,13829824512
1791660937.728,562.779,indexer,1056351553,845924331,210427221,11724464128,11804188672,1449799680,9995444224,3662819328,16758972416,27,13818015744
1791660937.728,562.779,zebrad,238886077,199951822,38934254,3847987200,4795953152,400318464,3428769792,4027875328,729419776,20,13818015744
1791660938.728,563.779,indexer,1056587195,845969508,210617686,11724701696,11804188672,1449799680,9995816960,3663192064,16854634496,27,13800009728
1791660938.728,563.779,zebrad,238892809,199956922,38935887,3848499200,4795953152,400318464,3428769792,4027875328,729419776,20,13800009728
1791660939.729,564.779,indexer,1056821584,845986401,210835182,11725119488,11804188672,1449799680,9996144640,3663519744,16979718144,27,13810511872
1791660939.729,564.779,zebrad,238899208,199963321,38935887,3848757248,4795953152,400318464,3428769792,4027875328,729419776,20,13810511872
1791660940.729,565.779,indexer,1057126190,846049958,211076232,11725352960,11804188672,1449799680,9996599296,3663974400,17173049344,27,13811904512
1791660940.729,565.779,zebrad,238912320,199972836,38939483,3848507392,4795953152,400318464,3428769792,4027875328,729419776,20,13811904512
1791660941.729,566.779,indexer,1059014121,847547553,211466568,11738611712,11804188672,1456791552,10002939904,3670319104,17228492800,26,13809577984
1791660941.729,566.779,zebrad,238916527,199976849,38939678,3848699904,4795953152,400318464,3428769792,4027875328,729419776,20,13809577984
1791660942.729,567.779,indexer,1061605877,849723504,211882373,11755798528,11804188672,1465532416,10010476544,3677851648,17228492800,26,13801037824
1791660942.729,567.779,zebrad,238923871,199983301,38940569,3848957952,4795953152,400318464,3428769792,4027875328,729419776,20,13801037824
1791660943.729,568.779,indexer,1064534893,852377116,212157776,11770839040,11804188672,1473921024,10017472512,3684847616,17228492800,26,13794996224
1791660943.729,568.779,zebrad,238931350,199989702,38941647,3848953856,4795953152,400318464,3428769792,4027875328,729419776,20,13794996224
1791660944.729,569.779,indexer,1067352478,854869519,212482958,11680378880,11804188672,1482465280,9920475136,3692421120,17228492800,26,13780041728
1791660944.729,569.779,zebrad,238938944,199996201,38942743,3848683520,4795953152,400318464,3428769792,4027875328,729419776,20,13780041728
1791660945.729,570.779,indexer,1069483366,856570499,212912866,11695992832,11804188672,1490857984,9928617984,3700039680,17228492800,26,13777727488
1791660945.729,570.779,zebrad,238946408,200003430,38942978,3848683520,4795953152,400318464,3428769792,4027875328,729419776,20,13777727488
1791660946.729,571.779,indexer,1071466487,858148441,213318046,11712012288,11804188672,1499246592,9935835136,3707330560,17228492800,26,13769170944
1791660946.729,571.779,zebrad,238953175,200008231,38944943,3848425472,4795953152,400318464,3428769792,4027875328,729419776,20,13769170944
1791660947.729,572.780,indexer,1073582646,859826045,213756601,11727921152,11804188672,1507635200,9943506944,3714928640,17228492800,26,13754671104
1791660947.729,572.780,zebrad,238960094,200015151,38944943,3848425472,4795953152,400318464,3428769792,4027875328,729419776,20,13754671104
1791660948.729,573.780,indexer,1075903616,861688588,214215027,11746795520,11804188672,1518120960,9951850496,3723272192,17228492800,26,13745291264
1791660948.729,573.780,zebrad,238967789,200021423,38946365,3848687616,4795953152,400318464,3428769792,4027875328,729419776,20,13745291264
1791660949.729,574.780,indexer,1078083334,863445727,214637607,11763462144,11804188672,1526509568,9959825408,3731247104,17228492800,26,13737443328
1791660949.729,574.780,zebrad,238975780,200029094,38946686,3848687616,4795953152,400318464,3428769792,4027875328,729419776,20,13737443328
1791660950.730,575.780,indexer,1080080106,865020389,215059717,11733413888,11804188672,1534898176,9922969600,3738550272,17228492800,26,13728903168
1791660950.730,575.780,zebrad,238983026,200036340,38946686,3790221312,4795953152,400318464,3370835968,4027875328,729419776,20,13728903168
1791660951.730,576.780,indexer,1082114441,866641261,215473179,11750092800,11804188672,1543802880,9930383360,3745964032,17228492800,26,13722759168
1791660951.730,576.780,zebrad,238991012,200042945,38948067,3790221312,4795953152,400318464,3370835968,4027875328,729419776,20,13722759168
1791660952.730,577.780,indexer,1084396170,868436118,215960051,11766448128,11804188672,1552191488,9938436096,3754020864,17228492800,26,13715402752
1791660952.730,577.780,zebrad,238997316,200048362,38948953,3790467072,4795953152,400318464,3370835968,4027875328,729419776,20,13715402752
1791660953.730,578.780,indexer,1086650863,870238039,216412824,11782680576,11804188672,1560580096,9946341376,3761922048,17228492800,26,13705240576
1791660953.730,578.780,zebrad,239004575,200055421,38949154,3790209024,4795953152,400318464,3370835968,4027875328,729419776,20,13705240576
1791660954.730,579.780,indexer,1088964576,872101881,216862695,11801817088,11804188672,1571065856,9954721792,3770302464,17228492800,26,13691572224
1791660954.730,579.780,zebrad,239011453,200060315,38951137,3790708736,4795953152,400318464,3370835968,4027875328,729419776,20,13691572224
1791660955.730,580.781,indexer,1091185179,873866021,217319157,11818135552,11818160128,1579454464,9962651648,3778236416,17228492800,26,13685563392
1791660955.730,580.781,zebrad,239018933,200066040,38952892,3790704640,4795953152,400318464,3370835968,4027875328,729419776,20,13685563392
1791660956.730,581.781,indexer,1093173294,875435013,217738280,11833995264,11834011648,1587843072,9970106368,3785687040,17228492800,26,13681729536
1791660956.730,581.781,zebrad,239027061,200073640,38953421,3790700544,4795953152,400318464,3370835968,4027875328,729419776,20,13681729536
1791660957.730,582.781,indexer,1095105127,876963540,218141587,11743731712,11834241024,1596231680,9874432000,3793145856,17228492800,26,13672865792
1791660957.730,582.781,zebrad,239034346,200079879,38954466,3790958592,4795953152,400318464,3370835968,4027875328,729419776,20,13672865792
1791660958.731,583.781,indexer,1097411447,878962016,218449430,11583336448,11834241024,1428451328,9881939968,3800653824,17228492800,27,13827305472
1791660958.731,583.781,zebrad,239042931,200088374,38954556,3790954496,4795953152,400318464,3370835968,4027875328,729419776,20,13827305472
1791660959.731,584.781,indexer,1100079373,881339639,218739733,11603578880,11834241024,1441320960,9889275904,3807989760,17228492800,27,13820403712
1791660959.731,584.781,zebrad,239051331,200096060,38955270,3790954496,4795953152,400318464,3370835968,4027875328,729419776,20,13820403712
1791660960.731,585.781,indexer,1102769792,883443904,219325887,11791233024,11838603264,1447854080,10064211968,3814842368,17228492800,27,13832986624
1791660960.731,585.781,zebrad,239059331,200103225,38956105,3733536768,4795953152,400318464,3313688576,4027875328,729419776,20,13832986624
1791660961.731,586.781,indexer,1103317145,883629694,219687450,11869192192,11869270016,1449951232,10138017792,3815919616,17639575552,27,13814128640
1791660961.731,586.781,zebrad,239067232,200111126,38956105,3733786624,4795953152,400318464,3313688576,4027875328,729419776,20,13814128640
1791660962.731,587.781,indexer,1103580159,883692956,219887202,11773046784,11879669760,1449951232,10044567552,3816316928,17722605568,27,13805780992
1791660962.731,587.781,zebrad,239075248,200116644,38958603,3733782528,4795953152,400318464,3313688576,4027875328,729419776,20,13805780992
1791660963.731,588.781,indexer,1103835457,883751048,220084408,11773804544,11879669760,1449951232,10045026304,3816775680,17808596992,27,13808467968
1791660963.731,588.781,zebrad,239087167,200125900,38961267,3733540864,4795953152,400318464,3313688576,4027875328,729419776,20,13808467968
1791660964.731,589.781,indexer,1104132151,883868647,220263503,11774300160,11879669760,1449951232,10045423616,3817172992,17966940160,27,13807697920
1791660964.731,589.781,zebrad,239098169,200135064,38963104,3733786624,4795953152,400318464,3313688576,4027875328,729419776,20,13807697920
1791660966.389,591.440,indexer,1108023723,887379768,220643955,11791486976,11879669760,1459392512,10053414912,3825164288,18168918016,26,13806718976
1791660966.389,591.440,zebrad,239101753,200136874,38964879,3733786624,4795953152,400347136,3313688576,4027875328,729419776,20,13806718976
1791660967.390,592.440,indexer,1110305983,889187071,221118911,11808169984,11879669760,1467781120,10061766656,3833516032,18168918016,26,13798854656
1791660967.390,592.440,zebrad,239108877,200142815,38966062,3733786624,4795953152,400347136,3313754112,4027875328,729419776,20,13798854656
1791660968.390,593.440,indexer,1112604585,891007374,221597210,11827306496,11879669760,1478266880,10070196224,3841945600,18168918016,26,13790490624
1791660968.390,593.440,zebrad,239116212,200149936,38966275,3733786624,4795953152,400347136,3313754112,4027875328,729419776,20,13790490624
1791660969.390,594.440,indexer,1114755538,892733927,222021611,11843936256,11879669760,1486659584,10078322688,3850072064,18168922112,26,13780832256
1791660969.390,594.440,zebrad,239123184,200156591,38966593,3733786624,4795953152,400347136,3313754112,4027875328,729419776,20,13780832256
1791660970.390,595.441,indexer,1116761228,894317610,222443618,11860082688,11879669760,1495048192,10085806080,3857559552,18168922112,26,13773897728
1791660970.390,595.441,zebrad,239131601,200163263,38968337,3733786624,4795953152,400347136,3313754112,4027875328,729419776,20,13773897728
1791660971.391,596.441,indexer,1118780229,895916575,222863653,11875827712,11879669760,1503436800,10093416448,3865169920,18168922112,26,13765365760
1791660971.391,596.441,zebrad,239139942,200171605,38968337,3733520384,4795953152,400347136,3313754112,4027875328,729419776,20,13765365760
1791660972.391,597.441,indexer,1121074084,897704931,223369153,11892752384,11892764672,1511825408,10101784576,3873533952,18168922112,26,13756862464
1791660972.391,597.441,zebrad,239147780,200177580,38970200,3733782528,4795953152,400347136,3313754112,4027875328,729419776,20,13756862464
1791660973.391,598.441,indexer,1123359806,899432754,223927052,11804573696,11892998144,1520214016,10005819392,3881844736,18168922112,26,13761998848
1791660973.391,598.441,zebrad,239155672,200185472,38970200,3733516288,4795953152,400347136,3313754112,4027875328,729419776,20,13761998848
1791660974.391,599.441,indexer,1125653236,901292455,224360780,11823181824,11892998144,1530699776,10014490624,3890245632,18168922112,26,13730738176
1791660974.391,599.441,zebrad,239163300,200193025,38970274,3733774336,4795953152,400347136,3313754112,4027875328,729419776,20,13730738176
1791660975.391,600.441,indexer,1127971318,903173309,224798009,11840692224,11892998144,1539088384,10023043072,3898830848,18168922112,26,13726228480
1791660975.391,600.441,zebrad,239171418,200199285,38972132,3733770240,4795953152,400347136,3313754112,4027875328,729419776,20,13726228480
1791660976.391,601.441,indexer,1129956044,904741091,225214953,11857039360,11892998144,1547997184,10030489600,3906240512,18168922112,26,13719592960
1791660976.391,601.441,zebrad,239179556,200206402,38973154,3733770240,4795953152,400347136,3313754112,4027875328,729419776,20,13719592960
1791660977.391,602.441,indexer,1132046167,906431856,225614311,11880349696,11892998144,1557774336,10043981824,3919626240,18168922112,26,13711024128
1791660977.391,602.441,zebrad,239187821,200213461,38974359,3733532672,4795953152,400347136,3313754112,4027875328,729419776,20,13711024128
1791660979.631,604.681,indexer,1138471190,912041808,226429382,11923353600,11949199360,1625157632,10020704256,3992694784,18168922112,26,13643870208
1791660979.631,604.681,zebrad,239203450,200228485,38974965,3621859328,4795953152,400347136,3202080768,4027875328,729419776,20,13643870208
1791660980.631,605.681,indexer,1141028701,914258070,226770631,11968401408,11968413696,1662525440,10027945984,3999825920,18168922112,26,13602672640
1791660980.631,605.681,zebrad,239209916,200234716,38975200,3615621120,4795953152,400347136,3196375040,4027875328,729419776,20,13602672640
1791660981.631,606.681,indexer,1143009121,915807196,227201924,11984601088,11984609280,1670914048,10035453952,4007325696,18168922112,26,13599391744
1791660981.631,606.681,zebrad,239217794,200241779,38976015,3615621120,4795953152,400347136,3196375040,4027875328,729419776,20,13599391744
1791660982.631,607.681,indexer,1145099458,917471425,227628032,12000559104,12000559104,1679302656,10043252736,4015124480,18168922112,26,13595152384
1791660982.631,607.681,zebrad,239226064,200249005,38977058,3615371264,4795953152,400347136,3196375040,4027875328,729419776,20,13595152384
1791660983.631,608.681,indexer,1147616623,919718627,227897995,11836882944,12001292288,1509429248,10049355776,4021596160,18168922112,27,13771382784
1791660983.631,608.681,zebrad,239233699,200256542,38977157,3615440896,4795953152,400347136,3196375040,4027875328,729419776,20,13771382784
1791660984.631,609.682,indexer,1150300069,922124209,228175859,11893202944,12001292288,1522298880,10092150784,4028174336,18168922112,27,13743628288
1791660984.631,609.682,zebrad,239241581,200264285,38977295,3615440896,4795953152,400347136,3196375040,4027875328,729419776,20,13743628288
1791660985.631,610.682,indexer,1152183223,923369023,228814200,11927343104,12017459200,1526734848,10119655424,4032630784,18533564416,27,13744197632
1791660985.631,610.682,zebrad,239247933,200269580,38978353,3615432704,4795953152,400347136,3196375040,4027875328,729419776,20,13744197632
1791660986.631,611.682,indexer,1152424014,923471842,228952172,11945119744,12017459200,1526734848,10136686592,4032999424,18599944192,27,13733273600
1791660986.631,611.682,zebrad,239254299,200275213,38979085,3615432704,4795953152,400347136,3196375040,4027875328,729419776,20,13733273600
1791660987.631,612.682,indexer,1153079323,923994605,229084717,11947184128,12017459200,1528832000,10137030656,4033343488,18682310656,27,13731225600
1791660987.631,612.682,zebrad,239260930,200275884,38985046,3615432704,4795953152,400347136,3196375040,4027875328,729419776,20,13731225600
1791660988.632,613.682,indexer,1154237150,925061411,229175738,11947950080,12017459200,1528832000,10137468928,4033781760,18771910656,27,13730820096
1791660988.632,613.682,zebrad,239264842,200278808,38986033,3615432704,4795953152,400347136,3196375040,4027875328,729419776,20,13730820096
1791660989.632,614.682,indexer,1154468794,925083059,229385735,11948175360,12017459200,1528832000,10137829376,4034142208,19062398976,27,13733703680
1791660989.632,614.682,zebrad,239272357,200284563,38987793,3615428608,4795953152,400347136,3196375040,4027875328,729419776,20,13733703680
1791660990.632,615.682,indexer,1156480443,926638609,229841834,11963834368,12017459200,1537220608,10145091584,4041392128,19115532288,26,13726183424
1791660990.632,615.682,zebrad,239280192,200291100,38989092,3615428608,4795953152,400347136,3196375040,4027875328,729419776,20,13726183424
1791660991.632,616.682,indexer,1158384551,928273825,230110725,11988074496,12017459200,1545424896,10160885760,4057186304,19115532288,26,13724577792
1791660991.632,616.682,zebrad,239287477,200298178,38989298,3615162368,4795953152,400347136,3196375040,4027875328,729419776,20,13724577792
1791660992.632,617.682,indexer,1160182760,929933444,230249316,12000231424,12017459200,1549619200,10169135104,4065435648,19115532288,26,13722542080
1791660992.632,617.682,zebrad,239295324,200305893,38989431,3615162368,4795953152,400347136,3196375040,4027875328,729419776,20,13722542080
1791660993.632,618.682,indexer,1162061628,931489092,230572536,11907956736,12017459200,1555914752,10073100288,4073422848,19115536384,26,13716590592
1791660993.632,618.682,zebrad,239302062,200312515,38989547,3615133696,4795953152,400347136,3196375040,4027875328,729419776,20,13716590592
1791660994.632,619.683,indexer,1164042692,933025275,231017416,11923906560,12017459200,1564303360,10080559104,4080881664,19115536384,26,13692743680
1791660994.632,619.683,zebrad,239312529,200322981,38989547,3615133696,4795953152,400347136,3196375040,4027875328,729419776,20,13692743680
1791660995.632,620.683,indexer,1166287089,934788005,231499084,11941720064,12017459200,1573740544,10088845312,4089167872,19115536384,26,13686112256
1791660995.632,620.683,zebrad,239319640,200330092,38989547,3615395840,4795953152,400347136,3196375040,4027875328,729489408,20,13686112256
1791660996.632,621.683,indexer,1168540834,936587015,231953819,11957985280,12017459200,1582129152,10097033216,4097355776,19115536384,26,13683200000
1791660996.632,621.683,zebrad,239327336,200336571,38990765,3615395840,4795953152,400359424,3196375040,4027875328,729489408,20,13683200000
1791660997.633,622.683,indexer,1170866463,938459239,232407224,11977515008,12017459200,1592614912,10105647104,4105969664,19115536384,26,13665452032
1791660997.633,622.683,zebrad,239335458,200343838,38991620,3615211520,4795953152,400359424,3196375040,4027875328,729489408,20,13665452032
1791660998.633,623.683,indexer,1173043530,940286218,232757312,11992403968,12017459200,1598906368,10114490368,4114817024,19115536384,26,13665427456
1791660998.633,623.683,zebrad,239342781,200351113,38991667,3615469568,4795953152,400359424,3196375040,4027875328,729489408,20,13665427456
1791660999.633,624.683,indexer,1175140390,941945915,233194475,11904430080,12017459200,1609392128,10018467840,4122669056,19115536384,26,13663711232
1791660999.633,624.683,zebrad,239351096,200359383,38991713,3615203328,4795953152,400359424,3196375040,4027875328,729489408,20,13663711232
1791661000.633,625.683,indexer,1177137238,943518519,233618718,11920039936,12017459200,1617784832,10026004480,4130205696,19115536384,26,13655891968
1791661000.633,625.683,zebrad,239357844,200364845,38992999,3615461376,4795953152,400359424,3196375040,4027875328,729489408,20,13655891968
1791661001.633,626.683,indexer,1179314399,945234743,234079655,11936944128,12017459200,1626181632,10034241536,4138442752,19115536384,26,13644820480
1791661001.633,626.683,zebrad,239366065,200371518,38994547,3615461376,4795953152,400359424,3196375040,4027875328,729489408,20,13644820480
1791661002.633,627.683,indexer,1181615775,947049410,234566364,11953704960,12017459200,1634570240,10042990592,4147195904,19115536384,26,13634486272
1791661002.633,627.683,zebrad,239373852,200378341,38995511,3615461376,4795953152,400359424,3196375040,4027875328,729489408,20,13634486272
1791661003.633,628.683,indexer,1183704419,948752555,234951863,11970338816,12017459200,1642958848,10051133440,4155334656,19115536384,26,13625135104
1791661003.633,628.683,zebrad,239381018,200384317,38996701,3615461376,4795953152,400359424,3196375040,4027875328,729489408,20,13625135104
1791661004.633,629.684,indexer,1185667075,950293007,235374067,11986583552,12017459200,1651347456,10058788864,4162990080,19115536384,26,13605330944
1791661004.633,629.684,zebrad,239388689,200388520,39000168,3615461376,4795953152,400359424,3196375040,4027875328,729489408,20,13605330944
1791661005.633,630.684,indexer,1187665871,951860602,235805269,11897163776,12017459200,1659736064,9962606592,4170665984,19115536384,26,13603573760
1791661005.633,630.684,zebrad,239396216,200394963,39001253,3615461376,4795953152,400359424,3196375040,4027875328,729489408,20,13603573760
1791661006.633,631.684,indexer,1189895329,953612180,236283149,11913568256,12017459200,1668124672,9970970624,4179030016,19115536384,26,13597519872
1791661006.633,631.684,zebrad,239404464,200402335,39002129,3615461376,4795953152,400359424,3196375040,4027875328,729489408,20,13597519872
1791661007.634,632.684,indexer,1192147672,955397102,236750570,11932938240,12017459200,1678610432,9979318272,4187385856,19115536384,26,13583196160
1791661007.634,632.684,zebrad,239412723,200410393,39002329,3615461376,4795953152,400359424,3196375040,4027875328,729489408,20,13583196160
1791661008.634,633.684,indexer,1194523501,957411198,237112302,11774562304,12017459200,1512927232,9986985984,4195045376,19115536384,27,13738577920
1791661008.634,633.684,zebrad,239420003,200415952,39004051,3615461376,4795953152,400359424,3196375040,4027875328,729489408,20,13738577920
1791661009.634,634.684,indexer,1197345409,959944422,237400987,11792433152,12017459200,1523699712,9994428416,4202487808,19115536384,27,13733761024
1791661009.634,634.684,zebrad,239427907,200422709,39005198,3615461376,4795953152,400359424,3196375040,4027875328,729489408,20,13733761024
1791661010.634,635.684,indexer,1200001033,962100408,237900625,12025004032,12034854912,1532329984,10210177024,4209352704,19115536384,27,13741998080
1791661010.634,635.684,zebrad,239434977,200429609,39005368,3560407040,4795953152,400359424,3141586944,4027875328,729489408,20,13741998080
1791661011.634,636.684,indexer,1201626549,963055731,238570817,11961659392,12069240832,1536589824,10140770304,4213346304,19498049536,27,13728628736
1791661011.634,636.684,zebrad,239442359,200436093,39006266,3560407040,4795953152,400359424,3141586944,4027875328,729489408,20,13728628736
1791661012.634,637.684,indexer,1201778111,963137557,238640553,11961868288,12069240832,1536602112,10140983296,4213559296,19742478336,27,13717245952
1791661012.634,637.684,zebrad,239450102,200443719,39006382,3560407040,4795953152,400359424,3141586944,4027875328,729489408,20,13717245952
1791661013.634,638.684,indexer,1202113075,963277316,238835759,12033351680,12069240832,1536602112,10210189312,4213891072,19822059520,27,13713719296
1791661013.634,638.684,zebrad,239457481,200450878,39006603,3560341504,4795953152,400359424,3141586944,4027875328,729489408,20,13713719296
1791661014.634,639.684,indexer,1203351500,964424424,238927075,12035141632,12069240832,1538019328,10210562048,4214263808,19907985408,27,13711290368
1791661014.634,639.684,zebrad,239467559,200455765,39011793,3560599552,4795953152,400359424,3141586944,4027875328,729489408,20,13711290368
1791661015.634,640.685,indexer,1203951087,964851604,239099482,12035600384,12069240832,1538019328,10210930688,4214632448,20028067840,27,13712998400
1791661015.634,640.685,zebrad,239473862,200460342,39013520,3560599552,4795953152,400359424,3141586944,4027875328,729489408,20,13712998400
1791661016.634,641.685,indexer,1205116778,965700859,239415919,12044226560,12069240832,1542213632,10215153664,4218847232,20223369216,26,13711167488
1791661016.634,641.685,zebrad,239482726,200468394,39014332,3560599552,4795953152,400359424,3141586944,4027875328,729489408,20,13711167488
1791661017.635,642.685,indexer,1207311214,967409713,239901501,11954896896,12069240832,1551126528,10119450624,4227031040,20223369216,26,13716484096
1791661017.635,642.685,zebrad,239490871,200476194,39014677,3560603648,4795953152,400359424,3141586944,4027875328,729489408,20,13716484096
1791661018.635,643.685,indexer,1209537558,969149671,240387886,11973586944,12069240832,1561612288,10127597568,4235177984,20223369216,26,13707599872
1791661018.635,643.685,zebrad,239498136,200482415,39015720,3560640512,4795953152,400359424,3141586944,4027875328,729489408,20,13707599872
1791661019.635,644.685,indexer,1211833667,970985652,240848015,11990646784,12069240832,1570000896,10136129536,4243709952,20223369216,26,13701455872
1791661019.635,644.685,zebrad,239505695,200489048,39016647,3560636416,4795953152,400359424,3141586944,4027875328,729489408,20,13701455872
1791661020.635,645.685,indexer,1214142652,972835871,241306780,12008730624,12069240832,1579438080,10144747520,4252327936,20223369216,26,13683511296
1791661020.635,645.685,zebrad,239513236,200495665,39017571,3560632320,4795953152,400359424,3141586944,4027875328,729489408,20,13683511296
1791661021.635,646.685,indexer,1216236586,974501370,241735216,12025356288,12069240832,1587826688,10152665088,4260249600,20223369216,26,13680427008
1791661021.635,646.685,zebrad,239520431,200501665,39018765,3560628224,4795953152,400359424,3141586944,4027875328,729489408,20,13680427008
1791661022.635,647.685,indexer,1218201701,976026321,242175379,12041150464,12069240832,1596215296,10160123904,4267704320,20223369216,26,13668323328
1791661022.635,647.685,zebrad,239527500,200506555,39020944,3560624128,4795953152,400359424,3141586944,4027875328,729489408,20,13668323328
1791661023.635,648.685,indexer,1220332528,977683864,242648664,12057415680,12069240832,1604603904,10168176640,4275757056,20223369216,26,13662015488
1791661023.635,648.685,zebrad,239534708,200511726,39022981,3560374272,4795953152,400359424,3141586944,4027875328,729489408,20,13662015488
1791661024.635,649.686,indexer,1222646616,979547493,243099122,11970670592,12069240832,1615089664,10072801280,4284391424,20223369216,26,13651992576
1791661024.635,649.686,zebrad,239545585,200522603,39022981,3560632320,4795953152,400371712,3141586944,4027875328,729489408,20,13651992576
1791661025.635,650.686,indexer,1224772868,981209732,243563136,11987206144,12069240832,1623478272,10080854016,4292444160,20223369216,26,13641834496
1791661025.635,650.686,zebrad,239552822,200528666,39024155,3560632320,4795953152,400371712,3141586944,4027875328,729489408,20,13641834496
1791661026.635,651.686,indexer,1226732813,982731457,244001356,12003557376,12069240832,1631870976,10088050688,4299993088,20223369216,26,13637226496
1791661026.635,651.686,zebrad,239559737,200534432,39025305,3560894464,4795953152,400371712,3141586944,4027875328,729489408,20,13637226496
1791661027.636,652.686,indexer,1228754182,984338291,244415891,12019724288,12069240832,1640259584,10096078848,4307673088,20223369216,26,13628633088
1791661027.636,652.686,zebrad,239567698,200541073,39026624,3560894464,4795953152,400371712,3141586944,4027875328,729489408,20,13628633088
1791661028.636,653.686,indexer,1230970015,986076934,244893081,12035973120,12069240832,1648648192,10104287232,4315877376,20223369216,26,13615476736
1791661028.636,653.686,zebrad,239576126,200548760,39027365,3560898560,4795953152,400371712,3141586944,4027875328,729489408,20,13615476736
1791661029.636,654.686,indexer,1233218765,987859238,245359526,12054859776,12069240832,1659133952,10112614400,4324204544,20223369216,26,13607170048
1791661029.636,654.686,zebrad,239584837,200556847,39027989,3560632320,4795953152,400371712,3141586944,4027875328,729489408,20,13607170048
1791661030.636,655.686,indexer,1235507720,989699203,245808517,12022345728,12069240832,1667522560,10071457792,4332859392,20223369216,26,13600665600
1791661030.636,655.686,zebrad,239592454,200564464,39027989,3506626560,4795953152,400371712,3087581184,4027875328,729489408,20,13600665600
1791661031.636,656.686,indexer,1237735219,991458928,246276291,12039208960,12069240832,1675911168,10079924224,4341325824,20223369216,26,13593841664
1791661031.636,656.686,zebrad,239600035,200572023,39028011,3506626560,4795953152,400371712,3087581184,4027875328,729489408,20,13593841664
1791661032.636,657.686,indexer,1239699185,993061142,246638043,12054818816,12069240832,1684299776,10087436288,4348833792,20223369216,26,13584531456
1791661032.636,657.686,zebrad,239606984,200578973,39028011,3506626560,4795953152,400371712,3087581184,4027875328,729489408,20,13584531456
1791661033.636,658.686,indexer,1242398095,995468791,246929303,11900841984,12069240832,1523093504,10094759936,4356157440,20223369216,27,13734301696
1791661033.636,658.686,zebrad,239615023,200587011,39028011,3506356224,4795953152,400371712,3087581184,4027875328,729489408,20,13734301696
1791661034.636,659.686,indexer,1245116471,997794864,247321606,12049362944,12069240832,1528868864,10233450496,4363145216,20223369216,27,13728751616
1791661034.636,659.686,zebrad,239623414,200593675,39029738,3506356224,4795953152,400371712,3087581184,4027875328,729489408,20,13728751616
1791661035.636,660.687,indexer,1247012566,999019016,247993550,12142174208,12142231552,1533820928,10316050432,4367650816,20557258752,27,13707214848
1791661035.636,660.687,zebrad,239630968,200600467,39030501,3454894080,4795953152,400371712,3036385280,4027875328,729489408,20,13707214848
1791661036.636,661.687,indexer,1247198337,999108631,248089705,12144451584,12144455680,1535918080,10316341248,4367941632,20726931456,27,13704290304
1791661036.636,661.687,zebrad,239637207,200606507,39030699,3454889984,4795953152,400371712,3036385280,4027875328,729489408,20,13704290304
1791661037.636,662.687,indexer,1247598519,999303933,248294586,12144336896,12156239872,1535918080,10315952128,4368510976,20808417280,27,13706969088
1791661037.636,662.687,zebrad,239641824,200610022,39031801,3402174464,4795953152,400371712,2983669760,4027875328,729489408,20,13706969088
1791661039.006,664.056,indexer,1249103752,1000610108,248493643,12144787456,12156239872,1535918080,10316374016,4368932864,20929658880,27,13703135232
1791661039.006,664.056,zebrad,239645756,200613805,39031951,3402174464,4795953152,400371712,2983669760,4027875328,729489408,20,13703135232
1791661040.006,665.056,indexer,1249318339,1000615178,248703160,12144975872,12156239872,1535918080,10316677120,4369235968,21184958464,27,13705863168
1791661040.006,665.056,zebrad,239653958,200620976,39032982,3402170368,4795953152,400371712,2983669760,4027875328,729489408,20,13705863168
1791661041.006,666.056,indexer,1251228509,1002145593,249082916,12161228800,12161232896,1544830976,10323861504,4376420352,21184958464,26,13703626752
1791661041.006,666.056,zebrad,239661504,200628274,39033230,3402170368,4795953152,400371712,2983669760,4027875328,729489408,20,13703626752
1791661042.006,667.056,indexer,1253433598,1003865518,249568079,12177965056,12177985536,1553219584,10332037120,4384595968,21184958464,26,13698138112
1791661042.006,667.056,zebrad,239668191,200634853,39033338,3402170368,4795953152,400371712,2983669760,4027875328,729489408,20,13698138112
1791661043.006,668.056,indexer,1255671558,1005634748,250036809,12194254848,12194267136,1561608192,10339975168,4392816640,21184958464,26,13684125696
1791661043.006,668.056,zebrad,239675499,200640947,39034551,3402170368,4795953152,400371712,2983669760,4027875328,729489408,20,13684125696
1791661044.006,669.057,indexer,1257965171,1007480989,250484182,12157177856,12209348608,1569640448,10296819712,4401262592,21184962560,26,13679570944
1791661044.006,669.057,zebrad,239684116,200649564,39034551,3349897216,4795953152,400371712,2931503104,4027875328,729489408,20,13679570944
1791661045.006,670.057,indexer,1260229662,1009300306,250929355,12174921728,12209348608,1578676224,10305228800,4409675776,21184962560,26,13676126208
1791661045.006,670.057,zebrad,239692377,200656853,39035524,3350151168,4795953152,400371712,2931503104,4027875328,729489408,20,13676126208
1791661046.006,671.057,indexer,1262217839,1010915432,251302407,12184137728,12209348608,1586823168,10306514944,4417118208,21184962560,26,13708427264
1791661046.006,671.057,zebrad,239699828,200664236,39035592,3348049920,4795953152,400371712,2929405952,4027875328,729489408,20,13708427264
1791661047.007,672.057,indexer,1264165094,1012448123,251716970,12199243776,12209348608,1594785792,10313875456,4424478720,21184962560,26,13700186112
1791661047.007,672.057,zebrad,239707216,200670888,39036328,3347783680,4795953152,400371712,2929405952,4027875328,729489408,20,13700186112
1791661048.007,673.057,indexer,1266325062,1014173788,252151273,12216315904,12216348672,1603514368,10321874944,4432482304,21184962560,26,13691338752
1791661048.007,673.057,zebrad,239715700,200677290,39038409,3348045824,4795953152,400371712,2929405952,4027875328,729489408,20,13691338752
1791661049.007,674.057,indexer,1268537561,1015922555,252615005,12232962048,12233035776,1612341248,10329985024,4440588288,21184962560,26,13682905088
1791661049.007,674.057,zebrad,239723262,200684852,39038409,3348045824,4795953152,400371712,2929405952,4027875328,729489408,20,13682905088
1791661050.007,675.057,indexer,1270774779,1017695072,253079707,12250677248,12250677248,1621381120,10338258944,4448862208,21184962560,26,13671440384
1791661050.007,675.057,zebrad,239730995,200692547,39038447,3348279296,4795953152,400371712,2929405952,4027875328,729489408,20,13671440384
1791661051.007,676.057,indexer,1273073617,1019520398,253553219,12268236800,12268240896,1630736384,10346815488,4457418752,21184962560,26,13657370624
1791661051.007,676.057,zebrad,239739250,200699926,39039324,3348275200,4795953152,400371712,2929405952,4027875328,729489408,20,13657370624
1791661052.007,677.057,indexer,1275122600,1021158939,253963660,12284305408,12284338176,1638797312,10354659328,4465262592,21184962560,26,13652987904
1791661052.007,677.057,zebrad,239746571,200706195,39040375,3348275200,4795953152,400371712,2929405952,4027875328,729489408,20,13652987904
1791661053.007,678.057,indexer,1277072573,1022717529,254355043,12300406784,12300427264,1646739456,10362490880,4473094144,21184962560,26,13645111296
1791661053.007,678.057,zebrad,239754708,200712634,39042074,3348275200,4795953152,400371712,2929405952,4027875328,729489408,20,13645111296
1791661054.007,679.058,indexer,1279099965,1024314371,254785594,12210302976,12304814080,1655017472,10266181632,4480716800,21184962560,26,13637521408
1791661054.007,679.058,zebrad,239762467,200719597,39042869,3348017152,4795953152,400371712,2929405952,4027875328,729489408,20,13637521408
1791661055.007,680.058,indexer,1281305892,1026100447,255205444,12227579904,12304814080,1663553536,10275188736,4489719808,21184962560,26,13627572224
1791661055.007,680.058,zebrad,239771778,200726692,39045086,3348275200,4795953152,400371712,2929405952,4027875328,729489408,20,13627572224
1791661056.007,681.058,indexer,1283533705,1027888416,255645289,12244889600,12304814080,1672626176,10283573248,4498104320,21184962560,26,13619920896
1791661056.007,681.058,zebrad,239779627,200734057,39045569,3348271104,4795953152,400371712,2929405952,4027875328,729489408,20,13619920896
1791661057.008,682.058,indexer,1285490232,1029433680,256056551,12260564992,12304814080,1680683008,10290987008,4505518080,21184962560,26,13613219840
1791661057.008,682.058,zebrad,239786589,200740866,39045722,3348533248,4795953152,400371712,2929405952,4027875328,729489408,20,13613219840
1791661058.008,683.058,indexer,1287822649,1031447536,256375112,12101001216,12304814080,1514147840,10298404864,4512935936,21184962560,27,13766254592
1791661058.008,683.058,zebrad,239795099,200745446,39049653,3348533248,4795953152,400371712,2929405952,4027875328,729489408,20,13766254592
1791661059.008,684.058,indexer,1290451727,1033754313,256697413,12121227264,12304814080,1527017472,10305708032,4520239104,21184962560,27,13756329984
1791661059.008,684.058,zebrad,239802952,200753299,39049653,3348533248,4795953152,400371712,2929405952,4027875328,729489408,20,13756329984
1791661060.008,685.058,indexer,1293088854,1035821931,257266923,12118908928,12304814080,1531805696,10294423552,4526923776,21184962560,27,13748154368
1791661060.008,685.058,zebrad,239810446,200760792,39049653,3348271104,4795953152,400371712,2929143808,4027875328,729489408,20,13748154368
1791661061.008,686.058,indexer,1293655799,1036078776,257577023,12197126144,12304814080,1532735488,10369114112,4527849472,21545893888,27,13711867904
1791661061.008,686.058,zebrad,239817452,200767593,39049859,3348504576,4795953152,400371712,2929143808,4027875328,729489408,20,13711867904
1791661062.008,687.058,indexer,1293919314,1036126864,257792449,12074807296,12304814080,1533169664,10249687040,4528246784,21627727872,27,13751549952
1791661062.008,687.058,zebrad,239823950,200774091,39049859,3348238336,4795953152,400371712,2929143808,4027875328,729489408,20,13751549952
1791661063.008,688.059,indexer,1294191971,1036237466,257954504,12075302912,12304814080,1533427712,10250055680,4528615424,21715079168,27,13739499520
1791661063.008,688.059,zebrad,239829961,200779864,39050097,3348230144,4795953152,400371712,2929143808,4027875328,729489408,20,13739499520
1791661064.008,689.059,indexer,1294468302,1036332619,258135682,12078145536,12304814080,1535647744,10250473472,4529033216,21891620864,27,13749039104
1791661064.008,689.059,zebrad,239836805,200786707,39050097,3348217856,4795953152,400371712,2928881664,4027875328,729489408,20,13749039104
1791661066.022,691.072,indexer,1297016597,1038406603,258609994,12091584512,12304814080,1540165632,10259447808,4538015744,22158454784,26,13737099264
1791661066.022,691.072,zebrad,239837123,200787026,39050097,3348217856,4795953152,400371712,2928881664,4027875328,729489408,20,13737099264
1791661067.232,692.282,indexer,1300554786,1041552252,259002533,12110520320,12304814080,1549746176,10268270592,4546830336,22158454784,26,13726867456
1791661067.232,692.282,zebrad,239841223,200790250,39050973,3348213760,4795953152,400371712,2928881664,4027875328,729489408,20,13726867456
1791661068.232,693.283,indexer,1302757059,1043305195,259451863,12126994432,12304814080,1558544384,10276298752,4554858496,22158454784,26,13717774336
1791661068.232,693.283,zebrad,239849051,200798078,39050973,3348209664,4795953152,400371712,2928881664,4027875328,729489408,20,13717774336
1791661069.232,694.283,indexer,1304724689,1044854782,259869906,12142329856,12304814080,1566642176,10283655168,4562219008,22158458880,26,13709725696
1791661069.232,694.283,zebrad,239857599,200805735,39051864,3348201472,4795953152,400371712,2928881664,4027875328,729489408,20,13709725696
1791661070.233,695.283,indexer,1306721984,1046421398,260300585,12158013440,12304814080,1574838272,10291118080,4569677824,22158458880,26,13701844992
1791661070.233,695.283,zebrad,239865926,200813173,39052752,3347935232,4795953152,400371712,2928881664,4027875328,729489408,20,13701844992
1791661071.233,696.283,indexer,1308959961,1048211611,260748349,12175589376,12304814080,1583861760,10299330560,4577890304,22158458880,26,13692121088
1791661071.233,696.283,zebrad,239873800,200820746,39053053,3347935232,4795953152,400371712,2928881664,4027875328,729489408,20,13692121088
1791661072.233,697.283,indexer,1311231906,1049971973,261259932,12192714752,12304814080,1592922112,10307579904,4586139648,22158458880,26,13683916800
1791661072.233,697.283,zebrad,239881056,200827802,39053253,3348197376,4795953152,400371712,2928881664,4027875328,729489408,20,13683916800
1791661073.233,698.283,indexer,1313536991,1051794185,261742805,12210778112,12304814080,1602191360,10316124160,4594683904,22158458880,26,13669150720
1791661073.233,698.283,zebrad,239888658,200835311,39053347,3348197376,4795953152,400371712,2928881664,4027875328,729489408,20,13669150720
1791661074.233,699.283,indexer,1315829259,1053629175,262200083,12228579328,12304814080,1611427840,10324705280,4603265024,22158458880,26,13659860992
1791661074.233,699.283,zebrad,239896411,200843063,39053347,3347939328,4795953152,400371712,2928881664,4027875328,729489408,20,13659860992
1791661075.233,700.284,indexer,1317832807,1055255427,262577379,12244561920,12304814080,1619439616,10333011968,4611579904,22158458880,26,13657174016
1791661075.233,700.284,zebrad,239903924,200849703,39054220,3348205568,4795953152,400371712,2928881664,4027875328,729489408,20,13657174016
1791661076.233,701.284,indexer,1319758782,1056772222,262986560,12260134912,12304814080,1627463680,10340315136,4618874880,22158458880,26,13649457152
1791661076.233,701.284,zebrad,239911856,200854966,39056889,3348201472,4795953152,400371712,2928881664,4027875328,729489408,20,13649457152
1791661077.233,702.284,indexer,1321697827,1058293488,263404338,12275666944,12304814080,1635606528,10347712512,4626276352,22158458880,26,13639954432
1791661077.233,702.284,zebrad,239918975,200861744,39057231,3347939328,4795953152,400371712,2928881664,4027875328,729489408,20,13639954432
1791661078.234,703.284,indexer,1323627146,1059796864,263830282,12184231936,12304814080,1643659264,10250997760,4633604096,22158458880,26,13632434176
1791661078.234,703.284,zebrad,239925831,200868464,39057366,3348201472,4795953152,400371712,2928881664,4027875328,729489408,20,13632434176
1791661079.234,704.284,indexer,1325586039,1061314152,264271886,12199792640,12304814080,1651785728,10258399232,4641005568,22158458880,26,13624233984
1791661079.234,704.284,zebrad,239933080,200873832,39059247,3348201472,4795953152,400371712,2928881664,4027875328,729489408,20,13624233984
1791661080.234,705.284,indexer,1327777299,1063059485,264717813,12216516608,12304814080,1660637184,10266460160,4649066496,22158458880,26,13615521792
1791661080.234,705.284,zebrad,239941889,200881839,39060050,3348201472,4795953152,400371712,2928881664,4027875328,729489408,20,13615521792
1791661081.234,706.284,indexer,1330020288,1064835072,265185216,12233981952,12304814080,1669672960,10274717696,4657324032,22158458880,26,13605371904
1791661081.234,706.284,zebrad,239950207,200888265,39061942,3347935232,4795953152,400371712,2928881664,4027875328,729489408,20,13605371904
1791661082.234,707.284,indexer,1332338669,1066671802,265666866,12252061696,12304814080,1679183872,10283372544,4665978880,22158458880,26,13589729280
1791661082.234,707.284,zebrad,239957921,200895704,39062216,3348234240,4795953152,400371712,2928881664,4027875328,729489408,20,13589729280
1791661083.234,708.285,indexer,1334652995,1068649594,266003401,12094480384,12304814080,1514151936,10290913280,4673519616,22158458880,27,13750456320
1791661083.234,708.285,zebrad,239965324,200902720,39062604,3347968000,4795953152,400371712,2928881664,4027875328,729489408,20,13750456320
1791661084.234,709.285,indexer,1337470787,1071149089,266321697,12113428480,12304814080,1524924416,10299101184,4681707520,22158458880,27,13736726528
1791661084.234,709.285,zebrad,239972327,200909400,39062927,3348221952,4795953152,400371712,2928881664,4027875328,729489408,20,13736726528
1791661085.234,710.285,indexer,1340271844,1073378392,266893452,12198617088,12320329728,1533554688,10372276224,4689240064,22158458880,27,13759045632
1791661085.234,710.285,zebrad,239983726,200920799,39062927,3245453312,4795953152,400392192,2826645504,4027875328,729489408,20,13759045632
1791661086.235,711.285,indexer,1341467002,1074029308,267437693,12205174784,12352495616,1535651840,10373185536,4692197376,22623207424,27,13591465984
1791661086.235,711.285,zebrad,239990467,200927530,39062937,3240468480,4795953152,400392192,2821664768,4027875328,729489408,20,13591465984
1791661087.235,712.285,indexer,1341703640,1074129719,267573921,12206112768,12352495616,1536020480,10373599232,4692615168,22695854080,27,13591552000
1791661087.235,712.285,zebrad,239996983,200934046,39062937,3240468480,4795953152,400392192,2821664768,4027875328,729489408,20,13591552000
1791661088.235,713.285,indexer,1341956798,1074174226,267782572,12259807232,12352495616,1536434176,10425569280,4692983808,22774714368,27,13594370048
1791661088.235,713.285,zebrad,240003612,200940674,39062937,3240468480,4795953152,400392192,2821664768,4027875328,729489408,20,13594370048
1791661089.235,714.285,indexer,1342217835,1074219004,267998830,12260806656,12352495616,1536933888,10426028032,4693442560,22866374656,27,13600444416
1791661089.235,714.285,zebrad,240011086,200948149,39062937,3240468480,4795953152,400392192,2821664768,4027875328,729489408,20,13600444416
1791661090.235,715.285,indexer,1342446122,1074246334,268199788,12261560320,12352495616,1537331200,10426388480,4693803008,23025623040,27,13604130816
1791661090.235,715.285,zebrad,240017746,200953778,39063968,3240464384,4795953152,400392192,2821664768,4027875328,729489408,20,13604130816
1791661091.235,716.285,indexer,1344116169,1075531115,268585053,12274155520,12352495616,1543655424,10432495616,4699910144,23135383552,26,13603360768
1791661091.235,716.285,zebrad,240026096,200961072,39065024,3240464384,4795953152,400392192,2821664768,4027875328,729489408,20,13603360768
1791661092.235,717.285,indexer,1346313734,1077270804,269042929,12290486272,12352495616,1552953344,10440589312,4708003840,23135383552,26,13712408576
1791661092.235,717.285,zebrad,240033631,200968607,39065024,3240464384,4795953152,400392192,2821664768,4027875328,729489408,20,13712408576
1791661093.235,718.285,indexer,1349238519,1079909980,269328539,12306386944,12352495616,1561341952,10448084992,4715499520,23135383552,26,13706399744
1791661093.235,718.285,zebrad,240041492,200975736,39065755,3240464384,4795953152,400392192,2821664768,4027875328,729489408,20,13706399744
1791661094.235,719.286,indexer,1352181041,1082505685,269675355,12322095104,12352495616,1569730560,10455453696,4722868224,23135383552,26,13695328256
1791661094.235,719.286,zebrad,240049719,200983091,39066627,3240230912,4795953152,400392192,2821664768,4027875328,729489408,20,13695328256
1791661095.235,720.286,indexer,1354361777,1084234471,270127306,12337328128,12352495616,1577046016,10463346688,4730761216,23135383552,26,13691777024
1791661095.235,720.286,zebrad,240057811,200990847,39066963,3240230912,4795953152,400392192,2821664768,4027875328,729489408,20,13691777024
1791661096.235,721.286,indexer,1356289594,1085759443,270530150,12352565248,12352598016,1584865280,10470518784,4738043904,23135383552,26,13686751232
1791661096.235,721.286,zebrad,240065182,200998218,39066963,3240493056,4795953152,400392192,2821664768,4027875328,729489408,20,13686751232
1791661097.236,722.286,indexer,1358248011,1087298140,270949870,12368470016,12368470016,1593073664,10478034944,4745449472,23135383552,26,13678116864
1791661097.236,722.286,zebrad,240073639,201006037,39067602,3240226816,4795953152,400392192,2821664768,4027875328,729489408,20,13678116864
1791661098.236,723.286,indexer,1360433809,1089057860,271375948,12384731136,12384768000,1601830912,10486001664,4753416192,23135383552,26,13669847040
1791661098.236,723.286,zebrad,240081601,201012843,39068758,3240226816,4795953152,400392192,2821664768,4027875328,729489408,20,13669847040
1791661099.236,724.286,indexer,1362558414,1090750389,271808024,12294537216,12393422848,1610625024,10389856256,4761354240,23135383552,26,13667733504
1791661099.236,724.286,zebrad,240089830,201020877,39068953,3240488960,4795953152,400392192,2821664768,4027875328,729489408,20,13667733504
1791661100.236,725.286,indexer,1364843135,1092567148,272275987,12313923584,12393422848,1621110784,10398425088,4769923072,23135383552,26,13650698240
1791661100.236,725.286,zebrad,240097692,201026922,39070770,3240488960,4795953152,400392192,2821664768,4027875328,729489408,20,13650698240
1791661101.236,726.286,indexer,1367081722,1094392343,272689379,12330409984,12393422848,1629507584,10406694912,4778192896,23135383552,26,13640929280
1791661101.236,726.286,zebrad,240105983,201035007,39070975,3240488960,4795953152,400392192,2821664768,4027875328,729489408,20,13640929280
1791661102.236,727.286,indexer,1369042671,1095950483,273092188,12346568704,12393422848,1637896192,10414186496,4785688576,23135383552,26,13633732608
1791661102.236,727.286,zebrad,240113972,201041836,39072136,3240488960,4795953152,400392192,2821664768,4027875328,729489408,20,13633732608
1791661103.236,728.286,indexer,1370981125,1097469808,273511316,12362276864,12393422848,1646284800,10421604352,4793106432,23135383552,26,13629267968
1791661103.236,728.286,zebrad,240121456,201049320,39072136,3240488960,4795953152,400392192,2821664768,4027875328,729489408,20,13629267968
1791661104.236,729.286,indexer,1373079933,1099096947,273982986,12378632192,12393422848,1654673408,10429444096,4800946176,23135383552,26,13620719616
1791661104.236,729.286,zebrad,240129171,201056849,39072321,3240488960,4795953152,400392192,2821664768,4027875328,729489408,20,13620719616
1791661105.236,730.287,indexer,1375280913,1100815304,274465608,12393926656,12393988096,1662046208,10437570560,4809068544,23135383552,26,13613469696
1791661105.236,730.287,zebrad,240137644,201065251,39072392,3240488960,4795953152,400392192,2821664768,4027875328,729489408,20,13613469696
1791661106.236,731.287,indexer,1377517225,1102576101,274941124,12305207296,12396134400,1671450624,10341969920,4817395712,23135383552,26,13601312768
1791661106.236,731.287,zebrad,240145601,201072216,39073384,3240488960,4795953152,400392192,2821664768,4027875328,729489408,20,13601312768
1791661107.236,732.287,indexer,1379821366,1104412297,275409068,12324327424,12396134400,1681936384,10350686208,4826116096,23135383552,26,13589905408
1791661107.236,732.287,zebrad,240153371,201079189,39074182,3240488960,4795953152,400392192,2821664768,4027875328,729489408,20,13589905408
1791661108.237,733.287,indexer,1382291291,1106528603,275762687,12165152768,12396134400,1514430464,10359308288,4834734080,23135383552,27,13755133952
1791661108.237,733.287,zebrad,240160778,201086371,39074407,3240488960,4795953152,400392192,2821664768,4027875328,729489408,20,13755133952
1791661109.237,734.287,indexer,1385038390,1108950769,276087621,12186374144,12396134400,1527300096,10367864832,4843290624,23135383552,27,13746245632
1791661109.237,734.287,zebrad,240168818,201094246,39074571,3240259584,4795953152,400392192,2821664768,4027875328,729489408,20,13746245632
1791661110.237,735.287,indexer,1387701744,1110987303,276714441,12409171968,12433383424,1535930368,10574307328,4850597888,23135383552,27,13722755072
1791661110.237,735.287,zebrad,240177052,201101280,39075771,3190661120,4795953152,400392192,2772119552,4027875328,729489408,20,13722755072
1791661111.237,736.287,indexer,1388390552,1111326313,277064239,12424589312,12460163072,1535930368,10587856896,4852142080,23588454400,27,13727997952
1791661111.237,736.287,zebrad,240184700,201108928,39075771,3141627904,4795953152,400392192,2723098624,4027875328,729489408,20,13727997952
1791661112.237,737.287,indexer,1388647808,1111425146,277222661,12425035776,12460163072,1536299008,10588319744,4852604928,23665729536,27,13753131008
1791661112.237,737.287,zebrad,240191170,201115398,39075771,3141619712,4795953152,400392192,2723098624,4027875328,729489408,20,13753131008
1791661113.237,738.288,indexer,1388879409,1111430786,277448622,12378058752,12478509056,1536675840,10539286528,4852944896,23749562368,27,13744320512
1791661113.237,738.288,zebrad,240198120,201121511,39076608,3141611520,4795953152,400392192,2723098624,4027875328,729489408,20,13744320512
1791661114.237,739.288,indexer,1389150375,1111496532,277653842,12379136000,12478509056,1537232896,10539790336,4853448704,23844143104,27,13729648640
1791661114.237,739.288,zebrad,240204618,201127932,39076685,3141570560,4795953152,400392192,2723098624,4027875328,729489408,20,13729648640
1791661115.237,740.288,indexer,1389354174,1111504526,277849647,12189466624,12478509056,1537560576,10353963008,4853747712,23988994048,27,13751586816
1791661115.237,740.288,zebrad,240215882,201136989,39078893,3100811264,4795953152,400392192,2682081280,4027875328,729489408,20,13751586816
1791661116.238,741.288,indexer,1390779893,1112579856,278200037,12202287104,12478509056,1544843264,10359267328,4859039744,24119934976,26,13733519360
1791661116.238,741.288,zebrad,240223977,201144233,39079743,3100811264,4795953152,400392192,2682081280,4027875328,729489408,20,13733519360
1791661117.238,742.288,indexer,1392788267,1114186209,278602058,12218208256,12478509056,1553231872,10366849024,4866621440,24119934976,26,13719040000
1791661117.238,742.288,zebrad,240227730,201147865,39079864,3100811264,4795953152,400392192,2682081280,4027875328,729489408,20,13719040000
1791661118.238,743.288,indexer,1395598825,1116728842,278869983,12231471104,12478509056,1559523328,10375843840,4875616256,24119934976,26,13713317888
1791661118.238,743.288,zebrad,240227730,201147865,39079864,3100561408,4795953152,400392192,2682081280,4027875328,729489408,20,13713317888
1791661119.436,744.486,indexer,1398964847,1119712094,279252753,12251267072,12478509056,1570009088,10384506880,4884283392,24119934976,26,13705068544
1791661119.436,744.486,zebrad,240231452,201151588,39079864,3100823552,4795953152,400392192,2682081280,4027875328,729489408,20,13705068544
1791661120.436,745.486,indexer,1401283876,1121524912,279758964,12269281280,12478509056,1579446272,10393030656,4892803072,24119934976,26,13693100032
1791661120.436,745.486,zebrad,240239075,201158158,39080916,3100823552,4795953152,400392192,2682081280,4027875328,729489408,20,13693100032
1791661121.436,746.486,indexer,1403616758,1123422066,280194691,12286574592,12478509056,1587834880,10401730560,4901502976,24119934976,26,13682573312
1791661121.436,746.486,zebrad,240246013,201164270,39081742,3100831744,4795953152,400392192,2682081280,4027875328,729489408,20,13682573312
1791661122.436,747.486,indexer,1405903614,1125240352,280663262,12304928768,12478509056,1598320640,10410078208,4909854720,24119934976,26,13676421120
1791661122.436,747.486,zebrad,240253683,201170668,39083014,3100831744,4795953152,400392192,2682081280,4027875328,729489408,20,13676421120
1791661123.436,748.486,indexer,1408176414,1127045323,281131090,12321746944,12478509056,1606709248,10418388992,4918165504,24119934976,26,13668495360
1791661123.436,748.486,zebrad,240261260,201176311,39084948,3100831744,4795953152,400392192,2682081280,4027875328,729489408,20,13668495360
1791661124.436,749.487,indexer,1410501195,1128911504,281589690,12341137408,12478509056,1617195008,10426966016,4926738432,24119934976,26,13655216128
1791661124.436,749.487,zebrad,240269588,201184639,39084948,3100827648,4795953152,400392192,2682081280,4027875328,729489408,20,13655216128
1791661125.436,750.487,indexer,1412817859,1130777620,282040239,12358164480,12478509056,1625583616,10435649536,4935421952,24119934976,26,13634912256
1791661125.436,750.487,zebrad,240277411,201192122,39085288,3100827648,4795953152,400392192,2682081280,4027875328,729489408,20,13634912256
1791661126.436,751.487,indexer,1414854175,1132395317,282458857,12374200320,12478509056,1633976320,10443358208,4943130624,24119934976,26,13628973056
1791661126.436,751.487,zebrad,240284868,201199509,39085358,3100827648,4795953152,400392192,2682081280,4027875328,729489408,20,13628973056
1791661127.437,752.487,indexer,1416817171,1133964132,282853039,12386934784,12478509056,1642364928,10447654912,4950597632,24119934976,26,13643235328
1791661127.437,752.487,zebrad,240291851,201206337,39085514,3100037120,4795953152,400392192,2681294848,4027875328,729489408,20,13643235328
1791661128.437,753.487,indexer,1418976062,1135646891,283329171,12405252096,12478509056,1652850688,10455715840,4958662656,24119934976,26,13638217728
1791661128.437,753.487,zebrad,240299429,201213148,39086280,3100037120,4795953152,400392192,2681294848,4027875328,729489408,20,13638217728
1791661129.437,754.487,indexer,1421144370,1137368183,283776186,12421898240,12478509056,1661239296,10463662080,4966604800,24119934976,26,13625458688
1791661129.437,754.487,zebrad,240307362,201220094,39087268,3100037120,4795953152,400392192,2681294848,4027875328,729489408,20,13625458688
1791661130.437,755.487,indexer,1423249544,1139039959,284209585,12437860352,12478509056,1669627904,10471563264,4974505984,24119934976,26,13616381952
1791661130.437,755.487,zebrad,240315845,201227336,39088509,3100037120,4795953152,400392192,2681294848,4027875328,729489408,20,13616381952
1791661131.437,756.487,indexer,1425207596,1140577127,284630468,12453744640,12478509056,1678016512,10479042560,4981985280,24119934976,26,13608054784
1791661131.437,756.487,zebrad,240323618,201232979,39090638,3100037120,4795953152,400392192,2681294848,4027875328,729489408,20,13608054784
1791661132.437,757.487,indexer,1427145964,1142162350,284983613,12467236864,12478509056,1684307968,10486079488,4989022208,24119934976,26,13603725312
1791661132.437,757.487,zebrad,240331332,201240255,39091076,3099770880,4795953152,400392192,2681294848,4027875328,729489408,20,13603725312
1791661133.437,758.487,indexer,1429712959,1144452916,285260043,12304719872,12478509056,1514426368,10493505536,4996448256,24119934976,27,13763194880
1791661133.437,758.487,zebrad,240339120,201248043,39091076,3100033024,4795953152,400392192,2681294848,4027875328,729489408,20,13763194880
1791661134.437,759.488,indexer,1432380482,1146660420,285720061,12514607104,12514639872,1528664064,10683748352,5003714560,24119934976,27,13745729536
1791661134.437,759.488,zebrad,240347199,201254988,39092211,3100262400,4795953152,400392192,2681294848,4027875328,729489408,20,13745729536
1791661135.437,760.488,indexer,1434158918,1147790622,286368295,12529516544,12572733440,1533829120,10691567616,5008039936,24567001088,27,13749878784
1791661135.437,760.488,zebrad,240354762,201261460,39093302,3053072384,4795953152,400392192,2634371072,4027875328,729489408,20,13749878784
1791661136.437,761.488,indexer,1434330138,1147854455,286475682,12528685056,12572733440,1533829120,10691858432,5008330752,24621604864,27,13713006592
1791661136.437,761.488,zebrad,240361377,201267137,39094239,3053068288,4795953152,400392192,2634371072,4027875328,729489408,20,13713006592
1791661137.438,762.488,indexer,1434617742,1147899801,286717941,12474908672,12572733440,1535926272,10635096064,5008707584,24706891776,27,13625606144
1791661137.438,762.488,zebrad,240368180,201273137,39095043,3050446848,4795953152,400392192,2632011776,4027875328,729489408,20,13625606144
1791661138.438,763.488,indexer,1434895043,1147994566,286900476,12472774656,12572733440,1535926272,10632486912,5009244160,24789774336,27,13610053632
1791661138.438,763.488,zebrad,240375045,201279866,39095179,3050704896,4795953152,400392192,2632011776,4027875328,729489408,20,13610053632
1791661139.438,764.488,indexer,1435201811,1148064387,287137424,12472844288,12572733440,1535926272,10633031680,5009788928,24894865408,27,13729738752
1791661139.438,764.488,zebrad,240382457,201285370,39097087,3050438656,4795953152,400392192,2632011776,4027875328,729489408,20,13729738752
1791661140.438,765.488,indexer,1436727842,1149399790,287328052,12477341696,12572733440,1537740800,10635599872,5012353024,25102159872,26,13723897856
1791661140.438,765.488,zebrad,240390100,201292072,39098027,3050438656,4795953152,400392192,2632011776,4027875328,729489408,20,13723897856
1791661141.438,766.488,indexer,1439104324,1151493877,287610447,12488826880,12572733440,1544294400,10641522688,5018267648,25102159872,26,13690118144
1791661141.438,766.488,zebrad,240398204,201299650,39098553,3050840064,4795953152,400392192,2632011776,4027875328,729489408,20,13690118144
1791661142.438,767.489,indexer,1441343022,1153271111,288071910,12506112000,12572733440,1553149952,10649767936,5026512896,25102159872,26,13690212352
1791661142.438,767.489,zebrad,240406139,201307586,39098553,3050840064,4795953152,400392192,2632011776,4027875328,729489408,20,13690212352
1791661143.438,768.489,indexer,1443678404,1155138524,288539880,12524191744,12572733440,1562718208,10658418688,5035171840,25102159872,26,13683064832
1791661143.438,768.489,zebrad,240413328,201312920,39100408,3050835968,4795953152,400392192,2632011776,4027875328,729489408,20,13683064832
1791661144.438,769.489,indexer,1445965504,1156951765,289013738,12541890560,12572733440,1571856384,10666708992,5043453952,25102159872,26,13680537600
1791661144.438,769.489,zebrad,240422543,201321102,39101441,3050835968,4795953152,400392192,2632011776,4027875328,729489408,20,13680537600
1791661145.439,770.489,indexer,1448217234,1158737706,289479528,12457897984,12572733440,1580826624,10574618624,5051584512,25102159872,26,13674332160
1791661145.439,770.489,zebrad,240430976,201328629,39102347,3050835968,4795953152,400392192,2632011776,4027875328,729489408,20,13674332160
1791661146.439,771.489,indexer,1450494666,1160536774,289957891,12475408384,12572733440,1589981184,10582933504,5059899392,25102159872,26,13660860416
1791661146.439,771.489,zebrad,240438385,201334972,39103412,3050582016,4795953152,400392192,2632011776,4027875328,729489408,20,13660860416
1791661147.439,772.489,indexer,1452806136,1162392435,290413701,12493729792,12572733440,1599234048,10591322112,5068419072,25102159872,26,13649375232
1791661147.439,772.489,zebrad,240445414,201341838,39103576,3050844160,4795953152,400392192,2632011776,4027875328,729489408,20,13649375232
1791661148.439,773.489,indexer,1454985355,1164143303,290842051,12507095040,12572733440,1608048640,10596335616,5076480000,25102159872,26,13660635136
1791661148.439,773.489,zebrad,240453396,201349338,39104057,3050057728,4795953152,400392192,2631225344,4027875328,729489408,20,13660635136
1791661149.439,774.489,indexer,1456905009,1165639190,291265818,12522123264,12572733440,1615867904,10603614208,5083758592,25102159872,26,13657108480
1791661149.439,774.489,zebrad,240461002,201353650,39107351,3049791488,4795953152,400392192,2631225344,4027875328,729489408,20,13657108480
1791661150.439,775.489,indexer,1458879958,1167210722,291669235,12537757696,12572733440,1623957504,10610966528,5091110912,25102159872,26,13651935232
1791661150.439,775.489,zebrad,240468461,201360035,39108425,3050053632,4795953152,400392192,2631225344,4027875328,729489408,20,13651935232
1791661151.439,776.489,indexer,1461120875,1168987614,292133261,12555010048,12572733440,1633026048,10619199488,5099343872,25102159872,26,13648228352
1791661151.439,776.489,zebrad,240475944,201365599,39110344,3049787392,4795953152,400392192,2631225344,4027875328,729489408,20,13648228352
1791661152.439,777.489,indexer,1463369163,1170765993,292603169,12572127232,12572733440,1642045440,10627383296,5107527680,25102159872,26,13639049216
1791661152.439,777.489,zebrad,240483519,201372245,39111274,3049783296,4795953152,400392192,2631225344,4027875328,729489408,20,13639049216
1791661153.439,778.490,indexer,1465327468,1172323519,293003949,12489224192,12579950592,1650753536,10538278912,5115047936,25102159872,26,13629435904
1791661153.439,778.490,zebrad,240490804,201378157,39112646,3049799680,4795953152,400392192,2631225344,4027875328,729489408,20,13629435904
1791661154.439,779.490,indexer,1467318433,1173905820,293412613,12505456640,12579950592,1659142144,10545745920,5122514944,25102159872,26,13620248576
1791661154.439,779.490,zebrad,240498135,201385276,39112859,3049799680,4795953152,400392192,2631225344,4027875328,729489408,20,13620248576
1791661155.439,780.490,indexer,1469508248,1175647878,293860370,12521664512,12579950592,1667530752,10553860096,5130629120,25102159872,26,13613826048
1791661155.439,780.490,zebrad,240506918,201393937,39112980,3049799680,4795953152,400392192,2631225344,4027875328,729489408,20,13613826048
1791661156.440,781.490,indexer,1471798518,1177407677,294390841,12540493824,12579950592,1678016512,10562146304,5138915328,25102159872,26,13606211584
1791661156.440,781.490,zebrad,240514950,201401969,39112980,3049799680,4795953152,400392192,2631225344,4027875328,729489408,20,13606211584
1791661157.440,782.490,indexer,1474081236,1179323896,294757340,12384325632,12579950592,1514430464,10569945088,5146714112,25102159872,27,13754273792
1791661157.440,782.490,zebrad,240522760,201409779,39112980,3049799680,4795953152,400392192,2631225344,4027875328,729489408,20,13754273792
1791661158.440,783.490,indexer,1476905871,1181834287,295071584,12401127424,12579950592,1523105792,10577735680,5154504704,25102159872,27,13740904448
1791661158.440,783.490,zebrad,240530210,201417230,39112980,3049533440,4795953152,400392192,2631225344,4027875328,729489408,20,13740904448
1791661159.440,784.490,indexer,1479533006,1184159265,295373741,12538757120,12591472640,1528705024,10705965056,5160988672,25102159872,27,13752561664
1791661159.440,784.490,zebrad,240538295,201425274,39113020,3003125760,4795953152,400392192,2584563712,4027875328,729489408,20,13752561664
1791661160.440,785.490,indexer,1480990603,1185087189,295903413,12627132416,12665147392,1531736064,10787274752,5164154880,25609142272,27,13745500160
1791661160.440,785.490,zebrad,240545491,201432117,39113373,2956713984,4795953152,400392192,2538426368,4027875328,729489408,20,13745500160
1791661161.440,786.490,indexer,1481185500,1185198151,295987348,12629491712,12665147392,1533833216,10787676160,5164556288,25660895232,27,13735051264
1791661161.440,786.490,zebrad,240551838,201437244,39114593,2956701696,4795953152,400392192,2538426368,4027875328,729489408,20,13735051264
1791661162.440,787.490,indexer,1481711103,1185521612,296189491,12632788992,12665147392,1533833216,10790408192,5164929024,25747111936,27,13717475328
1791661162.440,787.490,zebrad,240555100,201438784,39116316,2956709888,4795953152,400392192,2538426368,4027875328,729489408,20,13717475328
1791661163.493,788.543,indexer,1482988131,1186701534,296286597,12633305088,12665147392,1533833216,10790723584,5165244416,25836666880,27,13713510400
1791661163.493,788.543,zebrad,240558857,201442256,39116600,2956677120,4795953152,400392192,2538426368,4027875328,729489408,20,13713510400
1791661164.493,789.543,indexer,1483222052,1186754926,296467125,12633649152,12665147392,1533833216,10791092224,5165613056,25923567616,27,13713592320
1791661164.493,789.543,zebrad,240569353,201448662,39120691,2956918784,4795953152,400392192,2538426368,4027875328,729489408,20,13713592320
1791661165.493,790.544,indexer,1483923723,1187215968,296707755,12637302784,12665147392,1535930368,10793263104,5167783936,26099773440,26,13718724608
1791661165.493,790.544,zebrad,240577375,201455682,39121693,2956918784,4795953152,400392192,2538426368,4027875328,729489408,20,13718724608
1791661166.493,791.544,indexer,1485985604,1189058647,296926957,12651388928,12665147392,1542221824,10800754688,5175275520,26099773440,26,13717020672
1791661166.493,791.544,zebrad,240584014,201462220,39121793,2957180928,4795953152,400392192,2538426368,4027875328,729489408,20,13717020672
1791661167.493,792.544,indexer,1487952855,1190906662,297046192,12668055552,12668055552,1546940416,10812641280,5187162112,26099773440,26,13713940480
1791661167.493,792.544,zebrad,240590402,201468386,39122015,2957176832,4795953152,400392192,2538426368,4027875328,729489408,20,13713940480
1791661168.494,793.544,indexer,1489991921,1192709526,297282395,12576284672,12676939776,1553231872,10715979776,5194571776,26099777536,26,13731991552
1791661168.494,793.544,zebrad,240597225,201475210,39122015,2956906496,4795953152,400392192,2538426368,4027875328,729489408,20,13731991552
1791661169.494,794.544,indexer,1491987099,1194541429,297445669,12587712512,12676939776,1557426176,10723069952,5201661952,26099777536,26,13727174656
1791661169.494,794.544,zebrad,240604552,201481844,39122707,2957168640,4795953152,400392192,2538426368,4027875328,729489408,20,13727174656
1791661170.494,795.544,indexer,1493967746,1196371889,297595856,12597473280,12676939776,1560571904,10730086400,5208678400,26099777536,26,13724274688
1791661170.494,795.544,zebrad,240612501,201488639,39123861,2957180928,4795953152,400392192,2538426368,4027875328,729489408,20,13724274688
1791661171.494,796.544,indexer,1495988319,1198278587,297709731,12609613824,12676939776,1565282304,10737225728,5215817728,26099777536,26,13718716416
1791661171.494,796.544,zebrad,240620490,201496473,39124017,2957180928,4795953152,400392192,2538426368,4027875328,729489408,20,13718716416
1791661172.494,797.544,indexer,1498059758,1200186539,297873219,12622053376,12676939776,1570234368,10744696832,5223288832,26099777536,26,13712166912
1791661172.494,797.544,zebrad,240628419,201502410,39126008,2957180928,4795953152,400392192,2538426368,4027875328,729489408,20,13712166912
1791661173.494,798.544,indexer,1500190120,1202076369,298113750,12635881472,12676939776,1576271872,10752360448,5230956544,26099777536,26,13707239424
1791661173.494,798.544,zebrad,240636290,201510145,39126145,2957197312,4795953152,400392192,2538426368,4027875328,729489408,20,13707239424
1791661174.494,799.544,indexer,1502237458,1203945233,298292224,12647075840,12676939776,1581543424,10759630848,5238222848,26099777536,26,13681410048
1791661174.494,799.544,zebrad,240646300,201518502,39127797,2957193216,4795953152,400392192,2538426368,4027875328,729489408,20,13681410048
1791661175.494,800.544,indexer,1504225492,1205813089,298412403,12658438144,12676939776,1585909760,10766557184,5245153280,26099777536,26,13683994624
1791661175.494,800.544,zebrad,240654215,201526274,39127941,2956943360,4795953152,400392192,2538426368,4027875328,729489408,20,13683994624
1791661176.494,801.545,indexer,1506093942,1207547588,298546354,12669550592,12676939776,1590157312,10773016576,5251608576,26099777536,26,13685280768
1791661176.494,801.545,zebrad,240661490,201533509,39127981,2957201408,4795953152,400404480,2538426368,4027875328,729489408,20,13685280768
1791661177.495,802.545,indexer,1507961211,1209266931,298694280,12680380416,12680380416,1594437632,10779504640,5258096640,26099777536,26,13686181888
1791661177.495,802.545,zebrad,240668765,201538572,39130193,2957201408,4795953152,400404480,2538426368,4027875328,729489408,20,13686181888
1791661178.495,803.545,indexer,1509828167,1210995928,298832238,12576780288,12688158720,1598722048,10672566272,5264580608,26099777536,26,13687607296
1791661178.495,803.545,zebrad,240675937,201545558,39130379,2954842112,4795953152,400404480,2536067072,4027875328,729489408,20,13687607296
1791661179.495,804.545,indexer,1511679691,1212720363,298959328,12587462656,12688158720,1602945024,10678992896,5271015424,26099777536,26,13683130368
1791661179.495,804.545,zebrad,240684047,201552651,39131395,2954842112,4795953152,400404480,2536067072,4027875328,729489408,20,13683130368
1791661180.495,805.545,indexer,1513697487,1214587997,299109490,12599226368,12688158720,1607618560,10685968384,5277982720,26099777536,26,13678817280
1791661180.495,805.545,zebrad,240692012,201559460,39132552,2954833920,4795953152,400404480,2536067072,4027875328,729489408,20,13678817280
1791661181.495,806.545,indexer,1515728823,1216467960,299260863,12611018752,12688158720,1612337152,10693148672,5285163008,26099777536,26,13674369024
1791661181.495,806.545,zebrad,240698681,201565020,39133660,2954829824,4795953152,400404480,2536067072,4027875328,729489408,20,13674369024
1791661182.495,807.545,indexer,1517756729,1218330121,299426607,12623130624,12688158720,1617235968,10700312576,5292326912,26099777536,26,13668270080
1791661182.495,807.545,zebrad,240706714,201572213,39134501,2954825728,4795953152,400404480,2536067072,4027875328,729489408,20,13668270080
1791661183.495,808.545,indexer,1519721006,1220069907,299651098,12636110848,12688158720,1622990848,10707345408,5299363840,26099777536,26,13663014912
1791661183.495,808.545,zebrad,240714569,201578578,39135991,2954579968,4795953152,400404480,2536067072,4027875328,729489408,20,13663014912
1791661184.495,809.546,indexer,1521595726,1221763191,299832534,12647944192,12688158720,1628344320,10713939968,5305954304,26099777536,26,13657751552
1791661184.495,809.546,zebrad,240722409,201585445,39136964,2954579968,4795953152,400404480,2536067072,4027875328,729489408,20,13657751552
1791661185.495,810.546,indexer,1523457329,1223446048,300011281,12660137984,12688158720,1633640448,10720587776,5312602112,26099777536,26,13652283392
1791661185.495,810.546,zebrad,240730344,201592228,39138115,2954579968,4795953152,400404480,2536067072,4027875328,729489408,20,13652283392
1791661186.495,811.546,indexer,1525323472,1225142815,300180657,12671946752,12688158720,1638785024,10727370752,5319385088,26099777536,26,13646987264
1791661186.495,811.546,zebrad,240738239,201599305,39138933,2954579968,4795953152,400404480,2536067072,4027875328,729489408,20,13646987264
1791661187.496,812.546,indexer,1527301236,1226913836,300387400,12684914688,12688158720,1644470272,10734489600,5326503936,26099777536,26,13641179136
1791661187.496,812.546,zebrad,240746141,201607207,39138933,2954579968,4795953152,400404480,2536067072,4027875328,729489408,20,13641179136
1791661188.496,813.546,indexer,1529302048,1228693093,300608955,12638269440,12695568384,1650286592,10683174912,5333700608,26099777536,26,13635350528
1791661188.496,813.546,zebrad,240754011,201614962,39139048,2909224960,4795953152,400404480,2490716160,4027875328,729489408,20,13635350528
1791661189.496,814.546,indexer,1531273000,1230425155,300847845,12651159552,12695568384,1656037376,10690252800,5340778496,26099777536,26,13629415424
1791661189.496,814.546,zebrad,240761635,201620808,39140827,2908966912,4795953152,400404480,2490716160,4027875328,729489408,20,13629415424
1791661190.496,815.546,indexer,1533299067,1232253330,301045736,12664373248,12695568384,1661984768,10697609216,5348143104,26099777536,26,13619519488
1791661190.496,815.546,zebrad,240769322,201628388,39140933,2908966912,4795953152,400404480,2490716160,4027875328,729489408,20,13619519488
1791661191.496,816.546,indexer,1535504061,1234133687,301370374,12680355840,12695568384,1669980160,10705616896,5356142592,26099777536,26,13612756992
1791661191.496,816.546,zebrad,240776259,201634336,39141923,2909229056,4795953152,400404480,2490716160,4027875328,729489408,20,13612756992
1791661192.496,817.546,indexer,1537573954,1235953778,301620175,12694204416,12695568384,1676107776,10712961024,5363621888,26099777536,26,13603041280
1791661192.496,817.546,zebrad,240783804,201640956,39142847,2909224960,4795953152,400404480,2490716160,4027875328,729489408,20,13603041280
1791661193.496,818.546,indexer,1539484594,1237642938,301841656,12706717696,12706746368,1681719296,10719903744,5370429440,26099777536,26,13602521088
1791661193.496,818.546,zebrad,240791240,201646317,39144922,2909220864,4795953152,400404480,2490716160,4027875328,729489408,20,13602521088
1791661194.496,819.546,indexer,1541689651,1239689983,301999667,12545294336,12712099840,1514156032,10726600704,5377130496,26099777536,27,13758734336
1791661194.496,819.546,zebrad,240798336,201652399,39145937,2909478912,4795953152,400404480,2490716160,4027875328,729489408,20,13758734336
1791661195.496,820.547,indexer,1544422371,1242236959,302185411,12603400192,12712099840,1522831360,10774536192,5384466432,26099777536,27,13752049664
1791661195.496,820.547,zebrad,240806067,201660016,39146051,2909478912,4795953152,400404480,2490716160,4027875328,729489408,20,13752049664
1791661196.496,821.547,indexer,1547114126,1244492285,302621840,12828061696,12843438080,1527230464,10987233280,5391060992,26099777536,27,13747343360
1791661196.496,821.547,zebrad,240814038,201666829,39147208,2777333760,4795953152,400404480,2358837248,4027875328,729489408,20,13747343360
1791661197.496,822.547,indexer,1547679967,1244781387,302898579,12784521216,12854509568,1528152064,10943602688,5392142336,26604580864,27,13724913664
1791661197.496,822.547,zebrad,240822260,201673012,39149247,2777067520,4795953152,400404480,2358575104,4027875328,729489408,20,13724913664
1791661198.497,823.547,indexer,1547892386,1244862131,303030255,12784984064,12854509568,1528426496,10943922176,5392465920,26681524224,27,13708972032
1791661198.497,823.547,zebrad,240830248,201678321,39151926,2776817664,4795953152,400404480,2358575104,4027875328,729489408,20,13708972032
1791661199.497,824.547,indexer,1548140189,1244897995,303242194,12765155328,12854509568,1528680448,10924216320,5392769024,26765516800,27,13719601152
1791661199.497,824.547,zebrad,240837475,201684185,39153289,2735132672,4795953152,400404480,2316894208,4027875328,729489408,20,13719601152
1791661200.497,825.547,indexer,1548371762,1244941880,303429881,12765413376,12854509568,1528975360,10924576768,5393129472,26854019072,27,13714685952
1791661200.497,825.547,zebrad,240847356,201691080,39156276,2735132672,4795953152,400404480,2316894208,4027875328,729489408,20,13714685952
1791661201.497,826.547,indexer,1548577119,1244953968,303623150,12766314496,12854509568,1529208832,10924859392,5393412096,26977411072,27,13714788352
1791661201.497,826.547,zebrad,240855426,201696972,39158453,2735296512,4795953152,400404480,2316894208,4027875328,729489408,20,13714788352
1791661202.497,827.547,indexer,1549551504,1245725433,303826071,12773748736,12854509568,1533558784,10928017408,5396574208,27136270336,26,13711196160
1791661202.497,827.547,zebrad,240865191,201703443,39161748,2735296512,4795953152,400404480,2316894208,4027875328,729489408,20,13711196160
1791661203.497,828.547,indexer,1551444705,1247419200,304025505,12784619520,12854509568,1537753088,10934706176,5403267072,27136270336,26,13713145856
1791661203.497,828.547,zebrad,240872183,201710434,39161748,2735296512,4795953152,400404480,2316894208,4027875328,729489408,20,13713145856
1791661205.359,830.409,indexer,1556452939,1252215368,304237570,12805812224,12854509568,1546665984,10946801664,5415358464,27136270336,26,13702422528
1791661205.359,830.409,zebrad,240880026,201716985,39163041,2735292416,4795953152,400416768,2316894208,4027875328,729489408,20,13702422528
1791661206.359,831.409,indexer,1558464410,1253996555,304467854,12818223104,12854509568,1552957440,10953707520,5422260224,27136270336,26,13675786240
1791661206.359,831.409,zebrad,240888067,201724020,39164047,2735796224,4795953152,400416768,2316894208,4027875328,729489408,20,13675786240
1791661207.359,832.409,indexer,1560486996,1255775018,304711977,12831760384,12854509568,1559248896,10960838656,5429391360,27136270336,26,13676503040
1791661207.359,832.409,zebrad,240895312,201730903,39164408,2735788032,4795953152,400416768,2316894208,4027875328,729489408,20,13676503040
1791661208.359,833.409,indexer,1562507592,1257578905,304928687,12845215744,12854509568,1565540352,10968088576,5436645376,27136270336,26,13675175936
1791661208.359,833.409,zebrad,240903158,201737939,39165218,2735783936,4795953152,400416768,2316894208,4027875328,729489408,20,13675175936
1791661209.359,834.409,indexer,1564598147,1259417802,305180345,12857466880,12857475072,1570340864,10975674368,5444231168,27136270336,26,13669478400
1791661209.359,834.409,zebrad,240910903,201745568,39165335,2735779840,4795953152,400416768,2316894208,4027875328,729489408,20,13669478400
1791661210.359,835.410,indexer,1566634709,1261170059,305464649,12767432704,12867383296,1577074688,10879148032,5451567104,27136270336,26,13705322496
1791661210.359,835.410,zebrad,240919239,201751169,39168070,2735779840,4795953152,400416768,2316894208,4027875328,729489408,20,13705322496
1791661211.359,836.410,indexer,1568691883,1262959002,305732881,12781109248,12867383296,1583366144,10886602752,5459021824,27136270336,26,13700071424
1791661211.359,836.410,zebrad,240927406,201758147,39169259,2735775744,4795953152,400416768,2316894208,4027875328,729489408,20,13700071424
1791661212.359,837.410,indexer,1570571733,1264629435,305942298,12794134528,12867383296,1589657600,10893230080,5465649152,27136270336,26,13692178432
1791661212.359,837.410,zebrad,240934768,201765454,39169313,2735775744,4795953152,400416768,2316894208,4027875328,729489408,20,13692178432
1791661213.360,838.410,indexer,1572453420,1266308951,306144469,12804452352,12867383296,1593851904,10899886080,5472305152,27136270336,26,13671862272
1791661213.360,838.410,zebrad,240942616,201772492,39170124,2735771648,4795953152,400416768,2316894208,4027875328,729489408,20,13671862272
1791661214.360,839.410,indexer,1574330821,1267987508,306343313,12817477632,12867383296,1600143360,10906492928,5478912000,27136270336,26,13664960512
1791661214.360,839.410,zebrad,240950843,201780524,39170318,2735771648,4795953152,400416768,2316894208,4027875328,729489408,20,13664960512
1791661215.360,840.410,indexer,1576527807,1269844599,306683207,12832333824,12867383296,1606885376,10914512896,5486931968,27136270336,26,13660344320
1791661215.360,840.410,zebrad,240959170,201785113,39174057,2735767552,4795953152,400416768,2316894208,4027875328,729489408,20,13660344320
1791661216.360,841.410,indexer,1578845708,1271684857,307160850,12849889280,12867383296,1616199680,10922950656,5495369728,27136270336,26,13647892480
1791661216.360,841.410,zebrad,240966698,201792396,39174301,2735767552,4795953152,400416768,2316894208,4027875328,729489408,20,13647892480
1791661217.360,842.410,indexer,1580830715,1273339450,307491265,12864290816,12867383296,1623236608,10930155520,5502574592,27136270336,26,13651824640
1791661217.360,842.410,zebrad,240974556,201800255,39174301,2735767552,4795953152,400416768,2316894208,4027875328,729489408,20,13651824640
1791661218.360,843.410,indexer,1582732400,1274973426,307758974,12877807616,12877824000,1629818880,10937024512,5509443584,27136270336,26,13648728064
1791661218.360,843.410,zebrad,240981839,201805517,39176322,2735792128,4795953152,400416768,2316894208,4027875328,729489408,20,13648728064
1791661219.360,844.410,indexer,1584646992,1276607915,308039077,12891209728,12891254784,1636417536,10943967232,5516386304,27136270336,26,13641760768
1791661219.360,844.410,zebrad,240990251,201812863,39177387,2735517696,4795953152,400416768,2316894208,4027875328,729489408,20,13641760768
1791661220.360,845.411,indexer,1586634616,1278272778,308361837,12905295872,12905295872,1643208704,10951155712,5523574784,27136270336,26,13635133440
1791661220.360,845.411,zebrad,240997320,201819763,39177557,2735517696,4795953152,400416768,2316894208,4027875328,729489408,20,13635133440
1791661221.360,846.411,indexer,1588693554,1279970811,308722743,12814508032,12909510656,1650311168,10854649856,5531131904,27136270336,26,13629546496
1791661221.360,846.411,zebrad,241004309,201825754,39178555,2735779840,4795953152,400416768,2316894208,4027875328,729489408,20,13629546496
1791661222.360,847.411,indexer,1590799755,1281708763,309090992,12829687808,12909510656,1657675776,10862268416,5538750464,27136270336,26,13620457472
1791661222.360,847.411,zebrad,241011469,201832729,39178739,2735775744,4795953152,400416768,2316894208,4027875328,729489408,20,13620457472
1791661223.361,848.411,indexer,1592903773,1283482573,309421200,12844683264,12909510656,1664966656,10870005760,5546487808,27136270336,26,13610688512
1791661223.361,848.411,zebrad,241019009,201837664,39181345,2735771648,4795953152,400416768,2316894208,4027875328,729489408,20,13610688512
1791661224.361,849.411,indexer,1595017810,1285275532,309742277,12859568128,12909510656,1671925760,10877730816,5554212864,27136270336,26,13604827136
1791661224.361,849.411,zebrad,241026712,201843575,39183137,2735771648,4795953152,400416768,2316894208,4027875328,729489408,20,13604827136
1791661225.361,850.411,indexer,1597063196,1287055441,310007755,12873117696,12909510656,1678426112,10885148672,5561634816,27136270336,26,13600280576
1791661225.361,850.411,zebrad,241034196,201850822,39183373,2735771648,4795953152,400416768,2316894208,4027875328,729489408,20,13600280576
1791661226.361,851.411,indexer,1598984342,1288769987,310214354,12715233280,12909510656,1514156032,10891710464,5568192512,27136270336,27,13748432896
1791661226.361,851.411,zebrad,241041944,201858454,39183490,2735771648,4795953152,400416768,2316894208,4027875328,729489408,20,13748432896
1791661227.361,852.411,indexer,1601554686,1291223939,310330747,12722147328,12909510656,1514156032,10898452480,5574938624,27136270336,27,13749866496
1791661227.361,852.411,zebrad,241049310,201864246,39185063,2735771648,4795953152,400416768,2316894208,4027875328,729489408,20,13749866496
1791661228.361,853.411,indexer,1604173152,1293597897,310575254,12832374784,12909510656,1524932608,10994647040,5581365248,27136270336,27,13748920320
1791661228.361,853.411,zebrad,241056636,201871524,39185111,2693296128,4795953152,400416768,2274951168,4027875328,729489408,20,13748920320
1791661229.361,854.411,indexer,1605795118,1294697264,311097854,12868628480,12946079744,1526870016,11026186240,5584994304,27576602624,27,13748043776
1791661229.361,854.411,zebrad,241064034,201876853,39187180,2693558272,4795953152,400416768,2274951168,4027875328,729489408,20,13748043776
1791661230.361,855.411,indexer,1606039411,1294831692,311207719,12870131712,12946079744,1527783424,11026698240,5585506304,27667820544,27,13738479616
1791661230.361,855.411,zebrad,241074171,201885130,39189041,2693566464,4795953152,400416768,2274951168,4027875328,729489408,20,13738479616
1791661231.361,856.412,indexer,1606330751,1294887767,311442983,12898955264,12946079744,1528123392,11054022656,5585907712,27749486592,27,13718556672
1791661231.361,856.412,zebrad,241080401,201889996,39190405,2693820416,4795953152,400416768,2274951168,4027875328,729489408,20,13718556672
1791661232.361,857.412,indexer,1606719281,1295134170,311585111,12899450880,12946079744,1528422400,11054391296,5586276352,27834449920,27,13722607616
1791661232.361,857.412,zebrad,241083375,201892649,39190725,2693816320,4795953152,400416768,2274951168,4027875328,729489408,20,13722607616
1791661233.361,858.412,indexer,1607927951,1296189474,311738477,12900421632,12946079744,1528705024,11054735360,5586620416,27928899584,27,13732155392
1791661233.361,858.412,zebrad,241083375,201892649,39190725,2693566464,4795953152,400416768,2274951168,4027875328,729489408,20,13732155392
1791661234.362,859.412,indexer,1608477734,1296531745,311945988,12901355520,12946079744,1529196544,11055304704,5587189760,28094464000,27,13729398784
1791661234.362,859.412,zebrad,241089844,201897879,39191964,2693816320,4795953152,400416768,2274951168,4027875328,729489408,20,13729398784
1791661235.362,860.412,indexer,1610183877,1297952543,312231333,12914327552,12946079744,1536143360,11061276672,5593161728,28156801024,26,13721780224
1791661235.362,860.412,zebrad,241100754,201908648,39192105,2693808128,4795953152,400416768,2274951168,4027875328,729489408,20,13721780224
1791661236.362,861.412,indexer,1612199438,1299724940,312474497,12925808640,12946079744,1540337664,11068514304,5600399360,28156801024,26,13717655552
1791661236.362,861.412,zebrad,241108693,201916588,39192105,2693808128,4795953152,400416768,2274951168,4027875328,729489408,20,13717655552
1791661237.362,862.412,indexer,1614261399,1301502649,312758750,12836184064,12946079744,1547153408,10972172288,5607899136,28156801024,26,13719191552
1791661237.362,862.412,zebrad,241116134,201923299,39192834,2693808128,4795953152,400416768,2274951168,4027875328,729489408,20,13719191552
1791661238.362,863.412,indexer,1616432268,1303329979,313102288,12852449280,12946079744,1555542016,10980114432,5615845376,28156805120,26,13707198464
1791661238.362,863.412,zebrad,241123508,201928772,39194736,2693804032,4795953152,400416768,2274951168,4027875328,729489408,20,13707198464
1791661239.362,864.412,indexer,1618559873,1305128904,313430969,12869017600,12946079744,1563930624,10987970560,5623697408,28156805120,26,13696155648
1791661239.362,864.412,zebrad,241130753,201935141,39195611,2693804032,4795953152,400416768,2274951168,4027875328,729489408,20,13696155648
1791661240.362,865.412,indexer,1620465169,1306735857,313729311,12882087936,12946079744,1570222080,10994896896,5630623744,28156805120,26,13690556416
1791661240.362,865.412,zebrad,241137459,201941736,39195722,2693799936,4795953152,400416768,2274951168,4027875328,729489408,20,13690556416
1791661241.362,866.412,indexer,1622391903,1308389079,314002823,12894347264,12946079744,1575538688,11001913344,5637640192,28156805120,26,13688139776
1791661241.362,866.412,zebrad,241144645,201948734,39195910,2693799936,4795953152,400416768,2274951168,4027875328,729489408,20,13688139776
1791661242.362,867.413,indexer,1624302985,1310051202,314251782,12901511168,12946079744,1582161920,11002515456,5644533760,28156805120,26,13703757824
1791661242.362,867.413,zebrad,241153357,201956495,39196862,2691981312,4795953152,400416768,2273378304,4027875328,729489408,20,13703757824
1791661243.362,868.413,indexer,1626232636,1311706979,314525657,12915105792,12946079744,1588797440,11009466368,5651484672,28156805120,26,13697613824
1791661243.362,868.413,zebrad,241161259,201964397,39196862,2691719168,4795953152,400416768,2273378304,4027875328,729489408,20,13697613824
1791661244.363,869.413,indexer,1628170215,1313356778,314813436,12928978944,12946079744,1595510784,11016413184,5658431488,28156805120,26,13690187776
1791661244.363,869.413,zebrad,241168804,201970198,39198606,2691977216,4795953152,400416768,2273378304,4027875328,729489408,20,13690187776
1791661245.363,870.413,indexer,1630204890,1315071679,315133210,12943151104,12946079744,1602498560,11023716352,5665734656,28156805120,26,13682790400
1791661245.363,870.413,zebrad,241176698,201976947,39199750,2691973120,4795953152,400416768,2273378304,4027875328,729489408,20,13682790400
1791661246.363,871.413,indexer,1632301754,1316801760,315499993,12957974528,12957978624,1609699328,11031224320,5673242624,28156805120,26,13674770432
1791661246.363,871.413,zebrad,241184488,201983610,39200878,2692231168,4795953152,400416768,2273378304,4027875328,729489408,20,13674770432
1791661247.363,872.413,indexer,1634407433,1318493342,315914090,12909002752,12960735232,1617178624,10975408128,5680828416,28156805120,26,13666242560
1791661247.363,872.413,zebrad,241191894,201990955,39200939,2651586560,4795953152,400416768,2232745984,4027875328,729489408,20,13666242560
1791661248.363,873.413,indexer,1636448752,1320237004,316211747,12926763008,12960735232,1625796608,10985279488,5690699776,28156805120,26,13635956736
1791661248.363,873.413,zebrad,241199273,201996619,39202653,2651586560,4795953152,400416768,2232745984,4027875328,729489408,20,13635956736
1791661249.363,874.413,indexer,1638479974,1321979025,316500948,12943204352,12960735232,1632092160,10995580928,5701001216,28156805120,26,13633241088
1791661249.363,874.413,zebrad,241207111,202003999,39203111,2651582464,4795953152,400416768,2232745984,4027875328,729489408,20,13633241088
1791661250.363,875.413,indexer,1640442054,1323693037,316749017,12959383552,12960735232,1638383616,11005464576,5710888960,28156805120,26,13628022784
1791661250.363,875.413,zebrad,241215152,202010709,39204443,2651578368,4795953152,400416768,2232745984,4027875328,729489408,20,13628022784
1791661251.363,876.414,indexer,1642257380,1325276169,316981210,12973154304,12973162496,1641902080,11015331840,5720752128,28156805120,26,13627621376
1791661251.363,876.414,zebrad,241222168,202017564,39204603,2651578368,4795953152,400416768,2232745984,4027875328,729489408,20,13627621376
1791661252.363,877.414,indexer,1644041691,1326817353,317224338,12981006336,12983984128,1647132672,11018559488,5730271232,28156805120,26,13638197248
1791661252.363,877.414,zebrad,241230117,202025364,39204753,2650005504,4795953152,400416768,2231173120,4027875328,729489408,20,13638197248
1791661253.363,878.414,indexer,1645917226,1328410634,317506591,12995166208,12995207168,1653485568,11026329600,5738041344,28156805120,26,13631393792
1791661253.363,878.414,zebrad,241236872,202032001,39204871,2650001408,4795953152,400416768,2231173120,4027875328,729489408,20,13631393792
1791661254.364,879.414,indexer,1648020829,1330145526,317875302,12904189952,13002752000,1661587456,10929836032,5745635328,28156805120,26,13619396608
1791661254.364,879.414,zebrad,241244650,202039778,39204871,2649997312,4795953152,400416768,2231173120,4027875328,729489408,20,13619396608
1791661255.364,880.414,indexer,1649979143,1331801659,318177483,12919980032,13002752000,1667878912,10939318272,5755113472,28156805120,26,13614317568
1791661255.364,880.414,zebrad,241252625,202045959,39206665,2649989120,4795953152,400416768,2231173120,4027875328,729489408,20,13614317568
1791661256.364,881.414,indexer,1651977575,1333503809,318473765,12935954432,13002752000,1674170368,10949017600,5764812800,28156805120,26,13604601856
1791661256.364,881.414,zebrad,241261081,202054184,39206896,2649976832,4795953152,400416768,2231173120,4027875328,729489408,20,13604601856
1791661257.364,882.414,indexer,1653992099,1335266637,318725462,12952670208,13002752000,1680461824,10959331328,5775126528,28156805120,26,13594267648
1791661257.364,882.414,zebrad,241268655,202060665,39207989,2649972736,4795953152,400416768,2231173120,4027875328,729489408,20,13594267648
1791661258.364,883.414,indexer,1656088813,1337116668,318972144,12796198912,13002752000,1515053056,10968584192,5784379392,28156805120,27,13745287168
1791661258.364,883.414,zebrad,241275942,202067233,39208709,2649972736,4795953152,400416768,2231173120,4027875328,729489408,20,13745287168
1791661259.364,884.414,indexer,1658770177,1339595786,319174391,12805402624,13002752000,1515053056,10977955840,5793751040,28156805120,27,13746765824
1791661259.364,884.414,zebrad,241283629,202073645,39209983,2649972736,4795953152,400416768,2231173120,4027875328,729489408,20,13746765824
1791661260.364,885.414,indexer,1661396447,1341870308,319526138,12891348992,13002752000,1528328192,11046785024,5803110400,28156805120,27,13746339840
1791661260.364,885.414,zebrad,241291833,202080818,39211015,2649972736,4795953152,400416768,2231173120,4027875328,729489408,20,13746339840
1791661261.364,886.415,indexer,1662449592,1342498404,319951187,12991799296,13002752000,1529106432,11143475200,5806039040,28616654848,27,13745815552
1791661261.364,886.415,zebrad,241298841,202087340,39211501,2621399040,4795953152,400416768,2201882624,4027875328,729489408,20,13745815552
1791661262.364,887.415,indexer,1662669127,1342605307,320063819,12927258624,13002752000,1529425920,11080044544,5806583808,28687970304,27,13725290496
1791661262.364,887.415,zebrad,241305133,202093589,39211544,2609364992,4795953152,400416768,2191065088,4027875328,729489408,20,13725290496
1791661263.364,888.415,indexer,1662947886,1342656976,320290909,12954259456,13002752000,1529798656,11105759232,5807104000,28773384192,27,13714313216
1791661263.364,888.415,zebrad,241311589,202099812,39211777,2609135616,4795953152,400416768,2191065088,4027875328,729489408,20,13714313216
1791661264.364,889.415,indexer,1663892915,1343508402,320384513,12955033600,13002752000,1530114048,11106328576,5807673344,28857139200,27,13715550208
1791661264.364,889.415,zebrad,241315664,202102873,39212791,2609397760,4795953152,400416768,2191065088,4027875328,729489408,20,13715550208
1791661265.365,890.415,indexer,1664733369,1344219557,320513811,12955705344,13002752000,1530339328,11106709504,5808054272,28951896064,27,13718728704
1791661265.365,890.415,zebrad,241325398,202106794,39218604,2609156096,4795953152,400416768,2191065088,4027875328,729489408,20,13718728704
1791661266.365,891.415,indexer,1664974265,1344256383,320717882,12956491776,13002752000,1530658816,11107274752,5808619520,29119725568,27,13718921216
1791661266.365,891.415,zebrad,241333270,202113688,39219581,2609680384,4795953152,400433152,2191065088,4027875328,729489408,20,13718921216
1791661267.365,892.415,indexer,1666641457,1345689094,320952362,12971642880,13002752000,1536958464,11115986944,5817348096,29175836672,26,13716254720
1791661267.365,892.415,zebrad,241339749,202120094,39219655,2609680384,4795953152,400433152,2191065088,4027875328,729489408,20,13716254720
1791661268.365,893.415,indexer,1668626144,1347446875,321179269,12988137472,13002752000,1543249920,11126243328,5827588096,29175836672,26,13705961472
1791661268.365,893.415,zebrad,241347070,202126526,39220543,2609680384,4795953152,400433152,2191065088,4027875328,729489408,20,13705961472
1791661269.365,894.415,indexer,1670468005,1349059524,321408480,13002412032,13002752000,1547968512,11135545344,5836890112,29175836672,26,13709533184
1791661269.365,894.415,zebrad,241354806,202134262,39220543,2609680384,4795953152,400433152,2191065088,4027875328,729489408,20,13709533184
1791661270.365,895.415,indexer,1672273366,1350631075,321642290,12958789632,13017907200,1554259968,11085811712,5846224896,29175836672,26,13729906688
1791661270.365,895.415,zebrad,241362731,202142091,39220640,2609680384,4795953152,400433152,2191065088,4027875328,729489408,20,13729906688
1791661271.365,896.416,indexer,1674076718,1352214544,321862174,12925300736,13017907200,1558454272,11050803200,5856116736,29175836672,26,13721190400
1791661271.365,896.416,zebrad,241370570,202147112,39223458,2609680384,4795953152,400433152,2191065088,4027875328,729489408,20,13721190400
1791661272.365,897.416,indexer,1676060916,1353941495,322119421,12942422016,13017907200,1564745728,11061477376,5866971136,29175836672,26,13711921152
1791661272.365,897.416,zebrad,241377965,202154447,39223517,2609426432,4795953152,400433152,2191065088,4027875328,729489408,20,13711921152
1791661273.365,898.416,indexer,1678040961,1355668824,322372137,12959797248,13017907200,1571037184,11072770048,5878083584,29175836672,26,13705510912
1791661273.365,898.416,zebrad,241385445,202161928,39223517,2609197056,4795953152,400433152,2191065088,4027875328,729489408,20,13705510912
1791661274.366,899.416,indexer,1680023774,1357418280,322605494,12975669248,13017907200,1576280064,11083378688,5888692224,29175836672,26,13701373952
1791661274.366,899.416,zebrad,241393239,202169525,39223714,2609455104,4795953152,400433152,2191065088,4027875328,729489408,20,13701373952
1791661275.366,900.416,indexer,1681863652,1359027524,322836127,12990681088,13017907200,1581305856,11093307392,5898620928,29175836672,26,13698842624
1791661275.366,900.416,zebrad,241401319,202175915,39225404,2609451008,4795953152,400433152,2191065088,4027875328,729489408,20,13698842624
1791661276.366,901.416,indexer,1683679823,1360617266,323062557,13005303808,13017907200,1586733056,11102720000,5908033536,29175836672,26,13693116416
1791661276.366,901.416,zebrad,241408842,202182517,39226325,2609451008,4795953152,400433152,2191065088,4027875328,729489408,20,13693116416
1791661277.366,902.416,indexer,1685473267,1362193611,323279656,13020729344,13020733440,1591980032,11112599552,5917913088,29175836672,26,13687173120
1791661277.366,902.416,zebrad,241416838,202190512,39226325,2609709056,4795953152,400433152,2191065088,4027875328,729489408,20,13687173120
1791661278.366,903.416,indexer,1687312675,1363771192,323541483,13036036096,13036048384,1597403136,11122364416,5927677952,29175836672,26,13682724864
1791661278.366,903.416,zebrad,241424911,202198586,39226325,2609704960,4795953152,400433152,2191065088,4027875328,729489408,20,13682724864
1791661279.366,904.416,indexer,1689226580,1365405898,323820682,12947521536,13037240320,1603543040,11028385792,5937770496,29175836672,26,13674278912
1791661279.366,904.416,zebrad,241432918,202206272,39226646,2609700864,4795953152,400433152,2191065088,4027875328,729489408,20,13674278912
1791661280.366,905.417,indexer,1691123712,1367034246,324089465,12964278272,13037240320,1609834496,11038920704,5948305408,29175836672,26,13670772736
1791661280.366,905.417,zebrad,241441535,202214794,39226741,2609692672,4795953152,400433152,2191065088,4027875328,729489408,20,13670772736
1791661281.366,906.417,indexer,1693079077,1368697356,324381720,12979666944,13037240320,1614819328,11049082880,5958467584,29175836672,26,13663756288
1791661281.366,906.417,zebrad,241449985,202222336,39227649,2609692672,4795953152,400433152,2191065088,4027875328,729489408,20,13663756288
1791661282.366,907.417,indexer,1695080032,1370446098,324633934,12996079616,13037240320,1621020672,11059511296,5968896000,29175836672,26,13654913024
1791661282.366,907.417,zebrad,241457005,202228353,39228652,2609692672,4795953152,400433152,2191065088,4027875328,729489408,20,13654913024
1791661283.367,908.417,indexer,1697084718,1372150654,324934063,13012447232,13037240320,1627320320,11070042112,5979430912,29175836672,26,13636427776
1791661283.367,908.417,zebrad,241464357,202233644,39230713,2609688576,4795953152,400433152,2191065088,4027875328,729489408,20,13636427776
1791661284.367,909.417,indexer,1699090184,1373871930,325218254,12964261888,13037240320,1633558528,11015942144,5990060032,29175836672,26,13635727360
1791661284.367,909.417,zebrad,241471491,202239757,39231734,2570625024,4795953152,400433152,2152005632,4027875328,729489408,20,13635727360
1791661285.367,910.417,indexer,1700988539,1375603674,325384864,12980506624,13037240320,1639202816,11027243008,6001360896,29175836672,26,13607628800
1791661285.367,910.417,zebrad,241478955,202246987,39231968,2570625024,4795953152,400433152,2152005632,4027875328,729489408,20,13607628800
1791661286.367,911.417,indexer,1702887990,1377315421,325572569,12996386816,13037240320,1643397120,11039301632,6013419520,29175836672,26,13607370752
1791661286.367,911.417,zebrad,241486542,202253643,39232899,2570625024,4795953152,400433152,2152005632,4027875328,729489408,20,13607370752
1791661287.367,912.417,indexer,1704790553,1379039425,325751127,13013139456,13037240320,1648119808,11051048960,6025175040,29175836672,26,13611626496
1791661287.367,912.417,zebrad,241494039,202258213,39235825,2570625024,4795953152,400433152,2152005632,4027875328,729489408,20,13611626496
1791661288.367,913.417,indexer,1706677452,1380778555,325898896,13030109184,13037240320,1652740096,11063156736,6037274624,29175836672,26,13618323456
1791661288.367,913.417,zebrad,241502082,202265578,39236504,2570625024,4795953152,400433152,2152005632,4027875328,729489408,20,13618323456
1791661289.367,914.417,indexer,1708584800,1382520899,326063900,13047107584,13047107584,1657462784,11075407872,6049529856,29175836672,26,13617516544
1791661289.367,914.417,zebrad,241508935,202272133,39236802,2570625024,4795953152,400433152,2152005632,4027875328,729489408,20,13617516544
1791661290.367,915.417,indexer,1710514471,1384306083,326208388,13063954432,13063962624,1662320640,11087585280,6061703168,29175836672,26,13612081152
1791661290.367,915.417,zebrad,241516606,202278181,39238425,2570625024,4795953152,400433152,2152005632,4027875328,729489408,20,13612081152
1791661291.367,916.418,indexer,1712433869,1386064163,326369705,12975964160,13070209024,1668562944,10995499008,6073708544,29175836672,26,13605384192
1791661291.367,916.418,zebrad,241524385,202283830,39240555,2570133504,4795953152,400433152,2152005632,4027875328,729489408,20,13605384192
1791661292.367,917.418,indexer,1714309742,1387770358,326539383,12992053248,13070209024,1672757248,11007340544,6085545984,29175836672,26,13602168832
1791661292.367,917.418,zebrad,241531841,202291053,39240787,2570395648,4795953152,400433152,2152005632,4027875328,729489408,20,13602168832
1791661293.368,918.418,indexer,1716096015,1389395169,326700845,13007212544,13070209024,1676951552,11018551296,6096756736,29175836672,26,13602500608
1791661293.368,918.418,zebrad,241539510,202298619,39240891,2570395648,4795953152,400433152,2152005632,4027875328,729489408,20,13602500608
1791661294.368,919.418,indexer,1717994961,1390988592,327006369,13024661504,13070209024,1685340160,11027501056,6105706496,29175836672,26,13593395200
1791661294.368,919.418,zebrad,241547022,202305048,39241974,2570129408,4795953152,400433152,2152005632,4027875328,729489408,20,13593395200
1791661295.368,920.418,indexer,1720412446,1393109866,327302580,12862902272,13070209024,1515462656,11035594752,6113804288,29175840768,27,13754281984
1791661295.368,920.418,zebrad,241558167,202312323,39245844,2570129408,4795953152,400433152,2152005632,4027875328,729489408,20,13754281984
1791661296.368,921.418,indexer,1723001629,1395394617,327607011,12894609408,13070209024,1528332288,11053797376,6121553920,29175840768,27,13743603712
1791661296.368,921.418,zebrad,241565815,202318025,39247790,2570129408,4795953152,400433152,2152005632,4027875328,729489408,20,13743603712
1791661297.368,922.418,indexer,1725638248,1397428341,328209906,12992946176,13070209024,1538146304,11138478080,6128820224,29175840768,27,13728026624
1791661297.368,922.418,zebrad,241574460,202325051,39249408,2570391552,4795953152,400433152,2152005632,4027875328,729489408,20,13728026624
1791661298.368,923.418,indexer,1726264261,1397706994,328557266,13009178624,13070209024,1538146304,11154059264,6130171904,29649182720,27,13719044096
1791661298.368,923.418,zebrad,241582475,202331387,39251087,2531856384,4795953152,400433152,2113470464,4027875328,729489408,20,13719044096
1791661299.368,924.418,indexer,1726477898,1397816276,328661622,13009920000,13070209024,1538146304,11154415616,6130528256,29726781440,27,13702828032
1791661299.368,924.418,zebrad,241589594,202335805,39253789,2531848192,4795953152,400433152,2113470464,4027875328,729489408,20,13702828032
1791661300.368,925.418,indexer,1726740328,1397847643,328892685,13077483520,13077487616,1540243456,11217776640,6130864128,29809934336,27,13704314880
1791661300.368,925.418,zebrad,241597030,202342334,39254696,2531581952,4795953152,400433152,2113470464,4027875328,729489408,20,13704314880
1791661301.368,926.419,indexer,1726989593,1397891656,329097936,13077721088,13077725184,1540243456,11218251776,6131339264,29894545408,27,13705658368
1791661301.368,926.419,zebrad,241604066,202348528,39255538,2531487744,4795953152,400433152,2113470464,4027875328,729489408,20,13705658368
1791661302.368,927.419,indexer,1727389614,1398107619,329281995,13077958656,13077983232,1540243456,11218604032,6131691520,29988884480,27,13704187904
1791661302.368,927.419,zebrad,241611633,202355845,39255788,2531749888,4795953152,400433152,2113470464,4027875328,729489408,20,13704187904
1791661303.368,928.419,indexer,1728637716,1399253880,329383835,13078454272,13078474752,1540243456,11219021824,6132097024,30232100864,26,13705031680
1791661303.368,928.419,zebrad,241611633,202355845,39255788,2531749888,4795953152,400433152,2113470464,4027875328,729489408,20,13705031680
1791661304.369,929.419,indexer,1731074048,1401276070,329797978,12989095936,13081235456,1549156352,11123388416,6140350464,30232100864,26,13716680704
1791661304.369,929.419,zebrad,241619934,202363939,39255994,2531749888,4795953152,400433152,2113470464,4027875328,729489408,20,13716680704
1791661305.369,930.419,indexer,1733348240,1403074356,330273883,13007962112,13081235456,1559642112,11131723776,6148685824,30232100864,26,13708509184
1791661305.369,930.419,zebrad,241627846,202370867,39256979,2532012032,4795953152,400433152,2113470464,4027875328,729489408,20,13708509184
1791661306.369,931.419,indexer,1735654694,1404943455,330711238,13025251328,13081235456,1568030720,11140591616,6157553664,30232100864,26,13702967296
1791661306.369,931.419,zebrad,241636056,202377881,39258175,2531745792,4795953152,400433152,2113470464,4027875328,729489408,20,13702967296
1791661307.369,932.419,indexer,1737954727,1406810660,331144066,13043507200,13081235456,1577467904,11149590528,6166556672,30232100864,26,13694136320
1791661307.369,932.419,zebrad,241643763,202385588,39258175,2532007936,4795953152,400433152,2113470464,4027875328,729489408,20,13694136320
1791661308.369,933.419,indexer,1739937771,1408369179,331568592,13060096000,13081235456,1585856512,11157397504,6174359552,30232100864,26,13685608448
1791661308.369,933.419,zebrad,241651480,202391564,39259915,2532007936,4795953152,400433152,2113470464,4027875328,729489408,20,13685608448
1791661309.369,934.419,indexer,1741904037,1409956785,331947251,13076226048,13081235456,1594245120,11165126656,6182088704,30232100864,26,13672996864
1791661309.369,934.419,zebrad,241659340,202396766,39262574,2531999744,4795953152,400433152,2113470464,4027875328,729489408,20,13672996864
1791661310.369,935.419,indexer,1744061717,1411623081,332438636,13092950016,13092954112,1602633728,11173474304,6190440448,30232100864,26,13664780288
1791661310.369,935.419,zebrad,241667120,202404546,39262574,2531733504,4795953152,400433152,2113470464,4027875328,729489408,20,13664780288
1791661311.369,936.419,indexer,1746318226,1413436313,332881912,13002866688,13108047872,1611022336,11078057984,6199083008,30232100864,26,13659066368
1791661311.369,936.419,zebrad,241675486,202412900,39262586,2531995648,4795953152,400433152,2113470464,4027875328,729489408,20,13659066368
1791661312.369,937.420,indexer,1748634690,1415319121,333315568,13022564352,13108047872,1621508096,11086905344,6207930368,30232100864,26,13644214272
1791661312.369,937.420,zebrad,241683150,202419457,39263693,2531995648,4795953152,400433152,2113470464,4027875328,729489408,20,13644214272
1791661313.369,938.420,indexer,1750968294,1417230812,333737482,13041418240,13108047872,1631997952,11095547904,6216572928,30232100864,26,13636845568
1791661313.369,938.420,zebrad,241691167,202427474,39263693,2531995648,4795953152,400433152,2113470464,4027875328,729489408,20,13636845568
1791661314.369,939.420,indexer,1753004167,1418882487,334121680,13058043904,13108047872,1640386560,11103256576,6224281600,30232100864,26,13628747776
1791661314.369,939.420,zebrad,241698713,202433256,39265456,2531995648,4795953152,400433152,2113470464,4027875328,729489408,20,13628747776
1791661315.370,940.420,indexer,1754977344,1420490050,334487294,13071192064,13108047872,1646678016,11110604800,6231736320,30232100864,26,13624770560
1791661315.370,940.420,zebrad,241707072,202440559,39266513,2531995648,4795953152,400433152,2113470464,4027875328,729489408,20,13624770560
1791661316.370,941.420,indexer,1757119464,1422172772,334946691,13091053568,13108047872,1658339328,11118751744,6239776768,30232100864,26,13596422144
1791661316.370,941.420,zebrad,241714083,202447083,39267000,2531942400,4795953152,400433152,2113470464,4027875328,729489408,20,13596422144
1791661317.370,942.420,indexer,1759383593,1423896080,335487512,13003788288,13108047872,1666727936,11023110144,6248194048,30232100864,26,13613895680
1791661317.370,942.420,zebrad,241722429,202455429,39267000,2532204544,4795953152,400433152,2113470464,4027875328,729489408,20,13613895680
1791661318.370,943.420,indexer,1761650329,1425716723,335933605,13022867456,13108047872,1677213696,11031625728,6256709632,30232100864,26,13595217920
1791661318.370,943.420,zebrad,241729670,202461229,39268440,2532204544,4795953152,400433152,2113470464,4027875328,729489408,20,13595217920
1791661319.370,944.420,indexer,1763967282,1427590705,336376577,13039886336,13108047872,1685602304,11040403456,6265487360,30232100864,26,13579837440
1791661319.370,944.420,zebrad,241737013,202468358,39268654,2532204544,4795953152,400433152,2113470464,4027875328,729489408,20,13579837440
1791661320.370,945.420,indexer,1766308975,1429605233,336703742,12879798272,13108047872,1517817856,11048194048,6273282048,30232100864,27,13748797440
1791661320.370,945.420,zebrad,241744376,202473659,39270717,2531938304,4795953152,400433152,2113470464,4027875328,729489408,20,13748797440
1791661321.370,946.421,indexer,1768914455,1431864247,337050208,12911800320,13108047872,1530687488,11067228160,6281392128,30232100864,27,13738409984
1791661321.370,946.421,zebrad,241752267,202481247,39271020,2532200448,4795953152,400433152,2113470464,4027875328,729489408,20,13738409984
1791661322.370,947.421,indexer,1771539975,1433874196,337665779,13010243584,13115518976,1538449408,11152822272,6288961536,30232100864,27,13737897984
1791661322.370,947.421,zebrad,241759416,202486883,39272533,2532200448,4795953152,400433152,2113470464,4027875328,729489408,20,13737897984
1791661323.370,948.421,indexer,1772487459,1434387761,338099697,13102292992,13123551232,1540546560,11239890944,6291156992,30770696192,27,13721653248
1791661323.370,948.421,zebrad,241766191,202491527,39274663,2493415424,4795953152,400433152,2074935296,4027875328,729489408,20,13721653248
1791661324.371,949.421,indexer,1772703452,1434525259,338178193,13105106944,13123551232,1542643712,11240325120,6291591168,30833479680,27,13706051584
1791661324.371,949.421,zebrad,241773740,202497662,39276078,2493403136,4795953152,400433152,2074935296,4027875328,729489408,20,13706051584
1791661325.371,950.421,indexer,1772985785,1434586456,338399328,13017444352,13123551232,1542643712,11154661376,6292013056,30916415488,27,13708914688
1791661325.371,950.421,zebrad,241784920,202508841,39276078,2493657088,4795953152,400433152,2074935296,4027875328,729489408,20,13708914688
1791661326.371,951.421,indexer,1773238404,1434647209,338591195,13017706496,13123551232,1542672384,11155120128,6292471808,31000543232,27,13683597312
1791661326.371,951.421,zebrad,241792501,202515797,39276704,2493648896,4795953152,400433152,2074935296,4027875328,729489408,20,13683597312
1791661327.371,952.421,indexer,1773465695,1434673793,338791902,13017939968,13123551232,1542672384,11155476480,6292828160,31096754176,27,13666574336
1791661327.371,952.421,zebrad,241798537,202521505,39277031,2493648896,4795953152,400433152,2074935296,4027875328,729489408,20,13666574336
1791661328.371,953.421,indexer,1773693827,1434692030,339001796,13018705920,13123551232,1542672384,11155800064,6293151744,31259488256,27,13673668608
1791661328.371,953.421,zebrad,241805296,202528264,39277031,2493644800,4795953152,400433152,2074935296,4027875328,729489408,20,13673668608
1791661329.371,954.421,indexer,1776079814,1436731442,339348372,13035536384,13123551232,1551585280,11163906048,6301257728,31310962688,26,13673242624
1791661329.371,954.421,zebrad,241813435,202536404,39277031,2493644800,4795953152,400433152,2074935296,4027875328,729489408,20,13673242624
1791661330.371,955.421,indexer,1778954106,1439271276,339682829,13049266176,13123551232,1557876736,11171020800,6308372480,31310962688,26,13666693120
1791661330.371,955.421,zebrad,241821540,202544361,39277178,2493386752,4795953152,400433152,2074935296,4027875328,729489408,20,13666693120
1791661331.371,956.421,indexer,1781518010,1441429485,340088525,13067616256,13123551232,1568362496,11179180032,6316531712,31310962688,26,13660749824
1791661331.371,956.421,zebrad,241829774,202552595,39277178,2493382656,4795953152,400433152,2074935296,4027875328,729489408,20,13660749824
1791661332.371,957.422,indexer,1783847263,1443311587,340535675,13085954048,13123551232,1577799680,11187933184,6325284864,31310962688,26,13657288704
1791661332.371,957.422,zebrad,241837724,202560545,39277178,2493644800,4795953152,400433152,2074935296,4027875328,729489408,20,13657288704
1791661333.371,958.422,indexer,1785813223,1444974379,340838843,13099274240,13123551232,1584091136,11194650624,6332002304,31310962688,26,13658599424
1791661333.371,958.422,zebrad,241844862,202567459,39277403,2493132800,4795953152,400433152,2074935296,4027875328,729489408,20,13658599424
1791661334.371,959.422,indexer,1787646836,1446725259,340921576,13111951360,13123551232,1586188288,11205500928,6342852608,31310962688,26,13661814784
1791661334.371,959.422,zebrad,241851728,202574325,39277403,2493394944,4795953152,400433152,2074935296,4027875328,729489408,20,13661814784
1791661335.372,960.422,indexer,1789496045,1448531721,340964324,13019815936,13126549504,1590382592,11112009728,6353399808,31310962688,26,13671948288
1791661335.372,960.422,zebrad,241858937,202580691,39278246,2493648896,4795953152,400433152,2074935296,4027875328,729489408,20,13671948288
1791661336.372,961.422,indexer,1791335744,1450321590,341014154,13032341504,13126549504,1592479744,11123081216,6364471296,31310962688,26,13640785920
1791661336.372,961.422,zebrad,241866427,202587943,39278484,2493382656,4795953152,400433152,2074935296,4027875328,729489408,20,13640785920
1791661337.372,962.422,indexer,1793233235,1452173186,341060049,13048266752,13126549504,1596674048,11134971904,6376361984,31310962688,26,13637390336
1791661337.372,962.422,zebrad,241873325,202594699,39278625,2493427712,4795953152,400433152,2074935296,4027875328,729489408,20,13637390336
1791661338.372,963.422,indexer,1795212015,1454103520,341108495,13062602752,13126549504,1598771200,11147341824,6388731904,31310962688,26,13639909376
1791661338.372,963.422,zebrad,241880826,202602124,39278701,2493689856,4795953152,400433152,2074935296,4027875328,729489408,20,13639909376
1791661339.372,964.422,indexer,1797194416,1456033069,341161347,13079314432,13126549504,1602965504,11159711744,6401101824,31310962688,26,13643591680
1791661339.372,964.422,zebrad,241888769,202608425,39280343,2493419520,4795953152,400433152,2074935296,4027875328,729489408,20,13643591680
1791661340.372,965.422,indexer,1799120724,1457896978,341223745,13095727104,13126549504,1607159808,11171627008,6413017088,31310962688,26,13648269312
1791661340.372,965.422,zebrad,241896697,202614525,39282172,2493419520,4795953152,400433152,2074935296,4027875328,729489408,20,13648269312
1791661341.372,966.422,indexer,1801093362,1459811194,341282168,13110120448,13126549504,1609256960,11184308224,6425698304,31310962688,26,13639319552
1791661341.372,966.422,zebrad,241904684,202619343,39285340,2493419520,4795953152,400433152,2074935296,4027875328,729489408,20,13639319552
1791661342.372,967.423,indexer,1803074003,1461749225,341324777,13059563520,13126549504,1613451264,11130433536,6438223872,31310962688,26,13647138816
1791661342.372,967.423,zebrad,241912127,202626719,39285407,2455932928,4795953152,400433152,2037448704,4027875328,729489408,20,13647138816
1791661343.372,968.423,indexer,1804940960,1463552289,341388670,13073313792,13126549504,1615548416,11141705728,6449496064,31310962688,26,13642686464
1791661343.372,968.423,zebrad,241919323,202632721,39286602,2455928832,4795953152,400433152,2037448704,4027875328,729489408,20,13642686464
1791661344.372,969.423,indexer,1806774725,1465341811,341432913,13088686080,13126549504,1619742720,11152998400,6460788736,31310962688,26,13639643136
1791661344.372,969.423,zebrad,241926459,202638835,39287623,2455662592,4795953152,400433152,2037448704,4027875328,729489408,20,13639643136
1791661345.373,970.423,indexer,1808629550,1467135398,341494151,13102034944,13126549504,1621839872,11164098560,6471888896,31310962688,26,13637132288
1791661345.373,970.423,zebrad,241933986,202646282,39287704,2455920640,4795953152,400433152,2037448704,4027875328,729489408,20,13637132288
1791661346.373,971.423,indexer,1810462912,1468896597,341566315,13113421824,13126549504,1625436160,11172282368,6483218432,31310962688,26,13653831680
1791661346.373,971.423,zebrad,241940987,202652962,39288025,2455134208,4795953152,400433152,2036662272,4027875328,729489408,20,13653831680
1791661347.373,972.423,indexer,1812298323,1470643786,341654537,13128183808,13128208384,1629044736,11183214592,6494150656,31310962688,26,13653458944
1791661347.373,972.423,zebrad,241948138,202659767,39288370,2455134208,4795953152,400433152,2036662272,4027875328,729489408,20,13653458944
1791661348.373,973.423,indexer,1814114742,1472389913,341724829,13141618688,13141618688,1631760384,11193798656,6504734720,31310962688,26,13652037632
1791661348.373,973.423,zebrad,241955481,202664887,39290593,2455134208,4795953152,400433152,2036662272,4027875328,729489408,20,13652037632
1791661349.373,974.423,indexer,1816037842,1474269819,341768022,13157154816,13157191680,1635123200,11206094848,6517030912,31310962688,26,13650341888
1791661349.373,974.423,zebrad,241962886,202671906,39290980,2455117824,4795953152,400433152,2036662272,4027875328,729489408,20,13650341888
1791661350.373,975.423,indexer,1817971468,1476171606,341799862,13172518912,13172551680,1638408192,11218161664,6529097728,31310962688,26,13647245312
1791661350.373,975.423,zebrad,241971054,202679537,39291517,2455117824,4795953152,400433152,2036662272,4027875328,729489408,20,13647245312
1791661351.373,976.423,indexer,1819903902,1478022118,341881784,13187858432,13187883008,1641660416,11230093312,6541029376,31310962688,26,13643358208
1791661351.373,976.423,zebrad,241978871,202685055,39293816,2455134208,4795953152,400433152,2036662272,4027875328,729489408,20,13643358208
1791661352.373,977.424,indexer,1821859510,1479922510,341936999,13099483136,13199028224,1644982272,11138306048,6553313280,31310962688,26,13639929856
1791661352.373,977.424,zebrad,241986494,202691740,39294754,2455134208,4795953152,400433152,2036662272,4027875328,729489408,20,13639929856
1791661353.373,978.424,indexer,1823872872,1481916065,341956807,13111345152,13199028224,1648136192,11147169792,6562177024,31310962688,26,13635706880
1791661353.373,978.424,zebrad,241994231,202698357,39295873,2455142400,4795953152,400433152,2036662272,4027875328,729489408,20,13635706880
1791661354.374,979.424,indexer,1825896834,1483914040,341982794,13119488000,13199028224,1651249152,11152068608,6567075840,31310962688,26,13633282048
1791661354.374,979.424,zebrad,242001993,202705160,39296833,2455392256,4795953152,400433152,2036662272,4027875328,729489408,20,13633282048
1791661355.374,980.424,indexer,1827916232,1485932199,341984032,13127536640,13199028224,1654452224,11157094400,6572101632,31310962688,26,13628260352
1791661355.374,980.424,zebrad,242011512,202714601,39296910,2455392256,4795953152,400433152,2036662272,4027875328,729489408,20,13628260352
1791661356.374,981.424,indexer,1829934838,1487908391,342026446,13135966208,13199028224,1657540608,11161886720,6577180672,31310962688,26,13625225216
1791661356.374,981.424,zebrad,242019206,202722188,39297018,2454884352,4795953152,400433152,2036662272,4027875328,729489408,20,13625225216
1791661357.374,982.424,indexer,1831882133,1489799053,342083080,13141463040,13199028224,1661267968,11164266496,6582419456,31310962688,26,13613973504
1791661357.374,982.424,zebrad,242026477,202729257,39297220,2454102016,4795953152,400433152,2035875840,4027875328,729489408,20,13613973504
1791661358.374,983.424,indexer,1833825593,1491693524,342132069,13150638080,13199028224,1664778240,11169718272,6587895808,31310962688,26,13609664512
1791661358.374,983.424,zebrad,242033667,202735417,39298250,2454360064,4795953152,400433152,2035875840,4027875328,729489408,20,13609664512
1791661359.374,984.424,indexer,1835743218,1493507038,342236179,13160546304,13199028224,1668947968,11175489536,6593642496,31310962688,26,13605609472
1791661359.374,984.424,zebrad,242041854,202743063,39298790,2454360064,4795953152,400433152,2035875840,4027875328,729489408,20,13605609472
1791661360.374,985.424,indexer,1837549728,1495179405,342370323,13169332224,13199028224,1672720384,11180412928,6598565888,31310962688,26,13603356672
1791661360.374,985.424,zebrad,242049471,202749744,39299726,2454355968,4795953152,400433152,2035875840,4027875328,729489408,20,13603356672
1791661361.374,986.424,indexer,1839368991,1496874460,342494530,13177905152,13199028224,1676541952,11185352704,6603505664,31310962688,26,13600210944
1791661361.374,986.424,zebrad,242056972,202757169,39299802,2454343680,4795953152,400433152,2035875840,4027875328,729489408,20,13600210944
1791661362.374,987.425,indexer,1841207654,1498496000,342711654,13188399104,13199028224,1681620992,11190779904,6608932864,31310966784,26,13594894336
1791661362.374,987.425,zebrad,242064124,202763812,39300311,2454114304,4795953152,400433152,2035875840,4027875328,729489408,20,13594894336
1791661363.374,988.425,indexer,1843032990,1500125050,342907940,13093171200,13199028224,1687773184,11092295680,6614523904,31310966784,26,13592502272
1791661363.374,988.425,zebrad,242071494,202769118,39302375,2454114304,4795953152,400433152,2035875840,4027875328,729489408,20,13592502272
1791661364.374,989.425,indexer,1845063194,1501991066,343072127,12931698688,13199028224,1519992832,11098505216,6620733440,31310966784,27,13746044928
1791661364.374,989.425,zebrad,242078955,202776183,39302771,2454114304,4795953152,400433152,2035875840,4027875328,729489408,20,13746044928
1791661365.375,990.425,indexer,1847569969,1504360624,343209345,12938395648,13199028224,1519992832,11105341440,6627569664,31310966784,27,13747167232
1791661365.375,990.425,zebrad,242086807,202781730,39305077,2454114304,4795953152,400433152,2035875840,4027875328,729489408,20,13747167232
1791661366.375,991.425,indexer,1850113305,1506601003,343512301,13131661312,13199028224,1532559360,11280445440,6633840640,31310966784,27,13728878592
1791661366.375,991.425,zebrad,242094056,202788266,39305790,2454114304,4795953152,400433152,2035875840,4027875328,729489408,20,13728878592
1791661367.375,992.425,indexer,1851324593,1507325636,343998957,13185564672,13233987584,1534656512,11329708032,6635855872,31746342912,27,13733838848
1791661367.375,992.425,zebrad,242101632,202795753,39305878,2380705792,4795953152,400433152,1962475520,4027875328,729489408,20,13733838848
1791661368.375,993.425,indexer,1851506892,1507426723,344080168,13186048000,13233987584,1534656512,11329953792,6636101632,31817089024,27,13714100224
1791661368.375,993.425,zebrad,242108070,202802125,39305945,2380705792,4795953152,400433152,1962475520,4027875328,729489408,20,13714100224
1791661369.375,994.425,indexer,1851790189,1507517022,344273167,13141348352,13238984704,1534656512,11285348352,6636417024,31899172864,27,13715206144
1791661369.375,994.425,zebrad,242115937,202808688,39307248,2380697600,4795953152,400433152,1962475520,4027875328,729489408,20,13715206144
1791661370.375,995.425,indexer,1852010833,1507579684,344431149,13142081536,13238984704,1534795776,11285643264,6636711936,31984091136,27,13713502208
1791661370.375,995.425,zebrad,242128037,202816436,39311600,2380697600,4795953152,400433152,1962475520,4027875328,729489408,20,13713502208
1791661371.375,996.426,indexer,1852252544,1507613238,344639306,13142822912,13238984704,1535090688,11285958656,6637027328,32077684736,27,13716639744
1791661371.375,996.426,zebrad,242136059,202820279,39315779,2380697600,4795953152,400433152,1962475520,4027875328,729489408,20,13716639744
1791661372.375,997.426,indexer,1852480916,1507654162,344826753,13143019520,13238984704,1535352832,11286335488,6637404160,32212713472,27,13723119616
1791661372.375,997.426,zebrad,242143323,202827343,39315980,2380693504,4795953152,400433152,1962475520,4027875328,729489408,20,13723119616
1791661373.375,998.426,indexer,1853991186,1509013674,344977511,13150498816,13238984704,1539092480,11289772032,6640828416,32362999808,26,13718302720
1791661373.375,998.426,zebrad,242143323,202827343,39315980,2380673024,4795953152,400433152,1962475520,4027875328,729489408,20,13718302720
1791661374.587,999.637,indexer,1857264961,1512231080,345033881,13160689664,13238984704,1543286784,11295559680,6646616064,32362999808,26,13714571264
1791661374.587,999.637,zebrad,242147468,202831304,39316164,2380402688,4795953152,400433152,1962475520,4027875328,729489408,20,13714571264
1791661375.587,1000.637,indexer,1859219203,1513948592,345270610,13172170752,13238984704,1549578240,11301400576,6652456960,32362999808,26,13705748480
1791661375.587,1000.637,zebrad,242155892,202837819,39318073,2380922880,4795953152,400433152,1962475520,4027875328,729489408,20,13705748480
1791661376.587,1001.637,indexer,1861190400,1515705740,345484659,13183401984,13238984704,1554296832,11307270144,6658326528,32362999808,26,13700800512
1791661376.587,1001.637,zebrad,242164040,202845967,39318073,2380918784,4795953152,400433152,1962475520,4027875328,729489408,20,13700800512
1791661377.587,1002.637,indexer,1863172844,1517438641,345734202,13195591680,13238984704,1560588288,11313401856,6664458240,32362999808,26,13695692800
1791661377.587,1002.637,zebrad,242172139,202853197,39318942,2381180928,4795953152,400433152,1962475520,4027875328,729489408,20,13695692800
1791661378.587,1003.637,indexer,1865187443,1519183323,346004120,13208662016,13238984704,1566879744,11320078336,6671138816,32362999808,26,13690294272
1791661378.587,1003.637,zebrad,242179772,202859049,39320723,2381176832,4795953152,400433152,1962475520,4027875328,729489408,20,13690294272
1791661379.587,1004.638,indexer,1867313530,1520965189,346348340,13222010880,13238984704,1573171200,11327234048,6678290432,32362999808,26,13674991616
1791661379.587,1004.638,zebrad,242187728,202866013,39321714,2381172736,4795953152,400433152,1962475520,4027875328,729489408,20,13674991616
1791661380.587,1005.638,indexer,1869226359,1522589887,346636471,13232885760,13238984704,1577828352,11333353472,6684409856,32362999808,26,13676744704
1791661380.587,1005.638,zebrad,242195099,202873384,39321714,2380906496,4795953152,400433152,1962475520,4027875328,729489408,20,13676744704
1791661381.587,1006.638,indexer,1871115990,1524224382,346891608,13178548224,13241716736,1584705536,11271852032,6690566144,32362999808,26,13671948288
1791661381.587,1006.638,zebrad,242202298,202878818,39323479,2344726528,4795953152,400433152,1926299648,4027875328,729489408,20,13671948288
1791661382.587,1007.638,indexer,1873036398,1525846548,347189849,13190967296,13241716736,1590996992,11278168064,6696882176,32362999808,26,13667209216
1791661382.587,1007.638,zebrad,242209527,202885174,39324353,2344726528,4795953152,400433152,1926299648,4027875328,729489408,20,13667209216
1791661383.588,1008.638,indexer,1875017825,1527529046,347488779,13203730432,13241716736,1597288448,11284594688,6703308800,32362999808,26,13658451968
1791661383.588,1008.638,zebrad,242218046,202893614,39324431,2344726528,4795953152,400433152,1926299648,4027875328,729489408,20,13658451968
1791661384.588,1009.638,indexer,1877023992,1529240081,347783910,13216288768,13241716736,1603579904,11290886144,6709600256,32362999808,26,13654093824
1791661384.588,1009.638,zebrad,242228714,202902172,39326541,2344726528,4795953152,400433152,1926299648,4027875328,729489408,20,13654093824
1791661385.588,1010.638,indexer,1878986056,1531006555,347979500,13228425216,13241716736,1609871360,11296833536,6715547648,32362999808,26,13645570048
1791661385.588,1010.638,zebrad,242236277,202908644,39327632,2344984576,4795953152,400437248,1926299648,4027875328,729489408,20,13645570048
1791661386.588,1011.638,indexer,1880958157,1532736053,348222103,13239296000,13241716736,1614065664,11303055360,6721773568,32362999808,26,13636878336
1791661386.588,1011.638,zebrad,242243829,202914103,39329726,2344976384,4795953152,400437248,1926299648,4027875328,729489408,20,13636878336
1791661387.588,1012.639,indexer,1883001536,1534495963,348505573,13251862528,13251862528,1620357120,11309432832,6728146944,32362999808,26,13632253952
1791661387.588,1012.639,zebrad,242251478,202920132,39331346,2344976384,4795953152,400437248,1926299648,4027875328,729489408,20,13632253952
1791661388.588,1013.639,indexer,1885128545,1536265814,348862731,13266792448,13266800640,1628745728,11316432896,6735147008,32362999808,26,13631746048
1791661388.588,1013.639,zebrad,242258307,202926831,39331476,2344972288,4795953152,400437248,1926299648,4027875328,729489408,20,13631746048
1791661389.588,1014.639,indexer,1887134424,1537951761,349182662,13277638656,13277646848,1632940032,11322736640,6741450752,32362999808,26,13626155008
1791661389.588,1014.639,zebrad,242265544,202933029,39332514,2344972288,4795953152,400437248,1926299648,4027875328,729489408,20,13626155008
1791661390.589,1015.639,indexer,1888976964,1539524234,349452729,13185855488,13288361984,1639235584,11224788992,6747348992,32362999808,26,13622415360
1791661390.589,1015.639,zebrad,242273360,202940718,39332641,2344701952,4795953152,400437248,1926299648,4027875328,729489408,20,13622415360
1791661391.589,1016.639,indexer,1890842108,1541095630,349746477,13197889536,13288361984,1645527040,11230728192,6753288192,32362999808,26,13613330432
1791661391.589,1016.639,zebrad,242281305,202948516,39332789,2344964096,4795953152,400437248,1926299648,4027875328,729489408,20,13613330432
1791661392.589,1017.639,indexer,1892671785,1542688517,349983268,13208793088,13288361984,1649721344,11237003264,6759563264,32362999808,26,13609582592
1791661392.589,1017.639,zebrad,242288099,202955185,39332914,2344964096,4795953152,400437248,1926299648,4027875328,729489408,20,13609582592
1791661393.589,1018.639,indexer,1894649235,1544397354,350251881,13221502976,13288361984,1656012800,11243732992,6766292992,32362999808,26,13592358912
1791661393.589,1018.639,zebrad,242296055,202962828,39333227,2344722432,4795953152,400437248,1926299648,4027875328,729489408,20,13592358912
1791661394.589,1019.639,indexer,1896638118,1546111823,350526294,13234802688,13288361984,1662304256,11250831360,6773391360,32362999808,26,13579808768
1791661394.589,1019.639,zebrad,242304149,202969908,39334241,2344980480,4795953152,400437248,1926299648,4027875328,729489408,20,13579808768
1791661395.589,1020.639,indexer,1898618857,1547842938,350775919,13245730816,13288361984,1665847296,11257860096,6780420096,32362999808,26,13579739136
1791661395.589,1020.639,zebrad,242312028,202977650,39334378,2344980480,4795953152,400437248,1926299648,4027875328,729489408,20,13579739136
1791661396.589,1021.639,indexer,1900523350,1549475514,351047835,13258715136,13288361984,1671204864,11265351680,6787915776,32362999808,26,13581598720
1791661396.589,1021.639,zebrad,242320076,202985533,39334543,2344980480,4795953152,400437248,1926299648,4027875328,729489408,20,13581598720
1791661397.589,1022.640,indexer,1902362608,1551059375,351303233,13270503424,13288361984,1676652544,11271942144,6794502144,32362999808,26,13577539584
1791661397.589,1022.640,zebrad,242327221,202992496,39334724,2344730624,4795953152,400437248,1926299648,4027875328,729489408,20,13577539584
1791661398.589,1023.640,indexer,1904090926,1552567954,351522972,13177573376,13288361984,1683275776,11175309312,6801739776,32362999808,26,13572661248
1791661398.589,1023.640,zebrad,242335100,203000075,39335025,2344464384,4795953152,400437248,1926299648,4027875328,729489408,20,13572661248
1791661399.589,1024.640,indexer,1906012199,1554135517,351876681,13191970816,13288361984,1689567232,11183472640,6809903104,32362999808,26,13568188416
1791661399.589,1024.640,zebrad,242343196,203007997,39335198,2344464384,4795953152,400437248,1926299648,4027875328,729489408,20,13568188416
1791661400.590,1025.640,indexer,1908198847,1556020887,352177960,13031686144,13288361984,1521782784,11190992896,6817423360,32362999808,27,13726670848
1791661400.590,1025.640,zebrad,242351100,203015760,39335339,2344464384,4795953152,400437248,1926299648,4027875328,729489408,20,13726670848
1791661401.590,1026.640,indexer,1910808465,1558399994,352408470,13050580992,13288361984,1532555264,11199094784,6825525248,32362999808,27,13719273472
1791661401.590,1026.640,zebrad,242358915,203023576,39335339,2344464384,4795953152,400437248,1926299648,4027875328,729489408,20,13719273472
1791661402.590,1027.640,indexer,1913312603,1560690251,352622352,13271318528,13288361984,1535778816,11410444288,6833606656,32362999808,27,13716566016
1791661402.590,1027.640,zebrad,242366222,203030873,39335348,2344464384,4795953152,400437248,1926299648,4027875328,729489408,20,13716566016
1791661403.590,1028.640,indexer,1914466598,1561466786,352999812,13251223552,13288476672,1536655360,11387932672,6835740672,32834719744,27,13708427264
1791661403.590,1028.640,zebrad,242373161,203037665,39335496,2344714240,4795953152,400437248,1926299648,4027875328,729489408,20,13708427264
1791661404.590,1029.640,indexer,1914645208,1561578201,353067007,13251723264,13288476672,1536811008,11388190720,6835998720,32902410240,27,13704409088
1791661404.590,1029.640,zebrad,242381909,203044289,39337620,2344742912,4795953152,400437248,1926299648,4027875328,729489408,20,13704409088
1791661405.590,1030.640,indexer,1914904165,1561719981,353184184,13273698304,13288476672,1537036288,11409088512,6836314112,32980213760,27,13713276928
1791661405.590,1030.640,zebrad,242388603,203049707,39338896,2344992768,4795953152,400437248,1926299648,4027875328,729489408,20,13713276928
1791661406.590,1031.641,indexer,1915121031,1561782097,353338934,13274202112,13288476672,1537232896,11409375232,6836600832,33067782144,27,13713154048
1791661406.590,1031.641,zebrad,242396545,203056985,39339559,2344988672,4795953152,400437248,1926299648,4027875328,729489408,20,13713154048
1791661407.590,1032.641,indexer,1915764357,1562240715,353523642,13274705920,13288476672,1537441792,11409657856,6836883456,33160171520,27,13712936960
1791661407.590,1032.641,zebrad,242399844,203060238,39339605,2344980480,4795953152,400437248,1926299648,4027875328,729489408,20,13712936960
1791661408.590,1033.641,indexer,1916988541,1563376035,353612505,13275287552,13288476672,1537675264,11410026496,6837252096,33255878656,27,13712621568
1791661408.590,1033.641,zebrad,242403376,203063686,39339690,2344980480,4795953152,400437248,1926299648,4027875328,729489408,20,13712621568
1791661409.591,1034.641,indexer,1917576321,1563784876,353791445,13175164928,13288476672,1540214784,11307360256,6838796288,33443934208,26,13732032512
1791661409.591,1034.641,zebrad,242411261,203070591,39340670,2344976384,4795953152,400437248,1926299648,4027875328,729489408,20,13732032512
1791661410.591,1035.641,indexer,1919480683,1565646248,353834435,13183037440,13288476672,1542311936,11313221632,6844518400,33443934208,26,13727817728
1791661410.591,1035.641,zebrad,242418794,203077038,39341755,2344968192,4795953152,400437248,1926299648,4027875328,729489408,20,13727817728
1791661411.591,1036.641,indexer,1921392484,1567520677,353871806,13192773632,13288476672,1546506240,11318767616,6850064384,33443934208,26,13724704768
1791661411.591,1036.641,zebrad,242426362,203083677,39342684,2344976384,4795953152,400437248,1926299648,4027875328,729489408,20,13724704768
1791661412.591,1037.641,indexer,1923418529,1569544610,353873918,13200183296,13288476672,1548603392,11323998208,6855294976,33443938304,26,13724581888
1791661412.591,1037.641,zebrad,242433590,203090032,39343557,2344976384,4795953152,400437248,1926299648,4027875328,729489408,20,13724581888
1791661413.591,1038.641,indexer,1925333206,1571369882,353963324,13212364800,13288476672,1553321984,11331457024,6862753792,33443938304,26,13715787776
1791661413.591,1038.641,zebrad,242441993,203096856,39345137,2344976384,4795953152,400437248,1926299648,4027875328,729489408,20,13715787776
1791661414.591,1039.641,indexer,1927205822,1573120436,354085386,13223559168,13288476672,1557516288,11338506240,6869807104,33443938304,26,13715296256
1791661414.591,1039.641,zebrad,242451923,203105474,39346449,2344738816,4795953152,400437248,1926299648,4027875328,729489408,20,13715296256
1791661415.591,1040.641,indexer,1929029236,1574858387,354170849,13233147904,13288476672,1561710592,11343958016,6875254784,33443938304,26,13707005952
1791661415.591,1040.641,zebrad,242459575,203113126,39346449,2345000960,4795953152,400437248,1926299648,4027875328,729489408,20,13707005952
1791661416.591,1041.642,indexer,1930891327,1576579527,354311800,13243142144,13288476672,1565904896,11349671936,6880972800,33443938304,26,13702860800
1791661416.591,1041.642,zebrad,242467175,203120697,39346478,2344992768,4795953152,400437248,1926299648,4027875328,729489408,20,13702860800
1791661417.591,1042.642,indexer,1932724657,1578311431,354413225,13250686976,13288476672,1568002048,11355201536,6886506496,33443938304,26,13702963200
1791661417.591,1042.642,zebrad,242474939,203126332,39348606,2344722432,4795953152,400437248,1926299648,4027875328,729489408,20,13702963200
1791661418.591,1043.642,indexer,1934594093,1579956799,354637293,13263290368,13288476672,1574293504,11361435648,6892732416,33443938304,26,13691174912
1791661418.591,1043.642,zebrad,242483006,203134231,39348774,2344984576,4795953152,400437248,1926299648,4027875328,729489408,20,13691174912
1791661419.592,1044.642,indexer,1936508283,1581599534,354908749,13274308608,13288476672,1578487808,11367985152,6899281920,33443938304,26,13687771136
1791661419.592,1044.642,zebrad,242490614,203140904,39349709,2344984576,4795953152,400437248,1926299648,4027875328,729489408,20,13687771136
1791661420.592,1045.642,indexer,1938348214,1583326498,355021715,13284700160,13288476672,1583730688,11373133824,6904430592,33443938304,26,13684535296
1791661420.592,1045.642,zebrad,242497795,203144721,39353073,2344730624,4795953152,400437248,1926299648,4027875328,729489408,20,13684535296
1791661421.592,1046.642,indexer,1940276859,1584971348,355305510,13228371968,13297393664,1590022144,11311431680,6910935040,33443938304,26,13679661056
1791661421.592,1046.642,zebrad,242505221,203151079,39354142,2309074944,4795953152,400437248,1890648064,4027875328,729489408,20,13679661056
1791661422.592,1047.642,indexer,1942106471,1586648382,355458089,13238161408,13297393664,1594216448,11316998144,6916501504,33443938304,26,13672591360
1791661422.592,1047.642,zebrad,242511937,203157683,39354253,2309074944,4795953152,400437248,1890648064,4027875328,729489408,20,13672591360
1791661423.592,1048.642,indexer,1943910412,1588325726,355584685,13248442368,13297393664,1598410752,11322949632,6922452992,33443938304,26,13672857600
1791661423.592,1048.642,zebrad,242519624,203165264,39354360,2309066752,4795953152,400437248,1890648064,4027875328,729489408,20,13672857600
1791661424.592,1049.642,indexer,1945728574,1590026723,355701850,13256417280,13297393664,1600507904,11328905216,6928408576,33443938304,26,13671817216
1791661424.592,1049.642,zebrad,242527807,203173260,39354546,2309066752,4795953152,400437248,1890648064,4027875328,729489408,20,13671817216
1791661425.592,1050.642,indexer,1947576327,1591791995,355784332,13266165760,13297393664,1604702208,11334217728,6933721088,33443938304,26,13667389440
1791661425.592,1050.642,zebrad,242535890,203181173,39354717,2308825088,4795953152,400437248,1890648064,4027875328,729489408,20,13667389440
1791661426.592,1051.642,indexer,1949407386,1593489682,355917703,13275959296,13297393664,1608896512,11340128256,6939631616,33443938304,26,13662789632
1791661426.592,1051.642,zebrad,242543692,203188850,39354842,2308825088,4795953152,400437248,1890648064,4027875328,729489408,20,13662789632
1791661427.592,1052.643,indexer,1951322327,1595282671,356039655,13285953536,13297393664,1613090816,11345727488,6945230848,33443938304,26,13658587136
1791661427.592,1052.643,zebrad,242551166,203196324,39354842,2308820992,4795953152,400437248,1890648064,4027875328,729489408,20,13658587136
1791661428.592,1053.643,indexer,1953173439,1597048958,356124481,13295419392,13297393664,1617285120,11350859776,6950363136,33443938304,26,13637996544
1791661428.592,1053.643,zebrad,242558949,203202230,39356718,2308820992,4795953152,400437248,1890648064,4027875328,729489408,20,13637996544
1791661429.592,1054.643,indexer,1955060077,1598842281,356217796,13304127488,13304127488,1621479424,11355987968,6955491328,33443938304,26,13624901632
1791661429.592,1054.643,zebrad,242566123,203208213,39357909,2308816896,4795953152,400437248,1890648064,4027875328,729489408,20,13624901632
1791661430.593,1055.643,indexer,1956989557,1600633884,356355673,13314052096,13314052096,1625673728,11361865728,6961369088,33443938304,26,13627047936
1791661430.593,1055.643,zebrad,242574274,203216346,39357928,2308816896,4795953152,400437248,1890648064,4027875328,729489408,20,13627047936
1791661431.593,1056.643,indexer,1958942319,1602446328,356495991,13252947968,13318758400,1629868032,11298693120,6967111680,33443938304,26,13619023872
1791661431.593,1056.643,zebrad,242582033,203222141,39359892,2273681408,4795953152,400437248,1855520768,4027875328,729489408,20,13619023872
1791661432.593,1057.643,indexer,1960885403,1604286316,356599087,13263138816,13318758400,1634062336,11304288256,6972710912,33443938304,26,13618790400
1791661432.593,1057.643,zebrad,242589699,203229541,39360157,2273681408,4795953152,400437248,1855520768,4027875328,729489408,20,13618790400
1791661433.593,1058.643,indexer,1962832967,1606116473,356716494,13272801280,13318758400,1638264832,11309854720,6978273280,33443938304,26,13616865280
1791661433.593,1058.643,zebrad,242596672,203236361,39360311,2273681408,4795953152,400437248,1855520768,4027875328,729489408,20,13616865280
1791661434.593,1059.643,indexer,1964792808,1607914620,356878188,13283254272,13318758400,1642459136,11315724288,6984142848,33443938304,26,13619576832
1791661434.593,1059.643,zebrad,242604505,203242055,39362450,2273681408,4795953152,400437248,1855520768,4027875328,729489408,20,13619576832
1791661435.593,1060.643,indexer,1966745138,1609655921,357089216,13295513600,13318758400,1646653440,11324170240,6992588800,33443938304,26,13618491392
1791661435.593,1060.643,zebrad,242612571,203248786,39363785,2273677312,4795953152,400437248,1855520768,4027875328,729489408,20,13618491392
1791661436.593,1061.644,indexer,1968560826,1611244906,357315920,13314326528,13318758400,1652944896,11336589312,7005007872,33443938304,26,13616517120
1791661436.593,1061.644,zebrad,242620851,203255180,39365671,2273677312,4795953152,400437248,1855520768,4027875328,729489408,20,13616517120
1791661437.593,1062.644,indexer,1970769757,1613034669,357735088,13332111360,13332111360,1661333504,11345752064,7014178816,33443938304,26,13601488896
1791661437.593,1062.644,zebrad,242628475,203262382,39366093,2273677312,4795953152,400437248,1855520768,4027875328,729489408,20,13601488896
1791661438.593,1063.644,indexer,1972804127,1614922264,357881863,13342707712,13344440320,1665527808,11352465408,7020883968,33443938304,26,13587808256
1791661438.593,1063.644,zebrad,242636122,203268924,39367197,2273677312,4795953152,400437248,1855520768,4027875328,729489408,20,13587808256
1791661439.594,1064.644,indexer,1974856500,1616602709,358253791,13251145728,13353299968,1671819264,11257143296,7029600256,33443938304,26,13598724096
1791661439.594,1064.644,zebrad,242643982,203275808,39368173,2273677312,4795953152,400437248,1855520768,4027875328,729489408,20,13598724096
1791661440.594,1065.644,indexer,1976806180,1618144078,358662102,13265674240,13353299968,1678110720,11265548288,7038005248,33443938304,26,13594333184
1791661440.594,1065.644,zebrad,242652574,203284147,39368426,2273677312,4795953152,400437248,1855520768,4027875328,729489408,20,13594333184
1791661441.594,1066.644,indexer,1978740563,1619713846,359026716,13282918400,13353299968,1686499328,11274305536,7046762496,33443938304,26,13581660160
1791661441.594,1066.644,zebrad,242660541,203291800,39368741,2273677312,4795953152,400437248,1855520768,4027875328,729489408,20,13581660160
1791661442.594,1067.644,indexer,1980847389,1621435470,359411918,13298651136,13353299968,1692790784,11283496960,7055958016,33443938304,26,13573447680
1791661442.594,1067.644,zebrad,242667791,203299050,39368741,2273677312,4795953152,400437248,1855520768,4027875328,729489408,20,13573447680
1791661443.594,1068.644,indexer,1983407867,1623759170,359648696,13136916480,13353299968,1522913280,11292307456,7064764416,33443938304,27,13735788544
1791661443.594,1068.644,zebrad,242675104,203305604,39369500,2273677312,4795953152,400437248,1855520768,4027875328,729489408,20,13735788544
1791661444.594,1069.644,indexer,1986157304,1626120241,360037062,13206962176,13353299968,1535782912,11347828736,7073513472,33443938304,27,13719097344
1791661444.594,1069.644,zebrad,242685212,203311846,39373366,2273677312,4795953152,400437248,1855520768,4027875328,729489408,20,13719097344
1791661445.594,1070.644,indexer,1988725353,1628104492,360620861,13381898240,13417160704,1546371072,11506343936,7084732416,33443942400,27,13721919488
1791661445.594,1070.644,zebrad,242694102,203319267,39374835,2205478912,4795953152,400437248,1787363328,4027875328,729489408,20,13721919488
1791661446.594,1071.645,indexer,1989344776,1628415857,360928919,13397049344,13445828608,1546616832,11520208896,7086186496,33960407040,27,13722456064
1791661446.594,1071.645,zebrad,242701389,203326513,39374876,2172444672,4795953152,400437248,1754333184,4027875328,729489408,20,13722456064
1791661447.594,1072.645,indexer,1989532215,1628510221,361021994,13399367680,13445828608,1548713984,11520569344,7086546944,34035552256,27,13703544832
1791661447.594,1072.645,zebrad,242707616,203332544,39375071,2172444672,4795953152,400437248,1754333184,4027875328,729489408,20,13703544832
1791661448.595,1073.645,indexer,1989791562,1628560516,361231045,13343367168,13448638464,1548713984,11465748480,7086989312,34119168000,27,13710450688
1791661448.595,1073.645,zebrad,242715541,203340469,39375071,2172440576,4795953152,400437248,1754333184,4027875328,729489408,20,13710450688
1791661449.595,1074.645,indexer,1990087983,1628661921,361426062,13344374784,13448638464,1548713984,11467055104,7088295936,34203045888,27,13683564544
1791661449.595,1074.645,zebrad,242715570,203340498,39375071,2172440576,4795953152,400437248,1754333184,4027875328,729489408,20,13683564544
1791661452.540,1077.590,indexer,1993261824,1631239778,362022046,13355425792,13448638464,1552908288,11473711104,7094951936,34552844288,26,13680513024
1791661452.540,1077.590,zebrad,242719922,203343805,39376116,2172440576,4795953152,400437248,1754333184,4027875328,729489408,20,13680513024
1791661453.540,1078.590,indexer,1995441049,1633007923,362433125,13373816832,13448638464,1561821184,11482828800,7104069632,34552844288,26,13673488384
1791661453.540,1078.590,zebrad,242728583,203352466,39376116,2172440576,4795953152,400437248,1754333184,4027875328,729489408,20,13673488384
1791661454.540,1079.590,indexer,1997478585,1634661936,362816649,13388988416,13448638464,1568112640,11491819520,7113060352,34552844288,26,13672919040
1791661454.540,1079.590,zebrad,242736212,203359381,39376830,2172440576,4795953152,400437248,1754333184,4027875328,729489408,20,13672919040
1791661455.540,1080.590,indexer,1999636179,1636399062,363237117,13406781440,13448638464,1576501248,11501252608,7122493440,34552844288,26,13665001472
1791661455.540,1080.590,zebrad,242744310,203367307,39377003,2172440576,4795953152,400437248,1754333184,4027875328,729489408,20,13665001472
1791661456.540,1081.591,indexer,2001647390,1638069883,363577506,13422198784,13448638464,1582792704,11510460416,7131705344,34552844288,26,13658226688
1791661456.540,1081.591,zebrad,242752286,203374125,39378161,2172231680,4795953152,400437248,1754333184,4027875328,729489408,20,13658226688
1791661457.540,1082.591,indexer,2003548127,1639653974,363894153,13438562304,13448638464,1590132736,11519209472,7140450304,34552844288,26,13654237184
1791661457.540,1082.591,zebrad,242759997,203380559,39379438,2172493824,4795953152,400437248,1754333184,4027875328,729489408,20,13654237184
1791661458.540,1083.591,indexer,2005072992,1641176478,363896513,13442273280,13448638464,1590132736,11523256320,7144497152,34552844288,26,13655556096
1791661458.540,1083.591,zebrad,242767709,203387155,39380553,2172489728,4795953152,400437248,1754333184,4027875328,729489408,20,13655556096
1791661459.541,1084.591,indexer,2006907784,1642936714,363971069,13347065856,13449351168,1594327040,11425480704,7150686208,34552844288,26,13672742912
1791661459.541,1084.591,zebrad,242775543,203394018,39381525,2172489728,4795953152,400437248,1754333184,4027875328,729489408,20,13672742912
1791661460.541,1085.591,indexer,2008826220,1644694271,364131948,13358071808,13449351168,1598521344,11432284160,7157489664,34552844288,26,13664296960
1791661460.541,1085.591,zebrad,242782801,203400235,39382566,2172456960,4795953152,400437248,1754333184,4027875328,729489408,20,13664296960
1791661461.541,1086.591,indexer,2010423072,1646263058,364160013,13366194176,13449351168,1602715648,11435950080,7161155584,34552844288,26,13663768576
1791661461.541,1086.591,zebrad,242790233,203407667,39382566,2172456960,4795953152,400437248,1754333184,4027875328,729489408,20,13663768576
1791661462.541,1087.591,indexer,2012428128,1648045480,364382648,13378002944,13449351168,1606909952,11443785728,7168991232,34552844288,26,13659488256
1791661462.541,1087.591,zebrad,242798302,203415735,39382566,2172456960,4795953152,400437248,1754333184,4027875328,729489408,20,13659488256
1791661463.541,1088.591,indexer,2013902916,1649497338,364405577,13385576448,13449351168,1609007104,11449020416,7174230016,34552844288,26,13659598848
1791661463.541,1088.591,zebrad,242805676,203423110,39382566,2172456960,4795953152,400437248,1754333184,4027875328,729489408,20,13659598848
1791661464.541,1089.591,indexer,2016024083,1651223215,364800867,13403074560,13449351168,1617395712,11458162688,7183368192,34552844288,26,13652058112
1791661464.541,1089.591,zebrad,242814094,203430662,39383431,2172456960,4795953152,400437248,1754333184,4027875328,729489408,20,13652058112
1791661465.541,1090.591,indexer,2018221013,1653018571,365202442,13420560384,13449351168,1625784320,11467104256,7192309760,34552844288,26,13641039872
1791661465.541,1090.591,zebrad,242822762,203439227,39383534,2172456960,4795953152,400437248,1754333184,4027875328,729489408,20,13641039872
1791661466.541,1091.591,indexer,2020284863,1654724450,365560413,13437661184,13449351168,1632075776,11478036480,7203250176,34552844288,26,13634420736
1791661466.541,1091.591,zebrad,242829601,203444089,39385512,2172456960,4795953152,400437248,1754333184,4027875328,729489408,20,13634420736
1791661467.541,1092.592,indexer,2022054970,1656241173,365813797,13454659584,13454659584,1636270080,11490824192,7216050176,34552844288,26,13630894080
1791661467.541,1092.592,zebrad,242836794,203450251,39386542,2172719104,4795953152,400437248,1754333184,4027875328,729489408,20,13630894080
1791661468.541,1093.592,indexer,2023653365,1657659797,365993567,13367156736,13455171584,1640468480,11399430144,7228715008,34552844288,26,13616992256
1791661468.541,1093.592,zebrad,242843807,203456263,39387544,2172956672,4795953152,400437248,1754333184,4027875328,729489408,20,13616992256
1791661469.541,1094.592,indexer,2025614510,1659263777,366350732,13379481600,13455171584,1645162496,11407351808,7239831552,34552844288,26,13612691456
1791661469.541,1094.592,zebrad,242851196,203462753,39388443,2172162048,4795953152,400437248,1753808896,4027875328,729489408,20,13612691456
1791661470.542,1095.592,indexer,2027354648,1660869413,366485235,13392670720,13455171584,1649086464,11416350720,7248830464,34552844288,26,13608644608
1791661470.542,1095.592,zebrad,242858990,203469581,39389409,2172424192,4795953152,400437248,1753808896,4027875328,729489408,20,13608644608
1791661471.542,1096.592,indexer,2028952630,1662280361,366672269,13408460800,13455171584,1652969472,11428425728,7260905472,34552844288,26,13610139648
1791661471.542,1096.592,zebrad,242866268,203475651,39390616,2172153856,4795953152,400437248,1753808896,4027875328,729489408,20,13610139648
1791661472.542,1097.592,indexer,2030744898,1663785301,366959596,13424226304,13455171584,1658458112,11438743552,7271227392,34552844288,26,13607292928
1791661472.542,1097.592,zebrad,242873747,203482217,39391530,2172411904,4795953152,400437248,1753808896,4027875328,729489408,20,13607292928
1791661473.542,1098.592,indexer,2032416026,1665241107,367174919,13440688128,13455171584,1662726144,11450908672,7283388416,34552844288,26,13605949440
1791661473.542,1098.592,zebrad,242881160,203489568,39391592,2172403712,4795953152,400437248,1753808896,4027875328,729489408,20,13605949440
1791661474.542,1099.592,indexer,2034066154,1666682460,367383693,13457403904,13457403904,1666777088,11463335936,7295815680,34552844288,26,13599817728
1791661474.542,1099.592,zebrad,242891854,203495133,39396720,2172399616,4795953152,400437248,1753808896,4027875328,729489408,20,13599817728
1791661475.542,1100.592,indexer,2035724611,1668120428,367604182,13400121344,13467811840,1671335936,11403444224,7307087872,34552844288,26,13595680768
1791661475.542,1100.592,zebrad,242899013,203500941,39398071,2139631616,4795953152,400449536,1721040896,4027875328,729489408,20,13595680768
1791661476.542,1101.593,indexer,2037449727,1669612623,367837104,13417218048,13467811840,1676275712,11415515136,7319158784,34552844288,26,13593960448
1791661476.542,1101.593,zebrad,242906592,203506748,39399843,2139623424,4795953152,400449536,1721040896,4027875328,729489408,20,13593960448
1791661477.542,1102.593,indexer,2039270971,1671167972,368102999,13433450496,13467811840,1680977920,11427373056,7331016704,34552844288,26,13586292736
1791661477.542,1102.593,zebrad,242914070,203513149,39400920,2139377664,4795953152,400449536,1721040896,4027875328,729489408,20,13586292736
1791661478.542,1103.593,indexer,2041150054,1672748789,368401264,13450067968,13467811840,1686564864,11438194688,7341838336,34552844288,26,13582573568
1791661478.542,1103.593,zebrad,242922255,203520306,39401949,2139369472,4795953152,400449536,1721040896,4027875328,729489408,20,13582573568
1791661479.543,1104.593,indexer,2043232644,1674443046,368789597,13442064384,13467811840,1693884416,11423191040,7350767616,34552844288,26,13581455360
1791661479.543,1104.593,zebrad,242930156,203528066,39402090,2135699456,4795953152,400449536,1717370880,4027875328,729489408,20,13581455360
1791661480.543,1105.593,indexer,2045527226,1676441572,369085653,13284413440,13467811840,1527095296,11433058304,7360634880,34552844288,27,13733896192
1791661480.543,1105.593,zebrad,242937641,203535314,39402326,2135699456,4795953152,400449536,1717370880,4027875328,729489408,20,13733896192
1791661481.543,1106.593,indexer,2047986483,1678678768,369307714,13304483840,13467811840,1535774720,11444174848,7371751424,34552848384,27,13723045888
1791661481.543,1106.593,zebrad,242945846,203543492,39402353,2135719936,4795953152,400449536,1717370880,4027875328,729489408,20,13723045888
1791661482.543,1107.593,indexer,2050478043,1680902729,369575314,13466243072,13467811840,1540247552,11597307904,7384186880,34552848384,27,13717835776
1791661482.543,1107.593,zebrad,242953574,203550945,39402629,2135715840,4795953152,400449536,1717370880,4027875328,729489408,20,13717835776
1791661483.543,1108.593,indexer,2052628484,1682556824,370071660,13463142400,13495468032,1546780672,11588460544,7415427072,34552848384,27,13717360640
1791661483.543,1108.593,zebrad,242961748,203559097,39402651,2135711744,4795953152,400449536,1717370880,4027875328,729489408,20,13717360640
1791661484.543,1109.593,indexer,2055007317,1684303384,370703933,13498925056,13506609152,1557622784,11612856320,7438569472,34552848384,27,13714235392
1791661484.543,1109.593,zebrad,242970099,203565877,39404222,2111991808,4795953152,400449536,1693040640,4027875328,729489408,20,13714235392
1791661485.543,1110.593,indexer,2055663041,1684631512,371031529,13453090816,13526274048,1557753856,11562803200,7440470016,35161657344,27,13706137600
1791661485.543,1110.593,zebrad,242977134,203572912,39404222,2103205888,4795953152,400449536,1684865024,4027875328,729489408,20,13706137600
1791661486.543,1111.593,indexer,2055826394,1684729096,371097298,13453316096,13526274048,1557753856,11563188224,7440855040,35218468864,27,13689868288
1791661486.543,1111.593,zebrad,242983948,203579726,39404222,2103205888,4795953152,400449536,1684865024,4027875328,729489408,20,13689868288
1791661487.543,1112.594,indexer,2056040802,1684840180,371200621,13453807616,13526274048,1557762048,11563593728,7441260544,35300278272,27,13680484352
1791661487.543,1112.594,zebrad,242990803,203585477,39405326,2103201792,4795953152,400449536,1684865024,4027875328,729489408,20,13680484352
1791661488.543,1113.594,indexer,2056252332,1684902856,371349476,13463744512,13526274048,1559859200,11571032064,7441756160,35384901632,27,13678592000
1791661488.543,1113.594,zebrad,242997463,203592034,39405428,2103201792,4795953152,400449536,1684865024,4027875328,729489408,20,13678592000
1791661489.543,1114.594,indexer,2056503317,1684959616,371543701,13464379392,13526274048,1559859200,11571683328,7442407424,35466133504,27,13678710784
1791661489.543,1114.594,zebrad,243004862,203598370,39406492,2103476224,4795953152,400449536,1684865024,4027875328,729489408,20,13678710784
1791661490.544,1115.594,indexer,2056738188,1684962979,371775209,13464858624,13526274048,1559859200,11572195328,7442919424,35568693248,27,13679505408
1791661490.544,1115.594,zebrad,243012328,203605765,39406562,2103463936,4795953152,400449536,1684865024,4027875328,729489408,20,13679505408
1791661491.544,1116.594,indexer,2056951837,1684979887,371971950,13465067520,13526274048,1559859200,11572551680,7443275776,35754573824,27,13680058368
1791661491.544,1116.594,zebrad,243018799,203610997,39407802,2103451648,4795953152,400449536,1684865024,4027875328,729489408,20,13680058368
1791661492.544,1117.594,indexer,2059097405,1686858736,372238669,13479280640,13526274048,1564450816,11581829120,7452553216,35754573824,26,13682294784
1791661492.544,1117.594,zebrad,243022010,203613171,39408838,2103451648,4795953152,400449536,1684865024,4027875328,729489408,20,13682294784
1791661494.238,1119.289,indexer,2063845668,1691272414,372573254,13503840256,13526274048,1574764544,11596005376,7466741760,35754573824,26,13670752256
1791661494.238,1119.289,zebrad,243025744,203615946,39409797,2103451648,4795953152,400449536,1684865024,4027875328,729489408,20,13670752256
1791661495.238,1120.289,indexer,2065697704,1692994220,372703484,13416869888,13526274048,1579257856,11506831360,7481606144,35754573824,26,13668335616
1791661495.238,1120.289,zebrad,243033957,203623968,39409988,2103201792,4795953152,400449536,1684865024,4027875328,729489408,20,13668335616
1791661496.238,1121.289,indexer,2067748427,1694638074,373110353,13432107008,13526274048,1585549312,11515899904,7490670592,35754573824,26,13658718208
1791661496.238,1121.289,zebrad,243041115,203631126,39409988,2103197696,4795953152,400449536,1684865024,4027875328,729489408,20,13658718208
1791661497.239,1122.289,indexer,2069846509,1696334943,373511566,13448249344,13526274048,1592889344,11524685824,7499456512,35754573824,26,13649272832
1791661497.239,1122.289,zebrad,243049230,203638367,39410863,2103234560,4795953152,400449536,1684865024,4027875328,729489408,20,13649272832
1791661498.239,1123.289,indexer,2072015707,1698113816,373901890,13465620480,13526274048,1601277952,11533832192,7508602880,35754573824,26,13640175616
1791661498.239,1123.289,zebrad,243056928,203644789,39412138,2103230464,4795953152,400449536,1684865024,4027875328,729489408,20,13640175616
1791661499.239,1124.289,indexer,2074157521,1699813120,374344401,13483397120,13526274048,1609666560,11543052288,7517822976,35754573824,26,13632507904
1791661499.239,1124.289,zebrad,243064705,203652446,39412259,2103230464,4795953152,400449536,1684865024,4027875328,729489408,20,13632507904
1791661500.239,1125.289,indexer,2076121966,1701469201,374652764,13500596224,13526274048,1614090240,11555602432,7530373120,35754573824,26,13629501440
1791661500.239,1125.289,zebrad,243071437,203659063,39412373,2103230464,4795953152,400449536,1684865024,4027875328,729489408,20,13629501440
1791661501.239,1126.289,indexer,2077996871,1703094256,374902614,13443993600,13526274048,1619447808,11496005632,7542505472,35754573824,26,13625315328
1791661501.239,1126.289,zebrad,243079514,203665803,39413710,2070978560,4795953152,400449536,1652621312,4027875328,729489408,20,13625315328
1791661502.239,1127.289,indexer,2080027591,1704720208,375307382,13460983808,13526274048,1626443776,11505778688,7552278528,35754573824,26,13616988160
1791661502.239,1127.289,zebrad,243087148,203673437,39413710,2071236608,4795953152,400449536,1652621312,4027875328,729489408,20,13616988160
1791661503.239,1128.289,indexer,2082219879,1706494922,375724956,13478449152,13526274048,1634832384,11514953728,7561453568,35754573824,26,13605490688
1791661503.239,1128.289,zebrad,243095168,203680359,39414809,2070966272,4795953152,400449536,1652621312,4027875328,729489408,20,13605490688
1791661504.239,1129.290,indexer,2084252717,1708512137,375740580,13487878144,13526274048,1639026688,11520053248,7566553088,35754573824,26,13601550336
1791661504.239,1129.290,zebrad,243103147,203688338,39414809,2070970368,4795953152,400449536,1652621312,4027875328,729489408,20,13601550336
1791661505.239,1130.290,indexer,2086178734,1710430197,375748537,13494730752,13526274048,1641123840,11524751360,7571251200,35754573824,26,13602246656
1791661505.239,1130.290,zebrad,243113080,203696968,39416111,2071244800,4795953152,400449536,1652621312,4027875328,729489408,20,13602246656
1791661506.239,1131.290,indexer,2088067351,1712293970,375773381,13503680512,13526274048,1645326336,11529535488,7576035328,35754573824,26,13602549760
1791661506.239,1131.290,zebrad,243120229,203701926,39418303,2071236608,4795953152,400482304,1652621312,4027875328,729489408,20,13602549760
1791661507.240,1132.290,indexer,2090150586,1714037423,376113162,13517193216,13526274048,1651617792,11536764928,7583264768,35754573824,26,13594648576
1791661507.240,1132.290,zebrad,243127955,203708372,39419583,2071236608,4795953152,400482304,1652621312,4027875328,729489408,20,13594648576
1791661508.240,1133.290,indexer,2091994679,1715609426,376385252,13533933568,13533933568,1657909248,11547217920,7593717760,35754573824,26,13585846272
1791661508.240,1133.290,zebrad,243135702,203714998,39420703,2071232512,4795953152,400482304,1652621312,4027875328,729489408,20,13585846272
1791661509.240,1134.290,indexer,2093669294,1717134821,376534473,13443428352,13546950656,1660006400,11457052672,7607525376,35754573824,26,13594001408
1791661509.240,1134.290,zebrad,243143057,203720292,39422765,2071232512,4795953152,400482304,1652621312,4027875328,729489408,20,13594001408
1791661510.240,1135.290,indexer,2095721243,1718824104,376897139,13461700608,13546950656,1668395008,11467059200,7617536000,35754573824,26,13569437696
1791661510.240,1135.290,zebrad,243151922,203727692,39424230,2071232512,4795953152,400482304,1652621312,4027875328,729489408,20,13569437696
1791661511.240,1136.290,indexer,2097622482,1720425939,377196543,13477289984,13546950656,1672589312,11478470656,7628943360,35754573824,26,13563645952
1791661511.240,1136.290,zebrad,243159104,203733004,39426100,2071232512,4795953152,400482304,1652621312,4027875328,729489408,20,13563645952
1791661512.240,1137.290,indexer,2099587852,1722036677,377551174,13493260288,13546950656,1678880768,11488333824,7638806528,35754573824,26,13550686208
1791661512.240,1137.290,zebrad,243166393,203740251,39426142,2071232512,4795953152,400482304,1652621312,4027875328,729489408,20,13550686208
1791661513.240,1138.291,indexer,2101471927,1723626618,377845309,13510541312,13546950656,1685172224,11499409408,7649882112,35754573824,26,13546070016
1791661513.240,1138.291,zebrad,243173831,203744609,39429222,2070994944,4795953152,400482304,1652621312,4027875328,729489408,20,13546070016
1791661514.240,1139.291,indexer,2103502225,1725279435,378222790,13525426176,13546950656,1691176960,11508613120,7659089920,35754573824,26,13547290624
1791661514.240,1139.291,zebrad,243181439,203750956,39430482,2070745088,4795953152,400482304,1652621312,4027875328,729489408,20,13547290624
1791661515.240,1140.291,indexer,2105637009,1726979635,378657374,13541765120,13546950656,1698959360,11516608512,7667081216,35754573824,26,13545725952
1791661515.240,1140.291,zebrad,243190387,203758915,39431472,2070745088,4795953152,400482304,1652621312,4027875328,729489408,20,13545725952
1791661516.241,1141.291,indexer,2107857473,1728852093,379005379,13278371840,13546950656,1532067840,11423031296,7677591552,35754573824,27,13723754496
1791661516.241,1141.291,zebrad,243198056,203766583,39431472,2070745088,4795953152,400482304,1652621312,4027875328,729489408,20,13723754496
1791661517.241,1142.291,indexer,2110267715,1731117141,379150573,13297037312,13546950656,1536266240,11438039040,7692599296,35754573824,27,13724946432
1791661517.241,1142.291,zebrad,243205368,203773896,39431472,2070740992,4795953152,400482304,1652621312,4027875328,729489408,20,13724946432
1791661518.241,1143.291,indexer,2112858678,1733259177,379599501,13441789952,13546950656,1549197312,11565830144,7703302144,35754573824,27,13712154624
1791661518.241,1143.291,zebrad,243213118,203781191,39431926,2070507520,4795953152,400482304,1652621312,4027875328,729489408,20,13712154624
1791661519.241,1144.291,indexer,2114899130,1734852065,380047064,13473460224,13560922112,1557950464,11584643072,7731142656,35754573824,27,13695873024
1791661519.241,1144.291,zebrad,243221385,203788579,39432805,2071015424,4795953152,400482304,1652621312,4027875328,729489408,20,13695873024
1791661520.241,1145.291,indexer,2115971883,1735453428,380518455,13500661760,13571649536,1560064000,11607543808,7735263232,36338208768,27,13680934912
1791661520.241,1145.291,zebrad,243228142,203793371,39434770,2038759424,4795953152,400482304,1620377600,4027875328,729489408,20,13680934912
1791661521.241,1146.291,indexer,2116118179,1735544593,380573585,13494996992,13571649536,1560064000,11602255872,7735554048,36387463168,27,13704163328
1791661521.241,1146.291,zebrad,243234724,203799701,39435023,2037182464,4795953152,400482304,1618804736,4027875328,729489408,20,13704163328
1791661522.241,1147.291,indexer,2116317029,1735694309,380622719,13495472128,13571649536,1560064000,11602919424,7736217600,36469714944,27,13679243264
1791661522.241,1147.291,zebrad,243242055,203806984,39435071,2037182464,4795953152,400482304,1618804736,4027875328,729489408,20,13679243264
1791661523.241,1148.292,indexer,2116537733,1735768013,380769719,13506969600,13571649536,1560064000,11613855744,7736848384,36555673600,27,13668122624
1791661523.241,1148.292,zebrad,243248705,203812854,39435851,2037174272,4795953152,400482304,1618804736,4027875328,729489408,20,13668122624
1791661524.241,1149.292,indexer,2116757482,1735804511,380952971,13507719168,13571649536,1560064000,11614560256,7737552896,36645158912,27,13669367808
1791661524.241,1149.292,zebrad,243256042,203820142,39435900,2037436416,4795953152,400482304,1618804736,4027875328,729489408,20,13669367808
1791661525.241,1150.292,indexer,2116974522,1735843672,381130849,13508177920,13571649536,1560064000,11615158272,7738150912,36743483392,27,13669900288
1791661525.241,1150.292,zebrad,243263896,203827863,39436033,2037166080,4795953152,400482304,1618804736,4027875328,729489408,20,13669900288
1791661526.242,1151.292,indexer,2117203571,1735885369,381318202,13508902912,13571649536,1560207360,11615850496,7738843136,36886568960,27,13671616512
1791661526.242,1151.292,zebrad,243270845,203834811,39436033,2037166080,4795953152,400482304,1618804736,4027875328,729489408,20,13671616512
1791661527.242,1152.292,indexer,2118502951,1736922390,381580561,13520072704,13571649536,1563557888,11623587840,7746580480,36959444992,26,13677289472
1791661527.242,1152.292,zebrad,243274980,203838941,39436038,2037166080,4795953152,400482304,1618804736,4027875328,729489408,20,13677289472
1791661529.038,1154.089,indexer,2123148706,1741335529,381813177,13547413504,13571649536,1571434496,11642667008,7765659648,36959444992,26,13675704320
1791661529.038,1154.089,zebrad,243278555,203841421,39437134,2036899840,4795953152,400482304,1618804736,4027875328,729489408,20,13675704320
1791661530.038,1155.089,indexer,2125178863,1742990677,382188185,13563584512,13571649536,1578323968,11651928064,7774920704,36959444992,26,13673295872
1791661530.038,1155.089,zebrad,243286453,203849179,39437274,2037178368,4795953152,400482304,1618804736,4027875328,729489408,20,13673295872
1791661531.039,1156.089,indexer,2127178163,1744627945,382550218,13579358208,13579358208,1585094656,11660963840,7783956480,36959444992,26,13668556800
1791661531.039,1156.089,zebrad,243294617,203857342,39437274,2037178368,4795953152,400482304,1618804736,4027875328,729489408,20,13668556800
1791661532.039,1157.089,indexer,2129178477,1746250541,382927936,13520187392,13591756800,1591857152,11596943360,7792607232,36959444992,26,13663686656
1791661532.039,1157.089,zebrad,243301632,203864340,39437291,2005708800,4795953152,400482304,1587609600,4027875328,729489408,20,13663686656
1791661533.039,1158.089,indexer,2130969215,1747813204,383156011,13536804864,13591756800,1596956672,11608215552,7803879424,36959444992,26,13658386432
1791661533.039,1158.089,zebrad,243309649,203871519,39438130,2005970944,4795953152,400482304,1587609600,4027875328,729489408,20,13658386432
1791661534.039,1159.089,indexer,2132863926,1749413202,383450724,13553303552,13591756800,1602686976,11618947072,7814610944,36959444992,26,13653037056
1791661534.039,1159.089,zebrad,243317661,203878693,39438967,2006237184,4795953152,400482304,1587609600,4027875328,729489408,20,13653037056
1791661535.039,1160.089,indexer,2134745411,1750951004,383794406,13569077248,13591756800,1609777152,11627905024,7823568896,36959444992,26,13645721600
1791661535.039,1160.089,zebrad,243327941,203887768,39440172,2006228992,4795953152,400498688,1587609600,4027875328,729489408,20,13645721600
1791661536.039,1161.089,indexer,2136885818,1752642597,384243220,13585485824,13591756800,1617616896,11635957760,7831621632,36959444992,26,13637476352
1791661536.039,1161.089,zebrad,243335920,203894589,39441331,2006224896,4795953152,400498688,1587609600,4027875328,729489408,20,13637476352
1791661537.039,1162.089,indexer,2138886192,1754260174,384626018,13601349632,13601361920,1624514560,11644977152,7840645120,36959444992,26,13630345216
1791661537.039,1162.089,zebrad,243342977,203900637,39442339,2005966848,4795953152,400498688,1587609600,4027875328,729489408,20,13630345216
1791661538.039,1163.090,indexer,2140467502,1755674570,384792932,13608919040,13608972288,1628286976,11649335296,7844999168,36959444992,26,13626896384
1791661538.039,1163.090,zebrad,243350750,203908127,39442622,2005966848,4795953152,400498688,1587609600,4027875328,729489408,20,13626896384
1791661539.039,1164.090,indexer,2142034948,1757094203,384940745,13617954816,13617987584,1632079872,11654406144,7850074112,36959444992,26,13623160832
1791661539.039,1164.090,zebrad,243358692,203915244,39443448,2005962752,4795953152,400498688,1587609600,4027875328,729489408,20,13623160832
1791661540.040,1165.090,indexer,2143617356,1758506726,385110629,13520650240,13622153216,1635766272,11555487744,7855132672,36959444992,26,13618266112
1791661540.040,1165.090,zebrad,243366643,203922041,39444602,2006220800,4795953152,400498688,1587609600,4027875328,729489408,20,13618266112
1791661541.040,1166.090,indexer,2145215946,1759985196,385230749,13530202112,13622153216,1639108608,11562070016,7861706752,36959444992,26,13615874048
1791661541.040,1166.090,zebrad,243373426,203928701,39444724,2006220800,4795953152,400498688,1587609600,4027875328,729489408,20,13615874048
1791661542.040,1167.090,indexer,2146869774,1761491488,385378286,13540732928,13622153216,1643204608,11568418816,7868055552,36959444992,26,13611708416
1791661542.040,1167.090,zebrad,243381253,203936400,39444852,2006216704,4795953152,400498688,1587609600,4027875328,729489408,20,13611708416
1791661543.040,1168.090,indexer,2148550976,1763052470,385498506,13549830144,13622153216,1646952448,11573755904,7873392640,36959444992,26,13607755776
1791661543.040,1168.090,zebrad,243388661,203943748,39444913,2006220800,4795953152,400498688,1587609600,4027875328,729489408,20,13607755776
1791661544.040,1169.090,indexer,2150544196,1764716202,385827993,13563527168,13622153216,1653370880,11581063168,7880704000,36959444992,26,13601443840
1791661544.040,1169.090,zebrad,243395266,203950259,39445006,2006216704,4795953152,400498688,1587609600,4027875328,729489408,20,13601443840
1791661545.040,1170.090,indexer,2152635559,1766605027,386030532,13575725056,13622153216,1658642432,11587883008,7887523840,36959444992,26,13595332608
1791661545.040,1170.090,zebrad,243403237,203957915,39445321,2005946368,4795953152,400498688,1587609600,4027875328,729489408,20,13595332608
1791661546.040,1171.090,indexer,2154620846,1768555997,386064848,13584244736,13622153216,1662066688,11593109504,7892746240,36959444992,26,13592260608
1791661546.040,1171.090,zebrad,243410791,203964869,39445922,2006208512,4795953152,400498688,1587609600,4027875328,729489408,20,13592260608
1791661547.040,1172.090,indexer,2156589687,1770151906,386437780,13598191616,13622153216,1668677632,11600642048,7900278784,36959444992,26,13585666048
1791661547.040,1172.090,zebrad,243418237,203972085,39446151,2005954560,4795953152,400498688,1587609600,4027875328,729489408,20,13585666048
1791661548.040,1173.091,indexer,2158616899,1771818473,386798426,13614116864,13622153216,1675948032,11608875008,7908515840,36959444992,26,13578194944
1791661548.040,1173.091,zebrad,243425489,203978297,39447192,2006212608,4795953152,400498688,1587609600,4027875328,729489408,20,13578194944
1791661549.040,1174.091,indexer,2160745300,1773580110,387165189,13525069824,13622153216,1683677184,11513155584,7916830720,36959444992,26,13571313664
1791661549.040,1174.091,zebrad,243433921,203984655,39449265,2006212608,4795953152,400498688,1587609600,4027875328,729489408,20,13571313664
1791661550.041,1175.091,indexer,2162824905,1775266588,387558317,13539811328,13622153216,1690996736,11520225280,7923900416,36959444992,26,13563838464
1791661550.041,1175.091,zebrad,243440868,203990775,39450093,2006212608,4795953152,400498688,1587609600,4027875328,729489408,20,13563838464
1791661551.041,1176.091,indexer,2164932383,1776970283,387962100,13555564544,13622153216,1698627584,11528413184,7932088320,36959444992,26,13556551680
1791661551.041,1176.091,zebrad,243448626,203996569,39452057,2006212608,4795953152,400498688,1587609600,4027875328,729489408,20,13556551680
1791661552.041,1177.091,indexer,2166221207,1778251882,387969324,13566808064,13622153216,1700007936,11538554880,7942230016,36959444992,26,13554941952
1791661552.041,1177.091,zebrad,243455654,204002592,39453061,2006204416,4795953152,400498688,1587609600,4027875328,729489408,20,13554941952
1791661553.041,1178.091,indexer,2167670284,1779700959,387969324,13589680128,13622153216,1700581376,11560837120,7964520448,36959444992,26,13553336320
1791661553.041,1178.091,zebrad,243462998,204008882,39454116,2005938176,4795953152,400498688,1587609600,4027875328,729489408,20,13553336320
1791661554.041,1179.091,indexer,2169116668,1781147343,387969324,13612175360,13622153216,1701568512,11582251008,7985926144,36959444992,26,13553700864
1791661554.041,1179.091,zebrad,243470795,204014708,39456087,2005934080,4795953152,400498688,1587609600,4027875328,729489408,20,13553700864
1791661555.041,1180.091,indexer,2170639477,1782670152,387969324,13561479168,13622153216,1702731776,11530297344,8007372800,36959444992,26,13552414720
1791661555.041,1180.091,zebrad,243478226,204021749,39456477,1975525376,4795953152,400498688,1556938752,4027875328,729489408,20,13552414720
1791661556.041,1181.091,indexer,2172170720,1784201396,387969324,13582675968,13622153216,1704407040,11549650944,8026730496,36959444992,26,13551448064
1791661556.041,1181.091,zebrad,243485472,204028995,39456477,1975525376,4795953152,400498688,1556938752,4027875328,729489408,20,13551448064
1791661557.041,1182.091,indexer,2174204666,1786051833,388152833,13600387072,13622153216,1711337472,11560640512,8037789696,36959444992,26,13533200384
1791661557.041,1182.091,zebrad,243493297,204035815,39457481,1975525376,4795953152,400498688,1556938752,4027875328,729489408,20,13533200384
1791661558.041,1183.092,indexer,2176605533,1788325230,388280303,13447495680,13622153216,1541734400,11577708544,8054784000,36959444992,27,13701738496
1791661558.041,1183.092,zebrad,243500542,204042021,39458520,1975525376,4795953152,400498688,1556938752,4027875328,729489408,20,13701738496
1791661559.041,1184.092,indexer,2179166581,1790719954,388446627,13466066944,13622153216,1541734400,11596242944,8073318400,36959444992,27,13706387456
1791661559.041,1184.092,zebrad,243508058,204046770,39461287,1975250944,4795953152,400498688,1556938752,4027875328,729489408,20,13706387456
1791661560.042,1185.092,indexer,2181672590,1792854691,388817899,13564280832,13643354112,1555554304,11677843456,8095547392,36959444992,27,13689884672
1791661560.042,1185.092,zebrad,243516063,204054618,39461445,1975250944,4795953152,400498688,1556938752,4027875328,729489408,20,13689884672
1791661561.042,1186.092,indexer,2183141656,1793780291,389361364,13627969536,13643792384,1557651456,11735347200,8103538688,37459656704,27,13677576192
1791661561.042,1186.092,zebrad,243523030,204061270,39461759,1975513088,4795953152,400498688,1556938752,4027875328,729489408,20,13677576192
1791661562.042,1187.092,indexer,2183296227,1793872970,389423257,13522579456,13643792384,1557651456,11631833088,8104075264,37535604736,27,13679566848
1791661562.042,1187.092,zebrad,243530024,204067944,39462079,1975508992,4795953152,400498688,1556938752,4027875328,729489408,20,13679566848
1791661563.042,1188.092,indexer,2183490357,1793977072,389513284,13523353600,13643792384,1557651456,11632611328,8104861696,37620895744,27,13668655104
1791661563.042,1188.092,zebrad,243537427,204074121,39463306,1975504896,4795953152,400498688,1556938752,4027875328,729489408,20,13668655104
1791661564.042,1189.092,indexer,2183698723,1794061924,389636798,13541892096,13643792384,1557651456,11650555904,8105631744,37706473472,27,13669695488
1791661564.042,1189.092,zebrad,243545645,204082309,39463335,1975500800,4795953152,400498688,1556938752,4027875328,729489408,20,13669695488
1791661566.015,1191.066,indexer,2185566223,1795696795,389869427,13544595456,13643792384,1557651456,11652661248,8107728896,37894721536,27,13672026112
1791661566.015,1191.066,zebrad,243555166,204090585,39464580,1975500800,4795953152,400510976,1556938752,4027875328,729489408,20,13672026112
1791661567.015,1192.066,indexer,2185753372,1795707860,390045511,13545099264,13643792384,1557737472,11653304320,8108371968,38037602304,27,13672087552
1791661567.015,1192.066,zebrad,243561731,204097151,39464580,1975492608,4795953152,400510976,1556938752,4027875328,729489408,20,13672087552
1791661568.015,1193.066,indexer,2186611372,1796390809,390220562,13553922048,13643792384,1559375872,11660525568,8115601408,38172229632,26,13672558592
1791661568.015,1193.066,zebrad,243569172,204103271,39465901,1975226368,4795953152,400510976,1557004288,4027875328,729489408,20,13672558592
1791661569.016,1194.066,indexer,2188628629,1798207594,390421034,13576355840,13643792384,1564184576,11678007296,8133083136,38172229632,26,13667987456
1791661569.016,1194.066,zebrad,243577179,204111278,39465901,1975226368,4795953152,400510976,1557004288,4027875328,729489408,20,13667987456
1791661570.016,1195.066,indexer,2190616027,1799979141,390636885,13598785536,13643792384,1568378880,11696570368,8151638016,38172229632,26,13668057088
1791661570.016,1195.066,zebrad,243585127,204119226,39465901,1974988800,4795953152,400510976,1557004288,4027875328,729489408,20,13668057088
1791661571.016,1196.066,indexer,2192603589,1801757515,390846073,13621825536,13643792384,1572573184,11715162112,8170229760,38172229632,26,13663887360
1791661571.016,1196.066,zebrad,243592559,204126658,39465901,1974988800,4795953152,400510976,1557004288,4027875328,729489408,20,13663887360
1791661572.016,1197.066,indexer,2194498171,1803449840,391048330,13567389696,13643792384,1577291776,11657830400,8186687488,38172229632,26,13690175488
1791661572.016,1197.066,zebrad,243599542,204133641,39465901,1945104384,4795953152,400510976,1526857728,4027875328,729489408,20,13690175488
1791661573.016,1198.066,indexer,2196413520,1805192547,391220972,13588783104,13643792384,1581486080,11674619904,8203468800,38172229632,26,13685612544
1791661573.016,1198.066,zebrad,243606852,204140870,39465982,1945104384,4795953152,400510976,1526857728,4027875328,729489408,20,13685612544
1791661574.016,1199.066,indexer,2197992805,1806709907,391282898,13605896192,13643792384,1583583232,11689857024,8218705920,38172229632,26,13678891008
1791661574.016,1199.066,zebrad,243614749,204148767,39465982,1945071616,4795953152,400510976,1526857728,4027875328,729489408,20,13678891008
1791661575.016,1200.066,indexer,2199594390,1808283834,391310555,13618716672,13643792384,1585680384,11700641792,8229490688,38172229632,26,13680287744
1791661575.016,1200.066,zebrad,243622290,204156249,39466041,1945067520,4795953152,400510976,1526857728,4027875328,729489408,20,13680287744
1791661576.016,1201.067,indexer,2201129425,1809752772,391376653,13633343488,13643792384,1587781632,11712946176,8241795072,38172229632,26,13675806720
1791661576.016,1201.067,zebrad,243629340,204161449,39467890,1945067520,4795953152,400510976,1526857728,4027875328,729489408,20,13675806720
1791661577.016,1202.067,indexer,2202909934,1811302070,391607863,13643657216,13643792384,1591975936,11718979584,8247828480,38172229632,26,13670838272
1791661577.016,1202.067,zebrad,243636583,204168659,39467924,1945100288,4795953152,400510976,1526857728,4027875328,729489408,20,13670838272
1791661578.017,1203.067,indexer,2204793855,1812890468,391903386,13658030080,13658030080,1598267392,11726999552,8255848448,38172229632,26,13662842880
1791661578.017,1203.067,zebrad,243644442,204176517,39467924,1945100288,4795953152,400510976,1526857728,4027875328,729489408,20,13662842880
1791661579.017,1204.067,indexer,2206686016,1814509758,392176257,13671387136,13671387136,1603510272,11735162880,8264011776,38172229632,26,13658877952
1791661579.017,1204.067,zebrad,243652245,204184320,39467924,1945100288,4795953152,400510976,1526857728,4027875328,729489408,20,13658877952
1791661580.017,1205.067,indexer,2208709891,1816178162,392531729,13684826112,13684830208,1609801728,11742195712,8271044608,38172229632,26,13656879104
1791661580.017,1205.067,zebrad,243659793,204191173,39468619,1945100288,4795953152,400510976,1526857728,4027875328,729489408,20,13656879104
1791661581.017,1206.067,indexer,2210720700,1817819669,392901030,13596483584,13694935040,1618190336,11645874176,8278777856,38172229632,26,13647908864
1791661581.017,1206.067,zebrad,243667506,204198613,39468892,1945358336,4795953152,400510976,1526857728,4027875328,729489408,20,13647908864
1791661582.017,1207.067,indexer,2212686264,1819394319,393291944,13609734144,13694935040,1624481792,11653537792,8286441472,38172229632,26,13621739520
1791661582.017,1207.067,zebrad,243675196,204206303,39468892,1945358336,4795953152,400510976,1526857728,4027875328,729489408,20,13621739520
1791661583.017,1208.067,indexer,2214166845,1820752101,393414744,13619445760,13694935040,1628676096,11659264000,8292167680,38172229632,26,13619875840
1791661583.017,1208.067,zebrad,243682804,204213195,39469608,1945358336,4795953152,400510976,1526857728,4027875328,729489408,20,13619875840
1791661584.017,1209.067,indexer,2215620264,1822083399,393536864,13627437056,13694935040,1630773248,11664904192,8297807872,38172229632,26,13622259712
1791661584.017,1209.067,zebrad,243690089,204220440,39469649,1945358336,4795953152,400510976,1526857728,4027875328,729489408,20,13622259712
1791661585.017,1210.068,indexer,2217123533,1823492597,393630936,13637808128,13694935040,1634967552,11671158784,8304062464,38172229632,26,13621243904
1791661585.017,1210.068,zebrad,243697267,204226590,39470677,1945354240,4795953152,400510976,1526857728,4027875328,729489408,20,13621243904
1791661586.017,1211.068,indexer,2218637318,1824927336,393709981,13646020608,13694935040,1637064704,11677261824,8310165504,38172229632,26,13621547008
1791661586.017,1211.068,zebrad,243705385,204234533,39470852,1945346048,4795953152,400510976,1526857728,4027875328,729489408,20,13621547008
1791661587.017,1212.068,indexer,2220150967,1826326969,393823998,13654286336,13694935040,1639161856,11683598336,8316502016,38172229632,26,13616414720
1791661587.017,1212.068,zebrad,243712598,204241716,39470881,1945346048,4795953152,400510976,1526857728,4027875328,729489408,20,13616414720
1791661588.018,1213.068,indexer,2221694666,1827780045,393914621,13665116160,13694935040,1643356160,11689963520,8322867200,38172229632,26,13618171904
1791661588.018,1213.068,zebrad,243719526,204248499,39471027,1945346048,4795953152,400510976,1526857728,4027875328,729489408,20,13618171904
1791661589.018,1214.068,indexer,2223213561,1829225585,393987976,13673070592,13694935040,1645453312,11695935488,8328839168,38172229632,26,13615202304
1791661589.018,1214.068,zebrad,243726448,204255421,39471027,1945341952,4795953152,400510976,1526857728,4027875328,729489408,20,13615202304
1791661590.018,1215.068,indexer,2224726182,1830647941,394078240,13681012736,13694935040,1647480832,11701739520,8334643200,38172229632,26,13614678016
1791661590.018,1215.068,zebrad,243733401,204261562,39471838,1945337856,4795953152,400510976,1526857728,4027875328,729489408,20,13614678016
1791661591.018,1216.068,indexer,2226425663,1832163604,394262058,13691535360,13694935040,1651712000,11708239872,8341143552,38172229632,26,13615927296
1791661591.018,1216.068,zebrad,243740702,204267978,39472723,1915711488,4795953152,400510976,1497235456,4027875328,729489408,20,13615927296
1791661592.018,1217.068,indexer,2228125694,1833718785,394406909,13629235200,13694935040,1656037376,11641663488,8348864512,38172229632,26,13612883968
1791661592.018,1217.068,zebrad,243748470,204275627,39472842,1915707392,4795953152,400510976,1497235456,4027875328,729489408,20,13612883968
1791661593.018,1218.068,indexer,2230003934,1835293586,394710348,13636243456,13694935040,1661833216,11643047936,8357064704,38172229632,26,13611950080
1791661593.018,1218.068,zebrad,243756906,204283836,39473069,1914527744,4795953152,400510976,1496186880,4027875328,729489408,20,13611950080
1791661594.018,1219.068,indexer,2231870460,1836836565,395033894,13649813504,13694935040,1667334144,11650805760,8364822528,38172229632,26,13605236736
1791661594.018,1219.068,zebrad,243765184,204292114,39473069,1914527744,4795953152,400510976,1496186880,4027875328,729489408,20,13605236736
1791661595.018,1220.069,indexer,2233463059,1838283232,395179826,13659222016,13694935040,1670807552,11656871936,8370888704,38172229632,26,13599580160
1791661595.018,1220.069,zebrad,243775617,204302548,39473069,1914781696,4795953152,400510976,1496186880,4027875328,729489408,20,13599580160
1791661596.018,1221.069,indexer,2235153191,1839800449,395352742,13671231488,13694935040,1674969088,11664326656,8378343424,38172229632,26,13594382336
1791661596.018,1221.069,zebrad,243782878,204308992,39473886,1914777600,4795953152,400510976,1496186880,4027875328,729559040,20,13594382336
1791661597.018,1222.069,indexer,2236764085,1841261371,395502713,13681168384,13694935040,1678663680,11670949888,8384966656,38172233728,26,13592416256
1791661597.018,1222.069,zebrad,243790219,204315603,39474615,1914773504,4795953152,400510976,1496186880,4027875328,729559040,20,13592416256
1791661598.019,1223.069,indexer,2238321393,1842715194,395606198,13692694528,13694935040,1681588224,11679211520,8393453568,38172233728,26,13590667264
1791661598.019,1223.069,zebrad,243797232,204321615,39475617,1914515456,4795953152,400510976,1496186880,4027875328,729559040,20,13590667264
1791661599.019,1224.069,indexer,2239805484,1844072080,395733403,13701709824,13701722112,1684922368,11685228544,8399245312,38172233728,26,13587480576
1791661599.019,1224.069,zebrad,243804526,204328867,39475659,1914777600,4795953152,400510976,1496186880,4027875328,729559040,20,13587480576
1791661600.019,1225.069,indexer,2241302371,1845429451,395872919,13710270464,13710299136,1688199168,11690610688,8404627456,38172233728,26,13584191488
1791661600.019,1225.069,zebrad,243811833,204334120,39477713,1914769408,4795953152,400510976,1496186880,4027875328,729559040,20,13584191488
1791661601.019,1226.069,indexer,2242765530,1846823177,395942353,13718773760,13718777856,1691217920,11695919104,8409935872,38172233728,26,13581381632
1791661601.019,1226.069,zebrad,243819112,204341359,39477752,1914765312,4795953152,400510976,1496186880,4027875328,729559040,20,13581381632
1791661602.019,1227.069,indexer,2244371891,1848312364,396059527,13728796672,13728813056,1694601216,11702431744,8416448512,38172233728,26,13577117696
1791661602.019,1227.069,zebrad,243826014,204347278,39478736,1914765312,4795953152,400510976,1496186880,4027875328,729559040,20,13577117696
1791661603.019,1228.069,indexer,2245966914,1849713281,396253632,13637095424,13728813056,1698791424,11608551424,8426569728,38172233728,26,13574242304
1791661603.019,1228.069,zebrad,243833310,204354574,39478736,1914544128,4795953152,400510976,1496186880,4027875328,729559040,20,13574242304
1791661604.019,1229.069,indexer,2247802108,1851249806,396552302,13651853312,13728813056,1705013248,11617099776,8435126272,38172233728,26,13567418368
1791661604.019,1229.069,zebrad,243841253,204362516,39478736,1914802176,4795953152,400510976,1496186880,4027875328,729559040,20,13567418368
1791661605.019,1230.069,indexer,2249589721,1852766339,396823382,13666160640,13728813056,1710579712,11625783296,8443801600,38172233728,26,13561819136
1791661605.019,1230.069,zebrad,243848075,204368504,39479571,1914802176,4795953152,400510976,1496186880,4027875328,729559040,20,13561819136
1791661606.019,1231.070,indexer,2251604836,1854500615,397104221,13508366336,13728813056,1544507392,11634495488,8452513792,38172233728,27,13715329024
1791661606.019,1231.070,zebrad,243854672,204371994,39482677,1914798080,4795953152,400510976,1496186880,4027875328,729559040,20,13715329024
1791661607.020,1232.070,indexer,2254214539,1856780218,397434321,13527805952,13728813056,1553182720,11645157376,8463179776,38172233728,27,13707280384
1791661607.020,1232.070,zebrad,243861799,204379122,39482677,1914793984,4795953152,400510976,1496186880,4027875328,729559040,20,13707280384
1791661608.020,1233.070,indexer,2256737938,1858981759,397756179,13543202816,13728813056,1557377024,11656392704,8474411008,38172233728,27,13706825728
1791661608.020,1233.070,zebrad,243869787,204387109,39482677,1914548224,4795953152,400510976,1496186880,4027875328,729559040,20,13706825728
1791661609.020,1234.070,indexer,2259124317,1860811097,398313219,13663158272,13728813056,1563635712,11765284864,8485871616,38172233728,27,13687705600
1791661609.020,1234.070,zebrad,243877626,204394294,39483331,1885184000,4795953152,400510976,1466826752,4027875328,729559040,20,13687705600
1791661610.020,1235.070,indexer,2259605026,1861041653,398563372,13688934400,13728813056,1563635712,11790176256,8487038976,38670262272,27,13698940928
1791661610.020,1235.070,zebrad,243884846,204400316,39484529,1885175808,4795953152,400510976,1466826752,4027875328,729559040,20,13698940928
1791661611.020,1236.070,indexer,2259787556,1861150796,398636760,13689188352,13728813056,1563635712,11790553088,8487415808,38753472512,27,13683892224
1791661611.020,1236.070,zebrad,243891681,204406858,39484822,1885171712,4795953152,400510976,1466826752,4027875328,729559040,20,13683892224
1791661612.020,1237.070,indexer,2260027317,1861291541,398735775,13691547648,13728813056,1565732864,11791007744,8487870464,38836273152,27,13678227456
1791661612.020,1237.070,zebrad,243898128,204411716,39486411,1885171712,4795953152,400510976,1466826752,4027875328,729559040,20,13678227456
1791661613.020,1238.070,indexer,2260280350,1861340032,398940318,13638557696,13731528704,1565732864,11737649152,8488394752,38922240000,27,13685133312
1791661613.020,1238.070,zebrad,243904658,204418165,39486493,1885171712,4795953152,400510976,1466826752,4027875328,729559040,20,13685133312
1791661614.020,1239.071,indexer,2260548805,1861426002,399122802,13639213056,13731528704,1565732864,11738218496,8488964096,39008518144,27,13674762240
1791661614.020,1239.071,zebrad,243911464,204424971,39486493,1884925952,4795953152,400510976,1466826752,4027875328,729559040,20,13674762240
1791661615.020,1240.071,indexer,2260806020,1861500068,399305951,13639475200,13731528704,1565732864,11738779648,8489525248,39105794048,27,13528031232
1791661615.020,1240.071,zebrad,243917937,204431246,39486690,1884663808,4795953152,400510976,1466564608,4027875328,729559040,20,13528031232
1791661616.020,1241.071,indexer,2261035081,1861537894,399497187,13432197120,13731528704,1565732864,11534299136,8489922560,39296868352,27,13685911552
1791661616.020,1241.071,zebrad,243925177,204438290,39486886,1881776128,4795953152,400510976,1463681024,4027875328,729559040,20,13685911552
1791661617.021,1242.071,indexer,2262168137,1862421968,399746169,13440700416,13731528704,1569927168,11538440192,8494067712,39417729024,26,13676937216
1791661617.021,1242.071,zebrad,243933234,204444660,39488573,1881776128,4795953152,400510976,1463681024,4027875328,729559040,20,13676937216
1791661618.021,1243.071,indexer,2264504055,1864614192,399889863,13453590528,13731528704,1574121472,11546882048,8502505472,39417729024,26,13673762816
1791661618.021,1243.071,zebrad,243933234,204444660,39488573,1881776128,4795953152,400510976,1463681024,4027875328,729559040,20,13673762816
1791661619.258,1244.308,indexer,2267743983,1867731564,400012419,13466218496,13731528704,1578840064,11554643968,8510267392,39417729024,26,13668552704
1791661619.258,1244.308,zebrad,243937290,204448710,39488579,1881776128,4795953152,400510976,1463681024,4027875328,729559040,20,13668552704
1791661620.258,1245.308,indexer,2269639104,1869335364,400303740,13480701952,13731528704,1585131520,11562647552,8518270976,39417729024,26,13660639232
1791661620.258,1245.308,zebrad,243944631,204454154,39490476,1882038272,4795953152,400510976,1463681024,4027875328,729559040,20,13660639232
1791661621.258,1246.308,indexer,2271291797,1870852300,400439496,13491331072,13731528704,1589325824,11569307648,8524931072,39417729024,26,13660504064
1791661621.258,1246.308,zebrad,243951870,204460030,39491839,1882038272,4795953152,400510976,1463681024,4027875328,729559040,20,13660504064
1791661622.258,1247.308,indexer,2272876858,1872300385,400576473,13500461056,13731528704,1591422976,11576532992,8532156416,39417729024,26,13653958656
1791661622.258,1247.308,zebrad,243959691,204467724,39491967,1882042368,4795953152,400510976,1463681024,4027875328,729559040,20,13653958656
1791661623.258,1248.308,indexer,2274485566,1873736219,400749346,13511704576,13731528704,1595617280,11584327680,8539951104,39417729024,26,13640753152
1791661623.258,1248.308,zebrad,243967036,204475019,39492017,1882042368,4795953152,400510976,1463681024,4027875328,729559040,20,13640753152
1791661624.258,1249.308,indexer,2276023552,1875163220,400860332,13521887232,13731528704,1599811584,11590385664,8546009088,39417729024,26,13638537216
1791661624.258,1249.308,zebrad,243975122,204481929,39493192,1882042368,4795953152,400510976,1463681024,4027875328,729559040,20,13638537216
1791661625.258,1250.308,indexer,2277546990,1876621486,400925504,13526343680,13731528704,1601908736,11592794112,8548417536,39417729024,26,13635502080
1791661625.258,1250.308,zebrad,243984991,204491148,39493843,1882042368,4795953152,400510976,1463681024,4027875328,729559040,20,13635502080
1791661626.258,1251.308,indexer,2279343702,1878228146,401115556,13535780864,13731528704,1607151616,11596963840,8552587264,39417729024,26,13626560512
1791661626.258,1251.308,zebrad,243992987,204497821,39495166,1882042368,4795953152,400510976,1463681024,4027875328,729559040,20,13626560512
1791661627.258,1252.309,indexer,2280954768,1879760324,401194444,13540536320,13731528704,1609248768,11599761408,8555384832,39417729024,26,13628538880
1791661627.258,1252.309,zebrad,244000476,204505309,39495166,1882042368,4795953152,400510976,1463681024,4027875328,729559040,20,13628538880
1791661628.258,1253.309,indexer,2282500423,1881248168,401252254,13545365504,13731528704,1611345920,11602063360,8557686784,39417729024,26,13628526592
1791661628.258,1253.309,zebrad,244007860,204512046,39495813,1881952256,4795953152,400510976,1463681024,4027875328,729559040,20,13628526592
1791661629.259,1254.309,indexer,2284095000,1882768782,401326218,13552513024,13731528704,1615540224,11604938752,8560562176,39417729024,26,13625229312
1791661629.259,1254.309,zebrad,244015105,204519257,39495847,1881767936,4795953152,400510976,1463681024,4027875328,729559040,20,13625229312
1791661630.259,1255.309,indexer,2285597043,1884208496,401388546,13556969472,13731528704,1617637376,11607310336,8562933760,39417729024,26,13625720832
1791661630.259,1255.309,zebrad,244022655,204526561,39496094,1882030080,4795953152,400510976,1463681024,4027875328,729559040,20,13625720832
1791661631.259,1256.309,indexer,2287342127,1885802469,401539657,13564858368,13731528704,1621831680,11611119616,8566743040,39417729024,26,13623037952
1791661631.259,1256.309,zebrad,244030161,204533991,39496170,1881518080,4795953152,400510976,1463681024,4027875328,729559040,20,13623037952
1791661632.259,1257.309,indexer,2289048121,1887352960,401695160,13573054464,13731528704,1626025984,11615281152,8570908672,39417729024,26,13618651136
1791661632.259,1257.309,zebrad,244037777,204541350,39496427,1881780224,4795953152,400510976,1463681024,4027875328,729559040,20,13618651136
1791661633.259,1258.309,indexer,2290678988,1888778715,401900272,13584777216,13731528704,1630220288,11622760448,8578383872,39417729024,26,13616967680
1791661633.259,1258.309,zebrad,244044453,204548025,39496427,1881780224,4795953152,400510976,1463681024,4027875328,729559040,20,13616967680
1791661634.259,1259.309,indexer,2292094505,1890101532,401992973,13593030656,13731528704,1632317440,11628675072,8584298496,39417729024,26,13614936064
1791661634.259,1259.309,zebrad,244051923,204554966,39496956,1881780224,4795953152,400510976,1463681024,4027875328,729559040,20,13614936064
1791661635.259,1260.309,indexer,2293767156,1891631230,402135925,13604167680,13731528704,1636511744,11635757056,8591380480,39417729024,26,13606559744
1791661635.259,1260.309,zebrad,244059237,204560388,39498849,1881780224,4795953152,400510976,1463681024,4027875328,729559040,20,13606559744
1791661636.259,1261.310,indexer,2295312429,1893062746,402249683,13614972928,13731528704,1640706048,11642081280,8597704704,39417729024,26,13605281792
1791661636.259,1261.310,zebrad,244067498,204568649,39498849,1881780224,4795953152,400510976,1463681024,4027875328,729559040,20,13605281792
1791661637.259,1262.310,indexer,2296836167,1894474722,402361445,13622616064,13731528704,1642803200,11648118784,8603742208,39417729024,26,13605412864
1791661637.259,1262.310,zebrad,244074885,204576036,39498849,1881522176,4795953152,400510976,1463681024,4027875328,729559040,20,13605412864
1791661638.259,1263.310,indexer,2298660156,1896032740,402627415,13636792320,13731528704,1649098752,11655639040,8611262464,39417729024,26,13587939328
1791661638.259,1263.310,zebrad,244081182,204581191,39499990,1881497600,4795953152,400510976,1463681024,4027875328,729559040,20,13587939328
1791661639.260,1264.310,indexer,2300447874,1897580654,402867220,13648420864,13731528704,1653293056,11662852096,8618475520,39417729024,26,13585870848
1791661639.260,1264.310,zebrad,244090033,204588227,39501806,1881280512,4795953152,400510976,1463681024,4027875328,729559040,20,13585870848
1791661640.260,1265.310,indexer,2302110574,1899022653,403087920,13657952256,13731528704,1656516608,11669270528,8624893952,39417729024,26,13586034688
1791661640.260,1265.310,zebrad,244097219,204595388,39501831,1881276416,4795953152,400510976,1463681024,4027875328,729559040,20,13586034688
1791661641.260,1266.310,indexer,2303822520,1900529355,403293165,13669212160,13731528704,1661173760,11676028928,8631652352,39417729024,26,13582327808
1791661641.260,1266.310,zebrad,244105609,204602717,39502892,1881538560,4795953152,400510976,1463681024,4027875328,729559040,20,13582327808
1791661642.260,1267.310,indexer,2305544510,1902043134,403501375,13680697344,13731528704,1665785856,11682758656,8638382080,39417729024,26,13581316096
1791661642.260,1267.310,zebrad,244114093,204610966,39503127,1881538560,4795953152,400510976,1463681024,4027875328,729559040,20,13581316096
1791661643.260,1268.310,indexer,2307524174,1903716862,403807311,13694582784,13731528704,1672224768,11690356736,8645980160,39417729024,26,13575794688
1791661643.260,1268.310,zebrad,244121510,204618321,39503189,1881796608,4795953152,400510976,1463681024,4027875328,729559040,20,13575794688
1791661644.260,1269.310,indexer,2309413410,1905315117,404098293,13708189696,13731528704,1678053376,11697885184,8653508608,39417729024,26,13569970176
1791661644.260,1269.310,zebrad,244129635,204625426,39504208,1881780224,4795953152,400510976,1463681024,4027875328,729559040,20,13569970176
1791661645.260,1270.310,indexer,2311053444,1906777548,404275896,13719310336,13731528704,1682370560,11704774656,8660398080,39417729024,26,13564727296
1791661645.260,1270.310,zebrad,244136918,204632507,39504411,1881772032,4795953152,400510976,1463681024,4027875328,729559040,20,13564727296
1791661646.260,1271.311,indexer,2312617909,1908233340,404384569,13728808960,13731528704,1685856256,11711057920,8666681344,39417729024,26,13560582144
1791661646.260,1271.311,zebrad,244144961,204638864,39506096,1881767936,4795953152,400510976,1463681024,4027875328,729559040,20,13560582144
1791661647.260,1272.311,indexer,2314547224,1909847462,404699762,13638045696,13738381312,1693147136,11615690752,8675196928,39417729024,26,13554270208
1791661647.260,1272.311,zebrad,244153046,204646455,39506591,1882030080,4795953152,400510976,1463681024,4027875328,729559040,20,13554270208
1791661648.260,1273.311,indexer,2316346370,1911356166,404990204,13652529152,13738381312,1699438592,11623677952,8683180032,39417729024,26,13550829568
1791661648.260,1273.311,zebrad,244161305,204653999,39507306,1882030080,4795953152,400510976,1463681024,4027875328,729559040,20,13550829568
1791661649.261,1274.311,indexer,2317929463,1912752603,405176860,13660180480,13738381312,1701535744,11628961792,8688852992,39417729024,26,13546651648
1791661649.261,1274.311,zebrad,244169041,204660778,39508262,1882030080,4795953152,400510976,1463681024,4027875328,729559040,20,13546651648
1791661650.261,1275.311,indexer,2319610914,1914217479,405393434,13672427520,13738381312,1707827200,11634982912,8694484992,39417729024,26,13538217984
1791661650.261,1275.311,zebrad,244176845,204668583,39508262,1882025984,4795953152,400510976,1463681024,4027875328,729559040,20,13538217984
1791661651.261,1276.311,indexer,2321368421,1915777185,405591235,13682868224,13738381312,1712021504,11641200640,8700903424,39417733120,26,13538762752
1791661651.261,1276.311,zebrad,244183967,204675403,39508564,1882025984,4795953152,400510976,1463681024,4027875328,729559040,20,13538762752
1791661652.261,1277.311,indexer,2322991230,1917222345,405768884,13690961920,13738381312,1714196480,11647438848,8706940928,39417733120,26,13536034816
1791661652.261,1277.311,zebrad,244191533,204682883,39508650,1882025984,4795953152,400510976,1463681024,4027875328,729559040,20,13536034816
1791661653.261,1278.311,indexer,2324713376,1918784133,405929243,13531545600,13738381312,1546334208,11656130560,8715632640,39417733120,27,13703614464
1791661653.261,1278.311,zebrad,244198931,204690060,39508871,1882025984,4795953152,400510976,1463681024,4027875328,729559040,20,13703614464
1791661654.261,1279.311,indexer,2327184125,1920985168,406198956,13542346752,13738381312,1546334208,11666669568,8726171648,39417733120,27,13704474624
1791661654.261,1279.311,zebrad,244206906,204696198,39510708,1882263552,4795953152,400510976,1463681024,4027875328,729559040,20,13704474624
1791661655.261,1280.311,indexer,2329713994,1923258840,406455154,13572911104,13738381312,1561305088,11682217984,8741609472,39417733120,27,13693419520
1791661655.261,1280.311,zebrad,244217507,204703532,39513974,1882021888,4795953152,400510976,1463681024,4027875328,729559040,20,13693419520
1791661656.261,1281.311,indexer,2332034687,1925195381,406839306,13696065536,13747814400,1565896704,11790020608,8767148032,39417733120,27,13685993472
1791661656.261,1281.311,zebrad,244225246,204711271,39513974,1852919808,4795953152,400510976,1434845184,4027875328,729559040,20,13685993472
1791661657.261,1282.312,indexer,2332346495,1925405043,406941451,13703643136,13747814400,1565896704,11798081536,8770174976,39976468480,27,13652500480
1791661657.261,1282.312,zebrad,244232408,204718298,39514109,1853181952,4795953152,400510976,1434845184,4027875328,729559040,20,13652500480
1791661658.261,1283.312,indexer,2332857089,1925908394,406948694,13712027648,13747814400,1565896704,11806359552,8778452992,40054435840,27,13652504576
1791661658.261,1283.312,zebrad,244239547,204725258,39514289,1853169664,4795953152,400510976,1434845184,4027875328,729559040,20,13652504576
1791661659.261,1284.312,indexer,2333287652,1926320753,406966899,13602480128,13747814400,1565896704,11700031488,8784494592,40136949760,27,13649362944
1791661659.261,1284.312,zebrad,244245869,204731370,39514499,1853423616,4795953152,400510976,1434845184,4027875328,729559040,20,13649362944
1791661660.262,1285.312,indexer,2333598816,1926477824,407120992,13628665856,13747814400,1567993856,11723485184,8786509824,40222568448,27,13632679936
1791661660.262,1285.312,zebrad,244252161,204737294,39514866,1853173760,4795953152,400510976,1434845184,4027875328,729559040,20,13632679936
1791661661.262,1286.312,indexer,2333928345,1926666016,407262329,13632319488,13747814400,1567993856,11726893056,8789917696,40310452224,27,13638344704
1791661661.262,1286.312,zebrad,244260208,204743330,39516877,1853173760,4795953152,400510976,1434845184,4027875328,729559040,20,13638344704
1791661662.262,1287.312,indexer,2334200325,1926760641,407439683,13634138112,13747814400,1567993856,11728596992,8791621632,40412381184,27,13641433088
1791661662.262,1287.312,zebrad,244263431,204746519,39516911,1853435904,4795953152,400510976,1434845184,4027875328,729559040,20,13641433088
1791661663.262,1288.312,indexer,2334677304,1927066975,407610329,13638819840,13747814400,1567993856,11733012480,8796037120,40575631360,27,13644218368
1791661663.262,1288.312,zebrad,244263431,204746519,39516911,1853181952,4795953152,400510976,1434845184,4027875328,729559040,20,13644218368
1791661665.400,1290.450,indexer,2338743128,1931132799,407610329,13678018560,13747814400,1567993856,11772186624,8835198976,40700841984,26,13652480000
1791661665.400,1290.450,zebrad,244267219,204750020,39517199,1853440000,4795953152,400510976,1434845184,4027875328,729559040,20,13652480000
1791661666.400,1291.450,indexer,2340248816,1932638486,407610329,13700235264,13747814400,1567993856,11794608128,8861028352,40700841984,26,13702324224
1791661666.400,1291.450,zebrad,244275240,204757881,39517358,1852915712,4795953152,400510976,1434320896,4027875328,729559040,20,13702324224
1791661667.400,1292.450,indexer,2341806961,1934196631,407610329,13715103744,13747814400,1567993856,11809570816,8875991040,40700841984,26,13699964928
1791661667.400,1292.450,zebrad,244283436,204766052,39517384,1852911616,4795953152,400510976,1434320896,4027875328,729559040,20,13699964928
1791661668.400,1293.450,indexer,2343301131,1935690801,407610329,13715595264,13747814400,1567993856,11809611776,8876228608,40700841984,26,13698527232
1791661668.400,1293.450,zebrad,244290896,204773443,39517452,1852645376,4795953152,400510976,1434320896,4027875328,729559040,20,13698527232
1791661669.400,1294.450,indexer,2344865468,1937255138,407610329,13716062208,13747814400,1567993856,11810316288,8876736512,40700841984,26,13697912832
1791661669.400,1294.450,zebrad,244298326,204779967,39518359,1852907520,4795953152,400510976,1434320896,4027875328,729559040,20,13697912832
1791661670.400,1295.450,indexer,2346374524,1938764194,407610329,13716086784,13747814400,1567993856,11810406400,8877002752,40700841984,26,13697892352
1791661670.400,1295.450,zebrad,244305714,204787135,39518579,1852907520,4795953152,400510976,1434320896,4027875328,729559040,20,13697892352
1791661671.400,1296.451,indexer,2347945554,1940335224,407610329,13716582400,13747814400,1568186368,11810803712,8877223936,40700841984,26,13697507328
1791661671.400,1296.451,zebrad,244312880,204794117,39518762,1852383232,4795953152,400510976,1434320896,4027875328,729559040,20,13697507328
1791661672.400,1297.451,indexer,2349544603,1941934273,407610329,13717327872,13747814400,1568243712,11810877440,8877379584,40700841984,26,13696802816
1791661672.400,1297.451,zebrad,244320228,204799729,39520498,1852903424,4795953152,400510976,1434320896,4027875328,729559040,20,13696802816
1791661673.401,1298.451,indexer,2351187151,1943576822,407610329,13718102016,13747814400,1569169408,11811069952,8877490176,40700841984,26,13695737856
1791661673.401,1298.451,zebrad,244327543,204805832,39521711,1852903424,4795953152,400510976,1434320896,4027875328,729559040,20,13695737856
1791661674.401,1299.451,indexer,2353014030,1945403700,407610329,13718130688,13747814400,1569177600,11811102720,8877568000,40700841984,26,13695750144
1791661674.401,1299.451,zebrad,244335505,204812639,39522866,1852899328,4795953152,400510976,1434320896,4027875328,729559040,20,13695750144
1791661675.401,1300.451,indexer,2354749181,1947138851,407610329,13718376448,13747814400,1569177600,11811102720,8877645824,40700841984,26,13695238144
1791661675.401,1300.451,zebrad,244343733,204817142,39526591,1852899328,4795953152,400510976,1434320896,4027875328,729559040,20,13695238144
1791661676.401,1301.451,indexer,2356524082,1948913752,407610329,13711220736,13747814400,1569255424,11804401664,8877703168,40700841984,26,13689929728
1791661676.401,1301.451,zebrad,244351196,204824535,39526660,1851846656,4795953152,400510976,1433272320,4027875328,729559040,20,13689929728
1791661677.401,1302.451,indexer,2358425489,1950815159,407610329,13711368192,13747814400,1569284096,11804495872,8877797376,40700841984,26,13685460992
1791661677.401,1302.451,zebrad,244358919,204831985,39526934,1851842560,4795953152,400510976,1433272320,4027875328,729559040,20,13685460992
1791661678.401,1303.452,indexer,2360309497,1952699167,407610329,13712936960,13747814400,1570942976,11804540928,8877920256,40700841984,26,13683085312
1791661678.401,1303.452,zebrad,244366190,204839217,39526972,1851576320,4795953152,400510976,1433272320,4027875328,729559040,20,13683085312
1791661679.401,1304.452,indexer,2362187653,1954577323,407610329,13713137664,13747814400,1570942976,11804540928,8877977600,40700841984,26,13682872320
1791661679.401,1304.452,zebrad,244373497,204845475,39528021,1851834368,4795953152,400510976,1433272320,4027875328,729559040,20,13682872320
1791661680.401,1305.452,indexer,2364009910,1956399581,407610329,13713649664,13747814400,1571069952,11804749824,8878063616,40700841984,26,13682872320
1791661680.401,1305.452,zebrad,244380881,204852803,39528078,1851564032,4795953152,400510976,1433272320,4027875328,729559040,20,13682872320
1791661681.402,1306.452,indexer,2365903840,1958293510,407610329,13713465344,13747814400,1571069952,11804749824,8878161920,40700841984,26,13682413568
1791661681.402,1306.452,zebrad,244388545,204860467,39528078,1851826176,4795953152,400510976,1433272320,4027875328,729559040,20,13682413568
1791661682.402,1307.452,indexer,2367712394,1960102064,407610329,13713711104,13747814400,1571135488,11804905472,8878243840,40700841984,26,13682282496
1791661682.402,1307.452,zebrad,244396034,204867956,39528078,1851568128,4795953152,400510976,1433272320,4027875328,729559040,20,13682282496
1791661683.402,1308.452,indexer,2369463506,1961853176,407610329,13714657280,13747814400,1571491840,11805360128,8878661632,40700841984,26,13682425856
1791661683.402,1308.452,zebrad,244403069,204874135,39528933,1851564032,4795953152,400510976,1433272320,4027875328,729559040,20,13682425856
1791661684.402,1309.452,indexer,2371206468,1963596138,407610329,13714616320,13747814400,1571569664,11805487104,8878788608,40700841984,26,13681995776
1791661684.402,1309.452,zebrad,244411057,204881127,39529930,1851342848,4795953152,400510976,1433272320,4027875328,729559040,20,13681995776
1791661685.402,1310.452,indexer,2372852498,1965242168,407610329,13714849792,13747814400,1571569664,11805487104,8878874624,40700841984,26,13681459200
1791661685.402,1310.452,zebrad,244421268,204889982,39531286,1851342848,4795953152,400510976,1433272320,4027875328,729559040,20,13681459200
1791661686.402,1311.452,indexer,2374636355,1967026025,407610329,13715726336,13747814400,1572290560,11806203904,8879505408,40700841984,26,13681803264
1791661686.402,1311.452,zebrad,244427665,204895314,39532350,1851604992,4795953152,400510976,1433272320,4027875328,729559040,20,13681803264
1791661687.402,1312.452,indexer,2376414365,1968804035,407610329,13724737536,13747814400,1577058304,11809890304,8883191808,40700841984,26,13677252608
1791661687.402,1312.452,zebrad,244435520,204902357,39533163,1851604992,4795953152,400510976,1433272320,4027875328,729559040,20,13677252608
1791661688.402,1313.452,indexer,2377981448,1970371118,407610329,13729964032,13747814400,1579393024,11812708352,8886157312,40700841984,26,13676462080
1791661688.402,1313.452,zebrad,244443439,204910133,39533306,1851600896,4795953152,400510976,1433272320,4027875328,729559040,20,13676462080
1791661689.402,1314.453,indexer,2379101786,1971491456,407610329,13730918400,13747814400,1580015616,11813289984,8886591488,40700841984,26,13675368448
1791661689.402,1314.453,zebrad,244451017,204917461,39533556,1851596800,4795953152,400510976,1433272320,4027875328,729559040,20,13675368448
1791661690.402,1315.453,indexer,2380159178,1972548848,407610329,13731373056,13747814400,1580253184,11813507072,8886849536,40700841984,26,13675294720
1791661690.402,1315.453,zebrad,244458578,204924774,39533804,1851596800,4795953152,400510976,1433272320,4027875328,729559040,20,13675294720
1791661691.402,1316.453,indexer,2381355575,1973745245,407610329,13734178816,13747814400,1582972928,11813863424,8887164928,40700841984,26,13672353792
1791661691.402,1316.453,zebrad,244466179,204932283,39533895,1851592704,4795953152,400510976,1433272320,4027875328,729559040,20,13672353792
1791661692.403,1317.453,indexer,2382715101,1975104771,407610329,13739470848,13747814400,1586233344,11815583744,8888889344,40700841984,26,13671198720
1791661692.403,1317.453,zebrad,244472981,204936108,39536873,1851592704,4795953152,400510976,1433272320,4027875328,729559040,20,13671198720
1791661693.403,1318.453,indexer,2383894242,1976283912,407610329,13755584512,13755674624,1588645888,11829682176,8902983680,40700846080,26,13675126784
1791661693.403,1318.453,zebrad,244479854,204942165,39537689,1851355136,4795953152,400510976,1433272320,4027875328,729559040,20,13675126784
1791661694.403,1319.453,indexer,2385049508,1977439178,407610329,13772500992,13772509184,1589297152,11845378048,8918679552,40700846080,26,13674778624
1791661694.403,1319.453,zebrad,244487174,204949438,39537735,1851346944,4795953152,400510976,1433272320,4027875328,729559040,20,13674778624
1791661695.403,1320.453,indexer,2386169368,1978559038,407610329,13788409856,13788672000,1589751808,11861397504,8934699008,40700846080,26,13676032000
1791661695.403,1320.453,zebrad,244494871,204957028,39537842,1851604992,4795953152,400510976,1433272320,4027875328,729559040,20,13676032000
1791661696.403,1321.453,indexer,2387300699,1979690369,407610329,13697024000,13790236672,1590296576,11771408384,8949415936,40700846080,26,13670682624
1791661696.403,1321.453,zebrad,244502498,204963717,39538780,1851338752,4795953152,400510976,1433272320,4027875328,729559040,20,13670682624
1791661697.403,1322.453,indexer,2388392375,1980782045,407610329,13713862656,13790236672,1591455744,11787571200,8964956160,40700846080,26,13673857024
1791661697.403,1322.453,zebrad,244509740,204970926,39538814,1851858944,4795953152,400510976,1433272320,4027875328,729559040,20,13673857024
1791661698.403,1323.453,indexer,2389525201,1981914871,407610329,13730009088,13790236672,1591959552,11802927104,8980586496,40700846080,26,13674307584
1791661698.403,1323.453,zebrad,244516274,204977460,39538814,1851858944,4795953152,400510976,1433272320,4027875328,729559040,20,13674307584
1791661699.403,1324.453,indexer,2390629918,1983019588,407610329,13748518912,13790236672,1594662912,11818860544,8996245504,40700846080,26,13668880384
1791661699.403,1324.453,zebrad,244523938,204984261,39539677,1851850752,4795953152,400510976,1433272320,4027875328,729559040,20,13668880384
1791661700.403,1325.454,indexer,2391751752,1984141422,407610329,13764956160,13790236672,1594662912,11835482112,9012867072,40700846080,26,13668814848
1791661700.403,1325.454,zebrad,244531762,204991114,39540647,1851850752,4795953152,400510976,1433272320,4027875328,729559040,20,13668814848
1791661701.403,1326.454,indexer,2392876048,1985265718,407610329,13781082112,13790236672,1594662912,11851816960,9029201920,40700846080,26,13669867520
1791661701.403,1326.454,zebrad,244539056,204997199,39541857,1851846656,4795953152,400510976,1433272320,4027875328,729559040,20,13669867520
1791661702.403,1327.454,indexer,2394013517,1986403187,407610329,13690822656,13790236672,1594662912,11764109312,9045520384,40700846080,26,13671747584
1791661702.403,1327.454,zebrad,244546949,205002781,39544168,1851572224,4795953152,400510976,1433272320,4027875328,729559040,20,13671747584
1791661703.404,1328.454,indexer,2395150463,1987540134,407610329,13706534912,13790236672,1594662912,11780026368,9061437440,40700846080,26,13671505920
1791661703.404,1328.454,zebrad,244554296,205009072,39545223,1851588608,4795953152,400510976,1433272320,4027875328,729559040,20,13671505920
1791661704.404,1329.454,indexer,2396264872,1988654543,407610329,13724897280,13790236672,1596760064,11796373504,9077784576,40700846080,26,13666627584
1791661704.404,1329.454,zebrad,244561924,205016441,39545482,1851858944,4795953152,400510976,1433272320,4027875328,729559040,20,13666627584
1791661705.404,1330.454,indexer,2397640900,1990030570,407610329,13742166016,13790236672,1598857216,11811311616,9092722688,40700846080,26,13665193984
1791661705.404,1330.454,zebrad,244569584,205021991,39547593,1851854848,4795953152,400510976,1433272320,4027875328,729559040,20,13665193984
1791661706.404,1331.454,indexer,2399233277,1991622947,407610329,13757607936,13790236672,1600954368,11824746496,9106157568,40700846080,26,13667602432
1791661706.404,1331.454,zebrad,244577216,205028684,39548532,1851854848,4795953152,400510976,1433272320,4027875328,729559040,20,13667602432
1791661707.404,1332.454,indexer,2401174386,1993564056,407610329,13775273984,13790236672,1607245824,11835920384,9117331456,40700846080,26,13659000832
1791661707.404,1332.454,zebrad,244585092,205035582,39549510,1851850752,4795953152,400510976,1433272320,4027875328,729559040,20,13659000832
1791661708.404,1333.454,indexer,2402954462,1995344132,407610329,13780316160,13790236672,1609342976,11838947328,9120358400,40700846080,26,13654388736
1791661708.404,1333.454,zebrad,244592943,205042295,39550647,1851850752,4795953152,400510976,1433272320,4027875328,729559040,20,13654388736
1791661709.404,1334.454,indexer,2404798135,1997187806,407610329,13682581504,13790236672,1613537280,11739787264,9125048320,40700846080,26,13648474112
1791661709.404,1334.454,zebrad,244600397,205049681,39550715,1851850752,4795953152,400510976,1433272320,4027875328,729559040,20,13648474112
1791661710.404,1335.455,indexer,2406691614,1999081284,407610329,13693505536,13790236672,1619963904,11744419840,9129680896,40700846080,26,13642780672
1791661710.404,1335.455,zebrad,244608600,205057858,39550741,1851584512,4795953152,400510976,1433272320,4027875328,729559040,20,13642780672
1791661711.404,1336.455,indexer,2408718955,2001108625,407610329,13700313088,13790236672,1623109632,11748159488,9133420544,40700846080,26,13641936896
1791661711.404,1336.455,zebrad,244615939,205065148,39550790,1851842560,4795953152,400510976,1433272320,4027875328,729559040,20,13641936896
1791661712.404,1337.455,indexer,2410611299,2003000970,407610329,13710794752,13790236672,1629368320,11752087552,9137348608,40700846080,26,13632901120
1791661712.404,1337.455,zebrad,244623241,205071402,39551839,1851842560,4795953152,400510976,1433272320,4027875328,729559040,20,13632901120
1791661713.405,1338.455,indexer,2412496993,2004886663,407610329,13720219648,13790236672,1634500608,11756519424,9141780480,40700846080,26,13613662208
1791661713.405,1338.455,zebrad,244630717,205077964,39552753,1851342848,4795953152,400510976,1433272320,4027875328,729559040,20,13613662208
1791661714.405,1339.455,indexer,2414429217,2006818887,407610329,13727993856,13790236672,1638694912,11759988736,9145249792,40700846080,26,13613334528
1791661714.405,1339.455,zebrad,244637980,205082175,39555804,1851609088,4795953152,400510976,1433272320,4027875328,729559040,20,13613334528
1791661715.405,1340.455,indexer,2415718634,2008108304,407610329,13728858112,13790236672,1638694912,11761213440,9146474496,40700846080,26,13613244416
1791661715.405,1340.455,zebrad,244648399,205090687,39557711,1851600896,4795953152,400510976,1433272320,4027875328,729559040,20,13613244416
1791661716.405,1341.455,indexer,2417646130,2010035800,407610329,13737406464,13790236672,1642889216,11765260288,9150521344,40700846080,26,13607444480
1791661716.405,1341.455,zebrad,244656454,205097572,39558881,1851592704,4795953152,400510976,1433272320,4027875328,729559040,20,13607444480
1791661717.405,1342.455,indexer,2419627370,2012017040,407610329,13745659904,13790236672,1647083520,11769233408,9154494464,40700846080,26,13602942976
1791661717.405,1342.455,zebrad,244663417,205104222,39559195,1851539456,4795953152,400510976,1433272320,4027875328,729559040,20,13602942976
1791661718.405,1343.455,indexer,2421401780,2013791451,407610329,13750923264,13790236672,1649180672,11772436480,9157697536,40700846080,26,13602136064
1791661718.405,1343.455,zebrad,244670737,205110653,39560083,1851539456,4795953152,400510976,1433272320,4027875328,729559040,20,13602136064
1791661719.405,1344.455,indexer,2423178425,2015568095,407610329,13771038720,13790236672,1652387840,11789152256,9174413312,40700846080,26,13608468480
1791661719.405,1344.455,zebrad,244677620,205116555,39561064,1851797504,4795953152,400510976,1433272320,4027875328,729559040,20,13608468480
1791661720.405,1345.455,indexer,2424782286,2017171956,407610329,13686558720,13790236672,1655246848,11703513088,9192742912,40700846080,26,13609693184
1791661720.405,1345.455,zebrad,244684727,205123488,39561238,1851793408,4795953152,400510976,1433272320,4027875328,729559040,20,13609693184
1791661721.405,1346.456,indexer,2426528042,2018917712,407610329,13705646080,13790236672,1658744832,11719503872,9208733696,40700846080,26,13606662144
1791661721.405,1346.456,zebrad,244691652,205130268,39561383,1851793408,4795953152,400510976,1433272320,4027875328,729559040,20,13606662144
1791661722.405,1347.456,indexer,2428271029,2020660700,407610329,13725773824,13790236672,1662349312,11735691264,9224921088,40700846080,26,13603213312
1791661722.405,1347.456,zebrad,244699167,205136864,39562303,1851793408,4795953152,400510976,1433272320,4027875328,729559040,20,13603213312
1791661723.405,1348.456,indexer,2430122154,2022511824,407610329,13746343936,13790236672,1666486272,11752194048,9241423872,40700846080,26,13598629888
1791661723.405,1348.456,zebrad,244706218,205143587,39562630,1851793408,4795953152,400510976,1433272320,4027875328,729559040,20,13598629888
1791661724.406,1349.456,indexer,2431952717,2024342387,407610329,13763411968,13790236672,1671512064,11764215808,9253445632,40700846080,26,13593743360
1791661724.406,1349.456,zebrad,244714236,205150929,39563307,1851789312,4795953152,400510976,1433272320,4027875328,729559040,20,13593743360
1791661725.406,1350.456,indexer,2433913576,2026303246,407610329,13781422080,13790236672,1677185024,11776675840,9265905664,40700846080,26,13588062208
1791661725.406,1350.456,zebrad,244721931,205158517,39563414,1851789312,4795953152,400510976,1433272320,4027875328,729559040,20,13588062208
1791661726.406,1351.456,indexer,2435657721,2028047392,407610329,13697077248,13790236672,1681772544,11688312832,9281409024,40700850176,26,13588230144
1791661726.406,1351.456,zebrad,244729109,205162819,39566289,1851785216,4795953152,400510976,1433272320,4027875328,729559040,20,13588230144
1791661727.406,1352.456,indexer,2437545232,2029934902,407610329,13712343040,13790236672,1686028288,11699085312,9292185600,40700850176,26,13582737408
1791661727.406,1352.456,zebrad,244736728,205169501,39567226,1851777024,4795953152,400510976,1433272320,4027875328,729559040,20,13582737408
1791661728.406,1353.456,indexer,2438825365,2031215035,407610329,13727891456,13790236672,1687564288,11713044480,9306140672,40700850176,26,13581844480
1791661728.406,1353.456,zebrad,244744249,205174933,39569315,1851777024,4795953152,400510976,1433272320,4027875328,729559040,20,13581844480
1791661729.406,1354.456,indexer,2440086081,2032475751,407610329,13743140864,13790236672,1688936448,11726979072,9320075264,40700850176,26,13580230656
1791661729.406,1354.456,zebrad,244751558,205182036,39569522,1851772928,4795953152,400510976,1433272320,4027875328,729559040,20,13580230656
1791661730.406,1355.456,indexer,2441466145,2033855815,407610329,13759193088,13790236672,1689899008,11742052352,9335148544,40700850176,26,13577027584
1791661730.406,1355.456,zebrad,244758754,205189044,39569710,1851772928,4795953152,400510976,1433272320,4027875328,729559040,20,13577027584
1791661731.406,1356.457,indexer,2442915177,2035304847,407610329,13762199552,13790236672,1691467776,11743744000,9336840192,40700850176,26,13577109504
1791661731.406,1356.457,zebrad,244766900,205195843,39571057,1851768832,4795953152,400510976,1433272320,4027875328,729559040,20,13577109504
1791661732.406,1357.457,indexer,2444432078,2036821748,407610329,13766696960,13790236672,1693736960,11746123776,9339219968,40700850176,26,13575442432
1791661732.406,1357.457,zebrad,244774787,205201906,39572880,1851764736,4795953152,400510976,1433272320,4027875328,729559040,20,13575442432
1791661733.406,1358.457,indexer,2446184070,2038573740,407610329,13773742080,13790236672,1697079296,11749539840,9342636032,40700850176,26,13572591616
1791661733.406,1358.457,zebrad,244782246,205209297,39572948,1851531264,4795953152,400510976,1433272320,4027875328,729559040,20,13572591616
1791661734.407,1359.457,indexer,2447804024,2040193694,407610329,13779185664,13790236672,1699815424,11752361984,9345458176,40700850176,26,13569421312
1791661734.407,1359.457,zebrad,244789852,205216648,39573203,1851527168,4795953152,400510976,1433272320,4027875328,729559040,20,13569421312
1791661735.407,1360.457,indexer,2449219833,2041609504,407610329,13783117824,13790236672,1701416960,11753992192,9347219456,40700850176,26,13567475712
1791661735.407,1360.457,zebrad,244796879,205223675,39573203,1851260928,4795953152,400510976,1433272320,4027875328,729559040,20,13567475712
1791661736.407,1361.457,indexer,2450812142,2043201812,407610329,13788360704,13790236672,1704271872,11756875776,9349971968,40700850176,26,13564641280
1791661736.407,1361.457,zebrad,244803766,205230425,39573340,1851260928,4795953152,400510976,1433272320,4027875328,729559040,20,13564641280
1791661737.407,1362.457,indexer,2452109653,2044499323,407610329,13686890496,13790236672,1705627648,11654062080,9351307264,40700850176,26,13563424768
1791661737.407,1362.457,zebrad,244811562,205237935,39573626,1851260928,4795953152,400510976,1433272320,4027875328,729559040,20,13563424768
1791661738.407,1363.457,indexer,2453429877,2045819547,407610329,13686366208,13790236672,1707290624,11652222976,9352814592,40700850176,26,13558571008
1791661738.407,1363.457,zebrad,244819165,205244767,39574398,1850732544,4795953152,400510976,1432748032,4027875328,729559040,20,13558571008
1791661739.407,1364.457,indexer,2454317894,2046707565,407610329,13541388288,13790236672,1557540864,11657224192,9358008320,40700850176,27,13697851392
1791661739.407,1364.457,zebrad,244826173,205251775,39574398,1850994688,4795953152,400510976,1432748032,4027875328,729559040,20,13697851392
1791661740.407,1365.457,indexer,2455146210,2047535880,407610329,13568913408,13790236672,1565913088,11675975680,9363869696,40700850176,27,13686775808
1791661740.407,1365.457,zebrad,244834287,205259201,39575085,1850990592,4795953152,400510976,1432748032,4027875328,729559040,20,13686775808
1791661741.407,1366.457,indexer,2455981795,2048371465,407610329,13731557376,13790236672,1575448576,11822837760,9365368832,40933646336,27,13685223424
1791661741.407,1366.457,zebrad,244841597,205266467,39575130,1850982400,4795953152,400510976,1432748032,4027875328,729559040,20,13685223424
1791661742.407,1367.458,indexer,2456038760,2048428430,407610329,13731291136,13790236672,1575448576,11822837760,9365368832,41179885568,27,13657710592
1791661742.407,1367.458,zebrad,244849157,205272094,39577062,1851244544,4795953152,400510976,1432748032,4027875328,729559040,20,13657710592
1791661743.407,1368.458,indexer,2456079589,2048469259,407610329,13731291136,13790236672,1575448576,11822837760,9365368832,41261154304,27,13656416256
1791661743.407,1368.458,zebrad,244855774,205277774,39578000,1851240448,4795953152,400510976,1432748032,4027875328,729559040,20,13656416256
1791661744.407,1369.458,indexer,2456183979,2048538421,407645557,13676191744,13790236672,1575743488,11768545280,9365368832,41345961984,27,13656928256
1791661744.407,1369.458,zebrad,244863917,205283890,39580026,1851240448,4795953152,400510976,1432748032,4027875328,729559040,20,13656928256
1791661745.408,1370.458,indexer,2456251956,2048538429,407713527,13676449792,13790236672,1575743488,11768545280,9365368832,41431068672,27,13659623424
1791661745.408,1370.458,zebrad,244874635,205293658,39580977,1851236352,4795953152,400510976,1432748032,4027875328,729559040,20,13659623424
1791661746.408,1371.458,indexer,2456360765,2048538429,407822336,13676445696,13790236672,1575743488,11768545280,9365368832,41529872384,27,13658767360
1791661746.408,1371.458,zebrad,244881794,205299792,39582002,1851236352,4795953152,400510976,1432748032,4027875328,729559040,20,13658767360
1791661747.408,1372.458,indexer,2456601556,2048557235,408044320,13676441600,13790236672,1575743488,11768598528,9365422080,41664667648,27,13658451968
1791661747.408,1372.458,zebrad,244885104,205301886,39583217,1850970112,4795953152,400510976,1432748032,4027875328,729559040,20,13658451968
1791661748.624,1373.675,indexer,2456886467,2048657424,408229043,13677228032,13790236672,1575743488,11769593856,9366417408,41923481600,26,13642661888
1791661748.624,1373.675,zebrad,244888863,205305525,39583337,1850970112,4795953152,400510976,1432748032,4027875328,729559040,20,13642661888
1791661749.625,1374.675,indexer,2457417257,2049152999,408264258,13613084672,13790236672,1495154688,11786547200,9383370752,41923481600,26,13740756992
1791661749.625,1374.675,zebrad,244896273,205312935,39583337,1850961920,4795953152,400510976,1432748032,4027875328,729559040,20,13740756992
1791661750.625,1375.675,indexer,2457954201,2049615176,408339024,13675995136,13790236672,1541799936,11802787840,9399615488,41923481600,26,13670277120
1791661750.625,1375.675,zebrad,244903665,205320327,39583337,1851224064,4795953152,400510976,1432748032,4027875328,729559040,20,13670277120
1791661751.625,1376.675,indexer,2458313915,2049910216,408403698,13698539520,13790236672,1541799936,11825045504,9421873152,41923481600,26,13682483200
1791661751.625,1376.675,zebrad,244910479,205325373,39585105,1851219968,4795953152,400510976,1432748032,4027875328,729559040,20,13682483200
1791661752.625,1377.675,indexer,2458669847,2050205092,408464755,13721870336,13790236672,1542270976,11847737344,9444564992,41923481600,26,13680979968
1791661752.625,1377.675,zebrad,244918114,205332749,39585364,1851219968,4795953152,400510976,1432748032,4027875328,729559040,20,13680979968
1791661753.625,1378.675,indexer,2459012269,2050478630,408533639,13744152576,13790236672,1542270976,11870171136,9466994688,41923481600,26,13693952000
1791661753.625,1378.675,zebrad,244925622,205340181,39585441,1851219968,4795953152,400510976,1432748032,4027875328,729559040,20,13693952000
1791661754.625,1379.675,indexer,2459378934,2050787290,408591643,13661790208,13790236672,1542639616,11789029376,9489686528,41923481600,26,13716930560
1791661754.625,1379.675,zebrad,244932663,205346378,39586285,1851215872,4795953152,400510976,1432748032,4027875328,729559040,20,13716930560
1791661755.625,1380.675,indexer,2459743481,2051089081,408654400,13683286016,13790236672,1542639616,11810934784,9511591936,41923481600,26,13716541440
1791661755.625,1380.675,zebrad,244940347,205352952,39587394,1850949632,4795953152,400510976,1432748032,4027875328,729559040,20,13716541440
1791661756.625,1381.676,indexer,2460110246,2051403014,408707231,13707141120,13790236672,1543585792,11833479168,9534140416,41923481600,26,13709856768
1791661756.625,1381.676,zebrad,244947764,205360145,39587619,1851211776,4795953152,400510976,1432748032,4027875328,729559040,20,13709856768
1791661757.625,1382.676,indexer,2460476628,2051706580,408770047,13730021376,13790236672,1543585792,11856445440,9557102592,41923481600,26,13708759040
1791661757.625,1382.676,zebrad,244955562,205367820,39587742,1851236352,4795953152,400510976,1432748032,4027875328,729559040,20,13708759040
1791661758.625,1383.676,indexer,2460840961,2052007096,408833865,13752827904,13790236672,1543585792,11879272448,9579933696,41923481600,26,13702979584
1791661758.625,1383.676,zebrad,244962309,205374451,39587858,1850978304,4795953152,400510976,1432748032,4027875328,729559040,20,13702979584
1791661759.626,1384.676,indexer,2461194301,2052300627,408893674,13775634432,13790236672,1543585792,11901988864,9602650112,41923481600,26,13711376384
1791661759.626,1384.676,zebrad,244969814,205381200,39588614,1850970112,4795953152,400510976,1432748032,4027875328,729559040,20,13711376384
1791661760.626,1385.676,indexer,2461561859,2052592930,408968928,13694062592,13790236672,1543585792,11820904448,9625407488,41923481600,26,13712961536
1791661760.626,1385.676,zebrad,244977268,205388424,39588844,1851224064,4795953152,400510976,1432748032,4027875328,729559040,20,13712961536
1791661761.626,1386.676,indexer,2461917711,2052879841,409037870,13717131264,13790236672,1543585792,11843751936,9648259072,41923481600,26,13719388160
1791661761.626,1386.676,zebrad,244984328,205395484,39588844,1851224064,4795953152,400510976,1432748032,4027875328,729559040,20,13719388160
1791661762.626,1387.676,indexer,2462263846,2053159451,409104395,13740199936,13790236672,1543585792,11866787840,9671294976,41923481600,26,13716660224
1791661762.626,1387.676,zebrad,244991268,205402423,39588844,1850953728,4795953152,400510976,1432748032,4027875328,729559040,20,13716660224
1791661763.626,1388.676,indexer,2462633103,2053465156,409167946,13762273280,13790236672,1543585792,11889111040,9693618176,41923481600,26,13703041024
1791661763.626,1388.676,zebrad,244998684,205409789,39588894,1851211776,4795953152,400510976,1432748032,4027875328,729559040,20,13703041024
1791661764.626,1389.676,indexer,2463075475,2053851076,409224398,13678034944,13790236672,1543585792,11804962816,9713364992,41923481600,26,13710970880
1791661764.626,1389.676,zebrad,245005762,205416867,39588894,1851203584,4795953152,400510976,1432748032,4027875328,729559040,20,13710970880
1791661765.626,1390.676,indexer,2463462767,2054178073,409284694,13699145728,13790236672,1543585792,11826307072,9734705152,41923481600,26,13708107776
1791661765.626,1390.676,zebrad,245012848,205422933,39589914,1851002880,4795953152,400510976,1432748032,4027875328,729559040,20,13708107776
1791661766.626,1391.676,indexer,2463893929,2054563942,409329986,13719068672,13790236672,1543585792,11846230016,9754632192,41923481600,26,13711564800
1791661766.626,1391.676,zebrad,245019891,205429813,39590078,1850994688,4795953152,400510976,1432748032,4027875328,729559040,20,13711564800
1791661767.626,1392.677,indexer,2464334795,2054942903,409391892,13737943040,13790236672,1543585792,11865321472,9773719552,41923481600,26,13713702912
1791661767.626,1392.677,zebrad,245027480,205436145,39591335,1850986496,4795953152,400510976,1432748032,4027875328,729559040,20,13713702912
1791661768.626,1393.677,indexer,2464733098,2055279631,409453466,13651976192,13790236672,1543585792,11781971968,9794387968,41923481600,26,13697323008
1791661768.626,1393.677,zebrad,245034721,205441343,39593378,1850986496,4795953152,400510976,1432748032,4027875328,729559040,20,13697323008
1791661769.626,1394.677,indexer,2465201574,2055709403,409492170,13671112704,13790236672,1543585792,11800698880,9813110784,41923481600,26,13699317760
1791661769.626,1394.677,zebrad,245041755,205446204,39595550,1851240448,4795953152,400510976,1432748032,4027875328,729559040,20,13699317760
1791661770.627,1395.677,indexer,2465580123,2056023675,409556447,13692084224,13790236672,1543585792,11821744128,9834160128,41923481600,26,13717811200
1791661770.627,1395.677,zebrad,245049071,205452307,39596763,1851236352,4795953152,400510976,1432748032,4027875328,729559040,20,13717811200
1791661771.627,1396.677,indexer,2465967049,2056342756,409624292,13713580032,13790236672,1543585792,11843256320,9855672320,41923481600,26,13714583552
1791661771.627,1396.677,zebrad,245056290,205459334,39596955,1851236352,4795953152,400510976,1432748032,4027875328,729559040,20,13714583552
1791661772.627,1397.677,indexer,2466352580,2056662033,409690547,13735337984,13790236672,1543585792,11864997888,9877413888,41923481600,26,13711966208
1791661772.627,1397.677,zebrad,245063378,205466252,39597126,1851236352,4795953152,400510976,1432748032,4027875328,729559040,20,13711966208
1791661773.627,1398.677,indexer,2466767954,2056999907,409768047,13756571648,13790236672,1543585792,11886051328,9898463232,41923481600,26,13707726848
1791661773.627,1398.677,zebrad,245070846,205473650,39597196,1851236352,4795953152,400510976,1432748032,4027875328,729559040,20,13707726848
1791661774.627,1399.677,indexer,2467169762,2057314194,409855568,13670473728,13790236672,1543585792,11802972160,9919442944,41923481600,26,13721022464
1791661774.627,1399.677,zebrad,245081083,205482689,39598394,1851232256,4795953152,400510976,1432748032,4027875328,729559040,20,13721022464
1791661775.627,1400.677,indexer,2467564758,2057621967,409942790,13691183104,13790236672,1543585792,11823632384,9940099072,41923481600,26,13711839232
1791661775.627,1400.677,zebrad,245089116,205490398,39598717,1851224064,4795953152,400510976,1432748032,4027875328,729559040,20,13711839232
1791661776.627,1401.677,indexer,2467958808,2057937697,410021111,13711892480,13790236672,1543585792,11844485120,9960951808,41923481600,26,13712510976
1791661776.627,1401.677,zebrad,245096775,205497114,39599661,1851224064,4795953152,400515072,1432748032,4027875328,729559040,20,13712510976
1791661777.627,1402.677,indexer,2468346857,2058243498,410103359,13732585472,13790236672,1543585792,11865260032,9981726720,41923481600,26,13716611072
1791661777.627,1402.677,zebrad,245104681,205504717,39599964,1851219968,4795953152,400515072,1432748032,4027875328,729559040,20,13716611072
1791661778.627,1403.678,indexer,2468731122,2058560890,410170232,13754081280,13790236672,1543585792,11886596096,10003062784,41923481600,26,13699137536
1791661778.627,1403.678,zebrad,245111708,205509735,39601972,1851219968,4795953152,400515072,1432748032,4027875328,729559040,20,13699137536
1791661779.627,1404.678,indexer,2469123148,2058871366,410251781,13697548288,13790236672,1543585792,11832012800,10024120320,41923481600,26,13720313856
1791661779.627,1404.678,zebrad,245119422,205514324,39605097,1822908416,4795953152,400515072,1404436480,4027875328,729559040,20,13720313856
1791661780.627,1405.678,indexer,2469520876,2059193702,410327173,13718257664,13790236672,1543585792,11852734464,10044837888,41923481600,26,13714460672
1791661780.627,1405.678,zebrad,245126537,205521101,39605435,1822908416,4795953152,400515072,1404436480,4027875328,729559040,20,13714460672
1791661781.627,1406.678,indexer,2469894195,2059506889,410387306,13739491328,13790236672,1543585792,11874078720,10066186240,41923485696,26,13717110784
1791661781.627,1406.678,zebrad,245133494,205527909,39605584,1822404608,4795953152,400515072,1404436480,4027875328,729559040,20,13717110784
1791661782.628,1407.678,indexer,2470284266,2059821192,410463074,13760684032,13790236672,1543585792,11895406592,10087510016,41923485696,26,13722054656
1791661782.628,1407.678,zebrad,245140972,205535387,39605584,1822928896,4795953152,400515072,1404436480,4027875328,729559040,20,13722054656
1791661783.628,1408.678,indexer,2470669585,2060135914,410533671,13781929984,13790236672,1543585792,11916709888,10108817408,41923485696,26,13718683648
1791661783.628,1408.678,zebrad,245148546,205540954,39607591,1822687232,4795953152,400515072,1404436480,4027875328,729559040,20,13718683648
1791661784.628,1409.678,indexer,2471041982,2060439289,410602692,13804511232,13804511232,1543585792,11938480128,10130767872,41923485696,26,13715050496
1791661784.628,1409.678,zebrad,245155873,205546062,39609811,1822687232,4795953152,400515072,1404436480,4027875328,729559040,20,13715050496
1791661785.628,1410.678,indexer,2471433083,2060754454,410678629,13747294208,13809754112,1543585792,11883626496,10151788544,41923485696,26,13706051584
1791661785.628,1410.678,zebrad,245163360,205549618,39613741,1794899968,4795953152,400515072,1376649216,4027875328,729559040,20,13706051584
1791661786.628,1411.678,indexer,2471830634,2061082644,410747990,13767741440,13809754112,1543585792,11904266240,10172428288,41923485696,26,13710004224
1791661786.628,1411.678,zebrad,245170768,205555281,39615487,1794899968,4795953152,400515072,1376649216,4027875328,729559040,20,13710004224
1791661787.628,1412.678,indexer,2472216762,2061404049,410812713,13789499392,13809754112,1543585792,11925856256,10194018304,41923485696,26,13706915840
1791661787.628,1412.678,zebrad,245177682,205562195,39615487,1794895872,4795953152,400515072,1376649216,4027875328,729559040,20,13706915840
1791661788.628,1413.679,indexer,2472607532,2061724402,410883130,13810733056,13810733056,1543585792,11947065344,10215227392,41923485696,26,13715984384
1791661788.628,1413.679,zebrad,245185174,205568790,39616384,1794895872,4795953152,400515072,1376649216,4027875328,729559040,20,13715984384
1791661789.628,1414.679,indexer,2473006458,2062052641,410953817,13724868608,13823840256,1543585792,11863724032,10235871232,41923485696,26,13721219072
1791661789.628,1414.679,zebrad,245192223,205575512,39616711,1794899968,4795953152,400515072,1376649216,4027875328,729559040,20,13721219072
1791661790.628,1415.679,indexer,2473402559,2062372771,411029787,13745577984,13823840256,1543585792,11884433408,10256576512,41923485696,26,13718790144
1791661790.628,1415.679,zebrad,245199828,205582182,39617645,1794899968,4795953152,400515072,1376649216,4027875328,729559040,20,13718790144
1791661791.628,1416.679,indexer,2473786491,2062692342,411094149,13767073792,13823840256,1543585792,11906039808,10278182912,41923485696,26,13716721664
1791661791.628,1416.679,zebrad,245206680,205588221,39618458,1794899968,4795953152,400515072,1376649216,4027875328,729559040,20,13716721664
1791661792.629,1417.679,indexer,2474142794,2062980662,411162132,13790142464,13823840256,1543585792,11928915968,10301063168,41923485696,26,13714804736
1791661792.629,1417.679,zebrad,245213774,205595305,39618468,1794899968,4795953152,400515072,1376649216,4027875328,729559040,20,13714804736
1791661793.629,1418.679,indexer,2474502048,2063273901,411228147,13812948992,13823840256,1543585792,11951611904,10323755008,41923485696,26,13712109568
1791661793.629,1418.679,zebrad,245221221,205602524,39618697,1794674688,4795953152,400515072,1376649216,4027875328,729559040,20,13712109568
1791661794.629,1419.679,indexer,2474885541,2063587062,411298479,13730897920,13832482816,1543585792,11869913088,10346127360,41923485696,26,13721567232
1791661794.629,1419.679,zebrad,245228717,205607093,39621624,1794883584,4795953152,400515072,1376649216,4027875328,729559040,20,13721567232
1791661795.629,1420.679,indexer,2475252480,2063883421,411369059,13753180160,13832482816,1543585792,11891945472,10368163840,41923485696,26,13718933504
1791661795.629,1420.679,zebrad,245236076,205614399,39621676,1794875392,4795953152,400515072,1376649216,4027875328,729559040,20,13718933504
1791661796.629,1421.679,indexer,2475631617,2064195943,411435673,13774929920,13832482816,1543585792,11913719808,10389938176,41923485696,26,13724471296
1791661796.629,1421.679,zebrad,245242737,205620796,39621940,1794875392,4795953152,400515072,1376649216,4027875328,729559040,20,13724471296
1791661797.629,1422.679,indexer,2476061856,2064573477,411488378,13795115008,13832482816,1543585792,11933827072,10410041344,41923485696,26,13720227840
1791661797.629,1422.679,zebrad,245250094,205626933,39623160,1794609152,4795953152,400515072,1376649216,4027875328,729559040,20,13720227840
1791661798.629,1423.679,indexer,2476477321,2064936798,411540522,13815824384,13832482816,1543585792,11954622464,10430836736,41923485696,26,13716045824
1791661798.629,1423.679,zebrad,245257047,205633576,39623471,1794605056,4795953152,400515072,1376649216,4027875328,729559040,20,13716045824
1791661799.629,1424.680,indexer,2477001331,2065424987,411576343,13726543872,13832482816,1543585792,11866800128,10446942208,41923485696,26,13686968320
1791661799.629,1424.680,zebrad,245264483,205640784,39623698,1794863104,4795953152,400515072,1376649216,4027875328,729559040,20,13686968320
1791661800.629,1425.680,indexer,2477640787,2066064444,411576343,13739327488,13832482816,1543585792,11879825408,10459967488,41923485696,26,13682081792
1791661800.629,1425.680,zebrad,245271767,205647866,39623901,1794859008,4795953152,400515072,1376649216,4027875328,729559040,20,13682081792
1791661801.629,1426.680,indexer,2478341720,2066765376,411576343,13749551104,13832482816,1543585792,11889545216,10469687296,41923485696,26,13689794560
1791661801.629,1426.680,zebrad,245279026,205655125,39623901,1795108864,4795953152,400515072,1376649216,4027875328,729559040,20,13689794560
1791661802.630,1427.680,indexer,2479277512,2067701168,411576343,13716246528,13832482816,1507930112,11891900416,10472042496,41923485696,26,13715853312
1791661802.630,1427.680,zebrad,245285575,205660874,39624701,1795112960,4795953152,400515072,1376649216,4027875328,729559040,20,13715853312
1791661803.630,1428.680,indexer,2479355483,2067779139,411576343,13716242432,13832482816,1507930112,11891900416,10472042496,41925021696,26,13718073344
1791661803.630,1428.680,zebrad,245292127,205667425,39624701,1795121152,4795953152,400515072,1376649216,4027875328,729559040,20,13718073344
1791661804.630,1429.680,indexer,2479363255,2067786912,411576343,13716238336,13832482816,1507930112,11891900416,10472099840,41925021696,26,13717790720
1791661804.630,1429.680,zebrad,245301256,205675614,39625641,1794854912,4795953152,400515072,1376649216,4027875328,729559040,20,13717790720
1791661805.630,1430.680,indexer,2479366405,2067790062,411576343,13716328448,13832482816,1507930112,11891957760,10472099840,41925021696,26,13718052864
1791661805.630,1430.680,zebrad,245308460,205682466,39625993,1795108864,4795953152,400515072,1376649216,4027875328,729559040,20,13718052864
1791661806.630,1431.680,indexer,2479370349,2067794005,411576343,13716324352,13832482816,1507930112,11891957760,10472099840,41925021696,26,13717864448
1791661806.630,1431.680,zebrad,245315454,205688462,39626991,1795088384,4795953152,400515072,1376649216,4027875328,729559040,20,13717864448
1791661807.630,1432.680,indexer,2479373661,2067797317,411576343,13716320256,13832482816,1507930112,11891957760,10472099840,41925021696,26,13717807104
1791661807.630,1432.680,zebrad,245322076,205693983,39628092,1795076096,4795953152,400515072,1376649216,4027875328,729559040,20,13717807104
1791661808.630,1433.680,indexer,2479377441,2067801097,411576343,13716312064,13832482816,1507930112,11891957760,10472099840,41925021696,26,13717807104
1791661808.630,1433.680,zebrad,245328542,205700379,39628162,1795072000,4795953152,400515072,1376649216,4027875328,729559040,20,13717807104
1791661809.630,1434.681,indexer,2479384678,2067808335,411576343,13716062208,13832482816,1508024320,11891957760,10472099840,41925021696,26,13713399808
1791661809.630,1434.681,zebrad,245335205,205705772,39629432,1794891776,4795953152,400515072,1376649216,4027875328,729559040,20,13713399808
1791661810.630,1435.681,indexer,2479388419,2067812075,411576343,13716324352,13832482816,1508024320,11891957760,10472099840,41925021696,26,13713399808
1791661810.630,1435.681,zebrad,245342067,205712338,39629729,1794625536,4795953152,400515072,1376649216,4027875328,729559040,20,13713399808
1791661811.630,1436.681,indexer,2479391521,2067815177,411576343,13716320256,13832482816,1508024320,11891957760,10472099840,41925021696,26,13713399808
1791661811.630,1436.681,zebrad,245348987,205718434,39630553,1794621440,4795953152,400515072,1376649216,4027875328,729559040,20,13713399808
1791661812.631,1437.681,indexer,2479395471,2067819128,411576343,13716316160,13832482816,1508024320,11891957760,10472099840,41925021696,26,13713915904
1791661812.631,1437.681,zebrad,245355491,205724861,39630629,1794621440,4795953152,400515072,1376649216,4027875328,729559040,20,13713915904
1791661813.631,1438.681,indexer,2479398787,2067822443,411576343,13716316160,13832482816,1508024320,11891957760,10472099840,41925025792,26,13713629184
1791661813.631,1438.681,zebrad,245362506,205731876,39630629,1794621440,4795953152,400515072,1376649216,4027875328,729559040,20,13713629184
1791661814.631,1439.681,indexer,2479406241,2067829897,411576343,13716316160,13832482816,1508118528,11891957760,10472099840,41925025792,26,13713629184
1791661814.631,1439.681,zebrad,245369255,205736665,39632590,1794883584,4795953152,400515072,1376649216,4027875328,729559040,20,13713629184
1791661815.631,1440.681,indexer,2479409618,2067833274,411576343,13716316160,13832482816,1508118528,11891957760,10472099840,41925025792,26,13713629184
1791661815.631,1440.681,zebrad,245375914,205743223,39632691,1794879488,4795953152,400515072,1376649216,4027875328,729559040,20,13713629184
1791661816.631,1441.681,indexer,2479413637,2067837293,411576343,13716316160,13832482816,1508212736,11891957760,10472099840,41925025792,26,13713629184
1791661816.631,1441.681,zebrad,245382760,205747927,39634833,1794609152,4795953152,400515072,1376649216,4027875328,729559040,20,13713629184
1791661817.631,1442.681,indexer,2479416676,2067840332,411576343,13716316160,13832482816,1508212736,11891957760,10472099840,41925025792,26,13713743872
1791661817.631,1442.681,zebrad,245389729,205754744,39634985,1794609152,4795953152,400515072,1376649216,4027875328,729559040,20,13713743872
1791661818.631,1443.681,indexer,2479420327,2067843983,411576343,13716316160,13832482816,1508212736,11891957760,10472099840,41925025792,26,13713743872
1791661818.631,1443.681,zebrad,245396894,205760883,39636011,1794867200,4795953152,400515072,1376649216,4027875328,729559040,20,13713743872
1791661819.631,1444.682,indexer,2479427077,2067850734,411576343,13716418560,13832482816,1508315136,11891957760,10472099840,41925025792,26,13714149376
1791661819.631,1444.682,zebrad,245403670,205767376,39636293,1794867200,4795953152,400515072,1376649216,4027875328,729559040,20,13714149376
1791661820.631,1445.682,indexer,2479431145,2067854801,411576343,13716418560,13832482816,1508409344,11891957760,10472099840,41925025792,26,13714149376
1791661820.631,1445.682,zebrad,245411305,205774752,39636552,1794863104,4795953152,400515072,1376649216,4027875328,729559040,20,13714149376
1791661821.632,1446.682,indexer,2479434278,2067857935,411576343,13716418560,13832482816,1508409344,11891957760,10472099840,41925025792,26,13714149376
1791661821.632,1446.682,zebrad,245417860,205781223,39636637,1794859008,4795953152,400515072,1376649216,4027875328,729559040,20,13714149376
1791661822.632,1447.682,indexer,2479437955,2067861611,411576343,13716418560,13832482816,1508409344,11891957760,10472099840,41925025792,26,13714149376
1791661822.632,1447.682,zebrad,245424917,205787109,39637808,1794859008,4795953152,400515072,1376649216,4027875328,729559040,20,13714149376
1791661823.632,1448.682,indexer,2479441031,2067864687,411576343,13716418560,13832482816,1508409344,11891957760,10472099840,41925025792,26,13714149376
1791661823.632,1448.682,zebrad,245431643,205793042,39638601,1794842624,4795953152,400515072,1376649216,4027875328,729559040,20,13714149376
1791661824.632,1449.682,indexer,2479448164,2067871821,411576343,13716418560,13832482816,1508503552,11891957760,10472099840,41925025792,26,13714149376
1791661824.632,1449.682,zebrad,245438975,205800326,39638648,1795096576,4795953152,400515072,1376649216,4027875328,729559040,20,13714149376
1791661825.632,1450.682,indexer,2479451276,2067874933,411576343,13716418560,13832482816,1508503552,11891957760,10472099840,41925025792,26,13714153472
1791661825.632,1450.682,zebrad,245445879,205806246,39639632,1794830336,4795953152,400515072,1376649216,4027875328,729559040,20,13714153472
1791661826.632,1451.682,indexer,2479455033,2067878689,411576343,13716418560,13832482816,1508597760,11891957760,10472099840,41925025792,26,13714153472
1791661826.632,1451.682,zebrad,245453325,205813693,39639632,1794830336,4795953152,400515072,1376649216,4027875328,729559040,20,13714153472
1791661827.632,1452.682,indexer,2479458099,2067881756,411576343,13716418560,13832482816,1508597760,11891957760,10472099840,41925025792,26,13714153472
1791661827.632,1452.682,zebrad,245460236,205818384,39641851,1794826240,4795953152,400515072,1376649216,4027875328,729559040,20,13714153472
1791661828.632,1453.682,indexer,2479461653,2067885309,411576343,13716418560,13832482816,1508597760,11891957760,10472099840,41925025792,26,13714165760
1791661828.632,1453.682,zebrad,245467512,205825622,39641890,1794826240,4795953152,400515072,1376649216,4027875328,729559040,20,13714165760
1791661829.632,1454.683,indexer,2479468518,2067892174,411576343,13716418560,13832482816,1508597760,11891957760,10472099840,41925025792,26,13714165760
1791661829.632,1454.683,zebrad,245474634,205832568,39642066,1794818048,4795953152,400515072,1376649216,4027875328,729559040,20,13714165760
1791661830.632,1455.683,indexer,2479472151,2067895807,411576343,13717929984,13832482816,1510203392,11891957760,10472099840,41925025792,26,13714395136
1791661830.632,1455.683,zebrad,245481847,205839428,39642419,1795149824,4795953152,400515072,1376649216,4027875328,729559040,20,13714395136
1791661831.632,1456.683,indexer,2479475316,2067898972,411576343,13717929984,13832482816,1510203392,11891957760,10472099840,41925025792,26,13714395136
1791661831.632,1456.683,zebrad,245488487,205845807,39642680,1794883584,4795953152,400515072,1376649216,4027875328,729559040,20,13714395136
1791661832.633,1457.683,indexer,2479479223,2067902879,411576343,13718192128,13832482816,1510297600,11891957760,10472099840,41925025792,26,13714395136
1791661832.633,1457.683,zebrad,245495275,205852472,39642802,1794883584,4795953152,400515072,1376649216,4027875328,729559040,20,13714395136
1791661833.633,1458.683,indexer,2479482427,2067906083,411576343,13718192128,13832482816,1510297600,11891957760,10472099840,41925025792,26,13714395136
1791661833.633,1458.683,zebrad,245501702,205858673,39643028,1794883584,4795953152,400515072,1376649216,4027875328,729559040,20,13714395136
1791661834.633,1459.683,indexer,2479489813,2067913469,411576343,13718192128,13832482816,1510297600,11891957760,10472099840,41925025792,26,13714395136
1791661834.633,1459.683,zebrad,245510582,205866575,39644006,1794879488,4795953152,400515072,1376649216,4027875328,729559040,20,13714395136
1791661835.633,1460.683,indexer,2479493070,2067916726,411576343,13718454272,13832482816,1510297600,11891957760,10472099840,41925025792,26,13714403328
1791661835.633,1460.683,zebrad,245517621,205873451,39644169,1794875392,4795953152,400515072,1376649216,4027875328,729559040,20,13714403328
1791661836.633,1461.683,indexer,2479496914,2067920570,411576343,13718454272,13832482816,1510391808,11891957760,10472099840,41925025792,26,13714403328
1791661836.633,1461.683,zebrad,245525126,205879713,39645412,1794875392,4795953152,400515072,1376649216,4027875328,729559040,20,13714403328
1791661837.633,1462.683,indexer,2479500033,2067923689,411576343,13718454272,13832482816,1510391808,11891957760,10472099840,41925025792,26,13714403328
1791661837.633,1462.683,zebrad,245531753,205886082,39645671,1795092480,4795953152,400515072,1376649216,4027875328,729559040,20,13714403328
1791661838.633,1463.684,indexer,2479503682,2067927339,411576343,13718454272,13832482816,1510391808,11891957760,10472099840,41925025792,26,13714403328
1791661838.633,1463.684,zebrad,245538444,205892666,39645777,1795084288,4795953152,400515072,1376649216,4027875328,729559040,20,13714403328
1791661839.633,1464.684,indexer,2479510608,2067934264,411576343,13718454272,13832482816,1510391808,11891957760,10472099840,41925025792,26,13714411520
1791661839.633,1464.684,zebrad,245545913,205899903,39646009,1795076096,4795953152,400515072,1376649216,4027875328,729559040,20,13714411520
1791661840.633,1465.684,indexer,2479514427,2067938083,411576343,13718454272,13832482816,1510391808,11891957760,10472099840,41925025792,26,13714640896
1791661840.633,1465.684,zebrad,245552962,205906788,39646174,1795072000,4795953152,400515072,1376649216,4027875328,729559040,20,13714640896
1791661841.634,1466.684,indexer,2479517664,2067941320,411576343,13718454272,13832482816,1510391808,11891957760,10472099840,41925025792,26,13714640896
1791661841.634,1466.684,zebrad,245559412,205913238,39646174,1795067904,4795953152,400515072,1376649216,4027875328,729559040,20,13714640896
1791661842.634,1467.684,indexer,2479521573,2067945230,411576343,13718454272,13832482816,1510391808,11891957760,10472099840,41925025792,26,13714640896
1791661842.634,1467.684,zebrad,245566449,205920207,39646241,1795067904,4795953152,400515072,1376649216,4027875328,729559040,20,13714640896
1791661843.634,1468.684,indexer,2479524745,2067948401,411576343,13718454272,13832482816,1510391808,11891957760,10472099840,41925025792,26,13714640896
1791661843.634,1468.684,zebrad,245573027,205925530,39647497,1794842624,4795953152,400515072,1376649216,4027875328,729559040,20,13714640896
1791661844.634,1469.684,indexer,2479532150,2067955806,411576343,13718454272,13832482816,1510391808,11891957760,10472099840,41925029888,26,13714640896
1791661844.634,1469.684,zebrad,245580284,205931421,39648862,1795096576,4795953152,400515072,1376649216,4027875328,729559040,20,13714640896
1791661845.634,1470.684,indexer,2479535089,2067958745,411576343,13718454272,13832482816,1510391808,11891957760,10472099840,41925029888,26,13714640896
1791661845.634,1470.684,zebrad,245587167,205938004,39649162,1795096576,4795953152,400515072,1376649216,4027875328,729559040,20,13714640896
1791661846.634,1471.684,indexer,2479539040,2067962696,411576343,13718454272,13832482816,1510391808,11891957760,10472099840,41925029888,26,13714640896
1791661846.634,1471.684,zebrad,245594712,205943457,39651255,1795092480,4795953152,400515072,1376649216,4027875328,729559040,20,13714640896
1791661847.634,1472.684,indexer,2479542005,2067965661,411576343,13718454272,13832482816,1510391808,11891957760,10472099840,41925029888,26,13714640896
1791661847.634,1472.684,zebrad,245601555,205949326,39652229,1794822144,4795953152,400515072,1376649216,4027875328,729559040,20,13714640896
1791661848.634,1473.685,indexer,2479545489,2067969145,411576343,13718454272,13832482816,1510391808,11891957760,10472099840,41925029888,26,13714141184
1791661848.634,1473.685,zebrad,245608808,205956381,39652426,1794822144,4795953152,400515072,1376649216,4027875328,729559040,20,13714141184
1791661849.634,1474.685,indexer,2479552366,2067976023,411576343,13718454272,13832482816,1510391808,11891957760,10472099840,41925029888,26,13714145280
1791661849.634,1474.685,zebrad,245615676,205963249,39652426,1794822144,4795953152,400515072,1376649216,4027875328,729559040,20,13714145280
1791661850.634,1475.685,indexer,2479556012,2067979669,411576343,13718454272,13832482816,1510391808,11891957760,10472099840,41925029888,26,13714030592
1791661850.634,1475.685,zebrad,245622927,205969812,39653114,1794822144,4795953152,400515072,1376649216,4027875328,729559040,20,13714030592
1791661851.635,1476.685,indexer,2479559194,2067982850,411576343,13718454272,13832482816,1510391808,11891957760,10472099840,41925029888,26,13714149376
1791661851.635,1476.685,zebrad,245630273,205976947,39653326,1794813952,4795953152,400515072,1376649216,4027875328,729559040,20,13714149376
1791661852.635,1477.685,indexer,2479562956,2067986612,411576343,13718454272,13832482816,1510391808,11891957760,10472099840,41925029888,26,13714149376
1791661852.635,1477.685,zebrad,245636651,205982101,39654550,1794805760,4795953152,400515072,1376649216,4027875328,729559040,20,13714149376
1791661853.635,1478.685,indexer,2479566014,2067989670,411576343,13718454272,13832482816,1510391808,11891957760,10472099840,41925029888,26,13714149376
1791661853.635,1478.685,zebrad,245643917,205988487,39655430,1794596864,4795953152,400515072,1376649216,4027875328,729559040,20,13714149376
1791661854.635,1479.685,indexer,2479573234,2067996890,411576343,13718454272,13832482816,1510391808,11891957760,10472099840,41925029888,26,13714149376
1791661854.635,1479.685,zebrad,245650579,205994885,39655694,1794592768,4795953152,400515072,1376649216,4027875328,729559040,20,13714149376
1791661855.635,1480.685,indexer,2479576248,2067999905,411576343,13718335488,13832482816,1510391808,11891957760,10472099840,41925029888,26,13714149376
1791661855.635,1480.685,zebrad,245657539,205999684,39657854,1794404352,4795953152,400515072,1376649216,4027875328,729559040,20,13714149376
1791661856.635,1481.685,indexer,2479579877,2068003533,411576343,13718335488,13832482816,1510391808,11891957760,10472099840,41925029888,26,13714153472
1791661856.635,1481.685,zebrad,245664206,206006086,39658119,1794666496,4795953152,400515072,1376649216,4027875328,729559040,20,13714153472
1791661857.635,1482.685,indexer,2479583070,2068006726,411576343,13718335488,13832482816,1510391808,11891957760,10472099840,41925029888,26,13714157568
1791661857.635,1482.685,zebrad,245670797,206011582,39659215,1794666496,4795953152,400515072,1376649216,4027875328,729559040,20,13714157568
1791661858.635,1483.686,indexer,2479586758,2068010415,411576343,13718335488,13832482816,1510391808,11891957760,10472099840,41925029888,26,13713907712
1791661858.635,1483.686,zebrad,245677955,206016710,39661245,1794662400,4795953152,400515072,1376649216,4027875328,729559040,20,13713907712
1791661859.635,1484.686,indexer,2479593582,2068017238,411576343,13718147072,13832482816,1510391808,11891957760,10472099840,41925029888,26,13713907712
1791661859.635,1484.686,zebrad,245684940,206022698,39662242,1794662400,4795953152,400515072,1376649216,4027875328,729559040,20,13713907712
1791661860.635,1485.686,indexer,2479597332,2068020989,411576343,13718237184,13832482816,1510481920,11891957760,10472099840,41925029888,26,13711769600
1791661860.635,1485.686,zebrad,245691991,206029746,39662244,1794920448,4795953152,400515072,1376649216,4027875328,729559040,20,13711769600
1791661861.636,1486.686,indexer,2479600361,2068024017,411576343,13718499328,13832482816,1510481920,11891957760,10472099840,41925029888,26,13715951616
1791661861.636,1486.686,zebrad,245698837,206035618,39663218,1794916352,4795953152,400515072,1376649216,4027875328,729559040,20,13715951616
1791661862.636,1487.686,indexer,2479603989,2068027646,411576343,13718499328,13832482816,1510481920,11891957760,10472099840,41925029888,26,13715951616
1791661862.636,1487.686,zebrad,245705419,206042200,39663218,1794912256,4795953152,400515072,1376649216,4027875328,729559040,20,13715951616
1791661863.636,1488.686,indexer,2479607087,2068030744,411576343,13718499328,13832482816,1510481920,11891957760,10472099840,41925029888,26,13715951616
1791661863.636,1488.686,zebrad,245712221,206048952,39663269,1794912256,4795953152,400515072,1376649216,4027875328,729559040,20,13715951616
1791661864.636,1489.686,indexer,2479614294,2068037950,411576343,13718499328,13832482816,1510481920,11891957760,10472099840,41925029888,26,13715959808
1791661864.636,1489.686,zebrad,245721620,206056445,39665174,1794908160,4795953152,400515072,1376649216,4027875328,729559040,20,13715959808
1791661865.636,1490.686,indexer,2479617357,2068041013,411576343,13718499328,13832482816,1510481920,11891957760,10472099840,41925029888,26,13715963904
1791661865.636,1490.686,zebrad,245728941,206062553,39666388,1794908160,4795953152,400515072,1376649216,4027875328,729559040,20,13715963904
1791661866.636,1491.686,indexer,2479621052,2068044708,411576343,13718499328,13832482816,1510481920,11891957760,10472099840,41925029888,26,13715963904
1791661866.636,1491.686,zebrad,245736249,206067969,39668280,1794908160,4795953152,400515072,1376649216,4027875328,729559040,20,13715963904
1791661867.636,1492.686,indexer,2479624283,2068047939,411576343,13718499328,13832482816,1510481920,11891957760,10472099840,41925029888,26,13715718144
1791661867.636,1492.686,zebrad,245743348,206074896,39668452,1794908160,4795953152,400515072,1376649216,4027875328,729559040,20,13715718144
1791661868.636,1493.686,indexer,2479627987,2068051644,411576343,13718499328,13832482816,1510481920,11891957760,10472099840,41925029888,26,13715718144
1791661868.636,1493.686,zebrad,245750322,206081393,39668929,1794908160,4795953152,400515072,1376649216,4027875328,729559040,20,13715718144
1791661869.636,1494.687,indexer,2479634768,2068058424,411576343,13718577152,13832482816,1510481920,11891957760,10472099840,41925029888,26,13715718144
1791661869.636,1494.687,zebrad,245757194,206088265,39668929,1794908160,4795953152,400515072,1376649216,4027875328,729559040,20,13715718144
1791661870.636,1495.687,indexer,2479638314,2068061970,411576343,13711736832,13832482816,1510481920,11885117440,10472099840,41925029888,26,13758033920
1791661870.636,1495.687,zebrad,245764532,206094414,39670118,1793855488,4795953152,400515072,1375600640,4027875328,729559040,20,13758033920
1791661871.636,1496.687,indexer,2479641578,2068065234,411576343,13711736832,13832482816,1510481920,11885117440,10472099840,41925029888,26,13741506560
1791661871.636,1496.687,zebrad,245772023,206100664,39671359,1793855488,4795953152,400515072,1375600640,4027875328,729559040,20,13741506560
1791661872.637,1497.687,indexer,2479645206,2068068863,411576343,13711478784,13832482816,1510481920,11885117440,10472099840,41925029888,26,13741248512
1791661872.637,1497.687,zebrad,245778795,206105143,39673651,1793855488,4795953152,400515072,1375600640,4027875328,729559040,20,13741248512
1791661873.637,1498.687,indexer,2479648266,2068071923,411576343,13711478784,13832482816,1510481920,11885117440,10472099840,41925029888,26,13740531712
1791661873.637,1498.687,zebrad,245785676,206110201,39675474,1793855488,4795953152,400515072,1375600640,4027875328,729559040,20,13740531712
1791661874.637,1499.687,indexer,2479655571,2068079227,411576343,13711478784,13832482816,1510481920,11885117440,10472099840,41925029888,26,13740503040
1791661874.637,1499.687,zebrad,245792974,206117133,39675841,1793855488,4795953152,400515072,1375600640,4027875328,729559040,20,13740503040
1791661875.637,1500.687,indexer,2479658787,2068082443,411576343,13711478784,13832482816,1510481920,11885117440,10472099840,41925033984,26,13740507136
1791661875.637,1500.687,zebrad,245799955,206122955,39677000,1793851392,4795953152,400515072,1375600640,4027875328,729559040,20,13740507136
1791661876.637,1501.687,indexer,2479662746,2068086402,411576343,13711478784,13832482816,1510481920,11885117440,10472099840,41925033984,26,13740507136
1791661876.637,1501.687,zebrad,245806693,206128574,39678119,1793851392,4795953152,400515072,1375600640,4027875328,729559040,20,13740507136
1791661877.637,1502.687,indexer,2479665995,2068089651,411576343,13711228928,13832482816,1510481920,11885117440,10472099840,41925033984,26,13740593152
1791661877.637,1502.687,zebrad,245813266,206134054,39679212,1793667072,4795953152,400515072,1375600640,4027875328,729559040,20,13740593152
1791661878.637,1503.687,indexer,2479669557,2068093213,411576343,13711745024,13832482816,1510481920,11885117440,10472099840,41925033984,26,13740593152
1791661878.637,1503.687,zebrad,245820193,206140674,39679518,1793929216,4795953152,400515072,1375600640,4027875328,729559040,20,13740593152
1791661879.637,1504.688,indexer,2479676526,2068100182,411576343,13711474688,13832482816,1510481920,11885117440,10472099840,41925033984,26,13738299392
1791661879.637,1504.688,zebrad,245827651,206148064,39679586,1793925120,4795953152,400515072,1375600640,4027875328,729559040,20,13738299392
1791661880.637,1505.688,indexer,2479680234,2068103890,411576343,13711736832,13832482816,1510481920,11885117440,10472099840,41925033984,26,13737578496
1791661880.637,1505.688,zebrad,245834587,206153849,39680737,1793916928,4795953152,400515072,1375600640,4027875328,729559040,20,13737578496
1791661881.638,1506.688,indexer,2479683483,2068107139,411576343,13711736832,13832482816,1510481920,11885117440,10472099840,41925033984,26,13737578496
1791661881.638,1506.688,zebrad,245841423,206158707,39682716,1793650688,4795953152,400515072,1375600640,4027875328,729559040,20,13737578496
1791661882.638,1507.688,indexer,2479687238,2068110894,411576343,13711998976,13832482816,1510670336,11885117440,10472099840,41925033984,26,13737332736
1791661882.638,1507.688,zebrad,245848105,206165284,39682820,1793650688,4795953152,400515072,1375600640,4027875328,729559040,20,13737332736
1791661883.638,1508.688,indexer,2479690260,2068113916,411576343,13711998976,13832482816,1510670336,11885117440,10472099840,41925033984,26,13737332736
1791661883.638,1508.688,zebrad,245854645,206170575,39684070,1793650688,4795953152,400515072,1375600640,4027875328,729559040,20,13737332736
1791661884.638,1509.688,indexer,2479697434,2068121090,411576343,13712007168,13832482816,1510670336,11885117440,10472099840,41925033984,26,13737332736
1791661884.638,1509.688,zebrad,245861251,206176082,39685168,1793748992,4795953152,400515072,1375600640,4027875328,729559040,20,13737332736
1791661885.638,1510.688,indexer,2479700476,2068124133,411576343,13712007168,13832482816,1510670336,11885117440,10472099840,41925033984,26,13737103360
1791661885.638,1510.688,zebrad,245868052,206181754,39686298,1793748992,4795953152,400515072,1375600640,4027875328,729559040,20,13737103360
1791661886.638,1511.688,indexer,2479704070,2068127726,411576343,13711998976,13832482816,1510670336,11885117440,10472099840,41925033984,26,13737103360
1791661886.638,1511.688,zebrad,245874752,206188346,39686405,1793748992,4795953152,400515072,1375600640,4027875328,729559040,20,13737103360
1791661887.638,1512.689,indexer,2479707406,2068131062,411576343,13711998976,13832482816,1510670336,11885117440,10472099840,41925033984,26,13737103360
1791661887.638,1512.689,zebrad,245881339,206192833,39688506,1793744896,4795953152,400515072,1375600640,4027875328,729559040,20,13737103360
1791661888.638,1513.689,indexer,2479711037,2068134693,411576343,13711998976,13832482816,1510670336,11885117440,10472099840,41925033984,26,13737103360
1791661888.638,1513.689,zebrad,245887974,206198203,39689771,1793732608,4795953152,400515072,1375600640,4027875328,729559040,20,13737103360
1791661889.638,1514.689,indexer,2479717912,2068141569,411576343,13711998976,13832482816,1510670336,11885117440,10472099840,41925033984,26,13736878080
1791661889.638,1514.689,zebrad,245894949,206205025,39689923,1793728512,4795953152,400515072,1375600640,4027875328,729559040,20,13736878080
1791661890.639,1515.689,indexer,2479721382,2068145039,411576343,13711998976,13832482816,1510670336,11885117440,10472099840,41925033984,26,13736894464
1791661890.639,1515.689,zebrad,245901816,206210590,39691225,1793728512,4795953152,400515072,1375600640,4027875328,729559040,20,13736894464
1791661891.639,1516.689,indexer,2479724499,2068148156,411576343,13711998976,13832482816,1510764544,11885117440,10472099840,41925033984,26,13736894464
1791661891.639,1516.689,zebrad,245908382,206217156,39691225,1793724416,4795953152,400515072,1375600640,4027875328,729559040,20,13736894464
1791661892.639,1517.689,indexer,2479728128,2068151785,411576343,13711998976,13832482816,1510764544,11885117440,10472099840,41925033984,26,13736894464
1791661892.639,1517.689,zebrad,245915131,206223703,39691427,1793716224,4795953152,400515072,1375600640,4027875328,729559040,20,13736894464
1791661893.639,1518.689,indexer,2479731254,2068154911,411576343,13711994880,13832482816,1510764544,11885117440,10472099840,41925033984,26,13736894464
1791661893.639,1518.689,zebrad,245922231,206229788,39692442,1793716224,4795953152,400515072,1375600640,4027875328,729559040,20,13736894464
1791661894.639,1519.689,indexer,2479738426,2068162082,411576343,13711994880,13832482816,1510764544,11885117440,10472099840,41925033984,26,13736894464
1791661894.639,1519.689,zebrad,245931691,206239248,39692442,1793716224,4795953152,400515072,1375600640,4027875328,729559040,20,13736894464
1791661895.639,1520.689,indexer,2479741722,2068165378,411576343,13711994880,13832482816,1510764544,11885117440,10472099840,41925033984,26,13736894464
1791661895.639,1520.689,zebrad,245938462,206244828,39693633,1793712128,4795953152,400515072,1375600640,4027875328,729559040,20,13736894464
1791661896.639,1521.690,indexer,2479745415,2068169071,411576343,13711994880,13832482816,1510764544,11885117440,10472099840,41925033984,26,13736894464
1791661896.639,1521.690,zebrad,245945107,206250369,39694738,1793712128,4795953152,400515072,1375600640,4027875328,729559040,20,13736894464
1791661897.639,1522.690,indexer,2479748485,2068172141,411576343,13711994880,13832482816,1510764544,11885117440,10472099840,41925033984,26,13736894464
1791661897.639,1522.690,zebrad,245951992,206256111,39695881,1793708032,4795953152,400515072,1375600640,4027875328,729559040,20,13736894464
1791661898.639,1523.690,indexer,2479751900,2068175557,411576343,13711994880,13832482816,1510764544,11885117440,10472099840,41925033984,26,13736894464
1791661898.639,1523.690,zebrad,245958654,206262509,39696145,1793703936,4795953152,400515072,1375600640,4027875328,729559040,20,13736894464
1791661899.640,1524.690,indexer,2479758439,2068182095,411576343,13711769600,13832482816,1510858752,11885117440,10472099840,41925033984,26,13736894464
1791661899.640,1524.690,zebrad,245965387,206268286,39697101,1793703936,4795953152,400515072,1375600640,4027875328,729559040,20,13736894464
1791661900.640,1525.690,indexer,2479762124,2068185780,411576343,13711769600,13832482816,1510858752,11885117440,10472099840,41925033984,26,13736894464
1791661900.640,1525.690,zebrad,245972204,206274814,39697390,1793703936,4795953152,400515072,1375600640,4027875328,729559040,20,13736894464
1791661901.640,1526.690,indexer,2479765237,2068188893,411576343,13711769600,13832482816,1510858752,11885117440,10472099840,41925033984,26,13736894464
1791661901.640,1526.690,zebrad,245979124,206280585,39698538,1793966080,4795953152,400515072,1375600640,4027875328,729559040,20,13736894464
1791661902.640,1527.690,indexer,2479768768,2068192424,411576343,13712015360,13832482816,1510858752,11885117440,10472099840,41925033984,26,13736894464
1791661902.640,1527.690,zebrad,245986011,206285161,39700849,1793966080,4795953152,400515072,1375600640,4027875328,729559040,20,13736894464
1791661903.640,1528.690,indexer,2479771675,2068195331,411576343,13711720448,13832482816,1510858752,11885117440,10472099840,41925033984,26,13736894464
1791661903.640,1528.690,zebrad,245993000,206292150,39700849,1793961984,4795953152,400515072,1375600640,4027875328,729559040,20,13736894464
1791661904.640,1529.690,indexer,2479778864,2068202520,411576343,13711720448,13832482816,1510858752,11885117440,10472099840,41925033984,26,13736898560
1791661904.640,1529.690,zebrad,246000021,206298176,39701844,1793961984,4795953152,400515072,1375600640,4027875328,729559040,20,13736898560
1791661905.640,1530.690,indexer,2479781880,2068205536,411576343,13711982592,13832482816,1510858752,11885117440,10472099840,41925033984,26,13736902656
1791661905.640,1530.690,zebrad,246006831,206304698,39702132,1793961984,4795953152,400515072,1375600640,4027875328,729559040,20,13736902656
1791661906.640,1531.691,indexer,2479785665,2068209321,411576343,13711982592,13832482816,1510858752,11885117440,10472099840,41925038080,26,13736902656
1791661906.640,1531.691,zebrad,246013342,206310808,39702534,1793957888,4795953152,400515072,1375600640,4027875328,729559040,20,13736902656
1791661907.640,1532.691,indexer,2479788948,2068212604,411576343,13711978496,13832482816,1510858752,11885117440,10472099840,41925038080,26,13736902656
1791661907.640,1532.691,zebrad,246020260,206317583,39702677,1793687552,4795953152,400515072,1375600640,4027875328,729559040,20,13736902656
1791661908.641,1533.691,indexer,2479792521,2068213647,411578874,13711978496,13832482816,1510858752,11885117440,10472099840,41925038080,26,13736656896
1791661908.641,1533.691,zebrad,246026810,206322882,39703928,1793683456,4795953152,400515072,1375600640,4027875328,729559040,20,13736656896
1791661909.641,1534.691,indexer,2479799238,2068218697,411580540,13711978496,13832482816,1510858752,11885117440,10472099840,41925038080,26,13736656896
1791661909.641,1534.691,zebrad,246033952,206329164,39704788,1793556480,4795953152,400515072,1375600640,4027875328,729559040,20,13736656896
1791661910.641,1535.691,indexer,2479802869,2068220356,411582513,13711978496,13832482816,1510858752,11885117440,10472099840,41925038080,26,13736656896
1791661910.641,1535.691,zebrad,246041013,206335216,39705797,1793818624,4795953152,400515072,1375600640,4027875328,729559040,20,13736656896
1791661911.641,1536.691,indexer,2479805957,2068223204,411582753,13711978496,13832482816,1510858752,11885117440,10472099840,41925038080,26,13736656896
1791661911.641,1536.691,zebrad,246048360,206342351,39706009,1793818624,4795953152,400515072,1375600640,4027875328,729559040,20,13736656896
1791661912.641,1537.691,indexer,2479809700,2068226326,411583374,13711978496,13832482816,1510858752,11885117440,10472099840,41925038080,26,13736411136
1791661912.641,1537.691,zebrad,246054990,206347879,39707111,1793818624,4795953152,400515072,1375600640,4027875328,729559040,20,13736411136
1791661913.641,1538.691,indexer,2479812702,2068227459,411585242,13712011264,13832482816,1510858752,11885117440,10472099840,41925038080,26,13736411136
1791661913.641,1538.691,zebrad,246062225,206355082,39707142,1793818624,4795953152,400515072,1375600640,4027875328,729559040,20,13736411136
1791661914.641,1539.691,indexer,2479819750,2068234508,411585242,13712007168,13832482816,1510858752,11885117440,10472099840,41925038080,26,13736411136
1791661914.641,1539.691,zebrad,246068999,206361574,39707424,1793818624,4795953152,400515072,1375600640,4027875328,729559040,20,13736411136
1791661915.641,1540.692,indexer,2479822720,2068237451,411585269,13712007168,13832482816,1510858752,11885117440,10472099840,41925038080,26,13736411136
1791661915.641,1540.692,zebrad,246075650,206368125,39707524,1793818624,4795953152,400515072,1375600640,4027875328,729559040,20,13736411136
1791661916.641,1541.692,indexer,2479826213,2068238994,411587218,13712007168,13832482816,1510858752,11885117440,10472099840,41925038080,26,13736411136
1791661916.641,1541.692,zebrad,246082264,206373965,39708299,1793806336,4795953152,400515072,1375600640,4027875328,729559040,20,13736411136
1791661917.641,1542.692,indexer,2479829247,2068241524,411587722,13712007168,13832482816,1510858752,11885117440,10472099840,41925038080,26,13736411136
1791661917.641,1542.692,zebrad,246088682,206379640,39709042,1793806336,4795953152,400515072,1375600640,4027875328,729559040,20,13736411136
1791661918.642,1543.692,indexer,2479832791,2068243111,411589680,13712007168,13832482816,1510858752,11885117440,10472099840,41925038080,26,13736419328
1791661918.642,1543.692,zebrad,246095289,206384986,39710302,1793806336,4795953152,400515072,1375600640,4027875328,729559040,20,13736419328
1791661919.642,1544.692,indexer,2479839412,2068249451,411589961,13712007168,13832482816,1510858752,11885117440,10472099840,41925038080,26,13736189952
1791661919.642,1544.692,zebrad,246102493,206390833,39711659,1793806336,4795953152,400515072,1375600640,4027875328,729559040,20,13736189952
1791661920.642,1545.692,indexer,2479843057,2068251394,411591663,13712007168,13832482816,1510858752,11885117440,10472099840,41925038080,26,13736198144
1791661920.642,1545.692,zebrad,246109895,206398177,39711718,1793806336,4795953152,400515072,1375600640,4027875328,729559040,20,13736198144
1791661921.642,1546.692,indexer,2479846281,2068252985,411593295,13712007168,13832482816,1510858752,11885117440,10472099840,41925038080,26,13736198144
1791661921.642,1546.692,zebrad,246116199,206403269,39712929,1793802240,4795953152,400515072,1375600640,4027875328,729559040,20,13736198144
1791661922.642,1547.692,indexer,2479849763,2068254520,411595243,13712007168,13832482816,1510952960,11885117440,10472099840,41925038080,26,13736198144
1791661922.642,1547.692,zebrad,246122686,206407509,39715176,1793536000,4795953152,400515072,1375600640,4027875328,729559040,20,13736198144
1791661923.642,1548.692,indexer,2479852940,2068257442,411595498,13711765504,13832482816,1510952960,11885117440,10472099840,41925038080,26,13736198144
1791661923.642,1548.692,zebrad,246129574,206414098,39715476,1793597440,4795953152,400515072,1375600640,4027875328,729559040,20,13736198144
