t,elapsed_s,metric,value
1791660689.047,3.205,ztreamer_index_durable_block_height,nan
1791660689.047,3.205,ztreamer_index_generation,0.0
1791660689.047,3.205,ztreamer_index_sealed_block_height,nan
1791660691.048,5.205,ztreamer_index_durable_block_height,nan
1791660691.048,5.205,ztreamer_index_sealed_block_height,nan
1791660693.890,8.047,ztreamer_index_sealed_block_height,nan
1791660693.890,8.047,ztreamer_index_durable_block_height,nan
1791660695.890,10.048,ztreamer_index_durable_block_height,nan
1791660695.890,10.048,ztreamer_index_sealed_block_height,nan
1791660697.890,12.048,ztreamer_index_sealed_block_height,nan
1791660697.890,12.048,ztreamer_index_durable_block_height,nan
1791660700.745,14.903,ztreamer_index_durable_block_height,nan
1791660700.745,14.903,ztreamer_index_sealed_block_height,nan
1791660702.745,16.903,ztreamer_index_sealed_block_height,nan
1791660702.745,16.903,ztreamer_index_durable_block_height,nan
1791660705.597,19.755,ztreamer_index_sealed_block_height,nan
1791660705.597,19.755,ztreamer_index_durable_block_height,nan
1791660707.597,21.755,ztreamer_index_sealed_block_height,nan
1791660707.597,21.755,ztreamer_index_durable_block_height,nan
1791660709.597,23.755,ztreamer_index_sealed_block_height,nan
1791660709.597,23.755,ztreamer_index_durable_block_height,nan
1791660712.439,26.596,ztreamer_index_sealed_block_height,nan
1791660712.439,26.596,ztreamer_index_durable_block_height,nan
1791660714.439,28.597,ztreamer_index_sealed_block_height,nan
1791660714.439,28.597,ztreamer_index_durable_block_height,nan
1791660717.283,31.440,ztreamer_index_durable_block_height,nan
1791660717.283,31.440,ztreamer_index_sealed_block_height,nan
1791660719.283,33.440,ztreamer_index_durable_block_height,nan
1791660719.283,33.440,ztreamer_index_sealed_block_height,nan
1791660721.283,35.441,ztreamer_index_sealed_block_height,nan
1791660721.283,35.441,ztreamer_index_durable_block_height,nan
1791660724.124,38.282,ztreamer_index_sealed_block_height,nan
1791660724.124,38.282,ztreamer_index_durable_block_height,nan
1791660726.125,40.283,ztreamer_index_sealed_block_height,nan
1791660726.125,40.283,ztreamer_index_durable_block_height,nan
1791660728.964,43.121,ztreamer_index_durable_block_height,nan
1791660728.964,43.121,ztreamer_index_sealed_block_height,nan
1791660730.964,45.122,ztreamer_index_sealed_block_height,nan
1791660730.964,45.122,ztreamer_index_durable_block_height,nan
1791660732.964,47.122,ztreamer_index_durable_block_height,nan
1791660732.964,47.122,ztreamer_index_sealed_block_height,nan
1791660735.803,49.960,ztreamer_index_sealed_block_height,nan
1791660735.803,49.960,ztreamer_index_durable_block_height,nan
1791660737.803,51.961,ztreamer_index_durable_block_height,nan
1791660737.803,51.961,ztreamer_index_sealed_block_height,nan
1791660740.639,54.796,ztreamer_index_sealed_block_height,nan
1791660740.639,54.796,ztreamer_index_durable_block_height,nan
1791660742.639,56.796,ztreamer_index_sealed_block_height,nan
1791660742.639,56.796,ztreamer_index_durable_block_height,nan
1791660744.639,58.797,ztreamer_index_sealed_block_height,nan
1791660744.639,58.797,ztreamer_index_durable_block_height,nan
1791660747.481,61.639,ztreamer_index_sealed_block_height,nan
1791660747.481,61.639,ztreamer_index_durable_block_height,nan
1791660749.482,63.639,ztreamer_index_sealed_block_height,nan
1791660749.482,63.639,ztreamer_index_durable_block_height,nan
1791660752.323,66.481,ztreamer_index_durable_block_height,nan
1791660752.323,66.481,ztreamer_index_sealed_block_height,nan
1791660754.324,68.481,ztreamer_index_durable_block_height,nan
1791660754.324,68.481,ztreamer_index_sealed_block_height,nan
1791660756.324,70.481,ztreamer_index_sealed_block_height,nan
1791660756.324,70.481,ztreamer_index_durable_block_height,nan
1791660759.159,73.317,sync_estimated_distance_to_tip,20293.0
1791660759.159,73.317,sync_estimated_network_tip_height,4403190.0
1791660759.159,73.317,sync_zakura_apply_epoch,0.0
1791660759.159,73.317,sync_zakura_apply_phase,1.0
1791660759.159,73.317,ztreamer_index_durable_block_height,nan
1791660759.159,73.317,ztreamer_index_sealed_block_height,nan
1791660759.159,73.317,sync_zakura_service_header_enabled,0.0
1791660759.159,73.317,sync_zakura_service_block_applying,1.0
1791660761.159,75.317,ztreamer_index_durable_block_height,nan
1791660761.159,75.317,ztreamer_index_sealed_block_height,nan
1791660763.990,78.148,ztreamer_pipeline_source_bytes,314425226.0
1791660763.990,78.148,ztreamer_pipeline_committed_blocks,87436.0
1791660763.990,78.148,ztreamer_pipeline_source_blocks,145152.0
1791660763.990,78.148,ztreamer_pipeline_source_transactions,187738.0
1791660763.990,78.148,ztreamer_pipeline_workers_active,4.0
1791660763.990,78.148,sync_obtain_queued_hash_count,0.0
1791660763.990,78.148,ztreamer_index_generation,1.0
1791660763.990,78.148,ztreamer_pipeline_pending_bytes,11155776.0
1791660763.990,78.148,ztreamer_pipeline_first_missing_height,145402.0
1791660763.990,78.148,ztreamer_pipeline_ready_bytes,11148864.0
1791660763.990,78.148,sync_prospective_tips_len,0.0
1791660763.990,78.148,sync_downloads_response_received,0.0
1791660763.990,78.148,sync_reserve_depth,0.0
1791660763.990,78.148,ztreamer_pipeline_target_height,4382897.0
1791660763.990,78.148,sync_downloads_in_flight,0.0
1791660763.990,78.148,sync_downloads_waiting_verifier,0.0
1791660763.990,78.148,sync_downloads_verifying,0.0
1791660763.990,78.148,sync_downloads_downloading,0.0
1791660763.990,78.148,ztreamer_index_durable_block_height,87435.0
1791660763.990,78.148,sync_downloads_waiting_network,0.0
1791660763.990,78.148,ztreamer_index_sealed_block_height,86999.0
1791660763.990,78.148,"ztreamer_pipeline_receive_wait_seconds{quantile=""0""}",1.172e-06
1791660763.990,78.148,"ztreamer_pipeline_receive_wait_seconds{quantile=""0.5""}",4.658113379797418e-06
1791660763.990,78.148,"ztreamer_pipeline_receive_wait_seconds{quantile=""0.9""}",1.8634422020797765e-05
1791660763.990,78.148,"ztreamer_pipeline_receive_wait_seconds{quantile=""0.95""}",1.9648687001865368e-05
1791660763.990,78.148,"ztreamer_pipeline_receive_wait_seconds{quantile=""0.99""}",4.892118432159813e-05
1791660763.990,78.148,"ztreamer_pipeline_receive_wait_seconds{quantile=""0.999""}",4.892118432159813e-05
1791660763.990,78.148,"ztreamer_pipeline_receive_wait_seconds{quantile=""1""}",5.1135e-05
1791660763.990,78.148,ztreamer_pipeline_receive_wait_seconds_sum,1.0732261880000045
1791660763.990,78.148,ztreamer_pipeline_receive_wait_seconds_count,145578.0
1791660763.990,78.148,"ztreamer_pipeline_commit_seconds{outcome=""error"",quantile=""0""}",0.0
1791660763.990,78.148,"ztreamer_pipeline_commit_seconds{outcome=""error"",quantile=""0.5""}",0.0
1791660763.990,78.148,"ztreamer_pipeline_commit_seconds{outcome=""error"",quantile=""0.9""}",0.0
1791660763.990,78.148,"ztreamer_pipeline_commit_seconds{outcome=""error"",quantile=""0.95""}",0.0
1791660763.990,78.148,"ztreamer_pipeline_commit_seconds{outcome=""error"",quantile=""0.99""}",0.0
1791660763.990,78.148,"ztreamer_pipeline_commit_seconds{outcome=""error"",quantile=""0.999""}",0.0
1791660763.990,78.148,"ztreamer_pipeline_commit_seconds{outcome=""error"",quantile=""1""}",0.0
1791660763.990,78.148,"ztreamer_pipeline_commit_seconds_sum{outcome=""error""}",0.0
1791660763.990,78.148,"ztreamer_pipeline_commit_seconds_count{outcome=""error""}",0.0
1791660763.990,78.148,"ztreamer_pipeline_commit_seconds{outcome=""success"",quantile=""0""}",0.188736942
1791660763.990,78.148,"ztreamer_pipeline_commit_seconds{outcome=""success"",quantile=""0.5""}",0.1887182700729066
1791660763.990,78.148,"ztreamer_pipeline_commit_seconds{outcome=""success"",quantile=""0.9""}",0.1887182700729066
1791660763.990,78.148,"ztreamer_pipeline_commit_seconds{outcome=""success"",quantile=""0.95""}",0.1887182700729066
1791660763.990,78.148,"ztreamer_pipeline_commit_seconds{outcome=""success"",quantile=""0.99""}",0.1887182700729066
1791660763.990,78.148,"ztreamer_pipeline_commit_seconds{outcome=""success"",quantile=""0.999""}",0.1887182700729066
1791660763.990,78.148,"ztreamer_pipeline_commit_seconds{outcome=""success"",quantile=""1""}",0.188736942
1791660763.990,78.148,"ztreamer_pipeline_commit_seconds_sum{outcome=""success""}",0.188736942
1791660763.990,78.148,"ztreamer_pipeline_commit_seconds_count{outcome=""success""}",1.0
1791660763.990,78.148,"sync_stage_duration_seconds{stage=""obtain_tips"",quantile=""0""}",6.002078742
1791660763.990,78.148,"sync_stage_duration_seconds{stage=""obtain_tips"",quantile=""0.5""}",6.002043538398771
1791660763.990,78.148,"sync_stage_duration_seconds{stage=""obtain_tips"",quantile=""0.9""}",6.002043538398771
1791660763.990,78.148,"sync_stage_duration_seconds{stage=""obtain_tips"",quantile=""0.95""}",6.002043538398771
1791660763.990,78.148,"sync_stage_duration_seconds{stage=""obtain_tips"",quantile=""0.99""}",6.002043538398771
1791660763.990,78.148,"sync_stage_duration_seconds{stage=""obtain_tips"",quantile=""0.999""}",6.002043538398771
1791660763.990,78.148,"sync_stage_duration_seconds{stage=""obtain_tips"",quantile=""1""}",6.002078742
1791660763.990,78.148,"sync_stage_duration_seconds_sum{stage=""obtain_tips""}",6.002078742
1791660763.990,78.148,"sync_stage_duration_seconds_count{stage=""obtain_tips""}",1.0
1791660763.990,78.148,"ztreamer_pipeline_stage_seconds{stage=""txid_read"",quantile=""0""}",8.067e-06
1791660763.990,78.148,"ztreamer_pipeline_stage_seconds{stage=""txid_read"",quantile=""0.5""}",1.06996444807023e-05
1791660763.990,78.148,"ztreamer_pipeline_stage_seconds{stage=""txid_read"",quantile=""0.9""}",0.00024513535447896105
1791660763.990,78.148,"ztreamer_pipeline_stage_seconds{stage=""txid_read"",quantile=""0.95""}",0.00035852935033432373
1791660763.990,78.148,"ztreamer_pipeline_stage_seconds{stage=""txid_read"",quantile=""0.99""}",0.0004155531511326829
1791660763.990,78.148,"ztreamer_pipeline_stage_seconds{stage=""txid_read"",quantile=""0.999""}",0.0004155531511326829
1791660763.990,78.148,"ztreamer_pipeline_stage_seconds{stage=""txid_read"",quantile=""1""}",0.000464977
1791660763.990,78.148,"ztreamer_pipeline_stage_seconds_sum{stage=""txid_read""}",0.06118081099999999
1791660763.990,78.148,"ztreamer_pipeline_stage_seconds_count{stage=""txid_read""}",568.0
1791660763.990,78.148,"ztreamer_pipeline_stage_seconds{stage=""transaction_read"",quantile=""0""}",0.000165157
1791660763.990,78.148,"ztreamer_pipeline_stage_seconds{stage=""transaction_read"",quantile=""0.5""}",0.00025407017931495987
1791660763.990,78.148,"ztreamer_pipeline_stage_seconds{stage=""transaction_read"",quantile=""0.9""}",0.0004244569244904732
1791660763.990,78.148,"ztreamer_pipeline_stage_seconds{stage=""transaction_read"",quantile=""0.95""}",0.0006041427603842098
1791660763.990,78.148,"ztreamer_pipeline_stage_seconds{stage=""transaction_read"",quantile=""0.99""}",0.00833826580773006
1791660763.990,78.148,"ztreamer_pipeline_stage_seconds{stage=""transaction_read"",quantile=""0.999""}",0.00833826580773006
1791660763.990,78.148,"ztreamer_pipeline_stage_seconds{stage=""transaction_read"",quantile=""1""}",0.008706341
1791660763.990,78.148,"ztreamer_pipeline_stage_seconds_sum{stage=""transaction_read""}",0.2602577330000002
1791660763.990,78.148,"ztreamer_pipeline_stage_seconds_count{stage=""transaction_read""}",568.0
1791660763.990,78.148,"ztreamer_pipeline_stage_seconds{stage=""header_read"",quantile=""0""}",0.001570359
1791660763.990,78.148,"ztreamer_pipeline_stage_seconds{stage=""header_read"",quantile=""0.5""}",0.002187709822628959
1791660763.990,78.148,"ztreamer_pipeline_stage_seconds{stage=""header_read"",quantile=""0.9""}",0.0024260277618196155
1791660763.990,78.148,"ztreamer_pipeline_stage_seconds{stage=""header_read"",quantile=""0.95""}",0.00275014944634809
1791660763.990,78.148,"ztreamer_pipeline_stage_seconds{stage=""header_read"",quantile=""0.99""}",0.0030079393850176877
1791660763.990,78.148,"ztreamer_pipeline_stage_seconds{stage=""header_read"",quantile=""0.999""}",0.0030079393850176877
1791660763.990,78.148,"ztreamer_pipeline_stage_seconds{stage=""header_read"",quantile=""1""}",0.003127742
1791660763.990,78.148,"ztreamer_pipeline_stage_seconds_sum{stage=""header_read""}",1.445517828
1791660763.990,78.148,"ztreamer_pipeline_stage_seconds_count{stage=""header_read""}",576.0
1791660763.990,78.148,"ztreamer_pipeline_stage_seconds{stage=""parse"",quantile=""0""}",3.6494e-05
1791660763.990,78.148,"ztreamer_pipeline_stage_seconds{stage=""parse"",quantile=""0.5""}",4.51689778120914e-05
1791660763.990,78.148,"ztreamer_pipeline_stage_seconds{stage=""parse"",quantile=""0.9""}",7.412927446333984e-05
1791660763.990,78.148,"ztreamer_pipeline_stage_seconds{stage=""parse"",quantile=""0.95""}",7.811722018296532e-05
1791660763.990,78.148,"ztreamer_pipeline_stage_seconds{stage=""parse"",quantile=""0.99""}",0.0007976026404886645
1791660763.990,78.148,"ztreamer_pipeline_stage_seconds{stage=""parse"",quantile=""0.999""}",0.0007976026404886645
1791660763.990,78.148,"ztreamer_pipeline_stage_seconds{stage=""parse"",quantile=""1""}",0.001322752
1791660763.990,78.148,"ztreamer_pipeline_stage_seconds_sum{stage=""parse""}",0.03300743900000001
1791660763.990,78.148,"ztreamer_pipeline_stage_seconds_count{stage=""parse""}",576.0
1791660763.990,78.148,"ztreamer_pipeline_stage_seconds{stage=""worker_send_wait"",quantile=""0""}",0.002689215
1791660763.990,78.148,"ztreamer_pipeline_stage_seconds{stage=""worker_send_wait"",quantile=""0.5""}",0.003752623725112958
1791660763.990,78.148,"ztreamer_pipeline_stage_seconds{stage=""worker_send_wait"",quantile=""0.9""}",0.005607221141982742
1791660763.990,78.148,"ztreamer_pipeline_stage_seconds{stage=""worker_send_wait"",quantile=""0.95""}",0.006110785086490857
1791660763.990,78.148,"ztreamer_pipeline_stage_seconds{stage=""worker_send_wait"",quantile=""0.99""}",0.006900923597772726
1791660763.990,78.148,"ztreamer_pipeline_stage_seconds{stage=""worker_send_wait"",quantile=""0.999""}",0.006900923597772726
1791660763.990,78.148,"ztreamer_pipeline_stage_seconds{stage=""worker_send_wait"",quantile=""1""}",0.007452661
1791660763.990,78.148,"ztreamer_pipeline_stage_seconds_sum{stage=""worker_send_wait""}",2.1914377689999984
1791660763.990,78.148,"ztreamer_pipeline_stage_seconds_count{stage=""worker_send_wait""}",576.0
1791660763.990,78.148,"ztreamer_pipeline_segment_seconds{outcome=""success"",quantile=""0""}",0.005954691
1791660763.990,78.148,"ztreamer_pipeline_segment_seconds{outcome=""success"",quantile=""0.5""}",0.007701809165045799
1791660763.990,78.148,"ztreamer_pipeline_segment_seconds{outcome=""success"",quantile=""0.9""}",0.010253870650231952
1791660763.990,78.148,"ztreamer_pipeline_segment_seconds{outcome=""success"",quantile=""0.95""}",0.01121952157728928
1791660763.990,78.148,"ztreamer_pipeline_segment_seconds{outcome=""success"",quantile=""0.99""}",0.01559351714277544
1791660763.990,78.148,"ztreamer_pipeline_segment_seconds{outcome=""success"",quantile=""0.999""}",0.01559351714277544
1791660763.990,78.148,"ztreamer_pipeline_segment_seconds{outcome=""success"",quantile=""1""}",0.018846174
1791660763.990,78.148,"ztreamer_pipeline_segment_seconds_sum{outcome=""success""}",4.857412563999995
1791660763.990,78.148,"ztreamer_pipeline_segment_seconds_count{outcome=""success""}",576.0
1791660763.990,78.148,"ztreamer_pipeline_segment_seconds{outcome=""error"",quantile=""0""}",0.0
1791660763.990,78.148,"ztreamer_pipeline_segment_seconds{outcome=""error"",quantile=""0.5""}",0.0
1791660763.990,78.148,"ztreamer_pipeline_segment_seconds{outcome=""error"",quantile=""0.9""}",0.0
1791660763.990,78.148,"ztreamer_pipeline_segment_seconds{outcome=""error"",quantile=""0.95""}",0.0
1791660763.990,78.148,"ztreamer_pipeline_segment_seconds{outcome=""error"",quantile=""0.99""}",0.0
1791660763.990,78.148,"ztreamer_pipeline_segment_seconds{outcome=""error"",quantile=""0.999""}",0.0
1791660763.990,78.148,"ztreamer_pipeline_segment_seconds{outcome=""error"",quantile=""1""}",0.0
1791660763.990,78.148,"ztreamer_pipeline_segment_seconds_sum{outcome=""error""}",0.0
1791660763.990,78.148,"ztreamer_pipeline_segment_seconds_count{outcome=""error""}",0.0
1791660763.990,78.148,"ztreamer_pipeline_pass_seconds{outcome=""panic"",quantile=""0""}",0.0
1791660763.990,78.148,"ztreamer_pipeline_pass_seconds{outcome=""panic"",quantile=""0.5""}",0.0
1791660763.990,78.148,"ztreamer_pipeline_pass_seconds{outcome=""panic"",quantile=""0.9""}",0.0
1791660763.990,78.148,"ztreamer_pipeline_pass_seconds{outcome=""panic"",quantile=""0.95""}",0.0
1791660763.990,78.148,"ztreamer_pipeline_pass_seconds{outcome=""panic"",quantile=""0.99""}",0.0
1791660763.990,78.148,"ztreamer_pipeline_pass_seconds{outcome=""panic"",quantile=""0.999""}",0.0
1791660763.990,78.148,"ztreamer_pipeline_pass_seconds{outcome=""panic"",quantile=""1""}",0.0
1791660763.990,78.148,"ztreamer_pipeline_pass_seconds_sum{outcome=""panic""}",0.0
1791660763.990,78.148,"ztreamer_pipeline_pass_seconds_count{outcome=""panic""}",0.0
1791660763.990,78.148,"ztreamer_pipeline_pass_seconds{outcome=""success"",quantile=""0""}",0.0
1791660763.990,78.148,"ztreamer_pipeline_pass_seconds{outcome=""success"",quantile=""0.5""}",0.0
1791660763.990,78.148,"ztreamer_pipeline_pass_seconds{outcome=""success"",quantile=""0.9""}",0.0
1791660763.990,78.148,"ztreamer_pipeline_pass_seconds{outcome=""success"",quantile=""0.95""}",0.0
1791660763.990,78.148,"ztreamer_pipeline_pass_seconds{outcome=""success"",quantile=""0.99""}",0.0
1791660763.990,78.148,"ztreamer_pipeline_pass_seconds{outcome=""success"",quantile=""0.999""}",0.0
1791660763.990,78.148,"ztreamer_pipeline_pass_seconds{outcome=""success"",quantile=""1""}",0.0
1791660763.990,78.148,"ztreamer_pipeline_pass_seconds_sum{outcome=""success""}",0.0
1791660763.990,78.148,"ztreamer_pipeline_pass_seconds_count{outcome=""success""}",0.0
1791660763.990,78.148,"ztreamer_pipeline_pass_seconds{outcome=""error"",quantile=""0""}",0.0
1791660763.990,78.148,"ztreamer_pipeline_pass_seconds{outcome=""error"",quantile=""0.5""}",0.0
1791660763.990,78.148,"ztreamer_pipeline_pass_seconds{outcome=""error"",quantile=""0.9""}",0.0
1791660763.990,78.148,"ztreamer_pipeline_pass_seconds{outcome=""error"",quantile=""0.95""}",0.0
1791660763.990,78.148,"ztreamer_pipeline_pass_seconds{outcome=""error"",quantile=""0.99""}",0.0
1791660763.990,78.148,"ztreamer_pipeline_pass_seconds{outcome=""error"",quantile=""0.999""}",0.0
1791660763.990,78.148,"ztreamer_pipeline_pass_seconds{outcome=""error"",quantile=""1""}",0.0
1791660763.990,78.148,"ztreamer_pipeline_pass_seconds_sum{outcome=""error""}",0.0
1791660763.990,78.148,"ztreamer_pipeline_pass_seconds_count{outcome=""error""}",0.0
1791660763.990,78.148,"ztreamer_pipeline_batch_send_wait_seconds{quantile=""0""}",7.479e-06
1791660763.990,78.148,"ztreamer_pipeline_batch_send_wait_seconds{quantile=""0.5""}",7.478337542584999e-06
1791660763.990,78.148,"ztreamer_pipeline_batch_send_wait_seconds{quantile=""0.9""}",7.478337542584999e-06
1791660763.990,78.148,"ztreamer_pipeline_batch_send_wait_seconds{quantile=""0.95""}",7.478337542584999e-06
1791660763.990,78.148,"ztreamer_pipeline_batch_send_wait_seconds{quantile=""0.99""}",7.478337542584999e-06
1791660763.990,78.148,"ztreamer_pipeline_batch_send_wait_seconds{quantile=""0.999""}",7.478337542584999e-06
1791660763.990,78.148,"ztreamer_pipeline_batch_send_wait_seconds{quantile=""1""}",7.479e-06
1791660763.990,78.148,ztreamer_pipeline_batch_send_wait_seconds_sum,7.479e-06
1791660763.990,78.148,ztreamer_pipeline_batch_send_wait_seconds_count,1.0
1791660765.990,80.148,ztreamer_pipeline_committed_blocks,174818.0
1791660765.990,80.148,ztreamer_pipeline_source_transactions,378076.0
1791660765.990,80.148,ztreamer_pipeline_source_bytes,579125766.0
1791660765.990,80.148,ztreamer_pipeline_source_blocks,281344.0
1791660765.990,80.148,ztreamer_index_sealed_block_height,173999.0
1791660765.990,80.148,ztreamer_index_generation,2.0
1791660765.990,80.148,ztreamer_pipeline_pending_bytes,3769764.0
1791660765.990,80.148,ztreamer_pipeline_first_missing_height,277173.0
1791660765.990,80.148,ztreamer_pipeline_ready_bytes,2857536.0
1791660765.990,80.148,ztreamer_index_durable_block_height,174817.0
1791660765.990,80.148,"ztreamer_pipeline_receive_wait_seconds{quantile=""0""}",8.7e-08
1791660765.990,80.148,"ztreamer_pipeline_receive_wait_seconds{quantile=""0.5""}",0.0007218450681760374
1791660765.990,80.148,"ztreamer_pipeline_receive_wait_seconds{quantile=""0.9""}",0.0007218450681760374
1791660765.990,80.148,"ztreamer_pipeline_receive_wait_seconds{quantile=""0.95""}",0.0007218450681760374
1791660765.990,80.148,"ztreamer_pipeline_receive_wait_seconds{quantile=""0.99""}",0.0007218450681760374
1791660765.990,80.148,"ztreamer_pipeline_receive_wait_seconds{quantile=""0.999""}",0.0007218450681760374
1791660765.990,80.148,"ztreamer_pipeline_receive_wait_seconds{quantile=""1""}",0.506484431
1791660765.990,80.148,ztreamer_pipeline_receive_wait_seconds_sum,2.948476998999995
1791660765.990,80.148,ztreamer_pipeline_receive_wait_seconds_count,281959.0
1791660765.990,80.148,"ztreamer_pipeline_commit_seconds{outcome=""success"",quantile=""1""}",0.813919443
1791660765.990,80.148,"ztreamer_pipeline_commit_seconds_sum{outcome=""success""}",1.0026563849999999
1791660765.990,80.148,"ztreamer_pipeline_commit_seconds_count{outcome=""success""}",2.0
1791660765.990,80.148,"ztreamer_pipeline_stage_seconds{stage=""txid_read"",quantile=""0.5""}",1.798990049008034e-05
1791660765.990,80.148,"ztreamer_pipeline_stage_seconds{stage=""txid_read"",quantile=""0.9""}",0.00032819584749828974
1791660765.990,80.148,"ztreamer_pipeline_stage_seconds{stage=""txid_read"",quantile=""0.95""}",0.0004939382589958514
1791660765.990,80.148,"ztreamer_pipeline_stage_seconds{stage=""txid_read"",quantile=""0.99""}",0.00132452678452591
1791660765.990,80.148,"ztreamer_pipeline_stage_seconds{stage=""txid_read"",quantile=""0.999""}",0.0021982360726022086
1791660765.990,80.148,"ztreamer_pipeline_stage_seconds{stage=""txid_read"",quantile=""1""}",0.002243742
1791660765.990,80.148,"ztreamer_pipeline_stage_seconds_sum{stage=""txid_read""}",0.12455754500000008
1791660765.990,80.148,"ztreamer_pipeline_stage_seconds_count{stage=""txid_read""}",1101.0
1791660765.990,80.148,"ztreamer_pipeline_stage_seconds{stage=""transaction_read"",quantile=""0""}",0.000158781
1791660765.990,80.148,"ztreamer_pipeline_stage_seconds{stage=""transaction_read"",quantile=""0.9""}",0.000592772408299845
1791660765.990,80.148,"ztreamer_pipeline_stage_seconds{stage=""transaction_read"",quantile=""0.95""}",0.0011023621111673997
1791660765.990,80.148,"ztreamer_pipeline_stage_seconds{stage=""transaction_read"",quantile=""0.99""}",0.002027604918348011
1791660765.990,80.148,"ztreamer_pipeline_stage_seconds_sum{stage=""transaction_read""}",0.4584696039999997
1791660765.990,80.148,"ztreamer_pipeline_stage_seconds_count{stage=""transaction_read""}",1101.0
1791660765.990,80.148,"ztreamer_pipeline_stage_seconds{stage=""header_read"",quantile=""0""}",0.001159038
1791660765.990,80.148,"ztreamer_pipeline_stage_seconds{stage=""header_read"",quantile=""0.5""}",0.0022035181751817482
1791660765.990,80.148,"ztreamer_pipeline_stage_seconds{stage=""header_read"",quantile=""0.9""}",0.0025260460496948746
1791660765.990,80.148,"ztreamer_pipeline_stage_seconds{stage=""header_read"",quantile=""0.95""}",0.002855523687415983
1791660765.990,80.148,"ztreamer_pipeline_stage_seconds{stage=""header_read"",quantile=""0.99""}",0.1282851174878803
1791660765.990,80.148,"ztreamer_pipeline_stage_seconds{stage=""header_read"",quantile=""0.999""}",0.5093091867560793
1791660765.990,80.148,"ztreamer_pipeline_stage_seconds{stage=""header_read"",quantile=""1""}",0.50935521
1791660765.990,80.148,"ztreamer_pipeline_stage_seconds_sum{stage=""header_read""}",5.502697406999999
1791660765.990,80.148,"ztreamer_pipeline_stage_seconds_count{stage=""header_read""}",1101.0
1791660765.990,80.148,"ztreamer_pipeline_stage_seconds{stage=""parse"",quantile=""0""}",2.9052e-05
1791660765.990,80.148,"ztreamer_pipeline_stage_seconds{stage=""parse"",quantile=""0.5""}",4.603539327580597e-05
1791660765.990,80.148,"ztreamer_pipeline_stage_seconds{stage=""parse"",quantile=""0.9""}",7.327434306543242e-05
1791660765.990,80.148,"ztreamer_pipeline_stage_seconds{stage=""parse"",quantile=""0.95""}",8.588511419852203e-05
1791660765.990,80.148,"ztreamer_pipeline_stage_seconds{stage=""parse"",quantile=""0.99""}",0.00023141451161851333
1791660765.990,80.148,"ztreamer_pipeline_stage_seconds_sum{stage=""parse""}",0.06176156300000006
1791660765.990,80.148,"ztreamer_pipeline_stage_seconds_count{stage=""parse""}",1099.0
1791660765.990,80.148,"ztreamer_pipeline_stage_seconds{stage=""worker_send_wait"",quantile=""0""}",0.00203626
1791660765.990,80.148,"ztreamer_pipeline_stage_seconds{stage=""worker_send_wait"",quantile=""0.5""}",0.0035277322949823853
1791660765.990,80.148,"ztreamer_pipeline_stage_seconds{stage=""worker_send_wait"",quantile=""0.9""}",0.004653665813851621
1791660765.990,80.148,"ztreamer_pipeline_stage_seconds{stage=""worker_send_wait"",quantile=""0.95""}",0.005433889938674118
1791660765.990,80.148,"ztreamer_pipeline_stage_seconds{stage=""worker_send_wait"",quantile=""0.99""}",0.014047651935213804
1791660765.990,80.148,"ztreamer_pipeline_stage_seconds{stage=""worker_send_wait"",quantile=""0.999""}",0.01549093881014793
1791660765.990,80.148,"ztreamer_pipeline_stage_seconds{stage=""worker_send_wait"",quantile=""1""}",0.016260469
1791660765.990,80.148,"ztreamer_pipeline_stage_seconds_sum{stage=""worker_send_wait""}",4.182080706
1791660765.990,80.148,"ztreamer_pipeline_stage_seconds_count{stage=""worker_send_wait""}",1099.0
1791660765.990,80.148,"ztreamer_pipeline_segment_seconds{outcome=""success"",quantile=""0""}",0.005515217
1791660765.990,80.148,"ztreamer_pipeline_segment_seconds{outcome=""success"",quantile=""0.5""}",0.00747717657626033
1791660765.990,80.148,"ztreamer_pipeline_segment_seconds{outcome=""success"",quantile=""0.9""}",0.009895254102330107
1791660765.990,80.148,"ztreamer_pipeline_segment_seconds{outcome=""success"",quantile=""0.95""}",0.01128929869685248
1791660765.990,80.148,"ztreamer_pipeline_segment_seconds{outcome=""success"",quantile=""0.99""}",0.2955550961087756
1791660765.990,80.148,"ztreamer_pipeline_segment_seconds{outcome=""success"",quantile=""0.999""}",0.515251572546036
1791660765.990,80.148,"ztreamer_pipeline_segment_seconds{outcome=""success"",quantile=""1""}",0.516031792
1791660765.990,80.148,"ztreamer_pipeline_segment_seconds_sum{outcome=""success""}",12.316245606
1791660765.990,80.148,"ztreamer_pipeline_segment_seconds_count{outcome=""success""}",1101.0
1791660765.990,80.148,"ztreamer_pipeline_batch_send_wait_seconds{quantile=""0.5""}",8.036635406780818e-06
1791660765.990,80.148,"ztreamer_pipeline_batch_send_wait_seconds{quantile=""0.9""}",8.036635406780818e-06
1791660765.990,80.148,"ztreamer_pipeline_batch_send_wait_seconds{quantile=""0.95""}",8.036635406780818e-06
1791660765.990,80.148,"ztreamer_pipeline_batch_send_wait_seconds{quantile=""0.99""}",8.036635406780818e-06
1791660765.990,80.148,"ztreamer_pipeline_batch_send_wait_seconds{quantile=""0.999""}",8.036635406780818e-06
1791660765.990,80.148,"ztreamer_pipeline_batch_send_wait_seconds{quantile=""1""}",8.542e-06
1791660765.990,80.148,ztreamer_pipeline_batch_send_wait_seconds_sum,2.4057000000000004e-05
1791660765.990,80.148,ztreamer_pipeline_batch_send_wait_seconds_count,3.0
1791660767.991,82.148,ztreamer_pipeline_source_bytes,933712396.0
1791660767.991,82.148,ztreamer_pipeline_committed_blocks,378000.0
1791660767.991,82.148,ztreamer_pipeline_source_transactions,615594.0
1791660767.991,82.148,ztreamer_pipeline_source_blocks,441600.0
1791660767.991,82.148,ztreamer_index_generation,5.0
1791660767.991,82.148,ztreamer_pipeline_pending_bytes,12618156.0
1791660767.991,82.148,ztreamer_pipeline_first_missing_height,441779.0
1791660767.991,82.148,ztreamer_pipeline_ready_bytes,12567468.0
1791660767.991,82.148,ztreamer_index_sealed_block_height,377999.0
1791660767.991,82.148,ztreamer_index_durable_block_height,377999.0
1791660767.991,82.148,ztreamer_pipeline_receive_wait_seconds_sum,4.811678623999893
1791660767.991,82.148,ztreamer_pipeline_receive_wait_seconds_count,442119.0
1791660767.991,82.148,"ztreamer_pipeline_commit_seconds{outcome=""success"",quantile=""0.5""}",0.43810353829007187
1791660767.991,82.148,"ztreamer_pipeline_commit_seconds{outcome=""success"",quantile=""0.9""}",0.6181031002201302
1791660767.991,82.148,"ztreamer_pipeline_commit_seconds{outcome=""success"",quantile=""0.95""}",0.6181031002201302
1791660767.991,82.148,"ztreamer_pipeline_commit_seconds{outcome=""success"",quantile=""0.99""}",0.6181031002201302
1791660767.991,82.148,"ztreamer_pipeline_commit_seconds{outcome=""success"",quantile=""0.999""}",0.6181031002201302
1791660767.991,82.148,"ztreamer_pipeline_commit_seconds_sum{outcome=""success""}",2.412815726
1791660767.991,82.148,"ztreamer_pipeline_commit_seconds_count{outcome=""success""}",5.0
1791660767.991,82.148,"ztreamer_pipeline_stage_seconds{stage=""txid_read"",quantile=""0.5""}",2.1251139492316844e-05
1791660767.991,82.148,"ztreamer_pipeline_stage_seconds{stage=""txid_read"",quantile=""0.9""}",0.0002393221435151036
1791660767.991,82.148,"ztreamer_pipeline_stage_seconds{stage=""txid_read"",quantile=""0.95""}",0.0004846420259181773
1791660767.991,82.148,"ztreamer_pipeline_stage_seconds{stage=""txid_read"",quantile=""0.99""}",0.0015593284572171452
1791660767.991,82.148,"ztreamer_pipeline_stage_seconds{stage=""txid_read"",quantile=""0.999""}",0.0026460163748402935
1791660767.991,82.148,"ztreamer_pipeline_stage_seconds{stage=""txid_read"",quantile=""1""}",0.014909019
1791660767.991,82.148,"ztreamer_pipeline_stage_seconds_sum{stage=""txid_read""}",0.19626233400000015
1791660767.991,82.148,"ztreamer_pipeline_stage_seconds_count{stage=""txid_read""}",1728.0
1791660767.991,82.148,"ztreamer_pipeline_stage_seconds{stage=""transaction_read"",quantile=""0""}",0.000154194
1791660767.991,82.148,"ztreamer_pipeline_stage_seconds{stage=""transaction_read"",quantile=""0.5""}",0.00024839259163925224
1791660767.991,82.148,"ztreamer_pipeline_stage_seconds{stage=""transaction_read"",quantile=""0.9""}",0.0004589817859938591
1791660767.991,82.148,"ztreamer_pipeline_stage_seconds{stage=""transaction_read"",quantile=""0.95""}",0.0007779097610637391
1791660767.991,82.148,"ztreamer_pipeline_stage_seconds{stage=""transaction_read"",quantile=""0.99""}",0.003210591714355211
1791660767.991,82.148,"ztreamer_pipeline_stage_seconds{stage=""transaction_read"",quantile=""0.999""}",0.008919637067377896
1791660767.991,82.148,"ztreamer_pipeline_stage_seconds{stage=""transaction_read"",quantile=""1""}",0.057509179
1791660767.991,82.148,"ztreamer_pipeline_stage_seconds_sum{stage=""transaction_read""}",0.7553341680000011
1791660767.991,82.148,"ztreamer_pipeline_stage_seconds_count{stage=""transaction_read""}",1725.0
1791660767.991,82.148,"ztreamer_pipeline_stage_seconds{stage=""header_read"",quantile=""0.5""}",0.0023304357185787565
1791660767.991,82.148,"ztreamer_pipeline_stage_seconds{stage=""header_read"",quantile=""0.9""}",0.005867656125170895
1791660767.991,82.148,"ztreamer_pipeline_stage_seconds{stage=""header_read"",quantile=""0.95""}",0.008219055156344298
1791660767.991,82.148,"ztreamer_pipeline_stage_seconds{stage=""header_read"",quantile=""0.99""}",0.021061679694826613
1791660767.991,82.148,"ztreamer_pipeline_stage_seconds{stage=""header_read"",quantile=""0.999""}",0.5089019023408048
1791660767.991,82.148,"ztreamer_pipeline_stage_seconds_sum{stage=""header_read""}",9.453654916000003
1791660767.991,82.148,"ztreamer_pipeline_stage_seconds_count{stage=""header_read""}",1725.0
1791660767.991,82.148,"ztreamer_pipeline_stage_seconds{stage=""parse"",quantile=""0.5""}",5.313365439073087e-05
1791660767.991,82.148,"ztreamer_pipeline_stage_seconds{stage=""parse"",quantile=""0.9""}",7.448595031918951e-05
1791660767.991,82.148,"ztreamer_pipeline_stage_seconds{stage=""parse"",quantile=""0.95""}",8.889096638329028e-05
1791660767.991,82.148,"ztreamer_pipeline_stage_seconds{stage=""parse"",quantile=""0.99""}",0.0005154346512547545
1791660767.991,82.148,"ztreamer_pipeline_stage_seconds{stage=""parse"",quantile=""0.999""}",0.0014256890662925831
1791660767.991,82.148,"ztreamer_pipeline_stage_seconds{stage=""parse"",quantile=""1""}",0.008635886
1791660767.991,82.148,"ztreamer_pipeline_stage_seconds_sum{stage=""parse""}",0.11803735699999997
1791660767.991,82.148,"ztreamer_pipeline_stage_seconds_count{stage=""parse""}",1728.0
1791660767.991,82.148,"ztreamer_pipeline_stage_seconds{stage=""worker_send_wait"",quantile=""0""}",0.001106333
1791660767.991,82.148,"ztreamer_pipeline_stage_seconds{stage=""worker_send_wait"",quantile=""0.5""}",0.0034835617268725353
1791660767.991,82.148,"ztreamer_pipeline_stage_seconds{stage=""worker_send_wait"",quantile=""0.9""}",0.0044774570206856
1791660767.991,82.148,"ztreamer_pipeline_stage_seconds{stage=""worker_send_wait"",quantile=""0.95""}",0.005025149759254716
1791660767.991,82.148,"ztreamer_pipeline_stage_seconds{stage=""worker_send_wait"",quantile=""0.99""}",0.009425843811841837
1791660767.991,82.148,"ztreamer_pipeline_stage_seconds{stage=""worker_send_wait"",quantile=""0.999""}",0.014466783954545842
1791660767.991,82.148,"ztreamer_pipeline_stage_seconds_sum{stage=""worker_send_wait""}",6.379336236999995
1791660767.991,82.148,"ztreamer_pipeline_stage_seconds_count{stage=""worker_send_wait""}",1725.0
1791660767.991,82.148,"ztreamer_pipeline_segment_seconds{outcome=""success"",quantile=""0""}",0.004310468
1791660767.991,82.148,"ztreamer_pipeline_segment_seconds{outcome=""success"",quantile=""0.5""}",0.008041818650361276
1791660767.991,82.148,"ztreamer_pipeline_segment_seconds{outcome=""success"",quantile=""0.9""}",0.013711779208800345
1791660767.991,82.148,"ztreamer_pipeline_segment_seconds{outcome=""success"",quantile=""0.95""}",0.016865249466567124
1791660767.991,82.148,"ztreamer_pipeline_segment_seconds{outcome=""success"",quantile=""0.99""}",0.18464873091461723
1791660767.991,82.148,"ztreamer_pipeline_segment_seconds{outcome=""success"",quantile=""0.999""}",0.5146336414897066
1791660767.991,82.148,"ztreamer_pipeline_segment_seconds_sum{outcome=""success""}",20.77497951699999
1791660767.991,82.148,"ztreamer_pipeline_segment_seconds_count{outcome=""success""}",1725.0
1791660767.991,82.148,"ztreamer_pipeline_batch_send_wait_seconds{quantile=""0""}",6.619e-06
1791660767.991,82.148,"ztreamer_pipeline_batch_send_wait_seconds{quantile=""0.5""}",7.899587269980584e-06
1791660767.991,82.148,ztreamer_pipeline_batch_send_wait_seconds_sum,3.8576000000000005e-05
1791660767.991,82.148,ztreamer_pipeline_batch_send_wait_seconds_count,5.0
1791660770.836,84.994,ztreamer_pipeline_source_blocks,729600.0
1791660770.836,84.994,ztreamer_pipeline_source_transactions,1038074.0
1791660770.836,84.994,ztreamer_pipeline_source_bytes,1499410878.0
1791660770.836,84.994,ztreamer_pipeline_committed_blocks,626000.0
1791660770.836,84.994,ztreamer_pipeline_pending_bytes,3877040.0
1791660770.836,84.994,ztreamer_index_durable_block_height,625999.0
1791660770.836,84.994,ztreamer_index_generation,8.0
1791660770.836,84.994,ztreamer_pipeline_first_missing_height,729775.0
1791660770.836,84.994,ztreamer_index_sealed_block_height,625999.0
1791660770.836,84.994,ztreamer_pipeline_ready_bytes,3844228.0
1791660770.836,84.994,"ztreamer_pipeline_receive_wait_seconds{quantile=""0""}",8.6e-08
1791660770.836,84.994,ztreamer_pipeline_receive_wait_seconds_sum,7.386632571999913
1791660770.836,84.994,ztreamer_pipeline_receive_wait_seconds_count,729938.0
1791660770.836,84.994,"ztreamer_pipeline_commit_seconds{outcome=""success"",quantile=""0.5""}",0.539722582762775
1791660770.836,84.994,"ztreamer_pipeline_commit_seconds{outcome=""success"",quantile=""0.9""}",0.6268174014275899
1791660770.836,84.994,"ztreamer_pipeline_commit_seconds{outcome=""success"",quantile=""0.95""}",0.6268174014275899
1791660770.836,84.994,"ztreamer_pipeline_commit_seconds{outcome=""success"",quantile=""0.99""}",0.6268174014275899
1791660770.836,84.994,"ztreamer_pipeline_commit_seconds{outcome=""success"",quantile=""0.999""}",0.6268174014275899
1791660770.836,84.994,"ztreamer_pipeline_commit_seconds_sum{outcome=""success""}",4.20149964
1791660770.836,84.994,"ztreamer_pipeline_commit_seconds_count{outcome=""success""}",8.0
1791660770.836,84.994,"ztreamer_pipeline_stage_seconds{stage=""txid_read"",quantile=""0.5""}",0.00011163230982757317
1791660770.836,84.994,"ztreamer_pipeline_stage_seconds{stage=""txid_read"",quantile=""0.9""}",0.0003365041649613678
1791660770.836,84.994,"ztreamer_pipeline_stage_seconds{stage=""txid_read"",quantile=""0.95""}",0.0004997013038568086
1791660770.836,84.994,"ztreamer_pipeline_stage_seconds{stage=""txid_read"",quantile=""0.99""}",0.00132452678452591
1791660770.836,84.994,"ztreamer_pipeline_stage_seconds{stage=""txid_read"",quantile=""0.999""}",0.004502601117847435
1791660770.836,84.994,"ztreamer_pipeline_stage_seconds{stage=""txid_read"",quantile=""1""}",0.078327489
1791660770.836,84.994,"ztreamer_pipeline_stage_seconds_sum{stage=""txid_read""}",0.45552022699999994
1791660770.836,84.994,"ztreamer_pipeline_stage_seconds_count{stage=""txid_read""}",2850.0
1791660770.836,84.994,"ztreamer_pipeline_stage_seconds{stage=""transaction_read"",quantile=""0.5""}",0.0002752859913002392
1791660770.836,84.994,"ztreamer_pipeline_stage_seconds{stage=""transaction_read"",quantile=""0.9""}",0.0004844482078733573
1791660770.836,84.994,"ztreamer_pipeline_stage_seconds{stage=""transaction_read"",quantile=""0.95""}",0.0006844465316495033
1791660770.836,84.994,"ztreamer_pipeline_stage_seconds{stage=""transaction_read"",quantile=""0.99""}",0.0025361704692673254
1791660770.836,84.994,"ztreamer_pipeline_stage_seconds_sum{stage=""transaction_read""}",1.1900851390000027
1791660770.836,84.994,"ztreamer_pipeline_stage_seconds_count{stage=""transaction_read""}",2850.0
1791660770.836,84.994,"ztreamer_pipeline_stage_seconds{stage=""header_read"",quantile=""0.5""}",0.002275171089375831
1791660770.836,84.994,"ztreamer_pipeline_stage_seconds{stage=""header_read"",quantile=""0.9""}",0.004535136834028466
1791660770.836,84.994,"ztreamer_pipeline_stage_seconds{stage=""header_read"",quantile=""0.95""}",0.006306969281286526
1791660770.836,84.994,"ztreamer_pipeline_stage_seconds{stage=""header_read"",quantile=""0.999""}",0.5085966527824078
1791660770.836,84.994,"ztreamer_pipeline_stage_seconds_sum{stage=""header_read""}",13.823591173000004
1791660770.836,84.994,"ztreamer_pipeline_stage_seconds_count{stage=""header_read""}",2850.0
1791660770.836,84.994,"ztreamer_pipeline_stage_seconds{stage=""parse"",quantile=""0.5""}",5.868654712920559e-05
1791660770.836,84.994,"ztreamer_pipeline_stage_seconds{stage=""parse"",quantile=""0.9""}",8.506456205161702e-05
1791660770.836,84.994,"ztreamer_pipeline_stage_seconds{stage=""parse"",quantile=""0.95""}",0.00010010408776160098
1791660770.836,84.994,"ztreamer_pipeline_stage_seconds{stage=""parse"",quantile=""0.99""}",0.000299888436129628
1791660770.836,84.994,"ztreamer_pipeline_stage_seconds_sum{stage=""parse""}",0.20152097399999988
1791660770.836,84.994,"ztreamer_pipeline_stage_seconds_count{stage=""parse""}",2850.0
1791660770.836,84.994,"ztreamer_pipeline_stage_seconds{stage=""worker_send_wait"",quantile=""0.5""}",0.0035045259270115032
1791660770.836,84.994,"ztreamer_pipeline_stage_seconds{stage=""worker_send_wait"",quantile=""0.9""}",0.004465830753090402
1791660770.836,84.994,"ztreamer_pipeline_stage_seconds{stage=""worker_send_wait"",quantile=""0.95""}",0.004917770396096186
1791660770.836,84.994,"ztreamer_pipeline_stage_seconds{stage=""worker_send_wait"",quantile=""0.99""}",0.01309270571566715
1791660770.836,84.994,"ztreamer_pipeline_stage_seconds_sum{stage=""worker_send_wait""}",10.603209073999974
1791660770.836,84.994,"ztreamer_pipeline_stage_seconds_count{stage=""worker_send_wait""}",2850.0
1791660770.836,84.994,"ztreamer_pipeline_segment_seconds{outcome=""success"",quantile=""0.5""}",0.007804146990069776
1791660770.836,84.994,"ztreamer_pipeline_segment_seconds{outcome=""success"",quantile=""0.9""}",0.011908533681604393
1791660770.836,84.994,"ztreamer_pipeline_segment_seconds{outcome=""success"",quantile=""0.95""}",0.01608770410814063
1791660770.836,84.994,"ztreamer_pipeline_segment_seconds{outcome=""success"",quantile=""0.99""}",0.1330141172409765
1791660770.836,84.994,"ztreamer_pipeline_segment_seconds{outcome=""success"",quantile=""0.999""}",0.514119265077573
1791660770.836,84.994,"ztreamer_pipeline_segment_seconds_sum{outcome=""success""}",32.150371248000006
1791660770.836,84.994,"ztreamer_pipeline_segment_seconds_count{outcome=""success""}",2850.0
1791660770.836,84.994,"ztreamer_pipeline_batch_send_wait_seconds{quantile=""0.5""}",7.710711867447411e-06
1791660770.836,84.994,"ztreamer_pipeline_batch_send_wait_seconds{quantile=""0.9""}",8.141793715450492e-06
1791660770.836,84.994,"ztreamer_pipeline_batch_send_wait_seconds{quantile=""0.95""}",8.141793715450492e-06
1791660770.836,84.994,"ztreamer_pipeline_batch_send_wait_seconds{quantile=""0.99""}",8.141793715450492e-06
1791660770.836,84.994,"ztreamer_pipeline_batch_send_wait_seconds{quantile=""0.999""}",8.141793715450492e-06
1791660770.836,84.994,ztreamer_pipeline_batch_send_wait_seconds_sum,6.875800000000001e-05
1791660770.836,84.994,ztreamer_pipeline_batch_send_wait_seconds_count,9.0
1791660772.836,86.994,ztreamer_pipeline_source_transactions,1334284.0
1791660772.836,86.994,ztreamer_pipeline_committed_blocks,796556.0
1791660772.836,86.994,ztreamer_pipeline_source_blocks,935680.0
1791660772.836,86.994,ztreamer_pipeline_source_bytes,1884929097.0
1791660772.836,86.994,ztreamer_index_sealed_block_height,795999.0
1791660772.836,86.994,ztreamer_pipeline_pending_bytes,11796388.0
1791660772.836,86.994,ztreamer_index_generation,10.0
1791660772.836,86.994,ztreamer_index_durable_block_height,796555.0
1791660772.836,86.994,ztreamer_pipeline_first_missing_height,935860.0
1791660772.836,86.994,ztreamer_pipeline_ready_bytes,11785940.0
1791660772.836,86.994,"ztreamer_pipeline_receive_wait_seconds{quantile=""0""}",8.5e-08
1791660772.836,86.994,ztreamer_pipeline_receive_wait_seconds_sum,9.20337777099983
1791660772.836,86.994,ztreamer_pipeline_receive_wait_seconds_count,935930.0
1791660772.836,86.994,"ztreamer_pipeline_commit_seconds{outcome=""success"",quantile=""0.5""}",0.6181031002201302
1791660772.836,86.994,"ztreamer_pipeline_commit_seconds{outcome=""success"",quantile=""0.9""}",0.7210116338664015
1791660772.836,86.994,"ztreamer_pipeline_commit_seconds{outcome=""success"",quantile=""0.95""}",0.7210116338664015
1791660772.836,86.994,"ztreamer_pipeline_commit_seconds{outcome=""success"",quantile=""0.99""}",0.7210116338664015
1791660772.836,86.994,"ztreamer_pipeline_commit_seconds{outcome=""success"",quantile=""0.999""}",0.7210116338664015
1791660772.836,86.994,"ztreamer_pipeline_commit_seconds_sum{outcome=""success""}",5.591881772999999
1791660772.836,86.994,"ztreamer_pipeline_commit_seconds_count{outcome=""success""}",10.0
1791660772.836,86.994,"ztreamer_pipeline_stage_seconds{stage=""txid_read"",quantile=""0.5""}",0.00027827519264854623
1791660772.836,86.994,"ztreamer_pipeline_stage_seconds{stage=""txid_read"",quantile=""0.9""}",0.00031038408859908106
1791660772.836,86.994,"ztreamer_pipeline_stage_seconds{stage=""txid_read"",quantile=""0.95""}",0.0004946302568462212
1791660772.836,86.994,"ztreamer_pipeline_stage_seconds{stage=""txid_read"",quantile=""0.99""}",0.0015312053755319008
1791660772.836,86.994,"ztreamer_pipeline_stage_seconds{stage=""txid_read"",quantile=""1""}",0.195246789
1791660772.836,86.994,"ztreamer_pipeline_stage_seconds_sum{stage=""txid_read""}",0.754994887
1791660772.836,86.994,"ztreamer_pipeline_stage_seconds_count{stage=""txid_read""}",3655.0
1791660772.836,86.994,"ztreamer_pipeline_stage_seconds{stage=""transaction_read"",quantile=""0.5""}",0.00027833085325313614
1791660772.836,86.994,"ztreamer_pipeline_stage_seconds{stage=""transaction_read"",quantile=""0.9""}",0.0004847389640171708
1791660772.836,86.994,"ztreamer_pipeline_stage_seconds{stage=""transaction_read"",quantile=""0.95""}",0.0006972963702210204
1791660772.836,86.994,"ztreamer_pipeline_stage_seconds{stage=""transaction_read"",quantile=""0.99""}",0.00196335599859597
1791660772.836,86.994,"ztreamer_pipeline_stage_seconds{stage=""transaction_read"",quantile=""0.999""}",0.008706372755715324
1791660772.836,86.994,"ztreamer_pipeline_stage_seconds_sum{stage=""transaction_read""}",1.4736412350000017
1791660772.836,86.994,"ztreamer_pipeline_stage_seconds_count{stage=""transaction_read""}",3656.0
1791660772.836,86.994,"ztreamer_pipeline_stage_seconds{stage=""header_read"",quantile=""0.5""}",0.002272897055485322
1791660772.836,86.994,"ztreamer_pipeline_stage_seconds{stage=""header_read"",quantile=""0.9""}",0.003914373360689827
1791660772.836,86.994,"ztreamer_pipeline_stage_seconds{stage=""header_read"",quantile=""0.95""}",0.005709064967539469
1791660772.836,86.994,"ztreamer_pipeline_stage_seconds{stage=""header_read"",quantile=""0.99""}",0.012672765720485217
1791660772.836,86.994,"ztreamer_pipeline_stage_seconds{stage=""header_read"",quantile=""0.999""}",0.48003320161248136
1791660772.836,86.994,"ztreamer_pipeline_stage_seconds_sum{stage=""header_read""}",16.222422563000023
1791660772.836,86.994,"ztreamer_pipeline_stage_seconds_count{stage=""header_read""}",3656.0
1791660772.836,86.994,"ztreamer_pipeline_stage_seconds{stage=""parse"",quantile=""0.5""}",5.9645011798181656e-05
1791660772.836,86.994,"ztreamer_pipeline_stage_seconds{stage=""parse"",quantile=""0.9""}",8.70089095297622e-05
1791660772.836,86.994,"ztreamer_pipeline_stage_seconds{stage=""parse"",quantile=""0.95""}",0.0001086802975643411
1791660772.836,86.994,"ztreamer_pipeline_stage_seconds{stage=""parse"",quantile=""0.99""}",0.00024435217509734134
1791660772.836,86.994,"ztreamer_pipeline_stage_seconds{stage=""parse"",quantile=""0.999""}",0.001322673744452113
1791660772.836,86.994,"ztreamer_pipeline_stage_seconds_sum{stage=""parse""}",0.259452141
1791660772.836,86.994,"ztreamer_pipeline_stage_seconds_count{stage=""parse""}",3656.0
1791660772.836,86.994,"ztreamer_pipeline_stage_seconds{stage=""worker_send_wait"",quantile=""0.5""}",0.0035031243969607245
1791660772.836,86.994,"ztreamer_pipeline_stage_seconds{stage=""worker_send_wait"",quantile=""0.9""}",0.004440003904897371
1791660772.836,86.994,"ztreamer_pipeline_stage_seconds{stage=""worker_send_wait"",quantile=""0.95""}",0.004842616898951555
1791660772.836,86.994,"ztreamer_pipeline_stage_seconds{stage=""worker_send_wait"",quantile=""0.999""}",0.014507347712513288
1791660772.836,86.994,"ztreamer_pipeline_stage_seconds_sum{stage=""worker_send_wait""}",13.57298600999998
1791660772.836,86.994,"ztreamer_pipeline_stage_seconds_count{stage=""worker_send_wait""}",3656.0
1791660772.836,86.994,"ztreamer_pipeline_segment_seconds{outcome=""success"",quantile=""0.5""}",0.0077698841766660675
1791660772.836,86.994,"ztreamer_pipeline_segment_seconds{outcome=""success"",quantile=""0.9""}",0.010861834891191562
1791660772.836,86.994,"ztreamer_pipeline_segment_seconds{outcome=""success"",quantile=""0.95""}",0.014697174433711031
1791660772.836,86.994,"ztreamer_pipeline_segment_seconds{outcome=""success"",quantile=""0.99""}",0.1251177466412224
1791660772.836,86.994,"ztreamer_pipeline_segment_seconds{outcome=""success"",quantile=""0.999""}",0.4850515973514295
1791660772.836,86.994,"ztreamer_pipeline_segment_seconds_sum{outcome=""success""}",40.15754429399988
1791660772.836,86.994,"ztreamer_pipeline_segment_seconds_count{outcome=""success""}",3655.0
1791660772.836,86.994,"ztreamer_pipeline_batch_send_wait_seconds{quantile=""0.9""}",8.279731281609278e-06
1791660772.836,86.994,"ztreamer_pipeline_batch_send_wait_seconds{quantile=""0.95""}",8.279731281609278e-06
1791660772.836,86.994,"ztreamer_pipeline_batch_send_wait_seconds{quantile=""0.99""}",8.279731281609278e-06
1791660772.836,86.994,"ztreamer_pipeline_batch_send_wait_seconds{quantile=""0.999""}",8.279731281609278e-06
1791660772.836,86.994,ztreamer_pipeline_batch_send_wait_seconds_sum,8.4592e-05
1791660772.836,86.994,ztreamer_pipeline_batch_send_wait_seconds_count,11.0
1791660775.673,89.830,ztreamer_pipeline_committed_blocks,1043809.0
1791660775.673,89.830,ztreamer_pipeline_source_blocks,1182976.0
1791660775.673,89.830,ztreamer_pipeline_source_bytes,2344090370.0
1791660775.673,89.830,ztreamer_pipeline_source_transactions,1641663.0
1791660775.673,89.830,ztreamer_index_generation,13.0
1791660775.673,89.830,ztreamer_pipeline_first_missing_height,1183071.0
1791660775.673,89.830,ztreamer_index_durable_block_height,1043808.0
1791660775.673,89.830,ztreamer_pipeline_pending_bytes,11986080.0
1791660775.673,89.830,ztreamer_pipeline_ready_bytes,11978784.0
1791660775.673,89.830,ztreamer_index_sealed_block_height,1042999.0
1791660775.673,89.830,"ztreamer_pipeline_receive_wait_seconds{quantile=""0""}",8.2e-08
1791660775.673,89.830,ztreamer_pipeline_receive_wait_seconds_sum,11.75774909099949
1791660775.673,89.830,ztreamer_pipeline_receive_wait_seconds_count,1183109.0
1791660775.673,89.830,"ztreamer_pipeline_commit_seconds{outcome=""success"",quantile=""0.5""}",0.6268174014275899
1791660775.673,89.830,"ztreamer_pipeline_commit_seconds{outcome=""success"",quantile=""0.9""}",0.7363129800431152
1791660775.673,89.830,"ztreamer_pipeline_commit_seconds{outcome=""success"",quantile=""0.95""}",0.7534444351701819
1791660775.673,89.830,"ztreamer_pipeline_commit_seconds{outcome=""success"",quantile=""0.99""}",0.7534444351701819
1791660775.673,89.830,"ztreamer_pipeline_commit_seconds{outcome=""success"",quantile=""0.999""}",0.7534444351701819
1791660775.673,89.830,"ztreamer_pipeline_commit_seconds_sum{outcome=""success""}",7.805206407999998
1791660775.673,89.830,"ztreamer_pipeline_commit_seconds_count{outcome=""success""}",13.0
1791660775.673,89.830,"ztreamer_pipeline_stage_seconds{stage=""txid_read"",quantile=""0.9""}",0.00029773699386868526
1791660775.673,89.830,"ztreamer_pipeline_stage_seconds{stage=""txid_read"",quantile=""0.95""}",0.00048126137779820323
1791660775.673,89.830,"ztreamer_pipeline_stage_seconds{stage=""txid_read"",quantile=""0.99""}",0.00132452678452591
1791660775.673,89.830,"ztreamer_pipeline_stage_seconds{stage=""txid_read"",quantile=""0.999""}",0.004806913798178169
1791660775.673,89.830,"ztreamer_pipeline_stage_seconds_sum{stage=""txid_read""}",1.1568778000000006
1791660775.673,89.830,"ztreamer_pipeline_stage_seconds_count{stage=""txid_read""}",4622.0
1791660775.673,89.830,"ztreamer_pipeline_stage_seconds{stage=""transaction_read"",quantile=""0.5""}",0.00027838652499096074
1791660775.673,89.830,"ztreamer_pipeline_stage_seconds{stage=""transaction_read"",quantile=""0.9""}",0.00047723571367148905
1791660775.673,89.830,"ztreamer_pipeline_stage_seconds{stage=""transaction_read"",quantile=""0.95""}",0.0006320765614908632
1791660775.673,89.830,"ztreamer_pipeline_stage_seconds{stage=""transaction_read"",quantile=""0.99""}",0.001707542586054021
1791660775.673,89.830,"ztreamer_pipeline_stage_seconds{stage=""transaction_read"",quantile=""0.999""}",0.008482924478371878
1791660775.673,89.830,"ztreamer_pipeline_stage_seconds_sum{stage=""transaction_read""}",1.7859845160000039
1791660775.673,89.830,"ztreamer_pipeline_stage_seconds_count{stage=""transaction_read""}",4622.0
1791660775.673,89.830,"ztreamer_pipeline_stage_seconds{stage=""header_read"",quantile=""0.5""}",0.002285660984683959
1791660775.673,89.830,"ztreamer_pipeline_stage_seconds{stage=""header_read"",quantile=""0.9""}",0.003448209997459564
1791660775.673,89.830,"ztreamer_pipeline_stage_seconds{stage=""header_read"",quantile=""0.95""}",0.005258549648420975
1791660775.673,89.830,"ztreamer_pipeline_stage_seconds{stage=""header_read"",quantile=""0.99""}",0.05618530604194835
1791660775.673,89.830,"ztreamer_pipeline_stage_seconds{stage=""header_read"",quantile=""0.999""}",0.42042044542820745
1791660775.673,89.830,"ztreamer_pipeline_stage_seconds_sum{stage=""header_read""}",20.988469405999954
1791660775.673,89.830,"ztreamer_pipeline_stage_seconds_count{stage=""header_read""}",4622.0
1791660775.673,89.830,"ztreamer_pipeline_stage_seconds{stage=""parse"",quantile=""0.5""}",6.028061165327086e-05
1791660775.673,89.830,"ztreamer_pipeline_stage_seconds{stage=""parse"",quantile=""0.9""}",8.827090237250406e-05
1791660775.673,89.830,"ztreamer_pipeline_stage_seconds{stage=""parse"",quantile=""0.95""}",0.00011143155240509909
1791660775.673,89.830,"ztreamer_pipeline_stage_seconds{stage=""parse"",quantile=""0.99""}",0.00021872397021879245
1791660775.673,89.830,"ztreamer_pipeline_stage_seconds{stage=""parse"",quantile=""0.999""}",0.0010857329091240916
1791660775.673,89.830,"ztreamer_pipeline_stage_seconds_sum{stage=""parse""}",0.32716882700000016
1791660775.673,89.830,"ztreamer_pipeline_stage_seconds_count{stage=""parse""}",4622.0
1791660775.673,89.830,"ztreamer_pipeline_stage_seconds{stage=""worker_send_wait"",quantile=""0.5""}",0.003498923168911344
1791660775.673,89.830,"ztreamer_pipeline_stage_seconds{stage=""worker_send_wait"",quantile=""0.9""}",0.004394067149304944
1791660775.673,89.830,"ztreamer_pipeline_stage_seconds{stage=""worker_send_wait"",quantile=""0.95""}",0.004811723116250635
1791660775.673,89.830,"ztreamer_pipeline_stage_seconds{stage=""worker_send_wait"",quantile=""0.99""}",0.01306132089869001
1791660775.673,89.830,"ztreamer_pipeline_stage_seconds{stage=""worker_send_wait"",quantile=""0.999""}",0.014466783954545842
1791660775.673,89.830,"ztreamer_pipeline_stage_seconds_sum{stage=""worker_send_wait""}",17.121373812999952
1791660775.673,89.830,"ztreamer_pipeline_stage_seconds_count{stage=""worker_send_wait""}",4622.0
1791660775.673,89.830,"ztreamer_pipeline_segment_seconds{outcome=""success"",quantile=""0.5""}",0.007762118176110957
1791660775.673,89.830,"ztreamer_pipeline_segment_seconds{outcome=""success"",quantile=""0.9""}",0.010521862746587509
1791660775.673,89.830,"ztreamer_pipeline_segment_seconds{outcome=""success"",quantile=""0.95""}",0.014288503456365523
1791660775.673,89.830,"ztreamer_pipeline_segment_seconds{outcome=""success"",quantile=""0.99""}",0.1535544562161233
1791660775.673,89.830,"ztreamer_pipeline_segment_seconds{outcome=""success"",quantile=""0.999""}",0.43591848776982534
1791660775.673,89.830,"ztreamer_pipeline_segment_seconds_sum{outcome=""success""}",50.9312887119999
1791660775.673,89.830,"ztreamer_pipeline_segment_seconds_count{outcome=""success""}",4621.0
1791660775.673,89.830,"ztreamer_pipeline_batch_send_wait_seconds{quantile=""0""}",6.25e-06
1791660775.673,89.830,"ztreamer_pipeline_batch_send_wait_seconds{quantile=""0.5""}",7.478337542584999e-06
1791660775.673,89.830,"ztreamer_pipeline_batch_send_wait_seconds{quantile=""0.9""}",8.141793715450492e-06
1791660775.673,89.830,ztreamer_pipeline_batch_send_wait_seconds_sum,0.00010502300000000001
1791660775.673,89.830,ztreamer_pipeline_batch_send_wait_seconds_count,14.0
1791660777.673,91.831,ztreamer_pipeline_source_blocks,1397504.0
1791660777.673,91.831,ztreamer_pipeline_source_bytes,2728964508.0
1791660777.673,91.831,ztreamer_pipeline_source_transactions,1892918.0
1791660777.673,91.831,ztreamer_pipeline_committed_blocks,1294746.0
1791660777.673,91.831,ztreamer_pipeline_ready_bytes,3220448.0
1791660777.673,91.831,ztreamer_index_sealed_block_height,1293999.0
1791660777.673,91.831,ztreamer_index_generation,16.0
1791660777.673,91.831,ztreamer_pipeline_pending_bytes,3276072.0
1791660777.673,91.831,ztreamer_index_durable_block_height,1294745.0
1791660777.673,91.831,ztreamer_pipeline_first_missing_height,1397706.0
1791660777.673,91.831,"ztreamer_pipeline_receive_wait_seconds{quantile=""0""}",7.4e-08
1791660777.673,91.831,ztreamer_pipeline_receive_wait_seconds_sum,13.616026777999343
1791660777.673,91.831,ztreamer_pipeline_receive_wait_seconds_count,1398042.0
1791660777.673,91.831,"ztreamer_pipeline_commit_seconds{outcome=""success"",quantile=""0.5""}",0.6693153154573803
1791660777.673,91.831,"ztreamer_pipeline_commit_seconds{outcome=""success"",quantile=""0.9""}",0.7906499060943559
1791660777.673,91.831,"ztreamer_pipeline_commit_seconds{outcome=""success"",quantile=""0.95""}",0.8139144590316609
1791660777.673,91.831,"ztreamer_pipeline_commit_seconds{outcome=""success"",quantile=""0.99""}",0.8139144590316609
1791660777.673,91.831,"ztreamer_pipeline_commit_seconds{outcome=""success"",quantile=""0.999""}",0.8139144590316609
1791660777.673,91.831,"ztreamer_pipeline_commit_seconds{outcome=""success"",quantile=""1""}",0.824697252
1791660777.673,91.831,"ztreamer_pipeline_commit_seconds_sum{outcome=""success""}",10.170274971999998
1791660777.673,91.831,"ztreamer_pipeline_commit_seconds_count{outcome=""success""}",16.0
1791660777.673,91.831,"ztreamer_pipeline_stage_seconds{stage=""txid_read"",quantile=""0""}",7.453e-06
1791660777.673,91.831,"ztreamer_pipeline_stage_seconds{stage=""txid_read"",quantile=""0.9""}",0.00028571949012621054
1791660777.673,91.831,"ztreamer_pipeline_stage_seconds{stage=""txid_read"",quantile=""0.95""}",0.0004576984345193193
1791660777.673,91.831,"ztreamer_pipeline_stage_seconds{stage=""txid_read"",quantile=""0.99""}",0.0011972835130719818
1791660777.673,91.831,"ztreamer_pipeline_stage_seconds_sum{stage=""txid_read""}",1.2287469800000002
1791660777.673,91.831,"ztreamer_pipeline_stage_seconds_count{stage=""txid_read""}",5459.0
1791660777.673,91.831,"ztreamer_pipeline_stage_seconds{stage=""transaction_read"",quantile=""0.5""}",0.0002793905225956461
1791660777.673,91.831,"ztreamer_pipeline_stage_seconds{stage=""transaction_read"",quantile=""0.9""}",0.00045925725769962154
1791660777.673,91.831,"ztreamer_pipeline_stage_seconds{stage=""transaction_read"",quantile=""0.95""}",0.0005938403595060833
1791660777.673,91.831,"ztreamer_pipeline_stage_seconds{stage=""transaction_read"",quantile=""0.99""}",0.0015712245012393634
1791660777.673,91.831,"ztreamer_pipeline_stage_seconds_sum{stage=""transaction_read""}",2.0354370910000052
1791660777.673,91.831,"ztreamer_pipeline_stage_seconds_count{stage=""transaction_read""}",5459.0
1791660777.673,91.831,"ztreamer_pipeline_stage_seconds{stage=""header_read"",quantile=""0""}",0.00106271
1791660777.673,91.831,"ztreamer_pipeline_stage_seconds{stage=""header_read"",quantile=""0.5""}",0.002308632259554751
1791660777.673,91.831,"ztreamer_pipeline_stage_seconds{stage=""header_read"",quantile=""0.9""}",0.0033262823035416804
1791660777.673,91.831,"ztreamer_pipeline_stage_seconds{stage=""header_read"",quantile=""0.95""}",0.004913837753033164
1791660777.673,91.831,"ztreamer_pipeline_stage_seconds{stage=""header_read"",quantile=""0.99""}",0.021061679694826613
1791660777.673,91.831,"ztreamer_pipeline_stage_seconds_sum{stage=""header_read""}",23.91337763699997
1791660777.673,91.831,"ztreamer_pipeline_stage_seconds_count{stage=""header_read""}",5459.0
1791660777.673,91.831,"ztreamer_pipeline_stage_seconds{stage=""parse"",quantile=""0.5""}",6.02444541344987e-05
1791660777.673,91.831,"ztreamer_pipeline_stage_seconds{stage=""parse"",quantile=""0.9""}",8.645383065399189e-05
1791660777.673,91.831,"ztreamer_pipeline_stage_seconds{stage=""parse"",quantile=""0.95""}",0.00010689109607699552
1791660777.673,91.831,"ztreamer_pipeline_stage_seconds{stage=""parse"",quantile=""0.99""}",0.0001916767816249097
1791660777.673,91.831,"ztreamer_pipeline_stage_seconds_sum{stage=""parse""}",0.3807834949999996
1791660777.673,91.831,"ztreamer_pipeline_stage_seconds_count{stage=""parse""}",5462.0
1791660777.673,91.831,"ztreamer_pipeline_stage_seconds{stage=""worker_send_wait"",quantile=""0.5""}",0.003497523879515652
1791660777.673,91.831,"ztreamer_pipeline_stage_seconds{stage=""worker_send_wait"",quantile=""0.9""}",0.004412561041381015
1791660777.673,91.831,"ztreamer_pipeline_stage_seconds{stage=""worker_send_wait"",quantile=""0.95""}",0.004821356192380349
1791660777.673,91.831,"ztreamer_pipeline_stage_seconds{stage=""worker_send_wait"",quantile=""0.99""}",0.013103184071057917
1791660777.673,91.831,"ztreamer_pipeline_stage_seconds{stage=""worker_send_wait"",quantile=""0.999""}",0.014588816760403345
1791660777.673,91.831,"ztreamer_pipeline_stage_seconds{stage=""worker_send_wait"",quantile=""1""}",0.017562885
1791660777.673,91.831,"ztreamer_pipeline_stage_seconds_sum{stage=""worker_send_wait""}",20.236820701999925
1791660777.673,91.831,"ztreamer_pipeline_stage_seconds_count{stage=""worker_send_wait""}",5459.0
1791660777.673,91.831,"ztreamer_pipeline_segment_seconds{outcome=""success"",quantile=""0.5""}",0.007797906169118138
1791660777.673,91.831,"ztreamer_pipeline_segment_seconds{outcome=""success"",quantile=""0.9""}",0.010266182680794165
1791660777.673,91.831,"ztreamer_pipeline_segment_seconds{outcome=""success"",quantile=""0.95""}",0.013542802963909707
1791660777.673,91.831,"ztreamer_pipeline_segment_seconds{outcome=""success"",quantile=""0.99""}",0.15214823375610545
1791660777.673,91.831,"ztreamer_pipeline_segment_seconds_sum{outcome=""success""}",59.49653706699998
1791660777.673,91.831,"ztreamer_pipeline_segment_seconds_count{outcome=""success""}",5459.0
1791660777.673,91.831,"ztreamer_pipeline_batch_send_wait_seconds{quantile=""0""}",7.18e-07
1791660777.673,91.831,"ztreamer_pipeline_batch_send_wait_seconds{quantile=""0.5""}",7.5550069349535326e-06
1791660777.673,91.831,"ztreamer_pipeline_batch_send_wait_seconds{quantile=""0.9""}",8.279731281609278e-06
1791660777.673,91.831,"ztreamer_pipeline_batch_send_wait_seconds{quantile=""0.95""}",8.359599456029531e-06
1791660777.673,91.831,"ztreamer_pipeline_batch_send_wait_seconds{quantile=""0.99""}",8.359599456029531e-06
1791660777.673,91.831,"ztreamer_pipeline_batch_send_wait_seconds{quantile=""0.999""}",8.359599456029531e-06
1791660777.673,91.831,ztreamer_pipeline_batch_send_wait_seconds_sum,0.00012191400000000001
1791660777.673,91.831,ztreamer_pipeline_batch_send_wait_seconds_count,17.0
1791660779.673,93.831,ztreamer_pipeline_source_blocks,1613568.0
1791660779.673,93.831,ztreamer_pipeline_committed_blocks,1467240.0
1791660779.673,93.831,ztreamer_pipeline_source_bytes,3112022732.0
1791660779.673,93.831,ztreamer_pipeline_source_transactions,2134708.0
1791660779.673,93.831,ztreamer_index_generation,18.0
1791660779.673,93.831,ztreamer_index_sealed_block_height,1466999.0
1791660779.673,93.831,ztreamer_pipeline_pending_bytes,11901136.0
1791660779.673,93.831,ztreamer_pipeline_ready_bytes,11841480.0
1791660779.673,93.831,ztreamer_index_durable_block_height,1467239.0
1791660779.673,93.831,ztreamer_pipeline_first_missing_height,1613783.0
1791660779.673,93.831,ztreamer_pipeline_receive_wait_seconds_sum,15.42338093599936
1791660779.673,93.831,ztreamer_pipeline_receive_wait_seconds_count,1614112.0
1791660779.673,93.831,"ztreamer_pipeline_commit_seconds{outcome=""success"",quantile=""0.5""}",0.7210116338664015
1791660779.673,93.831,"ztreamer_pipeline_commit_seconds{outcome=""success"",quantile=""0.9""}",0.8247293511833512
1791660779.673,93.831,"ztreamer_pipeline_commit_seconds{outcome=""success"",quantile=""0.95""}",0.8594178775418314
1791660779.673,93.831,"ztreamer_pipeline_commit_seconds{outcome=""success"",quantile=""0.99""}",0.8594178775418314
1791660779.673,93.831,"ztreamer_pipeline_commit_seconds{outcome=""success"",quantile=""0.999""}",0.8594178775418314
1791660779.673,93.831,"ztreamer_pipeline_commit_seconds{outcome=""success"",quantile=""1""}",0.871242066
1791660779.673,93.831,"ztreamer_pipeline_commit_seconds_sum{outcome=""success""}",11.901010885999998
1791660779.673,93.831,"ztreamer_pipeline_commit_seconds_count{outcome=""success""}",18.0
1791660779.673,93.831,"sync_stage_duration_seconds{stage=""obtain_tips"",quantile=""1""}",6.002263381
1791660779.673,93.831,"sync_stage_duration_seconds_sum{stage=""obtain_tips""}",12.004342123
1791660779.673,93.831,"sync_stage_duration_seconds_count{stage=""obtain_tips""}",2.0
1791660779.673,93.831,"ztreamer_pipeline_stage_seconds{stage=""txid_read"",quantile=""0""}",7.254e-06
1791660779.673,93.831,"ztreamer_pipeline_stage_seconds{stage=""txid_read"",quantile=""0.9""}",0.00027827519264854623
1791660779.673,93.831,"ztreamer_pipeline_stage_seconds{stage=""txid_read"",quantile=""0.95""}",0.0004424867529751762
1791660779.673,93.831,"ztreamer_pipeline_stage_seconds{stage=""txid_read"",quantile=""0.99""}",0.0011343448406654797
1791660779.673,93.831,"ztreamer_pipeline_stage_seconds{stage=""txid_read"",quantile=""0.999""}",0.004502601117847435
1791660779.673,93.831,"ztreamer_pipeline_stage_seconds_sum{stage=""txid_read""}",1.2818661090000012
1791660779.673,93.831,"ztreamer_pipeline_stage_seconds_count{stage=""txid_read""}",6307.0
1791660779.673,93.831,"ztreamer_pipeline_stage_seconds{stage=""transaction_read"",quantile=""0.5""}",0.00027622355663166115
1791660779.673,93.831,"ztreamer_pipeline_stage_seconds{stage=""transaction_read"",quantile=""0.9""}",0.0004459516451725158
1791660779.673,93.831,"ztreamer_pipeline_stage_seconds{stage=""transaction_read"",quantile=""0.95""}",0.0005673693644468046
1791660779.673,93.831,"ztreamer_pipeline_stage_seconds{stage=""transaction_read"",quantile=""0.99""}",0.001448393849066401
1791660779.673,93.831,"ztreamer_pipeline_stage_seconds{stage=""transaction_read"",quantile=""0.999""}",0.008356630185977385
1791660779.673,93.831,"ztreamer_pipeline_stage_seconds_sum{stage=""transaction_read""}",2.2767552540000153
1791660779.673,93.831,"ztreamer_pipeline_stage_seconds_count{stage=""transaction_read""}",6307.0
1791660779.673,93.831,"ztreamer_pipeline_stage_seconds{stage=""header_read"",quantile=""0.5""}",0.0023341674002901984
1791660779.673,93.831,"ztreamer_pipeline_stage_seconds{stage=""header_read"",quantile=""0.9""}",0.003309030528993565
1791660779.673,93.831,"ztreamer_pipeline_stage_seconds{stage=""header_read"",quantile=""0.95""}",0.0047060798417978104
1791660779.673,93.831,"ztreamer_pipeline_stage_seconds{stage=""header_read"",quantile=""0.999""}",0.28976065941280776
1791660779.673,93.831,"ztreamer_pipeline_stage_seconds_sum{stage=""header_read""}",26.917140102999905
1791660779.673,93.831,"ztreamer_pipeline_stage_seconds_count{stage=""header_read""}",6307.0
1791660779.673,93.831,"ztreamer_pipeline_stage_seconds{stage=""parse"",quantile=""0.5""}",6.003997080839967e-05
1791660779.673,93.831,"ztreamer_pipeline_stage_seconds{stage=""parse"",quantile=""0.9""}",8.561072109528604e-05
1791660779.673,93.831,"ztreamer_pipeline_stage_seconds{stage=""parse"",quantile=""0.95""}",0.00010276147462811597
1791660779.673,93.831,"ztreamer_pipeline_stage_seconds{stage=""parse"",quantile=""0.99""}",0.0001843452806306855
1791660779.673,93.831,"ztreamer_pipeline_stage_seconds{stage=""parse"",quantile=""0.999""}",0.0010494384914875943
1791660779.673,93.831,"ztreamer_pipeline_stage_seconds_sum{stage=""parse""}",0.4345971919999998
1791660779.673,93.831,"ztreamer_pipeline_stage_seconds_count{stage=""parse""}",6307.0
1791660779.673,93.831,"ztreamer_pipeline_stage_seconds{stage=""worker_send_wait"",quantile=""0.5""}",0.003495425994609359
1791660779.673,93.831,"ztreamer_pipeline_stage_seconds{stage=""worker_send_wait"",quantile=""0.95""}",0.004815574034918559
1791660779.673,93.831,"ztreamer_pipeline_stage_seconds{stage=""worker_send_wait"",quantile=""0.99""}",0.01306132089869001
1791660779.673,93.831,"ztreamer_pipeline_stage_seconds{stage=""worker_send_wait"",quantile=""0.999""}",0.014556756642484221
1791660779.673,93.831,"ztreamer_pipeline_stage_seconds_sum{stage=""worker_send_wait""}",23.319878920999955
1791660779.673,93.831,"ztreamer_pipeline_stage_seconds_count{stage=""worker_send_wait""}",6307.0
1791660779.673,93.831,"ztreamer_pipeline_segment_seconds{outcome=""success"",quantile=""0.5""}",0.00781977090280676
1791660779.673,93.831,"ztreamer_pipeline_segment_seconds{outcome=""success"",quantile=""0.9""}",0.010030748834332017
1791660779.673,93.831,"ztreamer_pipeline_segment_seconds{outcome=""success"",quantile=""0.95""}",0.013001376799485783
1791660779.673,93.831,"ztreamer_pipeline_segment_seconds{outcome=""success"",quantile=""0.99""}",0.13405568418928734
1791660779.673,93.831,"ztreamer_pipeline_segment_seconds{outcome=""success"",quantile=""0.999""}",0.42456082050834887
1791660779.673,93.831,"ztreamer_pipeline_segment_seconds_sum{outcome=""success""}",67.53150735900003
1791660779.673,93.831,"ztreamer_pipeline_segment_seconds_count{outcome=""success""}",6307.0
1791660779.673,93.831,"ztreamer_pipeline_batch_send_wait_seconds{quantile=""0.5""}",7.478337542584999e-06
1791660779.673,93.831,ztreamer_pipeline_batch_send_wait_seconds_sum,0.000123944
1791660779.673,93.831,ztreamer_pipeline_batch_send_wait_seconds_count,19.0
1791660782.520,96.678,ztreamer_pipeline_committed_blocks,1726940.0
1791660782.520,96.678,ztreamer_pipeline_source_bytes,3752223531.0
1791660782.520,96.678,ztreamer_pipeline_source_blocks,1903360.0
1791660782.520,96.678,ztreamer_pipeline_source_transactions,2435348.0
1791660782.520,96.678,ztreamer_pipeline_first_missing_height,1903457.0
1791660782.520,96.678,ztreamer_pipeline_pending_bytes,7902968.0
1791660782.520,96.678,ztreamer_index_durable_block_height,1726939.0
1791660782.520,96.678,ztreamer_index_generation,21.0
1791660782.520,96.678,ztreamer_index_sealed_block_height,1725999.0
1791660782.520,96.678,ztreamer_pipeline_ready_bytes,7898552.0
1791660782.520,96.678,ztreamer_pipeline_receive_wait_seconds_sum,17.97761818399917
1791660782.520,96.678,ztreamer_pipeline_receive_wait_seconds_count,1903478.0
1791660782.520,96.678,"ztreamer_pipeline_commit_seconds{outcome=""success"",quantile=""0.5""}",0.7363129800431152
1791660782.520,96.678,"ztreamer_pipeline_commit_seconds{outcome=""success"",quantile=""0.9""}",0.8996945111330387
1791660782.520,96.678,"ztreamer_pipeline_commit_seconds{outcome=""success"",quantile=""0.95""}",0.9228394481575909
1791660782.520,96.678,"ztreamer_pipeline_commit_seconds{outcome=""success"",quantile=""0.99""}",0.9228394481575909
1791660782.520,96.678,"ztreamer_pipeline_commit_seconds{outcome=""success"",quantile=""0.999""}",0.9228394481575909
1791660782.520,96.678,"ztreamer_pipeline_commit_seconds{outcome=""success"",quantile=""1""}",0.992878477
1791660782.520,96.678,"ztreamer_pipeline_commit_seconds_sum{outcome=""success""}",14.716402758999998
1791660782.520,96.678,"ztreamer_pipeline_commit_seconds_count{outcome=""success""}",21.0
1791660782.520,96.678,"ztreamer_pipeline_stage_seconds{stage=""txid_read"",quantile=""0.95""}",0.00040830340059259636
1791660782.520,96.678,"ztreamer_pipeline_stage_seconds{stage=""txid_read"",quantile=""0.99""}",0.0010169981022249007
1791660782.520,96.678,"ztreamer_pipeline_stage_seconds{stage=""txid_read"",quantile=""0.999""}",0.004482833194187304
1791660782.520,96.678,"ztreamer_pipeline_stage_seconds_sum{stage=""txid_read""}",1.3157657040000021
1791660782.520,96.678,"ztreamer_pipeline_stage_seconds_count{stage=""txid_read""}",7435.0
1791660782.520,96.678,"ztreamer_pipeline_stage_seconds{stage=""transaction_read"",quantile=""0.5""}",0.0002711332847416151
1791660782.520,96.678,"ztreamer_pipeline_stage_seconds{stage=""transaction_read"",quantile=""0.9""}",0.0004584313381835719
1791660782.520,96.678,"ztreamer_pipeline_stage_seconds{stage=""transaction_read"",quantile=""0.95""}",0.0006319501588188322
1791660782.520,96.678,"ztreamer_pipeline_stage_seconds{stage=""transaction_read"",quantile=""0.99""}",0.0013689653725368935
1791660782.520,96.678,"ztreamer_pipeline_stage_seconds{stage=""transaction_read"",quantile=""0.999""}",0.00833826580773006
1791660782.520,96.678,"ztreamer_pipeline_stage_seconds_sum{stage=""transaction_read""}",2.6685139710000163
1791660782.520,96.678,"ztreamer_pipeline_stage_seconds_count{stage=""transaction_read""}",7435.0
1791660782.520,96.678,"ztreamer_pipeline_stage_seconds{stage=""header_read"",quantile=""0.5""}",0.002371340136642264
1791660782.520,96.678,"ztreamer_pipeline_stage_seconds{stage=""header_read"",quantile=""0.9""}",0.003458570159960107
1791660782.520,96.678,"ztreamer_pipeline_stage_seconds{stage=""header_read"",quantile=""0.95""}",0.004537858732625881
1791660782.520,96.678,"ztreamer_pipeline_stage_seconds{stage=""header_read"",quantile=""0.99""}",0.03566804760246741
1791660782.520,96.678,"ztreamer_pipeline_stage_seconds{stage=""header_read"",quantile=""0.999""}",0.23417185506209515
1791660782.520,96.678,"ztreamer_pipeline_stage_seconds_sum{stage=""header_read""}",31.26209875699984
1791660782.520,96.678,"ztreamer_pipeline_stage_seconds_count{stage=""header_read""}",7435.0
1791660782.520,96.678,"ztreamer_pipeline_stage_seconds{stage=""parse"",quantile=""0.5""}",5.9836181545036546e-05
1791660782.520,96.678,"ztreamer_pipeline_stage_seconds{stage=""parse"",quantile=""0.9""}",8.80064864866459e-05
1791660782.520,96.678,"ztreamer_pipeline_stage_seconds{stage=""parse"",quantile=""0.95""}",0.000106741553246396
1791660782.520,96.678,"ztreamer_pipeline_stage_seconds{stage=""parse"",quantile=""0.99""}",0.00016616986095611725
1791660782.520,96.678,"ztreamer_pipeline_stage_seconds{stage=""parse"",quantile=""0.999""}",0.0010247567332808422
1791660782.520,96.678,"ztreamer_pipeline_stage_seconds_sum{stage=""parse""}",0.5110019830000004
1791660782.520,96.678,"ztreamer_pipeline_stage_seconds_count{stage=""parse""}",7435.0
1791660782.520,96.678,"ztreamer_pipeline_stage_seconds{stage=""worker_send_wait"",quantile=""0.5""}",0.0034772969557288003
1791660782.520,96.678,"ztreamer_pipeline_stage_seconds{stage=""worker_send_wait"",quantile=""0.9""}",0.004397583809512636
1791660782.520,96.678,"ztreamer_pipeline_stage_seconds{stage=""worker_send_wait"",quantile=""0.95""}",0.004792514666232902
1791660782.520,96.678,"ztreamer_pipeline_stage_seconds{stage=""worker_send_wait"",quantile=""0.99""}",0.013134669480311523
1791660782.520,96.678,"ztreamer_pipeline_stage_seconds{stage=""worker_send_wait"",quantile=""0.999""}",0.01549093881014793
1791660782.520,96.678,"ztreamer_pipeline_stage_seconds{stage=""worker_send_wait"",quantile=""1""}",0.034832183
1791660782.520,96.678,"ztreamer_pipeline_stage_seconds_sum{stage=""worker_send_wait""}",27.468216032999944
1791660782.520,96.678,"ztreamer_pipeline_stage_seconds_count{stage=""worker_send_wait""}",7435.0
1791660782.520,96.678,"ztreamer_pipeline_segment_seconds{outcome=""success"",quantile=""0.5""}",0.007865257357399359
1791660782.520,96.678,"ztreamer_pipeline_segment_seconds{outcome=""success"",quantile=""0.9""}",0.00992498443794187
1791660782.520,96.678,"ztreamer_pipeline_segment_seconds{outcome=""success"",quantile=""0.95""}",0.012581849498152813
1791660782.520,96.678,"ztreamer_pipeline_segment_seconds{outcome=""success"",quantile=""0.99""}",0.09267097030210167
1791660782.520,96.678,"ztreamer_pipeline_segment_seconds{outcome=""success"",quantile=""0.999""}",0.2955550961087756
1791660782.520,96.678,"ztreamer_pipeline_segment_seconds_sum{outcome=""success""}",78.73051821499988
1791660782.520,96.678,"ztreamer_pipeline_segment_seconds_count{outcome=""success""}",7435.0
1791660782.520,96.678,"ztreamer_pipeline_batch_send_wait_seconds{quantile=""0.5""}",3.288479913254284e-05
1791660782.520,96.678,"ztreamer_pipeline_batch_send_wait_seconds{quantile=""0.9""}",3.288479913254284e-05
1791660782.520,96.678,"ztreamer_pipeline_batch_send_wait_seconds{quantile=""0.95""}",3.288479913254284e-05
1791660782.520,96.678,"ztreamer_pipeline_batch_send_wait_seconds{quantile=""0.99""}",3.288479913254284e-05
1791660782.520,96.678,"ztreamer_pipeline_batch_send_wait_seconds{quantile=""0.999""}",3.288479913254284e-05
1791660782.520,96.678,"ztreamer_pipeline_batch_send_wait_seconds{quantile=""1""}",0.023073103
1791660782.520,96.678,ztreamer_pipeline_batch_send_wait_seconds_sum,0.023199999000000002
1791660782.520,96.678,ztreamer_pipeline_batch_send_wait_seconds_count,23.0
1791660784.520,98.678,ztreamer_pipeline_source_transactions,2575571.0
1791660784.520,98.678,ztreamer_pipeline_source_bytes,4008291469.0
1791660784.520,98.678,ztreamer_pipeline_committed_blocks,1876732.0
1791660784.520,98.678,ztreamer_pipeline_source_blocks,2038016.0
1791660784.520,98.678,ztreamer_pipeline_ready_bytes,1239556.0
1791660784.520,98.678,ztreamer_pipeline_pending_bytes,1340740.0
1791660784.520,98.678,ztreamer_index_generation,23.0
1791660784.520,98.678,ztreamer_index_durable_block_height,1876731.0
1791660784.520,98.678,ztreamer_pipeline_first_missing_height,2038199.0
1791660784.520,98.678,ztreamer_index_sealed_block_height,1875999.0
1791660784.520,98.678,ztreamer_pipeline_receive_wait_seconds_sum,19.853852125999026
1791660784.520,98.678,ztreamer_pipeline_receive_wait_seconds_count,2038785.0
1791660784.520,98.678,"ztreamer_pipeline_commit_seconds{outcome=""success"",quantile=""0.5""}",0.749836567678422
1791660784.520,98.678,"ztreamer_pipeline_commit_seconds{outcome=""success"",quantile=""0.9""}",0.9228394481575909
1791660784.520,98.678,"ztreamer_pipeline_commit_seconds{outcome=""success"",quantile=""0.95""}",0.9687971726946205
1791660784.520,98.678,"ztreamer_pipeline_commit_seconds{outcome=""success"",quantile=""0.99""}",0.9929251404657734
1791660784.520,98.678,"ztreamer_pipeline_commit_seconds{outcome=""success"",quantile=""0.999""}",0.9929251404657734
1791660784.520,98.678,"ztreamer_pipeline_commit_seconds{outcome=""success"",quantile=""1""}",1.020276208
1791660784.520,98.678,"ztreamer_pipeline_commit_seconds_sum{outcome=""success""}",16.705421612
1791660784.520,98.678,"ztreamer_pipeline_commit_seconds_count{outcome=""success""}",23.0
1791660784.520,98.678,"ztreamer_pipeline_stage_seconds{stage=""txid_read"",quantile=""0.95""}",0.0003998184331304842
1791660784.520,98.678,"ztreamer_pipeline_stage_seconds{stage=""txid_read"",quantile=""0.99""}",0.0010469228590660484
1791660784.520,98.678,"ztreamer_pipeline_stage_seconds{stage=""txid_read"",quantile=""0.999""}",0.0057514687489293335
1791660784.520,98.678,"ztreamer_pipeline_stage_seconds_sum{stage=""txid_read""}",1.3889358380000054
1791660784.520,98.678,"ztreamer_pipeline_stage_seconds_count{stage=""txid_read""}",7962.0
1791660784.520,98.678,"ztreamer_pipeline_stage_seconds{stage=""transaction_read"",quantile=""0.5""}",0.00026934969736912165
1791660784.520,98.678,"ztreamer_pipeline_stage_seconds{stage=""transaction_read"",quantile=""0.9""}",0.00045269134122412905
1791660784.520,98.678,"ztreamer_pipeline_stage_seconds{stage=""transaction_read"",quantile=""0.95""}",0.000623289145043167
1791660784.520,98.678,"ztreamer_pipeline_stage_seconds{stage=""transaction_read"",quantile=""0.99""}",0.0013472362232513652
1791660784.520,98.678,"ztreamer_pipeline_stage_seconds{stage=""transaction_read"",quantile=""0.999""}",0.007471197227037981
1791660784.520,98.678,"ztreamer_pipeline_stage_seconds_sum{stage=""transaction_read""}",2.8315236250000146
1791660784.520,98.678,"ztreamer_pipeline_stage_seconds_count{stage=""transaction_read""}",7961.0
1791660784.520,98.678,"ztreamer_pipeline_stage_seconds{stage=""header_read"",quantile=""0.5""}",0.002387042743197657
1791660784.520,98.678,"ztreamer_pipeline_stage_seconds{stage=""header_read"",quantile=""0.9""}",0.003503825091909611
1791660784.520,98.678,"ztreamer_pipeline_stage_seconds{stage=""header_read"",quantile=""0.95""}",0.004785809840151204
1791660784.520,98.678,"ztreamer_pipeline_stage_seconds{stage=""header_read"",quantile=""0.99""}",0.05134950333033971
1791660784.520,98.678,"ztreamer_pipeline_stage_seconds{stage=""header_read"",quantile=""0.999""}",0.2339845924924365
1791660784.520,98.678,"ztreamer_pipeline_stage_seconds_sum{stage=""header_read""}",35.28165940199982
1791660784.520,98.678,"ztreamer_pipeline_stage_seconds_count{stage=""header_read""}",7965.0
1791660784.520,98.678,"ztreamer_pipeline_stage_seconds{stage=""parse"",quantile=""0.5""}",5.976442119176645e-05
1791660784.520,98.678,"ztreamer_pipeline_stage_seconds{stage=""parse"",quantile=""0.9""}",8.749752627472563e-05
1791660784.520,98.678,"ztreamer_pipeline_stage_seconds{stage=""parse"",quantile=""0.95""}",0.00010591220778040424
1791660784.520,98.678,"ztreamer_pipeline_stage_seconds{stage=""parse"",quantile=""0.99""}",0.00016610340630332995
1791660784.520,98.678,"ztreamer_pipeline_stage_seconds{stage=""parse"",quantile=""0.999""}",0.0010194418289775
1791660784.520,98.678,"ztreamer_pipeline_stage_seconds_sum{stage=""parse""}",0.5453093860000021
1791660784.520,98.678,"ztreamer_pipeline_stage_seconds_count{stage=""parse""}",7962.0
1791660784.520,98.678,"ztreamer_pipeline_stage_seconds{stage=""worker_send_wait"",quantile=""0.9""}",0.004394067149304944
1791660784.520,98.678,"ztreamer_pipeline_stage_seconds{stage=""worker_send_wait"",quantile=""0.95""}",0.004800188827416247
1791660784.520,98.678,"ztreamer_pipeline_stage_seconds{stage=""worker_send_wait"",quantile=""0.99""}",0.013103184071057917
1791660784.520,98.678,"ztreamer_pipeline_stage_seconds{stage=""worker_send_wait"",quantile=""0.999""}",0.015012080745457144
1791660784.520,98.678,"ztreamer_pipeline_stage_seconds_sum{stage=""worker_send_wait""}",29.403603726999936
1791660784.520,98.678,"ztreamer_pipeline_stage_seconds_count{stage=""worker_send_wait""}",7962.0
1791660784.520,98.678,"ztreamer_pipeline_segment_seconds{outcome=""success"",quantile=""0.5""}",0.007881003613173666
1791660784.520,98.678,"ztreamer_pipeline_segment_seconds{outcome=""success"",quantile=""0.9""}",0.010018719154941921
1791660784.520,98.678,"ztreamer_pipeline_segment_seconds{outcome=""success"",quantile=""0.95""}",0.013711779208800345
1791660784.520,98.678,"ztreamer_pipeline_segment_seconds{outcome=""success"",quantile=""0.99""}",0.0909814160100873
1791660784.520,98.678,"ztreamer_pipeline_segment_seconds{outcome=""success"",quantile=""0.999""}",0.24270707639297123
1791660784.520,98.678,"ztreamer_pipeline_segment_seconds_sum{outcome=""success""}",86.87741110599993
1791660784.520,98.678,"ztreamer_pipeline_segment_seconds_count{outcome=""success""}",7961.0
1791660784.520,98.678,ztreamer_pipeline_batch_send_wait_seconds_sum,0.023201945
1791660784.520,98.678,ztreamer_pipeline_batch_send_wait_seconds_count,25.0
1791660787.356,101.514,ztreamer_pipeline_committed_blocks,2031786.0
1791660787.356,101.514,ztreamer_pipeline_source_blocks,2287616.0
1791660787.356,101.514,ztreamer_pipeline_source_bytes,4468813852.0
1791660787.356,101.514,ztreamer_pipeline_source_transactions,2828056.0
1791660787.356,101.514,sync_estimated_distance_to_tip,20294.0
1791660787.356,101.514,ztreamer_pipeline_first_missing_height,2287735.0
1791660787.356,101.514,sync_estimated_network_tip_height,4403191.0
1791660787.356,101.514,ztreamer_index_sealed_block_height,2030999.0
1791660787.356,101.514,ztreamer_pipeline_ready_bytes,16793188.0
1791660787.356,101.514,ztreamer_pipeline_pending_bytes,16800592.0
1791660787.356,101.514,ztreamer_index_generation,25.0
1791660787.356,101.514,ztreamer_index_durable_block_height,2031785.0
1791660787.356,101.514,ztreamer_pipeline_receive_wait_seconds_sum,21.643246709999204
1791660787.356,101.514,ztreamer_pipeline_receive_wait_seconds_count,2287765.0
1791660787.356,101.514,"ztreamer_pipeline_commit_seconds{outcome=""success"",quantile=""0.5""}",0.7534444351701819
1791660787.356,101.514,"ztreamer_pipeline_commit_seconds{outcome=""success"",quantile=""0.9""}",0.9929251404657734
1791660787.356,101.514,"ztreamer_pipeline_commit_seconds{outcome=""success"",quantile=""0.95""}",1.0203033602287788
1791660787.356,101.514,"ztreamer_pipeline_commit_seconds{outcome=""success"",quantile=""0.99""}",1.0355161469495533
1791660787.356,101.514,"ztreamer_pipeline_commit_seconds{outcome=""success"",quantile=""0.999""}",1.0355161469495533
1791660787.356,101.514,"ztreamer_pipeline_commit_seconds{outcome=""success"",quantile=""1""}",1.131095141
1791660787.356,101.514,"ztreamer_pipeline_commit_seconds_sum{outcome=""success""}",18.872122550999997
1791660787.356,101.514,"ztreamer_pipeline_commit_seconds_count{outcome=""success""}",25.0
1791660787.356,101.514,"ztreamer_pipeline_stage_seconds{stage=""txid_read"",quantile=""0.95""}",0.0003618430399682366
1791660787.356,101.514,"ztreamer_pipeline_stage_seconds{stage=""txid_read"",quantile=""0.99""}",0.0009853634224135195
1791660787.356,101.514,"ztreamer_pipeline_stage_seconds{stage=""txid_read"",quantile=""0.999""}",0.005702218198438671
1791660787.356,101.514,"ztreamer_pipeline_stage_seconds_sum{stage=""txid_read""}",1.4057352920000057
1791660787.356,101.514,"ztreamer_pipeline_stage_seconds_count{stage=""txid_read""}",8936.0
1791660787.356,101.514,"ztreamer_pipeline_stage_seconds{stage=""transaction_read"",quantile=""0.5""}",0.0002641746732617405
1791660787.356,101.514,"ztreamer_pipeline_stage_seconds{stage=""transaction_read"",quantile=""0.9""}",0.00044133778172349164
1791660787.356,101.514,"ztreamer_pipeline_stage_seconds{stage=""transaction_read"",quantile=""0.95""}",0.0005938403595060833
1791660787.356,101.514,"ztreamer_pipeline_stage_seconds{stage=""transaction_read"",quantile=""0.99""}",0.0013502034056562906
1791660787.356,101.514,"ztreamer_pipeline_stage_seconds_sum{stage=""transaction_read""}",3.0988742680000176
1791660787.356,101.514,"ztreamer_pipeline_stage_seconds_count{stage=""transaction_read""}",8936.0
1791660787.356,101.514,"ztreamer_pipeline_stage_seconds{stage=""header_read"",quantile=""0.5""}",0.002409104866665275
1791660787.356,101.514,"ztreamer_pipeline_stage_seconds{stage=""header_read"",quantile=""0.9""}",0.003448209997459564
1791660787.356,101.514,"ztreamer_pipeline_stage_seconds{stage=""header_read"",quantile=""0.95""}",0.0045197435521495116
1791660787.356,101.514,"ztreamer_pipeline_stage_seconds{stage=""header_read"",quantile=""0.99""}",0.049851832897489734
1791660787.356,101.514,"ztreamer_pipeline_stage_seconds{stage=""header_read"",quantile=""0.999""}",0.2331437623589975
1791660787.356,101.514,"ztreamer_pipeline_stage_seconds_sum{stage=""header_read""}",38.01811107899982
1791660787.356,101.514,"ztreamer_pipeline_stage_seconds_count{stage=""header_read""}",8936.0
1791660787.356,101.514,"ztreamer_pipeline_stage_seconds{stage=""parse"",quantile=""0.5""}",5.90987941416873e-05
1791660787.356,101.514,"ztreamer_pipeline_stage_seconds{stage=""parse"",quantile=""0.9""}",8.636742003555992e-05
1791660787.356,101.514,"ztreamer_pipeline_stage_seconds{stage=""parse"",quantile=""0.95""}",0.00010406446078711399
1791660787.356,101.514,"ztreamer_pipeline_stage_seconds{stage=""parse"",quantile=""0.99""}",0.0001645493497875418
1791660787.356,101.514,"ztreamer_pipeline_stage_seconds{stage=""parse"",quantile=""0.999""}",0.000867322196029199
1791660787.356,101.514,"ztreamer_pipeline_stage_seconds_sum{stage=""parse""}",0.6052082170000039
1791660787.356,101.514,"ztreamer_pipeline_stage_seconds_count{stage=""parse""}",8936.0
1791660787.356,101.514,"ztreamer_pipeline_stage_seconds{stage=""worker_send_wait"",quantile=""0.5""}",0.003476601565876637
1791660787.356,101.514,"ztreamer_pipeline_stage_seconds{stage=""worker_send_wait"",quantile=""0.9""}",0.00438090470135691
1791660787.356,101.514,"ztreamer_pipeline_stage_seconds{stage=""worker_send_wait"",quantile=""0.95""}",0.004776247785680851
1791660787.356,101.514,"ztreamer_pipeline_stage_seconds{stage=""worker_send_wait"",quantile=""0.99""}",0.01309270571566715
1791660787.356,101.514,"ztreamer_pipeline_stage_seconds{stage=""worker_send_wait"",quantile=""0.999""}",0.016259140781410997
1791660787.356,101.514,"ztreamer_pipeline_stage_seconds{stage=""worker_send_wait"",quantile=""1""}",0.462980699
1791660787.356,101.514,"ztreamer_pipeline_stage_seconds_sum{stage=""worker_send_wait""}",34.73653040699983
1791660787.356,101.514,"ztreamer_pipeline_stage_seconds_count{stage=""worker_send_wait""}",8936.0
1791660787.356,101.514,"ztreamer_pipeline_segment_seconds{outcome=""success"",quantile=""0.5""}",0.007871552080859922
1791660787.356,101.514,"ztreamer_pipeline_segment_seconds{outcome=""success"",quantile=""0.9""}",0.009830160470313121
1791660787.356,101.514,"ztreamer_pipeline_segment_seconds{outcome=""success"",quantile=""0.95""}",0.012897780721568075
1791660787.356,101.514,"ztreamer_pipeline_segment_seconds{outcome=""success"",quantile=""0.99""}",0.08852236800519658
1791660787.356,101.514,"ztreamer_pipeline_segment_seconds{outcome=""success"",quantile=""0.999""}",0.43591848776982534
1791660787.356,101.514,"ztreamer_pipeline_segment_seconds_sum{outcome=""success""}",96.71375520799992
1791660787.356,101.514,"ztreamer_pipeline_segment_seconds_count{outcome=""success""}",8936.0
1791660787.356,101.514,"ztreamer_pipeline_batch_send_wait_seconds{quantile=""0""}",6.02e-07
1791660787.356,101.514,"ztreamer_pipeline_batch_send_wait_seconds{quantile=""0.5""}",0.4472220696225839
1791660787.356,101.514,"ztreamer_pipeline_batch_send_wait_seconds{quantile=""0.9""}",0.4472220696225839
1791660787.356,101.514,"ztreamer_pipeline_batch_send_wait_seconds{quantile=""0.95""}",0.4472220696225839
1791660787.356,101.514,"ztreamer_pipeline_batch_send_wait_seconds{quantile=""0.99""}",0.4472220696225839
1791660787.356,101.514,"ztreamer_pipeline_batch_send_wait_seconds{quantile=""0.999""}",0.4472220696225839
1791660787.356,101.514,"ztreamer_pipeline_batch_send_wait_seconds{quantile=""1""}",0.44724335
1791660787.356,101.514,ztreamer_pipeline_batch_send_wait_seconds_sum,0.470445897
1791660787.356,101.514,ztreamer_pipeline_batch_send_wait_seconds_count,27.0
1791660789.357,103.514,ztreamer_pipeline_source_blocks,2457088.0
1791660789.357,103.514,ztreamer_pipeline_committed_blocks,2200787.0
1791660789.357,103.514,ztreamer_pipeline_source_transactions,2999916.0
1791660789.357,103.514,ztreamer_pipeline_source_bytes,4781879090.0
1791660789.357,103.514,ztreamer_index_sealed_block_height,2199999.0
1791660789.357,103.514,ztreamer_pipeline_first_missing_height,2457273.0
1791660789.357,103.514,ztreamer_index_durable_block_height,2200786.0
1791660789.357,103.514,ztreamer_pipeline_ready_bytes,16803836.0
1791660789.357,103.514,ztreamer_pipeline_pending_bytes,16815164.0
1791660789.357,103.514,ztreamer_index_generation,27.0
1791660789.357,103.514,ztreamer_pipeline_receive_wait_seconds_sum,23.095145746999197
1791660789.357,103.514,ztreamer_pipeline_receive_wait_seconds_count,2457332.0
1791660789.357,103.514,"ztreamer_pipeline_commit_seconds{outcome=""success"",quantile=""0.5""}",0.7906499060943559
1791660789.357,103.514,"ztreamer_pipeline_commit_seconds{outcome=""success"",quantile=""0.9""}",1.0355161469495533
1791660789.357,103.514,"ztreamer_pipeline_commit_seconds{outcome=""success"",quantile=""0.95""}",1.0661990082288373
1791660789.357,103.514,"ztreamer_pipeline_commit_seconds{outcome=""success"",quantile=""0.99""}",1.0999887971217237
1791660789.357,103.514,"ztreamer_pipeline_commit_seconds{outcome=""success"",quantile=""0.999""}",1.0999887971217237
1791660789.357,103.514,"ztreamer_pipeline_commit_seconds_sum{outcome=""success""}",21.038246719999997
1791660789.357,103.514,"ztreamer_pipeline_commit_seconds_count{outcome=""success""}",27.0
1791660789.357,103.514,"ztreamer_pipeline_stage_seconds{stage=""txid_read"",quantile=""0.95""}",0.0003375151932437746
1791660789.357,103.514,"ztreamer_pipeline_stage_seconds{stage=""txid_read"",quantile=""0.99""}",0.0009524242057090574
1791660789.357,103.514,"ztreamer_pipeline_stage_seconds{stage=""txid_read"",quantile=""0.999""}",0.005416529282676513
1791660789.357,103.514,"ztreamer_pipeline_stage_seconds_sum{stage=""txid_read""}",1.419143477000004
1791660789.357,103.514,"ztreamer_pipeline_stage_seconds_count{stage=""txid_read""}",9598.0
1791660789.357,103.514,"ztreamer_pipeline_stage_seconds{stage=""transaction_read"",quantile=""0.5""}",0.0002602936782881714
1791660789.357,103.514,"ztreamer_pipeline_stage_seconds{stage=""transaction_read"",quantile=""0.9""}",0.00043398524123705373
1791660789.357,103.514,"ztreamer_pipeline_stage_seconds{stage=""transaction_read"",quantile=""0.95""}",0.0005818487464516004
1791660789.357,103.514,"ztreamer_pipeline_stage_seconds{stage=""transaction_read"",quantile=""0.99""}",0.0013277094665100754
1791660789.357,103.514,"ztreamer_pipeline_stage_seconds_sum{stage=""transaction_read""}",3.2746289170000176
1791660789.357,103.514,"ztreamer_pipeline_stage_seconds_count{stage=""transaction_read""}",9598.0
1791660789.357,103.514,"ztreamer_pipeline_stage_seconds{stage=""header_read"",quantile=""0.5""}",0.002451390106219104
1791660789.357,103.514,"ztreamer_pipeline_stage_seconds{stage=""header_read"",quantile=""0.9""}",0.004044084740706204
1791660789.357,103.514,"ztreamer_pipeline_stage_seconds{stage=""header_read"",quantile=""0.95""}",0.005084797757689511
1791660789.357,103.514,"ztreamer_pipeline_stage_seconds{stage=""header_read"",quantile=""0.99""}",0.04806985492300091
1791660789.357,103.514,"ztreamer_pipeline_stage_seconds{stage=""header_read"",quantile=""0.999""}",0.23161008024056876
1791660789.357,103.514,"ztreamer_pipeline_stage_seconds_sum{stage=""header_read""}",40.785289267999744
1791660789.357,103.514,"ztreamer_pipeline_stage_seconds_count{stage=""header_read""}",9598.0
1791660789.357,103.514,"ztreamer_pipeline_stage_seconds{stage=""parse"",quantile=""0.5""}",5.863961666603404e-05
1791660789.357,103.514,"ztreamer_pipeline_stage_seconds{stage=""parse"",quantile=""0.9""}",8.561072109528604e-05
1791660789.357,103.514,"ztreamer_pipeline_stage_seconds{stage=""parse"",quantile=""0.95""}",0.00010304960995925037
1791660789.357,103.514,"ztreamer_pipeline_stage_seconds{stage=""parse"",quantile=""0.99""}",0.00016501073360439112
1791660789.357,103.514,"ztreamer_pipeline_stage_seconds_sum{stage=""parse""}",0.6454509790000055
1791660789.357,103.514,"ztreamer_pipeline_stage_seconds_count{stage=""parse""}",9598.0
1791660789.357,103.514,"ztreamer_pipeline_stage_seconds{stage=""worker_send_wait"",quantile=""0.5""}",0.0034551133184974278
1791660789.357,103.514,"ztreamer_pipeline_stage_seconds{stage=""worker_send_wait"",quantile=""0.9""}",0.00436603491827852
1791660789.357,103.514,"ztreamer_pipeline_stage_seconds{stage=""worker_send_wait"",quantile=""0.95""}",0.004781982723317171
1791660789.357,103.514,"ztreamer_pipeline_stage_seconds{stage=""worker_send_wait"",quantile=""0.99""}",0.013103184071057917
1791660789.357,103.514,"ztreamer_pipeline_stage_seconds{stage=""worker_send_wait"",quantile=""0.999""}",0.3222266790918775
1791660789.357,103.514,"ztreamer_pipeline_stage_seconds_sum{stage=""worker_send_wait""}",39.712252526999755
1791660789.357,103.514,"ztreamer_pipeline_stage_seconds_count{stage=""worker_send_wait""}",9598.0
1791660789.357,103.514,"ztreamer_pipeline_segment_seconds{outcome=""success"",quantile=""0.5""}",0.007934777060436327
1791660789.357,103.514,"ztreamer_pipeline_segment_seconds{outcome=""success"",quantile=""0.9""}",0.010133586050992844
1791660789.357,103.514,"ztreamer_pipeline_segment_seconds{outcome=""success"",quantile=""0.95""}",0.012561734635070355
1791660789.357,103.514,"ztreamer_pipeline_segment_seconds{outcome=""success"",quantile=""0.99""}",0.08885939294657513
1791660789.357,103.514,"ztreamer_pipeline_segment_seconds{outcome=""success"",quantile=""0.999""}",0.4265182990381448
1791660789.357,103.514,"ztreamer_pipeline_segment_seconds_sum{outcome=""success""}",105.96696016899985
1791660789.357,103.514,"ztreamer_pipeline_segment_seconds_count{outcome=""success""}",9598.0
1791660789.357,103.514,ztreamer_pipeline_batch_send_wait_seconds_sum,1.182852006
1791660789.357,103.514,ztreamer_pipeline_batch_send_wait_seconds_count,29.0
1791660791.357,105.514,ztreamer_pipeline_source_blocks,2604032.0
1791660791.357,105.514,ztreamer_pipeline_source_bytes,5035012260.0
1791660791.357,105.514,ztreamer_pipeline_committed_blocks,2370251.0
1791660791.357,105.514,ztreamer_pipeline_source_transactions,3148257.0
1791660791.357,105.514,ztreamer_pipeline_ready_bytes,11691820.0
1791660791.357,105.514,ztreamer_index_generation,29.0
1791660791.357,105.514,ztreamer_pipeline_first_missing_height,2604218.0
1791660791.357,105.514,ztreamer_pipeline_pending_bytes,11724240.0
1791660791.357,105.514,ztreamer_index_sealed_block_height,2369999.0
1791660791.357,105.514,ztreamer_index_durable_block_height,2370250.0
1791660791.357,105.514,ztreamer_pipeline_receive_wait_seconds_sum,24.370994509999218
1791660791.357,105.514,ztreamer_pipeline_receive_wait_seconds_count,2604402.0
1791660791.357,105.514,"ztreamer_pipeline_commit_seconds{outcome=""success"",quantile=""0.5""}",0.8139144590316609
1791660791.357,105.514,"ztreamer_pipeline_commit_seconds{outcome=""success"",quantile=""0.9""}",1.06961630983303
1791660791.357,105.514,"ztreamer_pipeline_commit_seconds{outcome=""success"",quantile=""0.95""}",1.0999887971217237
1791660791.357,105.514,"ztreamer_pipeline_commit_seconds{outcome=""success"",quantile=""0.99""}",1.130997509853293
1791660791.357,105.514,"ztreamer_pipeline_commit_seconds{outcome=""success"",quantile=""0.999""}",1.130997509853293
1791660791.357,105.514,"ztreamer_pipeline_commit_seconds{outcome=""success"",quantile=""1""}",1.281079125
1791660791.357,105.514,"ztreamer_pipeline_commit_seconds_sum{outcome=""success""}",23.388913716999998
1791660791.357,105.514,"ztreamer_pipeline_commit_seconds_count{outcome=""success""}",29.0
1791660791.357,105.514,"ztreamer_pipeline_stage_seconds{stage=""txid_read"",quantile=""0.95""}",0.00032519029244368986
1791660791.357,105.514,"ztreamer_pipeline_stage_seconds{stage=""txid_read"",quantile=""0.99""}",0.0009302101512417384
1791660791.357,105.514,"ztreamer_pipeline_stage_seconds_sum{stage=""txid_read""}",1.4305401300000042
1791660791.357,105.514,"ztreamer_pipeline_stage_seconds_count{stage=""txid_read""}",10172.0
1791660791.357,105.514,"ztreamer_pipeline_stage_seconds{stage=""transaction_read"",quantile=""0.5""}",0.00025806475077338336
1791660791.357,105.514,"ztreamer_pipeline_stage_seconds{stage=""transaction_read"",quantile=""0.9""}",0.0004259877232081711
1791660791.357,105.514,"ztreamer_pipeline_stage_seconds{stage=""transaction_read"",quantile=""0.95""}",0.0005638625567129868
1791660791.357,105.514,"ztreamer_pipeline_stage_seconds{stage=""transaction_read"",quantile=""0.99""}",0.0012708109649442073
1791660791.357,105.514,"ztreamer_pipeline_stage_seconds_sum{stage=""transaction_read""}",3.4138218950000137
1791660791.357,105.514,"ztreamer_pipeline_stage_seconds_count{stage=""transaction_read""}",10172.0
1791660791.357,105.514,"ztreamer_pipeline_stage_seconds{stage=""header_read"",quantile=""0.5""}",0.0024944175473719053
1791660791.357,105.514,"ztreamer_pipeline_stage_seconds{stage=""header_read"",quantile=""0.9""}",0.004394067149304944
1791660791.357,105.514,"ztreamer_pipeline_stage_seconds{stage=""header_read"",quantile=""0.95""}",0.005310336777612165
1791660791.357,105.514,"ztreamer_pipeline_stage_seconds{stage=""header_read"",quantile=""0.99""}",0.045954660251578114
1791660791.357,105.514,"ztreamer_pipeline_stage_seconds_sum{stage=""header_read""}",43.25177412299979
1791660791.357,105.514,"ztreamer_pipeline_stage_seconds_count{stage=""header_read""}",10172.0
1791660791.357,105.514,"ztreamer_pipeline_stage_seconds{stage=""parse"",quantile=""0.5""}",5.833548209356154e-05
1791660791.357,105.514,"ztreamer_pipeline_stage_seconds{stage=""parse"",quantile=""0.9""}",8.464030077700855e-05
1791660791.357,105.514,"ztreamer_pipeline_stage_seconds{stage=""parse"",quantile=""0.95""}",0.00010194266244409153
1791660791.357,105.514,"ztreamer_pipeline_stage_seconds{stage=""parse"",quantile=""0.99""}",0.00016248903521306023
1791660791.357,105.514,"ztreamer_pipeline_stage_seconds_sum{stage=""parse""}",0.6785084560000048
1791660791.357,105.514,"ztreamer_pipeline_stage_seconds_count{stage=""parse""}",10172.0
1791660791.357,105.514,"ztreamer_pipeline_stage_seconds{stage=""worker_send_wait"",quantile=""0.5""}",0.0034344447063597594
1791660791.357,105.514,"ztreamer_pipeline_stage_seconds{stage=""worker_send_wait"",quantile=""0.9""}",0.004359926746090767
1791660791.357,105.514,"ztreamer_pipeline_stage_seconds{stage=""worker_send_wait"",quantile=""0.95""}",0.004797309577971408
1791660791.357,105.514,"ztreamer_pipeline_stage_seconds{stage=""worker_send_wait"",quantile=""0.99""}",0.013232226550766668
1791660791.357,105.514,"ztreamer_pipeline_stage_seconds{stage=""worker_send_wait"",quantile=""0.999""}",0.41949653711697105
1791660791.357,105.514,"ztreamer_pipeline_stage_seconds_sum{stage=""worker_send_wait""}",44.2092458449998
1791660791.357,105.514,"ztreamer_pipeline_stage_seconds_count{stage=""worker_send_wait""}",10172.0
1791660791.357,105.514,"ztreamer_pipeline_segment_seconds{outcome=""success"",quantile=""0.5""}",0.007993712201963205
1791660791.357,105.514,"ztreamer_pipeline_segment_seconds{outcome=""success"",quantile=""0.9""}",0.010301147107869047
1791660791.357,105.514,"ztreamer_pipeline_segment_seconds{outcome=""success"",quantile=""0.95""}",0.01253663627244529
1791660791.357,105.514,"ztreamer_pipeline_segment_seconds{outcome=""success"",quantile=""0.99""}",0.09029257814560261
1791660791.357,105.514,"ztreamer_pipeline_segment_seconds{outcome=""success"",quantile=""0.999""}",0.4534365152560216
1791660791.357,105.514,"ztreamer_pipeline_segment_seconds_sum{outcome=""success""}",114.23356675999975
1791660791.357,105.514,"ztreamer_pipeline_segment_seconds_count{outcome=""success""}",10172.0
1791660791.357,105.514,ztreamer_pipeline_batch_send_wait_seconds_sum,1.840184619
1791660791.357,105.514,ztreamer_pipeline_batch_send_wait_seconds_count,31.0
1791660794.198,108.356,ztreamer_pipeline_source_blocks,2803968.0
1791660794.198,108.356,ztreamer_pipeline_source_bytes,5377340402.0
1791660794.198,108.356,ztreamer_pipeline_committed_blocks,2544211.0
1791660794.198,108.356,ztreamer_pipeline_source_transactions,3349345.0
1791660794.198,108.356,ztreamer_pipeline_first_missing_height,2804060.0
1791660794.198,108.356,ztreamer_index_generation,31.0
1791660794.198,108.356,ztreamer_index_durable_block_height,2544210.0
1791660794.198,108.356,ztreamer_pipeline_pending_bytes,16795416.0
1791660794.198,108.356,ztreamer_index_sealed_block_height,2543999.0
1791660794.198,108.356,ztreamer_pipeline_ready_bytes,16787352.0
1791660794.198,108.356,ztreamer_pipeline_receive_wait_seconds_sum,26.179798169998502
1791660794.198,108.356,ztreamer_pipeline_receive_wait_seconds_count,2804102.0
1791660794.198,108.356,"ztreamer_pipeline_commit_seconds{outcome=""success"",quantile=""0.5""}",0.8247293511833512
1791660794.198,108.356,"ztreamer_pipeline_commit_seconds{outcome=""success"",quantile=""0.9""}",1.1121554679397672
1791660794.198,108.356,"ztreamer_pipeline_commit_seconds{outcome=""success"",quantile=""0.95""}",1.130997509853293
1791660794.198,108.356,"ztreamer_pipeline_commit_seconds{outcome=""success"",quantile=""0.99""}",1.195901142807021
1791660794.198,108.356,"ztreamer_pipeline_commit_seconds{outcome=""success"",quantile=""0.999""}",1.195901142807021
1791660794.198,108.356,"ztreamer_pipeline_commit_seconds_sum{outcome=""success""}",25.696930143999996
1791660794.198,108.356,"ztreamer_pipeline_commit_seconds_count{outcome=""success""}",31.0
1791660794.198,108.356,"ztreamer_pipeline_stage_seconds{stage=""txid_read"",quantile=""0.95""}",0.00029982846443957087
1791660794.198,108.356,"ztreamer_pipeline_stage_seconds{stage=""txid_read"",quantile=""0.99""}",0.0008741137618543796
1791660794.198,108.356,"ztreamer_pipeline_stage_seconds{stage=""txid_read"",quantile=""0.999""}",0.005327357073306386
1791660794.198,108.356,"ztreamer_pipeline_stage_seconds_sum{stage=""txid_read""}",1.443763650000002
1791660794.198,108.356,"ztreamer_pipeline_stage_seconds_count{stage=""txid_read""}",10953.0
1791660794.198,108.356,"ztreamer_pipeline_stage_seconds{stage=""transaction_read"",quantile=""0""}",0.000134993
1791660794.198,108.356,"ztreamer_pipeline_stage_seconds{stage=""transaction_read"",quantile=""0.5""}",0.000253461142019666
1791660794.198,108.356,"ztreamer_pipeline_stage_seconds{stage=""transaction_read"",quantile=""0.9""}",0.0004167183304495316
1791660794.198,108.356,"ztreamer_pipeline_stage_seconds{stage=""transaction_read"",quantile=""0.95""}",0.0005358265606651417
1791660794.198,108.356,"ztreamer_pipeline_stage_seconds{stage=""transaction_read"",quantile=""0.99""}",0.001256657290618643
1791660794.198,108.356,"ztreamer_pipeline_stage_seconds{stage=""transaction_read"",quantile=""0.999""}",0.007036108570430131
1791660794.198,108.356,"ztreamer_pipeline_stage_seconds_sum{stage=""transaction_read""}",3.589247204000008
1791660794.198,108.356,"ztreamer_pipeline_stage_seconds_count{stage=""transaction_read""}",10953.0
1791660794.198,108.356,"ztreamer_pipeline_stage_seconds{stage=""header_read"",quantile=""0.5""}",0.0025606349474622714
1791660794.198,108.356,"ztreamer_pipeline_stage_seconds{stage=""header_read"",quantile=""0.9""}",0.004911872610980014
1791660794.198,108.356,"ztreamer_pipeline_stage_seconds{stage=""header_read"",quantile=""0.95""}",0.0057457201549372915
1791660794.198,108.356,"ztreamer_pipeline_stage_seconds{stage=""header_read"",quantile=""0.99""}",0.04308846222603595
1791660794.198,108.356,"ztreamer_pipeline_stage_seconds{stage=""header_read"",quantile=""0.999""}",0.23128605299914526
1791660794.198,108.356,"ztreamer_pipeline_stage_seconds_sum{stage=""header_read""}",47.02818339699978
1791660794.198,108.356,"ztreamer_pipeline_stage_seconds_count{stage=""header_read""}",10953.0
1791660794.198,108.356,"ztreamer_pipeline_stage_seconds{stage=""parse"",quantile=""0.5""}",5.787066000267575e-05
1791660794.198,108.356,"ztreamer_pipeline_stage_seconds{stage=""parse"",quantile=""0.9""}",8.34469016885405e-05
1791660794.198,108.356,"ztreamer_pipeline_stage_seconds{stage=""parse"",quantile=""0.95""}",0.00010058574243089179
1791660794.198,108.356,"ztreamer_pipeline_stage_seconds{stage=""parse"",quantile=""0.99""}",0.00015879443812606437
1791660794.198,108.356,"ztreamer_pipeline_stage_seconds{stage=""parse"",quantile=""0.999""}",0.0007976026404886645
1791660794.198,108.356,"ztreamer_pipeline_stage_seconds_sum{stage=""parse""}",0.7217533440000059
1791660794.198,108.356,"ztreamer_pipeline_stage_seconds_count{stage=""parse""}",10953.0
1791660794.198,108.356,"ztreamer_pipeline_stage_seconds{stage=""worker_send_wait"",quantile=""0""}",0.00088961
1791660794.198,108.356,"ztreamer_pipeline_stage_seconds{stage=""worker_send_wait"",quantile=""0.5""}",0.003405035124250934
1791660794.198,108.356,"ztreamer_pipeline_stage_seconds{stage=""worker_send_wait"",quantile=""0.9""}",0.0043321123159394135
1791660794.198,108.356,"ztreamer_pipeline_stage_seconds{stage=""worker_send_wait"",quantile=""0.95""}",0.0047810264224026
1791660794.198,108.356,"ztreamer_pipeline_stage_seconds{stage=""worker_send_wait"",quantile=""0.999""}",0.41916107408926173
1791660794.198,108.356,"ztreamer_pipeline_stage_seconds_sum{stage=""worker_send_wait""}",49.118802601999846
1791660794.198,108.356,"ztreamer_pipeline_stage_seconds_count{stage=""worker_send_wait""}",10953.0
1791660794.198,108.356,"ztreamer_pipeline_segment_seconds{outcome=""success"",quantile=""0.5""}",0.008080512170167996
1791660794.198,108.356,"ztreamer_pipeline_segment_seconds{outcome=""success"",quantile=""0.9""}",0.010644627010997177
1791660794.198,108.356,"ztreamer_pipeline_segment_seconds{outcome=""success"",quantile=""0.95""}",0.012496583155405874
1791660794.198,108.356,"ztreamer_pipeline_segment_seconds{outcome=""success"",quantile=""0.999""}",0.4531645349482132
1791660794.198,108.356,"ztreamer_pipeline_segment_seconds_sum{outcome=""success""}",124.76992306399978
1791660794.198,108.356,"ztreamer_pipeline_segment_seconds_count{outcome=""success""}",10953.0
1791660794.198,108.356,ztreamer_pipeline_batch_send_wait_seconds_sum,2.4892831209999997
1791660794.198,108.356,ztreamer_pipeline_batch_send_wait_seconds_count,33.0
1791660796.199,110.356,ztreamer_pipeline_committed_blocks,2717113.0
1791660796.199,110.356,ztreamer_pipeline_source_blocks,2952960.0
1791660796.199,110.356,ztreamer_pipeline_source_bytes,5617313699.0
1791660796.199,110.356,ztreamer_pipeline_source_transactions,3499012.0
1791660796.199,110.356,ztreamer_index_durable_block_height,2717112.0
1791660796.199,110.356,ztreamer_pipeline_pending_bytes,12063900.0
1791660796.199,110.356,ztreamer_index_sealed_block_height,2716999.0
1791660796.199,110.356,ztreamer_pipeline_first_missing_height,2953185.0
1791660796.199,110.356,ztreamer_index_generation,33.0
1791660796.199,110.356,ztreamer_pipeline_ready_bytes,11985180.0
1791660796.199,110.356,ztreamer_pipeline_receive_wait_seconds_sum,27.575473154998324
1791660796.199,110.356,ztreamer_pipeline_receive_wait_seconds_count,2953604.0
1791660796.199,110.356,"ztreamer_pipeline_commit_seconds{outcome=""success"",quantile=""0.5""}",0.8594178775418314
1791660796.199,110.356,"ztreamer_pipeline_commit_seconds{outcome=""success"",quantile=""0.9""}",1.130997509853293
1791660796.199,110.356,"ztreamer_pipeline_commit_seconds{outcome=""success"",quantile=""0.95""}",1.195901142807021
1791660796.199,110.356,"ztreamer_pipeline_commit_seconds{outcome=""success"",quantile=""0.99""}",1.2772380789537452
1791660796.199,110.356,"ztreamer_pipeline_commit_seconds{outcome=""success"",quantile=""0.999""}",1.2772380789537452
1791660796.199,110.356,"ztreamer_pipeline_commit_seconds_sum{outcome=""success""}",28.137197317999995
1791660796.199,110.356,"ztreamer_pipeline_commit_seconds_count{outcome=""success""}",33.0
1791660796.199,110.356,"sync_stage_duration_seconds{stage=""obtain_tips"",quantile=""1""}",6.008015562
1791660796.199,110.356,"sync_stage_duration_seconds_sum{stage=""obtain_tips""}",18.012357685
1791660796.199,110.356,"sync_stage_duration_seconds_count{stage=""obtain_tips""}",3.0
1791660796.199,110.356,"ztreamer_pipeline_stage_seconds{stage=""txid_read"",quantile=""0.95""}",0.0002909090064969311
1791660796.199,110.356,"ztreamer_pipeline_stage_seconds{stage=""txid_read"",quantile=""0.99""}",0.0008654161845729415
1791660796.199,110.356,"ztreamer_pipeline_stage_seconds{stage=""txid_read"",quantile=""0.999""}",0.005253293727153659
1791660796.199,110.356,"ztreamer_pipeline_stage_seconds_sum{stage=""txid_read""}",1.4520647099999984
1791660796.199,110.356,"ztreamer_pipeline_stage_seconds_count{stage=""txid_read""}",11535.0
1791660796.199,110.356,"ztreamer_pipeline_stage_seconds{stage=""transaction_read"",quantile=""0.5""}",0.00025098935436166693
1791660796.199,110.356,"ztreamer_pipeline_stage_seconds{stage=""transaction_read"",quantile=""0.9""}",0.00041571940564237564
1791660796.199,110.356,"ztreamer_pipeline_stage_seconds{stage=""transaction_read"",quantile=""0.95""}",0.000540670765952728
1791660796.199,110.356,"ztreamer_pipeline_stage_seconds{stage=""transaction_read"",quantile=""0.99""}",0.001269794722719953
1791660796.199,110.356,"ztreamer_pipeline_stage_seconds{stage=""transaction_read"",quantile=""0.999""}",0.006330981358687989
1791660796.199,110.356,"ztreamer_pipeline_stage_seconds_sum{stage=""transaction_read""}",3.7506159770000114
1791660796.199,110.356,"ztreamer_pipeline_stage_seconds_count{stage=""transaction_read""}",11535.0
1791660796.199,110.356,"ztreamer_pipeline_stage_seconds{stage=""header_read"",quantile=""0.5""}",0.002610796257097696
1791660796.199,110.356,"ztreamer_pipeline_stage_seconds{stage=""header_read"",quantile=""0.9""}",0.005137955596178359
1791660796.199,110.356,"ztreamer_pipeline_stage_seconds{stage=""header_read"",quantile=""0.95""}",0.005913602802191347
1791660796.199,110.356,"ztreamer_pipeline_stage_seconds{stage=""header_read"",quantile=""0.99""}",0.04146523077282682
1791660796.199,110.356,"ztreamer_pipeline_stage_seconds{stage=""header_read"",quantile=""0.999""}",0.20665593667868115
1791660796.199,110.356,"ztreamer_pipeline_stage_seconds_sum{stage=""header_read""}",49.85439711399983
1791660796.199,110.356,"ztreamer_pipeline_stage_seconds_count{stage=""header_read""}",11535.0
1791660796.199,110.356,"ztreamer_pipeline_stage_seconds{stage=""parse"",quantile=""0.5""}",5.743251006392179e-05
1791660796.199,110.356,"ztreamer_pipeline_stage_seconds{stage=""parse"",quantile=""0.9""}",8.263311611159399e-05
1791660796.199,110.356,"ztreamer_pipeline_stage_seconds{stage=""parse"",quantile=""0.95""}",9.875188796400165e-05
1791660796.199,110.356,"ztreamer_pipeline_stage_seconds{stage=""parse"",quantile=""0.99""}",0.00015624269316055558
1791660796.199,110.356,"ztreamer_pipeline_stage_seconds{stage=""parse"",quantile=""0.999""}",0.0006488558158719429
1791660796.199,110.356,"ztreamer_pipeline_stage_seconds_sum{stage=""parse""}",0.7523952120000061
1791660796.199,110.356,"ztreamer_pipeline_stage_seconds_count{stage=""parse""}",11535.0
1791660796.199,110.356,"ztreamer_pipeline_stage_seconds{stage=""worker_send_wait"",quantile=""0.5""}",0.0033860202189189372
1791660796.199,110.356,"ztreamer_pipeline_stage_seconds{stage=""worker_send_wait"",quantile=""0.9""}",0.004319135453973931
1791660796.199,110.356,"ztreamer_pipeline_stage_seconds{stage=""worker_send_wait"",quantile=""0.95""}",0.004760036118606756
1791660796.199,110.356,"ztreamer_pipeline_stage_seconds{stage=""worker_send_wait"",quantile=""0.99""}",0.01328791877426734
1791660796.199,110.356,"ztreamer_pipeline_stage_seconds{stage=""worker_send_wait"",quantile=""0.999""}",0.40652900155503796
1791660796.199,110.356,"ztreamer_pipeline_stage_seconds_sum{stage=""worker_send_wait""}",53.56748287299989
1791660796.199,110.356,"ztreamer_pipeline_stage_seconds_count{stage=""worker_send_wait""}",11535.0
1791660796.199,110.356,"ztreamer_pipeline_segment_seconds{outcome=""success"",quantile=""0.5""}",0.008156827103075151
1791660796.199,110.356,"ztreamer_pipeline_segment_seconds{outcome=""success"",quantile=""0.9""}",0.010844469851044432
1791660796.199,110.356,"ztreamer_pipeline_segment_seconds{outcome=""success"",quantile=""0.95""}",0.012511588056382377
1791660796.199,110.356,"ztreamer_pipeline_segment_seconds{outcome=""success"",quantile=""0.99""}",0.0909814160100873
1791660796.199,110.356,"ztreamer_pipeline_segment_seconds{outcome=""success"",quantile=""0.999""}",0.4529833053819594
1791660796.199,110.356,"ztreamer_pipeline_segment_seconds_sum{outcome=""success""}",133.56344193299978
1791660796.199,110.356,"ztreamer_pipeline_segment_seconds_count{outcome=""success""}",11535.0
1791660796.199,110.356,ztreamer_pipeline_batch_send_wait_seconds_sum,3.1658597839999993
1791660796.199,110.356,ztreamer_pipeline_batch_send_wait_seconds_count,35.0
1791660799.032,113.190,ztreamer_pipeline_source_blocks,3089664.0
1791660799.032,113.190,ztreamer_pipeline_source_bytes,5902036732.0
1791660799.032,113.190,ztreamer_pipeline_committed_blocks,2891114.0
1791660799.032,113.190,ztreamer_pipeline_source_transactions,3636175.0
1791660799.032,113.190,ztreamer_index_durable_block_height,2891113.0
1791660799.032,113.190,ztreamer_pipeline_ready_bytes,15570316.0
1791660799.032,113.190,ztreamer_index_sealed_block_height,2890999.0
1791660799.032,113.190,ztreamer_pipeline_first_missing_height,3089761.0
1791660799.032,113.190,ztreamer_pipeline_pending_bytes,15579916.0
1791660799.032,113.190,ztreamer_index_generation,35.0
1791660799.032,113.190,ztreamer_pipeline_receive_wait_seconds_sum,29.31606761899797
1791660799.032,113.190,ztreamer_pipeline_receive_wait_seconds_count,3089811.0
1791660799.032,113.190,"ztreamer_pipeline_commit_seconds{outcome=""success"",quantile=""0.5""}",0.8711858012142274
1791660799.032,113.190,"ztreamer_pipeline_commit_seconds{outcome=""success"",quantile=""0.9""}",1.195901142807021
1791660799.032,113.190,"ztreamer_pipeline_commit_seconds{outcome=""success"",quantile=""0.95""}",1.2810755465266572
1791660799.032,113.190,"ztreamer_pipeline_commit_seconds{outcome=""success"",quantile=""0.99""}",1.3559468546511386
1791660799.032,113.190,"ztreamer_pipeline_commit_seconds{outcome=""success"",quantile=""0.999""}",1.3559468546511386
1791660799.032,113.190,"ztreamer_pipeline_commit_seconds{outcome=""success"",quantile=""1""}",1.374724192
1791660799.032,113.190,"ztreamer_pipeline_commit_seconds_sum{outcome=""success""}",30.86776457299999
1791660799.032,113.190,"ztreamer_pipeline_commit_seconds_count{outcome=""success""}",35.0
1791660799.032,113.190,"ztreamer_pipeline_stage_seconds{stage=""txid_read"",quantile=""0.95""}",0.0002849775843448655
1791660799.032,113.190,"ztreamer_pipeline_stage_seconds{stage=""txid_read"",quantile=""0.99""}",0.0008465849317516725
1791660799.032,113.190,"ztreamer_pipeline_stage_seconds_sum{stage=""txid_read""}",1.4603090989999996
1791660799.032,113.190,"ztreamer_pipeline_stage_seconds_count{stage=""txid_read""}",12069.0
1791660799.032,113.190,"ztreamer_pipeline_stage_seconds{stage=""transaction_read"",quantile=""0.5""}",0.0002527524434606475
1791660799.032,113.190,"ztreamer_pipeline_stage_seconds{stage=""transaction_read"",quantile=""0.9""}",0.00046211349790202386
1791660799.032,113.190,"ztreamer_pipeline_stage_seconds{stage=""transaction_read"",quantile=""0.95""}",0.0009216914638688909
1791660799.032,113.190,"ztreamer_pipeline_stage_seconds{stage=""transaction_read"",quantile=""0.99""}",0.00398307946707407
1791660799.032,113.190,"ztreamer_pipeline_stage_seconds{stage=""transaction_read"",quantile=""0.999""}",0.012266295026713036
1791660799.032,113.190,"ztreamer_pipeline_stage_seconds_sum{stage=""transaction_read""}",5.075845022000017
1791660799.032,113.190,"ztreamer_pipeline_stage_seconds_count{stage=""transaction_read""}",12069.0
1791660799.032,113.190,"ztreamer_pipeline_stage_seconds{stage=""header_read"",quantile=""0.5""}",0.0026582160880334153
1791660799.032,113.190,"ztreamer_pipeline_stage_seconds{stage=""header_read"",quantile=""0.9""}",0.005324161617784268
1791660799.032,113.190,"ztreamer_pipeline_stage_seconds{stage=""header_read"",quantile=""0.95""}",0.006150019527466168
1791660799.032,113.190,"ztreamer_pipeline_stage_seconds{stage=""header_read"",quantile=""0.99""}",0.039871240049985095
1791660799.032,113.190,"ztreamer_pipeline_stage_seconds_sum{stage=""header_read""}",52.908631402999845
1791660799.032,113.190,"ztreamer_pipeline_stage_seconds_count{stage=""header_read""}",12069.0
1791660799.032,113.190,"ztreamer_pipeline_stage_seconds{stage=""parse"",quantile=""0.5""}",5.766270017825345e-05
1791660799.032,113.190,"ztreamer_pipeline_stage_seconds{stage=""parse"",quantile=""0.9""}",8.6592267503446e-05
1791660799.032,113.190,"ztreamer_pipeline_stage_seconds{stage=""parse"",quantile=""0.95""}",0.00010661354020525994
1791660799.032,113.190,"ztreamer_pipeline_stage_seconds{stage=""parse"",quantile=""0.99""}",0.00015774984577756807
1791660799.032,113.190,"ztreamer_pipeline_stage_seconds_sum{stage=""parse""}",0.7978050950000066
1791660799.032,113.190,"ztreamer_pipeline_stage_seconds_count{stage=""parse""}",12069.0
1791660799.032,113.190,"ztreamer_pipeline_stage_seconds{stage=""worker_send_wait"",quantile=""0.5""}",0.003367111499459209
1791660799.032,113.190,"ztreamer_pipeline_stage_seconds{stage=""worker_send_wait"",quantile=""0.9""}",0.004313092895096391
1791660799.032,113.190,"ztreamer_pipeline_stage_seconds{stage=""worker_send_wait"",quantile=""0.95""}",0.004751475760198594
1791660799.032,113.190,"ztreamer_pipeline_stage_seconds{stage=""worker_send_wait"",quantile=""0.99""}",0.013333174589540238
1791660799.032,113.190,"ztreamer_pipeline_stage_seconds{stage=""worker_send_wait"",quantile=""0.999""}",0.4383664792883336
1791660799.032,113.190,"ztreamer_pipeline_stage_seconds{stage=""worker_send_wait"",quantile=""1""}",0.527197838
1791660799.032,113.190,"ztreamer_pipeline_stage_seconds_sum{stage=""worker_send_wait""}",58.93806854199989
1791660799.032,113.190,"ztreamer_pipeline_stage_seconds_count{stage=""worker_send_wait""}",12069.0
1791660799.032,113.190,"ztreamer_pipeline_segment_seconds{outcome=""success"",quantile=""0.5""}",0.008233862778536992
1791660799.032,113.190,"ztreamer_pipeline_segment_seconds{outcome=""success"",quantile=""0.9""}",0.011405038815084064
1791660799.032,113.190,"ztreamer_pipeline_segment_seconds{outcome=""success"",quantile=""0.95""}",0.014245702179869452
1791660799.032,113.190,"ztreamer_pipeline_segment_seconds{outcome=""success"",quantile=""0.99""}",0.09442966447577525
1791660799.032,113.190,"ztreamer_pipeline_segment_seconds{outcome=""success"",quantile=""0.999""}",0.4666853544772324
1791660799.032,113.190,"ztreamer_pipeline_segment_seconds{outcome=""success"",quantile=""1""}",0.541477119
1791660799.032,113.190,"ztreamer_pipeline_segment_seconds_sum{outcome=""success""}",144.83700158899993
1791660799.032,113.190,"ztreamer_pipeline_segment_seconds_count{outcome=""success""}",12069.0
1791660799.032,113.190,"ztreamer_pipeline_batch_send_wait_seconds{quantile=""0.5""}",0.5165929696997733
1791660799.032,113.190,"ztreamer_pipeline_batch_send_wait_seconds{quantile=""0.9""}",0.5165929696997733
1791660799.032,113.190,"ztreamer_pipeline_batch_send_wait_seconds{quantile=""0.95""}",0.5165929696997733
1791660799.032,113.190,"ztreamer_pipeline_batch_send_wait_seconds{quantile=""0.99""}",0.5165929696997733
1791660799.032,113.190,"ztreamer_pipeline_batch_send_wait_seconds{quantile=""0.999""}",0.5165929696997733
1791660799.032,113.190,"ztreamer_pipeline_batch_send_wait_seconds{quantile=""1""}",0.516574206
1791660799.032,113.190,ztreamer_pipeline_batch_send_wait_seconds_sum,4.107521369999999
1791660799.032,113.190,ztreamer_pipeline_batch_send_wait_seconds_count,37.0
1791660801.032,115.190,ztreamer_pipeline_source_transactions,3721793.0
1791660801.032,115.190,ztreamer_pipeline_source_bytes,6073510615.0
1791660801.032,115.190,ztreamer_pipeline_source_blocks,3175168.0
1791660801.032,115.190,ztreamer_pipeline_committed_blocks,3040861.0
1791660801.032,115.190,ztreamer_index_generation,37.0
1791660801.032,115.190,ztreamer_index_durable_block_height,3040860.0
1791660801.032,115.190,ztreamer_pipeline_pending_bytes,4607040.0
1791660801.032,115.190,ztreamer_pipeline_first_missing_height,3175395.0
1791660801.032,115.190,ztreamer_index_sealed_block_height,3039999.0
1791660801.032,115.190,ztreamer_pipeline_ready_bytes,4579008.0
1791660801.032,115.190,ztreamer_pipeline_receive_wait_seconds_sum,30.851327852997535
1791660801.032,115.190,ztreamer_pipeline_receive_wait_seconds_count,3175554.0
1791660801.032,115.190,"ztreamer_pipeline_commit_seconds{outcome=""success"",quantile=""0.5""}",0.8996945111330387
1791660801.032,115.190,"ztreamer_pipeline_commit_seconds{outcome=""success"",quantile=""0.9""}",1.2632654503861882
1791660801.032,115.190,"ztreamer_pipeline_commit_seconds_sum{outcome=""success""}",33.358992318
1791660801.032,115.190,"ztreamer_pipeline_commit_seconds_count{outcome=""success""}",37.0
1791660801.032,115.190,"ztreamer_pipeline_stage_seconds{stage=""txid_read"",quantile=""0.95""}",0.0002811843560904736
1791660801.032,115.190,"ztreamer_pipeline_stage_seconds{stage=""txid_read"",quantile=""0.99""}",0.0008515093915006249
1791660801.032,115.190,"ztreamer_pipeline_stage_seconds_sum{stage=""txid_read""}",1.4692628160000003
1791660801.032,115.190,"ztreamer_pipeline_stage_seconds_count{stage=""txid_read""}",12403.0
1791660801.032,115.190,"ztreamer_pipeline_stage_seconds{stage=""transaction_read"",quantile=""0.5""}",0.00025478257270473184
1791660801.032,115.190,"ztreamer_pipeline_stage_seconds{stage=""transaction_read"",quantile=""0.9""}",0.0005444687387233778
1791660801.032,115.190,"ztreamer_pipeline_stage_seconds{stage=""transaction_read"",quantile=""0.95""}",0.0017427341888389108
1791660801.032,115.190,"ztreamer_pipeline_stage_seconds{stage=""transaction_read"",quantile=""0.99""}",0.004503501728132032
1791660801.032,115.190,"ztreamer_pipeline_stage_seconds{stage=""transaction_read"",quantile=""0.999""}",0.03146435325847274
1791660801.032,115.190,"ztreamer_pipeline_stage_seconds_sum{stage=""transaction_read""}",6.456845682000015
1791660801.032,115.190,"ztreamer_pipeline_stage_seconds_count{stage=""transaction_read""}",12403.0
1791660801.032,115.190,"ztreamer_pipeline_stage_seconds{stage=""header_read"",quantile=""0.5""}",0.0026929984930757394
1791660801.032,115.190,"ztreamer_pipeline_stage_seconds{stage=""header_read"",quantile=""0.9""}",0.005394906439989551
1791660801.032,115.190,"ztreamer_pipeline_stage_seconds{stage=""header_read"",quantile=""0.95""}",0.006250461225247625
1791660801.032,115.190,"ztreamer_pipeline_stage_seconds{stage=""header_read"",quantile=""0.99""}",0.042413014608296745
1791660801.032,115.190,"ztreamer_pipeline_stage_seconds_sum{stage=""header_read""}",55.4684393379999
1791660801.032,115.190,"ztreamer_pipeline_stage_seconds_count{stage=""header_read""}",12403.0
1791660801.032,115.190,"ztreamer_pipeline_stage_seconds{stage=""parse"",quantile=""0.5""}",5.796332717295609e-05
1791660801.032,115.190,"ztreamer_pipeline_stage_seconds{stage=""parse"",quantile=""0.9""}",8.980229411366466e-05
1791660801.032,115.190,"ztreamer_pipeline_stage_seconds{stage=""parse"",quantile=""0.95""}",0.00010787903169983263
1791660801.032,115.190,"ztreamer_pipeline_stage_seconds{stage=""parse"",quantile=""0.99""}",0.00015734022890985964
1791660801.032,115.190,"ztreamer_pipeline_stage_seconds_sum{stage=""parse""}",0.827767385000007
1791660801.032,115.190,"ztreamer_pipeline_stage_seconds_count{stage=""parse""}",12403.0
1791660801.032,115.190,"ztreamer_pipeline_stage_seconds{stage=""worker_send_wait"",quantile=""0.5""}",0.003363746070943244
1791660801.032,115.190,"ztreamer_pipeline_stage_seconds{stage=""worker_send_wait"",quantile=""0.9""}",0.004319999367456075
1791660801.032,115.190,"ztreamer_pipeline_stage_seconds{stage=""worker_send_wait"",quantile=""0.95""}",0.004762892997265337
1791660801.032,115.190,"ztreamer_pipeline_stage_seconds{stage=""worker_send_wait"",quantile=""0.99""}",0.013341176894772133
1791660801.032,115.190,"ztreamer_pipeline_stage_seconds_sum{stage=""worker_send_wait""}",61.69360462399983
1791660801.032,115.190,"ztreamer_pipeline_stage_seconds_count{stage=""worker_send_wait""}",12403.0
1791660801.032,115.190,"ztreamer_pipeline_segment_seconds{outcome=""success"",quantile=""0.5""}",0.008293360525600169
1791660801.032,115.190,"ztreamer_pipeline_segment_seconds{outcome=""success"",quantile=""0.9""}",0.011980199666890942
1791660801.032,115.190,"ztreamer_pipeline_segment_seconds{outcome=""success"",quantile=""0.95""}",0.015515744151307973
1791660801.032,115.190,"ztreamer_pipeline_segment_seconds{outcome=""success"",quantile=""0.99""}",0.09576097722743139
1791660801.032,115.190,"ztreamer_pipeline_segment_seconds_sum{outcome=""success""}",152.91815053099995
1791660801.032,115.190,"ztreamer_pipeline_segment_seconds_count{outcome=""success""}",12403.0
1791660801.032,115.190,"ztreamer_pipeline_batch_send_wait_seconds{quantile=""0.5""}",0.4472220696225839
1791660801.032,115.190,ztreamer_pipeline_batch_send_wait_seconds_sum,4.514391428999999
1791660801.032,115.190,ztreamer_pipeline_batch_send_wait_seconds_count,39.0
1791660803.033,117.190,ztreamer_pipeline_source_blocks,3279872.0
1791660803.033,117.190,ztreamer_pipeline_source_transactions,3826571.0
1791660803.033,117.190,ztreamer_pipeline_source_bytes,6291158649.0
1791660803.033,117.190,ztreamer_pipeline_committed_blocks,3094645.0
1791660803.033,117.190,ztreamer_index_sealed_block_height,3093999.0
1791660803.033,117.190,ztreamer_index_generation,38.0
1791660803.033,117.190,ztreamer_pipeline_ready_bytes,13916768.0
1791660803.033,117.190,ztreamer_pipeline_pending_bytes,13927520.0
1791660803.033,117.190,ztreamer_pipeline_first_missing_height,3279967.0
1791660803.033,117.190,ztreamer_index_durable_block_height,3094644.0
1791660803.033,117.190,ztreamer_pipeline_receive_wait_seconds_sum,32.71967736999789
1791660803.033,117.190,ztreamer_pipeline_receive_wait_seconds_count,3280016.0
1791660803.033,117.190,"ztreamer_pipeline_commit_seconds_sum{outcome=""success""}",34.585762599
1791660803.033,117.190,"ztreamer_pipeline_commit_seconds_count{outcome=""success""}",38.0
1791660803.033,117.190,"ztreamer_pipeline_stage_seconds{stage=""txid_read"",quantile=""0.95""}",0.00027827519264854623
1791660803.033,117.190,"ztreamer_pipeline_stage_seconds{stage=""txid_read"",quantile=""0.99""}",0.0008438801898561303
1791660803.033,117.190,"ztreamer_pipeline_stage_seconds{stage=""txid_read"",quantile=""0.999""}",0.004971170156211985
1791660803.033,117.190,"ztreamer_pipeline_stage_seconds_sum{stage=""txid_read""}",1.4765543879999992
1791660803.033,117.190,"ztreamer_pipeline_stage_seconds_count{stage=""txid_read""}",12812.0
1791660803.033,117.190,"ztreamer_pipeline_stage_seconds{stage=""transaction_read"",quantile=""0.5""}",0.0002583229446004144
1791660803.033,117.190,"ztreamer_pipeline_stage_seconds{stage=""transaction_read"",quantile=""0.9""}",0.0009416282237454122
1791660803.033,117.190,"ztreamer_pipeline_stage_seconds{stage=""transaction_read"",quantile=""0.95""}",0.0024420925004236082
1791660803.033,117.190,"ztreamer_pipeline_stage_seconds{stage=""transaction_read"",quantile=""0.99""}",0.005402464598507194
1791660803.033,117.190,"ztreamer_pipeline_stage_seconds{stage=""transaction_read"",quantile=""0.999""}",0.03300487449777126
1791660803.033,117.190,"ztreamer_pipeline_stage_seconds_sum{stage=""transaction_read""}",8.31319450900001
1791660803.033,117.190,"ztreamer_pipeline_stage_seconds_count{stage=""transaction_read""}",12812.0
1791660803.033,117.190,"ztreamer_pipeline_stage_seconds{stage=""header_read"",quantile=""0.5""}",0.0027369803600534657
1791660803.033,117.190,"ztreamer_pipeline_stage_seconds{stage=""header_read"",quantile=""0.9""}",0.005473155131431894
1791660803.033,117.190,"ztreamer_pipeline_stage_seconds{stage=""header_read"",quantile=""0.95""}",0.006374178736702544
1791660803.033,117.190,"ztreamer_pipeline_stage_seconds{stage=""header_read"",quantile=""0.99""}",0.04250642595555245
1791660803.033,117.190,"ztreamer_pipeline_stage_seconds{stage=""header_read"",quantile=""0.999""}",0.206078109389773
1791660803.033,117.190,"ztreamer_pipeline_stage_seconds_sum{stage=""header_read""}",58.48809636799989
1791660803.033,117.190,"ztreamer_pipeline_stage_seconds_count{stage=""header_read""}",12812.0
1791660803.033,117.190,"ztreamer_pipeline_stage_seconds{stage=""parse"",quantile=""0.5""}",5.837049388542161e-05
1791660803.033,117.190,"ztreamer_pipeline_stage_seconds{stage=""parse"",quantile=""0.9""}",9.112302549067031e-05
1791660803.033,117.190,"ztreamer_pipeline_stage_seconds{stage=""parse"",quantile=""0.95""}",0.00010865856367821676
1791660803.033,117.190,"ztreamer_pipeline_stage_seconds{stage=""parse"",quantile=""0.99""}",0.000155028740719111
1791660803.033,117.190,"ztreamer_pipeline_stage_seconds{stage=""parse"",quantile=""0.999""}",0.0006156080806381265
1791660803.033,117.190,"ztreamer_pipeline_stage_seconds_sum{stage=""parse""}",0.862208796000007
1791660803.033,117.190,"ztreamer_pipeline_stage_seconds_count{stage=""parse""}",12812.0
1791660803.033,117.190,"ztreamer_pipeline_stage_seconds{stage=""worker_send_wait"",quantile=""0.5""}",0.003358368380511395
1791660803.033,117.190,"ztreamer_pipeline_stage_seconds{stage=""worker_send_wait"",quantile=""0.9""}",0.004316544749981829
1791660803.033,117.190,"ztreamer_pipeline_stage_seconds{stage=""worker_send_wait"",quantile=""0.95""}",0.00477051972584221
1791660803.033,117.190,"ztreamer_pipeline_stage_seconds_sum{stage=""worker_send_wait""}",63.04249993099973
1791660803.033,117.190,"ztreamer_pipeline_stage_seconds_count{stage=""worker_send_wait""}",12812.0
1791660803.033,117.190,"ztreamer_pipeline_segment_seconds{outcome=""success"",quantile=""0.5""}",0.00836833766159749
1791660803.033,117.190,"ztreamer_pipeline_segment_seconds{outcome=""success"",quantile=""0.9""}",0.012698136614447752
1791660803.033,117.190,"ztreamer_pipeline_segment_seconds{outcome=""success"",quantile=""0.95""}",0.017014318604585504
1791660803.033,117.190,"ztreamer_pipeline_segment_seconds{outcome=""success"",quantile=""0.99""}",0.0909814160100873
1791660803.033,117.190,"ztreamer_pipeline_segment_seconds{outcome=""success"",quantile=""0.999""}",0.4547988673126519
1791660803.033,117.190,"ztreamer_pipeline_segment_seconds_sum{outcome=""success""}",160.79307153299985
1791660803.033,117.190,"ztreamer_pipeline_segment_seconds_count{outcome=""success""}",12812.0
1791660803.033,117.190,"ztreamer_pipeline_batch_send_wait_seconds{quantile=""0.5""}",0.4250705993007602
1791660803.033,117.190,ztreamer_pipeline_batch_send_wait_seconds_sum,4.514392054999999
1791660803.033,117.190,ztreamer_pipeline_batch_send_wait_seconds_count,40.0
1791660805.870,120.028,ztreamer_pipeline_committed_blocks,3222872.0
1791660805.870,120.028,ztreamer_pipeline_source_bytes,6637618536.0
1791660805.870,120.028,ztreamer_pipeline_source_blocks,3391232.0
1791660805.870,120.028,ztreamer_pipeline_source_transactions,3940269.0
1791660805.870,120.028,ztreamer_pipeline_pending_bytes,12006136.0
1791660805.870,120.028,ztreamer_pipeline_ready_bytes,11876920.0
1791660805.870,120.028,ztreamer_pipeline_first_missing_height,3391421.0
1791660805.870,120.028,ztreamer_index_durable_block_height,3222871.0
1791660805.870,120.028,ztreamer_index_sealed_block_height,3221999.0
1791660805.870,120.028,ztreamer_index_generation,40.0
1791660805.870,120.028,ztreamer_pipeline_receive_wait_seconds_sum,35.02165070199873
1791660805.870,120.028,ztreamer_pipeline_receive_wait_seconds_count,3391790.0
1791660805.870,120.028,"ztreamer_pipeline_commit_seconds{outcome=""success"",quantile=""0.5""}",0.9228394481575909
1791660805.870,120.028,"ztreamer_pipeline_commit_seconds{outcome=""success"",quantile=""0.9""}",1.2810755465266572
1791660805.870,120.028,"ztreamer_pipeline_commit_seconds{outcome=""success"",quantile=""0.95""}",1.374788630543754
1791660805.870,120.028,"ztreamer_pipeline_commit_seconds{outcome=""success"",quantile=""0.99""}",1.4064938777849698
1791660805.870,120.028,"ztreamer_pipeline_commit_seconds{outcome=""success"",quantile=""0.999""}",1.4064938777849698
1791660805.870,120.028,"ztreamer_pipeline_commit_seconds{outcome=""success"",quantile=""1""}",1.5578860639999998
1791660805.870,120.028,"ztreamer_pipeline_commit_seconds_sum{outcome=""success""}",37.550177511
1791660805.870,120.028,"ztreamer_pipeline_commit_seconds_count{outcome=""success""}",40.0
1791660805.870,120.028,"ztreamer_pipeline_stage_seconds{stage=""txid_read"",quantile=""0.99""}",0.0008426995842031855
1791660805.870,120.028,"ztreamer_pipeline_stage_seconds_sum{stage=""txid_read""}",1.4886890789999965
1791660805.870,120.028,"ztreamer_pipeline_stage_seconds_count{stage=""txid_read""}",13247.0
1791660805.870,120.028,"ztreamer_pipeline_stage_seconds{stage=""transaction_read"",quantile=""0.5""}",0.00026206970696031107
1791660805.870,120.028,"ztreamer_pipeline_stage_seconds{stage=""transaction_read"",quantile=""0.9""}",0.0017368189541744124
1791660805.870,120.028,"ztreamer_pipeline_stage_seconds{stage=""transaction_read"",quantile=""0.95""}",0.0037204895360363785
1791660805.870,120.028,"ztreamer_pipeline_stage_seconds{stage=""transaction_read"",quantile=""0.99""}",0.010305268390927592
1791660805.870,120.028,"ztreamer_pipeline_stage_seconds{stage=""transaction_read"",quantile=""0.999""}",0.03310403779216423
1791660805.870,120.028,"ztreamer_pipeline_stage_seconds_sum{stage=""transaction_read""}",11.441260609000022
1791660805.870,120.028,"ztreamer_pipeline_stage_seconds_count{stage=""transaction_read""}",13247.0
1791660805.870,120.028,"ztreamer_pipeline_stage_seconds{stage=""header_read"",quantile=""0.5""}",0.0027855776159536254
1791660805.870,120.028,"ztreamer_pipeline_stage_seconds{stage=""header_read"",quantile=""0.9""}",0.0056658405345408865
1791660805.870,120.028,"ztreamer_pipeline_stage_seconds{stage=""header_read"",quantile=""0.95""}",0.006614440789466991
1791660805.870,120.028,"ztreamer_pipeline_stage_seconds{stage=""header_read"",quantile=""0.99""}",0.042413014608296745
1791660805.870,120.028,"ztreamer_pipeline_stage_seconds_sum{stage=""header_read""}",61.73683794899994
1791660805.870,120.028,"ztreamer_pipeline_stage_seconds_count{stage=""header_read""}",13247.0
1791660805.870,120.028,"ztreamer_pipeline_stage_seconds{stage=""parse"",quantile=""0.5""}",5.892176343750137e-05
1791660805.870,120.028,"ztreamer_pipeline_stage_seconds{stage=""parse"",quantile=""0.9""}",9.374801788321188e-05
1791660805.870,120.028,"ztreamer_pipeline_stage_seconds{stage=""parse"",quantile=""0.95""}",0.00011032278992940266
1791660805.870,120.028,"ztreamer_pipeline_stage_seconds{stage=""parse"",quantile=""0.99""}",0.0001524155273662599
1791660805.870,120.028,"ztreamer_pipeline_stage_seconds_sum{stage=""parse""}",0.9025395450000069
1791660805.870,120.028,"ztreamer_pipeline_stage_seconds_count{stage=""parse""}",13247.0
1791660805.870,120.028,"ztreamer_pipeline_stage_seconds{stage=""worker_send_wait"",quantile=""0.5""}",0.0033516583559892034
1791660805.870,120.028,"ztreamer_pipeline_stage_seconds{stage=""worker_send_wait"",quantile=""0.9""}",0.004305336310879436
1791660805.870,120.028,"ztreamer_pipeline_stage_seconds{stage=""worker_send_wait"",quantile=""0.95""}",0.004751475760198594
1791660805.870,120.028,"ztreamer_pipeline_stage_seconds{stage=""worker_send_wait"",quantile=""0.99""}",0.013365212638942943
1791660805.870,120.028,"ztreamer_pipeline_stage_seconds_sum{stage=""worker_send_wait""}",66.17519518199975
1791660805.870,120.028,"ztreamer_pipeline_stage_seconds_count{stage=""worker_send_wait""}",13247.0
1791660805.870,120.028,"ztreamer_pipeline_segment_seconds{outcome=""success"",quantile=""0.5""}",0.008450750534456224
1791660805.870,120.028,"ztreamer_pipeline_segment_seconds{outcome=""success"",quantile=""0.9""}",0.014061706613363725
1791660805.870,120.028,"ztreamer_pipeline_segment_seconds{outcome=""success"",quantile=""0.95""}",0.019364766611865477
1791660805.870,120.028,"ztreamer_pipeline_segment_seconds{outcome=""success"",quantile=""0.99""}",0.09442966447577525
1791660805.870,120.028,"ztreamer_pipeline_segment_seconds_sum{outcome=""success""}",172.12396300699976
1791660805.870,120.028,"ztreamer_pipeline_segment_seconds_count{outcome=""success""}",13247.0
1791660805.870,120.028,"ztreamer_pipeline_batch_send_wait_seconds{quantile=""0.5""}",0.40685435488134486
1791660805.870,120.028,ztreamer_pipeline_batch_send_wait_seconds_sum,4.959060932999999
1791660805.870,120.028,ztreamer_pipeline_batch_send_wait_seconds_count,42.0
1791660807.870,122.028,ztreamer_pipeline_source_transactions,4058993.0
1791660807.870,122.028,ztreamer_pipeline_source_blocks,3500800.0
1791660807.870,122.028,ztreamer_pipeline_source_bytes,6829703538.0
1791660807.870,122.028,ztreamer_pipeline_committed_blocks,3291844.0
1791660807.870,122.028,ztreamer_pipeline_first_missing_height,3500932.0
1791660807.870,122.028,ztreamer_index_durable_block_height,3291843.0
1791660807.870,122.028,ztreamer_pipeline_pending_bytes,16839660.0
1791660807.870,122.028,ztreamer_pipeline_ready_bytes,16829484.0
1791660807.870,122.028,ztreamer_index_sealed_block_height,3290999.0
1791660807.870,122.028,ztreamer_index_generation,41.0
1791660807.870,122.028,"ztreamer_pipeline_receive_wait_seconds{quantile=""0.9""}",0.506465026382546
1791660807.870,122.028,"ztreamer_pipeline_receive_wait_seconds{quantile=""0.95""}",0.506465026382546
1791660807.870,122.028,"ztreamer_pipeline_receive_wait_seconds{quantile=""0.99""}",0.506465026382546
1791660807.870,122.028,"ztreamer_pipeline_receive_wait_seconds{quantile=""0.999""}",0.506465026382546
1791660807.870,122.028,ztreamer_pipeline_receive_wait_seconds_sum,36.49166349599873
1791660807.870,122.028,ztreamer_pipeline_receive_wait_seconds_count,3500985.0
1791660807.870,122.028,"ztreamer_pipeline_commit_seconds{outcome=""success"",quantile=""0.5""}",0.9687971726946205
1791660807.870,122.028,"ztreamer_pipeline_commit_seconds{outcome=""success"",quantile=""0.9""}",1.3559468546511386
1791660807.870,122.028,"ztreamer_pipeline_commit_seconds{outcome=""success"",quantile=""0.95""}",1.4064938777849698
1791660807.870,122.028,"ztreamer_pipeline_commit_seconds{outcome=""success"",quantile=""0.99""}",1.557839610643615
1791660807.870,122.028,"ztreamer_pipeline_commit_seconds{outcome=""success"",quantile=""0.999""}",1.557839610643615
1791660807.870,122.028,"ztreamer_pipeline_commit_seconds{outcome=""success"",quantile=""1""}",1.5688467080000001
1791660807.870,122.028,"ztreamer_pipeline_commit_seconds_sum{outcome=""success""}",39.119024219
1791660807.870,122.028,"ztreamer_pipeline_commit_seconds_count{outcome=""success""}",41.0
1791660807.870,122.028,"ztreamer_pipeline_stage_seconds{stage=""txid_read"",quantile=""0.99""}",0.0008296554791985495
1791660807.870,122.028,"ztreamer_pipeline_stage_seconds{stage=""txid_read"",quantile=""0.999""}",0.004806913798178169
1791660807.870,122.028,"ztreamer_pipeline_stage_seconds_sum{stage=""txid_read""}",1.5085679589999985
1791660807.870,122.028,"ztreamer_pipeline_stage_seconds_count{stage=""txid_read""}",13675.0
1791660807.870,122.028,"ztreamer_pipeline_stage_seconds{stage=""transaction_read"",quantile=""0.5""}",0.00030423807184006273
1791660807.870,122.028,"ztreamer_pipeline_stage_seconds{stage=""transaction_read"",quantile=""0.9""}",0.1557504844013578
1791660807.870,122.028,"ztreamer_pipeline_stage_seconds{stage=""transaction_read"",quantile=""0.95""}",0.1557504844013578
1791660807.870,122.028,"ztreamer_pipeline_stage_seconds{stage=""transaction_read"",quantile=""0.99""}",0.1557504844013578
1791660807.870,122.028,"ztreamer_pipeline_stage_seconds{stage=""transaction_read"",quantile=""0.999""}",0.1557504844013578
1791660807.870,122.028,"ztreamer_pipeline_stage_seconds{stage=""transaction_read"",quantile=""1""}",0.155750988
1791660807.870,122.028,"ztreamer_pipeline_stage_seconds_sum{stage=""transaction_read""}",12.270292854000019
1791660807.870,122.028,"ztreamer_pipeline_stage_seconds_count{stage=""transaction_read""}",13675.0
1791660807.870,122.028,"ztreamer_pipeline_stage_seconds{stage=""header_read"",quantile=""0.5""}",0.002811885498968023
1791660807.870,122.028,"ztreamer_pipeline_stage_seconds{stage=""header_read"",quantile=""0.9""}",0.005674913135571729
1791660807.870,122.028,"ztreamer_pipeline_stage_seconds{stage=""header_read"",quantile=""0.95""}",0.006667568543628746
1791660807.870,122.028,"ztreamer_pipeline_stage_seconds{stage=""header_read"",quantile=""0.99""}",0.042805014779885076
1791660807.870,122.028,"ztreamer_pipeline_stage_seconds{stage=""header_read"",quantile=""0.999""}",0.19256914200614936
1791660807.870,122.028,"ztreamer_pipeline_stage_seconds_sum{stage=""header_read""}",64.31835525399995
1791660807.870,122.028,"ztreamer_pipeline_stage_seconds_count{stage=""header_read""}",13675.0
1791660807.870,122.028,"ztreamer_pipeline_stage_seconds{stage=""parse"",quantile=""0.5""}",5.8698285612479806e-05
1791660807.870,122.028,"ztreamer_pipeline_stage_seconds{stage=""parse"",quantile=""0.9""}",9.346719527315824e-05
1791660807.870,122.028,"ztreamer_pipeline_stage_seconds{stage=""parse"",quantile=""0.95""}",0.00010977255271727889
1791660807.870,122.028,"ztreamer_pipeline_stage_seconds{stage=""parse"",quantile=""0.99""}",0.0001511708302702462
1791660807.870,122.028,"ztreamer_pipeline_stage_seconds{stage=""parse"",quantile=""0.999""}",0.0006000485257740629
1791660807.870,122.028,"ztreamer_pipeline_stage_seconds_sum{stage=""parse""}",0.927568591000007
1791660807.870,122.028,"ztreamer_pipeline_stage_seconds_count{stage=""parse""}",13675.0
1791660807.870,122.028,"ztreamer_pipeline_stage_seconds{stage=""worker_send_wait"",quantile=""0.5""}",0.003352328754700272
1791660807.870,122.028,"ztreamer_pipeline_stage_seconds{stage=""worker_send_wait"",quantile=""0.9""}",0.004337313971104777
1791660807.870,122.028,"ztreamer_pipeline_stage_seconds{stage=""worker_send_wait"",quantile=""0.95""}",0.004797309577971408
1791660807.870,122.028,"ztreamer_pipeline_stage_seconds{stage=""worker_send_wait"",quantile=""0.999""}",0.43827881475892894
1791660807.870,122.028,"ztreamer_pipeline_stage_seconds_sum{stage=""worker_send_wait""}",67.91877898599967
1791660807.870,122.028,"ztreamer_pipeline_stage_seconds_count{stage=""worker_send_wait""}",13675.0
1791660807.870,122.028,"ztreamer_pipeline_segment_seconds{outcome=""success"",quantile=""0.5""}",0.008510113315731937
1791660807.870,122.028,"ztreamer_pipeline_segment_seconds{outcome=""success"",quantile=""0.9""}",0.014211553489343942
1791660807.870,122.028,"ztreamer_pipeline_segment_seconds{outcome=""success"",quantile=""0.95""}",0.021065892452041296
1791660807.870,122.028,"ztreamer_pipeline_segment_seconds{outcome=""success"",quantile=""0.999""}",0.4534365152560216
1791660807.870,122.028,"ztreamer_pipeline_segment_seconds_sum{outcome=""success""}",178.63639310599945
1791660807.870,122.028,"ztreamer_pipeline_segment_seconds_count{outcome=""success""}",13675.0
1791660807.870,122.028,ztreamer_pipeline_batch_send_wait_seconds_sum,5.001894021999999
1791660807.870,122.028,ztreamer_pipeline_batch_send_wait_seconds_count,43.0
1791660810.704,124.861,ztreamer_pipeline_source_blocks,3594240.0
1791660810.704,124.861,ztreamer_pipeline_source_bytes,7164114660.0
1791660810.704,124.861,ztreamer_pipeline_source_transactions,4152791.0
1791660810.704,124.861,ztreamer_pipeline_committed_blocks,3413433.0
1791660810.704,124.861,ztreamer_pipeline_ready_bytes,13480380.0
1791660810.704,124.861,ztreamer_pipeline_first_missing_height,3594460.0
1791660810.704,124.861,ztreamer_index_sealed_block_height,3412999.0
1791660810.704,124.861,ztreamer_pipeline_pending_bytes,13552572.0
1791660810.704,124.861,ztreamer_index_generation,43.0
1791660810.704,124.861,ztreamer_index_durable_block_height,3413432.0
1791660810.704,124.861,ztreamer_pipeline_receive_wait_seconds_sum,39.074791334998395
1791660810.704,124.861,ztreamer_pipeline_receive_wait_seconds_count,3594796.0
1791660810.704,124.861,"ztreamer_pipeline_commit_seconds{outcome=""success"",quantile=""0.5""}",0.9929251404657734
1791660810.704,124.861,"ztreamer_pipeline_commit_seconds{outcome=""success"",quantile=""0.9""}",1.374788630543754
1791660810.704,124.861,"ztreamer_pipeline_commit_seconds{outcome=""success"",quantile=""0.95""}",1.4712317811748092
1791660810.704,124.861,"ztreamer_pipeline_commit_seconds_sum{outcome=""success""}",42.08999412
1791660810.704,124.861,"ztreamer_pipeline_commit_seconds_count{outcome=""success""}",43.0
1791660810.704,124.861,"ztreamer_pipeline_stage_seconds{stage=""txid_read"",quantile=""0.99""}",0.0008278322434329487
1791660810.704,124.861,"ztreamer_pipeline_stage_seconds_sum{stage=""txid_read""}",1.5167202759999987
1791660810.704,124.861,"ztreamer_pipeline_stage_seconds_count{stage=""txid_read""}",14042.0
1791660810.704,124.861,"ztreamer_pipeline_stage_seconds{stage=""transaction_read"",quantile=""0.5""}",0.0003043597914114963
1791660810.704,124.861,"ztreamer_pipeline_stage_seconds_sum{stage=""transaction_read""}",16.968377588000006
1791660810.704,124.861,"ztreamer_pipeline_stage_seconds_count{stage=""transaction_read""}",14042.0
1791660810.704,124.861,"ztreamer_pipeline_stage_seconds{stage=""header_read"",quantile=""0.5""}",0.0028515287513480375
1791660810.704,124.861,"ztreamer_pipeline_stage_seconds{stage=""header_read"",quantile=""0.9""}",0.005852420034695277
1791660810.704,124.861,"ztreamer_pipeline_stage_seconds{stage=""header_read"",quantile=""0.95""}",0.0073629101662384296
1791660810.704,124.861,"ztreamer_pipeline_stage_seconds{stage=""header_read"",quantile=""0.99""}",0.04226905522777641
1791660810.704,124.861,"ztreamer_pipeline_stage_seconds_sum{stage=""header_read""}",67.4615407929999
1791660810.704,124.861,"ztreamer_pipeline_stage_seconds_count{stage=""header_read""}",14040.0
1791660810.704,124.861,"ztreamer_pipeline_stage_seconds{stage=""parse"",quantile=""0.5""}",5.887464487653171e-05
1791660810.704,124.861,"ztreamer_pipeline_stage_seconds{stage=""parse"",quantile=""0.9""}",9.65837514044223e-05
1791660810.704,124.861,"ztreamer_pipeline_stage_seconds{stage=""parse"",quantile=""0.95""}",0.00011519317742130587
1791660810.704,124.861,"ztreamer_pipeline_stage_seconds{stage=""parse"",quantile=""0.99""}",0.00015901690603137975
1791660810.704,124.861,"ztreamer_pipeline_stage_seconds_sum{stage=""parse""}",0.9637956930000072
1791660810.704,124.861,"ztreamer_pipeline_stage_seconds_count{stage=""parse""}",14040.0
1791660810.704,124.861,"ztreamer_pipeline_stage_seconds{stage=""worker_send_wait"",quantile=""0.5""}",0.003346969317368099
1791660810.704,124.861,"ztreamer_pipeline_stage_seconds{stage=""worker_send_wait"",quantile=""0.9""}",0.004348605660302263
1791660810.704,124.861,"ztreamer_pipeline_stage_seconds{stage=""worker_send_wait"",quantile=""0.95""}",0.004811723116250635
1791660810.704,124.861,"ztreamer_pipeline_stage_seconds{stage=""worker_send_wait"",quantile=""0.99""}",0.013448334368677201
1791660810.704,124.861,"ztreamer_pipeline_stage_seconds{stage=""worker_send_wait"",quantile=""0.999""}",0.44731152298184435
1791660810.704,124.861,"ztreamer_pipeline_stage_seconds{stage=""worker_send_wait"",quantile=""1""}",0.585720169
1791660810.704,124.861,"ztreamer_pipeline_stage_seconds_sum{stage=""worker_send_wait""}",71.47099100999951
1791660810.704,124.861,"ztreamer_pipeline_stage_seconds_count{stage=""worker_send_wait""}",14042.0
1791660810.704,124.861,"ztreamer_pipeline_segment_seconds{outcome=""success"",quantile=""0.5""}",0.0085681792870275
1791660810.704,124.861,"ztreamer_pipeline_segment_seconds{outcome=""success"",quantile=""0.9""}",0.0153122821314237
1791660810.704,124.861,"ztreamer_pipeline_segment_seconds{outcome=""success"",quantile=""0.95""}",0.0333832828980346
1791660810.704,124.861,"ztreamer_pipeline_segment_seconds{outcome=""success"",quantile=""0.99""}",0.09585678610143115
1791660810.704,124.861,"ztreamer_pipeline_segment_seconds{outcome=""success"",quantile=""0.999""}",0.46705885214120485
1791660810.704,124.861,"ztreamer_pipeline_segment_seconds{outcome=""success"",quantile=""1""}",0.591007689
1791660810.704,124.861,"ztreamer_pipeline_segment_seconds_sum{outcome=""success""}",191.62878575999918
1791660810.704,124.861,"ztreamer_pipeline_segment_seconds_count{outcome=""success""}",14042.0
1791660810.704,124.861,"ztreamer_pipeline_batch_send_wait_seconds{quantile=""0.5""}",0.5700107795314554
1791660810.704,124.861,"ztreamer_pipeline_batch_send_wait_seconds{quantile=""0.9""}",0.5700107795314554
1791660810.704,124.861,"ztreamer_pipeline_batch_send_wait_seconds{quantile=""0.95""}",0.5700107795314554
1791660810.704,124.861,"ztreamer_pipeline_batch_send_wait_seconds{quantile=""0.99""}",0.5700107795314554
1791660810.704,124.861,"ztreamer_pipeline_batch_send_wait_seconds{quantile=""0.999""}",0.5700107795314554
1791660810.704,124.861,"ztreamer_pipeline_batch_send_wait_seconds{quantile=""1""}",0.570051747
1791660810.704,124.861,ztreamer_pipeline_batch_send_wait_seconds_sum,5.571946875999999
1791660810.704,124.861,ztreamer_pipeline_batch_send_wait_seconds_count,45.0
1791660812.704,126.862,ztreamer_pipeline_source_transactions,4240355.0
1791660812.704,126.862,ztreamer_pipeline_source_blocks,3680768.0
1791660812.704,126.862,ztreamer_pipeline_committed_blocks,3500932.0
1791660812.704,126.862,ztreamer_pipeline_source_bytes,7328164920.0
1791660812.704,126.862,ztreamer_pipeline_ready_bytes,16777296.0
1791660812.704,126.862,ztreamer_index_generation,44.0
1791660812.704,126.862,ztreamer_index_sealed_block_height,3499999.0
1791660812.704,126.862,ztreamer_pipeline_pending_bytes,16796304.0
1791660812.704,126.862,ztreamer_index_durable_block_height,3500931.0
1791660812.704,126.862,ztreamer_pipeline_first_missing_height,3680970.0
1791660812.704,126.862,ztreamer_pipeline_receive_wait_seconds_sum,40.448495941998466
1791660812.704,126.862,ztreamer_pipeline_receive_wait_seconds_count,3681053.0
1791660812.704,126.862,"ztreamer_pipeline_commit_seconds{outcome=""success"",quantile=""0.9""}",1.4064938777849698
1791660812.704,126.862,"ztreamer_pipeline_commit_seconds{outcome=""success"",quantile=""0.95""}",1.4997523528095473
1791660812.704,126.862,"ztreamer_pipeline_commit_seconds{outcome=""success"",quantile=""0.99""}",1.568782744237751
1791660812.704,126.862,"ztreamer_pipeline_commit_seconds{outcome=""success"",quantile=""0.999""}",1.568782744237751
1791660812.704,126.862,"ztreamer_pipeline_commit_seconds{outcome=""success"",quantile=""1""}",1.9041348
1791660812.704,126.862,"ztreamer_pipeline_commit_seconds_sum{outcome=""success""}",43.99412892
1791660812.704,126.862,"ztreamer_pipeline_commit_seconds_count{outcome=""success""}",44.0
1791660812.704,126.862,"sync_stage_duration_seconds_sum{stage=""obtain_tips""}",24.014862764
1791660812.704,126.862,"sync_stage_duration_seconds_count{stage=""obtain_tips""}",4.0
1791660812.704,126.862,"ztreamer_pipeline_stage_seconds{stage=""txid_read"",quantile=""0.99""}",0.000823868170038422
1791660812.704,126.862,"ztreamer_pipeline_stage_seconds_sum{stage=""txid_read""}",1.521989685000001
1791660812.704,126.862,"ztreamer_pipeline_stage_seconds_count{stage=""txid_read""}",14378.0
1791660812.704,126.862,"ztreamer_pipeline_stage_seconds{stage=""transaction_read"",quantile=""0.5""}",0.0003087742804615898
1791660812.704,126.862,"ztreamer_pipeline_stage_seconds_sum{stage=""transaction_read""}",18.07989004999999
1791660812.704,126.862,"ztreamer_pipeline_stage_seconds_count{stage=""transaction_read""}",14378.0
1791660812.704,126.862,"ztreamer_pipeline_stage_seconds{stage=""header_read"",quantile=""0.5""}",0.0028876853217790987
1791660812.704,126.862,"ztreamer_pipeline_stage_seconds{stage=""header_read"",quantile=""0.9""}",0.005870003657103873
1791660812.704,126.862,"ztreamer_pipeline_stage_seconds{stage=""header_read"",quantile=""0.95""}",0.007444349272245557
1791660812.704,126.862,"ztreamer_pipeline_stage_seconds{stage=""header_read"",quantile=""0.99""}",0.041656410210613046
1791660812.704,126.862,"ztreamer_pipeline_stage_seconds_sum{stage=""header_read""}",69.71597354299983
1791660812.704,126.862,"ztreamer_pipeline_stage_seconds_count{stage=""header_read""}",14378.0
1791660812.704,126.862,"ztreamer_pipeline_stage_seconds{stage=""parse"",quantile=""0.5""}",5.925265093412604e-05
1791660812.704,126.862,"ztreamer_pipeline_stage_seconds{stage=""parse"",quantile=""0.9""}",9.654512562940181e-05
1791660812.704,126.862,"ztreamer_pipeline_stage_seconds{stage=""parse"",quantile=""0.95""}",0.00011514710936440924
1791660812.704,126.862,"ztreamer_pipeline_stage_seconds{stage=""parse"",quantile=""0.99""}",0.00015847716662601208
1791660812.704,126.862,"ztreamer_pipeline_stage_seconds_sum{stage=""parse""}",0.9905885140000069
1791660812.704,126.862,"ztreamer_pipeline_stage_seconds_count{stage=""parse""}",14378.0
1791660812.704,126.862,"ztreamer_pipeline_stage_seconds{stage=""worker_send_wait"",quantile=""0.9""}",0.004357311574664277
1791660812.704,126.862,"ztreamer_pipeline_stage_seconds{stage=""worker_send_wait"",quantile=""0.95""}",0.004815574034918559
1791660812.704,126.862,"ztreamer_pipeline_stage_seconds{stage=""worker_send_wait"",quantile=""0.99""}",0.013521151804641609
1791660812.704,126.862,"ztreamer_pipeline_stage_seconds{stage=""worker_send_wait"",quantile=""0.999""}",0.455071828514121
1791660812.704,126.862,"ztreamer_pipeline_stage_seconds_sum{stage=""worker_send_wait""}",74.4381476669994
1791660812.704,126.862,"ztreamer_pipeline_stage_seconds_count{stage=""worker_send_wait""}",14378.0
1791660812.704,126.862,"ztreamer_pipeline_segment_seconds{outcome=""success"",quantile=""0.5""}",0.00863354552690915
1791660812.704,126.862,"ztreamer_pipeline_segment_seconds{outcome=""success"",quantile=""0.9""}",0.0156341130392784
1791660812.704,126.862,"ztreamer_pipeline_segment_seconds{outcome=""success"",quantile=""0.95""}",0.0353838415606316
1791660812.704,126.862,"ztreamer_pipeline_segment_seconds{outcome=""success"",quantile=""0.99""}",0.0959526908322256
1791660812.704,126.862,"ztreamer_pipeline_segment_seconds_sum{outcome=""success""}",199.19627609099928
1791660812.704,126.862,"ztreamer_pipeline_segment_seconds_count{outcome=""success""}",14378.0
1791660812.704,126.862,ztreamer_pipeline_batch_send_wait_seconds_sum,6.017293189999999
1791660812.704,126.862,ztreamer_pipeline_batch_send_wait_seconds_count,46.0
1791660814.704,128.862,ztreamer_pipeline_source_bytes,7507862800.0
1791660814.704,128.862,ztreamer_pipeline_source_blocks,3758336.0
1791660814.704,128.862,ztreamer_pipeline_committed_blocks,3608063.0
1791660814.704,128.862,ztreamer_pipeline_source_transactions,4321247.0
1791660814.704,128.862,ztreamer_pipeline_ready_bytes,4553184.0
1791660814.704,128.862,ztreamer_pipeline_first_missing_height,3758580.0
1791660814.704,128.862,ztreamer_index_durable_block_height,3608062.0
1791660814.704,128.862,ztreamer_index_sealed_block_height,3607999.0
1791660814.704,128.862,ztreamer_pipeline_pending_bytes,4585824.0
1791660814.704,128.862,ztreamer_index_generation,46.0
1791660814.704,128.862,ztreamer_pipeline_receive_wait_seconds_sum,42.108453477998495
1791660814.704,128.862,ztreamer_pipeline_receive_wait_seconds_count,3758750.0
1791660814.704,128.862,"ztreamer_pipeline_commit_seconds{outcome=""success"",quantile=""0.5""}",1.0203033602287788
1791660814.704,128.862,"ztreamer_pipeline_commit_seconds{outcome=""success"",quantile=""0.9""}",1.4712317811748092
1791660814.704,128.862,"ztreamer_pipeline_commit_seconds{outcome=""success"",quantile=""0.95""}",1.557839610643615
1791660814.704,128.862,"ztreamer_pipeline_commit_seconds_sum{outcome=""success""}",46.893905258000004
1791660814.704,128.862,"ztreamer_pipeline_commit_seconds_count{outcome=""success""}",46.0
1791660814.704,128.862,"ztreamer_pipeline_stage_seconds{stage=""txid_read"",quantile=""0.9""}",0.19524501724791654
1791660814.704,128.862,"ztreamer_pipeline_stage_seconds{stage=""txid_read"",quantile=""0.95""}",0.19524501724791654
1791660814.704,128.862,"ztreamer_pipeline_stage_seconds{stage=""txid_read"",quantile=""0.99""}",0.19524501724791654
1791660814.704,128.862,"ztreamer_pipeline_stage_seconds{stage=""txid_read"",quantile=""0.999""}",0.19524501724791654
1791660814.704,128.862,"ztreamer_pipeline_stage_seconds_sum{stage=""txid_read""}",1.5619004690000016
1791660814.704,128.862,"ztreamer_pipeline_stage_seconds_count{stage=""txid_read""}",14682.0
1791660814.704,128.862,"ztreamer_pipeline_stage_seconds{stage=""transaction_read"",quantile=""0.5""}",0.00031319015375812757
1791660814.704,128.862,"ztreamer_pipeline_stage_seconds_sum{stage=""transaction_read""}",20.05639449399996
1791660814.704,128.862,"ztreamer_pipeline_stage_seconds_count{stage=""transaction_read""}",14682.0
1791660814.704,128.862,"ztreamer_pipeline_stage_seconds{stage=""header_read"",quantile=""0.5""}",0.0029202091911779324
1791660814.704,128.862,"ztreamer_pipeline_stage_seconds{stage=""header_read"",quantile=""0.9""}",0.0059945771782470335
1791660814.704,128.862,"ztreamer_pipeline_stage_seconds{stage=""header_read"",quantile=""0.95""}",0.007771438308914625
1791660814.704,128.862,"ztreamer_pipeline_stage_seconds{stage=""header_read"",quantile=""0.99""}",0.04226905522777641
1791660814.704,128.862,"ztreamer_pipeline_stage_seconds{stage=""header_read"",quantile=""0.999""}",0.1912258649623256
1791660814.704,128.862,"ztreamer_pipeline_stage_seconds_sum{stage=""header_read""}",72.39224629199988
1791660814.704,128.862,"ztreamer_pipeline_stage_seconds_count{stage=""header_read""}",14681.0
1791660814.704,128.862,"ztreamer_pipeline_stage_seconds{stage=""parse"",quantile=""0.5""}",5.9478239354969305e-05
1791660814.704,128.862,"ztreamer_pipeline_stage_seconds{stage=""parse"",quantile=""0.9""}",9.900897694441271e-05
1791660814.704,128.862,"ztreamer_pipeline_stage_seconds{stage=""parse"",quantile=""0.95""}",0.00011719163756841756
1791660814.704,128.862,"ztreamer_pipeline_stage_seconds{stage=""parse"",quantile=""0.99""}",0.00016055081933782887
1791660814.704,128.862,"ztreamer_pipeline_stage_seconds{stage=""parse"",quantile=""0.999""}",0.0005757137227883431
1791660814.704,128.862,"ztreamer_pipeline_stage_seconds_sum{stage=""parse""}",1.020388558000007
1791660814.704,128.862,"ztreamer_pipeline_stage_seconds_count{stage=""parse""}",14682.0
1791660814.704,128.862,"ztreamer_pipeline_stage_seconds{stage=""worker_send_wait"",quantile=""0.5""}",0.0033456307973585364
1791660814.704,128.862,"ztreamer_pipeline_stage_seconds{stage=""worker_send_wait"",quantile=""0.9""}",0.004355568998567057
1791660814.704,128.862,"ztreamer_pipeline_stage_seconds{stage=""worker_send_wait"",quantile=""0.99""}",0.013599802351472927
1791660814.704,128.862,"ztreamer_pipeline_stage_seconds{stage=""worker_send_wait"",quantile=""0.999""}",0.454526069838781
1791660814.704,128.862,"ztreamer_pipeline_stage_seconds_sum{stage=""worker_send_wait""}",76.93893092699945
1791660814.704,128.862,"ztreamer_pipeline_stage_seconds_count{stage=""worker_send_wait""}",14682.0
1791660814.704,128.862,"ztreamer_pipeline_segment_seconds{outcome=""success"",quantile=""0.5""}",0.008697670734666292
1791660814.704,128.862,"ztreamer_pipeline_segment_seconds{outcome=""success"",quantile=""0.9""}",0.016710800724550095
1791660814.704,128.862,"ztreamer_pipeline_segment_seconds{outcome=""success"",quantile=""0.95""}",0.03672490968995229
1791660814.704,128.862,"ztreamer_pipeline_segment_seconds{outcome=""success"",quantile=""0.99""}",0.09826375748589468
1791660814.704,128.862,"ztreamer_pipeline_segment_seconds{outcome=""success"",quantile=""0.999""}",0.4667787008827684
1791660814.704,128.862,"ztreamer_pipeline_segment_seconds_sum{outcome=""success""}",207.6192792399996
1791660814.704,128.862,"ztreamer_pipeline_segment_seconds_count{outcome=""success""}",14682.0
1791660814.704,128.862,"ztreamer_pipeline_batch_send_wait_seconds{quantile=""0.5""}",0.44534767590608365
1791660814.704,128.862,ztreamer_pipeline_batch_send_wait_seconds_sum,6.380940149
1791660814.704,128.862,ztreamer_pipeline_batch_send_wait_seconds_count,48.0
1791660817.546,131.703,ztreamer_pipeline_committed_blocks,3680970.0
1791660817.546,131.703,ztreamer_pipeline_source_blocks,3877632.0
1791660817.546,131.703,ztreamer_pipeline_source_transactions,4450948.0
1791660817.546,131.703,ztreamer_pipeline_source_bytes,7808533803.0
1791660817.546,131.703,ztreamer_index_durable_block_height,3680969.0
1791660817.546,131.703,ztreamer_index_sealed_block_height,3679999.0
1791660817.546,131.703,ztreamer_pipeline_first_missing_height,3877752.0
1791660817.546,131.703,ztreamer_index_generation,47.0
1791660817.546,131.703,ztreamer_pipeline_pending_bytes,16827128.0
1791660817.546,131.703,ztreamer_pipeline_ready_bytes,16791768.0
1791660817.546,131.703,ztreamer_pipeline_receive_wait_seconds_sum,44.38087854899885
1791660817.546,131.703,ztreamer_pipeline_receive_wait_seconds_count,3877859.0
1791660817.546,131.703,"ztreamer_pipeline_commit_seconds{outcome=""success"",quantile=""0.5""}",1.0355161469495533
1791660817.546,131.703,"ztreamer_pipeline_commit_seconds{outcome=""success"",quantile=""0.9""}",1.4997523528095473
1791660817.546,131.703,"ztreamer_pipeline_commit_seconds{outcome=""success"",quantile=""0.95""}",1.5609584076326883
1791660817.546,131.703,"ztreamer_pipeline_commit_seconds{outcome=""success"",quantile=""0.99""}",1.8172057098110819
1791660817.546,131.703,"ztreamer_pipeline_commit_seconds{outcome=""success"",quantile=""0.999""}",1.8172057098110819
1791660817.546,131.703,"ztreamer_pipeline_commit_seconds_sum{outcome=""success""}",48.710947572
1791660817.546,131.703,"ztreamer_pipeline_commit_seconds_count{outcome=""success""}",47.0
1791660817.546,131.703,"ztreamer_pipeline_stage_seconds_sum{stage=""txid_read""}",1.6187887050000027
1791660817.546,131.703,"ztreamer_pipeline_stage_seconds_count{stage=""txid_read""}",15147.0
1791660817.546,131.703,"ztreamer_pipeline_stage_seconds{stage=""transaction_read"",quantile=""0.5""}",0.00031494893862637824
1791660817.546,131.703,"ztreamer_pipeline_stage_seconds_sum{stage=""transaction_read""}",22.888759918999963
1791660817.546,131.703,"ztreamer_pipeline_stage_seconds_count{stage=""transaction_read""}",15147.0
1791660817.546,131.703,"ztreamer_pipeline_stage_seconds{stage=""header_read"",quantile=""0.5""}",0.0029649354293169207
1791660817.546,131.703,"ztreamer_pipeline_stage_seconds{stage=""header_read"",quantile=""0.9""}",0.006114452657716321
1791660817.546,131.703,"ztreamer_pipeline_stage_seconds{stage=""header_read"",quantile=""0.95""}",0.0080225414274567
1791660817.546,131.703,"ztreamer_pipeline_stage_seconds{stage=""header_read"",quantile=""0.99""}",0.04163975097854181
1791660817.546,131.703,"ztreamer_pipeline_stage_seconds_sum{stage=""header_read""}",75.5851915879999
1791660817.546,131.703,"ztreamer_pipeline_stage_seconds_count{stage=""header_read""}",15147.0
1791660817.546,131.703,"ztreamer_pipeline_stage_seconds{stage=""parse"",quantile=""0.5""}",5.965694199356078e-05
1791660817.546,131.703,"ztreamer_pipeline_stage_seconds{stage=""parse"",quantile=""0.9""}",9.982418835696956e-05
1791660817.546,131.703,"ztreamer_pipeline_stage_seconds{stage=""parse"",quantile=""0.95""}",0.00011773196089391221
1791660817.546,131.703,"ztreamer_pipeline_stage_seconds{stage=""parse"",quantile=""0.99""}",0.0001616786177662795
1791660817.546,131.703,"ztreamer_pipeline_stage_seconds_sum{stage=""parse""}",1.0565199110000083
1791660817.546,131.703,"ztreamer_pipeline_stage_seconds_count{stage=""parse""}",15147.0
1791660817.546,131.703,"ztreamer_pipeline_stage_seconds{stage=""worker_send_wait"",quantile=""0.5""}",0.003342955363028155
1791660817.546,131.703,"ztreamer_pipeline_stage_seconds{stage=""worker_send_wait"",quantile=""0.9""}",0.004353827119360891
1791660817.546,131.703,"ztreamer_pipeline_stage_seconds{stage=""worker_send_wait"",quantile=""0.95""}",0.004813648190492732
1791660817.546,131.703,"ztreamer_pipeline_stage_seconds{stage=""worker_send_wait"",quantile=""0.99""}",0.013521151804641609
1791660817.546,131.703,"ztreamer_pipeline_stage_seconds_sum{stage=""worker_send_wait""}",80.19005609499956
1791660817.546,131.703,"ztreamer_pipeline_stage_seconds_count{stage=""worker_send_wait""}",15147.0
1791660817.546,131.703,"ztreamer_pipeline_segment_seconds{outcome=""success"",quantile=""0.5""}",0.00878508377908561
1791660817.546,131.703,"ztreamer_pipeline_segment_seconds{outcome=""success"",quantile=""0.9""}",0.017490454246815005
1791660817.546,131.703,"ztreamer_pipeline_segment_seconds{outcome=""success"",quantile=""0.95""}",0.03764707504011525
1791660817.546,131.703,"ztreamer_pipeline_segment_seconds{outcome=""success"",quantile=""0.99""}",0.1020696339735259
1791660817.546,131.703,"ztreamer_pipeline_segment_seconds_sum{outcome=""success""}",218.76493202199958
1791660817.546,131.703,"ztreamer_pipeline_segment_seconds_count{outcome=""success""}",15147.0
1791660817.546,131.703,ztreamer_pipeline_batch_send_wait_seconds_sum,6.7947379649999995
1791660817.546,131.703,ztreamer_pipeline_batch_send_wait_seconds_count,49.0
1791660819.546,133.703,ztreamer_pipeline_committed_blocks,3743412.0
1791660819.546,133.703,ztreamer_pipeline_source_blocks,3945472.0
1791660819.546,133.703,ztreamer_pipeline_source_bytes,8010326082.0
1791660819.546,133.703,ztreamer_pipeline_source_transactions,4525129.0
1791660819.546,133.703,ztreamer_index_generation,48.0
1791660819.546,133.703,ztreamer_pipeline_ready_bytes,16921536.0
1791660819.546,133.703,ztreamer_pipeline_pending_bytes,16946880.0
1791660819.546,133.703,ztreamer_index_durable_block_height,3743411.0
1791660819.546,133.703,ztreamer_index_sealed_block_height,3742999.0
1791660819.546,133.703,ztreamer_pipeline_first_missing_height,3945716.0
1791660819.546,133.703,ztreamer_pipeline_receive_wait_seconds_sum,45.52141507699891
1791660819.546,133.703,ztreamer_pipeline_receive_wait_seconds_count,3945836.0
1791660819.546,133.703,"ztreamer_pipeline_commit_seconds{outcome=""success"",quantile=""0.9""}",1.557839610643615
1791660819.546,133.703,"ztreamer_pipeline_commit_seconds{outcome=""success"",quantile=""0.95""}",1.568782744237751
1791660819.546,133.703,"ztreamer_pipeline_commit_seconds_sum{outcome=""success""}",50.501812310000005
1791660819.546,133.703,"ztreamer_pipeline_commit_seconds_count{outcome=""success""}",48.0
1791660819.546,133.703,"ztreamer_pipeline_stage_seconds_sum{stage=""txid_read""}",1.6498059400000014
1791660819.546,133.703,"ztreamer_pipeline_stage_seconds_count{stage=""txid_read""}",15412.0
1791660819.546,133.703,"ztreamer_pipeline_stage_seconds{stage=""transaction_read"",quantile=""0.5""}",0.000320412915888833
1791660819.546,133.703,"ztreamer_pipeline_stage_seconds_sum{stage=""transaction_read""}",24.551284696999975
1791660819.546,133.703,"ztreamer_pipeline_stage_seconds_count{stage=""transaction_read""}",15412.0
1791660819.546,133.703,"ztreamer_pipeline_stage_seconds{stage=""header_read"",quantile=""0.5""}",0.0029935358720075494
1791660819.546,133.703,"ztreamer_pipeline_stage_seconds{stage=""header_read"",quantile=""0.9""}",0.006164797300615797
1791660819.546,133.703,"ztreamer_pipeline_stage_seconds{stage=""header_read"",quantile=""0.95""}",0.008117768149332339
1791660819.546,133.703,"ztreamer_pipeline_stage_seconds{stage=""header_read"",quantile=""0.99""}",0.041332754109620055
1791660819.546,133.703,"ztreamer_pipeline_stage_seconds_sum{stage=""header_read""}",77.01840691099993
1791660819.546,133.703,"ztreamer_pipeline_stage_seconds_count{stage=""header_read""}",15412.0
1791660819.546,133.703,"ztreamer_pipeline_stage_seconds{stage=""parse"",quantile=""0.5""}",5.9836181545036546e-05
1791660819.546,133.703,"ztreamer_pipeline_stage_seconds{stage=""parse"",quantile=""0.9""}",0.00010016416823679826
1791660819.546,133.703,"ztreamer_pipeline_stage_seconds{stage=""parse"",quantile=""0.95""}",0.00011784975174080634
1791660819.546,133.703,"ztreamer_pipeline_stage_seconds_sum{stage=""parse""}",1.077051000000007
1791660819.546,133.703,"ztreamer_pipeline_stage_seconds_count{stage=""parse""}",15412.0
1791660819.546,133.703,"ztreamer_pipeline_stage_seconds{stage=""worker_send_wait"",quantile=""0.9""}",0.004348605660302263
1791660819.546,133.703,"ztreamer_pipeline_stage_seconds{stage=""worker_send_wait"",quantile=""0.95""}",0.004811723116250635
1791660819.546,133.703,"ztreamer_pipeline_stage_seconds{stage=""worker_send_wait"",quantile=""0.99""}",0.013610686546487907
1791660819.546,133.703,"ztreamer_pipeline_stage_seconds_sum{stage=""worker_send_wait""}",82.7835130459996
1791660819.546,133.703,"ztreamer_pipeline_stage_seconds_count{stage=""worker_send_wait""}",15412.0
1791660819.546,133.703,"ztreamer_pipeline_segment_seconds{outcome=""success"",quantile=""0.5""}",0.00883265154904048
1791660819.546,133.703,"ztreamer_pipeline_segment_seconds{outcome=""success"",quantile=""0.9""}",0.017811694938204534
1791660819.546,133.703,"ztreamer_pipeline_segment_seconds{outcome=""success"",quantile=""0.95""}",0.03766967006304367
1791660819.546,133.703,"ztreamer_pipeline_segment_seconds{outcome=""success"",quantile=""0.99""}",0.1043191829970694
1791660819.546,133.703,"ztreamer_pipeline_segment_seconds_sum{outcome=""success""}",225.26442771799972
1791660819.546,133.703,"ztreamer_pipeline_segment_seconds_count{outcome=""success""}",15412.0
1791660819.546,133.703,"ztreamer_pipeline_batch_send_wait_seconds{quantile=""0.5""}",0.4327911465858228
1791660819.546,133.703,ztreamer_pipeline_batch_send_wait_seconds_sum,7.2140721139999995
1791660819.546,133.703,ztreamer_pipeline_batch_send_wait_seconds_count,50.0
1791660822.381,136.538,ztreamer_pipeline_source_blocks,4049920.0
1791660822.381,136.538,ztreamer_pipeline_source_transactions,4641065.0
1791660822.381,136.538,ztreamer_pipeline_committed_blocks,3877752.0
1791660822.381,136.538,ztreamer_pipeline_source_bytes,8304345661.0
1791660822.381,136.538,ztreamer_index_durable_block_height,3877751.0
1791660822.381,136.538,ztreamer_pipeline_pending_bytes,8974300.0
1791660822.381,136.538,ztreamer_pipeline_first_missing_height,4050104.0
1791660822.381,136.538,ztreamer_pipeline_ready_bytes,8969308.0
1791660822.381,136.538,ztreamer_index_sealed_block_height,3876999.0
1791660822.381,136.538,ztreamer_index_generation,50.0
1791660822.381,136.538,ztreamer_pipeline_receive_wait_seconds_sum,47.512271834997975
1791660822.381,136.538,ztreamer_pipeline_receive_wait_seconds_count,4050145.0
1791660822.381,136.538,"ztreamer_pipeline_commit_seconds{outcome=""success"",quantile=""0.5""}",1.0661990082288373
1791660822.381,136.538,"ztreamer_pipeline_commit_seconds{outcome=""success"",quantile=""0.9""}",1.568782744237751
1791660822.381,136.538,"ztreamer_pipeline_commit_seconds{outcome=""success"",quantile=""0.95""}",1.8172057098110819
1791660822.381,136.538,"ztreamer_pipeline_commit_seconds{outcome=""success"",quantile=""0.99""}",1.9042724072059103
1791660822.381,136.538,"ztreamer_pipeline_commit_seconds{outcome=""success"",quantile=""0.999""}",1.9042724072059103
1791660822.381,136.538,"ztreamer_pipeline_commit_seconds{outcome=""success"",quantile=""1""}",1.909741253
1791660822.381,136.538,"ztreamer_pipeline_commit_seconds_sum{outcome=""success""}",54.236326731000005
1791660822.381,136.538,"ztreamer_pipeline_commit_seconds_count{outcome=""success""}",50.0
1791660822.381,136.538,"ztreamer_pipeline_stage_seconds_sum{stage=""txid_read""}",1.696083938000003
1791660822.381,136.538,"ztreamer_pipeline_stage_seconds_count{stage=""txid_read""}",15820.0
1791660822.381,136.538,"ztreamer_pipeline_stage_seconds{stage=""transaction_read"",quantile=""0.5""}",0.00032780224868649835
1791660822.381,136.538,"ztreamer_pipeline_stage_seconds{stage=""transaction_read"",quantile=""0.9""}",0.06151341398996639
1791660822.381,136.538,"ztreamer_pipeline_stage_seconds_sum{stage=""transaction_read""}",27.29636668499998
1791660822.381,136.538,"ztreamer_pipeline_stage_seconds_count{stage=""transaction_read""}",15820.0
1791660822.381,136.538,"ztreamer_pipeline_stage_seconds{stage=""header_read"",quantile=""0.5""}",0.003033919216970669
1791660822.381,136.538,"ztreamer_pipeline_stage_seconds{stage=""header_read"",quantile=""0.9""}",0.0062679870414291934
1791660822.381,136.538,"ztreamer_pipeline_stage_seconds{stage=""header_read"",quantile=""0.95""}",0.008403558592072851
1791660822.381,136.538,"ztreamer_pipeline_stage_seconds{stage=""header_read"",quantile=""0.99""}",0.03989516997235367
1791660822.381,136.538,"ztreamer_pipeline_stage_seconds{stage=""header_read"",quantile=""0.999""}",0.18913390730176383
1791660822.381,136.538,"ztreamer_pipeline_stage_seconds_sum{stage=""header_read""}",79.67330225799985
1791660822.381,136.538,"ztreamer_pipeline_stage_seconds_count{stage=""header_read""}",15820.0
1791660822.381,136.538,"ztreamer_pipeline_stage_seconds{stage=""parse"",quantile=""0.5""}",6.00880220031218e-05
1791660822.381,136.538,"ztreamer_pipeline_stage_seconds{stage=""parse"",quantile=""0.9""}",0.00010064611198560693
1791660822.381,136.538,"ztreamer_pipeline_stage_seconds{stage=""parse"",quantile=""0.95""}",0.00011891518677600658
1791660822.381,136.538,"ztreamer_pipeline_stage_seconds{stage=""parse"",quantile=""0.99""}",0.00016304243818657268
1791660822.381,136.538,"ztreamer_pipeline_stage_seconds{stage=""parse"",quantile=""0.999""}",0.0006000485257740629
1791660822.381,136.538,"ztreamer_pipeline_stage_seconds_sum{stage=""parse""}",1.1123299410000087
1791660822.381,136.538,"ztreamer_pipeline_stage_seconds_count{stage=""parse""}",15820.0
1791660822.381,136.538,"ztreamer_pipeline_stage_seconds{stage=""worker_send_wait"",quantile=""0.9""}",0.00436603491827852
1791660822.381,136.538,"ztreamer_pipeline_stage_seconds{stage=""worker_send_wait"",quantile=""0.95""}",0.00482521482059261
1791660822.381,136.538,"ztreamer_pipeline_stage_seconds{stage=""worker_send_wait"",quantile=""0.99""}",0.01370355460887437
1791660822.381,136.538,"ztreamer_pipeline_stage_seconds{stage=""worker_send_wait"",quantile=""0.999""}",0.5249249352190573
1791660822.381,136.538,"ztreamer_pipeline_stage_seconds{stage=""worker_send_wait"",quantile=""1""}",0.633514498
1791660822.381,136.538,"ztreamer_pipeline_stage_seconds_sum{stage=""worker_send_wait""}",88.97568940399951
1791660822.381,136.538,"ztreamer_pipeline_stage_seconds_count{stage=""worker_send_wait""}",15820.0
1791660822.381,136.538,"ztreamer_pipeline_segment_seconds{outcome=""success"",quantile=""0.5""}",0.008903596161749256
1791660822.381,136.538,"ztreamer_pipeline_segment_seconds{outcome=""success"",quantile=""0.9""}",0.018527484174627015
1791660822.381,136.538,"ztreamer_pipeline_segment_seconds{outcome=""success"",quantile=""0.95""}",0.03828488853496912
1791660822.381,136.538,"ztreamer_pipeline_segment_seconds{outcome=""success"",quantile=""0.99""}",0.10870689967514903
1791660822.381,136.538,"ztreamer_pipeline_segment_seconds{outcome=""success"",quantile=""0.999""}",0.5160766349387609
1791660822.381,136.538,"ztreamer_pipeline_segment_seconds{outcome=""success"",quantile=""1""}",0.64209555
1791660822.381,136.538,"ztreamer_pipeline_segment_seconds_sum{outcome=""success""}",238.32095555399957
1791660822.381,136.538,"ztreamer_pipeline_segment_seconds_count{outcome=""success""}",15820.0
1791660822.381,136.538,"ztreamer_pipeline_batch_send_wait_seconds{quantile=""0.5""}",0.44534767590608365
1791660822.381,136.538,"ztreamer_pipeline_batch_send_wait_seconds{quantile=""0.9""}",0.6190928567778797
1791660822.381,136.538,"ztreamer_pipeline_batch_send_wait_seconds{quantile=""0.95""}",0.6190928567778797
1791660822.381,136.538,"ztreamer_pipeline_batch_send_wait_seconds{quantile=""0.99""}",0.6190928567778797
1791660822.381,136.538,"ztreamer_pipeline_batch_send_wait_seconds{quantile=""0.999""}",0.6190928567778797
1791660822.381,136.538,"ztreamer_pipeline_batch_send_wait_seconds{quantile=""1""}",0.619100251
1791660822.381,136.538,ztreamer_pipeline_batch_send_wait_seconds_sum,8.387054792999999
1791660822.381,136.538,ztreamer_pipeline_batch_send_wait_seconds_count,52.0
1791660824.381,138.539,ztreamer_pipeline_committed_blocks,3945716.0
1791660824.381,138.539,ztreamer_pipeline_source_bytes,8528212677.0
1791660824.381,138.539,ztreamer_pipeline_source_blocks,4103936.0
1791660824.381,138.539,ztreamer_pipeline_source_transactions,4707088.0
1791660824.381,138.539,ztreamer_index_generation,51.0
1791660824.381,138.539,ztreamer_pipeline_ready_bytes,9131104.0
1791660824.381,138.539,ztreamer_pipeline_pending_bytes,9232960.0
1791660824.381,138.539,ztreamer_pipeline_first_missing_height,4104087.0
1791660824.381,138.539,ztreamer_index_sealed_block_height,3944999.0
1791660824.381,138.539,ztreamer_index_durable_block_height,3945715.0
1791660824.381,138.539,"ztreamer_pipeline_receive_wait_seconds{quantile=""0.5""}",0.00022101056922166278
1791660824.381,138.539,"ztreamer_pipeline_receive_wait_seconds{quantile=""0.9""}",0.1550666877235952
1791660824.381,138.539,"ztreamer_pipeline_receive_wait_seconds{quantile=""0.95""}",0.1550666877235952
1791660824.381,138.539,"ztreamer_pipeline_receive_wait_seconds{quantile=""0.99""}",0.1550666877235952
1791660824.381,138.539,"ztreamer_pipeline_receive_wait_seconds{quantile=""0.999""}",0.1550666877235952
1791660824.381,138.539,"ztreamer_pipeline_receive_wait_seconds{quantile=""1""}",0.155075082
1791660824.381,138.539,ztreamer_pipeline_receive_wait_seconds_sum,49.033526665997755
1791660824.381,138.539,ztreamer_pipeline_receive_wait_seconds_count,4104334.0
1791660824.381,138.539,"ztreamer_pipeline_commit_seconds{outcome=""success"",quantile=""0""}",0.968742645
1791660824.381,138.539,"ztreamer_pipeline_commit_seconds{outcome=""success"",quantile=""0.5""}",1.3389691086407929
1791660824.381,138.539,"ztreamer_pipeline_commit_seconds{outcome=""success"",quantile=""0.9""}",1.8175691873007929
1791660824.381,138.539,"ztreamer_pipeline_commit_seconds{outcome=""success"",quantile=""0.95""}",1.8248540240346334
1791660824.381,138.539,"ztreamer_pipeline_commit_seconds_sum{outcome=""success""}",56.053755899
1791660824.381,138.539,"ztreamer_pipeline_commit_seconds_count{outcome=""success""}",51.0
1791660824.381,138.539,"sync_stage_duration_seconds{stage=""obtain_tips"",quantile=""0""}",6.002505079
1791660824.381,138.539,"ztreamer_pipeline_stage_seconds{stage=""txid_read"",quantile=""0""}",7.96e-06
1791660824.381,138.539,"ztreamer_pipeline_stage_seconds{stage=""txid_read"",quantile=""0.5""}",0.02782278424103725
1791660824.381,138.539,"ztreamer_pipeline_stage_seconds{stage=""txid_read"",quantile=""0.9""}",0.02782278424103725
1791660824.381,138.539,"ztreamer_pipeline_stage_seconds{stage=""txid_read"",quantile=""0.95""}",0.02782278424103725
1791660824.381,138.539,"ztreamer_pipeline_stage_seconds{stage=""txid_read"",quantile=""0.99""}",0.02782278424103725
1791660824.381,138.539,"ztreamer_pipeline_stage_seconds{stage=""txid_read"",quantile=""0.999""}",0.02782278424103725
1791660824.381,138.539,"ztreamer_pipeline_stage_seconds{stage=""txid_read"",quantile=""1""}",0.027822581
1791660824.381,138.539,"ztreamer_pipeline_stage_seconds_sum{stage=""txid_read""}",1.7311409000000024
1791660824.381,138.539,"ztreamer_pipeline_stage_seconds_count{stage=""txid_read""}",16031.0
1791660824.381,138.539,"ztreamer_pipeline_stage_seconds{stage=""transaction_read"",quantile=""0.5""}",0.02725549799312529
1791660824.381,138.539,"ztreamer_pipeline_stage_seconds{stage=""transaction_read"",quantile=""0.9""}",0.34092253125211225
1791660824.381,138.539,"ztreamer_pipeline_stage_seconds{stage=""transaction_read"",quantile=""0.95""}",0.34092253125211225
1791660824.381,138.539,"ztreamer_pipeline_stage_seconds{stage=""transaction_read"",quantile=""0.99""}",0.34092253125211225
1791660824.381,138.539,"ztreamer_pipeline_stage_seconds{stage=""transaction_read"",quantile=""0.999""}",0.34092253125211225
1791660824.381,138.539,"ztreamer_pipeline_stage_seconds{stage=""transaction_read"",quantile=""1""}",0.340918349
1791660824.381,138.539,"ztreamer_pipeline_stage_seconds_sum{stage=""transaction_read""}",30.44057230299998
1791660824.381,138.539,"ztreamer_pipeline_stage_seconds_count{stage=""transaction_read""}",16031.0
1791660824.381,138.539,"ztreamer_pipeline_stage_seconds{stage=""header_read"",quantile=""0""}",0.001178327
1791660824.381,138.539,"ztreamer_pipeline_stage_seconds{stage=""header_read"",quantile=""0.5""}",0.0043546979718700135
1791660824.381,138.539,"ztreamer_pipeline_stage_seconds{stage=""header_read"",quantile=""0.9""}",0.0073629101662384296
1791660824.381,138.539,"ztreamer_pipeline_stage_seconds{stage=""header_read"",quantile=""0.95""}",0.010992962100053393
1791660824.381,138.539,"ztreamer_pipeline_stage_seconds{stage=""header_read"",quantile=""0.99""}",0.03235133419321459
1791660824.381,138.539,"ztreamer_pipeline_stage_seconds{stage=""header_read"",quantile=""0.999""}",0.059922691989888
1791660824.381,138.539,"ztreamer_pipeline_stage_seconds{stage=""header_read"",quantile=""1""}",0.163222249
1791660824.381,138.539,"ztreamer_pipeline_stage_seconds_sum{stage=""header_read""}",81.11600186799984
1791660824.381,138.539,"ztreamer_pipeline_stage_seconds_count{stage=""header_read""}",16031.0
1791660824.381,138.539,"ztreamer_pipeline_stage_seconds{stage=""parse"",quantile=""0""}",4.0203e-05
1791660824.381,138.539,"ztreamer_pipeline_stage_seconds{stage=""parse"",quantile=""0.5""}",6.078910146012547e-05
1791660824.381,138.539,"ztreamer_pipeline_stage_seconds{stage=""parse"",quantile=""0.9""}",0.00010902863155484796
1791660824.381,138.539,"ztreamer_pipeline_stage_seconds{stage=""parse"",quantile=""0.95""}",0.00012591543401735126
1791660824.381,138.539,"ztreamer_pipeline_stage_seconds{stage=""parse"",quantile=""0.99""}",0.00016740407890557683
1791660824.381,138.539,"ztreamer_pipeline_stage_seconds{stage=""parse"",quantile=""0.999""}",0.00046109796569827606
1791660824.381,138.539,"ztreamer_pipeline_stage_seconds{stage=""parse"",quantile=""1""}",0.001511829
1791660824.381,138.539,"ztreamer_pipeline_stage_seconds_sum{stage=""parse""}",1.1342218410000098
1791660824.381,138.539,"ztreamer_pipeline_stage_seconds_count{stage=""parse""}",16031.0
1791660824.381,138.539,"ztreamer_pipeline_stage_seconds{stage=""worker_send_wait"",quantile=""0.5""}",0.003118821651703229
1791660824.381,138.539,"ztreamer_pipeline_stage_seconds{stage=""worker_send_wait"",quantile=""0.9""}",0.00434686656587442
1791660824.381,138.539,"ztreamer_pipeline_stage_seconds{stage=""worker_send_wait"",quantile=""0.95""}",0.004877609563163634
1791660824.381,138.539,"ztreamer_pipeline_stage_seconds{stage=""worker_send_wait"",quantile=""0.99""}",0.23680932209268904
1791660824.381,138.539,"ztreamer_pipeline_stage_seconds{stage=""worker_send_wait"",quantile=""0.999""}",0.5645648582764357
1791660824.381,138.539,"ztreamer_pipeline_stage_seconds_sum{stage=""worker_send_wait""}",91.4482543289995
1791660824.381,138.539,"ztreamer_pipeline_stage_seconds_count{stage=""worker_send_wait""}",16031.0
1791660824.381,138.539,"ztreamer_pipeline_segment_seconds{outcome=""success"",quantile=""0""}",0.005131986
1791660824.381,138.539,"ztreamer_pipeline_segment_seconds{outcome=""success"",quantile=""0.5""}",0.010678744376216964
1791660824.381,138.539,"ztreamer_pipeline_segment_seconds{outcome=""success"",quantile=""0.9""}",0.03443437238502376
1791660824.381,138.539,"ztreamer_pipeline_segment_seconds{outcome=""success"",quantile=""0.95""}",0.04348670518853404
1791660824.381,138.539,"ztreamer_pipeline_segment_seconds{outcome=""success"",quantile=""0.99""}",0.24622734339719085
1791660824.381,138.539,"ztreamer_pipeline_segment_seconds{outcome=""success"",quantile=""0.999""}",0.5903143975798821
1791660824.381,138.539,"ztreamer_pipeline_segment_seconds_sum{outcome=""success""}",246.22866041299943
1791660824.381,138.539,"ztreamer_pipeline_segment_seconds_count{outcome=""success""}",16031.0
1791660824.381,138.539,"ztreamer_pipeline_batch_send_wait_seconds{quantile=""0.5""}",0.4048251603140793
1791660824.381,138.539,ztreamer_pipeline_batch_send_wait_seconds_sum,8.810663622
1791660824.381,138.539,ztreamer_pipeline_batch_send_wait_seconds_count,53.0
1791660826.381,140.539,ztreamer_pipeline_source_transactions,4799027.0
1791660826.381,140.539,ztreamer_pipeline_committed_blocks,4011880.0
1791660826.381,140.539,ztreamer_pipeline_source_blocks,4185344.0
1791660826.381,140.539,ztreamer_pipeline_source_bytes,8860590341.0
1791660826.381,140.539,ztreamer_pipeline_first_missing_height,4185592.0
1791660826.381,140.539,ztreamer_index_generation,52.0
1791660826.381,140.539,ztreamer_index_durable_block_height,4011879.0
1791660826.381,140.539,ztreamer_pipeline_ready_bytes,16777948.0
1791660826.381,140.539,ztreamer_index_sealed_block_height,4010999.0
1791660826.381,140.539,ztreamer_pipeline_pending_bytes,16874748.0
1791660826.381,140.539,ztreamer_pipeline_receive_wait_seconds_sum,50.84488036299833
1791660826.381,140.539,ztreamer_pipeline_receive_wait_seconds_count,4185932.0
1791660826.381,140.539,"ztreamer_pipeline_commit_seconds{outcome=""success"",quantile=""0.9""}",1.8248540240346334
1791660826.381,140.539,"ztreamer_pipeline_commit_seconds{outcome=""success"",quantile=""0.95""}",1.9042724072059103
1791660826.381,140.539,"ztreamer_pipeline_commit_seconds{outcome=""success"",quantile=""0.99""}",1.9096118416837236
1791660826.381,140.539,"ztreamer_pipeline_commit_seconds{outcome=""success"",quantile=""0.999""}",1.9096118416837236
1791660826.381,140.539,"ztreamer_pipeline_commit_seconds{outcome=""success"",quantile=""1""}",2.007931709
1791660826.381,140.539,"ztreamer_pipeline_commit_seconds_sum{outcome=""success""}",58.061687608
1791660826.381,140.539,"ztreamer_pipeline_commit_seconds_count{outcome=""success""}",52.0
1791660826.381,140.539,"ztreamer_pipeline_stage_seconds_sum{stage=""txid_read""}",1.7767966730000033
1791660826.381,140.539,"ztreamer_pipeline_stage_seconds_count{stage=""txid_read""}",16349.0
1791660826.381,140.539,"ztreamer_pipeline_stage_seconds{stage=""transaction_read"",quantile=""0.5""}",0.017683911307319507
1791660826.381,140.539,"ztreamer_pipeline_stage_seconds_sum{stage=""transaction_read""}",34.04876209399998
1791660826.381,140.539,"ztreamer_pipeline_stage_seconds_count{stage=""transaction_read""}",16349.0
1791660826.381,140.539,"ztreamer_pipeline_stage_seconds{stage=""header_read"",quantile=""0.5""}",0.004350345450507025
1791660826.381,140.539,"ztreamer_pipeline_stage_seconds{stage=""header_read"",quantile=""0.9""}",0.007453287853478159
1791660826.381,140.539,"ztreamer_pipeline_stage_seconds{stage=""header_read"",quantile=""0.95""}",0.011259984644924033
1791660826.381,140.539,"ztreamer_pipeline_stage_seconds{stage=""header_read"",quantile=""0.99""}",0.03279431780041492
1791660826.381,140.539,"ztreamer_pipeline_stage_seconds_sum{stage=""header_read""}",83.11218033099968
1791660826.381,140.539,"ztreamer_pipeline_stage_seconds_count{stage=""header_read""}",16349.0
1791660826.381,140.539,"ztreamer_pipeline_stage_seconds{stage=""parse"",quantile=""0.5""}",6.162148059115122e-05
1791660826.381,140.539,"ztreamer_pipeline_stage_seconds{stage=""parse"",quantile=""0.9""}",0.00011172165140760011
1791660826.381,140.539,"ztreamer_pipeline_stage_seconds{stage=""parse"",quantile=""0.95""}",0.00012951678972544878
1791660826.381,140.539,"ztreamer_pipeline_stage_seconds{stage=""parse"",quantile=""0.99""}",0.00017205436871954967
1791660826.381,140.539,"ztreamer_pipeline_stage_seconds_sum{stage=""parse""}",1.166282698000011
1791660826.381,140.539,"ztreamer_pipeline_stage_seconds_count{stage=""parse""}",16349.0
1791660826.381,140.539,"ztreamer_pipeline_stage_seconds{stage=""worker_send_wait"",quantile=""0.5""}",0.0031038871791336155
1791660826.381,140.539,"ztreamer_pipeline_stage_seconds{stage=""worker_send_wait"",quantile=""0.9""}",0.0043416534544704075
1791660826.381,140.539,"ztreamer_pipeline_stage_seconds{stage=""worker_send_wait"",quantile=""0.95""}",0.004880537007056634
1791660826.381,140.539,"ztreamer_pipeline_stage_seconds{stage=""worker_send_wait"",quantile=""0.99""}",0.22852720653879963
1791660826.381,140.539,"ztreamer_pipeline_stage_seconds_sum{stage=""worker_send_wait""}",92.59677437299936
1791660826.381,140.539,"ztreamer_pipeline_stage_seconds_count{stage=""worker_send_wait""}",16349.0
1791660826.381,140.539,"ztreamer_pipeline_segment_seconds{outcome=""success"",quantile=""0.5""}",0.010736565572766523
1791660826.381,140.539,"ztreamer_pipeline_segment_seconds{outcome=""success"",quantile=""0.9""}",0.0353484754049781
1791660826.381,140.539,"ztreamer_pipeline_segment_seconds{outcome=""success"",quantile=""0.95""}",0.04473048515227942
1791660826.381,140.539,"ztreamer_pipeline_segment_seconds{outcome=""success"",quantile=""0.99""}",0.24358239650175398
1791660826.381,140.539,"ztreamer_pipeline_segment_seconds_sum{outcome=""success""}",254.03848966599944
1791660826.381,140.539,"ztreamer_pipeline_segment_seconds_count{outcome=""success""}",16349.0
1791660826.381,140.539,ztreamer_pipeline_batch_send_wait_seconds_sum,8.865759507
1791660826.381,140.539,ztreamer_pipeline_batch_send_wait_seconds_count,54.0
1791660829.215,143.373,ztreamer_pipeline_source_blocks,4267776.0
1791660829.215,143.373,ztreamer_pipeline_source_transactions,4893073.0
1791660829.215,143.373,ztreamer_pipeline_committed_blocks,4122340.0
1791660829.215,143.373,ztreamer_pipeline_source_bytes,9117619090.0
1791660829.215,143.373,ztreamer_index_durable_block_height,4122339.0
1791660829.215,143.373,ztreamer_index_generation,54.0
1791660829.215,143.373,ztreamer_index_sealed_block_height,4121999.0
1791660829.215,143.373,ztreamer_pipeline_first_missing_height,4268004.0
1791660829.215,143.373,ztreamer_pipeline_pending_bytes,5491212.0
1791660829.215,143.373,ztreamer_pipeline_ready_bytes,5433344.0
1791660829.215,143.373,ztreamer_pipeline_receive_wait_seconds_sum,52.651028761998305
1791660829.215,143.373,ztreamer_pipeline_receive_wait_seconds_count,4268268.0
1791660829.215,143.373,"ztreamer_pipeline_commit_seconds{outcome=""success"",quantile=""0.5""}",1.3559468546511386
1791660829.215,143.373,"ztreamer_pipeline_commit_seconds_sum{outcome=""success""}",61.324799766000005
1791660829.215,143.373,"ztreamer_pipeline_commit_seconds_count{outcome=""success""}",54.0
1791660829.215,143.373,"sync_stage_duration_seconds{stage=""obtain_tips"",quantile=""0""}",6.002262191
1791660829.215,143.373,"sync_stage_duration_seconds_sum{stage=""obtain_tips""}",30.017124955
1791660829.215,143.373,"sync_stage_duration_seconds_count{stage=""obtain_tips""}",5.0
1791660829.215,143.373,"ztreamer_pipeline_stage_seconds_sum{stage=""txid_read""}",1.8297238030000047
1791660829.215,143.373,"ztreamer_pipeline_stage_seconds_count{stage=""txid_read""}",16671.0
1791660829.215,143.373,"ztreamer_pipeline_stage_seconds{stage=""transaction_read"",quantile=""0.5""}",0.012134531841918884
1791660829.215,143.373,"ztreamer_pipeline_stage_seconds_sum{stage=""transaction_read""}",36.77797546299995
1791660829.215,143.373,"ztreamer_pipeline_stage_seconds_count{stage=""transaction_read""}",16673.0
1791660829.215,143.373,"ztreamer_pipeline_stage_seconds{stage=""header_read"",quantile=""0.5""}",0.004406387778195033
1791660829.215,143.373,"ztreamer_pipeline_stage_seconds{stage=""header_read"",quantile=""0.9""}",0.0076756674798454895
1791660829.215,143.373,"ztreamer_pipeline_stage_seconds{stage=""header_read"",quantile=""0.95""}",0.011384528210230777
1791660829.215,143.373,"ztreamer_pipeline_stage_seconds{stage=""header_read"",quantile=""0.99""}",0.03298507751269603
1791660829.215,143.373,"ztreamer_pipeline_stage_seconds{stage=""header_read"",quantile=""0.999""}",0.051917465936254445
1791660829.215,143.373,"ztreamer_pipeline_stage_seconds_sum{stage=""header_read""}",85.55156505599977
1791660829.215,143.373,"ztreamer_pipeline_stage_seconds_count{stage=""header_read""}",16673.0
1791660829.215,143.373,"ztreamer_pipeline_stage_seconds{stage=""parse"",quantile=""0.5""}",6.241530518443885e-05
1791660829.215,143.373,"ztreamer_pipeline_stage_seconds{stage=""parse"",quantile=""0.9""}",0.0001130477756442004
1791660829.215,143.373,"ztreamer_pipeline_stage_seconds{stage=""parse"",quantile=""0.95""}",0.00013029622643822924
1791660829.215,143.373,"ztreamer_pipeline_stage_seconds{stage=""parse"",quantile=""0.999""}",0.000448994450181931
1791660829.215,143.373,"ztreamer_pipeline_stage_seconds_sum{stage=""parse""}",1.1953332870000093
1791660829.215,143.373,"ztreamer_pipeline_stage_seconds_count{stage=""parse""}",16673.0
1791660829.215,143.373,"ztreamer_pipeline_stage_seconds{stage=""worker_send_wait"",quantile=""0.5""}",0.0029708712340214428
1791660829.215,143.373,"ztreamer_pipeline_stage_seconds{stage=""worker_send_wait"",quantile=""0.9""}",0.00397353153841866
1791660829.215,143.373,"ztreamer_pipeline_stage_seconds{stage=""worker_send_wait"",quantile=""0.95""}",0.004220929041180178
1791660829.215,143.373,"ztreamer_pipeline_stage_seconds{stage=""worker_send_wait"",quantile=""0.99""}",0.00449900047738937
1791660829.215,143.373,"ztreamer_pipeline_stage_seconds{stage=""worker_send_wait"",quantile=""0.999""}",0.004601835547851235
1791660829.215,143.373,"ztreamer_pipeline_stage_seconds{stage=""worker_send_wait"",quantile=""1""}",1.025716576
1791660829.215,143.373,"ztreamer_pipeline_stage_seconds_sum{stage=""worker_send_wait""}",97.70355085199934
1791660829.215,143.373,"ztreamer_pipeline_stage_seconds_count{stage=""worker_send_wait""}",16673.0
1791660829.215,143.373,"ztreamer_pipeline_segment_seconds{outcome=""success"",quantile=""0.5""}",0.010887934602142707
1791660829.215,143.373,"ztreamer_pipeline_segment_seconds{outcome=""success"",quantile=""0.9""}",0.0354263276572056
1791660829.215,143.373,"ztreamer_pipeline_segment_seconds{outcome=""success"",quantile=""0.95""}",0.04516196560358103
1791660829.215,143.373,"ztreamer_pipeline_segment_seconds{outcome=""success"",quantile=""0.999""}",0.59102320005577
1791660829.215,143.373,"ztreamer_pipeline_segment_seconds{outcome=""success"",quantile=""1""}",1.036080941
1791660829.215,143.373,"ztreamer_pipeline_segment_seconds_sum{outcome=""success""}",265.6395450759995
1791660829.215,143.373,"ztreamer_pipeline_segment_seconds_count{outcome=""success""}",16671.0
1791660829.215,143.373,"ztreamer_pipeline_batch_send_wait_seconds{quantile=""0.5""}",0.40685435488134486
1791660829.215,143.373,"ztreamer_pipeline_batch_send_wait_seconds{quantile=""0.9""}",1.0152145759729412
1791660829.215,143.373,"ztreamer_pipeline_batch_send_wait_seconds{quantile=""0.95""}",1.0152145759729412
1791660829.215,143.373,"ztreamer_pipeline_batch_send_wait_seconds{quantile=""0.99""}",1.0152145759729412
1791660829.215,143.373,"ztreamer_pipeline_batch_send_wait_seconds{quantile=""0.999""}",1.0152145759729412
1791660829.215,143.373,"ztreamer_pipeline_batch_send_wait_seconds{quantile=""1""}",1.015295224
1791660829.215,143.373,ztreamer_pipeline_batch_send_wait_seconds_sum,9.881055406
1791660829.215,143.373,ztreamer_pipeline_batch_send_wait_seconds_count,56.0
1791660831.216,145.373,ztreamer_pipeline_committed_blocks,4185592.0
1791660831.216,145.373,ztreamer_pipeline_source_bytes,9346957668.0
1791660831.216,145.373,ztreamer_pipeline_source_transactions,4951001.0
1791660831.216,145.373,ztreamer_pipeline_source_blocks,4307200.0
1791660831.216,145.373,ztreamer_pipeline_ready_bytes,2412964.0
1791660831.216,145.373,ztreamer_pipeline_pending_bytes,5698596.0
1791660831.216,145.373,ztreamer_index_sealed_block_height,4184999.0
1791660831.216,145.373,ztreamer_index_durable_block_height,4185591.0
1791660831.216,145.373,ztreamer_index_generation,55.0
1791660831.216,145.373,ztreamer_pipeline_first_missing_height,4307119.0
1791660831.216,145.373,ztreamer_pipeline_receive_wait_seconds_sum,54.60722047099854
1791660831.216,145.373,ztreamer_pipeline_receive_wait_seconds_count,4307666.0
1791660831.216,145.373,"ztreamer_pipeline_commit_seconds{outcome=""success"",quantile=""0.5""}",1.374788630543754
1791660831.216,145.373,"ztreamer_pipeline_commit_seconds{outcome=""success"",quantile=""0.9""}",1.8561417345784013
1791660831.216,145.373,"ztreamer_pipeline_commit_seconds_sum{outcome=""success""}",63.19088789400001
1791660831.216,145.373,"ztreamer_pipeline_commit_seconds_count{outcome=""success""}",55.0
1791660831.216,145.373,"ztreamer_pipeline_stage_seconds_sum{stage=""txid_read""}",1.8769297730000034
1791660831.216,145.373,"ztreamer_pipeline_stage_seconds_count{stage=""txid_read""}",16825.0
1791660831.216,145.373,"ztreamer_pipeline_stage_seconds{stage=""transaction_read"",quantile=""0.5""}",0.0037197455125315224
1791660831.216,145.373,"ztreamer_pipeline_stage_seconds{stage=""transaction_read"",quantile=""0.9""}",1.0760532993711422
1791660831.216,145.373,"ztreamer_pipeline_stage_seconds{stage=""transaction_read"",quantile=""0.95""}",1.0760532993711422
1791660831.216,145.373,"ztreamer_pipeline_stage_seconds{stage=""transaction_read"",quantile=""0.99""}",1.0760532993711422
1791660831.216,145.373,"ztreamer_pipeline_stage_seconds{stage=""transaction_read"",quantile=""0.999""}",1.0760532993711422
1791660831.216,145.373,"ztreamer_pipeline_stage_seconds{stage=""transaction_read"",quantile=""1""}",1.076084892
1791660831.216,145.373,"ztreamer_pipeline_stage_seconds_sum{stage=""transaction_read""}",40.70240953899999
1791660831.216,145.373,"ztreamer_pipeline_stage_seconds_count{stage=""transaction_read""}",16825.0
1791660831.216,145.373,"ztreamer_pipeline_stage_seconds{stage=""header_read"",quantile=""0.5""}",0.004409914298849527
1791660831.216,145.373,"ztreamer_pipeline_stage_seconds{stage=""header_read"",quantile=""0.9""}",0.007677202766870167
1791660831.216,145.373,"ztreamer_pipeline_stage_seconds{stage=""header_read"",quantile=""0.95""}",0.011405038815084064
1791660831.216,145.373,"ztreamer_pipeline_stage_seconds_sum{stage=""header_read""}",86.47281485099981
1791660831.216,145.373,"ztreamer_pipeline_stage_seconds_count{stage=""header_read""}",16825.0
1791660831.216,145.373,"ztreamer_pipeline_stage_seconds{stage=""parse"",quantile=""0.5""}",6.281604413574455e-05
1791660831.216,145.373,"ztreamer_pipeline_stage_seconds{stage=""parse"",quantile=""0.9""}",0.00011302516834980092
1791660831.216,145.373,"ztreamer_pipeline_stage_seconds{stage=""parse"",quantile=""0.95""}",0.00013032228828970213
1791660831.216,145.373,"ztreamer_pipeline_stage_seconds{stage=""parse"",quantile=""0.99""}",0.00017260582456005965
1791660831.216,145.373,"ztreamer_pipeline_stage_seconds{stage=""parse"",quantile=""0.999""}",0.0006666135739226645
1791660831.216,145.373,"ztreamer_pipeline_stage_seconds{stage=""parse"",quantile=""1""}",0.002381204
1791660831.216,145.373,"ztreamer_pipeline_stage_seconds_sum{stage=""parse""}",1.2140620610000101
1791660831.216,145.373,"ztreamer_pipeline_stage_seconds_count{stage=""parse""}",16825.0
1791660831.216,145.373,"ztreamer_pipeline_stage_seconds{stage=""worker_send_wait"",quantile=""0.5""}",0.0029714654676916137
1791660831.216,145.373,"ztreamer_pipeline_stage_seconds{stage=""worker_send_wait"",quantile=""0.9""}",0.003965592417083068
1791660831.216,145.373,"ztreamer_pipeline_stage_seconds{stage=""worker_send_wait"",quantile=""0.95""}",0.004205761015409223
1791660831.216,145.373,"ztreamer_pipeline_stage_seconds{stage=""worker_send_wait"",quantile=""0.99""}",0.0044864208956438495
1791660831.216,145.373,"ztreamer_pipeline_stage_seconds{stage=""worker_send_wait"",quantile=""0.999""}",0.004574307202094626
1791660831.216,145.373,"ztreamer_pipeline_stage_seconds_sum{stage=""worker_send_wait""}",98.20003719899924
1791660831.216,145.373,"ztreamer_pipeline_stage_seconds_count{stage=""worker_send_wait""}",16825.0
1791660831.216,145.373,"ztreamer_pipeline_segment_seconds{outcome=""success"",quantile=""0.5""}",0.010938134472663012
1791660831.216,145.373,"ztreamer_pipeline_segment_seconds{outcome=""success"",quantile=""0.9""}",0.0353555458070993
1791660831.216,145.373,"ztreamer_pipeline_segment_seconds{outcome=""success"",quantile=""0.95""}",0.045143904429754966
1791660831.216,145.373,"ztreamer_pipeline_segment_seconds{outcome=""success"",quantile=""0.99""}",0.24691774607368838
1791660831.216,145.373,"ztreamer_pipeline_segment_seconds{outcome=""success"",quantile=""0.999""}",0.6059850236484141
1791660831.216,145.373,"ztreamer_pipeline_segment_seconds{outcome=""success"",quantile=""1""}",1.106869328
1791660831.216,145.373,"ztreamer_pipeline_segment_seconds_sum{outcome=""success""}",271.5148067749993
1791660831.216,145.373,"ztreamer_pipeline_segment_seconds_count{outcome=""success""}",16825.0
1791660831.216,145.373,"ztreamer_pipeline_batch_send_wait_seconds{quantile=""0""}",5.74e-07
1791660831.216,145.373,"ztreamer_pipeline_batch_send_wait_seconds{quantile=""0.5""}",0.3485059385839576
1791660831.216,145.373,"ztreamer_pipeline_batch_send_wait_seconds{quantile=""0.9""}",0.5538286107534598
1791660831.216,145.373,"ztreamer_pipeline_batch_send_wait_seconds{quantile=""0.95""}",0.6190928567778797
1791660831.216,145.373,ztreamer_pipeline_batch_send_wait_seconds_sum,9.88105598
1791660831.216,145.373,ztreamer_pipeline_batch_send_wait_seconds_count,57.0
1791660834.048,148.206,ztreamer_pipeline_source_blocks,4317184.0
1791660834.048,148.206,ztreamer_pipeline_committed_blocks,4246930.0
1791660834.048,148.206,ztreamer_pipeline_source_transactions,4999782.0
1791660834.048,148.206,ztreamer_pipeline_source_bytes,9830580518.0
1791660834.048,148.206,ztreamer_index_durable_block_height,4246929.0
1791660834.048,148.206,ztreamer_index_sealed_block_height,4245999.0
1791660834.048,148.206,ztreamer_pipeline_first_missing_height,4307867.0
1791660834.048,148.206,ztreamer_index_generation,56.0
1791660834.048,148.206,ztreamer_pipeline_pending_bytes,32693180.0
1791660834.048,148.206,ztreamer_pipeline_ready_bytes,14691172.0
1791660834.048,148.206,ztreamer_pipeline_receive_wait_seconds_sum,57.4329212229984
1791660834.048,148.206,ztreamer_pipeline_receive_wait_seconds_count,4317627.0
1791660834.048,148.206,"ztreamer_pipeline_commit_seconds_sum{outcome=""success""}",64.933241945
1791660834.048,148.206,"ztreamer_pipeline_commit_seconds_count{outcome=""success""}",56.0
1791660834.048,148.206,"ztreamer_pipeline_stage_seconds_sum{stage=""txid_read""}",1.977615050000003
1791660834.048,148.206,"ztreamer_pipeline_stage_seconds_count{stage=""txid_read""}",16864.0
1791660834.048,148.206,"ztreamer_pipeline_stage_seconds{stage=""transaction_read"",quantile=""0.5""}",0.00426846917439404
1791660834.048,148.206,"ztreamer_pipeline_stage_seconds{stage=""transaction_read"",quantile=""0.9""}",1.4048070973966522
1791660834.048,148.206,"ztreamer_pipeline_stage_seconds{stage=""transaction_read"",quantile=""0.95""}",1.4048070973966522
1791660834.048,148.206,"ztreamer_pipeline_stage_seconds{stage=""transaction_read"",quantile=""0.99""}",1.4048070973966522
1791660834.048,148.206,"ztreamer_pipeline_stage_seconds{stage=""transaction_read"",quantile=""0.999""}",1.4048070973966522
1791660834.048,148.206,"ztreamer_pipeline_stage_seconds{stage=""transaction_read"",quantile=""1""}",1.404849458
1791660834.048,148.206,"ztreamer_pipeline_stage_seconds_sum{stage=""transaction_read""}",49.94005151099998
1791660834.048,148.206,"ztreamer_pipeline_stage_seconds_count{stage=""transaction_read""}",16864.0
1791660834.048,148.206,"ztreamer_pipeline_stage_seconds{stage=""header_read"",quantile=""0.5""}",0.0044178592929634925
1791660834.048,148.206,"ztreamer_pipeline_stage_seconds{stage=""header_read"",quantile=""0.9""}",0.007711056883596077
1791660834.048,148.206,"ztreamer_pipeline_stage_seconds{stage=""header_read"",quantile=""0.95""}",0.011430157521006288
1791660834.048,148.206,"ztreamer_pipeline_stage_seconds{stage=""header_read"",quantile=""0.99""}",0.03281400029531876
1791660834.048,148.206,"ztreamer_pipeline_stage_seconds_sum{stage=""header_read""}",86.79543182699985
1791660834.048,148.206,"ztreamer_pipeline_stage_seconds_count{stage=""header_read""}",16864.0
1791660834.048,148.206,"ztreamer_pipeline_stage_seconds{stage=""parse"",quantile=""0.5""}",6.289146863460731e-05
1791660834.048,148.206,"ztreamer_pipeline_stage_seconds{stage=""parse"",quantile=""0.9""}",0.00011365988484212919
1791660834.048,148.206,"ztreamer_pipeline_stage_seconds{stage=""parse"",quantile=""0.95""}",0.00013163204906619248
1791660834.048,148.206,"ztreamer_pipeline_stage_seconds{stage=""parse"",quantile=""0.99""}",0.00017878974816305768
1791660834.048,148.206,"ztreamer_pipeline_stage_seconds{stage=""parse"",quantile=""0.999""}",0.0009970595824671732
1791660834.048,148.206,"ztreamer_pipeline_stage_seconds{stage=""parse"",quantile=""1""}",0.00330326
1791660834.048,148.206,"ztreamer_pipeline_stage_seconds_sum{stage=""parse""}",1.2366549880000106
1791660834.048,148.206,"ztreamer_pipeline_stage_seconds_count{stage=""parse""}",16864.0
1791660834.048,148.206,"ztreamer_pipeline_stage_seconds{stage=""worker_send_wait"",quantile=""0.5""}",0.0029536900543923206
1791660834.048,148.206,"ztreamer_pipeline_stage_seconds{stage=""worker_send_wait"",quantile=""0.9""}",0.003936355343689143
1791660834.048,148.206,"ztreamer_pipeline_stage_seconds{stage=""worker_send_wait"",quantile=""0.95""}",0.004159751162210699
1791660834.048,148.206,"ztreamer_pipeline_stage_seconds{stage=""worker_send_wait"",quantile=""0.99""}",0.004433792248583799
1791660834.048,148.206,"ztreamer_pipeline_stage_seconds{stage=""worker_send_wait"",quantile=""0.999""}",0.004505303489157472
1791660834.048,148.206,"ztreamer_pipeline_stage_seconds_sum{stage=""worker_send_wait""}",98.2795884299992
1791660834.048,148.206,"ztreamer_pipeline_stage_seconds_count{stage=""worker_send_wait""}",16864.0
1791660834.048,148.206,"ztreamer_pipeline_segment_seconds{outcome=""success"",quantile=""0.5""}",0.010957840845194059
1791660834.048,148.206,"ztreamer_pipeline_segment_seconds{outcome=""success"",quantile=""0.9""}",0.03576090518909621
1791660834.048,148.206,"ztreamer_pipeline_segment_seconds{outcome=""success"",quantile=""0.95""}",0.04593628206329891
1791660834.048,148.206,"ztreamer_pipeline_segment_seconds{outcome=""success"",quantile=""0.99""}",0.3157830004124694
1791660834.048,148.206,"ztreamer_pipeline_segment_seconds{outcome=""success"",quantile=""0.999""}",0.6420429954190029
1791660834.048,148.206,"ztreamer_pipeline_segment_seconds{outcome=""success"",quantile=""1""}",1.456290075
1791660834.048,148.206,"ztreamer_pipeline_segment_seconds_sum{outcome=""success""}",281.45316326999927
1791660834.048,148.206,"ztreamer_pipeline_segment_seconds_count{outcome=""success""}",16864.0
1791660836.048,150.206,ztreamer_pipeline_source_transactions,5089390.0
1791660836.048,150.206,ztreamer_pipeline_committed_blocks,4307893.0
1791660836.048,150.206,ztreamer_pipeline_source_bytes,10516857910.0
1791660836.048,150.206,ztreamer_pipeline_source_blocks,4360448.0
1791660836.048,150.206,ztreamer_pipeline_ready_bytes,7307336.0
1791660836.048,150.206,ztreamer_pipeline_first_missing_height,4360678.0
1791660836.048,150.206,ztreamer_index_generation,58.0
1791660836.048,150.206,ztreamer_index_durable_block_height,4307892.0
1791660836.048,150.206,ztreamer_index_sealed_block_height,4306999.0
1791660836.048,150.206,ztreamer_pipeline_pending_bytes,7382344.0
1791660836.048,150.206,ztreamer_pipeline_receive_wait_seconds_sum,59.40158230399855
1791660836.048,150.206,ztreamer_pipeline_receive_wait_seconds_count,4360962.0
1791660836.048,150.206,"ztreamer_pipeline_commit_seconds{outcome=""success"",quantile=""0""}",0.329462536
1791660836.048,150.206,"ztreamer_pipeline_commit_seconds{outcome=""success"",quantile=""0.9""}",1.866192011303623
1791660836.048,150.206,"ztreamer_pipeline_commit_seconds_sum{outcome=""success""}",67.152641572
1791660836.048,150.206,"ztreamer_pipeline_commit_seconds_count{outcome=""success""}",58.0
1791660836.048,150.206,"ztreamer_pipeline_stage_seconds{stage=""txid_read"",quantile=""0.5""}",0.03972001684335556
1791660836.048,150.206,"ztreamer_pipeline_stage_seconds{stage=""txid_read"",quantile=""0.9""}",0.03972001684335556
1791660836.048,150.206,"ztreamer_pipeline_stage_seconds{stage=""txid_read"",quantile=""0.95""}",0.03972001684335556
1791660836.048,150.206,"ztreamer_pipeline_stage_seconds{stage=""txid_read"",quantile=""0.99""}",0.03972001684335556
1791660836.048,150.206,"ztreamer_pipeline_stage_seconds{stage=""txid_read"",quantile=""0.999""}",0.03972001684335556
1791660836.048,150.206,"ztreamer_pipeline_stage_seconds{stage=""txid_read"",quantile=""1""}",0.039721993
1791660836.048,150.206,"ztreamer_pipeline_stage_seconds_sum{stage=""txid_read""}",2.0705562360000025
1791660836.048,150.206,"ztreamer_pipeline_stage_seconds_count{stage=""txid_read""}",17035.0
1791660836.048,150.206,"ztreamer_pipeline_stage_seconds{stage=""transaction_read"",quantile=""0.5""}",4.94956651654619
1791660836.048,150.206,"ztreamer_pipeline_stage_seconds{stage=""transaction_read"",quantile=""0.9""}",4.94956651654619
1791660836.048,150.206,"ztreamer_pipeline_stage_seconds{stage=""transaction_read"",quantile=""0.95""}",4.94956651654619
1791660836.048,150.206,"ztreamer_pipeline_stage_seconds{stage=""transaction_read"",quantile=""0.99""}",4.94956651654619
1791660836.048,150.206,"ztreamer_pipeline_stage_seconds{stage=""transaction_read"",quantile=""0.999""}",4.94956651654619
1791660836.048,150.206,"ztreamer_pipeline_stage_seconds{stage=""transaction_read"",quantile=""1""}",4.949438218
1791660836.048,150.206,"ztreamer_pipeline_stage_seconds_sum{stage=""transaction_read""}",59.05224787699999
1791660836.048,150.206,"ztreamer_pipeline_stage_seconds_count{stage=""transaction_read""}",17035.0
1791660836.048,150.206,"ztreamer_pipeline_stage_seconds{stage=""header_read"",quantile=""0.5""}",0.00443290557880106
1791660836.048,150.206,"ztreamer_pipeline_stage_seconds{stage=""header_read"",quantile=""0.9""}",0.007790112160576817
1791660836.048,150.206,"ztreamer_pipeline_stage_seconds{stage=""header_read"",quantile=""0.95""}",0.011384528210230777
1791660836.048,150.206,"ztreamer_pipeline_stage_seconds{stage=""header_read"",quantile=""0.999""}",0.059922691989888
1791660836.048,150.206,"ztreamer_pipeline_stage_seconds_sum{stage=""header_read""}",88.00082803699986
1791660836.048,150.206,"ztreamer_pipeline_stage_seconds_count{stage=""header_read""}",17035.0
1791660836.048,150.206,"ztreamer_pipeline_stage_seconds{stage=""parse"",quantile=""0.5""}",6.353624438294996e-05
1791660836.048,150.206,"ztreamer_pipeline_stage_seconds{stage=""parse"",quantile=""0.9""}",0.00011595596683095729
1791660836.048,150.206,"ztreamer_pipeline_stage_seconds{stage=""parse"",quantile=""0.95""}",0.0001366483070440529
1791660836.048,150.206,"ztreamer_pipeline_stage_seconds{stage=""parse"",quantile=""0.99""}",0.00019202211053576657
1791660836.048,150.206,"ztreamer_pipeline_stage_seconds{stage=""parse"",quantile=""0.999""}",0.0010519601686777937
1791660836.048,150.206,"ztreamer_pipeline_stage_seconds{stage=""parse"",quantile=""1""}",0.015128244
1791660836.048,150.206,"ztreamer_pipeline_stage_seconds_sum{stage=""parse""}",1.2754185480000104
1791660836.048,150.206,"ztreamer_pipeline_stage_seconds_count{stage=""parse""}",17035.0
1791660836.048,150.206,"ztreamer_pipeline_stage_seconds{stage=""worker_send_wait"",quantile=""0.5""}",0.0029243003472002095
1791660836.048,150.206,"ztreamer_pipeline_stage_seconds{stage=""worker_send_wait"",quantile=""0.9""}",0.0038769751748123824
1791660836.048,150.206,"ztreamer_pipeline_stage_seconds{stage=""worker_send_wait"",quantile=""0.95""}",0.004095362580597313
1791660836.048,150.206,"ztreamer_pipeline_stage_seconds{stage=""worker_send_wait"",quantile=""0.99""}",0.004337313971104777
1791660836.048,150.206,"ztreamer_pipeline_stage_seconds{stage=""worker_send_wait"",quantile=""0.999""}",0.004400223151530565
1791660836.048,150.206,"ztreamer_pipeline_stage_seconds_sum{stage=""worker_send_wait""}",98.78515015399915
1791660836.048,150.206,"ztreamer_pipeline_stage_seconds_count{stage=""worker_send_wait""}",17035.0
1791660836.048,150.206,"ztreamer_pipeline_segment_seconds{outcome=""success"",quantile=""0.5""}",0.010587300944628179
1791660836.048,150.206,"ztreamer_pipeline_segment_seconds{outcome=""success"",quantile=""0.9""}",0.024755687526195252
1791660836.048,150.206,"ztreamer_pipeline_segment_seconds{outcome=""success"",quantile=""0.95""}",0.036461439968491875
1791660836.048,150.206,"ztreamer_pipeline_segment_seconds{outcome=""success"",quantile=""0.99""}",0.043591198623299715
1791660836.048,150.206,"ztreamer_pipeline_segment_seconds{outcome=""success"",quantile=""0.999""}",0.046509438186737986
1791660836.048,150.206,"ztreamer_pipeline_segment_seconds{outcome=""success"",quantile=""1""}",5.028171317
1791660836.048,150.206,"ztreamer_pipeline_segment_seconds_sum{outcome=""success""}",293.02175575199914
1791660836.048,150.206,"ztreamer_pipeline_segment_seconds_count{outcome=""success""}",17035.0
1791660836.048,150.206,"ztreamer_pipeline_batch_send_wait_seconds{quantile=""0""}",2.37e-07
1791660836.048,150.206,"ztreamer_pipeline_batch_send_wait_seconds{quantile=""0.5""}",0.0014469461791680983
1791660836.048,150.206,"ztreamer_pipeline_batch_send_wait_seconds{quantile=""0.9""}",0.40685435488134486
1791660836.048,150.206,"ztreamer_pipeline_batch_send_wait_seconds{quantile=""0.95""}",0.41932877205681396
1791660836.048,150.206,"ztreamer_pipeline_batch_send_wait_seconds{quantile=""0.99""}",0.4236278133842698
1791660836.048,150.206,"ztreamer_pipeline_batch_send_wait_seconds{quantile=""0.999""}",0.4236278133842698
1791660836.048,150.206,ztreamer_pipeline_batch_send_wait_seconds_sum,9.881070583
1791660836.048,150.206,ztreamer_pipeline_batch_send_wait_seconds_count,60.0
1791660838.048,152.206,ztreamer_pipeline_source_bytes,10745242165.0
1791660838.048,152.206,ztreamer_pipeline_source_transactions,5116087.0
1791660838.048,152.206,ztreamer_pipeline_committed_blocks,4316000.0
1791660838.048,152.206,ztreamer_pipeline_source_blocks,4382898.0
1791660838.048,152.206,ztreamer_pipeline_ready_bytes,3313224.0
1791660838.048,152.206,ztreamer_pipeline_pending_bytes,3313224.0
1791660838.048,152.206,ztreamer_index_sealed_block_height,4315999.0
1791660838.048,152.206,ztreamer_pipeline_workers_active,0.0
1791660838.048,152.206,ztreamer_pipeline_first_missing_height,4382898.0
1791660838.048,152.206,ztreamer_index_durable_block_height,4315999.0
1791660838.048,152.206,ztreamer_index_generation,59.0
1791660838.048,152.206,ztreamer_pipeline_receive_wait_seconds_sum,59.891694395997966
1791660838.048,152.206,ztreamer_pipeline_receive_wait_seconds_count,4382898.0
1791660838.048,152.206,"ztreamer_pipeline_commit_seconds_sum{outcome=""success""}",68.471349519
1791660838.048,152.206,"ztreamer_pipeline_commit_seconds_count{outcome=""success""}",59.0
1791660838.048,152.206,"ztreamer_pipeline_stage_seconds_sum{stage=""txid_read""}",2.0841015979999997
1791660838.048,152.206,"ztreamer_pipeline_stage_seconds_count{stage=""txid_read""}",17121.0
1791660838.048,152.206,"ztreamer_pipeline_stage_seconds_sum{stage=""transaction_read""}",60.28890941199998
1791660838.048,152.206,"ztreamer_pipeline_stage_seconds_count{stage=""transaction_read""}",17121.0
1791660838.048,152.206,"ztreamer_pipeline_stage_seconds{stage=""header_read"",quantile=""0.5""}",0.0044178592929634925
1791660838.048,152.206,"ztreamer_pipeline_stage_seconds{stage=""header_read"",quantile=""0.9""}",0.007771438308914625
1791660838.048,152.206,"ztreamer_pipeline_stage_seconds{stage=""header_read"",quantile=""0.95""}",0.011366327529461165
1791660838.048,152.206,"ztreamer_pipeline_stage_seconds{stage=""header_read"",quantile=""0.99""}",0.03279431780041492
1791660838.048,152.206,"ztreamer_pipeline_stage_seconds_sum{stage=""header_read""}",88.27745767499988
1791660838.048,152.206,"ztreamer_pipeline_stage_seconds_count{stage=""header_read""}",17121.0
1791660838.048,152.206,"ztreamer_pipeline_stage_seconds{stage=""parse"",quantile=""0.5""}",6.384195146705166e-05
1791660838.048,152.206,"ztreamer_pipeline_stage_seconds{stage=""parse"",quantile=""0.9""}",0.00011773196089391221
1791660838.048,152.206,"ztreamer_pipeline_stage_seconds{stage=""parse"",quantile=""0.95""}",0.00013991156205314014
1791660838.048,152.206,"ztreamer_pipeline_stage_seconds{stage=""parse"",quantile=""0.99""}",0.00020426343823415867
1791660838.048,152.206,"ztreamer_pipeline_stage_seconds_sum{stage=""parse""}",1.2897597260000098
1791660838.048,152.206,"ztreamer_pipeline_stage_seconds_count{stage=""parse""}",17121.0
1791660838.048,152.206,"ztreamer_pipeline_stage_seconds{stage=""worker_send_wait"",quantile=""0.5""}",0.0029237155456109287
1791660838.048,152.206,"ztreamer_pipeline_stage_seconds{stage=""worker_send_wait"",quantile=""0.95""}",0.0040937247631449404
1791660838.048,152.206,"ztreamer_pipeline_stage_seconds{stage=""worker_send_wait"",quantile=""0.999""}",0.004403744738510504
1791660838.048,152.206,"ztreamer_pipeline_stage_seconds_sum{stage=""worker_send_wait""}",102.19271842699912
1791660838.048,152.206,"ztreamer_pipeline_stage_seconds_count{stage=""worker_send_wait""}",17121.0
1791660838.048,152.206,"ztreamer_pipeline_segment_seconds{outcome=""success"",quantile=""0.5""}",0.010608496735313508
1791660838.048,152.206,"ztreamer_pipeline_segment_seconds{outcome=""success"",quantile=""0.9""}",0.025044525524019794
1791660838.048,152.206,"ztreamer_pipeline_segment_seconds{outcome=""success"",quantile=""0.95""}",0.0364687329857873
1791660838.048,152.206,"ztreamer_pipeline_segment_seconds_sum{outcome=""success""}",298.1435211479991
1791660838.048,152.206,"ztreamer_pipeline_segment_seconds_count{outcome=""success""}",17121.0
1791660838.048,152.206,"ztreamer_pipeline_batch_send_wait_seconds{quantile=""0.9""}",0.41383000395866376
1791660838.048,152.206,"ztreamer_pipeline_batch_send_wait_seconds{quantile=""0.95""}",0.4236278133842698
1791660838.048,152.206,"ztreamer_pipeline_batch_send_wait_seconds{quantile=""0.99""}",0.4250705993007602
1791660838.048,152.206,"ztreamer_pipeline_batch_send_wait_seconds{quantile=""0.999""}",0.4250705993007602
1791660838.048,152.206,ztreamer_pipeline_batch_send_wait_seconds_sum,10.653603678
1791660838.048,152.206,ztreamer_pipeline_batch_send_wait_seconds_count,61.0
1791660840.886,155.043,ztreamer_range_emitted_blocks,0.0
1791660840.886,155.043,ztreamer_pipeline_committed_blocks,4382898.0
1791660840.886,155.043,ztreamer_index_durable_block_height,4382897.0
1791660840.886,155.043,ztreamer_index_generation,62.0
1791660840.886,155.043,ztreamer_head_visible_height,4382897.0
1791660840.886,155.043,ztreamer_pipeline_pending_bytes,0.0
1791660840.886,155.043,ztreamer_head_ready,1.0
1791660840.886,155.043,ztreamer_head_source_height,0.0
1791660840.886,155.043,ztreamer_head_fresh,1.0
1791660840.886,155.043,ztreamer_range_active,0.0
1791660840.886,155.043,ztreamer_index_sealed_block_height,4381999.0
1791660840.886,155.043,ztreamer_pipeline_first_missing_height,nan
1791660840.886,155.043,ztreamer_pipeline_ready_bytes,0.0
1791660840.886,155.043,"ztreamer_pipeline_commit_seconds{outcome=""success"",quantile=""0""}",0.173355512
1791660840.886,155.043,"ztreamer_pipeline_commit_seconds{outcome=""success"",quantile=""0.5""}",1.3389691086407929
1791660840.886,155.043,"ztreamer_pipeline_commit_seconds_sum{outcome=""success""}",70.544559576
1791660840.886,155.043,"ztreamer_pipeline_commit_seconds_count{outcome=""success""}",62.0
1791660840.886,155.043,"ztreamer_range_duration_seconds{outcome=""error"",quantile=""0""}",0.0
1791660840.886,155.043,"ztreamer_range_duration_seconds{outcome=""error"",quantile=""0.5""}",0.0
1791660840.886,155.043,"ztreamer_range_duration_seconds{outcome=""error"",quantile=""0.9""}",0.0
1791660840.886,155.043,"ztreamer_range_duration_seconds{outcome=""error"",quantile=""0.95""}",0.0
1791660840.886,155.043,"ztreamer_range_duration_seconds{outcome=""error"",quantile=""0.99""}",0.0
1791660840.886,155.043,"ztreamer_range_duration_seconds{outcome=""error"",quantile=""0.999""}",0.0
1791660840.886,155.043,"ztreamer_range_duration_seconds{outcome=""error"",quantile=""1""}",0.0
1791660840.886,155.043,"ztreamer_range_duration_seconds_sum{outcome=""error""}",0.0
1791660840.886,155.043,"ztreamer_range_duration_seconds_count{outcome=""error""}",0.0
1791660840.886,155.043,"ztreamer_range_duration_seconds{outcome=""cancelled"",quantile=""0""}",0.0
1791660840.886,155.043,"ztreamer_range_duration_seconds{outcome=""cancelled"",quantile=""0.5""}",0.0
1791660840.886,155.043,"ztreamer_range_duration_seconds{outcome=""cancelled"",quantile=""0.9""}",0.0
1791660840.886,155.043,"ztreamer_range_duration_seconds{outcome=""cancelled"",quantile=""0.95""}",0.0
1791660840.886,155.043,"ztreamer_range_duration_seconds{outcome=""cancelled"",quantile=""0.99""}",0.0
1791660840.886,155.043,"ztreamer_range_duration_seconds{outcome=""cancelled"",quantile=""0.999""}",0.0
1791660840.886,155.043,"ztreamer_range_duration_seconds{outcome=""cancelled"",quantile=""1""}",0.0
1791660840.886,155.043,"ztreamer_range_duration_seconds_sum{outcome=""cancelled""}",0.0
1791660840.886,155.043,"ztreamer_range_duration_seconds_count{outcome=""cancelled""}",0.0
1791660840.886,155.043,"ztreamer_range_duration_seconds{outcome=""success"",quantile=""0""}",0.0
1791660840.886,155.043,"ztreamer_range_duration_seconds{outcome=""success"",quantile=""0.5""}",0.0
1791660840.886,155.043,"ztreamer_range_duration_seconds{outcome=""success"",quantile=""0.9""}",0.0
1791660840.886,155.043,"ztreamer_range_duration_seconds{outcome=""success"",quantile=""0.95""}",0.0
1791660840.886,155.043,"ztreamer_range_duration_seconds{outcome=""success"",quantile=""0.99""}",0.0
1791660840.886,155.043,"ztreamer_range_duration_seconds{outcome=""success"",quantile=""0.999""}",0.0
1791660840.886,155.043,"ztreamer_range_duration_seconds{outcome=""success"",quantile=""1""}",0.0
1791660840.886,155.043,"ztreamer_range_duration_seconds_sum{outcome=""success""}",0.0
1791660840.886,155.043,"ztreamer_range_duration_seconds_count{outcome=""success""}",0.0
1791660840.886,155.043,"ztreamer_range_first_seconds{quantile=""0""}",0.0
1791660840.886,155.043,"ztreamer_range_first_seconds{quantile=""0.5""}",0.0
1791660840.886,155.043,"ztreamer_range_first_seconds{quantile=""0.9""}",0.0
1791660840.886,155.043,"ztreamer_range_first_seconds{quantile=""0.95""}",0.0
1791660840.886,155.043,"ztreamer_range_first_seconds{quantile=""0.99""}",0.0
1791660840.886,155.043,"ztreamer_range_first_seconds{quantile=""0.999""}",0.0
1791660840.886,155.043,"ztreamer_range_first_seconds{quantile=""1""}",0.0
1791660840.886,155.043,ztreamer_range_first_seconds_sum,0.0
1791660840.886,155.043,ztreamer_range_first_seconds_count,0.0
1791660840.886,155.043,"ztreamer_pipeline_pass_seconds{outcome=""success"",quantile=""0""}",0.00010727
1791660840.886,155.043,"ztreamer_pipeline_pass_seconds{outcome=""success"",quantile=""0.5""}",0.10903351004586147
1791660840.886,155.043,"ztreamer_pipeline_pass_seconds{outcome=""success"",quantile=""0.9""}",0.10903351004586147
1791660840.886,155.043,"ztreamer_pipeline_pass_seconds{outcome=""success"",quantile=""0.95""}",0.10903351004586147
1791660840.886,155.043,"ztreamer_pipeline_pass_seconds{outcome=""success"",quantile=""0.99""}",0.10903351004586147
1791660840.886,155.043,"ztreamer_pipeline_pass_seconds{outcome=""success"",quantile=""0.999""}",0.10903351004586147
1791660840.886,155.043,"ztreamer_pipeline_pass_seconds{outcome=""success"",quantile=""1""}",76.507295863
1791660840.886,155.043,"ztreamer_pipeline_pass_seconds_sum{outcome=""success""}",76.507403133
1791660840.886,155.043,"ztreamer_pipeline_pass_seconds_count{outcome=""success""}",2.0
1791660840.886,155.043,"ztreamer_pipeline_batch_send_wait_seconds{quantile=""0.5""}",0.0015994426943235075
1791660840.886,155.043,"ztreamer_pipeline_batch_send_wait_seconds{quantile=""0.9""}",0.41932877205681396
1791660840.886,155.043,"ztreamer_pipeline_batch_send_wait_seconds{quantile=""0.95""}",0.4250705993007602
1791660840.886,155.043,"ztreamer_pipeline_batch_send_wait_seconds{quantile=""0.99""}",0.4327911465858228
1791660840.886,155.043,"ztreamer_pipeline_batch_send_wait_seconds{quantile=""0.999""}",0.4327911465858228
1791660840.886,155.043,"ztreamer_pipeline_batch_send_wait_seconds{quantile=""1""}",1.122151821
1791660840.886,155.043,ztreamer_pipeline_batch_send_wait_seconds_sum,11.775755498999999
1791660840.886,155.043,ztreamer_pipeline_batch_send_wait_seconds_count,62.0
1791660840.886,155.043,"ztreamer_head_publication_seconds{quantile=""0""}",0.0
1791660840.886,155.043,"ztreamer_head_publication_seconds{quantile=""0.5""}",0.0
1791660840.886,155.043,"ztreamer_head_publication_seconds{quantile=""0.9""}",0.0
1791660840.886,155.043,"ztreamer_head_publication_seconds{quantile=""0.95""}",0.0
1791660840.886,155.043,"ztreamer_head_publication_seconds{quantile=""0.99""}",0.0
1791660840.886,155.043,"ztreamer_head_publication_seconds{quantile=""0.999""}",0.0
1791660840.886,155.043,"ztreamer_head_publication_seconds{quantile=""1""}",0.0
1791660840.886,155.043,ztreamer_head_publication_seconds_sum,0.0
1791660840.886,155.043,ztreamer_head_publication_seconds_count,0.0
1791660840.886,155.043,"ztreamer_head_reconcile_seconds{outcome=""error"",quantile=""0""}",0.0
1791660840.886,155.043,"ztreamer_head_reconcile_seconds{outcome=""error"",quantile=""0.5""}",0.0
1791660840.886,155.043,"ztreamer_head_reconcile_seconds{outcome=""error"",quantile=""0.9""}",0.0
1791660840.886,155.043,"ztreamer_head_reconcile_seconds{outcome=""error"",quantile=""0.95""}",0.0
1791660840.886,155.043,"ztreamer_head_reconcile_seconds{outcome=""error"",quantile=""0.99""}",0.0
1791660840.886,155.043,"ztreamer_head_reconcile_seconds{outcome=""error"",quantile=""0.999""}",0.0
1791660840.886,155.043,"ztreamer_head_reconcile_seconds{outcome=""error"",quantile=""1""}",0.0
1791660840.886,155.043,"ztreamer_head_reconcile_seconds_sum{outcome=""error""}",0.0
1791660840.886,155.043,"ztreamer_head_reconcile_seconds_count{outcome=""error""}",0.0
1791660840.886,155.043,"ztreamer_head_reconcile_seconds{outcome=""success"",quantile=""0""}",0.000204539
1791660840.886,155.043,"ztreamer_head_reconcile_seconds{outcome=""success"",quantile=""0.5""}",0.00030048881318081426
1791660840.886,155.043,"ztreamer_head_reconcile_seconds{outcome=""success"",quantile=""0.9""}",0.00030048881318081426
1791660840.886,155.043,"ztreamer_head_reconcile_seconds{outcome=""success"",quantile=""0.95""}",0.00030048881318081426
1791660840.886,155.043,"ztreamer_head_reconcile_seconds{outcome=""success"",quantile=""0.99""}",0.00030048881318081426
1791660840.886,155.043,"ztreamer_head_reconcile_seconds{outcome=""success"",quantile=""0.999""}",0.00030048881318081426
1791660840.886,155.043,"ztreamer_head_reconcile_seconds{outcome=""success"",quantile=""1""}",0.000313561
1791660840.886,155.043,"ztreamer_head_reconcile_seconds_sum{outcome=""success""}",0.0008186059999999999
1791660840.886,155.043,"ztreamer_head_reconcile_seconds_count{outcome=""success""}",3.0
1791660840.886,155.043,"ztreamer_range_admission_seconds{quantile=""0""}",0.0
1791660840.886,155.043,"ztreamer_range_admission_seconds{quantile=""0.5""}",0.0
1791660840.886,155.043,"ztreamer_range_admission_seconds{quantile=""0.9""}",0.0
1791660840.886,155.043,"ztreamer_range_admission_seconds{quantile=""0.95""}",0.0
1791660840.886,155.043,"ztreamer_range_admission_seconds{quantile=""0.99""}",0.0
1791660840.886,155.043,"ztreamer_range_admission_seconds{quantile=""0.999""}",0.0
1791660840.886,155.043,"ztreamer_range_admission_seconds{quantile=""1""}",0.0
1791660840.886,155.043,ztreamer_range_admission_seconds_sum,0.0
1791660840.886,155.043,ztreamer_range_admission_seconds_count,0.0
1791660842.886,157.044,ztreamer_pipeline_first_missing_height,nan
1791660842.886,157.044,"sync_stage_duration_seconds{stage=""obtain_tips"",quantile=""0""}",6.001422817
1791660842.886,157.044,"sync_stage_duration_seconds{stage=""obtain_tips"",quantile=""1""}",6.002505079
1791660842.886,157.044,"sync_stage_duration_seconds_sum{stage=""obtain_tips""}",36.018547772
1791660842.886,157.044,"sync_stage_duration_seconds_count{stage=""obtain_tips""}",6.0
1791660842.886,157.044,"ztreamer_head_reconcile_seconds{outcome=""success"",quantile=""0.5""}",0.00031356620753102794
1791660842.886,157.044,"ztreamer_head_reconcile_seconds{outcome=""success"",quantile=""0.9""}",0.00041067844128392817
1791660842.886,157.044,"ztreamer_head_reconcile_seconds{outcome=""success"",quantile=""0.95""}",0.00041067844128392817
1791660842.886,157.044,"ztreamer_head_reconcile_seconds{outcome=""success"",quantile=""0.99""}",0.00041067844128392817
1791660842.886,157.044,"ztreamer_head_reconcile_seconds{outcome=""success"",quantile=""0.999""}",0.00041067844128392817
1791660842.886,157.044,"ztreamer_head_reconcile_seconds{outcome=""success"",quantile=""1""}",0.000425887
1791660842.886,157.044,"ztreamer_head_reconcile_seconds_sum{outcome=""success""}",0.001655201
1791660842.886,157.044,"ztreamer_head_reconcile_seconds_count{outcome=""success""}",5.0
1791660844.886,159.044,ztreamer_pipeline_first_missing_height,nan
1791660844.886,159.044,"ztreamer_pipeline_receive_wait_seconds{quantile=""0.9""}",0.00022101056922166278
1791660844.886,159.044,"ztreamer_pipeline_receive_wait_seconds{quantile=""0.95""}",0.00022101056922166278
1791660844.886,159.044,"ztreamer_pipeline_receive_wait_seconds{quantile=""0.99""}",0.00027479092221009834
1791660844.886,159.044,"ztreamer_pipeline_receive_wait_seconds{quantile=""0.999""}",0.0019438202799355784
1791660844.886,159.044,"ztreamer_pipeline_commit_seconds{outcome=""success"",quantile=""0.5""}",1.568782744237751
1791660844.886,159.044,"ztreamer_pipeline_commit_seconds{outcome=""success"",quantile=""0.9""}",1.889854793193051
1791660844.886,159.044,"ztreamer_pipeline_stage_seconds{stage=""txid_read"",quantile=""0""}",8.055e-06
1791660844.886,159.044,"ztreamer_pipeline_stage_seconds{stage=""txid_read"",quantile=""0.5""}",0.00031557946682375367
1791660844.886,159.044,"ztreamer_pipeline_stage_seconds{stage=""transaction_read"",quantile=""0""}",0.000138248
1791660844.886,159.044,"ztreamer_pipeline_stage_seconds{stage=""transaction_read"",quantile=""0.5""}",0.01160522304329665
1791660844.886,159.044,"ztreamer_pipeline_stage_seconds{stage=""header_read"",quantile=""0.5""}",0.004921706186532446
1791660844.886,159.044,"ztreamer_pipeline_stage_seconds{stage=""header_read"",quantile=""0.9""}",0.010868353947669376
1791660844.886,159.044,"ztreamer_pipeline_stage_seconds{stage=""header_read"",quantile=""0.95""}",0.025059556748300658
1791660844.886,159.044,"ztreamer_pipeline_stage_seconds{stage=""header_read"",quantile=""0.99""}",0.03479435854237681
1791660844.886,159.044,"ztreamer_pipeline_stage_seconds{stage=""header_read"",quantile=""0.999""}",0.051917465936254445
1791660844.886,159.044,"ztreamer_pipeline_stage_seconds{stage=""parse"",quantile=""0""}",4.2464e-05
1791660844.886,159.044,"ztreamer_pipeline_stage_seconds{stage=""parse"",quantile=""0.5""}",7.906027383359152e-05
1791660844.886,159.044,"ztreamer_pipeline_stage_seconds{stage=""parse"",quantile=""0.9""}",0.00013993954716406197
1791660844.886,159.044,"ztreamer_pipeline_stage_seconds{stage=""parse"",quantile=""0.95""}",0.0001646810419376475
1791660844.886,159.044,"ztreamer_pipeline_stage_seconds{stage=""parse"",quantile=""0.99""}",0.0002870368273378653
1791660844.886,159.044,"ztreamer_pipeline_stage_seconds{stage=""parse"",quantile=""0.999""}",0.0016229658589927947
1791660844.886,159.044,"ztreamer_pipeline_stage_seconds{stage=""worker_send_wait"",quantile=""0""}",0.000896774
1791660844.886,159.044,"ztreamer_pipeline_stage_seconds{stage=""worker_send_wait"",quantile=""0.5""}",0.003063797791282901
1791660844.886,159.044,"ztreamer_pipeline_stage_seconds{stage=""worker_send_wait"",quantile=""0.9""}",0.004230225307244942
1791660844.886,159.044,"ztreamer_pipeline_stage_seconds{stage=""worker_send_wait"",quantile=""0.95""}",0.004495402716291787
1791660844.886,159.044,"ztreamer_pipeline_stage_seconds{stage=""worker_send_wait"",quantile=""0.99""}",0.004924660096338539
1791660844.886,159.044,"ztreamer_pipeline_stage_seconds{stage=""worker_send_wait"",quantile=""0.999""}",0.005050338427328765
1791660844.886,159.044,"ztreamer_pipeline_segment_seconds{outcome=""success"",quantile=""0""}",0.005920166
1791660844.886,159.044,"ztreamer_pipeline_segment_seconds{outcome=""success"",quantile=""0.5""}",0.015584163838730401
1791660844.886,159.044,"ztreamer_pipeline_segment_seconds{outcome=""success"",quantile=""0.9""}",0.045143904429754966
1791660844.886,159.044,"ztreamer_pipeline_segment_seconds{outcome=""success"",quantile=""0.95""}",0.059373931391092254
1791660844.886,159.044,"ztreamer_pipeline_segment_seconds{outcome=""success"",quantile=""0.99""}",0.39043256708501517
1791660844.886,159.044,"ztreamer_pipeline_segment_seconds{outcome=""success"",quantile=""0.999""}",0.795089966148084
1791660844.886,159.044,"ztreamer_pipeline_batch_send_wait_seconds{quantile=""0.5""}",0.04283070549528254
1791660844.886,159.044,"ztreamer_pipeline_batch_send_wait_seconds{quantile=""0.9""}",0.5538286107534598
1791660844.886,159.044,"ztreamer_pipeline_batch_send_wait_seconds{quantile=""0.95""}",0.5700107795314554
1791660844.886,159.044,"ztreamer_pipeline_batch_send_wait_seconds{quantile=""0.99""}",0.5700107795314554
1791660844.886,159.044,"ztreamer_pipeline_batch_send_wait_seconds{quantile=""0.999""}",0.5700107795314554
1791660844.886,159.044,"ztreamer_head_reconcile_seconds{outcome=""success"",quantile=""0.5""}",0.00041067844128392817
1791660844.886,159.044,"ztreamer_head_reconcile_seconds{outcome=""success"",quantile=""0.9""}",0.0004242871756721379
1791660844.886,159.044,"ztreamer_head_reconcile_seconds{outcome=""success"",quantile=""0.95""}",0.0004242871756721379
1791660844.886,159.044,"ztreamer_head_reconcile_seconds{outcome=""success"",quantile=""0.99""}",0.0004242871756721379
1791660844.886,159.044,"ztreamer_head_reconcile_seconds{outcome=""success"",quantile=""0.999""}",0.0004242871756721379
1791660844.886,159.044,"ztreamer_head_reconcile_seconds_sum{outcome=""success""}",0.002498338
1791660844.886,159.044,"ztreamer_head_reconcile_seconds_count{outcome=""success""}",7.0
1791660846.886,161.044,ztreamer_pipeline_first_missing_height,nan
1791660846.886,161.044,"ztreamer_head_reconcile_seconds{outcome=""success"",quantile=""0.5""}",0.00041488879771312047
1791660846.886,161.044,"ztreamer_head_reconcile_seconds{outcome=""success"",quantile=""0.9""}",0.0004259025341824321
1791660846.886,161.044,"ztreamer_head_reconcile_seconds{outcome=""success"",quantile=""0.95""}",0.0004259025341824321
1791660846.886,161.044,"ztreamer_head_reconcile_seconds{outcome=""success"",quantile=""0.99""}",0.0004259025341824321
1791660846.886,161.044,"ztreamer_head_reconcile_seconds{outcome=""success"",quantile=""0.999""}",0.0004259025341824321
1791660846.886,161.044,"ztreamer_head_reconcile_seconds{outcome=""success"",quantile=""1""}",0.000557493
1791660846.886,161.044,"ztreamer_head_reconcile_seconds_sum{outcome=""success""}",0.003470687
1791660846.886,161.044,"ztreamer_head_reconcile_seconds_count{outcome=""success""}",9.0
1791660848.887,163.044,ztreamer_pipeline_first_missing_height,nan
1791660848.887,163.044,"ztreamer_head_reconcile_seconds{outcome=""success"",quantile=""0.5""}",0.00041182995228644474
1791660848.887,163.044,"ztreamer_head_reconcile_seconds_sum{outcome=""success""}",0.004281802
1791660848.887,163.044,"ztreamer_head_reconcile_seconds_count{outcome=""success""}",11.0
1791660850.887,165.044,ztreamer_pipeline_first_missing_height,nan
1791660850.887,165.044,"ztreamer_head_reconcile_seconds{outcome=""success"",quantile=""0.5""}",0.00041067844128392817
1791660850.887,165.044,"ztreamer_head_reconcile_seconds{outcome=""success"",quantile=""0.9""}",0.0004242871756721379
1791660850.887,165.044,"ztreamer_head_reconcile_seconds_sum{outcome=""success""}",0.004882397
1791660850.887,165.044,"ztreamer_head_reconcile_seconds_count{outcome=""success""}",13.0
1791660852.887,167.045,ztreamer_pipeline_first_missing_height,nan
1791660852.887,167.045,"ztreamer_head_reconcile_seconds{outcome=""success"",quantile=""0.5""}",0.0003992590789615164
1791660852.887,167.045,"ztreamer_head_reconcile_seconds_sum{outcome=""success""}",0.005472847
1791660852.887,167.045,"ztreamer_head_reconcile_seconds_count{outcome=""success""}",15.0
1791660854.887,169.045,ztreamer_pipeline_first_missing_height,nan
1791660854.887,169.045,"ztreamer_head_reconcile_seconds{outcome=""success"",quantile=""0.5""}",0.0003743572392452718
1791660854.887,169.045,"ztreamer_head_reconcile_seconds_sum{outcome=""success""}",0.006165178
1791660854.887,169.045,"ztreamer_head_reconcile_seconds_count{outcome=""success""}",17.0
1791660856.887,171.045,ztreamer_pipeline_first_missing_height,nan
1791660856.887,171.045,"ztreamer_head_reconcile_seconds{outcome=""success"",quantile=""0.5""}",0.00033215792258722214
1791660856.887,171.045,"ztreamer_head_reconcile_seconds_sum{outcome=""success""}",0.006777144000000001
1791660856.887,171.045,"ztreamer_head_reconcile_seconds_count{outcome=""success""}",19.0
1791660858.887,173.045,ztreamer_pipeline_first_missing_height,nan
1791660858.887,173.045,"sync_stage_duration_seconds_sum{stage=""obtain_tips""}",42.020360788999994
1791660858.887,173.045,"sync_stage_duration_seconds_count{stage=""obtain_tips""}",7.0
1791660858.887,173.045,"ztreamer_head_reconcile_seconds{outcome=""success"",quantile=""0.5""}",0.0003743572392452718
1791660858.887,173.045,"ztreamer_head_reconcile_seconds{outcome=""success"",quantile=""0.9""}",0.0004370337954272882
1791660858.887,173.045,"ztreamer_head_reconcile_seconds{outcome=""success"",quantile=""0.95""}",0.0004597167446640441
1791660858.887,173.045,"ztreamer_head_reconcile_seconds{outcome=""success"",quantile=""0.99""}",0.0004597167446640441
1791660858.887,173.045,"ztreamer_head_reconcile_seconds{outcome=""success"",quantile=""0.999""}",0.0004597167446640441
1791660858.887,173.045,"ztreamer_head_reconcile_seconds_sum{outcome=""success""}",0.007673929
1791660858.887,173.045,"ztreamer_head_reconcile_seconds_count{outcome=""success""}",21.0
1791660860.888,175.045,ztreamer_pipeline_first_missing_height,nan
1791660860.888,175.045,"ztreamer_head_reconcile_seconds{outcome=""success"",quantile=""0.9""}",0.0004259025341824321
1791660860.888,175.045,"ztreamer_head_reconcile_seconds{outcome=""success"",quantile=""0.95""}",0.0004370337954272882
1791660860.888,175.045,"ztreamer_head_reconcile_seconds_sum{outcome=""success""}",0.008346762
1791660860.888,175.045,"ztreamer_head_reconcile_seconds_count{outcome=""success""}",23.0
1791660862.888,177.046,ztreamer_pipeline_first_missing_height,nan
1791660862.888,177.046,sync_estimated_distance_to_tip,20295.0
1791660862.888,177.046,sync_estimated_network_tip_height,4403192.0
1791660862.888,177.046,"sync_stage_duration_seconds{stage=""obtain_tips"",quantile=""1""}",6.002262191
1791660862.888,177.046,"ztreamer_head_reconcile_seconds{outcome=""success"",quantile=""0.9""}",0.0004370337954272882
1791660862.888,177.046,"ztreamer_head_reconcile_seconds{outcome=""success"",quantile=""0.95""}",0.0004456841544397654
1791660862.888,177.046,"ztreamer_head_reconcile_seconds_sum{outcome=""success""}",0.009075131
1791660862.888,177.046,"ztreamer_head_reconcile_seconds_count{outcome=""success""}",25.0
1791660864.888,179.046,ztreamer_pipeline_first_missing_height,nan
1791660864.888,179.046,"ztreamer_pipeline_receive_wait_seconds{quantile=""0.5""}",0.0002048361773236593
1791660864.888,179.046,"ztreamer_pipeline_receive_wait_seconds{quantile=""0.9""}",0.0002048361773236593
1791660864.888,179.046,"ztreamer_pipeline_receive_wait_seconds{quantile=""0.95""}",0.0002048361773236593
1791660864.888,179.046,"ztreamer_pipeline_receive_wait_seconds{quantile=""0.99""}",0.0008116023709231958
1791660864.888,179.046,"ztreamer_pipeline_receive_wait_seconds{quantile=""0.999""}",0.0038269006867589768
1791660864.888,179.046,"ztreamer_pipeline_receive_wait_seconds{quantile=""1""}",0.143716212
1791660864.888,179.046,"ztreamer_pipeline_commit_seconds{outcome=""success"",quantile=""0.5""}",1.4067752046932178
1791660864.888,179.046,"ztreamer_pipeline_commit_seconds{outcome=""success"",quantile=""0.95""}",1.889854793193051
1791660864.888,179.046,"ztreamer_pipeline_commit_seconds{outcome=""success"",quantile=""0.99""}",1.889854793193051
1791660864.888,179.046,"ztreamer_pipeline_commit_seconds{outcome=""success"",quantile=""0.999""}",1.889854793193051
1791660864.888,179.046,"ztreamer_pipeline_stage_seconds{stage=""txid_read"",quantile=""0""}",8.167e-06
1791660864.888,179.046,"ztreamer_pipeline_stage_seconds{stage=""txid_read"",quantile=""0.5""}",5.661140803943466e-05
1791660864.888,179.046,"ztreamer_pipeline_stage_seconds{stage=""txid_read"",quantile=""0.9""}",0.0006214220796002771
1791660864.888,179.046,"ztreamer_pipeline_stage_seconds{stage=""txid_read"",quantile=""0.95""}",0.0014723433574537878
1791660864.888,179.046,"ztreamer_pipeline_stage_seconds{stage=""txid_read"",quantile=""0.99""}",0.005419780175427252
1791660864.888,179.046,"ztreamer_pipeline_stage_seconds{stage=""txid_read"",quantile=""0.999""}",0.015512641312761569
1791660864.888,179.046,"ztreamer_pipeline_stage_seconds{stage=""transaction_read"",quantile=""0""}",0.000170885
1791660864.888,179.046,"ztreamer_pipeline_stage_seconds{stage=""transaction_read"",quantile=""0.5""}",0.00705442625544587
1791660864.888,179.046,"ztreamer_pipeline_stage_seconds{stage=""transaction_read"",quantile=""0.9""}",0.036923760617237025
1791660864.888,179.046,"ztreamer_pipeline_stage_seconds{stage=""transaction_read"",quantile=""0.95""}",0.06444777879849783
1791660864.888,179.046,"ztreamer_pipeline_stage_seconds{stage=""transaction_read"",quantile=""0.99""}",0.34092253125211225
1791660864.888,179.046,"ztreamer_pipeline_stage_seconds{stage=""transaction_read"",quantile=""0.999""}",1.3408449782014433
1791660864.888,179.046,"ztreamer_pipeline_stage_seconds{stage=""header_read"",quantile=""0""}",0.00124247
1791660864.888,179.046,"ztreamer_pipeline_stage_seconds{stage=""header_read"",quantile=""0.5""}",0.005313523935741179
1791660864.888,179.046,"ztreamer_pipeline_stage_seconds{stage=""header_read"",quantile=""0.9""}",0.010379734078373807
1791660864.888,179.046,"ztreamer_pipeline_stage_seconds{stage=""header_read"",quantile=""0.95""}",0.012931358583861536
1791660864.888,179.046,"ztreamer_pipeline_stage_seconds{stage=""header_read"",quantile=""0.999""}",0.04902131796112844
1791660864.888,179.046,"ztreamer_pipeline_stage_seconds{stage=""header_read"",quantile=""1""}",0.149995995
1791660864.888,179.046,"ztreamer_pipeline_stage_seconds{stage=""parse"",quantile=""0""}",4.7037e-05
1791660864.888,179.046,"ztreamer_pipeline_stage_seconds{stage=""parse"",quantile=""0.5""}",9.414258757597414e-05
1791660864.888,179.046,"ztreamer_pipeline_stage_seconds{stage=""parse"",quantile=""0.9""}",0.0001778980305709944
1791660864.888,179.046,"ztreamer_pipeline_stage_seconds{stage=""parse"",quantile=""0.95""}",0.00022938699805340247
1791660864.888,179.046,"ztreamer_pipeline_stage_seconds{stage=""parse"",quantile=""0.99""}",0.0008533847743328884
1791660864.888,179.046,"ztreamer_pipeline_stage_seconds{stage=""parse"",quantile=""0.999""}",0.003180553552680687
1791660864.888,179.046,"ztreamer_pipeline_stage_seconds{stage=""worker_send_wait"",quantile=""0.5""}",0.002947788577707706
1791660864.888,179.046,"ztreamer_pipeline_stage_seconds{stage=""worker_send_wait"",quantile=""0.9""}",0.0041522703448492295
1791660864.888,179.046,"ztreamer_pipeline_stage_seconds{stage=""worker_send_wait"",quantile=""0.95""}",0.0050161126255183226
1791660864.888,179.046,"ztreamer_pipeline_stage_seconds{stage=""worker_send_wait"",quantile=""0.99""}",0.010663804594327956
1791660864.888,179.046,"ztreamer_pipeline_stage_seconds{stage=""worker_send_wait"",quantile=""0.999""}",1.0047110573163693
1791660864.888,179.046,"ztreamer_pipeline_segment_seconds{outcome=""success"",quantile=""0.5""}",0.0177832190130235
1791660864.888,179.046,"ztreamer_pipeline_segment_seconds{outcome=""success"",quantile=""0.9""}",0.0581168282337964
1791660864.888,179.046,"ztreamer_pipeline_segment_seconds{outcome=""success"",quantile=""0.95""}",0.10184532760551149
1791660864.888,179.046,"ztreamer_pipeline_segment_seconds{outcome=""success"",quantile=""0.99""}",0.7892280163433325
1791660864.888,179.046,"ztreamer_pipeline_segment_seconds{outcome=""success"",quantile=""0.999""}",1.3833387982123788
1791660864.888,179.046,"ztreamer_pipeline_batch_send_wait_seconds{quantile=""0.5""}",0.0015994426943235075
1791660864.888,179.046,"ztreamer_pipeline_batch_send_wait_seconds{quantile=""0.9""}",1.0152145759729412
1791660864.888,179.046,"ztreamer_pipeline_batch_send_wait_seconds{quantile=""0.95""}",1.0152145759729412
1791660864.888,179.046,"ztreamer_pipeline_batch_send_wait_seconds{quantile=""0.99""}",1.0152145759729412
1791660864.888,179.046,"ztreamer_pipeline_batch_send_wait_seconds{quantile=""0.999""}",1.0152145759729412
1791660864.888,179.046,"ztreamer_head_reconcile_seconds_sum{outcome=""success""}",0.009783181
1791660864.888,179.046,"ztreamer_head_reconcile_seconds_count{outcome=""success""}",27.0
1791660866.888,181.046,ztreamer_pipeline_first_missing_height,nan
1791660866.888,181.046,"ztreamer_head_reconcile_seconds{outcome=""success"",quantile=""0.5""}",0.00033563039052854446
1791660866.888,181.046,"ztreamer_head_reconcile_seconds_sum{outcome=""success""}",0.010398152
1791660866.888,181.046,"ztreamer_head_reconcile_seconds_count{outcome=""success""}",29.0
1791660868.889,183.046,ztreamer_pipeline_first_missing_height,nan
1791660868.889,183.046,"ztreamer_head_reconcile_seconds{outcome=""success"",quantile=""0.5""}",0.0003532621890680884
1791660868.889,183.046,"ztreamer_head_reconcile_seconds_sum{outcome=""success""}",0.011108512000000001
1791660868.889,183.046,"ztreamer_head_reconcile_seconds_count{outcome=""success""}",31.0
1791660870.889,185.046,ztreamer_pipeline_first_missing_height,nan
1791660870.889,185.046,"ztreamer_head_reconcile_seconds{outcome=""success"",quantile=""0.9""}",0.0004259025341824321
1791660870.889,185.046,"ztreamer_head_reconcile_seconds_sum{outcome=""success""}",0.011794581
1791660870.889,185.046,"ztreamer_head_reconcile_seconds_count{outcome=""success""}",33.0
1791660872.889,187.047,ztreamer_pipeline_first_missing_height,nan
1791660872.889,187.047,"ztreamer_head_reconcile_seconds{outcome=""success"",quantile=""0.9""}",0.0004370337954272882
1791660872.889,187.047,"ztreamer_head_reconcile_seconds_sum{outcome=""success""}",0.012517031
1791660872.889,187.047,"ztreamer_head_reconcile_seconds_count{outcome=""success""}",35.0
1791660874.889,189.047,ztreamer_pipeline_first_missing_height,nan
1791660874.889,189.047,"sync_stage_duration_seconds{stage=""obtain_tips"",quantile=""0""}",6.000997161
1791660874.889,189.047,"sync_stage_duration_seconds{stage=""obtain_tips"",quantile=""0.5""}",6.000843249719959
1791660874.889,189.047,"sync_stage_duration_seconds_sum{stage=""obtain_tips""}",48.021357949999995
1791660874.889,189.047,"sync_stage_duration_seconds_count{stage=""obtain_tips""}",8.0
1791660874.889,189.047,"ztreamer_head_reconcile_seconds_sum{outcome=""success""}",0.013222214
1791660874.889,189.047,"ztreamer_head_reconcile_seconds_count{outcome=""success""}",37.0
1791660876.889,191.047,ztreamer_pipeline_first_missing_height,nan
1791660876.889,191.047,"ztreamer_head_reconcile_seconds_sum{outcome=""success""}",0.01395524
1791660876.889,191.047,"ztreamer_head_reconcile_seconds_count{outcome=""success""}",39.0
1791660878.889,193.047,ztreamer_pipeline_first_missing_height,nan
1791660878.889,193.047,"ztreamer_head_reconcile_seconds_sum{outcome=""success""}",0.014649894000000002
1791660878.889,193.047,"ztreamer_head_reconcile_seconds_count{outcome=""success""}",41.0
1791660880.890,195.047,ztreamer_pipeline_first_missing_height,nan
1791660880.890,195.047,"ztreamer_head_reconcile_seconds{outcome=""success"",quantile=""0.9""}",0.0004259025341824321
1791660880.890,195.047,"ztreamer_head_reconcile_seconds{outcome=""success"",quantile=""0.95""}",0.00043729609438723777
1791660880.890,195.047,"ztreamer_head_reconcile_seconds_sum{outcome=""success""}",0.015379775000000002
1791660880.890,195.047,"ztreamer_head_reconcile_seconds_count{outcome=""success""}",43.0
1791660882.890,197.047,ztreamer_pipeline_first_missing_height,nan
1791660882.890,197.047,"sync_stage_duration_seconds{stage=""obtain_tips"",quantile=""0.9""}",6.000843249719959
1791660882.890,197.047,"sync_stage_duration_seconds{stage=""obtain_tips"",quantile=""0.95""}",6.000843249719959
1791660882.890,197.047,"sync_stage_duration_seconds{stage=""obtain_tips"",quantile=""0.99""}",6.000843249719959
1791660882.890,197.047,"sync_stage_duration_seconds{stage=""obtain_tips"",quantile=""0.999""}",6.000843249719959
1791660882.890,197.047,"sync_stage_duration_seconds{stage=""obtain_tips"",quantile=""1""}",6.001813017
1791660882.890,197.047,"ztreamer_head_reconcile_seconds_sum{outcome=""success""}",0.016101633000000004
1791660882.890,197.047,"ztreamer_head_reconcile_seconds_count{outcome=""success""}",45.0
1791660884.890,199.048,ztreamer_pipeline_first_missing_height,nan
1791660884.890,199.048,"ztreamer_pipeline_receive_wait_seconds{quantile=""0""}",0.0
1791660884.890,199.048,"ztreamer_pipeline_receive_wait_seconds{quantile=""0.5""}",0.0
1791660884.890,199.048,"ztreamer_pipeline_receive_wait_seconds{quantile=""0.9""}",0.0
1791660884.890,199.048,"ztreamer_pipeline_receive_wait_seconds{quantile=""0.95""}",0.0
1791660884.890,199.048,"ztreamer_pipeline_receive_wait_seconds{quantile=""0.99""}",0.0
1791660884.890,199.048,"ztreamer_pipeline_receive_wait_seconds{quantile=""0.999""}",0.0
1791660884.890,199.048,"ztreamer_pipeline_receive_wait_seconds{quantile=""1""}",0.0
1791660884.890,199.048,"ztreamer_pipeline_commit_seconds{outcome=""success"",quantile=""0""}",0.0
1791660884.890,199.048,"ztreamer_pipeline_commit_seconds{outcome=""success"",quantile=""0.5""}",0.0
1791660884.890,199.048,"ztreamer_pipeline_commit_seconds{outcome=""success"",quantile=""0.9""}",0.0
1791660884.890,199.048,"ztreamer_pipeline_commit_seconds{outcome=""success"",quantile=""0.95""}",0.0
1791660884.890,199.048,"ztreamer_pipeline_commit_seconds{outcome=""success"",quantile=""0.99""}",0.0
1791660884.890,199.048,"ztreamer_pipeline_commit_seconds{outcome=""success"",quantile=""0.999""}",0.0
1791660884.890,199.048,"ztreamer_pipeline_commit_seconds{outcome=""success"",quantile=""1""}",0.0
1791660884.890,199.048,"ztreamer_pipeline_stage_seconds{stage=""txid_read"",quantile=""0""}",0.0
1791660884.890,199.048,"ztreamer_pipeline_stage_seconds{stage=""txid_read"",quantile=""0.5""}",0.0
1791660884.890,199.048,"ztreamer_pipeline_stage_seconds{stage=""txid_read"",quantile=""0.9""}",0.0
1791660884.890,199.048,"ztreamer_pipeline_stage_seconds{stage=""txid_read"",quantile=""0.95""}",0.0
1791660884.890,199.048,"ztreamer_pipeline_stage_seconds{stage=""txid_read"",quantile=""0.99""}",0.0
1791660884.890,199.048,"ztreamer_pipeline_stage_seconds{stage=""txid_read"",quantile=""0.999""}",0.0
1791660884.890,199.048,"ztreamer_pipeline_stage_seconds{stage=""txid_read"",quantile=""1""}",0.0
1791660884.890,199.048,"ztreamer_pipeline_stage_seconds{stage=""transaction_read"",quantile=""0""}",0.0
1791660884.890,199.048,"ztreamer_pipeline_stage_seconds{stage=""transaction_read"",quantile=""0.5""}",0.0
1791660884.890,199.048,"ztreamer_pipeline_stage_seconds{stage=""transaction_read"",quantile=""0.9""}",0.0
1791660884.890,199.048,"ztreamer_pipeline_stage_seconds{stage=""transaction_read"",quantile=""0.95""}",0.0
1791660884.890,199.048,"ztreamer_pipeline_stage_seconds{stage=""transaction_read"",quantile=""0.99""}",0.0
1791660884.890,199.048,"ztreamer_pipeline_stage_seconds{stage=""transaction_read"",quantile=""0.999""}",0.0
1791660884.890,199.048,"ztreamer_pipeline_stage_seconds{stage=""transaction_read"",quantile=""1""}",0.0
1791660884.890,199.048,"ztreamer_pipeline_stage_seconds{stage=""header_read"",quantile=""0""}",0.0
1791660884.890,199.048,"ztreamer_pipeline_stage_seconds{stage=""header_read"",quantile=""0.5""}",0.0
1791660884.890,199.048,"ztreamer_pipeline_stage_seconds{stage=""header_read"",quantile=""0.9""}",0.0
1791660884.890,199.048,"ztreamer_pipeline_stage_seconds{stage=""header_read"",quantile=""0.95""}",0.0
1791660884.890,199.048,"ztreamer_pipeline_stage_seconds{stage=""header_read"",quantile=""0.99""}",0.0
1791660884.890,199.048,"ztreamer_pipeline_stage_seconds{stage=""header_read"",quantile=""0.999""}",0.0
1791660884.890,199.048,"ztreamer_pipeline_stage_seconds{stage=""header_read"",quantile=""1""}",0.0
1791660884.890,199.048,"ztreamer_pipeline_stage_seconds{stage=""parse"",quantile=""0""}",0.0
1791660884.890,199.048,"ztreamer_pipeline_stage_seconds{stage=""parse"",quantile=""0.5""}",0.0
1791660884.890,199.048,"ztreamer_pipeline_stage_seconds{stage=""parse"",quantile=""0.9""}",0.0
1791660884.890,199.048,"ztreamer_pipeline_stage_seconds{stage=""parse"",quantile=""0.95""}",0.0
1791660884.890,199.048,"ztreamer_pipeline_stage_seconds{stage=""parse"",quantile=""0.99""}",0.0
1791660884.890,199.048,"ztreamer_pipeline_stage_seconds{stage=""parse"",quantile=""0.999""}",0.0
1791660884.890,199.048,"ztreamer_pipeline_stage_seconds{stage=""parse"",quantile=""1""}",0.0
1791660884.890,199.048,"ztreamer_pipeline_stage_seconds{stage=""worker_send_wait"",quantile=""0""}",0.0
1791660884.890,199.048,"ztreamer_pipeline_stage_seconds{stage=""worker_send_wait"",quantile=""0.5""}",0.0
1791660884.890,199.048,"ztreamer_pipeline_stage_seconds{stage=""worker_send_wait"",quantile=""0.9""}",0.0
1791660884.890,199.048,"ztreamer_pipeline_stage_seconds{stage=""worker_send_wait"",quantile=""0.95""}",0.0
1791660884.890,199.048,"ztreamer_pipeline_stage_seconds{stage=""worker_send_wait"",quantile=""0.99""}",0.0
1791660884.890,199.048,"ztreamer_pipeline_stage_seconds{stage=""worker_send_wait"",quantile=""0.999""}",0.0
1791660884.890,199.048,"ztreamer_pipeline_stage_seconds{stage=""worker_send_wait"",quantile=""1""}",0.0
1791660884.890,199.048,"ztreamer_pipeline_segment_seconds{outcome=""success"",quantile=""0""}",0.0
1791660884.890,199.048,"ztreamer_pipeline_segment_seconds{outcome=""success"",quantile=""0.5""}",0.0
1791660884.890,199.048,"ztreamer_pipeline_segment_seconds{outcome=""success"",quantile=""0.9""}",0.0
1791660884.890,199.048,"ztreamer_pipeline_segment_seconds{outcome=""success"",quantile=""0.95""}",0.0
1791660884.890,199.048,"ztreamer_pipeline_segment_seconds{outcome=""success"",quantile=""0.99""}",0.0
1791660884.890,199.048,"ztreamer_pipeline_segment_seconds{outcome=""success"",quantile=""0.999""}",0.0
1791660884.890,199.048,"ztreamer_pipeline_segment_seconds{outcome=""success"",quantile=""1""}",0.0
1791660884.890,199.048,"ztreamer_pipeline_batch_send_wait_seconds{quantile=""0""}",0.0
1791660884.890,199.048,"ztreamer_pipeline_batch_send_wait_seconds{quantile=""0.5""}",0.0
1791660884.890,199.048,"ztreamer_pipeline_batch_send_wait_seconds{quantile=""0.9""}",0.0
1791660884.890,199.048,"ztreamer_pipeline_batch_send_wait_seconds{quantile=""0.95""}",0.0
1791660884.890,199.048,"ztreamer_pipeline_batch_send_wait_seconds{quantile=""0.99""}",0.0
1791660884.890,199.048,"ztreamer_pipeline_batch_send_wait_seconds{quantile=""0.999""}",0.0
1791660884.890,199.048,"ztreamer_pipeline_batch_send_wait_seconds{quantile=""1""}",0.0
1791660884.890,199.048,"ztreamer_head_reconcile_seconds{outcome=""success"",quantile=""0.5""}",0.0003570980973425362
1791660884.890,199.048,"ztreamer_head_reconcile_seconds_sum{outcome=""success""}",0.016845617000000004
1791660884.890,199.048,"ztreamer_head_reconcile_seconds_count{outcome=""success""}",47.0
1791660886.890,201.048,ztreamer_pipeline_first_missing_height,nan
1791660886.890,201.048,"ztreamer_head_reconcile_seconds_sum{outcome=""success""}",0.017590336000000005
1791660886.890,201.048,"ztreamer_head_reconcile_seconds_count{outcome=""success""}",49.0
1791660888.890,203.048,ztreamer_pipeline_first_missing_height,nan
1791660888.890,203.048,"ztreamer_head_reconcile_seconds{outcome=""success"",quantile=""0.5""}",0.00036826784997625754
1791660888.890,203.048,"ztreamer_head_reconcile_seconds_sum{outcome=""success""}",0.018336819000000004
1791660888.890,203.048,"ztreamer_head_reconcile_seconds_count{outcome=""success""}",51.0
1791660890.891,205.048,ztreamer_pipeline_first_missing_height,nan
1791660890.891,205.048,"sync_stage_duration_seconds_sum{stage=""obtain_tips""}",54.02267449399999
1791660890.891,205.048,"sync_stage_duration_seconds_count{stage=""obtain_tips""}",9.0
1791660890.891,205.048,"ztreamer_head_reconcile_seconds{outcome=""success"",quantile=""0.9""}",0.0004242871756721379
1791660890.891,205.048,"ztreamer_head_reconcile_seconds_sum{outcome=""success""}",0.019077077000000005
1791660890.891,205.048,"ztreamer_head_reconcile_seconds_count{outcome=""success""}",53.0
1791660892.891,207.048,ztreamer_pipeline_first_missing_height,nan
1791660892.891,207.048,"ztreamer_head_reconcile_seconds{outcome=""success"",quantile=""0.9""}",0.0004259025341824321
1791660892.891,207.048,"ztreamer_head_reconcile_seconds{outcome=""success"",quantile=""0.95""}",0.0004456841544397654
1791660892.891,207.048,"ztreamer_head_reconcile_seconds{outcome=""success"",quantile=""0.99""}",0.00047419115806386354
1791660892.891,207.048,"ztreamer_head_reconcile_seconds{outcome=""success"",quantile=""0.999""}",0.00047419115806386354
1791660892.891,207.048,"ztreamer_head_reconcile_seconds_sum{outcome=""success""}",0.019861426000000005
1791660892.891,207.048,"ztreamer_head_reconcile_seconds_count{outcome=""success""}",55.0
1791660894.891,209.049,ztreamer_pipeline_first_missing_height,nan
1791660894.891,209.049,"ztreamer_head_reconcile_seconds{outcome=""success"",quantile=""0.5""}",0.0003695960034825049
1791660894.891,209.049,"ztreamer_head_reconcile_seconds{outcome=""success"",quantile=""0.9""}",0.0004361606013186964
1791660894.891,209.049,"ztreamer_head_reconcile_seconds_sum{outcome=""success""}",0.020727941000000007
1791660894.891,209.049,"ztreamer_head_reconcile_seconds_count{outcome=""success""}",57.0
1791660896.891,211.049,ztreamer_pipeline_first_missing_height,nan
1791660896.891,211.049,"ztreamer_head_reconcile_seconds{outcome=""success"",quantile=""0.5""}",0.0003743572392452718
1791660896.891,211.049,"ztreamer_head_reconcile_seconds{outcome=""success"",quantile=""0.9""}",0.0004370337954272882
1791660896.891,211.049,"ztreamer_head_reconcile_seconds_sum{outcome=""success""}",0.021568767000000006
1791660896.891,211.049,"ztreamer_head_reconcile_seconds_count{outcome=""success""}",59.0
1791660898.891,213.049,ztreamer_pipeline_first_missing_height,nan
1791660898.891,213.049,"ztreamer_head_reconcile_seconds{outcome=""success"",quantile=""0.5""}",0.0003757073540595975
1791660898.891,213.049,"ztreamer_head_reconcile_seconds{outcome=""success"",quantile=""0.9""}",0.00043729609438723777
1791660898.891,213.049,"ztreamer_head_reconcile_seconds_sum{outcome=""success""}",0.022410799000000006
1791660898.891,213.049,"ztreamer_head_reconcile_seconds_count{outcome=""success""}",61.0
1791660900.892,215.049,ztreamer_pipeline_first_missing_height,nan
1791660900.892,215.049,"ztreamer_pipeline_pass_seconds{outcome=""success"",quantile=""0""}",0.0
1791660900.892,215.049,"ztreamer_pipeline_pass_seconds{outcome=""success"",quantile=""0.5""}",0.0
1791660900.892,215.049,"ztreamer_pipeline_pass_seconds{outcome=""success"",quantile=""0.9""}",0.0
1791660900.892,215.049,"ztreamer_pipeline_pass_seconds{outcome=""success"",quantile=""0.95""}",0.0
1791660900.892,215.049,"ztreamer_pipeline_pass_seconds{outcome=""success"",quantile=""0.99""}",0.0
1791660900.892,215.049,"ztreamer_pipeline_pass_seconds{outcome=""success"",quantile=""0.999""}",0.0
1791660900.892,215.049,"ztreamer_pipeline_pass_seconds{outcome=""success"",quantile=""1""}",0.0
1791660900.892,215.049,"ztreamer_head_reconcile_seconds{outcome=""success"",quantile=""0""}",0.000279359
1791660900.892,215.049,"ztreamer_head_reconcile_seconds{outcome=""success"",quantile=""0.5""}",0.0003769115432717667
1791660900.892,215.049,"ztreamer_head_reconcile_seconds{outcome=""success"",quantile=""0.9""}",0.0004361606013186964
1791660900.892,215.049,"ztreamer_head_reconcile_seconds{outcome=""success"",quantile=""0.95""}",0.0004416909932158066
1791660900.892,215.049,"ztreamer_head_reconcile_seconds{outcome=""success"",quantile=""0.99""}",0.0004456841544397654
1791660900.892,215.049,"ztreamer_head_reconcile_seconds{outcome=""success"",quantile=""0.999""}",0.0004456841544397654
1791660900.892,215.049,"ztreamer_head_reconcile_seconds{outcome=""success"",quantile=""1""}",0.00047423
1791660900.892,215.049,"ztreamer_head_reconcile_seconds_sum{outcome=""success""}",0.023216691000000005
1791660900.892,215.049,"ztreamer_head_reconcile_seconds_count{outcome=""success""}",63.0
1791660902.892,217.049,ztreamer_pipeline_first_missing_height,nan
1791660902.892,217.049,"sync_stage_duration_seconds{stage=""obtain_tips"",quantile=""1""}",6.001316544
1791660902.892,217.049,"ztreamer_head_reconcile_seconds{outcome=""success"",quantile=""0""}",0.000251337
1791660902.892,217.049,"ztreamer_head_reconcile_seconds{outcome=""success"",quantile=""0.5""}",0.0003757073540595975
1791660902.892,217.049,"ztreamer_head_reconcile_seconds_sum{outcome=""success""}",0.023751692000000005
1791660902.892,217.049,"ztreamer_head_reconcile_seconds_count{outcome=""success""}",65.0
1791660904.892,219.050,ztreamer_pipeline_first_missing_height,nan
1791660904.892,219.050,"ztreamer_head_reconcile_seconds{outcome=""success"",quantile=""0.5""}",0.0003695960034825049
1791660904.892,219.050,"ztreamer_head_reconcile_seconds_sum{outcome=""success""}",0.024357579000000004
1791660904.892,219.050,"ztreamer_head_reconcile_seconds_count{outcome=""success""}",67.0
1791660906.892,221.050,ztreamer_pipeline_first_missing_height,nan
1791660906.892,221.050,"sync_stage_duration_seconds{stage=""obtain_tips"",quantile=""1""}",6.001494228
1791660906.892,221.050,"sync_stage_duration_seconds_sum{stage=""obtain_tips""}",60.02416872199999
1791660906.892,221.050,"sync_stage_duration_seconds_count{stage=""obtain_tips""}",10.0
1791660906.892,221.050,"ztreamer_head_reconcile_seconds{outcome=""success"",quantile=""0.5""}",0.0003757073540595975
1791660906.892,221.050,"ztreamer_head_reconcile_seconds{outcome=""success"",quantile=""0.9""}",0.00043729609438723777
1791660906.892,221.050,"ztreamer_head_reconcile_seconds{outcome=""success"",quantile=""0.95""}",0.00044506063318818916
1791660906.892,221.050,"ztreamer_head_reconcile_seconds{outcome=""success"",quantile=""0.99""}",0.0004569667025633169
1791660906.892,221.050,"ztreamer_head_reconcile_seconds{outcome=""success"",quantile=""0.999""}",0.0004569667025633169
1791660906.892,221.050,"ztreamer_head_reconcile_seconds_sum{outcome=""success""}",0.025213491000000005
1791660906.892,221.050,"ztreamer_head_reconcile_seconds_count{outcome=""success""}",69.0
1791660908.892,223.050,ztreamer_pipeline_first_missing_height,nan
1791660908.892,223.050,"ztreamer_head_reconcile_seconds{outcome=""success"",quantile=""0.9""}",0.0004416909932158066
1791660908.892,223.050,"ztreamer_head_reconcile_seconds_sum{outcome=""success""}",0.025975850000000005
1791660908.892,223.050,"ztreamer_head_reconcile_seconds_count{outcome=""success""}",71.0
1791660910.892,225.050,ztreamer_pipeline_first_missing_height,nan
1791660910.892,225.050,"ztreamer_head_reconcile_seconds{outcome=""success"",quantile=""0.5""}",0.0003769115432717667
1791660910.892,225.050,"ztreamer_head_reconcile_seconds{outcome=""success"",quantile=""0.9""}",0.00043729609438723777
1791660910.892,225.050,"ztreamer_head_reconcile_seconds_sum{outcome=""success""}",0.026787967000000003
1791660910.892,225.050,"ztreamer_head_reconcile_seconds_count{outcome=""success""}",73.0
1791660912.893,227.050,ztreamer_pipeline_first_missing_height,nan
1791660912.893,227.050,"ztreamer_head_reconcile_seconds{outcome=""success"",quantile=""0.5""}",0.0003810042487814763
1791660912.893,227.050,"ztreamer_head_reconcile_seconds{outcome=""success"",quantile=""0.9""}",0.0004416909932158066
1791660912.893,227.050,"ztreamer_head_reconcile_seconds{outcome=""success"",quantile=""0.95""}",0.0004456841544397654
1791660912.893,227.050,"ztreamer_head_reconcile_seconds{outcome=""success"",quantile=""0.99""}",0.0004601766913452532
1791660912.893,227.050,"ztreamer_head_reconcile_seconds{outcome=""success"",quantile=""0.999""}",0.0004601766913452532
1791660912.893,227.050,"ztreamer_head_reconcile_seconds_sum{outcome=""success""}",0.027686756000000003
1791660912.893,227.050,"ztreamer_head_reconcile_seconds_count{outcome=""success""}",75.0
1791660914.893,229.051,ztreamer_pipeline_first_missing_height,nan
1791660914.893,229.051,"ztreamer_head_reconcile_seconds{outcome=""success"",quantile=""0.5""}",0.0003769115432717667
1791660914.893,229.051,"ztreamer_head_reconcile_seconds_sum{outcome=""success""}",0.028296471000000004
1791660914.893,229.051,"ztreamer_head_reconcile_seconds_count{outcome=""success""}",77.0
1791660916.893,231.051,ztreamer_pipeline_first_missing_height,nan
1791660916.893,231.051,"ztreamer_head_reconcile_seconds_sum{outcome=""success""}",0.029057768000000005
1791660916.893,231.051,"ztreamer_head_reconcile_seconds_count{outcome=""success""}",79.0
1791660918.893,233.051,ztreamer_pipeline_first_missing_height,nan
1791660918.893,233.051,"ztreamer_head_reconcile_seconds{outcome=""success"",quantile=""0.5""}",0.0003757073540595975
1791660918.893,233.051,"ztreamer_head_reconcile_seconds_sum{outcome=""success""}",0.029783414000000005
1791660918.893,233.051,"ztreamer_head_reconcile_seconds_count{outcome=""success""}",81.0
1791660920.893,235.051,ztreamer_pipeline_first_missing_height,nan
1791660920.893,235.051,"ztreamer_head_reconcile_seconds{outcome=""success"",quantile=""0.5""}",0.0003810042487814763
1791660920.893,235.051,"ztreamer_head_reconcile_seconds{outcome=""success"",quantile=""0.95""}",0.00044506063318818916
1791660920.893,235.051,"ztreamer_head_reconcile_seconds_sum{outcome=""success""}",0.030549050000000005
1791660920.893,235.051,"ztreamer_head_reconcile_seconds_count{outcome=""success""}",83.0
1791660922.894,237.051,ztreamer_pipeline_first_missing_height,nan
1791660922.894,237.051,"sync_stage_duration_seconds{stage=""obtain_tips"",quantile=""0""}",6.001316544
1791660922.894,237.051,"sync_stage_duration_seconds{stage=""obtain_tips"",quantile=""0.5""}",6.002043538398771
1791660922.894,237.051,"sync_stage_duration_seconds{stage=""obtain_tips"",quantile=""0.9""}",6.002043538398771
1791660922.894,237.051,"sync_stage_duration_seconds{stage=""obtain_tips"",quantile=""0.95""}",6.002043538398771
1791660922.894,237.051,"sync_stage_duration_seconds{stage=""obtain_tips"",quantile=""0.99""}",6.002043538398771
1791660922.894,237.051,"sync_stage_duration_seconds{stage=""obtain_tips"",quantile=""0.999""}",6.002043538398771
1791660922.894,237.051,"sync_stage_duration_seconds{stage=""obtain_tips"",quantile=""1""}",6.002224185
1791660922.894,237.051,"sync_stage_duration_seconds_sum{stage=""obtain_tips""}",66.02639290699999
1791660922.894,237.051,"sync_stage_duration_seconds_count{stage=""obtain_tips""}",11.0
1791660922.894,237.051,"ztreamer_head_reconcile_seconds_sum{outcome=""success""}",0.031233160000000006
1791660922.894,237.051,"ztreamer_head_reconcile_seconds_count{outcome=""success""}",85.0
1791660924.894,239.051,ztreamer_pipeline_first_missing_height,nan
1791660924.894,239.051,"ztreamer_head_reconcile_seconds{outcome=""success"",quantile=""0.5""}",0.0003769115432717667
1791660924.894,239.051,"ztreamer_head_reconcile_seconds_sum{outcome=""success""}",0.03187230600000001
1791660924.894,239.051,"ztreamer_head_reconcile_seconds_count{outcome=""success""}",87.0
1791660926.894,241.052,ztreamer_pipeline_first_missing_height,nan
1791660926.894,241.052,"ztreamer_head_reconcile_seconds_sum{outcome=""success""}",0.032589200000000006
1791660926.894,241.052,"ztreamer_head_reconcile_seconds_count{outcome=""success""}",89.0
1791660928.894,243.052,ztreamer_pipeline_first_missing_height,nan
1791660928.894,243.052,"ztreamer_head_reconcile_seconds_sum{outcome=""success""}",0.033356141000000006
1791660928.894,243.052,"ztreamer_head_reconcile_seconds_count{outcome=""success""}",91.0
1791660930.894,245.052,ztreamer_pipeline_first_missing_height,nan
1791660930.894,245.052,"ztreamer_head_reconcile_seconds{outcome=""success"",quantile=""0.5""}",0.00037593284611363623
1791660930.894,245.052,"ztreamer_head_reconcile_seconds{outcome=""success"",quantile=""0.9""}",0.00043860995247651955
1791660930.894,245.052,"ztreamer_head_reconcile_seconds_sum{outcome=""success""}",0.033967552000000005
1791660930.894,245.052,"ztreamer_head_reconcile_seconds_count{outcome=""success""}",93.0
1791660932.895,247.052,ztreamer_pipeline_first_missing_height,nan
1791660932.895,247.052,"ztreamer_head_reconcile_seconds_sum{outcome=""success""}",0.034694622
1791660932.895,247.052,"ztreamer_head_reconcile_seconds_count{outcome=""success""}",95.0
1791660934.895,249.052,ztreamer_pipeline_first_missing_height,nan
1791660934.895,249.052,"ztreamer_head_reconcile_seconds{outcome=""success"",quantile=""0.5""}",0.0003769115432717667
1791660934.895,249.052,"ztreamer_head_reconcile_seconds{outcome=""success"",quantile=""0.9""}",0.0004416909932158066
1791660934.895,249.052,"ztreamer_head_reconcile_seconds{outcome=""success"",quantile=""0.95""}",0.0004569667025633169
1791660934.895,249.052,"ztreamer_head_reconcile_seconds{outcome=""success"",quantile=""0.99""}",0.000466757815783347
1791660934.895,249.052,"ztreamer_head_reconcile_seconds{outcome=""success"",quantile=""0.999""}",0.000466757815783347
1791660934.895,249.052,"ztreamer_head_reconcile_seconds_sum{outcome=""success""}",0.035558575
1791660934.895,249.052,"ztreamer_head_reconcile_seconds_count{outcome=""success""}",97.0
1791660936.895,251.053,ztreamer_pipeline_first_missing_height,nan
1791660936.895,251.053,sync_estimated_network_tip_height,4403193.0
1791660936.895,251.053,sync_estimated_distance_to_tip,20296.0
1791660936.895,251.053,"ztreamer_head_reconcile_seconds{outcome=""success"",quantile=""0.5""}",0.0003810042487814763
1791660936.895,251.053,"ztreamer_head_reconcile_seconds_sum{outcome=""success""}",0.036422363
1791660936.895,251.053,"ztreamer_head_reconcile_seconds_count{outcome=""success""}",99.0
1791660938.895,253.053,ztreamer_pipeline_first_missing_height,nan
1791660938.895,253.053,"sync_stage_duration_seconds{stage=""obtain_tips"",quantile=""0.5""}",6.000843249719959
1791660938.895,253.053,"sync_stage_duration_seconds_sum{stage=""obtain_tips""}",72.02775989099999
1791660938.895,253.053,"sync_stage_duration_seconds_count{stage=""obtain_tips""}",12.0
1791660938.895,253.053,"ztreamer_head_reconcile_seconds_sum{outcome=""success""}",0.037110115
1791660938.895,253.053,"ztreamer_head_reconcile_seconds_count{outcome=""success""}",101.0
1791660940.895,255.053,ztreamer_pipeline_first_missing_height,nan
1791660940.895,255.053,"ztreamer_head_reconcile_seconds{outcome=""success"",quantile=""0.5""}",0.0003909620618682849
1791660940.895,255.053,"ztreamer_head_reconcile_seconds{outcome=""success"",quantile=""0.9""}",0.0004394880501894132
1791660940.895,255.053,"ztreamer_head_reconcile_seconds{outcome=""success"",quantile=""0.95""}",0.0004498033680025856
1791660940.895,255.053,"ztreamer_head_reconcile_seconds{outcome=""success"",quantile=""0.99""}",0.0004601766913452532
1791660940.895,255.053,"ztreamer_head_reconcile_seconds{outcome=""success"",quantile=""0.999""}",0.0004601766913452532
1791660940.895,255.053,"ztreamer_head_reconcile_seconds{outcome=""success"",quantile=""1""}",0.000466736
1791660940.895,255.053,"ztreamer_head_reconcile_seconds_sum{outcome=""success""}",0.037977927999999994
1791660940.895,255.053,"ztreamer_head_reconcile_seconds_count{outcome=""success""}",103.0
1791660942.896,257.053,ztreamer_pipeline_first_missing_height,nan
1791660942.896,257.053,"sync_stage_duration_seconds{stage=""obtain_tips"",quantile=""0""}",6.001366984
1791660942.896,257.053,"sync_stage_duration_seconds{stage=""obtain_tips"",quantile=""0.5""}",6.002043538398771
1791660942.896,257.053,"ztreamer_head_reconcile_seconds_sum{outcome=""success""}",0.03868409
1791660942.896,257.053,"ztreamer_head_reconcile_seconds_count{outcome=""success""}",105.0
1791660944.896,259.053,ztreamer_pipeline_first_missing_height,nan
1791660944.896,259.053,"ztreamer_head_reconcile_seconds{outcome=""success"",quantile=""0.9""}",0.00044506063318818916
1791660944.896,259.053,"ztreamer_head_reconcile_seconds{outcome=""success"",quantile=""0.95""}",0.00045106458231323863
1791660944.896,259.053,"ztreamer_head_reconcile_seconds_sum{outcome=""success""}",0.039447474
1791660944.896,259.053,"ztreamer_head_reconcile_seconds_count{outcome=""success""}",107.0
1791660946.896,261.054,ztreamer_pipeline_first_missing_height,nan
1791660946.896,261.054,"ztreamer_head_reconcile_seconds_sum{outcome=""success""}",0.04013677
1791660946.896,261.054,"ztreamer_head_reconcile_seconds_count{outcome=""success""}",109.0
1791660948.896,263.054,ztreamer_pipeline_first_missing_height,nan
1791660948.896,263.054,"ztreamer_head_reconcile_seconds{outcome=""success"",quantile=""0.9""}",0.000446487108362166
1791660948.896,263.054,"ztreamer_head_reconcile_seconds_sum{outcome=""success""}",0.040882851000000005
1791660948.896,263.054,"ztreamer_head_reconcile_seconds_count{outcome=""success""}",111.0
1791660950.896,265.054,ztreamer_pipeline_first_missing_height,nan
1791660950.896,265.054,"ztreamer_head_reconcile_seconds{outcome=""success"",quantile=""0.5""}",0.00039576101311885855
1791660950.896,265.054,"ztreamer_head_reconcile_seconds{outcome=""success"",quantile=""0.9""}",0.00044506063318818916
1791660950.896,265.054,"ztreamer_head_reconcile_seconds_sum{outcome=""success""}",0.04172603500000001
1791660950.896,265.054,"ztreamer_head_reconcile_seconds_count{outcome=""success""}",113.0
1791660952.896,267.054,ztreamer_pipeline_first_missing_height,nan
1791660952.896,267.054,"ztreamer_head_reconcile_seconds{outcome=""success"",quantile=""0.5""}",0.000397188320382427
1791660952.896,267.054,"ztreamer_head_reconcile_seconds_sum{outcome=""success""}",0.042571728
1791660952.896,267.054,"ztreamer_head_reconcile_seconds_count{outcome=""success""}",115.0
1791660954.897,269.054,ztreamer_pipeline_first_missing_height,nan
1791660954.897,269.054,"sync_stage_duration_seconds_sum{stage=""obtain_tips""}",78.02933517999999
1791660954.897,269.054,"sync_stage_duration_seconds_count{stage=""obtain_tips""}",13.0
1791660954.897,269.054,"ztreamer_head_reconcile_seconds{outcome=""success"",quantile=""0.5""}",0.0003972677659910643
1791660954.897,269.054,"ztreamer_head_reconcile_seconds_sum{outcome=""success""}",0.043432937000000005
1791660954.897,269.054,"ztreamer_head_reconcile_seconds_count{outcome=""success""}",117.0
1791660956.897,271.054,ztreamer_pipeline_first_missing_height,nan
1791660956.897,271.054,"ztreamer_head_reconcile_seconds_sum{outcome=""success""}",0.044168687000000005
1791660956.897,271.054,"ztreamer_head_reconcile_seconds_count{outcome=""success""}",119.0
1791660958.897,273.055,ztreamer_pipeline_first_missing_height,nan
1791660958.897,273.055,"ztreamer_head_reconcile_seconds{outcome=""success"",quantile=""0.5""}",0.00039893979942612557
1791660958.897,273.055,"ztreamer_head_reconcile_seconds_sum{outcome=""success""}",0.045000808
1791660958.897,273.055,"ztreamer_head_reconcile_seconds_count{outcome=""success""}",121.0
1791660960.897,275.055,ztreamer_pipeline_first_missing_height,nan
1791660960.897,275.055,"ztreamer_head_reconcile_seconds{outcome=""success"",quantile=""0""}",0.000274737
1791660960.897,275.055,"ztreamer_head_reconcile_seconds{outcome=""success"",quantile=""0.5""}",0.0004024659620328252
1791660960.897,275.055,"ztreamer_head_reconcile_seconds{outcome=""success"",quantile=""0.9""}",0.0004396638805738078
1791660960.897,275.055,"ztreamer_head_reconcile_seconds{outcome=""success"",quantile=""0.95""}",0.000446487108362166
1791660960.897,275.055,"ztreamer_head_reconcile_seconds{outcome=""success"",quantile=""0.99""}",0.00045106458231323863
1791660960.897,275.055,"ztreamer_head_reconcile_seconds{outcome=""success"",quantile=""0.999""}",0.00045106458231323863
1791660960.897,275.055,"ztreamer_head_reconcile_seconds_sum{outcome=""success""}",0.045852065
1791660960.897,275.055,"ztreamer_head_reconcile_seconds_count{outcome=""success""}",123.0
1791660962.897,277.055,ztreamer_pipeline_first_missing_height,nan
1791660962.897,277.055,"ztreamer_head_reconcile_seconds{outcome=""success"",quantile=""0.5""}",0.00040037857094371414
1791660962.897,277.055,"ztreamer_head_reconcile_seconds_sum{outcome=""success""}",0.046410978
1791660962.897,277.055,"ztreamer_head_reconcile_seconds_count{outcome=""success""}",125.0
1791660964.897,279.055,ztreamer_pipeline_first_missing_height,nan
1791660964.897,279.055,"ztreamer_head_reconcile_seconds{outcome=""success"",quantile=""0.5""}",0.0003972677659910643
1791660964.897,279.055,"ztreamer_head_reconcile_seconds_sum{outcome=""success""}",0.047023555
1791660964.897,279.055,"ztreamer_head_reconcile_seconds_count{outcome=""success""}",127.0
