1791661090.638489 runnervmmprz5 zainod-0.10.1[2979]:   19:38:10.638  INFO zebra_state::service::finalized_state::disk_db: Opened Zebra state cache at /zbench/zebra/state/v28/testnet
1791661090.638489 runnervmmprz5 zainod-0.10.1[2979]:     at /home/runner/.cargo/registry/src/index.crates.io-1949cf8c6b5b557f/zebra-state-13.0.0/src/service/finalized_state/disk_db.rs:1073
1791661090.644717 runnervmmprz5 zainod-0.10.1[2979]:   19:38:10.644  INFO zaino_state::chain_index::validator_source: Chain syncer launched
1791661090.644717 runnervmmprz5 zainod-0.10.1[2979]:     at packages/zaino-state/src/chain_index/validator_source.rs:1190
1791661090.644717 runnervmmprz5 zainod-0.10.1[2979]:     in zaino_state::indexer::node_backed_indexer::NodeBackedIndexerService::spawn with network: PubTestnet
1791661090.652665 runnervmmprz5 zainod-0.10.1[2979]:   19:38:10.652  INFO zaino_state::chain_index::validator_source: ReadStateService synced with Zebra, height: 4382897, tip_hash: 00005894e6410b9d9524e38d725e6595ef4c8f85d4deb9e56b340751b0c3d678
1791661090.652665 runnervmmprz5 zainod-0.10.1[2979]:     at packages/zaino-state/src/chain_index/validator_source.rs:1219
1791661090.652665 runnervmmprz5 zainod-0.10.1[2979]:     in zaino_state::indexer::node_backed_indexer::NodeBackedIndexerService::spawn with network: PubTestnet
1791661090.652977 runnervmmprz5 zainod-0.10.1[2979]:   19:38:10.652  INFO zaino_state::indexer::node_backed_indexer: Connected to Zcash node, build: v6.4.2, subversion: /Zebra:6.4.2/
1791661090.652977 runnervmmprz5 zainod-0.10.1[2979]:     at packages/zaino-state/src/indexer/node_backed_indexer.rs:163
1791661090.652977 runnervmmprz5 zainod-0.10.1[2979]:     in zaino_state::indexer::node_backed_indexer::NodeBackedIndexerService::spawn with network: PubTestnet
1791661090.653895 runnervmmprz5 zainod-0.10.1[2979]:   19:38:10.653  INFO zaino_chain_store_zainodb::store: finalised state running in PERSISTENT mode, mode: persistent, path: /zbench/index/zaino-0.10.1
1791661090.653895 runnervmmprz5 zainod-0.10.1[2979]:     at packages/zaino-chain-store-zainodb/src/store.rs:674
1791661090.653895 runnervmmprz5 zainod-0.10.1[2979]:     in zaino_chain_store_zainodb::store::FinalisedState::spawn with db_version: 1
1791661090.653895 runnervmmprz5 zainod-0.10.1[2979]:     in zaino_state::indexer::node_backed_indexer::NodeBackedIndexerService::spawn with network: PubTestnet
1791661090.653895 runnervmmprz5 zainod-0.10.1[2979]:   19:38:10.653  INFO zaino_chain_store_zainodb::store: Creating new FinalisedState, version: 1.3.0
1791661090.653895 runnervmmprz5 zainod-0.10.1[2979]:     at packages/zaino-chain-store-zainodb/src/store.rs:710
1791661090.653895 runnervmmprz5 zainod-0.10.1[2979]:     in zaino_chain_store_zainodb::store::FinalisedState::spawn with db_version: 1
1791661090.653895 runnervmmprz5 zainod-0.10.1[2979]:     in zaino_state::indexer::node_backed_indexer::NodeBackedIndexerService::spawn with network: PubTestnet
1791661090.654352 runnervmmprz5 zainod-0.10.1[2979]:   19:38:10.653  INFO zaino_chain_store_zainodb::store::finalised_source::v1: Launching FinalisedState
1791661090.654352 runnervmmprz5 zainod-0.10.1[2979]:     at packages/zaino-chain-store-zainodb/src/store/finalised_source/v1.rs:510
1791661090.654352 runnervmmprz5 zainod-0.10.1[2979]:     in zaino_chain_store_zainodb::store::FinalisedState::spawn with db_version: 1
1791661090.654352 runnervmmprz5 zainod-0.10.1[2979]:     in zaino_state::indexer::node_backed_indexer::NodeBackedIndexerService::spawn with network: PubTestnet
1791661090.659947 runnervmmprz5 zainod-0.10.1[2979]:   19:38:10.659  INFO zaino_chain_store_zainodb::store::finalised_source::v1: validating finalised-state spent table integrity
1791661090.659947 runnervmmprz5 zainod-0.10.1[2979]:     at packages/zaino-chain-store-zainodb/src/store/finalised_source/v1.rs:814
1791661090.660057 runnervmmprz5 zainod-0.10.1[2979]:   19:38:10.660  INFO zaino_chain_store_zainodb::store::finalised_source::v1: finalised-state spent table integrity check passed, entries: 0, elapsed: 1.033µs
1791661090.660057 runnervmmprz5 zainod-0.10.1[2979]:     at packages/zaino-chain-store-zainodb/src/store/finalised_source/v1.rs:869
1791661090.661549 runnervmmprz5 zainod-0.10.1[2979]:   19:38:10.661  INFO zaino_chain_store_zainodb::store::finalised_source::v1: initial validation complete, tip: 0
1791661090.661549 runnervmmprz5 zainod-0.10.1[2979]:     at packages/zaino-chain-store-zainodb/src/store/finalised_source/v1.rs:720
1791661090.730936 runnervmmprz5 zainod-0.10.1[2979]:   19:38:10.730  INFO zaino_chain_head_service::service: ChainHead anchored, height: 4381896, hash: 0000088efe68e57c60d1a86042e1fba77452a1726b70cb47a29e9b49d95fbb44
1791661090.730936 runnervmmprz5 zainod-0.10.1[2979]:     at packages/zaino-chain-head-service/src/service.rs:226
1791661090.730936 runnervmmprz5 zainod-0.10.1[2979]:     in zaino_chain_head_service::service::ChainHeadService::spawn with max_depth: 1001
1791661090.730936 runnervmmprz5 zainod-0.10.1[2979]:     in zaino_state::indexer::node_backed_indexer::NodeBackedIndexerService::spawn with network: PubTestnet
1791661090.732003 runnervmmprz5 zainod-0.10.1[2979]:   19:38:10.731  INFO zaino_chain_head_service::service: Syncing block, height: 4381897, hash: 00000193d29cf382fbd5a069dfe0fef68149cd12f822ff941d8f5380e02740ec
1791661090.732003 runnervmmprz5 zainod-0.10.1[2979]:     at packages/zaino-chain-head-service/src/service.rs:478
1791661090.732003 runnervmmprz5 zainod-0.10.1[2979]:     in zaino_chain_head_service::service::ChainHeadService::tick
1791661090.732782 runnervmmprz5 zainod-0.10.1[2979]:   19:38:10.732  INFO zaino_state::chain_index: Starting ChainIndex sync loop
1791661090.732782 runnervmmprz5 zainod-0.10.1[2979]:     at packages/zaino-state/src/chain_index.rs:942
1791661090.732782 runnervmmprz5 zainod-0.10.1[2979]:     in zaino_state::chain_index::ChainIndex::start_sync_loop
1791661090.732782 runnervmmprz5 zainod-0.10.1[2979]:     in zaino_state::indexer::node_backed_indexer::NodeBackedIndexerService::spawn with network: PubTestnet
1791661090.732971 runnervmmprz5 zainod-0.10.1[2979]:   19:38:10.732  INFO zaino_chain_store_zainodb::store::router: finalised state online: reads are now served by the persistent database, mode: persistent
1791661090.732971 runnervmmprz5 zainod-0.10.1[2979]:     at packages/zaino-chain-store-zainodb/src/store/router.rs:476
1791661090.732971 runnervmmprz5 zainod-0.10.1[2979]:     in zaino_state::indexer::node_backed_indexer::NodeBackedIndexerService::spawn with network: PubTestnet
1791661090.733064 runnervmmprz5 zainod-0.10.1[2979]:   19:38:10.732  INFO zaino_chain_store_zainodb::store::router: finalised state switched to the ephemeral passthrough: reads are served from the backing validator, NOT the persistent database, until sync/migration completes, requested_mode: ReadOnly, mode: ephemeral(syncing)
1791661090.733064 runnervmmprz5 zainod-0.10.1[2979]:     at packages/zaino-chain-store-zainodb/src/store/router.rs:677
1791661090.733356 runnervmmprz5 zainod-0.10.1[2979]:   19:38:10.733  INFO zaino_chain_store_zainodb::store::finalised_source::v1::write_core: write_blocks_to_height: syncing finalised blocks, start_height: 0, target: 4381896, zebra_network: Testnet
1791661090.733356 runnervmmprz5 zainod-0.10.1[2979]:     at packages/zaino-chain-store-zainodb/src/store/finalised_source/v1/write_core.rs:466
1791661090.741126 runnervmmprz5 zainod-0.10.1[2979]:   19:38:10.741  INFO zaino_chain_head_service::service: Syncing block, height: 4381898, hash: 00000372db84b6cfc353287145fc57cb0d0cf28f32312ad9faeee9f7ad020ab8
1791661090.741126 runnervmmprz5 zainod-0.10.1[2979]:     at packages/zaino-chain-head-service/src/service.rs:478
1791661090.741126 runnervmmprz5 zainod-0.10.1[2979]:     in zaino_chain_head_service::service::ChainHeadService::tick
1791661090.741844 runnervmmprz5 zainod-0.10.1[2979]:   19:38:10.741  INFO zaino_chain_head_service::service: Syncing block, height: 4381899, hash: 00000ca30e2777304cad7a88a347f4cca2c53a4ea41b429b80627e6f94f4de0c
1791661090.741844 runnervmmprz5 zainod-0.10.1[2979]:     at packages/zaino-chain-head-service/src/service.rs:478
1791661090.741844 runnervmmprz5 zainod-0.10.1[2979]:     in zaino_chain_head_service::service::ChainHeadService::tick
1791661090.743662 runnervmmprz5 zainod-0.10.1[2979]:   19:38:10.742  INFO zaino_chain_head_service::service: Syncing block, height: 4381900, hash: 00000390f85bc7f84c00d291a15d276b166cc447e419f5166843991220004b81
1791661090.743662 runnervmmprz5 zainod-0.10.1[2979]:     at packages/zaino-chain-head-service/src/service.rs:478
1791661090.743662 runnervmmprz5 zainod-0.10.1[2979]:     in zaino_chain_head_service::service::ChainHeadService::tick
1791661090.744097 runnervmmprz5 zainod-0.10.1[2979]:   19:38:10.744  INFO zaino_chain_head_service::service: Syncing block, height: 4381901, hash: 00000b333b7134dedf73796241745889fee3cc794801b7179a160d784bb1b820
1791661090.744097 runnervmmprz5 zainod-0.10.1[2979]:     at packages/zaino-chain-head-service/src/service.rs:478
1791661090.744097 runnervmmprz5 zainod-0.10.1[2979]:     in zaino_chain_head_service::service::ChainHeadService::tick
1791661090.744686 runnervmmprz5 zainod-0.10.1[2979]:   19:38:10.744  INFO zaino_chain_head_service::service: Syncing block, height: 4381902, hash: 00000fd616b6cb785e9093ee8c5f1a7a5182c56ea4b36892f5af0c4438b32a9f
1791661090.744686 runnervmmprz5 zainod-0.10.1[2979]:     at packages/zaino-chain-head-service/src/service.rs:478
1791661090.744686 runnervmmprz5 zainod-0.10.1[2979]:     in zaino_chain_head_service::service::ChainHeadService::tick
1791661090.763446 runnervmmprz5 zainod-0.10.1[2979]:   19:38:10.763  INFO zaino_chain_head_service::service: Syncing block, height: 4381903, hash: 00000f399798815b1050545e142815a370f32395acd4da7b7168c0ee4e0d19f0
1791661090.763446 runnervmmprz5 zainod-0.10.1[2979]:     at packages/zaino-chain-head-service/src/service.rs:478
1791661090.763446 runnervmmprz5 zainod-0.10.1[2979]:     in zaino_chain_head_service::service::ChainHeadService::tick
1791661090.764901 runnervmmprz5 zainod-0.10.1[2979]:   19:38:10.764  INFO zaino_chain_head_service::service: Syncing block, height: 4381904, hash: 00000316a735c66d176e6ef2bc7bb3891b320381c09fe0a323474927962f024c
1791661090.764901 runnervmmprz5 zainod-0.10.1[2979]:     at packages/zaino-chain-head-service/src/service.rs:478
1791661090.764901 runnervmmprz5 zainod-0.10.1[2979]:     in zaino_chain_head_service::service::ChainHeadService::tick
1791661090.765487 runnervmmprz5 zainod-0.10.1[2979]:   19:38:10.765  INFO zaino_chain_head_service::service: Syncing block, height: 4381905, hash: 0000083402e5365c2a47c7e939c582597556e938ffcca68624f9f8df5704252f
1791661090.765487 runnervmmprz5 zainod-0.10.1[2979]:     at packages/zaino-chain-head-service/src/service.rs:478
1791661090.765487 runnervmmprz5 zainod-0.10.1[2979]:     in zaino_chain_head_service::service::ChainHeadService::tick
1791661090.765769 runnervmmprz5 zainod-0.10.1[2979]:   19:38:10.765  INFO zaino_chain_head_service::service: Syncing block, height: 4381906, hash: 0000103586d8709d278a23514985062d6f2e19921f5f6f59468268fbd3fd31e3
1791661090.765769 runnervmmprz5 zainod-0.10.1[2979]:     at packages/zaino-chain-head-service/src/service.rs:478
1791661090.765769 runnervmmprz5 zainod-0.10.1[2979]:     in zaino_chain_head_service::service::ChainHeadService::tick
1791661090.766480 runnervmmprz5 zainod-0.10.1[2979]:   19:38:10.766  INFO zaino_chain_head_service::service: Syncing block, height: 4381907, hash: 00000c9e414ec98336a15e68a5b97298a719be39730115b29f3ac05ead81a702
1791661090.766480 runnervmmprz5 zainod-0.10.1[2979]:     at packages/zaino-chain-head-service/src/service.rs:478
1791661090.766480 runnervmmprz5 zainod-0.10.1[2979]:     in zaino_chain_head_service::service::ChainHeadService::tick
1791661090.775328 runnervmmprz5 zainod-0.10.1[2979]:   19:38:10.775  INFO zaino_chain_head_service::service: Syncing block, height: 4381908, hash: 00000b0a866ff0cadd2743731151ab4dfc319bdb22d3b59ffbed996a95ba073b
1791661090.775328 runnervmmprz5 zainod-0.10.1[2979]:     at packages/zaino-chain-head-service/src/service.rs:478
1791661090.775328 runnervmmprz5 zainod-0.10.1[2979]:     in zaino_chain_head_service::service::ChainHeadService::tick
1791661090.776070 runnervmmprz5 zainod-0.10.1[2979]:   19:38:10.776  INFO zaino_chain_head_service::service: Syncing block, height: 4381909, hash: 000006a8747bfa83aca960f9216ace93c127ab9653e3c2f52f04ec9915b95b6d
1791661090.776070 runnervmmprz5 zainod-0.10.1[2979]:     at packages/zaino-chain-head-service/src/service.rs:478
1791661090.776070 runnervmmprz5 zainod-0.10.1[2979]:     in zaino_chain_head_service::service::ChainHeadService::tick
1791661090.776618 runnervmmprz5 zainod-0.10.1[2979]:   19:38:10.776  INFO zaino_chain_head_service::service: Syncing block, height: 4381910, hash: 00000f0fe76dfbb9b7a9f5565a5c185a3ba4178a9254194ff0656e6f55ab3c89
1791661090.776618 runnervmmprz5 zainod-0.10.1[2979]:     at packages/zaino-chain-head-service/src/service.rs:478
1791661090.776618 runnervmmprz5 zainod-0.10.1[2979]:     in zaino_chain_head_service::service::ChainHeadService::tick
1791661090.777117 runnervmmprz5 zainod-0.10.1[2979]:   19:38:10.777  INFO zaino_chain_head_service::service: Syncing block, height: 4381911, hash: 00000cb08ba0ee29e5ff64adb6cfd9a5342084397ff155e4975fc719750f7df3
1791661090.777117 runnervmmprz5 zainod-0.10.1[2979]:     at packages/zaino-chain-head-service/src/service.rs:478
1791661090.777117 runnervmmprz5 zainod-0.10.1[2979]:     in zaino_chain_head_service::service::ChainHeadService::tick
1791661090.777968 runnervmmprz5 zainod-0.10.1[2979]:   19:38:10.777  INFO zaino_chain_head_service::service: Syncing block, height: 4381912, hash: 0000035e892e22dbe05c029bc8b75db7e567e66071a6955efbb0540b2d87175a
1791661090.777968 runnervmmprz5 zainod-0.10.1[2979]:     at packages/zaino-chain-head-service/src/service.rs:478
1791661090.777968 runnervmmprz5 zainod-0.10.1[2979]:     in zaino_chain_head_service::service::ChainHeadService::tick
1791661090.788401 runnervmmprz5 zainod-0.10.1[2979]:   19:38:10.788  INFO zaino_chain_head_service::service: Syncing block, height: 4381913, hash: 000010b4146565530ba926718e541047295ab2375998166f6288c81c71c005bb
1791661090.788401 runnervmmprz5 zainod-0.10.1[2979]:     at packages/zaino-chain-head-service/src/service.rs:478
1791661090.788401 runnervmmprz5 zainod-0.10.1[2979]:     in zaino_chain_head_service::service::ChainHeadService::tick
1791661090.788868 runnervmmprz5 zainod-0.10.1[2979]:   19:38:10.788  INFO zaino_chain_head_service::service: Syncing block, height: 4381914, hash: 00000163d83e469b2e73a26d94024e6eab6f3fa1c2e3bc8567359efbf5f2ff1c
1791661090.788868 runnervmmprz5 zainod-0.10.1[2979]:     at packages/zaino-chain-head-service/src/service.rs:478
1791661090.788868 runnervmmprz5 zainod-0.10.1[2979]:     in zaino_chain_head_service::service::ChainHeadService::tick
1791661090.790620 runnervmmprz5 zainod-0.10.1[2979]:   19:38:10.790  INFO zaino_chain_head_service::service: Syncing block, height: 4381915, hash: 009b33e2137b89c15471b5b3de98238ae177fbbde0aac875eda8f7fb7e3d9be1
1791661090.790620 runnervmmprz5 zainod-0.10.1[2979]:     at packages/zaino-chain-head-service/src/service.rs:478
1791661090.790620 runnervmmprz5 zainod-0.10.1[2979]:     in zaino_chain_head_service::service::ChainHeadService::tick
1791661090.790753 runnervmmprz5 zainod-0.10.1[2979]:   19:38:10.790  INFO zaino_chain_head_service::service: Syncing block, height: 4381916, hash: 003fbe369191f7b2860d054259a4fb7d6eec33053726f35e9b4f1d71a44719d4
1791661090.790753 runnervmmprz5 zainod-0.10.1[2979]:     at packages/zaino-chain-head-service/src/service.rs:478
1791661090.790753 runnervmmprz5 zainod-0.10.1[2979]:     in zaino_chain_head_service::service::ChainHeadService::tick
1791661090.791303 runnervmmprz5 zainod-0.10.1[2979]:   19:38:10.791  INFO zaino_chain_head_service::service: Syncing block, height: 4381917, hash: 000055a304da5a235cd8e726526e00c7451df66716b21dff70b80c800f1f96aa
1791661090.791303 runnervmmprz5 zainod-0.10.1[2979]:     at packages/zaino-chain-head-service/src/service.rs:478
1791661090.791303 runnervmmprz5 zainod-0.10.1[2979]:     in zaino_chain_head_service::service::ChainHeadService::tick
1791661090.792006 runnervmmprz5 zainod-0.10.1[2979]:   19:38:10.791  INFO zaino_chain_head_service::service: Syncing block, height: 4381918, hash: 004c883c8f14e7b17975a82b5c0993f27a01cca37d475ab1ca0c7a4659088bb5
1791661090.792006 runnervmmprz5 zainod-0.10.1[2979]:     at packages/zaino-chain-head-service/src/service.rs:478
1791661090.792006 runnervmmprz5 zainod-0.10.1[2979]:     in zaino_chain_head_service::service::ChainHeadService::tick
1791661090.792770 runnervmmprz5 zainod-0.10.1[2979]:   19:38:10.792  INFO zaino_chain_head_service::service: Syncing block, height: 4381919, hash: 00563a1f7ad038ff90dc4357a3d297e1e7014fbf121667f87d86222026c4afaa
1791661090.792770 runnervmmprz5 zainod-0.10.1[2979]:     at packages/zaino-chain-head-service/src/service.rs:478
1791661090.792770 runnervmmprz5 zainod-0.10.1[2979]:     in zaino_chain_head_service::service::ChainHeadService::tick
1791661090.793916 runnervmmprz5 zainod-0.10.1[2979]:   19:38:10.793  INFO zaino_chain_head_service::service: Syncing block, height: 4381920, hash: 003833323ff8cf69f91108c18371fc13a13aa508e72f2501b984a61649b9466f
1791661090.793916 runnervmmprz5 zainod-0.10.1[2979]:     at packages/zaino-chain-head-service/src/service.rs:478
1791661090.793916 runnervmmprz5 zainod-0.10.1[2979]:     in zaino_chain_head_service::service::ChainHeadService::tick
1791661090.794517 runnervmmprz5 zainod-0.10.1[2979]:   19:38:10.794  INFO zaino_chain_head_service::service: Syncing block, height: 4381921, hash: 001cfdbb9228de4e5e304e9f4f25cff15327834f55b71adb211d21e1e51497ce
1791661090.794517 runnervmmprz5 zainod-0.10.1[2979]:     at packages/zaino-chain-head-service/src/service.rs:478
1791661090.794517 runnervmmprz5 zainod-0.10.1[2979]:     in zaino_chain_head_service::service::ChainHeadService::tick
1791661090.795946 runnervmmprz5 zainod-0.10.1[2979]:   19:38:10.795  INFO zaino_chain_head_service::service: Syncing block, height: 4381922, hash: 00525eb30f0cc2945cbf157827c936f169082122ddb457adb7097a009eb72600
1791661090.795946 runnervmmprz5 zainod-0.10.1[2979]:     at packages/zaino-chain-head-service/src/service.rs:478
1791661090.795946 runnervmmprz5 zainod-0.10.1[2979]:     in zaino_chain_head_service::service::ChainHeadService::tick
1791661090.797073 runnervmmprz5 zainod-0.10.1[2979]:   19:38:10.797  INFO zaino_chain_head_service::service: Syncing block, height: 4381923, hash: 009992058c7eb975cfb8e06f28aa3a704f70153807b662210e2b0cd42807aff2
1791661090.797073 runnervmmprz5 zainod-0.10.1[2979]:     at packages/zaino-chain-head-service/src/service.rs:478
1791661090.797073 runnervmmprz5 zainod-0.10.1[2979]:     in zaino_chain_head_service::service::ChainHeadService::tick
1791661090.798161 runnervmmprz5 zainod-0.10.1[2979]:   19:38:10.798  INFO zaino_chain_head_service::service: Syncing block, height: 4381924, hash: 00002fb5c9cf2b3dff846b3665e90fcdab51cea0db14b4efa41ee23da48550d6
1791661090.798161 runnervmmprz5 zainod-0.10.1[2979]:     at packages/zaino-chain-head-service/src/service.rs:478
1791661090.798161 runnervmmprz5 zainod-0.10.1[2979]:     in zaino_chain_head_service::service::ChainHeadService::tick
1791661090.799276 runnervmmprz5 zainod-0.10.1[2979]:   19:38:10.798  INFO zaino_chain_head_service::service: Syncing block, height: 4381925, hash: 0012f64e27ae4333f9057c12a68645c9c52d7351a888b723189723ab575335ca
1791661090.799276 runnervmmprz5 zainod-0.10.1[2979]:     at packages/zaino-chain-head-service/src/service.rs:478
1791661090.799276 runnervmmprz5 zainod-0.10.1[2979]:     in zaino_chain_head_service::service::ChainHeadService::tick
1791661090.799955 runnervmmprz5 zainod-0.10.1[2979]:   19:38:10.799  INFO zaino_chain_head_service::service: Syncing block, height: 4381926, hash: 003a0babd6718d94bf4d0559ebec1235f4d81f7075297205480e4fbadb9a31e9
1791661090.799955 runnervmmprz5 zainod-0.10.1[2979]:     at packages/zaino-chain-head-service/src/service.rs:478
1791661090.799955 runnervmmprz5 zainod-0.10.1[2979]:     in zaino_chain_head_service::service::ChainHeadService::tick
1791661090.800900 runnervmmprz5 zainod-0.10.1[2979]:   19:38:10.800  INFO zaino_chain_head_service::service: Syncing block, height: 4381927, hash: 00c8082e4868985a759c5c99a6ceb8a2537aad5e0e4fd8432cb51575b60b358d
1791661090.800900 runnervmmprz5 zainod-0.10.1[2979]:     at packages/zaino-chain-head-service/src/service.rs:478
1791661090.800900 runnervmmprz5 zainod-0.10.1[2979]:     in zaino_chain_head_service::service::ChainHeadService::tick
1791661090.802001 runnervmmprz5 zainod-0.10.1[2979]:   19:38:10.801  INFO zaino_chain_head_service::service: Syncing block, height: 4381928, hash: 00281a468ea70911dd449d52783a8b030c7d1324e3d8f23494669ae323f9e9df
1791661090.802001 runnervmmprz5 zainod-0.10.1[2979]:     at packages/zaino-chain-head-service/src/service.rs:478
1791661090.802001 runnervmmprz5 zainod-0.10.1[2979]:     in zaino_chain_head_service::service::ChainHeadService::tick
1791661090.802950 runnervmmprz5 zainod-0.10.1[2979]:   19:38:10.802  INFO zaino_chain_head_service::service: Syncing block, height: 4381929, hash: 00510f813b05ccc3c25b4cc11678ffd21b01d56c71f5b233e0788e7d27f41c29
1791661090.802950 runnervmmprz5 zainod-0.10.1[2979]:     at packages/zaino-chain-head-service/src/service.rs:478
1791661090.802950 runnervmmprz5 zainod-0.10.1[2979]:     in zaino_chain_head_service::service::ChainHeadService::tick
1791661090.816535 runnervmmprz5 zainod-0.10.1[2979]:   19:38:10.816  INFO zaino_chain_head_service::service: Syncing block, height: 4381930, hash: 00dc0f537daaee215c194f75eedaca7e879a296f8337db724f8b11afe069e28b
1791661090.816535 runnervmmprz5 zainod-0.10.1[2979]:     at packages/zaino-chain-head-service/src/service.rs:478
1791661090.816535 runnervmmprz5 zainod-0.10.1[2979]:     in zaino_chain_head_service::service::ChainHeadService::tick
1791661090.817349 runnervmmprz5 zainod-0.10.1[2979]:   19:38:10.817  INFO zaino_chain_head_service::service: Syncing block, height: 4381931, hash: 00a8b36d2900510aa31ad93d0b8ce03fe689a9d484b801fc21270cd3a0b7a00b
1791661090.817349 runnervmmprz5 zainod-0.10.1[2979]:     at packages/zaino-chain-head-service/src/service.rs:478
1791661090.817349 runnervmmprz5 zainod-0.10.1[2979]:     in zaino_chain_head_service::service::ChainHeadService::tick
1791661090.818527 runnervmmprz5 zainod-0.10.1[2979]:   19:38:10.818  INFO zaino_chain_head_service::service: Syncing block, height: 4381932, hash: 0021b66718e2a0c1fe0f4e0ce1c491656d4fdca592fcb99c8e8c3262fc64d51d
1791661090.818527 runnervmmprz5 zainod-0.10.1[2979]:     at packages/zaino-chain-head-service/src/service.rs:478
1791661090.818527 runnervmmprz5 zainod-0.10.1[2979]:     in zaino_chain_head_service::service::ChainHeadService::tick
1791661090.820062 runnervmmprz5 zainod-0.10.1[2979]:   19:38:10.818  INFO zaino_chain_head_service::service: Syncing block, height: 4381933, hash: 00327c603362c358a70297b43f1cd48de8439575c52cae2a617777727f42c71f
1791661090.820062 runnervmmprz5 zainod-0.10.1[2979]:     at packages/zaino-chain-head-service/src/service.rs:478
1791661090.820062 runnervmmprz5 zainod-0.10.1[2979]:     in zaino_chain_head_service::service::ChainHeadService::tick
1791661090.820062 runnervmmprz5 zainod-0.10.1[2979]:   19:38:10.819  INFO zaino_chain_head_service::service: Syncing block, height: 4381934, hash: 005f21a60fa9874027471b7de776cd9bc4ad9b2d846c3ef29289b5c9f451fa82
1791661090.820062 runnervmmprz5 zainod-0.10.1[2979]:     at packages/zaino-chain-head-service/src/service.rs:478
1791661090.820062 runnervmmprz5 zainod-0.10.1[2979]:     in zaino_chain_head_service::service::ChainHeadService::tick
1791661090.820584 runnervmmprz5 zainod-0.10.1[2979]:   19:38:10.820  INFO zaino_chain_head_service::service: Syncing block, height: 4381935, hash: 0001013552b48e32b166480424eb914c0b1723b96de5b6ff885f4c38504fbb38
1791661090.820584 runnervmmprz5 zainod-0.10.1[2979]:     at packages/zaino-chain-head-service/src/service.rs:478
1791661090.820584 runnervmmprz5 zainod-0.10.1[2979]:     in zaino_chain_head_service::service::ChainHeadService::tick
1791661090.820867 runnervmmprz5 zainod-0.10.1[2979]:   19:38:10.820  INFO zaino_chain_head_service::service: Syncing block, height: 4381936, hash: 00003608db94a48e0c218c2e72e4704b9451fccb51f8be454a0bd8f9539e07e2
1791661090.820867 runnervmmprz5 zainod-0.10.1[2979]:     at packages/zaino-chain-head-service/src/service.rs:478
1791661090.820867 runnervmmprz5 zainod-0.10.1[2979]:     in zaino_chain_head_service::service::ChainHeadService::tick
1791661090.821744 runnervmmprz5 zainod-0.10.1[2979]:   19:38:10.821  INFO zaino_chain_head_service::service: Syncing block, height: 4381937, hash: 001dcb7afaaa0488c2c53f56df85fc9881af58fb57443989753652d311e00f03
1791661090.821744 runnervmmprz5 zainod-0.10.1[2979]:     at packages/zaino-chain-head-service/src/service.rs:478
1791661090.821744 runnervmmprz5 zainod-0.10.1[2979]:     in zaino_chain_head_service::service::ChainHeadService::tick
1791661090.822305 runnervmmprz5 zainod-0.10.1[2979]:   19:38:10.822  INFO zaino_chain_head_service::service: Syncing block, height: 4381938, hash: 002b82ca3efff0defaa2db876f18d05a5bc7a6eb34b2a8f082dd34758a315913
1791661090.822305 runnervmmprz5 zainod-0.10.1[2979]:     at packages/zaino-chain-head-service/src/service.rs:478
1791661090.822305 runnervmmprz5 zainod-0.10.1[2979]:     in zaino_chain_head_service::service::ChainHeadService::tick
1791661090.823036 runnervmmprz5 zainod-0.10.1[2979]:   19:38:10.823  INFO zaino_chain_head_service::service: Syncing block, height: 4381939, hash: 0026f63c48be2c37ae9372c293522cc119e8d02ccbf6899040a752041a2b3c2b
1791661090.823036 runnervmmprz5 zainod-0.10.1[2979]:     at packages/zaino-chain-head-service/src/service.rs:478
1791661090.823036 runnervmmprz5 zainod-0.10.1[2979]:     in zaino_chain_head_service::service::ChainHeadService::tick
1791661090.823750 runnervmmprz5 zainod-0.10.1[2979]:   19:38:10.823  INFO zaino_chain_head_service::service: Syncing block, height: 4381940, hash: 007617421006ad8eb2bfc1ff0bdaf5e9cb154681aa1bde0865034cb430f8ea63
1791661090.823750 runnervmmprz5 zainod-0.10.1[2979]:     at packages/zaino-chain-head-service/src/service.rs:478
1791661090.823750 runnervmmprz5 zainod-0.10.1[2979]:     in zaino_chain_head_service::service::ChainHeadService::tick
1791661090.825149 runnervmmprz5 zainod-0.10.1[2979]:   19:38:10.825  INFO zaino_chain_head_service::service: Syncing block, height: 4381941, hash: 00007dbb008f8fef9f19f8d5f6f987e1ae20e43fb07b6f7299aa1674363b1f00
1791661090.825149 runnervmmprz5 zainod-0.10.1[2979]:     at packages/zaino-chain-head-service/src/service.rs:478
1791661090.825149 runnervmmprz5 zainod-0.10.1[2979]:     in zaino_chain_head_service::service::ChainHeadService::tick
1791661090.825618 runnervmmprz5 zainod-0.10.1[2979]:   19:38:10.825  INFO zaino_chain_head_service::service: Syncing block, height: 4381942, hash: 007d9644394edc5a9c3ace32260c038409fd4719eede84a255409e5b40e899d5
1791661090.825618 runnervmmprz5 zainod-0.10.1[2979]:     at packages/zaino-chain-head-service/src/service.rs:478
1791661090.825618 runnervmmprz5 zainod-0.10.1[2979]:     in zaino_chain_head_service::service::ChainHeadService::tick
1791661090.826329 runnervmmprz5 zainod-0.10.1[2979]:   19:38:10.826  INFO zaino_chain_head_service::service: Syncing block, height: 4381943, hash: 000048983b047431d5c69c39cbe17fd719fba0b64eef8301225d6904de2c5926
1791661090.826329 runnervmmprz5 zainod-0.10.1[2979]:     at packages/zaino-chain-head-service/src/service.rs:478
1791661090.826329 runnervmmprz5 zainod-0.10.1[2979]:     in zaino_chain_head_service::service::ChainHeadService::tick
1791661090.827357 runnervmmprz5 zainod-0.10.1[2979]:   19:38:10.827  INFO zaino_chain_head_service::service: Syncing block, height: 4381944, hash: 009526b547757b379f875e7dbc89448b16a867aa72bd734bfdcd61ddf16d40cd
1791661090.827357 runnervmmprz5 zainod-0.10.1[2979]:     at packages/zaino-chain-head-service/src/service.rs:478
1791661090.827357 runnervmmprz5 zainod-0.10.1[2979]:     in zaino_chain_head_service::service::ChainHeadService::tick
1791661090.828386 runnervmmprz5 zainod-0.10.1[2979]:   19:38:10.828  INFO zaino_chain_head_service::service: Syncing block, height: 4381945, hash: 0000248b719687f77c06859737db9801ad3f89ef5dd383b4cc8e0c26a2e1be21
1791661090.828386 runnervmmprz5 zainod-0.10.1[2979]:     at packages/zaino-chain-head-service/src/service.rs:478
1791661090.828386 runnervmmprz5 zainod-0.10.1[2979]:     in zaino_chain_head_service::service::ChainHeadService::tick
1791661090.829507 runnervmmprz5 zainod-0.10.1[2979]:   19:38:10.829  INFO zaino_chain_head_service::service: Syncing block, height: 4381946, hash: 0024d2101411a798b94e221b33958c83e7860e08609673323684f3b5ebd89650
1791661090.829507 runnervmmprz5 zainod-0.10.1[2979]:     at packages/zaino-chain-head-service/src/service.rs:478
1791661090.829507 runnervmmprz5 zainod-0.10.1[2979]:     in zaino_chain_head_service::service::ChainHeadService::tick
1791661090.838992 runnervmmprz5 zainod-0.10.1[2979]:   19:38:10.838  INFO zaino_chain_head_service::service: Syncing block, height: 4381947, hash: 00911e47acd3287ff969fff377fdca795b2928d23de8d1766ad484f7ef4f3ffd
1791661090.838992 runnervmmprz5 zainod-0.10.1[2979]:     at packages/zaino-chain-head-service/src/service.rs:478
1791661090.838992 runnervmmprz5 zainod-0.10.1[2979]:     in zaino_chain_head_service::service::ChainHeadService::tick
1791661090.839363 runnervmmprz5 zainod-0.10.1[2979]:   19:38:10.839  INFO zaino_chain_head_service::service: Syncing block, height: 4381948, hash: 007a3738fa21017868f7e08c96d1102cdc7b9021e3bd59e5d4d1e7984f132ff9
1791661090.839363 runnervmmprz5 zainod-0.10.1[2979]:     at packages/zaino-chain-head-service/src/service.rs:478
1791661090.839363 runnervmmprz5 zainod-0.10.1[2979]:     in zaino_chain_head_service::service::ChainHeadService::tick
1791661090.839917 runnervmmprz5 zainod-0.10.1[2979]:   19:38:10.839  INFO zaino_chain_head_service::service: Syncing block, height: 4381949, hash: 0023c2e3382c11e774d84aefa9db0e97b7141581101ba1fcb636a8872b875ff9
1791661090.839917 runnervmmprz5 zainod-0.10.1[2979]:     at packages/zaino-chain-head-service/src/service.rs:478
1791661090.839917 runnervmmprz5 zainod-0.10.1[2979]:     in zaino_chain_head_service::service::ChainHeadService::tick
1791661090.840842 runnervmmprz5 zainod-0.10.1[2979]:   19:38:10.840  INFO zaino_chain_head_service::service: Syncing block, height: 4381950, hash: 0066a875253781c995688a5f8c16e228fb4d135b3f7e7176bd35be4e5278242b
1791661090.840842 runnervmmprz5 zainod-0.10.1[2979]:     at packages/zaino-chain-head-service/src/service.rs:478
1791661090.840842 runnervmmprz5 zainod-0.10.1[2979]:     in zaino_chain_head_service::service::ChainHeadService::tick
1791661090.841606 runnervmmprz5 zainod-0.10.1[2979]:   19:38:10.841  INFO zaino_chain_head_service::service: Syncing block, height: 4381951, hash: 00004f2074207722c8fd46b5ef1d3ea02d9724e46558197ff12040b388db12ae
1791661090.841606 runnervmmprz5 zainod-0.10.1[2979]:     at packages/zaino-chain-head-service/src/service.rs:478
1791661090.841606 runnervmmprz5 zainod-0.10.1[2979]:     in zaino_chain_head_service::service::ChainHeadService::tick
1791661090.843017 runnervmmprz5 zainod-0.10.1[2979]:   19:38:10.842  INFO zaino_chain_head_service::service: Syncing block, height: 4381952, hash: 00007590685fc02aa45c153aaeeb48394033e7f53f78bcd9158bf682ab7efa88
1791661090.843017 runnervmmprz5 zainod-0.10.1[2979]:     at packages/zaino-chain-head-service/src/service.rs:478
1791661090.843017 runnervmmprz5 zainod-0.10.1[2979]:     in zaino_chain_head_service::service::ChainHeadService::tick
1791661090.843216 runnervmmprz5 zainod-0.10.1[2979]:   19:38:10.843  INFO zaino_chain_head_service::service: Syncing block, height: 4381953, hash: 00002314a9fd4a8505c35fc603bd49e4d1878f30076c6d6c00614df423436098
1791661090.843216 runnervmmprz5 zainod-0.10.1[2979]:     at packages/zaino-chain-head-service/src/service.rs:478
1791661090.843216 runnervmmprz5 zainod-0.10.1[2979]:     in zaino_chain_head_service::service::ChainHeadService::tick
1791661090.844165 runnervmmprz5 zainod-0.10.1[2979]:   19:38:10.844  INFO zaino_chain_head_service::service: Syncing block, height: 4381954, hash: 001a0757e31e0d22eee6814151cefdaaa3443314c8740b346c8986e2eceeebc4
1791661090.844165 runnervmmprz5 zainod-0.10.1[2979]:     at packages/zaino-chain-head-service/src/service.rs:478
1791661090.844165 runnervmmprz5 zainod-0.10.1[2979]:     in zaino_chain_head_service::service::ChainHeadService::tick
1791661090.844986 runnervmmprz5 zainod-0.10.1[2979]:   19:38:10.844  INFO zaino_chain_head_service::service: Syncing block, height: 4381955, hash: 0000650a985bafac5a0aab677e882cf0bbdc59f45003f179096f4d1314643afd
1791661090.844986 runnervmmprz5 zainod-0.10.1[2979]:     at packages/zaino-chain-head-service/src/service.rs:478
1791661090.844986 runnervmmprz5 zainod-0.10.1[2979]:     in zaino_chain_head_service::service::ChainHeadService::tick
1791661090.845793 runnervmmprz5 zainod-0.10.1[2979]:   19:38:10.845  INFO zaino_chain_head_service::service: Syncing block, height: 4381956, hash: 00012498ad767ce880e9a4f9fe49da82e5e29bbc19b79d3e6bd3346f187fa8ad
1791661090.845793 runnervmmprz5 zainod-0.10.1[2979]:     at packages/zaino-chain-head-service/src/service.rs:478
1791661090.845793 runnervmmprz5 zainod-0.10.1[2979]:     in zaino_chain_head_service::service::ChainHeadService::tick
1791661090.846624 runnervmmprz5 zainod-0.10.1[2979]:   19:38:10.846  INFO zaino_chain_head_service::service: Syncing block, height: 4381957, hash: 000022ef8a58af4567695d46445c9c572febc95c28ef15ce8017f2f33f19c947
1791661090.846624 runnervmmprz5 zainod-0.10.1[2979]:     at packages/zaino-chain-head-service/src/service.rs:478
1791661090.846624 runnervmmprz5 zainod-0.10.1[2979]:     in zaino_chain_head_service::service::ChainHeadService::tick
1791661090.848216 runnervmmprz5 zainod-0.10.1[2979]:   19:38:10.848  INFO zaino_chain_head_service::service: Syncing block, height: 4381958, hash: 00293de314fac83248191b51519be03e91db4112b7113fbecfc26625257e4716
1791661090.848216 runnervmmprz5 zainod-0.10.1[2979]:     at packages/zaino-chain-head-service/src/service.rs:478
1791661090.848216 runnervmmprz5 zainod-0.10.1[2979]:     in zaino_chain_head_service::service::ChainHeadService::tick
1791661090.848513 runnervmmprz5 zainod-0.10.1[2979]:   19:38:10.848  INFO zaino_chain_head_service::service: Syncing block, height: 4381959, hash: 00007eb0a0abf041ad2a015e553772da6a898fa1d5f08605f180bc9c9af265cf
1791661090.848513 runnervmmprz5 zainod-0.10.1[2979]:     at packages/zaino-chain-head-service/src/service.rs:478
1791661090.848513 runnervmmprz5 zainod-0.10.1[2979]:     in zaino_chain_head_service::service::ChainHeadService::tick
1791661090.848916 runnervmmprz5 zainod-0.10.1[2979]:   19:38:10.848  INFO zaino_chain_head_service::service: Syncing block, height: 4381960, hash: 00007663588b8446dcf616f9861cf708e22df7be5c430468b23894cd19452d5c
1791661090.848916 runnervmmprz5 zainod-0.10.1[2979]:     at packages/zaino-chain-head-service/src/service.rs:478
1791661090.848916 runnervmmprz5 zainod-0.10.1[2979]:     in zaino_chain_head_service::service::ChainHeadService::tick
1791661090.860747 runnervmmprz5 zainod-0.10.1[2979]:   19:38:10.860  INFO zaino_chain_head_service::service: Syncing block, height: 4381961, hash: 00005704ec6a9840ec08b38c925bb15c41fef5785df58648fbb3f3fe433b8568
1791661090.860747 runnervmmprz5 zainod-0.10.1[2979]:     at packages/zaino-chain-head-service/src/service.rs:478
1791661090.860747 runnervmmprz5 zainod-0.10.1[2979]:     in zaino_chain_head_service::service::ChainHeadService::tick
1791661090.861579 runnervmmprz5 zainod-0.10.1[2979]:   19:38:10.861  INFO zaino_chain_head_service::service: Syncing block, height: 4381962, hash: 000041ce4a7ffb45514951c3381074d43bf8007be3654f4f1b07f0b83ace6e49
1791661090.861579 runnervmmprz5 zainod-0.10.1[2979]:     at packages/zaino-chain-head-service/src/service.rs:478
1791661090.861579 runnervmmprz5 zainod-0.10.1[2979]:     in zaino_chain_head_service::service::ChainHeadService::tick
1791661090.862243 runnervmmprz5 zainod-0.10.1[2979]:   19:38:10.862  INFO zaino_chain_head_service::service: Syncing block, height: 4381963, hash: 00002e843b760ef2b353bc7f401c51e7cb40d97b223723a14c02984f48380c05
1791661090.862243 runnervmmprz5 zainod-0.10.1[2979]:     at packages/zaino-chain-head-service/src/service.rs:478
1791661090.862243 runnervmmprz5 zainod-0.10.1[2979]:     in zaino_chain_head_service::service::ChainHeadService::tick
1791661090.862625 runnervmmprz5 zainod-0.10.1[2979]:   19:38:10.862  INFO zaino_chain_head_service::service: Syncing block, height: 4381964, hash: 00005e55cca393dfc4ea35ebdb00358f14d945ebae144137885eeec4c02edae8
1791661090.862625 runnervmmprz5 zainod-0.10.1[2979]:     at packages/zaino-chain-head-service/src/service.rs:478
1791661090.862625 runnervmmprz5 zainod-0.10.1[2979]:     in zaino_chain_head_service::service::ChainHeadService::tick
1791661090.863585 runnervmmprz5 zainod-0.10.1[2979]:   19:38:10.863  INFO zaino_chain_head_service::service: Syncing block, height: 4381965, hash: 000060b53edde03494de4b7428eb3aa7823e225cc18102cb45c52e65f602516a
1791661090.863585 runnervmmprz5 zainod-0.10.1[2979]:     at packages/zaino-chain-head-service/src/service.rs:478
1791661090.863585 runnervmmprz5 zainod-0.10.1[2979]:     in zaino_chain_head_service::service::ChainHeadService::tick
1791661090.864943 runnervmmprz5 zainod-0.10.1[2979]:   19:38:10.863  INFO zaino_chain_head_service::service: Syncing block, height: 4381966, hash: 0000755687325a7d886982de65dfe8a65bb57e8cc7916b237368f34bb9ebc7c7
1791661090.864943 runnervmmprz5 zainod-0.10.1[2979]:     at packages/zaino-chain-head-service/src/service.rs:478
1791661090.864943 runnervmmprz5 zainod-0.10.1[2979]:     in zaino_chain_head_service::service::ChainHeadService::tick
1791661090.864943 runnervmmprz5 zainod-0.10.1[2979]:   19:38:10.864  INFO zaino_chain_head_service::service: Syncing block, height: 4381967, hash: 00000e12be1da2923afa461d5a239f57fe63cdd51509fadfef0354f65c3af069
1791661090.864943 runnervmmprz5 zainod-0.10.1[2979]:     at packages/zaino-chain-head-service/src/service.rs:478
1791661090.864943 runnervmmprz5 zainod-0.10.1[2979]:     in zaino_chain_head_service::service::ChainHeadService::tick
1791661090.873687 runnervmmprz5 zainod-0.10.1[2979]:   19:38:10.873  INFO zaino_chain_head_service::service: Syncing block, height: 4381968, hash: 000045d088e8df097cb62159badcb0f8114ad8b6bfa7c94fe3eede756ff15f4b
1791661090.873687 runnervmmprz5 zainod-0.10.1[2979]:     at packages/zaino-chain-head-service/src/service.rs:478
1791661090.873687 runnervmmprz5 zainod-0.10.1[2979]:     in zaino_chain_head_service::service::ChainHeadService::tick
1791661090.874959 runnervmmprz5 zainod-0.10.1[2979]:   19:38:10.874  INFO zaino_chain_head_service::service: Syncing block, height: 4381969, hash: 00000f2e5059ba8f8ff79bebf46964f44b90511181a53a6d453039387c775842
1791661090.874959 runnervmmprz5 zainod-0.10.1[2979]:     at packages/zaino-chain-head-service/src/service.rs:478
1791661090.874959 runnervmmprz5 zainod-0.10.1[2979]:     in zaino_chain_head_service::service::ChainHeadService::tick
1791661090.878591 runnervmmprz5 zainod-0.10.1[2979]:   19:38:10.878  INFO zaino_chain_head_service::service: Syncing block, height: 4381970, hash: 00001d66c4fb933e08d5929e644a99e47c24b217b333b0cd77be0ee26d71ba4c
1791661090.878591 runnervmmprz5 zainod-0.10.1[2979]:     at packages/zaino-chain-head-service/src/service.rs:478
1791661090.878591 runnervmmprz5 zainod-0.10.1[2979]:     in zaino_chain_head_service::service::ChainHeadService::tick
1791661090.880090 runnervmmprz5 zainod-0.10.1[2979]:   19:38:10.880  INFO zaino_chain_head_service::service: Syncing block, height: 4381971, hash: 0056134367a551b9329aa41083b3f56b84cfe332272ceabd5d079443eace3cb5
1791661090.880090 runnervmmprz5 zainod-0.10.1[2979]:     at packages/zaino-chain-head-service/src/service.rs:478
1791661090.880090 runnervmmprz5 zainod-0.10.1[2979]:     in zaino_chain_head_service::service::ChainHeadService::tick
1791661090.882602 runnervmmprz5 zainod-0.10.1[2979]:   19:38:10.882  INFO zaino_chain_head_service::service: Syncing block, height: 4381972, hash: 000023fda2f5ee3e27e7b38362c10fa9e37ef4e45a6cc110b7e627d9a02ccadf
1791661090.882602 runnervmmprz5 zainod-0.10.1[2979]:     at packages/zaino-chain-head-service/src/service.rs:478
1791661090.882602 runnervmmprz5 zainod-0.10.1[2979]:     in zaino_chain_head_service::service::ChainHeadService::tick
1791661090.883882 runnervmmprz5 zainod-0.10.1[2979]:   19:38:10.883  INFO zaino_chain_head_service::service: Syncing block, height: 4381973, hash: 000055ad8431de934bc2df3214f9c392ff8d7404b95ddc25e47a6525b4a1c9a4
1791661090.883882 runnervmmprz5 zainod-0.10.1[2979]:     at packages/zaino-chain-head-service/src/service.rs:478
1791661090.883882 runnervmmprz5 zainod-0.10.1[2979]:     in zaino_chain_head_service::service::ChainHeadService::tick
1791661090.884937 runnervmmprz5 zainod-0.10.1[2979]:   19:38:10.884  INFO zaino_chain_head_service::service: Syncing block, height: 4381974, hash: 00003911500063b1fd015bfb5881609b32843267714595a31715f0d709e1f133
1791661090.884937 runnervmmprz5 zainod-0.10.1[2979]:     at packages/zaino-chain-head-service/src/service.rs:478
1791661090.884937 runnervmmprz5 zainod-0.10.1[2979]:     in zaino_chain_head_service::service::ChainHeadService::tick
1791661090.885444 runnervmmprz5 zainod-0.10.1[2979]:   19:38:10.885  INFO zaino_chain_head_service::service: Syncing block, height: 4381975, hash: 00006a51c50a13b569239f724ad2ccc882ed4835ea1887a2ac923aec901f1b4e
1791661090.885444 runnervmmprz5 zainod-0.10.1[2979]:     at packages/zaino-chain-head-service/src/service.rs:478
1791661090.885444 runnervmmprz5 zainod-0.10.1[2979]:     in zaino_chain_head_service::service::ChainHeadService::tick
1791661090.886291 runnervmmprz5 zainod-0.10.1[2979]:   19:38:10.886  INFO zaino_chain_head_service::service: Syncing block, height: 4381976, hash: 00005ed10f9c6801ead18e0fa80ba05f641b5186c7ef3f05bf466df12863a5c8
1791661090.886291 runnervmmprz5 zainod-0.10.1[2979]:     at packages/zaino-chain-head-service/src/service.rs:478
1791661090.886291 runnervmmprz5 zainod-0.10.1[2979]:     in zaino_chain_head_service::service::ChainHeadService::tick
1791661090.886759 runnervmmprz5 zainod-0.10.1[2979]:   19:38:10.886  INFO zaino_chain_head_service::service: Syncing block, height: 4381977, hash: 00000fde049a8b97aa5133d68e0ea177e4a636c25649188de246868ae246d762
1791661090.886759 runnervmmprz5 zainod-0.10.1[2979]:     at packages/zaino-chain-head-service/src/service.rs:478
1791661090.886759 runnervmmprz5 zainod-0.10.1[2979]:     in zaino_chain_head_service::service::ChainHeadService::tick
1791661090.886996 runnervmmprz5 zainod-0.10.1[2979]:   19:38:10.886  INFO zaino_chain_head_service::service: Syncing block, height: 4381978, hash: 000079e9c2b7a5a0b77de8a2dfbf95a1944a6d6a46f94e4185a494f9d5faace3
1791661090.886996 runnervmmprz5 zainod-0.10.1[2979]:     at packages/zaino-chain-head-service/src/service.rs:478
1791661090.886996 runnervmmprz5 zainod-0.10.1[2979]:     in zaino_chain_head_service::service::ChainHeadService::tick
1791661090.895673 runnervmmprz5 zainod-0.10.1[2979]:   19:38:10.895  INFO zaino_chain_head_service::service: Syncing block, height: 4381979, hash: 000068e1e4284a5e6391c6ce31736058fb1d7f092e216ca7cf0724f3055647b8
1791661090.895673 runnervmmprz5 zainod-0.10.1[2979]:     at packages/zaino-chain-head-service/src/service.rs:478
1791661090.895673 runnervmmprz5 zainod-0.10.1[2979]:     in zaino_chain_head_service::service::ChainHeadService::tick
1791661090.896956 runnervmmprz5 zainod-0.10.1[2979]:   19:38:10.895  INFO zaino_chain_head_service::service: Syncing block, height: 4381980, hash: 0000632f3848f9ef9dd7920f3fa19bb52e0dec58baeae09c4d892fb5d0c52ef1
1791661090.896956 runnervmmprz5 zainod-0.10.1[2979]:     at packages/zaino-chain-head-service/src/service.rs:478
1791661090.896956 runnervmmprz5 zainod-0.10.1[2979]:     in zaino_chain_head_service::service::ChainHeadService::tick
1791661090.896956 runnervmmprz5 zainod-0.10.1[2979]:   19:38:10.896  INFO zaino_chain_head_service::service: Syncing block, height: 4381981, hash: 001d81797cb05099aa7a4de7cd9682b81b07cce1335c9ca91ea1ee161801b530
1791661090.896956 runnervmmprz5 zainod-0.10.1[2979]:     at packages/zaino-chain-head-service/src/service.rs:478
1791661090.896956 runnervmmprz5 zainod-0.10.1[2979]:     in zaino_chain_head_service::service::ChainHeadService::tick
1791661090.897479 runnervmmprz5 zainod-0.10.1[2979]:   19:38:10.897  INFO zaino_chain_head_service::service: Syncing block, height: 4381982, hash: 00001299f0dc5a807783d9b7b5e7a2fa0924e921690ef2331c607c56856ade98
1791661090.897479 runnervmmprz5 zainod-0.10.1[2979]:     at packages/zaino-chain-head-service/src/service.rs:478
1791661090.897479 runnervmmprz5 zainod-0.10.1[2979]:     in zaino_chain_head_service::service::ChainHeadService::tick
1791661090.897952 runnervmmprz5 zainod-0.10.1[2979]:   19:38:10.897  INFO zaino_chain_head_service::service: Syncing block, height: 4381983, hash: 001261eeaaf2be33adb472e8172d436a59eca2eb279fe00f23c0d48d7bcdd7d0
1791661090.897952 runnervmmprz5 zainod-0.10.1[2979]:     at packages/zaino-chain-head-service/src/service.rs:478
1791661090.897952 runnervmmprz5 zainod-0.10.1[2979]:     in zaino_chain_head_service::service::ChainHeadService::tick
1791661090.898288 runnervmmprz5 zainod-0.10.1[2979]:   19:38:10.898  INFO zaino_chain_head_service::service: Syncing block, height: 4381984, hash: 00001e36f6bdfd26c6605995a7b8bc8355013e36272ddef132f0638ff17136c4
1791661090.898288 runnervmmprz5 zainod-0.10.1[2979]:     at packages/zaino-chain-head-service/src/service.rs:478
1791661090.898288 runnervmmprz5 zainod-0.10.1[2979]:     in zaino_chain_head_service::service::ChainHeadService::tick
1791661090.898725 runnervmmprz5 zainod-0.10.1[2979]:   19:38:10.898  INFO zaino_chain_head_service::service: Syncing block, height: 4381985, hash: 000a7a25fa450e543746ebba0929edeff39c419a8863ae252c4ab0227a8ffb27
1791661090.898725 runnervmmprz5 zainod-0.10.1[2979]:     at packages/zaino-chain-head-service/src/service.rs:478
1791661090.898725 runnervmmprz5 zainod-0.10.1[2979]:     in zaino_chain_head_service::service::ChainHeadService::tick
1791661090.899488 runnervmmprz5 zainod-0.10.1[2979]:   19:38:10.899  INFO zaino_chain_head_service::service: Syncing block, height: 4381986, hash: 00003e0303d43ba73925d6eea43cc3ebc014c046ba6c5377f3ff1734118b6f51
1791661090.899488 runnervmmprz5 zainod-0.10.1[2979]:     at packages/zaino-chain-head-service/src/service.rs:478
1791661090.899488 runnervmmprz5 zainod-0.10.1[2979]:     in zaino_chain_head_service::service::ChainHeadService::tick
1791661090.899901 runnervmmprz5 zainod-0.10.1[2979]:   19:38:10.899  INFO zaino_chain_head_service::service: Syncing block, height: 4381987, hash: 00006a2186f50e37cc21750b7108da5a5e2856e61207b22a9c6d64713504581c
1791661090.899901 runnervmmprz5 zainod-0.10.1[2979]:     at packages/zaino-chain-head-service/src/service.rs:478
1791661090.899901 runnervmmprz5 zainod-0.10.1[2979]:     in zaino_chain_head_service::service::ChainHeadService::tick
1791661090.908779 runnervmmprz5 zainod-0.10.1[2979]:   19:38:10.908  INFO zaino_chain_head_service::service: Syncing block, height: 4381988, hash: 002bb5fcfa73272a4480477f2ce4452fa0183409d4765ece4b844f67cddd33f5
1791661090.908779 runnervmmprz5 zainod-0.10.1[2979]:     at packages/zaino-chain-head-service/src/service.rs:478
1791661090.908779 runnervmmprz5 zainod-0.10.1[2979]:     in zaino_chain_head_service::service::ChainHeadService::tick
1791661090.909504 runnervmmprz5 zainod-0.10.1[2979]:   19:38:10.909  INFO zaino_chain_head_service::service: Syncing block, height: 4381989, hash: 000077d4b0bc5fa8d6ecf86aa0811a3302fcd09187fcc9eea68d8c3e49607beb
1791661090.909504 runnervmmprz5 zainod-0.10.1[2979]:     at packages/zaino-chain-head-service/src/service.rs:478
1791661090.909504 runnervmmprz5 zainod-0.10.1[2979]:     in zaino_chain_head_service::service::ChainHeadService::tick
1791661090.910227 runnervmmprz5 zainod-0.10.1[2979]:   19:38:10.910  INFO zaino_chain_head_service::service: Syncing block, height: 4381990, hash: 0000690d898ed436963530cf81a3c71ae2cabb4de81b44183ce487b3921b5099
1791661090.910227 runnervmmprz5 zainod-0.10.1[2979]:     at packages/zaino-chain-head-service/src/service.rs:478
1791661090.910227 runnervmmprz5 zainod-0.10.1[2979]:     in zaino_chain_head_service::service::ChainHeadService::tick
1791661090.911070 runnervmmprz5 zainod-0.10.1[2979]:   19:38:10.911  INFO zaino_chain_head_service::service: Syncing block, height: 4381991, hash: 000ad374c29ff34f1526420cf8dc692c38fe8c4bb60c97d504fcca92d4724a4a
1791661090.911070 runnervmmprz5 zainod-0.10.1[2979]:     at packages/zaino-chain-head-service/src/service.rs:478
1791661090.911070 runnervmmprz5 zainod-0.10.1[2979]:     in zaino_chain_head_service::service::ChainHeadService::tick
1791661090.911927 runnervmmprz5 zainod-0.10.1[2979]:   19:38:10.911  INFO zaino_chain_head_service::service: Syncing block, height: 4381992, hash: 0000e9b111982547b1e1e0d955b83553435e1c0ec0f3c59e750e2a419e9a8184
1791661090.911927 runnervmmprz5 zainod-0.10.1[2979]:     at packages/zaino-chain-head-service/src/service.rs:478
1791661090.911927 runnervmmprz5 zainod-0.10.1[2979]:     in zaino_chain_head_service::service::ChainHeadService::tick
1791661090.912845 runnervmmprz5 zainod-0.10.1[2979]:   19:38:10.912  INFO zaino_chain_head_service::service: Syncing block, height: 4381993, hash: 000072b704d6f061c1adbc424c1f477b3cb90ff3c9247350816cbbb7726d1e33
1791661090.912845 runnervmmprz5 zainod-0.10.1[2979]:     at packages/zaino-chain-head-service/src/service.rs:478
1791661090.912845 runnervmmprz5 zainod-0.10.1[2979]:     in zaino_chain_head_service::service::ChainHeadService::tick
1791661090.912845 runnervmmprz5 zainod-0.10.1[2979]:   19:38:10.912  INFO zaino_chain_head_service::service: Syncing block, height: 4381994, hash: 0000302f7a3095989859116c517a69b9229cbbf40d619c69343f763255240fa7
1791661090.912845 runnervmmprz5 zainod-0.10.1[2979]:     at packages/zaino-chain-head-service/src/service.rs:478
1791661090.912845 runnervmmprz5 zainod-0.10.1[2979]:     in zaino_chain_head_service::service::ChainHeadService::tick
1791661090.913470 runnervmmprz5 zainod-0.10.1[2979]:   19:38:10.913  INFO zaino_chain_head_service::service: Syncing block, height: 4381995, hash: 00007659178c420272338b29dc734540296b03bb7267a7de3babf7dafe12e850
1791661090.913470 runnervmmprz5 zainod-0.10.1[2979]:     at packages/zaino-chain-head-service/src/service.rs:478
1791661090.913470 runnervmmprz5 zainod-0.10.1[2979]:     in zaino_chain_head_service::service::ChainHeadService::tick
1791661090.914004 runnervmmprz5 zainod-0.10.1[2979]:   19:38:10.913  INFO zaino_chain_head_service::service: Syncing block, height: 4381996, hash: 00004cb777938b72dee085bf27c76df686c80fb462359a9c036a274e6773c94f
1791661090.914004 runnervmmprz5 zainod-0.10.1[2979]:     at packages/zaino-chain-head-service/src/service.rs:478
1791661090.914004 runnervmmprz5 zainod-0.10.1[2979]:     in zaino_chain_head_service::service::ChainHeadService::tick
1791661090.914455 runnervmmprz5 zainod-0.10.1[2979]:   19:38:10.914  INFO zaino_chain_head_service::service: Syncing block, height: 4381997, hash: 00006b217397897ca3a0c51fd69bc108f916a57d3ad7b46c24b00c5bc1229b6c
1791661090.914455 runnervmmprz5 zainod-0.10.1[2979]:     at packages/zaino-chain-head-service/src/service.rs:478
1791661090.914455 runnervmmprz5 zainod-0.10.1[2979]:     in zaino_chain_head_service::service::ChainHeadService::tick
1791661090.915701 runnervmmprz5 zainod-0.10.1[2979]:   19:38:10.915  INFO zaino_chain_head_service::service: Syncing block, height: 4381998, hash: 0000718180af3a03d7f09394e1e2ecc58562239827483b333571b025983ff4ef
1791661090.915701 runnervmmprz5 zainod-0.10.1[2979]:     at packages/zaino-chain-head-service/src/service.rs:478
1791661090.915701 runnervmmprz5 zainod-0.10.1[2979]:     in zaino_chain_head_service::service::ChainHeadService::tick
1791661090.917041 runnervmmprz5 zainod-0.10.1[2979]:   19:38:10.917  INFO zaino_chain_head_service::service: Syncing block, height: 4381999, hash: 002d5f67080a29750ca496aaae2a7ee3ec41a59623d5244865321fd8e97505b4
1791661090.917041 runnervmmprz5 zainod-0.10.1[2979]:     at packages/zaino-chain-head-service/src/service.rs:478
1791661090.917041 runnervmmprz5 zainod-0.10.1[2979]:     in zaino_chain_head_service::service::ChainHeadService::tick
1791661090.917370 runnervmmprz5 zainod-0.10.1[2979]:   19:38:10.917  INFO zaino_chain_head_service::service: Syncing block, height: 4382000, hash: 00005d74e341bb4ca6ff149f57af555829081ad2522751f86bb7b7d36c7c15ee
1791661090.917370 runnervmmprz5 zainod-0.10.1[2979]:     at packages/zaino-chain-head-service/src/service.rs:478
1791661090.917370 runnervmmprz5 zainod-0.10.1[2979]:     in zaino_chain_head_service::service::ChainHeadService::tick
1791661090.918337 runnervmmprz5 zainod-0.10.1[2979]:   19:38:10.918  INFO zaino_chain_head_service::service: Syncing block, height: 4382001, hash: 000021c82b63e2d2b48f7ae3869b1f4575704088638e9e01b6d823954f3d47af
1791661090.918337 runnervmmprz5 zainod-0.10.1[2979]:     at packages/zaino-chain-head-service/src/service.rs:478
1791661090.918337 runnervmmprz5 zainod-0.10.1[2979]:     in zaino_chain_head_service::service::ChainHeadService::tick
1791661090.919010 runnervmmprz5 zainod-0.10.1[2979]:   19:38:10.918  INFO zaino_chain_head_service::service: Syncing block, height: 4382002, hash: 00201525057ca31ca72f550588032ee92dc7f738fd127c89f67421872e093cf8
1791661090.919010 runnervmmprz5 zainod-0.10.1[2979]:     at packages/zaino-chain-head-service/src/service.rs:478
1791661090.919010 runnervmmprz5 zainod-0.10.1[2979]:     in zaino_chain_head_service::service::ChainHeadService::tick
1791661090.920471 runnervmmprz5 zainod-0.10.1[2979]:   19:38:10.920  INFO zaino_chain_head_service::service: Syncing block, height: 4382003, hash: 000013fcb8ef6f21a72c1ade4ad136e15d5349d20c5500c56108bf7bdd83478c
1791661090.920471 runnervmmprz5 zainod-0.10.1[2979]:     at packages/zaino-chain-head-service/src/service.rs:478
1791661090.920471 runnervmmprz5 zainod-0.10.1[2979]:     in zaino_chain_head_service::service::ChainHeadService::tick
1791661090.931662 runnervmmprz5 zainod-0.10.1[2979]:   19:38:10.930  INFO zaino_chain_head_service::service: Syncing block, height: 4382004, hash: 00007b39a5ea6ec38b8eb3a8d701cd1c56c1074adc1926c5a4abca7683351e7a
1791661090.931662 runnervmmprz5 zainod-0.10.1[2979]:     at packages/zaino-chain-head-service/src/service.rs:478
1791661090.931662 runnervmmprz5 zainod-0.10.1[2979]:     in zaino_chain_head_service::service::ChainHeadService::tick
1791661090.931662 runnervmmprz5 zainod-0.10.1[2979]:   19:38:10.931  INFO zaino_chain_head_service::service: Syncing block, height: 4382005, hash: 00004f2957d034fed7a89dbf73015e536370a9e66884a35bb32a9dbd9b0e7dc7
1791661090.931662 runnervmmprz5 zainod-0.10.1[2979]:     at packages/zaino-chain-head-service/src/service.rs:478
1791661090.931662 runnervmmprz5 zainod-0.10.1[2979]:     in zaino_chain_head_service::service::ChainHeadService::tick
1791661090.931662 runnervmmprz5 zainod-0.10.1[2979]:   19:38:10.931  INFO zaino_chain_head_service::service: Syncing block, height: 4382006, hash: 0000182ef7007173f2425c9338135ffdc135c3438dd2c90890edb6154c314b2a
1791661090.931662 runnervmmprz5 zainod-0.10.1[2979]:     at packages/zaino-chain-head-service/src/service.rs:478
1791661090.931662 runnervmmprz5 zainod-0.10.1[2979]:     in zaino_chain_head_service::service::ChainHeadService::tick
1791661090.932689 runnervmmprz5 zainod-0.10.1[2979]:   19:38:10.932  INFO zaino_chain_head_service::service: Syncing block, height: 4382007, hash: 0000036715e8ece06793cf1f390d67d2f5ec22c5353e5d2c610dcbfde7195824
1791661090.932689 runnervmmprz5 zainod-0.10.1[2979]:     at packages/zaino-chain-head-service/src/service.rs:478
1791661090.932689 runnervmmprz5 zainod-0.10.1[2979]:     in zaino_chain_head_service::service::ChainHeadService::tick
1791661090.932959 runnervmmprz5 zainod-0.10.1[2979]:   19:38:10.932  INFO zaino_chain_head_service::service: Syncing block, height: 4382008, hash: 00005f9fac8d0eb8b72a9f1fbc9d1d0d7958c5981ffc115e388da9e4a374aeca
1791661090.932959 runnervmmprz5 zainod-0.10.1[2979]:     at packages/zaino-chain-head-service/src/service.rs:478
1791661090.932959 runnervmmprz5 zainod-0.10.1[2979]:     in zaino_chain_head_service::service::ChainHeadService::tick
1791661090.934139 runnervmmprz5 zainod-0.10.1[2979]:   19:38:10.934  INFO zaino_chain_head_service::service: Syncing block, height: 4382009, hash: 00005e36c91642c04c3334e594786526f71a75ff4f8002e4be6ec535bb15a4c6
1791661090.934139 runnervmmprz5 zainod-0.10.1[2979]:     at packages/zaino-chain-head-service/src/service.rs:478
1791661090.934139 runnervmmprz5 zainod-0.10.1[2979]:     in zaino_chain_head_service::service::ChainHeadService::tick
1791661090.936096 runnervmmprz5 zainod-0.10.1[2979]:   19:38:10.935  INFO zaino_chain_head_service::service: Syncing block, height: 4382010, hash: 00006e50513c1e480670165459fe68dc7f320234388cbf8664e9241935594830
1791661090.936096 runnervmmprz5 zainod-0.10.1[2979]:     at packages/zaino-chain-head-service/src/service.rs:478
1791661090.936096 runnervmmprz5 zainod-0.10.1[2979]:     in zaino_chain_head_service::service::ChainHeadService::tick
1791661090.937195 runnervmmprz5 zainod-0.10.1[2979]:   19:38:10.936  INFO zaino_chain_head_service::service: Syncing block, height: 4382011, hash: 000071b2d341cc18e4d6afe641cbeebb6cf7a8aa4ee8aecf05fbbf552a237fb7
1791661090.937195 runnervmmprz5 zainod-0.10.1[2979]:     at packages/zaino-chain-head-service/src/service.rs:478
1791661090.937195 runnervmmprz5 zainod-0.10.1[2979]:     in zaino_chain_head_service::service::ChainHeadService::tick
1791661090.938021 runnervmmprz5 zainod-0.10.1[2979]:   19:38:10.937  INFO zaino_chain_head_service::service: Syncing block, height: 4382012, hash: 001513ed1415c73e29b6832d5fb08584aeea49a1a01e7ec892f60dc0e0b105b4
1791661090.938021 runnervmmprz5 zainod-0.10.1[2979]:     at packages/zaino-chain-head-service/src/service.rs:478
1791661090.938021 runnervmmprz5 zainod-0.10.1[2979]:     in zaino_chain_head_service::service::ChainHeadService::tick
1791661090.939005 runnervmmprz5 zainod-0.10.1[2979]:   19:38:10.938  INFO zaino_chain_head_service::service: Syncing block, height: 4382013, hash: 000010738154982e69f28fbe8d0d05f8f2095fcd9ab4a81f88bd7f100e2b4d69
1791661090.939005 runnervmmprz5 zainod-0.10.1[2979]:     at packages/zaino-chain-head-service/src/service.rs:478
1791661090.939005 runnervmmprz5 zainod-0.10.1[2979]:     in zaino_chain_head_service::service::ChainHeadService::tick
1791661090.952736 runnervmmprz5 zainod-0.10.1[2979]:   19:38:10.952  INFO zaino_chain_head_service::service: Syncing block, height: 4382014, hash: 00002e2aaf27f38837350c7e2f9b697e15d855a575b262f923c936a43e6a9f88
1791661090.952736 runnervmmprz5 zainod-0.10.1[2979]:     at packages/zaino-chain-head-service/src/service.rs:478
1791661090.952736 runnervmmprz5 zainod-0.10.1[2979]:     in zaino_chain_head_service::service::ChainHeadService::tick
1791661090.953838 runnervmmprz5 zainod-0.10.1[2979]:   19:38:10.953  INFO zaino_chain_head_service::service: Syncing block, height: 4382015, hash: 0000274f0f784a6c71b163b329d6219346d039535e6ebf5c0b1e5d5eff043762
1791661090.953838 runnervmmprz5 zainod-0.10.1[2979]:     at packages/zaino-chain-head-service/src/service.rs:478
1791661090.953838 runnervmmprz5 zainod-0.10.1[2979]:     in zaino_chain_head_service::service::ChainHeadService::tick
1791661090.957540 runnervmmprz5 zainod-0.10.1[2979]:   19:38:10.957  INFO zaino_chain_head_service::service: Syncing block, height: 4382016, hash: 0000517e5baa159b7a4dfc70697a4019f9599836819459cf4373af918ead79d1
1791661090.957540 runnervmmprz5 zainod-0.10.1[2979]:     at packages/zaino-chain-head-service/src/service.rs:478
1791661090.957540 runnervmmprz5 zainod-0.10.1[2979]:     in zaino_chain_head_service::service::ChainHeadService::tick
1791661090.958025 runnervmmprz5 zainod-0.10.1[2979]:   19:38:10.958  INFO zaino_chain_head_service::service: Syncing block, height: 4382017, hash: 001e85d82366208412f2034da94ac401c954202dee2da9f65bb6383b4d2d613b
1791661090.958025 runnervmmprz5 zainod-0.10.1[2979]:     at packages/zaino-chain-head-service/src/service.rs:478
1791661090.958025 runnervmmprz5 zainod-0.10.1[2979]:     in zaino_chain_head_service::service::ChainHeadService::tick
1791661090.958580 runnervmmprz5 zainod-0.10.1[2979]:   19:38:10.958  INFO zaino_chain_head_service::service: Syncing block, height: 4382018, hash: 00001186249d8e18756c4f0dc5fcde877e7ee52062c3ec163f296c18351f5017
1791661090.958580 runnervmmprz5 zainod-0.10.1[2979]:     at packages/zaino-chain-head-service/src/service.rs:478
1791661090.958580 runnervmmprz5 zainod-0.10.1[2979]:     in zaino_chain_head_service::service::ChainHeadService::tick
1791661090.959121 runnervmmprz5 zainod-0.10.1[2979]:   19:38:10.959  INFO zaino_chain_head_service::service: Syncing block, height: 4382019, hash: 0000296ebadd0c0c491a38a142f6f9a418a0e35302178c7ca4b8c13bc0b7e74f
1791661090.959121 runnervmmprz5 zainod-0.10.1[2979]:     at packages/zaino-chain-head-service/src/service.rs:478
1791661090.959121 runnervmmprz5 zainod-0.10.1[2979]:     in zaino_chain_head_service::service::ChainHeadService::tick
1791661090.960899 runnervmmprz5 zainod-0.10.1[2979]:   19:38:10.959  INFO zaino_chain_head_service::service: Syncing block, height: 4382020, hash: 000056ef5ec7e0cefd4fb1e1bad40697bcf47be706da955d5927dc55299b1481
1791661090.960899 runnervmmprz5 zainod-0.10.1[2979]:     at packages/zaino-chain-head-service/src/service.rs:478
1791661090.960899 runnervmmprz5 zainod-0.10.1[2979]:     in zaino_chain_head_service::service::ChainHeadService::tick
1791661090.960899 runnervmmprz5 zainod-0.10.1[2979]:   19:38:10.960  INFO zaino_chain_head_service::service: Syncing block, height: 4382021, hash: 00007cad927b41c3ae557e1f3ad21856345b1c9ecef75d700baa9f6695926f4b
1791661090.960899 runnervmmprz5 zainod-0.10.1[2979]:     at packages/zaino-chain-head-service/src/service.rs:478
1791661090.960899 runnervmmprz5 zainod-0.10.1[2979]:     in zaino_chain_head_service::service::ChainHeadService::tick
1791661090.962240 runnervmmprz5 zainod-0.10.1[2979]:   19:38:10.962  INFO zaino_chain_head_service::service: Syncing block, height: 4382022, hash: 0000562f1edbd30d595a34d5571173bc02e9e7ce5b88736993ead2af894fb2db
1791661090.962240 runnervmmprz5 zainod-0.10.1[2979]:     at packages/zaino-chain-head-service/src/service.rs:478
1791661090.962240 runnervmmprz5 zainod-0.10.1[2979]:     in zaino_chain_head_service::service::ChainHeadService::tick
1791661090.971276 runnervmmprz5 zainod-0.10.1[2979]:   19:38:10.971  INFO zaino_chain_head_service::service: Syncing block, height: 4382023, hash: 00006995b7896533975dfe89168e116e2265feb221291159c38328d704ca8ece
1791661090.971276 runnervmmprz5 zainod-0.10.1[2979]:     at packages/zaino-chain-head-service/src/service.rs:478
1791661090.971276 runnervmmprz5 zainod-0.10.1[2979]:     in zaino_chain_head_service::service::ChainHeadService::tick
1791661090.972046 runnervmmprz5 zainod-0.10.1[2979]:   19:38:10.971  INFO zaino_chain_head_service::service: Syncing block, height: 4382024, hash: 000022e8425b043251a1c54ef50ddb5f8140367ecaa5132160dc4a77a5ba32e6
1791661090.972046 runnervmmprz5 zainod-0.10.1[2979]:     at packages/zaino-chain-head-service/src/service.rs:478
1791661090.972046 runnervmmprz5 zainod-0.10.1[2979]:     in zaino_chain_head_service::service::ChainHeadService::tick
1791661090.972556 runnervmmprz5 zainod-0.10.1[2979]:   19:38:10.972  INFO zaino_chain_head_service::service: Syncing block, height: 4382025, hash: 0000647510f2a7feb1fb7c4faa8cd6765a810153d08d6908c30145b0d254704c
1791661090.972556 runnervmmprz5 zainod-0.10.1[2979]:     at packages/zaino-chain-head-service/src/service.rs:478
1791661090.972556 runnervmmprz5 zainod-0.10.1[2979]:     in zaino_chain_head_service::service::ChainHeadService::tick
1791661090.973170 runnervmmprz5 zainod-0.10.1[2979]:   19:38:10.973  INFO zaino_chain_head_service::service: Syncing block, height: 4382026, hash: 0000422c03dd233adc330f5985b7130dc50732f6605f376663b206b988110160
1791661090.973170 runnervmmprz5 zainod-0.10.1[2979]:     at packages/zaino-chain-head-service/src/service.rs:478
1791661090.973170 runnervmmprz5 zainod-0.10.1[2979]:     in zaino_chain_head_service::service::ChainHeadService::tick
1791661090.973642 runnervmmprz5 zainod-0.10.1[2979]:   19:38:10.973  INFO zaino_chain_head_service::service: Syncing block, height: 4382027, hash: 0000439468baa368a45055d3b532025480d302d7bb74dfca7b9c72f3bf0a81c1
1791661090.973642 runnervmmprz5 zainod-0.10.1[2979]:     at packages/zaino-chain-head-service/src/service.rs:478
1791661090.973642 runnervmmprz5 zainod-0.10.1[2979]:     in zaino_chain_head_service::service::ChainHeadService::tick
1791661090.974894 runnervmmprz5 zainod-0.10.1[2979]:   19:38:10.974  INFO zaino_chain_head_service::service: Syncing block, height: 4382028, hash: 000011a8ad654b8b950ac1b2331eb1aaa1e1eb5a03f248ff7a250b4570ec8688
1791661090.974894 runnervmmprz5 zainod-0.10.1[2979]:     at packages/zaino-chain-head-service/src/service.rs:478
1791661090.974894 runnervmmprz5 zainod-0.10.1[2979]:     in zaino_chain_head_service::service::ChainHeadService::tick
1791661090.975616 runnervmmprz5 zainod-0.10.1[2979]:   19:38:10.975  INFO zaino_chain_head_service::service: Syncing block, height: 4382029, hash: 000034e962554f6916f04b01dd33b3295f5f268e93f89a5d721e7ef8204aac83
1791661090.975616 runnervmmprz5 zainod-0.10.1[2979]:     at packages/zaino-chain-head-service/src/service.rs:478
1791661090.975616 runnervmmprz5 zainod-0.10.1[2979]:     in zaino_chain_head_service::service::ChainHeadService::tick
1791661090.976058 runnervmmprz5 zainod-0.10.1[2979]:   19:38:10.976  INFO zaino_chain_head_service::service: Syncing block, height: 4382030, hash: 00007d8ee4d36c74cabef580493e9aaf4f3203b793d2d4ec11e8e89b476e0c18
1791661090.976058 runnervmmprz5 zainod-0.10.1[2979]:     at packages/zaino-chain-head-service/src/service.rs:478
1791661090.976058 runnervmmprz5 zainod-0.10.1[2979]:     in zaino_chain_head_service::service::ChainHeadService::tick
1791661090.976568 runnervmmprz5 zainod-0.10.1[2979]:   19:38:10.976  INFO zaino_chain_head_service::service: Syncing block, height: 4382031, hash: 000064b8807fbb759fec5af73c12a92b5b2fc8c47972ab99195a9f055eab3942
1791661090.976568 runnervmmprz5 zainod-0.10.1[2979]:     at packages/zaino-chain-head-service/src/service.rs:478
1791661090.976568 runnervmmprz5 zainod-0.10.1[2979]:     in zaino_chain_head_service::service::ChainHeadService::tick
1791661090.977660 runnervmmprz5 zainod-0.10.1[2979]:   19:38:10.977  INFO zaino_chain_head_service::service: Syncing block, height: 4382032, hash: 00007a33604142e5c8a6e63651957185cefea115ab30cb7210081e9091c9ad81
1791661090.977660 runnervmmprz5 zainod-0.10.1[2979]:     at packages/zaino-chain-head-service/src/service.rs:478
1791661090.977660 runnervmmprz5 zainod-0.10.1[2979]:     in zaino_chain_head_service::service::ChainHeadService::tick
1791661090.978209 runnervmmprz5 zainod-0.10.1[2979]:   19:38:10.978  INFO zaino_chain_head_service::service: Syncing block, height: 4382033, hash: 000077978bbef4d482e1cc76f2c4a74a02de048cfc5611f870cf12ff57135df4
1791661090.978209 runnervmmprz5 zainod-0.10.1[2979]:     at packages/zaino-chain-head-service/src/service.rs:478
1791661090.978209 runnervmmprz5 zainod-0.10.1[2979]:     in zaino_chain_head_service::service::ChainHeadService::tick
1791661090.978740 runnervmmprz5 zainod-0.10.1[2979]:   19:38:10.978  INFO zaino_chain_head_service::service: Syncing block, height: 4382034, hash: 00007daa167182eeda352fc8851d9d1c94ad27fc17107b95abc6ceb55de65088
1791661090.978740 runnervmmprz5 zainod-0.10.1[2979]:     at packages/zaino-chain-head-service/src/service.rs:478
1791661090.978740 runnervmmprz5 zainod-0.10.1[2979]:     in zaino_chain_head_service::service::ChainHeadService::tick
1791661090.979454 runnervmmprz5 zainod-0.10.1[2979]:   19:38:10.979  INFO zaino_chain_head_service::service: Syncing block, height: 4382035, hash: 00004a225584f9093feb87c53462520bb51acf42a6d625f4f2c9d7af83f72316
1791661090.979454 runnervmmprz5 zainod-0.10.1[2979]:     at packages/zaino-chain-head-service/src/service.rs:478
1791661090.979454 runnervmmprz5 zainod-0.10.1[2979]:     in zaino_chain_head_service::service::ChainHeadService::tick
1791661090.989143 runnervmmprz5 zainod-0.10.1[2979]:   19:38:10.989  INFO zaino_chain_head_service::service: Syncing block, height: 4382036, hash: 00002e46099292cbfdcf750e0c3b83b0dfcad9c3675f53b809385a2992beaab4
1791661090.989143 runnervmmprz5 zainod-0.10.1[2979]:     at packages/zaino-chain-head-service/src/service.rs:478
1791661090.989143 runnervmmprz5 zainod-0.10.1[2979]:     in zaino_chain_head_service::service::ChainHeadService::tick
1791661090.989758 runnervmmprz5 zainod-0.10.1[2979]:   19:38:10.989  INFO zaino_chain_head_service::service: Syncing block, height: 4382037, hash: 0000369e41c5504bc52418a06b5b59501332d63cbd13f600cb91be7b72ac245f
1791661090.989758 runnervmmprz5 zainod-0.10.1[2979]:     at packages/zaino-chain-head-service/src/service.rs:478
1791661090.989758 runnervmmprz5 zainod-0.10.1[2979]:     in zaino_chain_head_service::service::ChainHeadService::tick
1791661090.991186 runnervmmprz5 zainod-0.10.1[2979]:   19:38:10.990  INFO zaino_chain_head_service::service: Syncing block, height: 4382038, hash: 00006378c04bd25aa68111d54f926cfb4a2234427f870eeedc670715231bd4ea
1791661090.991186 runnervmmprz5 zainod-0.10.1[2979]:     at packages/zaino-chain-head-service/src/service.rs:478
1791661090.991186 runnervmmprz5 zainod-0.10.1[2979]:     in zaino_chain_head_service::service::ChainHeadService::tick
1791661090.991186 runnervmmprz5 zainod-0.10.1[2979]:   19:38:10.991  INFO zaino_chain_head_service::service: Syncing block, height: 4382039, hash: 00006171b8042d439912479861633464270c70733016779d8a06d88f909bb5a9
1791661090.991186 runnervmmprz5 zainod-0.10.1[2979]:     at packages/zaino-chain-head-service/src/service.rs:478
1791661090.991186 runnervmmprz5 zainod-0.10.1[2979]:     in zaino_chain_head_service::service::ChainHeadService::tick
1791661090.992309 runnervmmprz5 zainod-0.10.1[2979]:   19:38:10.992  INFO zaino_chain_head_service::service: Syncing block, height: 4382040, hash: 0000260b59df60c3e3bfe4cf4233f6e31f82e77179b193bbbce8d292ac03071f
1791661090.992309 runnervmmprz5 zainod-0.10.1[2979]:     at packages/zaino-chain-head-service/src/service.rs:478
1791661090.992309 runnervmmprz5 zainod-0.10.1[2979]:     in zaino_chain_head_service::service::ChainHeadService::tick
1791661090.993199 runnervmmprz5 zainod-0.10.1[2979]:   19:38:10.993  INFO zaino_chain_head_service::service: Syncing block, height: 4382041, hash: 000030e11ac7c712c3ca3741dcf860bb57c0f33913ac43eeaa42a3afb8a6d056
1791661090.993199 runnervmmprz5 zainod-0.10.1[2979]:     at packages/zaino-chain-head-service/src/service.rs:478
1791661090.993199 runnervmmprz5 zainod-0.10.1[2979]:     in zaino_chain_head_service::service::ChainHeadService::tick
1791661090.993727 runnervmmprz5 zainod-0.10.1[2979]:   19:38:10.993  INFO zaino_chain_head_service::service: Syncing block, height: 4382042, hash: 000039b3fad8ff2f5f8419e6e7d2ace6d95a76163fa2d9634b295f6780ec1e0d
1791661090.993727 runnervmmprz5 zainod-0.10.1[2979]:     at packages/zaino-chain-head-service/src/service.rs:478
1791661090.993727 runnervmmprz5 zainod-0.10.1[2979]:     in zaino_chain_head_service::service::ChainHeadService::tick
1791661090.994565 runnervmmprz5 zainod-0.10.1[2979]:   19:38:10.994  INFO zaino_chain_head_service::service: Syncing block, height: 4382043, hash: 00000744dadc00dae10950a8174c65b97c681eec938dcf5c1af80802fdf6d0f1
1791661090.994565 runnervmmprz5 zainod-0.10.1[2979]:     at packages/zaino-chain-head-service/src/service.rs:478
1791661090.994565 runnervmmprz5 zainod-0.10.1[2979]:     in zaino_chain_head_service::service::ChainHeadService::tick
1791661090.996387 runnervmmprz5 zainod-0.10.1[2979]:   19:38:10.996  INFO zaino_chain_head_service::service: Syncing block, height: 4382044, hash: 0000316c7d28fe9b14cab37c3d7a6e39504caa46b651cf1ec1d4581de81d284e
1791661090.996387 runnervmmprz5 zainod-0.10.1[2979]:     at packages/zaino-chain-head-service/src/service.rs:478
1791661090.996387 runnervmmprz5 zainod-0.10.1[2979]:     in zaino_chain_head_service::service::ChainHeadService::tick
1791661090.997069 runnervmmprz5 zainod-0.10.1[2979]:   19:38:10.997  INFO zaino_chain_head_service::service: Syncing block, height: 4382045, hash: 000015a3163a9b2faa7b30c8a8daad27e443376f519908a1b432f0dda38bbf0c
1791661090.997069 runnervmmprz5 zainod-0.10.1[2979]:     at packages/zaino-chain-head-service/src/service.rs:478
1791661090.997069 runnervmmprz5 zainod-0.10.1[2979]:     in zaino_chain_head_service::service::ChainHeadService::tick
1791661090.998875 runnervmmprz5 zainod-0.10.1[2979]:   19:38:10.998  INFO zaino_chain_head_service::service: Syncing block, height: 4382046, hash: 000020b60d2808c2a174ed81cd7dcc176e60596f1ab56a6250d69f26be232428
1791661090.998875 runnervmmprz5 zainod-0.10.1[2979]:     at packages/zaino-chain-head-service/src/service.rs:478
1791661090.998875 runnervmmprz5 zainod-0.10.1[2979]:     in zaino_chain_head_service::service::ChainHeadService::tick
1791661091.000092 runnervmmprz5 zainod-0.10.1[2979]:   19:38:11.000  INFO zaino_chain_head_service::service: Syncing block, height: 4382047, hash: 000056f836155bf74e300f0b82cf6fb3bbf435a29b23a357a8f0666d4d215ec5
1791661091.000092 runnervmmprz5 zainod-0.10.1[2979]:     at packages/zaino-chain-head-service/src/service.rs:478
1791661091.000092 runnervmmprz5 zainod-0.10.1[2979]:     in zaino_chain_head_service::service::ChainHeadService::tick
1791661091.009205 runnervmmprz5 zainod-0.10.1[2979]:   19:38:11.009  INFO zaino_chain_head_service::service: Syncing block, height: 4382048, hash: 00001892175b71279dedd512f9c0f38e8eb79be0ff6eb95c2e5427d7b7a2d167
1791661091.009205 runnervmmprz5 zainod-0.10.1[2979]:     at packages/zaino-chain-head-service/src/service.rs:478
1791661091.009205 runnervmmprz5 zainod-0.10.1[2979]:     in zaino_chain_head_service::service::ChainHeadService::tick
1791661091.009782 runnervmmprz5 zainod-0.10.1[2979]:   19:38:11.009  INFO zaino_chain_head_service::service: Syncing block, height: 4382049, hash: 00058baf6f4a24b48b3a345f57877c06523614ee354799abf3f8605a82b0e1e4
1791661091.009782 runnervmmprz5 zainod-0.10.1[2979]:     at packages/zaino-chain-head-service/src/service.rs:478
1791661091.009782 runnervmmprz5 zainod-0.10.1[2979]:     in zaino_chain_head_service::service::ChainHeadService::tick
1791661091.010277 runnervmmprz5 zainod-0.10.1[2979]:   19:38:11.010  INFO zaino_chain_head_service::service: Syncing block, height: 4382050, hash: 000003b9b0570ed64b9c4072d716534b59a9cf49f633c91e0f4bb4d5b66c5f17
1791661091.010277 runnervmmprz5 zainod-0.10.1[2979]:     at packages/zaino-chain-head-service/src/service.rs:478
1791661091.010277 runnervmmprz5 zainod-0.10.1[2979]:     in zaino_chain_head_service::service::ChainHeadService::tick
1791661091.011654 runnervmmprz5 zainod-0.10.1[2979]:   19:38:11.011  INFO zaino_chain_head_service::service: Syncing block, height: 4382051, hash: 0011f0e9d43fce89142f134e0849f2ba5f5397b25a35efb19ba90d2c14a65775
1791661091.011654 runnervmmprz5 zainod-0.10.1[2979]:     at packages/zaino-chain-head-service/src/service.rs:478
1791661091.011654 runnervmmprz5 zainod-0.10.1[2979]:     in zaino_chain_head_service::service::ChainHeadService::tick
1791661091.012188 runnervmmprz5 zainod-0.10.1[2979]:   19:38:11.012  INFO zaino_chain_head_service::service: Syncing block, height: 4382052, hash: 00003de0c67baa86e8c68d13ee43193fff0055dd74490986a1dd69d04d3d730b
1791661091.012188 runnervmmprz5 zainod-0.10.1[2979]:     at packages/zaino-chain-head-service/src/service.rs:478
1791661091.012188 runnervmmprz5 zainod-0.10.1[2979]:     in zaino_chain_head_service::service::ChainHeadService::tick
1791661091.014902 runnervmmprz5 zainod-0.10.1[2979]:   19:38:11.013  INFO zaino_chain_head_service::service: Syncing block, height: 4382053, hash: 00005477e6de974e1cac44c411d52a020b22d76b7cf248d18de9b01c0ed8a6bc
1791661091.014902 runnervmmprz5 zainod-0.10.1[2979]:     at packages/zaino-chain-head-service/src/service.rs:478
1791661091.014902 runnervmmprz5 zainod-0.10.1[2979]:     in zaino_chain_head_service::service::ChainHeadService::tick
1791661091.014902 runnervmmprz5 zainod-0.10.1[2979]:   19:38:11.014  INFO zaino_chain_head_service::service: Syncing block, height: 4382054, hash: 000061fd497e5061e4c1456562bcb5db727d020b014df2058ecf24b9cb269f04
1791661091.014902 runnervmmprz5 zainod-0.10.1[2979]:     at packages/zaino-chain-head-service/src/service.rs:478
1791661091.014902 runnervmmprz5 zainod-0.10.1[2979]:     in zaino_chain_head_service::service::ChainHeadService::tick
1791661091.022806 runnervmmprz5 zainod-0.10.1[2979]:   19:38:11.022  INFO zaino_chain_head_service::service: Syncing block, height: 4382055, hash: 0000272226858821025273ab098264b8d814d809c52a342c2abd3b4b6023693c
1791661091.022806 runnervmmprz5 zainod-0.10.1[2979]:     at packages/zaino-chain-head-service/src/service.rs:478
1791661091.022806 runnervmmprz5 zainod-0.10.1[2979]:     in zaino_chain_head_service::service::ChainHeadService::tick
1791661091.024045 runnervmmprz5 zainod-0.10.1[2979]:   19:38:11.024  INFO zaino_chain_head_service::service: Syncing block, height: 4382056, hash: 00003604f5f62840c435abe79bc49142c648a87f6189ff56edf5be3cf8d1e951
1791661091.024045 runnervmmprz5 zainod-0.10.1[2979]:     at packages/zaino-chain-head-service/src/service.rs:478
1791661091.024045 runnervmmprz5 zainod-0.10.1[2979]:     in zaino_chain_head_service::service::ChainHeadService::tick
1791661091.024461 runnervmmprz5 zainod-0.10.1[2979]:   19:38:11.024  INFO zaino_chain_head_service::service: Syncing block, height: 4382057, hash: 00002222f8a2ff3c55b1f807354cf5d22afad9e2a0efcc5db3e4a1924ba47759
1791661091.024461 runnervmmprz5 zainod-0.10.1[2979]:     at packages/zaino-chain-head-service/src/service.rs:478
1791661091.024461 runnervmmprz5 zainod-0.10.1[2979]:     in zaino_chain_head_service::service::ChainHeadService::tick
1791661091.026685 runnervmmprz5 zainod-0.10.1[2979]:   19:38:11.026  INFO zaino_chain_head_service::service: Syncing block, height: 4382058, hash: 000026c15ef41cd12f7109ea2055f391c8c5b524c28462aeef824bc79c4dafde
1791661091.026685 runnervmmprz5 zainod-0.10.1[2979]:     at packages/zaino-chain-head-service/src/service.rs:478
1791661091.026685 runnervmmprz5 zainod-0.10.1[2979]:     in zaino_chain_head_service::service::ChainHeadService::tick
1791661091.027269 runnervmmprz5 zainod-0.10.1[2979]:   19:38:11.027  INFO zaino_chain_head_service::service: Syncing block, height: 4382059, hash: 000054d129d0a4449872ae46cd2d627f60f07aafb380b863e07a1edeede5a3c1
1791661091.027269 runnervmmprz5 zainod-0.10.1[2979]:     at packages/zaino-chain-head-service/src/service.rs:478
1791661091.027269 runnervmmprz5 zainod-0.10.1[2979]:     in zaino_chain_head_service::service::ChainHeadService::tick
1791661091.027691 runnervmmprz5 zainod-0.10.1[2979]:   19:38:11.027  INFO zaino_chain_head_service::service: Syncing block, height: 4382060, hash: 0000464f6db9241a60e0646f2ff46881811d1e00ee2d84ae97ac29a6925e962e
1791661091.027691 runnervmmprz5 zainod-0.10.1[2979]:     at packages/zaino-chain-head-service/src/service.rs:478
1791661091.027691 runnervmmprz5 zainod-0.10.1[2979]:     in zaino_chain_head_service::service::ChainHeadService::tick
1791661091.028190 runnervmmprz5 zainod-0.10.1[2979]:   19:38:11.028  INFO zaino_chain_head_service::service: Syncing block, height: 4382061, hash: 0000462dfef43f6128e8c0d54ac4cc961cf39a826840cd7cd4e2524681dad69c
1791661091.028190 runnervmmprz5 zainod-0.10.1[2979]:     at packages/zaino-chain-head-service/src/service.rs:478
1791661091.028190 runnervmmprz5 zainod-0.10.1[2979]:     in zaino_chain_head_service::service::ChainHeadService::tick
1791661091.028639 runnervmmprz5 zainod-0.10.1[2979]:   19:38:11.028  INFO zaino_chain_head_service::service: Syncing block, height: 4382062, hash: 000003cdde54883f1426e0ebf4db0897f117845fc48dff1c7a45dfbcd81388a0
1791661091.028639 runnervmmprz5 zainod-0.10.1[2979]:     at packages/zaino-chain-head-service/src/service.rs:478
1791661091.028639 runnervmmprz5 zainod-0.10.1[2979]:     in zaino_chain_head_service::service::ChainHeadService::tick
1791661091.029155 runnervmmprz5 zainod-0.10.1[2979]:   19:38:11.029  INFO zaino_chain_head_service::service: Syncing block, height: 4382063, hash: 00004ab69cd553deeed4987c660a5e710e270e0f08d2175ba897faf1a2194f08
1791661091.029155 runnervmmprz5 zainod-0.10.1[2979]:     at packages/zaino-chain-head-service/src/service.rs:478
1791661091.029155 runnervmmprz5 zainod-0.10.1[2979]:     in zaino_chain_head_service::service::ChainHeadService::tick
1791661091.038895 runnervmmprz5 zainod-0.10.1[2979]:   19:38:11.038  INFO zaino_chain_head_service::service: Syncing block, height: 4382064, hash: 00001936c67d2d9cd331daf7c387aa87a9dd7aaf2442ec12622e16257e76c718
1791661091.038895 runnervmmprz5 zainod-0.10.1[2979]:     at packages/zaino-chain-head-service/src/service.rs:478
1791661091.038895 runnervmmprz5 zainod-0.10.1[2979]:     in zaino_chain_head_service::service::ChainHeadService::tick
1791661091.040351 runnervmmprz5 zainod-0.10.1[2979]:   19:38:11.040  INFO zaino_chain_head_service::service: Syncing block, height: 4382065, hash: 0000244cecd9b529e3f102ffaf659ed881c974a8f70e125d86fae0f8577e9b06
1791661091.040351 runnervmmprz5 zainod-0.10.1[2979]:     at packages/zaino-chain-head-service/src/service.rs:478
1791661091.040351 runnervmmprz5 zainod-0.10.1[2979]:     in zaino_chain_head_service::service::ChainHeadService::tick
1791661091.040641 runnervmmprz5 zainod-0.10.1[2979]:   19:38:11.040  INFO zaino_chain_head_service::service: Syncing block, height: 4382066, hash: 0000654f21a35e5fc4caa2dc3616256bd1190ce154f8353233f02c224ad2abc6
1791661091.040641 runnervmmprz5 zainod-0.10.1[2979]:     at packages/zaino-chain-head-service/src/service.rs:478
1791661091.040641 runnervmmprz5 zainod-0.10.1[2979]:     in zaino_chain_head_service::service::ChainHeadService::tick
1791661091.041087 runnervmmprz5 zainod-0.10.1[2979]:   19:38:11.041  INFO zaino_chain_head_service::service: Syncing block, height: 4382067, hash: 000029f758a75cfd76ba38e7708b0dba9195a12808d434ee3f9cecb6ec02e398
1791661091.041087 runnervmmprz5 zainod-0.10.1[2979]:     at packages/zaino-chain-head-service/src/service.rs:478
1791661091.041087 runnervmmprz5 zainod-0.10.1[2979]:     in zaino_chain_head_service::service::ChainHeadService::tick
1791661091.041590 runnervmmprz5 zainod-0.10.1[2979]:   19:38:11.041  INFO zaino_chain_head_service::service: Syncing block, height: 4382068, hash: 00000333c2aa7c0ba44b39841dd2cd93eebe9d76e7e3ceaea470bde251d60bb0
1791661091.041590 runnervmmprz5 zainod-0.10.1[2979]:     at packages/zaino-chain-head-service/src/service.rs:478
1791661091.041590 runnervmmprz5 zainod-0.10.1[2979]:     in zaino_chain_head_service::service::ChainHeadService::tick
1791661091.042104 runnervmmprz5 zainod-0.10.1[2979]:   19:38:11.042  INFO zaino_chain_head_service::service: Syncing block, height: 4382069, hash: 00039b0c45dcfd605e881b522c765488b3010d115d8522eb6d1f22d854ec7c53
1791661091.042104 runnervmmprz5 zainod-0.10.1[2979]:     at packages/zaino-chain-head-service/src/service.rs:478
1791661091.042104 runnervmmprz5 zainod-0.10.1[2979]:     in zaino_chain_head_service::service::ChainHeadService::tick
1791661091.042541 runnervmmprz5 zainod-0.10.1[2979]:   19:38:11.042  INFO zaino_chain_head_service::service: Syncing block, height: 4382070, hash: 00004d4c959a2756cf7f2f0e54071d33c267724012e6591ebc7faddc5a148d35
1791661091.042541 runnervmmprz5 zainod-0.10.1[2979]:     at packages/zaino-chain-head-service/src/service.rs:478
1791661091.042541 runnervmmprz5 zainod-0.10.1[2979]:     in zaino_chain_head_service::service::ChainHeadService::tick
1791661091.043087 runnervmmprz5 zainod-0.10.1[2979]:   19:38:11.043  INFO zaino_chain_head_service::service: Syncing block, height: 4382071, hash: 000046f3fd02965ab1d78ec9b10d5242cadeac1945bf3646b56d153366087c6f
1791661091.043087 runnervmmprz5 zainod-0.10.1[2979]:     at packages/zaino-chain-head-service/src/service.rs:478
1791661091.043087 runnervmmprz5 zainod-0.10.1[2979]:     in zaino_chain_head_service::service::ChainHeadService::tick
1791661091.044695 runnervmmprz5 zainod-0.10.1[2979]:   19:38:11.044  INFO zaino_chain_head_service::service: Syncing block, height: 4382072, hash: 00006ba383215378cffbc458549ae299deb0dbafe6a022eb774edf5826d0f1e6
1791661091.044695 runnervmmprz5 zainod-0.10.1[2979]:     at packages/zaino-chain-head-service/src/service.rs:478
1791661091.044695 runnervmmprz5 zainod-0.10.1[2979]:     in zaino_chain_head_service::service::ChainHeadService::tick
1791661091.045103 runnervmmprz5 zainod-0.10.1[2979]:   19:38:11.045  INFO zaino_chain_head_service::service: Syncing block, height: 4382073, hash: 00005f06142a38192c343502bb14efb7fee97d6ea9e5e4bccf633de7960521b2
1791661091.045103 runnervmmprz5 zainod-0.10.1[2979]:     at packages/zaino-chain-head-service/src/service.rs:478
1791661091.045103 runnervmmprz5 zainod-0.10.1[2979]:     in zaino_chain_head_service::service::ChainHeadService::tick
1791661091.045598 runnervmmprz5 zainod-0.10.1[2979]:   19:38:11.045  INFO zaino_chain_head_service::service: Syncing block, height: 4382074, hash: 00003f3e5dd890aa338333f303ba92d088c4597eb10bc80c74864652f4953da9
1791661091.045598 runnervmmprz5 zainod-0.10.1[2979]:     at packages/zaino-chain-head-service/src/service.rs:478
1791661091.045598 runnervmmprz5 zainod-0.10.1[2979]:     in zaino_chain_head_service::service::ChainHeadService::tick
1791661091.052721 runnervmmprz5 zainod-0.10.1[2979]:   19:38:11.052  INFO zaino_chain_head_service::service: Syncing block, height: 4382075, hash: 000079973f5af5fbd85615fc9770e2a24546c7c55c9cbee2fa15403d65561c4b
1791661091.052721 runnervmmprz5 zainod-0.10.1[2979]:     at packages/zaino-chain-head-service/src/service.rs:478
1791661091.052721 runnervmmprz5 zainod-0.10.1[2979]:     in zaino_chain_head_service::service::ChainHeadService::tick
1791661091.053548 runnervmmprz5 zainod-0.10.1[2979]:   19:38:11.053  INFO zaino_chain_head_service::service: Syncing block, height: 4382076, hash: 0000253dd2118bd3e9d1cc3e596e5619a5d57b7db0cece07714d9a047ce446fd
1791661091.053548 runnervmmprz5 zainod-0.10.1[2979]:     at packages/zaino-chain-head-service/src/service.rs:478
1791661091.053548 runnervmmprz5 zainod-0.10.1[2979]:     in zaino_chain_head_service::service::ChainHeadService::tick
1791661091.054751 runnervmmprz5 zainod-0.10.1[2979]:   19:38:11.054  INFO zaino_chain_head_service::service: Syncing block, height: 4382077, hash: 0000314530b8ed7f45d7589306e32140fae8d0e2448d381421e25a0bb2d75a67
1791661091.054751 runnervmmprz5 zainod-0.10.1[2979]:     at packages/zaino-chain-head-service/src/service.rs:478
1791661091.054751 runnervmmprz5 zainod-0.10.1[2979]:     in zaino_chain_head_service::service::ChainHeadService::tick
1791661091.055531 runnervmmprz5 zainod-0.10.1[2979]:   19:38:11.055  INFO zaino_chain_head_service::service: Syncing block, height: 4382078, hash: 0006d2654af444f3fced36b9d86ffdb7d8b417cbe4dc63150fa2790ebefdfa09
1791661091.055531 runnervmmprz5 zainod-0.10.1[2979]:     at packages/zaino-chain-head-service/src/service.rs:478
1791661091.055531 runnervmmprz5 zainod-0.10.1[2979]:     in zaino_chain_head_service::service::ChainHeadService::tick
1791661091.056122 runnervmmprz5 zainod-0.10.1[2979]:   19:38:11.056  INFO zaino_chain_head_service::service: Syncing block, height: 4382079, hash: 00006e0e78717656feaeb01ba3e5de1639de4be239cf1e66c2f50ffd321d7e24
1791661091.056122 runnervmmprz5 zainod-0.10.1[2979]:     at packages/zaino-chain-head-service/src/service.rs:478
1791661091.056122 runnervmmprz5 zainod-0.10.1[2979]:     in zaino_chain_head_service::service::ChainHeadService::tick
1791661091.056369 runnervmmprz5 zainod-0.10.1[2979]:   19:38:11.056  INFO zaino_chain_head_service::service: Syncing block, height: 4382080, hash: 00000e2529b69d32cc7b1f9bc2211401ec5662c0d94f5ab75040a414dd4389c8
1791661091.056369 runnervmmprz5 zainod-0.10.1[2979]:     at packages/zaino-chain-head-service/src/service.rs:478
1791661091.056369 runnervmmprz5 zainod-0.10.1[2979]:     in zaino_chain_head_service::service::ChainHeadService::tick
1791661091.056926 runnervmmprz5 zainod-0.10.1[2979]:   19:38:11.056  INFO zaino_chain_head_service::service: Syncing block, height: 4382081, hash: 0000311c1a0d4428f9300860c5ffcffab746abab243d3eb6617b4eb4face1471
1791661091.056926 runnervmmprz5 zainod-0.10.1[2979]:     at packages/zaino-chain-head-service/src/service.rs:478
1791661091.056926 runnervmmprz5 zainod-0.10.1[2979]:     in zaino_chain_head_service::service::ChainHeadService::tick
1791661091.057352 runnervmmprz5 zainod-0.10.1[2979]:   19:38:11.057  INFO zaino_chain_head_service::service: Syncing block, height: 4382082, hash: 0002beb686a10a78bdebc1d040a3640c6592462269a98febd241b0e3fa34e48f
1791661091.057352 runnervmmprz5 zainod-0.10.1[2979]:     at packages/zaino-chain-head-service/src/service.rs:478
1791661091.057352 runnervmmprz5 zainod-0.10.1[2979]:     in zaino_chain_head_service::service::ChainHeadService::tick
1791661091.066939 runnervmmprz5 zainod-0.10.1[2979]:   19:38:11.066  INFO zaino_chain_head_service::service: Syncing block, height: 4382083, hash: 000058cccde23a1a1cb0ddde3488e03802861d341ee517d5af743e8672f7f050
1791661091.066939 runnervmmprz5 zainod-0.10.1[2979]:     at packages/zaino-chain-head-service/src/service.rs:478
1791661091.066939 runnervmmprz5 zainod-0.10.1[2979]:     in zaino_chain_head_service::service::ChainHeadService::tick
1791661091.067261 runnervmmprz5 zainod-0.10.1[2979]:   19:38:11.067  INFO zaino_chain_head_service::service: Syncing block, height: 4382084, hash: 00039d957455a8335001d14c0aca41f6f4f20d103e38382bdc2abd87119d8bee
1791661091.067261 runnervmmprz5 zainod-0.10.1[2979]:     at packages/zaino-chain-head-service/src/service.rs:478
1791661091.067261 runnervmmprz5 zainod-0.10.1[2979]:     in zaino_chain_head_service::service::ChainHeadService::tick
1791661091.067489 runnervmmprz5 zainod-0.10.1[2979]:   19:38:11.067  INFO zaino_chain_head_service::service: Syncing block, height: 4382085, hash: 00002ccceae01305c3240c262c5c12f2f98915527f0ec3c18ae513a88e3903d6
1791661091.067489 runnervmmprz5 zainod-0.10.1[2979]:     at packages/zaino-chain-head-service/src/service.rs:478
1791661091.067489 runnervmmprz5 zainod-0.10.1[2979]:     in zaino_chain_head_service::service::ChainHeadService::tick
1791661091.068930 runnervmmprz5 zainod-0.10.1[2979]:   19:38:11.068  INFO zaino_chain_head_service::service: Syncing block, height: 4382086, hash: 00001d72f6df9dd2b0fd9b107a91cd12b532bf4ca9bfbcc5e84f8fda714fd4fc
1791661091.068930 runnervmmprz5 zainod-0.10.1[2979]:     at packages/zaino-chain-head-service/src/service.rs:478
1791661091.068930 runnervmmprz5 zainod-0.10.1[2979]:     in zaino_chain_head_service::service::ChainHeadService::tick
1791661091.070689 runnervmmprz5 zainod-0.10.1[2979]:   19:38:11.070  INFO zaino_chain_head_service::service: Syncing block, height: 4382087, hash: 0000306cfe7c54c9eb8cc72eccd3570057a6c958dc5f53580c270719d87e6bc3
1791661091.070689 runnervmmprz5 zainod-0.10.1[2979]:     at packages/zaino-chain-head-service/src/service.rs:478
1791661091.070689 runnervmmprz5 zainod-0.10.1[2979]:     in zaino_chain_head_service::service::ChainHeadService::tick
1791661091.072285 runnervmmprz5 zainod-0.10.1[2979]:   19:38:11.072  INFO zaino_chain_head_service::service: Syncing block, height: 4382088, hash: 0000566a1658c62f469f7ac48d1593c8cbf261f63525c6db05c51456ea3c9b45
1791661091.072285 runnervmmprz5 zainod-0.10.1[2979]:     at packages/zaino-chain-head-service/src/service.rs:478
1791661091.072285 runnervmmprz5 zainod-0.10.1[2979]:     in zaino_chain_head_service::service::ChainHeadService::tick
1791661091.072556 runnervmmprz5 zainod-0.10.1[2979]:   19:38:11.072  INFO zaino_chain_head_service::service: Syncing block, height: 4382089, hash: 00004ca67ca558ec34fd73994da6fe84c5ac7512fe7f962769bb494462ab00e1
1791661091.072556 runnervmmprz5 zainod-0.10.1[2979]:     at packages/zaino-chain-head-service/src/service.rs:478
1791661091.072556 runnervmmprz5 zainod-0.10.1[2979]:     in zaino_chain_head_service::service::ChainHeadService::tick
1791661091.073191 runnervmmprz5 zainod-0.10.1[2979]:   19:38:11.073  INFO zaino_chain_head_service::service: Syncing block, height: 4382090, hash: 0000793085e4001e0b1acccdae3002d0d590ce3ec22ad6e35f9a2a5bf3f66377
1791661091.073191 runnervmmprz5 zainod-0.10.1[2979]:     at packages/zaino-chain-head-service/src/service.rs:478
1791661091.073191 runnervmmprz5 zainod-0.10.1[2979]:     in zaino_chain_head_service::service::ChainHeadService::tick
1791661091.073672 runnervmmprz5 zainod-0.10.1[2979]:   19:38:11.073  INFO zaino_chain_head_service::service: Syncing block, height: 4382091, hash: 00007e6bd75f51309dff4dd2f1dca832e8030135e94a6a9faba60715df0440af
1791661091.073672 runnervmmprz5 zainod-0.10.1[2979]:     at packages/zaino-chain-head-service/src/service.rs:478
1791661091.073672 runnervmmprz5 zainod-0.10.1[2979]:     in zaino_chain_head_service::service::ChainHeadService::tick
1791661091.074134 runnervmmprz5 zainod-0.10.1[2979]:   19:38:11.074  INFO zaino_chain_head_service::service: Syncing block, height: 4382092, hash: 0000097bdd9348615f3d66a18ca0cd6f61076965519d469c8e35748910cd4d7d
1791661091.074134 runnervmmprz5 zainod-0.10.1[2979]:     at packages/zaino-chain-head-service/src/service.rs:478
1791661091.074134 runnervmmprz5 zainod-0.10.1[2979]:     in zaino_chain_head_service::service::ChainHeadService::tick
1791661091.074542 runnervmmprz5 zainod-0.10.1[2979]:   19:38:11.074  INFO zaino_chain_head_service::service: Syncing block, height: 4382093, hash: 00000f116c78b8d143c35b29c593d332ead6f42610fa8df54ff107e8d9988fd7
1791661091.074542 runnervmmprz5 zainod-0.10.1[2979]:     at packages/zaino-chain-head-service/src/service.rs:478
1791661091.074542 runnervmmprz5 zainod-0.10.1[2979]:     in zaino_chain_head_service::service::ChainHeadService::tick
1791661091.075161 runnervmmprz5 zainod-0.10.1[2979]:   19:38:11.075  INFO zaino_chain_head_service::service: Syncing block, height: 4382094, hash: 000023ab85ae9f089fbe4fe8eb1ccbe2228a55f7f66a433f959a8138bc35372e
1791661091.075161 runnervmmprz5 zainod-0.10.1[2979]:     at packages/zaino-chain-head-service/src/service.rs:478
1791661091.075161 runnervmmprz5 zainod-0.10.1[2979]:     in zaino_chain_head_service::service::ChainHeadService::tick
1791661091.087857 runnervmmprz5 zainod-0.10.1[2979]:   19:38:11.087  INFO zaino_chain_head_service::service: Syncing block, height: 4382095, hash: 00004f202a5b88474238d84e9b783d996823da6937ebb36436b6c8f4ff469d2a
1791661091.087857 runnervmmprz5 zainod-0.10.1[2979]:     at packages/zaino-chain-head-service/src/service.rs:478
1791661091.087857 runnervmmprz5 zainod-0.10.1[2979]:     in zaino_chain_head_service::service::ChainHeadService::tick
1791661091.088959 runnervmmprz5 zainod-0.10.1[2979]:   19:38:11.088  INFO zaino_chain_head_service::service: Syncing block, height: 4382096, hash: 00001f72a1ad669337120bbb01cd4f18536ca8eb634a0aedb1b98cac4ffdb998
1791661091.088959 runnervmmprz5 zainod-0.10.1[2979]:     at packages/zaino-chain-head-service/src/service.rs:478
1791661091.088959 runnervmmprz5 zainod-0.10.1[2979]:     in zaino_chain_head_service::service::ChainHeadService::tick
1791661091.089892 runnervmmprz5 zainod-0.10.1[2979]:   19:38:11.089  INFO zaino_chain_head_service::service: Syncing block, height: 4382097, hash: 00006e8b85d4c575c2cc853e668c88b7985ef9bdda4152efe4b20f1997714762
1791661091.089892 runnervmmprz5 zainod-0.10.1[2979]:     at packages/zaino-chain-head-service/src/service.rs:478
1791661091.089892 runnervmmprz5 zainod-0.10.1[2979]:     in zaino_chain_head_service::service::ChainHeadService::tick
1791661091.090505 runnervmmprz5 zainod-0.10.1[2979]:   19:38:11.090  INFO zaino_chain_head_service::service: Syncing block, height: 4382098, hash: 00004451e023eb85aa712838f1237945947501afdbece2e29410b0d5c13b9144
1791661091.090505 runnervmmprz5 zainod-0.10.1[2979]:     at packages/zaino-chain-head-service/src/service.rs:478
1791661091.090505 runnervmmprz5 zainod-0.10.1[2979]:     in zaino_chain_head_service::service::ChainHeadService::tick
1791661091.091026 runnervmmprz5 zainod-0.10.1[2979]:   19:38:11.090  INFO zaino_chain_head_service::service: Syncing block, height: 4382099, hash: 000033ff7859809852794fa03057e7d0039637d6b0f092454bb9181b8e0a91cc
1791661091.091026 runnervmmprz5 zainod-0.10.1[2979]:     at packages/zaino-chain-head-service/src/service.rs:478
1791661091.091026 runnervmmprz5 zainod-0.10.1[2979]:     in zaino_chain_head_service::service::ChainHeadService::tick
1791661091.091777 runnervmmprz5 zainod-0.10.1[2979]:   19:38:11.091  INFO zaino_chain_head_service::service: Syncing block, height: 4382100, hash: 00005c0ca736baf8e7bcc991e383a771a0ec485fbecd47e0e091fe947cf1a156
1791661091.091777 runnervmmprz5 zainod-0.10.1[2979]:     at packages/zaino-chain-head-service/src/service.rs:478
1791661091.091777 runnervmmprz5 zainod-0.10.1[2979]:     in zaino_chain_head_service::service::ChainHeadService::tick
1791661091.093293 runnervmmprz5 zainod-0.10.1[2979]:   19:38:11.093  INFO zaino_chain_head_service::service: Syncing block, height: 4382101, hash: 0000594ee0d7a7af44a5368e9fdd9c6aa142a1e62dc6f106f74634e82b122ca2
1791661091.093293 runnervmmprz5 zainod-0.10.1[2979]:     at packages/zaino-chain-head-service/src/service.rs:478
1791661091.093293 runnervmmprz5 zainod-0.10.1[2979]:     in zaino_chain_head_service::service::ChainHeadService::tick
1791661091.094438 runnervmmprz5 zainod-0.10.1[2979]:   19:38:11.094  INFO zaino_chain_head_service::service: Syncing block, height: 4382102, hash: 00004fc1210f546a24c170be8ed2dbb6117e618be4cd230497650d619235688c
1791661091.094438 runnervmmprz5 zainod-0.10.1[2979]:     at packages/zaino-chain-head-service/src/service.rs:478
1791661091.094438 runnervmmprz5 zainod-0.10.1[2979]:     in zaino_chain_head_service::service::ChainHeadService::tick
1791661091.095250 runnervmmprz5 zainod-0.10.1[2979]:   19:38:11.095  INFO zaino_chain_head_service::service: Syncing block, height: 4382103, hash: 00001d41c5a1e0dc657f1339a6cc82bcb8b55d535cc0317913c247771782dfa8
1791661091.095250 runnervmmprz5 zainod-0.10.1[2979]:     at packages/zaino-chain-head-service/src/service.rs:478
1791661091.095250 runnervmmprz5 zainod-0.10.1[2979]:     in zaino_chain_head_service::service::ChainHeadService::tick
1791661091.095641 runnervmmprz5 zainod-0.10.1[2979]:   19:38:11.095  INFO zaino_chain_head_service::service: Syncing block, height: 4382104, hash: 00004141affe145381c35661934d2cdb5f0b4d6aba007e5263a3ebbe88fb6b75
1791661091.095641 runnervmmprz5 zainod-0.10.1[2979]:     at packages/zaino-chain-head-service/src/service.rs:478
1791661091.095641 runnervmmprz5 zainod-0.10.1[2979]:     in zaino_chain_head_service::service::ChainHeadService::tick
1791661091.096449 runnervmmprz5 zainod-0.10.1[2979]:   19:38:11.096  INFO zaino_chain_head_service::service: Syncing block, height: 4382105, hash: 00007c7e65921f7b133395ace1577d59a335d711f498ea06f4ad746708712890
1791661091.096449 runnervmmprz5 zainod-0.10.1[2979]:     at packages/zaino-chain-head-service/src/service.rs:478
1791661091.096449 runnervmmprz5 zainod-0.10.1[2979]:     in zaino_chain_head_service::service::ChainHeadService::tick
1791661091.103963 runnervmmprz5 zainod-0.10.1[2979]:   19:38:11.103  INFO zaino_chain_head_service::service: Syncing block, height: 4382106, hash: 0000106c13d68237ec83a8e4b1d8cffa5de1dec7ec76df163625927663d58387
1791661091.103963 runnervmmprz5 zainod-0.10.1[2979]:     at packages/zaino-chain-head-service/src/service.rs:478
1791661091.103963 runnervmmprz5 zainod-0.10.1[2979]:     in zaino_chain_head_service::service::ChainHeadService::tick
1791661091.105026 runnervmmprz5 zainod-0.10.1[2979]:   19:38:11.104  INFO zaino_chain_head_service::service: Syncing block, height: 4382107, hash: 00002437d40ebdbfb70d5e975b006fbfded224a7b90762ed2cd02cca7ac73f32
1791661091.105026 runnervmmprz5 zainod-0.10.1[2979]:     at packages/zaino-chain-head-service/src/service.rs:478
1791661091.105026 runnervmmprz5 zainod-0.10.1[2979]:     in zaino_chain_head_service::service::ChainHeadService::tick
1791661091.105530 runnervmmprz5 zainod-0.10.1[2979]:   19:38:11.105  INFO zaino_chain_head_service::service: Syncing block, height: 4382108, hash: 000079d1a968f8d6d90aebb8e8866527d5ff02d8ba7c6eac37fee1aa2d7e1fc9
1791661091.105530 runnervmmprz5 zainod-0.10.1[2979]:     at packages/zaino-chain-head-service/src/service.rs:478
1791661091.105530 runnervmmprz5 zainod-0.10.1[2979]:     in zaino_chain_head_service::service::ChainHeadService::tick
1791661091.106393 runnervmmprz5 zainod-0.10.1[2979]:   19:38:11.106  INFO zaino_chain_head_service::service: Syncing block, height: 4382109, hash: 00000caa2acfbfb5d8ff66c6262003489310056609d3fe106c8d70331888e580
1791661091.106393 runnervmmprz5 zainod-0.10.1[2979]:     at packages/zaino-chain-head-service/src/service.rs:478
1791661091.106393 runnervmmprz5 zainod-0.10.1[2979]:     in zaino_chain_head_service::service::ChainHeadService::tick
1791661091.106791 runnervmmprz5 zainod-0.10.1[2979]:   19:38:11.106  INFO zaino_chain_head_service::service: Syncing block, height: 4382110, hash: 00006509ac488c42e972abd1978b3ac5c2995aa183b8e4cd61041a0f05a8f4b7
1791661091.106791 runnervmmprz5 zainod-0.10.1[2979]:     at packages/zaino-chain-head-service/src/service.rs:478
1791661091.106791 runnervmmprz5 zainod-0.10.1[2979]:     in zaino_chain_head_service::service::ChainHeadService::tick
1791661091.107052 runnervmmprz5 zainod-0.10.1[2979]:   19:38:11.107  INFO zaino_chain_head_service::service: Syncing block, height: 4382111, hash: 00003f090496e0409c7c1e5d81ed070e3122725f28d2e2076ea97d2695b08ac2
1791661091.107052 runnervmmprz5 zainod-0.10.1[2979]:     at packages/zaino-chain-head-service/src/service.rs:478
1791661091.107052 runnervmmprz5 zainod-0.10.1[2979]:     in zaino_chain_head_service::service::ChainHeadService::tick
1791661091.107315 runnervmmprz5 zainod-0.10.1[2979]:   19:38:11.107  INFO zaino_chain_head_service::service: Syncing block, height: 4382112, hash: 0000764dd2827d8d6ec711d15f93482159c3ce8ed9c7b5271b841f6ea80e65fa
1791661091.107315 runnervmmprz5 zainod-0.10.1[2979]:     at packages/zaino-chain-head-service/src/service.rs:478
1791661091.107315 runnervmmprz5 zainod-0.10.1[2979]:     in zaino_chain_head_service::service::ChainHeadService::tick
1791661091.108760 runnervmmprz5 zainod-0.10.1[2979]:   19:38:11.108  INFO zaino_chain_head_service::service: Syncing block, height: 4382113, hash: 0000570f084474800a37852b8d5a7dba1cdb1c9d8ac912ae089030ab779a4f31
1791661091.108760 runnervmmprz5 zainod-0.10.1[2979]:     at packages/zaino-chain-head-service/src/service.rs:478
1791661091.108760 runnervmmprz5 zainod-0.10.1[2979]:     in zaino_chain_head_service::service::ChainHeadService::tick
1791661091.108760 runnervmmprz5 zainod-0.10.1[2979]:   19:38:11.108  INFO zaino_chain_head_service::service: Syncing block, height: 4382114, hash: 0000626e666f9fdef56a7571b3df795e66cec890283275a9fff3d3d06c6bc7bf
1791661091.108760 runnervmmprz5 zainod-0.10.1[2979]:     at packages/zaino-chain-head-service/src/service.rs:478
1791661091.108760 runnervmmprz5 zainod-0.10.1[2979]:     in zaino_chain_head_service::service::ChainHeadService::tick
1791661091.108760 runnervmmprz5 zainod-0.10.1[2979]:   19:38:11.108  INFO zaino_chain_head_service::service: Syncing block, height: 4382115, hash: 000069b68b983edec4de804c5e81ef93da01f92e583f9211648d55d38cebcbce
1791661091.108760 runnervmmprz5 zainod-0.10.1[2979]:     at packages/zaino-chain-head-service/src/service.rs:478
1791661091.108760 runnervmmprz5 zainod-0.10.1[2979]:     in zaino_chain_head_service::service::ChainHeadService::tick
1791661091.109174 runnervmmprz5 zainod-0.10.1[2979]:   19:38:11.109  INFO zaino_chain_head_service::service: Syncing block, height: 4382116, hash: 000002e4de3e7f24d218890305d725dbc437d8b1a41a84c964e3634da31566ec
1791661091.109174 runnervmmprz5 zainod-0.10.1[2979]:     at packages/zaino-chain-head-service/src/service.rs:478
1791661091.109174 runnervmmprz5 zainod-0.10.1[2979]:     in zaino_chain_head_service::service::ChainHeadService::tick
1791661091.110745 runnervmmprz5 zainod-0.10.1[2979]:   19:38:11.110  INFO zaino_chain_head_service::service: Syncing block, height: 4382117, hash: 000021445b0d4cb7733b8d3284a2166f2a0f85a29fb8c6ae5136124ae2dd38a1
1791661091.110745 runnervmmprz5 zainod-0.10.1[2979]:     at packages/zaino-chain-head-service/src/service.rs:478
1791661091.110745 runnervmmprz5 zainod-0.10.1[2979]:     in zaino_chain_head_service::service::ChainHeadService::tick
1791661091.112235 runnervmmprz5 zainod-0.10.1[2979]:   19:38:11.112  INFO zaino_chain_head_service::service: Syncing block, height: 4382118, hash: 0000196bb458d6b8b3116f5105275fc98ef3d1c24bbfb8edfa4042063bb85cf2
1791661091.112235 runnervmmprz5 zainod-0.10.1[2979]:     at packages/zaino-chain-head-service/src/service.rs:478
1791661091.112235 runnervmmprz5 zainod-0.10.1[2979]:     in zaino_chain_head_service::service::ChainHeadService::tick
1791661091.124179 runnervmmprz5 zainod-0.10.1[2979]:   19:38:11.124  INFO zaino_chain_head_service::service: Syncing block, height: 4382119, hash: 0000736a22fe33cf66afc1bc9b91784356df5c7e56350a2df2ee50815863f5f7
1791661091.124179 runnervmmprz5 zainod-0.10.1[2979]:     at packages/zaino-chain-head-service/src/service.rs:478
1791661091.124179 runnervmmprz5 zainod-0.10.1[2979]:     in zaino_chain_head_service::service::ChainHeadService::tick
1791661091.124808 runnervmmprz5 zainod-0.10.1[2979]:   19:38:11.124  INFO zaino_chain_head_service::service: Syncing block, height: 4382120, hash: 000058f6c9facf0b3e5ea5622b4293fb56d4d5af28129ef751ac79b738efb812
1791661091.124808 runnervmmprz5 zainod-0.10.1[2979]:     at packages/zaino-chain-head-service/src/service.rs:478
1791661091.124808 runnervmmprz5 zainod-0.10.1[2979]:     in zaino_chain_head_service::service::ChainHeadService::tick
1791661091.126947 runnervmmprz5 zainod-0.10.1[2979]:   19:38:11.126  INFO zaino_chain_head_service::service: Syncing block, height: 4382121, hash: 000010df524c6324a24808ce372ef1d59b85e6732e656187f500adb252b8f8fd
1791661091.126947 runnervmmprz5 zainod-0.10.1[2979]:     at packages/zaino-chain-head-service/src/service.rs:478
1791661091.126947 runnervmmprz5 zainod-0.10.1[2979]:     in zaino_chain_head_service::service::ChainHeadService::tick
1791661091.129641 runnervmmprz5 zainod-0.10.1[2979]:   19:38:11.127  INFO zaino_chain_head_service::service: Syncing block, height: 4382122, hash: 00003b36e11b712358f011ece4bdd29b3f1b86f2af4a3dad81045fbf10b09fbc
1791661091.129641 runnervmmprz5 zainod-0.10.1[2979]:     at packages/zaino-chain-head-service/src/service.rs:478
1791661091.129641 runnervmmprz5 zainod-0.10.1[2979]:     in zaino_chain_head_service::service::ChainHeadService::tick
1791661091.129641 runnervmmprz5 zainod-0.10.1[2979]:   19:38:11.128  INFO zaino_chain_head_service::service: Syncing block, height: 4382123, hash: 00001d17af49f74a4e6a62d68939a09549eb5a780e7e1b6150c02b361bf319f0
1791661091.129641 runnervmmprz5 zainod-0.10.1[2979]:     at packages/zaino-chain-head-service/src/service.rs:478
1791661091.129641 runnervmmprz5 zainod-0.10.1[2979]:     in zaino_chain_head_service::service::ChainHeadService::tick
1791661091.129641 runnervmmprz5 zainod-0.10.1[2979]:   19:38:11.129  INFO zaino_chain_head_service::service: Syncing block, height: 4382124, hash: 00007e6d9d39082eb44349dcf3cbcf06470283e193357392f2602da6caff35a7
1791661091.129641 runnervmmprz5 zainod-0.10.1[2979]:     at packages/zaino-chain-head-service/src/service.rs:478
1791661091.129641 runnervmmprz5 zainod-0.10.1[2979]:     in zaino_chain_head_service::service::ChainHeadService::tick
1791661091.130388 runnervmmprz5 zainod-0.10.1[2979]:   19:38:11.130  INFO zaino_chain_head_service::service: Syncing block, height: 4382125, hash: 00022d823c4b4df9ee7e4af03876516d4b5126b7b778b5cceeb98d011f8f88dd
1791661091.130388 runnervmmprz5 zainod-0.10.1[2979]:     at packages/zaino-chain-head-service/src/service.rs:478
1791661091.130388 runnervmmprz5 zainod-0.10.1[2979]:     in zaino_chain_head_service::service::ChainHeadService::tick
1791661091.140710 runnervmmprz5 zainod-0.10.1[2979]:   19:38:11.140  INFO zaino_chain_head_service::service: Syncing block, height: 4382126, hash: 00005602083b4755b1dc2e4090c1bd1305d5cbeb6a4324abb395cc44d18a76ae
1791661091.140710 runnervmmprz5 zainod-0.10.1[2979]:     at packages/zaino-chain-head-service/src/service.rs:478
1791661091.140710 runnervmmprz5 zainod-0.10.1[2979]:     in zaino_chain_head_service::service::ChainHeadService::tick
1791661091.141877 runnervmmprz5 zainod-0.10.1[2979]:   19:38:11.141  INFO zaino_chain_head_service::service: Syncing block, height: 4382127, hash: 000015ca6dab02d4e8f752b03e5e59c0d11ef84c90843a449aaa06c25fa81db4
1791661091.141877 runnervmmprz5 zainod-0.10.1[2979]:     at packages/zaino-chain-head-service/src/service.rs:478
1791661091.141877 runnervmmprz5 zainod-0.10.1[2979]:     in zaino_chain_head_service::service::ChainHeadService::tick
1791661091.142371 runnervmmprz5 zainod-0.10.1[2979]:   19:38:11.142  INFO zaino_chain_head_service::service: Syncing block, height: 4382128, hash: 000005722de2efb242726ab226a4fa6bc6fc84eb71131a363cacd2ac074fa623
1791661091.142371 runnervmmprz5 zainod-0.10.1[2979]:     at packages/zaino-chain-head-service/src/service.rs:478
1791661091.142371 runnervmmprz5 zainod-0.10.1[2979]:     in zaino_chain_head_service::service::ChainHeadService::tick
1791661091.143572 runnervmmprz5 zainod-0.10.1[2979]:   19:38:11.143  INFO zaino_chain_head_service::service: Syncing block, height: 4382129, hash: 00003f50db0587e3ec782694db8ae4cefc86525cae8ecfdfe49727bce867cc07
1791661091.143572 runnervmmprz5 zainod-0.10.1[2979]:     at packages/zaino-chain-head-service/src/service.rs:478
1791661091.143572 runnervmmprz5 zainod-0.10.1[2979]:     in zaino_chain_head_service::service::ChainHeadService::tick
1791661091.144385 runnervmmprz5 zainod-0.10.1[2979]:   19:38:11.144  INFO zaino_chain_head_service::service: Syncing block, height: 4382130, hash: 000071a56f7eb25ad4c9479413791cc0c50bb571f8eae1851234fde0c1d7889e
1791661091.144385 runnervmmprz5 zainod-0.10.1[2979]:     at packages/zaino-chain-head-service/src/service.rs:478
1791661091.144385 runnervmmprz5 zainod-0.10.1[2979]:     in zaino_chain_head_service::service::ChainHeadService::tick
1791661091.145025 runnervmmprz5 zainod-0.10.1[2979]:   19:38:11.144  INFO zaino_chain_head_service::service: Syncing block, height: 4382131, hash: 00003360857f0fff35c13491f7d6a5347b10c69f578483a56325d35b454d3dec
1791661091.145025 runnervmmprz5 zainod-0.10.1[2979]:     at packages/zaino-chain-head-service/src/service.rs:478
1791661091.145025 runnervmmprz5 zainod-0.10.1[2979]:     in zaino_chain_head_service::service::ChainHeadService::tick
1791661091.145252 runnervmmprz5 zainod-0.10.1[2979]:   19:38:11.145  INFO zaino_chain_head_service::service: Syncing block, height: 4382132, hash: 000038ea26de45441f5f9d97e23ce1f1b19481c582174a2d65ab15e0b26c8e2b
1791661091.145252 runnervmmprz5 zainod-0.10.1[2979]:     at packages/zaino-chain-head-service/src/service.rs:478
1791661091.145252 runnervmmprz5 zainod-0.10.1[2979]:     in zaino_chain_head_service::service::ChainHeadService::tick
1791661091.145668 runnervmmprz5 zainod-0.10.1[2979]:   19:38:11.145  INFO zaino_chain_head_service::service: Syncing block, height: 4382133, hash: 0000736b2ae1967eec2bd456505f385ab7ed23325d53f418816a410d00606e14
1791661091.145668 runnervmmprz5 zainod-0.10.1[2979]:     at packages/zaino-chain-head-service/src/service.rs:478
1791661091.145668 runnervmmprz5 zainod-0.10.1[2979]:     in zaino_chain_head_service::service::ChainHeadService::tick
1791661091.147391 runnervmmprz5 zainod-0.10.1[2979]:   19:38:11.147  INFO zaino_chain_head_service::service: Syncing block, height: 4382134, hash: 000009636de422bd3ffb2a4a99676cda15c52ce9b7e7ccd8771e05edace5d458
1791661091.147391 runnervmmprz5 zainod-0.10.1[2979]:     at packages/zaino-chain-head-service/src/service.rs:478
1791661091.147391 runnervmmprz5 zainod-0.10.1[2979]:     in zaino_chain_head_service::service::ChainHeadService::tick
1791661091.148051 runnervmmprz5 zainod-0.10.1[2979]:   19:38:11.148  INFO zaino_chain_head_service::service: Syncing block, height: 4382135, hash: 00002a768ce750477dd752702a3db5863376bfae0bcc0da2427e05bb82b0fb1e
1791661091.148051 runnervmmprz5 zainod-0.10.1[2979]:     at packages/zaino-chain-head-service/src/service.rs:478
1791661091.148051 runnervmmprz5 zainod-0.10.1[2979]:     in zaino_chain_head_service::service::ChainHeadService::tick
1791661091.159180 runnervmmprz5 zainod-0.10.1[2979]:   19:38:11.159  INFO zaino_chain_head_service::service: Syncing block, height: 4382136, hash: 000041e6247f686fcab172dd32e14d179335cefd1a991e6c84a3e86117037e0c
1791661091.159180 runnervmmprz5 zainod-0.10.1[2979]:     at packages/zaino-chain-head-service/src/service.rs:478
1791661091.159180 runnervmmprz5 zainod-0.10.1[2979]:     in zaino_chain_head_service::service::ChainHeadService::tick
1791661091.159990 runnervmmprz5 zainod-0.10.1[2979]:   19:38:11.159  INFO zaino_chain_head_service::service: Syncing block, height: 4382137, hash: 00007b49bb001c82ed06a8053399925e134188ca43dd35193078dcf234638d02
1791661091.159990 runnervmmprz5 zainod-0.10.1[2979]:     at packages/zaino-chain-head-service/src/service.rs:478
1791661091.159990 runnervmmprz5 zainod-0.10.1[2979]:     in zaino_chain_head_service::service::ChainHeadService::tick
1791661091.161024 runnervmmprz5 zainod-0.10.1[2979]:   19:38:11.160  INFO zaino_chain_head_service::service: Syncing block, height: 4382138, hash: 0000302603789e339291418acbee70012f903188bdd19ea70270184ca817991c
1791661091.161024 runnervmmprz5 zainod-0.10.1[2979]:     at packages/zaino-chain-head-service/src/service.rs:478
1791661091.161024 runnervmmprz5 zainod-0.10.1[2979]:     in zaino_chain_head_service::service::ChainHeadService::tick
1791661091.162083 runnervmmprz5 zainod-0.10.1[2979]:   19:38:11.162  INFO zaino_chain_head_service::service: Syncing block, height: 4382139, hash: 00001c58997b73f1756e9da9396d3002b98b8ccbd42f7a8d18e85828ab9a52a9
1791661091.162083 runnervmmprz5 zainod-0.10.1[2979]:     at packages/zaino-chain-head-service/src/service.rs:478
1791661091.162083 runnervmmprz5 zainod-0.10.1[2979]:     in zaino_chain_head_service::service::ChainHeadService::tick
1791661091.162803 runnervmmprz5 zainod-0.10.1[2979]:   19:38:11.162  INFO zaino_chain_head_service::service: Syncing block, height: 4382140, hash: 00005f26cc1d776eccdaa6e5a54a15ff4a9ccf8ae41d1923ed8c82bd183bef0a
1791661091.162803 runnervmmprz5 zainod-0.10.1[2979]:     at packages/zaino-chain-head-service/src/service.rs:478
1791661091.162803 runnervmmprz5 zainod-0.10.1[2979]:     in zaino_chain_head_service::service::ChainHeadService::tick
1791661091.163721 runnervmmprz5 zainod-0.10.1[2979]:   19:38:11.163  INFO zaino_chain_head_service::service: Syncing block, height: 4382141, hash: 00007062e131add8c69691606b91503097ac5022fea56494b47d59519b55c447
1791661091.163721 runnervmmprz5 zainod-0.10.1[2979]:     at packages/zaino-chain-head-service/src/service.rs:478
1791661091.163721 runnervmmprz5 zainod-0.10.1[2979]:     in zaino_chain_head_service::service::ChainHeadService::tick
1791661091.165940 runnervmmprz5 zainod-0.10.1[2979]:   19:38:11.164  INFO zaino_chain_head_service::service: Syncing block, height: 4382142, hash: 00004f216c9e9f7ce11e745d90aad0e3332f7c196c5887e7a61f61d0ba2c0a22
1791661091.165940 runnervmmprz5 zainod-0.10.1[2979]:     at packages/zaino-chain-head-service/src/service.rs:478
1791661091.165940 runnervmmprz5 zainod-0.10.1[2979]:     in zaino_chain_head_service::service::ChainHeadService::tick
1791661091.173084 runnervmmprz5 zainod-0.10.1[2979]:   19:38:11.173  INFO zaino_chain_head_service::service: Syncing block, height: 4382143, hash: 00004d6d8081b1bb91649b05eb26ac571fad40279a3b8dd7f3f56e733f5f60af
1791661091.173084 runnervmmprz5 zainod-0.10.1[2979]:     at packages/zaino-chain-head-service/src/service.rs:478
1791661091.173084 runnervmmprz5 zainod-0.10.1[2979]:     in zaino_chain_head_service::service::ChainHeadService::tick
1791661091.173929 runnervmmprz5 zainod-0.10.1[2979]:   19:38:11.173  INFO zaino_chain_head_service::service: Syncing block, height: 4382144, hash: 00004774c6a83d29cb28cad6009ef1544fd7193e34868e36bcfb5c2702ca689b
1791661091.173929 runnervmmprz5 zainod-0.10.1[2979]:     at packages/zaino-chain-head-service/src/service.rs:478
1791661091.173929 runnervmmprz5 zainod-0.10.1[2979]:     in zaino_chain_head_service::service::ChainHeadService::tick
1791661091.174330 runnervmmprz5 zainod-0.10.1[2979]:   19:38:11.174  INFO zaino_chain_head_service::service: Syncing block, height: 4382145, hash: 00005a38f00eecdc5563ec29c9fe7e01725ef84af9a13553e255bd49a4173aaa
1791661091.174330 runnervmmprz5 zainod-0.10.1[2979]:     at packages/zaino-chain-head-service/src/service.rs:478
1791661091.174330 runnervmmprz5 zainod-0.10.1[2979]:     in zaino_chain_head_service::service::ChainHeadService::tick
1791661091.175117 runnervmmprz5 zainod-0.10.1[2979]:   19:38:11.175  INFO zaino_chain_head_service::service: Syncing block, height: 4382146, hash: 000009dff6bdb3ddd25a0c65d75c00dcf8f12be36b5d44c5e506797e95cf5871
1791661091.175117 runnervmmprz5 zainod-0.10.1[2979]:     at packages/zaino-chain-head-service/src/service.rs:478
1791661091.175117 runnervmmprz5 zainod-0.10.1[2979]:     in zaino_chain_head_service::service::ChainHeadService::tick
1791661091.175653 runnervmmprz5 zainod-0.10.1[2979]:   19:38:11.175  INFO zaino_chain_head_service::service: Syncing block, height: 4382147, hash: 00001a9e689dc6075078f5c3d1a902f2d2452e7d810acb20e5327fa5aa6e1054
1791661091.175653 runnervmmprz5 zainod-0.10.1[2979]:     at packages/zaino-chain-head-service/src/service.rs:478
1791661091.175653 runnervmmprz5 zainod-0.10.1[2979]:     in zaino_chain_head_service::service::ChainHeadService::tick
1791661091.176465 runnervmmprz5 zainod-0.10.1[2979]:   19:38:11.176  INFO zaino_chain_head_service::service: Syncing block, height: 4382148, hash: 00005db0373a161a635a2136d0202ad809a9031d041dd63e48c3dd5bb9b22fc9
1791661091.176465 runnervmmprz5 zainod-0.10.1[2979]:     at packages/zaino-chain-head-service/src/service.rs:478
1791661091.176465 runnervmmprz5 zainod-0.10.1[2979]:     in zaino_chain_head_service::service::ChainHeadService::tick
1791661091.184955 runnervmmprz5 zainod-0.10.1[2979]:   19:38:11.184  INFO zaino_chain_head_service::service: Syncing block, height: 4382149, hash: 000031211311592b900a5c3ef31ab89d8782290a33f3468529ff0994063b99bd
1791661091.184955 runnervmmprz5 zainod-0.10.1[2979]:     at packages/zaino-chain-head-service/src/service.rs:478
1791661091.184955 runnervmmprz5 zainod-0.10.1[2979]:     in zaino_chain_head_service::service::ChainHeadService::tick
1791661091.185965 runnervmmprz5 zainod-0.10.1[2979]:   19:38:11.185  INFO zaino_chain_head_service::service: Syncing block, height: 4382150, hash: 000054309f6a9dca38a670d80acb4e926e17fcaca80b8731298df13fd3ffb4cc
1791661091.185965 runnervmmprz5 zainod-0.10.1[2979]:     at packages/zaino-chain-head-service/src/service.rs:478
1791661091.185965 runnervmmprz5 zainod-0.10.1[2979]:     in zaino_chain_head_service::service::ChainHeadService::tick
1791661091.186305 runnervmmprz5 zainod-0.10.1[2979]:   19:38:11.186  INFO zaino_chain_head_service::service: Syncing block, height: 4382151, hash: 000017c3fe3c65f429554e21ab5ad5e20b784b94b524121f7bf7e619fffedee9
1791661091.186305 runnervmmprz5 zainod-0.10.1[2979]:     at packages/zaino-chain-head-service/src/service.rs:478
1791661091.186305 runnervmmprz5 zainod-0.10.1[2979]:     in zaino_chain_head_service::service::ChainHeadService::tick
1791661091.186713 runnervmmprz5 zainod-0.10.1[2979]:   19:38:11.186  INFO zaino_chain_head_service::service: Syncing block, height: 4382152, hash: 00005f98ca7c9e050a3f92eae4e039e462c61c958f4db6017a649a9ba7b08fcd
1791661091.186713 runnervmmprz5 zainod-0.10.1[2979]:     at packages/zaino-chain-head-service/src/service.rs:478
1791661091.186713 runnervmmprz5 zainod-0.10.1[2979]:     in zaino_chain_head_service::service::ChainHeadService::tick
1791661091.188906 runnervmmprz5 zainod-0.10.1[2979]:   19:38:11.187  INFO zaino_chain_head_service::service: Syncing block, height: 4382153, hash: 00001fdb801a528a6a780b60565a7bac17c74d49ff0cfc41122bb082ddc5fee7
1791661091.188906 runnervmmprz5 zainod-0.10.1[2979]:     at packages/zaino-chain-head-service/src/service.rs:478
1791661091.188906 runnervmmprz5 zainod-0.10.1[2979]:     in zaino_chain_head_service::service::ChainHeadService::tick
1791661091.188906 runnervmmprz5 zainod-0.10.1[2979]:   19:38:11.187  INFO zaino_chain_head_service::service: Syncing block, height: 4382154, hash: 00003c8206a7626e95cc70c9cd6ad65ada985eba2c38ea6774ee45b0f4cafc34
1791661091.188906 runnervmmprz5 zainod-0.10.1[2979]:     at packages/zaino-chain-head-service/src/service.rs:478
1791661091.188906 runnervmmprz5 zainod-0.10.1[2979]:     in zaino_chain_head_service::service::ChainHeadService::tick
1791661091.188906 runnervmmprz5 zainod-0.10.1[2979]:   19:38:11.188  INFO zaino_chain_head_service::service: Syncing block, height: 4382155, hash: 00003df3dcc8eb28f418109b690cd6e42179e412e440467efb8654808a5e75a9
1791661091.188906 runnervmmprz5 zainod-0.10.1[2979]:     at packages/zaino-chain-head-service/src/service.rs:478
1791661091.188906 runnervmmprz5 zainod-0.10.1[2979]:     in zaino_chain_head_service::service::ChainHeadService::tick
1791661091.190888 runnervmmprz5 zainod-0.10.1[2979]:   19:38:11.190  INFO zaino_chain_head_service::service: Syncing block, height: 4382156, hash: 00002dd7756d0d513cdfa9c7cd7f5f7c1aed5e2e9f33b7bb239cfb6b43cc7458
1791661091.190888 runnervmmprz5 zainod-0.10.1[2979]:     at packages/zaino-chain-head-service/src/service.rs:478
1791661091.190888 runnervmmprz5 zainod-0.10.1[2979]:     in zaino_chain_head_service::service::ChainHeadService::tick
1791661091.194000 runnervmmprz5 zainod-0.10.1[2979]:   19:38:11.193  INFO zaino_chain_head_service::service: Syncing block, height: 4382157, hash: 0000399afc8ccfd6b8fd27fa568bb93317c13019a30aff560f06c25939a1762a
1791661091.194000 runnervmmprz5 zainod-0.10.1[2979]:     at packages/zaino-chain-head-service/src/service.rs:478
1791661091.194000 runnervmmprz5 zainod-0.10.1[2979]:     in zaino_chain_head_service::service::ChainHeadService::tick
1791661091.194694 runnervmmprz5 zainod-0.10.1[2979]:   19:38:11.194  INFO zaino_chain_head_service::service: Syncing block, height: 4382158, hash: 000072b427e19ad258f55eb507878b4b98c347c33cfddbf04e182b5e6104f604
1791661091.194694 runnervmmprz5 zainod-0.10.1[2979]:     at packages/zaino-chain-head-service/src/service.rs:478
1791661091.194694 runnervmmprz5 zainod-0.10.1[2979]:     in zaino_chain_head_service::service::ChainHeadService::tick
1791661091.195364 runnervmmprz5 zainod-0.10.1[2979]:   19:38:11.195  INFO zaino_chain_head_service::service: Syncing block, height: 4382159, hash: 00002533524dacf12846c6a5f7561294cd67ada81ddb5b4f485b2d0567c2b167
1791661091.195364 runnervmmprz5 zainod-0.10.1[2979]:     at packages/zaino-chain-head-service/src/service.rs:478
1791661091.195364 runnervmmprz5 zainod-0.10.1[2979]:     in zaino_chain_head_service::service::ChainHeadService::tick
1791661091.195744 runnervmmprz5 zainod-0.10.1[2979]:   19:38:11.195  INFO zaino_chain_head_service::service: Syncing block, height: 4382160, hash: 000071a2811d2214891b165c4a45994ba9193f68e3edacc9224ed420aa98cee3
1791661091.195744 runnervmmprz5 zainod-0.10.1[2979]:     at packages/zaino-chain-head-service/src/service.rs:478
1791661091.195744 runnervmmprz5 zainod-0.10.1[2979]:     in zaino_chain_head_service::service::ChainHeadService::tick
1791661091.196244 runnervmmprz5 zainod-0.10.1[2979]:   19:38:11.196  INFO zaino_chain_head_service::service: Syncing block, height: 4382161, hash: 00003540cdda1daa57e4910f26a3016cc4c0cbaef8b3cbad248b6225ef58a000
1791661091.196244 runnervmmprz5 zainod-0.10.1[2979]:     at packages/zaino-chain-head-service/src/service.rs:478
1791661091.196244 runnervmmprz5 zainod-0.10.1[2979]:     in zaino_chain_head_service::service::ChainHeadService::tick
1791661091.203727 runnervmmprz5 zainod-0.10.1[2979]:   19:38:11.203  INFO zaino_chain_head_service::service: Syncing block, height: 4382162, hash: 000017d0ab44e130f3ca3aeab3d56303718c4eca306ebc6d542e857e41b5dca0
1791661091.203727 runnervmmprz5 zainod-0.10.1[2979]:     at packages/zaino-chain-head-service/src/service.rs:478
1791661091.203727 runnervmmprz5 zainod-0.10.1[2979]:     in zaino_chain_head_service::service::ChainHeadService::tick
1791661091.204540 runnervmmprz5 zainod-0.10.1[2979]:   19:38:11.204  INFO zaino_chain_head_service::service: Syncing block, height: 4382163, hash: 000067b46fe69f95e32ced37af827aefc8d6180d28ca9ba88a9fdef0fede40af
1791661091.204540 runnervmmprz5 zainod-0.10.1[2979]:     at packages/zaino-chain-head-service/src/service.rs:478
1791661091.204540 runnervmmprz5 zainod-0.10.1[2979]:     in zaino_chain_head_service::service::ChainHeadService::tick
1791661091.205662 runnervmmprz5 zainod-0.10.1[2979]:   19:38:11.205  INFO zaino_chain_head_service::service: Syncing block, height: 4382164, hash: 00005c2e4551ab3387c259e7f406320dcf8148b580e24cdfdde44bb5d670f7e6
1791661091.205662 runnervmmprz5 zainod-0.10.1[2979]:     at packages/zaino-chain-head-service/src/service.rs:478
1791661091.205662 runnervmmprz5 zainod-0.10.1[2979]:     in zaino_chain_head_service::service::ChainHeadService::tick
1791661091.206677 runnervmmprz5 zainod-0.10.1[2979]:   19:38:11.206  INFO zaino_chain_head_service::service: Syncing block, height: 4382165, hash: 00002fe699baa98ab6ca97dd11518599bf226f4f981ca010bcbd5707bebe4873
1791661091.206677 runnervmmprz5 zainod-0.10.1[2979]:     at packages/zaino-chain-head-service/src/service.rs:478
1791661091.206677 runnervmmprz5 zainod-0.10.1[2979]:     in zaino_chain_head_service::service::ChainHeadService::tick
1791661091.207022 runnervmmprz5 zainod-0.10.1[2979]:   19:38:11.206  INFO zaino_chain_head_service::service: Syncing block, height: 4382166, hash: 000028409eaed31c0a24de2ee316d5e406b523f72d0e79040474b6baed2bb8ea
1791661091.207022 runnervmmprz5 zainod-0.10.1[2979]:     at packages/zaino-chain-head-service/src/service.rs:478
1791661091.207022 runnervmmprz5 zainod-0.10.1[2979]:     in zaino_chain_head_service::service::ChainHeadService::tick
1791661091.207803 runnervmmprz5 zainod-0.10.1[2979]:   19:38:11.207  INFO zaino_chain_head_service::service: Syncing block, height: 4382167, hash: 00006e4a0483b1816e49cf90a95b356e7fe313ed1d2d7e882a96adcd2a3993b0
1791661091.207803 runnervmmprz5 zainod-0.10.1[2979]:     at packages/zaino-chain-head-service/src/service.rs:478
1791661091.207803 runnervmmprz5 zainod-0.10.1[2979]:     in zaino_chain_head_service::service::ChainHeadService::tick
1791661091.208202 runnervmmprz5 zainod-0.10.1[2979]:   19:38:11.208  INFO zaino_chain_head_service::service: Syncing block, height: 4382168, hash: 00003d2ad466bb0ac80ba1dd8c38ad1b4969ec3071edfa32a768dad097f72bb7
1791661091.208202 runnervmmprz5 zainod-0.10.1[2979]:     at packages/zaino-chain-head-service/src/service.rs:478
1791661091.208202 runnervmmprz5 zainod-0.10.1[2979]:     in zaino_chain_head_service::service::ChainHeadService::tick
1791661091.208648 runnervmmprz5 zainod-0.10.1[2979]:   19:38:11.208  INFO zaino_chain_head_service::service: Syncing block, height: 4382169, hash: 0000331a0ca7b3374ebd1311cad815d836a379fc6ed4ab9bd80dd537244b24b1
1791661091.208648 runnervmmprz5 zainod-0.10.1[2979]:     at packages/zaino-chain-head-service/src/service.rs:478
1791661091.208648 runnervmmprz5 zainod-0.10.1[2979]:     in zaino_chain_head_service::service::ChainHeadService::tick
1791661091.220043 runnervmmprz5 zainod-0.10.1[2979]:   19:38:11.219  INFO zaino_chain_head_service::service: Syncing block, height: 4382170, hash: 00004ea16ecae7d31eb1a8c54a93b936f8589283495966d2b03a7910a49ee612
1791661091.220043 runnervmmprz5 zainod-0.10.1[2979]:     at packages/zaino-chain-head-service/src/service.rs:478
1791661091.220043 runnervmmprz5 zainod-0.10.1[2979]:     in zaino_chain_head_service::service::ChainHeadService::tick
1791661091.221400 runnervmmprz5 zainod-0.10.1[2979]:   19:38:11.221  INFO zaino_chain_head_service::service: Syncing block, height: 4382171, hash: 000008648e3297334cb8509758fbebaad01cd7b03ce751debd5677a12502fe2a
1791661091.221400 runnervmmprz5 zainod-0.10.1[2979]:     at packages/zaino-chain-head-service/src/service.rs:478
1791661091.221400 runnervmmprz5 zainod-0.10.1[2979]:     in zaino_chain_head_service::service::ChainHeadService::tick
1791661091.222886 runnervmmprz5 zainod-0.10.1[2979]:   19:38:11.222  INFO zaino_chain_head_service::service: Syncing block, height: 4382172, hash: 000020fc78331aad1186ae096fda259a1e808c80e1bde9ef876e99b8870b2966
1791661091.222886 runnervmmprz5 zainod-0.10.1[2979]:     at packages/zaino-chain-head-service/src/service.rs:478
1791661091.222886 runnervmmprz5 zainod-0.10.1[2979]:     in zaino_chain_head_service::service::ChainHeadService::tick
1791661091.223738 runnervmmprz5 zainod-0.10.1[2979]:   19:38:11.223  INFO zaino_chain_head_service::service: Syncing block, height: 4382173, hash: 000078bc38e8be52684f5aaa5f177e837f5d5efafa70af55c2eb89795214b563
1791661091.223738 runnervmmprz5 zainod-0.10.1[2979]:     at packages/zaino-chain-head-service/src/service.rs:478
1791661091.223738 runnervmmprz5 zainod-0.10.1[2979]:     in zaino_chain_head_service::service::ChainHeadService::tick
1791661091.224311 runnervmmprz5 zainod-0.10.1[2979]:   19:38:11.224  INFO zaino_chain_head_service::service: Syncing block, height: 4382174, hash: 000067e495331c01ce4f20c6a2708cffb76a015d1f21cc50985be40c63f1d53b
1791661091.224311 runnervmmprz5 zainod-0.10.1[2979]:     at packages/zaino-chain-head-service/src/service.rs:478
1791661091.224311 runnervmmprz5 zainod-0.10.1[2979]:     in zaino_chain_head_service::service::ChainHeadService::tick
1791661091.225261 runnervmmprz5 zainod-0.10.1[2979]:   19:38:11.225  INFO zaino_chain_head_service::service: Syncing block, height: 4382175, hash: 000001618cf4c4ba250692036b5feeccf6f6d539f0605de9c8cd5f4c701952df
1791661091.225261 runnervmmprz5 zainod-0.10.1[2979]:     at packages/zaino-chain-head-service/src/service.rs:478
1791661091.225261 runnervmmprz5 zainod-0.10.1[2979]:     in zaino_chain_head_service::service::ChainHeadService::tick
1791661091.225971 runnervmmprz5 zainod-0.10.1[2979]:   19:38:11.225  INFO zaino_chain_head_service::service: Syncing block, height: 4382176, hash: 000036d55775963f1f53aa479336adadf0f4c2bec0946ad789ec3a9090b7b1e8
1791661091.225971 runnervmmprz5 zainod-0.10.1[2979]:     at packages/zaino-chain-head-service/src/service.rs:478
1791661091.225971 runnervmmprz5 zainod-0.10.1[2979]:     in zaino_chain_head_service::service::ChainHeadService::tick
1791661091.226783 runnervmmprz5 zainod-0.10.1[2979]:   19:38:11.226  INFO zaino_chain_head_service::service: Syncing block, height: 4382177, hash: 0000017a7d7d3aa8cd7087af7c6865dac982e2995017d80bba37d3b86c79f16c
1791661091.226783 runnervmmprz5 zainod-0.10.1[2979]:     at packages/zaino-chain-head-service/src/service.rs:478
1791661091.226783 runnervmmprz5 zainod-0.10.1[2979]:     in zaino_chain_head_service::service::ChainHeadService::tick
1791661091.227470 runnervmmprz5 zainod-0.10.1[2979]:   19:38:11.227  INFO zaino_chain_head_service::service: Syncing block, height: 4382178, hash: 00003c819d2de885a201b001182314ff42b8eb11d680892e3ba4e892d7629b36
1791661091.227470 runnervmmprz5 zainod-0.10.1[2979]:     at packages/zaino-chain-head-service/src/service.rs:478
1791661091.227470 runnervmmprz5 zainod-0.10.1[2979]:     in zaino_chain_head_service::service::ChainHeadService::tick
1791661091.228574 runnervmmprz5 zainod-0.10.1[2979]:   19:38:11.228  INFO zaino_chain_head_service::service: Syncing block, height: 4382179, hash: 000007f0f95800eeb201e8833ec072ba02fffecb32dea75208c0408f80759da3
1791661091.228574 runnervmmprz5 zainod-0.10.1[2979]:     at packages/zaino-chain-head-service/src/service.rs:478
1791661091.228574 runnervmmprz5 zainod-0.10.1[2979]:     in zaino_chain_head_service::service::ChainHeadService::tick
1791661091.237490 runnervmmprz5 zainod-0.10.1[2979]:   19:38:11.237  INFO zaino_chain_head_service::service: Syncing block, height: 4382180, hash: 00006e4b65cb5ca8dcdb156b52dda6ea3aec69e5676ab5cfebaf38bdcf733b09
1791661091.237490 runnervmmprz5 zainod-0.10.1[2979]:     at packages/zaino-chain-head-service/src/service.rs:478
1791661091.237490 runnervmmprz5 zainod-0.10.1[2979]:     in zaino_chain_head_service::service::ChainHeadService::tick
1791661091.238494 runnervmmprz5 zainod-0.10.1[2979]:   19:38:11.238  INFO zaino_chain_head_service::service: Syncing block, height: 4382181, hash: 000073c2d32a38b616c32f06b5c00dec091e2c8fb2d258e708d262354cafee1e
1791661091.238494 runnervmmprz5 zainod-0.10.1[2979]:     at packages/zaino-chain-head-service/src/service.rs:478
1791661091.238494 runnervmmprz5 zainod-0.10.1[2979]:     in zaino_chain_head_service::service::ChainHeadService::tick
1791661091.239432 runnervmmprz5 zainod-0.10.1[2979]:   19:38:11.239  INFO zaino_chain_head_service::service: Syncing block, height: 4382182, hash: 0000703fd0429ba4cdf76adcc0d1c4248d9646b0e81c19a79c72cb34ee04b4e9
1791661091.239432 runnervmmprz5 zainod-0.10.1[2979]:     at packages/zaino-chain-head-service/src/service.rs:478
1791661091.239432 runnervmmprz5 zainod-0.10.1[2979]:     in zaino_chain_head_service::service::ChainHeadService::tick
1791661091.240150 runnervmmprz5 zainod-0.10.1[2979]:   19:38:11.240  INFO zaino_chain_head_service::service: Syncing block, height: 4382183, hash: 000037b4dd37bdd1001d531e4ca9c42f8a4eddf7c603eb7c2b3efd11ec7f81b1
1791661091.240150 runnervmmprz5 zainod-0.10.1[2979]:     at packages/zaino-chain-head-service/src/service.rs:478
1791661091.240150 runnervmmprz5 zainod-0.10.1[2979]:     in zaino_chain_head_service::service::ChainHeadService::tick
1791661091.241702 runnervmmprz5 zainod-0.10.1[2979]:   19:38:11.241  INFO zaino_chain_head_service::service: Syncing block, height: 4382184, hash: 0000307e7d376b57efa752c7310fc2ce49ece47f90494009e12d63cbc61543fc
1791661091.241702 runnervmmprz5 zainod-0.10.1[2979]:     at packages/zaino-chain-head-service/src/service.rs:478
1791661091.241702 runnervmmprz5 zainod-0.10.1[2979]:     in zaino_chain_head_service::service::ChainHeadService::tick
1791661091.243248 runnervmmprz5 zainod-0.10.1[2979]:   19:38:11.243  INFO zaino_chain_head_service::service: Syncing block, height: 4382185, hash: 0000341a3a0b31b0977d26a21ccecee07c9a8d5cde0a4dd93c424accd9a44ffa
1791661091.243248 runnervmmprz5 zainod-0.10.1[2979]:     at packages/zaino-chain-head-service/src/service.rs:478
1791661091.243248 runnervmmprz5 zainod-0.10.1[2979]:     in zaino_chain_head_service::service::ChainHeadService::tick
1791661091.243693 runnervmmprz5 zainod-0.10.1[2979]:   19:38:11.243  INFO zaino_chain_head_service::service: Syncing block, height: 4382186, hash: 0000095e86fa88b36671d9931a6472728b6401748d1de86ace267ca9663e54f4
1791661091.243693 runnervmmprz5 zainod-0.10.1[2979]:     at packages/zaino-chain-head-service/src/service.rs:478
1791661091.243693 runnervmmprz5 zainod-0.10.1[2979]:     in zaino_chain_head_service::service::ChainHeadService::tick
1791661091.244539 runnervmmprz5 zainod-0.10.1[2979]:   19:38:11.244  INFO zaino_chain_head_service::service: Syncing block, height: 4382187, hash: 00000f95ac3051766d06ba120d71b23c2502e5eeb5ce78d5fdb6dbfeb0dcd44d
1791661091.244539 runnervmmprz5 zainod-0.10.1[2979]:     at packages/zaino-chain-head-service/src/service.rs:478
1791661091.244539 runnervmmprz5 zainod-0.10.1[2979]:     in zaino_chain_head_service::service::ChainHeadService::tick
1791661091.253912 runnervmmprz5 zainod-0.10.1[2979]:   19:38:11.253  INFO zaino_chain_head_service::service: Syncing block, height: 4382188, hash: 000047f7761c8138dab2ca17707d8751068632d561e04b99b7e7f035cd287bd2
1791661091.253912 runnervmmprz5 zainod-0.10.1[2979]:     at packages/zaino-chain-head-service/src/service.rs:478
1791661091.253912 runnervmmprz5 zainod-0.10.1[2979]:     in zaino_chain_head_service::service::ChainHeadService::tick
1791661091.253912 runnervmmprz5 zainod-0.10.1[2979]:   19:38:11.253  INFO zaino_chain_head_service::service: Syncing block, height: 4382189, hash: 00000db952bc19e3f11d142d65196df92dd20fc37a45d13b955bb1f6557b49f7
1791661091.253912 runnervmmprz5 zainod-0.10.1[2979]:     at packages/zaino-chain-head-service/src/service.rs:478
1791661091.253912 runnervmmprz5 zainod-0.10.1[2979]:     in zaino_chain_head_service::service::ChainHeadService::tick
1791661091.254377 runnervmmprz5 zainod-0.10.1[2979]:   19:38:11.254  INFO zaino_chain_head_service::service: Syncing block, height: 4382190, hash: 000052a0e67a00ac624b942c58f970bc3abcbfdb760271d73a144717c05a5599
1791661091.254377 runnervmmprz5 zainod-0.10.1[2979]:     at packages/zaino-chain-head-service/src/service.rs:478
1791661091.254377 runnervmmprz5 zainod-0.10.1[2979]:     in zaino_chain_head_service::service::ChainHeadService::tick
1791661091.255210 runnervmmprz5 zainod-0.10.1[2979]:   19:38:11.255  INFO zaino_chain_head_service::service: Syncing block, height: 4382191, hash: 00000edf1ff0803e4fff6543d6d5b264d95ee8276e32f3f6203c67b07ede2634
1791661091.255210 runnervmmprz5 zainod-0.10.1[2979]:     at packages/zaino-chain-head-service/src/service.rs:478
1791661091.255210 runnervmmprz5 zainod-0.10.1[2979]:     in zaino_chain_head_service::service::ChainHeadService::tick
1791661091.256117 runnervmmprz5 zainod-0.10.1[2979]:   19:38:11.256  INFO zaino_chain_head_service::service: Syncing block, height: 4382192, hash: 00000054baa4ce1d5113dd74555928084349f95a0971408bd65540bee71af54b
1791661091.256117 runnervmmprz5 zainod-0.10.1[2979]:     at packages/zaino-chain-head-service/src/service.rs:478
1791661091.256117 runnervmmprz5 zainod-0.10.1[2979]:     in zaino_chain_head_service::service::ChainHeadService::tick
1791661091.257472 runnervmmprz5 zainod-0.10.1[2979]:   19:38:11.257  INFO zaino_chain_head_service::service: Syncing block, height: 4382193, hash: 00004c0ae3a147770f2b42bdea63c86995550b13f3cb621e0542c2bc17586663
1791661091.257472 runnervmmprz5 zainod-0.10.1[2979]:     at packages/zaino-chain-head-service/src/service.rs:478
1791661091.257472 runnervmmprz5 zainod-0.10.1[2979]:     in zaino_chain_head_service::service::ChainHeadService::tick
1791661091.258506 runnervmmprz5 zainod-0.10.1[2979]:   19:38:11.258  INFO zaino_chain_head_service::service: Syncing block, height: 4382194, hash: 00000e4fa60cd92e70bad0bfa3df668f955609636b46f9dd3e211b971e3ed35b
1791661091.258506 runnervmmprz5 zainod-0.10.1[2979]:     at packages/zaino-chain-head-service/src/service.rs:478
1791661091.258506 runnervmmprz5 zainod-0.10.1[2979]:     in zaino_chain_head_service::service::ChainHeadService::tick
1791661091.259562 runnervmmprz5 zainod-0.10.1[2979]:   19:38:11.259  INFO zaino_chain_head_service::service: Syncing block, height: 4382195, hash: 000004697f51ec7dac1b88ba319075cf1742e1b834ea884bf648f9b35007bf22
1791661091.259562 runnervmmprz5 zainod-0.10.1[2979]:     at packages/zaino-chain-head-service/src/service.rs:478
1791661091.259562 runnervmmprz5 zainod-0.10.1[2979]:     in zaino_chain_head_service::service::ChainHeadService::tick
1791661091.260207 runnervmmprz5 zainod-0.10.1[2979]:   19:38:11.260  INFO zaino_chain_head_service::service: Syncing block, height: 4382196, hash: 00004b1d832ffde6a4ff6ff0a76b27313d575adc4c1c85512e5b75a5e51caf7b
1791661091.260207 runnervmmprz5 zainod-0.10.1[2979]:     at packages/zaino-chain-head-service/src/service.rs:478
1791661091.260207 runnervmmprz5 zainod-0.10.1[2979]:     in zaino_chain_head_service::service::ChainHeadService::tick
1791661091.269243 runnervmmprz5 zainod-0.10.1[2979]:   19:38:11.269  INFO zaino_chain_head_service::service: Syncing block, height: 4382197, hash: 0000730ce2274d58a0bf39269f63232531526fb12d4db89e3c78fc136f9161a9
1791661091.269243 runnervmmprz5 zainod-0.10.1[2979]:     at packages/zaino-chain-head-service/src/service.rs:478
1791661091.269243 runnervmmprz5 zainod-0.10.1[2979]:     in zaino_chain_head_service::service::ChainHeadService::tick
1791661091.270141 runnervmmprz5 zainod-0.10.1[2979]:   19:38:11.270  INFO zaino_chain_head_service::service: Syncing block, height: 4382198, hash: 000004fba31495428e4c1f388d72a4290ed816e6cc9b553955b4543196f0c040
1791661091.270141 runnervmmprz5 zainod-0.10.1[2979]:     at packages/zaino-chain-head-service/src/service.rs:478
1791661091.270141 runnervmmprz5 zainod-0.10.1[2979]:     in zaino_chain_head_service::service::ChainHeadService::tick
1791661091.271051 runnervmmprz5 zainod-0.10.1[2979]:   19:38:11.271  INFO zaino_chain_head_service::service: Syncing block, height: 4382199, hash: 00002f1bb31c085605b5de721dc07bf490f783d9e00b4c36048178401d39ebae
1791661091.271051 runnervmmprz5 zainod-0.10.1[2979]:     at packages/zaino-chain-head-service/src/service.rs:478
1791661091.271051 runnervmmprz5 zainod-0.10.1[2979]:     in zaino_chain_head_service::service::ChainHeadService::tick
1791661091.272313 runnervmmprz5 zainod-0.10.1[2979]:   19:38:11.271  INFO zaino_chain_head_service::service: Syncing block, height: 4382200, hash: 00007107117b7171bfb9970cfe421fefb7d1ee6d0c99fa2efecabcb906b627c9
1791661091.272313 runnervmmprz5 zainod-0.10.1[2979]:     at packages/zaino-chain-head-service/src/service.rs:478
1791661091.272313 runnervmmprz5 zainod-0.10.1[2979]:     in zaino_chain_head_service::service::ChainHeadService::tick
1791661091.272543 runnervmmprz5 zainod-0.10.1[2979]:   19:38:11.272  INFO zaino_chain_head_service::service: Syncing block, height: 4382201, hash: 000028e365039bb982d8d86bd413d58b942a66416061edfd9be300dcccf0bee1
1791661091.272543 runnervmmprz5 zainod-0.10.1[2979]:     at packages/zaino-chain-head-service/src/service.rs:478
1791661091.272543 runnervmmprz5 zainod-0.10.1[2979]:     in zaino_chain_head_service::service::ChainHeadService::tick
1791661091.273574 runnervmmprz5 zainod-0.10.1[2979]:   19:38:11.273  INFO zaino_chain_head_service::service: Syncing block, height: 4382202, hash: 000066b734030a81460254d84a99a414d4af87b9b6d5f5d08c1aab6c9447e698
1791661091.273574 runnervmmprz5 zainod-0.10.1[2979]:     at packages/zaino-chain-head-service/src/service.rs:478
1791661091.273574 runnervmmprz5 zainod-0.10.1[2979]:     in zaino_chain_head_service::service::ChainHeadService::tick
1791661091.283399 runnervmmprz5 zainod-0.10.1[2979]:   19:38:11.283  INFO zaino_chain_head_service::service: Syncing block, height: 4382203, hash: 00006f294f7109b22dfe17a18ea4fd1aad6026178c250679e3c0f97956805986
1791661091.283399 runnervmmprz5 zainod-0.10.1[2979]:     at packages/zaino-chain-head-service/src/service.rs:478
1791661091.283399 runnervmmprz5 zainod-0.10.1[2979]:     in zaino_chain_head_service::service::ChainHeadService::tick
1791661091.284396 runnervmmprz5 zainod-0.10.1[2979]:   19:38:11.284  INFO zaino_chain_head_service::service: Syncing block, height: 4382204, hash: 00000b95604aba2740dee7df249b0ed95e71c9966230386d1ffc3a950138f343
1791661091.284396 runnervmmprz5 zainod-0.10.1[2979]:     at packages/zaino-chain-head-service/src/service.rs:478
1791661091.284396 runnervmmprz5 zainod-0.10.1[2979]:     in zaino_chain_head_service::service::ChainHeadService::tick
1791661091.284999 runnervmmprz5 zainod-0.10.1[2979]:   19:38:11.284  INFO zaino_chain_head_service::service: Syncing block, height: 4382205, hash: 000074ecce544d4ecc3a3f0e8a7d787dfadb90bb9bf6d1bb80ce16eb4c890186
1791661091.284999 runnervmmprz5 zainod-0.10.1[2979]:     at packages/zaino-chain-head-service/src/service.rs:478
1791661091.284999 runnervmmprz5 zainod-0.10.1[2979]:     in zaino_chain_head_service::service::ChainHeadService::tick
1791661091.285584 runnervmmprz5 zainod-0.10.1[2979]:   19:38:11.285  INFO zaino_chain_head_service::service: Syncing block, height: 4382206, hash: 0000200466793d0e2fdab8d559d73f806c926d31ec9a63b5f1c71f524cd3ed10
1791661091.285584 runnervmmprz5 zainod-0.10.1[2979]:     at packages/zaino-chain-head-service/src/service.rs:478
1791661091.285584 runnervmmprz5 zainod-0.10.1[2979]:     in zaino_chain_head_service::service::ChainHeadService::tick
1791661091.287020 runnervmmprz5 zainod-0.10.1[2979]:   19:38:11.286  INFO zaino_chain_head_service::service: Syncing block, height: 4382207, hash: 0000315d69917db8891eb9eee2e10df6c4482c8e5fe5a785fe2b8516cb046c5d
1791661091.287020 runnervmmprz5 zainod-0.10.1[2979]:     at packages/zaino-chain-head-service/src/service.rs:478
1791661091.287020 runnervmmprz5 zainod-0.10.1[2979]:     in zaino_chain_head_service::service::ChainHeadService::tick
1791661091.287508 runnervmmprz5 zainod-0.10.1[2979]:   19:38:11.287  INFO zaino_chain_head_service::service: Syncing block, height: 4382208, hash: 00007f553baf2d5f60a95208c7c6dcc1a617d3e5eac71634d6d7479c9eca7b5c
1791661091.287508 runnervmmprz5 zainod-0.10.1[2979]:     at packages/zaino-chain-head-service/src/service.rs:478
1791661091.287508 runnervmmprz5 zainod-0.10.1[2979]:     in zaino_chain_head_service::service::ChainHeadService::tick
1791661091.287975 runnervmmprz5 zainod-0.10.1[2979]:   19:38:11.287  INFO zaino_chain_head_service::service: Syncing block, height: 4382209, hash: 00004aa97e6a0c08e305fb98373b431ab237000d0422eaa3a09330b7e2ae6527
1791661091.287975 runnervmmprz5 zainod-0.10.1[2979]:     at packages/zaino-chain-head-service/src/service.rs:478
1791661091.287975 runnervmmprz5 zainod-0.10.1[2979]:     in zaino_chain_head_service::service::ChainHeadService::tick
1791661091.288886 runnervmmprz5 zainod-0.10.1[2979]:   19:38:11.288  INFO zaino_chain_head_service::service: Syncing block, height: 4382210, hash: 00001f384ecffedad05ce5a5aa49ca679c1c093244d5118bec24152000bcfe3d
1791661091.288886 runnervmmprz5 zainod-0.10.1[2979]:     at packages/zaino-chain-head-service/src/service.rs:478
1791661091.288886 runnervmmprz5 zainod-0.10.1[2979]:     in zaino_chain_head_service::service::ChainHeadService::tick
1791661091.289327 runnervmmprz5 zainod-0.10.1[2979]:   19:38:11.289  INFO zaino_chain_head_service::service: Syncing block, height: 4382211, hash: 000012444dfbdedd486ba67da2019f4997a4788c4ed4d6caaecc9781c4f3d4a1
1791661091.289327 runnervmmprz5 zainod-0.10.1[2979]:     at packages/zaino-chain-head-service/src/service.rs:478
1791661091.289327 runnervmmprz5 zainod-0.10.1[2979]:     in zaino_chain_head_service::service::ChainHeadService::tick
1791661091.298258 runnervmmprz5 zainod-0.10.1[2979]:   19:38:11.298  INFO zaino_chain_head_service::service: Syncing block, height: 4382212, hash: 0000679b3681a38d20a9f791f9ef576fd33cdc5a4a7aaf4ac699ebe752b23494
1791661091.298258 runnervmmprz5 zainod-0.10.1[2979]:     at packages/zaino-chain-head-service/src/service.rs:478
1791661091.298258 runnervmmprz5 zainod-0.10.1[2979]:     in zaino_chain_head_service::service::ChainHeadService::tick
1791661091.298631 runnervmmprz5 zainod-0.10.1[2979]:   19:38:11.298  INFO zaino_chain_head_service::service: Syncing block, height: 4382213, hash: 00003eaffffca73cf98e2acca48543efdb07066581b430fcbb8538e1754afbfc
1791661091.298631 runnervmmprz5 zainod-0.10.1[2979]:     at packages/zaino-chain-head-service/src/service.rs:478
1791661091.298631 runnervmmprz5 zainod-0.10.1[2979]:     in zaino_chain_head_service::service::ChainHeadService::tick
1791661091.299148 runnervmmprz5 zainod-0.10.1[2979]:   19:38:11.299  INFO zaino_chain_head_service::service: Syncing block, height: 4382214, hash: 0000256b815c8aa8effeb8bb579f7c62cb920ce56da6b33db76a68550f5b0dde
1791661091.299148 runnervmmprz5 zainod-0.10.1[2979]:     at packages/zaino-chain-head-service/src/service.rs:478
1791661091.299148 runnervmmprz5 zainod-0.10.1[2979]:     in zaino_chain_head_service::service::ChainHeadService::tick
1791661091.299892 runnervmmprz5 zainod-0.10.1[2979]:   19:38:11.299  INFO zaino_chain_head_service::service: Syncing block, height: 4382215, hash: 000000ec05e0fb52b9a76c828c479399a846b5851ef099aa767196ae0ac1e125
1791661091.299892 runnervmmprz5 zainod-0.10.1[2979]:     at packages/zaino-chain-head-service/src/service.rs:478
1791661091.299892 runnervmmprz5 zainod-0.10.1[2979]:     in zaino_chain_head_service::service::ChainHeadService::tick
1791661091.300350 runnervmmprz5 zainod-0.10.1[2979]:   19:38:11.300  INFO zaino_chain_head_service::service: Syncing block, height: 4382216, hash: 00006a72be01a198377c0146bf6d545255f5f832848202252480ae45e3dc89d4
1791661091.300350 runnervmmprz5 zainod-0.10.1[2979]:     at packages/zaino-chain-head-service/src/service.rs:478
1791661091.300350 runnervmmprz5 zainod-0.10.1[2979]:     in zaino_chain_head_service::service::ChainHeadService::tick
1791661091.301072 runnervmmprz5 zainod-0.10.1[2979]:   19:38:11.301  INFO zaino_chain_head_service::service: Syncing block, height: 4382217, hash: 000079a4aa57b0a6474c26c009a22b3c071a77ad89a7a68feffa0431ed66b17d
1791661091.301072 runnervmmprz5 zainod-0.10.1[2979]:     at packages/zaino-chain-head-service/src/service.rs:478
1791661091.301072 runnervmmprz5 zainod-0.10.1[2979]:     in zaino_chain_head_service::service::ChainHeadService::tick
1791661091.308638 runnervmmprz5 zainod-0.10.1[2979]:   19:38:11.308  INFO zaino_chain_head_service::service: Syncing block, height: 4382218, hash: 000050b312509bc7064abea5ab94a66270ea051d87d266710480fc051b8aeafe
1791661091.308638 runnervmmprz5 zainod-0.10.1[2979]:     at packages/zaino-chain-head-service/src/service.rs:478
1791661091.308638 runnervmmprz5 zainod-0.10.1[2979]:     in zaino_chain_head_service::service::ChainHeadService::tick
1791661091.309851 runnervmmprz5 zainod-0.10.1[2979]:   19:38:11.309  INFO zaino_chain_head_service::service: Syncing block, height: 4382219, hash: 00000dd01c42aa56025f5b55ed27001a55b28031ff43b9aa761a2e0801f1086e
1791661091.309851 runnervmmprz5 zainod-0.10.1[2979]:     at packages/zaino-chain-head-service/src/service.rs:478
1791661091.309851 runnervmmprz5 zainod-0.10.1[2979]:     in zaino_chain_head_service::service::ChainHeadService::tick
1791661091.311690 runnervmmprz5 zainod-0.10.1[2979]:   19:38:11.311  INFO zaino_chain_head_service::service: Syncing block, height: 4382220, hash: 000062ef8b304ce201829313cae5c1661f598acbf8a2df5185bfa1bcddcd1bee
1791661091.311690 runnervmmprz5 zainod-0.10.1[2979]:     at packages/zaino-chain-head-service/src/service.rs:478
1791661091.311690 runnervmmprz5 zainod-0.10.1[2979]:     in zaino_chain_head_service::service::ChainHeadService::tick
1791661091.312395 runnervmmprz5 zainod-0.10.1[2979]:   19:38:11.312  INFO zaino_chain_head_service::service: Syncing block, height: 4382221, hash: 00000ff8e2991ea9b8bf3efea52588c0b7418d647a95e77e345aff17a23bec7f
1791661091.312395 runnervmmprz5 zainod-0.10.1[2979]:     at packages/zaino-chain-head-service/src/service.rs:478
1791661091.312395 runnervmmprz5 zainod-0.10.1[2979]:     in zaino_chain_head_service::service::ChainHeadService::tick
1791661091.313027 runnervmmprz5 zainod-0.10.1[2979]:   19:38:11.312  INFO zaino_chain_head_service::service: Syncing block, height: 4382222, hash: 0000532805442caf5197ec28e993c114c3a75a418c504b790d51d3c3178fd89f
1791661091.313027 runnervmmprz5 zainod-0.10.1[2979]:     at packages/zaino-chain-head-service/src/service.rs:478
1791661091.313027 runnervmmprz5 zainod-0.10.1[2979]:     in zaino_chain_head_service::service::ChainHeadService::tick
1791661091.313793 runnervmmprz5 zainod-0.10.1[2979]:   19:38:11.313  INFO zaino_chain_head_service::service: Syncing block, height: 4382223, hash: 0000711e1584be28dc993485f76b4e040207aa12fe57bdbd88cc64710f7a4c6a
1791661091.313793 runnervmmprz5 zainod-0.10.1[2979]:     at packages/zaino-chain-head-service/src/service.rs:478
1791661091.313793 runnervmmprz5 zainod-0.10.1[2979]:     in zaino_chain_head_service::service::ChainHeadService::tick
1791661091.314389 runnervmmprz5 zainod-0.10.1[2979]:   19:38:11.314  INFO zaino_chain_head_service::service: Syncing block, height: 4382224, hash: 00007e7e56d97a6deb278cc82afa0ea074cdd4f486034eb1adcebc929cd0e7f6
1791661091.314389 runnervmmprz5 zainod-0.10.1[2979]:     at packages/zaino-chain-head-service/src/service.rs:478
1791661091.314389 runnervmmprz5 zainod-0.10.1[2979]:     in zaino_chain_head_service::service::ChainHeadService::tick
1791661091.315327 runnervmmprz5 zainod-0.10.1[2979]:   19:38:11.315  INFO zaino_chain_head_service::service: Syncing block, height: 4382225, hash: 00003445ed06f061fbf7319ea2b6b1ce58d8247b3a0280d806cf3e372a69d66a
1791661091.315327 runnervmmprz5 zainod-0.10.1[2979]:     at packages/zaino-chain-head-service/src/service.rs:478
1791661091.315327 runnervmmprz5 zainod-0.10.1[2979]:     in zaino_chain_head_service::service::ChainHeadService::tick
1791661091.315911 runnervmmprz5 zainod-0.10.1[2979]:   19:38:11.315  INFO zaino_chain_head_service::service: Syncing block, height: 4382226, hash: 000049c33f5f9cfd43bc26b055563e7a9b5b9de35816585564d5724039e5c229
1791661091.315911 runnervmmprz5 zainod-0.10.1[2979]:     at packages/zaino-chain-head-service/src/service.rs:478
1791661091.315911 runnervmmprz5 zainod-0.10.1[2979]:     in zaino_chain_head_service::service::ChainHeadService::tick
1791661091.316442 runnervmmprz5 zainod-0.10.1[2979]:   19:38:11.316  INFO zaino_chain_head_service::service: Syncing block, height: 4382227, hash: 00006c93c131ad593443fa29e150e05abd493020ff5c9f098b7afedc648a7424
1791661091.316442 runnervmmprz5 zainod-0.10.1[2979]:     at packages/zaino-chain-head-service/src/service.rs:478
1791661091.316442 runnervmmprz5 zainod-0.10.1[2979]:     in zaino_chain_head_service::service::ChainHeadService::tick
1791661091.327890 runnervmmprz5 zainod-0.10.1[2979]:   19:38:11.327  INFO zaino_chain_head_service::service: Syncing block, height: 4382228, hash: 00005b091db1c1f3e642f92d9120e3f1ca26f8fb8a359ac370ab180a8cf49013
1791661091.327890 runnervmmprz5 zainod-0.10.1[2979]:     at packages/zaino-chain-head-service/src/service.rs:478
1791661091.327890 runnervmmprz5 zainod-0.10.1[2979]:     in zaino_chain_head_service::service::ChainHeadService::tick
1791661091.328559 runnervmmprz5 zainod-0.10.1[2979]:   19:38:11.328  INFO zaino_chain_head_service::service: Syncing block, height: 4382229, hash: 000067b3e4be81e490c6c34a75ec185ff799d6fbb19b522ecb2dd913c2573e50
1791661091.328559 runnervmmprz5 zainod-0.10.1[2979]:     at packages/zaino-chain-head-service/src/service.rs:478
1791661091.328559 runnervmmprz5 zainod-0.10.1[2979]:     in zaino_chain_head_service::service::ChainHeadService::tick
1791661091.329272 runnervmmprz5 zainod-0.10.1[2979]:   19:38:11.329  INFO zaino_chain_head_service::service: Syncing block, height: 4382230, hash: 000032402927285b8a73356e0fddfee2fa90eabff6ea1267080755df42c87d22
1791661091.329272 runnervmmprz5 zainod-0.10.1[2979]:     at packages/zaino-chain-head-service/src/service.rs:478
1791661091.329272 runnervmmprz5 zainod-0.10.1[2979]:     in zaino_chain_head_service::service::ChainHeadService::tick
1791661091.330087 runnervmmprz5 zainod-0.10.1[2979]:   19:38:11.330  INFO zaino_chain_head_service::service: Syncing block, height: 4382231, hash: 00004158cf419069a084c2575a4da08da62f94326688c58d936e8f929479f3f5
1791661091.330087 runnervmmprz5 zainod-0.10.1[2979]:     at packages/zaino-chain-head-service/src/service.rs:478
1791661091.330087 runnervmmprz5 zainod-0.10.1[2979]:     in zaino_chain_head_service::service::ChainHeadService::tick
1791661091.330576 runnervmmprz5 zainod-0.10.1[2979]:   19:38:11.330  INFO zaino_chain_head_service::service: Syncing block, height: 4382232, hash: 000061267d06f0e9c9326cd938398ae1eae84b26a7348f61cd12e234340f57fb
1791661091.330576 runnervmmprz5 zainod-0.10.1[2979]:     at packages/zaino-chain-head-service/src/service.rs:478
1791661091.330576 runnervmmprz5 zainod-0.10.1[2979]:     in zaino_chain_head_service::service::ChainHeadService::tick
1791661091.331109 runnervmmprz5 zainod-0.10.1[2979]:   19:38:11.331  INFO zaino_chain_head_service::service: Syncing block, height: 4382233, hash: 000059543104daa37d12f64db54b7b4415dc5110aba5647925c99795bc2fa99c
1791661091.331109 runnervmmprz5 zainod-0.10.1[2979]:     at packages/zaino-chain-head-service/src/service.rs:478
1791661091.331109 runnervmmprz5 zainod-0.10.1[2979]:     in zaino_chain_head_service::service::ChainHeadService::tick
1791661091.341906 runnervmmprz5 zainod-0.10.1[2979]:   19:38:11.341  INFO zaino_chain_head_service::service: Syncing block, height: 4382234, hash: 0000114d87be072c5710dca3df5a0fb6aedb74ed892b626ca5b360e7ab945d91
1791661091.341906 runnervmmprz5 zainod-0.10.1[2979]:     at packages/zaino-chain-head-service/src/service.rs:478
1791661091.341906 runnervmmprz5 zainod-0.10.1[2979]:     in zaino_chain_head_service::service::ChainHeadService::tick
1791661091.342549 runnervmmprz5 zainod-0.10.1[2979]:   19:38:11.342  INFO zaino_chain_head_service::service: Syncing block, height: 4382235, hash: 00000bc846057a50c5213008bce58f86800c564caa8d9eace32e8ab9cc8740f7
1791661091.342549 runnervmmprz5 zainod-0.10.1[2979]:     at packages/zaino-chain-head-service/src/service.rs:478
1791661091.342549 runnervmmprz5 zainod-0.10.1[2979]:     in zaino_chain_head_service::service::ChainHeadService::tick
1791661091.345891 runnervmmprz5 zainod-0.10.1[2979]:   19:38:11.345  INFO zaino_chain_head_service::service: Syncing block, height: 4382236, hash: 00003b9fc9cfab1dc3bdcbf5325742de43251a6845f8014935b78ba801a0bdbf
1791661091.345891 runnervmmprz5 zainod-0.10.1[2979]:     at packages/zaino-chain-head-service/src/service.rs:478
1791661091.345891 runnervmmprz5 zainod-0.10.1[2979]:     in zaino_chain_head_service::service::ChainHeadService::tick
1791661091.346589 runnervmmprz5 zainod-0.10.1[2979]:   19:38:11.346  INFO zaino_chain_head_service::service: Syncing block, height: 4382237, hash: 00002e5f23a6dfd1be3f69d45d36fb278b5fe2e8382bcc1128e1061f7cfd8f62
1791661091.346589 runnervmmprz5 zainod-0.10.1[2979]:     at packages/zaino-chain-head-service/src/service.rs:478
1791661091.346589 runnervmmprz5 zainod-0.10.1[2979]:     in zaino_chain_head_service::service::ChainHeadService::tick
1791661091.347841 runnervmmprz5 zainod-0.10.1[2979]:   19:38:11.347  INFO zaino_chain_head_service::service: Syncing block, height: 4382238, hash: 00003f6a44887994e80a12f7a70398dc1747f184e2405e3cca1cec447d8c2849
1791661091.347841 runnervmmprz5 zainod-0.10.1[2979]:     at packages/zaino-chain-head-service/src/service.rs:478
1791661091.347841 runnervmmprz5 zainod-0.10.1[2979]:     in zaino_chain_head_service::service::ChainHeadService::tick
1791661091.358014 runnervmmprz5 zainod-0.10.1[2979]:   19:38:11.357  INFO zaino_chain_head_service::service: Syncing block, height: 4382239, hash: 0000230edd76e1d5ae06dc86a9cd3592dfc2c51c04fea14fcbec1d52aaa87206
1791661091.358014 runnervmmprz5 zainod-0.10.1[2979]:     at packages/zaino-chain-head-service/src/service.rs:478
1791661091.358014 runnervmmprz5 zainod-0.10.1[2979]:     in zaino_chain_head_service::service::ChainHeadService::tick
1791661091.358589 runnervmmprz5 zainod-0.10.1[2979]:   19:38:11.358  INFO zaino_chain_head_service::service: Syncing block, height: 4382240, hash: 0000342516f41ea40b25dc1f9bc9ee8bf2ee6b8cb31938f8842173414082afe2
1791661091.358589 runnervmmprz5 zainod-0.10.1[2979]:     at packages/zaino-chain-head-service/src/service.rs:478
1791661091.358589 runnervmmprz5 zainod-0.10.1[2979]:     in zaino_chain_head_service::service::ChainHeadService::tick
1791661091.359952 runnervmmprz5 zainod-0.10.1[2979]:   19:38:11.359  INFO zaino_chain_head_service::service: Syncing block, height: 4382241, hash: 000063b60fef95dbffa3b666c7411ac1492dd2690bb766b66e7c98f124d010bb
1791661091.359952 runnervmmprz5 zainod-0.10.1[2979]:     at packages/zaino-chain-head-service/src/service.rs:478
1791661091.359952 runnervmmprz5 zainod-0.10.1[2979]:     in zaino_chain_head_service::service::ChainHeadService::tick
1791661091.359952 runnervmmprz5 zainod-0.10.1[2979]:   19:38:11.359  INFO zaino_chain_head_service::service: Syncing block, height: 4382242, hash: 00001633baf836f3ae80aba04a271b16a48db397d0b1202edf6584e871f2cabc
1791661091.359952 runnervmmprz5 zainod-0.10.1[2979]:     at packages/zaino-chain-head-service/src/service.rs:478
1791661091.359952 runnervmmprz5 zainod-0.10.1[2979]:     in zaino_chain_head_service::service::ChainHeadService::tick
1791661091.360391 runnervmmprz5 zainod-0.10.1[2979]:   19:38:11.360  INFO zaino_chain_head_service::service: Syncing block, height: 4382243, hash: 00003c18a9ead315799ead129581e1862d9445f0c0e335fd586151292d3cf885
1791661091.360391 runnervmmprz5 zainod-0.10.1[2979]:     at packages/zaino-chain-head-service/src/service.rs:478
1791661091.360391 runnervmmprz5 zainod-0.10.1[2979]:     in zaino_chain_head_service::service::ChainHeadService::tick
1791661091.361310 runnervmmprz5 zainod-0.10.1[2979]:   19:38:11.361  INFO zaino_chain_head_service::service: Syncing block, height: 4382244, hash: 000068d3a2b664bd7eda2f2811425425c6e12600859452ac1b83cc7352e1d749
1791661091.361310 runnervmmprz5 zainod-0.10.1[2979]:     at packages/zaino-chain-head-service/src/service.rs:478
1791661091.361310 runnervmmprz5 zainod-0.10.1[2979]:     in zaino_chain_head_service::service::ChainHeadService::tick
1791661091.362025 runnervmmprz5 zainod-0.10.1[2979]:   19:38:11.361  INFO zaino_chain_head_service::service: Syncing block, height: 4382245, hash: 00005d07f5c3d7022ae74c99439905ce73db505fb77a707580c931ed5da17339
1791661091.362025 runnervmmprz5 zainod-0.10.1[2979]:     at packages/zaino-chain-head-service/src/service.rs:478
1791661091.362025 runnervmmprz5 zainod-0.10.1[2979]:     in zaino_chain_head_service::service::ChainHeadService::tick
1791661091.362640 runnervmmprz5 zainod-0.10.1[2979]:   19:38:11.362  INFO zaino_chain_head_service::service: Syncing block, height: 4382246, hash: 0000359f9c70b1895e1b07baade9a0a1b57b5b0e336fefa0873630bc9a43c061
1791661091.362640 runnervmmprz5 zainod-0.10.1[2979]:     at packages/zaino-chain-head-service/src/service.rs:478
1791661091.362640 runnervmmprz5 zainod-0.10.1[2979]:     in zaino_chain_head_service::service::ChainHeadService::tick
1791661091.363965 runnervmmprz5 zainod-0.10.1[2979]:   19:38:11.363  INFO zaino_chain_head_service::service: Syncing block, height: 4382247, hash: 000027872a8116f2e1972cd58649a1a28749b7c4f6b799f5db4cb3bb1c702086
1791661091.363965 runnervmmprz5 zainod-0.10.1[2979]:     at packages/zaino-chain-head-service/src/service.rs:478
1791661091.363965 runnervmmprz5 zainod-0.10.1[2979]:     in zaino_chain_head_service::service::ChainHeadService::tick
1791661091.364674 runnervmmprz5 zainod-0.10.1[2979]:   19:38:11.364  INFO zaino_chain_head_service::service: Syncing block, height: 4382248, hash: 000014a2acbe242192044a9ff0a3841ecf53a5b033882fb71c7f4626979fa53f
1791661091.364674 runnervmmprz5 zainod-0.10.1[2979]:     at packages/zaino-chain-head-service/src/service.rs:478
1791661091.364674 runnervmmprz5 zainod-0.10.1[2979]:     in zaino_chain_head_service::service::ChainHeadService::tick
1791661091.365033 runnervmmprz5 zainod-0.10.1[2979]:   19:38:11.365  INFO zaino_chain_head_service::service: Syncing block, height: 4382249, hash: 00006f06b1ad0e35f1de330dced0ce156f82259dab0d12631ad9aa7be1fd4ed2
1791661091.365033 runnervmmprz5 zainod-0.10.1[2979]:     at packages/zaino-chain-head-service/src/service.rs:478
1791661091.365033 runnervmmprz5 zainod-0.10.1[2979]:     in zaino_chain_head_service::service::ChainHeadService::tick
1791661091.365966 runnervmmprz5 zainod-0.10.1[2979]:   19:38:11.365  INFO zaino_chain_head_service::service: Syncing block, height: 4382250, hash: 00007055c8bd3d17749e33916afc621113b90cc2e1c2cad216b8ba0213fe7964
1791661091.365966 runnervmmprz5 zainod-0.10.1[2979]:     at packages/zaino-chain-head-service/src/service.rs:478
1791661091.365966 runnervmmprz5 zainod-0.10.1[2979]:     in zaino_chain_head_service::service::ChainHeadService::tick
1791661091.375773 runnervmmprz5 zainod-0.10.1[2979]:   19:38:11.375  INFO zaino_chain_head_service::service: Syncing block, height: 4382251, hash: 00000757b9aa1eac51c2b0e06b539552dec0e46a6a53f755973799cd129742d3
1791661091.375773 runnervmmprz5 zainod-0.10.1[2979]:     at packages/zaino-chain-head-service/src/service.rs:478
1791661091.375773 runnervmmprz5 zainod-0.10.1[2979]:     in zaino_chain_head_service::service::ChainHeadService::tick
1791661091.377878 runnervmmprz5 zainod-0.10.1[2979]:   19:38:11.377  INFO zaino_chain_head_service::service: Syncing block, height: 4382252, hash: 00006e4cb3c0cc228d076336497c6d29d3aad31744c5e227de16c7ed5affe301
1791661091.377878 runnervmmprz5 zainod-0.10.1[2979]:     at packages/zaino-chain-head-service/src/service.rs:478
1791661091.377878 runnervmmprz5 zainod-0.10.1[2979]:     in zaino_chain_head_service::service::ChainHeadService::tick
1791661091.380578 runnervmmprz5 zainod-0.10.1[2979]:   19:38:11.380  INFO zaino_chain_head_service::service: Syncing block, height: 4382253, hash: 0000310529718bc0ea0941a7df4b10bad61877cdc5dbe072226ed2f547f20d21
1791661091.380578 runnervmmprz5 zainod-0.10.1[2979]:     at packages/zaino-chain-head-service/src/service.rs:478
1791661091.380578 runnervmmprz5 zainod-0.10.1[2979]:     in zaino_chain_head_service::service::ChainHeadService::tick
1791661091.381505 runnervmmprz5 zainod-0.10.1[2979]:   19:38:11.381  INFO zaino_chain_head_service::service: Syncing block, height: 4382254, hash: 000059f465b422d50f7587c1a5848dc1cc34939de5d5440666a237977ea91d3c
1791661091.381505 runnervmmprz5 zainod-0.10.1[2979]:     at packages/zaino-chain-head-service/src/service.rs:478
1791661091.381505 runnervmmprz5 zainod-0.10.1[2979]:     in zaino_chain_head_service::service::ChainHeadService::tick
1791661091.385305 runnervmmprz5 zainod-0.10.1[2979]:   19:38:11.385  INFO zaino_chain_head_service::service: Syncing block, height: 4382255, hash: 00006238fd857b42057e5b9c48186055d4db376adaee94ca28640ee051cb57dc
1791661091.385305 runnervmmprz5 zainod-0.10.1[2979]:     at packages/zaino-chain-head-service/src/service.rs:478
1791661091.385305 runnervmmprz5 zainod-0.10.1[2979]:     in zaino_chain_head_service::service::ChainHeadService::tick
1791661091.385733 runnervmmprz5 zainod-0.10.1[2979]:   19:38:11.385  INFO zaino_chain_head_service::service: Syncing block, height: 4382256, hash: 00004aba25867e13708f6c2bd6efbfb9f365c122a247d1f257ea014822986cfc
1791661091.385733 runnervmmprz5 zainod-0.10.1[2979]:     at packages/zaino-chain-head-service/src/service.rs:478
1791661091.385733 runnervmmprz5 zainod-0.10.1[2979]:     in zaino_chain_head_service::service::ChainHeadService::tick
1791661091.387840 runnervmmprz5 zainod-0.10.1[2979]:   19:38:11.386  INFO zaino_chain_head_service::service: Syncing block, height: 4382257, hash: 0000496dc68157dfa521d96719a6e9b3e42fa9d18e2b9edc411b5c5dd72bcbfa
1791661091.387840 runnervmmprz5 zainod-0.10.1[2979]:     at packages/zaino-chain-head-service/src/service.rs:478
1791661091.387840 runnervmmprz5 zainod-0.10.1[2979]:     in zaino_chain_head_service::service::ChainHeadService::tick
1791661091.388071 runnervmmprz5 zainod-0.10.1[2979]:   19:38:11.387  INFO zaino_chain_head_service::service: Syncing block, height: 4382258, hash: 000039f3f9475bb84969c7d8097a506607734b4919c14e321fc3e58ff3c6f1b3
1791661091.388071 runnervmmprz5 zainod-0.10.1[2979]:     at packages/zaino-chain-head-service/src/service.rs:478
1791661091.388071 runnervmmprz5 zainod-0.10.1[2979]:     in zaino_chain_head_service::service::ChainHeadService::tick
1791661091.396018 runnervmmprz5 zainod-0.10.1[2979]:   19:38:11.395  INFO zaino_chain_head_service::service: Syncing block, height: 4382259, hash: 00000d4eeb4c6b0f5f925f2f4bad66c09205dc68dd8182e4302f62eb867eafdb
1791661091.396018 runnervmmprz5 zainod-0.10.1[2979]:     at packages/zaino-chain-head-service/src/service.rs:478
1791661091.396018 runnervmmprz5 zainod-0.10.1[2979]:     in zaino_chain_head_service::service::ChainHeadService::tick
1791661091.396621 runnervmmprz5 zainod-0.10.1[2979]:   19:38:11.396  INFO zaino_chain_head_service::service: Syncing block, height: 4382260, hash: 0000431e207e0d0e067572ad507565020192ac8e22202154b875d4a43b7b9671
1791661091.396621 runnervmmprz5 zainod-0.10.1[2979]:     at packages/zaino-chain-head-service/src/service.rs:478
1791661091.396621 runnervmmprz5 zainod-0.10.1[2979]:     in zaino_chain_head_service::service::ChainHeadService::tick
1791661091.397068 runnervmmprz5 zainod-0.10.1[2979]:   19:38:11.397  INFO zaino_chain_head_service::service: Syncing block, height: 4382261, hash: 00003f02a3b0bd69e0b9303dc5c3dc71409c6625e88491839588c612997f7f34
1791661091.397068 runnervmmprz5 zainod-0.10.1[2979]:     at packages/zaino-chain-head-service/src/service.rs:478
1791661091.397068 runnervmmprz5 zainod-0.10.1[2979]:     in zaino_chain_head_service::service::ChainHeadService::tick
1791661091.398306 runnervmmprz5 zainod-0.10.1[2979]:   19:38:11.398  INFO zaino_chain_head_service::service: Syncing block, height: 4382262, hash: 0000412a571c0f3be49e5348b0a68b00a315e72ef81f098a7334909ee7168353
1791661091.398306 runnervmmprz5 zainod-0.10.1[2979]:     at packages/zaino-chain-head-service/src/service.rs:478
1791661091.398306 runnervmmprz5 zainod-0.10.1[2979]:     in zaino_chain_head_service::service::ChainHeadService::tick
1791661091.399008 runnervmmprz5 zainod-0.10.1[2979]:   19:38:11.398  INFO zaino_chain_head_service::service: Syncing block, height: 4382263, hash: 00002a96cea1c016fb6b7a2bec60461b6b6c2a73a87c61bcb01a1f752c9a9c6c
1791661091.399008 runnervmmprz5 zainod-0.10.1[2979]:     at packages/zaino-chain-head-service/src/service.rs:478
1791661091.399008 runnervmmprz5 zainod-0.10.1[2979]:     in zaino_chain_head_service::service::ChainHeadService::tick
1791661091.400670 runnervmmprz5 zainod-0.10.1[2979]:   19:38:11.400  INFO zaino_chain_head_service::service: Syncing block, height: 4382264, hash: 00002cfddfda0cdfafa71b9c769e5bc7c0cfc5dd7c18b6aa940db381baa67a8e
1791661091.400670 runnervmmprz5 zainod-0.10.1[2979]:     at packages/zaino-chain-head-service/src/service.rs:478
1791661091.400670 runnervmmprz5 zainod-0.10.1[2979]:     in zaino_chain_head_service::service::ChainHeadService::tick
1791661091.401859 runnervmmprz5 zainod-0.10.1[2979]:   19:38:11.401  INFO zaino_chain_head_service::service: Syncing block, height: 4382265, hash: 00004d44e293dc2aed98278af998e91c6964f6e45683a9fa4a632ba560802e88
1791661091.401859 runnervmmprz5 zainod-0.10.1[2979]:     at packages/zaino-chain-head-service/src/service.rs:478
1791661091.401859 runnervmmprz5 zainod-0.10.1[2979]:     in zaino_chain_head_service::service::ChainHeadService::tick
1791661091.402971 runnervmmprz5 zainod-0.10.1[2979]:   19:38:11.402  INFO zaino_chain_head_service::service: Syncing block, height: 4382266, hash: 00004fb814049172e612c5087006198697685357d17be30417cf85a10648fa54
1791661091.402971 runnervmmprz5 zainod-0.10.1[2979]:     at packages/zaino-chain-head-service/src/service.rs:478
1791661091.402971 runnervmmprz5 zainod-0.10.1[2979]:     in zaino_chain_head_service::service::ChainHeadService::tick
1791661091.403442 runnervmmprz5 zainod-0.10.1[2979]:   19:38:11.403  INFO zaino_chain_head_service::service: Syncing block, height: 4382267, hash: 000042350c9a6490d3c8247807e2c286b824e7a5ba338270686ee0635421dfa0
1791661091.403442 runnervmmprz5 zainod-0.10.1[2979]:     at packages/zaino-chain-head-service/src/service.rs:478
1791661091.403442 runnervmmprz5 zainod-0.10.1[2979]:     in zaino_chain_head_service::service::ChainHeadService::tick
1791661091.404646 runnervmmprz5 zainod-0.10.1[2979]:   19:38:11.404  INFO zaino_chain_head_service::service: Syncing block, height: 4382268, hash: 0000031d327af8eda03b135f9695251a10486e265aaa850b96e420968fbfb51f
1791661091.404646 runnervmmprz5 zainod-0.10.1[2979]:     at packages/zaino-chain-head-service/src/service.rs:478
1791661091.404646 runnervmmprz5 zainod-0.10.1[2979]:     in zaino_chain_head_service::service::ChainHeadService::tick
1791661091.405226 runnervmmprz5 zainod-0.10.1[2979]:   19:38:11.405  INFO zaino_chain_head_service::service: Syncing block, height: 4382269, hash: 00000217add4e81dd4cb2cce136ed68881c4a2c251fd917d7e65f7383928f910
1791661091.405226 runnervmmprz5 zainod-0.10.1[2979]:     at packages/zaino-chain-head-service/src/service.rs:478
1791661091.405226 runnervmmprz5 zainod-0.10.1[2979]:     in zaino_chain_head_service::service::ChainHeadService::tick
1791661091.405696 runnervmmprz5 zainod-0.10.1[2979]:   19:38:11.405  INFO zaino_chain_head_service::service: Syncing block, height: 4382270, hash: 000018a359da7b915dc6b45da258fc8b6bff03faad3deddabcbf04450e6d329f
1791661091.405696 runnervmmprz5 zainod-0.10.1[2979]:     at packages/zaino-chain-head-service/src/service.rs:478
1791661091.405696 runnervmmprz5 zainod-0.10.1[2979]:     in zaino_chain_head_service::service::ChainHeadService::tick
1791661091.413533 runnervmmprz5 zainod-0.10.1[2979]:   19:38:11.413  INFO zaino_chain_head_service::service: Syncing block, height: 4382271, hash: 00002a3ed1f8a15a14600c7497e25b02528921e7421c5692ef2dd06ea3898c1b
1791661091.413533 runnervmmprz5 zainod-0.10.1[2979]:     at packages/zaino-chain-head-service/src/service.rs:478
1791661091.413533 runnervmmprz5 zainod-0.10.1[2979]:     in zaino_chain_head_service::service::ChainHeadService::tick
1791661091.416032 runnervmmprz5 zainod-0.10.1[2979]:   19:38:11.416  INFO zaino_chain_head_service::service: Syncing block, height: 4382272, hash: 0000442bd9fb1f39421cf008b45fd207d32dc3515aa9f38bcbb032da535791ea
1791661091.416032 runnervmmprz5 zainod-0.10.1[2979]:     at packages/zaino-chain-head-service/src/service.rs:478
1791661091.416032 runnervmmprz5 zainod-0.10.1[2979]:     in zaino_chain_head_service::service::ChainHeadService::tick
1791661091.417941 runnervmmprz5 zainod-0.10.1[2979]:   19:38:11.417  INFO zaino_chain_head_service::service: Syncing block, height: 4382273, hash: 00003c52a7278a3724b67c2c654304df845a2c91170e920163053fa2460c16a0
1791661091.417941 runnervmmprz5 zainod-0.10.1[2979]:     at packages/zaino-chain-head-service/src/service.rs:478
1791661091.417941 runnervmmprz5 zainod-0.10.1[2979]:     in zaino_chain_head_service::service::ChainHeadService::tick
1791661091.417941 runnervmmprz5 zainod-0.10.1[2979]:   19:38:11.417  INFO zaino_chain_head_service::service: Syncing block, height: 4382274, hash: 000016482912abff1f744371691e3d2c6bf41f76d4b0f1fb004330169afdcd3f
1791661091.417941 runnervmmprz5 zainod-0.10.1[2979]:     at packages/zaino-chain-head-service/src/service.rs:478
1791661091.417941 runnervmmprz5 zainod-0.10.1[2979]:     in zaino_chain_head_service::service::ChainHeadService::tick
1791661091.420313 runnervmmprz5 zainod-0.10.1[2979]:   19:38:11.420  INFO zaino_chain_head_service::service: Syncing block, height: 4382275, hash: 00000748dbe6e25ae2f577da0f9f433e1704a88a30d0b8f96aff2aca9ceb0386
1791661091.420313 runnervmmprz5 zainod-0.10.1[2979]:     at packages/zaino-chain-head-service/src/service.rs:478
1791661091.420313 runnervmmprz5 zainod-0.10.1[2979]:     in zaino_chain_head_service::service::ChainHeadService::tick
1791661091.421843 runnervmmprz5 zainod-0.10.1[2979]:   19:38:11.420  INFO zaino_chain_head_service::service: Syncing block, height: 4382276, hash: 00003d5b476eaf344873b29cb1dca0faf1d200459edd9a8b6dc9e65472ff6d33
1791661091.421843 runnervmmprz5 zainod-0.10.1[2979]:     at packages/zaino-chain-head-service/src/service.rs:478
1791661091.421843 runnervmmprz5 zainod-0.10.1[2979]:     in zaino_chain_head_service::service::ChainHeadService::tick
1791661091.421843 runnervmmprz5 zainod-0.10.1[2979]:   19:38:11.421  INFO zaino_chain_head_service::service: Syncing block, height: 4382277, hash: 000040a159eef5d52b197f1d9affc92ff289a12fe2b0434384f6e136e5d4f24a
1791661091.421843 runnervmmprz5 zainod-0.10.1[2979]:     at packages/zaino-chain-head-service/src/service.rs:478
1791661091.421843 runnervmmprz5 zainod-0.10.1[2979]:     in zaino_chain_head_service::service::ChainHeadService::tick
1791661091.421843 runnervmmprz5 zainod-0.10.1[2979]:   19:38:11.421  INFO zaino_chain_head_service::service: Syncing block, height: 4382278, hash: 00000867f71c4e5663948d72393573f7fd0d7b9844e3c48d53656a9c7cc37bd6
1791661091.421843 runnervmmprz5 zainod-0.10.1[2979]:     at packages/zaino-chain-head-service/src/service.rs:478
1791661091.421843 runnervmmprz5 zainod-0.10.1[2979]:     in zaino_chain_head_service::service::ChainHeadService::tick
1791661091.422226 runnervmmprz5 zainod-0.10.1[2979]:   19:38:11.422  INFO zaino_chain_head_service::service: Syncing block, height: 4382279, hash: 00000a10d475aecfc5ff8e78027ee1cbd5fbf225e35e4ca2ea4fde9352c27914
1791661091.422226 runnervmmprz5 zainod-0.10.1[2979]:     at packages/zaino-chain-head-service/src/service.rs:478
1791661091.422226 runnervmmprz5 zainod-0.10.1[2979]:     in zaino_chain_head_service::service::ChainHeadService::tick
1791661091.422590 runnervmmprz5 zainod-0.10.1[2979]:   19:38:11.422  INFO zaino_chain_head_service::service: Syncing block, height: 4382280, hash: 00002694b1b9e69f2d2c16097f351b9f0d224c4a84bd9865956711b81930566d
1791661091.422590 runnervmmprz5 zainod-0.10.1[2979]:     at packages/zaino-chain-head-service/src/service.rs:478
1791661091.422590 runnervmmprz5 zainod-0.10.1[2979]:     in zaino_chain_head_service::service::ChainHeadService::tick
1791661091.432473 runnervmmprz5 zainod-0.10.1[2979]:   19:38:11.432  INFO zaino_chain_head_service::service: Syncing block, height: 4382281, hash: 00000d32a272e7659f9c792c7f473dd9357d1daebc21daa4d145358b1c52c6c5
1791661091.432473 runnervmmprz5 zainod-0.10.1[2979]:     at packages/zaino-chain-head-service/src/service.rs:478
1791661091.432473 runnervmmprz5 zainod-0.10.1[2979]:     in zaino_chain_head_service::service::ChainHeadService::tick
1791661091.433027 runnervmmprz5 zainod-0.10.1[2979]:   19:38:11.432  INFO zaino_chain_head_service::service: Syncing block, height: 4382282, hash: 00002ed40463bada9256072066700220eba01c2270350f14cafbc7870ab1ec2e
1791661091.433027 runnervmmprz5 zainod-0.10.1[2979]:     at packages/zaino-chain-head-service/src/service.rs:478
1791661091.433027 runnervmmprz5 zainod-0.10.1[2979]:     in zaino_chain_head_service::service::ChainHeadService::tick
1791661091.434023 runnervmmprz5 zainod-0.10.1[2979]:   19:38:11.433  INFO zaino_chain_head_service::service: Syncing block, height: 4382283, hash: 00002f20693560d0707736efc41ef3c25efb88eacb84abaa9ce45a5380152607
1791661091.434023 runnervmmprz5 zainod-0.10.1[2979]:     at packages/zaino-chain-head-service/src/service.rs:478
1791661091.434023 runnervmmprz5 zainod-0.10.1[2979]:     in zaino_chain_head_service::service::ChainHeadService::tick
1791661091.435878 runnervmmprz5 zainod-0.10.1[2979]:   19:38:11.434  INFO zaino_chain_head_service::service: Syncing block, height: 4382284, hash: 00000908b56b73efd5a75b86f2b3afecec0082545fc0fbc843c21ab5a0e8e5f2
1791661091.435878 runnervmmprz5 zainod-0.10.1[2979]:     at packages/zaino-chain-head-service/src/service.rs:478
1791661091.435878 runnervmmprz5 zainod-0.10.1[2979]:     in zaino_chain_head_service::service::ChainHeadService::tick
1791661091.436196 runnervmmprz5 zainod-0.10.1[2979]:   19:38:11.436  INFO zaino_chain_head_service::service: Syncing block, height: 4382285, hash: 00002669f515c2db7d9d270c67f38ca37b6a026b508c822baa4f3255a8a536f5
1791661091.436196 runnervmmprz5 zainod-0.10.1[2979]:     at packages/zaino-chain-head-service/src/service.rs:478
1791661091.436196 runnervmmprz5 zainod-0.10.1[2979]:     in zaino_chain_head_service::service::ChainHeadService::tick
1791661091.436672 runnervmmprz5 zainod-0.10.1[2979]:   19:38:11.436  INFO zaino_chain_head_service::service: Syncing block, height: 4382286, hash: 00003bcc2da7e994144e00dcb4963bbddbfce2fc79163dffe12154279e7e0b86
1791661091.436672 runnervmmprz5 zainod-0.10.1[2979]:     at packages/zaino-chain-head-service/src/service.rs:478
1791661091.436672 runnervmmprz5 zainod-0.10.1[2979]:     in zaino_chain_head_service::service::ChainHeadService::tick
1791661091.437056 runnervmmprz5 zainod-0.10.1[2979]:   19:38:11.437  INFO zaino_chain_head_service::service: Syncing block, height: 4382287, hash: 000037bd5dcf860414934fc69aa22de791e373870ffd48bebeebf3098e712df7
1791661091.437056 runnervmmprz5 zainod-0.10.1[2979]:     at packages/zaino-chain-head-service/src/service.rs:478
1791661091.437056 runnervmmprz5 zainod-0.10.1[2979]:     in zaino_chain_head_service::service::ChainHeadService::tick
1791661091.437485 runnervmmprz5 zainod-0.10.1[2979]:   19:38:11.437  INFO zaino_chain_head_service::service: Syncing block, height: 4382288, hash: 0000076cb8a55ff71af6b9bfc3b64e3c6438b9c303a5aaa944caa6009091158a
1791661091.437485 runnervmmprz5 zainod-0.10.1[2979]:     at packages/zaino-chain-head-service/src/service.rs:478
1791661091.437485 runnervmmprz5 zainod-0.10.1[2979]:     in zaino_chain_head_service::service::ChainHeadService::tick
1791661091.439422 runnervmmprz5 zainod-0.10.1[2979]:   19:38:11.439  INFO zaino_chain_head_service::service: Syncing block, height: 4382289, hash: 000033a994673ecd23d0e9c37544dd8fe7f5e1ba8c8c8ecafd72a1ccad458771
1791661091.439422 runnervmmprz5 zainod-0.10.1[2979]:     at packages/zaino-chain-head-service/src/service.rs:478
1791661091.439422 runnervmmprz5 zainod-0.10.1[2979]:     in zaino_chain_head_service::service::ChainHeadService::tick
1791661091.447569 runnervmmprz5 zainod-0.10.1[2979]:   19:38:11.447  INFO zaino_chain_head_service::service: Syncing block, height: 4382290, hash: 00001a73a16606003aeab35ca07d83186ab129365182a25bcb4e83671c2d57fe
1791661091.447569 runnervmmprz5 zainod-0.10.1[2979]:     at packages/zaino-chain-head-service/src/service.rs:478
1791661091.447569 runnervmmprz5 zainod-0.10.1[2979]:     in zaino_chain_head_service::service::ChainHeadService::tick
1791661091.448119 runnervmmprz5 zainod-0.10.1[2979]:   19:38:11.448  INFO zaino_chain_head_service::service: Syncing block, height: 4382291, hash: 000017701e14f8825abdab8fe243eeef6749360ad3f6e15f99f70b4389258b89
1791661091.448119 runnervmmprz5 zainod-0.10.1[2979]:     at packages/zaino-chain-head-service/src/service.rs:478
1791661091.448119 runnervmmprz5 zainod-0.10.1[2979]:     in zaino_chain_head_service::service::ChainHeadService::tick
1791661091.449293 runnervmmprz5 zainod-0.10.1[2979]:   19:38:11.449  INFO zaino_chain_head_service::service: Syncing block, height: 4382292, hash: 00000c1c9dd21fe84bd7d59c0876fdfabe7fa50e489302b9dac813eba46e796d
1791661091.449293 runnervmmprz5 zainod-0.10.1[2979]:     at packages/zaino-chain-head-service/src/service.rs:478
1791661091.449293 runnervmmprz5 zainod-0.10.1[2979]:     in zaino_chain_head_service::service::ChainHeadService::tick
1791661091.451434 runnervmmprz5 zainod-0.10.1[2979]:   19:38:11.451  INFO zaino_chain_head_service::service: Syncing block, height: 4382293, hash: 000010f853c09071f40551fe04b80eeffea7a9bc96a1b1b78368254464c15b9b
1791661091.451434 runnervmmprz5 zainod-0.10.1[2979]:     at packages/zaino-chain-head-service/src/service.rs:478
1791661091.451434 runnervmmprz5 zainod-0.10.1[2979]:     in zaino_chain_head_service::service::ChainHeadService::tick
1791661091.451806 runnervmmprz5 zainod-0.10.1[2979]:   19:38:11.451  INFO zaino_chain_head_service::service: Syncing block, height: 4382294, hash: 00002eb5f4e88df702f15f64227ba73d2b225449476043f388807fb17664e6d8
1791661091.451806 runnervmmprz5 zainod-0.10.1[2979]:     at packages/zaino-chain-head-service/src/service.rs:478
1791661091.451806 runnervmmprz5 zainod-0.10.1[2979]:     in zaino_chain_head_service::service::ChainHeadService::tick
1791661091.452071 runnervmmprz5 zainod-0.10.1[2979]:   19:38:11.451  INFO zaino_chain_head_service::service: Syncing block, height: 4382295, hash: 000001c1adcfa6a776da146b29b126f58832bccf42f143006d657ad254bdedbf
1791661091.452071 runnervmmprz5 zainod-0.10.1[2979]:     at packages/zaino-chain-head-service/src/service.rs:478
1791661091.452071 runnervmmprz5 zainod-0.10.1[2979]:     in zaino_chain_head_service::service::ChainHeadService::tick
1791661091.452468 runnervmmprz5 zainod-0.10.1[2979]:   19:38:11.452  INFO zaino_chain_head_service::service: Syncing block, height: 4382296, hash: 0000120b881bf0e9a7fc805e698d64453c80549504759b4ffb6bac8a56ae0e7f
1791661091.452468 runnervmmprz5 zainod-0.10.1[2979]:     at packages/zaino-chain-head-service/src/service.rs:478
1791661091.452468 runnervmmprz5 zainod-0.10.1[2979]:     in zaino_chain_head_service::service::ChainHeadService::tick
1791661091.463622 runnervmmprz5 zainod-0.10.1[2979]:   19:38:11.463  INFO zaino_chain_head_service::service: Syncing block, height: 4382297, hash: 00002513c4ac10270520946ad76452c53e3f253e9448f53a0a20bf451f5d747f
1791661091.463622 runnervmmprz5 zainod-0.10.1[2979]:     at packages/zaino-chain-head-service/src/service.rs:478
1791661091.463622 runnervmmprz5 zainod-0.10.1[2979]:     in zaino_chain_head_service::service::ChainHeadService::tick
1791661091.464540 runnervmmprz5 zainod-0.10.1[2979]:   19:38:11.464  INFO zaino_chain_head_service::service: Syncing block, height: 4382298, hash: 0000134707266f4472a808d973ba797c56cf1e1e703b6792bdb42ef2a3b075ca
1791661091.464540 runnervmmprz5 zainod-0.10.1[2979]:     at packages/zaino-chain-head-service/src/service.rs:478
1791661091.464540 runnervmmprz5 zainod-0.10.1[2979]:     in zaino_chain_head_service::service::ChainHeadService::tick
1791661091.465068 runnervmmprz5 zainod-0.10.1[2979]:   19:38:11.465  INFO zaino_chain_head_service::service: Syncing block, height: 4382299, hash: 00001c7417bbe4b40a047e25a1be88814c4a8c1e3da9a9643a72ebda821b5c32
1791661091.465068 runnervmmprz5 zainod-0.10.1[2979]:     at packages/zaino-chain-head-service/src/service.rs:478
1791661091.465068 runnervmmprz5 zainod-0.10.1[2979]:     in zaino_chain_head_service::service::ChainHeadService::tick
1791661091.465929 runnervmmprz5 zainod-0.10.1[2979]:   19:38:11.465  INFO zaino_chain_head_service::service: Syncing block, height: 4382300, hash: 00000109a32a69d972d192be368c0d9cad4848b9cc8178dcf3a02d6765656e34
1791661091.465929 runnervmmprz5 zainod-0.10.1[2979]:     at packages/zaino-chain-head-service/src/service.rs:478
1791661091.465929 runnervmmprz5 zainod-0.10.1[2979]:     in zaino_chain_head_service::service::ChainHeadService::tick
1791661091.466241 runnervmmprz5 zainod-0.10.1[2979]:   19:38:11.466  INFO zaino_chain_head_service::service: Syncing block, height: 4382301, hash: 0000076af2478d0538fc19c3d79d1bcf16a324363d871352decb811c3b71bde0
1791661091.466241 runnervmmprz5 zainod-0.10.1[2979]:     at packages/zaino-chain-head-service/src/service.rs:478
1791661091.466241 runnervmmprz5 zainod-0.10.1[2979]:     in zaino_chain_head_service::service::ChainHeadService::tick
1791661091.466836 runnervmmprz5 zainod-0.10.1[2979]:   19:38:11.466  INFO zaino_chain_head_service::service: Syncing block, height: 4382302, hash: 0000157935fd93bdfed66218a3dc2fefc5f82a15df3f7d54103e419e84d7f051
1791661091.466836 runnervmmprz5 zainod-0.10.1[2979]:     at packages/zaino-chain-head-service/src/service.rs:478
1791661091.466836 runnervmmprz5 zainod-0.10.1[2979]:     in zaino_chain_head_service::service::ChainHeadService::tick
1791661091.467475 runnervmmprz5 zainod-0.10.1[2979]:   19:38:11.467  INFO zaino_chain_head_service::service: Syncing block, height: 4382303, hash: 0000296a84bf80858efba3466e1dd748968796d93b45fc55d5a9e121d601e0ec
1791661091.467475 runnervmmprz5 zainod-0.10.1[2979]:     at packages/zaino-chain-head-service/src/service.rs:478
1791661091.467475 runnervmmprz5 zainod-0.10.1[2979]:     in zaino_chain_head_service::service::ChainHeadService::tick
1791661091.475183 runnervmmprz5 zainod-0.10.1[2979]:   19:38:11.475  INFO zaino_chain_head_service::service: Syncing block, height: 4382304, hash: 000029d9b12337d46231732d697e140a8db2c6980189fd4a8111a8d58e1c9089
1791661091.475183 runnervmmprz5 zainod-0.10.1[2979]:     at packages/zaino-chain-head-service/src/service.rs:478
1791661091.475183 runnervmmprz5 zainod-0.10.1[2979]:     in zaino_chain_head_service::service::ChainHeadService::tick
1791661091.476377 runnervmmprz5 zainod-0.10.1[2979]:   19:38:11.476  INFO zaino_chain_head_service::service: Syncing block, height: 4382305, hash: 0000213f7487180914de2b0fc5acb951d2f0e754fca5baf216377a181442161f
1791661091.476377 runnervmmprz5 zainod-0.10.1[2979]:     at packages/zaino-chain-head-service/src/service.rs:478
1791661091.476377 runnervmmprz5 zainod-0.10.1[2979]:     in zaino_chain_head_service::service::ChainHeadService::tick
1791661091.477472 runnervmmprz5 zainod-0.10.1[2979]:   19:38:11.477  INFO zaino_chain_head_service::service: Syncing block, height: 4382306, hash: 00002173d2321a03ee705a7d2220cd11463a84cbb880075aff40413c17204558
1791661091.477472 runnervmmprz5 zainod-0.10.1[2979]:     at packages/zaino-chain-head-service/src/service.rs:478
1791661091.477472 runnervmmprz5 zainod-0.10.1[2979]:     in zaino_chain_head_service::service::ChainHeadService::tick
1791661091.477765 runnervmmprz5 zainod-0.10.1[2979]:   19:38:11.477  INFO zaino_chain_head_service::service: Syncing block, height: 4382307, hash: 00001d273fbc3c84feacab227d358b6bc8e55138cba0b2bd713655b669ae64e4
1791661091.477765 runnervmmprz5 zainod-0.10.1[2979]:     at packages/zaino-chain-head-service/src/service.rs:478
1791661091.477765 runnervmmprz5 zainod-0.10.1[2979]:     in zaino_chain_head_service::service::ChainHeadService::tick
1791661091.479004 runnervmmprz5 zainod-0.10.1[2979]:   19:38:11.478  INFO zaino_chain_head_service::service: Syncing block, height: 4382308, hash: 00001dae3da849447a7eef9223ccc6cb5fe87eab01b5492a087ae9d098484b80
1791661091.479004 runnervmmprz5 zainod-0.10.1[2979]:     at packages/zaino-chain-head-service/src/service.rs:478
1791661091.479004 runnervmmprz5 zainod-0.10.1[2979]:     in zaino_chain_head_service::service::ChainHeadService::tick
1791661091.479395 runnervmmprz5 zainod-0.10.1[2979]:   19:38:11.479  INFO zaino_chain_head_service::service: Syncing block, height: 4382309, hash: 00001062c4400651fd34a6eb0e1e7ec0a6a74e4fbd7400fadbe6357776de264f
1791661091.479395 runnervmmprz5 zainod-0.10.1[2979]:     at packages/zaino-chain-head-service/src/service.rs:478
1791661091.479395 runnervmmprz5 zainod-0.10.1[2979]:     in zaino_chain_head_service::service::ChainHeadService::tick
1791661091.488351 runnervmmprz5 zainod-0.10.1[2979]:   19:38:11.488  INFO zaino_chain_head_service::service: Syncing block, height: 4382310, hash: 0000131da5a04a016a636241c6b5e99895ec816708193ff4baa827ea5a39980f
1791661091.488351 runnervmmprz5 zainod-0.10.1[2979]:     at packages/zaino-chain-head-service/src/service.rs:478
1791661091.488351 runnervmmprz5 zainod-0.10.1[2979]:     in zaino_chain_head_service::service::ChainHeadService::tick
1791661091.489226 runnervmmprz5 zainod-0.10.1[2979]:   19:38:11.489  INFO zaino_chain_head_service::service: Syncing block, height: 4382311, hash: 000021f79389fb8ac4fe2ffbb1ab3fae78a1c60bdf3e02198b643a7b50695439
1791661091.489226 runnervmmprz5 zainod-0.10.1[2979]:     at packages/zaino-chain-head-service/src/service.rs:478
1791661091.489226 runnervmmprz5 zainod-0.10.1[2979]:     in zaino_chain_head_service::service::ChainHeadService::tick
1791661091.489840 runnervmmprz5 zainod-0.10.1[2979]:   19:38:11.489  INFO zaino_chain_head_service::service: Syncing block, height: 4382312, hash: 0000125a362712c8877f03c2c3b339290bfc5b118ae9d0bf7ff524061dfaa512
1791661091.489840 runnervmmprz5 zainod-0.10.1[2979]:     at packages/zaino-chain-head-service/src/service.rs:478
1791661091.489840 runnervmmprz5 zainod-0.10.1[2979]:     in zaino_chain_head_service::service::ChainHeadService::tick
1791661091.490388 runnervmmprz5 zainod-0.10.1[2979]:   19:38:11.490  INFO zaino_chain_head_service::service: Syncing block, height: 4382313, hash: 000001877bcfa5345a9feef83e474e1f23cdc50b689d17cb0a12f165f415be14
1791661091.490388 runnervmmprz5 zainod-0.10.1[2979]:     at packages/zaino-chain-head-service/src/service.rs:478
1791661091.490388 runnervmmprz5 zainod-0.10.1[2979]:     in zaino_chain_head_service::service::ChainHeadService::tick
1791661091.491102 runnervmmprz5 zainod-0.10.1[2979]:   19:38:11.491  INFO zaino_chain_head_service::service: Syncing block, height: 4382314, hash: 000011dcbdc08a08d56f54b6d7acf2723221a77604d337197fb680710456cb85
1791661091.491102 runnervmmprz5 zainod-0.10.1[2979]:     at packages/zaino-chain-head-service/src/service.rs:478
1791661091.491102 runnervmmprz5 zainod-0.10.1[2979]:     in zaino_chain_head_service::service::ChainHeadService::tick
1791661091.491672 runnervmmprz5 zainod-0.10.1[2979]:   19:38:11.491  INFO zaino_chain_head_service::service: Syncing block, height: 4382315, hash: 000022d17cb464f10c5dfa6a83350db4f457d7714597cab5dfe876fa46746993
1791661091.491672 runnervmmprz5 zainod-0.10.1[2979]:     at packages/zaino-chain-head-service/src/service.rs:478
1791661091.491672 runnervmmprz5 zainod-0.10.1[2979]:     in zaino_chain_head_service::service::ChainHeadService::tick
1791661091.492466 runnervmmprz5 zainod-0.10.1[2979]:   19:38:11.492  INFO zaino_chain_head_service::service: Syncing block, height: 4382316, hash: 00001ed2d57beefebf5231cb6985fdd00e55f979dd04dba8533835efbe9df10c
1791661091.492466 runnervmmprz5 zainod-0.10.1[2979]:     at packages/zaino-chain-head-service/src/service.rs:478
1791661091.492466 runnervmmprz5 zainod-0.10.1[2979]:     in zaino_chain_head_service::service::ChainHeadService::tick
1791661091.493401 runnervmmprz5 zainod-0.10.1[2979]:   19:38:11.493  INFO zaino_chain_head_service::service: Syncing block, height: 4382317, hash: 00001b236fe9ec3f17cf7eb217054f793e4fc4cf2f0ba9b3dedc7808c12fe54c
1791661091.493401 runnervmmprz5 zainod-0.10.1[2979]:     at packages/zaino-chain-head-service/src/service.rs:478
1791661091.493401 runnervmmprz5 zainod-0.10.1[2979]:     in zaino_chain_head_service::service::ChainHeadService::tick
1791661091.493964 runnervmmprz5 zainod-0.10.1[2979]:   19:38:11.493  INFO zaino_chain_head_service::service: Syncing block, height: 4382318, hash: 00001185c9a547d8c8bd9b923e75f96c32abe9b6b35b857e5813c61c1b32e6a2
1791661091.493964 runnervmmprz5 zainod-0.10.1[2979]:     at packages/zaino-chain-head-service/src/service.rs:478
1791661091.493964 runnervmmprz5 zainod-0.10.1[2979]:     in zaino_chain_head_service::service::ChainHeadService::tick
1791661091.494457 runnervmmprz5 zainod-0.10.1[2979]:   19:38:11.494  INFO zaino_chain_head_service::service: Syncing block, height: 4382319, hash: 00001c6309acc9dbb7efafe090a6898906442dcf71a47084471189acbe18bc3b
1791661091.494457 runnervmmprz5 zainod-0.10.1[2979]:     at packages/zaino-chain-head-service/src/service.rs:478
1791661091.494457 runnervmmprz5 zainod-0.10.1[2979]:     in zaino_chain_head_service::service::ChainHeadService::tick
1791661091.494757 runnervmmprz5 zainod-0.10.1[2979]:   19:38:11.494  INFO zaino_chain_head_service::service: Syncing block, height: 4382320, hash: 000002cd1364fcff5085ad068d6121602f08e6143402a51d8b97171c65f93ecd
1791661091.494757 runnervmmprz5 zainod-0.10.1[2979]:     at packages/zaino-chain-head-service/src/service.rs:478
1791661091.494757 runnervmmprz5 zainod-0.10.1[2979]:     in zaino_chain_head_service::service::ChainHeadService::tick
1791661091.495836 runnervmmprz5 zainod-0.10.1[2979]:   19:38:11.495  INFO zaino_chain_head_service::service: Syncing block, height: 4382321, hash: 0000178cc60775f1511354efc6609568c05fc4ed94bcc616688560bae69cab17
1791661091.495836 runnervmmprz5 zainod-0.10.1[2979]:     at packages/zaino-chain-head-service/src/service.rs:478
1791661091.495836 runnervmmprz5 zainod-0.10.1[2979]:     in zaino_chain_head_service::service::ChainHeadService::tick
1791661091.497031 runnervmmprz5 zainod-0.10.1[2979]:   19:38:11.497  INFO zaino_chain_head_service::service: Syncing block, height: 4382322, hash: 00000e0d29b7b5dfbae5b8279e2373a6d425f610cf5b6bd5a5d538422aafa9c8
1791661091.497031 runnervmmprz5 zainod-0.10.1[2979]:     at packages/zaino-chain-head-service/src/service.rs:478
1791661091.497031 runnervmmprz5 zainod-0.10.1[2979]:     in zaino_chain_head_service::service::ChainHeadService::tick
1791661091.497708 runnervmmprz5 zainod-0.10.1[2979]:   19:38:11.497  INFO zaino_chain_head_service::service: Syncing block, height: 4382323, hash: 000014a3c0a6a1e8f98dbc03419d8a8cd2ea0b0378dc311f53fa68ffb388ec62
1791661091.497708 runnervmmprz5 zainod-0.10.1[2979]:     at packages/zaino-chain-head-service/src/service.rs:478
1791661091.497708 runnervmmprz5 zainod-0.10.1[2979]:     in zaino_chain_head_service::service::ChainHeadService::tick
1791661091.498426 runnervmmprz5 zainod-0.10.1[2979]:   19:38:11.498  INFO zaino_chain_head_service::service: Syncing block, height: 4382324, hash: 00001565e33223818fa026af380ed142ee1f22c7a3215a8198ae94158341c4ef
1791661091.498426 runnervmmprz5 zainod-0.10.1[2979]:     at packages/zaino-chain-head-service/src/service.rs:478
1791661091.498426 runnervmmprz5 zainod-0.10.1[2979]:     in zaino_chain_head_service::service::ChainHeadService::tick
1791661091.499842 runnervmmprz5 zainod-0.10.1[2979]:   19:38:11.499  INFO zaino_chain_head_service::service: Syncing block, height: 4382325, hash: 00000110420d7ebf450bc2bb6e5a93e6fca9d43788b027c0d240cc41edd6c23f
1791661091.499842 runnervmmprz5 zainod-0.10.1[2979]:     at packages/zaino-chain-head-service/src/service.rs:478
1791661091.499842 runnervmmprz5 zainod-0.10.1[2979]:     in zaino_chain_head_service::service::ChainHeadService::tick
1791661091.499842 runnervmmprz5 zainod-0.10.1[2979]:   19:38:11.499  INFO zaino_chain_head_service::service: Syncing block, height: 4382326, hash: 00001e83661d4170d4222f84f047c5b6325111c7e4f1d8fe44745165429ebd80
1791661091.499842 runnervmmprz5 zainod-0.10.1[2979]:     at packages/zaino-chain-head-service/src/service.rs:478
1791661091.499842 runnervmmprz5 zainod-0.10.1[2979]:     in zaino_chain_head_service::service::ChainHeadService::tick
1791661091.500188 runnervmmprz5 zainod-0.10.1[2979]:   19:38:11.500  INFO zaino_chain_head_service::service: Syncing block, height: 4382327, hash: 0000021187352763bd8c421a307eeec0e538beba802af427c2d7c7b5eabf0bc8
1791661091.500188 runnervmmprz5 zainod-0.10.1[2979]:     at packages/zaino-chain-head-service/src/service.rs:478
1791661091.500188 runnervmmprz5 zainod-0.10.1[2979]:     in zaino_chain_head_service::service::ChainHeadService::tick
1791661091.500511 runnervmmprz5 zainod-0.10.1[2979]:   19:38:11.500  INFO zaino_chain_head_service::service: Syncing block, height: 4382328, hash: 00001ae93a63856cbd3c7be8883369ca8de50e664ecd1e7f7fc83297eda8aabd
1791661091.500511 runnervmmprz5 zainod-0.10.1[2979]:     at packages/zaino-chain-head-service/src/service.rs:478
1791661091.500511 runnervmmprz5 zainod-0.10.1[2979]:     in zaino_chain_head_service::service::ChainHeadService::tick
1791661091.502928 runnervmmprz5 zainod-0.10.1[2979]:   19:38:11.501  INFO zaino_chain_head_service::service: Syncing block, height: 4382329, hash: 000014c532b7d24315c088b8c54a01098285345e9411f5ac01fe44140af5017f
1791661091.502928 runnervmmprz5 zainod-0.10.1[2979]:     at packages/zaino-chain-head-service/src/service.rs:478
1791661091.502928 runnervmmprz5 zainod-0.10.1[2979]:     in zaino_chain_head_service::service::ChainHeadService::tick
1791661091.503101 runnervmmprz5 zainod-0.10.1[2979]:   19:38:11.503  INFO zaino_chain_head_service::service: Syncing block, height: 4382330, hash: 00000d6c5bba5f2f6468a90638ed56f403d4d7bec9e97303f8d882890b464458
1791661091.503101 runnervmmprz5 zainod-0.10.1[2979]:     at packages/zaino-chain-head-service/src/service.rs:478
1791661091.503101 runnervmmprz5 zainod-0.10.1[2979]:     in zaino_chain_head_service::service::ChainHeadService::tick
1791661091.503618 runnervmmprz5 zainod-0.10.1[2979]:   19:38:11.503  INFO zaino_chain_head_service::service: Syncing block, height: 4382331, hash: 00001aca35188db5b36eb44e3a1a2f1feb4d67330f79856963a5c4099a0cb330
1791661091.503618 runnervmmprz5 zainod-0.10.1[2979]:     at packages/zaino-chain-head-service/src/service.rs:478
1791661091.503618 runnervmmprz5 zainod-0.10.1[2979]:     in zaino_chain_head_service::service::ChainHeadService::tick
1791661091.503905 runnervmmprz5 zainod-0.10.1[2979]:   19:38:11.503  INFO zaino_chain_head_service::service: Syncing block, height: 4382332, hash: 00000500cb3255d39ea3b34f3346bff142eb340e82b6767bc8f3f2bf68998e73
1791661091.503905 runnervmmprz5 zainod-0.10.1[2979]:     at packages/zaino-chain-head-service/src/service.rs:478
1791661091.503905 runnervmmprz5 zainod-0.10.1[2979]:     in zaino_chain_head_service::service::ChainHeadService::tick
1791661091.505010 runnervmmprz5 zainod-0.10.1[2979]:   19:38:11.504  INFO zaino_chain_head_service::service: Syncing block, height: 4382333, hash: 000007f7bc7972417a414439cbfe4ee8072dc8318563af897d51912ec49607de
1791661091.505010 runnervmmprz5 zainod-0.10.1[2979]:     at packages/zaino-chain-head-service/src/service.rs:478
1791661091.505010 runnervmmprz5 zainod-0.10.1[2979]:     in zaino_chain_head_service::service::ChainHeadService::tick
1791661091.505600 runnervmmprz5 zainod-0.10.1[2979]:   19:38:11.505  INFO zaino_chain_head_service::service: Syncing block, height: 4382334, hash: 000019c618c434dbec52384c8349858b75ad17a505bc9fdf48fe27d4fc60cac4
1791661091.505600 runnervmmprz5 zainod-0.10.1[2979]:     at packages/zaino-chain-head-service/src/service.rs:478
1791661091.505600 runnervmmprz5 zainod-0.10.1[2979]:     in zaino_chain_head_service::service::ChainHeadService::tick
1791661091.506347 runnervmmprz5 zainod-0.10.1[2979]:   19:38:11.506  INFO zaino_chain_head_service::service: Syncing block, height: 4382335, hash: 00000a2cd18c0c97bb740d11adb215c34ad9683817cd0684828d4f63a53442f9
1791661091.506347 runnervmmprz5 zainod-0.10.1[2979]:     at packages/zaino-chain-head-service/src/service.rs:478
1791661091.506347 runnervmmprz5 zainod-0.10.1[2979]:     in zaino_chain_head_service::service::ChainHeadService::tick
1791661091.515009 runnervmmprz5 zainod-0.10.1[2979]:   19:38:11.512  INFO zaino_chain_head_service::service: Syncing block, height: 4382336, hash: 0000195bbfa582eadf6e6dda2166550975a2b94ae38a174753283e4fe9b20c8e
1791661091.515009 runnervmmprz5 zainod-0.10.1[2979]:     at packages/zaino-chain-head-service/src/service.rs:478
1791661091.515009 runnervmmprz5 zainod-0.10.1[2979]:     in zaino_chain_head_service::service::ChainHeadService::tick
1791661091.515009 runnervmmprz5 zainod-0.10.1[2979]:   19:38:11.512  INFO zaino_chain_head_service::service: Syncing block, height: 4382337, hash: 0000027cc862e8169950d853393adbe4475b3d80d49addc594df44205f224f6b
1791661091.515009 runnervmmprz5 zainod-0.10.1[2979]:     at packages/zaino-chain-head-service/src/service.rs:478
1791661091.515009 runnervmmprz5 zainod-0.10.1[2979]:     in zaino_chain_head_service::service::ChainHeadService::tick
1791661091.515009 runnervmmprz5 zainod-0.10.1[2979]:   19:38:11.513  INFO zaino_chain_head_service::service: Syncing block, height: 4382338, hash: 00000159e960f128a8d1f3688e95077b95575592bed872b6218eb2303aba65b1
1791661091.515009 runnervmmprz5 zainod-0.10.1[2979]:     at packages/zaino-chain-head-service/src/service.rs:478
1791661091.515009 runnervmmprz5 zainod-0.10.1[2979]:     in zaino_chain_head_service::service::ChainHeadService::tick
1791661091.515009 runnervmmprz5 zainod-0.10.1[2979]:   19:38:11.514  INFO zaino_chain_head_service::service: Syncing block, height: 4382339, hash: 0000093ba7614ac4aa203b90d2a39c29819c6b7e85de90c636261b471948525f
1791661091.515009 runnervmmprz5 zainod-0.10.1[2979]:     at packages/zaino-chain-head-service/src/service.rs:478
1791661091.515009 runnervmmprz5 zainod-0.10.1[2979]:     in zaino_chain_head_service::service::ChainHeadService::tick
1791661091.515009 runnervmmprz5 zainod-0.10.1[2979]:   19:38:11.514  INFO zaino_chain_head_service::service: Syncing block, height: 4382340, hash: 00000f5626ca50681ebc34ee4329461520bc3acbd8ebe2cc57ff8f07de1d4913
1791661091.515009 runnervmmprz5 zainod-0.10.1[2979]:     at packages/zaino-chain-head-service/src/service.rs:478
1791661091.515009 runnervmmprz5 zainod-0.10.1[2979]:     in zaino_chain_head_service::service::ChainHeadService::tick
1791661091.516150 runnervmmprz5 zainod-0.10.1[2979]:   19:38:11.515  INFO zaino_chain_head_service::service: Syncing block, height: 4382341, hash: 000001d2a65a9085eb4e5a7dc71ef7597eeef8ef8fae770744b56a5fc4634c69
1791661091.516150 runnervmmprz5 zainod-0.10.1[2979]:     at packages/zaino-chain-head-service/src/service.rs:478
1791661091.516150 runnervmmprz5 zainod-0.10.1[2979]:     in zaino_chain_head_service::service::ChainHeadService::tick
1791661091.516363 runnervmmprz5 zainod-0.10.1[2979]:   19:38:11.516  INFO zaino_chain_head_service::service: Syncing block, height: 4382342, hash: 000015a395a650a15f272fef3f1f97e59f67ad3041f20ed65f1679fbcb38c950
1791661091.516363 runnervmmprz5 zainod-0.10.1[2979]:     at packages/zaino-chain-head-service/src/service.rs:478
1791661091.516363 runnervmmprz5 zainod-0.10.1[2979]:     in zaino_chain_head_service::service::ChainHeadService::tick
1791661091.518373 runnervmmprz5 zainod-0.10.1[2979]:   19:38:11.518  INFO zaino_chain_head_service::service: Syncing block, height: 4382343, hash: 0000084e6bf0a49258b5f428ab040921a7de26a885b1951fc7e574069848ee54
1791661091.518373 runnervmmprz5 zainod-0.10.1[2979]:     at packages/zaino-chain-head-service/src/service.rs:478
1791661091.518373 runnervmmprz5 zainod-0.10.1[2979]:     in zaino_chain_head_service::service::ChainHeadService::tick
1791661091.518963 runnervmmprz5 zainod-0.10.1[2979]:   19:38:11.518  INFO zaino_chain_head_service::service: Syncing block, height: 4382344, hash: 000016891b7af78a805f30f69aff8596ff1a9df837af5a1570bec75ea401dbb1
1791661091.518963 runnervmmprz5 zainod-0.10.1[2979]:     at packages/zaino-chain-head-service/src/service.rs:478
1791661091.518963 runnervmmprz5 zainod-0.10.1[2979]:     in zaino_chain_head_service::service::ChainHeadService::tick
1791661091.519558 runnervmmprz5 zainod-0.10.1[2979]:   19:38:11.519  INFO zaino_chain_head_service::service: Syncing block, height: 4382345, hash: 000001cebd5f8b2fa694246c46b1cef934e77297bf21017b0e2cce1811d1f67e
1791661091.519558 runnervmmprz5 zainod-0.10.1[2979]:     at packages/zaino-chain-head-service/src/service.rs:478
1791661091.519558 runnervmmprz5 zainod-0.10.1[2979]:     in zaino_chain_head_service::service::ChainHeadService::tick
1791661091.521177 runnervmmprz5 zainod-0.10.1[2979]:   19:38:11.521  INFO zaino_chain_head_service::service: Syncing block, height: 4382346, hash: 00000e74d07d94da38db585287b61e6dc332f5757a91467996125ffaa4ae8066
1791661091.521177 runnervmmprz5 zainod-0.10.1[2979]:     at packages/zaino-chain-head-service/src/service.rs:478
1791661091.521177 runnervmmprz5 zainod-0.10.1[2979]:     in zaino_chain_head_service::service::ChainHeadService::tick
1791661091.521432 runnervmmprz5 zainod-0.10.1[2979]:   19:38:11.521  INFO zaino_chain_head_service::service: Syncing block, height: 4382347, hash: 00000c6e84805038572925d83df593c526eddeb34cdd7b24dfa4a306efad86e8
1791661091.521432 runnervmmprz5 zainod-0.10.1[2979]:     at packages/zaino-chain-head-service/src/service.rs:478
1791661091.521432 runnervmmprz5 zainod-0.10.1[2979]:     in zaino_chain_head_service::service::ChainHeadService::tick
1791661091.522271 runnervmmprz5 zainod-0.10.1[2979]:   19:38:11.522  INFO zaino_chain_head_service::service: Syncing block, height: 4382348, hash: 000015c594cf1079e04986356fb0f8c786fad5174f067a15afe93c78524ec61d
1791661091.522271 runnervmmprz5 zainod-0.10.1[2979]:     at packages/zaino-chain-head-service/src/service.rs:478
1791661091.522271 runnervmmprz5 zainod-0.10.1[2979]:     in zaino_chain_head_service::service::ChainHeadService::tick
1791661091.523210 runnervmmprz5 zainod-0.10.1[2979]:   19:38:11.523  INFO zaino_chain_head_service::service: Syncing block, height: 4382349, hash: 00000690bec85835d8cfced181365cfaf3c5580bf6c655189dffdd5cdc6a536e
1791661091.523210 runnervmmprz5 zainod-0.10.1[2979]:     at packages/zaino-chain-head-service/src/service.rs:478
1791661091.523210 runnervmmprz5 zainod-0.10.1[2979]:     in zaino_chain_head_service::service::ChainHeadService::tick
1791661091.523679 runnervmmprz5 zainod-0.10.1[2979]:   19:38:11.523  INFO zaino_chain_head_service::service: Syncing block, height: 4382350, hash: 00000e9d2803091b5297cc2d59ad5e778483ed6ad32496f43528c30aa7458122
1791661091.523679 runnervmmprz5 zainod-0.10.1[2979]:     at packages/zaino-chain-head-service/src/service.rs:478
1791661091.523679 runnervmmprz5 zainod-0.10.1[2979]:     in zaino_chain_head_service::service::ChainHeadService::tick
1791661091.524179 runnervmmprz5 zainod-0.10.1[2979]:   19:38:11.524  INFO zaino_chain_head_service::service: Syncing block, height: 4382351, hash: 00000b84d44ca002b85232a12fba5ca907fc6ff90502141f468e10d446d4e798
1791661091.524179 runnervmmprz5 zainod-0.10.1[2979]:     at packages/zaino-chain-head-service/src/service.rs:478
1791661091.524179 runnervmmprz5 zainod-0.10.1[2979]:     in zaino_chain_head_service::service::ChainHeadService::tick
1791661091.524621 runnervmmprz5 zainod-0.10.1[2979]:   19:38:11.524  INFO zaino_chain_head_service::service: Syncing block, height: 4382352, hash: 00000c76878b5cff567493501f14a2d404766a92951d214d9b0b878c3a2dfd77
1791661091.524621 runnervmmprz5 zainod-0.10.1[2979]:     at packages/zaino-chain-head-service/src/service.rs:478
1791661091.524621 runnervmmprz5 zainod-0.10.1[2979]:     in zaino_chain_head_service::service::ChainHeadService::tick
1791661091.526637 runnervmmprz5 zainod-0.10.1[2979]:   19:38:11.526  INFO zaino_chain_head_service::service: Syncing block, height: 4382353, hash: 0000108067ec8d535c64ccadd53c30e271ea03db1db36f3ad26c8ba5a8824c73
1791661091.526637 runnervmmprz5 zainod-0.10.1[2979]:     at packages/zaino-chain-head-service/src/service.rs:478
1791661091.526637 runnervmmprz5 zainod-0.10.1[2979]:     in zaino_chain_head_service::service::ChainHeadService::tick
1791661091.528214 runnervmmprz5 zainod-0.10.1[2979]:   19:38:11.526  INFO zaino_chain_head_service::service: Syncing block, height: 4382354, hash: 000002d0311e9ffb648986968e53e5ab20a73ab978f398679bce044b9e97e839
1791661091.528214 runnervmmprz5 zainod-0.10.1[2979]:     at packages/zaino-chain-head-service/src/service.rs:478
1791661091.528214 runnervmmprz5 zainod-0.10.1[2979]:     in zaino_chain_head_service::service::ChainHeadService::tick
1791661091.528668 runnervmmprz5 zainod-0.10.1[2979]:   19:38:11.528  INFO zaino_chain_head_service::service: Syncing block, height: 4382355, hash: 0000057973b4bef5671d37443f85f7ac585626f0012fc3fb7c8dec27bc54ef16
1791661091.528668 runnervmmprz5 zainod-0.10.1[2979]:     at packages/zaino-chain-head-service/src/service.rs:478
1791661091.528668 runnervmmprz5 zainod-0.10.1[2979]:     in zaino_chain_head_service::service::ChainHeadService::tick
1791661091.529235 runnervmmprz5 zainod-0.10.1[2979]:   19:38:11.529  INFO zaino_chain_head_service::service: Syncing block, height: 4382356, hash: 00000401c0f45efb2eef0980b33eaec7d57a047e76dd75bfb59197906701e892
1791661091.529235 runnervmmprz5 zainod-0.10.1[2979]:     at packages/zaino-chain-head-service/src/service.rs:478
1791661091.529235 runnervmmprz5 zainod-0.10.1[2979]:     in zaino_chain_head_service::service::ChainHeadService::tick
1791661091.529784 runnervmmprz5 zainod-0.10.1[2979]:   19:38:11.529  INFO zaino_chain_head_service::service: Syncing block, height: 4382357, hash: 0000020f4cff2f5295e4d11e3e6e7604290ac5b414c482bcdc7737a3a71365da
1791661091.529784 runnervmmprz5 zainod-0.10.1[2979]:     at packages/zaino-chain-head-service/src/service.rs:478
1791661091.529784 runnervmmprz5 zainod-0.10.1[2979]:     in zaino_chain_head_service::service::ChainHeadService::tick
1791661091.530869 runnervmmprz5 zainod-0.10.1[2979]:   19:38:11.530  INFO zaino_chain_head_service::service: Syncing block, height: 4382358, hash: 000015a590f483e2279d736daa1ef4af993dad1b2e09ce9f9f8d965662c46d6e
1791661091.530869 runnervmmprz5 zainod-0.10.1[2979]:     at packages/zaino-chain-head-service/src/service.rs:478
1791661091.530869 runnervmmprz5 zainod-0.10.1[2979]:     in zaino_chain_head_service::service::ChainHeadService::tick
1791661091.531354 runnervmmprz5 zainod-0.10.1[2979]:   19:38:11.531  INFO zaino_chain_head_service::service: Syncing block, height: 4382359, hash: 000017994f5ef96c3f4d147a03a57312eb9e219f698036b4f969237b45aad83a
1791661091.531354 runnervmmprz5 zainod-0.10.1[2979]:     at packages/zaino-chain-head-service/src/service.rs:478
1791661091.531354 runnervmmprz5 zainod-0.10.1[2979]:     in zaino_chain_head_service::service::ChainHeadService::tick
1791661091.533778 runnervmmprz5 zainod-0.10.1[2979]:   19:38:11.533  INFO zaino_chain_head_service::service: Syncing block, height: 4382360, hash: 0000046daf256069b34d35ee39939f98b29adb6630afac6226c6439105799b89
1791661091.533778 runnervmmprz5 zainod-0.10.1[2979]:     at packages/zaino-chain-head-service/src/service.rs:478
1791661091.533778 runnervmmprz5 zainod-0.10.1[2979]:     in zaino_chain_head_service::service::ChainHeadService::tick
1791661091.534678 runnervmmprz5 zainod-0.10.1[2979]:   19:38:11.534  INFO zaino_chain_head_service::service: Syncing block, height: 4382361, hash: 00001649bad5e535d2011e001c6a2a0c9d3642ec7933c1bb94be5a7d7418f094
1791661091.534678 runnervmmprz5 zainod-0.10.1[2979]:     at packages/zaino-chain-head-service/src/service.rs:478
1791661091.534678 runnervmmprz5 zainod-0.10.1[2979]:     in zaino_chain_head_service::service::ChainHeadService::tick
1791661091.536437 runnervmmprz5 zainod-0.10.1[2979]:   19:38:11.535  INFO zaino_chain_head_service::service: Syncing block, height: 4382362, hash: 000006c68fa411c054d0e82dc4f3f285f473473ec704945507c96d7627303656
1791661091.536437 runnervmmprz5 zainod-0.10.1[2979]:     at packages/zaino-chain-head-service/src/service.rs:478
1791661091.536437 runnervmmprz5 zainod-0.10.1[2979]:     in zaino_chain_head_service::service::ChainHeadService::tick
1791661091.536676 runnervmmprz5 zainod-0.10.1[2979]:   19:38:11.536  INFO zaino_chain_head_service::service: Syncing block, height: 4382363, hash: 000013133f750ddaefd26df180a8a41e3495ccdf720f829dededb97884484bc9
1791661091.536676 runnervmmprz5 zainod-0.10.1[2979]:     at packages/zaino-chain-head-service/src/service.rs:478
1791661091.536676 runnervmmprz5 zainod-0.10.1[2979]:     in zaino_chain_head_service::service::ChainHeadService::tick
1791661091.537612 runnervmmprz5 zainod-0.10.1[2979]:   19:38:11.537  INFO zaino_chain_head_service::service: Syncing block, height: 4382364, hash: 00001169fd66a7ea3843904e1aa9e6506f041354dfe4992ed150257992163917
1791661091.537612 runnervmmprz5 zainod-0.10.1[2979]:     at packages/zaino-chain-head-service/src/service.rs:478
1791661091.537612 runnervmmprz5 zainod-0.10.1[2979]:     in zaino_chain_head_service::service::ChainHeadService::tick
1791661091.537988 runnervmmprz5 zainod-0.10.1[2979]:   19:38:11.537  INFO zaino_chain_head_service::service: Syncing block, height: 4382365, hash: 00000fac70836bc1774513c20d10c7e5fe1d53bc14ee183042928467169628c2
1791661091.537988 runnervmmprz5 zainod-0.10.1[2979]:     at packages/zaino-chain-head-service/src/service.rs:478
1791661091.537988 runnervmmprz5 zainod-0.10.1[2979]:     in zaino_chain_head_service::service::ChainHeadService::tick
1791661091.538510 runnervmmprz5 zainod-0.10.1[2979]:   19:38:11.538  INFO zaino_chain_head_service::service: Syncing block, height: 4382366, hash: 00001415a5abe90b12feae023db2446bd6f61214363c6810e1d5a2679e893eaa
1791661091.538510 runnervmmprz5 zainod-0.10.1[2979]:     at packages/zaino-chain-head-service/src/service.rs:478
1791661091.538510 runnervmmprz5 zainod-0.10.1[2979]:     in zaino_chain_head_service::service::ChainHeadService::tick
1791661091.540550 runnervmmprz5 zainod-0.10.1[2979]:   19:38:11.540  INFO zaino_chain_head_service::service: Syncing block, height: 4382367, hash: 06917810b7ed43a406343f51da619ccdbfdeb01efbd9fffd27f8fea2df06bd66
1791661091.540550 runnervmmprz5 zainod-0.10.1[2979]:     at packages/zaino-chain-head-service/src/service.rs:478
1791661091.540550 runnervmmprz5 zainod-0.10.1[2979]:     in zaino_chain_head_service::service::ChainHeadService::tick
1791661091.540876 runnervmmprz5 zainod-0.10.1[2979]:   19:38:11.540  INFO zaino_chain_head_service::service: Syncing block, height: 4382368, hash: 0000768b1868c1358df05f6ef83d070b2b9ad93bc1028a1e32603805a5e182f2
1791661091.540876 runnervmmprz5 zainod-0.10.1[2979]:     at packages/zaino-chain-head-service/src/service.rs:478
1791661091.540876 runnervmmprz5 zainod-0.10.1[2979]:     in zaino_chain_head_service::service::ChainHeadService::tick
1791661091.541311 runnervmmprz5 zainod-0.10.1[2979]:   19:38:11.541  INFO zaino_chain_head_service::service: Syncing block, height: 4382369, hash: 0000330e9a484245c7424cea0689528913c5da8007c37ba5c92c1599391bb11d
1791661091.541311 runnervmmprz5 zainod-0.10.1[2979]:     at packages/zaino-chain-head-service/src/service.rs:478
1791661091.541311 runnervmmprz5 zainod-0.10.1[2979]:     in zaino_chain_head_service::service::ChainHeadService::tick
1791661091.543846 runnervmmprz5 zainod-0.10.1[2979]:   19:38:11.543  INFO zaino_chain_head_service::service: Syncing block, height: 4382370, hash: 00005b8f2592279b3a2a28b3af5a69acf9f4e822e205807fe5683b72ff853400
1791661091.543846 runnervmmprz5 zainod-0.10.1[2979]:     at packages/zaino-chain-head-service/src/service.rs:478
1791661091.543846 runnervmmprz5 zainod-0.10.1[2979]:     in zaino_chain_head_service::service::ChainHeadService::tick
1791661091.544154 runnervmmprz5 zainod-0.10.1[2979]:   19:38:11.544  INFO zaino_chain_head_service::service: Syncing block, height: 4382371, hash: 00003bec4d29888a965f0c031d0cf862eed9bbabb4c5d6e9b8d01e1ec17b70c2
1791661091.544154 runnervmmprz5 zainod-0.10.1[2979]:     at packages/zaino-chain-head-service/src/service.rs:478
1791661091.544154 runnervmmprz5 zainod-0.10.1[2979]:     in zaino_chain_head_service::service::ChainHeadService::tick
1791661091.545662 runnervmmprz5 zainod-0.10.1[2979]:   19:38:11.545  INFO zaino_chain_head_service::service: Syncing block, height: 4382372, hash: 00000d7a76e7f52e406cc54ed3578f702685f70c4deaa467f0780122a76da3ae
1791661091.545662 runnervmmprz5 zainod-0.10.1[2979]:     at packages/zaino-chain-head-service/src/service.rs:478
1791661091.545662 runnervmmprz5 zainod-0.10.1[2979]:     in zaino_chain_head_service::service::ChainHeadService::tick
1791661091.546456 runnervmmprz5 zainod-0.10.1[2979]:   19:38:11.546  INFO zaino_chain_head_service::service: Syncing block, height: 4382373, hash: 000ea5d2bbaa14a4a345ad81b0445ec9785af30bcf7014d555087e711005c399
1791661091.546456 runnervmmprz5 zainod-0.10.1[2979]:     at packages/zaino-chain-head-service/src/service.rs:478
1791661091.546456 runnervmmprz5 zainod-0.10.1[2979]:     in zaino_chain_head_service::service::ChainHeadService::tick
1791661091.548164 runnervmmprz5 zainod-0.10.1[2979]:   19:38:11.548  INFO zaino_chain_head_service::service: Syncing block, height: 4382374, hash: 000585e27b71736dc2c55b70938ee4b7a0553d0d8998d6461da8da3556147a4c
1791661091.548164 runnervmmprz5 zainod-0.10.1[2979]:     at packages/zaino-chain-head-service/src/service.rs:478
1791661091.548164 runnervmmprz5 zainod-0.10.1[2979]:     in zaino_chain_head_service::service::ChainHeadService::tick
1791661091.550946 runnervmmprz5 zainod-0.10.1[2979]:   19:38:11.549  INFO zaino_chain_head_service::service: Syncing block, height: 4382375, hash: 007073b5706617fe406cd02669bf9f39c4e360128e2551c67c0c552d1b17c557
1791661091.550946 runnervmmprz5 zainod-0.10.1[2979]:     at packages/zaino-chain-head-service/src/service.rs:478
1791661091.550946 runnervmmprz5 zainod-0.10.1[2979]:     in zaino_chain_head_service::service::ChainHeadService::tick
1791661091.550946 runnervmmprz5 zainod-0.10.1[2979]:   19:38:11.550  INFO zaino_chain_head_service::service: Syncing block, height: 4382376, hash: 008e930a30d69e78fede2220f7a9e15d0fb96050b46349e8a1d1e77776742d6f
1791661091.550946 runnervmmprz5 zainod-0.10.1[2979]:     at packages/zaino-chain-head-service/src/service.rs:478
1791661091.550946 runnervmmprz5 zainod-0.10.1[2979]:     in zaino_chain_head_service::service::ChainHeadService::tick
1791661091.551282 runnervmmprz5 zainod-0.10.1[2979]:   19:38:11.551  INFO zaino_chain_head_service::service: Syncing block, height: 4382377, hash: 0099ec9b9ed19675cd46e04197092da74008fdafe7953412da37cd6a37b86afa
1791661091.551282 runnervmmprz5 zainod-0.10.1[2979]:     at packages/zaino-chain-head-service/src/service.rs:478
1791661091.551282 runnervmmprz5 zainod-0.10.1[2979]:     in zaino_chain_head_service::service::ChainHeadService::tick
1791661091.553486 runnervmmprz5 zainod-0.10.1[2979]:   19:38:11.553  INFO zaino_chain_head_service::service: Syncing block, height: 4382378, hash: 00732c560ddf5826888ec94b7b7a4c48e8e44355c44869fc4dbfb5a4eb59a3c8
1791661091.553486 runnervmmprz5 zainod-0.10.1[2979]:     at packages/zaino-chain-head-service/src/service.rs:478
1791661091.553486 runnervmmprz5 zainod-0.10.1[2979]:     in zaino_chain_head_service::service::ChainHeadService::tick
1791661091.553997 runnervmmprz5 zainod-0.10.1[2979]:   19:38:11.553  INFO zaino_chain_head_service::service: Syncing block, height: 4382379, hash: 0000352318412e848aeb4beba1fe822427c408d512e54c6a44d968d51b1ebe8c
1791661091.553997 runnervmmprz5 zainod-0.10.1[2979]:     at packages/zaino-chain-head-service/src/service.rs:478
1791661091.553997 runnervmmprz5 zainod-0.10.1[2979]:     in zaino_chain_head_service::service::ChainHeadService::tick
1791661091.555253 runnervmmprz5 zainod-0.10.1[2979]:   19:38:11.555  INFO zaino_chain_head_service::service: Syncing block, height: 4382380, hash: 00d375d86f972be782c24ba24883793fa5bb8dd93a78c28319b8a6dfe0434ce8
1791661091.555253 runnervmmprz5 zainod-0.10.1[2979]:     at packages/zaino-chain-head-service/src/service.rs:478
1791661091.555253 runnervmmprz5 zainod-0.10.1[2979]:     in zaino_chain_head_service::service::ChainHeadService::tick
1791661091.555999 runnervmmprz5 zainod-0.10.1[2979]:   19:38:11.555  INFO zaino_chain_head_service::service: Syncing block, height: 4382381, hash: 00b22db4095a973212ee296148de3dca0370a9aa05f1699787b723c81313eec1
1791661091.555999 runnervmmprz5 zainod-0.10.1[2979]:     at packages/zaino-chain-head-service/src/service.rs:478
1791661091.555999 runnervmmprz5 zainod-0.10.1[2979]:     in zaino_chain_head_service::service::ChainHeadService::tick
1791661091.557364 runnervmmprz5 zainod-0.10.1[2979]:   19:38:11.557  INFO zaino_chain_head_service::service: Syncing block, height: 4382382, hash: 0067994b4ce82a360e58257a14a36c75509e55d8469e00dfd520cd60b02e73fe
1791661091.557364 runnervmmprz5 zainod-0.10.1[2979]:     at packages/zaino-chain-head-service/src/service.rs:478
1791661091.557364 runnervmmprz5 zainod-0.10.1[2979]:     in zaino_chain_head_service::service::ChainHeadService::tick
1791661091.558032 runnervmmprz5 zainod-0.10.1[2979]:   19:38:11.558  INFO zaino_chain_head_service::service: Syncing block, height: 4382383, hash: 009f9b784a91ab5111bdaa3075a5a1d08ab2af97929bc4e09f39de4492f6b125
1791661091.558032 runnervmmprz5 zainod-0.10.1[2979]:     at packages/zaino-chain-head-service/src/service.rs:478
1791661091.558032 runnervmmprz5 zainod-0.10.1[2979]:     in zaino_chain_head_service::service::ChainHeadService::tick
1791661091.560070 runnervmmprz5 zainod-0.10.1[2979]:   19:38:11.560  INFO zaino_chain_head_service::service: Syncing block, height: 4382384, hash: 009726dffb124ec359fb36b64ae6ccb1d8c79307c05030dd9f6cbe30e2c7589e
1791661091.560070 runnervmmprz5 zainod-0.10.1[2979]:     at packages/zaino-chain-head-service/src/service.rs:478
1791661091.560070 runnervmmprz5 zainod-0.10.1[2979]:     in zaino_chain_head_service::service::ChainHeadService::tick
1791661091.561502 runnervmmprz5 zainod-0.10.1[2979]:   19:38:11.561  INFO zaino_chain_head_service::service: Syncing block, height: 4382385, hash: 000067577ac04df3f4db3310dfb4b30acebba817778dd0f9164440a2a0d11f0e
1791661091.561502 runnervmmprz5 zainod-0.10.1[2979]:     at packages/zaino-chain-head-service/src/service.rs:478
1791661091.561502 runnervmmprz5 zainod-0.10.1[2979]:     in zaino_chain_head_service::service::ChainHeadService::tick
1791661091.562414 runnervmmprz5 zainod-0.10.1[2979]:   19:38:11.562  INFO zaino_chain_head_service::service: Syncing block, height: 4382386, hash: 00002b875a6bdd58544870eb36f4de29c844d99400ac7d60f570f902a63320e0
1791661091.562414 runnervmmprz5 zainod-0.10.1[2979]:     at packages/zaino-chain-head-service/src/service.rs:478
1791661091.562414 runnervmmprz5 zainod-0.10.1[2979]:     in zaino_chain_head_service::service::ChainHeadService::tick
1791661091.564158 runnervmmprz5 zainod-0.10.1[2979]:   19:38:11.564  INFO zaino_chain_head_service::service: Syncing block, height: 4382387, hash: 00759131f75f7d9766347120dbf8d96d76b10c694beea0d26e3b19da73d17f84
1791661091.564158 runnervmmprz5 zainod-0.10.1[2979]:     at packages/zaino-chain-head-service/src/service.rs:478
1791661091.564158 runnervmmprz5 zainod-0.10.1[2979]:     in zaino_chain_head_service::service::ChainHeadService::tick
1791661091.564834 runnervmmprz5 zainod-0.10.1[2979]:   19:38:11.564  INFO zaino_chain_head_service::service: Syncing block, height: 4382388, hash: 00982620a34bcccb34bbb0525abd434a929e2d43e432c777a9c6b10c9edb9889
1791661091.564834 runnervmmprz5 zainod-0.10.1[2979]:     at packages/zaino-chain-head-service/src/service.rs:478
1791661091.564834 runnervmmprz5 zainod-0.10.1[2979]:     in zaino_chain_head_service::service::ChainHeadService::tick
1791661091.565788 runnervmmprz5 zainod-0.10.1[2979]:   19:38:11.565  INFO zaino_chain_head_service::service: Syncing block, height: 4382389, hash: 0080a4166ac7da494623ec8b94b6fada09a163267bf9b25da03ad101e69152cf
1791661091.565788 runnervmmprz5 zainod-0.10.1[2979]:     at packages/zaino-chain-head-service/src/service.rs:478
1791661091.565788 runnervmmprz5 zainod-0.10.1[2979]:     in zaino_chain_head_service::service::ChainHeadService::tick
1791661091.567649 runnervmmprz5 zainod-0.10.1[2979]:   19:38:11.567  INFO zaino_chain_head_service::service: Syncing block, height: 4382390, hash: 00497be2679518a73834a27f34c36a47ad49a66b825908ebf1c720dfe481bf29
1791661091.567649 runnervmmprz5 zainod-0.10.1[2979]:     at packages/zaino-chain-head-service/src/service.rs:478
1791661091.567649 runnervmmprz5 zainod-0.10.1[2979]:     in zaino_chain_head_service::service::ChainHeadService::tick
1791661091.569481 runnervmmprz5 zainod-0.10.1[2979]:   19:38:11.569  INFO zaino_chain_head_service::service: Syncing block, height: 4382391, hash: 00764bca2c658b4dced1fae539bfb1aff6b5dc54b191976f2221bf84868e1ada
1791661091.569481 runnervmmprz5 zainod-0.10.1[2979]:     at packages/zaino-chain-head-service/src/service.rs:478
1791661091.569481 runnervmmprz5 zainod-0.10.1[2979]:     in zaino_chain_head_service::service::ChainHeadService::tick
1791661091.570068 runnervmmprz5 zainod-0.10.1[2979]:   19:38:11.570  INFO zaino_chain_head_service::service: Syncing block, height: 4382392, hash: 000031de3584a01d071de7379789426511460c6bbec84382efeaab33f5d14863
1791661091.570068 runnervmmprz5 zainod-0.10.1[2979]:     at packages/zaino-chain-head-service/src/service.rs:478
1791661091.570068 runnervmmprz5 zainod-0.10.1[2979]:     in zaino_chain_head_service::service::ChainHeadService::tick
1791661091.570606 runnervmmprz5 zainod-0.10.1[2979]:   19:38:11.570  INFO zaino_chain_head_service::service: Syncing block, height: 4382393, hash: 008abaf2b6e4a97726d6f9a5bbb695a0f779109c092e9d54c9e11567b4727370
1791661091.570606 runnervmmprz5 zainod-0.10.1[2979]:     at packages/zaino-chain-head-service/src/service.rs:478
1791661091.570606 runnervmmprz5 zainod-0.10.1[2979]:     in zaino_chain_head_service::service::ChainHeadService::tick
1791661091.570954 runnervmmprz5 zainod-0.10.1[2979]:   19:38:11.570  INFO zaino_chain_head_service::service: Syncing block, height: 4382394, hash: 0000221dc809b65cd8397ce6aa79bafb01c742ae86a884578a0ff7d3878adaee
1791661091.570954 runnervmmprz5 zainod-0.10.1[2979]:     at packages/zaino-chain-head-service/src/service.rs:478
1791661091.570954 runnervmmprz5 zainod-0.10.1[2979]:     in zaino_chain_head_service::service::ChainHeadService::tick
1791661091.571549 runnervmmprz5 zainod-0.10.1[2979]:   19:38:11.571  INFO zaino_chain_head_service::service: Syncing block, height: 4382395, hash: 0048a710649f8fca87d5599d3943d622b3a5720ff986f5f5fb9f2bce11c08e5b
1791661091.571549 runnervmmprz5 zainod-0.10.1[2979]:     at packages/zaino-chain-head-service/src/service.rs:478
1791661091.571549 runnervmmprz5 zainod-0.10.1[2979]:     in zaino_chain_head_service::service::ChainHeadService::tick
1791661091.572783 runnervmmprz5 zainod-0.10.1[2979]:   19:38:11.572  INFO zaino_chain_head_service::service: Syncing block, height: 4382396, hash: 0013f20e335cb856526b2c99db1d8e31578f9b6704f2a05a296b7fb41cdae154
1791661091.572783 runnervmmprz5 zainod-0.10.1[2979]:     at packages/zaino-chain-head-service/src/service.rs:478
1791661091.572783 runnervmmprz5 zainod-0.10.1[2979]:     in zaino_chain_head_service::service::ChainHeadService::tick
1791661091.574636 runnervmmprz5 zainod-0.10.1[2979]:   19:38:11.574  INFO zaino_chain_head_service::service: Syncing block, height: 4382397, hash: 0041f526c189c3a94b51e87af0445da3abad4a70654f0a85515a67ecaa370d86
1791661091.574636 runnervmmprz5 zainod-0.10.1[2979]:     at packages/zaino-chain-head-service/src/service.rs:478
1791661091.574636 runnervmmprz5 zainod-0.10.1[2979]:     in zaino_chain_head_service::service::ChainHeadService::tick
1791661091.575604 runnervmmprz5 zainod-0.10.1[2979]:   19:38:11.575  INFO zaino_chain_head_service::service: Syncing block, height: 4382398, hash: 00000ef7fe608be529232a117f75eba0ea11991d4d7182dd53e4d18985e4cf53
1791661091.575604 runnervmmprz5 zainod-0.10.1[2979]:     at packages/zaino-chain-head-service/src/service.rs:478
1791661091.575604 runnervmmprz5 zainod-0.10.1[2979]:     in zaino_chain_head_service::service::ChainHeadService::tick
1791661091.576606 runnervmmprz5 zainod-0.10.1[2979]:   19:38:11.576  INFO zaino_chain_head_service::service: Syncing block, height: 4382399, hash: 00002da999aafa178c4e5cd75fe474451e2c0605a94b4bb1e3362108299711da
1791661091.576606 runnervmmprz5 zainod-0.10.1[2979]:     at packages/zaino-chain-head-service/src/service.rs:478
1791661091.576606 runnervmmprz5 zainod-0.10.1[2979]:     in zaino_chain_head_service::service::ChainHeadService::tick
1791661091.577997 runnervmmprz5 zainod-0.10.1[2979]:   19:38:11.577  INFO zaino_chain_head_service::service: Syncing block, height: 4382400, hash: 00033764be9d14f3e0075897e8c4fc18b6465d7f89c9da976e40b7c06da05e0a
1791661091.577997 runnervmmprz5 zainod-0.10.1[2979]:     at packages/zaino-chain-head-service/src/service.rs:478
1791661091.577997 runnervmmprz5 zainod-0.10.1[2979]:     in zaino_chain_head_service::service::ChainHeadService::tick
1791661091.580391 runnervmmprz5 zainod-0.10.1[2979]:   19:38:11.580  INFO zaino_chain_head_service::service: Syncing block, height: 4382401, hash: 000004acd5b3f27ba9a7a2dc2a1d3d146c0903a0bc5f44a44e09c7045d4c05dc
1791661091.580391 runnervmmprz5 zainod-0.10.1[2979]:     at packages/zaino-chain-head-service/src/service.rs:478
1791661091.580391 runnervmmprz5 zainod-0.10.1[2979]:     in zaino_chain_head_service::service::ChainHeadService::tick
1791661091.580926 runnervmmprz5 zainod-0.10.1[2979]:   19:38:11.580  INFO zaino_chain_head_service::service: Syncing block, height: 4382402, hash: 0000571af8abfed3d4c3b216a1dd865ab54c6ed3235fee5e64341a103e4fd967
1791661091.580926 runnervmmprz5 zainod-0.10.1[2979]:     at packages/zaino-chain-head-service/src/service.rs:478
1791661091.580926 runnervmmprz5 zainod-0.10.1[2979]:     in zaino_chain_head_service::service::ChainHeadService::tick
1791661091.581295 runnervmmprz5 zainod-0.10.1[2979]:   19:38:11.581  INFO zaino_chain_head_service::service: Syncing block, height: 4382403, hash: 0000709a95d667e82ef2cb0661c27b8b4f52f5b528d699b7a3867052349c66c4
1791661091.581295 runnervmmprz5 zainod-0.10.1[2979]:     at packages/zaino-chain-head-service/src/service.rs:478
1791661091.581295 runnervmmprz5 zainod-0.10.1[2979]:     in zaino_chain_head_service::service::ChainHeadService::tick
1791661091.583379 runnervmmprz5 zainod-0.10.1[2979]:   19:38:11.583  INFO zaino_chain_head_service::service: Syncing block, height: 4382404, hash: 0000703f54197f005d7af7e6e81c58ccee94d81da3f72f6df490177ad5afdff2
1791661091.583379 runnervmmprz5 zainod-0.10.1[2979]:     at packages/zaino-chain-head-service/src/service.rs:478
1791661091.583379 runnervmmprz5 zainod-0.10.1[2979]:     in zaino_chain_head_service::service::ChainHeadService::tick
1791661091.583737 runnervmmprz5 zainod-0.10.1[2979]:   19:38:11.583  INFO zaino_chain_head_service::service: Syncing block, height: 4382405, hash: 00004f5f447fd2c41e6a9d4fa640de93f43634ec8ce28d5b9a453fb8946da4d6
1791661091.583737 runnervmmprz5 zainod-0.10.1[2979]:     at packages/zaino-chain-head-service/src/service.rs:478
1791661091.583737 runnervmmprz5 zainod-0.10.1[2979]:     in zaino_chain_head_service::service::ChainHeadService::tick
1791661091.585280 runnervmmprz5 zainod-0.10.1[2979]:   19:38:11.585  INFO zaino_chain_head_service::service: Syncing block, height: 4382406, hash: 002c87ea9a20bd22602a8da850c19672cc01bf27dc13185c7424f9c4a9135d21
1791661091.585280 runnervmmprz5 zainod-0.10.1[2979]:     at packages/zaino-chain-head-service/src/service.rs:478
1791661091.585280 runnervmmprz5 zainod-0.10.1[2979]:     in zaino_chain_head_service::service::ChainHeadService::tick
1791661091.585777 runnervmmprz5 zainod-0.10.1[2979]:   19:38:11.585  INFO zaino_chain_head_service::service: Syncing block, height: 4382407, hash: 0000357dec56773062e5cef7da7d5ef2485e7a15a58d023c6cad10bc19d9d434
1791661091.585777 runnervmmprz5 zainod-0.10.1[2979]:     at packages/zaino-chain-head-service/src/service.rs:478
1791661091.585777 runnervmmprz5 zainod-0.10.1[2979]:     in zaino_chain_head_service::service::ChainHeadService::tick
1791661091.586836 runnervmmprz5 zainod-0.10.1[2979]:   19:38:11.586  INFO zaino_chain_head_service::service: Syncing block, height: 4382408, hash: 000009b3bd6253b9eac1ee87e7e1c0bbb5fe0f6cea127d341a1258c9c8cfe22f
1791661091.586836 runnervmmprz5 zainod-0.10.1[2979]:     at packages/zaino-chain-head-service/src/service.rs:478
1791661091.586836 runnervmmprz5 zainod-0.10.1[2979]:     in zaino_chain_head_service::service::ChainHeadService::tick
1791661091.590505 runnervmmprz5 zainod-0.10.1[2979]:   19:38:11.590  INFO zaino_chain_head_service::service: Syncing block, height: 4382409, hash: 000062d9e8fbe73683f75c04b263f51326fa33fcb41a50952cde6790ada17b3b
1791661091.590505 runnervmmprz5 zainod-0.10.1[2979]:     at packages/zaino-chain-head-service/src/service.rs:478
1791661091.590505 runnervmmprz5 zainod-0.10.1[2979]:     in zaino_chain_head_service::service::ChainHeadService::tick
1791661091.593549 runnervmmprz5 zainod-0.10.1[2979]:   19:38:11.593  INFO zaino_chain_head_service::service: Syncing block, height: 4382410, hash: 00006bacabe752de9385f01ef412be53542a7259e8e38cf9e9b04db04d318ec9
1791661091.593549 runnervmmprz5 zainod-0.10.1[2979]:     at packages/zaino-chain-head-service/src/service.rs:478
1791661091.593549 runnervmmprz5 zainod-0.10.1[2979]:     in zaino_chain_head_service::service::ChainHeadService::tick
1791661091.595900 runnervmmprz5 zainod-0.10.1[2979]:   19:38:11.595  INFO zaino_chain_head_service::service: Syncing block, height: 4382411, hash: 00005f7eccb57914d3016fb74fbd11e3bb525f865e799d04e347910038805a3c
1791661091.595900 runnervmmprz5 zainod-0.10.1[2979]:     at packages/zaino-chain-head-service/src/service.rs:478
1791661091.595900 runnervmmprz5 zainod-0.10.1[2979]:     in zaino_chain_head_service::service::ChainHeadService::tick
1791661091.596502 runnervmmprz5 zainod-0.10.1[2979]:   19:38:11.596  INFO zaino_chain_head_service::service: Syncing block, height: 4382412, hash: 003b2760fcfe08a4eb6b1feed8d5b787e98d01cd5b5bf1aa3646fa49f81141e1
1791661091.596502 runnervmmprz5 zainod-0.10.1[2979]:     at packages/zaino-chain-head-service/src/service.rs:478
1791661091.596502 runnervmmprz5 zainod-0.10.1[2979]:     in zaino_chain_head_service::service::ChainHeadService::tick
1791661091.597731 runnervmmprz5 zainod-0.10.1[2979]:   19:38:11.597  INFO zaino_chain_head_service::service: Syncing block, height: 4382413, hash: 0045e9e4be4716e90c05a4240e63f6d0058205d9f0e8100841e044f368c42cc1
1791661091.597731 runnervmmprz5 zainod-0.10.1[2979]:     at packages/zaino-chain-head-service/src/service.rs:478
1791661091.597731 runnervmmprz5 zainod-0.10.1[2979]:     in zaino_chain_head_service::service::ChainHeadService::tick
1791661091.599869 runnervmmprz5 zainod-0.10.1[2979]:   19:38:11.598  INFO zaino_chain_head_service::service: Syncing block, height: 4382414, hash: 000029733f4520ece322dbe085edd19dddf3849f1c147d4c0e20e097955dab61
1791661091.599869 runnervmmprz5 zainod-0.10.1[2979]:     at packages/zaino-chain-head-service/src/service.rs:478
1791661091.599869 runnervmmprz5 zainod-0.10.1[2979]:     in zaino_chain_head_service::service::ChainHeadService::tick
1791661091.599869 runnervmmprz5 zainod-0.10.1[2979]:   19:38:11.598  INFO zaino_chain_head_service::service: Syncing block, height: 4382415, hash: 0045543c7ba7024ed14e91c22fcfa05b5db733992e7a41b2ffd6887f4fced73a
1791661091.599869 runnervmmprz5 zainod-0.10.1[2979]:     at packages/zaino-chain-head-service/src/service.rs:478
1791661091.599869 runnervmmprz5 zainod-0.10.1[2979]:     in zaino_chain_head_service::service::ChainHeadService::tick
1791661091.600286 runnervmmprz5 zainod-0.10.1[2979]:   19:38:11.600  INFO zaino_chain_head_service::service: Syncing block, height: 4382416, hash: 0004ae42a5ae0d4bc97b21f383f951047c0e4b73f99e6db667917a0bd31c1aef
1791661091.600286 runnervmmprz5 zainod-0.10.1[2979]:     at packages/zaino-chain-head-service/src/service.rs:478
1791661091.600286 runnervmmprz5 zainod-0.10.1[2979]:     in zaino_chain_head_service::service::ChainHeadService::tick
1791661091.602096 runnervmmprz5 zainod-0.10.1[2979]:   19:38:11.602  INFO zaino_chain_head_service::service: Syncing block, height: 4382417, hash: 005c9e8397a01819517a775f3a288cc81b96a4d9b5e47948ec0733ee56348c34
1791661091.602096 runnervmmprz5 zainod-0.10.1[2979]:     at packages/zaino-chain-head-service/src/service.rs:478
1791661091.602096 runnervmmprz5 zainod-0.10.1[2979]:     in zaino_chain_head_service::service::ChainHeadService::tick
1791661091.603047 runnervmmprz5 zainod-0.10.1[2979]:   19:38:11.602  INFO zaino_chain_head_service::service: Syncing block, height: 4382418, hash: 0000581eeaf5b8d9cb6b5ebfd1af3151b31ee6a374cede22eae4d3634f205d53
1791661091.603047 runnervmmprz5 zainod-0.10.1[2979]:     at packages/zaino-chain-head-service/src/service.rs:478
1791661091.603047 runnervmmprz5 zainod-0.10.1[2979]:     in zaino_chain_head_service::service::ChainHeadService::tick
1791661091.604280 runnervmmprz5 zainod-0.10.1[2979]:   19:38:11.604  INFO zaino_chain_head_service::service: Syncing block, height: 4382419, hash: 0000287f7e43ae208034716ca32bd04a6b67202eb53ed9e6e2edd9d9042db16f
1791661091.604280 runnervmmprz5 zainod-0.10.1[2979]:     at packages/zaino-chain-head-service/src/service.rs:478
1791661091.604280 runnervmmprz5 zainod-0.10.1[2979]:     in zaino_chain_head_service::service::ChainHeadService::tick
1791661091.607165 runnervmmprz5 zainod-0.10.1[2979]:   19:38:11.607  INFO zaino_chain_head_service::service: Syncing block, height: 4382420, hash: 00004fc044b51e2759c5f092a3c71fbc88d00166021be2e1f06acb531f684b3f
1791661091.607165 runnervmmprz5 zainod-0.10.1[2979]:     at packages/zaino-chain-head-service/src/service.rs:478
1791661091.607165 runnervmmprz5 zainod-0.10.1[2979]:     in zaino_chain_head_service::service::ChainHeadService::tick
1791661091.608112 runnervmmprz5 zainod-0.10.1[2979]:   19:38:11.608  INFO zaino_chain_head_service::service: Syncing block, height: 4382421, hash: 00004b3075709aba7f2bb65d191e6099a9ee84bc5b54eb844dcfdd3b20a6e163
1791661091.608112 runnervmmprz5 zainod-0.10.1[2979]:     at packages/zaino-chain-head-service/src/service.rs:478
1791661091.608112 runnervmmprz5 zainod-0.10.1[2979]:     in zaino_chain_head_service::service::ChainHeadService::tick
1791661091.608994 runnervmmprz5 zainod-0.10.1[2979]:   19:38:11.608  INFO zaino_chain_head_service::service: Syncing block, height: 4382422, hash: 00004b3cece01adaf76a2941382ccdc78b373ba6be5bd16f390cadc8e130fa13
1791661091.608994 runnervmmprz5 zainod-0.10.1[2979]:     at packages/zaino-chain-head-service/src/service.rs:478
1791661091.608994 runnervmmprz5 zainod-0.10.1[2979]:     in zaino_chain_head_service::service::ChainHeadService::tick
1791661091.611501 runnervmmprz5 zainod-0.10.1[2979]:   19:38:11.611  INFO zaino_chain_head_service::service: Syncing block, height: 4382423, hash: 000042f991cd4d5375932c49bf8d92fe6634e28aa0824d801d64da600f1fdb20
1791661091.611501 runnervmmprz5 zainod-0.10.1[2979]:     at packages/zaino-chain-head-service/src/service.rs:478
1791661091.611501 runnervmmprz5 zainod-0.10.1[2979]:     in zaino_chain_head_service::service::ChainHeadService::tick
1791661091.612605 runnervmmprz5 zainod-0.10.1[2979]:   19:38:11.612  INFO zaino_chain_head_service::service: Syncing block, height: 4382424, hash: 00007357dea6264396f0a34d6ce07d2343f4deb5a15f3a296ab1abbed9bc4523
1791661091.612605 runnervmmprz5 zainod-0.10.1[2979]:     at packages/zaino-chain-head-service/src/service.rs:478
1791661091.612605 runnervmmprz5 zainod-0.10.1[2979]:     in zaino_chain_head_service::service::ChainHeadService::tick
1791661091.612982 runnervmmprz5 zainod-0.10.1[2979]:   19:38:11.612  INFO zaino_chain_head_service::service: Syncing block, height: 4382425, hash: 004d95836e404aaf14a6fd21f3afa08a8b77d70a019da9a3ce2193021beb45e0
1791661091.612982 runnervmmprz5 zainod-0.10.1[2979]:     at packages/zaino-chain-head-service/src/service.rs:478
1791661091.612982 runnervmmprz5 zainod-0.10.1[2979]:     in zaino_chain_head_service::service::ChainHeadService::tick
1791661091.613927 runnervmmprz5 zainod-0.10.1[2979]:   19:38:11.613  INFO zaino_chain_head_service::service: Syncing block, height: 4382426, hash: 0000426ce357a328cb4f59332baca1c58a3e4323d0592dba7c91d0855ff95a68
1791661091.613927 runnervmmprz5 zainod-0.10.1[2979]:     at packages/zaino-chain-head-service/src/service.rs:478
1791661091.613927 runnervmmprz5 zainod-0.10.1[2979]:     in zaino_chain_head_service::service::ChainHeadService::tick
1791661091.614295 runnervmmprz5 zainod-0.10.1[2979]:   19:38:11.614  INFO zaino_chain_head_service::service: Syncing block, height: 4382427, hash: 00007dcdf1c9a6124d555c8ae231fc7e0c35ef7f8d54fdd737aafa6b3f987ce4
1791661091.614295 runnervmmprz5 zainod-0.10.1[2979]:     at packages/zaino-chain-head-service/src/service.rs:478
1791661091.614295 runnervmmprz5 zainod-0.10.1[2979]:     in zaino_chain_head_service::service::ChainHeadService::tick
1791661091.614631 runnervmmprz5 zainod-0.10.1[2979]:   19:38:11.614  INFO zaino_chain_head_service::service: Syncing block, height: 4382428, hash: 00007ded5d624dd2f222cb267da7db8c505c24344c3e0a6f96720f0511b710cd
1791661091.614631 runnervmmprz5 zainod-0.10.1[2979]:     at packages/zaino-chain-head-service/src/service.rs:478
1791661091.614631 runnervmmprz5 zainod-0.10.1[2979]:     in zaino_chain_head_service::service::ChainHeadService::tick
1791661091.615076 runnervmmprz5 zainod-0.10.1[2979]:   19:38:11.615  INFO zaino_chain_head_service::service: Syncing block, height: 4382429, hash: 001d3ef7d8095922783b046cd733ed42df70c843829db01a6d0df977c8a100d1
1791661091.615076 runnervmmprz5 zainod-0.10.1[2979]:     at packages/zaino-chain-head-service/src/service.rs:478
1791661091.615076 runnervmmprz5 zainod-0.10.1[2979]:     in zaino_chain_head_service::service::ChainHeadService::tick
1791661091.615508 runnervmmprz5 zainod-0.10.1[2979]:   19:38:11.615  INFO zaino_chain_head_service::service: Syncing block, height: 4382430, hash: 00006f52db8d8f3d0dcc7ffb7e42d824029b66c118a53358f47315cea2bf3b08
1791661091.615508 runnervmmprz5 zainod-0.10.1[2979]:     at packages/zaino-chain-head-service/src/service.rs:478
1791661091.615508 runnervmmprz5 zainod-0.10.1[2979]:     in zaino_chain_head_service::service::ChainHeadService::tick
1791661091.617870 runnervmmprz5 zainod-0.10.1[2979]:   19:38:11.616  INFO zaino_chain_head_service::service: Syncing block, height: 4382431, hash: 0000304007aa30964b3b3150f45968c851920d62cd8e18083924349be7a9e565
1791661091.617870 runnervmmprz5 zainod-0.10.1[2979]:     at packages/zaino-chain-head-service/src/service.rs:478
1791661091.617870 runnervmmprz5 zainod-0.10.1[2979]:     in zaino_chain_head_service::service::ChainHeadService::tick
1791661091.617870 runnervmmprz5 zainod-0.10.1[2979]:   19:38:11.616  INFO zaino_chain_head_service::service: Syncing block, height: 4382432, hash: 000032ecf3936d0842e713d4f2dc94a228c7a7eaae30423fea34d57694dff1a6
1791661091.617870 runnervmmprz5 zainod-0.10.1[2979]:     at packages/zaino-chain-head-service/src/service.rs:478
1791661091.617870 runnervmmprz5 zainod-0.10.1[2979]:     in zaino_chain_head_service::service::ChainHeadService::tick
1791661091.617870 runnervmmprz5 zainod-0.10.1[2979]:   19:38:11.617  INFO zaino_chain_head_service::service: Syncing block, height: 4382433, hash: 00006439b8166165d50dd5c6440e92399134cade3b970bddd1fd129aede4725f
1791661091.617870 runnervmmprz5 zainod-0.10.1[2979]:     at packages/zaino-chain-head-service/src/service.rs:478
1791661091.617870 runnervmmprz5 zainod-0.10.1[2979]:     in zaino_chain_head_service::service::ChainHeadService::tick
1791661091.619281 runnervmmprz5 zainod-0.10.1[2979]:   19:38:11.619  INFO zaino_chain_head_service::service: Syncing block, height: 4382434, hash: 00003cb1982cb920f212b71d2413c2ea18c652c1ac4fc7349851bcdae84ee00b
1791661091.619281 runnervmmprz5 zainod-0.10.1[2979]:     at packages/zaino-chain-head-service/src/service.rs:478
1791661091.619281 runnervmmprz5 zainod-0.10.1[2979]:     in zaino_chain_head_service::service::ChainHeadService::tick
1791661091.619749 runnervmmprz5 zainod-0.10.1[2979]:   19:38:11.619  INFO zaino_chain_head_service::service: Syncing block, height: 4382435, hash: 000031119467669d03c7c99b9ef69d6ebfe3862459382030f237ef1ac6a22638
1791661091.619749 runnervmmprz5 zainod-0.10.1[2979]:     at packages/zaino-chain-head-service/src/service.rs:478
1791661091.619749 runnervmmprz5 zainod-0.10.1[2979]:     in zaino_chain_head_service::service::ChainHeadService::tick
1791661091.620411 runnervmmprz5 zainod-0.10.1[2979]:   19:38:11.620  INFO zaino_chain_head_service::service: Syncing block, height: 4382436, hash: 000073d24ddeab646b7c1e545f853d0e7e1563201ba46022586a48446cf0b877
1791661091.620411 runnervmmprz5 zainod-0.10.1[2979]:     at packages/zaino-chain-head-service/src/service.rs:478
1791661091.620411 runnervmmprz5 zainod-0.10.1[2979]:     in zaino_chain_head_service::service::ChainHeadService::tick
1791661091.621056 runnervmmprz5 zainod-0.10.1[2979]:   19:38:11.621  INFO zaino_chain_head_service::service: Syncing block, height: 4382437, hash: 00007ad93d805d6834a21b919b6b5891379b0466e636b13552d84a5d0b305505
1791661091.621056 runnervmmprz5 zainod-0.10.1[2979]:     at packages/zaino-chain-head-service/src/service.rs:478
1791661091.621056 runnervmmprz5 zainod-0.10.1[2979]:     in zaino_chain_head_service::service::ChainHeadService::tick
1791661091.623959 runnervmmprz5 zainod-0.10.1[2979]:   19:38:11.623  INFO zaino_chain_head_service::service: Syncing block, height: 4382438, hash: 001d5338abbc258023d044be41a529569c71f4676446d0a80a27f151d664cbdb
1791661091.623959 runnervmmprz5 zainod-0.10.1[2979]:     at packages/zaino-chain-head-service/src/service.rs:478
1791661091.623959 runnervmmprz5 zainod-0.10.1[2979]:     in zaino_chain_head_service::service::ChainHeadService::tick
1791661091.624779 runnervmmprz5 zainod-0.10.1[2979]:   19:38:11.624  INFO zaino_chain_head_service::service: Syncing block, height: 4382439, hash: 00401fb456ecc5beef26799337e7a9daa784ba36489f8dafdebbede93ae53ccf
1791661091.624779 runnervmmprz5 zainod-0.10.1[2979]:     at packages/zaino-chain-head-service/src/service.rs:478
1791661091.624779 runnervmmprz5 zainod-0.10.1[2979]:     in zaino_chain_head_service::service::ChainHeadService::tick
1791661091.625842 runnervmmprz5 zainod-0.10.1[2979]:   19:38:11.625  INFO zaino_chain_head_service::service: Syncing block, height: 4382440, hash: 0009aa96d069994866772b01340ee149fc1542895c50c9891e3a5678f884fcf8
1791661091.625842 runnervmmprz5 zainod-0.10.1[2979]:     at packages/zaino-chain-head-service/src/service.rs:478
1791661091.625842 runnervmmprz5 zainod-0.10.1[2979]:     in zaino_chain_head_service::service::ChainHeadService::tick
1791661091.627841 runnervmmprz5 zainod-0.10.1[2979]:   19:38:11.626  INFO zaino_chain_head_service::service: Syncing block, height: 4382441, hash: 001468d904c0675f14081d3b44546fb3fae1d28c9fe74e45cc78d860ab5adeb7
1791661091.627841 runnervmmprz5 zainod-0.10.1[2979]:     at packages/zaino-chain-head-service/src/service.rs:478
1791661091.627841 runnervmmprz5 zainod-0.10.1[2979]:     in zaino_chain_head_service::service::ChainHeadService::tick
1791661091.627841 runnervmmprz5 zainod-0.10.1[2979]:   19:38:11.627  INFO zaino_chain_head_service::service: Syncing block, height: 4382442, hash: 001ab2f2809236e3c5c89b3c0d40d172d5396d9ef9e0ed3c44f0374bc8296627
1791661091.627841 runnervmmprz5 zainod-0.10.1[2979]:     at packages/zaino-chain-head-service/src/service.rs:478
1791661091.627841 runnervmmprz5 zainod-0.10.1[2979]:     in zaino_chain_head_service::service::ChainHeadService::tick
1791661091.627841 runnervmmprz5 zainod-0.10.1[2979]:   19:38:11.627  INFO zaino_chain_head_service::service: Syncing block, height: 4382443, hash: 00003b329deaf7f2a9105b4903d1233ef778ca7f0d4d2f4acd3ad3de8e72b1b5
1791661091.627841 runnervmmprz5 zainod-0.10.1[2979]:     at packages/zaino-chain-head-service/src/service.rs:478
1791661091.627841 runnervmmprz5 zainod-0.10.1[2979]:     in zaino_chain_head_service::service::ChainHeadService::tick
1791661091.628513 runnervmmprz5 zainod-0.10.1[2979]:   19:38:11.628  INFO zaino_chain_head_service::service: Syncing block, height: 4382444, hash: 000048fc9db0280ace26375baae89f545afded33fa9c8e86e87987dc4b06650c
1791661091.628513 runnervmmprz5 zainod-0.10.1[2979]:     at packages/zaino-chain-head-service/src/service.rs:478
1791661091.628513 runnervmmprz5 zainod-0.10.1[2979]:     in zaino_chain_head_service::service::ChainHeadService::tick
1791661091.630928 runnervmmprz5 zainod-0.10.1[2979]:   19:38:11.629  INFO zaino_chain_head_service::service: Syncing block, height: 4382445, hash: 000054c09d8b67268d83537c5366ff2a69e25e509320205bc8a0bdc5573b594d
1791661091.630928 runnervmmprz5 zainod-0.10.1[2979]:     at packages/zaino-chain-head-service/src/service.rs:478
1791661091.630928 runnervmmprz5 zainod-0.10.1[2979]:     in zaino_chain_head_service::service::ChainHeadService::tick
1791661091.630928 runnervmmprz5 zainod-0.10.1[2979]:   19:38:11.629  INFO zaino_chain_head_service::service: Syncing block, height: 4382446, hash: 000069bea6a2ccc539772a5ddf659cf8ce9512f66c5ab1519adec00a79ecf5f4
1791661091.630928 runnervmmprz5 zainod-0.10.1[2979]:     at packages/zaino-chain-head-service/src/service.rs:478
1791661091.630928 runnervmmprz5 zainod-0.10.1[2979]:     in zaino_chain_head_service::service::ChainHeadService::tick
1791661091.630928 runnervmmprz5 zainod-0.10.1[2979]:   19:38:11.630  INFO zaino_chain_head_service::service: Syncing block, height: 4382447, hash: 00005381d15d37a9711ece5136325245b29ac201fcfe1bcab7eb043e7eb96e8f
1791661091.630928 runnervmmprz5 zainod-0.10.1[2979]:     at packages/zaino-chain-head-service/src/service.rs:478
1791661091.630928 runnervmmprz5 zainod-0.10.1[2979]:     in zaino_chain_head_service::service::ChainHeadService::tick
1791661091.630928 runnervmmprz5 zainod-0.10.1[2979]:   19:38:11.630  INFO zaino_chain_head_service::service: Syncing block, height: 4382448, hash: 000025f5664ec0486b1a31d72b98e950e0ab314ab36518c8b9ed49469e353990
1791661091.630928 runnervmmprz5 zainod-0.10.1[2979]:     at packages/zaino-chain-head-service/src/service.rs:478
1791661091.630928 runnervmmprz5 zainod-0.10.1[2979]:     in zaino_chain_head_service::service::ChainHeadService::tick
1791661091.631405 runnervmmprz5 zainod-0.10.1[2979]:   19:38:11.631  INFO zaino_chain_head_service::service: Syncing block, height: 4382449, hash: 00004e1c5a617298d0618376d7e55e268a9e5df0e72b6102c9a771f7da0b501b
1791661091.631405 runnervmmprz5 zainod-0.10.1[2979]:     at packages/zaino-chain-head-service/src/service.rs:478
1791661091.631405 runnervmmprz5 zainod-0.10.1[2979]:     in zaino_chain_head_service::service::ChainHeadService::tick
1791661091.632141 runnervmmprz5 zainod-0.10.1[2979]:   19:38:11.632  INFO zaino_chain_head_service::service: Syncing block, height: 4382450, hash: 0000256b496dc55ca22abcd2021f095ca01f0faf8126100327307e2851ba3764
1791661091.632141 runnervmmprz5 zainod-0.10.1[2979]:     at packages/zaino-chain-head-service/src/service.rs:478
1791661091.632141 runnervmmprz5 zainod-0.10.1[2979]:     in zaino_chain_head_service::service::ChainHeadService::tick
1791661091.632585 runnervmmprz5 zainod-0.10.1[2979]:   19:38:11.632  INFO zaino_chain_head_service::service: Syncing block, height: 4382451, hash: 0000716e7824f662e988d3cdb275e4d4a4c2a66deeb1028870fe50ab446d323b
1791661091.632585 runnervmmprz5 zainod-0.10.1[2979]:     at packages/zaino-chain-head-service/src/service.rs:478
1791661091.632585 runnervmmprz5 zainod-0.10.1[2979]:     in zaino_chain_head_service::service::ChainHeadService::tick
1791661091.632912 runnervmmprz5 zainod-0.10.1[2979]:   19:38:11.632  INFO zaino_chain_head_service::service: Syncing block, height: 4382452, hash: 00005210ca97cd4b1e92d1c8d77ad2d0eeaae105448a988c3a70e875b0646aba
1791661091.632912 runnervmmprz5 zainod-0.10.1[2979]:     at packages/zaino-chain-head-service/src/service.rs:478
1791661091.632912 runnervmmprz5 zainod-0.10.1[2979]:     in zaino_chain_head_service::service::ChainHeadService::tick
1791661091.635021 runnervmmprz5 zainod-0.10.1[2979]:   19:38:11.634  INFO zaino_chain_head_service::service: Syncing block, height: 4382453, hash: 00000ebda28a54396b35cf0a3f0386d98e12e328cb8aac104e58158fa39ef7e1
1791661091.635021 runnervmmprz5 zainod-0.10.1[2979]:     at packages/zaino-chain-head-service/src/service.rs:478
1791661091.635021 runnervmmprz5 zainod-0.10.1[2979]:     in zaino_chain_head_service::service::ChainHeadService::tick
1791661091.635370 runnervmmprz5 zainod-0.10.1[2979]:   19:38:11.635  INFO zaino_chain_head_service::service: Syncing block, height: 4382454, hash: 002e98ddd167decc1ee62165b1cd59e2b1b600f18e750ddd3dbfc6e7e0330eb9
1791661091.635370 runnervmmprz5 zainod-0.10.1[2979]:     at packages/zaino-chain-head-service/src/service.rs:478
1791661091.635370 runnervmmprz5 zainod-0.10.1[2979]:     in zaino_chain_head_service::service::ChainHeadService::tick
1791661091.635898 runnervmmprz5 zainod-0.10.1[2979]:   19:38:11.635  INFO zaino_chain_head_service::service: Syncing block, height: 4382455, hash: 00003fb60da903cafb101fa9ddfcaaea394286b5f81d80c94222d6f20fe41380
1791661091.635898 runnervmmprz5 zainod-0.10.1[2979]:     at packages/zaino-chain-head-service/src/service.rs:478
1791661091.635898 runnervmmprz5 zainod-0.10.1[2979]:     in zaino_chain_head_service::service::ChainHeadService::tick
1791661091.637364 runnervmmprz5 zainod-0.10.1[2979]:   19:38:11.637  INFO zaino_chain_head_service::service: Syncing block, height: 4382456, hash: 000067cb68401e83a796c025658c4d9bd5e71a8ac123abf8f820d6f4fe85979c
1791661091.637364 runnervmmprz5 zainod-0.10.1[2979]:     at packages/zaino-chain-head-service/src/service.rs:478
1791661091.637364 runnervmmprz5 zainod-0.10.1[2979]:     in zaino_chain_head_service::service::ChainHeadService::tick
1791661091.637965 runnervmmprz5 zainod-0.10.1[2979]:   19:38:11.637  INFO zaino_chain_head_service::service: Syncing block, height: 4382457, hash: 00003bca72b2c802d33ceade5b3403cb1a8081a2dc31e875368c233590c6f023
1791661091.637965 runnervmmprz5 zainod-0.10.1[2979]:     at packages/zaino-chain-head-service/src/service.rs:478
1791661091.637965 runnervmmprz5 zainod-0.10.1[2979]:     in zaino_chain_head_service::service::ChainHeadService::tick
1791661091.639351 runnervmmprz5 zainod-0.10.1[2979]:   19:38:11.639  INFO zaino_chain_head_service::service: Syncing block, height: 4382458, hash: 0000293673bcf6bb9658a3f30c529c44911773c95ca5d34ec4201fb7f52fa3e8
1791661091.639351 runnervmmprz5 zainod-0.10.1[2979]:     at packages/zaino-chain-head-service/src/service.rs:478
1791661091.639351 runnervmmprz5 zainod-0.10.1[2979]:     in zaino_chain_head_service::service::ChainHeadService::tick
1791661091.639944 runnervmmprz5 zainod-0.10.1[2979]:   19:38:11.639  INFO zaino_chain_head_service::service: Syncing block, height: 4382459, hash: 00002b299606a7bf2f54cfc0f7419e8af7c8547265cd63810077e8a5c8ce8b8d
1791661091.639944 runnervmmprz5 zainod-0.10.1[2979]:     at packages/zaino-chain-head-service/src/service.rs:478
1791661091.639944 runnervmmprz5 zainod-0.10.1[2979]:     in zaino_chain_head_service::service::ChainHeadService::tick
1791661091.640327 runnervmmprz5 zainod-0.10.1[2979]:   19:38:11.640  INFO zaino_chain_head_service::service: Syncing block, height: 4382460, hash: 00000a1736724b5b5011cd04211fb60870e24e06e7ec2d3793ca869c70c4e642
1791661091.640327 runnervmmprz5 zainod-0.10.1[2979]:     at packages/zaino-chain-head-service/src/service.rs:478
1791661091.640327 runnervmmprz5 zainod-0.10.1[2979]:     in zaino_chain_head_service::service::ChainHeadService::tick
1791661091.641534 runnervmmprz5 zainod-0.10.1[2979]:   19:38:11.641  INFO zaino_chain_head_service::service: Syncing block, height: 4382461, hash: 0021c9d85a142d5bbe783016307bb620a30e74627e29fe61a8989bd0c907697e
1791661091.641534 runnervmmprz5 zainod-0.10.1[2979]:     at packages/zaino-chain-head-service/src/service.rs:478
1791661091.641534 runnervmmprz5 zainod-0.10.1[2979]:     in zaino_chain_head_service::service::ChainHeadService::tick
1791661091.643735 runnervmmprz5 zainod-0.10.1[2979]:   19:38:11.643  INFO zaino_chain_head_service::service: Syncing block, height: 4382462, hash: 000062a32e601e2161117dc14b90e1279b7bebcaa109b9470969f27e0d11832e
1791661091.643735 runnervmmprz5 zainod-0.10.1[2979]:     at packages/zaino-chain-head-service/src/service.rs:478
1791661091.643735 runnervmmprz5 zainod-0.10.1[2979]:     in zaino_chain_head_service::service::ChainHeadService::tick
1791661091.644099 runnervmmprz5 zainod-0.10.1[2979]:   19:38:11.644  INFO zaino_chain_head_service::service: Syncing block, height: 4382463, hash: 000052a2a592768ce7ef82c3d34081da6a8a264d73e75e2c38623cd9904c33fd
1791661091.644099 runnervmmprz5 zainod-0.10.1[2979]:     at packages/zaino-chain-head-service/src/service.rs:478
1791661091.644099 runnervmmprz5 zainod-0.10.1[2979]:     in zaino_chain_head_service::service::ChainHeadService::tick
1791661091.644383 runnervmmprz5 zainod-0.10.1[2979]:   19:38:11.644  INFO zaino_chain_head_service::service: Syncing block, height: 4382464, hash: 00005b299739f5185fd224c2c7dcb2104b77b4d3cff15dad0fe91f1af4571aca
1791661091.644383 runnervmmprz5 zainod-0.10.1[2979]:     at packages/zaino-chain-head-service/src/service.rs:478
1791661091.644383 runnervmmprz5 zainod-0.10.1[2979]:     in zaino_chain_head_service::service::ChainHeadService::tick
1791661091.646310 runnervmmprz5 zainod-0.10.1[2979]:   19:38:11.646  INFO zaino_chain_head_service::service: Syncing block, height: 4382465, hash: 00001d2164536a7b58a5f9b46e497c0f4c2fc983560cf4b05ab554d376487450
1791661091.646310 runnervmmprz5 zainod-0.10.1[2979]:     at packages/zaino-chain-head-service/src/service.rs:478
1791661091.646310 runnervmmprz5 zainod-0.10.1[2979]:     in zaino_chain_head_service::service::ChainHeadService::tick
1791661091.647874 runnervmmprz5 zainod-0.10.1[2979]:   19:38:11.647  INFO zaino_chain_head_service::service: Syncing block, height: 4382466, hash: 000064f9cf68286d38ad8011bfee108d2a86be62595c82390bb42d6604198cc9
1791661091.647874 runnervmmprz5 zainod-0.10.1[2979]:     at packages/zaino-chain-head-service/src/service.rs:478
1791661091.647874 runnervmmprz5 zainod-0.10.1[2979]:     in zaino_chain_head_service::service::ChainHeadService::tick
1791661091.648860 runnervmmprz5 zainod-0.10.1[2979]:   19:38:11.648  INFO zaino_chain_head_service::service: Syncing block, height: 4382467, hash: 00004154587f4bfdb89264d0d182b9d8b04c35a2f7dce65068ec5318cfd996bc
1791661091.648860 runnervmmprz5 zainod-0.10.1[2979]:     at packages/zaino-chain-head-service/src/service.rs:478
1791661091.648860 runnervmmprz5 zainod-0.10.1[2979]:     in zaino_chain_head_service::service::ChainHeadService::tick
1791661091.649439 runnervmmprz5 zainod-0.10.1[2979]:   19:38:11.649  INFO zaino_chain_head_service::service: Syncing block, height: 4382468, hash: 00000dce993d493fb0b8c9a9773d6d1d4c363e660441e7a39cb2627300278697
1791661091.649439 runnervmmprz5 zainod-0.10.1[2979]:     at packages/zaino-chain-head-service/src/service.rs:478
1791661091.649439 runnervmmprz5 zainod-0.10.1[2979]:     in zaino_chain_head_service::service::ChainHeadService::tick
1791661091.650167 runnervmmprz5 zainod-0.10.1[2979]:   19:38:11.650  INFO zaino_chain_head_service::service: Syncing block, height: 4382469, hash: 000043db7cd629f1645b32eb8c7049b7cf9b4a9d7ed18e1c8163f3c415fd02fd
1791661091.650167 runnervmmprz5 zainod-0.10.1[2979]:     at packages/zaino-chain-head-service/src/service.rs:478
1791661091.650167 runnervmmprz5 zainod-0.10.1[2979]:     in zaino_chain_head_service::service::ChainHeadService::tick
1791661091.651906 runnervmmprz5 zainod-0.10.1[2979]:   19:38:11.650  INFO zaino_chain_head_service::service: Syncing block, height: 4382470, hash: 0000675a7ede3c00aa4465c6a30c94e6c1c6660c3a3c03921671680fa0c63fc1
1791661091.651906 runnervmmprz5 zainod-0.10.1[2979]:     at packages/zaino-chain-head-service/src/service.rs:478
1791661091.651906 runnervmmprz5 zainod-0.10.1[2979]:     in zaino_chain_head_service::service::ChainHeadService::tick
1791661091.652105 runnervmmprz5 zainod-0.10.1[2979]:   19:38:11.652  INFO zaino_chain_head_service::service: Syncing block, height: 4382471, hash: 00005524278da3e1d68a7bc6c31329b45065888b9d745a0212ea87933bedfbc8
1791661091.652105 runnervmmprz5 zainod-0.10.1[2979]:     at packages/zaino-chain-head-service/src/service.rs:478
1791661091.652105 runnervmmprz5 zainod-0.10.1[2979]:     in zaino_chain_head_service::service::ChainHeadService::tick
1791661091.652599 runnervmmprz5 zainod-0.10.1[2979]:   19:38:11.652  INFO zaino_chain_head_service::service: Syncing block, height: 4382472, hash: 000047e70e70ec893c673c1a57f21c0a17bf98eb327251f703ba99a8a30fe0ae
1791661091.652599 runnervmmprz5 zainod-0.10.1[2979]:     at packages/zaino-chain-head-service/src/service.rs:478
1791661091.652599 runnervmmprz5 zainod-0.10.1[2979]:     in zaino_chain_head_service::service::ChainHeadService::tick
1791661091.653548 runnervmmprz5 zainod-0.10.1[2979]:   19:38:11.653  INFO zaino_chain_head_service::service: Syncing block, height: 4382473, hash: 0000020f97ee5071e6748ac96362d81e07633071474b7fa2adeb145bb90e34fc
1791661091.653548 runnervmmprz5 zainod-0.10.1[2979]:     at packages/zaino-chain-head-service/src/service.rs:478
1791661091.653548 runnervmmprz5 zainod-0.10.1[2979]:     in zaino_chain_head_service::service::ChainHeadService::tick
1791661091.655842 runnervmmprz5 zainod-0.10.1[2979]:   19:38:11.654  INFO zaino_chain_head_service::service: Syncing block, height: 4382474, hash: 001f475e4ae7e3d4718afa512c15213bc210666c6c3a42633c7c7416335d31ff
1791661091.655842 runnervmmprz5 zainod-0.10.1[2979]:     at packages/zaino-chain-head-service/src/service.rs:478
1791661091.655842 runnervmmprz5 zainod-0.10.1[2979]:     in zaino_chain_head_service::service::ChainHeadService::tick
1791661091.655842 runnervmmprz5 zainod-0.10.1[2979]:   19:38:11.654  INFO zaino_chain_head_service::service: Syncing block, height: 4382475, hash: 00006d392d8aa770faaeb9b7f0031cee06fb52dda8d8adbb6494e6dda96f74d0
1791661091.655842 runnervmmprz5 zainod-0.10.1[2979]:     at packages/zaino-chain-head-service/src/service.rs:478
1791661091.655842 runnervmmprz5 zainod-0.10.1[2979]:     in zaino_chain_head_service::service::ChainHeadService::tick
1791661091.655842 runnervmmprz5 zainod-0.10.1[2979]:   19:38:11.655  INFO zaino_chain_head_service::service: Syncing block, height: 4382476, hash: 000bd88d8043f83ec80d48ed89daaa9c0a0eb57af05344e8085f78b77372f207
1791661091.655842 runnervmmprz5 zainod-0.10.1[2979]:     at packages/zaino-chain-head-service/src/service.rs:478
1791661091.655842 runnervmmprz5 zainod-0.10.1[2979]:     in zaino_chain_head_service::service::ChainHeadService::tick
1791661091.656104 runnervmmprz5 zainod-0.10.1[2979]:   19:38:11.656  INFO zaino_chain_head_service::service: Syncing block, height: 4382477, hash: 001b033454a1f82387121b285b6e32975c789595d0b618e3bb11f49ae0b84b15
1791661091.656104 runnervmmprz5 zainod-0.10.1[2979]:     at packages/zaino-chain-head-service/src/service.rs:478
1791661091.656104 runnervmmprz5 zainod-0.10.1[2979]:     in zaino_chain_head_service::service::ChainHeadService::tick
1791661091.656667 runnervmmprz5 zainod-0.10.1[2979]:   19:38:11.656  INFO zaino_chain_head_service::service: Syncing block, height: 4382478, hash: 00006bb91c762329dee2d4a55b50e326ac8b48b0c8f9075d5c4f60b202330d63
1791661091.656667 runnervmmprz5 zainod-0.10.1[2979]:     at packages/zaino-chain-head-service/src/service.rs:478
1791661091.656667 runnervmmprz5 zainod-0.10.1[2979]:     in zaino_chain_head_service::service::ChainHeadService::tick
1791661091.657283 runnervmmprz5 zainod-0.10.1[2979]:   19:38:11.657  INFO zaino_chain_head_service::service: Syncing block, height: 4382479, hash: 00022dbf39c9cac14b189546f6a791d225382bf089019e2a1ce7bdbdf59215c2
1791661091.657283 runnervmmprz5 zainod-0.10.1[2979]:     at packages/zaino-chain-head-service/src/service.rs:478
1791661091.657283 runnervmmprz5 zainod-0.10.1[2979]:     in zaino_chain_head_service::service::ChainHeadService::tick
1791661091.658268 runnervmmprz5 zainod-0.10.1[2979]:   19:38:11.658  INFO zaino_chain_head_service::service: Syncing block, height: 4382480, hash: 000036ebc0fa755adbe90f8631471a78217de3e0f79cd4bea510a6b75ae2d54a
1791661091.658268 runnervmmprz5 zainod-0.10.1[2979]:     at packages/zaino-chain-head-service/src/service.rs:478
1791661091.658268 runnervmmprz5 zainod-0.10.1[2979]:     in zaino_chain_head_service::service::ChainHeadService::tick
1791661091.659163 runnervmmprz5 zainod-0.10.1[2979]:   19:38:11.659  INFO zaino_chain_head_service::service: Syncing block, height: 4382481, hash: 00007cfa228b0682bbfbd655e779c018bcd18e65cf8096cb4f9ab537ae417e9e
1791661091.659163 runnervmmprz5 zainod-0.10.1[2979]:     at packages/zaino-chain-head-service/src/service.rs:478
1791661091.659163 runnervmmprz5 zainod-0.10.1[2979]:     in zaino_chain_head_service::service::ChainHeadService::tick
1791661091.660198 runnervmmprz5 zainod-0.10.1[2979]:   19:38:11.660  INFO zaino_chain_head_service::service: Syncing block, height: 4382482, hash: 0000160bd52971d161e0e94d5caf9cfc4bd420bc2d9fe189b361a2a77c5b3518
1791661091.660198 runnervmmprz5 zainod-0.10.1[2979]:     at packages/zaino-chain-head-service/src/service.rs:478
1791661091.660198 runnervmmprz5 zainod-0.10.1[2979]:     in zaino_chain_head_service::service::ChainHeadService::tick
1791661091.660661 runnervmmprz5 zainod-0.10.1[2979]:   19:38:11.660  INFO zaino_chain_head_service::service: Syncing block, height: 4382483, hash: 00004faf8ee8bf7e4b39bbf54d4d7f998dbd61bef20b5985e830a626d3e58954
1791661091.660661 runnervmmprz5 zainod-0.10.1[2979]:     at packages/zaino-chain-head-service/src/service.rs:478
1791661091.660661 runnervmmprz5 zainod-0.10.1[2979]:     in zaino_chain_head_service::service::ChainHeadService::tick
1791661091.661432 runnervmmprz5 zainod-0.10.1[2979]:   19:38:11.661  INFO zaino_chain_head_service::service: Syncing block, height: 4382484, hash: 000057ed5b70dec6e7927f7829090280e836bf3848116b8218e13d781bf28fe2
1791661091.661432 runnervmmprz5 zainod-0.10.1[2979]:     at packages/zaino-chain-head-service/src/service.rs:478
1791661091.661432 runnervmmprz5 zainod-0.10.1[2979]:     in zaino_chain_head_service::service::ChainHeadService::tick
1791661091.661925 runnervmmprz5 zainod-0.10.1[2979]:   19:38:11.661  INFO zaino_chain_head_service::service: Syncing block, height: 4382485, hash: 00006df791090d49ff8ae34b8e98a026141b1577c0e39d29e06c06ca514a8772
1791661091.661925 runnervmmprz5 zainod-0.10.1[2979]:     at packages/zaino-chain-head-service/src/service.rs:478
1791661091.661925 runnervmmprz5 zainod-0.10.1[2979]:     in zaino_chain_head_service::service::ChainHeadService::tick
1791661091.666080 runnervmmprz5 zainod-0.10.1[2979]:   19:38:11.666  INFO zaino_chain_head_service::service: Syncing block, height: 4382486, hash: 0000268fa63df91d4a69ae71b082323ac6e5f907f03b12ebcbe82ecb66c7f1b0
1791661091.666080 runnervmmprz5 zainod-0.10.1[2979]:     at packages/zaino-chain-head-service/src/service.rs:478
1791661091.666080 runnervmmprz5 zainod-0.10.1[2979]:     in zaino_chain_head_service::service::ChainHeadService::tick
1791661091.666578 runnervmmprz5 zainod-0.10.1[2979]:   19:38:11.666  INFO zaino_chain_head_service::service: Syncing block, height: 4382487, hash: 0015cedc69281148d6915ef4a3dd0043f15451fdfd7b1fb2aafc574924489ba1
1791661091.666578 runnervmmprz5 zainod-0.10.1[2979]:     at packages/zaino-chain-head-service/src/service.rs:478
1791661091.666578 runnervmmprz5 zainod-0.10.1[2979]:     in zaino_chain_head_service::service::ChainHeadService::tick
1791661091.668916 runnervmmprz5 zainod-0.10.1[2979]:   19:38:11.666  INFO zaino_chain_head_service::service: Syncing block, height: 4382488, hash: 000014ab19c3adbf634c3f923f21fc1fd550459cf4bc227d686ec7f882da3fc9
1791661091.668916 runnervmmprz5 zainod-0.10.1[2979]:     at packages/zaino-chain-head-service/src/service.rs:478
1791661091.668916 runnervmmprz5 zainod-0.10.1[2979]:     in zaino_chain_head_service::service::ChainHeadService::tick
1791661091.668916 runnervmmprz5 zainod-0.10.1[2979]:   19:38:11.667  INFO zaino_chain_head_service::service: Syncing block, height: 4382489, hash: 00000548dc1d2bc5cfe8b1bd2f59d0107742b71f8a40284a95d940c8c491d586
1791661091.668916 runnervmmprz5 zainod-0.10.1[2979]:     at packages/zaino-chain-head-service/src/service.rs:478
1791661091.668916 runnervmmprz5 zainod-0.10.1[2979]:     in zaino_chain_head_service::service::ChainHeadService::tick
1791661091.668916 runnervmmprz5 zainod-0.10.1[2979]:   19:38:11.668  INFO zaino_chain_head_service::service: Syncing block, height: 4382490, hash: 0002c18acb73684e8a2388d13d523916dafdf28487e190d9b36273c38f0f7162
1791661091.668916 runnervmmprz5 zainod-0.10.1[2979]:     at packages/zaino-chain-head-service/src/service.rs:478
1791661091.668916 runnervmmprz5 zainod-0.10.1[2979]:     in zaino_chain_head_service::service::ChainHeadService::tick
1791661091.669183 runnervmmprz5 zainod-0.10.1[2979]:   19:38:11.668  INFO zaino_chain_head_service::service: Syncing block, height: 4382491, hash: 00001d556c100ed4b37f27905d7377a971a332aa69d6f0a744fb3d6ffff21870
1791661091.669183 runnervmmprz5 zainod-0.10.1[2979]:     at packages/zaino-chain-head-service/src/service.rs:478
1791661091.669183 runnervmmprz5 zainod-0.10.1[2979]:     in zaino_chain_head_service::service::ChainHeadService::tick
1791661091.669413 runnervmmprz5 zainod-0.10.1[2979]:   19:38:11.669  INFO zaino_chain_head_service::service: Syncing block, height: 4382492, hash: 00006eccd93a3bddd0235174c44b5be6f94fa1870fb67214d90c501fe11b91c1
1791661091.669413 runnervmmprz5 zainod-0.10.1[2979]:     at packages/zaino-chain-head-service/src/service.rs:478
1791661091.669413 runnervmmprz5 zainod-0.10.1[2979]:     in zaino_chain_head_service::service::ChainHeadService::tick
1791661091.669680 runnervmmprz5 zainod-0.10.1[2979]:   19:38:11.669  INFO zaino_chain_head_service::service: Syncing block, height: 4382493, hash: 0005405a10b967160b89ef475b22d66714ed4588011fab8a927a09561e09f8fd
1791661091.669680 runnervmmprz5 zainod-0.10.1[2979]:     at packages/zaino-chain-head-service/src/service.rs:478
1791661091.669680 runnervmmprz5 zainod-0.10.1[2979]:     in zaino_chain_head_service::service::ChainHeadService::tick
1791661091.670062 runnervmmprz5 zainod-0.10.1[2979]:   19:38:11.670  INFO zaino_chain_head_service::service: Syncing block, height: 4382494, hash: 00002bd33f0533417cd860c0ae72023f5607995cc8a6dbd1d4c074f6e6c74bfb
1791661091.670062 runnervmmprz5 zainod-0.10.1[2979]:     at packages/zaino-chain-head-service/src/service.rs:478
1791661091.670062 runnervmmprz5 zainod-0.10.1[2979]:     in zaino_chain_head_service::service::ChainHeadService::tick
1791661091.670490 runnervmmprz5 zainod-0.10.1[2979]:   19:38:11.670  INFO zaino_chain_head_service::service: Syncing block, height: 4382495, hash: 0010d0d7b9998d9cb48fe33a79e8d12661de9cb44959700e55d9a83ab2e087d7
1791661091.670490 runnervmmprz5 zainod-0.10.1[2979]:     at packages/zaino-chain-head-service/src/service.rs:478
1791661091.670490 runnervmmprz5 zainod-0.10.1[2979]:     in zaino_chain_head_service::service::ChainHeadService::tick
1791661091.671296 runnervmmprz5 zainod-0.10.1[2979]:   19:38:11.671  INFO zaino_chain_head_service::service: Syncing block, height: 4382496, hash: 0000075cc99277d752de6c3772a7f6a4d3b1732cf4efdc3ee582326a0b0d21d7
1791661091.671296 runnervmmprz5 zainod-0.10.1[2979]:     at packages/zaino-chain-head-service/src/service.rs:478
1791661091.671296 runnervmmprz5 zainod-0.10.1[2979]:     in zaino_chain_head_service::service::ChainHeadService::tick
1791661091.672632 runnervmmprz5 zainod-0.10.1[2979]:   19:38:11.672  INFO zaino_chain_head_service::service: Syncing block, height: 4382497, hash: 00002895d36b6851c33d0d7c5bd1f535520dfc8ebee26945274adcce02b0d67e
1791661091.672632 runnervmmprz5 zainod-0.10.1[2979]:     at packages/zaino-chain-head-service/src/service.rs:478
1791661091.672632 runnervmmprz5 zainod-0.10.1[2979]:     in zaino_chain_head_service::service::ChainHeadService::tick
1791661091.675302 runnervmmprz5 zainod-0.10.1[2979]:   19:38:11.675  INFO zaino_chain_head_service::service: Syncing block, height: 4382498, hash: 00007bdd35c47afd1c88a28bb0a3671157f722728df7dabd84cb09ce9c7f73c8
1791661091.675302 runnervmmprz5 zainod-0.10.1[2979]:     at packages/zaino-chain-head-service/src/service.rs:478
1791661091.675302 runnervmmprz5 zainod-0.10.1[2979]:     in zaino_chain_head_service::service::ChainHeadService::tick
1791661091.677631 runnervmmprz5 zainod-0.10.1[2979]:   19:38:11.677  INFO zaino_chain_head_service::service: Syncing block, height: 4382499, hash: 000015a050ec303eccd9ce1e0cdcdda4db4101f504fbef068737bec4ed79bf25
1791661091.677631 runnervmmprz5 zainod-0.10.1[2979]:     at packages/zaino-chain-head-service/src/service.rs:478
1791661091.677631 runnervmmprz5 zainod-0.10.1[2979]:     in zaino_chain_head_service::service::ChainHeadService::tick
1791661091.678510 runnervmmprz5 zainod-0.10.1[2979]:   19:38:11.678  INFO zaino_chain_head_service::service: Syncing block, height: 4382500, hash: 0000587d3f6b42f4e35a1234cbf8eed95814df9da03d642b13578e95989fe049
1791661091.678510 runnervmmprz5 zainod-0.10.1[2979]:     at packages/zaino-chain-head-service/src/service.rs:478
1791661091.678510 runnervmmprz5 zainod-0.10.1[2979]:     in zaino_chain_head_service::service::ChainHeadService::tick
1791661091.679019 runnervmmprz5 zainod-0.10.1[2979]:   19:38:11.678  INFO zaino_chain_head_service::service: Syncing block, height: 4382501, hash: 000071aba5eb311e645613ebfe71242505e6e3c0c8c142b64b6676c5deb46863
1791661091.679019 runnervmmprz5 zainod-0.10.1[2979]:     at packages/zaino-chain-head-service/src/service.rs:478
1791661091.679019 runnervmmprz5 zainod-0.10.1[2979]:     in zaino_chain_head_service::service::ChainHeadService::tick
1791661091.679580 runnervmmprz5 zainod-0.10.1[2979]:   19:38:11.679  INFO zaino_chain_head_service::service: Syncing block, height: 4382502, hash: 00003c8b97e0cc0332ec86a88c46e034cbc90b47f7ccb667c5a6029090ee7076
1791661091.679580 runnervmmprz5 zainod-0.10.1[2979]:     at packages/zaino-chain-head-service/src/service.rs:478
1791661091.679580 runnervmmprz5 zainod-0.10.1[2979]:     in zaino_chain_head_service::service::ChainHeadService::tick
1791661091.680065 runnervmmprz5 zainod-0.10.1[2979]:   19:38:11.680  INFO zaino_chain_head_service::service: Syncing block, height: 4382503, hash: 00006692dcd16059f766422342bd226e839609c15bb4ddec46c6304b7398bf19
1791661091.680065 runnervmmprz5 zainod-0.10.1[2979]:     at packages/zaino-chain-head-service/src/service.rs:478
1791661091.680065 runnervmmprz5 zainod-0.10.1[2979]:     in zaino_chain_head_service::service::ChainHeadService::tick
1791661091.682869 runnervmmprz5 zainod-0.10.1[2979]:   19:38:11.682  INFO zaino_chain_head_service::service: Syncing block, height: 4382504, hash: 00001c47cc31fc3a6d58be4153e71f739f3841d46da77fa5b836fe8e8fc937f2
1791661091.682869 runnervmmprz5 zainod-0.10.1[2979]:     at packages/zaino-chain-head-service/src/service.rs:478
1791661091.682869 runnervmmprz5 zainod-0.10.1[2979]:     in zaino_chain_head_service::service::ChainHeadService::tick
1791661091.685754 runnervmmprz5 zainod-0.10.1[2979]:   19:38:11.685  INFO zaino_chain_head_service::service: Syncing block, height: 4382505, hash: 00000322ec9411a9eb36486156c5054d1fd46708c01be59e9fbd57382dcfffc0
1791661091.685754 runnervmmprz5 zainod-0.10.1[2979]:     at packages/zaino-chain-head-service/src/service.rs:478
1791661091.685754 runnervmmprz5 zainod-0.10.1[2979]:     in zaino_chain_head_service::service::ChainHeadService::tick
1791661091.688129 runnervmmprz5 zainod-0.10.1[2979]:   19:38:11.688  INFO zaino_chain_head_service::service: Syncing block, height: 4382506, hash: 0000091a8b78a833bfb903aca9d7467e7f179e9fd23b5ee5fbbb32eeca42e433
1791661091.688129 runnervmmprz5 zainod-0.10.1[2979]:     at packages/zaino-chain-head-service/src/service.rs:478
1791661091.688129 runnervmmprz5 zainod-0.10.1[2979]:     in zaino_chain_head_service::service::ChainHeadService::tick
1791661091.689795 runnervmmprz5 zainod-0.10.1[2979]:   19:38:11.689  INFO zaino_chain_head_service::service: Syncing block, height: 4382507, hash: 00002e262d09f334785394a87822f7a45adedb839fcd31d234b4fb6d98783a8e
1791661091.689795 runnervmmprz5 zainod-0.10.1[2979]:     at packages/zaino-chain-head-service/src/service.rs:478
1791661091.689795 runnervmmprz5 zainod-0.10.1[2979]:     in zaino_chain_head_service::service::ChainHeadService::tick
1791661091.690238 runnervmmprz5 zainod-0.10.1[2979]:   19:38:11.690  INFO zaino_chain_head_service::service: Syncing block, height: 4382508, hash: 0000418a64dcc767f8dcc937f2574b0b23b9d281d9e0a908d2f8dc3930fb05fc
1791661091.690238 runnervmmprz5 zainod-0.10.1[2979]:     at packages/zaino-chain-head-service/src/service.rs:478
1791661091.690238 runnervmmprz5 zainod-0.10.1[2979]:     in zaino_chain_head_service::service::ChainHeadService::tick
1791661091.690534 runnervmmprz5 zainod-0.10.1[2979]:   19:38:11.690  INFO zaino_chain_head_service::service: Syncing block, height: 4382509, hash: 00004bb6a3d0089669b7a3400d065cdd64cc5d92535e463137b11a2f99b420c4
1791661091.690534 runnervmmprz5 zainod-0.10.1[2979]:     at packages/zaino-chain-head-service/src/service.rs:478
1791661091.690534 runnervmmprz5 zainod-0.10.1[2979]:     in zaino_chain_head_service::service::ChainHeadService::tick
1791661091.691312 runnervmmprz5 zainod-0.10.1[2979]:   19:38:11.691  INFO zaino_chain_head_service::service: Syncing block, height: 4382510, hash: 000013a6778b5cd1cb4ba80f11b66da5098a01888f26c4b27cc3f1104f087bfa
1791661091.691312 runnervmmprz5 zainod-0.10.1[2979]:     at packages/zaino-chain-head-service/src/service.rs:478
1791661091.691312 runnervmmprz5 zainod-0.10.1[2979]:     in zaino_chain_head_service::service::ChainHeadService::tick
1791661091.692331 runnervmmprz5 zainod-0.10.1[2979]:   19:38:11.692  INFO zaino_chain_head_service::service: Syncing block, height: 4382511, hash: 000041e717921de763a31824d6dd6cfceb1bef0a8031589002d8a0ed39a0cf54
1791661091.692331 runnervmmprz5 zainod-0.10.1[2979]:     at packages/zaino-chain-head-service/src/service.rs:478
1791661091.692331 runnervmmprz5 zainod-0.10.1[2979]:     in zaino_chain_head_service::service::ChainHeadService::tick
1791661091.693048 runnervmmprz5 zainod-0.10.1[2979]:   19:38:11.693  INFO zaino_chain_head_service::service: Syncing block, height: 4382512, hash: 000001fd5242179b85d9c97331415864f813685728bb0c68961e8aeacc919bb2
1791661091.693048 runnervmmprz5 zainod-0.10.1[2979]:     at packages/zaino-chain-head-service/src/service.rs:478
1791661091.693048 runnervmmprz5 zainod-0.10.1[2979]:     in zaino_chain_head_service::service::ChainHeadService::tick
1791661091.695772 runnervmmprz5 zainod-0.10.1[2979]:   19:38:11.695  INFO zaino_chain_head_service::service: Syncing block, height: 4382513, hash: 00004399ce6287ef4de98702015a041df7b28590c6a007c56ddd9ef7dddfc2fe
1791661091.695772 runnervmmprz5 zainod-0.10.1[2979]:     at packages/zaino-chain-head-service/src/service.rs:478
1791661091.695772 runnervmmprz5 zainod-0.10.1[2979]:     in zaino_chain_head_service::service::ChainHeadService::tick
1791661091.697663 runnervmmprz5 zainod-0.10.1[2979]:   19:38:11.697  INFO zaino_chain_head_service::service: Syncing block, height: 4382514, hash: 00001b3c051f4e267668a84d496ba82e867c9cb412489df067fcefc65fe6ac4e
1791661091.697663 runnervmmprz5 zainod-0.10.1[2979]:     at packages/zaino-chain-head-service/src/service.rs:478
1791661091.697663 runnervmmprz5 zainod-0.10.1[2979]:     in zaino_chain_head_service::service::ChainHeadService::tick
1791661091.698122 runnervmmprz5 zainod-0.10.1[2979]:   19:38:11.698  INFO zaino_chain_head_service::service: Syncing block, height: 4382515, hash: 00006e3e4c317142385fe0f07eab081d98ec64f00280eb91067a3e548720994e
1791661091.698122 runnervmmprz5 zainod-0.10.1[2979]:     at packages/zaino-chain-head-service/src/service.rs:478
1791661091.698122 runnervmmprz5 zainod-0.10.1[2979]:     in zaino_chain_head_service::service::ChainHeadService::tick
1791661091.698635 runnervmmprz5 zainod-0.10.1[2979]:   19:38:11.698  INFO zaino_chain_head_service::service: Syncing block, height: 4382516, hash: 000008ad102fa3c345983cc12a06f0362827054a509eb1a98e6b1f5bc50cdb0f
1791661091.698635 runnervmmprz5 zainod-0.10.1[2979]:     at packages/zaino-chain-head-service/src/service.rs:478
1791661091.698635 runnervmmprz5 zainod-0.10.1[2979]:     in zaino_chain_head_service::service::ChainHeadService::tick
1791661091.700707 runnervmmprz5 zainod-0.10.1[2979]:   19:38:11.700  INFO zaino_chain_head_service::service: Syncing block, height: 4382517, hash: 00007233c4a0e083004ee5e55859f530efa3720365938fac5f0e72500ba9af5d
1791661091.700707 runnervmmprz5 zainod-0.10.1[2979]:     at packages/zaino-chain-head-service/src/service.rs:478
1791661091.700707 runnervmmprz5 zainod-0.10.1[2979]:     in zaino_chain_head_service::service::ChainHeadService::tick
1791661091.701029 runnervmmprz5 zainod-0.10.1[2979]:   19:38:11.701  INFO zaino_chain_head_service::service: Syncing block, height: 4382518, hash: 00006bc5b05e110a77fe8e776fa49a315e2a5ed8a154048f889f2f82cf0affca
1791661091.701029 runnervmmprz5 zainod-0.10.1[2979]:     at packages/zaino-chain-head-service/src/service.rs:478
1791661091.701029 runnervmmprz5 zainod-0.10.1[2979]:     in zaino_chain_head_service::service::ChainHeadService::tick
1791661091.701464 runnervmmprz5 zainod-0.10.1[2979]:   19:38:11.701  INFO zaino_chain_head_service::service: Syncing block, height: 4382519, hash: 00002d1d546081b78abd1572cebad2c7e23814f1218c6d780276b374edfea019
1791661091.701464 runnervmmprz5 zainod-0.10.1[2979]:     at packages/zaino-chain-head-service/src/service.rs:478
1791661091.701464 runnervmmprz5 zainod-0.10.1[2979]:     in zaino_chain_head_service::service::ChainHeadService::tick
1791661091.702599 runnervmmprz5 zainod-0.10.1[2979]:   19:38:11.702  INFO zaino_chain_head_service::service: Syncing block, height: 4382520, hash: 00003f1c2d0fecb92cd703680e14a540b95ee981af6aba7000e0a924fe4cb1c7
1791661091.702599 runnervmmprz5 zainod-0.10.1[2979]:     at packages/zaino-chain-head-service/src/service.rs:478
1791661091.702599 runnervmmprz5 zainod-0.10.1[2979]:     in zaino_chain_head_service::service::ChainHeadService::tick
1791661091.704379 runnervmmprz5 zainod-0.10.1[2979]:   19:38:11.703  INFO zaino_chain_head_service::service: Syncing block, height: 4382521, hash: 0000524283d56f2a5b44db5c957b782719c732c7123fd13edca0f88c481b6549
1791661091.704379 runnervmmprz5 zainod-0.10.1[2979]:     at packages/zaino-chain-head-service/src/service.rs:478
1791661091.704379 runnervmmprz5 zainod-0.10.1[2979]:     in zaino_chain_head_service::service::ChainHeadService::tick
1791661091.704379 runnervmmprz5 zainod-0.10.1[2979]:   19:38:11.704  INFO zaino_chain_head_service::service: Syncing block, height: 4382522, hash: 00004e61c3d1e23e65ac260a0225de8554cdbfa4df408d315900502b713530d5
1791661091.704379 runnervmmprz5 zainod-0.10.1[2979]:     at packages/zaino-chain-head-service/src/service.rs:478
1791661091.704379 runnervmmprz5 zainod-0.10.1[2979]:     in zaino_chain_head_service::service::ChainHeadService::tick
1791661091.704678 runnervmmprz5 zainod-0.10.1[2979]:   19:38:11.704  INFO zaino_chain_head_service::service: Syncing block, height: 4382523, hash: 00005dbd1628fc5af11d919bba5be8bea17d4c767e4010eddd6e6cf41628a054
1791661091.704678 runnervmmprz5 zainod-0.10.1[2979]:     at packages/zaino-chain-head-service/src/service.rs:478
1791661091.704678 runnervmmprz5 zainod-0.10.1[2979]:     in zaino_chain_head_service::service::ChainHeadService::tick
1791661091.705212 runnervmmprz5 zainod-0.10.1[2979]:   19:38:11.705  INFO zaino_chain_head_service::service: Syncing block, height: 4382524, hash: 000045603e1ed261ff35e406f4f5fa45164f131aa2b422409edba1d68341f474
1791661091.705212 runnervmmprz5 zainod-0.10.1[2979]:     at packages/zaino-chain-head-service/src/service.rs:478
1791661091.705212 runnervmmprz5 zainod-0.10.1[2979]:     in zaino_chain_head_service::service::ChainHeadService::tick
1791661091.717624 runnervmmprz5 zainod-0.10.1[2979]:   19:38:11.717  INFO zaino_chain_head_service::service: Syncing block, height: 4382525, hash: 0000707963d5824942560e1acc68a10e6b681f810a59cf29cdeccb41a96e6830
1791661091.717624 runnervmmprz5 zainod-0.10.1[2979]:     at packages/zaino-chain-head-service/src/service.rs:478
1791661091.717624 runnervmmprz5 zainod-0.10.1[2979]:     in zaino_chain_head_service::service::ChainHeadService::tick
1791661091.718472 runnervmmprz5 zainod-0.10.1[2979]:   19:38:11.718  INFO zaino_chain_head_service::service: Syncing block, height: 4382526, hash: 0000461caebff56cc18b3b11d782984d1a486593b95ae855b32c9465fe2b9da1
1791661091.718472 runnervmmprz5 zainod-0.10.1[2979]:     at packages/zaino-chain-head-service/src/service.rs:478
1791661091.718472 runnervmmprz5 zainod-0.10.1[2979]:     in zaino_chain_head_service::service::ChainHeadService::tick
1791661091.718974 runnervmmprz5 zainod-0.10.1[2979]:   19:38:11.718  INFO zaino_chain_head_service::service: Syncing block, height: 4382527, hash: 000056d135c378cace41fb826c10880161f4da74cef239ba16ecc7279f4791a1
1791661091.718974 runnervmmprz5 zainod-0.10.1[2979]:     at packages/zaino-chain-head-service/src/service.rs:478
1791661091.718974 runnervmmprz5 zainod-0.10.1[2979]:     in zaino_chain_head_service::service::ChainHeadService::tick
1791661091.719928 runnervmmprz5 zainod-0.10.1[2979]:   19:38:11.719  INFO zaino_chain_head_service::service: Syncing block, height: 4382528, hash: 000035afe27b1f81ce328f2ea38e93b0f109b6f6a08888f160fd0def84489761
1791661091.719928 runnervmmprz5 zainod-0.10.1[2979]:     at packages/zaino-chain-head-service/src/service.rs:478
1791661091.719928 runnervmmprz5 zainod-0.10.1[2979]:     in zaino_chain_head_service::service::ChainHeadService::tick
1791661091.720415 runnervmmprz5 zainod-0.10.1[2979]:   19:38:11.720  INFO zaino_chain_head_service::service: Syncing block, height: 4382529, hash: 00007453381d71c9091319423d5a1f4a99d3a15475ea6919bf8fdd8dca696673
1791661091.720415 runnervmmprz5 zainod-0.10.1[2979]:     at packages/zaino-chain-head-service/src/service.rs:478
1791661091.720415 runnervmmprz5 zainod-0.10.1[2979]:     in zaino_chain_head_service::service::ChainHeadService::tick
1791661091.720717 runnervmmprz5 zainod-0.10.1[2979]:   19:38:11.720  INFO zaino_chain_head_service::service: Syncing block, height: 4382530, hash: 00005814af515684c9400b1c142879f1b780b7ecdda8fcb7f6ba86545b9c6ad9
1791661091.720717 runnervmmprz5 zainod-0.10.1[2979]:     at packages/zaino-chain-head-service/src/service.rs:478
1791661091.720717 runnervmmprz5 zainod-0.10.1[2979]:     in zaino_chain_head_service::service::ChainHeadService::tick
1791661091.721179 runnervmmprz5 zainod-0.10.1[2979]:   19:38:11.721  INFO zaino_chain_head_service::service: Syncing block, height: 4382531, hash: 00002ed0dfb76a65729c95251a0f95e63e158b065ddf674c31c302b5189b8c39
1791661091.721179 runnervmmprz5 zainod-0.10.1[2979]:     at packages/zaino-chain-head-service/src/service.rs:478
1791661091.721179 runnervmmprz5 zainod-0.10.1[2979]:     in zaino_chain_head_service::service::ChainHeadService::tick
1791661091.721712 runnervmmprz5 zainod-0.10.1[2979]:   19:38:11.721  INFO zaino_chain_head_service::service: Syncing block, height: 4382532, hash: 0000212511c70e0b2e73b6f687bcd04945815597fc76f1d0866fb0d0cc7bbe55
1791661091.721712 runnervmmprz5 zainod-0.10.1[2979]:     at packages/zaino-chain-head-service/src/service.rs:478
1791661091.721712 runnervmmprz5 zainod-0.10.1[2979]:     in zaino_chain_head_service::service::ChainHeadService::tick
1791661091.722647 runnervmmprz5 zainod-0.10.1[2979]:   19:38:11.722  INFO zaino_chain_head_service::service: Syncing block, height: 4382533, hash: 000063febd6db2d085b0de1070c5bc4321de9bfadaf14c2ddc18a013008fbbc6
1791661091.722647 runnervmmprz5 zainod-0.10.1[2979]:     at packages/zaino-chain-head-service/src/service.rs:478
1791661091.722647 runnervmmprz5 zainod-0.10.1[2979]:     in zaino_chain_head_service::service::ChainHeadService::tick
1791661091.749813 runnervmmprz5 zainod-0.10.1[2979]:   19:38:11.749  INFO zaino_chain_head_service::service: Syncing block, height: 4382534, hash: 00007afd02794479752598f38f0ce7e3e618a841242be2ae8cfc78fea56d97a5
1791661091.749813 runnervmmprz5 zainod-0.10.1[2979]:     at packages/zaino-chain-head-service/src/service.rs:478
1791661091.749813 runnervmmprz5 zainod-0.10.1[2979]:     in zaino_chain_head_service::service::ChainHeadService::tick
1791661091.751152 runnervmmprz5 zainod-0.10.1[2979]:   19:38:11.751  INFO zaino_chain_head_service::service: Syncing block, height: 4382535, hash: 00007496404d339a4e98e2abc1a6f397db19c5a9dd61ef5fc4879999ce420a32
1791661091.751152 runnervmmprz5 zainod-0.10.1[2979]:     at packages/zaino-chain-head-service/src/service.rs:478
1791661091.751152 runnervmmprz5 zainod-0.10.1[2979]:     in zaino_chain_head_service::service::ChainHeadService::tick
1791661091.751493 runnervmmprz5 zainod-0.10.1[2979]:   19:38:11.751  INFO zaino_chain_head_service::service: Syncing block, height: 4382536, hash: 0000129996b0cc4928e12a656988a3f7f4d3e144191bb949a63d283ef45f81fe
1791661091.751493 runnervmmprz5 zainod-0.10.1[2979]:     at packages/zaino-chain-head-service/src/service.rs:478
1791661091.751493 runnervmmprz5 zainod-0.10.1[2979]:     in zaino_chain_head_service::service::ChainHeadService::tick
1791661091.751892 runnervmmprz5 zainod-0.10.1[2979]:   19:38:11.751  INFO zaino_chain_head_service::service: Syncing block, height: 4382537, hash: 00000a4679830c888d722d1a4066261c9f2940b6e6f6e3218775695b010c84f0
1791661091.751892 runnervmmprz5 zainod-0.10.1[2979]:     at packages/zaino-chain-head-service/src/service.rs:478
1791661091.751892 runnervmmprz5 zainod-0.10.1[2979]:     in zaino_chain_head_service::service::ChainHeadService::tick
1791661091.752771 runnervmmprz5 zainod-0.10.1[2979]:   19:38:11.752  INFO zaino_chain_head_service::service: Syncing block, height: 4382538, hash: 00000cf02d1649ea2a1432f03f87f5c762d77e7e847ad128f039abac9513bc50
1791661091.752771 runnervmmprz5 zainod-0.10.1[2979]:     at packages/zaino-chain-head-service/src/service.rs:478
1791661091.752771 runnervmmprz5 zainod-0.10.1[2979]:     in zaino_chain_head_service::service::ChainHeadService::tick
1791661091.754062 runnervmmprz5 zainod-0.10.1[2979]:   19:38:11.754  INFO zaino_chain_head_service::service: Syncing block, height: 4382539, hash: 000012f3befb201045469583281ab7e82c116bdd6be4d14f7fb3afe8afd08bd2
1791661091.754062 runnervmmprz5 zainod-0.10.1[2979]:     at packages/zaino-chain-head-service/src/service.rs:478
1791661091.754062 runnervmmprz5 zainod-0.10.1[2979]:     in zaino_chain_head_service::service::ChainHeadService::tick
1791661091.755437 runnervmmprz5 zainod-0.10.1[2979]:   19:38:11.755  INFO zaino_chain_head_service::service: Syncing block, height: 4382540, hash: 00005479cc24a65a5825982e705b8340abac756c3991425133e05b640e73d221
1791661091.755437 runnervmmprz5 zainod-0.10.1[2979]:     at packages/zaino-chain-head-service/src/service.rs:478
1791661091.755437 runnervmmprz5 zainod-0.10.1[2979]:     in zaino_chain_head_service::service::ChainHeadService::tick
1791661091.756104 runnervmmprz5 zainod-0.10.1[2979]:   19:38:11.756  INFO zaino_chain_head_service::service: Syncing block, height: 4382541, hash: 000064ebccd932ed98add90374f64af68364dbb2d724a54c1c36c5f04e1e9458
1791661091.756104 runnervmmprz5 zainod-0.10.1[2979]:     at packages/zaino-chain-head-service/src/service.rs:478
1791661091.756104 runnervmmprz5 zainod-0.10.1[2979]:     in zaino_chain_head_service::service::ChainHeadService::tick
1791661091.757742 runnervmmprz5 zainod-0.10.1[2979]:   19:38:11.757  INFO zaino_chain_head_service::service: Syncing block, height: 4382542, hash: 000061b25b721070720e6d2ffb674c2e02b901f96f66abb021c639fe208a3671
1791661091.757742 runnervmmprz5 zainod-0.10.1[2979]:     at packages/zaino-chain-head-service/src/service.rs:478
1791661091.757742 runnervmmprz5 zainod-0.10.1[2979]:     in zaino_chain_head_service::service::ChainHeadService::tick
1791661091.758844 runnervmmprz5 zainod-0.10.1[2979]:   19:38:11.758  INFO zaino_chain_head_service::service: Syncing block, height: 4382543, hash: 00003dc63900b10cfe059e2e75c97726c59dc40fc23f1d513dd1fd4c753ccf5b
1791661091.758844 runnervmmprz5 zainod-0.10.1[2979]:     at packages/zaino-chain-head-service/src/service.rs:478
1791661091.758844 runnervmmprz5 zainod-0.10.1[2979]:     in zaino_chain_head_service::service::ChainHeadService::tick
1791661091.758935 runnervmmprz5 zainod-0.10.1[2979]:   19:38:11.758  INFO zaino_chain_head_service::service: Syncing block, height: 4382544, hash: 0000193bed285406cb9f21dac852842a81c7d9132faa712bfbfe2176b0462c51
1791661091.758935 runnervmmprz5 zainod-0.10.1[2979]:     at packages/zaino-chain-head-service/src/service.rs:478
1791661091.758935 runnervmmprz5 zainod-0.10.1[2979]:     in zaino_chain_head_service::service::ChainHeadService::tick
1791661091.759291 runnervmmprz5 zainod-0.10.1[2979]:   19:38:11.759  INFO zaino_chain_head_service::service: Syncing block, height: 4382545, hash: 0000396d65a06d9d1404a7e9b9815434324f33ffb4044d37a5fc2894b997a8c4
1791661091.759291 runnervmmprz5 zainod-0.10.1[2979]:     at packages/zaino-chain-head-service/src/service.rs:478
1791661091.759291 runnervmmprz5 zainod-0.10.1[2979]:     in zaino_chain_head_service::service::ChainHeadService::tick
1791661091.760184 runnervmmprz5 zainod-0.10.1[2979]:   19:38:11.760  INFO zaino_chain_head_service::service: Syncing block, height: 4382546, hash: 000074fedfda9c86e0c995d77dd48592decdab8cfb2c96cdf43629ca6d740354
1791661091.760184 runnervmmprz5 zainod-0.10.1[2979]:     at packages/zaino-chain-head-service/src/service.rs:478
1791661091.760184 runnervmmprz5 zainod-0.10.1[2979]:     in zaino_chain_head_service::service::ChainHeadService::tick
1791661091.761163 runnervmmprz5 zainod-0.10.1[2979]:   19:38:11.761  INFO zaino_chain_head_service::service: Syncing block, height: 4382547, hash: 000071af68bd03d10da1f6984402d3024b837bd92937defeb3c3903257aa6187
1791661091.761163 runnervmmprz5 zainod-0.10.1[2979]:     at packages/zaino-chain-head-service/src/service.rs:478
1791661091.761163 runnervmmprz5 zainod-0.10.1[2979]:     in zaino_chain_head_service::service::ChainHeadService::tick
1791661091.762459 runnervmmprz5 zainod-0.10.1[2979]:   19:38:11.762  INFO zaino_chain_head_service::service: Syncing block, height: 4382548, hash: 000027a08e56a8c94a3cf526987bd1d31cb3924b327b68417004cf4cecbdc829
1791661091.762459 runnervmmprz5 zainod-0.10.1[2979]:     at packages/zaino-chain-head-service/src/service.rs:478
1791661091.762459 runnervmmprz5 zainod-0.10.1[2979]:     in zaino_chain_head_service::service::ChainHeadService::tick
1791661091.763110 runnervmmprz5 zainod-0.10.1[2979]:   19:38:11.763  INFO zaino_chain_head_service::service: Syncing block, height: 4382549, hash: 000040c8c65c01b72d994a160d3e329b4fdca57b5b0684e19413f62d92a17ac6
1791661091.763110 runnervmmprz5 zainod-0.10.1[2979]:     at packages/zaino-chain-head-service/src/service.rs:478
1791661091.763110 runnervmmprz5 zainod-0.10.1[2979]:     in zaino_chain_head_service::service::ChainHeadService::tick
1791661091.764289 runnervmmprz5 zainod-0.10.1[2979]:   19:38:11.764  INFO zaino_chain_head_service::service: Syncing block, height: 4382550, hash: 00007ebece3ff8186e7259b7e3b1e73f900b1a7c6dc91fc3251767736b14e441
1791661091.764289 runnervmmprz5 zainod-0.10.1[2979]:     at packages/zaino-chain-head-service/src/service.rs:478
1791661091.764289 runnervmmprz5 zainod-0.10.1[2979]:     in zaino_chain_head_service::service::ChainHeadService::tick
1791661091.765408 runnervmmprz5 zainod-0.10.1[2979]:   19:38:11.765  INFO zaino_chain_head_service::service: Syncing block, height: 4382551, hash: 00003bf16c7b7a6fe532012afa5b634607ea5a75ab6be05005907ca52995cdfb
1791661091.765408 runnervmmprz5 zainod-0.10.1[2979]:     at packages/zaino-chain-head-service/src/service.rs:478
1791661091.765408 runnervmmprz5 zainod-0.10.1[2979]:     in zaino_chain_head_service::service::ChainHeadService::tick
1791661091.766754 runnervmmprz5 zainod-0.10.1[2979]:   19:38:11.766  INFO zaino_chain_head_service::service: Syncing block, height: 4382552, hash: 0000563d0bb04459ab9ae113e595c4a6f4e794c14b90a85452f274ae7e8a06fc
1791661091.766754 runnervmmprz5 zainod-0.10.1[2979]:     at packages/zaino-chain-head-service/src/service.rs:478
1791661091.766754 runnervmmprz5 zainod-0.10.1[2979]:     in zaino_chain_head_service::service::ChainHeadService::tick
1791661091.774909 runnervmmprz5 zainod-0.10.1[2979]:   19:38:11.774  INFO zaino_chain_head_service::service: Syncing block, height: 4382553, hash: 00007268b46de41217f5550b3db191eb8e60342960de38783a35af7624425861
1791661091.774909 runnervmmprz5 zainod-0.10.1[2979]:     at packages/zaino-chain-head-service/src/service.rs:478
1791661091.774909 runnervmmprz5 zainod-0.10.1[2979]:     in zaino_chain_head_service::service::ChainHeadService::tick
1791661091.776378 runnervmmprz5 zainod-0.10.1[2979]:   19:38:11.776  INFO zaino_chain_head_service::service: Syncing block, height: 4382554, hash: 000005a1881c3555ddb2a7edfdeb493aa518bc5b05148804cffeaa675f4c5568
1791661091.776378 runnervmmprz5 zainod-0.10.1[2979]:     at packages/zaino-chain-head-service/src/service.rs:478
1791661091.776378 runnervmmprz5 zainod-0.10.1[2979]:     in zaino_chain_head_service::service::ChainHeadService::tick
1791661091.776899 runnervmmprz5 zainod-0.10.1[2979]:   19:38:11.776  INFO zaino_chain_head_service::service: Syncing block, height: 4382555, hash: 0000650621f1a4fec330a6fc43c521feb5409325ba5c6f7d397b9d8ca7c0d9df
1791661091.776899 runnervmmprz5 zainod-0.10.1[2979]:     at packages/zaino-chain-head-service/src/service.rs:478
1791661091.776899 runnervmmprz5 zainod-0.10.1[2979]:     in zaino_chain_head_service::service::ChainHeadService::tick
1791661091.777206 runnervmmprz5 zainod-0.10.1[2979]:   19:38:11.777  INFO zaino_chain_head_service::service: Syncing block, height: 4382556, hash: 00001da4aa9abb597fec62797f6e390d2240b8ae7295cefc865c15de100b429b
1791661091.777206 runnervmmprz5 zainod-0.10.1[2979]:     at packages/zaino-chain-head-service/src/service.rs:478
1791661091.777206 runnervmmprz5 zainod-0.10.1[2979]:     in zaino_chain_head_service::service::ChainHeadService::tick
1791661091.778290 runnervmmprz5 zainod-0.10.1[2979]:   19:38:11.778  INFO zaino_chain_head_service::service: Syncing block, height: 4382557, hash: 000063b2db9211ff50e1ac4e948df0746cb5ffc33e5252e80bfaecbd1eb012e2
1791661091.778290 runnervmmprz5 zainod-0.10.1[2979]:     at packages/zaino-chain-head-service/src/service.rs:478
1791661091.778290 runnervmmprz5 zainod-0.10.1[2979]:     in zaino_chain_head_service::service::ChainHeadService::tick
1791661091.779068 runnervmmprz5 zainod-0.10.1[2979]:   19:38:11.778  INFO zaino_chain_head_service::service: Syncing block, height: 4382558, hash: 00000b79d91e1f154bfe931330c4db10e8ddfce74cfd2448db53a1155c2f8a90
1791661091.779068 runnervmmprz5 zainod-0.10.1[2979]:     at packages/zaino-chain-head-service/src/service.rs:478
1791661091.779068 runnervmmprz5 zainod-0.10.1[2979]:     in zaino_chain_head_service::service::ChainHeadService::tick
1791661091.779647 runnervmmprz5 zainod-0.10.1[2979]:   19:38:11.779  INFO zaino_chain_head_service::service: Syncing block, height: 4382559, hash: 00002d0c69ad18a5e95b6aa3acff877642f1ddfee9e4efc263d7f8079e692b95
1791661091.779647 runnervmmprz5 zainod-0.10.1[2979]:     at packages/zaino-chain-head-service/src/service.rs:478
1791661091.779647 runnervmmprz5 zainod-0.10.1[2979]:     in zaino_chain_head_service::service::ChainHeadService::tick
1791661091.780493 runnervmmprz5 zainod-0.10.1[2979]:   19:38:11.780  INFO zaino_chain_head_service::service: Syncing block, height: 4382560, hash: 0000583ba1f6e56f9766821277f194756bb0e5ea8aaa3721c069ed6d2d55d568
1791661091.780493 runnervmmprz5 zainod-0.10.1[2979]:     at packages/zaino-chain-head-service/src/service.rs:478
1791661091.780493 runnervmmprz5 zainod-0.10.1[2979]:     in zaino_chain_head_service::service::ChainHeadService::tick
1791661091.781531 runnervmmprz5 zainod-0.10.1[2979]:   19:38:11.781  INFO zaino_chain_head_service::service: Syncing block, height: 4382561, hash: 0000076e84bb47c63eb8d222bb983743ce1e59156b2ab8f0f4574b11f1ab9580
1791661091.781531 runnervmmprz5 zainod-0.10.1[2979]:     at packages/zaino-chain-head-service/src/service.rs:478
1791661091.781531 runnervmmprz5 zainod-0.10.1[2979]:     in zaino_chain_head_service::service::ChainHeadService::tick
1791661091.781945 runnervmmprz5 zainod-0.10.1[2979]:   19:38:11.781  INFO zaino_chain_head_service::service: Syncing block, height: 4382562, hash: 00000a97b05d4801f8a74dcba0fbf2c8074c5310b08e62611b344b72eb7973c9
1791661091.781945 runnervmmprz5 zainod-0.10.1[2979]:     at packages/zaino-chain-head-service/src/service.rs:478
1791661091.781945 runnervmmprz5 zainod-0.10.1[2979]:     in zaino_chain_head_service::service::ChainHeadService::tick
1791661091.782443 runnervmmprz5 zainod-0.10.1[2979]:   19:38:11.782  INFO zaino_chain_head_service::service: Syncing block, height: 4382563, hash: 000052fe71e56b644cacaed56621e08106f56d1dda4f9181022a379344b04c9d
1791661091.782443 runnervmmprz5 zainod-0.10.1[2979]:     at packages/zaino-chain-head-service/src/service.rs:478
1791661091.782443 runnervmmprz5 zainod-0.10.1[2979]:     in zaino_chain_head_service::service::ChainHeadService::tick
1791661091.783574 runnervmmprz5 zainod-0.10.1[2979]:   19:38:11.783  INFO zaino_chain_head_service::service: Syncing block, height: 4382564, hash: 000002cd1e1ad6c586f97aff6603c7a482f212a8d599b74c5144ff53980b0e17
1791661091.783574 runnervmmprz5 zainod-0.10.1[2979]:     at packages/zaino-chain-head-service/src/service.rs:478
1791661091.783574 runnervmmprz5 zainod-0.10.1[2979]:     in zaino_chain_head_service::service::ChainHeadService::tick
1791661091.784735 runnervmmprz5 zainod-0.10.1[2979]:   19:38:11.784  INFO zaino_chain_head_service::service: Syncing block, height: 4382565, hash: 00001eb04ea0a1f7cf6241bceedbd341a15ef0d74dfdc266a243877a11da6446
1791661091.784735 runnervmmprz5 zainod-0.10.1[2979]:     at packages/zaino-chain-head-service/src/service.rs:478
1791661091.784735 runnervmmprz5 zainod-0.10.1[2979]:     in zaino_chain_head_service::service::ChainHeadService::tick
1791661091.785867 runnervmmprz5 zainod-0.10.1[2979]:   19:38:11.785  INFO zaino_chain_head_service::service: Syncing block, height: 4382566, hash: 00000ce5e5e38fcc822b163c425a8b00cf79b034c5e6f3ecc9ce01cb9fdf2e68
1791661091.785867 runnervmmprz5 zainod-0.10.1[2979]:     at packages/zaino-chain-head-service/src/service.rs:478
1791661091.785867 runnervmmprz5 zainod-0.10.1[2979]:     in zaino_chain_head_service::service::ChainHeadService::tick
1791661091.795189 runnervmmprz5 zainod-0.10.1[2979]:   19:38:11.795  INFO zaino_chain_head_service::service: Syncing block, height: 4382567, hash: 00006a199f6c2d69b6e004af772225712ee6541efea9b92dd8a40e4758975b51
1791661091.795189 runnervmmprz5 zainod-0.10.1[2979]:     at packages/zaino-chain-head-service/src/service.rs:478
1791661091.795189 runnervmmprz5 zainod-0.10.1[2979]:     in zaino_chain_head_service::service::ChainHeadService::tick
1791661091.799675 runnervmmprz5 zainod-0.10.1[2979]:   19:38:11.798  INFO zaino_chain_head_service::service: Syncing block, height: 4382568, hash: 000036007fa7e781ccc797fd1e5b0a779a9296f804e2f79c132975f56033eb7a
1791661091.799675 runnervmmprz5 zainod-0.10.1[2979]:     at packages/zaino-chain-head-service/src/service.rs:478
1791661091.799675 runnervmmprz5 zainod-0.10.1[2979]:     in zaino_chain_head_service::service::ChainHeadService::tick
1791661091.799675 runnervmmprz5 zainod-0.10.1[2979]:   19:38:11.799  INFO zaino_chain_head_service::service: Syncing block, height: 4382569, hash: 00003de4928572605a10111404d3c702241891f0dd7c8d684a0ab57efd54e255
1791661091.799675 runnervmmprz5 zainod-0.10.1[2979]:     at packages/zaino-chain-head-service/src/service.rs:478
1791661091.799675 runnervmmprz5 zainod-0.10.1[2979]:     in zaino_chain_head_service::service::ChainHeadService::tick
1791661091.800982 runnervmmprz5 zainod-0.10.1[2979]:   19:38:11.800  INFO zaino_chain_head_service::service: Syncing block, height: 4382570, hash: 000036b2755554dbd6f7b324aabaf922a6da991a5a109edbbb8c10f0b4518faf
1791661091.800982 runnervmmprz5 zainod-0.10.1[2979]:     at packages/zaino-chain-head-service/src/service.rs:478
1791661091.800982 runnervmmprz5 zainod-0.10.1[2979]:     in zaino_chain_head_service::service::ChainHeadService::tick
1791661091.800982 runnervmmprz5 zainod-0.10.1[2979]:   19:38:11.800  INFO zaino_chain_head_service::service: Syncing block, height: 4382571, hash: 0000165657fb59c070339488b6fb03576af6d9baeb607d70cc520437050b84b0
1791661091.800982 runnervmmprz5 zainod-0.10.1[2979]:     at packages/zaino-chain-head-service/src/service.rs:478
1791661091.800982 runnervmmprz5 zainod-0.10.1[2979]:     in zaino_chain_head_service::service::ChainHeadService::tick
1791661091.803843 runnervmmprz5 zainod-0.10.1[2979]:   19:38:11.803  INFO zaino_chain_head_service::service: Syncing block, height: 4382572, hash: 0000642b1414878139da00deecbf306ac743337d4ab882ae666cea67b6034c1c
1791661091.803843 runnervmmprz5 zainod-0.10.1[2979]:     at packages/zaino-chain-head-service/src/service.rs:478
1791661091.803843 runnervmmprz5 zainod-0.10.1[2979]:     in zaino_chain_head_service::service::ChainHeadService::tick
1791661091.803843 runnervmmprz5 zainod-0.10.1[2979]:   19:38:11.803  INFO zaino_chain_head_service::service: Syncing block, height: 4382573, hash: 0000725ce528045d5a891915c319d39537cbf70c3577dd144117496ca6d0ccfc
1791661091.803843 runnervmmprz5 zainod-0.10.1[2979]:     at packages/zaino-chain-head-service/src/service.rs:478
1791661091.803843 runnervmmprz5 zainod-0.10.1[2979]:     in zaino_chain_head_service::service::ChainHeadService::tick
1791661091.804287 runnervmmprz5 zainod-0.10.1[2979]:   19:38:11.804  INFO zaino_chain_head_service::service: Syncing block, height: 4382574, hash: 000005f1149f016347c0b0ada2c89148f31448a1a8852ca8f5d33ad1c978c0c4
1791661091.804287 runnervmmprz5 zainod-0.10.1[2979]:     at packages/zaino-chain-head-service/src/service.rs:478
1791661091.804287 runnervmmprz5 zainod-0.10.1[2979]:     in zaino_chain_head_service::service::ChainHeadService::tick
1791661091.805049 runnervmmprz5 zainod-0.10.1[2979]:   19:38:11.805  INFO zaino_chain_head_service::service: Syncing block, height: 4382575, hash: 00001980454f59dfa2c5ed91968cbadcd46f4ced416decec7f188cf21f60be57
1791661091.805049 runnervmmprz5 zainod-0.10.1[2979]:     at packages/zaino-chain-head-service/src/service.rs:478
1791661091.805049 runnervmmprz5 zainod-0.10.1[2979]:     in zaino_chain_head_service::service::ChainHeadService::tick
1791661091.815980 runnervmmprz5 zainod-0.10.1[2979]:   19:38:11.815  INFO zaino_chain_head_service::service: Syncing block, height: 4382576, hash: 00003d9103dd05eee44d28aeff2a9de254151f888d6d8e58a3912aa80b8e896d
1791661091.815980 runnervmmprz5 zainod-0.10.1[2979]:     at packages/zaino-chain-head-service/src/service.rs:478
1791661091.815980 runnervmmprz5 zainod-0.10.1[2979]:     in zaino_chain_head_service::service::ChainHeadService::tick
1791661091.816551 runnervmmprz5 zainod-0.10.1[2979]:   19:38:11.816  INFO zaino_chain_head_service::service: Syncing block, height: 4382577, hash: 0000689fa6ee7b1dddc2c035ba3eb48bf1fd97fd8726b4ddf18726623365e053
1791661091.816551 runnervmmprz5 zainod-0.10.1[2979]:     at packages/zaino-chain-head-service/src/service.rs:478
1791661091.816551 runnervmmprz5 zainod-0.10.1[2979]:     in zaino_chain_head_service::service::ChainHeadService::tick
1791661091.816899 runnervmmprz5 zainod-0.10.1[2979]:   19:38:11.816  INFO zaino_chain_head_service::service: Syncing block, height: 4382578, hash: 000045dccaf50895b8f9f2a3bb2111649cff9e28cfc8552f9afde7d25c1631fd
1791661091.816899 runnervmmprz5 zainod-0.10.1[2979]:     at packages/zaino-chain-head-service/src/service.rs:478
1791661091.816899 runnervmmprz5 zainod-0.10.1[2979]:     in zaino_chain_head_service::service::ChainHeadService::tick
1791661091.817751 runnervmmprz5 zainod-0.10.1[2979]:   19:38:11.817  INFO zaino_chain_head_service::service: Syncing block, height: 4382579, hash: 0000030d5a1e33915701e3daa4a0dc391071fd7c1232066b89baae26b04f7d33
1791661091.817751 runnervmmprz5 zainod-0.10.1[2979]:     at packages/zaino-chain-head-service/src/service.rs:478
1791661091.817751 runnervmmprz5 zainod-0.10.1[2979]:     in zaino_chain_head_service::service::ChainHeadService::tick
1791661091.818329 runnervmmprz5 zainod-0.10.1[2979]:   19:38:11.818  INFO zaino_chain_head_service::service: Syncing block, height: 4382580, hash: 0000301d797eb2448e1c048eeaac0fef474de2b912662330903cf455d56beb8f
1791661091.818329 runnervmmprz5 zainod-0.10.1[2979]:     at packages/zaino-chain-head-service/src/service.rs:478
1791661091.818329 runnervmmprz5 zainod-0.10.1[2979]:     in zaino_chain_head_service::service::ChainHeadService::tick
1791661091.818705 runnervmmprz5 zainod-0.10.1[2979]:   19:38:11.818  INFO zaino_chain_head_service::service: Syncing block, height: 4382581, hash: 000028f180c27da4cba69530983eb0c6b2d69a98fc385a615461fd3fe58a3fe1
1791661091.818705 runnervmmprz5 zainod-0.10.1[2979]:     at packages/zaino-chain-head-service/src/service.rs:478
1791661091.818705 runnervmmprz5 zainod-0.10.1[2979]:     in zaino_chain_head_service::service::ChainHeadService::tick
1791661091.819339 runnervmmprz5 zainod-0.10.1[2979]:   19:38:11.819  INFO zaino_chain_head_service::service: Syncing block, height: 4382582, hash: 00001a3658a42d9c3e9d7213557272dc34b8605d7b792fe2c5760b9e9969070e
1791661091.819339 runnervmmprz5 zainod-0.10.1[2979]:     at packages/zaino-chain-head-service/src/service.rs:478
1791661091.819339 runnervmmprz5 zainod-0.10.1[2979]:     in zaino_chain_head_service::service::ChainHeadService::tick
1791661091.820570 runnervmmprz5 zainod-0.10.1[2979]:   19:38:11.820  INFO zaino_chain_head_service::service: Syncing block, height: 4382583, hash: 00004eb6418b5338eff67cef8f1bc1d24397a8f4e0d61992ee9025b03e8b063c
1791661091.820570 runnervmmprz5 zainod-0.10.1[2979]:     at packages/zaino-chain-head-service/src/service.rs:478
1791661091.820570 runnervmmprz5 zainod-0.10.1[2979]:     in zaino_chain_head_service::service::ChainHeadService::tick
1791661091.821271 runnervmmprz5 zainod-0.10.1[2979]:   19:38:11.821  INFO zaino_chain_head_service::service: Syncing block, height: 4382584, hash: 000015ea09763324a7d0d155ff435f5541b72c679617ba7e63d60fd81419d150
1791661091.821271 runnervmmprz5 zainod-0.10.1[2979]:     at packages/zaino-chain-head-service/src/service.rs:478
1791661091.821271 runnervmmprz5 zainod-0.10.1[2979]:     in zaino_chain_head_service::service::ChainHeadService::tick
1791661091.821883 runnervmmprz5 zainod-0.10.1[2979]:   19:38:11.821  INFO zaino_chain_head_service::service: Syncing block, height: 4382585, hash: 00001052124256cad108c66594d4a8074c58ae7a569650af4bbd51480c03f12c
1791661091.821883 runnervmmprz5 zainod-0.10.1[2979]:     at packages/zaino-chain-head-service/src/service.rs:478
1791661091.821883 runnervmmprz5 zainod-0.10.1[2979]:     in zaino_chain_head_service::service::ChainHeadService::tick
1791661091.822481 runnervmmprz5 zainod-0.10.1[2979]:   19:38:11.822  INFO zaino_chain_head_service::service: Syncing block, height: 4382586, hash: 0000643a190288c613530d02df31923c7a09de45fdfc214074a1ccf0aacc386e
1791661091.822481 runnervmmprz5 zainod-0.10.1[2979]:     at packages/zaino-chain-head-service/src/service.rs:478
1791661091.822481 runnervmmprz5 zainod-0.10.1[2979]:     in zaino_chain_head_service::service::ChainHeadService::tick
1791661091.832902 runnervmmprz5 zainod-0.10.1[2979]:   19:38:11.832  INFO zaino_chain_head_service::service: Syncing block, height: 4382587, hash: 00004a06e549c3b7aa080e1f69911710754d68353b9c710ffd0a453f44a3d7a0
1791661091.832902 runnervmmprz5 zainod-0.10.1[2979]:     at packages/zaino-chain-head-service/src/service.rs:478
1791661091.832902 runnervmmprz5 zainod-0.10.1[2979]:     in zaino_chain_head_service::service::ChainHeadService::tick
1791661091.833884 runnervmmprz5 zainod-0.10.1[2979]:   19:38:11.833  INFO zaino_chain_head_service::service: Syncing block, height: 4382588, hash: 00002f5b1051f36dfbf49c0b650afea26ea895dbb40abaf4fc651796fac4529c
1791661091.833884 runnervmmprz5 zainod-0.10.1[2979]:     at packages/zaino-chain-head-service/src/service.rs:478
1791661091.833884 runnervmmprz5 zainod-0.10.1[2979]:     in zaino_chain_head_service::service::ChainHeadService::tick
1791661091.834731 runnervmmprz5 zainod-0.10.1[2979]:   19:38:11.834  INFO zaino_chain_head_service::service: Syncing block, height: 4382589, hash: 0000653ba872145ed5a932445fae5be9f969590e4c12a306054df541da530f67
1791661091.834731 runnervmmprz5 zainod-0.10.1[2979]:     at packages/zaino-chain-head-service/src/service.rs:478
1791661091.834731 runnervmmprz5 zainod-0.10.1[2979]:     in zaino_chain_head_service::service::ChainHeadService::tick
1791661091.835274 runnervmmprz5 zainod-0.10.1[2979]:   19:38:11.835  INFO zaino_chain_head_service::service: Syncing block, height: 4382590, hash: 0000729af070f045cbb7bec10f90f7a3a0439a24e167d9f7574e6cfb46285da6
1791661091.835274 runnervmmprz5 zainod-0.10.1[2979]:     at packages/zaino-chain-head-service/src/service.rs:478
1791661091.835274 runnervmmprz5 zainod-0.10.1[2979]:     in zaino_chain_head_service::service::ChainHeadService::tick
1791661091.835757 runnervmmprz5 zainod-0.10.1[2979]:   19:38:11.835  INFO zaino_chain_head_service::service: Syncing block, height: 4382591, hash: 00005424f408a2d10f5593e4e4f73968367c6c14f772a4aaff071da0b8f6cfc5
1791661091.835757 runnervmmprz5 zainod-0.10.1[2979]:     at packages/zaino-chain-head-service/src/service.rs:478
1791661091.835757 runnervmmprz5 zainod-0.10.1[2979]:     in zaino_chain_head_service::service::ChainHeadService::tick
1791661091.836496 runnervmmprz5 zainod-0.10.1[2979]:   19:38:11.836  INFO zaino_chain_head_service::service: Syncing block, height: 4382592, hash: 000032257ecb09b497e0c26772eff34a77c273c505833e71dfbb195fd555c48a
1791661091.836496 runnervmmprz5 zainod-0.10.1[2979]:     at packages/zaino-chain-head-service/src/service.rs:478
1791661091.836496 runnervmmprz5 zainod-0.10.1[2979]:     in zaino_chain_head_service::service::ChainHeadService::tick
1791661091.836868 runnervmmprz5 zainod-0.10.1[2979]:   19:38:11.836  INFO zaino_chain_head_service::service: Syncing block, height: 4382593, hash: 00006a4acf2cadd987f1c6d8e18b096daa282d1be0a785dfb0374b243cfe8bce
1791661091.836868 runnervmmprz5 zainod-0.10.1[2979]:     at packages/zaino-chain-head-service/src/service.rs:478
1791661091.836868 runnervmmprz5 zainod-0.10.1[2979]:     in zaino_chain_head_service::service::ChainHeadService::tick
1791661091.837210 runnervmmprz5 zainod-0.10.1[2979]:   19:38:11.837  INFO zaino_chain_head_service::service: Syncing block, height: 4382594, hash: 00006c3b9c3941a2d24accb92037fc2c3e1e2026ba5adeb3ee74f405977574dd
1791661091.837210 runnervmmprz5 zainod-0.10.1[2979]:     at packages/zaino-chain-head-service/src/service.rs:478
1791661091.837210 runnervmmprz5 zainod-0.10.1[2979]:     in zaino_chain_head_service::service::ChainHeadService::tick
1791661091.837916 runnervmmprz5 zainod-0.10.1[2979]:   19:38:11.837  INFO zaino_chain_head_service::service: Syncing block, height: 4382595, hash: 00005f9e5def4499b510f3d840ae31045a915c3eaf499a9dab4ddb1857af30f8
1791661091.837916 runnervmmprz5 zainod-0.10.1[2979]:     at packages/zaino-chain-head-service/src/service.rs:478
1791661091.837916 runnervmmprz5 zainod-0.10.1[2979]:     in zaino_chain_head_service::service::ChainHeadService::tick
1791661091.848881 runnervmmprz5 zainod-0.10.1[2979]:   19:38:11.848  INFO zaino_chain_head_service::service: Syncing block, height: 4382596, hash: 000066f1615c6f1d2f67865239c4d82717aaca101515a92a053962338153d0e1
1791661091.848881 runnervmmprz5 zainod-0.10.1[2979]:     at packages/zaino-chain-head-service/src/service.rs:478
1791661091.848881 runnervmmprz5 zainod-0.10.1[2979]:     in zaino_chain_head_service::service::ChainHeadService::tick
1791661091.849660 runnervmmprz5 zainod-0.10.1[2979]:   19:38:11.849  INFO zaino_chain_head_service::service: Syncing block, height: 4382597, hash: 000060fbe6ec62ea43ff78fb215dcd0247f98e9b17476594e4caf729931d9b23
1791661091.849660 runnervmmprz5 zainod-0.10.1[2979]:     at packages/zaino-chain-head-service/src/service.rs:478
1791661091.849660 runnervmmprz5 zainod-0.10.1[2979]:     in zaino_chain_head_service::service::ChainHeadService::tick
1791661091.849947 runnervmmprz5 zainod-0.10.1[2979]:   19:38:11.849  INFO zaino_chain_head_service::service: Syncing block, height: 4382598, hash: 00004ae49c20119e40f19cf8abf3a7f36cfaa216b45099261a61ce8b1ae90fdd
1791661091.849947 runnervmmprz5 zainod-0.10.1[2979]:     at packages/zaino-chain-head-service/src/service.rs:478
1791661091.849947 runnervmmprz5 zainod-0.10.1[2979]:     in zaino_chain_head_service::service::ChainHeadService::tick
1791661091.850538 runnervmmprz5 zainod-0.10.1[2979]:   19:38:11.850  INFO zaino_chain_head_service::service: Syncing block, height: 4382599, hash: 00000ee32adc29dd92c319c556197123c37430cb5f2e13e1380c8d66aa351464
1791661091.850538 runnervmmprz5 zainod-0.10.1[2979]:     at packages/zaino-chain-head-service/src/service.rs:478
1791661091.850538 runnervmmprz5 zainod-0.10.1[2979]:     in zaino_chain_head_service::service::ChainHeadService::tick
1791661091.851240 runnervmmprz5 zainod-0.10.1[2979]:   19:38:11.851  INFO zaino_chain_head_service::service: Syncing block, height: 4382600, hash: 0000594595d738e2054c9b997865549c5ce4b7ee406380b582969f334d98c24b
1791661091.851240 runnervmmprz5 zainod-0.10.1[2979]:     at packages/zaino-chain-head-service/src/service.rs:478
1791661091.851240 runnervmmprz5 zainod-0.10.1[2979]:     in zaino_chain_head_service::service::ChainHeadService::tick
1791661091.852376 runnervmmprz5 zainod-0.10.1[2979]:   19:38:11.852  INFO zaino_chain_head_service::service: Syncing block, height: 4382601, hash: 000055dfa637271081f4063e7e381a09df66e8e6cf2e7accde3b8f09b2f9412a
1791661091.852376 runnervmmprz5 zainod-0.10.1[2979]:     at packages/zaino-chain-head-service/src/service.rs:478
1791661091.852376 runnervmmprz5 zainod-0.10.1[2979]:     in zaino_chain_head_service::service::ChainHeadService::tick
1791661091.852888 runnervmmprz5 zainod-0.10.1[2979]:   19:38:11.852  INFO zaino_chain_head_service::service: Syncing block, height: 4382602, hash: 00005057f845a6a57b7828c3dcb567d6a656feed604b88d9fc04ae398faa8ac5
1791661091.852888 runnervmmprz5 zainod-0.10.1[2979]:     at packages/zaino-chain-head-service/src/service.rs:478
1791661091.852888 runnervmmprz5 zainod-0.10.1[2979]:     in zaino_chain_head_service::service::ChainHeadService::tick
1791661091.853611 runnervmmprz5 zainod-0.10.1[2979]:   19:38:11.853  INFO zaino_chain_head_service::service: Syncing block, height: 4382603, hash: 0000460c372c86dc3cf6c4a2e9f465aa558a6c9fc2f1ad77ac2b118496cab834
1791661091.853611 runnervmmprz5 zainod-0.10.1[2979]:     at packages/zaino-chain-head-service/src/service.rs:478
1791661091.853611 runnervmmprz5 zainod-0.10.1[2979]:     in zaino_chain_head_service::service::ChainHeadService::tick
1791661091.853888 runnervmmprz5 zainod-0.10.1[2979]:   19:38:11.853  INFO zaino_chain_head_service::service: Syncing block, height: 4382604, hash: 00000ff89feea46bc5e2cc69d1f15ca00b7a66c7576abad179531be589d169d2
1791661091.853888 runnervmmprz5 zainod-0.10.1[2979]:     at packages/zaino-chain-head-service/src/service.rs:478
1791661091.853888 runnervmmprz5 zainod-0.10.1[2979]:     in zaino_chain_head_service::service::ChainHeadService::tick
1791661091.854630 runnervmmprz5 zainod-0.10.1[2979]:   19:38:11.854  INFO zaino_chain_head_service::service: Syncing block, height: 4382605, hash: 000061f6d7f1025b208c6130db3d981c2e1acd5c90c61a5e2142802b663b504d
1791661091.854630 runnervmmprz5 zainod-0.10.1[2979]:     at packages/zaino-chain-head-service/src/service.rs:478
1791661091.854630 runnervmmprz5 zainod-0.10.1[2979]:     in zaino_chain_head_service::service::ChainHeadService::tick
1791661091.867130 runnervmmprz5 zainod-0.10.1[2979]:   19:38:11.867  INFO zaino_chain_head_service::service: Syncing block, height: 4382606, hash: 000052862a55511581a9171c62a8de88c93007e44daffe6e0a1c7234d10f06a7
1791661091.867130 runnervmmprz5 zainod-0.10.1[2979]:     at packages/zaino-chain-head-service/src/service.rs:478
1791661091.867130 runnervmmprz5 zainod-0.10.1[2979]:     in zaino_chain_head_service::service::ChainHeadService::tick
1791661091.867760 runnervmmprz5 zainod-0.10.1[2979]:   19:38:11.867  INFO zaino_chain_head_service::service: Syncing block, height: 4382607, hash: 000071f599aa84b3a40d05fc35fc65bd941c37347f9ab995fea68a3f8dbecb84
1791661091.867760 runnervmmprz5 zainod-0.10.1[2979]:     at packages/zaino-chain-head-service/src/service.rs:478
1791661091.867760 runnervmmprz5 zainod-0.10.1[2979]:     in zaino_chain_head_service::service::ChainHeadService::tick
1791661091.868872 runnervmmprz5 zainod-0.10.1[2979]:   19:38:11.868  INFO zaino_chain_head_service::service: Syncing block, height: 4382608, hash: 0000463e8dd4f6a646c2d993a4cc617f1d88990caf0e5a9256971a6b60123751
1791661091.868872 runnervmmprz5 zainod-0.10.1[2979]:     at packages/zaino-chain-head-service/src/service.rs:478
1791661091.868872 runnervmmprz5 zainod-0.10.1[2979]:     in zaino_chain_head_service::service::ChainHeadService::tick
1791661091.869424 runnervmmprz5 zainod-0.10.1[2979]:   19:38:11.869  INFO zaino_chain_head_service::service: Syncing block, height: 4382609, hash: 00004e608a03dcf0a6428394b401ebf6f9e024d4ae14103f3cf72276b0cf2c0f
1791661091.869424 runnervmmprz5 zainod-0.10.1[2979]:     at packages/zaino-chain-head-service/src/service.rs:478
1791661091.869424 runnervmmprz5 zainod-0.10.1[2979]:     in zaino_chain_head_service::service::ChainHeadService::tick
1791661091.869736 runnervmmprz5 zainod-0.10.1[2979]:   19:38:11.869  INFO zaino_chain_head_service::service: Syncing block, height: 4382610, hash: 000018be246283abddfebccb1ba5067be8af29cb93303ac969555c11e2c9b2e9
1791661091.869736 runnervmmprz5 zainod-0.10.1[2979]:     at packages/zaino-chain-head-service/src/service.rs:478
1791661091.869736 runnervmmprz5 zainod-0.10.1[2979]:     in zaino_chain_head_service::service::ChainHeadService::tick
1791661091.870482 runnervmmprz5 zainod-0.10.1[2979]:   19:38:11.870  INFO zaino_chain_head_service::service: Syncing block, height: 4382611, hash: 00003bd90109794491cac1cc5181f924d9a559aa6c6d56314da8f086605d0d20
1791661091.870482 runnervmmprz5 zainod-0.10.1[2979]:     at packages/zaino-chain-head-service/src/service.rs:478
1791661091.870482 runnervmmprz5 zainod-0.10.1[2979]:     in zaino_chain_head_service::service::ChainHeadService::tick
1791661091.871055 runnervmmprz5 zainod-0.10.1[2979]:   19:38:11.871  INFO zaino_chain_head_service::service: Syncing block, height: 4382612, hash: 00002a1a394bffb83fd46f69f2e010467b00015a6170cec0daf0de90c15e805a
1791661091.871055 runnervmmprz5 zainod-0.10.1[2979]:     at packages/zaino-chain-head-service/src/service.rs:478
1791661091.871055 runnervmmprz5 zainod-0.10.1[2979]:     in zaino_chain_head_service::service::ChainHeadService::tick
1791661091.872041 runnervmmprz5 zainod-0.10.1[2979]:   19:38:11.872  INFO zaino_chain_head_service::service: Syncing block, height: 4382613, hash: 00003db8052622e78f89d2c0b1bf874bfd0a3f4e9a25312f1aa2a84dce236ab0
1791661091.872041 runnervmmprz5 zainod-0.10.1[2979]:     at packages/zaino-chain-head-service/src/service.rs:478
1791661091.872041 runnervmmprz5 zainod-0.10.1[2979]:     in zaino_chain_head_service::service::ChainHeadService::tick
1791661091.879621 runnervmmprz5 zainod-0.10.1[2979]:   19:38:11.879  INFO zaino_chain_head_service::service: Syncing block, height: 4382614, hash: 0000551e972354db790231f05e75b1ade4dcaaffcd2c6f65bbff32e1dc662fe0
1791661091.879621 runnervmmprz5 zainod-0.10.1[2979]:     at packages/zaino-chain-head-service/src/service.rs:478
1791661091.879621 runnervmmprz5 zainod-0.10.1[2979]:     in zaino_chain_head_service::service::ChainHeadService::tick
1791661091.880990 runnervmmprz5 zainod-0.10.1[2979]:   19:38:11.880  INFO zaino_chain_head_service::service: Syncing block, height: 4382615, hash: 00011f9c2db474d5541dffafe018c755bd8a02ec19bf45d4caee6d71c34b0d54
1791661091.880990 runnervmmprz5 zainod-0.10.1[2979]:     at packages/zaino-chain-head-service/src/service.rs:478
1791661091.880990 runnervmmprz5 zainod-0.10.1[2979]:     in zaino_chain_head_service::service::ChainHeadService::tick
1791661091.881619 runnervmmprz5 zainod-0.10.1[2979]:   19:38:11.881  INFO zaino_chain_head_service::service: Syncing block, height: 4382616, hash: 00005c60eb8d274f5181870e753a091b666074e3b5171a3336c025bbbd312eb2
1791661091.881619 runnervmmprz5 zainod-0.10.1[2979]:     at packages/zaino-chain-head-service/src/service.rs:478
1791661091.881619 runnervmmprz5 zainod-0.10.1[2979]:     in zaino_chain_head_service::service::ChainHeadService::tick
1791661091.882143 runnervmmprz5 zainod-0.10.1[2979]:   19:38:11.881  INFO zaino_chain_head_service::service: Syncing block, height: 4382617, hash: 0000147b95e237af9bca0981ea67b819dd250c819e2098daf2fef03de83792fa
1791661091.882143 runnervmmprz5 zainod-0.10.1[2979]:     at packages/zaino-chain-head-service/src/service.rs:478
1791661091.882143 runnervmmprz5 zainod-0.10.1[2979]:     in zaino_chain_head_service::service::ChainHeadService::tick
1791661091.882840 runnervmmprz5 zainod-0.10.1[2979]:   19:38:11.882  INFO zaino_chain_head_service::service: Syncing block, height: 4382618, hash: 000015f6e1ed1f8ba5107cba65bbdcfbd20bd148cda6ae3c8020de1b61d6236f
1791661091.882840 runnervmmprz5 zainod-0.10.1[2979]:     at packages/zaino-chain-head-service/src/service.rs:478
1791661091.882840 runnervmmprz5 zainod-0.10.1[2979]:     in zaino_chain_head_service::service::ChainHeadService::tick
1791661091.883438 runnervmmprz5 zainod-0.10.1[2979]:   19:38:11.883  INFO zaino_chain_head_service::service: Syncing block, height: 4382619, hash: 00000bc0bec815fe1809bccea88624320b0ff7056fac76aa01bb1a2cc42cf3e4
1791661091.883438 runnervmmprz5 zainod-0.10.1[2979]:     at packages/zaino-chain-head-service/src/service.rs:478
1791661091.883438 runnervmmprz5 zainod-0.10.1[2979]:     in zaino_chain_head_service::service::ChainHeadService::tick
1791661091.884929 runnervmmprz5 zainod-0.10.1[2979]:   19:38:11.884  INFO zaino_chain_head_service::service: Syncing block, height: 4382620, hash: 000073a4c33fc990af917704d6415b308ae06e47d7d6e8ad1f8884cd0bfab5e8
1791661091.884929 runnervmmprz5 zainod-0.10.1[2979]:     at packages/zaino-chain-head-service/src/service.rs:478
1791661091.884929 runnervmmprz5 zainod-0.10.1[2979]:     in zaino_chain_head_service::service::ChainHeadService::tick
1791661091.884929 runnervmmprz5 zainod-0.10.1[2979]:   19:38:11.884  INFO zaino_chain_head_service::service: Syncing block, height: 4382621, hash: 0000417d402a9665a85a117b6c4d7b59dfda25ea8a231815338b3c8f835280d1
1791661091.884929 runnervmmprz5 zainod-0.10.1[2979]:     at packages/zaino-chain-head-service/src/service.rs:478
1791661091.884929 runnervmmprz5 zainod-0.10.1[2979]:     in zaino_chain_head_service::service::ChainHeadService::tick
1791661091.886871 runnervmmprz5 zainod-0.10.1[2979]:   19:38:11.886  INFO zaino_chain_head_service::service: Syncing block, height: 4382622, hash: 00004f7a30b21111250f44c5e452c604492669169fb1d139c368efdbdbbbfcba
1791661091.886871 runnervmmprz5 zainod-0.10.1[2979]:     at packages/zaino-chain-head-service/src/service.rs:478
1791661091.886871 runnervmmprz5 zainod-0.10.1[2979]:     in zaino_chain_head_service::service::ChainHeadService::tick
1791661091.887610 runnervmmprz5 zainod-0.10.1[2979]:   19:38:11.887  INFO zaino_chain_head_service::service: Syncing block, height: 4382623, hash: 0000728ae0cde1681d7a2dee328411bb9f292bbef25eeccb94809e744a10f7ce
1791661091.887610 runnervmmprz5 zainod-0.10.1[2979]:     at packages/zaino-chain-head-service/src/service.rs:478
1791661091.887610 runnervmmprz5 zainod-0.10.1[2979]:     in zaino_chain_head_service::service::ChainHeadService::tick
1791661091.889959 runnervmmprz5 zainod-0.10.1[2979]:   19:38:11.889  INFO zaino_chain_head_service::service: Syncing block, height: 4382624, hash: 00004c2b769e203d4951aaff8de375d1e2efb646dc01435369c601c8ce3053e8
1791661091.889959 runnervmmprz5 zainod-0.10.1[2979]:     at packages/zaino-chain-head-service/src/service.rs:478
1791661091.889959 runnervmmprz5 zainod-0.10.1[2979]:     in zaino_chain_head_service::service::ChainHeadService::tick
1791661091.898299 runnervmmprz5 zainod-0.10.1[2979]:   19:38:11.898  INFO zaino_chain_head_service::service: Syncing block, height: 4382625, hash: 00007c847b454e077e30ec7bb008d287832abefb984420dde07c9cddfd210f77
1791661091.898299 runnervmmprz5 zainod-0.10.1[2979]:     at packages/zaino-chain-head-service/src/service.rs:478
1791661091.898299 runnervmmprz5 zainod-0.10.1[2979]:     in zaino_chain_head_service::service::ChainHeadService::tick
1791661091.899039 runnervmmprz5 zainod-0.10.1[2979]:   19:38:11.898  INFO zaino_chain_head_service::service: Syncing block, height: 4382626, hash: 00004e5faecc7ccc07af49672a12989aafeddf58791d91c39e3916139e82f92c
1791661091.899039 runnervmmprz5 zainod-0.10.1[2979]:     at packages/zaino-chain-head-service/src/service.rs:478
1791661091.899039 runnervmmprz5 zainod-0.10.1[2979]:     in zaino_chain_head_service::service::ChainHeadService::tick
1791661091.899551 runnervmmprz5 zainod-0.10.1[2979]:   19:38:11.899  INFO zaino_chain_head_service::service: Syncing block, height: 4382627, hash: 00007954ad3289d4300169cd0edbdfceec1048d2a67cb1bc1ad5d84c20a1af49
1791661091.899551 runnervmmprz5 zainod-0.10.1[2979]:     at packages/zaino-chain-head-service/src/service.rs:478
1791661091.899551 runnervmmprz5 zainod-0.10.1[2979]:     in zaino_chain_head_service::service::ChainHeadService::tick
1791661091.900198 runnervmmprz5 zainod-0.10.1[2979]:   19:38:11.900  INFO zaino_chain_head_service::service: Syncing block, height: 4382628, hash: 000015fcda9a2ebe39bc8f459fa3f7aaeb960f10c3b135aa845cc89935e22689
1791661091.900198 runnervmmprz5 zainod-0.10.1[2979]:     at packages/zaino-chain-head-service/src/service.rs:478
1791661091.900198 runnervmmprz5 zainod-0.10.1[2979]:     in zaino_chain_head_service::service::ChainHeadService::tick
1791661091.900484 runnervmmprz5 zainod-0.10.1[2979]:   19:38:11.900  INFO zaino_chain_head_service::service: Syncing block, height: 4382629, hash: 00002de390ba5998dd13d046e33b55e2ae4ef20b8e17742c0b5b0c0e89a0ebf0
1791661091.900484 runnervmmprz5 zainod-0.10.1[2979]:     at packages/zaino-chain-head-service/src/service.rs:478
1791661091.900484 runnervmmprz5 zainod-0.10.1[2979]:     in zaino_chain_head_service::service::ChainHeadService::tick
1791661091.900917 runnervmmprz5 zainod-0.10.1[2979]:   19:38:11.900  INFO zaino_chain_head_service::service: Syncing block, height: 4382630, hash: 000044b71a19c9a4060ae31c8625d86f5ed086baff067c53e7db69de74c512ce
1791661091.900917 runnervmmprz5 zainod-0.10.1[2979]:     at packages/zaino-chain-head-service/src/service.rs:478
1791661091.900917 runnervmmprz5 zainod-0.10.1[2979]:     in zaino_chain_head_service::service::ChainHeadService::tick
1791661091.901470 runnervmmprz5 zainod-0.10.1[2979]:   19:38:11.901  INFO zaino_chain_head_service::service: Syncing block, height: 4382631, hash: 0000448bd5ed41823b440bc603b83d7186788e1f43793c5258ab006b962110d4
1791661091.901470 runnervmmprz5 zainod-0.10.1[2979]:     at packages/zaino-chain-head-service/src/service.rs:478
1791661091.901470 runnervmmprz5 zainod-0.10.1[2979]:     in zaino_chain_head_service::service::ChainHeadService::tick
1791661091.902205 runnervmmprz5 zainod-0.10.1[2979]:   19:38:11.902  INFO zaino_chain_head_service::service: Syncing block, height: 4382632, hash: 00006a7bd9002589e5a8f82704bb9bfea80cb5e8a6b6538a206c327fca4a0226
1791661091.902205 runnervmmprz5 zainod-0.10.1[2979]:     at packages/zaino-chain-head-service/src/service.rs:478
1791661091.902205 runnervmmprz5 zainod-0.10.1[2979]:     in zaino_chain_head_service::service::ChainHeadService::tick
1791661091.902869 runnervmmprz5 zainod-0.10.1[2979]:   19:38:11.902  INFO zaino_chain_head_service::service: Syncing block, height: 4382633, hash: 0000130cdabc9bcd4ee68a803816a0957b738c9a72c6750be5a08af6750faf6e
1791661091.902869 runnervmmprz5 zainod-0.10.1[2979]:     at packages/zaino-chain-head-service/src/service.rs:478
1791661091.902869 runnervmmprz5 zainod-0.10.1[2979]:     in zaino_chain_head_service::service::ChainHeadService::tick
1791661091.903497 runnervmmprz5 zainod-0.10.1[2979]:   19:38:11.903  INFO zaino_chain_head_service::service: Syncing block, height: 4382634, hash: 000000f98c96d29f6bba1a8f80c5effc02b0594c1d3696bff7b06105b0f13a37
1791661091.903497 runnervmmprz5 zainod-0.10.1[2979]:     at packages/zaino-chain-head-service/src/service.rs:478
1791661091.903497 runnervmmprz5 zainod-0.10.1[2979]:     in zaino_chain_head_service::service::ChainHeadService::tick
1791661091.903933 runnervmmprz5 zainod-0.10.1[2979]:   19:38:11.903  INFO zaino_chain_head_service::service: Syncing block, height: 4382635, hash: 0000638cf31ddedc1b432a1bbab7b577af0dd11cff9a10bdc62bcc19c8a64d59
1791661091.903933 runnervmmprz5 zainod-0.10.1[2979]:     at packages/zaino-chain-head-service/src/service.rs:478
1791661091.903933 runnervmmprz5 zainod-0.10.1[2979]:     in zaino_chain_head_service::service::ChainHeadService::tick
1791661091.904537 runnervmmprz5 zainod-0.10.1[2979]:   19:38:11.904  INFO zaino_chain_head_service::service: Syncing block, height: 4382636, hash: 00004707b86eb5fdeb23644b9b3670e522ef2894baaa406a41df1940b840526e
1791661091.904537 runnervmmprz5 zainod-0.10.1[2979]:     at packages/zaino-chain-head-service/src/service.rs:478
1791661091.904537 runnervmmprz5 zainod-0.10.1[2979]:     in zaino_chain_head_service::service::ChainHeadService::tick
1791661091.915286 runnervmmprz5 zainod-0.10.1[2979]:   19:38:11.915  INFO zaino_chain_head_service::service: Syncing block, height: 4382637, hash: 00007d51feab1379c6a0bd0768f5414d3008f7c38574d510385b1a53fbad29b3
1791661091.915286 runnervmmprz5 zainod-0.10.1[2979]:     at packages/zaino-chain-head-service/src/service.rs:478
1791661091.915286 runnervmmprz5 zainod-0.10.1[2979]:     in zaino_chain_head_service::service::ChainHeadService::tick
1791661091.916143 runnervmmprz5 zainod-0.10.1[2979]:   19:38:11.916  INFO zaino_chain_head_service::service: Syncing block, height: 4382638, hash: 0000017133d593b1b5c7fd6a9b3e268f8734bd32a853567d0c3dc31f48f53669
1791661091.916143 runnervmmprz5 zainod-0.10.1[2979]:     at packages/zaino-chain-head-service/src/service.rs:478
1791661091.916143 runnervmmprz5 zainod-0.10.1[2979]:     in zaino_chain_head_service::service::ChainHeadService::tick
1791661091.916726 runnervmmprz5 zainod-0.10.1[2979]:   19:38:11.916  INFO zaino_chain_head_service::service: Syncing block, height: 4382639, hash: 0000149f66bef9aafe740a80e893eeea2add7ca2fe3dbbde41c11096984fb8e2
1791661091.916726 runnervmmprz5 zainod-0.10.1[2979]:     at packages/zaino-chain-head-service/src/service.rs:478
1791661091.916726 runnervmmprz5 zainod-0.10.1[2979]:     in zaino_chain_head_service::service::ChainHeadService::tick
1791661091.917560 runnervmmprz5 zainod-0.10.1[2979]:   19:38:11.917  INFO zaino_chain_head_service::service: Syncing block, height: 4382640, hash: 0000342b40a6e1dc67768e7c167eac98fec87f9e9bd5ea0719e9fb400ed47066
1791661091.917560 runnervmmprz5 zainod-0.10.1[2979]:     at packages/zaino-chain-head-service/src/service.rs:478
1791661091.917560 runnervmmprz5 zainod-0.10.1[2979]:     in zaino_chain_head_service::service::ChainHeadService::tick
1791661091.917871 runnervmmprz5 zainod-0.10.1[2979]:   19:38:11.917  INFO zaino_chain_head_service::service: Syncing block, height: 4382641, hash: 0000228daa2acc2fff089e134f048800183085d5e264f116810741eb6a7e3f54
1791661091.917871 runnervmmprz5 zainod-0.10.1[2979]:     at packages/zaino-chain-head-service/src/service.rs:478
1791661091.917871 runnervmmprz5 zainod-0.10.1[2979]:     in zaino_chain_head_service::service::ChainHeadService::tick
1791661091.918716 runnervmmprz5 zainod-0.10.1[2979]:   19:38:11.918  INFO zaino_chain_head_service::service: Syncing block, height: 4382642, hash: 000061895f6243dcb85df08d9a54d3a47d8298c9754f74219f6b854675597f01
1791661091.918716 runnervmmprz5 zainod-0.10.1[2979]:     at packages/zaino-chain-head-service/src/service.rs:478
1791661091.918716 runnervmmprz5 zainod-0.10.1[2979]:     in zaino_chain_head_service::service::ChainHeadService::tick
1791661091.919294 runnervmmprz5 zainod-0.10.1[2979]:   19:38:11.919  INFO zaino_chain_head_service::service: Syncing block, height: 4382643, hash: 0000422fd12dc30caff4ccc118a614ad028bb1c649809d108a61fd72b6015e33
1791661091.919294 runnervmmprz5 zainod-0.10.1[2979]:     at packages/zaino-chain-head-service/src/service.rs:478
1791661091.919294 runnervmmprz5 zainod-0.10.1[2979]:     in zaino_chain_head_service::service::ChainHeadService::tick
1791661091.919867 runnervmmprz5 zainod-0.10.1[2979]:   19:38:11.919  INFO zaino_chain_head_service::service: Syncing block, height: 4382644, hash: 000069ac6bcfb077e3241f8e7895e306149c719a4ca7069ca2d929c297af3386
1791661091.919867 runnervmmprz5 zainod-0.10.1[2979]:     at packages/zaino-chain-head-service/src/service.rs:478
1791661091.919867 runnervmmprz5 zainod-0.10.1[2979]:     in zaino_chain_head_service::service::ChainHeadService::tick
1791661091.920301 runnervmmprz5 zainod-0.10.1[2979]:   19:38:11.920  INFO zaino_chain_head_service::service: Syncing block, height: 4382645, hash: 00000de1b6cf868aa346a2524e2334a8effabfa4d88b0474d991a3f8ea367148
1791661091.920301 runnervmmprz5 zainod-0.10.1[2979]:     at packages/zaino-chain-head-service/src/service.rs:478
1791661091.920301 runnervmmprz5 zainod-0.10.1[2979]:     in zaino_chain_head_service::service::ChainHeadService::tick
1791661091.920843 runnervmmprz5 zainod-0.10.1[2979]:   19:38:11.920  INFO zaino_chain_head_service::service: Syncing block, height: 4382646, hash: 000049bc86df95c034461f006e59cda87bc1bfc71d877c1bbebec1a2d0ec69e0
1791661091.920843 runnervmmprz5 zainod-0.10.1[2979]:     at packages/zaino-chain-head-service/src/service.rs:478
1791661091.920843 runnervmmprz5 zainod-0.10.1[2979]:     in zaino_chain_head_service::service::ChainHeadService::tick
1791661091.921540 runnervmmprz5 zainod-0.10.1[2979]:   19:38:11.921  INFO zaino_chain_head_service::service: Syncing block, height: 4382647, hash: 00004f43704b210c6cd9667cca87bf3acc3a01f45857697a91f16cdc82bf887b
1791661091.921540 runnervmmprz5 zainod-0.10.1[2979]:     at packages/zaino-chain-head-service/src/service.rs:478
1791661091.921540 runnervmmprz5 zainod-0.10.1[2979]:     in zaino_chain_head_service::service::ChainHeadService::tick
1791661091.932244 runnervmmprz5 zainod-0.10.1[2979]:   19:38:11.932  INFO zaino_chain_head_service::service: Syncing block, height: 4382648, hash: 00003bc37b71a3c68f731d2e984798394eeeb8337dccba46abfe51e4d7baa3a9
1791661091.932244 runnervmmprz5 zainod-0.10.1[2979]:     at packages/zaino-chain-head-service/src/service.rs:478
1791661091.932244 runnervmmprz5 zainod-0.10.1[2979]:     in zaino_chain_head_service::service::ChainHeadService::tick
1791661091.934910 runnervmmprz5 zainod-0.10.1[2979]:   19:38:11.932  INFO zaino_chain_head_service::service: Syncing block, height: 4382649, hash: 0000776498b3de58831aee6d471270ced86e5b259625bb12bd0636a6dbf72de3
1791661091.934910 runnervmmprz5 zainod-0.10.1[2979]:     at packages/zaino-chain-head-service/src/service.rs:478
1791661091.934910 runnervmmprz5 zainod-0.10.1[2979]:     in zaino_chain_head_service::service::ChainHeadService::tick
1791661091.934910 runnervmmprz5 zainod-0.10.1[2979]:   19:38:11.933  INFO zaino_chain_head_service::service: Syncing block, height: 4382650, hash: 0000796fcba65f4506c4525c1684c680b874bb6342065549c4e190a5eecac0a4
1791661091.934910 runnervmmprz5 zainod-0.10.1[2979]:     at packages/zaino-chain-head-service/src/service.rs:478
1791661091.934910 runnervmmprz5 zainod-0.10.1[2979]:     in zaino_chain_head_service::service::ChainHeadService::tick
1791661091.934910 runnervmmprz5 zainod-0.10.1[2979]:   19:38:11.934  INFO zaino_chain_head_service::service: Syncing block, height: 4382651, hash: 000039038c74ad69588ff061dd928cf228c7f567fb01f65adefcf0f76156d485
1791661091.934910 runnervmmprz5 zainod-0.10.1[2979]:     at packages/zaino-chain-head-service/src/service.rs:478
1791661091.934910 runnervmmprz5 zainod-0.10.1[2979]:     in zaino_chain_head_service::service::ChainHeadService::tick
1791661091.934910 runnervmmprz5 zainod-0.10.1[2979]:   19:38:11.934  INFO zaino_chain_head_service::service: Syncing block, height: 4382652, hash: 00002541a250b2e2ec645f6a4559a5516b80479797531ba67658eb3b41e2d783
1791661091.934910 runnervmmprz5 zainod-0.10.1[2979]:     at packages/zaino-chain-head-service/src/service.rs:478
1791661091.934910 runnervmmprz5 zainod-0.10.1[2979]:     in zaino_chain_head_service::service::ChainHeadService::tick
1791661091.936251 runnervmmprz5 zainod-0.10.1[2979]:   19:38:11.936  INFO zaino_chain_head_service::service: Syncing block, height: 4382653, hash: 000076a19b055633adc8369ff47d03be1e8d68de9ebcca3cf5bac686343ac8d9
1791661091.936251 runnervmmprz5 zainod-0.10.1[2979]:     at packages/zaino-chain-head-service/src/service.rs:478
1791661091.936251 runnervmmprz5 zainod-0.10.1[2979]:     in zaino_chain_head_service::service::ChainHeadService::tick
1791661091.937289 runnervmmprz5 zainod-0.10.1[2979]:   19:38:11.937  INFO zaino_chain_head_service::service: Syncing block, height: 4382654, hash: 000000b1922e2034f4ca9f77e69a1fef66ee274a4a6b516d3ed3ef30a80c52df
1791661091.937289 runnervmmprz5 zainod-0.10.1[2979]:     at packages/zaino-chain-head-service/src/service.rs:478
1791661091.937289 runnervmmprz5 zainod-0.10.1[2979]:     in zaino_chain_head_service::service::ChainHeadService::tick
1791661091.937582 runnervmmprz5 zainod-0.10.1[2979]:   19:38:11.937  INFO zaino_chain_head_service::service: Syncing block, height: 4382655, hash: 0000208de1409b9c139533695e168908f5bbbd1248aaaf8a0dce524726af11d2
1791661091.937582 runnervmmprz5 zainod-0.10.1[2979]:     at packages/zaino-chain-head-service/src/service.rs:478
1791661091.937582 runnervmmprz5 zainod-0.10.1[2979]:     in zaino_chain_head_service::service::ChainHeadService::tick
1791661091.949597 runnervmmprz5 zainod-0.10.1[2979]:   19:38:11.949  INFO zaino_chain_head_service::service: Syncing block, height: 4382656, hash: 0000004bb395eeafb8a0ea96d504493fa1ac9dd87e74ff5f5228003c60f68b9c
1791661091.949597 runnervmmprz5 zainod-0.10.1[2979]:     at packages/zaino-chain-head-service/src/service.rs:478
1791661091.949597 runnervmmprz5 zainod-0.10.1[2979]:     in zaino_chain_head_service::service::ChainHeadService::tick
1791661091.950303 runnervmmprz5 zainod-0.10.1[2979]:   19:38:11.950  INFO zaino_chain_head_service::service: Syncing block, height: 4382657, hash: 000056f8621980d43a4451201c4fcb388de324bc949b6e9ef7d9612623aa06fd
1791661091.950303 runnervmmprz5 zainod-0.10.1[2979]:     at packages/zaino-chain-head-service/src/service.rs:478
1791661091.950303 runnervmmprz5 zainod-0.10.1[2979]:     in zaino_chain_head_service::service::ChainHeadService::tick
1791661091.950636 runnervmmprz5 zainod-0.10.1[2979]:   19:38:11.950  INFO zaino_chain_head_service::service: Syncing block, height: 4382658, hash: 000054d15e07b0b550190906dd6315d49a9e6bfa65a0f837956a343b88b772a9
1791661091.950636 runnervmmprz5 zainod-0.10.1[2979]:     at packages/zaino-chain-head-service/src/service.rs:478
1791661091.950636 runnervmmprz5 zainod-0.10.1[2979]:     in zaino_chain_head_service::service::ChainHeadService::tick
1791661091.951245 runnervmmprz5 zainod-0.10.1[2979]:   19:38:11.951  INFO zaino_chain_head_service::service: Syncing block, height: 4382659, hash: 00000fdb867572ec4a6a2497dfb8d17f26829fc82ddd47b78865d7db149db90f
1791661091.951245 runnervmmprz5 zainod-0.10.1[2979]:     at packages/zaino-chain-head-service/src/service.rs:478
1791661091.951245 runnervmmprz5 zainod-0.10.1[2979]:     in zaino_chain_head_service::service::ChainHeadService::tick
1791661091.953869 runnervmmprz5 zainod-0.10.1[2979]:   19:38:11.951  INFO zaino_chain_head_service::service: Syncing block, height: 4382660, hash: 00006ab4e02f5f31d9b75ac3b511e694d542b4cc4e826127c35c6c6f1f6401a3
1791661091.953869 runnervmmprz5 zainod-0.10.1[2979]:     at packages/zaino-chain-head-service/src/service.rs:478
1791661091.953869 runnervmmprz5 zainod-0.10.1[2979]:     in zaino_chain_head_service::service::ChainHeadService::tick
1791661091.953869 runnervmmprz5 zainod-0.10.1[2979]:   19:38:11.952  INFO zaino_chain_head_service::service: Syncing block, height: 4382661, hash: 00005347a907d810b6df383cdb75b718ba6fde22c3f75ecc31f175cf79c9a2d9
1791661091.953869 runnervmmprz5 zainod-0.10.1[2979]:     at packages/zaino-chain-head-service/src/service.rs:478
1791661091.953869 runnervmmprz5 zainod-0.10.1[2979]:     in zaino_chain_head_service::service::ChainHeadService::tick
1791661091.953869 runnervmmprz5 zainod-0.10.1[2979]:   19:38:11.952  INFO zaino_chain_head_service::service: Syncing block, height: 4382662, hash: 00005f711129169ed26ffe00bd80c26e182e00731306b75d424da56ebd2c7bc5
1791661091.953869 runnervmmprz5 zainod-0.10.1[2979]:     at packages/zaino-chain-head-service/src/service.rs:478
1791661091.953869 runnervmmprz5 zainod-0.10.1[2979]:     in zaino_chain_head_service::service::ChainHeadService::tick
1791661091.953869 runnervmmprz5 zainod-0.10.1[2979]:   19:38:11.953  INFO zaino_chain_head_service::service: Syncing block, height: 4382663, hash: 00000ed73c3a4f470b15c9e35520c3907cb7a72a2a9304c9617e6a56305ae000
1791661091.953869 runnervmmprz5 zainod-0.10.1[2979]:     at packages/zaino-chain-head-service/src/service.rs:478
1791661091.953869 runnervmmprz5 zainod-0.10.1[2979]:     in zaino_chain_head_service::service::ChainHeadService::tick
1791661091.954671 runnervmmprz5 zainod-0.10.1[2979]:   19:38:11.954  INFO zaino_chain_head_service::service: Syncing block, height: 4382664, hash: 0000269a1c4fffe954730f6debd7bfb3a0c655fb4a5952d5c911f0233f0ffd4a
1791661091.954671 runnervmmprz5 zainod-0.10.1[2979]:     at packages/zaino-chain-head-service/src/service.rs:478
1791661091.954671 runnervmmprz5 zainod-0.10.1[2979]:     in zaino_chain_head_service::service::ChainHeadService::tick
1791661091.958841 runnervmmprz5 zainod-0.10.1[2979]:   19:38:11.958  INFO zaino_chain_head_service::service: Syncing block, height: 4382665, hash: 00002878afeebfc5b510863d85431df2f9516994d0d2b7c7ee21d28811d6a3fd
1791661091.958841 runnervmmprz5 zainod-0.10.1[2979]:     at packages/zaino-chain-head-service/src/service.rs:478
1791661091.958841 runnervmmprz5 zainod-0.10.1[2979]:     in zaino_chain_head_service::service::ChainHeadService::tick
1791661091.959712 runnervmmprz5 zainod-0.10.1[2979]:   19:38:11.959  INFO zaino_chain_head_service::service: Syncing block, height: 4382666, hash: 0000335f9a26953ded6dc6c3d5ff0684a8c58df66042420405590ae83d182573
1791661091.959712 runnervmmprz5 zainod-0.10.1[2979]:     at packages/zaino-chain-head-service/src/service.rs:478
1791661091.959712 runnervmmprz5 zainod-0.10.1[2979]:     in zaino_chain_head_service::service::ChainHeadService::tick
1791661091.968977 runnervmmprz5 zainod-0.10.1[2979]:   19:38:11.968  INFO zaino_chain_head_service::service: Syncing block, height: 4382667, hash: 0000431e59bcd8f8764333499dd03eda378667b3f98a3f8e06821f06dd8261de
1791661091.968977 runnervmmprz5 zainod-0.10.1[2979]:     at packages/zaino-chain-head-service/src/service.rs:478
1791661091.968977 runnervmmprz5 zainod-0.10.1[2979]:     in zaino_chain_head_service::service::ChainHeadService::tick
1791661091.969293 runnervmmprz5 zainod-0.10.1[2979]:   19:38:11.969  INFO zaino_chain_head_service::service: Syncing block, height: 4382668, hash: 00003cfc3fe4e52b621bd607e662046e9d78750c1296e0c97a71f016c7fbf6ea
1791661091.969293 runnervmmprz5 zainod-0.10.1[2979]:     at packages/zaino-chain-head-service/src/service.rs:478
1791661091.969293 runnervmmprz5 zainod-0.10.1[2979]:     in zaino_chain_head_service::service::ChainHeadService::tick
1791661091.969907 runnervmmprz5 zainod-0.10.1[2979]:   19:38:11.969  INFO zaino_chain_head_service::service: Syncing block, height: 4382669, hash: 00001ec96e5da1ec8cf2e9cea46cdacc3400b027159c039e06fa2bd977a14495
1791661091.969907 runnervmmprz5 zainod-0.10.1[2979]:     at packages/zaino-chain-head-service/src/service.rs:478
1791661091.969907 runnervmmprz5 zainod-0.10.1[2979]:     in zaino_chain_head_service::service::ChainHeadService::tick
1791661091.970330 runnervmmprz5 zainod-0.10.1[2979]:   19:38:11.970  INFO zaino_chain_head_service::service: Syncing block, height: 4382670, hash: 00004e185aff20be0c20332fdcb06b73e558f8b9865c18c366d2d851cbc56028
1791661091.970330 runnervmmprz5 zainod-0.10.1[2979]:     at packages/zaino-chain-head-service/src/service.rs:478
1791661091.970330 runnervmmprz5 zainod-0.10.1[2979]:     in zaino_chain_head_service::service::ChainHeadService::tick
1791661091.971245 runnervmmprz5 zainod-0.10.1[2979]:   19:38:11.971  INFO zaino_chain_head_service::service: Syncing block, height: 4382671, hash: 00003933c4bd4ef887c185dfdf1a0d09b7e8d826105ab38020cd472d1dd5793e
1791661091.971245 runnervmmprz5 zainod-0.10.1[2979]:     at packages/zaino-chain-head-service/src/service.rs:478
1791661091.971245 runnervmmprz5 zainod-0.10.1[2979]:     in zaino_chain_head_service::service::ChainHeadService::tick
1791661091.971580 runnervmmprz5 zainod-0.10.1[2979]:   19:38:11.971  INFO zaino_chain_head_service::service: Syncing block, height: 4382672, hash: 0000142f1695cedf004b08c8ecb317fe9a379ecfe7ec7c897307bc383333f012
1791661091.971580 runnervmmprz5 zainod-0.10.1[2979]:     at packages/zaino-chain-head-service/src/service.rs:478
1791661091.971580 runnervmmprz5 zainod-0.10.1[2979]:     in zaino_chain_head_service::service::ChainHeadService::tick
1791661091.972074 runnervmmprz5 zainod-0.10.1[2979]:   19:38:11.972  INFO zaino_chain_head_service::service: Syncing block, height: 4382673, hash: 000078533349eff7f495dd70247a55cda86bbc3360c92dd0adab80810b59396a
1791661091.972074 runnervmmprz5 zainod-0.10.1[2979]:     at packages/zaino-chain-head-service/src/service.rs:478
1791661091.972074 runnervmmprz5 zainod-0.10.1[2979]:     in zaino_chain_head_service::service::ChainHeadService::tick
1791661091.982379 runnervmmprz5 zainod-0.10.1[2979]:   19:38:11.982  INFO zaino_chain_head_service::service: Syncing block, height: 4382674, hash: 0000339da9ea72a1f8d04ef6f32a45cfdf398b13ab55c865fcec79f2c9729200
1791661091.982379 runnervmmprz5 zainod-0.10.1[2979]:     at packages/zaino-chain-head-service/src/service.rs:478
1791661091.982379 runnervmmprz5 zainod-0.10.1[2979]:     in zaino_chain_head_service::service::ChainHeadService::tick
1791661091.982791 runnervmmprz5 zainod-0.10.1[2979]:   19:38:11.982  INFO zaino_chain_head_service::service: Syncing block, height: 4382675, hash: 00003e552ae2aff603025c4651db3a2353826ee372264b3c5c0122fa2186e3be
1791661091.982791 runnervmmprz5 zainod-0.10.1[2979]:     at packages/zaino-chain-head-service/src/service.rs:478
1791661091.982791 runnervmmprz5 zainod-0.10.1[2979]:     in zaino_chain_head_service::service::ChainHeadService::tick
1791661091.983362 runnervmmprz5 zainod-0.10.1[2979]:   19:38:11.983  INFO zaino_chain_head_service::service: Syncing block, height: 4382676, hash: 00006be5cf4896bab2ddd642cd6d1be06ec83256cb1f9bf71707ab289024dcf4
1791661091.983362 runnervmmprz5 zainod-0.10.1[2979]:     at packages/zaino-chain-head-service/src/service.rs:478
1791661091.983362 runnervmmprz5 zainod-0.10.1[2979]:     in zaino_chain_head_service::service::ChainHeadService::tick
1791661091.984272 runnervmmprz5 zainod-0.10.1[2979]:   19:38:11.984  INFO zaino_chain_head_service::service: Syncing block, height: 4382677, hash: 0000119938f823b2140523b628f576b7e5b76d739800cb4d68e13774b757f07c
1791661091.984272 runnervmmprz5 zainod-0.10.1[2979]:     at packages/zaino-chain-head-service/src/service.rs:478
1791661091.984272 runnervmmprz5 zainod-0.10.1[2979]:     in zaino_chain_head_service::service::ChainHeadService::tick
1791661091.984811 runnervmmprz5 zainod-0.10.1[2979]:   19:38:11.984  INFO zaino_chain_head_service::service: Syncing block, height: 4382678, hash: 00006234348e20e04aec5a499ac3eb8e7f07a154a25535fc08eea507eadc9f67
1791661091.984811 runnervmmprz5 zainod-0.10.1[2979]:     at packages/zaino-chain-head-service/src/service.rs:478
1791661091.984811 runnervmmprz5 zainod-0.10.1[2979]:     in zaino_chain_head_service::service::ChainHeadService::tick
1791661091.985485 runnervmmprz5 zainod-0.10.1[2979]:   19:38:11.985  INFO zaino_chain_head_service::service: Syncing block, height: 4382679, hash: 0000268cb8bc859cb5c779ea056745600d868e71c080d76930855768a9715db1
1791661091.985485 runnervmmprz5 zainod-0.10.1[2979]:     at packages/zaino-chain-head-service/src/service.rs:478
1791661091.985485 runnervmmprz5 zainod-0.10.1[2979]:     in zaino_chain_head_service::service::ChainHeadService::tick
1791661091.985741 runnervmmprz5 zainod-0.10.1[2979]:   19:38:11.985  INFO zaino_chain_head_service::service: Syncing block, height: 4382680, hash: 00000ca3b7bbaa4f8549269a973ad1062ac0d05906846e5655e6067859df2df2
1791661091.985741 runnervmmprz5 zainod-0.10.1[2979]:     at packages/zaino-chain-head-service/src/service.rs:478
1791661091.985741 runnervmmprz5 zainod-0.10.1[2979]:     in zaino_chain_head_service::service::ChainHeadService::tick
1791661091.986326 runnervmmprz5 zainod-0.10.1[2979]:   19:38:11.986  INFO zaino_chain_head_service::service: Syncing block, height: 4382681, hash: 000019db52082a2aec59f81cf2319d53acca0bd7e6d91ba96203574765fe1724
1791661091.986326 runnervmmprz5 zainod-0.10.1[2979]:     at packages/zaino-chain-head-service/src/service.rs:478
1791661091.986326 runnervmmprz5 zainod-0.10.1[2979]:     in zaino_chain_head_service::service::ChainHeadService::tick
1791661091.986937 runnervmmprz5 zainod-0.10.1[2979]:   19:38:11.986  INFO zaino_chain_head_service::service: Syncing block, height: 4382682, hash: 000016f6888845ad3bc7d029d1d2945eea9edb8eb0d8047e030c0fef357ef22f
1791661091.986937 runnervmmprz5 zainod-0.10.1[2979]:     at packages/zaino-chain-head-service/src/service.rs:478
1791661091.986937 runnervmmprz5 zainod-0.10.1[2979]:     in zaino_chain_head_service::service::ChainHeadService::tick
1791661091.987522 runnervmmprz5 zainod-0.10.1[2979]:   19:38:11.987  INFO zaino_chain_head_service::service: Syncing block, height: 4382683, hash: 000057014c7e812e3dd94a261ab7bb6a2404fb7f2b1b245557a7969b452e3dc2
1791661091.987522 runnervmmprz5 zainod-0.10.1[2979]:     at packages/zaino-chain-head-service/src/service.rs:478
1791661091.987522 runnervmmprz5 zainod-0.10.1[2979]:     in zaino_chain_head_service::service::ChainHeadService::tick
1791661091.988352 runnervmmprz5 zainod-0.10.1[2979]:   19:38:11.988  INFO zaino_chain_head_service::service: Syncing block, height: 4382684, hash: 00003b6ae0412971fc26518a0abf9e885fa1e371016185b6fa2937edb714e054
1791661091.988352 runnervmmprz5 zainod-0.10.1[2979]:     at packages/zaino-chain-head-service/src/service.rs:478
1791661091.988352 runnervmmprz5 zainod-0.10.1[2979]:     in zaino_chain_head_service::service::ChainHeadService::tick
1791661091.998529 runnervmmprz5 zainod-0.10.1[2979]:   19:38:11.998  INFO zaino_chain_head_service::service: Syncing block, height: 4382685, hash: 00006838cd38b2e65f05e09a7ae56774b4b1f76d9abab6fde043c8362baf14b3
1791661091.998529 runnervmmprz5 zainod-0.10.1[2979]:     at packages/zaino-chain-head-service/src/service.rs:478
1791661091.998529 runnervmmprz5 zainod-0.10.1[2979]:     in zaino_chain_head_service::service::ChainHeadService::tick
1791661091.999413 runnervmmprz5 zainod-0.10.1[2979]:   19:38:11.999  INFO zaino_chain_head_service::service: Syncing block, height: 4382686, hash: 0000784c4ed834bbd96e554db2821835378bac18bccdf2df668b86b9ddc86725
1791661091.999413 runnervmmprz5 zainod-0.10.1[2979]:     at packages/zaino-chain-head-service/src/service.rs:478
1791661091.999413 runnervmmprz5 zainod-0.10.1[2979]:     in zaino_chain_head_service::service::ChainHeadService::tick
1791661092.000806 runnervmmprz5 zainod-0.10.1[2979]:   19:38:12.000  INFO zaino_chain_head_service::service: Syncing block, height: 4382687, hash: 00002972b66d21516c32a666ea1e708a40378f50e5e9ae0637aa7da345dc7e0d
1791661092.000806 runnervmmprz5 zainod-0.10.1[2979]:     at packages/zaino-chain-head-service/src/service.rs:478
1791661092.000806 runnervmmprz5 zainod-0.10.1[2979]:     in zaino_chain_head_service::service::ChainHeadService::tick
1791661092.001550 runnervmmprz5 zainod-0.10.1[2979]:   19:38:12.001  INFO zaino_chain_head_service::service: Syncing block, height: 4382688, hash: 0000746a7b5bab1517c8225a5efbdf51f5f3169f81b2e8c5ad38b1ab9de3abc7
1791661092.001550 runnervmmprz5 zainod-0.10.1[2979]:     at packages/zaino-chain-head-service/src/service.rs:478
1791661092.001550 runnervmmprz5 zainod-0.10.1[2979]:     in zaino_chain_head_service::service::ChainHeadService::tick
1791661092.002214 runnervmmprz5 zainod-0.10.1[2979]:   19:38:12.002  INFO zaino_chain_head_service::service: Syncing block, height: 4382689, hash: 00002e828e571e61283e374cd048f2f8b9cdf579828dd7e47b5577a695954099
1791661092.002214 runnervmmprz5 zainod-0.10.1[2979]:     at packages/zaino-chain-head-service/src/service.rs:478
1791661092.002214 runnervmmprz5 zainod-0.10.1[2979]:     in zaino_chain_head_service::service::ChainHeadService::tick
1791661092.003007 runnervmmprz5 zainod-0.10.1[2979]:   19:38:12.002  INFO zaino_chain_head_service::service: Syncing block, height: 4382690, hash: 00006c72572453717069e7cb5404fc0337cb03d0fc451f45fd961be310ea04e1
1791661092.003007 runnervmmprz5 zainod-0.10.1[2979]:     at packages/zaino-chain-head-service/src/service.rs:478
1791661092.003007 runnervmmprz5 zainod-0.10.1[2979]:     in zaino_chain_head_service::service::ChainHeadService::tick
1791661092.004083 runnervmmprz5 zainod-0.10.1[2979]:   19:38:12.004  INFO zaino_chain_head_service::service: Syncing block, height: 4382691, hash: 00006fe5ecc3841a452ed02938c409b51886c53cd21a7e24cdae8b39cd6a6e0d
1791661092.004083 runnervmmprz5 zainod-0.10.1[2979]:     at packages/zaino-chain-head-service/src/service.rs:478
1791661092.004083 runnervmmprz5 zainod-0.10.1[2979]:     in zaino_chain_head_service::service::ChainHeadService::tick
1791661092.004778 runnervmmprz5 zainod-0.10.1[2979]:   19:38:12.004  INFO zaino_chain_head_service::service: Syncing block, height: 4382692, hash: 0000075af75e50b745f7afbef66ec6c7ff270ca22ea16e734bb1c9c7f018fb9d
1791661092.004778 runnervmmprz5 zainod-0.10.1[2979]:     at packages/zaino-chain-head-service/src/service.rs:478
1791661092.004778 runnervmmprz5 zainod-0.10.1[2979]:     in zaino_chain_head_service::service::ChainHeadService::tick
1791661092.013128 runnervmmprz5 zainod-0.10.1[2979]:   19:38:12.013  INFO zaino_chain_head_service::service: Syncing block, height: 4382693, hash: 00003090ae5e0d7c3990a8235c16b34a338e83deea7fc02f9e12197ffab50b9b
1791661092.013128 runnervmmprz5 zainod-0.10.1[2979]:     at packages/zaino-chain-head-service/src/service.rs:478
1791661092.013128 runnervmmprz5 zainod-0.10.1[2979]:     in zaino_chain_head_service::service::ChainHeadService::tick
1791661092.013982 runnervmmprz5 zainod-0.10.1[2979]:   19:38:12.013  INFO zaino_chain_head_service::service: Syncing block, height: 4382694, hash: 000004829ea2af301ec0a0b9dda8a174003ebdbf3904b96671eb91a2910cef80
1791661092.013982 runnervmmprz5 zainod-0.10.1[2979]:     at packages/zaino-chain-head-service/src/service.rs:478
1791661092.013982 runnervmmprz5 zainod-0.10.1[2979]:     in zaino_chain_head_service::service::ChainHeadService::tick
1791661092.014603 runnervmmprz5 zainod-0.10.1[2979]:   19:38:12.014  INFO zaino_chain_head_service::service: Syncing block, height: 4382695, hash: 00000a2ef6bacd695941f534c848bd78c8d9c123d280c80439f789e175b5d8b5
1791661092.014603 runnervmmprz5 zainod-0.10.1[2979]:     at packages/zaino-chain-head-service/src/service.rs:478
1791661092.014603 runnervmmprz5 zainod-0.10.1[2979]:     in zaino_chain_head_service::service::ChainHeadService::tick
1791661092.015272 runnervmmprz5 zainod-0.10.1[2979]:   19:38:12.015  INFO zaino_chain_head_service::service: Syncing block, height: 4382696, hash: 0000351b21e6c761d63e4ff021ddd62b3b907e383fad0954cd29f17753cb7657
1791661092.015272 runnervmmprz5 zainod-0.10.1[2979]:     at packages/zaino-chain-head-service/src/service.rs:478
1791661092.015272 runnervmmprz5 zainod-0.10.1[2979]:     in zaino_chain_head_service::service::ChainHeadService::tick
1791661092.016192 runnervmmprz5 zainod-0.10.1[2979]:   19:38:12.016  INFO zaino_chain_head_service::service: Syncing block, height: 4382697, hash: 000074b50c5f00dd566653ee1fd90acb5491f46b6e1cbd0ed8fdc8afa4a11cf5
1791661092.016192 runnervmmprz5 zainod-0.10.1[2979]:     at packages/zaino-chain-head-service/src/service.rs:478
1791661092.016192 runnervmmprz5 zainod-0.10.1[2979]:     in zaino_chain_head_service::service::ChainHeadService::tick
1791661092.016738 runnervmmprz5 zainod-0.10.1[2979]:   19:38:12.016  INFO zaino_chain_head_service::service: Syncing block, height: 4382698, hash: 0000264f7162b76ea04a6dcb080187b6464cacbb736c8cf810340f01e052f7bb
1791661092.016738 runnervmmprz5 zainod-0.10.1[2979]:     at packages/zaino-chain-head-service/src/service.rs:478
1791661092.016738 runnervmmprz5 zainod-0.10.1[2979]:     in zaino_chain_head_service::service::ChainHeadService::tick
1791661092.017378 runnervmmprz5 zainod-0.10.1[2979]:   19:38:12.017  INFO zaino_chain_head_service::service: Syncing block, height: 4382699, hash: 00001854696ee9d5b1061a4c358f84b5ead43ab911749a0380f1a460a679d52f
1791661092.017378 runnervmmprz5 zainod-0.10.1[2979]:     at packages/zaino-chain-head-service/src/service.rs:478
1791661092.017378 runnervmmprz5 zainod-0.10.1[2979]:     in zaino_chain_head_service::service::ChainHeadService::tick
1791661092.018066 runnervmmprz5 zainod-0.10.1[2979]:   19:38:12.018  INFO zaino_chain_head_service::service: Syncing block, height: 4382700, hash: 00000b9e25b729b9366758715c38ac6ff78706a9fedb74faf0e04dd65e417441
1791661092.018066 runnervmmprz5 zainod-0.10.1[2979]:     at packages/zaino-chain-head-service/src/service.rs:478
1791661092.018066 runnervmmprz5 zainod-0.10.1[2979]:     in zaino_chain_head_service::service::ChainHeadService::tick
1791661092.018840 runnervmmprz5 zainod-0.10.1[2979]:   19:38:12.018  INFO zaino_chain_head_service::service: Syncing block, height: 4382701, hash: 000041418f5801cddf89f3b22354002a99a018da07eddefa35b90618d3f2037f
1791661092.018840 runnervmmprz5 zainod-0.10.1[2979]:     at packages/zaino-chain-head-service/src/service.rs:478
1791661092.018840 runnervmmprz5 zainod-0.10.1[2979]:     in zaino_chain_head_service::service::ChainHeadService::tick
1791661092.019072 runnervmmprz5 zainod-0.10.1[2979]:   19:38:12.019  INFO zaino_chain_head_service::service: Syncing block, height: 4382702, hash: 000002d4a89127fe08534bb2108c562bab1fba770fa18b35d24b50eea3d7033a
1791661092.019072 runnervmmprz5 zainod-0.10.1[2979]:     at packages/zaino-chain-head-service/src/service.rs:478
1791661092.019072 runnervmmprz5 zainod-0.10.1[2979]:     in zaino_chain_head_service::service::ChainHeadService::tick
1791661092.019841 runnervmmprz5 zainod-0.10.1[2979]:   19:38:12.019  INFO zaino_chain_head_service::service: Syncing block, height: 4382703, hash: 00005b0c93437e046394c133623aea0129f4d5521d718d6e0864ba6f25db6f5e
1791661092.019841 runnervmmprz5 zainod-0.10.1[2979]:     at packages/zaino-chain-head-service/src/service.rs:478
1791661092.019841 runnervmmprz5 zainod-0.10.1[2979]:     in zaino_chain_head_service::service::ChainHeadService::tick
1791661092.020599 runnervmmprz5 zainod-0.10.1[2979]:   19:38:12.020  INFO zaino_chain_head_service::service: Syncing block, height: 4382704, hash: 0000649be3aa4e5193cb47eaf31688194a28c4eafb6de91417d72c239202ac96
1791661092.020599 runnervmmprz5 zainod-0.10.1[2979]:     at packages/zaino-chain-head-service/src/service.rs:478
1791661092.020599 runnervmmprz5 zainod-0.10.1[2979]:     in zaino_chain_head_service::service::ChainHeadService::tick
1791661092.034741 runnervmmprz5 zainod-0.10.1[2979]:   19:38:12.034  INFO zaino_chain_head_service::service: Syncing block, height: 4382705, hash: 0000396d76893caab73523bc302999f7f57c3dbec1969e4a926a0d5ba44da89d
1791661092.034741 runnervmmprz5 zainod-0.10.1[2979]:     at packages/zaino-chain-head-service/src/service.rs:478
1791661092.034741 runnervmmprz5 zainod-0.10.1[2979]:     in zaino_chain_head_service::service::ChainHeadService::tick
1791661092.035565 runnervmmprz5 zainod-0.10.1[2979]:   19:38:12.035  INFO zaino_chain_head_service::service: Syncing block, height: 4382706, hash: 00002625728551c99f2aacc4cef606fabce5a2d6bf58b40a108ee399e16bf6ba
1791661092.035565 runnervmmprz5 zainod-0.10.1[2979]:     at packages/zaino-chain-head-service/src/service.rs:478
1791661092.035565 runnervmmprz5 zainod-0.10.1[2979]:     in zaino_chain_head_service::service::ChainHeadService::tick
1791661092.036109 runnervmmprz5 zainod-0.10.1[2979]:   19:38:12.036  INFO zaino_chain_head_service::service: Syncing block, height: 4382707, hash: 000058c5487a27dd5ddaa5794a432dc64e72b6cb785d6cb7cf656dee9619ef20
1791661092.036109 runnervmmprz5 zainod-0.10.1[2979]:     at packages/zaino-chain-head-service/src/service.rs:478
1791661092.036109 runnervmmprz5 zainod-0.10.1[2979]:     in zaino_chain_head_service::service::ChainHeadService::tick
1791661092.036698 runnervmmprz5 zainod-0.10.1[2979]:   19:38:12.036  INFO zaino_chain_head_service::service: Syncing block, height: 4382708, hash: 00000a73e9d3bead6e9e739b88697d80c6dca04b1f83c9cea660c8a7fdbb4ed7
1791661092.036698 runnervmmprz5 zainod-0.10.1[2979]:     at packages/zaino-chain-head-service/src/service.rs:478
1791661092.036698 runnervmmprz5 zainod-0.10.1[2979]:     in zaino_chain_head_service::service::ChainHeadService::tick
1791661092.038904 runnervmmprz5 zainod-0.10.1[2979]:   19:38:12.037  INFO zaino_chain_head_service::service: Syncing block, height: 4382709, hash: 00000e9b765b53d646c08fc8a5c44f1d1acb0f4df0b97028d45e174d7fe10b91
1791661092.038904 runnervmmprz5 zainod-0.10.1[2979]:     at packages/zaino-chain-head-service/src/service.rs:478
1791661092.038904 runnervmmprz5 zainod-0.10.1[2979]:     in zaino_chain_head_service::service::ChainHeadService::tick
1791661092.038904 runnervmmprz5 zainod-0.10.1[2979]:   19:38:12.038  INFO zaino_chain_head_service::service: Syncing block, height: 4382710, hash: 00002e58366e5054efb6d352cabb602a3f5c5025eaac3038f0de3f6d7d2c62b4
1791661092.038904 runnervmmprz5 zainod-0.10.1[2979]:     at packages/zaino-chain-head-service/src/service.rs:478
1791661092.038904 runnervmmprz5 zainod-0.10.1[2979]:     in zaino_chain_head_service::service::ChainHeadService::tick
1791661092.051172 runnervmmprz5 zainod-0.10.1[2979]:   19:38:12.051  INFO zaino_chain_head_service::service: Syncing block, height: 4382711, hash: 00000d4e740355425a3ace2b52f8ebf6d40b04ed7ad818d370ee8addf6c9988b
1791661092.051172 runnervmmprz5 zainod-0.10.1[2979]:     at packages/zaino-chain-head-service/src/service.rs:478
1791661092.051172 runnervmmprz5 zainod-0.10.1[2979]:     in zaino_chain_head_service::service::ChainHeadService::tick
1791661092.051732 runnervmmprz5 zainod-0.10.1[2979]:   19:38:12.051  INFO zaino_chain_head_service::service: Syncing block, height: 4382712, hash: 000005784e8a092ab020dcb6af4a9dab7d00edea3115fe353a26c8e4d352ef2b
1791661092.051732 runnervmmprz5 zainod-0.10.1[2979]:     at packages/zaino-chain-head-service/src/service.rs:478
1791661092.051732 runnervmmprz5 zainod-0.10.1[2979]:     in zaino_chain_head_service::service::ChainHeadService::tick
1791661092.052467 runnervmmprz5 zainod-0.10.1[2979]:   19:38:12.052  INFO zaino_chain_head_service::service: Syncing block, height: 4382713, hash: 00003018cf9ea1f8c1b88606f61026e68c717e590891d62c106e05088f8bc8ac
1791661092.052467 runnervmmprz5 zainod-0.10.1[2979]:     at packages/zaino-chain-head-service/src/service.rs:478
1791661092.052467 runnervmmprz5 zainod-0.10.1[2979]:     in zaino_chain_head_service::service::ChainHeadService::tick
1791661092.054261 runnervmmprz5 zainod-0.10.1[2979]:   19:38:12.054  INFO zaino_chain_head_service::service: Syncing block, height: 4382714, hash: 00003842b33a2ef939a8b5201d1c4d054af3d1746cbed455b4f52194cd98b83b
1791661092.054261 runnervmmprz5 zainod-0.10.1[2979]:     at packages/zaino-chain-head-service/src/service.rs:478
1791661092.054261 runnervmmprz5 zainod-0.10.1[2979]:     in zaino_chain_head_service::service::ChainHeadService::tick
1791661092.054638 runnervmmprz5 zainod-0.10.1[2979]:   19:38:12.054  INFO zaino_chain_head_service::service: Syncing block, height: 4382715, hash: 000032c552fa686cccb90941a6d6c89935b608c3a1421b9078cc5e02e94042c9
1791661092.054638 runnervmmprz5 zainod-0.10.1[2979]:     at packages/zaino-chain-head-service/src/service.rs:478
1791661092.054638 runnervmmprz5 zainod-0.10.1[2979]:     in zaino_chain_head_service::service::ChainHeadService::tick
1791661092.055603 runnervmmprz5 zainod-0.10.1[2979]:   19:38:12.055  INFO zaino_chain_head_service::service: Syncing block, height: 4382716, hash: 00000ce3e566526871e544a5b8e31ddaae5868949c0840dc28c42e630dec3f73
1791661092.055603 runnervmmprz5 zainod-0.10.1[2979]:     at packages/zaino-chain-head-service/src/service.rs:478
1791661092.055603 runnervmmprz5 zainod-0.10.1[2979]:     in zaino_chain_head_service::service::ChainHeadService::tick
1791661092.068530 runnervmmprz5 zainod-0.10.1[2979]:   19:38:12.068  INFO zaino_chain_head_service::service: Syncing block, height: 4382717, hash: 00002356de933a9cbee5f29dd01d26ccee102a05848f12198650469285fa905b
1791661092.068530 runnervmmprz5 zainod-0.10.1[2979]:     at packages/zaino-chain-head-service/src/service.rs:478
1791661092.068530 runnervmmprz5 zainod-0.10.1[2979]:     in zaino_chain_head_service::service::ChainHeadService::tick
1791661092.068951 runnervmmprz5 zainod-0.10.1[2979]:   19:38:12.068  INFO zaino_chain_head_service::service: Syncing block, height: 4382718, hash: 0000388dad16f42ffc6da5e50c8b11f4f66a9816490f857a7368131f53fa4eb9
1791661092.068951 runnervmmprz5 zainod-0.10.1[2979]:     at packages/zaino-chain-head-service/src/service.rs:478
1791661092.068951 runnervmmprz5 zainod-0.10.1[2979]:     in zaino_chain_head_service::service::ChainHeadService::tick
1791661092.069567 runnervmmprz5 zainod-0.10.1[2979]:   19:38:12.069  INFO zaino_chain_head_service::service: Syncing block, height: 4382719, hash: 00002b24ecc9393798a780f4ce962c8cfa7bf9b38a98207f6836a0e6d8496da9
1791661092.069567 runnervmmprz5 zainod-0.10.1[2979]:     at packages/zaino-chain-head-service/src/service.rs:478
1791661092.069567 runnervmmprz5 zainod-0.10.1[2979]:     in zaino_chain_head_service::service::ChainHeadService::tick
1791661092.070171 runnervmmprz5 zainod-0.10.1[2979]:   19:38:12.070  INFO zaino_chain_head_service::service: Syncing block, height: 4382720, hash: 00001f5eddab1820f360c6f347e47e4cae4a01849861b908b374b1ddc668e56b
1791661092.070171 runnervmmprz5 zainod-0.10.1[2979]:     at packages/zaino-chain-head-service/src/service.rs:478
1791661092.070171 runnervmmprz5 zainod-0.10.1[2979]:     in zaino_chain_head_service::service::ChainHeadService::tick
1791661092.070500 runnervmmprz5 zainod-0.10.1[2979]:   19:38:12.070  INFO zaino_chain_head_service::service: Syncing block, height: 4382721, hash: 00003e1ad68095f93af5fe0cc4a3841426ddd54031ed2b465d75f80cce510af3
1791661092.070500 runnervmmprz5 zainod-0.10.1[2979]:     at packages/zaino-chain-head-service/src/service.rs:478
1791661092.070500 runnervmmprz5 zainod-0.10.1[2979]:     in zaino_chain_head_service::service::ChainHeadService::tick
1791661092.071320 runnervmmprz5 zainod-0.10.1[2979]:   19:38:12.071  INFO zaino_chain_head_service::service: Syncing block, height: 4382722, hash: 00002d020c499a3a8a4ad6df760e010519d19d2d419d531c410e3c0b6aede9c5
1791661092.071320 runnervmmprz5 zainod-0.10.1[2979]:     at packages/zaino-chain-head-service/src/service.rs:478
1791661092.071320 runnervmmprz5 zainod-0.10.1[2979]:     in zaino_chain_head_service::service::ChainHeadService::tick
1791661092.081271 runnervmmprz5 zainod-0.10.1[2979]:   19:38:12.081  INFO zaino_chain_head_service::service: Syncing block, height: 4382723, hash: 0000068b86effefdd0d43a48bd701eee804b2b9de1a9fba2a065302e77fec4b4
1791661092.081271 runnervmmprz5 zainod-0.10.1[2979]:     at packages/zaino-chain-head-service/src/service.rs:478
1791661092.081271 runnervmmprz5 zainod-0.10.1[2979]:     in zaino_chain_head_service::service::ChainHeadService::tick
1791661092.082101 runnervmmprz5 zainod-0.10.1[2979]:   19:38:12.082  INFO zaino_chain_head_service::service: Syncing block, height: 4382724, hash: 000030546fbe6cbdad98a20b5fa1d95dddeba33a29d1b45cc1249c1d469acf9c
1791661092.082101 runnervmmprz5 zainod-0.10.1[2979]:     at packages/zaino-chain-head-service/src/service.rs:478
1791661092.082101 runnervmmprz5 zainod-0.10.1[2979]:     in zaino_chain_head_service::service::ChainHeadService::tick
1791661092.082806 runnervmmprz5 zainod-0.10.1[2979]:   19:38:12.082  INFO zaino_chain_head_service::service: Syncing block, height: 4382725, hash: 000033925c231e10a61155fc11a81ea62a418ff89fdb1e65461d1c0ed8047a75
1791661092.082806 runnervmmprz5 zainod-0.10.1[2979]:     at packages/zaino-chain-head-service/src/service.rs:478
1791661092.082806 runnervmmprz5 zainod-0.10.1[2979]:     in zaino_chain_head_service::service::ChainHeadService::tick
1791661092.083292 runnervmmprz5 zainod-0.10.1[2979]:   19:38:12.083  INFO zaino_chain_head_service::service: Syncing block, height: 4382726, hash: 0000499804c837efc280906e41b168e6b42b21db027731aa73ee60b07f319efa
1791661092.083292 runnervmmprz5 zainod-0.10.1[2979]:     at packages/zaino-chain-head-service/src/service.rs:478
1791661092.083292 runnervmmprz5 zainod-0.10.1[2979]:     in zaino_chain_head_service::service::ChainHeadService::tick
1791661092.085321 runnervmmprz5 zainod-0.10.1[2979]:   19:38:12.085  INFO zaino_chain_head_service::service: Syncing block, height: 4382727, hash: 00001f29216e4b1088b8f5cdd77c3b707e8e1379efdc4880366a381fda21ee10
1791661092.085321 runnervmmprz5 zainod-0.10.1[2979]:     at packages/zaino-chain-head-service/src/service.rs:478
1791661092.085321 runnervmmprz5 zainod-0.10.1[2979]:     in zaino_chain_head_service::service::ChainHeadService::tick
1791661092.086284 runnervmmprz5 zainod-0.10.1[2979]:   19:38:12.086  INFO zaino_chain_head_service::service: Syncing block, height: 4382728, hash: 0000158549e8302353c1fd8def4b7a97b8664ea7262c8d1e4c367ebcaaea2040
1791661092.086284 runnervmmprz5 zainod-0.10.1[2979]:     at packages/zaino-chain-head-service/src/service.rs:478
1791661092.086284 runnervmmprz5 zainod-0.10.1[2979]:     in zaino_chain_head_service::service::ChainHeadService::tick
1791661092.087177 runnervmmprz5 zainod-0.10.1[2979]:   19:38:12.087  INFO zaino_chain_head_service::service: Syncing block, height: 4382729, hash: 00001d6348bd056668ad1a2424734ad4c0b5d957fbcfe686f7c0328f7b809acc
1791661092.087177 runnervmmprz5 zainod-0.10.1[2979]:     at packages/zaino-chain-head-service/src/service.rs:478
1791661092.087177 runnervmmprz5 zainod-0.10.1[2979]:     in zaino_chain_head_service::service::ChainHeadService::tick
1791661092.087680 runnervmmprz5 zainod-0.10.1[2979]:   19:38:12.087  INFO zaino_chain_head_service::service: Syncing block, height: 4382730, hash: 0000363813940479c88a979710d46d2655a9f2222d2b98a8afb63ae0609d2468
1791661092.087680 runnervmmprz5 zainod-0.10.1[2979]:     at packages/zaino-chain-head-service/src/service.rs:478
1791661092.087680 runnervmmprz5 zainod-0.10.1[2979]:     in zaino_chain_head_service::service::ChainHeadService::tick
1791661092.088121 runnervmmprz5 zainod-0.10.1[2979]:   19:38:12.088  INFO zaino_chain_head_service::service: Syncing block, height: 4382731, hash: 000016e503c69c11ae5e6a0f9d70e481086bb0c65f08df97e96d80834a531ce4
1791661092.088121 runnervmmprz5 zainod-0.10.1[2979]:     at packages/zaino-chain-head-service/src/service.rs:478
1791661092.088121 runnervmmprz5 zainod-0.10.1[2979]:     in zaino_chain_head_service::service::ChainHeadService::tick
1791661092.095989 runnervmmprz5 zainod-0.10.1[2979]:   19:38:12.095  INFO zaino_chain_head_service::service: Syncing block, height: 4382732, hash: 0000294ace60d98121287ad7b434e80fde9e3ddd881d41051e4d25bc498e807a
1791661092.095989 runnervmmprz5 zainod-0.10.1[2979]:     at packages/zaino-chain-head-service/src/service.rs:478
1791661092.095989 runnervmmprz5 zainod-0.10.1[2979]:     in zaino_chain_head_service::service::ChainHeadService::tick
1791661092.096957 runnervmmprz5 zainod-0.10.1[2979]:   19:38:12.096  INFO zaino_chain_head_service::service: Syncing block, height: 4382733, hash: 000010bcf11eae03a3322e51e21ad0b4c1d1e22cf399f61ea0fdb2007be5c431
1791661092.096957 runnervmmprz5 zainod-0.10.1[2979]:     at packages/zaino-chain-head-service/src/service.rs:478
1791661092.096957 runnervmmprz5 zainod-0.10.1[2979]:     in zaino_chain_head_service::service::ChainHeadService::tick
1791661092.097547 runnervmmprz5 zainod-0.10.1[2979]:   19:38:12.097  INFO zaino_chain_head_service::service: Syncing block, height: 4382734, hash: 0000159435d57786e543ae706fac98d14945966d34f5826f0334027a5f930132
1791661092.097547 runnervmmprz5 zainod-0.10.1[2979]:     at packages/zaino-chain-head-service/src/service.rs:478
1791661092.097547 runnervmmprz5 zainod-0.10.1[2979]:     in zaino_chain_head_service::service::ChainHeadService::tick
1791661092.098158 runnervmmprz5 zainod-0.10.1[2979]:   19:38:12.098  INFO zaino_chain_head_service::service: Syncing block, height: 4382735, hash: 000020889c1f40648f9ed26f1733998ba63fe955644cb37a2e9f2f9e18625ba9
1791661092.098158 runnervmmprz5 zainod-0.10.1[2979]:     at packages/zaino-chain-head-service/src/service.rs:478
1791661092.098158 runnervmmprz5 zainod-0.10.1[2979]:     in zaino_chain_head_service::service::ChainHeadService::tick
1791661092.098878 runnervmmprz5 zainod-0.10.1[2979]:   19:38:12.098  INFO zaino_chain_head_service::service: Syncing block, height: 4382736, hash: 000010c7291861c029a627d7a65bd2aa83d9177b3f3d26c1597449408c5c6f4d
1791661092.098878 runnervmmprz5 zainod-0.10.1[2979]:     at packages/zaino-chain-head-service/src/service.rs:478
1791661092.098878 runnervmmprz5 zainod-0.10.1[2979]:     in zaino_chain_head_service::service::ChainHeadService::tick
1791661092.099248 runnervmmprz5 zainod-0.10.1[2979]:   19:38:12.099  INFO zaino_chain_head_service::service: Syncing block, height: 4382737, hash: 00001d6e46778e84bc9f5f63b388654fcfaea874e8088bc0162a711f7a0dffcf
1791661092.099248 runnervmmprz5 zainod-0.10.1[2979]:     at packages/zaino-chain-head-service/src/service.rs:478
1791661092.099248 runnervmmprz5 zainod-0.10.1[2979]:     in zaino_chain_head_service::service::ChainHeadService::tick
1791661092.099716 runnervmmprz5 zainod-0.10.1[2979]:   19:38:12.099  INFO zaino_chain_head_service::service: Syncing block, height: 4382738, hash: 00000462415e5c0013e3eda7532038ce3d6d5ca3853dd453c4c198a54420a8b2
1791661092.099716 runnervmmprz5 zainod-0.10.1[2979]:     at packages/zaino-chain-head-service/src/service.rs:478
1791661092.099716 runnervmmprz5 zainod-0.10.1[2979]:     in zaino_chain_head_service::service::ChainHeadService::tick
1791661092.100641 runnervmmprz5 zainod-0.10.1[2979]:   19:38:12.100  INFO zaino_chain_head_service::service: Syncing block, height: 4382739, hash: 000004faa509237175133505ce98b2d7d27a60746f621123a72d6c52437945c7
1791661092.100641 runnervmmprz5 zainod-0.10.1[2979]:     at packages/zaino-chain-head-service/src/service.rs:478
1791661092.100641 runnervmmprz5 zainod-0.10.1[2979]:     in zaino_chain_head_service::service::ChainHeadService::tick
1791661092.100920 runnervmmprz5 zainod-0.10.1[2979]:   19:38:12.100  INFO zaino_chain_head_service::service: Syncing block, height: 4382740, hash: 0000124072cbf61ae133912798e2fd5330d79b90f869e345efeed7c6c68fb1cc
1791661092.100920 runnervmmprz5 zainod-0.10.1[2979]:     at packages/zaino-chain-head-service/src/service.rs:478
1791661092.100920 runnervmmprz5 zainod-0.10.1[2979]:     in zaino_chain_head_service::service::ChainHeadService::tick
1791661092.106516 runnervmmprz5 zainod-0.10.1[2979]:   19:38:12.106  INFO zaino_chain_head_service::service: Syncing block, height: 4382741, hash: 00002601ca362c68ef401790f477eeff6e91676eaa5dc41485dfd1e0ba681b35
1791661092.106516 runnervmmprz5 zainod-0.10.1[2979]:     at packages/zaino-chain-head-service/src/service.rs:478
1791661092.106516 runnervmmprz5 zainod-0.10.1[2979]:     in zaino_chain_head_service::service::ChainHeadService::tick
1791661092.107202 runnervmmprz5 zainod-0.10.1[2979]:   19:38:12.107  INFO zaino_chain_head_service::service: Syncing block, height: 4382742, hash: 00002d90e71641d54aec85bbebee635f91b1f0a26d9d1c9a1535263b6848e3f8
1791661092.107202 runnervmmprz5 zainod-0.10.1[2979]:     at packages/zaino-chain-head-service/src/service.rs:478
1791661092.107202 runnervmmprz5 zainod-0.10.1[2979]:     in zaino_chain_head_service::service::ChainHeadService::tick
1791661092.107851 runnervmmprz5 zainod-0.10.1[2979]:   19:38:12.107  INFO zaino_chain_head_service::service: Syncing block, height: 4382743, hash: 00000daa100bb06eb49db56fbc309deac618e6588d5757b288708d8e9f05acfb
1791661092.107851 runnervmmprz5 zainod-0.10.1[2979]:     at packages/zaino-chain-head-service/src/service.rs:478
1791661092.107851 runnervmmprz5 zainod-0.10.1[2979]:     in zaino_chain_head_service::service::ChainHeadService::tick
1791661092.111145 runnervmmprz5 zainod-0.10.1[2979]:   19:38:12.111  INFO zaino_chain_head_service::service: Syncing block, height: 4382744, hash: 00002375cdac0469a29db1b47454dc3d6e47c3db9206b4a953b8d6aa7108adea
1791661092.111145 runnervmmprz5 zainod-0.10.1[2979]:     at packages/zaino-chain-head-service/src/service.rs:478
1791661092.111145 runnervmmprz5 zainod-0.10.1[2979]:     in zaino_chain_head_service::service::ChainHeadService::tick
1791661092.120486 runnervmmprz5 zainod-0.10.1[2979]:   19:38:12.120  INFO zaino_chain_head_service::service: Syncing block, height: 4382745, hash: 0000295730045485e9d2ed22618d3b781ab291d1d7c23adbc034b7f90a02a321
1791661092.120486 runnervmmprz5 zainod-0.10.1[2979]:     at packages/zaino-chain-head-service/src/service.rs:478
1791661092.120486 runnervmmprz5 zainod-0.10.1[2979]:     in zaino_chain_head_service::service::ChainHeadService::tick
1791661092.121188 runnervmmprz5 zainod-0.10.1[2979]:   19:38:12.121  INFO zaino_chain_head_service::service: Syncing block, height: 4382746, hash: 00002ed1d1b9ed6f44d55de1e448051211c102b7a5b008f1c7289cc8532cf79a
1791661092.121188 runnervmmprz5 zainod-0.10.1[2979]:     at packages/zaino-chain-head-service/src/service.rs:478
1791661092.121188 runnervmmprz5 zainod-0.10.1[2979]:     in zaino_chain_head_service::service::ChainHeadService::tick
1791661092.123377 runnervmmprz5 zainod-0.10.1[2979]:   19:38:12.123  INFO zaino_chain_head_service::service: Syncing block, height: 4382747, hash: 00001c480a9f38e5cba890bbde7f4a881d88eefe4ad7b9320a30988c0ff1817d
1791661092.123377 runnervmmprz5 zainod-0.10.1[2979]:     at packages/zaino-chain-head-service/src/service.rs:478
1791661092.123377 runnervmmprz5 zainod-0.10.1[2979]:     in zaino_chain_head_service::service::ChainHeadService::tick
1791661092.124330 runnervmmprz5 zainod-0.10.1[2979]:   19:38:12.124  INFO zaino_chain_head_service::service: Syncing block, height: 4382748, hash: 000021a0670e6119eca2f77cdab587c9f07869a0b96d498d558e551b321816a6
1791661092.124330 runnervmmprz5 zainod-0.10.1[2979]:     at packages/zaino-chain-head-service/src/service.rs:478
1791661092.124330 runnervmmprz5 zainod-0.10.1[2979]:     in zaino_chain_head_service::service::ChainHeadService::tick
1791661092.125171 runnervmmprz5 zainod-0.10.1[2979]:   19:38:12.125  INFO zaino_chain_head_service::service: Syncing block, height: 4382749, hash: 00000fab17aad1f9e33291d3c0ef0dc72c99f04ebba54cc80db3be09d677ea54
1791661092.125171 runnervmmprz5 zainod-0.10.1[2979]:     at packages/zaino-chain-head-service/src/service.rs:478
1791661092.125171 runnervmmprz5 zainod-0.10.1[2979]:     in zaino_chain_head_service::service::ChainHeadService::tick
1791661092.125602 runnervmmprz5 zainod-0.10.1[2979]:   19:38:12.125  INFO zaino_chain_head_service::service: Syncing block, height: 4382750, hash: 000029288fb450ea9ee8b69e45afe2e2df6eacdbc4be57546153f48668d86b8a
1791661092.125602 runnervmmprz5 zainod-0.10.1[2979]:     at packages/zaino-chain-head-service/src/service.rs:478
1791661092.125602 runnervmmprz5 zainod-0.10.1[2979]:     in zaino_chain_head_service::service::ChainHeadService::tick
1791661092.125963 runnervmmprz5 zainod-0.10.1[2979]:   19:38:12.125  INFO zaino_chain_head_service::service: Syncing block, height: 4382751, hash: 00001c06638768fd4bb3753d8b7999ba24078c2a736f1d3aec50022cea9a4cd0
1791661092.125963 runnervmmprz5 zainod-0.10.1[2979]:     at packages/zaino-chain-head-service/src/service.rs:478
1791661092.125963 runnervmmprz5 zainod-0.10.1[2979]:     in zaino_chain_head_service::service::ChainHeadService::tick
1791661092.127082 runnervmmprz5 zainod-0.10.1[2979]:   19:38:12.127  INFO zaino_chain_head_service::service: Syncing block, height: 4382752, hash: 000026a3d4f7509b2fbbfc6d7e9bb8cfd670244ecfa01ceb64ca1bce66c8decd
1791661092.127082 runnervmmprz5 zainod-0.10.1[2979]:     at packages/zaino-chain-head-service/src/service.rs:478
1791661092.127082 runnervmmprz5 zainod-0.10.1[2979]:     in zaino_chain_head_service::service::ChainHeadService::tick
1791661092.127770 runnervmmprz5 zainod-0.10.1[2979]:   19:38:12.127  INFO zaino_chain_head_service::service: Syncing block, height: 4382753, hash: 00001596e7a26e8fa7d75b19732630aef9d1572204e9f1bd197ba0e6373c521d
1791661092.127770 runnervmmprz5 zainod-0.10.1[2979]:     at packages/zaino-chain-head-service/src/service.rs:478
1791661092.127770 runnervmmprz5 zainod-0.10.1[2979]:     in zaino_chain_head_service::service::ChainHeadService::tick
1791661092.128338 runnervmmprz5 zainod-0.10.1[2979]:   19:38:12.128  INFO zaino_chain_head_service::service: Syncing block, height: 4382754, hash: 00001db6da61e2c4879ef4f9620b857f5b20dedc59093d58b234a7eff5283a26
1791661092.128338 runnervmmprz5 zainod-0.10.1[2979]:     at packages/zaino-chain-head-service/src/service.rs:478
1791661092.128338 runnervmmprz5 zainod-0.10.1[2979]:     in zaino_chain_head_service::service::ChainHeadService::tick
1791661092.128587 runnervmmprz5 zainod-0.10.1[2979]:   19:38:12.128  INFO zaino_chain_head_service::service: Syncing block, height: 4382755, hash: 00002366812ce44514947310bf48fc816b8f609f96ab8f40cc02455d740d5be5
1791661092.128587 runnervmmprz5 zainod-0.10.1[2979]:     at packages/zaino-chain-head-service/src/service.rs:478
1791661092.128587 runnervmmprz5 zainod-0.10.1[2979]:     in zaino_chain_head_service::service::ChainHeadService::tick
1791661092.128936 runnervmmprz5 zainod-0.10.1[2979]:   19:38:12.128  INFO zaino_chain_head_service::service: Syncing block, height: 4382756, hash: 0000285a2c514784c1c3acb6e1c86dc90b3de2b2c3f64d145f6761a48ac706d6
1791661092.128936 runnervmmprz5 zainod-0.10.1[2979]:     at packages/zaino-chain-head-service/src/service.rs:478
1791661092.128936 runnervmmprz5 zainod-0.10.1[2979]:     in zaino_chain_head_service::service::ChainHeadService::tick
1791661092.129307 runnervmmprz5 zainod-0.10.1[2979]:   19:38:12.129  INFO zaino_chain_head_service::service: Syncing block, height: 4382757, hash: 000018d06bcb38847aa35d81fc264cfc4fc561e85e4f8cc32b85ee6b5732787e
1791661092.129307 runnervmmprz5 zainod-0.10.1[2979]:     at packages/zaino-chain-head-service/src/service.rs:478
1791661092.129307 runnervmmprz5 zainod-0.10.1[2979]:     in zaino_chain_head_service::service::ChainHeadService::tick
1791661092.130425 runnervmmprz5 zainod-0.10.1[2979]:   19:38:12.130  INFO zaino_chain_head_service::service: Syncing block, height: 4382758, hash: 000012e663dc1fe9aadf26b44332185564c1e80c832a5b3a4618a4f8cc0887b5
1791661092.130425 runnervmmprz5 zainod-0.10.1[2979]:     at packages/zaino-chain-head-service/src/service.rs:478
1791661092.130425 runnervmmprz5 zainod-0.10.1[2979]:     in zaino_chain_head_service::service::ChainHeadService::tick
1791661092.131442 runnervmmprz5 zainod-0.10.1[2979]:   19:38:12.131  INFO zaino_chain_head_service::service: Syncing block, height: 4382759, hash: 000014640e7e03683bfd8278da0e2a5c0c51e5768b70dd2ba07e0ba1a21bcfe2
1791661092.131442 runnervmmprz5 zainod-0.10.1[2979]:     at packages/zaino-chain-head-service/src/service.rs:478
1791661092.131442 runnervmmprz5 zainod-0.10.1[2979]:     in zaino_chain_head_service::service::ChainHeadService::tick
1791661092.132612 runnervmmprz5 zainod-0.10.1[2979]:   19:38:12.132  INFO zaino_chain_head_service::service: Syncing block, height: 4382760, hash: 00000e6a0582259ac265a88be504b83bfa8208e9f096bcc0db3f055c86c815b4
1791661092.132612 runnervmmprz5 zainod-0.10.1[2979]:     at packages/zaino-chain-head-service/src/service.rs:478
1791661092.132612 runnervmmprz5 zainod-0.10.1[2979]:     in zaino_chain_head_service::service::ChainHeadService::tick
1791661092.133215 runnervmmprz5 zainod-0.10.1[2979]:   19:38:12.133  INFO zaino_chain_head_service::service: Syncing block, height: 4382761, hash: 00002594dd00f7160a03e5abeed2643e6e0f64393a43715d7389fe9ad5d58572
1791661092.133215 runnervmmprz5 zainod-0.10.1[2979]:     at packages/zaino-chain-head-service/src/service.rs:478
1791661092.133215 runnervmmprz5 zainod-0.10.1[2979]:     in zaino_chain_head_service::service::ChainHeadService::tick
1791661092.133731 runnervmmprz5 zainod-0.10.1[2979]:   19:38:12.133  INFO zaino_chain_head_service::service: Syncing block, height: 4382762, hash: 000020b0b1ed2c69473628f6de772f4980fb612eca3613208e17037afac5c214
1791661092.133731 runnervmmprz5 zainod-0.10.1[2979]:     at packages/zaino-chain-head-service/src/service.rs:478
1791661092.133731 runnervmmprz5 zainod-0.10.1[2979]:     in zaino_chain_head_service::service::ChainHeadService::tick
1791661092.134885 runnervmmprz5 zainod-0.10.1[2979]:   19:38:12.134  INFO zaino_chain_head_service::service: Syncing block, height: 4382763, hash: 0000191da29c98fc1f741366593072219de61f4ffd9a15f142a50cd9b9c9e769
1791661092.134885 runnervmmprz5 zainod-0.10.1[2979]:     at packages/zaino-chain-head-service/src/service.rs:478
1791661092.134885 runnervmmprz5 zainod-0.10.1[2979]:     in zaino_chain_head_service::service::ChainHeadService::tick
1791661092.135754 runnervmmprz5 zainod-0.10.1[2979]:   19:38:12.135  INFO zaino_chain_head_service::service: Syncing block, height: 4382764, hash: 00000add67a638d325ea9befa1ae3ae62d5ec40e06deb75c561843d65fe57d9b
1791661092.135754 runnervmmprz5 zainod-0.10.1[2979]:     at packages/zaino-chain-head-service/src/service.rs:478
1791661092.135754 runnervmmprz5 zainod-0.10.1[2979]:     in zaino_chain_head_service::service::ChainHeadService::tick
1791661092.136372 runnervmmprz5 zainod-0.10.1[2979]:   19:38:12.136  INFO zaino_chain_head_service::service: Syncing block, height: 4382765, hash: 00001e3041c6b233e6863b5f8cbe4eea14156c2f10fe835309f82dca2940911c
1791661092.136372 runnervmmprz5 zainod-0.10.1[2979]:     at packages/zaino-chain-head-service/src/service.rs:478
1791661092.136372 runnervmmprz5 zainod-0.10.1[2979]:     in zaino_chain_head_service::service::ChainHeadService::tick
1791661092.136901 runnervmmprz5 zainod-0.10.1[2979]:   19:38:12.136  INFO zaino_chain_head_service::service: Syncing block, height: 4382766, hash: 0000040556297e9436468784cd77a9b20a71b947c3a9def0740db3d2cddf6f9b
1791661092.136901 runnervmmprz5 zainod-0.10.1[2979]:     at packages/zaino-chain-head-service/src/service.rs:478
1791661092.136901 runnervmmprz5 zainod-0.10.1[2979]:     in zaino_chain_head_service::service::ChainHeadService::tick
1791661092.137876 runnervmmprz5 zainod-0.10.1[2979]:   19:38:12.137  INFO zaino_chain_head_service::service: Syncing block, height: 4382767, hash: 0000170194ca97ac699487acb4536be8993c45ce1b3de963efa21ef3ec933bb6
1791661092.137876 runnervmmprz5 zainod-0.10.1[2979]:     at packages/zaino-chain-head-service/src/service.rs:478
1791661092.137876 runnervmmprz5 zainod-0.10.1[2979]:     in zaino_chain_head_service::service::ChainHeadService::tick
1791661092.138277 runnervmmprz5 zainod-0.10.1[2979]:   19:38:12.138  INFO zaino_chain_head_service::service: Syncing block, height: 4382768, hash: 00001b5e96b9c0f597b50895c81320908060b7f6b3c7106a0edd59882ed203f0
1791661092.138277 runnervmmprz5 zainod-0.10.1[2979]:     at packages/zaino-chain-head-service/src/service.rs:478
1791661092.138277 runnervmmprz5 zainod-0.10.1[2979]:     in zaino_chain_head_service::service::ChainHeadService::tick
1791661092.139259 runnervmmprz5 zainod-0.10.1[2979]:   19:38:12.139  INFO zaino_chain_head_service::service: Syncing block, height: 4382769, hash: 000001e057a2514db534056438637cc86e25ff86f89df60a10f445928138c938
1791661092.139259 runnervmmprz5 zainod-0.10.1[2979]:     at packages/zaino-chain-head-service/src/service.rs:478
1791661092.139259 runnervmmprz5 zainod-0.10.1[2979]:     in zaino_chain_head_service::service::ChainHeadService::tick
1791661092.140263 runnervmmprz5 zainod-0.10.1[2979]:   19:38:12.140  INFO zaino_chain_head_service::service: Syncing block, height: 4382770, hash: 00001dc376aaddf2e609e3b27af979a69c150a6f67431969d4043e3e682c8a42
1791661092.140263 runnervmmprz5 zainod-0.10.1[2979]:     at packages/zaino-chain-head-service/src/service.rs:478
1791661092.140263 runnervmmprz5 zainod-0.10.1[2979]:     in zaino_chain_head_service::service::ChainHeadService::tick
1791661092.140802 runnervmmprz5 zainod-0.10.1[2979]:   19:38:12.140  INFO zaino_chain_head_service::service: Syncing block, height: 4382771, hash: 0000137a2d8dd9c8940f9956bb5f5271b7cb7e62b61979dc8c2592293eb79164
1791661092.140802 runnervmmprz5 zainod-0.10.1[2979]:     at packages/zaino-chain-head-service/src/service.rs:478
1791661092.140802 runnervmmprz5 zainod-0.10.1[2979]:     in zaino_chain_head_service::service::ChainHeadService::tick
1791661092.141717 runnervmmprz5 zainod-0.10.1[2979]:   19:38:12.141  INFO zaino_chain_head_service::service: Syncing block, height: 4382772, hash: 05b569910c1e56447142033cf0ccc43424137a49e8cd0e06a9458088e9aad496
1791661092.141717 runnervmmprz5 zainod-0.10.1[2979]:     at packages/zaino-chain-head-service/src/service.rs:478
1791661092.141717 runnervmmprz5 zainod-0.10.1[2979]:     in zaino_chain_head_service::service::ChainHeadService::tick
1791661092.142279 runnervmmprz5 zainod-0.10.1[2979]:   19:38:12.142  INFO zaino_chain_head_service::service: Syncing block, height: 4382773, hash: 00006d5efd6cce1b91891728ea2ddbddfa4809fbdd0c4e59a3d84dbf8ef1e87e
1791661092.142279 runnervmmprz5 zainod-0.10.1[2979]:     at packages/zaino-chain-head-service/src/service.rs:478
1791661092.142279 runnervmmprz5 zainod-0.10.1[2979]:     in zaino_chain_head_service::service::ChainHeadService::tick
1791661092.143433 runnervmmprz5 zainod-0.10.1[2979]:   19:38:12.143  INFO zaino_chain_head_service::service: Syncing block, height: 4382774, hash: 005746ee10f0277f3decc95dbef0fdf5f9dc60f8ae7739dc35dd40cc10ed8c2a
1791661092.143433 runnervmmprz5 zainod-0.10.1[2979]:     at packages/zaino-chain-head-service/src/service.rs:478
1791661092.143433 runnervmmprz5 zainod-0.10.1[2979]:     in zaino_chain_head_service::service::ChainHeadService::tick
1791661092.145439 runnervmmprz5 zainod-0.10.1[2979]:   19:38:12.145  INFO zaino_chain_head_service::service: Syncing block, height: 4382775, hash: 00200988b45736064d651b3ba6e83171cdf8d698193f22076cd1aa30da80a918
1791661092.145439 runnervmmprz5 zainod-0.10.1[2979]:     at packages/zaino-chain-head-service/src/service.rs:478
1791661092.145439 runnervmmprz5 zainod-0.10.1[2979]:     in zaino_chain_head_service::service::ChainHeadService::tick
1791661092.146800 runnervmmprz5 zainod-0.10.1[2979]:   19:38:12.146  INFO zaino_chain_head_service::service: Syncing block, height: 4382776, hash: 000a0ec643ce4c3b2353d9a53f604351f349b3dc7d9008745d7bb3638bff367d
1791661092.146800 runnervmmprz5 zainod-0.10.1[2979]:     at packages/zaino-chain-head-service/src/service.rs:478
1791661092.146800 runnervmmprz5 zainod-0.10.1[2979]:     in zaino_chain_head_service::service::ChainHeadService::tick
1791661092.148777 runnervmmprz5 zainod-0.10.1[2979]:   19:38:12.148  INFO zaino_chain_head_service::service: Syncing block, height: 4382777, hash: 0000400e5850f4666d0cff9758a7b8bc0472cf17465ff0ebd392bead7841871c
1791661092.148777 runnervmmprz5 zainod-0.10.1[2979]:     at packages/zaino-chain-head-service/src/service.rs:478
1791661092.148777 runnervmmprz5 zainod-0.10.1[2979]:     in zaino_chain_head_service::service::ChainHeadService::tick
1791661092.150403 runnervmmprz5 zainod-0.10.1[2979]:   19:38:12.149  INFO zaino_chain_head_service::service: Syncing block, height: 4382778, hash: 002fd2ed45d5efd070e7d82ccf79457ea3c25c9d60e1d6d34634c10932682f9d
1791661092.150403 runnervmmprz5 zainod-0.10.1[2979]:     at packages/zaino-chain-head-service/src/service.rs:478
1791661092.150403 runnervmmprz5 zainod-0.10.1[2979]:     in zaino_chain_head_service::service::ChainHeadService::tick
1791661092.151590 runnervmmprz5 zainod-0.10.1[2979]:   19:38:12.151  INFO zaino_chain_head_service::service: Syncing block, height: 4382779, hash: 002329e8516e1e7f804f1e664291265465f9433c1ee72bbabc0d4bb73100982c
1791661092.151590 runnervmmprz5 zainod-0.10.1[2979]:     at packages/zaino-chain-head-service/src/service.rs:478
1791661092.151590 runnervmmprz5 zainod-0.10.1[2979]:     in zaino_chain_head_service::service::ChainHeadService::tick
1791661092.152794 runnervmmprz5 zainod-0.10.1[2979]:   19:38:12.152  INFO zaino_chain_head_service::service: Syncing block, height: 4382780, hash: 004c85912fdeea99bdc19510d93396c11dc4c9f4298f5018aa7f25d463c6eff6
1791661092.152794 runnervmmprz5 zainod-0.10.1[2979]:     at packages/zaino-chain-head-service/src/service.rs:478
1791661092.152794 runnervmmprz5 zainod-0.10.1[2979]:     in zaino_chain_head_service::service::ChainHeadService::tick
1791661092.154492 runnervmmprz5 zainod-0.10.1[2979]:   19:38:12.154  INFO zaino_chain_head_service::service: Syncing block, height: 4382781, hash: 005d8d54d5439ebf5f29bae7a53742625d8b1f43be107c1446d141aa24e50888
1791661092.154492 runnervmmprz5 zainod-0.10.1[2979]:     at packages/zaino-chain-head-service/src/service.rs:478
1791661092.154492 runnervmmprz5 zainod-0.10.1[2979]:     in zaino_chain_head_service::service::ChainHeadService::tick
1791661092.155384 runnervmmprz5 zainod-0.10.1[2979]:   19:38:12.155  INFO zaino_chain_head_service::service: Syncing block, height: 4382782, hash: 00082f5cf8e761b8b942658bb6da1fa1aa4cca6a0aea321c2f19ce63a0b271dc
1791661092.155384 runnervmmprz5 zainod-0.10.1[2979]:     at packages/zaino-chain-head-service/src/service.rs:478
1791661092.155384 runnervmmprz5 zainod-0.10.1[2979]:     in zaino_chain_head_service::service::ChainHeadService::tick
1791661092.156376 runnervmmprz5 zainod-0.10.1[2979]:   19:38:12.156  INFO zaino_chain_head_service::service: Syncing block, height: 4382783, hash: 005bf1c5c5e4b1faecdeaaf4b5179ee791fddfe4ffabfce40ab0810ddebc762c
1791661092.156376 runnervmmprz5 zainod-0.10.1[2979]:     at packages/zaino-chain-head-service/src/service.rs:478
1791661092.156376 runnervmmprz5 zainod-0.10.1[2979]:     in zaino_chain_head_service::service::ChainHeadService::tick
1791661092.157395 runnervmmprz5 zainod-0.10.1[2979]:   19:38:12.157  INFO zaino_chain_head_service::service: Syncing block, height: 4382784, hash: 0038265a8489d4a6ef6b6a98f1e5aac1fa8f725ee560efaf5d5b4fb0fb77a157
1791661092.157395 runnervmmprz5 zainod-0.10.1[2979]:     at packages/zaino-chain-head-service/src/service.rs:478
1791661092.157395 runnervmmprz5 zainod-0.10.1[2979]:     in zaino_chain_head_service::service::ChainHeadService::tick
1791661092.158137 runnervmmprz5 zainod-0.10.1[2979]:   19:38:12.158  INFO zaino_chain_head_service::service: Syncing block, height: 4382785, hash: 00006aedd8cf1d6a0247c3efa85d775c35f20b8d951c393b0f314dba208fc269
1791661092.158137 runnervmmprz5 zainod-0.10.1[2979]:     at packages/zaino-chain-head-service/src/service.rs:478
1791661092.158137 runnervmmprz5 zainod-0.10.1[2979]:     in zaino_chain_head_service::service::ChainHeadService::tick
1791661092.160222 runnervmmprz5 zainod-0.10.1[2979]:   19:38:12.160  INFO zaino_chain_head_service::service: Syncing block, height: 4382786, hash: 0083216be98c0b5460a8780a1a66851678856c74c3a5721898e9dc950c22b207
1791661092.160222 runnervmmprz5 zainod-0.10.1[2979]:     at packages/zaino-chain-head-service/src/service.rs:478
1791661092.160222 runnervmmprz5 zainod-0.10.1[2979]:     in zaino_chain_head_service::service::ChainHeadService::tick
1791661092.160968 runnervmmprz5 zainod-0.10.1[2979]:   19:38:12.160  INFO zaino_chain_head_service::service: Syncing block, height: 4382787, hash: 004af6c9861275edab26121a82a3cd8b272104db7c35f58b85f58cf0ba650966
1791661092.160968 runnervmmprz5 zainod-0.10.1[2979]:     at packages/zaino-chain-head-service/src/service.rs:478
1791661092.160968 runnervmmprz5 zainod-0.10.1[2979]:     in zaino_chain_head_service::service::ChainHeadService::tick
1791661092.162870 runnervmmprz5 zainod-0.10.1[2979]:   19:38:12.161  INFO zaino_chain_head_service::service: Syncing block, height: 4382788, hash: 00a6379b06e0acb50959c5bce8d1f28de95cf1f530b859d8f4bbe3ca78f9e7ab
1791661092.162870 runnervmmprz5 zainod-0.10.1[2979]:     at packages/zaino-chain-head-service/src/service.rs:478
1791661092.162870 runnervmmprz5 zainod-0.10.1[2979]:     in zaino_chain_head_service::service::ChainHeadService::tick
1791661092.163040 runnervmmprz5 zainod-0.10.1[2979]:   19:38:12.163  INFO zaino_chain_head_service::service: Syncing block, height: 4382789, hash: 00d26407ea0ce2c6f1e9de24cfc0784ebd09c9777f9f9746fecc86db02ac4cec
1791661092.163040 runnervmmprz5 zainod-0.10.1[2979]:     at packages/zaino-chain-head-service/src/service.rs:478
1791661092.163040 runnervmmprz5 zainod-0.10.1[2979]:     in zaino_chain_head_service::service::ChainHeadService::tick
1791661092.163712 runnervmmprz5 zainod-0.10.1[2979]:   19:38:12.163  INFO zaino_chain_head_service::service: Syncing block, height: 4382790, hash: 006bc305b9b01ff1a93836bfcd82f1b89caa65eb62b3a92431c57551eb82ebfd
1791661092.163712 runnervmmprz5 zainod-0.10.1[2979]:     at packages/zaino-chain-head-service/src/service.rs:478
1791661092.163712 runnervmmprz5 zainod-0.10.1[2979]:     in zaino_chain_head_service::service::ChainHeadService::tick
1791661092.165053 runnervmmprz5 zainod-0.10.1[2979]:   19:38:12.165  INFO zaino_chain_head_service::service: Syncing block, height: 4382791, hash: 000c1d296ef83ebd4f29a27d5eff6796ea134b32e3c9b40eb552f34a0f525913
1791661092.165053 runnervmmprz5 zainod-0.10.1[2979]:     at packages/zaino-chain-head-service/src/service.rs:478
1791661092.165053 runnervmmprz5 zainod-0.10.1[2979]:     in zaino_chain_head_service::service::ChainHeadService::tick
1791661092.166637 runnervmmprz5 zainod-0.10.1[2979]:   19:38:12.166  INFO zaino_chain_head_service::service: Syncing block, height: 4382792, hash: 003c64caf15c375e2eda9ed56a52b2962266ecd87ef671330b697973d7eeda3f
1791661092.166637 runnervmmprz5 zainod-0.10.1[2979]:     at packages/zaino-chain-head-service/src/service.rs:478
1791661092.166637 runnervmmprz5 zainod-0.10.1[2979]:     in zaino_chain_head_service::service::ChainHeadService::tick
1791661092.167715 runnervmmprz5 zainod-0.10.1[2979]:   19:38:12.167  INFO zaino_chain_head_service::service: Syncing block, height: 4382793, hash: 005fc0c18fab600ff85d0150d596dffc6feef2a02c4d2ffd67fee89d6cda88d8
1791661092.167715 runnervmmprz5 zainod-0.10.1[2979]:     at packages/zaino-chain-head-service/src/service.rs:478
1791661092.167715 runnervmmprz5 zainod-0.10.1[2979]:     in zaino_chain_head_service::service::ChainHeadService::tick
1791661092.171998 runnervmmprz5 zainod-0.10.1[2979]:   19:38:12.171  INFO zaino_chain_head_service::service: Syncing block, height: 4382794, hash: 0025b9c626743c5024c905e3891f4b0d942c6f0700be4e587734b5db06beccf1
1791661092.171998 runnervmmprz5 zainod-0.10.1[2979]:     at packages/zaino-chain-head-service/src/service.rs:478
1791661092.171998 runnervmmprz5 zainod-0.10.1[2979]:     in zaino_chain_head_service::service::ChainHeadService::tick
1791661092.172891 runnervmmprz5 zainod-0.10.1[2979]:   19:38:12.172  INFO zaino_chain_head_service::service: Syncing block, height: 4382795, hash: 003542c6a46daad26e96ca0bfaaf1648df93e99df7a47d1c85bd1702f4971a40
1791661092.172891 runnervmmprz5 zainod-0.10.1[2979]:     at packages/zaino-chain-head-service/src/service.rs:478
1791661092.172891 runnervmmprz5 zainod-0.10.1[2979]:     in zaino_chain_head_service::service::ChainHeadService::tick
1791661092.173870 runnervmmprz5 zainod-0.10.1[2979]:   19:38:12.173  INFO zaino_chain_head_service::service: Syncing block, height: 4382796, hash: 000020ebf8920f626fc63ea82dca8100f6cdf6247d5d844ef0bb0bf32a89e61f
1791661092.173870 runnervmmprz5 zainod-0.10.1[2979]:     at packages/zaino-chain-head-service/src/service.rs:478
1791661092.173870 runnervmmprz5 zainod-0.10.1[2979]:     in zaino_chain_head_service::service::ChainHeadService::tick
1791661092.174266 runnervmmprz5 zainod-0.10.1[2979]:   19:38:12.174  INFO zaino_chain_head_service::service: Syncing block, height: 4382797, hash: 005fcbb2921b64191535e49eb788b8d83848043ab2f46ef1c220621f85822227
1791661092.174266 runnervmmprz5 zainod-0.10.1[2979]:     at packages/zaino-chain-head-service/src/service.rs:478
1791661092.174266 runnervmmprz5 zainod-0.10.1[2979]:     in zaino_chain_head_service::service::ChainHeadService::tick
1791661092.176062 runnervmmprz5 zainod-0.10.1[2979]:   19:38:12.176  INFO zaino_chain_head_service::service: Syncing block, height: 4382798, hash: 002cde7a261764ceab363d23e95b5535bb80d96f6f4c5267b8f3eb586931fb47
1791661092.176062 runnervmmprz5 zainod-0.10.1[2979]:     at packages/zaino-chain-head-service/src/service.rs:478
1791661092.176062 runnervmmprz5 zainod-0.10.1[2979]:     in zaino_chain_head_service::service::ChainHeadService::tick
1791661092.176622 runnervmmprz5 zainod-0.10.1[2979]:   19:38:12.176  INFO zaino_chain_head_service::service: Syncing block, height: 4382799, hash: 0000303b46ac912dc77b5c697c967589b4fa5282e6d1ec025fc38767c129bd71
1791661092.176622 runnervmmprz5 zainod-0.10.1[2979]:     at packages/zaino-chain-head-service/src/service.rs:478
1791661092.176622 runnervmmprz5 zainod-0.10.1[2979]:     in zaino_chain_head_service::service::ChainHeadService::tick
1791661092.177327 runnervmmprz5 zainod-0.10.1[2979]:   19:38:12.177  INFO zaino_chain_head_service::service: Syncing block, height: 4382800, hash: 008bf4427b2587e977a99cd11f6b74a33c579f8bec83d8b729641386ad271e3e
1791661092.177327 runnervmmprz5 zainod-0.10.1[2979]:     at packages/zaino-chain-head-service/src/service.rs:478
1791661092.177327 runnervmmprz5 zainod-0.10.1[2979]:     in zaino_chain_head_service::service::ChainHeadService::tick
1791661092.177994 runnervmmprz5 zainod-0.10.1[2979]:   19:38:12.177  INFO zaino_chain_head_service::service: Syncing block, height: 4382801, hash: 005c2b4efeea82a913971401eeb0f9eb1201634be6a8cef36296de7a4947240e
1791661092.177994 runnervmmprz5 zainod-0.10.1[2979]:     at packages/zaino-chain-head-service/src/service.rs:478
1791661092.177994 runnervmmprz5 zainod-0.10.1[2979]:     in zaino_chain_head_service::service::ChainHeadService::tick
1791661092.178837 runnervmmprz5 zainod-0.10.1[2979]:   19:38:12.178  INFO zaino_chain_head_service::service: Syncing block, height: 4382802, hash: 0005941f7a492361bb353f93177efd4c51324fbd311d2367fe8144a915afddc2
1791661092.178837 runnervmmprz5 zainod-0.10.1[2979]:     at packages/zaino-chain-head-service/src/service.rs:478
1791661092.178837 runnervmmprz5 zainod-0.10.1[2979]:     in zaino_chain_head_service::service::ChainHeadService::tick
1791661092.179427 runnervmmprz5 zainod-0.10.1[2979]:   19:38:12.179  INFO zaino_chain_head_service::service: Syncing block, height: 4382803, hash: 0075a99f4d797d6b115f1770bfd1714dc2d122e4bf83936e3f2fa30013435e04
1791661092.179427 runnervmmprz5 zainod-0.10.1[2979]:     at packages/zaino-chain-head-service/src/service.rs:478
1791661092.179427 runnervmmprz5 zainod-0.10.1[2979]:     in zaino_chain_head_service::service::ChainHeadService::tick
1791661092.180774 runnervmmprz5 zainod-0.10.1[2979]:   19:38:12.180  INFO zaino_chain_head_service::service: Syncing block, height: 4382804, hash: 00362b2707994bee7f3e27ae028d1fc6b09c691502f295ce429c76f7ed90aba9
1791661092.180774 runnervmmprz5 zainod-0.10.1[2979]:     at packages/zaino-chain-head-service/src/service.rs:478
1791661092.180774 runnervmmprz5 zainod-0.10.1[2979]:     in zaino_chain_head_service::service::ChainHeadService::tick
1791661092.181203 runnervmmprz5 zainod-0.10.1[2979]:   19:38:12.181  INFO zaino_chain_head_service::service: Syncing block, height: 4382805, hash: 003ad4bc2716a442af6fbf514dbebcd40263cd51cd891f17322725b851146fd8
1791661092.181203 runnervmmprz5 zainod-0.10.1[2979]:     at packages/zaino-chain-head-service/src/service.rs:478
1791661092.181203 runnervmmprz5 zainod-0.10.1[2979]:     in zaino_chain_head_service::service::ChainHeadService::tick
1791661092.181793 runnervmmprz5 zainod-0.10.1[2979]:   19:38:12.181  INFO zaino_chain_head_service::service: Syncing block, height: 4382806, hash: 002b000673dc319ac30ebf4db33246540c33a34f230ddde8902262ea4e4c7985
1791661092.181793 runnervmmprz5 zainod-0.10.1[2979]:     at packages/zaino-chain-head-service/src/service.rs:478
1791661092.181793 runnervmmprz5 zainod-0.10.1[2979]:     in zaino_chain_head_service::service::ChainHeadService::tick
1791661092.182454 runnervmmprz5 zainod-0.10.1[2979]:   19:38:12.182  INFO zaino_chain_head_service::service: Syncing block, height: 4382807, hash: 005ce54b08cf342a7fbd192d3be53e5369ef49133ee8e25af3803fd1a15c1a73
1791661092.182454 runnervmmprz5 zainod-0.10.1[2979]:     at packages/zaino-chain-head-service/src/service.rs:478
1791661092.182454 runnervmmprz5 zainod-0.10.1[2979]:     in zaino_chain_head_service::service::ChainHeadService::tick
1791661092.182916 runnervmmprz5 zainod-0.10.1[2979]:   19:38:12.182  INFO zaino_chain_head_service::service: Syncing block, height: 4382808, hash: 00005b4d33f946f2f8f3fe864479112bc397ceb40c9220561e76839a0d07f3ba
1791661092.182916 runnervmmprz5 zainod-0.10.1[2979]:     at packages/zaino-chain-head-service/src/service.rs:478
1791661092.182916 runnervmmprz5 zainod-0.10.1[2979]:     in zaino_chain_head_service::service::ChainHeadService::tick
1791661092.184903 runnervmmprz5 zainod-0.10.1[2979]:   19:38:12.183  INFO zaino_chain_head_service::service: Syncing block, height: 4382809, hash: 0040ee343897073238b256443121f31c5ed7748775a92a698d7b156f02df139e
1791661092.184903 runnervmmprz5 zainod-0.10.1[2979]:     at packages/zaino-chain-head-service/src/service.rs:478
1791661092.184903 runnervmmprz5 zainod-0.10.1[2979]:     in zaino_chain_head_service::service::ChainHeadService::tick
1791661092.185097 runnervmmprz5 zainod-0.10.1[2979]:   19:38:12.185  INFO zaino_chain_head_service::service: Syncing block, height: 4382810, hash: 0064416aae269d3209328eacc7c6808e22f9850a97fba4043de6847146ca0c7d
1791661092.185097 runnervmmprz5 zainod-0.10.1[2979]:     at packages/zaino-chain-head-service/src/service.rs:478
1791661092.185097 runnervmmprz5 zainod-0.10.1[2979]:     in zaino_chain_head_service::service::ChainHeadService::tick
1791661092.185895 runnervmmprz5 zainod-0.10.1[2979]:   19:38:12.185  INFO zaino_chain_head_service::service: Syncing block, height: 4382811, hash: 00000cff777fb66883449d624821cc458842eebc430e1bb369dc8649df1086ac
1791661092.185895 runnervmmprz5 zainod-0.10.1[2979]:     at packages/zaino-chain-head-service/src/service.rs:478
1791661092.185895 runnervmmprz5 zainod-0.10.1[2979]:     in zaino_chain_head_service::service::ChainHeadService::tick
1791661092.186459 runnervmmprz5 zainod-0.10.1[2979]:   19:38:12.186  INFO zaino_chain_head_service::service: Syncing block, height: 4382812, hash: 0039ae2c169d1b9d77faee919af5bf6b3269740bdd7fe9635305b321c107d3e5
1791661092.186459 runnervmmprz5 zainod-0.10.1[2979]:     at packages/zaino-chain-head-service/src/service.rs:478
1791661092.186459 runnervmmprz5 zainod-0.10.1[2979]:     in zaino_chain_head_service::service::ChainHeadService::tick
1791661092.186787 runnervmmprz5 zainod-0.10.1[2979]:   19:38:12.186  INFO zaino_chain_head_service::service: Syncing block, height: 4382813, hash: 000067f95c86bcf3ec9956a2d297dc17fdc5b6f17ac6d646c1220290a0d2c777
1791661092.186787 runnervmmprz5 zainod-0.10.1[2979]:     at packages/zaino-chain-head-service/src/service.rs:478
1791661092.186787 runnervmmprz5 zainod-0.10.1[2979]:     in zaino_chain_head_service::service::ChainHeadService::tick
1791661092.188231 runnervmmprz5 zainod-0.10.1[2979]:   19:38:12.188  INFO zaino_chain_head_service::service: Syncing block, height: 4382814, hash: 004d3a785b1a0b6e2b32eb219a2a66eb121ba92e7f3950d9d33ae3ddaa4a2800
1791661092.188231 runnervmmprz5 zainod-0.10.1[2979]:     at packages/zaino-chain-head-service/src/service.rs:478
1791661092.188231 runnervmmprz5 zainod-0.10.1[2979]:     in zaino_chain_head_service::service::ChainHeadService::tick
1791661092.188682 runnervmmprz5 zainod-0.10.1[2979]:   19:38:12.188  INFO zaino_chain_head_service::service: Syncing block, height: 4382815, hash: 0000221762c60f746c4809166ecdeb249eceab7cc217f3fd6c3f55f8d47bd3b0
1791661092.188682 runnervmmprz5 zainod-0.10.1[2979]:     at packages/zaino-chain-head-service/src/service.rs:478
1791661092.188682 runnervmmprz5 zainod-0.10.1[2979]:     in zaino_chain_head_service::service::ChainHeadService::tick
1791661092.189621 runnervmmprz5 zainod-0.10.1[2979]:   19:38:12.189  INFO zaino_chain_head_service::service: Syncing block, height: 4382816, hash: 00007ee65e941810cf01396686fc177f8c6dabc4b8d1126082183beeebfc8c16
1791661092.189621 runnervmmprz5 zainod-0.10.1[2979]:     at packages/zaino-chain-head-service/src/service.rs:478
1791661092.189621 runnervmmprz5 zainod-0.10.1[2979]:     in zaino_chain_head_service::service::ChainHeadService::tick
1791661092.190351 runnervmmprz5 zainod-0.10.1[2979]:   19:38:12.190  INFO zaino_chain_head_service::service: Syncing block, height: 4382817, hash: 000020cabf1f0d0c7281f62a36bb808d4beb4c232d9aadd124bc5793a9b24476
1791661092.190351 runnervmmprz5 zainod-0.10.1[2979]:     at packages/zaino-chain-head-service/src/service.rs:478
1791661092.190351 runnervmmprz5 zainod-0.10.1[2979]:     in zaino_chain_head_service::service::ChainHeadService::tick
1791661092.190609 runnervmmprz5 zainod-0.10.1[2979]:   19:38:12.190  INFO zaino_chain_head_service::service: Syncing block, height: 4382818, hash: 00619eb8933a8a99531fea09d2662e76c13a45dd0c7842cae747735f3a7534f6
1791661092.190609 runnervmmprz5 zainod-0.10.1[2979]:     at packages/zaino-chain-head-service/src/service.rs:478
1791661092.190609 runnervmmprz5 zainod-0.10.1[2979]:     in zaino_chain_head_service::service::ChainHeadService::tick
1791661092.191903 runnervmmprz5 zainod-0.10.1[2979]:   19:38:12.191  INFO zaino_chain_head_service::service: Syncing block, height: 4382819, hash: 00007f84f90c38be4fcdd9a46708670e9b89dce84b15ecd15344480a289e9277
1791661092.191903 runnervmmprz5 zainod-0.10.1[2979]:     at packages/zaino-chain-head-service/src/service.rs:478
1791661092.191903 runnervmmprz5 zainod-0.10.1[2979]:     in zaino_chain_head_service::service::ChainHeadService::tick
1791661092.193077 runnervmmprz5 zainod-0.10.1[2979]:   19:38:12.193  INFO zaino_chain_head_service::service: Syncing block, height: 4382820, hash: 00006a972840e55f214fc55914c9b054fc5d23d2d2806b5c40ad6b217aca627c
1791661092.193077 runnervmmprz5 zainod-0.10.1[2979]:     at packages/zaino-chain-head-service/src/service.rs:478
1791661092.193077 runnervmmprz5 zainod-0.10.1[2979]:     in zaino_chain_head_service::service::ChainHeadService::tick
1791661092.194335 runnervmmprz5 zainod-0.10.1[2979]:   19:38:12.194  INFO zaino_chain_head_service::service: Syncing block, height: 4382821, hash: 00004a92a8c384a4429d66cdfa852e301d59d61ed29a6755c38ecd566ba7ed8d
1791661092.194335 runnervmmprz5 zainod-0.10.1[2979]:     at packages/zaino-chain-head-service/src/service.rs:478
1791661092.194335 runnervmmprz5 zainod-0.10.1[2979]:     in zaino_chain_head_service::service::ChainHeadService::tick
1791661092.195129 runnervmmprz5 zainod-0.10.1[2979]:   19:38:12.195  INFO zaino_chain_head_service::service: Syncing block, height: 4382822, hash: 00006846ae546f7a1a707370be77b7b14cba7162719c456537f6f8de6b9eb09d
1791661092.195129 runnervmmprz5 zainod-0.10.1[2979]:     at packages/zaino-chain-head-service/src/service.rs:478
1791661092.195129 runnervmmprz5 zainod-0.10.1[2979]:     in zaino_chain_head_service::service::ChainHeadService::tick
1791661092.196018 runnervmmprz5 zainod-0.10.1[2979]:   19:38:12.195  INFO zaino_chain_head_service::service: Syncing block, height: 4382823, hash: 00000c72e20fa238208a30045ec90f117c8a081c9b95d03ebfdff8742187661d
1791661092.196018 runnervmmprz5 zainod-0.10.1[2979]:     at packages/zaino-chain-head-service/src/service.rs:478
1791661092.196018 runnervmmprz5 zainod-0.10.1[2979]:     in zaino_chain_head_service::service::ChainHeadService::tick
1791661092.197918 runnervmmprz5 zainod-0.10.1[2979]:   19:38:12.196  INFO zaino_chain_head_service::service: Syncing block, height: 4382824, hash: 000066f0410c9262e61a5f99c9c2f2f79ad23d1375eb383ec3f287212c5699cb
1791661092.197918 runnervmmprz5 zainod-0.10.1[2979]:     at packages/zaino-chain-head-service/src/service.rs:478
1791661092.197918 runnervmmprz5 zainod-0.10.1[2979]:     in zaino_chain_head_service::service::ChainHeadService::tick
1791661092.197918 runnervmmprz5 zainod-0.10.1[2979]:   19:38:12.197  INFO zaino_chain_head_service::service: Syncing block, height: 4382825, hash: 0045b91714618bbc166e24245b3c5addd3f605b1144cf2c91a1e5d79e97edd4d
1791661092.197918 runnervmmprz5 zainod-0.10.1[2979]:     at packages/zaino-chain-head-service/src/service.rs:478
1791661092.197918 runnervmmprz5 zainod-0.10.1[2979]:     in zaino_chain_head_service::service::ChainHeadService::tick
1791661092.198195 runnervmmprz5 zainod-0.10.1[2979]:   19:38:12.198  INFO zaino_chain_head_service::service: Syncing block, height: 4382826, hash: 003a41046e1d2c1d780bdc20ce6e26d24d836afa1ab0cb57d6b6f1ba9604645b
1791661092.198195 runnervmmprz5 zainod-0.10.1[2979]:     at packages/zaino-chain-head-service/src/service.rs:478
1791661092.198195 runnervmmprz5 zainod-0.10.1[2979]:     in zaino_chain_head_service::service::ChainHeadService::tick
1791661092.198780 runnervmmprz5 zainod-0.10.1[2979]:   19:38:12.198  INFO zaino_chain_head_service::service: Syncing block, height: 4382827, hash: 00002e3e2c668b7793f8d39e4ee1decdfd0e456ef11450e868a2050d752f98ec
1791661092.198780 runnervmmprz5 zainod-0.10.1[2979]:     at packages/zaino-chain-head-service/src/service.rs:478
1791661092.198780 runnervmmprz5 zainod-0.10.1[2979]:     in zaino_chain_head_service::service::ChainHeadService::tick
1791661092.199569 runnervmmprz5 zainod-0.10.1[2979]:   19:38:12.199  INFO zaino_chain_head_service::service: Syncing block, height: 4382828, hash: 000024f062b1f0ed82ea6d86752412535f6605c176ba8d0f054abe56d053d57c
1791661092.199569 runnervmmprz5 zainod-0.10.1[2979]:     at packages/zaino-chain-head-service/src/service.rs:478
1791661092.199569 runnervmmprz5 zainod-0.10.1[2979]:     in zaino_chain_head_service::service::ChainHeadService::tick
1791661092.200607 runnervmmprz5 zainod-0.10.1[2979]:   19:38:12.200  INFO zaino_chain_head_service::service: Syncing block, height: 4382829, hash: 0000359ab073c7def75becd3962ec170af6a89a744fa45481c61799d8ec5801e
1791661092.200607 runnervmmprz5 zainod-0.10.1[2979]:     at packages/zaino-chain-head-service/src/service.rs:478
1791661092.200607 runnervmmprz5 zainod-0.10.1[2979]:     in zaino_chain_head_service::service::ChainHeadService::tick
1791661092.200919 runnervmmprz5 zainod-0.10.1[2979]:   19:38:12.200  INFO zaino_chain_head_service::service: Syncing block, height: 4382830, hash: 0000202d383c89723ab0de4eb95465184e35c28fbaf881f8d8d6d581a07fe7d0
1791661092.200919 runnervmmprz5 zainod-0.10.1[2979]:     at packages/zaino-chain-head-service/src/service.rs:478
1791661092.200919 runnervmmprz5 zainod-0.10.1[2979]:     in zaino_chain_head_service::service::ChainHeadService::tick
1791661092.201903 runnervmmprz5 zainod-0.10.1[2979]:   19:38:12.201  INFO zaino_chain_head_service::service: Syncing block, height: 4382831, hash: 000038c5991adc97b17abb5edcfd4ebe2aef1c65f14d345a17d00b2d9b4ddc12
1791661092.201903 runnervmmprz5 zainod-0.10.1[2979]:     at packages/zaino-chain-head-service/src/service.rs:478
1791661092.201903 runnervmmprz5 zainod-0.10.1[2979]:     in zaino_chain_head_service::service::ChainHeadService::tick
1791661092.202499 runnervmmprz5 zainod-0.10.1[2979]:   19:38:12.202  INFO zaino_chain_head_service::service: Syncing block, height: 4382832, hash: 000006ad243f04c3377e8379e7bdd0dd6fe55be434874cb37a06e0244ebb301a
1791661092.202499 runnervmmprz5 zainod-0.10.1[2979]:     at packages/zaino-chain-head-service/src/service.rs:478
1791661092.202499 runnervmmprz5 zainod-0.10.1[2979]:     in zaino_chain_head_service::service::ChainHeadService::tick
1791661092.203114 runnervmmprz5 zainod-0.10.1[2979]:   19:38:12.203  INFO zaino_chain_head_service::service: Syncing block, height: 4382833, hash: 00001d649a26e458b81612c72ae14ce6e6ca1895e3a1f9d9fbde1e5b07f3d304
1791661092.203114 runnervmmprz5 zainod-0.10.1[2979]:     at packages/zaino-chain-head-service/src/service.rs:478
1791661092.203114 runnervmmprz5 zainod-0.10.1[2979]:     in zaino_chain_head_service::service::ChainHeadService::tick
1791661092.203836 runnervmmprz5 zainod-0.10.1[2979]:   19:38:12.203  INFO zaino_chain_head_service::service: Syncing block, height: 4382834, hash: 00000b07698a02d6787f15e364a492c433bd2ac5fe1ae2bce82615674bf48066
1791661092.203836 runnervmmprz5 zainod-0.10.1[2979]:     at packages/zaino-chain-head-service/src/service.rs:478
1791661092.203836 runnervmmprz5 zainod-0.10.1[2979]:     in zaino_chain_head_service::service::ChainHeadService::tick
1791661092.204494 runnervmmprz5 zainod-0.10.1[2979]:   19:38:12.204  INFO zaino_chain_head_service::service: Syncing block, height: 4382835, hash: 00005adc1fd461e2999374dbc508d8253acd39813c7c42ccc1011959dea9443f
1791661092.204494 runnervmmprz5 zainod-0.10.1[2979]:     at packages/zaino-chain-head-service/src/service.rs:478
1791661092.204494 runnervmmprz5 zainod-0.10.1[2979]:     in zaino_chain_head_service::service::ChainHeadService::tick
1791661092.204749 runnervmmprz5 zainod-0.10.1[2979]:   19:38:12.204  INFO zaino_chain_head_service::service: Syncing block, height: 4382836, hash: 00003653afa2e83665b2d6e590eb7f02c64cc5fdb8189c1d06b50ce0de80c2e0
1791661092.204749 runnervmmprz5 zainod-0.10.1[2979]:     at packages/zaino-chain-head-service/src/service.rs:478
1791661092.204749 runnervmmprz5 zainod-0.10.1[2979]:     in zaino_chain_head_service::service::ChainHeadService::tick
1791661092.205118 runnervmmprz5 zainod-0.10.1[2979]:   19:38:12.205  INFO zaino_chain_head_service::service: Syncing block, height: 4382837, hash: 0000672144b3650b6579cba82b514ba810d96dfabdacc6fe646e4d6b8120aedb
1791661092.205118 runnervmmprz5 zainod-0.10.1[2979]:     at packages/zaino-chain-head-service/src/service.rs:478
1791661092.205118 runnervmmprz5 zainod-0.10.1[2979]:     in zaino_chain_head_service::service::ChainHeadService::tick
1791661092.205657 runnervmmprz5 zainod-0.10.1[2979]:   19:38:12.205  INFO zaino_chain_head_service::service: Syncing block, height: 4382838, hash: 00005cd721b326a88a46c3ddcbb2e5d163647cb03b18713fd6a44dff25ece1a6
1791661092.205657 runnervmmprz5 zainod-0.10.1[2979]:     at packages/zaino-chain-head-service/src/service.rs:478
1791661092.205657 runnervmmprz5 zainod-0.10.1[2979]:     in zaino_chain_head_service::service::ChainHeadService::tick
1791661092.206681 runnervmmprz5 zainod-0.10.1[2979]:   19:38:12.206  INFO zaino_chain_head_service::service: Syncing block, height: 4382839, hash: 000010e06da37394998a34ffd38211820204248cdb9556d351c51a5fc7e33568
1791661092.206681 runnervmmprz5 zainod-0.10.1[2979]:     at packages/zaino-chain-head-service/src/service.rs:478
1791661092.206681 runnervmmprz5 zainod-0.10.1[2979]:     in zaino_chain_head_service::service::ChainHeadService::tick
1791661092.207307 runnervmmprz5 zainod-0.10.1[2979]:   19:38:12.207  INFO zaino_chain_head_service::service: Syncing block, height: 4382840, hash: 000051a0ffcb0cade99ca97af65816024c8d2bea1079d48a21ab5afcfe27c77c
1791661092.207307 runnervmmprz5 zainod-0.10.1[2979]:     at packages/zaino-chain-head-service/src/service.rs:478
1791661092.207307 runnervmmprz5 zainod-0.10.1[2979]:     in zaino_chain_head_service::service::ChainHeadService::tick
1791661092.207766 runnervmmprz5 zainod-0.10.1[2979]:   19:38:12.207  INFO zaino_chain_head_service::service: Syncing block, height: 4382841, hash: 000013e3b42c12a3760b89b0ed91322cac4676bc56ab2b9f543ec57df181a997
1791661092.207766 runnervmmprz5 zainod-0.10.1[2979]:     at packages/zaino-chain-head-service/src/service.rs:478
1791661092.207766 runnervmmprz5 zainod-0.10.1[2979]:     in zaino_chain_head_service::service::ChainHeadService::tick
1791661092.208154 runnervmmprz5 zainod-0.10.1[2979]:   19:38:12.208  INFO zaino_chain_head_service::service: Syncing block, height: 4382842, hash: 0035c0570da2227e0c53d2f68b221765f65fd108dc9ed0451587fc56393eab0e
1791661092.208154 runnervmmprz5 zainod-0.10.1[2979]:     at packages/zaino-chain-head-service/src/service.rs:478
1791661092.208154 runnervmmprz5 zainod-0.10.1[2979]:     in zaino_chain_head_service::service::ChainHeadService::tick
1791661092.208498 runnervmmprz5 zainod-0.10.1[2979]:   19:38:12.208  INFO zaino_chain_head_service::service: Syncing block, height: 4382843, hash: 000013e86221866a96792fb8528ec83d69d1405dc88d6ceb7db2f1c791d873cb
1791661092.208498 runnervmmprz5 zainod-0.10.1[2979]:     at packages/zaino-chain-head-service/src/service.rs:478
1791661092.208498 runnervmmprz5 zainod-0.10.1[2979]:     in zaino_chain_head_service::service::ChainHeadService::tick
1791661092.209590 runnervmmprz5 zainod-0.10.1[2979]:   19:38:12.208  INFO zaino_chain_head_service::service: Syncing block, height: 4382844, hash: 0000441709df1857fb7f373bab44a78a624c8960d2bbc0f2c36046281f33d6a8
1791661092.209590 runnervmmprz5 zainod-0.10.1[2979]:     at packages/zaino-chain-head-service/src/service.rs:478
1791661092.209590 runnervmmprz5 zainod-0.10.1[2979]:     in zaino_chain_head_service::service::ChainHeadService::tick
1791661092.209590 runnervmmprz5 zainod-0.10.1[2979]:   19:38:12.209  INFO zaino_chain_head_service::service: Syncing block, height: 4382845, hash: 000053d609a16fea7fb47cb0244bfb257c487c1d049812a948d390ed1423a30e
1791661092.209590 runnervmmprz5 zainod-0.10.1[2979]:     at packages/zaino-chain-head-service/src/service.rs:478
1791661092.209590 runnervmmprz5 zainod-0.10.1[2979]:     in zaino_chain_head_service::service::ChainHeadService::tick
1791661092.210503 runnervmmprz5 zainod-0.10.1[2979]:   19:38:12.210  INFO zaino_chain_head_service::service: Syncing block, height: 4382846, hash: 000049c3637a84d87bee5481ddf4e4d9a8eaae144409450614a54d61ff642a27
1791661092.210503 runnervmmprz5 zainod-0.10.1[2979]:     at packages/zaino-chain-head-service/src/service.rs:478
1791661092.210503 runnervmmprz5 zainod-0.10.1[2979]:     in zaino_chain_head_service::service::ChainHeadService::tick
1791661092.211093 runnervmmprz5 zainod-0.10.1[2979]:   19:38:12.211  INFO zaino_chain_head_service::service: Syncing block, height: 4382847, hash: 00005c3f3a7c1f764610e25c687a60d594e95500c284ee6bd9d014fc2be5db02
1791661092.211093 runnervmmprz5 zainod-0.10.1[2979]:     at packages/zaino-chain-head-service/src/service.rs:478
1791661092.211093 runnervmmprz5 zainod-0.10.1[2979]:     in zaino_chain_head_service::service::ChainHeadService::tick
1791661092.212871 runnervmmprz5 zainod-0.10.1[2979]:   19:38:12.211  INFO zaino_chain_head_service::service: Syncing block, height: 4382848, hash: 0000286bde630e5c82915b105520bb9e1c6f745721cf7c2b0f283c9867a52dcd
1791661092.212871 runnervmmprz5 zainod-0.10.1[2979]:     at packages/zaino-chain-head-service/src/service.rs:478
1791661092.212871 runnervmmprz5 zainod-0.10.1[2979]:     in zaino_chain_head_service::service::ChainHeadService::tick
1791661092.212871 runnervmmprz5 zainod-0.10.1[2979]:   19:38:12.212  INFO zaino_chain_head_service::service: Syncing block, height: 4382849, hash: 00003f2f9d3cc35743e18941a4423e37ff4f2bc5248867e105bbcf3c8f5232c3
1791661092.212871 runnervmmprz5 zainod-0.10.1[2979]:     at packages/zaino-chain-head-service/src/service.rs:478
1791661092.212871 runnervmmprz5 zainod-0.10.1[2979]:     in zaino_chain_head_service::service::ChainHeadService::tick
1791661092.213045 runnervmmprz5 zainod-0.10.1[2979]:   19:38:12.212  INFO zaino_chain_head_service::service: Syncing block, height: 4382850, hash: 00005ae334dfb3bcb0e3f418586db6b35b063a1ac0ba15b8d5ba915a4024bc77
1791661092.213045 runnervmmprz5 zainod-0.10.1[2979]:     at packages/zaino-chain-head-service/src/service.rs:478
1791661092.213045 runnervmmprz5 zainod-0.10.1[2979]:     in zaino_chain_head_service::service::ChainHeadService::tick
1791661092.213569 runnervmmprz5 zainod-0.10.1[2979]:   19:38:12.213  INFO zaino_chain_head_service::service: Syncing block, height: 4382851, hash: 000040782ad54fb833428a2d5dcaf094cc09017fa02a963de7a5bf18b7054596
1791661092.213569 runnervmmprz5 zainod-0.10.1[2979]:     at packages/zaino-chain-head-service/src/service.rs:478
1791661092.213569 runnervmmprz5 zainod-0.10.1[2979]:     in zaino_chain_head_service::service::ChainHeadService::tick
1791661092.214398 runnervmmprz5 zainod-0.10.1[2979]:   19:38:12.214  INFO zaino_chain_head_service::service: Syncing block, height: 4382852, hash: 000056ec8c2e91f44b7f3bafd00561705dee35eeb3764cd332b3c70aaa7f057a
1791661092.214398 runnervmmprz5 zainod-0.10.1[2979]:     at packages/zaino-chain-head-service/src/service.rs:478
1791661092.214398 runnervmmprz5 zainod-0.10.1[2979]:     in zaino_chain_head_service::service::ChainHeadService::tick
1791661092.214710 runnervmmprz5 zainod-0.10.1[2979]:   19:38:12.214  INFO zaino_chain_head_service::service: Syncing block, height: 4382853, hash: 000031b909128b05870dfe6f2805c901b81cbe9e6167483869afe55a050ba6c7
1791661092.214710 runnervmmprz5 zainod-0.10.1[2979]:     at packages/zaino-chain-head-service/src/service.rs:478
1791661092.214710 runnervmmprz5 zainod-0.10.1[2979]:     in zaino_chain_head_service::service::ChainHeadService::tick
1791661092.215126 runnervmmprz5 zainod-0.10.1[2979]:   19:38:12.215  INFO zaino_chain_head_service::service: Syncing block, height: 4382854, hash: 00000951175885583b49a581e9f736f462efa4486a673bc2add815273a7434f4
1791661092.215126 runnervmmprz5 zainod-0.10.1[2979]:     at packages/zaino-chain-head-service/src/service.rs:478
1791661092.215126 runnervmmprz5 zainod-0.10.1[2979]:     in zaino_chain_head_service::service::ChainHeadService::tick
1791661092.215605 runnervmmprz5 zainod-0.10.1[2979]:   19:38:12.215  INFO zaino_chain_head_service::service: Syncing block, height: 4382855, hash: 000072a9c029bde0bd1f562629829a7b651ae82b021681aa8a99e47e076c473e
1791661092.215605 runnervmmprz5 zainod-0.10.1[2979]:     at packages/zaino-chain-head-service/src/service.rs:478
1791661092.215605 runnervmmprz5 zainod-0.10.1[2979]:     in zaino_chain_head_service::service::ChainHeadService::tick
1791661092.216986 runnervmmprz5 zainod-0.10.1[2979]:   19:38:12.216  INFO zaino_chain_head_service::service: Syncing block, height: 4382856, hash: 000029f85847094deb5704bd9becb9bd2b34cfcd833d767795a4115546c148c8
1791661092.216986 runnervmmprz5 zainod-0.10.1[2979]:     at packages/zaino-chain-head-service/src/service.rs:478
1791661092.216986 runnervmmprz5 zainod-0.10.1[2979]:     in zaino_chain_head_service::service::ChainHeadService::tick
1791661092.217358 runnervmmprz5 zainod-0.10.1[2979]:   19:38:12.217  INFO zaino_chain_head_service::service: Syncing block, height: 4382857, hash: 00007e532d1fd0cde0601f4d269f057a8100138a600c468f90d1c2992e742b51
1791661092.217358 runnervmmprz5 zainod-0.10.1[2979]:     at packages/zaino-chain-head-service/src/service.rs:478
1791661092.217358 runnervmmprz5 zainod-0.10.1[2979]:     in zaino_chain_head_service::service::ChainHeadService::tick
1791661092.217937 runnervmmprz5 zainod-0.10.1[2979]:   19:38:12.217  INFO zaino_chain_head_service::service: Syncing block, height: 4382858, hash: 00003c678cbee67037ef8a76b17d397078578b0958ad10eeda1c6b2c37ab9e96
1791661092.217937 runnervmmprz5 zainod-0.10.1[2979]:     at packages/zaino-chain-head-service/src/service.rs:478
1791661092.217937 runnervmmprz5 zainod-0.10.1[2979]:     in zaino_chain_head_service::service::ChainHeadService::tick
1791661092.219125 runnervmmprz5 zainod-0.10.1[2979]:   19:38:12.219  INFO zaino_chain_head_service::service: Syncing block, height: 4382859, hash: 00118365a4d7edb1432d0bb47b401a9e084f2882f68a1897b37e17328a37240d
1791661092.219125 runnervmmprz5 zainod-0.10.1[2979]:     at packages/zaino-chain-head-service/src/service.rs:478
1791661092.219125 runnervmmprz5 zainod-0.10.1[2979]:     in zaino_chain_head_service::service::ChainHeadService::tick
1791661092.219595 runnervmmprz5 zainod-0.10.1[2979]:   19:38:12.219  INFO zaino_chain_head_service::service: Syncing block, height: 4382860, hash: 001b8319da39e42c0efeaf92248a619bde18021a314ba452977f7a7cc543eddb
1791661092.219595 runnervmmprz5 zainod-0.10.1[2979]:     at packages/zaino-chain-head-service/src/service.rs:478
1791661092.219595 runnervmmprz5 zainod-0.10.1[2979]:     in zaino_chain_head_service::service::ChainHeadService::tick
1791661092.220570 runnervmmprz5 zainod-0.10.1[2979]:   19:38:12.220  INFO zaino_chain_head_service::service: Syncing block, height: 4382861, hash: 0000501a1ebdcc0fe61b769782e918651be31b549edad69c85777a0ac860a6db
1791661092.220570 runnervmmprz5 zainod-0.10.1[2979]:     at packages/zaino-chain-head-service/src/service.rs:478
1791661092.220570 runnervmmprz5 zainod-0.10.1[2979]:     in zaino_chain_head_service::service::ChainHeadService::tick
1791661092.220879 runnervmmprz5 zainod-0.10.1[2979]:   19:38:12.220  INFO zaino_chain_head_service::service: Syncing block, height: 4382862, hash: 00001b4a739069e1bf2cb47b9a90f3eb0969c130a467d68993f6530a4ff5a7e8
1791661092.220879 runnervmmprz5 zainod-0.10.1[2979]:     at packages/zaino-chain-head-service/src/service.rs:478
1791661092.220879 runnervmmprz5 zainod-0.10.1[2979]:     in zaino_chain_head_service::service::ChainHeadService::tick
1791661092.221837 runnervmmprz5 zainod-0.10.1[2979]:   19:38:12.221  INFO zaino_chain_head_service::service: Syncing block, height: 4382863, hash: 000cb265c7e9317322eb10d9012bdb4f1e1fe6cc1ccf915d2edcc75294d91969
1791661092.221837 runnervmmprz5 zainod-0.10.1[2979]:     at packages/zaino-chain-head-service/src/service.rs:478
1791661092.221837 runnervmmprz5 zainod-0.10.1[2979]:     in zaino_chain_head_service::service::ChainHeadService::tick
1791661092.222153 runnervmmprz5 zainod-0.10.1[2979]:   19:38:12.222  INFO zaino_chain_head_service::service: Syncing block, height: 4382864, hash: 000013f671a8e0c62bf07723f5ebe7979b47609951d301339eef01e1f90bd990
1791661092.222153 runnervmmprz5 zainod-0.10.1[2979]:     at packages/zaino-chain-head-service/src/service.rs:478
1791661092.222153 runnervmmprz5 zainod-0.10.1[2979]:     in zaino_chain_head_service::service::ChainHeadService::tick
1791661092.222529 runnervmmprz5 zainod-0.10.1[2979]:   19:38:12.222  INFO zaino_chain_head_service::service: Syncing block, height: 4382865, hash: 00007dfc11d566e9aa137869518111259e06d5930cb5012098ba6bdec5c6a555
1791661092.222529 runnervmmprz5 zainod-0.10.1[2979]:     at packages/zaino-chain-head-service/src/service.rs:478
1791661092.222529 runnervmmprz5 zainod-0.10.1[2979]:     in zaino_chain_head_service::service::ChainHeadService::tick
1791661092.223635 runnervmmprz5 zainod-0.10.1[2979]:   19:38:12.223  INFO zaino_chain_head_service::service: Syncing block, height: 4382866, hash: 00146c54d6a13822399fe248b0df50d72d59bfc936672f9d1bc47937bd73207c
1791661092.223635 runnervmmprz5 zainod-0.10.1[2979]:     at packages/zaino-chain-head-service/src/service.rs:478
1791661092.223635 runnervmmprz5 zainod-0.10.1[2979]:     in zaino_chain_head_service::service::ChainHeadService::tick
1791661092.224173 runnervmmprz5 zainod-0.10.1[2979]:   19:38:12.224  INFO zaino_chain_head_service::service: Syncing block, height: 4382867, hash: 000601fcc517f67887baa2caefca54b947575cdf4328f1c46a39ce04178db53b
1791661092.224173 runnervmmprz5 zainod-0.10.1[2979]:     at packages/zaino-chain-head-service/src/service.rs:478
1791661092.224173 runnervmmprz5 zainod-0.10.1[2979]:     in zaino_chain_head_service::service::ChainHeadService::tick
1791661092.224421 runnervmmprz5 zainod-0.10.1[2979]:   19:38:12.224  INFO zaino_chain_head_service::service: Syncing block, height: 4382868, hash: 0000168f5d57ec7d97423018d3472cecdd0a55aff5e49bb71a52ac808d24d1bc
1791661092.224421 runnervmmprz5 zainod-0.10.1[2979]:     at packages/zaino-chain-head-service/src/service.rs:478
1791661092.224421 runnervmmprz5 zainod-0.10.1[2979]:     in zaino_chain_head_service::service::ChainHeadService::tick
1791661092.225633 runnervmmprz5 zainod-0.10.1[2979]:   19:38:12.224  INFO zaino_chain_head_service::service: Syncing block, height: 4382869, hash: 00001259439348582953cc42521798d3ad3ceff601a3a38a1c054e771307e4db
1791661092.225633 runnervmmprz5 zainod-0.10.1[2979]:     at packages/zaino-chain-head-service/src/service.rs:478
1791661092.225633 runnervmmprz5 zainod-0.10.1[2979]:     in zaino_chain_head_service::service::ChainHeadService::tick
1791661092.225633 runnervmmprz5 zainod-0.10.1[2979]:   19:38:12.225  INFO zaino_chain_head_service::service: Syncing block, height: 4382870, hash: 000046d4378c5e0a1498c7ed4ce2cb154e5f4509099cd157162cb8661238caa5
1791661092.225633 runnervmmprz5 zainod-0.10.1[2979]:     at packages/zaino-chain-head-service/src/service.rs:478
1791661092.225633 runnervmmprz5 zainod-0.10.1[2979]:     in zaino_chain_head_service::service::ChainHeadService::tick
1791661092.225990 runnervmmprz5 zainod-0.10.1[2979]:   19:38:12.225  INFO zaino_chain_head_service::service: Syncing block, height: 4382871, hash: 000015b37c1e86664d95d3b1e84746a4269a2db2c61bea67c38c5f1540e83957
1791661092.225990 runnervmmprz5 zainod-0.10.1[2979]:     at packages/zaino-chain-head-service/src/service.rs:478
1791661092.225990 runnervmmprz5 zainod-0.10.1[2979]:     in zaino_chain_head_service::service::ChainHeadService::tick
1791661092.226723 runnervmmprz5 zainod-0.10.1[2979]:   19:38:12.226  INFO zaino_chain_head_service::service: Syncing block, height: 4382872, hash: 0000339a9109778a1d3150eae8b547758c5b209c97e5b8a81f973d166713c6a2
1791661092.226723 runnervmmprz5 zainod-0.10.1[2979]:     at packages/zaino-chain-head-service/src/service.rs:478
1791661092.226723 runnervmmprz5 zainod-0.10.1[2979]:     in zaino_chain_head_service::service::ChainHeadService::tick
1791661092.227337 runnervmmprz5 zainod-0.10.1[2979]:   19:38:12.227  INFO zaino_chain_head_service::service: Syncing block, height: 4382873, hash: 00007984b882c6d2fb4bbab4fe544c654a9cf0d047edbce2011859a3a0da27ae
1791661092.227337 runnervmmprz5 zainod-0.10.1[2979]:     at packages/zaino-chain-head-service/src/service.rs:478
1791661092.227337 runnervmmprz5 zainod-0.10.1[2979]:     in zaino_chain_head_service::service::ChainHeadService::tick
1791661092.227777 runnervmmprz5 zainod-0.10.1[2979]:   19:38:12.227  INFO zaino_chain_head_service::service: Syncing block, height: 4382874, hash: 0000244494eb4425f8dd07750ae5a1ae11cc5e3fb994cede3ba2f63e23be19b2
1791661092.227777 runnervmmprz5 zainod-0.10.1[2979]:     at packages/zaino-chain-head-service/src/service.rs:478
1791661092.227777 runnervmmprz5 zainod-0.10.1[2979]:     in zaino_chain_head_service::service::ChainHeadService::tick
1791661092.228121 runnervmmprz5 zainod-0.10.1[2979]:   19:38:12.228  INFO zaino_chain_head_service::service: Syncing block, height: 4382875, hash: 00004f38186807d82adc138e216671f8993f2c84784acfbbedc8b6adbd95e9e9
1791661092.228121 runnervmmprz5 zainod-0.10.1[2979]:     at packages/zaino-chain-head-service/src/service.rs:478
1791661092.228121 runnervmmprz5 zainod-0.10.1[2979]:     in zaino_chain_head_service::service::ChainHeadService::tick
1791661092.229632 runnervmmprz5 zainod-0.10.1[2979]:   19:38:12.228  INFO zaino_chain_head_service::service: Syncing block, height: 4382876, hash: 00000dde800750c6ba9a93fca3f546412a74cf22f17979fcca0f8e157387d952
1791661092.229632 runnervmmprz5 zainod-0.10.1[2979]:     at packages/zaino-chain-head-service/src/service.rs:478
1791661092.229632 runnervmmprz5 zainod-0.10.1[2979]:     in zaino_chain_head_service::service::ChainHeadService::tick
1791661092.229632 runnervmmprz5 zainod-0.10.1[2979]:   19:38:12.228  INFO zaino_chain_head_service::service: Syncing block, height: 4382877, hash: 0000685305710d3b1cf27ca7c7b9753e035d002f4c8faee3951a5742ad5075ca
1791661092.229632 runnervmmprz5 zainod-0.10.1[2979]:     at packages/zaino-chain-head-service/src/service.rs:478
1791661092.229632 runnervmmprz5 zainod-0.10.1[2979]:     in zaino_chain_head_service::service::ChainHeadService::tick
1791661092.229632 runnervmmprz5 zainod-0.10.1[2979]:   19:38:12.228  INFO zaino_chain_head_service::service: Syncing block, height: 4382878, hash: 0011ad1831e2c6b05874cfbdaf0e73b1545f5f3293220cd4260dfaeea45f29de
1791661092.229632 runnervmmprz5 zainod-0.10.1[2979]:     at packages/zaino-chain-head-service/src/service.rs:478
1791661092.229632 runnervmmprz5 zainod-0.10.1[2979]:     in zaino_chain_head_service::service::ChainHeadService::tick
1791661092.229632 runnervmmprz5 zainod-0.10.1[2979]:   19:38:12.229  INFO zaino_chain_head_service::service: Syncing block, height: 4382879, hash: 000038879d14aaaa7a2cc2bfe3de206098ef0922ed6b314d2a11462d4cf0e4bd
1791661092.229632 runnervmmprz5 zainod-0.10.1[2979]:     at packages/zaino-chain-head-service/src/service.rs:478
1791661092.229632 runnervmmprz5 zainod-0.10.1[2979]:     in zaino_chain_head_service::service::ChainHeadService::tick
1791661092.230035 runnervmmprz5 zainod-0.10.1[2979]:   19:38:12.229  INFO zaino_chain_head_service::service: Syncing block, height: 4382880, hash: 00002f5b1e6c4722a722628f503754d9717597a6bbe27be7422859e0be2040b0
1791661092.230035 runnervmmprz5 zainod-0.10.1[2979]:     at packages/zaino-chain-head-service/src/service.rs:478
1791661092.230035 runnervmmprz5 zainod-0.10.1[2979]:     in zaino_chain_head_service::service::ChainHeadService::tick
1791661092.230299 runnervmmprz5 zainod-0.10.1[2979]:   19:38:12.230  INFO zaino_chain_head_service::service: Syncing block, height: 4382881, hash: 0000770d57a769a16a26c48c914b83125a52aae0a6d1028876e5695867ea04b8
1791661092.230299 runnervmmprz5 zainod-0.10.1[2979]:     at packages/zaino-chain-head-service/src/service.rs:478
1791661092.230299 runnervmmprz5 zainod-0.10.1[2979]:     in zaino_chain_head_service::service::ChainHeadService::tick
1791661092.231013 runnervmmprz5 zainod-0.10.1[2979]:   19:38:12.230  INFO zaino_chain_head_service::service: Syncing block, height: 4382882, hash: 00003ccbec2e2b29cf8bdd14d18d42363062c972f197a5bc2ea1182dc43e1424
1791661092.231013 runnervmmprz5 zainod-0.10.1[2979]:     at packages/zaino-chain-head-service/src/service.rs:478
1791661092.231013 runnervmmprz5 zainod-0.10.1[2979]:     in zaino_chain_head_service::service::ChainHeadService::tick
1791661092.234257 runnervmmprz5 zainod-0.10.1[2979]:   19:38:12.234  INFO zaino_chain_head_service::service: Syncing block, height: 4382883, hash: 000044c1617c88c51032f49257defc7100327d6c9e3c086f1ca9643efe69bca2
1791661092.234257 runnervmmprz5 zainod-0.10.1[2979]:     at packages/zaino-chain-head-service/src/service.rs:478
1791661092.234257 runnervmmprz5 zainod-0.10.1[2979]:     in zaino_chain_head_service::service::ChainHeadService::tick
1791661092.235103 runnervmmprz5 zainod-0.10.1[2979]:   19:38:12.235  INFO zaino_chain_head_service::service: Syncing block, height: 4382884, hash: 000063cfa64e6471ae51149eef0d7c9814d25e84761c9e4cc477e82a68f68c50
1791661092.235103 runnervmmprz5 zainod-0.10.1[2979]:     at packages/zaino-chain-head-service/src/service.rs:478
1791661092.235103 runnervmmprz5 zainod-0.10.1[2979]:     in zaino_chain_head_service::service::ChainHeadService::tick
1791661092.236925 runnervmmprz5 zainod-0.10.1[2979]:   19:38:12.236  INFO zaino_chain_head_service::service: Syncing block, height: 4382885, hash: 000006c9c995805778c60519a992444c5b3c2e601634083bc204c3a00322ba26
1791661092.236925 runnervmmprz5 zainod-0.10.1[2979]:     at packages/zaino-chain-head-service/src/service.rs:478
1791661092.236925 runnervmmprz5 zainod-0.10.1[2979]:     in zaino_chain_head_service::service::ChainHeadService::tick
1791661092.238061 runnervmmprz5 zainod-0.10.1[2979]:   19:38:12.238  INFO zaino_chain_head_service::service: Syncing block, height: 4382886, hash: 0000031ff7f8815ab24917848ebbdb64d1dbc17ca970480b14925a4d7dd02874
1791661092.238061 runnervmmprz5 zainod-0.10.1[2979]:     at packages/zaino-chain-head-service/src/service.rs:478
1791661092.238061 runnervmmprz5 zainod-0.10.1[2979]:     in zaino_chain_head_service::service::ChainHeadService::tick
1791661092.241582 runnervmmprz5 zainod-0.10.1[2979]:   19:38:12.241  INFO zaino_chain_head_service::service: Syncing block, height: 4382887, hash: 000074c032a050b754137ac64979a9b3ff02791e5928e1d098c0ae37ac6f8c8c
1791661092.241582 runnervmmprz5 zainod-0.10.1[2979]:     at packages/zaino-chain-head-service/src/service.rs:478
1791661092.241582 runnervmmprz5 zainod-0.10.1[2979]:     in zaino_chain_head_service::service::ChainHeadService::tick
1791661092.244971 runnervmmprz5 zainod-0.10.1[2979]:   19:38:12.244  INFO zaino_chain_head_service::service: Syncing block, height: 4382888, hash: 00004c9f646ec7b6e29204d936525ee922fb9aa449e3a1a118d801eb72ecba86
1791661092.244971 runnervmmprz5 zainod-0.10.1[2979]:     at packages/zaino-chain-head-service/src/service.rs:478
1791661092.244971 runnervmmprz5 zainod-0.10.1[2979]:     in zaino_chain_head_service::service::ChainHeadService::tick
1791661092.247921 runnervmmprz5 zainod-0.10.1[2979]:   19:38:12.247  INFO zaino_chain_head_service::service: Syncing block, height: 4382889, hash: 000058d16ac7820e4634c4bd368aedf98e1d580e048bc60d5dab4752790672ca
1791661092.247921 runnervmmprz5 zainod-0.10.1[2979]:     at packages/zaino-chain-head-service/src/service.rs:478
1791661092.247921 runnervmmprz5 zainod-0.10.1[2979]:     in zaino_chain_head_service::service::ChainHeadService::tick
1791661092.248259 runnervmmprz5 zainod-0.10.1[2979]:   19:38:12.248  INFO zaino_chain_head_service::service: Syncing block, height: 4382890, hash: 00006f9ea5a597f3053a86b16ad3fd893a3a979d3c81ea05f8ea26fe8495b7b9
1791661092.248259 runnervmmprz5 zainod-0.10.1[2979]:     at packages/zaino-chain-head-service/src/service.rs:478
1791661092.248259 runnervmmprz5 zainod-0.10.1[2979]:     in zaino_chain_head_service::service::ChainHeadService::tick
1791661092.250259 runnervmmprz5 zainod-0.10.1[2979]:   19:38:12.250  INFO zaino_chain_head_service::service: Syncing block, height: 4382891, hash: 00004464c38180ccf7d31e317b278dae54e786139aeea2cf7c1489c857a111ea
1791661092.250259 runnervmmprz5 zainod-0.10.1[2979]:     at packages/zaino-chain-head-service/src/service.rs:478
1791661092.250259 runnervmmprz5 zainod-0.10.1[2979]:     in zaino_chain_head_service::service::ChainHeadService::tick
1791661092.251356 runnervmmprz5 zainod-0.10.1[2979]:   19:38:12.251  INFO zaino_chain_head_service::service: Syncing block, height: 4382892, hash: 000ad8fa066a0404f72fc7854b87da0ffdc5de9984d10a62f1ee95ccbcff62df
1791661092.251356 runnervmmprz5 zainod-0.10.1[2979]:     at packages/zaino-chain-head-service/src/service.rs:478
1791661092.251356 runnervmmprz5 zainod-0.10.1[2979]:     in zaino_chain_head_service::service::ChainHeadService::tick
1791661092.252933 runnervmmprz5 zainod-0.10.1[2979]:   19:38:12.252  INFO zaino_chain_head_service::service: Syncing block, height: 4382893, hash: 0000042f2bbe4e63bb226c2307f18a708569e917feb70727183650321d22f639
1791661092.252933 runnervmmprz5 zainod-0.10.1[2979]:     at packages/zaino-chain-head-service/src/service.rs:478
1791661092.252933 runnervmmprz5 zainod-0.10.1[2979]:     in zaino_chain_head_service::service::ChainHeadService::tick
1791661092.253778 runnervmmprz5 zainod-0.10.1[2979]:   19:38:12.253  INFO zaino_chain_head_service::service: Syncing block, height: 4382894, hash: 00002b1620247efe49fa0aed1e548d55681ab247736e9cd44db127d4172da63e
1791661092.253778 runnervmmprz5 zainod-0.10.1[2979]:     at packages/zaino-chain-head-service/src/service.rs:478
1791661092.253778 runnervmmprz5 zainod-0.10.1[2979]:     in zaino_chain_head_service::service::ChainHeadService::tick
1791661092.255120 runnervmmprz5 zainod-0.10.1[2979]:   19:38:12.255  INFO zaino_chain_head_service::service: Syncing block, height: 4382895, hash: 00000fed6ede83c864846cbb64876ff96f79670dda29bd213c1e246fb0b2af84
1791661092.255120 runnervmmprz5 zainod-0.10.1[2979]:     at packages/zaino-chain-head-service/src/service.rs:478
1791661092.255120 runnervmmprz5 zainod-0.10.1[2979]:     in zaino_chain_head_service::service::ChainHeadService::tick
1791661092.256081 runnervmmprz5 zainod-0.10.1[2979]:   19:38:12.256  INFO zaino_chain_head_service::service: Syncing block, height: 4382896, hash: 00005dedf3b637d07f0767b737c42ffa8925f7d2fdb1f6f4f58d0fa4de08dac7
1791661092.256081 runnervmmprz5 zainod-0.10.1[2979]:     at packages/zaino-chain-head-service/src/service.rs:478
1791661092.256081 runnervmmprz5 zainod-0.10.1[2979]:     in zaino_chain_head_service::service::ChainHeadService::tick
1791661092.256493 runnervmmprz5 zainod-0.10.1[2979]:   19:38:12.256  INFO zaino_chain_head_service::service: Syncing block, height: 4382897, hash: 00005894e6410b9d9524e38d725e6595ef4c8f85d4deb9e56b340751b0c3d678
1791661092.256493 runnervmmprz5 zainod-0.10.1[2979]:     at packages/zaino-chain-head-service/src/service.rs:478
1791661092.256493 runnervmmprz5 zainod-0.10.1[2979]:     in zaino_chain_head_service::service::ChainHeadService::tick
1791661092.256880 runnervmmprz5 zainod-0.10.1[2979]:   19:38:12.256  INFO zaino_chain_head_service::service: Chain head tip advanced, old_height: 4381896, new_height: 4382897, new_hash: 00005894e6410b9d9524e38d725e6595ef4c8f85d4deb9e56b340751b0c3d678
1791661092.256880 runnervmmprz5 zainod-0.10.1[2979]:     at packages/zaino-chain-head-service/src/service.rs:979
1791661092.256880 runnervmmprz5 zainod-0.10.1[2979]:     in zaino_chain_head_service::service::ChainHeadService::tick
1791661092.355961 runnervmmprz5 zainod-0.10.1[2979]:   19:38:12.355  INFO zainodlib: Zaino Indexer started successfully.
1791661092.355961 runnervmmprz5 zainod-0.10.1[2979]:     at packages/zainod/src/lib.rs:52
1791661094.527740 runnervmmprz5 zainod-0.10.1[2979]:   19:38:14.527  INFO zaino_serve::rpc::grpc::service: [TEST] received call, method: "get_lightd_info"
1791661094.527740 runnervmmprz5 zainod-0.10.1[2979]:     at packages/zaino-serve/src/rpc/grpc/service.rs:161
1791661094.535677 runnervmmprz5 zainod-0.10.1[2979]:   19:38:14.535  INFO zaino_serve::rpc::grpc::service: [TEST] received call, method: "get_block"
1791661094.535677 runnervmmprz5 zainod-0.10.1[2979]:     at packages/zaino-serve/src/rpc/grpc/service.rs:161
1791661094.537915 runnervmmprz5 zainod-0.10.1[2979]:   19:38:14.537  INFO zaino_serve::rpc::grpc::service: [TEST] received call, method: "get_block"
1791661094.537915 runnervmmprz5 zainod-0.10.1[2979]:     at packages/zaino-serve/src/rpc/grpc/service.rs:161
1791661099.529073 runnervmmprz5 zainod-0.10.1[2979]:   19:38:19.528  INFO zaino_serve::rpc::grpc::service: [TEST] received call, method: "get_lightd_info"
1791661099.529073 runnervmmprz5 zainod-0.10.1[2979]:     at packages/zaino-serve/src/rpc/grpc/service.rs:161
1791661099.538225 runnervmmprz5 zainod-0.10.1[2979]:   19:38:19.538  INFO zaino_serve::rpc::grpc::service: [TEST] received call, method: "get_block"
1791661099.538225 runnervmmprz5 zainod-0.10.1[2979]:     at packages/zaino-serve/src/rpc/grpc/service.rs:161
1791661099.579410 runnervmmprz5 zainod-0.10.1[2979]:   19:38:19.579  INFO zaino_serve::rpc::grpc::service: [TEST] received call, method: "get_block"
1791661099.579410 runnervmmprz5 zainod-0.10.1[2979]:     at packages/zaino-serve/src/rpc/grpc/service.rs:161
1791661100.734553 runnervmmprz5 zainod-0.10.1[2979]:   19:38:20.734  INFO zaino_chain_store_zainodb::store::finalised_source::v1::write_core: write_blocks_to_height: syncing, current: 24698, target: 4381896, zebra_network: Testnet
1791661100.734553 runnervmmprz5 zainod-0.10.1[2979]:     at packages/zaino-chain-store-zainodb/src/store/finalised_source/v1/write_core.rs:184
1791661102.356559 runnervmmprz5 zainod-0.10.1[2979]:   19:38:22.356  INFO zainodlib::indexer: Zaino status check, chain_state: Ready, fs_mode: ephemeral(syncing), json_rpc: Ready, grpc: Ready
1791661102.356559 runnervmmprz5 zainod-0.10.1[2979]:     at packages/zainod/src/indexer.rs:333
1791661104.531058 runnervmmprz5 zainod-0.10.1[2979]:   19:38:24.530  INFO zaino_serve::rpc::grpc::service: [TEST] received call, method: "get_lightd_info"
1791661104.531058 runnervmmprz5 zainod-0.10.1[2979]:     at packages/zaino-serve/src/rpc/grpc/service.rs:161
1791661104.539272 runnervmmprz5 zainod-0.10.1[2979]:   19:38:24.539  INFO zaino_serve::rpc::grpc::service: [TEST] received call, method: "get_block"
1791661104.539272 runnervmmprz5 zainod-0.10.1[2979]:     at packages/zaino-serve/src/rpc/grpc/service.rs:161
1791661104.540769 runnervmmprz5 zainod-0.10.1[2979]:   19:38:24.540  INFO zaino_serve::rpc::grpc::service: [TEST] received call, method: "get_block"
1791661104.540769 runnervmmprz5 zainod-0.10.1[2979]:     at packages/zaino-serve/src/rpc/grpc/service.rs:161
1791661109.529945 runnervmmprz5 zainod-0.10.1[2979]:   19:38:29.529  INFO zaino_serve::rpc::grpc::service: [TEST] received call, method: "get_lightd_info"
1791661109.529945 runnervmmprz5 zainod-0.10.1[2979]:     at packages/zaino-serve/src/rpc/grpc/service.rs:161
1791661109.539321 runnervmmprz5 zainod-0.10.1[2979]:   19:38:29.539  INFO zaino_serve::rpc::grpc::service: [TEST] received call, method: "get_block"
1791661109.539321 runnervmmprz5 zainod-0.10.1[2979]:     at packages/zaino-serve/src/rpc/grpc/service.rs:161
1791661109.540779 runnervmmprz5 zainod-0.10.1[2979]:   19:38:29.540  INFO zaino_serve::rpc::grpc::service: [TEST] received call, method: "get_block"
1791661109.540779 runnervmmprz5 zainod-0.10.1[2979]:     at packages/zaino-serve/src/rpc/grpc/service.rs:161
1791661110.735018 runnervmmprz5 zainod-0.10.1[2979]:   19:38:30.734  INFO zaino_chain_store_zainodb::store::finalised_source::v1::write_core: write_blocks_to_height: syncing, current: 50906, target: 4381896, zebra_network: Testnet
1791661110.735018 runnervmmprz5 zainod-0.10.1[2979]:     at packages/zaino-chain-store-zainodb/src/store/finalised_source/v1/write_core.rs:184
1791661112.356717 runnervmmprz5 zainod-0.10.1[2979]:   19:38:32.356  INFO zainodlib::indexer: Zaino status check, chain_state: Ready, fs_mode: ephemeral(syncing), json_rpc: Ready, grpc: Ready
1791661112.356717 runnervmmprz5 zainod-0.10.1[2979]:     at packages/zainod/src/indexer.rs:333
1791661114.532780 runnervmmprz5 zainod-0.10.1[2979]:   19:38:34.532  INFO zaino_serve::rpc::grpc::service: [TEST] received call, method: "get_lightd_info"
1791661114.532780 runnervmmprz5 zainod-0.10.1[2979]:     at packages/zaino-serve/src/rpc/grpc/service.rs:161
1791661114.541469 runnervmmprz5 zainod-0.10.1[2979]:   19:38:34.541  INFO zaino_serve::rpc::grpc::service: [TEST] received call, method: "get_block"
1791661114.541469 runnervmmprz5 zainod-0.10.1[2979]:     at packages/zaino-serve/src/rpc/grpc/service.rs:161
1791661114.543844 runnervmmprz5 zainod-0.10.1[2979]:   19:38:34.543  INFO zaino_serve::rpc::grpc::service: [TEST] received call, method: "get_block"
1791661114.543844 runnervmmprz5 zainod-0.10.1[2979]:     at packages/zaino-serve/src/rpc/grpc/service.rs:161
1791661119.533521 runnervmmprz5 zainod-0.10.1[2979]:   19:38:39.533  INFO zaino_serve::rpc::grpc::service: [TEST] received call, method: "get_lightd_info"
1791661119.533521 runnervmmprz5 zainod-0.10.1[2979]:     at packages/zaino-serve/src/rpc/grpc/service.rs:161
1791661119.540222 runnervmmprz5 zainod-0.10.1[2979]:   19:38:39.540  INFO zaino_serve::rpc::grpc::service: [TEST] received call, method: "get_block"
1791661119.540222 runnervmmprz5 zainod-0.10.1[2979]:     at packages/zaino-serve/src/rpc/grpc/service.rs:161
1791661119.541641 runnervmmprz5 zainod-0.10.1[2979]:   19:38:39.541  INFO zaino_serve::rpc::grpc::service: [TEST] received call, method: "get_block"
1791661119.541641 runnervmmprz5 zainod-0.10.1[2979]:     at packages/zaino-serve/src/rpc/grpc/service.rs:161
1791661120.735423 runnervmmprz5 zainod-0.10.1[2979]:   19:38:40.735  INFO zaino_chain_store_zainodb::store::finalised_source::v1::write_core: write_blocks_to_height: syncing, current: 77204, target: 4381896, zebra_network: Testnet
1791661120.735423 runnervmmprz5 zainod-0.10.1[2979]:     at packages/zaino-chain-store-zainodb/src/store/finalised_source/v1/write_core.rs:184
1791661122.456248 runnervmmprz5 zainod-0.10.1[2979]:   19:38:42.456  INFO zainodlib::indexer: Zaino status check, chain_state: Ready, fs_mode: ephemeral(syncing), json_rpc: Ready, grpc: Ready
1791661122.456248 runnervmmprz5 zainod-0.10.1[2979]:     at packages/zainod/src/indexer.rs:333
1791661124.529480 runnervmmprz5 zainod-0.10.1[2979]:   19:38:44.529  INFO zaino_serve::rpc::grpc::service: [TEST] received call, method: "get_lightd_info"
1791661124.529480 runnervmmprz5 zainod-0.10.1[2979]:     at packages/zaino-serve/src/rpc/grpc/service.rs:161
1791661124.542031 runnervmmprz5 zainod-0.10.1[2979]:   19:38:44.542  INFO zaino_serve::rpc::grpc::service: [TEST] received call, method: "get_block"
1791661124.542031 runnervmmprz5 zainod-0.10.1[2979]:     at packages/zaino-serve/src/rpc/grpc/service.rs:161
1791661124.543796 runnervmmprz5 zainod-0.10.1[2979]:   19:38:44.543  INFO zaino_serve::rpc::grpc::service: [TEST] received call, method: "get_block"
1791661124.543796 runnervmmprz5 zainod-0.10.1[2979]:     at packages/zaino-serve/src/rpc/grpc/service.rs:161
1791661129.535081 runnervmmprz5 zainod-0.10.1[2979]:   19:38:49.535  INFO zaino_serve::rpc::grpc::service: [TEST] received call, method: "get_lightd_info"
1791661129.535081 runnervmmprz5 zainod-0.10.1[2979]:     at packages/zaino-serve/src/rpc/grpc/service.rs:161
1791661129.545622 runnervmmprz5 zainod-0.10.1[2979]:   19:38:49.545  INFO zaino_serve::rpc::grpc::service: [TEST] received call, method: "get_block"
1791661129.545622 runnervmmprz5 zainod-0.10.1[2979]:     at packages/zaino-serve/src/rpc/grpc/service.rs:161
1791661129.547526 runnervmmprz5 zainod-0.10.1[2979]:   19:38:49.547  INFO zaino_serve::rpc::grpc::service: [TEST] received call, method: "get_block"
1791661129.547526 runnervmmprz5 zainod-0.10.1[2979]:     at packages/zaino-serve/src/rpc/grpc/service.rs:161
1791661130.736075 runnervmmprz5 zainod-0.10.1[2979]:   19:38:50.736  INFO zaino_chain_store_zainodb::store::finalised_source::v1::write_core: write_blocks_to_height: syncing, current: 106506, target: 4381896, zebra_network: Testnet
1791661130.736075 runnervmmprz5 zainod-0.10.1[2979]:     at packages/zaino-chain-store-zainodb/src/store/finalised_source/v1/write_core.rs:184
1791661132.457032 runnervmmprz5 zainod-0.10.1[2979]:   19:38:52.456  INFO zainodlib::indexer: Zaino status check, chain_state: Ready, fs_mode: ephemeral(syncing), json_rpc: Ready, grpc: Ready
1791661132.457032 runnervmmprz5 zainod-0.10.1[2979]:     at packages/zainod/src/indexer.rs:333
1791661134.531093 runnervmmprz5 zainod-0.10.1[2979]:   19:38:54.531  INFO zaino_serve::rpc::grpc::service: [TEST] received call, method: "get_lightd_info"
1791661134.531093 runnervmmprz5 zainod-0.10.1[2979]:     at packages/zaino-serve/src/rpc/grpc/service.rs:161
1791661134.538431 runnervmmprz5 zainod-0.10.1[2979]:   19:38:54.538  INFO zaino_serve::rpc::grpc::service: [TEST] received call, method: "get_block"
1791661134.538431 runnervmmprz5 zainod-0.10.1[2979]:     at packages/zaino-serve/src/rpc/grpc/service.rs:161
1791661134.539608 runnervmmprz5 zainod-0.10.1[2979]:   19:38:54.539  INFO zaino_serve::rpc::grpc::service: [TEST] received call, method: "get_block"
1791661134.539608 runnervmmprz5 zainod-0.10.1[2979]:     at packages/zaino-serve/src/rpc/grpc/service.rs:161
1791661139.534499 runnervmmprz5 zainod-0.10.1[2979]:   19:38:59.534  INFO zaino_serve::rpc::grpc::service: [TEST] received call, method: "get_lightd_info"
1791661139.534499 runnervmmprz5 zainod-0.10.1[2979]:     at packages/zaino-serve/src/rpc/grpc/service.rs:161
1791661139.543194 runnervmmprz5 zainod-0.10.1[2979]:   19:38:59.543  INFO zaino_serve::rpc::grpc::service: [TEST] received call, method: "get_block"
1791661139.543194 runnervmmprz5 zainod-0.10.1[2979]:     at packages/zaino-serve/src/rpc/grpc/service.rs:161
1791661139.544360 runnervmmprz5 zainod-0.10.1[2979]:   19:38:59.544  INFO zaino_serve::rpc::grpc::service: [TEST] received call, method: "get_block"
1791661139.544360 runnervmmprz5 zainod-0.10.1[2979]:     at packages/zaino-serve/src/rpc/grpc/service.rs:161
1791661140.736570 runnervmmprz5 zainod-0.10.1[2979]:   19:39:00.736  INFO zaino_chain_store_zainodb::store::finalised_source::v1::write_core: write_blocks_to_height: syncing, current: 134574, target: 4381896, zebra_network: Testnet
1791661140.736570 runnervmmprz5 zainod-0.10.1[2979]:     at packages/zaino-chain-store-zainodb/src/store/finalised_source/v1/write_core.rs:184
1791661142.556607 runnervmmprz5 zainod-0.10.1[2979]:   19:39:02.556  INFO zainodlib::indexer: Zaino status check, chain_state: Ready, fs_mode: ephemeral(syncing), json_rpc: Ready, grpc: Ready
1791661142.556607 runnervmmprz5 zainod-0.10.1[2979]:     at packages/zainod/src/indexer.rs:333
1791661144.531737 runnervmmprz5 zainod-0.10.1[2979]:   19:39:04.531  INFO zaino_serve::rpc::grpc::service: [TEST] received call, method: "get_lightd_info"
1791661144.531737 runnervmmprz5 zainod-0.10.1[2979]:     at packages/zaino-serve/src/rpc/grpc/service.rs:161
1791661144.540055 runnervmmprz5 zainod-0.10.1[2979]:   19:39:04.540  INFO zaino_serve::rpc::grpc::service: [TEST] received call, method: "get_block"
1791661144.540055 runnervmmprz5 zainod-0.10.1[2979]:     at packages/zaino-serve/src/rpc/grpc/service.rs:161
1791661144.541683 runnervmmprz5 zainod-0.10.1[2979]:   19:39:04.541  INFO zaino_serve::rpc::grpc::service: [TEST] received call, method: "get_block"
1791661144.541683 runnervmmprz5 zainod-0.10.1[2979]:     at packages/zaino-serve/src/rpc/grpc/service.rs:161
1791661149.537957 runnervmmprz5 zainod-0.10.1[2979]:   19:39:09.537  INFO zaino_serve::rpc::grpc::service: [TEST] received call, method: "get_lightd_info"
1791661149.537957 runnervmmprz5 zainod-0.10.1[2979]:     at packages/zaino-serve/src/rpc/grpc/service.rs:161
1791661149.545147 runnervmmprz5 zainod-0.10.1[2979]:   19:39:09.545  INFO zaino_serve::rpc::grpc::service: [TEST] received call, method: "get_block"
1791661149.545147 runnervmmprz5 zainod-0.10.1[2979]:     at packages/zaino-serve/src/rpc/grpc/service.rs:161
1791661149.546938 runnervmmprz5 zainod-0.10.1[2979]:   19:39:09.546  INFO zaino_serve::rpc::grpc::service: [TEST] received call, method: "get_block"
1791661149.546938 runnervmmprz5 zainod-0.10.1[2979]:     at packages/zaino-serve/src/rpc/grpc/service.rs:161
1791661150.737519 runnervmmprz5 zainod-0.10.1[2979]:   19:39:10.737  INFO zaino_chain_store_zainodb::store::finalised_source::v1::write_core: write_blocks_to_height: syncing, current: 167880, target: 4381896, zebra_network: Testnet
1791661150.737519 runnervmmprz5 zainod-0.10.1[2979]:     at packages/zaino-chain-store-zainodb/src/store/finalised_source/v1/write_core.rs:184
1791661152.556924 runnervmmprz5 zainod-0.10.1[2979]:   19:39:12.556  INFO zainodlib::indexer: Zaino status check, chain_state: Ready, fs_mode: ephemeral(syncing), json_rpc: Ready, grpc: Ready
1791661152.556924 runnervmmprz5 zainod-0.10.1[2979]:     at packages/zainod/src/indexer.rs:333
1791661154.537160 runnervmmprz5 zainod-0.10.1[2979]:   19:39:14.537  INFO zaino_serve::rpc::grpc::service: [TEST] received call, method: "get_lightd_info"
1791661154.537160 runnervmmprz5 zainod-0.10.1[2979]:     at packages/zaino-serve/src/rpc/grpc/service.rs:161
1791661154.547166 runnervmmprz5 zainod-0.10.1[2979]:   19:39:14.547  INFO zaino_serve::rpc::grpc::service: [TEST] received call, method: "get_block"
1791661154.547166 runnervmmprz5 zainod-0.10.1[2979]:     at packages/zaino-serve/src/rpc/grpc/service.rs:161
1791661154.548426 runnervmmprz5 zainod-0.10.1[2979]:   19:39:14.548  INFO zaino_serve::rpc::grpc::service: [TEST] received call, method: "get_block"
1791661154.548426 runnervmmprz5 zainod-0.10.1[2979]:     at packages/zaino-serve/src/rpc/grpc/service.rs:161
1791661159.537942 runnervmmprz5 zainod-0.10.1[2979]:   19:39:19.537  INFO zaino_serve::rpc::grpc::service: [TEST] received call, method: "get_lightd_info"
1791661159.537942 runnervmmprz5 zainod-0.10.1[2979]:     at packages/zaino-serve/src/rpc/grpc/service.rs:161
1791661159.543838 runnervmmprz5 zainod-0.10.1[2979]:   19:39:19.543  INFO zaino_serve::rpc::grpc::service: [TEST] received call, method: "get_block"
1791661159.543838 runnervmmprz5 zainod-0.10.1[2979]:     at packages/zaino-serve/src/rpc/grpc/service.rs:161
1791661159.544952 runnervmmprz5 zainod-0.10.1[2979]:   19:39:19.544  INFO zaino_serve::rpc::grpc::service: [TEST] received call, method: "get_block"
1791661159.544952 runnervmmprz5 zainod-0.10.1[2979]:     at packages/zaino-serve/src/rpc/grpc/service.rs:161
1791661160.262395 runnervmmprz5 zainod-0.10.1[2979]:   19:39:20.262  INFO zaino_chain_store_zainodb::store::finalised_source::v1::write_core: write_blocks_to_height: committed batch, height: 99999, blocks: 100000
1791661160.262395 runnervmmprz5 zainod-0.10.1[2979]:     at packages/zaino-chain-store-zainodb/src/store/finalised_source/v1/write_core.rs:636
1791661160.738726 runnervmmprz5 zainod-0.10.1[2979]:   19:39:20.738  INFO zaino_chain_store_zainodb::store::finalised_source::v1::write_core: write_blocks_to_height: syncing, current: 201103, target: 4381896, zebra_network: Testnet
1791661160.738726 runnervmmprz5 zainod-0.10.1[2979]:     at packages/zaino-chain-store-zainodb/src/store/finalised_source/v1/write_core.rs:184
1791661162.557065 runnervmmprz5 zainod-0.10.1[2979]:   19:39:22.557  INFO zainodlib::indexer: Zaino status check, chain_state: Ready, fs_mode: ephemeral(syncing), json_rpc: Ready, grpc: Ready
1791661162.557065 runnervmmprz5 zainod-0.10.1[2979]:     at packages/zainod/src/indexer.rs:333
1791661164.536353 runnervmmprz5 zainod-0.10.1[2979]:   19:39:24.536  INFO zaino_serve::rpc::grpc::service: [TEST] received call, method: "get_lightd_info"
1791661164.536353 runnervmmprz5 zainod-0.10.1[2979]:     at packages/zaino-serve/src/rpc/grpc/service.rs:161
1791661164.542797 runnervmmprz5 zainod-0.10.1[2979]:   19:39:24.542  INFO zaino_serve::rpc::grpc::service: [TEST] received call, method: "get_block"
1791661164.542797 runnervmmprz5 zainod-0.10.1[2979]:     at packages/zaino-serve/src/rpc/grpc/service.rs:161
1791661164.544163 runnervmmprz5 zainod-0.10.1[2979]:   19:39:24.543  INFO zaino_serve::rpc::grpc::service: [TEST] received call, method: "get_block"
1791661164.544163 runnervmmprz5 zainod-0.10.1[2979]:     at packages/zaino-serve/src/rpc/grpc/service.rs:161
1791661169.543176 runnervmmprz5 zainod-0.10.1[2979]:   19:39:29.543  INFO zaino_serve::rpc::grpc::service: [TEST] received call, method: "get_lightd_info"
1791661169.543176 runnervmmprz5 zainod-0.10.1[2979]:     at packages/zaino-serve/src/rpc/grpc/service.rs:161
1791661169.548791 runnervmmprz5 zainod-0.10.1[2979]:   19:39:29.548  INFO zaino_serve::rpc::grpc::service: [TEST] received call, method: "get_block"
1791661169.548791 runnervmmprz5 zainod-0.10.1[2979]:     at packages/zaino-serve/src/rpc/grpc/service.rs:161
1791661169.549941 runnervmmprz5 zainod-0.10.1[2979]:   19:39:29.549  INFO zaino_serve::rpc::grpc::service: [TEST] received call, method: "get_block"
1791661169.549941 runnervmmprz5 zainod-0.10.1[2979]:     at packages/zaino-serve/src/rpc/grpc/service.rs:161
1791661170.739559 runnervmmprz5 zainod-0.10.1[2979]:   19:39:30.739  INFO zaino_chain_store_zainodb::store::finalised_source::v1::write_core: write_blocks_to_height: syncing, current: 226369, target: 4381896, zebra_network: Testnet
1791661170.739559 runnervmmprz5 zainod-0.10.1[2979]:     at packages/zaino-chain-store-zainodb/src/store/finalised_source/v1/write_core.rs:184
1791661172.656583 runnervmmprz5 zainod-0.10.1[2979]:   19:39:32.656  INFO zainodlib::indexer: Zaino status check, chain_state: Ready, fs_mode: ephemeral(syncing), json_rpc: Ready, grpc: Ready
1791661172.656583 runnervmmprz5 zainod-0.10.1[2979]:     at packages/zainod/src/indexer.rs:333
1791661174.544832 runnervmmprz5 zainod-0.10.1[2979]:   19:39:34.544  INFO zaino_serve::rpc::grpc::service: [TEST] received call, method: "get_lightd_info"
1791661174.544832 runnervmmprz5 zainod-0.10.1[2979]:     at packages/zaino-serve/src/rpc/grpc/service.rs:161
1791661174.551381 runnervmmprz5 zainod-0.10.1[2979]:   19:39:34.551  INFO zaino_serve::rpc::grpc::service: [TEST] received call, method: "get_block"
1791661174.551381 runnervmmprz5 zainod-0.10.1[2979]:     at packages/zaino-serve/src/rpc/grpc/service.rs:161
1791661174.552729 runnervmmprz5 zainod-0.10.1[2979]:   19:39:34.552  INFO zaino_serve::rpc::grpc::service: [TEST] received call, method: "get_block"
1791661174.552729 runnervmmprz5 zainod-0.10.1[2979]:     at packages/zaino-serve/src/rpc/grpc/service.rs:161
1791661179.542138 runnervmmprz5 zainod-0.10.1[2979]:   19:39:39.542  INFO zaino_serve::rpc::grpc::service: [TEST] received call, method: "get_lightd_info"
1791661179.542138 runnervmmprz5 zainod-0.10.1[2979]:     at packages/zaino-serve/src/rpc/grpc/service.rs:161
1791661179.549693 runnervmmprz5 zainod-0.10.1[2979]:   19:39:39.549  INFO zaino_serve::rpc::grpc::service: [TEST] received call, method: "get_block"
1791661179.549693 runnervmmprz5 zainod-0.10.1[2979]:     at packages/zaino-serve/src/rpc/grpc/service.rs:161
1791661179.551274 runnervmmprz5 zainod-0.10.1[2979]:   19:39:39.551  INFO zaino_serve::rpc::grpc::service: [TEST] received call, method: "get_block"
1791661179.551274 runnervmmprz5 zainod-0.10.1[2979]:     at packages/zaino-serve/src/rpc/grpc/service.rs:161
1791661180.739636 runnervmmprz5 zainod-0.10.1[2979]:   19:39:40.739  INFO zaino_chain_store_zainodb::store::finalised_source::v1::write_core: write_blocks_to_height: syncing, current: 257575, target: 4381896, zebra_network: Testnet
1791661180.739636 runnervmmprz5 zainod-0.10.1[2979]:     at packages/zaino-chain-store-zainodb/src/store/finalised_source/v1/write_core.rs:184
1791661182.657280 runnervmmprz5 zainod-0.10.1[2979]:   19:39:42.657  INFO zainodlib::indexer: Zaino status check, chain_state: Ready, fs_mode: ephemeral(syncing), json_rpc: Ready, grpc: Ready
1791661182.657280 runnervmmprz5 zainod-0.10.1[2979]:     at packages/zainod/src/indexer.rs:333
1791661184.537872 runnervmmprz5 zainod-0.10.1[2979]:   19:39:44.537  INFO zaino_serve::rpc::grpc::service: [TEST] received call, method: "get_lightd_info"
1791661184.537872 runnervmmprz5 zainod-0.10.1[2979]:     at packages/zaino-serve/src/rpc/grpc/service.rs:161
1791661184.544328 runnervmmprz5 zainod-0.10.1[2979]:   19:39:44.544  INFO zaino_serve::rpc::grpc::service: [TEST] received call, method: "get_block"
1791661184.544328 runnervmmprz5 zainod-0.10.1[2979]:     at packages/zaino-serve/src/rpc/grpc/service.rs:161
1791661184.545524 runnervmmprz5 zainod-0.10.1[2979]:   19:39:44.545  INFO zaino_serve::rpc::grpc::service: [TEST] received call, method: "get_block"
1791661184.545524 runnervmmprz5 zainod-0.10.1[2979]:     at packages/zaino-serve/src/rpc/grpc/service.rs:161
1791661189.536803 runnervmmprz5 zainod-0.10.1[2979]:   19:39:49.536  INFO zaino_serve::rpc::grpc::service: [TEST] received call, method: "get_lightd_info"
1791661189.536803 runnervmmprz5 zainod-0.10.1[2979]:     at packages/zaino-serve/src/rpc/grpc/service.rs:161
1791661189.542249 runnervmmprz5 zainod-0.10.1[2979]:   19:39:49.542  INFO zaino_serve::rpc::grpc::service: [TEST] received call, method: "get_block"
1791661189.542249 runnervmmprz5 zainod-0.10.1[2979]:     at packages/zaino-serve/src/rpc/grpc/service.rs:161
1791661189.543107 runnervmmprz5 zainod-0.10.1[2979]:   19:39:49.543  INFO zaino_serve::rpc::grpc::service: [TEST] received call, method: "get_block"
1791661189.543107 runnervmmprz5 zainod-0.10.1[2979]:     at packages/zaino-serve/src/rpc/grpc/service.rs:161
1791661190.822538 runnervmmprz5 zainod-0.10.1[2979]:   19:39:50.822  INFO zaino_chain_store_zainodb::store::finalised_source::v1::write_core: write_blocks_to_height: syncing, current: 282763, target: 4381896, zebra_network: Testnet
1791661190.822538 runnervmmprz5 zainod-0.10.1[2979]:     at packages/zaino-chain-store-zainodb/src/store/finalised_source/v1/write_core.rs:184
1791661192.756417 runnervmmprz5 zainod-0.10.1[2979]:   19:39:52.756  INFO zainodlib::indexer: Zaino status check, chain_state: Ready, fs_mode: ephemeral(syncing), json_rpc: Ready, grpc: Ready
1791661192.756417 runnervmmprz5 zainod-0.10.1[2979]:     at packages/zainod/src/indexer.rs:333
1791661194.535060 runnervmmprz5 zainod-0.10.1[2979]:   19:39:54.535  INFO zaino_serve::rpc::grpc::service: [TEST] received call, method: "get_lightd_info"
1791661194.535060 runnervmmprz5 zainod-0.10.1[2979]:     at packages/zaino-serve/src/rpc/grpc/service.rs:161
1791661194.540569 runnervmmprz5 zainod-0.10.1[2979]:   19:39:54.540  INFO zaino_serve::rpc::grpc::service: [TEST] received call, method: "get_block"
1791661194.540569 runnervmmprz5 zainod-0.10.1[2979]:     at packages/zaino-serve/src/rpc/grpc/service.rs:161
1791661194.541896 runnervmmprz5 zainod-0.10.1[2979]:   19:39:54.541  INFO zaino_serve::rpc::grpc::service: [TEST] received call, method: "get_block"
1791661194.541896 runnervmmprz5 zainod-0.10.1[2979]:     at packages/zaino-serve/src/rpc/grpc/service.rs:161
1791661199.541203 runnervmmprz5 zainod-0.10.1[2979]:   19:39:59.541  INFO zaino_serve::rpc::grpc::service: [TEST] received call, method: "get_lightd_info"
1791661199.541203 runnervmmprz5 zainod-0.10.1[2979]:     at packages/zaino-serve/src/rpc/grpc/service.rs:161
1791661199.546503 runnervmmprz5 zainod-0.10.1[2979]:   19:39:59.546  INFO zaino_serve::rpc::grpc::service: [TEST] received call, method: "get_block"
1791661199.546503 runnervmmprz5 zainod-0.10.1[2979]:     at packages/zaino-serve/src/rpc/grpc/service.rs:161
1791661199.547357 runnervmmprz5 zainod-0.10.1[2979]:   19:39:59.547  INFO zaino_serve::rpc::grpc::service: [TEST] received call, method: "get_block"
1791661199.547357 runnervmmprz5 zainod-0.10.1[2979]:     at packages/zaino-serve/src/rpc/grpc/service.rs:161
1791661199.773080 runnervmmprz5 zainod-0.10.1[2979]:   19:39:59.772  INFO zaino_chain_store_zainodb::store::finalised_source::v1::write_core: write_blocks_to_height: committed batch, height: 199999, blocks: 100000
1791661199.773080 runnervmmprz5 zainod-0.10.1[2979]:     at packages/zaino-chain-store-zainodb/src/store/finalised_source/v1/write_core.rs:636
1791661200.823024 runnervmmprz5 zainod-0.10.1[2979]:   19:40:00.822  INFO zaino_chain_store_zainodb::store::finalised_source::v1::write_core: write_blocks_to_height: syncing, current: 304295, target: 4381896, zebra_network: Testnet
1791661200.823024 runnervmmprz5 zainod-0.10.1[2979]:     at packages/zaino-chain-store-zainodb/src/store/finalised_source/v1/write_core.rs:184
1791661202.756858 runnervmmprz5 zainod-0.10.1[2979]:   19:40:02.756  INFO zainodlib::indexer: Zaino status check, chain_state: Ready, fs_mode: ephemeral(syncing), json_rpc: Ready, grpc: Ready
1791661202.756858 runnervmmprz5 zainod-0.10.1[2979]:     at packages/zainod/src/indexer.rs:333
1791661206.628287 runnervmmprz5 zainod-0.10.1[2979]:   19:40:06.628  INFO zaino_serve::rpc::grpc::service: [TEST] received call, method: "get_block"
1791661206.628287 runnervmmprz5 zainod-0.10.1[2979]:     at packages/zaino-serve/src/rpc/grpc/service.rs:161
1791661206.629045 runnervmmprz5 zainod-0.10.1[2979]:   19:40:06.628  INFO zaino_serve::rpc::grpc::service: [TEST] received call, method: "get_lightd_info"
1791661206.629045 runnervmmprz5 zainod-0.10.1[2979]:     at packages/zaino-serve/src/rpc/grpc/service.rs:161
1791661206.630459 runnervmmprz5 zainod-0.10.1[2979]:   19:40:06.630  INFO zaino_serve::rpc::grpc::service: [TEST] received call, method: "get_block"
1791661206.630459 runnervmmprz5 zainod-0.10.1[2979]:     at packages/zaino-serve/src/rpc/grpc/service.rs:161
1791661209.688844 runnervmmprz5 zainod-0.10.1[2979]:   19:40:09.688  INFO zaino_serve::rpc::grpc::service: [TEST] received call, method: "get_lightd_info"
1791661209.688844 runnervmmprz5 zainod-0.10.1[2979]:     at packages/zaino-serve/src/rpc/grpc/service.rs:161
1791661209.694226 runnervmmprz5 zainod-0.10.1[2979]:   19:40:09.694  INFO zaino_serve::rpc::grpc::service: [TEST] received call, method: "get_block"
1791661209.694226 runnervmmprz5 zainod-0.10.1[2979]:     at packages/zaino-serve/src/rpc/grpc/service.rs:161
1791661209.695203 runnervmmprz5 zainod-0.10.1[2979]:   19:40:09.695  INFO zaino_serve::rpc::grpc::service: [TEST] received call, method: "get_block"
1791661209.695203 runnervmmprz5 zainod-0.10.1[2979]:     at packages/zaino-serve/src/rpc/grpc/service.rs:161
1791661210.823350 runnervmmprz5 zainod-0.10.1[2979]:   19:40:10.823  INFO zaino_chain_store_zainodb::store::finalised_source::v1::write_core: write_blocks_to_height: syncing, current: 348938, target: 4381896, zebra_network: Testnet
1791661210.823350 runnervmmprz5 zainod-0.10.1[2979]:     at packages/zaino-chain-store-zainodb/src/store/finalised_source/v1/write_core.rs:184
1791661212.757204 runnervmmprz5 zainod-0.10.1[2979]:   19:40:12.757  INFO zainodlib::indexer: Zaino status check, chain_state: Ready, fs_mode: ephemeral(syncing), json_rpc: Ready, grpc: Ready
1791661212.757204 runnervmmprz5 zainod-0.10.1[2979]:     at packages/zainod/src/indexer.rs:333
1791661214.692045 runnervmmprz5 zainod-0.10.1[2979]:   19:40:14.691  INFO zaino_serve::rpc::grpc::service: [TEST] received call, method: "get_lightd_info"
1791661214.692045 runnervmmprz5 zainod-0.10.1[2979]:     at packages/zaino-serve/src/rpc/grpc/service.rs:161
1791661214.697601 runnervmmprz5 zainod-0.10.1[2979]:   19:40:14.697  INFO zaino_serve::rpc::grpc::service: [TEST] received call, method: "get_block"
1791661214.697601 runnervmmprz5 zainod-0.10.1[2979]:     at packages/zaino-serve/src/rpc/grpc/service.rs:161
1791661214.698409 runnervmmprz5 zainod-0.10.1[2979]:   19:40:14.698  INFO zaino_serve::rpc::grpc::service: [TEST] received call, method: "get_block"
1791661214.698409 runnervmmprz5 zainod-0.10.1[2979]:     at packages/zaino-serve/src/rpc/grpc/service.rs:161
1791661219.689462 runnervmmprz5 zainod-0.10.1[2979]:   19:40:19.689  INFO zaino_serve::rpc::grpc::service: [TEST] received call, method: "get_lightd_info"
1791661219.689462 runnervmmprz5 zainod-0.10.1[2979]:     at packages/zaino-serve/src/rpc/grpc/service.rs:161
1791661219.695037 runnervmmprz5 zainod-0.10.1[2979]:   19:40:19.695  INFO zaino_serve::rpc::grpc::service: [TEST] received call, method: "get_block"
1791661219.695037 runnervmmprz5 zainod-0.10.1[2979]:     at packages/zaino-serve/src/rpc/grpc/service.rs:161
1791661219.695789 runnervmmprz5 zainod-0.10.1[2979]:   19:40:19.695  INFO zaino_serve::rpc::grpc::service: [TEST] received call, method: "get_block"
1791661219.695789 runnervmmprz5 zainod-0.10.1[2979]:     at packages/zaino-serve/src/rpc/grpc/service.rs:161
1791661220.367088 runnervmmprz5 zainod-0.10.1[2979]:   19:40:20.367  INFO zaino_chain_store_zainodb::store::finalised_source::v1::write_core: write_blocks_to_height: committed batch, height: 299999, blocks: 100000
1791661220.367088 runnervmmprz5 zainod-0.10.1[2979]:     at packages/zaino-chain-store-zainodb/src/store/finalised_source/v1/write_core.rs:636
1791661220.823816 runnervmmprz5 zainod-0.10.1[2979]:   19:40:20.823  INFO zaino_chain_store_zainodb::store::finalised_source::v1::write_core: write_blocks_to_height: syncing, current: 401688, target: 4381896, zebra_network: Testnet
1791661220.823816 runnervmmprz5 zainod-0.10.1[2979]:     at packages/zaino-chain-store-zainodb/src/store/finalised_source/v1/write_core.rs:184
1791661222.856748 runnervmmprz5 zainod-0.10.1[2979]:   19:40:22.856  INFO zainodlib::indexer: Zaino status check, chain_state: Ready, fs_mode: ephemeral(syncing), json_rpc: Ready, grpc: Ready
1791661222.856748 runnervmmprz5 zainod-0.10.1[2979]:     at packages/zainod/src/indexer.rs:333
1791661224.692624 runnervmmprz5 zainod-0.10.1[2979]:   19:40:24.692  INFO zaino_serve::rpc::grpc::service: [TEST] received call, method: "get_lightd_info"
1791661224.692624 runnervmmprz5 zainod-0.10.1[2979]:     at packages/zaino-serve/src/rpc/grpc/service.rs:161
1791661224.697285 runnervmmprz5 zainod-0.10.1[2979]:   19:40:24.697  INFO zaino_serve::rpc::grpc::service: [TEST] received call, method: "get_block"
1791661224.697285 runnervmmprz5 zainod-0.10.1[2979]:     at packages/zaino-serve/src/rpc/grpc/service.rs:161
1791661224.698346 runnervmmprz5 zainod-0.10.1[2979]:   19:40:24.698  INFO zaino_serve::rpc::grpc::service: [TEST] received call, method: "get_block"
1791661224.698346 runnervmmprz5 zainod-0.10.1[2979]:     at packages/zaino-serve/src/rpc/grpc/service.rs:161
1791661229.690858 runnervmmprz5 zainod-0.10.1[2979]:   19:40:29.690  INFO zaino_serve::rpc::grpc::service: [TEST] received call, method: "get_lightd_info"
1791661229.690858 runnervmmprz5 zainod-0.10.1[2979]:     at packages/zaino-serve/src/rpc/grpc/service.rs:161
1791661229.695916 runnervmmprz5 zainod-0.10.1[2979]:   19:40:29.695  INFO zaino_serve::rpc::grpc::service: [TEST] received call, method: "get_block"
1791661229.695916 runnervmmprz5 zainod-0.10.1[2979]:     at packages/zaino-serve/src/rpc/grpc/service.rs:161
1791661229.696842 runnervmmprz5 zainod-0.10.1[2979]:   19:40:29.696  INFO zaino_serve::rpc::grpc::service: [TEST] received call, method: "get_block"
1791661229.696842 runnervmmprz5 zainod-0.10.1[2979]:     at packages/zaino-serve/src/rpc/grpc/service.rs:161
1791661230.823896 runnervmmprz5 zainod-0.10.1[2979]:   19:40:30.823  INFO zaino_chain_store_zainodb::store::finalised_source::v1::write_core: write_blocks_to_height: syncing, current: 445026, target: 4381896, zebra_network: Testnet
1791661230.823896 runnervmmprz5 zainod-0.10.1[2979]:     at packages/zaino-chain-store-zainodb/src/store/finalised_source/v1/write_core.rs:184
1791661232.957050 runnervmmprz5 zainod-0.10.1[2979]:   19:40:32.957  INFO zainodlib::indexer: Zaino status check, chain_state: Ready, fs_mode: ephemeral(syncing), json_rpc: Ready, grpc: Ready
1791661232.957050 runnervmmprz5 zainod-0.10.1[2979]:     at packages/zainod/src/indexer.rs:333
1791661234.690644 runnervmmprz5 zainod-0.10.1[2979]:   19:40:34.690  INFO zaino_serve::rpc::grpc::service: [TEST] received call, method: "get_lightd_info"
1791661234.690644 runnervmmprz5 zainod-0.10.1[2979]:     at packages/zaino-serve/src/rpc/grpc/service.rs:161
1791661234.694564 runnervmmprz5 zainod-0.10.1[2979]:   19:40:34.694  INFO zaino_serve::rpc::grpc::service: [TEST] received call, method: "get_block"
1791661234.694564 runnervmmprz5 zainod-0.10.1[2979]:     at packages/zaino-serve/src/rpc/grpc/service.rs:161
1791661234.697344 runnervmmprz5 zainod-0.10.1[2979]:   19:40:34.697  INFO zaino_serve::rpc::grpc::service: [TEST] received call, method: "get_block"
1791661234.697344 runnervmmprz5 zainod-0.10.1[2979]:     at packages/zaino-serve/src/rpc/grpc/service.rs:161
1791661239.689140 runnervmmprz5 zainod-0.10.1[2979]:   19:40:39.689  INFO zaino_serve::rpc::grpc::service: [TEST] received call, method: "get_lightd_info"
1791661239.689140 runnervmmprz5 zainod-0.10.1[2979]:     at packages/zaino-serve/src/rpc/grpc/service.rs:161
1791661239.693436 runnervmmprz5 zainod-0.10.1[2979]:   19:40:39.693  INFO zaino_serve::rpc::grpc::service: [TEST] received call, method: "get_block"
1791661239.693436 runnervmmprz5 zainod-0.10.1[2979]:     at packages/zaino-serve/src/rpc/grpc/service.rs:161
1791661239.694162 runnervmmprz5 zainod-0.10.1[2979]:   19:40:39.694  INFO zaino_serve::rpc::grpc::service: [TEST] received call, method: "get_block"
1791661239.694162 runnervmmprz5 zainod-0.10.1[2979]:     at packages/zaino-serve/src/rpc/grpc/service.rs:161
1791661240.825876 runnervmmprz5 zainod-0.10.1[2979]:   19:40:40.825  INFO zaino_chain_store_zainodb::store::finalised_source::v1::write_core: write_blocks_to_height: syncing, current: 492351, target: 4381896, zebra_network: Testnet
1791661240.825876 runnervmmprz5 zainod-0.10.1[2979]:     at packages/zaino-chain-store-zainodb/src/store/finalised_source/v1/write_core.rs:184
1791661242.206290 runnervmmprz5 zainod-0.10.1[2979]:   19:40:42.206  INFO zaino_chain_store_zainodb::store::finalised_source::v1::write_core: write_blocks_to_height: committed batch, height: 399999, blocks: 100000
1791661242.206290 runnervmmprz5 zainod-0.10.1[2979]:     at packages/zaino-chain-store-zainodb/src/store/finalised_source/v1/write_core.rs:636
1791661242.957299 runnervmmprz5 zainod-0.10.1[2979]:   19:40:42.957  INFO zainodlib::indexer: Zaino status check, chain_state: Ready, fs_mode: ephemeral(syncing), json_rpc: Ready, grpc: Ready
1791661242.957299 runnervmmprz5 zainod-0.10.1[2979]:     at packages/zainod/src/indexer.rs:333
1791661244.696010 runnervmmprz5 zainod-0.10.1[2979]:   19:40:44.695  INFO zaino_serve::rpc::grpc::service: [TEST] received call, method: "get_lightd_info"
1791661244.696010 runnervmmprz5 zainod-0.10.1[2979]:     at packages/zaino-serve/src/rpc/grpc/service.rs:161
1791661244.702289 runnervmmprz5 zainod-0.10.1[2979]:   19:40:44.702  INFO zaino_serve::rpc::grpc::service: [TEST] received call, method: "get_block"
1791661244.702289 runnervmmprz5 zainod-0.10.1[2979]:     at packages/zaino-serve/src/rpc/grpc/service.rs:161
1791661244.703495 runnervmmprz5 zainod-0.10.1[2979]:   19:40:44.703  INFO zaino_serve::rpc::grpc::service: [TEST] received call, method: "get_block"
1791661244.703495 runnervmmprz5 zainod-0.10.1[2979]:     at packages/zaino-serve/src/rpc/grpc/service.rs:161
1791661249.693766 runnervmmprz5 zainod-0.10.1[2979]:   19:40:49.693  INFO zaino_serve::rpc::grpc::service: [TEST] received call, method: "get_lightd_info"
1791661249.693766 runnervmmprz5 zainod-0.10.1[2979]:     at packages/zaino-serve/src/rpc/grpc/service.rs:161
1791661249.699561 runnervmmprz5 zainod-0.10.1[2979]:   19:40:49.699  INFO zaino_serve::rpc::grpc::service: [TEST] received call, method: "get_block"
1791661249.699561 runnervmmprz5 zainod-0.10.1[2979]:     at packages/zaino-serve/src/rpc/grpc/service.rs:161
1791661249.700571 runnervmmprz5 zainod-0.10.1[2979]:   19:40:49.700  INFO zaino_serve::rpc::grpc::service: [TEST] received call, method: "get_block"
1791661249.700571 runnervmmprz5 zainod-0.10.1[2979]:     at packages/zaino-serve/src/rpc/grpc/service.rs:161
1791661250.826305 runnervmmprz5 zainod-0.10.1[2979]:   19:40:50.826  INFO zaino_chain_store_zainodb::store::finalised_source::v1::write_core: write_blocks_to_height: syncing, current: 531967, target: 4381896, zebra_network: Testnet
1791661250.826305 runnervmmprz5 zainod-0.10.1[2979]:     at packages/zaino-chain-store-zainodb/src/store/finalised_source/v1/write_core.rs:184
1791661253.056791 runnervmmprz5 zainod-0.10.1[2979]:   19:40:53.056  INFO zainodlib::indexer: Zaino status check, chain_state: Ready, fs_mode: ephemeral(syncing), json_rpc: Ready, grpc: Ready
1791661253.056791 runnervmmprz5 zainod-0.10.1[2979]:     at packages/zainod/src/indexer.rs:333
1791661254.695080 runnervmmprz5 zainod-0.10.1[2979]:   19:40:54.695  INFO zaino_serve::rpc::grpc::service: [TEST] received call, method: "get_lightd_info"
1791661254.695080 runnervmmprz5 zainod-0.10.1[2979]:     at packages/zaino-serve/src/rpc/grpc/service.rs:161
1791661254.700401 runnervmmprz5 zainod-0.10.1[2979]:   19:40:54.700  INFO zaino_serve::rpc::grpc::service: [TEST] received call, method: "get_block"
1791661254.700401 runnervmmprz5 zainod-0.10.1[2979]:     at packages/zaino-serve/src/rpc/grpc/service.rs:161
1791661254.701427 runnervmmprz5 zainod-0.10.1[2979]:   19:40:54.701  INFO zaino_serve::rpc::grpc::service: [TEST] received call, method: "get_block"
1791661254.701427 runnervmmprz5 zainod-0.10.1[2979]:     at packages/zaino-serve/src/rpc/grpc/service.rs:161
1791661259.691990 runnervmmprz5 zainod-0.10.1[2979]:   19:40:59.691  INFO zaino_serve::rpc::grpc::service: [TEST] received call, method: "get_lightd_info"
1791661259.691990 runnervmmprz5 zainod-0.10.1[2979]:     at packages/zaino-serve/src/rpc/grpc/service.rs:161
1791661259.695934 runnervmmprz5 zainod-0.10.1[2979]:   19:40:59.695  INFO zaino_serve::rpc::grpc::service: [TEST] received call, method: "get_block"
1791661259.695934 runnervmmprz5 zainod-0.10.1[2979]:     at packages/zaino-serve/src/rpc/grpc/service.rs:161
1791661259.696751 runnervmmprz5 zainod-0.10.1[2979]:   19:40:59.696  INFO zaino_serve::rpc::grpc::service: [TEST] received call, method: "get_block"
1791661259.696751 runnervmmprz5 zainod-0.10.1[2979]:     at packages/zaino-serve/src/rpc/grpc/service.rs:161
1791661260.826756 runnervmmprz5 zainod-0.10.1[2979]:   19:41:00.826  INFO zaino_chain_store_zainodb::store::finalised_source::v1::write_core: write_blocks_to_height: syncing, current: 584608, target: 4381896, zebra_network: Testnet
1791661260.826756 runnervmmprz5 zainod-0.10.1[2979]:     at packages/zaino-chain-store-zainodb/src/store/finalised_source/v1/write_core.rs:184
1791661263.156657 runnervmmprz5 zainod-0.10.1[2979]:   19:41:03.156  INFO zainodlib::indexer: Zaino status check, chain_state: Ready, fs_mode: ephemeral(syncing), json_rpc: Ready, grpc: Ready
1791661263.156657 runnervmmprz5 zainod-0.10.1[2979]:     at packages/zainod/src/indexer.rs:333
1791661263.589447 runnervmmprz5 zainod-0.10.1[2979]:   19:41:03.589  INFO zaino_chain_store_zainodb::store::finalised_source::v1::write_core: write_blocks_to_height: committed batch, height: 499999, blocks: 100000
1791661263.589447 runnervmmprz5 zainod-0.10.1[2979]:     at packages/zaino-chain-store-zainodb/src/store/finalised_source/v1/write_core.rs:636
1791661264.700756 runnervmmprz5 zainod-0.10.1[2979]:   19:41:04.700  INFO zaino_serve::rpc::grpc::service: [TEST] received call, method: "get_lightd_info"
1791661264.700756 runnervmmprz5 zainod-0.10.1[2979]:     at packages/zaino-serve/src/rpc/grpc/service.rs:161
1791661264.705723 runnervmmprz5 zainod-0.10.1[2979]:   19:41:04.705  INFO zaino_serve::rpc::grpc::service: [TEST] received call, method: "get_block"
1791661264.705723 runnervmmprz5 zainod-0.10.1[2979]:     at packages/zaino-serve/src/rpc/grpc/service.rs:161
1791661264.706913 runnervmmprz5 zainod-0.10.1[2979]:   19:41:04.706  INFO zaino_serve::rpc::grpc::service: [TEST] received call, method: "get_block"
1791661264.706913 runnervmmprz5 zainod-0.10.1[2979]:     at packages/zaino-serve/src/rpc/grpc/service.rs:161
1791661269.693734 runnervmmprz5 zainod-0.10.1[2979]:   19:41:09.693  INFO zaino_serve::rpc::grpc::service: [TEST] received call, method: "get_lightd_info"
1791661269.693734 runnervmmprz5 zainod-0.10.1[2979]:     at packages/zaino-serve/src/rpc/grpc/service.rs:161
1791661269.699499 runnervmmprz5 zainod-0.10.1[2979]:   19:41:09.699  INFO zaino_serve::rpc::grpc::service: [TEST] received call, method: "get_block"
1791661269.699499 runnervmmprz5 zainod-0.10.1[2979]:     at packages/zaino-serve/src/rpc/grpc/service.rs:161
1791661269.700417 runnervmmprz5 zainod-0.10.1[2979]:   19:41:09.700  INFO zaino_serve::rpc::grpc::service: [TEST] received call, method: "get_block"
1791661269.700417 runnervmmprz5 zainod-0.10.1[2979]:     at packages/zaino-serve/src/rpc/grpc/service.rs:161
1791661270.827299 runnervmmprz5 zainod-0.10.1[2979]:   19:41:10.827  INFO zaino_chain_store_zainodb::store::finalised_source::v1::write_core: write_blocks_to_height: syncing, current: 626648, target: 4381896, zebra_network: Testnet
1791661270.827299 runnervmmprz5 zainod-0.10.1[2979]:     at packages/zaino-chain-store-zainodb/src/store/finalised_source/v1/write_core.rs:184
1791661273.460985 runnervmmprz5 zainod-0.10.1[2979]:   19:41:13.460  INFO zainodlib::indexer: Zaino status check, chain_state: Ready, fs_mode: ephemeral(syncing), json_rpc: Ready, grpc: Ready
1791661273.460985 runnervmmprz5 zainod-0.10.1[2979]:     at packages/zainod/src/indexer.rs:333
1791661274.695638 runnervmmprz5 zainod-0.10.1[2979]:   19:41:14.695  INFO zaino_serve::rpc::grpc::service: [TEST] received call, method: "get_lightd_info"
1791661274.695638 runnervmmprz5 zainod-0.10.1[2979]:     at packages/zaino-serve/src/rpc/grpc/service.rs:161
1791661274.700097 runnervmmprz5 zainod-0.10.1[2979]:   19:41:14.700  INFO zaino_serve::rpc::grpc::service: [TEST] received call, method: "get_block"
1791661274.700097 runnervmmprz5 zainod-0.10.1[2979]:     at packages/zaino-serve/src/rpc/grpc/service.rs:161
1791661274.700999 runnervmmprz5 zainod-0.10.1[2979]:   19:41:14.700  INFO zaino_serve::rpc::grpc::service: [TEST] received call, method: "get_block"
1791661274.700999 runnervmmprz5 zainod-0.10.1[2979]:     at packages/zaino-serve/src/rpc/grpc/service.rs:161
1791661279.694724 runnervmmprz5 zainod-0.10.1[2979]:   19:41:19.694  INFO zaino_serve::rpc::grpc::service: [TEST] received call, method: "get_lightd_info"
1791661279.694724 runnervmmprz5 zainod-0.10.1[2979]:     at packages/zaino-serve/src/rpc/grpc/service.rs:161
1791661279.699956 runnervmmprz5 zainod-0.10.1[2979]:   19:41:19.699  INFO zaino_serve::rpc::grpc::service: [TEST] received call, method: "get_block"
1791661279.699956 runnervmmprz5 zainod-0.10.1[2979]:     at packages/zaino-serve/src/rpc/grpc/service.rs:161
1791661279.700651 runnervmmprz5 zainod-0.10.1[2979]:   19:41:19.700  INFO zaino_serve::rpc::grpc::service: [TEST] received call, method: "get_block"
1791661279.700651 runnervmmprz5 zainod-0.10.1[2979]:     at packages/zaino-serve/src/rpc/grpc/service.rs:161
1791661280.827492 runnervmmprz5 zainod-0.10.1[2979]:   19:41:20.827  INFO zaino_chain_store_zainodb::store::finalised_source::v1::write_core: write_blocks_to_height: syncing, current: 678089, target: 4381896, zebra_network: Testnet
1791661280.827492 runnervmmprz5 zainod-0.10.1[2979]:     at packages/zaino-chain-store-zainodb/src/store/finalised_source/v1/write_core.rs:184
1791661283.556610 runnervmmprz5 zainod-0.10.1[2979]:   19:41:23.556  INFO zainodlib::indexer: Zaino status check, chain_state: Ready, fs_mode: ephemeral(syncing), json_rpc: Ready, grpc: Ready
1791661283.556610 runnervmmprz5 zainod-0.10.1[2979]:     at packages/zainod/src/indexer.rs:333
1791661284.696916 runnervmmprz5 zainod-0.10.1[2979]:   19:41:24.696  INFO zaino_serve::rpc::grpc::service: [TEST] received call, method: "get_lightd_info"
1791661284.696916 runnervmmprz5 zainod-0.10.1[2979]:     at packages/zaino-serve/src/rpc/grpc/service.rs:161
1791661284.702291 runnervmmprz5 zainod-0.10.1[2979]:   19:41:24.702  INFO zaino_serve::rpc::grpc::service: [TEST] received call, method: "get_block"
1791661284.702291 runnervmmprz5 zainod-0.10.1[2979]:     at packages/zaino-serve/src/rpc/grpc/service.rs:161
1791661284.703080 runnervmmprz5 zainod-0.10.1[2979]:   19:41:24.703  INFO zaino_serve::rpc::grpc::service: [TEST] received call, method: "get_block"
1791661284.703080 runnervmmprz5 zainod-0.10.1[2979]:     at packages/zaino-serve/src/rpc/grpc/service.rs:161
1791661284.801714 runnervmmprz5 zainod-0.10.1[2979]:   19:41:24.801  INFO zaino_chain_store_zainodb::store::finalised_source::v1::write_core: write_blocks_to_height: committed batch, height: 599999, blocks: 100000
1791661284.801714 runnervmmprz5 zainod-0.10.1[2979]:     at packages/zaino-chain-store-zainodb/src/store/finalised_source/v1/write_core.rs:636
1791661289.692719 runnervmmprz5 zainod-0.10.1[2979]:   19:41:29.692  INFO zaino_serve::rpc::grpc::service: [TEST] received call, method: "get_lightd_info"
1791661289.692719 runnervmmprz5 zainod-0.10.1[2979]:     at packages/zaino-serve/src/rpc/grpc/service.rs:161
1791661289.698093 runnervmmprz5 zainod-0.10.1[2979]:   19:41:29.698  INFO zaino_serve::rpc::grpc::service: [TEST] received call, method: "get_block"
1791661289.698093 runnervmmprz5 zainod-0.10.1[2979]:     at packages/zaino-serve/src/rpc/grpc/service.rs:161
1791661289.698851 runnervmmprz5 zainod-0.10.1[2979]:   19:41:29.698  INFO zaino_serve::rpc::grpc::service: [TEST] received call, method: "get_block"
1791661289.698851 runnervmmprz5 zainod-0.10.1[2979]:     at packages/zaino-serve/src/rpc/grpc/service.rs:161
1791661290.828371 runnervmmprz5 zainod-0.10.1[2979]:   19:41:30.828  INFO zaino_chain_store_zainodb::store::finalised_source::v1::write_core: write_blocks_to_height: syncing, current: 718089, target: 4381896, zebra_network: Testnet
1791661290.828371 runnervmmprz5 zainod-0.10.1[2979]:     at packages/zaino-chain-store-zainodb/src/store/finalised_source/v1/write_core.rs:184
1791661293.656689 runnervmmprz5 zainod-0.10.1[2979]:   19:41:33.656  INFO zainodlib::indexer: Zaino status check, chain_state: Ready, fs_mode: ephemeral(syncing), json_rpc: Ready, grpc: Ready
1791661293.656689 runnervmmprz5 zainod-0.10.1[2979]:     at packages/zainod/src/indexer.rs:333
1791661294.698974 runnervmmprz5 zainod-0.10.1[2979]:   19:41:34.698  INFO zaino_serve::rpc::grpc::service: [TEST] received call, method: "get_lightd_info"
1791661294.698974 runnervmmprz5 zainod-0.10.1[2979]:     at packages/zaino-serve/src/rpc/grpc/service.rs:161
1791661294.704300 runnervmmprz5 zainod-0.10.1[2979]:   19:41:34.704  INFO zaino_serve::rpc::grpc::service: [TEST] received call, method: "get_block"
1791661294.704300 runnervmmprz5 zainod-0.10.1[2979]:     at packages/zaino-serve/src/rpc/grpc/service.rs:161
1791661294.705180 runnervmmprz5 zainod-0.10.1[2979]:   19:41:34.705  INFO zaino_serve::rpc::grpc::service: [TEST] received call, method: "get_block"
1791661294.705180 runnervmmprz5 zainod-0.10.1[2979]:     at packages/zaino-serve/src/rpc/grpc/service.rs:161
1791661299.697249 runnervmmprz5 zainod-0.10.1[2979]:   19:41:39.697  INFO zaino_serve::rpc::grpc::service: [TEST] received call, method: "get_lightd_info"
1791661299.697249 runnervmmprz5 zainod-0.10.1[2979]:     at packages/zaino-serve/src/rpc/grpc/service.rs:161
1791661299.702461 runnervmmprz5 zainod-0.10.1[2979]:   19:41:39.702  INFO zaino_serve::rpc::grpc::service: [TEST] received call, method: "get_block"
1791661299.702461 runnervmmprz5 zainod-0.10.1[2979]:     at packages/zaino-serve/src/rpc/grpc/service.rs:161
1791661299.703273 runnervmmprz5 zainod-0.10.1[2979]:   19:41:39.703  INFO zaino_serve::rpc::grpc::service: [TEST] received call, method: "get_block"
1791661299.703273 runnervmmprz5 zainod-0.10.1[2979]:     at packages/zaino-serve/src/rpc/grpc/service.rs:161
1791661300.828892 runnervmmprz5 zainod-0.10.1[2979]:   19:41:40.828  INFO zaino_chain_store_zainodb::store::finalised_source::v1::write_core: write_blocks_to_height: syncing, current: 772443, target: 4381896, zebra_network: Testnet
1791661300.828892 runnervmmprz5 zainod-0.10.1[2979]:     at packages/zaino-chain-store-zainodb/src/store/finalised_source/v1/write_core.rs:184
1791661303.756754 runnervmmprz5 zainod-0.10.1[2979]:   19:41:43.756  INFO zainodlib::indexer: Zaino status check, chain_state: Ready, fs_mode: ephemeral(syncing), json_rpc: Ready, grpc: Ready
1791661303.756754 runnervmmprz5 zainod-0.10.1[2979]:     at packages/zainod/src/indexer.rs:333
1791661304.701499 runnervmmprz5 zainod-0.10.1[2979]:   19:41:44.701  INFO zaino_serve::rpc::grpc::service: [TEST] received call, method: "get_lightd_info"
1791661304.701499 runnervmmprz5 zainod-0.10.1[2979]:     at packages/zaino-serve/src/rpc/grpc/service.rs:161
1791661304.706725 runnervmmprz5 zainod-0.10.1[2979]:   19:41:44.706  INFO zaino_serve::rpc::grpc::service: [TEST] received call, method: "get_block"
1791661304.706725 runnervmmprz5 zainod-0.10.1[2979]:     at packages/zaino-serve/src/rpc/grpc/service.rs:161
1791661304.707579 runnervmmprz5 zainod-0.10.1[2979]:   19:41:44.707  INFO zaino_serve::rpc::grpc::service: [TEST] received call, method: "get_block"
1791661304.707579 runnervmmprz5 zainod-0.10.1[2979]:     at packages/zaino-serve/src/rpc/grpc/service.rs:161
1791661305.829529 runnervmmprz5 zainod-0.10.1[2979]:   19:41:45.829  INFO zaino_chain_store_zainodb::store::finalised_source::v1::write_core: write_blocks_to_height: committed batch, height: 699999, blocks: 100000
1791661305.829529 runnervmmprz5 zainod-0.10.1[2979]:     at packages/zaino-chain-store-zainodb/src/store/finalised_source/v1/write_core.rs:636
1791661309.693039 runnervmmprz5 zainod-0.10.1[2979]:   19:41:49.693  INFO zaino_serve::rpc::grpc::service: [TEST] received call, method: "get_lightd_info"
1791661309.693039 runnervmmprz5 zainod-0.10.1[2979]:     at packages/zaino-serve/src/rpc/grpc/service.rs:161
1791661309.696469 runnervmmprz5 zainod-0.10.1[2979]:   19:41:49.696  INFO zaino_serve::rpc::grpc::service: [TEST] received call, method: "get_block"
1791661309.696469 runnervmmprz5 zainod-0.10.1[2979]:     at packages/zaino-serve/src/rpc/grpc/service.rs:161
1791661309.697135 runnervmmprz5 zainod-0.10.1[2979]:   19:41:49.697  INFO zaino_serve::rpc::grpc::service: [TEST] received call, method: "get_block"
1791661309.697135 runnervmmprz5 zainod-0.10.1[2979]:     at packages/zaino-serve/src/rpc/grpc/service.rs:161
1791661310.842107 runnervmmprz5 zainod-0.10.1[2979]:   19:41:50.842  INFO zaino_chain_store_zainodb::store::finalised_source::v1::write_core: write_blocks_to_height: syncing, current: 814489, target: 4381896, zebra_network: Testnet
1791661310.842107 runnervmmprz5 zainod-0.10.1[2979]:     at packages/zaino-chain-store-zainodb/src/store/finalised_source/v1/write_core.rs:184
1791661313.940644 runnervmmprz5 zainod-0.10.1[2979]:   19:41:53.940  INFO zainodlib::indexer: Zaino status check, chain_state: Ready, fs_mode: ephemeral(syncing), json_rpc: Ready, grpc: Ready
1791661313.940644 runnervmmprz5 zainod-0.10.1[2979]:     at packages/zainod/src/indexer.rs:333
1791661314.702502 runnervmmprz5 zainod-0.10.1[2979]:   19:41:54.702  INFO zaino_serve::rpc::grpc::service: [TEST] received call, method: "get_lightd_info"
1791661314.702502 runnervmmprz5 zainod-0.10.1[2979]:     at packages/zaino-serve/src/rpc/grpc/service.rs:161
1791661314.707146 runnervmmprz5 zainod-0.10.1[2979]:   19:41:54.707  INFO zaino_serve::rpc::grpc::service: [TEST] received call, method: "get_block"
1791661314.707146 runnervmmprz5 zainod-0.10.1[2979]:     at packages/zaino-serve/src/rpc/grpc/service.rs:161
1791661314.708162 runnervmmprz5 zainod-0.10.1[2979]:   19:41:54.708  INFO zaino_serve::rpc::grpc::service: [TEST] received call, method: "get_block"
1791661314.708162 runnervmmprz5 zainod-0.10.1[2979]:     at packages/zaino-serve/src/rpc/grpc/service.rs:161
1791661319.700274 runnervmmprz5 zainod-0.10.1[2979]:   19:41:59.700  INFO zaino_serve::rpc::grpc::service: [TEST] received call, method: "get_lightd_info"
1791661319.700274 runnervmmprz5 zainod-0.10.1[2979]:     at packages/zaino-serve/src/rpc/grpc/service.rs:161
1791661319.704884 runnervmmprz5 zainod-0.10.1[2979]:   19:41:59.704  INFO zaino_serve::rpc::grpc::service: [TEST] received call, method: "get_block"
1791661319.704884 runnervmmprz5 zainod-0.10.1[2979]:     at packages/zaino-serve/src/rpc/grpc/service.rs:161
1791661319.705949 runnervmmprz5 zainod-0.10.1[2979]:   19:41:59.705  INFO zaino_serve::rpc::grpc::service: [TEST] received call, method: "get_block"
1791661319.705949 runnervmmprz5 zainod-0.10.1[2979]:     at packages/zaino-serve/src/rpc/grpc/service.rs:161
1791661320.842498 runnervmmprz5 zainod-0.10.1[2979]:   19:42:00.842  INFO zaino_chain_store_zainodb::store::finalised_source::v1::write_core: write_blocks_to_height: syncing, current: 865888, target: 4381896, zebra_network: Testnet
1791661320.842498 runnervmmprz5 zainod-0.10.1[2979]:     at packages/zaino-chain-store-zainodb/src/store/finalised_source/v1/write_core.rs:184
1791661323.956626 runnervmmprz5 zainod-0.10.1[2979]:   19:42:03.956  INFO zainodlib::indexer: Zaino status check, chain_state: Ready, fs_mode: ephemeral(syncing), json_rpc: Ready, grpc: Ready
1791661323.956626 runnervmmprz5 zainod-0.10.1[2979]:     at packages/zainod/src/indexer.rs:333
1791661324.701217 runnervmmprz5 zainod-0.10.1[2979]:   19:42:04.701  INFO zaino_serve::rpc::grpc::service: [TEST] received call, method: "get_lightd_info"
1791661324.701217 runnervmmprz5 zainod-0.10.1[2979]:     at packages/zaino-serve/src/rpc/grpc/service.rs:161
1791661324.705879 runnervmmprz5 zainod-0.10.1[2979]:   19:42:04.705  INFO zaino_serve::rpc::grpc::service: [TEST] received call, method: "get_block"
1791661324.705879 runnervmmprz5 zainod-0.10.1[2979]:     at packages/zaino-serve/src/rpc/grpc/service.rs:161
1791661324.706743 runnervmmprz5 zainod-0.10.1[2979]:   19:42:04.706  INFO zaino_serve::rpc::grpc::service: [TEST] received call, method: "get_block"
1791661324.706743 runnervmmprz5 zainod-0.10.1[2979]:     at packages/zaino-serve/src/rpc/grpc/service.rs:161
1791661327.093303 runnervmmprz5 zainod-0.10.1[2979]:   19:42:07.093  INFO zaino_chain_store_zainodb::store::finalised_source::v1::write_core: write_blocks_to_height: committed batch, height: 799999, blocks: 100000
1791661327.093303 runnervmmprz5 zainod-0.10.1[2979]:     at packages/zaino-chain-store-zainodb/src/store/finalised_source/v1/write_core.rs:636
1791661329.704077 runnervmmprz5 zainod-0.10.1[2979]:   19:42:09.704  INFO zaino_serve::rpc::grpc::service: [TEST] received call, method: "get_lightd_info"
1791661329.704077 runnervmmprz5 zainod-0.10.1[2979]:     at packages/zaino-serve/src/rpc/grpc/service.rs:161
1791661329.708260 runnervmmprz5 zainod-0.10.1[2979]:   19:42:09.708  INFO zaino_serve::rpc::grpc::service: [TEST] received call, method: "get_block"
1791661329.708260 runnervmmprz5 zainod-0.10.1[2979]:     at packages/zaino-serve/src/rpc/grpc/service.rs:161
1791661329.709629 runnervmmprz5 zainod-0.10.1[2979]:   19:42:09.709  INFO zaino_serve::rpc::grpc::service: [TEST] received call, method: "get_block"
1791661329.709629 runnervmmprz5 zainod-0.10.1[2979]:     at packages/zaino-serve/src/rpc/grpc/service.rs:161
1791661330.844227 runnervmmprz5 zainod-0.10.1[2979]:   19:42:10.844  INFO zaino_chain_store_zainodb::store::finalised_source::v1::write_core: write_blocks_to_height: syncing, current: 913124, target: 4381896, zebra_network: Testnet
1791661330.844227 runnervmmprz5 zainod-0.10.1[2979]:     at packages/zaino-chain-store-zainodb/src/store/finalised_source/v1/write_core.rs:184
1791661333.956759 runnervmmprz5 zainod-0.10.1[2979]:   19:42:13.956  INFO zainodlib::indexer: Zaino status check, chain_state: Ready, fs_mode: ephemeral(syncing), json_rpc: Ready, grpc: Ready
1791661333.956759 runnervmmprz5 zainod-0.10.1[2979]:     at packages/zainod/src/indexer.rs:333
1791661334.703024 runnervmmprz5 zainod-0.10.1[2979]:   19:42:14.702  INFO zaino_serve::rpc::grpc::service: [TEST] received call, method: "get_lightd_info"
1791661334.703024 runnervmmprz5 zainod-0.10.1[2979]:     at packages/zaino-serve/src/rpc/grpc/service.rs:161
1791661334.708318 runnervmmprz5 zainod-0.10.1[2979]:   19:42:14.708  INFO zaino_serve::rpc::grpc::service: [TEST] received call, method: "get_block"
1791661334.708318 runnervmmprz5 zainod-0.10.1[2979]:     at packages/zaino-serve/src/rpc/grpc/service.rs:161
1791661334.709160 runnervmmprz5 zainod-0.10.1[2979]:   19:42:14.709  INFO zaino_serve::rpc::grpc::service: [TEST] received call, method: "get_block"
1791661334.709160 runnervmmprz5 zainod-0.10.1[2979]:     at packages/zaino-serve/src/rpc/grpc/service.rs:161
1791661339.700611 runnervmmprz5 zainod-0.10.1[2979]:   19:42:19.700  INFO zaino_serve::rpc::grpc::service: [TEST] received call, method: "get_lightd_info"
1791661339.700611 runnervmmprz5 zainod-0.10.1[2979]:     at packages/zaino-serve/src/rpc/grpc/service.rs:161
1791661339.706086 runnervmmprz5 zainod-0.10.1[2979]:   19:42:19.706  INFO zaino_serve::rpc::grpc::service: [TEST] received call, method: "get_block"
1791661339.706086 runnervmmprz5 zainod-0.10.1[2979]:     at packages/zaino-serve/src/rpc/grpc/service.rs:161
1791661339.707226 runnervmmprz5 zainod-0.10.1[2979]:   19:42:19.707  INFO zaino_serve::rpc::grpc::service: [TEST] received call, method: "get_block"
1791661339.707226 runnervmmprz5 zainod-0.10.1[2979]:     at packages/zaino-serve/src/rpc/grpc/service.rs:161
1791661340.844753 runnervmmprz5 zainod-0.10.1[2979]:   19:42:20.844  INFO zaino_chain_store_zainodb::store::finalised_source::v1::write_core: write_blocks_to_height: syncing, current: 958973, target: 4381896, zebra_network: Testnet
1791661340.844753 runnervmmprz5 zainod-0.10.1[2979]:     at packages/zaino-chain-store-zainodb/src/store/finalised_source/v1/write_core.rs:184
1791661344.057246 runnervmmprz5 zainod-0.10.1[2979]:   19:42:24.057  INFO zainodlib::indexer: Zaino status check, chain_state: Ready, fs_mode: ephemeral(syncing), json_rpc: Ready, grpc: Ready
1791661344.057246 runnervmmprz5 zainod-0.10.1[2979]:     at packages/zainod/src/indexer.rs:333
1791661344.704589 runnervmmprz5 zainod-0.10.1[2979]:   19:42:24.704  INFO zaino_serve::rpc::grpc::service: [TEST] received call, method: "get_lightd_info"
1791661344.704589 runnervmmprz5 zainod-0.10.1[2979]:     at packages/zaino-serve/src/rpc/grpc/service.rs:161
1791661344.711157 runnervmmprz5 zainod-0.10.1[2979]:   19:42:24.711  INFO zaino_serve::rpc::grpc::service: [TEST] received call, method: "get_block"
1791661344.711157 runnervmmprz5 zainod-0.10.1[2979]:     at packages/zaino-serve/src/rpc/grpc/service.rs:161
1791661344.712180 runnervmmprz5 zainod-0.10.1[2979]:   19:42:24.712  INFO zaino_serve::rpc::grpc::service: [TEST] received call, method: "get_block"
1791661344.712180 runnervmmprz5 zainod-0.10.1[2979]:     at packages/zaino-serve/src/rpc/grpc/service.rs:161
1791661348.405182 runnervmmprz5 zainod-0.10.1[2979]:   19:42:28.405  INFO zaino_chain_store_zainodb::store::finalised_source::v1::write_core: write_blocks_to_height: committed batch, height: 899999, blocks: 100000
1791661348.405182 runnervmmprz5 zainod-0.10.1[2979]:     at packages/zaino-chain-store-zainodb/src/store/finalised_source/v1/write_core.rs:636
1791661349.704021 runnervmmprz5 zainod-0.10.1[2979]:   19:42:29.703  INFO zaino_serve::rpc::grpc::service: [TEST] received call, method: "get_lightd_info"
1791661349.704021 runnervmmprz5 zainod-0.10.1[2979]:     at packages/zaino-serve/src/rpc/grpc/service.rs:161
1791661349.709996 runnervmmprz5 zainod-0.10.1[2979]:   19:42:29.709  INFO zaino_serve::rpc::grpc::service: [TEST] received call, method: "get_block"
1791661349.709996 runnervmmprz5 zainod-0.10.1[2979]:     at packages/zaino-serve/src/rpc/grpc/service.rs:161
1791661349.711111 runnervmmprz5 zainod-0.10.1[2979]:   19:42:29.711  INFO zaino_serve::rpc::grpc::service: [TEST] received call, method: "get_block"
1791661349.711111 runnervmmprz5 zainod-0.10.1[2979]:     at packages/zaino-serve/src/rpc/grpc/service.rs:161
1791661350.844995 runnervmmprz5 zainod-0.10.1[2979]:   19:42:30.844  INFO zaino_chain_store_zainodb::store::finalised_source::v1::write_core: write_blocks_to_height: syncing, current: 1010340, target: 4381896, zebra_network: Testnet
1791661350.844995 runnervmmprz5 zainod-0.10.1[2979]:     at packages/zaino-chain-store-zainodb/src/store/finalised_source/v1/write_core.rs:184
1791661355.456569 runnervmmprz5 zainod-0.10.1[2979]:   19:42:35.456  INFO zainodlib::indexer: Zaino status check, chain_state: Ready, fs_mode: ephemeral(syncing), json_rpc: Ready, grpc: Ready
1791661355.456569 runnervmmprz5 zainod-0.10.1[2979]:     at packages/zainod/src/indexer.rs:333
1791661355.457226 runnervmmprz5 zainod-0.10.1[2979]:   19:42:35.456  INFO zaino_serve::rpc::grpc::service: [TEST] received call, method: "get_lightd_info"
1791661355.457226 runnervmmprz5 zainod-0.10.1[2979]:     at packages/zaino-serve/src/rpc/grpc/service.rs:161
1791661355.463355 runnervmmprz5 zainod-0.10.1[2979]:   19:42:35.463  INFO zaino_serve::rpc::grpc::service: [TEST] received call, method: "get_block"
1791661355.463355 runnervmmprz5 zainod-0.10.1[2979]:     at packages/zaino-serve/src/rpc/grpc/service.rs:161
1791661355.464191 runnervmmprz5 zainod-0.10.1[2979]:   19:42:35.464  INFO zaino_serve::rpc::grpc::service: [TEST] received call, method: "get_block"
1791661355.464191 runnervmmprz5 zainod-0.10.1[2979]:     at packages/zaino-serve/src/rpc/grpc/service.rs:161
1791661359.704733 runnervmmprz5 zainod-0.10.1[2979]:   19:42:39.704  INFO zaino_serve::rpc::grpc::service: [TEST] received call, method: "get_lightd_info"
1791661359.704733 runnervmmprz5 zainod-0.10.1[2979]:     at packages/zaino-serve/src/rpc/grpc/service.rs:161
1791661359.709696 runnervmmprz5 zainod-0.10.1[2979]:   19:42:39.709  INFO zaino_serve::rpc::grpc::service: [TEST] received call, method: "get_block"
1791661359.709696 runnervmmprz5 zainod-0.10.1[2979]:     at packages/zaino-serve/src/rpc/grpc/service.rs:161
1791661359.710689 runnervmmprz5 zainod-0.10.1[2979]:   19:42:39.710  INFO zaino_serve::rpc::grpc::service: [TEST] received call, method: "get_block"
1791661359.710689 runnervmmprz5 zainod-0.10.1[2979]:     at packages/zaino-serve/src/rpc/grpc/service.rs:161
1791661360.845318 runnervmmprz5 zainod-0.10.1[2979]:   19:42:40.845  INFO zaino_chain_store_zainodb::store::finalised_source::v1::write_core: write_blocks_to_height: syncing, current: 1050708, target: 4381896, zebra_network: Testnet
1791661360.845318 runnervmmprz5 zainod-0.10.1[2979]:     at packages/zaino-chain-store-zainodb/src/store/finalised_source/v1/write_core.rs:184
1791661364.706510 runnervmmprz5 zainod-0.10.1[2979]:   19:42:44.706  INFO zaino_serve::rpc::grpc::service: [TEST] received call, method: "get_lightd_info"
1791661364.706510 runnervmmprz5 zainod-0.10.1[2979]:     at packages/zaino-serve/src/rpc/grpc/service.rs:161
1791661364.712846 runnervmmprz5 zainod-0.10.1[2979]:   19:42:44.712  INFO zaino_serve::rpc::grpc::service: [TEST] received call, method: "get_block"
1791661364.712846 runnervmmprz5 zainod-0.10.1[2979]:     at packages/zaino-serve/src/rpc/grpc/service.rs:161
1791661364.713670 runnervmmprz5 zainod-0.10.1[2979]:   19:42:44.713  INFO zaino_serve::rpc::grpc::service: [TEST] received call, method: "get_block"
1791661364.713670 runnervmmprz5 zainod-0.10.1[2979]:     at packages/zaino-serve/src/rpc/grpc/service.rs:161
1791661365.457279 runnervmmprz5 zainod-0.10.1[2979]:   19:42:45.457  INFO zainodlib::indexer: Zaino status check, chain_state: Ready, fs_mode: ephemeral(syncing), json_rpc: Ready, grpc: Ready
1791661365.457279 runnervmmprz5 zainod-0.10.1[2979]:     at packages/zainod/src/indexer.rs:333
1791661369.704703 runnervmmprz5 zainod-0.10.1[2979]:   19:42:49.704  INFO zaino_serve::rpc::grpc::service: [TEST] received call, method: "get_lightd_info"
1791661369.704703 runnervmmprz5 zainod-0.10.1[2979]:     at packages/zaino-serve/src/rpc/grpc/service.rs:161
1791661369.709603 runnervmmprz5 zainod-0.10.1[2979]:   19:42:49.709  INFO zaino_serve::rpc::grpc::service: [TEST] received call, method: "get_block"
1791661369.709603 runnervmmprz5 zainod-0.10.1[2979]:     at packages/zaino-serve/src/rpc/grpc/service.rs:161
1791661369.710605 runnervmmprz5 zainod-0.10.1[2979]:   19:42:49.710  INFO zaino_serve::rpc::grpc::service: [TEST] received call, method: "get_block"
1791661369.710605 runnervmmprz5 zainod-0.10.1[2979]:     at packages/zaino-serve/src/rpc/grpc/service.rs:161
1791661370.404431 runnervmmprz5 zainod-0.10.1[2979]:   19:42:50.404  INFO zaino_chain_store_zainodb::store::finalised_source::v1::write_core: write_blocks_to_height: committed batch, height: 999999, blocks: 100000
1791661370.404431 runnervmmprz5 zainod-0.10.1[2979]:     at packages/zaino-chain-store-zainodb/src/store/finalised_source/v1/write_core.rs:636
1791661370.845465 runnervmmprz5 zainod-0.10.1[2979]:   19:42:50.845  INFO zaino_chain_store_zainodb::store::finalised_source::v1::write_core: write_blocks_to_height: syncing, current: 1101802, target: 4381896, zebra_network: Testnet
1791661370.845465 runnervmmprz5 zainod-0.10.1[2979]:     at packages/zaino-chain-store-zainodb/src/store/finalised_source/v1/write_core.rs:184
1791661374.704099 runnervmmprz5 zainod-0.10.1[2979]:   19:42:54.704  INFO zaino_serve::rpc::grpc::service: [TEST] received call, method: "get_lightd_info"
1791661374.704099 runnervmmprz5 zainod-0.10.1[2979]:     at packages/zaino-serve/src/rpc/grpc/service.rs:161
1791661374.707711 runnervmmprz5 zainod-0.10.1[2979]:   19:42:54.707  INFO zaino_serve::rpc::grpc::service: [TEST] received call, method: "get_block"
1791661374.707711 runnervmmprz5 zainod-0.10.1[2979]:     at packages/zaino-serve/src/rpc/grpc/service.rs:161
1791661374.708407 runnervmmprz5 zainod-0.10.1[2979]:   19:42:54.708  INFO zaino_serve::rpc::grpc::service: [TEST] received call, method: "get_block"
1791661374.708407 runnervmmprz5 zainod-0.10.1[2979]:     at packages/zaino-serve/src/rpc/grpc/service.rs:161
1791661375.556541 runnervmmprz5 zainod-0.10.1[2979]:   19:42:55.556  INFO zainodlib::indexer: Zaino status check, chain_state: Ready, fs_mode: ephemeral(syncing), json_rpc: Ready, grpc: Ready
1791661375.556541 runnervmmprz5 zainod-0.10.1[2979]:     at packages/zainod/src/indexer.rs:333
1791661379.707134 runnervmmprz5 zainod-0.10.1[2979]:   19:42:59.707  INFO zaino_serve::rpc::grpc::service: [TEST] received call, method: "get_lightd_info"
1791661379.707134 runnervmmprz5 zainod-0.10.1[2979]:     at packages/zaino-serve/src/rpc/grpc/service.rs:161
1791661379.711807 runnervmmprz5 zainod-0.10.1[2979]:   19:42:59.711  INFO zaino_serve::rpc::grpc::service: [TEST] received call, method: "get_block"
1791661379.711807 runnervmmprz5 zainod-0.10.1[2979]:     at packages/zaino-serve/src/rpc/grpc/service.rs:161
1791661379.712586 runnervmmprz5 zainod-0.10.1[2979]:   19:42:59.712  INFO zaino_serve::rpc::grpc::service: [TEST] received call, method: "get_block"
1791661379.712586 runnervmmprz5 zainod-0.10.1[2979]:     at packages/zaino-serve/src/rpc/grpc/service.rs:161
1791661380.846025 runnervmmprz5 zainod-0.10.1[2979]:   19:43:00.845  INFO zaino_chain_store_zainodb::store::finalised_source::v1::write_core: write_blocks_to_height: syncing, current: 1139092, target: 4381896, zebra_network: Testnet
1791661380.846025 runnervmmprz5 zainod-0.10.1[2979]:     at packages/zaino-chain-store-zainodb/src/store/finalised_source/v1/write_core.rs:184
1791661384.707260 runnervmmprz5 zainod-0.10.1[2979]:   19:43:04.707  INFO zaino_serve::rpc::grpc::service: [TEST] received call, method: "get_lightd_info"
1791661384.707260 runnervmmprz5 zainod-0.10.1[2979]:     at packages/zaino-serve/src/rpc/grpc/service.rs:161
1791661384.712442 runnervmmprz5 zainod-0.10.1[2979]:   19:43:04.712  INFO zaino_serve::rpc::grpc::service: [TEST] received call, method: "get_block"
1791661384.712442 runnervmmprz5 zainod-0.10.1[2979]:     at packages/zaino-serve/src/rpc/grpc/service.rs:161
1791661384.713219 runnervmmprz5 zainod-0.10.1[2979]:   19:43:04.713  INFO zaino_serve::rpc::grpc::service: [TEST] received call, method: "get_block"
1791661384.713219 runnervmmprz5 zainod-0.10.1[2979]:     at packages/zaino-serve/src/rpc/grpc/service.rs:161
1791661385.557264 runnervmmprz5 zainod-0.10.1[2979]:   19:43:05.557  INFO zainodlib::indexer: Zaino status check, chain_state: Ready, fs_mode: ephemeral(syncing), json_rpc: Ready, grpc: Ready
1791661385.557264 runnervmmprz5 zainod-0.10.1[2979]:     at packages/zainod/src/indexer.rs:333
1791661389.707485 runnervmmprz5 zainod-0.10.1[2979]:   19:43:09.707  INFO zaino_serve::rpc::grpc::service: [TEST] received call, method: "get_lightd_info"
1791661389.707485 runnervmmprz5 zainod-0.10.1[2979]:     at packages/zaino-serve/src/rpc/grpc/service.rs:161
1791661389.713299 runnervmmprz5 zainod-0.10.1[2979]:   19:43:09.713  INFO zaino_serve::rpc::grpc::service: [TEST] received call, method: "get_block"
1791661389.713299 runnervmmprz5 zainod-0.10.1[2979]:     at packages/zaino-serve/src/rpc/grpc/service.rs:161
1791661389.713863 runnervmmprz5 zainod-0.10.1[2979]:   19:43:09.713  INFO zaino_serve::rpc::grpc::service: [TEST] received call, method: "get_block"
1791661389.713863 runnervmmprz5 zainod-0.10.1[2979]:     at packages/zaino-serve/src/rpc/grpc/service.rs:161
1791661390.846335 runnervmmprz5 zainod-0.10.1[2979]:   19:43:10.846  INFO zaino_chain_store_zainodb::store::finalised_source::v1::write_core: write_blocks_to_height: syncing, current: 1192873, target: 4381896, zebra_network: Testnet
1791661390.846335 runnervmmprz5 zainod-0.10.1[2979]:     at packages/zaino-chain-store-zainodb/src/store/finalised_source/v1/write_core.rs:184
1791661392.278039 runnervmmprz5 zainod-0.10.1[2979]:   19:43:12.277  INFO zaino_chain_store_zainodb::store::finalised_source::v1::write_core: write_blocks_to_height: committed batch, height: 1099999, blocks: 100000
1791661392.278039 runnervmmprz5 zainod-0.10.1[2979]:     at packages/zaino-chain-store-zainodb/src/store/finalised_source/v1/write_core.rs:636
1791661394.711327 runnervmmprz5 zainod-0.10.1[2979]:   19:43:14.711  INFO zaino_serve::rpc::grpc::service: [TEST] received call, method: "get_lightd_info"
1791661394.711327 runnervmmprz5 zainod-0.10.1[2979]:     at packages/zaino-serve/src/rpc/grpc/service.rs:161
1791661394.716385 runnervmmprz5 zainod-0.10.1[2979]:   19:43:14.716  INFO zaino_serve::rpc::grpc::service: [TEST] received call, method: "get_block"
1791661394.716385 runnervmmprz5 zainod-0.10.1[2979]:     at packages/zaino-serve/src/rpc/grpc/service.rs:161
1791661394.717528 runnervmmprz5 zainod-0.10.1[2979]:   19:43:14.717  INFO zaino_serve::rpc::grpc::service: [TEST] received call, method: "get_block"
1791661394.717528 runnervmmprz5 zainod-0.10.1[2979]:     at packages/zaino-serve/src/rpc/grpc/service.rs:161
1791661395.657145 runnervmmprz5 zainod-0.10.1[2979]:   19:43:15.657  INFO zainodlib::indexer: Zaino status check, chain_state: Ready, fs_mode: ephemeral(syncing), json_rpc: Ready, grpc: Ready
1791661395.657145 runnervmmprz5 zainod-0.10.1[2979]:     at packages/zainod/src/indexer.rs:333
1791661399.707077 runnervmmprz5 zainod-0.10.1[2979]:   19:43:19.707  INFO zaino_serve::rpc::grpc::service: [TEST] received call, method: "get_lightd_info"
1791661399.707077 runnervmmprz5 zainod-0.10.1[2979]:     at packages/zaino-serve/src/rpc/grpc/service.rs:161
1791661399.712729 runnervmmprz5 zainod-0.10.1[2979]:   19:43:19.712  INFO zaino_serve::rpc::grpc::service: [TEST] received call, method: "get_block"
1791661399.712729 runnervmmprz5 zainod-0.10.1[2979]:     at packages/zaino-serve/src/rpc/grpc/service.rs:161
1791661399.713925 runnervmmprz5 zainod-0.10.1[2979]:   19:43:19.713  INFO zaino_serve::rpc::grpc::service: [TEST] received call, method: "get_block"
1791661399.713925 runnervmmprz5 zainod-0.10.1[2979]:     at packages/zaino-serve/src/rpc/grpc/service.rs:161
1791661400.846413 runnervmmprz5 zainod-0.10.1[2979]:   19:43:20.846  INFO zaino_chain_store_zainodb::store::finalised_source::v1::write_core: write_blocks_to_height: syncing, current: 1228664, target: 4381896, zebra_network: Testnet
1791661400.846413 runnervmmprz5 zainod-0.10.1[2979]:     at packages/zaino-chain-store-zainodb/src/store/finalised_source/v1/write_core.rs:184
1791661404.710994 runnervmmprz5 zainod-0.10.1[2979]:   19:43:24.710  INFO zaino_serve::rpc::grpc::service: [TEST] received call, method: "get_lightd_info"
1791661404.710994 runnervmmprz5 zainod-0.10.1[2979]:     at packages/zaino-serve/src/rpc/grpc/service.rs:161
1791661404.715846 runnervmmprz5 zainod-0.10.1[2979]:   19:43:24.715  INFO zaino_serve::rpc::grpc::service: [TEST] received call, method: "get_block"
1791661404.715846 runnervmmprz5 zainod-0.10.1[2979]:     at packages/zaino-serve/src/rpc/grpc/service.rs:161
1791661404.716706 runnervmmprz5 zainod-0.10.1[2979]:   19:43:24.716  INFO zaino_serve::rpc::grpc::service: [TEST] received call, method: "get_block"
1791661404.716706 runnervmmprz5 zainod-0.10.1[2979]:     at packages/zaino-serve/src/rpc/grpc/service.rs:161
1791661405.757189 runnervmmprz5 zainod-0.10.1[2979]:   19:43:25.757  INFO zainodlib::indexer: Zaino status check, chain_state: Ready, fs_mode: ephemeral(syncing), json_rpc: Ready, grpc: Ready
1791661405.757189 runnervmmprz5 zainod-0.10.1[2979]:     at packages/zainod/src/indexer.rs:333
1791661409.708688 runnervmmprz5 zainod-0.10.1[2979]:   19:43:29.708  INFO zaino_serve::rpc::grpc::service: [TEST] received call, method: "get_lightd_info"
1791661409.708688 runnervmmprz5 zainod-0.10.1[2979]:     at packages/zaino-serve/src/rpc/grpc/service.rs:161
1791661409.714332 runnervmmprz5 zainod-0.10.1[2979]:   19:43:29.714  INFO zaino_serve::rpc::grpc::service: [TEST] received call, method: "get_block"
1791661409.714332 runnervmmprz5 zainod-0.10.1[2979]:     at packages/zaino-serve/src/rpc/grpc/service.rs:161
1791661409.715283 runnervmmprz5 zainod-0.10.1[2979]:   19:43:29.715  INFO zaino_serve::rpc::grpc::service: [TEST] received call, method: "get_block"
1791661409.715283 runnervmmprz5 zainod-0.10.1[2979]:     at packages/zaino-serve/src/rpc/grpc/service.rs:161
1791661410.846540 runnervmmprz5 zainod-0.10.1[2979]:   19:43:30.846  INFO zaino_chain_store_zainodb::store::finalised_source::v1::write_core: write_blocks_to_height: syncing, current: 1283216, target: 4381896, zebra_network: Testnet
1791661410.846540 runnervmmprz5 zainod-0.10.1[2979]:     at packages/zaino-chain-store-zainodb/src/store/finalised_source/v1/write_core.rs:184
1791661414.047133 runnervmmprz5 zainod-0.10.1[2979]:   19:43:34.047  INFO zaino_chain_store_zainodb::store::finalised_source::v1::write_core: write_blocks_to_height: committed batch, height: 1199999, blocks: 100000
1791661414.047133 runnervmmprz5 zainod-0.10.1[2979]:     at packages/zaino-chain-store-zainodb/src/store/finalised_source/v1/write_core.rs:636
1791661414.712230 runnervmmprz5 zainod-0.10.1[2979]:   19:43:34.712  INFO zaino_serve::rpc::grpc::service: [TEST] received call, method: "get_lightd_info"
1791661414.712230 runnervmmprz5 zainod-0.10.1[2979]:     at packages/zaino-serve/src/rpc/grpc/service.rs:161
1791661414.717808 runnervmmprz5 zainod-0.10.1[2979]:   19:43:34.717  INFO zaino_serve::rpc::grpc::service: [TEST] received call, method: "get_block"
1791661414.717808 runnervmmprz5 zainod-0.10.1[2979]:     at packages/zaino-serve/src/rpc/grpc/service.rs:161
1791661414.718754 runnervmmprz5 zainod-0.10.1[2979]:   19:43:34.718  INFO zaino_serve::rpc::grpc::service: [TEST] received call, method: "get_block"
1791661414.718754 runnervmmprz5 zainod-0.10.1[2979]:     at packages/zaino-serve/src/rpc/grpc/service.rs:161
1791661415.857269 runnervmmprz5 zainod-0.10.1[2979]:   19:43:35.857  INFO zainodlib::indexer: Zaino status check, chain_state: Ready, fs_mode: ephemeral(syncing), json_rpc: Ready, grpc: Ready
1791661415.857269 runnervmmprz5 zainod-0.10.1[2979]:     at packages/zainod/src/indexer.rs:333
1791661419.705103 runnervmmprz5 zainod-0.10.1[2979]:   19:43:39.705  INFO zaino_serve::rpc::grpc::service: [TEST] received call, method: "get_lightd_info"
1791661419.705103 runnervmmprz5 zainod-0.10.1[2979]:     at packages/zaino-serve/src/rpc/grpc/service.rs:161
1791661419.756321 runnervmmprz5 zainod-0.10.1[2979]:   19:43:39.756  INFO zaino_serve::rpc::grpc::service: [TEST] received call, method: "get_block"
1791661419.756321 runnervmmprz5 zainod-0.10.1[2979]:     at packages/zaino-serve/src/rpc/grpc/service.rs:161
1791661419.757238 runnervmmprz5 zainod-0.10.1[2979]:   19:43:39.757  INFO zaino_serve::rpc::grpc::service: [TEST] received call, method: "get_block"
1791661419.757238 runnervmmprz5 zainod-0.10.1[2979]:     at packages/zaino-serve/src/rpc/grpc/service.rs:161
1791661420.847164 runnervmmprz5 zainod-0.10.1[2979]:   19:43:40.847  INFO zaino_chain_store_zainodb::store::finalised_source::v1::write_core: write_blocks_to_height: syncing, current: 1318785, target: 4381896, zebra_network: Testnet
1791661420.847164 runnervmmprz5 zainod-0.10.1[2979]:     at packages/zaino-chain-store-zainodb/src/store/finalised_source/v1/write_core.rs:184
1791661424.711612 runnervmmprz5 zainod-0.10.1[2979]:   19:43:44.711  INFO zaino_serve::rpc::grpc::service: [TEST] received call, method: "get_lightd_info"
1791661424.711612 runnervmmprz5 zainod-0.10.1[2979]:     at packages/zaino-serve/src/rpc/grpc/service.rs:161
1791661424.716707 runnervmmprz5 zainod-0.10.1[2979]:   19:43:44.716  INFO zaino_serve::rpc::grpc::service: [TEST] received call, method: "get_block"
1791661424.716707 runnervmmprz5 zainod-0.10.1[2979]:     at packages/zaino-serve/src/rpc/grpc/service.rs:161
1791661424.717785 runnervmmprz5 zainod-0.10.1[2979]:   19:43:44.717  INFO zaino_serve::rpc::grpc::service: [TEST] received call, method: "get_block"
1791661424.717785 runnervmmprz5 zainod-0.10.1[2979]:     at packages/zaino-serve/src/rpc/grpc/service.rs:161
1791661425.956498 runnervmmprz5 zainod-0.10.1[2979]:   19:43:45.956  INFO zainodlib::indexer: Zaino status check, chain_state: Ready, fs_mode: ephemeral(syncing), json_rpc: Ready, grpc: Ready
1791661425.956498 runnervmmprz5 zainod-0.10.1[2979]:     at packages/zainod/src/indexer.rs:333
1791661429.711933 runnervmmprz5 zainod-0.10.1[2979]:   19:43:49.711  INFO zaino_serve::rpc::grpc::service: [TEST] received call, method: "get_lightd_info"
1791661429.711933 runnervmmprz5 zainod-0.10.1[2979]:     at packages/zaino-serve/src/rpc/grpc/service.rs:161
1791661429.717053 runnervmmprz5 zainod-0.10.1[2979]:   19:43:49.717  INFO zaino_serve::rpc::grpc::service: [TEST] received call, method: "get_block"
1791661429.717053 runnervmmprz5 zainod-0.10.1[2979]:     at packages/zaino-serve/src/rpc/grpc/service.rs:161
1791661429.718114 runnervmmprz5 zainod-0.10.1[2979]:   19:43:49.718  INFO zaino_serve::rpc::grpc::service: [TEST] received call, method: "get_block"
1791661429.718114 runnervmmprz5 zainod-0.10.1[2979]:     at packages/zaino-serve/src/rpc/grpc/service.rs:161
1791661430.847606 runnervmmprz5 zainod-0.10.1[2979]:   19:43:50.847  INFO zaino_chain_store_zainodb::store::finalised_source::v1::write_core: write_blocks_to_height: syncing, current: 1373031, target: 4381896, zebra_network: Testnet
1791661430.847606 runnervmmprz5 zainod-0.10.1[2979]:     at packages/zaino-chain-store-zainodb/src/store/finalised_source/v1/write_core.rs:184
1791661434.713250 runnervmmprz5 zainod-0.10.1[2979]:   19:43:54.713  INFO zaino_serve::rpc::grpc::service: [TEST] received call, method: "get_lightd_info"
1791661434.713250 runnervmmprz5 zainod-0.10.1[2979]:     at packages/zaino-serve/src/rpc/grpc/service.rs:161
1791661434.718458 runnervmmprz5 zainod-0.10.1[2979]:   19:43:54.718  INFO zaino_serve::rpc::grpc::service: [TEST] received call, method: "get_block"
1791661434.718458 runnervmmprz5 zainod-0.10.1[2979]:     at packages/zaino-serve/src/rpc/grpc/service.rs:161
1791661434.719269 runnervmmprz5 zainod-0.10.1[2979]:   19:43:54.719  INFO zaino_serve::rpc::grpc::service: [TEST] received call, method: "get_block"
1791661434.719269 runnervmmprz5 zainod-0.10.1[2979]:     at packages/zaino-serve/src/rpc/grpc/service.rs:161
1791661435.745068 runnervmmprz5 zainod-0.10.1[2979]:   19:43:55.745  INFO zaino_chain_store_zainodb::store::finalised_source::v1::write_core: write_blocks_to_height: committed batch, height: 1299999, blocks: 100000
1791661435.745068 runnervmmprz5 zainod-0.10.1[2979]:     at packages/zaino-chain-store-zainodb/src/store/finalised_source/v1/write_core.rs:636
1791661435.956663 runnervmmprz5 zainod-0.10.1[2979]:   19:43:55.956  INFO zainodlib::indexer: Zaino status check, chain_state: Ready, fs_mode: ephemeral(syncing), json_rpc: Ready, grpc: Ready
1791661435.956663 runnervmmprz5 zainod-0.10.1[2979]:     at packages/zainod/src/indexer.rs:333
1791661439.709411 runnervmmprz5 zainod-0.10.1[2979]:   19:43:59.709  INFO zaino_serve::rpc::grpc::service: [TEST] received call, method: "get_lightd_info"
1791661439.709411 runnervmmprz5 zainod-0.10.1[2979]:     at packages/zaino-serve/src/rpc/grpc/service.rs:161
1791661439.713342 runnervmmprz5 zainod-0.10.1[2979]:   19:43:59.713  INFO zaino_serve::rpc::grpc::service: [TEST] received call, method: "get_block"
1791661439.713342 runnervmmprz5 zainod-0.10.1[2979]:     at packages/zaino-serve/src/rpc/grpc/service.rs:161
1791661439.714122 runnervmmprz5 zainod-0.10.1[2979]:   19:43:59.714  INFO zaino_serve::rpc::grpc::service: [TEST] received call, method: "get_block"
1791661439.714122 runnervmmprz5 zainod-0.10.1[2979]:     at packages/zaino-serve/src/rpc/grpc/service.rs:161
1791661440.847839 runnervmmprz5 zainod-0.10.1[2979]:   19:44:00.847  INFO zaino_chain_store_zainodb::store::finalised_source::v1::write_core: write_blocks_to_height: syncing, current: 1413925, target: 4381896, zebra_network: Testnet
1791661440.847839 runnervmmprz5 zainod-0.10.1[2979]:     at packages/zaino-chain-store-zainodb/src/store/finalised_source/v1/write_core.rs:184
1791661444.713581 runnervmmprz5 zainod-0.10.1[2979]:   19:44:04.713  INFO zaino_serve::rpc::grpc::service: [TEST] received call, method: "get_lightd_info"
1791661444.713581 runnervmmprz5 zainod-0.10.1[2979]:     at packages/zaino-serve/src/rpc/grpc/service.rs:161
1791661444.717875 runnervmmprz5 zainod-0.10.1[2979]:   19:44:04.717  INFO zaino_serve::rpc::grpc::service: [TEST] received call, method: "get_block"
1791661444.717875 runnervmmprz5 zainod-0.10.1[2979]:     at packages/zaino-serve/src/rpc/grpc/service.rs:161
1791661444.718686 runnervmmprz5 zainod-0.10.1[2979]:   19:44:04.718  INFO zaino_serve::rpc::grpc::service: [TEST] received call, method: "get_block"
1791661444.718686 runnervmmprz5 zainod-0.10.1[2979]:     at packages/zaino-serve/src/rpc/grpc/service.rs:161
1791661446.056722 runnervmmprz5 zainod-0.10.1[2979]:   19:44:06.056  INFO zainodlib::indexer: Zaino status check, chain_state: Ready, fs_mode: ephemeral(syncing), json_rpc: Ready, grpc: Ready
1791661446.056722 runnervmmprz5 zainod-0.10.1[2979]:     at packages/zainod/src/indexer.rs:333
1791661449.712806 runnervmmprz5 zainod-0.10.1[2979]:   19:44:09.712  INFO zaino_serve::rpc::grpc::service: [TEST] received call, method: "get_lightd_info"
1791661449.712806 runnervmmprz5 zainod-0.10.1[2979]:     at packages/zaino-serve/src/rpc/grpc/service.rs:161
1791661449.718680 runnervmmprz5 zainod-0.10.1[2979]:   19:44:09.718  INFO zaino_serve::rpc::grpc::service: [TEST] received call, method: "get_block"
1791661449.718680 runnervmmprz5 zainod-0.10.1[2979]:     at packages/zaino-serve/src/rpc/grpc/service.rs:161
1791661449.719723 runnervmmprz5 zainod-0.10.1[2979]:   19:44:09.719  INFO zaino_serve::rpc::grpc::service: [TEST] received call, method: "get_block"
1791661449.719723 runnervmmprz5 zainod-0.10.1[2979]:     at packages/zaino-serve/src/rpc/grpc/service.rs:161
1791661450.848089 runnervmmprz5 zainod-0.10.1[2979]:   19:44:10.848  INFO zaino_chain_store_zainodb::store::finalised_source::v1::write_core: write_blocks_to_height: syncing, current: 1462150, target: 4381896, zebra_network: Testnet
1791661450.848089 runnervmmprz5 zainod-0.10.1[2979]:     at packages/zaino-chain-store-zainodb/src/store/finalised_source/v1/write_core.rs:184
1791661454.717751 runnervmmprz5 zainod-0.10.1[2979]:   19:44:14.717  INFO zaino_serve::rpc::grpc::service: [TEST] received call, method: "get_lightd_info"
1791661454.717751 runnervmmprz5 zainod-0.10.1[2979]:     at packages/zaino-serve/src/rpc/grpc/service.rs:161
1791661454.723007 runnervmmprz5 zainod-0.10.1[2979]:   19:44:14.722  INFO zaino_serve::rpc::grpc::service: [TEST] received call, method: "get_block"
1791661454.723007 runnervmmprz5 zainod-0.10.1[2979]:     at packages/zaino-serve/src/rpc/grpc/service.rs:161
1791661454.724102 runnervmmprz5 zainod-0.10.1[2979]:   19:44:14.724  INFO zaino_serve::rpc::grpc::service: [TEST] received call, method: "get_block"
1791661454.724102 runnervmmprz5 zainod-0.10.1[2979]:     at packages/zaino-serve/src/rpc/grpc/service.rs:161
1791661456.056798 runnervmmprz5 zainod-0.10.1[2979]:   19:44:16.056  INFO zainodlib::indexer: Zaino status check, chain_state: Ready, fs_mode: ephemeral(syncing), json_rpc: Ready, grpc: Ready
1791661456.056798 runnervmmprz5 zainod-0.10.1[2979]:     at packages/zainod/src/indexer.rs:333
1791661458.027895 runnervmmprz5 zainod-0.10.1[2979]:   19:44:18.027  INFO zaino_chain_store_zainodb::store::finalised_source::v1::write_core: write_blocks_to_height: committed batch, height: 1399999, blocks: 100000
1791661458.027895 runnervmmprz5 zainod-0.10.1[2979]:     at packages/zaino-chain-store-zainodb/src/store/finalised_source/v1/write_core.rs:636
1791661459.714706 runnervmmprz5 zainod-0.10.1[2979]:   19:44:19.714  INFO zaino_serve::rpc::grpc::service: [TEST] received call, method: "get_lightd_info"
1791661459.714706 runnervmmprz5 zainod-0.10.1[2979]:     at packages/zaino-serve/src/rpc/grpc/service.rs:161
1791661459.720844 runnervmmprz5 zainod-0.10.1[2979]:   19:44:19.720  INFO zaino_serve::rpc::grpc::service: [TEST] received call, method: "get_block"
1791661459.720844 runnervmmprz5 zainod-0.10.1[2979]:     at packages/zaino-serve/src/rpc/grpc/service.rs:161
1791661459.722244 runnervmmprz5 zainod-0.10.1[2979]:   19:44:19.722  INFO zaino_serve::rpc::grpc::service: [TEST] received call, method: "get_block"
1791661459.722244 runnervmmprz5 zainod-0.10.1[2979]:     at packages/zaino-serve/src/rpc/grpc/service.rs:161
1791661460.890783 runnervmmprz5 zainod-0.10.1[2979]:   19:44:20.890  INFO zaino_chain_store_zainodb::store::finalised_source::v1::write_core: write_blocks_to_height: syncing, current: 1511882, target: 4381896, zebra_network: Testnet
1791661460.890783 runnervmmprz5 zainod-0.10.1[2979]:     at packages/zaino-chain-store-zainodb/src/store/finalised_source/v1/write_core.rs:184
1791661464.718057 runnervmmprz5 zainod-0.10.1[2979]:   19:44:24.718  INFO zaino_serve::rpc::grpc::service: [TEST] received call, method: "get_lightd_info"
1791661464.718057 runnervmmprz5 zainod-0.10.1[2979]:     at packages/zaino-serve/src/rpc/grpc/service.rs:161
1791661464.722875 runnervmmprz5 zainod-0.10.1[2979]:   19:44:24.722  INFO zaino_serve::rpc::grpc::service: [TEST] received call, method: "get_block"
1791661464.722875 runnervmmprz5 zainod-0.10.1[2979]:     at packages/zaino-serve/src/rpc/grpc/service.rs:161
1791661464.723912 runnervmmprz5 zainod-0.10.1[2979]:   19:44:24.723  INFO zaino_serve::rpc::grpc::service: [TEST] received call, method: "get_block"
1791661464.723912 runnervmmprz5 zainod-0.10.1[2979]:     at packages/zaino-serve/src/rpc/grpc/service.rs:161
1791661468.425354 runnervmmprz5 zainod-0.10.1[2979]:   19:44:28.425  INFO zainodlib::indexer: Zaino status check, chain_state: Ready, fs_mode: ephemeral(syncing), json_rpc: Ready, grpc: Ready
1791661468.425354 runnervmmprz5 zainod-0.10.1[2979]:     at packages/zainod/src/indexer.rs:333
1791661469.716223 runnervmmprz5 zainod-0.10.1[2979]:   19:44:29.716  INFO zaino_serve::rpc::grpc::service: [TEST] received call, method: "get_lightd_info"
1791661469.716223 runnervmmprz5 zainod-0.10.1[2979]:     at packages/zaino-serve/src/rpc/grpc/service.rs:161
1791661469.720715 runnervmmprz5 zainod-0.10.1[2979]:   19:44:29.720  INFO zaino_serve::rpc::grpc::service: [TEST] received call, method: "get_block"
1791661469.720715 runnervmmprz5 zainod-0.10.1[2979]:     at packages/zaino-serve/src/rpc/grpc/service.rs:161
1791661469.721630 runnervmmprz5 zainod-0.10.1[2979]:   19:44:29.721  INFO zaino_serve::rpc::grpc::service: [TEST] received call, method: "get_block"
1791661469.721630 runnervmmprz5 zainod-0.10.1[2979]:     at packages/zaino-serve/src/rpc/grpc/service.rs:161
1791661470.891025 runnervmmprz5 zainod-0.10.1[2979]:   19:44:30.890  INFO zaino_chain_store_zainodb::store::finalised_source::v1::write_core: write_blocks_to_height: syncing, current: 1549655, target: 4381896, zebra_network: Testnet
1791661470.891025 runnervmmprz5 zainod-0.10.1[2979]:     at packages/zaino-chain-store-zainodb/src/store/finalised_source/v1/write_core.rs:184
1791661474.717155 runnervmmprz5 zainod-0.10.1[2979]:   19:44:34.717  INFO zaino_serve::rpc::grpc::service: [TEST] received call, method: "get_lightd_info"
1791661474.717155 runnervmmprz5 zainod-0.10.1[2979]:     at packages/zaino-serve/src/rpc/grpc/service.rs:161
1791661474.720983 runnervmmprz5 zainod-0.10.1[2979]:   19:44:34.720  INFO zaino_serve::rpc::grpc::service: [TEST] received call, method: "get_block"
1791661474.720983 runnervmmprz5 zainod-0.10.1[2979]:     at packages/zaino-serve/src/rpc/grpc/service.rs:161
1791661474.722135 runnervmmprz5 zainod-0.10.1[2979]:   19:44:34.722  INFO zaino_serve::rpc::grpc::service: [TEST] received call, method: "get_block"
1791661474.722135 runnervmmprz5 zainod-0.10.1[2979]:     at packages/zaino-serve/src/rpc/grpc/service.rs:161
1791661478.456634 runnervmmprz5 zainod-0.10.1[2979]:   19:44:38.456  INFO zainodlib::indexer: Zaino status check, chain_state: Ready, fs_mode: ephemeral(syncing), json_rpc: Ready, grpc: Ready
1791661478.456634 runnervmmprz5 zainod-0.10.1[2979]:     at packages/zainod/src/indexer.rs:333
1791661479.716342 runnervmmprz5 zainod-0.10.1[2979]:   19:44:39.716  INFO zaino_serve::rpc::grpc::service: [TEST] received call, method: "get_lightd_info"
1791661479.716342 runnervmmprz5 zainod-0.10.1[2979]:     at packages/zaino-serve/src/rpc/grpc/service.rs:161
1791661479.722199 runnervmmprz5 zainod-0.10.1[2979]:   19:44:39.722  INFO zaino_serve::rpc::grpc::service: [TEST] received call, method: "get_block"
1791661479.722199 runnervmmprz5 zainod-0.10.1[2979]:     at packages/zaino-serve/src/rpc/grpc/service.rs:161
1791661479.723101 runnervmmprz5 zainod-0.10.1[2979]:   19:44:39.723  INFO zaino_serve::rpc::grpc::service: [TEST] received call, method: "get_block"
1791661479.723101 runnervmmprz5 zainod-0.10.1[2979]:     at packages/zaino-serve/src/rpc/grpc/service.rs:161
1791661480.310758 runnervmmprz5 zainod-0.10.1[2979]:   19:44:40.310  INFO zaino_chain_store_zainodb::store::finalised_source::v1::write_core: write_blocks_to_height: committed batch, height: 1499999, blocks: 100000
1791661480.310758 runnervmmprz5 zainod-0.10.1[2979]:     at packages/zaino-chain-store-zainodb/src/store/finalised_source/v1/write_core.rs:636
1791661480.891171 runnervmmprz5 zainod-0.10.1[2979]:   19:44:40.891  INFO zaino_chain_store_zainodb::store::finalised_source::v1::write_core: write_blocks_to_height: syncing, current: 1602219, target: 4381896, zebra_network: Testnet
1791661480.891171 runnervmmprz5 zainod-0.10.1[2979]:     at packages/zaino-chain-store-zainodb/src/store/finalised_source/v1/write_core.rs:184
1791661484.713175 runnervmmprz5 zainod-0.10.1[2979]:   19:44:44.713  INFO zaino_serve::rpc::grpc::service: [TEST] received call, method: "get_lightd_info"
1791661484.713175 runnervmmprz5 zainod-0.10.1[2979]:     at packages/zaino-serve/src/rpc/grpc/service.rs:161
1791661484.716678 runnervmmprz5 zainod-0.10.1[2979]:   19:44:44.716  INFO zaino_serve::rpc::grpc::service: [TEST] received call, method: "get_block"
1791661484.716678 runnervmmprz5 zainod-0.10.1[2979]:     at packages/zaino-serve/src/rpc/grpc/service.rs:161
1791661484.717353 runnervmmprz5 zainod-0.10.1[2979]:   19:44:44.717  INFO zaino_serve::rpc::grpc::service: [TEST] received call, method: "get_block"
1791661484.717353 runnervmmprz5 zainod-0.10.1[2979]:     at packages/zaino-serve/src/rpc/grpc/service.rs:161
1791661488.456797 runnervmmprz5 zainod-0.10.1[2979]:   19:44:48.456  INFO zainodlib::indexer: Zaino status check, chain_state: Ready, fs_mode: ephemeral(syncing), json_rpc: Ready, grpc: Ready
1791661488.456797 runnervmmprz5 zainod-0.10.1[2979]:     at packages/zainod/src/indexer.rs:333
1791661489.720238 runnervmmprz5 zainod-0.10.1[2979]:   19:44:49.720  INFO zaino_serve::rpc::grpc::service: [TEST] received call, method: "get_lightd_info"
1791661489.720238 runnervmmprz5 zainod-0.10.1[2979]:     at packages/zaino-serve/src/rpc/grpc/service.rs:161
1791661489.725835 runnervmmprz5 zainod-0.10.1[2979]:   19:44:49.725  INFO zaino_serve::rpc::grpc::service: [TEST] received call, method: "get_block"
1791661489.725835 runnervmmprz5 zainod-0.10.1[2979]:     at packages/zaino-serve/src/rpc/grpc/service.rs:161
1791661489.726605 runnervmmprz5 zainod-0.10.1[2979]:   19:44:49.726  INFO zaino_serve::rpc::grpc::service: [TEST] received call, method: "get_block"
1791661489.726605 runnervmmprz5 zainod-0.10.1[2979]:     at packages/zaino-serve/src/rpc/grpc/service.rs:161
1791661490.891715 runnervmmprz5 zainod-0.10.1[2979]:   19:44:50.891  INFO zaino_chain_store_zainodb::store::finalised_source::v1::write_core: write_blocks_to_height: syncing, current: 1634619, target: 4381896, zebra_network: Testnet
1791661490.891715 runnervmmprz5 zainod-0.10.1[2979]:     at packages/zaino-chain-store-zainodb/src/store/finalised_source/v1/write_core.rs:184
1791661494.718745 runnervmmprz5 zainod-0.10.1[2979]:   19:44:54.718  INFO zaino_serve::rpc::grpc::service: [TEST] received call, method: "get_lightd_info"
1791661494.718745 runnervmmprz5 zainod-0.10.1[2979]:     at packages/zaino-serve/src/rpc/grpc/service.rs:161
1791661494.724126 runnervmmprz5 zainod-0.10.1[2979]:   19:44:54.724  INFO zaino_serve::rpc::grpc::service: [TEST] received call, method: "get_block"
1791661494.724126 runnervmmprz5 zainod-0.10.1[2979]:     at packages/zaino-serve/src/rpc/grpc/service.rs:161
1791661494.724989 runnervmmprz5 zainod-0.10.1[2979]:   19:44:54.724  INFO zaino_serve::rpc::grpc::service: [TEST] received call, method: "get_block"
1791661494.724989 runnervmmprz5 zainod-0.10.1[2979]:     at packages/zaino-serve/src/rpc/grpc/service.rs:161
1791661498.556460 runnervmmprz5 zainod-0.10.1[2979]:   19:44:58.556  INFO zainodlib::indexer: Zaino status check, chain_state: Ready, fs_mode: ephemeral(syncing), json_rpc: Ready, grpc: Ready
1791661498.556460 runnervmmprz5 zainod-0.10.1[2979]:     at packages/zainod/src/indexer.rs:333
1791661499.719039 runnervmmprz5 zainod-0.10.1[2979]:   19:44:59.718  INFO zaino_serve::rpc::grpc::service: [TEST] received call, method: "get_lightd_info"
1791661499.719039 runnervmmprz5 zainod-0.10.1[2979]:     at packages/zaino-serve/src/rpc/grpc/service.rs:161
1791661499.724013 runnervmmprz5 zainod-0.10.1[2979]:   19:44:59.723  INFO zaino_serve::rpc::grpc::service: [TEST] received call, method: "get_block"
1791661499.724013 runnervmmprz5 zainod-0.10.1[2979]:     at packages/zaino-serve/src/rpc/grpc/service.rs:161
1791661499.725047 runnervmmprz5 zainod-0.10.1[2979]:   19:44:59.725  INFO zaino_serve::rpc::grpc::service: [TEST] received call, method: "get_block"
1791661499.725047 runnervmmprz5 zainod-0.10.1[2979]:     at packages/zaino-serve/src/rpc/grpc/service.rs:161
1791661500.891921 runnervmmprz5 zainod-0.10.1[2979]:   19:45:00.891  INFO zaino_chain_store_zainodb::store::finalised_source::v1::write_core: write_blocks_to_height: syncing, current: 1690881, target: 4381896, zebra_network: Testnet
1791661500.891921 runnervmmprz5 zainod-0.10.1[2979]:     at packages/zaino-chain-store-zainodb/src/store/finalised_source/v1/write_core.rs:184
1791661502.598258 runnervmmprz5 zainod-0.10.1[2979]:   19:45:02.598  INFO zaino_chain_store_zainodb::store::finalised_source::v1::write_core: write_blocks_to_height: committed batch, height: 1599999, blocks: 100000
1791661502.598258 runnervmmprz5 zainod-0.10.1[2979]:     at packages/zaino-chain-store-zainodb/src/store/finalised_source/v1/write_core.rs:636
1791661504.724926 runnervmmprz5 zainod-0.10.1[2979]:   19:45:04.724  INFO zaino_serve::rpc::grpc::service: [TEST] received call, method: "get_lightd_info"
1791661504.724926 runnervmmprz5 zainod-0.10.1[2979]:     at packages/zaino-serve/src/rpc/grpc/service.rs:161
1791661504.731693 runnervmmprz5 zainod-0.10.1[2979]:   19:45:04.731  INFO zaino_serve::rpc::grpc::service: [TEST] received call, method: "get_block"
1791661504.731693 runnervmmprz5 zainod-0.10.1[2979]:     at packages/zaino-serve/src/rpc/grpc/service.rs:161
1791661504.732640 runnervmmprz5 zainod-0.10.1[2979]:   19:45:04.732  INFO zaino_serve::rpc::grpc::service: [TEST] received call, method: "get_block"
1791661504.732640 runnervmmprz5 zainod-0.10.1[2979]:     at packages/zaino-serve/src/rpc/grpc/service.rs:161
1791661508.557017 runnervmmprz5 zainod-0.10.1[2979]:   19:45:08.556  INFO zainodlib::indexer: Zaino status check, chain_state: Ready, fs_mode: ephemeral(syncing), json_rpc: Ready, grpc: Ready
1791661508.557017 runnervmmprz5 zainod-0.10.1[2979]:     at packages/zainod/src/indexer.rs:333
1791661509.719068 runnervmmprz5 zainod-0.10.1[2979]:   19:45:09.718  INFO zaino_serve::rpc::grpc::service: [TEST] received call, method: "get_lightd_info"
1791661509.719068 runnervmmprz5 zainod-0.10.1[2979]:     at packages/zaino-serve/src/rpc/grpc/service.rs:161
1791661509.724078 runnervmmprz5 zainod-0.10.1[2979]:   19:45:09.724  INFO zaino_serve::rpc::grpc::service: [TEST] received call, method: "get_block"
1791661509.724078 runnervmmprz5 zainod-0.10.1[2979]:     at packages/zaino-serve/src/rpc/grpc/service.rs:161
1791661509.724921 runnervmmprz5 zainod-0.10.1[2979]:   19:45:09.724  INFO zaino_serve::rpc::grpc::service: [TEST] received call, method: "get_block"
1791661509.724921 runnervmmprz5 zainod-0.10.1[2979]:     at packages/zaino-serve/src/rpc/grpc/service.rs:161
1791661510.892116 runnervmmprz5 zainod-0.10.1[2979]:   19:45:10.892  INFO zaino_chain_store_zainodb::store::finalised_source::v1::write_core: write_blocks_to_height: syncing, current: 1724980, target: 4381896, zebra_network: Testnet
1791661510.892116 runnervmmprz5 zainod-0.10.1[2979]:     at packages/zaino-chain-store-zainodb/src/store/finalised_source/v1/write_core.rs:184
1791661514.722601 runnervmmprz5 zainod-0.10.1[2979]:   19:45:14.722  INFO zaino_serve::rpc::grpc::service: [TEST] received call, method: "get_lightd_info"
1791661514.722601 runnervmmprz5 zainod-0.10.1[2979]:     at packages/zaino-serve/src/rpc/grpc/service.rs:161
1791661514.727087 runnervmmprz5 zainod-0.10.1[2979]:   19:45:14.726  INFO zaino_serve::rpc::grpc::service: [TEST] received call, method: "get_block"
1791661514.727087 runnervmmprz5 zainod-0.10.1[2979]:     at packages/zaino-serve/src/rpc/grpc/service.rs:161
1791661514.727704 runnervmmprz5 zainod-0.10.1[2979]:   19:45:14.727  INFO zaino_serve::rpc::grpc::service: [TEST] received call, method: "get_block"
1791661514.727704 runnervmmprz5 zainod-0.10.1[2979]:     at packages/zaino-serve/src/rpc/grpc/service.rs:161
1791661518.657114 runnervmmprz5 zainod-0.10.1[2979]:   19:45:18.657  INFO zainodlib::indexer: Zaino status check, chain_state: Ready, fs_mode: ephemeral(syncing), json_rpc: Ready, grpc: Ready
1791661518.657114 runnervmmprz5 zainod-0.10.1[2979]:     at packages/zainod/src/indexer.rs:333
1791661519.722745 runnervmmprz5 zainod-0.10.1[2979]:   19:45:19.722  INFO zaino_serve::rpc::grpc::service: [TEST] received call, method: "get_lightd_info"
1791661519.722745 runnervmmprz5 zainod-0.10.1[2979]:     at packages/zaino-serve/src/rpc/grpc/service.rs:161
1791661519.727903 runnervmmprz5 zainod-0.10.1[2979]:   19:45:19.727  INFO zaino_serve::rpc::grpc::service: [TEST] received call, method: "get_block"
1791661519.727903 runnervmmprz5 zainod-0.10.1[2979]:     at packages/zaino-serve/src/rpc/grpc/service.rs:161
1791661519.728877 runnervmmprz5 zainod-0.10.1[2979]:   19:45:19.728  INFO zaino_serve::rpc::grpc::service: [TEST] received call, method: "get_block"
1791661519.728877 runnervmmprz5 zainod-0.10.1[2979]:     at packages/zaino-serve/src/rpc/grpc/service.rs:161
1791661520.892243 runnervmmprz5 zainod-0.10.1[2979]:   19:45:20.892  INFO zaino_chain_store_zainodb::store::finalised_source::v1::write_core: write_blocks_to_height: syncing, current: 1779295, target: 4381896, zebra_network: Testnet
1791661520.892243 runnervmmprz5 zainod-0.10.1[2979]:     at packages/zaino-chain-store-zainodb/src/store/finalised_source/v1/write_core.rs:184
1791661524.633408 runnervmmprz5 zainod-0.10.1[2979]:   19:45:24.633  INFO zaino_chain_store_zainodb::store::finalised_source::v1::write_core: write_blocks_to_height: committed batch, height: 1699999, blocks: 100000
1791661524.633408 runnervmmprz5 zainod-0.10.1[2979]:     at packages/zaino-chain-store-zainodb/src/store/finalised_source/v1/write_core.rs:636
1791661524.723141 runnervmmprz5 zainod-0.10.1[2979]:   19:45:24.723  INFO zaino_serve::rpc::grpc::service: [TEST] received call, method: "get_lightd_info"
1791661524.723141 runnervmmprz5 zainod-0.10.1[2979]:     at packages/zaino-serve/src/rpc/grpc/service.rs:161
1791661524.728554 runnervmmprz5 zainod-0.10.1[2979]:   19:45:24.728  INFO zaino_serve::rpc::grpc::service: [TEST] received call, method: "get_block"
1791661524.728554 runnervmmprz5 zainod-0.10.1[2979]:     at packages/zaino-serve/src/rpc/grpc/service.rs:161
1791661524.729957 runnervmmprz5 zainod-0.10.1[2979]:   19:45:24.729  INFO zaino_serve::rpc::grpc::service: [TEST] received call, method: "get_block"
1791661524.729957 runnervmmprz5 zainod-0.10.1[2979]:     at packages/zaino-serve/src/rpc/grpc/service.rs:161
1791661528.756745 runnervmmprz5 zainod-0.10.1[2979]:   19:45:28.756  INFO zainodlib::indexer: Zaino status check, chain_state: Ready, fs_mode: ephemeral(syncing), json_rpc: Ready, grpc: Ready
1791661528.756745 runnervmmprz5 zainod-0.10.1[2979]:     at packages/zainod/src/indexer.rs:333
1791661529.716448 runnervmmprz5 zainod-0.10.1[2979]:   19:45:29.716  INFO zaino_serve::rpc::grpc::service: [TEST] received call, method: "get_lightd_info"
1791661529.716448 runnervmmprz5 zainod-0.10.1[2979]:     at packages/zaino-serve/src/rpc/grpc/service.rs:161
1791661529.719810 runnervmmprz5 zainod-0.10.1[2979]:   19:45:29.719  INFO zaino_serve::rpc::grpc::service: [TEST] received call, method: "get_block"
1791661529.719810 runnervmmprz5 zainod-0.10.1[2979]:     at packages/zaino-serve/src/rpc/grpc/service.rs:161
1791661529.720458 runnervmmprz5 zainod-0.10.1[2979]:   19:45:29.720  INFO zaino_serve::rpc::grpc::service: [TEST] received call, method: "get_block"
1791661529.720458 runnervmmprz5 zainod-0.10.1[2979]:     at packages/zaino-serve/src/rpc/grpc/service.rs:161
1791661530.893074 runnervmmprz5 zainod-0.10.1[2979]:   19:45:30.892  INFO zaino_chain_store_zainodb::store::finalised_source::v1::write_core: write_blocks_to_height: syncing, current: 1813409, target: 4381896, zebra_network: Testnet
1791661530.893074 runnervmmprz5 zainod-0.10.1[2979]:     at packages/zaino-chain-store-zainodb/src/store/finalised_source/v1/write_core.rs:184
1791661534.722699 runnervmmprz5 zainod-0.10.1[2979]:   19:45:34.722  INFO zaino_serve::rpc::grpc::service: [TEST] received call, method: "get_lightd_info"
1791661534.722699 runnervmmprz5 zainod-0.10.1[2979]:     at packages/zaino-serve/src/rpc/grpc/service.rs:161
1791661534.727770 runnervmmprz5 zainod-0.10.1[2979]:   19:45:34.727  INFO zaino_serve::rpc::grpc::service: [TEST] received call, method: "get_block"
1791661534.727770 runnervmmprz5 zainod-0.10.1[2979]:     at packages/zaino-serve/src/rpc/grpc/service.rs:161
1791661534.728915 runnervmmprz5 zainod-0.10.1[2979]:   19:45:34.728  INFO zaino_serve::rpc::grpc::service: [TEST] received call, method: "get_block"
1791661534.728915 runnervmmprz5 zainod-0.10.1[2979]:     at packages/zaino-serve/src/rpc/grpc/service.rs:161
1791661538.856877 runnervmmprz5 zainod-0.10.1[2979]:   19:45:38.856  INFO zainodlib::indexer: Zaino status check, chain_state: Ready, fs_mode: ephemeral(syncing), json_rpc: Ready, grpc: Ready
1791661538.856877 runnervmmprz5 zainod-0.10.1[2979]:     at packages/zainod/src/indexer.rs:333
1791661539.721307 runnervmmprz5 zainod-0.10.1[2979]:   19:45:39.721  INFO zaino_serve::rpc::grpc::service: [TEST] received call, method: "get_lightd_info"
1791661539.721307 runnervmmprz5 zainod-0.10.1[2979]:     at packages/zaino-serve/src/rpc/grpc/service.rs:161
1791661539.726435 runnervmmprz5 zainod-0.10.1[2979]:   19:45:39.726  INFO zaino_serve::rpc::grpc::service: [TEST] received call, method: "get_block"
1791661539.726435 runnervmmprz5 zainod-0.10.1[2979]:     at packages/zaino-serve/src/rpc/grpc/service.rs:161
1791661539.727159 runnervmmprz5 zainod-0.10.1[2979]:   19:45:39.727  INFO zaino_serve::rpc::grpc::service: [TEST] received call, method: "get_block"
1791661539.727159 runnervmmprz5 zainod-0.10.1[2979]:     at packages/zaino-serve/src/rpc/grpc/service.rs:161
1791661540.893448 runnervmmprz5 zainod-0.10.1[2979]:   19:45:40.893  INFO zaino_chain_store_zainodb::store::finalised_source::v1::write_core: write_blocks_to_height: syncing, current: 1850360, target: 4381896, zebra_network: Testnet
1791661540.893448 runnervmmprz5 zainod-0.10.1[2979]:     at packages/zaino-chain-store-zainodb/src/store/finalised_source/v1/write_core.rs:184
1791661544.720890 runnervmmprz5 zainod-0.10.1[2979]:   19:45:44.720  INFO zaino_serve::rpc::grpc::service: [TEST] received call, method: "get_lightd_info"
1791661544.720890 runnervmmprz5 zainod-0.10.1[2979]:     at packages/zaino-serve/src/rpc/grpc/service.rs:161
1791661544.726361 runnervmmprz5 zainod-0.10.1[2979]:   19:45:44.726  INFO zaino_serve::rpc::grpc::service: [TEST] received call, method: "get_block"
1791661544.726361 runnervmmprz5 zainod-0.10.1[2979]:     at packages/zaino-serve/src/rpc/grpc/service.rs:161
1791661544.727277 runnervmmprz5 zainod-0.10.1[2979]:   19:45:44.727  INFO zaino_serve::rpc::grpc::service: [TEST] received call, method: "get_block"
1791661544.727277 runnervmmprz5 zainod-0.10.1[2979]:     at packages/zaino-serve/src/rpc/grpc/service.rs:161
1791661548.856965 runnervmmprz5 zainod-0.10.1[2979]:   19:45:48.856  INFO zainodlib::indexer: Zaino status check, chain_state: Ready, fs_mode: ephemeral(syncing), json_rpc: Ready, grpc: Ready
1791661548.856965 runnervmmprz5 zainod-0.10.1[2979]:     at packages/zainod/src/indexer.rs:333
1791661549.723116 runnervmmprz5 zainod-0.10.1[2979]:   19:45:49.723  INFO zaino_serve::rpc::grpc::service: [TEST] received call, method: "get_lightd_info"
1791661549.723116 runnervmmprz5 zainod-0.10.1[2979]:     at packages/zaino-serve/src/rpc/grpc/service.rs:161
1791661549.728194 runnervmmprz5 zainod-0.10.1[2979]:   19:45:49.728  INFO zaino_serve::rpc::grpc::service: [TEST] received call, method: "get_block"
1791661549.728194 runnervmmprz5 zainod-0.10.1[2979]:     at packages/zaino-serve/src/rpc/grpc/service.rs:161
1791661549.728900 runnervmmprz5 zainod-0.10.1[2979]:   19:45:49.728  INFO zaino_serve::rpc::grpc::service: [TEST] received call, method: "get_block"
1791661549.728900 runnervmmprz5 zainod-0.10.1[2979]:     at packages/zaino-serve/src/rpc/grpc/service.rs:161
1791661550.894075 runnervmmprz5 zainod-0.10.1[2979]:   19:45:50.894  INFO zaino_chain_store_zainodb::store::finalised_source::v1::write_core: write_blocks_to_height: syncing, current: 1882334, target: 4381896, zebra_network: Testnet
1791661550.894075 runnervmmprz5 zainod-0.10.1[2979]:     at packages/zaino-chain-store-zainodb/src/store/finalised_source/v1/write_core.rs:184
1791661554.724746 runnervmmprz5 zainod-0.10.1[2979]:   19:45:54.724  INFO zaino_serve::rpc::grpc::service: [TEST] received call, method: "get_lightd_info"
1791661554.724746 runnervmmprz5 zainod-0.10.1[2979]:     at packages/zaino-serve/src/rpc/grpc/service.rs:161
1791661554.728919 runnervmmprz5 zainod-0.10.1[2979]:   19:45:54.728  INFO zaino_serve::rpc::grpc::service: [TEST] received call, method: "get_block"
1791661554.728919 runnervmmprz5 zainod-0.10.1[2979]:     at packages/zaino-serve/src/rpc/grpc/service.rs:161
1791661554.729669 runnervmmprz5 zainod-0.10.1[2979]:   19:45:54.729  INFO zaino_serve::rpc::grpc::service: [TEST] received call, method: "get_block"
1791661554.729669 runnervmmprz5 zainod-0.10.1[2979]:     at packages/zaino-serve/src/rpc/grpc/service.rs:161
1791661556.318704 runnervmmprz5 zainod-0.10.1[2979]:   19:45:56.318  INFO zaino_chain_store_zainodb::store::finalised_source::v1::write_core: write_blocks_to_height: committed batch, height: 1799999, blocks: 100000
1791661556.318704 runnervmmprz5 zainod-0.10.1[2979]:     at packages/zaino-chain-store-zainodb/src/store/finalised_source/v1/write_core.rs:636
1791661558.957211 runnervmmprz5 zainod-0.10.1[2979]:   19:45:58.957  INFO zainodlib::indexer: Zaino status check, chain_state: Ready, fs_mode: ephemeral(syncing), json_rpc: Ready, grpc: Ready
1791661558.957211 runnervmmprz5 zainod-0.10.1[2979]:     at packages/zainod/src/indexer.rs:333
1791661559.719510 runnervmmprz5 zainod-0.10.1[2979]:   19:45:59.719  INFO zaino_serve::rpc::grpc::service: [TEST] received call, method: "get_lightd_info"
1791661559.719510 runnervmmprz5 zainod-0.10.1[2979]:     at packages/zaino-serve/src/rpc/grpc/service.rs:161
1791661559.722988 runnervmmprz5 zainod-0.10.1[2979]:   19:45:59.722  INFO zaino_serve::rpc::grpc::service: [TEST] received call, method: "get_block"
1791661559.722988 runnervmmprz5 zainod-0.10.1[2979]:     at packages/zaino-serve/src/rpc/grpc/service.rs:161
1791661559.723692 runnervmmprz5 zainod-0.10.1[2979]:   19:45:59.723  INFO zaino_serve::rpc::grpc::service: [TEST] received call, method: "get_block"
1791661559.723692 runnervmmprz5 zainod-0.10.1[2979]:     at packages/zaino-serve/src/rpc/grpc/service.rs:161
1791661560.900455 runnervmmprz5 zainod-0.10.1[2979]:   19:46:00.900  INFO zaino_chain_store_zainodb::store::finalised_source::v1::write_core: write_blocks_to_height: syncing, current: 1910670, target: 4381896, zebra_network: Testnet
1791661560.900455 runnervmmprz5 zainod-0.10.1[2979]:     at packages/zaino-chain-store-zainodb/src/store/finalised_source/v1/write_core.rs:184
1791661565.777893 runnervmmprz5 zainod-0.10.1[2979]:   19:46:05.777  INFO zaino_serve::rpc::grpc::service: [TEST] received call, method: "get_lightd_info"
1791661565.777893 runnervmmprz5 zainod-0.10.1[2979]:     at packages/zaino-serve/src/rpc/grpc/service.rs:161
1791661565.783715 runnervmmprz5 zainod-0.10.1[2979]:   19:46:05.783  INFO zaino_serve::rpc::grpc::service: [TEST] received call, method: "get_block"
1791661565.783715 runnervmmprz5 zainod-0.10.1[2979]:     at packages/zaino-serve/src/rpc/grpc/service.rs:161
1791661565.784458 runnervmmprz5 zainod-0.10.1[2979]:   19:46:05.784  INFO zaino_serve::rpc::grpc::service: [TEST] received call, method: "get_block"
1791661565.784458 runnervmmprz5 zainod-0.10.1[2979]:     at packages/zaino-serve/src/rpc/grpc/service.rs:161
1791661569.057205 runnervmmprz5 zainod-0.10.1[2979]:   19:46:09.057  INFO zainodlib::indexer: Zaino status check, chain_state: Ready, fs_mode: ephemeral(syncing), json_rpc: Ready, grpc: Ready
1791661569.057205 runnervmmprz5 zainod-0.10.1[2979]:     at packages/zainod/src/indexer.rs:333
1791661569.801572 runnervmmprz5 zainod-0.10.1[2979]:   19:46:09.801  INFO zaino_serve::rpc::grpc::service: [TEST] received call, method: "get_lightd_info"
1791661569.801572 runnervmmprz5 zainod-0.10.1[2979]:     at packages/zaino-serve/src/rpc/grpc/service.rs:161
1791661569.807258 runnervmmprz5 zainod-0.10.1[2979]:   19:46:09.807  INFO zaino_serve::rpc::grpc::service: [TEST] received call, method: "get_block"
1791661569.807258 runnervmmprz5 zainod-0.10.1[2979]:     at packages/zaino-serve/src/rpc/grpc/service.rs:161
1791661569.808078 runnervmmprz5 zainod-0.10.1[2979]:   19:46:09.808  INFO zaino_serve::rpc::grpc::service: [TEST] received call, method: "get_block"
1791661569.808078 runnervmmprz5 zainod-0.10.1[2979]:     at packages/zaino-serve/src/rpc/grpc/service.rs:161
1791661570.900901 runnervmmprz5 zainod-0.10.1[2979]:   19:46:10.900  INFO zaino_chain_store_zainodb::store::finalised_source::v1::write_core: write_blocks_to_height: syncing, current: 1941072, target: 4381896, zebra_network: Testnet
1791661570.900901 runnervmmprz5 zainod-0.10.1[2979]:     at packages/zaino-chain-store-zainodb/src/store/finalised_source/v1/write_core.rs:184
1791661574.805083 runnervmmprz5 zainod-0.10.1[2979]:   19:46:14.805  INFO zaino_serve::rpc::grpc::service: [TEST] received call, method: "get_lightd_info"
1791661574.805083 runnervmmprz5 zainod-0.10.1[2979]:     at packages/zaino-serve/src/rpc/grpc/service.rs:161
1791661574.811373 runnervmmprz5 zainod-0.10.1[2979]:   19:46:14.811  INFO zaino_serve::rpc::grpc::service: [TEST] received call, method: "get_block"
1791661574.811373 runnervmmprz5 zainod-0.10.1[2979]:     at packages/zaino-serve/src/rpc/grpc/service.rs:161
1791661574.812292 runnervmmprz5 zainod-0.10.1[2979]:   19:46:14.812  INFO zaino_serve::rpc::grpc::service: [TEST] received call, method: "get_block"
1791661574.812292 runnervmmprz5 zainod-0.10.1[2979]:     at packages/zaino-serve/src/rpc/grpc/service.rs:161
1791661579.156451 runnervmmprz5 zainod-0.10.1[2979]:   19:46:19.156  INFO zainodlib::indexer: Zaino status check, chain_state: Ready, fs_mode: ephemeral(syncing), json_rpc: Ready, grpc: Ready
1791661579.156451 runnervmmprz5 zainod-0.10.1[2979]:     at packages/zainod/src/indexer.rs:333
1791661579.802137 runnervmmprz5 zainod-0.10.1[2979]:   19:46:19.802  INFO zaino_serve::rpc::grpc::service: [TEST] received call, method: "get_lightd_info"
1791661579.802137 runnervmmprz5 zainod-0.10.1[2979]:     at packages/zaino-serve/src/rpc/grpc/service.rs:161
1791661579.806749 runnervmmprz5 zainod-0.10.1[2979]:   19:46:19.806  INFO zaino_serve::rpc::grpc::service: [TEST] received call, method: "get_block"
1791661579.806749 runnervmmprz5 zainod-0.10.1[2979]:     at packages/zaino-serve/src/rpc/grpc/service.rs:161
1791661579.807600 runnervmmprz5 zainod-0.10.1[2979]:   19:46:19.807  INFO zaino_serve::rpc::grpc::service: [TEST] received call, method: "get_block"
1791661579.807600 runnervmmprz5 zainod-0.10.1[2979]:     at packages/zaino-serve/src/rpc/grpc/service.rs:161
1791661580.901307 runnervmmprz5 zainod-0.10.1[2979]:   19:46:20.901  INFO zaino_chain_store_zainodb::store::finalised_source::v1::write_core: write_blocks_to_height: syncing, current: 1994532, target: 4381896, zebra_network: Testnet
1791661580.901307 runnervmmprz5 zainod-0.10.1[2979]:     at packages/zaino-chain-store-zainodb/src/store/finalised_source/v1/write_core.rs:184
1791661581.973359 runnervmmprz5 zainod-0.10.1[2979]:   19:46:21.973  INFO zaino_chain_store_zainodb::store::finalised_source::v1::write_core: write_blocks_to_height: committed batch, height: 1899999, blocks: 100000
1791661581.973359 runnervmmprz5 zainod-0.10.1[2979]:     at packages/zaino-chain-store-zainodb/src/store/finalised_source/v1/write_core.rs:636
1791661584.800087 runnervmmprz5 zainod-0.10.1[2979]:   19:46:24.800  INFO zaino_serve::rpc::grpc::service: [TEST] received call, method: "get_lightd_info"
1791661584.800087 runnervmmprz5 zainod-0.10.1[2979]:     at packages/zaino-serve/src/rpc/grpc/service.rs:161
1791661584.804904 runnervmmprz5 zainod-0.10.1[2979]:   19:46:24.804  INFO zaino_serve::rpc::grpc::service: [TEST] received call, method: "get_block"
1791661584.804904 runnervmmprz5 zainod-0.10.1[2979]:     at packages/zaino-serve/src/rpc/grpc/service.rs:161
1791661584.805519 runnervmmprz5 zainod-0.10.1[2979]:   19:46:24.805  INFO zaino_serve::rpc::grpc::service: [TEST] received call, method: "get_block"
1791661584.805519 runnervmmprz5 zainod-0.10.1[2979]:     at packages/zaino-serve/src/rpc/grpc/service.rs:161
1791661589.157103 runnervmmprz5 zainod-0.10.1[2979]:   19:46:29.157  INFO zainodlib::indexer: Zaino status check, chain_state: Ready, fs_mode: ephemeral(syncing), json_rpc: Ready, grpc: Ready
1791661589.157103 runnervmmprz5 zainod-0.10.1[2979]:     at packages/zainod/src/indexer.rs:333
1791661589.803597 runnervmmprz5 zainod-0.10.1[2979]:   19:46:29.803  INFO zaino_serve::rpc::grpc::service: [TEST] received call, method: "get_lightd_info"
1791661589.803597 runnervmmprz5 zainod-0.10.1[2979]:     at packages/zaino-serve/src/rpc/grpc/service.rs:161
1791661589.808839 runnervmmprz5 zainod-0.10.1[2979]:   19:46:29.808  INFO zaino_serve::rpc::grpc::service: [TEST] received call, method: "get_block"
1791661589.808839 runnervmmprz5 zainod-0.10.1[2979]:     at packages/zaino-serve/src/rpc/grpc/service.rs:161
1791661589.809940 runnervmmprz5 zainod-0.10.1[2979]:   19:46:29.809  INFO zaino_serve::rpc::grpc::service: [TEST] received call, method: "get_block"
1791661589.809940 runnervmmprz5 zainod-0.10.1[2979]:     at packages/zaino-serve/src/rpc/grpc/service.rs:161
1791661590.901760 runnervmmprz5 zainod-0.10.1[2979]:   19:46:30.901  INFO zaino_chain_store_zainodb::store::finalised_source::v1::write_core: write_blocks_to_height: syncing, current: 2023696, target: 4381896, zebra_network: Testnet
1791661590.901760 runnervmmprz5 zainod-0.10.1[2979]:     at packages/zaino-chain-store-zainodb/src/store/finalised_source/v1/write_core.rs:184
1791661594.806933 runnervmmprz5 zainod-0.10.1[2979]:   19:46:34.806  INFO zaino_serve::rpc::grpc::service: [TEST] received call, method: "get_lightd_info"
1791661594.806933 runnervmmprz5 zainod-0.10.1[2979]:     at packages/zaino-serve/src/rpc/grpc/service.rs:161
1791661594.811964 runnervmmprz5 zainod-0.10.1[2979]:   19:46:34.811  INFO zaino_serve::rpc::grpc::service: [TEST] received call, method: "get_block"
1791661594.811964 runnervmmprz5 zainod-0.10.1[2979]:     at packages/zaino-serve/src/rpc/grpc/service.rs:161
1791661594.813022 runnervmmprz5 zainod-0.10.1[2979]:   19:46:34.812  INFO zaino_serve::rpc::grpc::service: [TEST] received call, method: "get_block"
1791661594.813022 runnervmmprz5 zainod-0.10.1[2979]:     at packages/zaino-serve/src/rpc/grpc/service.rs:161
1791661599.256820 runnervmmprz5 zainod-0.10.1[2979]:   19:46:39.256  INFO zainodlib::indexer: Zaino status check, chain_state: Ready, fs_mode: ephemeral(syncing), json_rpc: Ready, grpc: Ready
1791661599.256820 runnervmmprz5 zainod-0.10.1[2979]:     at packages/zainod/src/indexer.rs:333
1791661599.803605 runnervmmprz5 zainod-0.10.1[2979]:   19:46:39.803  INFO zaino_serve::rpc::grpc::service: [TEST] received call, method: "get_lightd_info"
1791661599.803605 runnervmmprz5 zainod-0.10.1[2979]:     at packages/zaino-serve/src/rpc/grpc/service.rs:161
1791661599.808887 runnervmmprz5 zainod-0.10.1[2979]:   19:46:39.808  INFO zaino_serve::rpc::grpc::service: [TEST] received call, method: "get_block"
1791661599.808887 runnervmmprz5 zainod-0.10.1[2979]:     at packages/zaino-serve/src/rpc/grpc/service.rs:161
1791661599.809750 runnervmmprz5 zainod-0.10.1[2979]:   19:46:39.809  INFO zaino_serve::rpc::grpc::service: [TEST] received call, method: "get_block"
1791661599.809750 runnervmmprz5 zainod-0.10.1[2979]:     at packages/zaino-serve/src/rpc/grpc/service.rs:161
1791661600.902087 runnervmmprz5 zainod-0.10.1[2979]:   19:46:40.902  INFO zaino_chain_store_zainodb::store::finalised_source::v1::write_core: write_blocks_to_height: syncing, current: 2070943, target: 4381896, zebra_network: Testnet
1791661600.902087 runnervmmprz5 zainod-0.10.1[2979]:     at packages/zaino-chain-store-zainodb/src/store/finalised_source/v1/write_core.rs:184
1791661604.805952 runnervmmprz5 zainod-0.10.1[2979]:   19:46:44.805  INFO zaino_serve::rpc::grpc::service: [TEST] received call, method: "get_lightd_info"
1791661604.805952 runnervmmprz5 zainod-0.10.1[2979]:     at packages/zaino-serve/src/rpc/grpc/service.rs:161
1791661604.810860 runnervmmprz5 zainod-0.10.1[2979]:   19:46:44.810  INFO zaino_serve::rpc::grpc::service: [TEST] received call, method: "get_block"
1791661604.810860 runnervmmprz5 zainod-0.10.1[2979]:     at packages/zaino-serve/src/rpc/grpc/service.rs:161
1791661604.811779 runnervmmprz5 zainod-0.10.1[2979]:   19:46:44.811  INFO zaino_serve::rpc::grpc::service: [TEST] received call, method: "get_block"
1791661604.811779 runnervmmprz5 zainod-0.10.1[2979]:     at packages/zaino-serve/src/rpc/grpc/service.rs:161
1791661606.357963 runnervmmprz5 zainod-0.10.1[2979]:   19:46:46.357  INFO zaino_chain_store_zainodb::store::finalised_source::v1::write_core: write_blocks_to_height: committed batch, height: 1999999, blocks: 100000
1791661606.357963 runnervmmprz5 zainod-0.10.1[2979]:     at packages/zaino-chain-store-zainodb/src/store/finalised_source/v1/write_core.rs:636
1791661609.256932 runnervmmprz5 zainod-0.10.1[2979]:   19:46:49.256  INFO zainodlib::indexer: Zaino status check, chain_state: Ready, fs_mode: ephemeral(syncing), json_rpc: Ready, grpc: Ready
1791661609.256932 runnervmmprz5 zainod-0.10.1[2979]:     at packages/zainod/src/indexer.rs:333
1791661609.801281 runnervmmprz5 zainod-0.10.1[2979]:   19:46:49.801  INFO zaino_serve::rpc::grpc::service: [TEST] received call, method: "get_lightd_info"
1791661609.801281 runnervmmprz5 zainod-0.10.1[2979]:     at packages/zaino-serve/src/rpc/grpc/service.rs:161
1791661609.804699 runnervmmprz5 zainod-0.10.1[2979]:   19:46:49.804  INFO zaino_serve::rpc::grpc::service: [TEST] received call, method: "get_block"
1791661609.804699 runnervmmprz5 zainod-0.10.1[2979]:     at packages/zaino-serve/src/rpc/grpc/service.rs:161
1791661609.805362 runnervmmprz5 zainod-0.10.1[2979]:   19:46:49.805  INFO zaino_serve::rpc::grpc::service: [TEST] received call, method: "get_block"
1791661609.805362 runnervmmprz5 zainod-0.10.1[2979]:     at packages/zaino-serve/src/rpc/grpc/service.rs:161
1791661610.903233 runnervmmprz5 zainod-0.10.1[2979]:   19:46:50.903  INFO zaino_chain_store_zainodb::store::finalised_source::v1::write_core: write_blocks_to_height: syncing, current: 2112425, target: 4381896, zebra_network: Testnet
1791661610.903233 runnervmmprz5 zainod-0.10.1[2979]:     at packages/zaino-chain-store-zainodb/src/store/finalised_source/v1/write_core.rs:184
1791661616.174179 runnervmmprz5 zainod-0.10.1[2979]:   19:46:56.174  INFO zaino_serve::rpc::grpc::service: [TEST] received call, method: "get_lightd_info"
1791661616.174179 runnervmmprz5 zainod-0.10.1[2979]:     at packages/zaino-serve/src/rpc/grpc/service.rs:161
1791661616.180889 runnervmmprz5 zainod-0.10.1[2979]:   19:46:56.180  INFO zaino_serve::rpc::grpc::service: [TEST] received call, method: "get_block"
1791661616.180889 runnervmmprz5 zainod-0.10.1[2979]:     at packages/zaino-serve/src/rpc/grpc/service.rs:161
1791661616.181979 runnervmmprz5 zainod-0.10.1[2979]:   19:46:56.181  INFO zaino_serve::rpc::grpc::service: [TEST] received call, method: "get_block"
1791661616.181979 runnervmmprz5 zainod-0.10.1[2979]:     at packages/zaino-serve/src/rpc/grpc/service.rs:161
1791661619.357279 runnervmmprz5 zainod-0.10.1[2979]:   19:46:59.357  INFO zainodlib::indexer: Zaino status check, chain_state: Ready, fs_mode: ephemeral(syncing), json_rpc: Ready, grpc: Ready
1791661619.357279 runnervmmprz5 zainod-0.10.1[2979]:     at packages/zainod/src/indexer.rs:333
1791661620.200705 runnervmmprz5 zainod-0.10.1[2979]:   19:47:00.200  INFO zaino_serve::rpc::grpc::service: [TEST] received call, method: "get_lightd_info"
1791661620.200705 runnervmmprz5 zainod-0.10.1[2979]:     at packages/zaino-serve/src/rpc/grpc/service.rs:161
1791661620.206211 runnervmmprz5 zainod-0.10.1[2979]:   19:47:00.206  INFO zaino_serve::rpc::grpc::service: [TEST] received call, method: "get_block"
1791661620.206211 runnervmmprz5 zainod-0.10.1[2979]:     at packages/zaino-serve/src/rpc/grpc/service.rs:161
1791661620.207252 runnervmmprz5 zainod-0.10.1[2979]:   19:47:00.207  INFO zaino_serve::rpc::grpc::service: [TEST] received call, method: "get_block"
1791661620.207252 runnervmmprz5 zainod-0.10.1[2979]:     at packages/zaino-serve/src/rpc/grpc/service.rs:161
1791661620.903628 runnervmmprz5 zainod-0.10.1[2979]:   19:47:00.903  INFO zaino_chain_store_zainodb::store::finalised_source::v1::write_core: write_blocks_to_height: syncing, current: 2149832, target: 4381896, zebra_network: Testnet
1791661620.903628 runnervmmprz5 zainod-0.10.1[2979]:     at packages/zaino-chain-store-zainodb/src/store/finalised_source/v1/write_core.rs:184
1791661625.202214 runnervmmprz5 zainod-0.10.1[2979]:   19:47:05.202  INFO zaino_serve::rpc::grpc::service: [TEST] received call, method: "get_lightd_info"
1791661625.202214 runnervmmprz5 zainod-0.10.1[2979]:     at packages/zaino-serve/src/rpc/grpc/service.rs:161
1791661625.207329 runnervmmprz5 zainod-0.10.1[2979]:   19:47:05.207  INFO zaino_serve::rpc::grpc::service: [TEST] received call, method: "get_block"
1791661625.207329 runnervmmprz5 zainod-0.10.1[2979]:     at packages/zaino-serve/src/rpc/grpc/service.rs:161
1791661625.208191 runnervmmprz5 zainod-0.10.1[2979]:   19:47:05.208  INFO zaino_serve::rpc::grpc::service: [TEST] received call, method: "get_block"
1791661625.208191 runnervmmprz5 zainod-0.10.1[2979]:     at packages/zaino-serve/src/rpc/grpc/service.rs:161
1791661629.456642 runnervmmprz5 zainod-0.10.1[2979]:   19:47:09.456  INFO zainodlib::indexer: Zaino status check, chain_state: Ready, fs_mode: ephemeral(syncing), json_rpc: Ready, grpc: Ready
1791661629.456642 runnervmmprz5 zainod-0.10.1[2979]:     at packages/zainod/src/indexer.rs:333
1791661630.200083 runnervmmprz5 zainod-0.10.1[2979]:   19:47:10.200  INFO zaino_serve::rpc::grpc::service: [TEST] received call, method: "get_lightd_info"
1791661630.200083 runnervmmprz5 zainod-0.10.1[2979]:     at packages/zaino-serve/src/rpc/grpc/service.rs:161
1791661630.205697 runnervmmprz5 zainod-0.10.1[2979]:   19:47:10.205  INFO zaino_serve::rpc::grpc::service: [TEST] received call, method: "get_block"
1791661630.205697 runnervmmprz5 zainod-0.10.1[2979]:     at packages/zaino-serve/src/rpc/grpc/service.rs:161
1791661630.206689 runnervmmprz5 zainod-0.10.1[2979]:   19:47:10.206  INFO zaino_serve::rpc::grpc::service: [TEST] received call, method: "get_block"
1791661630.206689 runnervmmprz5 zainod-0.10.1[2979]:     at packages/zaino-serve/src/rpc/grpc/service.rs:161
1791661630.284783 runnervmmprz5 zainod-0.10.1[2979]:   19:47:10.284  INFO zaino_chain_store_zainodb::store::finalised_source::v1::write_core: write_blocks_to_height: committed batch, height: 2099999, blocks: 100000
1791661630.284783 runnervmmprz5 zainod-0.10.1[2979]:     at packages/zaino-chain-store-zainodb/src/store/finalised_source/v1/write_core.rs:636
1791661630.904148 runnervmmprz5 zainod-0.10.1[2979]:   19:47:10.904  INFO zaino_chain_store_zainodb::store::finalised_source::v1::write_core: write_blocks_to_height: syncing, current: 2202474, target: 4381896, zebra_network: Testnet
1791661630.904148 runnervmmprz5 zainod-0.10.1[2979]:     at packages/zaino-chain-store-zainodb/src/store/finalised_source/v1/write_core.rs:184
1791661635.200897 runnervmmprz5 zainod-0.10.1[2979]:   19:47:15.199  INFO zaino_serve::rpc::grpc::service: [TEST] received call, method: "get_lightd_info"
1791661635.200897 runnervmmprz5 zainod-0.10.1[2979]:     at packages/zaino-serve/src/rpc/grpc/service.rs:161
1791661635.203654 runnervmmprz5 zainod-0.10.1[2979]:   19:47:15.203  INFO zaino_serve::rpc::grpc::service: [TEST] received call, method: "get_block"
1791661635.203654 runnervmmprz5 zainod-0.10.1[2979]:     at packages/zaino-serve/src/rpc/grpc/service.rs:161
1791661635.204326 runnervmmprz5 zainod-0.10.1[2979]:   19:47:15.204  INFO zaino_serve::rpc::grpc::service: [TEST] received call, method: "get_block"
1791661635.204326 runnervmmprz5 zainod-0.10.1[2979]:     at packages/zaino-serve/src/rpc/grpc/service.rs:161
1791661639.456882 runnervmmprz5 zainod-0.10.1[2979]:   19:47:19.456  INFO zainodlib::indexer: Zaino status check, chain_state: Ready, fs_mode: ephemeral(syncing), json_rpc: Ready, grpc: Ready
1791661639.456882 runnervmmprz5 zainod-0.10.1[2979]:     at packages/zainod/src/indexer.rs:333
1791661640.200962 runnervmmprz5 zainod-0.10.1[2979]:   19:47:20.200  INFO zaino_serve::rpc::grpc::service: [TEST] received call, method: "get_lightd_info"
1791661640.200962 runnervmmprz5 zainod-0.10.1[2979]:     at packages/zaino-serve/src/rpc/grpc/service.rs:161
1791661640.207371 runnervmmprz5 zainod-0.10.1[2979]:   19:47:20.207  INFO zaino_serve::rpc::grpc::service: [TEST] received call, method: "get_block"
1791661640.207371 runnervmmprz5 zainod-0.10.1[2979]:     at packages/zaino-serve/src/rpc/grpc/service.rs:161
1791661640.208199 runnervmmprz5 zainod-0.10.1[2979]:   19:47:20.208  INFO zaino_serve::rpc::grpc::service: [TEST] received call, method: "get_block"
1791661640.208199 runnervmmprz5 zainod-0.10.1[2979]:     at packages/zaino-serve/src/rpc/grpc/service.rs:161
1791661640.904561 runnervmmprz5 zainod-0.10.1[2979]:   19:47:20.904  INFO zaino_chain_store_zainodb::store::finalised_source::v1::write_core: write_blocks_to_height: syncing, current: 2232135, target: 4381896, zebra_network: Testnet
1791661640.904561 runnervmmprz5 zainod-0.10.1[2979]:     at packages/zaino-chain-store-zainodb/src/store/finalised_source/v1/write_core.rs:184
1791661645.205120 runnervmmprz5 zainod-0.10.1[2979]:   19:47:25.204  INFO zaino_serve::rpc::grpc::service: [TEST] received call, method: "get_lightd_info"
1791661645.205120 runnervmmprz5 zainod-0.10.1[2979]:     at packages/zaino-serve/src/rpc/grpc/service.rs:161
1791661645.210787 runnervmmprz5 zainod-0.10.1[2979]:   19:47:25.210  INFO zaino_serve::rpc::grpc::service: [TEST] received call, method: "get_block"
1791661645.210787 runnervmmprz5 zainod-0.10.1[2979]:     at packages/zaino-serve/src/rpc/grpc/service.rs:161
1791661645.211617 runnervmmprz5 zainod-0.10.1[2979]:   19:47:25.211  INFO zaino_serve::rpc::grpc::service: [TEST] received call, method: "get_block"
1791661645.211617 runnervmmprz5 zainod-0.10.1[2979]:     at packages/zaino-serve/src/rpc/grpc/service.rs:161
1791661649.556976 runnervmmprz5 zainod-0.10.1[2979]:   19:47:29.556  INFO zainodlib::indexer: Zaino status check, chain_state: Ready, fs_mode: ephemeral(syncing), json_rpc: Ready, grpc: Ready
1791661649.556976 runnervmmprz5 zainod-0.10.1[2979]:     at packages/zainod/src/indexer.rs:333
1791661650.202688 runnervmmprz5 zainod-0.10.1[2979]:   19:47:30.202  INFO zaino_serve::rpc::grpc::service: [TEST] received call, method: "get_lightd_info"
1791661650.202688 runnervmmprz5 zainod-0.10.1[2979]:     at packages/zaino-serve/src/rpc/grpc/service.rs:161
1791661650.207363 runnervmmprz5 zainod-0.10.1[2979]:   19:47:30.207  INFO zaino_serve::rpc::grpc::service: [TEST] received call, method: "get_block"
1791661650.207363 runnervmmprz5 zainod-0.10.1[2979]:     at packages/zaino-serve/src/rpc/grpc/service.rs:161
1791661650.208030 runnervmmprz5 zainod-0.10.1[2979]:   19:47:30.208  INFO zaino_serve::rpc::grpc::service: [TEST] received call, method: "get_block"
1791661650.208030 runnervmmprz5 zainod-0.10.1[2979]:     at packages/zaino-serve/src/rpc/grpc/service.rs:161
1791661650.904936 runnervmmprz5 zainod-0.10.1[2979]:   19:47:30.904  INFO zaino_chain_store_zainodb::store::finalised_source::v1::write_core: write_blocks_to_height: syncing, current: 2286723, target: 4381896, zebra_network: Testnet
1791661650.904936 runnervmmprz5 zainod-0.10.1[2979]:     at packages/zaino-chain-store-zainodb/src/store/finalised_source/v1/write_core.rs:184
1791661653.529058 runnervmmprz5 zainod-0.10.1[2979]:   19:47:33.528  INFO zaino_chain_store_zainodb::store::finalised_source::v1::write_core: write_blocks_to_height: committed batch, height: 2199999, blocks: 100000
1791661653.529058 runnervmmprz5 zainod-0.10.1[2979]:     at packages/zaino-chain-store-zainodb/src/store/finalised_source/v1/write_core.rs:636
1791661655.205554 runnervmmprz5 zainod-0.10.1[2979]:   19:47:35.205  INFO zaino_serve::rpc::grpc::service: [TEST] received call, method: "get_lightd_info"
1791661655.205554 runnervmmprz5 zainod-0.10.1[2979]:     at packages/zaino-serve/src/rpc/grpc/service.rs:161
1791661655.211906 runnervmmprz5 zainod-0.10.1[2979]:   19:47:35.211  INFO zaino_serve::rpc::grpc::service: [TEST] received call, method: "get_block"
1791661655.211906 runnervmmprz5 zainod-0.10.1[2979]:     at packages/zaino-serve/src/rpc/grpc/service.rs:161
1791661655.213087 runnervmmprz5 zainod-0.10.1[2979]:   19:47:35.213  INFO zaino_serve::rpc::grpc::service: [TEST] received call, method: "get_block"
1791661655.213087 runnervmmprz5 zainod-0.10.1[2979]:     at packages/zaino-serve/src/rpc/grpc/service.rs:161
1791661659.557094 runnervmmprz5 zainod-0.10.1[2979]:   19:47:39.557  INFO zainodlib::indexer: Zaino status check, chain_state: Ready, fs_mode: ephemeral(syncing), json_rpc: Ready, grpc: Ready
1791661659.557094 runnervmmprz5 zainod-0.10.1[2979]:     at packages/zainod/src/indexer.rs:333
1791661660.199678 runnervmmprz5 zainod-0.10.1[2979]:   19:47:40.199  INFO zaino_serve::rpc::grpc::service: [TEST] received call, method: "get_lightd_info"
1791661660.199678 runnervmmprz5 zainod-0.10.1[2979]:     at packages/zaino-serve/src/rpc/grpc/service.rs:161
1791661660.204069 runnervmmprz5 zainod-0.10.1[2979]:   19:47:40.204  INFO zaino_serve::rpc::grpc::service: [TEST] received call, method: "get_block"
1791661660.204069 runnervmmprz5 zainod-0.10.1[2979]:     at packages/zaino-serve/src/rpc/grpc/service.rs:161
1791661660.204696 runnervmmprz5 zainod-0.10.1[2979]:   19:47:40.204  INFO zaino_serve::rpc::grpc::service: [TEST] received call, method: "get_block"
1791661660.204696 runnervmmprz5 zainod-0.10.1[2979]:     at packages/zaino-serve/src/rpc/grpc/service.rs:161
1791661660.905164 runnervmmprz5 zainod-0.10.1[2979]:   19:47:40.905  INFO zaino_chain_store_zainodb::store::finalised_source::v1::write_core: write_blocks_to_height: syncing, current: 2313517, target: 4381896, zebra_network: Testnet
1791661660.905164 runnervmmprz5 zainod-0.10.1[2979]:     at packages/zaino-chain-store-zainodb/src/store/finalised_source/v1/write_core.rs:184
1791661665.206994 runnervmmprz5 zainod-0.10.1[2979]:   19:47:45.206  INFO zaino_serve::rpc::grpc::service: [TEST] received call, method: "get_lightd_info"
1791661665.206994 runnervmmprz5 zainod-0.10.1[2979]:     at packages/zaino-serve/src/rpc/grpc/service.rs:161
1791661665.213181 runnervmmprz5 zainod-0.10.1[2979]:   19:47:45.213  INFO zaino_serve::rpc::grpc::service: [TEST] received call, method: "get_block"
1791661665.213181 runnervmmprz5 zainod-0.10.1[2979]:     at packages/zaino-serve/src/rpc/grpc/service.rs:161
1791661665.214033 runnervmmprz5 zainod-0.10.1[2979]:   19:47:45.214  INFO zaino_serve::rpc::grpc::service: [TEST] received call, method: "get_block"
1791661665.214033 runnervmmprz5 zainod-0.10.1[2979]:     at packages/zaino-serve/src/rpc/grpc/service.rs:161
1791661669.656861 runnervmmprz5 zainod-0.10.1[2979]:   19:47:49.656  INFO zainodlib::indexer: Zaino status check, chain_state: Ready, fs_mode: ephemeral(syncing), json_rpc: Ready, grpc: Ready
1791661669.656861 runnervmmprz5 zainod-0.10.1[2979]:     at packages/zainod/src/indexer.rs:333
1791661670.205620 runnervmmprz5 zainod-0.10.1[2979]:   19:47:50.205  INFO zaino_serve::rpc::grpc::service: [TEST] received call, method: "get_lightd_info"
1791661670.205620 runnervmmprz5 zainod-0.10.1[2979]:     at packages/zaino-serve/src/rpc/grpc/service.rs:161
1791661670.210016 runnervmmprz5 zainod-0.10.1[2979]:   19:47:50.209  INFO zaino_serve::rpc::grpc::service: [TEST] received call, method: "get_block"
1791661670.210016 runnervmmprz5 zainod-0.10.1[2979]:     at packages/zaino-serve/src/rpc/grpc/service.rs:161
1791661670.211079 runnervmmprz5 zainod-0.10.1[2979]:   19:47:50.210  INFO zaino_serve::rpc::grpc::service: [TEST] received call, method: "get_block"
1791661670.211079 runnervmmprz5 zainod-0.10.1[2979]:     at packages/zaino-serve/src/rpc/grpc/service.rs:161
1791661670.905468 runnervmmprz5 zainod-0.10.1[2979]:   19:47:50.905  INFO zaino_chain_store_zainodb::store::finalised_source::v1::write_core: write_blocks_to_height: syncing, current: 2363110, target: 4381896, zebra_network: Testnet
1791661670.905468 runnervmmprz5 zainod-0.10.1[2979]:     at packages/zaino-chain-store-zainodb/src/store/finalised_source/v1/write_core.rs:184
1791661675.207256 runnervmmprz5 zainod-0.10.1[2979]:   19:47:55.207  INFO zaino_serve::rpc::grpc::service: [TEST] received call, method: "get_lightd_info"
1791661675.207256 runnervmmprz5 zainod-0.10.1[2979]:     at packages/zaino-serve/src/rpc/grpc/service.rs:161
1791661675.211981 runnervmmprz5 zainod-0.10.1[2979]:   19:47:55.211  INFO zaino_serve::rpc::grpc::service: [TEST] received call, method: "get_block"
1791661675.211981 runnervmmprz5 zainod-0.10.1[2979]:     at packages/zaino-serve/src/rpc/grpc/service.rs:161
1791661675.213088 runnervmmprz5 zainod-0.10.1[2979]:   19:47:55.212  INFO zaino_serve::rpc::grpc::service: [TEST] received call, method: "get_block"
1791661675.213088 runnervmmprz5 zainod-0.10.1[2979]:     at packages/zaino-serve/src/rpc/grpc/service.rs:161
1791661677.686150 runnervmmprz5 zainod-0.10.1[2979]:   19:47:57.686  INFO zaino_chain_store_zainodb::store::finalised_source::v1::write_core: write_blocks_to_height: committed batch, height: 2299999, blocks: 100000
1791661677.686150 runnervmmprz5 zainod-0.10.1[2979]:     at packages/zaino-chain-store-zainodb/src/store/finalised_source/v1/write_core.rs:636
1791661679.657025 runnervmmprz5 zainod-0.10.1[2979]:   19:47:59.656  INFO zainodlib::indexer: Zaino status check, chain_state: Ready, fs_mode: ephemeral(syncing), json_rpc: Ready, grpc: Ready
1791661679.657025 runnervmmprz5 zainod-0.10.1[2979]:     at packages/zainod/src/indexer.rs:333
1791661680.206641 runnervmmprz5 zainod-0.10.1[2979]:   19:48:00.206  INFO zaino_serve::rpc::grpc::service: [TEST] received call, method: "get_lightd_info"
1791661680.206641 runnervmmprz5 zainod-0.10.1[2979]:     at packages/zaino-serve/src/rpc/grpc/service.rs:161
1791661680.212052 runnervmmprz5 zainod-0.10.1[2979]:   19:48:00.212  INFO zaino_serve::rpc::grpc::service: [TEST] received call, method: "get_block"
1791661680.212052 runnervmmprz5 zainod-0.10.1[2979]:     at packages/zaino-serve/src/rpc/grpc/service.rs:161
1791661680.213050 runnervmmprz5 zainod-0.10.1[2979]:   19:48:00.213  INFO zaino_serve::rpc::grpc::service: [TEST] received call, method: "get_block"
1791661680.213050 runnervmmprz5 zainod-0.10.1[2979]:     at packages/zaino-serve/src/rpc/grpc/service.rs:161
1791661680.948809 runnervmmprz5 zainod-0.10.1[2979]:   19:48:00.948  INFO zaino_chain_store_zainodb::store::finalised_source::v1::write_core: write_blocks_to_height: syncing, current: 2413226, target: 4381896, zebra_network: Testnet
1791661680.948809 runnervmmprz5 zainod-0.10.1[2979]:     at packages/zaino-chain-store-zainodb/src/store/finalised_source/v1/write_core.rs:184
1791661686.774904 runnervmmprz5 zainod-0.10.1[2979]:   19:48:06.774  INFO zaino_serve::rpc::grpc::service: [TEST] received call, method: "get_lightd_info"
1791661686.774904 runnervmmprz5 zainod-0.10.1[2979]:     at packages/zaino-serve/src/rpc/grpc/service.rs:161
1791661686.779597 runnervmmprz5 zainod-0.10.1[2979]:   19:48:06.779  INFO zaino_serve::rpc::grpc::service: [TEST] received call, method: "get_block"
1791661686.779597 runnervmmprz5 zainod-0.10.1[2979]:     at packages/zaino-serve/src/rpc/grpc/service.rs:161
1791661686.780652 runnervmmprz5 zainod-0.10.1[2979]:   19:48:06.780  INFO zaino_serve::rpc::grpc::service: [TEST] received call, method: "get_block"
1791661686.780652 runnervmmprz5 zainod-0.10.1[2979]:     at packages/zaino-serve/src/rpc/grpc/service.rs:161
1791661689.756770 runnervmmprz5 zainod-0.10.1[2979]:   19:48:09.756  INFO zainodlib::indexer: Zaino status check, chain_state: Ready, fs_mode: ephemeral(syncing), json_rpc: Ready, grpc: Ready
1791661689.756770 runnervmmprz5 zainod-0.10.1[2979]:     at packages/zainod/src/indexer.rs:333
1791661690.800347 runnervmmprz5 zainod-0.10.1[2979]:   19:48:10.800  INFO zaino_serve::rpc::grpc::service: [TEST] received call, method: "get_lightd_info"
1791661690.800347 runnervmmprz5 zainod-0.10.1[2979]:     at packages/zaino-serve/src/rpc/grpc/service.rs:161
1791661690.949185 runnervmmprz5 zainod-0.10.1[2979]:   19:48:10.949  INFO zaino_chain_store_zainodb::store::finalised_source::v1::write_core: write_blocks_to_height: syncing, current: 2442683, target: 4381896, zebra_network: Testnet
1791661690.949185 runnervmmprz5 zainod-0.10.1[2979]:     at packages/zaino-chain-store-zainodb/src/store/finalised_source/v1/write_core.rs:184
1791661692.802747 runnervmmprz5 zainod-0.10.1[2979]:   19:48:12.802  INFO zaino_serve::rpc::grpc::service: [TEST] received call, method: "get_block"
1791661692.802747 runnervmmprz5 zainod-0.10.1[2979]:     at packages/zaino-serve/src/rpc/grpc/service.rs:161
1791661692.804112 runnervmmprz5 zainod-0.10.1[2979]:   19:48:12.804  INFO zaino_serve::rpc::grpc::service: [TEST] received call, method: "get_block"
1791661692.804112 runnervmmprz5 zainod-0.10.1[2979]:     at packages/zaino-serve/src/rpc/grpc/service.rs:161
1791661696.020612 runnervmmprz5 zainod-0.10.1[2979]:   19:48:16.020  INFO zaino_serve::rpc::grpc::service: [TEST] received call, method: "get_lightd_info"
1791661696.020612 runnervmmprz5 zainod-0.10.1[2979]:     at packages/zaino-serve/src/rpc/grpc/service.rs:161
1791661696.025468 runnervmmprz5 zainod-0.10.1[2979]:   19:48:16.025  INFO zaino_serve::rpc::grpc::service: [TEST] received call, method: "get_block"
1791661696.025468 runnervmmprz5 zainod-0.10.1[2979]:     at packages/zaino-serve/src/rpc/grpc/service.rs:161
1791661696.026300 runnervmmprz5 zainod-0.10.1[2979]:   19:48:16.026  INFO zaino_serve::rpc::grpc::service: [TEST] received call, method: "get_block"
1791661696.026300 runnervmmprz5 zainod-0.10.1[2979]:     at packages/zaino-serve/src/rpc/grpc/service.rs:161
1791661699.757112 runnervmmprz5 zainod-0.10.1[2979]:   19:48:19.757  INFO zainodlib::indexer: Zaino status check, chain_state: Ready, fs_mode: ephemeral(syncing), json_rpc: Ready, grpc: Ready
1791661699.757112 runnervmmprz5 zainod-0.10.1[2979]:     at packages/zainod/src/indexer.rs:333
1791661700.949290 runnervmmprz5 zainod-0.10.1[2979]:   19:48:20.949  INFO zaino_chain_store_zainodb::store::finalised_source::v1::write_core: write_blocks_to_height: syncing, current: 2495030, target: 4381896, zebra_network: Testnet
1791661700.949290 runnervmmprz5 zainod-0.10.1[2979]:     at packages/zaino-chain-store-zainodb/src/store/finalised_source/v1/write_core.rs:184
1791661701.024057 runnervmmprz5 zainod-0.10.1[2979]:   19:48:21.024  INFO zaino_serve::rpc::grpc::service: [TEST] received call, method: "get_lightd_info"
1791661701.024057 runnervmmprz5 zainod-0.10.1[2979]:     at packages/zaino-serve/src/rpc/grpc/service.rs:161
1791661701.028988 runnervmmprz5 zainod-0.10.1[2979]:   19:48:21.028  INFO zaino_serve::rpc::grpc::service: [TEST] received call, method: "get_block"
1791661701.028988 runnervmmprz5 zainod-0.10.1[2979]:     at packages/zaino-serve/src/rpc/grpc/service.rs:161
1791661701.029705 runnervmmprz5 zainod-0.10.1[2979]:   19:48:21.029  INFO zaino_serve::rpc::grpc::service: [TEST] received call, method: "get_block"
1791661701.029705 runnervmmprz5 zainod-0.10.1[2979]:     at packages/zaino-serve/src/rpc/grpc/service.rs:161
1791661701.956370 runnervmmprz5 zainod-0.10.1[2979]:   19:48:21.956  INFO zaino_chain_store_zainodb::store::finalised_source::v1::write_core: write_blocks_to_height: committed batch, height: 2399999, blocks: 100000
1791661701.956370 runnervmmprz5 zainod-0.10.1[2979]:     at packages/zaino-chain-store-zainodb/src/store/finalised_source/v1/write_core.rs:636
1791661706.017840 runnervmmprz5 zainod-0.10.1[2979]:   19:48:26.017  INFO zaino_serve::rpc::grpc::service: [TEST] received call, method: "get_lightd_info"
1791661706.017840 runnervmmprz5 zainod-0.10.1[2979]:     at packages/zaino-serve/src/rpc/grpc/service.rs:161
1791661706.023223 runnervmmprz5 zainod-0.10.1[2979]:   19:48:26.023  INFO zaino_serve::rpc::grpc::service: [TEST] received call, method: "get_block"
1791661706.023223 runnervmmprz5 zainod-0.10.1[2979]:     at packages/zaino-serve/src/rpc/grpc/service.rs:161
1791661706.024071 runnervmmprz5 zainod-0.10.1[2979]:   19:48:26.024  INFO zaino_serve::rpc::grpc::service: [TEST] received call, method: "get_block"
1791661706.024071 runnervmmprz5 zainod-0.10.1[2979]:     at packages/zaino-serve/src/rpc/grpc/service.rs:161
1791661709.857158 runnervmmprz5 zainod-0.10.1[2979]:   19:48:29.857  INFO zainodlib::indexer: Zaino status check, chain_state: Ready, fs_mode: ephemeral(syncing), json_rpc: Ready, grpc: Ready
1791661709.857158 runnervmmprz5 zainod-0.10.1[2979]:     at packages/zainod/src/indexer.rs:333
1791661710.950138 runnervmmprz5 zainod-0.10.1[2979]:   19:48:30.950  INFO zaino_chain_store_zainodb::store::finalised_source::v1::write_core: write_blocks_to_height: syncing, current: 2520903, target: 4381896, zebra_network: Testnet
1791661710.950138 runnervmmprz5 zainod-0.10.1[2979]:     at packages/zaino-chain-store-zainodb/src/store/finalised_source/v1/write_core.rs:184
1791661713.416598 runnervmmprz5 zainod-0.10.1[2979]:   19:48:33.416  INFO zaino_serve::rpc::grpc::service: [TEST] received call, method: "get_block"
1791661713.416598 runnervmmprz5 zainod-0.10.1[2979]:     at packages/zaino-serve/src/rpc/grpc/service.rs:161
1791661713.416598 runnervmmprz5 zainod-0.10.1[2979]:   19:48:33.416  INFO zaino_serve::rpc::grpc::service: [TEST] received call, method: "get_lightd_info"
1791661713.416598 runnervmmprz5 zainod-0.10.1[2979]:     at packages/zaino-serve/src/rpc/grpc/service.rs:161
1791661713.417669 runnervmmprz5 zainod-0.10.1[2979]:   19:48:33.417  INFO zaino_serve::rpc::grpc::service: [TEST] received call, method: "get_block"
1791661713.417669 runnervmmprz5 zainod-0.10.1[2979]:     at packages/zaino-serve/src/rpc/grpc/service.rs:161
1791661716.530463 runnervmmprz5 zainod-0.10.1[2979]:   19:48:36.530  INFO zaino_serve::rpc::grpc::service: [TEST] received call, method: "get_lightd_info"
1791661716.530463 runnervmmprz5 zainod-0.10.1[2979]:     at packages/zaino-serve/src/rpc/grpc/service.rs:161
1791661716.536689 runnervmmprz5 zainod-0.10.1[2979]:   19:48:36.536  INFO zaino_serve::rpc::grpc::service: [TEST] received call, method: "get_block"
1791661716.536689 runnervmmprz5 zainod-0.10.1[2979]:     at packages/zaino-serve/src/rpc/grpc/service.rs:161
1791661716.537751 runnervmmprz5 zainod-0.10.1[2979]:   19:48:36.537  INFO zaino_serve::rpc::grpc::service: [TEST] received call, method: "get_block"
1791661716.537751 runnervmmprz5 zainod-0.10.1[2979]:     at packages/zaino-serve/src/rpc/grpc/service.rs:161
1791661719.956404 runnervmmprz5 zainod-0.10.1[2979]:   19:48:39.956  INFO zainodlib::indexer: Zaino status check, chain_state: Ready, fs_mode: ephemeral(syncing), json_rpc: Ready, grpc: Ready
1791661719.956404 runnervmmprz5 zainod-0.10.1[2979]:     at packages/zainod/src/indexer.rs:333
1791661720.950426 runnervmmprz5 zainod-0.10.1[2979]:   19:48:40.950  INFO zaino_chain_store_zainodb::store::finalised_source::v1::write_core: write_blocks_to_height: syncing, current: 2573628, target: 4381896, zebra_network: Testnet
1791661720.950426 runnervmmprz5 zainod-0.10.1[2979]:     at packages/zaino-chain-store-zainodb/src/store/finalised_source/v1/write_core.rs:184
1791661721.532511 runnervmmprz5 zainod-0.10.1[2979]:   19:48:41.532  INFO zaino_serve::rpc::grpc::service: [TEST] received call, method: "get_lightd_info"
1791661721.532511 runnervmmprz5 zainod-0.10.1[2979]:     at packages/zaino-serve/src/rpc/grpc/service.rs:161
1791661721.537254 runnervmmprz5 zainod-0.10.1[2979]:   19:48:41.537  INFO zaino_serve::rpc::grpc::service: [TEST] received call, method: "get_block"
1791661721.537254 runnervmmprz5 zainod-0.10.1[2979]:     at packages/zaino-serve/src/rpc/grpc/service.rs:161
1791661721.537968 runnervmmprz5 zainod-0.10.1[2979]:   19:48:41.537  INFO zaino_serve::rpc::grpc::service: [TEST] received call, method: "get_block"
1791661721.537968 runnervmmprz5 zainod-0.10.1[2979]:     at packages/zaino-serve/src/rpc/grpc/service.rs:161
1791661725.982874 runnervmmprz5 zainod-0.10.1[2979]:   19:48:45.982  INFO zaino_chain_store_zainodb::store::finalised_source::v1::write_core: write_blocks_to_height: committed batch, height: 2499999, blocks: 100000
1791661725.982874 runnervmmprz5 zainod-0.10.1[2979]:     at packages/zaino-chain-store-zainodb/src/store/finalised_source/v1/write_core.rs:636
1791661726.532749 runnervmmprz5 zainod-0.10.1[2979]:   19:48:46.532  INFO zaino_serve::rpc::grpc::service: [TEST] received call, method: "get_lightd_info"
1791661726.532749 runnervmmprz5 zainod-0.10.1[2979]:     at packages/zaino-serve/src/rpc/grpc/service.rs:161
1791661726.538576 runnervmmprz5 zainod-0.10.1[2979]:   19:48:46.538  INFO zaino_serve::rpc::grpc::service: [TEST] received call, method: "get_block"
1791661726.538576 runnervmmprz5 zainod-0.10.1[2979]:     at packages/zaino-serve/src/rpc/grpc/service.rs:161
1791661726.539410 runnervmmprz5 zainod-0.10.1[2979]:   19:48:46.539  INFO zaino_serve::rpc::grpc::service: [TEST] received call, method: "get_block"
1791661726.539410 runnervmmprz5 zainod-0.10.1[2979]:     at packages/zaino-serve/src/rpc/grpc/service.rs:161
1791661730.057191 runnervmmprz5 zainod-0.10.1[2979]:   19:48:50.057  INFO zainodlib::indexer: Zaino status check, chain_state: Ready, fs_mode: ephemeral(syncing), json_rpc: Ready, grpc: Ready
1791661730.057191 runnervmmprz5 zainod-0.10.1[2979]:     at packages/zainod/src/indexer.rs:333
1791661731.001133 runnervmmprz5 zainod-0.10.1[2979]:   19:48:51.001  INFO zaino_chain_store_zainodb::store::finalised_source::v1::write_core: write_blocks_to_height: syncing, current: 2611810, target: 4381896, zebra_network: Testnet
1791661731.001133 runnervmmprz5 zainod-0.10.1[2979]:     at packages/zaino-chain-store-zainodb/src/store/finalised_source/v1/write_core.rs:184
1791661731.528781 runnervmmprz5 zainod-0.10.1[2979]:   19:48:51.528  INFO zaino_serve::rpc::grpc::service: [TEST] received call, method: "get_lightd_info"
1791661731.528781 runnervmmprz5 zainod-0.10.1[2979]:     at packages/zaino-serve/src/rpc/grpc/service.rs:161
1791661731.532233 runnervmmprz5 zainod-0.10.1[2979]:   19:48:51.532  INFO zaino_serve::rpc::grpc::service: [TEST] received call, method: "get_block"
1791661731.532233 runnervmmprz5 zainod-0.10.1[2979]:     at packages/zaino-serve/src/rpc/grpc/service.rs:161
1791661731.532919 runnervmmprz5 zainod-0.10.1[2979]:   19:48:51.532  INFO zaino_serve::rpc::grpc::service: [TEST] received call, method: "get_block"
1791661731.532919 runnervmmprz5 zainod-0.10.1[2979]:     at packages/zaino-serve/src/rpc/grpc/service.rs:161
1791661736.532307 runnervmmprz5 zainod-0.10.1[2979]:   19:48:56.532  INFO zaino_serve::rpc::grpc::service: [TEST] received call, method: "get_lightd_info"
1791661736.532307 runnervmmprz5 zainod-0.10.1[2979]:     at packages/zaino-serve/src/rpc/grpc/service.rs:161
1791661736.536807 runnervmmprz5 zainod-0.10.1[2979]:   19:48:56.536  INFO zaino_serve::rpc::grpc::service: [TEST] received call, method: "get_block"
1791661736.536807 runnervmmprz5 zainod-0.10.1[2979]:     at packages/zaino-serve/src/rpc/grpc/service.rs:161
1791661736.537599 runnervmmprz5 zainod-0.10.1[2979]:   19:48:56.537  INFO zaino_serve::rpc::grpc::service: [TEST] received call, method: "get_block"
1791661736.537599 runnervmmprz5 zainod-0.10.1[2979]:     at packages/zaino-serve/src/rpc/grpc/service.rs:161
1791661740.156701 runnervmmprz5 zainod-0.10.1[2979]:   19:49:00.156  INFO zainodlib::indexer: Zaino status check, chain_state: Ready, fs_mode: ephemeral(syncing), json_rpc: Ready, grpc: Ready
1791661740.156701 runnervmmprz5 zainod-0.10.1[2979]:     at packages/zainod/src/indexer.rs:333
1791661741.001383 runnervmmprz5 zainod-0.10.1[2979]:   19:49:01.001  INFO zaino_chain_store_zainodb::store::finalised_source::v1::write_core: write_blocks_to_height: syncing, current: 2650003, target: 4381896, zebra_network: Testnet
1791661741.001383 runnervmmprz5 zainod-0.10.1[2979]:     at packages/zaino-chain-store-zainodb/src/store/finalised_source/v1/write_core.rs:184
1791661741.535868 runnervmmprz5 zainod-0.10.1[2979]:   19:49:01.535  INFO zaino_serve::rpc::grpc::service: [TEST] received call, method: "get_lightd_info"
1791661741.535868 runnervmmprz5 zainod-0.10.1[2979]:     at packages/zaino-serve/src/rpc/grpc/service.rs:161
1791661741.540721 runnervmmprz5 zainod-0.10.1[2979]:   19:49:01.540  INFO zaino_serve::rpc::grpc::service: [TEST] received call, method: "get_block"
1791661741.540721 runnervmmprz5 zainod-0.10.1[2979]:     at packages/zaino-serve/src/rpc/grpc/service.rs:161
1791661741.541664 runnervmmprz5 zainod-0.10.1[2979]:   19:49:01.541  INFO zaino_serve::rpc::grpc::service: [TEST] received call, method: "get_block"
1791661741.541664 runnervmmprz5 zainod-0.10.1[2979]:     at packages/zaino-serve/src/rpc/grpc/service.rs:161
1791661746.532896 runnervmmprz5 zainod-0.10.1[2979]:   19:49:06.532  INFO zaino_serve::rpc::grpc::service: [TEST] received call, method: "get_lightd_info"
1791661746.532896 runnervmmprz5 zainod-0.10.1[2979]:     at packages/zaino-serve/src/rpc/grpc/service.rs:161
1791661746.538151 runnervmmprz5 zainod-0.10.1[2979]:   19:49:06.538  INFO zaino_serve::rpc::grpc::service: [TEST] received call, method: "get_block"
1791661746.538151 runnervmmprz5 zainod-0.10.1[2979]:     at packages/zaino-serve/src/rpc/grpc/service.rs:161
1791661746.539212 runnervmmprz5 zainod-0.10.1[2979]:   19:49:06.539  INFO zaino_serve::rpc::grpc::service: [TEST] received call, method: "get_block"
1791661746.539212 runnervmmprz5 zainod-0.10.1[2979]:     at packages/zaino-serve/src/rpc/grpc/service.rs:161
1791661750.157005 runnervmmprz5 zainod-0.10.1[2979]:   19:49:10.156  INFO zainodlib::indexer: Zaino status check, chain_state: Ready, fs_mode: ephemeral(syncing), json_rpc: Ready, grpc: Ready
1791661750.157005 runnervmmprz5 zainod-0.10.1[2979]:     at packages/zainod/src/indexer.rs:333
1791661750.338302 runnervmmprz5 zainod-0.10.1[2979]:   19:49:10.338  INFO zaino_chain_store_zainodb::store::finalised_source::v1::write_core: write_blocks_to_height: committed batch, height: 2599999, blocks: 100000
1791661750.338302 runnervmmprz5 zainod-0.10.1[2979]:     at packages/zaino-chain-store-zainodb/src/store/finalised_source/v1/write_core.rs:636
1791661751.001954 runnervmmprz5 zainod-0.10.1[2979]:   19:49:11.001  INFO zaino_chain_store_zainodb::store::finalised_source::v1::write_core: write_blocks_to_height: syncing, current: 2702861, target: 4381896, zebra_network: Testnet
1791661751.001954 runnervmmprz5 zainod-0.10.1[2979]:     at packages/zaino-chain-store-zainodb/src/store/finalised_source/v1/write_core.rs:184
1791661751.536661 runnervmmprz5 zainod-0.10.1[2979]:   19:49:11.536  INFO zaino_serve::rpc::grpc::service: [TEST] received call, method: "get_lightd_info"
1791661751.536661 runnervmmprz5 zainod-0.10.1[2979]:     at packages/zaino-serve/src/rpc/grpc/service.rs:161
1791661751.543266 runnervmmprz5 zainod-0.10.1[2979]:   19:49:11.543  INFO zaino_serve::rpc::grpc::service: [TEST] received call, method: "get_block"
1791661751.543266 runnervmmprz5 zainod-0.10.1[2979]:     at packages/zaino-serve/src/rpc/grpc/service.rs:161
1791661751.544556 runnervmmprz5 zainod-0.10.1[2979]:   19:49:11.544  INFO zaino_serve::rpc::grpc::service: [TEST] received call, method: "get_block"
1791661751.544556 runnervmmprz5 zainod-0.10.1[2979]:     at packages/zaino-serve/src/rpc/grpc/service.rs:161
1791661757.965126 runnervmmprz5 zainod-0.10.1[2979]:   19:49:17.965  INFO zaino_serve::rpc::grpc::service: [TEST] received call, method: "get_lightd_info"
1791661757.965126 runnervmmprz5 zainod-0.10.1[2979]:     at packages/zaino-serve/src/rpc/grpc/service.rs:161
1791661757.969652 runnervmmprz5 zainod-0.10.1[2979]:   19:49:17.969  INFO zaino_serve::rpc::grpc::service: [TEST] received call, method: "get_block"
1791661757.969652 runnervmmprz5 zainod-0.10.1[2979]:     at packages/zaino-serve/src/rpc/grpc/service.rs:161
1791661757.970411 runnervmmprz5 zainod-0.10.1[2979]:   19:49:17.970  INFO zaino_serve::rpc::grpc::service: [TEST] received call, method: "get_block"
1791661757.970411 runnervmmprz5 zainod-0.10.1[2979]:     at packages/zaino-serve/src/rpc/grpc/service.rs:161
1791661760.257170 runnervmmprz5 zainod-0.10.1[2979]:   19:49:20.257  INFO zainodlib::indexer: Zaino status check, chain_state: Ready, fs_mode: ephemeral(syncing), json_rpc: Ready, grpc: Ready
1791661760.257170 runnervmmprz5 zainod-0.10.1[2979]:     at packages/zainod/src/indexer.rs:333
1791661761.002256 runnervmmprz5 zainod-0.10.1[2979]:   19:49:21.002  INFO zaino_chain_store_zainodb::store::finalised_source::v1::write_core: write_blocks_to_height: syncing, current: 2730389, target: 4381896, zebra_network: Testnet
1791661761.002256 runnervmmprz5 zainod-0.10.1[2979]:     at packages/zaino-chain-store-zainodb/src/store/finalised_source/v1/write_core.rs:184
1791661761.988654 runnervmmprz5 zainod-0.10.1[2979]:   19:49:21.988  INFO zaino_serve::rpc::grpc::service: [TEST] received call, method: "get_lightd_info"
1791661761.988654 runnervmmprz5 zainod-0.10.1[2979]:     at packages/zaino-serve/src/rpc/grpc/service.rs:161
1791661761.993268 runnervmmprz5 zainod-0.10.1[2979]:   19:49:21.993  INFO zaino_serve::rpc::grpc::service: [TEST] received call, method: "get_block"
1791661761.993268 runnervmmprz5 zainod-0.10.1[2979]:     at packages/zaino-serve/src/rpc/grpc/service.rs:161
1791661761.994496 runnervmmprz5 zainod-0.10.1[2979]:   19:49:21.994  INFO zaino_serve::rpc::grpc::service: [TEST] received call, method: "get_block"
1791661761.994496 runnervmmprz5 zainod-0.10.1[2979]:     at packages/zaino-serve/src/rpc/grpc/service.rs:161
1791661766.988755 runnervmmprz5 zainod-0.10.1[2979]:   19:49:26.988  INFO zaino_serve::rpc::grpc::service: [TEST] received call, method: "get_lightd_info"
1791661766.988755 runnervmmprz5 zainod-0.10.1[2979]:     at packages/zaino-serve/src/rpc/grpc/service.rs:161
1791661766.994362 runnervmmprz5 zainod-0.10.1[2979]:   19:49:26.994  INFO zaino_serve::rpc::grpc::service: [TEST] received call, method: "get_block"
1791661766.994362 runnervmmprz5 zainod-0.10.1[2979]:     at packages/zaino-serve/src/rpc/grpc/service.rs:161
1791661766.995181 runnervmmprz5 zainod-0.10.1[2979]:   19:49:26.995  INFO zaino_serve::rpc::grpc::service: [TEST] received call, method: "get_block"
1791661766.995181 runnervmmprz5 zainod-0.10.1[2979]:     at packages/zaino-serve/src/rpc/grpc/service.rs:161
1791661770.356641 runnervmmprz5 zainod-0.10.1[2979]:   19:49:30.356  INFO zainodlib::indexer: Zaino status check, chain_state: Ready, fs_mode: ephemeral(syncing), json_rpc: Ready, grpc: Ready
1791661770.356641 runnervmmprz5 zainod-0.10.1[2979]:     at packages/zainod/src/indexer.rs:333
1791661771.002684 runnervmmprz5 zainod-0.10.1[2979]:   19:49:31.002  INFO zaino_chain_store_zainodb::store::finalised_source::v1::write_core: write_blocks_to_height: syncing, current: 2783726, target: 4381896, zebra_network: Testnet
1791661771.002684 runnervmmprz5 zainod-0.10.1[2979]:     at packages/zaino-chain-store-zainodb/src/store/finalised_source/v1/write_core.rs:184
1791661771.989972 runnervmmprz5 zainod-0.10.1[2979]:   19:49:31.989  INFO zaino_serve::rpc::grpc::service: [TEST] received call, method: "get_lightd_info"
1791661771.989972 runnervmmprz5 zainod-0.10.1[2979]:     at packages/zaino-serve/src/rpc/grpc/service.rs:161
1791661771.995530 runnervmmprz5 zainod-0.10.1[2979]:   19:49:31.995  INFO zaino_serve::rpc::grpc::service: [TEST] received call, method: "get_block"
1791661771.995530 runnervmmprz5 zainod-0.10.1[2979]:     at packages/zaino-serve/src/rpc/grpc/service.rs:161
1791661771.996203 runnervmmprz5 zainod-0.10.1[2979]:   19:49:31.996  INFO zaino_serve::rpc::grpc::service: [TEST] received call, method: "get_block"
1791661771.996203 runnervmmprz5 zainod-0.10.1[2979]:     at packages/zaino-serve/src/rpc/grpc/service.rs:161
1791661773.873738 runnervmmprz5 zainod-0.10.1[2979]:   19:49:33.873  INFO zaino_chain_store_zainodb::store::finalised_source::v1::write_core: write_blocks_to_height: committed batch, height: 2699999, blocks: 100000
1791661773.873738 runnervmmprz5 zainod-0.10.1[2979]:     at packages/zaino-chain-store-zainodb/src/store/finalised_source/v1/write_core.rs:636
1791661776.983850 runnervmmprz5 zainod-0.10.1[2979]:   19:49:36.983  INFO zaino_serve::rpc::grpc::service: [TEST] received call, method: "get_lightd_info"
1791661776.983850 runnervmmprz5 zainod-0.10.1[2979]:     at packages/zaino-serve/src/rpc/grpc/service.rs:161
1791661776.987432 runnervmmprz5 zainod-0.10.1[2979]:   19:49:36.987  INFO zaino_serve::rpc::grpc::service: [TEST] received call, method: "get_block"
1791661776.987432 runnervmmprz5 zainod-0.10.1[2979]:     at packages/zaino-serve/src/rpc/grpc/service.rs:161
1791661776.988093 runnervmmprz5 zainod-0.10.1[2979]:   19:49:36.988  INFO zaino_serve::rpc::grpc::service: [TEST] received call, method: "get_block"
1791661776.988093 runnervmmprz5 zainod-0.10.1[2979]:     at packages/zaino-serve/src/rpc/grpc/service.rs:161
1791661780.456780 runnervmmprz5 zainod-0.10.1[2979]:   19:49:40.456  INFO zainodlib::indexer: Zaino status check, chain_state: Ready, fs_mode: ephemeral(syncing), json_rpc: Ready, grpc: Ready
1791661780.456780 runnervmmprz5 zainod-0.10.1[2979]:     at packages/zainod/src/indexer.rs:333
1791661781.049420 runnervmmprz5 zainod-0.10.1[2979]:   19:49:41.049  INFO zaino_chain_store_zainodb::store::finalised_source::v1::write_core: write_blocks_to_height: syncing, current: 2813901, target: 4381896, zebra_network: Testnet
1791661781.049420 runnervmmprz5 zainod-0.10.1[2979]:     at packages/zaino-chain-store-zainodb/src/store/finalised_source/v1/write_core.rs:184
1791661781.991539 runnervmmprz5 zainod-0.10.1[2979]:   19:49:41.991  INFO zaino_serve::rpc::grpc::service: [TEST] received call, method: "get_lightd_info"
1791661781.991539 runnervmmprz5 zainod-0.10.1[2979]:     at packages/zaino-serve/src/rpc/grpc/service.rs:161
1791661781.996089 runnervmmprz5 zainod-0.10.1[2979]:   19:49:41.996  INFO zaino_serve::rpc::grpc::service: [TEST] received call, method: "get_block"
1791661781.996089 runnervmmprz5 zainod-0.10.1[2979]:     at packages/zaino-serve/src/rpc/grpc/service.rs:161
1791661781.996938 runnervmmprz5 zainod-0.10.1[2979]:   19:49:41.996  INFO zaino_serve::rpc::grpc::service: [TEST] received call, method: "get_block"
1791661781.996938 runnervmmprz5 zainod-0.10.1[2979]:     at packages/zaino-serve/src/rpc/grpc/service.rs:161
1791661786.990651 runnervmmprz5 zainod-0.10.1[2979]:   19:49:46.990  INFO zaino_serve::rpc::grpc::service: [TEST] received call, method: "get_lightd_info"
1791661786.990651 runnervmmprz5 zainod-0.10.1[2979]:     at packages/zaino-serve/src/rpc/grpc/service.rs:161
1791661786.996430 runnervmmprz5 zainod-0.10.1[2979]:   19:49:46.996  INFO zaino_serve::rpc::grpc::service: [TEST] received call, method: "get_block"
1791661786.996430 runnervmmprz5 zainod-0.10.1[2979]:     at packages/zaino-serve/src/rpc/grpc/service.rs:161
1791661786.997738 runnervmmprz5 zainod-0.10.1[2979]:   19:49:46.997  INFO zaino_serve::rpc::grpc::service: [TEST] received call, method: "get_block"
1791661786.997738 runnervmmprz5 zainod-0.10.1[2979]:     at packages/zaino-serve/src/rpc/grpc/service.rs:161
1791661790.557064 runnervmmprz5 zainod-0.10.1[2979]:   19:49:50.556  INFO zainodlib::indexer: Zaino status check, chain_state: Ready, fs_mode: ephemeral(syncing), json_rpc: Ready, grpc: Ready
1791661790.557064 runnervmmprz5 zainod-0.10.1[2979]:     at packages/zainod/src/indexer.rs:333
1791661791.049623 runnervmmprz5 zainod-0.10.1[2979]:   19:49:51.049  INFO zaino_chain_store_zainodb::store::finalised_source::v1::write_core: write_blocks_to_height: syncing, current: 2864211, target: 4381896, zebra_network: Testnet
1791661791.049623 runnervmmprz5 zainod-0.10.1[2979]:     at packages/zaino-chain-store-zainodb/src/store/finalised_source/v1/write_core.rs:184
1791661791.991892 runnervmmprz5 zainod-0.10.1[2979]:   19:49:51.991  INFO zaino_serve::rpc::grpc::service: [TEST] received call, method: "get_lightd_info"
1791661791.991892 runnervmmprz5 zainod-0.10.1[2979]:     at packages/zaino-serve/src/rpc/grpc/service.rs:161
1791661791.997032 runnervmmprz5 zainod-0.10.1[2979]:   19:49:51.997  INFO zaino_serve::rpc::grpc::service: [TEST] received call, method: "get_block"
1791661791.997032 runnervmmprz5 zainod-0.10.1[2979]:     at packages/zaino-serve/src/rpc/grpc/service.rs:161
1791661791.997974 runnervmmprz5 zainod-0.10.1[2979]:   19:49:51.997  INFO zaino_serve::rpc::grpc::service: [TEST] received call, method: "get_block"
1791661791.997974 runnervmmprz5 zainod-0.10.1[2979]:     at packages/zaino-serve/src/rpc/grpc/service.rs:161
1791661796.990931 runnervmmprz5 zainod-0.10.1[2979]:   19:49:56.990  INFO zaino_serve::rpc::grpc::service: [TEST] received call, method: "get_lightd_info"
1791661796.990931 runnervmmprz5 zainod-0.10.1[2979]:     at packages/zaino-serve/src/rpc/grpc/service.rs:161
1791661796.995752 runnervmmprz5 zainod-0.10.1[2979]:   19:49:56.995  INFO zaino_serve::rpc::grpc::service: [TEST] received call, method: "get_block"
1791661796.995752 runnervmmprz5 zainod-0.10.1[2979]:     at packages/zaino-serve/src/rpc/grpc/service.rs:161
1791661796.996634 runnervmmprz5 zainod-0.10.1[2979]:   19:49:56.996  INFO zaino_serve::rpc::grpc::service: [TEST] received call, method: "get_block"
1791661796.996634 runnervmmprz5 zainod-0.10.1[2979]:     at packages/zaino-serve/src/rpc/grpc/service.rs:161
1791661797.951058 runnervmmprz5 zainod-0.10.1[2979]:   19:49:57.951  INFO zaino_chain_store_zainodb::store::finalised_source::v1::write_core: write_blocks_to_height: committed batch, height: 2799999, blocks: 100000
1791661797.951058 runnervmmprz5 zainod-0.10.1[2979]:     at packages/zaino-chain-store-zainodb/src/store/finalised_source/v1/write_core.rs:636
1791661800.656406 runnervmmprz5 zainod-0.10.1[2979]:   19:50:00.656  INFO zainodlib::indexer: Zaino status check, chain_state: Ready, fs_mode: ephemeral(syncing), json_rpc: Ready, grpc: Ready
1791661800.656406 runnervmmprz5 zainod-0.10.1[2979]:     at packages/zainod/src/indexer.rs:333
1791661801.092302 runnervmmprz5 zainod-0.10.1[2979]:   19:50:01.092  INFO zaino_chain_store_zainodb::store::finalised_source::v1::write_core: write_blocks_to_height: syncing, current: 2911240, target: 4381896, zebra_network: Testnet
1791661801.092302 runnervmmprz5 zainod-0.10.1[2979]:     at packages/zaino-chain-store-zainodb/src/store/finalised_source/v1/write_core.rs:184
1791661801.988680 runnervmmprz5 zainod-0.10.1[2979]:   19:50:01.988  INFO zaino_serve::rpc::grpc::service: [TEST] received call, method: "get_lightd_info"
1791661801.988680 runnervmmprz5 zainod-0.10.1[2979]:     at packages/zaino-serve/src/rpc/grpc/service.rs:161
1791661801.993583 runnervmmprz5 zainod-0.10.1[2979]:   19:50:01.993  INFO zaino_serve::rpc::grpc::service: [TEST] received call, method: "get_block"
1791661801.993583 runnervmmprz5 zainod-0.10.1[2979]:     at packages/zaino-serve/src/rpc/grpc/service.rs:161
1791661801.995844 runnervmmprz5 zainod-0.10.1[2979]:   19:50:01.995  INFO zaino_serve::rpc::grpc::service: [TEST] received call, method: "get_block"
1791661801.995844 runnervmmprz5 zainod-0.10.1[2979]:     at packages/zaino-serve/src/rpc/grpc/service.rs:161
1791661806.995922 runnervmmprz5 zainod-0.10.1[2979]:   19:50:06.995  INFO zaino_serve::rpc::grpc::service: [TEST] received call, method: "get_lightd_info"
1791661806.995922 runnervmmprz5 zainod-0.10.1[2979]:     at packages/zaino-serve/src/rpc/grpc/service.rs:161
1791661807.002232 runnervmmprz5 zainod-0.10.1[2979]:   19:50:07.002  INFO zaino_serve::rpc::grpc::service: [TEST] received call, method: "get_block"
1791661807.002232 runnervmmprz5 zainod-0.10.1[2979]:     at packages/zaino-serve/src/rpc/grpc/service.rs:161
1791661807.003476 runnervmmprz5 zainod-0.10.1[2979]:   19:50:07.003  INFO zaino_serve::rpc::grpc::service: [TEST] received call, method: "get_block"
1791661807.003476 runnervmmprz5 zainod-0.10.1[2979]:     at packages/zaino-serve/src/rpc/grpc/service.rs:161
1791661810.657091 runnervmmprz5 zainod-0.10.1[2979]:   19:50:10.657  INFO zainodlib::indexer: Zaino status check, chain_state: Ready, fs_mode: ephemeral(syncing), json_rpc: Ready, grpc: Ready
1791661810.657091 runnervmmprz5 zainod-0.10.1[2979]:     at packages/zainod/src/indexer.rs:333
1791661811.092600 runnervmmprz5 zainod-0.10.1[2979]:   19:50:11.092  INFO zaino_chain_store_zainodb::store::finalised_source::v1::write_core: write_blocks_to_height: syncing, current: 2940553, target: 4381896, zebra_network: Testnet
1791661811.092600 runnervmmprz5 zainod-0.10.1[2979]:     at packages/zaino-chain-store-zainodb/src/store/finalised_source/v1/write_core.rs:184
1791661811.994373 runnervmmprz5 zainod-0.10.1[2979]:   19:50:11.994  INFO zaino_serve::rpc::grpc::service: [TEST] received call, method: "get_lightd_info"
1791661811.994373 runnervmmprz5 zainod-0.10.1[2979]:     at packages/zaino-serve/src/rpc/grpc/service.rs:161
1791661811.999072 runnervmmprz5 zainod-0.10.1[2979]:   19:50:11.999  INFO zaino_serve::rpc::grpc::service: [TEST] received call, method: "get_block"
1791661811.999072 runnervmmprz5 zainod-0.10.1[2979]:     at packages/zaino-serve/src/rpc/grpc/service.rs:161
1791661812.000148 runnervmmprz5 zainod-0.10.1[2979]:   19:50:12.000  INFO zaino_serve::rpc::grpc::service: [TEST] received call, method: "get_block"
1791661812.000148 runnervmmprz5 zainod-0.10.1[2979]:     at packages/zaino-serve/src/rpc/grpc/service.rs:161
1791661816.995123 runnervmmprz5 zainod-0.10.1[2979]:   19:50:16.995  INFO zaino_serve::rpc::grpc::service: [TEST] received call, method: "get_lightd_info"
1791661816.995123 runnervmmprz5 zainod-0.10.1[2979]:     at packages/zaino-serve/src/rpc/grpc/service.rs:161
1791661817.000585 runnervmmprz5 zainod-0.10.1[2979]:   19:50:17.000  INFO zaino_serve::rpc::grpc::service: [TEST] received call, method: "get_block"
1791661817.000585 runnervmmprz5 zainod-0.10.1[2979]:     at packages/zaino-serve/src/rpc/grpc/service.rs:161
1791661817.001586 runnervmmprz5 zainod-0.10.1[2979]:   19:50:17.001  INFO zaino_serve::rpc::grpc::service: [TEST] received call, method: "get_block"
1791661817.001586 runnervmmprz5 zainod-0.10.1[2979]:     at packages/zaino-serve/src/rpc/grpc/service.rs:161
1791661820.757064 runnervmmprz5 zainod-0.10.1[2979]:   19:50:20.757  INFO zainodlib::indexer: Zaino status check, chain_state: Ready, fs_mode: ephemeral(syncing), json_rpc: Ready, grpc: Ready
1791661820.757064 runnervmmprz5 zainod-0.10.1[2979]:     at packages/zainod/src/indexer.rs:333
1791661821.093098 runnervmmprz5 zainod-0.10.1[2979]:   19:50:21.093  INFO zaino_chain_store_zainodb::store::finalised_source::v1::write_core: write_blocks_to_height: syncing, current: 2993710, target: 4381896, zebra_network: Testnet
1791661821.093098 runnervmmprz5 zainod-0.10.1[2979]:     at packages/zaino-chain-store-zainodb/src/store/finalised_source/v1/write_core.rs:184
1791661821.997234 runnervmmprz5 zainod-0.10.1[2979]:   19:50:21.997  INFO zaino_serve::rpc::grpc::service: [TEST] received call, method: "get_lightd_info"
1791661821.997234 runnervmmprz5 zainod-0.10.1[2979]:     at packages/zaino-serve/src/rpc/grpc/service.rs:161
1791661822.002328 runnervmmprz5 zainod-0.10.1[2979]:   19:50:22.002  INFO zaino_serve::rpc::grpc::service: [TEST] received call, method: "get_block"
1791661822.002328 runnervmmprz5 zainod-0.10.1[2979]:     at packages/zaino-serve/src/rpc/grpc/service.rs:161
1791661822.003430 runnervmmprz5 zainod-0.10.1[2979]:   19:50:22.003  INFO zaino_serve::rpc::grpc::service: [TEST] received call, method: "get_block"
1791661822.003430 runnervmmprz5 zainod-0.10.1[2979]:     at packages/zaino-serve/src/rpc/grpc/service.rs:161
1791661822.234766 runnervmmprz5 zainod-0.10.1[2979]:   19:50:22.234  INFO zaino_chain_store_zainodb::store::finalised_source::v1::write_core: write_blocks_to_height: committed batch, height: 2899999, blocks: 100000
1791661822.234766 runnervmmprz5 zainod-0.10.1[2979]:     at packages/zaino-chain-store-zainodb/src/store/finalised_source/v1/write_core.rs:636
1791661826.989572 runnervmmprz5 zainod-0.10.1[2979]:   19:50:26.989  INFO zaino_serve::rpc::grpc::service: [TEST] received call, method: "get_lightd_info"
1791661826.989572 runnervmmprz5 zainod-0.10.1[2979]:     at packages/zaino-serve/src/rpc/grpc/service.rs:161
1791661826.997669 runnervmmprz5 zainod-0.10.1[2979]:   19:50:26.997  INFO zaino_serve::rpc::grpc::service: [TEST] received call, method: "get_block"
1791661826.997669 runnervmmprz5 zainod-0.10.1[2979]:     at packages/zaino-serve/src/rpc/grpc/service.rs:161
1791661827.000142 runnervmmprz5 zainod-0.10.1[2979]:   19:50:27.000  INFO zaino_serve::rpc::grpc::service: [TEST] received call, method: "get_block"
1791661827.000142 runnervmmprz5 zainod-0.10.1[2979]:     at packages/zaino-serve/src/rpc/grpc/service.rs:161
1791661831.094696 runnervmmprz5 zainod-0.10.1[2979]:   19:50:31.094  INFO zaino_chain_store_zainodb::store::finalised_source::v1::write_core: write_blocks_to_height: syncing, current: 3016085, target: 4381896, zebra_network: Testnet
1791661831.094696 runnervmmprz5 zainod-0.10.1[2979]:     at packages/zaino-chain-store-zainodb/src/store/finalised_source/v1/write_core.rs:184
1791661833.206076 runnervmmprz5 zainod-0.10.1[2979]:   19:50:33.205  INFO zainodlib::indexer: Zaino status check, chain_state: Ready, fs_mode: ephemeral(syncing), json_rpc: Ready, grpc: Ready
1791661833.206076 runnervmmprz5 zainod-0.10.1[2979]:     at packages/zainod/src/indexer.rs:333
1791661833.206076 runnervmmprz5 zainod-0.10.1[2979]:   19:50:33.205  INFO zaino_serve::rpc::grpc::service: [TEST] received call, method: "get_lightd_info"
1791661833.206076 runnervmmprz5 zainod-0.10.1[2979]:     at packages/zaino-serve/src/rpc/grpc/service.rs:161
1791661833.210988 runnervmmprz5 zainod-0.10.1[2979]:   19:50:33.210  INFO zaino_serve::rpc::grpc::service: [TEST] received call, method: "get_block"
1791661833.210988 runnervmmprz5 zainod-0.10.1[2979]:     at packages/zaino-serve/src/rpc/grpc/service.rs:161
1791661833.211895 runnervmmprz5 zainod-0.10.1[2979]:   19:50:33.211  INFO zaino_serve::rpc::grpc::service: [TEST] received call, method: "get_block"
1791661833.211895 runnervmmprz5 zainod-0.10.1[2979]:     at packages/zaino-serve/src/rpc/grpc/service.rs:161
1791661837.326952 runnervmmprz5 zainod-0.10.1[2979]:   19:50:37.326  INFO zaino_serve::rpc::grpc::service: [TEST] received call, method: "get_lightd_info"
1791661837.326952 runnervmmprz5 zainod-0.10.1[2979]:     at packages/zaino-serve/src/rpc/grpc/service.rs:161
1791661837.332201 runnervmmprz5 zainod-0.10.1[2979]:   19:50:37.332  INFO zaino_serve::rpc::grpc::service: [TEST] received call, method: "get_block"
1791661837.332201 runnervmmprz5 zainod-0.10.1[2979]:     at packages/zaino-serve/src/rpc/grpc/service.rs:161
1791661837.333155 runnervmmprz5 zainod-0.10.1[2979]:   19:50:37.333  INFO zaino_serve::rpc::grpc::service: [TEST] received call, method: "get_block"
1791661837.333155 runnervmmprz5 zainod-0.10.1[2979]:     at packages/zaino-serve/src/rpc/grpc/service.rs:161
1791661841.094945 runnervmmprz5 zainod-0.10.1[2979]:   19:50:41.094  INFO zaino_chain_store_zainodb::store::finalised_source::v1::write_core: write_blocks_to_height: syncing, current: 3054026, target: 4381896, zebra_network: Testnet
1791661841.094945 runnervmmprz5 zainod-0.10.1[2979]:     at packages/zaino-chain-store-zainodb/src/store/finalised_source/v1/write_core.rs:184
1791661842.329161 runnervmmprz5 zainod-0.10.1[2979]:   19:50:42.329  INFO zaino_serve::rpc::grpc::service: [TEST] received call, method: "get_lightd_info"
1791661842.329161 runnervmmprz5 zainod-0.10.1[2979]:     at packages/zaino-serve/src/rpc/grpc/service.rs:161
1791661842.334150 runnervmmprz5 zainod-0.10.1[2979]:   19:50:42.334  INFO zaino_serve::rpc::grpc::service: [TEST] received call, method: "get_block"
1791661842.334150 runnervmmprz5 zainod-0.10.1[2979]:     at packages/zaino-serve/src/rpc/grpc/service.rs:161
1791661842.334985 runnervmmprz5 zainod-0.10.1[2979]:   19:50:42.334  INFO zaino_serve::rpc::grpc::service: [TEST] received call, method: "get_block"
1791661842.334985 runnervmmprz5 zainod-0.10.1[2979]:     at packages/zaino-serve/src/rpc/grpc/service.rs:161
1791661843.257154 runnervmmprz5 zainod-0.10.1[2979]:   19:50:43.257  INFO zainodlib::indexer: Zaino status check, chain_state: Ready, fs_mode: ephemeral(syncing), json_rpc: Ready, grpc: Ready
1791661843.257154 runnervmmprz5 zainod-0.10.1[2979]:     at packages/zainod/src/indexer.rs:333
1791661847.329636 runnervmmprz5 zainod-0.10.1[2979]:   19:50:47.329  INFO zaino_serve::rpc::grpc::service: [TEST] received call, method: "get_lightd_info"
1791661847.329636 runnervmmprz5 zainod-0.10.1[2979]:     at packages/zaino-serve/src/rpc/grpc/service.rs:161
1791661847.334843 runnervmmprz5 zainod-0.10.1[2979]:   19:50:47.334  INFO zaino_serve::rpc::grpc::service: [TEST] received call, method: "get_block"
1791661847.334843 runnervmmprz5 zainod-0.10.1[2979]:     at packages/zaino-serve/src/rpc/grpc/service.rs:161
1791661847.335913 runnervmmprz5 zainod-0.10.1[2979]:   19:50:47.335  INFO zaino_serve::rpc::grpc::service: [TEST] received call, method: "get_block"
1791661847.335913 runnervmmprz5 zainod-0.10.1[2979]:     at packages/zaino-serve/src/rpc/grpc/service.rs:161
1791661851.095315 runnervmmprz5 zainod-0.10.1[2979]:   19:50:51.095  INFO zaino_chain_store_zainodb::store::finalised_source::v1::write_core: write_blocks_to_height: syncing, current: 3096842, target: 4381896, zebra_network: Testnet
1791661851.095315 runnervmmprz5 zainod-0.10.1[2979]:     at packages/zaino-chain-store-zainodb/src/store/finalised_source/v1/write_core.rs:184
1791661851.880222 runnervmmprz5 zainod-0.10.1[2979]:   19:50:51.880  INFO zaino_chain_store_zainodb::store::finalised_source::v1::write_core: write_blocks_to_height: committed batch, height: 2999999, blocks: 100000
1791661851.880222 runnervmmprz5 zainod-0.10.1[2979]:     at packages/zaino-chain-store-zainodb/src/store/finalised_source/v1/write_core.rs:636
1791661852.331983 runnervmmprz5 zainod-0.10.1[2979]:   19:50:52.331  INFO zaino_serve::rpc::grpc::service: [TEST] received call, method: "get_lightd_info"
1791661852.331983 runnervmmprz5 zainod-0.10.1[2979]:     at packages/zaino-serve/src/rpc/grpc/service.rs:161
1791661852.337291 runnervmmprz5 zainod-0.10.1[2979]:   19:50:52.337  INFO zaino_serve::rpc::grpc::service: [TEST] received call, method: "get_block"
1791661852.337291 runnervmmprz5 zainod-0.10.1[2979]:     at packages/zaino-serve/src/rpc/grpc/service.rs:161
1791661852.338787 runnervmmprz5 zainod-0.10.1[2979]:   19:50:52.338  INFO zaino_serve::rpc::grpc::service: [TEST] received call, method: "get_block"
1791661852.338787 runnervmmprz5 zainod-0.10.1[2979]:     at packages/zaino-serve/src/rpc/grpc/service.rs:161
1791661853.356477 runnervmmprz5 zainod-0.10.1[2979]:   19:50:53.356  INFO zainodlib::indexer: Zaino status check, chain_state: Ready, fs_mode: ephemeral(syncing), json_rpc: Ready, grpc: Ready
1791661853.356477 runnervmmprz5 zainod-0.10.1[2979]:     at packages/zainod/src/indexer.rs:333
1791661857.324892 runnervmmprz5 zainod-0.10.1[2979]:   19:50:57.324  INFO zaino_serve::rpc::grpc::service: [TEST] received call, method: "get_lightd_info"
1791661857.324892 runnervmmprz5 zainod-0.10.1[2979]:     at packages/zaino-serve/src/rpc/grpc/service.rs:161
1791661857.328411 runnervmmprz5 zainod-0.10.1[2979]:   19:50:57.328  INFO zaino_serve::rpc::grpc::service: [TEST] received call, method: "get_block"
1791661857.328411 runnervmmprz5 zainod-0.10.1[2979]:     at packages/zaino-serve/src/rpc/grpc/service.rs:161
1791661857.329109 runnervmmprz5 zainod-0.10.1[2979]:   19:50:57.329  INFO zaino_serve::rpc::grpc::service: [TEST] received call, method: "get_block"
1791661857.329109 runnervmmprz5 zainod-0.10.1[2979]:     at packages/zaino-serve/src/rpc/grpc/service.rs:161
1791661861.095937 runnervmmprz5 zainod-0.10.1[2979]:   19:51:01.095  INFO zaino_chain_store_zainodb::store::finalised_source::v1::write_core: write_blocks_to_height: syncing, current: 3115227, target: 4381896, zebra_network: Testnet
1791661861.095937 runnervmmprz5 zainod-0.10.1[2979]:     at packages/zaino-chain-store-zainodb/src/store/finalised_source/v1/write_core.rs:184
1791661862.332449 runnervmmprz5 zainod-0.10.1[2979]:   19:51:02.332  INFO zaino_serve::rpc::grpc::service: [TEST] received call, method: "get_lightd_info"
1791661862.332449 runnervmmprz5 zainod-0.10.1[2979]:     at packages/zaino-serve/src/rpc/grpc/service.rs:161
1791661862.337318 runnervmmprz5 zainod-0.10.1[2979]:   19:51:02.337  INFO zaino_serve::rpc::grpc::service: [TEST] received call, method: "get_block"
1791661862.337318 runnervmmprz5 zainod-0.10.1[2979]:     at packages/zaino-serve/src/rpc/grpc/service.rs:161
1791661862.338115 runnervmmprz5 zainod-0.10.1[2979]:   19:51:02.338  INFO zaino_serve::rpc::grpc::service: [TEST] received call, method: "get_block"
1791661862.338115 runnervmmprz5 zainod-0.10.1[2979]:     at packages/zaino-serve/src/rpc/grpc/service.rs:161
1791661863.356643 runnervmmprz5 zainod-0.10.1[2979]:   19:51:03.356  INFO zainodlib::indexer: Zaino status check, chain_state: Ready, fs_mode: ephemeral(syncing), json_rpc: Ready, grpc: Ready
1791661863.356643 runnervmmprz5 zainod-0.10.1[2979]:     at packages/zainod/src/indexer.rs:333
1791661867.329751 runnervmmprz5 zainod-0.10.1[2979]:   19:51:07.329  INFO zaino_serve::rpc::grpc::service: [TEST] received call, method: "get_lightd_info"
1791661867.329751 runnervmmprz5 zainod-0.10.1[2979]:     at packages/zaino-serve/src/rpc/grpc/service.rs:161
1791661867.334346 runnervmmprz5 zainod-0.10.1[2979]:   19:51:07.334  INFO zaino_serve::rpc::grpc::service: [TEST] received call, method: "get_block"
1791661867.334346 runnervmmprz5 zainod-0.10.1[2979]:     at packages/zaino-serve/src/rpc/grpc/service.rs:161
1791661867.335416 runnervmmprz5 zainod-0.10.1[2979]:   19:51:07.335  INFO zaino_serve::rpc::grpc::service: [TEST] received call, method: "get_block"
1791661867.335416 runnervmmprz5 zainod-0.10.1[2979]:     at packages/zaino-serve/src/rpc/grpc/service.rs:161
1791661871.096387 runnervmmprz5 zainod-0.10.1[2979]:   19:51:11.096  INFO zaino_chain_store_zainodb::store::finalised_source::v1::write_core: write_blocks_to_height: syncing, current: 3161187, target: 4381896, zebra_network: Testnet
1791661871.096387 runnervmmprz5 zainod-0.10.1[2979]:     at packages/zaino-chain-store-zainodb/src/store/finalised_source/v1/write_core.rs:184
1791661872.333302 runnervmmprz5 zainod-0.10.1[2979]:   19:51:12.333  INFO zaino_serve::rpc::grpc::service: [TEST] received call, method: "get_lightd_info"
1791661872.333302 runnervmmprz5 zainod-0.10.1[2979]:     at packages/zaino-serve/src/rpc/grpc/service.rs:161
1791661872.339244 runnervmmprz5 zainod-0.10.1[2979]:   19:51:12.339  INFO zaino_serve::rpc::grpc::service: [TEST] received call, method: "get_block"
1791661872.339244 runnervmmprz5 zainod-0.10.1[2979]:     at packages/zaino-serve/src/rpc/grpc/service.rs:161
1791661872.340261 runnervmmprz5 zainod-0.10.1[2979]:   19:51:12.340  INFO zaino_serve::rpc::grpc::service: [TEST] received call, method: "get_block"
1791661872.340261 runnervmmprz5 zainod-0.10.1[2979]:     at packages/zaino-serve/src/rpc/grpc/service.rs:161
1791661873.457039 runnervmmprz5 zainod-0.10.1[2979]:   19:51:13.456  INFO zainodlib::indexer: Zaino status check, chain_state: Ready, fs_mode: ephemeral(syncing), json_rpc: Ready, grpc: Ready
1791661873.457039 runnervmmprz5 zainod-0.10.1[2979]:     at packages/zainod/src/indexer.rs:333
1791661877.331331 runnervmmprz5 zainod-0.10.1[2979]:   19:51:17.331  INFO zaino_serve::rpc::grpc::service: [TEST] received call, method: "get_lightd_info"
1791661877.331331 runnervmmprz5 zainod-0.10.1[2979]:     at packages/zaino-serve/src/rpc/grpc/service.rs:161
1791661877.336354 runnervmmprz5 zainod-0.10.1[2979]:   19:51:17.336  INFO zaino_serve::rpc::grpc::service: [TEST] received call, method: "get_block"
1791661877.336354 runnervmmprz5 zainod-0.10.1[2979]:     at packages/zaino-serve/src/rpc/grpc/service.rs:161
1791661877.337218 runnervmmprz5 zainod-0.10.1[2979]:   19:51:17.337  INFO zaino_serve::rpc::grpc::service: [TEST] received call, method: "get_block"
1791661877.337218 runnervmmprz5 zainod-0.10.1[2979]:     at packages/zaino-serve/src/rpc/grpc/service.rs:161
1791661879.291007 runnervmmprz5 zainod-0.10.1[2979]:   19:51:19.290  INFO zaino_chain_store_zainodb::store::finalised_source::v1::write_core: write_blocks_to_height: committed batch, height: 3099999, blocks: 100000
1791661879.291007 runnervmmprz5 zainod-0.10.1[2979]:     at packages/zaino-chain-store-zainodb/src/store/finalised_source/v1/write_core.rs:636
1791661881.097232 runnervmmprz5 zainod-0.10.1[2979]:   19:51:21.097  INFO zaino_chain_store_zainodb::store::finalised_source::v1::write_core: write_blocks_to_height: syncing, current: 3206200, target: 4381896, zebra_network: Testnet
1791661881.097232 runnervmmprz5 zainod-0.10.1[2979]:     at packages/zaino-chain-store-zainodb/src/store/finalised_source/v1/write_core.rs:184
1791661882.328646 runnervmmprz5 zainod-0.10.1[2979]:   19:51:22.328  INFO zaino_serve::rpc::grpc::service: [TEST] received call, method: "get_lightd_info"
1791661882.328646 runnervmmprz5 zainod-0.10.1[2979]:     at packages/zaino-serve/src/rpc/grpc/service.rs:161
1791661882.332647 runnervmmprz5 zainod-0.10.1[2979]:   19:51:22.332  INFO zaino_serve::rpc::grpc::service: [TEST] received call, method: "get_block"
1791661882.332647 runnervmmprz5 zainod-0.10.1[2979]:     at packages/zaino-serve/src/rpc/grpc/service.rs:161
1791661882.333398 runnervmmprz5 zainod-0.10.1[2979]:   19:51:22.333  INFO zaino_serve::rpc::grpc::service: [TEST] received call, method: "get_block"
1791661882.333398 runnervmmprz5 zainod-0.10.1[2979]:     at packages/zaino-serve/src/rpc/grpc/service.rs:161
1791661883.557239 runnervmmprz5 zainod-0.10.1[2979]:   19:51:23.557  INFO zainodlib::indexer: Zaino status check, chain_state: Ready, fs_mode: ephemeral(syncing), json_rpc: Ready, grpc: Ready
1791661883.557239 runnervmmprz5 zainod-0.10.1[2979]:     at packages/zainod/src/indexer.rs:333
1791661890.304329 runnervmmprz5 zainod-0.10.1[2979]:   19:51:30.304  INFO zaino_serve::rpc::grpc::service: [TEST] received call, method: "get_block"
1791661890.304329 runnervmmprz5 zainod-0.10.1[2979]:     at packages/zaino-serve/src/rpc/grpc/service.rs:161
1791661890.304926 runnervmmprz5 zainod-0.10.1[2979]:   19:51:30.304  INFO zaino_serve::rpc::grpc::service: [TEST] received call, method: "get_lightd_info"
1791661890.304926 runnervmmprz5 zainod-0.10.1[2979]:     at packages/zaino-serve/src/rpc/grpc/service.rs:161
1791661890.306483 runnervmmprz5 zainod-0.10.1[2979]:   19:51:30.306  INFO zaino_serve::rpc::grpc::service: [TEST] received call, method: "get_block"
1791661890.306483 runnervmmprz5 zainod-0.10.1[2979]:     at packages/zaino-serve/src/rpc/grpc/service.rs:161
1791661891.097569 runnervmmprz5 zainod-0.10.1[2979]:   19:51:31.097  INFO zaino_chain_store_zainodb::store::finalised_source::v1::write_core: write_blocks_to_height: syncing, current: 3226033, target: 4381896, zebra_network: Testnet
1791661891.097569 runnervmmprz5 zainod-0.10.1[2979]:     at packages/zaino-chain-store-zainodb/src/store/finalised_source/v1/write_core.rs:184
1791661893.323339 runnervmmprz5 zainod-0.10.1[2979]:   19:51:33.323  INFO zaino_serve::rpc::grpc::service: [TEST] received call, method: "get_lightd_info"
1791661893.323339 runnervmmprz5 zainod-0.10.1[2979]:     at packages/zaino-serve/src/rpc/grpc/service.rs:161
1791661893.329139 runnervmmprz5 zainod-0.10.1[2979]:   19:51:33.329  INFO zaino_serve::rpc::grpc::service: [TEST] received call, method: "get_block"
1791661893.329139 runnervmmprz5 zainod-0.10.1[2979]:     at packages/zaino-serve/src/rpc/grpc/service.rs:161
1791661893.329882 runnervmmprz5 zainod-0.10.1[2979]:   19:51:33.329  INFO zaino_serve::rpc::grpc::service: [TEST] received call, method: "get_block"
1791661893.329882 runnervmmprz5 zainod-0.10.1[2979]:     at packages/zaino-serve/src/rpc/grpc/service.rs:161
1791661893.656369 runnervmmprz5 zainod-0.10.1[2979]:   19:51:33.656  INFO zainodlib::indexer: Zaino status check, chain_state: Ready, fs_mode: ephemeral(syncing), json_rpc: Ready, grpc: Ready
1791661893.656369 runnervmmprz5 zainod-0.10.1[2979]:     at packages/zainod/src/indexer.rs:333
1791661898.325978 runnervmmprz5 zainod-0.10.1[2979]:   19:51:38.325  INFO zaino_serve::rpc::grpc::service: [TEST] received call, method: "get_lightd_info"
1791661898.325978 runnervmmprz5 zainod-0.10.1[2979]:     at packages/zaino-serve/src/rpc/grpc/service.rs:161
1791661898.330466 runnervmmprz5 zainod-0.10.1[2979]:   19:51:38.330  INFO zaino_serve::rpc::grpc::service: [TEST] received call, method: "get_block"
1791661898.330466 runnervmmprz5 zainod-0.10.1[2979]:     at packages/zaino-serve/src/rpc/grpc/service.rs:161
1791661898.331560 runnervmmprz5 zainod-0.10.1[2979]:   19:51:38.331  INFO zaino_serve::rpc::grpc::service: [TEST] received call, method: "get_block"
1791661898.331560 runnervmmprz5 zainod-0.10.1[2979]:     at packages/zaino-serve/src/rpc/grpc/service.rs:161
1791661901.098318 runnervmmprz5 zainod-0.10.1[2979]:   19:51:41.098  INFO zaino_chain_store_zainodb::store::finalised_source::v1::write_core: write_blocks_to_height: syncing, current: 3272374, target: 4381896, zebra_network: Testnet
1791661901.098318 runnervmmprz5 zainod-0.10.1[2979]:     at packages/zaino-chain-store-zainodb/src/store/finalised_source/v1/write_core.rs:184
1791661903.323901 runnervmmprz5 zainod-0.10.1[2979]:   19:51:43.323  INFO zaino_serve::rpc::grpc::service: [TEST] received call, method: "get_lightd_info"
1791661903.323901 runnervmmprz5 zainod-0.10.1[2979]:     at packages/zaino-serve/src/rpc/grpc/service.rs:161
1791661903.328999 runnervmmprz5 zainod-0.10.1[2979]:   19:51:43.328  INFO zaino_serve::rpc::grpc::service: [TEST] received call, method: "get_block"
1791661903.328999 runnervmmprz5 zainod-0.10.1[2979]:     at packages/zaino-serve/src/rpc/grpc/service.rs:161
1791661903.329708 runnervmmprz5 zainod-0.10.1[2979]:   19:51:43.329  INFO zaino_serve::rpc::grpc::service: [TEST] received call, method: "get_block"
1791661903.329708 runnervmmprz5 zainod-0.10.1[2979]:     at packages/zaino-serve/src/rpc/grpc/service.rs:161
1791661903.656891 runnervmmprz5 zainod-0.10.1[2979]:   19:51:43.656  INFO zainodlib::indexer: Zaino status check, chain_state: Ready, fs_mode: ephemeral(syncing), json_rpc: Ready, grpc: Ready
1791661903.656891 runnervmmprz5 zainod-0.10.1[2979]:     at packages/zainod/src/indexer.rs:333
1791661907.517199 runnervmmprz5 zainod-0.10.1[2979]:   19:51:47.517  INFO zaino_chain_store_zainodb::store::finalised_source::v1::write_core: write_blocks_to_height: committed batch, height: 3199999, blocks: 100000
1791661907.517199 runnervmmprz5 zainod-0.10.1[2979]:     at packages/zaino-chain-store-zainodb/src/store/finalised_source/v1/write_core.rs:636
1791661908.331172 runnervmmprz5 zainod-0.10.1[2979]:   19:51:48.331  INFO zaino_serve::rpc::grpc::service: [TEST] received call, method: "get_lightd_info"
1791661908.331172 runnervmmprz5 zainod-0.10.1[2979]:     at packages/zaino-serve/src/rpc/grpc/service.rs:161
1791661908.335976 runnervmmprz5 zainod-0.10.1[2979]:   19:51:48.335  INFO zaino_serve::rpc::grpc::service: [TEST] received call, method: "get_block"
1791661908.335976 runnervmmprz5 zainod-0.10.1[2979]:     at packages/zaino-serve/src/rpc/grpc/service.rs:161
1791661908.337144 runnervmmprz5 zainod-0.10.1[2979]:   19:51:48.337  INFO zaino_serve::rpc::grpc::service: [TEST] received call, method: "get_block"
1791661908.337144 runnervmmprz5 zainod-0.10.1[2979]:     at packages/zaino-serve/src/rpc/grpc/service.rs:161
1791661911.147459 runnervmmprz5 zainod-0.10.1[2979]:   19:51:51.147  INFO zaino_chain_store_zainodb::store::finalised_source::v1::write_core: write_blocks_to_height: syncing, current: 3309821, target: 4381896, zebra_network: Testnet
1791661911.147459 runnervmmprz5 zainod-0.10.1[2979]:     at packages/zaino-chain-store-zainodb/src/store/finalised_source/v1/write_core.rs:184
1791661913.320455 runnervmmprz5 zainod-0.10.1[2979]:   19:51:53.320  INFO zaino_serve::rpc::grpc::service: [TEST] received call, method: "get_lightd_info"
1791661913.320455 runnervmmprz5 zainod-0.10.1[2979]:     at packages/zaino-serve/src/rpc/grpc/service.rs:161
1791661913.323928 runnervmmprz5 zainod-0.10.1[2979]:   19:51:53.323  INFO zaino_serve::rpc::grpc::service: [TEST] received call, method: "get_block"
1791661913.323928 runnervmmprz5 zainod-0.10.1[2979]:     at packages/zaino-serve/src/rpc/grpc/service.rs:161
1791661913.324584 runnervmmprz5 zainod-0.10.1[2979]:   19:51:53.324  INFO zaino_serve::rpc::grpc::service: [TEST] received call, method: "get_block"
1791661913.324584 runnervmmprz5 zainod-0.10.1[2979]:     at packages/zaino-serve/src/rpc/grpc/service.rs:161
1791661913.657208 runnervmmprz5 zainod-0.10.1[2979]:   19:51:53.657  INFO zainodlib::indexer: Zaino status check, chain_state: Ready, fs_mode: ephemeral(syncing), json_rpc: Ready, grpc: Ready
1791661913.657208 runnervmmprz5 zainod-0.10.1[2979]:     at packages/zainod/src/indexer.rs:333
1791661918.327539 runnervmmprz5 zainod-0.10.1[2979]:   19:51:58.327  INFO zaino_serve::rpc::grpc::service: [TEST] received call, method: "get_lightd_info"
1791661918.327539 runnervmmprz5 zainod-0.10.1[2979]:     at packages/zaino-serve/src/rpc/grpc/service.rs:161
1791661918.332278 runnervmmprz5 zainod-0.10.1[2979]:   19:51:58.332  INFO zaino_serve::rpc::grpc::service: [TEST] received call, method: "get_block"
1791661918.332278 runnervmmprz5 zainod-0.10.1[2979]:     at packages/zaino-serve/src/rpc/grpc/service.rs:161
1791661918.333060 runnervmmprz5 zainod-0.10.1[2979]:   19:51:58.333  INFO zaino_serve::rpc::grpc::service: [TEST] received call, method: "get_block"
1791661918.333060 runnervmmprz5 zainod-0.10.1[2979]:     at packages/zaino-serve/src/rpc/grpc/service.rs:161
1791661921.147823 runnervmmprz5 zainod-0.10.1[2979]:   19:52:01.147  INFO zaino_chain_store_zainodb::store::finalised_source::v1::write_core: write_blocks_to_height: syncing, current: 3330677, target: 4381896, zebra_network: Testnet
1791661921.147823 runnervmmprz5 zainod-0.10.1[2979]:     at packages/zaino-chain-store-zainodb/src/store/finalised_source/v1/write_core.rs:184
1791661923.324579 runnervmmprz5 zainod-0.10.1[2979]:   19:52:03.324  INFO zaino_serve::rpc::grpc::service: [TEST] received call, method: "get_lightd_info"
1791661923.324579 runnervmmprz5 zainod-0.10.1[2979]:     at packages/zaino-serve/src/rpc/grpc/service.rs:161
1791661923.329453 runnervmmprz5 zainod-0.10.1[2979]:   19:52:03.329  INFO zaino_serve::rpc::grpc::service: [TEST] received call, method: "get_block"
1791661923.329453 runnervmmprz5 zainod-0.10.1[2979]:     at packages/zaino-serve/src/rpc/grpc/service.rs:161
1791661923.330203 runnervmmprz5 zainod-0.10.1[2979]:   19:52:03.330  INFO zaino_serve::rpc::grpc::service: [TEST] received call, method: "get_block"
1791661923.330203 runnervmmprz5 zainod-0.10.1[2979]:     at packages/zaino-serve/src/rpc/grpc/service.rs:161
1791661923.756354 runnervmmprz5 zainod-0.10.1[2979]:   19:52:03.756  INFO zainodlib::indexer: Zaino status check, chain_state: Ready, fs_mode: ephemeral(syncing), json_rpc: Ready, grpc: Ready
1791661923.756354 runnervmmprz5 zainod-0.10.1[2979]:     at packages/zainod/src/indexer.rs:333
1791661928.332674 runnervmmprz5 zainod-0.10.1[2979]:   19:52:08.332  INFO zaino_serve::rpc::grpc::service: [TEST] received call, method: "get_lightd_info"
1791661928.332674 runnervmmprz5 zainod-0.10.1[2979]:     at packages/zaino-serve/src/rpc/grpc/service.rs:161
1791661928.338784 runnervmmprz5 zainod-0.10.1[2979]:   19:52:08.338  INFO zaino_serve::rpc::grpc::service: [TEST] received call, method: "get_block"
1791661928.338784 runnervmmprz5 zainod-0.10.1[2979]:     at packages/zaino-serve/src/rpc/grpc/service.rs:161
1791661928.339936 runnervmmprz5 zainod-0.10.1[2979]:   19:52:08.339  INFO zaino_serve::rpc::grpc::service: [TEST] received call, method: "get_block"
1791661928.339936 runnervmmprz5 zainod-0.10.1[2979]:     at packages/zaino-serve/src/rpc/grpc/service.rs:161
1791661931.148829 runnervmmprz5 zainod-0.10.1[2979]:   19:52:11.148  INFO zaino_chain_store_zainodb::store::finalised_source::v1::write_core: write_blocks_to_height: syncing, current: 3371597, target: 4381896, zebra_network: Testnet
1791661931.148829 runnervmmprz5 zainod-0.10.1[2979]:     at packages/zaino-chain-store-zainodb/src/store/finalised_source/v1/write_core.rs:184
1791661933.326649 runnervmmprz5 zainod-0.10.1[2979]:   19:52:13.326  INFO zaino_serve::rpc::grpc::service: [TEST] received call, method: "get_lightd_info"
1791661933.326649 runnervmmprz5 zainod-0.10.1[2979]:     at packages/zaino-serve/src/rpc/grpc/service.rs:161
1791661933.331630 runnervmmprz5 zainod-0.10.1[2979]:   19:52:13.331  INFO zaino_serve::rpc::grpc::service: [TEST] received call, method: "get_block"
1791661933.331630 runnervmmprz5 zainod-0.10.1[2979]:     at packages/zaino-serve/src/rpc/grpc/service.rs:161
1791661933.332753 runnervmmprz5 zainod-0.10.1[2979]:   19:52:13.332  INFO zaino_serve::rpc::grpc::service: [TEST] received call, method: "get_block"
1791661933.332753 runnervmmprz5 zainod-0.10.1[2979]:     at packages/zaino-serve/src/rpc/grpc/service.rs:161
1791661933.757033 runnervmmprz5 zainod-0.10.1[2979]:   19:52:13.756  INFO zainodlib::indexer: Zaino status check, chain_state: Ready, fs_mode: ephemeral(syncing), json_rpc: Ready, grpc: Ready
1791661933.757033 runnervmmprz5 zainod-0.10.1[2979]:     at packages/zainod/src/indexer.rs:333
1791661938.329790 runnervmmprz5 zainod-0.10.1[2979]:   19:52:18.329  INFO zaino_serve::rpc::grpc::service: [TEST] received call, method: "get_lightd_info"
1791661938.329790 runnervmmprz5 zainod-0.10.1[2979]:     at packages/zaino-serve/src/rpc/grpc/service.rs:161
1791661938.335418 runnervmmprz5 zainod-0.10.1[2979]:   19:52:18.335  INFO zaino_serve::rpc::grpc::service: [TEST] received call, method: "get_block"
1791661938.335418 runnervmmprz5 zainod-0.10.1[2979]:     at packages/zaino-serve/src/rpc/grpc/service.rs:161
1791661938.336330 runnervmmprz5 zainod-0.10.1[2979]:   19:52:18.336  INFO zaino_serve::rpc::grpc::service: [TEST] received call, method: "get_block"
1791661938.336330 runnervmmprz5 zainod-0.10.1[2979]:     at packages/zaino-serve/src/rpc/grpc/service.rs:161
1791661938.804459 runnervmmprz5 zainod-0.10.1[2979]:   19:52:18.804  INFO zaino_chain_store_zainodb::store::finalised_source::v1::write_core: write_blocks_to_height: committed batch, height: 3299999, blocks: 100000
1791661938.804459 runnervmmprz5 zainod-0.10.1[2979]:     at packages/zaino-chain-store-zainodb/src/store/finalised_source/v1/write_core.rs:636
1791661941.149295 runnervmmprz5 zainod-0.10.1[2979]:   19:52:21.149  INFO zaino_chain_store_zainodb::store::finalised_source::v1::write_core: write_blocks_to_height: syncing, current: 3410196, target: 4381896, zebra_network: Testnet
1791661941.149295 runnervmmprz5 zainod-0.10.1[2979]:     at packages/zaino-chain-store-zainodb/src/store/finalised_source/v1/write_core.rs:184
1791661943.323595 runnervmmprz5 zainod-0.10.1[2979]:   19:52:23.323  INFO zaino_serve::rpc::grpc::service: [TEST] received call, method: "get_lightd_info"
1791661943.323595 runnervmmprz5 zainod-0.10.1[2979]:     at packages/zaino-serve/src/rpc/grpc/service.rs:161
1791661943.327118 runnervmmprz5 zainod-0.10.1[2979]:   19:52:23.327  INFO zaino_serve::rpc::grpc::service: [TEST] received call, method: "get_block"
1791661943.327118 runnervmmprz5 zainod-0.10.1[2979]:     at packages/zaino-serve/src/rpc/grpc/service.rs:161
1791661943.327835 runnervmmprz5 zainod-0.10.1[2979]:   19:52:23.327  INFO zaino_serve::rpc::grpc::service: [TEST] received call, method: "get_block"
1791661943.327835 runnervmmprz5 zainod-0.10.1[2979]:     at packages/zaino-serve/src/rpc/grpc/service.rs:161
1791661943.856601 runnervmmprz5 zainod-0.10.1[2979]:   19:52:23.856  INFO zainodlib::indexer: Zaino status check, chain_state: Ready, fs_mode: ephemeral(syncing), json_rpc: Ready, grpc: Ready
1791661943.856601 runnervmmprz5 zainod-0.10.1[2979]:     at packages/zainod/src/indexer.rs:333
1791661949.715518 runnervmmprz5 zainod-0.10.1[2979]:   19:52:29.715  INFO zaino_serve::rpc::grpc::service: [TEST] received call, method: "get_lightd_info"
1791661949.715518 runnervmmprz5 zainod-0.10.1[2979]:     at packages/zaino-serve/src/rpc/grpc/service.rs:161
1791661949.722347 runnervmmprz5 zainod-0.10.1[2979]:   19:52:29.722  INFO zaino_serve::rpc::grpc::service: [TEST] received call, method: "get_block"
1791661949.722347 runnervmmprz5 zainod-0.10.1[2979]:     at packages/zaino-serve/src/rpc/grpc/service.rs:161
1791661949.723456 runnervmmprz5 zainod-0.10.1[2979]:   19:52:29.723  INFO zaino_serve::rpc::grpc::service: [TEST] received call, method: "get_block"
1791661949.723456 runnervmmprz5 zainod-0.10.1[2979]:     at packages/zaino-serve/src/rpc/grpc/service.rs:161
1791661951.149385 runnervmmprz5 zainod-0.10.1[2979]:   19:52:31.149  INFO zaino_chain_store_zainodb::store::finalised_source::v1::write_core: write_blocks_to_height: syncing, current: 3433209, target: 4381896, zebra_network: Testnet
1791661951.149385 runnervmmprz5 zainod-0.10.1[2979]:     at packages/zaino-chain-store-zainodb/src/store/finalised_source/v1/write_core.rs:184
1791661953.740552 runnervmmprz5 zainod-0.10.1[2979]:   19:52:33.740  INFO zaino_serve::rpc::grpc::service: [TEST] received call, method: "get_lightd_info"
1791661953.740552 runnervmmprz5 zainod-0.10.1[2979]:     at packages/zaino-serve/src/rpc/grpc/service.rs:161
1791661953.745845 runnervmmprz5 zainod-0.10.1[2979]:   19:52:33.745  INFO zaino_serve::rpc::grpc::service: [TEST] received call, method: "get_block"
1791661953.745845 runnervmmprz5 zainod-0.10.1[2979]:     at packages/zaino-serve/src/rpc/grpc/service.rs:161
1791661953.746662 runnervmmprz5 zainod-0.10.1[2979]:   19:52:33.746  INFO zaino_serve::rpc::grpc::service: [TEST] received call, method: "get_block"
1791661953.746662 runnervmmprz5 zainod-0.10.1[2979]:     at packages/zaino-serve/src/rpc/grpc/service.rs:161
1791661953.857107 runnervmmprz5 zainod-0.10.1[2979]:   19:52:33.857  INFO zainodlib::indexer: Zaino status check, chain_state: Ready, fs_mode: ephemeral(syncing), json_rpc: Ready, grpc: Ready
1791661953.857107 runnervmmprz5 zainod-0.10.1[2979]:     at packages/zainod/src/indexer.rs:333
1791661958.742527 runnervmmprz5 zainod-0.10.1[2979]:   19:52:38.742  INFO zaino_serve::rpc::grpc::service: [TEST] received call, method: "get_lightd_info"
1791661958.742527 runnervmmprz5 zainod-0.10.1[2979]:     at packages/zaino-serve/src/rpc/grpc/service.rs:161
1791661958.747078 runnervmmprz5 zainod-0.10.1[2979]:   19:52:38.747  INFO zaino_serve::rpc::grpc::service: [TEST] received call, method: "get_block"
1791661958.747078 runnervmmprz5 zainod-0.10.1[2979]:     at packages/zaino-serve/src/rpc/grpc/service.rs:161
1791661958.747897 runnervmmprz5 zainod-0.10.1[2979]:   19:52:38.747  INFO zaino_serve::rpc::grpc::service: [TEST] received call, method: "get_block"
1791661958.747897 runnervmmprz5 zainod-0.10.1[2979]:     at packages/zaino-serve/src/rpc/grpc/service.rs:161
1791661961.149894 runnervmmprz5 zainod-0.10.1[2979]:   19:52:41.149  INFO zaino_chain_store_zainodb::store::finalised_source::v1::write_core: write_blocks_to_height: syncing, current: 3486621, target: 4381896, zebra_network: Testnet
1791661961.149894 runnervmmprz5 zainod-0.10.1[2979]:     at packages/zaino-chain-store-zainodb/src/store/finalised_source/v1/write_core.rs:184
1791661963.455464 runnervmmprz5 zainod-0.10.1[2979]:   19:52:43.455  INFO zaino_chain_store_zainodb::store::finalised_source::v1::write_core: write_blocks_to_height: committed batch, height: 3399999, blocks: 100000
1791661963.455464 runnervmmprz5 zainod-0.10.1[2979]:     at packages/zaino-chain-store-zainodb/src/store/finalised_source/v1/write_core.rs:636
1791661963.740691 runnervmmprz5 zainod-0.10.1[2979]:   19:52:43.740  INFO zaino_serve::rpc::grpc::service: [TEST] received call, method: "get_lightd_info"
1791661963.740691 runnervmmprz5 zainod-0.10.1[2979]:     at packages/zaino-serve/src/rpc/grpc/service.rs:161
1791661963.744893 runnervmmprz5 zainod-0.10.1[2979]:   19:52:43.744  INFO zaino_serve::rpc::grpc::service: [TEST] received call, method: "get_block"
1791661963.744893 runnervmmprz5 zainod-0.10.1[2979]:     at packages/zaino-serve/src/rpc/grpc/service.rs:161
1791661963.745676 runnervmmprz5 zainod-0.10.1[2979]:   19:52:43.745  INFO zaino_serve::rpc::grpc::service: [TEST] received call, method: "get_block"
1791661963.745676 runnervmmprz5 zainod-0.10.1[2979]:     at packages/zaino-serve/src/rpc/grpc/service.rs:161
1791661963.957113 runnervmmprz5 zainod-0.10.1[2979]:   19:52:43.957  INFO zainodlib::indexer: Zaino status check, chain_state: Ready, fs_mode: ephemeral(syncing), json_rpc: Ready, grpc: Ready
1791661963.957113 runnervmmprz5 zainod-0.10.1[2979]:     at packages/zainod/src/indexer.rs:333
1791661968.738490 runnervmmprz5 zainod-0.10.1[2979]:   19:52:48.738  INFO zaino_serve::rpc::grpc::service: [TEST] received call, method: "get_lightd_info"
1791661968.738490 runnervmmprz5 zainod-0.10.1[2979]:     at packages/zaino-serve/src/rpc/grpc/service.rs:161
1791661968.743146 runnervmmprz5 zainod-0.10.1[2979]:   19:52:48.743  INFO zaino_serve::rpc::grpc::service: [TEST] received call, method: "get_block"
1791661968.743146 runnervmmprz5 zainod-0.10.1[2979]:     at packages/zaino-serve/src/rpc/grpc/service.rs:161
1791661968.784203 runnervmmprz5 zainod-0.10.1[2979]:   19:52:48.784  INFO zaino_serve::rpc::grpc::service: [TEST] received call, method: "get_block"
1791661968.784203 runnervmmprz5 zainod-0.10.1[2979]:     at packages/zaino-serve/src/rpc/grpc/service.rs:161
1791661971.185742 runnervmmprz5 zainod-0.10.1[2979]:   19:52:51.185  INFO zaino_chain_store_zainodb::store::finalised_source::v1::write_core: write_blocks_to_height: syncing, current: 3513709, target: 4381896, zebra_network: Testnet
1791661971.185742 runnervmmprz5 zainod-0.10.1[2979]:     at packages/zaino-chain-store-zainodb/src/store/finalised_source/v1/write_core.rs:184
1791661973.743563 runnervmmprz5 zainod-0.10.1[2979]:   19:52:53.743  INFO zaino_serve::rpc::grpc::service: [TEST] received call, method: "get_lightd_info"
1791661973.743563 runnervmmprz5 zainod-0.10.1[2979]:     at packages/zaino-serve/src/rpc/grpc/service.rs:161
1791661973.749707 runnervmmprz5 zainod-0.10.1[2979]:   19:52:53.749  INFO zaino_serve::rpc::grpc::service: [TEST] received call, method: "get_block"
1791661973.749707 runnervmmprz5 zainod-0.10.1[2979]:     at packages/zaino-serve/src/rpc/grpc/service.rs:161
1791661973.750460 runnervmmprz5 zainod-0.10.1[2979]:   19:52:53.750  INFO zaino_serve::rpc::grpc::service: [TEST] received call, method: "get_block"
1791661973.750460 runnervmmprz5 zainod-0.10.1[2979]:     at packages/zaino-serve/src/rpc/grpc/service.rs:161
1791661974.057048 runnervmmprz5 zainod-0.10.1[2979]:   19:52:54.057  INFO zainodlib::indexer: Zaino status check, chain_state: Ready, fs_mode: ephemeral(syncing), json_rpc: Ready, grpc: Ready
1791661974.057048 runnervmmprz5 zainod-0.10.1[2979]:     at packages/zainod/src/indexer.rs:333
1791661978.743921 runnervmmprz5 zainod-0.10.1[2979]:   19:52:58.743  INFO zaino_serve::rpc::grpc::service: [TEST] received call, method: "get_lightd_info"
1791661978.743921 runnervmmprz5 zainod-0.10.1[2979]:     at packages/zaino-serve/src/rpc/grpc/service.rs:161
1791661978.748604 runnervmmprz5 zainod-0.10.1[2979]:   19:52:58.748  INFO zaino_serve::rpc::grpc::service: [TEST] received call, method: "get_block"
1791661978.748604 runnervmmprz5 zainod-0.10.1[2979]:     at packages/zaino-serve/src/rpc/grpc/service.rs:161
1791661978.749653 runnervmmprz5 zainod-0.10.1[2979]:   19:52:58.749  INFO zaino_serve::rpc::grpc::service: [TEST] received call, method: "get_block"
1791661978.749653 runnervmmprz5 zainod-0.10.1[2979]:     at packages/zaino-serve/src/rpc/grpc/service.rs:161
1791661981.186220 runnervmmprz5 zainod-0.10.1[2979]:   19:53:01.186  INFO zaino_chain_store_zainodb::store::finalised_source::v1::write_core: write_blocks_to_height: syncing, current: 3549376, target: 4381896, zebra_network: Testnet
1791661981.186220 runnervmmprz5 zainod-0.10.1[2979]:     at packages/zaino-chain-store-zainodb/src/store/finalised_source/v1/write_core.rs:184
1791661983.741952 runnervmmprz5 zainod-0.10.1[2979]:   19:53:03.741  INFO zaino_serve::rpc::grpc::service: [TEST] received call, method: "get_lightd_info"
1791661983.741952 runnervmmprz5 zainod-0.10.1[2979]:     at packages/zaino-serve/src/rpc/grpc/service.rs:161
1791661983.746833 runnervmmprz5 zainod-0.10.1[2979]:   19:53:03.746  INFO zaino_serve::rpc::grpc::service: [TEST] received call, method: "get_block"
1791661983.746833 runnervmmprz5 zainod-0.10.1[2979]:     at packages/zaino-serve/src/rpc/grpc/service.rs:161
1791661983.747751 runnervmmprz5 zainod-0.10.1[2979]:   19:53:03.747  INFO zaino_serve::rpc::grpc::service: [TEST] received call, method: "get_block"
1791661983.747751 runnervmmprz5 zainod-0.10.1[2979]:     at packages/zaino-serve/src/rpc/grpc/service.rs:161
1791661984.057244 runnervmmprz5 zainod-0.10.1[2979]:   19:53:04.057  INFO zainodlib::indexer: Zaino status check, chain_state: Ready, fs_mode: ephemeral(syncing), json_rpc: Ready, grpc: Ready
1791661984.057244 runnervmmprz5 zainod-0.10.1[2979]:     at packages/zainod/src/indexer.rs:333
1791661988.744969 runnervmmprz5 zainod-0.10.1[2979]:   19:53:08.744  INFO zaino_serve::rpc::grpc::service: [TEST] received call, method: "get_lightd_info"
1791661988.744969 runnervmmprz5 zainod-0.10.1[2979]:     at packages/zaino-serve/src/rpc/grpc/service.rs:161
1791661988.749454 runnervmmprz5 zainod-0.10.1[2979]:   19:53:08.749  INFO zaino_serve::rpc::grpc::service: [TEST] received call, method: "get_block"
1791661988.749454 runnervmmprz5 zainod-0.10.1[2979]:     at packages/zaino-serve/src/rpc/grpc/service.rs:161
1791661988.750366 runnervmmprz5 zainod-0.10.1[2979]:   19:53:08.750  INFO zaino_serve::rpc::grpc::service: [TEST] received call, method: "get_block"
1791661988.750366 runnervmmprz5 zainod-0.10.1[2979]:     at packages/zaino-serve/src/rpc/grpc/service.rs:161
1791661991.187072 runnervmmprz5 zainod-0.10.1[2979]:   19:53:11.187  INFO zaino_chain_store_zainodb::store::finalised_source::v1::write_core: write_blocks_to_height: syncing, current: 3575395, target: 4381896, zebra_network: Testnet
1791661991.187072 runnervmmprz5 zainod-0.10.1[2979]:     at packages/zaino-chain-store-zainodb/src/store/finalised_source/v1/write_core.rs:184
1791661993.743883 runnervmmprz5 zainod-0.10.1[2979]:   19:53:13.743  INFO zaino_serve::rpc::grpc::service: [TEST] received call, method: "get_lightd_info"
1791661993.743883 runnervmmprz5 zainod-0.10.1[2979]:     at packages/zaino-serve/src/rpc/grpc/service.rs:161
1791661993.748737 runnervmmprz5 zainod-0.10.1[2979]:   19:53:13.748  INFO zaino_serve::rpc::grpc::service: [TEST] received call, method: "get_block"
1791661993.748737 runnervmmprz5 zainod-0.10.1[2979]:     at packages/zaino-serve/src/rpc/grpc/service.rs:161
1791661993.749463 runnervmmprz5 zainod-0.10.1[2979]:   19:53:13.749  INFO zaino_serve::rpc::grpc::service: [TEST] received call, method: "get_block"
1791661993.749463 runnervmmprz5 zainod-0.10.1[2979]:     at packages/zaino-serve/src/rpc/grpc/service.rs:161
1791661994.156359 runnervmmprz5 zainod-0.10.1[2979]:   19:53:14.156  INFO zainodlib::indexer: Zaino status check, chain_state: Ready, fs_mode: ephemeral(syncing), json_rpc: Ready, grpc: Ready
1791661994.156359 runnervmmprz5 zainod-0.10.1[2979]:     at packages/zainod/src/indexer.rs:333
1791661998.748178 runnervmmprz5 zainod-0.10.1[2979]:   19:53:18.748  INFO zaino_serve::rpc::grpc::service: [TEST] received call, method: "get_lightd_info"
1791661998.748178 runnervmmprz5 zainod-0.10.1[2979]:     at packages/zaino-serve/src/rpc/grpc/service.rs:161
1791661998.753130 runnervmmprz5 zainod-0.10.1[2979]:   19:53:18.753  INFO zaino_serve::rpc::grpc::service: [TEST] received call, method: "get_block"
1791661998.753130 runnervmmprz5 zainod-0.10.1[2979]:     at packages/zaino-serve/src/rpc/grpc/service.rs:161
1791661998.754199 runnervmmprz5 zainod-0.10.1[2979]:   19:53:18.754  INFO zaino_serve::rpc::grpc::service: [TEST] received call, method: "get_block"
1791661998.754199 runnervmmprz5 zainod-0.10.1[2979]:     at packages/zaino-serve/src/rpc/grpc/service.rs:161
1791661998.827305 runnervmmprz5 zainod-0.10.1[2979]:   19:53:18.827  INFO zaino_chain_store_zainodb::store::finalised_source::v1::write_core: write_blocks_to_height: committed batch, height: 3499999, blocks: 100000
1791661998.827305 runnervmmprz5 zainod-0.10.1[2979]:     at packages/zaino-chain-store-zainodb/src/store/finalised_source/v1/write_core.rs:636
1791662001.187230 runnervmmprz5 zainod-0.10.1[2979]:   19:53:21.187  INFO zaino_chain_store_zainodb::store::finalised_source::v1::write_core: write_blocks_to_height: syncing, current: 3607280, target: 4381896, zebra_network: Testnet
1791662001.187230 runnervmmprz5 zainod-0.10.1[2979]:     at packages/zaino-chain-store-zainodb/src/store/finalised_source/v1/write_core.rs:184
1791662003.740754 runnervmmprz5 zainod-0.10.1[2979]:   19:53:23.740  INFO zaino_serve::rpc::grpc::service: [TEST] received call, method: "get_lightd_info"
1791662003.740754 runnervmmprz5 zainod-0.10.1[2979]:     at packages/zaino-serve/src/rpc/grpc/service.rs:161
1791662003.744343 runnervmmprz5 zainod-0.10.1[2979]:   19:53:23.744  INFO zaino_serve::rpc::grpc::service: [TEST] received call, method: "get_block"
1791662003.744343 runnervmmprz5 zainod-0.10.1[2979]:     at packages/zaino-serve/src/rpc/grpc/service.rs:161
1791662003.745082 runnervmmprz5 zainod-0.10.1[2979]:   19:53:23.745  INFO zaino_serve::rpc::grpc::service: [TEST] received call, method: "get_block"
1791662003.745082 runnervmmprz5 zainod-0.10.1[2979]:     at packages/zaino-serve/src/rpc/grpc/service.rs:161
1791662004.156780 runnervmmprz5 zainod-0.10.1[2979]:   19:53:24.156  INFO zainodlib::indexer: Zaino status check, chain_state: Ready, fs_mode: ephemeral(syncing), json_rpc: Ready, grpc: Ready
1791662004.156780 runnervmmprz5 zainod-0.10.1[2979]:     at packages/zainod/src/indexer.rs:333
1791662008.746621 runnervmmprz5 zainod-0.10.1[2979]:   19:53:28.746  INFO zaino_serve::rpc::grpc::service: [TEST] received call, method: "get_lightd_info"
1791662008.746621 runnervmmprz5 zainod-0.10.1[2979]:     at packages/zaino-serve/src/rpc/grpc/service.rs:161
1791662008.751315 runnervmmprz5 zainod-0.10.1[2979]:   19:53:28.751  INFO zaino_serve::rpc::grpc::service: [TEST] received call, method: "get_block"
1791662008.751315 runnervmmprz5 zainod-0.10.1[2979]:     at packages/zaino-serve/src/rpc/grpc/service.rs:161
1791662008.752120 runnervmmprz5 zainod-0.10.1[2979]:   19:53:28.752  INFO zaino_serve::rpc::grpc::service: [TEST] received call, method: "get_block"
1791662008.752120 runnervmmprz5 zainod-0.10.1[2979]:     at packages/zaino-serve/src/rpc/grpc/service.rs:161
1791662011.187591 runnervmmprz5 zainod-0.10.1[2979]:   19:53:31.187  INFO zaino_chain_store_zainodb::store::finalised_source::v1::write_core: write_blocks_to_height: syncing, current: 3623456, target: 4381896, zebra_network: Testnet
1791662011.187591 runnervmmprz5 zainod-0.10.1[2979]:     at packages/zaino-chain-store-zainodb/src/store/finalised_source/v1/write_core.rs:184
1791662013.746222 runnervmmprz5 zainod-0.10.1[2979]:   19:53:33.746  INFO zaino_serve::rpc::grpc::service: [TEST] received call, method: "get_lightd_info"
1791662013.746222 runnervmmprz5 zainod-0.10.1[2979]:     at packages/zaino-serve/src/rpc/grpc/service.rs:161
1791662013.751124 runnervmmprz5 zainod-0.10.1[2979]:   19:53:33.751  INFO zaino_serve::rpc::grpc::service: [TEST] received call, method: "get_block"
1791662013.751124 runnervmmprz5 zainod-0.10.1[2979]:     at packages/zaino-serve/src/rpc/grpc/service.rs:161
1791662013.751881 runnervmmprz5 zainod-0.10.1[2979]:   19:53:33.751  INFO zaino_serve::rpc::grpc::service: [TEST] received call, method: "get_block"
1791662013.751881 runnervmmprz5 zainod-0.10.1[2979]:     at packages/zaino-serve/src/rpc/grpc/service.rs:161
1791662014.256855 runnervmmprz5 zainod-0.10.1[2979]:   19:53:34.256  INFO zainodlib::indexer: Zaino status check, chain_state: Ready, fs_mode: ephemeral(syncing), json_rpc: Ready, grpc: Ready
1791662014.256855 runnervmmprz5 zainod-0.10.1[2979]:     at packages/zainod/src/indexer.rs:333
1791662018.748238 runnervmmprz5 zainod-0.10.1[2979]:   19:53:38.748  INFO zaino_serve::rpc::grpc::service: [TEST] received call, method: "get_lightd_info"
1791662018.748238 runnervmmprz5 zainod-0.10.1[2979]:     at packages/zaino-serve/src/rpc/grpc/service.rs:161
1791662018.751729 runnervmmprz5 zainod-0.10.1[2979]:   19:53:38.751  INFO zaino_serve::rpc::grpc::service: [TEST] received call, method: "get_block"
1791662018.751729 runnervmmprz5 zainod-0.10.1[2979]:     at packages/zaino-serve/src/rpc/grpc/service.rs:161
1791662018.752525 runnervmmprz5 zainod-0.10.1[2979]:   19:53:38.752  INFO zaino_serve::rpc::grpc::service: [TEST] received call, method: "get_block"
1791662018.752525 runnervmmprz5 zainod-0.10.1[2979]:     at packages/zaino-serve/src/rpc/grpc/service.rs:161
1791662021.187679 runnervmmprz5 zainod-0.10.1[2979]:   19:53:41.187  INFO zaino_chain_store_zainodb::store::finalised_source::v1::write_core: write_blocks_to_height: syncing, current: 3666500, target: 4381896, zebra_network: Testnet
1791662021.187679 runnervmmprz5 zainod-0.10.1[2979]:     at packages/zaino-chain-store-zainodb/src/store/finalised_source/v1/write_core.rs:184
1791662023.745321 runnervmmprz5 zainod-0.10.1[2979]:   19:53:43.745  INFO zaino_serve::rpc::grpc::service: [TEST] received call, method: "get_lightd_info"
1791662023.745321 runnervmmprz5 zainod-0.10.1[2979]:     at packages/zaino-serve/src/rpc/grpc/service.rs:161
1791662023.750428 runnervmmprz5 zainod-0.10.1[2979]:   19:53:43.750  INFO zaino_serve::rpc::grpc::service: [TEST] received call, method: "get_block"
1791662023.750428 runnervmmprz5 zainod-0.10.1[2979]:     at packages/zaino-serve/src/rpc/grpc/service.rs:161
1791662023.751784 runnervmmprz5 zainod-0.10.1[2979]:   19:53:43.751  INFO zaino_serve::rpc::grpc::service: [TEST] received call, method: "get_block"
1791662023.751784 runnervmmprz5 zainod-0.10.1[2979]:     at packages/zaino-serve/src/rpc/grpc/service.rs:161
1791662024.356968 runnervmmprz5 zainod-0.10.1[2979]:   19:53:44.356  INFO zainodlib::indexer: Zaino status check, chain_state: Ready, fs_mode: ephemeral(syncing), json_rpc: Ready, grpc: Ready
1791662024.356968 runnervmmprz5 zainod-0.10.1[2979]:     at packages/zainod/src/indexer.rs:333
1791662028.749913 runnervmmprz5 zainod-0.10.1[2979]:   19:53:48.749  INFO zaino_serve::rpc::grpc::service: [TEST] received call, method: "get_lightd_info"
1791662028.749913 runnervmmprz5 zainod-0.10.1[2979]:     at packages/zaino-serve/src/rpc/grpc/service.rs:161
1791662028.754446 runnervmmprz5 zainod-0.10.1[2979]:   19:53:48.754  INFO zaino_serve::rpc::grpc::service: [TEST] received call, method: "get_block"
1791662028.754446 runnervmmprz5 zainod-0.10.1[2979]:     at packages/zaino-serve/src/rpc/grpc/service.rs:161
1791662028.755261 runnervmmprz5 zainod-0.10.1[2979]:   19:53:48.755  INFO zaino_serve::rpc::grpc::service: [TEST] received call, method: "get_block"
1791662028.755261 runnervmmprz5 zainod-0.10.1[2979]:     at packages/zaino-serve/src/rpc/grpc/service.rs:161
1791662029.486138 runnervmmprz5 zainod-0.10.1[2979]:   19:53:49.486  INFO zaino_chain_store_zainodb::store::finalised_source::v1::write_core: write_blocks_to_height: committed batch, height: 3599999, blocks: 100000
1791662029.486138 runnervmmprz5 zainod-0.10.1[2979]:     at packages/zaino-chain-store-zainodb/src/store/finalised_source/v1/write_core.rs:636
1791662031.188803 runnervmmprz5 zainod-0.10.1[2979]:   19:53:51.188  INFO zaino_chain_store_zainodb::store::finalised_source::v1::write_core: write_blocks_to_height: syncing, current: 3706215, target: 4381896, zebra_network: Testnet
1791662031.188803 runnervmmprz5 zainod-0.10.1[2979]:     at packages/zaino-chain-store-zainodb/src/store/finalised_source/v1/write_core.rs:184
1791662033.748655 runnervmmprz5 zainod-0.10.1[2979]:   19:53:53.748  INFO zaino_serve::rpc::grpc::service: [TEST] received call, method: "get_lightd_info"
1791662033.748655 runnervmmprz5 zainod-0.10.1[2979]:     at packages/zaino-serve/src/rpc/grpc/service.rs:161
1791662033.786083 runnervmmprz5 zainod-0.10.1[2979]:   19:53:53.752  INFO zaino_serve::rpc::grpc::service: [TEST] received call, method: "get_block"
1791662033.786083 runnervmmprz5 zainod-0.10.1[2979]:     at packages/zaino-serve/src/rpc/grpc/service.rs:161
1791662033.786083 runnervmmprz5 zainod-0.10.1[2979]:   19:53:53.752  INFO zaino_serve::rpc::grpc::service: [TEST] received call, method: "get_block"
1791662033.786083 runnervmmprz5 zainod-0.10.1[2979]:     at packages/zaino-serve/src/rpc/grpc/service.rs:161
1791662034.456601 runnervmmprz5 zainod-0.10.1[2979]:   19:53:54.456  INFO zainodlib::indexer: Zaino status check, chain_state: Ready, fs_mode: ephemeral(syncing), json_rpc: Ready, grpc: Ready
1791662034.456601 runnervmmprz5 zainod-0.10.1[2979]:     at packages/zainod/src/indexer.rs:333
1791662039.927393 runnervmmprz5 zainod-0.10.1[2979]:   19:53:59.927  INFO zaino_serve::rpc::grpc::service: [TEST] received call, method: "get_lightd_info"
1791662039.927393 runnervmmprz5 zainod-0.10.1[2979]:     at packages/zaino-serve/src/rpc/grpc/service.rs:161
1791662039.932201 runnervmmprz5 zainod-0.10.1[2979]:   19:53:59.932  INFO zaino_serve::rpc::grpc::service: [TEST] received call, method: "get_block"
1791662039.932201 runnervmmprz5 zainod-0.10.1[2979]:     at packages/zaino-serve/src/rpc/grpc/service.rs:161
1791662039.932956 runnervmmprz5 zainod-0.10.1[2979]:   19:53:59.932  INFO zaino_serve::rpc::grpc::service: [TEST] received call, method: "get_block"
1791662039.932956 runnervmmprz5 zainod-0.10.1[2979]:     at packages/zaino-serve/src/rpc/grpc/service.rs:161
1791662041.189027 runnervmmprz5 zainod-0.10.1[2979]:   19:54:01.188  INFO zaino_chain_store_zainodb::store::finalised_source::v1::write_core: write_blocks_to_height: syncing, current: 3716505, target: 4381896, zebra_network: Testnet
1791662041.189027 runnervmmprz5 zainod-0.10.1[2979]:     at packages/zaino-chain-store-zainodb/src/store/finalised_source/v1/write_core.rs:184
1791662043.948584 runnervmmprz5 zainod-0.10.1[2979]:   19:54:03.948  INFO zaino_serve::rpc::grpc::service: [TEST] received call, method: "get_lightd_info"
1791662043.948584 runnervmmprz5 zainod-0.10.1[2979]:     at packages/zaino-serve/src/rpc/grpc/service.rs:161
1791662043.952857 runnervmmprz5 zainod-0.10.1[2979]:   19:54:03.952  INFO zaino_serve::rpc::grpc::service: [TEST] received call, method: "get_block"
1791662043.952857 runnervmmprz5 zainod-0.10.1[2979]:     at packages/zaino-serve/src/rpc/grpc/service.rs:161
1791662043.953630 runnervmmprz5 zainod-0.10.1[2979]:   19:54:03.953  INFO zaino_serve::rpc::grpc::service: [TEST] received call, method: "get_block"
1791662043.953630 runnervmmprz5 zainod-0.10.1[2979]:     at packages/zaino-serve/src/rpc/grpc/service.rs:161
1791662044.456802 runnervmmprz5 zainod-0.10.1[2979]:   19:54:04.456  INFO zainodlib::indexer: Zaino status check, chain_state: Ready, fs_mode: ephemeral(syncing), json_rpc: Ready, grpc: Ready
1791662044.456802 runnervmmprz5 zainod-0.10.1[2979]:     at packages/zainod/src/indexer.rs:333
1791662048.951347 runnervmmprz5 zainod-0.10.1[2979]:   19:54:08.951  INFO zaino_serve::rpc::grpc::service: [TEST] received call, method: "get_lightd_info"
1791662048.951347 runnervmmprz5 zainod-0.10.1[2979]:     at packages/zaino-serve/src/rpc/grpc/service.rs:161
1791662048.955896 runnervmmprz5 zainod-0.10.1[2979]:   19:54:08.955  INFO zaino_serve::rpc::grpc::service: [TEST] received call, method: "get_block"
1791662048.955896 runnervmmprz5 zainod-0.10.1[2979]:     at packages/zaino-serve/src/rpc/grpc/service.rs:161
1791662048.957167 runnervmmprz5 zainod-0.10.1[2979]:   19:54:08.957  INFO zaino_serve::rpc::grpc::service: [TEST] received call, method: "get_block"
1791662048.957167 runnervmmprz5 zainod-0.10.1[2979]:     at packages/zaino-serve/src/rpc/grpc/service.rs:161
1791662051.189391 runnervmmprz5 zainod-0.10.1[2979]:   19:54:11.189  INFO zaino_chain_store_zainodb::store::finalised_source::v1::write_core: write_blocks_to_height: syncing, current: 3749325, target: 4381896, zebra_network: Testnet
1791662051.189391 runnervmmprz5 zainod-0.10.1[2979]:     at packages/zaino-chain-store-zainodb/src/store/finalised_source/v1/write_core.rs:184
1791662053.951519 runnervmmprz5 zainod-0.10.1[2979]:   19:54:13.951  INFO zaino_serve::rpc::grpc::service: [TEST] received call, method: "get_lightd_info"
1791662053.951519 runnervmmprz5 zainod-0.10.1[2979]:     at packages/zaino-serve/src/rpc/grpc/service.rs:161
1791662053.956756 runnervmmprz5 zainod-0.10.1[2979]:   19:54:13.956  INFO zaino_serve::rpc::grpc::service: [TEST] received call, method: "get_block"
1791662053.956756 runnervmmprz5 zainod-0.10.1[2979]:     at packages/zaino-serve/src/rpc/grpc/service.rs:161
1791662053.957916 runnervmmprz5 zainod-0.10.1[2979]:   19:54:13.957  INFO zaino_serve::rpc::grpc::service: [TEST] received call, method: "get_block"
1791662053.957916 runnervmmprz5 zainod-0.10.1[2979]:     at packages/zaino-serve/src/rpc/grpc/service.rs:161
1791662054.557107 runnervmmprz5 zainod-0.10.1[2979]:   19:54:14.557  INFO zainodlib::indexer: Zaino status check, chain_state: Ready, fs_mode: ephemeral(syncing), json_rpc: Ready, grpc: Ready
1791662054.557107 runnervmmprz5 zainod-0.10.1[2979]:     at packages/zainod/src/indexer.rs:333
1791662058.954459 runnervmmprz5 zainod-0.10.1[2979]:   19:54:18.954  INFO zaino_serve::rpc::grpc::service: [TEST] received call, method: "get_lightd_info"
1791662058.954459 runnervmmprz5 zainod-0.10.1[2979]:     at packages/zaino-serve/src/rpc/grpc/service.rs:161
1791662058.959485 runnervmmprz5 zainod-0.10.1[2979]:   19:54:18.959  INFO zaino_serve::rpc::grpc::service: [TEST] received call, method: "get_block"
1791662058.959485 runnervmmprz5 zainod-0.10.1[2979]:     at packages/zaino-serve/src/rpc/grpc/service.rs:161
1791662058.960453 runnervmmprz5 zainod-0.10.1[2979]:   19:54:18.960  INFO zaino_serve::rpc::grpc::service: [TEST] received call, method: "get_block"
1791662058.960453 runnervmmprz5 zainod-0.10.1[2979]:     at packages/zaino-serve/src/rpc/grpc/service.rs:161
1791662061.190154 runnervmmprz5 zainod-0.10.1[2979]:   19:54:21.190  INFO zaino_chain_store_zainodb::store::finalised_source::v1::write_core: write_blocks_to_height: syncing, current: 3786204, target: 4381896, zebra_network: Testnet
1791662061.190154 runnervmmprz5 zainod-0.10.1[2979]:     at packages/zaino-chain-store-zainodb/src/store/finalised_source/v1/write_core.rs:184
1791662063.950958 runnervmmprz5 zainod-0.10.1[2979]:   19:54:23.950  INFO zaino_serve::rpc::grpc::service: [TEST] received call, method: "get_lightd_info"
1791662063.950958 runnervmmprz5 zainod-0.10.1[2979]:     at packages/zaino-serve/src/rpc/grpc/service.rs:161
1791662063.956369 runnervmmprz5 zainod-0.10.1[2979]:   19:54:23.956  INFO zaino_serve::rpc::grpc::service: [TEST] received call, method: "get_block"
1791662063.956369 runnervmmprz5 zainod-0.10.1[2979]:     at packages/zaino-serve/src/rpc/grpc/service.rs:161
1791662063.957368 runnervmmprz5 zainod-0.10.1[2979]:   19:54:23.957  INFO zaino_serve::rpc::grpc::service: [TEST] received call, method: "get_block"
1791662063.957368 runnervmmprz5 zainod-0.10.1[2979]:     at packages/zaino-serve/src/rpc/grpc/service.rs:161
1791662064.220256 runnervmmprz5 zainod-0.10.1[2979]:   19:54:24.220  INFO zaino_chain_store_zainodb::store::finalised_source::v1::write_core: write_blocks_to_height: committed batch, height: 3699999, blocks: 100000
1791662064.220256 runnervmmprz5 zainod-0.10.1[2979]:     at packages/zaino-chain-store-zainodb/src/store/finalised_source/v1/write_core.rs:636
1791662064.656413 runnervmmprz5 zainod-0.10.1[2979]:   19:54:24.656  INFO zainodlib::indexer: Zaino status check, chain_state: Ready, fs_mode: ephemeral(syncing), json_rpc: Ready, grpc: Ready
1791662064.656413 runnervmmprz5 zainod-0.10.1[2979]:     at packages/zainod/src/indexer.rs:333
1791662068.951928 runnervmmprz5 zainod-0.10.1[2979]:   19:54:28.951  INFO zaino_serve::rpc::grpc::service: [TEST] received call, method: "get_lightd_info"
1791662068.951928 runnervmmprz5 zainod-0.10.1[2979]:     at packages/zaino-serve/src/rpc/grpc/service.rs:161
1791662068.955385 runnervmmprz5 zainod-0.10.1[2979]:   19:54:28.955  INFO zaino_serve::rpc::grpc::service: [TEST] received call, method: "get_block"
1791662068.955385 runnervmmprz5 zainod-0.10.1[2979]:     at packages/zaino-serve/src/rpc/grpc/service.rs:161
1791662068.956082 runnervmmprz5 zainod-0.10.1[2979]:   19:54:28.956  INFO zaino_serve::rpc::grpc::service: [TEST] received call, method: "get_block"
1791662068.956082 runnervmmprz5 zainod-0.10.1[2979]:     at packages/zaino-serve/src/rpc/grpc/service.rs:161
1791662071.190650 runnervmmprz5 zainod-0.10.1[2979]:   19:54:31.190  INFO zaino_chain_store_zainodb::store::finalised_source::v1::write_core: write_blocks_to_height: syncing, current: 3813616, target: 4381896, zebra_network: Testnet
1791662071.190650 runnervmmprz5 zainod-0.10.1[2979]:     at packages/zaino-chain-store-zainodb/src/store/finalised_source/v1/write_core.rs:184
1791662073.953361 runnervmmprz5 zainod-0.10.1[2979]:   19:54:33.953  INFO zaino_serve::rpc::grpc::service: [TEST] received call, method: "get_lightd_info"
1791662073.953361 runnervmmprz5 zainod-0.10.1[2979]:     at packages/zaino-serve/src/rpc/grpc/service.rs:161
1791662073.958119 runnervmmprz5 zainod-0.10.1[2979]:   19:54:33.958  INFO zaino_serve::rpc::grpc::service: [TEST] received call, method: "get_block"
1791662073.958119 runnervmmprz5 zainod-0.10.1[2979]:     at packages/zaino-serve/src/rpc/grpc/service.rs:161
1791662073.959105 runnervmmprz5 zainod-0.10.1[2979]:   19:54:33.959  INFO zaino_serve::rpc::grpc::service: [TEST] received call, method: "get_block"
1791662073.959105 runnervmmprz5 zainod-0.10.1[2979]:     at packages/zaino-serve/src/rpc/grpc/service.rs:161
1791662074.657060 runnervmmprz5 zainod-0.10.1[2979]:   19:54:34.657  INFO zainodlib::indexer: Zaino status check, chain_state: Ready, fs_mode: ephemeral(syncing), json_rpc: Ready, grpc: Ready
1791662074.657060 runnervmmprz5 zainod-0.10.1[2979]:     at packages/zainod/src/indexer.rs:333
1791662078.952441 runnervmmprz5 zainod-0.10.1[2979]:   19:54:38.952  INFO zaino_serve::rpc::grpc::service: [TEST] received call, method: "get_lightd_info"
1791662078.952441 runnervmmprz5 zainod-0.10.1[2979]:     at packages/zaino-serve/src/rpc/grpc/service.rs:161
1791662078.956249 runnervmmprz5 zainod-0.10.1[2979]:   19:54:38.956  INFO zaino_serve::rpc::grpc::service: [TEST] received call, method: "get_block"
1791662078.956249 runnervmmprz5 zainod-0.10.1[2979]:     at packages/zaino-serve/src/rpc/grpc/service.rs:161
1791662078.957127 runnervmmprz5 zainod-0.10.1[2979]:   19:54:38.957  INFO zaino_serve::rpc::grpc::service: [TEST] received call, method: "get_block"
1791662078.957127 runnervmmprz5 zainod-0.10.1[2979]:     at packages/zaino-serve/src/rpc/grpc/service.rs:161
1791662081.248650 runnervmmprz5 zainod-0.10.1[2979]:   19:54:41.248  INFO zaino_chain_store_zainodb::store::finalised_source::v1::write_core: write_blocks_to_height: syncing, current: 3843328, target: 4381896, zebra_network: Testnet
1791662081.248650 runnervmmprz5 zainod-0.10.1[2979]:     at packages/zaino-chain-store-zainodb/src/store/finalised_source/v1/write_core.rs:184
1791662083.954900 runnervmmprz5 zainod-0.10.1[2979]:   19:54:43.954  INFO zaino_serve::rpc::grpc::service: [TEST] received call, method: "get_lightd_info"
1791662083.954900 runnervmmprz5 zainod-0.10.1[2979]:     at packages/zaino-serve/src/rpc/grpc/service.rs:161
1791662083.959995 runnervmmprz5 zainod-0.10.1[2979]:   19:54:43.959  INFO zaino_serve::rpc::grpc::service: [TEST] received call, method: "get_block"
1791662083.959995 runnervmmprz5 zainod-0.10.1[2979]:     at packages/zaino-serve/src/rpc/grpc/service.rs:161
1791662083.961076 runnervmmprz5 zainod-0.10.1[2979]:   19:54:43.960  INFO zaino_serve::rpc::grpc::service: [TEST] received call, method: "get_block"
1791662083.961076 runnervmmprz5 zainod-0.10.1[2979]:     at packages/zaino-serve/src/rpc/grpc/service.rs:161
1791662084.756915 runnervmmprz5 zainod-0.10.1[2979]:   19:54:44.756  INFO zainodlib::indexer: Zaino status check, chain_state: Ready, fs_mode: ephemeral(syncing), json_rpc: Ready, grpc: Ready
1791662084.756915 runnervmmprz5 zainod-0.10.1[2979]:     at packages/zainod/src/indexer.rs:333
1791662088.954977 runnervmmprz5 zainod-0.10.1[2979]:   19:54:48.954  INFO zaino_serve::rpc::grpc::service: [TEST] received call, method: "get_lightd_info"
1791662088.954977 runnervmmprz5 zainod-0.10.1[2979]:     at packages/zaino-serve/src/rpc/grpc/service.rs:161
1791662088.959395 runnervmmprz5 zainod-0.10.1[2979]:   19:54:48.959  INFO zaino_serve::rpc::grpc::service: [TEST] received call, method: "get_block"
1791662088.959395 runnervmmprz5 zainod-0.10.1[2979]:     at packages/zaino-serve/src/rpc/grpc/service.rs:161
1791662088.960120 runnervmmprz5 zainod-0.10.1[2979]:   19:54:48.960  INFO zaino_serve::rpc::grpc::service: [TEST] received call, method: "get_block"
1791662088.960120 runnervmmprz5 zainod-0.10.1[2979]:     at packages/zaino-serve/src/rpc/grpc/service.rs:161
1791662091.250263 runnervmmprz5 zainod-0.10.1[2979]:   19:54:51.250  INFO zaino_chain_store_zainodb::store::finalised_source::v1::write_core: write_blocks_to_height: syncing, current: 3879826, target: 4381896, zebra_network: Testnet
1791662091.250263 runnervmmprz5 zainod-0.10.1[2979]:     at packages/zaino-chain-store-zainodb/src/store/finalised_source/v1/write_core.rs:184
1791662093.953965 runnervmmprz5 zainod-0.10.1[2979]:   19:54:53.953  INFO zaino_serve::rpc::grpc::service: [TEST] received call, method: "get_lightd_info"
1791662093.953965 runnervmmprz5 zainod-0.10.1[2979]:     at packages/zaino-serve/src/rpc/grpc/service.rs:161
1791662093.958661 runnervmmprz5 zainod-0.10.1[2979]:   19:54:53.958  INFO zaino_serve::rpc::grpc::service: [TEST] received call, method: "get_block"
1791662093.958661 runnervmmprz5 zainod-0.10.1[2979]:     at packages/zaino-serve/src/rpc/grpc/service.rs:161
1791662093.960013 runnervmmprz5 zainod-0.10.1[2979]:   19:54:53.959  INFO zaino_serve::rpc::grpc::service: [TEST] received call, method: "get_block"
1791662093.960013 runnervmmprz5 zainod-0.10.1[2979]:     at packages/zaino-serve/src/rpc/grpc/service.rs:161
1791662094.856900 runnervmmprz5 zainod-0.10.1[2979]:   19:54:54.856  INFO zainodlib::indexer: Zaino status check, chain_state: Ready, fs_mode: ephemeral(syncing), json_rpc: Ready, grpc: Ready
1791662094.856900 runnervmmprz5 zainod-0.10.1[2979]:     at packages/zainod/src/indexer.rs:333
1791662096.630043 runnervmmprz5 zainod-0.10.1[2979]:   19:54:56.629  INFO zaino_chain_store_zainodb::store::finalised_source::v1::write_core: write_blocks_to_height: committed batch, height: 3799999, blocks: 100000
1791662096.630043 runnervmmprz5 zainod-0.10.1[2979]:     at packages/zaino-chain-store-zainodb/src/store/finalised_source/v1/write_core.rs:636
1791662098.959694 runnervmmprz5 zainod-0.10.1[2979]:   19:54:58.959  INFO zaino_serve::rpc::grpc::service: [TEST] received call, method: "get_lightd_info"
1791662098.959694 runnervmmprz5 zainod-0.10.1[2979]:     at packages/zaino-serve/src/rpc/grpc/service.rs:161
1791662098.964514 runnervmmprz5 zainod-0.10.1[2979]:   19:54:58.964  INFO zaino_serve::rpc::grpc::service: [TEST] received call, method: "get_block"
1791662098.964514 runnervmmprz5 zainod-0.10.1[2979]:     at packages/zaino-serve/src/rpc/grpc/service.rs:161
1791662098.965301 runnervmmprz5 zainod-0.10.1[2979]:   19:54:58.965  INFO zaino_serve::rpc::grpc::service: [TEST] received call, method: "get_block"
1791662098.965301 runnervmmprz5 zainod-0.10.1[2979]:     at packages/zaino-serve/src/rpc/grpc/service.rs:161
1791662101.291986 runnervmmprz5 zainod-0.10.1[2979]:   19:55:01.291  INFO zaino_chain_store_zainodb::store::finalised_source::v1::write_core: write_blocks_to_height: syncing, current: 3911870, target: 4381896, zebra_network: Testnet
1791662101.291986 runnervmmprz5 zainod-0.10.1[2979]:     at packages/zaino-chain-store-zainodb/src/store/finalised_source/v1/write_core.rs:184
1791662103.950835 runnervmmprz5 zainod-0.10.1[2979]:   19:55:03.950  INFO zaino_serve::rpc::grpc::service: [TEST] received call, method: "get_lightd_info"
1791662103.950835 runnervmmprz5 zainod-0.10.1[2979]:     at packages/zaino-serve/src/rpc/grpc/service.rs:161
1791662103.954222 runnervmmprz5 zainod-0.10.1[2979]:   19:55:03.954  INFO zaino_serve::rpc::grpc::service: [TEST] received call, method: "get_block"
1791662103.954222 runnervmmprz5 zainod-0.10.1[2979]:     at packages/zaino-serve/src/rpc/grpc/service.rs:161
1791662103.954912 runnervmmprz5 zainod-0.10.1[2979]:   19:55:03.954  INFO zaino_serve::rpc::grpc::service: [TEST] received call, method: "get_block"
1791662103.954912 runnervmmprz5 zainod-0.10.1[2979]:     at packages/zaino-serve/src/rpc/grpc/service.rs:161
1791662104.957010 runnervmmprz5 zainod-0.10.1[2979]:   19:55:04.956  INFO zainodlib::indexer: Zaino status check, chain_state: Ready, fs_mode: ephemeral(syncing), json_rpc: Ready, grpc: Ready
1791662104.957010 runnervmmprz5 zainod-0.10.1[2979]:     at packages/zainod/src/indexer.rs:333
1791662110.704615 runnervmmprz5 zainod-0.10.1[2979]:   19:55:10.704  INFO zaino_serve::rpc::grpc::service: [TEST] received call, method: "get_lightd_info"
1791662110.704615 runnervmmprz5 zainod-0.10.1[2979]:     at packages/zaino-serve/src/rpc/grpc/service.rs:161
1791662110.709446 runnervmmprz5 zainod-0.10.1[2979]:   19:55:10.709  INFO zaino_serve::rpc::grpc::service: [TEST] received call, method: "get_block"
1791662110.709446 runnervmmprz5 zainod-0.10.1[2979]:     at packages/zaino-serve/src/rpc/grpc/service.rs:161
1791662110.710334 runnervmmprz5 zainod-0.10.1[2979]:   19:55:10.710  INFO zaino_serve::rpc::grpc::service: [TEST] received call, method: "get_block"
1791662110.710334 runnervmmprz5 zainod-0.10.1[2979]:     at packages/zaino-serve/src/rpc/grpc/service.rs:161
1791662111.292380 runnervmmprz5 zainod-0.10.1[2979]:   19:55:11.292  INFO zaino_chain_store_zainodb::store::finalised_source::v1::write_core: write_blocks_to_height: syncing, current: 3929705, target: 4381896, zebra_network: Testnet
1791662111.292380 runnervmmprz5 zainod-0.10.1[2979]:     at packages/zaino-chain-store-zainodb/src/store/finalised_source/v1/write_core.rs:184
1791662114.727450 runnervmmprz5 zainod-0.10.1[2979]:   19:55:14.727  INFO zaino_serve::rpc::grpc::service: [TEST] received call, method: "get_lightd_info"
1791662114.727450 runnervmmprz5 zainod-0.10.1[2979]:     at packages/zaino-serve/src/rpc/grpc/service.rs:161
1791662114.732660 runnervmmprz5 zainod-0.10.1[2979]:   19:55:14.732  INFO zaino_serve::rpc::grpc::service: [TEST] received call, method: "get_block"
1791662114.732660 runnervmmprz5 zainod-0.10.1[2979]:     at packages/zaino-serve/src/rpc/grpc/service.rs:161
1791662114.733601 runnervmmprz5 zainod-0.10.1[2979]:   19:55:14.733  INFO zaino_serve::rpc::grpc::service: [TEST] received call, method: "get_block"
1791662114.733601 runnervmmprz5 zainod-0.10.1[2979]:     at packages/zaino-serve/src/rpc/grpc/service.rs:161
1791662115.057085 runnervmmprz5 zainod-0.10.1[2979]:   19:55:15.057  INFO zainodlib::indexer: Zaino status check, chain_state: Ready, fs_mode: ephemeral(syncing), json_rpc: Ready, grpc: Ready
1791662115.057085 runnervmmprz5 zainod-0.10.1[2979]:     at packages/zainod/src/indexer.rs:333
1791662119.729366 runnervmmprz5 zainod-0.10.1[2979]:   19:55:19.729  INFO zaino_serve::rpc::grpc::service: [TEST] received call, method: "get_lightd_info"
1791662119.729366 runnervmmprz5 zainod-0.10.1[2979]:     at packages/zaino-serve/src/rpc/grpc/service.rs:161
1791662119.733844 runnervmmprz5 zainod-0.10.1[2979]:   19:55:19.733  INFO zaino_serve::rpc::grpc::service: [TEST] received call, method: "get_block"
1791662119.733844 runnervmmprz5 zainod-0.10.1[2979]:     at packages/zaino-serve/src/rpc/grpc/service.rs:161
1791662119.734562 runnervmmprz5 zainod-0.10.1[2979]:   19:55:19.734  INFO zaino_serve::rpc::grpc::service: [TEST] received call, method: "get_block"
1791662119.734562 runnervmmprz5 zainod-0.10.1[2979]:     at packages/zaino-serve/src/rpc/grpc/service.rs:161
1791662121.293186 runnervmmprz5 zainod-0.10.1[2979]:   19:55:21.293  INFO zaino_chain_store_zainodb::store::finalised_source::v1::write_core: write_blocks_to_height: syncing, current: 3971396, target: 4381896, zebra_network: Testnet
1791662121.293186 runnervmmprz5 zainod-0.10.1[2979]:     at packages/zaino-chain-store-zainodb/src/store/finalised_source/v1/write_core.rs:184
1791662124.727576 runnervmmprz5 zainod-0.10.1[2979]:   19:55:24.727  INFO zaino_serve::rpc::grpc::service: [TEST] received call, method: "get_lightd_info"
1791662124.727576 runnervmmprz5 zainod-0.10.1[2979]:     at packages/zaino-serve/src/rpc/grpc/service.rs:161
1791662124.732444 runnervmmprz5 zainod-0.10.1[2979]:   19:55:24.732  INFO zaino_serve::rpc::grpc::service: [TEST] received call, method: "get_block"
1791662124.732444 runnervmmprz5 zainod-0.10.1[2979]:     at packages/zaino-serve/src/rpc/grpc/service.rs:161
1791662124.733162 runnervmmprz5 zainod-0.10.1[2979]:   19:55:24.733  INFO zaino_serve::rpc::grpc::service: [TEST] received call, method: "get_block"
1791662124.733162 runnervmmprz5 zainod-0.10.1[2979]:     at packages/zaino-serve/src/rpc/grpc/service.rs:161
1791662125.156318 runnervmmprz5 zainod-0.10.1[2979]:   19:55:25.156  INFO zainodlib::indexer: Zaino status check, chain_state: Ready, fs_mode: ephemeral(syncing), json_rpc: Ready, grpc: Ready
1791662125.156318 runnervmmprz5 zainod-0.10.1[2979]:     at packages/zainod/src/indexer.rs:333
1791662128.095520 runnervmmprz5 zainod-0.10.1[2979]:   19:55:28.095  INFO zaino_chain_store_zainodb::store::finalised_source::v1::write_core: write_blocks_to_height: committed batch, height: 3899999, blocks: 100000
1791662128.095520 runnervmmprz5 zainod-0.10.1[2979]:     at packages/zaino-chain-store-zainodb/src/store/finalised_source/v1/write_core.rs:636
1791662129.734756 runnervmmprz5 zainod-0.10.1[2979]:   19:55:29.734  INFO zaino_serve::rpc::grpc::service: [TEST] received call, method: "get_lightd_info"
1791662129.734756 runnervmmprz5 zainod-0.10.1[2979]:     at packages/zaino-serve/src/rpc/grpc/service.rs:161
1791662129.740194 runnervmmprz5 zainod-0.10.1[2979]:   19:55:29.740  INFO zaino_serve::rpc::grpc::service: [TEST] received call, method: "get_block"
1791662129.740194 runnervmmprz5 zainod-0.10.1[2979]:     at packages/zaino-serve/src/rpc/grpc/service.rs:161
1791662129.741275 runnervmmprz5 zainod-0.10.1[2979]:   19:55:29.741  INFO zaino_serve::rpc::grpc::service: [TEST] received call, method: "get_block"
1791662129.741275 runnervmmprz5 zainod-0.10.1[2979]:     at packages/zaino-serve/src/rpc/grpc/service.rs:161
1791662131.294689 runnervmmprz5 zainod-0.10.1[2979]:   19:55:31.294  INFO zaino_chain_store_zainodb::store::finalised_source::v1::write_core: write_blocks_to_height: syncing, current: 4010148, target: 4381896, zebra_network: Testnet
1791662131.294689 runnervmmprz5 zainod-0.10.1[2979]:     at packages/zaino-chain-store-zainodb/src/store/finalised_source/v1/write_core.rs:184
1791662134.724741 runnervmmprz5 zainod-0.10.1[2979]:   19:55:34.724  INFO zaino_serve::rpc::grpc::service: [TEST] received call, method: "get_lightd_info"
1791662134.724741 runnervmmprz5 zainod-0.10.1[2979]:     at packages/zaino-serve/src/rpc/grpc/service.rs:161
1791662134.728458 runnervmmprz5 zainod-0.10.1[2979]:   19:55:34.728  INFO zaino_serve::rpc::grpc::service: [TEST] received call, method: "get_block"
1791662134.728458 runnervmmprz5 zainod-0.10.1[2979]:     at packages/zaino-serve/src/rpc/grpc/service.rs:161
1791662134.729156 runnervmmprz5 zainod-0.10.1[2979]:   19:55:34.729  INFO zaino_serve::rpc::grpc::service: [TEST] received call, method: "get_block"
1791662134.729156 runnervmmprz5 zainod-0.10.1[2979]:     at packages/zaino-serve/src/rpc/grpc/service.rs:161
1791662135.156809 runnervmmprz5 zainod-0.10.1[2979]:   19:55:35.156  INFO zainodlib::indexer: Zaino status check, chain_state: Ready, fs_mode: ephemeral(syncing), json_rpc: Ready, grpc: Ready
1791662135.156809 runnervmmprz5 zainod-0.10.1[2979]:     at packages/zainod/src/indexer.rs:333
1791662139.731790 runnervmmprz5 zainod-0.10.1[2979]:   19:55:39.731  INFO zaino_serve::rpc::grpc::service: [TEST] received call, method: "get_lightd_info"
1791662139.731790 runnervmmprz5 zainod-0.10.1[2979]:     at packages/zaino-serve/src/rpc/grpc/service.rs:161
1791662139.736130 runnervmmprz5 zainod-0.10.1[2979]:   19:55:39.736  INFO zaino_serve::rpc::grpc::service: [TEST] received call, method: "get_block"
1791662139.736130 runnervmmprz5 zainod-0.10.1[2979]:     at packages/zaino-serve/src/rpc/grpc/service.rs:161
1791662139.736842 runnervmmprz5 zainod-0.10.1[2979]:   19:55:39.736  INFO zaino_serve::rpc::grpc::service: [TEST] received call, method: "get_block"
1791662139.736842 runnervmmprz5 zainod-0.10.1[2979]:     at packages/zaino-serve/src/rpc/grpc/service.rs:161
1791662141.294926 runnervmmprz5 zainod-0.10.1[2979]:   19:55:41.294  INFO zaino_chain_store_zainodb::store::finalised_source::v1::write_core: write_blocks_to_height: syncing, current: 4023030, target: 4381896, zebra_network: Testnet
1791662141.294926 runnervmmprz5 zainod-0.10.1[2979]:     at packages/zaino-chain-store-zainodb/src/store/finalised_source/v1/write_core.rs:184
1791662144.732570 runnervmmprz5 zainod-0.10.1[2979]:   19:55:44.732  INFO zaino_serve::rpc::grpc::service: [TEST] received call, method: "get_lightd_info"
1791662144.732570 runnervmmprz5 zainod-0.10.1[2979]:     at packages/zaino-serve/src/rpc/grpc/service.rs:161
1791662144.738144 runnervmmprz5 zainod-0.10.1[2979]:   19:55:44.738  INFO zaino_serve::rpc::grpc::service: [TEST] received call, method: "get_block"
1791662144.738144 runnervmmprz5 zainod-0.10.1[2979]:     at packages/zaino-serve/src/rpc/grpc/service.rs:161
1791662144.739249 runnervmmprz5 zainod-0.10.1[2979]:   19:55:44.739  INFO zaino_serve::rpc::grpc::service: [TEST] received call, method: "get_block"
1791662144.739249 runnervmmprz5 zainod-0.10.1[2979]:     at packages/zaino-serve/src/rpc/grpc/service.rs:161
1791662145.257215 runnervmmprz5 zainod-0.10.1[2979]:   19:55:45.257  INFO zainodlib::indexer: Zaino status check, chain_state: Ready, fs_mode: ephemeral(syncing), json_rpc: Ready, grpc: Ready
1791662145.257215 runnervmmprz5 zainod-0.10.1[2979]:     at packages/zainod/src/indexer.rs:333
1791662149.731327 runnervmmprz5 zainod-0.10.1[2979]:   19:55:49.731  INFO zaino_serve::rpc::grpc::service: [TEST] received call, method: "get_lightd_info"
1791662149.731327 runnervmmprz5 zainod-0.10.1[2979]:     at packages/zaino-serve/src/rpc/grpc/service.rs:161
1791662149.736202 runnervmmprz5 zainod-0.10.1[2979]:   19:55:49.736  INFO zaino_serve::rpc::grpc::service: [TEST] received call, method: "get_block"
1791662149.736202 runnervmmprz5 zainod-0.10.1[2979]:     at packages/zaino-serve/src/rpc/grpc/service.rs:161
1791662149.737818 runnervmmprz5 zainod-0.10.1[2979]:   19:55:49.737  INFO zaino_serve::rpc::grpc::service: [TEST] received call, method: "get_block"
1791662149.737818 runnervmmprz5 zainod-0.10.1[2979]:     at packages/zaino-serve/src/rpc/grpc/service.rs:161
1791662151.295569 runnervmmprz5 zainod-0.10.1[2979]:   19:55:51.295  INFO zaino_chain_store_zainodb::store::finalised_source::v1::write_core: write_blocks_to_height: syncing, current: 4060662, target: 4381896, zebra_network: Testnet
1791662151.295569 runnervmmprz5 zainod-0.10.1[2979]:     at packages/zaino-chain-store-zainodb/src/store/finalised_source/v1/write_core.rs:184
1791662154.731534 runnervmmprz5 zainod-0.10.1[2979]:   19:55:54.731  INFO zaino_serve::rpc::grpc::service: [TEST] received call, method: "get_lightd_info"
1791662154.731534 runnervmmprz5 zainod-0.10.1[2979]:     at packages/zaino-serve/src/rpc/grpc/service.rs:161
1791662154.736158 runnervmmprz5 zainod-0.10.1[2979]:   19:55:54.736  INFO zaino_serve::rpc::grpc::service: [TEST] received call, method: "get_block"
1791662154.736158 runnervmmprz5 zainod-0.10.1[2979]:     at packages/zaino-serve/src/rpc/grpc/service.rs:161
1791662154.737003 runnervmmprz5 zainod-0.10.1[2979]:   19:55:54.736  INFO zaino_serve::rpc::grpc::service: [TEST] received call, method: "get_block"
1791662154.737003 runnervmmprz5 zainod-0.10.1[2979]:     at packages/zaino-serve/src/rpc/grpc/service.rs:161
1791662155.356526 runnervmmprz5 zainod-0.10.1[2979]:   19:55:55.356  INFO zainodlib::indexer: Zaino status check, chain_state: Ready, fs_mode: ephemeral(syncing), json_rpc: Ready, grpc: Ready
1791662155.356526 runnervmmprz5 zainod-0.10.1[2979]:     at packages/zainod/src/indexer.rs:333
1791662159.730648 runnervmmprz5 zainod-0.10.1[2979]:   19:55:59.730  INFO zaino_serve::rpc::grpc::service: [TEST] received call, method: "get_lightd_info"
1791662159.730648 runnervmmprz5 zainod-0.10.1[2979]:     at packages/zaino-serve/src/rpc/grpc/service.rs:161
1791662159.735296 runnervmmprz5 zainod-0.10.1[2979]:   19:55:59.735  INFO zaino_serve::rpc::grpc::service: [TEST] received call, method: "get_block"
1791662159.735296 runnervmmprz5 zainod-0.10.1[2979]:     at packages/zaino-serve/src/rpc/grpc/service.rs:161
1791662159.736061 runnervmmprz5 zainod-0.10.1[2979]:   19:55:59.736  INFO zaino_serve::rpc::grpc::service: [TEST] received call, method: "get_block"
1791662159.736061 runnervmmprz5 zainod-0.10.1[2979]:     at packages/zaino-serve/src/rpc/grpc/service.rs:161
1791662161.295679 runnervmmprz5 zainod-0.10.1[2979]:   19:56:01.295  INFO zaino_chain_store_zainodb::store::finalised_source::v1::write_core: write_blocks_to_height: syncing, current: 4094958, target: 4381896, zebra_network: Testnet
1791662161.295679 runnervmmprz5 zainod-0.10.1[2979]:     at packages/zaino-chain-store-zainodb/src/store/finalised_source/v1/write_core.rs:184
1791662163.086273 runnervmmprz5 zainod-0.10.1[2979]:   19:56:03.086  INFO zaino_chain_store_zainodb::store::finalised_source::v1::write_core: write_blocks_to_height: committed batch, height: 3999999, blocks: 100000
1791662163.086273 runnervmmprz5 zainod-0.10.1[2979]:     at packages/zaino-chain-store-zainodb/src/store/finalised_source/v1/write_core.rs:636
1791662164.734101 runnervmmprz5 zainod-0.10.1[2979]:   19:56:04.734  INFO zaino_serve::rpc::grpc::service: [TEST] received call, method: "get_lightd_info"
1791662164.734101 runnervmmprz5 zainod-0.10.1[2979]:     at packages/zaino-serve/src/rpc/grpc/service.rs:161
1791662164.738090 runnervmmprz5 zainod-0.10.1[2979]:   19:56:04.738  INFO zaino_serve::rpc::grpc::service: [TEST] received call, method: "get_block"
1791662164.738090 runnervmmprz5 zainod-0.10.1[2979]:     at packages/zaino-serve/src/rpc/grpc/service.rs:161
1791662164.739350 runnervmmprz5 zainod-0.10.1[2979]:   19:56:04.738  INFO zaino_serve::rpc::grpc::service: [TEST] received call, method: "get_block"
1791662164.739350 runnervmmprz5 zainod-0.10.1[2979]:     at packages/zaino-serve/src/rpc/grpc/service.rs:161
1791662165.356919 runnervmmprz5 zainod-0.10.1[2979]:   19:56:05.356  INFO zainodlib::indexer: Zaino status check, chain_state: Ready, fs_mode: ephemeral(syncing), json_rpc: Ready, grpc: Ready
1791662165.356919 runnervmmprz5 zainod-0.10.1[2979]:     at packages/zainod/src/indexer.rs:333
1791662169.729925 runnervmmprz5 zainod-0.10.1[2979]:   19:56:09.729  INFO zaino_serve::rpc::grpc::service: [TEST] received call, method: "get_lightd_info"
1791662169.729925 runnervmmprz5 zainod-0.10.1[2979]:     at packages/zaino-serve/src/rpc/grpc/service.rs:161
1791662169.744887 runnervmmprz5 zainod-0.10.1[2979]:   19:56:09.733  INFO zaino_serve::rpc::grpc::service: [TEST] received call, method: "get_block"
1791662169.744887 runnervmmprz5 zainod-0.10.1[2979]:     at packages/zaino-serve/src/rpc/grpc/service.rs:161
1791662169.744887 runnervmmprz5 zainod-0.10.1[2979]:   19:56:09.734  INFO zaino_serve::rpc::grpc::service: [TEST] received call, method: "get_block"
1791662169.744887 runnervmmprz5 zainod-0.10.1[2979]:     at packages/zaino-serve/src/rpc/grpc/service.rs:161
1791662171.296379 runnervmmprz5 zainod-0.10.1[2979]:   19:56:11.296  INFO zaino_chain_store_zainodb::store::finalised_source::v1::write_core: write_blocks_to_height: syncing, current: 4108939, target: 4381896, zebra_network: Testnet
1791662171.296379 runnervmmprz5 zainod-0.10.1[2979]:     at packages/zaino-chain-store-zainodb/src/store/finalised_source/v1/write_core.rs:184
1791662174.733932 runnervmmprz5 zainod-0.10.1[2979]:   19:56:14.733  INFO zaino_serve::rpc::grpc::service: [TEST] received call, method: "get_lightd_info"
1791662174.733932 runnervmmprz5 zainod-0.10.1[2979]:     at packages/zaino-serve/src/rpc/grpc/service.rs:161
1791662174.738602 runnervmmprz5 zainod-0.10.1[2979]:   19:56:14.738  INFO zaino_serve::rpc::grpc::service: [TEST] received call, method: "get_block"
1791662174.738602 runnervmmprz5 zainod-0.10.1[2979]:     at packages/zaino-serve/src/rpc/grpc/service.rs:161
1791662174.739468 runnervmmprz5 zainod-0.10.1[2979]:   19:56:14.739  INFO zaino_serve::rpc::grpc::service: [TEST] received call, method: "get_block"
1791662174.739468 runnervmmprz5 zainod-0.10.1[2979]:     at packages/zaino-serve/src/rpc/grpc/service.rs:161
1791662175.457281 runnervmmprz5 zainod-0.10.1[2979]:   19:56:15.457  INFO zainodlib::indexer: Zaino status check, chain_state: Ready, fs_mode: ephemeral(syncing), json_rpc: Ready, grpc: Ready
1791662175.457281 runnervmmprz5 zainod-0.10.1[2979]:     at packages/zainod/src/indexer.rs:333
1791662179.734994 runnervmmprz5 zainod-0.10.1[2979]:   19:56:19.734  INFO zaino_serve::rpc::grpc::service: [TEST] received call, method: "get_lightd_info"
1791662179.734994 runnervmmprz5 zainod-0.10.1[2979]:     at packages/zaino-serve/src/rpc/grpc/service.rs:161
1791662179.739139 runnervmmprz5 zainod-0.10.1[2979]:   19:56:19.739  INFO zaino_serve::rpc::grpc::service: [TEST] received call, method: "get_block"
1791662179.739139 runnervmmprz5 zainod-0.10.1[2979]:     at packages/zaino-serve/src/rpc/grpc/service.rs:161
1791662179.740043 runnervmmprz5 zainod-0.10.1[2979]:   19:56:19.740  INFO zaino_serve::rpc::grpc::service: [TEST] received call, method: "get_block"
1791662179.740043 runnervmmprz5 zainod-0.10.1[2979]:     at packages/zaino-serve/src/rpc/grpc/service.rs:161
1791662181.296819 runnervmmprz5 zainod-0.10.1[2979]:   19:56:21.296  INFO zaino_chain_store_zainodb::store::finalised_source::v1::write_core: write_blocks_to_height: syncing, current: 4128976, target: 4381896, zebra_network: Testnet
1791662181.296819 runnervmmprz5 zainod-0.10.1[2979]:     at packages/zaino-chain-store-zainodb/src/store/finalised_source/v1/write_core.rs:184
1791662184.734931 runnervmmprz5 zainod-0.10.1[2979]:   19:56:24.734  INFO zaino_serve::rpc::grpc::service: [TEST] received call, method: "get_lightd_info"
1791662184.734931 runnervmmprz5 zainod-0.10.1[2979]:     at packages/zaino-serve/src/rpc/grpc/service.rs:161
1791662184.738795 runnervmmprz5 zainod-0.10.1[2979]:   19:56:24.738  INFO zaino_serve::rpc::grpc::service: [TEST] received call, method: "get_block"
1791662184.738795 runnervmmprz5 zainod-0.10.1[2979]:     at packages/zaino-serve/src/rpc/grpc/service.rs:161
1791662184.740188 runnervmmprz5 zainod-0.10.1[2979]:   19:56:24.740  INFO zaino_serve::rpc::grpc::service: [TEST] received call, method: "get_block"
1791662184.740188 runnervmmprz5 zainod-0.10.1[2979]:     at packages/zaino-serve/src/rpc/grpc/service.rs:161
1791662185.557075 runnervmmprz5 zainod-0.10.1[2979]:   19:56:25.557  INFO zainodlib::indexer: Zaino status check, chain_state: Ready, fs_mode: ephemeral(syncing), json_rpc: Ready, grpc: Ready
1791662185.557075 runnervmmprz5 zainod-0.10.1[2979]:     at packages/zainod/src/indexer.rs:333
1791662189.736873 runnervmmprz5 zainod-0.10.1[2979]:   19:56:29.736  INFO zaino_serve::rpc::grpc::service: [TEST] received call, method: "get_lightd_info"
1791662189.736873 runnervmmprz5 zainod-0.10.1[2979]:     at packages/zaino-serve/src/rpc/grpc/service.rs:161
1791662189.741635 runnervmmprz5 zainod-0.10.1[2979]:   19:56:29.741  INFO zaino_serve::rpc::grpc::service: [TEST] received call, method: "get_block"
1791662189.741635 runnervmmprz5 zainod-0.10.1[2979]:     at packages/zaino-serve/src/rpc/grpc/service.rs:161
1791662189.743069 runnervmmprz5 zainod-0.10.1[2979]:   19:56:29.743  INFO zaino_serve::rpc::grpc::service: [TEST] received call, method: "get_block"
1791662189.743069 runnervmmprz5 zainod-0.10.1[2979]:     at packages/zaino-serve/src/rpc/grpc/service.rs:161
1791662191.297203 runnervmmprz5 zainod-0.10.1[2979]:   19:56:31.297  INFO zaino_chain_store_zainodb::store::finalised_source::v1::write_core: write_blocks_to_height: syncing, current: 4160371, target: 4381896, zebra_network: Testnet
1791662191.297203 runnervmmprz5 zainod-0.10.1[2979]:     at packages/zaino-chain-store-zainodb/src/store/finalised_source/v1/write_core.rs:184
1791662194.733487 runnervmmprz5 zainod-0.10.1[2979]:   19:56:34.733  INFO zaino_serve::rpc::grpc::service: [TEST] received call, method: "get_lightd_info"
1791662194.733487 runnervmmprz5 zainod-0.10.1[2979]:     at packages/zaino-serve/src/rpc/grpc/service.rs:161
1791662194.738435 runnervmmprz5 zainod-0.10.1[2979]:   19:56:34.738  INFO zaino_serve::rpc::grpc::service: [TEST] received call, method: "get_block"
1791662194.738435 runnervmmprz5 zainod-0.10.1[2979]:     at packages/zaino-serve/src/rpc/grpc/service.rs:161
1791662194.739184 runnervmmprz5 zainod-0.10.1[2979]:   19:56:34.739  INFO zaino_serve::rpc::grpc::service: [TEST] received call, method: "get_block"
1791662194.739184 runnervmmprz5 zainod-0.10.1[2979]:     at packages/zaino-serve/src/rpc/grpc/service.rs:161
1791662195.657276 runnervmmprz5 zainod-0.10.1[2979]:   19:56:35.657  INFO zainodlib::indexer: Zaino status check, chain_state: Ready, fs_mode: ephemeral(syncing), json_rpc: Ready, grpc: Ready
1791662195.657276 runnervmmprz5 zainod-0.10.1[2979]:     at packages/zainod/src/indexer.rs:333
1791662199.737393 runnervmmprz5 zainod-0.10.1[2979]:   19:56:39.737  INFO zaino_serve::rpc::grpc::service: [TEST] received call, method: "get_lightd_info"
1791662199.737393 runnervmmprz5 zainod-0.10.1[2979]:     at packages/zaino-serve/src/rpc/grpc/service.rs:161
1791662199.741713 runnervmmprz5 zainod-0.10.1[2979]:   19:56:39.741  INFO zaino_serve::rpc::grpc::service: [TEST] received call, method: "get_block"
1791662199.741713 runnervmmprz5 zainod-0.10.1[2979]:     at packages/zaino-serve/src/rpc/grpc/service.rs:161
1791662199.742516 runnervmmprz5 zainod-0.10.1[2979]:   19:56:39.742  INFO zaino_serve::rpc::grpc::service: [TEST] received call, method: "get_block"
1791662199.742516 runnervmmprz5 zainod-0.10.1[2979]:     at packages/zaino-serve/src/rpc/grpc/service.rs:161
1791662201.317707 runnervmmprz5 zainod-0.10.1[2979]:   19:56:41.317  INFO zaino_chain_store_zainodb::store::finalised_source::v1::write_core: write_blocks_to_height: syncing, current: 4190353, target: 4381896, zebra_network: Testnet
1791662201.317707 runnervmmprz5 zainod-0.10.1[2979]:     at packages/zaino-chain-store-zainodb/src/store/finalised_source/v1/write_core.rs:184
1791662203.861048 runnervmmprz5 zainod-0.10.1[2979]:   19:56:43.861  INFO zaino_chain_store_zainodb::store::finalised_source::v1::write_core: write_blocks_to_height: committed batch, height: 4099999, blocks: 100000
1791662203.861048 runnervmmprz5 zainod-0.10.1[2979]:     at packages/zaino-chain-store-zainodb/src/store/finalised_source/v1/write_core.rs:636
1791662204.736641 runnervmmprz5 zainod-0.10.1[2979]:   19:56:44.736  INFO zaino_serve::rpc::grpc::service: [TEST] received call, method: "get_lightd_info"
1791662204.736641 runnervmmprz5 zainod-0.10.1[2979]:     at packages/zaino-serve/src/rpc/grpc/service.rs:161
1791662204.742533 runnervmmprz5 zainod-0.10.1[2979]:   19:56:44.742  INFO zaino_serve::rpc::grpc::service: [TEST] received call, method: "get_block"
1791662204.742533 runnervmmprz5 zainod-0.10.1[2979]:     at packages/zaino-serve/src/rpc/grpc/service.rs:161
1791662204.743677 runnervmmprz5 zainod-0.10.1[2979]:   19:56:44.743  INFO zaino_serve::rpc::grpc::service: [TEST] received call, method: "get_block"
1791662204.743677 runnervmmprz5 zainod-0.10.1[2979]:     at packages/zaino-serve/src/rpc/grpc/service.rs:161
1791662205.756298 runnervmmprz5 zainod-0.10.1[2979]:   19:56:45.756  INFO zainodlib::indexer: Zaino status check, chain_state: Ready, fs_mode: ephemeral(syncing), json_rpc: Ready, grpc: Ready
1791662205.756298 runnervmmprz5 zainod-0.10.1[2979]:     at packages/zainod/src/indexer.rs:333
1791662209.733719 runnervmmprz5 zainod-0.10.1[2979]:   19:56:49.733  INFO zaino_serve::rpc::grpc::service: [TEST] received call, method: "get_lightd_info"
1791662209.733719 runnervmmprz5 zainod-0.10.1[2979]:     at packages/zaino-serve/src/rpc/grpc/service.rs:161
1791662209.737237 runnervmmprz5 zainod-0.10.1[2979]:   19:56:49.737  INFO zaino_serve::rpc::grpc::service: [TEST] received call, method: "get_block"
1791662209.737237 runnervmmprz5 zainod-0.10.1[2979]:     at packages/zaino-serve/src/rpc/grpc/service.rs:161
1791662209.738109 runnervmmprz5 zainod-0.10.1[2979]:   19:56:49.738  INFO zaino_serve::rpc::grpc::service: [TEST] received call, method: "get_block"
1791662209.738109 runnervmmprz5 zainod-0.10.1[2979]:     at packages/zaino-serve/src/rpc/grpc/service.rs:161
1791662211.338771 runnervmmprz5 zainod-0.10.1[2979]:   19:56:51.338  INFO zaino_chain_store_zainodb::store::finalised_source::v1::write_core: write_blocks_to_height: syncing, current: 4212338, target: 4381896, zebra_network: Testnet
1791662211.338771 runnervmmprz5 zainod-0.10.1[2979]:     at packages/zaino-chain-store-zainodb/src/store/finalised_source/v1/write_core.rs:184
1791662214.738029 runnervmmprz5 zainod-0.10.1[2979]:   19:56:54.737  INFO zaino_serve::rpc::grpc::service: [TEST] received call, method: "get_lightd_info"
1791662214.738029 runnervmmprz5 zainod-0.10.1[2979]:     at packages/zaino-serve/src/rpc/grpc/service.rs:161
1791662214.742841 runnervmmprz5 zainod-0.10.1[2979]:   19:56:54.742  INFO zaino_serve::rpc::grpc::service: [TEST] received call, method: "get_block"
1791662214.742841 runnervmmprz5 zainod-0.10.1[2979]:     at packages/zaino-serve/src/rpc/grpc/service.rs:161
1791662214.743902 runnervmmprz5 zainod-0.10.1[2979]:   19:56:54.743  INFO zaino_serve::rpc::grpc::service: [TEST] received call, method: "get_block"
1791662214.743902 runnervmmprz5 zainod-0.10.1[2979]:     at packages/zaino-serve/src/rpc/grpc/service.rs:161
1791662215.856893 runnervmmprz5 zainod-0.10.1[2979]:   19:56:55.856  INFO zainodlib::indexer: Zaino status check, chain_state: Ready, fs_mode: ephemeral(syncing), json_rpc: Ready, grpc: Ready
1791662215.856893 runnervmmprz5 zainod-0.10.1[2979]:     at packages/zainod/src/indexer.rs:333
1791662219.737494 runnervmmprz5 zainod-0.10.1[2979]:   19:56:59.737  INFO zaino_serve::rpc::grpc::service: [TEST] received call, method: "get_lightd_info"
1791662219.737494 runnervmmprz5 zainod-0.10.1[2979]:     at packages/zaino-serve/src/rpc/grpc/service.rs:161
1791662219.741562 runnervmmprz5 zainod-0.10.1[2979]:   19:56:59.741  INFO zaino_serve::rpc::grpc::service: [TEST] received call, method: "get_block"
1791662219.741562 runnervmmprz5 zainod-0.10.1[2979]:     at packages/zaino-serve/src/rpc/grpc/service.rs:161
1791662219.742405 runnervmmprz5 zainod-0.10.1[2979]:   19:56:59.742  INFO zaino_serve::rpc::grpc::service: [TEST] received call, method: "get_block"
1791662219.742405 runnervmmprz5 zainod-0.10.1[2979]:     at packages/zaino-serve/src/rpc/grpc/service.rs:161
1791662221.343229 runnervmmprz5 zainod-0.10.1[2979]:   19:57:01.343  INFO zaino_chain_store_zainodb::store::finalised_source::v1::write_core: write_blocks_to_height: syncing, current: 4233638, target: 4381896, zebra_network: Testnet
1791662221.343229 runnervmmprz5 zainod-0.10.1[2979]:     at packages/zaino-chain-store-zainodb/src/store/finalised_source/v1/write_core.rs:184
1791662224.737286 runnervmmprz5 zainod-0.10.1[2979]:   19:57:04.737  INFO zaino_serve::rpc::grpc::service: [TEST] received call, method: "get_lightd_info"
1791662224.737286 runnervmmprz5 zainod-0.10.1[2979]:     at packages/zaino-serve/src/rpc/grpc/service.rs:161
1791662224.741424 runnervmmprz5 zainod-0.10.1[2979]:   19:57:04.741  INFO zaino_serve::rpc::grpc::service: [TEST] received call, method: "get_block"
1791662224.741424 runnervmmprz5 zainod-0.10.1[2979]:     at packages/zaino-serve/src/rpc/grpc/service.rs:161
1791662224.742360 runnervmmprz5 zainod-0.10.1[2979]:   19:57:04.742  INFO zaino_serve::rpc::grpc::service: [TEST] received call, method: "get_block"
1791662224.742360 runnervmmprz5 zainod-0.10.1[2979]:     at packages/zaino-serve/src/rpc/grpc/service.rs:161
1791662225.956747 runnervmmprz5 zainod-0.10.1[2979]:   19:57:05.956  INFO zainodlib::indexer: Zaino status check, chain_state: Ready, fs_mode: ephemeral(syncing), json_rpc: Ready, grpc: Ready
1791662225.956747 runnervmmprz5 zainod-0.10.1[2979]:     at packages/zainod/src/indexer.rs:333
1791662229.738467 runnervmmprz5 zainod-0.10.1[2979]:   19:57:09.738  INFO zaino_serve::rpc::grpc::service: [TEST] received call, method: "get_lightd_info"
1791662229.738467 runnervmmprz5 zainod-0.10.1[2979]:     at packages/zaino-serve/src/rpc/grpc/service.rs:161
1791662229.743081 runnervmmprz5 zainod-0.10.1[2979]:   19:57:09.743  INFO zaino_serve::rpc::grpc::service: [TEST] received call, method: "get_block"
1791662229.743081 runnervmmprz5 zainod-0.10.1[2979]:     at packages/zaino-serve/src/rpc/grpc/service.rs:161
1791662229.743844 runnervmmprz5 zainod-0.10.1[2979]:   19:57:09.743  INFO zaino_serve::rpc::grpc::service: [TEST] received call, method: "get_block"
1791662229.743844 runnervmmprz5 zainod-0.10.1[2979]:     at packages/zaino-serve/src/rpc/grpc/service.rs:161
1791662231.343459 runnervmmprz5 zainod-0.10.1[2979]:   19:57:11.343  INFO zaino_chain_store_zainodb::store::finalised_source::v1::write_core: write_blocks_to_height: syncing, current: 4260578, target: 4381896, zebra_network: Testnet
1791662231.343459 runnervmmprz5 zainod-0.10.1[2979]:     at packages/zaino-chain-store-zainodb/src/store/finalised_source/v1/write_core.rs:184
1791662234.740086 runnervmmprz5 zainod-0.10.1[2979]:   19:57:14.740  INFO zaino_serve::rpc::grpc::service: [TEST] received call, method: "get_lightd_info"
1791662234.740086 runnervmmprz5 zainod-0.10.1[2979]:     at packages/zaino-serve/src/rpc/grpc/service.rs:161
1791662234.744353 runnervmmprz5 zainod-0.10.1[2979]:   19:57:14.744  INFO zaino_serve::rpc::grpc::service: [TEST] received call, method: "get_block"
1791662234.744353 runnervmmprz5 zainod-0.10.1[2979]:     at packages/zaino-serve/src/rpc/grpc/service.rs:161
1791662234.745298 runnervmmprz5 zainod-0.10.1[2979]:   19:57:14.745  INFO zaino_serve::rpc::grpc::service: [TEST] received call, method: "get_block"
1791662234.745298 runnervmmprz5 zainod-0.10.1[2979]:     at packages/zaino-serve/src/rpc/grpc/service.rs:161
1791662235.957013 runnervmmprz5 zainod-0.10.1[2979]:   19:57:15.956  INFO zainodlib::indexer: Zaino status check, chain_state: Ready, fs_mode: ephemeral(syncing), json_rpc: Ready, grpc: Ready
1791662235.957013 runnervmmprz5 zainod-0.10.1[2979]:     at packages/zainod/src/indexer.rs:333
1791662239.742383 runnervmmprz5 zainod-0.10.1[2979]:   19:57:19.742  INFO zaino_serve::rpc::grpc::service: [TEST] received call, method: "get_lightd_info"
1791662239.742383 runnervmmprz5 zainod-0.10.1[2979]:     at packages/zaino-serve/src/rpc/grpc/service.rs:161
1791662239.746624 runnervmmprz5 zainod-0.10.1[2979]:   19:57:19.746  INFO zaino_serve::rpc::grpc::service: [TEST] received call, method: "get_block"
1791662239.746624 runnervmmprz5 zainod-0.10.1[2979]:     at packages/zaino-serve/src/rpc/grpc/service.rs:161
1791662239.747416 runnervmmprz5 zainod-0.10.1[2979]:   19:57:19.747  INFO zaino_serve::rpc::grpc::service: [TEST] received call, method: "get_block"
1791662239.747416 runnervmmprz5 zainod-0.10.1[2979]:     at packages/zaino-serve/src/rpc/grpc/service.rs:161
1791662241.345221 runnervmmprz5 zainod-0.10.1[2979]:   19:57:21.345  INFO zaino_chain_store_zainodb::store::finalised_source::v1::write_core: write_blocks_to_height: syncing, current: 4295690, target: 4381896, zebra_network: Testnet
1791662241.345221 runnervmmprz5 zainod-0.10.1[2979]:     at packages/zaino-chain-store-zainodb/src/store/finalised_source/v1/write_core.rs:184
1791662242.872009 runnervmmprz5 zainod-0.10.1[2979]:   19:57:22.871  INFO zaino_chain_store_zainodb::store::finalised_source::v1::write_core: write_blocks_to_height: committed batch, height: 4199999, blocks: 100000
1791662242.872009 runnervmmprz5 zainod-0.10.1[2979]:     at packages/zaino-chain-store-zainodb/src/store/finalised_source/v1/write_core.rs:636
1791662244.740165 runnervmmprz5 zainod-0.10.1[2979]:   19:57:24.740  INFO zaino_serve::rpc::grpc::service: [TEST] received call, method: "get_lightd_info"
1791662244.740165 runnervmmprz5 zainod-0.10.1[2979]:     at packages/zaino-serve/src/rpc/grpc/service.rs:161
1791662244.751889 runnervmmprz5 zainod-0.10.1[2979]:   19:57:24.751  INFO zaino_serve::rpc::grpc::service: [TEST] received call, method: "get_block"
1791662244.751889 runnervmmprz5 zainod-0.10.1[2979]:     at packages/zaino-serve/src/rpc/grpc/service.rs:161
1791662244.753110 runnervmmprz5 zainod-0.10.1[2979]:   19:57:24.753  INFO zaino_serve::rpc::grpc::service: [TEST] received call, method: "get_block"
1791662244.753110 runnervmmprz5 zainod-0.10.1[2979]:     at packages/zaino-serve/src/rpc/grpc/service.rs:161
1791662246.056503 runnervmmprz5 zainod-0.10.1[2979]:   19:57:26.056  INFO zainodlib::indexer: Zaino status check, chain_state: Ready, fs_mode: ephemeral(syncing), json_rpc: Ready, grpc: Ready
1791662246.056503 runnervmmprz5 zainod-0.10.1[2979]:     at packages/zainod/src/indexer.rs:333
1791662249.737850 runnervmmprz5 zainod-0.10.1[2979]:   19:57:29.737  INFO zaino_serve::rpc::grpc::service: [TEST] received call, method: "get_lightd_info"
1791662249.737850 runnervmmprz5 zainod-0.10.1[2979]:     at packages/zaino-serve/src/rpc/grpc/service.rs:161
1791662249.791115 runnervmmprz5 zainod-0.10.1[2979]:   19:57:29.791  INFO zaino_serve::rpc::grpc::service: [TEST] received call, method: "get_block"
1791662249.791115 runnervmmprz5 zainod-0.10.1[2979]:     at packages/zaino-serve/src/rpc/grpc/service.rs:161
1791662249.793745 runnervmmprz5 zainod-0.10.1[2979]:   19:57:29.793  INFO zaino_serve::rpc::grpc::service: [TEST] received call, method: "get_block"
1791662249.793745 runnervmmprz5 zainod-0.10.1[2979]:     at packages/zaino-serve/src/rpc/grpc/service.rs:161
1791662251.653444 runnervmmprz5 zainod-0.10.1[2979]:   19:57:31.653  INFO zaino_chain_store_zainodb::store::finalised_source::v1::write_core: write_blocks_to_height: syncing, current: 4306722, target: 4381896, zebra_network: Testnet
1791662251.653444 runnervmmprz5 zainod-0.10.1[2979]:     at packages/zaino-chain-store-zainodb/src/store/finalised_source/v1/write_core.rs:184
1791662254.738021 runnervmmprz5 zainod-0.10.1[2979]:   19:57:34.737  INFO zaino_serve::rpc::grpc::service: [TEST] received call, method: "get_lightd_info"
1791662254.738021 runnervmmprz5 zainod-0.10.1[2979]:     at packages/zaino-serve/src/rpc/grpc/service.rs:161
1791662254.742021 runnervmmprz5 zainod-0.10.1[2979]:   19:57:34.741  INFO zaino_serve::rpc::grpc::service: [TEST] received call, method: "get_block"
1791662254.742021 runnervmmprz5 zainod-0.10.1[2979]:     at packages/zaino-serve/src/rpc/grpc/service.rs:161
1791662254.742756 runnervmmprz5 zainod-0.10.1[2979]:   19:57:34.742  INFO zaino_serve::rpc::grpc::service: [TEST] received call, method: "get_block"
1791662254.742756 runnervmmprz5 zainod-0.10.1[2979]:     at packages/zaino-serve/src/rpc/grpc/service.rs:161
1791662256.057171 runnervmmprz5 zainod-0.10.1[2979]:   19:57:36.057  INFO zainodlib::indexer: Zaino status check, chain_state: Ready, fs_mode: ephemeral(syncing), json_rpc: Ready, grpc: Ready
1791662256.057171 runnervmmprz5 zainod-0.10.1[2979]:     at packages/zainod/src/indexer.rs:333
1791662259.743086 runnervmmprz5 zainod-0.10.1[2979]:   19:57:39.743  INFO zaino_serve::rpc::grpc::service: [TEST] received call, method: "get_lightd_info"
1791662259.743086 runnervmmprz5 zainod-0.10.1[2979]:     at packages/zaino-serve/src/rpc/grpc/service.rs:161
1791662259.747158 runnervmmprz5 zainod-0.10.1[2979]:   19:57:39.747  INFO zaino_serve::rpc::grpc::service: [TEST] received call, method: "get_block"
1791662259.747158 runnervmmprz5 zainod-0.10.1[2979]:     at packages/zaino-serve/src/rpc/grpc/service.rs:161
1791662259.748227 runnervmmprz5 zainod-0.10.1[2979]:   19:57:39.748  INFO zaino_serve::rpc::grpc::service: [TEST] received call, method: "get_block"
1791662259.748227 runnervmmprz5 zainod-0.10.1[2979]:     at packages/zaino-serve/src/rpc/grpc/service.rs:161
1791662261.731365 runnervmmprz5 zainod-0.10.1[2979]:   19:57:41.731  INFO zaino_chain_store_zainodb::store::finalised_source::v1::write_core: write_blocks_to_height: syncing, current: 4307850, target: 4381896, zebra_network: Testnet
1791662261.731365 runnervmmprz5 zainod-0.10.1[2979]:     at packages/zaino-chain-store-zainodb/src/store/finalised_source/v1/write_core.rs:184
1791662264.742557 runnervmmprz5 zainod-0.10.1[2979]:   19:57:44.742  INFO zaino_serve::rpc::grpc::service: [TEST] received call, method: "get_lightd_info"
1791662264.742557 runnervmmprz5 zainod-0.10.1[2979]:     at packages/zaino-serve/src/rpc/grpc/service.rs:161
1791662264.746119 runnervmmprz5 zainod-0.10.1[2979]:   19:57:44.746  INFO zaino_serve::rpc::grpc::service: [TEST] received call, method: "get_block"
1791662264.746119 runnervmmprz5 zainod-0.10.1[2979]:     at packages/zaino-serve/src/rpc/grpc/service.rs:161
1791662264.746906 runnervmmprz5 zainod-0.10.1[2979]:   19:57:44.746  INFO zaino_serve::rpc::grpc::service: [TEST] received call, method: "get_block"
1791662264.746906 runnervmmprz5 zainod-0.10.1[2979]:     at packages/zaino-serve/src/rpc/grpc/service.rs:161
1791662266.156770 runnervmmprz5 zainod-0.10.1[2979]:   19:57:46.156  INFO zainodlib::indexer: Zaino status check, chain_state: Ready, fs_mode: ephemeral(syncing), json_rpc: Ready, grpc: Ready
1791662266.156770 runnervmmprz5 zainod-0.10.1[2979]:     at packages/zainod/src/indexer.rs:333
1791662269.741312 runnervmmprz5 zainod-0.10.1[2979]:   19:57:49.741  INFO zaino_serve::rpc::grpc::service: [TEST] received call, method: "get_lightd_info"
1791662269.741312 runnervmmprz5 zainod-0.10.1[2979]:     at packages/zaino-serve/src/rpc/grpc/service.rs:161
1791662269.744849 runnervmmprz5 zainod-0.10.1[2979]:   19:57:49.744  INFO zaino_serve::rpc::grpc::service: [TEST] received call, method: "get_block"
1791662269.744849 runnervmmprz5 zainod-0.10.1[2979]:     at packages/zaino-serve/src/rpc/grpc/service.rs:161
1791662269.745668 runnervmmprz5 zainod-0.10.1[2979]:   19:57:49.745  INFO zaino_serve::rpc::grpc::service: [TEST] received call, method: "get_block"
1791662269.745668 runnervmmprz5 zainod-0.10.1[2979]:     at packages/zaino-serve/src/rpc/grpc/service.rs:161
1791662271.734070 runnervmmprz5 zainod-0.10.1[2979]:   19:57:51.734  INFO zaino_chain_store_zainodb::store::finalised_source::v1::write_core: write_blocks_to_height: syncing, current: 4313433, target: 4381896, zebra_network: Testnet
1791662271.734070 runnervmmprz5 zainod-0.10.1[2979]:     at packages/zaino-chain-store-zainodb/src/store/finalised_source/v1/write_core.rs:184
1791662274.739615 runnervmmprz5 zainod-0.10.1[2979]:   19:57:54.739  INFO zaino_serve::rpc::grpc::service: [TEST] received call, method: "get_lightd_info"
1791662274.739615 runnervmmprz5 zainod-0.10.1[2979]:     at packages/zaino-serve/src/rpc/grpc/service.rs:161
1791662274.743936 runnervmmprz5 zainod-0.10.1[2979]:   19:57:54.743  INFO zaino_serve::rpc::grpc::service: [TEST] received call, method: "get_block"
1791662274.743936 runnervmmprz5 zainod-0.10.1[2979]:     at packages/zaino-serve/src/rpc/grpc/service.rs:161
1791662274.744916 runnervmmprz5 zainod-0.10.1[2979]:   19:57:54.744  INFO zaino_serve::rpc::grpc::service: [TEST] received call, method: "get_block"
1791662274.744916 runnervmmprz5 zainod-0.10.1[2979]:     at packages/zaino-serve/src/rpc/grpc/service.rs:161
1791662276.157081 runnervmmprz5 zainod-0.10.1[2979]:   19:57:56.157  INFO zainodlib::indexer: Zaino status check, chain_state: Ready, fs_mode: ephemeral(syncing), json_rpc: Ready, grpc: Ready
1791662276.157081 runnervmmprz5 zainod-0.10.1[2979]:     at packages/zainod/src/indexer.rs:333
1791662279.741407 runnervmmprz5 zainod-0.10.1[2979]:   19:57:59.741  INFO zaino_serve::rpc::grpc::service: [TEST] received call, method: "get_lightd_info"
1791662279.741407 runnervmmprz5 zainod-0.10.1[2979]:     at packages/zaino-serve/src/rpc/grpc/service.rs:161
1791662279.745069 runnervmmprz5 zainod-0.10.1[2979]:   19:57:59.745  INFO zaino_serve::rpc::grpc::service: [TEST] received call, method: "get_block"
1791662279.745069 runnervmmprz5 zainod-0.10.1[2979]:     at packages/zaino-serve/src/rpc/grpc/service.rs:161
1791662279.746216 runnervmmprz5 zainod-0.10.1[2979]:   19:57:59.746  INFO zaino_serve::rpc::grpc::service: [TEST] received call, method: "get_block"
1791662279.746216 runnervmmprz5 zainod-0.10.1[2979]:     at packages/zaino-serve/src/rpc/grpc/service.rs:161
1791662281.739676 runnervmmprz5 zainod-0.10.1[2979]:   19:58:01.739  INFO zaino_chain_store_zainodb::store::finalised_source::v1::write_core: write_blocks_to_height: syncing, current: 4319982, target: 4381896, zebra_network: Testnet
1791662281.739676 runnervmmprz5 zainod-0.10.1[2979]:     at packages/zaino-chain-store-zainodb/src/store/finalised_source/v1/write_core.rs:184
1791662284.743701 runnervmmprz5 zainod-0.10.1[2979]:   19:58:04.743  INFO zaino_serve::rpc::grpc::service: [TEST] received call, method: "get_lightd_info"
1791662284.743701 runnervmmprz5 zainod-0.10.1[2979]:     at packages/zaino-serve/src/rpc/grpc/service.rs:161
1791662284.748288 runnervmmprz5 zainod-0.10.1[2979]:   19:58:04.748  INFO zaino_serve::rpc::grpc::service: [TEST] received call, method: "get_block"
1791662284.748288 runnervmmprz5 zainod-0.10.1[2979]:     at packages/zaino-serve/src/rpc/grpc/service.rs:161
1791662284.749203 runnervmmprz5 zainod-0.10.1[2979]:   19:58:04.749  INFO zaino_serve::rpc::grpc::service: [TEST] received call, method: "get_block"
1791662284.749203 runnervmmprz5 zainod-0.10.1[2979]:     at packages/zaino-serve/src/rpc/grpc/service.rs:161
1791662286.157168 runnervmmprz5 zainod-0.10.1[2979]:   19:58:06.157  INFO zainodlib::indexer: Zaino status check, chain_state: Ready, fs_mode: ephemeral(syncing), json_rpc: Ready, grpc: Ready
1791662286.157168 runnervmmprz5 zainod-0.10.1[2979]:     at packages/zainod/src/indexer.rs:333
1791662289.747007 runnervmmprz5 zainod-0.10.1[2979]:   19:58:09.746  INFO zaino_serve::rpc::grpc::service: [TEST] received call, method: "get_lightd_info"
1791662289.747007 runnervmmprz5 zainod-0.10.1[2979]:     at packages/zaino-serve/src/rpc/grpc/service.rs:161
1791662289.751742 runnervmmprz5 zainod-0.10.1[2979]:   19:58:09.751  INFO zaino_serve::rpc::grpc::service: [TEST] received call, method: "get_block"
1791662289.751742 runnervmmprz5 zainod-0.10.1[2979]:     at packages/zaino-serve/src/rpc/grpc/service.rs:161
1791662289.752671 runnervmmprz5 zainod-0.10.1[2979]:   19:58:09.752  INFO zaino_serve::rpc::grpc::service: [TEST] received call, method: "get_block"
1791662289.752671 runnervmmprz5 zainod-0.10.1[2979]:     at packages/zaino-serve/src/rpc/grpc/service.rs:161
1791662291.742283 runnervmmprz5 zainod-0.10.1[2979]:   19:58:11.742  INFO zaino_chain_store_zainodb::store::finalised_source::v1::write_core: write_blocks_to_height: syncing, current: 4346361, target: 4381896, zebra_network: Testnet
1791662291.742283 runnervmmprz5 zainod-0.10.1[2979]:     at packages/zaino-chain-store-zainodb/src/store/finalised_source/v1/write_core.rs:184
1791662294.743590 runnervmmprz5 zainod-0.10.1[2979]:   19:58:14.743  INFO zaino_serve::rpc::grpc::service: [TEST] received call, method: "get_lightd_info"
1791662294.743590 runnervmmprz5 zainod-0.10.1[2979]:     at packages/zaino-serve/src/rpc/grpc/service.rs:161
1791662294.748627 runnervmmprz5 zainod-0.10.1[2979]:   19:58:14.748  INFO zaino_serve::rpc::grpc::service: [TEST] received call, method: "get_block"
1791662294.748627 runnervmmprz5 zainod-0.10.1[2979]:     at packages/zaino-serve/src/rpc/grpc/service.rs:161
1791662294.749430 runnervmmprz5 zainod-0.10.1[2979]:   19:58:14.749  INFO zaino_serve::rpc::grpc::service: [TEST] received call, method: "get_block"
1791662294.749430 runnervmmprz5 zainod-0.10.1[2979]:     at packages/zaino-serve/src/rpc/grpc/service.rs:161
1791662296.256739 runnervmmprz5 zainod-0.10.1[2979]:   19:58:16.256  INFO zainodlib::indexer: Zaino status check, chain_state: Ready, fs_mode: ephemeral(syncing), json_rpc: Ready, grpc: Ready
1791662296.256739 runnervmmprz5 zainod-0.10.1[2979]:     at packages/zainod/src/indexer.rs:333
1791662299.748473 runnervmmprz5 zainod-0.10.1[2979]:   19:58:19.748  INFO zaino_serve::rpc::grpc::service: [TEST] received call, method: "get_lightd_info"
1791662299.748473 runnervmmprz5 zainod-0.10.1[2979]:     at packages/zaino-serve/src/rpc/grpc/service.rs:161
1791662299.753879 runnervmmprz5 zainod-0.10.1[2979]:   19:58:19.753  INFO zaino_serve::rpc::grpc::service: [TEST] received call, method: "get_block"
1791662299.753879 runnervmmprz5 zainod-0.10.1[2979]:     at packages/zaino-serve/src/rpc/grpc/service.rs:161
1791662299.754617 runnervmmprz5 zainod-0.10.1[2979]:   19:58:19.754  INFO zaino_serve::rpc::grpc::service: [TEST] received call, method: "get_block"
1791662299.754617 runnervmmprz5 zainod-0.10.1[2979]:     at packages/zaino-serve/src/rpc/grpc/service.rs:161
1791662301.743019 runnervmmprz5 zainod-0.10.1[2979]:   19:58:21.742  INFO zaino_chain_store_zainodb::store::finalised_source::v1::write_core: write_blocks_to_height: syncing, current: 4371447, target: 4381896, zebra_network: Testnet
1791662301.743019 runnervmmprz5 zainod-0.10.1[2979]:     at packages/zaino-chain-store-zainodb/src/store/finalised_source/v1/write_core.rs:184
1791662304.744644 runnervmmprz5 zainod-0.10.1[2979]:   19:58:24.744  INFO zaino_serve::rpc::grpc::service: [TEST] received call, method: "get_lightd_info"
1791662304.744644 runnervmmprz5 zainod-0.10.1[2979]:     at packages/zaino-serve/src/rpc/grpc/service.rs:161
1791662304.749977 runnervmmprz5 zainod-0.10.1[2979]:   19:58:24.749  INFO zaino_serve::rpc::grpc::service: [TEST] received call, method: "get_block"
1791662304.749977 runnervmmprz5 zainod-0.10.1[2979]:     at packages/zaino-serve/src/rpc/grpc/service.rs:161
1791662304.751134 runnervmmprz5 zainod-0.10.1[2979]:   19:58:24.751  INFO zaino_serve::rpc::grpc::service: [TEST] received call, method: "get_block"
1791662304.751134 runnervmmprz5 zainod-0.10.1[2979]:     at packages/zaino-serve/src/rpc/grpc/service.rs:161
1791662306.357110 runnervmmprz5 zainod-0.10.1[2979]:   19:58:26.357  INFO zainodlib::indexer: Zaino status check, chain_state: Ready, fs_mode: ephemeral(syncing), json_rpc: Ready, grpc: Ready
1791662306.357110 runnervmmprz5 zainod-0.10.1[2979]:     at packages/zainod/src/indexer.rs:333
1791662308.457035 runnervmmprz5 zainod-0.10.1[2979]:   19:58:28.456  INFO zaino_chain_store_zainodb::store::finalised_source::v1::write_core: write_blocks_to_height: committed batch, height: 4299999, blocks: 100000
1791662308.457035 runnervmmprz5 zainod-0.10.1[2979]:     at packages/zaino-chain-store-zainodb/src/store/finalised_source/v1/write_core.rs:636
1791662309.744494 runnervmmprz5 zainod-0.10.1[2979]:   19:58:29.744  INFO zaino_serve::rpc::grpc::service: [TEST] received call, method: "get_lightd_info"
1791662309.744494 runnervmmprz5 zainod-0.10.1[2979]:     at packages/zaino-serve/src/rpc/grpc/service.rs:161
1791662309.751392 runnervmmprz5 zainod-0.10.1[2979]:   19:58:29.751  INFO zaino_serve::rpc::grpc::service: [TEST] received call, method: "get_block"
1791662309.751392 runnervmmprz5 zainod-0.10.1[2979]:     at packages/zaino-serve/src/rpc/grpc/service.rs:161
1791662309.754394 runnervmmprz5 zainod-0.10.1[2979]:   19:58:29.754  INFO zaino_serve::rpc::grpc::service: [TEST] received call, method: "get_block"
1791662309.754394 runnervmmprz5 zainod-0.10.1[2979]:     at packages/zaino-serve/src/rpc/grpc/service.rs:161
1791662314.742369 runnervmmprz5 zainod-0.10.1[2979]:   19:58:34.742  INFO zaino_serve::rpc::grpc::service: [TEST] received call, method: "get_lightd_info"
1791662314.742369 runnervmmprz5 zainod-0.10.1[2979]:     at packages/zaino-serve/src/rpc/grpc/service.rs:161
1791662314.748434 runnervmmprz5 zainod-0.10.1[2979]:   19:58:34.748  INFO zaino_serve::rpc::grpc::service: [TEST] received call, method: "get_block"
1791662314.748434 runnervmmprz5 zainod-0.10.1[2979]:     at packages/zaino-serve/src/rpc/grpc/service.rs:161
1791662314.750520 runnervmmprz5 zainod-0.10.1[2979]:   19:58:34.750  INFO zaino_serve::rpc::grpc::service: [TEST] received call, method: "get_block"
1791662314.750520 runnervmmprz5 zainod-0.10.1[2979]:     at packages/zaino-serve/src/rpc/grpc/service.rs:161
1791662317.355966 runnervmmprz5 zainod-0.10.1[2979]:   19:58:37.355  INFO zainodlib::indexer: Zaino status check, chain_state: Syncing, fs_mode: ephemeral(syncing), json_rpc: Ready, grpc: Ready
1791662317.355966 runnervmmprz5 zainod-0.10.1[2979]:     at packages/zainod/src/indexer.rs:333
1791662318.751112 runnervmmprz5 zainod-0.10.1[2979]:   19:58:38.751  INFO zaino_chain_store_zainodb::store::finalised_source::v1::write_core: write_blocks_to_height: committed batch, height: 4381896, blocks: 81897
1791662318.751112 runnervmmprz5 zainod-0.10.1[2979]:     at packages/zaino-chain-store-zainodb/src/store/finalised_source/v1/write_core.rs:636
1791662318.812134 runnervmmprz5 zainod-0.10.1[2979]:   19:58:38.812  INFO zaino_chain_store_zainodb::store::finalised_source::v1::tx_out_set_accumulator: write_blocks_to_height: rebuilding txout-set accumulator to height 4381896
1791662318.812134 runnervmmprz5 zainod-0.10.1[2979]:     at packages/zaino-chain-store-zainodb/src/store/finalised_source/v1/tx_out_set_accumulator.rs:786
1791662318.812134 runnervmmprz5 zainod-0.10.1[2979]:   19:58:38.812  INFO zaino_chain_store_zainodb::store::finalised_source::v1::tx_out_set_accumulator: txout-set accumulator rebuild to height 4381896: sizing shards (~8589934592 byte budget)
1791662318.812134 runnervmmprz5 zainod-0.10.1[2979]:     at packages/zaino-chain-store-zainodb/src/store/finalised_source/v1/tx_out_set_accumulator.rs:844
1791662319.516088 runnervmmprz5 zainod-0.10.1[2979]:   19:58:39.516  INFO zaino_chain_store_zainodb::store::finalised_source::v1::tx_out_set_accumulator: txout-set accumulator rebuild: spent-entry count complete, spent_entries: 1794140, elapsed: 703.85819ms
1791662319.516088 runnervmmprz5 zainod-0.10.1[2979]:     at packages/zaino-chain-store-zainodb/src/store/finalised_source/v1/tx_out_set_accumulator.rs:965
1791662319.516088 runnervmmprz5 zainod-0.10.1[2979]:   19:58:39.516  INFO zaino_chain_store_zainodb::store::finalised_source::v1::tx_out_set_accumulator: txout-set accumulator rebuild to height 4381896: 1 initial shard(s), ≤33554432 spent outpoints/shard, ~8589934592 byte budget
1791662319.516088 runnervmmprz5 zainod-0.10.1[2979]:     at packages/zaino-chain-store-zainodb/src/store/finalised_source/v1/tx_out_set_accumulator.rs:854
1791662319.516088 runnervmmprz5 zainod-0.10.1[2979]:   19:58:39.516  INFO zaino_chain_store_zainodb::store::finalised_source::v1::tx_out_set_accumulator: txout-set accumulator rebuild: starting shard, shard: 1, planned: 1, lo: 0, hi: 256, remaining: 0, db_tip: 4381896, elapsed: 631ns
1791662319.516088 runnervmmprz5 zainod-0.10.1[2979]:     at packages/zaino-chain-store-zainodb/src/store/finalised_source/v1/tx_out_set_accumulator.rs:1024
1791662319.744970 runnervmmprz5 zainod-0.10.1[2979]:   19:58:39.744  INFO zaino_serve::rpc::grpc::service: [TEST] received call, method: "get_lightd_info"
1791662319.744970 runnervmmprz5 zainod-0.10.1[2979]:     at packages/zaino-serve/src/rpc/grpc/service.rs:161
1791662319.749760 runnervmmprz5 zainod-0.10.1[2979]:   19:58:39.749  INFO zaino_serve::rpc::grpc::service: [TEST] received call, method: "get_block"
1791662319.749760 runnervmmprz5 zainod-0.10.1[2979]:     at packages/zaino-serve/src/rpc/grpc/service.rs:161
1791662319.750777 runnervmmprz5 zainod-0.10.1[2979]:   19:58:39.750  INFO zaino_serve::rpc::grpc::service: [TEST] received call, method: "get_block"
1791662319.750777 runnervmmprz5 zainod-0.10.1[2979]:     at packages/zaino-serve/src/rpc/grpc/service.rs:161
1791662320.067959 runnervmmprz5 zainod-0.10.1[2979]:   19:58:40.067  INFO zaino_chain_store_zainodb::store::finalised_source::v1::tx_out_set_accumulator: txout-set accumulator rebuild: shard spent set loaded, shard: 1, shard_total: 1, lo: 0, hi: 256, spent_outpoints: 1794140, elapsed: 551.798194ms
1791662320.067959 runnervmmprz5 zainod-0.10.1[2979]:     at packages/zaino-chain-store-zainodb/src/store/finalised_source/v1/tx_out_set_accumulator.rs:1184
1791662324.744388 runnervmmprz5 zainod-0.10.1[2979]:   19:58:44.744  INFO zaino_serve::rpc::grpc::service: [TEST] received call, method: "get_lightd_info"
1791662324.744388 runnervmmprz5 zainod-0.10.1[2979]:     at packages/zaino-serve/src/rpc/grpc/service.rs:161
1791662324.748681 runnervmmprz5 zainod-0.10.1[2979]:   19:58:44.748  INFO zaino_serve::rpc::grpc::service: [TEST] received call, method: "get_block"
1791662324.748681 runnervmmprz5 zainod-0.10.1[2979]:     at packages/zaino-serve/src/rpc/grpc/service.rs:161
1791662324.749367 runnervmmprz5 zainod-0.10.1[2979]:   19:58:44.749  INFO zaino_serve::rpc::grpc::service: [TEST] received call, method: "get_block"
1791662324.749367 runnervmmprz5 zainod-0.10.1[2979]:     at packages/zaino-serve/src/rpc/grpc/service.rs:161
1791662327.356698 runnervmmprz5 zainod-0.10.1[2979]:   19:58:47.356  INFO zainodlib::indexer: Zaino status check, chain_state: Ready, fs_mode: ephemeral(syncing), json_rpc: Ready, grpc: Ready
1791662327.356698 runnervmmprz5 zainod-0.10.1[2979]:     at packages/zainod/src/indexer.rs:333
1791662329.745814 runnervmmprz5 zainod-0.10.1[2979]:   19:58:49.745  INFO zaino_serve::rpc::grpc::service: [TEST] received call, method: "get_lightd_info"
1791662329.745814 runnervmmprz5 zainod-0.10.1[2979]:     at packages/zaino-serve/src/rpc/grpc/service.rs:161
1791662329.749459 runnervmmprz5 zainod-0.10.1[2979]:   19:58:49.749  INFO zaino_serve::rpc::grpc::service: [TEST] received call, method: "get_block"
1791662329.749459 runnervmmprz5 zainod-0.10.1[2979]:     at packages/zaino-serve/src/rpc/grpc/service.rs:161
1791662329.750183 runnervmmprz5 zainod-0.10.1[2979]:   19:58:49.750  INFO zaino_serve::rpc::grpc::service: [TEST] received call, method: "get_block"
1791662329.750183 runnervmmprz5 zainod-0.10.1[2979]:     at packages/zaino-serve/src/rpc/grpc/service.rs:161
1791662330.068093 runnervmmprz5 zainod-0.10.1[2979]:   19:58:50.068  INFO zaino_chain_store_zainodb::store::finalised_source::v1::tx_out_set_accumulator: txout-set accumulator rebuild: progress, shard: 1, shard_total: 1, lo: 0, hi: 256, height: 631943, db_tip: 4381896, elapsed: 10.551945546s
1791662330.068093 runnervmmprz5 zainod-0.10.1[2979]:     at packages/zaino-chain-store-zainodb/src/store/finalised_source/v1/tx_out_set_accumulator.rs:1278
1791662334.745705 runnervmmprz5 zainod-0.10.1[2979]:   19:58:54.745  INFO zaino_serve::rpc::grpc::service: [TEST] received call, method: "get_lightd_info"
1791662334.745705 runnervmmprz5 zainod-0.10.1[2979]:     at packages/zaino-serve/src/rpc/grpc/service.rs:161
1791662334.750237 runnervmmprz5 zainod-0.10.1[2979]:   19:58:54.750  INFO zaino_serve::rpc::grpc::service: [TEST] received call, method: "get_block"
1791662334.750237 runnervmmprz5 zainod-0.10.1[2979]:     at packages/zaino-serve/src/rpc/grpc/service.rs:161
1791662334.750960 runnervmmprz5 zainod-0.10.1[2979]:   19:58:54.750  INFO zaino_serve::rpc::grpc::service: [TEST] received call, method: "get_block"
1791662334.750960 runnervmmprz5 zainod-0.10.1[2979]:     at packages/zaino-serve/src/rpc/grpc/service.rs:161
1791662337.457108 runnervmmprz5 zainod-0.10.1[2979]:   19:58:57.457  INFO zainodlib::indexer: Zaino status check, chain_state: Ready, fs_mode: ephemeral(syncing), json_rpc: Ready, grpc: Ready
1791662337.457108 runnervmmprz5 zainod-0.10.1[2979]:     at packages/zainod/src/indexer.rs:333
1791662339.747339 runnervmmprz5 zainod-0.10.1[2979]:   19:58:59.747  INFO zaino_serve::rpc::grpc::service: [TEST] received call, method: "get_lightd_info"
1791662339.747339 runnervmmprz5 zainod-0.10.1[2979]:     at packages/zaino-serve/src/rpc/grpc/service.rs:161
1791662339.751068 runnervmmprz5 zainod-0.10.1[2979]:   19:58:59.751  INFO zaino_serve::rpc::grpc::service: [TEST] received call, method: "get_block"
1791662339.751068 runnervmmprz5 zainod-0.10.1[2979]:     at packages/zaino-serve/src/rpc/grpc/service.rs:161
1791662339.751797 runnervmmprz5 zainod-0.10.1[2979]:   19:58:59.751  INFO zaino_serve::rpc::grpc::service: [TEST] received call, method: "get_block"
1791662339.751797 runnervmmprz5 zainod-0.10.1[2979]:     at packages/zaino-serve/src/rpc/grpc/service.rs:161
1791662340.068132 runnervmmprz5 zainod-0.10.1[2979]:   19:59:00.068  INFO zaino_chain_store_zainodb::store::finalised_source::v1::tx_out_set_accumulator: txout-set accumulator rebuild: progress, shard: 1, shard_total: 1, lo: 0, hi: 256, height: 1364834, db_tip: 4381896, elapsed: 20.551989784s
1791662340.068132 runnervmmprz5 zainod-0.10.1[2979]:     at packages/zaino-chain-store-zainodb/src/store/finalised_source/v1/tx_out_set_accumulator.rs:1278
1791662344.746194 runnervmmprz5 zainod-0.10.1[2979]:   19:59:04.746  INFO zaino_serve::rpc::grpc::service: [TEST] received call, method: "get_lightd_info"
1791662344.746194 runnervmmprz5 zainod-0.10.1[2979]:     at packages/zaino-serve/src/rpc/grpc/service.rs:161
1791662344.749955 runnervmmprz5 zainod-0.10.1[2979]:   19:59:04.749  INFO zaino_serve::rpc::grpc::service: [TEST] received call, method: "get_block"
1791662344.749955 runnervmmprz5 zainod-0.10.1[2979]:     at packages/zaino-serve/src/rpc/grpc/service.rs:161
1791662344.750661 runnervmmprz5 zainod-0.10.1[2979]:   19:59:04.750  INFO zaino_serve::rpc::grpc::service: [TEST] received call, method: "get_block"
1791662344.750661 runnervmmprz5 zainod-0.10.1[2979]:     at packages/zaino-serve/src/rpc/grpc/service.rs:161
1791662347.557039 runnervmmprz5 zainod-0.10.1[2979]:   19:59:07.556  INFO zainodlib::indexer: Zaino status check, chain_state: Ready, fs_mode: ephemeral(syncing), json_rpc: Ready, grpc: Ready
1791662347.557039 runnervmmprz5 zainod-0.10.1[2979]:     at packages/zainod/src/indexer.rs:333
1791662349.747931 runnervmmprz5 zainod-0.10.1[2979]:   19:59:09.747  INFO zaino_serve::rpc::grpc::service: [TEST] received call, method: "get_lightd_info"
1791662349.747931 runnervmmprz5 zainod-0.10.1[2979]:     at packages/zaino-serve/src/rpc/grpc/service.rs:161
1791662349.752530 runnervmmprz5 zainod-0.10.1[2979]:   19:59:09.752  INFO zaino_serve::rpc::grpc::service: [TEST] received call, method: "get_block"
1791662349.752530 runnervmmprz5 zainod-0.10.1[2979]:     at packages/zaino-serve/src/rpc/grpc/service.rs:161
1791662349.753262 runnervmmprz5 zainod-0.10.1[2979]:   19:59:09.753  INFO zaino_serve::rpc::grpc::service: [TEST] received call, method: "get_block"
1791662349.753262 runnervmmprz5 zainod-0.10.1[2979]:     at packages/zaino-serve/src/rpc/grpc/service.rs:161
1791662350.068272 runnervmmprz5 zainod-0.10.1[2979]:   19:59:10.068  INFO zaino_chain_store_zainodb::store::finalised_source::v1::tx_out_set_accumulator: txout-set accumulator rebuild: progress, shard: 1, shard_total: 1, lo: 0, hi: 256, height: 2024687, db_tip: 4381896, elapsed: 30.552132219s
1791662350.068272 runnervmmprz5 zainod-0.10.1[2979]:     at packages/zaino-chain-store-zainodb/src/store/finalised_source/v1/tx_out_set_accumulator.rs:1278
1791662354.747155 runnervmmprz5 zainod-0.10.1[2979]:   19:59:14.747  INFO zaino_serve::rpc::grpc::service: [TEST] received call, method: "get_lightd_info"
1791662354.747155 runnervmmprz5 zainod-0.10.1[2979]:     at packages/zaino-serve/src/rpc/grpc/service.rs:161
1791662354.751604 runnervmmprz5 zainod-0.10.1[2979]:   19:59:14.751  INFO zaino_serve::rpc::grpc::service: [TEST] received call, method: "get_block"
1791662354.751604 runnervmmprz5 zainod-0.10.1[2979]:     at packages/zaino-serve/src/rpc/grpc/service.rs:161
1791662354.752294 runnervmmprz5 zainod-0.10.1[2979]:   19:59:14.752  INFO zaino_serve::rpc::grpc::service: [TEST] received call, method: "get_block"
1791662354.752294 runnervmmprz5 zainod-0.10.1[2979]:     at packages/zaino-serve/src/rpc/grpc/service.rs:161
1791662357.656444 runnervmmprz5 zainod-0.10.1[2979]:   19:59:17.656  INFO zainodlib::indexer: Zaino status check, chain_state: Ready, fs_mode: ephemeral(syncing), json_rpc: Ready, grpc: Ready
1791662357.656444 runnervmmprz5 zainod-0.10.1[2979]:     at packages/zainod/src/indexer.rs:333
1791662359.749234 runnervmmprz5 zainod-0.10.1[2979]:   19:59:19.749  INFO zaino_serve::rpc::grpc::service: [TEST] received call, method: "get_lightd_info"
1791662359.749234 runnervmmprz5 zainod-0.10.1[2979]:     at packages/zaino-serve/src/rpc/grpc/service.rs:161
1791662359.752731 runnervmmprz5 zainod-0.10.1[2979]:   19:59:19.752  INFO zaino_serve::rpc::grpc::service: [TEST] received call, method: "get_block"
1791662359.752731 runnervmmprz5 zainod-0.10.1[2979]:     at packages/zaino-serve/src/rpc/grpc/service.rs:161
1791662359.753425 runnervmmprz5 zainod-0.10.1[2979]:   19:59:19.753  INFO zaino_serve::rpc::grpc::service: [TEST] received call, method: "get_block"
1791662359.753425 runnervmmprz5 zainod-0.10.1[2979]:     at packages/zaino-serve/src/rpc/grpc/service.rs:161
1791662360.068339 runnervmmprz5 zainod-0.10.1[2979]:   19:59:20.068  INFO zaino_chain_store_zainodb::store::finalised_source::v1::tx_out_set_accumulator: txout-set accumulator rebuild: progress, shard: 1, shard_total: 1, lo: 0, hi: 256, height: 2687327, db_tip: 4381896, elapsed: 40.55217205s
1791662360.068339 runnervmmprz5 zainod-0.10.1[2979]:     at packages/zaino-chain-store-zainodb/src/store/finalised_source/v1/tx_out_set_accumulator.rs:1278
1791662364.747500 runnervmmprz5 zainod-0.10.1[2979]:   19:59:24.747  INFO zaino_serve::rpc::grpc::service: [TEST] received call, method: "get_lightd_info"
1791662364.747500 runnervmmprz5 zainod-0.10.1[2979]:     at packages/zaino-serve/src/rpc/grpc/service.rs:161
1791662364.751001 runnervmmprz5 zainod-0.10.1[2979]:   19:59:24.750  INFO zaino_serve::rpc::grpc::service: [TEST] received call, method: "get_block"
1791662364.751001 runnervmmprz5 zainod-0.10.1[2979]:     at packages/zaino-serve/src/rpc/grpc/service.rs:161
1791662364.751645 runnervmmprz5 zainod-0.10.1[2979]:   19:59:24.751  INFO zaino_serve::rpc::grpc::service: [TEST] received call, method: "get_block"
1791662364.751645 runnervmmprz5 zainod-0.10.1[2979]:     at packages/zaino-serve/src/rpc/grpc/service.rs:161
1791662367.656888 runnervmmprz5 zainod-0.10.1[2979]:   19:59:27.656  INFO zainodlib::indexer: Zaino status check, chain_state: Ready, fs_mode: ephemeral(syncing), json_rpc: Ready, grpc: Ready
1791662367.656888 runnervmmprz5 zainod-0.10.1[2979]:     at packages/zainod/src/indexer.rs:333
1791662369.749786 runnervmmprz5 zainod-0.10.1[2979]:   19:59:29.749  INFO zaino_serve::rpc::grpc::service: [TEST] received call, method: "get_lightd_info"
1791662369.749786 runnervmmprz5 zainod-0.10.1[2979]:     at packages/zaino-serve/src/rpc/grpc/service.rs:161
1791662369.753194 runnervmmprz5 zainod-0.10.1[2979]:   19:59:29.753  INFO zaino_serve::rpc::grpc::service: [TEST] received call, method: "get_block"
1791662369.753194 runnervmmprz5 zainod-0.10.1[2979]:     at packages/zaino-serve/src/rpc/grpc/service.rs:161
1791662369.753865 runnervmmprz5 zainod-0.10.1[2979]:   19:59:29.753  INFO zaino_serve::rpc::grpc::service: [TEST] received call, method: "get_block"
1791662369.753865 runnervmmprz5 zainod-0.10.1[2979]:     at packages/zaino-serve/src/rpc/grpc/service.rs:161
1791662370.068686 runnervmmprz5 zainod-0.10.1[2979]:   19:59:30.068  INFO zaino_chain_store_zainodb::store::finalised_source::v1::tx_out_set_accumulator: txout-set accumulator rebuild: progress, shard: 1, shard_total: 1, lo: 0, hi: 256, height: 3817739, db_tip: 4381896, elapsed: 50.552547912s
1791662370.068686 runnervmmprz5 zainod-0.10.1[2979]:     at packages/zaino-chain-store-zainodb/src/store/finalised_source/v1/tx_out_set_accumulator.rs:1278
1791662372.327767 runnervmmprz5 zainod-0.10.1[2979]:   19:59:32.327  INFO zaino_chain_store_zainodb::store::finalised_source::v1::tx_out_set_accumulator: txout-set accumulator rebuild: shard complete, shard: 1, planned: 1, lo: 0, hi: 256, elapsed: 52.811610107s
1791662372.327767 runnervmmprz5 zainod-0.10.1[2979]:     at packages/zaino-chain-store-zainodb/src/store/finalised_source/v1/tx_out_set_accumulator.rs:1045
1791662372.327767 runnervmmprz5 zainod-0.10.1[2979]:   19:59:32.327  INFO zaino_chain_store_zainodb::store::finalised_source::v1::tx_out_set_accumulator: txout-set accumulator rebuild: all shards complete, planned: 1, completed: 1, db_tip: 4381896, elapsed: 52.8116552s
1791662372.327767 runnervmmprz5 zainod-0.10.1[2979]:     at packages/zaino-chain-store-zainodb/src/store/finalised_source/v1/tx_out_set_accumulator.rs:1089
1791662372.530449 runnervmmprz5 zainod-0.10.1[2979]:   19:59:32.530  INFO zaino_chain_store_zainodb::store::finalised_source::v1::tx_out_set_accumulator: txout-set accumulator rebuild complete and committed, db_tip: 4381896, shards: 1, elapsed: 53.014299031s
1791662372.530449 runnervmmprz5 zainod-0.10.1[2979]:     at packages/zaino-chain-store-zainodb/src/store/finalised_source/v1/tx_out_set_accumulator.rs:884
1791662372.530843 runnervmmprz5 zainod-0.10.1[2979]:   19:59:32.530  INFO zaino_chain_store_zainodb::store::router: finalised state switched back to the persistent database, released_mode: ReadOnly, mode: persistent
1791662372.530843 runnervmmprz5 zainod-0.10.1[2979]:     at packages/zaino-chain-store-zainodb/src/store/router.rs:774
1791662374.748235 runnervmmprz5 zainod-0.10.1[2979]:   19:59:34.748  INFO zaino_serve::rpc::grpc::service: [TEST] received call, method: "get_lightd_info"
1791662374.748235 runnervmmprz5 zainod-0.10.1[2979]:     at packages/zaino-serve/src/rpc/grpc/service.rs:161
1791662374.751700 runnervmmprz5 zainod-0.10.1[2979]:   19:59:34.751  INFO zaino_serve::rpc::grpc::service: [TEST] received call, method: "get_block"
1791662374.751700 runnervmmprz5 zainod-0.10.1[2979]:     at packages/zaino-serve/src/rpc/grpc/service.rs:161
1791662374.753571 runnervmmprz5 zainod-0.10.1[2979]:   19:59:34.753  INFO zaino_serve::rpc::grpc::service: [TEST] received call, method: "get_block"
1791662374.753571 runnervmmprz5 zainod-0.10.1[2979]:     at packages/zaino-serve/src/rpc/grpc/service.rs:161
1791662377.657368 runnervmmprz5 zainod-0.10.1[2979]:   19:59:37.657  INFO zainodlib::indexer: Zaino status check, chain_state: Ready, fs_mode: persistent, json_rpc: Ready, grpc: Ready
1791662377.657368 runnervmmprz5 zainod-0.10.1[2979]:     at packages/zainod/src/indexer.rs:333
1791662379.750251 runnervmmprz5 zainod-0.10.1[2979]:   19:59:39.750  INFO zaino_serve::rpc::grpc::service: [TEST] received call, method: "get_lightd_info"
1791662379.750251 runnervmmprz5 zainod-0.10.1[2979]:     at packages/zaino-serve/src/rpc/grpc/service.rs:161
1791662379.753736 runnervmmprz5 zainod-0.10.1[2979]:   19:59:39.753  INFO zaino_serve::rpc::grpc::service: [TEST] received call, method: "get_block"
1791662379.753736 runnervmmprz5 zainod-0.10.1[2979]:     at packages/zaino-serve/src/rpc/grpc/service.rs:161
1791662379.754148 runnervmmprz5 zainod-0.10.1[2979]:   19:59:39.754  INFO zaino_serve::rpc::grpc::service: [TEST] received call, method: "get_block"
1791662379.754148 runnervmmprz5 zainod-0.10.1[2979]:     at packages/zaino-serve/src/rpc/grpc/service.rs:161
1791662384.749122 runnervmmprz5 zainod-0.10.1[2979]:   19:59:44.749  INFO zaino_serve::rpc::grpc::service: [TEST] received call, method: "get_lightd_info"
1791662384.749122 runnervmmprz5 zainod-0.10.1[2979]:     at packages/zaino-serve/src/rpc/grpc/service.rs:161
1791662384.752594 runnervmmprz5 zainod-0.10.1[2979]:   19:59:44.752  INFO zaino_serve::rpc::grpc::service: [TEST] received call, method: "get_block"
1791662384.752594 runnervmmprz5 zainod-0.10.1[2979]:     at packages/zaino-serve/src/rpc/grpc/service.rs:161
1791662384.753036 runnervmmprz5 zainod-0.10.1[2979]:   19:59:44.753  INFO zaino_serve::rpc::grpc::service: [TEST] received call, method: "get_block"
1791662384.753036 runnervmmprz5 zainod-0.10.1[2979]:     at packages/zaino-serve/src/rpc/grpc/service.rs:161
1791662387.756426 runnervmmprz5 zainod-0.10.1[2979]:   19:59:47.756  INFO zainodlib::indexer: Zaino status check, chain_state: Ready, fs_mode: persistent, json_rpc: Ready, grpc: Ready
1791662387.756426 runnervmmprz5 zainod-0.10.1[2979]:     at packages/zainod/src/indexer.rs:333
1791662389.751163 runnervmmprz5 zainod-0.10.1[2979]:   19:59:49.751  INFO zaino_serve::rpc::grpc::service: [TEST] received call, method: "get_lightd_info"
1791662389.751163 runnervmmprz5 zainod-0.10.1[2979]:     at packages/zaino-serve/src/rpc/grpc/service.rs:161
1791662389.754637 runnervmmprz5 zainod-0.10.1[2979]:   19:59:49.754  INFO zaino_serve::rpc::grpc::service: [TEST] received call, method: "get_block"
1791662389.754637 runnervmmprz5 zainod-0.10.1[2979]:     at packages/zaino-serve/src/rpc/grpc/service.rs:161
1791662389.755043 runnervmmprz5 zainod-0.10.1[2979]:   19:59:49.755  INFO zaino_serve::rpc::grpc::service: [TEST] received call, method: "get_block"
1791662389.755043 runnervmmprz5 zainod-0.10.1[2979]:     at packages/zaino-serve/src/rpc/grpc/service.rs:161
1791662394.750454 runnervmmprz5 zainod-0.10.1[2979]:   19:59:54.750  INFO zaino_serve::rpc::grpc::service: [TEST] received call, method: "get_lightd_info"
1791662394.750454 runnervmmprz5 zainod-0.10.1[2979]:     at packages/zaino-serve/src/rpc/grpc/service.rs:161
1791662394.753807 runnervmmprz5 zainod-0.10.1[2979]:   19:59:54.753  INFO zaino_serve::rpc::grpc::service: [TEST] received call, method: "get_block"
1791662394.753807 runnervmmprz5 zainod-0.10.1[2979]:     at packages/zaino-serve/src/rpc/grpc/service.rs:161
1791662394.754286 runnervmmprz5 zainod-0.10.1[2979]:   19:59:54.754  INFO zaino_serve::rpc::grpc::service: [TEST] received call, method: "get_block"
1791662394.754286 runnervmmprz5 zainod-0.10.1[2979]:     at packages/zaino-serve/src/rpc/grpc/service.rs:161
1791662397.756910 runnervmmprz5 zainod-0.10.1[2979]:   19:59:57.756  INFO zainodlib::indexer: Zaino status check, chain_state: Ready, fs_mode: persistent, json_rpc: Ready, grpc: Ready
1791662397.756910 runnervmmprz5 zainod-0.10.1[2979]:     at packages/zainod/src/indexer.rs:333
1791662399.752442 runnervmmprz5 zainod-0.10.1[2979]:   19:59:59.752  INFO zaino_serve::rpc::grpc::service: [TEST] received call, method: "get_lightd_info"
1791662399.752442 runnervmmprz5 zainod-0.10.1[2979]:     at packages/zaino-serve/src/rpc/grpc/service.rs:161
1791662399.756003 runnervmmprz5 zainod-0.10.1[2979]:   19:59:59.755  INFO zaino_serve::rpc::grpc::service: [TEST] received call, method: "get_block"
1791662399.756003 runnervmmprz5 zainod-0.10.1[2979]:     at packages/zaino-serve/src/rpc/grpc/service.rs:161
1791662399.756428 runnervmmprz5 zainod-0.10.1[2979]:   19:59:59.756  INFO zaino_serve::rpc::grpc::service: [TEST] received call, method: "get_block"
1791662399.756428 runnervmmprz5 zainod-0.10.1[2979]:     at packages/zaino-serve/src/rpc/grpc/service.rs:161
1791662404.751750 runnervmmprz5 zainod-0.10.1[2979]:   20:00:04.751  INFO zaino_serve::rpc::grpc::service: [TEST] received call, method: "get_lightd_info"
1791662404.751750 runnervmmprz5 zainod-0.10.1[2979]:     at packages/zaino-serve/src/rpc/grpc/service.rs:161
1791662404.755211 runnervmmprz5 zainod-0.10.1[2979]:   20:00:04.755  INFO zaino_serve::rpc::grpc::service: [TEST] received call, method: "get_block"
1791662404.755211 runnervmmprz5 zainod-0.10.1[2979]:     at packages/zaino-serve/src/rpc/grpc/service.rs:161
1791662404.755595 runnervmmprz5 zainod-0.10.1[2979]:   20:00:04.755  INFO zaino_serve::rpc::grpc::service: [TEST] received call, method: "get_block"
1791662404.755595 runnervmmprz5 zainod-0.10.1[2979]:     at packages/zaino-serve/src/rpc/grpc/service.rs:161
1791662407.857007 runnervmmprz5 zainod-0.10.1[2979]:   20:00:07.856  INFO zainodlib::indexer: Zaino status check, chain_state: Ready, fs_mode: persistent, json_rpc: Ready, grpc: Ready
1791662407.857007 runnervmmprz5 zainod-0.10.1[2979]:     at packages/zainod/src/indexer.rs:333
1791662409.753529 runnervmmprz5 zainod-0.10.1[2979]:   20:00:09.753  INFO zaino_serve::rpc::grpc::service: [TEST] received call, method: "get_lightd_info"
1791662409.753529 runnervmmprz5 zainod-0.10.1[2979]:     at packages/zaino-serve/src/rpc/grpc/service.rs:161
1791662409.756949 runnervmmprz5 zainod-0.10.1[2979]:   20:00:09.756  INFO zaino_serve::rpc::grpc::service: [TEST] received call, method: "get_block"
1791662409.756949 runnervmmprz5 zainod-0.10.1[2979]:     at packages/zaino-serve/src/rpc/grpc/service.rs:161
1791662409.757320 runnervmmprz5 zainod-0.10.1[2979]:   20:00:09.757  INFO zaino_serve::rpc::grpc::service: [TEST] received call, method: "get_block"
1791662409.757320 runnervmmprz5 zainod-0.10.1[2979]:     at packages/zaino-serve/src/rpc/grpc/service.rs:161
1791662414.753192 runnervmmprz5 zainod-0.10.1[2979]:   20:00:14.753  INFO zaino_serve::rpc::grpc::service: [TEST] received call, method: "get_lightd_info"
1791662414.753192 runnervmmprz5 zainod-0.10.1[2979]:     at packages/zaino-serve/src/rpc/grpc/service.rs:161
1791662414.756603 runnervmmprz5 zainod-0.10.1[2979]:   20:00:14.756  INFO zaino_serve::rpc::grpc::service: [TEST] received call, method: "get_block"
1791662414.756603 runnervmmprz5 zainod-0.10.1[2979]:     at packages/zaino-serve/src/rpc/grpc/service.rs:161
1791662414.757004 runnervmmprz5 zainod-0.10.1[2979]:   20:00:14.756  INFO zaino_serve::rpc::grpc::service: [TEST] received call, method: "get_block"
1791662414.757004 runnervmmprz5 zainod-0.10.1[2979]:     at packages/zaino-serve/src/rpc/grpc/service.rs:161
1791662417.956716 runnervmmprz5 zainod-0.10.1[2979]:   20:00:17.956  INFO zainodlib::indexer: Zaino status check, chain_state: Ready, fs_mode: persistent, json_rpc: Ready, grpc: Ready
1791662417.956716 runnervmmprz5 zainod-0.10.1[2979]:     at packages/zainod/src/indexer.rs:333
1791662419.755046 runnervmmprz5 zainod-0.10.1[2979]:   20:00:19.755  INFO zaino_serve::rpc::grpc::service: [TEST] received call, method: "get_lightd_info"
1791662419.755046 runnervmmprz5 zainod-0.10.1[2979]:     at packages/zaino-serve/src/rpc/grpc/service.rs:161
1791662419.758716 runnervmmprz5 zainod-0.10.1[2979]:   20:00:19.758  INFO zaino_serve::rpc::grpc::service: [TEST] received call, method: "get_block"
1791662419.758716 runnervmmprz5 zainod-0.10.1[2979]:     at packages/zaino-serve/src/rpc/grpc/service.rs:161
1791662419.759125 runnervmmprz5 zainod-0.10.1[2979]:   20:00:19.759  INFO zaino_serve::rpc::grpc::service: [TEST] received call, method: "get_block"
1791662419.759125 runnervmmprz5 zainod-0.10.1[2979]:     at packages/zaino-serve/src/rpc/grpc/service.rs:161
1791662424.753929 runnervmmprz5 zainod-0.10.1[2979]:   20:00:24.753  INFO zaino_serve::rpc::grpc::service: [TEST] received call, method: "get_lightd_info"
1791662424.753929 runnervmmprz5 zainod-0.10.1[2979]:     at packages/zaino-serve/src/rpc/grpc/service.rs:161
1791662424.757404 runnervmmprz5 zainod-0.10.1[2979]:   20:00:24.757  INFO zaino_serve::rpc::grpc::service: [TEST] received call, method: "get_block"
1791662424.757404 runnervmmprz5 zainod-0.10.1[2979]:     at packages/zaino-serve/src/rpc/grpc/service.rs:161
1791662424.757859 runnervmmprz5 zainod-0.10.1[2979]:   20:00:24.757  INFO zaino_serve::rpc::grpc::service: [TEST] received call, method: "get_block"
1791662424.757859 runnervmmprz5 zainod-0.10.1[2979]:     at packages/zaino-serve/src/rpc/grpc/service.rs:161
1791662427.956882 runnervmmprz5 zainod-0.10.1[2979]:   20:00:27.956  INFO zainodlib::indexer: Zaino status check, chain_state: Ready, fs_mode: persistent, json_rpc: Ready, grpc: Ready
1791662427.956882 runnervmmprz5 zainod-0.10.1[2979]:     at packages/zainod/src/indexer.rs:333
1791662429.756126 runnervmmprz5 zainod-0.10.1[2979]:   20:00:29.756  INFO zaino_serve::rpc::grpc::service: [TEST] received call, method: "get_lightd_info"
1791662429.756126 runnervmmprz5 zainod-0.10.1[2979]:     at packages/zaino-serve/src/rpc/grpc/service.rs:161
1791662429.759535 runnervmmprz5 zainod-0.10.1[2979]:   20:00:29.759  INFO zaino_serve::rpc::grpc::service: [TEST] received call, method: "get_block"
1791662429.759535 runnervmmprz5 zainod-0.10.1[2979]:     at packages/zaino-serve/src/rpc/grpc/service.rs:161
1791662429.759920 runnervmmprz5 zainod-0.10.1[2979]:   20:00:29.759  INFO zaino_serve::rpc::grpc::service: [TEST] received call, method: "get_block"
1791662429.759920 runnervmmprz5 zainod-0.10.1[2979]:     at packages/zaino-serve/src/rpc/grpc/service.rs:161
1791662434.755225 runnervmmprz5 zainod-0.10.1[2979]:   20:00:34.755  INFO zaino_serve::rpc::grpc::service: [TEST] received call, method: "get_lightd_info"
1791662434.755225 runnervmmprz5 zainod-0.10.1[2979]:     at packages/zaino-serve/src/rpc/grpc/service.rs:161
1791662434.758668 runnervmmprz5 zainod-0.10.1[2979]:   20:00:34.758  INFO zaino_serve::rpc::grpc::service: [TEST] received call, method: "get_block"
1791662434.758668 runnervmmprz5 zainod-0.10.1[2979]:     at packages/zaino-serve/src/rpc/grpc/service.rs:161
1791662434.759076 runnervmmprz5 zainod-0.10.1[2979]:   20:00:34.759  INFO zaino_serve::rpc::grpc::service: [TEST] received call, method: "get_block"
1791662434.759076 runnervmmprz5 zainod-0.10.1[2979]:     at packages/zaino-serve/src/rpc/grpc/service.rs:161
1791662438.057169 runnervmmprz5 zainod-0.10.1[2979]:   20:00:38.057  INFO zainodlib::indexer: Zaino status check, chain_state: Ready, fs_mode: persistent, json_rpc: Ready, grpc: Ready
1791662438.057169 runnervmmprz5 zainod-0.10.1[2979]:     at packages/zainod/src/indexer.rs:333
1791662439.757025 runnervmmprz5 zainod-0.10.1[2979]:   20:00:39.756  INFO zaino_serve::rpc::grpc::service: [TEST] received call, method: "get_lightd_info"
1791662439.757025 runnervmmprz5 zainod-0.10.1[2979]:     at packages/zaino-serve/src/rpc/grpc/service.rs:161
1791662439.760405 runnervmmprz5 zainod-0.10.1[2979]:   20:00:39.760  INFO zaino_serve::rpc::grpc::service: [TEST] received call, method: "get_block"
1791662439.760405 runnervmmprz5 zainod-0.10.1[2979]:     at packages/zaino-serve/src/rpc/grpc/service.rs:161
1791662439.760784 runnervmmprz5 zainod-0.10.1[2979]:   20:00:39.760  INFO zaino_serve::rpc::grpc::service: [TEST] received call, method: "get_block"
1791662439.760784 runnervmmprz5 zainod-0.10.1[2979]:     at packages/zaino-serve/src/rpc/grpc/service.rs:161
1791662444.756231 runnervmmprz5 zainod-0.10.1[2979]:   20:00:44.756  INFO zaino_serve::rpc::grpc::service: [TEST] received call, method: "get_lightd_info"
1791662444.756231 runnervmmprz5 zainod-0.10.1[2979]:     at packages/zaino-serve/src/rpc/grpc/service.rs:161
1791662444.759578 runnervmmprz5 zainod-0.10.1[2979]:   20:00:44.759  INFO zaino_serve::rpc::grpc::service: [TEST] received call, method: "get_block"
1791662444.759578 runnervmmprz5 zainod-0.10.1[2979]:     at packages/zaino-serve/src/rpc/grpc/service.rs:161
1791662444.759980 runnervmmprz5 zainod-0.10.1[2979]:   20:00:44.759  INFO zaino_serve::rpc::grpc::service: [TEST] received call, method: "get_block"
1791662444.759980 runnervmmprz5 zainod-0.10.1[2979]:     at packages/zaino-serve/src/rpc/grpc/service.rs:161
1791662448.157165 runnervmmprz5 zainod-0.10.1[2979]:   20:00:48.157  INFO zainodlib::indexer: Zaino status check, chain_state: Ready, fs_mode: persistent, json_rpc: Ready, grpc: Ready
1791662448.157165 runnervmmprz5 zainod-0.10.1[2979]:     at packages/zainod/src/indexer.rs:333
1791662449.758517 runnervmmprz5 zainod-0.10.1[2979]:   20:00:49.758  INFO zaino_serve::rpc::grpc::service: [TEST] received call, method: "get_lightd_info"
1791662449.758517 runnervmmprz5 zainod-0.10.1[2979]:     at packages/zaino-serve/src/rpc/grpc/service.rs:161
1791662449.761887 runnervmmprz5 zainod-0.10.1[2979]:   20:00:49.761  INFO zaino_serve::rpc::grpc::service: [TEST] received call, method: "get_block"
1791662449.761887 runnervmmprz5 zainod-0.10.1[2979]:     at packages/zaino-serve/src/rpc/grpc/service.rs:161
1791662449.762268 runnervmmprz5 zainod-0.10.1[2979]:   20:00:49.762  INFO zaino_serve::rpc::grpc::service: [TEST] received call, method: "get_block"
1791662449.762268 runnervmmprz5 zainod-0.10.1[2979]:     at packages/zaino-serve/src/rpc/grpc/service.rs:161
1791662454.757913 runnervmmprz5 zainod-0.10.1[2979]:   20:00:54.757  INFO zaino_serve::rpc::grpc::service: [TEST] received call, method: "get_lightd_info"
1791662454.757913 runnervmmprz5 zainod-0.10.1[2979]:     at packages/zaino-serve/src/rpc/grpc/service.rs:161
1791662454.761253 runnervmmprz5 zainod-0.10.1[2979]:   20:00:54.761  INFO zaino_serve::rpc::grpc::service: [TEST] received call, method: "get_block"
1791662454.761253 runnervmmprz5 zainod-0.10.1[2979]:     at packages/zaino-serve/src/rpc/grpc/service.rs:161
1791662454.761627 runnervmmprz5 zainod-0.10.1[2979]:   20:00:54.761  INFO zaino_serve::rpc::grpc::service: [TEST] received call, method: "get_block"
1791662454.761627 runnervmmprz5 zainod-0.10.1[2979]:     at packages/zaino-serve/src/rpc/grpc/service.rs:161
1791662458.257236 runnervmmprz5 zainod-0.10.1[2979]:   20:00:58.257  INFO zainodlib::indexer: Zaino status check, chain_state: Ready, fs_mode: persistent, json_rpc: Ready, grpc: Ready
1791662458.257236 runnervmmprz5 zainod-0.10.1[2979]:     at packages/zainod/src/indexer.rs:333
1791662459.759522 runnervmmprz5 zainod-0.10.1[2979]:   20:00:59.759  INFO zaino_serve::rpc::grpc::service: [TEST] received call, method: "get_lightd_info"
1791662459.759522 runnervmmprz5 zainod-0.10.1[2979]:     at packages/zaino-serve/src/rpc/grpc/service.rs:161
1791662459.762948 runnervmmprz5 zainod-0.10.1[2979]:   20:00:59.762  INFO zaino_serve::rpc::grpc::service: [TEST] received call, method: "get_block"
1791662459.762948 runnervmmprz5 zainod-0.10.1[2979]:     at packages/zaino-serve/src/rpc/grpc/service.rs:161
1791662459.763346 runnervmmprz5 zainod-0.10.1[2979]:   20:00:59.763  INFO zaino_serve::rpc::grpc::service: [TEST] received call, method: "get_block"
1791662459.763346 runnervmmprz5 zainod-0.10.1[2979]:     at packages/zaino-serve/src/rpc/grpc/service.rs:161
1791662464.759012 runnervmmprz5 zainod-0.10.1[2979]:   20:01:04.758  INFO zaino_serve::rpc::grpc::service: [TEST] received call, method: "get_lightd_info"
1791662464.759012 runnervmmprz5 zainod-0.10.1[2979]:     at packages/zaino-serve/src/rpc/grpc/service.rs:161
1791662464.762339 runnervmmprz5 zainod-0.10.1[2979]:   20:01:04.762  INFO zaino_serve::rpc::grpc::service: [TEST] received call, method: "get_block"
1791662464.762339 runnervmmprz5 zainod-0.10.1[2979]:     at packages/zaino-serve/src/rpc/grpc/service.rs:161
1791662464.762715 runnervmmprz5 zainod-0.10.1[2979]:   20:01:04.762  INFO zaino_serve::rpc::grpc::service: [TEST] received call, method: "get_block"
1791662464.762715 runnervmmprz5 zainod-0.10.1[2979]:     at packages/zaino-serve/src/rpc/grpc/service.rs:161
1791662468.357204 runnervmmprz5 zainod-0.10.1[2979]:   20:01:08.357  INFO zainodlib::indexer: Zaino status check, chain_state: Ready, fs_mode: persistent, json_rpc: Ready, grpc: Ready
1791662468.357204 runnervmmprz5 zainod-0.10.1[2979]:     at packages/zainod/src/indexer.rs:333
1791662469.760665 runnervmmprz5 zainod-0.10.1[2979]:   20:01:09.760  INFO zaino_serve::rpc::grpc::service: [TEST] received call, method: "get_lightd_info"
1791662469.760665 runnervmmprz5 zainod-0.10.1[2979]:     at packages/zaino-serve/src/rpc/grpc/service.rs:161
1791662469.764408 runnervmmprz5 zainod-0.10.1[2979]:   20:01:09.764  INFO zaino_serve::rpc::grpc::service: [TEST] received call, method: "get_block"
1791662469.764408 runnervmmprz5 zainod-0.10.1[2979]:     at packages/zaino-serve/src/rpc/grpc/service.rs:161
1791662469.764783 runnervmmprz5 zainod-0.10.1[2979]:   20:01:09.764  INFO zaino_serve::rpc::grpc::service: [TEST] received call, method: "get_block"
1791662469.764783 runnervmmprz5 zainod-0.10.1[2979]:     at packages/zaino-serve/src/rpc/grpc/service.rs:161
1791662474.760087 runnervmmprz5 zainod-0.10.1[2979]:   20:01:14.760  INFO zaino_serve::rpc::grpc::service: [TEST] received call, method: "get_lightd_info"
1791662474.760087 runnervmmprz5 zainod-0.10.1[2979]:     at packages/zaino-serve/src/rpc/grpc/service.rs:161
1791662474.763613 runnervmmprz5 zainod-0.10.1[2979]:   20:01:14.763  INFO zaino_serve::rpc::grpc::service: [TEST] received call, method: "get_block"
1791662474.763613 runnervmmprz5 zainod-0.10.1[2979]:     at packages/zaino-serve/src/rpc/grpc/service.rs:161
1791662474.764032 runnervmmprz5 zainod-0.10.1[2979]:   20:01:14.763  INFO zaino_serve::rpc::grpc::service: [TEST] received call, method: "get_block"
1791662474.764032 runnervmmprz5 zainod-0.10.1[2979]:     at packages/zaino-serve/src/rpc/grpc/service.rs:161
1791662478.457026 runnervmmprz5 zainod-0.10.1[2979]:   20:01:18.456  INFO zainodlib::indexer: Zaino status check, chain_state: Ready, fs_mode: persistent, json_rpc: Ready, grpc: Ready
1791662478.457026 runnervmmprz5 zainod-0.10.1[2979]:     at packages/zainod/src/indexer.rs:333
1791662479.761675 runnervmmprz5 zainod-0.10.1[2979]:   20:01:19.761  INFO zaino_serve::rpc::grpc::service: [TEST] received call, method: "get_lightd_info"
1791662479.761675 runnervmmprz5 zainod-0.10.1[2979]:     at packages/zaino-serve/src/rpc/grpc/service.rs:161
1791662479.765218 runnervmmprz5 zainod-0.10.1[2979]:   20:01:19.765  INFO zaino_serve::rpc::grpc::service: [TEST] received call, method: "get_block"
1791662479.765218 runnervmmprz5 zainod-0.10.1[2979]:     at packages/zaino-serve/src/rpc/grpc/service.rs:161
1791662479.765583 runnervmmprz5 zainod-0.10.1[2979]:   20:01:19.765  INFO zaino_serve::rpc::grpc::service: [TEST] received call, method: "get_block"
1791662479.765583 runnervmmprz5 zainod-0.10.1[2979]:     at packages/zaino-serve/src/rpc/grpc/service.rs:161
1791662484.760964 runnervmmprz5 zainod-0.10.1[2979]:   20:01:24.760  INFO zaino_serve::rpc::grpc::service: [TEST] received call, method: "get_lightd_info"
1791662484.760964 runnervmmprz5 zainod-0.10.1[2979]:     at packages/zaino-serve/src/rpc/grpc/service.rs:161
1791662484.764471 runnervmmprz5 zainod-0.10.1[2979]:   20:01:24.764  INFO zaino_serve::rpc::grpc::service: [TEST] received call, method: "get_block"
1791662484.764471 runnervmmprz5 zainod-0.10.1[2979]:     at packages/zaino-serve/src/rpc/grpc/service.rs:161
1791662484.764904 runnervmmprz5 zainod-0.10.1[2979]:   20:01:24.764  INFO zaino_serve::rpc::grpc::service: [TEST] received call, method: "get_block"
1791662484.764904 runnervmmprz5 zainod-0.10.1[2979]:     at packages/zaino-serve/src/rpc/grpc/service.rs:161
1791662488.556839 runnervmmprz5 zainod-0.10.1[2979]:   20:01:28.556  INFO zainodlib::indexer: Zaino status check, chain_state: Ready, fs_mode: persistent, json_rpc: Ready, grpc: Ready
1791662488.556839 runnervmmprz5 zainod-0.10.1[2979]:     at packages/zainod/src/indexer.rs:333
1791662489.762929 runnervmmprz5 zainod-0.10.1[2979]:   20:01:29.762  INFO zaino_serve::rpc::grpc::service: [TEST] received call, method: "get_lightd_info"
1791662489.762929 runnervmmprz5 zainod-0.10.1[2979]:     at packages/zaino-serve/src/rpc/grpc/service.rs:161
1791662489.766440 runnervmmprz5 zainod-0.10.1[2979]:   20:01:29.766  INFO zaino_serve::rpc::grpc::service: [TEST] received call, method: "get_block"
1791662489.766440 runnervmmprz5 zainod-0.10.1[2979]:     at packages/zaino-serve/src/rpc/grpc/service.rs:161
1791662489.766843 runnervmmprz5 zainod-0.10.1[2979]:   20:01:29.766  INFO zaino_serve::rpc::grpc::service: [TEST] received call, method: "get_block"
1791662489.766843 runnervmmprz5 zainod-0.10.1[2979]:     at packages/zaino-serve/src/rpc/grpc/service.rs:161
1791662494.762398 runnervmmprz5 zainod-0.10.1[2979]:   20:01:34.762  INFO zaino_serve::rpc::grpc::service: [TEST] received call, method: "get_lightd_info"
1791662494.762398 runnervmmprz5 zainod-0.10.1[2979]:     at packages/zaino-serve/src/rpc/grpc/service.rs:161
1791662494.765868 runnervmmprz5 zainod-0.10.1[2979]:   20:01:34.765  INFO zaino_serve::rpc::grpc::service: [TEST] received call, method: "get_block"
1791662494.765868 runnervmmprz5 zainod-0.10.1[2979]:     at packages/zaino-serve/src/rpc/grpc/service.rs:161
1791662494.766244 runnervmmprz5 zainod-0.10.1[2979]:   20:01:34.766  INFO zaino_serve::rpc::grpc::service: [TEST] received call, method: "get_block"
1791662494.766244 runnervmmprz5 zainod-0.10.1[2979]:     at packages/zaino-serve/src/rpc/grpc/service.rs:161
1791662494.768217 runnervmmprz5 zainod-0.10.1[2979]:   20:01:34.768  INFO zaino_serve::rpc::grpc::service: [TEST] received call, method: "get_latest_block"
1791662494.768217 runnervmmprz5 zainod-0.10.1[2979]:     at packages/zaino-serve/src/rpc/grpc/service.rs:161
1791662494.772277 runnervmmprz5 zainod-0.10.1[2979]:   20:01:34.772  INFO zainodlib::indexer: received shutdown signal; closing Zaino gracefully
1791662494.772277 runnervmmprz5 zainod-0.10.1[2979]:     at packages/zainod/src/indexer.rs:215
1791662494.772448 runnervmmprz5 systemd[1]: Stopping zbench-zaino-0.10.1.service - /opt/zbench/bin/zainod-0.10.1 start --config /home/runner/work/zcash-indexer-bench/zcash-indexer-bench/runs/zaino-0.10.1-r1-nodelay/index/zainod.toml...
1791662494.998468 runnervmmprz5 zainod-0.10.1[2979]:   20:01:34.998  INFO zainodlib: Exiting Zaino successfully.
1791662494.998468 runnervmmprz5 zainod-0.10.1[2979]:     at packages/zainod/src/lib.rs:56
1791662495.074886 runnervmmprz5 systemd[1]: zbench-zaino-0.10.1.service: Deactivated successfully.
1791662495.075177 runnervmmprz5 systemd[1]: Stopped zbench-zaino-0.10.1.service - /opt/zbench/bin/zainod-0.10.1 start --config /home/runner/work/zcash-indexer-bench/zcash-indexer-bench/runs/zaino-0.10.1-r1-nodelay/index/zainod.toml.
1791662495.075458 runnervmmprz5 systemd[1]: zbench-zaino-0.10.1.service: Consumed 38min 6.293s CPU time, 13.8G memory peak, 0B memory swap peak, read 10.7G from disk, written 39.0G to disk.
