t,elapsed_s,metric,value
1791660571.643,2.914,zaino_sync_iterations_total,1.0
1791660571.643,2.914,zaino_sync_lag_blocks,1001.0
1791660571.643,2.914,zaino_sync_has_reached_tip,1.0
1791660571.643,2.914,zaino_mempool_coherence_frozen_seconds,0.000939252
1791660571.643,2.914,zaino_sync_reached_tip_at,1791660571.3371623
1791660571.643,2.914,zaino_chain_tip_height,4382897.0
1791660571.643,2.914,zaino_db_finalised_ephemeral,1.0
1791660571.643,2.914,"zaino_sync_iteration_duration_seconds{quantile=""0""}",0.000938634
1791660571.643,2.914,"zaino_sync_iteration_duration_seconds{quantile=""0.5""}",0.0009386198294174863
1791660571.643,2.914,"zaino_sync_iteration_duration_seconds{quantile=""0.9""}",0.0009386198294174863
1791660571.643,2.914,"zaino_sync_iteration_duration_seconds{quantile=""0.95""}",0.0009386198294174863
1791660571.643,2.914,"zaino_sync_iteration_duration_seconds{quantile=""0.99""}",0.0009386198294174863
1791660571.643,2.914,"zaino_sync_iteration_duration_seconds{quantile=""0.999""}",0.0009386198294174863
1791660571.643,2.914,"zaino_sync_iteration_duration_seconds{quantile=""1""}",0.000938634
1791660571.643,2.914,zaino_sync_iteration_duration_seconds_sum,0.000938634
1791660571.643,2.914,zaino_sync_iteration_duration_seconds_count,1.0
1791660571.643,2.914,"zaino_sync_block_build_seconds{quantile=""0""}",0.001132421
1791660571.643,2.914,"zaino_sync_block_build_seconds{quantile=""0.5""}",0.0012802498469067925
1791660571.643,2.914,"zaino_sync_block_build_seconds{quantile=""0.9""}",0.0013629551570482497
1791660571.643,2.914,"zaino_sync_block_build_seconds{quantile=""0.95""}",0.0013629551570482497
1791660571.643,2.914,"zaino_sync_block_build_seconds{quantile=""0.99""}",0.0013629551570482497
1791660571.643,2.914,"zaino_sync_block_build_seconds{quantile=""0.999""}",0.0013629551570482497
1791660571.643,2.914,"zaino_sync_block_build_seconds{quantile=""1""}",0.001460013
1791660571.643,2.914,zaino_sync_block_build_seconds_sum,0.7181188039999999
1791660571.643,2.914,zaino_sync_block_build_seconds_count,645.0
1791660573.643,4.915,zaino_sync_iterations_total,5.0
1791660573.643,4.915,zaino_mempool_coherence_frozen_seconds,0.0
1791660573.643,4.915,"zaino_sync_iteration_duration_seconds{quantile=""0""}",5.3567e-05
1791660573.643,4.915,"zaino_sync_iteration_duration_seconds{quantile=""0.5""}",9.944557625853446e-05
1791660573.643,4.915,"zaino_sync_iteration_duration_seconds{quantile=""0.9""}",0.000551482732397801
1791660573.643,4.915,"zaino_sync_iteration_duration_seconds{quantile=""0.95""}",0.000551482732397801
1791660573.643,4.915,"zaino_sync_iteration_duration_seconds{quantile=""0.99""}",0.000551482732397801
1791660573.643,4.915,"zaino_sync_iteration_duration_seconds{quantile=""0.999""}",0.000551482732397801
1791660573.643,4.915,zaino_sync_iteration_duration_seconds_sum,0.0016994640000000001
1791660573.643,4.915,zaino_sync_iteration_duration_seconds_count,5.0
1791660573.643,4.915,"zaino_sync_block_build_seconds{quantile=""0""}",0.000294054
1791660573.643,4.915,"zaino_sync_block_build_seconds{quantile=""0.5""}",0.0007683232392647329
1791660573.643,4.915,"zaino_sync_block_build_seconds{quantile=""0.9""}",0.001301939729275388
1791660573.643,4.915,"zaino_sync_block_build_seconds{quantile=""0.95""}",0.0015293690311021602
1791660573.643,4.915,"zaino_sync_block_build_seconds{quantile=""0.99""}",0.002467622789905828
1791660573.643,4.915,"zaino_sync_block_build_seconds{quantile=""0.999""}",0.003561049323375697
1791660573.643,4.915,"zaino_sync_block_build_seconds{quantile=""1""}",0.004865129
1791660573.643,4.915,zaino_sync_block_build_seconds_sum,5.122200208999992
1791660573.643,4.915,zaino_sync_block_build_seconds_count,5688.0
1791660575.643,6.915,zaino_sync_iterations_total,9.0
1791660575.643,6.915,"zaino_grpc_requests_total{method=""get_block""}",2.0
1791660575.643,6.915,"zaino_grpc_requests_total{method=""get_lightd_info""}",1.0
1791660575.643,6.915,"zaino_grpc_request_duration_seconds{method=""get_block"",quantile=""0""}",1.4436e-05
1791660575.643,6.915,"zaino_grpc_request_duration_seconds{method=""get_block"",quantile=""0.5""}",1.4437233306176588e-05
1791660575.643,6.915,"zaino_grpc_request_duration_seconds{method=""get_block"",quantile=""0.9""}",1.4437233306176588e-05
1791660575.643,6.915,"zaino_grpc_request_duration_seconds{method=""get_block"",quantile=""0.95""}",1.4437233306176588e-05
1791660575.643,6.915,"zaino_grpc_request_duration_seconds{method=""get_block"",quantile=""0.99""}",1.4437233306176588e-05
1791660575.643,6.915,"zaino_grpc_request_duration_seconds{method=""get_block"",quantile=""0.999""}",1.4437233306176588e-05
1791660575.643,6.915,"zaino_grpc_request_duration_seconds{method=""get_block"",quantile=""1""}",0.001409587
1791660575.643,6.915,"zaino_grpc_request_duration_seconds_sum{method=""get_block""}",0.001424023
1791660575.643,6.915,"zaino_grpc_request_duration_seconds_count{method=""get_block""}",2.0
1791660575.643,6.915,"zaino_grpc_request_duration_seconds{method=""get_lightd_info"",quantile=""0""}",0.004211966
1791660575.643,6.915,"zaino_grpc_request_duration_seconds{method=""get_lightd_info"",quantile=""0.5""}",0.004211653204420354
1791660575.643,6.915,"zaino_grpc_request_duration_seconds{method=""get_lightd_info"",quantile=""0.9""}",0.004211653204420354
1791660575.643,6.915,"zaino_grpc_request_duration_seconds{method=""get_lightd_info"",quantile=""0.95""}",0.004211653204420354
1791660575.643,6.915,"zaino_grpc_request_duration_seconds{method=""get_lightd_info"",quantile=""0.99""}",0.004211653204420354
1791660575.643,6.915,"zaino_grpc_request_duration_seconds{method=""get_lightd_info"",quantile=""0.999""}",0.004211653204420354
1791660575.643,6.915,"zaino_grpc_request_duration_seconds{method=""get_lightd_info"",quantile=""1""}",0.004211966
1791660575.643,6.915,"zaino_grpc_request_duration_seconds_sum{method=""get_lightd_info""}",0.004211966
1791660575.643,6.915,"zaino_grpc_request_duration_seconds_count{method=""get_lightd_info""}",1.0
1791660575.643,6.915,"zaino_sync_iteration_duration_seconds{quantile=""0""}",4.4098e-05
1791660575.643,6.915,"zaino_sync_iteration_duration_seconds{quantile=""0.9""}",0.0005801058159094467
1791660575.643,6.915,"zaino_sync_iteration_duration_seconds{quantile=""0.95""}",0.0005801058159094467
1791660575.643,6.915,"zaino_sync_iteration_duration_seconds{quantile=""0.99""}",0.0005801058159094467
1791660575.643,6.915,"zaino_sync_iteration_duration_seconds{quantile=""0.999""}",0.0005801058159094467
1791660575.643,6.915,zaino_sync_iteration_duration_seconds_sum,0.002519193
1791660575.643,6.915,zaino_sync_iteration_duration_seconds_count,9.0
1791660575.643,6.915,"zaino_sync_block_build_seconds{quantile=""0""}",0.000287151
1791660575.643,6.915,"zaino_sync_block_build_seconds{quantile=""0.5""}",0.0007318755815085539
1791660575.643,6.915,"zaino_sync_block_build_seconds{quantile=""0.9""}",0.0012543973420518926
1791660575.643,6.915,"zaino_sync_block_build_seconds{quantile=""0.95""}",0.0015075039235832946
1791660575.643,6.915,"zaino_sync_block_build_seconds{quantile=""0.99""}",0.0022026369441666914
1791660575.643,6.915,"zaino_sync_block_build_seconds{quantile=""0.999""}",0.0035362090205204146
1791660575.643,6.915,zaino_sync_block_build_seconds_sum,9.586603837999977
1791660575.643,6.915,zaino_sync_block_build_seconds_count,11283.0
1791660577.643,8.915,zaino_sync_iterations_total,13.0
1791660577.643,8.915,"zaino_sync_iteration_duration_seconds{quantile=""0""}",4.1274e-05
1791660577.643,8.915,"zaino_sync_iteration_duration_seconds{quantile=""0.5""}",6.826591003680664e-05
1791660577.643,8.915,"zaino_sync_iteration_duration_seconds{quantile=""0.9""}",0.000551482732397801
1791660577.643,8.915,zaino_sync_iteration_duration_seconds_sum,0.0027586579999999998
1791660577.643,8.915,zaino_sync_iteration_duration_seconds_count,13.0
1791660577.643,8.915,"zaino_sync_block_build_seconds{quantile=""0""}",0.000200845
1791660577.643,8.915,"zaino_sync_block_build_seconds{quantile=""0.5""}",0.0007031783293931269
1791660577.643,8.915,"zaino_sync_block_build_seconds{quantile=""0.9""}",0.0011915503228543689
1791660577.643,8.915,"zaino_sync_block_build_seconds{quantile=""0.95""}",0.0014449218718562702
1791660577.643,8.915,"zaino_sync_block_build_seconds{quantile=""0.99""}",0.002155570137471331
1791660577.643,8.915,"zaino_sync_block_build_seconds{quantile=""0.999""}",0.0034440746271672505
1791660577.643,8.915,zaino_sync_block_build_seconds_sum,14.049692363000004
1791660577.643,8.915,zaino_sync_block_build_seconds_count,17397.0
1791660579.643,10.915,zaino_sync_iterations_total,17.0
1791660579.643,10.915,"zaino_sync_iteration_duration_seconds{quantile=""0.5""}",7.38333496087756e-05
1791660579.643,10.915,zaino_sync_iteration_duration_seconds_sum,0.0030668089999999998
1791660579.643,10.915,zaino_sync_iteration_duration_seconds_count,17.0
1791660579.643,10.915,"zaino_sync_block_build_seconds{quantile=""0.5""}",0.0006904962408278292
1791660579.643,10.915,"zaino_sync_block_build_seconds{quantile=""0.9""}",0.0011432273271152723
1791660579.643,10.915,"zaino_sync_block_build_seconds{quantile=""0.95""}",0.0013744522003852591
1791660579.643,10.915,"zaino_sync_block_build_seconds{quantile=""0.99""}",0.0020430734216365233
1791660579.643,10.915,"zaino_sync_block_build_seconds{quantile=""0.999""}",0.003160263008874418
1791660579.643,10.915,zaino_sync_block_build_seconds_sum,18.460124638000014
1791660579.643,10.915,zaino_sync_block_build_seconds_count,23685.0
1791660581.644,12.915,"zaino_grpc_requests_total{method=""get_lightd_info""}",2.0
1791660581.644,12.915,"zaino_grpc_requests_total{method=""get_block""}",4.0
1791660581.644,12.915,zaino_sync_iterations_total,21.0
1791660581.644,12.915,zaino_sync_target_height,4381896.0
1791660581.644,12.915,zaino_sync_finalized_height,29252.0
1791660581.644,12.915,"zaino_grpc_request_duration_seconds{method=""get_block"",quantile=""0.5""}",1.8207079766196873e-05
1791660581.644,12.915,"zaino_grpc_request_duration_seconds{method=""get_block"",quantile=""0.9""}",0.00042454182436535876
1791660581.644,12.915,"zaino_grpc_request_duration_seconds{method=""get_block"",quantile=""0.95""}",0.00042454182436535876
1791660581.644,12.915,"zaino_grpc_request_duration_seconds{method=""get_block"",quantile=""0.99""}",0.00042454182436535876
1791660581.644,12.915,"zaino_grpc_request_duration_seconds{method=""get_block"",quantile=""0.999""}",0.00042454182436535876
1791660581.644,12.915,"zaino_grpc_request_duration_seconds_sum{method=""get_block""}",0.001866754
1791660581.644,12.915,"zaino_grpc_request_duration_seconds_count{method=""get_block""}",4.0
1791660581.644,12.915,"zaino_grpc_request_duration_seconds{method=""get_lightd_info"",quantile=""0""}",0.003609645
1791660581.644,12.915,"zaino_grpc_request_duration_seconds{method=""get_lightd_info"",quantile=""0.5""}",0.00360981041821234
1791660581.644,12.915,"zaino_grpc_request_duration_seconds{method=""get_lightd_info"",quantile=""0.9""}",0.00360981041821234
1791660581.644,12.915,"zaino_grpc_request_duration_seconds{method=""get_lightd_info"",quantile=""0.95""}",0.00360981041821234
1791660581.644,12.915,"zaino_grpc_request_duration_seconds{method=""get_lightd_info"",quantile=""0.99""}",0.00360981041821234
1791660581.644,12.915,"zaino_grpc_request_duration_seconds{method=""get_lightd_info"",quantile=""0.999""}",0.00360981041821234
1791660581.644,12.915,"zaino_grpc_request_duration_seconds_sum{method=""get_lightd_info""}",0.007821611
1791660581.644,12.915,"zaino_grpc_request_duration_seconds_count{method=""get_lightd_info""}",2.0
1791660581.644,12.915,"zaino_sync_iteration_duration_seconds{quantile=""0.5""}",7.195281242451832e-05
1791660581.644,12.915,zaino_sync_iteration_duration_seconds_sum,0.003308195
1791660581.644,12.915,zaino_sync_iteration_duration_seconds_count,21.0
1791660581.644,12.915,"zaino_sync_block_build_seconds{quantile=""0.5""}",0.0006803521478804094
1791660581.644,12.915,"zaino_sync_block_build_seconds{quantile=""0.9""}",0.0010966447063061242
1791660581.644,12.915,"zaino_sync_block_build_seconds{quantile=""0.95""}",0.0013208232968192942
1791660581.644,12.915,"zaino_sync_block_build_seconds{quantile=""0.99""}",0.0019461542643898742
1791660581.644,12.915,"zaino_sync_block_build_seconds{quantile=""0.999""}",0.0030570648450760824
1791660581.644,12.915,zaino_sync_block_build_seconds_sum,22.908042340000048
1791660581.644,12.915,zaino_sync_block_build_seconds_count,30198.0
1791660583.644,14.916,zaino_sync_iterations_total,25.0
1791660583.644,14.916,"zaino_sync_iteration_duration_seconds{quantile=""0.9""}",0.0001464099441194936
1791660583.644,14.916,"zaino_sync_iteration_duration_seconds{quantile=""0.95""}",0.000551482732397801
1791660583.644,14.916,zaino_sync_iteration_duration_seconds_sum,0.0035705910000000006
1791660583.644,14.916,zaino_sync_iteration_duration_seconds_count,25.0
1791660583.644,14.916,"zaino_sync_block_build_seconds{quantile=""0.5""}",0.0006821233650553447
1791660583.644,14.916,"zaino_sync_block_build_seconds{quantile=""0.9""}",0.001080533878797883
1791660583.644,14.916,"zaino_sync_block_build_seconds{quantile=""0.95""}",0.001292340934589551
1791660583.644,14.916,"zaino_sync_block_build_seconds{quantile=""0.99""}",0.0018882590237109741
1791660583.644,14.916,"zaino_sync_block_build_seconds{quantile=""0.999""}",0.002966121640719065
1791660583.644,14.916,zaino_sync_block_build_seconds_sum,27.370720272000185
1791660583.644,14.916,zaino_sync_block_build_seconds_count,36345.0
1791660585.644,16.916,zaino_sync_iterations_total,29.0
1791660585.644,16.916,"zaino_grpc_requests_total{method=""get_lightd_info""}",3.0
1791660585.644,16.916,"zaino_grpc_requests_total{method=""get_block""}",6.0
1791660585.644,16.916,"zaino_grpc_request_duration_seconds{method=""get_block"",quantile=""0""}",1.3532e-05
1791660585.644,16.916,"zaino_grpc_request_duration_seconds_sum{method=""get_block""}",0.00212714
1791660585.644,16.916,"zaino_grpc_request_duration_seconds_count{method=""get_block""}",6.0
1791660585.644,16.916,"zaino_grpc_request_duration_seconds{method=""get_lightd_info"",quantile=""0.5""}",0.004211653204420354
1791660585.644,16.916,"zaino_grpc_request_duration_seconds{method=""get_lightd_info"",quantile=""0.9""}",0.004211653204420354
1791660585.644,16.916,"zaino_grpc_request_duration_seconds{method=""get_lightd_info"",quantile=""0.95""}",0.004211653204420354
1791660585.644,16.916,"zaino_grpc_request_duration_seconds{method=""get_lightd_info"",quantile=""0.99""}",0.004211653204420354
1791660585.644,16.916,"zaino_grpc_request_duration_seconds{method=""get_lightd_info"",quantile=""0.999""}",0.004211653204420354
1791660585.644,16.916,"zaino_grpc_request_duration_seconds{method=""get_lightd_info"",quantile=""1""}",0.004406899
1791660585.644,16.916,"zaino_grpc_request_duration_seconds_sum{method=""get_lightd_info""}",0.012228509999999998
1791660585.644,16.916,"zaino_grpc_request_duration_seconds_count{method=""get_lightd_info""}",3.0
1791660585.644,16.916,"zaino_sync_iteration_duration_seconds{quantile=""0.9""}",0.0002422597566799805
1791660585.644,16.916,zaino_sync_iteration_duration_seconds_sum,0.003999447000000001
1791660585.644,16.916,zaino_sync_iteration_duration_seconds_count,29.0
1791660585.644,16.916,"zaino_sync_block_build_seconds{quantile=""0.5""}",0.0006788570183955578
1791660585.644,16.916,"zaino_sync_block_build_seconds{quantile=""0.9""}",0.0010693545596434728
1791660585.644,16.916,"zaino_sync_block_build_seconds{quantile=""0.95""}",0.0012733551301997764
1791660585.644,16.916,"zaino_sync_block_build_seconds{quantile=""0.99""}",0.001858658987103739
1791660585.644,16.916,"zaino_sync_block_build_seconds{quantile=""0.999""}",0.003018183784571367
1791660585.644,16.916,zaino_sync_block_build_seconds_sum,31.847244579000126
1791660585.644,16.916,zaino_sync_block_build_seconds_count,42636.0
1791660587.645,18.917,zaino_sync_iterations_total,33.0
1791660587.645,18.917,"zaino_sync_iteration_duration_seconds{quantile=""0.5""}",7.202480122558428e-05
1791660587.645,18.917,"zaino_sync_iteration_duration_seconds{quantile=""0.9""}",0.0001464099441194936
1791660587.645,18.917,zaino_sync_iteration_duration_seconds_sum,0.004333380000000001
1791660587.645,18.917,zaino_sync_iteration_duration_seconds_count,33.0
1791660587.645,18.917,"zaino_sync_block_build_seconds{quantile=""0""}",0.000126617
1791660587.645,18.917,"zaino_sync_block_build_seconds{quantile=""0.5""}",0.0006581352968777081
1791660587.645,18.917,"zaino_sync_block_build_seconds{quantile=""0.9""}",0.001034434862550322
1791660587.645,18.917,"zaino_sync_block_build_seconds{quantile=""0.95""}",0.0012384433792068355
1791660587.645,18.917,"zaino_sync_block_build_seconds{quantile=""0.99""}",0.0018251373654868154
1791660587.645,18.917,"zaino_sync_block_build_seconds{quantile=""0.999""}",0.002966121640719065
1791660587.645,18.917,zaino_sync_block_build_seconds_sum,35.892078289000196
1791660587.645,18.917,zaino_sync_block_build_seconds_count,50124.0
1791660589.645,20.917,zaino_sync_iterations_total,37.0
1791660589.645,20.917,"zaino_sync_iteration_duration_seconds{quantile=""0""}",3.541e-05
1791660589.645,20.917,"zaino_sync_iteration_duration_seconds{quantile=""0.5""}",7.195281242451832e-05
1791660589.645,20.917,zaino_sync_iteration_duration_seconds_sum,0.0045257480000000004
1791660589.645,20.917,zaino_sync_iteration_duration_seconds_count,37.0
1791660589.645,20.917,"zaino_sync_block_build_seconds{quantile=""0""}",0.000119489
1791660589.645,20.917,"zaino_sync_block_build_seconds{quantile=""0.5""}",0.0006395792437106398
1791660589.645,20.917,"zaino_sync_block_build_seconds{quantile=""0.9""}",0.0010092982132624787
1791660589.645,20.917,"zaino_sync_block_build_seconds{quantile=""0.95""}",0.001207866103125634
1791660589.645,20.917,"zaino_sync_block_build_seconds{quantile=""0.99""}",0.0017793626757835479
1791660589.645,20.917,"zaino_sync_block_build_seconds{quantile=""0.999""}",0.002932499862163636
1791660589.645,20.917,zaino_sync_block_build_seconds_sum,39.866310430000404
1791660589.645,20.917,zaino_sync_block_build_seconds_count,57865.0
1791660591.645,22.917,"zaino_grpc_requests_total{method=""get_lightd_info""}",4.0
1791660591.645,22.917,"zaino_grpc_requests_total{method=""get_block""}",8.0
1791660591.645,22.917,zaino_sync_iterations_total,41.0
1791660591.645,22.917,zaino_sync_finalized_height,64250.0
1791660591.645,22.917,"zaino_grpc_request_duration_seconds{method=""get_block"",quantile=""0.9""}",0.0006858167945234893
1791660591.645,22.917,"zaino_grpc_request_duration_seconds{method=""get_block"",quantile=""0.95""}",0.0006858167945234893
1791660591.645,22.917,"zaino_grpc_request_duration_seconds{method=""get_block"",quantile=""0.99""}",0.0006858167945234893
1791660591.645,22.917,"zaino_grpc_request_duration_seconds{method=""get_block"",quantile=""0.999""}",0.0006858167945234893
1791660591.645,22.917,"zaino_grpc_request_duration_seconds_sum{method=""get_block""}",0.002827263
1791660591.645,22.917,"zaino_grpc_request_duration_seconds_count{method=""get_block""}",8.0
1791660591.645,22.917,"zaino_grpc_request_duration_seconds{method=""get_lightd_info"",quantile=""0.9""}",0.004407269143887241
1791660591.645,22.917,"zaino_grpc_request_duration_seconds{method=""get_lightd_info"",quantile=""0.95""}",0.004407269143887241
1791660591.645,22.917,"zaino_grpc_request_duration_seconds{method=""get_lightd_info"",quantile=""0.99""}",0.004407269143887241
1791660591.645,22.917,"zaino_grpc_request_duration_seconds{method=""get_lightd_info"",quantile=""0.999""}",0.004407269143887241
1791660591.645,22.917,"zaino_grpc_request_duration_seconds{method=""get_lightd_info"",quantile=""1""}",0.005787156
1791660591.645,22.917,"zaino_grpc_request_duration_seconds_sum{method=""get_lightd_info""}",0.018015666
1791660591.645,22.917,"zaino_grpc_request_duration_seconds_count{method=""get_lightd_info""}",4.0
1791660591.645,22.917,"zaino_sync_iteration_duration_seconds{quantile=""0.5""}",7.250173707228121e-05
1791660591.645,22.917,"zaino_sync_iteration_duration_seconds{quantile=""0.9""}",0.0002422597566799805
1791660591.645,22.917,zaino_sync_iteration_duration_seconds_sum,0.005136368000000001
1791660591.645,22.917,zaino_sync_iteration_duration_seconds_count,41.0
1791660591.645,22.917,"zaino_sync_block_build_seconds{quantile=""0.5""}",0.0006251618200926068
1791660591.645,22.917,"zaino_sync_block_build_seconds{quantile=""0.9""}",0.0009849693558618053
1791660591.645,22.917,"zaino_sync_block_build_seconds{quantile=""0.95""}",0.0011782794150030646
1791660591.645,22.917,"zaino_sync_block_build_seconds{quantile=""0.99""}",0.0017364716251164823
1791660591.645,22.917,"zaino_sync_block_build_seconds{quantile=""0.999""}",0.002896361385361683
1791660591.645,22.917,"zaino_sync_block_build_seconds{quantile=""1""}",0.005313853
1791660591.645,22.917,zaino_sync_block_build_seconds_sum,43.84916867800035
1791660591.645,22.917,zaino_sync_block_build_seconds_count,65511.0
1791660593.645,24.917,zaino_sync_iterations_total,45.0
1791660593.645,24.917,"zaino_sync_iteration_duration_seconds{quantile=""0.5""}",7.202480122558428e-05
1791660593.645,24.917,"zaino_sync_iteration_duration_seconds{quantile=""0.9""}",0.00016878243589747884
1791660593.645,24.917,"zaino_sync_iteration_duration_seconds{quantile=""0.95""}",0.0002600855266166172
1791660593.645,24.917,zaino_sync_iteration_duration_seconds_sum,0.005363594000000001
1791660593.645,24.917,zaino_sync_iteration_duration_seconds_count,45.0
1791660593.645,24.917,"zaino_sync_block_build_seconds{quantile=""0.5""}",0.0006186938289938524
1791660593.645,24.917,"zaino_sync_block_build_seconds{quantile=""0.9""}",0.0009753638002412229
1791660593.645,24.917,"zaino_sync_block_build_seconds{quantile=""0.95""}",0.001164923304105991
1791660593.645,24.917,"zaino_sync_block_build_seconds{quantile=""0.99""}",0.001705494763882971
1791660593.645,24.917,"zaino_sync_block_build_seconds{quantile=""0.999""}",0.002872708331977541
1791660593.645,24.917,"zaino_sync_block_build_seconds{quantile=""1""}",0.006798388
1791660593.645,24.917,zaino_sync_block_build_seconds_sum,47.856211296999824
1791660593.645,24.917,zaino_sync_block_build_seconds_count,72462.0
1791660595.646,26.917,"zaino_grpc_requests_total{method=""get_block""}",10.0
1791660595.646,26.917,"zaino_grpc_requests_total{method=""get_lightd_info""}",5.0
1791660595.646,26.917,zaino_sync_iterations_total,49.0
1791660595.646,26.917,"zaino_grpc_request_duration_seconds{method=""get_block"",quantile=""0.9""}",0.0012915657626010656
1791660595.646,26.917,"zaino_grpc_request_duration_seconds{method=""get_block"",quantile=""0.95""}",0.0012915657626010656
1791660595.646,26.917,"zaino_grpc_request_duration_seconds{method=""get_block"",quantile=""0.99""}",0.0012915657626010656
1791660595.646,26.917,"zaino_grpc_request_duration_seconds{method=""get_block"",quantile=""0.999""}",0.0012915657626010656
1791660595.646,26.917,"zaino_grpc_request_duration_seconds_sum{method=""get_block""}",0.004133724
1791660595.646,26.917,"zaino_grpc_request_duration_seconds_count{method=""get_block""}",10.0
1791660595.646,26.917,"zaino_grpc_request_duration_seconds{method=""get_lightd_info"",quantile=""0.5""}",0.004283863356375027
1791660595.646,26.917,"zaino_grpc_request_duration_seconds_sum{method=""get_lightd_info""}",0.022299479
1791660595.646,26.917,"zaino_grpc_request_duration_seconds_count{method=""get_lightd_info""}",5.0
1791660595.646,26.917,"zaino_sync_iteration_duration_seconds{quantile=""0.5""}",7.195281242451832e-05
1791660595.646,26.917,zaino_sync_iteration_duration_seconds_sum,0.005620885000000002
1791660595.646,26.917,zaino_sync_iteration_duration_seconds_count,49.0
1791660595.646,26.917,"zaino_sync_block_build_seconds{quantile=""0""}",0.000119092
1791660595.646,26.917,"zaino_sync_block_build_seconds{quantile=""0.5""}",0.000609482677870105
1791660595.646,26.917,"zaino_sync_block_build_seconds{quantile=""0.9""}",0.0009637293807293173
1791660595.646,26.917,"zaino_sync_block_build_seconds{quantile=""0.95""}",0.0011480389793016594
1791660595.646,26.917,"zaino_sync_block_build_seconds{quantile=""0.99""}",0.00167607584175155
1791660595.646,26.917,"zaino_sync_block_build_seconds{quantile=""0.999""}",0.0027928295411968444
1791660595.646,26.917,zaino_sync_block_build_seconds_sum,51.843829695999986
1791660595.646,26.917,zaino_sync_block_build_seconds_count,79878.0
1791660597.646,28.918,zaino_sync_iterations_total,53.0
1791660597.646,28.918,"zaino_sync_iteration_duration_seconds{quantile=""0""}",3.2498e-05
1791660597.646,28.918,zaino_sync_iteration_duration_seconds_sum,0.006029638000000001
1791660597.646,28.918,zaino_sync_iteration_duration_seconds_count,53.0
1791660597.646,28.918,"zaino_sync_block_build_seconds{quantile=""0""}",0.000111838
1791660597.646,28.918,"zaino_sync_block_build_seconds{quantile=""0.5""}",0.0005940779431642414
1791660597.646,28.918,"zaino_sync_block_build_seconds{quantile=""0.9""}",0.0009516625710364405
1791660597.646,28.918,"zaino_sync_block_build_seconds{quantile=""0.95""}",0.001131852025110252
1791660597.646,28.918,"zaino_sync_block_build_seconds{quantile=""0.99""}",0.001661058837011705
1791660597.646,28.918,"zaino_sync_block_build_seconds{quantile=""0.999""}",0.002776678014509544
1791660597.646,28.918,zaino_sync_block_build_seconds_sum,55.82497907499998
1791660597.646,28.918,zaino_sync_block_build_seconds_count,88095.0
1791660599.646,30.918,zaino_sync_iterations_total,57.0
1791660599.646,30.918,"zaino_sync_iteration_duration_seconds{quantile=""0.5""}",7.202480122558428e-05
1791660599.646,30.918,zaino_sync_iteration_duration_seconds_sum,0.006382340000000001
1791660599.646,30.918,zaino_sync_iteration_duration_seconds_count,57.0
1791660599.646,30.918,"zaino_sync_block_build_seconds{quantile=""0.5""}",0.0005928909746381387
1791660599.646,30.918,"zaino_sync_block_build_seconds{quantile=""0.95""}",0.0011327578690226133
1791660599.646,30.918,"zaino_sync_block_build_seconds{quantile=""0.99""}",0.0016740657570267939
1791660599.646,30.918,"zaino_sync_block_build_seconds{quantile=""0.999""}",0.003163424852552185
1791660599.646,30.918,"zaino_sync_block_build_seconds{quantile=""1""}",0.010090192
1791660599.646,30.918,zaino_sync_block_build_seconds_sum,60.4650770839998
1791660599.646,30.918,zaino_sync_block_build_seconds_count,94614.0
1791660601.646,32.918,zaino_sync_iterations_total,61.0
1791660601.646,32.918,"zaino_grpc_requests_total{method=""get_lightd_info""}",6.0
1791660601.646,32.918,"zaino_grpc_requests_total{method=""get_block""}",12.0
1791660601.646,32.918,zaino_sync_finalized_height,100629.0
1791660601.646,32.918,"zaino_grpc_request_duration_seconds{method=""get_block"",quantile=""0""}",1.1905e-05
1791660601.646,32.918,"zaino_grpc_request_duration_seconds{method=""get_block"",quantile=""0.9""}",0.0006858167945234893
1791660601.646,32.918,"zaino_grpc_request_duration_seconds_sum{method=""get_block""}",0.004626388
1791660601.646,32.918,"zaino_grpc_request_duration_seconds_count{method=""get_block""}",12.0
1791660601.646,32.918,"zaino_grpc_request_duration_seconds{method=""get_lightd_info"",quantile=""0.9""}",0.004609204378244657
1791660601.646,32.918,"zaino_grpc_request_duration_seconds{method=""get_lightd_info"",quantile=""0.95""}",0.004609204378244657
1791660601.646,32.918,"zaino_grpc_request_duration_seconds{method=""get_lightd_info"",quantile=""0.99""}",0.004609204378244657
1791660601.646,32.918,"zaino_grpc_request_duration_seconds{method=""get_lightd_info"",quantile=""0.999""}",0.004609204378244657
1791660601.646,32.918,"zaino_grpc_request_duration_seconds_sum{method=""get_lightd_info""}",0.026908663
1791660601.646,32.918,"zaino_grpc_request_duration_seconds_count{method=""get_lightd_info""}",6.0
1791660601.646,32.918,"zaino_sync_iteration_duration_seconds{quantile=""0.5""}",7.250173707228121e-05
1791660601.646,32.918,"zaino_sync_iteration_duration_seconds{quantile=""0.9""}",0.00020086047736901226
1791660601.646,32.918,"zaino_sync_iteration_duration_seconds{quantile=""0.95""}",0.0004090390085646761
1791660601.646,32.918,zaino_sync_iteration_duration_seconds_sum,0.007154761000000001
1791660601.646,32.918,zaino_sync_iteration_duration_seconds_count,61.0
1791660601.646,32.918,"zaino_sync_block_build_seconds{quantile=""0.5""}",0.0005888729926186846
1791660601.646,32.918,"zaino_sync_block_build_seconds{quantile=""0.9""}",0.0009476739701498961
1791660601.646,32.918,"zaino_sync_block_build_seconds{quantile=""0.95""}",0.0011262068895654398
1791660601.646,32.918,"zaino_sync_block_build_seconds{quantile=""0.99""}",0.0016544278724120373
1791660601.646,32.918,"zaino_sync_block_build_seconds{quantile=""0.999""}",0.0031157043889322913
1791660601.646,32.918,zaino_sync_block_build_seconds_sum,64.74822623000009
1791660601.646,32.918,zaino_sync_block_build_seconds_count,101910.0
1791660603.646,34.918,zaino_sync_iterations_total,65.0
1791660603.646,34.918,"zaino_sync_iteration_duration_seconds{quantile=""0.5""}",7.361218147728528e-05
1791660603.646,34.918,"zaino_sync_iteration_duration_seconds{quantile=""0.9""}",0.00021447871974672792
1791660603.646,34.918,"zaino_sync_iteration_duration_seconds{quantile=""0.99""}",0.0009386198294174863
1791660603.646,34.918,"zaino_sync_iteration_duration_seconds{quantile=""0.999""}",0.0009386198294174863
1791660603.646,34.918,"zaino_sync_iteration_duration_seconds{quantile=""1""}",0.001517186
1791660603.646,34.918,zaino_sync_iteration_duration_seconds_sum,0.009133907000000002
1791660603.646,34.918,zaino_sync_iteration_duration_seconds_count,65.0
1791660603.646,34.918,"zaino_sync_block_build_seconds{quantile=""0""}",0.000106451
1791660603.646,34.918,"zaino_sync_block_build_seconds{quantile=""0.5""}",0.0005772125260725321
1791660603.646,34.918,"zaino_sync_block_build_seconds{quantile=""0.9""}",0.0009406870661757441
1791660603.646,34.918,"zaino_sync_block_build_seconds{quantile=""0.95""}",0.0011201417629217584
1791660603.646,34.918,"zaino_sync_block_build_seconds{quantile=""0.99""}",0.0016488123693918528
1791660603.646,34.918,"zaino_sync_block_build_seconds{quantile=""0.999""}",0.0030933518828421395
1791660603.646,34.918,zaino_sync_block_build_seconds_sum,68.18205267500025
1791660603.646,34.918,zaino_sync_block_build_seconds_count,109503.0
1791660605.646,36.918,"zaino_grpc_requests_total{method=""get_lightd_info""}",7.0
1791660605.646,36.918,"zaino_grpc_requests_total{method=""get_block""}",14.0
1791660605.646,36.918,zaino_sync_iterations_total,69.0
1791660605.646,36.918,"zaino_grpc_request_duration_seconds{method=""get_block"",quantile=""0""}",9.93e-06
1791660605.646,36.918,"zaino_grpc_request_duration_seconds_sum{method=""get_block""}",0.005029311000000001
1791660605.646,36.918,"zaino_grpc_request_duration_seconds_count{method=""get_block""}",14.0
1791660605.646,36.918,"zaino_grpc_request_duration_seconds{method=""get_lightd_info"",quantile=""0""}",0.003234227
1791660605.646,36.918,"zaino_grpc_request_duration_seconds_sum{method=""get_lightd_info""}",0.03014289
1791660605.646,36.918,"zaino_grpc_request_duration_seconds_count{method=""get_lightd_info""}",7.0
1791660605.646,36.918,"zaino_sync_iteration_duration_seconds{quantile=""0.5""}",7.38333496087756e-05
1791660605.646,36.918,"zaino_sync_iteration_duration_seconds{quantile=""0.9""}",0.00023552345971484395
1791660605.646,36.918,zaino_sync_iteration_duration_seconds_sum,0.009604637000000003
1791660605.646,36.918,zaino_sync_iteration_duration_seconds_count,69.0
1791660605.646,36.918,"zaino_sync_block_build_seconds{quantile=""0.5""}",0.0005727277815953099
1791660605.646,36.918,"zaino_sync_block_build_seconds{quantile=""0.9""}",0.0009264967423933013
1791660605.646,36.918,"zaino_sync_block_build_seconds{quantile=""0.95""}",0.0010879065478637795
1791660605.646,36.918,"zaino_sync_block_build_seconds{quantile=""0.99""}",0.0014667590695436371
1791660605.646,36.918,"zaino_sync_block_build_seconds{quantile=""0.999""}",0.001786494380410771
1791660605.646,36.918,"zaino_sync_block_build_seconds{quantile=""1""}",0.100138348
1791660605.646,36.918,zaino_sync_block_build_seconds_sum,70.42125236700029
1791660605.646,36.918,zaino_sync_block_build_seconds_count,109950.0
1791660607.647,38.918,zaino_sync_iterations_total,71.0
1791660607.647,38.918,zaino_sync_iteration_duration_seconds_sum,0.009754398000000003
1791660607.647,38.918,zaino_sync_iteration_duration_seconds_count,71.0
1791660607.647,38.918,"zaino_sync_block_write_seconds{quantile=""0""}",4.911004127
1791660607.647,38.918,"zaino_sync_block_write_seconds{quantile=""0.5""}",4.911110072693939
1791660607.647,38.918,"zaino_sync_block_write_seconds{quantile=""0.9""}",4.911110072693939
1791660607.647,38.918,"zaino_sync_block_write_seconds{quantile=""0.95""}",4.911110072693939
1791660607.647,38.918,"zaino_sync_block_write_seconds{quantile=""0.99""}",4.911110072693939
1791660607.647,38.918,"zaino_sync_block_write_seconds{quantile=""0.999""}",4.911110072693939
1791660607.647,38.918,"zaino_sync_block_write_seconds{quantile=""1""}",4.911004127
1791660607.647,38.918,zaino_sync_block_write_seconds_sum,4.911004127
1791660607.647,38.918,zaino_sync_block_write_seconds_count,1.0
1791660607.647,38.918,"zaino_sync_block_build_seconds{quantile=""0.5""}",0.000559705374324881
1791660607.647,38.918,"zaino_sync_block_build_seconds{quantile=""0.9""}",0.0009147131598643153
1791660607.647,38.918,"zaino_sync_block_build_seconds{quantile=""0.95""}",0.0010695684519446314
1791660607.647,38.918,"zaino_sync_block_build_seconds{quantile=""0.99""}",0.0014163105017310081
1791660607.647,38.918,"zaino_sync_block_build_seconds{quantile=""0.999""}",0.0016733962646291564
1791660607.647,38.918,zaino_sync_block_build_seconds_sum,74.2212486340005
1791660607.647,38.918,zaino_sync_block_build_seconds_count,117588.0
1791660609.647,40.919,zaino_sync_iterations_total,74.0
1791660609.647,40.919,"zaino_sync_iteration_duration_seconds{quantile=""0.5""}",7.361218147728528e-05
1791660609.647,40.919,"zaino_sync_iteration_duration_seconds{quantile=""0.9""}",0.00021447871974672792
1791660609.647,40.919,zaino_sync_iteration_duration_seconds_sum,0.009956332000000003
1791660609.647,40.919,zaino_sync_iteration_duration_seconds_count,74.0
1791660609.647,40.919,"zaino_sync_block_build_seconds{quantile=""0""}",9.8795e-05
1791660609.647,40.919,"zaino_sync_block_build_seconds{quantile=""0.5""}",0.000549061538899068
1791660609.647,40.919,"zaino_sync_block_build_seconds{quantile=""0.9""}",0.0009048874122482363
1791660609.647,40.919,"zaino_sync_block_build_seconds{quantile=""0.95""}",0.0010553318330145875
1791660609.647,40.919,"zaino_sync_block_build_seconds{quantile=""0.99""}",0.001381617966696705
1791660609.647,40.919,"zaino_sync_block_build_seconds{quantile=""0.999""}",0.0016007227604414107
1791660609.647,40.919,zaino_sync_block_build_seconds_sum,77.0056958840001
1791660609.647,40.919,zaino_sync_block_build_seconds_count,123636.0
1791660611.647,42.919,zaino_sync_iterations_total,78.0
1791660611.647,42.919,"zaino_grpc_requests_total{method=""get_block""}",16.0
1791660611.647,42.919,"zaino_grpc_requests_total{method=""get_lightd_info""}",8.0
1791660611.647,42.919,zaino_sync_finalized_height,130554.0
1791660611.647,42.919,"zaino_grpc_request_duration_seconds_sum{method=""get_block""}",0.005522017000000001
1791660611.647,42.919,"zaino_grpc_request_duration_seconds_count{method=""get_block""}",16.0
1791660611.647,42.919,"zaino_grpc_request_duration_seconds{method=""get_lightd_info"",quantile=""0.9""}",0.004673252313191557
1791660611.647,42.919,"zaino_grpc_request_duration_seconds{method=""get_lightd_info"",quantile=""0.95""}",0.004673252313191557
1791660611.647,42.919,"zaino_grpc_request_duration_seconds{method=""get_lightd_info"",quantile=""0.99""}",0.004673252313191557
1791660611.647,42.919,"zaino_grpc_request_duration_seconds{method=""get_lightd_info"",quantile=""0.999""}",0.004673252313191557
1791660611.647,42.919,"zaino_grpc_request_duration_seconds_sum{method=""get_lightd_info""}",0.034816572
1791660611.647,42.919,"zaino_grpc_request_duration_seconds_count{method=""get_lightd_info""}",8.0
1791660611.647,42.919,zaino_sync_iteration_duration_seconds_sum,0.010294409000000004
1791660611.647,42.919,zaino_sync_iteration_duration_seconds_count,78.0
1791660611.647,42.919,"zaino_sync_block_build_seconds{quantile=""0.5""}",0.0005366845693890032
1791660611.647,42.919,"zaino_sync_block_build_seconds{quantile=""0.9""}",0.0008942724919462783
1791660611.647,42.919,"zaino_sync_block_build_seconds{quantile=""0.95""}",0.0010379579269102638
1791660611.647,42.919,"zaino_sync_block_build_seconds{quantile=""0.99""}",0.0013480448075390396
1791660611.647,42.919,"zaino_sync_block_build_seconds{quantile=""0.999""}",0.001530286927865374
1791660611.647,42.919,zaino_sync_block_build_seconds_sum,80.6123828450001
1791660611.647,42.919,zaino_sync_block_build_seconds_count,131844.0
1791660613.647,44.919,zaino_sync_iterations_total,82.0
1791660613.647,44.919,"zaino_sync_iteration_duration_seconds{quantile=""0.5""}",7.37448027277041e-05
1791660613.647,44.919,zaino_sync_iteration_duration_seconds_sum,0.011168512000000007
1791660613.647,44.919,zaino_sync_iteration_duration_seconds_count,82.0
1791660613.647,44.919,"zaino_sync_block_build_seconds{quantile=""0.5""}",0.0005282715907134228
1791660613.647,44.919,"zaino_sync_block_build_seconds{quantile=""0.9""}",0.0008869694409185725
1791660613.647,44.919,"zaino_sync_block_build_seconds{quantile=""0.95""}",0.0010278356195111288
1791660613.647,44.919,"zaino_sync_block_build_seconds{quantile=""0.99""}",0.0013205591585737553
1791660613.647,44.919,"zaino_sync_block_build_seconds{quantile=""0.999""}",0.0014794275941595447
1791660613.647,44.919,zaino_sync_block_build_seconds_sum,84.43966449600055
1791660613.647,44.919,zaino_sync_block_build_seconds_count,139517.0
1791660615.648,46.920,zaino_sync_iterations_total,86.0
1791660615.648,46.920,"zaino_grpc_requests_total{method=""get_block""}",18.0
1791660615.648,46.920,"zaino_grpc_requests_total{method=""get_lightd_info""}",9.0
1791660615.648,46.920,"zaino_grpc_request_duration_seconds{method=""get_block"",quantile=""0.9""}",0.0007573386633421646
1791660615.648,46.920,"zaino_grpc_request_duration_seconds_sum{method=""get_block""}",0.0062951510000000006
1791660615.648,46.920,"zaino_grpc_request_duration_seconds_count{method=""get_block""}",18.0
1791660615.648,46.920,"zaino_grpc_request_duration_seconds{method=""get_lightd_info"",quantile=""0.5""}",0.004407269143887241
1791660615.648,46.920,"zaino_grpc_request_duration_seconds{method=""get_lightd_info"",quantile=""0.9""}",0.005787238627332208
1791660615.648,46.920,"zaino_grpc_request_duration_seconds{method=""get_lightd_info"",quantile=""0.95""}",0.005787238627332208
1791660615.648,46.920,"zaino_grpc_request_duration_seconds{method=""get_lightd_info"",quantile=""0.99""}",0.005787238627332208
1791660615.648,46.920,"zaino_grpc_request_duration_seconds{method=""get_lightd_info"",quantile=""0.999""}",0.005787238627332208
1791660615.648,46.920,"zaino_grpc_request_duration_seconds{method=""get_lightd_info"",quantile=""1""}",0.007300342
1791660615.648,46.920,"zaino_grpc_request_duration_seconds_sum{method=""get_lightd_info""}",0.042116914
1791660615.648,46.920,"zaino_grpc_request_duration_seconds_count{method=""get_lightd_info""}",9.0
1791660615.648,46.920,"zaino_sync_iteration_duration_seconds{quantile=""0.5""}",7.361218147728528e-05
1791660615.648,46.920,zaino_sync_iteration_duration_seconds_sum,0.011458368000000007
1791660615.648,46.920,zaino_sync_iteration_duration_seconds_count,86.0
1791660615.648,46.920,"zaino_sync_block_build_seconds{quantile=""0.5""}",0.0005191591729443661
1791660615.648,46.920,"zaino_sync_block_build_seconds{quantile=""0.9""}",0.0008790225306615448
1791660615.648,46.920,"zaino_sync_block_build_seconds{quantile=""0.95""}",0.001019645737734171
1791660615.648,46.920,"zaino_sync_block_build_seconds{quantile=""0.99""}",0.001301419057523234
1791660615.648,46.920,"zaino_sync_block_build_seconds{quantile=""0.999""}",0.0014547808230620594
1791660615.648,46.920,zaino_sync_block_build_seconds_sum,87.99270629100052
1791660615.648,46.920,zaino_sync_block_build_seconds_count,146973.0
1791660617.648,48.920,zaino_sync_iterations_total,90.0
1791660617.648,48.920,"zaino_sync_iteration_duration_seconds{quantile=""0.5""}",7.37448027277041e-05
1791660617.648,48.920,zaino_sync_iteration_duration_seconds_sum,0.011821447000000007
1791660617.648,48.920,zaino_sync_iteration_duration_seconds_count,90.0
1791660617.648,48.920,"zaino_sync_block_build_seconds{quantile=""0.5""}",0.0005136851492733782
1791660617.648,48.920,"zaino_sync_block_build_seconds{quantile=""0.9""}",0.0008742886020907741
1791660617.648,48.920,"zaino_sync_block_build_seconds{quantile=""0.95""}",0.0010149661386545685
1791660617.648,48.920,"zaino_sync_block_build_seconds{quantile=""0.99""}",0.0012928579743661714
1791660617.648,48.920,"zaino_sync_block_build_seconds{quantile=""0.999""}",0.001439729504968432
1791660617.648,48.920,zaino_sync_block_build_seconds_sum,91.74553863300049
1791660617.648,48.920,zaino_sync_block_build_seconds_count,154570.0
1791660619.648,50.920,zaino_sync_iterations_total,94.0
1791660619.648,50.920,"zaino_sync_iteration_duration_seconds{quantile=""0.5""}",7.38333496087756e-05
1791660619.648,50.920,"zaino_sync_iteration_duration_seconds{quantile=""0.9""}",0.00020086047736901226
1791660619.648,50.920,zaino_sync_iteration_duration_seconds_sum,0.012250789000000008
1791660619.648,50.920,zaino_sync_iteration_duration_seconds_count,94.0
1791660619.648,50.920,"zaino_sync_block_build_seconds{quantile=""0.5""}",0.0005176040293021701
1791660619.648,50.920,"zaino_sync_block_build_seconds{quantile=""0.9""}",0.0008737641862682511
1791660619.648,50.920,"zaino_sync_block_build_seconds{quantile=""0.95""}",0.0010155753010702422
1791660619.648,50.920,"zaino_sync_block_build_seconds{quantile=""0.99""}",0.001301419057523234
1791660619.648,50.920,"zaino_sync_block_build_seconds{quantile=""0.999""}",0.0014556539534717353
1791660619.648,50.920,zaino_sync_block_build_seconds_sum,96.30941444300078
1791660619.648,50.920,zaino_sync_block_build_seconds_count,161920.0
1791660621.648,52.920,"zaino_grpc_requests_total{method=""get_lightd_info""}",10.0
1791660621.648,52.920,"zaino_grpc_requests_total{method=""get_block""}",20.0
1791660621.648,52.920,zaino_sync_iterations_total,98.0
1791660621.648,52.920,zaino_sync_finalized_height,168348.0
1791660621.648,52.920,"zaino_grpc_request_duration_seconds{method=""get_block"",quantile=""0.9""}",0.00078808860713931
1791660621.648,52.920,"zaino_grpc_request_duration_seconds_sum{method=""get_block""}",0.007098116000000001
1791660621.648,52.920,"zaino_grpc_request_duration_seconds_count{method=""get_block""}",20.0
1791660621.648,52.920,"zaino_grpc_request_duration_seconds_sum{method=""get_lightd_info""}",0.047159621
1791660621.648,52.920,"zaino_grpc_request_duration_seconds_count{method=""get_lightd_info""}",10.0
1791660621.648,52.920,"zaino_sync_iteration_duration_seconds{quantile=""0.5""}",7.432226135182687e-05
1791660621.648,52.920,"zaino_sync_iteration_duration_seconds{quantile=""0.9""}",0.00021447871974672792
1791660621.648,52.920,zaino_sync_iteration_duration_seconds_sum,0.012765409000000007
1791660621.648,52.920,zaino_sync_iteration_duration_seconds_count,98.0
1791660621.648,52.920,"zaino_sync_block_build_seconds{quantile=""0.5""}",0.0005135824225161988
1791660621.648,52.920,"zaino_sync_block_build_seconds{quantile=""0.9""}",0.0008687110223122186
1791660621.648,52.920,"zaino_sync_block_build_seconds{quantile=""0.95""}",0.001010308016296474
1791660621.648,52.920,"zaino_sync_block_build_seconds{quantile=""0.99""}",0.0012925994286258726
1791660621.648,52.920,"zaino_sync_block_build_seconds{quantile=""0.999""}",0.0014408817494125728
1791660621.648,52.920,zaino_sync_block_build_seconds_sum,100.4005554930008
1791660621.648,52.920,zaino_sync_block_build_seconds_count,169675.0
1791660623.649,54.920,zaino_sync_iterations_total,102.0
1791660623.649,54.920,"zaino_sync_iteration_duration_seconds{quantile=""0.5""}",7.533994869764971e-05
1791660623.649,54.920,"zaino_sync_iteration_duration_seconds{quantile=""0.95""}",0.0003384615600832939
1791660623.649,54.920,"zaino_sync_iteration_duration_seconds{quantile=""0.99""}",0.0006295533051135841
1791660623.649,54.920,zaino_sync_iteration_duration_seconds_sum,0.013461344000000007
1791660623.649,54.920,zaino_sync_iteration_duration_seconds_count,102.0
1791660623.649,54.920,"zaino_sync_block_build_seconds{quantile=""0""}",9.6709e-05
1791660623.649,54.920,"zaino_sync_block_build_seconds{quantile=""0.5""}",0.0005057338423639532
1791660623.649,54.920,"zaino_sync_block_build_seconds{quantile=""0.9""}",0.0008605833983543102
1791660623.649,54.920,"zaino_sync_block_build_seconds{quantile=""0.95""}",0.0010010558079329957
1791660623.649,54.920,"zaino_sync_block_build_seconds{quantile=""0.99""}",0.0012733551301997764
1791660623.649,54.920,"zaino_sync_block_build_seconds{quantile=""0.999""}",0.001413763435866388
1791660623.649,54.920,zaino_sync_block_build_seconds_sum,104.14330820200145
1791660623.649,54.920,zaino_sync_block_build_seconds_count,177975.0
1791660625.649,56.921,"zaino_grpc_requests_total{method=""get_lightd_info""}",11.0
1791660625.649,56.921,"zaino_grpc_requests_total{method=""get_block""}",22.0
1791660625.649,56.921,zaino_sync_iterations_total,106.0
1791660625.649,56.921,"zaino_grpc_request_duration_seconds{method=""get_block"",quantile=""0.9""}",0.0007573386633421646
1791660625.649,56.921,"zaino_grpc_request_duration_seconds{method=""get_block"",quantile=""0.95""}",0.00078808860713931
1791660625.649,56.921,"zaino_grpc_request_duration_seconds_sum{method=""get_block""}",0.007375184000000001
1791660625.649,56.921,"zaino_grpc_request_duration_seconds_count{method=""get_block""}",22.0
1791660625.649,56.921,"zaino_grpc_request_duration_seconds_sum{method=""get_lightd_info""}",0.050423076
1791660625.649,56.921,"zaino_grpc_request_duration_seconds_count{method=""get_lightd_info""}",11.0
1791660625.649,56.921,"zaino_sync_iteration_duration_seconds{quantile=""0.5""}",7.805475139745662e-05
1791660625.649,56.921,zaino_sync_iteration_duration_seconds_sum,0.013998272000000008
1791660625.649,56.921,zaino_sync_iteration_duration_seconds_count,106.0
1791660625.649,56.921,"zaino_sync_block_build_seconds{quantile=""0.5""}",0.00048716872819379114
1791660625.649,56.921,"zaino_sync_block_build_seconds{quantile=""0.9""}",0.0008336473984537395
1791660625.649,56.921,"zaino_sync_block_build_seconds{quantile=""0.95""}",0.0009608425250262025
1791660625.649,56.921,"zaino_sync_block_build_seconds{quantile=""0.99""}",0.0011834752669380164
1791660625.649,56.921,"zaino_sync_block_build_seconds{quantile=""0.999""}",0.0012792260565965814
1791660625.649,56.921,zaino_sync_block_build_seconds_sum,108.08209346200185
1791660625.649,56.921,zaino_sync_block_build_seconds_count,189492.0
1791660627.649,58.921,zaino_sync_transactions_total,137156.0
1791660627.649,58.921,zaino_sync_orchard_actions_total,0.0
1791660627.649,58.921,zaino_sync_sapling_outputs_total,0.0
1791660627.649,58.921,zaino_sync_iterations_total,110.0
1791660627.649,58.921,zaino_db_tip_height,99999.0
1791660627.649,58.921,zaino_sync_last_block_written_at,1791660627.5842078
1791660627.649,58.921,"zaino_sync_iteration_duration_seconds{quantile=""0.5""}",7.872891701879136e-05
1791660627.649,58.921,zaino_sync_iteration_duration_seconds_sum,0.014394324000000009
1791660627.649,58.921,zaino_sync_iteration_duration_seconds_count,110.0
1791660627.649,58.921,"zaino_sync_block_build_seconds{quantile=""0.5""}",0.0004766633742854877
1791660627.649,58.921,"zaino_sync_block_build_seconds{quantile=""0.9""}",0.0008187759894390092
1791660627.649,58.921,"zaino_sync_block_build_seconds{quantile=""0.95""}",0.000943324680907211
1791660627.649,58.921,"zaino_sync_block_build_seconds{quantile=""0.99""}",0.0011570286976940825
1791660627.649,58.921,"zaino_sync_block_build_seconds{quantile=""0.999""}",0.001247142895674923
1791660627.649,58.921,zaino_sync_block_build_seconds_sum,112.59102848900238
1791660627.649,58.921,zaino_sync_block_build_seconds_count,200180.0
1791660629.649,60.921,zaino_sync_iterations_total,114.0
1791660629.649,60.921,"zaino_sync_iteration_duration_seconds{quantile=""0.5""}",8.02872253327061e-05
1791660629.649,60.921,"zaino_sync_iteration_duration_seconds{quantile=""0.9""}",0.00021098995479833073
1791660629.649,60.921,zaino_sync_iteration_duration_seconds_sum,0.014745575000000009
1791660629.649,60.921,zaino_sync_iteration_duration_seconds_count,114.0
1791660629.649,60.921,"zaino_sync_block_build_seconds{quantile=""0.5""}",0.0004682538331500259
1791660629.649,60.921,"zaino_sync_block_build_seconds{quantile=""0.9""}",0.0008078775736064186
1791660629.649,60.921,"zaino_sync_block_build_seconds{quantile=""0.95""}",0.0009313270734462439
1791660629.649,60.921,"zaino_sync_block_build_seconds{quantile=""0.99""}",0.00114391346933591
1791660629.649,60.921,"zaino_sync_block_build_seconds{quantile=""0.999""}",0.001234733616483256
1791660629.649,60.921,zaino_sync_block_build_seconds_sum,117.13987883000287
1791660629.649,60.921,zaino_sync_block_build_seconds_count,210123.0
1791660631.649,62.921,zaino_sync_iterations_total,118.0
1791660631.649,62.921,"zaino_grpc_requests_total{method=""get_block""}",24.0
1791660631.649,62.921,"zaino_grpc_requests_total{method=""get_lightd_info""}",12.0
1791660631.649,62.921,zaino_sync_finalized_height,210559.0
1791660631.649,62.921,"zaino_grpc_request_duration_seconds_sum{method=""get_block""}",0.007740178
1791660631.649,62.921,"zaino_grpc_request_duration_seconds_count{method=""get_block""}",24.0
1791660631.649,62.921,"zaino_grpc_request_duration_seconds{method=""get_lightd_info"",quantile=""0""}",0.002620054
1791660631.649,62.921,"zaino_grpc_request_duration_seconds{method=""get_lightd_info"",quantile=""0.5""}",0.004283863356375027
1791660631.649,62.921,"zaino_grpc_request_duration_seconds{method=""get_lightd_info"",quantile=""0.9""}",0.0050422643468050156
1791660631.649,62.921,"zaino_grpc_request_duration_seconds_sum{method=""get_lightd_info""}",0.053043129999999994
1791660631.649,62.921,"zaino_grpc_request_duration_seconds_count{method=""get_lightd_info""}",12.0
1791660631.649,62.921,"zaino_sync_iteration_duration_seconds{quantile=""0.5""}",8.520077429208734e-05
1791660631.649,62.921,"zaino_sync_iteration_duration_seconds{quantile=""0.999""}",0.0006295533051135841
1791660631.649,62.921,zaino_sync_iteration_duration_seconds_sum,0.015326491000000008
1791660631.649,62.921,zaino_sync_iteration_duration_seconds_count,118.0
1791660631.649,62.921,"zaino_sync_block_write_seconds{quantile=""0""}",4.480176808
1791660631.649,62.921,"zaino_sync_block_write_seconds{quantile=""0.5""}",4.480344765268325
1791660631.649,62.921,"zaino_sync_block_write_seconds{quantile=""0.9""}",4.480344765268325
1791660631.649,62.921,"zaino_sync_block_write_seconds{quantile=""0.95""}",4.480344765268325
1791660631.649,62.921,"zaino_sync_block_write_seconds{quantile=""0.99""}",4.480344765268325
1791660631.649,62.921,"zaino_sync_block_write_seconds{quantile=""0.999""}",4.480344765268325
1791660631.649,62.921,zaino_sync_block_write_seconds_sum,9.391180935000001
1791660631.649,62.921,zaino_sync_block_write_seconds_count,2.0
1791660631.649,62.921,"zaino_sync_block_build_seconds{quantile=""0.5""}",0.0004266698491227894
1791660631.649,62.921,"zaino_sync_block_build_seconds{quantile=""0.9""}",0.0007612870813945433
1791660631.649,62.921,"zaino_sync_block_build_seconds{quantile=""0.95""}",0.000943324680907211
1791660631.649,62.921,"zaino_sync_block_build_seconds{quantile=""0.99""}",0.001468226562242131
1791660631.649,62.921,"zaino_sync_block_build_seconds{quantile=""0.999""}",0.002178976461675717
1791660631.649,62.921,"zaino_sync_block_build_seconds{quantile=""1""}",0.100437237
1791660631.649,62.921,zaino_sync_block_build_seconds_sum,122.91561187200288
1791660631.649,62.921,zaino_sync_block_build_seconds_count,213501.0
1791660633.649,64.921,zaino_sync_iterations_total,120.0
1791660633.649,64.921,zaino_sync_iteration_duration_seconds_sum,0.015466862000000007
1791660633.649,64.921,zaino_sync_iteration_duration_seconds_count,120.0
1791660633.649,64.921,"zaino_sync_block_build_seconds{quantile=""0.5""}",0.0004154700488126884
1791660633.649,64.921,"zaino_sync_block_build_seconds{quantile=""0.9""}",0.0007286624031155968
1791660633.649,64.921,"zaino_sync_block_build_seconds{quantile=""0.95""}",0.0008799019928529445
1791660633.649,64.921,"zaino_sync_block_build_seconds{quantile=""0.99""}",0.001214406222534233
1791660633.649,64.921,"zaino_sync_block_build_seconds{quantile=""0.999""}",0.0014374277796241203
1791660633.649,64.921,zaino_sync_block_build_seconds_sum,125.35278238300322
1791660633.649,64.921,zaino_sync_block_build_seconds_count,221339.0
1791660635.650,66.921,zaino_sync_iterations_total,124.0
1791660635.650,66.921,"zaino_grpc_requests_total{method=""get_block""}",26.0
1791660635.650,66.921,"zaino_grpc_requests_total{method=""get_lightd_info""}",13.0
1791660635.650,66.921,"zaino_grpc_request_duration_seconds{method=""get_block"",quantile=""0.5""}",1.6560337286124164e-05
1791660635.650,66.921,"zaino_grpc_request_duration_seconds{method=""get_block"",quantile=""0.9""}",0.00048078035696930095
1791660635.650,66.921,"zaino_grpc_request_duration_seconds{method=""get_block"",quantile=""0.95""}",0.0007573386633421646
1791660635.650,66.921,"zaino_grpc_request_duration_seconds{method=""get_block"",quantile=""0.99""}",0.0007573386633421646
1791660635.650,66.921,"zaino_grpc_request_duration_seconds{method=""get_block"",quantile=""0.999""}",0.0007573386633421646
1791660635.650,66.921,"zaino_grpc_request_duration_seconds{method=""get_block"",quantile=""1""}",0.000788088
1791660635.650,66.921,"zaino_grpc_request_duration_seconds_sum{method=""get_block""}",0.008087753
1791660635.650,66.921,"zaino_grpc_request_duration_seconds_count{method=""get_block""}",26.0
1791660635.650,66.921,"zaino_grpc_request_duration_seconds{method=""get_lightd_info"",quantile=""0.5""}",0.0032636795490218577
1791660635.650,66.921,"zaino_grpc_request_duration_seconds{method=""get_lightd_info"",quantile=""0.95""}",0.0050422643468050156
1791660635.650,66.921,"zaino_grpc_request_duration_seconds{method=""get_lightd_info"",quantile=""0.99""}",0.0050422643468050156
1791660635.650,66.921,"zaino_grpc_request_duration_seconds{method=""get_lightd_info"",quantile=""0.999""}",0.0050422643468050156
1791660635.650,66.921,"zaino_grpc_request_duration_seconds_sum{method=""get_lightd_info""}",0.056069353999999995
1791660635.650,66.921,"zaino_grpc_request_duration_seconds_count{method=""get_lightd_info""}",13.0
1791660635.650,66.921,"zaino_sync_iteration_duration_seconds{quantile=""0.5""}",8.50815766654888e-05
1791660635.650,66.921,"zaino_sync_iteration_duration_seconds{quantile=""0.9""}",0.00020086047736901226
1791660635.650,66.921,"zaino_sync_iteration_duration_seconds{quantile=""0.95""}",0.00023651473847717178
1791660635.650,66.921,zaino_sync_iteration_duration_seconds_sum,0.015746750000000007
1791660635.650,66.921,zaino_sync_iteration_duration_seconds_count,124.0
1791660635.650,66.921,"zaino_sync_block_build_seconds{quantile=""0.5""}",0.0004042407138624454
1791660635.650,66.921,"zaino_sync_block_build_seconds{quantile=""0.9""}",0.0007033189791239791
1791660635.650,66.921,"zaino_sync_block_build_seconds{quantile=""0.95""}",0.0008405114111346236
1791660635.650,66.921,"zaino_sync_block_build_seconds{quantile=""0.99""}",0.0011205899092517112
1791660635.650,66.921,"zaino_sync_block_build_seconds{quantile=""0.999""}",0.0012738645741355488
1791660635.650,66.921,zaino_sync_block_build_seconds_sum,129.9120596120032
1791660635.650,66.921,zaino_sync_block_build_seconds_count,234182.0
1791660637.650,68.922,zaino_sync_iterations_total,128.0
1791660637.650,68.922,"zaino_sync_iteration_duration_seconds{quantile=""0.5""}",8.389873380793555e-05
1791660637.650,68.922,zaino_sync_iteration_duration_seconds_sum,0.016029896000000005
1791660637.650,68.922,zaino_sync_iteration_duration_seconds_count,128.0
1791660637.650,68.922,"zaino_sync_block_build_seconds{quantile=""0.5""}",0.00038738170577858446
1791660637.650,68.922,"zaino_sync_block_build_seconds{quantile=""0.9""}",0.0006666135739226645
1791660637.650,68.922,"zaino_sync_block_build_seconds{quantile=""0.95""}",0.000778532337872185
1791660637.650,68.922,"zaino_sync_block_build_seconds{quantile=""0.99""}",0.000979273068779939
1791660637.650,68.922,"zaino_sync_block_build_seconds{quantile=""0.999""}",0.0010627450719359237
1791660637.650,68.922,zaino_sync_block_build_seconds_sum,133.6041797960041
1791660637.650,68.922,zaino_sync_block_build_seconds_count,248331.0
1791660639.650,70.922,zaino_sync_iterations_total,132.0
1791660639.650,70.922,"zaino_sync_iteration_duration_seconds{quantile=""0.5""}",8.506456205161702e-05
1791660639.650,70.922,"zaino_sync_iteration_duration_seconds{quantile=""0.9""}",0.00018765600466718327
1791660639.650,70.922,zaino_sync_iteration_duration_seconds_sum,0.016500616000000003
1791660639.650,70.922,zaino_sync_iteration_duration_seconds_count,132.0
1791660639.650,70.922,"zaino_sync_block_build_seconds{quantile=""0.5""}",0.00037948327575529654
1791660639.650,70.922,"zaino_sync_block_build_seconds{quantile=""0.9""}",0.0006498948161593779
1791660639.650,70.922,"zaino_sync_block_build_seconds{quantile=""0.95""}",0.0007587031005658318
1791660639.650,70.922,"zaino_sync_block_build_seconds{quantile=""0.99""}",0.0009490016428665793
1791660639.650,70.922,"zaino_sync_block_build_seconds{quantile=""0.999""}",0.0010263976564480314
1791660639.650,70.922,zaino_sync_block_build_seconds_sum,138.1309593840042
1791660639.650,70.922,zaino_sync_block_build_seconds_count,261497.0
1791660641.650,72.922,"zaino_grpc_requests_total{method=""get_lightd_info""}",14.0
1791660641.650,72.922,"zaino_grpc_requests_total{method=""get_block""}",28.0
1791660641.650,72.922,zaino_sync_iterations_total,136.0
1791660641.650,72.922,zaino_sync_finalized_height,272968.0
1791660641.650,72.922,"zaino_grpc_request_duration_seconds{method=""get_block"",quantile=""0.5""}",1.721894991164151e-05
1791660641.650,72.922,"zaino_grpc_request_duration_seconds_sum{method=""get_block""}",0.0084636
1791660641.650,72.922,"zaino_grpc_request_duration_seconds_count{method=""get_block""}",28.0
1791660641.650,72.922,"zaino_grpc_request_duration_seconds{method=""get_lightd_info"",quantile=""0.5""}",0.003363746070943244
1791660641.650,72.922,"zaino_grpc_request_duration_seconds_sum{method=""get_lightd_info""}",0.059433218999999995
1791660641.650,72.922,"zaino_grpc_request_duration_seconds_count{method=""get_lightd_info""}",14.0
1791660641.650,72.922,"zaino_sync_iteration_duration_seconds{quantile=""0.5""}",8.389873380793555e-05
1791660641.650,72.922,zaino_sync_iteration_duration_seconds_sum,0.016776168000000004
1791660641.650,72.922,zaino_sync_iteration_duration_seconds_count,136.0
1791660641.650,72.922,"zaino_sync_block_build_seconds{quantile=""0.5""}",0.0003663578275123359
1791660641.650,72.922,"zaino_sync_block_build_seconds{quantile=""0.9""}",0.0006183227240378387
1791660641.650,72.922,"zaino_sync_block_build_seconds{quantile=""0.95""}",0.0007106716642218034
1791660641.650,72.922,"zaino_sync_block_build_seconds{quantile=""0.99""}",0.0008540677553105971
1791660641.650,72.922,"zaino_sync_block_build_seconds{quantile=""0.999""}",0.0009072431806998381
1791660641.650,72.922,zaino_sync_block_build_seconds_sum,142.14548538100271
1791660641.650,72.922,zaino_sync_block_build_seconds_count,275363.0
1791660643.650,74.922,zaino_sync_iterations_total,140.0
1791660643.650,74.922,zaino_sync_iteration_duration_seconds_sum,0.017138313000000002
1791660643.650,74.922,zaino_sync_iteration_duration_seconds_count,140.0
1791660643.650,74.922,"zaino_sync_block_build_seconds{quantile=""0.5""}",0.0003969500788690048
1791660643.650,74.922,"zaino_sync_block_build_seconds{quantile=""0.9""}",0.0003969500788690048
1791660643.650,74.922,"zaino_sync_block_build_seconds{quantile=""0.95""}",0.0003969500788690048
1791660643.650,74.922,"zaino_sync_block_build_seconds{quantile=""0.99""}",0.0003969500788690048
1791660643.650,74.922,"zaino_sync_block_build_seconds{quantile=""0.999""}",0.0003969500788690048
1791660643.650,74.922,"zaino_sync_block_build_seconds{quantile=""1""}",0.278502533
1791660643.650,74.922,zaino_sync_block_build_seconds_sum,145.1888481450032
1791660643.650,74.922,zaino_sync_block_build_seconds_count,282739.0
1791660645.651,76.922,zaino_sync_iterations_total,144.0
1791660645.651,76.922,"zaino_grpc_requests_total{method=""get_block""}",30.0
1791660645.651,76.922,"zaino_grpc_requests_total{method=""get_lightd_info""}",15.0
1791660645.651,76.922,"zaino_grpc_request_duration_seconds_sum{method=""get_block""}",0.008840501
1791660645.651,76.922,"zaino_grpc_request_duration_seconds_count{method=""get_block""}",30.0
1791660645.651,76.922,"zaino_grpc_request_duration_seconds_sum{method=""get_lightd_info""}",0.063000187
1791660645.651,76.922,"zaino_grpc_request_duration_seconds_count{method=""get_lightd_info""}",15.0
1791660645.651,76.922,"zaino_sync_iteration_duration_seconds{quantile=""0.5""}",8.50815766654888e-05
1791660645.651,76.922,"zaino_sync_iteration_duration_seconds{quantile=""0.9""}",0.00018291298066859743
1791660645.651,76.922,"zaino_sync_iteration_duration_seconds{quantile=""0.95""}",0.00023552345971484395
1791660645.651,76.922,"zaino_sync_iteration_duration_seconds{quantile=""0.99""}",0.0004090390085646761
1791660645.651,76.922,zaino_sync_iteration_duration_seconds_sum,0.017642103000000003
1791660645.651,76.922,zaino_sync_iteration_duration_seconds_count,144.0
1791660645.651,76.922,"zaino_sync_block_build_seconds{quantile=""0.5""}",0.000696042365693099
1791660645.651,76.922,"zaino_sync_block_build_seconds{quantile=""0.9""}",0.000696042365693099
1791660645.651,76.922,"zaino_sync_block_build_seconds{quantile=""0.95""}",0.000696042365693099
1791660645.651,76.922,"zaino_sync_block_build_seconds{quantile=""0.99""}",0.000696042365693099
1791660645.651,76.922,"zaino_sync_block_build_seconds{quantile=""0.999""}",0.000696042365693099
1791660645.651,76.922,"zaino_sync_block_build_seconds{quantile=""1""}",0.48835549
1791660645.651,76.922,zaino_sync_block_build_seconds_sum,147.3508976440032
1791660645.651,76.922,zaino_sync_block_build_seconds_count,282763.0
1791660647.651,78.922,zaino_sync_iterations_total,148.0
1791660647.651,78.922,"zaino_sync_iteration_duration_seconds{quantile=""0.5""}",8.607426944486764e-05
1791660647.651,78.922,"zaino_sync_iteration_duration_seconds{quantile=""0.9""}",0.00018765600466718327
1791660647.651,78.922,zaino_sync_iteration_duration_seconds_sum,0.018218607000000005
1791660647.651,78.922,zaino_sync_iteration_duration_seconds_count,148.0
1791660647.651,78.922,zaino_sync_block_build_seconds_sum,149.62127774400327
1791660647.651,78.922,zaino_sync_block_build_seconds_count,282985.0
1791660649.651,80.923,zaino_sync_iterations_total,152.0
1791660649.651,80.923,"zaino_sync_iteration_duration_seconds{quantile=""0.5""}",8.760258633003156e-05
1791660649.651,80.923,zaino_sync_iteration_duration_seconds_sum,0.018726368000000004
1791660649.651,80.923,zaino_sync_iteration_duration_seconds_count,152.0
1791660649.651,80.923,zaino_sync_block_build_seconds_sum,151.72778335200337
1791660649.651,80.923,zaino_sync_block_build_seconds_count,284185.0
1791660651.651,82.923,zaino_sync_iterations_total,156.0
1791660651.651,82.923,"zaino_grpc_requests_total{method=""get_block""}",32.0
1791660651.651,82.923,"zaino_grpc_requests_total{method=""get_lightd_info""}",16.0
1791660651.651,82.923,zaino_sync_finalized_height,285448.0
1791660651.651,82.923,"zaino_grpc_request_duration_seconds{method=""get_block"",quantile=""0.9""}",0.0004763774620422139
1791660651.651,82.923,"zaino_grpc_request_duration_seconds{method=""get_block"",quantile=""0.95""}",0.00048078035696930095
1791660651.651,82.923,"zaino_grpc_request_duration_seconds_sum{method=""get_block""}",0.009256701
1791660651.651,82.923,"zaino_grpc_request_duration_seconds_count{method=""get_block""}",32.0
1791660651.651,82.923,"zaino_grpc_request_duration_seconds{method=""get_lightd_info"",quantile=""0.5""}",0.0034179988732897684
1791660651.651,82.923,"zaino_grpc_request_duration_seconds_sum{method=""get_lightd_info""}",0.066418204
1791660651.651,82.923,"zaino_grpc_request_duration_seconds_count{method=""get_lightd_info""}",16.0
1791660651.651,82.923,"zaino_sync_iteration_duration_seconds{quantile=""0""}",5.262e-05
1791660651.651,82.923,"zaino_sync_iteration_duration_seconds{quantile=""0.5""}",9.395449055991023e-05
1791660651.651,82.923,"zaino_sync_iteration_duration_seconds{quantile=""0.9""}",0.00017500429633862883
1791660651.651,82.923,"zaino_sync_iteration_duration_seconds{quantile=""0.95""}",0.00021098995479833073
1791660651.651,82.923,"zaino_sync_iteration_duration_seconds{quantile=""0.99""}",0.0003495373861833455
1791660651.651,82.923,"zaino_sync_iteration_duration_seconds{quantile=""0.999""}",0.0003495373861833455
1791660651.651,82.923,"zaino_sync_iteration_duration_seconds{quantile=""1""}",0.000629531
1791660651.651,82.923,zaino_sync_iteration_duration_seconds_sum,0.019281330000000003
1791660651.651,82.923,zaino_sync_iteration_duration_seconds_count,156.0
1791660651.651,82.923,"zaino_sync_block_build_seconds{quantile=""0.99""}",0.0008117647076310511
1791660651.651,82.923,"zaino_sync_block_build_seconds{quantile=""0.999""}",0.0009066989980607218
1791660651.651,82.923,zaino_sync_block_build_seconds_sum,153.79219570800345
1791660651.651,82.923,zaino_sync_block_build_seconds_count,285456.0
1791660653.651,84.923,zaino_sync_iterations_total,160.0
1791660653.651,84.923,"zaino_sync_iteration_duration_seconds{quantile=""0.5""}",9.892980143701895e-05
1791660653.651,84.923,zaino_sync_iteration_duration_seconds_sum,0.019911584000000003
1791660653.651,84.923,zaino_sync_iteration_duration_seconds_count,160.0
1791660653.651,84.923,"zaino_sync_block_build_seconds{quantile=""0.99""}",0.0007481552642576719
1791660653.651,84.923,"zaino_sync_block_build_seconds{quantile=""0.999""}",0.0008069087019541171
1791660653.651,84.923,zaino_sync_block_build_seconds_sum,156.69954047500366
1791660653.651,84.923,zaino_sync_block_build_seconds_count,286958.0
1791660655.652,86.923,"zaino_grpc_requests_total{method=""get_lightd_info""}",17.0
1791660655.652,86.923,"zaino_grpc_requests_total{method=""get_block""}",34.0
1791660655.652,86.923,zaino_sync_iterations_total,164.0
1791660655.652,86.923,"zaino_grpc_request_duration_seconds{method=""get_block"",quantile=""0""}",1.3196e-05
1791660655.652,86.923,"zaino_grpc_request_duration_seconds{method=""get_block"",quantile=""0.9""}",0.0003995786140227336
1791660655.652,86.923,"zaino_grpc_request_duration_seconds{method=""get_block"",quantile=""0.95""}",0.0007573386633421646
1791660655.652,86.923,"zaino_grpc_request_duration_seconds_sum{method=""get_block""}",0.009670604000000001
1791660655.652,86.923,"zaino_grpc_request_duration_seconds_count{method=""get_block""}",34.0
1791660655.652,86.923,"zaino_grpc_request_duration_seconds{method=""get_lightd_info"",quantile=""0.5""}",0.003363746070943244
1791660655.652,86.923,"zaino_grpc_request_duration_seconds_sum{method=""get_lightd_info""}",0.069662251
1791660655.652,86.923,"zaino_grpc_request_duration_seconds_count{method=""get_lightd_info""}",17.0
1791660655.652,86.923,"zaino_sync_iteration_duration_seconds{quantile=""0""}",3.7196e-05
1791660655.652,86.923,"zaino_sync_iteration_duration_seconds{quantile=""0.5""}",9.822006498160485e-05
1791660655.652,86.923,zaino_sync_iteration_duration_seconds_sum,0.020246644
1791660655.652,86.923,zaino_sync_iteration_duration_seconds_count,164.0
1791660655.652,86.923,"zaino_sync_block_build_seconds{quantile=""0.99""}",0.000696042365693099
1791660655.652,86.923,"zaino_sync_block_build_seconds{quantile=""0.999""}",0.000696042365693099
1791660655.652,86.923,zaino_sync_block_build_seconds_sum,160.85689232600336
1791660655.652,86.923,zaino_sync_block_build_seconds_count,296854.0
1791660657.652,88.923,zaino_sync_transactions_total,260526.0
1791660657.652,88.923,zaino_sync_iterations_total,168.0
1791660657.652,88.923,zaino_sync_last_block_written_at,1791660656.469315
1791660657.652,88.923,zaino_db_tip_height,199999.0
1791660657.652,88.923,"zaino_sync_iteration_duration_seconds{quantile=""0.5""}",9.395449055991023e-05
1791660657.652,88.923,zaino_sync_iteration_duration_seconds_sum,0.020558153
1791660657.652,88.923,zaino_sync_iteration_duration_seconds_count,168.0
1791660657.652,88.923,zaino_sync_block_build_seconds_sum,164.83950350500436
1791660657.652,88.923,zaino_sync_block_build_seconds_count,306312.0
1791660659.652,90.924,zaino_sync_iterations_total,172.0
1791660659.652,90.924,"zaino_sync_iteration_duration_seconds{quantile=""0.95""}",0.00021999625531043078
1791660659.652,90.924,zaino_sync_iteration_duration_seconds_sum,0.021036007
1791660659.652,90.924,zaino_sync_iteration_duration_seconds_count,172.0
1791660659.652,90.924,zaino_sync_block_build_seconds_sum,168.79621835100468
1791660659.652,90.924,zaino_sync_block_build_seconds_count,313384.0
1791660661.652,92.924,zaino_sync_iterations_total,176.0
1791660661.652,92.924,"zaino_grpc_requests_total{method=""get_block""}",36.0
1791660661.652,92.924,"zaino_grpc_requests_total{method=""get_lightd_info""}",18.0
1791660661.652,92.924,zaino_sync_finalized_height,313922.0
1791660661.652,92.924,"zaino_grpc_request_duration_seconds_sum{method=""get_block""}",0.010035557
1791660661.652,92.924,"zaino_grpc_request_duration_seconds_count{method=""get_block""}",36.0
1791660661.652,92.924,"zaino_grpc_request_duration_seconds{method=""get_lightd_info"",quantile=""0.5""}",0.0032636795490218577
1791660661.652,92.924,"zaino_grpc_request_duration_seconds_sum{method=""get_lightd_info""}",0.07232860899999999
1791660661.652,92.924,"zaino_grpc_request_duration_seconds_count{method=""get_lightd_info""}",18.0
1791660661.652,92.924,"zaino_sync_iteration_duration_seconds{quantile=""0.5""}",9.541258825488763e-05
1791660661.652,92.924,zaino_sync_iteration_duration_seconds_sum,0.021505255
1791660661.652,92.924,zaino_sync_iteration_duration_seconds_count,176.0
1791660661.652,92.924,zaino_sync_block_build_seconds_sum,172.7899445740044
1791660661.652,92.924,zaino_sync_block_build_seconds_count,313954.0
1791660663.652,94.924,zaino_sync_iterations_total,178.0
1791660663.652,94.924,"zaino_sync_iteration_duration_seconds{quantile=""0.5""}",9.822006498160485e-05
1791660663.652,94.924,"zaino_sync_iteration_duration_seconds{quantile=""0.9""}",0.00018291298066859743
1791660663.652,94.924,"zaino_sync_iteration_duration_seconds{quantile=""0.95""}",0.00023651473847717178
1791660663.652,94.924,"zaino_sync_iteration_duration_seconds{quantile=""0.99""}",0.0006295533051135841
1791660663.652,94.924,"zaino_sync_iteration_duration_seconds{quantile=""0.999""}",0.0006295533051135841
1791660663.652,94.924,"zaino_sync_iteration_duration_seconds{quantile=""1""}",0.001606658
1791660663.652,94.924,zaino_sync_iteration_duration_seconds_sum,0.023221385
1791660663.652,94.924,zaino_sync_iteration_duration_seconds_count,178.0
1791660663.652,94.924,"zaino_sync_block_write_seconds{quantile=""0.5""}",4.911110072693939
1791660663.652,94.924,"zaino_sync_block_write_seconds{quantile=""0.9""}",4.911110072693939
1791660663.652,94.924,"zaino_sync_block_write_seconds{quantile=""0.95""}",4.911110072693939
1791660663.652,94.924,"zaino_sync_block_write_seconds{quantile=""0.99""}",4.911110072693939
1791660663.652,94.924,"zaino_sync_block_write_seconds{quantile=""0.999""}",4.911110072693939
1791660663.652,94.924,"zaino_sync_block_write_seconds{quantile=""1""}",5.24161516
1791660663.652,94.924,zaino_sync_block_write_seconds_sum,14.632796095000002
1791660663.652,94.924,zaino_sync_block_write_seconds_count,3.0
1791660663.652,94.924,zaino_sync_block_build_seconds_sum,177.28018830400416
1791660663.652,94.924,zaino_sync_block_build_seconds_count,329274.0
1791660665.652,96.924,zaino_sync_iterations_total,180.0
1791660665.652,96.924,"zaino_grpc_requests_total{method=""get_block""}",38.0
1791660665.652,96.924,"zaino_grpc_requests_total{method=""get_lightd_info""}",19.0
1791660665.652,96.924,"zaino_grpc_request_duration_seconds{method=""get_block"",quantile=""0.9""}",0.0003992590789615164
1791660665.652,96.924,"zaino_grpc_request_duration_seconds{method=""get_block"",quantile=""0.95""}",0.0003995786140227336
1791660665.652,96.924,"zaino_grpc_request_duration_seconds_sum{method=""get_block""}",0.010393144000000002
1791660665.652,96.924,"zaino_grpc_request_duration_seconds_count{method=""get_block""}",38.0
1791660665.652,96.924,"zaino_grpc_request_duration_seconds_sum{method=""get_lightd_info""}",0.07532778099999998
1791660665.652,96.924,"zaino_grpc_request_duration_seconds_count{method=""get_lightd_info""}",19.0
1791660665.652,96.924,"zaino_sync_iteration_duration_seconds{quantile=""0.5""}",9.685456487117943e-05
1791660665.652,96.924,"zaino_sync_iteration_duration_seconds{quantile=""0.9""}",0.00017500429633862883
1791660665.652,96.924,"zaino_sync_iteration_duration_seconds{quantile=""0.95""}",0.00021999625531043078
1791660665.652,96.924,"zaino_sync_iteration_duration_seconds{quantile=""0.99""}",0.0003495373861833455
1791660665.652,96.924,zaino_sync_iteration_duration_seconds_sum,0.023378435000000003
1791660665.652,96.924,zaino_sync_iteration_duration_seconds_count,180.0
1791660665.652,96.924,zaino_sync_block_build_seconds_sum,180.95513329000224
1791660665.652,96.924,zaino_sync_block_build_seconds_count,338814.0
1791660667.653,98.924,zaino_sync_iterations_total,184.0
1791660667.653,98.924,"zaino_sync_iteration_duration_seconds{quantile=""0.5""}",9.541258825488763e-05
1791660667.653,98.924,zaino_sync_iteration_duration_seconds_sum,0.023709021000000004
1791660667.653,98.924,zaino_sync_iteration_duration_seconds_count,184.0
1791660667.653,98.924,"zaino_sync_block_write_seconds{quantile=""0.5""}",4.480344765268325
1791660667.653,98.924,"zaino_sync_block_write_seconds{quantile=""0.9""}",4.480344765268325
1791660667.653,98.924,"zaino_sync_block_write_seconds{quantile=""0.95""}",4.480344765268325
1791660667.653,98.924,"zaino_sync_block_write_seconds{quantile=""0.99""}",4.480344765268325
1791660667.653,98.924,"zaino_sync_block_write_seconds{quantile=""0.999""}",4.480344765268325
1791660667.653,98.924,zaino_sync_block_build_seconds_sum,185.1105067320029
1791660667.653,98.924,zaino_sync_block_build_seconds_count,352575.0
1791660669.653,100.925,zaino_sync_iterations_total,188.0
1791660669.653,100.925,"zaino_sync_iteration_duration_seconds{quantile=""0.5""}",9.117771571157263e-05
1791660669.653,100.925,zaino_sync_iteration_duration_seconds_sum,0.023976408000000005
1791660669.653,100.925,zaino_sync_iteration_duration_seconds_count,188.0
1791660669.653,100.925,zaino_sync_block_build_seconds_sum,189.61555110300617
1791660669.653,100.925,zaino_sync_block_build_seconds_count,364900.0
1791660671.653,102.925,"zaino_grpc_requests_total{method=""get_lightd_info""}",20.0
1791660671.653,102.925,"zaino_grpc_requests_total{method=""get_block""}",40.0
1791660671.653,102.925,zaino_sync_iterations_total,192.0
1791660671.653,102.925,zaino_sync_finalized_height,378662.0
1791660671.653,102.925,"zaino_grpc_request_duration_seconds{method=""get_block"",quantile=""0""}",1.0736e-05
1791660671.653,102.925,"zaino_grpc_request_duration_seconds_sum{method=""get_block""}",0.010715436000000002
1791660671.653,102.925,"zaino_grpc_request_duration_seconds_count{method=""get_block""}",40.0
1791660671.653,102.925,"zaino_grpc_request_duration_seconds{method=""get_lightd_info"",quantile=""0.5""}",0.0032441561005782885
1791660671.653,102.925,"zaino_grpc_request_duration_seconds{method=""get_lightd_info"",quantile=""0.9""}",0.003566751562887237
1791660671.653,102.925,"zaino_grpc_request_duration_seconds_sum{method=""get_lightd_info""}",0.07824823099999999
1791660671.653,102.925,"zaino_grpc_request_duration_seconds_count{method=""get_lightd_info""}",20.0
1791660671.653,102.925,"zaino_sync_iteration_duration_seconds{quantile=""0.5""}",8.944380239743635e-05
1791660671.653,102.925,"zaino_sync_iteration_duration_seconds{quantile=""0.9""}",0.00015269012237780424
1791660671.653,102.925,"zaino_sync_iteration_duration_seconds{quantile=""0.95""}",0.000188898630456505
1791660671.653,102.925,"zaino_sync_iteration_duration_seconds{quantile=""0.99""}",0.0002397533113094676
1791660671.653,102.925,"zaino_sync_iteration_duration_seconds{quantile=""0.999""}",0.0002397533113094676
1791660671.653,102.925,zaino_sync_iteration_duration_seconds_sum,0.024267382000000004
1791660671.653,102.925,zaino_sync_iteration_duration_seconds_count,192.0
1791660671.653,102.925,"zaino_sync_block_build_seconds{quantile=""0""}",0.000104026
1791660671.653,102.925,"zaino_sync_block_build_seconds{quantile=""0.99""}",0.0007555232299355875
1791660671.653,102.925,"zaino_sync_block_build_seconds{quantile=""0.999""}",0.012424312759609332
1791660671.653,102.925,zaino_sync_block_build_seconds_sum,193.2945639190066
1791660671.653,102.925,zaino_sync_block_build_seconds_count,380004.0
1791660673.653,104.925,zaino_sync_iterations_total,196.0
1791660673.653,104.925,"zaino_sync_iteration_duration_seconds{quantile=""0.5""}",8.760258633003156e-05
1791660673.653,104.925,zaino_sync_iteration_duration_seconds_sum,0.024584008
1791660673.653,104.925,zaino_sync_iteration_duration_seconds_count,196.0
1791660673.653,104.925,"zaino_sync_block_build_seconds{quantile=""0.99""}",0.0007370166834602663
1791660673.653,104.925,"zaino_sync_block_build_seconds{quantile=""0.999""}",0.010292909485643518
1791660673.653,104.925,zaino_sync_block_build_seconds_sum,197.83085915300734
1791660673.653,104.925,zaino_sync_block_build_seconds_count,393450.0
1791660675.653,106.925,zaino_sync_sapling_outputs_total,57439.0
1791660675.653,106.925,zaino_sync_transactions_total,455230.0
1791660675.653,106.925,zaino_sync_iterations_total,200.0
1791660675.653,106.925,"zaino_grpc_requests_total{method=""get_block""}",42.0
1791660675.653,106.925,"zaino_grpc_requests_total{method=""get_lightd_info""}",21.0
1791660675.653,106.925,zaino_sync_last_block_written_at,1791660674.6667936
1791660675.653,106.925,zaino_db_tip_height,299999.0
1791660675.653,106.925,"zaino_grpc_request_duration_seconds{method=""get_block"",quantile=""0.9""}",0.00036372952439098243
1791660675.653,106.925,"zaino_grpc_request_duration_seconds{method=""get_block"",quantile=""0.95""}",0.0003992590789615164
1791660675.653,106.925,"zaino_grpc_request_duration_seconds{method=""get_block"",quantile=""0.99""}",0.0003992590789615164
1791660675.653,106.925,"zaino_grpc_request_duration_seconds{method=""get_block"",quantile=""0.999""}",0.0003992590789615164
1791660675.653,106.925,"zaino_grpc_request_duration_seconds{method=""get_block"",quantile=""1""}",0.000399596
1791660675.653,106.925,"zaino_grpc_request_duration_seconds_sum{method=""get_block""}",0.011085267000000001
1791660675.653,106.925,"zaino_grpc_request_duration_seconds_count{method=""get_block""}",42.0
1791660675.653,106.925,"zaino_grpc_request_duration_seconds{method=""get_lightd_info"",quantile=""0""}",0.002578661
1791660675.653,106.925,"zaino_grpc_request_duration_seconds{method=""get_lightd_info"",quantile=""0.5""}",0.002998929089034296
1791660675.653,106.925,"zaino_grpc_request_duration_seconds{method=""get_lightd_info"",quantile=""0.9""}",0.0034179988732897684
1791660675.653,106.925,"zaino_grpc_request_duration_seconds{method=""get_lightd_info"",quantile=""0.95""}",0.0034179988732897684
1791660675.653,106.925,"zaino_grpc_request_duration_seconds{method=""get_lightd_info"",quantile=""0.99""}",0.0034179988732897684
1791660675.653,106.925,"zaino_grpc_request_duration_seconds{method=""get_lightd_info"",quantile=""0.999""}",0.0034179988732897684
1791660675.653,106.925,"zaino_grpc_request_duration_seconds{method=""get_lightd_info"",quantile=""1""}",0.003566968
1791660675.653,106.925,"zaino_grpc_request_duration_seconds_sum{method=""get_lightd_info""}",0.08082689199999998
1791660675.653,106.925,"zaino_grpc_request_duration_seconds_count{method=""get_lightd_info""}",21.0
1791660675.653,106.925,"zaino_sync_iteration_duration_seconds{quantile=""0.5""}",8.944380239743635e-05
1791660675.653,106.925,"zaino_sync_iteration_duration_seconds{quantile=""0.99""}",0.0003547490104063141
1791660675.653,106.925,"zaino_sync_iteration_duration_seconds{quantile=""0.999""}",0.0003547490104063141
1791660675.653,106.925,zaino_sync_iteration_duration_seconds_sum,0.025235894000000002
1791660675.653,106.925,zaino_sync_iteration_duration_seconds_count,200.0
1791660675.653,106.925,"zaino_sync_block_build_seconds{quantile=""0.99""}",0.0007628111791521375
1791660675.653,106.925,"zaino_sync_block_build_seconds{quantile=""0.999""}",0.010129533427137738
1791660675.653,106.925,zaino_sync_block_build_seconds_sum,201.93600506300783
1791660675.653,106.925,zaino_sync_block_build_seconds_count,405019.0
1791660677.653,108.925,zaino_sync_iterations_total,204.0
1791660677.653,108.925,"zaino_sync_iteration_duration_seconds{quantile=""0.5""}",8.721798169957958e-05
1791660677.653,108.925,zaino_sync_iteration_duration_seconds_sum,0.025513411000000003
1791660677.653,108.925,zaino_sync_iteration_duration_seconds_count,204.0
1791660677.653,108.925,"zaino_sync_block_build_seconds{quantile=""0.99""}",0.0008258478282927827
1791660677.653,108.925,"zaino_sync_block_build_seconds{quantile=""0.999""}",0.010481955539732142
1791660677.653,108.925,zaino_sync_block_build_seconds_sum,205.89126702600757
1791660677.653,108.925,zaino_sync_block_build_seconds_count,412013.0
1791660679.654,110.925,zaino_sync_iterations_total,208.0
1791660679.654,110.925,"zaino_sync_iteration_duration_seconds{quantile=""0.5""}",8.714823521630058e-05
1791660679.654,110.925,zaino_sync_iteration_duration_seconds_sum,0.02588225200000001
1791660679.654,110.925,zaino_sync_iteration_duration_seconds_count,208.0
1791660679.654,110.925,"zaino_sync_block_write_seconds{quantile=""0.5""}",5.025374609806289
1791660679.654,110.925,"zaino_sync_block_write_seconds{quantile=""0.9""}",5.025374609806289
1791660679.654,110.925,"zaino_sync_block_write_seconds{quantile=""0.95""}",5.025374609806289
1791660679.654,110.925,"zaino_sync_block_write_seconds{quantile=""0.99""}",5.025374609806289
1791660679.654,110.925,"zaino_sync_block_write_seconds{quantile=""0.999""}",5.025374609806289
1791660679.654,110.925,zaino_sync_block_write_seconds_sum,19.657951152000003
1791660679.654,110.925,zaino_sync_block_write_seconds_count,4.0
1791660679.654,110.925,"zaino_sync_block_build_seconds{quantile=""0.99""}",0.0009693352524691611
1791660679.654,110.925,"zaino_sync_block_build_seconds{quantile=""0.999""}",0.017666236234962364
1791660679.654,110.925,zaino_sync_block_build_seconds_sum,211.3241443290064
1791660679.654,110.925,zaino_sync_block_build_seconds_count,416635.0
1791660681.654,112.926,"zaino_grpc_requests_total{method=""get_lightd_info""}",22.0
1791660681.654,112.926,"zaino_grpc_requests_total{method=""get_block""}",44.0
1791660681.654,112.926,zaino_sync_iterations_total,210.0
1791660681.654,112.926,zaino_sync_finalized_height,424734.0
1791660681.654,112.926,"zaino_grpc_request_duration_seconds{method=""get_block"",quantile=""0.9""}",0.00036584528541529324
1791660681.654,112.926,"zaino_grpc_request_duration_seconds_sum{method=""get_block""}",0.011465338000000002
1791660681.654,112.926,"zaino_grpc_request_duration_seconds_count{method=""get_block""}",44.0
1791660681.654,112.926,"zaino_grpc_request_duration_seconds{method=""get_lightd_info"",quantile=""0.5""}",0.0032441561005782885
1791660681.654,112.926,"zaino_grpc_request_duration_seconds_sum{method=""get_lightd_info""}",0.08414840599999998
1791660681.654,112.926,"zaino_grpc_request_duration_seconds_count{method=""get_lightd_info""}",22.0
1791660681.654,112.926,"zaino_sync_iteration_duration_seconds{quantile=""0.9""}",0.0001451271890074946
1791660681.654,112.926,zaino_sync_iteration_duration_seconds_sum,0.02603629400000001
1791660681.654,112.926,zaino_sync_iteration_duration_seconds_count,210.0
1791660681.654,112.926,"zaino_sync_block_build_seconds{quantile=""0.99""}",0.0009562415321076477
1791660681.654,112.926,"zaino_sync_block_build_seconds{quantile=""0.999""}",0.017065438201625528
1791660681.654,112.926,zaino_sync_block_build_seconds_sum,213.4731244760062
1791660681.654,112.926,zaino_sync_block_build_seconds_count,425803.0
1791660683.654,114.926,zaino_sync_iterations_total,214.0
1791660683.654,114.926,"zaino_sync_iteration_duration_seconds{quantile=""0.5""}",8.721798169957958e-05
1791660683.654,114.926,"zaino_sync_iteration_duration_seconds{quantile=""0.9""}",0.00015269012237780424
1791660683.654,114.926,"zaino_sync_iteration_duration_seconds{quantile=""0.95""}",0.00019700133877424998
1791660683.654,114.926,zaino_sync_iteration_duration_seconds_sum,0.02661761000000001
1791660683.654,114.926,zaino_sync_iteration_duration_seconds_count,214.0
1791660683.654,114.926,"zaino_sync_block_build_seconds{quantile=""0.99""}",0.0009560503029241446
1791660683.654,114.926,"zaino_sync_block_build_seconds{quantile=""0.999""}",0.0124591495842468
1791660683.654,114.926,zaino_sync_block_build_seconds_sum,218.0602368640062
1791660683.654,114.926,zaino_sync_block_build_seconds_count,438292.0
1791660685.654,116.926,zaino_sync_iterations_total,218.0
1791660685.654,116.926,"zaino_grpc_requests_total{method=""get_lightd_info""}",23.0
1791660685.654,116.926,"zaino_grpc_requests_total{method=""get_block""}",46.0
1791660685.654,116.926,"zaino_grpc_request_duration_seconds_sum{method=""get_block""}",0.011828700000000003
1791660685.654,116.926,"zaino_grpc_request_duration_seconds_count{method=""get_block""}",46.0
1791660685.654,116.926,"zaino_grpc_request_duration_seconds_sum{method=""get_lightd_info""}",0.08746487999999998
1791660685.654,116.926,"zaino_grpc_request_duration_seconds_count{method=""get_lightd_info""}",23.0
1791660685.654,116.926,"zaino_sync_iteration_duration_seconds{quantile=""0.5""}",8.714823521630058e-05
1791660685.654,116.926,zaino_sync_iteration_duration_seconds_sum,0.026894486000000013
1791660685.654,116.926,zaino_sync_iteration_duration_seconds_count,218.0
1791660685.654,116.926,"zaino_sync_block_build_seconds{quantile=""0.99""}",0.0009643077918656712
1791660685.654,116.926,"zaino_sync_block_build_seconds{quantile=""0.999""}",0.011414166496752419
1791660685.654,116.926,zaino_sync_block_build_seconds_sum,221.8076579100062
1791660685.654,116.926,zaino_sync_block_build_seconds_count,451704.0
1791660687.654,118.926,zaino_sync_iterations_total,222.0
1791660687.654,118.926,"zaino_sync_iteration_duration_seconds{quantile=""0.5""}",8.636742003555992e-05
1791660687.654,118.926,"zaino_sync_iteration_duration_seconds{quantile=""0.9""}",0.0001451271890074946
1791660687.654,118.926,"zaino_sync_iteration_duration_seconds{quantile=""0.95""}",0.000188898630456505
1791660687.654,118.926,"zaino_sync_iteration_duration_seconds{quantile=""0.99""}",0.00027314711303032225
1791660687.654,118.926,zaino_sync_iteration_duration_seconds_sum,0.02718449900000001
1791660687.654,118.926,zaino_sync_iteration_duration_seconds_count,222.0
1791660687.654,118.926,"zaino_sync_block_write_seconds{quantile=""0""}",5.025155057
1791660687.654,118.926,"zaino_sync_block_build_seconds{quantile=""0.99""}",0.0009914916535386444
1791660687.654,118.926,"zaino_sync_block_build_seconds{quantile=""0.999""}",0.010762364276288001
1791660687.654,118.926,zaino_sync_block_build_seconds_sum,225.7987889520057
1791660687.654,118.926,zaino_sync_block_build_seconds_count,464861.0
1791660689.654,120.926,zaino_sync_iterations_total,226.0
1791660689.654,120.926,"zaino_sync_iteration_duration_seconds{quantile=""0.9""}",0.00015269012237780424
1791660689.654,120.926,"zaino_sync_iteration_duration_seconds{quantile=""0.95""}",0.00019700133877424998
1791660689.654,120.926,zaino_sync_iteration_duration_seconds_sum,0.027687699000000014
1791660689.654,120.926,zaino_sync_iteration_duration_seconds_count,226.0
1791660689.654,120.926,"zaino_sync_block_build_seconds{quantile=""0.99""}",0.0010300993470688765
1791660689.654,120.926,"zaino_sync_block_build_seconds{quantile=""0.999""}",0.010481955539732142
1791660689.654,120.926,zaino_sync_block_build_seconds_sum,230.07316223100582
1791660689.654,120.926,zaino_sync_block_build_seconds_count,475252.0
1791660691.655,122.926,"zaino_grpc_requests_total{method=""get_block""}",48.0
1791660691.655,122.926,"zaino_grpc_requests_total{method=""get_lightd_info""}",24.0
1791660691.655,122.926,zaino_sync_iterations_total,230.0
1791660691.655,122.926,zaino_sync_finalized_height,486048.0
1791660691.655,122.926,"zaino_grpc_request_duration_seconds{method=""get_block"",quantile=""0.95""}",0.00038337381319098976
1791660691.655,122.926,"zaino_grpc_request_duration_seconds_sum{method=""get_block""}",0.012227400000000003
1791660691.655,122.926,"zaino_grpc_request_duration_seconds_count{method=""get_block""}",48.0
1791660691.655,122.926,"zaino_grpc_request_duration_seconds{method=""get_lightd_info"",quantile=""0""}",0.002564928
1791660691.655,122.926,"zaino_grpc_request_duration_seconds_sum{method=""get_lightd_info""}",0.09002980799999998
1791660691.655,122.926,"zaino_grpc_request_duration_seconds_count{method=""get_lightd_info""}",24.0
1791660691.655,122.926,"zaino_sync_iteration_duration_seconds{quantile=""0.5""}",8.114279643997074e-05
1791660691.655,122.926,"zaino_sync_iteration_duration_seconds{quantile=""0.9""}",0.00013744317010216156
1791660691.655,122.926,"zaino_sync_iteration_duration_seconds{quantile=""0.95""}",0.00023109075798159384
1791660691.655,122.926,"zaino_sync_iteration_duration_seconds{quantile=""0.99""}",0.0003547490104063141
1791660691.655,122.926,zaino_sync_iteration_duration_seconds_sum,0.028016108000000015
1791660691.655,122.926,zaino_sync_iteration_duration_seconds_count,230.0
1791660691.655,122.926,"zaino_sync_block_build_seconds{quantile=""0""}",0.000104829
1791660691.655,122.926,"zaino_sync_block_build_seconds{quantile=""0.5""}",0.0006599806580150734
1791660691.655,122.926,"zaino_sync_block_build_seconds{quantile=""0.9""}",0.0006599806580150734
1791660691.655,122.926,"zaino_sync_block_build_seconds{quantile=""0.95""}",0.0006599806580150734
1791660691.655,122.926,"zaino_sync_block_build_seconds{quantile=""0.99""}",0.001183001971495063
1791660691.655,122.926,"zaino_sync_block_build_seconds{quantile=""0.999""}",0.010145753653395918
1791660691.655,122.926,"zaino_sync_block_build_seconds{quantile=""1""}",0.463097457
1791660691.655,122.926,zaino_sync_block_build_seconds_sum,233.75344480800644
1791660691.655,122.926,zaino_sync_block_build_seconds_count,487238.0
1791660693.655,124.927,zaino_sync_iterations_total,234.0
1791660693.655,124.927,zaino_sync_iteration_duration_seconds_sum,0.02834180500000002
1791660693.655,124.927,zaino_sync_iteration_duration_seconds_count,234.0
1791660693.655,124.927,"zaino_sync_block_build_seconds{quantile=""0.9""}",0.4630593684295401
1791660693.655,124.927,"zaino_sync_block_build_seconds{quantile=""0.95""}",0.4630593684295401
1791660693.655,124.927,"zaino_sync_block_build_seconds{quantile=""0.99""}",0.4630593684295401
1791660693.655,124.927,"zaino_sync_block_build_seconds{quantile=""0.999""}",0.4630593684295401
1791660693.655,124.927,zaino_sync_block_build_seconds_sum,237.19524799600615
1791660693.655,124.927,zaino_sync_block_build_seconds_count,490650.0
1791660695.655,126.927,zaino_sync_iterations_total,238.0
1791660695.655,126.927,"zaino_grpc_requests_total{method=""get_block""}",50.0
1791660695.655,126.927,"zaino_grpc_requests_total{method=""get_lightd_info""}",25.0
1791660695.655,126.927,zaino_sync_transactions_total,565970.0
1791660695.655,126.927,zaino_sync_sapling_outputs_total,59695.0
1791660695.655,126.927,zaino_db_tip_height,399999.0
1791660695.655,126.927,zaino_sync_last_block_written_at,1791660695.1038723
1791660695.655,126.927,"zaino_grpc_request_duration_seconds{method=""get_block"",quantile=""0.5""}",1.530853500012662e-05
1791660695.655,126.927,"zaino_grpc_request_duration_seconds{method=""get_block"",quantile=""0.95""}",0.00036606485845259816
1791660695.655,126.927,"zaino_grpc_request_duration_seconds{method=""get_block"",quantile=""0.99""}",0.00036606485845259816
1791660695.655,126.927,"zaino_grpc_request_duration_seconds{method=""get_block"",quantile=""0.999""}",0.00036606485845259816
1791660695.655,126.927,"zaino_grpc_request_duration_seconds{method=""get_block"",quantile=""1""}",0.000383392
1791660695.655,126.927,"zaino_grpc_request_duration_seconds_sum{method=""get_block""}",0.012606768000000003
1791660695.655,126.927,"zaino_grpc_request_duration_seconds_count{method=""get_block""}",50.0
1791660695.655,126.927,"zaino_grpc_request_duration_seconds{method=""get_lightd_info"",quantile=""0.5""}",0.0029202091911779324
1791660695.655,126.927,"zaino_grpc_request_duration_seconds{method=""get_lightd_info"",quantile=""0.9""}",0.0033163184099112065
1791660695.655,126.927,"zaino_grpc_request_duration_seconds{method=""get_lightd_info"",quantile=""0.95""}",0.0033163184099112065
1791660695.655,126.927,"zaino_grpc_request_duration_seconds{method=""get_lightd_info"",quantile=""0.99""}",0.0033163184099112065
1791660695.655,126.927,"zaino_grpc_request_duration_seconds{method=""get_lightd_info"",quantile=""0.999""}",0.0033163184099112065
1791660695.655,126.927,"zaino_grpc_request_duration_seconds{method=""get_lightd_info"",quantile=""1""}",0.003321514
1791660695.655,126.927,"zaino_grpc_request_duration_seconds_sum{method=""get_lightd_info""}",0.09326300699999998
1791660695.655,126.927,"zaino_grpc_request_duration_seconds_count{method=""get_lightd_info""}",25.0
1791660695.655,126.927,"zaino_sync_iteration_duration_seconds{quantile=""0.5""}",7.991875223281796e-05
1791660695.655,126.927,"zaino_sync_iteration_duration_seconds{quantile=""0.9""}",0.00013499132583003715
1791660695.655,126.927,"zaino_sync_iteration_duration_seconds{quantile=""0.95""}",0.00021999625531043078
1791660695.655,126.927,zaino_sync_iteration_duration_seconds_sum,0.028674554000000015
1791660695.655,126.927,zaino_sync_iteration_duration_seconds_count,238.0
1791660695.655,126.927,"zaino_sync_block_build_seconds{quantile=""0.9""}",0.0008559487727390446
1791660695.655,126.927,zaino_sync_block_build_seconds_sum,240.64554134600598
1791660695.655,126.927,zaino_sync_block_build_seconds_count,502963.0
1791660697.655,128.927,zaino_sync_iterations_total,242.0
1791660697.655,128.927,"zaino_sync_iteration_duration_seconds{quantile=""0.5""}",7.982290724831113e-05
1791660697.655,128.927,zaino_sync_iteration_duration_seconds_sum,0.028954450000000014
1791660697.655,128.927,zaino_sync_iteration_duration_seconds_count,242.0
1791660697.655,128.927,"zaino_sync_block_build_seconds{quantile=""0.9""}",0.0006599806580150734
1791660697.655,128.927,zaino_sync_block_build_seconds_sum,243.9119968410057
1791660697.655,128.927,zaino_sync_block_build_seconds_count,512971.0
1791660699.655,130.927,zaino_sync_iterations_total,246.0
1791660699.655,130.927,zaino_sync_iteration_duration_seconds_sum,0.029336551000000013
1791660699.655,130.927,zaino_sync_iteration_duration_seconds_count,246.0
1791660699.655,130.927,"zaino_sync_block_build_seconds{quantile=""0.95""}",0.010024732190185109
1791660699.655,130.927,zaino_sync_block_build_seconds_sum,246.0120390680055
1791660699.655,130.927,zaino_sync_block_build_seconds_count,513565.0
1791660701.655,132.927,zaino_sync_iterations_total,250.0
1791660701.655,132.927,"zaino_grpc_requests_total{method=""get_block""}",52.0
1791660701.655,132.927,"zaino_grpc_requests_total{method=""get_lightd_info""}",26.0
1791660701.655,132.927,zaino_sync_finalized_height,518164.0
1791660701.655,132.927,"zaino_grpc_request_duration_seconds_sum{method=""get_block""}",0.012982454000000003
1791660701.655,132.927,"zaino_grpc_request_duration_seconds_count{method=""get_block""}",52.0
1791660701.655,132.927,"zaino_grpc_request_duration_seconds_sum{method=""get_lightd_info""}",0.09599674799999998
1791660701.655,132.927,"zaino_grpc_request_duration_seconds_count{method=""get_lightd_info""}",26.0
1791660701.655,132.927,zaino_sync_iteration_duration_seconds_sum,0.029770184000000012
1791660701.655,132.927,zaino_sync_iteration_duration_seconds_count,250.0
1791660701.655,132.927,"zaino_sync_block_write_seconds{quantile=""0.5""}",5.2419837268711635
1791660701.655,132.927,"zaino_sync_block_write_seconds{quantile=""0.9""}",5.2419837268711635
1791660701.655,132.927,"zaino_sync_block_write_seconds{quantile=""0.95""}",5.2419837268711635
1791660701.655,132.927,"zaino_sync_block_write_seconds{quantile=""0.99""}",5.2419837268711635
1791660701.655,132.927,"zaino_sync_block_write_seconds{quantile=""0.999""}",5.2419837268711635
1791660701.655,132.927,"zaino_sync_block_write_seconds{quantile=""1""}",5.532154965
1791660701.655,132.927,zaino_sync_block_write_seconds_sum,25.190106117000003
1791660701.655,132.927,zaino_sync_block_write_seconds_count,5.0
1791660701.655,132.927,"zaino_sync_block_build_seconds{quantile=""0.95""}",0.00213540271350377
1791660701.655,132.927,zaino_sync_block_build_seconds_sum,251.76433247500478
1791660701.655,132.927,zaino_sync_block_build_seconds_count,523394.0
1791660703.798,135.070,zaino_sync_iterations_total,252.0
1791660703.798,135.070,"zaino_sync_iteration_duration_seconds{quantile=""0.5""}",7.991875223281796e-05
1791660703.798,135.070,"zaino_sync_iteration_duration_seconds{quantile=""0.9""}",0.00013744317010216156
1791660703.798,135.070,"zaino_sync_iteration_duration_seconds{quantile=""0.95""}",0.00023109075798159384
1791660703.798,135.070,"zaino_sync_iteration_duration_seconds{quantile=""0.99""}",0.0005025074811306548
1791660703.798,135.070,"zaino_sync_iteration_duration_seconds{quantile=""0.999""}",0.0005025074811306548
1791660703.798,135.070,zaino_sync_iteration_duration_seconds_sum,0.030372632000000014
1791660703.798,135.070,zaino_sync_iteration_duration_seconds_count,252.0
1791660703.798,135.070,"zaino_sync_block_build_seconds{quantile=""0.95""}",0.001084430811043903
1791660703.798,135.070,zaino_sync_block_build_seconds_sum,253.81901107400435
1791660703.798,135.070,zaino_sync_block_build_seconds_count,528356.0
1791660705.798,137.070,"zaino_grpc_requests_total{method=""get_block""}",54.0
1791660705.798,137.070,"zaino_grpc_requests_total{method=""get_lightd_info""}",27.0
1791660705.798,137.070,zaino_sync_iterations_total,256.0
1791660705.798,137.070,"zaino_grpc_request_duration_seconds_sum{method=""get_block""}",0.013341672000000004
1791660705.798,137.070,"zaino_grpc_request_duration_seconds_count{method=""get_block""}",54.0
1791660705.798,137.070,"zaino_grpc_request_duration_seconds_sum{method=""get_lightd_info""}",0.09894374799999998
1791660705.798,137.070,"zaino_grpc_request_duration_seconds_count{method=""get_lightd_info""}",27.0
1791660705.798,137.070,zaino_sync_iteration_duration_seconds_sum,0.030710454000000015
1791660705.798,137.070,zaino_sync_iteration_duration_seconds_count,256.0
1791660705.798,137.070,"zaino_sync_block_build_seconds{quantile=""0.95""}",0.0006599806580150734
1791660705.798,137.070,"zaino_sync_block_build_seconds{quantile=""0.99""}",0.0009670116373090166
1791660705.798,137.070,"zaino_sync_block_build_seconds{quantile=""0.999""}",0.002445024770444031
1791660705.798,137.070,zaino_sync_block_build_seconds_sum,257.45438113100334
1791660705.798,137.070,zaino_sync_block_build_seconds_count,542368.0
1791660707.799,139.070,zaino_sync_iterations_total,260.0
1791660707.799,139.070,"zaino_sync_iteration_duration_seconds{quantile=""0.95""}",0.00021999625531043078
1791660707.799,139.070,"zaino_sync_iteration_duration_seconds{quantile=""0.99""}",0.0003547490104063141
1791660707.799,139.070,zaino_sync_iteration_duration_seconds_sum,0.031078144000000016
1791660707.799,139.070,zaino_sync_iteration_duration_seconds_count,260.0
1791660707.799,139.070,"zaino_sync_block_write_seconds{quantile=""0.5""}",5.025374609806289
1791660707.799,139.070,"zaino_sync_block_write_seconds{quantile=""0.9""}",5.025374609806289
1791660707.799,139.070,"zaino_sync_block_write_seconds{quantile=""0.95""}",5.025374609806289
1791660707.799,139.070,"zaino_sync_block_write_seconds{quantile=""0.99""}",5.025374609806289
1791660707.799,139.070,"zaino_sync_block_write_seconds{quantile=""0.999""}",5.025374609806289
1791660707.799,139.070,"zaino_sync_block_build_seconds{quantile=""0.99""}",0.0006599806580150734
1791660707.799,139.070,"zaino_sync_block_build_seconds{quantile=""0.999""}",0.0006599806580150734
1791660707.799,139.070,zaino_sync_block_build_seconds_sum,261.8234856950021
1791660707.799,139.070,zaino_sync_block_build_seconds_count,556034.0
1791660709.799,141.071,zaino_sync_iterations_total,264.0
1791660709.799,141.071,"zaino_sync_iteration_duration_seconds{quantile=""0.5""}",8.114279643997074e-05
1791660709.799,141.071,"zaino_sync_iteration_duration_seconds{quantile=""0.9""}",0.00014027580542688782
1791660709.799,141.071,zaino_sync_iteration_duration_seconds_sum,0.03149105500000002
1791660709.799,141.071,zaino_sync_iteration_duration_seconds_count,264.0
1791660709.799,141.071,zaino_sync_block_build_seconds_sum,265.91416081800315
1791660709.799,141.071,zaino_sync_block_build_seconds_count,569342.0
1791660711.799,143.071,zaino_sync_iterations_total,267.0
1791660711.799,143.071,"zaino_grpc_requests_total{method=""get_block""}",56.0
1791660711.799,143.071,"zaino_grpc_requests_total{method=""get_lightd_info""}",28.0
1791660711.799,143.071,zaino_sync_finalized_height,578035.0
1791660711.799,143.071,"zaino_grpc_request_duration_seconds{method=""get_block"",quantile=""0.99""}",0.00038337381319098976
1791660711.799,143.071,"zaino_grpc_request_duration_seconds{method=""get_block"",quantile=""0.999""}",0.00038337381319098976
1791660711.799,143.071,"zaino_grpc_request_duration_seconds{method=""get_block"",quantile=""1""}",0.000413511
1791660711.799,143.071,"zaino_grpc_request_duration_seconds_sum{method=""get_block""}",0.013767442000000005
1791660711.799,143.071,"zaino_grpc_request_duration_seconds_count{method=""get_block""}",56.0
1791660711.799,143.071,"zaino_grpc_request_duration_seconds_sum{method=""get_lightd_info""}",0.10173872899999999
1791660711.799,143.071,"zaino_grpc_request_duration_seconds_count{method=""get_lightd_info""}",28.0
1791660711.799,143.071,"zaino_sync_iteration_duration_seconds{quantile=""0""}",4.8135e-05
1791660711.799,143.071,"zaino_sync_iteration_duration_seconds{quantile=""0.5""}",7.979098447028664e-05
1791660711.799,143.071,"zaino_sync_iteration_duration_seconds{quantile=""0.95""}",0.0001970407429824258
1791660711.799,143.071,"zaino_sync_iteration_duration_seconds{quantile=""0.999""}",0.0003547490104063141
1791660711.799,143.071,"zaino_sync_iteration_duration_seconds{quantile=""1""}",0.000502484
1791660711.799,143.071,zaino_sync_iteration_duration_seconds_sum,0.03172503900000002
1791660711.799,143.071,zaino_sync_iteration_duration_seconds_count,267.0
1791660711.799,143.071,"zaino_sync_block_build_seconds{quantile=""0""}",0.000105885
1791660711.799,143.071,"zaino_sync_block_build_seconds{quantile=""0.5""}",0.0003178598384792491
1791660711.799,143.071,"zaino_sync_block_build_seconds{quantile=""0.9""}",0.00039917923513010733
1791660711.799,143.071,"zaino_sync_block_build_seconds{quantile=""0.95""}",0.0004168850511241791
1791660711.799,143.071,"zaino_sync_block_build_seconds{quantile=""0.99""}",0.00043975182214407954
1791660711.799,143.071,"zaino_sync_block_build_seconds{quantile=""0.999""}",0.00044764948528297385
1791660711.799,143.071,"zaino_sync_block_build_seconds{quantile=""1""}",0.136475729
1791660711.799,143.071,zaino_sync_block_build_seconds_sum,270.3874033370035
1791660711.799,143.071,zaino_sync_block_build_seconds_count,579349.0
1791660713.799,145.071,zaino_sync_iterations_total,271.0
1791660713.799,145.071,"zaino_sync_iteration_duration_seconds{quantile=""0.5""}",7.982290724831113e-05
1791660713.799,145.071,zaino_sync_iteration_duration_seconds_sum,0.03209398900000002
1791660713.799,145.071,zaino_sync_iteration_duration_seconds_count,271.0
1791660713.799,145.071,"zaino_sync_block_build_seconds{quantile=""0.5""}",0.0003113166389941665
1791660713.799,145.071,"zaino_sync_block_build_seconds{quantile=""0.9""}",0.00039158810186780543
1791660713.799,145.071,"zaino_sync_block_build_seconds{quantile=""0.95""}",0.00040618573360842237
1791660713.799,145.071,"zaino_sync_block_build_seconds{quantile=""0.99""}",0.00042310083323079657
1791660713.799,145.071,"zaino_sync_block_build_seconds{quantile=""0.999""}",0.0004281229955637361
1791660713.799,145.071,zaino_sync_block_build_seconds_sum,274.2098710480038
1791660713.799,145.071,zaino_sync_block_build_seconds_count,591718.0
1791660715.799,147.071,zaino_sync_sapling_outputs_total,67509.0
1791660715.799,147.071,zaino_sync_iterations_total,275.0
1791660715.799,147.071,zaino_sync_transactions_total,705533.0
1791660715.799,147.071,"zaino_grpc_requests_total{method=""get_lightd_info""}",29.0
1791660715.799,147.071,"zaino_grpc_requests_total{method=""get_block""}",58.0
1791660715.799,147.071,zaino_db_tip_height,499999.0
1791660715.799,147.071,zaino_sync_last_block_written_at,1791660715.1122777
1791660715.799,147.071,"zaino_grpc_request_duration_seconds{method=""get_block"",quantile=""0""}",1.1985e-05
1791660715.799,147.071,"zaino_grpc_request_duration_seconds{method=""get_block"",quantile=""0.9""}",0.00038337381319098976
1791660715.799,147.071,"zaino_grpc_request_duration_seconds{method=""get_block"",quantile=""0.95""}",0.00038575811453718767
1791660715.799,147.071,"zaino_grpc_request_duration_seconds{method=""get_block"",quantile=""0.99""}",0.00038575811453718767
1791660715.799,147.071,"zaino_grpc_request_duration_seconds{method=""get_block"",quantile=""0.999""}",0.00038575811453718767
1791660715.799,147.071,"zaino_grpc_request_duration_seconds_sum{method=""get_block""}",0.014167244000000004
1791660715.799,147.071,"zaino_grpc_request_duration_seconds_count{method=""get_block""}",58.0
1791660715.799,147.071,"zaino_grpc_request_duration_seconds{method=""get_lightd_info"",quantile=""0.5""}",0.0029471990789420414
1791660715.799,147.071,"zaino_grpc_request_duration_seconds{method=""get_lightd_info"",quantile=""0.9""}",0.0033216287665371906
1791660715.799,147.071,"zaino_grpc_request_duration_seconds{method=""get_lightd_info"",quantile=""0.95""}",0.0033216287665371906
1791660715.799,147.071,"zaino_grpc_request_duration_seconds{method=""get_lightd_info"",quantile=""0.99""}",0.0033216287665371906
1791660715.799,147.071,"zaino_grpc_request_duration_seconds{method=""get_lightd_info"",quantile=""0.999""}",0.0033216287665371906
1791660715.799,147.071,"zaino_grpc_request_duration_seconds{method=""get_lightd_info"",quantile=""1""}",0.003993659
1791660715.799,147.071,"zaino_grpc_request_duration_seconds_sum{method=""get_lightd_info""}",0.10573238799999998
1791660715.799,147.071,"zaino_grpc_request_duration_seconds_count{method=""get_lightd_info""}",29.0
1791660715.799,147.071,"zaino_sync_iteration_duration_seconds{quantile=""0.5""}",7.979098447028664e-05
1791660715.799,147.071,"zaino_sync_iteration_duration_seconds{quantile=""0.9""}",0.00013744317010216156
1791660715.799,147.071,"zaino_sync_iteration_duration_seconds{quantile=""0.95""}",0.00016891751587143233
1791660715.799,147.071,zaino_sync_iteration_duration_seconds_sum,0.03239424700000002
1791660715.799,147.071,zaino_sync_iteration_duration_seconds_count,275.0
1791660715.799,147.071,"zaino_sync_block_build_seconds{quantile=""0.5""}",0.00029696388316148765
1791660715.799,147.071,"zaino_sync_block_build_seconds{quantile=""0.9""}",0.00038237833595456755
1791660715.799,147.071,"zaino_sync_block_build_seconds{quantile=""0.95""}",0.0003948123255646459
1791660715.799,147.071,"zaino_sync_block_build_seconds{quantile=""0.99""}",0.0004075691155239009
1791660715.799,147.071,"zaino_sync_block_build_seconds{quantile=""0.999""}",0.00041092492228642633
1791660715.799,147.071,zaino_sync_block_build_seconds_sum,277.6131734510008
1791660715.799,147.071,zaino_sync_block_build_seconds_count,603756.0
1791660717.800,149.071,zaino_sync_iterations_total,280.0
1791660717.800,149.071,"zaino_sync_iteration_duration_seconds{quantile=""0.5""}",7.982290724831113e-05
1791660717.800,149.071,"zaino_sync_iteration_duration_seconds{quantile=""0.9""}",0.00014027580542688782
1791660717.800,149.071,"zaino_sync_iteration_duration_seconds{quantile=""0.95""}",0.00017267488070042117
1791660717.800,149.071,zaino_sync_iteration_duration_seconds_sum,0.03295384700000003
1791660717.800,149.071,zaino_sync_iteration_duration_seconds_count,280.0
1791660717.800,149.071,"zaino_sync_block_build_seconds{quantile=""0.5""}",0.0002872091011118059
1791660717.800,149.071,"zaino_sync_block_build_seconds{quantile=""0.9""}",0.0003784979007776135
1791660717.800,149.071,"zaino_sync_block_build_seconds{quantile=""0.95""}",0.00039033702273186304
1791660717.800,149.071,"zaino_sync_block_build_seconds{quantile=""0.99""}",0.0004019029039167501
1791660717.800,149.071,"zaino_sync_block_build_seconds{quantile=""0.999""}",0.00040505000431355543
1791660717.800,149.071,zaino_sync_block_build_seconds_sum,285.0174477290001
1791660717.800,149.071,zaino_sync_block_build_seconds_count,613854.0
1791660719.962,151.234,zaino_sync_iterations_total,282.0
1791660719.962,151.234,"zaino_sync_iteration_duration_seconds{quantile=""0.5""}",7.979098447028664e-05
1791660719.962,151.234,zaino_sync_iteration_duration_seconds_sum,0.03309914000000003
1791660719.962,151.234,zaino_sync_iteration_duration_seconds_count,282.0
1791660719.962,151.234,"zaino_sync_block_build_seconds{quantile=""0.5""}",0.0002874964538663068
1791660719.962,151.234,"zaino_sync_block_build_seconds{quantile=""0.9""}",0.0003787250676620875
1791660719.962,151.234,"zaino_sync_block_build_seconds{quantile=""0.95""}",0.0003905712952210018
1791660719.962,151.234,"zaino_sync_block_build_seconds{quantile=""0.99""}",0.0004022245548841878
1791660719.962,151.234,"zaino_sync_block_build_seconds{quantile=""0.999""}",0.00040537417396866
1791660719.962,151.234,zaino_sync_block_build_seconds_sum,287.9302054870006
1791660719.962,151.234,zaino_sync_block_build_seconds_count,614145.0
1791660721.962,153.234,zaino_sync_iterations_total,286.0
1791660721.962,153.234,"zaino_grpc_requests_total{method=""get_lightd_info""}",30.0
1791660721.962,153.234,"zaino_grpc_requests_total{method=""get_block""}",60.0
1791660721.962,153.234,zaino_sync_finalized_height,617948.0
1791660721.962,153.234,"zaino_grpc_request_duration_seconds_sum{method=""get_block""}",0.014522581000000003
1791660721.962,153.234,"zaino_grpc_request_duration_seconds_count{method=""get_block""}",60.0
1791660721.962,153.234,"zaino_grpc_request_duration_seconds{method=""get_lightd_info"",quantile=""0.5""}",0.002795064698781076
1791660721.962,153.234,"zaino_grpc_request_duration_seconds_sum{method=""get_lightd_info""}",0.10843209499999998
1791660721.962,153.234,"zaino_grpc_request_duration_seconds_count{method=""get_lightd_info""}",30.0
1791660721.962,153.234,"zaino_sync_iteration_duration_seconds{quantile=""0.5""}",7.982290724831113e-05
1791660721.962,153.234,"zaino_sync_iteration_duration_seconds{quantile=""0.95""}",0.0001970407429824258
1791660721.962,153.234,zaino_sync_iteration_duration_seconds_sum,0.03357632400000004
1791660721.962,153.234,zaino_sync_iteration_duration_seconds_count,286.0
1791660721.962,153.234,"zaino_sync_block_write_seconds{quantile=""0.5""}",5.531726653479629
1791660721.962,153.234,"zaino_sync_block_write_seconds{quantile=""0.9""}",5.531726653479629
1791660721.962,153.234,"zaino_sync_block_write_seconds{quantile=""0.95""}",5.531726653479629
1791660721.962,153.234,"zaino_sync_block_write_seconds{quantile=""0.99""}",5.531726653479629
1791660721.962,153.234,"zaino_sync_block_write_seconds{quantile=""0.999""}",5.531726653479629
1791660721.962,153.234,"zaino_sync_block_write_seconds{quantile=""1""}",5.666616271
1791660721.962,153.234,zaino_sync_block_write_seconds_sum,30.856722388
1791660721.962,153.234,zaino_sync_block_write_seconds_count,6.0
1791660721.962,153.234,"zaino_sync_block_build_seconds{quantile=""0.5""}",0.00029260118130346576
1791660721.962,153.234,"zaino_sync_block_build_seconds{quantile=""0.9""}",0.0003819197571522046
1791660721.962,153.234,"zaino_sync_block_build_seconds{quantile=""0.95""}",0.0003941023025886474
1791660721.962,153.234,"zaino_sync_block_build_seconds{quantile=""0.99""}",0.00040626697887967113
1791660721.962,153.234,"zaino_sync_block_build_seconds{quantile=""0.999""}",0.00040953015000251634
1791660721.962,153.234,zaino_sync_block_build_seconds_sum,293.03039775100154
1791660721.962,153.234,zaino_sync_block_build_seconds_count,620328.0
1791660723.962,155.234,zaino_sync_iterations_total,290.0
1791660723.962,155.234,"zaino_sync_iteration_duration_seconds{quantile=""0.5""}",7.979098447028664e-05
1791660723.962,155.234,zaino_sync_iteration_duration_seconds_sum,0.03386094900000004
1791660723.962,155.234,zaino_sync_iteration_duration_seconds_count,290.0
1791660723.962,155.234,"zaino_sync_block_build_seconds{quantile=""0.5""}",0.0002916663540415168
1791660723.962,155.234,"zaino_sync_block_build_seconds{quantile=""0.9""}",0.00038138544359717015
1791660723.962,155.234,"zaino_sync_block_build_seconds{quantile=""0.95""}",0.0003932362305486253
1791660723.962,155.234,"zaino_sync_block_build_seconds{quantile=""0.99""}",0.00040488801671097056
1791660723.962,155.234,"zaino_sync_block_build_seconds{quantile=""0.999""}",0.0004079768884932878
1791660723.962,155.234,zaino_sync_block_build_seconds_sum,297.14105561700313
1791660723.962,155.234,zaino_sync_block_build_seconds_count,632140.0
1791660725.963,157.234,"zaino_grpc_requests_total{method=""get_block""}",62.0
1791660725.963,157.234,"zaino_grpc_requests_total{method=""get_lightd_info""}",31.0
1791660725.963,157.234,zaino_sync_iterations_total,293.0
1791660725.963,157.234,"zaino_grpc_request_duration_seconds{method=""get_block"",quantile=""0.5""}",1.546238833520714e-05
1791660725.963,157.234,"zaino_grpc_request_duration_seconds_sum{method=""get_block""}",0.014834031000000004
1791660725.963,157.234,"zaino_grpc_request_duration_seconds_count{method=""get_block""}",62.0
1791660725.963,157.234,"zaino_grpc_request_duration_seconds_sum{method=""get_lightd_info""}",0.11121828299999997
1791660725.963,157.234,"zaino_grpc_request_duration_seconds_count{method=""get_lightd_info""}",31.0
1791660725.963,157.234,"zaino_sync_iteration_duration_seconds{quantile=""0.5""}",7.977502786905265e-05
1791660725.963,157.234,zaino_sync_iteration_duration_seconds_sum,0.034062871000000036
1791660725.963,157.234,zaino_sync_iteration_duration_seconds_count,293.0
1791660725.963,157.234,"zaino_sync_block_build_seconds{quantile=""0.5""}",0.00023439565599875408
1791660725.963,157.234,"zaino_sync_block_build_seconds{quantile=""0.9""}",0.0003724901247189579
1791660725.963,157.234,"zaino_sync_block_build_seconds{quantile=""0.95""}",0.0003831438578957959
1791660725.963,157.234,"zaino_sync_block_build_seconds{quantile=""0.99""}",0.0003931575911664539
1791660725.963,157.234,"zaino_sync_block_build_seconds{quantile=""0.999""}",0.0003956027403697437
1791660725.963,157.234,zaino_sync_block_build_seconds_sum,300.6182315350014
1791660725.963,157.234,zaino_sync_block_build_seconds_count,646029.0
1791660727.963,159.235,zaino_sync_iterations_total,297.0
1791660727.963,159.235,"zaino_sync_iteration_duration_seconds{quantile=""0""}",4.2884e-05
1791660727.963,159.235,"zaino_sync_iteration_duration_seconds{quantile=""0.5""}",7.929781078315583e-05
1791660727.963,159.235,"zaino_sync_iteration_duration_seconds{quantile=""0.999""}",0.00045532458002268
1791660727.963,159.235,zaino_sync_iteration_duration_seconds_sum,0.03469528400000004
1791660727.963,159.235,zaino_sync_iteration_duration_seconds_count,297.0
1791660727.963,159.235,"zaino_sync_block_write_seconds{quantile=""0""}",5.532154965
1791660727.963,159.235,"zaino_sync_block_build_seconds{quantile=""0.5""}",0.00026661629450003933
1791660727.963,159.235,"zaino_sync_block_build_seconds{quantile=""0.9""}",0.00037488170642332514
1791660727.963,159.235,"zaino_sync_block_build_seconds{quantile=""0.95""}",0.00038537254923614613
1791660727.963,159.235,"zaino_sync_block_build_seconds{quantile=""0.99""}",0.00039528638473551917
1791660727.963,159.235,"zaino_sync_block_build_seconds{quantile=""0.999""}",0.00039774477345908357
1791660727.963,159.235,zaino_sync_block_build_seconds_sum,305.2478889400042
1791660727.963,159.235,zaino_sync_block_build_seconds_count,658177.0
1791660729.963,161.235,zaino_sync_iterations_total,301.0
1791660729.963,161.235,"zaino_sync_iteration_duration_seconds{quantile=""0.5""}",7.852448770712811e-05
1791660729.963,161.235,zaino_sync_iteration_duration_seconds_sum,0.03500115900000004
1791660729.963,161.235,zaino_sync_iteration_duration_seconds_count,301.0
1791660729.963,161.235,"zaino_sync_block_build_seconds{quantile=""0.5""}",0.0002106105144771669
1791660729.963,161.235,"zaino_sync_block_build_seconds{quantile=""0.9""}",0.0003698917985885437
1791660729.963,161.235,"zaino_sync_block_build_seconds{quantile=""0.95""}",0.0003800149244103487
1791660729.963,161.235,"zaino_sync_block_build_seconds{quantile=""0.99""}",0.00038901213044336157
1791660729.963,161.235,"zaino_sync_block_build_seconds{quantile=""0.999""}",0.0003913532194776654
1791660729.963,161.235,zaino_sync_block_build_seconds_sum,309.0167847170068
1791660729.963,161.235,zaino_sync_block_build_seconds_count,670806.0
1791660731.963,163.235,"zaino_grpc_requests_total{method=""get_lightd_info""}",32.0
1791660731.963,163.235,"zaino_grpc_requests_total{method=""get_block""}",64.0
1791660731.963,163.235,zaino_sync_iterations_total,305.0
1791660731.963,163.235,zaino_sync_finalized_height,679574.0
1791660731.963,163.235,"zaino_grpc_request_duration_seconds{method=""get_block"",quantile=""0.9""}",0.00036606485845259816
1791660731.963,163.235,"zaino_grpc_request_duration_seconds{method=""get_block"",quantile=""0.95""}",0.00038337381319098976
1791660731.963,163.235,"zaino_grpc_request_duration_seconds_sum{method=""get_block""}",0.015131606000000006
1791660731.963,163.235,"zaino_grpc_request_duration_seconds_count{method=""get_block""}",64.0
1791660731.963,163.235,"zaino_grpc_request_duration_seconds{method=""get_lightd_info"",quantile=""0.9""}",0.0033163184099112065
1791660731.963,163.235,"zaino_grpc_request_duration_seconds_sum{method=""get_lightd_info""}",0.11419819799999997
1791660731.963,163.235,"zaino_grpc_request_duration_seconds_count{method=""get_lightd_info""}",32.0
1791660731.963,163.235,"zaino_sync_iteration_duration_seconds{quantile=""0.5""}",7.716998000755227e-05
1791660731.963,163.235,"zaino_sync_iteration_duration_seconds{quantile=""0.9""}",0.00012185240569010842
1791660731.963,163.235,"zaino_sync_iteration_duration_seconds{quantile=""0.95""}",0.00017267488070042117
1791660731.963,163.235,"zaino_sync_iteration_duration_seconds{quantile=""0.99""}",0.00045532458002268
1791660731.963,163.235,zaino_sync_iteration_duration_seconds_sum,0.03531471100000005
1791660731.963,163.235,zaino_sync_iteration_duration_seconds_count,305.0
1791660731.963,163.235,"zaino_sync_block_build_seconds{quantile=""0""}",0.000106462
1791660731.963,163.235,"zaino_sync_block_build_seconds{quantile=""0.5""}",0.0003351608367445822
1791660731.963,163.235,"zaino_sync_block_build_seconds{quantile=""0.9""}",0.00043940016136825746
1791660731.963,163.235,"zaino_sync_block_build_seconds{quantile=""0.95""}",0.0005251114510579879
1791660731.963,163.235,"zaino_sync_block_build_seconds{quantile=""0.99""}",0.0017212577141532952
1791660731.963,163.235,"zaino_sync_block_build_seconds{quantile=""0.999""}",0.016213678863458418
1791660731.963,163.235,zaino_sync_block_build_seconds_sum,313.4175985850081
1791660731.963,163.235,zaino_sync_block_build_seconds_count,682726.0
1791660733.963,165.235,zaino_sync_iterations_total,309.0
1791660733.963,165.235,"zaino_sync_iteration_duration_seconds{quantile=""0.5""}",7.785207263970844e-05
1791660733.963,165.235,zaino_sync_iteration_duration_seconds_sum,0.035663118000000056
1791660733.963,165.235,zaino_sync_iteration_duration_seconds_count,309.0
1791660733.963,165.235,"zaino_sync_block_build_seconds{quantile=""0.5""}",0.0003325567513450519
1791660733.963,165.235,"zaino_sync_block_build_seconds{quantile=""0.9""}",0.00043720864391340775
1791660733.963,165.235,"zaino_sync_block_build_seconds{quantile=""0.95""}",0.0005215528062837979
1791660733.963,165.235,"zaino_sync_block_build_seconds{quantile=""0.99""}",0.001672392528018129
1791660733.963,165.235,"zaino_sync_block_build_seconds{quantile=""0.999""}",0.014612177550946659
1791660733.963,165.235,zaino_sync_block_build_seconds_sum,317.06271408801
1791660733.963,165.235,zaino_sync_block_build_seconds_count,695427.0
1791660735.964,167.236,zaino_sync_sapling_outputs_total,72731.0
1791660735.964,167.236,zaino_sync_iterations_total,313.0
1791660735.964,167.236,"zaino_grpc_requests_total{method=""get_block""}",66.0
1791660735.964,167.236,"zaino_grpc_requests_total{method=""get_lightd_info""}",33.0
1791660735.964,167.236,zaino_sync_transactions_total,852632.0
1791660735.964,167.236,zaino_sync_last_block_written_at,1791660734.6100376
1791660735.964,167.236,zaino_db_tip_height,599999.0
1791660735.964,167.236,"zaino_grpc_request_duration_seconds{method=""get_block"",quantile=""0.9""}",0.00038575811453718767
1791660735.964,167.236,"zaino_grpc_request_duration_seconds{method=""get_block"",quantile=""0.95""}",0.0004031104230055191
1791660735.964,167.236,"zaino_grpc_request_duration_seconds{method=""get_block"",quantile=""0.99""}",0.0004031104230055191
1791660735.964,167.236,"zaino_grpc_request_duration_seconds{method=""get_block"",quantile=""0.999""}",0.0004031104230055191
1791660735.964,167.236,"zaino_grpc_request_duration_seconds_sum{method=""get_block""}",0.015550124000000005
1791660735.964,167.236,"zaino_grpc_request_duration_seconds_count{method=""get_block""}",66.0
1791660735.964,167.236,"zaino_grpc_request_duration_seconds{method=""get_lightd_info"",quantile=""0""}",0.002699707
1791660735.964,167.236,"zaino_grpc_request_duration_seconds{method=""get_lightd_info"",quantile=""0.5""}",0.0029471990789420414
1791660735.964,167.236,"zaino_grpc_request_duration_seconds{method=""get_lightd_info"",quantile=""0.9""}",0.0038024867302759997
1791660735.964,167.236,"zaino_grpc_request_duration_seconds{method=""get_lightd_info"",quantile=""0.95""}",0.0038024867302759997
1791660735.964,167.236,"zaino_grpc_request_duration_seconds{method=""get_lightd_info"",quantile=""0.99""}",0.0038024867302759997
1791660735.964,167.236,"zaino_grpc_request_duration_seconds{method=""get_lightd_info"",quantile=""0.999""}",0.0038024867302759997
1791660735.964,167.236,"zaino_grpc_request_duration_seconds_sum{method=""get_lightd_info""}",0.11800036499999997
1791660735.964,167.236,"zaino_grpc_request_duration_seconds_count{method=""get_lightd_info""}",33.0
1791660735.964,167.236,"zaino_sync_iteration_duration_seconds{quantile=""0.9""}",0.00011600235849555866
1791660735.964,167.236,"zaino_sync_iteration_duration_seconds{quantile=""0.95""}",0.00016891751587143233
1791660735.964,167.236,zaino_sync_iteration_duration_seconds_sum,0.03596406900000006
1791660735.964,167.236,zaino_sync_iteration_duration_seconds_count,313.0
1791660735.964,167.236,"zaino_sync_block_build_seconds{quantile=""0.5""}",0.00032891867318190755
1791660735.964,167.236,"zaino_sync_block_build_seconds{quantile=""0.9""}",0.00043502805669750006
1791660735.964,167.236,"zaino_sync_block_build_seconds{quantile=""0.95""}",0.0005167765250324783
1791660735.964,167.236,"zaino_sync_block_build_seconds{quantile=""0.99""}",0.001583527973553526
1791660735.964,167.236,"zaino_sync_block_build_seconds{quantile=""0.999""}",0.013477953273235753
1791660735.964,167.236,zaino_sync_block_build_seconds_sum,320.38788999900925
1791660735.964,167.236,zaino_sync_block_build_seconds_count,707828.0
1791660737.964,169.236,zaino_sync_iterations_total,317.0
1791660737.964,169.236,"zaino_sync_iteration_duration_seconds{quantile=""0.5""}",7.852448770712811e-05
1791660737.964,169.236,"zaino_sync_iteration_duration_seconds{quantile=""0.9""}",0.00012185240569010842
1791660737.964,169.236,zaino_sync_iteration_duration_seconds_sum,0.036346313000000054
1791660737.964,169.236,zaino_sync_iteration_duration_seconds_count,317.0
1791660737.964,169.236,"zaino_sync_block_build_seconds{quantile=""0.5""}",0.00032964309083255634
1791660737.964,169.236,"zaino_sync_block_build_seconds{quantile=""0.9""}",0.00043860995247651955
1791660737.964,169.236,"zaino_sync_block_build_seconds{quantile=""0.95""}",0.0005222834915753898
1791660737.964,169.236,"zaino_sync_block_build_seconds{quantile=""0.99""}",0.0017630676113428087
1791660737.964,169.236,"zaino_sync_block_build_seconds{quantile=""0.999""}",0.0170279355055487
1791660737.964,169.236,zaino_sync_block_build_seconds_sum,325.15647931000984
1791660737.964,169.236,zaino_sync_block_build_seconds_count,713620.0
1791660739.964,171.236,zaino_sync_iterations_total,321.0
1791660739.964,171.236,"zaino_sync_iteration_duration_seconds{quantile=""0.5""}",7.929781078315583e-05
1791660739.964,171.236,"zaino_sync_iteration_duration_seconds{quantile=""0.9""}",0.00011600235849555866
1791660739.964,171.236,zaino_sync_iteration_duration_seconds_sum,0.03665786000000005
1791660739.964,171.236,zaino_sync_iteration_duration_seconds_count,321.0
1791660739.964,171.236,"zaino_sync_block_build_seconds{quantile=""0.5""}",0.00032997289880098865
1791660739.964,171.236,"zaino_sync_block_build_seconds{quantile=""0.9""}",0.0004404559882445156
1791660739.964,171.236,"zaino_sync_block_build_seconds{quantile=""0.95""}",0.0005280603243325263
1791660739.964,171.236,"zaino_sync_block_build_seconds{quantile=""0.99""}",0.0021846491718225483
1791660739.964,171.236,"zaino_sync_block_build_seconds{quantile=""0.999""}",0.019938554330587086
1791660739.964,171.236,zaino_sync_block_build_seconds_sum,330.72695008300934
1791660739.964,171.236,zaino_sync_block_build_seconds_count,714169.0
1791660741.964,173.236,zaino_sync_iterations_total,325.0
1791660741.964,173.236,"zaino_grpc_requests_total{method=""get_block""}",68.0
1791660741.964,173.236,"zaino_grpc_requests_total{method=""get_lightd_info""}",34.0
1791660741.964,173.236,zaino_sync_finalized_height,719172.0
1791660741.964,173.236,"zaino_grpc_request_duration_seconds{method=""get_block"",quantile=""0.5""}",1.6901637594834958e-05
1791660741.964,173.236,"zaino_grpc_request_duration_seconds{method=""get_block"",quantile=""0.9""}",0.0004031104230055191
1791660741.964,173.236,"zaino_grpc_request_duration_seconds{method=""get_block"",quantile=""0.95""}",0.00041174759453176297
1791660741.964,173.236,"zaino_grpc_request_duration_seconds{method=""get_block"",quantile=""0.99""}",0.00041174759453176297
1791660741.964,173.236,"zaino_grpc_request_duration_seconds{method=""get_block"",quantile=""0.999""}",0.00041174759453176297
1791660741.964,173.236,"zaino_grpc_request_duration_seconds_sum{method=""get_block""}",0.015978765000000006
1791660741.964,173.236,"zaino_grpc_request_duration_seconds_count{method=""get_block""}",68.0
1791660741.964,173.236,"zaino_grpc_request_duration_seconds{method=""get_lightd_info"",quantile=""0.5""}",0.002795064698781076
1791660741.964,173.236,"zaino_grpc_request_duration_seconds_sum{method=""get_lightd_info""}",0.12071500599999997
1791660741.964,173.236,"zaino_grpc_request_duration_seconds_count{method=""get_lightd_info""}",34.0
1791660741.964,173.236,"zaino_sync_iteration_duration_seconds{quantile=""0.9""}",0.0001288708220396483
1791660741.964,173.236,"zaino_sync_iteration_duration_seconds{quantile=""0.95""}",0.00017267488070042117
1791660741.964,173.236,zaino_sync_iteration_duration_seconds_sum,0.03717202300000005
1791660741.964,173.236,zaino_sync_iteration_duration_seconds_count,325.0
1791660741.964,173.236,"zaino_sync_block_write_seconds{quantile=""0.5""}",5.666094052829962
1791660741.964,173.236,"zaino_sync_block_write_seconds{quantile=""0.9""}",5.666094052829962
1791660741.964,173.236,"zaino_sync_block_write_seconds{quantile=""0.95""}",5.666094052829962
1791660741.964,173.236,"zaino_sync_block_write_seconds{quantile=""0.99""}",5.666094052829962
1791660741.964,173.236,"zaino_sync_block_write_seconds{quantile=""0.999""}",5.666094052829962
1791660741.964,173.236,"zaino_sync_block_write_seconds{quantile=""1""}",5.907974223
1791660741.964,173.236,zaino_sync_block_write_seconds_sum,36.764696611000005
1791660741.964,173.236,zaino_sync_block_write_seconds_count,7.0
1791660741.964,173.236,"zaino_sync_block_build_seconds{quantile=""0.5""}",0.00033342252391806116
1791660741.964,173.236,"zaino_sync_block_build_seconds{quantile=""0.9""}",0.00044559502652166927
1791660741.964,173.236,"zaino_sync_block_build_seconds{quantile=""0.95""}",0.0005348629403711745
1791660741.964,173.236,"zaino_sync_block_build_seconds{quantile=""0.99""}",0.002281094230975329
1791660741.964,173.236,"zaino_sync_block_build_seconds{quantile=""0.999""}",0.020345408522454315
1791660741.964,173.236,zaino_sync_block_build_seconds_sum,335.69386960501043
1791660741.964,173.236,zaino_sync_block_build_seconds_count,721253.0
1791660743.964,175.236,zaino_sync_iterations_total,329.0
1791660743.964,175.236,zaino_sync_iteration_duration_seconds_sum,0.037491384000000044
1791660743.964,175.236,zaino_sync_iteration_duration_seconds_count,329.0
1791660743.964,175.236,"zaino_sync_block_build_seconds{quantile=""0.5""}",0.00033449118494387854
1791660743.964,175.236,"zaino_sync_block_build_seconds{quantile=""0.9""}",0.00044470472706188463
1791660743.964,175.236,"zaino_sync_block_build_seconds{quantile=""0.95""}",0.0005323017500231743
1791660743.964,175.236,"zaino_sync_block_build_seconds{quantile=""0.99""}",0.0020839294150998095
1791660743.964,175.236,"zaino_sync_block_build_seconds{quantile=""0.999""}",0.020094683165770923
1791660743.964,175.236,zaino_sync_block_build_seconds_sum,339.60351211200935
1791660743.964,175.236,zaino_sync_block_build_seconds_count,733316.0
1791660745.965,177.236,zaino_sync_iterations_total,333.0
1791660745.965,177.236,"zaino_grpc_requests_total{method=""get_lightd_info""}",35.0
1791660745.965,177.236,"zaino_grpc_requests_total{method=""get_block""}",70.0
1791660745.965,177.236,"zaino_grpc_request_duration_seconds{method=""get_block"",quantile=""0.9""}",0.00038575811453718767
1791660745.965,177.236,"zaino_grpc_request_duration_seconds{method=""get_block"",quantile=""0.95""}",0.0004031104230055191
1791660745.965,177.236,"zaino_grpc_request_duration_seconds_sum{method=""get_block""}",0.016305330000000007
1791660745.965,177.236,"zaino_grpc_request_duration_seconds_count{method=""get_block""}",70.0
1791660745.965,177.236,"zaino_grpc_request_duration_seconds{method=""get_lightd_info"",quantile=""0.5""}",0.0029471990789420414
1791660745.965,177.236,"zaino_grpc_request_duration_seconds_sum{method=""get_lightd_info""}",0.12411962599999997
1791660745.965,177.236,"zaino_grpc_request_duration_seconds_count{method=""get_lightd_info""}",35.0
1791660745.965,177.236,"zaino_sync_iteration_duration_seconds{quantile=""0.9""}",0.00012185240569010842
1791660745.965,177.236,"zaino_sync_iteration_duration_seconds{quantile=""0.95""}",0.00016891751587143233
1791660745.965,177.236,"zaino_sync_iteration_duration_seconds{quantile=""0.99""}",0.0002557525883467108
1791660745.965,177.236,zaino_sync_iteration_duration_seconds_sum,0.037815588000000046
1791660745.965,177.236,zaino_sync_iteration_duration_seconds_count,333.0
1791660745.965,177.236,"zaino_sync_block_build_seconds{quantile=""0.5""}",0.00033017094194793173
1791660745.965,177.236,"zaino_sync_block_build_seconds{quantile=""0.9""}",0.0004404559882445156
1791660745.965,177.236,"zaino_sync_block_build_seconds{quantile=""0.95""}",0.0005252164838514789
1791660745.965,177.236,"zaino_sync_block_build_seconds{quantile=""0.99""}",0.001913349274251781
1791660745.965,177.236,"zaino_sync_block_build_seconds{quantile=""0.999""}",0.019854988014226877
1791660745.965,177.236,zaino_sync_block_build_seconds_sum,343.1599887260092
1791660745.965,177.236,zaino_sync_block_build_seconds_count,747895.0
1791660747.965,179.237,zaino_sync_iterations_total,337.0
1791660747.965,179.237,"zaino_sync_iteration_duration_seconds{quantile=""0.5""}",7.852448770712811e-05
1791660747.965,179.237,zaino_sync_iteration_duration_seconds_sum,0.03808957700000005
1791660747.965,179.237,zaino_sync_iteration_duration_seconds_count,337.0
1791660747.965,179.237,"zaino_sync_block_write_seconds{quantile=""0""}",5.666616271
1791660747.965,179.237,"zaino_sync_block_build_seconds{quantile=""0""}",0.000106265
1791660747.965,179.237,"zaino_sync_block_build_seconds{quantile=""0.5""}",0.00032675495804592336
1791660747.965,179.237,"zaino_sync_block_build_seconds{quantile=""0.9""}",0.00043642237620497267
1791660747.965,179.237,"zaino_sync_block_build_seconds{quantile=""0.95""}",0.0005183291824343612
1791660747.965,179.237,"zaino_sync_block_build_seconds{quantile=""0.99""}",0.001810594515476271
1791660747.965,179.237,"zaino_sync_block_build_seconds{quantile=""0.999""}",0.01965742758192179
1791660747.965,179.237,zaino_sync_block_build_seconds_sum,346.8128851880101
1791660747.965,179.237,zaino_sync_block_build_seconds_count,762655.0
1791660749.965,181.237,zaino_sync_iterations_total,341.0
1791660749.965,181.237,"zaino_sync_iteration_duration_seconds{quantile=""0.5""}",7.785207263970844e-05
1791660749.965,181.237,"zaino_sync_iteration_duration_seconds{quantile=""0.9""}",0.00011600235849555866
1791660749.965,181.237,zaino_sync_iteration_duration_seconds_sum,0.03834116100000005
1791660749.965,181.237,zaino_sync_iteration_duration_seconds_count,341.0
1791660749.965,181.237,"zaino_sync_block_build_seconds{quantile=""0.5""}",0.0003290502669686217
1791660749.965,181.237,"zaino_sync_block_build_seconds{quantile=""0.9""}",0.0004342457105156339
1791660749.965,181.237,"zaino_sync_block_build_seconds{quantile=""0.95""}",0.0005128639101982612
1791660749.965,181.237,"zaino_sync_block_build_seconds{quantile=""0.99""}",0.0017123304051295963
1791660749.965,181.237,"zaino_sync_block_build_seconds{quantile=""0.999""}",0.01930675936621044
1791660749.965,181.237,zaino_sync_block_build_seconds_sum,351.34315457601053
1791660749.965,181.237,zaino_sync_block_build_seconds_count,776053.0
1791660751.965,183.237,"zaino_grpc_requests_total{method=""get_block""}",72.0
1791660751.965,183.237,"zaino_grpc_requests_total{method=""get_lightd_info""}",36.0
1791660751.965,183.237,zaino_sync_iterations_total,345.0
1791660751.965,183.237,zaino_sync_finalized_height,785937.0
1791660751.965,183.237,"zaino_grpc_request_duration_seconds_sum{method=""get_block""}",0.016655136000000008
1791660751.965,183.237,"zaino_grpc_request_duration_seconds_count{method=""get_block""}",72.0
1791660751.965,183.237,"zaino_grpc_request_duration_seconds{method=""get_lightd_info"",quantile=""0.5""}",0.0028001003459785204
1791660751.965,183.237,"zaino_grpc_request_duration_seconds{method=""get_lightd_info"",quantile=""0.9""}",0.0034043541853199777
1791660751.965,183.237,"zaino_grpc_request_duration_seconds_sum{method=""get_lightd_info""}",0.12691965499999996
1791660751.965,183.237,"zaino_grpc_request_duration_seconds_count{method=""get_lightd_info""}",36.0
1791660751.965,183.237,"zaino_sync_iteration_duration_seconds{quantile=""0.5""}",7.704660676404345e-05
1791660751.965,183.237,"zaino_sync_iteration_duration_seconds{quantile=""0.9""}",0.00011336475297823661
1791660751.965,183.237,"zaino_sync_iteration_duration_seconds{quantile=""0.95""}",0.00013929730353779609
1791660751.965,183.237,"zaino_sync_iteration_duration_seconds{quantile=""0.999""}",0.0002557525883467108
1791660751.965,183.237,"zaino_sync_iteration_duration_seconds{quantile=""1""}",0.00045535
1791660751.965,183.237,zaino_sync_iteration_duration_seconds_sum,0.038683091000000044
1791660751.965,183.237,zaino_sync_iteration_duration_seconds_count,345.0
1791660751.965,183.237,"zaino_sync_block_build_seconds{quantile=""0.5""}",0.00032721273535806183
1791660751.965,183.237,"zaino_sync_block_build_seconds{quantile=""0.9""}",0.00043113037007338795
1791660751.965,183.237,"zaino_sync_block_build_seconds{quantile=""0.95""}",0.00050999989900755
1791660751.965,183.237,"zaino_sync_block_build_seconds{quantile=""0.99""}",0.0015787845083724235
1791660751.965,183.237,"zaino_sync_block_build_seconds{quantile=""0.999""}",0.01949689575521675
1791660751.965,183.237,"zaino_sync_block_build_seconds{quantile=""1""}",0.109800896
1791660751.965,183.237,zaino_sync_block_build_seconds_sum,355.30417634601247
1791660751.965,183.237,zaino_sync_block_build_seconds_count,789214.0
1791660753.965,185.237,zaino_sync_transactions_total,996849.0
1791660753.965,185.237,zaino_sync_sapling_outputs_total,76068.0
1791660753.965,185.237,zaino_sync_iterations_total,349.0
1791660753.965,185.237,zaino_db_tip_height,699999.0
1791660753.965,185.237,zaino_sync_last_block_written_at,1791660753.5708895
1791660753.965,185.237,"zaino_sync_iteration_duration_seconds{quantile=""0.9""}",0.00011291219967482605
1791660753.965,185.237,"zaino_sync_iteration_duration_seconds{quantile=""0.95""}",0.0001288708220396483
1791660753.965,185.237,zaino_sync_iteration_duration_seconds_sum,0.03896530100000004
1791660753.965,185.237,zaino_sync_iteration_duration_seconds_count,349.0
1791660753.965,185.237,"zaino_sync_block_build_seconds{quantile=""0.5""}",0.0003264936586123252
1791660753.965,185.237,"zaino_sync_block_build_seconds{quantile=""0.9""}",0.000428551332693598
1791660753.965,185.237,"zaino_sync_block_build_seconds{quantile=""0.95""}",0.0005034128091504869
1791660753.965,185.237,"zaino_sync_block_build_seconds{quantile=""0.99""}",0.001471460216405181
1791660753.965,185.237,"zaino_sync_block_build_seconds{quantile=""0.999""}",0.01879996974894245
1791660753.965,185.237,zaino_sync_block_build_seconds_sum,358.99750530401167
1791660753.965,185.237,zaino_sync_block_build_seconds_count,802206.0
1791660755.966,187.237,zaino_sync_iterations_total,353.0
1791660755.966,187.237,"zaino_grpc_requests_total{method=""get_lightd_info""}",37.0
1791660755.966,187.237,"zaino_grpc_requests_total{method=""get_block""}",74.0
1791660755.966,187.237,"zaino_grpc_request_duration_seconds{method=""get_block"",quantile=""0""}",1.2555e-05
1791660755.966,187.237,"zaino_grpc_request_duration_seconds{method=""get_block"",quantile=""0.99""}",0.0004031104230055191
1791660755.966,187.237,"zaino_grpc_request_duration_seconds{method=""get_block"",quantile=""0.999""}",0.0004031104230055191
1791660755.966,187.237,"zaino_grpc_request_duration_seconds{method=""get_block"",quantile=""1""}",0.00041174
1791660755.966,187.237,"zaino_grpc_request_duration_seconds_sum{method=""get_block""}",0.01694163900000001
1791660755.966,187.237,"zaino_grpc_request_duration_seconds_count{method=""get_block""}",74.0
1791660755.966,187.237,"zaino_grpc_request_duration_seconds{method=""get_lightd_info"",quantile=""0.5""}",0.0029797972300528116
1791660755.966,187.237,"zaino_grpc_request_duration_seconds{method=""get_lightd_info"",quantile=""0.9""}",0.003993448948207028
1791660755.966,187.237,"zaino_grpc_request_duration_seconds{method=""get_lightd_info"",quantile=""0.95""}",0.003993448948207028
1791660755.966,187.237,"zaino_grpc_request_duration_seconds{method=""get_lightd_info"",quantile=""0.99""}",0.003993448948207028
1791660755.966,187.237,"zaino_grpc_request_duration_seconds{method=""get_lightd_info"",quantile=""0.999""}",0.003993448948207028
1791660755.966,187.237,"zaino_grpc_request_duration_seconds{method=""get_lightd_info"",quantile=""1""}",0.004343548
1791660755.966,187.237,"zaino_grpc_request_duration_seconds_sum{method=""get_lightd_info""}",0.13126320299999997
1791660755.966,187.237,"zaino_grpc_request_duration_seconds_count{method=""get_lightd_info""}",37.0
1791660755.966,187.237,"zaino_sync_iteration_duration_seconds{quantile=""0.9""}",0.00011336475297823661
1791660755.966,187.237,zaino_sync_iteration_duration_seconds_sum,0.039326719000000045
1791660755.966,187.237,zaino_sync_iteration_duration_seconds_count,353.0
1791660755.966,187.237,"zaino_sync_block_build_seconds{quantile=""0""}",9.7258e-05
1791660755.966,187.237,"zaino_sync_block_build_seconds{quantile=""0.5""}",0.0003266896135887602
1791660755.966,187.237,"zaino_sync_block_build_seconds{quantile=""0.9""}",0.0004270113215739943
1791660755.966,187.237,"zaino_sync_block_build_seconds{quantile=""0.95""}",0.0004988026505374947
1791660755.966,187.237,"zaino_sync_block_build_seconds{quantile=""0.99""}",0.001413763435866388
1791660755.966,187.237,"zaino_sync_block_build_seconds{quantile=""0.999""}",0.017972723735831527
1791660755.966,187.237,zaino_sync_block_build_seconds_sum,362.72566611000997
1791660755.966,187.237,zaino_sync_block_build_seconds_count,814342.0
1791660757.966,189.237,zaino_sync_iterations_total,355.0
1791660757.966,189.237,"zaino_sync_iteration_duration_seconds{quantile=""0.5""}",7.615802983270732e-05
1791660757.966,189.237,zaino_sync_iteration_duration_seconds_sum,0.039463109000000045
1791660757.966,189.237,zaino_sync_iteration_duration_seconds_count,355.0
1791660757.966,189.237,"zaino_sync_block_build_seconds{quantile=""0.5""}",0.0003265589638745742
1791660757.966,189.237,"zaino_sync_block_build_seconds{quantile=""0.9""}",0.0004274385464738404
1791660757.966,189.237,"zaino_sync_block_build_seconds{quantile=""0.95""}",0.0005006015762087953
1791660757.966,189.237,"zaino_sync_block_build_seconds{quantile=""0.99""}",0.0015263133497297036
1791660757.966,189.237,"zaino_sync_block_build_seconds{quantile=""0.999""}",0.018981318540580067
1791660757.966,189.237,zaino_sync_block_build_seconds_sum,364.85535054601075
1791660757.966,189.237,zaino_sync_block_build_seconds_count,815395.0
1791660759.966,191.238,zaino_sync_iterations_total,359.0
1791660759.966,191.238,"zaino_sync_iteration_duration_seconds{quantile=""0.5""}",7.716998000755227e-05
1791660759.966,191.238,zaino_sync_iteration_duration_seconds_sum,0.03984816600000005
1791660759.966,191.238,zaino_sync_iteration_duration_seconds_count,359.0
1791660759.966,191.238,"zaino_sync_block_write_seconds{quantile=""0.5""}",5.907956495136207
1791660759.966,191.238,"zaino_sync_block_write_seconds{quantile=""0.9""}",5.907956495136207
1791660759.966,191.238,"zaino_sync_block_write_seconds{quantile=""0.95""}",5.907956495136207
1791660759.966,191.238,"zaino_sync_block_write_seconds{quantile=""0.99""}",5.907956495136207
1791660759.966,191.238,"zaino_sync_block_write_seconds{quantile=""0.999""}",5.907956495136207
1791660759.966,191.238,"zaino_sync_block_write_seconds{quantile=""1""}",6.10608677
1791660759.966,191.238,zaino_sync_block_write_seconds_sum,42.870783381
1791660759.966,191.238,zaino_sync_block_write_seconds_count,8.0
1791660759.966,191.238,"zaino_sync_block_build_seconds{quantile=""0.5""}",0.0003325567513450519
1791660759.966,191.238,"zaino_sync_block_build_seconds{quantile=""0.9""}",0.00045778998336110734
1791660759.966,191.238,"zaino_sync_block_build_seconds{quantile=""0.95""}",0.0007166664490683108
1791660759.966,191.238,"zaino_sync_block_build_seconds{quantile=""0.99""}",0.12030801753344023
1791660759.966,191.238,"zaino_sync_block_build_seconds{quantile=""0.999""}",0.12030801753344023
1791660759.966,191.238,"zaino_sync_block_build_seconds{quantile=""1""}",0.120316441
1791660759.966,191.238,zaino_sync_block_build_seconds_sum,367.12454818701104
1791660759.966,191.238,zaino_sync_block_build_seconds_count,817904.0
1791660761.966,193.238,zaino_sync_iterations_total,363.0
1791660761.966,193.238,"zaino_grpc_requests_total{method=""get_lightd_info""}",38.0
1791660761.966,193.238,"zaino_grpc_requests_total{method=""get_block""}",76.0
1791660761.966,193.238,zaino_sync_finalized_height,828193.0
1791660761.966,193.238,"zaino_grpc_request_duration_seconds{method=""get_block"",quantile=""0.9""}",0.0003894792252022546
1791660761.966,193.238,"zaino_grpc_request_duration_seconds_sum{method=""get_block""}",0.01734721700000001
1791660761.966,193.238,"zaino_grpc_request_duration_seconds_count{method=""get_block""}",76.0
1791660761.966,193.238,"zaino_grpc_request_duration_seconds_sum{method=""get_lightd_info""}",0.13452454799999997
1791660761.966,193.238,"zaino_grpc_request_duration_seconds_count{method=""get_lightd_info""}",38.0
1791660761.966,193.238,"zaino_sync_iteration_duration_seconds{quantile=""0.5""}",7.704660676404345e-05
1791660761.966,193.238,zaino_sync_iteration_duration_seconds_sum,0.04009039300000006
1791660761.966,193.238,zaino_sync_iteration_duration_seconds_count,363.0
1791660761.966,193.238,"zaino_sync_block_build_seconds{quantile=""0.5""}",0.00033043518438525334
1791660761.966,193.238,"zaino_sync_block_build_seconds{quantile=""0.9""}",0.00043078560370111665
1791660761.966,193.238,"zaino_sync_block_build_seconds{quantile=""0.95""}",0.0005209273182820318
1791660761.966,193.238,"zaino_sync_block_build_seconds{quantile=""0.99""}",0.010471478823388716
1791660761.966,193.238,zaino_sync_block_build_seconds_sum,371.685377083012
1791660761.966,193.238,zaino_sync_block_build_seconds_count,831419.0
1791660763.966,195.238,zaino_sync_iterations_total,367.0
1791660763.966,195.238,"zaino_sync_iteration_duration_seconds{quantile=""0.9""}",0.00011500901570547831
1791660763.966,195.238,zaino_sync_iteration_duration_seconds_sum,0.04044245200000006
1791660763.966,195.238,zaino_sync_iteration_duration_seconds_count,367.0
1791660763.966,195.238,"zaino_sync_block_build_seconds{quantile=""0.5""}",0.0003087125317803654
1791660763.966,195.238,"zaino_sync_block_build_seconds{quantile=""0.9""}",0.0003956027403697437
1791660763.966,195.238,"zaino_sync_block_build_seconds{quantile=""0.95""}",0.0004148058282505241
1791660763.966,195.238,"zaino_sync_block_build_seconds{quantile=""0.99""}",0.0004451496542169296
1791660763.966,195.238,"zaino_sync_block_build_seconds{quantile=""0.999""}",0.00045778998336110734
1791660763.966,195.238,zaino_sync_block_build_seconds_sum,375.47670650001174
1791660763.966,195.238,zaino_sync_block_build_seconds_count,846562.0
1791660765.966,197.238,zaino_sync_iterations_total,371.0
1791660765.966,197.238,"zaino_grpc_requests_total{method=""get_block""}",78.0
1791660765.966,197.238,"zaino_grpc_requests_total{method=""get_lightd_info""}",39.0
1791660765.966,197.238,"zaino_grpc_request_duration_seconds{method=""get_block"",quantile=""0.9""}",0.00038575811453718767
1791660765.966,197.238,"zaino_grpc_request_duration_seconds{method=""get_block"",quantile=""0.95""}",0.0003894792252022546
1791660765.966,197.238,"zaino_grpc_request_duration_seconds_sum{method=""get_block""}",0.01763121500000001
1791660765.966,197.238,"zaino_grpc_request_duration_seconds_count{method=""get_block""}",78.0
1791660765.966,197.238,"zaino_grpc_request_duration_seconds_sum{method=""get_lightd_info""}",0.13729518099999996
1791660765.966,197.238,"zaino_grpc_request_duration_seconds_count{method=""get_lightd_info""}",39.0
1791660765.966,197.238,"zaino_sync_iteration_duration_seconds{quantile=""0.5""}",7.615802983270732e-05
1791660765.966,197.238,"zaino_sync_iteration_duration_seconds{quantile=""0.9""}",0.00011336475297823661
1791660765.966,197.238,"zaino_sync_iteration_duration_seconds{quantile=""0.95""}",0.000127665112023564
1791660765.966,197.238,"zaino_sync_iteration_duration_seconds{quantile=""0.99""}",0.00022114321535349782
1791660765.966,197.238,zaino_sync_iteration_duration_seconds_sum,0.040732591000000054
1791660765.966,197.238,zaino_sync_iteration_duration_seconds_count,371.0
1791660765.966,197.238,"zaino_sync_block_build_seconds{quantile=""0.5""}",0.00029430319924139816
1791660765.966,197.238,"zaino_sync_block_build_seconds{quantile=""0.9""}",0.00038345049562187093
1791660765.966,197.238,"zaino_sync_block_build_seconds{quantile=""0.95""}",0.0003968706967914388
1791660765.966,197.238,"zaino_sync_block_build_seconds{quantile=""0.99""}",0.00041174759453176297
1791660765.966,197.238,"zaino_sync_block_build_seconds{quantile=""0.999""}",0.0004160521142336904
1791660765.966,197.238,zaino_sync_block_build_seconds_sum,379.7573159730102
1791660765.966,197.238,zaino_sync_block_build_seconds_count,861020.0
1791660767.967,199.238,zaino_sync_iterations_total,375.0
1791660767.967,199.238,"zaino_sync_iteration_duration_seconds{quantile=""0.5""}",7.580850741220327e-05
1791660767.967,199.238,zaino_sync_iteration_duration_seconds_sum,0.040985189000000054
1791660767.967,199.238,zaino_sync_iteration_duration_seconds_count,375.0
1791660767.967,199.238,"zaino_sync_block_write_seconds{quantile=""0""}",5.907974223
1791660767.967,199.238,"zaino_sync_block_build_seconds{quantile=""0.5""}",0.0002837264375111278
1791660767.967,199.238,"zaino_sync_block_build_seconds{quantile=""0.9""}",0.00037593284611363623
1791660767.967,199.238,"zaino_sync_block_build_seconds{quantile=""0.95""}",0.00038745918986814913
1791660767.967,199.238,"zaino_sync_block_build_seconds{quantile=""0.99""}",0.00039886001944423855
1791660767.967,199.238,"zaino_sync_block_build_seconds{quantile=""0.999""}",0.00040198329253639535
1791660767.967,199.238,zaino_sync_block_build_seconds_sum,383.9309974770076
1791660767.967,199.238,zaino_sync_block_build_seconds_count,875101.0
1791660769.967,201.238,zaino_sync_iterations_total,379.0
1791660769.967,201.238,"zaino_sync_iteration_duration_seconds{quantile=""0.5""}",7.573273679616072e-05
1791660769.967,201.238,"zaino_sync_iteration_duration_seconds{quantile=""0.9""}",0.00011291219967482605
1791660769.967,201.238,zaino_sync_iteration_duration_seconds_sum,0.04125272200000006
1791660769.967,201.238,zaino_sync_iteration_duration_seconds_count,379.0
1791660769.967,201.238,"zaino_sync_block_build_seconds{quantile=""0.5""}",0.00019625415423415549
1791660769.967,201.238,"zaino_sync_block_build_seconds{quantile=""0.9""}",0.00036263997096148677
1791660769.967,201.238,"zaino_sync_block_build_seconds{quantile=""0.95""}",0.0003723411584638111
1791660769.967,201.238,"zaino_sync_block_build_seconds{quantile=""0.99""}",0.0003810042487814763
1791660769.967,201.238,"zaino_sync_block_build_seconds{quantile=""0.999""}",0.0003831438578957959
1791660769.967,201.238,zaino_sync_block_build_seconds_sum,387.74382146500676
1791660769.967,201.238,zaino_sync_block_build_seconds_count,889802.0
1791660771.967,203.239,zaino_sync_iterations_total,383.0
1791660771.967,203.239,zaino_sync_sapling_outputs_total,77844.0
1791660771.967,203.239,zaino_sync_transactions_total,1136106.0
1791660771.967,203.239,"zaino_grpc_requests_total{method=""get_lightd_info""}",40.0
1791660771.967,203.239,"zaino_grpc_requests_total{method=""get_block""}",80.0
1791660771.967,203.239,zaino_sync_finalized_height,899917.0
1791660771.967,203.239,zaino_sync_last_block_written_at,1791660771.5477567
1791660771.967,203.239,zaino_db_tip_height,799999.0
1791660771.967,203.239,"zaino_grpc_request_duration_seconds_sum{method=""get_block""}",0.01790242100000001
1791660771.967,203.239,"zaino_grpc_request_duration_seconds_count{method=""get_block""}",80.0
1791660771.967,203.239,"zaino_grpc_request_duration_seconds{method=""get_lightd_info"",quantile=""0.9""}",0.0038024867302759997
1791660771.967,203.239,"zaino_grpc_request_duration_seconds_sum{method=""get_lightd_info""}",0.14040218599999996
1791660771.967,203.239,"zaino_grpc_request_duration_seconds_count{method=""get_lightd_info""}",40.0
1791660771.967,203.239,"zaino_sync_iteration_duration_seconds{quantile=""0""}",4.4615e-05
1791660771.967,203.239,"zaino_sync_iteration_duration_seconds{quantile=""0.5""}",7.427768137019915e-05
1791660771.967,203.239,"zaino_sync_iteration_duration_seconds{quantile=""0.9""}",0.00010135310636530045
1791660771.967,203.239,"zaino_sync_iteration_duration_seconds{quantile=""0.95""}",0.00012687603698667064
1791660771.967,203.239,"zaino_sync_iteration_duration_seconds{quantile=""0.99""}",0.00013929730353779609
1791660771.967,203.239,"zaino_sync_iteration_duration_seconds{quantile=""0.999""}",0.00013929730353779609
1791660771.967,203.239,"zaino_sync_iteration_duration_seconds{quantile=""1""}",0.00025573
1791660771.967,203.239,zaino_sync_iteration_duration_seconds_sum,0.04156804600000006
1791660771.967,203.239,zaino_sync_iteration_duration_seconds_count,383.0
1791660771.967,203.239,"zaino_sync_block_build_seconds{quantile=""0.5""}",0.00030994985490810336
1791660771.967,203.239,"zaino_sync_block_build_seconds{quantile=""0.9""}",0.0003912749566600517
1791660771.967,203.239,"zaino_sync_block_build_seconds{quantile=""0.95""}",0.0004101038937413381
1791660771.967,203.239,"zaino_sync_block_build_seconds{quantile=""0.99""}",0.0004400157524094073
1791660771.967,203.239,"zaino_sync_block_build_seconds{quantile=""0.999""}",0.000453234896903591
1791660771.967,203.239,zaino_sync_block_build_seconds_sum,392.2611643460104
1791660771.967,203.239,zaino_sync_block_build_seconds_count,902166.0
1791660773.967,205.239,zaino_sync_iterations_total,387.0
1791660773.967,205.239,"zaino_sync_iteration_duration_seconds{quantile=""0.5""}",7.573273679616072e-05
1791660773.967,205.239,"zaino_sync_iteration_duration_seconds{quantile=""0.95""}",0.00011500901570547831
1791660773.967,205.239,zaino_sync_iteration_duration_seconds_sum,0.041924193000000054
1791660773.967,205.239,zaino_sync_iteration_duration_seconds_count,387.0
1791660773.967,205.239,"zaino_sync_block_build_seconds{quantile=""0.5""}",0.00031281455097910573
1791660773.967,205.239,"zaino_sync_block_build_seconds{quantile=""0.9""}",0.0003958401732374941
1791660773.967,205.239,"zaino_sync_block_build_seconds{quantile=""0.95""}",0.0004148058282505241
1791660773.967,205.239,"zaino_sync_block_build_seconds{quantile=""0.99""}",0.0004422213405541948
1791660773.967,205.239,"zaino_sync_block_build_seconds{quantile=""0.999""}",0.00045314425898800145
1791660773.967,205.239,zaino_sync_block_build_seconds_sum,396.7481187790107
1791660773.967,205.239,zaino_sync_block_build_seconds_count,913983.0
1791660775.967,207.239,zaino_sync_iterations_total,391.0
1791660775.967,207.239,"zaino_grpc_requests_total{method=""get_block""}",82.0
1791660775.967,207.239,"zaino_grpc_requests_total{method=""get_lightd_info""}",41.0
1791660775.967,207.239,"zaino_grpc_request_duration_seconds{method=""get_block"",quantile=""0""}",9.735e-06
1791660775.967,207.239,"zaino_grpc_request_duration_seconds{method=""get_block"",quantile=""0.9""}",0.0003894792252022546
1791660775.967,207.239,"zaino_grpc_request_duration_seconds{method=""get_block"",quantile=""0.95""}",0.0004031104230055191
1791660775.967,207.239,"zaino_grpc_request_duration_seconds_sum{method=""get_block""}",0.01821635200000001
1791660775.967,207.239,"zaino_grpc_request_duration_seconds_count{method=""get_block""}",82.0
1791660775.967,207.239,"zaino_grpc_request_duration_seconds{method=""get_lightd_info"",quantile=""0""}",0.002714641
1791660775.967,207.239,"zaino_grpc_request_duration_seconds{method=""get_lightd_info"",quantile=""0.5""}",0.0031069926187841375
1791660775.967,207.239,"zaino_grpc_request_duration_seconds{method=""get_lightd_info"",quantile=""0.95""}",0.0038024867302759997
1791660775.967,207.239,"zaino_grpc_request_duration_seconds{method=""get_lightd_info"",quantile=""0.99""}",0.0038024867302759997
1791660775.967,207.239,"zaino_grpc_request_duration_seconds{method=""get_lightd_info"",quantile=""0.999""}",0.0038024867302759997
1791660775.967,207.239,"zaino_grpc_request_duration_seconds_sum{method=""get_lightd_info""}",0.14346213299999996
1791660775.967,207.239,"zaino_grpc_request_duration_seconds_count{method=""get_lightd_info""}",41.0
1791660775.967,207.239,"zaino_sync_iteration_duration_seconds{quantile=""0.9""}",0.00010983843601214089
1791660775.967,207.239,"zaino_sync_iteration_duration_seconds{quantile=""0.95""}",0.00012687603698667064
1791660775.967,207.239,"zaino_sync_iteration_duration_seconds{quantile=""0.99""}",0.0001636631781126536
1791660775.967,207.239,"zaino_sync_iteration_duration_seconds{quantile=""0.999""}",0.0001636631781126536
1791660775.967,207.239,zaino_sync_iteration_duration_seconds_sum,0.04229587600000005
1791660775.967,207.239,zaino_sync_iteration_duration_seconds_count,391.0
1791660775.967,207.239,"zaino_sync_block_build_seconds{quantile=""0.5""}",0.00031212711542103936
1791660775.967,207.239,"zaino_sync_block_build_seconds{quantile=""0.9""}",0.0003954445309170682
1791660775.967,207.239,"zaino_sync_block_build_seconds{quantile=""0.95""}",0.00041414266959151385
1791660775.967,207.239,"zaino_sync_block_build_seconds{quantile=""0.99""}",0.00044098485268737357
1791660775.967,207.239,"zaino_sync_block_build_seconds{quantile=""0.999""}",0.000451515872504544
1791660775.967,207.239,zaino_sync_block_build_seconds_sum,400.7205660790109
1791660775.967,207.239,zaino_sync_block_build_seconds_count,916825.0
1791660777.967,209.239,zaino_sync_iterations_total,395.0
1791660777.967,209.239,"zaino_sync_iteration_duration_seconds{quantile=""0.9""}",0.00011291219967482605
1791660777.967,209.239,zaino_sync_iteration_duration_seconds_sum,0.04265734100000005
1791660777.967,209.239,zaino_sync_iteration_duration_seconds_count,395.0
1791660777.967,209.239,"zaino_sync_block_write_seconds{quantile=""0.5""}",6.10617162203388
1791660777.967,209.239,"zaino_sync_block_write_seconds{quantile=""0.9""}",6.10617162203388
1791660777.967,209.239,"zaino_sync_block_write_seconds{quantile=""0.95""}",6.10617162203388
1791660777.967,209.239,"zaino_sync_block_write_seconds{quantile=""0.99""}",6.10617162203388
1791660777.967,209.239,"zaino_sync_block_write_seconds{quantile=""0.999""}",6.10617162203388
1791660777.967,209.239,"zaino_sync_block_write_seconds{quantile=""1""}",6.789879151
1791660777.967,209.239,zaino_sync_block_write_seconds_sum,49.660662532
1791660777.967,209.239,zaino_sync_block_write_seconds_count,9.0
1791660777.967,209.239,"zaino_sync_block_build_seconds{quantile=""0.5""}",0.00031038408859908106
1791660777.967,209.239,"zaino_sync_block_build_seconds{quantile=""0.9""}",0.0003938659121305355
1791660777.967,209.239,"zaino_sync_block_build_seconds{quantile=""0.95""}",0.00041182995228644474
1791660777.967,209.239,"zaino_sync_block_build_seconds{quantile=""0.99""}",0.0004365969800744824
1791660777.967,209.239,"zaino_sync_block_build_seconds{quantile=""0.999""}",0.00044559502652166927
1791660777.967,209.239,zaino_sync_block_build_seconds_sum,406.38603954901043
1791660777.967,209.239,zaino_sync_block_build_seconds_count,920580.0
1791660779.968,211.239,zaino_sync_iterations_total,397.0
1791660779.968,211.239,"zaino_sync_iteration_duration_seconds{quantile=""0.5""}",7.614279974974903e-05
1791660779.968,211.239,"zaino_sync_iteration_duration_seconds{quantile=""0.95""}",0.000127665112023564
1791660779.968,211.239,"zaino_sync_iteration_duration_seconds{quantile=""0.99""}",0.00018247451588173847
1791660779.968,211.239,"zaino_sync_iteration_duration_seconds{quantile=""0.999""}",0.00018247451588173847
1791660779.968,211.239,zaino_sync_iteration_duration_seconds_sum,0.042924069000000044
1791660779.968,211.239,zaino_sync_iteration_duration_seconds_count,397.0
1791660779.968,211.239,"zaino_sync_block_build_seconds{quantile=""0.5""}",0.00030828063663158075
1791660779.968,211.239,"zaino_sync_block_build_seconds{quantile=""0.9""}",0.0003941023025886474
1791660779.968,211.239,"zaino_sync_block_build_seconds{quantile=""0.95""}",0.000412489407635897
1791660779.968,211.239,"zaino_sync_block_build_seconds{quantile=""0.99""}",0.00043773360920403237
1791660779.968,211.239,"zaino_sync_block_build_seconds{quantile=""0.999""}",0.0004470232144933337
1791660779.968,211.239,zaino_sync_block_build_seconds_sum,408.80058389701173
1791660779.968,211.239,zaino_sync_block_build_seconds_count,926805.0
1791660781.968,213.239,zaino_sync_iterations_total,401.0
1791660781.968,213.239,"zaino_grpc_requests_total{method=""get_block""}",84.0
1791660781.968,213.239,"zaino_grpc_requests_total{method=""get_lightd_info""}",42.0
1791660781.968,213.239,zaino_sync_finalized_height,934358.0
1791660781.968,213.239,"zaino_grpc_request_duration_seconds_sum{method=""get_block""}",0.01853872400000001
1791660781.968,213.239,"zaino_grpc_request_duration_seconds_count{method=""get_block""}",84.0
1791660781.968,213.239,"zaino_grpc_request_duration_seconds{method=""get_lightd_info"",quantile=""0.5""}",0.0030601234389734206
1791660781.968,213.239,"zaino_grpc_request_duration_seconds_sum{method=""get_lightd_info""}",0.14638015099999996
1791660781.968,213.239,"zaino_grpc_request_duration_seconds_count{method=""get_lightd_info""}",42.0
1791660781.968,213.239,"zaino_sync_iteration_duration_seconds{quantile=""0.5""}",7.833625490571694e-05
1791660781.968,213.239,"zaino_sync_iteration_duration_seconds{quantile=""0.9""}",0.00011487108765955096
1791660781.968,213.239,"zaino_sync_iteration_duration_seconds{quantile=""0.95""}",0.0001288708220396483
1791660781.968,213.239,zaino_sync_iteration_duration_seconds_sum,0.04335363900000005
1791660781.968,213.239,zaino_sync_iteration_duration_seconds_count,401.0
1791660781.968,213.239,"zaino_sync_block_build_seconds{quantile=""0.5""}",0.0003050911321711894
1791660781.968,213.239,"zaino_sync_block_build_seconds{quantile=""0.9""}",0.00039465443221466904
1791660781.968,213.239,"zaino_sync_block_build_seconds{quantile=""0.95""}",0.0004135632755226369
1791660781.968,213.239,"zaino_sync_block_build_seconds{quantile=""0.99""}",0.000439224436450451
1791660781.968,213.239,"zaino_sync_block_build_seconds{quantile=""0.999""}",0.0004492639276881058
1791660781.968,213.239,zaino_sync_block_build_seconds_sum,412.97610002901223
1791660781.968,213.239,zaino_sync_block_build_seconds_count,937821.0
1791660783.968,215.240,zaino_sync_iterations_total,405.0
1791660783.968,215.240,zaino_sync_iteration_duration_seconds_sum,0.04363699700000005
1791660783.968,215.240,zaino_sync_iteration_duration_seconds_count,405.0
1791660783.968,215.240,"zaino_sync_block_build_seconds{quantile=""0.5""}",0.00028795681638583265
1791660783.968,215.240,"zaino_sync_block_build_seconds{quantile=""0.9""}",0.00038237833595456755
1791660783.968,215.240,"zaino_sync_block_build_seconds{quantile=""0.95""}",0.00039758570736450963
1791660783.968,215.240,"zaino_sync_block_build_seconds{quantile=""0.99""}",0.00041430835979573466
1791660783.968,215.240,"zaino_sync_block_build_seconds{quantile=""0.999""}",0.0004189746961458943
1791660783.968,215.240,zaino_sync_block_build_seconds_sum,416.33598041601346
1791660783.968,215.240,zaino_sync_block_build_seconds_count,953018.0
1791660785.968,217.240,"zaino_grpc_requests_total{method=""get_lightd_info""}",43.0
1791660785.968,217.240,"zaino_grpc_requests_total{method=""get_block""}",86.0
1791660785.968,217.240,zaino_sync_iterations_total,409.0
1791660785.968,217.240,"zaino_grpc_request_duration_seconds{method=""get_block"",quantile=""0.95""}",0.0003894792252022546
1791660785.968,217.240,"zaino_grpc_request_duration_seconds_sum{method=""get_block""}",0.01894319800000001
1791660785.968,217.240,"zaino_grpc_request_duration_seconds_count{method=""get_block""}",86.0
1791660785.968,217.240,"zaino_grpc_request_duration_seconds{method=""get_lightd_info"",quantile=""0.5""}",0.0031069926187841375
1791660785.968,217.240,"zaino_grpc_request_duration_seconds_sum{method=""get_lightd_info""}",0.14955658099999997
1791660785.968,217.240,"zaino_grpc_request_duration_seconds_count{method=""get_lightd_info""}",43.0
1791660785.968,217.240,"zaino_sync_iteration_duration_seconds{quantile=""0.5""}",7.573273679616072e-05
1791660785.968,217.240,"zaino_sync_iteration_duration_seconds{quantile=""0.9""}",0.00011291219967482605
1791660785.968,217.240,"zaino_sync_iteration_duration_seconds{quantile=""0.95""}",0.000127665112023564
1791660785.968,217.240,"zaino_sync_iteration_duration_seconds{quantile=""0.99""}",0.00016399083201465523
1791660785.968,217.240,zaino_sync_iteration_duration_seconds_sum,0.04388572900000006
1791660785.968,217.240,zaino_sync_iteration_duration_seconds_count,409.0
1791660785.968,217.240,"zaino_sync_block_build_seconds{quantile=""0.5""}",0.00026475649731664755
1791660785.968,217.240,"zaino_sync_block_build_seconds{quantile=""0.9""}",0.0003744321181810144
1791660785.968,217.240,"zaino_sync_block_build_seconds{quantile=""0.95""}",0.0003877692812410881
1791660785.968,217.240,"zaino_sync_block_build_seconds{quantile=""0.99""}",0.0004015012018959798
1791660785.968,217.240,"zaino_sync_block_build_seconds{quantile=""0.999""}",0.00040513102241622874
1791660785.968,217.240,zaino_sync_block_build_seconds_sum,419.90033402801083
1791660785.968,217.240,zaino_sync_block_build_seconds_count,968047.0
1791660787.968,219.240,zaino_sync_iterations_total,413.0
1791660787.968,219.240,"zaino_sync_iteration_duration_seconds{quantile=""0.5""}",7.427768137019915e-05
1791660787.968,219.240,zaino_sync_iteration_duration_seconds_sum,0.044155911000000055
1791660787.968,219.240,zaino_sync_iteration_duration_seconds_count,413.0
1791660787.968,219.240,"zaino_sync_block_write_seconds{quantile=""0""}",6.10608677
1791660787.968,219.240,"zaino_sync_block_build_seconds{quantile=""0.5""}",0.00023956158536038566
1791660787.968,219.240,"zaino_sync_block_build_seconds{quantile=""0.9""}",0.0003713000614326689
1791660787.968,219.240,"zaino_sync_block_build_seconds{quantile=""0.95""}",0.0003836806349549072
1791660787.968,219.240,"zaino_sync_block_build_seconds{quantile=""0.99""}",0.00039631546656592544
1791660787.968,219.240,"zaino_sync_block_build_seconds{quantile=""0.999""}",0.0003996585377379096
1791660787.968,219.240,zaino_sync_block_build_seconds_sum,423.80796474100987
1791660787.968,219.240,zaino_sync_block_build_seconds_count,981894.0
1791660789.968,221.240,zaino_sync_iterations_total,417.0
1791660789.968,221.240,"zaino_sync_iteration_duration_seconds{quantile=""0.5""}",7.414410180096633e-05
1791660789.968,221.240,"zaino_sync_iteration_duration_seconds{quantile=""0.9""}",0.00010983843601214089
1791660789.968,221.240,zaino_sync_iteration_duration_seconds_sum,0.04442956800000005
1791660789.968,221.240,zaino_sync_iteration_duration_seconds_count,417.0
1791660789.968,221.240,"zaino_sync_block_build_seconds{quantile=""0.5""}",0.00023003018168696974
1791660789.968,221.240,"zaino_sync_block_build_seconds{quantile=""0.9""}",0.0003698178276259223
1791660789.968,221.240,"zaino_sync_block_build_seconds{quantile=""0.95""}",0.0003819197571522046
1791660789.968,221.240,"zaino_sync_block_build_seconds{quantile=""0.99""}",0.00039418113093199947
1791660789.968,221.240,"zaino_sync_block_build_seconds{quantile=""0.999""}",0.0003973472274904124
1791660789.968,221.240,zaino_sync_block_build_seconds_sum,427.6258443980058
1791660789.968,221.240,zaino_sync_block_build_seconds_count,993810.0
1791660791.969,223.240,zaino_sync_sapling_outputs_total,78761.0
1791660791.969,223.240,zaino_sync_transactions_total,1290613.0
1791660791.969,223.240,zaino_sync_iterations_total,421.0
1791660791.969,223.240,"zaino_grpc_requests_total{method=""get_lightd_info""}",44.0
1791660791.969,223.240,"zaino_grpc_requests_total{method=""get_block""}",88.0
1791660791.969,223.240,zaino_sync_finalized_height,1002036.0
1791660791.969,223.240,zaino_sync_last_block_written_at,1791660791.0298264
1791660791.969,223.240,zaino_db_tip_height,899999.0
1791660791.969,223.240,"zaino_grpc_request_duration_seconds_sum{method=""get_block""}",0.019211391000000008
1791660791.969,223.240,"zaino_grpc_request_duration_seconds_count{method=""get_block""}",88.0
1791660791.969,223.240,"zaino_grpc_request_duration_seconds{method=""get_lightd_info"",quantile=""0.5""}",0.0030601234389734206
1791660791.969,223.240,"zaino_grpc_request_duration_seconds{method=""get_lightd_info"",quantile=""0.9""}",0.0034043541853199777
1791660791.969,223.240,"zaino_grpc_request_duration_seconds_sum{method=""get_lightd_info""}",0.15248886499999997
1791660791.969,223.240,"zaino_grpc_request_duration_seconds_count{method=""get_lightd_info""}",44.0
1791660791.969,223.240,"zaino_sync_iteration_duration_seconds{quantile=""0.5""}",7.14366127222501e-05
1791660791.969,223.240,"zaino_sync_iteration_duration_seconds{quantile=""0.9""}",0.00010135310636530045
1791660791.969,223.240,"zaino_sync_iteration_duration_seconds{quantile=""0.95""}",0.00012687603698667064
1791660791.969,223.240,"zaino_sync_iteration_duration_seconds{quantile=""0.999""}",0.00016399083201465523
1791660791.969,223.240,"zaino_sync_iteration_duration_seconds{quantile=""1""}",0.000182483
1791660791.969,223.240,zaino_sync_iteration_duration_seconds_sum,0.04470878900000005
1791660791.969,223.240,zaino_sync_iteration_duration_seconds_count,421.0
1791660791.969,223.240,"zaino_sync_block_build_seconds{quantile=""0.5""}",0.000322341172375287
1791660791.969,223.240,"zaino_sync_block_build_seconds{quantile=""0.9""}",0.00043001088706601736
1791660791.969,223.240,"zaino_sync_block_build_seconds{quantile=""0.95""}",0.0005349699236575772
1791660791.969,223.240,"zaino_sync_block_build_seconds{quantile=""0.99""}",0.0007835309232626519
1791660791.969,223.240,"zaino_sync_block_build_seconds{quantile=""0.999""}",0.009992704318994109
1791660791.969,223.240,zaino_sync_block_build_seconds_sum,431.7692563550061
1791660791.969,223.240,zaino_sync_block_build_seconds_count,1004293.0
1791660793.969,225.241,zaino_sync_iterations_total,425.0
1791660793.969,225.241,"zaino_grpc_request_duration_seconds{method=""get_block"",quantile=""0.5""}",1.613209097136014e-05
1791660793.969,225.241,"zaino_grpc_request_duration_seconds{method=""get_block"",quantile=""0.9""}",0.00030698857318598957
1791660793.969,225.241,"zaino_grpc_request_duration_seconds{method=""get_block"",quantile=""0.99""}",0.0003894792252022546
1791660793.969,225.241,"zaino_grpc_request_duration_seconds{method=""get_block"",quantile=""0.999""}",0.0003894792252022546
1791660793.969,225.241,"zaino_grpc_request_duration_seconds{method=""get_block"",quantile=""1""}",0.000389491
1791660793.969,225.241,"zaino_grpc_request_duration_seconds{method=""get_lightd_info"",quantile=""0""}",0.002770633
1791660793.969,225.241,"zaino_grpc_request_duration_seconds{method=""get_lightd_info"",quantile=""0.9""}",0.003261069649472953
1791660793.969,225.241,"zaino_grpc_request_duration_seconds{method=""get_lightd_info"",quantile=""0.95""}",0.003261069649472953
1791660793.969,225.241,"zaino_grpc_request_duration_seconds{method=""get_lightd_info"",quantile=""0.99""}",0.003261069649472953
1791660793.969,225.241,"zaino_grpc_request_duration_seconds{method=""get_lightd_info"",quantile=""0.999""}",0.003261069649472953
1791660793.969,225.241,zaino_sync_iteration_duration_seconds_sum,0.04499234700000005
1791660793.969,225.241,zaino_sync_iteration_duration_seconds_count,425.0
1791660793.969,225.241,"zaino_sync_block_build_seconds{quantile=""0.5""}",0.0003228573310696493
1791660793.969,225.241,"zaino_sync_block_build_seconds{quantile=""0.9""}",0.00043502805669750006
1791660793.969,225.241,"zaino_sync_block_build_seconds{quantile=""0.95""}",0.0005409952657535864
1791660793.969,225.241,"zaino_sync_block_build_seconds{quantile=""0.99""}",0.0008258478282927827
1791660793.969,225.241,"zaino_sync_block_build_seconds{quantile=""0.999""}",0.010089096221621692
1791660793.969,225.241,zaino_sync_block_build_seconds_sum,436.18874285400506
1791660793.969,225.241,zaino_sync_block_build_seconds_count,1012392.0
1791660796.006,227.278,"zaino_grpc_requests_total{method=""get_lightd_info""}",45.0
1791660796.006,227.278,"zaino_grpc_requests_total{method=""get_block""}",90.0
1791660796.006,227.278,zaino_sync_iterations_total,427.0
1791660796.006,227.278,"zaino_grpc_request_duration_seconds{method=""get_block"",quantile=""0.9""}",0.0003690051227056393
1791660796.006,227.278,"zaino_grpc_request_duration_seconds_sum{method=""get_block""}",0.01959517700000001
1791660796.006,227.278,"zaino_grpc_request_duration_seconds_count{method=""get_block""}",90.0
1791660796.006,227.278,"zaino_grpc_request_duration_seconds{method=""get_lightd_info"",quantile=""0""}",0.002699144
1791660796.006,227.278,"zaino_grpc_request_duration_seconds_sum{method=""get_lightd_info""}",0.15518800899999996
1791660796.006,227.278,"zaino_grpc_request_duration_seconds_count{method=""get_lightd_info""}",45.0
1791660796.006,227.278,"zaino_sync_iteration_duration_seconds{quantile=""0.5""}",7.196720442620343e-05
1791660796.006,227.278,"zaino_sync_iteration_duration_seconds{quantile=""0.95""}",0.0001216332686416464
1791660796.006,227.278,zaino_sync_iteration_duration_seconds_sum,0.04520382900000005
1791660796.006,227.278,zaino_sync_iteration_duration_seconds_count,427.0
1791660796.006,227.278,"zaino_sync_block_build_seconds{quantile=""0.5""}",0.0003229219089936559
1791660796.006,227.278,"zaino_sync_block_build_seconds{quantile=""0.9""}",0.00043537621839012685
1791660796.006,227.278,"zaino_sync_block_build_seconds{quantile=""0.95""}",0.0005422952137092998
1791660796.006,227.278,"zaino_sync_block_build_seconds{quantile=""0.99""}",0.0008430367314629479
1791660796.006,227.278,"zaino_sync_block_build_seconds{quantile=""0.999""}",0.01018438086262372
1791660796.006,227.278,zaino_sync_block_build_seconds_sum,437.2541096320045
1791660796.006,227.278,zaino_sync_block_build_seconds_count,1012734.0
1791660798.006,229.278,zaino_sync_iterations_total,431.0
1791660798.006,229.278,"zaino_sync_iteration_duration_seconds{quantile=""0.5""}",7.212570656489277e-05
1791660798.006,229.278,"zaino_sync_iteration_duration_seconds{quantile=""0.9""}",0.00011487108765955096
1791660798.006,229.278,"zaino_sync_iteration_duration_seconds{quantile=""0.95""}",0.00012687603698667064
1791660798.006,229.278,"zaino_sync_iteration_duration_seconds{quantile=""0.99""}",0.00017044463524852052
1791660798.006,229.278,"zaino_sync_iteration_duration_seconds{quantile=""0.999""}",0.00017044463524852052
1791660798.006,229.278,zaino_sync_iteration_duration_seconds_sum,0.04563640200000005
1791660798.006,229.278,zaino_sync_iteration_duration_seconds_count,431.0
1791660798.006,229.278,"zaino_sync_block_write_seconds{quantile=""0.5""}",6.293390785954285
1791660798.006,229.278,"zaino_sync_block_write_seconds{quantile=""0.9""}",6.293390785954285
1791660798.006,229.278,"zaino_sync_block_write_seconds{quantile=""0.95""}",6.293390785954285
1791660798.006,229.278,"zaino_sync_block_write_seconds{quantile=""0.99""}",6.293390785954285
1791660798.006,229.278,"zaino_sync_block_write_seconds{quantile=""0.999""}",6.293390785954285
1791660798.006,229.278,zaino_sync_block_write_seconds_sum,55.954482633000005
1791660798.006,229.278,zaino_sync_block_write_seconds_count,10.0
1791660798.006,229.278,"zaino_sync_block_build_seconds{quantile=""0.5""}",0.0003350938112797794
1791660798.006,229.278,"zaino_sync_block_build_seconds{quantile=""0.9""}",0.0005648784233241224
1791660798.006,229.278,"zaino_sync_block_build_seconds{quantile=""0.95""}",0.12030801753344023
1791660798.006,229.278,"zaino_sync_block_build_seconds{quantile=""0.99""}",0.12030801753344023
1791660798.006,229.278,"zaino_sync_block_build_seconds{quantile=""0.999""}",0.12030801753344023
1791660798.006,229.278,zaino_sync_block_build_seconds_sum,439.9650855690068
1791660798.006,229.278,zaino_sync_block_build_seconds_count,1018213.0
1791660800.006,231.278,zaino_sync_iterations_total,435.0
1791660800.006,231.278,"zaino_sync_iteration_duration_seconds{quantile=""0.5""}",7.29088857535359e-05
1791660800.006,231.278,zaino_sync_iteration_duration_seconds_sum,0.04598505200000005
1791660800.006,231.278,zaino_sync_iteration_duration_seconds_count,435.0
1791660800.006,231.278,"zaino_sync_block_build_seconds{quantile=""0.5""}",0.00033852925916521903
1791660800.006,231.278,"zaino_sync_block_build_seconds{quantile=""0.9""}",0.000556134698268579
1791660800.006,231.278,zaino_sync_block_build_seconds_sum,444.6332331870085
1791660800.006,231.278,zaino_sync_block_build_seconds_count,1029952.0
1791660802.006,233.278,zaino_sync_iterations_total,438.0
1791660802.006,233.278,"zaino_grpc_requests_total{method=""get_block""}",92.0
1791660802.006,233.278,"zaino_grpc_requests_total{method=""get_lightd_info""}",46.0
1791660802.006,233.278,zaino_sync_finalized_height,1040646.0
1791660802.006,233.278,"zaino_grpc_request_duration_seconds_sum{method=""get_block""}",0.019967960000000007
1791660802.006,233.278,"zaino_grpc_request_duration_seconds_count{method=""get_block""}",92.0
1791660802.006,233.278,"zaino_grpc_request_duration_seconds_sum{method=""get_lightd_info""}",0.15837860999999995
1791660802.006,233.278,"zaino_grpc_request_duration_seconds_count{method=""get_lightd_info""}",46.0
1791660802.006,233.278,"zaino_sync_iteration_duration_seconds{quantile=""0.5""}",7.212570656489277e-05
1791660802.006,233.278,"zaino_sync_iteration_duration_seconds{quantile=""0.9""}",0.00010887609826837702
1791660802.006,233.278,zaino_sync_iteration_duration_seconds_sum,0.046180795000000045
1791660802.006,233.278,zaino_sync_iteration_duration_seconds_count,438.0
1791660802.006,233.278,"zaino_sync_block_build_seconds{quantile=""0.5""}",0.00033215792258722214
1791660802.006,233.278,"zaino_sync_block_build_seconds{quantile=""0.9""}",0.0004993017026741764
1791660802.006,233.278,"zaino_sync_block_build_seconds{quantile=""0.95""}",0.0007634216722621789
1791660802.006,233.278,zaino_sync_block_build_seconds_sum,448.405784316009
1791660802.006,233.278,zaino_sync_block_build_seconds_count,1044747.0
1791660804.007,235.278,zaino_sync_iterations_total,442.0
1791660804.007,235.278,"zaino_sync_iteration_duration_seconds{quantile=""0.9""}",0.00011487108765955096
1791660804.007,235.278,zaino_sync_iteration_duration_seconds_sum,0.04649846900000004
1791660804.007,235.278,zaino_sync_iteration_duration_seconds_count,442.0
1791660804.007,235.278,"zaino_sync_block_build_seconds{quantile=""0.5""}",0.00032727818445004293
1791660804.007,235.278,"zaino_sync_block_build_seconds{quantile=""0.9""}",0.00046610481204834535
1791660804.007,235.278,"zaino_sync_block_build_seconds{quantile=""0.95""}",0.0006062003416824453
1791660804.007,235.278,zaino_sync_block_build_seconds_sum,452.17007880200947
1791660804.007,235.278,zaino_sync_block_build_seconds_count,1058995.0
1791660806.007,237.279,"zaino_grpc_requests_total{method=""get_lightd_info""}",47.0
1791660806.007,237.279,"zaino_grpc_requests_total{method=""get_block""}",94.0
1791660806.007,237.279,zaino_sync_iterations_total,446.0
1791660806.007,237.279,"zaino_grpc_request_duration_seconds{method=""get_block"",quantile=""0.9""}",0.00036097565794419395
1791660806.007,237.279,"zaino_grpc_request_duration_seconds{method=""get_block"",quantile=""0.95""}",0.0003690051227056393
1791660806.007,237.279,"zaino_grpc_request_duration_seconds_sum{method=""get_block""}",0.020342471000000008
1791660806.007,237.279,"zaino_grpc_request_duration_seconds_count{method=""get_block""}",94.0
1791660806.007,237.279,"zaino_grpc_request_duration_seconds{method=""get_lightd_info"",quantile=""0.5""}",0.0031069926187841375
1791660806.007,237.279,"zaino_grpc_request_duration_seconds{method=""get_lightd_info"",quantile=""0.9""}",0.003776717534985437
1791660806.007,237.279,"zaino_grpc_request_duration_seconds{method=""get_lightd_info"",quantile=""0.95""}",0.003776717534985437
1791660806.007,237.279,"zaino_grpc_request_duration_seconds{method=""get_lightd_info"",quantile=""0.99""}",0.003776717534985437
1791660806.007,237.279,"zaino_grpc_request_duration_seconds{method=""get_lightd_info"",quantile=""0.999""}",0.003776717534985437
1791660806.007,237.279,"zaino_grpc_request_duration_seconds_sum{method=""get_lightd_info""}",0.16215539499999995
1791660806.007,237.279,"zaino_grpc_request_duration_seconds_count{method=""get_lightd_info""}",47.0
1791660806.007,237.279,"zaino_sync_iteration_duration_seconds{quantile=""0.5""}",7.196720442620343e-05
1791660806.007,237.279,"zaino_sync_iteration_duration_seconds{quantile=""0.9""}",0.00010887609826837702
1791660806.007,237.279,"zaino_sync_iteration_duration_seconds{quantile=""0.95""}",0.00012241421793565826
1791660806.007,237.279,"zaino_sync_iteration_duration_seconds{quantile=""0.99""}",0.00016399083201465523
1791660806.007,237.279,zaino_sync_iteration_duration_seconds_sum,0.046775989000000046
1791660806.007,237.279,zaino_sync_iteration_duration_seconds_count,446.0
1791660806.007,237.279,"zaino_sync_block_build_seconds{quantile=""0.5""}",0.00032858991891216084
1791660806.007,237.279,"zaino_sync_block_build_seconds{quantile=""0.9""}",0.00048600092516641147
1791660806.007,237.279,"zaino_sync_block_build_seconds{quantile=""0.95""}",0.0006072924849351629
1791660806.007,237.279,zaino_sync_block_build_seconds_sum,456.5216380200104
1791660806.007,237.279,zaino_sync_block_build_seconds_count,1068991.0
1791660808.007,239.279,zaino_sync_iterations_total,450.0
1791660808.007,239.279,"zaino_sync_iteration_duration_seconds{quantile=""0.5""}",7.212570656489277e-05
1791660808.007,239.279,zaino_sync_iteration_duration_seconds_sum,0.04706564000000005
1791660808.007,239.279,zaino_sync_iteration_duration_seconds_count,450.0
1791660808.007,239.279,"zaino_sync_block_write_seconds{quantile=""0""}",6.293820101
1791660808.007,239.279,"zaino_sync_block_build_seconds{quantile=""0.5""}",0.00032990691082002626
1791660808.007,239.279,"zaino_sync_block_build_seconds{quantile=""0.9""}",0.0004731490842141869
1791660808.007,239.279,"zaino_sync_block_build_seconds{quantile=""0.95""}",0.0005953863533670621
1791660808.007,239.279,zaino_sync_block_build_seconds_sum,461.1316509680132
1791660808.007,239.279,zaino_sync_block_build_seconds_count,1083028.0
1791660810.007,241.279,zaino_sync_iterations_total,454.0
1791660810.007,241.279,"zaino_sync_iteration_duration_seconds{quantile=""0.5""}",7.196720442620343e-05
1791660810.007,241.279,zaino_sync_iteration_duration_seconds_sum,0.04732505100000005
1791660810.007,241.279,zaino_sync_iteration_duration_seconds_count,454.0
1791660810.007,241.279,"zaino_sync_block_build_seconds{quantile=""0.5""}",0.0003283271520968957
1791660810.007,241.279,"zaino_sync_block_build_seconds{quantile=""0.9""}",0.0004601766913452532
1791660810.007,241.279,"zaino_sync_block_build_seconds{quantile=""0.95""}",0.0005780211895440778
1791660810.007,241.279,zaino_sync_block_build_seconds_sum,465.42087515600986
1791660810.007,241.279,zaino_sync_block_build_seconds_count,1095838.0
1791660812.007,243.279,"zaino_grpc_requests_total{method=""get_lightd_info""}",48.0
1791660812.007,243.279,"zaino_grpc_requests_total{method=""get_block""}",96.0
1791660812.007,243.279,zaino_sync_sapling_outputs_total,90027.0
1791660812.007,243.279,zaino_sync_transactions_total,1414331.0
1791660812.007,243.279,zaino_sync_iterations_total,458.0
1791660812.007,243.279,zaino_db_tip_height,999999.0
1791660812.007,243.279,zaino_sync_finalized_height,1103998.0
1791660812.007,243.279,zaino_sync_last_block_written_at,1791660810.8274796
1791660812.007,243.279,"zaino_grpc_request_duration_seconds{method=""get_block"",quantile=""0.9""}",0.0003690051227056393
1791660812.007,243.279,"zaino_grpc_request_duration_seconds{method=""get_block"",quantile=""0.95""}",0.0003753318344953615
1791660812.007,243.279,"zaino_grpc_request_duration_seconds_sum{method=""get_block""}",0.02073156800000001
1791660812.007,243.279,"zaino_grpc_request_duration_seconds_count{method=""get_block""}",96.0
1791660812.007,243.279,"zaino_grpc_request_duration_seconds{method=""get_lightd_info"",quantile=""0.5""}",0.0030601234389734206
1791660812.007,243.279,"zaino_grpc_request_duration_seconds{method=""get_lightd_info"",quantile=""0.9""}",0.003261069649472953
1791660812.007,243.279,"zaino_grpc_request_duration_seconds_sum{method=""get_lightd_info""}",0.16496267299999995
1791660812.007,243.279,"zaino_grpc_request_duration_seconds_count{method=""get_lightd_info""}",48.0
1791660812.007,243.279,"zaino_sync_iteration_duration_seconds{quantile=""0""}",4.9203e-05
1791660812.007,243.279,"zaino_sync_iteration_duration_seconds{quantile=""0.5""}",7.212570656489277e-05
1791660812.007,243.279,"zaino_sync_iteration_duration_seconds{quantile=""0.9""}",0.00011487108765955096
1791660812.007,243.279,"zaino_sync_iteration_duration_seconds{quantile=""0.95""}",0.00012761405619043155
1791660812.007,243.279,"zaino_sync_iteration_duration_seconds{quantile=""0.99""}",0.00017044463524852052
1791660812.007,243.279,zaino_sync_iteration_duration_seconds_sum,0.047652585000000046
1791660812.007,243.279,zaino_sync_iteration_duration_seconds_count,458.0
1791660812.007,243.279,"zaino_sync_block_build_seconds{quantile=""0""}",0.000103627
1791660812.007,243.279,"zaino_sync_block_build_seconds{quantile=""0.5""}",0.00033382287110836963
1791660812.007,243.279,"zaino_sync_block_build_seconds{quantile=""0.9""}",0.0005367919170376458
1791660812.007,243.279,"zaino_sync_block_build_seconds{quantile=""0.95""}",0.000621297807611556
1791660812.007,243.279,"zaino_sync_block_build_seconds{quantile=""0.99""}",0.10204922208791976
1791660812.007,243.279,"zaino_sync_block_build_seconds{quantile=""0.999""}",0.10204922208791976
1791660812.007,243.279,"zaino_sync_block_build_seconds{quantile=""1""}",0.102058633
1791660812.007,243.279,zaino_sync_block_build_seconds_sum,469.6653143020097
1791660812.007,243.279,zaino_sync_block_build_seconds_count,1107179.0
1791660814.007,245.279,zaino_sync_iterations_total,462.0
1791660814.007,245.279,"zaino_sync_iteration_duration_seconds{quantile=""0.5""}",7.14366127222501e-05
1791660814.007,245.279,zaino_sync_iteration_duration_seconds_sum,0.047957008000000044
1791660814.007,245.279,zaino_sync_iteration_duration_seconds_count,462.0
1791660814.007,245.279,"zaino_sync_block_build_seconds{quantile=""0.5""}",0.0003367061280438836
1791660814.007,245.279,"zaino_sync_block_build_seconds{quantile=""0.9""}",0.0005366845693890032
1791660814.007,245.279,"zaino_sync_block_build_seconds{quantile=""0.95""}",0.0006222926797925561
1791660814.007,245.279,zaino_sync_block_build_seconds_sum,475.0483504360106
1791660814.007,245.279,zaino_sync_block_build_seconds_count,1112855.0
1791660816.008,247.279,zaino_sync_iterations_total,466.0
1791660816.008,247.279,"zaino_grpc_requests_total{method=""get_block""}",98.0
1791660816.008,247.279,"zaino_grpc_requests_total{method=""get_lightd_info""}",49.0
1791660816.008,247.279,"zaino_grpc_request_duration_seconds{method=""get_block"",quantile=""0.5""}",1.5400662316000287e-05
1791660816.008,247.279,"zaino_grpc_request_duration_seconds{method=""get_block"",quantile=""0.9""}",0.0003753318344953615
1791660816.008,247.279,"zaino_grpc_request_duration_seconds{method=""get_block"",quantile=""0.95""}",0.0003894792252022546
1791660816.008,247.279,"zaino_grpc_request_duration_seconds{method=""get_block"",quantile=""1""}",0.00044866
1791660816.008,247.279,"zaino_grpc_request_duration_seconds_sum{method=""get_block""}",0.02119221000000001
1791660816.008,247.279,"zaino_grpc_request_duration_seconds_count{method=""get_block""}",98.0
1791660816.008,247.279,"zaino_grpc_request_duration_seconds{method=""get_lightd_info"",quantile=""0.9""}",0.003552513052593491
1791660816.008,247.279,"zaino_grpc_request_duration_seconds{method=""get_lightd_info"",quantile=""0.95""}",0.003552513052593491
1791660816.008,247.279,"zaino_grpc_request_duration_seconds{method=""get_lightd_info"",quantile=""0.99""}",0.003552513052593491
1791660816.008,247.279,"zaino_grpc_request_duration_seconds{method=""get_lightd_info"",quantile=""0.999""}",0.003552513052593491
1791660816.008,247.279,"zaino_grpc_request_duration_seconds{method=""get_lightd_info"",quantile=""1""}",0.003776785
1791660816.008,247.279,"zaino_grpc_request_duration_seconds_sum{method=""get_lightd_info""}",0.16851513299999996
1791660816.008,247.279,"zaino_grpc_request_duration_seconds_count{method=""get_lightd_info""}",49.0
1791660816.008,247.279,"zaino_sync_iteration_duration_seconds{quantile=""0.5""}",7.225564975092549e-05
1791660816.008,247.279,zaino_sync_iteration_duration_seconds_sum,0.04839523800000005
1791660816.008,247.279,zaino_sync_iteration_duration_seconds_count,466.0
1791660816.008,247.279,"zaino_sync_block_build_seconds{quantile=""0.5""}",0.00033711041792429744
1791660816.008,247.279,"zaino_sync_block_build_seconds{quantile=""0.9""}",0.0005422952137092998
1791660816.008,247.279,"zaino_sync_block_build_seconds{quantile=""0.95""}",0.0006289240664781277
1791660816.008,247.279,zaino_sync_block_build_seconds_sum,480.91517096501036
1791660816.008,247.279,zaino_sync_block_build_seconds_count,1113635.0
1791660818.008,249.280,zaino_sync_iterations_total,468.0
1791660818.008,249.280,zaino_sync_iteration_duration_seconds_sum,0.04853345800000005
1791660818.008,249.280,zaino_sync_iteration_duration_seconds_count,468.0
1791660818.008,249.280,"zaino_sync_block_write_seconds{quantile=""0""}",6.12934416
1791660818.008,249.280,zaino_sync_block_write_seconds_sum,62.08382679300001
1791660818.008,249.280,zaino_sync_block_write_seconds_count,11.0
1791660818.008,249.280,"zaino_sync_block_build_seconds{quantile=""0.5""}",0.00036445771138645847
1791660818.008,249.280,"zaino_sync_block_build_seconds{quantile=""0.9""}",0.11159265882800476
1791660818.008,249.280,"zaino_sync_block_build_seconds{quantile=""0.95""}",0.11159265882800476
1791660818.008,249.280,"zaino_sync_block_build_seconds{quantile=""0.99""}",0.11159265882800476
1791660818.008,249.280,"zaino_sync_block_build_seconds{quantile=""0.999""}",0.11159265882800476
1791660818.008,249.280,"zaino_sync_block_build_seconds{quantile=""1""}",0.111590698
1791660818.008,249.280,zaino_sync_block_build_seconds_sum,486.03690272300906
1791660818.008,249.280,zaino_sync_block_build_seconds_count,1120365.0
1791660820.008,251.280,zaino_sync_iterations_total,472.0
1791660820.008,251.280,"zaino_sync_iteration_duration_seconds{quantile=""0.5""}",7.414410180096633e-05
1791660820.008,251.280,zaino_sync_iteration_duration_seconds_sum,0.04890311600000005
1791660820.008,251.280,zaino_sync_iteration_duration_seconds_count,472.0
1791660820.008,251.280,"zaino_sync_block_build_seconds{quantile=""0.5""}",0.00035023716049910266
1791660820.008,251.280,"zaino_sync_block_build_seconds{quantile=""0.9""}",0.000675201070427498
1791660820.008,251.280,zaino_sync_block_build_seconds_sum,489.7441241280083
1791660820.008,251.280,zaino_sync_block_build_seconds_count,1132480.0
1791660822.008,253.280,"zaino_grpc_requests_total{method=""get_lightd_info""}",50.0
1791660822.008,253.280,"zaino_grpc_requests_total{method=""get_block""}",100.0
1791660822.008,253.280,zaino_sync_iterations_total,476.0
1791660822.008,253.280,zaino_sync_finalized_height,1142782.0
1791660822.008,253.280,"zaino_grpc_request_duration_seconds{method=""get_block"",quantile=""0.9""}",0.0003894792252022546
1791660822.008,253.280,"zaino_grpc_request_duration_seconds{method=""get_block"",quantile=""0.95""}",0.0004486353982605064
1791660822.008,253.280,"zaino_grpc_request_duration_seconds{method=""get_block"",quantile=""0.99""}",0.0004486353982605064
1791660822.008,253.280,"zaino_grpc_request_duration_seconds{method=""get_block"",quantile=""0.999""}",0.0004486353982605064
1791660822.008,253.280,"zaino_grpc_request_duration_seconds{method=""get_block"",quantile=""1""}",0.000453258
1791660822.008,253.280,"zaino_grpc_request_duration_seconds_sum{method=""get_block""}",0.02166036000000001
1791660822.008,253.280,"zaino_grpc_request_duration_seconds_count{method=""get_block""}",100.0
1791660822.008,253.280,"zaino_grpc_request_duration_seconds{method=""get_lightd_info"",quantile=""0.5""}",0.003018183784571367
1791660822.008,253.280,"zaino_grpc_request_duration_seconds_sum{method=""get_lightd_info""}",0.17153352899999996
1791660822.008,253.280,"zaino_grpc_request_duration_seconds_count{method=""get_lightd_info""}",50.0
1791660822.008,253.280,"zaino_sync_iteration_duration_seconds{quantile=""0.5""}",7.225564975092549e-05
1791660822.008,253.280,"zaino_sync_iteration_duration_seconds{quantile=""0.9""}",0.00011286704382657737
1791660822.008,253.280,zaino_sync_iteration_duration_seconds_sum,0.04916826800000006
1791660822.008,253.280,zaino_sync_iteration_duration_seconds_count,476.0
1791660822.008,253.280,"zaino_sync_block_build_seconds{quantile=""0.5""}",0.00033395642696664964
1791660822.008,253.280,"zaino_sync_block_build_seconds{quantile=""0.9""}",0.0005166731800619689
1791660822.008,253.280,"zaino_sync_block_build_seconds{quantile=""0.95""}",0.0006152388265758088
1791660822.008,253.280,zaino_sync_block_build_seconds_sum,493.4190842300081
1791660822.008,253.280,zaino_sync_block_build_seconds_count,1145931.0
1791660824.008,255.280,zaino_sync_iterations_total,480.0
1791660824.008,255.280,"zaino_sync_iteration_duration_seconds{quantile=""0.5""}",7.255976166887642e-05
1791660824.008,255.280,zaino_sync_iteration_duration_seconds_sum,0.04945102100000006
1791660824.008,255.280,zaino_sync_iteration_duration_seconds_count,480.0
1791660824.008,255.280,"zaino_sync_block_build_seconds{quantile=""0.5""}",0.0003120646962398736
1791660824.008,255.280,"zaino_sync_block_build_seconds{quantile=""0.9""}",0.00042420232672189855
1791660824.008,255.280,"zaino_sync_block_build_seconds{quantile=""0.95""}",0.00046778581336421015
1791660824.008,255.280,"zaino_sync_block_build_seconds{quantile=""0.99""}",0.00054697906425205
1791660824.008,255.280,"zaino_sync_block_build_seconds{quantile=""0.999""}",0.0005618363009507937
1791660824.008,255.280,zaino_sync_block_build_seconds_sum,496.9925704400051
1791660824.008,255.280,zaino_sync_block_build_seconds_count,1160581.0
1791660826.008,257.280,"zaino_grpc_requests_total{method=""get_block""}",102.0
1791660826.008,257.280,"zaino_grpc_requests_total{method=""get_lightd_info""}",51.0
1791660826.008,257.280,zaino_sync_iterations_total,484.0
1791660826.008,257.280,"zaino_grpc_request_duration_seconds{method=""get_block"",quantile=""0.9""}",0.0003753318344953615
1791660826.008,257.280,"zaino_grpc_request_duration_seconds{method=""get_block"",quantile=""0.95""}",0.0003894792252022546
1791660826.008,257.280,"zaino_grpc_request_duration_seconds_sum{method=""get_block""}",0.02198677400000001
1791660826.008,257.280,"zaino_grpc_request_duration_seconds_count{method=""get_block""}",102.0
1791660826.008,257.280,"zaino_grpc_request_duration_seconds{method=""get_lightd_info"",quantile=""0""}",0.002612265
1791660826.008,257.280,"zaino_grpc_request_duration_seconds_sum{method=""get_lightd_info""}",0.17414579399999996
1791660826.008,257.280,"zaino_grpc_request_duration_seconds_count{method=""get_lightd_info""}",51.0
1791660826.008,257.280,"zaino_sync_iteration_duration_seconds{quantile=""0""}",3.9102e-05
1791660826.008,257.280,"zaino_sync_iteration_duration_seconds{quantile=""0.95""}",0.00012536262318153875
1791660826.008,257.280,"zaino_sync_iteration_duration_seconds{quantile=""0.99""}",0.00016399083201465523
1791660826.008,257.280,zaino_sync_iteration_duration_seconds_sum,0.04977448100000006
1791660826.008,257.280,zaino_sync_iteration_duration_seconds_count,484.0
1791660826.008,257.280,"zaino_sync_block_build_seconds{quantile=""0.5""}",0.00031621125733942624
1791660826.008,257.280,"zaino_sync_block_build_seconds{quantile=""0.9""}",0.00042488159371560245
1791660826.008,257.280,"zaino_sync_block_build_seconds{quantile=""0.95""}",0.0004676922655563182
1791660826.008,257.280,"zaino_sync_block_build_seconds{quantile=""0.99""}",0.0005457770330258565
1791660826.008,257.280,"zaino_sync_block_build_seconds{quantile=""0.999""}",0.0005607137512690149
1791660826.008,257.280,zaino_sync_block_build_seconds_sum,501.73989735300376
1791660826.008,257.280,zaino_sync_block_build_seconds_count,1172126.0
1791660828.009,259.280,zaino_sync_iterations_total,488.0
1791660828.009,259.280,"zaino_sync_iteration_duration_seconds{quantile=""0.5""}",7.361218147728528e-05
1791660828.009,259.280,zaino_sync_iteration_duration_seconds_sum,0.050084468000000056
1791660828.009,259.280,zaino_sync_iteration_duration_seconds_count,488.0
1791660828.009,259.280,"zaino_sync_block_write_seconds{quantile=""0.5""}",6.129419216730425
1791660828.009,259.280,"zaino_sync_block_write_seconds{quantile=""0.9""}",6.129419216730425
1791660828.009,259.280,"zaino_sync_block_write_seconds{quantile=""0.95""}",6.129419216730425
1791660828.009,259.280,"zaino_sync_block_write_seconds{quantile=""0.99""}",6.129419216730425
1791660828.009,259.280,"zaino_sync_block_write_seconds{quantile=""0.999""}",6.129419216730425
1791660828.009,259.280,"zaino_sync_block_write_seconds{quantile=""1""}",6.293820101
1791660828.009,259.280,"zaino_sync_block_build_seconds{quantile=""0.5""}",0.0002994089982827797
1791660828.009,259.280,"zaino_sync_block_build_seconds{quantile=""0.9""}",0.0003993389387632892
1791660828.009,259.280,"zaino_sync_block_build_seconds{quantile=""0.95""}",0.00042056982882918853
1791660828.009,259.280,"zaino_sync_block_build_seconds{quantile=""0.99""}",0.0004480077481584371
1791660828.009,259.280,"zaino_sync_block_build_seconds{quantile=""0.999""}",0.0004576984345193193
1791660828.009,259.280,zaino_sync_block_build_seconds_sum,505.44385402900485
1791660828.009,259.280,zaino_sync_block_build_seconds_count,1185958.0
1791660830.009,261.281,zaino_sync_iterations_total,492.0
1791660830.009,261.281,"zaino_sync_iteration_duration_seconds{quantile=""0.5""}",7.377430654926456e-05
1791660830.009,261.281,zaino_sync_iteration_duration_seconds_sum,0.05038782500000006
1791660830.009,261.281,zaino_sync_iteration_duration_seconds_count,492.0
1791660830.009,261.281,"zaino_sync_block_build_seconds{quantile=""0.5""}",0.00028916877835724955
1791660830.009,261.281,"zaino_sync_block_build_seconds{quantile=""0.9""}",0.00038924560775859625
1791660830.009,261.281,"zaino_sync_block_build_seconds{quantile=""0.95""}",0.00040675479188521864
1791660830.009,261.281,"zaino_sync_block_build_seconds{quantile=""0.99""}",0.00042573220723585137
1791660830.009,261.281,"zaino_sync_block_build_seconds{quantile=""0.999""}",0.0004310441526211185
1791660830.009,261.281,zaino_sync_block_build_seconds_sum,509.64576207100475
1791660830.009,261.281,zaino_sync_block_build_seconds_count,1199531.0
1791660832.009,263.281,zaino_sync_iterations_total,496.0
1791660832.009,263.281,"zaino_grpc_requests_total{method=""get_block""}",104.0
1791660832.009,263.281,"zaino_grpc_requests_total{method=""get_lightd_info""}",52.0
1791660832.009,263.281,zaino_sync_transactions_total,1532802.0
1791660832.009,263.281,zaino_sync_sapling_outputs_total,101410.0
1791660832.009,263.281,zaino_db_tip_height,1099999.0
1791660832.009,263.281,zaino_sync_last_block_written_at,1791660830.1397524
1791660832.009,263.281,zaino_sync_finalized_height,1208006.0
1791660832.009,263.281,"zaino_grpc_request_duration_seconds{method=""get_block"",quantile=""0.5""}",2.779929103396219e-05
1791660832.009,263.281,"zaino_grpc_request_duration_seconds{method=""get_block"",quantile=""0.9""}",0.0003894792252022546
1791660832.009,263.281,"zaino_grpc_request_duration_seconds{method=""get_block"",quantile=""0.95""}",0.0003897129828584391
1791660832.009,263.281,"zaino_grpc_request_duration_seconds_sum{method=""get_block""}",0.02240432000000001
1791660832.009,263.281,"zaino_grpc_request_duration_seconds_count{method=""get_block""}",104.0
1791660832.009,263.281,"zaino_grpc_request_duration_seconds{method=""get_lightd_info"",quantile=""0.9""}",0.0031907476259014577
1791660832.009,263.281,"zaino_grpc_request_duration_seconds_sum{method=""get_lightd_info""}",0.17720659899999996
1791660832.009,263.281,"zaino_grpc_request_duration_seconds_count{method=""get_lightd_info""}",52.0
1791660832.009,263.281,"zaino_sync_iteration_duration_seconds{quantile=""0.5""}",7.438174295057384e-05
1791660832.009,263.281,"zaino_sync_iteration_duration_seconds{quantile=""0.95""}",0.00012761405619043155
1791660832.009,263.281,"zaino_sync_iteration_duration_seconds{quantile=""0.99""}",0.0002117932419081288
1791660832.009,263.281,"zaino_sync_iteration_duration_seconds{quantile=""0.999""}",0.0002117932419081288
1791660832.009,263.281,"zaino_sync_iteration_duration_seconds{quantile=""1""}",0.000270498
1791660832.009,263.281,zaino_sync_iteration_duration_seconds_sum,0.05100951500000006
1791660832.009,263.281,zaino_sync_iteration_duration_seconds_count,496.0
1791660832.009,263.281,"zaino_sync_block_build_seconds{quantile=""0.5""}",0.00032740912191000544
1791660832.009,263.281,"zaino_sync_block_build_seconds{quantile=""0.9""}",0.0004289800983748307
1791660832.009,263.281,"zaino_sync_block_build_seconds{quantile=""0.95""}",0.00047229818190159
1791660832.009,263.281,"zaino_sync_block_build_seconds{quantile=""0.99""}",0.0005507111967708285
1791660832.009,263.281,"zaino_sync_block_build_seconds{quantile=""0.999""}",0.0005742188113311379
1791660832.009,263.281,zaino_sync_block_build_seconds_sum,513.91989162601
1791660832.009,263.281,zaino_sync_block_build_seconds_count,1210728.0
1791660834.009,265.281,zaino_sync_iterations_total,498.0
1791660834.009,265.281,"zaino_sync_iteration_duration_seconds{quantile=""0.9""}",0.00012037483782645335
1791660834.009,265.281,"zaino_sync_iteration_duration_seconds{quantile=""0.95""}",0.000162034702275892
1791660834.009,265.281,zaino_sync_iteration_duration_seconds_sum,0.05127130600000006
1791660834.009,265.281,zaino_sync_iteration_duration_seconds_count,498.0
1791660834.009,265.281,"zaino_sync_block_build_seconds{quantile=""0.5""}",0.00032891867318190755
1791660834.009,265.281,"zaino_sync_block_build_seconds{quantile=""0.9""}",0.00043268523649113183
1791660834.009,265.281,"zaino_sync_block_build_seconds{quantile=""0.95""}",0.00047876531401562836
1791660834.009,265.281,"zaino_sync_block_build_seconds{quantile=""0.99""}",0.0005594815369448655
1791660834.009,265.281,"zaino_sync_block_build_seconds{quantile=""0.999""}",0.0005859359763053659
1791660834.009,265.281,zaino_sync_block_build_seconds_sum,519.4865830140095
1791660834.009,265.281,zaino_sync_block_build_seconds_count,1213500.0
1791660836.009,267.281,zaino_sync_iterations_total,502.0
1791660836.009,267.281,"zaino_grpc_requests_total{method=""get_block""}",106.0
1791660836.009,267.281,"zaino_grpc_requests_total{method=""get_lightd_info""}",53.0
1791660836.009,267.281,"zaino_grpc_request_duration_seconds{method=""get_block"",quantile=""0""}",1.1982e-05
1791660836.009,267.281,"zaino_grpc_request_duration_seconds{method=""get_block"",quantile=""0.9""}",0.0003897129828584391
1791660836.009,267.281,"zaino_grpc_request_duration_seconds{method=""get_block"",quantile=""0.95""}",0.0004486353982605064
1791660836.009,267.281,"zaino_grpc_request_duration_seconds_sum{method=""get_block""}",0.02280514400000001
1791660836.009,267.281,"zaino_grpc_request_duration_seconds_count{method=""get_block""}",106.0
1791660836.009,267.281,"zaino_grpc_request_duration_seconds{method=""get_lightd_info"",quantile=""0.9""}",0.003552513052593491
1791660836.009,267.281,"zaino_grpc_request_duration_seconds_sum{method=""get_lightd_info""}",0.17994222999999995
1791660836.009,267.281,"zaino_grpc_request_duration_seconds_count{method=""get_lightd_info""}",53.0
1791660836.009,267.281,"zaino_sync_iteration_duration_seconds{quantile=""0.5""}",7.466493129180836e-05
1791660836.009,267.281,"zaino_sync_iteration_duration_seconds{quantile=""0.9""}",0.00011286704382657737
1791660836.009,267.281,"zaino_sync_iteration_duration_seconds{quantile=""0.95""}",0.00012761405619043155
1791660836.009,267.281,zaino_sync_iteration_duration_seconds_sum,0.05162924900000006
1791660836.009,267.281,zaino_sync_iteration_duration_seconds_count,502.0
1791660836.009,267.281,"zaino_sync_block_build_seconds{quantile=""0.5""}",0.00032931361250724465
1791660836.009,267.281,"zaino_sync_block_build_seconds{quantile=""0.9""}",0.0004347671181520037
1791660836.009,267.281,"zaino_sync_block_build_seconds{quantile=""0.95""}",0.00048348027970519515
1791660836.009,267.281,"zaino_sync_block_build_seconds{quantile=""0.99""}",0.0005672559019201676
1791660836.009,267.281,"zaino_sync_block_build_seconds{quantile=""0.999""}",0.0005937216033098018
1791660836.009,267.281,zaino_sync_block_build_seconds_sum,525.2598726600075
1791660836.009,267.281,zaino_sync_block_build_seconds_count,1214304.0
1791660838.009,269.281,zaino_sync_iterations_total,506.0
1791660838.009,269.281,"zaino_sync_iteration_duration_seconds{quantile=""0.5""}",7.47695354017572e-05
1791660838.009,269.281,zaino_sync_iteration_duration_seconds_sum,0.05196422500000006
1791660838.009,269.281,zaino_sync_iteration_duration_seconds_count,506.0
1791660838.009,269.281,"zaino_sync_block_write_seconds{quantile=""0.5""}",6.293390785954285
1791660838.009,269.281,"zaino_sync_block_write_seconds{quantile=""0.9""}",6.293390785954285
1791660838.009,269.281,"zaino_sync_block_write_seconds{quantile=""0.95""}",6.293390785954285
1791660838.009,269.281,"zaino_sync_block_write_seconds{quantile=""0.99""}",6.293390785954285
1791660838.009,269.281,"zaino_sync_block_write_seconds{quantile=""0.999""}",6.293390785954285
1791660838.009,269.281,"zaino_sync_block_write_seconds{quantile=""1""}",6.936187087
1791660838.009,269.281,zaino_sync_block_write_seconds_sum,69.02001388000001
1791660838.009,269.281,zaino_sync_block_write_seconds_count,12.0
1791660838.009,269.281,"zaino_sync_block_build_seconds{quantile=""0.5""}",0.0003276711540072706
1791660838.009,269.281,"zaino_sync_block_build_seconds{quantile=""0.9""}",0.0004292375636665776
1791660838.009,269.281,"zaino_sync_block_build_seconds{quantile=""0.95""}",0.00047229818190159
1791660838.009,269.281,"zaino_sync_block_build_seconds{quantile=""0.99""}",0.0005488419582018438
1791660838.009,269.281,"zaino_sync_block_build_seconds{quantile=""0.999""}",0.0005715834707206167
1791660838.009,269.281,zaino_sync_block_build_seconds_sum,530.3952342310073
1791660838.009,269.281,zaino_sync_block_build_seconds_count,1220737.0
1791660840.010,271.281,zaino_sync_iterations_total,510.0
1791660840.010,271.281,zaino_sync_iteration_duration_seconds_sum,0.052271738000000054
1791660840.010,271.281,zaino_sync_iteration_duration_seconds_count,510.0
1791660840.010,271.281,"zaino_sync_block_build_seconds{quantile=""0.5""}",0.0003297749744442928
1791660840.010,271.281,"zaino_sync_block_build_seconds{quantile=""0.9""}",0.0004259877232081711
1791660840.010,271.281,"zaino_sync_block_build_seconds{quantile=""0.95""}",0.00046433697477478577
1791660840.010,271.281,"zaino_sync_block_build_seconds{quantile=""0.99""}",0.0005328343180145875
1791660840.010,271.281,"zaino_sync_block_build_seconds{quantile=""0.999""}",0.0005553566544461656
1791660840.010,271.281,zaino_sync_block_build_seconds_sum,534.9742580580089
1791660840.010,271.281,zaino_sync_block_build_seconds_count,1233738.0
1791660842.010,273.282,"zaino_grpc_requests_total{method=""get_block""}",108.0
1791660842.010,273.282,"zaino_grpc_requests_total{method=""get_lightd_info""}",54.0
1791660842.010,273.282,zaino_sync_iterations_total,514.0
1791660842.010,273.282,zaino_sync_finalized_height,1243721.0
1791660842.010,273.282,"zaino_grpc_request_duration_seconds{method=""get_block"",quantile=""0.9""}",0.0003958401732374941
1791660842.010,273.282,"zaino_grpc_request_duration_seconds_sum{method=""get_block""}",0.02321483400000001
1791660842.010,273.282,"zaino_grpc_request_duration_seconds_count{method=""get_block""}",108.0
1791660842.010,273.282,"zaino_grpc_request_duration_seconds_sum{method=""get_lightd_info""}",0.18322777299999995
1791660842.010,273.282,"zaino_grpc_request_duration_seconds_count{method=""get_lightd_info""}",54.0
1791660842.010,273.282,"zaino_sync_iteration_duration_seconds{quantile=""0.9""}",0.00011083144377168472
1791660842.010,273.282,zaino_sync_iteration_duration_seconds_sum,0.05257651700000005
1791660842.010,273.282,zaino_sync_iteration_duration_seconds_count,514.0
1791660842.010,273.282,"zaino_sync_block_build_seconds{quantile=""0.5""}",0.00032662428219918115
1791660842.010,273.282,"zaino_sync_block_build_seconds{quantile=""0.9""}",0.00041755260110577753
1791660842.010,273.282,"zaino_sync_block_build_seconds{quantile=""0.95""}",0.0004480077481584371
1791660842.010,273.282,"zaino_sync_block_build_seconds{quantile=""0.99""}",0.0004992018523186771
1791660842.010,273.282,"zaino_sync_block_build_seconds{quantile=""0.999""}",0.0005183291824343612
1791660842.010,273.282,zaino_sync_block_build_seconds_sum,539.0690411120089
1791660842.010,273.282,zaino_sync_block_build_seconds_count,1247408.0
1791660844.010,275.282,zaino_sync_iterations_total,518.0
1791660844.010,275.282,"zaino_sync_iteration_duration_seconds{quantile=""0.5""}",7.466493129180836e-05
1791660844.010,275.282,"zaino_sync_iteration_duration_seconds{quantile=""0.9""}",0.00011286704382657737
1791660844.010,275.282,"zaino_sync_iteration_duration_seconds{quantile=""0.95""}",0.0001301659953377597
1791660844.010,275.282,zaino_sync_iteration_duration_seconds_sum,0.05290758100000005
1791660844.010,275.282,zaino_sync_iteration_duration_seconds_count,518.0
1791660844.010,275.282,"zaino_sync_block_build_seconds{quantile=""0.5""}",0.0003188148497985906
1791660844.010,275.282,"zaino_sync_block_build_seconds{quantile=""0.9""}",0.0004078953012743111
1791660844.010,275.282,"zaino_sync_block_build_seconds{quantile=""0.95""}",0.0004319071035925583
1791660844.010,275.282,"zaino_sync_block_build_seconds{quantile=""0.99""}",0.00046816019174753616
1791660844.010,275.282,"zaino_sync_block_build_seconds{quantile=""0.999""}",0.0004804919752773174
1791660844.010,275.282,zaino_sync_block_build_seconds_sum,542.8691103470127
1791660844.010,275.282,zaino_sync_block_build_seconds_count,1262106.0
1791660846.010,277.282,"zaino_grpc_requests_total{method=""get_lightd_info""}",55.0
1791660846.010,277.282,"zaino_grpc_requests_total{method=""get_block""}",110.0
1791660846.010,277.282,zaino_sync_iterations_total,522.0
1791660846.010,277.282,"zaino_grpc_request_duration_seconds{method=""get_block"",quantile=""0""}",1.106e-05
1791660846.010,277.282,"zaino_grpc_request_duration_seconds{method=""get_block"",quantile=""0.9""}",0.0003897129828584391
1791660846.010,277.282,"zaino_grpc_request_duration_seconds{method=""get_block"",quantile=""0.95""}",0.0003958401732374941
1791660846.010,277.282,"zaino_grpc_request_duration_seconds_sum{method=""get_block""}",0.02356453500000001
1791660846.010,277.282,"zaino_grpc_request_duration_seconds_count{method=""get_block""}",110.0
1791660846.010,277.282,"zaino_grpc_request_duration_seconds{method=""get_lightd_info"",quantile=""0.5""}",0.003060735524869805
1791660846.010,277.282,"zaino_grpc_request_duration_seconds_sum{method=""get_lightd_info""}",0.18643961799999995
1791660846.010,277.282,"zaino_grpc_request_duration_seconds_count{method=""get_lightd_info""}",55.0
1791660846.010,277.282,"zaino_sync_iteration_duration_seconds{quantile=""0.95""}",0.00012761405619043155
1791660846.010,277.282,"zaino_sync_iteration_duration_seconds{quantile=""0.99""}",0.0001941460138107707
1791660846.010,277.282,zaino_sync_iteration_duration_seconds_sum,0.053229010000000056
1791660846.010,277.282,zaino_sync_iteration_duration_seconds_count,522.0
1791660846.010,277.282,"zaino_sync_block_build_seconds{quantile=""0.5""}",0.0003168443127005582
1791660846.010,277.282,"zaino_sync_block_build_seconds{quantile=""0.9""}",0.00040432157009084066
1791660846.010,277.282,"zaino_sync_block_build_seconds{quantile=""0.95""}",0.00042607292927341917
1791660846.010,277.282,"zaino_sync_block_build_seconds{quantile=""0.99""}",0.0004567839524341446
1791660846.010,277.282,"zaino_sync_block_build_seconds{quantile=""0.999""}",0.0004676922655563182
1791660846.010,277.282,zaino_sync_block_build_seconds_sum,547.0485332520099
1791660846.010,277.282,zaino_sync_block_build_seconds_count,1275684.0
1791660848.010,279.282,zaino_sync_iterations_total,526.0
1791660848.010,279.282,"zaino_sync_iteration_duration_seconds{quantile=""0.9""}",0.00012241421793565826
1791660848.010,279.282,"zaino_sync_iteration_duration_seconds{quantile=""0.95""}",0.00015487378946641429
1791660848.010,279.282,zaino_sync_iteration_duration_seconds_sum,0.05369106300000005
1791660848.010,279.282,zaino_sync_iteration_duration_seconds_count,526.0
1791660848.010,279.282,"zaino_sync_block_write_seconds{quantile=""0.5""}",6.129419216730425
1791660848.010,279.282,"zaino_sync_block_write_seconds{quantile=""0.9""}",6.129419216730425
1791660848.010,279.282,"zaino_sync_block_write_seconds{quantile=""0.95""}",6.129419216730425
1791660848.010,279.282,"zaino_sync_block_write_seconds{quantile=""0.99""}",6.129419216730425
1791660848.010,279.282,"zaino_sync_block_write_seconds{quantile=""0.999""}",6.129419216730425
1791660848.010,279.282,"zaino_sync_block_build_seconds{quantile=""0.5""}",0.0003173516693796772
1791660848.010,279.282,"zaino_sync_block_build_seconds{quantile=""0.9""}",0.0004039174506128186
1791660848.010,279.282,"zaino_sync_block_build_seconds{quantile=""0.95""}",0.0004244569244904732
1791660848.010,279.282,"zaino_sync_block_build_seconds{quantile=""0.99""}",0.00045314425898800145
1791660848.010,279.282,"zaino_sync_block_build_seconds{quantile=""0.999""}",0.00046359462964714075
1791660848.010,279.282,zaino_sync_block_build_seconds_sum,551.5051126460068
1791660848.010,279.282,zaino_sync_block_build_seconds_count,1288638.0
1791660850.010,281.282,zaino_sync_iterations_total,530.0
1791660850.010,281.282,zaino_sync_sapling_outputs_total,103928.0
1791660850.010,281.282,zaino_sync_transactions_total,1660453.0
1791660850.010,281.282,zaino_sync_last_block_written_at,1791660849.8059084
1791660850.010,281.282,zaino_db_tip_height,1199999.0
1791660850.010,281.282,"zaino_sync_iteration_duration_seconds{quantile=""0.5""}",7.47695354017572e-05
1791660850.010,281.282,"zaino_sync_iteration_duration_seconds{quantile=""0.9""}",0.00012624324011014556
1791660850.010,281.282,"zaino_sync_iteration_duration_seconds{quantile=""0.95""}",0.000162034702275892
1791660850.010,281.282,"zaino_sync_iteration_duration_seconds{quantile=""0.99""}",0.0002117932419081288
1791660850.010,281.282,"zaino_sync_iteration_duration_seconds{quantile=""0.999""}",0.00027048334509561486
1791660850.010,281.282,"zaino_sync_iteration_duration_seconds{quantile=""1""}",0.000340952
1791660850.010,281.282,zaino_sync_iteration_duration_seconds_sum,0.05435320800000005
1791660850.010,281.282,zaino_sync_iteration_duration_seconds_count,530.0
1791660850.010,281.282,"zaino_sync_block_build_seconds{quantile=""0.5""}",0.00031659093861270113
1791660850.010,281.282,"zaino_sync_block_build_seconds{quantile=""0.9""}",0.0004019029039167501
1791660850.010,281.282,"zaino_sync_block_build_seconds{quantile=""0.95""}",0.0004214118101903541
1791660850.010,281.282,"zaino_sync_block_build_seconds{quantile=""0.99""}",0.00044764948528297385
1791660850.010,281.282,"zaino_sync_block_build_seconds{quantile=""0.999""}",0.0004566926047784234
1791660850.010,281.282,zaino_sync_block_build_seconds_sum,555.5353832240095
1791660850.010,281.282,zaino_sync_block_build_seconds_count,1300924.0
1791660852.011,283.282,"zaino_grpc_requests_total{method=""get_lightd_info""}",56.0
1791660852.011,283.282,"zaino_grpc_requests_total{method=""get_block""}",112.0
1791660852.011,283.282,zaino_sync_iterations_total,534.0
1791660852.011,283.282,zaino_sync_finalized_height,1310376.0
1791660852.011,283.282,"zaino_grpc_request_duration_seconds_sum{method=""get_block""}",0.02384958300000001
1791660852.011,283.282,"zaino_grpc_request_duration_seconds_count{method=""get_block""}",112.0
1791660852.011,283.282,"zaino_grpc_request_duration_seconds{method=""get_lightd_info"",quantile=""0.9""}",0.0032852910736990964
1791660852.011,283.282,"zaino_grpc_request_duration_seconds_sum{method=""get_lightd_info""}",0.18965569299999996
1791660852.011,283.282,"zaino_grpc_request_duration_seconds_count{method=""get_lightd_info""}",56.0
1791660852.011,283.282,"zaino_sync_iteration_duration_seconds{quantile=""0.5""}",7.614279974974903e-05
1791660852.011,283.282,"zaino_sync_iteration_duration_seconds{quantile=""0.9""}",0.0001301659953377597
1791660852.011,283.282,"zaino_sync_iteration_duration_seconds{quantile=""0.95""}",0.00016966239046612713
1791660852.011,283.282,"zaino_sync_iteration_duration_seconds{quantile=""0.99""}",0.00027048334509561486
1791660852.011,283.282,zaino_sync_iteration_duration_seconds_sum,0.05462940600000005
1791660852.011,283.282,zaino_sync_iteration_duration_seconds_count,534.0
1791660852.011,283.282,"zaino_sync_block_build_seconds{quantile=""0""}",0.000106176
1791660852.011,283.282,"zaino_sync_block_build_seconds{quantile=""0.5""}",0.000340770941698239
1791660852.011,283.282,"zaino_sync_block_build_seconds{quantile=""0.9""}",0.0004396638805738078
1791660852.011,283.282,"zaino_sync_block_build_seconds{quantile=""0.95""}",0.00050765928699921
1791660852.011,283.282,"zaino_sync_block_build_seconds{quantile=""0.99""}",0.002032477014344878
1791660852.011,283.282,"zaino_sync_block_build_seconds{quantile=""0.999""}",0.020094683165770923
1791660852.011,283.282,zaino_sync_block_build_seconds_sum,559.6788389700117
1791660852.011,283.282,zaino_sync_block_build_seconds_count,1313371.0
1791660854.011,285.283,zaino_sync_iterations_total,538.0
1791660854.011,285.283,"zaino_sync_iteration_duration_seconds{quantile=""0.5""}",7.69234307598912e-05
1791660854.011,285.283,"zaino_sync_iteration_duration_seconds{quantile=""0.9""}",0.00015487378946641429
1791660854.011,285.283,"zaino_sync_iteration_duration_seconds{quantile=""0.95""}",0.0001941460138107707
1791660854.011,285.283,zaino_sync_iteration_duration_seconds_sum,0.055097482000000045
1791660854.011,285.283,zaino_sync_iteration_duration_seconds_count,538.0
1791660854.011,285.283,"zaino_sync_block_build_seconds{quantile=""0.5""}",0.00034118011228289084
1791660854.011,285.283,"zaino_sync_block_build_seconds{quantile=""0.9""}",0.00044186770495367365
1791660854.011,285.283,"zaino_sync_block_build_seconds{quantile=""0.95""}",0.0005153315746321658
1791660854.011,285.283,"zaino_sync_block_build_seconds{quantile=""0.99""}",0.008588767613494362
1791660854.011,285.283,"zaino_sync_block_build_seconds{quantile=""0.999""}",0.02664643210464412
1791660854.011,285.283,zaino_sync_block_build_seconds_sum,565.4920078150119
1791660854.011,285.283,zaino_sync_block_build_seconds_count,1314184.0
1791660856.011,287.283,"zaino_grpc_requests_total{method=""get_block""}",114.0
1791660856.011,287.283,"zaino_grpc_requests_total{method=""get_lightd_info""}",57.0
1791660856.011,287.283,zaino_sync_iterations_total,542.0
1791660856.011,287.283,"zaino_grpc_request_duration_seconds{method=""get_block"",quantile=""0""}",1.0198e-05
1791660856.011,287.283,"zaino_grpc_request_duration_seconds{method=""get_block"",quantile=""0.9""}",0.0003958401732374941
1791660856.011,287.283,"zaino_grpc_request_duration_seconds{method=""get_block"",quantile=""0.95""}",0.0004486353982605064
1791660856.011,287.283,"zaino_grpc_request_duration_seconds_sum{method=""get_block""}",0.02423433500000001
1791660856.011,287.283,"zaino_grpc_request_duration_seconds_count{method=""get_block""}",114.0
1791660856.011,287.283,"zaino_grpc_request_duration_seconds{method=""get_lightd_info"",quantile=""0.95""}",0.0032852910736990964
1791660856.011,287.283,"zaino_grpc_request_duration_seconds{method=""get_lightd_info"",quantile=""0.99""}",0.0032852910736990964
1791660856.011,287.283,"zaino_grpc_request_duration_seconds{method=""get_lightd_info"",quantile=""0.999""}",0.0032852910736990964
1791660856.011,287.283,"zaino_grpc_request_duration_seconds{method=""get_lightd_info"",quantile=""1""}",0.00355246
1791660856.011,287.283,"zaino_grpc_request_duration_seconds_sum{method=""get_lightd_info""}",0.19239812999999995
1791660856.011,287.283,"zaino_grpc_request_duration_seconds_count{method=""get_lightd_info""}",57.0
1791660856.011,287.283,"zaino_sync_iteration_duration_seconds{quantile=""0.5""}",7.833625490571694e-05
1791660856.011,287.283,zaino_sync_iteration_duration_seconds_sum,0.05556476100000004
1791660856.011,287.283,zaino_sync_iteration_duration_seconds_count,542.0
1791660856.011,287.283,"zaino_sync_block_build_seconds{quantile=""0.5""}",0.0003417264374079152
1791660856.011,287.283,"zaino_sync_block_build_seconds{quantile=""0.9""}",0.00044488264453442465
1791660856.011,287.283,"zaino_sync_block_build_seconds{quantile=""0.95""}",0.0005253215376536298
1791660856.011,287.283,"zaino_sync_block_build_seconds{quantile=""0.99""}",0.009016491219026802
1791660856.011,287.283,"zaino_sync_block_build_seconds{quantile=""0.999""}",0.02819811867559232
1791660856.011,287.283,zaino_sync_block_build_seconds_sum,571.1773241470138
1791660856.011,287.283,zaino_sync_block_build_seconds_count,1315396.0
1791660858.011,289.283,zaino_sync_iterations_total,546.0
1791660858.011,289.283,zaino_sync_iteration_duration_seconds_sum,0.05592491800000003
1791660858.011,289.283,zaino_sync_iteration_duration_seconds_count,546.0
1791660858.011,289.283,"zaino_sync_block_write_seconds{quantile=""0.5""}",6.887443708370895
1791660858.011,289.283,"zaino_sync_block_write_seconds{quantile=""0.9""}",6.887443708370895
1791660858.011,289.283,"zaino_sync_block_write_seconds{quantile=""0.95""}",6.887443708370895
1791660858.011,289.283,"zaino_sync_block_write_seconds{quantile=""0.99""}",6.887443708370895
1791660858.011,289.283,"zaino_sync_block_write_seconds{quantile=""0.999""}",6.887443708370895
1791660858.011,289.283,zaino_sync_block_write_seconds_sum,75.90788993500001
1791660858.011,289.283,zaino_sync_block_write_seconds_count,13.0
1791660858.011,289.283,"zaino_sync_block_build_seconds{quantile=""0.5""}",0.0003443334524496437
1791660858.011,289.283,"zaino_sync_block_build_seconds{quantile=""0.9""}",0.0004479181555680645
1791660858.011,289.283,"zaino_sync_block_build_seconds{quantile=""0.95""}",0.0005289058971321279
1791660858.011,289.283,"zaino_sync_block_build_seconds{quantile=""0.99""}",0.009043581307589465
1791660858.011,289.283,"zaino_sync_block_build_seconds{quantile=""0.999""}",0.028362142975111575
1791660858.011,289.283,zaino_sync_block_build_seconds_sum,576.2670780280162
1791660858.011,289.283,zaino_sync_block_build_seconds_count,1322665.0
1791660860.011,291.283,zaino_sync_iterations_total,550.0
1791660860.011,291.283,zaino_sync_iteration_duration_seconds_sum,0.05632952800000003
1791660860.011,291.283,zaino_sync_iteration_duration_seconds_count,550.0
1791660860.011,291.283,"zaino_sync_block_build_seconds{quantile=""0.5""}",0.00034323334650640394
1791660860.011,291.283,"zaino_sync_block_build_seconds{quantile=""0.9""}",0.00044630854923243283
1791660860.011,291.283,"zaino_sync_block_build_seconds{quantile=""0.95""}",0.0005254266124686419
1791660860.011,291.283,"zaino_sync_block_build_seconds{quantile=""0.99""}",0.008937494192745166
1791660860.011,291.283,"zaino_sync_block_build_seconds{quantile=""0.999""}",0.028192479615763186
1791660860.011,291.283,zaino_sync_block_build_seconds_sum,580.1996778120155
1791660860.011,291.283,zaino_sync_block_build_seconds_count,1335403.0
1791660862.011,293.283,zaino_sync_iterations_total,554.0
1791660862.011,293.283,"zaino_grpc_requests_total{method=""get_block""}",116.0
1791660862.011,293.283,"zaino_grpc_requests_total{method=""get_lightd_info""}",58.0
1791660862.011,293.283,zaino_sync_finalized_height,1346283.0
1791660862.011,293.283,"zaino_grpc_request_duration_seconds{method=""get_block"",quantile=""0.9""}",0.0004486353982605064
1791660862.011,293.283,"zaino_grpc_request_duration_seconds{method=""get_block"",quantile=""0.95""}",0.0004506137431865557
1791660862.011,293.283,"zaino_grpc_request_duration_seconds{method=""get_block"",quantile=""0.99""}",0.0004506137431865557
1791660862.011,293.283,"zaino_grpc_request_duration_seconds{method=""get_block"",quantile=""0.999""}",0.0004506137431865557
1791660862.011,293.283,"zaino_grpc_request_duration_seconds_sum{method=""get_block""}",0.02470018100000001
1791660862.011,293.283,"zaino_grpc_request_duration_seconds_count{method=""get_block""}",116.0
1791660862.011,293.283,"zaino_grpc_request_duration_seconds_sum{method=""get_lightd_info""}",0.19557205399999994
1791660862.011,293.283,"zaino_grpc_request_duration_seconds_count{method=""get_lightd_info""}",58.0
1791660862.011,293.283,zaino_sync_iteration_duration_seconds_sum,0.05666973900000003
1791660862.011,293.283,zaino_sync_iteration_duration_seconds_count,554.0
1791660862.011,293.283,"zaino_sync_block_build_seconds{quantile=""0.5""}",0.000340839102702679
1791660862.011,293.283,"zaino_sync_block_build_seconds{quantile=""0.9""}",0.0004444379842556023
1791660862.011,293.283,"zaino_sync_block_build_seconds{quantile=""0.95""}",0.0005214485061525543
1791660862.011,293.283,"zaino_sync_block_build_seconds{quantile=""0.99""}",0.008792114658108939
1791660862.011,293.283,"zaino_sync_block_build_seconds{quantile=""0.999""}",0.0274799119170404
1791660862.011,293.283,zaino_sync_block_build_seconds_sum,584.0357459800186
1791660862.011,293.283,zaino_sync_block_build_seconds_count,1349473.0
1791660864.012,295.283,zaino_sync_iterations_total,558.0
1791660864.012,295.283,"zaino_sync_iteration_duration_seconds{quantile=""0.5""}",7.681581330626366e-05
1791660864.012,295.283,zaino_sync_iteration_duration_seconds_sum,0.056925102000000026
1791660864.012,295.283,zaino_sync_iteration_duration_seconds_count,558.0
1791660864.012,295.283,"zaino_sync_block_build_seconds{quantile=""0.5""}",0.000340770941698239
1791660864.012,295.283,"zaino_sync_block_build_seconds{quantile=""0.9""}",0.0004451496542169296
1791660864.012,295.283,"zaino_sync_block_build_seconds{quantile=""0.95""}",0.0005203025804156996
1791660864.012,295.283,"zaino_sync_block_build_seconds{quantile=""0.99""}",0.008602520641209989
1791660864.012,295.283,"zaino_sync_block_build_seconds{quantile=""0.999""}",0.026402409155208167
1791660864.012,295.283,zaino_sync_block_build_seconds_sum,588.2560396310212
1791660864.012,295.283,zaino_sync_block_build_seconds_count,1362709.0
1791660866.012,297.284,zaino_sync_iterations_total,562.0
1791660866.012,297.284,"zaino_grpc_requests_total{method=""get_lightd_info""}",59.0
1791660866.012,297.284,"zaino_grpc_requests_total{method=""get_block""}",118.0
1791660866.012,297.284,"zaino_grpc_request_duration_seconds{method=""get_block"",quantile=""0.9""}",0.0004423097936676169
1791660866.012,297.284,"zaino_grpc_request_duration_seconds{method=""get_block"",quantile=""0.95""}",0.0004486353982605064
1791660866.012,297.284,"zaino_grpc_request_duration_seconds_sum{method=""get_block""}",0.02515673600000001
1791660866.012,297.284,"zaino_grpc_request_duration_seconds_count{method=""get_block""}",118.0
1791660866.012,297.284,"zaino_grpc_request_duration_seconds_sum{method=""get_lightd_info""}",0.19837500699999994
1791660866.012,297.284,"zaino_grpc_request_duration_seconds_count{method=""get_lightd_info""}",59.0
1791660866.012,297.284,"zaino_sync_iteration_duration_seconds{quantile=""0.5""}",7.614279974974903e-05
1791660866.012,297.284,"zaino_sync_iteration_duration_seconds{quantile=""0.9""}",0.0001301659953377597
1791660866.012,297.284,"zaino_sync_iteration_duration_seconds{quantile=""0.95""}",0.00017371404436158198
1791660866.012,297.284,"zaino_sync_iteration_duration_seconds{quantile=""0.99""}",0.00023913076236232138
1791660866.012,297.284,zaino_sync_iteration_duration_seconds_sum,0.05714347400000003
1791660866.012,297.284,zaino_sync_iteration_duration_seconds_count,562.0
1791660866.012,297.284,"zaino_sync_block_build_seconds{quantile=""0""}",0.000103948
1791660866.012,297.284,"zaino_sync_block_build_seconds{quantile=""0.5""}",0.00034097546561497884
1791660866.012,297.284,"zaino_sync_block_build_seconds{quantile=""0.9""}",0.000442663783080617
1791660866.012,297.284,"zaino_sync_block_build_seconds{quantile=""0.95""}",0.0005153315746321658
1791660866.012,297.284,"zaino_sync_block_build_seconds{quantile=""0.99""}",0.008270171595703145
1791660866.012,297.284,"zaino_sync_block_build_seconds{quantile=""0.999""}",0.025647734952473758
1791660866.012,297.284,zaino_sync_block_build_seconds_sum,592.695362709022
1791660866.012,297.284,zaino_sync_block_build_seconds_count,1376668.0
1791660868.012,299.284,zaino_sync_iterations_total,566.0
1791660868.012,299.284,"zaino_sync_iteration_duration_seconds{quantile=""0.5""}",7.570244975915253e-05
1791660868.012,299.284,zaino_sync_iteration_duration_seconds_sum,0.05742057700000003
1791660868.012,299.284,zaino_sync_iteration_duration_seconds_count,566.0
1791660868.012,299.284,"zaino_sync_block_write_seconds{quantile=""0""}",6.8878760549999996
1791660868.012,299.284,"zaino_sync_block_build_seconds{quantile=""0.5""}",0.00033886795774657884
1791660868.012,299.284,"zaino_sync_block_build_seconds{quantile=""0.9""}",0.0004401037643610843
1791660868.012,299.284,"zaino_sync_block_build_seconds{quantile=""0.95""}",0.0005107143989017665
1791660868.012,299.284,"zaino_sync_block_build_seconds{quantile=""0.99""}",0.007881003613173666
1791660868.012,299.284,"zaino_sync_block_build_seconds{quantile=""0.999""}",0.02177701947419963
1791660868.012,299.284,zaino_sync_block_build_seconds_sum,596.6767254650254
1791660868.012,299.284,zaino_sync_block_build_seconds_count,1390585.0
1791660870.012,301.284,zaino_sync_iterations_total,570.0
1791660870.012,301.284,zaino_sync_sapling_outputs_total,104652.0
1791660870.012,301.284,zaino_sync_transactions_total,1775854.0
1791660870.012,301.284,zaino_sync_last_block_written_at,1791660869.2993581
1791660870.012,301.284,zaino_db_tip_height,1299999.0
1791660870.012,301.284,zaino_sync_iteration_duration_seconds_sum,0.05782855900000002
1791660870.012,301.284,zaino_sync_iteration_duration_seconds_count,570.0
1791660870.012,301.284,"zaino_sync_block_build_seconds{quantile=""0.5""}",0.00033522787561581787
1791660870.012,301.284,"zaino_sync_block_build_seconds{quantile=""0.9""}",0.00043747104781392837
1791660870.012,301.284,"zaino_sync_block_build_seconds{quantile=""0.95""}",0.0005068476815947719
1791660870.012,301.284,"zaino_sync_block_build_seconds{quantile=""0.99""}",0.004779114394258389
1791660870.012,301.284,"zaino_sync_block_build_seconds{quantile=""0.999""}",0.021320205991796872
1791660870.012,301.284,zaino_sync_block_build_seconds_sum,599.9316629490255
1791660870.012,301.284,zaino_sync_block_build_seconds_count,1404310.0
1791660872.012,303.284,"zaino_grpc_requests_total{method=""get_block""}",120.0
1791660872.012,303.284,"zaino_grpc_requests_total{method=""get_lightd_info""}",60.0
1791660872.012,303.284,zaino_sync_iterations_total,574.0
1791660872.012,303.284,zaino_sync_finalized_height,1413802.0
1791660872.012,303.284,"zaino_grpc_request_duration_seconds_sum{method=""get_block""}",0.02551034800000001
1791660872.012,303.284,"zaino_grpc_request_duration_seconds_count{method=""get_block""}",120.0
1791660872.012,303.284,"zaino_grpc_request_duration_seconds{method=""get_lightd_info"",quantile=""0.95""}",0.003437880868872481
1791660872.012,303.284,"zaino_grpc_request_duration_seconds{method=""get_lightd_info"",quantile=""0.99""}",0.003437880868872481
1791660872.012,303.284,"zaino_grpc_request_duration_seconds{method=""get_lightd_info"",quantile=""0.999""}",0.003437880868872481
1791660872.012,303.284,"zaino_grpc_request_duration_seconds_sum{method=""get_lightd_info""}",0.20181267099999994
1791660872.012,303.284,"zaino_grpc_request_duration_seconds_count{method=""get_lightd_info""}",60.0
1791660872.012,303.284,"zaino_sync_iteration_duration_seconds{quantile=""0""}",4.2152e-05
1791660872.012,303.284,"zaino_sync_iteration_duration_seconds{quantile=""0.5""}",7.681581330626366e-05
1791660872.012,303.284,"zaino_sync_iteration_duration_seconds{quantile=""0.9""}",0.00016055081933782887
1791660872.012,303.284,"zaino_sync_iteration_duration_seconds{quantile=""0.95""}",0.0001941460138107707
1791660872.012,303.284,"zaino_sync_iteration_duration_seconds{quantile=""0.99""}",0.00027048334509561486
1791660872.012,303.284,zaino_sync_iteration_duration_seconds_sum,0.05819782900000002
1791660872.012,303.284,zaino_sync_iteration_duration_seconds_count,574.0
1791660872.012,303.284,"zaino_sync_block_build_seconds{quantile=""0""}",0.000101627
1791660872.012,303.284,"zaino_sync_block_build_seconds{quantile=""0.5""}",0.00033442429339604427
1791660872.012,303.284,"zaino_sync_block_build_seconds{quantile=""0.9""}",0.0004358118123706598
1791660872.012,303.284,"zaino_sync_block_build_seconds{quantile=""0.95""}",0.000506543664199141
1791660872.012,303.284,"zaino_sync_block_build_seconds{quantile=""0.99""}",0.007658799572834706
1791660872.012,303.284,"zaino_sync_block_build_seconds{quantile=""0.999""}",0.02402885167712274
1791660872.012,303.284,"zaino_sync_block_build_seconds{quantile=""1""}",0.099902618
1791660872.012,303.284,zaino_sync_block_build_seconds_sum,604.2872791960242
1791660872.012,303.284,zaino_sync_block_build_seconds_count,1414700.0
1791660874.012,305.284,zaino_sync_iterations_total,578.0
1791660874.012,305.284,"zaino_sync_iteration_duration_seconds{quantile=""0.5""}",7.570244975915253e-05
1791660874.012,305.284,"zaino_sync_iteration_duration_seconds{quantile=""0.9""}",0.00015487378946641429
1791660874.012,305.284,"zaino_sync_iteration_duration_seconds{quantile=""0.95""}",0.00017371404436158198
1791660874.012,305.284,zaino_sync_iteration_duration_seconds_sum,0.05850304100000002
1791660874.012,305.284,zaino_sync_iteration_duration_seconds_count,578.0
1791660874.012,305.284,"zaino_sync_block_build_seconds{quantile=""0.5""}",0.0003348258434312936
1791660874.012,305.284,"zaino_sync_block_build_seconds{quantile=""0.9""}",0.0004388731974144669
1791660874.012,305.284,"zaino_sync_block_build_seconds{quantile=""0.95""}",0.0005149194742332244
1791660874.012,305.284,"zaino_sync_block_build_seconds{quantile=""0.99""}",0.008859189290484926
1791660874.012,305.284,"zaino_sync_block_build_seconds{quantile=""0.999""}",0.02819811867559232
1791660874.012,305.284,zaino_sync_block_build_seconds_sum,610.1838118440262
1791660874.012,305.284,zaino_sync_block_build_seconds_count,1415576.0
1791660876.013,307.284,zaino_sync_iterations_total,582.0
1791660876.013,307.284,"zaino_grpc_requests_total{method=""get_lightd_info""}",61.0
1791660876.013,307.284,"zaino_grpc_requests_total{method=""get_block""}",122.0
1791660876.013,307.284,"zaino_grpc_request_duration_seconds{method=""get_block"",quantile=""0.5""}",1.6803891833181698e-05
1791660876.013,307.284,"zaino_grpc_request_duration_seconds{method=""get_block"",quantile=""0.9""}",0.0003958401732374941
1791660876.013,307.284,"zaino_grpc_request_duration_seconds{method=""get_block"",quantile=""0.95""}",0.0004423097936676169
1791660876.013,307.284,"zaino_grpc_request_duration_seconds{method=""get_block"",quantile=""0.99""}",0.0004423097936676169
1791660876.013,307.284,"zaino_grpc_request_duration_seconds{method=""get_block"",quantile=""0.999""}",0.0004423097936676169
1791660876.013,307.284,"zaino_grpc_request_duration_seconds{method=""get_block"",quantile=""1""}",0.000450619
1791660876.013,307.284,"zaino_grpc_request_duration_seconds_sum{method=""get_block""}",0.02589209100000001
1791660876.013,307.284,"zaino_grpc_request_duration_seconds_count{method=""get_block""}",122.0
1791660876.013,307.284,"zaino_grpc_request_duration_seconds{method=""get_lightd_info"",quantile=""0""}",0.002735631
1791660876.013,307.284,"zaino_grpc_request_duration_seconds{method=""get_lightd_info"",quantile=""0.5""}",0.003174198802422652
1791660876.013,307.284,"zaino_grpc_request_duration_seconds{method=""get_lightd_info"",quantile=""0.95""}",0.0032852910736990964
1791660876.013,307.284,"zaino_grpc_request_duration_seconds{method=""get_lightd_info"",quantile=""0.99""}",0.0032852910736990964
1791660876.013,307.284,"zaino_grpc_request_duration_seconds{method=""get_lightd_info"",quantile=""0.999""}",0.0032852910736990964
1791660876.013,307.284,"zaino_grpc_request_duration_seconds{method=""get_lightd_info"",quantile=""1""}",0.003437664
1791660876.013,307.284,"zaino_grpc_request_duration_seconds_sum{method=""get_lightd_info""}",0.20455012899999994
1791660876.013,307.284,"zaino_grpc_request_duration_seconds_count{method=""get_lightd_info""}",61.0
1791660876.013,307.284,"zaino_sync_iteration_duration_seconds{quantile=""0.5""}",7.833625490571694e-05
1791660876.013,307.284,zaino_sync_iteration_duration_seconds_sum,0.05889453000000002
1791660876.013,307.284,zaino_sync_iteration_duration_seconds_count,582.0
1791660876.013,307.284,"zaino_sync_block_build_seconds{quantile=""0.5""}",0.00033529492789616933
1791660876.013,307.284,"zaino_sync_block_build_seconds{quantile=""0.9""}",0.0004421329051296265
1791660876.013,307.284,"zaino_sync_block_build_seconds{quantile=""0.95""}",0.0005244816952436789
1791660876.013,307.284,"zaino_sync_block_build_seconds{quantile=""0.99""}",0.00909800590613836
1791660876.013,307.284,"zaino_sync_block_build_seconds{quantile=""0.999""}",0.029004623902234856
1791660876.013,307.284,zaino_sync_block_build_seconds_sum,616.0619372270256
1791660876.013,307.284,zaino_sync_block_build_seconds_count,1416551.0
1791660878.013,309.285,zaino_sync_iterations_total,583.0
1791660878.013,309.285,"zaino_sync_iteration_duration_seconds{quantile=""0""}",3.3621e-05
1791660878.013,309.285,"zaino_sync_iteration_duration_seconds{quantile=""0.5""}",7.681581330626366e-05
1791660878.013,309.285,zaino_sync_iteration_duration_seconds_sum,0.05892815100000002
1791660878.013,309.285,zaino_sync_iteration_duration_seconds_count,583.0
1791660878.013,309.285,"zaino_sync_block_write_seconds{quantile=""0.5""}",6.935824951284379
1791660878.013,309.285,"zaino_sync_block_write_seconds{quantile=""0.9""}",6.935824951284379
1791660878.013,309.285,"zaino_sync_block_write_seconds{quantile=""0.95""}",6.935824951284379
1791660878.013,309.285,"zaino_sync_block_write_seconds{quantile=""0.99""}",6.935824951284379
1791660878.013,309.285,"zaino_sync_block_write_seconds{quantile=""0.999""}",6.935824951284379
1791660878.013,309.285,"zaino_sync_block_write_seconds{quantile=""1""}",7.230498359
1791660878.013,309.285,zaino_sync_block_write_seconds_sum,83.13838829400001
1791660878.013,309.285,zaino_sync_block_write_seconds_count,14.0
1791660878.013,309.285,"zaino_sync_block_build_seconds{quantile=""0.5""}",0.00033792045458519123
1791660878.013,309.285,"zaino_sync_block_build_seconds{quantile=""0.9""}",0.00044630854923243283
1791660878.013,309.285,"zaino_sync_block_build_seconds{quantile=""0.95""}",0.0005245866020734104
1791660878.013,309.285,"zaino_sync_block_build_seconds{quantile=""0.99""}",0.009105287223025962
1791660878.013,309.285,"zaino_sync_block_build_seconds{quantile=""0.999""}",0.028935096271168276
1791660878.013,309.285,zaino_sync_block_build_seconds_sum,621.0051217300288
1791660878.013,309.285,zaino_sync_block_build_seconds_count,1425608.0
1791660880.013,311.285,zaino_sync_iterations_total,587.0
1791660880.013,311.285,"zaino_sync_iteration_duration_seconds{quantile=""0.5""}",7.833625490571694e-05
1791660880.013,311.285,"zaino_sync_iteration_duration_seconds{quantile=""0.9""}",0.00014509816647194677
1791660880.013,311.285,zaino_sync_iteration_duration_seconds_sum,0.05928257300000002
1791660880.013,311.285,zaino_sync_iteration_duration_seconds_count,587.0
1791660880.013,311.285,"zaino_sync_block_build_seconds{quantile=""0.5""}",0.00033495980055875196
1791660880.013,311.285,"zaino_sync_block_build_seconds{quantile=""0.9""}",0.000442663783080617
1791660880.013,311.285,"zaino_sync_block_build_seconds{quantile=""0.95""}",0.0005181218922215031
1791660880.013,311.285,"zaino_sync_block_build_seconds{quantile=""0.99""}",0.009025512220024644
1791660880.013,311.285,"zaino_sync_block_build_seconds{quantile=""0.999""}",0.02843598049427278
1791660880.013,311.285,zaino_sync_block_build_seconds_sum,624.6666863670258
1791660880.013,311.285,zaino_sync_block_build_seconds_count,1439697.0
1791660882.013,313.285,"zaino_grpc_requests_total{method=""get_block""}",124.0
1791660882.013,313.285,"zaino_grpc_requests_total{method=""get_lightd_info""}",62.0
1791660882.013,313.285,zaino_sync_iterations_total,591.0
1791660882.013,313.285,zaino_sync_finalized_height,1449463.0
1791660882.013,313.285,"zaino_grpc_request_duration_seconds_sum{method=""get_block""}",0.026212273000000008
1791660882.013,313.285,"zaino_grpc_request_duration_seconds_count{method=""get_block""}",124.0
1791660882.013,313.285,"zaino_grpc_request_duration_seconds{method=""get_lightd_info"",quantile=""0.9""}",0.003416631947139353
1791660882.013,313.285,"zaino_grpc_request_duration_seconds{method=""get_lightd_info"",quantile=""0.95""}",0.003416631947139353
1791660882.013,313.285,"zaino_grpc_request_duration_seconds{method=""get_lightd_info"",quantile=""0.99""}",0.003416631947139353
1791660882.013,313.285,"zaino_grpc_request_duration_seconds{method=""get_lightd_info"",quantile=""0.999""}",0.003416631947139353
1791660882.013,313.285,"zaino_grpc_request_duration_seconds_sum{method=""get_lightd_info""}",0.20796706299999995
1791660882.013,313.285,"zaino_grpc_request_duration_seconds_count{method=""get_lightd_info""}",62.0
1791660882.013,313.285,"zaino_sync_iteration_duration_seconds{quantile=""0.5""}",7.681581330626366e-05
1791660882.013,313.285,zaino_sync_iteration_duration_seconds_sum,0.05956993800000001
1791660882.013,313.285,zaino_sync_iteration_duration_seconds_count,591.0
1791660882.013,313.285,"zaino_sync_block_build_seconds{quantile=""0.5""}",0.0003366387935517241
1791660882.013,313.285,"zaino_sync_block_build_seconds{quantile=""0.9""}",0.0004423097936676169
1791660882.013,313.285,"zaino_sync_block_build_seconds{quantile=""0.95""}",0.0005143019414558564
1791660882.013,313.285,"zaino_sync_block_build_seconds{quantile=""0.99""}",0.008928561165780549
1791660882.013,313.285,"zaino_sync_block_build_seconds{quantile=""0.999""}",0.028186841683633248
1791660882.013,313.285,zaino_sync_block_build_seconds_sum,629.111237194019
1791660882.013,313.285,zaino_sync_block_build_seconds_count,1452692.0
1791660884.013,315.285,zaino_sync_iterations_total,595.0
1791660884.013,315.285,"zaino_sync_iteration_duration_seconds{quantile=""0.9""}",0.00015487378946641429
1791660884.013,315.285,"zaino_sync_iteration_duration_seconds{quantile=""0.95""}",0.0001941460138107707
1791660884.013,315.285,zaino_sync_iteration_duration_seconds_sum,0.06003810200000001
1791660884.013,315.285,zaino_sync_iteration_duration_seconds_count,595.0
1791660884.013,315.285,"zaino_sync_block_build_seconds{quantile=""0.5""}",0.0003365714725251165
1791660884.013,315.285,"zaino_sync_block_build_seconds{quantile=""0.9""}",0.0004408966645356513
1791660884.013,315.285,"zaino_sync_block_build_seconds{quantile=""0.95""}",0.0005116345126768235
1791660884.013,315.285,"zaino_sync_block_build_seconds{quantile=""0.99""}",0.008813241074918318
1791660884.013,315.285,"zaino_sync_block_build_seconds{quantile=""0.999""}",0.027457936778660874
1791660884.013,315.285,zaino_sync_block_build_seconds_sum,633.1589900770175
1791660884.013,315.285,zaino_sync_block_build_seconds_count,1465428.0
1791660886.013,317.285,"zaino_grpc_requests_total{method=""get_lightd_info""}",63.0
1791660886.013,317.285,"zaino_grpc_requests_total{method=""get_block""}",126.0
1791660886.013,317.285,zaino_sync_iterations_total,599.0
1791660886.013,317.285,"zaino_grpc_request_duration_seconds{method=""get_block"",quantile=""0.5""}",1.7789537729835298e-05
1791660886.013,317.285,"zaino_grpc_request_duration_seconds{method=""get_block"",quantile=""0.9""}",0.0003839877022744454
1791660886.013,317.285,"zaino_grpc_request_duration_seconds{method=""get_block"",quantile=""0.95""}",0.0003958401732374941
1791660886.013,317.285,"zaino_grpc_request_duration_seconds_sum{method=""get_block""}",0.026588858000000007
1791660886.013,317.285,"zaino_grpc_request_duration_seconds_count{method=""get_block""}",126.0
1791660886.013,317.285,"zaino_grpc_request_duration_seconds{method=""get_lightd_info"",quantile=""0.5""}",0.0032118762079268223
1791660886.013,317.285,"zaino_grpc_request_duration_seconds{method=""get_lightd_info"",quantile=""0.9""}",0.003437880868872481
1791660886.013,317.285,"zaino_grpc_request_duration_seconds{method=""get_lightd_info"",quantile=""0.95""}",0.003437880868872481
1791660886.013,317.285,"zaino_grpc_request_duration_seconds{method=""get_lightd_info"",quantile=""0.99""}",0.003437880868872481
1791660886.013,317.285,"zaino_grpc_request_duration_seconds{method=""get_lightd_info"",quantile=""0.999""}",0.003437880868872481
1791660886.013,317.285,"zaino_grpc_request_duration_seconds{method=""get_lightd_info"",quantile=""1""}",0.003940511
1791660886.013,317.285,"zaino_grpc_request_duration_seconds_sum{method=""get_lightd_info""}",0.21190757399999996
1791660886.013,317.285,"zaino_grpc_request_duration_seconds_count{method=""get_lightd_info""}",63.0
1791660886.013,317.285,"zaino_sync_iteration_duration_seconds{quantile=""0.5""}",7.833625490571694e-05
1791660886.013,317.285,"zaino_sync_iteration_duration_seconds{quantile=""0.9""}",0.00014509816647194677
1791660886.013,317.285,"zaino_sync_iteration_duration_seconds{quantile=""0.95""}",0.00017371404436158198
1791660886.013,317.285,"zaino_sync_iteration_duration_seconds{quantile=""0.99""}",0.00025023751461956885
1791660886.013,317.285,zaino_sync_iteration_duration_seconds_sum,0.060407758000000006
1791660886.013,317.285,zaino_sync_iteration_duration_seconds_count,599.0
1791660886.013,317.285,"zaino_sync_block_build_seconds{quantile=""0.5""}",0.0003337561132099381
1791660886.013,317.285,"zaino_sync_block_build_seconds{quantile=""0.9""}",0.000439224436450451
1791660886.013,317.285,"zaino_sync_block_build_seconds{quantile=""0.95""}",0.0005091845516182722
1791660886.013,317.285,"zaino_sync_block_build_seconds{quantile=""0.99""}",0.008636999635907168
1791660886.013,317.285,"zaino_sync_block_build_seconds{quantile=""0.999""}",0.02649762912158626
1791660886.013,317.285,zaino_sync_block_build_seconds_sum,636.6697093750158
1791660886.013,317.285,zaino_sync_block_build_seconds_count,1478768.0
1791660888.014,319.285,zaino_sync_iterations_total,603.0
1791660888.014,319.285,"zaino_sync_iteration_duration_seconds{quantile=""0.5""}",7.681581330626366e-05
1791660888.014,319.285,zaino_sync_iteration_duration_seconds_sum,0.06071633700000001
1791660888.014,319.285,zaino_sync_iteration_duration_seconds_count,603.0
1791660888.014,319.285,"zaino_sync_block_write_seconds{quantile=""0.5""}",6.887443708370895
1791660888.014,319.285,"zaino_sync_block_write_seconds{quantile=""0.9""}",6.887443708370895
1791660888.014,319.285,"zaino_sync_block_write_seconds{quantile=""0.95""}",6.887443708370895
1791660888.014,319.285,"zaino_sync_block_write_seconds{quantile=""0.99""}",6.887443708370895
1791660888.014,319.285,"zaino_sync_block_write_seconds{quantile=""0.999""}",6.887443708370895
1791660888.014,319.285,"zaino_sync_block_build_seconds{quantile=""0.5""}",0.0003377853134329391
1791660888.014,319.285,"zaino_sync_block_build_seconds{quantile=""0.9""}",0.00044186770495367365
1791660888.014,319.285,"zaino_sync_block_build_seconds{quantile=""0.95""}",0.0005071518814555754
1791660888.014,319.285,"zaino_sync_block_build_seconds{quantile=""0.99""}",0.008489713533237065
1791660888.014,319.285,"zaino_sync_block_build_seconds{quantile=""0.999""}",0.025993727575376192
1791660888.014,319.285,zaino_sync_block_build_seconds_sum,641.4621457880174
1791660888.014,319.285,zaino_sync_block_build_seconds_count,1490426.0
1791660890.014,321.286,zaino_sync_sapling_outputs_total,105993.0
1791660890.014,321.286,zaino_sync_iterations_total,607.0
1791660890.014,321.286,zaino_sync_transactions_total,1895522.0
1791660890.014,321.286,zaino_db_tip_height,1399999.0
1791660890.014,321.286,zaino_sync_last_block_written_at,1791660889.6476614
1791660890.014,321.286,"zaino_sync_iteration_duration_seconds{quantile=""0.9""}",0.00013290180180291063
1791660890.014,321.286,zaino_sync_iteration_duration_seconds_sum,0.06099212300000001
1791660890.014,321.286,zaino_sync_iteration_duration_seconds_count,607.0
1791660890.014,321.286,"zaino_sync_block_build_seconds{quantile=""0.5""}",0.00034104366752829313
1791660890.014,321.286,"zaino_sync_block_build_seconds{quantile=""0.9""}",0.0004434612954386143
1791660890.014,321.286,"zaino_sync_block_build_seconds{quantile=""0.95""}",0.0005057338423639532
1791660890.014,321.286,"zaino_sync_block_build_seconds{quantile=""0.99""}",0.008156827103075151
1791660890.014,321.286,"zaino_sync_block_build_seconds{quantile=""0.999""}",0.02558113745563781
1791660890.014,321.286,zaino_sync_block_build_seconds_sum,646.016984799016
1791660890.014,321.286,zaino_sync_block_build_seconds_count,1501845.0
1791660892.014,323.286,zaino_sync_iterations_total,611.0
1791660892.014,323.286,"zaino_grpc_requests_total{method=""get_block""}",128.0
1791660892.014,323.286,"zaino_grpc_requests_total{method=""get_lightd_info""}",64.0
1791660892.014,323.286,zaino_sync_finalized_height,1509953.0
1791660892.014,323.286,"zaino_grpc_request_duration_seconds{method=""get_block"",quantile=""0.9""}",0.0003958401732374941
1791660892.014,323.286,"zaino_grpc_request_duration_seconds{method=""get_block"",quantile=""0.95""}",0.0004026269806197458
1791660892.014,323.286,"zaino_grpc_request_duration_seconds_sum{method=""get_block""}",0.027006750000000006
1791660892.014,323.286,"zaino_grpc_request_duration_seconds_count{method=""get_block""}",128.0
1791660892.014,323.286,"zaino_grpc_request_duration_seconds{method=""get_lightd_info"",quantile=""0.9""}",0.003416631947139353
1791660892.014,323.286,"zaino_grpc_request_duration_seconds_sum{method=""get_lightd_info""}",0.21532140199999997
1791660892.014,323.286,"zaino_grpc_request_duration_seconds_count{method=""get_lightd_info""}",64.0
1791660892.014,323.286,"zaino_sync_iteration_duration_seconds{quantile=""0.5""}",7.487428606002035e-05
1791660892.014,323.286,"zaino_sync_iteration_duration_seconds{quantile=""0.9""}",0.00012173061418991169
1791660892.014,323.286,"zaino_sync_iteration_duration_seconds{quantile=""0.95""}",0.00016061505251155638
1791660892.014,323.286,"zaino_sync_iteration_duration_seconds{quantile=""0.99""}",0.00023913076236232138
1791660892.014,323.286,"zaino_sync_iteration_duration_seconds{quantile=""0.999""}",0.00023913076236232138
1791660892.014,323.286,"zaino_sync_iteration_duration_seconds{quantile=""1""}",0.000250246
1791660892.014,323.286,zaino_sync_iteration_duration_seconds_sum,0.061310947000000005
1791660892.014,323.286,zaino_sync_iteration_duration_seconds_count,611.0
1791660892.014,323.286,"zaino_sync_block_build_seconds{quantile=""0.5""}",0.00034392050012627584
1791660892.014,323.286,"zaino_sync_block_build_seconds{quantile=""0.9""}",0.0004511548042518951
1791660892.014,323.286,"zaino_sync_block_build_seconds{quantile=""0.95""}",0.0005084721920117087
1791660892.014,323.286,"zaino_sync_block_build_seconds{quantile=""0.99""}",0.008261905557787679
1791660892.014,323.286,"zaino_sync_block_build_seconds{quantile=""0.999""}",0.023567184602994267
1791660892.014,323.286,"zaino_sync_block_build_seconds{quantile=""1""}",0.060072858
1791660892.014,323.286,zaino_sync_block_build_seconds_sum,650.5638544150105
1791660892.014,323.286,zaino_sync_block_build_seconds_count,1511620.0
1791660894.014,325.286,zaino_sync_iterations_total,615.0
1791660894.014,325.286,"zaino_sync_iteration_duration_seconds{quantile=""0.5""}",7.652446712306323e-05
1791660894.014,325.286,"zaino_sync_iteration_duration_seconds{quantile=""0.9""}",0.0001216332686416464
1791660894.014,325.286,"zaino_sync_iteration_duration_seconds{quantile=""0.95""}",0.00014509816647194677
1791660894.014,325.286,zaino_sync_iteration_duration_seconds_sum,0.06168145700000001
1791660894.014,325.286,zaino_sync_iteration_duration_seconds_count,615.0
1791660894.014,325.286,"zaino_sync_block_build_seconds{quantile=""0.5""}",0.00033636959021167905
1791660894.014,325.286,"zaino_sync_block_build_seconds{quantile=""0.9""}",0.00043381168185417115
1791660894.014,325.286,"zaino_sync_block_build_seconds{quantile=""0.95""}",0.0004648015439970059
1791660894.014,325.286,"zaino_sync_block_build_seconds{quantile=""0.99""}",0.0005289058971321279
1791660894.014,325.286,"zaino_sync_block_build_seconds{quantile=""0.999""}",0.0005653305068735971
1791660894.014,325.286,"zaino_sync_block_build_seconds{quantile=""1""}",0.090476468
1791660894.014,325.286,zaino_sync_block_build_seconds_sum,654.6873393050103
1791660894.014,325.286,zaino_sync_block_build_seconds_count,1512442.0
1791660896.014,327.286,"zaino_grpc_requests_total{method=""get_lightd_info""}",65.0
1791660896.014,327.286,"zaino_grpc_requests_total{method=""get_block""}",130.0
1791660896.014,327.286,zaino_sync_iterations_total,619.0
1791660896.014,327.286,"zaino_grpc_request_duration_seconds{method=""get_block"",quantile=""0.9""}",0.0004026269806197458
1791660896.014,327.286,"zaino_grpc_request_duration_seconds{method=""get_block"",quantile=""0.95""}",0.0004423097936676169
1791660896.014,327.286,"zaino_grpc_request_duration_seconds_sum{method=""get_block""}",0.02736147000000001
1791660896.014,327.286,"zaino_grpc_request_duration_seconds_count{method=""get_block""}",130.0
1791660896.014,327.286,"zaino_grpc_request_duration_seconds{method=""get_lightd_info"",quantile=""0""}",0.002737458
1791660896.014,327.286,"zaino_grpc_request_duration_seconds{method=""get_lightd_info"",quantile=""0.5""}",0.0034138997346032647
1791660896.014,327.286,"zaino_grpc_request_duration_seconds{method=""get_lightd_info"",quantile=""0.9""}",0.0039402936678798635
1791660896.014,327.286,"zaino_grpc_request_duration_seconds{method=""get_lightd_info"",quantile=""0.95""}",0.0039402936678798635
1791660896.014,327.286,"zaino_grpc_request_duration_seconds{method=""get_lightd_info"",quantile=""0.99""}",0.0039402936678798635
1791660896.014,327.286,"zaino_grpc_request_duration_seconds{method=""get_lightd_info"",quantile=""0.999""}",0.0039402936678798635
1791660896.014,327.286,"zaino_grpc_request_duration_seconds{method=""get_lightd_info"",quantile=""1""}",0.004082047
1791660896.014,327.286,"zaino_grpc_request_duration_seconds_sum{method=""get_lightd_info""}",0.21940344899999997
1791660896.014,327.286,"zaino_grpc_request_duration_seconds_count{method=""get_lightd_info""}",65.0
1791660896.014,327.286,"zaino_sync_iteration_duration_seconds{quantile=""0.5""}",7.570244975915253e-05
1791660896.014,327.286,"zaino_sync_iteration_duration_seconds{quantile=""0.9""}",0.00012173061418991169
1791660896.014,327.286,zaino_sync_iteration_duration_seconds_sum,0.06201386700000001
1791660896.014,327.286,zaino_sync_iteration_duration_seconds_count,619.0
1791660896.014,327.286,"zaino_sync_block_build_seconds{quantile=""0.5""}",0.00037174588895088587
1791660896.014,327.286,"zaino_sync_block_build_seconds{quantile=""0.9""}",0.11644921635051256
1791660896.014,327.286,"zaino_sync_block_build_seconds{quantile=""0.95""}",0.11644921635051256
1791660896.014,327.286,"zaino_sync_block_build_seconds{quantile=""0.99""}",0.11644921635051256
1791660896.014,327.286,"zaino_sync_block_build_seconds{quantile=""0.999""}",0.11644921635051256
1791660896.014,327.286,"zaino_sync_block_build_seconds{quantile=""1""}",0.116451238
1791660896.014,327.286,zaino_sync_block_build_seconds_sum,658.5957823520087
1791660896.014,327.286,zaino_sync_block_build_seconds_count,1516615.0
1791660898.014,329.286,zaino_sync_iterations_total,623.0
1791660898.014,329.286,zaino_sync_iteration_duration_seconds_sum,0.062330701
1791660898.014,329.286,zaino_sync_iteration_duration_seconds_count,623.0
1791660898.014,329.286,"zaino_sync_block_write_seconds{quantile=""0.5""}",7.230440793449505
1791660898.014,329.286,"zaino_sync_block_write_seconds{quantile=""0.9""}",7.230440793449505
1791660898.014,329.286,"zaino_sync_block_write_seconds{quantile=""0.95""}",7.230440793449505
1791660898.014,329.286,"zaino_sync_block_write_seconds{quantile=""0.99""}",7.230440793449505
1791660898.014,329.286,"zaino_sync_block_write_seconds{quantile=""0.999""}",7.230440793449505
1791660898.014,329.286,"zaino_sync_block_write_seconds{quantile=""1""}",7.38507127
1791660898.014,329.286,zaino_sync_block_write_seconds_sum,90.523459564
1791660898.014,329.286,zaino_sync_block_write_seconds_count,15.0
1791660898.014,329.286,"zaino_sync_block_build_seconds{quantile=""0.5""}",0.00036716470197201877
1791660898.014,329.286,zaino_sync_block_build_seconds_sum,662.4403886300088
1791660898.014,329.286,zaino_sync_block_build_seconds_count,1523882.0
1791660900.015,331.286,zaino_sync_iterations_total,627.0
1791660900.015,331.286,"zaino_sync_iteration_duration_seconds{quantile=""0.9""}",0.0001216332686416464
1791660900.015,331.286,zaino_sync_iteration_duration_seconds_sum,0.062615368
1791660900.015,331.286,zaino_sync_iteration_duration_seconds_count,627.0
1791660900.015,331.286,"zaino_sync_block_build_seconds{quantile=""0.5""}",0.0003558860254972973
1791660900.015,331.286,"zaino_sync_block_build_seconds{quantile=""0.9""}",0.002061131808171234
1791660900.015,331.286,zaino_sync_block_build_seconds_sum,666.121308065008
1791660900.015,331.286,zaino_sync_block_build_seconds_count,1538830.0
1791660902.015,333.287,"zaino_grpc_requests_total{method=""get_block""}",132.0
1791660902.015,333.287,"zaino_grpc_requests_total{method=""get_lightd_info""}",66.0
1791660902.015,333.287,zaino_sync_iterations_total,631.0
1791660902.015,333.287,zaino_sync_finalized_height,1550018.0
1791660902.015,333.287,"zaino_grpc_request_duration_seconds{method=""get_block"",quantile=""0.9""}",0.0004222554771993336
1791660902.015,333.287,"zaino_grpc_request_duration_seconds_sum{method=""get_block""}",0.02779667800000001
1791660902.015,333.287,"zaino_grpc_request_duration_seconds_count{method=""get_block""}",132.0
1791660902.015,333.287,"zaino_grpc_request_duration_seconds{method=""get_lightd_info"",quantile=""0.5""}",0.0033489781015402027
1791660902.015,333.287,"zaino_grpc_request_duration_seconds_sum{method=""get_lightd_info""}",0.22275215999999998
1791660902.015,333.287,"zaino_grpc_request_duration_seconds_count{method=""get_lightd_info""}",66.0
1791660902.015,333.287,"zaino_sync_iteration_duration_seconds{quantile=""0.5""}",7.487428606002035e-05
1791660902.015,333.287,zaino_sync_iteration_duration_seconds_sum,0.06289703800000002
1791660902.015,333.287,zaino_sync_iteration_duration_seconds_count,631.0
1791660902.015,333.287,"zaino_sync_block_build_seconds{quantile=""0.5""}",0.0003436454737504766
1791660902.015,333.287,"zaino_sync_block_build_seconds{quantile=""0.9""}",0.0005108165519968564
1791660902.015,333.287,zaino_sync_block_build_seconds_sum,669.7104321520075
1791660902.015,333.287,zaino_sync_block_build_seconds_count,1554132.0
1791660904.015,335.287,zaino_sync_iterations_total,635.0
1791660904.015,335.287,"zaino_sync_iteration_duration_seconds{quantile=""0.999""}",0.00025023751461956885
1791660904.015,335.287,"zaino_sync_iteration_duration_seconds{quantile=""1""}",0.000296187
1791660904.015,335.287,zaino_sync_iteration_duration_seconds_sum,0.06345693900000003
1791660904.015,335.287,zaino_sync_iteration_duration_seconds_count,635.0
1791660904.015,335.287,"zaino_sync_block_build_seconds{quantile=""0.5""}",0.00034536800386164574
1791660904.015,335.287,"zaino_sync_block_build_seconds{quantile=""0.9""}",0.0005003013053523339
1791660904.015,335.287,"zaino_sync_block_build_seconds{quantile=""0.95""}",0.060078693703929
1791660904.015,335.287,zaino_sync_block_build_seconds_sum,674.3637669780068
1791660904.015,335.287,zaino_sync_block_build_seconds_count,1566881.0
1791660906.015,337.287,"zaino_grpc_requests_total{method=""get_block""}",134.0
1791660906.015,337.287,"zaino_grpc_requests_total{method=""get_lightd_info""}",67.0
1791660906.015,337.287,zaino_sync_iterations_total,639.0
1791660906.015,337.287,"zaino_grpc_request_duration_seconds{method=""get_block"",quantile=""0.5""}",0.00017143608656571986
1791660906.015,337.287,"zaino_grpc_request_duration_seconds{method=""get_block"",quantile=""0.9""}",0.0004026269806197458
1791660906.015,337.287,"zaino_grpc_request_duration_seconds{method=""get_block"",quantile=""0.95""}",0.0004222554771993336
1791660906.015,337.287,"zaino_grpc_request_duration_seconds_sum{method=""get_block""}",0.02826034600000001
1791660906.015,337.287,"zaino_grpc_request_duration_seconds_count{method=""get_block""}",134.0
1791660906.015,337.287,"zaino_grpc_request_duration_seconds_sum{method=""get_lightd_info""}",0.22573064499999998
1791660906.015,337.287,"zaino_grpc_request_duration_seconds_count{method=""get_lightd_info""}",67.0
1791660906.015,337.287,zaino_sync_iteration_duration_seconds_sum,0.06376987100000003
1791660906.015,337.287,zaino_sync_iteration_duration_seconds_count,639.0
1791660906.015,337.287,"zaino_sync_block_build_seconds{quantile=""0.5""}",0.0003377853134329391
1791660906.015,337.287,"zaino_sync_block_build_seconds{quantile=""0.9""}",0.0004715431090274121
1791660906.015,337.287,"zaino_sync_block_build_seconds{quantile=""0.95""}",0.0010779437069296592
1791660906.015,337.287,zaino_sync_block_build_seconds_sum,678.0558004190055
1791660906.015,337.287,zaino_sync_block_build_seconds_count,1581928.0
1791660908.015,339.287,zaino_sync_iterations_total,643.0
1791660908.015,339.287,"zaino_sync_iteration_duration_seconds{quantile=""0.5""}",7.445616189704404e-05
1791660908.015,339.287,zaino_sync_iteration_duration_seconds_sum,0.06406826500000004
1791660908.015,339.287,zaino_sync_iteration_duration_seconds_count,643.0
1791660908.015,339.287,"zaino_sync_block_write_seconds{quantile=""0""}",7.230498359
1791660908.015,339.287,"zaino_sync_block_build_seconds{quantile=""0.5""}",0.0003367734760042884
1791660908.015,339.287,"zaino_sync_block_build_seconds{quantile=""0.9""}",0.0004587064795215462
1791660908.015,339.287,"zaino_sync_block_build_seconds{quantile=""0.95""}",0.0006299311504401747
1791660908.015,339.287,zaino_sync_block_build_seconds_sum,682.4861692570032
1791660908.015,339.287,zaino_sync_block_build_seconds_count,1595655.0
1791660910.015,341.287,zaino_sync_sapling_outputs_total,107795.0
1791660910.015,341.287,zaino_sync_iterations_total,647.0
1791660910.015,341.287,zaino_sync_transactions_total,2004190.0
1791660910.015,341.287,zaino_sync_last_block_written_at,1791660908.7179844
1791660910.015,341.287,zaino_db_tip_height,1499999.0
1791660910.015,341.287,"zaino_sync_iteration_duration_seconds{quantile=""0.5""}",7.375955316329326e-05
1791660910.015,341.287,"zaino_sync_iteration_duration_seconds{quantile=""0.95""}",0.00015138261764990435
1791660910.015,341.287,zaino_sync_iteration_duration_seconds_sum,0.06441102200000005
1791660910.015,341.287,zaino_sync_iteration_duration_seconds_count,647.0
1791660910.015,341.287,"zaino_sync_block_build_seconds{quantile=""0.5""}",0.00033920699519592723
1791660910.015,341.287,"zaino_sync_block_build_seconds{quantile=""0.9""}",0.0004576984345193193
1791660910.015,341.287,"zaino_sync_block_build_seconds{quantile=""0.95""}",0.0006062003416824453
1791660910.015,341.287,zaino_sync_block_build_seconds_sum,686.976922600007
1791660910.015,341.287,zaino_sync_block_build_seconds_count,1607254.0
1791660912.016,343.287,"zaino_grpc_requests_total{method=""get_lightd_info""}",68.0
1791660912.016,343.287,"zaino_grpc_requests_total{method=""get_block""}",136.0
1791660912.016,343.287,zaino_sync_iterations_total,651.0
1791660912.016,343.287,zaino_sync_finalized_height,1613772.0
1791660912.016,343.287,"zaino_grpc_request_duration_seconds{method=""get_block"",quantile=""0.9""}",0.0004222554771993336
1791660912.016,343.287,"zaino_grpc_request_duration_seconds{method=""get_block"",quantile=""0.95""}",0.0004336381918811591
1791660912.016,343.287,"zaino_grpc_request_duration_seconds_sum{method=""get_block""}",0.02871044500000001
1791660912.016,343.287,"zaino_grpc_request_duration_seconds_count{method=""get_block""}",136.0
1791660912.016,343.287,"zaino_grpc_request_duration_seconds{method=""get_lightd_info"",quantile=""0.5""}",0.003174198802422652
1791660912.016,343.287,"zaino_grpc_request_duration_seconds{method=""get_lightd_info"",quantile=""0.9""}",0.003437880868872481
1791660912.016,343.287,"zaino_grpc_request_duration_seconds_sum{method=""get_lightd_info""}",0.22847020999999998
1791660912.016,343.287,"zaino_grpc_request_duration_seconds_count{method=""get_lightd_info""}",68.0
1791660912.016,343.287,"zaino_sync_iteration_duration_seconds{quantile=""0.5""}",7.487428606002035e-05
1791660912.016,343.287,"zaino_sync_iteration_duration_seconds{quantile=""0.9""}",0.00011749673227836528
1791660912.016,343.287,"zaino_sync_iteration_duration_seconds{quantile=""0.95""}",0.00013727833721700064
1791660912.016,343.287,"zaino_sync_iteration_duration_seconds{quantile=""0.99""}",0.00025023751461956885
1791660912.016,343.287,zaino_sync_iteration_duration_seconds_sum,0.06492473500000005
1791660912.016,343.287,zaino_sync_iteration_duration_seconds_count,651.0
1791660912.016,343.287,"zaino_sync_block_build_seconds{quantile=""0""}",0.000106442
1791660912.016,343.287,"zaino_sync_block_build_seconds{quantile=""0.5""}",0.00034557528684332956
1791660912.016,343.287,"zaino_sync_block_build_seconds{quantile=""0.9""}",0.00045596248086323613
1791660912.016,343.287,"zaino_sync_block_build_seconds{quantile=""0.95""}",0.0005632989759917208
1791660912.016,343.287,zaino_sync_block_build_seconds_sum,691.0441231220028
1791660912.016,343.287,zaino_sync_block_build_seconds_count,1613960.0
1791660914.016,345.288,zaino_sync_iterations_total,656.0
1791660914.016,345.288,"zaino_grpc_request_duration_seconds{method=""get_block"",quantile=""0""}",1.2978e-05
1791660914.016,345.288,"zaino_grpc_request_duration_seconds{method=""get_block"",quantile=""0.9""}",0.0004026269806197458
1791660914.016,345.288,"zaino_grpc_request_duration_seconds{method=""get_block"",quantile=""0.95""}",0.0004222554771993336
1791660914.016,345.288,"zaino_grpc_request_duration_seconds{method=""get_block"",quantile=""0.99""}",0.0004222554771993336
1791660914.016,345.288,"zaino_grpc_request_duration_seconds{method=""get_block"",quantile=""0.999""}",0.0004222554771993336
1791660914.016,345.288,"zaino_grpc_request_duration_seconds{method=""get_block"",quantile=""1""}",0.000433675
1791660914.016,345.288,"zaino_grpc_request_duration_seconds{method=""get_lightd_info"",quantile=""0.5""}",0.0033489781015402027
1791660914.016,345.288,"zaino_grpc_request_duration_seconds{method=""get_lightd_info"",quantile=""0.9""}",0.0039402936678798635
1791660914.016,345.288,"zaino_sync_iteration_duration_seconds{quantile=""0""}",3.054e-05
1791660914.016,345.288,"zaino_sync_iteration_duration_seconds{quantile=""0.5""}",7.445616189704404e-05
1791660914.016,345.288,"zaino_sync_iteration_duration_seconds{quantile=""0.9""}",0.00011684058948994575
1791660914.016,345.288,"zaino_sync_iteration_duration_seconds{quantile=""0.95""}",0.00013290180180291063
1791660914.016,345.288,zaino_sync_iteration_duration_seconds_sum,0.06527140100000005
1791660914.016,345.288,zaino_sync_iteration_duration_seconds_count,656.0
1791660914.016,345.288,"zaino_sync_block_build_seconds{quantile=""0.5""}",0.0003452989371675428
1791660914.016,345.288,"zaino_sync_block_build_seconds{quantile=""0.9""}",0.0004571495258071627
1791660914.016,345.288,"zaino_sync_block_build_seconds{quantile=""0.95""}",0.0005660093106849385
1791660914.016,345.288,zaino_sync_block_build_seconds_sum,697.0903014360035
1791660914.016,345.288,zaino_sync_block_build_seconds_count,1616237.0
1791660916.055,347.327,"zaino_grpc_requests_total{method=""get_block""}",138.0
1791660916.055,347.327,"zaino_grpc_requests_total{method=""get_lightd_info""}",69.0
1791660916.055,347.327,zaino_sync_iterations_total,658.0
1791660916.055,347.327,"zaino_grpc_request_duration_seconds{method=""get_block"",quantile=""0""}",1.0022e-05
1791660916.055,347.327,"zaino_grpc_request_duration_seconds_sum{method=""get_block""}",0.02905030800000001
1791660916.055,347.327,"zaino_grpc_request_duration_seconds_count{method=""get_block""}",138.0
1791660916.055,347.327,"zaino_grpc_request_duration_seconds{method=""get_lightd_info"",quantile=""0""}",0.002566822
1791660916.055,347.327,"zaino_grpc_request_duration_seconds_sum{method=""get_lightd_info""}",0.23103703199999998
1791660916.055,347.327,"zaino_grpc_request_duration_seconds_count{method=""get_lightd_info""}",69.0
1791660916.055,347.327,"zaino_sync_iteration_duration_seconds{quantile=""0.5""}",7.487428606002035e-05
1791660916.055,347.327,zaino_sync_iteration_duration_seconds_sum,0.06542567400000004
1791660916.055,347.327,zaino_sync_iteration_duration_seconds_count,658.0
1791660916.055,347.327,"zaino_sync_block_build_seconds{quantile=""0.5""}",0.00034516084521244784
1791660916.055,347.327,"zaino_sync_block_build_seconds{quantile=""0.9""}",0.0004567839524341446
1791660916.055,347.327,"zaino_sync_block_build_seconds{quantile=""0.95""}",0.0005640881468514437
1791660916.055,347.327,zaino_sync_block_build_seconds_sum,699.1013501690009
1791660916.055,347.327,zaino_sync_block_build_seconds_count,1617335.0
1791660918.055,349.327,zaino_sync_iterations_total,662.0
1791660918.055,349.327,"zaino_sync_iteration_duration_seconds{quantile=""0.5""}",7.617326296198685e-05
1791660918.055,349.327,"zaino_sync_iteration_duration_seconds{quantile=""0.9""}",0.00011749673227836528
1791660918.055,349.327,"zaino_sync_iteration_duration_seconds{quantile=""0.95""}",0.00013727833721700064
1791660918.055,349.327,zaino_sync_iteration_duration_seconds_sum,0.06587365200000005
1791660918.055,349.327,zaino_sync_iteration_duration_seconds_count,662.0
1791660918.055,349.327,"zaino_sync_block_write_seconds{quantile=""0.5""}",7.385362506655906
1791660918.055,349.327,"zaino_sync_block_write_seconds{quantile=""0.9""}",7.385362506655906
1791660918.055,349.327,"zaino_sync_block_write_seconds{quantile=""0.95""}",7.385362506655906
1791660918.055,349.327,"zaino_sync_block_write_seconds{quantile=""0.99""}",7.385362506655906
1791660918.055,349.327,"zaino_sync_block_write_seconds{quantile=""0.999""}",7.385362506655906
1791660918.055,349.327,"zaino_sync_block_write_seconds{quantile=""1""}",7.912433491
1791660918.055,349.327,zaino_sync_block_write_seconds_sum,98.43589305500001
1791660918.055,349.327,zaino_sync_block_write_seconds_count,16.0
1791660918.055,349.327,"zaino_sync_block_build_seconds{quantile=""0""}",0.000106441
1791660918.055,349.327,"zaino_sync_block_build_seconds{quantile=""0.5""}",0.0003366387935517241
1791660918.055,349.327,"zaino_sync_block_build_seconds{quantile=""0.9""}",0.0004434612954386143
1791660918.055,349.327,"zaino_sync_block_build_seconds{quantile=""0.95""}",0.0004987028999824426
1791660918.055,349.327,"zaino_sync_block_build_seconds{quantile=""0.99""}",0.009127166156652617
1791660918.055,349.327,zaino_sync_block_build_seconds_sum,702.7181755290063
1791660918.055,349.327,zaino_sync_block_build_seconds_count,1629166.0
1791660920.055,351.327,zaino_sync_iterations_total,666.0
1791660920.055,351.327,zaino_sync_iteration_duration_seconds_sum,0.06623724900000005
1791660920.055,351.327,zaino_sync_iteration_duration_seconds_count,666.0
1791660920.055,351.327,"zaino_sync_block_build_seconds{quantile=""0.5""}",0.0003397501608066645
1791660920.055,351.327,"zaino_sync_block_build_seconds{quantile=""0.9""}",0.0004408084940197958
1791660920.055,351.327,"zaino_sync_block_build_seconds{quantile=""0.95""}",0.000491769704966505
1791660920.055,351.327,"zaino_sync_block_build_seconds{quantile=""0.99""}",0.00866814886967989
1791660920.055,351.327,zaino_sync_block_build_seconds_sum,707.4644122150095
1791660920.055,351.327,zaino_sync_block_build_seconds_count,1642589.0
1791660922.057,353.329,"zaino_grpc_requests_total{method=""get_lightd_info""}",70.0
1791660922.057,353.329,"zaino_grpc_requests_total{method=""get_block""}",140.0
1791660922.057,353.329,zaino_sync_iterations_total,669.0
1791660922.057,353.329,zaino_sync_finalized_height,1652952.0
1791660922.057,353.329,"zaino_grpc_request_duration_seconds{method=""get_block"",quantile=""0.9""}",0.0004222554771993336
1791660922.057,353.329,"zaino_grpc_request_duration_seconds{method=""get_block"",quantile=""0.95""}",0.0004336381918811591
1791660922.057,353.329,"zaino_grpc_request_duration_seconds{method=""get_block"",quantile=""0.99""}",0.0004336381918811591
1791660922.057,353.329,"zaino_grpc_request_duration_seconds{method=""get_block"",quantile=""0.999""}",0.0004336381918811591
1791660922.057,353.329,"zaino_grpc_request_duration_seconds{method=""get_block"",quantile=""1""}",0.000532237
1791660922.057,353.329,"zaino_grpc_request_duration_seconds_sum{method=""get_block""}",0.029597408000000013
1791660922.057,353.329,"zaino_grpc_request_duration_seconds_count{method=""get_block""}",140.0
1791660922.057,353.329,"zaino_grpc_request_duration_seconds{method=""get_lightd_info"",quantile=""0.5""}",0.003214446736976258
1791660922.057,353.329,"zaino_grpc_request_duration_seconds_sum{method=""get_lightd_info""}",0.23425167799999996
1791660922.057,353.329,"zaino_grpc_request_duration_seconds_count{method=""get_lightd_info""}",70.0
1791660922.057,353.329,zaino_sync_iteration_duration_seconds_sum,0.06645066400000005
1791660922.057,353.329,zaino_sync_iteration_duration_seconds_count,669.0
1791660922.057,353.329,"zaino_sync_block_build_seconds{quantile=""0.5""}",0.00033489281529716603
1791660922.057,353.329,"zaino_sync_block_build_seconds{quantile=""0.9""}",0.00043520210272764457
1791660922.057,353.329,"zaino_sync_block_build_seconds{quantile=""0.95""}",0.000478286788002901
1791660922.057,353.329,"zaino_sync_block_build_seconds{quantile=""0.99""}",0.001333564259280602
1791660922.057,353.329,"zaino_sync_block_build_seconds{quantile=""0.999""}",0.009595125973909532
1791660922.057,353.329,zaino_sync_block_build_seconds_sum,711.1936990150149
1791660922.057,353.329,zaino_sync_block_build_seconds_count,1657267.0
1791660924.057,355.329,zaino_sync_iterations_total,673.0
1791660924.057,355.329,"zaino_sync_iteration_duration_seconds{quantile=""0.5""}",7.487428606002035e-05
1791660924.057,355.329,zaino_sync_iteration_duration_seconds_sum,0.06673499600000003
1791660924.057,355.329,zaino_sync_iteration_duration_seconds_count,673.0
1791660924.057,355.329,"zaino_sync_block_build_seconds{quantile=""0""}",0.000105898
1791660924.057,355.329,"zaino_sync_block_build_seconds{quantile=""0.5""}",0.00032937948181667725
1791660924.057,355.329,"zaino_sync_block_build_seconds{quantile=""0.9""}",0.0004295810911113122
1791660924.057,355.329,"zaino_sync_block_build_seconds{quantile=""0.95""}",0.0004670379545069636
1791660924.057,355.329,"zaino_sync_block_build_seconds{quantile=""0.99""}",0.0008033661030866103
1791660924.057,355.329,"zaino_sync_block_build_seconds{quantile=""0.999""}",0.00684730577488273
1791660924.057,355.329,zaino_sync_block_build_seconds_sum,714.9082404130207
1791660924.057,355.329,zaino_sync_block_build_seconds_count,1672264.0
1791660926.057,357.329,"zaino_grpc_requests_total{method=""get_block""}",142.0
1791660926.057,357.329,"zaino_grpc_requests_total{method=""get_lightd_info""}",71.0
1791660926.057,357.329,zaino_sync_iterations_total,677.0
1791660926.057,357.329,"zaino_grpc_request_duration_seconds{method=""get_block"",quantile=""0.9""}",0.0004026269806197458
1791660926.057,357.329,"zaino_grpc_request_duration_seconds{method=""get_block"",quantile=""0.95""}",0.0004222554771993336
1791660926.057,357.329,"zaino_grpc_request_duration_seconds_sum{method=""get_block""}",0.029902414000000013
1791660926.057,357.329,"zaino_grpc_request_duration_seconds_count{method=""get_block""}",142.0
1791660926.057,357.329,"zaino_grpc_request_duration_seconds_sum{method=""get_lightd_info""}",0.23701624599999996
1791660926.057,357.329,"zaino_grpc_request_duration_seconds_count{method=""get_lightd_info""}",71.0
1791660926.057,357.329,"zaino_sync_iteration_duration_seconds{quantile=""0.5""}",7.445616189704404e-05
1791660926.057,357.329,"zaino_sync_iteration_duration_seconds{quantile=""0.95""}",0.00013290180180291063
1791660926.057,357.329,"zaino_sync_iteration_duration_seconds{quantile=""0.99""}",0.0002488401009432407
1791660926.057,357.329,zaino_sync_iteration_duration_seconds_sum,0.06704538600000003
1791660926.057,357.329,zaino_sync_iteration_duration_seconds_count,677.0
1791660926.057,357.329,"zaino_sync_block_build_seconds{quantile=""0.5""}",0.0003229219089936559
1791660926.057,357.329,"zaino_sync_block_build_seconds{quantile=""0.9""}",0.0004228470488729328
1791660926.057,357.329,"zaino_sync_block_build_seconds{quantile=""0.95""}",0.00045459664319697104
1791660926.057,357.329,"zaino_sync_block_build_seconds{quantile=""0.99""}",0.0005476358331138467
1791660926.057,357.329,"zaino_sync_block_build_seconds{quantile=""0.999""}",0.0007675553000565072
1791660926.057,357.329,zaino_sync_block_build_seconds_sum,718.7468274000229
1791660926.057,357.329,zaino_sync_block_build_seconds_count,1688215.0
1791660928.057,359.329,zaino_sync_sapling_outputs_total,109606.0
1791660928.057,359.329,zaino_sync_iterations_total,681.0
1791660928.057,359.329,zaino_sync_transactions_total,2121131.0
1791660928.057,359.329,zaino_db_tip_height,1599999.0
1791660928.057,359.329,zaino_sync_last_block_written_at,1791660927.7587173
1791660928.057,359.329,"zaino_sync_iteration_duration_seconds{quantile=""0.5""}",7.36563620391621e-05
1791660928.057,359.329,zaino_sync_iteration_duration_seconds_sum,0.06728172200000003
1791660928.057,359.329,zaino_sync_iteration_duration_seconds_count,681.0
1791660928.057,359.329,"zaino_sync_block_write_seconds{quantile=""0""}",7.38507127
1791660928.057,359.329,"zaino_sync_block_build_seconds{quantile=""0""}",0.000104716
1791660928.057,359.329,"zaino_sync_block_build_seconds{quantile=""0.5""}",0.00032454056180385323
1791660928.057,359.329,"zaino_sync_block_build_seconds{quantile=""0.9""}",0.00042259341674001253
1791660928.057,359.329,"zaino_sync_block_build_seconds{quantile=""0.95""}",0.0004547785182274375
1791660928.057,359.329,"zaino_sync_block_build_seconds{quantile=""0.99""}",0.0005502708039925431
1791660928.057,359.329,"zaino_sync_block_build_seconds{quantile=""0.999""}",0.0007744944772380807
1791660928.057,359.329,zaino_sync_block_build_seconds_sum,723.1981865880261
1791660928.057,359.329,zaino_sync_block_build_seconds_count,1701299.0
1791660930.058,361.329,zaino_sync_iterations_total,685.0
1791660930.058,361.329,"zaino_sync_iteration_duration_seconds{quantile=""0.5""}",7.375955316329326e-05
1791660930.058,361.329,zaino_sync_iteration_duration_seconds_sum,0.06764226000000002
1791660930.058,361.329,zaino_sync_iteration_duration_seconds_count,685.0
1791660930.058,361.329,"zaino_sync_block_build_seconds{quantile=""0.5""}",0.0003260368873032676
1791660930.058,361.329,"zaino_sync_block_build_seconds{quantile=""0.9""}",0.0004212432791741666
1791660930.058,361.329,"zaino_sync_block_build_seconds{quantile=""0.95""}",0.00045214843742028113
1791660930.058,361.329,"zaino_sync_block_build_seconds{quantile=""0.99""}",0.0005323017500231743
1791660930.058,361.329,"zaino_sync_block_build_seconds{quantile=""0.999""}",0.0006451033448128703
1791660930.058,361.329,zaino_sync_block_build_seconds_sum,727.5643587470292
1791660930.058,361.329,zaino_sync_block_build_seconds_count,1713444.0
1791660932.058,363.330,zaino_sync_iterations_total,689.0
1791660932.058,363.330,"zaino_grpc_requests_total{method=""get_block""}",144.0
1791660932.058,363.330,"zaino_grpc_requests_total{method=""get_lightd_info""}",72.0
1791660932.058,363.330,zaino_sync_finalized_height,1713868.0
1791660932.058,363.330,"zaino_grpc_request_duration_seconds_sum{method=""get_block""}",0.03027666500000001
1791660932.058,363.330,"zaino_grpc_request_duration_seconds_count{method=""get_block""}",144.0
1791660932.058,363.330,"zaino_grpc_request_duration_seconds{method=""get_lightd_info"",quantile=""0""}",0.002562554
1791660932.058,363.330,"zaino_grpc_request_duration_seconds{method=""get_lightd_info"",quantile=""0.5""}",0.0029786055495088174
1791660932.058,363.330,"zaino_grpc_request_duration_seconds{method=""get_lightd_info"",quantile=""0.9""}",0.003416631947139353
1791660932.058,363.330,"zaino_grpc_request_duration_seconds_sum{method=""get_lightd_info""}",0.23957879999999995
1791660932.058,363.330,"zaino_grpc_request_duration_seconds_count{method=""get_lightd_info""}",72.0
1791660932.058,363.330,"zaino_sync_iteration_duration_seconds{quantile=""0.5""}",7.237135132749095e-05
1791660932.058,363.330,"zaino_sync_iteration_duration_seconds{quantile=""0.9""}",0.0001182984327529272
1791660932.058,363.330,"zaino_sync_iteration_duration_seconds{quantile=""0.95""}",0.00013727833721700064
1791660932.058,363.330,"zaino_sync_iteration_duration_seconds{quantile=""0.999""}",0.0002488401009432407
1791660932.058,363.330,zaino_sync_iteration_duration_seconds_sum,0.06791676900000003
1791660932.058,363.330,zaino_sync_iteration_duration_seconds_count,689.0
1791660932.058,363.330,"zaino_sync_block_build_seconds{quantile=""0.5""}",0.0003148859551370016
1791660932.058,363.330,"zaino_sync_block_build_seconds{quantile=""0.9""}",0.00040781373037114657
1791660932.058,363.330,"zaino_sync_block_build_seconds{quantile=""0.95""}",0.0004507038749483692
1791660932.058,363.330,"zaino_sync_block_build_seconds{quantile=""0.99""}",0.0018178513976508754
1791660932.058,363.330,"zaino_sync_block_build_seconds{quantile=""0.999""}",0.020361691361593794
1791660932.058,363.330,zaino_sync_block_build_seconds_sum,732.3632650170292
1791660932.058,363.330,zaino_sync_block_build_seconds_count,1714575.0
1791660934.058,365.330,zaino_sync_iterations_total,692.0
1791660934.058,365.330,zaino_sync_iteration_duration_seconds_sum,0.06825041500000002
1791660934.058,365.330,zaino_sync_iteration_duration_seconds_count,692.0
1791660934.058,365.330,"zaino_sync_block_build_seconds{quantile=""0.5""}",0.0003150749434015237
1791660934.058,365.330,"zaino_sync_block_build_seconds{quantile=""0.9""}",0.000408957208942925
1791660934.058,365.330,"zaino_sync_block_build_seconds{quantile=""0.95""}",0.00045405145440201734
1791660934.058,365.330,"zaino_sync_block_build_seconds{quantile=""0.99""}",0.0036614353961979358
1791660934.058,365.330,"zaino_sync_block_build_seconds{quantile=""0.999""}",0.023281411709065808
1791660934.058,365.330,zaino_sync_block_build_seconds_sum,735.5488229990298
1791660934.058,365.330,zaino_sync_block_build_seconds_count,1716093.0
1791660936.058,367.330,"zaino_grpc_requests_total{method=""get_block""}",146.0
1791660936.058,367.330,"zaino_grpc_requests_total{method=""get_lightd_info""}",73.0
1791660936.058,367.330,zaino_sync_iterations_total,696.0
1791660936.058,367.330,"zaino_grpc_request_duration_seconds{method=""get_block"",quantile=""0.9""}",0.0004222554771993336
1791660936.058,367.330,"zaino_grpc_request_duration_seconds{method=""get_block"",quantile=""0.95""}",0.0004336381918811591
1791660936.058,367.330,"zaino_grpc_request_duration_seconds_sum{method=""get_block""}",0.030660448000000014
1791660936.058,367.330,"zaino_grpc_request_duration_seconds_count{method=""get_block""}",146.0
1791660936.058,367.330,"zaino_grpc_request_duration_seconds{method=""get_lightd_info"",quantile=""0.5""}",0.0027644874700702383
1791660936.058,367.330,"zaino_grpc_request_duration_seconds{method=""get_lightd_info"",quantile=""0.9""}",0.0033489781015402027
1791660936.058,367.330,"zaino_grpc_request_duration_seconds{method=""get_lightd_info"",quantile=""0.95""}",0.0033489781015402027
1791660936.058,367.330,"zaino_grpc_request_duration_seconds{method=""get_lightd_info"",quantile=""0.99""}",0.0033489781015402027
1791660936.058,367.330,"zaino_grpc_request_duration_seconds{method=""get_lightd_info"",quantile=""0.999""}",0.0033489781015402027
1791660936.058,367.330,"zaino_grpc_request_duration_seconds_sum{method=""get_lightd_info""}",0.24233610499999994
1791660936.058,367.330,"zaino_grpc_request_duration_seconds_count{method=""get_lightd_info""}",73.0
1791660936.058,367.330,zaino_sync_iteration_duration_seconds_sum,0.06854625300000002
1791660936.058,367.330,zaino_sync_iteration_duration_seconds_count,696.0
1791660936.058,367.330,"zaino_sync_block_write_seconds{quantile=""0""}",7.371111878
1791660936.058,367.330,zaino_sync_block_write_seconds_sum,105.807004933
1791660936.058,367.330,zaino_sync_block_write_seconds_count,17.0
1791660936.058,367.330,"zaino_sync_block_build_seconds{quantile=""0.5""}",0.00031281455097910573
1791660936.058,367.330,"zaino_sync_block_build_seconds{quantile=""0.9""}",0.0004082217480777294
1791660936.058,367.330,"zaino_sync_block_build_seconds{quantile=""0.95""}",0.0004536883584950131
1791660936.058,367.330,"zaino_sync_block_build_seconds{quantile=""0.99""}",0.006850045245059322
1791660936.058,367.330,"zaino_sync_block_build_seconds{quantile=""0.999""}",0.023091284718423064
1791660936.058,367.330,zaino_sync_block_build_seconds_sum,739.3134015070264
1791660936.058,367.330,zaino_sync_block_build_seconds_count,1723568.0
1791660938.058,369.330,zaino_sync_iterations_total,700.0
1791660938.058,369.330,"zaino_sync_iteration_duration_seconds{quantile=""0.5""}",7.375955316329326e-05
1791660938.058,369.330,zaino_sync_iteration_duration_seconds_sum,0.06889301100000002
1791660938.058,369.330,zaino_sync_iteration_duration_seconds_count,700.0
1791660938.058,369.330,"zaino_sync_block_build_seconds{quantile=""0.5""}",0.00031501193471371194
1791660938.058,369.330,"zaino_sync_block_build_seconds{quantile=""0.9""}",0.0004101038937413381
1791660938.058,369.330,"zaino_sync_block_build_seconds{quantile=""0.95""}",0.0004542331113133437
1791660938.058,369.330,"zaino_sync_block_build_seconds{quantile=""0.99""}",0.00353550184943342
1791660938.058,369.330,"zaino_sync_block_build_seconds{quantile=""0.999""}",0.022332773456793065
1791660938.058,369.330,zaino_sync_block_build_seconds_sum,743.7626473070272
1791660938.058,369.330,zaino_sync_block_build_seconds_count,1737230.0
1791660940.058,371.330,zaino_sync_iterations_total,704.0
1791660940.058,371.330,"zaino_sync_iteration_duration_seconds{quantile=""0.95""}",0.00014990631369671853
1791660940.058,371.330,zaino_sync_iteration_duration_seconds_sum,0.069285625
1791660940.058,371.330,zaino_sync_iteration_duration_seconds_count,704.0
1791660940.058,371.330,"zaino_sync_block_build_seconds{quantile=""0.5""}",0.00031741514606122153
1791660940.058,371.330,"zaino_sync_block_build_seconds{quantile=""0.9""}",0.00041133605274104975
1791660940.058,371.330,"zaino_sync_block_build_seconds{quantile=""0.99""}",0.0020702207692082464
1791660940.058,371.330,"zaino_sync_block_build_seconds{quantile=""0.999""}",0.021230848907565235
1791660940.058,371.330,zaino_sync_block_build_seconds_sum,747.846996501028
1791660940.058,371.330,zaino_sync_block_build_seconds_count,1750047.0
1791660942.059,373.330,zaino_sync_iterations_total,708.0
1791660942.059,373.330,"zaino_grpc_requests_total{method=""get_lightd_info""}",74.0
1791660942.059,373.330,"zaino_grpc_requests_total{method=""get_block""}",148.0
1791660942.059,373.330,zaino_sync_finalized_height,1759555.0
1791660942.059,373.330,"zaino_grpc_request_duration_seconds_sum{method=""get_block""}",0.030981173000000015
1791660942.059,373.330,"zaino_grpc_request_duration_seconds_count{method=""get_block""}",148.0
1791660942.059,373.330,"zaino_grpc_request_duration_seconds_sum{method=""get_lightd_info""}",0.24539508599999993
1791660942.059,373.330,"zaino_grpc_request_duration_seconds_count{method=""get_lightd_info""}",74.0
1791660942.059,373.330,"zaino_sync_iteration_duration_seconds{quantile=""0.5""}",7.445616189704404e-05
1791660942.059,373.330,zaino_sync_iteration_duration_seconds_sum,0.069583798
1791660942.059,373.330,zaino_sync_iteration_duration_seconds_count,708.0
1791660942.059,373.330,"zaino_sync_block_build_seconds{quantile=""0.5""}",0.0003222767105869905
1791660942.059,373.330,"zaino_sync_block_build_seconds{quantile=""0.9""}",0.00041232444486704613
1791660942.059,373.330,"zaino_sync_block_build_seconds{quantile=""0.95""}",0.00045386987013892465
1791660942.059,373.330,"zaino_sync_block_build_seconds{quantile=""0.99""}",0.0016537662335974522
1791660942.059,373.330,"zaino_sync_block_build_seconds{quantile=""0.999""}",0.02064050197985727
1791660942.059,373.330,zaino_sync_block_build_seconds_sum,752.6539873220283
1791660942.059,373.330,zaino_sync_block_build_seconds_count,1763321.0
1791660944.059,375.331,zaino_sync_iterations_total,712.0
1791660944.059,375.331,"zaino_sync_iteration_duration_seconds{quantile=""0.5""}",7.375955316329326e-05
1791660944.059,375.331,"zaino_sync_iteration_duration_seconds{quantile=""0.9""}",0.00011684058948994575
1791660944.059,375.331,"zaino_sync_iteration_duration_seconds{quantile=""0.95""}",0.00013727833721700064
1791660944.059,375.331,"zaino_sync_iteration_duration_seconds{quantile=""0.99""}",0.0002093506348047582
1791660944.059,375.331,zaino_sync_iteration_duration_seconds_sum,0.069863477
1791660944.059,375.331,zaino_sync_iteration_duration_seconds_count,712.0
1791660944.059,375.331,"zaino_sync_block_build_seconds{quantile=""0.5""}",0.00031964484693955164
1791660944.059,375.331,"zaino_sync_block_build_seconds{quantile=""0.9""}",0.00041051420275676256
1791660944.059,375.331,"zaino_sync_block_build_seconds{quantile=""0.95""}",0.00045079402473833776
1791660944.059,375.331,"zaino_sync_block_build_seconds{quantile=""0.99""}",0.00141546097031205
1791660944.059,375.331,"zaino_sync_block_build_seconds{quantile=""0.999""}",0.020114787899695275
1791660944.059,375.331,zaino_sync_block_build_seconds_sum,756.3588833100354
1791660944.059,375.331,zaino_sync_block_build_seconds_count,1778285.0
1791660946.059,377.331,"zaino_grpc_requests_total{method=""get_lightd_info""}",75.0
1791660946.059,377.331,"zaino_grpc_requests_total{method=""get_block""}",150.0
1791660946.059,377.331,zaino_sync_iterations_total,716.0
1791660946.059,377.331,"zaino_grpc_request_duration_seconds{method=""get_block"",quantile=""0.9""}",0.0003695960034825049
1791660946.059,377.331,"zaino_grpc_request_duration_seconds{method=""get_block"",quantile=""0.95""}",0.0004222554771993336
1791660946.059,377.331,"zaino_grpc_request_duration_seconds_sum{method=""get_block""}",0.031244592000000015
1791660946.059,377.331,"zaino_grpc_request_duration_seconds_count{method=""get_block""}",150.0
1791660946.059,377.331,"zaino_grpc_request_duration_seconds{method=""get_lightd_info"",quantile=""0.5""}",0.0029786055495088174
1791660946.059,377.331,"zaino_grpc_request_duration_seconds_sum{method=""get_lightd_info""}",0.24842196399999994
1791660946.059,377.331,"zaino_grpc_request_duration_seconds_count{method=""get_lightd_info""}",75.0
1791660946.059,377.331,"zaino_sync_iteration_duration_seconds{quantile=""0.5""}",7.402556609154474e-05
1791660946.059,377.331,zaino_sync_iteration_duration_seconds_sum,0.070207602
1791660946.059,377.331,zaino_sync_iteration_duration_seconds_count,716.0
1791660946.059,377.331,"zaino_sync_block_build_seconds{quantile=""0.5""}",0.00032079764217878866
1791660946.059,377.331,"zaino_sync_block_build_seconds{quantile=""0.9""}",0.00041125379375640006
1791660946.059,377.331,"zaino_sync_block_build_seconds{quantile=""0.95""}",0.0004516965149802345
1791660946.059,377.331,"zaino_sync_block_build_seconds{quantile=""0.99""}",0.0012700487070629314
1791660946.059,377.331,"zaino_sync_block_build_seconds{quantile=""0.999""}",0.01978759568663203
1791660946.059,377.331,zaino_sync_block_build_seconds_sum,760.7678579580389
1791660946.059,377.331,zaino_sync_block_build_seconds_count,1792352.0
1791660948.059,379.331,zaino_sync_sapling_outputs_total,109730.0
1791660948.059,379.331,zaino_sync_iterations_total,720.0
1791660948.059,379.331,zaino_sync_transactions_total,2221206.0
1791660948.059,379.331,zaino_db_tip_height,1699999.0
1791660948.059,379.331,zaino_sync_last_block_written_at,1791660947.0740387
1791660948.059,379.331,"zaino_sync_iteration_duration_seconds{quantile=""0.5""}",7.445616189704404e-05
1791660948.059,379.331,"zaino_sync_iteration_duration_seconds{quantile=""0.9""}",0.0001182984327529272
1791660948.059,379.331,"zaino_sync_iteration_duration_seconds{quantile=""0.95""}",0.00013904679391688943
1791660948.059,379.331,zaino_sync_iteration_duration_seconds_sum,0.07060139899999998
1791660948.059,379.331,zaino_sync_iteration_duration_seconds_count,720.0
1791660948.059,379.331,"zaino_sync_block_write_seconds{quantile=""0.5""}",7.370606542476242
1791660948.059,379.331,"zaino_sync_block_write_seconds{quantile=""0.9""}",7.370606542476242
1791660948.059,379.331,"zaino_sync_block_write_seconds{quantile=""0.95""}",7.370606542476242
1791660948.059,379.331,"zaino_sync_block_write_seconds{quantile=""0.99""}",7.370606542476242
1791660948.059,379.331,"zaino_sync_block_write_seconds{quantile=""0.999""}",7.370606542476242
1791660948.059,379.331,"zaino_sync_block_build_seconds{quantile=""0.5""}",0.00031926150317420704
1791660948.059,379.331,"zaino_sync_block_build_seconds{quantile=""0.9""}",0.00041043210812567434
1791660948.059,379.331,"zaino_sync_block_build_seconds{quantile=""0.95""}",0.0004506137431865557
1791660948.059,379.331,"zaino_sync_block_build_seconds{quantile=""0.99""}",0.0012049707003416146
1791660948.059,379.331,"zaino_sync_block_build_seconds{quantile=""0.999""}",0.019704662066985377
1791660948.059,379.331,zaino_sync_block_build_seconds_sum,764.4555953150453
1791660948.059,379.331,zaino_sync_block_build_seconds_count,1806104.0
1791660950.059,381.331,zaino_sync_iterations_total,724.0
1791660950.059,381.331,"zaino_sync_iteration_duration_seconds{quantile=""0.5""}",7.500918114453242e-05
1791660950.059,381.331,"zaino_sync_iteration_duration_seconds{quantile=""0.9""}",0.00011684058948994575
1791660950.059,381.331,zaino_sync_iteration_duration_seconds_sum,0.07094041499999998
1791660950.059,381.331,zaino_sync_iteration_duration_seconds_count,724.0
1791660950.059,381.331,"zaino_sync_block_build_seconds{quantile=""0.5""}",0.00031798700784724265
1791660950.059,381.331,"zaino_sync_block_build_seconds{quantile=""0.9""}",0.00040985790520821304
1791660950.059,381.331,"zaino_sync_block_build_seconds{quantile=""0.95""}",0.0004503434560339973
1791660950.059,381.331,"zaino_sync_block_build_seconds{quantile=""0.99""}",0.0012334995000237315
1791660950.059,381.331,"zaino_sync_block_build_seconds{quantile=""0.999""}",0.019661359460626044
1791660950.059,381.331,zaino_sync_block_build_seconds_sum,767.4930653580436
1791660950.059,381.331,zaino_sync_block_build_seconds_count,1814612.0
1791660952.059,383.331,"zaino_grpc_requests_total{method=""get_block""}",152.0
1791660952.059,383.331,"zaino_grpc_requests_total{method=""get_lightd_info""}",76.0
1791660952.059,383.331,zaino_sync_iterations_total,728.0
1791660952.059,383.331,zaino_sync_finalized_height,1815188.0
1791660952.059,383.331,"zaino_grpc_request_duration_seconds_sum{method=""get_block""}",0.031599870000000016
1791660952.059,383.331,"zaino_grpc_request_duration_seconds_count{method=""get_block""}",152.0
1791660952.059,383.331,"zaino_grpc_request_duration_seconds{method=""get_lightd_info"",quantile=""0.9""}",0.003214446736976258
1791660952.059,383.331,"zaino_grpc_request_duration_seconds_sum{method=""get_lightd_info""}",0.25160299799999997
1791660952.059,383.331,"zaino_grpc_request_duration_seconds_count{method=""get_lightd_info""}",76.0
1791660952.059,383.331,"zaino_sync_iteration_duration_seconds{quantile=""0.5""}",7.617326296198685e-05
1791660952.059,383.331,"zaino_sync_iteration_duration_seconds{quantile=""0.9""}",0.0001145498984877177
1791660952.059,383.331,"zaino_sync_iteration_duration_seconds{quantile=""0.95""}",0.00012700297648325046
1791660952.059,383.331,"zaino_sync_iteration_duration_seconds{quantile=""0.99""}",0.00016000587348318122
1791660952.059,383.331,"zaino_sync_iteration_duration_seconds{quantile=""0.999""}",0.00016000587348318122
1791660952.059,383.331,"zaino_sync_iteration_duration_seconds{quantile=""1""}",0.000209358
1791660952.059,383.331,zaino_sync_iteration_duration_seconds_sum,0.07125731799999999
1791660952.059,383.331,zaino_sync_iteration_duration_seconds_count,728.0
1791660952.059,383.331,"zaino_sync_block_build_seconds{quantile=""0.5""}",0.0003182414992373518
1791660952.059,383.331,"zaino_sync_block_build_seconds{quantile=""0.9""}",0.00040863017400609734
1791660952.059,383.331,"zaino_sync_block_build_seconds{quantile=""0.95""}",0.0004485456801526651
1791660952.059,383.331,"zaino_sync_block_build_seconds{quantile=""0.99""}",0.001223670870926468
1791660952.059,383.331,"zaino_sync_block_build_seconds{quantile=""0.999""}",0.020151027123552403
1791660952.059,383.331,"zaino_sync_block_build_seconds{quantile=""1""}",0.099864249
1791660952.059,383.331,zaino_sync_block_build_seconds_sum,769.6415664130456
1791660952.059,383.331,zaino_sync_block_build_seconds_count,1815647.0
1791660954.060,385.331,zaino_sync_iterations_total,729.0
1791660954.060,385.331,zaino_sync_iteration_duration_seconds_sum,0.07132708299999999
1791660954.060,385.331,zaino_sync_iteration_duration_seconds_count,729.0
1791660954.060,385.331,"zaino_sync_block_build_seconds{quantile=""0.5""}",0.0003188148497985906
1791660954.060,385.331,"zaino_sync_block_build_seconds{quantile=""0.9""}",0.00041067844128392817
1791660954.060,385.331,"zaino_sync_block_build_seconds{quantile=""0.95""}",0.00045405145440201734
1791660954.060,385.331,"zaino_sync_block_build_seconds{quantile=""0.99""}",0.0025290791244455004
1791660954.060,385.331,"zaino_sync_block_build_seconds{quantile=""0.999""}",0.022185862490962188
1791660954.060,385.331,zaino_sync_block_build_seconds_sum,773.7701919120461
1791660954.060,385.331,zaino_sync_block_build_seconds_count,1817028.0
1791660956.060,387.332,zaino_sync_iterations_total,733.0
1791660956.060,387.332,"zaino_grpc_requests_total{method=""get_block""}",154.0
1791660956.060,387.332,"zaino_grpc_requests_total{method=""get_lightd_info""}",77.0
1791660956.060,387.332,"zaino_grpc_request_duration_seconds{method=""get_block"",quantile=""0.5""}",1.8116271576720538e-05
1791660956.060,387.332,"zaino_grpc_request_duration_seconds{method=""get_block"",quantile=""0.9""}",0.0003590316429492555
1791660956.060,387.332,"zaino_grpc_request_duration_seconds{method=""get_block"",quantile=""0.95""}",0.0003695960034825049
1791660956.060,387.332,"zaino_grpc_request_duration_seconds{method=""get_block"",quantile=""0.99""}",0.0003695960034825049
1791660956.060,387.332,"zaino_grpc_request_duration_seconds{method=""get_block"",quantile=""0.999""}",0.0003695960034825049
1791660956.060,387.332,"zaino_grpc_request_duration_seconds_sum{method=""get_block""}",0.03193862800000002
1791660956.060,387.332,"zaino_grpc_request_duration_seconds_count{method=""get_block""}",154.0
1791660956.060,387.332,"zaino_grpc_request_duration_seconds{method=""get_lightd_info"",quantile=""0.5""}",0.0030266465415271144
1791660956.060,387.332,"zaino_grpc_request_duration_seconds{method=""get_lightd_info"",quantile=""0.9""}",0.0031811897270086556
1791660956.060,387.332,"zaino_grpc_request_duration_seconds{method=""get_lightd_info"",quantile=""0.95""}",0.0031811897270086556
1791660956.060,387.332,"zaino_grpc_request_duration_seconds{method=""get_lightd_info"",quantile=""0.99""}",0.0031811897270086556
1791660956.060,387.332,"zaino_grpc_request_duration_seconds{method=""get_lightd_info"",quantile=""0.999""}",0.0031811897270086556
1791660956.060,387.332,"zaino_grpc_request_duration_seconds{method=""get_lightd_info"",quantile=""1""}",0.003214646
1791660956.060,387.332,"zaino_grpc_request_duration_seconds_sum{method=""get_lightd_info""}",0.25464591899999994
1791660956.060,387.332,"zaino_grpc_request_duration_seconds_count{method=""get_lightd_info""}",77.0
1791660956.060,387.332,"zaino_sync_iteration_duration_seconds{quantile=""0.5""}",7.712369190721215e-05
1791660956.060,387.332,"zaino_sync_iteration_duration_seconds{quantile=""0.99""}",0.0002093506348047582
1791660956.060,387.332,"zaino_sync_iteration_duration_seconds{quantile=""0.999""}",0.0002093506348047582
1791660956.060,387.332,"zaino_sync_iteration_duration_seconds{quantile=""1""}",0.00047089
1791660956.060,387.332,zaino_sync_iteration_duration_seconds_sum,0.072055104
1791660956.060,387.332,zaino_sync_iteration_duration_seconds_count,733.0
1791660956.060,387.332,"zaino_sync_block_write_seconds{quantile=""0.5""}",7.508982733844672
1791660956.060,387.332,"zaino_sync_block_write_seconds{quantile=""0.9""}",7.508982733844672
1791660956.060,387.332,"zaino_sync_block_write_seconds{quantile=""0.95""}",7.508982733844672
1791660956.060,387.332,"zaino_sync_block_write_seconds{quantile=""0.99""}",7.508982733844672
1791660956.060,387.332,"zaino_sync_block_write_seconds{quantile=""0.999""}",7.508982733844672
1791660956.060,387.332,zaino_sync_block_write_seconds_sum,113.31533554
1791660956.060,387.332,zaino_sync_block_write_seconds_count,18.0
1791660956.060,387.332,"zaino_sync_block_build_seconds{quantile=""0.5""}",0.00032525533700663456
1791660956.060,387.332,"zaino_sync_block_build_seconds{quantile=""0.9""}",0.0004281229955637361
1791660956.060,387.332,"zaino_sync_block_build_seconds{quantile=""0.95""}",0.0005104080621716136
1791660956.060,387.332,"zaino_sync_block_build_seconds{quantile=""0.99""}",0.09986859444424741
1791660956.060,387.332,"zaino_sync_block_build_seconds{quantile=""0.999""}",0.09986859444424741
1791660956.060,387.332,zaino_sync_block_build_seconds_sum,778.3304216860506
1791660956.060,387.332,zaino_sync_block_build_seconds_count,1823139.0
1791660958.060,389.332,zaino_sync_iterations_total,737.0
1791660958.060,389.332,"zaino_sync_iteration_duration_seconds{quantile=""0.5""}",7.71082687111504e-05
1791660958.060,389.332,"zaino_sync_iteration_duration_seconds{quantile=""0.9""}",0.000115469973069956
1791660958.060,389.332,"zaino_sync_iteration_duration_seconds{quantile=""0.95""}",0.00013904679391688943
1791660958.060,389.332,zaino_sync_iteration_duration_seconds_sum,0.07246079100000001
1791660958.060,389.332,zaino_sync_iteration_duration_seconds_count,737.0
1791660958.060,389.332,"zaino_sync_block_build_seconds{quantile=""0.5""}",0.0003275401117554286
1791660958.060,389.332,"zaino_sync_block_build_seconds{quantile=""0.9""}",0.00043511507101027077
1791660958.060,389.332,"zaino_sync_block_build_seconds{quantile=""0.95""}",0.0005281659469596556
1791660958.060,389.332,zaino_sync_block_build_seconds_sum,781.9809441030532
1791660958.060,389.332,zaino_sync_block_build_seconds_count,1830382.0
1791660960.060,391.332,zaino_sync_iterations_total,741.0
1791660960.060,391.332,zaino_sync_iteration_duration_seconds_sum,0.07277841600000001
1791660960.060,391.332,zaino_sync_iteration_duration_seconds_count,741.0
1791660960.060,391.332,"zaino_sync_block_build_seconds{quantile=""0.5""}",0.00032931361250724465
1791660960.060,391.332,"zaino_sync_block_build_seconds{quantile=""0.9""}",0.0004360733779207721
1791660960.060,391.332,"zaino_sync_block_build_seconds{quantile=""0.95""}",0.0005183291824343612
1791660960.060,391.332,"zaino_sync_block_build_seconds{quantile=""0.99""}",0.009847870693637949
1791660960.060,391.332,zaino_sync_block_build_seconds_sum,786.084485202048
1791660960.060,391.332,zaino_sync_block_build_seconds_count,1841226.0
1791660962.060,393.332,zaino_sync_iterations_total,745.0
1791660962.060,393.332,"zaino_grpc_requests_total{method=""get_block""}",156.0
1791660962.060,393.332,"zaino_grpc_requests_total{method=""get_lightd_info""}",78.0
1791660962.060,393.332,zaino_sync_finalized_height,1846658.0
1791660962.060,393.332,"zaino_grpc_request_duration_seconds{method=""get_block"",quantile=""0.9""}",0.0003695960034825049
1791660962.060,393.332,"zaino_grpc_request_duration_seconds{method=""get_block"",quantile=""0.95""}",0.0005023065183327718
1791660962.060,393.332,"zaino_grpc_request_duration_seconds{method=""get_block"",quantile=""0.99""}",0.0005023065183327718
1791660962.060,393.332,"zaino_grpc_request_duration_seconds{method=""get_block"",quantile=""0.999""}",0.0005023065183327718
1791660962.060,393.332,"zaino_grpc_request_duration_seconds_sum{method=""get_block""}",0.03245589400000002
1791660962.060,393.332,"zaino_grpc_request_duration_seconds_count{method=""get_block""}",156.0
1791660962.060,393.332,"zaino_grpc_request_duration_seconds{method=""get_lightd_info"",quantile=""0.5""}",0.0029917402892070686
1791660962.060,393.332,"zaino_grpc_request_duration_seconds_sum{method=""get_lightd_info""}",0.25763768299999995
1791660962.060,393.332,"zaino_grpc_request_duration_seconds_count{method=""get_lightd_info""}",78.0
1791660962.060,393.332,"zaino_sync_iteration_duration_seconds{quantile=""0.5""}",7.617326296198685e-05
1791660962.060,393.332,zaino_sync_iteration_duration_seconds_sum,0.07312824800000002
1791660962.060,393.332,zaino_sync_iteration_duration_seconds_count,745.0
1791660962.060,393.332,"zaino_sync_block_build_seconds{quantile=""0.5""}",0.0003324237552450639
1791660962.060,393.332,"zaino_sync_block_build_seconds{quantile=""0.9""}",0.0004481869871036974
1791660962.060,393.332,"zaino_sync_block_build_seconds{quantile=""0.95""}",0.0005556899684241386
1791660962.060,393.332,"zaino_sync_block_build_seconds{quantile=""0.99""}",0.009777220669702262
1791660962.060,393.332,zaino_sync_block_build_seconds_sum,790.1359107200433
1791660962.060,393.332,zaino_sync_block_build_seconds_count,1848060.0
1791660964.061,395.332,zaino_sync_iterations_total,749.0
1791660964.061,395.332,"zaino_sync_iteration_duration_seconds{quantile=""0.5""}",7.71082687111504e-05
1791660964.061,395.332,"zaino_sync_iteration_duration_seconds{quantile=""0.9""}",0.00012020643096524424
1791660964.061,395.332,"zaino_sync_iteration_duration_seconds{quantile=""0.95""}",0.00014990631369671853
1791660964.061,395.332,"zaino_sync_iteration_duration_seconds{quantile=""0.99""}",0.00029003758725696006
1791660964.061,395.332,"zaino_sync_iteration_duration_seconds{quantile=""0.999""}",0.00029003758725696006
1791660964.061,395.332,zaino_sync_iteration_duration_seconds_sum,0.07367167500000002
1791660964.061,395.332,zaino_sync_iteration_duration_seconds_count,749.0
1791660964.061,395.332,"zaino_sync_block_build_seconds{quantile=""0.5""}",0.00033395642696664964
1791660964.061,395.332,"zaino_sync_block_build_seconds{quantile=""0.9""}",0.0004612824417779269
1791660964.061,395.332,"zaino_sync_block_build_seconds{quantile=""0.95""}",0.0006054733375597171
1791660964.061,395.332,"zaino_sync_block_build_seconds{quantile=""0.99""}",0.009427729169139934
1791660964.061,395.332,zaino_sync_block_build_seconds_sum,793.765016848042
1791660964.061,395.332,zaino_sync_block_build_seconds_count,1854556.0
1791660966.061,397.333,zaino_sync_iterations_total,753.0
1791660966.061,397.333,"zaino_grpc_requests_total{method=""get_block""}",158.0
1791660966.061,397.333,"zaino_grpc_requests_total{method=""get_lightd_info""}",79.0
1791660966.061,397.333,"zaino_grpc_request_duration_seconds{method=""get_block"",quantile=""0.9""}",0.0003590316429492555
1791660966.061,397.333,"zaino_grpc_request_duration_seconds{method=""get_block"",quantile=""0.95""}",0.0003695960034825049
1791660966.061,397.333,"zaino_grpc_request_duration_seconds_sum{method=""get_block""}",0.032793937000000016
1791660966.061,397.333,"zaino_grpc_request_duration_seconds_count{method=""get_block""}",158.0
1791660966.061,397.333,"zaino_grpc_request_duration_seconds{method=""get_lightd_info"",quantile=""0.5""}",0.0030266465415271144
1791660966.061,397.333,"zaino_grpc_request_duration_seconds{method=""get_lightd_info"",quantile=""0.9""}",0.003214446736976258
1791660966.061,397.333,"zaino_grpc_request_duration_seconds{method=""get_lightd_info"",quantile=""0.95""}",0.003214446736976258
1791660966.061,397.333,"zaino_grpc_request_duration_seconds{method=""get_lightd_info"",quantile=""0.99""}",0.003214446736976258
1791660966.061,397.333,"zaino_grpc_request_duration_seconds{method=""get_lightd_info"",quantile=""0.999""}",0.003214446736976258
1791660966.061,397.333,"zaino_grpc_request_duration_seconds{method=""get_lightd_info"",quantile=""1""}",0.003882176
1791660966.061,397.333,"zaino_grpc_request_duration_seconds_sum{method=""get_lightd_info""}",0.26151985899999997
1791660966.061,397.333,"zaino_grpc_request_duration_seconds_count{method=""get_lightd_info""}",79.0
1791660966.061,397.333,"zaino_sync_iteration_duration_seconds{quantile=""0.5""}",7.500918114453242e-05
1791660966.061,397.333,"zaino_sync_iteration_duration_seconds{quantile=""0.9""}",0.000115469973069956
1791660966.061,397.333,"zaino_sync_iteration_duration_seconds{quantile=""0.95""}",0.00013904679391688943
1791660966.061,397.333,"zaino_sync_iteration_duration_seconds{quantile=""0.99""}",0.0002093506348047582
1791660966.061,397.333,zaino_sync_iteration_duration_seconds_sum,0.07392483300000002
1791660966.061,397.333,zaino_sync_iteration_duration_seconds_count,753.0
1791660966.061,397.333,"zaino_sync_block_build_seconds{quantile=""0.5""}",0.000342410574193752
1791660966.061,397.333,"zaino_sync_block_build_seconds{quantile=""0.9""}",0.000550601065544597
1791660966.061,397.333,"zaino_sync_block_build_seconds{quantile=""0.95""}",0.0021495429830202923
1791660966.061,397.333,"zaino_sync_block_build_seconds{quantile=""0.99""}",0.10024881706985718
1791660966.061,397.333,"zaino_sync_block_build_seconds{quantile=""0.999""}",0.10024881706985718
1791660966.061,397.333,"zaino_sync_block_build_seconds{quantile=""1""}",0.100258292
1791660966.061,397.333,zaino_sync_block_build_seconds_sum,796.7474483560445
1791660966.061,397.333,zaino_sync_block_build_seconds_count,1860536.0
1791660968.061,399.333,zaino_sync_iterations_total,757.0
1791660968.061,399.333,"zaino_sync_iteration_duration_seconds{quantile=""0.5""}",7.596027614567752e-05
1791660968.061,399.333,zaino_sync_iteration_duration_seconds_sum,0.07426423500000003
1791660968.061,399.333,zaino_sync_iteration_duration_seconds_count,757.0
1791660968.061,399.333,"zaino_sync_block_write_seconds{quantile=""0.5""}",7.370606542476242
1791660968.061,399.333,"zaino_sync_block_write_seconds{quantile=""0.9""}",7.370606542476242
1791660968.061,399.333,"zaino_sync_block_write_seconds{quantile=""0.95""}",7.370606542476242
1791660968.061,399.333,"zaino_sync_block_write_seconds{quantile=""0.99""}",7.370606542476242
1791660968.061,399.333,"zaino_sync_block_write_seconds{quantile=""0.999""}",7.370606542476242
1791660968.061,399.333,"zaino_sync_block_write_seconds{quantile=""1""}",7.5083306069999995
1791660968.061,399.333,"zaino_sync_block_build_seconds{quantile=""0.5""}",0.00026757784291211426
1791660968.061,399.333,"zaino_sync_block_build_seconds{quantile=""0.9""}",0.00033549616521873736
1791660968.061,399.333,"zaino_sync_block_build_seconds{quantile=""0.95""}",0.00034578269423212154
1791660968.061,399.333,"zaino_sync_block_build_seconds{quantile=""0.99""}",0.0003534742099821495
1791660968.061,399.333,"zaino_sync_block_build_seconds{quantile=""0.999""}",0.00035524600683886637
1791660968.061,399.333,"zaino_sync_block_build_seconds{quantile=""1""}",0.187734052
1791660968.061,399.333,zaino_sync_block_build_seconds_sum,799.6577378100438
1791660968.061,399.333,zaino_sync_block_build_seconds_count,1866333.0
1791660970.061,401.333,zaino_sync_iterations_total,761.0
1791660970.061,401.333,"zaino_sync_iteration_duration_seconds{quantile=""0.5""}",7.500918114453242e-05
1791660970.061,401.333,zaino_sync_iteration_duration_seconds_sum,0.07456728400000001
1791660970.061,401.333,zaino_sync_iteration_duration_seconds_count,761.0
1791660970.061,401.333,"zaino_sync_block_build_seconds{quantile=""0.9""}",0.00032813021489205043
1791660970.061,401.333,"zaino_sync_block_build_seconds{quantile=""0.95""}",0.0003394105804631959
1791660970.061,401.333,"zaino_sync_block_build_seconds{quantile=""0.99""}",0.0003474464409677545
1791660970.061,401.333,"zaino_sync_block_build_seconds{quantile=""0.999""}",0.00034925786809561
1791660970.061,401.333,zaino_sync_block_build_seconds_sum,802.4534140050423
1791660970.061,401.333,zaino_sync_block_build_seconds_count,1872462.0
1791660972.061,403.333,"zaino_grpc_requests_total{method=""get_block""}",160.0
1791660972.061,403.333,"zaino_grpc_requests_total{method=""get_lightd_info""}",80.0
1791660972.061,403.333,zaino_sync_iterations_total,765.0
1791660972.061,403.333,zaino_sync_finalized_height,1879106.0
1791660972.061,403.333,"zaino_grpc_request_duration_seconds_sum{method=""get_block""}",0.033150179000000016
1791660972.061,403.333,"zaino_grpc_request_duration_seconds_count{method=""get_block""}",160.0
1791660972.061,403.333,"zaino_grpc_request_duration_seconds{method=""get_lightd_info"",quantile=""0.95""}",0.0032839772200534854
1791660972.061,403.333,"zaino_grpc_request_duration_seconds{method=""get_lightd_info"",quantile=""0.99""}",0.0032839772200534854
1791660972.061,403.333,"zaino_grpc_request_duration_seconds{method=""get_lightd_info"",quantile=""0.999""}",0.0032839772200534854
1791660972.061,403.333,"zaino_grpc_request_duration_seconds_sum{method=""get_lightd_info""}",0.264803566
1791660972.061,403.333,"zaino_grpc_request_duration_seconds_count{method=""get_lightd_info""}",80.0
1791660972.061,403.333,"zaino_sync_iteration_duration_seconds{quantile=""0""}",3.8304e-05
1791660972.061,403.333,"zaino_sync_iteration_duration_seconds{quantile=""0.9""}",0.0001145498984877177
1791660972.061,403.333,"zaino_sync_iteration_duration_seconds{quantile=""0.95""}",0.00014990631369671853
1791660972.061,403.333,"zaino_sync_iteration_duration_seconds{quantile=""0.99""}",0.00029003758725696006
1791660972.061,403.333,zaino_sync_iteration_duration_seconds_sum,0.074859085
1791660972.061,403.333,zaino_sync_iteration_duration_seconds_count,765.0
1791660972.061,403.333,"zaino_sync_block_build_seconds{quantile=""0""}",0.000105921
1791660972.061,403.333,"zaino_sync_block_build_seconds{quantile=""0.5""}",0.000341248355129632
1791660972.061,403.333,"zaino_sync_block_build_seconds{quantile=""0.9""}",0.00045861474739885416
1791660972.061,403.333,"zaino_sync_block_build_seconds{quantile=""0.95""}",0.0005214485061525543
1791660972.061,403.333,"zaino_sync_block_build_seconds{quantile=""0.99""}",0.0006536751585009404
1791660972.061,403.333,"zaino_sync_block_build_seconds{quantile=""0.999""}",0.0007020541436507707
1791660972.061,403.333,zaino_sync_block_build_seconds_sum,806.6220197250459
1791660972.061,403.333,zaino_sync_block_build_seconds_count,1881165.0
1791660974.061,405.333,zaino_sync_iterations_total,769.0
1791660974.061,405.333,"zaino_sync_iteration_duration_seconds{quantile=""0.5""}",7.457538711121342e-05
1791660974.061,405.333,zaino_sync_iteration_duration_seconds_sum,0.07512010800000002
1791660974.061,405.333,zaino_sync_iteration_duration_seconds_count,769.0
1791660974.061,405.333,"zaino_sync_block_build_seconds{quantile=""0.5""}",0.0003372452890643464
1791660974.061,405.333,"zaino_sync_block_build_seconds{quantile=""0.9""}",0.00045660127539040655
1791660974.061,405.333,"zaino_sync_block_build_seconds{quantile=""0.95""}",0.0005145077033827667
1791660974.061,405.333,"zaino_sync_block_build_seconds{quantile=""0.99""}",0.0006231644996786948
1791660974.061,405.333,"zaino_sync_block_build_seconds{quantile=""0.999""}",0.0006513261586591416
1791660974.061,405.333,zaino_sync_block_build_seconds_sum,810.1960433470434
1791660974.061,405.333,zaino_sync_block_build_seconds_count,1889141.0
1791660976.061,407.333,zaino_sync_iterations_total,773.0
1791660976.061,407.333,"zaino_grpc_requests_total{method=""get_lightd_info""}",81.0
1791660976.061,407.333,"zaino_grpc_requests_total{method=""get_block""}",162.0
1791660976.061,407.333,"zaino_grpc_request_duration_seconds{method=""get_block"",quantile=""0""}",1.265e-05
1791660976.061,407.333,"zaino_grpc_request_duration_seconds{method=""get_block"",quantile=""0.9""}",0.0003695960034825049
1791660976.061,407.333,"zaino_grpc_request_duration_seconds{method=""get_block"",quantile=""0.95""}",0.0005023065183327718
1791660976.061,407.333,"zaino_grpc_request_duration_seconds{method=""get_block"",quantile=""1""}",0.000672813
1791660976.061,407.333,"zaino_grpc_request_duration_seconds_sum{method=""get_block""}",0.03383564200000002
1791660976.061,407.333,"zaino_grpc_request_duration_seconds_count{method=""get_block""}",162.0
1791660976.061,407.333,"zaino_grpc_request_duration_seconds{method=""get_lightd_info"",quantile=""0""}",0.002757305
1791660976.061,407.333,"zaino_grpc_request_duration_seconds{method=""get_lightd_info"",quantile=""0.5""}",0.0030430346409513697
1791660976.061,407.333,"zaino_grpc_request_duration_seconds{method=""get_lightd_info"",quantile=""0.9""}",0.0032839772200534854
1791660976.061,407.333,"zaino_grpc_request_duration_seconds_sum{method=""get_lightd_info""}",0.267786856
1791660976.061,407.333,"zaino_grpc_request_duration_seconds_count{method=""get_lightd_info""}",81.0
1791660976.061,407.333,"zaino_sync_iteration_duration_seconds{quantile=""0.5""}",7.402556609154474e-05
1791660976.061,407.333,zaino_sync_iteration_duration_seconds_sum,0.07550178300000002
1791660976.061,407.333,zaino_sync_iteration_duration_seconds_count,773.0
1791660976.061,407.333,"zaino_sync_block_build_seconds{quantile=""0.5""}",0.00033449118494387854
1791660976.061,407.333,"zaino_sync_block_build_seconds{quantile=""0.9""}",0.00045287245398135896
1791660976.061,407.333,"zaino_sync_block_build_seconds{quantile=""0.95""}",0.000506138591317188
1791660976.061,407.333,"zaino_sync_block_build_seconds{quantile=""0.99""}",0.0006010093718904168
1791660976.061,407.333,"zaino_sync_block_build_seconds{quantile=""0.999""}",0.0006264133948945742
1791660976.061,407.333,zaino_sync_block_build_seconds_sum,814.0899417060382
1791660976.061,407.333,zaino_sync_block_build_seconds_count,1896501.0
1791660978.062,409.333,zaino_sync_sapling_outputs_total,109731.0
1791660978.062,409.333,zaino_sync_iterations_total,777.0
1791660978.062,409.333,zaino_sync_transactions_total,2321221.0
1791660978.062,409.333,zaino_sync_last_block_written_at,1791660976.9497147
1791660978.062,409.333,zaino_db_tip_height,1799999.0
1791660978.062,409.333,"zaino_sync_iteration_duration_seconds{quantile=""0.5""}",7.500918114453242e-05
1791660978.062,409.333,"zaino_sync_iteration_duration_seconds{quantile=""0.9""}",0.000115469973069956
1791660978.062,409.333,zaino_sync_iteration_duration_seconds_sum,0.07590821200000002
1791660978.062,409.333,zaino_sync_iteration_duration_seconds_count,777.0
1791660978.062,409.333,"zaino_sync_block_build_seconds{quantile=""0.5""}",0.00032891867318190755
1791660978.062,409.333,"zaino_sync_block_build_seconds{quantile=""0.9""}",0.00043913660034677134
1791660978.062,409.333,"zaino_sync_block_build_seconds{quantile=""0.95""}",0.00047876531401562836
1791660978.062,409.333,"zaino_sync_block_build_seconds{quantile=""0.99""}",0.0005420783390009267
1791660978.062,409.333,"zaino_sync_block_build_seconds{quantile=""0.999""}",0.0005643138272440058
1791660978.062,409.333,zaino_sync_block_build_seconds_sum,817.8850403030395
1791660978.062,409.333,zaino_sync_block_build_seconds_count,1905121.0
1791660980.062,411.334,zaino_sync_iterations_total,781.0
1791660980.062,411.334,"zaino_sync_iteration_duration_seconds{quantile=""0.9""}",0.00012324947126321178
1791660980.062,411.334,"zaino_sync_iteration_duration_seconds{quantile=""0.95""}",0.00016000587348318122
1791660980.062,411.334,zaino_sync_iteration_duration_seconds_sum,0.07643127100000002
1791660980.062,411.334,zaino_sync_iteration_duration_seconds_count,781.0
1791660980.062,411.334,"zaino_sync_block_build_seconds{quantile=""0.5""}",0.00032662428219918115
1791660980.062,411.334,"zaino_sync_block_build_seconds{quantile=""0.9""}",0.00043755855077378747
1791660980.062,411.334,"zaino_sync_block_build_seconds{quantile=""0.95""}",0.00047088341056924615
1791660980.062,411.334,"zaino_sync_block_build_seconds{quantile=""0.99""}",0.0005169832769908157
1791660980.062,411.334,"zaino_sync_block_build_seconds{quantile=""0.999""}",0.0005348629403711745
1791660980.062,411.334,zaino_sync_block_build_seconds_sum,822.8287452720413
1791660980.062,411.334,zaino_sync_block_build_seconds_count,1909858.0
1791660982.062,413.334,"zaino_grpc_requests_total{method=""get_lightd_info""}",82.0
1791660982.062,413.334,"zaino_grpc_requests_total{method=""get_block""}",164.0
1791660982.062,413.334,zaino_sync_iterations_total,785.0
1791660982.062,413.334,zaino_sync_finalized_height,1910244.0
1791660982.062,413.334,"zaino_grpc_request_duration_seconds{method=""get_block"",quantile=""0""}",1.0674e-05
1791660982.062,413.334,"zaino_grpc_request_duration_seconds_sum{method=""get_block""}",0.034211083000000024
1791660982.062,413.334,"zaino_grpc_request_duration_seconds_count{method=""get_block""}",164.0
1791660982.062,413.334,"zaino_grpc_request_duration_seconds{method=""get_lightd_info"",quantile=""0""}",0.002720705
1791660982.062,413.334,"zaino_grpc_request_duration_seconds{method=""get_lightd_info"",quantile=""0.5""}",0.0030266465415271144
1791660982.062,413.334,"zaino_grpc_request_duration_seconds_sum{method=""get_lightd_info""}",0.270507561
1791660982.062,413.334,"zaino_grpc_request_duration_seconds_count{method=""get_lightd_info""}",82.0
1791660982.062,413.334,"zaino_sync_iteration_duration_seconds{quantile=""0.5""}",7.596027614567752e-05
1791660982.062,413.334,"zaino_sync_iteration_duration_seconds{quantile=""0.9""}",0.00013648442742249212
1791660982.062,413.334,zaino_sync_iteration_duration_seconds_sum,0.07687368200000001
1791660982.062,413.334,zaino_sync_iteration_duration_seconds_count,785.0
1791660982.062,413.334,"zaino_sync_block_build_seconds{quantile=""0.5""}",0.0003269510698490624
1791660982.062,413.334,"zaino_sync_block_build_seconds{quantile=""0.9""}",0.00043852223925734625
1791660982.062,413.334,"zaino_sync_block_build_seconds{quantile=""0.95""}",0.00047286527991251715
1791660982.062,413.334,"zaino_sync_block_build_seconds{quantile=""0.99""}",0.0005210315141652765
1791660982.062,413.334,"zaino_sync_block_build_seconds{quantile=""0.999""}",0.0005394825977279462
1791660982.062,413.334,zaino_sync_block_build_seconds_sum,828.7559754350406
1791660982.062,413.334,zaino_sync_block_build_seconds_count,1910482.0
1791660984.062,415.334,zaino_sync_iterations_total,789.0
1791660984.062,415.334,"zaino_sync_iteration_duration_seconds{quantile=""0.5""}",7.500918114453242e-05
1791660984.062,415.334,"zaino_sync_iteration_duration_seconds{quantile=""0.9""}",0.00013904679391688943
1791660984.062,415.334,"zaino_sync_iteration_duration_seconds{quantile=""0.95""}",0.00017041054973002283
1791660984.062,415.334,zaino_sync_iteration_duration_seconds_sum,0.07724712800000003
1791660984.062,415.334,zaino_sync_iteration_duration_seconds_count,789.0
1791660984.062,415.334,"zaino_sync_block_build_seconds{quantile=""0.9""}",0.00043992775805836055
1791660984.062,415.334,"zaino_sync_block_build_seconds{quantile=""0.95""}",0.00047466558639814
1791660984.062,415.334,"zaino_sync_block_build_seconds{quantile=""0.99""}",0.0005241671006133106
1791660984.062,415.334,"zaino_sync_block_build_seconds{quantile=""0.999""}",0.000542620688471275
1791660984.062,415.334,zaino_sync_block_build_seconds_sum,836.3784896820437
1791660984.062,415.334,zaino_sync_block_build_seconds_count,1912570.0
1791660986.062,417.334,"zaino_grpc_requests_total{method=""get_block""}",166.0
1791660986.062,417.334,"zaino_grpc_requests_total{method=""get_lightd_info""}",83.0
1791660986.062,417.334,zaino_sync_iterations_total,791.0
1791660986.062,417.334,"zaino_grpc_request_duration_seconds{method=""get_block"",quantile=""0.9""}",0.00036474939421411436
1791660986.062,417.334,"zaino_grpc_request_duration_seconds{method=""get_block"",quantile=""0.95""}",0.0003695960034825049
1791660986.062,417.334,"zaino_grpc_request_duration_seconds_sum{method=""get_block""}",0.03456487600000002
1791660986.062,417.334,"zaino_grpc_request_duration_seconds_count{method=""get_block""}",166.0
1791660986.062,417.334,"zaino_grpc_request_duration_seconds_sum{method=""get_lightd_info""}",0.273245554
1791660986.062,417.334,"zaino_grpc_request_duration_seconds_count{method=""get_lightd_info""}",83.0
1791660986.062,417.334,"zaino_sync_iteration_duration_seconds{quantile=""0.9""}",0.00013648442742249212
1791660986.062,417.334,"zaino_sync_iteration_duration_seconds{quantile=""0.95""}",0.00016000587348318122
1791660986.062,417.334,"zaino_sync_iteration_duration_seconds{quantile=""0.99""}",0.00022783245788817618
1791660986.062,417.334,zaino_sync_iteration_duration_seconds_sum,0.07739055100000003
1791660986.062,417.334,zaino_sync_iteration_duration_seconds_count,791.0
1791660986.062,417.334,"zaino_sync_block_write_seconds{quantile=""0.5""}",7.508982733844672
1791660986.062,417.334,"zaino_sync_block_write_seconds{quantile=""0.9""}",7.508982733844672
1791660986.062,417.334,"zaino_sync_block_write_seconds{quantile=""0.95""}",7.508982733844672
1791660986.062,417.334,"zaino_sync_block_write_seconds{quantile=""0.99""}",7.508982733844672
1791660986.062,417.334,"zaino_sync_block_write_seconds{quantile=""0.999""}",7.508982733844672
1791660986.062,417.334,"zaino_sync_block_write_seconds{quantile=""1""}",8.204996883
1791660986.062,417.334,zaino_sync_block_write_seconds_sum,121.52033242300001
1791660986.062,417.334,zaino_sync_block_write_seconds_count,19.0
1791660986.062,417.334,"zaino_sync_block_build_seconds{quantile=""0.5""}",0.00032395691423106116
1791660986.062,417.334,"zaino_sync_block_build_seconds{quantile=""0.9""}",0.00043502805669750006
1791660986.062,417.334,"zaino_sync_block_build_seconds{quantile=""0.95""}",0.00046517353400960925
1791660986.062,417.334,"zaino_sync_block_build_seconds{quantile=""0.99""}",0.0005054304930714121
1791660986.062,417.334,"zaino_sync_block_build_seconds{quantile=""0.999""}",0.0005187440116912703
1791660986.062,417.334,zaino_sync_block_build_seconds_sum,839.2489041870431
1791660986.062,417.334,zaino_sync_block_build_seconds_count,1916770.0
1791660988.062,419.334,zaino_sync_iterations_total,795.0
1791660988.062,419.334,"zaino_sync_iteration_duration_seconds{quantile=""0.5""}",7.663167640638036e-05
1791660988.062,419.334,zaino_sync_iteration_duration_seconds_sum,0.07787458100000003
1791660988.062,419.334,zaino_sync_iteration_duration_seconds_count,795.0
1791660988.062,419.334,"zaino_sync_block_write_seconds{quantile=""0""}",7.5083306069999995
1791660988.062,419.334,"zaino_sync_block_build_seconds{quantile=""0.5""}",0.48973051557503605
1791660988.062,419.334,"zaino_sync_block_build_seconds{quantile=""0.9""}",0.48973051557503605
1791660988.062,419.334,"zaino_sync_block_build_seconds{quantile=""0.95""}",0.48973051557503605
1791660988.062,419.334,"zaino_sync_block_build_seconds{quantile=""0.99""}",0.48973051557503605
1791660988.062,419.334,"zaino_sync_block_build_seconds{quantile=""0.999""}",0.48973051557503605
1791660988.062,419.334,"zaino_sync_block_build_seconds{quantile=""1""}",0.489715989
1791660988.062,419.334,zaino_sync_block_build_seconds_sum,842.3576647620432
1791660988.062,419.334,zaino_sync_block_build_seconds_count,1918019.0
1791660990.063,421.334,zaino_sync_iterations_total,799.0
1791660990.063,421.334,"zaino_sync_iteration_duration_seconds{quantile=""0.5""}",7.71082687111504e-05
1791660990.063,421.334,zaino_sync_iteration_duration_seconds_sum,0.07823127100000002
1791660990.063,421.334,zaino_sync_iteration_duration_seconds_count,799.0
1791660990.063,421.334,"zaino_sync_block_build_seconds{quantile=""0.5""}",0.0007788438130992643
1791660990.063,421.334,zaino_sync_block_build_seconds_sum,846.1631503110422
1791660990.063,421.334,zaino_sync_block_build_seconds_count,1928466.0
1791660992.063,423.335,"zaino_grpc_requests_total{method=""get_block""}",168.0
1791660992.063,423.335,"zaino_grpc_requests_total{method=""get_lightd_info""}",84.0
1791660992.063,423.335,zaino_sync_iterations_total,803.0
1791660992.063,423.335,zaino_sync_finalized_height,1938762.0
1791660992.063,423.335,"zaino_grpc_request_duration_seconds_sum{method=""get_block""}",0.03485809100000002
1791660992.063,423.335,"zaino_grpc_request_duration_seconds_count{method=""get_block""}",168.0
1791660992.063,423.335,"zaino_grpc_request_duration_seconds{method=""get_lightd_info"",quantile=""0.9""}",0.0031811897270086556
1791660992.063,423.335,"zaino_grpc_request_duration_seconds_sum{method=""get_lightd_info""}",0.276307749
1791660992.063,423.335,"zaino_grpc_request_duration_seconds_count{method=""get_lightd_info""}",84.0
1791660992.063,423.335,"zaino_sync_iteration_duration_seconds{quantile=""0""}",5.0552e-05
1791660992.063,423.335,"zaino_sync_iteration_duration_seconds{quantile=""0.5""}",7.663167640638036e-05
1791660992.063,423.335,"zaino_sync_iteration_duration_seconds{quantile=""0.95""}",0.0001916767816249097
1791660992.063,423.335,"zaino_sync_iteration_duration_seconds{quantile=""0.99""}",0.00029003758725696006
1791660992.063,423.335,zaino_sync_iteration_duration_seconds_sum,0.07855595600000002
1791660992.063,423.335,zaino_sync_iteration_duration_seconds_count,803.0
1791660992.063,423.335,"zaino_sync_block_build_seconds{quantile=""0""}",0.000110743
1791660992.063,423.335,"zaino_sync_block_build_seconds{quantile=""0.5""}",0.0006979940153579986
1791660992.063,423.335,"zaino_sync_block_build_seconds{quantile=""0.9""}",0.0006979940153579986
1791660992.063,423.335,"zaino_sync_block_build_seconds{quantile=""0.95""}",0.0007909308390823732
1791660992.063,423.335,"zaino_sync_block_build_seconds{quantile=""0.99""}",0.0009410634162684691
1791660992.063,423.335,"zaino_sync_block_build_seconds{quantile=""0.999""}",0.0009938740912968178
1791660992.063,423.335,zaino_sync_block_build_seconds_sum,850.2500424940478
1791660992.063,423.335,zaino_sync_block_build_seconds_count,1941976.0
1791660994.063,425.335,zaino_sync_iterations_total,807.0
1791660994.063,425.335,"zaino_sync_iteration_duration_seconds{quantile=""0.5""}",7.457538711121342e-05
1791660994.063,425.335,zaino_sync_iteration_duration_seconds_sum,0.07881544100000003
1791660994.063,425.335,zaino_sync_iteration_duration_seconds_count,807.0
1791660994.063,425.335,"zaino_sync_block_build_seconds{quantile=""0""}",0.000109779
1791660994.063,425.335,"zaino_sync_block_build_seconds{quantile=""0.95""}",0.0006979940153579986
1791660994.063,425.335,"zaino_sync_block_build_seconds{quantile=""0.99""}",0.0006979940153579986
1791660994.063,425.335,"zaino_sync_block_build_seconds{quantile=""0.999""}",0.0006979940153579986
1791660994.063,425.335,zaino_sync_block_build_seconds_sum,854.4763774400477
1791660994.063,425.335,zaino_sync_block_build_seconds_count,1953869.0
1791660996.063,427.335,"zaino_grpc_requests_total{method=""get_block""}",170.0
1791660996.063,427.335,"zaino_grpc_requests_total{method=""get_lightd_info""}",85.0
1791660996.063,427.335,zaino_sync_iterations_total,811.0
1791660996.063,427.335,"zaino_grpc_request_duration_seconds{method=""get_block"",quantile=""0.5""}",1.495746514379892e-05
1791660996.063,427.335,"zaino_grpc_request_duration_seconds{method=""get_block"",quantile=""0.9""}",0.00044257525917639135
1791660996.063,427.335,"zaino_grpc_request_duration_seconds{method=""get_block"",quantile=""0.95""}",0.0005023065183327718
1791660996.063,427.335,"zaino_grpc_request_duration_seconds_sum{method=""get_block""}",0.03531511900000002
1791660996.063,427.335,"zaino_grpc_request_duration_seconds_count{method=""get_block""}",170.0
1791660996.063,427.335,"zaino_grpc_request_duration_seconds{method=""get_lightd_info"",quantile=""0.5""}",0.0029917402892070686
1791660996.063,427.335,"zaino_grpc_request_duration_seconds{method=""get_lightd_info"",quantile=""0.9""}",0.0032839772200534854
1791660996.063,427.335,"zaino_grpc_request_duration_seconds_sum{method=""get_lightd_info""}",0.279258349
1791660996.063,427.335,"zaino_grpc_request_duration_seconds_count{method=""get_lightd_info""}",85.0
1791660996.063,427.335,"zaino_sync_iteration_duration_seconds{quantile=""0""}",5.0264e-05
1791660996.063,427.335,"zaino_sync_iteration_duration_seconds{quantile=""0.5""}",7.596027614567752e-05
1791660996.063,427.335,"zaino_sync_iteration_duration_seconds{quantile=""0.9""}",0.00013469467135179873
1791660996.063,427.335,"zaino_sync_iteration_duration_seconds{quantile=""0.95""}",0.00017041054973002283
1791660996.063,427.335,zaino_sync_iteration_duration_seconds_sum,0.07913126400000002
1791660996.063,427.335,zaino_sync_iteration_duration_seconds_count,811.0
1791660996.063,427.335,"zaino_sync_block_build_seconds{quantile=""0""}",0.000108499
1791660996.063,427.335,zaino_sync_block_build_seconds_sum,858.0810636240544
1791660996.063,427.335,zaino_sync_block_build_seconds_count,1969136.0
1791660998.063,429.335,zaino_sync_iterations_total,815.0
1791660998.063,429.335,"zaino_sync_iteration_duration_seconds{quantile=""0.5""}",7.487428606002035e-05
1791660998.063,429.335,zaino_sync_iteration_duration_seconds_sum,0.07940818100000002
1791660998.063,429.335,zaino_sync_iteration_duration_seconds_count,815.0
1791660998.063,429.335,"zaino_sync_block_build_seconds{quantile=""0""}",0.000105945
1791660998.063,429.335,zaino_sync_block_build_seconds_sum,861.8529008820524
1791660998.063,429.335,zaino_sync_block_build_seconds_count,1984069.0
1791661000.064,431.335,zaino_sync_iterations_total,819.0
1791661000.064,431.335,"zaino_sync_iteration_duration_seconds{quantile=""0.5""}",7.596027614567752e-05
1791661000.064,431.335,zaino_sync_iteration_duration_seconds_sum,0.07980379600000002
1791661000.064,431.335,zaino_sync_iteration_duration_seconds_count,819.0
1791661000.064,431.335,zaino_sync_block_build_seconds_sum,865.9795705910523
1791661000.064,431.335,zaino_sync_block_build_seconds_count,1997755.0
1791661002.064,433.336,zaino_sync_sapling_outputs_total,120481.0
1791661002.064,433.336,zaino_sync_iterations_total,823.0
1791661002.064,433.336,zaino_sync_orchard_actions_total,28220.0
1791661002.064,433.336,zaino_sync_transactions_total,2431620.0
1791661002.064,433.336,"zaino_grpc_requests_total{method=""get_block""}",172.0
1791661002.064,433.336,"zaino_grpc_requests_total{method=""get_lightd_info""}",86.0
1791661002.064,433.336,zaino_sync_last_block_written_at,1791661000.4754784
1791661002.064,433.336,zaino_sync_finalized_height,2005882.0
1791661002.064,433.336,zaino_db_tip_height,1899999.0
1791661002.064,433.336,"zaino_grpc_request_duration_seconds_sum{method=""get_block""}",0.035652028000000016
1791661002.064,433.336,"zaino_grpc_request_duration_seconds_count{method=""get_block""}",172.0
1791661002.064,433.336,"zaino_grpc_request_duration_seconds{method=""get_lightd_info"",quantile=""0.9""}",0.003369132372566929
1791661002.064,433.336,"zaino_grpc_request_duration_seconds{method=""get_lightd_info"",quantile=""0.95""}",0.003369132372566929
1791661002.064,433.336,"zaino_grpc_request_duration_seconds{method=""get_lightd_info"",quantile=""0.99""}",0.003369132372566929
1791661002.064,433.336,"zaino_grpc_request_duration_seconds{method=""get_lightd_info"",quantile=""0.999""}",0.003369132372566929
1791661002.064,433.336,"zaino_grpc_request_duration_seconds_sum{method=""get_lightd_info""}",0.282627756
1791661002.064,433.336,"zaino_grpc_request_duration_seconds_count{method=""get_lightd_info""}",86.0
1791661002.064,433.336,"zaino_sync_iteration_duration_seconds{quantile=""0.5""}",7.663167640638036e-05
1791661002.064,433.336,zaino_sync_iteration_duration_seconds_sum,0.08014072300000002
1791661002.064,433.336,zaino_sync_iteration_duration_seconds_count,823.0
1791661002.064,433.336,zaino_sync_block_build_seconds_sum,870.4077879460485
1791661002.064,433.336,zaino_sync_block_build_seconds_count,2008964.0
1791661004.064,435.336,zaino_sync_iterations_total,827.0
1791661004.064,435.336,zaino_sync_iteration_duration_seconds_sum,0.08042215300000001
1791661004.064,435.336,zaino_sync_iteration_duration_seconds_count,827.0
1791661004.064,435.336,zaino_sync_block_build_seconds_sum,874.589662704049
1791661004.064,435.336,zaino_sync_block_build_seconds_count,2014020.0
1791661006.064,437.336,"zaino_grpc_requests_total{method=""get_lightd_info""}",87.0
1791661006.064,437.336,"zaino_grpc_requests_total{method=""get_block""}",174.0
1791661006.064,437.336,zaino_sync_iterations_total,831.0
1791661006.064,437.336,"zaino_grpc_request_duration_seconds{method=""get_block"",quantile=""0.9""}",0.00036474939421411436
1791661006.064,437.336,"zaino_grpc_request_duration_seconds{method=""get_block"",quantile=""0.95""}",0.00044257525917639135
1791661006.064,437.336,"zaino_grpc_request_duration_seconds_sum{method=""get_block""}",0.03602810300000002
1791661006.064,437.336,"zaino_grpc_request_duration_seconds_count{method=""get_block""}",174.0
1791661006.064,437.336,"zaino_grpc_request_duration_seconds{method=""get_lightd_info"",quantile=""0""}",0.002655529
1791661006.064,437.336,"zaino_grpc_request_duration_seconds_sum{method=""get_lightd_info""}",0.285283285
1791661006.064,437.336,"zaino_grpc_request_duration_seconds_count{method=""get_lightd_info""}",87.0
1791661006.064,437.336,"zaino_sync_iteration_duration_seconds{quantile=""0.99""}",0.00022989220497465093
1791661006.064,437.336,zaino_sync_iteration_duration_seconds_sum,0.08088826800000001
1791661006.064,437.336,zaino_sync_iteration_duration_seconds_count,831.0
1791661006.064,437.336,zaino_sync_block_build_seconds_sum,878.6600149630468
1791661006.064,437.336,zaino_sync_block_build_seconds_count,2016115.0
1791661008.064,439.336,zaino_sync_iterations_total,832.0
1791661008.064,439.336,"zaino_sync_iteration_duration_seconds{quantile=""0.5""}",7.596027614567752e-05
1791661008.064,439.336,zaino_sync_iteration_duration_seconds_sum,0.08096161800000001
1791661008.064,439.336,zaino_sync_iteration_duration_seconds_count,832.0
1791661008.064,439.336,"zaino_sync_block_write_seconds{quantile=""0""}",8.204996883
1791661008.064,439.336,"zaino_sync_block_write_seconds{quantile=""0.5""}",8.204641264513459
1791661008.064,439.336,"zaino_sync_block_write_seconds{quantile=""0.9""}",8.204641264513459
1791661008.064,439.336,"zaino_sync_block_write_seconds{quantile=""0.95""}",8.204641264513459
1791661008.064,439.336,"zaino_sync_block_write_seconds{quantile=""0.99""}",8.204641264513459
1791661008.064,439.336,"zaino_sync_block_write_seconds{quantile=""0.999""}",8.204641264513459
1791661008.064,439.336,zaino_sync_block_build_seconds_sum,882.6003964900456
1791661008.064,439.336,zaino_sync_block_build_seconds_count,2017500.0
1791661010.064,441.336,zaino_sync_iterations_total,836.0
1791661010.064,441.336,"zaino_sync_iteration_duration_seconds{quantile=""0.5""}",7.703119898346863e-05
1791661010.064,441.336,"zaino_sync_iteration_duration_seconds{quantile=""0.9""}",0.00013499132583003715
1791661010.064,441.336,"zaino_sync_iteration_duration_seconds{quantile=""0.95""}",0.00018893641396094688
1791661010.064,441.336,zaino_sync_iteration_duration_seconds_sum,0.081445928
1791661010.064,441.336,zaino_sync_iteration_duration_seconds_count,836.0
1791661010.064,441.336,"zaino_sync_block_write_seconds{quantile=""1""}",8.612268141
1791661010.064,441.336,zaino_sync_block_write_seconds_sum,130.132600564
1791661010.064,441.336,zaino_sync_block_write_seconds_count,20.0
1791661010.064,441.336,zaino_sync_block_build_seconds_sum,886.5707270880491
1791661010.064,441.336,zaino_sync_block_build_seconds_count,2024563.0
1791661012.064,443.336,zaino_sync_iterations_total,840.0
1791661012.064,443.336,"zaino_grpc_requests_total{method=""get_lightd_info""}",88.0
1791661012.064,443.336,"zaino_grpc_requests_total{method=""get_block""}",176.0
1791661012.064,443.336,zaino_sync_finalized_height,2035666.0
1791661012.064,443.336,"zaino_grpc_request_duration_seconds{method=""get_block"",quantile=""0.5""}",1.547476319520055e-05
1791661012.064,443.336,"zaino_grpc_request_duration_seconds_sum{method=""get_block""}",0.036352143000000024
1791661012.064,443.336,"zaino_grpc_request_duration_seconds_count{method=""get_block""}",176.0
1791661012.064,443.336,"zaino_grpc_request_duration_seconds{method=""get_lightd_info"",quantile=""0.5""}",0.002983375133053254
1791661012.064,443.336,"zaino_grpc_request_duration_seconds{method=""get_lightd_info"",quantile=""0.9""}",0.0032839772200534854
1791661012.064,443.336,"zaino_grpc_request_duration_seconds_sum{method=""get_lightd_info""}",0.288155763
1791661012.064,443.336,"zaino_grpc_request_duration_seconds_count{method=""get_lightd_info""}",88.0
1791661012.064,443.336,"zaino_sync_iteration_duration_seconds{quantile=""0.5""}",7.821101711440085e-05
1791661012.064,443.336,"zaino_sync_iteration_duration_seconds{quantile=""0.95""}",0.00017041054973002283
1791661012.064,443.336,"zaino_sync_iteration_duration_seconds{quantile=""0.99""}",0.00022783245788817618
1791661012.064,443.336,"zaino_sync_iteration_duration_seconds{quantile=""0.999""}",0.00022783245788817618
1791661012.064,443.336,"zaino_sync_iteration_duration_seconds{quantile=""1""}",0.000229908
1791661012.064,443.336,zaino_sync_iteration_duration_seconds_sum,0.08179478000000001
1791661012.064,443.336,zaino_sync_iteration_duration_seconds_count,840.0
1791661012.064,443.336,"zaino_sync_block_build_seconds{quantile=""0.95""}",0.0007574901462231211
1791661012.064,443.336,"zaino_sync_block_build_seconds{quantile=""0.99""}",0.008398517969238878
1791661012.064,443.336,"zaino_sync_block_build_seconds{quantile=""0.999""}",0.02872751177826261
1791661012.064,443.336,zaino_sync_block_build_seconds_sum,890.4494590630482
1791661012.064,443.336,zaino_sync_block_build_seconds_count,2039189.0
1791661014.065,445.336,zaino_sync_iterations_total,844.0
1791661014.065,445.336,"zaino_sync_iteration_duration_seconds{quantile=""0.5""}",7.771206495321021e-05
1791661014.065,445.336,zaino_sync_iteration_duration_seconds_sum,0.08207491900000001
1791661014.065,445.336,zaino_sync_iteration_duration_seconds_count,844.0
1791661014.065,445.336,"zaino_sync_block_build_seconds{quantile=""0.95""}",0.0007364273058939932
1791661014.065,445.336,"zaino_sync_block_build_seconds{quantile=""0.99""}",0.008083745021574013
1791661014.065,445.336,"zaino_sync_block_build_seconds{quantile=""0.999""}",0.02725004743858212
1791661014.065,445.336,zaino_sync_block_build_seconds_sum,894.8894530840521
1791661014.065,445.336,zaino_sync_block_build_seconds_count,2053109.0
1791661016.065,447.337,zaino_sync_iterations_total,848.0
1791661016.065,447.337,"zaino_grpc_requests_total{method=""get_block""}",178.0
1791661016.065,447.337,"zaino_grpc_requests_total{method=""get_lightd_info""}",89.0
1791661016.065,447.337,"zaino_grpc_request_duration_seconds{method=""get_block"",quantile=""0.99""}",0.00044257525917639135
1791661016.065,447.337,"zaino_grpc_request_duration_seconds{method=""get_block"",quantile=""0.999""}",0.00044257525917639135
1791661016.065,447.337,"zaino_grpc_request_duration_seconds_sum{method=""get_block""}",0.03667312300000002
1791661016.065,447.337,"zaino_grpc_request_duration_seconds_count{method=""get_block""}",178.0
1791661016.065,447.337,"zaino_grpc_request_duration_seconds{method=""get_lightd_info"",quantile=""0.5""}",0.0029507378406809603
1791661016.065,447.337,"zaino_grpc_request_duration_seconds{method=""get_lightd_info"",quantile=""0.9""}",0.0030847026121711453
1791661016.065,447.337,"zaino_grpc_request_duration_seconds{method=""get_lightd_info"",quantile=""0.95""}",0.0030847026121711453
1791661016.065,447.337,"zaino_grpc_request_duration_seconds{method=""get_lightd_info"",quantile=""0.99""}",0.0030847026121711453
1791661016.065,447.337,"zaino_grpc_request_duration_seconds{method=""get_lightd_info"",quantile=""0.999""}",0.0030847026121711453
1791661016.065,447.337,"zaino_grpc_request_duration_seconds{method=""get_lightd_info"",quantile=""1""}",0.003369407
1791661016.065,447.337,"zaino_grpc_request_duration_seconds_sum{method=""get_lightd_info""}",0.29124058
1791661016.065,447.337,"zaino_grpc_request_duration_seconds_count{method=""get_lightd_info""}",89.0
1791661016.065,447.337,"zaino_sync_iteration_duration_seconds{quantile=""0.5""}",7.703119898346863e-05
1791661016.065,447.337,"zaino_sync_iteration_duration_seconds{quantile=""0.99""}",0.00022989220497465093
1791661016.065,447.337,"zaino_sync_iteration_duration_seconds{quantile=""0.999""}",0.00022989220497465093
1791661016.065,447.337,"zaino_sync_iteration_duration_seconds{quantile=""1""}",0.000458497
1791661016.065,447.337,zaino_sync_iteration_duration_seconds_sum,0.08274225700000001
1791661016.065,447.337,zaino_sync_iteration_duration_seconds_count,848.0
1791661016.065,447.337,"zaino_sync_block_build_seconds{quantile=""0.95""}",0.0007471085797343468
1791661016.065,447.337,"zaino_sync_block_build_seconds{quantile=""0.99""}",0.007904682124099626
1791661016.065,447.337,"zaino_sync_block_build_seconds{quantile=""0.999""}",0.026471144736775823
1791661016.065,447.337,zaino_sync_block_build_seconds_sum,899.3200558060577
1791661016.065,447.337,zaino_sync_block_build_seconds_count,2064581.0
1791661018.065,449.337,zaino_sync_iterations_total,852.0
1791661018.065,449.337,zaino_sync_iteration_duration_seconds_sum,0.08302464100000001
1791661018.065,449.337,zaino_sync_iteration_duration_seconds_count,852.0
1791661018.065,449.337,"zaino_sync_block_build_seconds{quantile=""0.95""}",0.0007537121483449333
1791661018.065,449.337,"zaino_sync_block_build_seconds{quantile=""0.99""}",0.007608417937766986
1791661018.065,449.337,"zaino_sync_block_build_seconds{quantile=""0.999""}",0.025652865012470247
1791661018.065,449.337,zaino_sync_block_build_seconds_sum,903.4313015640654
1791661018.065,449.337,zaino_sync_block_build_seconds_count,2076407.0
1791661020.065,451.337,zaino_sync_iterations_total,856.0
1791661020.065,451.337,"zaino_sync_iteration_duration_seconds{quantile=""0.9""}",0.00013469467135179873
1791661020.065,451.337,zaino_sync_iteration_duration_seconds_sum,0.083361511
1791661020.065,451.337,zaino_sync_iteration_duration_seconds_count,856.0
1791661020.065,451.337,"zaino_sync_block_build_seconds{quantile=""0.95""}",0.0007352499643250597
1791661020.065,451.337,"zaino_sync_block_build_seconds{quantile=""0.99""}",0.006195698475782374
1791661020.065,451.337,"zaino_sync_block_build_seconds{quantile=""0.999""}",0.02492459985297246
1791661020.065,451.337,zaino_sync_block_build_seconds_sum,907.1009053620668
1791661020.065,451.337,zaino_sync_block_build_seconds_count,2091461.0
1791661022.065,453.337,zaino_sync_iterations_total,860.0
1791661022.065,453.337,"zaino_grpc_requests_total{method=""get_lightd_info""}",90.0
1791661022.065,453.337,"zaino_grpc_requests_total{method=""get_block""}",180.0
1791661022.065,453.337,zaino_sync_transactions_total,2535391.0
1791661022.065,453.337,zaino_sync_orchard_actions_total,30310.0
1791661022.065,453.337,zaino_sync_sapling_outputs_total,122791.0
1791661022.065,453.337,zaino_sync_last_block_written_at,1791661021.4611902
1791661022.065,453.337,zaino_db_tip_height,1999999.0
1791661022.065,453.337,zaino_sync_finalized_height,2100239.0
1791661022.065,453.337,"zaino_grpc_request_duration_seconds{method=""get_block"",quantile=""0.5""}",1.64382430954613e-05
1791661022.065,453.337,"zaino_grpc_request_duration_seconds_sum{method=""get_block""}",0.03699071300000002
1791661022.065,453.337,"zaino_grpc_request_duration_seconds_count{method=""get_block""}",180.0
1791661022.065,453.337,"zaino_grpc_request_duration_seconds_sum{method=""get_lightd_info""}",0.29431837800000005
1791661022.065,453.337,"zaino_grpc_request_duration_seconds_count{method=""get_lightd_info""}",90.0
1791661022.065,453.337,"zaino_sync_iteration_duration_seconds{quantile=""0.9""}",0.00013499132583003715
1791661022.065,453.337,zaino_sync_iteration_duration_seconds_sum,0.083747008
1791661022.065,453.337,zaino_sync_iteration_duration_seconds_count,860.0
1791661022.065,453.337,"zaino_sync_block_build_seconds{quantile=""0.95""}",0.0007243035184131271
1791661022.065,453.337,"zaino_sync_block_build_seconds{quantile=""0.99""}",0.00312881786643547
1791661022.065,453.337,"zaino_sync_block_build_seconds{quantile=""0.999""}",0.02319311022335596
1791661022.065,453.337,zaino_sync_block_build_seconds_sum,911.7785316330701
1791661022.065,453.337,zaino_sync_block_build_seconds_count,2103135.0
1791661024.065,455.337,zaino_sync_iterations_total,864.0
1791661024.065,455.337,"zaino_sync_iteration_duration_seconds{quantile=""0.5""}",7.561166130310722e-05
1791661024.065,455.337,zaino_sync_iteration_duration_seconds_sum,0.08402744499999999
1791661024.065,455.337,zaino_sync_iteration_duration_seconds_count,864.0
1791661024.065,455.337,"zaino_sync_block_build_seconds{quantile=""0.95""}",0.0007308516725945078
1791661024.065,455.337,"zaino_sync_block_build_seconds{quantile=""0.99""}",0.0026029756051437524
1791661024.065,455.337,"zaino_sync_block_build_seconds{quantile=""0.999""}",0.022341708353065693
1791661024.065,455.337,zaino_sync_block_build_seconds_sum,916.4646299340675
1791661024.065,455.337,zaino_sync_block_build_seconds_count,2112901.0
1791661026.066,457.337,"zaino_grpc_requests_total{method=""get_lightd_info""}",91.0
1791661026.066,457.337,"zaino_grpc_requests_total{method=""get_block""}",182.0
1791661026.066,457.337,zaino_sync_iterations_total,868.0
1791661026.066,457.337,"zaino_grpc_request_duration_seconds{method=""get_block"",quantile=""0.5""}",3.074140731620148e-05
1791661026.066,457.337,"zaino_grpc_request_duration_seconds{method=""get_block"",quantile=""0.9""}",0.0003619154158138148
1791661026.066,457.337,"zaino_grpc_request_duration_seconds{method=""get_block"",quantile=""0.95""}",0.00036474939421411436
1791661026.066,457.337,"zaino_grpc_request_duration_seconds_sum{method=""get_block""}",0.03737518200000002
1791661026.066,457.337,"zaino_grpc_request_duration_seconds_count{method=""get_block""}",182.0
1791661026.066,457.337,"zaino_grpc_request_duration_seconds{method=""get_lightd_info"",quantile=""0""}",0.00263906
1791661026.066,457.337,"zaino_grpc_request_duration_seconds_sum{method=""get_lightd_info""}",0.2969574380000001
1791661026.066,457.337,"zaino_grpc_request_duration_seconds_count{method=""get_lightd_info""}",91.0
1791661026.066,457.337,"zaino_sync_iteration_duration_seconds{quantile=""0.9""}",0.00013469467135179873
1791661026.066,457.337,"zaino_sync_iteration_duration_seconds{quantile=""0.95""}",0.00016908651787478533
1791661026.066,457.337,"zaino_sync_iteration_duration_seconds{quantile=""0.99""}",0.00022783245788817618
1791661026.066,457.337,zaino_sync_iteration_duration_seconds_sum,0.08432582899999998
1791661026.066,457.337,zaino_sync_iteration_duration_seconds_count,868.0
1791661026.066,457.337,"zaino_sync_block_write_seconds{quantile=""0""}",8.612268141
1791661026.066,457.337,"zaino_sync_block_write_seconds{quantile=""0.5""}",8.611512769859313
1791661026.066,457.337,"zaino_sync_block_write_seconds{quantile=""0.9""}",8.611512769859313
1791661026.066,457.337,"zaino_sync_block_write_seconds{quantile=""0.95""}",8.611512769859313
1791661026.066,457.337,"zaino_sync_block_write_seconds{quantile=""0.99""}",8.611512769859313
1791661026.066,457.337,"zaino_sync_block_write_seconds{quantile=""0.999""}",8.611512769859313
1791661026.066,457.337,"zaino_sync_block_build_seconds{quantile=""0.95""}",0.0007368692948624342
1791661026.066,457.337,"zaino_sync_block_build_seconds{quantile=""0.99""}",0.0072940230869565775
1791661026.066,457.337,"zaino_sync_block_build_seconds{quantile=""0.999""}",0.025387457725547905
1791661026.066,457.337,zaino_sync_block_build_seconds_sum,920.3410153970677
1791661026.066,457.337,zaino_sync_block_build_seconds_count,2113510.0
1791661028.066,459.338,zaino_sync_iterations_total,872.0
1791661028.066,459.338,"zaino_sync_iteration_duration_seconds{quantile=""0.5""}",7.663167640638036e-05
1791661028.066,459.338,zaino_sync_iteration_duration_seconds_sum,0.08469193399999998
1791661028.066,459.338,zaino_sync_iteration_duration_seconds_count,872.0
1791661028.066,459.338,"zaino_sync_block_build_seconds{quantile=""0.95""}",0.000745168620460471
1791661028.066,459.338,"zaino_sync_block_build_seconds{quantile=""0.99""}",0.00801131772784378
1791661028.066,459.338,"zaino_sync_block_build_seconds{quantile=""0.999""}",0.02623397330569912
1791661028.066,459.338,zaino_sync_block_build_seconds_sum,924.3990187580692
1791661028.066,459.338,zaino_sync_block_build_seconds_count,2114629.0
1791661030.066,461.338,zaino_sync_iterations_total,876.0
1791661030.066,461.338,"zaino_sync_iteration_duration_seconds{quantile=""0.9""}",0.00012511214849252145
1791661030.066,461.338,zaino_sync_iteration_duration_seconds_sum,0.08503334999999998
1791661030.066,461.338,zaino_sync_iteration_duration_seconds_count,876.0
1791661030.066,461.338,"zaino_sync_block_build_seconds{quantile=""0.95""}",0.0007516047061185216
1791661030.066,461.338,"zaino_sync_block_build_seconds{quantile=""0.99""}",0.008403558592072851
1791661030.066,461.338,"zaino_sync_block_build_seconds{quantile=""0.999""}",0.02752942030283605
1791661030.066,461.338,zaino_sync_block_build_seconds_sum,928.4277156480697
1791661030.066,461.338,zaino_sync_block_build_seconds_count,2115544.0
1791661032.066,463.338,zaino_sync_iterations_total,880.0
1791661032.066,463.338,"zaino_grpc_requests_total{method=""get_block""}",184.0
1791661032.066,463.338,"zaino_grpc_requests_total{method=""get_lightd_info""}",92.0
1791661032.066,463.338,zaino_sync_finalized_height,2124164.0
1791661032.066,463.338,"zaino_grpc_request_duration_seconds{method=""get_block"",quantile=""0""}",9.925e-06
1791661032.066,463.338,"zaino_grpc_request_duration_seconds_sum{method=""get_block""}",0.037682193000000024
1791661032.066,463.338,"zaino_grpc_request_duration_seconds_count{method=""get_block""}",184.0
1791661032.066,463.338,"zaino_grpc_request_duration_seconds{method=""get_lightd_info"",quantile=""0.5""}",0.002872708331977541
1791661032.066,463.338,"zaino_grpc_request_duration_seconds{method=""get_lightd_info"",quantile=""0.9""}",0.003077923725910808
1791661032.066,463.338,"zaino_grpc_request_duration_seconds_sum{method=""get_lightd_info""}",0.29977074700000006
1791661032.066,463.338,"zaino_grpc_request_duration_seconds_count{method=""get_lightd_info""}",92.0
1791661032.066,463.338,"zaino_sync_iteration_duration_seconds{quantile=""0.5""}",7.334765405812934e-05
1791661032.066,463.338,"zaino_sync_iteration_duration_seconds{quantile=""0.9""}",0.00011471038065744218
1791661032.066,463.338,"zaino_sync_iteration_duration_seconds{quantile=""0.95""}",0.00014883086449757088
1791661032.066,463.338,"zaino_sync_iteration_duration_seconds{quantile=""0.99""}",0.00022989220497465093
1791661032.066,463.338,zaino_sync_iteration_duration_seconds_sum,0.08530438799999997
1791661032.066,463.338,zaino_sync_iteration_duration_seconds_count,880.0
1791661032.066,463.338,"zaino_sync_block_write_seconds{quantile=""1""}",8.847690666
1791661032.066,463.338,zaino_sync_block_write_seconds_sum,138.98029123
1791661032.066,463.338,zaino_sync_block_write_seconds_count,21.0
1791661032.066,463.338,"zaino_sync_block_build_seconds{quantile=""0.5""}",0.000329840936035341
1791661032.066,463.338,"zaino_sync_block_build_seconds{quantile=""0.9""}",0.00043044111303164784
1791661032.066,463.338,"zaino_sync_block_build_seconds{quantile=""0.95""}",0.0004994015730017439
1791661032.066,463.338,"zaino_sync_block_build_seconds{quantile=""0.99""}",0.003741382723832819
1791661032.066,463.338,"zaino_sync_block_build_seconds{quantile=""0.999""}",0.02321167213537136
1791661032.066,463.338,"zaino_sync_block_build_seconds{quantile=""1""}",0.100888017
1791661032.066,463.338,zaino_sync_block_build_seconds_sum,932.1736423080705
1791661032.066,463.338,zaino_sync_block_build_seconds_count,2128488.0
1791661034.066,465.338,zaino_sync_iterations_total,884.0
1791661034.066,465.338,"zaino_sync_iteration_duration_seconds{quantile=""0.5""}",7.255976166887642e-05
1791661034.066,465.338,"zaino_sync_iteration_duration_seconds{quantile=""0.9""}",0.00010828975189580028
1791661034.066,465.338,"zaino_sync_iteration_duration_seconds{quantile=""0.95""}",0.00013499132583003715
1791661034.066,465.338,zaino_sync_iteration_duration_seconds_sum,0.08555645499999996
1791661034.066,465.338,zaino_sync_iteration_duration_seconds_count,884.0
1791661034.066,465.338,"zaino_sync_block_build_seconds{quantile=""0.5""}",0.00033142797838812705
1791661034.066,465.338,"zaino_sync_block_build_seconds{quantile=""0.9""}",0.000428551332693598
1791661034.066,465.338,"zaino_sync_block_build_seconds{quantile=""0.95""}",0.0004895127592709821
1791661034.066,465.338,"zaino_sync_block_build_seconds{quantile=""0.99""}",0.002157295283553485
1791661034.066,465.338,"zaino_sync_block_build_seconds{quantile=""0.999""}",0.022248069955953027
1791661034.066,465.338,zaino_sync_block_build_seconds_sum,936.5738112500809
1791661034.066,465.338,zaino_sync_block_build_seconds_count,2142372.0
1791661036.067,467.338,zaino_sync_iterations_total,888.0
1791661036.067,467.338,"zaino_grpc_requests_total{method=""get_lightd_info""}",93.0
1791661036.067,467.338,"zaino_grpc_requests_total{method=""get_block""}",186.0
1791661036.067,467.338,"zaino_grpc_request_duration_seconds{method=""get_block"",quantile=""0.9""}",0.00035375710249299506
1791661036.067,467.338,"zaino_grpc_request_duration_seconds{method=""get_block"",quantile=""0.95""}",0.0003619154158138148
1791661036.067,467.338,"zaino_grpc_request_duration_seconds{method=""get_block"",quantile=""0.99""}",0.0003619154158138148
1791661036.067,467.338,"zaino_grpc_request_duration_seconds{method=""get_block"",quantile=""0.999""}",0.0003619154158138148
1791661036.067,467.338,"zaino_grpc_request_duration_seconds{method=""get_block"",quantile=""1""}",0.000442553
1791661036.067,467.338,"zaino_grpc_request_duration_seconds_sum{method=""get_block""}",0.03792560700000002
1791661036.067,467.338,"zaino_grpc_request_duration_seconds_count{method=""get_block""}",186.0
1791661036.067,467.338,"zaino_grpc_request_duration_seconds{method=""get_lightd_info"",quantile=""0.5""}",0.0029507378406809603
1791661036.067,467.338,"zaino_grpc_request_duration_seconds{method=""get_lightd_info"",quantile=""0.9""}",0.003369132372566929
1791661036.067,467.338,"zaino_grpc_request_duration_seconds{method=""get_lightd_info"",quantile=""0.95""}",0.003369132372566929
1791661036.067,467.338,"zaino_grpc_request_duration_seconds{method=""get_lightd_info"",quantile=""0.99""}",0.003369132372566929
1791661036.067,467.338,"zaino_grpc_request_duration_seconds{method=""get_lightd_info"",quantile=""0.999""}",0.003369132372566929
1791661036.067,467.338,"zaino_grpc_request_duration_seconds{method=""get_lightd_info"",quantile=""1""}",0.003857654
1791661036.067,467.338,"zaino_grpc_request_duration_seconds_sum{method=""get_lightd_info""}",0.30362840100000005
1791661036.067,467.338,"zaino_grpc_request_duration_seconds_count{method=""get_lightd_info""}",93.0
1791661036.067,467.338,"zaino_sync_iteration_duration_seconds{quantile=""0.5""}",7.251623886987536e-05
1791661036.067,467.338,zaino_sync_iteration_duration_seconds_sum,0.08582713399999994
1791661036.067,467.338,zaino_sync_iteration_duration_seconds_count,888.0
1791661036.067,467.338,"zaino_sync_block_build_seconds{quantile=""0.5""}",0.00032793339581408694
1791661036.067,467.338,"zaino_sync_block_build_seconds{quantile=""0.9""}",0.00042573220723585137
1791661036.067,467.338,"zaino_sync_block_build_seconds{quantile=""0.95""}",0.0004805880832831733
1791661036.067,467.338,"zaino_sync_block_build_seconds{quantile=""0.99""}",0.0016432159266611466
1791661036.067,467.338,"zaino_sync_block_build_seconds{quantile=""0.999""}",0.02098179718461466
1791661036.067,467.338,zaino_sync_block_build_seconds_sum,940.4622593650795
1791661036.067,467.338,zaino_sync_block_build_seconds_count,2157498.0
1791661038.067,469.339,zaino_sync_iterations_total,892.0
1791661038.067,469.339,zaino_sync_iteration_duration_seconds_sum,0.08609862299999994
1791661038.067,469.339,zaino_sync_iteration_duration_seconds_count,892.0
1791661038.067,469.339,"zaino_sync_block_build_seconds{quantile=""0.5""}",0.00033030303674234934
1791661038.067,469.339,"zaino_sync_block_build_seconds{quantile=""0.9""}",0.0004242871756721379
1791661038.067,469.339,"zaino_sync_block_build_seconds{quantile=""0.95""}",0.0004755207538763423
1791661038.067,469.339,"zaino_sync_block_build_seconds{quantile=""0.99""}",0.0013913232212571366
1791661038.067,469.339,"zaino_sync_block_build_seconds{quantile=""0.999""}",0.020521133570991168
1791661038.067,469.339,zaino_sync_block_build_seconds_sum,945.0318846290758
1791661038.067,469.339,zaino_sync_block_build_seconds_count,2171208.0
1791661040.067,471.339,zaino_sync_iterations_total,896.0
1791661040.067,471.339,zaino_sync_iteration_duration_seconds_sum,0.08645386699999993
1791661040.067,471.339,zaino_sync_iteration_duration_seconds_count,896.0
1791661040.067,471.339,"zaino_sync_block_build_seconds{quantile=""0.5""}",0.000324995236790121
1791661040.067,471.339,"zaino_sync_block_build_seconds{quantile=""0.9""}",0.0004215804086324326
1791661040.067,471.339,"zaino_sync_block_build_seconds{quantile=""0.95""}",0.0004704127625203534
1791661040.067,471.339,"zaino_sync_block_build_seconds{quantile=""0.99""}",0.0012268565547959248
1791661040.067,471.339,"zaino_sync_block_build_seconds{quantile=""0.999""}",0.02030475836897744
1791661040.067,471.339,zaino_sync_block_build_seconds_sum,948.6657879900774
1791661040.067,471.339,zaino_sync_block_build_seconds_count,2186715.0
1791661042.067,473.339,zaino_sync_transactions_total,2557762.0
1791661042.067,473.339,"zaino_grpc_requests_total{method=""get_block""}",188.0
1791661042.067,473.339,"zaino_grpc_requests_total{method=""get_lightd_info""}",94.0
1791661042.067,473.339,zaino_sync_iterations_total,900.0
1791661042.067,473.339,zaino_sync_sapling_outputs_total,122827.0
1791661042.067,473.339,zaino_sync_orchard_actions_total,30564.0
1791661042.067,473.339,zaino_sync_finalized_height,2196368.0
1791661042.067,473.339,"zaino_grpc_request_duration_seconds_sum{method=""get_block""}",0.03822306400000002
1791661042.067,473.339,"zaino_grpc_request_duration_seconds_count{method=""get_block""}",188.0
1791661042.067,473.339,"zaino_grpc_request_duration_seconds{method=""get_lightd_info"",quantile=""0.9""}",0.003498923168911344
1791661042.067,473.339,"zaino_grpc_request_duration_seconds{method=""get_lightd_info"",quantile=""0.95""}",0.003498923168911344
1791661042.067,473.339,"zaino_grpc_request_duration_seconds{method=""get_lightd_info"",quantile=""0.99""}",0.003498923168911344
1791661042.067,473.339,"zaino_grpc_request_duration_seconds{method=""get_lightd_info"",quantile=""0.999""}",0.003498923168911344
1791661042.067,473.339,"zaino_grpc_request_duration_seconds_sum{method=""get_lightd_info""}",0.3071275130000001
1791661042.067,473.339,"zaino_grpc_request_duration_seconds_count{method=""get_lightd_info""}",94.0
1791661042.067,473.339,"zaino_sync_iteration_duration_seconds{quantile=""0""}",5.0005e-05
1791661042.067,473.339,"zaino_sync_iteration_duration_seconds{quantile=""0.9""}",0.00011471038065744218
1791661042.067,473.339,"zaino_sync_iteration_duration_seconds{quantile=""0.95""}",0.0001437118888483841
1791661042.067,473.339,zaino_sync_iteration_duration_seconds_sum,0.08681015899999994
1791661042.067,473.339,zaino_sync_iteration_duration_seconds_count,900.0
1791661042.067,473.339,"zaino_sync_block_build_seconds{quantile=""0""}",0.000105122
1791661042.067,473.339,"zaino_sync_block_build_seconds{quantile=""0.5""}",0.00032845850922784696
1791661042.067,473.339,"zaino_sync_block_build_seconds{quantile=""0.9""}",0.00041989745514320906
1791661042.067,473.339,"zaino_sync_block_build_seconds{quantile=""0.95""}",0.0004669445562558874
1791661042.067,473.339,"zaino_sync_block_build_seconds{quantile=""0.99""}",0.0011464328492786337
1791661042.067,473.339,"zaino_sync_block_build_seconds{quantile=""0.999""}",0.020126860393861412
1791661042.067,473.339,zaino_sync_block_build_seconds_sum,953.3298307460859
1791661042.067,473.339,zaino_sync_block_build_seconds_count,2200000.0
1791661044.067,475.339,zaino_sync_sapling_outputs_total,122985.0
1791661044.067,475.339,zaino_sync_transactions_total,2638956.0
1791661044.067,475.339,zaino_sync_orchard_actions_total,35321.0
1791661044.067,475.339,zaino_sync_iterations_total,904.0
1791661044.067,475.339,zaino_db_tip_height,2099999.0
1791661044.067,475.339,zaino_sync_last_block_written_at,1791661042.1048062
1791661044.067,475.339,"zaino_sync_iteration_duration_seconds{quantile=""0.5""}",7.255976166887642e-05
1791661044.067,475.339,"zaino_sync_iteration_duration_seconds{quantile=""0.9""}",0.00012456286434861798
1791661044.067,475.339,"zaino_sync_iteration_duration_seconds{quantile=""0.95""}",0.00014883086449757088
1791661044.067,475.339,"zaino_sync_iteration_duration_seconds{quantile=""0.99""}",0.00018893641396094688
1791661044.067,475.339,zaino_sync_iteration_duration_seconds_sum,0.08731111299999993
1791661044.067,475.339,zaino_sync_iteration_duration_seconds_count,904.0
1791661044.067,475.339,"zaino_sync_block_build_seconds{quantile=""0.5""}",0.0003324902466452526
1791661044.067,475.339,"zaino_sync_block_build_seconds{quantile=""0.9""}",0.00042360885898685714
1791661044.067,475.339,"zaino_sync_block_build_seconds{quantile=""0.95""}",0.0004704127625203534
1791661044.067,475.339,"zaino_sync_block_build_seconds{quantile=""0.99""}",0.0011531014801618555
1791661044.067,475.339,"zaino_sync_block_build_seconds{quantile=""0.999""}",0.019815317721582258
1791661044.067,475.339,zaino_sync_block_build_seconds_sum,958.0086341880859
1791661044.067,475.339,zaino_sync_block_build_seconds_count,2211238.0
1791661046.067,477.339,"zaino_grpc_requests_total{method=""get_lightd_info""}",95.0
1791661046.067,477.339,"zaino_grpc_requests_total{method=""get_block""}",190.0
1791661046.067,477.339,zaino_sync_iterations_total,908.0
1791661046.067,477.339,"zaino_grpc_request_duration_seconds{method=""get_block"",quantile=""0.9""}",0.00033003889998086647
1791661046.067,477.339,"zaino_grpc_request_duration_seconds{method=""get_block"",quantile=""0.95""}",0.00035375710249299506
1791661046.067,477.339,"zaino_grpc_request_duration_seconds_sum{method=""get_block""}",0.038569414000000024
1791661046.067,477.339,"zaino_grpc_request_duration_seconds_count{method=""get_block""}",190.0
1791661046.067,477.339,"zaino_grpc_request_duration_seconds{method=""get_lightd_info"",quantile=""0""}",0.002592883
1791661046.067,477.339,"zaino_grpc_request_duration_seconds_sum{method=""get_lightd_info""}",0.30972039600000006
1791661046.067,477.339,"zaino_grpc_request_duration_seconds_count{method=""get_lightd_info""}",95.0
1791661046.067,477.339,"zaino_sync_iteration_duration_seconds{quantile=""0.9""}",0.00012511214849252145
1791661046.067,477.339,zaino_sync_iteration_duration_seconds_sum,0.08766126599999992
1791661046.067,477.339,zaino_sync_iteration_duration_seconds_count,908.0
1791661046.067,477.339,"zaino_sync_block_build_seconds{quantile=""0.5""}",0.00032872138117086275
1791661046.067,477.339,"zaino_sync_block_build_seconds{quantile=""0.9""}",0.0004158025578387237
1791661046.067,477.339,"zaino_sync_block_build_seconds{quantile=""0.95""}",0.00044657641471447366
1791661046.067,477.339,"zaino_sync_block_build_seconds{quantile=""0.99""}",0.0006246618906333133
1791661046.067,477.339,"zaino_sync_block_build_seconds{quantile=""0.999""}",0.0008214002692222298
1791661046.067,477.339,zaino_sync_block_build_seconds_sum,961.9760580210866
1791661046.067,477.339,zaino_sync_block_build_seconds_count,2213200.0
1791661048.068,479.339,zaino_sync_iterations_total,912.0
1791661048.068,479.339,"zaino_sync_iteration_duration_seconds{quantile=""0.5""}",7.2705026409017e-05
1791661048.068,479.339,zaino_sync_iteration_duration_seconds_sum,0.0879618579999999
1791661048.068,479.339,zaino_sync_iteration_duration_seconds_count,912.0
1791661048.068,479.339,"zaino_sync_block_build_seconds{quantile=""0.5""}",0.0003287871320221823
1791661048.068,479.339,"zaino_sync_block_build_seconds{quantile=""0.9""}",0.0004163018204074242
1791661048.068,479.339,"zaino_sync_block_build_seconds{quantile=""0.95""}",0.0004480077481584371
1791661048.068,479.339,"zaino_sync_block_build_seconds{quantile=""0.99""}",0.000639707172352246
1791661048.068,479.339,"zaino_sync_block_build_seconds{quantile=""0.999""}",0.0008448934539241845
1791661048.068,479.339,zaino_sync_block_build_seconds_sum,966.0215108490864
1791661048.068,479.339,zaino_sync_block_build_seconds_count,2214563.0
1791661050.068,481.340,zaino_sync_iterations_total,915.0
1791661050.068,481.340,"zaino_sync_iteration_duration_seconds{quantile=""0.5""}",7.318646658989152e-05
1791661050.068,481.340,"zaino_sync_iteration_duration_seconds{quantile=""0.9""}",0.00012541277826132597
1791661050.068,481.340,"zaino_sync_iteration_duration_seconds{quantile=""0.95""}",0.00016790704521621127
1791661050.068,481.340,zaino_sync_iteration_duration_seconds_sum,0.08832408999999991
1791661050.068,481.340,zaino_sync_iteration_duration_seconds_count,915.0
1791661050.068,481.340,"zaino_sync_block_build_seconds{quantile=""0.5""}",0.00032891867318190755
1791661050.068,481.340,"zaino_sync_block_build_seconds{quantile=""0.9""}",0.0004169684364729391
1791661050.068,481.340,"zaino_sync_block_build_seconds{quantile=""0.95""}",0.00044971341632415296
1791661050.068,481.340,"zaino_sync_block_build_seconds{quantile=""0.99""}",0.0006605088537933868
1791661050.068,481.340,"zaino_sync_block_build_seconds{quantile=""0.999""}",0.0008772662424679896
1791661050.068,481.340,zaino_sync_block_build_seconds_sum,970.0700374090902
1791661050.068,481.340,zaino_sync_block_build_seconds_count,2216114.0
1791661052.068,483.340,"zaino_grpc_requests_total{method=""get_block""}",192.0
1791661052.068,483.340,"zaino_grpc_requests_total{method=""get_lightd_info""}",96.0
1791661052.068,483.340,zaino_sync_iterations_total,919.0
1791661052.068,483.340,zaino_sync_finalized_height,2226516.0
1791661052.068,483.340,"zaino_grpc_request_duration_seconds{method=""get_block"",quantile=""0""}",9.769e-06
1791661052.068,483.340,"zaino_grpc_request_duration_seconds{method=""get_block"",quantile=""0.9""}",0.00035375710249299506
1791661052.068,483.340,"zaino_grpc_request_duration_seconds{method=""get_block"",quantile=""0.95""}",0.0003619154158138148
1791661052.068,483.340,"zaino_grpc_request_duration_seconds{method=""get_block"",quantile=""0.99""}",0.0003798629488372187
1791661052.068,483.340,"zaino_grpc_request_duration_seconds{method=""get_block"",quantile=""0.999""}",0.0003798629488372187
1791661052.068,483.340,"zaino_grpc_request_duration_seconds_sum{method=""get_block""}",0.038959057000000026
1791661052.068,483.340,"zaino_grpc_request_duration_seconds_count{method=""get_block""}",192.0
1791661052.068,483.340,"zaino_grpc_request_duration_seconds{method=""get_lightd_info"",quantile=""0.5""}",0.002872708331977541
1791661052.068,483.340,"zaino_grpc_request_duration_seconds{method=""get_lightd_info"",quantile=""0.9""}",0.003369132372566929
1791661052.068,483.340,"zaino_grpc_request_duration_seconds_sum{method=""get_lightd_info""}",0.31235564900000007
1791661052.068,483.340,"zaino_grpc_request_duration_seconds_count{method=""get_lightd_info""}",96.0
1791661052.068,483.340,"zaino_sync_iteration_duration_seconds{quantile=""0.5""}",7.102347961125505e-05
1791661052.068,483.340,"zaino_sync_iteration_duration_seconds{quantile=""0.95""}",0.00014883086449757088
1791661052.068,483.340,"zaino_sync_iteration_duration_seconds{quantile=""0.99""}",0.00017619838084382766
1791661052.068,483.340,"zaino_sync_iteration_duration_seconds{quantile=""0.999""}",0.00017619838084382766
1791661052.068,483.340,zaino_sync_iteration_duration_seconds_sum,0.08864289299999992
1791661052.068,483.340,zaino_sync_iteration_duration_seconds_count,919.0
1791661052.068,483.340,"zaino_sync_block_write_seconds{quantile=""0""}",8.011391364
1791661052.068,483.340,zaino_sync_block_write_seconds_sum,146.991682594
1791661052.068,483.340,zaino_sync_block_write_seconds_count,22.0
1791661052.068,483.340,"zaino_sync_block_build_seconds{quantile=""0.9""}",0.00040781373037114657
1791661052.068,483.340,"zaino_sync_block_build_seconds{quantile=""0.95""}",0.00043113037007338795
1791661052.068,483.340,"zaino_sync_block_build_seconds{quantile=""0.99""}",0.00048716872819379114
1791661052.068,483.340,"zaino_sync_block_build_seconds{quantile=""0.999""}",0.0005388356068806632
1791661052.068,483.340,"zaino_sync_block_build_seconds{quantile=""1""}",0.090854424
1791661052.068,483.340,zaino_sync_block_build_seconds_sum,973.6843586400903
1791661052.068,483.340,zaino_sync_block_build_seconds_count,2230855.0
1791661054.068,485.340,zaino_sync_iterations_total,923.0
1791661054.068,485.340,"zaino_sync_iteration_duration_seconds{quantile=""0.9""}",0.00012511214849252145
1791661054.068,485.340,"zaino_sync_iteration_duration_seconds{quantile=""0.95""}",0.0001437118888483841
1791661054.068,485.340,zaino_sync_iteration_duration_seconds_sum,0.08895742399999992
1791661054.068,485.340,zaino_sync_iteration_duration_seconds_count,923.0
1791661054.068,485.340,"zaino_sync_block_build_seconds{quantile=""0.5""}",0.0003316932268569625
1791661054.068,485.340,"zaino_sync_block_build_seconds{quantile=""0.9""}",0.0004069175263472377
1791661054.068,485.340,"zaino_sync_block_build_seconds{quantile=""0.95""}",0.0004296670159220155
1791661054.068,485.340,"zaino_sync_block_build_seconds{quantile=""0.99""}",0.0004804919752773174
1791661054.068,485.340,"zaino_sync_block_build_seconds{quantile=""0.999""}",0.0005215528062837979
1791661054.068,485.340,zaino_sync_block_build_seconds_sum,978.4019721940912
1791661054.068,485.340,zaino_sync_block_build_seconds_count,2244386.0
1791661056.068,487.340,"zaino_grpc_requests_total{method=""get_block""}",194.0
1791661056.068,487.340,"zaino_grpc_requests_total{method=""get_lightd_info""}",97.0
1791661056.068,487.340,zaino_sync_iterations_total,927.0
1791661056.068,487.340,"zaino_grpc_request_duration_seconds{method=""get_block"",quantile=""0.95""}",0.0003798629488372187
1791661056.068,487.340,"zaino_grpc_request_duration_seconds{method=""get_block"",quantile=""1""}",0.000392752
1791661056.068,487.340,"zaino_grpc_request_duration_seconds_sum{method=""get_block""}",0.03936788200000003
1791661056.068,487.340,"zaino_grpc_request_duration_seconds_count{method=""get_block""}",194.0
1791661056.068,487.340,"zaino_grpc_request_duration_seconds{method=""get_lightd_info"",quantile=""0.5""}",0.003077923725910808
1791661056.068,487.340,"zaino_grpc_request_duration_seconds{method=""get_lightd_info"",quantile=""0.9""}",0.003498923168911344
1791661056.068,487.340,"zaino_grpc_request_duration_seconds_sum{method=""get_lightd_info""}",0.31572158000000006
1791661056.068,487.340,"zaino_grpc_request_duration_seconds_count{method=""get_lightd_info""}",97.0
1791661056.068,487.340,"zaino_sync_iteration_duration_seconds{quantile=""0.5""}",7.186652083463022e-05
1791661056.068,487.340,"zaino_sync_iteration_duration_seconds{quantile=""0.9""}",0.00012541277826132597
1791661056.068,487.340,zaino_sync_iteration_duration_seconds_sum,0.0893519999999999
1791661056.068,487.340,zaino_sync_iteration_duration_seconds_count,927.0
1791661056.068,487.340,"zaino_sync_block_build_seconds{quantile=""0.5""}",0.0003232449924185154
1791661056.068,487.340,"zaino_sync_block_build_seconds{quantile=""0.9""}",0.0004002985032362962
1791661056.068,487.340,"zaino_sync_block_build_seconds{quantile=""0.95""}",0.000419561671509337
1791661056.068,487.340,"zaino_sync_block_build_seconds{quantile=""0.99""}",0.00045079402473833776
1791661056.068,487.340,"zaino_sync_block_build_seconds{quantile=""0.999""}",0.00046526657802081224
1791661056.068,487.340,zaino_sync_block_build_seconds_sum,982.1519723820911
1791661056.068,487.340,zaino_sync_block_build_seconds_count,2259790.0
1791661058.068,489.340,zaino_sync_iterations_total,931.0
1791661058.068,489.340,"zaino_sync_iteration_duration_seconds{quantile=""0.5""}",7.251623886987536e-05
1791661058.068,489.340,"zaino_sync_iteration_duration_seconds{quantile=""0.9""}",0.00012915464994530057
1791661058.068,489.340,"zaino_sync_iteration_duration_seconds{quantile=""0.95""}",0.00014883086449757088
1791661058.068,489.340,zaino_sync_iteration_duration_seconds_sum,0.0898033129999999
1791661058.068,489.340,zaino_sync_iteration_duration_seconds_count,931.0
1791661058.068,489.340,"zaino_sync_block_build_seconds{quantile=""0.5""}",0.0003233743162789616
1791661058.068,489.340,"zaino_sync_block_build_seconds{quantile=""0.9""}",0.0003987802554167525
1791661058.068,489.340,"zaino_sync_block_build_seconds{quantile=""0.95""}",0.0004178032078417792
1791661058.068,489.340,"zaino_sync_block_build_seconds{quantile=""0.99""}",0.0004480973586691198
1791661058.068,489.340,"zaino_sync_block_build_seconds{quantile=""0.999""}",0.00046183631296615476
1791661058.068,489.340,zaino_sync_block_build_seconds_sum,986.5993202590948
1791661058.068,489.340,zaino_sync_block_build_seconds_count,2274310.0
1791661060.069,491.340,zaino_sync_iterations_total,935.0
1791661060.069,491.340,"zaino_sync_iteration_duration_seconds{quantile=""0.5""}",7.186652083463022e-05
1791661060.069,491.340,zaino_sync_iteration_duration_seconds_sum,0.0900505739999999
1791661060.069,491.340,zaino_sync_iteration_duration_seconds_count,935.0
1791661060.069,491.340,"zaino_sync_block_build_seconds{quantile=""0.5""}",0.0003185598999114542
1791661060.069,491.340,"zaino_sync_block_build_seconds{quantile=""0.9""}",0.00039552362773293345
1791661060.069,491.340,"zaino_sync_block_build_seconds{quantile=""0.95""}",0.0004135632755226369
1791661060.069,491.340,"zaino_sync_block_build_seconds{quantile=""0.99""}",0.0004404559882445156
1791661060.069,491.340,"zaino_sync_block_build_seconds{quantile=""0.999""}",0.00045142557835945775
1791661060.069,491.340,zaino_sync_block_build_seconds_sum,990.5474375870907
1791661060.069,491.340,zaino_sync_block_build_seconds_count,2290078.0
1791661062.069,493.341,zaino_sync_iterations_total,939.0
1791661062.069,493.341,zaino_sync_orchard_actions_total,35645.0
1791661062.069,493.341,zaino_sync_transactions_total,2739810.0
1791661062.069,493.341,"zaino_grpc_requests_total{method=""get_block""}",196.0
1791661062.069,493.341,"zaino_grpc_requests_total{method=""get_lightd_info""}",98.0
1791661062.069,493.341,zaino_sync_sapling_outputs_total,124186.0
1791661062.069,493.341,zaino_sync_last_block_written_at,1791661061.5524805
1791661062.069,493.341,zaino_db_tip_height,2199999.0
1791661062.069,493.341,zaino_sync_finalized_height,2300002.0
1791661062.069,493.341,"zaino_grpc_request_duration_seconds{method=""get_block"",quantile=""0.9""}",0.0003543944387101215
1791661062.069,493.341,"zaino_grpc_request_duration_seconds_sum{method=""get_block""}",0.039737298000000025
1791661062.069,493.341,"zaino_grpc_request_duration_seconds_count{method=""get_block""}",196.0
1791661062.069,493.341,"zaino_grpc_request_duration_seconds{method=""get_lightd_info"",quantile=""0.5""}",0.0030418176705012496
1791661062.069,493.341,"zaino_grpc_request_duration_seconds_sum{method=""get_lightd_info""}",0.31876315200000005
1791661062.069,493.341,"zaino_grpc_request_duration_seconds_count{method=""get_lightd_info""}",98.0
1791661062.069,493.341,"zaino_sync_iteration_duration_seconds{quantile=""0.5""}",7.102347961125505e-05
1791661062.069,493.341,zaino_sync_iteration_duration_seconds_sum,0.0903377349999999
1791661062.069,493.341,zaino_sync_iteration_duration_seconds_count,939.0
1791661062.069,493.341,"zaino_sync_block_build_seconds{quantile=""0.5""}",0.0003213755979407753
1791661062.069,493.341,"zaino_sync_block_build_seconds{quantile=""0.9""}",0.00039631546656592544
1791661062.069,493.341,"zaino_sync_block_build_seconds{quantile=""0.95""}",0.00041430835979573466
1791661062.069,493.341,"zaino_sync_block_build_seconds{quantile=""0.99""}",0.00044151435214850025
1791661062.069,493.341,"zaino_sync_block_build_seconds{quantile=""0.999""}",0.00045223887615163826
1791661062.069,493.341,zaino_sync_block_build_seconds_sum,995.108604457091
1791661062.069,493.341,zaino_sync_block_build_seconds_count,2302676.0
1791661064.069,495.341,zaino_sync_iterations_total,943.0
1791661064.069,495.341,"zaino_sync_iteration_duration_seconds{quantile=""0.5""}",7.251623886987536e-05
1791661064.069,495.341,"zaino_sync_iteration_duration_seconds{quantile=""0.9""}",0.00012541277826132597
1791661064.069,495.341,"zaino_sync_iteration_duration_seconds{quantile=""0.95""}",0.00014402840304285876
1791661064.069,495.341,"zaino_sync_iteration_duration_seconds{quantile=""0.99""}",0.0001679742214688765
1791661064.069,495.341,zaino_sync_iteration_duration_seconds_sum,0.0907090179999999
1791661064.069,495.341,zaino_sync_iteration_duration_seconds_count,943.0
1791661064.069,495.341,"zaino_sync_block_build_seconds{quantile=""0.5""}",0.0003238921293267051
1791661064.069,495.341,"zaino_sync_block_build_seconds{quantile=""0.9""}",0.0003992590789615164
1791661064.069,495.341,"zaino_sync_block_build_seconds{quantile=""0.95""}",0.00041863965042401884
1791661064.069,495.341,"zaino_sync_block_build_seconds{quantile=""0.99""}",0.00045025339634875873
1791661064.069,495.341,"zaino_sync_block_build_seconds{quantile=""0.999""}",0.0004647085929833079
1791661064.069,495.341,zaino_sync_block_build_seconds_sum,999.5279397370855
1791661064.069,495.341,zaino_sync_block_build_seconds_count,2310906.0
1791661066.069,497.341,zaino_sync_iterations_total,947.0
1791661066.069,497.341,"zaino_grpc_requests_total{method=""get_block""}",198.0
1791661066.069,497.341,"zaino_grpc_requests_total{method=""get_lightd_info""}",99.0
1791661066.069,497.341,"zaino_grpc_request_duration_seconds{method=""get_block"",quantile=""0.95""}",0.0003648953231561291
1791661066.069,497.341,"zaino_grpc_request_duration_seconds_sum{method=""get_block""}",0.04011267200000002
1791661066.069,497.341,"zaino_grpc_request_duration_seconds_count{method=""get_block""}",198.0
1791661066.069,497.341,"zaino_grpc_request_duration_seconds_sum{method=""get_lightd_info""}",0.321447344
1791661066.069,497.341,"zaino_grpc_request_duration_seconds_count{method=""get_lightd_info""}",99.0
1791661066.069,497.341,zaino_sync_iteration_duration_seconds_sum,0.09099586399999991
1791661066.069,497.341,zaino_sync_iteration_duration_seconds_count,947.0
1791661066.069,497.341,"zaino_sync_block_write_seconds{quantile=""0.5""}",8.011676194615166
1791661066.069,497.341,"zaino_sync_block_write_seconds{quantile=""0.9""}",8.011676194615166
1791661066.069,497.341,"zaino_sync_block_write_seconds{quantile=""0.95""}",8.011676194615166
1791661066.069,497.341,"zaino_sync_block_write_seconds{quantile=""0.99""}",8.011676194615166
1791661066.069,497.341,"zaino_sync_block_write_seconds{quantile=""0.999""}",8.011676194615166
1791661066.069,497.341,"zaino_sync_block_build_seconds{quantile=""0.5""}",0.0003240217120936939
1791661066.069,497.341,"zaino_sync_block_build_seconds{quantile=""0.9""}",0.0003998184331304842
1791661066.069,497.341,"zaino_sync_block_build_seconds{quantile=""0.95""}",0.0004194777675654296
1791661066.069,497.341,"zaino_sync_block_build_seconds{quantile=""0.99""}",0.00045260081200880584
1791661066.069,497.341,"zaino_sync_block_build_seconds{quantile=""0.999""}",0.00046816019174753616
1791661066.069,497.341,zaino_sync_block_build_seconds_sum,1003.5999057940842
1791661066.069,497.341,zaino_sync_block_build_seconds_count,2311785.0
1791661068.069,499.341,zaino_sync_iterations_total,949.0
1791661068.069,499.341,"zaino_sync_iteration_duration_seconds{quantile=""0.5""}",7.318646658989152e-05
1791661068.069,499.341,"zaino_sync_iteration_duration_seconds{quantile=""0.9""}",0.00012915464994530057
1791661068.069,499.341,zaino_sync_iteration_duration_seconds_sum,0.09122326499999991
1791661068.069,499.341,zaino_sync_iteration_duration_seconds_count,949.0
1791661068.069,499.341,"zaino_sync_block_build_seconds{quantile=""0.5""}",0.00032408652291719464
1791661068.069,499.341,"zaino_sync_block_build_seconds{quantile=""0.9""}",0.0004002184515408185
1791661068.069,499.341,"zaino_sync_block_build_seconds{quantile=""0.95""}",0.0004202335075114681
1791661068.069,499.341,"zaino_sync_block_build_seconds{quantile=""0.99""}",0.00045459664319697104
1791661068.069,499.341,"zaino_sync_block_build_seconds{quantile=""0.999""}",0.00047097759666996997
1791661068.069,499.341,zaino_sync_block_build_seconds_sum,1007.6364612640854
1791661068.069,499.341,zaino_sync_block_build_seconds_count,2313045.0
1791661070.069,501.341,zaino_sync_iterations_total,953.0
1791661070.069,501.341,"zaino_sync_iteration_duration_seconds{quantile=""0.5""}",7.381858441537311e-05
1791661070.069,501.341,"zaino_sync_iteration_duration_seconds{quantile=""0.9""}",0.00012541277826132597
1791661070.069,501.341,zaino_sync_iteration_duration_seconds_sum,0.09157354899999992
1791661070.069,501.341,zaino_sync_iteration_duration_seconds_count,953.0
1791661070.069,501.341,"zaino_sync_block_write_seconds{quantile=""0""}",8.009543684
1791661070.069,501.341,zaino_sync_block_write_seconds_sum,155.001226278
1791661070.069,501.341,zaino_sync_block_write_seconds_count,23.0
1791661070.069,501.341,"zaino_sync_block_build_seconds{quantile=""0.5""}",0.00032343899761035083
1791661070.069,501.341,"zaino_sync_block_build_seconds{quantile=""0.9""}",0.0003996585377379096
1791661070.069,501.341,"zaino_sync_block_build_seconds{quantile=""0.95""}",0.0004197295297479102
1791661070.069,501.341,"zaino_sync_block_build_seconds{quantile=""0.99""}",0.00045386987013892465
1791661070.069,501.341,"zaino_sync_block_build_seconds{quantile=""0.999""}",0.0004699425848842652
1791661070.069,501.341,zaino_sync_block_build_seconds_sum,1011.6177847720833
1791661070.069,501.341,zaino_sync_block_build_seconds_count,2317995.0
1791661072.070,503.341,zaino_sync_iterations_total,957.0
1791661072.070,503.341,"zaino_grpc_requests_total{method=""get_lightd_info""}",100.0
1791661072.070,503.341,"zaino_grpc_requests_total{method=""get_block""}",200.0
1791661072.070,503.341,zaino_sync_finalized_height,2322355.0
1791661072.070,503.341,"zaino_grpc_request_duration_seconds_sum{method=""get_block""}",0.040456966000000025
1791661072.070,503.341,"zaino_grpc_request_duration_seconds_count{method=""get_block""}",200.0
1791661072.070,503.341,"zaino_grpc_request_duration_seconds{method=""get_lightd_info"",quantile=""0.5""}",0.0029923386971056993
1791661072.070,503.341,"zaino_grpc_request_duration_seconds{method=""get_lightd_info"",quantile=""0.9""}",0.0033657649241879465
1791661072.070,503.341,"zaino_grpc_request_duration_seconds_sum{method=""get_lightd_info""}",0.32443946700000004
1791661072.070,503.341,"zaino_grpc_request_duration_seconds_count{method=""get_lightd_info""}",100.0
1791661072.070,503.341,"zaino_sync_iteration_duration_seconds{quantile=""0.5""}",7.713911818822175e-05
1791661072.070,503.341,"zaino_sync_iteration_duration_seconds{quantile=""0.9""}",0.00013189557660489934
1791661072.070,503.341,"zaino_sync_iteration_duration_seconds{quantile=""0.999""}",0.0001679742214688765
1791661072.070,503.341,"zaino_sync_iteration_duration_seconds{quantile=""1""}",0.000176182
1791661072.070,503.341,zaino_sync_iteration_duration_seconds_sum,0.09195677099999991
1791661072.070,503.341,zaino_sync_iteration_duration_seconds_count,957.0
1791661072.070,503.341,"zaino_sync_block_build_seconds{quantile=""0.5""}",0.00033050127803149466
1791661072.070,503.341,"zaino_sync_block_build_seconds{quantile=""0.9""}",0.00041646837444472894
1791661072.070,503.341,"zaino_sync_block_build_seconds{quantile=""0.95""}",0.0004730544638593796
1791661072.070,503.341,"zaino_sync_block_build_seconds{quantile=""0.99""}",0.0017364716251164823
1791661072.070,503.341,"zaino_sync_block_build_seconds{quantile=""0.999""}",0.021154555262202467
1791661072.070,503.341,zaino_sync_block_build_seconds_sum,1015.784501671084
1791661072.070,503.341,zaino_sync_block_build_seconds_count,2325380.0
1791661074.070,505.342,zaino_sync_iterations_total,961.0
1791661074.070,505.342,"zaino_sync_iteration_duration_seconds{quantile=""0.5""}",7.627998021513595e-05
1791661074.070,505.342,"zaino_sync_iteration_duration_seconds{quantile=""0.9""}",0.00012915464994530057
1791661074.070,505.342,"zaino_sync_iteration_duration_seconds{quantile=""0.95""}",0.0001437118888483841
1791661074.070,505.342,zaino_sync_iteration_duration_seconds_sum,0.09220751199999991
1791661074.070,505.342,zaino_sync_iteration_duration_seconds_count,961.0
1791661074.070,505.342,"zaino_sync_block_build_seconds{quantile=""0.5""}",0.00033010491436230105
1791661074.070,505.342,"zaino_sync_block_build_seconds{quantile=""0.9""}",0.0004154700488126884
1791661074.070,505.342,"zaino_sync_block_build_seconds{quantile=""0.95""}",0.0004694728771908041
1791661074.070,505.342,"zaino_sync_block_build_seconds{quantile=""0.99""}",0.001537649962289268
1791661074.070,505.342,"zaino_sync_block_build_seconds{quantile=""0.999""}",0.02051292675900723
1791661074.070,505.342,zaino_sync_block_build_seconds_sum,1019.9830121760793
1791661074.070,505.342,zaino_sync_block_build_seconds_count,2338818.0
1791661076.070,507.342,zaino_sync_iterations_total,965.0
1791661076.070,507.342,"zaino_grpc_requests_total{method=""get_lightd_info""}",101.0
1791661076.070,507.342,"zaino_grpc_requests_total{method=""get_block""}",202.0
1791661076.070,507.342,"zaino_grpc_request_duration_seconds{method=""get_block"",quantile=""0.5""}",1.6333374277470342e-05
1791661076.070,507.342,"zaino_grpc_request_duration_seconds{method=""get_block"",quantile=""0.9""}",0.0003648953231561291
1791661076.070,507.342,"zaino_grpc_request_duration_seconds{method=""get_block"",quantile=""0.95""}",0.0003798629488372187
1791661076.070,507.342,"zaino_grpc_request_duration_seconds_sum{method=""get_block""}",0.040789358000000026
1791661076.070,507.342,"zaino_grpc_request_duration_seconds_count{method=""get_block""}",202.0
1791661076.070,507.342,"zaino_grpc_request_duration_seconds{method=""get_lightd_info"",quantile=""0.9""}",0.003498923168911344
1791661076.070,507.342,"zaino_grpc_request_duration_seconds_sum{method=""get_lightd_info""}",0.32713289500000003
1791661076.070,507.342,"zaino_grpc_request_duration_seconds_count{method=""get_lightd_info""}",101.0
1791661076.070,507.342,"zaino_sync_iteration_duration_seconds{quantile=""0.5""}",7.733994085251398e-05
1791661076.070,507.342,zaino_sync_iteration_duration_seconds_sum,0.09263226899999992
1791661076.070,507.342,zaino_sync_iteration_duration_seconds_count,965.0
1791661076.070,507.342,"zaino_sync_block_build_seconds{quantile=""0.5""}",0.00032525533700663456
1791661076.070,507.342,"zaino_sync_block_build_seconds{quantile=""0.9""}",0.0004131499189584651
1791661076.070,507.342,"zaino_sync_block_build_seconds{quantile=""0.95""}",0.00046526657802081224
1791661076.070,507.342,"zaino_sync_block_build_seconds{quantile=""0.99""}",0.0013902106077811527
1791661076.070,507.342,"zaino_sync_block_build_seconds{quantile=""0.999""}",0.0201671543953536
1791661076.070,507.342,zaino_sync_block_build_seconds_sum,1023.6557905800789
1791661076.070,507.342,zaino_sync_block_build_seconds_count,2353670.0
1791661078.070,509.342,zaino_sync_iterations_total,969.0
1791661078.070,509.342,"zaino_sync_iteration_duration_seconds{quantile=""0""}",4.5381e-05
1791661078.070,509.342,"zaino_sync_iteration_duration_seconds{quantile=""0.5""}",7.713911818822175e-05
1791661078.070,509.342,zaino_sync_iteration_duration_seconds_sum,0.09289731899999991
1791661078.070,509.342,zaino_sync_iteration_duration_seconds_count,969.0
1791661078.070,509.342,"zaino_sync_block_build_seconds{quantile=""0.5""}",0.000325841323845138
1791661078.070,509.342,"zaino_sync_block_build_seconds{quantile=""0.9""}",0.00041133605274104975
1791661078.070,509.342,"zaino_sync_block_build_seconds{quantile=""0.95""}",0.00046072923483649893
1791661078.070,509.342,"zaino_sync_block_build_seconds{quantile=""0.99""}",0.0012907910555762705
1791661078.070,509.342,"zaino_sync_block_build_seconds{quantile=""0.999""}",0.019878828301234785
1791661078.070,509.342,zaino_sync_block_build_seconds_sum,1028.0377805580692
1791661078.070,509.342,zaino_sync_block_build_seconds_count,2368052.0
1791661080.070,511.342,zaino_sync_iterations_total,973.0
1791661080.070,511.342,"zaino_sync_iteration_duration_seconds{quantile=""0.9""}",0.00012541277826132597
1791661080.070,511.342,zaino_sync_iteration_duration_seconds_sum,0.09322127899999991
1791661080.070,511.342,zaino_sync_iteration_duration_seconds_count,973.0
1791661080.070,511.342,"zaino_sync_block_build_seconds{quantile=""0.5""}",0.00032610210120211845
1791661080.070,511.342,"zaino_sync_block_build_seconds{quantile=""0.9""}",0.0004101859227229845
1791661080.070,511.342,"zaino_sync_block_build_seconds{quantile=""0.95""}",0.0004583396610836452
1791661080.070,511.342,"zaino_sync_block_build_seconds{quantile=""0.99""}",0.001205693899702343
1791661080.070,511.342,"zaino_sync_block_build_seconds{quantile=""0.999""}",0.019748060043948218
1791661080.070,511.342,zaino_sync_block_build_seconds_sum,1032.342173659066
1791661080.070,511.342,zaino_sync_block_build_seconds_count,2382153.0
1791661082.070,513.342,zaino_sync_iterations_total,977.0
1791661082.070,513.342,"zaino_grpc_requests_total{method=""get_block""}",204.0
1791661082.070,513.342,"zaino_grpc_requests_total{method=""get_lightd_info""}",102.0
1791661082.070,513.342,zaino_sync_finalized_height,2392954.0
1791661082.070,513.342,"zaino_grpc_request_duration_seconds{method=""get_block"",quantile=""0.9""}",0.0003798629488372187
1791661082.070,513.342,"zaino_grpc_request_duration_seconds{method=""get_block"",quantile=""0.95""}",0.00039276463008726376
1791661082.070,513.342,"zaino_grpc_request_duration_seconds{method=""get_block"",quantile=""0.99""}",0.00039276463008726376
1791661082.070,513.342,"zaino_grpc_request_duration_seconds{method=""get_block"",quantile=""0.999""}",0.00039276463008726376
1791661082.070,513.342,"zaino_grpc_request_duration_seconds{method=""get_block"",quantile=""1""}",0.000417798
1791661082.070,513.342,"zaino_grpc_request_duration_seconds_sum{method=""get_block""}",0.041221668000000024
1791661082.070,513.342,"zaino_grpc_request_duration_seconds_count{method=""get_block""}",204.0
1791661082.070,513.342,"zaino_grpc_request_duration_seconds_sum{method=""get_lightd_info""}",0.33045119300000003
1791661082.070,513.342,"zaino_grpc_request_duration_seconds_count{method=""get_lightd_info""}",102.0
1791661082.070,513.342,"zaino_sync_iteration_duration_seconds{quantile=""0.9""}",0.00012915464994530057
1791661082.070,513.342,zaino_sync_iteration_duration_seconds_sum,0.09357308899999991
1791661082.070,513.342,zaino_sync_iteration_duration_seconds_count,977.0
1791661082.070,513.342,"zaino_sync_block_build_seconds{quantile=""0.5""}",0.0003246704039957146
1791661082.070,513.342,"zaino_sync_block_build_seconds{quantile=""0.9""}",0.00040871190821431937
1791661082.070,513.342,"zaino_sync_block_build_seconds{quantile=""0.95""}",0.00045514248661117433
1791661082.070,513.342,"zaino_sync_block_build_seconds{quantile=""0.99""}",0.0011388913069138391
1791661082.070,513.342,"zaino_sync_block_build_seconds{quantile=""0.999""}",0.01939189627154312
1791661082.070,513.342,zaino_sync_block_build_seconds_sum,1036.4439994320603
1791661082.070,513.342,zaino_sync_block_build_seconds_count,2396660.0
1791661084.071,515.342,zaino_sync_orchard_actions_total,35769.0
1791661084.071,515.342,zaino_sync_transactions_total,2840489.0
1791661084.071,515.342,zaino_sync_iterations_total,981.0
1791661084.071,515.342,zaino_sync_sapling_outputs_total,124609.0
1791661084.071,515.342,zaino_sync_last_block_written_at,1791661082.5115285
1791661084.071,515.342,zaino_db_tip_height,2299999.0
1791661084.071,515.342,"zaino_sync_iteration_duration_seconds{quantile=""0.5""}",7.506921249898822e-05
1791661084.071,515.342,"zaino_sync_iteration_duration_seconds{quantile=""0.9""}",0.00012541277826132597
1791661084.071,515.342,"zaino_sync_iteration_duration_seconds{quantile=""0.95""}",0.00014351083297527647
1791661084.071,515.342,"zaino_sync_iteration_duration_seconds{quantile=""0.99""}",0.00016790704521621127
1791661084.071,515.342,zaino_sync_iteration_duration_seconds_sum,0.09381154599999993
1791661084.071,515.342,zaino_sync_iteration_duration_seconds_count,981.0
1791661084.071,515.342,"zaino_sync_block_build_seconds{quantile=""0.5""}",0.00032493024424201753
1791661084.071,515.342,"zaino_sync_block_build_seconds{quantile=""0.9""}",0.0004090390085646761
1791661084.071,515.342,"zaino_sync_block_build_seconds{quantile=""0.95""}",0.000453960653191258
1791661084.071,515.342,"zaino_sync_block_build_seconds{quantile=""0.99""}",0.0011103277603197305
1791661084.071,515.342,"zaino_sync_block_build_seconds{quantile=""0.999""}",0.01914143315676982
1791661084.071,515.342,zaino_sync_block_build_seconds_sum,1040.4219326020652
1791661084.071,515.342,zaino_sync_block_build_seconds_count,2409620.0
1791661086.071,517.343,zaino_sync_iterations_total,985.0
1791661086.071,517.343,"zaino_grpc_requests_total{method=""get_lightd_info""}",103.0
1791661086.071,517.343,"zaino_grpc_requests_total{method=""get_block""}",206.0
1791661086.071,517.343,"zaino_grpc_request_duration_seconds{method=""get_block"",quantile=""0.5""}",1.7023768529685142e-05
1791661086.071,517.343,"zaino_grpc_request_duration_seconds{method=""get_block"",quantile=""0.99""}",0.0004037559159411229
1791661086.071,517.343,"zaino_grpc_request_duration_seconds{method=""get_block"",quantile=""0.999""}",0.0004037559159411229
1791661086.071,517.343,"zaino_grpc_request_duration_seconds_sum{method=""get_block""}",0.04164245100000002
1791661086.071,517.343,"zaino_grpc_request_duration_seconds_count{method=""get_block""}",206.0
1791661086.071,517.343,"zaino_grpc_request_duration_seconds{method=""get_lightd_info"",quantile=""0.5""}",0.0030418176705012496
1791661086.071,517.343,"zaino_grpc_request_duration_seconds{method=""get_lightd_info"",quantile=""0.9""}",0.0035631865940939462
1791661086.071,517.343,"zaino_grpc_request_duration_seconds{method=""get_lightd_info"",quantile=""0.95""}",0.0035631865940939462
1791661086.071,517.343,"zaino_grpc_request_duration_seconds{method=""get_lightd_info"",quantile=""0.99""}",0.0035631865940939462
1791661086.071,517.343,"zaino_grpc_request_duration_seconds{method=""get_lightd_info"",quantile=""0.999""}",0.0035631865940939462
1791661086.071,517.343,"zaino_grpc_request_duration_seconds_sum{method=""get_lightd_info""}",0.334014079
1791661086.071,517.343,"zaino_grpc_request_duration_seconds_count{method=""get_lightd_info""}",103.0
1791661086.071,517.343,"zaino_sync_iteration_duration_seconds{quantile=""0.5""}",7.713911818822175e-05
1791661086.071,517.343,"zaino_sync_iteration_duration_seconds{quantile=""0.9""}",0.00012915464994530057
1791661086.071,517.343,"zaino_sync_iteration_duration_seconds{quantile=""0.95""}",0.0001437118888483841
1791661086.071,517.343,"zaino_sync_iteration_duration_seconds{quantile=""0.99""}",0.0001679742214688765
1791661086.071,517.343,"zaino_sync_iteration_duration_seconds{quantile=""0.999""}",0.00017007006922342783
1791661086.071,517.343,zaino_sync_iteration_duration_seconds_sum,0.09423956499999993
1791661086.071,517.343,zaino_sync_iteration_duration_seconds_count,985.0
1791661086.071,517.343,"zaino_sync_block_write_seconds{quantile=""0.5""}",8.010074019593747
1791661086.071,517.343,"zaino_sync_block_write_seconds{quantile=""0.9""}",8.010074019593747
1791661086.071,517.343,"zaino_sync_block_write_seconds{quantile=""0.95""}",8.010074019593747
1791661086.071,517.343,"zaino_sync_block_write_seconds{quantile=""0.99""}",8.010074019593747
1791661086.071,517.343,"zaino_sync_block_write_seconds{quantile=""0.999""}",8.010074019593747
1791661086.071,517.343,"zaino_sync_block_write_seconds{quantile=""1""}",8.011391364
1791661086.071,517.343,"zaino_sync_block_build_seconds{quantile=""0.5""}",0.00032682031557328557
1791661086.071,517.343,"zaino_sync_block_build_seconds{quantile=""0.9""}",0.000411994717218698
1791661086.071,517.343,"zaino_sync_block_build_seconds{quantile=""0.95""}",0.0004597167446640441
1791661086.071,517.343,"zaino_sync_block_build_seconds{quantile=""0.99""}",0.0012322666170638179
1791661086.071,517.343,"zaino_sync_block_build_seconds{quantile=""0.999""}",0.01975991243537595
1791661086.071,517.343,zaino_sync_block_build_seconds_sum,1045.8489642650566
1791661086.071,517.343,zaino_sync_block_build_seconds_count,2414727.0
1791661088.071,519.343,zaino_sync_iterations_total,989.0
1791661088.071,519.343,"zaino_sync_iteration_duration_seconds{quantile=""0.5""}",7.733994085251398e-05
1791661088.071,519.343,zaino_sync_iteration_duration_seconds_sum,0.09458808999999993
1791661088.071,519.343,zaino_sync_iteration_duration_seconds_count,989.0
1791661088.071,519.343,"zaino_sync_block_build_seconds{quantile=""0.5""}",0.00032708187643701146
1791661088.071,519.343,"zaino_sync_block_build_seconds{quantile=""0.9""}",0.00041290210335837826
1791661088.071,519.343,"zaino_sync_block_build_seconds{quantile=""0.95""}",0.00046378010459213374
1791661088.071,519.343,"zaino_sync_block_build_seconds{quantile=""0.99""}",0.0015459757314585298
1791661088.071,519.343,"zaino_sync_block_build_seconds{quantile=""0.999""}",0.02035354831374016
1791661088.071,519.343,zaino_sync_block_build_seconds_sum,1051.7057914470565
1791661088.071,519.343,zaino_sync_block_build_seconds_count,2415372.0
1791661090.071,521.343,zaino_sync_iterations_total,993.0
1791661090.071,521.343,"zaino_sync_iteration_duration_seconds{quantile=""0.9""}",0.00012541277826132597
1791661090.071,521.343,zaino_sync_iteration_duration_seconds_sum,0.09493121399999993
1791661090.071,521.343,zaino_sync_iteration_duration_seconds_count,993.0
1791661090.071,521.343,"zaino_sync_block_build_seconds{quantile=""0.5""}",0.0003274746102832244
1791661090.071,521.343,"zaino_sync_block_build_seconds{quantile=""0.9""}",0.0004147228753801611
1791661090.071,521.343,"zaino_sync_block_build_seconds{quantile=""0.95""}",0.00047097759666996997
1791661090.071,521.343,"zaino_sync_block_build_seconds{quantile=""0.99""}",0.002684394671325944
1791661090.071,521.343,"zaino_sync_block_build_seconds{quantile=""0.999""}",0.024362748419981237
1791661090.071,521.343,zaino_sync_block_build_seconds_sum,1057.5285111170579
1791661090.071,521.343,zaino_sync_block_build_seconds_count,2416482.0
1791661092.071,523.343,zaino_sync_iterations_total,997.0
1791661092.071,523.343,"zaino_grpc_requests_total{method=""get_lightd_info""}",104.0
1791661092.071,523.343,"zaino_grpc_requests_total{method=""get_block""}",208.0
1791661092.071,523.343,zaino_sync_finalized_height,2417129.0
1791661092.071,523.343,"zaino_grpc_request_duration_seconds{method=""get_block"",quantile=""0.9""}",0.00039276463008726376
1791661092.071,523.343,"zaino_grpc_request_duration_seconds{method=""get_block"",quantile=""0.95""}",0.0004037559159411229
1791661092.071,523.343,"zaino_grpc_request_duration_seconds{method=""get_block"",quantile=""0.99""}",0.0004178032078417792
1791661092.071,523.343,"zaino_grpc_request_duration_seconds{method=""get_block"",quantile=""0.999""}",0.0004178032078417792
1791661092.071,523.343,"zaino_grpc_request_duration_seconds{method=""get_block"",quantile=""1""}",0.000508342
1791661092.071,523.343,"zaino_grpc_request_duration_seconds_sum{method=""get_block""}",0.04216300100000002
1791661092.071,523.343,"zaino_grpc_request_duration_seconds_count{method=""get_block""}",208.0
1791661092.071,523.343,"zaino_grpc_request_duration_seconds{method=""get_lightd_info"",quantile=""0""}",0.002590336
1791661092.071,523.343,"zaino_grpc_request_duration_seconds{method=""get_lightd_info"",quantile=""0.5""}",0.0029923386971056993
1791661092.071,523.343,"zaino_grpc_request_duration_seconds{method=""get_lightd_info"",quantile=""0.9""}",0.003498923168911344
1791661092.071,523.343,"zaino_grpc_request_duration_seconds_sum{method=""get_lightd_info""}",0.33660441500000005
1791661092.071,523.343,"zaino_grpc_request_duration_seconds_count{method=""get_lightd_info""}",104.0
1791661092.071,523.343,"zaino_sync_iteration_duration_seconds{quantile=""0.5""}",8.078655244597437e-05
1791661092.071,523.343,"zaino_sync_iteration_duration_seconds{quantile=""0.9""}",0.00012044708440119513
1791661092.071,523.343,"zaino_sync_iteration_duration_seconds{quantile=""0.95""}",0.00014351083297527647
1791661092.071,523.343,"zaino_sync_iteration_duration_seconds{quantile=""0.99""}",0.0001664359455454406
1791661092.071,523.343,"zaino_sync_iteration_duration_seconds{quantile=""0.999""}",0.0001664359455454406
1791661092.071,523.343,"zaino_sync_iteration_duration_seconds{quantile=""1""}",0.000170072
1791661092.071,523.343,zaino_sync_iteration_duration_seconds_sum,0.09536303999999993
1791661092.071,523.343,zaino_sync_iteration_duration_seconds_count,997.0
1791661092.071,523.343,"zaino_sync_block_write_seconds{quantile=""0.5""}",8.011676194615166
1791661092.071,523.343,"zaino_sync_block_write_seconds{quantile=""0.9""}",8.011676194615166
1791661092.071,523.343,"zaino_sync_block_write_seconds{quantile=""0.95""}",8.011676194615166
1791661092.071,523.343,"zaino_sync_block_write_seconds{quantile=""0.99""}",8.011676194615166
1791661092.071,523.343,"zaino_sync_block_write_seconds{quantile=""0.999""}",8.011676194615166
1791661092.071,523.343,"zaino_sync_block_write_seconds{quantile=""1""}",9.227945981
1791661092.071,523.343,zaino_sync_block_write_seconds_sum,164.229172259
1791661092.071,523.343,zaino_sync_block_write_seconds_count,24.0
1791661092.071,523.343,"zaino_sync_block_build_seconds{quantile=""0""}",0.000105683
1791661092.071,523.343,"zaino_sync_block_build_seconds{quantile=""0.5""}",0.00032780224868649835
1791661092.071,523.343,"zaino_sync_block_build_seconds{quantile=""0.9""}",0.0004193100100115918
1791661092.071,523.343,"zaino_sync_block_build_seconds{quantile=""0.95""}",0.0005028090760897781
1791661092.071,523.343,"zaino_sync_block_build_seconds{quantile=""0.99""}",0.008685502515338209
1791661092.071,523.343,"zaino_sync_block_build_seconds{quantile=""0.999""}",0.02725549799312529
1791661092.071,523.343,"zaino_sync_block_build_seconds{quantile=""1""}",0.072254948
1791661092.071,523.343,zaino_sync_block_build_seconds_sum,1063.0935254620558
1791661092.071,523.343,zaino_sync_block_build_seconds_count,2419201.0
1791661094.071,525.343,zaino_sync_iterations_total,998.0
1791661094.071,525.343,zaino_sync_iteration_duration_seconds_sum,0.09543398399999993
1791661094.071,525.343,zaino_sync_iteration_duration_seconds_count,998.0
1791661094.071,525.343,"zaino_sync_block_build_seconds{quantile=""0.5""}",0.00032662428219918115
1791661094.071,525.343,"zaino_sync_block_build_seconds{quantile=""0.9""}",0.0004160521142336904
1791661094.071,525.343,"zaino_sync_block_build_seconds{quantile=""0.95""}",0.000492261720639947
1791661094.071,525.343,"zaino_sync_block_build_seconds{quantile=""0.99""}",0.008354959027056082
1791661094.071,525.343,"zaino_sync_block_build_seconds{quantile=""0.999""}",0.02664110335109854
1791661094.071,525.343,zaino_sync_block_build_seconds_sum,1067.0364509480469
1791661094.071,525.343,zaino_sync_block_build_seconds_count,2433404.0
1791661096.072,527.343,"zaino_grpc_requests_total{method=""get_lightd_info""}",105.0
1791661096.072,527.343,"zaino_grpc_requests_total{method=""get_block""}",210.0
1791661096.072,527.343,zaino_sync_iterations_total,1001.0
1791661096.072,527.343,"zaino_grpc_request_duration_seconds{method=""get_block"",quantile=""0""}",1.0499e-05
1791661096.072,527.343,"zaino_grpc_request_duration_seconds{method=""get_block"",quantile=""0.9""}",0.0004037559159411229
1791661096.072,527.343,"zaino_grpc_request_duration_seconds{method=""get_block"",quantile=""0.95""}",0.0004178032078417792
1791661096.072,527.343,"zaino_grpc_request_duration_seconds_sum{method=""get_block""}",0.04246709000000002
1791661096.072,527.343,"zaino_grpc_request_duration_seconds_count{method=""get_block""}",210.0
1791661096.072,527.343,"zaino_grpc_request_duration_seconds{method=""get_lightd_info"",quantile=""0.5""}",0.0030418176705012496
1791661096.072,527.343,"zaino_grpc_request_duration_seconds{method=""get_lightd_info"",quantile=""0.9""}",0.003374527299171385
1791661096.072,527.343,"zaino_grpc_request_duration_seconds{method=""get_lightd_info"",quantile=""0.95""}",0.003374527299171385
1791661096.072,527.343,"zaino_grpc_request_duration_seconds{method=""get_lightd_info"",quantile=""0.99""}",0.003374527299171385
1791661096.072,527.343,"zaino_grpc_request_duration_seconds{method=""get_lightd_info"",quantile=""0.999""}",0.003374527299171385
1791661096.072,527.343,"zaino_grpc_request_duration_seconds{method=""get_lightd_info"",quantile=""1""}",0.003562886
1791661096.072,527.343,"zaino_grpc_request_duration_seconds_sum{method=""get_lightd_info""}",0.33997872200000007
1791661096.072,527.343,"zaino_grpc_request_duration_seconds_count{method=""get_lightd_info""}",105.0
1791661096.072,527.343,"zaino_sync_iteration_duration_seconds{quantile=""0.5""}",7.983887342637864e-05
1791661096.072,527.343,"zaino_sync_iteration_duration_seconds{quantile=""0.9""}",0.00011744974298378278
1791661096.072,527.343,"zaino_sync_iteration_duration_seconds{quantile=""0.95""}",0.0001426523460109156
1791661096.072,527.343,zaino_sync_iteration_duration_seconds_sum,0.09562883699999992
1791661096.072,527.343,zaino_sync_iteration_duration_seconds_count,1001.0
1791661096.072,527.343,"zaino_sync_block_build_seconds{quantile=""0""}",0.000104888
1791661096.072,527.343,"zaino_sync_block_build_seconds{quantile=""0.9""}",0.0004135632755226369
1791661096.072,527.343,"zaino_sync_block_build_seconds{quantile=""0.95""}",0.00048425446734025204
1791661096.072,527.343,"zaino_sync_block_build_seconds{quantile=""0.99""}",0.0077932288287435115
1791661096.072,527.343,"zaino_sync_block_build_seconds{quantile=""0.999""}",0.026160620921460147
1791661096.072,527.343,zaino_sync_block_build_seconds_sum,1071.2446296470512
1791661096.072,527.343,zaino_sync_block_build_seconds_count,2447622.0
1791661098.072,529.344,zaino_sync_iterations_total,1005.0
1791661098.072,529.344,"zaino_sync_iteration_duration_seconds{quantile=""0.5""}",7.977502786905265e-05
1791661098.072,529.344,zaino_sync_iteration_duration_seconds_sum,0.09589088099999993
1791661098.072,529.344,zaino_sync_iteration_duration_seconds_count,1005.0
1791661098.072,529.344,"zaino_sync_block_build_seconds{quantile=""0.5""}",0.0003235036918792994
1791661098.072,529.344,"zaino_sync_block_build_seconds{quantile=""0.9""}",0.00041067844128392817
1791661098.072,529.344,"zaino_sync_block_build_seconds{quantile=""0.95""}",0.00047704485755915117
1791661098.072,529.344,"zaino_sync_block_build_seconds{quantile=""0.99""}",0.0042735944119479015
1791661098.072,529.344,"zaino_sync_block_build_seconds{quantile=""0.999""}",0.025524920814027827
1791661098.072,529.344,zaino_sync_block_build_seconds_sum,1075.1742861000507
1791661098.072,529.344,zaino_sync_block_build_seconds_count,2463078.0
1791661100.072,531.344,zaino_sync_iterations_total,1009.0
1791661100.072,531.344,"zaino_sync_iteration_duration_seconds{quantile=""0.5""}",7.983887342637864e-05
1791661100.072,531.344,"zaino_sync_iteration_duration_seconds{quantile=""0.9""}",0.00011519317742130587
1791661100.072,531.344,zaino_sync_iteration_duration_seconds_sum,0.09623244699999993
1791661100.072,531.344,zaino_sync_iteration_duration_seconds_count,1009.0
1791661100.072,531.344,"zaino_sync_block_build_seconds{quantile=""0.5""}",0.0003255156453865769
1791661100.072,531.344,"zaino_sync_block_build_seconds{quantile=""0.9""}",0.0004091208245479873
1791661100.072,531.344,"zaino_sync_block_build_seconds{quantile=""0.95""}",0.00047201488798817776
1791661100.072,531.344,"zaino_sync_block_build_seconds{quantile=""0.99""}",0.0022301196832033984
1791661100.072,531.344,"zaino_sync_block_build_seconds{quantile=""0.999""}",0.02521036606481502
1791661100.072,531.344,zaino_sync_block_build_seconds_sum,1079.7490259660397
1791661100.072,531.344,zaino_sync_block_build_seconds_count,2476978.0
1791661102.072,533.344,"zaino_grpc_requests_total{method=""get_lightd_info""}",106.0
1791661102.072,533.344,"zaino_grpc_requests_total{method=""get_block""}",212.0
1791661102.072,533.344,zaino_sync_iterations_total,1013.0
1791661102.072,533.344,zaino_sync_finalized_height,2488733.0
1791661102.072,533.344,"zaino_grpc_request_duration_seconds{method=""get_block"",quantile=""0.9""}",0.0004178032078417792
1791661102.072,533.344,"zaino_grpc_request_duration_seconds{method=""get_block"",quantile=""0.95""}",0.00044461579500967754
1791661102.072,533.344,"zaino_grpc_request_duration_seconds{method=""get_block"",quantile=""0.99""}",0.00044461579500967754
1791661102.072,533.344,"zaino_grpc_request_duration_seconds{method=""get_block"",quantile=""0.999""}",0.00044461579500967754
1791661102.072,533.344,"zaino_grpc_request_duration_seconds_sum{method=""get_block""}",0.04292747500000002
1791661102.072,533.344,"zaino_grpc_request_duration_seconds_count{method=""get_block""}",212.0
1791661102.072,533.344,"zaino_grpc_request_duration_seconds{method=""get_lightd_info"",quantile=""0.5""}",0.0030067364498627415
1791661102.072,533.344,"zaino_grpc_request_duration_seconds_sum{method=""get_lightd_info""}",0.34298553700000006
1791661102.072,533.344,"zaino_grpc_request_duration_seconds_count{method=""get_lightd_info""}",106.0
1791661102.072,533.344,"zaino_sync_iteration_duration_seconds{quantile=""0.5""}",7.760334418420934e-05
1791661102.072,533.344,zaino_sync_iteration_duration_seconds_sum,0.09649262899999993
1791661102.072,533.344,zaino_sync_iteration_duration_seconds_count,1013.0
1791661102.072,533.344,"zaino_sync_block_build_seconds{quantile=""0.5""}",0.00032156848115936137
1791661102.072,533.344,"zaino_sync_block_build_seconds{quantile=""0.9""}",0.00040626697887967113
1791661102.072,533.344,"zaino_sync_block_build_seconds{quantile=""0.95""}",0.00046498750180430653
1791661102.072,533.344,"zaino_sync_block_build_seconds{quantile=""0.99""}",0.001742385676852342
1791661102.072,533.344,"zaino_sync_block_build_seconds{quantile=""0.999""}",0.02331869178403147
1791661102.072,533.344,zaino_sync_block_build_seconds_sum,1083.4074525470453
1791661102.072,533.344,zaino_sync_block_build_seconds_count,2492456.0
1791661104.072,535.344,zaino_sync_transactions_total,2942451.0
1791661104.072,535.344,zaino_sync_orchard_actions_total,38070.0
1791661104.072,535.344,zaino_sync_iterations_total,1017.0
1791661104.072,535.344,zaino_sync_sapling_outputs_total,127546.0
1791661104.072,535.344,zaino_sync_last_block_written_at,1791661103.1846745
1791661104.072,535.344,zaino_db_tip_height,2399999.0
1791661104.072,535.344,"zaino_sync_iteration_duration_seconds{quantile=""0.5""}",7.740183756078458e-05
1791661104.072,535.344,zaino_sync_iteration_duration_seconds_sum,0.09677639899999993
1791661104.072,535.344,zaino_sync_iteration_duration_seconds_count,1017.0
1791661104.072,535.344,"zaino_sync_block_build_seconds{quantile=""0.5""}",0.0003218258388745069
1791661104.072,535.344,"zaino_sync_block_build_seconds{quantile=""0.9""}",0.00040529310724053913
1791661104.072,535.344,"zaino_sync_block_build_seconds{quantile=""0.95""}",0.00046229838027581045
1791661104.072,535.344,"zaino_sync_block_build_seconds{quantile=""0.99""}",0.0016029653417541333
1791661104.072,535.344,"zaino_sync_block_build_seconds{quantile=""0.999""}",0.022216944450848347
1791661104.072,535.344,zaino_sync_block_build_seconds_sum,1087.4757310360544
1791661104.072,535.344,zaino_sync_block_build_seconds_count,2505694.0
1791661106.072,537.344,"zaino_grpc_requests_total{method=""get_lightd_info""}",107.0
1791661106.072,537.344,"zaino_grpc_requests_total{method=""get_block""}",214.0
1791661106.072,537.344,zaino_sync_iterations_total,1021.0
1791661106.072,537.344,"zaino_grpc_request_duration_seconds{method=""get_block"",quantile=""0.99""}",0.00046750522605986544
1791661106.072,537.344,"zaino_grpc_request_duration_seconds{method=""get_block"",quantile=""0.999""}",0.00046750522605986544
1791661106.072,537.344,"zaino_grpc_request_duration_seconds_sum{method=""get_block""}",0.04340919700000002
1791661106.072,537.344,"zaino_grpc_request_duration_seconds_count{method=""get_block""}",214.0
1791661106.072,537.344,"zaino_grpc_request_duration_seconds{method=""get_lightd_info"",quantile=""0.5""}",0.0030418176705012496
1791661106.072,537.344,"zaino_grpc_request_duration_seconds_sum{method=""get_lightd_info""}",0.34616983200000007
1791661106.072,537.344,"zaino_grpc_request_duration_seconds_count{method=""get_lightd_info""}",107.0
1791661106.072,537.344,"zaino_sync_iteration_duration_seconds{quantile=""0.5""}",7.713911818822175e-05
1791661106.072,537.344,"zaino_sync_iteration_duration_seconds{quantile=""0.95""}",0.0001296723031630386
1791661106.072,537.344,"zaino_sync_iteration_duration_seconds{quantile=""0.99""}",0.00014939749770579767
1791661106.072,537.344,zaino_sync_iteration_duration_seconds_sum,0.09708264299999991
1791661106.072,537.344,zaino_sync_iteration_duration_seconds_count,1021.0
1791661106.072,537.344,"zaino_sync_block_write_seconds{quantile=""0.5""}",8.010074019593747
1791661106.072,537.344,"zaino_sync_block_write_seconds{quantile=""0.9""}",8.010074019593747
1791661106.072,537.344,"zaino_sync_block_write_seconds{quantile=""0.95""}",8.010074019593747
1791661106.072,537.344,"zaino_sync_block_write_seconds{quantile=""0.99""}",8.010074019593747
1791661106.072,537.344,"zaino_sync_block_write_seconds{quantile=""0.999""}",8.010074019593747
1791661106.072,537.344,"zaino_sync_block_build_seconds{quantile=""0.5""}",0.00031013588062380186
1791661106.072,537.344,"zaino_sync_block_build_seconds{quantile=""0.9""}",0.0003849103795328048
1791661106.072,537.344,"zaino_sync_block_build_seconds{quantile=""0.95""}",0.0004020636972353725
1791661106.072,537.344,"zaino_sync_block_build_seconds{quantile=""0.99""}",0.00042863705153202045
1791661106.072,537.344,"zaino_sync_block_build_seconds{quantile=""0.999""}",0.0004396638805738078
1791661106.072,537.344,"zaino_sync_block_build_seconds{quantile=""1""}",0.087443441
1791661106.072,537.344,zaino_sync_block_build_seconds_sum,1092.6409213190623
1791661106.072,537.344,zaino_sync_block_build_seconds_count,2513263.0
1791661108.073,539.344,zaino_sync_iterations_total,1025.0
1791661108.073,539.344,"zaino_sync_iteration_duration_seconds{quantile=""0.5""}",7.506921249898822e-05
1791661108.073,539.344,zaino_sync_iteration_duration_seconds_sum,0.09735976699999993
1791661108.073,539.344,zaino_sync_iteration_duration_seconds_count,1025.0
1791661108.073,539.344,"zaino_sync_block_build_seconds{quantile=""0.5""}",0.00031044617162510316
1791661108.073,539.344,"zaino_sync_block_build_seconds{quantile=""0.9""}",0.00038552672909026984
1791661108.073,539.344,"zaino_sync_block_build_seconds{quantile=""0.95""}",0.0004030298089823203
1791661108.073,539.344,"zaino_sync_block_build_seconds{quantile=""0.99""}",0.00043121660477087227
1791661108.073,539.344,"zaino_sync_block_build_seconds{quantile=""0.999""}",0.00044275232469139414
1791661108.073,539.344,zaino_sync_block_build_seconds_sum,1098.536148865061
1791661108.073,539.344,zaino_sync_block_build_seconds_count,2513941.0
1791661110.073,541.345,zaino_sync_iterations_total,1027.0
1791661110.073,541.345,"zaino_sync_iteration_duration_seconds{quantile=""0.5""}",7.457538711121342e-05
1791661110.073,541.345,zaino_sync_iteration_duration_seconds_sum,0.09749119299999993
1791661110.073,541.345,zaino_sync_iteration_duration_seconds_count,1027.0
1791661110.073,541.345,"zaino_sync_block_build_seconds{quantile=""0.5""}",0.0003110054779605819
1791661110.073,541.345,"zaino_sync_block_build_seconds{quantile=""0.9""}",0.0003865304027996693
1791661110.073,541.345,"zaino_sync_block_build_seconds{quantile=""0.95""}",0.00040472609389046956
1791661110.073,541.345,"zaino_sync_block_build_seconds{quantile=""0.99""}",0.00043485408027184606
1791661110.073,541.345,"zaino_sync_block_build_seconds{quantile=""0.999""}",0.0004474704612954485
1791661110.073,541.345,zaino_sync_block_build_seconds_sum,1104.7893999250653
1791661110.073,541.345,zaino_sync_block_build_seconds_count,2515231.0
1791661112.073,543.345,zaino_sync_iterations_total,1031.0
1791661112.073,543.345,"zaino_grpc_requests_total{method=""get_lightd_info""}",108.0
1791661112.073,543.345,"zaino_grpc_requests_total{method=""get_block""}",216.0
1791661112.073,543.345,zaino_sync_finalized_height,2516163.0
1791661112.073,543.345,"zaino_grpc_request_duration_seconds_sum{method=""get_block""}",0.04378053400000002
1791661112.073,543.345,"zaino_grpc_request_duration_seconds_count{method=""get_block""}",216.0
1791661112.073,543.345,"zaino_grpc_request_duration_seconds{method=""get_lightd_info"",quantile=""0.9""}",0.0033657649241879465
1791661112.073,543.345,"zaino_grpc_request_duration_seconds_sum{method=""get_lightd_info""}",0.34937075800000006
1791661112.073,543.345,"zaino_grpc_request_duration_seconds_count{method=""get_lightd_info""}",108.0
1791661112.073,543.345,"zaino_sync_iteration_duration_seconds{quantile=""0.5""}",7.169424799415236e-05
1791661112.073,543.345,"zaino_sync_iteration_duration_seconds{quantile=""0.9""}",0.00011744974298378278
1791661112.073,543.345,"zaino_sync_iteration_duration_seconds{quantile=""0.95""}",0.00014351083297527647
1791661112.073,543.345,"zaino_sync_iteration_duration_seconds{quantile=""0.99""}",0.00017350571253175114
1791661112.073,543.345,"zaino_sync_iteration_duration_seconds{quantile=""0.999""}",0.00017350571253175114
1791661112.073,543.345,"zaino_sync_iteration_duration_seconds{quantile=""1""}",0.000196169
1791661112.073,543.345,zaino_sync_iteration_duration_seconds_sum,0.09799891099999992
1791661112.073,543.345,zaino_sync_iteration_duration_seconds_count,1031.0
1791661112.073,543.345,"zaino_sync_block_write_seconds{quantile=""0.5""}",8.31865016645161
1791661112.073,543.345,"zaino_sync_block_write_seconds{quantile=""0.9""}",8.31865016645161
1791661112.073,543.345,"zaino_sync_block_write_seconds{quantile=""0.95""}",8.31865016645161
1791661112.073,543.345,"zaino_sync_block_write_seconds{quantile=""0.99""}",8.31865016645161
1791661112.073,543.345,"zaino_sync_block_write_seconds{quantile=""0.999""}",8.31865016645161
1791661112.073,543.345,zaino_sync_block_write_seconds_sum,172.548385542
1791661112.073,543.345,zaino_sync_block_write_seconds_count,25.0
1791661112.073,543.345,"zaino_sync_block_build_seconds{quantile=""0.5""}",0.00031075677307260406
1791661112.073,543.345,"zaino_sync_block_build_seconds{quantile=""0.9""}",0.000386375821556344
1791661112.073,543.345,"zaino_sync_block_build_seconds{quantile=""0.95""}",0.00040537417396866
1791661112.073,543.345,"zaino_sync_block_build_seconds{quantile=""0.99""}",0.0004386976832400912
1791661112.073,543.345,"zaino_sync_block_build_seconds{quantile=""0.999""}",0.00045314425898800145
1791661112.073,543.345,"zaino_sync_block_build_seconds{quantile=""1""}",0.103031885
1791661112.073,543.345,zaino_sync_block_build_seconds_sum,1109.5635066440657
1791661112.073,543.345,zaino_sync_block_build_seconds_count,2519185.0
1791661114.073,545.345,zaino_sync_iterations_total,1035.0
1791661114.073,545.345,"zaino_sync_iteration_duration_seconds{quantile=""0.5""}",7.179469023484191e-05
1791661114.073,545.345,zaino_sync_iteration_duration_seconds_sum,0.09829002199999992
1791661114.073,545.345,zaino_sync_iteration_duration_seconds_count,1035.0
1791661114.073,545.345,"zaino_sync_block_build_seconds{quantile=""0.5""}",0.0003022367123106244
1791661114.073,545.345,"zaino_sync_block_build_seconds{quantile=""0.9""}",0.0003798629488372187
1791661114.073,545.345,"zaino_sync_block_build_seconds{quantile=""0.95""}",0.0003960777486077123
1791661114.073,545.345,"zaino_sync_block_build_seconds{quantile=""0.99""}",0.0004190584994654558
1791661114.073,545.345,"zaino_sync_block_build_seconds{quantile=""0.999""}",0.0004278661988122714
1791661114.073,545.345,zaino_sync_block_build_seconds_sum,1113.256426941066
1791661114.073,545.345,zaino_sync_block_build_seconds_count,2534227.0
1791661116.073,547.345,"zaino_grpc_requests_total{method=""get_block""}",218.0
1791661116.073,547.345,"zaino_grpc_requests_total{method=""get_lightd_info""}",109.0
1791661116.073,547.345,zaino_sync_iterations_total,1039.0
1791661116.073,547.345,"zaino_grpc_request_duration_seconds{method=""get_block"",quantile=""0""}",1.2208e-05
1791661116.073,547.345,"zaino_grpc_request_duration_seconds{method=""get_block"",quantile=""0.9""}",0.00044461579500967754
1791661116.073,547.345,"zaino_grpc_request_duration_seconds{method=""get_block"",quantile=""0.95""}",0.00046750522605986544
1791661116.073,547.345,"zaino_grpc_request_duration_seconds_sum{method=""get_block""}",0.044112034000000015
1791661116.073,547.345,"zaino_grpc_request_duration_seconds_count{method=""get_block""}",218.0
1791661116.073,547.345,"zaino_grpc_request_duration_seconds{method=""get_lightd_info"",quantile=""0.5""}",0.0032009743724060163
1791661116.073,547.345,"zaino_grpc_request_duration_seconds{method=""get_lightd_info"",quantile=""0.9""}",0.003374527299171385
1791661116.073,547.345,"zaino_grpc_request_duration_seconds_sum{method=""get_lightd_info""}",0.35258790000000007
1791661116.073,547.345,"zaino_grpc_request_duration_seconds_count{method=""get_lightd_info""}",109.0
1791661116.073,547.345,"zaino_sync_iteration_duration_seconds{quantile=""0.9""}",0.00011519317742130587
1791661116.073,547.345,"zaino_sync_iteration_duration_seconds{quantile=""0.95""}",0.0001296723031630386
1791661116.073,547.345,zaino_sync_iteration_duration_seconds_sum,0.09860052899999992
1791661116.073,547.345,zaino_sync_iteration_duration_seconds_count,1039.0
1791661116.073,547.345,"zaino_sync_block_build_seconds{quantile=""0.5""}",0.00030423807184006273
1791661116.073,547.345,"zaino_sync_block_build_seconds{quantile=""0.9""}",0.0003787250676620875
1791661116.073,547.345,"zaino_sync_block_build_seconds{quantile=""0.95""}",0.0003938659121305355
1791661116.073,547.345,"zaino_sync_block_build_seconds{quantile=""0.99""}",0.0004147228753801611
1791661116.073,547.345,"zaino_sync_block_build_seconds{quantile=""0.999""}",0.00042233993674072756
1791661116.073,547.345,zaino_sync_block_build_seconds_sum,1117.810486203059
1791661116.073,547.345,zaino_sync_block_build_seconds_count,2548279.0
1791661118.074,549.345,zaino_sync_iterations_total,1043.0
1791661118.074,549.345,zaino_sync_iteration_duration_seconds_sum,0.09888510699999992
1791661118.074,549.345,zaino_sync_iteration_duration_seconds_count,1043.0
1791661118.074,549.345,"zaino_sync_block_build_seconds{quantile=""0""}",0.000103909
1791661118.074,549.345,"zaino_sync_block_build_seconds{quantile=""0.5""}",0.0003012108524353813
1791661118.074,549.345,"zaino_sync_block_build_seconds{quantile=""0.9""}",0.0003760080402022678
1791661118.074,549.345,"zaino_sync_block_build_seconds{quantile=""0.95""}",0.00039049318877260253
1791661118.074,549.345,"zaino_sync_block_build_seconds{quantile=""0.99""}",0.00040953015000251634
1791661118.074,549.345,"zaino_sync_block_build_seconds{quantile=""0.999""}",0.0004163018204074242
1791661118.074,549.345,zaino_sync_block_build_seconds_sum,1121.6873568230653
1791661118.074,549.345,zaino_sync_block_build_seconds_count,2563068.0
1791661120.074,551.346,zaino_sync_iterations_total,1047.0
1791661120.074,551.346,"zaino_sync_iteration_duration_seconds{quantile=""0.5""}",7.169424799415236e-05
1791661120.074,551.346,"zaino_sync_iteration_duration_seconds{quantile=""0.9""}",0.00011158766583288754
1791661120.074,551.346,zaino_sync_iteration_duration_seconds_sum,0.09915174399999992
1791661120.074,551.346,zaino_sync_iteration_duration_seconds_count,1047.0
1791661120.074,551.346,"zaino_sync_block_build_seconds{quantile=""0.5""}",0.0002969044963235394
1791661120.074,551.346,"zaino_sync_block_build_seconds{quantile=""0.9""}",0.0003725646301944492
1791661120.074,551.346,"zaino_sync_block_build_seconds{quantile=""0.95""}",0.00038568097062867114
1791661120.074,551.346,"zaino_sync_block_build_seconds{quantile=""0.99""}",0.00040174217490259324
1791661120.074,551.346,"zaino_sync_block_build_seconds{quantile=""0.999""}",0.0004069175263472377
1791661120.074,551.346,zaino_sync_block_build_seconds_sum,1125.788265657062
1791661120.074,551.346,zaino_sync_block_build_seconds_count,2577724.0
1791661122.074,553.346,"zaino_grpc_requests_total{method=""get_block""}",220.0
1791661122.074,553.346,"zaino_grpc_requests_total{method=""get_lightd_info""}",110.0
1791661122.074,553.346,zaino_sync_iterations_total,1051.0
1791661122.074,553.346,zaino_sync_finalized_height,2589006.0
1791661122.074,553.346,"zaino_grpc_request_duration_seconds{method=""get_block"",quantile=""0.5""}",0.00010418941309686654
1791661122.074,553.346,"zaino_grpc_request_duration_seconds_sum{method=""get_block""}",0.04463181800000002
1791661122.074,553.346,"zaino_grpc_request_duration_seconds_count{method=""get_block""}",220.0
1791661122.074,553.346,"zaino_grpc_request_duration_seconds{method=""get_lightd_info"",quantile=""0.5""}",0.003184372507871474
1791661122.074,553.346,"zaino_grpc_request_duration_seconds_sum{method=""get_lightd_info""}",0.3554879490000001
1791661122.074,553.346,"zaino_grpc_request_duration_seconds_count{method=""get_lightd_info""}",110.0
1791661122.074,553.346,"zaino_sync_iteration_duration_seconds{quantile=""0.9""}",0.00011377360157624107
1791661122.074,553.346,zaino_sync_iteration_duration_seconds_sum,0.09945015099999993
1791661122.074,553.346,zaino_sync_iteration_duration_seconds_count,1051.0
1791661122.074,553.346,"zaino_sync_block_build_seconds{quantile=""0.5""}",0.00028922661789687463
1791661122.074,553.346,"zaino_sync_block_build_seconds{quantile=""0.9""}",0.00036797335350958815
1791661122.074,553.346,"zaino_sync_block_build_seconds{quantile=""0.95""}",0.00037971103404216207
1791661122.074,553.346,"zaino_sync_block_build_seconds{quantile=""0.99""}",0.00039307896751058623
1791661122.074,553.346,"zaino_sync_block_build_seconds{quantile=""0.999""}",0.00039710889066132266
1791661122.074,553.346,zaino_sync_block_build_seconds_sum,1129.601690635051
1791661122.074,553.346,zaino_sync_block_build_seconds_count,2592825.0
1791661124.074,555.346,zaino_sync_sapling_outputs_total,127876.0
1791661124.074,555.346,zaino_sync_transactions_total,3043117.0
1791661124.074,555.346,zaino_sync_iterations_total,1055.0
1791661124.074,555.346,zaino_sync_orchard_actions_total,38112.0
1791661124.074,555.346,zaino_db_tip_height,2499999.0
1791661124.074,555.346,zaino_sync_last_block_written_at,1791661123.2353046
1791661124.074,555.346,"zaino_sync_iteration_duration_seconds{quantile=""0.5""}",7.179469023484191e-05
1791661124.074,555.346,"zaino_sync_iteration_duration_seconds{quantile=""0.9""}",0.00011577058562792036
1791661124.074,555.346,zaino_sync_iteration_duration_seconds_sum,0.09984748099999993
1791661124.074,555.346,zaino_sync_iteration_duration_seconds_count,1055.0
1791661124.074,555.346,"zaino_sync_block_build_seconds{quantile=""0.5""}",0.0002913748334710821
1791661124.074,555.346,"zaino_sync_block_build_seconds{quantile=""0.9""}",0.0003691527542795603
1791661124.074,555.346,"zaino_sync_block_build_seconds{quantile=""0.95""}",0.00038062343497006584
1791661124.074,555.346,"zaino_sync_block_build_seconds{quantile=""0.99""}",0.00039378714682464005
1791661124.074,555.346,"zaino_sync_block_build_seconds{quantile=""0.999""}",0.00039774477345908357
1791661124.074,555.346,zaino_sync_block_build_seconds_sum,1133.833194861053
1791661124.074,555.346,zaino_sync_block_build_seconds_count,2605108.0
1791661126.074,557.346,zaino_sync_iterations_total,1059.0
1791661126.074,557.346,"zaino_grpc_requests_total{method=""get_lightd_info""}",111.0
1791661126.074,557.346,"zaino_grpc_requests_total{method=""get_block""}",222.0
1791661126.074,557.346,"zaino_grpc_request_duration_seconds{method=""get_block"",quantile=""0.99""}",0.0005083705077417334
1791661126.074,557.346,"zaino_grpc_request_duration_seconds{method=""get_block"",quantile=""0.999""}",0.0005083705077417334
1791661126.074,557.346,"zaino_grpc_request_duration_seconds{method=""get_block"",quantile=""1""}",0.001180577
1791661126.074,557.346,"zaino_grpc_request_duration_seconds_sum{method=""get_block""}",0.04582615800000002
1791661126.074,557.346,"zaino_grpc_request_duration_seconds_count{method=""get_block""}",222.0
1791661126.074,557.346,"zaino_grpc_request_duration_seconds{method=""get_lightd_info"",quantile=""0.5""}",0.0032009743724060163
1791661126.074,557.346,"zaino_grpc_request_duration_seconds{method=""get_lightd_info"",quantile=""0.9""}",0.0035631865940939462
1791661126.074,557.346,"zaino_grpc_request_duration_seconds{method=""get_lightd_info"",quantile=""0.95""}",0.0035631865940939462
1791661126.074,557.346,"zaino_grpc_request_duration_seconds{method=""get_lightd_info"",quantile=""0.99""}",0.0035631865940939462
1791661126.074,557.346,"zaino_grpc_request_duration_seconds{method=""get_lightd_info"",quantile=""0.999""}",0.0035631865940939462
1791661126.074,557.346,"zaino_grpc_request_duration_seconds{method=""get_lightd_info"",quantile=""1""}",0.003833135
1791661126.074,557.346,"zaino_grpc_request_duration_seconds_sum{method=""get_lightd_info""}",0.35932108400000007
1791661126.074,557.346,"zaino_grpc_request_duration_seconds_count{method=""get_lightd_info""}",111.0
1791661126.074,557.346,"zaino_sync_iteration_duration_seconds{quantile=""0.5""}",7.169424799415236e-05
1791661126.074,557.346,"zaino_sync_iteration_duration_seconds{quantile=""0.9""}",0.00011519317742130587
1791661126.074,557.346,"zaino_sync_iteration_duration_seconds{quantile=""0.95""}",0.00012416490026350801
1791661126.074,557.346,"zaino_sync_iteration_duration_seconds{quantile=""0.99""}",0.00017007006922342783
1791661126.074,557.346,zaino_sync_iteration_duration_seconds_sum,0.10011190099999993
1791661126.074,557.346,zaino_sync_iteration_duration_seconds_count,1059.0
1791661126.074,557.346,"zaino_sync_block_write_seconds{quantile=""0""}",8.319213283
1791661126.074,557.346,"zaino_sync_block_build_seconds{quantile=""0.5""}",0.00029465657506475446
1791661126.074,557.346,"zaino_sync_block_build_seconds{quantile=""0.9""}",0.000372713685856169
1791661126.074,557.346,"zaino_sync_block_build_seconds{quantile=""0.95""}",0.00038514139505902177
1791661126.074,557.346,"zaino_sync_block_build_seconds{quantile=""0.99""}",0.0003993389387632892
1791661126.074,557.346,"zaino_sync_block_build_seconds{quantile=""0.999""}",0.0004034330403747405
1791661126.074,557.346,zaino_sync_block_build_seconds_sum,1138.9105467380548
1791661126.074,557.346,zaino_sync_block_build_seconds_count,2612105.0
1791661128.074,559.346,zaino_sync_iterations_total,1063.0
1791661128.074,559.346,"zaino_sync_iteration_duration_seconds{quantile=""0.5""}",7.130814247682967e-05
1791661128.074,559.346,"zaino_sync_iteration_duration_seconds{quantile=""0.9""}",0.00011577058562792036
1791661128.074,559.346,"zaino_sync_iteration_duration_seconds{quantile=""0.95""}",0.0001296723031630386
1791661128.074,559.346,zaino_sync_iteration_duration_seconds_sum,0.10045569799999993
1791661128.074,559.346,zaino_sync_iteration_duration_seconds_count,1063.0
1791661128.074,559.346,"zaino_sync_block_build_seconds{quantile=""0.5""}",0.0002933629342270737
1791661128.074,559.346,"zaino_sync_block_build_seconds{quantile=""0.9""}",0.0003719690034126451
1791661128.074,559.346,"zaino_sync_block_build_seconds{quantile=""0.95""}",0.0003840645074954223
1791661128.074,559.346,"zaino_sync_block_build_seconds{quantile=""0.99""}",0.0003978243303694664
1791661128.074,559.346,"zaino_sync_block_build_seconds{quantile=""0.999""}",0.0004018225313732208
1791661128.074,559.346,"zaino_sync_block_build_seconds{quantile=""1""}",0.103297078
1791661128.074,559.346,zaino_sync_block_build_seconds_sum,1144.7984099820558
1791661128.074,559.346,zaino_sync_block_build_seconds_count,2612834.0
1791661130.075,561.346,zaino_sync_iterations_total,1067.0
1791661130.075,561.346,"zaino_sync_iteration_duration_seconds{quantile=""0.5""}",7.179469023484191e-05
1791661130.075,561.346,"zaino_sync_iteration_duration_seconds{quantile=""0.95""}",0.0001418840994723881
1791661130.075,561.346,zaino_sync_iteration_duration_seconds_sum,0.10083676599999992
1791661130.075,561.346,zaino_sync_iteration_duration_seconds_count,1067.0
1791661130.075,561.346,"zaino_sync_block_build_seconds{quantile=""0.5""}",0.00029412667028524747
1791661130.075,561.346,"zaino_sync_block_build_seconds{quantile=""0.9""}",0.0003728628011520794
1791661130.075,561.346,"zaino_sync_block_build_seconds{quantile=""0.95""}",0.0003852954824329792
1791661130.075,561.346,"zaino_sync_block_build_seconds{quantile=""0.99""}",0.0003994987062907023
1791661130.075,561.346,"zaino_sync_block_build_seconds{quantile=""0.999""}",0.00040367517283224557
1791661130.075,561.346,zaino_sync_block_build_seconds_sum,1150.3977665030561
1791661130.075,561.346,zaino_sync_block_build_seconds_count,2614406.0
1791661132.075,563.346,zaino_sync_iterations_total,1071.0
1791661132.075,563.346,"zaino_grpc_requests_total{method=""get_block""}",224.0
1791661132.075,563.346,"zaino_grpc_requests_total{method=""get_lightd_info""}",112.0
1791661132.075,563.346,zaino_sync_finalized_height,2615806.0
1791661132.075,563.346,"zaino_grpc_request_duration_seconds{method=""get_block"",quantile=""0""}",1.1357e-05
1791661132.075,563.346,"zaino_grpc_request_duration_seconds_sum{method=""get_block""}",0.04617230400000002
1791661132.075,563.346,"zaino_grpc_request_duration_seconds_count{method=""get_block""}",224.0
1791661132.075,563.346,"zaino_grpc_request_duration_seconds{method=""get_lightd_info"",quantile=""0.5""}",0.003184372507871474
1791661132.075,563.346,"zaino_grpc_request_duration_seconds{method=""get_lightd_info"",quantile=""0.9""}",0.003374527299171385
1791661132.075,563.346,"zaino_grpc_request_duration_seconds_sum{method=""get_lightd_info""}",0.3624816450000001
1791661132.075,563.346,"zaino_grpc_request_duration_seconds_count{method=""get_lightd_info""}",112.0
1791661132.075,563.346,"zaino_sync_iteration_duration_seconds{quantile=""0""}",4.7928e-05
1791661132.075,563.346,"zaino_sync_iteration_duration_seconds{quantile=""0.5""}",6.998007236871592e-05
1791661132.075,563.346,"zaino_sync_iteration_duration_seconds{quantile=""0.9""}",0.00011259648771768926
1791661132.075,563.346,"zaino_sync_iteration_duration_seconds{quantile=""0.95""}",0.0001296723031630386
1791661132.075,563.346,"zaino_sync_iteration_duration_seconds{quantile=""0.99""}",0.00017350571253175114
1791661132.075,563.346,zaino_sync_iteration_duration_seconds_sum,0.10114494399999992
1791661132.075,563.346,zaino_sync_iteration_duration_seconds_count,1071.0
1791661132.075,563.346,"zaino_sync_block_write_seconds{quantile=""0""}",8.219386859
1791661132.075,563.346,zaino_sync_block_write_seconds_sum,180.767772401
1791661132.075,563.346,zaino_sync_block_write_seconds_count,26.0
1791661132.075,563.346,"zaino_sync_block_build_seconds{quantile=""0.5""}",0.0003161480214115509
1791661132.075,563.346,"zaino_sync_block_build_seconds{quantile=""0.9""}",0.0003975061981739558
1791661132.075,563.346,"zaino_sync_block_build_seconds{quantile=""0.95""}",0.0004327717821930002
1791661132.075,563.346,"zaino_sync_block_build_seconds{quantile=""0.99""}",0.0006353719201285198
1791661132.075,563.346,"zaino_sync_block_build_seconds{quantile=""0.999""}",0.0019364477794697058
1791661132.075,563.346,zaino_sync_block_build_seconds_sum,1156.830757127058
1791661132.075,563.346,zaino_sync_block_build_seconds_count,2623634.0
1791661134.075,565.347,zaino_sync_iterations_total,1073.0
1791661134.075,565.347,"zaino_sync_iteration_duration_seconds{quantile=""0.5""}",7.054215829545788e-05
1791661134.075,565.347,"zaino_sync_iteration_duration_seconds{quantile=""0.9""}",0.00011377360157624107
1791661134.075,565.347,"zaino_sync_iteration_duration_seconds{quantile=""0.95""}",0.0001418840994723881
1791661134.075,565.347,zaino_sync_iteration_duration_seconds_sum,0.10139077999999992
1791661134.075,565.347,zaino_sync_iteration_duration_seconds_count,1073.0
1791661134.075,565.347,"zaino_sync_block_build_seconds{quantile=""0.5""}",0.00031913382411002706
1791661134.075,565.347,"zaino_sync_block_build_seconds{quantile=""0.9""}",0.00039814271717256405
1791661134.075,565.347,"zaino_sync_block_build_seconds{quantile=""0.95""}",0.00043026897101655973
1791661134.075,565.347,"zaino_sync_block_build_seconds{quantile=""0.99""}",0.0005806862118769085
1791661134.075,565.347,"zaino_sync_block_build_seconds{quantile=""0.999""}",0.00121489208219032
1791661134.075,565.347,zaino_sync_block_build_seconds_sum,1159.9006623630544
1791661134.075,565.347,zaino_sync_block_build_seconds_count,2632178.0
1791661136.075,567.347,"zaino_grpc_requests_total{method=""get_lightd_info""}",113.0
1791661136.075,567.347,"zaino_grpc_requests_total{method=""get_block""}",226.0
1791661136.075,567.347,zaino_sync_iterations_total,1077.0
1791661136.075,567.347,"zaino_grpc_request_duration_seconds{method=""get_block"",quantile=""0.99""}",0.00046750522605986544
1791661136.075,567.347,"zaino_grpc_request_duration_seconds{method=""get_block"",quantile=""0.999""}",0.00046750522605986544
1791661136.075,567.347,"zaino_grpc_request_duration_seconds_sum{method=""get_block""}",0.04657684600000002
1791661136.075,567.347,"zaino_grpc_request_duration_seconds_count{method=""get_block""}",226.0
1791661136.075,567.347,"zaino_grpc_request_duration_seconds{method=""get_lightd_info"",quantile=""0""}",0.002900049
1791661136.075,567.347,"zaino_grpc_request_duration_seconds{method=""get_lightd_info"",quantile=""0.5""}",0.0032009743724060163
1791661136.075,567.347,"zaino_grpc_request_duration_seconds{method=""get_lightd_info"",quantile=""0.9""}",0.003476601565876637
1791661136.075,567.347,"zaino_grpc_request_duration_seconds{method=""get_lightd_info"",quantile=""0.95""}",0.003476601565876637
1791661136.075,567.347,"zaino_grpc_request_duration_seconds{method=""get_lightd_info"",quantile=""0.99""}",0.003476601565876637
1791661136.075,567.347,"zaino_grpc_request_duration_seconds{method=""get_lightd_info"",quantile=""0.999""}",0.003476601565876637
1791661136.075,567.347,"zaino_grpc_request_duration_seconds_sum{method=""get_lightd_info""}",0.36595822800000005
1791661136.075,567.347,"zaino_grpc_request_duration_seconds_count{method=""get_lightd_info""}",113.0
1791661136.075,567.347,"zaino_sync_iteration_duration_seconds{quantile=""0.5""}",6.998007236871592e-05
1791661136.075,567.347,"zaino_sync_iteration_duration_seconds{quantile=""0.99""}",0.00019617566827043946
1791661136.075,567.347,"zaino_sync_iteration_duration_seconds{quantile=""0.999""}",0.00019617566827043946
1791661136.075,567.347,"zaino_sync_iteration_duration_seconds{quantile=""1""}",0.000268748
1791661136.075,567.347,zaino_sync_iteration_duration_seconds_sum,0.10183752199999993
1791661136.075,567.347,zaino_sync_iteration_duration_seconds_count,1077.0
1791661136.075,567.347,"zaino_sync_block_build_seconds{quantile=""0.5""}",0.00031805061160918794
1791661136.075,567.347,"zaino_sync_block_build_seconds{quantile=""0.9""}",0.0003932362305486253
1791661136.075,567.347,"zaino_sync_block_build_seconds{quantile=""0.95""}",0.00041746909893577343
1791661136.075,567.347,"zaino_sync_block_build_seconds{quantile=""0.99""}",0.0004847389640171708
1791661136.075,567.347,"zaino_sync_block_build_seconds{quantile=""0.999""}",0.0005334741029925504
1791661136.075,567.347,zaino_sync_block_build_seconds_sum,1164.155002882066
1791661136.075,567.347,zaino_sync_block_build_seconds_count,2646225.0
1791661138.075,569.347,zaino_sync_iterations_total,1081.0
1791661138.075,569.347,zaino_sync_iteration_duration_seconds_sum,0.10213466599999993
1791661138.075,569.347,zaino_sync_iteration_duration_seconds_count,1081.0
1791661138.075,569.347,"zaino_sync_block_build_seconds{quantile=""0.5""}",0.00031325279805330896
1791661138.075,569.347,"zaino_sync_block_build_seconds{quantile=""0.9""}",0.0003901028907640579
1791661138.075,569.347,"zaino_sync_block_build_seconds{quantile=""0.95""}",0.00041158292842881724
1791661138.075,569.347,"zaino_sync_block_build_seconds{quantile=""0.99""}",0.0004589817859938591
1791661138.075,569.347,"zaino_sync_block_build_seconds{quantile=""0.999""}",0.00048716872819379114
1791661138.075,569.347,zaino_sync_block_build_seconds_sum,1167.8460765090663
1791661138.075,569.347,zaino_sync_block_build_seconds_count,2660927.0
1791661140.075,571.347,zaino_sync_iterations_total,1085.0
1791661140.075,571.347,zaino_sync_iteration_duration_seconds_sum,0.10244089699999995
1791661140.075,571.347,zaino_sync_iteration_duration_seconds_count,1085.0
1791661140.075,571.347,"zaino_sync_block_build_seconds{quantile=""0.5""}",0.00031900619610726
1791661140.075,571.347,"zaino_sync_block_build_seconds{quantile=""0.9""}",0.00039245054403332005
1791661140.075,571.347,"zaino_sync_block_build_seconds{quantile=""0.95""}",0.0004134805711379709
1791661140.075,571.347,"zaino_sync_block_build_seconds{quantile=""0.99""}",0.00046036079884144936
1791661140.075,571.347,"zaino_sync_block_build_seconds{quantile=""0.999""}",0.0004898065550574459
1791661140.075,571.347,zaino_sync_block_build_seconds_sum,1172.7898464910766
1791661140.075,571.347,zaino_sync_block_build_seconds_count,2674118.0
1791661142.075,573.347,"zaino_grpc_requests_total{method=""get_block""}",228.0
1791661142.075,573.347,"zaino_grpc_requests_total{method=""get_lightd_info""}",114.0
1791661142.075,573.347,zaino_sync_iterations_total,1089.0
1791661142.075,573.347,zaino_sync_finalized_height,2684227.0
1791661142.075,573.347,"zaino_grpc_request_duration_seconds{method=""get_block"",quantile=""0.9""}",0.00046750522605986544
1791661142.075,573.347,"zaino_grpc_request_duration_seconds{method=""get_block"",quantile=""0.95""}",0.0005071518814555754
1791661142.075,573.347,"zaino_grpc_request_duration_seconds{method=""get_block"",quantile=""0.99""}",0.0005071518814555754
1791661142.075,573.347,"zaino_grpc_request_duration_seconds{method=""get_block"",quantile=""0.999""}",0.0005071518814555754
1791661142.075,573.347,"zaino_grpc_request_duration_seconds_sum{method=""get_block""}",0.047095875000000016
1791661142.075,573.347,"zaino_grpc_request_duration_seconds_count{method=""get_block""}",228.0
1791661142.075,573.347,"zaino_grpc_request_duration_seconds{method=""get_lightd_info"",quantile=""0.9""}",0.003833028628924656
1791661142.075,573.347,"zaino_grpc_request_duration_seconds{method=""get_lightd_info"",quantile=""0.95""}",0.003833028628924656
1791661142.075,573.347,"zaino_grpc_request_duration_seconds{method=""get_lightd_info"",quantile=""0.99""}",0.003833028628924656
1791661142.075,573.347,"zaino_grpc_request_duration_seconds{method=""get_lightd_info"",quantile=""0.999""}",0.003833028628924656
1791661142.075,573.347,"zaino_grpc_request_duration_seconds{method=""get_lightd_info"",quantile=""1""}",0.003848989
1791661142.075,573.347,"zaino_grpc_request_duration_seconds_sum{method=""get_lightd_info""}",0.3698072170000001
1791661142.075,573.347,"zaino_grpc_request_duration_seconds_count{method=""get_lightd_info""}",114.0
1791661142.075,573.347,"zaino_sync_iteration_duration_seconds{quantile=""0.5""}",7.054215829545788e-05
1791661142.075,573.347,"zaino_sync_iteration_duration_seconds{quantile=""0.9""}",0.00011577058562792036
1791661142.075,573.347,"zaino_sync_iteration_duration_seconds{quantile=""0.95""}",0.00014553411456799873
1791661142.075,573.347,zaino_sync_iteration_duration_seconds_sum,0.10285651699999995
1791661142.075,573.347,zaino_sync_iteration_duration_seconds_count,1089.0
1791661142.075,573.347,"zaino_sync_block_build_seconds{quantile=""0.5""}",0.00031907000372724314
1791661142.075,573.347,"zaino_sync_block_build_seconds{quantile=""0.9""}",0.0003913532194776654
1791661142.075,573.347,"zaino_sync_block_build_seconds{quantile=""0.95""}",0.00041084274551964577
1791661142.075,573.347,"zaino_sync_block_build_seconds{quantile=""0.99""}",0.0004477390241339155
1791661142.075,573.347,"zaino_sync_block_build_seconds{quantile=""0.999""}",0.00046629129126714357
1791661142.075,573.347,zaino_sync_block_build_seconds_sum,1177.1623085360675
1791661142.075,573.347,zaino_sync_block_build_seconds_count,2687639.0
1791661144.076,575.347,zaino_sync_sapling_outputs_total,128535.0
1791661144.076,575.347,zaino_sync_orchard_actions_total,38733.0
1791661144.076,575.347,zaino_sync_transactions_total,3144186.0
1791661144.076,575.347,zaino_sync_iterations_total,1093.0
1791661144.076,575.347,zaino_db_tip_height,2599999.0
1791661144.076,575.347,zaino_sync_last_block_written_at,1791661143.736838
1791661144.076,575.347,"zaino_sync_iteration_duration_seconds{quantile=""0.5""}",7.090993290508671e-05
1791661144.076,575.347,zaino_sync_iteration_duration_seconds_sum,0.10314837299999995
1791661144.076,575.347,zaino_sync_iteration_duration_seconds_count,1093.0
1791661144.076,575.347,"zaino_sync_block_build_seconds{quantile=""0.5""}",0.0003141311349886483
1791661144.076,575.347,"zaino_sync_block_build_seconds{quantile=""0.9""}",0.00038784684285349746
1791661144.076,575.347,"zaino_sync_block_build_seconds{quantile=""0.95""}",0.0004055363560730465
1791661144.076,575.347,"zaino_sync_block_build_seconds{quantile=""0.99""}",0.0004346801734228459
1791661144.076,575.347,"zaino_sync_block_build_seconds{quantile=""0.999""}",0.00044755996433801183
1791661144.076,575.347,zaino_sync_block_build_seconds_sum,1180.6030438040607
1791661144.076,575.347,zaino_sync_block_build_seconds_count,2701833.0
1791661146.076,577.348,zaino_sync_iterations_total,1097.0
1791661146.076,577.348,"zaino_grpc_requests_total{method=""get_block""}",230.0
1791661146.076,577.348,"zaino_grpc_requests_total{method=""get_lightd_info""}",115.0
1791661146.076,577.348,"zaino_grpc_request_duration_seconds{method=""get_block"",quantile=""0.9""}",0.00044461579500967754
1791661146.076,577.348,"zaino_grpc_request_duration_seconds{method=""get_block"",quantile=""0.95""}",0.00046750522605986544
1791661146.076,577.348,"zaino_grpc_request_duration_seconds_sum{method=""get_block""}",0.04755284000000002
1791661146.076,577.348,"zaino_grpc_request_duration_seconds_count{method=""get_block""}",230.0
1791661146.076,577.348,"zaino_grpc_request_duration_seconds{method=""get_lightd_info"",quantile=""0.5""}",0.0032170193232717264
1791661146.076,577.348,"zaino_grpc_request_duration_seconds_sum{method=""get_lightd_info""}",0.37354699300000005
1791661146.076,577.348,"zaino_grpc_request_duration_seconds_count{method=""get_lightd_info""}",115.0
1791661146.076,577.348,"zaino_sync_iteration_duration_seconds{quantile=""0""}",4.648e-05
1791661146.076,577.348,"zaino_sync_iteration_duration_seconds{quantile=""0.5""}",7.09383025518944e-05
1791661146.076,577.348,"zaino_sync_iteration_duration_seconds{quantile=""0.95""}",0.0001418840994723881
1791661146.076,577.348,"zaino_sync_iteration_duration_seconds{quantile=""0.99""}",0.00017350571253175114
1791661146.076,577.348,zaino_sync_iteration_duration_seconds_sum,0.10348470099999994
1791661146.076,577.348,zaino_sync_iteration_duration_seconds_count,1097.0
1791661146.076,577.348,"zaino_sync_block_write_seconds{quantile=""0.5""}",8.21942291833625
1791661146.076,577.348,"zaino_sync_block_write_seconds{quantile=""0.9""}",8.21942291833625
1791661146.076,577.348,"zaino_sync_block_write_seconds{quantile=""0.95""}",8.21942291833625
1791661146.076,577.348,"zaino_sync_block_write_seconds{quantile=""0.99""}",8.21942291833625
1791661146.076,577.348,"zaino_sync_block_write_seconds{quantile=""0.999""}",8.21942291833625
1791661146.076,577.348,"zaino_sync_block_write_seconds{quantile=""1""}",8.319213283
1791661146.076,577.348,"zaino_sync_block_build_seconds{quantile=""0.5""}",0.00031243939865309385
1791661146.076,577.348,"zaino_sync_block_build_seconds{quantile=""0.9""}",0.00038745918986814913
1791661146.076,577.348,"zaino_sync_block_build_seconds{quantile=""0.95""}",0.0004052120567241427
1791661146.076,577.348,"zaino_sync_block_build_seconds{quantile=""0.99""}",0.0004341588700575767
1791661146.076,577.348,"zaino_sync_block_build_seconds{quantile=""0.999""}",0.0004467550810118325
1791661146.076,577.348,zaino_sync_block_build_seconds_sum,1184.1475901570639
1791661146.076,577.348,zaino_sync_block_build_seconds_count,2714617.0
1791661148.076,579.348,zaino_sync_iterations_total,1101.0
1791661148.076,579.348,"zaino_sync_iteration_duration_seconds{quantile=""0.5""}",7.178033273254525e-05
1791661148.076,579.348,zaino_sync_iteration_duration_seconds_sum,0.10383559199999995
1791661148.076,579.348,zaino_sync_iteration_duration_seconds_count,1101.0
1791661148.076,579.348,"zaino_sync_block_build_seconds{quantile=""0.5""}",0.00031250189278223765
1791661148.076,579.348,"zaino_sync_block_build_seconds{quantile=""0.9""}",0.0003877692812410881
1791661148.076,579.348,"zaino_sync_block_build_seconds{quantile=""0.95""}",0.00040577975089864767
1791661148.076,579.348,"zaino_sync_block_build_seconds{quantile=""0.99""}",0.0004355504037128059
1791661148.076,579.348,"zaino_sync_block_build_seconds{quantile=""0.999""}",0.0004488148883160267
1791661148.076,579.348,zaino_sync_block_build_seconds_sum,1188.142462879066
1791661148.076,579.348,zaino_sync_block_build_seconds_count,2715232.0
1791661150.076,581.348,zaino_sync_iterations_total,1105.0
1791661150.076,581.348,"zaino_sync_iteration_duration_seconds{quantile=""0.9""}",0.0001216819316812243
1791661150.076,581.348,"zaino_sync_iteration_duration_seconds{quantile=""0.95""}",0.00014553411456799873
1791661150.076,581.348,"zaino_sync_iteration_duration_seconds{quantile=""0.99""}",0.00019617566827043946
1791661150.076,581.348,"zaino_sync_iteration_duration_seconds{quantile=""0.999""}",0.00026875777938146334
1791661150.076,581.348,"zaino_sync_iteration_duration_seconds{quantile=""1""}",0.000373682
1791661150.076,581.348,zaino_sync_iteration_duration_seconds_sum,0.10446175899999995
1791661150.076,581.348,zaino_sync_iteration_duration_seconds_count,1105.0
1791661150.076,581.348,"zaino_sync_block_build_seconds{quantile=""0.5""}",0.00031268945018012446
1791661150.076,581.348,"zaino_sync_block_build_seconds{quantile=""0.9""}",0.00038831253842793524
1791661150.076,581.348,"zaino_sync_block_build_seconds{quantile=""0.95""}",0.00040667344906112403
1791661150.076,581.348,"zaino_sync_block_build_seconds{quantile=""0.99""}",0.00043799632817824105
1791661150.076,581.348,"zaino_sync_block_build_seconds{quantile=""0.999""}",0.00045214843742028113
1791661150.076,581.348,zaino_sync_block_build_seconds_sum,1192.1339653060672
1791661150.076,581.348,zaino_sync_block_build_seconds_count,2716204.0
1791661152.076,583.348,"zaino_grpc_requests_total{method=""get_block""}",232.0
1791661152.076,583.348,"zaino_grpc_requests_total{method=""get_lightd_info""}",116.0
1791661152.076,583.348,zaino_sync_iterations_total,1109.0
1791661152.076,583.348,zaino_sync_finalized_height,2716973.0
1791661152.076,583.348,"zaino_grpc_request_duration_seconds_sum{method=""get_block""}",0.04800134800000002
1791661152.076,583.348,"zaino_grpc_request_duration_seconds_count{method=""get_block""}",232.0
1791661152.076,583.348,"zaino_grpc_request_duration_seconds{method=""get_lightd_info"",quantile=""0""}",0.002664565
1791661152.076,583.348,"zaino_grpc_request_duration_seconds{method=""get_lightd_info"",quantile=""0.5""}",0.0032009743724060163
1791661152.076,583.348,"zaino_grpc_request_duration_seconds{method=""get_lightd_info"",quantile=""0.9""}",0.0037398864700090143
1791661152.076,583.348,"zaino_grpc_request_duration_seconds_sum{method=""get_lightd_info""}",0.37621155800000006
1791661152.076,583.348,"zaino_grpc_request_duration_seconds_count{method=""get_lightd_info""}",116.0
1791661152.076,583.348,"zaino_sync_iteration_duration_seconds{quantile=""0.5""}",7.29234689890102e-05
1791661152.076,583.348,"zaino_sync_iteration_duration_seconds{quantile=""0.99""}",0.00026875777938146334
1791661152.076,583.348,zaino_sync_iteration_duration_seconds_sum,0.10473623899999994
1791661152.076,583.348,zaino_sync_iteration_duration_seconds_count,1109.0
1791661152.076,583.348,"zaino_sync_block_build_seconds{quantile=""0.5""}",0.00032415134670415704
1791661152.076,583.348,"zaino_sync_block_build_seconds{quantile=""0.9""}",0.0004068361509795051
1791661152.076,583.348,"zaino_sync_block_build_seconds{quantile=""0.95""}",0.0004459516451725158
1791661152.076,583.348,"zaino_sync_block_build_seconds{quantile=""0.99""}",0.007600813322745096
1791661152.076,583.348,"zaino_sync_block_build_seconds{quantile=""0.999""}",0.025215408642285737
1791661152.076,583.348,zaino_sync_block_build_seconds_sum,1196.112224578073
1791661152.076,583.348,zaino_sync_block_build_seconds_count,2717212.0
1791661154.077,585.348,zaino_sync_iterations_total,1113.0
1791661154.077,585.348,"zaino_sync_iteration_duration_seconds{quantile=""0.9""}",0.00011688733507439134
1791661154.077,585.348,"zaino_sync_iteration_duration_seconds{quantile=""0.95""}",0.0001418840994723881
1791661154.077,585.348,zaino_sync_iteration_duration_seconds_sum,0.10501204599999994
1791661154.077,585.348,zaino_sync_iteration_duration_seconds_count,1113.0
1791661154.077,585.348,"zaino_sync_block_write_seconds{quantile=""0.5""}",8.31865016645161
1791661154.077,585.348,"zaino_sync_block_write_seconds{quantile=""0.9""}",8.31865016645161
1791661154.077,585.348,"zaino_sync_block_write_seconds{quantile=""0.95""}",8.31865016645161
1791661154.077,585.348,"zaino_sync_block_write_seconds{quantile=""0.99""}",8.31865016645161
1791661154.077,585.348,"zaino_sync_block_write_seconds{quantile=""0.999""}",8.31865016645161
1791661154.077,585.348,"zaino_sync_block_write_seconds{quantile=""1""}",8.640259661
1791661154.077,585.348,zaino_sync_block_write_seconds_sum,189.408032062
1791661154.077,585.348,zaino_sync_block_write_seconds_count,27.0
1791661154.077,585.348,"zaino_sync_block_build_seconds{quantile=""0.5""}",0.0003218258388745069
1791661154.077,585.348,"zaino_sync_block_build_seconds{quantile=""0.9""}",0.00040505000431355543
1791661154.077,585.348,"zaino_sync_block_build_seconds{quantile=""0.95""}",0.00044381620642161264
1791661154.077,585.348,"zaino_sync_block_build_seconds{quantile=""0.99""}",0.006679580974992189
1791661154.077,585.348,"zaino_sync_block_build_seconds{quantile=""0.999""}",0.024840000114243928
1791661154.077,585.348,zaino_sync_block_build_seconds_sum,1199.9600758110769
1791661154.077,585.348,zaino_sync_block_build_seconds_count,2729295.0
1791661156.077,587.349,"zaino_grpc_requests_total{method=""get_block""}",234.0
1791661156.077,587.349,"zaino_grpc_requests_total{method=""get_lightd_info""}",117.0
1791661156.077,587.349,zaino_sync_iterations_total,1117.0
1791661156.077,587.349,"zaino_grpc_request_duration_seconds{method=""get_block"",quantile=""0.9""}",0.00044301805579845477
1791661156.077,587.349,"zaino_grpc_request_duration_seconds{method=""get_block"",quantile=""0.95""}",0.0005071518814555754
1791661156.077,587.349,"zaino_grpc_request_duration_seconds_sum{method=""get_block""}",0.04829963100000002
1791661156.077,587.349,"zaino_grpc_request_duration_seconds_count{method=""get_block""}",234.0
1791661156.077,587.349,"zaino_grpc_request_duration_seconds{method=""get_lightd_info"",quantile=""0.5""}",0.0032170193232717264
1791661156.077,587.349,"zaino_grpc_request_duration_seconds{method=""get_lightd_info"",quantile=""0.9""}",0.003833028628924656
1791661156.077,587.349,"zaino_grpc_request_duration_seconds_sum{method=""get_lightd_info""}",0.37924729200000007
1791661156.077,587.349,"zaino_grpc_request_duration_seconds_count{method=""get_lightd_info""}",117.0
1791661156.077,587.349,"zaino_sync_iteration_duration_seconds{quantile=""0.5""}",7.328899939967899e-05
1791661156.077,587.349,"zaino_sync_iteration_duration_seconds{quantile=""0.9""}",0.0001216819316812243
1791661156.077,587.349,zaino_sync_iteration_duration_seconds_sum,0.10541369599999995
1791661156.077,587.349,zaino_sync_iteration_duration_seconds_count,1117.0
1791661156.077,587.349,"zaino_sync_block_build_seconds{quantile=""0.5""}",0.00032253463511237445
1791661156.077,587.349,"zaino_sync_block_build_seconds{quantile=""0.9""}",0.0004033523618345196
1791661156.077,587.349,"zaino_sync_block_build_seconds{quantile=""0.95""}",0.0004404559882445156
1791661156.077,587.349,"zaino_sync_block_build_seconds{quantile=""0.99""}",0.003327613082605601
1791661156.077,587.349,"zaino_sync_block_build_seconds{quantile=""0.999""}",0.023571898511305703
1791661156.077,587.349,zaino_sync_block_build_seconds_sum,1204.3638559730593
1791661156.077,587.349,zaino_sync_block_build_seconds_count,2743914.0
1791661158.077,589.349,zaino_sync_iterations_total,1121.0
1791661158.077,589.349,"zaino_sync_iteration_duration_seconds{quantile=""0.5""}",7.393678868903382e-05
1791661158.077,589.349,"zaino_sync_iteration_duration_seconds{quantile=""0.9""}",0.00012949088895758062
1791661158.077,589.349,"zaino_sync_iteration_duration_seconds{quantile=""0.95""}",0.00014553411456799873
1791661158.077,589.349,zaino_sync_iteration_duration_seconds_sum,0.10582906899999993
1791661158.077,589.349,zaino_sync_iteration_duration_seconds_count,1121.0
1791661158.077,589.349,"zaino_sync_block_build_seconds{quantile=""0.5""}",0.00031945311755531637
1791661158.077,589.349,"zaino_sync_block_build_seconds{quantile=""0.9""}",0.00040118012937952305
1791661158.077,589.349,"zaino_sync_block_build_seconds{quantile=""0.95""}",0.00043694639740800474
1791661158.077,589.349,"zaino_sync_block_build_seconds{quantile=""0.99""}",0.0020785182361834024
1791661158.077,589.349,"zaino_sync_block_build_seconds{quantile=""0.999""}",0.022467172893092656
1791661158.077,589.349,zaino_sync_block_build_seconds_sum,1208.3481130130517
1791661158.077,589.349,zaino_sync_block_build_seconds_count,2759199.0
1791661160.077,591.349,zaino_sync_iterations_total,1125.0
1791661160.077,591.349,"zaino_sync_iteration_duration_seconds{quantile=""0.5""}",7.29234689890102e-05
1791661160.077,591.349,"zaino_sync_iteration_duration_seconds{quantile=""0.9""}",0.0001242145761582958
1791661160.077,591.349,zaino_sync_iteration_duration_seconds_sum,0.10607394399999992
1791661160.077,591.349,zaino_sync_iteration_duration_seconds_count,1125.0
1791661160.077,591.349,"zaino_sync_block_build_seconds{quantile=""0.5""}",0.0003181778573016976
1791661160.077,591.349,"zaino_sync_block_build_seconds{quantile=""0.9""}",0.0003996585377379096
1791661160.077,591.349,"zaino_sync_block_build_seconds{quantile=""0.95""}",0.00043459324608089556
1791661160.077,591.349,"zaino_sync_block_build_seconds{quantile=""0.99""}",0.0018200341287120416
1791661160.077,591.349,"zaino_sync_block_build_seconds{quantile=""0.999""}",0.022013485905589453
1791661160.077,591.349,zaino_sync_block_build_seconds_sum,1212.4419846970497
1791661160.077,591.349,zaino_sync_block_build_seconds_count,2774124.0
1791661162.077,593.349,"zaino_grpc_requests_total{method=""get_lightd_info""}",118.0
1791661162.077,593.349,"zaino_grpc_requests_total{method=""get_block""}",236.0
1791661162.077,593.349,zaino_sync_iterations_total,1129.0
1791661162.077,593.349,zaino_sync_finalized_height,2785127.0
1791661162.077,593.349,"zaino_grpc_request_duration_seconds_sum{method=""get_block""}",0.04861344200000003
1791661162.077,593.349,"zaino_grpc_request_duration_seconds_count{method=""get_block""}",236.0
1791661162.077,593.349,"zaino_grpc_request_duration_seconds_sum{method=""get_lightd_info""}",0.38249399400000006
1791661162.077,593.349,"zaino_grpc_request_duration_seconds_count{method=""get_lightd_info""}",118.0
1791661162.077,593.349,zaino_sync_iteration_duration_seconds_sum,0.10635604999999991
1791661162.077,593.349,zaino_sync_iteration_duration_seconds_count,1129.0
1791661162.077,593.349,"zaino_sync_block_build_seconds{quantile=""0.9""}",0.0003984613587870156
1791661162.077,593.349,"zaino_sync_block_build_seconds{quantile=""0.95""}",0.0004327717821930002
1791661162.077,593.349,"zaino_sync_block_build_seconds{quantile=""0.99""}",0.001554035743157513
1791661162.077,593.349,"zaino_sync_block_build_seconds{quantile=""0.999""}",0.021500050010122833
1791661162.077,593.349,zaino_sync_block_build_seconds_sum,1216.6805765310344
1791661162.077,593.349,zaino_sync_block_build_seconds_count,2788548.0
1791661164.077,595.349,zaino_sync_sapling_outputs_total,129094.0
1791661164.077,595.349,zaino_sync_iterations_total,1133.0
1791661164.077,595.349,zaino_sync_orchard_actions_total,39054.0
1791661164.077,595.349,zaino_sync_transactions_total,3244864.0
1791661164.077,595.349,zaino_sync_last_block_written_at,1791661163.5097802
1791661164.077,595.349,zaino_db_tip_height,2699999.0
1791661164.077,595.349,"zaino_sync_iteration_duration_seconds{quantile=""0.5""}",7.255976166887642e-05
1791661164.077,595.349,"zaino_sync_iteration_duration_seconds{quantile=""0.9""}",0.0001216819316812243
1791661164.077,595.349,"zaino_sync_iteration_duration_seconds{quantile=""0.95""}",0.0001418840994723881
1791661164.077,595.349,"zaino_sync_iteration_duration_seconds{quantile=""0.99""}",0.0001569002924658922
1791661164.077,595.349,zaino_sync_iteration_duration_seconds_sum,0.10661017299999992
1791661164.077,595.349,zaino_sync_iteration_duration_seconds_count,1133.0
1791661164.077,595.349,"zaino_sync_block_build_seconds{quantile=""0.5""}",0.0003139427128393249
1791661164.077,595.349,"zaino_sync_block_build_seconds{quantile=""0.9""}",0.00039671198025761586
1791661164.077,595.349,"zaino_sync_block_build_seconds{quantile=""0.95""}",0.00043052720986393736
1791661164.077,595.349,"zaino_sync_block_build_seconds{quantile=""0.99""}",0.001370060983024338
1791661164.077,595.349,"zaino_sync_block_build_seconds{quantile=""0.999""}",0.020781335685710844
1791661164.077,595.349,zaino_sync_block_build_seconds_sum,1220.1048945710402
1791661164.077,595.349,zaino_sync_block_build_seconds_count,2803767.0
1791661166.077,597.349,zaino_sync_iterations_total,1137.0
1791661166.077,597.349,"zaino_grpc_requests_total{method=""get_lightd_info""}",119.0
1791661166.077,597.349,"zaino_grpc_requests_total{method=""get_block""}",238.0
1791661166.077,597.349,"zaino_grpc_request_duration_seconds{method=""get_block"",quantile=""0.99""}",0.0009716644510030762
1791661166.077,597.349,"zaino_grpc_request_duration_seconds{method=""get_block"",quantile=""0.999""}",0.0009716644510030762
1791661166.077,597.349,"zaino_grpc_request_duration_seconds_sum{method=""get_block""}",0.04959802900000003
1791661166.077,597.349,"zaino_grpc_request_duration_seconds_count{method=""get_block""}",238.0
1791661166.077,597.349,"zaino_grpc_request_duration_seconds{method=""get_lightd_info"",quantile=""0.5""}",0.0032467524638742527
1791661166.077,597.349,"zaino_grpc_request_duration_seconds{method=""get_lightd_info"",quantile=""0.9""}",0.003849161203912512
1791661166.077,597.349,"zaino_grpc_request_duration_seconds{method=""get_lightd_info"",quantile=""0.95""}",0.003849161203912512
1791661166.077,597.349,"zaino_grpc_request_duration_seconds{method=""get_lightd_info"",quantile=""0.99""}",0.003849161203912512
1791661166.077,597.349,"zaino_grpc_request_duration_seconds{method=""get_lightd_info"",quantile=""0.999""}",0.003849161203912512
1791661166.077,597.349,"zaino_grpc_request_duration_seconds{method=""get_lightd_info"",quantile=""1""}",0.004307264
1791661166.077,597.349,"zaino_grpc_request_duration_seconds_sum{method=""get_lightd_info""}",0.38680125800000004
1791661166.077,597.349,"zaino_grpc_request_duration_seconds_count{method=""get_lightd_info""}",119.0
1791661166.077,597.349,zaino_sync_iteration_duration_seconds_sum,0.10693336099999991
1791661166.077,597.349,zaino_sync_iteration_duration_seconds_count,1137.0
1791661166.077,597.349,"zaino_sync_block_write_seconds{quantile=""0.5""}",8.21942291833625
1791661166.077,597.349,"zaino_sync_block_write_seconds{quantile=""0.9""}",8.21942291833625
1791661166.077,597.349,"zaino_sync_block_write_seconds{quantile=""0.95""}",8.21942291833625
1791661166.077,597.349,"zaino_sync_block_write_seconds{quantile=""0.99""}",8.21942291833625
1791661166.077,597.349,"zaino_sync_block_write_seconds{quantile=""0.999""}",8.21942291833625
1791661166.077,597.349,"zaino_sync_block_build_seconds{quantile=""0.5""}",0.00031387993057498315
1791661166.077,597.349,"zaino_sync_block_build_seconds{quantile=""0.9""}",0.0003979039031928226
1791661166.077,597.349,"zaino_sync_block_build_seconds{quantile=""0.95""}",0.00043216632561440804
1791661166.077,597.349,"zaino_sync_block_build_seconds{quantile=""0.99""}",0.0013640459574395054
1791661166.077,597.349,"zaino_sync_block_build_seconds{quantile=""0.999""}",0.02048832601021579
1791661166.077,597.349,zaino_sync_block_build_seconds_sum,1224.3329104030342
1791661166.077,597.349,zaino_sync_block_build_seconds_count,2815018.0
1791661168.078,599.349,zaino_sync_iterations_total,1141.0
1791661168.078,599.349,"zaino_sync_iteration_duration_seconds{quantile=""0.9""}",0.0001242145761582958
1791661168.078,599.349,"zaino_sync_iteration_duration_seconds{quantile=""0.95""}",0.00014553411456799873
1791661168.078,599.349,zaino_sync_iteration_duration_seconds_sum,0.1072914169999999
1791661168.078,599.349,zaino_sync_iteration_duration_seconds_count,1141.0
1791661168.078,599.349,"zaino_sync_block_build_seconds{quantile=""0.5""}",0.0003141939674988973
1791661168.078,599.349,"zaino_sync_block_build_seconds{quantile=""0.9""}",0.00039886001944423855
1791661168.078,599.349,"zaino_sync_block_build_seconds{quantile=""0.95""}",0.0004347671181520037
1791661168.078,599.349,"zaino_sync_block_build_seconds{quantile=""0.99""}",0.0023067860923063157
1791661168.078,599.349,"zaino_sync_block_build_seconds{quantile=""0.999""}",0.021277608191670683
1791661168.078,599.349,zaino_sync_block_build_seconds_sum,1230.2727047210349
1791661168.078,599.349,zaino_sync_block_build_seconds_count,2815774.0
1791661170.078,601.350,zaino_sync_iterations_total,1145.0
1791661170.078,601.350,"zaino_sync_iteration_duration_seconds{quantile=""0.9""}",0.0001216819316812243
1791661170.078,601.350,zaino_sync_iteration_duration_seconds_sum,0.1075835509999999
1791661170.078,601.350,zaino_sync_iteration_duration_seconds_count,1145.0
1791661170.078,601.350,"zaino_sync_block_build_seconds{quantile=""0.5""}",0.00031444542324262097
1791661170.078,601.350,"zaino_sync_block_build_seconds{quantile=""0.9""}",0.0003998184331304842
1791661170.078,601.350,"zaino_sync_block_build_seconds{quantile=""0.95""}",0.00043755855077378747
1791661170.078,601.350,"zaino_sync_block_build_seconds{quantile=""0.99""}",0.006841830120798243
1791661170.078,601.350,"zaino_sync_block_build_seconds{quantile=""0.999""}",0.02594179207286666
1791661170.078,601.350,zaino_sync_block_build_seconds_sum,1236.1509124550362
1791661170.078,601.350,zaino_sync_block_build_seconds_count,2816479.0
1791661172.078,603.350,"zaino_grpc_requests_total{method=""get_lightd_info""}",120.0
1791661172.078,603.350,"zaino_grpc_requests_total{method=""get_block""}",240.0
1791661172.078,603.350,zaino_sync_iterations_total,1149.0
1791661172.078,603.350,zaino_sync_finalized_height,2817621.0
1791661172.078,603.350,"zaino_grpc_request_duration_seconds{method=""get_block"",quantile=""0.9""}",0.0005071518814555754
1791661172.078,603.350,"zaino_grpc_request_duration_seconds{method=""get_block"",quantile=""0.95""}",0.0006514564369186994
1791661172.078,603.350,"zaino_grpc_request_duration_seconds_sum{method=""get_block""}",0.050264286000000026
1791661172.078,603.350,"zaino_grpc_request_duration_seconds_count{method=""get_block""}",240.0
1791661172.078,603.350,"zaino_grpc_request_duration_seconds{method=""get_lightd_info"",quantile=""0""}",0.002661932
1791661172.078,603.350,"zaino_grpc_request_duration_seconds{method=""get_lightd_info"",quantile=""0.5""}",0.0032170193232717264
1791661172.078,603.350,"zaino_grpc_request_duration_seconds{method=""get_lightd_info"",quantile=""0.9""}",0.003833028628924656
1791661172.078,603.350,"zaino_grpc_request_duration_seconds_sum{method=""get_lightd_info""}",0.38946319
1791661172.078,603.350,"zaino_grpc_request_duration_seconds_count{method=""get_lightd_info""}",120.0
1791661172.078,603.350,"zaino_sync_iteration_duration_seconds{quantile=""0.5""}",7.393678868903382e-05
1791661172.078,603.350,"zaino_sync_iteration_duration_seconds{quantile=""0.9""}",0.00013319450762620027
1791661172.078,603.350,"zaino_sync_iteration_duration_seconds{quantile=""0.95""}",0.00015104994196739563
1791661172.078,603.350,"zaino_sync_iteration_duration_seconds{quantile=""0.99""}",0.00026875777938146334
1791661172.078,603.350,zaino_sync_iteration_duration_seconds_sum,0.1080691129999999
1791661172.078,603.350,zaino_sync_iteration_duration_seconds_count,1149.0
1791661172.078,603.350,"zaino_sync_block_write_seconds{quantile=""0.5""}",8.452819058440484
1791661172.078,603.350,"zaino_sync_block_write_seconds{quantile=""0.9""}",8.452819058440484
1791661172.078,603.350,"zaino_sync_block_write_seconds{quantile=""0.95""}",8.452819058440484
1791661172.078,603.350,"zaino_sync_block_write_seconds{quantile=""0.99""}",8.452819058440484
1791661172.078,603.350,"zaino_sync_block_write_seconds{quantile=""0.999""}",8.452819058440484
1791661172.078,603.350,zaino_sync_block_write_seconds_sum,197.860146652
1791661172.078,603.350,zaino_sync_block_write_seconds_count,28.0
1791661172.078,603.350,"zaino_sync_block_build_seconds{quantile=""0""}",0.000104352
1791661172.078,603.350,"zaino_sync_block_build_seconds{quantile=""0.5""}",0.00031539017593597393
1791661172.078,603.350,"zaino_sync_block_build_seconds{quantile=""0.95""}",0.0004358118123706598
1791661172.078,603.350,"zaino_sync_block_build_seconds{quantile=""0.99""}",0.008194434939583498
1791661172.078,603.350,"zaino_sync_block_build_seconds{quantile=""0.999""}",0.026925001047131702
1791661172.078,603.350,"zaino_sync_block_build_seconds{quantile=""1""}",0.06039915
1791661172.078,603.350,zaino_sync_block_build_seconds_sum,1241.9316781680361
1791661172.078,603.350,zaino_sync_block_build_seconds_count,2818237.0
1791661174.078,605.350,zaino_sync_iterations_total,1153.0
1791661174.078,605.350,"zaino_sync_iteration_duration_seconds{quantile=""0""}",3.9059e-05
1791661174.078,605.350,"zaino_sync_iteration_duration_seconds{quantile=""0.5""}",7.29234689890102e-05
1791661174.078,605.350,"zaino_sync_iteration_duration_seconds{quantile=""0.9""}",0.00012949088895758062
1791661174.078,605.350,"zaino_sync_iteration_duration_seconds{quantile=""0.95""}",0.00014829603665133409
1791661174.078,605.350,zaino_sync_iteration_duration_seconds_sum,0.1083177879999999
1791661174.078,605.350,zaino_sync_iteration_duration_seconds_count,1153.0
1791661174.078,605.350,"zaino_sync_block_build_seconds{quantile=""0.5""}",0.00031690768790061793
1791661174.078,605.350,"zaino_sync_block_build_seconds{quantile=""0.9""}",0.0004029492110803142
1791661174.078,605.350,"zaino_sync_block_build_seconds{quantile=""0.95""}",0.00043992775805836055
1791661174.078,605.350,"zaino_sync_block_build_seconds{quantile=""0.99""}",0.007146732487607625
1791661174.078,605.350,"zaino_sync_block_build_seconds{quantile=""0.999""}",0.026286493755428506
1791661174.078,605.350,zaino_sync_block_build_seconds_sum,1246.1779146050305
1791661174.078,605.350,zaino_sync_block_build_seconds_count,2831535.0
1791661176.078,607.350,"zaino_grpc_requests_total{method=""get_block""}",242.0
1791661176.078,607.350,"zaino_grpc_requests_total{method=""get_lightd_info""}",121.0
1791661176.078,607.350,zaino_sync_iterations_total,1157.0
1791661176.078,607.350,"zaino_grpc_request_duration_seconds{method=""get_block"",quantile=""0""}",1.1843e-05
1791661176.078,607.350,"zaino_grpc_request_duration_seconds{method=""get_block"",quantile=""0.5""}",1.668667532636623e-05
1791661176.078,607.350,"zaino_grpc_request_duration_seconds{method=""get_block"",quantile=""0.99""}",0.0006514564369186994
1791661176.078,607.350,"zaino_grpc_request_duration_seconds{method=""get_block"",quantile=""0.999""}",0.0006514564369186994
1791661176.078,607.350,"zaino_grpc_request_duration_seconds{method=""get_block"",quantile=""1""}",0.000971694
1791661176.078,607.350,"zaino_grpc_request_duration_seconds_sum{method=""get_block""}",0.05064765400000003
1791661176.078,607.350,"zaino_grpc_request_duration_seconds_count{method=""get_block""}",242.0
1791661176.078,607.350,"zaino_grpc_request_duration_seconds{method=""get_lightd_info"",quantile=""0.5""}",0.0032467524638742527
1791661176.078,607.350,"zaino_grpc_request_duration_seconds{method=""get_lightd_info"",quantile=""0.9""}",0.003849161203912512
1791661176.078,607.350,"zaino_grpc_request_duration_seconds_sum{method=""get_lightd_info""}",0.392513007
1791661176.078,607.350,"zaino_grpc_request_duration_seconds_count{method=""get_lightd_info""}",121.0
1791661176.078,607.350,"zaino_sync_iteration_duration_seconds{quantile=""0.5""}",7.393678868903382e-05
1791661176.078,607.350,zaino_sync_iteration_duration_seconds_sum,0.1086881729999999
1791661176.078,607.350,zaino_sync_iteration_duration_seconds_count,1157.0
1791661176.078,607.350,"zaino_sync_block_build_seconds{quantile=""0.5""}",0.0003113166389941665
1791661176.078,607.350,"zaino_sync_block_build_seconds{quantile=""0.9""}",0.00040037857094371414
1791661176.078,607.350,"zaino_sync_block_build_seconds{quantile=""0.95""}",0.00043633510045730647
1791661176.078,607.350,"zaino_sync_block_build_seconds{quantile=""0.99""}",0.0030454700427030626
1791661176.078,607.350,"zaino_sync_block_build_seconds{quantile=""0.999""}",0.02608225666359453
1791661176.078,607.350,zaino_sync_block_build_seconds_sum,1249.809899607031
1791661176.078,607.350,zaino_sync_block_build_seconds_count,2847487.0
1791661178.079,609.350,zaino_sync_iterations_total,1161.0
1791661178.079,609.350,zaino_sync_iteration_duration_seconds_sum,0.1090073379999999
1791661178.079,609.350,zaino_sync_iteration_duration_seconds_count,1161.0
1791661178.079,609.350,"zaino_sync_block_build_seconds{quantile=""0.5""}",0.00030643649077564613
1791661178.079,609.350,"zaino_sync_block_build_seconds{quantile=""0.9""}",0.0003976652324584919
1791661178.079,609.350,"zaino_sync_block_build_seconds{quantile=""0.95""}",0.0004327717821930002
1791661178.079,609.350,"zaino_sync_block_build_seconds{quantile=""0.99""}",0.0019240940876210759
1791661178.079,609.350,"zaino_sync_block_build_seconds{quantile=""0.999""}",0.02525578558919176
1791661178.079,609.350,zaino_sync_block_build_seconds_sum,1253.4942277120172
1791661178.079,609.350,zaino_sync_block_build_seconds_count,2863582.0
1791661180.079,611.350,zaino_sync_iterations_total,1165.0
1791661180.079,611.350,"zaino_sync_iteration_duration_seconds{quantile=""0.5""}",7.29234689890102e-05
1791661180.079,611.350,zaino_sync_iteration_duration_seconds_sum,0.1093333289999999
1791661180.079,611.350,zaino_sync_iteration_duration_seconds_count,1165.0
1791661180.079,611.350,"zaino_sync_block_build_seconds{quantile=""0.5""}",0.00030957813815563176
1791661180.079,611.350,"zaino_sync_block_build_seconds{quantile=""0.9""}",0.00039798349193233506
1791661180.079,611.350,"zaino_sync_block_build_seconds{quantile=""0.95""}",0.0004333780870044297
1791661180.079,611.350,"zaino_sync_block_build_seconds{quantile=""0.99""}",0.0014931011298918906
1791661180.079,611.350,"zaino_sync_block_build_seconds{quantile=""0.999""}",0.024052892547311685
1791661180.079,611.350,zaino_sync_block_build_seconds_sum,1258.1417430390184
1791661180.079,611.350,zaino_sync_block_build_seconds_count,2877790.0
1791661182.079,613.351,"zaino_grpc_requests_total{method=""get_lightd_info""}",122.0
1791661182.079,613.351,"zaino_grpc_requests_total{method=""get_block""}",244.0
1791661182.079,613.351,zaino_sync_iterations_total,1169.0
1791661182.079,613.351,zaino_sync_finalized_height,2889156.0
1791661182.079,613.351,"zaino_grpc_request_duration_seconds_sum{method=""get_block""}",0.05110903800000003
1791661182.079,613.351,"zaino_grpc_request_duration_seconds_count{method=""get_block""}",244.0
1791661182.079,613.351,"zaino_grpc_request_duration_seconds{method=""get_lightd_info"",quantile=""0""}",0.002654535
1791661182.079,613.351,"zaino_grpc_request_duration_seconds{method=""get_lightd_info"",quantile=""0.5""}",0.003049736686731004
1791661182.079,613.351,"zaino_grpc_request_duration_seconds_sum{method=""get_lightd_info""}",0.39516754200000004
1791661182.079,613.351,"zaino_grpc_request_duration_seconds_count{method=""get_lightd_info""}",122.0
1791661182.079,613.351,"zaino_sync_iteration_duration_seconds{quantile=""0""}",3.7703e-05
1791661182.079,613.351,"zaino_sync_iteration_duration_seconds{quantile=""0.5""}",7.250173707228121e-05
1791661182.079,613.351,zaino_sync_iteration_duration_seconds_sum,0.10960750899999991
1791661182.079,613.351,zaino_sync_iteration_duration_seconds_count,1169.0
1791661182.079,613.351,"zaino_sync_block_build_seconds{quantile=""0.5""}",0.0003098258997584097
1791661182.079,613.351,"zaino_sync_block_build_seconds{quantile=""0.9""}",0.0003967913305887008
1791661182.079,613.351,"zaino_sync_block_build_seconds{quantile=""0.95""}",0.00043173437529850746
1791661182.079,613.351,"zaino_sync_block_build_seconds{quantile=""0.99""}",0.001276414852720813
1791661182.079,613.351,"zaino_sync_block_build_seconds{quantile=""0.999""}",0.022688433594800543
1791661182.079,613.351,zaino_sync_block_build_seconds_sum,1262.3511504220169
1791661182.079,613.351,zaino_sync_block_build_seconds_count,2892298.0
1791661184.079,615.351,zaino_sync_sapling_outputs_total,129413.0
1791661184.079,615.351,zaino_sync_orchard_actions_total,39432.0
1791661184.079,615.351,zaino_sync_transactions_total,3345368.0
1791661184.079,615.351,zaino_sync_iterations_total,1173.0
1791661184.079,615.351,zaino_sync_last_block_written_at,1791661183.2494779
1791661184.079,615.351,zaino_db_tip_height,2799999.0
1791661184.079,615.351,"zaino_sync_iteration_duration_seconds{quantile=""0.99""}",0.0002275137156177208
1791661184.079,615.351,zaino_sync_iteration_duration_seconds_sum,0.1099780159999999
1791661184.079,615.351,zaino_sync_iteration_duration_seconds_count,1173.0
1791661184.079,615.351,"zaino_sync_block_build_seconds{quantile=""0.5""}",0.00031337812423651355
1791661184.079,615.351,"zaino_sync_block_build_seconds{quantile=""0.9""}",0.0003986207752122212
1791661184.079,615.351,"zaino_sync_block_build_seconds{quantile=""0.95""}",0.0004334647712902591
1791661184.079,615.351,"zaino_sync_block_build_seconds{quantile=""0.99""}",0.0012700487070629314
1791661184.079,615.351,"zaino_sync_block_build_seconds{quantile=""0.999""}",0.022088459140192997
1791661184.079,615.351,zaino_sync_block_build_seconds_sum,1266.944532282026
1791661184.079,615.351,zaino_sync_block_build_seconds_count,2904469.0
1791661186.079,617.351,"zaino_grpc_requests_total{method=""get_block""}",246.0
1791661186.079,617.351,"zaino_grpc_requests_total{method=""get_lightd_info""}",123.0
1791661186.079,617.351,zaino_sync_iterations_total,1177.0
1791661186.079,617.351,"zaino_grpc_request_duration_seconds{method=""get_block"",quantile=""0.5""}",3.5023193686243334e-05
1791661186.079,617.351,"zaino_grpc_request_duration_seconds{method=""get_block"",quantile=""0.9""}",0.0004457733001852278
1791661186.079,617.351,"zaino_grpc_request_duration_seconds{method=""get_block"",quantile=""0.95""}",0.0005071518814555754
1791661186.079,617.351,"zaino_grpc_request_duration_seconds_sum{method=""get_block""}",0.05149025300000003
1791661186.079,617.351,"zaino_grpc_request_duration_seconds_count{method=""get_block""}",246.0
1791661186.079,617.351,"zaino_grpc_request_duration_seconds{method=""get_lightd_info"",quantile=""0.5""}",0.0032467524638742527
1791661186.079,617.351,"zaino_grpc_request_duration_seconds_sum{method=""get_lightd_info""}",0.39879032500000006
1791661186.079,617.351,"zaino_grpc_request_duration_seconds_count{method=""get_lightd_info""}",123.0
1791661186.079,617.351,"zaino_sync_iteration_duration_seconds{quantile=""0.5""}",7.2053616908923e-05
1791661186.079,617.351,zaino_sync_iteration_duration_seconds_sum,0.11025093199999991
1791661186.079,617.351,zaino_sync_iteration_duration_seconds_count,1177.0
1791661186.079,617.351,"zaino_sync_block_write_seconds{quantile=""0""}",8.45211459
1791661186.079,617.351,"zaino_sync_block_build_seconds{quantile=""0.5""}",0.00031557946682375367
1791661186.079,617.351,"zaino_sync_block_build_seconds{quantile=""0.9""}",0.00040142090968482176
1791661186.079,617.351,"zaino_sync_block_build_seconds{quantile=""0.95""}",0.00043694639740800474
1791661186.079,617.351,"zaino_sync_block_build_seconds{quantile=""0.99""}",0.0013442755614724343
1791661186.079,617.351,"zaino_sync_block_build_seconds{quantile=""0.999""}",0.022386436483141613
1791661186.079,617.351,zaino_sync_block_build_seconds_sum,1271.3380077330348
1791661186.079,617.351,zaino_sync_block_build_seconds_count,2912607.0
1791661188.079,619.351,zaino_sync_iterations_total,1181.0
1791661188.079,619.351,"zaino_sync_iteration_duration_seconds{quantile=""0.5""}",7.178033273254525e-05
1791661188.079,619.351,zaino_sync_iteration_duration_seconds_sum,0.1105367269999999
1791661188.079,619.351,zaino_sync_iteration_duration_seconds_count,1181.0
1791661188.079,619.351,"zaino_sync_block_build_seconds{quantile=""0.5""}",0.0003156425890293393
1791661188.079,619.351,"zaino_sync_block_build_seconds{quantile=""0.9""}",0.0004020636972353725
1791661188.079,619.351,"zaino_sync_block_build_seconds{quantile=""0.95""}",0.00043860995247651955
1791661188.079,619.351,"zaino_sync_block_build_seconds{quantile=""0.99""}",0.0018962063894224202
1791661188.079,619.351,"zaino_sync_block_build_seconds{quantile=""0.999""}",0.023780246605978276
1791661188.079,619.351,"zaino_sync_block_build_seconds{quantile=""1""}",0.060480891
1791661188.079,619.351,zaino_sync_block_build_seconds_sum,1275.3506182420342
1791661188.079,619.351,zaino_sync_block_build_seconds_count,2913339.0
1791661190.080,621.351,zaino_sync_iterations_total,1185.0
1791661190.080,621.351,"zaino_sync_iteration_duration_seconds{quantile=""0.5""}",7.250173707228121e-05
1791661190.080,621.351,"zaino_sync_iteration_duration_seconds{quantile=""0.9""}",0.0001242145761582958
1791661190.080,621.351,zaino_sync_iteration_duration_seconds_sum,0.11087286999999992
1791661190.080,621.351,zaino_sync_iteration_duration_seconds_count,1185.0
1791661190.080,621.351,"zaino_sync_block_build_seconds{quantile=""0.5""}",0.00031583203141041956
1791661190.080,621.351,"zaino_sync_block_build_seconds{quantile=""0.9""}",0.0004029492110803142
1791661190.080,621.351,"zaino_sync_block_build_seconds{quantile=""0.95""}",0.00044098485268737357
1791661190.080,621.351,"zaino_sync_block_build_seconds{quantile=""0.99""}",0.002827110751898766
1791661190.080,621.351,"zaino_sync_block_build_seconds{quantile=""0.999""}",0.02598333216353236
1791661190.080,621.351,zaino_sync_block_build_seconds_sum,1279.3324295500388
1791661190.080,621.351,zaino_sync_block_build_seconds_count,2915442.0
1791661192.080,623.352,"zaino_grpc_requests_total{method=""get_lightd_info""}",124.0
1791661192.080,623.352,"zaino_grpc_requests_total{method=""get_block""}",248.0
1791661192.080,623.352,zaino_sync_iterations_total,1189.0
1791661192.080,623.352,zaino_sync_finalized_height,2916958.0
1791661192.080,623.352,"zaino_grpc_request_duration_seconds_sum{method=""get_block""}",0.05188088000000003
1791661192.080,623.352,"zaino_grpc_request_duration_seconds_count{method=""get_block""}",248.0
1791661192.080,623.352,"zaino_grpc_request_duration_seconds{method=""get_lightd_info"",quantile=""0.9""}",0.0037398864700090143
1791661192.080,623.352,"zaino_grpc_request_duration_seconds_sum{method=""get_lightd_info""}",0.40227351600000005
1791661192.080,623.352,"zaino_grpc_request_duration_seconds_count{method=""get_lightd_info""}",124.0
1791661192.080,623.352,"zaino_sync_iteration_duration_seconds{quantile=""0.5""}",6.939470175741007e-05
1791661192.080,623.352,"zaino_sync_iteration_duration_seconds{quantile=""0.9""}",0.0001102566161093556
1791661192.080,623.352,"zaino_sync_iteration_duration_seconds{quantile=""0.95""}",0.0001359123949345233
1791661192.080,623.352,"zaino_sync_iteration_duration_seconds{quantile=""0.99""}",0.00015104994196739563
1791661192.080,623.352,"zaino_sync_iteration_duration_seconds{quantile=""0.999""}",0.00015104994196739563
1791661192.080,623.352,"zaino_sync_iteration_duration_seconds{quantile=""1""}",0.000227535
1791661192.080,623.352,zaino_sync_iteration_duration_seconds_sum,0.11115477599999991
1791661192.080,623.352,zaino_sync_iteration_duration_seconds_count,1189.0
1791661192.080,623.352,"zaino_sync_block_write_seconds{quantile=""0.5""}",8.640841744377706
1791661192.080,623.352,"zaino_sync_block_write_seconds{quantile=""0.9""}",8.640841744377706
1791661192.080,623.352,"zaino_sync_block_write_seconds{quantile=""0.95""}",8.640841744377706
1791661192.080,623.352,"zaino_sync_block_write_seconds{quantile=""0.99""}",8.640841744377706
1791661192.080,623.352,"zaino_sync_block_write_seconds{quantile=""0.999""}",8.640841744377706
1791661192.080,623.352,"zaino_sync_block_write_seconds{quantile=""1""}",8.752989221
1791661192.080,623.352,zaino_sync_block_write_seconds_sum,206.613135873
1791661192.080,623.352,zaino_sync_block_write_seconds_count,29.0
1791661192.080,623.352,"zaino_sync_block_build_seconds{quantile=""0""}",0.000104771
1791661192.080,623.352,"zaino_sync_block_build_seconds{quantile=""0.5""}",0.0003084039735523841
1791661192.080,623.352,"zaino_sync_block_build_seconds{quantile=""0.9""}",0.0004002985032362962
1791661192.080,623.352,"zaino_sync_block_build_seconds{quantile=""0.95""}",0.000446487108362166
1791661192.080,623.352,"zaino_sync_block_build_seconds{quantile=""0.99""}",0.008381737719088027
1791661192.080,623.352,"zaino_sync_block_build_seconds{quantile=""0.999""}",0.02671580297139529
1791661192.080,623.352,"zaino_sync_block_build_seconds{quantile=""1""}",0.070291841
1791661192.080,623.352,zaino_sync_block_build_seconds_sum,1284.9865413700393
1791661192.080,623.352,zaino_sync_block_build_seconds_count,2923361.0
1791661194.080,625.352,zaino_sync_iterations_total,1191.0
1791661194.080,625.352,"zaino_sync_iteration_duration_seconds{quantile=""0.9""}",0.00011773196089391221
1791661194.080,625.352,"zaino_sync_iteration_duration_seconds{quantile=""0.95""}",0.00014711440119804668
1791661194.080,625.352,"zaino_sync_iteration_duration_seconds{quantile=""0.99""}",0.00021495109235108678
1791661194.080,625.352,"zaino_sync_iteration_duration_seconds{quantile=""0.999""}",0.00021495109235108678
1791661194.080,625.352,zaino_sync_iteration_duration_seconds_sum,0.11143749999999991
1791661194.080,625.352,zaino_sync_iteration_duration_seconds_count,1191.0
1791661194.080,625.352,"zaino_sync_block_build_seconds{quantile=""0.5""}",0.0003050911321711894
1791661194.080,625.352,"zaino_sync_block_build_seconds{quantile=""0.9""}",0.00039814271717256405
1791661194.080,625.352,"zaino_sync_block_build_seconds{quantile=""0.95""}",0.00044381620642161264
1791661194.080,625.352,"zaino_sync_block_build_seconds{quantile=""0.99""}",0.008024146096209066
1791661194.080,625.352,"zaino_sync_block_build_seconds{quantile=""0.999""}",0.026407690165140198
1791661194.080,625.352,zaino_sync_block_build_seconds_sum,1286.9549432690355
1791661194.080,625.352,zaino_sync_block_build_seconds_count,2932511.0
1791661196.080,627.352,zaino_sync_iterations_total,1195.0
1791661196.080,627.352,"zaino_grpc_requests_total{method=""get_block""}",250.0
1791661196.080,627.352,"zaino_grpc_requests_total{method=""get_lightd_info""}",125.0
1791661196.080,627.352,"zaino_grpc_request_duration_seconds{method=""get_block"",quantile=""0""}",1.2558e-05
1791661196.080,627.352,"zaino_grpc_request_duration_seconds{method=""get_block"",quantile=""0.95""}",0.0006514564369186994
1791661196.080,627.352,"zaino_grpc_request_duration_seconds_sum{method=""get_block""}",0.05218241100000003
1791661196.080,627.352,"zaino_grpc_request_duration_seconds_count{method=""get_block""}",250.0
1791661196.080,627.352,"zaino_grpc_request_duration_seconds{method=""get_lightd_info"",quantile=""0.5""}",0.0030773082027179452
1791661196.080,627.352,"zaino_grpc_request_duration_seconds{method=""get_lightd_info"",quantile=""0.9""}",0.0036228291554280547
1791661196.080,627.352,"zaino_grpc_request_duration_seconds{method=""get_lightd_info"",quantile=""0.95""}",0.0036228291554280547
1791661196.080,627.352,"zaino_grpc_request_duration_seconds{method=""get_lightd_info"",quantile=""0.99""}",0.0036228291554280547
1791661196.080,627.352,"zaino_grpc_request_duration_seconds{method=""get_lightd_info"",quantile=""0.999""}",0.0036228291554280547
1791661196.080,627.352,"zaino_grpc_request_duration_seconds_sum{method=""get_lightd_info""}",0.4053507310000001
1791661196.080,627.352,"zaino_grpc_request_duration_seconds_count{method=""get_lightd_info""}",125.0
1791661196.080,627.352,"zaino_sync_iteration_duration_seconds{quantile=""0.5""}",6.950582215320334e-05
1791661196.080,627.352,zaino_sync_iteration_duration_seconds_sum,0.11179991899999991
1791661196.080,627.352,zaino_sync_iteration_duration_seconds_count,1195.0
1791661196.080,627.352,"zaino_sync_block_build_seconds{quantile=""0""}",0.000104672
1791661196.080,627.352,"zaino_sync_block_build_seconds{quantile=""0.5""}",0.00030369093587901845
1791661196.080,627.352,"zaino_sync_block_build_seconds{quantile=""0.9""}",0.00039552362773293345
1791661196.080,627.352,"zaino_sync_block_build_seconds{quantile=""0.95""}",0.0004401037643610843
1791661196.080,627.352,"zaino_sync_block_build_seconds{quantile=""0.99""}",0.006306969281286526
1791661196.080,627.352,"zaino_sync_block_build_seconds{quantile=""0.999""}",0.026045767052831365
1791661196.080,627.352,zaino_sync_block_build_seconds_sum,1290.7350027350474
1791661196.080,627.352,zaino_sync_block_build_seconds_count,2947562.0
1791661198.080,629.352,zaino_sync_iterations_total,1199.0
1791661198.080,629.352,"zaino_sync_iteration_duration_seconds{quantile=""0.9""}",0.00011237151978442668
1791661198.080,629.352,zaino_sync_iteration_duration_seconds_sum,0.11209565399999992
1791661198.080,629.352,zaino_sync_iteration_duration_seconds_count,1199.0
1791661198.080,629.352,"zaino_sync_block_build_seconds{quantile=""0.5""}",0.00030496912012195095
1791661198.080,629.352,"zaino_sync_block_build_seconds{quantile=""0.9""}",0.0003965533271977115
1791661198.080,629.352,"zaino_sync_block_build_seconds{quantile=""0.95""}",0.00043808393620467935
1791661198.080,629.352,"zaino_sync_block_build_seconds{quantile=""0.99""}",0.0027260543052544995
1791661198.080,629.352,"zaino_sync_block_build_seconds{quantile=""0.999""}",0.0256221000370298
1791661198.080,629.352,zaino_sync_block_build_seconds_sum,1295.0253486080526
1791661198.080,629.352,zaino_sync_block_build_seconds_count,2961614.0
1791661200.080,631.352,zaino_sync_iterations_total,1203.0
1791661200.080,631.352,"zaino_sync_iteration_duration_seconds{quantile=""0.5""}",7.042938108763455e-05
1791661200.080,631.352,zaino_sync_iteration_duration_seconds_sum,0.11240749199999993
1791661200.080,631.352,zaino_sync_iteration_duration_seconds_count,1203.0
1791661200.080,631.352,"zaino_sync_block_build_seconds{quantile=""0.5""}",0.0003066817380549158
1791661200.080,631.352,"zaino_sync_block_build_seconds{quantile=""0.9""}",0.00039599854097875365
1791661200.080,631.352,"zaino_sync_block_build_seconds{quantile=""0.95""}",0.00043633510045730647
1791661200.080,631.352,"zaino_sync_block_build_seconds{quantile=""0.99""}",0.00201466968373048
1791661200.080,631.352,"zaino_sync_block_build_seconds{quantile=""0.999""}",0.024869826006436654
1791661200.080,631.352,zaino_sync_block_build_seconds_sum,1299.2647917910597
1791661200.080,631.352,zaino_sync_block_build_seconds_count,2975926.0
1791661202.081,633.352,"zaino_grpc_requests_total{method=""get_block""}",252.0
1791661202.081,633.352,"zaino_grpc_requests_total{method=""get_lightd_info""}",126.0
1791661202.081,633.352,zaino_sync_iterations_total,1207.0
1791661202.081,633.352,zaino_sync_finalized_height,2986264.0
1791661202.081,633.352,"zaino_grpc_request_duration_seconds_sum{method=""get_block""}",0.05249131800000003
1791661202.081,633.352,"zaino_grpc_request_duration_seconds_count{method=""get_block""}",252.0
1791661202.081,633.352,"zaino_grpc_request_duration_seconds_sum{method=""get_lightd_info""}",0.4088043050000001
1791661202.081,633.352,"zaino_grpc_request_duration_seconds_count{method=""get_lightd_info""}",126.0
1791661202.081,633.352,zaino_sync_iteration_duration_seconds_sum,0.11273406799999992
1791661202.081,633.352,zaino_sync_iteration_duration_seconds_count,1207.0
1791661202.081,633.352,"zaino_sync_block_build_seconds{quantile=""0.5""}",0.0003103220179884221
1791661202.081,633.352,"zaino_sync_block_build_seconds{quantile=""0.9""}",0.0003970294768245741
1791661202.081,633.352,"zaino_sync_block_build_seconds{quantile=""0.95""}",0.00043624784216304445
1791661202.081,633.352,"zaino_sync_block_build_seconds{quantile=""0.99""}",0.00169936602106867
1791661202.081,633.352,"zaino_sync_block_build_seconds{quantile=""0.999""}",0.023709012770102074
1791661202.081,633.352,zaino_sync_block_build_seconds_sum,1303.9690443460704
1791661202.081,633.352,zaino_sync_block_build_seconds_count,2989616.0
1791661204.081,635.353,zaino_sync_iterations_total,1211.0
1791661204.081,635.353,zaino_sync_transactions_total,3445759.0
1791661204.081,635.353,zaino_sync_orchard_actions_total,39566.0
1791661204.081,635.353,zaino_sync_sapling_outputs_total,129782.0
1791661204.081,635.353,zaino_sync_last_block_written_at,1791661203.4819727
1791661204.081,635.353,zaino_db_tip_height,2899999.0
1791661204.081,635.353,"zaino_sync_iteration_duration_seconds{quantile=""0.5""}",7.142232682829499e-05
1791661204.081,635.353,"zaino_sync_iteration_duration_seconds{quantile=""0.999""}",0.0002275137156177208
1791661204.081,635.353,"zaino_sync_iteration_duration_seconds{quantile=""1""}",0.000238665
1791661204.081,635.353,zaino_sync_iteration_duration_seconds_sum,0.11319330799999992
1791661204.081,635.353,zaino_sync_iteration_duration_seconds_count,1211.0
1791661204.081,635.353,"zaino_sync_block_build_seconds{quantile=""0""}",0.000104501
1791661204.081,635.353,"zaino_sync_block_build_seconds{quantile=""0.5""}",0.0003096400599754451
1791661204.081,635.353,"zaino_sync_block_build_seconds{quantile=""0.9""}",0.0003956027403697437
1791661204.081,635.353,"zaino_sync_block_build_seconds{quantile=""0.95""}",0.0004342457105156339
1791661204.081,635.353,"zaino_sync_block_build_seconds{quantile=""0.99""}",0.0014478146073809044
1791661204.081,635.353,"zaino_sync_block_build_seconds{quantile=""0.999""}",0.022688433594800543
1791661204.081,635.353,zaino_sync_block_build_seconds_sum,1307.6828067650752
1791661204.081,635.353,zaino_sync_block_build_seconds_count,3003603.0
1791661206.081,637.353,zaino_sync_iterations_total,1215.0
1791661206.081,637.353,"zaino_grpc_requests_total{method=""get_block""}",254.0
1791661206.081,637.353,"zaino_grpc_requests_total{method=""get_lightd_info""}",127.0
1791661206.081,637.353,"zaino_grpc_request_duration_seconds{method=""get_block"",quantile=""0.9""}",0.00037653482012020876
1791661206.081,637.353,"zaino_grpc_request_duration_seconds{method=""get_block"",quantile=""0.95""}",0.0004457733001852278
1791661206.081,637.353,"zaino_grpc_request_duration_seconds_sum{method=""get_block""}",0.052770063000000034
1791661206.081,637.353,"zaino_grpc_request_duration_seconds_count{method=""get_block""}",254.0
1791661206.081,637.353,"zaino_grpc_request_duration_seconds_sum{method=""get_lightd_info""}",0.4118605430000001
1791661206.081,637.353,"zaino_grpc_request_duration_seconds_count{method=""get_lightd_info""}",127.0
1791661206.081,637.353,zaino_sync_iteration_duration_seconds_sum,0.11350701199999992
1791661206.081,637.353,zaino_sync_iteration_duration_seconds_count,1215.0
1791661206.081,637.353,"zaino_sync_block_write_seconds{quantile=""0.5""}",8.452819058440484
1791661206.081,637.353,"zaino_sync_block_write_seconds{quantile=""0.9""}",8.452819058440484
1791661206.081,637.353,"zaino_sync_block_write_seconds{quantile=""0.95""}",8.452819058440484
1791661206.081,637.353,"zaino_sync_block_write_seconds{quantile=""0.99""}",8.452819058440484
1791661206.081,637.353,"zaino_sync_block_write_seconds{quantile=""0.999""}",8.452819058440484
1791661206.081,637.353,"zaino_sync_block_build_seconds{quantile=""0""}",0.000100469
1791661206.081,637.353,"zaino_sync_block_build_seconds{quantile=""0.5""}",0.0003106946279325033
1791661206.081,637.353,"zaino_sync_block_build_seconds{quantile=""0.9""}",0.00040053875440718243
1791661206.081,637.353,"zaino_sync_block_build_seconds{quantile=""0.95""}",0.00044657641471447366
1791661206.081,637.353,"zaino_sync_block_build_seconds{quantile=""0.99""}",0.0014194298148315027
1791661206.081,637.353,"zaino_sync_block_build_seconds{quantile=""0.999""}",0.022035510401981283
1791661206.081,637.353,zaino_sync_block_build_seconds_sum,1311.298206642085
1791661206.081,637.353,zaino_sync_block_build_seconds_count,3012134.0
1791661208.081,639.353,zaino_sync_iterations_total,1219.0
1791661208.081,639.353,"zaino_sync_iteration_duration_seconds{quantile=""0.9""}",0.0001102566161093556
1791661208.081,639.353,zaino_sync_iteration_duration_seconds_sum,0.11382855999999993
1791661208.081,639.353,zaino_sync_iteration_duration_seconds_count,1219.0
1791661208.081,639.353,"zaino_sync_block_build_seconds{quantile=""0.5""}",0.0002871516650351915
1791661208.081,639.353,"zaino_sync_block_build_seconds{quantile=""0.9""}",0.0003665043999563638
1791661208.081,639.353,"zaino_sync_block_build_seconds{quantile=""0.95""}",0.00038009093499628935
1791661208.081,639.353,"zaino_sync_block_build_seconds{quantile=""0.99""}",0.00039528638473551917
1791661208.081,639.353,"zaino_sync_block_build_seconds{quantile=""0.999""}",0.00039989840481427865
1791661208.081,639.353,"zaino_sync_block_build_seconds{quantile=""1""}",0.09053774
1791661208.081,639.353,zaino_sync_block_build_seconds_sum,1313.4270675770802
1791661208.081,639.353,zaino_sync_block_build_seconds_count,3012749.0
1791661210.081,641.353,zaino_sync_iterations_total,1223.0
1791661210.081,641.353,"zaino_sync_iteration_duration_seconds{quantile=""0.5""}",7.393678868903382e-05
1791661210.081,641.353,"zaino_sync_iteration_duration_seconds{quantile=""0.9""}",0.00011237151978442668
1791661210.081,641.353,zaino_sync_iteration_duration_seconds_sum,0.11417839999999993
1791661210.081,641.353,zaino_sync_iteration_duration_seconds_count,1223.0
1791661210.081,641.353,"zaino_sync_block_build_seconds{quantile=""0.5""}",0.000287438960324888
1791661210.081,641.353,"zaino_sync_block_build_seconds{quantile=""0.9""}",0.0003669444692265322
1791661210.081,641.353,"zaino_sync_block_build_seconds{quantile=""0.95""}",0.0003807757147984967
1791661210.081,641.353,"zaino_sync_block_build_seconds{quantile=""0.99""}",0.00039639473758634064
1791661210.081,641.353,"zaino_sync_block_build_seconds{quantile=""0.999""}",0.00040118012937952305
1791661210.081,641.353,zaino_sync_block_build_seconds_sum,1315.651599401081
1791661210.081,641.353,zaino_sync_block_build_seconds_count,3013544.0
1791661212.081,643.353,zaino_sync_iterations_total,1227.0
1791661212.081,643.353,"zaino_grpc_requests_total{method=""get_lightd_info""}",128.0
1791661212.081,643.353,"zaino_grpc_requests_total{method=""get_block""}",256.0
1791661212.081,643.353,zaino_sync_finalized_height,3014186.0
1791661212.081,643.353,"zaino_grpc_request_duration_seconds_sum{method=""get_block""}",0.05315498400000003
1791661212.081,643.353,"zaino_grpc_request_duration_seconds_count{method=""get_block""}",256.0
1791661212.081,643.353,"zaino_grpc_request_duration_seconds{method=""get_lightd_info"",quantile=""0.9""}",0.0034828650841914294
1791661212.081,643.353,"zaino_grpc_request_duration_seconds_sum{method=""get_lightd_info""}",0.4149530900000001
1791661212.081,643.353,"zaino_grpc_request_duration_seconds_count{method=""get_lightd_info""}",128.0
1791661212.081,643.353,"zaino_sync_iteration_duration_seconds{quantile=""0.5""}",7.583883688075855e-05
1791661212.081,643.353,"zaino_sync_iteration_duration_seconds{quantile=""0.9""}",0.00011773196089391221
1791661212.081,643.353,"zaino_sync_iteration_duration_seconds{quantile=""0.95""}",0.0001499362979578841
1791661212.081,643.353,"zaino_sync_iteration_duration_seconds{quantile=""0.99""}",0.00023865297877884904
1791661212.081,643.353,"zaino_sync_iteration_duration_seconds{quantile=""0.999""}",0.00023865297877884904
1791661212.081,643.353,"zaino_sync_iteration_duration_seconds{quantile=""1""}",0.00024102
1791661212.081,643.353,zaino_sync_iteration_duration_seconds_sum,0.11463910999999993
1791661212.081,643.353,zaino_sync_iteration_duration_seconds_count,1227.0
1791661212.081,643.353,"zaino_sync_block_build_seconds{quantile=""0.5""}",0.0003082189866692504
1791661212.081,643.353,"zaino_sync_block_build_seconds{quantile=""0.9""}",0.0003901028907640579
1791661212.081,643.353,"zaino_sync_block_build_seconds{quantile=""0.95""}",0.00041414266959151385
1791661212.081,643.353,"zaino_sync_block_build_seconds{quantile=""0.99""}",0.00045278188854710615
1791661212.081,643.353,"zaino_sync_block_build_seconds{quantile=""0.999""}",0.00046872232118971645
1791661212.081,643.353,zaino_sync_block_build_seconds_sum,1317.876387924083
1791661212.081,643.353,zaino_sync_block_build_seconds_count,3014384.0
1791661214.082,645.354,zaino_sync_iterations_total,1229.0
1791661214.082,645.354,"zaino_sync_iteration_duration_seconds{quantile=""0.9""}",0.00011237151978442668
1791661214.082,645.354,"zaino_sync_iteration_duration_seconds{quantile=""0.95""}",0.00014711440119804668
1791661214.082,645.354,zaino_sync_iteration_duration_seconds_sum,0.11478030699999994
1791661214.082,645.354,zaino_sync_iteration_duration_seconds_count,1229.0
1791661214.082,645.354,"zaino_sync_block_write_seconds{quantile=""0.5""}",8.752155406717367
1791661214.082,645.354,"zaino_sync_block_write_seconds{quantile=""0.9""}",8.752155406717367
1791661214.082,645.354,"zaino_sync_block_write_seconds{quantile=""0.95""}",8.752155406717367
1791661214.082,645.354,"zaino_sync_block_write_seconds{quantile=""0.99""}",8.752155406717367
1791661214.082,645.354,"zaino_sync_block_write_seconds{quantile=""0.999""}",8.752155406717367
1791661214.082,645.354,"zaino_sync_block_write_seconds{quantile=""1""}",8.907184944
1791661214.082,645.354,zaino_sync_block_write_seconds_sum,215.520320817
1791661214.082,645.354,zaino_sync_block_write_seconds_count,30.0
1791661214.082,645.354,"zaino_sync_block_build_seconds{quantile=""0.5""}",0.00031057037493317275
1791661214.082,645.354,"zaino_sync_block_build_seconds{quantile=""0.9""}",0.0003992590789615164
1791661214.082,645.354,"zaino_sync_block_build_seconds{quantile=""0.95""}",0.00043216632561440804
1791661214.082,645.354,"zaino_sync_block_build_seconds{quantile=""0.99""}",0.0004990022115079083
1791661214.082,645.354,"zaino_sync_block_build_seconds{quantile=""0.999""}",0.0005285886487768148
1791661214.082,645.354,zaino_sync_block_build_seconds_sum,1322.336344464076
1791661214.082,645.354,zaino_sync_block_build_seconds_count,3022749.0
1791661216.082,647.354,zaino_sync_iterations_total,1232.0
1791661216.082,647.354,"zaino_grpc_requests_total{method=""get_block""}",258.0
1791661216.082,647.354,"zaino_grpc_requests_total{method=""get_lightd_info""}",129.0
1791661216.082,647.354,"zaino_grpc_request_duration_seconds{method=""get_block"",quantile=""0""}",1.1784e-05
1791661216.082,647.354,"zaino_grpc_request_duration_seconds{method=""get_block"",quantile=""0.95""}",0.0004278661988122714
1791661216.082,647.354,"zaino_grpc_request_duration_seconds{method=""get_block"",quantile=""0.99""}",0.0004278661988122714
1791661216.082,647.354,"zaino_grpc_request_duration_seconds{method=""get_block"",quantile=""0.999""}",0.0004278661988122714
1791661216.082,647.354,"zaino_grpc_request_duration_seconds{method=""get_block"",quantile=""1""}",0.000445729
1791661216.082,647.354,"zaino_grpc_request_duration_seconds_sum{method=""get_block""}",0.05359467300000003
1791661216.082,647.354,"zaino_grpc_request_duration_seconds_count{method=""get_block""}",258.0
1791661216.082,647.354,"zaino_grpc_request_duration_seconds{method=""get_lightd_info"",quantile=""0.5""}",0.00309273327432642
1791661216.082,647.354,"zaino_grpc_request_duration_seconds{method=""get_lightd_info"",quantile=""0.95""}",0.0034828650841914294
1791661216.082,647.354,"zaino_grpc_request_duration_seconds{method=""get_lightd_info"",quantile=""0.99""}",0.0034828650841914294
1791661216.082,647.354,"zaino_grpc_request_duration_seconds{method=""get_lightd_info"",quantile=""0.999""}",0.0034828650841914294
1791661216.082,647.354,"zaino_grpc_request_duration_seconds{method=""get_lightd_info"",quantile=""1""}",0.003622783
1791661216.082,647.354,"zaino_grpc_request_duration_seconds_sum{method=""get_lightd_info""}",0.4181262970000001
1791661216.082,647.354,"zaino_grpc_request_duration_seconds_count{method=""get_lightd_info""}",129.0
1791661216.082,647.354,zaino_sync_iteration_duration_seconds_sum,0.11500738299999995
1791661216.082,647.354,zaino_sync_iteration_duration_seconds_count,1232.0
1791661216.082,647.354,"zaino_sync_block_build_seconds{quantile=""0.5""}",0.00031387993057498315
1791661216.082,647.354,"zaino_sync_block_build_seconds{quantile=""0.9""}",0.0004133152119830004
1791661216.082,647.354,"zaino_sync_block_build_seconds{quantile=""0.95""}",0.00046666447355441334
1791661216.082,647.354,"zaino_sync_block_build_seconds{quantile=""0.99""}",0.0005880491472525899
1791661216.082,647.354,"zaino_sync_block_build_seconds{quantile=""0.999""}",0.0006159775563193609
1791661216.082,647.354,zaino_sync_block_build_seconds_sum,1326.3930814250798
1791661216.082,647.354,zaino_sync_block_build_seconds_count,3029784.0
1791661218.082,649.354,zaino_sync_iterations_total,1236.0
1791661218.082,649.354,zaino_sync_iteration_duration_seconds_sum,0.11530127699999995
1791661218.082,649.354,zaino_sync_iteration_duration_seconds_count,1236.0
1791661218.082,649.354,"zaino_sync_block_build_seconds{quantile=""0.5""}",0.00031608479812959714
1791661218.082,649.354,"zaino_sync_block_build_seconds{quantile=""0.9""}",0.0004306133239173158
1791661218.082,649.354,"zaino_sync_block_build_seconds{quantile=""0.95""}",0.00050765928699921
1791661218.082,649.354,"zaino_sync_block_build_seconds{quantile=""0.99""}",0.0006029356823398217
1791661218.082,649.354,"zaino_sync_block_build_seconds{quantile=""0.999""}",0.0006215463764458821
1791661218.082,649.354,zaino_sync_block_build_seconds_sum,1330.922730046088
1791661218.082,649.354,zaino_sync_block_build_seconds_count,3039405.0
1791661220.083,651.354,zaino_sync_iterations_total,1240.0
1791661220.083,651.354,"zaino_sync_iteration_duration_seconds{quantile=""0.5""}",7.396636932033987e-05
1791661220.083,651.354,"zaino_sync_iteration_duration_seconds{quantile=""0.9""}",0.00010883255653785121
1791661220.083,651.354,zaino_sync_iteration_duration_seconds_sum,0.11558135099999996
1791661220.083,651.354,zaino_sync_iteration_duration_seconds_count,1240.0
1791661220.083,651.354,"zaino_sync_block_build_seconds{quantile=""0.5""}",0.00031951701456852847
1791661220.083,651.354,"zaino_sync_block_build_seconds{quantile=""0.9""}",0.00046340922887728954
1791661220.083,651.354,"zaino_sync_block_build_seconds{quantile=""0.95""}",0.0005704414461805837
1791661220.083,651.354,"zaino_sync_block_build_seconds{quantile=""0.99""}",0.000652499601530394
1791661220.083,651.354,"zaino_sync_block_build_seconds{quantile=""0.999""}",0.0006781785006902961
1791661220.083,651.354,zaino_sync_block_build_seconds_sum,1336.0016416040908
1791661220.083,651.354,zaino_sync_block_build_seconds_count,3046833.0
1791661222.083,653.355,"zaino_grpc_requests_total{method=""get_block""}",260.0
1791661222.083,653.355,"zaino_grpc_requests_total{method=""get_lightd_info""}",130.0
1791661222.083,653.355,zaino_sync_iterations_total,1244.0
1791661222.083,653.355,zaino_sync_finalized_height,3052316.0
1791661222.083,653.355,"zaino_grpc_request_duration_seconds_sum{method=""get_block""}",0.05389641600000003
1791661222.083,653.355,"zaino_grpc_request_duration_seconds_count{method=""get_block""}",260.0
1791661222.083,653.355,"zaino_grpc_request_duration_seconds{method=""get_lightd_info"",quantile=""0.5""}",0.0030773082027179452
1791661222.083,653.355,"zaino_grpc_request_duration_seconds_sum{method=""get_lightd_info""}",0.4208786480000001
1791661222.083,653.355,"zaino_grpc_request_duration_seconds_count{method=""get_lightd_info""}",130.0
1791661222.083,653.355,"zaino_sync_iteration_duration_seconds{quantile=""0.5""}",7.142232682829499e-05
1791661222.083,653.355,zaino_sync_iteration_duration_seconds_sum,0.11583964099999995
1791661222.083,653.355,zaino_sync_iteration_duration_seconds_count,1244.0
1791661222.083,653.355,"zaino_sync_block_build_seconds{quantile=""0.5""}",0.00032272821396193426
1791661222.083,653.355,"zaino_sync_block_build_seconds{quantile=""0.9""}",0.000513171720879376
1791661222.083,653.355,"zaino_sync_block_build_seconds{quantile=""0.95""}",0.0006183227240378387
1791661222.083,653.355,"zaino_sync_block_build_seconds{quantile=""0.99""}",0.0007204028207630402
1791661222.083,653.355,"zaino_sync_block_build_seconds{quantile=""0.999""}",0.0007387876478136351
1791661222.083,653.355,zaino_sync_block_build_seconds_sum,1341.1083054170863
1791661222.083,653.355,zaino_sync_block_build_seconds_count,3054042.0
1791661224.083,655.355,zaino_sync_iterations_total,1248.0
1791661224.083,655.355,zaino_sync_iteration_duration_seconds_sum,0.11612639099999995
1791661224.083,655.355,zaino_sync_iteration_duration_seconds_count,1248.0
1791661224.083,655.355,"zaino_sync_block_build_seconds{quantile=""0.5""}",0.0003255156453865769
1791661224.083,655.355,"zaino_sync_block_build_seconds{quantile=""0.9""}",0.0005535823535415408
1791661224.083,655.355,"zaino_sync_block_build_seconds{quantile=""0.95""}",0.0006325824250601901
1791661224.083,655.355,"zaino_sync_block_build_seconds{quantile=""0.99""}",0.0007188196766491439
1791661224.083,655.355,"zaino_sync_block_build_seconds{quantile=""0.999""}",0.0007374590261613568
1791661224.083,655.355,zaino_sync_block_build_seconds_sum,1345.7018238070834
1791661224.083,655.355,zaino_sync_block_build_seconds_count,3062739.0
1791661226.083,657.355,"zaino_grpc_requests_total{method=""get_lightd_info""}",131.0
1791661226.083,657.355,"zaino_grpc_requests_total{method=""get_block""}",262.0
1791661226.083,657.355,zaino_sync_iterations_total,1252.0
1791661226.083,657.355,"zaino_grpc_request_duration_seconds{method=""get_block"",quantile=""0.95""}",0.0004056986030632512
1791661226.083,657.355,"zaino_grpc_request_duration_seconds_sum{method=""get_block""}",0.05431627900000003
1791661226.083,657.355,"zaino_grpc_request_duration_seconds_count{method=""get_block""}",262.0
1791661226.083,657.355,"zaino_grpc_request_duration_seconds{method=""get_lightd_info"",quantile=""0.5""}",0.00309273327432642
1791661226.083,657.355,"zaino_grpc_request_duration_seconds_sum{method=""get_lightd_info""}",0.42399733800000006
1791661226.083,657.355,"zaino_grpc_request_duration_seconds_count{method=""get_lightd_info""}",131.0
1791661226.083,657.355,"zaino_sync_iteration_duration_seconds{quantile=""0.9""}",0.0001084848489845667
1791661226.083,657.355,"zaino_sync_iteration_duration_seconds{quantile=""0.95""}",0.00012761405619043155
1791661226.083,657.355,"zaino_sync_iteration_duration_seconds{quantile=""0.99""}",0.0002275137156177208
1791661226.083,657.355,zaino_sync_iteration_duration_seconds_sum,0.11645855599999995
1791661226.083,657.355,zaino_sync_iteration_duration_seconds_count,1252.0
1791661226.083,657.355,"zaino_sync_block_write_seconds{quantile=""0""}",8.752989221
1791661226.083,657.355,"zaino_sync_block_build_seconds{quantile=""0.5""}",0.00032891867318190755
1791661226.083,657.355,"zaino_sync_block_build_seconds{quantile=""0.9""}",0.0005783681063235873
1791661226.083,657.355,"zaino_sync_block_build_seconds{quantile=""0.95""}",0.0006448453550754721
1791661226.083,657.355,"zaino_sync_block_build_seconds{quantile=""0.99""}",0.0007270611078940039
1791661226.083,657.355,"zaino_sync_block_build_seconds{quantile=""0.999""}",0.0007435310514763676
1791661226.083,657.355,zaino_sync_block_build_seconds_sum,1350.482704826085
1791661226.083,657.355,zaino_sync_block_build_seconds_count,3071553.0
1791661228.083,659.355,zaino_sync_iterations_total,1256.0
1791661228.083,659.355,zaino_sync_iteration_duration_seconds_sum,0.11672694899999995
1791661228.083,659.355,zaino_sync_iteration_duration_seconds_count,1256.0
1791661228.083,659.355,"zaino_sync_block_build_seconds{quantile=""0.5""}",0.000330633504986776
1791661228.083,659.355,"zaino_sync_block_build_seconds{quantile=""0.9""}",0.0005840639779697241
1791661228.083,659.355,"zaino_sync_block_build_seconds{quantile=""0.95""}",0.0006449743370446847
1791661228.083,659.355,"zaino_sync_block_build_seconds{quantile=""0.99""}",0.0007243035184131271
1791661228.083,659.355,"zaino_sync_block_build_seconds{quantile=""0.999""}",0.0007408591519868784
1791661228.083,659.355,zaino_sync_block_build_seconds_sum,1354.8913625810799
1791661228.083,659.355,zaino_sync_block_build_seconds_count,3081291.0
1791661230.084,661.355,zaino_sync_iterations_total,1260.0
1791661230.084,661.355,zaino_sync_iteration_duration_seconds_sum,0.11704699799999996
1791661230.084,661.355,zaino_sync_iteration_duration_seconds_count,1260.0
1791661230.084,661.355,"zaino_sync_block_build_seconds{quantile=""0.5""}",0.00032911608360367857
1791661230.084,661.355,"zaino_sync_block_build_seconds{quantile=""0.9""}",0.000573415467464516
1791661230.084,661.355,"zaino_sync_block_build_seconds{quantile=""0.95""}",0.0006349908113192485
1791661230.084,661.355,"zaino_sync_block_build_seconds{quantile=""0.99""}",0.0007096774200219118
1791661230.084,661.355,"zaino_sync_block_build_seconds{quantile=""0.999""}",0.0007285166852067647
1791661230.084,661.355,zaino_sync_block_build_seconds_sum,1358.8287867260829
1791661230.084,661.355,zaino_sync_block_build_seconds_count,3092859.0
1791661232.084,663.356,zaino_sync_sapling_outputs_total,130002.0
1791661232.084,663.356,"zaino_grpc_requests_total{method=""get_lightd_info""}",132.0
1791661232.084,663.356,"zaino_grpc_requests_total{method=""get_block""}",264.0
1791661232.084,663.356,zaino_sync_orchard_actions_total,39758.0
1791661232.084,663.356,zaino_sync_iterations_total,1264.0
1791661232.084,663.356,zaino_sync_transactions_total,3546415.0
1791661232.084,663.356,zaino_sync_last_block_written_at,1791661231.5954318
1791661232.084,663.356,zaino_sync_finalized_height,3100029.0
1791661232.084,663.356,zaino_db_tip_height,2999999.0
1791661232.084,663.356,"zaino_grpc_request_duration_seconds_sum{method=""get_block""}",0.054669310000000026
1791661232.084,663.356,"zaino_grpc_request_duration_seconds_count{method=""get_block""}",264.0
1791661232.084,663.356,"zaino_grpc_request_duration_seconds{method=""get_lightd_info"",quantile=""0.9""}",0.003453731549537636
1791661232.084,663.356,"zaino_grpc_request_duration_seconds_sum{method=""get_lightd_info""}",0.4271937370000001
1791661232.084,663.356,"zaino_grpc_request_duration_seconds_count{method=""get_lightd_info""}",132.0
1791661232.084,663.356,"zaino_sync_iteration_duration_seconds{quantile=""0""}",4.8242e-05
1791661232.084,663.356,"zaino_sync_iteration_duration_seconds{quantile=""0.5""}",7.211128286594963e-05
1791661232.084,663.356,"zaino_sync_iteration_duration_seconds{quantile=""0.9""}",0.0001063792482316961
1791661232.084,663.356,"zaino_sync_iteration_duration_seconds{quantile=""0.95""}",0.00011237151978442668
1791661232.084,663.356,"zaino_sync_iteration_duration_seconds{quantile=""0.99""}",0.00023865297877884904
1791661232.084,663.356,zaino_sync_iteration_duration_seconds_sum,0.11730831799999995
1791661232.084,663.356,zaino_sync_iteration_duration_seconds_count,1264.0
1791661232.084,663.356,"zaino_sync_block_build_seconds{quantile=""0.5""}",0.00035982238206047076
1791661232.084,663.356,"zaino_sync_block_build_seconds{quantile=""0.9""}",0.0006777717156362459
1791661232.084,663.356,"zaino_sync_block_build_seconds{quantile=""0.95""}",0.0007493532708341638
1791661232.084,663.356,"zaino_sync_block_build_seconds{quantile=""0.99""}",0.000864378307998484
1791661232.084,663.356,"zaino_sync_block_build_seconds{quantile=""0.999""}",0.009812482096717028
1791661232.084,663.356,zaino_sync_block_build_seconds_sum,1363.031461528087
1791661232.084,663.356,zaino_sync_block_build_seconds_count,3102070.0
1791661234.084,665.356,zaino_sync_iterations_total,1268.0
1791661234.084,665.356,"zaino_sync_iteration_duration_seconds{quantile=""0.5""}",7.266141647731398e-05
1791661234.084,665.356,"zaino_sync_iteration_duration_seconds{quantile=""0.9""}",0.00010774965450320488
1791661234.084,665.356,"zaino_sync_iteration_duration_seconds{quantile=""0.95""}",0.00012134169881967436
1791661234.084,665.356,zaino_sync_iteration_duration_seconds_sum,0.11766162899999995
1791661234.084,665.356,zaino_sync_iteration_duration_seconds_count,1268.0
1791661234.084,665.356,"zaino_sync_block_build_seconds{quantile=""0.5""}",0.00036271250620920417
1791661234.084,665.356,"zaino_sync_block_build_seconds{quantile=""0.9""}",0.0006826692820869054
1791661234.084,665.356,"zaino_sync_block_build_seconds{quantile=""0.95""}",0.0007517550420933427
1791661234.084,665.356,"zaino_sync_block_build_seconds{quantile=""0.99""}",0.0008776172191568054
1791661234.084,665.356,"zaino_sync_block_build_seconds{quantile=""0.999""}",0.009843932333071993
1791661234.084,665.356,zaino_sync_block_build_seconds_sum,1367.4443560150864
1791661234.084,665.356,zaino_sync_block_build_seconds_count,3110122.0
1791661236.084,667.356,zaino_sync_iterations_total,1272.0
1791661236.084,667.356,"zaino_grpc_requests_total{method=""get_block""}",266.0
1791661236.084,667.356,"zaino_grpc_requests_total{method=""get_lightd_info""}",133.0
1791661236.084,667.356,"zaino_grpc_request_duration_seconds{method=""get_block"",quantile=""0.5""}",1.6787096340438523e-05
1791661236.084,667.356,"zaino_grpc_request_duration_seconds{method=""get_block"",quantile=""0.9""}",0.0003770623380465227
1791661236.084,667.356,"zaino_grpc_request_duration_seconds{method=""get_block"",quantile=""0.99""}",0.0004056986030632512
1791661236.084,667.356,"zaino_grpc_request_duration_seconds{method=""get_block"",quantile=""0.999""}",0.0004056986030632512
1791661236.084,667.356,"zaino_grpc_request_duration_seconds{method=""get_block"",quantile=""1""}",0.000427905
1791661236.084,667.356,"zaino_grpc_request_duration_seconds_sum{method=""get_block""}",0.05506266100000003
1791661236.084,667.356,"zaino_grpc_request_duration_seconds_count{method=""get_block""}",266.0
1791661236.084,667.356,"zaino_grpc_request_duration_seconds{method=""get_lightd_info"",quantile=""0""}",0.002752351
1791661236.084,667.356,"zaino_grpc_request_duration_seconds{method=""get_lightd_info"",quantile=""0.9""}",0.0031964961437612157
1791661236.084,667.356,"zaino_grpc_request_duration_seconds{method=""get_lightd_info"",quantile=""0.95""}",0.0031964961437612157
1791661236.084,667.356,"zaino_grpc_request_duration_seconds{method=""get_lightd_info"",quantile=""0.99""}",0.0031964961437612157
1791661236.084,667.356,"zaino_grpc_request_duration_seconds{method=""get_lightd_info"",quantile=""0.999""}",0.0031964961437612157
1791661236.084,667.356,"zaino_grpc_request_duration_seconds{method=""get_lightd_info"",quantile=""1""}",0.003453574
1791661236.084,667.356,"zaino_grpc_request_duration_seconds_sum{method=""get_lightd_info""}",0.4299880830000001
1791661236.084,667.356,"zaino_grpc_request_duration_seconds_count{method=""get_lightd_info""}",133.0
1791661236.084,667.356,"zaino_sync_iteration_duration_seconds{quantile=""0.5""}",7.280688473051722e-05
1791661236.084,667.356,"zaino_sync_iteration_duration_seconds{quantile=""0.9""}",0.0001063792482316961
1791661236.084,667.356,"zaino_sync_iteration_duration_seconds{quantile=""0.95""}",0.00011237151978442668
1791661236.084,667.356,zaino_sync_iteration_duration_seconds_sum,0.11798863699999995
1791661236.084,667.356,zaino_sync_iteration_duration_seconds_count,1272.0
1791661236.084,667.356,"zaino_sync_block_build_seconds{quantile=""0.5""}",0.00038245481927009036
1791661236.084,667.356,"zaino_sync_block_build_seconds{quantile=""0.9""}",0.0007632690031946334
1791661236.084,667.356,"zaino_sync_block_build_seconds{quantile=""0.95""}",0.09978873151785572
1791661236.084,667.356,"zaino_sync_block_build_seconds{quantile=""0.99""}",0.09978873151785572
1791661236.084,667.356,"zaino_sync_block_build_seconds{quantile=""0.999""}",0.09978873151785572
1791661236.084,667.356,"zaino_sync_block_build_seconds{quantile=""1""}",0.099792065
1791661236.084,667.356,zaino_sync_block_build_seconds_sum,1373.2446634230862
1791661236.084,667.356,zaino_sync_block_build_seconds_count,3110644.0
1791661238.084,669.356,zaino_sync_iterations_total,1276.0
1791661238.084,669.356,"zaino_sync_iteration_duration_seconds{quantile=""0.5""}",7.333298599412419e-05
1791661238.084,669.356,zaino_sync_iteration_duration_seconds_sum,0.11829349799999996
1791661238.084,669.356,zaino_sync_iteration_duration_seconds_count,1276.0
1791661238.084,669.356,"zaino_sync_block_build_seconds{quantile=""0.5""}",0.0003832204943310186
1791661238.084,669.356,"zaino_sync_block_build_seconds{quantile=""0.9""}",0.0007672483393316993
1791661238.084,669.356,zaino_sync_block_build_seconds_sum,1379.2474716830875
1791661238.084,669.356,zaino_sync_block_build_seconds_count,3111385.0
1791661240.085,671.356,zaino_sync_iterations_total,1280.0
1791661240.085,671.356,"zaino_sync_iteration_duration_seconds{quantile=""0.95""}",0.00012134169881967436
1791661240.085,671.356,zaino_sync_iteration_duration_seconds_sum,0.11866439999999995
1791661240.085,671.356,zaino_sync_iteration_duration_seconds_count,1280.0
1791661240.085,671.356,"zaino_sync_block_build_seconds{quantile=""0.5""}",0.0003842950153461281
1791661240.085,671.356,"zaino_sync_block_build_seconds{quantile=""0.9""}",0.0007707858116530152
1791661240.085,671.356,zaino_sync_block_build_seconds_sum,1385.0728244120864
1791661240.085,671.356,zaino_sync_block_build_seconds_count,3112438.0
1791661242.085,673.357,"zaino_grpc_requests_total{method=""get_lightd_info""}",134.0
1791661242.085,673.357,"zaino_grpc_requests_total{method=""get_block""}",268.0
1791661242.085,673.357,zaino_sync_iterations_total,1283.0
1791661242.085,673.357,zaino_sync_finalized_height,3115719.0
1791661242.085,673.357,"zaino_grpc_request_duration_seconds_sum{method=""get_block""}",0.05542753600000003
1791661242.085,673.357,"zaino_grpc_request_duration_seconds_count{method=""get_block""}",268.0
1791661242.085,673.357,"zaino_grpc_request_duration_seconds{method=""get_lightd_info"",quantile=""0""}",0.002498377
1791661242.085,673.357,"zaino_grpc_request_duration_seconds{method=""get_lightd_info"",quantile=""0.5""}",0.0030773082027179452
1791661242.085,673.357,"zaino_grpc_request_duration_seconds_sum{method=""get_lightd_info""}",0.4324864600000001
1791661242.085,673.357,"zaino_grpc_request_duration_seconds_count{method=""get_lightd_info""}",134.0
1791661242.085,673.357,"zaino_sync_iteration_duration_seconds{quantile=""0.9""}",0.00010774965450320488
1791661242.085,673.357,"zaino_sync_iteration_duration_seconds{quantile=""0.95""}",0.000123669232656905
1791661242.085,673.357,zaino_sync_iteration_duration_seconds_sum,0.11892267899999995
1791661242.085,673.357,zaino_sync_iteration_duration_seconds_count,1283.0
1791661242.085,673.357,"zaino_sync_block_write_seconds{quantile=""0.5""}",8.907556863807072
1791661242.085,673.357,"zaino_sync_block_write_seconds{quantile=""0.9""}",8.907556863807072
1791661242.085,673.357,"zaino_sync_block_write_seconds{quantile=""0.95""}",8.907556863807072
1791661242.085,673.357,"zaino_sync_block_write_seconds{quantile=""0.99""}",8.907556863807072
1791661242.085,673.357,"zaino_sync_block_write_seconds{quantile=""0.999""}",8.907556863807072
1791661242.085,673.357,"zaino_sync_block_write_seconds{quantile=""1""}",9.290873646
1791661242.085,673.357,zaino_sync_block_write_seconds_sum,224.811194463
1791661242.085,673.357,zaino_sync_block_write_seconds_count,31.0
1791661242.085,673.357,"zaino_sync_block_build_seconds{quantile=""0.5""}",0.0003876142045454816
1791661242.085,673.357,"zaino_sync_block_build_seconds{quantile=""0.9""}",0.0007637271020139797
1791661242.085,673.357,"zaino_sync_block_build_seconds{quantile=""0.95""}",0.02165540899189775
1791661242.085,673.357,zaino_sync_block_build_seconds_sum,1391.7863428250898
1791661242.085,673.357,zaino_sync_block_build_seconds_count,3120647.0
1791661244.085,675.357,zaino_sync_iterations_total,1285.0
1791661244.085,675.357,zaino_sync_iteration_duration_seconds_sum,0.11907350599999995
1791661244.085,675.357,zaino_sync_iteration_duration_seconds_count,1285.0
1791661244.085,675.357,"zaino_sync_block_build_seconds{quantile=""0.5""}",0.00038552672909026984
1791661244.085,675.357,"zaino_sync_block_build_seconds{quantile=""0.9""}",0.0007505531957554513
1791661244.085,675.357,"zaino_sync_block_build_seconds{quantile=""0.95""}",0.0020656712897631703
1791661244.085,675.357,zaino_sync_block_build_seconds_sum,1394.5383861420896
1791661244.085,675.357,zaino_sync_block_build_seconds_count,3127166.0
1791661246.085,677.357,zaino_sync_iterations_total,1289.0
1791661246.085,677.357,"zaino_grpc_requests_total{method=""get_block""}",270.0
1791661246.085,677.357,"zaino_grpc_requests_total{method=""get_lightd_info""}",135.0
1791661246.085,677.357,"zaino_grpc_request_duration_seconds{method=""get_block"",quantile=""0.9""}",0.00036812057229327645
1791661246.085,677.357,"zaino_grpc_request_duration_seconds{method=""get_block"",quantile=""0.95""}",0.0003770623380465227
1791661246.085,677.357,"zaino_grpc_request_duration_seconds_sum{method=""get_block""}",0.05579879400000003
1791661246.085,677.357,"zaino_grpc_request_duration_seconds_count{method=""get_block""}",270.0
1791661246.085,677.357,"zaino_grpc_request_duration_seconds_sum{method=""get_lightd_info""}",0.4355333370000001
1791661246.085,677.357,"zaino_grpc_request_duration_seconds_count{method=""get_lightd_info""}",135.0
1791661246.085,677.357,"zaino_sync_iteration_duration_seconds{quantile=""0.5""}",7.396636932033987e-05
1791661246.085,677.357,"zaino_sync_iteration_duration_seconds{quantile=""0.999""}",0.0002410032756230735
1791661246.085,677.357,"zaino_sync_iteration_duration_seconds{quantile=""1""}",0.000253051
1791661246.085,677.357,zaino_sync_iteration_duration_seconds_sum,0.11956555899999996
1791661246.085,677.357,zaino_sync_iteration_duration_seconds_count,1289.0
1791661246.085,677.357,"zaino_sync_block_write_seconds{quantile=""0""}",8.907184944
1791661246.085,677.357,"zaino_sync_block_build_seconds{quantile=""0.5""}",0.00037405787321525603
1791661246.085,677.357,"zaino_sync_block_build_seconds{quantile=""0.9""}",0.0007078346553558691
1791661246.085,677.357,"zaino_sync_block_build_seconds{quantile=""0.95""}",0.0007763554963192635
1791661246.085,677.357,zaino_sync_block_build_seconds_sum,1398.5521821960858
1791661246.085,677.357,zaino_sync_block_build_seconds_count,3138098.0
1791661248.085,679.357,zaino_sync_iterations_total,1293.0
1791661248.085,679.357,"zaino_sync_iteration_duration_seconds{quantile=""0.9""}",0.0001084848489845667
1791661248.085,679.357,"zaino_sync_iteration_duration_seconds{quantile=""0.95""}",0.00012761405619043155
1791661248.085,679.357,zaino_sync_iteration_duration_seconds_sum,0.11998872999999995
1791661248.085,679.357,zaino_sync_iteration_duration_seconds_count,1293.0
1791661248.085,679.357,"zaino_sync_block_build_seconds{quantile=""0.5""}",0.00037548199726021087
1791661248.085,679.357,"zaino_sync_block_build_seconds{quantile=""0.9""}",0.0006998111610697527
1791661248.085,679.357,"zaino_sync_block_build_seconds{quantile=""0.95""}",0.0007666347861121991
1791661248.085,679.357,"zaino_sync_block_build_seconds{quantile=""0.99""}",0.009101645836450484
1791661248.085,679.357,zaino_sync_block_build_seconds_sum,1403.2098012130878
1791661248.085,679.357,zaino_sync_block_build_seconds_count,3147523.0
1791661250.086,681.357,zaino_sync_iterations_total,1297.0
1791661250.086,681.357,"zaino_sync_iteration_duration_seconds{quantile=""0.5""}",7.333298599412419e-05
1791661250.086,681.357,"zaino_sync_iteration_duration_seconds{quantile=""0.9""}",0.00011072066772479852
1791661250.086,681.357,zaino_sync_iteration_duration_seconds_sum,0.12029525799999995
1791661250.086,681.357,zaino_sync_iteration_duration_seconds_count,1297.0
1791661250.086,681.357,"zaino_sync_block_build_seconds{quantile=""0.5""}",0.00035652719722676973
1791661250.086,681.357,"zaino_sync_block_build_seconds{quantile=""0.9""}",0.0006416291754388373
1791661250.086,681.357,"zaino_sync_block_build_seconds{quantile=""0.95""}",0.0006970175074482753
1791661250.086,681.357,"zaino_sync_block_build_seconds{quantile=""0.99""}",0.0007520558042596055
1791661250.086,681.357,"zaino_sync_block_build_seconds{quantile=""0.999""}",0.0007649500434735519
1791661250.086,681.357,zaino_sync_block_build_seconds_sum,1407.0941095630724
1791661250.086,681.357,zaino_sync_block_build_seconds_count,3160363.0
1791661252.086,683.358,"zaino_grpc_requests_total{method=""get_lightd_info""}",136.0
1791661252.086,683.358,"zaino_grpc_requests_total{method=""get_block""}",272.0
1791661252.086,683.358,zaino_sync_iterations_total,1301.0
1791661252.086,683.358,zaino_sync_finalized_height,3168624.0
1791661252.086,683.358,"zaino_grpc_request_duration_seconds{method=""get_block"",quantile=""0.9""}",0.0003770623380465227
1791661252.086,683.358,"zaino_grpc_request_duration_seconds{method=""get_block"",quantile=""0.95""}",0.0004056986030632512
1791661252.086,683.358,"zaino_grpc_request_duration_seconds{method=""get_block"",quantile=""0.99""}",0.0004278661988122714
1791661252.086,683.358,"zaino_grpc_request_duration_seconds{method=""get_block"",quantile=""0.999""}",0.0004278661988122714
1791661252.086,683.358,"zaino_grpc_request_duration_seconds{method=""get_block"",quantile=""1""}",0.000484725
1791661252.086,683.358,"zaino_grpc_request_duration_seconds_sum{method=""get_block""}",0.056296740000000026
1791661252.086,683.358,"zaino_grpc_request_duration_seconds_count{method=""get_block""}",272.0
1791661252.086,683.358,"zaino_grpc_request_duration_seconds{method=""get_lightd_info"",quantile=""0.9""}",0.0031729293767994997
1791661252.086,683.358,"zaino_grpc_request_duration_seconds_sum{method=""get_lightd_info""}",0.4386949520000001
1791661252.086,683.358,"zaino_grpc_request_duration_seconds_count{method=""get_lightd_info""}",136.0
1791661252.086,683.358,"zaino_sync_iteration_duration_seconds{quantile=""0""}",4.9315e-05
1791661252.086,683.358,"zaino_sync_iteration_duration_seconds{quantile=""0.5""}",7.137948628550336e-05
1791661252.086,683.358,"zaino_sync_iteration_duration_seconds{quantile=""0.9""}",0.00010123155558231269
1791661252.086,683.358,"zaino_sync_iteration_duration_seconds{quantile=""0.95""}",0.000123669232656905
1791661252.086,683.358,"zaino_sync_iteration_duration_seconds{quantile=""0.99""}",0.00022305324838177082
1791661252.086,683.358,"zaino_sync_iteration_duration_seconds{quantile=""0.999""}",0.00022305324838177082
1791661252.086,683.358,zaino_sync_iteration_duration_seconds_sum,0.12053822699999994
1791661252.086,683.358,zaino_sync_iteration_duration_seconds_count,1301.0
1791661252.086,683.358,"zaino_sync_block_build_seconds{quantile=""0""}",0.000105908
1791661252.086,683.358,"zaino_sync_block_build_seconds{quantile=""0.5""}",0.0004733383817054781
1791661252.086,683.358,"zaino_sync_block_build_seconds{quantile=""0.9""}",0.000697575344561187
1791661252.086,683.358,"zaino_sync_block_build_seconds{quantile=""0.95""}",0.0007423423530024113
1791661252.086,683.358,"zaino_sync_block_build_seconds{quantile=""0.99""}",0.0007810276317025051
1791661252.086,683.358,"zaino_sync_block_build_seconds{quantile=""0.999""}",0.0007944186022379812
1791661252.086,683.358,zaino_sync_block_build_seconds_sum,1411.8018897900695
1791661252.086,683.358,zaino_sync_block_build_seconds_count,3170968.0
1791661254.086,685.358,zaino_sync_iterations_total,1305.0
1791661254.086,685.358,"zaino_sync_iteration_duration_seconds{quantile=""0.5""}",7.08532276437025e-05
1791661254.086,685.358,zaino_sync_iteration_duration_seconds_sum,0.12081481799999995
1791661254.086,685.358,zaino_sync_iteration_duration_seconds_count,1305.0
1791661254.086,685.358,"zaino_sync_block_build_seconds{quantile=""0.5""}",0.00046146699166276943
1791661254.086,685.358,"zaino_sync_block_build_seconds{quantile=""0.9""}",0.0006880149234037639
1791661254.086,685.358,"zaino_sync_block_build_seconds{quantile=""0.95""}",0.0007373115491038303
1791661254.086,685.358,"zaino_sync_block_build_seconds{quantile=""0.99""}",0.0007772876821175709
1791661254.086,685.358,"zaino_sync_block_build_seconds{quantile=""0.999""}",0.0007904564229164241
1791661254.086,685.358,zaino_sync_block_build_seconds_sum,1415.8856888540595
1791661254.086,685.358,zaino_sync_block_build_seconds_count,3182483.0
1791661256.086,687.358,"zaino_grpc_requests_total{method=""get_lightd_info""}",137.0
1791661256.086,687.358,"zaino_grpc_requests_total{method=""get_block""}",274.0
1791661256.086,687.358,zaino_sync_iterations_total,1309.0
1791661256.086,687.358,"zaino_grpc_request_duration_seconds{method=""get_block"",quantile=""0.5""}",1.649422824299092e-05
1791661256.086,687.358,"zaino_grpc_request_duration_seconds{method=""get_block"",quantile=""0.9""}",0.0004278661988122714
1791661256.086,687.358,"zaino_grpc_request_duration_seconds{method=""get_block"",quantile=""0.95""}",0.0004580647397707199
1791661256.086,687.358,"zaino_grpc_request_duration_seconds{method=""get_block"",quantile=""0.99""}",0.0004580647397707199
1791661256.086,687.358,"zaino_grpc_request_duration_seconds{method=""get_block"",quantile=""0.999""}",0.0004580647397707199
1791661256.086,687.358,"zaino_grpc_request_duration_seconds_sum{method=""get_block""}",0.05677131900000002
1791661256.086,687.358,"zaino_grpc_request_duration_seconds_count{method=""get_block""}",274.0
1791661256.086,687.358,"zaino_grpc_request_duration_seconds{method=""get_lightd_info"",quantile=""0.5""}",0.0030466884743942974
1791661256.086,687.358,"zaino_grpc_request_duration_seconds{method=""get_lightd_info"",quantile=""0.95""}",0.0031729293767994997
1791661256.086,687.358,"zaino_grpc_request_duration_seconds{method=""get_lightd_info"",quantile=""0.99""}",0.0031729293767994997
1791661256.086,687.358,"zaino_grpc_request_duration_seconds{method=""get_lightd_info"",quantile=""0.999""}",0.0031729293767994997
1791661256.086,687.358,"zaino_grpc_request_duration_seconds{method=""get_lightd_info"",quantile=""1""}",0.003196399
1791661256.086,687.358,"zaino_grpc_request_duration_seconds_sum{method=""get_lightd_info""}",0.4415570810000001
1791661256.086,687.358,"zaino_grpc_request_duration_seconds_count{method=""get_lightd_info""}",137.0
1791661256.086,687.358,"zaino_sync_iteration_duration_seconds{quantile=""0.5""}",7.078240983063074e-05
1791661256.086,687.358,"zaino_sync_iteration_duration_seconds{quantile=""0.9""}",0.0001006259847759307
1791661256.086,687.358,"zaino_sync_iteration_duration_seconds{quantile=""0.95""}",0.00012134169881967436
1791661256.086,687.358,zaino_sync_iteration_duration_seconds_sum,0.12107221199999996
1791661256.086,687.358,zaino_sync_iteration_duration_seconds_count,1309.0
1791661256.086,687.358,"zaino_sync_block_build_seconds{quantile=""0.5""}",0.00042488159371560245
1791661256.086,687.358,"zaino_sync_block_build_seconds{quantile=""0.9""}",0.0006631561803407119
1791661256.086,687.358,"zaino_sync_block_build_seconds{quantile=""0.95""}",0.0007143767818450662
1791661256.086,687.358,"zaino_sync_block_build_seconds{quantile=""0.99""}",0.0007532600566954765
1791661256.086,687.358,"zaino_sync_block_build_seconds{quantile=""0.999""}",0.0007631163646578482
1791661256.086,687.358,zaino_sync_block_build_seconds_sum,1419.6445746490624
1791661256.086,687.358,zaino_sync_block_build_seconds_count,3195062.0
1791661258.086,689.358,zaino_sync_iterations_total,1313.0
1791661258.086,689.358,zaino_sync_orchard_actions_total,41279.0
1791661258.086,689.358,zaino_sync_sapling_outputs_total,189546.0
1791661258.086,689.358,zaino_sync_transactions_total,3646526.0
1791661258.086,689.358,zaino_sync_last_block_written_at,1791661257.1116524
1791661258.086,689.358,zaino_db_tip_height,3099999.0
1791661258.086,689.358,"zaino_sync_iteration_duration_seconds{quantile=""0.9""}",0.00010123155558231269
1791661258.086,689.358,"zaino_sync_iteration_duration_seconds{quantile=""0.95""}",0.000123669232656905
1791661258.086,689.358,zaino_sync_iteration_duration_seconds_sum,0.12139168399999994
1791661258.086,689.358,zaino_sync_iteration_duration_seconds_count,1313.0
1791661258.086,689.358,"zaino_sync_block_build_seconds{quantile=""0.5""}",0.0004292375636665776
1791661258.086,689.358,"zaino_sync_block_build_seconds{quantile=""0.9""}",0.0006659472935422347
1791661258.086,689.358,"zaino_sync_block_build_seconds{quantile=""0.95""}",0.0007173834739724694
1791661258.086,689.358,"zaino_sync_block_build_seconds{quantile=""0.99""}",0.0007565817032194403
1791661258.086,689.358,"zaino_sync_block_build_seconds{quantile=""0.999""}",0.0007664814744861394
1791661258.086,689.358,zaino_sync_block_build_seconds_sum,1423.9757166040667
1791661258.086,689.358,zaino_sync_block_build_seconds_count,3203513.0
1791661260.087,691.358,zaino_sync_iterations_total,1317.0
1791661260.087,691.358,"zaino_sync_iteration_duration_seconds{quantile=""0.5""}",7.08532276437025e-05
1791661260.087,691.358,"zaino_sync_iteration_duration_seconds{quantile=""0.9""}",0.00011072066772479852
1791661260.087,691.358,"zaino_sync_iteration_duration_seconds{quantile=""0.95""}",0.00012566385481154344
1791661260.087,691.358,"zaino_sync_iteration_duration_seconds{quantile=""0.99""}",0.00023007619232437104
1791661260.087,691.358,"zaino_sync_iteration_duration_seconds{quantile=""0.999""}",0.00023007619232437104
1791661260.087,691.358,zaino_sync_iteration_duration_seconds_sum,0.12201065099999994
1791661260.087,691.358,zaino_sync_iteration_duration_seconds_count,1317.0
1791661260.087,691.358,"zaino_sync_block_build_seconds{quantile=""0.5""}",0.00043156171608195806
1791661260.087,691.358,"zaino_sync_block_build_seconds{quantile=""0.9""}",0.0006662137257434274
1791661260.087,691.358,"zaino_sync_block_build_seconds{quantile=""0.95""}",0.000717096577964951
1791661260.087,691.358,"zaino_sync_block_build_seconds{quantile=""0.99""}",0.0007562791310556112
1791661260.087,691.358,"zaino_sync_block_build_seconds{quantile=""0.999""}",0.0007660217235389922
1791661260.087,691.358,zaino_sync_block_build_seconds_sum,1428.0943398370673
1791661260.087,691.358,zaino_sync_block_build_seconds_count,3209499.0
1791661262.087,693.358,"zaino_grpc_requests_total{method=""get_lightd_info""}",138.0
1791661262.087,693.358,"zaino_grpc_requests_total{method=""get_block""}",276.0
1791661262.087,693.358,zaino_sync_iterations_total,1321.0
1791661262.087,693.358,zaino_sync_finalized_height,3209995.0
1791661262.087,693.358,"zaino_grpc_request_duration_seconds_sum{method=""get_block""}",0.05716559300000002
1791661262.087,693.358,"zaino_grpc_request_duration_seconds_count{method=""get_block""}",276.0
1791661262.087,693.358,"zaino_grpc_request_duration_seconds{method=""get_lightd_info"",quantile=""0.5""}",0.002862385174779975
1791661262.087,693.358,"zaino_grpc_request_duration_seconds_sum{method=""get_lightd_info""}",0.44426473200000005
1791661262.087,693.358,"zaino_grpc_request_duration_seconds_count{method=""get_lightd_info""}",138.0
1791661262.087,693.358,zaino_sync_iteration_duration_seconds_sum,0.12229158599999994
1791661262.087,693.358,zaino_sync_iteration_duration_seconds_count,1321.0
1791661262.087,693.358,"zaino_sync_block_build_seconds{quantile=""0.5""}",0.00043182073080911816
1791661262.087,693.358,"zaino_sync_block_build_seconds{quantile=""0.9""}",0.0006671470781568213
1791661262.087,693.358,"zaino_sync_block_build_seconds{quantile=""0.95""}",0.0007185322062754339
1791661262.087,693.358,"zaino_sync_block_build_seconds{quantile=""0.99""}",0.0007574901462231211
1791661262.087,693.358,"zaino_sync_block_build_seconds{quantile=""0.999""}",0.0007675553000565072
1791661262.087,693.358,zaino_sync_block_build_seconds_sum,1432.2369359390675
1791661262.087,693.358,zaino_sync_block_build_seconds_count,3210204.0
1791661264.087,695.359,zaino_sync_iterations_total,1325.0
1791661264.087,695.359,"zaino_sync_iteration_duration_seconds{quantile=""0.5""}",7.137948628550336e-05
1791661264.087,695.359,zaino_sync_iteration_duration_seconds_sum,0.12260063699999994
1791661264.087,695.359,zaino_sync_iteration_duration_seconds_count,1325.0
1791661264.087,695.359,"zaino_sync_block_build_seconds{quantile=""0.5""}",0.00043268523649113183
1791661264.087,695.359,"zaino_sync_block_build_seconds{quantile=""0.9""}",0.0006686164174142136
1791661264.087,695.359,"zaino_sync_block_build_seconds{quantile=""0.95""}",0.0007204028207630402
1791661264.087,695.359,"zaino_sync_block_build_seconds{quantile=""0.99""}",0.0007594621831469619
1791661264.087,695.359,"zaino_sync_block_build_seconds{quantile=""0.999""}",0.0007697074665308216
1791661264.087,695.359,zaino_sync_block_build_seconds_sum,1436.2479301990613
1791661264.087,695.359,zaino_sync_block_build_seconds_count,3211185.0
1791661266.087,697.359,zaino_sync_iterations_total,1329.0
1791661266.087,697.359,"zaino_grpc_requests_total{method=""get_lightd_info""}",139.0
1791661266.087,697.359,"zaino_grpc_requests_total{method=""get_block""}",278.0
1791661266.087,697.359,"zaino_grpc_request_duration_seconds{method=""get_block"",quantile=""0.9""}",0.0004056986030632512
1791661266.087,697.359,"zaino_grpc_request_duration_seconds{method=""get_block"",quantile=""0.95""}",0.0004278661988122714
1791661266.087,697.359,"zaino_grpc_request_duration_seconds_sum{method=""get_block""}",0.05752267500000002
1791661266.087,697.359,"zaino_grpc_request_duration_seconds_count{method=""get_block""}",278.0
1791661266.087,697.359,"zaino_grpc_request_duration_seconds_sum{method=""get_lightd_info""}",0.44706775200000004
1791661266.087,697.359,"zaino_grpc_request_duration_seconds_count{method=""get_lightd_info""}",139.0
1791661266.087,697.359,"zaino_sync_iteration_duration_seconds{quantile=""0.9""}",0.00011138698869732425
1791661266.087,697.359,"zaino_sync_iteration_duration_seconds{quantile=""0.95""}",0.0001382426567615047
1791661266.087,697.359,"zaino_sync_iteration_duration_seconds{quantile=""0.99""}",0.0002530559284483861
1791661266.087,697.359,"zaino_sync_iteration_duration_seconds{quantile=""0.999""}",0.00036826784997625754
1791661266.087,697.359,"zaino_sync_iteration_duration_seconds{quantile=""1""}",0.000500644
1791661266.087,697.359,zaino_sync_iteration_duration_seconds_sum,0.12360308099999992
1791661266.087,697.359,zaino_sync_iteration_duration_seconds_count,1329.0
1791661266.087,697.359,"zaino_sync_block_write_seconds{quantile=""0""}",9.290873646
1791661266.087,697.359,"zaino_sync_block_write_seconds{quantile=""0.5""}",9.291499987909576
1791661266.087,697.359,"zaino_sync_block_write_seconds{quantile=""0.9""}",9.291499987909576
1791661266.087,697.359,"zaino_sync_block_write_seconds{quantile=""0.95""}",9.291499987909576
1791661266.087,697.359,"zaino_sync_block_write_seconds{quantile=""0.99""}",9.291499987909576
1791661266.087,697.359,"zaino_sync_block_write_seconds{quantile=""0.999""}",9.291499987909576
1791661266.087,697.359,"zaino_sync_block_build_seconds{quantile=""0.5""}",0.0004333780870044297
1791661266.087,697.359,"zaino_sync_block_build_seconds{quantile=""0.9""}",0.0006695531359516948
1791661266.087,697.359,"zaino_sync_block_build_seconds{quantile=""0.95""}",0.0007214120910398183
1791661266.087,697.359,"zaino_sync_block_build_seconds{quantile=""0.99""}",0.0007609826274558179
1791661266.087,697.359,"zaino_sync_block_build_seconds{quantile=""0.999""}",0.0007712484219107478
1791661266.087,697.359,zaino_sync_block_build_seconds_sum,1440.269184883065
1791661266.087,697.359,zaino_sync_block_build_seconds_count,3213387.0
1791661268.087,699.359,zaino_sync_iterations_total,1333.0
1791661268.087,699.359,zaino_sync_iteration_duration_seconds_sum,0.12388443999999993
1791661268.087,699.359,zaino_sync_iteration_duration_seconds_count,1333.0
1791661268.087,699.359,"zaino_sync_block_write_seconds{quantile=""1""}",9.36913992
1791661268.087,699.359,zaino_sync_block_write_seconds_sum,234.180334383
1791661268.087,699.359,zaino_sync_block_write_seconds_count,32.0
1791661268.087,699.359,"zaino_sync_block_build_seconds{quantile=""0.5""}",0.00041571940564237564
1791661268.087,699.359,"zaino_sync_block_build_seconds{quantile=""0.9""}",0.0006583986036551814
1791661268.087,699.359,"zaino_sync_block_build_seconds{quantile=""0.95""}",0.0007064204007664503
1791661268.087,699.359,"zaino_sync_block_build_seconds{quantile=""0.99""}",0.0007478560619954133
1791661268.087,699.359,"zaino_sync_block_build_seconds{quantile=""0.999""}",0.0007577932028899129
1791661268.087,699.359,zaino_sync_block_build_seconds_sum,1444.1697020680706
1791661268.087,699.359,zaino_sync_block_build_seconds_count,3222727.0
1791661270.087,701.359,zaino_sync_iterations_total,1337.0
1791661270.087,701.359,"zaino_sync_iteration_duration_seconds{quantile=""0.95""}",0.00015165535174963484
1791661270.087,701.359,zaino_sync_iteration_duration_seconds_sum,0.12422742999999993
1791661270.087,701.359,zaino_sync_iteration_duration_seconds_count,1337.0
1791661270.087,701.359,"zaino_sync_block_build_seconds{quantile=""0.5""}",0.0004019029039167501
1791661270.087,701.359,"zaino_sync_block_build_seconds{quantile=""0.9""}",0.0006496349102167019
1791661270.087,701.359,"zaino_sync_block_build_seconds{quantile=""0.95""}",0.0006935411181152534
1791661270.087,701.359,"zaino_sync_block_build_seconds{quantile=""0.99""}",0.000738639905058348
1791661270.087,701.359,"zaino_sync_block_build_seconds{quantile=""0.999""}",0.000748304910275125
1791661270.087,701.359,zaino_sync_block_build_seconds_sum,1448.5187310650763
1791661270.087,701.359,zaino_sync_block_build_seconds_count,3234857.0
1791661272.087,703.359,"zaino_grpc_requests_total{method=""get_lightd_info""}",140.0
1791661272.087,703.359,"zaino_grpc_requests_total{method=""get_block""}",280.0
1791661272.087,703.359,zaino_sync_iterations_total,1341.0
1791661272.087,703.359,zaino_sync_finalized_height,3243529.0
1791661272.087,703.359,"zaino_grpc_request_duration_seconds{method=""get_block"",quantile=""0.9""}",0.0004278661988122714
1791661272.087,703.359,"zaino_grpc_request_duration_seconds{method=""get_block"",quantile=""0.95""}",0.00045660127539040655
1791661272.087,703.359,"zaino_grpc_request_duration_seconds_sum{method=""get_block""}",0.05799383800000003
1791661272.087,703.359,"zaino_grpc_request_duration_seconds_count{method=""get_block""}",280.0
1791661272.087,703.359,"zaino_grpc_request_duration_seconds{method=""get_lightd_info"",quantile=""0.9""}",0.003161527366936936
1791661272.087,703.359,"zaino_grpc_request_duration_seconds_sum{method=""get_lightd_info""}",0.45008763500000004
1791661272.087,703.359,"zaino_grpc_request_duration_seconds_count{method=""get_lightd_info""}",140.0
1791661272.087,703.359,"zaino_sync_iteration_duration_seconds{quantile=""0""}",5.1216e-05
1791661272.087,703.359,"zaino_sync_iteration_duration_seconds{quantile=""0.5""}",7.266141647731398e-05
1791661272.087,703.359,"zaino_sync_iteration_duration_seconds{quantile=""0.9""}",0.00012566385481154344
1791661272.087,703.359,"zaino_sync_iteration_duration_seconds{quantile=""0.95""}",0.00022305324838177082
1791661272.087,703.359,"zaino_sync_iteration_duration_seconds{quantile=""0.99""}",0.00036826784997625754
1791661272.087,703.359,zaino_sync_iteration_duration_seconds_sum,0.12452843399999994
1791661272.087,703.359,zaino_sync_iteration_duration_seconds_count,1341.0
1791661272.087,703.359,"zaino_sync_block_build_seconds{quantile=""0.5""}",0.0003913532194776654
1791661272.087,703.359,"zaino_sync_block_build_seconds{quantile=""0.9""}",0.0006623608702031715
1791661272.087,703.359,"zaino_sync_block_build_seconds{quantile=""0.95""}",0.000751454400207889
1791661272.087,703.359,"zaino_sync_block_build_seconds{quantile=""0.99""}",0.009020098536941922
1791661272.087,703.359,"zaino_sync_block_build_seconds{quantile=""0.999""}",0.033369932255137465
1791661272.087,703.359,zaino_sync_block_build_seconds_sum,1453.2412409100755
1791661272.087,703.359,zaino_sync_block_build_seconds_count,3245954.0
1791661274.088,705.359,zaino_sync_iterations_total,1345.0
1791661274.088,705.359,"zaino_sync_iteration_duration_seconds{quantile=""0.95""}",0.00020964393095386188
1791661274.088,705.359,zaino_sync_iteration_duration_seconds_sum,0.12486119999999994
1791661274.088,705.359,zaino_sync_iteration_duration_seconds_count,1345.0
1791661274.088,705.359,"zaino_sync_block_build_seconds{quantile=""0.5""}",0.00038568097062867114
1791661274.088,705.359,"zaino_sync_block_build_seconds{quantile=""0.9""}",0.0006544600395281885
1791661274.088,705.359,"zaino_sync_block_build_seconds{quantile=""0.95""}",0.0007429364644997068
1791661274.088,705.359,"zaino_sync_block_build_seconds{quantile=""0.99""}",0.00892320563588286
1791661274.088,705.359,"zaino_sync_block_build_seconds{quantile=""0.999""}",0.03228023949060027
1791661274.088,705.359,zaino_sync_block_build_seconds_sum,1457.4223130800685
1791661274.088,705.359,zaino_sync_block_build_seconds_count,3257961.0
1791661276.088,707.360,"zaino_grpc_requests_total{method=""get_lightd_info""}",141.0
1791661276.088,707.360,"zaino_grpc_requests_total{method=""get_block""}",282.0
1791661276.088,707.360,zaino_sync_iterations_total,1349.0
1791661276.088,707.360,"zaino_grpc_request_duration_seconds{method=""get_block"",quantile=""0""}",1.3221e-05
1791661276.088,707.360,"zaino_grpc_request_duration_seconds{method=""get_block"",quantile=""0.9""}",0.00045660127539040655
1791661276.088,707.360,"zaino_grpc_request_duration_seconds{method=""get_block"",quantile=""0.95""}",0.0004580647397707199
1791661276.088,707.360,"zaino_grpc_request_duration_seconds_sum{method=""get_block""}",0.05844095600000002
1791661276.088,707.360,"zaino_grpc_request_duration_seconds_count{method=""get_block""}",282.0
1791661276.088,707.360,"zaino_grpc_request_duration_seconds{method=""get_lightd_info"",quantile=""0.9""}",0.0030466884743942974
1791661276.088,707.360,"zaino_grpc_request_duration_seconds{method=""get_lightd_info"",quantile=""0.95""}",0.0030466884743942974
1791661276.088,707.360,"zaino_grpc_request_duration_seconds{method=""get_lightd_info"",quantile=""0.99""}",0.0030466884743942974
1791661276.088,707.360,"zaino_grpc_request_duration_seconds{method=""get_lightd_info"",quantile=""0.999""}",0.0030466884743942974
1791661276.088,707.360,"zaino_grpc_request_duration_seconds{method=""get_lightd_info"",quantile=""1""}",0.003161615
1791661276.088,707.360,"zaino_grpc_request_duration_seconds_sum{method=""get_lightd_info""}",0.452957156
1791661276.088,707.360,"zaino_grpc_request_duration_seconds_count{method=""get_lightd_info""}",141.0
1791661276.088,707.360,"zaino_sync_iteration_duration_seconds{quantile=""0.5""}",7.258879137919571e-05
1791661276.088,707.360,"zaino_sync_iteration_duration_seconds{quantile=""0.9""}",0.00012604141243049698
1791661276.088,707.360,zaino_sync_iteration_duration_seconds_sum,0.12518531799999993
1791661276.088,707.360,zaino_sync_iteration_duration_seconds_count,1349.0
1791661276.088,707.360,"zaino_sync_block_build_seconds{quantile=""0.5""}",0.0003803190579881013
1791661276.088,707.360,"zaino_sync_block_build_seconds{quantile=""0.9""}",0.0006479480533087583
1791661276.088,707.360,"zaino_sync_block_build_seconds{quantile=""0.95""}",0.0007342213345804065
1791661276.088,707.360,"zaino_sync_block_build_seconds{quantile=""0.99""}",0.008809716483441886
1791661276.088,707.360,"zaino_sync_block_build_seconds{quantile=""0.999""}",0.03162206898603542
1791661276.088,707.360,zaino_sync_block_build_seconds_sum,1461.0369003760686
1791661276.088,707.360,zaino_sync_block_build_seconds_count,3269783.0
1791661278.088,709.360,zaino_sync_iterations_total,1353.0
1791661278.088,709.360,"zaino_sync_iteration_duration_seconds{quantile=""0.5""}",7.490424176528584e-05
1791661278.088,709.360,"zaino_sync_iteration_duration_seconds{quantile=""0.9""}",0.00012959452311722878
1791661278.088,709.360,"zaino_sync_iteration_duration_seconds{quantile=""0.95""}",0.00022305324838177082
1791661278.088,709.360,zaino_sync_iteration_duration_seconds_sum,0.1257105179999999
1791661278.088,709.360,zaino_sync_iteration_duration_seconds_count,1353.0
1791661278.088,709.360,"zaino_sync_block_build_seconds{quantile=""0.5""}",0.00038161434352720333
1791661278.088,709.360,"zaino_sync_block_build_seconds{quantile=""0.9""}",0.0006501548260852271
1791661278.088,709.360,"zaino_sync_block_build_seconds{quantile=""0.95""}",0.0007361327938769842
1791661278.088,709.360,"zaino_sync_block_build_seconds{quantile=""0.99""}",0.008685502515338209
1791661278.088,709.360,"zaino_sync_block_build_seconds{quantile=""0.999""}",0.030669088631211826
1791661278.088,709.360,zaino_sync_block_build_seconds_sum,1465.2441852020634
1791661278.088,709.360,zaino_sync_block_build_seconds_count,3279050.0
1791661280.088,711.360,zaino_sync_iterations_total,1357.0
1791661280.088,711.360,"zaino_sync_iteration_duration_seconds{quantile=""0.5""}",7.547568272973862e-05
1791661280.088,711.360,"zaino_sync_iteration_duration_seconds{quantile=""0.9""}",0.00012604141243049698
1791661280.088,711.360,zaino_sync_iteration_duration_seconds_sum,0.1261099589999999
1791661280.088,711.360,zaino_sync_iteration_duration_seconds_count,1357.0
1791661280.088,711.360,"zaino_sync_block_build_seconds{quantile=""0.5""}",0.0003803951294068407
1791661280.088,711.360,"zaino_sync_block_build_seconds{quantile=""0.9""}",0.000646782795855246
1791661280.088,711.360,"zaino_sync_block_build_seconds{quantile=""0.95""}",0.0007312903151791426
1791661280.088,711.360,"zaino_sync_block_build_seconds{quantile=""0.99""}",0.008549350012329919
1791661280.088,711.360,"zaino_sync_block_build_seconds{quantile=""0.999""}",0.030140062363063644
1791661280.088,711.360,zaino_sync_block_build_seconds_sum,1469.2566105440578
1791661280.088,711.360,zaino_sync_block_build_seconds_count,3289787.0
1791661282.089,713.360,"zaino_grpc_requests_total{method=""get_block""}",284.0
1791661282.089,713.360,"zaino_grpc_requests_total{method=""get_lightd_info""}",142.0
1791661282.089,713.360,zaino_sync_orchard_actions_total,41517.0
1791661282.089,713.360,zaino_sync_sapling_outputs_total,224299.0
1791661282.089,713.360,zaino_sync_iterations_total,1361.0
1791661282.089,713.360,zaino_sync_transactions_total,3746656.0
1791661282.089,713.360,zaino_sync_finalized_height,3298690.0
1791661282.089,713.360,zaino_db_tip_height,3199999.0
1791661282.089,713.360,zaino_sync_last_block_written_at,1791661281.9362276
1791661282.089,713.360,"zaino_grpc_request_duration_seconds{method=""get_block"",quantile=""0.9""}",0.0004580647397707199
1791661282.089,713.360,"zaino_grpc_request_duration_seconds{method=""get_block"",quantile=""0.95""}",0.0004847389640171708
1791661282.089,713.360,"zaino_grpc_request_duration_seconds{method=""get_block"",quantile=""0.99""}",0.0004847389640171708
1791661282.089,713.360,"zaino_grpc_request_duration_seconds{method=""get_block"",quantile=""0.999""}",0.0004847389640171708
1791661282.089,713.360,"zaino_grpc_request_duration_seconds{method=""get_block"",quantile=""1""}",0.0004858
1791661282.089,713.360,"zaino_grpc_request_duration_seconds_sum{method=""get_block""}",0.058942190000000026
1791661282.089,713.360,"zaino_grpc_request_duration_seconds_count{method=""get_block""}",284.0
1791661282.089,713.360,"zaino_grpc_request_duration_seconds{method=""get_lightd_info"",quantile=""0.9""}",0.003092114789520036
1791661282.089,713.360,"zaino_grpc_request_duration_seconds{method=""get_lightd_info"",quantile=""0.95""}",0.003092114789520036
1791661282.089,713.360,"zaino_grpc_request_duration_seconds{method=""get_lightd_info"",quantile=""0.99""}",0.003092114789520036
1791661282.089,713.360,"zaino_grpc_request_duration_seconds{method=""get_lightd_info"",quantile=""0.999""}",0.003092114789520036
1791661282.089,713.360,"zaino_grpc_request_duration_seconds_sum{method=""get_lightd_info""}",0.45604920600000004
1791661282.089,713.360,"zaino_grpc_request_duration_seconds_count{method=""get_lightd_info""}",142.0
1791661282.089,713.360,"zaino_sync_iteration_duration_seconds{quantile=""0.5""}",7.544549849379577e-05
1791661282.089,713.360,"zaino_sync_iteration_duration_seconds{quantile=""0.9""}",0.00012959452311722878
1791661282.089,713.360,zaino_sync_iteration_duration_seconds_sum,0.12644378299999992
1791661282.089,713.360,zaino_sync_iteration_duration_seconds_count,1361.0
1791661282.089,713.360,"zaino_sync_block_build_seconds{quantile=""0.5""}",0.00037743958897985553
1791661282.089,713.360,"zaino_sync_block_build_seconds{quantile=""0.9""}",0.0006431709348362624
1791661282.089,713.360,"zaino_sync_block_build_seconds{quantile=""0.95""}",0.0007264796916032762
1791661282.089,713.360,"zaino_sync_block_build_seconds{quantile=""0.99""}",0.008293360525600169
1791661282.089,713.360,"zaino_sync_block_build_seconds{quantile=""0.999""}",0.029923833272164923
1791661282.089,713.360,zaino_sync_block_build_seconds_sum,1472.757710988058
1791661282.089,713.360,zaino_sync_block_build_seconds_count,3300477.0
1791661284.089,715.361,zaino_sync_iterations_total,1365.0
1791661284.089,715.361,"zaino_sync_iteration_duration_seconds{quantile=""0.5""}",7.547568272973862e-05
1791661284.089,715.361,"zaino_sync_iteration_duration_seconds{quantile=""0.9""}",0.0001382426567615047
1791661284.089,715.361,"zaino_sync_iteration_duration_seconds{quantile=""0.95""}",0.00023007619232437104
1791661284.089,715.361,"zaino_sync_iteration_duration_seconds{quantile=""0.999""}",0.0004986031693755068
1791661284.089,715.361,zaino_sync_iteration_duration_seconds_sum,0.1275795459999999
1791661284.089,715.361,zaino_sync_iteration_duration_seconds_count,1365.0
1791661284.089,715.361,"zaino_sync_block_build_seconds{quantile=""0.5""}",0.00037736410861009665
1791661284.089,715.361,"zaino_sync_block_build_seconds{quantile=""0.9""}",0.0006448453550754721
1791661284.089,715.361,"zaino_sync_block_build_seconds{quantile=""0.95""}",0.0007285166852067647
1791661284.089,715.361,"zaino_sync_block_build_seconds{quantile=""0.99""}",0.007966579731723107
1791661284.089,715.361,"zaino_sync_block_build_seconds{quantile=""0.999""}",0.0297924576436648
1791661284.089,715.361,zaino_sync_block_build_seconds_sum,1476.4903869450577
1791661284.089,715.361,zaino_sync_block_build_seconds_count,3309468.0
1791661286.089,717.361,"zaino_grpc_requests_total{method=""get_block""}",286.0
1791661286.089,717.361,"zaino_grpc_requests_total{method=""get_lightd_info""}",143.0
1791661286.089,717.361,zaino_sync_iterations_total,1369.0
1791661286.089,717.361,"zaino_grpc_request_duration_seconds{method=""get_block"",quantile=""0.9""}",0.00045660127539040655
1791661286.089,717.361,"zaino_grpc_request_duration_seconds{method=""get_block"",quantile=""0.95""}",0.0004580647397707199
1791661286.089,717.361,"zaino_grpc_request_duration_seconds_sum{method=""get_block""}",0.05930331400000003
1791661286.089,717.361,"zaino_grpc_request_duration_seconds_count{method=""get_block""}",286.0
1791661286.089,717.361,"zaino_grpc_request_duration_seconds_sum{method=""get_lightd_info""}",0.458735773
1791661286.089,717.361,"zaino_grpc_request_duration_seconds_count{method=""get_lightd_info""}",143.0
1791661286.089,717.361,zaino_sync_iteration_duration_seconds_sum,0.1278857869999999
1791661286.089,717.361,zaino_sync_iteration_duration_seconds_count,1369.0
1791661286.089,717.361,"zaino_sync_block_write_seconds{quantile=""0""}",9.36913992
1791661286.089,717.361,"zaino_sync_block_write_seconds{quantile=""0.5""}",9.369877311972212
1791661286.089,717.361,"zaino_sync_block_write_seconds{quantile=""0.9""}",9.369877311972212
1791661286.089,717.361,"zaino_sync_block_write_seconds{quantile=""0.95""}",9.369877311972212
1791661286.089,717.361,"zaino_sync_block_write_seconds{quantile=""0.99""}",9.369877311972212
1791661286.089,717.361,"zaino_sync_block_write_seconds{quantile=""0.999""}",9.369877311972212
1791661286.089,717.361,"zaino_sync_block_build_seconds{quantile=""0.9""}",0.0006453614377668052
1791661286.089,717.361,"zaino_sync_block_build_seconds{quantile=""0.95""}",0.0007296832449058773
1791661286.089,717.361,"zaino_sync_block_build_seconds{quantile=""0.99""}",0.008323270429115666
1791661286.089,717.361,"zaino_sync_block_build_seconds{quantile=""0.999""}",0.029953772072442136
1791661286.089,717.361,zaino_sync_block_build_seconds_sum,1478.7064683520593
1791661286.089,717.361,zaino_sync_block_build_seconds_count,3310715.0
1791661288.089,719.361,zaino_sync_iterations_total,1373.0
1791661288.089,719.361,zaino_sync_iteration_duration_seconds_sum,0.12821976299999988
1791661288.089,719.361,zaino_sync_iteration_duration_seconds_count,1373.0
1791661288.089,719.361,"zaino_sync_block_build_seconds{quantile=""0.5""}",0.00037743958897985553
1791661288.089,719.361,"zaino_sync_block_build_seconds{quantile=""0.9""}",0.0006463948425740628
1791661288.089,719.361,"zaino_sync_block_build_seconds{quantile=""0.95""}",0.0007317292210283003
1791661288.089,719.361,"zaino_sync_block_build_seconds{quantile=""0.99""}",0.008581899347053551
1791661288.089,719.361,"zaino_sync_block_build_seconds{quantile=""0.999""}",0.030272970822088432
1791661288.089,719.361,zaino_sync_block_build_seconds_sum,1480.8594698180582
1791661288.089,719.361,zaino_sync_block_build_seconds_count,3311507.0
1791661290.089,721.361,zaino_sync_iterations_total,1378.0
1791661290.089,721.361,"zaino_sync_iteration_duration_seconds{quantile=""0.5""}",7.490424176528584e-05
1791661290.089,721.361,"zaino_sync_iteration_duration_seconds{quantile=""0.9""}",0.0001311852600695789
1791661290.089,721.361,zaino_sync_iteration_duration_seconds_sum,0.12857107299999987
1791661290.089,721.361,zaino_sync_iteration_duration_seconds_count,1378.0
1791661290.089,721.361,"zaino_sync_block_build_seconds{quantile=""0.5""}",0.00037759059501514476
1791661290.089,721.361,"zaino_sync_block_build_seconds{quantile=""0.9""}",0.0006482072843737029
1791661290.089,721.361,"zaino_sync_block_build_seconds{quantile=""0.95""}",0.0007358383996412248
1791661290.089,721.361,"zaino_sync_block_build_seconds{quantile=""0.99""}",0.00869071538056797
1791661290.089,721.361,"zaino_sync_block_build_seconds{quantile=""0.999""}",0.030418630385806656
1791661290.089,721.361,zaino_sync_block_build_seconds_sum,1485.2210686210597
1791661290.089,721.361,zaino_sync_block_build_seconds_count,3315114.0
1791661292.181,723.453,"zaino_grpc_requests_total{method=""get_block""}",288.0
1791661292.181,723.453,"zaino_grpc_requests_total{method=""get_lightd_info""}",144.0
1791661292.181,723.453,zaino_sync_iterations_total,1380.0
1791661292.181,723.453,zaino_sync_finalized_height,3316181.0
1791661292.181,723.453,"zaino_grpc_request_duration_seconds_sum{method=""get_block""}",0.059669977000000034
1791661292.181,723.453,"zaino_grpc_request_duration_seconds_count{method=""get_block""}",288.0
1791661292.181,723.453,"zaino_grpc_request_duration_seconds{method=""get_lightd_info"",quantile=""0.9""}",0.0030466884743942974
1791661292.181,723.453,"zaino_grpc_request_duration_seconds_sum{method=""get_lightd_info""}",0.461608625
1791661292.181,723.453,"zaino_grpc_request_duration_seconds_count{method=""get_lightd_info""}",144.0
1791661292.181,723.453,"zaino_sync_iteration_duration_seconds{quantile=""0""}",4.7421e-05
1791661292.181,723.453,"zaino_sync_iteration_duration_seconds{quantile=""0.5""}",7.40403726854225e-05
1791661292.181,723.453,"zaino_sync_iteration_duration_seconds{quantile=""0.9""}",0.00015165535174963484
1791661292.181,723.453,"zaino_sync_iteration_duration_seconds{quantile=""0.95""}",0.0002777747478355625
1791661292.181,723.453,"zaino_sync_iteration_duration_seconds{quantile=""0.99""}",0.0004986031693755068
1791661292.181,723.453,zaino_sync_iteration_duration_seconds_sum,0.12870401699999987
1791661292.181,723.453,zaino_sync_iteration_duration_seconds_count,1380.0
1791661292.181,723.453,"zaino_sync_block_write_seconds{quantile=""1""}",9.504053199
1791661292.181,723.453,zaino_sync_block_write_seconds_sum,243.684387582
1791661292.181,723.453,zaino_sync_block_write_seconds_count,33.0
1791661292.181,723.453,"zaino_sync_block_build_seconds{quantile=""0""}",0.000106915
1791661292.181,723.453,"zaino_sync_block_build_seconds{quantile=""0.5""}",0.0003666510310410969
1791661292.181,723.453,"zaino_sync_block_build_seconds{quantile=""0.9""}",0.0006252868649611121
1791661292.181,723.453,"zaino_sync_block_build_seconds{quantile=""0.95""}",0.0007098193697008839
1791661292.181,723.453,"zaino_sync_block_build_seconds{quantile=""0.99""}",0.005604978702036359
1791661292.181,723.453,"zaino_sync_block_build_seconds{quantile=""0.999""}",0.026973509693862956
1791661292.181,723.453,"zaino_sync_block_build_seconds{quantile=""1""}",0.080111074
1791661292.181,723.453,zaino_sync_block_build_seconds_sum,1487.8964329720575
1791661292.181,723.453,zaino_sync_block_build_seconds_count,3318435.0
1791661294.181,725.453,zaino_sync_iterations_total,1384.0
1791661294.181,725.453,"zaino_sync_iteration_duration_seconds{quantile=""0.5""}",7.490424176528584e-05
1791661294.181,725.453,"zaino_sync_iteration_duration_seconds{quantile=""0.9""}",0.00013202753815172078
1791661294.181,725.453,"zaino_sync_iteration_duration_seconds{quantile=""0.95""}",0.00023007619232437104
1791661294.181,725.453,zaino_sync_iteration_duration_seconds_sum,0.12908361399999987
1791661294.181,725.453,zaino_sync_iteration_duration_seconds_count,1384.0
1791661294.181,725.453,"zaino_sync_block_build_seconds{quantile=""0.5""}",0.0003710773482157135
1791661294.181,725.453,"zaino_sync_block_build_seconds{quantile=""0.9""}",0.0006332153238840305
1791661294.181,725.453,"zaino_sync_block_build_seconds{quantile=""0.95""}",0.0007211235839077141
1791661294.181,725.453,"zaino_sync_block_build_seconds{quantile=""0.99""}",0.003564612153829274
1791661294.181,725.453,"zaino_sync_block_build_seconds{quantile=""0.999""}",0.02548921092752232
1791661294.181,725.453,zaino_sync_block_build_seconds_sum,1492.0914969390542
1791661294.181,725.453,zaino_sync_block_build_seconds_count,3326921.0
1791661296.181,727.453,zaino_sync_iterations_total,1388.0
1791661296.181,727.453,"zaino_grpc_requests_total{method=""get_block""}",290.0
1791661296.181,727.453,"zaino_grpc_requests_total{method=""get_lightd_info""}",145.0
1791661296.181,727.453,"zaino_grpc_request_duration_seconds{method=""get_block"",quantile=""0""}",1.1654e-05
1791661296.181,727.453,"zaino_grpc_request_duration_seconds{method=""get_block"",quantile=""0.99""}",0.0004580647397707199
1791661296.181,727.453,"zaino_grpc_request_duration_seconds{method=""get_block"",quantile=""0.999""}",0.0004580647397707199
1791661296.181,727.453,"zaino_grpc_request_duration_seconds_sum{method=""get_block""}",0.06003796500000003
1791661296.181,727.453,"zaino_grpc_request_duration_seconds_count{method=""get_block""}",290.0
1791661296.181,727.453,"zaino_grpc_request_duration_seconds{method=""get_lightd_info"",quantile=""0""}",0.002686567
1791661296.181,727.453,"zaino_grpc_request_duration_seconds{method=""get_lightd_info"",quantile=""0.5""}",0.0028692631494906
1791661296.181,727.453,"zaino_grpc_request_duration_seconds{method=""get_lightd_info"",quantile=""0.9""}",0.003092114789520036
1791661296.181,727.453,"zaino_grpc_request_duration_seconds{method=""get_lightd_info"",quantile=""1""}",0.003410501
1791661296.181,727.453,"zaino_grpc_request_duration_seconds_sum{method=""get_lightd_info""}",0.465019126
1791661296.181,727.453,"zaino_grpc_request_duration_seconds_count{method=""get_lightd_info""}",145.0
1791661296.181,727.453,zaino_sync_iteration_duration_seconds_sum,0.12941656599999987
1791661296.181,727.453,zaino_sync_iteration_duration_seconds_count,1388.0
1791661296.181,727.453,"zaino_sync_block_build_seconds{quantile=""0.5""}",0.0003702618753959296
1791661296.181,727.453,"zaino_sync_block_build_seconds{quantile=""0.9""}",0.0006320765614908632
1791661296.181,727.453,"zaino_sync_block_build_seconds{quantile=""0.95""}",0.000717096577964951
1791661296.181,727.453,"zaino_sync_block_build_seconds{quantile=""0.99""}",0.002129857877840132
1791661296.181,727.453,"zaino_sync_block_build_seconds{quantile=""0.999""}",0.02468153175264662
1791661296.181,727.453,zaino_sync_block_build_seconds_sum,1495.6833905240517
1791661296.181,727.453,zaino_sync_block_build_seconds_count,3336900.0
1791661298.182,729.453,zaino_sync_iterations_total,1392.0
1791661298.182,729.453,"zaino_sync_iteration_duration_seconds{quantile=""0.9""}",0.0001311852600695789
1791661298.182,729.453,zaino_sync_iteration_duration_seconds_sum,0.12976036899999988
1791661298.182,729.453,zaino_sync_iteration_duration_seconds_count,1392.0
1791661298.182,729.453,"zaino_sync_block_build_seconds{quantile=""0.5""}",0.0003745070120940422
1791661298.182,729.453,"zaino_sync_block_build_seconds{quantile=""0.9""}",0.000639707172352246
1791661298.182,729.453,"zaino_sync_block_build_seconds{quantile=""0.95""}",0.0007261891578362938
1791661298.182,729.453,"zaino_sync_block_build_seconds{quantile=""0.99""}",0.001805893084229456
1791661298.182,729.453,"zaino_sync_block_build_seconds{quantile=""0.999""}",0.024120335022071213
1791661298.182,729.453,zaino_sync_block_build_seconds_sum,1500.0406763860483
1791661298.182,729.453,zaino_sync_block_build_seconds_count,3345441.0
1791661300.182,731.454,zaino_sync_iterations_total,1396.0
1791661300.182,731.454,"zaino_sync_iteration_duration_seconds{quantile=""0.5""}",7.40403726854225e-05
1791661300.182,731.454,zaino_sync_iteration_duration_seconds_sum,0.13001860599999987
1791661300.182,731.454,zaino_sync_iteration_duration_seconds_count,1396.0
1791661300.182,731.454,"zaino_sync_block_build_seconds{quantile=""0.5""}",0.00037623371272212704
1791661300.182,731.454,"zaino_sync_block_build_seconds{quantile=""0.9""}",0.0006429137179082858
1791661300.182,731.454,"zaino_sync_block_build_seconds{quantile=""0.95""}",0.0007282253368052753
1791661300.182,731.454,"zaino_sync_block_build_seconds{quantile=""0.99""}",0.00154752248044074
1791661300.182,731.454,"zaino_sync_block_build_seconds{quantile=""0.999""}",0.02339343111714493
1791661300.182,731.454,zaino_sync_block_build_seconds_sum,1503.9489798260456
1791661300.182,731.454,zaino_sync_block_build_seconds_count,3354516.0
1791661302.182,733.454,zaino_sync_iterations_total,1400.0
1791661302.182,733.454,"zaino_grpc_requests_total{method=""get_lightd_info""}",146.0
1791661302.182,733.454,"zaino_grpc_requests_total{method=""get_block""}",292.0
1791661302.182,733.454,zaino_sync_finalized_height,3362099.0
1791661302.182,733.454,"zaino_grpc_request_duration_seconds_sum{method=""get_block""}",0.060349502000000034
1791661302.182,733.454,"zaino_grpc_request_duration_seconds_count{method=""get_block""}",292.0
1791661302.182,733.454,"zaino_grpc_request_duration_seconds_sum{method=""get_lightd_info""}",0.468016953
1791661302.182,733.454,"zaino_grpc_request_duration_seconds_count{method=""get_lightd_info""}",146.0
1791661302.182,733.454,"zaino_sync_iteration_duration_seconds{quantile=""0""}",4.6175e-05
1791661302.182,733.454,"zaino_sync_iteration_duration_seconds{quantile=""0.5""}",7.258879137919571e-05
1791661302.182,733.454,zaino_sync_iteration_duration_seconds_sum,0.13029886599999987
1791661302.182,733.454,zaino_sync_iteration_duration_seconds_count,1400.0
1791661302.182,733.454,"zaino_sync_block_build_seconds{quantile=""0.5""}",0.0003745070120940422
1791661302.182,733.454,"zaino_sync_block_build_seconds{quantile=""0.9""}",0.0006399631064054386
1791661302.182,733.454,"zaino_sync_block_build_seconds{quantile=""0.95""}",0.0007240138549413531
1791661302.182,733.454,"zaino_sync_block_build_seconds{quantile=""0.99""}",0.0013269130797674295
1791661302.182,733.454,"zaino_sync_block_build_seconds{quantile=""0.999""}",0.022729309552733067
1791661302.182,733.454,zaino_sync_block_build_seconds_sum,1507.5968278400376
1791661302.182,733.454,zaino_sync_block_build_seconds_count,3365097.0
1791661304.182,735.454,zaino_sync_iterations_total,1404.0
1791661304.182,735.454,"zaino_sync_iteration_duration_seconds{quantile=""0.5""}",7.145090147366975e-05
1791661304.182,735.454,"zaino_sync_iteration_duration_seconds{quantile=""0.9""}",0.00012959452311722878
1791661304.182,735.454,"zaino_sync_iteration_duration_seconds{quantile=""0.95""}",0.00021323834373567993
1791661304.182,735.454,"zaino_sync_iteration_duration_seconds{quantile=""0.99""}",0.00036826784997625754
1791661304.182,735.454,zaino_sync_iteration_duration_seconds_sum,0.13056375499999986
1791661304.182,735.454,zaino_sync_iteration_duration_seconds_count,1404.0
1791661304.182,735.454,"zaino_sync_block_build_seconds{quantile=""0.5""}",0.00037480673757892495
1791661304.182,735.454,"zaino_sync_block_build_seconds{quantile=""0.9""}",0.0006421426841570005
1791661304.182,735.454,"zaino_sync_block_build_seconds{quantile=""0.95""}",0.0007258987402595782
1791661304.182,735.454,"zaino_sync_block_build_seconds{quantile=""0.99""}",0.0012105263337420958
1791661304.182,735.454,"zaino_sync_block_build_seconds{quantile=""0.999""}",0.022435740858495666
1791661304.182,735.454,zaino_sync_block_build_seconds_sum,1511.4116950560383
1791661304.182,735.454,zaino_sync_block_build_seconds_count,3374610.0
1791661306.182,737.454,"zaino_grpc_requests_total{method=""get_lightd_info""}",147.0
1791661306.182,737.454,"zaino_grpc_requests_total{method=""get_block""}",294.0
1791661306.182,737.454,zaino_sync_iterations_total,1408.0
1791661306.182,737.454,"zaino_grpc_request_duration_seconds{method=""get_block"",quantile=""0.9""}",0.0004313028567170214
1791661306.182,737.454,"zaino_grpc_request_duration_seconds{method=""get_block"",quantile=""0.95""}",0.00045660127539040655
1791661306.182,737.454,"zaino_grpc_request_duration_seconds_sum{method=""get_block""}",0.06072452200000004
1791661306.182,737.454,"zaino_grpc_request_duration_seconds_count{method=""get_block""}",294.0
1791661306.182,737.454,"zaino_grpc_request_duration_seconds{method=""get_lightd_info"",quantile=""0.5""}",0.002872708331977541
1791661306.182,737.454,"zaino_grpc_request_duration_seconds{method=""get_lightd_info"",quantile=""0.9""}",0.0031457591833590048
1791661306.182,737.454,"zaino_grpc_request_duration_seconds{method=""get_lightd_info"",quantile=""0.95""}",0.0031457591833590048
1791661306.182,737.454,"zaino_grpc_request_duration_seconds{method=""get_lightd_info"",quantile=""0.99""}",0.0031457591833590048
1791661306.182,737.454,"zaino_grpc_request_duration_seconds{method=""get_lightd_info"",quantile=""0.999""}",0.0031457591833590048
1791661306.182,737.454,"zaino_grpc_request_duration_seconds_sum{method=""get_lightd_info""}",0.471162876
1791661306.182,737.454,"zaino_grpc_request_duration_seconds_count{method=""get_lightd_info""}",147.0
1791661306.182,737.454,zaino_sync_iteration_duration_seconds_sum,0.13085089699999988
1791661306.182,737.454,zaino_sync_iteration_duration_seconds_count,1408.0
1791661306.182,737.454,"zaino_sync_block_build_seconds{quantile=""0.5""}",0.0003766854641755614
1791661306.182,737.454,"zaino_sync_block_build_seconds{quantile=""0.9""}",0.0006478184766557618
1791661306.182,737.454,"zaino_sync_block_build_seconds{quantile=""0.95""}",0.0007317292210283003
1791661306.182,737.454,"zaino_sync_block_build_seconds{quantile=""0.99""}",0.0011491875924956691
1791661306.182,737.454,"zaino_sync_block_build_seconds{quantile=""0.999""}",0.0220928772738344
1791661306.182,737.454,zaino_sync_block_build_seconds_sum,1515.3475868780354
1791661306.182,737.454,zaino_sync_block_build_seconds_count,3382926.0
1791661308.183,739.454,zaino_sync_iterations_total,1412.0
1791661308.183,739.454,"zaino_sync_iteration_duration_seconds{quantile=""0.5""}",7.123686997630487e-05
1791661308.183,739.454,"zaino_sync_iteration_duration_seconds{quantile=""0.9""}",0.00012659721651934224
1791661308.183,739.454,zaino_sync_iteration_duration_seconds_sum,0.1311012729999999
1791661308.183,739.454,zaino_sync_iteration_duration_seconds_count,1412.0
1791661308.183,739.454,"zaino_sync_block_build_seconds{quantile=""0.5""}",0.0003779683744696646
1791661308.183,739.454,"zaino_sync_block_build_seconds{quantile=""0.9""}",0.0006500248081218059
1791661308.183,739.454,"zaino_sync_block_build_seconds{quantile=""0.95""}",0.0007318755815085539
1791661308.183,739.454,"zaino_sync_block_build_seconds{quantile=""0.99""}",0.0011017008922839973
1791661308.183,739.454,"zaino_sync_block_build_seconds{quantile=""0.999""}",0.02165974050684762
1791661308.183,739.454,zaino_sync_block_build_seconds_sum,1519.2542620880306
1791661308.183,739.454,zaino_sync_block_build_seconds_count,3391887.0
1791661310.183,741.455,zaino_sync_sapling_outputs_total,247266.0
1791661310.183,741.455,zaino_sync_iterations_total,1416.0
1791661310.183,741.455,zaino_sync_orchard_actions_total,48726.0
1791661310.183,741.455,zaino_sync_transactions_total,3846709.0
1791661310.183,741.455,zaino_db_tip_height,3299999.0
1791661310.183,741.455,zaino_sync_last_block_written_at,1791661309.9044738
1791661310.183,741.455,"zaino_sync_iteration_duration_seconds{quantile=""0.5""}",7.019032781199634e-05
1791661310.183,741.455,zaino_sync_iteration_duration_seconds_sum,0.1313507039999999
1791661310.183,741.455,zaino_sync_iteration_duration_seconds_count,1416.0
1791661310.183,741.455,"zaino_sync_block_build_seconds{quantile=""0.9""}",0.000653805906607451
1791661310.183,741.455,"zaino_sync_block_build_seconds{quantile=""0.95""}",0.0007376065327172446
1791661310.183,741.455,"zaino_sync_block_build_seconds{quantile=""0.99""}",0.00106679118597061
1791661310.183,741.455,"zaino_sync_block_build_seconds{quantile=""0.999""}",0.02125209037550745
1791661310.183,741.455,zaino_sync_block_build_seconds_sum,1523.5471429290299
1791661310.183,741.455,zaino_sync_block_build_seconds_count,3401580.0
1791661312.183,743.455,zaino_sync_iterations_total,1420.0
1791661312.183,743.455,"zaino_grpc_requests_total{method=""get_block""}",296.0
1791661312.183,743.455,"zaino_grpc_requests_total{method=""get_lightd_info""}",148.0
1791661312.183,743.455,zaino_sync_finalized_height,3409629.0
1791661312.183,743.455,"zaino_grpc_request_duration_seconds{method=""get_block"",quantile=""0.5""}",1.6753555699467016e-05
1791661312.183,743.455,"zaino_grpc_request_duration_seconds_sum{method=""get_block""}",0.061139128000000036
1791661312.183,743.455,"zaino_grpc_request_duration_seconds_count{method=""get_block""}",296.0
1791661312.183,743.455,"zaino_grpc_request_duration_seconds{method=""get_lightd_info"",quantile=""0.95""}",0.0034104875412383183
1791661312.183,743.455,"zaino_grpc_request_duration_seconds{method=""get_lightd_info"",quantile=""0.99""}",0.0034104875412383183
1791661312.183,743.455,"zaino_grpc_request_duration_seconds{method=""get_lightd_info"",quantile=""0.999""}",0.0034104875412383183
1791661312.183,743.455,"zaino_grpc_request_duration_seconds{method=""get_lightd_info"",quantile=""1""}",0.003420197
1791661312.183,743.455,"zaino_grpc_request_duration_seconds_sum{method=""get_lightd_info""}",0.474583073
1791661312.183,743.455,"zaino_grpc_request_duration_seconds_count{method=""get_lightd_info""}",148.0
1791661312.183,743.455,"zaino_sync_iteration_duration_seconds{quantile=""0.5""}",7.013419800447617e-05
1791661312.183,743.455,"zaino_sync_iteration_duration_seconds{quantile=""0.9""}",0.00012604141243049698
1791661312.183,743.455,"zaino_sync_iteration_duration_seconds{quantile=""0.95""}",0.00013202753815172078
1791661312.183,743.455,"zaino_sync_iteration_duration_seconds{quantile=""0.99""}",0.0003635840616752239
1791661312.183,743.455,"zaino_sync_iteration_duration_seconds{quantile=""0.999""}",0.0003635840616752239
1791661312.183,743.455,"zaino_sync_iteration_duration_seconds{quantile=""1""}",0.000498598
1791661312.183,743.455,zaino_sync_iteration_duration_seconds_sum,0.13164520899999993
1791661312.183,743.455,zaino_sync_iteration_duration_seconds_count,1420.0
1791661312.183,743.455,"zaino_sync_block_build_seconds{quantile=""0""}",0.000107996
1791661312.183,743.455,"zaino_sync_block_build_seconds{quantile=""0.5""}",0.0003854496314542151
1791661312.183,743.455,"zaino_sync_block_build_seconds{quantile=""0.9""}",0.000658793761354147
1791661312.183,743.455,"zaino_sync_block_build_seconds{quantile=""0.95""}",0.0007421938993771735
1791661312.183,743.455,"zaino_sync_block_build_seconds{quantile=""0.99""}",0.0009610347127499801
1791661312.183,743.455,"zaino_sync_block_build_seconds{quantile=""0.999""}",0.009899212995710125
1791661312.183,743.455,"zaino_sync_block_build_seconds{quantile=""1""}",0.080045226
1791661312.183,743.455,zaino_sync_block_build_seconds_sum,1528.3747091030225
1791661312.183,743.455,zaino_sync_block_build_seconds_count,3412540.0
1791661314.183,745.455,zaino_sync_iterations_total,1424.0
1791661314.183,745.455,"zaino_sync_iteration_duration_seconds{quantile=""0.5""}",7.069752188150709e-05
1791661314.183,745.455,"zaino_sync_iteration_duration_seconds{quantile=""0.9""}",0.00011761428777898956
1791661314.183,745.455,"zaino_sync_iteration_duration_seconds{quantile=""0.95""}",0.0001311852600695789
1791661314.183,745.455,zaino_sync_iteration_duration_seconds_sum,0.13197515299999993
1791661314.183,745.455,zaino_sync_iteration_duration_seconds_count,1424.0
1791661314.183,745.455,"zaino_sync_block_build_seconds{quantile=""0.5""}",0.0003848334051543358
1791661314.183,745.455,"zaino_sync_block_build_seconds{quantile=""0.9""}",0.0006583986036551814
1791661314.183,745.455,"zaino_sync_block_build_seconds{quantile=""0.95""}",0.0007433823601352065
1791661314.183,745.455,"zaino_sync_block_build_seconds{quantile=""0.99""}",0.0009970595824671732
1791661314.183,745.455,"zaino_sync_block_build_seconds{quantile=""0.999""}",0.013799816013305786
1791661314.183,745.455,zaino_sync_block_build_seconds_sum,1532.3779744140195
1791661314.183,745.455,zaino_sync_block_build_seconds_count,3415349.0
1791661316.183,747.455,"zaino_grpc_requests_total{method=""get_block""}",298.0
1791661316.183,747.455,"zaino_grpc_requests_total{method=""get_lightd_info""}",149.0
1791661316.183,747.455,zaino_sync_iterations_total,1428.0
1791661316.183,747.455,"zaino_grpc_request_duration_seconds{method=""get_block"",quantile=""0.9""}",0.0003978243303694664
1791661316.183,747.455,"zaino_grpc_request_duration_seconds{method=""get_block"",quantile=""0.95""}",0.0004313028567170214
1791661316.183,747.455,"zaino_grpc_request_duration_seconds{method=""get_block"",quantile=""0.99""}",0.0004313028567170214
1791661316.183,747.455,"zaino_grpc_request_duration_seconds{method=""get_block"",quantile=""0.999""}",0.0004313028567170214
1791661316.183,747.455,"zaino_grpc_request_duration_seconds_sum{method=""get_block""}",0.06148389500000004
1791661316.183,747.455,"zaino_grpc_request_duration_seconds_count{method=""get_block""}",298.0
1791661316.183,747.455,"zaino_grpc_request_duration_seconds{method=""get_lightd_info"",quantile=""0""}",0.002662545
1791661316.183,747.455,"zaino_grpc_request_duration_seconds{method=""get_lightd_info"",quantile=""0.5""}",0.0029977297572770273
1791661316.183,747.455,"zaino_grpc_request_duration_seconds{method=""get_lightd_info"",quantile=""0.9""}",0.0034104875412383183
1791661316.183,747.455,"zaino_grpc_request_duration_seconds_sum{method=""get_lightd_info""}",0.47724561800000004
1791661316.183,747.455,"zaino_grpc_request_duration_seconds_count{method=""get_lightd_info""}",149.0
1791661316.183,747.455,"zaino_sync_iteration_duration_seconds{quantile=""0.5""}",7.099507590043675e-05
1791661316.183,747.455,zaino_sync_iteration_duration_seconds_sum,0.1323010759999999
1791661316.183,747.455,zaino_sync_iteration_duration_seconds_count,1428.0
1791661316.183,747.455,"zaino_sync_block_build_seconds{quantile=""0.5""}",0.0003849873693076888
1791661316.183,747.455,"zaino_sync_block_build_seconds{quantile=""0.9""}",0.0006601126673476096
1791661316.183,747.455,"zaino_sync_block_build_seconds{quantile=""0.95""}",0.0007471085797343468
1791661316.183,747.455,"zaino_sync_block_build_seconds{quantile=""0.99""}",0.0011087743890637023
1791661316.183,747.455,"zaino_sync_block_build_seconds{quantile=""0.999""}",0.019902697213759077
1791661316.183,747.455,zaino_sync_block_build_seconds_sum,1536.3617952190189
1791661316.183,747.455,zaino_sync_block_build_seconds_count,3416174.0
1791661318.183,749.455,zaino_sync_iterations_total,1429.0
1791661318.183,749.455,zaino_sync_iteration_duration_seconds_sum,0.1323741769999999
1791661318.183,749.455,zaino_sync_iteration_duration_seconds_count,1429.0
1791661318.183,749.455,"zaino_sync_block_build_seconds{quantile=""0.5""}",0.0003852184310416318
1791661318.183,749.455,"zaino_sync_block_build_seconds{quantile=""0.9""}",0.0006623608702031715
1791661318.183,749.455,"zaino_sync_block_build_seconds{quantile=""0.95""}",0.0007513041243554327
1791661318.183,749.455,"zaino_sync_block_build_seconds{quantile=""0.99""}",0.0015108240830625423
1791661318.183,749.455,"zaino_sync_block_build_seconds{quantile=""0.999""}",0.026460558396255083
1791661318.183,749.455,zaino_sync_block_build_seconds_sum,1541.6209174880162
1791661318.183,749.455,zaino_sync_block_build_seconds_count,3417404.0
1791661320.184,751.455,zaino_sync_iterations_total,1431.0
1791661320.184,751.455,"zaino_sync_iteration_duration_seconds{quantile=""0.5""}",7.123686997630487e-05
1791661320.184,751.455,"zaino_sync_iteration_duration_seconds{quantile=""0.9""}",0.00011391021184835789
1791661320.184,751.455,zaino_sync_iteration_duration_seconds_sum,0.1325477259999999
1791661320.184,751.455,zaino_sync_iteration_duration_seconds_count,1431.0
1791661320.184,751.455,"zaino_sync_block_write_seconds{quantile=""0.5""}",9.503878728644349
1791661320.184,751.455,"zaino_sync_block_write_seconds{quantile=""0.9""}",9.503878728644349
1791661320.184,751.455,"zaino_sync_block_write_seconds{quantile=""0.95""}",9.503878728644349
1791661320.184,751.455,"zaino_sync_block_write_seconds{quantile=""0.99""}",9.503878728644349
1791661320.184,751.455,"zaino_sync_block_write_seconds{quantile=""0.999""}",9.503878728644349
1791661320.184,751.455,"zaino_sync_block_write_seconds{quantile=""1""}",9.963122733
1791661320.184,751.455,zaino_sync_block_write_seconds_sum,253.647510315
1791661320.184,751.455,zaino_sync_block_write_seconds_count,34.0
1791661320.184,751.455,"zaino_sync_block_build_seconds{quantile=""0.5""}",0.0003795591800008721
1791661320.184,751.455,"zaino_sync_block_build_seconds{quantile=""0.9""}",0.0006421426841570005
1791661320.184,751.455,"zaino_sync_block_build_seconds{quantile=""0.95""}",0.000717096577964951
1791661320.184,751.455,"zaino_sync_block_build_seconds{quantile=""0.99""}",0.000842194116106572
1791661320.184,751.455,"zaino_sync_block_build_seconds{quantile=""0.999""}",0.0009296521925534792
1791661320.184,751.455,"zaino_sync_block_build_seconds{quantile=""1""}",0.091976259
1791661320.184,751.455,zaino_sync_block_build_seconds_sum,1544.3431680440183
1791661320.184,751.455,zaino_sync_block_build_seconds_count,3419799.0
1791661322.184,753.455,"zaino_grpc_requests_total{method=""get_lightd_info""}",150.0
1791661322.184,753.455,"zaino_grpc_requests_total{method=""get_block""}",300.0
1791661322.184,753.455,zaino_sync_iterations_total,1435.0
1791661322.184,753.455,zaino_sync_finalized_height,3431502.0
1791661322.184,753.455,"zaino_grpc_request_duration_seconds_sum{method=""get_block""}",0.061852471000000034
1791661322.184,753.455,"zaino_grpc_request_duration_seconds_count{method=""get_block""}",300.0
1791661322.184,753.455,"zaino_grpc_request_duration_seconds_sum{method=""get_lightd_info""}",0.48044440800000004
1791661322.184,753.455,"zaino_grpc_request_duration_seconds_count{method=""get_lightd_info""}",150.0
1791661322.184,753.455,"zaino_sync_iteration_duration_seconds{quantile=""0.5""}",7.127962492363476e-05
1791661322.184,753.455,zaino_sync_iteration_duration_seconds_sum,0.13287197299999987
1791661322.184,753.455,zaino_sync_iteration_duration_seconds_count,1435.0
1791661322.184,753.455,"zaino_sync_block_build_seconds{quantile=""0.5""}",0.0003529091034500761
1791661322.184,753.455,"zaino_sync_block_build_seconds{quantile=""0.9""}",0.0005727277815953099
1791661322.184,753.455,"zaino_sync_block_build_seconds{quantile=""0.95""}",0.0006300571492701457
1791661322.184,753.455,"zaino_sync_block_build_seconds{quantile=""0.99""}",0.000685405427867742
1791661322.184,753.455,"zaino_sync_block_build_seconds{quantile=""0.999""}",0.0007021945685219886
1791661322.184,753.455,zaino_sync_block_build_seconds_sum,1547.9856151150257
1791661322.184,753.455,zaino_sync_block_build_seconds_count,3435750.0
1791661324.184,755.456,zaino_sync_iterations_total,1439.0
1791661324.184,755.456,zaino_sync_iteration_duration_seconds_sum,0.13316962299999988
1791661324.184,755.456,zaino_sync_iteration_duration_seconds_count,1439.0
1791661324.184,755.456,"zaino_sync_block_build_seconds{quantile=""0.5""}",0.00034869950231653706
1791661324.184,755.456,"zaino_sync_block_build_seconds{quantile=""0.9""}",0.0005507111967708285
1791661324.184,755.456,"zaino_sync_block_build_seconds{quantile=""0.95""}",0.0006132732089896787
1791661324.184,755.456,"zaino_sync_block_build_seconds{quantile=""0.99""}",0.0006663469818141832
1791661324.184,755.456,"zaino_sync_block_build_seconds{quantile=""0.999""}",0.0006815778845827631
1791661324.184,755.456,zaino_sync_block_build_seconds_sum,1552.6726870400269
1791661324.184,755.456,zaino_sync_block_build_seconds_count,3449643.0
1791661326.184,757.456,"zaino_grpc_requests_total{method=""get_lightd_info""}",151.0
1791661326.184,757.456,"zaino_grpc_requests_total{method=""get_block""}",302.0
1791661326.184,757.456,zaino_sync_iterations_total,1443.0
1791661326.184,757.456,"zaino_grpc_request_duration_seconds{method=""get_block"",quantile=""0.9""}",0.0003690051227056393
1791661326.184,757.456,"zaino_grpc_request_duration_seconds{method=""get_block"",quantile=""0.95""}",0.0003978243303694664
1791661326.184,757.456,"zaino_grpc_request_duration_seconds_sum{method=""get_block""}",0.062236656000000036
1791661326.184,757.456,"zaino_grpc_request_duration_seconds_count{method=""get_block""}",302.0
1791661326.184,757.456,"zaino_grpc_request_duration_seconds{method=""get_lightd_info"",quantile=""0.5""}",0.003092114789520036
1791661326.184,757.456,"zaino_grpc_request_duration_seconds_sum{method=""get_lightd_info""}",0.48361189700000007
1791661326.184,757.456,"zaino_grpc_request_duration_seconds_count{method=""get_lightd_info""}",151.0
1791661326.184,757.456,"zaino_sync_iteration_duration_seconds{quantile=""0.9""}",0.00011761428777898956
1791661326.184,757.456,"zaino_sync_iteration_duration_seconds{quantile=""0.99""}",0.0002777747478355625
1791661326.184,757.456,zaino_sync_iteration_duration_seconds_sum,0.13357823099999988
1791661326.184,757.456,zaino_sync_iteration_duration_seconds_count,1443.0
1791661326.184,757.456,"zaino_sync_block_write_seconds{quantile=""0""}",9.504053199
1791661326.184,757.456,"zaino_sync_block_build_seconds{quantile=""0""}",0.000105812
1791661326.184,757.456,"zaino_sync_block_build_seconds{quantile=""0.5""}",0.0003260368873032676
1791661326.184,757.456,"zaino_sync_block_build_seconds{quantile=""0.9""}",0.0005013029092363933
1791661326.184,757.456,"zaino_sync_block_build_seconds{quantile=""0.95""}",0.0005486224653193346
1791661326.184,757.456,"zaino_sync_block_build_seconds{quantile=""0.99""}",0.0006028151072608611
1791661326.184,757.456,"zaino_sync_block_build_seconds{quantile=""0.999""}",0.0006142552315358743
1791661326.184,757.456,zaino_sync_block_build_seconds_sum,1556.3316137220338
1791661326.184,757.456,zaino_sync_block_build_seconds_count,3465327.0
1791661328.184,759.456,zaino_sync_iterations_total,1447.0
1791661328.184,759.456,"zaino_sync_iteration_duration_seconds{quantile=""0""}",4.1544e-05
1791661328.184,759.456,"zaino_sync_iteration_duration_seconds{quantile=""0.9""}",0.0001203266975198655
1791661328.184,759.456,zaino_sync_iteration_duration_seconds_sum,0.13391786299999991
1791661328.184,759.456,zaino_sync_iteration_duration_seconds_count,1447.0
1791661328.184,759.456,"zaino_sync_block_build_seconds{quantile=""0.5""}",0.0003259716864458925
1791661328.184,759.456,"zaino_sync_block_build_seconds{quantile=""0.9""}",0.0004904927644713226
1791661328.184,759.456,"zaino_sync_block_build_seconds{quantile=""0.95""}",0.0005343283447713707
1791661328.184,759.456,"zaino_sync_block_build_seconds{quantile=""0.99""}",0.000589697992176041
1791661328.184,759.456,"zaino_sync_block_build_seconds{quantile=""0.999""}",0.0006025740294359327
1791661328.184,759.456,zaino_sync_block_build_seconds_sum,1560.9901775760538
1791661328.184,759.456,zaino_sync_block_build_seconds_count,3479680.0
1791661330.184,761.456,zaino_sync_iterations_total,1451.0
1791661330.184,761.456,"zaino_sync_iteration_duration_seconds{quantile=""0.9""}",0.00011761428777898956
1791661330.184,761.456,zaino_sync_iteration_duration_seconds_sum,0.13425095499999992
1791661330.184,761.456,zaino_sync_iteration_duration_seconds_count,1451.0
1791661330.184,761.456,"zaino_sync_block_build_seconds{quantile=""0""}",0.000103578
1791661330.184,761.456,"zaino_sync_block_build_seconds{quantile=""0.5""}",0.00030460337666654813
1791661330.184,761.456,"zaino_sync_block_build_seconds{quantile=""0.9""}",0.0004499833253394543
1791661330.184,761.456,"zaino_sync_block_build_seconds{quantile=""0.95""}",0.0004920648553267225
1791661330.184,761.456,"zaino_sync_block_build_seconds{quantile=""0.99""}",0.0005285886487768148
1791661330.184,761.456,"zaino_sync_block_build_seconds{quantile=""0.999""}",0.0005396984339321198
1791661330.184,761.456,zaino_sync_block_build_seconds_sum,1564.7756234840524
1791661330.184,761.456,zaino_sync_block_build_seconds_count,3495811.0
1791661332.184,763.456,zaino_sync_iterations_total,1455.0
1791661332.184,763.456,zaino_sync_transactions_total,3950122.0
1791661332.184,763.456,"zaino_grpc_requests_total{method=""get_block""}",304.0
1791661332.184,763.456,"zaino_grpc_requests_total{method=""get_lightd_info""}",152.0
1791661332.184,763.456,zaino_sync_orchard_actions_total,79928.0
1791661332.184,763.456,zaino_sync_sapling_outputs_total,266471.0
1791661332.184,763.456,zaino_db_tip_height,3399999.0
1791661332.184,763.456,zaino_sync_finalized_height,3504892.0
1791661332.184,763.456,zaino_sync_last_block_written_at,1791661330.741506
1791661332.184,763.456,"zaino_grpc_request_duration_seconds_sum{method=""get_block""}",0.06249177800000003
1791661332.184,763.456,"zaino_grpc_request_duration_seconds_count{method=""get_block""}",304.0
1791661332.184,763.456,"zaino_grpc_request_duration_seconds{method=""get_lightd_info"",quantile=""0.9""}",0.0032636795490218577
1791661332.184,763.456,"zaino_grpc_request_duration_seconds_sum{method=""get_lightd_info""}",0.48687561100000004
1791661332.184,763.456,"zaino_grpc_request_duration_seconds_count{method=""get_lightd_info""}",152.0
1791661332.184,763.456,"zaino_sync_iteration_duration_seconds{quantile=""0.5""}",7.040121496870497e-05
1791661332.184,763.456,"zaino_sync_iteration_duration_seconds{quantile=""0.9""}",0.00011201250564889532
1791661332.184,763.456,"zaino_sync_iteration_duration_seconds{quantile=""0.95""}",0.0001203266975198655
1791661332.184,763.456,"zaino_sync_iteration_duration_seconds{quantile=""0.99""}",0.00013202753815172078
1791661332.184,763.456,"zaino_sync_iteration_duration_seconds{quantile=""0.999""}",0.00013202753815172078
1791661332.184,763.456,"zaino_sync_iteration_duration_seconds{quantile=""1""}",0.000171392
1791661332.184,763.456,zaino_sync_iteration_duration_seconds_sum,0.13457668899999992
1791661332.184,763.456,zaino_sync_iteration_duration_seconds_count,1455.0
1791661332.184,763.456,"zaino_sync_block_build_seconds{quantile=""0.5""}",0.00033050127803149466
1791661332.184,763.456,"zaino_sync_block_build_seconds{quantile=""0.9""}",0.0005109187255246085
1791661332.184,763.456,"zaino_sync_block_build_seconds{quantile=""0.95""}",0.0005914697424550811
1791661332.184,763.456,"zaino_sync_block_build_seconds{quantile=""0.99""}",0.0006618311934042128
1791661332.184,763.456,"zaino_sync_block_build_seconds{quantile=""0.999""}",0.0006810328403200545
1791661332.184,763.456,zaino_sync_block_build_seconds_sum,1569.0692842180595
1791661332.184,763.456,zaino_sync_block_build_seconds_count,3507818.0
1791661334.185,765.456,zaino_sync_iterations_total,1459.0
1791661334.185,765.456,zaino_sync_iteration_duration_seconds_sum,0.13486119099999988
1791661334.185,765.456,zaino_sync_iteration_duration_seconds_count,1459.0
1791661334.185,765.456,"zaino_sync_block_build_seconds{quantile=""0.5""}",0.00033262326934712077
1791661334.185,765.456,"zaino_sync_block_build_seconds{quantile=""0.9""}",0.0005072533219759184
1791661334.185,765.456,"zaino_sync_block_build_seconds{quantile=""0.95""}",0.0005873439114996158
1791661334.185,765.456,"zaino_sync_block_build_seconds{quantile=""0.99""}",0.0006598486750817638
1791661334.185,765.456,"zaino_sync_block_build_seconds{quantile=""0.999""}",0.0006795362149578985
1791661334.185,765.456,zaino_sync_block_build_seconds_sum,1573.3192943820593
1791661334.185,765.456,zaino_sync_block_build_seconds_count,3515139.0
1791661336.185,767.457,zaino_sync_iterations_total,1463.0
1791661336.185,767.457,"zaino_grpc_requests_total{method=""get_block""}",306.0
1791661336.185,767.457,"zaino_grpc_requests_total{method=""get_lightd_info""}",153.0
1791661336.185,767.457,"zaino_grpc_request_duration_seconds{method=""get_block"",quantile=""0.5""}",4.762750925322179e-05
1791661336.185,767.457,"zaino_grpc_request_duration_seconds{method=""get_block"",quantile=""0.99""}",0.0003978243303694664
1791661336.185,767.457,"zaino_grpc_request_duration_seconds{method=""get_block"",quantile=""0.999""}",0.0003978243303694664
1791661336.185,767.457,"zaino_grpc_request_duration_seconds{method=""get_block"",quantile=""1""}",0.000501946
1791661336.185,767.457,"zaino_grpc_request_duration_seconds_sum{method=""get_block""}",0.06304135400000004
1791661336.185,767.457,"zaino_grpc_request_duration_seconds_count{method=""get_block""}",306.0
1791661336.185,767.457,"zaino_grpc_request_duration_seconds{method=""get_lightd_info"",quantile=""0.5""}",0.0031990543638363454
1791661336.185,767.457,"zaino_grpc_request_duration_seconds{method=""get_lightd_info"",quantile=""0.9""}",0.003420050287983445
1791661336.185,767.457,"zaino_grpc_request_duration_seconds{method=""get_lightd_info"",quantile=""0.95""}",0.003420050287983445
1791661336.185,767.457,"zaino_grpc_request_duration_seconds{method=""get_lightd_info"",quantile=""0.99""}",0.003420050287983445
1791661336.185,767.457,"zaino_grpc_request_duration_seconds{method=""get_lightd_info"",quantile=""0.999""}",0.003420050287983445
1791661336.185,767.457,"zaino_grpc_request_duration_seconds{method=""get_lightd_info"",quantile=""1""}",0.004387171
1791661336.185,767.457,"zaino_grpc_request_duration_seconds_sum{method=""get_lightd_info""}",0.49126278200000006
1791661336.185,767.457,"zaino_grpc_request_duration_seconds_count{method=""get_lightd_info""}",153.0
1791661336.185,767.457,"zaino_sync_iteration_duration_seconds{quantile=""0.5""}",7.069752188150709e-05
1791661336.185,767.457,"zaino_sync_iteration_duration_seconds{quantile=""0.9""}",0.0001087890322205348
1791661336.185,767.457,"zaino_sync_iteration_duration_seconds{quantile=""0.95""}",0.00011761428777898956
1791661336.185,767.457,zaino_sync_iteration_duration_seconds_sum,0.1351720309999999
1791661336.185,767.457,zaino_sync_iteration_duration_seconds_count,1463.0
1791661336.185,767.457,"zaino_sync_block_build_seconds{quantile=""0.5""}",0.00034516084521244784
1791661336.185,767.457,"zaino_sync_block_build_seconds{quantile=""0.9""}",0.0005812671885306342
1791661336.185,767.457,"zaino_sync_block_build_seconds{quantile=""0.95""}",0.0006753361241469553
1791661336.185,767.457,"zaino_sync_block_build_seconds{quantile=""0.99""}",0.0008145294049683611
1791661336.185,767.457,"zaino_sync_block_build_seconds{quantile=""0.999""}",0.0009079692656420711
1791661336.185,767.457,"zaino_sync_block_build_seconds{quantile=""1""}",0.102497835
1791661336.185,767.457,zaino_sync_block_build_seconds_sum,1577.3138170280586
1791661336.185,767.457,zaino_sync_block_build_seconds_count,3515937.0
1791661338.185,769.457,zaino_sync_iterations_total,1467.0
1791661338.185,769.457,"zaino_sync_iteration_duration_seconds{quantile=""0.5""}",7.096668354883071e-05
1791661338.185,769.457,"zaino_sync_iteration_duration_seconds{quantile=""0.9""}",0.00011201250564889532
1791661338.185,769.457,"zaino_sync_iteration_duration_seconds{quantile=""0.95""}",0.0001203266975198655
1791661338.185,769.457,"zaino_sync_iteration_duration_seconds{quantile=""0.99""}",0.00017140180277678548
1791661338.185,769.457,"zaino_sync_iteration_duration_seconds{quantile=""0.999""}",0.00017140180277678548
1791661338.185,769.457,"zaino_sync_iteration_duration_seconds{quantile=""1""}",0.000214234
1791661338.185,769.457,zaino_sync_iteration_duration_seconds_sum,0.13561551899999988
1791661338.185,769.457,zaino_sync_iteration_duration_seconds_count,1467.0
1791661338.185,769.457,"zaino_sync_block_build_seconds{quantile=""0.9""}",0.0005826639051773152
1791661338.185,769.457,"zaino_sync_block_build_seconds{quantile=""0.95""}",0.0006768234991376188
1791661338.185,769.457,"zaino_sync_block_build_seconds{quantile=""0.99""}",0.0008194312723109455
1791661338.185,769.457,"zaino_sync_block_build_seconds{quantile=""0.999""}",0.0009242758163814126
1791661338.185,769.457,zaino_sync_block_build_seconds_sum,1581.2952686870574
1791661338.185,769.457,zaino_sync_block_build_seconds_count,3516840.0
1791661340.185,771.457,zaino_sync_iterations_total,1471.0
1791661340.185,771.457,"zaino_sync_iteration_duration_seconds{quantile=""0.5""}",7.127962492363476e-05
1791661340.185,771.457,"zaino_sync_iteration_duration_seconds{quantile=""0.95""}",0.00012256120317117423
1791661340.185,771.457,zaino_sync_iteration_duration_seconds_sum,0.13598532699999988
1791661340.185,771.457,zaino_sync_iteration_duration_seconds_count,1471.0
1791661340.185,771.457,"zaino_sync_block_build_seconds{quantile=""0.5""}",0.0003443334524496437
1791661340.185,771.457,"zaino_sync_block_build_seconds{quantile=""0.9""}",0.0005765202864657709
1791661340.185,771.457,"zaino_sync_block_build_seconds{quantile=""0.95""}",0.0006714305118383069
1791661340.185,771.457,"zaino_sync_block_build_seconds{quantile=""0.99""}",0.0008065860030163501
1791661340.185,771.457,"zaino_sync_block_build_seconds{quantile=""0.999""}",0.0008901682853818254
1791661340.185,771.457,zaino_sync_block_build_seconds_sum,1585.2841713080554
1791661340.185,771.457,zaino_sync_block_build_seconds_count,3519777.0
1791661342.185,773.457,"zaino_grpc_requests_total{method=""get_lightd_info""}",154.0
1791661342.185,773.457,"zaino_grpc_requests_total{method=""get_block""}",308.0
1791661342.185,773.457,zaino_sync_iterations_total,1475.0
1791661342.185,773.457,zaino_sync_finalized_height,3526303.0
1791661342.185,773.457,"zaino_grpc_request_duration_seconds{method=""get_block"",quantile=""0""}",1.001e-05
1791661342.185,773.457,"zaino_grpc_request_duration_seconds_sum{method=""get_block""}",0.06337327800000005
1791661342.185,773.457,"zaino_grpc_request_duration_seconds_count{method=""get_block""}",308.0
1791661342.185,773.457,"zaino_grpc_request_duration_seconds{method=""get_lightd_info"",quantile=""0.5""}",0.003167223240965148
1791661342.185,773.457,"zaino_grpc_request_duration_seconds_sum{method=""get_lightd_info""}",0.49417820000000007
1791661342.185,773.457,"zaino_grpc_request_duration_seconds_count{method=""get_lightd_info""}",154.0
1791661342.185,773.457,"zaino_sync_iteration_duration_seconds{quantile=""0.5""}",7.175162634101749e-05
1791661342.185,773.457,"zaino_sync_iteration_duration_seconds{quantile=""0.9""}",0.0001126866009486503
1791661342.185,773.457,zaino_sync_iteration_duration_seconds_sum,0.13632731699999986
1791661342.185,773.457,zaino_sync_iteration_duration_seconds_count,1475.0
1791661342.185,773.457,"zaino_sync_block_write_seconds{quantile=""0.5""}",9.96321691281486
1791661342.185,773.457,"zaino_sync_block_write_seconds{quantile=""0.9""}",9.96321691281486
1791661342.185,773.457,"zaino_sync_block_write_seconds{quantile=""0.95""}",9.96321691281486
1791661342.185,773.457,"zaino_sync_block_write_seconds{quantile=""0.99""}",9.96321691281486
1791661342.185,773.457,"zaino_sync_block_write_seconds{quantile=""0.999""}",9.96321691281486
1791661342.185,773.457,"zaino_sync_block_write_seconds{quantile=""1""}",10.031961309
1791661342.185,773.457,zaino_sync_block_write_seconds_sum,263.67947162400003
1791661342.185,773.457,zaino_sync_block_write_seconds_count,35.0
1791661342.185,773.457,"zaino_sync_block_build_seconds{quantile=""0.5""}",0.00032997289880098865
1791661342.185,773.457,"zaino_sync_block_build_seconds{quantile=""0.9""}",0.0005107143989017665
1791661342.185,773.457,"zaino_sync_block_build_seconds{quantile=""0.95""}",0.0005982510777109298
1791661342.185,773.457,"zaino_sync_block_build_seconds{quantile=""0.99""}",0.0006783141499553606
1791661342.185,773.457,"zaino_sync_block_build_seconds{quantile=""0.999""}",0.0007026160116848117
1791661342.185,773.457,zaino_sync_block_build_seconds_sum,1588.975365452064
1791661342.185,773.457,zaino_sync_block_build_seconds_count,3530425.0
1791661344.186,775.457,zaino_sync_iterations_total,1479.0
1791661344.186,775.457,"zaino_sync_iteration_duration_seconds{quantile=""0.5""}",7.127962492363476e-05
1791661344.186,775.457,zaino_sync_iteration_duration_seconds_sum,0.13660252799999986
1791661344.186,775.457,zaino_sync_iteration_duration_seconds_count,1479.0
1791661344.186,775.457,"zaino_sync_block_build_seconds{quantile=""0.5""}",0.00032786781569293656
1791661344.186,775.457,"zaino_sync_block_build_seconds{quantile=""0.9""}",0.0005032114842938114
1791661344.186,775.457,"zaino_sync_block_build_seconds{quantile=""0.95""}",0.0005894621601479342
1791661344.186,775.457,"zaino_sync_block_build_seconds{quantile=""0.99""}",0.0006714305118383069
1791661344.186,775.457,"zaino_sync_block_build_seconds{quantile=""0.999""}",0.0006950685881811912
1791661344.186,775.457,zaino_sync_block_build_seconds_sum,1593.4502494280694
1791661344.186,775.457,zaino_sync_block_build_seconds_count,3539963.0
1791661346.186,777.457,zaino_sync_iterations_total,1483.0
1791661346.186,777.457,"zaino_grpc_requests_total{method=""get_lightd_info""}",155.0
1791661346.186,777.457,"zaino_grpc_requests_total{method=""get_block""}",310.0
1791661346.186,777.457,"zaino_grpc_request_duration_seconds{method=""get_block"",quantile=""0.9""}",0.00035967848188911964
1791661346.186,777.457,"zaino_grpc_request_duration_seconds{method=""get_block"",quantile=""0.95""}",0.0003690051227056393
1791661346.186,777.457,"zaino_grpc_request_duration_seconds_sum{method=""get_block""}",0.06367602500000005
1791661346.186,777.457,"zaino_grpc_request_duration_seconds_count{method=""get_block""}",310.0
1791661346.186,777.457,"zaino_grpc_request_duration_seconds_sum{method=""get_lightd_info""}",0.49727814900000006
1791661346.186,777.457,"zaino_grpc_request_duration_seconds_count{method=""get_lightd_info""}",155.0
1791661346.186,777.457,"zaino_sync_iteration_duration_seconds{quantile=""0.5""}",7.250173707228121e-05
1791661346.186,777.457,"zaino_sync_iteration_duration_seconds{quantile=""0.9""}",0.00011291219967482605
1791661346.186,777.457,"zaino_sync_iteration_duration_seconds{quantile=""0.95""}",0.00012621799398673602
1791661346.186,777.457,"zaino_sync_iteration_duration_seconds{quantile=""0.99""}",0.0001406691280781352
1791661346.186,777.457,zaino_sync_iteration_duration_seconds_sum,0.13702516999999984
1791661346.186,777.457,zaino_sync_iteration_duration_seconds_count,1483.0
1791661346.186,777.457,"zaino_sync_block_write_seconds{quantile=""0""}",9.963122733
1791661346.186,777.457,"zaino_sync_block_build_seconds{quantile=""0.5""}",0.000331229181245538
1791661346.186,777.457,"zaino_sync_block_build_seconds{quantile=""0.9""}",0.0005289058971321279
1791661346.186,777.457,"zaino_sync_block_build_seconds{quantile=""0.95""}",0.0006276674753509738
1791661346.186,777.457,"zaino_sync_block_build_seconds{quantile=""0.99""}",0.0007270611078940039
1791661346.186,777.457,"zaino_sync_block_build_seconds{quantile=""0.999""}",0.0007603740848013418
1791661346.186,777.457,zaino_sync_block_build_seconds_sum,1598.123168837069
1791661346.186,777.457,zaino_sync_block_build_seconds_count,3545288.0
1791661348.186,779.458,zaino_sync_iterations_total,1487.0
1791661348.186,779.458,"zaino_sync_iteration_duration_seconds{quantile=""0.5""}",7.251623886987536e-05
1791661348.186,779.458,"zaino_sync_iteration_duration_seconds{quantile=""0.9""}",0.00011436676519522922
1791661348.186,779.458,zaino_sync_iteration_duration_seconds_sum,0.13738530099999982
1791661348.186,779.458,zaino_sync_iteration_duration_seconds_count,1487.0
1791661348.186,779.458,"zaino_sync_block_build_seconds{quantile=""0.5""}",0.00033409003625795833
1791661348.186,779.458,"zaino_sync_block_build_seconds{quantile=""0.9""}",0.000565217452077702
1791661348.186,779.458,"zaino_sync_block_build_seconds{quantile=""0.95""}",0.0006636869175533324
1791661348.186,779.458,"zaino_sync_block_build_seconds{quantile=""0.99""}",0.0007718656675156564
1791661348.186,779.458,"zaino_sync_block_build_seconds{quantile=""0.999""}",0.0008011198242484221
1791661348.186,779.458,zaino_sync_block_build_seconds_sum,1602.5711529920793
1791661348.186,779.458,zaino_sync_block_build_seconds_count,3551399.0
1791661350.186,781.458,zaino_sync_iterations_total,1491.0
1791661350.186,781.458,"zaino_sync_iteration_duration_seconds{quantile=""0.5""}",7.250173707228121e-05
1791661350.186,781.458,"zaino_sync_iteration_duration_seconds{quantile=""0.9""}",0.00011320615336916935
1791661350.186,781.458,zaino_sync_iteration_duration_seconds_sum,0.13769051799999985
1791661350.186,781.458,zaino_sync_iteration_duration_seconds_count,1491.0
1791661350.186,781.458,"zaino_sync_block_build_seconds{quantile=""0.5""}",0.00033704300258224684
1791661350.186,781.458,"zaino_sync_block_build_seconds{quantile=""0.9""}",0.0006020921629830587
1791661350.186,781.458,"zaino_sync_block_build_seconds{quantile=""0.95""}",0.0007043043152724021
1791661350.186,781.458,"zaino_sync_block_build_seconds{quantile=""0.99""}",0.0008098188083394321
1791661350.186,781.458,"zaino_sync_block_build_seconds{quantile=""0.999""}",0.0008348153221713092
1791661350.186,781.458,zaino_sync_block_build_seconds_sum,1607.1426583390903
1791661350.186,781.458,zaino_sync_block_build_seconds_count,3557180.0
1791661352.186,783.458,zaino_sync_iterations_total,1495.0
1791661352.186,783.458,"zaino_grpc_requests_total{method=""get_lightd_info""}",156.0
1791661352.186,783.458,"zaino_grpc_requests_total{method=""get_block""}",312.0
1791661352.186,783.458,zaino_sync_finalized_height,3560926.0
1791661352.186,783.458,"zaino_grpc_request_duration_seconds_sum{method=""get_block""}",0.06400738800000005
1791661352.186,783.458,"zaino_grpc_request_duration_seconds_count{method=""get_block""}",312.0
1791661352.186,783.458,"zaino_grpc_request_duration_seconds{method=""get_lightd_info"",quantile=""0.5""}",0.0031457591833590048
1791661352.186,783.458,"zaino_grpc_request_duration_seconds{method=""get_lightd_info"",quantile=""0.9""}",0.0034104875412383183
1791661352.186,783.458,"zaino_grpc_request_duration_seconds_sum{method=""get_lightd_info""}",0.5002052600000001
1791661352.186,783.458,"zaino_grpc_request_duration_seconds_count{method=""get_lightd_info""}",156.0
1791661352.186,783.458,"zaino_sync_iteration_duration_seconds{quantile=""0.5""}",7.634102861561595e-05
1791661352.186,783.458,"zaino_sync_iteration_duration_seconds{quantile=""0.9""}",0.00011761428777898956
1791661352.186,783.458,"zaino_sync_iteration_duration_seconds{quantile=""0.95""}",0.00013073998757604302
1791661352.186,783.458,"zaino_sync_iteration_duration_seconds{quantile=""0.99""}",0.00021422149964510197
1791661352.186,783.458,"zaino_sync_iteration_duration_seconds{quantile=""0.999""}",0.00021422149964510197
1791661352.186,783.458,"zaino_sync_iteration_duration_seconds{quantile=""1""}",0.000406608
1791661352.186,783.458,zaino_sync_iteration_duration_seconds_sum,0.13829254799999985
1791661352.186,783.458,zaino_sync_iteration_duration_seconds_count,1495.0
1791661352.186,783.458,"zaino_sync_block_build_seconds{quantile=""0.5""}",0.000340770941698239
1791661352.186,783.458,"zaino_sync_block_build_seconds{quantile=""0.9""}",0.000989708573809519
1791661352.186,783.458,"zaino_sync_block_build_seconds{quantile=""0.95""}",0.00932086334878587
1791661352.186,783.458,"zaino_sync_block_build_seconds{quantile=""0.99""}",0.10249922795350166
1791661352.186,783.458,"zaino_sync_block_build_seconds{quantile=""0.999""}",0.10249922795350166
1791661352.186,783.458,zaino_sync_block_build_seconds_sum,1611.873894102092
1791661352.186,783.458,zaino_sync_block_build_seconds_count,3562298.0
1791661354.186,785.458,zaino_sync_iterations_total,1499.0
1791661354.186,785.458,"zaino_sync_iteration_duration_seconds{quantile=""0.5""}",7.69542062869928e-05
1791661354.186,785.458,"zaino_sync_iteration_duration_seconds{quantile=""0.9""}",0.00012256120317117423
1791661354.186,785.458,"zaino_sync_iteration_duration_seconds{quantile=""0.95""}",0.0001406691280781352
1791661354.186,785.458,"zaino_sync_iteration_duration_seconds{quantile=""0.99""}",0.0004065921225039676
1791661354.186,785.458,"zaino_sync_iteration_duration_seconds{quantile=""0.999""}",0.0004065921225039676
1791661354.186,785.458,"zaino_sync_iteration_duration_seconds{quantile=""1""}",0.000444354
1791661354.186,785.458,zaino_sync_iteration_duration_seconds_sum,0.13905468999999987
1791661354.186,785.458,zaino_sync_iteration_duration_seconds_count,1499.0
1791661354.186,785.458,"zaino_sync_block_build_seconds{quantile=""0.5""}",0.00034509181994593174
1791661354.186,785.458,"zaino_sync_block_build_seconds{quantile=""0.9""}",0.001003059923002573
1791661354.186,785.458,"zaino_sync_block_build_seconds{quantile=""0.95""}",0.00912351602025374
1791661354.186,785.458,zaino_sync_block_build_seconds_sum,1616.4696501210892
1791661354.186,785.458,zaino_sync_block_build_seconds_count,3567732.0
1791661356.186,787.458,"zaino_grpc_requests_total{method=""get_block""}",314.0
1791661356.186,787.458,"zaino_grpc_requests_total{method=""get_lightd_info""}",157.0
1791661356.186,787.458,zaino_sync_iterations_total,1503.0
1791661356.186,787.458,"zaino_grpc_request_duration_seconds{method=""get_block"",quantile=""0.9""}",0.00035368635814693114
1791661356.186,787.458,"zaino_grpc_request_duration_seconds{method=""get_block"",quantile=""0.99""}",0.0003690051227056393
1791661356.186,787.458,"zaino_grpc_request_duration_seconds{method=""get_block"",quantile=""0.999""}",0.0003690051227056393
1791661356.186,787.458,"zaino_grpc_request_duration_seconds_sum{method=""get_block""}",0.06431697400000005
1791661356.186,787.458,"zaino_grpc_request_duration_seconds_count{method=""get_block""}",314.0
1791661356.186,787.458,"zaino_grpc_request_duration_seconds{method=""get_lightd_info"",quantile=""0.5""}",0.003167223240965148
1791661356.186,787.458,"zaino_grpc_request_duration_seconds{method=""get_lightd_info"",quantile=""0.9""}",0.003624278576960037
1791661356.186,787.458,"zaino_grpc_request_duration_seconds{method=""get_lightd_info"",quantile=""0.95""}",0.003624278576960037
1791661356.186,787.458,"zaino_grpc_request_duration_seconds{method=""get_lightd_info"",quantile=""0.99""}",0.003624278576960037
1791661356.186,787.458,"zaino_grpc_request_duration_seconds{method=""get_lightd_info"",quantile=""0.999""}",0.003624278576960037
1791661356.186,787.458,"zaino_grpc_request_duration_seconds_sum{method=""get_lightd_info""}",0.5038297750000001
1791661356.186,787.458,"zaino_grpc_request_duration_seconds_count{method=""get_lightd_info""}",157.0
1791661356.186,787.458,"zaino_sync_iteration_duration_seconds{quantile=""0.5""}",7.653977354713032e-05
1791661356.186,787.458,zaino_sync_iteration_duration_seconds_sum,0.13940601699999985
1791661356.186,787.458,zaino_sync_iteration_duration_seconds_count,1503.0
1791661356.186,787.458,"zaino_sync_block_build_seconds{quantile=""0.5""}",0.0003495373861833455
1791661356.186,787.458,"zaino_sync_block_build_seconds{quantile=""0.9""}",0.0009952664894805785
1791661356.186,787.458,"zaino_sync_block_build_seconds{quantile=""0.95""}",0.007987319789486242
1791661356.186,787.458,zaino_sync_block_build_seconds_sum,1621.0085165440903
1791661356.186,787.458,zaino_sync_block_build_seconds_count,3573548.0
1791661358.187,789.458,zaino_sync_iterations_total,1507.0
1791661358.187,789.458,"zaino_sync_iteration_duration_seconds{quantile=""0.5""}",7.634102861561595e-05
1791661358.187,789.458,zaino_sync_iteration_duration_seconds_sum,0.13969618099999986
1791661358.187,789.458,zaino_sync_iteration_duration_seconds_count,1507.0
1791661358.187,789.458,"zaino_sync_block_build_seconds{quantile=""0.5""}",0.0003541818658244299
1791661358.187,789.458,"zaino_sync_block_build_seconds{quantile=""0.9""}",0.0009918883295312914
1791661358.187,789.458,"zaino_sync_block_build_seconds{quantile=""0.95""}",0.002278358559620133
1791661358.187,789.458,zaino_sync_block_build_seconds_sum,1625.8684636480903
1791661358.187,789.458,zaino_sync_block_build_seconds_count,3578990.0
1791661360.187,791.459,zaino_sync_iterations_total,1511.0
1791661360.187,791.459,"zaino_sync_iteration_duration_seconds{quantile=""0.9""}",0.0001203266975198655
1791661360.187,791.459,zaino_sync_iteration_duration_seconds_sum,0.14001443499999985
1791661360.187,791.459,zaino_sync_iteration_duration_seconds_count,1511.0
1791661360.187,791.459,"zaino_sync_block_build_seconds{quantile=""0.5""}",0.0003580277604370382
1791661360.187,791.459,"zaino_sync_block_build_seconds{quantile=""0.9""}",0.0009863492786852009
1791661360.187,791.459,"zaino_sync_block_build_seconds{quantile=""0.95""}",0.0012713193910103137
1791661360.187,791.459,zaino_sync_block_build_seconds_sum,1630.4212204470814
1791661360.187,791.459,zaino_sync_block_build_seconds_count,3585032.0
1791661362.187,793.459,zaino_sync_iterations_total,1515.0
1791661362.187,793.459,"zaino_grpc_requests_total{method=""get_block""}",316.0
1791661362.187,793.459,"zaino_grpc_requests_total{method=""get_lightd_info""}",158.0
1791661362.187,793.459,zaino_sync_finalized_height,3589990.0
1791661362.187,793.459,"zaino_grpc_request_duration_seconds_sum{method=""get_block""}",0.06464131400000006
1791661362.187,793.459,"zaino_grpc_request_duration_seconds_count{method=""get_block""}",316.0
1791661362.187,793.459,"zaino_grpc_request_duration_seconds{method=""get_lightd_info"",quantile=""0.5""}",0.003100164748411371
1791661362.187,793.459,"zaino_grpc_request_duration_seconds_sum{method=""get_lightd_info""}",0.5067215730000001
1791661362.187,793.459,"zaino_grpc_request_duration_seconds_count{method=""get_lightd_info""}",158.0
1791661362.187,793.459,"zaino_sync_iteration_duration_seconds{quantile=""0.9""}",0.00012256120317117423
1791661362.187,793.459,"zaino_sync_iteration_duration_seconds{quantile=""0.95""}",0.00015674347059690678
1791661362.187,793.459,zaino_sync_iteration_duration_seconds_sum,0.14053387999999986
1791661362.187,793.459,zaino_sync_iteration_duration_seconds_count,1515.0
1791661362.187,793.459,"zaino_sync_block_build_seconds{quantile=""0.5""}",0.00036097565794419395
1791661362.187,793.459,"zaino_sync_block_build_seconds{quantile=""0.9""}",0.0009889171235701393
1791661362.187,793.459,"zaino_sync_block_build_seconds{quantile=""0.95""}",0.0011684233214309507
1791661362.187,793.459,zaino_sync_block_build_seconds_sum,1634.564131418091
1791661362.187,793.459,zaino_sync_block_build_seconds_count,3591470.0
1791661364.187,795.459,zaino_sync_iterations_total,1519.0
1791661364.187,795.459,"zaino_sync_iteration_duration_seconds{quantile=""0.5""}",7.56419120174688e-05
1791661364.187,795.459,zaino_sync_iteration_duration_seconds_sum,0.14079439199999985
1791661364.187,795.459,zaino_sync_iteration_duration_seconds_count,1519.0
1791661364.187,795.459,"zaino_sync_block_build_seconds{quantile=""0.5""}",0.0003652604009889955
1791661364.187,795.459,"zaino_sync_block_build_seconds{quantile=""0.9""}",0.0009798608089275778
1791661364.187,795.459,"zaino_sync_block_build_seconds{quantile=""0.95""}",0.0011154470333352197
1791661364.187,795.459,zaino_sync_block_build_seconds_sum,1638.651572682096
1791661364.187,795.459,zaino_sync_block_build_seconds_count,3599714.0
1791661366.188,797.460,zaino_sync_iterations_total,1523.0
1791661366.188,797.460,"zaino_grpc_requests_total{method=""get_lightd_info""}",159.0
1791661366.188,797.460,"zaino_grpc_requests_total{method=""get_block""}",318.0
1791661366.188,797.460,zaino_sync_sapling_outputs_total,266477.0
1791661366.188,797.460,zaino_sync_transactions_total,4058175.0
1791661366.188,797.460,zaino_sync_orchard_actions_total,80078.0
1791661366.188,797.460,zaino_sync_last_block_written_at,1791661364.2976208
1791661366.188,797.460,zaino_db_tip_height,3499999.0
1791661366.188,797.460,"zaino_grpc_request_duration_seconds{method=""get_block"",quantile=""0.99""}",0.0005019048338119978
1791661366.188,797.460,"zaino_grpc_request_duration_seconds{method=""get_block"",quantile=""0.999""}",0.0005019048338119978
1791661366.188,797.460,"zaino_grpc_request_duration_seconds{method=""get_block"",quantile=""1""}",0.000578399
1791661366.188,797.460,"zaino_grpc_request_duration_seconds_sum{method=""get_block""}",0.06523106200000005
1791661366.188,797.460,"zaino_grpc_request_duration_seconds_count{method=""get_block""}",318.0
1791661366.188,797.460,"zaino_grpc_request_duration_seconds{method=""get_lightd_info"",quantile=""0.5""}",0.003167223240965148
1791661366.188,797.460,"zaino_grpc_request_duration_seconds_sum{method=""get_lightd_info""}",0.5100090870000001
1791661366.188,797.460,"zaino_grpc_request_duration_seconds_count{method=""get_lightd_info""}",159.0
1791661366.188,797.460,"zaino_sync_iteration_duration_seconds{quantile=""0.5""}",7.580850741220327e-05
1791661366.188,797.460,"zaino_sync_iteration_duration_seconds{quantile=""0.9""}",0.0001203266975198655
1791661366.188,797.460,"zaino_sync_iteration_duration_seconds{quantile=""0.95""}",0.0001406691280781352
1791661366.188,797.460,"zaino_sync_iteration_duration_seconds{quantile=""0.99""}",0.00028248078363011934
1791661366.188,797.460,zaino_sync_iteration_duration_seconds_sum,0.14114505199999985
1791661366.188,797.460,zaino_sync_iteration_duration_seconds_count,1523.0
1791661366.188,797.460,"zaino_sync_block_write_seconds{quantile=""0""}",10.031961309
1791661366.188,797.460,"zaino_sync_block_write_seconds{quantile=""0.5""}",10.031197660638925
1791661366.188,797.460,"zaino_sync_block_write_seconds{quantile=""0.9""}",10.031197660638925
1791661366.188,797.460,"zaino_sync_block_write_seconds{quantile=""0.95""}",10.031197660638925
1791661366.188,797.460,"zaino_sync_block_write_seconds{quantile=""0.99""}",10.031197660638925
1791661366.188,797.460,"zaino_sync_block_write_seconds{quantile=""0.999""}",10.031197660638925
1791661366.188,797.460,"zaino_sync_block_build_seconds{quantile=""0.5""}",0.0003699657843468372
1791661366.188,797.460,"zaino_sync_block_build_seconds{quantile=""0.9""}",0.0009808411598335306
1791661366.188,797.460,"zaino_sync_block_build_seconds{quantile=""0.95""}",0.001113886500111492
1791661366.188,797.460,zaino_sync_block_build_seconds_sum,1642.8668337210977
1791661366.188,797.460,zaino_sync_block_build_seconds_count,3606179.0
1791661368.188,799.460,zaino_sync_iterations_total,1527.0
1791661368.188,799.460,"zaino_sync_iteration_duration_seconds{quantile=""0.5""}",7.634102861561595e-05
1791661368.188,799.460,zaino_sync_iteration_duration_seconds_sum,0.14150323199999984
1791661368.188,799.460,zaino_sync_iteration_duration_seconds_count,1527.0
1791661368.188,799.460,"zaino_sync_block_build_seconds{quantile=""0.5""}",0.0003720434046534517
1791661368.188,799.460,"zaino_sync_block_build_seconds{quantile=""0.9""}",0.0009828048051505115
1791661368.188,799.460,"zaino_sync_block_build_seconds{quantile=""0.95""}",0.0011223842882328793
1791661368.188,799.460,zaino_sync_block_build_seconds_sum,1648.1631567331003
1791661368.188,799.460,zaino_sync_block_build_seconds_count,3608847.0
1791661370.189,801.460,zaino_sync_iterations_total,1531.0
1791661370.189,801.460,"zaino_sync_iteration_duration_seconds{quantile=""0.5""}",7.653977354713032e-05
1791661370.189,801.460,"zaino_sync_iteration_duration_seconds{quantile=""0.9""}",0.00011761428777898956
1791661370.189,801.460,zaino_sync_iteration_duration_seconds_sum,0.14184995299999986
1791661370.189,801.460,zaino_sync_iteration_duration_seconds_count,1531.0
1791661370.189,801.460,"zaino_sync_block_build_seconds{quantile=""0.5""}",0.0003725646301944492
1791661370.189,801.460,"zaino_sync_block_build_seconds{quantile=""0.9""}",0.00098792870073706
1791661370.189,801.460,"zaino_sync_block_build_seconds{quantile=""0.95""}",0.0011630609171201115
1791661370.189,801.460,zaino_sync_block_build_seconds_sum,1654.002232594097
1791661370.189,801.460,zaino_sync_block_build_seconds_count,3609564.0
1791661372.189,803.460,"zaino_grpc_requests_total{method=""get_lightd_info""}",160.0
1791661372.189,803.460,"zaino_grpc_requests_total{method=""get_block""}",320.0
1791661372.189,803.460,zaino_sync_iterations_total,1534.0
1791661372.189,803.460,zaino_sync_finalized_height,3610094.0
1791661372.189,803.460,"zaino_grpc_request_duration_seconds{method=""get_block"",quantile=""0.9""}",0.00035924712657436653
1791661372.189,803.460,"zaino_grpc_request_duration_seconds_sum{method=""get_block""}",0.06560073300000005
1791661372.189,803.460,"zaino_grpc_request_duration_seconds_count{method=""get_block""}",320.0
1791661372.189,803.460,"zaino_grpc_request_duration_seconds{method=""get_lightd_info"",quantile=""0.9""}",0.003583913125245774
1791661372.189,803.460,"zaino_grpc_request_duration_seconds_sum{method=""get_lightd_info""}",0.5135928050000002
1791661372.189,803.460,"zaino_grpc_request_duration_seconds_count{method=""get_lightd_info""}",160.0
1791661372.189,803.460,"zaino_sync_iteration_duration_seconds{quantile=""0""}",5.3126e-05
1791661372.189,803.460,"zaino_sync_iteration_duration_seconds{quantile=""0.5""}",7.749477551778892e-05
1791661372.189,803.460,"zaino_sync_iteration_duration_seconds{quantile=""0.9""}",0.0001385471254000952
1791661372.189,803.460,"zaino_sync_iteration_duration_seconds{quantile=""0.95""}",0.00019340965891621528
1791661372.189,803.460,"zaino_sync_iteration_duration_seconds{quantile=""0.99""}",0.0004065921225039676
1791661372.189,803.460,zaino_sync_iteration_duration_seconds_sum,0.14232303599999985
1791661372.189,803.460,zaino_sync_iteration_duration_seconds_count,1534.0
1791661372.189,803.460,"zaino_sync_block_build_seconds{quantile=""0""}",0.000106204
1791661372.189,803.460,"zaino_sync_block_build_seconds{quantile=""0.5""}",0.0006599806580150734
1791661372.189,803.460,"zaino_sync_block_build_seconds{quantile=""0.9""}",0.0010180156089991115
1791661372.189,803.460,"zaino_sync_block_build_seconds{quantile=""0.95""}",0.0010833469222639597
1791661372.189,803.460,"zaino_sync_block_build_seconds{quantile=""0.99""}",0.009393850362459223
1791661372.189,803.460,"zaino_sync_block_build_seconds{quantile=""0.999""}",0.03523554107460493
1791661372.189,803.460,zaino_sync_block_build_seconds_sum,1660.0604097020948
1791661372.189,803.460,zaino_sync_block_build_seconds_count,3610369.0
1791661374.189,805.461,zaino_sync_iterations_total,1537.0
1791661374.189,805.461,"zaino_sync_iteration_duration_seconds{quantile=""0.5""}",7.811722018296532e-05
1791661374.189,805.461,"zaino_sync_iteration_duration_seconds{quantile=""0.9""}",0.00013239773329111395
1791661374.189,805.461,"zaino_sync_iteration_duration_seconds{quantile=""0.95""}",0.00015674347059690678
1791661374.189,805.461,zaino_sync_iteration_duration_seconds_sum,0.14262606999999985
1791661374.189,805.461,zaino_sync_iteration_duration_seconds_count,1537.0
1791661374.189,805.461,"zaino_sync_block_build_seconds{quantile=""0.5""}",0.0006601126673476096
1791661374.189,805.461,"zaino_sync_block_build_seconds{quantile=""0.9""}",0.001019645737734171
1791661374.189,805.461,"zaino_sync_block_build_seconds{quantile=""0.95""}",0.001087688988310162
1791661374.189,805.461,"zaino_sync_block_build_seconds{quantile=""0.99""}",0.00946930257203736
1791661374.189,805.461,"zaino_sync_block_build_seconds{quantile=""0.999""}",0.036395868408438385
1791661374.189,805.461,zaino_sync_block_build_seconds_sum,1663.2360036200973
1791661374.189,805.461,zaino_sync_block_build_seconds_count,3611308.0
1791661376.189,807.461,zaino_sync_iterations_total,1541.0
1791661376.189,807.461,"zaino_grpc_requests_total{method=""get_block""}",322.0
1791661376.189,807.461,"zaino_grpc_requests_total{method=""get_lightd_info""}",161.0
1791661376.189,807.461,"zaino_grpc_request_duration_seconds{method=""get_block"",quantile=""0.9""}",0.00040109990137644747
1791661376.189,807.461,"zaino_grpc_request_duration_seconds{method=""get_block"",quantile=""0.95""}",0.0005019048338119978
1791661376.189,807.461,"zaino_grpc_request_duration_seconds_sum{method=""get_block""}",0.06601369300000005
1791661376.189,807.461,"zaino_grpc_request_duration_seconds_count{method=""get_block""}",322.0
1791661376.189,807.461,"zaino_grpc_request_duration_seconds{method=""get_lightd_info"",quantile=""0""}",0.002891798
1791661376.189,807.461,"zaino_grpc_request_duration_seconds{method=""get_lightd_info"",quantile=""0.5""}",0.0031640576007975194
1791661376.189,807.461,"zaino_grpc_request_duration_seconds{method=""get_lightd_info"",quantile=""0.9""}",0.003624278576960037
1791661376.189,807.461,"zaino_grpc_request_duration_seconds_sum{method=""get_lightd_info""}",0.5167565930000001
1791661376.189,807.461,"zaino_grpc_request_duration_seconds_count{method=""get_lightd_info""}",161.0
1791661376.189,807.461,"zaino_sync_iteration_duration_seconds{quantile=""0.5""}",7.90919042688957e-05
1791661376.189,807.461,"zaino_sync_iteration_duration_seconds{quantile=""0.9""}",0.00013769079060076204
1791661376.189,807.461,zaino_sync_iteration_duration_seconds_sum,0.14305711299999985
1791661376.189,807.461,zaino_sync_iteration_duration_seconds_count,1541.0
1791661376.189,807.461,"zaino_sync_block_write_seconds{quantile=""1""}",10.035736328
1791661376.189,807.461,zaino_sync_block_write_seconds_sum,273.715207952
1791661376.189,807.461,zaino_sync_block_write_seconds_count,36.0
1791661376.189,807.461,"zaino_sync_block_build_seconds{quantile=""0.5""}",0.0006089952867086434
1791661376.189,807.461,"zaino_sync_block_build_seconds{quantile=""0.9""}",0.0010125331406790974
1791661376.189,807.461,"zaino_sync_block_build_seconds{quantile=""0.95""}",0.0010809661788050815
1791661376.189,807.461,"zaino_sync_block_build_seconds{quantile=""0.99""}",0.009403248911344244
1791661376.189,807.461,"zaino_sync_block_build_seconds{quantile=""0.999""}",0.03487796529112446
1791661376.189,807.461,zaino_sync_block_build_seconds_sum,1666.9664652110973
1791661376.189,807.461,zaino_sync_block_build_seconds_count,3619245.0
1791661378.189,809.461,zaino_sync_iterations_total,1545.0
1791661378.189,809.461,"zaino_sync_iteration_duration_seconds{quantile=""0.9""}",0.00013239773329111395
1791661378.189,809.461,zaino_sync_iteration_duration_seconds_sum,0.14338312699999983
1791661378.189,809.461,zaino_sync_iteration_duration_seconds_count,1545.0
1791661378.189,809.461,"zaino_sync_block_build_seconds{quantile=""0.5""}",0.000520406651338875
1791661378.189,809.461,"zaino_sync_block_build_seconds{quantile=""0.9""}",0.0010020573644390566
1791661378.189,809.461,"zaino_sync_block_build_seconds{quantile=""0.95""}",0.0010723529482055093
1791661378.189,809.461,"zaino_sync_block_build_seconds{quantile=""0.99""}",0.00932086334878587
1791661378.189,809.461,"zaino_sync_block_build_seconds{quantile=""0.999""}",0.03411220583851543
1791661378.189,809.461,zaino_sync_block_build_seconds_sum,1670.4856136581002
1791661378.189,809.461,zaino_sync_block_build_seconds_count,3629832.0
1791661380.189,811.461,zaino_sync_iterations_total,1549.0
1791661380.189,811.461,"zaino_sync_iteration_duration_seconds{quantile=""0""}",5.0371e-05
1791661380.189,811.461,"zaino_sync_iteration_duration_seconds{quantile=""0.5""}",7.835192372357992e-05
1791661380.189,811.461,zaino_sync_iteration_duration_seconds_sum,0.14366088199999985
1791661380.189,811.461,zaino_sync_iteration_duration_seconds_count,1549.0
1791661380.189,811.461,"zaino_sync_block_build_seconds{quantile=""0.5""}",0.0004738119568368631
1791661380.189,811.461,"zaino_sync_block_build_seconds{quantile=""0.9""}",0.0009930793099760483
1791661380.189,811.461,"zaino_sync_block_build_seconds{quantile=""0.95""}",0.001066364554826717
1791661380.189,811.461,"zaino_sync_block_build_seconds{quantile=""0.99""}",0.009253994150440443
1791661380.189,811.461,"zaino_sync_block_build_seconds{quantile=""0.999""}",0.033739027815047735
1791661380.189,811.461,zaino_sync_block_build_seconds_sum,1674.6114890561053
1791661380.189,811.461,zaino_sync_block_build_seconds_count,3639224.0
1791661382.190,813.462,zaino_sync_iterations_total,1553.0
1791661382.190,813.462,"zaino_grpc_requests_total{method=""get_lightd_info""}",162.0
1791661382.190,813.462,"zaino_grpc_requests_total{method=""get_block""}",324.0
1791661382.190,813.462,zaino_sync_finalized_height,3646163.0
1791661382.190,813.462,"zaino_grpc_request_duration_seconds_sum{method=""get_block""}",0.06640853000000006
1791661382.190,813.462,"zaino_grpc_request_duration_seconds_count{method=""get_block""}",324.0
1791661382.190,813.462,"zaino_grpc_request_duration_seconds{method=""get_lightd_info"",quantile=""0.9""}",0.0037873071626789113
1791661382.190,813.462,"zaino_grpc_request_duration_seconds{method=""get_lightd_info"",quantile=""0.95""}",0.0037873071626789113
1791661382.190,813.462,"zaino_grpc_request_duration_seconds{method=""get_lightd_info"",quantile=""0.99""}",0.0037873071626789113
1791661382.190,813.462,"zaino_grpc_request_duration_seconds{method=""get_lightd_info"",quantile=""0.999""}",0.0037873071626789113
1791661382.190,813.462,"zaino_grpc_request_duration_seconds_sum{method=""get_lightd_info""}",0.5205437760000001
1791661382.190,813.462,"zaino_grpc_request_duration_seconds_count{method=""get_lightd_info""}",162.0
1791661382.190,813.462,zaino_sync_iteration_duration_seconds_sum,0.14402451099999988
1791661382.190,813.462,zaino_sync_iteration_duration_seconds_count,1553.0
1791661382.190,813.462,"zaino_sync_block_build_seconds{quantile=""0.5""}",0.0004516965149802345
1791661382.190,813.462,"zaino_sync_block_build_seconds{quantile=""0.9""}",0.0009841816954806511
1791661382.190,813.462,"zaino_sync_block_build_seconds{quantile=""0.95""}",0.0010604096027279815
1791661382.190,813.462,"zaino_sync_block_build_seconds{quantile=""0.99""}",0.00919311889815417
1791661382.190,813.462,"zaino_sync_block_build_seconds{quantile=""0.999""}",0.0332566671448919
1791661382.190,813.462,zaino_sync_block_build_seconds_sum,1678.5494157141127
1791661382.190,813.462,zaino_sync_block_build_seconds_count,3648528.0
1791661384.190,815.462,zaino_sync_iterations_total,1557.0
1791661384.190,815.462,"zaino_sync_iteration_duration_seconds{quantile=""0.5""}",7.90919042688957e-05
1791661384.190,815.462,"zaino_sync_iteration_duration_seconds{quantile=""0.99""}",0.00028248078363011934
1791661384.190,815.462,zaino_sync_iteration_duration_seconds_sum,0.14448590899999988
1791661384.190,815.462,zaino_sync_iteration_duration_seconds_count,1557.0
1791661384.190,815.462,"zaino_sync_block_build_seconds{quantile=""0.5""}",0.0004439937684148046
1791661384.190,815.462,"zaino_sync_block_build_seconds{quantile=""0.9""}",0.0009773164798769565
1791661384.190,815.462,"zaino_sync_block_build_seconds{quantile=""0.95""}",0.0010559652221142355
1791661384.190,815.462,"zaino_sync_block_build_seconds{quantile=""0.99""}",0.009141781311558001
1791661384.190,815.462,"zaino_sync_block_build_seconds{quantile=""0.999""}",0.03308418132695801
1791661384.190,815.462,zaino_sync_block_build_seconds_sum,1682.098264080107
1791661384.190,815.462,zaino_sync_block_build_seconds_count,3656172.0
1791661386.190,817.462,zaino_sync_iterations_total,1561.0
1791661386.190,817.462,"zaino_grpc_requests_total{method=""get_lightd_info""}",163.0
1791661386.190,817.462,"zaino_grpc_requests_total{method=""get_block""}",326.0
1791661386.190,817.462,"zaino_grpc_request_duration_seconds{method=""get_block"",quantile=""0.95""}",0.0004035944458703754
1791661386.190,817.462,"zaino_grpc_request_duration_seconds_sum{method=""get_block""}",0.06682807200000006
1791661386.190,817.462,"zaino_grpc_request_duration_seconds_count{method=""get_block""}",326.0
1791661386.190,817.462,"zaino_grpc_request_duration_seconds{method=""get_lightd_info"",quantile=""0.5""}",0.003287262839820571
1791661386.190,817.462,"zaino_grpc_request_duration_seconds{method=""get_lightd_info"",quantile=""0.9""}",0.003985470031860004
1791661386.190,817.462,"zaino_grpc_request_duration_seconds{method=""get_lightd_info"",quantile=""0.95""}",0.003985470031860004
1791661386.190,817.462,"zaino_grpc_request_duration_seconds{method=""get_lightd_info"",quantile=""0.99""}",0.003985470031860004
1791661386.190,817.462,"zaino_grpc_request_duration_seconds{method=""get_lightd_info"",quantile=""0.999""}",0.003985470031860004
1791661386.190,817.462,"zaino_grpc_request_duration_seconds_sum{method=""get_lightd_info""}",0.5245294610000001
1791661386.190,817.462,"zaino_grpc_request_duration_seconds_count{method=""get_lightd_info""}",163.0
1791661386.190,817.462,"zaino_sync_iteration_duration_seconds{quantile=""0.5""}",7.811722018296532e-05
1791661386.190,817.462,zaino_sync_iteration_duration_seconds_sum,0.14476676499999985
1791661386.190,817.462,zaino_sync_iteration_duration_seconds_count,1561.0
1791661386.190,817.462,"zaino_sync_block_write_seconds{quantile=""0""}",10.035736328
1791661386.190,817.462,"zaino_sync_block_write_seconds{quantile=""0.5""}",10.035210942319383
1791661386.190,817.462,"zaino_sync_block_write_seconds{quantile=""0.9""}",10.035210942319383
1791661386.190,817.462,"zaino_sync_block_write_seconds{quantile=""0.95""}",10.035210942319383
1791661386.190,817.462,"zaino_sync_block_write_seconds{quantile=""0.99""}",10.035210942319383
1791661386.190,817.462,"zaino_sync_block_write_seconds{quantile=""0.999""}",10.035210942319383
1791661386.190,817.462,"zaino_sync_block_build_seconds{quantile=""0.5""}",0.0004297529579193996
1791661386.190,817.462,"zaino_sync_block_build_seconds{quantile=""0.9""}",0.0009679791326165801
1791661386.190,817.462,"zaino_sync_block_build_seconds{quantile=""0.95""}",0.0010496484001767607
1791661386.190,817.462,"zaino_sync_block_build_seconds{quantile=""0.99""}",0.009020098536941922
1791661386.190,817.462,"zaino_sync_block_build_seconds{quantile=""0.999""}",0.0319782269212737
1791661386.190,817.462,zaino_sync_block_build_seconds_sum,1685.6513080081038
1791661386.190,817.462,zaino_sync_block_build_seconds_count,3666660.0
1791661388.190,819.462,zaino_sync_iterations_total,1565.0
1791661388.190,819.462,"zaino_sync_iteration_duration_seconds{quantile=""0.5""}",7.749477551778892e-05
1791661388.190,819.462,"zaino_sync_iteration_duration_seconds{quantile=""0.9""}",0.00013073998757604302
1791661388.190,819.462,zaino_sync_iteration_duration_seconds_sum,0.14503442099999986
1791661388.190,819.462,zaino_sync_iteration_duration_seconds_count,1565.0
1791661388.190,819.462,"zaino_sync_block_build_seconds{quantile=""0.5""}",0.0004265845236855086
1791661388.190,819.462,"zaino_sync_block_build_seconds{quantile=""0.9""}",0.0009619962281435058
1791661388.190,819.462,"zaino_sync_block_build_seconds{quantile=""0.95""}",0.0010458764594904817
1791661388.190,819.462,"zaino_sync_block_build_seconds{quantile=""0.99""}",0.008900035435465423
1791661388.190,819.462,"zaino_sync_block_build_seconds{quantile=""0.999""}",0.03035785392155552
1791661388.190,819.462,zaino_sync_block_build_seconds_sum,1689.7978420510983
1791661388.190,819.462,zaino_sync_block_build_seconds_count,3675219.0
1791661390.190,821.462,zaino_sync_iterations_total,1569.0
1791661390.190,821.462,"zaino_sync_iteration_duration_seconds{quantile=""0.5""}",7.712369190721215e-05
1791661390.190,821.462,zaino_sync_iteration_duration_seconds_sum,0.14531246299999986
1791661390.190,821.462,zaino_sync_iteration_duration_seconds_count,1569.0
1791661390.190,821.462,"zaino_sync_block_build_seconds{quantile=""0.5""}",0.00042099060901444764
1791661390.190,821.462,"zaino_sync_block_build_seconds{quantile=""0.9""}",0.0009550947304838861
1791661390.190,821.462,"zaino_sync_block_build_seconds{quantile=""0.95""}",0.0010404520176548926
1791661390.190,821.462,"zaino_sync_block_build_seconds{quantile=""0.99""}",0.00876051994983161
1791661390.190,821.462,"zaino_sync_block_build_seconds{quantile=""0.999""}",0.029637938960161727
1791661390.190,821.462,zaino_sync_block_build_seconds_sum,1693.2649649291
1791661390.190,821.462,zaino_sync_block_build_seconds_count,3685294.0
1791661392.191,823.462,zaino_sync_iterations_total,1573.0
1791661392.191,823.462,"zaino_grpc_requests_total{method=""get_lightd_info""}",164.0
1791661392.191,823.462,"zaino_grpc_requests_total{method=""get_block""}",328.0
1791661392.191,823.462,zaino_sync_finalized_height,3691904.0
1791661392.191,823.462,"zaino_grpc_request_duration_seconds{method=""get_block"",quantile=""0.9""}",0.0004035944458703754
1791661392.191,823.462,"zaino_grpc_request_duration_seconds{method=""get_block"",quantile=""0.95""}",0.0004914747316433881
1791661392.191,823.462,"zaino_grpc_request_duration_seconds_sum{method=""get_block""}",0.06733250700000006
1791661392.191,823.462,"zaino_grpc_request_duration_seconds_count{method=""get_block""}",328.0
1791661392.191,823.462,"zaino_grpc_request_duration_seconds{method=""get_lightd_info"",quantile=""0.5""}",0.0031640576007975194
1791661392.191,823.462,"zaino_grpc_request_duration_seconds{method=""get_lightd_info"",quantile=""0.9""}",0.0037873071626789113
1791661392.191,823.462,"zaino_grpc_request_duration_seconds_sum{method=""get_lightd_info""}",0.5274868950000001
1791661392.191,823.462,"zaino_grpc_request_duration_seconds_count{method=""get_lightd_info""}",164.0
1791661392.191,823.462,"zaino_sync_iteration_duration_seconds{quantile=""0.5""}",7.807036390898732e-05
1791661392.191,823.462,"zaino_sync_iteration_duration_seconds{quantile=""0.9""}",0.0001385471254000952
1791661392.191,823.462,"zaino_sync_iteration_duration_seconds{quantile=""0.95""}",0.00019340965891621528
1791661392.191,823.462,"zaino_sync_iteration_duration_seconds{quantile=""0.99""}",0.0004443491055466221
1791661392.191,823.462,"zaino_sync_iteration_duration_seconds{quantile=""0.999""}",0.0004443491055466221
1791661392.191,823.462,"zaino_sync_iteration_duration_seconds{quantile=""1""}",0.001958965
1791661392.191,823.462,zaino_sync_iteration_duration_seconds_sum,0.1475143739999999
1791661392.191,823.462,zaino_sync_iteration_duration_seconds_count,1573.0
1791661392.191,823.462,"zaino_sync_block_build_seconds{quantile=""0""}",0.00012379
1791661392.191,823.462,"zaino_sync_block_build_seconds{quantile=""0.5""}",0.00042040163453819704
1791661392.191,823.462,"zaino_sync_block_build_seconds{quantile=""0.9""}",0.0009159946551297712
1791661392.191,823.462,"zaino_sync_block_build_seconds{quantile=""0.95""}",0.0010074831105550703
1791661392.191,823.462,"zaino_sync_block_build_seconds{quantile=""0.99""}",0.005741125416938275
1791661392.191,823.462,"zaino_sync_block_build_seconds{quantile=""0.999""}",0.02664110335109854
1791661392.191,823.462,"zaino_sync_block_build_seconds{quantile=""1""}",0.090574572
1791661392.191,823.462,zaino_sync_block_build_seconds_sum,1697.1643967930988
1791661392.191,823.462,zaino_sync_block_build_seconds_count,3693690.0
1791661394.191,825.463,zaino_sync_sapling_outputs_total,298255.0
1791661394.191,825.463,zaino_sync_transactions_total,4158581.0
1791661394.191,825.463,zaino_sync_orchard_actions_total,113815.0
1791661394.191,825.463,zaino_sync_iterations_total,1577.0
1791661394.191,825.463,zaino_sync_last_block_written_at,1791661393.4000707
1791661394.191,825.463,zaino_db_tip_height,3599999.0
1791661394.191,825.463,"zaino_sync_iteration_duration_seconds{quantile=""0.5""}",7.835192372357992e-05
1791661394.191,825.463,"zaino_sync_iteration_duration_seconds{quantile=""0.95""}",0.00016039034876661422
1791661394.191,825.463,zaino_sync_iteration_duration_seconds_sum,0.14796011399999992
1791661394.191,825.463,zaino_sync_iteration_duration_seconds_count,1577.0
1791661394.191,825.463,"zaino_sync_block_build_seconds{quantile=""0""}",0.000122277
1791661394.191,825.463,"zaino_sync_block_build_seconds{quantile=""0.5""}",0.0004165516764498184
1791661394.191,825.463,"zaino_sync_block_build_seconds{quantile=""0.9""}",0.0009099689969310087
1791661394.191,825.463,"zaino_sync_block_build_seconds{quantile=""0.95""}",0.00099965531037426
1791661394.191,825.463,"zaino_sync_block_build_seconds{quantile=""0.99""}",0.0028001003459785204
1791661394.191,825.463,"zaino_sync_block_build_seconds{quantile=""0.999""}",0.026291751579962042
1791661394.191,825.463,zaino_sync_block_build_seconds_sum,1701.4020434580962
1791661394.191,825.463,zaino_sync_block_build_seconds_count,3703741.0
1791661396.191,827.463,zaino_sync_iterations_total,1581.0
1791661396.191,827.463,"zaino_grpc_requests_total{method=""get_lightd_info""}",165.0
1791661396.191,827.463,"zaino_grpc_requests_total{method=""get_block""}",330.0
1791661396.191,827.463,"zaino_grpc_request_duration_seconds{method=""get_block"",quantile=""0""}",1.0414e-05
1791661396.191,827.463,"zaino_grpc_request_duration_seconds{method=""get_block"",quantile=""0.5""}",3.4322822732860905e-05
1791661396.191,827.463,"zaino_grpc_request_duration_seconds{method=""get_block"",quantile=""0.9""}",0.0004895127592709821
1791661396.191,827.463,"zaino_grpc_request_duration_seconds{method=""get_block"",quantile=""0.99""}",0.0004914747316433881
1791661396.191,827.463,"zaino_grpc_request_duration_seconds{method=""get_block"",quantile=""0.999""}",0.0004914747316433881
1791661396.191,827.463,"zaino_grpc_request_duration_seconds_sum{method=""get_block""}",0.06783637700000006
1791661396.191,827.463,"zaino_grpc_request_duration_seconds_count{method=""get_block""}",330.0
1791661396.191,827.463,"zaino_grpc_request_duration_seconds{method=""get_lightd_info"",quantile=""0.5""}",0.003583913125245774
1791661396.191,827.463,"zaino_grpc_request_duration_seconds{method=""get_lightd_info"",quantile=""0.9""}",0.003985470031860004
1791661396.191,827.463,"zaino_grpc_request_duration_seconds{method=""get_lightd_info"",quantile=""1""}",0.004281112
1791661396.191,827.463,"zaino_grpc_request_duration_seconds_sum{method=""get_lightd_info""}",0.5317680070000002
1791661396.191,827.463,"zaino_grpc_request_duration_seconds_count{method=""get_lightd_info""}",165.0
1791661396.191,827.463,"zaino_sync_iteration_duration_seconds{quantile=""0.9""}",0.00015649288156779857
1791661396.191,827.463,"zaino_sync_iteration_duration_seconds{quantile=""0.95""}",0.00016103319499916074
1791661396.191,827.463,zaino_sync_iteration_duration_seconds_sum,0.14842245299999993
1791661396.191,827.463,zaino_sync_iteration_duration_seconds_count,1581.0
1791661396.191,827.463,"zaino_sync_block_build_seconds{quantile=""0.5""}",0.00042040163453819704
1791661396.191,827.463,"zaino_sync_block_build_seconds{quantile=""0.9""}",0.0009209544055579735
1791661396.191,827.463,"zaino_sync_block_build_seconds{quantile=""0.95""}",0.001024142063658152
1791661396.191,827.463,"zaino_sync_block_build_seconds{quantile=""0.99""}",0.0024646634185260283
1791661396.191,827.463,"zaino_sync_block_build_seconds{quantile=""0.999""}",0.02596255381018179
1791661396.191,827.463,zaino_sync_block_build_seconds_sum,1705.8542039031063
1791661396.191,827.463,zaino_sync_block_build_seconds_count,3709675.0
1791661398.191,829.463,zaino_sync_iterations_total,1585.0
1791661398.191,829.463,"zaino_sync_iteration_duration_seconds{quantile=""0.5""}",7.807036390898732e-05
1791661398.191,829.463,"zaino_sync_iteration_duration_seconds{quantile=""0.95""}",0.00019340965891621528
1791661398.191,829.463,zaino_sync_iteration_duration_seconds_sum,0.14884636599999992
1791661398.191,829.463,zaino_sync_iteration_duration_seconds_count,1585.0
1791661398.191,829.463,"zaino_sync_block_build_seconds{quantile=""0.5""}",0.0004214118101903541
1791661398.191,829.463,"zaino_sync_block_build_seconds{quantile=""0.9""}",0.0009248305482760166
1791661398.191,829.463,"zaino_sync_block_build_seconds{quantile=""0.95""}",0.0010319551956624417
1791661398.191,829.463,"zaino_sync_block_build_seconds{quantile=""0.99""}",0.006956352406353998
1791661398.191,829.463,"zaino_sync_block_build_seconds{quantile=""0.999""}",0.027342855284115192
1791661398.191,829.463,zaino_sync_block_build_seconds_sum,1709.8321150671045
1791661398.191,829.463,zaino_sync_block_build_seconds_count,3710693.0
1791661400.191,831.463,zaino_sync_iterations_total,1589.0
1791661400.191,831.463,"zaino_sync_iteration_duration_seconds{quantile=""0.5""}",7.835192372357992e-05
1791661400.191,831.463,zaino_sync_iteration_duration_seconds_sum,0.14918440099999994
1791661400.191,831.463,zaino_sync_iteration_duration_seconds_count,1589.0
1791661400.191,831.463,"zaino_sync_block_build_seconds{quantile=""0.5""}",0.0004222554771993336
1791661400.191,831.463,"zaino_sync_block_build_seconds{quantile=""0.9""}",0.0009289087682063461
1791661400.191,831.463,"zaino_sync_block_build_seconds{quantile=""0.95""}",0.001040660128869545
1791661400.191,831.463,"zaino_sync_block_build_seconds{quantile=""0.99""}",0.008459205511802959
1791661400.191,831.463,"zaino_sync_block_build_seconds{quantile=""0.999""}",0.02884842105988918
1791661400.191,831.463,zaino_sync_block_build_seconds_sum,1713.8858639641037
1791661400.191,831.463,zaino_sync_block_build_seconds_count,3711389.0
1791661402.191,833.463,"zaino_grpc_requests_total{method=""get_block""}",332.0
1791661402.191,833.463,"zaino_grpc_requests_total{method=""get_lightd_info""}",166.0
1791661402.191,833.463,zaino_sync_iterations_total,1593.0
1791661402.191,833.463,zaino_sync_finalized_height,3711930.0
1791661402.191,833.463,"zaino_grpc_request_duration_seconds_sum{method=""get_block""}",0.06825690200000006
1791661402.191,833.463,"zaino_grpc_request_duration_seconds_count{method=""get_block""}",332.0
1791661402.191,833.463,"zaino_grpc_request_duration_seconds{method=""get_lightd_info"",quantile=""0.5""}",0.003287262839820571
1791661402.191,833.463,"zaino_grpc_request_duration_seconds_sum{method=""get_lightd_info""}",0.5348888420000002
1791661402.191,833.463,"zaino_grpc_request_duration_seconds_count{method=""get_lightd_info""}",166.0
1791661402.191,833.463,"zaino_sync_iteration_duration_seconds{quantile=""0.5""}",7.807036390898732e-05
1791661402.191,833.463,zaino_sync_iteration_duration_seconds_sum,0.14947812399999993
1791661402.191,833.463,zaino_sync_iteration_duration_seconds_count,1593.0
1791661402.191,833.463,"zaino_sync_block_build_seconds{quantile=""0.5""}",0.0004234394493268886
1791661402.191,833.463,"zaino_sync_block_build_seconds{quantile=""0.9""}",0.0009343120935762133
1791661402.191,833.463,"zaino_sync_block_build_seconds{quantile=""0.95""}",0.0010494384914875943
1791661402.191,833.463,"zaino_sync_block_build_seconds{quantile=""0.99""}",0.008793873256900437
1791661402.191,833.463,"zaino_sync_block_build_seconds{quantile=""0.999""}",0.030091876821834684
1791661402.191,833.463,zaino_sync_block_build_seconds_sum,1717.922468773102
1791661402.191,833.463,zaino_sync_block_build_seconds_count,3712154.0
1791661404.192,835.463,zaino_sync_iterations_total,1594.0
1791661404.192,835.463,"zaino_sync_iteration_duration_seconds{quantile=""0.5""}",7.835192372357992e-05
1791661404.192,835.463,zaino_sync_iteration_duration_seconds_sum,0.14959020199999992
1791661404.192,835.463,zaino_sync_iteration_duration_seconds_count,1594.0
1791661404.192,835.463,"zaino_sync_block_write_seconds{quantile=""1""}",10.7395581
1791661404.192,835.463,zaino_sync_block_write_seconds_sum,284.454766052
1791661404.192,835.463,zaino_sync_block_write_seconds_count,37.0
1791661404.192,835.463,"zaino_sync_block_build_seconds{quantile=""0.5""}",0.000425647069308197
1791661404.192,835.463,"zaino_sync_block_build_seconds{quantile=""0.9""}",0.0009429474264895044
1791661404.192,835.463,"zaino_sync_block_build_seconds{quantile=""0.95""}",0.001062320058914004
1791661404.192,835.463,"zaino_sync_block_build_seconds{quantile=""0.99""}",0.009088912447688927
1791661404.192,835.463,"zaino_sync_block_build_seconds{quantile=""0.999""}",0.031382652197133036
1791661404.192,835.463,zaino_sync_block_build_seconds_sum,1722.0476722801006
1791661404.192,835.463,zaino_sync_block_build_seconds_count,3713782.0
1791661406.192,837.464,zaino_sync_iterations_total,1598.0
1791661406.192,837.464,"zaino_grpc_requests_total{method=""get_block""}",334.0
1791661406.192,837.464,"zaino_grpc_requests_total{method=""get_lightd_info""}",167.0
1791661406.192,837.464,"zaino_grpc_request_duration_seconds{method=""get_block"",quantile=""0.9""}",0.00040944825216229986
1791661406.192,837.464,"zaino_grpc_request_duration_seconds{method=""get_block"",quantile=""0.95""}",0.0004895127592709821
1791661406.192,837.464,"zaino_grpc_request_duration_seconds_sum{method=""get_block""}",0.06863123600000005
1791661406.192,837.464,"zaino_grpc_request_duration_seconds_count{method=""get_block""}",334.0
1791661406.192,837.464,"zaino_grpc_request_duration_seconds{method=""get_lightd_info"",quantile=""0""}",0.002719654
1791661406.192,837.464,"zaino_grpc_request_duration_seconds_sum{method=""get_lightd_info""}",0.5376084960000002
1791661406.192,837.464,"zaino_grpc_request_duration_seconds_count{method=""get_lightd_info""}",167.0
1791661406.192,837.464,"zaino_sync_iteration_duration_seconds{quantile=""0""}",4.5379e-05
1791661406.192,837.464,"zaino_sync_iteration_duration_seconds{quantile=""0.99""}",0.0004065921225039676
1791661406.192,837.464,zaino_sync_iteration_duration_seconds_sum,0.15006100899999994
1791661406.192,837.464,zaino_sync_iteration_duration_seconds_count,1598.0
1791661406.192,837.464,"zaino_sync_block_build_seconds{quantile=""0.5""}",0.0004289800983748307
1791661406.192,837.464,"zaino_sync_block_build_seconds{quantile=""0.9""}",0.0009486221181181777
1791661406.192,837.464,"zaino_sync_block_build_seconds{quantile=""0.95""}",0.0010633829103135891
1791661406.192,837.464,"zaino_sync_block_build_seconds{quantile=""0.99""}",0.008960761912652264
1791661406.192,837.464,"zaino_sync_block_build_seconds{quantile=""0.999""}",0.030091876821834684
1791661406.192,837.464,zaino_sync_block_build_seconds_sum,1726.2867351920997
1791661406.192,837.464,zaino_sync_block_build_seconds_count,3720101.0
1791661408.192,839.464,zaino_sync_iterations_total,1602.0
1791661408.192,839.464,"zaino_sync_iteration_duration_seconds{quantile=""0.5""}",7.90919042688957e-05
1791661408.192,839.464,zaino_sync_iteration_duration_seconds_sum,0.15046476599999997
1791661408.192,839.464,zaino_sync_iteration_duration_seconds_count,1602.0
1791661408.192,839.464,"zaino_sync_block_build_seconds{quantile=""0.5""}",0.0004313028567170214
1791661408.192,839.464,"zaino_sync_block_build_seconds{quantile=""0.9""}",0.0009579643169123563
1791661408.192,839.464,"zaino_sync_block_build_seconds{quantile=""0.95""}",0.00106892690335515
1791661408.192,839.464,"zaino_sync_block_build_seconds{quantile=""0.99""}",0.008834418256020984
1791661408.192,839.464,"zaino_sync_block_build_seconds{quantile=""0.999""}",0.0297924576436648
1791661408.192,839.464,zaino_sync_block_build_seconds_sum,1730.6335947141056
1791661408.192,839.464,zaino_sync_block_build_seconds_count,3726370.0
1791661410.192,841.464,zaino_sync_iterations_total,1606.0
1791661410.192,841.464,"zaino_sync_iteration_duration_seconds{quantile=""0.95""}",0.00021942500798804136
1791661410.192,841.464,zaino_sync_iteration_duration_seconds_sum,0.150961152
1791661410.192,841.464,zaino_sync_iteration_duration_seconds_count,1606.0
1791661410.192,841.464,"zaino_sync_block_build_seconds{quantile=""0.5""}",0.00042915172473773685
1791661410.192,841.464,"zaino_sync_block_build_seconds{quantile=""0.9""}",0.0009616115066004045
1791661410.192,841.464,"zaino_sync_block_build_seconds{quantile=""0.95""}",0.001069140710116497
1791661410.192,841.464,"zaino_sync_block_build_seconds{quantile=""0.99""}",0.00869593137445538
1791661410.192,841.464,"zaino_sync_block_build_seconds{quantile=""0.999""}",0.029501917529632844
1791661410.192,841.464,zaino_sync_block_build_seconds_sum,1735.1068930841104
1791661410.192,841.464,zaino_sync_block_build_seconds_count,3734317.0
1791661412.192,843.464,zaino_sync_iterations_total,1610.0
1791661412.192,843.464,"zaino_grpc_requests_total{method=""get_lightd_info""}",168.0
1791661412.192,843.464,"zaino_grpc_requests_total{method=""get_block""}",336.0
1791661412.192,843.464,zaino_sync_finalized_height,3740319.0
1791661412.192,843.464,"zaino_grpc_request_duration_seconds_sum{method=""get_block""}",0.06895811000000006
1791661412.192,843.464,"zaino_grpc_request_duration_seconds_count{method=""get_block""}",336.0
1791661412.192,843.464,"zaino_grpc_request_duration_seconds{method=""get_lightd_info"",quantile=""0.5""}",0.003167223240965148
1791661412.192,843.464,"zaino_grpc_request_duration_seconds{method=""get_lightd_info"",quantile=""0.9""}",0.0037873071626789113
1791661412.192,843.464,"zaino_grpc_request_duration_seconds_sum{method=""get_lightd_info""}",0.5407756100000002
1791661412.192,843.464,"zaino_grpc_request_duration_seconds_count{method=""get_lightd_info""}",168.0
1791661412.192,843.464,"zaino_sync_iteration_duration_seconds{quantile=""0.5""}",8.048014608645026e-05
1791661412.192,843.464,"zaino_sync_iteration_duration_seconds{quantile=""0.95""}",0.00019340965891621528
1791661412.192,843.464,"zaino_sync_iteration_duration_seconds{quantile=""0.99""}",0.00027860932331914476
1791661412.192,843.464,"zaino_sync_iteration_duration_seconds{quantile=""0.999""}",0.00027860932331914476
1791661412.192,843.464,zaino_sync_iteration_duration_seconds_sum,0.151303789
1791661412.192,843.464,zaino_sync_iteration_duration_seconds_count,1610.0
1791661412.192,843.464,"zaino_sync_block_build_seconds{quantile=""0.5""}",0.00039520733536350933
1791661412.192,843.464,"zaino_sync_block_build_seconds{quantile=""0.9""}",0.0009150791183162916
1791661412.192,843.464,"zaino_sync_block_build_seconds{quantile=""0.95""}",0.0010523810369147035
1791661412.192,843.464,"zaino_sync_block_build_seconds{quantile=""0.99""}",0.007191179873696123
1791661412.192,843.464,"zaino_sync_block_build_seconds{quantile=""0.999""}",0.026492330125661524
1791661412.192,843.464,"zaino_sync_block_build_seconds{quantile=""1""}",0.080895602
1791661412.192,843.464,zaino_sync_block_build_seconds_sum,1739.492176361108
1791661412.192,843.464,zaino_sync_block_build_seconds_count,3742148.0
1791661414.193,845.464,zaino_sync_iterations_total,1614.0
1791661414.193,845.464,"zaino_sync_iteration_duration_seconds{quantile=""0.5""}",7.807036390898732e-05
1791661414.193,845.464,zaino_sync_iteration_duration_seconds_sum,0.15160448699999998
1791661414.193,845.464,zaino_sync_iteration_duration_seconds_count,1614.0
1791661414.193,845.464,"zaino_sync_block_build_seconds{quantile=""0.5""}",0.00039742670488365013
1791661414.193,845.464,"zaino_sync_block_build_seconds{quantile=""0.9""}",0.0009264967423933013
1791661414.193,845.464,"zaino_sync_block_build_seconds{quantile=""0.95""}",0.0010585025822700221
1791661414.193,845.464,"zaino_sync_block_build_seconds{quantile=""0.99""}",0.006626357504753998
1791661414.193,845.464,"zaino_sync_block_build_seconds{quantile=""0.999""}",0.026239220625092194
1791661414.193,845.464,zaino_sync_block_build_seconds_sum,1743.6247696611078
1791661414.193,845.464,zaino_sync_block_build_seconds_count,3748264.0
1791661416.193,847.465,"zaino_grpc_requests_total{method=""get_lightd_info""}",169.0
1791661416.193,847.465,"zaino_grpc_requests_total{method=""get_block""}",338.0
1791661416.193,847.465,zaino_sync_iterations_total,1618.0
1791661416.193,847.465,"zaino_grpc_request_duration_seconds{method=""get_block"",quantile=""0""}",1.1099e-05
1791661416.193,847.465,"zaino_grpc_request_duration_seconds{method=""get_block"",quantile=""0.99""}",0.0004895127592709821
1791661416.193,847.465,"zaino_grpc_request_duration_seconds{method=""get_block"",quantile=""0.999""}",0.0004895127592709821
1791661416.193,847.465,"zaino_grpc_request_duration_seconds{method=""get_block"",quantile=""1""}",0.000491438
1791661416.193,847.465,"zaino_grpc_request_duration_seconds_sum{method=""get_block""}",0.06931971400000006
1791661416.193,847.465,"zaino_grpc_request_duration_seconds_count{method=""get_block""}",338.0
1791661416.193,847.465,"zaino_grpc_request_duration_seconds{method=""get_lightd_info"",quantile=""0.5""}",0.0031640576007975194
1791661416.193,847.465,"zaino_grpc_request_duration_seconds{method=""get_lightd_info"",quantile=""0.9""}",0.003985470031860004
1791661416.193,847.465,"zaino_grpc_request_duration_seconds_sum{method=""get_lightd_info""}",0.5438185590000002
1791661416.193,847.465,"zaino_grpc_request_duration_seconds_count{method=""get_lightd_info""}",169.0
1791661416.193,847.465,"zaino_sync_iteration_duration_seconds{quantile=""0.5""}",7.912354735890482e-05
1791661416.193,847.465,"zaino_sync_iteration_duration_seconds{quantile=""0.9""}",0.00015038678224182198
1791661416.193,847.465,"zaino_sync_iteration_duration_seconds{quantile=""0.95""}",0.00016103319499916074
1791661416.193,847.465,zaino_sync_iteration_duration_seconds_sum,0.15191223699999998
1791661416.193,847.465,zaino_sync_iteration_duration_seconds_count,1618.0
1791661416.193,847.465,"zaino_sync_block_build_seconds{quantile=""0.5""}",0.00039989840481427865
1791661416.193,847.465,"zaino_sync_block_build_seconds{quantile=""0.9""}",0.0009320724332116387
1791661416.193,847.465,"zaino_sync_block_build_seconds{quantile=""0.95""}",0.0010595616142835757
1791661416.193,847.465,"zaino_sync_block_build_seconds{quantile=""0.99""}",0.005426287815462562
1791661416.193,847.465,"zaino_sync_block_build_seconds{quantile=""0.999""}",0.02592623166615989
1791661416.193,847.465,zaino_sync_block_build_seconds_sum,1747.7603317851215
1791661416.193,847.465,zaino_sync_block_build_seconds_count,3754897.0
1791661418.193,849.465,zaino_sync_iterations_total,1622.0
1791661418.193,849.465,"zaino_sync_iteration_duration_seconds{quantile=""0.5""}",7.69695986674883e-05
1791661418.193,849.465,zaino_sync_iteration_duration_seconds_sum,0.15216206999999998
1791661418.193,849.465,zaino_sync_iteration_duration_seconds_count,1622.0
1791661418.193,849.465,"zaino_sync_block_build_seconds{quantile=""0.5""}",0.0004018225313732208
1791661418.193,849.465,"zaino_sync_block_build_seconds{quantile=""0.9""}",0.0009290945685400206
1791661418.193,849.465,"zaino_sync_block_build_seconds{quantile=""0.95""}",0.0010557540501870055
1791661418.193,849.465,"zaino_sync_block_build_seconds{quantile=""0.99""}",0.003061960063975328
1791661418.193,849.465,"zaino_sync_block_build_seconds{quantile=""0.999""}",0.025632350927120115
1791661418.193,849.465,zaino_sync_block_build_seconds_sum,1751.6970126091348
1791661418.193,849.465,zaino_sync_block_build_seconds_count,3762172.0
1791661420.193,851.465,zaino_sync_iterations_total,1626.0
1791661420.193,851.465,"zaino_sync_iteration_duration_seconds{quantile=""0.5""}",7.67390358878088e-05
1791661420.193,851.465,"zaino_sync_iteration_duration_seconds{quantile=""0.9""}",0.00013769079060076204
1791661420.193,851.465,zaino_sync_iteration_duration_seconds_sum,0.152441379
1791661420.193,851.465,zaino_sync_iteration_duration_seconds_count,1626.0
1791661420.193,851.465,"zaino_sync_block_build_seconds{quantile=""0.5""}",0.00040383667520023733
1791661420.193,851.465,"zaino_sync_block_build_seconds{quantile=""0.9""}",0.0009253856131096311
1791661420.193,851.465,"zaino_sync_block_build_seconds{quantile=""0.95""}",0.0010506985735796253
1791661420.193,851.465,"zaino_sync_block_build_seconds{quantile=""0.99""}",0.00234539833653262
1791661420.193,851.465,"zaino_sync_block_build_seconds{quantile=""0.999""}",0.02478045559577479
1791661420.193,851.465,zaino_sync_block_build_seconds_sum,1755.6201415171404
1791661420.193,851.465,zaino_sync_block_build_seconds_count,3769534.0
1791661422.193,853.465,"zaino_grpc_requests_total{method=""get_lightd_info""}",170.0
1791661422.193,853.465,"zaino_grpc_requests_total{method=""get_block""}",340.0
1791661422.193,853.465,zaino_sync_iterations_total,1630.0
1791661422.193,853.465,zaino_sync_finalized_height,3776277.0
1791661422.193,853.465,"zaino_grpc_request_duration_seconds{method=""get_block"",quantile=""0.9""}",0.00041863965042401884
1791661422.193,853.465,"zaino_grpc_request_duration_seconds_sum{method=""get_block""}",0.06975274400000006
1791661422.193,853.465,"zaino_grpc_request_duration_seconds_count{method=""get_block""}",340.0
1791661422.193,853.465,"zaino_grpc_request_duration_seconds{method=""get_lightd_info"",quantile=""0""}",0.002609082
1791661422.193,853.465,"zaino_grpc_request_duration_seconds{method=""get_lightd_info"",quantile=""0.5""}",0.0031206935062006833
1791661422.193,853.465,"zaino_grpc_request_duration_seconds_sum{method=""get_lightd_info""}",0.5464276410000002
1791661422.193,853.465,"zaino_grpc_request_duration_seconds_count{method=""get_lightd_info""}",170.0
1791661422.193,853.465,zaino_sync_iteration_duration_seconds_sum,0.15276078899999998
1791661422.193,853.465,zaino_sync_iteration_duration_seconds_count,1630.0
1791661422.193,853.465,"zaino_sync_block_build_seconds{quantile=""0.5""}",0.00039742670488365013
1791661422.193,853.465,"zaino_sync_block_build_seconds{quantile=""0.9""}",0.0009165444168367014
1791661422.193,853.465,"zaino_sync_block_build_seconds{quantile=""0.95""}",0.0010450400929113398
1791661422.193,853.465,"zaino_sync_block_build_seconds{quantile=""0.99""}",0.002011046540095209
1791661422.193,853.465,"zaino_sync_block_build_seconds{quantile=""0.999""}",0.024115511437425265
1791661422.193,853.465,zaino_sync_block_build_seconds_sum,1758.8653746291432
1791661422.193,853.465,zaino_sync_block_build_seconds_count,3780001.0
1791661424.193,855.465,zaino_sync_iterations_total,1634.0
1791661424.193,855.465,zaino_sync_iteration_duration_seconds_sum,0.153090954
1791661424.193,855.465,zaino_sync_iteration_duration_seconds_count,1634.0
1791661424.193,855.465,"zaino_sync_block_build_seconds{quantile=""0""}",0.000122182
1791661424.193,855.465,"zaino_sync_block_build_seconds{quantile=""0.5""}",0.0003956027403697437
1791661424.193,855.465,"zaino_sync_block_build_seconds{quantile=""0.9""}",0.0009139816819641574
1791661424.193,855.465,"zaino_sync_block_build_seconds{quantile=""0.95""}",0.0010385808885382867
1791661424.193,855.465,"zaino_sync_block_build_seconds{quantile=""0.99""}",0.0017961675441335073
1791661424.193,855.465,"zaino_sync_block_build_seconds{quantile=""0.999""}",0.02339343111714493
1791661424.193,855.465,zaino_sync_block_build_seconds_sum,1763.2119163681357
1791661424.193,855.465,zaino_sync_block_build_seconds_count,3790240.0
1791661426.194,857.465,zaino_sync_orchard_actions_total,116611.0
1791661426.194,857.465,"zaino_grpc_requests_total{method=""get_lightd_info""}",171.0
1791661426.194,857.465,"zaino_grpc_requests_total{method=""get_block""}",342.0
1791661426.194,857.465,zaino_sync_transactions_total,4261007.0
1791661426.194,857.465,zaino_sync_iterations_total,1638.0
1791661426.194,857.465,zaino_sync_sapling_outputs_total,316285.0
1791661426.194,857.465,zaino_db_tip_height,3699999.0
1791661426.194,857.465,zaino_sync_last_block_written_at,1791661425.9348493
1791661426.194,857.465,"zaino_grpc_request_duration_seconds{method=""get_block"",quantile=""0.9""}",0.00040944825216229986
1791661426.194,857.465,"zaino_grpc_request_duration_seconds{method=""get_block"",quantile=""0.95""}",0.00041863965042401884
1791661426.194,857.465,"zaino_grpc_request_duration_seconds_sum{method=""get_block""}",0.07009144200000006
1791661426.194,857.465,"zaino_grpc_request_duration_seconds_count{method=""get_block""}",342.0
1791661426.194,857.465,"zaino_grpc_request_duration_seconds{method=""get_lightd_info"",quantile=""0.5""}",0.0031640576007975194
1791661426.194,857.465,"zaino_grpc_request_duration_seconds_sum{method=""get_lightd_info""}",0.5502147950000001
1791661426.194,857.465,"zaino_grpc_request_duration_seconds_count{method=""get_lightd_info""}",171.0
1791661426.194,857.465,"zaino_sync_iteration_duration_seconds{quantile=""0.9""}",0.00013139532449311567
1791661426.194,857.465,"zaino_sync_iteration_duration_seconds{quantile=""0.95""}",0.00016039034876661422
1791661426.194,857.465,"zaino_sync_iteration_duration_seconds{quantile=""0.99""}",0.0002545279174800119
1791661426.194,857.465,zaino_sync_iteration_duration_seconds_sum,0.15338600000000002
1791661426.194,857.465,zaino_sync_iteration_duration_seconds_count,1638.0
1791661426.194,857.465,"zaino_sync_block_write_seconds{quantile=""0""}",10.7395581
1791661426.194,857.465,"zaino_sync_block_write_seconds{quantile=""0.5""}",10.739193604833643
1791661426.194,857.465,"zaino_sync_block_write_seconds{quantile=""0.9""}",10.739193604833643
1791661426.194,857.465,"zaino_sync_block_write_seconds{quantile=""0.95""}",10.739193604833643
1791661426.194,857.465,"zaino_sync_block_write_seconds{quantile=""0.99""}",10.739193604833643
1791661426.194,857.465,"zaino_sync_block_write_seconds{quantile=""0.999""}",10.739193604833643
1791661426.194,857.465,"zaino_sync_block_build_seconds{quantile=""0.5""}",0.00039418113093199947
1791661426.194,857.465,"zaino_sync_block_build_seconds{quantile=""0.9""}",0.0009057927522580617
1791661426.194,857.465,"zaino_sync_block_build_seconds{quantile=""0.95""}",0.0010319551956624417
1791661426.194,857.465,"zaino_sync_block_build_seconds{quantile=""0.99""}",0.0016697188394856008
1791661426.194,857.465,"zaino_sync_block_build_seconds{quantile=""0.999""}",0.022194738611093844
1791661426.194,857.465,zaino_sync_block_build_seconds_sum,1767.3008575851377
1791661426.194,857.465,zaino_sync_block_build_seconds_count,3801077.0
1791661428.194,859.466,zaino_sync_iterations_total,1642.0
1791661428.194,859.466,zaino_sync_iteration_duration_seconds_sum,0.15370940600000002
1791661428.194,859.466,zaino_sync_iteration_duration_seconds_count,1642.0
1791661428.194,859.466,"zaino_sync_block_build_seconds{quantile=""0.5""}",0.0003944966020094026
1791661428.194,859.466,"zaino_sync_block_build_seconds{quantile=""0.9""}",0.0009000141897485254
1791661428.194,859.466,"zaino_sync_block_build_seconds{quantile=""0.95""}",0.0010280412071937992
1791661428.194,859.466,"zaino_sync_block_build_seconds{quantile=""0.99""}",0.0016356744919712126
1791661428.194,859.466,"zaino_sync_block_build_seconds{quantile=""0.999""}",0.021607819459636867
1791661428.194,859.466,zaino_sync_block_build_seconds_sum,1771.3825152391303
1791661428.194,859.466,zaino_sync_block_build_seconds_count,3811136.0
1791661430.194,861.466,zaino_sync_iterations_total,1646.0
1791661430.194,861.466,"zaino_sync_iteration_duration_seconds{quantile=""0.5""}",7.69695986674883e-05
1791661430.194,861.466,zaino_sync_iteration_duration_seconds_sum,0.15410531600000002
1791661430.194,861.466,zaino_sync_iteration_duration_seconds_count,1646.0
1791661430.194,861.466,"zaino_sync_block_build_seconds{quantile=""0.5""}",0.0003917447684403006
1791661430.194,861.466,"zaino_sync_block_build_seconds{quantile=""0.9""}",0.0008937360893861828
1791661430.194,861.466,"zaino_sync_block_build_seconds{quantile=""0.95""}",0.0010243469125557731
1791661430.194,861.466,"zaino_sync_block_build_seconds{quantile=""0.99""}",0.0016284933343150426
1791661430.194,861.466,"zaino_sync_block_build_seconds{quantile=""0.999""}",0.02135007518384075
1791661430.194,861.466,zaino_sync_block_build_seconds_sum,1774.495277507133
1791661430.194,861.466,zaino_sync_block_build_seconds_count,3819130.0
1791661432.194,863.466,zaino_sync_iterations_total,1650.0
1791661432.194,863.466,"zaino_grpc_requests_total{method=""get_block""}",344.0
1791661432.194,863.466,"zaino_grpc_requests_total{method=""get_lightd_info""}",172.0
1791661432.194,863.466,zaino_sync_finalized_height,3819517.0
1791661432.194,863.466,"zaino_grpc_request_duration_seconds{method=""get_block"",quantile=""0""}",1.0387e-05
1791661432.194,863.466,"zaino_grpc_request_duration_seconds_sum{method=""get_block""}",0.07044582100000006
1791661432.194,863.466,"zaino_grpc_request_duration_seconds_count{method=""get_block""}",344.0
1791661432.194,863.466,"zaino_grpc_request_duration_seconds{method=""get_lightd_info"",quantile=""0""}",0.002577105
1791661432.194,863.466,"zaino_grpc_request_duration_seconds{method=""get_lightd_info"",quantile=""0.5""}",0.0031206935062006833
1791661432.194,863.466,"zaino_grpc_request_duration_seconds{method=""get_lightd_info"",quantile=""0.9""}",0.0037873071626789113
1791661432.194,863.466,"zaino_grpc_request_duration_seconds_sum{method=""get_lightd_info""}",0.5527919000000001
1791661432.194,863.466,"zaino_grpc_request_duration_seconds_count{method=""get_lightd_info""}",172.0
1791661432.194,863.466,"zaino_sync_iteration_duration_seconds{quantile=""0.5""}",7.857161653714465e-05
1791661432.194,863.466,"zaino_sync_iteration_duration_seconds{quantile=""0.9""}",0.0001479701439829934
1791661432.194,863.466,"zaino_sync_iteration_duration_seconds{quantile=""0.95""}",0.00016103319499916074
1791661432.194,863.466,"zaino_sync_iteration_duration_seconds{quantile=""0.99""}",0.00027860932331914476
1791661432.194,863.466,zaino_sync_iteration_duration_seconds_sum,0.154494732
1791661432.194,863.466,zaino_sync_iteration_duration_seconds_count,1650.0
1791661432.194,863.466,"zaino_sync_block_build_seconds{quantile=""0.5""}",0.0003876142045454816
1791661432.194,863.466,"zaino_sync_block_build_seconds{quantile=""0.9""}",0.0008662820336127667
1791661432.194,863.466,"zaino_sync_block_build_seconds{quantile=""0.95""}",0.0009305823097302111
1791661432.194,863.466,"zaino_sync_block_build_seconds{quantile=""0.99""}",0.0010182192324832598
1791661432.194,863.466,"zaino_sync_block_build_seconds{quantile=""0.999""}",0.0010346417702135984
1791661432.194,863.466,"zaino_sync_block_build_seconds{quantile=""1""}",0.113313115
1791661432.194,863.466,zaino_sync_block_build_seconds_sum,1776.6195878411327
1791661432.194,863.466,zaino_sync_block_build_seconds_count,3819860.0
1791661434.194,865.466,zaino_sync_iterations_total,1654.0
1791661434.194,865.466,"zaino_sync_iteration_duration_seconds{quantile=""0.5""}",7.69695986674883e-05
1791661434.194,865.466,zaino_sync_iteration_duration_seconds_sum,0.154908242
1791661434.194,865.466,zaino_sync_iteration_duration_seconds_count,1654.0
1791661434.194,865.466,"zaino_sync_block_build_seconds{quantile=""0.5""}",0.0003875366894560815
1791661434.194,865.466,"zaino_sync_block_build_seconds{quantile=""0.9""}",0.0008666286157391711
1791661434.194,865.466,"zaino_sync_block_build_seconds{quantile=""0.95""}",0.0009316996787929655
1791661434.194,865.466,"zaino_sync_block_build_seconds{quantile=""0.99""}",0.001020053677613162
1791661434.194,865.466,"zaino_sync_block_build_seconds{quantile=""0.999""}",0.001036298522099531
1791661434.194,865.466,zaino_sync_block_build_seconds_sum,1778.7288873661325
1791661434.194,865.466,zaino_sync_block_build_seconds_count,3820615.0
1791661436.194,867.466,"zaino_grpc_requests_total{method=""get_lightd_info""}",173.0
1791661436.194,867.466,"zaino_grpc_requests_total{method=""get_block""}",346.0
1791661436.194,867.466,zaino_sync_iterations_total,1658.0
1791661436.194,867.466,"zaino_grpc_request_duration_seconds{method=""get_block"",quantile=""0""}",9.977e-06
1791661436.194,867.466,"zaino_grpc_request_duration_seconds{method=""get_block"",quantile=""0.5""}",2.931239658468897e-05
1791661436.194,867.466,"zaino_grpc_request_duration_seconds{method=""get_block"",quantile=""0.99""}",0.00041863965042401884
1791661436.194,867.466,"zaino_grpc_request_duration_seconds{method=""get_block"",quantile=""0.999""}",0.00041863965042401884
1791661436.194,867.466,"zaino_grpc_request_duration_seconds{method=""get_block"",quantile=""1""}",0.000489471
1791661436.194,867.466,"zaino_grpc_request_duration_seconds_sum{method=""get_block""}",0.07077196900000006
1791661436.194,867.466,"zaino_grpc_request_duration_seconds_count{method=""get_block""}",346.0
1791661436.194,867.466,"zaino_grpc_request_duration_seconds{method=""get_lightd_info"",quantile=""0.5""}",0.0030430346409513697
1791661436.194,867.466,"zaino_grpc_request_duration_seconds{method=""get_lightd_info"",quantile=""0.95""}",0.0037873071626789113
1791661436.194,867.466,"zaino_grpc_request_duration_seconds{method=""get_lightd_info"",quantile=""0.99""}",0.0037873071626789113
1791661436.194,867.466,"zaino_grpc_request_duration_seconds{method=""get_lightd_info"",quantile=""0.999""}",0.0037873071626789113
1791661436.194,867.466,"zaino_grpc_request_duration_seconds_sum{method=""get_lightd_info""}",0.5554273870000002
1791661436.194,867.466,"zaino_grpc_request_duration_seconds_count{method=""get_lightd_info""}",173.0
1791661436.194,867.466,"zaino_sync_iteration_duration_seconds{quantile=""0.5""}",7.67390358878088e-05
1791661436.194,867.466,zaino_sync_iteration_duration_seconds_sum,0.15520941
1791661436.194,867.466,zaino_sync_iteration_duration_seconds_count,1658.0
1791661436.194,867.466,"zaino_sync_block_build_seconds{quantile=""0.5""}",0.0003872267840821613
1791661436.194,867.466,"zaino_sync_block_build_seconds{quantile=""0.95""}",0.0009318860373645812
1791661436.194,867.466,"zaino_sync_block_build_seconds{quantile=""0.99""}",0.001020870047062213
1791661436.194,867.466,"zaino_sync_block_build_seconds{quantile=""0.999""}",0.0010371278926239523
1791661436.194,867.466,zaino_sync_block_build_seconds_sum,1780.8918011631342
1791661436.194,867.466,zaino_sync_block_build_seconds_count,3821647.0
1791661438.195,869.466,zaino_sync_iterations_total,1660.0
1791661438.195,869.466,"zaino_sync_iteration_duration_seconds{quantile=""0.9""}",0.00015038678224182198
1791661438.195,869.466,"zaino_sync_iteration_duration_seconds{quantile=""0.95""}",0.0002021501068408503
1791661438.195,869.466,zaino_sync_iteration_duration_seconds_sum,0.155513803
1791661438.195,869.466,zaino_sync_iteration_duration_seconds_count,1660.0
1791661438.195,869.466,"zaino_sync_block_write_seconds{quantile=""1""}",11.341704094
1791661438.195,869.466,zaino_sync_block_write_seconds_sum,295.79647014600005
1791661438.195,869.466,zaino_sync_block_write_seconds_count,38.0
1791661438.195,869.466,"zaino_sync_block_build_seconds{quantile=""0.5""}",0.0003568125331046354
1791661438.195,869.466,"zaino_sync_block_build_seconds{quantile=""0.9""}",0.000653021810068923
1791661438.195,869.466,"zaino_sync_block_build_seconds{quantile=""0.95""}",0.0007186759270887702
1791661438.195,869.466,"zaino_sync_block_build_seconds{quantile=""0.99""}",0.000823868170038422
1791661438.195,869.466,"zaino_sync_block_build_seconds{quantile=""0.999""}",0.0008450624495145283
1791661438.195,869.466,"zaino_sync_block_build_seconds{quantile=""1""}",0.178900578
1791661438.195,869.466,zaino_sync_block_build_seconds_sum,1785.3540836751229
1791661438.195,869.466,zaino_sync_block_build_seconds_count,3827393.0
1791661440.195,871.467,zaino_sync_iterations_total,1664.0
1791661440.195,871.467,"zaino_sync_iteration_duration_seconds{quantile=""0.5""}",7.69695986674883e-05
1791661440.195,871.467,"zaino_sync_iteration_duration_seconds{quantile=""0.9""}",0.0001479701439829934
1791661440.195,871.467,zaino_sync_iteration_duration_seconds_sum,0.15583671599999996
1791661440.195,871.467,zaino_sync_iteration_duration_seconds_count,1664.0
1791661440.195,871.467,"zaino_sync_block_build_seconds{quantile=""0.5""}",0.0003224701346353994
1791661440.195,871.467,"zaino_sync_block_build_seconds{quantile=""0.9""}",0.00045605368247957035
1791661440.195,871.467,"zaino_sync_block_build_seconds{quantile=""0.95""}",0.0005057338423639532
1791661440.195,871.467,"zaino_sync_block_build_seconds{quantile=""0.99""}",0.0005873439114996158
1791661440.195,871.467,"zaino_sync_block_build_seconds{quantile=""0.999""}",0.0006353719201285198
1791661440.195,871.467,zaino_sync_block_build_seconds_sum,1789.6405902821164
1791661440.195,871.467,zaino_sync_block_build_seconds_count,3836782.0
1791661442.195,873.467,"zaino_grpc_requests_total{method=""get_block""}",348.0
1791661442.195,873.467,"zaino_grpc_requests_total{method=""get_lightd_info""}",174.0
1791661442.195,873.467,zaino_sync_iterations_total,1668.0
1791661442.195,873.467,zaino_sync_finalized_height,3840157.0
1791661442.195,873.467,"zaino_grpc_request_duration_seconds_sum{method=""get_block""}",0.07115727300000006
1791661442.195,873.467,"zaino_grpc_request_duration_seconds_count{method=""get_block""}",348.0
1791661442.195,873.467,"zaino_grpc_request_duration_seconds{method=""get_lightd_info"",quantile=""0.5""}",0.003018183784571367
1791661442.195,873.467,"zaino_grpc_request_duration_seconds_sum{method=""get_lightd_info""}",0.5584458670000002
1791661442.195,873.467,"zaino_grpc_request_duration_seconds_count{method=""get_lightd_info""}",174.0
1791661442.195,873.467,zaino_sync_iteration_duration_seconds_sum,0.15617634399999997
1791661442.195,873.467,zaino_sync_iteration_duration_seconds_count,1668.0
1791661442.195,873.467,"zaino_sync_block_build_seconds{quantile=""0.5""}",0.0003069271816105097
1791661442.195,873.467,"zaino_sync_block_build_seconds{quantile=""0.9""}",0.0004424867529751762
1791661442.195,873.467,"zaino_sync_block_build_seconds{quantile=""0.95""}",0.0004810689117422199
1791661442.195,873.467,"zaino_sync_block_build_seconds{quantile=""0.99""}",0.0005340078439233091
1791661442.195,873.467,"zaino_sync_block_build_seconds{quantile=""0.999""}",0.000550601065544597
1791661442.195,873.467,zaino_sync_block_build_seconds_sum,1793.2962769431097
1791661442.195,873.467,zaino_sync_block_build_seconds_count,3841927.0
1791661444.195,875.467,zaino_sync_iterations_total,1672.0
1791661444.195,875.467,"zaino_sync_iteration_duration_seconds{quantile=""0.5""}",7.67390358878088e-05
1791661444.195,875.467,zaino_sync_iteration_duration_seconds_sum,0.156446278
1791661444.195,875.467,zaino_sync_iteration_duration_seconds_count,1672.0
1791661444.195,875.467,"zaino_sync_block_build_seconds{quantile=""0.5""}",0.00025498648031574455
1791661444.195,875.467,"zaino_sync_block_build_seconds{quantile=""0.9""}",0.00042437204159386443
1791661444.195,875.467,"zaino_sync_block_build_seconds{quantile=""0.95""}",0.00044872513431376375
1791661444.195,875.467,"zaino_sync_block_build_seconds{quantile=""0.99""}",0.00048280388090099453
1791661444.195,875.467,"zaino_sync_block_build_seconds{quantile=""0.999""}",0.0004926556875835383
1791661444.195,875.467,zaino_sync_block_build_seconds_sum,1796.4299204001127
1791661444.195,875.467,zaino_sync_block_build_seconds_count,3847478.0
1791661446.195,877.467,"zaino_grpc_requests_total{method=""get_block""}",350.0
1791661446.195,877.467,"zaino_grpc_requests_total{method=""get_lightd_info""}",175.0
1791661446.195,877.467,zaino_sync_iterations_total,1676.0
1791661446.195,877.467,"zaino_grpc_request_duration_seconds{method=""get_block"",quantile=""0.99""}",0.00048212842839256135
1791661446.195,877.467,"zaino_grpc_request_duration_seconds{method=""get_block"",quantile=""0.999""}",0.00048212842839256135
1791661446.195,877.467,"zaino_grpc_request_duration_seconds_sum{method=""get_block""}",0.07165437400000006
1791661446.195,877.467,"zaino_grpc_request_duration_seconds_count{method=""get_block""}",350.0
1791661446.195,877.467,"zaino_grpc_request_duration_seconds_sum{method=""get_lightd_info""}",0.5612237100000002
1791661446.195,877.467,"zaino_grpc_request_duration_seconds_count{method=""get_lightd_info""}",175.0
1791661446.195,877.467,"zaino_sync_iteration_duration_seconds{quantile=""0.9""}",0.0001342374871212914
1791661446.195,877.467,"zaino_sync_iteration_duration_seconds{quantile=""0.95""}",0.00016103319499916074
1791661446.195,877.467,"zaino_sync_iteration_duration_seconds{quantile=""0.99""}",0.0002545279174800119
1791661446.195,877.467,zaino_sync_iteration_duration_seconds_sum,0.156764684
1791661446.195,877.467,zaino_sync_iteration_duration_seconds_count,1676.0
1791661446.195,877.467,"zaino_sync_block_write_seconds{quantile=""0""}",11.341704094
1791661446.195,877.467,"zaino_sync_block_write_seconds{quantile=""0.5""}",11.341856564339865
1791661446.195,877.467,"zaino_sync_block_write_seconds{quantile=""0.9""}",11.341856564339865
1791661446.195,877.467,"zaino_sync_block_write_seconds{quantile=""0.95""}",11.341856564339865
1791661446.195,877.467,"zaino_sync_block_write_seconds{quantile=""0.99""}",11.341856564339865
1791661446.195,877.467,"zaino_sync_block_write_seconds{quantile=""0.999""}",11.341856564339865
1791661446.195,877.467,"zaino_sync_block_build_seconds{quantile=""0.9""}",0.0003941023025886474
1791661446.195,877.467,"zaino_sync_block_build_seconds{quantile=""0.95""}",0.0004072431906177406
1791661446.195,877.467,"zaino_sync_block_build_seconds{quantile=""0.99""}",0.00042014946921379567
1791661446.195,877.467,"zaino_sync_block_build_seconds{quantile=""0.999""}",0.0004234394493268886
1791661446.195,877.467,zaino_sync_block_build_seconds_sum,1800.0675558291184
1791661446.195,877.467,zaino_sync_block_build_seconds_count,3859592.0
1791661448.196,879.467,zaino_sync_iterations_total,1680.0
1791661448.196,879.467,"zaino_sync_iteration_duration_seconds{quantile=""0.5""}",7.626472574454007e-05
1791661448.196,879.467,zaino_sync_iteration_duration_seconds_sum,0.15703082999999998
1791661448.196,879.467,zaino_sync_iteration_duration_seconds_count,1680.0
1791661448.196,879.467,"zaino_sync_block_build_seconds{quantile=""0.9""}",0.0003844487641004799
1791661448.196,879.467,"zaino_sync_block_build_seconds{quantile=""0.95""}",0.00039710889066132266
1791661448.196,879.467,"zaino_sync_block_build_seconds{quantile=""0.99""}",0.0004079768884932878
1791661448.196,879.467,"zaino_sync_block_build_seconds{quantile=""0.999""}",0.00041076058518657517
1791661448.196,879.467,zaino_sync_block_build_seconds_sum,1803.3678081881133
1791661448.196,879.467,zaino_sync_block_build_seconds_count,3867244.0
1791661450.196,881.467,zaino_sync_iterations_total,1684.0
1791661450.196,881.467,"zaino_sync_iteration_duration_seconds{quantile=""0.5""}",7.663167640638036e-05
1791661450.196,881.467,"zaino_sync_iteration_duration_seconds{quantile=""0.95""}",0.0002021501068408503
1791661450.196,881.467,"zaino_sync_iteration_duration_seconds{quantile=""0.99""}",0.00027860932331914476
1791661450.196,881.467,"zaino_sync_iteration_duration_seconds{quantile=""0.999""}",0.00031181514431612893
1791661450.196,881.467,zaino_sync_iteration_duration_seconds_sum,0.15757749499999998
1791661450.196,881.467,zaino_sync_iteration_duration_seconds_count,1684.0
1791661450.196,881.467,"zaino_sync_block_build_seconds{quantile=""0.9""}",0.00037743958897985553
1791661450.196,881.467,"zaino_sync_block_build_seconds{quantile=""0.95""}",0.000389946880811303
1791661450.196,881.467,"zaino_sync_block_build_seconds{quantile=""0.99""}",0.00040037857094371414
1791661450.196,881.467,"zaino_sync_block_build_seconds{quantile=""0.999""}",0.0004028686292962765
1791661450.196,881.467,zaino_sync_block_build_seconds_sum,1806.9981649811089
1791661450.196,881.467,zaino_sync_block_build_seconds_count,3874529.0
1791661452.196,883.468,"zaino_grpc_requests_total{method=""get_lightd_info""}",176.0
1791661452.196,883.468,"zaino_grpc_requests_total{method=""get_block""}",352.0
1791661452.196,883.468,zaino_sync_iterations_total,1688.0
1791661452.196,883.468,zaino_sync_finalized_height,3880174.0
1791661452.196,883.468,"zaino_grpc_request_duration_seconds{method=""get_block"",quantile=""0.9""}",0.00041863965042401884
1791661452.196,883.468,"zaino_grpc_request_duration_seconds{method=""get_block"",quantile=""0.95""}",0.00048212842839256135
1791661452.196,883.468,"zaino_grpc_request_duration_seconds{method=""get_block"",quantile=""0.99""}",0.0004895127592709821
1791661452.196,883.468,"zaino_grpc_request_duration_seconds{method=""get_block"",quantile=""0.999""}",0.0004895127592709821
1791661452.196,883.468,"zaino_grpc_request_duration_seconds{method=""get_block"",quantile=""1""}",0.000653299
1791661452.196,883.468,"zaino_grpc_request_duration_seconds_sum{method=""get_block""}",0.07232159200000006
1791661452.196,883.468,"zaino_grpc_request_duration_seconds_count{method=""get_block""}",352.0
1791661452.196,883.468,"zaino_grpc_request_duration_seconds{method=""get_lightd_info"",quantile=""0.9""}",0.003167223240965148
1791661452.196,883.468,"zaino_grpc_request_duration_seconds_sum{method=""get_lightd_info""}",0.5643558430000002
1791661452.196,883.468,"zaino_grpc_request_duration_seconds_count{method=""get_lightd_info""}",176.0
1791661452.196,883.468,"zaino_sync_iteration_duration_seconds{quantile=""0""}",5.6999e-05
1791661452.196,883.468,"zaino_sync_iteration_duration_seconds{quantile=""0.5""}",7.479944919837808e-05
1791661452.196,883.468,"zaino_sync_iteration_duration_seconds{quantile=""0.9""}",0.0001024331634861975
1791661452.196,883.468,"zaino_sync_iteration_duration_seconds{quantile=""0.95""}",0.0001342374871212914
1791661452.196,883.468,"zaino_sync_iteration_duration_seconds{quantile=""0.99""}",0.00024182408134194088
1791661452.196,883.468,"zaino_sync_iteration_duration_seconds{quantile=""0.999""}",0.00024182408134194088
1791661452.196,883.468,"zaino_sync_iteration_duration_seconds{quantile=""1""}",0.000311833
1791661452.196,883.468,zaino_sync_iteration_duration_seconds_sum,0.15786002899999996
1791661452.196,883.468,zaino_sync_iteration_duration_seconds_count,1688.0
1791661452.196,883.468,"zaino_sync_block_build_seconds{quantile=""0.5""}",0.00031057037493317275
1791661452.196,883.468,"zaino_sync_block_build_seconds{quantile=""0.9""}",0.0004608213898989724
1791661452.196,883.468,"zaino_sync_block_build_seconds{quantile=""0.95""}",0.0005024069896835734
1791661452.196,883.468,"zaino_sync_block_build_seconds{quantile=""0.99""}",0.0005630737014584835
1791661452.196,883.468,"zaino_sync_block_build_seconds{quantile=""0.999""}",0.0006074139555792143
1791661452.196,883.468,zaino_sync_block_build_seconds_sum,1810.8203551281063
1791661452.196,883.468,zaino_sync_block_build_seconds_count,3881739.0
1791661454.196,885.468,zaino_sync_iterations_total,1692.0
1791661454.196,885.468,"zaino_sync_iteration_duration_seconds{quantile=""0.9""}",0.00010196305301563741
1791661454.196,885.468,"zaino_sync_iteration_duration_seconds{quantile=""0.95""}",0.00012964637129559282
1791661454.196,885.468,zaino_sync_iteration_duration_seconds_sum,0.15815914399999995
1791661454.196,885.468,zaino_sync_iteration_duration_seconds_count,1692.0
1791661454.196,885.468,"zaino_sync_block_build_seconds{quantile=""0.5""}",0.0002635941278127768
1791661454.196,885.468,"zaino_sync_block_build_seconds{quantile=""0.9""}",0.00044666573892983806
1791661454.196,885.468,"zaino_sync_block_build_seconds{quantile=""0.95""}",0.0004769494581275826
1791661454.196,885.468,"zaino_sync_block_build_seconds{quantile=""0.99""}",0.0005153315746321658
1791661454.196,885.468,"zaino_sync_block_build_seconds{quantile=""0.999""}",0.000526162724887013
1791661454.196,885.468,zaino_sync_block_build_seconds_sum,1814.183273418111
1791661454.196,885.468,zaino_sync_block_build_seconds_count,3888829.0
1791661456.196,887.468,"zaino_grpc_requests_total{method=""get_lightd_info""}",177.0
1791661456.196,887.468,"zaino_grpc_requests_total{method=""get_block""}",354.0
1791661456.196,887.468,zaino_sync_iterations_total,1696.0
1791661456.196,887.468,"zaino_grpc_request_duration_seconds{method=""get_block"",quantile=""0.99""}",0.00048212842839256135
1791661456.196,887.468,"zaino_grpc_request_duration_seconds{method=""get_block"",quantile=""0.999""}",0.00048212842839256135
1791661456.196,887.468,"zaino_grpc_request_duration_seconds_sum{method=""get_block""}",0.07263633700000006
1791661456.196,887.468,"zaino_grpc_request_duration_seconds_count{method=""get_block""}",354.0
1791661456.196,887.468,"zaino_grpc_request_duration_seconds{method=""get_lightd_info"",quantile=""0.9""}",0.0031501663305135725
1791661456.196,887.468,"zaino_grpc_request_duration_seconds{method=""get_lightd_info"",quantile=""0.95""}",0.0031501663305135725
1791661456.196,887.468,"zaino_grpc_request_duration_seconds{method=""get_lightd_info"",quantile=""0.99""}",0.0031501663305135725
1791661456.196,887.468,"zaino_grpc_request_duration_seconds{method=""get_lightd_info"",quantile=""0.999""}",0.0031501663305135725
1791661456.196,887.468,"zaino_grpc_request_duration_seconds{method=""get_lightd_info"",quantile=""1""}",0.003787154
1791661456.196,887.468,"zaino_grpc_request_duration_seconds_sum{method=""get_lightd_info""}",0.5675063060000002
1791661456.196,887.468,"zaino_grpc_request_duration_seconds_count{method=""get_lightd_info""}",177.0
1791661456.196,887.468,"zaino_sync_iteration_duration_seconds{quantile=""0.5""}",7.491922411187362e-05
1791661456.196,887.468,"zaino_sync_iteration_duration_seconds{quantile=""0.9""}",0.00010441888212982826
1791661456.196,887.468,"zaino_sync_iteration_duration_seconds{quantile=""0.95""}",0.0001342374871212914
1791661456.196,887.468,zaino_sync_iteration_duration_seconds_sum,0.15859968399999994
1791661456.196,887.468,zaino_sync_iteration_duration_seconds_count,1696.0
1791661456.196,887.468,"zaino_sync_block_build_seconds{quantile=""0.5""}",0.00025498648031574455
1791661456.196,887.468,"zaino_sync_block_build_seconds{quantile=""0.9""}",0.0004234394493268886
1791661456.196,887.468,"zaino_sync_block_build_seconds{quantile=""0.95""}",0.00044381620642161264
1791661456.196,887.468,"zaino_sync_block_build_seconds{quantile=""0.99""}",0.000466757815783347
1791661456.196,887.468,"zaino_sync_block_build_seconds{quantile=""0.999""}",0.0004730544638593796
1791661456.196,887.468,zaino_sync_block_build_seconds_sum,1817.7054163951198
1791661456.196,887.468,zaino_sync_block_build_seconds_count,3899130.0
1791661458.196,889.468,zaino_sync_sapling_outputs_total,349546.0
1791661458.196,889.468,zaino_sync_transactions_total,4365505.0
1791661458.196,889.468,zaino_sync_iterations_total,1700.0
1791661458.196,889.468,zaino_sync_orchard_actions_total,124483.0
1791661458.196,889.468,zaino_db_tip_height,3799999.0
1791661458.196,889.468,zaino_sync_last_block_written_at,1791661456.379937
1791661458.196,889.468,"zaino_sync_iteration_duration_seconds{quantile=""0.95""}",0.0001479701439829934
1791661458.196,889.468,"zaino_sync_iteration_duration_seconds{quantile=""0.99""}",0.00031181514431612893
1791661458.196,889.468,"zaino_sync_iteration_duration_seconds{quantile=""0.999""}",0.00031181514431612893
1791661458.196,889.468,"zaino_sync_iteration_duration_seconds{quantile=""1""}",0.000341622
1791661458.196,889.468,zaino_sync_iteration_duration_seconds_sum,0.15915063099999993
1791661458.196,889.468,zaino_sync_iteration_duration_seconds_count,1700.0
1791661458.196,889.468,"zaino_sync_block_build_seconds{quantile=""0.9""}",0.0004183048726315354
1791661458.196,889.468,"zaino_sync_block_build_seconds{quantile=""0.95""}",0.00043642237620497267
1791661458.196,889.468,"zaino_sync_block_build_seconds{quantile=""0.99""}",0.00045632739679605426
1791661458.196,889.468,"zaino_sync_block_build_seconds{quantile=""0.999""}",0.0004617439549393642
1791661458.196,889.468,zaino_sync_block_build_seconds_sum,1821.499713531121
1791661458.196,889.468,zaino_sync_block_build_seconds_count,3906903.0
1791661460.197,891.468,zaino_sync_iterations_total,1704.0
1791661460.197,891.468,"zaino_sync_iteration_duration_seconds{quantile=""0.9""}",0.00010907225173106891
1791661460.197,891.468,"zaino_sync_iteration_duration_seconds{quantile=""0.95""}",0.00016158163969162812
1791661460.197,891.468,zaino_sync_iteration_duration_seconds_sum,0.1595376819999999
1791661460.197,891.468,zaino_sync_iteration_duration_seconds_count,1704.0
1791661460.197,891.468,"zaino_sync_block_build_seconds{quantile=""0""}",0.000121298
1791661460.197,891.468,"zaino_sync_block_build_seconds{quantile=""0.9""}",0.0004065108122104962
1791661460.197,891.468,"zaino_sync_block_build_seconds{quantile=""0.95""}",0.00042242441317571957
1791661460.197,891.468,"zaino_sync_block_build_seconds{quantile=""0.99""}",0.00043729609438723777
1791661460.197,891.468,"zaino_sync_block_build_seconds{quantile=""0.999""}",0.00044133778172349164
1791661460.197,891.468,zaino_sync_block_build_seconds_sum,1825.4749703311147
1791661460.197,891.468,zaino_sync_block_build_seconds_count,3916923.0
1791661462.197,893.469,zaino_sync_iterations_total,1708.0
1791661462.197,893.469,"zaino_grpc_requests_total{method=""get_block""}",356.0
1791661462.197,893.469,"zaino_grpc_requests_total{method=""get_lightd_info""}",178.0
1791661462.197,893.469,zaino_sync_finalized_height,3920030.0
1791661462.197,893.469,"zaino_grpc_request_duration_seconds_sum{method=""get_block""}",0.07297082100000006
1791661462.197,893.469,"zaino_grpc_request_duration_seconds_count{method=""get_block""}",356.0
1791661462.197,893.469,"zaino_grpc_request_duration_seconds{method=""get_lightd_info"",quantile=""0.5""}",0.003005533995785637
1791661462.197,893.469,"zaino_grpc_request_duration_seconds_sum{method=""get_lightd_info""}",0.5705120880000002
1791661462.197,893.469,"zaino_grpc_request_duration_seconds_count{method=""get_lightd_info""}",178.0
1791661462.197,893.469,"zaino_sync_iteration_duration_seconds{quantile=""0""}",5.1598e-05
1791661462.197,893.469,"zaino_sync_iteration_duration_seconds{quantile=""0.5""}",7.532488221455843e-05
1791661462.197,893.469,"zaino_sync_iteration_duration_seconds{quantile=""0.9""}",0.00011600235849555866
1791661462.197,893.469,"zaino_sync_iteration_duration_seconds{quantile=""0.95""}",0.00017112777916877386
1791661462.197,893.469,zaino_sync_iteration_duration_seconds_sum,0.15996680799999993
1791661462.197,893.469,zaino_sync_iteration_duration_seconds_count,1708.0
1791661462.197,893.469,"zaino_sync_block_build_seconds{quantile=""0.9""}",0.0004039174506128186
1791661462.197,893.469,"zaino_sync_block_build_seconds{quantile=""0.95""}",0.000419393880400633
1791661462.197,893.469,"zaino_sync_block_build_seconds{quantile=""0.99""}",0.00043355147291467954
1791661462.197,893.469,"zaino_sync_block_build_seconds{quantile=""0.999""}",0.00043729609438723777
1791661462.197,893.469,zaino_sync_block_build_seconds_sum,1829.2940097211135
1791661462.197,893.469,zaino_sync_block_build_seconds_count,3920185.0
1791661464.197,895.469,zaino_sync_iterations_total,1712.0
1791661464.197,895.469,"zaino_sync_iteration_duration_seconds{quantile=""0.5""}",7.491922411187362e-05
1791661464.197,895.469,"zaino_sync_iteration_duration_seconds{quantile=""0.95""}",0.00016158163969162812
1791661464.197,895.469,"zaino_sync_iteration_duration_seconds{quantile=""0.99""}",0.00024182408134194088
1791661464.197,895.469,zaino_sync_iteration_duration_seconds_sum,0.16029578999999994
1791661464.197,895.469,zaino_sync_iteration_duration_seconds_count,1712.0
1791661464.197,895.469,"zaino_sync_block_build_seconds{quantile=""0.9""}",0.00040440244249209895
1791661464.197,895.469,"zaino_sync_block_build_seconds{quantile=""0.95""}",0.0004200654477221021
1791661464.197,895.469,"zaino_sync_block_build_seconds{quantile=""0.99""}",0.00043450633612267524
1791661464.197,895.469,"zaino_sync_block_build_seconds{quantile=""0.999""}",0.0004382592048311341
1791661464.197,895.469,zaino_sync_block_build_seconds_sum,1834.2283579521138
1791661464.197,895.469,zaino_sync_block_build_seconds_count,3921004.0
1791661466.197,897.469,"zaino_grpc_requests_total{method=""get_lightd_info""}",179.0
1791661466.197,897.469,"zaino_grpc_requests_total{method=""get_block""}",358.0
1791661466.197,897.469,zaino_sync_iterations_total,1716.0
1791661466.197,897.469,"zaino_grpc_request_duration_seconds{method=""get_block"",quantile=""0.9""}",0.0003684151865820957
1791661466.197,897.469,"zaino_grpc_request_duration_seconds{method=""get_block"",quantile=""0.95""}",0.00041863965042401884
1791661466.197,897.469,"zaino_grpc_request_duration_seconds_sum{method=""get_block""}",0.07335344800000007
1791661466.197,897.469,"zaino_grpc_request_duration_seconds_count{method=""get_block""}",358.0
1791661466.197,897.469,"zaino_grpc_request_duration_seconds_sum{method=""get_lightd_info""}",0.5732146670000002
1791661466.197,897.469,"zaino_grpc_request_duration_seconds_count{method=""get_lightd_info""}",179.0
1791661466.197,897.469,"zaino_sync_iteration_duration_seconds{quantile=""0.9""}",0.00012964637129559282
1791661466.197,897.469,zaino_sync_iteration_duration_seconds_sum,0.16063346999999994
1791661466.197,897.469,zaino_sync_iteration_duration_seconds_count,1716.0
1791661466.197,897.469,"zaino_sync_block_build_seconds{quantile=""0.9""}",0.00040472609389046956
1791661466.197,897.469,"zaino_sync_block_build_seconds{quantile=""0.95""}",0.00042040163453819704
1791661466.197,897.469,"zaino_sync_block_build_seconds{quantile=""0.99""}",0.0004349410597858518
1791661466.197,897.469,"zaino_sync_block_build_seconds{quantile=""0.999""}",0.00043878543155157027
1791661466.197,897.469,zaino_sync_block_build_seconds_sum,1838.164930302113
1791661466.197,897.469,zaino_sync_block_build_seconds_count,3921715.0
1791661468.197,899.469,zaino_sync_iterations_total,1719.0
1791661468.197,899.469,zaino_sync_iteration_duration_seconds_sum,0.16086527499999995
1791661468.197,899.469,zaino_sync_iteration_duration_seconds_count,1719.0
1791661468.197,899.469,"zaino_sync_block_build_seconds{quantile=""0.9""}",0.00040432157009084066
1791661468.197,899.469,"zaino_sync_block_build_seconds{quantile=""0.95""}",0.0004199814430330266
1791661468.197,899.469,"zaino_sync_block_build_seconds{quantile=""0.99""}",0.00043450633612267524
1791661468.197,899.469,"zaino_sync_block_build_seconds{quantile=""0.999""}",0.00043834686543816096
1791661468.197,899.469,zaino_sync_block_build_seconds_sum,1843.4033542331108
1791661468.197,899.469,zaino_sync_block_build_seconds_count,3923728.0
1791661470.197,901.469,zaino_sync_iterations_total,1721.0
1791661470.197,901.469,"zaino_sync_iteration_duration_seconds{quantile=""0.5""}",7.532488221455843e-05
1791661470.197,901.469,"zaino_sync_iteration_duration_seconds{quantile=""0.9""}",0.00011600235849555866
1791661470.197,901.469,zaino_sync_iteration_duration_seconds_sum,0.16103610199999996
1791661470.197,901.469,zaino_sync_iteration_duration_seconds_count,1721.0
1791661470.197,901.469,"zaino_sync_block_write_seconds{quantile=""1""}",12.858328584
1791661470.197,901.469,zaino_sync_block_write_seconds_sum,308.65479873000004
1791661470.197,901.469,zaino_sync_block_write_seconds_count,39.0
1791661470.197,901.469,"zaino_sync_block_build_seconds{quantile=""0.9""}",0.0004032716994283934
1791661470.197,901.469,"zaino_sync_block_build_seconds{quantile=""0.95""}",0.0004188909095853213
1791661470.197,901.469,"zaino_sync_block_build_seconds{quantile=""0.99""}",0.0004333780870044297
1791661470.197,901.469,"zaino_sync_block_build_seconds{quantile=""0.999""}",0.00043729609438723777
1791661470.197,901.469,zaino_sync_block_build_seconds_sum,1846.0966805971154
1791661470.197,901.469,zaino_sync_block_build_seconds_count,3927319.0
1791661472.198,903.469,"zaino_grpc_requests_total{method=""get_block""}",360.0
1791661472.198,903.469,"zaino_grpc_requests_total{method=""get_lightd_info""}",180.0
1791661472.198,903.469,zaino_sync_iterations_total,1725.0
1791661472.198,903.469,zaino_sync_finalized_height,3936284.0
1791661472.198,903.469,"zaino_grpc_request_duration_seconds_sum{method=""get_block""}",0.07369059700000007
1791661472.198,903.469,"zaino_grpc_request_duration_seconds_count{method=""get_block""}",360.0
1791661472.198,903.469,"zaino_grpc_request_duration_seconds{method=""get_lightd_info"",quantile=""0.95""}",0.0032170193232717264
1791661472.198,903.469,"zaino_grpc_request_duration_seconds{method=""get_lightd_info"",quantile=""0.99""}",0.0032170193232717264
1791661472.198,903.469,"zaino_grpc_request_duration_seconds{method=""get_lightd_info"",quantile=""0.999""}",0.0032170193232717264
1791661472.198,903.469,"zaino_grpc_request_duration_seconds_sum{method=""get_lightd_info""}",0.5764313760000003
1791661472.198,903.469,"zaino_grpc_request_duration_seconds_count{method=""get_lightd_info""}",180.0
1791661472.198,903.469,"zaino_sync_iteration_duration_seconds{quantile=""0""}",5.1168e-05
1791661472.198,903.469,"zaino_sync_iteration_duration_seconds{quantile=""0.5""}",7.571759176330484e-05
1791661472.198,903.469,"zaino_sync_iteration_duration_seconds{quantile=""0.9""}",0.0001479701439829934
1791661472.198,903.469,"zaino_sync_iteration_duration_seconds{quantile=""0.95""}",0.0002161149678893994
1791661472.198,903.469,"zaino_sync_iteration_duration_seconds{quantile=""0.99""}",0.00034158977416696697
1791661472.198,903.469,"zaino_sync_iteration_duration_seconds{quantile=""0.999""}",0.00034158977416696697
1791661472.198,903.469,"zaino_sync_iteration_duration_seconds{quantile=""1""}",0.001785902
1791661472.198,903.469,zaino_sync_iteration_duration_seconds_sum,0.16305267599999995
1791661472.198,903.469,zaino_sync_iteration_duration_seconds_count,1725.0
1791661472.198,903.469,"zaino_sync_block_build_seconds{quantile=""0.5""}",0.000378043975704682
1791661472.198,903.469,"zaino_sync_block_build_seconds{quantile=""0.9""}",0.0007963274966467363
1791661472.198,903.469,"zaino_sync_block_build_seconds{quantile=""0.95""}",0.001076005153472245
1791661472.198,903.469,"zaino_sync_block_build_seconds{quantile=""0.99""}",0.008776303086355342
1791661472.198,903.469,"zaino_sync_block_build_seconds{quantile=""0.999""}",0.031856940249193784
1791661472.198,903.469,zaino_sync_block_build_seconds_sum,1849.987604304126
1791661472.198,903.469,zaino_sync_block_build_seconds_count,3939618.0
1791661474.198,905.470,zaino_sync_iterations_total,1729.0
1791661474.198,905.470,zaino_sync_iteration_duration_seconds_sum,0.16339554899999995
1791661474.198,905.470,zaino_sync_iteration_duration_seconds_count,1729.0
1791661474.198,905.470,"zaino_sync_block_build_seconds{quantile=""0.5""}",0.00036848887698845276
1791661474.198,905.470,"zaino_sync_block_build_seconds{quantile=""0.9""}",0.0007672483393316993
1791661474.198,905.470,"zaino_sync_block_build_seconds{quantile=""0.95""}",0.0010570217154985226
1791661474.198,905.470,"zaino_sync_block_build_seconds{quantile=""0.99""}",0.008537389296727291
1791661474.198,905.470,"zaino_sync_block_build_seconds{quantile=""0.999""}",0.03153995839642016
1791661474.198,905.470,zaino_sync_block_build_seconds_sum,1853.3095057511255
1791661474.198,905.470,zaino_sync_block_build_seconds_count,3950703.0
1791661476.198,907.470,"zaino_grpc_requests_total{method=""get_block""}",362.0
1791661476.198,907.470,"zaino_grpc_requests_total{method=""get_lightd_info""}",181.0
1791661476.198,907.470,zaino_sync_iterations_total,1733.0
1791661476.198,907.470,"zaino_grpc_request_duration_seconds{method=""get_block"",quantile=""0.5""}",1.7260325021839562e-05
1791661476.198,907.470,"zaino_grpc_request_duration_seconds{method=""get_block"",quantile=""0.95""}",0.00048212842839256135
1791661476.198,907.470,"zaino_grpc_request_duration_seconds_sum{method=""get_block""}",0.07401330300000007
1791661476.198,907.470,"zaino_grpc_request_duration_seconds_count{method=""get_block""}",362.0
1791661476.198,907.470,"zaino_grpc_request_duration_seconds{method=""get_lightd_info"",quantile=""0""}",0.002635487
1791661476.198,907.470,"zaino_grpc_request_duration_seconds{method=""get_lightd_info"",quantile=""0.95""}",0.0031501663305135725
1791661476.198,907.470,"zaino_grpc_request_duration_seconds{method=""get_lightd_info"",quantile=""0.99""}",0.0031501663305135725
1791661476.198,907.470,"zaino_grpc_request_duration_seconds{method=""get_lightd_info"",quantile=""0.999""}",0.0031501663305135725
1791661476.198,907.470,"zaino_grpc_request_duration_seconds{method=""get_lightd_info"",quantile=""1""}",0.003216709
1791661476.198,907.470,"zaino_grpc_request_duration_seconds_sum{method=""get_lightd_info""}",0.5791511510000003
1791661476.198,907.470,"zaino_grpc_request_duration_seconds_count{method=""get_lightd_info""}",181.0
1791661476.198,907.470,"zaino_sync_iteration_duration_seconds{quantile=""0.5""}",7.532488221455843e-05
1791661476.198,907.470,"zaino_sync_iteration_duration_seconds{quantile=""0.9""}",0.00013653903211385357
1791661476.198,907.470,"zaino_sync_iteration_duration_seconds{quantile=""0.95""}",0.0002021501068408503
1791661476.198,907.470,zaino_sync_iteration_duration_seconds_sum,0.16368762699999997
1791661476.198,907.470,zaino_sync_iteration_duration_seconds_count,1733.0
1791661476.198,907.470,"zaino_sync_block_build_seconds{quantile=""0.5""}",0.0003611200770897564
1791661476.198,907.470,"zaino_sync_block_build_seconds{quantile=""0.9""}",0.0007769768292184123
1791661476.198,907.470,"zaino_sync_block_build_seconds{quantile=""0.95""}",0.0010338143877917658
1791661476.198,907.470,"zaino_sync_block_build_seconds{quantile=""0.99""}",0.00828507131034533
1791661476.198,907.470,"zaino_sync_block_build_seconds{quantile=""0.999""}",0.030761234046426385
1791661476.198,907.470,zaino_sync_block_build_seconds_sum,1856.9449039931224
1791661476.198,907.470,zaino_sync_block_build_seconds_count,3961269.0
1791661478.198,909.470,zaino_sync_iterations_total,1737.0
1791661478.198,909.470,"zaino_sync_iteration_duration_seconds{quantile=""0.5""}",7.479944919837808e-05
1791661478.198,909.470,zaino_sync_iteration_duration_seconds_sum,0.16395242
1791661478.198,909.470,zaino_sync_iteration_duration_seconds_count,1737.0
1791661478.198,909.470,"zaino_sync_block_build_seconds{quantile=""0.5""}",0.000366138078746318
1791661478.198,909.470,"zaino_sync_block_build_seconds{quantile=""0.9""}",0.0008763894147095476
1791661478.198,909.470,"zaino_sync_block_build_seconds{quantile=""0.95""}",0.0010682857395793667
1791661478.198,909.470,"zaino_sync_block_build_seconds{quantile=""0.99""}",0.008080512170167996
1791661478.198,909.470,"zaino_sync_block_build_seconds{quantile=""0.999""}",0.03004977767042598
1791661478.198,909.470,zaino_sync_block_build_seconds_sum,1861.8145234361252
1791661478.198,909.470,zaino_sync_block_build_seconds_count,3967166.0
1791661480.198,911.470,zaino_sync_iterations_total,1741.0
1791661480.198,911.470,"zaino_sync_iteration_duration_seconds{quantile=""0.9""}",0.00012977608251211984
1791661480.198,911.470,zaino_sync_iteration_duration_seconds_sum,0.16424721199999998
1791661480.198,911.470,zaino_sync_iteration_duration_seconds_count,1741.0
1791661480.198,911.470,"zaino_sync_block_build_seconds{quantile=""0.5""}",0.00036643110640572767
1791661480.198,911.470,"zaino_sync_block_build_seconds{quantile=""0.9""}",0.0008662820336127667
1791661480.198,911.470,"zaino_sync_block_build_seconds{quantile=""0.95""}",0.0010638083485611106
1791661480.198,911.470,"zaino_sync_block_build_seconds{quantile=""0.99""}",0.007646555291514526
1791661480.198,911.470,"zaino_sync_block_build_seconds{quantile=""0.999""}",0.029513720657152163
1791661480.198,911.470,zaino_sync_block_build_seconds_sum,1865.4059315801169
1791661480.198,911.470,zaino_sync_block_build_seconds_count,3976242.0
1791661482.198,913.470,zaino_sync_iterations_total,1745.0
1791661482.198,913.470,"zaino_grpc_requests_total{method=""get_block""}",364.0
1791661482.198,913.470,"zaino_grpc_requests_total{method=""get_lightd_info""}",182.0
1791661482.198,913.470,zaino_sync_finalized_height,3984821.0
1791661482.198,913.470,"zaino_grpc_request_duration_seconds{method=""get_block"",quantile=""0.9""}",0.00046054497999537523
1791661482.198,913.470,"zaino_grpc_request_duration_seconds_sum{method=""get_block""}",0.07448658400000006
1791661482.198,913.470,"zaino_grpc_request_duration_seconds_count{method=""get_block""}",364.0
1791661482.198,913.470,"zaino_grpc_request_duration_seconds{method=""get_lightd_info"",quantile=""0.9""}",0.00316595660500862
1791661482.198,913.470,"zaino_grpc_request_duration_seconds{method=""get_lightd_info"",quantile=""0.95""}",0.00316595660500862
1791661482.198,913.470,"zaino_grpc_request_duration_seconds{method=""get_lightd_info"",quantile=""0.99""}",0.00316595660500862
1791661482.198,913.470,"zaino_grpc_request_duration_seconds{method=""get_lightd_info"",quantile=""0.999""}",0.00316595660500862
1791661482.198,913.470,"zaino_grpc_request_duration_seconds_sum{method=""get_lightd_info""}",0.5823172900000002
1791661482.198,913.470,"zaino_grpc_request_duration_seconds_count{method=""get_lightd_info""}",182.0
1791661482.198,913.470,"zaino_sync_iteration_duration_seconds{quantile=""0""}",4.5147e-05
1791661482.198,913.470,zaino_sync_iteration_duration_seconds_sum,0.16456642199999996
1791661482.198,913.470,zaino_sync_iteration_duration_seconds_count,1745.0
1791661482.198,913.470,"zaino_sync_block_build_seconds{quantile=""0.5""}",0.00036097565794419395
1791661482.198,913.470,"zaino_sync_block_build_seconds{quantile=""0.9""}",0.0008515093915006249
1791661482.198,913.470,"zaino_sync_block_build_seconds{quantile=""0.95""}",0.0010553318330145875
1791661482.198,913.470,"zaino_sync_block_build_seconds{quantile=""0.99""}",0.006011385515092292
1791661482.198,913.470,"zaino_sync_block_build_seconds{quantile=""0.999""}",0.028750502983017564
1791661482.198,913.470,zaino_sync_block_build_seconds_sum,1868.8465724221048
1791661482.198,913.470,zaino_sync_block_build_seconds_count,3987414.0
1791661484.199,915.470,zaino_sync_iterations_total,1749.0
1791661484.199,915.470,"zaino_sync_iteration_duration_seconds{quantile=""0.9""}",0.00013653903211385357
1791661484.199,915.470,zaino_sync_iteration_duration_seconds_sum,0.16496629999999995
1791661484.199,915.470,zaino_sync_iteration_duration_seconds_count,1749.0
1791661484.199,915.470,"zaino_sync_block_build_seconds{quantile=""0.5""}",0.00035881628857554093
1791661484.199,915.470,"zaino_sync_block_build_seconds{quantile=""0.9""}",0.0008163233422727519
1791661484.199,915.470,"zaino_sync_block_build_seconds{quantile=""0.95""}",0.0010458764594904817
1791661484.199,915.470,"zaino_sync_block_build_seconds{quantile=""0.99""}",0.004255682955745875
1791661484.199,915.470,"zaino_sync_block_build_seconds{quantile=""0.999""}",0.02766187916768591
1791661484.199,915.470,zaino_sync_block_build_seconds_sum,1872.683282962108
1791661484.199,915.470,zaino_sync_block_build_seconds_count,3999133.0
1791661486.199,917.471,zaino_sync_sapling_outputs_total,354887.0
1791661486.199,917.471,zaino_sync_orchard_actions_total,150438.0
1791661486.199,917.471,zaino_sync_transactions_total,4476935.0
1791661486.199,917.471,"zaino_grpc_requests_total{method=""get_block""}",366.0
1791661486.199,917.471,"zaino_grpc_requests_total{method=""get_lightd_info""}",183.0
1791661486.199,917.471,zaino_sync_iterations_total,1753.0
1791661486.199,917.471,zaino_sync_last_block_written_at,1791661484.3853967
1791661486.199,917.471,zaino_db_tip_height,3899999.0
1791661486.199,917.471,"zaino_grpc_request_duration_seconds{method=""get_block"",quantile=""0.99""}",0.0005149194742332244
1791661486.199,917.471,"zaino_grpc_request_duration_seconds{method=""get_block"",quantile=""0.999""}",0.0005149194742332244
1791661486.199,917.471,"zaino_grpc_request_duration_seconds_sum{method=""get_block""}",0.07501610400000007
1791661486.199,917.471,"zaino_grpc_request_duration_seconds_count{method=""get_block""}",366.0
1791661486.199,917.471,"zaino_grpc_request_duration_seconds{method=""get_lightd_info"",quantile=""0.5""}",0.003018183784571367
1791661486.199,917.471,"zaino_grpc_request_duration_seconds{method=""get_lightd_info"",quantile=""0.9""}",0.0032170193232717264
1791661486.199,917.471,"zaino_grpc_request_duration_seconds{method=""get_lightd_info"",quantile=""0.95""}",0.0032170193232717264
1791661486.199,917.471,"zaino_grpc_request_duration_seconds{method=""get_lightd_info"",quantile=""0.99""}",0.0032170193232717264
1791661486.199,917.471,"zaino_grpc_request_duration_seconds{method=""get_lightd_info"",quantile=""0.999""}",0.0032170193232717264
1791661486.199,917.471,"zaino_grpc_request_duration_seconds{method=""get_lightd_info"",quantile=""1""}",0.003298713
1791661486.199,917.471,"zaino_grpc_request_duration_seconds_sum{method=""get_lightd_info""}",0.5856160030000002
1791661486.199,917.471,"zaino_grpc_request_duration_seconds_count{method=""get_lightd_info""}",183.0
1791661486.199,917.471,"zaino_sync_iteration_duration_seconds{quantile=""0.5""}",7.411445009088435e-05
1791661486.199,917.471,"zaino_sync_iteration_duration_seconds{quantile=""0.9""}",0.00012977608251211984
1791661486.199,917.471,"zaino_sync_iteration_duration_seconds{quantile=""0.95""}",0.00017112777916877386
1791661486.199,917.471,"zaino_sync_iteration_duration_seconds{quantile=""0.99""}",0.00031181514431612893
1791661486.199,917.471,zaino_sync_iteration_duration_seconds_sum,0.16529216899999996
1791661486.199,917.471,zaino_sync_iteration_duration_seconds_count,1753.0
1791661486.199,917.471,"zaino_sync_block_write_seconds{quantile=""0""}",12.858328584
1791661486.199,917.471,"zaino_sync_block_write_seconds{quantile=""0.5""}",12.85714905734783
1791661486.199,917.471,"zaino_sync_block_write_seconds{quantile=""0.9""}",12.85714905734783
1791661486.199,917.471,"zaino_sync_block_write_seconds{quantile=""0.95""}",12.85714905734783
1791661486.199,917.471,"zaino_sync_block_write_seconds{quantile=""0.99""}",12.85714905734783
1791661486.199,917.471,"zaino_sync_block_write_seconds{quantile=""0.999""}",12.85714905734783
1791661486.199,917.471,"zaino_sync_block_build_seconds{quantile=""0.5""}",0.0003590316429492555
1791661486.199,917.471,"zaino_sync_block_build_seconds{quantile=""0.9""}",0.0008125768783590727
1791661486.199,917.471,"zaino_sync_block_build_seconds{quantile=""0.95""}",0.0010437867969236563
1791661486.199,917.471,"zaino_sync_block_build_seconds{quantile=""0.99""}",0.0032931852415144683
1791661486.199,917.471,"zaino_sync_block_build_seconds{quantile=""0.999""}",0.02686045852640872
1791661486.199,917.471,zaino_sync_block_build_seconds_sum,1876.0657122161176
1791661486.199,917.471,zaino_sync_block_build_seconds_count,4007290.0
1791661488.199,919.471,zaino_sync_iterations_total,1757.0
1791661488.199,919.471,"zaino_sync_iteration_duration_seconds{quantile=""0.5""}",7.402556609154474e-05
1791661488.199,919.471,zaino_sync_iteration_duration_seconds_sum,0.16557000199999997
1791661488.199,919.471,zaino_sync_iteration_duration_seconds_count,1757.0
1791661488.199,919.471,"zaino_sync_block_build_seconds{quantile=""0.5""}",0.00036271250620920417
1791661488.199,919.471,"zaino_sync_block_build_seconds{quantile=""0.9""}",0.0008271702424716873
1791661488.199,919.471,"zaino_sync_block_build_seconds{quantile=""0.95""}",0.0010465041736636895
1791661488.199,919.471,"zaino_sync_block_build_seconds{quantile=""0.99""}",0.003042426094877787
1791661488.199,919.471,"zaino_sync_block_build_seconds{quantile=""0.999""}",0.026678427016383996
1791661488.199,919.471,zaino_sync_block_build_seconds_sum,1879.9044001951133
1791661488.199,919.471,zaino_sync_block_build_seconds_count,4013923.0
1791661490.199,921.471,zaino_sync_iterations_total,1761.0
1791661490.199,921.471,"zaino_sync_iteration_duration_seconds{quantile=""0.9""}",0.00012797187626328375
1791661490.199,921.471,zaino_sync_iteration_duration_seconds_sum,0.16593169299999996
1791661490.199,921.471,zaino_sync_iteration_duration_seconds_count,1761.0
1791661490.199,921.471,"zaino_sync_block_build_seconds{quantile=""0.5""}",0.00036293019901496615
1791661490.199,921.471,"zaino_sync_block_build_seconds{quantile=""0.9""}",0.0008373235285746338
1791661490.199,921.471,"zaino_sync_block_build_seconds{quantile=""0.95""}",0.0010515394687545137
1791661490.199,921.471,"zaino_sync_block_build_seconds{quantile=""0.99""}",0.007264905268971405
1791661490.199,921.471,"zaino_sync_block_build_seconds{quantile=""0.999""}",0.02933130167167318
1791661490.199,921.471,zaino_sync_block_build_seconds_sum,1884.7566507891138
1791661490.199,921.471,zaino_sync_block_build_seconds_count,4014415.0
1791661492.199,923.471,"zaino_grpc_requests_total{method=""get_lightd_info""}",184.0
1791661492.199,923.471,"zaino_grpc_requests_total{method=""get_block""}",368.0
1791661492.199,923.471,zaino_sync_iterations_total,1765.0
1791661492.199,923.471,zaino_sync_finalized_height,4014846.0
1791661492.199,923.471,"zaino_grpc_request_duration_seconds_sum{method=""get_block""}",0.07540721200000007
1791661492.199,923.471,"zaino_grpc_request_duration_seconds_count{method=""get_block""}",368.0
1791661492.199,923.471,"zaino_grpc_request_duration_seconds{method=""get_lightd_info"",quantile=""0.5""}",0.003005533995785637
1791661492.199,923.471,"zaino_grpc_request_duration_seconds{method=""get_lightd_info"",quantile=""0.9""}",0.00316595660500862
1791661492.199,923.471,"zaino_grpc_request_duration_seconds_sum{method=""get_lightd_info""}",0.5883552620000002
1791661492.199,923.471,"zaino_grpc_request_duration_seconds_count{method=""get_lightd_info""}",184.0
1791661492.199,923.471,"zaino_sync_iteration_duration_seconds{quantile=""0.5""}",7.337699898844519e-05
1791661492.199,923.471,"zaino_sync_iteration_duration_seconds{quantile=""0.95""}",0.00016158163969162812
1791661492.199,923.471,"zaino_sync_iteration_duration_seconds{quantile=""0.99""}",0.00034158977416696697
1791661492.199,923.471,zaino_sync_iteration_duration_seconds_sum,0.16622914099999997
1791661492.199,923.471,zaino_sync_iteration_duration_seconds_count,1765.0
1791661492.199,923.471,"zaino_sync_block_build_seconds{quantile=""0.5""}",0.00035297969232965434
1791661492.199,923.471,"zaino_sync_block_build_seconds{quantile=""0.9""}",0.0008323146291115687
1791661492.199,923.471,"zaino_sync_block_build_seconds{quantile=""0.95""}",0.0010446221604648433
1791661492.199,923.471,"zaino_sync_block_build_seconds{quantile=""0.99""}",0.008792114658108939
1791661492.199,923.471,"zaino_sync_block_build_seconds{quantile=""0.999""}",0.03153365103547697
1791661492.199,923.471,"zaino_sync_block_build_seconds{quantile=""1""}",0.11215805
1791661492.199,923.471,zaino_sync_block_build_seconds_sum,1889.1154297081116
1791661492.199,923.471,zaino_sync_block_build_seconds_count,4015008.0
1791661494.200,925.471,zaino_sync_iterations_total,1769.0
1791661494.200,925.471,"zaino_sync_iteration_duration_seconds{quantile=""0.9""}",0.00011896276236535906
1791661494.200,925.471,"zaino_sync_iteration_duration_seconds{quantile=""0.95""}",0.00014945726865847275
1791661494.200,925.471,zaino_sync_iteration_duration_seconds_sum,0.16649777899999996
1791661494.200,925.471,zaino_sync_iteration_duration_seconds_count,1769.0
1791661494.200,925.471,"zaino_sync_block_build_seconds{quantile=""0.5""}",0.0003534742099821495
1791661494.200,925.471,"zaino_sync_block_build_seconds{quantile=""0.9""}",0.000842194116106572
1791661494.200,925.471,"zaino_sync_block_build_seconds{quantile=""0.95""}",0.0010500683435213014
1791661494.200,925.471,"zaino_sync_block_build_seconds{quantile=""0.99""}",0.008958969939467052
1791661494.200,925.471,"zaino_sync_block_build_seconds{quantile=""0.999""}",0.03240313775989834
1791661494.200,925.471,zaino_sync_block_build_seconds_sum,1892.376205737111
1791661494.200,925.471,zaino_sync_block_build_seconds_count,4015663.0
1791661496.200,927.472,zaino_sync_iterations_total,1773.0
1791661496.200,927.472,"zaino_grpc_requests_total{method=""get_block""}",370.0
1791661496.200,927.472,"zaino_grpc_requests_total{method=""get_lightd_info""}",185.0
1791661496.200,927.472,"zaino_grpc_request_duration_seconds{method=""get_block"",quantile=""0""}",1.1521e-05
1791661496.200,927.472,"zaino_grpc_request_duration_seconds{method=""get_block"",quantile=""0.5""}",3.5424742575508745e-05
1791661496.200,927.472,"zaino_grpc_request_duration_seconds{method=""get_block"",quantile=""0.9""}",0.0003795591800008721
1791661496.200,927.472,"zaino_grpc_request_duration_seconds{method=""get_block"",quantile=""0.95""}",0.00046054497999537523
1791661496.200,927.472,"zaino_grpc_request_duration_seconds{method=""get_block"",quantile=""0.99""}",0.00046054497999537523
1791661496.200,927.472,"zaino_grpc_request_duration_seconds{method=""get_block"",quantile=""0.999""}",0.00046054497999537523
1791661496.200,927.472,"zaino_grpc_request_duration_seconds{method=""get_block"",quantile=""1""}",0.000514872
1791661496.200,927.472,"zaino_grpc_request_duration_seconds_sum{method=""get_block""}",0.07575003500000008
1791661496.200,927.472,"zaino_grpc_request_duration_seconds_count{method=""get_block""}",370.0
1791661496.200,927.472,"zaino_grpc_request_duration_seconds{method=""get_lightd_info"",quantile=""0""}",0.002604186
1791661496.200,927.472,"zaino_grpc_request_duration_seconds{method=""get_lightd_info"",quantile=""0.9""}",0.0032170193232717264
1791661496.200,927.472,"zaino_grpc_request_duration_seconds_sum{method=""get_lightd_info""}",0.5909594480000002
1791661496.200,927.472,"zaino_grpc_request_duration_seconds_count{method=""get_lightd_info""}",185.0
1791661496.200,927.472,"zaino_sync_iteration_duration_seconds{quantile=""0.5""}",7.333298599412419e-05
1791661496.200,927.472,zaino_sync_iteration_duration_seconds_sum,0.16677576599999996
1791661496.200,927.472,zaino_sync_iteration_duration_seconds_count,1773.0
1791661496.200,927.472,"zaino_sync_block_build_seconds{quantile=""0.5""}",0.00035375710249299506
1791661496.200,927.472,"zaino_sync_block_build_seconds{quantile=""0.9""}",0.0008491285000001028
1791661496.200,927.472,"zaino_sync_block_build_seconds{quantile=""0.95""}",0.0010553318330145875
1791661496.200,927.472,"zaino_sync_block_build_seconds{quantile=""0.99""}",0.009068938819284701
1791661496.200,927.472,"zaino_sync_block_build_seconds{quantile=""0.999""}",0.03413267930351207
1791661496.200,927.472,zaino_sync_block_build_seconds_sum,1895.7494929761144
1791661496.200,927.472,zaino_sync_block_build_seconds_count,4016302.0
1791661498.200,929.472,zaino_sync_iterations_total,1774.0
1791661498.200,929.472,"zaino_sync_iteration_duration_seconds{quantile=""0""}",2.741e-05
1791661498.200,929.472,"zaino_sync_iteration_duration_seconds{quantile=""0.5""}",7.327434306543242e-05
1791661498.200,929.472,zaino_sync_iteration_duration_seconds_sum,0.16680317599999997
1791661498.200,929.472,zaino_sync_iteration_duration_seconds_count,1774.0
1791661498.200,929.472,"zaino_sync_block_write_seconds{quantile=""0""}",12.193807939
1791661498.200,929.472,"zaino_sync_block_write_seconds{quantile=""0.5""}",12.193463181340125
1791661498.200,929.472,"zaino_sync_block_write_seconds{quantile=""0.9""}",12.193463181340125
1791661498.200,929.472,"zaino_sync_block_write_seconds{quantile=""0.95""}",12.193463181340125
1791661498.200,929.472,"zaino_sync_block_write_seconds{quantile=""0.99""}",12.193463181340125
1791661498.200,929.472,"zaino_sync_block_write_seconds{quantile=""0.999""}",12.193463181340125
1791661498.200,929.472,zaino_sync_block_write_seconds_sum,320.84860666900005
1791661498.200,929.472,zaino_sync_block_write_seconds_count,40.0
1791661498.200,929.472,"zaino_sync_block_build_seconds{quantile=""0.5""}",0.00035262688906718005
1791661498.200,929.472,"zaino_sync_block_build_seconds{quantile=""0.9""}",0.0008265087708994121
1791661498.200,929.472,"zaino_sync_block_build_seconds{quantile=""0.95""}",0.0010485992764223916
1791661498.200,929.472,"zaino_sync_block_build_seconds{quantile=""0.99""}",0.009041772772181489
1791661498.200,929.472,"zaino_sync_block_build_seconds{quantile=""0.999""}",0.03380657339396672
1791661498.200,929.472,zaino_sync_block_build_seconds_sum,1899.7588854291118
1791661498.200,929.472,zaino_sync_block_build_seconds_count,4025179.0
1791661500.200,931.472,zaino_sync_iterations_total,1778.0
1791661500.200,931.472,"zaino_sync_iteration_duration_seconds{quantile=""0.5""}",7.333298599412419e-05
1791661500.200,931.472,"zaino_sync_iteration_duration_seconds{quantile=""0.95""}",0.00016158163969162812
1791661500.200,931.472,zaino_sync_iteration_duration_seconds_sum,0.16723157399999994
1791661500.200,931.472,zaino_sync_iteration_duration_seconds_count,1778.0
1791661500.200,931.472,"zaino_sync_block_build_seconds{quantile=""0.5""}",0.00035171124999915153
1791661500.200,931.472,"zaino_sync_block_build_seconds{quantile=""0.9""}",0.0008025631385300388
1791661500.200,931.472,"zaino_sync_block_build_seconds{quantile=""0.95""}",0.00103837319313012
1791661500.200,931.472,"zaino_sync_block_build_seconds{quantile=""0.99""}",0.008939281870351482
1791661500.200,931.472,"zaino_sync_block_build_seconds{quantile=""0.999""}",0.03287969396790308
1791661500.200,931.472,zaino_sync_block_build_seconds_sum,1903.367400292106
1791661500.200,931.472,zaino_sync_block_build_seconds_count,4035345.0
1791661502.200,933.472,zaino_sync_iterations_total,1782.0
1791661502.200,933.472,"zaino_grpc_requests_total{method=""get_lightd_info""}",186.0
1791661502.200,933.472,"zaino_grpc_requests_total{method=""get_block""}",372.0
1791661502.200,933.472,zaino_sync_finalized_height,4044351.0
1791661502.200,933.472,"zaino_grpc_request_duration_seconds{method=""get_block"",quantile=""0.5""}",0.00014521429144930898
1791661502.200,933.472,"zaino_grpc_request_duration_seconds{method=""get_block"",quantile=""0.9""}",0.0003995786140227336
1791661502.200,933.472,"zaino_grpc_request_duration_seconds_sum{method=""get_block""}",0.07629484100000007
1791661502.200,933.472,"zaino_grpc_request_duration_seconds_count{method=""get_block""}",372.0
1791661502.200,933.472,"zaino_grpc_request_duration_seconds{method=""get_lightd_info"",quantile=""0.9""}",0.0032984585554446393
1791661502.200,933.472,"zaino_grpc_request_duration_seconds{method=""get_lightd_info"",quantile=""0.95""}",0.0032984585554446393
1791661502.200,933.472,"zaino_grpc_request_duration_seconds{method=""get_lightd_info"",quantile=""0.99""}",0.0032984585554446393
1791661502.200,933.472,"zaino_grpc_request_duration_seconds{method=""get_lightd_info"",quantile=""0.999""}",0.0032984585554446393
1791661502.200,933.472,"zaino_grpc_request_duration_seconds{method=""get_lightd_info"",quantile=""1""}",0.003516425
1791661502.200,933.472,"zaino_grpc_request_duration_seconds_sum{method=""get_lightd_info""}",0.5944758730000003
1791661502.200,933.472,"zaino_grpc_request_duration_seconds_count{method=""get_lightd_info""}",186.0
1791661502.200,933.472,zaino_sync_iteration_duration_seconds_sum,0.16751029299999995
1791661502.200,933.472,zaino_sync_iteration_duration_seconds_count,1782.0
1791661502.200,933.472,"zaino_sync_block_build_seconds{quantile=""0""}",0.000120463
1791661502.200,933.472,"zaino_sync_block_build_seconds{quantile=""0.5""}",0.00035121919876374564
1791661502.200,933.472,"zaino_sync_block_build_seconds{quantile=""0.9""}",0.0007655622483596754
1791661502.200,933.472,"zaino_sync_block_build_seconds{quantile=""0.95""}",0.00102598717948495
1791661502.200,933.472,"zaino_sync_block_build_seconds{quantile=""0.99""}",0.00876753116992895
1791661502.200,933.472,"zaino_sync_block_build_seconds{quantile=""0.999""}",0.031774219787469575
1791661502.200,933.472,zaino_sync_block_build_seconds_sum,1907.4688025931032
1791661502.200,933.472,zaino_sync_block_build_seconds_count,4047544.0
1791661504.200,935.472,zaino_sync_iterations_total,1786.0
1791661504.200,935.472,"zaino_sync_iteration_duration_seconds{quantile=""0.5""}",7.337699898844519e-05
1791661504.200,935.472,zaino_sync_iteration_duration_seconds_sum,0.16784618299999995
1791661504.200,935.472,zaino_sync_iteration_duration_seconds_count,1786.0
1791661504.200,935.472,"zaino_sync_block_build_seconds{quantile=""0.5""}",0.00035524600683886637
1791661504.200,935.472,"zaino_sync_block_build_seconds{quantile=""0.9""}",0.0007582480152432249
1791661504.200,935.472,"zaino_sync_block_build_seconds{quantile=""0.95""}",0.0010274245674778417
1791661504.200,935.472,"zaino_sync_block_build_seconds{quantile=""0.99""}",0.008661217123629158
1791661504.200,935.472,"zaino_sync_block_build_seconds{quantile=""0.999""}",0.03162206898603542
1791661504.200,935.472,zaino_sync_block_build_seconds_sum,1910.8900244991123
1791661504.200,935.472,zaino_sync_block_build_seconds_count,4053949.0
1791661506.201,937.472,zaino_sync_iterations_total,1790.0
1791661506.201,937.472,"zaino_grpc_requests_total{method=""get_block""}",374.0
1791661506.201,937.472,"zaino_grpc_requests_total{method=""get_lightd_info""}",187.0
1791661506.201,937.472,"zaino_grpc_request_duration_seconds{method=""get_block"",quantile=""0.9""}",0.00039378714682464005
1791661506.201,937.472,"zaino_grpc_request_duration_seconds{method=""get_block"",quantile=""0.95""}",0.0003995786140227336
1791661506.201,937.472,"zaino_grpc_request_duration_seconds_sum{method=""get_block""}",0.07670358600000007
1791661506.201,937.472,"zaino_grpc_request_duration_seconds_count{method=""get_block""}",374.0
1791661506.201,937.472,"zaino_grpc_request_duration_seconds_sum{method=""get_lightd_info""}",0.5972718560000002
1791661506.201,937.472,"zaino_grpc_request_duration_seconds_count{method=""get_lightd_info""}",187.0
1791661506.201,937.472,"zaino_sync_iteration_duration_seconds{quantile=""0.5""}",7.333298599412419e-05
1791661506.201,937.472,"zaino_sync_iteration_duration_seconds{quantile=""0.9""}",0.00011600235849555866
1791661506.201,937.472,"zaino_sync_iteration_duration_seconds{quantile=""0.95""}",0.00014945726865847275
1791661506.201,937.472,"zaino_sync_iteration_duration_seconds{quantile=""0.99""}",0.00022225170033707682
1791661506.201,937.472,zaino_sync_iteration_duration_seconds_sum,0.16810431399999995
1791661506.201,937.472,zaino_sync_iteration_duration_seconds_count,1790.0
1791661506.201,937.472,"zaino_sync_block_build_seconds{quantile=""0.5""}",0.000355530317354328
1791661506.201,937.472,"zaino_sync_block_build_seconds{quantile=""0.9""}",0.0007568843964363445
1791661506.201,937.472,"zaino_sync_block_build_seconds{quantile=""0.95""}",0.0010305114692280145
1791661506.201,937.472,"zaino_sync_block_build_seconds{quantile=""0.99""}",0.008575036573028662
1791661506.201,937.472,"zaino_sync_block_build_seconds{quantile=""0.999""}",0.03153365103547697
1791661506.201,937.472,zaino_sync_block_build_seconds_sum,1913.8785696821071
1791661506.201,937.472,zaino_sync_block_build_seconds_count,4059820.0
1791661508.201,939.473,zaino_sync_iterations_total,1794.0
1791661508.201,939.473,zaino_sync_iteration_duration_seconds_sum,0.16839715399999997
1791661508.201,939.473,zaino_sync_iteration_duration_seconds_count,1794.0
1791661508.201,939.473,"zaino_sync_block_build_seconds{quantile=""0.5""}",0.00035489093839465496
1791661508.201,939.473,"zaino_sync_block_build_seconds{quantile=""0.9""}",0.0007647970687623285
1791661508.201,939.473,"zaino_sync_block_build_seconds{quantile=""0.95""}",0.0010340211713476795
1791661508.201,939.473,"zaino_sync_block_build_seconds{quantile=""0.99""}",0.008435552865449022
1791661508.201,939.473,"zaino_sync_block_build_seconds{quantile=""0.999""}",0.030884525401344468
1791661508.201,939.473,zaino_sync_block_build_seconds_sum,1917.6764945370937
1791661508.201,939.473,zaino_sync_block_build_seconds_count,4068457.0
1791661510.201,941.473,zaino_sync_iterations_total,1798.0
1791661510.201,941.473,zaino_sync_iteration_duration_seconds_sum,0.16874053099999997
1791661510.201,941.473,zaino_sync_iteration_duration_seconds_count,1798.0
1791661510.201,941.473,"zaino_sync_block_build_seconds{quantile=""0.5""}",0.0003587445324934341
1791661510.201,941.473,"zaino_sync_block_build_seconds{quantile=""0.9""}",0.0008016006403749872
1791661510.201,941.473,"zaino_sync_block_build_seconds{quantile=""0.95""}",0.0010268082976347423
1791661510.201,941.473,"zaino_sync_block_build_seconds{quantile=""0.99""}",0.008253647781778523
1791661510.201,941.473,"zaino_sync_block_build_seconds{quantile=""0.999""}",0.03052222974857974
1791661510.201,941.473,zaino_sync_block_build_seconds_sum,1922.3193451480972
1791661510.201,941.473,zaino_sync_block_build_seconds_count,4077424.0
1791661512.201,943.473,"zaino_grpc_requests_total{method=""get_block""}",376.0
1791661512.201,943.473,"zaino_grpc_requests_total{method=""get_lightd_info""}",188.0
1791661512.201,943.473,zaino_sync_iterations_total,1802.0
1791661512.201,943.473,zaino_sync_finalized_height,4086897.0
1791661512.201,943.473,"zaino_grpc_request_duration_seconds{method=""get_block"",quantile=""0.9""}",0.0003995786140227336
1791661512.201,943.473,"zaino_grpc_request_duration_seconds{method=""get_block"",quantile=""0.95""}",0.0004569667025633169
1791661512.201,943.473,"zaino_grpc_request_duration_seconds_sum{method=""get_block""}",0.07717659900000008
1791661512.201,943.473,"zaino_grpc_request_duration_seconds_count{method=""get_block""}",376.0
1791661512.201,943.473,"zaino_grpc_request_duration_seconds{method=""get_lightd_info"",quantile=""0.5""}",0.0029178739580350073
1791661512.201,943.473,"zaino_grpc_request_duration_seconds{method=""get_lightd_info"",quantile=""0.9""}",0.0032170193232717264
1791661512.201,943.473,"zaino_grpc_request_duration_seconds_sum{method=""get_lightd_info""}",0.6001896100000003
1791661512.201,943.473,"zaino_grpc_request_duration_seconds_count{method=""get_lightd_info""}",188.0
1791661512.201,943.473,"zaino_sync_iteration_duration_seconds{quantile=""0.5""}",7.296723619939965e-05
1791661512.201,943.473,"zaino_sync_iteration_duration_seconds{quantile=""0.9""}",0.00010798696468939265
1791661512.201,943.473,"zaino_sync_iteration_duration_seconds{quantile=""0.95""}",0.00011896276236535906
1791661512.201,943.473,"zaino_sync_iteration_duration_seconds{quantile=""0.99""}",0.00014945726865847275
1791661512.201,943.473,"zaino_sync_iteration_duration_seconds{quantile=""0.999""}",0.00014945726865847275
1791661512.201,943.473,"zaino_sync_iteration_duration_seconds{quantile=""1""}",0.000222237
1791661512.201,943.473,zaino_sync_iteration_duration_seconds_sum,0.16904562099999995
1791661512.201,943.473,zaino_sync_iteration_duration_seconds_count,1802.0
1791661512.201,943.473,"zaino_sync_block_build_seconds{quantile=""0""}",0.000116583
1791661512.201,943.473,"zaino_sync_block_build_seconds{quantile=""0.5""}",0.0003512894496285852
1791661512.201,943.473,"zaino_sync_block_build_seconds{quantile=""0.9""}",0.0007568843964363445
1791661512.201,943.473,"zaino_sync_block_build_seconds{quantile=""0.95""}",0.0010040634846261028
1791661512.201,943.473,"zaino_sync_block_build_seconds{quantile=""0.99""}",0.002761724364374066
1791661512.201,943.473,"zaino_sync_block_build_seconds{quantile=""0.999""}",0.024969504534947014
1791661512.201,943.473,"zaino_sync_block_build_seconds{quantile=""1""}",0.100664623
1791661512.201,943.473,zaino_sync_block_build_seconds_sum,1926.570883520112
1791661512.201,943.473,zaino_sync_block_build_seconds_count,4090103.0
1791661514.201,945.473,zaino_sync_iterations_total,1806.0
1791661514.201,945.473,"zaino_sync_iteration_duration_seconds{quantile=""0.5""}",7.311331670409649e-05
1791661514.201,945.473,"zaino_sync_iteration_duration_seconds{quantile=""0.95""}",0.00011397857848363443
1791661514.201,945.473,zaino_sync_iteration_duration_seconds_sum,0.16938806299999995
1791661514.201,945.473,zaino_sync_iteration_duration_seconds_count,1806.0
1791661514.201,945.473,"zaino_sync_block_build_seconds{quantile=""0.5""}",0.00035023716049910266
1791661514.201,945.473,"zaino_sync_block_build_seconds{quantile=""0.9""}",0.0007591584590215648
1791661514.201,945.473,"zaino_sync_block_build_seconds{quantile=""0.95""}",0.0010109143830000931
1791661514.201,945.473,"zaino_sync_block_build_seconds{quantile=""0.99""}",0.0028373066923207367
1791661514.201,945.473,"zaino_sync_block_build_seconds{quantile=""0.999""}",0.02460759811305185
1791661514.201,945.473,zaino_sync_block_build_seconds_sum,1929.271907771111
1791661514.201,945.473,zaino_sync_block_build_seconds_count,4093971.0
1791661516.201,947.473,zaino_sync_iterations_total,1810.0
1791661516.201,947.473,"zaino_grpc_requests_total{method=""get_lightd_info""}",189.0
1791661516.201,947.473,"zaino_grpc_requests_total{method=""get_block""}",378.0
1791661516.201,947.473,"zaino_grpc_request_duration_seconds{method=""get_block"",quantile=""0.9""}",0.00046054497999537523
1791661516.201,947.473,"zaino_grpc_request_duration_seconds{method=""get_block"",quantile=""0.95""}",0.0005149194742332244
1791661516.201,947.473,"zaino_grpc_request_duration_seconds{method=""get_block"",quantile=""0.99""}",0.0005149194742332244
1791661516.201,947.473,"zaino_grpc_request_duration_seconds{method=""get_block"",quantile=""0.999""}",0.0005149194742332244
1791661516.201,947.473,"zaino_grpc_request_duration_seconds{method=""get_block"",quantile=""1""}",0.000516726
1791661516.201,947.473,"zaino_grpc_request_duration_seconds_sum{method=""get_block""}",0.07770960100000007
1791661516.201,947.473,"zaino_grpc_request_duration_seconds_count{method=""get_block""}",378.0
1791661516.201,947.473,"zaino_grpc_request_duration_seconds{method=""get_lightd_info"",quantile=""0.9""}",0.003516461594339564
1791661516.201,947.473,"zaino_grpc_request_duration_seconds{method=""get_lightd_info"",quantile=""0.95""}",0.003516461594339564
1791661516.201,947.473,"zaino_grpc_request_duration_seconds{method=""get_lightd_info"",quantile=""0.99""}",0.003516461594339564
1791661516.201,947.473,"zaino_grpc_request_duration_seconds{method=""get_lightd_info"",quantile=""0.999""}",0.003516461594339564
1791661516.201,947.473,"zaino_grpc_request_duration_seconds{method=""get_lightd_info"",quantile=""1""}",0.003700299
1791661516.201,947.473,"zaino_grpc_request_duration_seconds_sum{method=""get_lightd_info""}",0.6038899090000003
1791661516.201,947.473,"zaino_grpc_request_duration_seconds_count{method=""get_lightd_info""}",189.0
1791661516.201,947.473,"zaino_sync_iteration_duration_seconds{quantile=""0.5""}",7.325968966215974e-05
1791661516.201,947.473,"zaino_sync_iteration_duration_seconds{quantile=""0.9""}",0.00011223675483537724
1791661516.201,947.473,"zaino_sync_iteration_duration_seconds{quantile=""0.95""}",0.00012797187626328375
1791661516.201,947.473,"zaino_sync_iteration_duration_seconds{quantile=""0.99""}",0.00022225170033707682
1791661516.201,947.473,"zaino_sync_iteration_duration_seconds{quantile=""0.999""}",0.00022225170033707682
1791661516.201,947.473,"zaino_sync_iteration_duration_seconds{quantile=""1""}",0.000688547
1791661516.201,947.473,zaino_sync_iteration_duration_seconds_sum,0.170374707
1791661516.201,947.473,zaino_sync_iteration_duration_seconds_count,1810.0
1791661516.201,947.473,"zaino_sync_block_build_seconds{quantile=""0.5""}",0.00035171124999915153
1791661516.201,947.473,"zaino_sync_block_build_seconds{quantile=""0.9""}",0.0008304855496465661
1791661516.201,947.473,"zaino_sync_block_build_seconds{quantile=""0.95""}",0.0010321616073427423
1791661516.201,947.473,"zaino_sync_block_build_seconds{quantile=""0.99""}",0.003167223240965148
1791661516.201,947.473,"zaino_sync_block_build_seconds{quantile=""0.999""}",0.02459283798261676
1791661516.201,947.473,zaino_sync_block_build_seconds_sum,1932.192261042111
1791661516.201,947.473,zaino_sync_block_build_seconds_count,4096315.0
1791661518.202,949.473,zaino_sync_orchard_actions_total,171957.0
1791661518.202,949.473,zaino_sync_iterations_total,1814.0
1791661518.202,949.473,zaino_sync_sapling_outputs_total,361243.0
1791661518.202,949.473,zaino_sync_transactions_total,4584127.0
1791661518.202,949.473,zaino_sync_last_block_written_at,1791661516.8662252
1791661518.202,949.473,zaino_db_tip_height,3999999.0
1791661518.202,949.473,"zaino_sync_iteration_duration_seconds{quantile=""0.5""}",7.327434306543242e-05
1791661518.202,949.473,"zaino_sync_iteration_duration_seconds{quantile=""0.9""}",0.00011293478437323096
1791661518.202,949.473,"zaino_sync_iteration_duration_seconds{quantile=""0.95""}",0.0001404442374329535
1791661518.202,949.473,zaino_sync_iteration_duration_seconds_sum,0.170767796
1791661518.202,949.473,zaino_sync_iteration_duration_seconds_count,1814.0
1791661518.202,949.473,"zaino_sync_block_build_seconds{quantile=""0.5""}",0.00035503292316554707
1791661518.202,949.473,"zaino_sync_block_build_seconds{quantile=""0.9""}",0.0007918805257905002
1791661518.202,949.473,"zaino_sync_block_build_seconds{quantile=""0.95""}",0.00102598717948495
1791661518.202,949.473,"zaino_sync_block_build_seconds{quantile=""0.99""}",0.003004332022593979
1791661518.202,949.473,"zaino_sync_block_build_seconds{quantile=""0.999""}",0.024280055732307317
1791661518.202,949.473,zaino_sync_block_build_seconds_sum,1936.0170344761054
1791661518.202,949.473,zaino_sync_block_build_seconds_count,4104338.0
1791661520.202,951.474,zaino_sync_iterations_total,1818.0
1791661520.202,951.474,"zaino_sync_iteration_duration_seconds{quantile=""0.5""}",7.325968966215974e-05
1791661520.202,951.474,"zaino_sync_iteration_duration_seconds{quantile=""0.9""}",0.00011223675483537724
1791661520.202,951.474,zaino_sync_iteration_duration_seconds_sum,0.17104516300000003
1791661520.202,951.474,zaino_sync_iteration_duration_seconds_count,1818.0
1791661520.202,951.474,"zaino_sync_block_build_seconds{quantile=""0.5""}",0.0003591034564591963
1791661520.202,951.474,"zaino_sync_block_build_seconds{quantile=""0.9""}",0.0007920389177348527
1791661520.202,951.474,"zaino_sync_block_build_seconds{quantile=""0.95""}",0.0010235277627266182
1791661520.202,951.474,"zaino_sync_block_build_seconds{quantile=""0.99""}",0.0029542808514829077
1791661520.202,951.474,"zaino_sync_block_build_seconds{quantile=""0.999""}",0.02402885167712274
1791661520.202,951.474,zaino_sync_block_build_seconds_sum,1940.120324231111
1791661520.202,951.474,zaino_sync_block_build_seconds_count,4110392.0
1791661522.202,953.474,zaino_sync_iterations_total,1822.0
1791661522.202,953.474,"zaino_grpc_requests_total{method=""get_lightd_info""}",190.0
1791661522.202,953.474,"zaino_grpc_requests_total{method=""get_block""}",380.0
1791661522.202,953.474,zaino_sync_finalized_height,4110811.0
1791661522.202,953.474,"zaino_grpc_request_duration_seconds_sum{method=""get_block""}",0.07806209300000007
1791661522.202,953.474,"zaino_grpc_request_duration_seconds_count{method=""get_block""}",380.0
1791661522.202,953.474,"zaino_grpc_request_duration_seconds{method=""get_lightd_info"",quantile=""0""}",0.002558802
1791661522.202,953.474,"zaino_grpc_request_duration_seconds{method=""get_lightd_info"",quantile=""0.5""}",0.0027961829482993114
1791661522.202,953.474,"zaino_grpc_request_duration_seconds_sum{method=""get_lightd_info""}",0.6064487110000003
1791661522.202,953.474,"zaino_grpc_request_duration_seconds_count{method=""get_lightd_info""}",190.0
1791661522.202,953.474,"zaino_sync_iteration_duration_seconds{quantile=""0.5""}",7.327434306543242e-05
1791661522.202,953.474,"zaino_sync_iteration_duration_seconds{quantile=""0.9""}",0.00011293478437323096
1791661522.202,953.474,"zaino_sync_iteration_duration_seconds{quantile=""0.95""}",0.00014945726865847275
1791661522.202,953.474,zaino_sync_iteration_duration_seconds_sum,0.17149095900000003
1791661522.202,953.474,zaino_sync_iteration_duration_seconds_count,1822.0
1791661522.202,953.474,"zaino_sync_block_build_seconds{quantile=""0.5""}",0.00036314802247560453
1791661522.202,953.474,"zaino_sync_block_build_seconds{quantile=""0.9""}",0.0008748133326572061
1791661522.202,953.474,"zaino_sync_block_build_seconds{quantile=""0.95""}",0.0010986204444149094
1791661522.202,953.474,"zaino_sync_block_build_seconds{quantile=""0.99""}",0.11251148065448653
1791661522.202,953.474,"zaino_sync_block_build_seconds{quantile=""0.999""}",0.11251148065448653
1791661522.202,953.474,"zaino_sync_block_build_seconds{quantile=""1""}",0.112502069
1791661522.202,953.474,zaino_sync_block_build_seconds_sum,1944.0768674381109
1791661522.202,953.474,zaino_sync_block_build_seconds_count,4110918.0
1791661524.202,955.474,zaino_sync_iterations_total,1826.0
1791661524.202,955.474,"zaino_sync_iteration_duration_seconds{quantile=""0.5""}",7.333298599412419e-05
1791661524.202,955.474,"zaino_sync_iteration_duration_seconds{quantile=""0.999""}",0.00023090595930391967
1791661524.202,955.474,zaino_sync_iteration_duration_seconds_sum,0.17196057100000003
1791661524.202,955.474,zaino_sync_iteration_duration_seconds_count,1826.0
1791661524.202,955.474,"zaino_sync_block_build_seconds{quantile=""0.5""}",0.00036351135213384304
1791661524.202,955.474,"zaino_sync_block_build_seconds{quantile=""0.9""}",0.0008786709919605351
1791661524.202,955.474,"zaino_sync_block_build_seconds{quantile=""0.95""}",0.0011103277603197305
1791661524.202,955.474,zaino_sync_block_build_seconds_sum,1948.0505823741116
1791661524.202,955.474,zaino_sync_block_build_seconds_count,4111527.0
1791661526.202,957.474,"zaino_grpc_requests_total{method=""get_block""}",382.0
1791661526.202,957.474,"zaino_grpc_requests_total{method=""get_lightd_info""}",191.0
1791661526.202,957.474,zaino_sync_iterations_total,1830.0
1791661526.202,957.474,"zaino_grpc_request_duration_seconds{method=""get_block"",quantile=""0""}",9.912e-06
1791661526.202,957.474,"zaino_grpc_request_duration_seconds{method=""get_block"",quantile=""0.9""}",0.0004569667025633169
1791661526.202,957.474,"zaino_grpc_request_duration_seconds{method=""get_block"",quantile=""0.95""}",0.00046054497999537523
1791661526.202,957.474,"zaino_grpc_request_duration_seconds_sum{method=""get_block""}",0.07840468300000007
1791661526.202,957.474,"zaino_grpc_request_duration_seconds_count{method=""get_block""}",382.0
1791661526.202,957.474,"zaino_grpc_request_duration_seconds_sum{method=""get_lightd_info""}",0.6091091560000003
1791661526.202,957.474,"zaino_grpc_request_duration_seconds_count{method=""get_lightd_info""}",191.0
1791661526.202,957.474,"zaino_sync_iteration_duration_seconds{quantile=""0.5""}",7.337699898844519e-05
1791661526.202,957.474,zaino_sync_iteration_duration_seconds_sum,0.17225969200000002
1791661526.202,957.474,zaino_sync_iteration_duration_seconds_count,1830.0
1791661526.202,957.474,"zaino_sync_block_write_seconds{quantile=""1""}",12.193807939
1791661526.202,957.474,"zaino_sync_block_build_seconds{quantile=""0.5""}",0.00036402062443595835
1791661526.202,957.474,"zaino_sync_block_build_seconds{quantile=""0.9""}",0.0008823691708785032
1791661526.202,957.474,"zaino_sync_block_build_seconds{quantile=""0.95""}",0.0011262068895654398
1791661526.202,957.474,zaino_sync_block_build_seconds_sum,1952.101555163114
1791661526.202,957.474,zaino_sync_block_build_seconds_count,4112286.0
1791661528.202,959.474,zaino_sync_iterations_total,1833.0
1791661528.202,959.474,"zaino_sync_iteration_duration_seconds{quantile=""0.9""}",0.00011397857848363443
1791661528.202,959.474,"zaino_sync_iteration_duration_seconds{quantile=""0.95""}",0.0001538549881949815
1791661528.202,959.474,zaino_sync_iteration_duration_seconds_sum,0.172673388
1791661528.202,959.474,zaino_sync_iteration_duration_seconds_count,1834.0
1791661528.202,959.474,"zaino_sync_block_write_seconds{quantile=""0""}",11.897551475
1791661528.202,959.474,"zaino_sync_block_write_seconds{quantile=""0.5""}",11.89716341545837
1791661528.202,959.474,"zaino_sync_block_write_seconds{quantile=""0.9""}",11.89716341545837
1791661528.202,959.474,"zaino_sync_block_write_seconds{quantile=""0.95""}",11.89716341545837
1791661528.202,959.474,"zaino_sync_block_write_seconds{quantile=""0.99""}",11.89716341545837
1791661528.202,959.474,"zaino_sync_block_write_seconds{quantile=""0.999""}",11.89716341545837
1791661528.202,959.474,zaino_sync_block_write_seconds_sum,332.74615814400005
1791661528.202,959.474,zaino_sync_block_write_seconds_count,41.0
1791661528.202,959.474,"zaino_sync_block_build_seconds{quantile=""0.5""}",0.0003650413104813969
1791661528.202,959.474,"zaino_sync_block_build_seconds{quantile=""0.9""}",0.000886437418874822
1791661528.202,959.474,"zaino_sync_block_build_seconds{quantile=""0.95""}",0.001151948955036458
1791661528.202,959.474,zaino_sync_block_build_seconds_sum,1957.7391561051131
1791661528.202,959.474,zaino_sync_block_build_seconds_count,4113899.0
1791661530.203,961.474,zaino_sync_iterations_total,1836.0
1791661530.203,961.474,"zaino_sync_iteration_duration_seconds{quantile=""0.95""}",0.00015621144774646475
1791661530.203,961.474,zaino_sync_iteration_duration_seconds_sum,0.172926476
1791661530.203,961.474,zaino_sync_iteration_duration_seconds_count,1836.0
1791661530.203,961.474,"zaino_sync_block_build_seconds{quantile=""0.5""}",0.00036775263571870527
1791661530.203,961.474,"zaino_sync_block_build_seconds{quantile=""0.9""}",0.0008788467437341053
1791661530.203,961.474,"zaino_sync_block_build_seconds{quantile=""0.95""}",0.0011280102629087107
1791661530.203,961.474,zaino_sync_block_build_seconds_sum,1960.247041496116
1791661530.203,961.474,zaino_sync_block_build_seconds_count,4118453.0
1791661532.203,963.475,"zaino_grpc_requests_total{method=""get_block""}",384.0
1791661532.203,963.475,"zaino_grpc_requests_total{method=""get_lightd_info""}",192.0
1791661532.203,963.475,zaino_sync_iterations_total,1840.0
1791661532.203,963.475,zaino_sync_finalized_height,4122283.0
1791661532.203,963.475,"zaino_grpc_request_duration_seconds{method=""get_block"",quantile=""0.9""}",0.00046054497999537523
1791661532.203,963.475,"zaino_grpc_request_duration_seconds{method=""get_block"",quantile=""0.95""}",0.0005149194742332244
1791661532.203,963.475,"zaino_grpc_request_duration_seconds{method=""get_block"",quantile=""0.99""}",0.0005167765250324783
1791661532.203,963.475,"zaino_grpc_request_duration_seconds{method=""get_block"",quantile=""0.999""}",0.0005167765250324783
1791661532.203,963.475,"zaino_grpc_request_duration_seconds{method=""get_block"",quantile=""1""}",0.000536949
1791661532.203,963.475,"zaino_grpc_request_duration_seconds_sum{method=""get_block""}",0.07896948800000007
1791661532.203,963.475,"zaino_grpc_request_duration_seconds_count{method=""get_block""}",384.0
1791661532.203,963.475,"zaino_grpc_request_duration_seconds{method=""get_lightd_info"",quantile=""0.5""}",0.0027391708204161317
1791661532.203,963.475,"zaino_grpc_request_duration_seconds{method=""get_lightd_info"",quantile=""0.9""}",0.0032984585554446393
1791661532.203,963.475,"zaino_grpc_request_duration_seconds_sum{method=""get_lightd_info""}",0.6118328440000003
1791661532.203,963.475,"zaino_grpc_request_duration_seconds_count{method=""get_lightd_info""}",192.0
1791661532.203,963.475,"zaino_sync_iteration_duration_seconds{quantile=""0.5""}",7.414410180096633e-05
1791661532.203,963.475,"zaino_sync_iteration_duration_seconds{quantile=""0.9""}",0.0001538549881949815
1791661532.203,963.475,"zaino_sync_iteration_duration_seconds{quantile=""0.95""}",0.00021413582818039363
1791661532.203,963.475,"zaino_sync_iteration_duration_seconds{quantile=""0.99""}",0.0006885655555678205
1791661532.203,963.475,"zaino_sync_iteration_duration_seconds{quantile=""0.999""}",0.0006885655555678205
1791661532.203,963.475,"zaino_sync_iteration_duration_seconds{quantile=""1""}",0.000739531
1791661532.203,963.475,zaino_sync_iteration_duration_seconds_sum,0.17386064299999998
1791661532.203,963.475,zaino_sync_iteration_duration_seconds_count,1840.0
1791661532.203,963.475,"zaino_sync_block_build_seconds{quantile=""0.5""}",0.0003898688992332986
1791661532.203,963.475,"zaino_sync_block_build_seconds{quantile=""0.9""}",0.0009380568264357432
1791661532.203,963.475,"zaino_sync_block_build_seconds{quantile=""0.95""}",0.004199877069691083
1791661532.203,963.475,zaino_sync_block_build_seconds_sum,1963.7862257821103
1791661532.203,963.475,zaino_sync_block_build_seconds_count,4123271.0
1791661534.203,965.475,zaino_sync_iterations_total,1844.0
1791661534.203,965.475,zaino_sync_iteration_duration_seconds_sum,0.17414928299999996
1791661534.203,965.475,zaino_sync_iteration_duration_seconds_count,1844.0
1791661534.203,965.475,"zaino_sync_block_build_seconds{quantile=""0.5""}",0.0003798629488372187
1791661534.203,965.475,"zaino_sync_block_build_seconds{quantile=""0.9""}",0.0008311502039147582
1791661534.203,965.475,"zaino_sync_block_build_seconds{quantile=""0.95""}",0.0012817870688769206
1791661534.203,965.475,"zaino_sync_block_build_seconds{quantile=""0.99""}",0.023258141934105806
1791661534.203,965.475,zaino_sync_block_build_seconds_sum,1966.6874473781168
1791661534.203,965.475,zaino_sync_block_build_seconds_count,4130441.0
1791661536.203,967.475,zaino_sync_iterations_total,1848.0
1791661536.203,967.475,"zaino_grpc_requests_total{method=""get_block""}",386.0
1791661536.203,967.475,"zaino_grpc_requests_total{method=""get_lightd_info""}",193.0
1791661536.203,967.475,"zaino_grpc_request_duration_seconds{method=""get_block"",quantile=""0.9""}",0.0004569667025633169
1791661536.203,967.475,"zaino_grpc_request_duration_seconds{method=""get_block"",quantile=""0.95""}",0.0005167765250324783
1791661536.203,967.475,"zaino_grpc_request_duration_seconds_sum{method=""get_block""}",0.07947163000000007
1791661536.203,967.475,"zaino_grpc_request_duration_seconds_count{method=""get_block""}",386.0
1791661536.203,967.475,"zaino_grpc_request_duration_seconds{method=""get_lightd_info"",quantile=""0.5""}",0.0027336979534483114
1791661536.203,967.475,"zaino_grpc_request_duration_seconds{method=""get_lightd_info"",quantile=""0.9""}",0.003516461594339564
1791661536.203,967.475,"zaino_grpc_request_duration_seconds_sum{method=""get_lightd_info""}",0.6145665220000003
1791661536.203,967.475,"zaino_grpc_request_duration_seconds_count{method=""get_lightd_info""}",193.0
1791661536.203,967.475,"zaino_sync_iteration_duration_seconds{quantile=""0.9""}",0.0001404442374329535
1791661536.203,967.475,"zaino_sync_iteration_duration_seconds{quantile=""0.95""}",0.00019137034398877082
1791661536.203,967.475,zaino_sync_iteration_duration_seconds_sum,0.17443569599999997
1791661536.203,967.475,zaino_sync_iteration_duration_seconds_count,1848.0
1791661536.203,967.475,"zaino_sync_block_build_seconds{quantile=""0.5""}",0.00037331050508358874
1791661536.203,967.475,"zaino_sync_block_build_seconds{quantile=""0.9""}",0.0007212678230484096
1791661536.203,967.475,"zaino_sync_block_build_seconds{quantile=""0.95""}",0.0009629587055333464
1791661536.203,967.475,"zaino_sync_block_build_seconds{quantile=""0.99""}",0.0035270268190709772
1791661536.203,967.475,"zaino_sync_block_build_seconds{quantile=""0.999""}",0.00934886792478614
1791661536.203,967.475,zaino_sync_block_build_seconds_sum,1970.6460902211038
1791661536.203,967.475,zaino_sync_block_build_seconds_count,4141520.0
1791661538.203,969.475,zaino_sync_iterations_total,1852.0
1791661538.203,969.475,"zaino_sync_iteration_duration_seconds{quantile=""0.9""}",0.00014233885581430396
1791661538.203,969.475,zaino_sync_iteration_duration_seconds_sum,0.17480416299999996
1791661538.203,969.475,zaino_sync_iteration_duration_seconds_count,1852.0
1791661538.203,969.475,"zaino_sync_block_build_seconds{quantile=""0.5""}",0.0003751817317836068
1791661538.203,969.475,"zaino_sync_block_build_seconds{quantile=""0.9""}",0.0007030377077894087
1791661538.203,969.475,"zaino_sync_block_build_seconds{quantile=""0.95""}",0.000945780516288297
1791661538.203,969.475,"zaino_sync_block_build_seconds{quantile=""0.99""}",0.0030387773732226107
1791661538.203,969.475,"zaino_sync_block_build_seconds{quantile=""0.999""}",0.00886805291087652
1791661538.203,969.475,zaino_sync_block_build_seconds_sum,1974.3475232860956
1791661538.203,969.475,zaino_sync_block_build_seconds_count,4149484.0
1791661540.203,971.475,zaino_sync_iterations_total,1856.0
1791661540.203,971.475,"zaino_sync_iteration_duration_seconds{quantile=""0.5""}",7.396636932033987e-05
1791661540.203,971.475,"zaino_sync_iteration_duration_seconds{quantile=""0.9""}",0.0001404442374329535
1791661540.203,971.475,zaino_sync_iteration_duration_seconds_sum,0.17507464099999998
1791661540.203,971.475,zaino_sync_iteration_duration_seconds_count,1856.0
1791661540.203,971.475,"zaino_sync_block_build_seconds{quantile=""0.5""}",0.0003749566902629937
1791661540.203,971.475,"zaino_sync_block_build_seconds{quantile=""0.9""}",0.0006921554220323856
1791661540.203,971.475,"zaino_sync_block_build_seconds{quantile=""0.95""}",0.0009287230050290227
1791661540.203,971.475,"zaino_sync_block_build_seconds{quantile=""0.99""}",0.002652374440788371
1791661540.203,971.475,"zaino_sync_block_build_seconds{quantile=""0.999""}",0.004485523701184167
1791661540.203,971.475,zaino_sync_block_build_seconds_sum,1977.1071695961018
1791661540.203,971.475,zaino_sync_block_build_seconds_count,4153958.0
1791661542.204,973.475,zaino_sync_iterations_total,1860.0
1791661542.204,973.475,"zaino_grpc_requests_total{method=""get_block""}",388.0
1791661542.204,973.475,"zaino_grpc_requests_total{method=""get_lightd_info""}",194.0
1791661542.204,973.475,zaino_sync_finalized_height,4157332.0
1791661542.204,973.475,"zaino_grpc_request_duration_seconds{method=""get_block"",quantile=""0.9""}",0.0005167765250324783
1791661542.204,973.475,"zaino_grpc_request_duration_seconds{method=""get_block"",quantile=""0.95""}",0.0005368992861579653
1791661542.204,973.475,"zaino_grpc_request_duration_seconds{method=""get_block"",quantile=""0.99""}",0.0005368992861579653
1791661542.204,973.475,"zaino_grpc_request_duration_seconds{method=""get_block"",quantile=""0.999""}",0.0005368992861579653
1791661542.204,973.475,"zaino_grpc_request_duration_seconds{method=""get_block"",quantile=""1""}",0.000769769
1791661542.204,973.475,"zaino_grpc_request_duration_seconds_sum{method=""get_block""}",0.08025230500000008
1791661542.204,973.475,"zaino_grpc_request_duration_seconds_count{method=""get_block""}",388.0
1791661542.204,973.475,"zaino_grpc_request_duration_seconds_sum{method=""get_lightd_info""}",0.6173119310000003
1791661542.204,973.475,"zaino_grpc_request_duration_seconds_count{method=""get_lightd_info""}",194.0
1791661542.204,973.475,zaino_sync_iteration_duration_seconds_sum,0.17542206899999996
1791661542.204,973.475,zaino_sync_iteration_duration_seconds_count,1860.0
1791661542.204,973.475,"zaino_sync_block_build_seconds{quantile=""0.5""}",0.0003736092729798756
1791661542.204,973.475,"zaino_sync_block_build_seconds{quantile=""0.9""}",0.0006794003213042723
1791661542.204,973.475,"zaino_sync_block_build_seconds{quantile=""0.95""}",0.0009139816819641574
1791661542.204,973.475,"zaino_sync_block_build_seconds{quantile=""0.99""}",0.0023590411729100843
1791661542.204,973.475,"zaino_sync_block_build_seconds{quantile=""0.999""}",0.0027650404228595333
1791661542.204,973.475,zaino_sync_block_build_seconds_sum,1979.8127744441058
1791661542.204,973.475,zaino_sync_block_build_seconds_count,4158523.0
1791661544.204,975.476,zaino_sync_iterations_total,1864.0
1791661544.204,975.476,"zaino_sync_iteration_duration_seconds{quantile=""0.5""}",7.39811640736792e-05
1791661544.204,975.476,zaino_sync_iteration_duration_seconds_sum,0.17573422499999997
1791661544.204,975.476,zaino_sync_iteration_duration_seconds_count,1864.0
1791661544.204,975.476,"zaino_sync_block_build_seconds{quantile=""0.5""}",0.0003715229083176516
1791661544.204,975.476,"zaino_sync_block_build_seconds{quantile=""0.9""}",0.0006582669371011058
1791661544.204,975.476,"zaino_sync_block_build_seconds{quantile=""0.95""}",0.0008804300924644576
1791661544.204,975.476,"zaino_sync_block_build_seconds{quantile=""0.99""}",0.0016720580829570316
1791661544.204,975.476,"zaino_sync_block_build_seconds{quantile=""0.999""}",0.002425057544768001
1791661544.204,975.476,zaino_sync_block_build_seconds_sum,1982.728791260108
1791661544.204,975.476,zaino_sync_block_build_seconds_count,4164545.0
1791661546.204,977.476,"zaino_grpc_requests_total{method=""get_block""}",390.0
1791661546.204,977.476,"zaino_grpc_requests_total{method=""get_lightd_info""}",195.0
1791661546.204,977.476,zaino_sync_iterations_total,1868.0
1791661546.204,977.476,"zaino_grpc_request_duration_seconds{method=""get_block"",quantile=""0.9""}",0.0004569667025633169
1791661546.204,977.476,"zaino_grpc_request_duration_seconds{method=""get_block"",quantile=""0.95""}",0.0005167765250324783
1791661546.204,977.476,"zaino_grpc_request_duration_seconds_sum{method=""get_block""}",0.08062206900000007
1791661546.204,977.476,"zaino_grpc_request_duration_seconds_count{method=""get_block""}",390.0
1791661546.204,977.476,"zaino_grpc_request_duration_seconds{method=""get_lightd_info"",quantile=""0.5""}",0.002745203629898353
1791661546.204,977.476,"zaino_grpc_request_duration_seconds_sum{method=""get_lightd_info""}",0.6207866030000002
1791661546.204,977.476,"zaino_grpc_request_duration_seconds_count{method=""get_lightd_info""}",195.0
1791661546.204,977.476,"zaino_sync_iteration_duration_seconds{quantile=""0.9""}",0.00012601620666858698
1791661546.204,977.476,"zaino_sync_iteration_duration_seconds{quantile=""0.95""}",0.00018923895419193558
1791661546.204,977.476,"zaino_sync_iteration_duration_seconds{quantile=""0.99""}",0.00023090595930391967
1791661546.204,977.476,zaino_sync_iteration_duration_seconds_sum,0.17602511099999996
1791661546.204,977.476,zaino_sync_iteration_duration_seconds_count,1868.0
1791661546.204,977.476,"zaino_sync_block_write_seconds{quantile=""1""}",11.897551475
1791661546.204,977.476,"zaino_sync_block_build_seconds{quantile=""0.5""}",0.00036812057229327645
1791661546.204,977.476,"zaino_sync_block_build_seconds{quantile=""0.9""}",0.0006293015341482496
1791661546.204,977.476,"zaino_sync_block_build_seconds{quantile=""0.95""}",0.0007822782761661647
1791661546.204,977.476,"zaino_sync_block_build_seconds{quantile=""0.99""}",0.0010953295219226248
1791661546.204,977.476,"zaino_sync_block_build_seconds{quantile=""0.999""}",0.001450713134165937
1791661546.204,977.476,zaino_sync_block_build_seconds_sum,1986.0935502401035
1791661546.204,977.476,zaino_sync_block_build_seconds_count,4172714.0
1791661548.204,979.476,zaino_sync_iterations_total,1872.0
1791661548.204,979.476,"zaino_sync_iteration_duration_seconds{quantile=""0.9""}",0.0001404442374329535
1791661548.204,979.476,zaino_sync_iteration_duration_seconds_sum,0.17639645099999998
1791661548.204,979.476,zaino_sync_iteration_duration_seconds_count,1872.0
1791661548.204,979.476,"zaino_sync_block_build_seconds{quantile=""0.5""}",0.00036329331074079523
1791661548.204,979.476,"zaino_sync_block_build_seconds{quantile=""0.9""}",0.0006069282187337763
1791661548.204,979.476,"zaino_sync_block_build_seconds{quantile=""0.95""}",0.0007279341049198427
1791661548.204,979.476,"zaino_sync_block_build_seconds{quantile=""0.99""}",0.0009660451090131783
1791661548.204,979.476,"zaino_sync_block_build_seconds{quantile=""0.999""}",0.0010872539997169059
1791661548.204,979.476,zaino_sync_block_build_seconds_sum,1988.7639418321048
1791661548.204,979.476,zaino_sync_block_build_seconds_count,4178972.0
1791661550.204,981.476,zaino_sync_iterations_total,1876.0
1791661550.204,981.476,"zaino_sync_iteration_duration_seconds{quantile=""0.9""}",0.00012601620666858698
1791661550.204,981.476,zaino_sync_iteration_duration_seconds_sum,0.17669309699999997
1791661550.204,981.476,zaino_sync_iteration_duration_seconds_count,1876.0
1791661550.204,981.476,"zaino_sync_block_build_seconds{quantile=""0.5""}",0.0003650413104813969
1791661550.204,981.476,"zaino_sync_block_build_seconds{quantile=""0.9""}",0.000605836730570466
1791661550.204,981.476,"zaino_sync_block_build_seconds{quantile=""0.95""}",0.0007304132931164843
1791661550.204,981.476,"zaino_sync_block_build_seconds{quantile=""0.99""}",0.0009849693558618053
1791661550.204,981.476,"zaino_sync_block_build_seconds{quantile=""0.999""}",0.0011181273212831585
1791661550.204,981.476,zaino_sync_block_build_seconds_sum,1991.8130987301001
1791661550.204,981.476,zaino_sync_block_build_seconds_count,4184033.0
1791661552.204,983.476,"zaino_grpc_requests_total{method=""get_block""}",392.0
1791661552.204,983.476,"zaino_grpc_requests_total{method=""get_lightd_info""}",196.0
1791661552.204,983.476,zaino_sync_iterations_total,1880.0
1791661552.204,983.476,zaino_sync_finalized_height,4187785.0
1791661552.204,983.476,"zaino_grpc_request_duration_seconds_sum{method=""get_block""}",0.08096749600000007
1791661552.204,983.476,"zaino_grpc_request_duration_seconds_count{method=""get_block""}",392.0
1791661552.204,983.476,"zaino_grpc_request_duration_seconds{method=""get_lightd_info"",quantile=""0.9""}",0.003474516230593306
1791661552.204,983.476,"zaino_grpc_request_duration_seconds_sum{method=""get_lightd_info""}",0.6237761280000003
1791661552.204,983.476,"zaino_grpc_request_duration_seconds_count{method=""get_lightd_info""}",196.0
1791661552.204,983.476,"zaino_sync_iteration_duration_seconds{quantile=""0""}",4.5768e-05
1791661552.204,983.476,"zaino_sync_iteration_duration_seconds{quantile=""0.5""}",7.547568272973862e-05
1791661552.204,983.476,"zaino_sync_iteration_duration_seconds{quantile=""0.9""}",0.0001538549881949815
1791661552.204,983.476,"zaino_sync_iteration_duration_seconds{quantile=""0.95""}",0.00019137034398877082
1791661552.204,983.476,"zaino_sync_iteration_duration_seconds{quantile=""0.99""}",0.0006885655555678205
1791661552.204,983.476,zaino_sync_iteration_duration_seconds_sum,0.17704652599999998
1791661552.204,983.476,zaino_sync_iteration_duration_seconds_count,1880.0
1791661552.204,983.476,"zaino_sync_block_build_seconds{quantile=""0""}",0.000120691
1791661552.204,983.476,"zaino_sync_block_build_seconds{quantile=""0.5""}",0.00039104026210068176
1791661552.204,983.476,"zaino_sync_block_build_seconds{quantile=""0.9""}",0.000755825499678488
1791661552.204,983.476,"zaino_sync_block_build_seconds{quantile=""0.95""}",0.0018416377421487848
1791661552.204,983.476,"zaino_sync_block_build_seconds{quantile=""0.99""}",0.008566465822516547
1791661552.204,983.476,"zaino_sync_block_build_seconds{quantile=""0.999""}",0.028802300492332723
1791661552.204,983.476,zaino_sync_block_build_seconds_sum,1995.1832832031018
1791661552.204,983.476,zaino_sync_block_build_seconds_count,4189615.0
1791661554.205,985.476,zaino_sync_iterations_total,1884.0
1791661554.205,985.476,"zaino_sync_iteration_duration_seconds{quantile=""0.5""}",7.553608743478416e-05
1791661554.205,985.476,"zaino_sync_iteration_duration_seconds{quantile=""0.95""}",0.00018923895419193558
1791661554.205,985.476,zaino_sync_iteration_duration_seconds_sum,0.17754908799999997
1791661554.205,985.476,zaino_sync_iteration_duration_seconds_count,1884.0
1791661554.205,985.476,"zaino_sync_block_build_seconds{quantile=""0.5""}",0.00039307896751058623
1791661554.205,985.476,"zaino_sync_block_build_seconds{quantile=""0.9""}",0.0007349559231505052
1791661554.205,985.476,"zaino_sync_block_build_seconds{quantile=""0.95""}",0.0017017467996622573
1791661554.205,985.476,"zaino_sync_block_build_seconds{quantile=""0.99""}",0.008064367296029601
1791661554.205,985.476,"zaino_sync_block_build_seconds{quantile=""0.999""}",0.02781165735282975
1791661554.205,985.476,zaino_sync_block_build_seconds_sum,1998.9849296461125
1791661554.205,985.476,zaino_sync_block_build_seconds_count,4197946.0
1791661556.205,987.477,zaino_sync_orchard_actions_total,208753.0
1791661556.205,987.477,zaino_sync_transactions_total,4703147.0
1791661556.205,987.477,zaino_sync_sapling_outputs_total,368748.0
1791661556.205,987.477,"zaino_grpc_requests_total{method=""get_lightd_info""}",197.0
1791661556.205,987.477,"zaino_grpc_requests_total{method=""get_block""}",394.0
1791661556.205,987.477,zaino_sync_iterations_total,1888.0
1791661556.205,987.477,zaino_sync_last_block_written_at,1791661554.6845624
1791661556.205,987.477,zaino_db_tip_height,4099999.0
1791661556.205,987.477,"zaino_grpc_request_duration_seconds{method=""get_block"",quantile=""0.5""}",5.9860120805267204e-05
1791661556.205,987.477,"zaino_grpc_request_duration_seconds{method=""get_block"",quantile=""0.9""}",0.0005167765250324783
1791661556.205,987.477,"zaino_grpc_request_duration_seconds{method=""get_block"",quantile=""0.95""}",0.0005368992861579653
1791661556.205,987.477,"zaino_grpc_request_duration_seconds_sum{method=""get_block""}",0.08140409700000006
1791661556.205,987.477,"zaino_grpc_request_duration_seconds_count{method=""get_block""}",394.0
1791661556.205,987.477,"zaino_grpc_request_duration_seconds{method=""get_lightd_info"",quantile=""0.9""}",0.0037004530397037523
1791661556.205,987.477,"zaino_grpc_request_duration_seconds{method=""get_lightd_info"",quantile=""0.95""}",0.0037004530397037523
1791661556.205,987.477,"zaino_grpc_request_duration_seconds{method=""get_lightd_info"",quantile=""0.99""}",0.0037004530397037523
1791661556.205,987.477,"zaino_grpc_request_duration_seconds{method=""get_lightd_info"",quantile=""0.999""}",0.0037004530397037523
1791661556.205,987.477,"zaino_grpc_request_duration_seconds{method=""get_lightd_info"",quantile=""1""}",0.003844564
1791661556.205,987.477,"zaino_grpc_request_duration_seconds_sum{method=""get_lightd_info""}",0.6276206920000003
1791661556.205,987.477,"zaino_grpc_request_duration_seconds_count{method=""get_lightd_info""}",197.0
1791661556.205,987.477,"zaino_sync_iteration_duration_seconds{quantile=""0.5""}",7.640212587435703e-05
1791661556.205,987.477,"zaino_sync_iteration_duration_seconds{quantile=""0.9""}",0.00015468805238297382
1791661556.205,987.477,"zaino_sync_iteration_duration_seconds{quantile=""0.95""}",0.00019137034398877082
1791661556.205,987.477,zaino_sync_iteration_duration_seconds_sum,0.17846860899999997
1791661556.205,987.477,zaino_sync_iteration_duration_seconds_count,1888.0
1791661556.205,987.477,"zaino_sync_block_build_seconds{quantile=""0.5""}",0.0003876142045454816
1791661556.205,987.477,"zaino_sync_block_build_seconds{quantile=""0.9""}",0.00072227830517649
1791661556.205,987.477,"zaino_sync_block_build_seconds{quantile=""0.95""}",0.0015441216732320219
1791661556.205,987.477,"zaino_sync_block_build_seconds{quantile=""0.99""}",0.006834991710429701
1791661556.205,987.477,"zaino_sync_block_build_seconds{quantile=""0.999""}",0.026239220625092194
1791661556.205,987.477,zaino_sync_block_build_seconds_sum,2002.1145663341213
1791661556.205,987.477,zaino_sync_block_build_seconds_count,4206816.0
1791661558.205,989.477,zaino_sync_iterations_total,1892.0
1791661558.205,989.477,"zaino_sync_iteration_duration_seconds{quantile=""0.9""}",0.00015621144774646475
1791661558.205,989.477,"zaino_sync_iteration_duration_seconds{quantile=""0.95""}",0.00021413582818039363
1791661558.205,989.477,zaino_sync_iteration_duration_seconds_sum,0.17894679499999996
1791661558.205,989.477,zaino_sync_iteration_duration_seconds_count,1892.0
1791661558.205,989.477,"zaino_sync_block_build_seconds{quantile=""0.5""}",0.00038537254923614613
1791661558.205,989.477,"zaino_sync_block_build_seconds{quantile=""0.9""}",0.0007225672742894933
1791661558.205,989.477,"zaino_sync_block_build_seconds{quantile=""0.95""}",0.0015791002968529458
1791661558.205,989.477,"zaino_sync_block_build_seconds{quantile=""0.99""}",0.007544774901849068
1791661558.205,989.477,"zaino_sync_block_build_seconds{quantile=""0.999""}",0.026181557791898645
1791661558.205,989.477,zaino_sync_block_build_seconds_sum,2005.7964254731182
1791661558.205,989.477,zaino_sync_block_build_seconds_count,4212591.0
1791661560.205,991.477,zaino_sync_iterations_total,1896.0
1791661560.205,991.477,"zaino_sync_iteration_duration_seconds{quantile=""0.5""}",7.649386345725324e-05
1791661560.205,991.477,"zaino_sync_iteration_duration_seconds{quantile=""0.95""}",0.00023090595930391967
1791661560.205,991.477,zaino_sync_iteration_duration_seconds_sum,0.17939639699999996
1791661560.205,991.477,zaino_sync_iteration_duration_seconds_count,1896.0
1791661560.205,991.477,"zaino_sync_block_build_seconds{quantile=""0.5""}",0.00038560384214739353
1791661560.205,991.477,"zaino_sync_block_build_seconds{quantile=""0.9""}",0.0007304132931164843
1791661560.205,991.477,"zaino_sync_block_build_seconds{quantile=""0.95""}",0.0017072011116842473
1791661560.205,991.477,"zaino_sync_block_build_seconds{quantile=""0.99""}",0.00878508377908561
1791661560.205,991.477,"zaino_sync_block_build_seconds{quantile=""0.999""}",0.029750777385813002
1791661560.205,991.477,zaino_sync_block_build_seconds_sum,2009.872735988121
1791661560.205,991.477,zaino_sync_block_build_seconds_count,4213156.0
1791661562.205,993.477,"zaino_grpc_requests_total{method=""get_block""}",396.0
1791661562.205,993.477,"zaino_grpc_requests_total{method=""get_lightd_info""}",198.0
1791661562.205,993.477,zaino_sync_iterations_total,1900.0
1791661562.205,993.477,zaino_sync_finalized_height,4213709.0
1791661562.205,993.477,"zaino_grpc_request_duration_seconds_sum{method=""get_block""}",0.08176981200000007
1791661562.205,993.477,"zaino_grpc_request_duration_seconds_count{method=""get_block""}",396.0
1791661562.205,993.477,"zaino_grpc_request_duration_seconds_sum{method=""get_lightd_info""}",0.6303696000000003
1791661562.205,993.477,"zaino_grpc_request_duration_seconds_count{method=""get_lightd_info""}",198.0
1791661562.205,993.477,"zaino_sync_iteration_duration_seconds{quantile=""0.5""}",7.672368961525858e-05
1791661562.205,993.477,"zaino_sync_iteration_duration_seconds{quantile=""0.9""}",0.000173679305026643
1791661562.205,993.477,"zaino_sync_iteration_duration_seconds{quantile=""0.95""}",0.00023104454445135075
1791661562.205,993.477,zaino_sync_iteration_duration_seconds_sum,0.17999004399999996
1791661562.205,993.477,zaino_sync_iteration_duration_seconds_count,1900.0
1791661562.205,993.477,"zaino_sync_block_build_seconds{quantile=""0.5""}",0.00038583527387602896
1791661562.205,993.477,"zaino_sync_block_build_seconds{quantile=""0.9""}",0.0007370166834602663
1791661562.205,993.477,"zaino_sync_block_build_seconds{quantile=""0.95""}",0.0018026454004592852
1791661562.205,993.477,"zaino_sync_block_build_seconds{quantile=""0.99""}",0.009182093771838437
1791661562.205,993.477,"zaino_sync_block_build_seconds{quantile=""0.999""}",0.03129490367594725
1791661562.205,993.477,zaino_sync_block_build_seconds_sum,2013.8166549991179
1791661562.205,993.477,zaino_sync_block_build_seconds_count,4213912.0
1791661564.205,995.477,zaino_sync_iterations_total,1904.0
1791661564.205,995.477,"zaino_sync_iteration_duration_seconds{quantile=""0.9""}",0.00015621144774646475
1791661564.205,995.477,"zaino_sync_iteration_duration_seconds{quantile=""0.95""}",0.00023090595930391967
1791661564.205,995.477,"zaino_sync_iteration_duration_seconds{quantile=""0.99""}",0.0006523691146587752
1791661564.205,995.477,zaino_sync_iteration_duration_seconds_sum,0.18036629899999998
1791661564.205,995.477,zaino_sync_iteration_duration_seconds_count,1904.0
1791661564.205,995.477,"zaino_sync_block_build_seconds{quantile=""0.5""}",0.00038606684450536805
1791661564.205,995.477,"zaino_sync_block_build_seconds{quantile=""0.9""}",0.0007444238242976754
1791661564.205,995.477,"zaino_sync_block_build_seconds{quantile=""0.95""}",0.001895069006833874
1791661564.205,995.477,"zaino_sync_block_build_seconds{quantile=""0.99""}",0.009350737885367165
1791661564.205,995.477,"zaino_sync_block_build_seconds{quantile=""0.999""}",0.032663402533863614
1791661564.205,995.477,zaino_sync_block_build_seconds_sum,2017.7227504431205
1791661564.205,995.477,zaino_sync_block_build_seconds_count,4214779.0
1791661566.206,997.477,zaino_sync_iterations_total,1908.0
1791661566.206,997.477,"zaino_grpc_requests_total{method=""get_block""}",398.0
1791661566.206,997.477,"zaino_grpc_requests_total{method=""get_lightd_info""}",199.0
1791661566.206,997.477,"zaino_grpc_request_duration_seconds{method=""get_block"",quantile=""0.9""}",0.0004423097936676169
1791661566.206,997.477,"zaino_grpc_request_duration_seconds{method=""get_block"",quantile=""0.95""}",0.0005167765250324783
1791661566.206,997.477,"zaino_grpc_request_duration_seconds_sum{method=""get_block""}",0.08211462500000007
1791661566.206,997.477,"zaino_grpc_request_duration_seconds_count{method=""get_block""}",398.0
1791661566.206,997.477,"zaino_grpc_request_duration_seconds{method=""get_lightd_info"",quantile=""0.5""}",0.00274904960654851
1791661566.206,997.477,"zaino_grpc_request_duration_seconds_sum{method=""get_lightd_info""}",0.6333655380000003
1791661566.206,997.477,"zaino_grpc_request_duration_seconds_count{method=""get_lightd_info""}",199.0
1791661566.206,997.477,zaino_sync_iteration_duration_seconds_sum,0.180664672
1791661566.206,997.477,zaino_sync_iteration_duration_seconds_count,1908.0
1791661566.206,997.477,"zaino_sync_block_build_seconds{quantile=""0.5""}",0.000386375821556344
1791661566.206,997.477,"zaino_sync_block_build_seconds{quantile=""0.9""}",0.0007546171458158469
1791661566.206,997.477,"zaino_sync_block_build_seconds{quantile=""0.95""}",0.001989842029152049
1791661566.206,997.477,"zaino_sync_block_build_seconds{quantile=""0.99""}",0.009478776610870895
1791661566.206,997.477,"zaino_sync_block_build_seconds{quantile=""0.999""}",0.03332324703710254
1791661566.206,997.477,zaino_sync_block_build_seconds_sum,2021.6220056831182
1791661566.206,997.477,zaino_sync_block_build_seconds_count,4215564.0
1791661568.206,999.478,zaino_sync_iterations_total,1909.0
1791661568.206,999.478,zaino_sync_iteration_duration_seconds_sum,0.180742403
1791661568.206,999.478,zaino_sync_iteration_duration_seconds_count,1909.0
1791661568.206,999.478,"zaino_sync_block_write_seconds{quantile=""0""}",11.890979669
1791661568.206,999.478,"zaino_sync_block_write_seconds{quantile=""0.5""}",11.890027258446501
1791661568.206,999.478,"zaino_sync_block_write_seconds{quantile=""0.9""}",11.890027258446501
1791661568.206,999.478,"zaino_sync_block_write_seconds{quantile=""0.95""}",11.890027258446501
1791661568.206,999.478,"zaino_sync_block_write_seconds{quantile=""0.99""}",11.890027258446501
1791661568.206,999.478,"zaino_sync_block_write_seconds{quantile=""0.999""}",11.890027258446501
1791661568.206,999.478,zaino_sync_block_write_seconds_sum,344.63713781300004
1791661568.206,999.478,zaino_sync_block_write_seconds_count,42.0
1791661568.206,999.478,"zaino_sync_block_build_seconds{quantile=""0.5""}",0.0003842950153461281
1791661568.206,999.478,"zaino_sync_block_build_seconds{quantile=""0.9""}",0.0007424908363213435
1791661568.206,999.478,"zaino_sync_block_build_seconds{quantile=""0.95""}",0.0019457650724561898
1791661568.206,999.478,"zaino_sync_block_build_seconds{quantile=""0.99""}",0.009422074228271505
1791661568.206,999.478,"zaino_sync_block_build_seconds{quantile=""0.999""}",0.03382686342447117
1791661568.206,999.478,zaino_sync_block_build_seconds_sum,2025.157039887129
1791661568.206,999.478,zaino_sync_block_build_seconds_count,4222299.0
1791661570.206,1001.478,zaino_sync_iterations_total,1913.0
1791661570.206,1001.478,"zaino_sync_iteration_duration_seconds{quantile=""0.5""}",7.71854155471078e-05
1791661570.206,1001.478,"zaino_sync_iteration_duration_seconds{quantile=""0.9""}",0.00015468805238297382
1791661570.206,1001.478,zaino_sync_iteration_duration_seconds_sum,0.18109768299999998
1791661570.206,1001.478,zaino_sync_iteration_duration_seconds_count,1913.0
1791661570.206,1001.478,"zaino_sync_block_build_seconds{quantile=""0.5""}",0.0003826078317987739
1791661570.206,1001.478,"zaino_sync_block_build_seconds{quantile=""0.9""}",0.0007408591519868784
1791661570.206,1001.478,"zaino_sync_block_build_seconds{quantile=""0.95""}",0.00196335599859597
1791661570.206,1001.478,"zaino_sync_block_build_seconds{quantile=""0.99""}",0.009335788667264394
1791661570.206,1001.478,"zaino_sync_block_build_seconds{quantile=""0.999""}",0.03315704664858497
1791661570.206,1001.478,zaino_sync_block_build_seconds_sum,2027.8635415111332
1791661570.206,1001.478,zaino_sync_block_build_seconds_count,4227975.0
1791661572.206,1003.478,zaino_sync_iterations_total,1917.0
1791661572.206,1003.478,"zaino_grpc_requests_total{method=""get_lightd_info""}",200.0
1791661572.206,1003.478,"zaino_grpc_requests_total{method=""get_block""}",400.0
1791661572.206,1003.478,zaino_sync_finalized_height,4231730.0
1791661572.206,1003.478,"zaino_grpc_request_duration_seconds_sum{method=""get_block""}",0.08247503800000007
1791661572.206,1003.478,"zaino_grpc_request_duration_seconds_count{method=""get_block""}",400.0
1791661572.206,1003.478,"zaino_grpc_request_duration_seconds{method=""get_lightd_info"",quantile=""0.9""}",0.003474516230593306
1791661572.206,1003.478,"zaino_grpc_request_duration_seconds_sum{method=""get_lightd_info""}",0.6365896300000002
1791661572.206,1003.478,"zaino_grpc_request_duration_seconds_count{method=""get_lightd_info""}",200.0
1791661572.206,1003.478,"zaino_sync_iteration_duration_seconds{quantile=""0.5""}",7.961563725652606e-05
1791661572.206,1003.478,"zaino_sync_iteration_duration_seconds{quantile=""0.9""}",0.00014299512281011037
1791661572.206,1003.478,"zaino_sync_iteration_duration_seconds{quantile=""0.95""}",0.00023104454445135075
1791661572.206,1003.478,"zaino_sync_iteration_duration_seconds{quantile=""0.999""}",0.0006523691146587752
1791661572.206,1003.478,zaino_sync_iteration_duration_seconds_sum,0.18150587799999998
1791661572.206,1003.478,zaino_sync_iteration_duration_seconds_count,1917.0
1791661572.206,1003.478,"zaino_sync_block_build_seconds{quantile=""0.5""}",0.0003651143260450495
1791661572.206,1003.478,"zaino_sync_block_build_seconds{quantile=""0.9""}",0.0006193128322749663
1791661572.206,1003.478,"zaino_sync_block_build_seconds{quantile=""0.95""}",0.0018649891829157852
1791661572.206,1003.478,"zaino_sync_block_build_seconds{quantile=""0.99""}",0.007475681290473657
1791661572.206,1003.478,"zaino_sync_block_build_seconds{quantile=""0.999""}",0.029144180765954625
1791661572.206,1003.478,"zaino_sync_block_build_seconds{quantile=""1""}",0.088223437
1791661572.206,1003.478,zaino_sync_block_build_seconds_sum,2030.526450001125
1791661572.206,1003.478,zaino_sync_block_build_seconds_count,4233543.0
1791661574.206,1005.478,zaino_sync_iterations_total,1921.0
1791661574.206,1005.478,"zaino_sync_iteration_duration_seconds{quantile=""0.9""}",0.00014233885581430396
1791661574.206,1005.478,"zaino_sync_iteration_duration_seconds{quantile=""0.95""}",0.000173679305026643
1791661574.206,1005.478,zaino_sync_iteration_duration_seconds_sum,0.18182356999999996
1791661574.206,1005.478,zaino_sync_iteration_duration_seconds_count,1921.0
1791661574.206,1005.478,"zaino_sync_block_build_seconds{quantile=""0.9""}",0.0006386844592617245
1791661574.206,1005.478,"zaino_sync_block_build_seconds{quantile=""0.95""}",0.0019198657335091748
1791661574.206,1005.478,"zaino_sync_block_build_seconds{quantile=""0.99""}",0.0070262649105684175
1791661574.206,1005.478,"zaino_sync_block_build_seconds{quantile=""0.999""}",0.02884842105988918
1791661574.206,1005.478,zaino_sync_block_build_seconds_sum,2033.2338184561256
1791661574.206,1005.478,zaino_sync_block_build_seconds_count,4238007.0
1791661576.206,1007.478,zaino_sync_iterations_total,1925.0
1791661576.206,1007.478,"zaino_grpc_requests_total{method=""get_block""}",402.0
1791661576.206,1007.478,"zaino_grpc_requests_total{method=""get_lightd_info""}",201.0
1791661576.206,1007.478,"zaino_grpc_request_duration_seconds{method=""get_block"",quantile=""0""}",1.0906e-05
1791661576.206,1007.478,"zaino_grpc_request_duration_seconds{method=""get_block"",quantile=""0.9""}",0.00043729609438723777
1791661576.206,1007.478,"zaino_grpc_request_duration_seconds{method=""get_block"",quantile=""0.95""}",0.0004423097936676169
1791661576.206,1007.478,"zaino_grpc_request_duration_seconds{method=""get_block"",quantile=""0.99""}",0.0004423097936676169
1791661576.206,1007.478,"zaino_grpc_request_duration_seconds{method=""get_block"",quantile=""0.999""}",0.0004423097936676169
1791661576.206,1007.478,"zaino_grpc_request_duration_seconds_sum{method=""get_block""}",0.08292563200000007
1791661576.206,1007.478,"zaino_grpc_request_duration_seconds_count{method=""get_block""}",402.0
1791661576.206,1007.478,"zaino_grpc_request_duration_seconds{method=""get_lightd_info"",quantile=""0""}",0.002733678
1791661576.206,1007.478,"zaino_grpc_request_duration_seconds{method=""get_lightd_info"",quantile=""0.5""}",0.002995931658900125
1791661576.206,1007.478,"zaino_grpc_request_duration_seconds{method=""get_lightd_info"",quantile=""0.95""}",0.003474516230593306
1791661576.206,1007.478,"zaino_grpc_request_duration_seconds{method=""get_lightd_info"",quantile=""0.99""}",0.003474516230593306
1791661576.206,1007.478,"zaino_grpc_request_duration_seconds{method=""get_lightd_info"",quantile=""0.999""}",0.003474516230593306
1791661576.206,1007.478,"zaino_grpc_request_duration_seconds_sum{method=""get_lightd_info""}",0.6398653830000003
1791661576.206,1007.478,"zaino_grpc_request_duration_seconds_count{method=""get_lightd_info""}",201.0
1791661576.206,1007.478,"zaino_sync_iteration_duration_seconds{quantile=""0.5""}",7.956788220196195e-05
1791661576.206,1007.478,zaino_sync_iteration_duration_seconds_sum,0.18216060399999998
1791661576.206,1007.478,zaino_sync_iteration_duration_seconds_count,1925.0
1791661576.206,1007.478,"zaino_sync_block_build_seconds{quantile=""0.5""}",0.0003648953231561291
1791661576.206,1007.478,"zaino_sync_block_build_seconds{quantile=""0.9""}",0.000656032629981999
1791661576.206,1007.478,"zaino_sync_block_build_seconds{quantile=""0.95""}",0.0019870581994374486
1791661576.206,1007.478,"zaino_sync_block_build_seconds{quantile=""0.99""}",0.006652916016473639
1791661576.206,1007.478,"zaino_sync_block_build_seconds{quantile=""0.999""}",0.02871602307140757
1791661576.206,1007.478,zaino_sync_block_build_seconds_sum,2035.8602528261208
1791661576.206,1007.478,zaino_sync_block_build_seconds_count,4242368.0
1791661578.207,1009.478,zaino_sync_iterations_total,1929.0
1791661578.207,1009.478,"zaino_sync_iteration_duration_seconds{quantile=""0.5""}",7.803914200811615e-05
1791661578.207,1009.478,zaino_sync_iteration_duration_seconds_sum,0.18242684199999998
1791661578.207,1009.478,zaino_sync_iteration_duration_seconds_count,1929.0
1791661578.207,1009.478,"zaino_sync_block_build_seconds{quantile=""0.5""}",0.00036679772078999646
1791661578.207,1009.478,"zaino_sync_block_build_seconds{quantile=""0.9""}",0.0006534137407237097
1791661578.207,1009.478,"zaino_sync_block_build_seconds{quantile=""0.95""}",0.0019411008355898216
1791661578.207,1009.478,"zaino_sync_block_build_seconds{quantile=""0.99""}",0.0059706467621935995
1791661578.207,1009.478,"zaino_sync_block_build_seconds{quantile=""0.999""}",0.028294155449409535
1791661578.207,1009.478,zaino_sync_block_build_seconds_sum,2039.1603073971135
1791661578.207,1009.478,zaino_sync_block_build_seconds_count,4249085.0
1791661580.207,1011.479,zaino_sync_iterations_total,1933.0
1791661580.207,1011.479,"zaino_sync_iteration_duration_seconds{quantile=""0.5""}",7.772760892059751e-05
1791661580.207,1011.479,"zaino_sync_iteration_duration_seconds{quantile=""0.9""}",0.00013993954716406197
1791661580.207,1011.479,zaino_sync_iteration_duration_seconds_sum,0.18275230999999997
1791661580.207,1011.479,zaino_sync_iteration_duration_seconds_count,1933.0
1791661580.207,1011.479,"zaino_sync_block_build_seconds{quantile=""0.5""}",0.0003673115972303902
1791661580.207,1011.479,"zaino_sync_block_build_seconds{quantile=""0.9""}",0.0006577405341389302
1791661580.207,1011.479,"zaino_sync_block_build_seconds{quantile=""0.95""}",0.0019803136737278114
1791661580.207,1011.479,"zaino_sync_block_build_seconds{quantile=""0.99""}",0.0053369549515693395
1791661580.207,1011.479,"zaino_sync_block_build_seconds{quantile=""0.999""}",0.027501904642564606
1791661580.207,1011.479,zaino_sync_block_build_seconds_sum,2042.0899586071162
1791661580.207,1011.479,zaino_sync_block_build_seconds_count,4254290.0
1791661582.207,1013.479,"zaino_grpc_requests_total{method=""get_lightd_info""}",202.0
1791661582.207,1013.479,"zaino_grpc_requests_total{method=""get_block""}",404.0
1791661582.207,1013.479,zaino_sync_iterations_total,1937.0
1791661582.207,1013.479,zaino_sync_finalized_height,4259498.0
1791661582.207,1013.479,"zaino_grpc_request_duration_seconds{method=""get_block"",quantile=""0.9""}",0.0004423097936676169
1791661582.207,1013.479,"zaino_grpc_request_duration_seconds{method=""get_block"",quantile=""0.95""}",0.0006706252784580727
1791661582.207,1013.479,"zaino_grpc_request_duration_seconds{method=""get_block"",quantile=""0.99""}",0.0006706252784580727
1791661582.207,1013.479,"zaino_grpc_request_duration_seconds{method=""get_block"",quantile=""0.999""}",0.0006706252784580727
1791661582.207,1013.479,"zaino_grpc_request_duration_seconds_sum{method=""get_block""}",0.08361009800000008
1791661582.207,1013.479,"zaino_grpc_request_duration_seconds_count{method=""get_block""}",404.0
1791661582.207,1013.479,"zaino_grpc_request_duration_seconds{method=""get_lightd_info"",quantile=""0.5""}",0.0029893478540693784
1791661582.207,1013.479,"zaino_grpc_request_duration_seconds_sum{method=""get_lightd_info""}",0.6426352290000003
1791661582.207,1013.479,"zaino_grpc_request_duration_seconds_count{method=""get_lightd_info""}",202.0
1791661582.207,1013.479,"zaino_sync_iteration_duration_seconds{quantile=""0.5""}",7.738635874115433e-05
1791661582.207,1013.479,"zaino_sync_iteration_duration_seconds{quantile=""0.9""}",0.00014233885581430396
1791661582.207,1013.479,zaino_sync_iteration_duration_seconds_sum,0.18310352899999996
1791661582.207,1013.479,zaino_sync_iteration_duration_seconds_count,1937.0
1791661582.207,1013.479,"zaino_sync_block_build_seconds{quantile=""0.5""}",0.0003656258440822958
1791661582.207,1013.479,"zaino_sync_block_build_seconds{quantile=""0.9""}",0.0006453614377668052
1791661582.207,1013.479,"zaino_sync_block_build_seconds{quantile=""0.95""}",0.0019372225135205578
1791661582.207,1013.479,"zaino_sync_block_build_seconds{quantile=""0.99""}",0.004709846212031026
1791661582.207,1013.479,"zaino_sync_block_build_seconds{quantile=""0.999""}",0.026838978752571116
1791661582.207,1013.479,zaino_sync_block_build_seconds_sum,2045.1284629281029
1791661582.207,1013.479,zaino_sync_block_build_seconds_count,4261634.0
1791661584.207,1015.479,zaino_sync_iterations_total,1941.0
1791661584.207,1015.479,"zaino_sync_iteration_duration_seconds{quantile=""0.5""}",7.741731947648823e-05
1791661584.207,1015.479,"zaino_sync_iteration_duration_seconds{quantile=""0.9""}",0.00013993954716406197
1791661584.207,1015.479,"zaino_sync_iteration_duration_seconds{quantile=""0.95""}",0.0001554012565382538
1791661584.207,1015.479,"zaino_sync_iteration_duration_seconds{quantile=""0.99""}",0.0002958967351974041
1791661584.207,1015.479,zaino_sync_iteration_duration_seconds_sum,0.18342371399999993
1791661584.207,1015.479,zaino_sync_iteration_duration_seconds_count,1941.0
1791661584.207,1015.479,"zaino_sync_block_build_seconds{quantile=""0.5""}",0.0003652604009889955
1791661584.207,1015.479,"zaino_sync_block_build_seconds{quantile=""0.9""}",0.0006225416466553564
1791661584.207,1015.479,"zaino_sync_block_build_seconds{quantile=""0.95""}",0.0018814735124516124
1791661584.207,1015.479,"zaino_sync_block_build_seconds{quantile=""0.99""}",0.004715501419950441
1791661584.207,1015.479,"zaino_sync_block_build_seconds{quantile=""0.999""}",0.026769288044761367
1791661584.207,1015.479,zaino_sync_block_build_seconds_sum,2048.07792620309
1791661584.207,1015.479,zaino_sync_block_build_seconds_count,4268474.0
1791661586.207,1017.479,zaino_sync_iterations_total,1945.0
1791661586.207,1017.479,"zaino_grpc_requests_total{method=""get_lightd_info""}",203.0
1791661586.207,1017.479,"zaino_grpc_requests_total{method=""get_block""}",406.0
1791661586.207,1017.479,"zaino_grpc_request_duration_seconds{method=""get_block"",quantile=""0.95""}",0.0004785738461855025
1791661586.207,1017.479,"zaino_grpc_request_duration_seconds_sum{method=""get_block""}",0.08410280600000007
1791661586.207,1017.479,"zaino_grpc_request_duration_seconds_count{method=""get_block""}",406.0
1791661586.207,1017.479,"zaino_grpc_request_duration_seconds{method=""get_lightd_info"",quantile=""0.5""}",0.002995931658900125
1791661586.207,1017.479,"zaino_grpc_request_duration_seconds_sum{method=""get_lightd_info""}",0.6458854290000002
1791661586.207,1017.479,"zaino_grpc_request_duration_seconds_count{method=""get_lightd_info""}",203.0
1791661586.207,1017.479,"zaino_sync_iteration_duration_seconds{quantile=""0.5""}",7.738635874115433e-05
1791661586.207,1017.479,zaino_sync_iteration_duration_seconds_sum,0.18370332499999995
1791661586.207,1017.479,zaino_sync_iteration_duration_seconds_count,1945.0
1791661586.207,1017.479,"zaino_sync_block_write_seconds{quantile=""1""}",11.890979669
1791661586.207,1017.479,"zaino_sync_block_build_seconds{quantile=""0.5""}",0.0003636567857599674
1791661586.207,1017.479,"zaino_sync_block_build_seconds{quantile=""0.9""}",0.0005918247307875874
1791661586.207,1017.479,"zaino_sync_block_build_seconds{quantile=""0.95""}",0.0017595449998940341
1791661586.207,1017.479,"zaino_sync_block_build_seconds{quantile=""0.99""}",0.004499900367473855
1791661586.207,1017.479,"zaino_sync_block_build_seconds{quantile=""0.999""}",0.026239220625092194
1791661586.207,1017.479,zaino_sync_block_build_seconds_sum,2051.3846090170914
1791661586.207,1017.479,zaino_sync_block_build_seconds_count,4277658.0
1791661588.207,1019.479,zaino_sync_iterations_total,1949.0
1791661588.207,1019.479,"zaino_sync_iteration_duration_seconds{quantile=""0.5""}",7.741731947648823e-05
1791661588.207,1019.479,"zaino_sync_iteration_duration_seconds{quantile=""0.9""}",0.00014233885581430396
1791661588.207,1019.479,"zaino_sync_iteration_duration_seconds{quantile=""0.95""}",0.000173679305026643
1791661588.207,1019.479,zaino_sync_iteration_duration_seconds_sum,0.18416523499999995
1791661588.207,1019.479,zaino_sync_iteration_duration_seconds_count,1949.0
1791661588.207,1019.479,"zaino_sync_block_build_seconds{quantile=""0.5""}",0.00036402062443595835
1791661588.207,1019.479,"zaino_sync_block_build_seconds{quantile=""0.9""}",0.0005818487464516004
1791661588.207,1019.479,"zaino_sync_block_build_seconds{quantile=""0.95""}",0.0017222907786735944
1791661588.207,1019.479,"zaino_sync_block_build_seconds{quantile=""0.99""}",0.004382657413762406
1791661588.207,1019.479,"zaino_sync_block_build_seconds{quantile=""0.999""}",0.025250734937139117
1791661588.207,1019.479,zaino_sync_block_build_seconds_sum,2054.473705774101
1791661588.207,1019.479,zaino_sync_block_build_seconds_count,4284516.0
1791661590.208,1021.479,zaino_sync_iterations_total,1953.0
1791661590.208,1021.479,"zaino_sync_iteration_duration_seconds{quantile=""0.5""}",7.684654577777314e-05
1791661590.208,1021.479,"zaino_sync_iteration_duration_seconds{quantile=""0.9""}",0.00013993954716406197
1791661590.208,1021.479,zaino_sync_iteration_duration_seconds_sum,0.18440810499999993
1791661590.208,1021.479,zaino_sync_iteration_duration_seconds_count,1953.0
1791661590.208,1021.479,"zaino_sync_block_build_seconds{quantile=""0.5""}",0.00036687108767084254
1791661590.208,1021.479,"zaino_sync_block_build_seconds{quantile=""0.9""}",0.0005834802059244786
1791661590.208,1021.479,"zaino_sync_block_build_seconds{quantile=""0.95""}",0.0016540970199228038
1791661590.208,1021.479,"zaino_sync_block_build_seconds{quantile=""0.99""}",0.004231071436919358
1791661590.208,1021.479,"zaino_sync_block_build_seconds{quantile=""0.999""}",0.02481517252990806
1791661590.208,1021.479,zaino_sync_block_build_seconds_sum,2058.0592084001178
1791661590.208,1021.479,zaino_sync_block_build_seconds_count,4291830.0
1791661592.208,1023.480,zaino_sync_iterations_total,1957.0
1791661592.208,1023.480,"zaino_grpc_requests_total{method=""get_lightd_info""}",204.0
1791661592.208,1023.480,"zaino_grpc_requests_total{method=""get_block""}",408.0
1791661592.208,1023.480,zaino_sync_finalized_height,4297298.0
1791661592.208,1023.480,"zaino_grpc_request_duration_seconds_sum{method=""get_block""}",0.08444162700000007
1791661592.208,1023.480,"zaino_grpc_request_duration_seconds_count{method=""get_block""}",408.0
1791661592.208,1023.480,"zaino_grpc_request_duration_seconds{method=""get_lightd_info"",quantile=""0.9""}",0.003275449969482348
1791661592.208,1023.480,"zaino_grpc_request_duration_seconds_sum{method=""get_lightd_info""}",0.6490264360000002
1791661592.208,1023.480,"zaino_grpc_request_duration_seconds_count{method=""get_lightd_info""}",204.0
1791661592.208,1023.480,"zaino_sync_iteration_duration_seconds{quantile=""0""}",4.865e-05
1791661592.208,1023.480,"zaino_sync_iteration_duration_seconds{quantile=""0.5""}",7.811722018296532e-05
1791661592.208,1023.480,"zaino_sync_iteration_duration_seconds{quantile=""0.9""}",0.00014299512281011037
1791661592.208,1023.480,"zaino_sync_iteration_duration_seconds{quantile=""0.95""}",0.00023104454445135075
1791661592.208,1023.480,"zaino_sync_iteration_duration_seconds{quantile=""0.999""}",0.0002958967351974041
1791661592.208,1023.480,"zaino_sync_iteration_duration_seconds{quantile=""1""}",0.000652366
1791661592.208,1023.480,zaino_sync_iteration_duration_seconds_sum,0.18477303899999992
1791661592.208,1023.480,zaino_sync_iteration_duration_seconds_count,1957.0
1791661592.208,1023.480,"zaino_sync_block_build_seconds{quantile=""0""}",0.000126757
1791661592.208,1023.480,"zaino_sync_block_build_seconds{quantile=""0.5""}",0.00036584528541529324
1791661592.208,1023.480,"zaino_sync_block_build_seconds{quantile=""0.9""}",0.0005838303990966462
1791661592.208,1023.480,"zaino_sync_block_build_seconds{quantile=""0.95""}",0.0015469035952317932
1791661592.208,1023.480,"zaino_sync_block_build_seconds{quantile=""0.99""}",0.007955434323667597
1791661592.208,1023.480,"zaino_sync_block_build_seconds{quantile=""0.999""}",0.02879078187597424
1791661592.208,1023.480,zaino_sync_block_build_seconds_sum,2061.1533302341077
1791661592.208,1023.480,zaino_sync_block_build_seconds_count,4298727.0
1791661594.208,1025.480,zaino_sync_orchard_actions_total,240755.0
1791661594.208,1025.480,zaino_sync_sapling_outputs_total,382612.0
1791661594.208,1025.480,zaino_sync_transactions_total,4815351.0
1791661594.208,1025.480,zaino_sync_iterations_total,1961.0
1791661594.208,1025.480,zaino_sync_last_block_written_at,1791661592.7919798
1791661594.208,1025.480,zaino_db_tip_height,4199999.0
1791661594.208,1025.480,"zaino_sync_iteration_duration_seconds{quantile=""0.5""}",7.926609800171586e-05
1791661594.208,1025.480,zaino_sync_iteration_duration_seconds_sum,0.18525541499999992
1791661594.208,1025.480,zaino_sync_iteration_duration_seconds_count,1961.0
1791661594.208,1025.480,"zaino_sync_block_build_seconds{quantile=""0.5""}",0.0003641662618117515
1791661594.208,1025.480,"zaino_sync_block_build_seconds{quantile=""0.9""}",0.0005853503331974657
1791661594.208,1025.480,"zaino_sync_block_build_seconds{quantile=""0.95""}",0.0013913232212571366
1791661594.208,1025.480,"zaino_sync_block_build_seconds{quantile=""0.99""}",0.007386509217192729
1791661594.208,1025.480,"zaino_sync_block_build_seconds{quantile=""0.999""}",0.028555662769592937
1791661594.208,1025.480,zaino_sync_block_build_seconds_sum,2064.1011244641086
1791661594.208,1025.480,zaino_sync_block_build_seconds_count,4305907.0
1791661596.208,1027.480,zaino_sync_iterations_total,1965.0
1791661596.208,1027.480,"zaino_grpc_requests_total{method=""get_lightd_info""}",205.0
1791661596.208,1027.480,"zaino_grpc_requests_total{method=""get_block""}",410.0
1791661596.208,1027.480,"zaino_grpc_request_duration_seconds{method=""get_block"",quantile=""0""}",1.2135e-05
1791661596.208,1027.480,"zaino_grpc_request_duration_seconds{method=""get_block"",quantile=""0.5""}",2.395580124023363e-05
1791661596.208,1027.480,"zaino_grpc_request_duration_seconds{method=""get_block"",quantile=""0.9""}",0.0004785738461855025
1791661596.208,1027.480,"zaino_grpc_request_duration_seconds{method=""get_block"",quantile=""0.95""}",0.0005814997419143976
1791661596.208,1027.480,"zaino_grpc_request_duration_seconds{method=""get_block"",quantile=""0.99""}",0.0005814997419143976
1791661596.208,1027.480,"zaino_grpc_request_duration_seconds{method=""get_block"",quantile=""0.999""}",0.0005814997419143976
1791661596.208,1027.480,"zaino_grpc_request_duration_seconds{method=""get_block"",quantile=""1""}",0.000670688
1791661596.208,1027.480,"zaino_grpc_request_duration_seconds_sum{method=""get_block""}",0.08504055700000007
1791661596.208,1027.480,"zaino_grpc_request_duration_seconds_count{method=""get_block""}",410.0
1791661596.208,1027.480,"zaino_grpc_request_duration_seconds{method=""get_lightd_info"",quantile=""0""}",0.002748908
1791661596.208,1027.480,"zaino_grpc_request_duration_seconds{method=""get_lightd_info"",quantile=""0.5""}",0.003224104556705607
1791661596.208,1027.480,"zaino_grpc_request_duration_seconds{method=""get_lightd_info"",quantile=""0.9""}",0.003844544980740279
1791661596.208,1027.480,"zaino_grpc_request_duration_seconds{method=""get_lightd_info"",quantile=""0.95""}",0.003844544980740279
1791661596.208,1027.480,"zaino_grpc_request_duration_seconds{method=""get_lightd_info"",quantile=""0.99""}",0.003844544980740279
1791661596.208,1027.480,"zaino_grpc_request_duration_seconds{method=""get_lightd_info"",quantile=""0.999""}",0.003844544980740279
1791661596.208,1027.480,"zaino_grpc_request_duration_seconds{method=""get_lightd_info"",quantile=""1""}",0.003904193
1791661596.208,1027.480,"zaino_grpc_request_duration_seconds_sum{method=""get_lightd_info""}",0.6529306290000002
1791661596.208,1027.480,"zaino_grpc_request_duration_seconds_count{method=""get_lightd_info""}",205.0
1791661596.208,1027.480,"zaino_sync_iteration_duration_seconds{quantile=""0.5""}",8.130524442723016e-05
1791661596.208,1027.480,"zaino_sync_iteration_duration_seconds{quantile=""0.9""}",0.0001554012565382538
1791661596.208,1027.480,"zaino_sync_iteration_duration_seconds{quantile=""0.95""}",0.00023746269207750348
1791661596.208,1027.480,"zaino_sync_iteration_duration_seconds{quantile=""0.99""}",0.0006523691146587752
1791661596.208,1027.480,"zaino_sync_iteration_duration_seconds{quantile=""0.999""}",0.0006523691146587752
1791661596.208,1027.480,"zaino_sync_iteration_duration_seconds{quantile=""1""}",0.001101516
1791661596.208,1027.480,zaino_sync_iteration_duration_seconds_sum,0.1869928129999999
1791661596.208,1027.480,zaino_sync_iteration_duration_seconds_count,1965.0
1791661596.208,1027.480,"zaino_sync_block_build_seconds{quantile=""0.5""}",0.00036460352363200393
1791661596.208,1027.480,"zaino_sync_block_build_seconds{quantile=""0.9""}",0.0005990892157822729
1791661596.208,1027.480,"zaino_sync_block_build_seconds{quantile=""0.95""}",0.0016039274095538713
1791661596.208,1027.480,"zaino_sync_block_build_seconds{quantile=""0.99""}",0.008334931168368188
1791661596.208,1027.480,"zaino_sync_block_build_seconds{quantile=""0.999""}",0.029899903778541116
1791661596.208,1027.480,zaino_sync_block_build_seconds_sum,2067.240754255108
1791661596.208,1027.480,zaino_sync_block_build_seconds_count,4306487.0
1791661598.208,1029.480,zaino_sync_iterations_total,1969.0
1791661598.208,1029.480,"zaino_sync_iteration_duration_seconds{quantile=""0.5""}",8.222098172424357e-05
1791661598.208,1029.480,"zaino_sync_iteration_duration_seconds{quantile=""0.9""}",0.000173679305026643
1791661598.208,1029.480,"zaino_sync_iteration_duration_seconds{quantile=""0.95""}",0.00023984923181713367
1791661598.208,1029.480,zaino_sync_iteration_duration_seconds_sum,0.1876263529999999
1791661598.208,1029.480,zaino_sync_iteration_duration_seconds_count,1969.0
1791661598.208,1029.480,"zaino_sync_block_build_seconds{quantile=""0.5""}",0.0003648953231561291
1791661598.208,1029.480,"zaino_sync_block_build_seconds{quantile=""0.9""}",0.0006115584457875863
1791661598.208,1029.480,"zaino_sync_block_build_seconds{quantile=""0.95""}",0.0017371663527051004
1791661598.208,1029.480,"zaino_sync_block_build_seconds{quantile=""0.99""}",0.008969727156469607
1791661598.208,1029.480,"zaino_sync_block_build_seconds{quantile=""0.999""}",0.03055887840919874
1791661598.208,1029.480,zaino_sync_block_build_seconds_sum,2070.7829573421054
1791661598.208,1029.480,zaino_sync_block_build_seconds_count,4306817.0
1791661600.208,1031.480,zaino_sync_iterations_total,1973.0
1791661600.208,1031.480,"zaino_sync_iteration_duration_seconds{quantile=""0.5""}",8.293113143631727e-05
1791661600.208,1031.480,"zaino_sync_iteration_duration_seconds{quantile=""0.9""}",0.00017302057604308502
1791661600.208,1031.480,zaino_sync_iteration_duration_seconds_sum,0.18816660799999993
1791661600.208,1031.480,zaino_sync_iteration_duration_seconds_count,1973.0
1791661600.208,1031.480,"zaino_sync_block_build_seconds{quantile=""0.5""}",0.0003650413104813969
1791661600.208,1031.480,"zaino_sync_block_build_seconds{quantile=""0.9""}",0.0006222926797925561
1791661600.208,1031.480,"zaino_sync_block_build_seconds{quantile=""0.95""}",0.0018357539204898108
1791661600.208,1031.480,"zaino_sync_block_build_seconds{quantile=""0.99""}",0.009200476335879906
1791661600.208,1031.480,"zaino_sync_block_build_seconds{quantile=""0.999""}",0.030933980195436386
1791661600.208,1031.480,zaino_sync_block_build_seconds_sum,2073.999852311105
1791661600.208,1031.480,zaino_sync_block_build_seconds_count,4307065.0
1791661602.209,1033.480,zaino_sync_iterations_total,1977.0
1791661602.209,1033.480,"zaino_grpc_requests_total{method=""get_block""}",412.0
1791661602.209,1033.480,"zaino_grpc_requests_total{method=""get_lightd_info""}",206.0
1791661602.209,1033.480,zaino_sync_finalized_height,4307241.0
1791661602.209,1033.480,"zaino_grpc_request_duration_seconds_sum{method=""get_block""}",0.08549980700000007
1791661602.209,1033.480,"zaino_grpc_request_duration_seconds_count{method=""get_block""}",412.0
1791661602.209,1033.480,"zaino_grpc_request_duration_seconds{method=""get_lightd_info"",quantile=""0.5""}",0.003140729993073988
1791661602.209,1033.480,"zaino_grpc_request_duration_seconds_sum{method=""get_lightd_info""}",0.6560023090000002
1791661602.209,1033.480,"zaino_grpc_request_duration_seconds_count{method=""get_lightd_info""}",206.0
1791661602.209,1033.480,"zaino_sync_iteration_duration_seconds{quantile=""0.5""}",8.318029839501956e-05
1791661602.209,1033.480,zaino_sync_iteration_duration_seconds_sum,0.18858696099999991
1791661602.209,1033.480,zaino_sync_iteration_duration_seconds_count,1977.0
1791661602.209,1033.480,"zaino_sync_block_build_seconds{quantile=""0.5""}",0.0003652604009889955
1791661602.209,1033.480,"zaino_sync_block_build_seconds{quantile=""0.9""}",0.0006329620884041054
1791661602.209,1033.480,"zaino_sync_block_build_seconds{quantile=""0.95""}",0.0019237093072815858
1791661602.209,1033.480,"zaino_sync_block_build_seconds{quantile=""0.99""}",0.009350737885367165
1791661602.209,1033.480,"zaino_sync_block_build_seconds{quantile=""0.999""}",0.0330577245659237
1791661602.209,1033.480,zaino_sync_block_build_seconds_sum,2077.3913978341034
1791661602.209,1033.480,zaino_sync_block_build_seconds_count,4307342.0
1791661604.209,1035.481,zaino_sync_iterations_total,1981.0
1791661604.209,1035.481,"zaino_sync_iteration_duration_seconds{quantile=""0.5""}",8.32468692587525e-05
1791661604.209,1035.481,"zaino_sync_iteration_duration_seconds{quantile=""0.9""}",0.00016235909596708519
1791661604.209,1035.481,"zaino_sync_iteration_duration_seconds{quantile=""0.95""}",0.00023746269207750348
1791661604.209,1035.481,"zaino_sync_iteration_duration_seconds{quantile=""0.99""}",0.0004356375225054276
1791661604.209,1035.481,zaino_sync_iteration_duration_seconds_sum,0.18905180699999993
1791661604.209,1035.481,zaino_sync_iteration_duration_seconds_count,1981.0
1791661604.209,1035.481,"zaino_sync_block_build_seconds{quantile=""0.5""}",0.000351570593631832
1791661604.209,1035.481,"zaino_sync_block_build_seconds{quantile=""0.9""}",0.0004682538331500259
1791661604.209,1035.481,"zaino_sync_block_build_seconds{quantile=""0.95""}",0.000579062564645148
1791661604.209,1035.481,"zaino_sync_block_build_seconds{quantile=""0.99""}",0.0010561764362800748
1791661604.209,1035.481,"zaino_sync_block_build_seconds{quantile=""0.999""}",0.0012456472217789456
1791661604.209,1035.481,"zaino_sync_block_build_seconds{quantile=""1""}",0.112156942
1791661604.209,1035.481,zaino_sync_block_build_seconds_sum,2080.8319361291037
1791661604.209,1035.481,zaino_sync_block_build_seconds_count,4307599.0
1791661606.209,1037.481,"zaino_grpc_requests_total{method=""get_block""}",414.0
1791661606.209,1037.481,"zaino_grpc_requests_total{method=""get_lightd_info""}",207.0
1791661606.209,1037.481,zaino_sync_iterations_total,1985.0
1791661606.209,1037.481,"zaino_grpc_request_duration_seconds{method=""get_block"",quantile=""0.9""}",0.0004408966645356513
1791661606.209,1037.481,"zaino_grpc_request_duration_seconds{method=""get_block"",quantile=""0.95""}",0.0004785738461855025
1791661606.209,1037.481,"zaino_grpc_request_duration_seconds_sum{method=""get_block""}",0.08587382000000006
1791661606.209,1037.481,"zaino_grpc_request_duration_seconds_count{method=""get_block""}",414.0
1791661606.209,1037.481,"zaino_grpc_request_duration_seconds{method=""get_lightd_info"",quantile=""0.5""}",0.003224104556705607
1791661606.209,1037.481,"zaino_grpc_request_duration_seconds{method=""get_lightd_info"",quantile=""0.9""}",0.0039042092090411026
1791661606.209,1037.481,"zaino_grpc_request_duration_seconds{method=""get_lightd_info"",quantile=""0.95""}",0.0039042092090411026
1791661606.209,1037.481,"zaino_grpc_request_duration_seconds{method=""get_lightd_info"",quantile=""0.99""}",0.0039042092090411026
1791661606.209,1037.481,"zaino_grpc_request_duration_seconds{method=""get_lightd_info"",quantile=""0.999""}",0.0039042092090411026
1791661606.209,1037.481,"zaino_grpc_request_duration_seconds{method=""get_lightd_info"",quantile=""1""}",0.003953251
1791661606.209,1037.481,"zaino_grpc_request_duration_seconds_sum{method=""get_lightd_info""}",0.6599555600000002
1791661606.209,1037.481,"zaino_grpc_request_duration_seconds_count{method=""get_lightd_info""}",207.0
1791661606.209,1037.481,"zaino_sync_iteration_duration_seconds{quantile=""0.5""}",8.617762056681712e-05
1791661606.209,1037.481,"zaino_sync_iteration_duration_seconds{quantile=""0.9""}",0.00017302057604308502
1791661606.209,1037.481,"zaino_sync_iteration_duration_seconds{quantile=""0.95""}",0.00023860525295567536
1791661606.209,1037.481,zaino_sync_iteration_duration_seconds_sum,0.18975981499999994
1791661606.209,1037.481,zaino_sync_iteration_duration_seconds_count,1985.0
1791661606.209,1037.481,"zaino_sync_block_write_seconds{quantile=""1""}",12.085032257
1791661606.209,1037.481,zaino_sync_block_write_seconds_sum,356.72217007000006
1791661606.209,1037.481,zaino_sync_block_write_seconds_count,43.0
1791661606.209,1037.481,"zaino_sync_block_build_seconds{quantile=""0.5""}",0.00035178159928407984
1791661606.209,1037.481,"zaino_sync_block_build_seconds{quantile=""0.9""}",0.00046956678115663925
1791661606.209,1037.481,"zaino_sync_block_build_seconds{quantile=""0.95""}",0.0005853503331974657
1791661606.209,1037.481,"zaino_sync_block_build_seconds{quantile=""0.99""}",0.0010770816968112627
1791661606.209,1037.481,"zaino_sync_block_build_seconds{quantile=""0.999""}",0.0013061126094704337
1791661606.209,1037.481,zaino_sync_block_build_seconds_sum,2084.0054663721044
1791661606.209,1037.481,zaino_sync_block_build_seconds_count,4307779.0
1791661608.209,1039.481,zaino_sync_iterations_total,1989.0
1791661608.209,1039.481,"zaino_sync_iteration_duration_seconds{quantile=""0.5""}",8.858925030456824e-05
1791661608.209,1039.481,"zaino_sync_iteration_duration_seconds{quantile=""0.9""}",0.00023104454445135075
1791661608.209,1039.481,"zaino_sync_iteration_duration_seconds{quantile=""0.95""}",0.0002577037129065735
1791661608.209,1039.481,"zaino_sync_iteration_duration_seconds{quantile=""0.99""}",0.0006523691146587752
1791661608.209,1039.481,"zaino_sync_iteration_duration_seconds{quantile=""0.999""}",0.0008694062691940592
1791661608.209,1039.481,zaino_sync_iteration_duration_seconds_sum,0.19126121699999996
1791661608.209,1039.481,zaino_sync_iteration_duration_seconds_count,1989.0
1791661608.209,1039.481,"zaino_sync_block_build_seconds{quantile=""0.9""}",0.0004697546454400798
1791661608.209,1039.481,"zaino_sync_block_build_seconds{quantile=""0.95""}",0.000586404912637496
1791661608.209,1039.481,"zaino_sync_block_build_seconds{quantile=""0.99""}",0.0010803177936306405
1791661608.209,1039.481,"zaino_sync_block_build_seconds{quantile=""0.999""}",0.001322673744452113
1791661608.209,1039.481,"zaino_sync_block_build_seconds{quantile=""1""}",0.118849111
1791661608.209,1039.481,zaino_sync_block_build_seconds_sum,2088.324687164102
1791661608.209,1039.481,zaino_sync_block_build_seconds_count,4307831.0
1791661610.209,1041.481,zaino_sync_iterations_total,1993.0
1791661610.209,1041.481,"zaino_sync_iteration_duration_seconds{quantile=""0.5""}",8.985619165795894e-05
1791661610.209,1041.481,"zaino_sync_iteration_duration_seconds{quantile=""0.95""}",0.00026327800457022824
1791661610.209,1041.481,"zaino_sync_iteration_duration_seconds{quantile=""0.99""}",0.0008694062691940592
1791661610.209,1041.481,"zaino_sync_iteration_duration_seconds{quantile=""0.999""}",0.0010826971090718877
1791661610.209,1041.481,zaino_sync_iteration_duration_seconds_sum,0.19266990299999998
1791661610.209,1041.481,zaino_sync_iteration_duration_seconds_count,1993.0
1791661610.209,1041.481,"zaino_sync_block_build_seconds{quantile=""0.5""}",0.0003518519626402725
1791661610.209,1041.481,"zaino_sync_block_build_seconds{quantile=""0.9""}",0.00047013059951926564
1791661610.209,1041.481,"zaino_sync_block_build_seconds{quantile=""0.95""}",0.0005881667688441995
1791661610.209,1041.481,"zaino_sync_block_build_seconds{quantile=""0.99""}",0.0010850816647692905
1791661610.209,1041.481,"zaino_sync_block_build_seconds{quantile=""0.999""}",0.0013426633982846652
1791661610.209,1041.481,zaino_sync_block_build_seconds_sum,2092.977565559102
1791661610.209,1041.481,zaino_sync_block_build_seconds_count,4307878.0
1791661612.209,1043.481,"zaino_grpc_requests_total{method=""get_block""}",416.0
1791661612.209,1043.481,"zaino_grpc_requests_total{method=""get_lightd_info""}",208.0
1791661612.209,1043.481,zaino_sync_iterations_total,1997.0
1791661612.209,1043.481,zaino_sync_finalized_height,4307913.0
1791661612.209,1043.481,"zaino_grpc_request_duration_seconds{method=""get_block"",quantile=""0.9""}",0.0004785738461855025
1791661612.209,1043.481,"zaino_grpc_request_duration_seconds{method=""get_block"",quantile=""0.95""}",0.0005814997419143976
1791661612.209,1043.481,"zaino_grpc_request_duration_seconds{method=""get_block"",quantile=""0.99""}",0.0006706252784580727
1791661612.209,1043.481,"zaino_grpc_request_duration_seconds{method=""get_block"",quantile=""0.999""}",0.0006706252784580727
1791661612.209,1043.481,"zaino_grpc_request_duration_seconds{method=""get_block"",quantile=""1""}",0.005063124
1791661612.209,1043.481,"zaino_grpc_request_duration_seconds_sum{method=""get_block""}",0.09095379200000006
1791661612.209,1043.481,"zaino_grpc_request_duration_seconds_count{method=""get_block""}",416.0
1791661612.209,1043.481,"zaino_grpc_request_duration_seconds{method=""get_lightd_info"",quantile=""0.95""}",0.003952922803499306
1791661612.209,1043.481,"zaino_grpc_request_duration_seconds{method=""get_lightd_info"",quantile=""0.99""}",0.003952922803499306
1791661612.209,1043.481,"zaino_grpc_request_duration_seconds{method=""get_lightd_info"",quantile=""0.999""}",0.003952922803499306
1791661612.209,1043.481,"zaino_grpc_request_duration_seconds{method=""get_lightd_info"",quantile=""1""}",0.004136679
1791661612.209,1043.481,"zaino_grpc_request_duration_seconds_sum{method=""get_lightd_info""}",0.6640922390000003
1791661612.209,1043.481,"zaino_grpc_request_duration_seconds_count{method=""get_lightd_info""}",208.0
1791661612.209,1043.481,"zaino_sync_iteration_duration_seconds{quantile=""0""}",5.1793e-05
1791661612.209,1043.481,"zaino_sync_iteration_duration_seconds{quantile=""0.5""}",9.395449055991023e-05
1791661612.209,1043.481,"zaino_sync_iteration_duration_seconds{quantile=""0.9""}",0.00023746269207750348
1791661612.209,1043.481,"zaino_sync_iteration_duration_seconds{quantile=""0.99""}",0.0010826971090718877
1791661612.209,1043.481,zaino_sync_iteration_duration_seconds_sum,0.19417316499999998
1791661612.209,1043.481,zaino_sync_iteration_duration_seconds_count,1997.0
1791661612.209,1043.481,"zaino_sync_block_build_seconds{quantile=""0.5""}",0.0003755571011700539
1791661612.209,1043.481,"zaino_sync_block_build_seconds{quantile=""0.9""}",0.0014629504493019645
1791661612.209,1043.481,"zaino_sync_block_build_seconds{quantile=""0.95""}",0.016660743445670857
1791661612.209,1043.481,"zaino_sync_block_build_seconds{quantile=""0.99""}",0.12144424480380488
1791661612.209,1043.481,"zaino_sync_block_build_seconds{quantile=""0.999""}",0.12144424480380488
1791661612.209,1043.481,"zaino_sync_block_build_seconds{quantile=""1""}",0.121452985
1791661612.209,1043.481,zaino_sync_block_build_seconds_sum,2097.613571309101
1791661612.209,1043.481,zaino_sync_block_build_seconds_count,4307923.0
1791661614.210,1045.481,zaino_sync_iterations_total,2001.0
1791661614.210,1045.481,"zaino_sync_iteration_duration_seconds{quantile=""0.5""}",9.883092108366901e-05
1791661614.210,1045.481,"zaino_sync_iteration_duration_seconds{quantile=""0.9""}",0.00023860525295567536
1791661614.210,1045.481,"zaino_sync_iteration_duration_seconds{quantile=""0.95""}",0.0004356375225054276
1791661614.210,1045.481,zaino_sync_iteration_duration_seconds_sum,0.195309501
1791661614.210,1045.481,zaino_sync_iteration_duration_seconds_count,2001.0
1791661614.210,1045.481,"zaino_sync_block_build_seconds{quantile=""0.5""}",0.0003758576670623187
1791661614.210,1045.481,"zaino_sync_block_build_seconds{quantile=""0.9""}",0.0016600625006369782
1791661614.210,1045.481,"zaino_sync_block_build_seconds{quantile=""0.95""}",0.017154409605739104
1791661614.210,1045.481,zaino_sync_block_build_seconds_sum,2101.796981379104
1791661614.210,1045.481,zaino_sync_block_build_seconds_count,4308164.0
1791661616.210,1047.482,"zaino_grpc_requests_total{method=""get_lightd_info""}",209.0
1791661616.210,1047.482,"zaino_grpc_requests_total{method=""get_block""}",418.0
1791661616.210,1047.482,zaino_sync_iterations_total,2005.0
1791661616.210,1047.482,"zaino_grpc_request_duration_seconds{method=""get_block"",quantile=""0""}",1.2162e-05
1791661616.210,1047.482,"zaino_grpc_request_duration_seconds{method=""get_block"",quantile=""0.9""}",0.0005814997419143976
1791661616.210,1047.482,"zaino_grpc_request_duration_seconds{method=""get_block"",quantile=""0.95""}",0.0006706252784580727
1791661616.210,1047.482,"zaino_grpc_request_duration_seconds_sum{method=""get_block""}",0.09141028200000006
1791661616.210,1047.482,"zaino_grpc_request_duration_seconds_count{method=""get_block""}",418.0
1791661616.210,1047.482,"zaino_grpc_request_duration_seconds{method=""get_lightd_info"",quantile=""0""}",0.002769846
1791661616.210,1047.482,"zaino_grpc_request_duration_seconds{method=""get_lightd_info"",quantile=""0.5""}",0.0032500008402664513
1791661616.210,1047.482,"zaino_grpc_request_duration_seconds{method=""get_lightd_info"",quantile=""0.9""}",0.003952922803499306
1791661616.210,1047.482,"zaino_grpc_request_duration_seconds_sum{method=""get_lightd_info""}",0.6673051240000003
1791661616.210,1047.482,"zaino_grpc_request_duration_seconds_count{method=""get_lightd_info""}",209.0
1791661616.210,1047.482,"zaino_sync_iteration_duration_seconds{quantile=""0.5""}",9.952516455087876e-05
1791661616.210,1047.482,zaino_sync_iteration_duration_seconds_sum,0.195765041
1791661616.210,1047.482,zaino_sync_iteration_duration_seconds_count,2005.0
1791661616.210,1047.482,"zaino_sync_block_build_seconds{quantile=""0.5""}",0.00037593284611363623
1791661616.210,1047.482,"zaino_sync_block_build_seconds{quantile=""0.9""}",0.0017068597056025187
1791661616.210,1047.482,"zaino_sync_block_build_seconds{quantile=""0.95""}",0.018635255818847656
1791661616.210,1047.482,zaino_sync_block_build_seconds_sum,2105.2082682571036
1791661616.210,1047.482,zaino_sync_block_build_seconds_count,4308247.0
1791661618.210,1049.482,zaino_sync_iterations_total,2009.0
1791661618.210,1049.482,"zaino_sync_iteration_duration_seconds{quantile=""0.9""}",0.00023746269207750348
1791661618.210,1049.482,zaino_sync_iteration_duration_seconds_sum,0.19616953999999998
1791661618.210,1049.482,zaino_sync_iteration_duration_seconds_count,2009.0
1791661618.210,1049.482,"zaino_sync_block_build_seconds{quantile=""0.5""}",0.00037525677563434855
1791661618.210,1049.482,"zaino_sync_block_build_seconds{quantile=""0.9""}",0.001085298702806048
1791661618.210,1049.482,"zaino_sync_block_build_seconds{quantile=""0.95""}",0.005166808861352465
1791661618.210,1049.482,zaino_sync_block_build_seconds_sum,2108.237492374106
1791661618.210,1049.482,zaino_sync_block_build_seconds_count,4313007.0
1791661620.210,1051.482,zaino_sync_iterations_total,2013.0
1791661620.210,1051.482,zaino_sync_iteration_duration_seconds_sum,0.19660815599999998
1791661620.210,1051.482,zaino_sync_iteration_duration_seconds_count,2013.0
1791661620.210,1051.482,"zaino_sync_block_build_seconds{quantile=""0.9""}",0.0010706385553626771
1791661620.210,1051.482,"zaino_sync_block_build_seconds{quantile=""0.95""}",0.004715501419950441
1791661620.210,1051.482,zaino_sync_block_build_seconds_sum,2110.0335028641084
1791661620.210,1051.482,zaino_sync_block_build_seconds_count,4313460.0
1791661622.210,1053.482,"zaino_grpc_requests_total{method=""get_lightd_info""}",210.0
1791661622.210,1053.482,"zaino_grpc_requests_total{method=""get_block""}",420.0
1791661622.210,1053.482,zaino_sync_iterations_total,2017.0
1791661622.210,1053.482,zaino_sync_finalized_height,4315044.0
1791661622.210,1053.482,"zaino_grpc_request_duration_seconds_sum{method=""get_block""}",0.09188826000000007
1791661622.210,1053.482,"zaino_grpc_request_duration_seconds_count{method=""get_block""}",420.0
1791661622.210,1053.482,"zaino_grpc_request_duration_seconds{method=""get_lightd_info"",quantile=""0.5""}",0.0032131612153986364
1791661622.210,1053.482,"zaino_grpc_request_duration_seconds_sum{method=""get_lightd_info""}",0.6701940630000003
1791661622.210,1053.482,"zaino_grpc_request_duration_seconds_count{method=""get_lightd_info""}",210.0
1791661622.210,1053.482,"zaino_sync_iteration_duration_seconds{quantile=""0.5""}",0.0001034626338976426
1791661622.210,1053.482,"zaino_sync_iteration_duration_seconds{quantile=""0.9""}",0.00023651473847717178
1791661622.210,1053.482,"zaino_sync_iteration_duration_seconds{quantile=""0.95""}",0.00026327800457022824
1791661622.210,1053.482,"zaino_sync_iteration_duration_seconds{quantile=""0.99""}",0.0009346858931698241
1791661622.210,1053.482,zaino_sync_iteration_duration_seconds_sum,0.19704381999999998
1791661622.210,1053.482,zaino_sync_iteration_duration_seconds_count,2017.0
1791661622.210,1053.482,"zaino_sync_block_build_seconds{quantile=""0.5""}",0.0003758576670623187
1791661622.210,1053.482,"zaino_sync_block_build_seconds{quantile=""0.9""}",0.0010385808885382867
1791661622.210,1053.482,"zaino_sync_block_build_seconds{quantile=""0.95""}",0.00386536167820427
1791661622.210,1053.482,zaino_sync_block_build_seconds_sum,2112.210391351097
1791661622.210,1053.482,zaino_sync_block_build_seconds_count,4315221.0
1791661624.210,1055.482,zaino_sync_iterations_total,2021.0
1791661624.210,1055.482,zaino_sync_iteration_duration_seconds_sum,0.19746840399999996
1791661624.210,1055.482,zaino_sync_iteration_duration_seconds_count,2021.0
1791661624.210,1055.482,"zaino_sync_block_build_seconds{quantile=""0.5""}",0.00037683616850058953
1791661624.210,1055.482,"zaino_sync_block_build_seconds{quantile=""0.9""}",0.0010608338514145673
1791661624.210,1055.482,"zaino_sync_block_build_seconds{quantile=""0.95""}",0.004221773311415442
1791661624.210,1055.482,zaino_sync_block_build_seconds_sum,2114.14149308609
1791661624.210,1055.482,zaino_sync_block_build_seconds_count,4316029.0
1791661626.211,1057.482,zaino_sync_iterations_total,2025.0
1791661626.211,1057.482,"zaino_grpc_requests_total{method=""get_lightd_info""}",211.0
1791661626.211,1057.482,"zaino_grpc_requests_total{method=""get_block""}",422.0
1791661626.211,1057.482,"zaino_grpc_request_duration_seconds{method=""get_block"",quantile=""0.9""}",0.0004785738461855025
1791661626.211,1057.482,"zaino_grpc_request_duration_seconds{method=""get_block"",quantile=""0.95""}",0.0005814997419143976
1791661626.211,1057.482,"zaino_grpc_request_duration_seconds_sum{method=""get_block""}",0.09229957600000006
1791661626.211,1057.482,"zaino_grpc_request_duration_seconds_count{method=""get_block""}",422.0
1791661626.211,1057.482,"zaino_grpc_request_duration_seconds_sum{method=""get_lightd_info""}",0.6732608570000003
1791661626.211,1057.482,"zaino_grpc_request_duration_seconds_count{method=""get_lightd_info""}",211.0
1791661626.211,1057.482,"zaino_sync_iteration_duration_seconds{quantile=""0.5""}",9.952516455087876e-05
1791661626.211,1057.482,zaino_sync_iteration_duration_seconds_sum,0.19780274699999995
1791661626.211,1057.482,zaino_sync_iteration_duration_seconds_count,2025.0
1791661626.211,1057.482,"zaino_sync_block_write_seconds{quantile=""0""}",12.085032257
1791661626.211,1057.482,"zaino_sync_block_write_seconds{quantile=""0.5""}",12.084214369426004
1791661626.211,1057.482,"zaino_sync_block_write_seconds{quantile=""0.9""}",12.084214369426004
1791661626.211,1057.482,"zaino_sync_block_write_seconds{quantile=""0.95""}",12.084214369426004
1791661626.211,1057.482,"zaino_sync_block_write_seconds{quantile=""0.99""}",12.084214369426004
1791661626.211,1057.482,"zaino_sync_block_write_seconds{quantile=""0.999""}",12.084214369426004
1791661626.211,1057.482,"zaino_sync_block_build_seconds{quantile=""0.5""}",0.0003776661206867149
1791661626.211,1057.482,"zaino_sync_block_build_seconds{quantile=""0.9""}",0.0010736405441507028
1791661626.211,1057.482,"zaino_sync_block_build_seconds{quantile=""0.95""}",0.004366908212591606
1791661626.211,1057.482,zaino_sync_block_build_seconds_sum,2115.9967572540945
1791661626.211,1057.482,zaino_sync_block_build_seconds_count,4316745.0
1791661628.211,1059.483,zaino_sync_iterations_total,2029.0
1791661628.211,1059.483,"zaino_sync_iteration_duration_seconds{quantile=""0.9""}",0.00021158155452684623
1791661628.211,1059.483,zaino_sync_iteration_duration_seconds_sum,0.19824935099999993
1791661628.211,1059.483,zaino_sync_iteration_duration_seconds_count,2029.0
1791661628.211,1059.483,"zaino_sync_block_build_seconds{quantile=""0.5""}",0.00037842220876665913
1791661628.211,1059.483,"zaino_sync_block_build_seconds{quantile=""0.9""}",0.001088124150933659
1791661628.211,1059.483,"zaino_sync_block_build_seconds{quantile=""0.95""}",0.004589886316119644
1791661628.211,1059.483,zaino_sync_block_build_seconds_sum,2117.9561347950903
1791661628.211,1059.483,zaino_sync_block_build_seconds_count,4317369.0
1791661630.211,1061.483,zaino_sync_iterations_total,2033.0
1791661630.211,1061.483,zaino_sync_iteration_duration_seconds_sum,0.19865943699999994
1791661630.211,1061.483,zaino_sync_iteration_duration_seconds_count,2033.0
1791661630.211,1061.483,"zaino_sync_block_build_seconds{quantile=""0.5""}",0.0003795591800008721
1791661630.211,1061.483,"zaino_sync_block_build_seconds{quantile=""0.9""}",0.0011001595901928716
1791661630.211,1061.483,"zaino_sync_block_build_seconds{quantile=""0.95""}",0.0047934732650260275
1791661630.211,1061.483,zaino_sync_block_build_seconds_sum,2119.998146928096
1791661630.211,1061.483,zaino_sync_block_build_seconds_count,4318410.0
1791661632.211,1063.483,zaino_sync_iterations_total,2037.0
1791661632.211,1063.483,"zaino_grpc_requests_total{method=""get_block""}",424.0
1791661632.211,1063.483,"zaino_grpc_requests_total{method=""get_lightd_info""}",212.0
1791661632.211,1063.483,zaino_sync_finalized_height,4322535.0
1791661632.211,1063.483,"zaino_grpc_request_duration_seconds{method=""get_block"",quantile=""0""}",1.1555e-05
1791661632.211,1063.483,"zaino_grpc_request_duration_seconds{method=""get_block"",quantile=""0.9""}",0.0004913764465255713
1791661632.211,1063.483,"zaino_grpc_request_duration_seconds_sum{method=""get_block""}",0.09280254600000006
1791661632.211,1063.483,"zaino_grpc_request_duration_seconds_count{method=""get_block""}",424.0
1791661632.211,1063.483,"zaino_grpc_request_duration_seconds{method=""get_lightd_info"",quantile=""0.5""}",0.003140729993073988
1791661632.211,1063.483,"zaino_grpc_request_duration_seconds{method=""get_lightd_info"",quantile=""0.9""}",0.0039042092090411026
1791661632.211,1063.483,"zaino_grpc_request_duration_seconds_sum{method=""get_lightd_info""}",0.6760545580000002
1791661632.211,1063.483,"zaino_grpc_request_duration_seconds_count{method=""get_lightd_info""}",212.0
1791661632.211,1063.483,"zaino_sync_iteration_duration_seconds{quantile=""0""}",6.8015e-05
1791661632.211,1063.483,"zaino_sync_iteration_duration_seconds{quantile=""0.5""}",0.00011172165140760011
1791661632.211,1063.483,"zaino_sync_iteration_duration_seconds{quantile=""0.9""}",0.00023860525295567536
1791661632.211,1063.483,"zaino_sync_iteration_duration_seconds{quantile=""0.95""}",0.0004356375225054276
1791661632.211,1063.483,"zaino_sync_iteration_duration_seconds{quantile=""0.99""}",0.0010826971090718877
1791661632.211,1063.483,zaino_sync_iteration_duration_seconds_sum,0.19906255999999994
1791661632.211,1063.483,zaino_sync_iteration_duration_seconds_count,2037.0
1791661632.211,1063.483,"zaino_sync_block_build_seconds{quantile=""0""}",0.000138389
1791661632.211,1063.483,"zaino_sync_block_build_seconds{quantile=""0.5""}",0.0004366843082033101
1791661632.211,1063.483,"zaino_sync_block_build_seconds{quantile=""0.9""}",0.0024508998772207607
1791661632.211,1063.483,"zaino_sync_block_build_seconds{quantile=""0.95""}",0.009781132340265146
1791661632.211,1063.483,"zaino_sync_block_build_seconds{quantile=""0.99""}",0.04472153994976922
1791661632.211,1063.483,"zaino_sync_block_build_seconds{quantile=""0.999""}",0.11088074635902612
1791661632.211,1063.483,zaino_sync_block_build_seconds_sum,2123.7064414230754
1791661632.211,1063.483,zaino_sync_block_build_seconds_count,4323967.0
1791661634.211,1065.483,zaino_sync_iterations_total,2041.0
1791661634.211,1065.483,zaino_sync_iteration_duration_seconds_sum,0.19950076699999994
1791661634.211,1065.483,zaino_sync_iteration_duration_seconds_count,2041.0
1791661634.211,1065.483,"zaino_sync_block_build_seconds{quantile=""0.5""}",0.0004537791052413867
1791661634.211,1065.483,"zaino_sync_block_build_seconds{quantile=""0.9""}",0.001372529313633108
1791661634.211,1065.483,"zaino_sync_block_build_seconds{quantile=""0.95""}",0.0077064316371631926
1791661634.211,1065.483,"zaino_sync_block_build_seconds{quantile=""0.99""}",0.03531314459780317
1791661634.211,1065.483,"zaino_sync_block_build_seconds{quantile=""0.999""}",0.11037186624566406
1791661634.211,1065.483,zaino_sync_block_build_seconds_sum,2127.810480204063
1791661634.211,1065.483,zaino_sync_block_build_seconds_count,4330505.0
1791661636.211,1067.483,"zaino_grpc_requests_total{method=""get_block""}",426.0
1791661636.211,1067.483,"zaino_grpc_requests_total{method=""get_lightd_info""}",213.0
1791661636.211,1067.483,zaino_sync_iterations_total,2045.0
1791661636.211,1067.483,"zaino_grpc_request_duration_seconds{method=""get_block"",quantile=""0.5""}",1.833497644110443e-05
1791661636.211,1067.483,"zaino_grpc_request_duration_seconds{method=""get_block"",quantile=""0.99""}",0.0005814997419143976
1791661636.211,1067.483,"zaino_grpc_request_duration_seconds{method=""get_block"",quantile=""0.999""}",0.0005814997419143976
1791661636.211,1067.483,"zaino_grpc_request_duration_seconds_sum{method=""get_block""}",0.09329178600000006
1791661636.211,1067.483,"zaino_grpc_request_duration_seconds_count{method=""get_block""}",426.0
1791661636.211,1067.483,"zaino_grpc_request_duration_seconds{method=""get_lightd_info"",quantile=""0""}",0.002793701
1791661636.211,1067.483,"zaino_grpc_request_duration_seconds{method=""get_lightd_info"",quantile=""0.5""}",0.0032131612153986364
1791661636.211,1067.483,"zaino_grpc_request_duration_seconds{method=""get_lightd_info"",quantile=""0.9""}",0.003952922803499306
1791661636.211,1067.483,"zaino_grpc_request_duration_seconds_sum{method=""get_lightd_info""}",0.6796259640000003
1791661636.211,1067.483,"zaino_grpc_request_duration_seconds_count{method=""get_lightd_info""}",213.0
1791661636.211,1067.483,"zaino_sync_iteration_duration_seconds{quantile=""0""}",6.3232e-05
1791661636.211,1067.483,"zaino_sync_iteration_duration_seconds{quantile=""0.5""}",0.00011165463852240826
1791661636.211,1067.483,zaino_sync_iteration_duration_seconds_sum,0.19988569199999995
1791661636.211,1067.483,zaino_sync_iteration_duration_seconds_count,2045.0
1791661636.211,1067.483,"zaino_sync_block_build_seconds{quantile=""0""}",0.000137789
1791661636.211,1067.483,"zaino_sync_block_build_seconds{quantile=""0.5""}",0.0004557801323424186
1791661636.211,1067.483,"zaino_sync_block_build_seconds{quantile=""0.9""}",0.0010498583508518633
1791661636.211,1067.483,"zaino_sync_block_build_seconds{quantile=""0.95""}",0.005873526716121896
1791661636.211,1067.483,"zaino_sync_block_build_seconds{quantile=""0.99""}",0.031194920042983035
1791661636.211,1067.483,"zaino_sync_block_build_seconds{quantile=""0.999""}",0.11019541245975502
1791661636.211,1067.483,zaino_sync_block_build_seconds_sum,2131.368911133058
1791661636.211,1067.483,zaino_sync_block_build_seconds_count,4336476.0
1791661638.212,1069.483,zaino_sync_iterations_total,2049.0
1791661638.212,1069.483,"zaino_sync_iteration_duration_seconds{quantile=""0.5""}",0.00010918137853747308
1791661638.212,1069.483,"zaino_sync_iteration_duration_seconds{quantile=""0.9""}",0.00023651473847717178
1791661638.212,1069.483,zaino_sync_iteration_duration_seconds_sum,0.20023876299999996
1791661638.212,1069.483,zaino_sync_iteration_duration_seconds_count,2049.0
1791661638.212,1069.483,"zaino_sync_block_build_seconds{quantile=""0""}",0.000132807
1791661638.212,1069.483,"zaino_sync_block_build_seconds{quantile=""0.5""}",0.00045916541543230833
1791661638.212,1069.483,"zaino_sync_block_build_seconds{quantile=""0.9""}",0.0009974584860768937
1791661638.212,1069.483,"zaino_sync_block_build_seconds{quantile=""0.95""}",0.004684481588520989
1791661638.212,1069.483,"zaino_sync_block_build_seconds{quantile=""0.99""}",0.02872751177826261
1791661638.212,1069.483,"zaino_sync_block_build_seconds{quantile=""0.999""}",0.11010729138262412
1791661638.212,1069.483,zaino_sync_block_build_seconds_sum,2134.64093605407
1791661638.212,1069.483,zaino_sync_block_build_seconds_count,4341411.0
1791661640.212,1071.484,zaino_sync_iterations_total,2053.0
1791661640.212,1071.484,"zaino_sync_iteration_duration_seconds{quantile=""0.5""}",0.000107212250857602
1791661640.212,1071.484,zaino_sync_iteration_duration_seconds_sum,0.20061270799999997
1791661640.212,1071.484,zaino_sync_iteration_duration_seconds_count,2053.0
1791661640.212,1071.484,"zaino_sync_block_build_seconds{quantile=""0.5""}",0.00047107180160979833
1791661640.212,1071.484,"zaino_sync_block_build_seconds{quantile=""0.9""}",0.0009780986458881539
1791661640.212,1071.484,"zaino_sync_block_build_seconds{quantile=""0.95""}",0.0035129468903783803
1791661640.212,1071.484,"zaino_sync_block_build_seconds{quantile=""0.99""}",0.026892710424016246
1791661640.212,1071.484,"zaino_sync_block_build_seconds{quantile=""0.999""}",0.11001924077416393
1791661640.212,1071.484,zaino_sync_block_build_seconds_sum,2138.136735491067
1791661640.212,1071.484,zaino_sync_block_build_seconds_count,4346638.0
1791661642.212,1073.484,"zaino_grpc_requests_total{method=""get_lightd_info""}",214.0
1791661642.212,1073.484,"zaino_grpc_requests_total{method=""get_block""}",428.0
1791661642.212,1073.484,zaino_sync_iterations_total,2057.0
1791661642.212,1073.484,zaino_sync_finalized_height,4350144.0
1791661642.212,1073.484,"zaino_grpc_request_duration_seconds_sum{method=""get_block""}",0.09367742600000006
1791661642.212,1073.484,"zaino_grpc_request_duration_seconds_count{method=""get_block""}",428.0
1791661642.212,1073.484,"zaino_grpc_request_duration_seconds_sum{method=""get_lightd_info""}",0.6829623910000003
1791661642.212,1073.484,"zaino_grpc_request_duration_seconds_count{method=""get_lightd_info""}",214.0
1791661642.212,1073.484,"zaino_sync_iteration_duration_seconds{quantile=""0.5""}",0.00010663486504578493
1791661642.212,1073.484,"zaino_sync_iteration_duration_seconds{quantile=""0.9""}",0.00021158155452684623
1791661642.212,1073.484,"zaino_sync_iteration_duration_seconds{quantile=""0.95""}",0.00026327800457022824
1791661642.212,1073.484,"zaino_sync_iteration_duration_seconds{quantile=""0.99""}",0.0009346858931698241
1791661642.212,1073.484,zaino_sync_iteration_duration_seconds_sum,0.200996333
1791661642.212,1073.484,zaino_sync_iteration_duration_seconds_count,2057.0
1791661642.212,1073.484,"zaino_sync_block_build_seconds{quantile=""0.5""}",0.0004735277549309116
1791661642.212,1073.484,"zaino_sync_block_build_seconds{quantile=""0.9""}",0.0009524242057090574
1791661642.212,1073.484,"zaino_sync_block_build_seconds{quantile=""0.95""}",0.003021203477961059
1791661642.212,1073.484,"zaino_sync_block_build_seconds{quantile=""0.99""}",0.02594179207286666
1791661642.212,1073.484,"zaino_sync_block_build_seconds{quantile=""0.999""}",0.10993126057802208
1791661642.212,1073.484,zaino_sync_block_build_seconds_sum,2141.529805304065
1791661642.212,1073.484,zaino_sync_block_build_seconds_count,4351133.0
1791661644.212,1075.484,zaino_sync_iterations_total,2061.0
1791661644.212,1075.484,"zaino_sync_iteration_duration_seconds{quantile=""0.5""}",0.0001065282834800487
1791661644.212,1075.484,zaino_sync_iteration_duration_seconds_sum,0.201384208
1791661644.212,1075.484,zaino_sync_iteration_duration_seconds_count,2061.0
1791661644.212,1075.484,"zaino_sync_block_build_seconds{quantile=""0.5""}",0.00048212842839256135
1791661644.212,1075.484,"zaino_sync_block_build_seconds{quantile=""0.9""}",0.0009183793399880012
1791661644.212,1075.484,"zaino_sync_block_build_seconds{quantile=""0.95""}",0.002399967639867531
1791661644.212,1075.484,"zaino_sync_block_build_seconds{quantile=""0.99""}",0.024004834835787626
1791661644.212,1075.484,"zaino_sync_block_build_seconds{quantile=""0.999""}",0.1098653216051255
1791661644.212,1075.484,zaino_sync_block_build_seconds_sum,2145.0481085020456
1791661644.212,1075.484,zaino_sync_block_build_seconds_count,4356988.0
1791661646.212,1077.484,"zaino_grpc_requests_total{method=""get_lightd_info""}",215.0
1791661646.212,1077.484,"zaino_grpc_requests_total{method=""get_block""}",430.0
1791661646.212,1077.484,zaino_sync_iterations_total,2065.0
1791661646.212,1077.484,"zaino_grpc_request_duration_seconds{method=""get_block"",quantile=""0.95""}",0.0005263732320763004
1791661646.212,1077.484,"zaino_grpc_request_duration_seconds_sum{method=""get_block""}",0.09421807400000007
1791661646.212,1077.484,"zaino_grpc_request_duration_seconds_count{method=""get_block""}",430.0
1791661646.212,1077.484,"zaino_grpc_request_duration_seconds{method=""get_lightd_info"",quantile=""0.5""}",0.003255205003848869
1791661646.212,1077.484,"zaino_grpc_request_duration_seconds_sum{method=""get_lightd_info""}",0.6862175710000004
1791661646.212,1077.484,"zaino_grpc_request_duration_seconds_count{method=""get_lightd_info""}",215.0
1791661646.212,1077.484,"zaino_sync_iteration_duration_seconds{quantile=""0.5""}",0.00010523653411039931
1791661646.212,1077.484,zaino_sync_iteration_duration_seconds_sum,0.20169348100000004
1791661646.212,1077.484,zaino_sync_iteration_duration_seconds_count,2065.0
1791661646.212,1077.484,"zaino_sync_block_write_seconds{quantile=""0""}",0.0
1791661646.212,1077.484,"zaino_sync_block_write_seconds{quantile=""0.5""}",0.0
1791661646.212,1077.484,"zaino_sync_block_write_seconds{quantile=""0.9""}",0.0
1791661646.212,1077.484,"zaino_sync_block_write_seconds{quantile=""0.95""}",0.0
1791661646.212,1077.484,"zaino_sync_block_write_seconds{quantile=""0.99""}",0.0
1791661646.212,1077.484,"zaino_sync_block_write_seconds{quantile=""0.999""}",0.0
1791661646.212,1077.484,"zaino_sync_block_write_seconds{quantile=""1""}",0.0
1791661646.212,1077.484,"zaino_sync_block_build_seconds{quantile=""0""}",0.000129264
1791661646.212,1077.484,"zaino_sync_block_build_seconds{quantile=""0.5""}",0.0004722037317102289
1791661646.212,1077.484,"zaino_sync_block_build_seconds{quantile=""0.9""}",0.0008883897279554113
1791661646.212,1077.484,"zaino_sync_block_build_seconds{quantile=""0.95""}",0.0017947311847137872
1791661646.212,1077.484,"zaino_sync_block_build_seconds{quantile=""0.99""}",0.021772664505801627
1791661646.212,1077.484,"zaino_sync_block_build_seconds{quantile=""0.999""}",0.10973356229016021
1791661646.212,1077.484,zaino_sync_block_build_seconds_sum,2148.6968456940517
1791661646.212,1077.484,zaino_sync_block_build_seconds_count,4365216.0
1791661648.212,1079.484,zaino_sync_iterations_total,2069.0
1791661648.212,1079.484,"zaino_sync_iteration_duration_seconds{quantile=""0.5""}",0.00010502627137430143
1791661648.212,1079.484,"zaino_sync_iteration_duration_seconds{quantile=""0.9""}",0.00020340733087465386
1791661648.212,1079.484,zaino_sync_iteration_duration_seconds_sum,0.20204491300000002
1791661648.212,1079.484,zaino_sync_iteration_duration_seconds_count,2069.0
1791661648.212,1079.484,"zaino_sync_block_build_seconds{quantile=""0.5""}",0.00046229838027581045
1791661648.212,1079.484,"zaino_sync_block_build_seconds{quantile=""0.9""}",0.0008770908067630666
1791661648.212,1079.484,"zaino_sync_block_build_seconds{quantile=""0.95""}",0.0016871745277195992
1791661648.212,1079.484,"zaino_sync_block_build_seconds{quantile=""0.99""}",0.020034489451789213
1791661648.212,1079.484,"zaino_sync_block_build_seconds{quantile=""0.999""}",0.1096019609915447
1791661648.212,1079.484,zaino_sync_block_build_seconds_sum,2151.420709361054
1791661648.212,1079.484,zaino_sync_block_build_seconds_count,4370487.0
1791661650.213,1081.484,zaino_sync_iterations_total,2073.0
1791661650.213,1081.484,"zaino_sync_iteration_duration_seconds{quantile=""0.5""}",0.00010483739412571869
1791661650.213,1081.484,zaino_sync_iteration_duration_seconds_sum,0.20238236100000004
1791661650.213,1081.484,zaino_sync_iteration_duration_seconds_count,2073.0
1791661650.213,1081.484,"zaino_sync_block_build_seconds{quantile=""0.5""}",0.0004647085929833079
1791661650.213,1081.484,"zaino_sync_block_build_seconds{quantile=""0.9""}",0.0008814872427422468
1791661650.213,1081.484,"zaino_sync_block_build_seconds{quantile=""0.95""}",0.0018153081863489893
1791661650.213,1081.484,"zaino_sync_block_build_seconds{quantile=""0.99""}",0.019795512308151825
1791661650.213,1081.484,"zaino_sync_block_build_seconds{quantile=""0.999""}",0.1095581289739899
1791661650.213,1081.484,zaino_sync_block_build_seconds_sum,2153.828485169047
1791661650.213,1081.484,zaino_sync_block_build_seconds_count,4372548.0
1791661652.213,1083.485,"zaino_grpc_requests_total{method=""get_block""}",432.0
1791661652.213,1083.485,"zaino_grpc_requests_total{method=""get_lightd_info""}",216.0
1791661652.213,1083.485,zaino_sync_iterations_total,2077.0
1791661652.213,1083.485,zaino_sync_finalized_height,4376169.0
1791661652.213,1083.485,"zaino_grpc_request_duration_seconds_sum{method=""get_block""}",0.09464000400000006
1791661652.213,1083.485,"zaino_grpc_request_duration_seconds_count{method=""get_block""}",432.0
1791661652.213,1083.485,"zaino_grpc_request_duration_seconds{method=""get_lightd_info"",quantile=""0.5""}",0.0032131612153986364
1791661652.213,1083.485,"zaino_grpc_request_duration_seconds{method=""get_lightd_info"",quantile=""0.9""}",0.0039042092090411026
1791661652.213,1083.485,"zaino_grpc_request_duration_seconds_sum{method=""get_lightd_info""}",0.6893232670000004
1791661652.213,1083.485,"zaino_grpc_request_duration_seconds_count{method=""get_lightd_info""}",216.0
1791661652.213,1083.485,"zaino_sync_iteration_duration_seconds{quantile=""0""}",5.9345e-05
1791661652.213,1083.485,"zaino_sync_iteration_duration_seconds{quantile=""0.5""}",9.433106116251643e-05
1791661652.213,1083.485,"zaino_sync_iteration_duration_seconds{quantile=""0.9""}",0.00013295497315737092
1791661652.213,1083.485,"zaino_sync_iteration_duration_seconds{quantile=""0.95""}",0.0001449241531005047
1791661652.213,1083.485,"zaino_sync_iteration_duration_seconds{quantile=""0.99""}",0.0006959031711394158
1791661652.213,1083.485,"zaino_sync_iteration_duration_seconds{quantile=""0.999""}",0.0006959031711394158
1791661652.213,1083.485,"zaino_sync_iteration_duration_seconds{quantile=""1""}",0.000934759
1791661652.213,1083.485,zaino_sync_iteration_duration_seconds_sum,0.20268913500000002
1791661652.213,1083.485,zaino_sync_iteration_duration_seconds_count,2077.0
1791661652.213,1083.485,"zaino_sync_block_build_seconds{quantile=""0.5""}",0.000484351327919778
1791661652.213,1083.485,"zaino_sync_block_build_seconds{quantile=""0.9""}",0.0008415206302417075
1791661652.213,1083.485,"zaino_sync_block_build_seconds{quantile=""0.95""}",0.0010616828580559045
1791661652.213,1083.485,"zaino_sync_block_build_seconds{quantile=""0.99""}",0.00866988267283414
1791661652.213,1083.485,"zaino_sync_block_build_seconds{quantile=""0.999""}",0.06634412856087987
1791661652.213,1083.485,"zaino_sync_block_build_seconds{quantile=""1""}",0.112587907
1791661652.213,1083.485,zaino_sync_block_build_seconds_sum,2156.798466516047
1791661652.213,1083.485,zaino_sync_block_build_seconds_count,4377053.0
1791661654.213,1085.485,zaino_sync_iterations_total,2081.0
1791661654.213,1085.485,zaino_sync_iteration_duration_seconds_sum,0.20303606100000002
1791661654.213,1085.485,zaino_sync_iteration_duration_seconds_count,2081.0
1791661654.213,1085.485,"zaino_sync_block_build_seconds{quantile=""0.5""}",0.00048551516715910915
1791661654.213,1085.485,"zaino_sync_block_build_seconds{quantile=""0.9""}",0.0008416889511998514
1791661654.213,1085.485,"zaino_sync_block_build_seconds{quantile=""0.95""}",0.0010794538850023832
1791661654.213,1085.485,"zaino_sync_block_build_seconds{quantile=""0.99""}",0.008147044781085931
1791661654.213,1085.485,"zaino_sync_block_build_seconds{quantile=""0.999""}",0.06506945675675592
1791661654.213,1085.485,zaino_sync_block_build_seconds_sum,2159.3307922500544
1791661654.213,1085.485,zaino_sync_block_build_seconds_count,4380310.0
1791661656.213,1087.485,zaino_sync_transactions_total,4928830.0
1791661656.213,1087.485,"zaino_grpc_requests_total{method=""get_lightd_info""}",217.0
1791661656.213,1087.485,"zaino_grpc_requests_total{method=""get_block""}",434.0
1791661656.213,1087.485,zaino_sync_sapling_outputs_total,400090.0
1791661656.213,1087.485,zaino_sync_iterations_total,2085.0
1791661656.213,1087.485,zaino_sync_orchard_actions_total,248737.0
1791661656.213,1087.485,zaino_db_tip_height,4299999.0
1791661656.213,1087.485,zaino_sync_last_block_written_at,1791661655.6512892
1791661656.213,1087.485,"zaino_grpc_request_duration_seconds{method=""get_block"",quantile=""0.5""}",1.8690409225864003e-05
1791661656.213,1087.485,"zaino_grpc_request_duration_seconds{method=""get_block"",quantile=""0.99""}",0.0005263732320763004
1791661656.213,1087.485,"zaino_grpc_request_duration_seconds{method=""get_block"",quantile=""0.999""}",0.0005263732320763004
1791661656.213,1087.485,"zaino_grpc_request_duration_seconds{method=""get_block"",quantile=""1""}",0.0006421
1791661656.213,1087.485,"zaino_grpc_request_duration_seconds_sum{method=""get_block""}",0.09530079500000006
1791661656.213,1087.485,"zaino_grpc_request_duration_seconds_count{method=""get_block""}",434.0
1791661656.213,1087.485,"zaino_grpc_request_duration_seconds{method=""get_lightd_info"",quantile=""0""}",0.002783208
1791661656.213,1087.485,"zaino_grpc_request_duration_seconds{method=""get_lightd_info"",quantile=""0.5""}",0.003105750070258755
1791661656.213,1087.485,"zaino_grpc_request_duration_seconds{method=""get_lightd_info"",quantile=""0.9""}",0.0033362761337355374
1791661656.213,1087.485,"zaino_grpc_request_duration_seconds{method=""get_lightd_info"",quantile=""0.95""}",0.0033362761337355374
1791661656.213,1087.485,"zaino_grpc_request_duration_seconds{method=""get_lightd_info"",quantile=""0.99""}",0.0033362761337355374
1791661656.213,1087.485,"zaino_grpc_request_duration_seconds{method=""get_lightd_info"",quantile=""0.999""}",0.0033362761337355374
1791661656.213,1087.485,"zaino_grpc_request_duration_seconds{method=""get_lightd_info"",quantile=""1""}",0.003571406
1791661656.213,1087.485,"zaino_grpc_request_duration_seconds_sum{method=""get_lightd_info""}",0.6921064750000003
1791661656.213,1087.485,"zaino_grpc_request_duration_seconds_count{method=""get_lightd_info""}",217.0
1791661656.213,1087.485,"zaino_sync_iteration_duration_seconds{quantile=""0.9""}",0.00013303477007821352
1791661656.213,1087.485,"zaino_sync_iteration_duration_seconds{quantile=""0.95""}",0.0001507782966251009
1791661656.213,1087.485,"zaino_sync_iteration_duration_seconds{quantile=""0.99""}",0.0008304855496465661
1791661656.213,1087.485,"zaino_sync_iteration_duration_seconds{quantile=""0.999""}",0.0008304855496465661
1791661656.213,1087.485,zaino_sync_iteration_duration_seconds_sum,0.204124502
1791661656.213,1087.485,zaino_sync_iteration_duration_seconds_count,2085.0
1791661656.213,1087.485,"zaino_sync_block_build_seconds{quantile=""0.5""}",0.00048270732977992654
1791661656.213,1087.485,"zaino_sync_block_build_seconds{quantile=""0.9""}",0.0008443866699005516
1791661656.213,1087.485,"zaino_sync_block_build_seconds{quantile=""0.95""}",0.001109439853318671
1791661656.213,1087.485,"zaino_sync_block_build_seconds{quantile=""0.99""}",0.008000109730416278
1791661656.213,1087.485,"zaino_sync_block_build_seconds{quantile=""0.999""}",0.06500441982366867
1791661656.213,1087.485,zaino_sync_block_build_seconds_sum,2160.7938122700516
1791661656.213,1087.485,zaino_sync_block_build_seconds_count,4381897.0
1791661658.213,1089.485,zaino_sync_iterations_total,2089.0
1791661658.213,1089.485,"zaino_sync_iteration_duration_seconds{quantile=""0.5""}",9.497469826657437e-05
1791661658.213,1089.485,"zaino_sync_iteration_duration_seconds{quantile=""0.9""}",0.0001449241531005047
1791661658.213,1089.485,"zaino_sync_iteration_duration_seconds{quantile=""0.95""}",0.0008304855496465661
1791661658.213,1089.485,"zaino_sync_iteration_duration_seconds{quantile=""0.99""}",0.0012008807567908345
1791661658.213,1089.485,"zaino_sync_iteration_duration_seconds{quantile=""0.999""}",0.0012008807567908345
1791661658.213,1089.485,"zaino_sync_iteration_duration_seconds{quantile=""1""}",0.001315486
1791661658.213,1089.485,zaino_sync_iteration_duration_seconds_sum,0.20875799600000003
1791661658.213,1089.485,zaino_sync_iteration_duration_seconds_count,2089.0
1791661660.214,1091.485,zaino_sync_iterations_total,2093.0
1791661660.214,1091.485,"zaino_sync_iteration_duration_seconds{quantile=""0.5""}",9.541258825488763e-05
1791661660.214,1091.485,"zaino_sync_iteration_duration_seconds{quantile=""0.9""}",0.0006959031711394158
1791661660.214,1091.485,"zaino_sync_iteration_duration_seconds{quantile=""0.95""}",0.001046085655702001
1791661660.214,1091.485,zaino_sync_iteration_duration_seconds_sum,0.21293125700000004
1791661660.214,1091.485,zaino_sync_iteration_duration_seconds_count,2093.0
1791661662.214,1093.486,zaino_sync_iterations_total,2097.0
1791661662.214,1093.486,"zaino_grpc_requests_total{method=""get_block""}",436.0
1791661662.214,1093.486,"zaino_grpc_requests_total{method=""get_lightd_info""}",218.0
1791661662.214,1093.486,"zaino_grpc_request_duration_seconds{method=""get_block"",quantile=""0""}",1.1459e-05
1791661662.214,1093.486,"zaino_grpc_request_duration_seconds{method=""get_block"",quantile=""0.9""}",0.0005263732320763004
1791661662.214,1093.486,"zaino_grpc_request_duration_seconds{method=""get_block"",quantile=""0.95""}",0.0006421426841570005
1791661662.214,1093.486,"zaino_grpc_request_duration_seconds{method=""get_block"",quantile=""0.99""}",0.0006421426841570005
1791661662.214,1093.486,"zaino_grpc_request_duration_seconds{method=""get_block"",quantile=""0.999""}",0.0006421426841570005
1791661662.214,1093.486,"zaino_grpc_request_duration_seconds{method=""get_block"",quantile=""1""}",0.000905271
1791661662.214,1093.486,"zaino_grpc_request_duration_seconds_sum{method=""get_block""}",0.09621752500000007
1791661662.214,1093.486,"zaino_grpc_request_duration_seconds_count{method=""get_block""}",436.0
1791661662.214,1093.486,"zaino_grpc_request_duration_seconds{method=""get_lightd_info"",quantile=""0.9""}",0.0035717485121402447
1791661662.214,1093.486,"zaino_grpc_request_duration_seconds{method=""get_lightd_info"",quantile=""0.95""}",0.0035717485121402447
1791661662.214,1093.486,"zaino_grpc_request_duration_seconds{method=""get_lightd_info"",quantile=""0.99""}",0.0035717485121402447
1791661662.214,1093.486,"zaino_grpc_request_duration_seconds{method=""get_lightd_info"",quantile=""0.999""}",0.0035717485121402447
1791661662.214,1093.486,"zaino_grpc_request_duration_seconds{method=""get_lightd_info"",quantile=""1""}",0.004518343
1791661662.214,1093.486,"zaino_grpc_request_duration_seconds_sum{method=""get_lightd_info""}",0.6966248180000003
1791661662.214,1093.486,"zaino_grpc_request_duration_seconds_count{method=""get_lightd_info""}",218.0
1791661662.214,1093.486,"zaino_sync_iteration_duration_seconds{quantile=""0.5""}",9.610203793304226e-05
1791661662.214,1093.486,"zaino_sync_iteration_duration_seconds{quantile=""0.9""}",0.0005868742242687932
1791661662.214,1093.486,"zaino_sync_iteration_duration_seconds{quantile=""0.95""}",0.0010385808885382867
1791661662.214,1093.486,"zaino_sync_iteration_duration_seconds{quantile=""0.99""}",0.001118798398981342
1791661662.214,1093.486,zaino_sync_iteration_duration_seconds_sum,0.21452876800000004
1791661662.214,1093.486,zaino_sync_iteration_duration_seconds_count,2097.0
1791661664.214,1095.486,zaino_sync_iterations_total,2101.0
1791661664.214,1095.486,"zaino_sync_iteration_duration_seconds{quantile=""0.5""}",9.916751810716024e-05
1791661664.214,1095.486,"zaino_sync_iteration_duration_seconds{quantile=""0.9""}",0.0006959031711394158
1791661664.214,1095.486,zaino_sync_iteration_duration_seconds_sum,0.21612545000000002
1791661664.214,1095.486,zaino_sync_iteration_duration_seconds_count,2101.0
1791661666.214,1097.486,"zaino_grpc_requests_total{method=""get_lightd_info""}",219.0
1791661666.214,1097.486,"zaino_grpc_requests_total{method=""get_block""}",438.0
1791661666.214,1097.486,zaino_sync_iterations_total,2105.0
1791661666.214,1097.486,"zaino_grpc_request_duration_seconds{method=""get_block"",quantile=""0.99""}",0.0006599806580150734
1791661666.214,1097.486,"zaino_grpc_request_duration_seconds{method=""get_block"",quantile=""0.999""}",0.0006599806580150734
1791661666.214,1097.486,"zaino_grpc_request_duration_seconds_sum{method=""get_block""}",0.09689360000000008
1791661666.214,1097.486,"zaino_grpc_request_duration_seconds_count{method=""get_block""}",438.0
1791661666.214,1097.486,"zaino_grpc_request_duration_seconds{method=""get_lightd_info"",quantile=""0.5""}",0.0032131612153986364
1791661666.214,1097.486,"zaino_grpc_request_duration_seconds{method=""get_lightd_info"",quantile=""0.9""}",0.0036315343875301122
1791661666.214,1097.486,"zaino_grpc_request_duration_seconds{method=""get_lightd_info"",quantile=""0.95""}",0.0036315343875301122
1791661666.214,1097.486,"zaino_grpc_request_duration_seconds{method=""get_lightd_info"",quantile=""0.99""}",0.0036315343875301122
1791661666.214,1097.486,"zaino_grpc_request_duration_seconds{method=""get_lightd_info"",quantile=""0.999""}",0.0036315343875301122
1791661666.214,1097.486,"zaino_grpc_request_duration_seconds_sum{method=""get_lightd_info""}",0.7002561190000003
1791661666.214,1097.486,"zaino_grpc_request_duration_seconds_count{method=""get_lightd_info""}",219.0
1791661666.214,1097.486,"zaino_sync_iteration_duration_seconds{quantile=""0.5""}",9.952516455087876e-05
1791661666.214,1097.486,zaino_sync_iteration_duration_seconds_sum,0.21699377800000003
1791661666.214,1097.486,zaino_sync_iteration_duration_seconds_count,2105.0
1791661668.214,1099.486,zaino_sync_orchard_actions_total,248902.0
1791661668.214,1099.486,zaino_sync_transactions_total,5114847.0
1791661668.214,1099.486,zaino_sync_sapling_outputs_total,404277.0
1791661668.214,1099.486,zaino_sync_iterations_total,2108.0
1791661668.214,1099.486,zaino_db_accumulator_rebuild_active,1.0
1791661668.214,1099.486,zaino_db_tip_height,4381896.0
1791661668.214,1099.486,zaino_sync_last_block_written_at,1791661666.8839166
1791661668.214,1099.486,"zaino_sync_iteration_duration_seconds{quantile=""0.5""}",0.00010333855319986007
1791661668.214,1099.486,"zaino_sync_iteration_duration_seconds{quantile=""0.9""}",0.0005868742242687932
1791661668.214,1099.486,zaino_sync_iteration_duration_seconds_sum,0.218146061
1791661668.214,1099.486,zaino_sync_iteration_duration_seconds_count,2108.0
1791661668.214,1099.486,"zaino_sync_block_write_seconds{quantile=""0""}",11.148140344
1791661668.214,1099.486,"zaino_sync_block_write_seconds{quantile=""0.5""}",11.148444740694526
1791661668.214,1099.486,"zaino_sync_block_write_seconds{quantile=""0.9""}",11.148444740694526
1791661668.214,1099.486,"zaino_sync_block_write_seconds{quantile=""0.95""}",11.148444740694526
1791661668.214,1099.486,"zaino_sync_block_write_seconds{quantile=""0.99""}",11.148444740694526
1791661668.214,1099.486,"zaino_sync_block_write_seconds{quantile=""0.999""}",11.148444740694526
1791661668.214,1099.486,"zaino_sync_block_write_seconds{quantile=""1""}",11.148140344
1791661668.214,1099.486,zaino_sync_block_write_seconds_sum,367.8703104140001
1791661668.214,1099.486,zaino_sync_block_write_seconds_count,44.0
1791661670.214,1101.486,zaino_sync_iterations_total,2112.0
1791661670.214,1101.486,"zaino_sync_iteration_duration_seconds{quantile=""0.5""}",0.00010483739412571869
1791661670.214,1101.486,zaino_sync_iteration_duration_seconds_sum,0.21943848000000002
1791661670.214,1101.486,zaino_sync_iteration_duration_seconds_count,2112.0
1791661672.215,1103.486,zaino_sync_iterations_total,2116.0
1791661672.215,1103.486,"zaino_grpc_requests_total{method=""get_block""}",440.0
1791661672.215,1103.486,"zaino_grpc_requests_total{method=""get_lightd_info""}",220.0
1791661672.215,1103.486,"zaino_grpc_request_duration_seconds{method=""get_block"",quantile=""0.9""}",0.0006421426841570005
1791661672.215,1103.486,"zaino_grpc_request_duration_seconds{method=""get_block"",quantile=""0.95""}",0.0006599806580150734
1791661672.215,1103.486,"zaino_grpc_request_duration_seconds{method=""get_block"",quantile=""0.99""}",0.0006733131517436053
1791661672.215,1103.486,"zaino_grpc_request_duration_seconds{method=""get_block"",quantile=""0.999""}",0.0006733131517436053
1791661672.215,1103.486,"zaino_grpc_request_duration_seconds_sum{method=""get_block""}",0.09758023800000007
1791661672.215,1103.486,"zaino_grpc_request_duration_seconds_count{method=""get_block""}",440.0
1791661672.215,1103.486,"zaino_grpc_request_duration_seconds{method=""get_lightd_info"",quantile=""0.9""}",0.0035717485121402447
1791661672.215,1103.486,"zaino_grpc_request_duration_seconds_sum{method=""get_lightd_info""}",0.7035271350000003
1791661672.215,1103.486,"zaino_grpc_request_duration_seconds_count{method=""get_lightd_info""}",220.0
1791661672.215,1103.486,"zaino_sync_iteration_duration_seconds{quantile=""0.5""}",0.00010734098278276742
1791661672.215,1103.486,"zaino_sync_iteration_duration_seconds{quantile=""0.9""}",0.0008304855496465661
1791661672.215,1103.486,"zaino_sync_iteration_duration_seconds{quantile=""0.95""}",0.001071066896448756
1791661672.215,1103.486,"zaino_sync_iteration_duration_seconds{quantile=""0.99""}",0.0012008807567908345
1791661672.215,1103.486,zaino_sync_iteration_duration_seconds_sum,0.220424436
1791661672.215,1103.486,zaino_sync_iteration_duration_seconds_count,2116.0
1791661672.215,1103.486,"zaino_sync_block_build_seconds{quantile=""0.5""}",0.0005008018568934128
1791661672.215,1103.486,"zaino_sync_block_build_seconds{quantile=""0.9""}",0.0008261782335018373
1791661672.215,1103.486,"zaino_sync_block_build_seconds{quantile=""0.95""}",0.000971081627195159
1791661672.215,1103.486,"zaino_sync_block_build_seconds{quantile=""0.99""}",0.005230230012059958
1791661672.215,1103.486,"zaino_sync_block_build_seconds{quantile=""0.999""}",0.01815335261293934
1791661672.215,1103.486,"zaino_sync_block_build_seconds{quantile=""1""}",0.094250142
1791661674.215,1105.487,zaino_sync_iterations_total,2120.0
1791661674.215,1105.487,"zaino_sync_iteration_duration_seconds{quantile=""0.5""}",0.00011165463852240826
1791661674.215,1105.487,"zaino_sync_iteration_duration_seconds{quantile=""0.9""}",0.0007101033542428333
1791661674.215,1105.487,"zaino_sync_iteration_duration_seconds{quantile=""0.95""}",0.001046085655702001
1791661674.215,1105.487,zaino_sync_iteration_duration_seconds_sum,0.22133980399999997
1791661674.215,1105.487,zaino_sync_iteration_duration_seconds_count,2120.0
1791661676.215,1107.487,"zaino_grpc_requests_total{method=""get_block""}",442.0
1791661676.215,1107.487,"zaino_grpc_requests_total{method=""get_lightd_info""}",221.0
1791661676.215,1107.487,zaino_sync_iterations_total,2124.0
1791661676.215,1107.487,"zaino_grpc_request_duration_seconds{method=""get_block"",quantile=""0.9""}",0.0006599806580150734
1791661676.215,1107.487,"zaino_grpc_request_duration_seconds{method=""get_block"",quantile=""0.95""}",0.0006733131517436053
1791661676.215,1107.487,"zaino_grpc_request_duration_seconds_sum{method=""get_block""}",0.09799666800000006
1791661676.215,1107.487,"zaino_grpc_request_duration_seconds_count{method=""get_block""}",442.0
1791661676.215,1107.487,"zaino_grpc_request_duration_seconds{method=""get_lightd_info"",quantile=""0.5""}",0.0032708675479533296
1791661676.215,1107.487,"zaino_grpc_request_duration_seconds{method=""get_lightd_info"",quantile=""0.9""}",0.0036315343875301122
1791661676.215,1107.487,"zaino_grpc_request_duration_seconds_sum{method=""get_lightd_info""}",0.7063610350000002
1791661676.215,1107.487,"zaino_grpc_request_duration_seconds_count{method=""get_lightd_info""}",221.0
1791661676.215,1107.487,"zaino_sync_iteration_duration_seconds{quantile=""0.5""}",0.00011898655729732544
1791661676.215,1107.487,zaino_sync_iteration_duration_seconds_sum,0.22203956299999997
1791661676.215,1107.487,zaino_sync_iteration_duration_seconds_count,2124.0
1791661678.215,1109.487,zaino_sync_iterations_total,2128.0
1791661678.215,1109.487,"zaino_sync_iteration_duration_seconds{quantile=""0.5""}",0.0001305831936855785
1791661678.215,1109.487,"zaino_sync_iteration_duration_seconds{quantile=""0.9""}",0.0005868742242687932
1791661678.215,1109.487,zaino_sync_iteration_duration_seconds_sum,0.22288853099999995
1791661678.215,1109.487,zaino_sync_iteration_duration_seconds_count,2128.0
1791661680.215,1111.487,zaino_sync_iterations_total,2132.0
1791661680.215,1111.487,"zaino_sync_iteration_duration_seconds{quantile=""0.5""}",0.0001449241531005047
1791661680.215,1111.487,zaino_sync_iteration_duration_seconds_sum,0.22376051499999994
1791661680.215,1111.487,zaino_sync_iteration_duration_seconds_count,2132.0
1791661682.216,1113.487,"zaino_grpc_requests_total{method=""get_block""}",444.0
1791661682.216,1113.487,"zaino_grpc_requests_total{method=""get_lightd_info""}",222.0
1791661682.216,1113.487,zaino_sync_iterations_total,2136.0
1791661682.216,1113.487,"zaino_grpc_request_duration_seconds_sum{method=""get_block""}",0.09840385200000007
1791661682.216,1113.487,"zaino_grpc_request_duration_seconds_count{method=""get_block""}",444.0
1791661682.216,1113.487,"zaino_grpc_request_duration_seconds_sum{method=""get_lightd_info""}",0.7099550410000003
1791661682.216,1113.487,"zaino_grpc_request_duration_seconds_count{method=""get_lightd_info""}",222.0
1791661682.216,1113.487,"zaino_sync_iteration_duration_seconds{quantile=""0.5""}",0.00016129105434448503
1791661682.216,1113.487,zaino_sync_iteration_duration_seconds_sum,0.22459100799999993
1791661682.216,1113.487,zaino_sync_iteration_duration_seconds_count,2136.0
1791661684.216,1115.487,zaino_sync_iterations_total,2140.0
1791661684.216,1115.487,"zaino_sync_iteration_duration_seconds{quantile=""0.5""}",0.00016952671483079222
1791661684.216,1115.487,"zaino_sync_iteration_duration_seconds{quantile=""0.9""}",0.000573415467464516
1791661684.216,1115.487,"zaino_sync_iteration_duration_seconds{quantile=""0.95""}",0.0010385808885382867
1791661684.216,1115.487,"zaino_sync_iteration_duration_seconds{quantile=""0.99""}",0.001118798398981342
1791661684.216,1115.487,zaino_sync_iteration_duration_seconds_sum,0.22540670299999993
1791661684.216,1115.487,zaino_sync_iteration_duration_seconds_count,2140.0
1791661686.216,1117.488,zaino_sync_iterations_total,2144.0
1791661686.216,1117.488,"zaino_grpc_requests_total{method=""get_block""}",446.0
1791661686.216,1117.488,"zaino_grpc_requests_total{method=""get_lightd_info""}",223.0
1791661686.216,1117.488,"zaino_grpc_request_duration_seconds{method=""get_block"",quantile=""0.9""}",0.0006421426841570005
1791661686.216,1117.488,"zaino_grpc_request_duration_seconds{method=""get_block"",quantile=""0.95""}",0.0006599806580150734
1791661686.216,1117.488,"zaino_grpc_request_duration_seconds_sum{method=""get_block""}",0.09882255500000006
1791661686.216,1117.488,"zaino_grpc_request_duration_seconds_count{method=""get_block""}",446.0
1791661686.216,1117.488,"zaino_grpc_request_duration_seconds{method=""get_lightd_info"",quantile=""0""}",0.002719632
1791661686.216,1117.488,"zaino_grpc_request_duration_seconds_sum{method=""get_lightd_info""}",0.7126746730000003
1791661686.216,1117.488,"zaino_grpc_request_duration_seconds_count{method=""get_lightd_info""}",223.0
1791661686.216,1117.488,zaino_sync_iteration_duration_seconds_sum,0.22612686399999996
1791661686.216,1117.488,zaino_sync_iteration_duration_seconds_count,2144.0
1791661688.216,1119.488,zaino_sync_iterations_total,2148.0
1791661688.216,1119.488,"zaino_sync_iteration_duration_seconds{quantile=""0.5""}",0.0001747594617471426
1791661688.216,1119.488,"zaino_sync_iteration_duration_seconds{quantile=""0.9""}",0.0005344352211279605
1791661688.216,1119.488,zaino_sync_iteration_duration_seconds_sum,0.22685955499999996
1791661688.216,1119.488,zaino_sync_iteration_duration_seconds_count,2148.0
1791661690.216,1121.488,zaino_sync_iterations_total,2152.0
1791661690.216,1121.488,"zaino_sync_iteration_duration_seconds{quantile=""0.5""}",0.00017545989953813106
1791661690.216,1121.488,zaino_sync_iteration_duration_seconds_sum,0.22764804899999996
1791661690.216,1121.488,zaino_sync_iteration_duration_seconds_count,2152.0
1791661692.217,1123.488,"zaino_grpc_requests_total{method=""get_block""}",448.0
1791661692.217,1123.488,"zaino_grpc_requests_total{method=""get_lightd_info""}",224.0
1791661692.217,1123.488,zaino_sync_iterations_total,2156.0
1791661692.217,1123.488,"zaino_grpc_request_duration_seconds_sum{method=""get_block""}",0.09927285800000006
1791661692.217,1123.488,"zaino_grpc_request_duration_seconds_count{method=""get_block""}",448.0
1791661692.217,1123.488,"zaino_grpc_request_duration_seconds{method=""get_lightd_info"",quantile=""0.5""}",0.003255205003848869
1791661692.217,1123.488,"zaino_grpc_request_duration_seconds{method=""get_lightd_info"",quantile=""0.9""}",0.0035939621440909853
1791661692.217,1123.488,"zaino_grpc_request_duration_seconds_sum{method=""get_lightd_info""}",0.7155482230000003
1791661692.217,1123.488,"zaino_grpc_request_duration_seconds_count{method=""get_lightd_info""}",224.0
1791661692.217,1123.488,"zaino_sync_iteration_duration_seconds{quantile=""0.5""}",0.000196057998173644
1791661692.217,1123.488,"zaino_sync_iteration_duration_seconds{quantile=""0.9""}",0.0008304855496465661
1791661692.217,1123.488,"zaino_sync_iteration_duration_seconds{quantile=""0.95""}",0.001071066896448756
1791661692.217,1123.488,"zaino_sync_iteration_duration_seconds{quantile=""0.99""}",0.0012008807567908345
1791661692.217,1123.488,zaino_sync_iteration_duration_seconds_sum,0.22855424399999996
1791661692.217,1123.488,zaino_sync_iteration_duration_seconds_count,2156.0
1791661692.217,1123.488,"zaino_sync_block_build_seconds{quantile=""0""}",0.000138239
1791661692.217,1123.488,"zaino_sync_block_build_seconds{quantile=""0.5""}",0.0004815502212702211
1791661692.217,1123.488,"zaino_sync_block_build_seconds{quantile=""0.9""}",0.000864378307998484
1791661692.217,1123.488,"zaino_sync_block_build_seconds{quantile=""0.95""}",0.0050553912917840945
1791661692.217,1123.488,"zaino_sync_block_build_seconds{quantile=""0.99""}",0.0054786310240715775
1791661692.217,1123.488,"zaino_sync_block_build_seconds{quantile=""0.999""}",0.007305702865265602
1791661692.217,1123.488,"zaino_sync_block_build_seconds{quantile=""1""}",0.00997307
1791661694.217,1125.489,zaino_sync_iterations_total,2160.0
1791661694.217,1125.489,"zaino_sync_iteration_duration_seconds{quantile=""0.5""}",0.00019221422869001008
1791661694.217,1125.489,"zaino_sync_iteration_duration_seconds{quantile=""0.9""}",0.0007101033542428333
1791661694.217,1125.489,"zaino_sync_iteration_duration_seconds{quantile=""0.95""}",0.001046085655702001
1791661694.217,1125.489,zaino_sync_iteration_duration_seconds_sum,0.22931200699999996
1791661694.217,1125.489,zaino_sync_iteration_duration_seconds_count,2160.0
1791661696.217,1127.489,"zaino_grpc_requests_total{method=""get_lightd_info""}",225.0
1791661696.217,1127.489,"zaino_grpc_requests_total{method=""get_block""}",450.0
1791661696.217,1127.489,zaino_sync_iterations_total,2164.0
1791661696.217,1127.489,"zaino_grpc_request_duration_seconds{method=""get_block"",quantile=""0""}",1.0315e-05
1791661696.217,1127.489,"zaino_grpc_request_duration_seconds{method=""get_block"",quantile=""0.9""}",0.0006599806580150734
1791661696.217,1127.489,"zaino_grpc_request_duration_seconds{method=""get_block"",quantile=""0.95""}",0.0006733131517436053
1791661696.217,1127.489,"zaino_grpc_request_duration_seconds_sum{method=""get_block""}",0.09975940000000005
1791661696.217,1127.489,"zaino_grpc_request_duration_seconds_count{method=""get_block""}",450.0
1791661696.217,1127.489,"zaino_grpc_request_duration_seconds{method=""get_lightd_info"",quantile=""0.5""}",0.0028732829311038516
1791661696.217,1127.489,"zaino_grpc_request_duration_seconds{method=""get_lightd_info"",quantile=""0.9""}",0.0036315343875301122
1791661696.217,1127.489,"zaino_grpc_request_duration_seconds_sum{method=""get_lightd_info""}",0.7183896360000003
1791661696.217,1127.489,"zaino_grpc_request_duration_seconds_count{method=""get_lightd_info""}",225.0
1791661696.217,1127.489,"zaino_sync_iteration_duration_seconds{quantile=""0.5""}",0.0001916001262441025
1791661696.217,1127.489,zaino_sync_iteration_duration_seconds_sum,0.23005308599999996
1791661696.217,1127.489,zaino_sync_iteration_duration_seconds_count,2164.0
1791661698.217,1129.489,zaino_sync_iterations_total,2168.0
1791661698.217,1129.489,"zaino_sync_iteration_duration_seconds{quantile=""0.5""}",0.00019049206200077063
1791661698.217,1129.489,"zaino_sync_iteration_duration_seconds{quantile=""0.9""}",0.0005868742242687932
1791661698.217,1129.489,zaino_sync_iteration_duration_seconds_sum,0.23077512299999997
1791661698.217,1129.489,zaino_sync_iteration_duration_seconds_count,2168.0
1791661700.217,1131.489,zaino_sync_iterations_total,2172.0
1791661700.217,1131.489,zaino_sync_iteration_duration_seconds_sum,0.23154064699999996
1791661700.217,1131.489,zaino_sync_iteration_duration_seconds_count,2172.0
1791661702.217,1133.489,zaino_sync_iterations_total,2176.0
1791661702.217,1133.489,"zaino_grpc_requests_total{method=""get_block""}",452.0
1791661702.217,1133.489,"zaino_grpc_requests_total{method=""get_lightd_info""}",226.0
1791661702.217,1133.489,"zaino_grpc_request_duration_seconds_sum{method=""get_block""}",0.10018800800000005
1791661702.217,1133.489,"zaino_grpc_request_duration_seconds_count{method=""get_block""}",452.0
1791661702.217,1133.489,"zaino_grpc_request_duration_seconds_sum{method=""get_lightd_info""}",0.7214427700000002
1791661702.217,1133.489,"zaino_grpc_request_duration_seconds_count{method=""get_lightd_info""}",226.0
1791661702.217,1133.489,"zaino_sync_iteration_duration_seconds{quantile=""0.5""}",0.00018818217778059773
1791661702.217,1133.489,zaino_sync_iteration_duration_seconds_sum,0.23225295399999996
1791661702.217,1133.489,zaino_sync_iteration_duration_seconds_count,2176.0
1791661704.218,1135.489,zaino_sync_iterations_total,2180.0
1791661704.218,1135.489,"zaino_sync_iteration_duration_seconds{quantile=""0.9""}",0.000573415467464516
1791661704.218,1135.489,"zaino_sync_iteration_duration_seconds{quantile=""0.95""}",0.0010385808885382867
1791661704.218,1135.489,"zaino_sync_iteration_duration_seconds{quantile=""0.99""}",0.001118798398981342
1791661704.218,1135.489,zaino_sync_iteration_duration_seconds_sum,0.23308002099999997
1791661704.218,1135.489,zaino_sync_iteration_duration_seconds_count,2180.0
1791661706.218,1137.490,zaino_sync_iterations_total,2184.0
1791661706.218,1137.490,"zaino_grpc_requests_total{method=""get_lightd_info""}",227.0
1791661706.218,1137.490,"zaino_grpc_requests_total{method=""get_block""}",454.0
1791661706.218,1137.490,"zaino_grpc_request_duration_seconds{method=""get_block"",quantile=""0.9""}",0.0006421426841570005
1791661706.218,1137.490,"zaino_grpc_request_duration_seconds{method=""get_block"",quantile=""0.95""}",0.0006599806580150734
1791661706.218,1137.490,"zaino_grpc_request_duration_seconds_sum{method=""get_block""}",0.10067740000000006
1791661706.218,1137.490,"zaino_grpc_request_duration_seconds_count{method=""get_block""}",454.0
1791661706.218,1137.490,"zaino_grpc_request_duration_seconds_sum{method=""get_lightd_info""}",0.7242477080000003
1791661706.218,1137.490,"zaino_grpc_request_duration_seconds_count{method=""get_lightd_info""}",227.0
1791661706.218,1137.490,"zaino_sync_iteration_duration_seconds{quantile=""0.5""}",0.00019049206200077063
1791661706.218,1137.490,zaino_sync_iteration_duration_seconds_sum,0.233857817
1791661706.218,1137.490,zaino_sync_iteration_duration_seconds_count,2184.0
1791661708.218,1139.490,zaino_sync_iterations_total,2188.0
1791661708.218,1139.490,"zaino_sync_iteration_duration_seconds{quantile=""0.5""}",0.00018818217778059773
1791661708.218,1139.490,"zaino_sync_iteration_duration_seconds{quantile=""0.9""}",0.0005344352211279605
1791661708.218,1139.490,zaino_sync_iteration_duration_seconds_sum,0.23454668699999998
1791661708.218,1139.490,zaino_sync_iteration_duration_seconds_count,2188.0
1791661710.218,1141.490,zaino_sync_iterations_total,2192.0
1791661710.218,1141.490,"zaino_sync_iteration_duration_seconds{quantile=""0.5""}",0.000189201110185498
1791661710.218,1141.490,zaino_sync_iteration_duration_seconds_sum,0.235327949
1791661710.218,1141.490,zaino_sync_iteration_duration_seconds_count,2192.0
1791661712.218,1143.490,zaino_sync_iterations_total,2196.0
1791661712.218,1143.490,"zaino_grpc_requests_total{method=""get_block""}",456.0
1791661712.218,1143.490,"zaino_grpc_requests_total{method=""get_lightd_info""}",228.0
1791661712.218,1143.490,"zaino_grpc_request_duration_seconds{method=""get_block"",quantile=""0""}",9.825e-06
1791661712.218,1143.490,"zaino_grpc_request_duration_seconds_sum{method=""get_block""}",0.10106818000000006
1791661712.218,1143.490,"zaino_grpc_request_duration_seconds_count{method=""get_block""}",456.0
1791661712.218,1143.490,"zaino_grpc_request_duration_seconds{method=""get_lightd_info"",quantile=""0""}",0.002713159
1791661712.218,1143.490,"zaino_grpc_request_duration_seconds{method=""get_lightd_info"",quantile=""0.5""}",0.002841281703561853
1791661712.218,1143.490,"zaino_grpc_request_duration_seconds{method=""get_lightd_info"",quantile=""0.9""}",0.0035939621440909853
1791661712.218,1143.490,"zaino_grpc_request_duration_seconds_sum{method=""get_lightd_info""}",0.7269608670000003
1791661712.218,1143.490,"zaino_grpc_request_duration_seconds_count{method=""get_lightd_info""}",228.0
1791661712.218,1143.490,"zaino_sync_iteration_duration_seconds{quantile=""0""}",0.000155071
1791661712.218,1143.490,"zaino_sync_iteration_duration_seconds{quantile=""0.5""}",0.0001865334396980386
1791661712.218,1143.490,"zaino_sync_iteration_duration_seconds{quantile=""0.9""}",0.00022687756823382434
1791661712.218,1143.490,"zaino_sync_iteration_duration_seconds{quantile=""0.95""}",0.0002862915009285014
1791661712.218,1143.490,"zaino_sync_iteration_duration_seconds{quantile=""0.99""}",0.0003182414992373518
1791661712.218,1143.490,"zaino_sync_iteration_duration_seconds{quantile=""0.999""}",0.0003182414992373518
1791661712.218,1143.490,"zaino_sync_iteration_duration_seconds{quantile=""1""}",0.000462669
1791661712.218,1143.490,zaino_sync_iteration_duration_seconds_sum,0.23610660499999997
1791661712.218,1143.490,zaino_sync_iteration_duration_seconds_count,2196.0
1791661712.218,1143.490,"zaino_sync_block_build_seconds{quantile=""0""}",0.0
1791661712.218,1143.490,"zaino_sync_block_build_seconds{quantile=""0.5""}",0.0
1791661712.218,1143.490,"zaino_sync_block_build_seconds{quantile=""0.9""}",0.0
1791661712.218,1143.490,"zaino_sync_block_build_seconds{quantile=""0.95""}",0.0
1791661712.218,1143.490,"zaino_sync_block_build_seconds{quantile=""0.99""}",0.0
1791661712.218,1143.490,"zaino_sync_block_build_seconds{quantile=""0.999""}",0.0
1791661712.218,1143.490,"zaino_sync_block_build_seconds{quantile=""1""}",0.0
1791661714.219,1145.490,zaino_sync_iterations_total,2200.0
1791661714.219,1145.490,"zaino_sync_iteration_duration_seconds{quantile=""0.5""}",0.0001873559951303471
1791661714.219,1145.490,zaino_sync_iteration_duration_seconds_sum,0.23688715499999996
1791661714.219,1145.490,zaino_sync_iteration_duration_seconds_count,2200.0
1791661716.219,1147.491,zaino_sync_iterations_total,2204.0
1791661716.219,1147.491,"zaino_grpc_requests_total{method=""get_lightd_info""}",229.0
1791661716.219,1147.491,"zaino_grpc_requests_total{method=""get_block""}",458.0
1791661716.219,1147.491,"zaino_grpc_request_duration_seconds{method=""get_block"",quantile=""0.5""}",1.563341352148856e-05
1791661716.219,1147.491,"zaino_grpc_request_duration_seconds{method=""get_block"",quantile=""0.9""}",0.0004370337954272882
1791661716.219,1147.491,"zaino_grpc_request_duration_seconds{method=""get_block"",quantile=""0.95""}",0.00047371720392078734
1791661716.219,1147.491,"zaino_grpc_request_duration_seconds{method=""get_block"",quantile=""0.99""}",0.00047371720392078734
1791661716.219,1147.491,"zaino_grpc_request_duration_seconds{method=""get_block"",quantile=""0.999""}",0.00047371720392078734
1791661716.219,1147.491,"zaino_grpc_request_duration_seconds{method=""get_block"",quantile=""1""}",0.000476227
1791661716.219,1147.491,"zaino_grpc_request_duration_seconds_sum{method=""get_block""}",0.10148784900000006
1791661716.219,1147.491,"zaino_grpc_request_duration_seconds_count{method=""get_block""}",458.0
1791661716.219,1147.491,"zaino_grpc_request_duration_seconds{method=""get_lightd_info"",quantile=""0.9""}",0.0030533985674562948
1791661716.219,1147.491,"zaino_grpc_request_duration_seconds{method=""get_lightd_info"",quantile=""0.95""}",0.0030533985674562948
1791661716.219,1147.491,"zaino_grpc_request_duration_seconds{method=""get_lightd_info"",quantile=""0.99""}",0.0030533985674562948
1791661716.219,1147.491,"zaino_grpc_request_duration_seconds{method=""get_lightd_info"",quantile=""0.999""}",0.0030533985674562948
1791661716.219,1147.491,"zaino_grpc_request_duration_seconds{method=""get_lightd_info"",quantile=""1""}",0.003594006
1791661716.219,1147.491,"zaino_grpc_request_duration_seconds_sum{method=""get_lightd_info""}",0.7298077880000002
1791661716.219,1147.491,"zaino_grpc_request_duration_seconds_count{method=""get_lightd_info""}",229.0
1791661716.219,1147.491,"zaino_sync_iteration_duration_seconds{quantile=""0.5""}",0.00018818217778059773
1791661716.219,1147.491,zaino_sync_iteration_duration_seconds_sum,0.23768564399999997
1791661716.219,1147.491,zaino_sync_iteration_duration_seconds_count,2204.0
1791661718.219,1149.491,zaino_sync_iterations_total,2208.0
1791661718.219,1149.491,"zaino_sync_iteration_duration_seconds{quantile=""0.95""}",0.00028963181873768674
1791661718.219,1149.491,zaino_sync_iteration_duration_seconds_sum,0.23856035199999998
1791661718.219,1149.491,zaino_sync_iteration_duration_seconds_count,2208.0
1791661720.219,1151.491,zaino_sync_iterations_total,2212.0
1791661720.219,1151.491,"zaino_sync_iteration_duration_seconds{quantile=""0.5""}",0.0001884081319400687
1791661720.219,1151.491,"zaino_sync_iteration_duration_seconds{quantile=""0.9""}",0.00023604218171292566
1791661720.219,1151.491,"zaino_sync_iteration_duration_seconds{quantile=""0.95""}",0.00029554187207444187
1791661720.219,1151.491,"zaino_sync_iteration_duration_seconds{quantile=""0.99""}",0.000369078931111021
1791661720.219,1151.491,"zaino_sync_iteration_duration_seconds{quantile=""0.999""}",0.000369078931111021
1791661720.219,1151.491,zaino_sync_iteration_duration_seconds_sum,0.23952757900000002
1791661720.219,1151.491,zaino_sync_iteration_duration_seconds_count,2212.0
1791661722.219,1153.491,"zaino_grpc_requests_total{method=""get_lightd_info""}",230.0
1791661722.219,1153.491,"zaino_grpc_requests_total{method=""get_block""}",460.0
1791661722.219,1153.491,zaino_sync_iterations_total,2216.0
1791661722.219,1153.491,"zaino_grpc_request_duration_seconds{method=""get_block"",quantile=""0.9""}",0.00047097759666996997
1791661722.219,1153.491,"zaino_grpc_request_duration_seconds_sum{method=""get_block""}",0.10197003700000005
1791661722.219,1153.491,"zaino_grpc_request_duration_seconds_count{method=""get_block""}",460.0
1791661722.219,1153.491,"zaino_grpc_request_duration_seconds{method=""get_lightd_info"",quantile=""0""}",0.002702476
1791661722.219,1153.491,"zaino_grpc_request_duration_seconds{method=""get_lightd_info"",quantile=""0.5""}",0.002833903966322535
1791661722.219,1153.491,"zaino_grpc_request_duration_seconds_sum{method=""get_lightd_info""}",0.7325102640000002
1791661722.219,1153.491,"zaino_grpc_request_duration_seconds_count{method=""get_lightd_info""}",230.0
1791661722.219,1153.491,"zaino_sync_iteration_duration_seconds{quantile=""0.9""}",0.00023448943301561913
1791661722.219,1153.491,"zaino_sync_iteration_duration_seconds{quantile=""0.95""}",0.00028963181873768674
1791661722.219,1153.491,"zaino_sync_iteration_duration_seconds{quantile=""0.99""}",0.0003182414992373518
1791661722.219,1153.491,zaino_sync_iteration_duration_seconds_sum,0.24031824300000001
1791661722.219,1153.491,zaino_sync_iteration_duration_seconds_count,2216.0
1791661724.220,1155.491,zaino_sync_iterations_total,2220.0
1791661724.220,1155.491,zaino_db_finalised_ephemeral,0.0
1791661724.220,1155.491,zaino_db_accumulator_rebuild_active,0.0
1791661724.220,1155.491,zaino_db_accumulator_built_height,4381896.0
1791661724.220,1155.491,"zaino_sync_iteration_duration_seconds{quantile=""0.5""}",0.000189201110185498
1791661724.220,1155.491,"zaino_sync_iteration_duration_seconds{quantile=""0.9""}",0.00023604218171292566
1791661724.220,1155.491,zaino_sync_iteration_duration_seconds_sum,0.24121311500000003
1791661724.220,1155.491,zaino_sync_iteration_duration_seconds_count,2220.0
1791661726.220,1157.492,"zaino_grpc_requests_total{method=""get_block""}",462.0
1791661726.220,1157.492,"zaino_grpc_requests_total{method=""get_lightd_info""}",231.0
1791661726.220,1157.492,zaino_sync_iterations_total,2224.0
1791661726.220,1157.492,"zaino_grpc_request_duration_seconds{method=""get_block"",quantile=""0.99""}",0.00047618694916187786
1791661726.220,1157.492,"zaino_grpc_request_duration_seconds{method=""get_block"",quantile=""0.999""}",0.00047618694916187786
1791661726.220,1157.492,"zaino_grpc_request_duration_seconds{method=""get_block"",quantile=""1""}",0.001605372
1791661726.220,1157.492,"zaino_grpc_request_duration_seconds_sum{method=""get_block""}",0.10358829900000005
1791661726.220,1157.492,"zaino_grpc_request_duration_seconds_count{method=""get_block""}",462.0
1791661726.220,1157.492,"zaino_grpc_request_duration_seconds_sum{method=""get_lightd_info""}",0.7352852480000002
1791661726.220,1157.492,"zaino_grpc_request_duration_seconds_count{method=""get_lightd_info""}",231.0
1791661726.220,1157.492,"zaino_sync_iteration_duration_seconds{quantile=""0.9""}",0.0002476980651711598
1791661726.220,1157.492,zaino_sync_iteration_duration_seconds_sum,0.24201818400000003
1791661726.220,1157.492,zaino_sync_iteration_duration_seconds_count,2224.0
1791661728.220,1159.492,zaino_sync_iterations_total,2228.0
1791661728.220,1159.492,"zaino_sync_iteration_duration_seconds{quantile=""0""}",0.00011848
1791661728.220,1159.492,"zaino_sync_iteration_duration_seconds{quantile=""0.95""}",0.00029554187207444187
1791661728.220,1159.492,"zaino_sync_iteration_duration_seconds{quantile=""0.99""}",0.0003217614801426055
1791661728.220,1159.492,zaino_sync_iteration_duration_seconds_sum,0.242830486
1791661728.220,1159.492,zaino_sync_iteration_duration_seconds_count,2228.0
1791661728.220,1159.492,"zaino_sync_block_write_seconds{quantile=""0""}",0.0
1791661728.220,1159.492,"zaino_sync_block_write_seconds{quantile=""0.5""}",0.0
1791661728.220,1159.492,"zaino_sync_block_write_seconds{quantile=""0.9""}",0.0
1791661728.220,1159.492,"zaino_sync_block_write_seconds{quantile=""0.95""}",0.0
1791661728.220,1159.492,"zaino_sync_block_write_seconds{quantile=""0.99""}",0.0
1791661728.220,1159.492,"zaino_sync_block_write_seconds{quantile=""0.999""}",0.0
1791661728.220,1159.492,"zaino_sync_block_write_seconds{quantile=""1""}",0.0
1791661730.220,1161.492,zaino_sync_iterations_total,2232.0
1791661730.220,1161.492,"zaino_sync_iteration_duration_seconds{quantile=""0""}",0.000107316
1791661730.220,1161.492,"zaino_sync_iteration_duration_seconds{quantile=""0.9""}",0.00026217455581181693
1791661730.220,1161.492,zaino_sync_iteration_duration_seconds_sum,0.24362824500000002
1791661730.220,1161.492,zaino_sync_iteration_duration_seconds_count,2232.0
1791661732.220,1163.492,"zaino_grpc_requests_total{method=""get_block""}",464.0
1791661732.220,1163.492,"zaino_grpc_requests_total{method=""get_lightd_info""}",232.0
1791661732.220,1163.492,zaino_sync_iterations_total,2236.0
1791661732.220,1163.492,"zaino_grpc_request_duration_seconds_sum{method=""get_block""}",0.10368133800000005
1791661732.220,1163.492,"zaino_grpc_request_duration_seconds_count{method=""get_block""}",464.0
1791661732.220,1163.492,"zaino_grpc_request_duration_seconds{method=""get_lightd_info"",quantile=""0.9""}",0.0028871078424626746
1791661732.220,1163.492,"zaino_grpc_request_duration_seconds_sum{method=""get_lightd_info""}",0.7381725950000002
1791661732.220,1163.492,"zaino_grpc_request_duration_seconds_count{method=""get_lightd_info""}",232.0
1791661732.220,1163.492,"zaino_sync_iteration_duration_seconds{quantile=""0.5""}",0.00019098798578517494
1791661732.220,1163.492,"zaino_sync_iteration_duration_seconds{quantile=""0.9""}",0.0002476980651711598
1791661732.220,1163.492,"zaino_sync_iteration_duration_seconds{quantile=""0.95""}",0.0002862915009285014
1791661732.220,1163.492,"zaino_sync_iteration_duration_seconds{quantile=""0.999""}",0.0003217614801426055
1791661732.220,1163.492,"zaino_sync_iteration_duration_seconds{quantile=""1""}",0.0003691
1791661732.220,1163.492,zaino_sync_iteration_duration_seconds_sum,0.24444907100000002
1791661732.220,1163.492,zaino_sync_iteration_duration_seconds_count,2236.0
1791661734.220,1165.492,zaino_sync_iterations_total,2240.0
1791661734.220,1165.492,"zaino_sync_iteration_duration_seconds{quantile=""0.9""}",0.00026967311101642127
1791661734.220,1165.492,"zaino_sync_iteration_duration_seconds{quantile=""0.95""}",0.00029306971792445515
1791661734.220,1165.492,"zaino_sync_iteration_duration_seconds{quantile=""0.99""}",0.00034440232602749135
1791661734.220,1165.492,"zaino_sync_iteration_duration_seconds{quantile=""0.999""}",0.00034440232602749135
1791661734.220,1165.492,zaino_sync_iteration_duration_seconds_sum,0.24538790100000005
1791661734.220,1165.492,zaino_sync_iteration_duration_seconds_count,2240.0
1791661736.221,1167.492,zaino_sync_iterations_total,2244.0
1791661736.221,1167.492,"zaino_grpc_requests_total{method=""get_lightd_info""}",233.0
1791661736.221,1167.492,"zaino_grpc_requests_total{method=""get_block""}",466.0
1791661736.221,1167.492,"zaino_grpc_request_duration_seconds{method=""get_block"",quantile=""0.9""}",0.00047371720392078734
1791661736.221,1167.492,"zaino_grpc_request_duration_seconds{method=""get_block"",quantile=""0.95""}",0.00047618694916187786
1791661736.221,1167.492,"zaino_grpc_request_duration_seconds_sum{method=""get_block""}",0.10377157300000005
1791661736.221,1167.492,"zaino_grpc_request_duration_seconds_count{method=""get_block""}",466.0
1791661736.221,1167.492,"zaino_grpc_request_duration_seconds{method=""get_lightd_info"",quantile=""0.5""}",0.002841281703561853
1791661736.221,1167.492,"zaino_grpc_request_duration_seconds{method=""get_lightd_info"",quantile=""0.9""}",0.0030533985674562948
1791661736.221,1167.492,"zaino_grpc_request_duration_seconds{method=""get_lightd_info"",quantile=""1""}",0.003125581
1791661736.221,1167.492,"zaino_grpc_request_duration_seconds_sum{method=""get_lightd_info""}",0.7412981760000003
1791661736.221,1167.492,"zaino_grpc_request_duration_seconds_count{method=""get_lightd_info""}",233.0
1791661736.221,1167.492,zaino_sync_iteration_duration_seconds_sum,0.24607769300000004
1791661736.221,1167.492,zaino_sync_iteration_duration_seconds_count,2244.0
1791661738.221,1169.493,zaino_sync_iterations_total,2248.0
1791661738.221,1169.493,"zaino_sync_iteration_duration_seconds{quantile=""0.5""}",0.0001916001262441025
1791661738.221,1169.493,"zaino_sync_iteration_duration_seconds{quantile=""0.95""}",0.00029554187207444187
1791661738.221,1169.493,zaino_sync_iteration_duration_seconds_sum,0.24699893200000003
1791661738.221,1169.493,zaino_sync_iteration_duration_seconds_count,2248.0
1791661740.221,1171.493,zaino_sync_iterations_total,2252.0
1791661740.221,1171.493,"zaino_sync_iteration_duration_seconds{quantile=""0.5""}",0.00019190693182612967
1791661740.221,1171.493,zaino_sync_iteration_duration_seconds_sum,0.24778403400000004
1791661740.221,1171.493,zaino_sync_iteration_duration_seconds_count,2252.0
1791661742.221,1173.493,"zaino_grpc_requests_total{method=""get_lightd_info""}",234.0
1791661742.221,1173.493,"zaino_grpc_requests_total{method=""get_block""}",468.0
1791661742.221,1173.493,zaino_sync_iterations_total,2256.0
1791661742.221,1173.493,"zaino_grpc_request_duration_seconds{method=""get_block"",quantile=""0.5""}",2.2069807924698024e-05
1791661742.221,1173.493,"zaino_grpc_request_duration_seconds_sum{method=""get_block""}",0.10385740100000004
1791661742.221,1173.493,"zaino_grpc_request_duration_seconds_count{method=""get_block""}",468.0
1791661742.221,1173.493,"zaino_grpc_request_duration_seconds{method=""get_lightd_info"",quantile=""0""}",0.002613926
1791661742.221,1173.493,"zaino_grpc_request_duration_seconds{method=""get_lightd_info"",quantile=""0.5""}",0.002805145065503598
1791661742.221,1173.493,"zaino_grpc_request_duration_seconds_sum{method=""get_lightd_info""}",0.7439121020000002
1791661742.221,1173.493,"zaino_grpc_request_duration_seconds_count{method=""get_lightd_info""}",234.0
1791661742.221,1173.493,"zaino_sync_iteration_duration_seconds{quantile=""0.5""}",0.00019240653905849958
1791661742.221,1173.493,"zaino_sync_iteration_duration_seconds{quantile=""0.9""}",0.00028338616998632737
1791661742.221,1173.493,"zaino_sync_iteration_duration_seconds{quantile=""0.95""}",0.00029827340308289925
1791661742.221,1173.493,"zaino_sync_iteration_duration_seconds{quantile=""0.99""}",0.0003402941961780049
1791661742.221,1173.493,zaino_sync_iteration_duration_seconds_sum,0.24887887400000003
1791661742.221,1173.493,zaino_sync_iteration_duration_seconds_count,2256.0
1791661744.222,1175.493,zaino_sync_iterations_total,2260.0
1791661744.222,1175.493,"zaino_sync_iteration_duration_seconds{quantile=""0.5""}",0.00019340965891621528
1791661744.222,1175.493,"zaino_sync_iteration_duration_seconds{quantile=""0.9""}",0.0002862915009285014
1791661744.222,1175.493,"zaino_sync_iteration_duration_seconds{quantile=""0.95""}",0.00030496912012195095
1791661744.222,1175.493,"zaino_sync_iteration_duration_seconds{quantile=""0.99""}",0.00034295886963367186
1791661744.222,1175.493,zaino_sync_iteration_duration_seconds_sum,0.24981545700000005
1791661744.222,1175.493,zaino_sync_iteration_duration_seconds_count,2260.0
1791661746.222,1177.494,"zaino_grpc_requests_total{method=""get_block""}",470.0
1791661746.222,1177.494,"zaino_grpc_requests_total{method=""get_lightd_info""}",235.0
1791661746.222,1177.494,zaino_sync_iterations_total,2264.0
1791661746.222,1177.494,"zaino_grpc_request_duration_seconds{method=""get_block"",quantile=""0.5""}",2.9803043471958335e-05
1791661746.222,1177.494,"zaino_grpc_request_duration_seconds{method=""get_block"",quantile=""0.9""}",0.00047097759666996997
1791661746.222,1177.494,"zaino_grpc_request_duration_seconds{method=""get_block"",quantile=""0.95""}",0.00047371720392078734
1791661746.222,1177.494,"zaino_grpc_request_duration_seconds_sum{method=""get_block""}",0.10395707800000004
1791661746.222,1177.494,"zaino_grpc_request_duration_seconds_count{method=""get_block""}",470.0
1791661746.222,1177.494,"zaino_grpc_request_duration_seconds_sum{method=""get_lightd_info""}",0.7466183640000003
1791661746.222,1177.494,"zaino_grpc_request_duration_seconds_count{method=""get_lightd_info""}",235.0
1791661746.222,1177.494,"zaino_sync_iteration_duration_seconds{quantile=""0.9""}",0.00028876422531940436
1791661746.222,1177.494,"zaino_sync_iteration_duration_seconds{quantile=""0.95""}",0.0003182414992373518
1791661746.222,1177.494,zaino_sync_iteration_duration_seconds_sum,0.2506579300000001
1791661746.222,1177.494,zaino_sync_iteration_duration_seconds_count,2264.0
1791661748.222,1179.494,zaino_sync_iterations_total,2268.0
1791661748.222,1179.494,"zaino_sync_iteration_duration_seconds{quantile=""0.5""}",0.00019368062206955125
1791661748.222,1179.494,"zaino_sync_iteration_duration_seconds{quantile=""0.9""}",0.00029306971792445515
1791661748.222,1179.494,"zaino_sync_iteration_duration_seconds{quantile=""0.95""}",0.0003217614801426055
1791661748.222,1179.494,"zaino_sync_iteration_duration_seconds{quantile=""0.99""}",0.00034440232602749135
1791661748.222,1179.494,"zaino_sync_iteration_duration_seconds{quantile=""0.999""}",0.0003480028002438884
1791661748.222,1179.494,zaino_sync_iteration_duration_seconds_sum,0.25173525200000013
1791661748.222,1179.494,zaino_sync_iteration_duration_seconds_count,2268.0
1791661750.222,1181.494,zaino_sync_iterations_total,2272.0
1791661750.222,1181.494,"zaino_sync_iteration_duration_seconds{quantile=""0.5""}",0.00019539253290964877
1791661750.222,1181.494,"zaino_sync_iteration_duration_seconds{quantile=""0.9""}",0.00029827340308289925
1791661750.222,1181.494,"zaino_sync_iteration_duration_seconds{quantile=""0.95""}",0.0003384615600832939
1791661750.222,1181.494,zaino_sync_iteration_duration_seconds_sum,0.25281791500000017
1791661750.222,1181.494,zaino_sync_iteration_duration_seconds_count,2272.0
1791661752.222,1183.494,zaino_sync_iterations_total,2276.0
1791661752.222,1183.494,"zaino_grpc_requests_total{method=""get_block""}",472.0
1791661752.222,1183.494,"zaino_grpc_requests_total{method=""get_lightd_info""}",236.0
1791661752.222,1183.494,"zaino_grpc_request_duration_seconds_sum{method=""get_block""}",0.10404009300000004
1791661752.222,1183.494,"zaino_grpc_request_duration_seconds_count{method=""get_block""}",472.0
1791661752.222,1183.494,"zaino_grpc_request_duration_seconds{method=""get_lightd_info"",quantile=""0.5""}",0.0027750125073973866
1791661752.222,1183.494,"zaino_grpc_request_duration_seconds{method=""get_lightd_info"",quantile=""0.9""}",0.0028871078424626746
1791661752.222,1183.494,"zaino_grpc_request_duration_seconds_sum{method=""get_lightd_info""}",0.7493863310000003
1791661752.222,1183.494,"zaino_grpc_request_duration_seconds_count{method=""get_lightd_info""}",236.0
1791661752.222,1183.494,"zaino_sync_iteration_duration_seconds{quantile=""0.5""}",0.0002107790703026509
1791661752.222,1183.494,"zaino_sync_iteration_duration_seconds{quantile=""0.9""}",0.00031811422809315844
1791661752.222,1183.494,"zaino_sync_iteration_duration_seconds{quantile=""0.95""}",0.0003413848817756481
1791661752.222,1183.494,"zaino_sync_iteration_duration_seconds{quantile=""0.99""}",0.000369078931111021
1791661752.222,1183.494,"zaino_sync_iteration_duration_seconds{quantile=""0.999""}",0.000369078931111021
1791661752.222,1183.494,"zaino_sync_iteration_duration_seconds{quantile=""1""}",0.000452477
1791661752.222,1183.494,zaino_sync_iteration_duration_seconds_sum,0.25405460100000016
1791661752.222,1183.494,zaino_sync_iteration_duration_seconds_count,2276.0
1791661754.223,1185.494,zaino_sync_iterations_total,2280.0
1791661754.223,1185.494,"zaino_sync_iteration_duration_seconds{quantile=""0.5""}",0.0002118779761508932
1791661754.223,1185.494,zaino_sync_iteration_duration_seconds_sum,0.2549535530000002
1791661754.223,1185.494,zaino_sync_iteration_duration_seconds_count,2280.0
1791661756.223,1187.495,zaino_sync_iterations_total,2284.0
1791661756.223,1187.495,"zaino_grpc_requests_total{method=""get_block""}",474.0
1791661756.223,1187.495,"zaino_grpc_requests_total{method=""get_lightd_info""}",237.0
1791661756.223,1187.495,"zaino_grpc_request_duration_seconds{method=""get_block"",quantile=""0""}",1.1238e-05
1791661756.223,1187.495,"zaino_grpc_request_duration_seconds{method=""get_block"",quantile=""0.9""}",0.0004065108122104962
1791661756.223,1187.495,"zaino_grpc_request_duration_seconds{method=""get_block"",quantile=""0.95""}",0.00047097759666996997
1791661756.223,1187.495,"zaino_grpc_request_duration_seconds{method=""get_block"",quantile=""0.99""}",0.00047097759666996997
1791661756.223,1187.495,"zaino_grpc_request_duration_seconds{method=""get_block"",quantile=""0.999""}",0.00047097759666996997
1791661756.223,1187.495,"zaino_grpc_request_duration_seconds_sum{method=""get_block""}",0.10411938700000004
1791661756.223,1187.495,"zaino_grpc_request_duration_seconds_count{method=""get_block""}",474.0
1791661756.223,1187.495,"zaino_grpc_request_duration_seconds{method=""get_lightd_info"",quantile=""0.5""}",0.0027678068462727843
1791661756.223,1187.495,"zaino_grpc_request_duration_seconds{method=""get_lightd_info"",quantile=""0.95""}",0.0028871078424626746
1791661756.223,1187.495,"zaino_grpc_request_duration_seconds{method=""get_lightd_info"",quantile=""0.99""}",0.0028871078424626746
1791661756.223,1187.495,"zaino_grpc_request_duration_seconds{method=""get_lightd_info"",quantile=""0.999""}",0.0028871078424626746
1791661756.223,1187.495,"zaino_grpc_request_duration_seconds_sum{method=""get_lightd_info""}",0.7520742880000003
1791661756.223,1187.495,"zaino_grpc_request_duration_seconds_count{method=""get_lightd_info""}",237.0
1791661756.223,1187.495,"zaino_sync_iteration_duration_seconds{quantile=""0.5""}",0.00021289743518413507
1791661756.223,1187.495,"zaino_sync_iteration_duration_seconds{quantile=""0.9""}",0.0003217614801426055
1791661756.223,1187.495,"zaino_sync_iteration_duration_seconds{quantile=""0.95""}",0.00034295886963367186
1791661756.223,1187.495,"zaino_sync_iteration_duration_seconds{quantile=""0.99""}",0.00037653482012020876
1791661756.223,1187.495,"zaino_sync_iteration_duration_seconds{quantile=""0.999""}",0.00037653482012020876
1791661756.223,1187.495,zaino_sync_iteration_duration_seconds_sum,0.25594818000000025
1791661756.223,1187.495,zaino_sync_iteration_duration_seconds_count,2284.0
1791661758.223,1189.495,zaino_sync_iterations_total,2288.0
1791661758.223,1189.495,"zaino_sync_iteration_duration_seconds{quantile=""0.5""}",0.0002118779761508932
1791661758.223,1189.495,"zaino_sync_iteration_duration_seconds{quantile=""0.9""}",0.00031811422809315844
1791661758.223,1189.495,zaino_sync_iteration_duration_seconds_sum,0.2567606080000002
1791661758.223,1189.495,zaino_sync_iteration_duration_seconds_count,2288.0
1791661760.223,1191.495,zaino_sync_iterations_total,2292.0
1791661760.223,1191.495,zaino_sync_iteration_duration_seconds_sum,0.2576371420000002
1791661760.223,1191.495,zaino_sync_iteration_duration_seconds_count,2292.0
1791661762.223,1193.495,"zaino_grpc_requests_total{method=""get_lightd_info""}",238.0
1791661762.223,1193.495,"zaino_grpc_requests_total{method=""get_block""}",476.0
1791661762.223,1193.495,zaino_sync_iterations_total,2296.0
1791661762.223,1193.495,"zaino_grpc_request_duration_seconds_sum{method=""get_block""}",0.10419664000000003
1791661762.223,1193.495,"zaino_grpc_request_duration_seconds_count{method=""get_block""}",476.0
1791661762.223,1193.495,"zaino_grpc_request_duration_seconds{method=""get_lightd_info"",quantile=""0.5""}",0.0027271449450936625
1791661762.223,1193.495,"zaino_grpc_request_duration_seconds_sum{method=""get_lightd_info""}",0.7548012830000003
1791661762.223,1193.495,"zaino_grpc_request_duration_seconds_count{method=""get_lightd_info""}",238.0
1791661762.223,1193.495,"zaino_sync_iteration_duration_seconds{quantile=""0.5""}",0.00021289743518413507
1791661762.223,1193.495,"zaino_sync_iteration_duration_seconds{quantile=""0.99""}",0.0003698917985885437
1791661762.223,1193.495,zaino_sync_iteration_duration_seconds_sum,0.2587423870000002
1791661762.223,1193.495,zaino_sync_iteration_duration_seconds_count,2296.0
1791661764.224,1195.495,zaino_sync_iterations_total,2300.0
1791661764.224,1195.495,"zaino_sync_iteration_duration_seconds{quantile=""0.5""}",0.0002137507303803817
1791661764.224,1195.495,"zaino_sync_iteration_duration_seconds{quantile=""0.9""}",0.0003217614801426055
1791661764.224,1195.495,"zaino_sync_iteration_duration_seconds{quantile=""0.95""}",0.0003430960806223509
1791661764.224,1195.495,zaino_sync_iteration_duration_seconds_sum,0.2597532230000002
1791661764.224,1195.495,zaino_sync_iteration_duration_seconds_count,2300.0
1791661766.224,1197.496,"zaino_grpc_requests_total{method=""get_block""}",478.0
1791661766.224,1197.496,"zaino_grpc_requests_total{method=""get_lightd_info""}",239.0
1791661766.224,1197.496,zaino_sync_iterations_total,2304.0
1791661766.224,1197.496,"zaino_grpc_request_duration_seconds{method=""get_block"",quantile=""0.9""}",7.8101598301117e-05
1791661766.224,1197.496,"zaino_grpc_request_duration_seconds{method=""get_block"",quantile=""0.95""}",0.0004065108122104962
1791661766.224,1197.496,"zaino_grpc_request_duration_seconds_sum{method=""get_block""}",0.10428390800000004
1791661766.224,1197.496,"zaino_grpc_request_duration_seconds_count{method=""get_block""}",478.0
1791661766.224,1197.496,"zaino_grpc_request_duration_seconds_sum{method=""get_lightd_info""}",0.7575254340000003
1791661766.224,1197.496,"zaino_grpc_request_duration_seconds_count{method=""get_lightd_info""}",239.0
1791661766.224,1197.496,"zaino_sync_iteration_duration_seconds{quantile=""0.5""}",0.00021289743518413507
1791661766.224,1197.496,zaino_sync_iteration_duration_seconds_sum,0.2605593300000002
1791661766.224,1197.496,zaino_sync_iteration_duration_seconds_count,2304.0
1791661768.224,1199.496,zaino_sync_iterations_total,2308.0
1791661768.224,1199.496,"zaino_sync_iteration_duration_seconds{quantile=""0.5""}",0.0002137507303803817
1791661768.224,1199.496,"zaino_sync_iteration_duration_seconds{quantile=""0.9""}",0.0003384615600832939
1791661768.224,1199.496,"zaino_sync_iteration_duration_seconds{quantile=""0.95""}",0.0003480028002438884
1791661768.224,1199.496,zaino_sync_iteration_duration_seconds_sum,0.2617059350000002
1791661768.224,1199.496,zaino_sync_iteration_duration_seconds_count,2308.0
1791661770.224,1201.496,zaino_sync_iterations_total,2312.0
1791661770.224,1201.496,"zaino_sync_iteration_duration_seconds{quantile=""0.5""}",0.00021289743518413507
1791661770.224,1201.496,zaino_sync_iteration_duration_seconds_sum,0.2625331510000002
1791661770.224,1201.496,zaino_sync_iteration_duration_seconds_count,2312.0
1791661772.225,1203.496,"zaino_grpc_requests_total{method=""get_block""}",480.0
1791661772.225,1203.496,"zaino_grpc_requests_total{method=""get_lightd_info""}",240.0
1791661772.225,1203.496,zaino_sync_iterations_total,2316.0
1791661772.225,1203.496,"zaino_grpc_request_duration_seconds_sum{method=""get_block""}",0.10437348900000003
1791661772.225,1203.496,"zaino_grpc_request_duration_seconds_count{method=""get_block""}",480.0
1791661772.225,1203.496,"zaino_grpc_request_duration_seconds{method=""get_lightd_info"",quantile=""0.9""}",0.0028469699533416335
1791661772.225,1203.496,"zaino_grpc_request_duration_seconds_sum{method=""get_lightd_info""}",0.7603313420000003
1791661772.225,1203.496,"zaino_grpc_request_duration_seconds_count{method=""get_lightd_info""}",240.0
1791661772.225,1203.496,"zaino_sync_iteration_duration_seconds{quantile=""0""}",0.00011681
1791661772.225,1203.496,"zaino_sync_iteration_duration_seconds{quantile=""0.5""}",0.0002167642862858378
1791661772.225,1203.496,"zaino_sync_iteration_duration_seconds{quantile=""0.9""}",0.0003413848817756481
1791661772.225,1203.496,"zaino_sync_iteration_duration_seconds{quantile=""0.99""}",0.00037653482012020876
1791661772.225,1203.496,zaino_sync_iteration_duration_seconds_sum,0.26338770700000014
1791661772.225,1203.496,zaino_sync_iteration_duration_seconds_count,2316.0
1791661774.225,1205.497,zaino_sync_iterations_total,2320.0
1791661774.225,1205.497,"zaino_sync_iteration_duration_seconds{quantile=""0.9""}",0.00034295886963367186
1791661774.225,1205.497,"zaino_sync_iteration_duration_seconds{quantile=""0.95""}",0.0003636567857599674
1791661774.225,1205.497,"zaino_sync_iteration_duration_seconds{quantile=""0.99""}",0.0004525103008975152
1791661774.225,1205.497,"zaino_sync_iteration_duration_seconds{quantile=""0.999""}",0.0004525103008975152
1791661774.225,1205.497,"zaino_sync_iteration_duration_seconds{quantile=""1""}",0.000533613
1791661774.225,1205.497,zaino_sync_iteration_duration_seconds_sum,0.2646728490000001
1791661774.225,1205.497,zaino_sync_iteration_duration_seconds_count,2320.0
1791661776.225,1207.497,"zaino_grpc_requests_total{method=""get_lightd_info""}",241.0
1791661776.225,1207.497,"zaino_grpc_requests_total{method=""get_block""}",482.0
1791661776.225,1207.497,zaino_sync_iterations_total,2324.0
1791661776.225,1207.497,"zaino_grpc_request_duration_seconds{method=""get_block"",quantile=""0""}",1.1899e-05
1791661776.225,1207.497,"zaino_grpc_request_duration_seconds{method=""get_block"",quantile=""0.9""}",7.353860608938808e-05
1791661776.225,1207.497,"zaino_grpc_request_duration_seconds{method=""get_block"",quantile=""0.95""}",7.467986577151475e-05
1791661776.225,1207.497,"zaino_grpc_request_duration_seconds{method=""get_block"",quantile=""0.99""}",7.467986577151475e-05
1791661776.225,1207.497,"zaino_grpc_request_duration_seconds{method=""get_block"",quantile=""0.999""}",7.467986577151475e-05
1791661776.225,1207.497,"zaino_grpc_request_duration_seconds{method=""get_block"",quantile=""1""}",8.4737e-05
1791661776.225,1207.497,"zaino_grpc_request_duration_seconds_sum{method=""get_block""}",0.10447832800000002
1791661776.225,1207.497,"zaino_grpc_request_duration_seconds_count{method=""get_block""}",482.0
1791661776.225,1207.497,"zaino_grpc_request_duration_seconds{method=""get_lightd_info"",quantile=""0.9""}",0.0028057061506252105
1791661776.225,1207.497,"zaino_grpc_request_duration_seconds{method=""get_lightd_info"",quantile=""0.95""}",0.0028057061506252105
1791661776.225,1207.497,"zaino_grpc_request_duration_seconds{method=""get_lightd_info"",quantile=""0.99""}",0.0028057061506252105
1791661776.225,1207.497,"zaino_grpc_request_duration_seconds{method=""get_lightd_info"",quantile=""0.999""}",0.0028057061506252105
1791661776.225,1207.497,"zaino_grpc_request_duration_seconds_sum{method=""get_lightd_info""}",0.7630751170000003
1791661776.225,1207.497,"zaino_grpc_request_duration_seconds_count{method=""get_lightd_info""}",241.0
1791661776.225,1207.497,"zaino_sync_iteration_duration_seconds{quantile=""0.5""}",0.00021863649812599786
1791661776.225,1207.497,zaino_sync_iteration_duration_seconds_sum,0.2657010430000001
1791661776.225,1207.497,zaino_sync_iteration_duration_seconds_count,2324.0
1791661778.225,1209.497,zaino_sync_iterations_total,2328.0
1791661778.225,1209.497,"zaino_sync_iteration_duration_seconds{quantile=""0.5""}",0.000221807641142137
1791661778.225,1209.497,"zaino_sync_iteration_duration_seconds{quantile=""0.95""}",0.00036863630202278096
1791661778.225,1209.497,zaino_sync_iteration_duration_seconds_sum,0.26689756000000003
1791661778.225,1209.497,zaino_sync_iteration_duration_seconds_count,2328.0
1791661780.225,1211.497,zaino_sync_iterations_total,2332.0
1791661780.225,1211.497,"zaino_sync_iteration_duration_seconds{quantile=""0.5""}",0.00022520487083675672
1791661780.225,1211.497,"zaino_sync_iteration_duration_seconds{quantile=""0.9""}",0.00034440232602749135
1791661780.225,1211.497,zaino_sync_iteration_duration_seconds_sum,0.2681610260000001
1791661780.225,1211.497,zaino_sync_iteration_duration_seconds_count,2332.0
1791661782.226,1213.497,"zaino_grpc_requests_total{method=""get_block""}",484.0
1791661782.226,1213.497,"zaino_grpc_requests_total{method=""get_lightd_info""}",242.0
1791661782.226,1213.497,zaino_sync_iterations_total,2336.0
1791661782.226,1213.497,"zaino_grpc_request_duration_seconds_sum{method=""get_block""}",0.10456209000000002
1791661782.226,1213.497,"zaino_grpc_request_duration_seconds_count{method=""get_block""}",484.0
1791661782.226,1213.497,"zaino_grpc_request_duration_seconds{method=""get_lightd_info"",quantile=""0""}",0.002597341
1791661782.226,1213.497,"zaino_grpc_request_duration_seconds{method=""get_lightd_info"",quantile=""0.5""}",0.002724419163257548
1791661782.226,1213.497,"zaino_grpc_request_duration_seconds_sum{method=""get_lightd_info""}",0.7656724580000003
1791661782.226,1213.497,"zaino_grpc_request_duration_seconds_count{method=""get_lightd_info""}",242.0
1791661782.226,1213.497,"zaino_sync_iteration_duration_seconds{quantile=""0.5""}",0.00022869986826697892
1791661782.226,1213.497,"zaino_sync_iteration_duration_seconds{quantile=""0.95""}",0.00036687108767084254
1791661782.226,1213.497,"zaino_sync_iteration_duration_seconds{quantile=""0.99""}",0.0003923720617727395
1791661782.226,1213.497,zaino_sync_iteration_duration_seconds_sum,0.2693111010000001
1791661782.226,1213.497,zaino_sync_iteration_duration_seconds_count,2336.0
1791661784.226,1215.498,zaino_sync_iterations_total,2340.0
1791661784.226,1215.498,"zaino_sync_iteration_duration_seconds{quantile=""0.5""}",0.00023095214511436126
1791661784.226,1215.498,"zaino_sync_iteration_duration_seconds{quantile=""0.9""}",0.00034467795812737187
1791661784.226,1215.498,zaino_sync_iteration_duration_seconds_sum,0.27064667500000006
1791661784.226,1215.498,zaino_sync_iteration_duration_seconds_count,2340.0
1791661786.226,1217.498,zaino_sync_iterations_total,2344.0
1791661786.226,1217.498,"zaino_grpc_requests_total{method=""get_block""}",486.0
1791661786.226,1217.498,"zaino_grpc_requests_total{method=""get_lightd_info""}",243.0
1791661786.226,1217.498,"zaino_grpc_request_duration_seconds{method=""get_block"",quantile=""0.9""}",7.057038080299533e-05
1791661786.226,1217.498,"zaino_grpc_request_duration_seconds{method=""get_block"",quantile=""0.95""}",7.353860608938808e-05
1791661786.226,1217.498,"zaino_grpc_request_duration_seconds_sum{method=""get_block""}",0.10463853000000002
1791661786.226,1217.498,"zaino_grpc_request_duration_seconds_count{method=""get_block""}",486.0
1791661786.226,1217.498,"zaino_grpc_request_duration_seconds{method=""get_lightd_info"",quantile=""0.5""}",0.0027260543052544995
1791661786.226,1217.498,"zaino_grpc_request_duration_seconds_sum{method=""get_lightd_info""}",0.7683984690000003
1791661786.226,1217.498,"zaino_grpc_request_duration_seconds_count{method=""get_lightd_info""}",243.0
1791661786.226,1217.498,"zaino_sync_iteration_duration_seconds{quantile=""0.5""}",0.00023481794812985857
1791661786.226,1217.498,"zaino_sync_iteration_duration_seconds{quantile=""0.9""}",0.0003527679680371901
1791661786.226,1217.498,"zaino_sync_iteration_duration_seconds{quantile=""0.95""}",0.00036863630202278096
1791661786.226,1217.498,zaino_sync_iteration_duration_seconds_sum,0.2719677230000001
1791661786.226,1217.498,zaino_sync_iteration_duration_seconds_count,2344.0
1791661788.226,1219.498,zaino_sync_iterations_total,2348.0
1791661788.226,1219.498,"zaino_sync_iteration_duration_seconds{quantile=""0.9""}",0.00036169833169535107
1791661788.226,1219.498,"zaino_sync_iteration_duration_seconds{quantile=""0.95""}",0.0003698917985885437
1791661788.226,1219.498,zaino_sync_iteration_duration_seconds_sum,0.2731398890000001
1791661788.226,1219.498,zaino_sync_iteration_duration_seconds_count,2348.0
1791661790.226,1221.498,zaino_sync_iterations_total,2352.0
1791661790.226,1221.498,"zaino_sync_iteration_duration_seconds{quantile=""0.5""}",0.000236183849518517
1791661790.226,1221.498,"zaino_sync_iteration_duration_seconds{quantile=""0.9""}",0.00036314802247560453
1791661790.226,1221.498,"zaino_sync_iteration_duration_seconds{quantile=""0.95""}",0.0003747317837267944
1791661790.226,1221.498,zaino_sync_iteration_duration_seconds_sum,0.2745162810000001
1791661790.226,1221.498,zaino_sync_iteration_duration_seconds_count,2352.0
1791661792.227,1223.498,zaino_sync_iterations_total,2356.0
1791661792.227,1223.498,"zaino_grpc_requests_total{method=""get_block""}",488.0
1791661792.227,1223.498,"zaino_grpc_requests_total{method=""get_lightd_info""}",244.0
1791661792.227,1223.498,"zaino_grpc_request_duration_seconds{method=""get_block"",quantile=""0.9""}",7.353860608938808e-05
1791661792.227,1223.498,"zaino_grpc_request_duration_seconds{method=""get_block"",quantile=""0.95""}",7.467986577151475e-05
1791661792.227,1223.498,"zaino_grpc_request_duration_seconds{method=""get_block"",quantile=""0.99""}",7.579334722673933e-05
1791661792.227,1223.498,"zaino_grpc_request_duration_seconds{method=""get_block"",quantile=""0.999""}",7.579334722673933e-05
1791661792.227,1223.498,"zaino_grpc_request_duration_seconds_sum{method=""get_block""}",0.10472663200000003
1791661792.227,1223.498,"zaino_grpc_request_duration_seconds_count{method=""get_block""}",488.0
1791661792.227,1223.498,"zaino_grpc_request_duration_seconds{method=""get_lightd_info"",quantile=""0.5""}",0.002724419163257548
1791661792.227,1223.498,"zaino_grpc_request_duration_seconds{method=""get_lightd_info"",quantile=""0.9""}",0.0027678068462727843
1791661792.227,1223.498,"zaino_grpc_request_duration_seconds_sum{method=""get_lightd_info""}",0.7710518920000003
1791661792.227,1223.498,"zaino_grpc_request_duration_seconds_count{method=""get_lightd_info""}",244.0
1791661792.227,1223.498,"zaino_sync_iteration_duration_seconds{quantile=""0""}",0.000162661
1791661792.227,1223.498,"zaino_sync_iteration_duration_seconds{quantile=""0.5""}",0.0002462163264366108
1791661792.227,1223.498,"zaino_sync_iteration_duration_seconds{quantile=""0.9""}",0.0003657721236743843
1791661792.227,1223.498,"zaino_sync_iteration_duration_seconds{quantile=""0.999""}",0.0003923720617727395
1791661792.227,1223.498,zaino_sync_iteration_duration_seconds_sum,0.2756402730000001
1791661792.227,1223.498,zaino_sync_iteration_duration_seconds_count,2356.0
1791661794.227,1225.499,zaino_sync_iterations_total,2360.0
1791661794.227,1225.499,"zaino_sync_iteration_duration_seconds{quantile=""0.5""}",0.00024661058788527364
1791661794.227,1225.499,"zaino_sync_iteration_duration_seconds{quantile=""0.9""}",0.00036687108767084254
1791661794.227,1225.499,"zaino_sync_iteration_duration_seconds{quantile=""0.95""}",0.0003755571011700539
1791661794.227,1225.499,zaino_sync_iteration_duration_seconds_sum,0.2769042640000001
1791661794.227,1225.499,zaino_sync_iteration_duration_seconds_count,2360.0
1791661796.227,1227.499,zaino_sync_iterations_total,2364.0
1791661796.227,1227.499,"zaino_grpc_requests_total{method=""get_block""}",490.0
1791661796.227,1227.499,"zaino_grpc_requests_total{method=""get_lightd_info""}",245.0
1791661796.227,1227.499,"zaino_grpc_request_duration_seconds{method=""get_block"",quantile=""0.5""}",2.0101823189871997e-05
1791661796.227,1227.499,"zaino_grpc_request_duration_seconds{method=""get_block"",quantile=""0.95""}",7.579334722673933e-05
1791661796.227,1227.499,"zaino_grpc_request_duration_seconds_sum{method=""get_block""}",0.10480443200000003
1791661796.227,1227.499,"zaino_grpc_request_duration_seconds_count{method=""get_block""}",490.0
1791661796.227,1227.499,"zaino_grpc_request_duration_seconds{method=""get_lightd_info"",quantile=""0.9""}",0.0027435570017527687
1791661796.227,1227.499,"zaino_grpc_request_duration_seconds{method=""get_lightd_info"",quantile=""0.95""}",0.0027435570017527687
1791661796.227,1227.499,"zaino_grpc_request_duration_seconds{method=""get_lightd_info"",quantile=""0.99""}",0.0027435570017527687
1791661796.227,1227.499,"zaino_grpc_request_duration_seconds{method=""get_lightd_info"",quantile=""0.999""}",0.0027435570017527687
1791661796.227,1227.499,"zaino_grpc_request_duration_seconds{method=""get_lightd_info"",quantile=""1""}",0.002805908
1791661796.227,1227.499,"zaino_grpc_request_duration_seconds_sum{method=""get_lightd_info""}",0.7736781750000004
1791661796.227,1227.499,"zaino_grpc_request_duration_seconds_count{method=""get_lightd_info""}",245.0
1791661796.227,1227.499,"zaino_sync_iteration_duration_seconds{quantile=""0.5""}",0.0002514918353855956
1791661796.227,1227.499,"zaino_sync_iteration_duration_seconds{quantile=""0.9""}",0.00036863630202278096
1791661796.227,1227.499,"zaino_sync_iteration_duration_seconds{quantile=""0.95""}",0.0003761584735035045
1791661796.227,1227.499,zaino_sync_iteration_duration_seconds_sum,0.2781874330000001
1791661796.227,1227.499,zaino_sync_iteration_duration_seconds_count,2364.0
1791661798.227,1229.499,zaino_sync_iterations_total,2368.0
1791661798.227,1229.499,"zaino_sync_iteration_duration_seconds{quantile=""0.5""}",0.00025169310935342745
1791661798.227,1229.499,"zaino_sync_iteration_duration_seconds{quantile=""0.9""}",0.00037174588895088587
1791661798.227,1229.499,"zaino_sync_iteration_duration_seconds{quantile=""0.95""}",0.00038009093499628935
1791661798.227,1229.499,"zaino_sync_iteration_duration_seconds{quantile=""0.99""}",0.00041125379375640006
1791661798.227,1229.499,"zaino_sync_iteration_duration_seconds{quantile=""0.999""}",0.00041125379375640006
1791661798.227,1229.499,zaino_sync_iteration_duration_seconds_sum,0.2795474730000001
1791661798.227,1229.499,zaino_sync_iteration_duration_seconds_count,2368.0
1791661800.227,1231.499,zaino_sync_iterations_total,2372.0
1791661800.227,1231.499,"zaino_sync_iteration_duration_seconds{quantile=""0.5""}",0.00024661058788527364
1791661800.227,1231.499,zaino_sync_iteration_duration_seconds_sum,0.2804475640000001
1791661800.227,1231.499,zaino_sync_iteration_duration_seconds_count,2372.0
1791661802.227,1233.499,zaino_sync_iterations_total,2375.0
1791661802.227,1233.499,"zaino_grpc_requests_total{method=""get_lightd_info""}",246.0
1791661802.227,1233.499,"zaino_grpc_requests_total{method=""get_block""}",492.0
1791661802.227,1233.499,"zaino_grpc_request_duration_seconds_sum{method=""get_block""}",0.10489308500000004
1791661802.227,1233.499,"zaino_grpc_request_duration_seconds_count{method=""get_block""}",492.0
1791661802.227,1233.499,"zaino_grpc_request_duration_seconds{method=""get_lightd_info"",quantile=""0.5""}",0.0026881554558132164
1791661802.227,1233.499,"zaino_grpc_request_duration_seconds_sum{method=""get_lightd_info""}",0.7763480020000003
1791661802.227,1233.499,"zaino_grpc_request_duration_seconds_count{method=""get_lightd_info""}",246.0
1791661802.227,1233.499,"zaino_sync_iteration_duration_seconds{quantile=""0.5""}",0.0002514918353855956
1791661802.227,1233.499,zaino_sync_iteration_duration_seconds_sum,0.28135987400000007
1791661802.227,1233.499,zaino_sync_iteration_duration_seconds_count,2375.0
1791661804.228,1235.499,zaino_sync_iterations_total,2379.0
1791661804.228,1235.499,"zaino_sync_iteration_duration_seconds{quantile=""0.5""}",0.00024661058788527364
1791661804.228,1235.499,"zaino_sync_iteration_duration_seconds{quantile=""0.9""}",0.0003698917985885437
1791661804.228,1235.499,"zaino_sync_iteration_duration_seconds{quantile=""0.95""}",0.00037653482012020876
1791661804.228,1235.499,"zaino_sync_iteration_duration_seconds{quantile=""0.99""}",0.0003923720617727395
1791661804.228,1235.499,zaino_sync_iteration_duration_seconds_sum,0.28228751900000004
1791661804.228,1235.499,zaino_sync_iteration_duration_seconds_count,2379.0
1791661806.228,1237.500,"zaino_grpc_requests_total{method=""get_block""}",494.0
1791661806.228,1237.500,"zaino_grpc_requests_total{method=""get_lightd_info""}",247.0
1791661806.228,1237.500,zaino_sync_iterations_total,2383.0
1791661806.228,1237.500,"zaino_grpc_request_duration_seconds{method=""get_block"",quantile=""0.9""}",7.108032112870891e-05
1791661806.228,1237.500,"zaino_grpc_request_duration_seconds{method=""get_block"",quantile=""0.95""}",7.353860608938808e-05
1791661806.228,1237.500,"zaino_grpc_request_duration_seconds_sum{method=""get_block""}",0.10496452200000003
1791661806.228,1237.500,"zaino_grpc_request_duration_seconds_count{method=""get_block""}",494.0
1791661806.228,1237.500,"zaino_grpc_request_duration_seconds{method=""get_lightd_info"",quantile=""0.5""}",0.002724419163257548
1791661806.228,1237.500,"zaino_grpc_request_duration_seconds_sum{method=""get_lightd_info""}",0.7790792900000003
1791661806.228,1237.500,"zaino_grpc_request_duration_seconds_count{method=""get_lightd_info""}",247.0
1791661806.228,1237.500,"zaino_sync_iteration_duration_seconds{quantile=""0""}",0.000126027
1791661806.228,1237.500,zaino_sync_iteration_duration_seconds_sum,0.283198525
1791661806.228,1237.500,zaino_sync_iteration_duration_seconds_count,2383.0
1791661808.228,1239.500,zaino_sync_iterations_total,2387.0
1791661808.228,1239.500,"zaino_sync_iteration_duration_seconds{quantile=""0.95""}",0.00038009093499628935
1791661808.228,1239.500,zaino_sync_iteration_duration_seconds_sum,0.28432077400000005
1791661808.228,1239.500,zaino_sync_iteration_duration_seconds_count,2387.0
1791661810.228,1241.500,zaino_sync_iterations_total,2391.0
1791661810.228,1241.500,zaino_sync_iteration_duration_seconds_sum,0.2853277700000001
1791661810.228,1241.500,zaino_sync_iteration_duration_seconds_count,2391.0
1791661812.228,1243.500,"zaino_grpc_requests_total{method=""get_block""}",496.0
1791661812.228,1243.500,"zaino_grpc_requests_total{method=""get_lightd_info""}",248.0
1791661812.228,1243.500,zaino_sync_iterations_total,2395.0
1791661812.228,1243.500,"zaino_grpc_request_duration_seconds{method=""get_block"",quantile=""0.5""}",2.034042971417661e-05
1791661812.228,1243.500,"zaino_grpc_request_duration_seconds_sum{method=""get_block""}",0.10504737100000003
1791661812.228,1243.500,"zaino_grpc_request_duration_seconds_count{method=""get_block""}",496.0
1791661812.228,1243.500,"zaino_grpc_request_duration_seconds{method=""get_lightd_info"",quantile=""0.5""}",0.0026881554558132164
1791661812.228,1243.500,"zaino_grpc_request_duration_seconds{method=""get_lightd_info"",quantile=""0.9""}",0.002731511869628386
1791661812.228,1243.500,"zaino_grpc_request_duration_seconds_sum{method=""get_lightd_info""}",0.7817152390000003
1791661812.228,1243.500,"zaino_grpc_request_duration_seconds_count{method=""get_lightd_info""}",248.0
1791661812.228,1243.500,"zaino_sync_iteration_duration_seconds{quantile=""0.5""}",0.0002723288996222762
1791661812.228,1243.500,"zaino_sync_iteration_duration_seconds{quantile=""0.9""}",0.0003755571011700539
1791661812.228,1243.500,"zaino_sync_iteration_duration_seconds{quantile=""0.95""}",0.00038391091241297666
1791661812.228,1243.500,"zaino_sync_iteration_duration_seconds{quantile=""0.99""}",0.00041125379375640006
1791661812.228,1243.500,zaino_sync_iteration_duration_seconds_sum,0.2860920270000001
1791661812.228,1243.500,zaino_sync_iteration_duration_seconds_count,2395.0
1791661814.229,1245.501,zaino_sync_iterations_total,2399.0
1791661814.229,1245.501,"zaino_sync_iteration_duration_seconds{quantile=""0.5""}",0.00026773843779204307
1791661814.229,1245.501,zaino_sync_iteration_duration_seconds_sum,0.2872075150000001
1791661814.229,1245.501,zaino_sync_iteration_duration_seconds_count,2399.0
1791661816.229,1247.501,"zaino_grpc_requests_total{method=""get_block""}",498.0
1791661816.229,1247.501,"zaino_grpc_requests_total{method=""get_lightd_info""}",249.0
1791661816.229,1247.501,zaino_sync_iterations_total,2403.0
1791661816.229,1247.501,"zaino_grpc_request_duration_seconds{method=""get_block"",quantile=""0""}",1.2302e-05
1791661816.229,1247.501,"zaino_grpc_request_duration_seconds{method=""get_block"",quantile=""0.9""}",7.579334722673933e-05
1791661816.229,1247.501,"zaino_grpc_request_duration_seconds{method=""get_block"",quantile=""0.95""}",7.729355080625352e-05
1791661816.229,1247.501,"zaino_grpc_request_duration_seconds{method=""get_block"",quantile=""0.99""}",7.729355080625352e-05
1791661816.229,1247.501,"zaino_grpc_request_duration_seconds{method=""get_block"",quantile=""0.999""}",7.729355080625352e-05
1791661816.229,1247.501,"zaino_grpc_request_duration_seconds_sum{method=""get_block""}",0.10514088900000003
1791661816.229,1247.501,"zaino_grpc_request_duration_seconds_count{method=""get_block""}",498.0
1791661816.229,1247.501,"zaino_grpc_request_duration_seconds{method=""get_lightd_info"",quantile=""0.5""}",0.0026699380081727842
1791661816.229,1247.501,"zaino_grpc_request_duration_seconds{method=""get_lightd_info"",quantile=""0.95""}",0.002731511869628386
1791661816.229,1247.501,"zaino_grpc_request_duration_seconds{method=""get_lightd_info"",quantile=""0.99""}",0.002731511869628386
1791661816.229,1247.501,"zaino_grpc_request_duration_seconds{method=""get_lightd_info"",quantile=""0.999""}",0.002731511869628386
1791661816.229,1247.501,"zaino_grpc_request_duration_seconds{method=""get_lightd_info"",quantile=""1""}",0.002743775
1791661816.229,1247.501,"zaino_grpc_request_duration_seconds_sum{method=""get_lightd_info""}",0.7844152430000003
1791661816.229,1247.501,"zaino_grpc_request_duration_seconds_count{method=""get_lightd_info""}",249.0
1791661816.229,1247.501,"zaino_sync_iteration_duration_seconds{quantile=""0.5""}",0.0002647035513117845
1791661816.229,1247.501,zaino_sync_iteration_duration_seconds_sum,0.28816253400000014
1791661816.229,1247.501,zaino_sync_iteration_duration_seconds_count,2403.0
1791661818.229,1249.501,zaino_sync_iterations_total,2407.0
1791661818.229,1249.501,"zaino_sync_iteration_duration_seconds{quantile=""0.9""}",0.0003747317837267944
1791661818.229,1249.501,zaino_sync_iteration_duration_seconds_sum,0.28925272300000016
1791661818.229,1249.501,zaino_sync_iteration_duration_seconds_count,2407.0
1791661820.229,1251.501,zaino_sync_iterations_total,2411.0
1791661820.229,1251.501,"zaino_sync_iteration_duration_seconds{quantile=""0.5""}",0.0002588401074818331
1791661820.229,1251.501,"zaino_sync_iteration_duration_seconds{quantile=""0.9""}",0.0003755571011700539
1791661820.229,1251.501,zaino_sync_iteration_duration_seconds_sum,0.2903491280000001
1791661820.229,1251.501,zaino_sync_iteration_duration_seconds_count,2411.0
1791661822.230,1253.501,zaino_sync_iterations_total,2415.0
1791661822.230,1253.501,"zaino_grpc_requests_total{method=""get_block""}",500.0
1791661822.230,1253.501,"zaino_grpc_requests_total{method=""get_lightd_info""}",250.0
1791661822.230,1253.501,"zaino_grpc_request_duration_seconds_sum{method=""get_block""}",0.10522998100000004
1791661822.230,1253.501,"zaino_grpc_request_duration_seconds_count{method=""get_block""}",500.0
1791661822.230,1253.501,"zaino_grpc_request_duration_seconds_sum{method=""get_lightd_info""}",0.7870889390000003
1791661822.230,1253.501,"zaino_grpc_request_duration_seconds_count{method=""get_lightd_info""}",250.0
1791661822.230,1253.501,zaino_sync_iteration_duration_seconds_sum,0.2914651540000001
1791661822.230,1253.501,zaino_sync_iteration_duration_seconds_count,2415.0
1791661824.230,1255.502,zaino_sync_iterations_total,2419.0
1791661824.230,1255.502,"zaino_sync_iteration_duration_seconds{quantile=""0.5""}",0.00025754913705570667
1791661824.230,1255.502,"zaino_sync_iteration_duration_seconds{quantile=""0.9""}",0.0003747317837267944
1791661824.230,1255.502,"zaino_sync_iteration_duration_seconds{quantile=""0.95""}",0.00038375737875627827
1791661824.230,1255.502,"zaino_sync_iteration_duration_seconds{quantile=""0.99""}",0.00040142090968482176
1791661824.230,1255.502,zaino_sync_iteration_duration_seconds_sum,0.29250077500000016
1791661824.230,1255.502,zaino_sync_iteration_duration_seconds_count,2419.0
1791661826.230,1257.502,zaino_sync_iterations_total,2423.0
1791661826.230,1257.502,"zaino_grpc_requests_total{method=""get_block""}",502.0
1791661826.230,1257.502,"zaino_grpc_requests_total{method=""get_lightd_info""}",251.0
1791661826.230,1257.502,"zaino_grpc_request_duration_seconds{method=""get_block"",quantile=""0.99""}",8.474193010368014e-05
1791661826.230,1257.502,"zaino_grpc_request_duration_seconds{method=""get_block"",quantile=""0.999""}",8.474193010368014e-05
1791661826.230,1257.502,"zaino_grpc_request_duration_seconds{method=""get_block"",quantile=""1""}",9.0028e-05
1791661826.230,1257.502,"zaino_grpc_request_duration_seconds_sum{method=""get_block""}",0.10533561900000005
1791661826.230,1257.502,"zaino_grpc_request_duration_seconds_count{method=""get_block""}",502.0
1791661826.230,1257.502,"zaino_grpc_request_duration_seconds{method=""get_lightd_info"",quantile=""0.5""}",0.0026736785391574306
1791661826.230,1257.502,"zaino_grpc_request_duration_seconds{method=""get_lightd_info"",quantile=""0.9""}",0.0027435570017527687
1791661826.230,1257.502,"zaino_grpc_request_duration_seconds{method=""get_lightd_info"",quantile=""0.95""}",0.0027435570017527687
1791661826.230,1257.502,"zaino_grpc_request_duration_seconds{method=""get_lightd_info"",quantile=""0.99""}",0.0027435570017527687
1791661826.230,1257.502,"zaino_grpc_request_duration_seconds{method=""get_lightd_info"",quantile=""0.999""}",0.0027435570017527687
1791661826.230,1257.502,"zaino_grpc_request_duration_seconds{method=""get_lightd_info"",quantile=""1""}",0.002744838
1791661826.230,1257.502,"zaino_grpc_request_duration_seconds_sum{method=""get_lightd_info""}",0.7898337770000003
1791661826.230,1257.502,"zaino_grpc_request_duration_seconds_count{method=""get_lightd_info""}",251.0
1791661826.230,1257.502,"zaino_sync_iteration_duration_seconds{quantile=""0.9""}",0.0003755571011700539
1791661826.230,1257.502,zaino_sync_iteration_duration_seconds_sum,0.2936493210000002
1791661826.230,1257.502,zaino_sync_iteration_duration_seconds_count,2423.0
1791661828.230,1259.502,zaino_sync_iterations_total,2427.0
1791661828.230,1259.502,"zaino_sync_iteration_duration_seconds{quantile=""0.5""}",0.0002571888205430382
1791661828.230,1259.502,"zaino_sync_iteration_duration_seconds{quantile=""0.95""}",0.00038391091241297666
1791661828.230,1259.502,zaino_sync_iteration_duration_seconds_sum,0.2947243280000002
1791661828.230,1259.502,zaino_sync_iteration_duration_seconds_count,2427.0
1791661830.230,1261.502,zaino_sync_iterations_total,2431.0
1791661830.230,1261.502,"zaino_sync_iteration_duration_seconds{quantile=""0.5""}",0.00025754913705570667
1791661830.230,1261.502,zaino_sync_iteration_duration_seconds_sum,0.29593528500000016
1791661830.230,1261.502,zaino_sync_iteration_duration_seconds_count,2431.0
1791661832.231,1263.502,zaino_sync_iterations_total,2435.0
1791661832.231,1263.502,"zaino_grpc_requests_total{method=""get_block""}",504.0
1791661832.231,1263.502,"zaino_grpc_requests_total{method=""get_lightd_info""}",252.0
1791661832.231,1263.502,"zaino_grpc_request_duration_seconds_sum{method=""get_block""}",0.10540899000000005
1791661832.231,1263.502,"zaino_grpc_request_duration_seconds_count{method=""get_block""}",504.0
1791661832.231,1263.502,"zaino_grpc_request_duration_seconds{method=""get_lightd_info"",quantile=""0.95""}",0.0027446546440709563
1791661832.231,1263.502,"zaino_grpc_request_duration_seconds{method=""get_lightd_info"",quantile=""0.99""}",0.0027446546440709563
1791661832.231,1263.502,"zaino_grpc_request_duration_seconds{method=""get_lightd_info"",quantile=""0.999""}",0.0027446546440709563
1791661832.231,1263.502,"zaino_grpc_request_duration_seconds{method=""get_lightd_info"",quantile=""1""}",0.002893242
1791661832.231,1263.502,"zaino_grpc_request_duration_seconds_sum{method=""get_lightd_info""}",0.7927270190000003
1791661832.231,1263.502,"zaino_grpc_request_duration_seconds_count{method=""get_lightd_info""}",252.0
1791661832.231,1263.502,"zaino_sync_iteration_duration_seconds{quantile=""0.5""}",0.0002529547263184449
1791661832.231,1263.502,"zaino_sync_iteration_duration_seconds{quantile=""0.9""}",0.0003761584735035045
1791661832.231,1263.502,"zaino_sync_iteration_duration_seconds{quantile=""0.95""}",0.00038375737875627827
1791661832.231,1263.502,"zaino_sync_iteration_duration_seconds{quantile=""0.999""}",0.00040142090968482176
1791661832.231,1263.502,"zaino_sync_iteration_duration_seconds{quantile=""1""}",0.000411266
1791661832.231,1263.502,zaino_sync_iteration_duration_seconds_sum,0.29698185800000015
1791661832.231,1263.502,zaino_sync_iteration_duration_seconds_count,2435.0
1791661834.231,1265.503,zaino_sync_iterations_total,2439.0
1791661834.231,1265.503,"zaino_sync_iteration_duration_seconds{quantile=""0.5""}",0.00025529264775686844
1791661834.231,1265.503,"zaino_sync_iteration_duration_seconds{quantile=""0.9""}",0.00037174588895088587
1791661834.231,1265.503,"zaino_sync_iteration_duration_seconds{quantile=""0.95""}",0.0003831438578957959
1791661834.231,1265.503,zaino_sync_iteration_duration_seconds_sum,0.2983374170000001
1791661834.231,1265.503,zaino_sync_iteration_duration_seconds_count,2439.0
1791661836.231,1267.503,"zaino_grpc_requests_total{method=""get_block""}",506.0
1791661836.231,1267.503,"zaino_grpc_requests_total{method=""get_lightd_info""}",253.0
1791661836.231,1267.503,zaino_sync_iterations_total,2443.0
1791661836.231,1267.503,"zaino_grpc_request_duration_seconds{method=""get_block"",quantile=""0""}",1.2473e-05
1791661836.231,1267.503,"zaino_grpc_request_duration_seconds{method=""get_block"",quantile=""0.9""}",7.600586598710153e-05
1791661836.231,1267.503,"zaino_grpc_request_duration_seconds{method=""get_block"",quantile=""0.99""}",7.729355080625352e-05
1791661836.231,1267.503,"zaino_grpc_request_duration_seconds{method=""get_block"",quantile=""0.999""}",7.729355080625352e-05
1791661836.231,1267.503,"zaino_grpc_request_duration_seconds_sum{method=""get_block""}",0.10550007700000005
1791661836.231,1267.503,"zaino_grpc_request_duration_seconds_count{method=""get_block""}",506.0
1791661836.231,1267.503,"zaino_grpc_request_duration_seconds{method=""get_lightd_info"",quantile=""0""}",0.002626283
1791661836.231,1267.503,"zaino_grpc_request_duration_seconds{method=""get_lightd_info"",quantile=""0.5""}",0.0027000093994098647
1791661836.231,1267.503,"zaino_grpc_request_duration_seconds{method=""get_lightd_info"",quantile=""0.9""}",0.0028934664716647623
1791661836.231,1267.503,"zaino_grpc_request_duration_seconds{method=""get_lightd_info"",quantile=""0.95""}",0.0028934664716647623
1791661836.231,1267.503,"zaino_grpc_request_duration_seconds{method=""get_lightd_info"",quantile=""0.99""}",0.0028934664716647623
1791661836.231,1267.503,"zaino_grpc_request_duration_seconds{method=""get_lightd_info"",quantile=""0.999""}",0.0028934664716647623
1791661836.231,1267.503,"zaino_grpc_request_duration_seconds{method=""get_lightd_info"",quantile=""1""}",0.003153895
1791661836.231,1267.503,"zaino_grpc_request_duration_seconds_sum{method=""get_lightd_info""}",0.7958809140000003
1791661836.231,1267.503,"zaino_grpc_request_duration_seconds_count{method=""get_lightd_info""}",253.0
1791661836.231,1267.503,zaino_sync_iteration_duration_seconds_sum,0.29939365200000007
1791661836.231,1267.503,zaino_sync_iteration_duration_seconds_count,2443.0
1791661838.231,1269.503,zaino_sync_iterations_total,2447.0
1791661838.231,1269.503,"zaino_sync_iteration_duration_seconds{quantile=""0.9""}",0.00036930044491792285
1791661838.231,1269.503,zaino_sync_iteration_duration_seconds_sum,0.30045760400000004
1791661838.231,1269.503,zaino_sync_iteration_duration_seconds_count,2447.0
1791661840.231,1271.503,zaino_sync_iterations_total,2451.0
1791661840.231,1271.503,"zaino_sync_iteration_duration_seconds{quantile=""0.5""}",0.0002571888205430382
1791661840.231,1271.503,"zaino_sync_iteration_duration_seconds{quantile=""0.9""}",0.00037174588895088587
1791661840.231,1271.503,zaino_sync_iteration_duration_seconds_sum,0.301765684
1791661840.231,1271.503,zaino_sync_iteration_duration_seconds_count,2451.0
1791661842.232,1273.504,zaino_sync_iterations_total,2455.0
1791661842.232,1273.504,"zaino_grpc_requests_total{method=""get_lightd_info""}",254.0
1791661842.232,1273.504,"zaino_grpc_requests_total{method=""get_block""}",508.0
1791661842.232,1273.504,"zaino_grpc_request_duration_seconds_sum{method=""get_block""}",0.10558188200000004
1791661842.232,1273.504,"zaino_grpc_request_duration_seconds_count{method=""get_block""}",508.0
1791661842.232,1273.504,"zaino_grpc_request_duration_seconds{method=""get_lightd_info"",quantile=""0""}",0.002612791
1791661842.232,1273.504,"zaino_grpc_request_duration_seconds{method=""get_lightd_info"",quantile=""0.5""}",0.0026736785391574306
1791661842.232,1273.504,"zaino_grpc_request_duration_seconds_sum{method=""get_lightd_info""}",0.7984937050000003
1791661842.232,1273.504,"zaino_grpc_request_duration_seconds_count{method=""get_lightd_info""}",254.0
1791661842.232,1273.504,"zaino_sync_iteration_duration_seconds{quantile=""0.5""}",0.00025754913705570667
1791661842.232,1273.504,zaino_sync_iteration_duration_seconds_sum,0.30284248799999997
1791661842.232,1273.504,zaino_sync_iteration_duration_seconds_count,2455.0
1791661844.232,1275.504,zaino_sync_iterations_total,2459.0
1791661844.232,1275.504,"zaino_sync_iteration_duration_seconds{quantile=""0.999""}",0.00041125379375640006
1791661844.232,1275.504,"zaino_sync_iteration_duration_seconds{quantile=""1""}",0.000418759
1791661844.232,1275.504,zaino_sync_iteration_duration_seconds_sum,0.30406605
1791661844.232,1275.504,zaino_sync_iteration_duration_seconds_count,2459.0
1791661846.232,1277.504,zaino_sync_iterations_total,2463.0
1791661846.232,1277.504,"zaino_grpc_requests_total{method=""get_block""}",510.0
1791661846.232,1277.504,"zaino_grpc_requests_total{method=""get_lightd_info""}",255.0
1791661846.232,1277.504,"zaino_grpc_request_duration_seconds{method=""get_block"",quantile=""0.9""}",7.442638538788482e-05
1791661846.232,1277.504,"zaino_grpc_request_duration_seconds{method=""get_block"",quantile=""0.95""}",7.600586598710153e-05
1791661846.232,1277.504,"zaino_grpc_request_duration_seconds_sum{method=""get_block""}",0.10566207900000005
1791661846.232,1277.504,"zaino_grpc_request_duration_seconds_count{method=""get_block""}",510.0
1791661846.232,1277.504,"zaino_grpc_request_duration_seconds{method=""get_lightd_info"",quantile=""0.5""}",0.0027000093994098647
1791661846.232,1277.504,"zaino_grpc_request_duration_seconds{method=""get_lightd_info"",quantile=""0.9""}",0.003124440586218976
1791661846.232,1277.504,"zaino_grpc_request_duration_seconds{method=""get_lightd_info"",quantile=""0.95""}",0.003124440586218976
1791661846.232,1277.504,"zaino_grpc_request_duration_seconds{method=""get_lightd_info"",quantile=""0.99""}",0.003124440586218976
1791661846.232,1277.504,"zaino_grpc_request_duration_seconds{method=""get_lightd_info"",quantile=""0.999""}",0.003124440586218976
1791661846.232,1277.504,"zaino_grpc_request_duration_seconds_sum{method=""get_lightd_info""}",0.8016179960000003
1791661846.232,1277.504,"zaino_grpc_request_duration_seconds_count{method=""get_lightd_info""}",255.0
1791661846.232,1277.504,"zaino_sync_iteration_duration_seconds{quantile=""0.5""}",0.00025796154551515737
1791661846.232,1277.504,zaino_sync_iteration_duration_seconds_sum,0.30530366299999995
1791661846.232,1277.504,zaino_sync_iteration_duration_seconds_count,2463.0
1791661848.232,1279.504,zaino_sync_iterations_total,2467.0
1791661848.232,1279.504,"zaino_sync_iteration_duration_seconds{quantile=""0.5""}",0.0002571888205430382
1791661848.232,1279.504,"zaino_sync_iteration_duration_seconds{quantile=""0.9""}",0.00036930044491792285
1791661848.232,1279.504,zaino_sync_iteration_duration_seconds_sum,0.30611759099999997
1791661848.232,1279.504,zaino_sync_iteration_duration_seconds_count,2467.0
1791661850.233,1281.504,zaino_sync_iterations_total,2471.0
1791661850.233,1281.504,"zaino_sync_iteration_duration_seconds{quantile=""0.5""}",0.000253816236127554
1791661850.233,1281.504,zaino_sync_iteration_duration_seconds_sum,0.306997388
1791661850.233,1281.504,zaino_sync_iteration_duration_seconds_count,2471.0
