t,elapsed_s,who,cpu_usec,user_usec,system_usec,mem_bytes,mem_peak_bytes,anon_bytes,file_bytes,rbytes,wbytes,pids,host_mem_available_bytes
1791660568.757,0.029,indexer,5863,0,5863,7565312,7569408,1257472,5775360,5926912,0,1,14952038400
1791660568.757,0.029,zebrad,32389661,29258456,3131205,438243328,702050304,214855680,218030080,128978944,508989440,22,14952038400
1791660570.642,1.914,indexer,657104,456613,200490,293240832,293240832,138100736,145821696,145809408,0,8,14998548480
1791660570.642,1.914,zebrad,35862391,32391739,3470651,634273792,702050304,215678976,410877952,239230976,594984960,22,14998548480
1791660571.643,2.914,indexer,1659146,1342775,316371,357867520,357867520,187346944,160354304,164790272,0,23,14838308864
1791660571.643,2.914,zebrad,37438077,33772010,3666067,506322944,702050304,217731072,280543232,290361344,615579648,22,14838308864
1791660572.643,3.914,indexer,2859593,2282324,577269,424767488,425836544,219607040,194801664,199237632,0,23,14872887296
1791660572.643,3.914,zebrad,38859546,34993349,3866197,527556608,702050304,218308608,301133824,309186560,615579648,22,14872887296
1791660573.643,4.915,indexer,3789822,2943291,846530,457912320,457924608,228347904,218910720,223346688,0,23,14897704960
1791660573.643,4.915,zebrad,40555649,36485042,4070607,552718336,702050304,219414528,325337088,331567104,615579648,22,14897704960
1791660574.643,5.915,indexer,4709147,3612667,1096479,486313984,486326272,234930176,240824320,245260288,0,23,14925279232
1791660574.643,5.915,zebrad,42974987,38664246,4310740,590729216,702050304,226373632,356306944,360132608,615579648,22,14925279232
1791660575.643,6.915,indexer,5596245,4232709,1363536,514224128,514232320,243531776,260165632,264601600,0,23,14955888640
1791660575.643,6.915,zebrad,45491768,40927145,4564622,624095232,702050304,230981632,384430080,385658880,615579648,22,14955888640
1791660576.643,7.915,indexer,6523264,4915700,1607564,543662080,543666176,253685760,279453696,283889664,0,23,14973267968
1791660576.643,7.915,zebrad,47936553,43171346,4765206,652144640,702050304,231669760,411803648,410632192,615579648,22,14973267968
1791660577.643,8.915,indexer,7460456,5612025,1848430,568037376,568045568,260644864,296787968,301232128,0,23,14997721088
1791660577.643,8.915,zebrad,50388647,45404209,4984438,677920768,702050304,231714816,437473280,433831936,615579648,22,14997721088
1791660578.643,9.915,indexer,8418333,6301274,2117058,593948672,593965056,270512128,312954880,317390848,0,23,15002574848
1791660578.643,9.915,zebrad,52787220,47555306,5231913,715931648,715931648,231788544,475402240,469331968,615579648,22,15002574848
1791660579.643,10.915,indexer,9441685,7061607,2380078,617062400,617086976,277794816,328716288,333156352,0,23,15004119040
1791660579.643,10.915,zebrad,54993358,49476027,5517330,744767488,744767488,231841792,503762944,495124480,615579648,22,15004119040
1791660580.643,11.915,indexer,10489952,7831022,2658930,642039808,642052096,288464896,342933504,347373568,0,23,14999560192
1791660580.643,11.915,zebrad,57071640,51309272,5762367,774914048,774914048,232914944,532824064,521535488,615579648,22,14999560192
1791660581.644,12.915,indexer,11540585,8615581,2925003,666255360,666259456,296906752,358531072,362971136,0,23,15002988544
1791660581.644,12.915,zebrad,59178179,53140161,6038018,808206336,808206336,233463808,565530624,551706624,615579648,22,15002988544
1791660582.644,13.916,indexer,12549579,9367652,3181927,689983488,689983488,305307648,373800960,378236928,0,23,14997209088
1791660582.644,13.916,zebrad,61394955,55044546,6350408,831537152,831537152,234160128,587821056,571408384,615579648,22,14997209088
1791660583.644,14.916,indexer,13545971,10123184,3422787,712970240,712974336,315064320,386998272,391434240,0,23,15004725248
1791660583.644,14.916,zebrad,63575648,56955290,6620358,857747456,857751552,235450368,612900864,594153472,615579648,22,15004725248
1791660584.644,15.916,indexer,14467559,10814948,3652611,735698944,735707136,324210688,400302080,404738048,0,23,14990331904
1791660584.644,15.916,zebrad,65304323,58528365,6775958,888680448,888680448,237723648,641437696,620662784,615579648,22,14990331904
1791660585.644,16.916,indexer,15429812,11523491,3906321,761167872,761180160,335912960,414560256,418996224,0,23,14993678336
1791660585.644,16.916,zebrad,67362185,60382958,6979226,921710592,921710592,240173056,671612928,648249344,615579648,22,14993678336
1791660586.644,17.916,indexer,16562975,12390904,4172071,783699968,783704064,345731072,427003904,431439872,0,23,14991351808
1791660586.644,17.916,zebrad,69340999,62149206,7191792,974401536,974401536,240807936,723759104,698462208,615579648,22,14991351808
1791660587.645,18.917,indexer,17667991,13213160,4454830,804896768,804900864,355545088,438423552,442859520,0,23,14976049152
1791660587.645,18.917,zebrad,71376171,63991257,7384913,1031286784,1031286784,246755328,774103040,746766336,615579648,22,14976049152
1791660588.645,19.917,indexer,18847508,14095682,4751826,825745408,825753600,366125056,448544768,452980736,0,23,14964867072
1791660588.645,19.917,zebrad,73366592,65737130,7629461,1089220608,1089220608,248332288,830631936,801243136,615579648,22,14964867072
1791660589.645,20.917,indexer,20023631,14992283,5031347,849014784,849031168,376991744,460894208,465330176,0,23,14955204608
1791660589.645,20.917,zebrad,75300157,67461327,7838830,1145319424,1145319424,249286656,885575680,854376448,615579648,22,14955204608
1791660590.645,21.917,indexer,21280942,15957818,5323124,871469056,871485440,388079616,472494080,476930048,0,23,14941929472
1791660590.645,21.917,zebrad,76996802,68948927,8047874,1221865472,1221865472,249655296,961662976,928755712,615579648,22,14941929472
1791660591.645,22.917,indexer,22513014,16909430,5603584,899350528,899358720,401895424,486162432,490598400,0,23,14926524416
1791660591.645,22.917,zebrad,78711311,70460811,8250500,1317810176,1317810176,249987072,1056894976,1022500864,615579648,22,14926524416
1791660592.645,23.917,indexer,23626239,17773454,5852785,923332608,923336704,412999680,499318784,503754752,0,23,14911950848
1791660592.645,23.917,zebrad,80819745,72349483,8470261,1380462592,1380462592,251064320,1118146560,1081536512,615579648,22,14911950848
1791660593.645,24.917,indexer,24817866,18711549,6106316,952041472,952041472,426491904,514240512,518676480,0,23,14891327488
1791660593.645,24.917,zebrad,82640967,73927750,8713217,1463656448,1463656448,256368640,1196130304,1157414912,615579648,22,14891327488
1791660594.645,25.917,indexer,26032008,19664994,6367013,975482880,975486976,436121600,527839232,532275200,0,23,14880534528
1791660594.645,25.917,zebrad,84335677,75406170,8929506,1555406848,1555406848,256368640,1287606272,1247014912,615579648,22,14880534528
1791660595.646,26.917,indexer,27241565,20555304,6686261,994598912,994598912,446308352,537055232,541495296,0,23,14872068096
1791660595.646,26.917,zebrad,86263296,77062506,9200790,1617797120,1617797120,256368640,1349591040,1306877952,615579648,22,14872068096
1791660596.646,27.917,indexer,28465941,21509298,6956643,1013268480,1013268480,456663040,544768000,549470208,0,23,14857351168
1791660596.646,27.917,zebrad,88235628,78781524,9454103,1687584768,1687584768,259108864,1416540160,1371832320,615579648,22,14857351168
1791660597.646,28.918,indexer,29600402,22394814,7205588,1034244096,1034252288,469528576,553275392,557711360,0,23,14842392576
1791660597.646,28.918,zebrad,90389170,80725436,9663734,1738964992,1738964992,267993088,1459093504,1411272704,615579648,22,14842392576
1791660598.646,29.918,indexer,30494892,23107671,7387221,1050808320,1050836992,478539776,560914432,565350400,0,25,14834049024
1791660598.646,29.918,zebrad,92180886,82288548,9892338,1782136832,1782136832,268062720,1501413376,1451581440,651735040,22,14834049024
1791660599.646,30.918,indexer,31599664,23951617,7648046,1068077056,1068089344,488595456,568037376,572473344,0,25,14817652736
1791660599.646,30.918,zebrad,94168871,84032864,10136006,1854750720,1854750720,268599296,1573359616,1521324032,651735040,22,14817652736
1791660600.646,31.918,indexer,32687336,24799703,7887632,1085280256,1085607936,499789824,574398464,578834432,126976,25,14808797184
1791660600.646,31.918,zebrad,96132452,85792569,10339883,1939095552,1939095552,269463552,1656639488,1603076096,651735040,22,14808797184
1791660601.646,32.918,indexer,34222306,26007198,8215108,1233956864,1233956864,640778240,581083136,585523200,126976,26,14658031616
1791660601.646,32.918,zebrad,97820398,87296871,10523527,2015162368,2015162368,270430208,1731575808,1676652544,651735040,22,14658031616
1791660602.646,33.918,indexer,36200065,27577722,8622343,1491623936,1491623936,891162624,587923456,592359424,126976,26,14407090176
1791660602.646,33.918,zebrad,99477840,88767585,10710254,2082795520,2082795520,271364096,1797890048,1741639680,651735040,22,14407090176
1791660603.646,34.918,indexer,38164447,29020828,9143619,2169843712,2177388544,1045680128,1096687616,599613440,16904192,26,14268657664
1791660603.646,34.918,zebrad,101014673,90115739,10898933,2147807232,2147807232,271663104,1862516736,1805172736,651878400,22,14268657664
1791660604.646,35.918,indexer,38256843,29094757,9162086,2171678720,2177388544,1046749184,1097089024,599969792,235008000,26,14272573440
1791660604.646,35.918,zebrad,101140105,90230129,10909976,2151481344,2151481344,271675392,1866330112,1808900096,651878400,22,14272573440
1791660605.646,36.918,indexer,38359303,29169499,9189804,2172801024,2177388544,1047629824,1097498624,600375296,436338688,26,14271963136
1791660605.646,36.918,zebrad,101286210,90358926,10927284,2155675648,2155675648,271691776,1870663680,1813143552,651878400,22,14271963136
1791660606.647,37.918,indexer,39350004,30015419,9334584,2185625600,2185625600,1055072256,1101869056,604733440,501678080,25,14262411264
1791660606.647,37.918,zebrad,102369866,91337871,11031995,2190802944,2190802944,272044032,1905246208,1846849536,651878400,22,14262411264
1791660607.647,38.918,indexer,41303072,31762468,9540603,2201821184,2201821184,1064763392,1108553728,611418112,501678080,25,14250643456
1791660607.647,38.918,zebrad,104000769,92776606,11224163,2245066752,2245066752,272965632,1958219776,1898409984,651878400,22,14250643456
1791660608.647,39.919,indexer,42638799,32885063,9753735,2221187072,2221191168,1077080064,1115185152,618049536,501678080,25,14238375936
1791660608.647,39.919,zebrad,105749382,94368166,11381216,2314797056,2314797056,273719296,2026979328,1965662208,682926080,22,14238375936
1791660609.647,40.919,indexer,43624063,33665638,9958424,2238177280,2238431232,1087127552,1122574336,625442816,501678080,25,14233911296
1791660609.647,40.919,zebrad,107674092,96126427,11547665,2395799552,2395799552,274436096,2107248640,2044325888,707629056,22,14233911296
1791660610.647,41.919,indexer,44711679,34530111,10181568,2257539072,2257539072,1098334208,1130430464,633294848,501678080,25,14213050368
1791660610.647,41.919,zebrad,109881474,98140961,11740513,2488074240,2488074240,275165184,2198491136,2133712896,707629056,22,14213050368
1791660611.647,42.919,indexer,45814554,35399982,10414571,2276573184,2276601856,1108951040,1139154944,642019328,501678080,25,14207684608
1791660611.647,42.919,zebrad,112065413,100133227,11932186,2586378240,2586378240,276004864,2295537664,2228948992,707629056,22,14207684608
1791660612.647,43.919,indexer,46829804,36199898,10629906,2294755328,2294763520,1120657408,1145491456,648355840,501678080,25,14203142144
1791660612.647,43.919,zebrad,114339917,102215475,12124441,2680066048,2680066048,276746240,2388471808,2320392192,707629056,22,14203142144
1791660613.647,44.919,indexer,47903558,37063452,10840105,2311892992,2311892992,1130713088,1152364544,655228928,501678080,25,14190182400
1791660613.647,44.919,zebrad,116508677,104227687,12280990,2800390144,2800390144,280244224,2504843264,2435117056,707629056,22,14190182400
1791660614.647,45.919,indexer,48923797,37873566,11050231,2351112192,2351112192,1156575232,1165557760,668422144,501678080,25,14137307136
1791660614.647,45.919,zebrad,118848758,106387321,12461436,2929627136,2929627136,282636288,2631335936,2559901696,707629056,22,14137307136
1791660615.648,46.920,indexer,49956825,38684751,11272074,2392498176,2392498176,1182167040,1181569024,684433408,501678080,25,14128721920
1791660615.648,46.920,zebrad,121191552,108584683,12606869,3077238784,3077238784,283983872,2777038848,2703888384,707629056,22,14128721920
1791660616.648,47.920,indexer,50992158,39487004,11505153,2415755264,2415755264,1195151360,1191493632,694358016,501678080,25,14121357312
1791660616.648,47.920,zebrad,123485100,110729045,12756054,3220889600,3220889600,284467200,2920136704,2845392896,707629056,22,14121357312
1791660617.648,48.920,indexer,52038771,40304589,11734181,2432610304,2432614400,1203683328,1200099328,702963712,501678080,25,14112182272
1791660617.648,48.920,zebrad,125690396,112757126,12933269,3361923072,3361923072,286302208,3059167232,2982817792,707629056,22,14112182272
1791660618.648,49.920,indexer,53096514,41155012,11941501,2449281024,2449285120,1212387328,1207791616,710656000,501678080,25,14105001984
1791660618.648,49.920,zebrad,127589261,114495788,13093472,3495616512,3495616512,286842880,3191500800,3113603072,707629056,22,14105001984
1791660619.648,50.920,indexer,54114380,41971447,12142932,2464313344,2464350208,1220657152,1214607360,717471744,501678080,25,14094389248
1791660619.648,50.920,zebrad,129583361,116299767,13283593,3628523520,3628523520,290377728,3320807424,3241201664,707629056,22,14094389248
1791660620.648,51.920,indexer,55112106,42781115,12330990,2479407104,2479681536,1229340672,1220825088,723689472,501678080,25,14077509632
1791660620.648,51.920,zebrad,131643508,118183061,13460446,3769819136,3769819136,296058880,3456045056,3374903296,707629056,22,14077509632
1791660621.648,52.920,indexer,56194815,43634727,12560087,2495229952,2495238144,1238388736,1227661312,730525696,501678080,25,14058995712
1791660621.648,52.920,zebrad,133679951,120071860,13608090,3913736192,3913736192,301211648,3594510336,3512016896,707629056,22,14058995712
1791660622.649,53.920,indexer,57392683,44581621,12811062,2511593472,2511593472,1247244288,1234989056,737853440,501678080,25,14052003840
1791660622.649,53.920,zebrad,135446364,121687019,13759344,4039516160,4039516160,301830144,3719315456,3635601408,707629056,22,14052003840
1791660623.649,54.920,indexer,58474764,45444936,13029828,2530877440,2530877440,1258450944,1242746880,745611264,501678080,25,14029733888
1791660623.649,54.920,zebrad,137496657,123595773,13900884,4169015296,4169015296,303230976,3847098368,3761942528,707629056,22,14029733888
1791660624.649,55.920,indexer,60033485,46687476,13346008,2556772352,2556776448,1274351616,1253289984,756154368,501678080,25,13988622336
1791660624.649,55.920,zebrad,138395756,124410978,13984777,4292747264,4292747264,326709248,3946913792,3861700608,707629056,22,13988622336
1791660625.649,56.921,indexer,61408831,47795365,13613466,2587705344,2587717632,1291939840,1266057216,768921600,501678080,25,13954801664
1791660625.649,56.921,zebrad,139086366,125053147,14033218,4369596416,4369596416,337448960,4012691456,3927326720,707629056,22,13954801664
1791660626.649,57.921,indexer,62746155,48848195,13897959,2611675136,2611679232,1305513984,1276985344,779849728,501678080,25,13934694400
1791660626.649,57.921,zebrad,140067163,125964480,14102682,4396572672,4396572672,354439168,4022706176,3937341440,707629056,22,13934694400
1791660627.649,58.921,indexer,64192578,49992617,14199960,2466467840,2635894784,1148485632,1288577024,791441408,501678080,28,13933735936
1791660627.649,58.921,zebrad,140967162,126825314,14141847,4396552192,4396572672,354439168,4022706176,3937480704,707629056,21,13933735936
1791660628.649,59.921,indexer,66597554,52109452,14488102,2509877248,2635894784,1181802496,1298751488,801615872,501678080,28,13928054784
1791660628.649,59.921,zebrad,140974310,126832348,14141962,4396552192,4396572672,354439168,4022706176,3937480704,707629056,21,13928054784
1791660629.649,60.921,indexer,68593045,53637476,14955568,3123396608,3123417088,1223131136,1854816256,810831872,553791488,28,13911207936
1791660629.649,60.921,zebrad,140980680,126838718,14141962,4396777472,4396781568,354435072,4022845440,3937480704,707629056,21,13911207936
1791660630.649,61.921,indexer,68710192,53723536,14986655,3125678080,3125690368,1224749056,1855303680,811307008,805449728,28,13924839424
1791660630.649,61.921,zebrad,140986698,126844735,14141962,4396777472,4396781568,354435072,4022845440,3937480704,707629056,21,13924839424
1791660631.649,62.921,indexer,69124004,54117101,15006902,3127451648,3127459840,1224790016,1855705088,811683840,998387712,28,13932101632
1791660631.649,62.921,zebrad,140989746,126847783,14141962,4396777472,4396781568,354435072,4022845440,3937480704,707629056,21,13932101632
1791660632.649,63.921,indexer,70954669,55753308,15201360,3142311936,3142311936,1233756160,1862008832,817987584,1048526848,27,13929701376
1791660632.649,63.921,zebrad,140993419,126850747,14142671,4396777472,4396781568,354435072,4022845440,3937509376,707629056,21,13929701376
1791660633.649,64.921,indexer,72603688,57060248,15543439,3167752192,3167752192,1247293440,1873641472,829620224,1048526848,27,13981790208
1791660633.649,64.921,zebrad,140999964,126855237,14144727,4396670976,4396781568,354435072,4022874112,3937509376,707629056,21,13981790208
1791660634.650,65.921,indexer,74120174,58223072,15897102,3193380864,3193405440,1260896256,1886003200,841986048,1048526848,27,13974884352
1791660634.650,65.921,zebrad,141007206,126861455,14145751,4396670976,4396781568,354435072,4022874112,3937509376,707629056,21,13974884352
1791660635.650,66.921,indexer,75805177,59532703,16272474,3220295680,3220295680,1275641856,1897558016,853536768,1048526848,27,13959352320
1791660635.650,66.921,zebrad,141013872,126867853,14146018,4396417024,4396781568,354435072,4022874112,3937509376,707629056,21,13959352320
1791660636.650,67.922,indexer,77571126,60917609,16653516,3244322816,3244326912,1287426048,1909956608,865943552,1048526848,27,13949067264
1791660636.650,67.922,zebrad,141020943,126874218,14146725,4396679168,4396781568,354435072,4022874112,3937509376,707629056,21,13949067264
1791660637.650,68.922,indexer,79412846,62348790,17064056,3276763136,3276763136,1302851584,1926840320,882962432,1048530944,27,13929910272
1791660637.650,68.922,zebrad,141027937,126878211,14149725,4396675072,4396781568,354435072,4022874112,3937509376,707629056,21,13929910272
1791660638.650,69.922,indexer,81049333,63663197,17386135,3302514688,3302514688,1317937152,1937305600,893284352,1048530944,27,13927395328
1791660638.650,69.922,zebrad,141034401,126882627,14151773,4396670976,4396937216,354435072,4022874112,3937509376,707629056,21,13927395328
1791660639.650,70.922,indexer,82703135,64965697,17737437,3323772928,3323772928,1329807360,1946845184,902828032,1048530944,27,13920780288
1791660639.650,70.922,zebrad,141041157,126888608,14152548,4396670976,4396937216,354435072,4022874112,3937509376,707629056,21,13920780288
1791660640.650,71.922,indexer,84336532,66244118,18092414,3347103744,3347144704,1343926272,1956155392,912134144,1048530944,27,13905293312
1791660640.650,71.922,zebrad,141048029,126894594,14153435,4396670976,4396937216,354435072,4022874112,3937509376,731643904,21,13905293312
1791660641.650,72.922,indexer,86183433,67681972,18501460,3373383680,3373383680,1358233600,1967673344,923652096,1048530944,27,13887197184
1791660641.650,72.922,zebrad,141054756,126900348,14154408,4396748800,4396937216,354435072,4022874112,3937509376,731643904,21,13887197184
1791660642.650,73.922,indexer,88112567,69244497,18868070,3400069120,3400122368,1374199808,1978675200,934653952,1048530944,27,13879492608
1791660642.650,73.922,zebrad,141060984,126905452,14155531,4396748800,4396937216,354435072,4022874112,3937509376,731643904,21,13879492608
1791660643.650,74.922,indexer,89302710,70430652,18872058,3413176320,3413176320,1386881024,1978826752,934805504,1048530944,27,13861314560
1791660643.650,74.922,zebrad,141067539,126912007,14155531,4396748800,4396937216,354435072,4022874112,3937509376,731643904,21,13861314560
1791660644.650,75.922,indexer,90497376,71623317,18874058,3435196416,3435196416,1409110016,1978847232,934825984,1048530944,27,13879173120
1791660644.650,75.922,zebrad,141074363,126918693,14155669,4396744704,4396937216,354435072,4022874112,3937509376,731643904,21,13879173120
1791660645.651,76.922,indexer,91509557,72634381,18875175,3445313536,3445313536,1418932224,1978863616,934842368,1048530944,27,13866799104
1791660645.651,76.922,zebrad,141080565,126923975,14156589,4396744704,4396937216,354435072,4022874112,3937509376,731643904,21,13866799104
1791660646.651,77.922,indexer,92558913,73683738,18875175,3452129280,3452129280,1426014208,1978937344,934916096,1048530944,27,13860433920
1791660646.651,77.922,zebrad,141087240,126930583,14156656,4396740608,4396937216,354435072,4022874112,3937509376,731643904,21,13860433920
1791660647.651,78.922,indexer,93732267,74846196,18886071,3463663616,3463663616,1437462528,1979195392,935174144,1048530944,27,13859540992
1791660647.651,78.922,zebrad,141093576,126936886,14156690,4396740608,4396937216,354435072,4022874112,3937509376,731643904,21,13859540992
1791660648.651,79.923,indexer,94833602,75927343,18906258,3474935808,3474935808,1447792640,1979768832,935747584,1048530944,27,13855461376
1791660648.651,79.923,zebrad,141100155,126943465,14156690,4396736512,4396937216,354451456,4022874112,3937509376,731643904,21,13855461376
1791660649.651,80.923,indexer,95956607,77006424,18950182,3487256576,3487256576,1458847744,1981001728,936980480,1048530944,27,13845037056
1791660649.651,80.923,zebrad,141108700,126950198,14158502,4396728320,4396937216,354451456,4022874112,3937509376,731643904,21,13845037056
1791660650.651,81.923,indexer,97051481,78073101,18978380,3501412352,3501412352,1471889408,1981906944,937885696,1048530944,27,13833424896
1791660650.651,81.923,zebrad,141114879,126954358,14160520,4396728320,4396937216,354586624,4022874112,3937509376,731643904,21,13833424896
1791660651.651,82.923,indexer,98307267,79296766,19010500,3512836096,3512836096,1482625024,1982910464,938889216,1048530944,27,13829951488
1791660651.651,82.923,zebrad,141121579,126961058,14160520,4396728320,4396937216,354586624,4022874112,3937509376,731643904,21,13829951488
1791660652.651,83.923,indexer,99345413,80334419,19010993,3518844928,3518844928,1488232448,1982988288,938967040,1048530944,27,13826760704
1791660652.651,83.923,zebrad,141128167,126967120,14161047,4396724224,4396937216,354586624,4022874112,3937509376,731643904,21,13826760704
1791660653.651,84.923,indexer,100498369,81418621,19079748,3523878912,3523891200,1491390464,1985118208,941096960,1048530944,27,13831172096
1791660653.651,84.923,zebrad,141134929,126972805,14162124,4396724224,4396937216,354586624,4022874112,3937509376,731643904,21,13831172096
1791660654.651,85.923,indexer,102052977,82705089,19347887,3542351872,3542360064,1501507584,1993125888,949104640,1048530944,27,13839261696
1791660654.651,85.923,zebrad,141142139,126980015,14162124,4396724224,4396937216,354586624,4022874112,3937509376,731643904,21,13839261696
1791660655.652,86.923,indexer,103561075,83956341,19604733,3565301760,3565326336,1517699072,2000064512,956043264,1048530944,27,13829722112
1791660655.652,86.923,zebrad,141149385,126986215,14163169,4396507136,4396937216,354586624,4022874112,3937509376,731643904,21,13829722112
1791660656.652,87.923,indexer,105171698,85377360,19794338,3408879616,3577806848,1355730944,2006028288,962007040,1048530944,28,13995548672
1791660656.652,87.923,zebrad,141156454,126990477,14165977,4396404736,4396937216,354586624,4022874112,3937509376,731643904,21,13995548672
1791660657.652,88.923,indexer,107642664,87581706,20060957,3430252544,3577806848,1368608768,2014265344,970244096,1048530944,28,13989933056
1791660657.652,88.923,zebrad,141163413,126997239,14166173,4396412928,4396937216,354586624,4022874112,3937509376,731643904,21,13989933056
1791660658.652,89.924,indexer,110306967,89710157,20596810,4096626688,4096626688,1409298432,2622181376,979689472,1048530944,28,13930422272
1791660658.652,89.924,zebrad,141170916,127003691,14167224,4396675072,4396937216,354615296,4022874112,3937509376,731643904,21,13930422272
1791660659.652,90.924,indexer,110602744,89924188,20678556,4103897088,4119957504,1391915008,2645979136,980918272,1250062336,28,13930848256
1791660659.652,90.924,zebrad,141176845,127009427,14167417,4396412928,4396937216,354615296,4022874112,3937509376,731643904,21,13930848256
1791660660.652,91.924,indexer,110745992,90026707,20719284,4104069120,4119957504,1391915008,2646458368,981372928,1493331968,28,13929938944
1791660660.652,91.924,zebrad,141183090,127014849,14168241,4396675072,4396937216,354615296,4022874112,3937509376,731643904,21,13929938944
1791660661.652,92.924,indexer,110858237,90106848,20751388,4104519680,4119957504,1391915008,2646872064,981774336,1669492736,28,13930024960
1791660661.652,92.924,zebrad,141189097,127018954,14170142,4396670976,4396937216,354615296,4022874112,3937509376,731643904,21,13930024960
1791660662.652,93.924,indexer,112684628,91593711,21090917,4124942336,4124942336,1402023936,2655875072,990777344,1669558272,27,13927243776
1791660662.652,93.924,zebrad,141195777,127024667,14171110,4396670976,4396937216,354615296,4022874112,3937509376,731643904,21,13927243776
1791660663.652,94.924,indexer,115331294,93899609,21431684,4145127424,4145127424,1413369856,2664701952,999604224,1669558272,27,13928116224
1791660663.652,94.924,zebrad,141195868,127024748,14171120,4396670976,4396937216,354615296,4022874112,3937509376,731643904,21,13928116224
1791660664.652,95.924,indexer,117498195,95701736,21796459,4165386240,4165406720,1423855616,2674638848,1009541120,1669558272,27,13931401216
1791660664.652,95.924,zebrad,141199380,127028260,14171120,4396670976,4396937216,354615296,4022874112,3937509376,731643904,21,13931401216
1791660665.652,96.924,indexer,119107799,96954226,22153572,4187422720,4187435008,1435889664,2684231680,1019133952,1669558272,27,13917143040
1791660665.652,96.924,zebrad,141206137,127034991,14171146,4396670976,4396937216,354615296,4022874112,3937509376,731643904,21,13917143040
1791660666.652,97.924,indexer,120879773,98369813,22509959,4210405376,4210425856,1448472576,2694774784,1029677056,1669558272,27,13908766720
1791660666.652,97.924,zebrad,141212480,127041300,14171180,4396670976,4396937216,354615296,4022874112,3937509376,731643904,21,13908766720
1791660667.653,98.924,indexer,122613175,99761431,22851743,4231536640,4231544832,1459429376,2704941056,1039843328,1669558272,27,13904441344
1791660667.653,98.924,zebrad,141219307,127047043,14172263,4396670976,4396937216,354615296,4022874112,3937509376,731643904,21,13904441344
1791660668.653,99.924,indexer,124244208,101060569,23183639,4254081024,4254097408,1472417792,2714652672,1049554944,1669558272,27,13895450624
1791660668.653,99.924,zebrad,141225841,127052624,14173217,4396437504,4396937216,354615296,4022874112,3937509376,731643904,21,13895450624
1791660669.653,100.925,indexer,125932137,102441871,23490266,4272340992,4272361472,1481248768,2723520512,1058422784,1669558272,27,13886517248
1791660669.653,100.925,zebrad,141233038,127059701,14173336,4396699648,4396937216,354615296,4022874112,3937509376,731643904,21,13886517248
1791660670.653,101.925,indexer,127729418,103899194,23830224,4297895936,4297900032,1496612864,2734063616,1068965888,1669558272,27,13871267840
1791660670.653,101.925,zebrad,141239690,127066353,14173336,4396699648,4396937216,354615296,4022874112,3937509376,731643904,21,13871267840
1791660671.653,102.925,indexer,129673611,105456996,24216614,4323545088,4323545088,1509961728,2746200064,1081102336,1669558272,27,13848739840
1791660671.653,102.925,zebrad,141246203,127072866,14173336,4396695552,4396937216,354615296,4022874112,3937509376,731643904,21,13848739840
1791660672.653,103.925,indexer,131434211,106821695,24612515,4349239296,4349247488,1524539392,2756411392,1091997696,1669562368,27,13836730368
1791660672.653,103.925,zebrad,141252820,127079306,14173514,4396429312,4396937216,354615296,4022874112,3937509376,731643904,21,13836730368
1791660673.653,104.925,indexer,133046311,108121950,24924361,4369485824,4369489920,1535479808,2766454784,1101357056,1669562368,27,13825499136
1791660673.653,104.925,zebrad,141259196,127084744,14174452,4396953600,4396953600,354615296,4022874112,3937509376,731643904,21,13825499136
1791660674.653,105.925,indexer,134822815,109558720,25264095,4390649856,4390649856,1546682368,2776354816,1111257088,1669562368,27,13815459840
1791660674.653,105.925,zebrad,141266236,127091479,14174756,4396953600,4396953600,354648064,4022874112,3937509376,731643904,21,13815459840
1791660675.653,106.925,indexer,137233740,111730374,25503366,4237041664,4390649856,1386115072,2783854592,1118756864,1669562368,28,13977059328
1791660675.653,106.925,zebrad,141272913,127097088,14175824,4396949504,4396953600,354648064,4022874112,3937509376,731643904,21,13977059328
1791660676.653,107.925,indexer,139966708,113886169,26080539,4877586432,4877586432,1397411840,3394834432,1128452096,1669971968,28,13950713856
1791660676.653,107.925,zebrad,141280271,127104446,14175824,4396941312,4396953600,354648064,4022874112,3937509376,731643904,21,13950713856
1791660677.653,108.925,indexer,140190637,114057038,26133599,4880576512,4880592896,1399508992,3395743744,1129336832,1909506048,28,13949984768
1791660677.653,108.925,zebrad,141286737,127110131,14176606,4396941312,4396953600,354648064,4022874112,3937509376,731643904,21,13949984768
1791660678.654,109.925,indexer,140331132,114160689,26170442,4881010688,4881014784,1399607296,3396288512,1129869312,2110832640,28,13949337600
1791660678.654,109.925,zebrad,141293033,127116297,14176735,4396941312,4396953600,354648064,4022874112,3937509376,731643904,21,13949337600
1791660679.654,110.925,indexer,140942429,114728018,26214410,4882751488,4882788352,1399607296,3396812800,1130381312,2295382016,28,13949517824
1791660679.654,110.925,zebrad,141301780,127123969,14177811,4397101056,4397101056,354656256,4022874112,3937509376,731643904,21,13949517824
1791660680.654,111.925,indexer,143285242,116767400,26517841,4901761024,4901761024,1409716224,3405750272,1139306496,2301140992,27,13942730752
1791660680.654,111.925,zebrad,141305402,127127591,14177811,4397101056,4397101056,354656256,4022874112,3937509376,731643904,21,13942730752
1791660681.654,112.926,indexer,145176716,118298537,26878178,4925087744,4925087744,1422299136,3416473600,1150029824,2301140992,27,13926895616
1791660681.654,112.926,zebrad,141312465,127131985,14180479,4396589056,4397101056,354664448,4022874112,3937509376,731643904,21,13926895616
1791660682.654,113.926,indexer,146818534,119612305,27206229,4945117184,4945145856,1432793088,3425849344,1159405568,2301140992,27,13906833408
1791660682.654,113.926,zebrad,141318797,127137184,14181613,4396843008,4397101056,354664448,4022874112,3937509376,731643904,21,13906833408
1791660683.654,114.926,indexer,148456868,120927690,27529177,4965163008,4965175296,1443282944,3435270144,1168826368,2301140992,27,13901029376
1791660683.654,114.926,zebrad,141326020,127142383,14183636,4396843008,4397101056,354664448,4022874112,3937509376,731643904,21,13901029376
1791660684.654,115.926,indexer,150252305,122388759,27863546,4985524224,4985532416,1453772800,3445297152,1178853376,2301140992,27,13893345280
1791660684.654,115.926,zebrad,141332687,127149050,14183636,4396843008,4397101056,354664448,4022874112,3937509376,731643904,21,13893345280
1791660685.654,116.926,indexer,152092090,123889190,28202899,5008269312,5008269312,1466363904,3455463424,1189019648,2301140992,27,13882630144
1791660685.654,116.926,zebrad,141339393,127155720,14183673,4396843008,4397101056,354664448,4022874112,3937509376,731643904,21,13882630144
1791660686.654,117.926,indexer,154035191,125427480,28607710,5032386560,5032386560,1478983680,3467005952,1200562176,2301140992,27,13864062976
1791660686.654,117.926,zebrad,141345482,127161809,14183673,4396843008,4397101056,354664448,4022874112,3937509376,731643904,21,13864062976
1791660687.654,118.926,indexer,155649053,126763125,28885928,5049425920,5049442304,1487372288,3475300352,1208856576,2301140992,27,13859774464
1791660687.654,118.926,zebrad,141352118,127168445,14183673,4396843008,4397101056,354664448,4022874112,3937509376,731643904,21,13859774464
1791660688.654,119.926,indexer,157191045,128065116,29125929,5062656000,5062692864,1494708224,3481411584,1214967808,2301140992,27,13854494720
1791660688.654,119.926,zebrad,141358913,127173087,14185825,4397105152,4397105152,354664448,4022874112,3937509376,731643904,21,13854494720
1791660689.654,120.926,indexer,158928242,129470543,29457699,5082882048,5082882048,1505193984,3490877440,1224433664,2301140992,27,13841952768
1791660689.654,120.926,zebrad,141366439,127179861,14186577,4397105152,4397105152,354664448,4022874112,3937509376,731643904,21,13841952768
1791660690.655,121.926,indexer,160596173,130832754,29763419,5101199360,5101215744,1515683840,3498876928,1232433152,2301140992,27,13833228288
1791660690.655,121.926,zebrad,141373208,127186553,14186654,4397105152,4397105152,354664448,4022874112,3937509376,731643904,21,13833228288
1791660691.655,122.926,indexer,162424358,132324276,30100081,5122019328,5122027520,1526169600,3508920320,1242476544,2301140992,27,13820674048
1791660691.655,122.926,zebrad,141380465,127193584,14186880,4397105152,4397105152,354664448,4022874112,3937509376,731643904,21,13820674048
1791660692.655,123.927,indexer,164045670,133807091,30238578,5130383360,5130407936,1530363904,3513192448,1246748672,2301140992,27,13812793344
1791660692.655,123.927,zebrad,141386729,127199722,14187007,4397105152,4397105152,354664448,4022874112,3937509376,731643904,21,13812793344
1791660693.655,124.927,indexer,165417080,135143345,30273734,5133127680,5133180928,1532461056,3514064896,1247621120,2301140992,27,13814943744
1791660693.655,124.927,zebrad,141393513,127205628,14187885,4397101056,4397105152,354664448,4022874112,3937509376,731643904,21,13814943744
1791660694.655,125.927,indexer,167309313,136691235,30618077,5153841152,5153841152,1542959104,3524157440,1257717760,2301140992,27,13806575616
1791660694.655,125.927,zebrad,141400577,127211685,14188891,4397101056,4397105152,354664448,4022874112,3937509376,731643904,21,13806575616
1791660695.655,126.927,indexer,169518949,138589286,30929663,4998602752,5164589056,1379762176,3532578816,1266135040,2301140992,28,13966254080
1791660695.655,126.927,zebrad,141407177,127218285,14188891,4396621824,4397105152,354664448,4022874112,3937509376,731643904,21,13966254080
1791660696.655,127.927,indexer,172217597,140918667,31298929,5040967680,5164589056,1411842048,3542523904,1276080128,2301140992,28,13931802624
1791660696.655,127.927,zebrad,141414253,127224494,14189758,4397133824,4397146112,354664448,4022874112,3937509376,731643904,21,13931802624
1791660697.655,128.927,indexer,174046458,142312676,31733781,5677223936,5695016960,1405472768,4166934528,1281261568,2395672576,28,13916332032
1791660697.655,128.927,zebrad,141420894,127231135,14189758,4397133824,4397146112,354664448,4022874112,3937509376,731643904,21,13916332032
1791660698.655,129.927,indexer,174162432,142405196,31757235,5679845376,5695016960,1407569920,4167360512,1281675264,2596999168,28,13904322560
1791660698.655,129.927,zebrad,141427098,127237340,14189758,4397133824,4397146112,354664448,4022874112,3937509376,731643904,21,13904322560
1791660699.655,130.927,indexer,174306947,142527607,31779339,5680107520,5695016960,1407569920,4167856128,1282146304,2815102976,28,13904711680
1791660699.655,130.927,zebrad,141433323,127242759,14190564,4397129728,4397146112,354664448,4022874112,3937509376,731643904,21,13904711680
1791660700.655,131.927,indexer,174450051,142637670,31812381,5681156096,5695016960,1407574016,4168417280,1282695168,2995494912,28,13905027072
1791660700.655,131.927,zebrad,141439090,127248525,14190564,4397129728,4397146112,354664448,4022874112,3937509376,731643904,21,13905027072
1791660701.655,132.927,indexer,176353087,144224067,32129020,5693878272,5695016960,1412526080,4175507456,1289789440,2995494912,27,13902520320
1791660701.655,132.927,zebrad,141442445,127251881,14190564,4397129728,4397146112,354664448,4022874112,3937509376,731643904,21,13902520320
1791660702.798,134.070,indexer,179171133,146784779,32386354,5710675968,5710692352,1422114816,4182667264,1296945152,2995494912,27,13904646144
1791660702.798,134.070,zebrad,141446236,127255672,14190564,4396883968,4397146112,354664448,4022874112,3937509376,731643904,21,13904646144
1791660703.798,135.070,indexer,180811493,148143893,32667600,5726670848,5726695424,1430503424,4190081024,1304358912,2995494912,27,13901520896
1791660703.798,135.070,zebrad,141452545,127261160,14191385,4397142016,4397146112,354664448,4022874112,3937509376,731643904,21,13901520896
1791660704.798,136.070,indexer,182632351,149623889,33008461,5747408896,5747417088,1441038336,4200243200,1314525184,2995494912,27,13890961408
1791660704.798,136.070,zebrad,141459810,127268425,14191385,4397142016,4397146112,354664448,4022874112,3937509376,731643904,21,13890961408
1791660705.798,137.070,indexer,184551454,151181255,33370198,5770801152,5770801152,1453625344,4211175424,1325453312,2995494912,27,13874921472
1791660705.798,137.070,zebrad,141467013,127275582,14191431,4397146112,4397146112,354664448,4022874112,3937509376,731643904,21,13874921472
1791660706.799,138.070,indexer,186385069,152636972,33748097,5794721792,5794750464,1466208256,4222455808,1336733696,2995494912,27,13868736512
1791660706.799,138.070,zebrad,141473849,127282234,14191614,4397142016,4397146112,354664448,4022874112,3937509376,731643904,21,13868736512
1791660707.799,139.070,indexer,188000818,153924724,34076094,5815177216,5815205888,1476694016,4232343552,1346621440,2995494912,27,13862731776
1791660707.799,139.070,zebrad,141480664,127288767,14191897,4397142016,4397146112,354664448,4022874112,3937509376,731643904,21,13862731776
1791660708.799,140.070,indexer,189723516,155298362,34425153,5838651392,5838659584,1489276928,4243017728,1357295616,2995499008,27,13850013696
1791660708.799,140.070,zebrad,141487669,127294771,14192897,4397142016,4397146112,354664448,4022874112,3937509376,731643904,21,13850013696
1791660709.799,141.071,indexer,191493259,156713514,34779745,5862985728,5862985728,1500807168,4255850496,1370128384,2995499008,27,13835898880
1791660709.799,141.071,zebrad,141496797,127303087,14193709,4397662208,4397666304,355074048,4022874112,3937509376,731643904,21,13835898880
1791660710.799,142.071,indexer,193045787,157976366,35069420,5882142720,5882142720,1509195776,4266352640,1380630528,2995499008,27,13831835648
1791660710.799,142.071,zebrad,141503716,127310006,14193709,4397404160,4397666304,355074048,4022874112,3937509376,731643904,21,13831835648
1791660711.799,143.071,indexer,194565976,159244743,35321233,5900230656,5900255232,1517584384,4276256768,1390534656,2995499008,27,13823340544
1791660711.799,143.071,zebrad,141510794,127314284,14196509,4397404160,4397666304,355074048,4022874112,3937509376,731643904,21,13823340544
1791660712.799,144.071,indexer,196316895,160666397,35650497,5920788480,5920800768,1525972992,4288262144,1402540032,2995499008,27,13815078912
1791660712.799,144.071,zebrad,141517152,127320506,14196645,4397404160,4397666304,355074048,4022874112,3937509376,731643904,21,13815078912
1791660713.799,145.071,indexer,198136396,162139707,35996688,5943758848,5943758848,1538555904,4298883072,1413160960,2995499008,27,13796970496
1791660713.799,145.071,zebrad,141524113,127325470,14198642,4397404160,4397666304,355074048,4022874112,3937509376,731643904,21,13796970496
1791660714.799,146.071,indexer,199977390,163625839,36351551,5966475264,5966475264,1549045760,4310949888,1425235968,2995499008,27,13787701248
1791660714.799,146.071,zebrad,141531191,127331841,14199349,4397400064,4397666304,355074048,4022874112,3937509376,731643904,21,13787701248
1791660715.799,147.071,indexer,202241861,165637051,36604809,5808406528,5971689472,1381269504,4320727040,1435004928,2995499008,28,13950742528
1791660715.799,147.071,zebrad,141538194,127337844,14200350,4397400064,4397666304,355074048,4022874112,3937509376,731643904,21,13950742528
1791660716.800,148.071,indexer,204895856,167954734,36941122,5913174016,5971689472,1405882368,4398968832,1446039552,2995499008,28,13928153088
1791660716.800,148.071,zebrad,141545057,127344621,14200436,4397170688,4397666304,355074048,4022874112,3937509376,731643904,21,13928153088
1791660717.800,149.071,indexer,206556371,169180687,37375683,6467461120,6467461120,1418129408,4924915712,1452683264,3102212096,28,13897113600
1791660717.800,149.071,zebrad,141551508,127349126,14202382,4397166592,4397666304,355074048,4022874112,3937509376,731643904,21,13897113600
1791660718.962,150.234,indexer,207848281,170431371,37416909,6468640768,6468665344,1418129408,4925505536,1453248512,3378589696,28,13894914048
1791660718.962,150.234,zebrad,141555316,127351853,14203463,4397166592,4397666304,355074048,4022874112,3937509376,731643904,21,13894914048
1791660719.962,151.234,indexer,207967365,170521834,37445531,6468874240,6469095424,1418129408,4926050304,1453768704,3579916288,28,13895569408
1791660719.962,151.234,zebrad,141561958,127358129,14203828,4396900352,4397666304,355074048,4022874112,3937509376,731643904,21,13895569408
1791660720.962,152.234,indexer,208298628,170780738,37517889,6472876032,6472876032,1420226560,4927873024,1455579136,3709284352,27,13896835072
1791660720.962,152.234,zebrad,141568527,127364698,14203828,4397162496,4397666304,355074048,4022874112,3937509376,731643904,21,13896835072
1791660721.962,153.234,indexer,209867675,172065468,37802206,6490836992,6490845184,1428238336,4937469952,1465176064,3709284352,27,13893505024
1791660721.962,153.234,zebrad,141575663,127371165,14204497,4397416448,4397666304,355074048,4022874112,3937509376,731643904,21,13893505024
1791660722.962,154.234,indexer,211495751,173393146,38102605,6511366144,6511370240,1438765056,4947607552,1475313664,3709284352,27,13881151488
1791660722.962,154.234,zebrad,141583051,127377514,14205536,4397404160,4397666304,355074048,4022874112,3937509376,731643904,21,13881151488
1791660723.962,155.234,indexer,213194354,174796309,38398045,6531473408,6531506176,1449250816,4957609984,1485320192,3709284352,27,13874290688
1791660723.962,155.234,zebrad,141590115,127383572,14206543,4397404160,4397666304,355074048,4022874112,3937509376,731643904,21,13874290688
1791660724.963,156.234,indexer,214971219,176230930,38740289,6553292800,6553292800,1459740672,4968194048,1495900160,3709284352,27,13863936000
1791660724.963,156.234,zebrad,141596736,127389130,14207606,4397400064,4397666304,355074048,4022874112,3937509376,731643904,21,13863936000
1791660725.963,157.234,indexer,216815887,177707291,39108595,6577840128,6577844224,1472323584,4980301824,1508007936,3709284352,27,13852635136
1791660725.963,157.234,zebrad,141603537,127394850,14208686,4397248512,4397666304,355074048,4022874112,3937509376,731643904,21,13852635136
1791660726.963,158.234,indexer,218368449,178929903,39438546,6597988352,6598004736,1482809344,4990255104,1517961216,3709284352,27,13841309696
1791660726.963,158.234,zebrad,141610008,127401274,14208733,4397248512,4397666304,355074048,4022874112,3937509376,731643904,21,13841309696
1791660727.963,159.235,indexer,220006959,180267477,39739482,6619373568,6619373568,1493295104,5000830976,1528537088,3709284352,27,13827772416
1791660727.963,159.235,zebrad,141616846,127408029,14208817,4397510656,4397666304,355074048,4022874112,3937509376,731643904,21,13827772416
1791660728.963,160.235,indexer,221822208,181773836,40048371,6641344512,6641344512,1503780864,5012172800,1539878912,3709284352,27,13817987072
1791660728.963,160.235,zebrad,141622871,127411950,14210921,4397236224,4397666304,355074048,4022874112,3937509376,731643904,21,13817987072
1791660729.963,161.235,indexer,223527255,183110298,40416957,6663532544,6663548928,1515311104,5022752768,1550794752,3709284352,27,13810589696
1791660729.963,161.235,zebrad,141629700,127417796,14211904,4397494272,4397666304,355074048,4022874112,3937509376,731643904,21,13810589696
1791660730.963,162.235,indexer,225085485,184369789,40715695,6682558464,6682583040,1523699712,5033476096,1561182208,3709284352,27,13798178816
1791660730.963,162.235,zebrad,141636250,127422390,14213859,4397228032,4397666304,355074048,4022874112,3937509376,731643904,21,13798178816
1791660731.963,163.235,indexer,226775834,185714437,41061396,6703529984,6703538176,1534185472,5043961856,1571667968,3709284352,27,13789716480
1791660731.963,163.235,zebrad,141642756,127428896,14213859,4397228032,4397666304,355074048,4022874112,3937509376,731643904,21,13789716480
1791660732.963,164.235,indexer,228479703,187059993,41419710,6724435968,6724452352,1544671232,5054324736,1582030848,3709284352,27,13781438464
1791660732.963,164.235,zebrad,141649786,127434873,14214913,4397490176,4397666304,355074048,4022874112,3937509376,731643904,21,13781438464
1791660733.963,165.235,indexer,230349356,188543170,41806185,6748852224,6748852224,1557254144,5066153984,1593860096,3709284352,27,13768097792
1791660733.963,165.235,zebrad,141656423,127440445,14215977,4397490176,4397666304,355074048,4022874112,3937509376,731643904,21,13768097792
1791660734.964,166.235,indexer,232373979,190286759,42087219,6595411968,6763225088,1393815552,5076275200,1603981312,3709284352,28,13918580736
1791660734.964,166.235,zebrad,141663484,127447501,14215983,4397490176,4397666304,355074048,4022874112,3937509376,731643904,21,13918580736
1791660735.964,167.236,indexer,235078921,192640310,42438610,6619914240,6763225088,1407299584,5087383552,1615089664,3709284352,28,13906083840
1791660735.964,167.236,zebrad,141669682,127453579,14216103,4397490176,4397666304,355074048,4022874112,3937509376,731643904,21,13906083840
1791660736.964,168.236,indexer,237483962,194500945,42983016,7243964416,7243964416,1416282112,5684551680,1624539136,3721879552,28,13890908160
1791660736.964,168.236,zebrad,141676701,127459496,14217205,4397490176,4397666304,355074048,4022874112,3937509376,731643904,21,13890908160
1791660737.964,169.236,indexer,237743221,194710453,43032768,7246954496,7247032320,1418379264,5685600256,1625587712,3955302400,28,13889531904
1791660737.964,169.236,zebrad,141683146,127464996,14218150,4397481984,4397666304,355074048,4022874112,3937509376,731643904,21,13889531904
1791660738.964,170.236,indexer,237861421,194802067,43059353,7247917056,7247925248,1418428416,5686083584,1626046464,4165017600,28,13888405504
1791660738.964,170.236,zebrad,141689055,127470513,14218542,4397469696,4397666304,355074048,4022874112,3937509376,731643904,21,13888405504
1791660739.964,171.236,indexer,238976275,195892796,43083479,7249252352,7249256448,1418428416,5686579200,1626529792,4357955584,28,13887885312
1791660739.964,171.236,zebrad,141698687,127478981,14219706,4397727744,4397731840,355074048,4022874112,3937509376,731643904,21,13887885312
1791660740.964,172.236,indexer,239833853,196637297,43196556,7255703552,7255711744,1421451264,5690384384,1630322688,4462673920,27,13884690432
1791660740.964,172.236,zebrad,141705196,127484539,14220657,4397453312,4397731840,355115008,4022874112,3937509376,731643904,21,13884690432
1791660741.964,173.236,indexer,241372991,197872176,43500815,7273426944,7273529344,1430634496,5699215360,1639153664,4462673920,27,13878558720
1791660741.964,173.236,zebrad,141711953,127490521,14221432,4397715456,4397731840,355115008,4022874112,3937509376,731643904,21,13878558720
1791660742.964,174.236,indexer,243101634,199258455,43843178,7293939712,7293947904,1441120256,5709111296,1649049600,4462673920,27,13869920256
1791660742.964,174.236,zebrad,141719430,127497950,14221479,4397715456,4397731840,355115008,4022874112,3937509376,731643904,21,13869920256
1791660743.964,175.236,indexer,244853379,200660901,44192477,7314853888,7314853888,1451610112,5718921216,1658859520,4462673920,27,13858607104
1791660743.964,175.236,zebrad,141726708,127505229,14221479,4397715456,4397731840,355115008,4022874112,3937509376,731643904,21,13858607104
1791660744.965,176.236,indexer,246782677,202195865,44586812,7338917888,7338917888,1464201216,5730639872,1670578176,4462678016,27,13842014208
1791660744.965,176.236,zebrad,141733393,127510817,14222576,4397715456,4397731840,355115008,4022874112,3937509376,731643904,21,13842014208
1791660745.965,177.236,indexer,248613320,203665918,44947401,7362510848,7362539520,1476784128,5741883392,1681821696,4462678016,27,13833031680
1791660745.965,177.236,zebrad,141740465,127517882,14222582,4397715456,4397731840,355115008,4022874112,3937509376,731643904,21,13833031680
1791660746.965,178.236,indexer,250389312,205096519,45292793,7383912448,7383937024,1487269888,5752389632,1692327936,4462678016,27,13820575744
1791660746.965,178.236,zebrad,141747358,127524775,14222582,4397490176,4397748224,355115008,4022874112,3937509376,731643904,21,13820575744
1791660747.965,179.237,indexer,252339155,206674056,45665098,7410122752,7410122752,1501949952,5764083712,1704022016,4462678016,27,13803995136
1791660747.965,179.237,zebrad,141754712,127532106,14222606,4397486080,4397748224,355115008,4022874112,3937509376,731643904,21,13803995136
1791660748.965,180.237,indexer,254155404,208137555,46017849,7432179712,7432187904,1513480192,5774585856,1714524160,4462678016,27,13796659200
1791660748.965,180.237,zebrad,141761240,127538480,14222759,4397744128,4397748224,355115008,4022874112,3937509376,731643904,21,13796659200
1791660749.965,181.237,indexer,255778538,209430307,46348231,7452524544,7452528640,1523965952,5784248320,1724186624,4462678016,27,13788708864
1791660749.965,181.237,zebrad,141768037,127544298,14223739,4397740032,4397748224,355115008,4022874112,3937509376,731643904,21,13788708864
1791660750.965,182.237,indexer,257475616,210809044,46666571,7472340992,7472386048,1534451712,5793607680,1733545984,4462678016,27,13776625664
1791660750.965,182.237,zebrad,141774125,127550277,14223847,4397268992,4397748224,355115008,4022874112,3937509376,731643904,21,13776625664
1791660751.965,183.237,indexer,259275512,212211823,47063688,7495495680,7495495680,1547034624,5804040192,1743978496,4462678016,27,13768466432
1791660751.965,183.237,zebrad,141780693,127555888,14224804,4397531136,4397748224,355115008,4022874112,3937509376,731643904,21,13768466432
1791660752.965,184.237,indexer,261049694,213626010,47423683,7516229632,7516274688,1557520384,5814337536,1754275840,4462678016,27,13751681024
1791660752.965,184.237,zebrad,141788022,127563185,14224837,4397264896,4397748224,355115008,4022874112,3937509376,731643904,21,13751681024
1791660753.965,185.237,indexer,263068836,215306205,47762631,7361581056,7528558592,1393938432,5823602688,1763545088,4462678016,28,13912166400
1791660753.965,185.237,zebrad,141794897,127569373,14225523,4397264896,4397748224,355115008,4022874112,3937509376,731643904,21,13912166400
1791660754.965,186.237,indexer,265728854,217638881,48089973,7387619328,7528558592,1410056192,5833330688,1773268992,4462678016,28,13900943360
1791660754.965,186.237,zebrad,141801429,127575852,14225576,4397264896,4397748224,355115008,4022874112,3937509376,731643904,21,13900943360
1791660755.966,187.237,indexer,268184646,219516410,48668235,8009273344,8009277440,1418514432,6428864512,1781829632,4480237568,28,13874958336
1791660755.966,187.237,zebrad,141808614,127583038,14225576,4397264896,4397748224,355115008,4022874112,3937509376,731643904,21,13874958336
1791660756.966,188.237,indexer,269102470,220351605,48750864,8013258752,8013258752,1420611584,6429925376,1782890496,4693839872,28,13869408256
1791660756.966,188.237,zebrad,141808614,127583038,14225576,4397264896,4397748224,355115008,4022874112,3937509376,731643904,21,13869408256
1791660757.966,189.237,indexer,269776239,220992868,48783370,8013783040,8013783040,1420611584,6430494720,1783435264,4903555072,28,13869899776
1791660757.966,189.237,zebrad,141811764,127586155,14225609,4397264896,4397748224,355115008,4022874112,3937509376,731643904,21,13869899776
1791660758.966,190.238,indexer,269903399,221094280,48809119,8014045184,8014045184,1420648448,6430973952,1783902208,5104881664,28,13871431680
1791660758.966,190.238,zebrad,141817972,127591642,14226329,4397260800,4397748224,355115008,4022874112,3937509376,731643904,21,13871431680
1791660759.966,191.238,indexer,270501352,221577340,48924011,8021381120,8021381120,1424429056,6434246656,1787162624,5251313664,27,13872766976
1791660759.966,191.238,zebrad,141823898,127597375,14226522,4397260800,4397748224,355115008,4022874112,3937509376,731643904,21,13872766976
1791660760.966,192.238,indexer,272358903,223086534,49272368,8044736512,8044736512,1437011968,6444638208,1797554176,5251313664,27,13865521152
1791660760.966,192.238,zebrad,141830687,127601385,14229302,4397244416,4397748224,355115008,4022874112,3937509376,731643904,21,13865521152
1791660761.966,193.238,indexer,274049366,224440503,49608862,8064958464,8064966656,1447497728,6454579200,1807495168,5251313664,27,13854674944
1791660761.966,193.238,zebrad,141836984,127606752,14230231,4397506560,4397748224,355115008,4022874112,3937509376,731643904,21,13854674944
1791660762.966,194.238,indexer,275920464,225930947,49989516,8088248320,8088272896,1460084736,6465593344,1818509312,5251313664,27,13841874944
1791660762.966,194.238,zebrad,141843560,127613328,14230231,4397240320,4397748224,355115008,4022874112,3937509376,731643904,21,13841874944
1791660763.966,195.238,indexer,277855994,227467243,50388751,8115027968,8115027968,1474764800,6477348864,1830264832,5251313664,27,13829173248
1791660763.966,195.238,zebrad,141850062,127618822,14231239,4397502464,4397748224,355115008,4022874112,3937509376,731643904,21,13829173248
1791660764.966,196.238,indexer,279819291,229049187,50770103,8139591680,8139603968,1487347712,6488870912,1842114560,5251313664,27,13813989376
1791660764.966,196.238,zebrad,141856535,127624248,14232287,4397502464,4397748224,355115008,4022874112,3937509376,731643904,21,13813989376
1791660765.966,197.238,indexer,281460014,230336329,51123684,8159895552,8159911936,1497837568,6499127296,1852043264,5251313664,27,13808246784
1791660765.966,197.238,zebrad,141862815,127630500,14232314,4397502464,4397748224,355115008,4022874112,3937509376,731643904,21,13808246784
1791660766.966,198.238,indexer,283207768,231730307,51477461,8184348672,8184352768,1511464960,6509756416,1862676480,5251313664,27,13794660352
1791660766.966,198.238,zebrad,141869512,127636227,14233284,4397502464,4397748224,355115008,4022874112,3937509376,731643904,21,13794660352
1791660767.967,199.238,indexer,285043869,233196755,51847114,8205299712,8205312000,1521950720,6520299520,1873215488,5251313664,27,13777428480
1791660767.967,199.238,zebrad,141876317,127643032,14233284,4397502464,4397748224,355115008,4022874112,3937509376,731643904,21,13777428480
1791660768.967,200.238,indexer,287010236,234763118,52247118,8232116224,8232116224,1536630784,6532341760,1885257728,5251313664,27,13763153920
1791660768.967,200.238,zebrad,141882795,127648482,14234312,4397518848,4397764608,355115008,4022874112,3937509376,731643904,21,13763153920
1791660769.967,201.238,indexer,288769463,236207704,52561758,8252821504,8252833792,1547116544,6542430208,1895350272,5251313664,27,13755568128
1791660769.967,201.238,zebrad,141891710,127657205,14234504,4397514752,4397764608,355115008,4022874112,3937509376,731643904,21,13755568128
1791660770.967,202.239,indexer,290390015,237519327,52870687,8272625664,8272637952,1557602304,6552166400,1905082368,5251313664,27,13748686848
1791660770.967,202.239,zebrad,141898227,127663722,14234504,4397514752,4397764608,355115008,4022874112,3937509376,731643904,21,13748686848
1791660771.967,203.239,indexer,292348225,239182377,53165848,8118022144,8285007872,1394020352,6561050624,1913966592,5251313664,28,13903699968
1791660771.967,203.239,zebrad,141904900,127667576,14237323,4397514752,4397764608,355115008,4022874112,3937509376,731643904,21,13903699968
1791660772.967,204.239,indexer,294839217,241393259,53445957,8140079104,8285007872,1407512576,6569619456,1922535424,5251313664,28,13886685184
1791660772.967,204.239,zebrad,141912032,127674696,14237336,4397776896,4397776896,355115008,4022874112,3937509376,731643904,21,13886685184
1791660773.967,205.239,indexer,297488076,243412773,54075303,8784760832,8784777216,1418907648,7184576512,1931739136,5251313664,28,13860573184
1791660773.967,205.239,zebrad,141918835,127680618,14238216,4397772800,4397776896,355115008,4022874112,3937509376,731643904,21,13860573184
1791660774.967,206.239,indexer,298350466,244097872,54252593,8792498176,8792510464,1422512128,7188520960,1935683584,5365882880,28,13859631104
1791660774.967,206.239,zebrad,141924914,127685488,14239425,4397772800,4397776896,355115008,4022874112,3937509376,731643904,21,13859631104
1791660775.967,207.239,indexer,298461394,244179097,54282297,8795275264,8795283456,1424822272,7188914176,1936064512,5615951872,28,13859131392
1791660775.967,207.239,zebrad,141931510,127691024,14240485,4397531136,4397776896,355115008,4022874112,3937509376,731643904,21,13859131392
1791660776.967,208.239,indexer,298577332,244269471,54307860,8795459584,8795512832,1424822272,7189377024,1936502784,5842444288,28,13858959360
1791660776.967,208.239,zebrad,141937354,127695883,14241470,4397785088,4397789184,355115008,4022874112,3937509376,731643904,21,13858959360
1791660777.967,209.239,indexer,299152300,244816761,54335539,8796966912,8796975104,1424822272,7189794816,1936908288,6018605056,28,13859332096
1791660777.967,209.239,zebrad,141943301,127701036,14242264,4397780992,4397789184,355115008,4022874112,3937509376,731643904,21,13859332096
1791660778.967,210.239,indexer,301138202,246575744,54562458,8809275392,8809275392,1431113728,7196209152,1943310336,6091313152,27,13854351360
1791660778.967,210.239,zebrad,141946853,127703533,14243320,4397780992,4397789184,355115008,4022874112,3937509376,731643904,21,13854351360
1791660779.968,211.239,indexer,303131717,248318091,54813625,8827625472,8827625472,1441599488,7203950592,1951051776,6091313152,27,13848678400
1791660779.968,211.239,zebrad,141954016,127709378,14244638,4397506560,4397789184,355115008,4022874112,3937509376,731643904,21,13848678400
1791660780.968,212.239,indexer,305147465,250128317,55019147,8840994816,8840994816,1447899136,7210479616,1957580800,6091317248,27,13845807104
1791660780.968,212.239,zebrad,141960733,127714424,14246309,4397498368,4397789184,355115008,4022874112,3937509376,731643904,21,13845807104
1791660781.968,213.239,indexer,307065444,251739405,55326039,8863272960,8863272960,1460486144,7220518912,1967620096,6091317248,27,13832896512
1791660781.968,213.239,zebrad,141967838,127720618,14247220,4397756416,4397789184,355115008,4022874112,3937509376,731643904,21,13832896512
1791660782.968,214.240,indexer,308954784,253227523,55727260,8886865920,8886865920,1473073152,7231578112,1978679296,6091317248,27,13822021632
1791660782.968,214.240,zebrad,141974308,127727088,14247220,4397756416,4397789184,355115008,4022874112,3937509376,731643904,21,13822021632
1791660783.968,215.240,indexer,310889400,254794935,56094465,8911507456,8911507456,1485656064,7243370496,1990471680,6091317248,27,13808939008
1791660783.968,215.240,zebrad,141981453,127733372,14248080,4397756416,4397789184,355115008,4022874112,3937509376,731643904,21,13808939008
1791660784.968,216.240,indexer,312797421,256332614,56464806,8936148992,8936148992,1498529792,7255187456,2002288640,6091317248,27,13794242560
1791660784.968,216.240,zebrad,141988634,127740435,14248198,4397752320,4399849472,355115008,4022874112,3937509376,731643904,21,13794242560
1791660785.968,217.240,indexer,314598176,257776881,56821294,8960438272,8960446464,1512157184,7266004992,2013106176,6091317248,27,13781360640
1791660785.968,217.240,zebrad,141995144,127746946,14248198,4397752320,4399849472,355115008,4022874112,3937509376,731643904,21,13781360640
1791660786.968,218.240,indexer,316360763,259179494,57181268,8981778432,8981778432,1522642944,7276507136,2023608320,6091317248,27,13775929344
1791660786.968,218.240,zebrad,142002213,127754014,14248198,4397510656,4399849472,355115008,4022874112,3937509376,731643904,21,13775929344
1791660787.968,219.240,indexer,318123170,260588771,57534398,9004535808,9004548096,1535225856,7286841344,2033942528,6091317248,27,13764878336
1791660787.968,219.240,zebrad,142009463,127760383,14249080,4397510656,4399849472,355115008,4022874112,3937509376,731643904,21,13764878336
1791660788.968,220.240,indexer,319856060,262013481,57842579,9024389120,9024413696,1545711616,7296094208,2043195392,6091317248,27,13751480320
1791660788.968,220.240,zebrad,142015964,127765833,14250130,4397768704,4399849472,355115008,4022874112,3937509376,731643904,21,13751480320
1791660789.968,221.240,indexer,321577161,263422738,58154422,9041588224,9041608704,1554100224,7304777728,2051878912,6091317248,27,13747515392
1791660789.968,221.240,zebrad,142023016,127772885,14250130,4397498368,4399849472,355115008,4022874112,3937509376,731643904,21,13747515392
1791660790.968,222.240,indexer,323312520,264854910,58457609,9060859904,9060900864,1564585984,7313965056,2061066240,6091317248,27,13734912000
1791660790.968,222.240,zebrad,142029665,127776764,14252901,4397498368,4399849472,355115008,4022874112,3937509376,731643904,21,13734912000
1791660791.969,223.240,indexer,325635989,266939777,58696211,8907120640,9061642240,1404002304,7320563712,2067668992,6091317248,28,13884456960
1791660791.969,223.240,zebrad,142036683,127782980,14253702,4397506560,4399849472,355115008,4022874112,3937509376,731643904,21,13884456960
1791660792.969,224.240,indexer,328237799,269160641,59077158,9199894528,9199894528,1412919296,7596343296,2076258304,6091317248,28,13875777536
1791660792.969,224.240,zebrad,142043708,127790006,14253702,4397502464,4399849472,355115008,4022874112,3937509376,731643904,21,13875777536
1791660793.969,225.241,indexer,329087308,269727456,59359851,9501884416,9501884416,1415036928,7886987264,2078367744,6261235712,28,13868752896
1791660793.969,225.241,zebrad,142049727,127794421,14255305,4397490176,4399849472,355115008,4022874112,3937509376,731643904,21,13868752896
1791660795.006,226.278,indexer,330518743,271032987,59485756,9505812480,9505816576,1417134080,7888498688,2079879168,6434955264,28,13853093888
1791660795.006,226.278,zebrad,142053382,127797110,14256271,4397776896,4399849472,355143680,4022874112,3937509376,731643904,21,13853093888
1791660796.006,227.278,indexer,330667297,271139566,59527731,9506267136,9506267136,1417134080,7889022976,2080395264,6683795456,28,13856059392
1791660796.006,227.278,zebrad,142059438,127802261,14257176,4397776896,4399849472,355143680,4022874112,3937509376,731643904,21,13856059392
1791660797.006,228.278,indexer,330993120,271405461,59587659,9509937152,9509937152,1419563008,7890452480,2081800192,6859956224,28,13855608832
1791660797.006,228.278,zebrad,142065388,127808116,14257271,4397776896,4399849472,355143680,4022874112,3937509376,731643904,21,13855608832
1791660798.006,229.278,indexer,332269310,272428936,59840373,9524822016,9524830208,1427574784,7897243648,2088591360,6917959680,27,13851881472
1791660798.006,229.278,zebrad,142071869,127813549,14258320,4397776896,4399849472,355143680,4022874112,3937509376,731643904,21,13851881472
1791660799.006,230.278,indexer,333905171,273771416,60133755,9541939200,9541959680,1435963392,7905824768,2097172480,6917963776,27,13846044672
1791660799.006,230.278,zebrad,142078907,127820483,14258424,4397789184,4399849472,355143680,4022874112,3937509376,731643904,21,13846044672
1791660800.006,231.278,indexer,335607404,275150391,60457012,9561300992,9561563136,1446449152,7914905600,2106253312,6917963776,27,13843714048
1791660800.006,231.278,zebrad,142088307,127827842,14260465,4397789184,4399849472,355172352,4022874112,3937509376,731643904,21,13843714048
1791660801.006,232.278,indexer,337447849,276628638,60819211,9585012736,9585115136,1459036160,7925784576,2117132288,6917963776,27,13831737344
1791660801.006,232.278,zebrad,142095282,127834619,14260662,4397535232,4399849472,355172352,4022874112,3937509376,731643904,21,13831737344
1791660802.006,233.278,indexer,339389165,278192434,61196730,9609060352,9609060352,1471619072,7937179648,2128527360,6917963776,27,13817524224
1791660802.006,233.278,zebrad,142101279,127839516,14261763,4397797376,4399849472,355172352,4022874112,3937509376,731643904,21,13817524224
1791660803.007,234.278,indexer,341314900,279726302,61588598,9633157120,9633169408,1484201984,7948775424,2140123136,6917963776,27,13801766912
1791660803.007,234.278,zebrad,142108222,127846459,14261763,4397797376,4399849472,355172352,4022874112,3937509376,731643904,21,13801766912
1791660804.007,235.278,indexer,343146923,281207352,61939570,9655689216,9655742464,1496784896,7958634496,2149982208,6917963776,27,13789573120
1791660804.007,235.278,zebrad,142114876,127852354,14262521,4397797376,4399849472,355172352,4022874112,3937509376,731643904,21,13789573120
1791660805.007,236.279,indexer,345066568,282880210,62186358,9671659520,9671659520,1505173504,7966023680,2157371392,6917963776,27,13779935232
1791660805.007,236.279,zebrad,142121766,127859245,14262521,4397551616,4399849472,355172352,4022874112,3937509376,731643904,21,13779935232
1791660806.007,237.279,indexer,347071725,284654266,62417458,9686491136,9686589440,1512509440,7973064704,2165006336,6917963776,27,13755920384
1791660806.007,237.279,zebrad,142128144,127863595,14264549,4397846528,4399849472,355172352,4022874112,3937509376,731643904,21,13755920384
1791660807.007,238.279,indexer,348862132,286082609,62779522,9710264320,9710288896,1525092352,7984717824,2176065536,6917963776,27,13755674624
1791660807.007,238.279,zebrad,142134973,127870341,14264631,4397588480,4399849472,355172352,4022874112,3937509376,731643904,21,13755674624
1791660808.007,239.279,indexer,350508966,287372500,63136466,9733042176,9733058560,1537675264,7994761216,2186133504,6917963776,27,13743751168
1791660808.007,239.279,zebrad,142141565,127875874,14265691,4397584384,4399849472,355172352,4022874112,3937509376,731643904,21,13743751168
1791660809.007,240.279,indexer,352299763,288820096,63479667,9753853952,9753882624,1548161024,8005246976,2196594688,6917963776,27,13732872192
1791660809.007,240.279,zebrad,142148411,127881735,14266676,4397584384,4399849472,355172352,4022874112,3937509376,731643904,21,13732872192
1791660810.007,241.279,indexer,354065098,290303368,63761729,9773481984,9773498368,1558646784,8014221312,2205569024,6917963776,27,13724262400
1791660810.007,241.279,zebrad,142155288,127888524,14266763,4397584384,4399849472,355172352,4022874112,3937509376,731643904,21,13724262400
1791660811.007,242.279,indexer,355709368,291691617,64017751,9618116608,9786994688,1395142656,8022822912,2214170624,6917963776,28,13871931392
1791660811.007,242.279,zebrad,142161854,127894234,14267620,4397576192,4399849472,355172352,4022874112,3937509376,731643904,21,13871931392
1791660812.007,243.279,indexer,358325483,293999508,64325974,9641934848,9786994688,1408626688,8033177600,2224525312,6917963776,28,13872840704
1791660812.007,243.279,zebrad,142168772,127900160,14268612,4397572096,4399849472,355172352,4022874112,3937509376,731643904,21,13872840704
1791660813.007,244.279,indexer,360606020,295730427,64875592,10195632128,10195644416,1417555968,8561795072,2232741888,6956003328,28,13865132032
1791660813.007,244.279,zebrad,142175640,127906741,14268899,4397834240,4399849472,355172352,4022874112,3937509376,731643904,21,13865132032
1791660814.007,245.279,indexer,360760610,295837485,64923124,10196258816,10196336640,1417555968,8562454528,2233401344,7160573952,28,13865037824
1791660814.007,245.279,zebrad,142181523,127910433,14271089,4397834240,4399849472,355172352,4022874112,3937509376,731643904,21,13865037824
1791660815.007,246.279,indexer,360977576,295996368,64981208,10199248896,10199277568,1419653120,8563257344,2234204160,7323975680,28,13865156608
1791660815.007,246.279,zebrad,142187653,127916564,14271089,4397830144,4399849472,355172352,4022874112,3937509376,731643904,21,13865156608
1791660816.008,247.279,indexer,361135732,296106508,65029223,10199678976,10199707648,1419653120,8563757056,2234691584,7559696384,28,13858525184
1791660816.008,247.279,zebrad,142193616,127921718,14271898,4397821952,4399927296,355172352,4022874112,3937509376,731643904,21,13858525184
1791660817.008,248.279,indexer,361946633,296903187,65043445,10200883200,10200891392,1419653120,8564277248,2235199488,7752224768,27,13858144256
1791660817.008,248.279,zebrad,142193616,127921718,14271898,4397821952,4399927296,355172352,4022874112,3937509376,731643904,21,13858144256
1791660818.008,249.280,indexer,364172066,298779943,65392123,10220613632,10220625920,1429762048,8574115840,2245038080,7752224768,27,13851705344
1791660818.008,249.280,zebrad,142197318,127924349,14272969,4397821952,4399927296,355172352,4022874112,3937509376,731643904,21,13851705344
1791660819.008,250.280,indexer,365906038,300232370,65673668,10245398528,10245447680,1440247808,8588546048,2259472384,7752224768,27,13841215488
1791660819.008,250.280,zebrad,142204054,127929211,14274842,4397821952,4399927296,355172352,4022874112,3937509376,731643904,21,13841215488
1791660820.008,251.280,indexer,367794019,301739349,66054669,10268184576,10268184576,1450733568,8600711168,2271633408,7752228864,27,13831954432
1791660820.008,251.280,zebrad,142211022,127935082,14275940,4397821952,4399927296,355172352,4022874112,3937509376,731643904,21,13831954432
1791660821.008,252.280,indexer,369648135,303227682,66420452,10292264960,10292293632,1463320576,8612188160,2283110400,7752228864,27,13820395520
1791660821.008,252.280,zebrad,142217569,127941574,14275994,4397821952,4399927296,355172352,4022874112,3937509376,731643904,21,13820395520
1791660822.008,253.280,indexer,371405651,304611348,66794303,10313687040,10313691136,1473806336,8622571520,2293493760,7752228864,27,13807288320
1791660822.008,253.280,zebrad,142223985,127946948,14277037,4397817856,4399927296,355172352,4022874112,3937509376,731643904,21,13807288320
1791660823.008,254.280,indexer,373270548,306103020,67167527,10338693120,10338693120,1485201408,8636170240,2307092480,7752228864,27,13791531008
1791660823.008,254.280,zebrad,142230870,127953833,14277037,4397817856,4399927296,355172352,4022874112,3937509376,731643904,21,13791531008
1791660824.008,255.280,indexer,375158927,307599185,67559742,10362982400,10362982400,1497935872,8648089600,2319011840,7752228864,27,13777129472
1791660824.008,255.280,zebrad,142237362,127960325,14277037,4397817856,4399927296,355172352,4022874112,3937509376,731643904,21,13777129472
1791660825.008,256.280,indexer,376751807,308846456,67905351,10384064512,10384068608,1508642816,8658231296,2329153536,7752228864,27,13747273728
1791660825.008,256.280,zebrad,142244101,127967064,14277037,4397817856,4399927296,355172352,4022874112,3937509376,731643904,21,13747273728
1791660826.008,257.280,indexer,378326632,310146234,68180398,10400776192,10400780288,1517494272,8666320896,2338537472,7752228864,27,13810581504
1791660826.008,257.280,zebrad,142250399,127973362,14277037,4397568000,4399927296,355172352,4022874112,3937509376,731643904,21,13810581504
1791660827.008,258.280,indexer,380100166,311550909,68549256,10422480896,10422493184,1528459264,8676687872,2348904448,7752228864,27,13803970560
1791660827.008,258.280,zebrad,142257333,127980296,14277037,4397830144,4399927296,355172352,4022874112,3937509376,731643904,21,13803970560
1791660828.009,259.280,indexer,381921609,313005806,68915803,10446348288,10446348288,1540943872,8688140288,2360356864,7752228864,27,13740544000
1791660828.009,259.280,zebrad,142263726,127985918,14277807,4397830144,4399927296,355172352,4022874112,3937509376,731643904,21,13740544000
1791660829.009,260.280,indexer,383736822,314472512,69264309,10469888000,10469908480,1553190912,8699576320,2371792896,7752228864,27,13702148096
1791660829.009,260.280,zebrad,142270179,127992326,14277852,4397580288,4399927296,355172352,4022874112,3937509376,731643904,21,13702148096
1791660830.009,261.281,indexer,385313623,315696303,69617320,10490904576,10490904576,1563979776,8709607424,2381824000,7752228864,27,13663006720
1791660830.009,261.281,zebrad,142278848,128000995,14277852,4397576192,4399927296,355172352,4022874112,3937509376,731643904,21,13663006720
1791660831.009,262.281,indexer,387697758,317799152,69898605,10340339712,10492612608,1404252160,8718925824,2391142400,7752228864,28,13814390784
1791660831.009,262.281,zebrad,142285367,128006596,14278771,4397576192,4399927296,355184640,4022874112,3937509376,731643904,21,13814390784
1791660832.009,263.281,indexer,390133844,319920139,70213705,10564378624,10564407296,1414832128,8926392320,2399883264,7752228864,28,13721116672
1791660832.009,263.281,zebrad,142291808,128011992,14279815,4397576192,4399927296,355184640,4022874112,3937509376,731643904,21,13721116672
1791660833.009,264.281,indexer,391666998,321084782,70582216,10844381184,10909585408,1420406784,9187999744,2403282944,7904927744,28,13892390912
1791660833.009,264.281,zebrad,142300201,128020146,14280055,4397309952,4399927296,355184640,4022874112,3937509376,731643904,21,13892390912
1791660834.009,265.281,indexer,392739216,322099392,70639824,10846863360,10909585408,1421811712,9189281792,2404564992,8083779584,28,13892050944
1791660834.009,265.281,zebrad,142303460,128023404,14280055,4397301760,4399927296,355184640,4022874112,3937509376,731643904,21,13892050944
1791660835.009,266.281,indexer,392975473,322240895,70734578,10848587776,10909585408,1422606336,9190002688,2405285888,8197853184,28,13890293760
1791660835.009,266.281,zebrad,142309579,128028887,14280691,4397297664,4399927296,355184640,4022874112,3937509376,731643904,21,13890293760
1791660836.009,267.281,indexer,393124203,322345695,70778508,10847711232,10909585408,1423179776,9188696064,2405801984,8472289280,28,13910487040
1791660836.009,267.281,zebrad,142315550,128032960,14282589,4397535232,4399927296,355184640,4022874112,3937509376,731643904,21,13910487040
1791660837.009,268.281,indexer,393231391,322418482,70812908,10848436224,10909585408,1423613952,9189109760,2406203392,8665174016,28,13907726336
1791660837.009,268.281,zebrad,142321950,128038421,14283529,4397797376,4399927296,355184640,4022874112,3937509376,731643904,21,13907726336
1791660838.009,269.281,indexer,394863678,323694436,71169242,10868391936,10909585408,1434017792,9198563328,2415656960,8671723520,27,13898104832
1791660838.009,269.281,zebrad,142328600,128044106,14284494,4397797376,4399927296,355184640,4022874112,3937509376,731643904,21,13898104832
1791660839.009,270.281,indexer,396609096,325098881,71510214,10890436608,10909585408,1445552128,9209040896,2426134528,8671723520,27,13886193664
1791660839.009,270.281,zebrad,142335572,128051077,14284494,4397797376,4399927296,355184640,4022874112,3937509376,731643904,21,13886193664
1791660840.010,271.281,indexer,398216695,326387560,71829134,10910965760,10910969856,1456103424,9218777088,2435870720,8671727616,27,13875994624
1791660840.010,271.281,zebrad,142342616,128056119,14286496,4397797376,4399927296,355184640,4022874112,3937509376,731643904,21,13875994624
1791660841.010,272.281,indexer,399924014,327741762,72182251,10932719616,10932731904,1467277312,9229594624,2446688256,8671727616,27,13863591936
1791660841.010,272.281,zebrad,142348740,128062031,14286709,4397797376,4399927296,355184640,4022874112,3937509376,731643904,21,13863591936
1791660842.010,273.282,indexer,401745016,329174781,72570234,10955755520,10955755520,1479254016,9240514560,2457608192,8671727616,27,13852598272
1791660842.010,273.282,zebrad,142355570,128067878,14287692,4397797376,4399927296,355184640,4022874112,3937509376,731643904,21,13852598272
1791660843.010,274.282,indexer,403692099,330742546,72949552,10981380096,10981380096,1492426752,9252900864,2469994496,8671727616,27,13821485056
1791660843.010,274.282,zebrad,142361953,128072623,14289330,4397797376,4399927296,355184640,4022874112,3937509376,731643904,21,13821485056
1791660844.010,275.282,indexer,405428705,332089173,73339532,11003912192,11003932672,1504198656,9263828992,2480922624,8671727616,27,13708685312
1791660844.010,275.282,zebrad,142368298,128078733,14289565,4397797376,4399927296,355184640,4022874112,3937509376,731643904,21,13708685312
1791660845.010,276.282,indexer,407013698,333340891,73672806,10971156480,11004936192,1514893312,9220214784,2490785792,8671727616,27,13795405824
1791660845.010,276.282,zebrad,142374813,128084196,14290617,4397531136,4399927296,355184640,4022874112,3937509376,731643904,21,13795405824
1791660846.010,277.282,indexer,408874394,334809475,74064918,10995462144,11004936192,1527222272,9231896576,2502467584,8671727616,27,13786447872
1791660846.010,277.282,zebrad,142381782,128089368,14292413,4397793280,4399927296,355184640,4022874112,3937509376,731643904,21,13786447872
1791660847.010,278.282,indexer,410580144,336151701,74428443,11019071488,11019079680,1538768896,9243971584,2514542592,8671727616,27,13781491712
1791660847.010,278.282,zebrad,142387685,128094180,14293504,4397572096,4399927296,355184640,4022874112,3937509376,731643904,21,13781491712
1791660848.010,279.282,indexer,412123844,337378756,74745088,10915815424,11035250688,1549918208,9129619456,2524708864,8671727616,27,13782212608
1791660848.010,279.282,zebrad,142394270,128099606,14294664,4397834240,4399927296,355184640,4022874112,3937509376,731643904,21,13782212608
1791660849.010,280.282,indexer,413758398,338683392,75075005,10937233408,11035250688,1560403968,9140252672,2535768064,8671727616,27,13753794560
1791660849.010,280.282,zebrad,142400757,128106093,14294664,4397834240,4399927296,355192832,4022874112,3937509376,731643904,21,13753794560
1791660850.010,281.282,indexer,415601338,340218258,75383080,10786062336,11035250688,1399189504,9150889984,2545979392,8671727616,28,13916557312
1791660850.010,281.282,zebrad,142407326,128112557,14294769,4397834240,4399927296,355192832,4022874112,3937509376,731643904,21,13916557312
1791660851.011,282.282,indexer,418243008,342496906,75746101,10809835520,11035250688,1412673536,9161256960,2556346368,8671727616,28,13907709952
1791660851.011,282.282,zebrad,142414617,128118818,14295799,4397834240,4399927296,355192832,4022874112,3937509376,731643904,21,13907709952
1791660852.011,283.282,indexer,420878255,344610740,76267514,10907930624,11055677440,1423687680,9243058176,2566316032,8680124416,28,13903847424
1791660852.011,283.282,zebrad,142420840,128123918,14296922,4397830144,4399927296,355192832,4022874112,3937509376,731643904,21,13903847424
1791660853.011,284.282,indexer,421135450,344737458,76397992,11069292544,11069321216,1423818752,9399558144,2567032832,8888201216,28,13897244672
1791660853.011,284.282,zebrad,142427207,128130248,14296958,4397293568,4399927296,355192832,4022874112,3937509376,731643904,21,13897244672
1791660854.011,285.283,indexer,421497291,345065164,76432126,11070251008,11070255104,1423818752,9400152064,2567626752,9102172160,28,13895426048
1791660854.011,285.283,zebrad,142433150,128133497,14299653,4397555712,4399927296,355192832,4022874112,3937509376,731643904,21,13895426048
1791660855.011,286.283,indexer,422751692,346215758,76535933,11072131072,11072151552,1424592896,9401376768,2568851456,9211174912,28,13894529024
1791660855.011,286.283,zebrad,142440043,128140390,14299653,4397801472,4399927296,355192832,4022874112,3937509376,731643904,21,13894529024
1791660856.011,287.283,indexer,422966708,346360114,76606594,11073740800,11073744896,1425432576,9402179584,2569654272,9411510272,28,13894524928
1791660856.011,287.283,zebrad,142445896,128145269,14300627,4397830144,4399927296,355192832,4022874112,3937509376,731643904,21,13894524928
1791660857.011,288.283,indexer,423508693,346779670,76729023,11079585792,11079753728,1428385792,9405194240,2572648448,9559158784,27,13892726784
1791660857.011,288.283,zebrad,142452170,128151543,14300627,4397830144,4399927296,355192832,4022874112,3937509376,731643904,21,13892726784
1791660858.011,289.283,indexer,425115797,348061947,77053849,11099049984,11099086848,1437700096,9415340032,2582794240,9559158784,27,13886431232
1791660858.011,289.283,zebrad,142459311,128158683,14300627,4397826048,4399927296,355192832,4022874112,3937509376,731643904,21,13886431232
1791660859.011,290.283,indexer,426887823,349457814,77430008,11014164480,11111137280,1448607744,9321897984,2593271808,9559158784,27,13872480256
1791660859.011,290.283,zebrad,142466919,128165390,14301528,4397821952,4399927296,355192832,4022874112,3937509376,731643904,21,13872480256
1791660860.011,291.283,indexer,428690265,350918076,77772189,11037683712,11111137280,1461194752,9332772864,2604146688,9559158784,27,13860126720
1791660860.011,291.283,zebrad,142476509,128173122,14303387,4397821952,4399927296,355196928,4022874112,3937509376,731643904,21,13860126720
1791660861.011,292.283,indexer,430605296,352437641,78167654,11062505472,11111137280,1473777664,9345138688,2616508416,9559158784,27,13849071616
1791660861.011,292.283,zebrad,142483271,128178907,14304363,4397817856,4399927296,355196928,4022874112,3937509376,731643904,21,13849071616
1791660862.011,293.283,indexer,432318237,353788323,78529913,11084013568,11111137280,1484263424,9356177408,2627547136,9559158784,27,13836050432
1791660862.011,293.283,zebrad,142489690,128185326,14304363,4397813760,4399927296,355196928,4022874112,3937509376,731643904,21,13836050432
1791660863.011,294.283,indexer,433844443,355006148,78838295,11104002048,11111137280,1494749184,9365794816,2637164544,9559158784,27,13827969024
1791660863.011,294.283,zebrad,142496463,128192099,14304363,4397805568,4399927296,355196928,4022874112,3937509376,731643904,21,13827969024
1791660864.012,295.283,indexer,435684084,356475945,79208138,11021225984,11111948288,1507332096,9273143296,2648567808,9559158784,27,13808353280
1791660864.012,295.283,zebrad,142503126,128197677,14305449,4397805568,4399927296,355196928,4022874112,3937509376,731643904,21,13808353280
1791660865.012,296.283,indexer,437522196,357986624,79535571,11044192256,11111948288,1518862336,9284251648,2659672064,9559158784,27,13797990400
1791660865.012,296.283,zebrad,142510319,128204051,14306267,4397805568,4399927296,355196928,4022874112,3937509376,731643904,21,13797990400
1791660866.012,297.284,indexer,439158745,359310843,79847902,11064303616,11111948288,1529348096,9294188544,2669608960,9559158784,27,13791817728
1791660866.012,297.284,zebrad,142516335,128210066,14306268,4397838336,4399927296,355196928,4022874112,3937509376,731643904,21,13791817728
1791660867.012,298.284,indexer,440907085,360707550,80199534,11087450112,11111948288,1541931008,9304502272,2679922688,9559158784,27,13779599360
1791660867.012,298.284,zebrad,142523451,128215969,14307481,4397572096,4399927296,355196928,4022874112,3937509376,731643904,21,13779599360
1791660868.012,299.284,indexer,442712979,362146952,80566027,11005874176,11111948288,1554513920,9211240448,2690535424,9559158784,27,13764788224
1791660868.012,299.284,zebrad,142530024,128220484,14309540,4397568000,4399927296,355196928,4022874112,3937509376,731643904,21,13764788224
1791660869.012,300.284,indexer,444636036,363648642,80987394,11030396928,11111948288,1567178752,9222569984,2701864960,9559158784,27,13746184192
1791660869.012,300.284,zebrad,142536179,128226638,14309540,4397830144,4399927296,355196928,4022874112,3937509376,731643904,21,13746184192
1791660870.012,301.284,indexer,446940917,365656805,81284112,10881998848,11111948288,1408692224,9232969728,2712264704,9559158784,28,13889028096
1791660870.012,301.284,zebrad,142542948,128231717,14311231,4397826048,4399927296,355196928,4022874112,3937509376,731643904,21,13889028096
1791660871.012,302.284,indexer,449603578,367991384,81612194,10970599424,11111948288,1417916416,9310392320,2722578432,9559158784,28,13886328832
1791660871.012,302.284,zebrad,142549574,128238280,14311294,4397826048,4399927296,355196928,4022874112,3937509376,731643904,21,13886328832
1791660872.012,303.284,indexer,451316906,369231247,82085658,11007188992,11111948288,1426010112,9333248000,2728296448,9653108736,28,13883858944
1791660872.012,303.284,zebrad,142556559,128244165,14312393,4397826048,4399927296,355196928,4022874112,3937509376,731643904,21,13883858944
1791660873.012,304.284,indexer,451454937,369343899,82111037,11007496192,11111948288,1426014208,9333792768,2728837120,9853210624,28,13882875904
1791660873.012,304.284,zebrad,142562979,128249644,14313335,4397826048,4399927296,355196928,4022874112,3937509376,731643904,21,13882875904
1791660874.012,305.284,indexer,451650476,369483582,82166894,11007070208,11111948288,1426014208,9334562816,2729607168,10044420096,28,13872709632
1791660874.012,305.284,zebrad,142568881,128254957,14313923,4397821952,4399927296,355196928,4022874112,3937509376,731643904,21,13872709632
1791660875.013,306.284,indexer,451903141,369644564,82258576,11008290816,11111948288,1426792448,9335418880,2730463232,10158825472,28,13871329280
1791660875.013,306.284,zebrad,142574803,128260879,14313923,4397821952,4399927296,355196928,4022874112,3937509376,731643904,21,13871329280
1791660876.013,307.284,indexer,452082886,369761332,82321554,11009486848,11111948288,1427439616,9335992320,2731036672,10347610112,28,13871808512
1791660876.013,307.284,zebrad,142580615,128266692,14313923,4397817856,4399927296,355196928,4022874112,3937509376,731643904,21,13871808512
1791660877.013,308.284,indexer,453523574,371053304,82470270,11020738560,11111948288,1434025984,9340149760,2735185920,10476531712,27,13864865792
1791660877.013,308.284,zebrad,142583650,128269726,14313923,4397817856,4399927296,355196928,4022874112,3937509376,731643904,21,13864865792
1791660878.013,309.285,indexer,455833152,373062485,82770667,11040608256,11111948288,1444511744,9349648384,2744680448,10476531712,27,13860077568
1791660878.013,309.285,zebrad,142587353,128273429,14313923,4397838336,4399927296,355196928,4022874112,3937509376,731643904,21,13860077568
1791660879.013,310.285,indexer,457605106,374471848,83133257,11061354496,11111948288,1454997504,9359921152,2754953216,10476531712,27,13850845184
1791660879.013,310.285,zebrad,142593966,128278235,14315730,4397838336,4399927296,355196928,4022874112,3937509376,731643904,21,13850845184
1791660880.013,311.285,indexer,459480288,375960245,83520042,11085078528,11111948288,1467584512,9370828800,2765864960,10476531712,27,13822332928
1791660880.013,311.285,zebrad,142600980,128285148,14315832,4397838336,4399927296,355196928,4022874112,3937509376,731643904,21,13822332928
1791660881.013,312.285,indexer,461246450,377393372,83853078,11001450496,11111948288,1480167424,9277120512,2776018944,10476531712,27,13826543616
1791660881.013,312.285,zebrad,142607565,128291733,14315832,4397838336,4399927296,355196928,4022874112,3937509376,731643904,21,13826543616
1791660882.013,313.285,indexer,462842066,378682673,84159392,11020902400,11111948288,1490653184,9286533120,2785435648,10476531712,27,13820219392
1791660882.013,313.285,zebrad,142614048,128298216,14315832,4397838336,4399927296,355196928,4022874112,3937509376,731643904,21,13820219392
1791660883.013,314.285,indexer,464546760,380076088,84470671,11041366016,11111948288,1501138944,9296351232,2795249664,10476531712,27,13810581504
1791660883.013,314.285,zebrad,142620218,128303462,14316755,4397838336,4399927296,355196928,4022874112,3937509376,731643904,21,13810581504
1791660884.013,315.285,indexer,466271067,381465534,84805532,11060117504,11111948288,1510330368,9305702400,2804600832,10476531712,27,13802811392
1791660884.013,315.285,zebrad,142626436,128309458,14316977,4397838336,4399927296,355196928,4022874112,3937509376,731643904,21,13802811392
1791660885.013,316.285,indexer,468123701,382969410,85154290,11082928128,11111948288,1523154944,9316003840,2814902272,10476531712,27,13788905472
1791660885.013,316.285,zebrad,142633425,128316248,14317177,4397838336,4399927296,355196928,4022874112,3937509376,731643904,21,13788905472
1791660886.013,317.285,indexer,469870536,384373279,85497257,11103444992,11111948288,1533640704,9325789184,2824687616,10476531712,27,13770756096
1791660886.013,317.285,zebrad,142640247,128323070,14317177,4397838336,4399927296,355196928,4022874112,3937509376,731643904,21,13770756096
1791660887.013,318.285,indexer,471417185,385637018,85780166,11023429632,11111948288,1544126464,9237786624,2833473536,10476531712,27,13769637888
1791660887.013,318.285,zebrad,142647436,128330259,14317177,4397572096,4399927296,355196928,4022874112,3937509376,731643904,21,13769637888
1791660888.014,319.285,indexer,472980465,386896236,86084229,11042684928,11111948288,1554612224,9246535680,2842226688,10476531712,27,13762437120
1791660888.014,319.285,zebrad,142654572,128337394,14317177,4397572096,4399927296,355196928,4022874112,3937509376,731643904,21,13762437120
1791660889.014,320.285,indexer,474560456,388188490,86371965,11060183040,11111948288,1563000832,9255542784,2851229696,10476531712,27,13752889344
1791660889.014,320.285,zebrad,142661428,128344251,14317177,4397842432,4399927296,355196928,4022874112,3937509376,731643904,21,13752889344
1791660890.014,321.286,indexer,476403125,389761790,86641335,10904702976,11111948288,1399418880,9264046080,2859732992,10476531712,28,13904826368
1791660890.014,321.286,zebrad,142671226,128354048,14317177,4397576192,4399927296,355196928,4022874112,3937509376,731643904,21,13904826368
1791660891.014,322.286,indexer,478812211,391921121,86891089,10926825472,11111948288,1412902912,9272672256,2868359168,10476531712,28,13893869568
1791660891.014,322.286,zebrad,142677886,128360465,14317421,4397576192,4399927296,355196928,4022874112,3937509376,731643904,21,13893869568
1791660892.014,323.286,indexer,480761508,393363759,87397749,11069587456,11119509504,1419722752,9398562816,2874671104,10537058304,28,13886337024
1791660892.014,323.286,zebrad,142686404,128368031,14318373,4397572096,4399927296,355196928,4022874112,3937509376,731643904,21,13886337024
1791660893.014,324.286,indexer,481191604,393746711,87444893,11052564480,11119509504,1419722752,9381847040,2875138048,10741624832,28,13887512576
1791660893.014,324.286,zebrad,142692383,128374010,14318373,4397568000,4399927296,355196928,4022874112,3937509376,731643904,21,13887512576
1791660894.014,325.286,indexer,482238155,394731947,87506207,11055587328,11119509504,1421819904,9382612992,2875904000,10927669248,28,13882097664
1791660894.014,325.286,zebrad,142698371,128378202,14320169,4397568000,4399927296,355196928,4022874112,3937509376,731643904,21,13882097664
1791660895.014,326.286,indexer,482696610,395094286,87602323,11058864128,11119509504,1423917056,9383780352,2877071360,11019370496,28,13882183680
1791660895.014,326.286,zebrad,142704518,128381433,14323085,4397821952,4399927296,355217408,4022874112,3937509376,731643904,21,13882183680
1791660896.014,327.286,indexer,483813632,395976009,87837623,11067539456,11119509504,1427599360,9388896256,2882187264,11126276096,28,13883158528
1791660896.014,327.286,zebrad,142711353,128387284,14324068,4397834240,4399927296,355217408,4022874112,3937509376,731643904,21,13883158528
1791660897.014,328.286,indexer,484116529,396193922,87922607,11068497920,11119509504,1429831680,9387442176,2883477504,11357605888,28,13896212480
1791660897.014,328.286,zebrad,142717525,128393339,14324186,4398182400,4400279552,355516416,4022874112,3937509376,731643904,21,13896212480
1791660898.014,329.286,indexer,485886013,397624070,88261943,11088207872,11119509504,1440317440,9397071872,2893103104,11364192256,27,13869854720
1791660898.014,329.286,zebrad,142723701,128398396,14325304,4398182400,4400279552,355516416,4022874112,3937509376,731643904,21,13869854720
1791660899.015,330.286,indexer,487930905,399273928,88656977,11114639360,11119509504,1454997504,9408929792,2904961024,11364192256,27,13856296960
1791660899.015,330.286,zebrad,142730892,128405588,14325304,4398182400,4400279552,355516416,4022874112,3937509376,731643904,21,13856296960
1791660900.015,331.286,indexer,489778901,400756963,89021938,11029426176,11127418880,1465487360,9315520512,2915590144,11364192256,27,13851353088
1791660900.015,331.286,zebrad,142737813,128412398,14325415,4398178304,4400279552,355516416,4022874112,3937509376,731643904,21,13851353088
1791660901.015,332.287,indexer,491686526,402297074,89389451,11052871680,11127418880,1478070272,9326505984,2926575616,11364192256,27,13841936384
1791660901.015,332.287,zebrad,142744648,128419049,14325599,4398178304,4400279552,355516416,4022874112,3937509376,731643904,21,13841936384
1791660902.015,333.287,indexer,493690524,403881544,89808979,11078012928,11127418880,1491169280,9338556416,2938630144,11364192256,27,13830336512
1791660902.015,333.287,zebrad,142751007,128424472,14326535,4398178304,4400279552,355516416,4022874112,3937509376,731643904,21,13830336512
1791660903.015,334.287,indexer,495357529,405210689,90146839,11099639808,11127418880,1502453760,9348571136,2948640768,11364192256,27,13819162624
1791660903.015,334.287,zebrad,142757742,128431133,14326608,4398174208,4400279552,355516416,4022874112,3937509376,731643904,21,13819162624
1791660904.015,335.287,indexer,497011454,406547996,90463457,11118714880,11127418880,1512787968,9357746176,2957815808,11364192256,27,13809811456
1791660904.015,335.287,zebrad,142764350,128437580,14326769,4398174208,4400279552,355516416,4022874112,3937509376,731643904,21,13809811456
1791660905.015,336.287,indexer,498823196,407985740,90837455,11035205632,11137867776,1525252096,9264496640,2968629248,11364192256,27,13795024896
1791660905.015,336.287,zebrad,142771209,128444440,14326769,4398174208,4400279552,355516416,4022874112,3937509376,731643904,21,13795024896
1791660906.015,337.287,indexer,500778504,409544364,91234139,11061608448,11137867776,1539932160,9276338176,2980470784,11364192256,27,13777727488
1791660906.015,337.287,zebrad,142778323,128451554,14326769,4398170112,4400279552,355516416,4022874112,3937509376,731643904,21,13777727488
1791660907.015,338.287,indexer,502611001,411028830,91582170,11085451264,11137867776,1552515072,9287380992,2991513600,11364192256,27,13757870080
1791660907.015,338.287,zebrad,142785088,128457346,14327742,4401037312,4401278976,358649856,4022874112,3937509376,731643904,21,13757870080
1791660908.015,339.287,indexer,504241077,412320035,91921042,11105468416,11137867776,1563000832,9297002496,3001135104,11364192256,27,13747425280
1791660908.015,339.287,zebrad,142791391,128463519,14327872,4401295360,4401299456,358649856,4022874112,3937509376,731643904,21,13747425280
1791660909.015,340.287,indexer,506025354,413812200,92213154,10951913472,11137867776,1399418880,9307361280,3011493888,11364192256,28,13896396800
1791660909.015,340.287,zebrad,142798202,128468347,14329854,4401287168,4401299456,358649856,4022874112,3937509376,731643904,21,13896396800
1791660910.015,341.287,indexer,508447069,415969667,92477401,10975621120,11137867776,1412902912,9317175296,3021307904,11364192256,28,13889150976
1791660910.015,341.287,zebrad,142805258,128474298,14330960,4401278976,4401299456,358649856,4022874112,3937509376,731643904,21,13889150976
1791660911.016,342.287,indexer,511008673,418065718,92942954,11058446336,11137867776,1423978496,9381638144,3030634496,11364192256,28,13881274368
1791660911.016,342.287,zebrad,142812098,128479952,14332145,4401278976,4401299456,358649856,4022874112,3937509376,731643904,21,13881274368
1791660912.016,343.287,indexer,511381015,418244537,93136477,11078475776,11137867776,1423978496,9401151488,3031650304,11573964800,28,13874409472
1791660912.016,343.287,zebrad,142817993,128485557,14332436,4401278976,4401299456,358649856,4022874112,3937509376,731643904,21,13874409472
1791660913.016,344.287,indexer,511552988,418360938,93192050,11068817408,11137867776,1423978496,9391349760,3032240128,11780337664,28,13878370304
1791660913.016,344.287,zebrad,142824393,128491957,14332436,4401012736,4401299456,358649856,4022874112,3937509376,731643904,21,13878370304
1791660914.016,345.288,indexer,512041558,418761231,93280326,11072540672,11137867776,1426075648,9392574464,3033464832,11924045824,28,13871251456
1791660914.016,345.288,zebrad,142830247,128497485,14332762,4401008640,4401299456,358649856,4022874112,3937509376,731643904,21,13871251456
1791660915.055,346.327,indexer,513470581,420060564,93410016,11075248128,11137867776,1427181568,9394200576,3035090944,12017352704,28,13868429312
1791660915.055,346.327,zebrad,142833713,128500004,14333708,4401008640,4401299456,358649856,4022874112,3937509376,731643904,21,13868429312
1791660916.055,347.327,indexer,513851232,420332182,93519050,11079340032,11137867776,1430044672,9395826688,3036717056,12187168768,28,13869355008
1791660916.055,347.327,zebrad,142840302,128506535,14333767,4400807936,4401299456,358649856,4022874112,3937509376,731643904,21,13869355008
1791660917.055,348.327,indexer,514849000,421117572,93731427,11091697664,11137867776,1436336128,9401401344,3042283520,12312788992,27,13866684416
1791660917.055,348.327,zebrad,142846528,128512738,14333789,4400799744,4401299456,358649856,4022874112,3937509376,731643904,21,13866684416
1791660918.055,349.327,indexer,516857932,422706931,94151001,11118698496,11137867776,1451016192,9413611520,3054493696,12312788992,27,13849669632
1791660918.055,349.327,zebrad,142852975,128519140,14333834,4401061888,4401299456,358649856,4022874112,3937509376,731643904,21,13849669632
1791660919.055,350.327,indexer,518534097,423996434,94537663,11032276992,11137867776,1461506048,9319776256,3064627200,12312788992,27,13848297472
1791660919.055,350.327,zebrad,142862101,128525453,14336647,4400795648,4401299456,358649856,4022874112,3937509376,731643904,21,13848297472
1791660920.055,351.327,indexer,520196224,425327481,94868742,11052892160,11137867776,1471991808,9329836032,3074686976,12312793088,27,13830729728
1791660920.055,351.327,zebrad,142869132,128532485,14336647,4401057792,4401299456,358649856,4022874112,3937509376,731643904,21,13830729728
1791660921.057,352.329,indexer,522014997,426787637,95227360,11076612096,11137867776,1484574720,9340624896,3085479936,12312793088,27,13822005248
1791660921.057,352.329,zebrad,142875875,128539228,14336647,4401057792,4401299456,358649856,4022874112,3937509376,731643904,21,13822005248
1791660922.057,353.329,indexer,523852450,428252687,95599763,11099729920,11137867776,1496686592,9351938048,3096788992,12312793088,27,13807779840
1791660922.057,353.329,zebrad,142882997,128546261,14336736,4401057792,4401299456,358649856,4022874112,3937509376,731643904,21,13807779840
1791660923.057,354.329,indexer,525738498,429728070,96010427,11124436992,11137867776,1509662720,9363451904,3108302848,12312793088,27,13798031360
1791660923.057,354.329,zebrad,142889977,128553241,14336736,4401057792,4401299456,358649856,4022874112,3937509376,731643904,21,13798031360
1791660924.057,355.329,indexer,527554504,431157495,96397009,11042537472,11137867776,1523367936,9270661120,3119366144,12312793088,27,13781700608
1791660924.057,355.329,zebrad,142896370,128558597,14337773,4401057792,4401299456,358649856,4022874112,3937509376,731643904,21,13781700608
1791660925.057,356.329,indexer,529543438,432748512,96794926,11069435904,11137867776,1538048000,9283166208,3131871232,12312793088,27,13765861376
1791660925.057,356.329,zebrad,142903471,128565698,14337773,4401057792,4401299456,358649856,4022874112,3937509376,731643904,21,13765861376
1791660926.057,357.329,indexer,531387085,434223791,97163293,11093921792,11137867776,1550630912,9294688256,3143393280,12312793088,27,13755805696
1791660926.057,357.329,zebrad,142910445,128572665,14337779,4400799744,4401299456,358649856,4022874112,3937509376,731643904,21,13755805696
1791660927.057,358.329,indexer,533043418,435539157,97504260,11114696704,11137867776,1561116672,9304997888,3153702912,12312793088,27,13746835456
1791660927.057,358.329,zebrad,142916986,128579152,14337833,4400799744,4401299456,358649856,4022874112,3937509376,731643904,21,13746835456
1791660928.057,359.329,indexer,534880562,437052740,97827821,10866061312,11137867776,1399631872,9220558848,3164676096,12312793088,28,13904527360
1791660928.057,359.329,zebrad,142924152,128583601,14340550,4401061888,4402896896,358649856,4022874112,3937509376,731643904,21,13904527360
1791660929.058,360.329,indexer,537299007,439203862,98095144,10890293248,11137867776,1413169152,9231253504,3175374848,12312793088,28,13896638464
1791660929.058,360.329,zebrad,142931128,128590578,14340550,4401061888,4402896896,358649856,4022874112,3937509376,731643904,21,13896638464
1791660930.058,361.329,indexer,539816361,441174366,98641994,11117195264,11143700480,1424183296,9439428608,3185008640,12336943104,28,13872873472
1791660930.058,361.329,zebrad,142937650,128596950,14340700,4401074176,4402896896,358649856,4022874112,3937509376,731643904,21,13872873472
1791660931.058,362.329,indexer,540019532,441311075,98708457,11108982784,11143700480,1424183296,9428275200,3185520640,12563431424,28,13876678656
1791660931.058,362.329,zebrad,142944169,128603417,14340751,4401065984,4402896896,358649856,4022874112,3937509376,731643904,21,13876678656
1791660932.058,363.330,indexer,540886130,442142373,98743756,11109470208,11143700480,1424183296,9428791296,3186036736,12734672896,28,13875503104
1791660932.058,363.330,zebrad,142944169,128603417,14340751,4400799744,4402896896,358649856,4022874112,3937509376,731643904,21,13875503104
1791660933.058,364.330,indexer,541641889,442801959,98839929,11113291776,11143700480,1426280448,9430114304,3187359744,12832571392,28,13869760512
1791660933.058,364.330,zebrad,142950655,128609654,14341000,4401311744,4402896896,358649856,4022874112,3937509376,731643904,21,13869760512
1791660934.058,365.330,indexer,542029619,443067027,98962592,11115450368,11143700480,1426964480,9431740416,3188985856,12915986432,28,13869895680
1791660934.058,365.330,zebrad,142956967,128615835,14341132,4401307648,4402896896,358649856,4022874112,3937509376,731643904,21,13869895680
1791660935.058,366.330,indexer,542228146,443208259,99019887,11116916736,11143700480,1427812352,9432510464,3189747712,13177937920,28,13870481408
1791660935.058,366.330,zebrad,142963133,128621084,14342048,4401303552,4402896896,358649856,4022874112,3937509376,731643904,21,13870481408
1791660936.058,367.330,indexer,543986827,444584646,99402181,11034218496,11143700480,1440583680,9339133952,3200204800,13187354624,27,13853417472
1791660936.058,367.330,zebrad,142969949,128627019,14342929,4401053696,4402896896,358649856,4022874112,3937509376,731643904,21,13853417472
1791660937.058,368.330,indexer,545810938,446050490,99760447,11057872896,11143700480,1453166592,9349984256,3211337728,13187354624,27,13849210880
1791660937.058,368.330,zebrad,142976747,128633637,14343109,4400787456,4402896896,358649856,4022874112,3937509376,731643904,21,13849210880
1791660938.058,369.330,indexer,547393286,447324120,100069165,11077648384,11143700480,1463656448,9359724544,3220795392,13187354624,27,13826871296
1791660938.058,369.330,zebrad,142983123,128640013,14343109,4401045504,4403142656,358649856,4022874112,3937509376,731643904,21,13826871296
1791660939.058,370.330,indexer,549078737,448669272,100409464,11098021888,11143700480,1474142208,9369067520,3230138368,13187358720,27,13815894016
1791660939.058,370.330,zebrad,142990350,128646481,14343869,4401045504,4403142656,358649856,4022874112,3937509376,731643904,21,13815894016
1791660940.058,371.330,indexer,550860563,450078219,100782343,11117998080,11143700480,1484627968,9378983936,3240054784,13187358720,27,13809283072
1791660940.058,371.330,zebrad,142997709,128653805,14343904,4401041408,4403142656,358649856,4022874112,3937509376,731643904,21,13809283072
1791660941.059,372.330,indexer,552467996,451365086,101102910,11040075776,11143700480,1497210880,9290981376,3249852416,13187358720,27,13801754624
1791660941.059,372.330,zebrad,143004396,128659422,14344973,4401041408,4403142656,358649856,4022874112,3937509376,731643904,21,13801754624
1791660942.059,373.330,indexer,554123975,452646147,101477827,11061039104,11143700480,1507696640,9301159936,3260035072,13187358720,27,13792272384
1791660942.059,373.330,zebrad,143010232,128664174,14346058,4401037312,4403142656,358649856,4022874112,3937509376,731643904,21,13792272384
1791660943.059,374.330,indexer,555894027,454055882,101838144,11085475840,11143700480,1521324032,9312051200,3270922240,13187358720,27,13781827584
1791660943.059,374.330,zebrad,143017053,128670713,14346340,4401037312,4403142656,358649856,4022874112,3937509376,731643904,21,13781827584
1791660944.059,375.331,indexer,557741952,455537248,102204703,11109699584,11143700480,1533906944,9323687936,3282563072,13187358720,27,13765419008
1791660944.059,375.331,zebrad,143023258,128675997,14347261,4401033216,4403142656,358649856,4022874112,3937509376,731643904,21,13765419008
1791660945.059,376.331,indexer,559532153,456943198,102588955,11133652992,11143700480,1546489856,9334935552,3293806592,13187358720,27,13760806912
1791660945.059,376.331,zebrad,143030176,128681923,14348253,4401033216,4403142656,358649856,4022874112,3937509376,731643904,21,13760806912
1791660946.059,377.331,indexer,561138714,458237814,102900900,11154317312,11154321408,1556975616,9344856064,3303731200,13187358720,27,13748051968
1791660946.059,377.331,zebrad,143036544,128687254,14349290,4401033216,4403142656,358649856,4022874112,3937509376,731643904,21,13748051968
1791660947.059,378.331,indexer,563005205,459712728,103292477,11071672320,11156910080,1569558528,9252429824,3315302400,13187358720,27,13733027840
1791660947.059,378.331,zebrad,143043351,128692980,14350371,4401033216,4403142656,358649856,4022874112,3937509376,731643904,21,13733027840
1791660948.059,379.331,indexer,565473230,461845391,103627838,10924740608,11156910080,1411072000,9264541696,3327414272,13187358720,28,13862801408
1791660948.059,379.331,zebrad,143049958,128698625,14351332,4401033216,4403142656,358649856,4022874112,3937509376,731643904,21,13862801408
1791660949.059,380.331,indexer,568101773,464075678,104026094,11111915520,11156910080,1422086144,9435402240,3337850880,13187358720,28,13873307648
1791660949.059,380.331,zebrad,143059279,128704812,14354466,4401033216,4403142656,358649856,4022874112,3937509376,731643904,21,13873307648
1791660950.059,381.331,indexer,569154182,464813671,104340510,11044552704,11156910080,1426280448,9364664320,3341111296,13346926592,28,13859143680
1791660950.059,381.331,zebrad,143065307,128710038,14355269,4401033216,4403142656,358666240,4022874112,3937509376,731643904,21,13859143680
1791660951.059,382.331,indexer,569322333,464948093,104374240,11093835776,11156910080,1426280448,9412812800,3341541376,13592203264,28,13857243136
1791660951.059,382.331,zebrad,143071209,128715850,14355359,4401033216,4403142656,358666240,4022874112,3937509376,731643904,21,13857243136
1791660952.059,383.331,indexer,569640551,465181708,104458842,11094982656,11156910080,1426280448,9413935104,3342663680,13703032832,28,13855711232
1791660952.059,383.331,zebrad,143077317,128720947,14356370,4401033216,4403142656,358666240,4022874112,3937509376,731643904,21,13855711232
1791660953.060,384.331,indexer,570640136,466088956,104551180,11097305088,11156910080,1427296256,9414893568,3343622144,13796950016,28,13856182272
1791660953.060,384.331,zebrad,143080431,128724050,14356381,4401033216,4403142656,358666240,4022874112,3937509376,731643904,21,13856182272
1791660954.060,385.331,indexer,571547491,466910671,104636820,11101065216,11156910080,1430097920,9416019968,3344748544,13953032192,28,13852225536
1791660954.060,385.331,zebrad,143084133,128726882,14357251,4401033216,4403142656,358666240,4022874112,3937509376,731643904,21,13852225536
1791660955.060,386.332,indexer,572534827,467712129,104822697,11109511168,11156910080,1434292224,9420259328,3348992000,14070874112,27,13850693632
1791660955.060,386.332,zebrad,143090400,128731422,14358978,4401033216,4403142656,358666240,4022874112,3937509376,731643904,21,13850693632
1791660956.060,387.332,indexer,574038994,469037924,105001070,11120971776,11156910080,1440583680,9425186816,3353919488,14070874112,27,13845733376
1791660956.060,387.332,zebrad,143097377,128738301,14359075,4400775168,4403142656,358666240,4022874112,3937509376,731643904,21,13845733376
1791660957.060,388.332,indexer,575626922,470371933,105254989,11133947904,11156910080,1446875136,9431941120,3360669696,14070874112,27,13841457152
1791660957.060,388.332,zebrad,143104265,128744401,14359863,4400775168,4403142656,358666240,4022874112,3937509376,731643904,21,13841457152
1791660958.060,389.332,indexer,577043010,471636021,105406988,11039584256,11156910080,1453166592,9332150272,3364802560,14070874112,27,13839294464
1791660958.060,389.332,zebrad,143111025,128751161,14359863,4400775168,4403142656,358666240,4022874112,3937509376,731643904,21,13839294464
1791660959.060,390.332,indexer,578746205,473059781,105686424,11055460352,11156910080,1461559296,9339559936,3372212224,14070874112,27,13816442880
1791660959.060,390.332,zebrad,143117854,128757990,14359863,4401037312,4403142656,358666240,4022874112,3937509376,731643904,21,13816442880
1791660960.060,391.332,indexer,580404961,474405134,105999826,11072778240,11156910080,1469947904,9348481024,3381133312,14070874112,27,13811212288
1791660960.060,391.332,zebrad,143124862,128763038,14361823,4401037312,4403142656,358666240,4022874112,3937509376,731643904,21,13811212288
1791660961.060,392.332,indexer,581975375,475749892,106225483,11087585280,11156910080,1478430720,9354436608,3387088896,14070874112,27,13805854720
1791660961.060,392.332,zebrad,143130729,128768905,14361823,4401037312,4403142656,358666240,4022874112,3937509376,731643904,21,13805854720
1791660962.060,393.332,indexer,583650970,477257890,106393080,11096027136,11156910080,1482625024,9358794752,3391447040,14070874112,27,13797015552
1791660962.060,393.332,zebrad,143136864,128774941,14361923,4401078272,4403142656,358666240,4022874112,3937509376,731643904,21,13797015552
1791660963.060,394.332,indexer,585382474,478798633,106583841,11107409920,11156910080,1488916480,9363914752,3396567040,14070874112,27,13794418688
1791660963.060,394.332,zebrad,143144514,128782426,14362088,4401078272,4403142656,358666240,4022874112,3937509376,731643904,21,13794418688
1791660964.061,395.332,indexer,587133202,480391532,106741670,11116331008,11156910080,1493110784,9368567808,3401220096,14070874112,27,13791354880
1791660964.061,395.332,zebrad,143151389,128789214,14362175,4401078272,4403142656,358666240,4022874112,3937509376,731643904,21,13791354880
1791660965.061,396.332,indexer,588842279,481899610,106942668,11127988224,11156910080,1499402240,9373945856,3406598144,14070874112,27,13788618752
1791660965.061,396.332,zebrad,143157920,128795591,14362328,4401074176,4403142656,358666240,4022874112,3937509376,731643904,21,13788618752
1791660966.061,397.333,indexer,590268331,483191557,107076773,11135700992,11156910080,1503596544,9377595392,3410268160,14070874112,27,13783973888
1791660966.061,397.333,zebrad,143165280,128801915,14363365,4401070080,4403142656,358666240,4022874112,3937509376,731643904,21,13783973888
1791660967.061,398.333,indexer,591803536,484613488,107190048,11038654464,11156910080,1507876864,9277009920,3413516288,14070874112,27,13792944128
1791660967.061,398.333,zebrad,143171414,128807936,14363478,4401061888,4403142656,358666240,4022874112,3937509376,731643904,21,13792944128
1791660968.061,399.333,indexer,593436386,486058012,107378374,11049422848,11156910080,1513115648,9282453504,3418959872,14070874112,27,13788655616
1791660968.061,399.333,zebrad,143178389,128813812,14364576,4401061888,4403142656,358666240,4022874112,3937509376,731643904,21,13788655616
1791660969.061,400.333,indexer,595173127,487552166,107620961,11064627200,11156910080,1521504256,9289109504,3425615872,14070874112,27,13769805824
1791660969.061,400.333,zebrad,143184993,128820416,14364576,4401061888,4403159040,358666240,4022874112,3937509376,731643904,21,13769805824
1791660970.061,401.333,indexer,596420911,488701777,107719133,11069321216,11156910080,1523601408,9291689984,3428200448,14070874112,27,13767561216
1791660970.061,401.333,zebrad,143191799,128827182,14364616,4401061888,4403159040,358666240,4022874112,3937509376,731643904,21,13767561216
1791660971.061,402.333,indexer,598028780,490061032,107967747,11084759040,11156910080,1531990016,9298456576,3434962944,14070874112,27,13763096576
1791660971.061,402.333,zebrad,143199048,128834407,14364641,4400795648,4403159040,358666240,4022874112,3937509376,731643904,21,13763096576
1791660972.061,403.333,indexer,599646154,491442609,108203545,11097378816,11156910080,1538281472,9304793088,3441299456,14070874112,27,13761724416
1791660972.061,403.333,zebrad,143205897,128840171,14365726,4400795648,4403159040,358666240,4022874112,3937509376,731643904,21,13761724416
1791660973.061,404.333,indexer,601526643,493088334,108438308,11109924864,11156910080,1544572928,9310965760,3447472128,14070874112,27,13756764160
1791660973.061,404.333,zebrad,143212511,128845622,14366888,4400795648,4403159040,358666240,4022874112,3937509376,731643904,21,13756764160
1791660974.061,405.333,indexer,603414887,494791546,108623340,11124080640,11156910080,1552961536,9316794368,3453304832,14070874112,27,13750382592
1791660974.061,405.333,zebrad,143219366,128852477,14366888,4400791552,4403159040,358666240,4022874112,3937509376,731643904,21,13750382592
1791660975.061,406.333,indexer,605260467,496431183,108829284,11136380928,11156910080,1559252992,9322848256,3459354624,14070874112,27,13743230976
1791660975.061,406.333,zebrad,143226183,128858428,14367755,4400791552,4403159040,358666240,4022874112,3937509376,731643904,21,13743230976
1791660976.061,407.333,indexer,606935793,497897061,109038731,11147812864,11156910080,1565544448,9327886336,3464392704,14070874112,27,13736521728
1791660976.061,407.333,zebrad,143232446,128864664,14367781,4400840704,4403159040,358666240,4022874112,3937509376,731643904,21,13736521728
1791660977.062,408.333,indexer,608601910,499365697,109236213,10987782144,11156910080,1399865344,9333792768,3470299136,14070874112,28,13894438912
1791660977.062,408.333,zebrad,143238719,128870938,14367781,4400832512,4403159040,358666240,4022874112,3937509376,731643904,21,13894438912
1791660978.062,409.333,indexer,611180012,501694315,109485697,11004764160,11156910080,1409155072,9341378560,3477925888,14070874112,28,13893169152
1791660978.062,409.333,zebrad,143245481,128877697,14367783,4401086464,4403159040,358666240,4022874112,3937509376,731643904,21,13893169152
1791660979.062,410.334,indexer,613624988,503782629,109842359,11110367232,11165773824,1415974912,9436246016,3483901952,14070874112,28,13899784192
1791660979.062,410.334,zebrad,143254095,128886049,14368045,4401082368,4403179520,358666240,4022874112,3937509376,731643904,21,13899784192
1791660980.062,411.334,indexer,614203471,504177806,110025665,11048206336,11170906112,1418207232,9373061120,3485270016,14261592064,28,13883244544
1791660980.062,411.334,zebrad,143261870,128893648,14368222,4400836608,4403179520,358666240,4022874112,3937509376,731643904,21,13883244544
1791660981.062,412.334,indexer,614401458,504338248,110063210,11062435840,11170906112,1418207232,9385476096,3485650944,14446579712,28,13880385536
1791660981.062,412.334,zebrad,143268209,128898851,14369357,4401090560,4403179520,358666240,4022874112,3937509376,731643904,21,13880385536
1791660982.062,413.334,indexer,614579914,504472564,110107350,11063074816,11170906112,1418207232,9386024960,3486199808,14645350400,28,13878263808
1791660982.062,413.334,zebrad,143274233,128903973,14370259,4400807936,4403179520,358666240,4022874112,3937509376,731643904,21,13878263808
1791660983.062,414.334,indexer,614924327,504734884,110189443,11066507264,11170906112,1420304384,9387036672,3487211520,14742593536,28,13873299456
1791660983.062,414.334,zebrad,143281499,128911012,14370486,4401332224,4403179520,358666240,4022874112,3937509376,731643904,21,13873299456
1791660984.062,415.334,indexer,615846845,505546559,110300285,11070496768,11170906112,1422401536,9388539904,3488714752,14826414080,28,13872656384
1791660984.062,415.334,zebrad,143289060,128918517,14370542,4401328128,4403179520,358666240,4022874112,3937509376,731643904,21,13872656384
1791660985.062,416.334,indexer,616921176,506575446,110345729,11070873600,11170906112,1422401536,9389318144,3489484800,15074779136,28,13872304128
1791660985.062,416.334,zebrad,143292722,128921314,14371408,4401328128,4403179520,358666240,4022874112,3937509376,731643904,21,13872304128
1791660986.062,417.334,indexer,618435408,507857838,110577569,11085103104,11170906112,1430413312,9395494912,3495645184,15093788672,27,13859479552
1791660986.062,417.334,zebrad,143300094,128928685,14371408,4401328128,4403179520,358666240,4022874112,3937509376,731643904,21,13859479552
1791660987.062,418.334,indexer,619940310,509297478,110642832,11089514496,11170906112,1432510464,9397370880,3497521152,15093788672,27,13859581952
1791660987.062,418.334,zebrad,143306487,128934203,14372284,4401061888,4403179520,358666240,4022874112,3937509376,731643904,21,13859581952
1791660988.062,419.334,indexer,621353464,510710631,110642832,11089498112,11170906112,1432510464,9397370880,3497566208,15093788672,27,13858447360
1791660988.062,419.334,zebrad,143312768,128940356,14372412,4401311744,4403179520,358666240,4022874112,3937509376,731643904,21,13858447360
1791660989.063,420.334,indexer,623003294,512148850,110854443,11111165952,11170906112,1448345600,9403281408,3503431680,15093788672,27,13827747840
1791660989.063,420.334,zebrad,143318916,128945489,14373427,4401045504,4403179520,358670336,4022874112,3937509376,731643904,21,13827747840
1791660990.063,421.334,indexer,624930626,513724949,111205676,11131285504,11170906112,1458831360,9413083136,3513233408,15093788672,27,13816508416
1791660990.063,421.334,zebrad,143326354,128951782,14374572,4401303552,4403179520,358670336,4022874112,3937509376,731643904,21,13816508416
1791660991.063,422.335,indexer,626890498,515295477,111595020,11050594304,11170906112,1471418368,9320071168,3524239360,15093788672,27,13832040448
1791660991.063,422.335,zebrad,143333094,128958448,14374645,4401299456,4403179520,358670336,4022874112,3937509376,731643904,21,13832040448
1791660992.063,423.335,indexer,628606416,516711957,111894459,11070562304,11170906112,1481904128,9329414144,3533582336,15093788672,27,13817540608
1791660992.063,423.335,zebrad,143339486,128964701,14374784,4401299456,4403179520,358670336,4022874112,3937509376,731643904,21,13817540608
1791660993.063,424.335,indexer,630271343,518088259,112183083,11091304448,11170906112,1494061056,9337896960,3542065152,15093788672,27,13816676352
1791660993.063,424.335,zebrad,143346437,128970757,14375679,4401295360,4403179520,358670336,4022874112,3937509376,731643904,21,13816676352
1791660994.063,425.335,indexer,632104339,519607935,112496403,11113234432,11170906112,1506643968,9347309568,3551477760,15093788672,27,13802332160
1791660994.063,425.335,zebrad,143353714,128976206,14377508,4401295360,4403179520,358670336,4022874112,3937509376,731643904,21,13802332160
1791660995.063,426.335,indexer,634089987,521200953,112889034,11137540096,11170906112,1519226880,9358856192,3563028480,15093788672,27,13788905472
1791660995.063,426.335,zebrad,143360736,128980823,14379912,4401295360,4403179520,358670336,4022874112,3937509376,731643904,21,13788905472
1791660996.063,427.335,indexer,636122397,522858667,113263730,11162959872,11170906112,1532911616,9370296320,3574464512,15093788672,27,13770113024
1791660996.063,427.335,zebrad,143366812,128986892,14379920,4401295360,4403179520,358670336,4022874112,3937509376,731643904,21,13770113024
1791660997.063,428.335,indexer,638025510,524355244,113670266,11086139392,11170906112,1545494528,9283002368,3585224704,15093788672,27,13763399680
1791660997.063,428.335,zebrad,143373710,128993700,14380009,4401295360,4403179520,358670336,4022874112,3937509376,731643904,21,13763399680
1791660998.063,429.335,indexer,639980706,525951189,114029516,11110354944,11170906112,1558077440,9294716928,3596939264,15093788672,27,13749215232
1791660998.063,429.335,zebrad,143380455,128998469,14381985,4401291264,4403179520,358670336,4022874112,3937509376,731643904,21,13749215232
1791660999.063,430.335,indexer,641930028,527545330,114384698,11136552960,11170906112,1572757504,9305997312,3608219648,15093788672,27,13733060608
1791660999.063,430.335,zebrad,143387519,129005528,14381991,4401291264,4403179520,358670336,4022874112,3937509376,731643904,21,13733060608
1791661000.064,431.335,indexer,643529718,528781611,114748107,11156299776,11170906112,1583243264,9315319808,3617546240,15093788672,27,13709574144
1791661000.064,431.335,zebrad,143394228,129012066,14382161,4401291264,4403388416,358670336,4022874112,3937509376,731643904,21,13709574144
1791661001.064,432.335,indexer,645590587,530566685,115023902,10891390976,11170906112,1415467008,9221140480,3627278336,15093788672,28,13868978176
1791661001.064,432.335,zebrad,143400735,129016621,14384113,4401291264,4403388416,358670336,4022874112,3937509376,731643904,21,13868978176
1791661002.064,433.336,indexer,648025839,532704675,115321164,10987077632,11170906112,1431576576,9298706432,3636932608,15093788672,28,13868023808
1791661002.064,433.336,zebrad,143406843,129022619,14384224,4401287168,4403388416,358670336,4022874112,3937509376,731643904,21,13868023808
1791661003.064,434.336,indexer,650101581,534302603,115798977,11068887040,11172732928,1440145408,9368195072,3644469248,15142936576,28,13849784320
1791661003.064,434.336,zebrad,143413919,129029688,14384231,4401283072,4403388416,358670336,4022874112,3937509376,731643904,21,13849784320
1791661004.064,435.336,indexer,650239677,534416419,115823258,11069337600,11172732928,1440145408,9368580096,3644854272,15369424896,28,13848940544
1791661004.064,435.336,zebrad,143419738,129035425,14384313,4401274880,4403388416,358670336,4022874112,3937509376,731643904,21,13848940544
1791661005.064,436.336,indexer,650626535,534714258,115912277,11117793280,11172732928,1442242560,9411252224,3646435328,15538180096,28,13843234816
1791661005.064,436.336,zebrad,143425868,129041555,14384313,4401274880,4403388416,358670336,4022874112,3937509376,731643904,21,13843234816
1791661006.064,437.336,indexer,650974923,534980951,115993972,11120222208,11172732928,1442967552,9412812800,3647995904,15706619904,28,13840637952
1791661006.064,437.336,zebrad,143431515,129046124,14385390,4401274880,4403388416,358670336,4022874112,3937509376,731643904,21,13840637952
1791661007.064,438.336,indexer,652098339,536008658,116089680,11125817344,11172732928,1446731776,9414299648,3649482752,15808352256,28,13835702272
1791661007.064,438.336,zebrad,143434370,129048979,14385390,4401274880,4403388416,358670336,4022874112,3937509376,731643904,21,13835702272
1791661008.064,439.336,indexer,652823468,536632284,116191183,11126493184,11172732928,1446731776,9414909952,3650093056,15894999040,28,13835636736
1791661008.064,439.336,zebrad,143437926,129051493,14386432,4401274880,4403388416,358670336,4022874112,3937509376,731643904,21,13835636736
1791661009.064,440.336,indexer,652977871,536730324,116247546,11127218176,11172732928,1446731776,9415421952,3650605056,16150446080,28,13836500992
1791661009.064,440.336,zebrad,143445870,129058243,14387627,4401270784,4403388416,358670336,4022874112,3937509376,731643904,21,13836500992
1791661010.064,441.336,indexer,654760888,538155715,116605172,11149602816,11172732928,1459314688,9425477632,3660664832,16150446080,27,13820481536
1791661010.064,441.336,zebrad,143452341,129064566,14387774,4401270784,4403388416,358670336,4022874112,3937509376,731643904,21,13820481536
1791661011.064,442.336,indexer,656763971,539817588,116946383,11069005824,11172732928,1472503808,9332805632,3671900160,16150446080,27,13816340480
1791661011.064,442.336,zebrad,143459237,129071373,14387864,4401270784,4403388416,358670336,4022874112,3937509376,731643904,21,13816340480
1791661012.064,443.336,indexer,658583312,541244554,117338758,11092574208,11172732928,1485090816,9343594496,3682689024,16150446080,27,13803028480
1791661012.064,443.336,zebrad,143465391,129077527,14387864,4401270784,4403388416,358670336,4022874112,3937509376,731643904,21,13803028480
1791661013.065,444.336,indexer,660254638,542595911,117658727,11113144320,11172732928,1495576576,9353547776,3692642304,16150450176,27,13793595392
1791661013.065,444.336,zebrad,143472259,129082995,14389264,4401270784,4403388416,358670336,4022874112,3937509376,731643904,21,13793595392
1791661014.065,445.336,indexer,662132623,544103816,118028806,11136512000,11172732928,1508159488,9364541440,3703635968,16150450176,27,13785989120
1791661014.065,445.336,zebrad,143478985,129087747,14391238,4401270784,4403388416,358670336,4022874112,3937509376,731643904,21,13785989120
1791661015.065,446.337,indexer,663925181,545531573,118393608,11157786624,11172732928,1518645248,9374855168,3713949696,16150450176,27,13773131776
1791661015.065,446.337,zebrad,143486007,129093766,14392240,4401270784,4403388416,358670336,4022874112,3937509376,731643904,21,13773131776
1791661016.065,447.337,indexer,665644908,547004830,118640078,11172802560,11172818944,1527033856,9381851136,3720945664,16150450176,27,13763919872
1791661016.065,447.337,zebrad,143492559,129100263,14392295,4401299456,4403388416,358670336,4022874112,3937509376,731643904,21,13763919872
1791661017.065,448.337,indexer,667404345,548482247,118922097,11083034624,11181527040,1536466944,9285234688,3728351232,16150450176,27,13755928576
1791661017.065,448.337,zebrad,143499243,129106779,14392464,4401299456,4403388416,358670336,4022874112,3937509376,731643904,21,13755928576
1791661018.065,449.337,indexer,669269663,549977247,119292416,11103813632,11181527040,1546952704,9295605760,3738722304,16150450176,27,13743849472
1791661018.065,449.337,zebrad,143506042,129112598,14393444,4401299456,4403388416,358670336,4022874112,3937509376,731643904,21,13743849472
1791661019.065,450.337,indexer,671169422,551507862,119661559,11130376192,11181527040,1561632768,9307234304,3750350848,16150450176,27,13730168832
1791661019.065,450.337,zebrad,143512567,129119123,14393444,4401299456,4403388416,358670336,4022874112,3937509376,731643904,21,13730168832
1791661020.065,451.337,indexer,673061461,553024241,120037220,11067998208,11181527040,1589092352,9220177920,3761418240,16150450176,27,13710929920
1791661020.065,451.337,zebrad,143519531,129126086,14393444,4401516544,4403613696,358887424,4022874112,3937509376,731643904,21,13710929920
1791661021.065,452.337,indexer,674732449,554397018,120335431,11088035840,11181527040,1599627264,9229471744,3770724352,16150450176,27,13697736704
1791661021.065,452.337,zebrad,143526008,129132564,14393444,4401516544,4403613696,358887424,4022874112,3937509376,731643904,21,13697736704
1791661022.065,453.337,indexer,676680517,556062415,120618101,10932154368,11181527040,1433948160,9239773184,3781017600,16150450176,28,13858041856
1791661022.065,453.337,zebrad,143532701,129139257,14393444,4401250304,4403613696,358887424,4022874112,3937509376,731643904,21,13858041856
1791661023.065,454.337,indexer,679060503,558127010,120933493,11048218624,11181527040,1447432192,9339383808,3789570048,16150450176,28,13841096704
1791661023.065,454.337,zebrad,143539592,129146148,14393444,4401512448,4403613696,358887424,4022874112,3937509376,731643904,21,13841096704
1791661024.065,455.337,indexer,681281061,559831274,121449786,11143704576,11195301888,1465143296,9411911680,3797368832,16193466368,28,13817020416
1791661024.065,455.337,zebrad,143546443,129152998,14393444,4401246208,4403613696,358887424,4022874112,3937509376,731643904,21,13817020416
1791661025.066,456.337,indexer,681426608,559945534,121481073,11146481664,11195301888,1467240448,9412386816,3797843968,16403177472,28,13811699712
1791661025.066,456.337,zebrad,143552745,129159301,14393444,4401246208,4403613696,358887424,4022874112,3937509376,731643904,21,13811699712
1791661026.066,457.337,indexer,681573843,560068405,121505438,11146657792,11195301888,1467240448,9412829184,3798286336,16621277184,28,13810917376
1791661026.066,457.337,zebrad,143558529,129165085,14393444,4401008640,4403613696,358887424,4022874112,3937509376,731643904,21,13810917376
1791661027.066,458.338,indexer,681816544,560231762,121584781,11158040576,11195301888,1467240448,9423839232,3799064576,16770629632,28,13809336320
1791661027.066,458.338,zebrad,143566531,129172545,14393986,4401270784,4403613696,358887424,4022874112,3937509376,731643904,21,13809336320
1791661028.066,459.338,indexer,682578012,560916444,121661567,11161870336,11195301888,1469337600,9424748544,3799973888,16872927232,28,13805285376
1791661028.066,459.338,zebrad,143573388,129178515,14394872,4401270784,4403613696,358887424,4022874112,3937509376,731643904,21,13805285376
1791661029.066,460.338,indexer,683564653,561826034,121738618,11162218496,11195301888,1469337600,9425522688,3800748032,16995287040,28,13805879296
1791661029.066,460.338,zebrad,143580182,129182529,14397653,4401270784,4403613696,358887424,4022874112,3937509376,731643904,21,13805879296
1791661030.066,461.338,indexer,683773930,561960451,121813478,11058499584,11195301888,1469337600,9322242048,3801350144,17154187264,28,13792509952
1791661030.066,461.338,zebrad,143586791,129189077,14397713,4403593216,4405690368,361209856,4022874112,3937509376,731643904,21,13792509952
1791661031.066,462.338,indexer,685202843,563092394,122110449,11076112384,11195301888,1479446528,9329934336,3809042432,17228599296,27,13794156544
1791661031.066,462.338,zebrad,143593798,129196085,14397713,4403613696,4405690368,361209856,4022874112,3937509376,731643904,21,13794156544
1791661032.066,463.338,indexer,687190343,564704731,122485611,11100504064,11195301888,1492029440,9341652992,3820761088,17228599296,27,13789900800
1791661032.066,463.338,zebrad,143600452,129199972,14400480,4403343360,4405690368,361209856,4022874112,3937509376,731643904,21,13789900800
1791661033.066,464.338,indexer,689048851,566208955,122839896,11123154944,11195301888,1503563776,9352736768,3831844864,17228599296,27,13781741568
1791661033.066,464.338,zebrad,143606846,129205326,14401520,4403605504,4405690368,361209856,4022874112,3937509376,731643904,21,13781741568
1791661034.066,465.338,indexer,690693904,567564620,123129283,11145945088,11195301888,1516146688,9362575360,3841683456,17228603392,27,13776289792
1791661034.066,465.338,zebrad,143613230,129211710,14401520,4403347456,4405690368,361209856,4022874112,3937509376,731643904,21,13776289792
1791661035.066,466.338,indexer,692585200,569059494,123525705,11169693696,11195301888,1528729600,9373900800,3853008896,17228603392,27,13753536512
1791661035.066,466.338,zebrad,143619861,129217339,14402521,4403597312,4405690368,361209856,4022874112,3937509376,731643904,21,13753536512
1791661036.067,467.338,indexer,694465757,570578131,123887626,11092869120,11195301888,1541312512,9287036928,3864440832,17228603392,27,13748645888
1791661036.067,467.338,zebrad,143627013,129224491,14402521,4403851264,4405690368,361209856,4022874112,3937509376,731643904,21,13748645888
1791661037.067,468.338,indexer,696110302,571879580,124230721,11113078784,11195301888,1551798272,9296994304,3874398208,17228603392,27,13740331008
1791661037.067,468.338,zebrad,143633344,129229574,14403770,4403851264,4405690368,361209856,4022874112,3937509376,731643904,21,13740331008
1791661038.067,469.339,indexer,697885288,573273397,124611890,11136409600,11195301888,1564381184,9307664384,3885068288,17228603392,27,13726650368
1791661038.067,469.339,zebrad,143640007,129236237,14403770,4403851264,4405690368,361209856,4022874112,3937509376,731643904,21,13726650368
1791661039.067,470.339,indexer,699735256,574727196,125008060,11160281088,11195301888,1576964096,9318686720,3896090624,17228603392,27,13713739776
1791661039.067,470.339,zebrad,143649255,129245395,14403860,4403851264,4405690368,361209856,4022874112,3937509376,731643904,21,13713739776
1791661040.067,471.339,indexer,701732118,576348865,125383253,11187281920,11195301888,1591644160,9331027968,3908431872,17228603392,27,13695365120
1791661040.067,471.339,zebrad,143656262,129251200,14405061,4403847168,4405690368,361209856,4022874112,3937509376,731643904,21,13695365120
1791661041.067,472.339,indexer,703396879,577660593,125736286,11101241344,11195301888,1602129920,9237094400,3918397440,17228603392,27,13696147456
1791661041.067,472.339,zebrad,143662968,129257906,14405061,4404060160,4406157312,361422848,4022874112,3937509376,731643904,21,13696147456
1791661042.067,473.339,indexer,705066350,579001736,126064614,11122388992,11195301888,1612615680,9247649792,3928948736,17228603392,27,13688594432
1791661042.067,473.339,zebrad,143669717,129264410,14405307,4403539968,4406157312,361422848,4022874112,3937509376,731643904,21,13688594432
1791661043.067,474.339,indexer,707310621,580986808,126323812,10971525120,11195301888,1452032000,9257795584,3939094528,17228603392,28,13844451328
1791661043.067,474.339,zebrad,143676034,129270726,14405307,4403539968,4406157312,361422848,4022874112,3937509376,731643904,21,13844451328
1791661044.067,475.339,indexer,709784791,583084483,126700308,11196628992,11196628992,1465040896,9463607296,3949101056,17228603392,28,13832650752
1791661044.067,475.339,zebrad,143684792,129279485,14405307,4404051968,4406157312,361422848,4022874112,3937509376,731643904,21,13832650752
1791661045.067,476.339,indexer,710564749,583593889,126970859,11084996608,11201556480,1467138048,9352146944,3951796224,17391824896,28,13830299648
1791661045.067,476.339,zebrad,143689631,129284324,14405307,4403781632,4406157312,361422848,4022874112,3937509376,731643904,21,13830299648
1791661046.067,477.339,indexer,710705761,583706159,126999601,11085660160,11201556480,1467138048,9352601600,3952250880,17614389248,28,13828464640
1791661046.067,477.339,zebrad,143695554,129290246,14405307,4403277824,4406157312,361422848,4022874112,3937509376,731643904,21,13828464640
1791661047.067,478.339,indexer,710957743,583901836,127055907,11098415104,11201556480,1469235200,9363447808,3953004544,17710555136,28,13826465792
1791661047.067,478.339,zebrad,143702126,129296819,14405307,4403802112,4406157312,361422848,4022874112,3937509376,731643904,21,13826465792
1791661048.068,479.339,indexer,711331321,584190095,127141225,11102744576,11201556480,1471332352,9365061632,3954618368,17794879488,28,13821652992
1791661048.068,479.339,zebrad,143707781,129302473,14405307,4403802112,4406157312,361422848,4022874112,3937509376,731643904,21,13821652992
1791661049.068,480.339,indexer,711980733,584706353,127274380,11103846400,11201556480,1471332352,9366687744,3956244480,17879707648,28,13821775872
1791661049.068,480.339,zebrad,143714266,129308509,14405757,4403781632,4406157312,361422848,4022874112,3937509376,731643904,21,13821775872
1791661050.068,481.340,indexer,713061798,585717729,127344069,11105869824,11201556480,1472061440,9367441408,3956998144,18150604800,28,13821939712
1791661050.068,481.340,zebrad,143717232,129311278,14405953,4404039680,4406157312,361422848,4022874112,3937509376,731643904,21,13821939712
1791661051.068,482.340,indexer,714808408,587120587,127687821,11127312384,11201556480,1483538432,9377525760,3967082496,18169032704,27,13797744640
1791661051.068,482.340,zebrad,143724550,129316763,14407786,4404596736,4406579200,361979904,4022874112,3937509376,731643904,21,13797744640
1791661052.068,483.340,indexer,716836351,588764343,128072008,11154825216,11201556480,1498218496,9390252032,3979808768,18169032704,27,13782704128
1791661052.068,483.340,zebrad,143730953,129323127,14407826,4404596736,4406579200,361979904,4022874112,3937509376,731643904,21,13782704128
1791661053.068,484.340,indexer,718550365,590144058,128406307,11176673280,11201556480,1509752832,9400709120,3990265856,18169032704,27,13774028800
1791661053.068,484.340,zebrad,143738250,129330424,14407826,4404596736,4406579200,361979904,4022874112,3937509376,731643904,21,13774028800
1791661054.068,485.340,indexer,720258878,591509191,128749687,11091607552,11201556480,1520238592,9307312128,4000784384,18169032704,27,13770895360
1791661054.068,485.340,zebrad,143745132,129337289,14407842,4404330496,4406579200,361979904,4022874112,3937509376,731643904,21,13770895360
1791661055.068,486.340,indexer,722148791,593029761,129119029,11115806720,11201556480,1532821504,9318813696,4012285952,18169032704,27,13760159744
1791661055.068,486.340,zebrad,143752075,129342337,14409738,4404588544,4406579200,361979904,4022874112,3937509376,731643904,21,13760159744
1791661056.068,487.340,indexer,724156789,594603034,129553754,11142873088,11201556480,1547501568,9331171328,4024643584,18169032704,27,13742350336
1791661056.068,487.340,zebrad,143759138,129349294,14409844,4404580352,4406579200,361979904,4022874112,3937509376,731643904,21,13742350336
1791661057.068,488.340,indexer,726061862,596130401,129931460,11167318016,11201556480,1560084480,9343029248,4036501504,18169032704,27,13727625216
1791661057.068,488.340,zebrad,143766228,129356376,14409852,4404060160,4406579200,361979904,4022874112,3937509376,731643904,21,13727625216
1791661058.068,489.340,indexer,727739826,597439777,130300049,11190448128,11201556480,1572667392,9353543680,4047015936,18169032704,27,13720158208
1791661058.068,489.340,zebrad,143772900,129360979,14411921,4404322304,4406579200,361979904,4022874112,3937509376,731643904,21,13720158208
1791661059.068,490.340,indexer,729748457,599032064,130716393,11117236224,11201556480,1585250304,9267695616,4059734016,18169032704,27,13707100160
1791661059.068,490.340,zebrad,143779977,129367948,14412028,4404322304,4406579200,361979904,4022874112,3937509376,731643904,21,13707100160
1791661060.069,491.340,indexer,731590471,600508162,131082308,11141378048,11201556480,1597833216,9279340544,4071378944,18169032704,27,13692125184
1791661060.069,491.340,zebrad,143786437,129374363,14412074,4404318208,4406579200,361979904,4022874112,3937509376,731643904,21,13692125184
1791661061.069,492.340,indexer,733240014,601805532,131434481,11164676096,11201556480,1610416128,9289666560,4081709056,18169032704,27,13663830016
1791661061.069,492.340,zebrad,143792293,129379233,14413060,4404862976,4406960128,362713088,4022874112,3937509376,731643904,21,13663830016
1791661062.069,493.341,indexer,735262579,603541390,131721189,11008172032,11201556480,1444737024,9298874368,4091310080,18169032704,28,13835923456
1791661062.069,493.341,zebrad,143799261,129386201,14413060,4404862976,4406960128,362713088,4022874112,3937509376,731643904,21,13835923456
1791661063.069,494.341,indexer,737720238,605724506,131995731,11067785216,11201556480,1458221056,9344253952,4100440064,18169032704,28,13825527808
1791661063.069,494.341,zebrad,143806165,129392319,14413846,4404596736,4406960128,362713088,4022874112,3937509376,731643904,21,13825527808
1791661064.069,495.341,indexer,739321468,606938342,132383126,11110764544,11208433664,1465040896,9377492992,4106280960,18280460288,28,13819088896
1791661064.069,495.341,zebrad,143812588,129396698,14415889,4404858880,4406960128,362713088,4022874112,3937509376,731643904,21,13819088896
1791661065.069,496.341,indexer,739480985,607064505,132416479,11111448576,11208433664,1465040896,9378078720,4106866688,18473381888,28,13817282560
1791661065.069,496.341,zebrad,143818515,129401331,14417183,4404854784,4406960128,362713088,4022874112,3937509376,731643904,21,13817282560
1791661066.069,497.341,indexer,739718631,607266036,132452594,11111911424,11208433664,1465040896,9378848768,4107636736,18607333376,28,13816782848
1791661066.069,497.341,zebrad,143824532,129407247,14417285,4404842496,4406960128,362713088,4022874112,3937509376,731643904,21,13816782848
1791661067.069,498.341,indexer,740628599,608117282,132511317,11131789312,11208433664,1467138048,9395961856,4108087296,18689208320,28,13815791616
1791661067.069,498.341,zebrad,143824532,129407247,14417285,4404842496,4406960128,362713088,4022874112,3937509376,731643904,21,13815791616
1791661068.069,499.341,indexer,741350087,608735281,132614806,11133448192,11208433664,1467138048,9397456896,4109582336,18777743360,28,13817159680
1791661068.069,499.341,zebrad,143831414,129412541,14418873,4405100544,4406960128,362713088,4022874112,3937509376,731643904,21,13817159680
1791661069.069,500.341,indexer,741880427,609143423,132737004,11139969024,11208433664,1471332352,9399926784,4112052224,18976849920,28,13810896896
1791661069.069,500.341,zebrad,143839877,129420158,14419719,4404830208,4406960128,362713088,4022874112,3937509376,731643904,21,13810896896
1791661070.069,501.341,indexer,742866694,609935070,132931623,11151560704,11208433664,1477246976,9405435904,4117561344,19115532288,27,13806776320
1791661070.069,501.341,zebrad,143846252,129426395,14419856,4405088256,4406960128,362713088,4022874112,3937509376,731643904,21,13806776320
1791661071.069,502.341,indexer,744438933,611370584,133068349,11177857024,11208433664,1485041664,9423982592,4136108032,19115532288,27,13784977408
1791661071.069,502.341,zebrad,143852837,129432922,14419914,4405088256,4406960128,362717184,4022874112,3937509376,731643904,21,13784977408
1791661072.070,503.341,indexer,746038611,612713738,133324872,11087015936,11208433664,1491333120,9329713152,4145766400,19115532288,27,13779988480
1791661072.070,503.341,zebrad,143859761,129438954,14420807,4405350400,4406960128,362717184,4022874112,3937509376,731643904,21,13779988480
1791661073.070,504.341,indexer,747763435,614097884,133665550,11109806080,11208433664,1503916032,9339580416,4155633664,19115536384,27,13773393920
1791661073.070,504.341,zebrad,143867082,129446275,14420807,4405350400,4406960128,362717184,4022874112,3937509376,731643904,21,13773393920
1791661074.070,505.342,indexer,749631235,615643447,133987788,11132268544,11208433664,1515450368,9350684672,4166737920,19115536384,27,13766172672
1791661074.070,505.342,zebrad,143873598,129451707,14421890,4405346304,4406960128,362717184,4022874112,3937509376,731643904,21,13766172672
1791661075.070,506.342,indexer,751620550,617265396,134355154,11157106688,11208433664,1528033280,9362935808,4178989056,19115536384,27,13750202368
1791661075.070,506.342,zebrad,143880353,129458287,14422066,4405346304,4406960128,362717184,4022874112,3937509376,731643904,21,13750202368
1791661076.070,507.342,indexer,753587793,618872397,134715395,11182346240,11208433664,1540616192,9375305728,4191358976,19115536384,27,13740756992
1791661076.070,507.342,zebrad,143887200,129465134,14422066,4405075968,4406960128,362717184,4022874112,3937509376,731643904,21,13740756992
1791661077.070,508.342,indexer,755290290,620205814,135084476,11203305472,11208433664,1551101952,9385852928,4201906176,19115536384,27,13736599552
1791661077.070,508.342,zebrad,143893477,129471411,14422066,4405338112,4406960128,362717184,4022874112,3937509376,731643904,21,13736599552
1791661078.070,509.342,indexer,757174462,621707448,135467014,11124051968,11208433664,1565782016,9293561856,4213784576,19115536384,27,13724708864
1791661078.070,509.342,zebrad,143900158,129478092,14422066,4405338112,4406960128,362717184,4022874112,3937509376,731643904,21,13724708864
1791661079.070,510.342,indexer,759074067,623249602,135824464,11149111296,11208433664,1578364928,9305841664,4226064384,19115536384,27,13713326080
1791661079.070,510.342,zebrad,143906604,129484537,14422066,4405338112,4406960128,362717184,4022874112,3937509376,731643904,21,13713326080
1791661080.070,511.342,indexer,760710707,624538271,136172435,11170426880,11208433664,1588850688,9316306944,4236529664,19115536384,27,13705543680
1791661080.070,511.342,zebrad,143913288,129491131,14422156,4405329920,4406960128,362717184,4022874112,3937509376,731643904,21,13705543680
1791661081.070,512.342,indexer,762478654,625979318,136499336,11193810944,11208433664,1601433600,9327403008,4247625728,19115536384,27,13688958976
1791661081.070,512.342,zebrad,143920038,129497881,14422156,4405088256,4406960128,362717184,4022874112,3937509376,731643904,21,13688958976
1791661082.070,513.342,indexer,764354877,627463116,136891761,11112878080,11208433664,1614016512,9235259392,4259381248,19115536384,27,13672140800
1791661082.070,513.342,zebrad,143926954,129503931,14423022,4404822016,4406960128,362717184,4022874112,3937509376,731643904,21,13672140800
1791661083.070,514.342,indexer,766640920,629447347,137193572,10957115392,11208433664,1448652800,9246560256,4270682112,19115536384,28,13838467072
1791661083.070,514.342,zebrad,143934065,129510031,14424034,4404817920,4406960128,362717184,4022874112,3937509376,731643904,21,13838467072
1791661084.071,515.342,indexer,769206021,631648898,137557122,11096035328,11208433664,1472385024,9358368768,4281004032,19115536384,28,13818777600
1791661084.071,515.342,zebrad,143940357,129515093,14425264,4405080064,4406960128,362717184,4022874112,3937509376,731643904,21,13818777600
1791661085.071,516.342,indexer,771349703,633279977,138069725,11106217984,11208433664,1482010624,9353986048,4288827392,19154124800,28,13796880384
1791661085.071,516.342,zebrad,143946893,129520474,14426418,4405080064,4406960128,362717184,4022874112,3937509376,731643904,21,13796880384
1791661086.071,517.343,indexer,771489947,633391513,138098434,11108761600,11208433664,1484107776,9354481664,4289323008,19363835904,28,13792899072
1791661086.071,517.343,zebrad,143952744,129524339,14428405,4405067776,4406960128,362717184,4022874112,3937509376,731643904,21,13792899072
1791661087.071,518.343,indexer,771638399,633510174,138128224,11109380096,11208433664,1484107776,9354981376,4289822720,19598708736,28,13792796672
1791661087.071,518.343,zebrad,143959061,129530624,14428436,4405325824,4406960128,362717184,4022874112,3937509376,731643904,21,13792796672
1791661088.071,519.343,indexer,771822736,633641910,138180825,11180601344,11208433664,1484107776,9424359424,4290326528,19750060032,28,13789687808
1791661088.071,519.343,zebrad,143965083,129535745,14429338,4405317632,4406960128,362717184,4022874112,3937509376,731643904,21,13789687808
1791661089.071,520.343,indexer,772046885,633792381,138254503,11181821952,11208433664,1484369920,9425084416,4291051520,19844075520,28,13787795456
1791661089.071,520.343,zebrad,143971147,129540801,14430345,4405088256,4406960128,362717184,4022874112,3937509376,731643904,21,13787795456
1791661090.071,521.343,indexer,772313418,633979017,138334400,11183517696,11208433664,1485463552,9426083840,4292050944,19927543808,28,13786525696
1791661090.071,521.343,zebrad,143977226,129546572,14430653,4405342208,4406960128,362717184,4022874112,3937509376,731643904,21,13786525696
1791661091.071,522.343,indexer,772497013,634097913,138399100,11187081216,11208433664,1487925248,9426661376,4292628480,20043698176,28,13785329664
1791661091.071,522.343,zebrad,143983140,129551394,14431745,4405075968,4406960128,362717184,4022874112,3937509376,731643904,21,13785329664
1791661092.071,523.343,indexer,773170912,634644872,138526040,11086237696,11208433664,1490022400,9326379008,4296220672,20223369216,27,13776814080
1791661092.071,523.343,zebrad,143989752,129557045,14432707,4405338112,4406960128,362717184,4022874112,3937509376,731643904,21,13776814080
1791661093.071,524.343,indexer,775519739,636627473,138892266,11112194048,11208433664,1503309824,9338687488,4308533248,20223369216,27,13771669504
1791661093.071,524.343,zebrad,143993055,129560317,14432737,4405338112,4406960128,362717184,4022874112,3937509376,731643904,21,13771669504
1791661094.071,525.343,indexer,778282448,639036711,139245737,11133984768,11208433664,1514274816,9349640192,4319485952,20223369216,27,13759119360
1791661094.071,525.343,zebrad,143993055,129560317,14432737,4405338112,4406960128,362717184,4022874112,3937509376,731643904,21,13759119360
1791661095.072,526.343,indexer,780300328,640676081,139624246,11161952256,11208433664,1529524224,9361862656,4331704320,20223369216,27,13747027968
1791661095.072,526.343,zebrad,143999437,129565761,14433675,4405338112,4406960128,362717184,4022874112,3937509376,731643904,21,13747027968
1791661096.072,527.343,indexer,781971934,642002133,139969801,11078660096,11208433664,1540009984,9268310016,4342022144,20223369216,27,13744279552
1791661096.072,527.343,zebrad,144006084,129572243,14433840,4405334016,4406960128,362717184,4022874112,3937509376,731643904,21,13744279552
1791661097.072,528.343,indexer,783859153,643502654,140356499,11101474816,11208433664,1552592896,9280086016,4353798144,20223369216,27,13723709440
1791661097.072,528.343,zebrad,144012081,129578240,14433840,4405112832,4406960128,362717184,4022874112,3937509376,731643904,21,13723709440
1791661098.072,529.344,indexer,785808588,645073951,140734636,11126398976,11208433664,1565175808,9292316672,4366028800,20223369216,27,13709860864
1791661098.072,529.344,zebrad,144018729,129584725,14434004,4405370880,4406960128,362717184,4022874112,3937509376,731643904,21,13709860864
1791661099.072,530.344,indexer,787484628,646443482,141041146,11148488704,11208433664,1576542208,9302876160,4376588288,20223369216,27,13705011200
1791661099.072,530.344,zebrad,144027106,129593065,14434041,4405104640,4406960128,362717184,4022874112,3937509376,731643904,21,13705011200
1791661100.072,531.344,indexer,789259947,647834410,141425537,11171823616,11208433664,1588731904,9314054144,4387766272,20223369216,27,13694500864
1791661100.072,531.344,zebrad,144033507,129596423,14437083,4405100544,4406960128,362717184,4022874112,3937509376,731643904,21,13694500864
1791661101.072,532.344,indexer,791109311,649276555,141832756,11195670528,11208433664,1601241088,9325510656,4399222784,20223369216,27,13681573888
1791661101.072,532.344,zebrad,144040394,129603222,14437171,4405100544,4406960128,362733568,4022874112,3937509376,731643904,21,13681573888
1791661102.072,533.344,indexer,793119443,650890624,142228819,11111227392,11208433664,1615380480,9228767232,4411809792,20223369216,27,13673406464
1791661102.072,533.344,zebrad,144047587,129609596,14437990,4404609024,4406960128,362733568,4022874112,3937509376,731643904,21,13673406464
1791661103.072,534.344,indexer,794868906,652270474,142598432,11134226432,11208433664,1627439104,9239810048,4422848512,20223369216,27,13663752192
1791661103.072,534.344,zebrad,144054500,129615417,14439082,4405133312,4406960128,362733568,4022874112,3937509376,731643904,21,13663752192
1791661104.072,535.344,indexer,797322818,654424301,142898516,10987008000,11208433664,1469767680,9250308096,4433350656,20223369216,28,13813153792
1791661104.072,535.344,zebrad,144061018,129621884,14439134,4405133312,4406960128,362733568,4022874112,3937509376,731643904,21,13813153792
1791661105.072,536.344,indexer,799783621,656501669,143281951,11164909568,11208433664,1479245824,9413738496,4442980352,20223369216,28,13810200576
1791661105.072,536.344,zebrad,144067662,129628464,14439198,4405133312,4406960128,362733568,4022874112,3937509376,731643904,21,13810200576
1791661106.072,537.344,indexer,800626589,657083859,143542730,11081388032,11208433664,1483440128,9325699072,4445843456,20372717568,28,13793226752
1791661106.072,537.344,zebrad,144074774,129633764,14441009,4405133312,4406960128,362733568,4022874112,3937509376,731643904,21,13793226752
1791661107.073,538.344,indexer,800772461,657196805,143575655,11081560064,11208433664,1483440128,9326170112,4446314496,20582424576,28,13793587200
1791661107.073,538.344,zebrad,144080737,129639727,14441009,4405129216,4406960128,362733568,4022874112,3937509376,731643904,21,13793587200
1791661108.073,539.344,indexer,800994119,657344804,143649315,11133849600,11208433664,1483440128,9376935936,4446908416,20744466432,28,13793316864
1791661108.073,539.344,zebrad,144086814,129644900,14441913,4405125120,4406960128,362733568,4022874112,3937509376,731643904,21,13793316864
1791661109.073,540.345,indexer,801194224,657474999,143719225,11134558208,11208433664,1483440128,9377579008,4447551488,20824657920,28,13792235520
1791661109.073,540.345,zebrad,144093230,129651317,14441913,4405116928,4406960128,362733568,4022874112,3937509376,731643904,21,13792235520
1791661110.073,541.345,indexer,802341027,658553237,143787790,11137585152,11208433664,1485537280,9378246656,4448219136,20909408256,28,13787189248
1791661110.073,541.345,zebrad,144096261,129654348,14441913,4405116928,4406960128,362733568,4022874112,3937509376,731643904,21,13787189248
1791661111.073,542.345,indexer,802824847,658954034,143870812,11138670592,11208433664,1485537280,9379467264,4449439744,21076025344,28,13784813568
1791661111.073,542.345,zebrad,144103228,129661314,14441913,4404854784,4406960128,362733568,4022874112,3937509376,731643904,21,13784813568
1791661112.073,543.345,indexer,803866426,659803782,144062643,11150790656,11208433664,1491451904,9385353216,4455309312,21184962560,27,13781540864
1791661112.073,543.345,zebrad,144109983,129667655,14442327,4404588544,4406960128,362733568,4022874112,3937509376,731643904,21,13781540864
1791661113.073,544.345,indexer,805737676,661312384,144425291,11174379520,11208433664,1504034816,9396727808,4466683904,21184962560,27,13768024064
1791661113.073,544.345,zebrad,144116996,129674668,14442327,4404592640,4406960128,362733568,4022874112,3937509376,731643904,21,13768024064
1791661114.073,545.345,indexer,807778078,662977486,144800592,11096027136,11208433664,1517666304,9305006080,4478898176,21184962560,27,13756841984
1791661114.073,545.345,zebrad,144123291,129680934,14442356,4404592640,4406960128,362733568,4022874112,3937509376,731643904,21,13756841984
1791661115.073,546.345,indexer,809643291,664491638,145151653,11120173056,11208433664,1530249216,9316524032,4490412032,21184962560,27,13749567488
1791661115.073,546.345,zebrad,144129762,129687258,14442503,4404854784,4406960128,362733568,4022874112,3937509376,731643904,21,13749567488
1791661116.073,547.345,indexer,811350641,665844408,145506232,11143249920,11208433664,1542832128,9327071232,4500959232,21184962560,27,13736435712
1791661116.073,547.345,zebrad,144136616,129694027,14442588,4405108736,4406960128,362733568,4022874112,3937509376,731643904,21,13736435712
1791661117.073,548.345,indexer,813160563,667293525,145867038,11164823552,11208433664,1553317888,9338208256,4512096256,21184962560,27,13723484160
1791661117.073,548.345,zebrad,144143765,129701062,14442703,4405104640,4406960128,362733568,4022874112,3937509376,731643904,21,13723484160
1791661118.074,549.345,indexer,815077881,668795515,146282366,11189612544,11208433664,1565900800,9350033408,4523921408,21184962560,27,13708464128
1791661118.074,549.345,zebrad,144151269,129708566,14442703,4405104640,4406960128,362733568,4022874112,3937509376,731643904,21,13708464128
1791661119.074,550.345,indexer,817121438,670428329,146693109,11110191104,11208433664,1580580864,9258876928,4536762368,21184962560,27,13706412032
1791661119.074,550.345,zebrad,144157425,129713856,14443568,4405104640,4406960128,362733568,4022874112,3937509376,731643904,21,13706412032
1791661120.074,551.346,indexer,818787614,671750126,147037488,11132084224,11208433664,1591066624,9269813248,4547698688,21184962560,27,13700915200
1791661120.074,551.346,zebrad,144164411,129720744,14443666,4405100544,4406960128,362733568,4022874112,3937509376,731643904,21,13700915200
1791661121.074,552.346,indexer,820568384,673189432,147378951,11155910656,11208433664,1603649536,9281429504,4559314944,21184962560,27,13686611968
1791661121.074,552.346,zebrad,144171096,129727429,14443666,4405096448,4406960128,362733568,4022874112,3937509376,731643904,21,13686611968
1791661122.074,553.346,indexer,822580678,674811442,147769235,11180806144,11208433664,1616314368,9293463552,4571348992,21184962560,27,13667446784
1791661122.074,553.346,zebrad,144177894,129734227,14443666,4404891648,4406960128,362733568,4022874112,3937509376,731643904,21,13667446784
1791661123.074,554.346,indexer,824236759,676163397,148073361,11201896448,11208433664,1627295744,9303207936,4581093376,21184962560,27,13664505856
1791661123.074,554.346,zebrad,144184240,129740573,14443666,4404891648,4406960128,362733568,4022874112,3937509376,731643904,21,13664505856
1791661124.074,555.346,indexer,826591207,678224326,148366881,11052560384,11208433664,1468231680,9313099776,4590985216,21184962560,28,13813096448
1791661124.074,555.346,zebrad,144191385,129746822,14444562,4404891648,4406960128,362733568,4022874112,3937509376,731643904,21,13813096448
1791661125.074,556.346,indexer,829022188,680352591,148669597,11138748416,11208433664,1477156864,9388421120,4599889920,21184962560,28,13804179456
1791661125.074,556.346,zebrad,144198449,129753781,14444668,4404891648,4406960128,362733568,4022874112,3937509376,731643904,21,13804179456
1791661126.074,557.346,indexer,829993647,681041052,148952594,11114463232,11208433664,1481351168,9359298560,4602191872,21337346048,28,13803499520
1791661126.074,557.346,zebrad,144204972,129760152,14444820,4404645888,4406960128,362733568,4022874112,3937509376,731643904,21,13803499520
1791661127.074,558.346,indexer,830133159,681151221,148981937,11114602496,11208433664,1481351168,9359765504,4602658816,21522079744,28,13801181184
1791661127.074,558.346,zebrad,144211218,129765373,14445845,4404908032,4406960128,362733568,4022874112,3937509376,731643904,21,13801181184
1791661128.074,559.346,indexer,830364080,681314102,149049977,11161669632,11208433664,1481351168,9405239296,4603289600,21624016896,28,13799280640
1791661128.074,559.346,zebrad,144217811,129771907,14445904,4404908032,4406960128,362733568,4022874112,3937509376,731643904,21,13799280640
1791661129.074,560.346,indexer,830607094,681498496,149108597,11164741632,11208433664,1483448320,9405902848,4603953152,21712326656,28,13793562624
1791661129.074,560.346,zebrad,144225653,129777863,14447789,4404903936,4406960128,362733568,4022874112,3937509376,731643904,21,13793562624
1791661130.075,561.346,indexer,831009238,681811010,149198228,11166097408,11208433664,1483448320,9407610880,4605661184,21883068416,28,13794054144
1791661130.075,561.346,zebrad,144231645,129782956,14448688,4404903936,4406960128,362733568,4022874112,3937509376,731643904,21,13794054144
1791661131.075,562.346,indexer,831234768,681970434,149264334,11169103872,11208433664,1485545472,9408393216,4606443520,22060576768,28,13793742848
1791661131.075,562.346,zebrad,144237588,129787905,14449683,4404899840,4406960128,362733568,4022874112,3937509376,731643904,21,13793742848
1791661132.075,563.346,indexer,833039019,683575202,149463816,11181047808,11208433664,1491460096,9414402048,4612444160,22158462976,27,13788037120
1791661132.075,563.346,zebrad,144240724,129791027,14449696,4404633600,4406960128,362733568,4022874112,3937509376,731643904,21,13788037120
1791661133.075,564.347,indexer,835437691,685637182,149800508,11097387008,11208433664,1504043008,9320787968,4622868480,22158462976,27,13775405056
1791661133.075,564.347,zebrad,144243809,129791302,14452507,4404633600,4406960128,362733568,4022874112,3937509376,731643904,21,13775405056
1791661134.075,565.347,indexer,837064896,686930994,150133901,11117764608,11208433664,1514528768,9330638848,4632719360,22158462976,27,13767114752
1791661134.075,565.347,zebrad,144250458,129797786,14452671,4404633600,4406960128,362733568,4022874112,3937509376,731643904,21,13767114752
1791661135.075,566.347,indexer,838767342,688262109,150505232,11139682304,11208433664,1526063104,9340882944,4642967552,22158462976,27,13752938496
1791661135.075,566.347,zebrad,144256769,129804066,14452702,4404895744,4406960128,362733568,4022874112,3937509376,731643904,21,13752938496
1791661136.075,567.347,indexer,840591137,689707630,150883507,11163222016,11208433664,1538646016,9351782400,4653862912,22158462976,27,13739868160
1791661136.075,567.347,zebrad,144263648,129810858,14452790,4405145600,4406960128,362733568,4022874112,3937509376,731643904,21,13739868160
1791661137.075,568.347,indexer,842526968,691241601,151285366,11187494912,11208433664,1551228928,9363419136,4665499648,22158462976,27,13721223168
1791661137.075,568.347,zebrad,144270782,129817992,14452790,4404879360,4406960128,362733568,4022874112,3937509376,731643904,21,13721223168
1791661138.075,569.347,indexer,844300582,692684879,151615703,11104759808,11208433664,1562222592,9269846016,4675997696,22158462976,27,13728833536
1791661138.075,569.347,zebrad,144278000,129825210,14452790,4405141504,4406960128,362733568,4022874112,3937509376,731643904,21,13728833536
1791661139.075,570.347,indexer,845927058,693975481,151951577,11125817344,11208433664,1573326848,9279696896,4685848576,22158462976,27,13716766720
1791661139.075,570.347,zebrad,144284570,129831780,14452790,4405141504,4406960128,362733568,4022874112,3937509376,731643904,21,13716766720
1791661140.075,571.347,indexer,847565375,695241104,152324271,11147145216,11208433664,1584635904,9289736192,4695887872,22158462976,27,13703884800
1791661140.075,571.347,zebrad,144291582,129838792,14452790,4404600832,4406960128,362733568,4022874112,3937509376,731643904,21,13703884800
1791661141.075,572.347,indexer,849123243,696494240,152629002,11167133696,11208433664,1595166720,9299087360,4705239040,22158462976,27,13673779200
1791661141.075,572.347,zebrad,144297656,129844866,14452790,4405153792,4406960128,362733568,4022874112,3937509376,731643904,21,13673779200
1791661142.075,573.347,indexer,850929249,697918272,153010977,11089821696,11208433664,1607852032,9209831424,4716199936,22158462976,27,13675769856
1791661142.075,573.347,zebrad,144303835,129851045,14452790,4405149696,4406960128,362733568,4022874112,3937509376,731643904,21,13675769856
1791661143.076,574.347,indexer,852820271,699431082,153389189,11115757568,11208433664,1622532096,9221390336,4727758848,22158462976,27,13666058240
1791661143.076,574.347,zebrad,144310978,129858188,14452790,4405145600,4406960128,362733568,4022874112,3937509376,731643904,21,13666058240
1791661144.076,575.347,indexer,854846962,701119496,153727466,10962411520,11208433664,1458950144,9231872000,4738240512,22158462976,28,13815189504
1791661144.076,575.347,zebrad,144317993,129863773,14454219,4405145600,4406960128,362733568,4022874112,3937509376,731643904,21,13815189504
1791661145.076,576.348,indexer,857456568,703380489,154076078,11051905024,11208433664,1475059712,9303707648,4749529088,22158462976,28,13797580800
1791661145.076,576.348,zebrad,144325172,129870935,14454237,4405141504,4406960128,362733568,4022874112,3937509376,731643904,21,13797580800
1791661146.076,577.348,indexer,860015404,705343617,154671786,11188977664,11208433664,1485545472,9424646144,4759367680,22175551488,28,13793538048
1791661146.076,577.348,zebrad,144332083,129876954,14455128,4404641792,4406960128,362733568,4022874112,3937509376,731643904,21,13793538048
1791661147.076,578.348,indexer,860149196,705457798,154691398,11189174272,11208433664,1485545472,9425088512,4759810048,22418812928,28,13793071104
1791661147.076,578.348,zebrad,144337803,129881702,14456100,4404899840,4406960128,362733568,4022874112,3937509376,731643904,21,13793071104
1791661148.076,579.348,indexer,860293752,705580512,154713239,11189874688,11208433664,1485545472,9425571840,4760293376,22603231232,28,13792956416
1791661148.076,579.348,zebrad,144343851,129887746,14456104,4404633600,4406960128,362733568,4022874112,3937509376,731643904,21,13792956416
1791661149.076,580.348,indexer,860554313,705771966,154782346,11136909312,11208433664,1485643776,9373954048,4761059328,22707908608,28,13805162496
1791661149.076,580.348,zebrad,144349737,129893632,14456104,4405145600,4406960128,362733568,4022874112,3937509376,731643904,21,13805162496
1791661150.076,581.348,indexer,860782977,705936337,154846640,11138379776,11208433664,1486422016,9374642176,4761747456,22788329472,28,13804494848
1791661150.076,581.348,zebrad,144355704,129898614,14457089,4405403648,4406960128,362733568,4022874112,3937509376,731643904,21,13804494848
1791661151.076,582.348,indexer,861032761,706094612,154938149,11142004736,11208433664,1489362944,9375457280,4762562560,22879543296,28,13798998016
1791661151.076,582.348,zebrad,144361726,129904636,14457089,4405395456,4406960128,362733568,4022874112,3937509376,731643904,21,13798998016
1791661152.076,583.348,indexer,861268884,706251415,155017469,11142918144,11208433664,1489362944,9376165888,4763271168,23066234880,28,13799514112
1791661152.076,583.348,zebrad,144367863,129910774,14457089,4405391360,4406960128,362733568,4022874112,3937509376,731643904,21,13799514112
1791661153.076,584.348,indexer,862771617,707483005,155288612,11160698880,11208433664,1497751552,9385349120,4772446208,23135391744,27,13787418624
1791661153.076,584.348,zebrad,144373410,129916251,14457159,4405121024,4406960128,362733568,4022874112,3937509376,731643904,21,13787418624
1791661154.077,585.348,indexer,865552359,709919534,155632825,11184181248,11208433664,1510334464,9396084736,4783181824,23135391744,27,13778006016
1791661154.077,585.348,zebrad,144380364,129922309,14458054,4405379072,4406960128,362733568,4022874112,3937509376,731643904,21,13778006016
1791661155.077,586.348,indexer,867758150,711746762,156011388,11101356032,11208433664,1521868800,9303781376,4794810368,23135391744,27,13760716800
1791661155.077,586.348,zebrad,144387260,129929016,14458243,4405379072,4406960128,362733568,4022874112,3937509376,731643904,21,13760716800
1791661156.077,587.349,indexer,869478368,713091594,156386773,11124133888,11208433664,1534451712,9314172928,4805197824,23135391744,27,13754863616
1791661156.077,587.349,zebrad,144393750,129935506,14458243,4405387264,4406960128,362733568,4022874112,3937509376,731643904,21,13754863616
1791661157.077,588.349,indexer,871336489,714583897,156752591,11148234752,11208433664,1547034624,9325428736,4816449536,23135391744,27,13742616576
1791661157.077,588.349,zebrad,144400510,129941341,14459168,4404867072,4406960128,362733568,4022874112,3937509376,731643904,21,13742616576
1791661158.077,589.349,indexer,873298134,716155259,157142875,11172225024,11208433664,1559281664,9337176064,4828196864,23135391744,27,13727436800
1791661158.077,589.349,zebrad,144407377,129948209,14459168,4405125120,4406960128,362733568,4022874112,3937509376,731643904,21,13727436800
1791661159.077,590.349,indexer,875329003,717838108,157490895,11097657344,11208433664,1572904960,9249005568,4840284160,23135391744,27,13711396864
1791661159.077,590.349,zebrad,144418023,129957804,14460219,4405383168,4406960128,362733568,4022874112,3937509376,731643904,21,13711396864
1791661160.077,591.349,indexer,877028223,719189490,157838733,11120005120,11208433664,1584611328,9259388928,4850671616,23135391744,27,13706141696
1791661160.077,591.349,zebrad,144424549,129962276,14462273,4405125120,4406960128,362733568,4022874112,3937509376,731643904,21,13706141696
1791661161.077,592.349,indexer,878757768,720567902,158189865,11142234112,11208433664,1596481536,9269932032,4861210624,23135391744,27,13693308928
1791661161.077,592.349,zebrad,144431435,129967973,14463462,4405391360,4406960128,362770432,4022874112,3937509376,731643904,21,13693308928
1791661162.077,593.349,indexer,880619309,722005287,158614021,11166109696,11208433664,1609064448,9281097728,4872376320,23135391744,27,13679558656
1791661162.077,593.349,zebrad,144438213,129973973,14464240,4405391360,4406960128,362770432,4022874112,3937509376,731643904,21,13679558656
1791661163.077,594.349,indexer,882631397,723614703,159016693,11192004608,11208433664,1622802432,9293287424,4884570112,23135391744,27,13657899008
1791661163.077,594.349,zebrad,144445256,129980912,14464343,4405407744,4406960128,362770432,4022939648,3937509376,731643904,21,13657899008
1791661164.077,595.349,indexer,884959367,725571498,159387868,11039768576,11208433664,1458950144,9304809472,4896088064,23135391744,28,13814669312
1791661164.077,595.349,zebrad,144452181,129986744,14465436,4405141504,4406960128,362770432,4022939648,3937509376,731643904,21,13814669312
1791661165.077,596.349,indexer,887636558,727818551,159818006,11090751488,11208433664,1477156864,9335902208,4907376640,23135391744,28,13794562048
1791661165.077,596.349,zebrad,144459423,129993662,14465761,4405141504,4406960128,362770432,4022939648,3937509376,731643904,21,13794562048
1791661166.077,597.349,indexer,889484049,729216983,160267065,11143540736,11208433664,1485545472,9378115584,4914257920,23215685632,28,13787586560
1791661166.077,597.349,zebrad,144466106,129999377,14466729,4405239808,4406960128,362770432,4022939648,3937509376,731643904,21,13787586560
1791661167.078,598.349,indexer,889621385,729331550,160289835,11144261632,11208433664,1485545472,9378574336,4914716672,23475724288,28,13787353088
1791661167.078,598.349,zebrad,144472298,130005249,14467049,4405235712,4406960128,362770432,4022939648,3937509376,731643904,21,13787353088
1791661168.078,599.349,indexer,889824849,729491181,160333668,11145191424,11208433664,1485692928,9379246080,4915388416,23643107328,28,13784514560
1791661168.078,599.349,zebrad,144478396,130011347,14467049,4405227520,4406960128,362770432,4022939648,3937509376,731643904,21,13784514560
1791661169.078,600.350,indexer,890020296,729611485,160408811,11097845760,11208433664,1486237696,9332703232,4915871744,23724670976,28,13797466112
1791661169.078,600.350,zebrad,144484552,130016377,14468174,4405227520,4406960128,362770432,4022939648,3937509376,731643904,21,13797466112
1791661170.078,601.350,indexer,890269760,729779848,160489911,11099611136,11208433664,1486888960,9333993472,4917161984,23807655936,28,13795966976
1791661170.078,601.350,zebrad,144490546,130021972,14468574,4405489664,4406960128,362770432,4022939648,3937509376,731643904,21,13795966976
1791661171.078,602.350,indexer,891310515,730737590,160572924,11104395264,11208433664,1489362944,9336147968,4919316480,23907405824,28,13790015488
1791661171.078,602.350,zebrad,144497366,130027810,14469556,4405223424,4406960128,362770432,4022939648,3937509376,731643904,21,13790015488
1791661172.078,603.350,indexer,892684139,732042725,160641413,11134156800,11208433664,1518014464,9337499648,4920664064,24119939072,27,13753286656
1791661172.078,603.350,zebrad,144504583,130034205,14470378,4405223424,4406960128,362770432,4022939648,3937509376,731643904,21,13753286656
1791661173.078,604.350,indexer,895084224,734132630,160951594,11091595264,11208433664,1568526336,9244561408,4929904640,24119939072,27,13709910016
1791661173.078,604.350,zebrad,144511796,130038294,14473501,4405481472,4406960128,362770432,4022939648,3937509376,731643904,21,13709910016
1791661174.078,605.350,indexer,896881487,735554685,161326801,11113156608,11208433664,1579012096,9255317504,4940660736,24119939072,27,13694791680
1791661174.078,605.350,zebrad,144518236,130043789,14474446,4405477376,4406960128,362770432,4022939648,3937509376,731643904,21,13694791680
1791661175.078,606.350,indexer,898863537,737156623,161706914,11137929216,11208433664,1592446976,9267294208,4952637440,24119943168,27,13642256384
1791661175.078,606.350,zebrad,144524572,130050093,14474479,4405473280,4406960128,362770432,4022939648,3937509376,731643904,21,13642256384
1791661176.078,607.350,indexer,900869829,738726554,162143275,11163590656,11208433664,1605984256,9279311872,4964655104,24119943168,27,13645619200
1791661176.078,607.350,zebrad,144530716,130054120,14476595,4404961280,4406960128,362770432,4022939648,3937509376,731643904,21,13645619200
1791661177.078,608.350,indexer,902795391,740284756,162510635,11084394496,11208433664,1619906560,9187659776,4976168960,24119943168,27,13669343232
1791661177.078,608.350,zebrad,144538081,130060248,14477832,4404961280,4406960128,362770432,4022939648,3937509376,731643904,21,13669343232
1791661178.079,609.350,indexer,904884387,741962567,162921819,11110592512,11208433664,1633280000,9200369664,4988878848,24119943168,27,13640544256
1791661178.079,609.350,zebrad,144544643,130066054,14478588,4404961280,4406960128,362770432,4022939648,3937509376,731643904,21,13640544256
1791661179.079,610.350,indexer,906689789,743390025,163299764,11134132224,11208433664,1645789184,9211469824,4999979008,24119943168,27,13638451200
1791661179.079,610.350,zebrad,144551565,130072885,14478680,4404953088,4406960128,362770432,4022939648,3937509376,731643904,21,13638451200
1791661180.079,611.350,indexer,908362021,744725352,163636668,11156267008,11208433664,1657397248,9221775360,5010284544,24119943168,27,13627338752
1791661180.079,611.350,zebrad,144558253,130079304,14478949,4405215232,4406960128,362770432,4022939648,3937509376,731643904,21,13627338752
1791661181.079,612.351,indexer,910208475,746195309,164013165,11179679744,11208433664,1669824512,9232801792,5021310976,24119943168,27,13610115072
1791661181.079,612.351,zebrad,144564081,130084349,14479731,4405215232,4406960128,362770432,4022939648,3937509376,731643904,21,13610115072
1791661182.079,613.351,indexer,911965418,747588089,164377328,11095728128,11208433664,1682014208,9139576832,5032128512,24119943168,27,13605986304
1791661182.079,613.351,zebrad,144570499,130090625,14479873,4405215232,4406960128,362770432,4022939648,3937509376,731643904,21,13605986304
1791661183.079,614.351,indexer,913653846,748946228,164707618,11119935488,11208433664,1695404032,9150025728,5042577408,24119943168,27,13593423872
1791661183.079,614.351,zebrad,144576795,130096922,14479873,4405215232,4406960128,362770432,4022939648,3937509376,731643904,21,13593423872
1791661184.079,615.351,indexer,915828095,750835725,164992370,10968838144,11208433664,1535090688,9159761920,5052313600,24119943168,28,13739495424
1791661184.079,615.351,zebrad,144583743,130103146,14480596,4405215232,4406960128,362770432,4022939648,3937509376,731643904,21,13739495424
1791661185.079,616.351,indexer,918244095,752858420,165385675,11131080704,11208433664,1544007680,9308123136,5062012928,24119943168,28,13734412288
1791661185.079,616.351,zebrad,144590471,130109802,14480669,4405211136,4406960128,362770432,4022939648,3937509376,731643904,21,13734412288
1791661186.079,617.351,indexer,919285251,753594912,165690339,11155767296,11208433664,1548201984,9327194112,5065715712,24272338944,28,13723119616
1791661186.079,617.351,zebrad,144597804,130116202,14481602,4405239808,4406960128,362770432,4022939648,3937509376,731643904,21,13723119616
1791661187.079,618.351,indexer,919413794,753688308,165725485,11156201472,11208433664,1548201984,9327620096,5066141696,24482045952,28,13723090944
1791661187.079,618.351,zebrad,144603659,130122056,14481602,4405239808,4406960128,362770432,4022939648,3937509376,731643904,21,13723090944
1791661188.079,619.351,indexer,919625043,753866757,165758286,11158892544,11208433664,1550299136,9328295936,5066817536,24628412416,28,13715156992
1791661188.079,619.351,zebrad,144609555,130127178,14482376,4405239808,4406960128,362770432,4022939648,3937509376,731643904,21,13715156992
1791661189.079,620.351,indexer,919837110,753993017,165844093,11111006208,11208433664,1550299136,9278750720,5067415552,24709640192,28,13715120128
1791661189.079,620.351,zebrad,144617366,130134989,14482376,4405235712,4406960128,362770432,4022939648,3937509376,731643904,21,13715120128
1791661190.080,621.351,indexer,920395939,754424688,165971250,11115720704,11208433664,1552396288,9281314816,5069979648,24791007232,28,13717073920
1791661190.080,621.351,zebrad,144623058,130139932,14483126,4405231616,4406960128,362770432,4022939648,3937509376,731643904,21,13717073920
1791661191.080,622.351,indexer,920764402,754692313,166072089,11118440448,11208433664,1553690624,9282822144,5071486976,24881840128,28,13717512192
1791661191.080,622.351,zebrad,144628976,130145058,14483917,4405227520,4406960128,362782720,4022939648,3937509376,731713536,21,13717512192
1791661192.080,623.352,indexer,921568223,755419042,166149180,11122987008,11208433664,1556213760,9284468736,5073125376,25102176256,27,13716824064
1791661192.080,623.352,zebrad,144631758,130146861,14484896,4405227520,4406960128,362782720,4022939648,3937509376,731713536,21,13716824064
1791661193.080,624.352,indexer,924191276,757682491,166508784,11146108928,11208433664,1568796672,9294934016,5083590656,25102176256,27,13707571200
1791661193.080,624.352,zebrad,144635219,130149576,14485642,4405227520,4406960128,362782720,4022939648,3937509376,731713536,21,13707571200
1791661194.080,625.352,indexer,926168227,759279640,166888587,11171586048,11208433664,1582292992,9307156480,5095817216,25102176256,27,13675773952
1791661194.080,625.352,zebrad,144641531,130155857,14485673,4405219328,4406960128,362782720,4022939648,3937509376,731713536,21,13675773952
1791661195.080,626.352,indexer,927985406,760721743,167263662,11090513920,11208433664,1595924480,9214124032,5106692096,25102176256,27,13670076416
1791661195.080,626.352,zebrad,144648772,130163099,14485673,4405219328,4406960128,362782720,4022939648,3937509376,731713536,21,13670076416
1791661196.080,627.352,indexer,929934453,762294809,167639643,11114958848,11208433664,1608507392,9225875456,5118447616,25102176256,27,13655576576
1791661196.080,627.352,zebrad,144655649,130169064,14486584,4405215232,4406960128,362782720,4022939648,3937509376,731713536,21,13655576576
1791661197.080,628.352,indexer,931845580,763820074,168025505,11138981888,11208433664,1621090304,9237397504,5129965568,25102176256,27,13648175104
1791661197.080,628.352,zebrad,144662487,130175619,14486868,4405215232,4406960128,362782720,4022939648,3937509376,731713536,21,13648175104
1791661198.080,629.352,indexer,933471710,765131430,168340280,11159494656,11208433664,1631576064,9247068160,5139636224,25102176256,27,13643751424
1791661198.080,629.352,zebrad,144669023,130182102,14486921,4405215232,4406960128,362782720,4022939648,3937509376,731713536,21,13643751424
1791661199.080,630.352,indexer,935211157,766496774,168714383,11181490176,11208433664,1643024384,9257578496,5150146560,25102176256,27,13632090112
1791661199.080,630.352,zebrad,144675586,130188609,14486977,4405469184,4406960128,362782720,4022939648,3937509376,731713536,21,13632090112
1791661200.080,631.352,indexer,937031063,767938738,169092324,11099492352,11208433664,1656741888,9164570624,5161160704,25102176256,27,13618790400
1791661200.080,631.352,zebrad,144682542,130193468,14489074,4405469184,4406960128,362782720,4022939648,3937509376,731713536,21,13618790400
1791661201.081,632.352,indexer,938648141,769222223,169425917,11119968256,11208433664,1667227648,9174495232,5171085312,25102176256,27,13607653376
1791661201.081,632.352,zebrad,144689334,130199981,14489353,4405235712,4406960128,362782720,4022939648,3937509376,731713536,21,13607653376
1791661202.081,633.352,indexer,940375660,770579888,169795772,11143114752,11208433664,1679810560,9185165312,5181755392,25102176256,27,13599506432
1791661202.081,633.352,zebrad,144696146,130206111,14490034,4404969472,4406960128,362782720,4022939648,3937509376,731713536,21,13599506432
1791661203.081,634.352,indexer,942221468,772087837,170133630,11167252480,11208433664,1692393472,9196433408,5193027584,25102176256,27,13590351872
1791661203.081,634.352,zebrad,144703014,130212894,14490120,4405231616,4406960128,362782720,4022939648,3937509376,731713536,21,13590351872
1791661204.081,635.353,indexer,944452499,773940144,170512354,11013804032,11208433664,1527398400,9207365632,5203955712,25102176256,28,13734629376
1791661204.081,635.353,zebrad,144709363,130219208,14490155,4405227520,4406960128,362782720,4022939648,3937509376,731713536,21,13734629376
1791661205.081,636.353,indexer,947031100,776204071,170827028,11154706432,11208433664,1543507968,9328893952,5213077504,25102176256,28,13723697152
1791661205.081,636.353,zebrad,144716315,130225165,14491150,4405223424,4406960128,362782720,4022939648,3937509376,731713536,21,13723697152
1791661206.081,637.353,indexer,948871777,777625131,171246645,11167948800,11208433664,1549799424,9330348032,5218324480,25181667328,28,13711638528
1791661206.081,637.353,zebrad,144722909,130231758,14491150,4405219328,4406960128,362782720,4022939648,3937509376,731713536,21,13711638528
1791661207.081,638.353,indexer,949035577,777769945,171265632,11168473088,11208433664,1549799424,9330819072,5218795520,25399762944,28,13710712832
1791661207.081,638.353,zebrad,144729143,130237911,14491232,4405215232,4406960128,362782720,4022939648,3937509376,731713536,21,13710712832
1791661208.081,639.353,indexer,949207686,777920677,171287008,11168997376,11208433664,1549799424,9331273728,5219250176,25608282112,28,13710581760
1791661208.081,639.353,zebrad,144735333,130243882,14491451,4405473280,4406960128,362782720,4022939648,3937509376,731713536,21,13710581760
1791661209.081,640.353,indexer,949507142,778171062,171336079,11171880960,11208433664,1549799424,9334284288,5219901440,25703727104,28,13708828672
1791661209.081,640.353,zebrad,144741794,130250342,14491451,4404944896,4406960128,362782720,4022939648,3937509376,731713536,21,13708828672
1791661210.081,641.353,indexer,949750185,778348364,171401821,11174764544,11208433664,1551896576,9334829056,5220446208,25785520128,28,13703258112
1791661210.081,641.353,zebrad,144747915,130254706,14493209,4405207040,4406960128,362782720,4022939648,3937509376,731713536,21,13703258112
1791661211.081,642.353,indexer,950040663,778547293,171493370,11175026688,11208433664,1551896576,9335496704,5221113856,25876856832,28,13702754304
1791661211.081,642.353,zebrad,144753798,130260400,14493397,4405207040,4406960128,362782720,4022939648,3937509376,731713536,21,13702754304
1791661212.081,643.353,indexer,950292712,778720310,171572401,11176075264,11208433664,1551896576,9336094720,5221711872,26024226816,28,13703118848
1791661212.081,643.353,zebrad,144759710,130265421,14494289,4405207040,4406960128,362782720,4022939648,3937509376,731713536,21,13703118848
1791661213.082,644.354,indexer,951739159,780000814,171738344,11080122368,11208433664,1557811200,9236783104,5226434560,26099798016,27,13701873664
1791661213.082,644.354,zebrad,144766382,130272093,14494289,4405207040,4406960128,362782720,4022939648,3937509376,731713536,21,13701873664
1791661214.082,645.354,indexer,954457371,782512320,171945050,11095035904,11208433664,1566199808,9243471872,5233123328,26099798016,27,13690650624
1791661214.082,645.354,zebrad,144766397,130272108,14494289,4405207040,4406960128,362782720,4022939648,3937509376,731713536,21,13690650624
1791661215.082,646.354,indexer,956552825,784409003,172143822,11107442688,11208433664,1572491264,9249439744,5239091200,26099798016,27,13685084160
1791661215.082,646.354,zebrad,144773632,130278451,14495180,4405207040,4406960128,362782720,4022939648,3937509376,731713536,21,13685084160
1791661216.082,647.354,indexer,958474206,786090191,172384015,11120279552,11208433664,1578782720,9255653376,5245304832,26099798016,27,13686681600
1791661216.082,647.354,zebrad,144780284,130285104,14495180,4405207040,4406960128,362782720,4022939648,3937509376,731713536,21,13686681600
1791661217.082,648.354,indexer,960498542,787908657,172589884,11134119936,11208433664,1586122752,9262292992,5251944448,26099798016,27,13669953536
1791661217.082,648.354,zebrad,144787715,130292427,14495287,4405465088,4406960128,362782720,4022939648,3937509376,731713536,21,13669953536
1791661218.082,649.354,indexer,962509200,789673429,172835770,11150630912,11208433664,1594511360,9270149120,5259800576,26099798016,27,13665230848
1791661218.082,649.354,zebrad,144794321,130298072,14496248,4405465088,4406960128,362782720,4022939648,3937509376,731713536,21,13665230848
1791661219.083,650.354,indexer,964331569,791337774,172993794,11164635136,11208433664,1602899968,9276055552,5265707008,26099798016,27,13656784896
1791661219.083,650.354,zebrad,144802912,130305404,14497508,4405465088,4406960128,362782720,4022939648,3937509376,731713536,21,13656784896
1791661220.083,651.354,indexer,966021788,792876600,173145187,11174096896,11208433664,1607094272,9281323008,5270974464,26099798016,27,13654024192
1791661220.083,651.354,zebrad,144809583,130312008,14497575,4405460992,4406960128,362799104,4022939648,3937509376,731713536,21,13654024192
1791661221.083,652.355,indexer,967706435,794377775,173328659,11079266304,11208433664,1613385728,9182674944,5276286976,26099798016,27,13648076800
1791661221.083,652.355,zebrad,144816153,130318521,14497631,4405456896,4406960128,362799104,4022939648,3937509376,731713536,21,13648076800
1791661222.083,653.355,indexer,969488666,795998528,173490137,11091005440,11208433664,1619677184,9188216832,5281828864,26099798016,27,13645103104
1791661222.083,653.355,zebrad,144822774,130325081,14497693,4405190656,4406960128,362799104,4022939648,3937509376,731713536,21,13645103104
1791661223.083,654.355,indexer,971395610,797721271,173674338,11103215616,11208433664,1625968640,9194360832,5287972864,26099798016,27,13640601600
1791661223.083,654.355,zebrad,144829437,130331678,14497758,4405190656,4406960128,362799104,4022939648,3937509376,731713536,21,13640601600
1791661224.083,655.355,indexer,973239182,799343293,173895888,11118555136,11208433664,1634357248,9201295360,5294907392,26099798016,27,13627457536
1791661224.083,655.355,zebrad,144836129,130338370,14497758,4405190656,4406960128,362799104,4022939648,3937509376,731713536,21,13627457536
1791661225.083,656.355,indexer,974895636,800773212,174122424,11134038016,11208433664,1642745856,9208045568,5301657600,26099798016,27,13623758848
1791661225.083,656.355,zebrad,144842840,130344842,14497998,4405190656,4406960128,362799104,4022939648,3937509376,731713536,21,13623758848
1791661226.083,657.355,indexer,976567436,802245270,174322165,11146620928,11208433664,1649037312,9214582784,5308194816,26099798016,27,13615226880
1791661226.083,657.355,zebrad,144849528,130350460,14499067,4404736000,4406960128,362799104,4022939648,3937509376,731713536,21,13615226880
1791661227.083,658.355,indexer,978312997,803752127,174560869,11162025984,11208433664,1657425920,9221533696,5315149824,26099798016,27,13606719488
1791661227.083,658.355,zebrad,144855690,130355506,14500184,4404985856,4406960128,362799104,4022939648,3937509376,731713536,21,13606719488
1791661228.083,659.355,indexer,980145811,805328335,174817476,11178397696,11208433664,1665814528,9229230080,5322842112,26099798016,27,13598396416
1791661228.083,659.355,zebrad,144862304,130362120,14500184,4405243904,4406960128,362799104,4022939648,3937509376,731713536,21,13598396416
1791661229.084,660.355,indexer,982018171,806952576,175065595,11087884288,11208433664,1674203136,9133207552,5330653184,26099798016,27,13589528576
1791661229.084,660.355,zebrad,144868728,130367841,14500887,4404977664,4406960128,362799104,4022939648,3937509376,731713536,21,13589528576
1791661230.084,661.355,indexer,983961077,808576602,175384474,11110166528,11208433664,1686786048,9142808576,5340258304,26099798016,27,13571743744
1791661230.084,661.355,zebrad,144876126,130374098,14502027,4405239808,4406960128,362799104,4022939648,3937509376,731713536,21,13571743744
1791661231.084,662.355,indexer,985803097,810170758,175632339,11126353920,11208433664,1695174656,9150398464,5347844096,26099798016,27,13567688704
1791661231.084,662.355,zebrad,144882647,130379767,14502879,4404973568,4406960128,362799104,4022939648,3937509376,731713536,21,13567688704
1791661232.084,663.356,indexer,987867362,812021353,175846009,10964750336,11208433664,1527398400,9157922816,5355368448,26099798016,28,13729026048
1791661232.084,663.356,zebrad,144889668,130385786,14503882,4405231616,4406960128,362799104,4022939648,3937509376,731713536,21,13729026048
1791661233.084,664.356,indexer,990452243,814346708,176105534,11026599936,11208433664,1538785280,9207074816,5363924992,26099798016,28,13721030656
1791661233.084,664.356,zebrad,144896831,130392949,14503882,4405235712,4406960128,362799104,4022939648,3937509376,731713536,21,13721030656
1791661234.084,665.356,indexer,992702594,816133190,176569403,11106557952,11208433664,1545605120,9274290176,5369913344,26132463616,28,13733675008
1791661234.084,665.356,zebrad,144903653,130399674,14503979,4405489664,4406960128,362799104,4022939648,3937509376,731713536,21,13733675008
1791661235.084,666.356,indexer,992846299,816249475,176596824,11106734080,11208433664,1545605120,9274671104,5370294272,26342174720,28,13716471808
1791661235.084,666.356,zebrad,144910153,130405023,14505130,4405223424,4406960128,362799104,4022939648,3937509376,731713536,21,13716471808
1791661236.084,667.356,indexer,993008854,816387571,176621282,11107373056,11208433664,1545605120,9275076608,5370699776,26560274432,28,13716525056
1791661236.084,667.356,zebrad,144916287,130410343,14505943,4405227520,4406960128,362799104,4022939648,3937509376,731713536,21,13716525056
1791661237.084,668.356,indexer,993289696,816609781,176679914,11153346560,11208433664,1547702272,9317949440,5371351040,26677878784,28,13714247680
1791661237.084,668.356,zebrad,144922495,130414730,14507765,4404961280,4406960128,362799104,4022939648,3937509376,731713536,21,13714247680
1791661238.084,669.356,indexer,993497672,816753587,176744084,11154059264,11208433664,1547702272,9318404096,5371805696,26757193728,28,13714165760
1791661238.084,669.356,zebrad,144929734,130421946,14507788,4405223424,4406960128,362799104,4022939648,3937509376,731713536,21,13714165760
1791661239.085,670.356,indexer,993771993,816954488,176817505,11154976768,11208433664,1547702272,9319133184,5372534784,26846011392,28,13714558976
1791661239.085,670.356,zebrad,144936129,130428340,14507788,4405235712,4406960128,362803200,4022939648,3937509376,731713536,21,13714558976
1791661240.085,671.356,indexer,994075655,817197343,176878311,11157991424,11208433664,1549799424,9319993344,5373394944,26954334208,28,13711155200
1791661240.085,671.356,zebrad,144942264,130434476,14507788,4405231616,4406960128,362803200,4022939648,3937509376,731713536,21,13711155200
1791661241.085,672.357,indexer,994556109,817604181,176951927,11161198592,11208433664,1551896576,9321586688,5374980096,27136294912,27,13712388096
1791661241.085,672.357,zebrad,144948019,130440230,14507788,4405219328,4406960128,362803200,4022939648,3937509376,731713536,21,13712388096
1791661242.085,673.357,indexer,996891626,819755672,177135954,11173343232,11208433664,1557811200,9327628288,5381021696,27136294912,27,13706518528
1791661242.085,673.357,zebrad,144948056,130440268,14507788,4405219328,4406960128,362803200,4022939648,3937509376,731713536,21,13706518528
1791661243.085,674.357,indexer,999291982,821899969,177392012,11084062720,11208433664,1566199808,9230802944,5388062720,27136294912,27,13714542592
1791661243.085,674.357,zebrad,144951490,130443702,14507788,4405030912,4406960128,362803200,4022939648,3937509376,731713536,21,13714542592
1791661244.085,675.357,indexer,1001092985,823434537,177658448,11099512832,11208433664,1574588416,9238274048,5395533824,27136294912,27,13706608640
1791661244.085,675.357,zebrad,144958111,130449487,14508624,4405288960,4406960128,362803200,4022939648,3937509376,731713536,21,13706608640
1791661245.085,676.357,indexer,1003019032,825063315,177955716,11116417024,11208433664,1582977024,9246359552,5403619328,27136294912,27,13680766976
1791661245.085,676.357,zebrad,144965229,130453791,14511437,4405288960,4406960128,362803200,4022939648,3937509376,731713536,21,13680766976
1791661246.085,677.357,indexer,1004995987,826769571,178226416,11134197760,11208433664,1592414208,9254735872,5411995648,27136294912,27,13673758720
1791661246.085,677.357,zebrad,144972210,130460773,14511437,4405538816,4406960128,362803200,4022939648,3937509376,731713536,21,13673758720
1791661247.085,678.357,indexer,1006763622,828305121,178458500,11149549568,11208433664,1600802816,9262145536,5419405312,27136294912,27,13671497728
1791661247.085,678.357,zebrad,144978950,130467512,14511437,4405530624,4406960128,362803200,4022939648,3937509376,731713536,21,13671497728
1791661248.085,679.357,indexer,1008415311,829702840,178712470,11165274112,11208433664,1609191424,9268916224,5426176000,27136294912,27,13664473088
1791661248.085,679.357,zebrad,144985606,130474032,14511573,4405530624,4406960128,362803200,4022939648,3937509376,731713536,21,13664473088
1791661249.085,680.357,indexer,1010187624,831219630,178967993,11180097536,11208433664,1616547840,9276551168,5433810944,27136294912,27,13646528512
1791661249.085,680.357,zebrad,144994540,130481072,14513468,4405522432,4406960128,362803200,4022939648,3937509376,731713536,21,13646528512
1791661250.086,681.357,indexer,1012076746,832733865,179342880,11098566656,11208433664,1630162944,9184210944,5445496832,27136294912,27,13633105920
1791661250.086,681.357,zebrad,145001447,130487289,14514158,4405518336,4406960128,362803200,4022939648,3937509376,731713536,21,13633105920
1791661251.086,682.357,indexer,1013690520,834064960,179625560,11117211648,11208433664,1640648704,9192312832,5453602816,27136294912,27,13631795200
1791661251.086,682.357,zebrad,145008174,130494016,14514158,4405514240,4406960128,362819584,4022939648,3937509376,731713536,21,13631795200
1791661252.086,683.358,indexer,1015277543,835387822,179889721,11133390848,11208433664,1649037312,9200193536,5461479424,27136294912,27,13624053760
1791661252.086,683.358,zebrad,145014521,130500257,14514264,4405510144,4406960128,362819584,4022939648,3937509376,731713536,21,13624053760
1791661253.086,684.358,indexer,1016977346,836788665,180188680,11150299136,11208433664,1657425920,9208692736,5469978624,27136294912,27,13617922048
1791661253.086,684.358,zebrad,145021535,130507271,14514264,4405510144,4406960128,362819584,4022939648,3937509376,731713536,21,13617922048
1791661254.086,685.358,indexer,1018719843,838197647,180522195,11169787904,11208433664,1667911680,9217507328,5478793216,27136294912,27,13610684416
1791661254.086,685.358,zebrad,145028417,130514152,14514264,4405510144,4406960128,362819584,4022939648,3937509376,731713536,21,13610684416
1791661255.086,686.358,indexer,1020622527,839796857,180825670,11190132736,11208433664,1678397440,9227202560,5488488448,27136294912,27,13601071104
1791661255.086,686.358,zebrad,145035102,130518078,14517023,4405510144,4406960128,362819584,4022939648,3937509376,731713536,21,13601071104
1791661256.086,687.358,indexer,1022545700,841446026,181099674,11103055872,11208433664,1688887296,9132425216,5497729024,27136294912,27,13589499904
1791661256.086,687.358,zebrad,145042217,130524383,14517834,4405530624,4406960128,362819584,4022939648,3937509376,731713536,21,13589499904
1791661257.086,688.358,indexer,1024321302,842993742,181327560,11118895104,11208433664,1697275904,9139908608,5505212416,27136294912,27,13584883712
1791661257.086,688.358,zebrad,145048912,130531077,14517834,4405530624,4406960128,362819584,4022939648,3937509376,731713536,21,13584883712
1791661258.086,689.358,indexer,1026569809,845055230,181514579,10956025856,11208433664,1527402496,9147453440,5512757248,27136294912,28,13744447488
1791661258.086,689.358,zebrad,145055730,130536844,14518885,4405522432,4406960128,362819584,4022939648,3937509376,731713536,21,13744447488
1791661259.086,690.358,indexer,1029101471,847269022,181832448,11093291008,11208433664,1540886528,9266511872,5520515072,27136294912,28,13731102720
1791661259.086,690.358,zebrad,145062461,130541601,14520860,4405256192,4406960128,362819584,4022939648,3937509376,731713536,21,13731102720
1791661260.087,691.358,indexer,1030168959,848016281,182152677,11185213440,11208433664,1543512064,9352572928,5523300352,27291422720,28,13744238592
1791661260.087,691.358,zebrad,145069452,130547693,14521759,4405256192,4406960128,362819584,4022939648,3937509376,731713536,21,13744238592
1791661261.087,692.358,indexer,1030348253,848161339,182186914,11187777536,11208433664,1545609216,9353068544,5523795968,27517906944,28,13737828352
1791661261.087,692.358,zebrad,145075075,130553254,14521821,4405010432,4406960128,362819584,4022939648,3937509376,731713536,21,13737828352
1791661262.087,693.358,indexer,1030548964,848334949,182214014,11188310016,11208433664,1545609216,9353629696,5524357120,27656015872,28,13736902656
1791661262.087,693.358,zebrad,145080924,130558918,14522005,4405268480,4406960128,362819584,4022939648,3937509376,731713536,21,13736902656
1791661263.087,694.359,indexer,1030907437,848619845,182287591,11110408192,11208433664,1545609216,9277693952,5525430272,27746099200,28,13739642880
1791661263.087,694.359,zebrad,145087024,130565008,14522015,4405268480,4406960128,362819584,4022939648,3937509376,731713536,21,13739642880
1791661264.087,695.359,indexer,1031532258,849162731,182369526,11114258432,11208433664,1547706368,9279324160,5527060480,27827585024,28,13735038976
1791661264.087,695.359,zebrad,145093344,130571297,14522046,4405256192,4406960128,362819584,4022939648,3937509376,731713536,21,13735038976
1791661265.087,696.359,indexer,1032869163,850392863,182476300,11118010368,11208433664,1549803520,9280962560,5528698880,27921846272,28,13730189312
1791661265.087,696.359,zebrad,145099557,130577489,14522067,4405256192,4406960128,362819584,4022939648,3937509376,731713536,21,13730189312
1791661266.087,697.359,indexer,1033393064,850792042,182601021,11121733632,11208433664,1551900672,9282650112,5530386432,28068052992,28,13715144704
1791661266.087,697.359,zebrad,145105435,130583180,14522255,4405252096,4406960128,362819584,4022939648,3937509376,731713536,21,13715144704
1791661267.087,698.359,indexer,1034571272,851798427,182772845,11129593856,11208433664,1555247104,9287217152,5534957568,28156829696,27,13711560704
1791661267.087,698.359,zebrad,145112070,130587950,14524119,4404981760,4406960128,362819584,4022939648,3937509376,731713536,21,13711560704
1791661268.087,699.359,indexer,1036534080,853457609,183076470,11150303232,11208433664,1566203904,9296658432,5544394752,28156829696,27,13702160384
1791661268.087,699.359,zebrad,145119014,130594894,14524119,4405243904,4406960128,362819584,4022939648,3937509376,731713536,21,13702160384
1791661269.087,700.359,indexer,1038441579,855050633,183390945,11172327424,11208433664,1578786816,9306435584,5554171904,28156829696,27,13692280832
1791661269.087,700.359,zebrad,145125495,130599432,14526062,4404998144,4406960128,362819584,4022939648,3937509376,731713536,21,13692280832
1791661270.087,701.359,indexer,1040143263,856447383,183695879,11190390784,11208433664,1588224000,9314926592,5562662912,28156833792,27,13683326976
1791661270.087,701.359,zebrad,145132109,130605885,14526223,4405256192,4406960128,362819584,4022939648,3937509376,731713536,21,13683326976
1791661271.087,702.359,indexer,1041835162,857853305,183981857,11102638080,11208433664,1596612608,9219596288,5570981888,28156833792,27,13684051968
1791661271.087,702.359,zebrad,145138931,130612325,14526605,4405047296,4406960128,362819584,4022939648,3937509376,731713536,21,13684051968
1791661272.087,703.359,indexer,1043541781,859243205,184298576,11121418240,11208433664,1607098368,9227988992,5579374592,28156833792,27,13674160128
1791661272.087,703.359,zebrad,145145819,130618224,14527595,4405305344,4406960128,362819584,4022939648,3937509376,731713536,21,13674160128
1791661273.088,704.359,indexer,1045303271,860706117,184597154,11138867200,11208433664,1615486976,9236738048,5588123648,28156833792,27,13670772736
1791661273.088,704.359,zebrad,145152393,130623840,14528552,4405039104,4406960128,362819584,4022939648,3937509376,731713536,21,13670772736
1791661274.088,705.359,indexer,1047151314,862252468,184898846,11158867968,11208433664,1625972736,9246052352,5597437952,28156833792,27,13657702400
1791661274.088,705.359,zebrad,145158745,130628256,14530489,4405039104,4406960128,362819584,4022939648,3937509376,731713536,21,13657702400
1791661275.088,706.360,indexer,1049054266,863849532,185204733,11178418176,11208433664,1636458496,9254678528,5606674432,28156833792,27,13643395072
1791661275.088,706.360,zebrad,145165561,130634991,14530570,4405301248,4406960128,362819584,4022939648,3937509376,731713536,21,13643395072
1791661276.088,707.360,indexer,1050975155,865471121,185504033,11193217024,11208433664,1645699072,9260969984,5615239168,28156833792,27,13638672384
1791661276.088,707.360,zebrad,145171949,130641340,14530608,4405547008,4406960128,362819584,4022939648,3937509376,731713536,21,13638672384
1791661277.088,708.360,indexer,1052704886,866940718,185764168,11105353728,11208433664,1655332864,9164460032,5622693888,28156833792,27,13630005248
1791661277.088,708.360,zebrad,145178965,130648356,14530608,4405538816,4406960128,362819584,4022939648,3937509376,731713536,21,13630005248
1791661278.088,709.360,indexer,1054342948,868337905,186005043,11118780416,11208433664,1662238720,9171087360,5629194240,28156833792,27,13620178944
1791661278.088,709.360,zebrad,145186048,130654630,14531417,4405530624,4406960128,362819584,4022939648,3937509376,731713536,21,13620178944
1791661279.088,710.360,indexer,1056051814,869757124,186294690,11137650688,11208433664,1672724480,9179037696,5637144576,28156833792,27,13611163648
1791661279.088,710.360,zebrad,145194918,130662513,14532404,4405530624,4406960128,362819584,4022939648,3937509376,731713536,21,13611163648
1791661280.088,711.360,indexer,1057838806,871268512,186570294,11154255872,11208433664,1681113088,9187266560,5645369344,28156833792,27,13603409920
1791661280.088,711.360,zebrad,145202406,130668852,14533553,4405526528,4406960128,362819584,4022939648,3937509376,731713536,21,13603409920
1791661281.088,712.360,indexer,1059689489,872830253,186859236,11171102720,11208433664,1689731072,9195675648,5653778432,28156833792,27,13591810048
1791661281.088,712.360,zebrad,145209165,130674935,14534229,4405256192,4406960128,362819584,4022939648,3937509376,731713536,21,13591810048
1791661282.089,713.360,indexer,1061612127,874472787,187139340,11017072640,11208433664,1527746560,9203818496,5661921280,28156833792,28,13730291712
1791661282.089,713.360,zebrad,145215956,130680848,14535108,4404756480,4406960128,362819584,4022939648,3937509376,731713536,21,13730291712
1791661283.089,714.360,indexer,1064144935,876761407,187383527,11035160576,11208433664,1537036288,9212751872,5670854656,28156833792,28,13720846336
1791661283.089,714.360,zebrad,145222129,130685903,14536226,4405280768,4406960128,362819584,4022939648,3937509376,731713536,21,13720846336
1791661284.089,715.361,indexer,1066755576,878964152,187791423,11116789760,11208433664,1546924032,9281544192,5678522368,28156833792,28,13708705792
1791661284.089,715.361,zebrad,145228969,130691858,14537110,4405280768,4406960128,362819584,4022939648,3937509376,731713536,21,13708705792
1791661285.089,716.361,indexer,1067394931,879418675,187976255,11127390208,11208433664,1549021184,9289019392,5680128000,28355747840,28,13704617984
1791661285.089,716.361,zebrad,145235151,130697722,14537428,4405280768,4406960128,362819584,4022939648,3937509376,731713536,21,13704617984
1791661286.089,717.361,indexer,1067526747,879532616,187994131,11127914496,11208433664,1549021184,9289334784,5680443392,28548685824,28,13700861952
1791661286.089,717.361,zebrad,145241240,130702902,14538338,4405280768,4406960128,362819584,4022939648,3937509376,731713536,21,13700861952
1791661287.089,718.361,indexer,1067773482,879747673,188025809,11130798080,11208433664,1551118336,9290010624,5681119232,28684517376,28,13694529536
1791661287.089,718.361,zebrad,145246895,130708391,14538503,4405280768,4406960128,362819584,4022939648,3937509376,731713536,21,13694529536
1791661288.089,719.361,indexer,1068011125,879931107,188080017,11157012480,11208433664,1551118336,9315721216,5681635328,28768555008,28,13695803392
1791661288.089,719.361,zebrad,145253339,130714792,14538547,4405276672,4406960128,362819584,4022939648,3937509376,731713536,21,13695803392
1791661289.089,720.361,indexer,1068670440,880471123,188199317,11161350144,11208433664,1553215488,9317990400,5683904512,28847091712,28,13691768832
1791661289.089,720.361,zebrad,145259503,130720039,14539463,4405276672,4406960128,362819584,4022939648,3937509376,731713536,21,13691768832
1791661290.089,721.361,indexer,1069430226,881099611,188330615,11165544448,11208433664,1555312640,9319940096,5685858304,28943200256,28,13693173760
1791661290.089,721.361,zebrad,145265695,130725011,14540683,4405276672,4406960128,362819584,4022939648,3937509376,731713536,21,13693173760
1791661291.181,722.453,indexer,1070847975,882405902,188442072,11169226752,11208433664,1557409792,9321213952,5687128064,29117034496,28,13689790464
1791661291.181,722.453,zebrad,145269083,130728399,14540683,4405276672,4406960128,362819584,4022939648,3937509376,731713536,21,13689790464
1791661292.181,723.453,indexer,1072110881,883475600,188635281,11073191936,11208433664,1563324416,9222238208,5692039168,29175869440,27,13692325888
1791661292.181,723.453,zebrad,145276291,130733747,14542544,4405026816,4406960128,362819584,4022939648,3937509376,731713536,21,13692325888
1791661293.181,724.453,indexer,1073719224,884846346,188872877,11085590528,11208433664,1569615872,9228488704,5698289664,29175869440,27,13689856000
1791661293.181,724.453,zebrad,145283162,130739531,14543631,4405026816,4406960128,362819584,4022939648,3937509376,731713536,21,13689856000
1791661294.181,725.453,indexer,1075432880,886313969,189118911,11100606464,11208433664,1578004480,9235013632,5704814592,29175869440,27,13678817280
1791661294.181,725.453,zebrad,145289932,130746300,14543631,4405026816,4406960128,362819584,4022939648,3937509376,731713536,21,13678817280
1791661295.181,726.453,indexer,1077329419,887959157,189370262,11116597248,11208433664,1586393088,9242517504,5712318464,29175869440,27,13669801984
1791661295.181,726.453,zebrad,145296687,130752203,14544483,4405026816,4406960128,362819584,4022939648,3937509376,731713536,21,13669801984
1791661296.181,727.453,indexer,1079179216,889552432,189626784,11131572224,11208433664,1593819136,9250045952,5719846912,29175869440,27,13657616384
1791661296.181,727.453,zebrad,145303167,130756734,14546432,4405026816,4406960128,362819584,4022939648,3937509376,731713536,21,13657616384
1791661297.182,728.453,indexer,1080804478,890944977,189859500,11146383360,11208433664,1602240512,9256611840,5726412800,29175869440,27,13651922944
1791661297.182,728.453,zebrad,145309658,130762175,14547482,4405026816,4406960128,362819584,4022939648,3937509376,731713536,21,13651922944
1791661298.182,729.453,indexer,1082420306,892324235,190096071,11159228416,11208433664,1608531968,9262903296,5732704256,29175869440,27,13649346560
1791661298.182,729.453,zebrad,145316410,130767852,14548557,4405026816,4406960128,362819584,4022939648,3937509376,731713536,21,13649346560
1791661299.182,730.454,indexer,1084104706,893733502,190371203,11174035456,11208433664,1616920576,9269473280,5739274240,29175869440,27,13637578752
1791661299.182,730.454,zebrad,145323560,130773986,14549573,4405026816,4406960128,362819584,4022939648,3937509376,731713536,21,13637578752
1791661300.182,731.454,indexer,1085831739,895219292,190612447,11084861440,11208433664,1625309184,9172590592,5746364416,29175869440,27,13632745472
1791661300.182,731.454,zebrad,145330205,130779466,14550738,4405026816,4406960128,362819584,4022939648,3937509376,731713536,21,13632745472
1791661301.182,732.454,indexer,1087584549,896694743,190889806,11100090368,11208433664,1633697792,9180102656,5753876480,29175869440,27,13622153216
1791661301.182,732.454,zebrad,145337146,130785313,14551833,4405026816,4406960128,362819584,4022939648,3937509376,731713536,21,13622153216
1791661302.182,733.454,indexer,1089484830,898326853,191157977,11116867584,11208433664,1642086400,9188528128,5762301952,29175869440,27,13617795072
1791661302.182,733.454,zebrad,145344057,130792133,14551923,4405026816,4406960128,362819584,4022939648,3937509376,731713536,21,13617795072
1791661303.182,734.454,indexer,1091349242,899924596,191424645,11133435904,11208433664,1650475008,9196617728,5770391552,29175869440,27,13614800896
1791661303.182,734.454,zebrad,145351507,130798437,14553069,4405026816,4406960128,362819584,4022939648,3937509376,731713536,21,13614800896
1791661304.182,735.454,indexer,1093145206,901501795,191643411,11146653696,11208433664,1657438208,9202855936,5776629760,29175869440,27,13601550336
1791661304.182,735.454,zebrad,145358257,130804112,14554144,4405026816,4406960128,362819584,4022939648,3937509376,731713536,21,13601550336
1791661305.182,736.454,indexer,1094935728,903059615,191876112,11159912448,11208433664,1664475136,9209094144,5782872064,29175869440,27,13600235520
1791661305.182,736.454,zebrad,145365659,130811174,14554485,4405026816,4406960128,362819584,4022939648,3937509376,731713536,21,13600235520
1791661306.182,737.454,indexer,1096804934,904728043,192076890,11173380096,11208433664,1671540736,9215377408,5789151232,29175869440,27,13591769088
1791661306.182,737.454,zebrad,145372534,130817862,14554672,4405026816,4406960128,362819584,4022939648,3937509376,731713536,21,13591769088
1791661307.182,738.454,indexer,1098757473,906446399,192311074,11179147264,11208433664,1679142912,9213472768,5795901440,29175869440,27,13600387072
1791661307.182,738.454,zebrad,145379115,130824386,14554729,4405026816,4406960128,362819584,4022939648,3937509376,731713536,21,13600387072
1791661308.183,739.454,indexer,1100657672,908129019,192528653,11193270272,11208433664,1686745088,9220218880,5802643456,29175869440,27,13591416832
1791661308.183,739.454,zebrad,145385886,130829278,14556608,4405026816,4406960128,362819584,4022939648,3937509376,731713536,21,13591416832
1791661309.183,740.454,indexer,1102325682,909614249,192711433,11102015488,11208433664,1694515200,9121968128,5808373760,29175869440,27,13587767296
1791661309.183,740.454,zebrad,145394644,130835259,14559385,4405022720,4406960128,362819584,4022939648,3937509376,731713536,21,13587767296
1791661310.183,741.455,indexer,1104126912,911088090,193038822,10948390912,11208433664,1531203584,9131995136,5818404864,29175869440,28,13735333888
1791661310.183,741.455,zebrad,145401271,130840722,14560548,4405022720,4406960128,362819584,4022939648,3937509376,731713536,21,13735333888
1791661311.183,742.455,indexer,1106381066,913072472,193308594,10973257728,11208433664,1544835072,9143402496,5829808128,29175869440,28,13727158272
1791661311.183,742.455,zebrad,145408230,130847586,14560644,4405022720,4406960128,362819584,4022939648,3937509376,731713536,21,13727158272
1791661312.183,743.455,indexer,1108690206,914988347,193701859,11112030208,11208433664,1553887232,9269100544,5841526784,29175869440,28,13720088576
1791661312.183,743.455,zebrad,145415131,130854486,14560644,4405022720,4406960128,362819584,4022939648,3937509376,731713536,21,13720088576
1791661313.183,744.455,indexer,1109811824,915754297,194057527,11186929664,11208433664,1558081536,9336541184,5845504000,29330870272,28,13711310848
1791661313.183,744.455,zebrad,145421858,130861152,14560705,4405022720,4406960128,362819584,4022939648,3937509376,731713536,21,13711310848
1791661314.183,745.455,indexer,1109938252,915856221,194082030,11187384320,11208433664,1558081536,9336958976,5845921792,29523800064,28,13709889536
1791661314.183,745.455,zebrad,145428312,130867606,14560705,4405022720,4406960128,362819584,4022939648,3937509376,731713536,21,13709889536
1791661315.183,746.455,indexer,1110111335,915993701,194117634,11188080640,11208433664,1558179840,9337552896,5846515712,29687451648,28,13707309056
1791661315.183,746.455,zebrad,145434640,130873934,14560705,4405022720,4406960128,362819584,4022939648,3937509376,731713536,21,13707309056
1791661316.183,747.455,indexer,1110347962,916158945,194189016,11149160448,11208433664,1558917120,9297391616,5847171072,29775982592,28,13720854528
1791661316.183,747.455,zebrad,145440402,130879696,14560705,4405022720,4406960128,362819584,4022939648,3937509376,731713536,21,13720854528
1791661317.183,748.455,indexer,1110609781,916356031,194253749,11151466496,11208433664,1559543808,9298989056,5848768512,29858226176,28,13719257088
1791661317.183,748.455,zebrad,145440402,130879696,14560705,4405022720,4406960128,362819584,4022939648,3937509376,731713536,21,13719257088
1791661318.183,749.455,indexer,1111345532,917007931,194337601,11155312640,11208433664,1561899008,9300688896,5850468352,29952143360,28,13715025920
1791661318.183,749.455,zebrad,145440501,130879795,14560705,4405022720,4406960128,362819584,4022939648,3937509376,731713536,21,13715025920
1791661319.183,750.455,indexer,1112169661,917755926,194413735,11156021248,11208433664,1561899008,9301336064,5851115520,30090874880,28,13713645568
1791661319.183,750.455,zebrad,145443803,130883098,14560705,4405022720,4406960128,362819584,4022939648,3937509376,731713536,21,13713645568
1791661320.184,751.455,indexer,1112797312,918233155,194564156,11163328512,11208433664,1566093312,9304100864,5854433280,30232129536,27,13710598144
1791661320.184,751.455,zebrad,145449704,130887215,14562489,4405018624,4406960128,362819584,4022939648,3937509376,731713536,21,13710598144
1791661321.184,752.455,indexer,1114730600,919797221,194933378,11187871744,11208433664,1578676224,9316458496,5866237952,30232129536,27,13695397888
1791661321.184,752.455,zebrad,145456678,130894092,14562585,4405239808,4406960128,362819584,4022939648,3937509376,731713536,21,13695397888
1791661322.184,753.455,indexer,1116729632,921398376,195331255,11109830656,11208433664,1592307712,9224736768,5878460416,30232129536,27,13678063616
1791661322.184,753.455,zebrad,145463694,130900106,14563587,4405239808,4406960128,362819584,4022939648,3937509376,731713536,21,13678063616
1791661323.184,754.456,indexer,1118413119,922732820,195680299,11132674048,11208433664,1604890624,9234874368,5888577536,30232129536,27,13673611264
1791661323.184,754.456,zebrad,145470403,130905944,14564458,4405051392,4406960128,362819584,4022939648,3937509376,731713536,21,13673611264
1791661324.184,755.456,indexer,1120224363,924196380,196027983,11155673088,11208433664,1617473536,9245650944,5899354112,30232129536,27,13656371200
1791661324.184,755.456,zebrad,145476954,130911540,14565414,4405309440,4406960128,362819584,4022939648,3937509376,731713536,21,13656371200
1791661325.184,756.456,indexer,1122120866,925703698,196417167,11179843584,11208433664,1630056448,9256972288,5910675456,30232129536,27,13647499264
1791661325.184,756.456,zebrad,145483940,130918428,14565512,4405047296,4406960128,362819584,4022939648,3937509376,731713536,21,13647499264
1791661326.184,757.456,indexer,1124156585,927342733,196813851,11097993216,11208433664,1642639360,9165320192,5922963456,30232129536,27,13628551168
1791661326.184,757.456,zebrad,145491184,130925672,14565512,4405321728,4406960128,362819584,4022939648,3937509376,731713536,21,13628551168
1791661327.184,758.456,indexer,1125954128,928805767,197148360,11121790976,11208433664,1655222272,9176289280,5933932544,30232129536,27,13619572736
1791661327.184,758.456,zebrad,145497558,130931986,14565572,4405321728,4406960128,362819584,4022939648,3937509376,731713536,21,13619572736
1791661328.184,759.456,indexer,1127692652,930168109,197524543,11144683520,11208433664,1667805184,9186930688,5944573952,30232129536,27,13611360256
1791661328.184,759.456,zebrad,145504239,130936897,14567341,4405321728,4406960128,362819584,4022939648,3937509376,731713536,21,13611360256
1791661329.184,760.456,indexer,1129618946,931699192,197919753,11169128448,11208433664,1680388096,9198686208,5956329472,30232129536,27,13599035392
1791661329.184,760.456,zebrad,145510673,130942187,14568485,4405063680,4406960128,362819584,4022939648,3937509376,731713536,21,13599035392
1791661330.184,761.456,indexer,1131633942,933299442,198334500,11134603264,11208433664,1695068160,9148985344,5968846848,30232129536,27,13587161088
1791661330.184,761.456,zebrad,145517591,130948213,14569377,4405325824,4406960128,362819584,4022939648,3937509376,731713536,21,13587161088
1791661331.184,762.456,indexer,1133652027,934976456,198675570,10937454592,11208433664,1531486208,9118728192,5980262400,30232129536,28,13737713664
1791661331.184,762.456,zebrad,145523896,130954388,14569507,4405325824,4406960128,362819584,4022939648,3937509376,731713536,21,13737713664
1791661332.184,763.456,indexer,1135957321,936936993,199020328,10973618176,11208433664,1544970240,9141039104,5991653376,30232129536,28,13738749952
1791661332.184,763.456,zebrad,145530657,130961150,14569507,4405325824,4406960128,362819584,4022939648,3937509376,731713536,21,13738749952
1791661333.185,764.456,indexer,1138341377,938820302,199521074,11144421376,11208433664,1556168704,9291890688,6004867072,30232129536,28,13729124352
1791661333.185,764.456,zebrad,145537006,130967389,14569617,4405534720,4406960128,362819584,4022939648,3937509376,731713536,21,13729124352
1791661334.185,765.456,indexer,1138946176,939230397,199715779,11145797632,11208433664,1558265856,9289265152,6006947840,30436093952,28,13716324352
1791661334.185,765.456,zebrad,145543048,130972526,14570522,4405268480,4406960128,362819584,4022939648,3937509376,731713536,21,13716324352
1791661335.185,766.457,indexer,1139106304,939358496,199747807,11146477568,11208433664,1558265856,9289818112,6007500800,30620635136,28,13715673088
1791661335.185,766.457,zebrad,145548996,130977578,14571417,4405530624,4406960128,362819584,4022939648,3937509376,731713536,21,13715673088
1791661336.185,767.457,indexer,1139298017,939512234,199785782,11147436032,11208433664,1558691840,9290461184,6008143872,30795829248,28,13714628608
1791661336.185,767.457,zebrad,145555439,130984022,14571417,4405264384,4406960128,362819584,4022939648,3937509376,731713536,21,13714628608
1791661337.185,768.457,indexer,1139523911,939674364,199849547,11167768576,11208433664,1559474176,9309159424,6008840192,30889779200,28,13712252928
1791661337.185,768.457,zebrad,145561587,130990170,14571417,4405264384,4406960128,362819584,4022939648,3937509376,731713536,21,13712252928
1791661338.185,769.457,indexer,1139734384,939809116,199925268,11170811904,11208433664,1562083328,9309831168,6009511936,30973665280,28,13707735040
1791661338.185,769.457,zebrad,145568157,130995624,14572532,4405260288,4406960128,362819584,4022939648,3937509376,731713536,21,13707735040
1791661339.185,770.457,indexer,1140503472,940466603,200036869,11174785024,11208433664,1564180480,9311600640,6011285504,31061155840,28,13707800576
1791661339.185,770.457,zebrad,145577446,131003784,14573661,4405260288,4406960128,362819584,4022939648,3937509376,731713536,21,13707800576
1791661340.185,771.457,indexer,1141937321,941737820,200199500,11179397120,11208433664,1566277632,9314250752,6013931520,31186219008,28,13708349440
1791661340.185,771.457,zebrad,145584434,131010772,14573661,4405022720,4406960128,362819584,4022939648,3937509376,731713536,21,13708349440
1791661341.185,772.457,indexer,1142757745,942355084,200402660,11187634176,11208433664,1570471936,9318436864,6018117632,31310991360,27,13702991872
1791661341.185,772.457,zebrad,145591115,131017453,14573661,4404756480,4406960128,362827776,4022939648,3937509376,731713536,21,13702991872
1791661342.185,773.457,indexer,1144714890,943921868,200793021,11107397632,11208433664,1585152000,9226301440,6029918208,31310991360,27,13681553408
1791661342.185,773.457,zebrad,145597975,131024313,14573661,4404813824,4406960128,362827776,4022939648,3937509376,731713536,21,13681553408
1791661343.185,774.457,indexer,1146503006,945362606,201140399,11129884672,11208433664,1596686336,9236721664,6040334336,31310991360,27,13675520000
1791661343.185,774.457,zebrad,145604924,131031262,14573661,4405075968,4406960128,362827776,4022939648,3937509376,731713536,21,13675520000
1791661344.186,775.457,indexer,1148289997,947008028,201281969,11137941504,11208433664,1600880640,9240682496,6044295168,31310991360,27,13671223296
1791661344.186,775.457,zebrad,145611822,131038126,14573695,4405075968,4406960128,362827776,4022939648,3937509376,731713536,21,13671223296
1791661345.186,776.457,indexer,1150088655,948665809,201422846,11146113024,11208433664,1605074944,9244561408,6048174080,31310991360,27,13665222656
1791661345.186,776.457,zebrad,145618605,131044832,14573773,4405075968,4406960128,362827776,4022939648,3937509376,731713536,21,13665222656
1791661346.186,777.457,indexer,1151985534,950435654,201549880,11154157568,11208433664,1609269248,9248706560,6052319232,31310991360,27,13660557312
1791661346.186,777.457,zebrad,145625012,131050297,14574714,4405329920,4406960128,362827776,4022939648,3937509376,731713536,21,13660557312
1791661347.186,778.458,indexer,1154015025,952344432,201670593,11165429760,11208433664,1615560704,9253294080,6056906752,31310991360,27,13652385792
1791661347.186,778.458,zebrad,145631582,131055710,14575872,4405329920,4406960128,362827776,4022939648,3937509376,731713536,21,13652385792
1791661348.186,779.458,indexer,1156039120,954219967,201819152,11174080512,11208433664,1619755008,9257914368,6061527040,31310991360,27,13652107264
1791661348.186,779.458,zebrad,145638551,131061882,14576668,4405329920,4406960128,362827776,4022939648,3937509376,731713536,21,13652107264
1791661349.186,780.458,indexer,1158070404,956116236,201954167,11184828416,11208433664,1626046464,9262522368,6066135040,31310991360,27,13641646080
1791661349.186,780.458,zebrad,145644739,131068070,14576668,4405329920,4406960128,362827776,4022939648,3937509376,731713536,21,13641646080
1791661350.186,781.458,indexer,1159931105,957837659,202093446,11147120640,11208433664,1630240768,9220734976,6070231040,31310991360,27,13645910016
1791661350.186,781.458,zebrad,145651759,131073369,14578389,4405329920,4406960128,362827776,4022939648,3937509376,731713536,21,13645910016
1791661351.186,782.458,indexer,1161716705,959471701,202245004,11094822912,11208433664,1634435072,9166602240,6074052608,31310991360,27,13639901184
1791661351.186,782.458,zebrad,145658873,131079672,14579201,4405329920,4406960128,362827776,4022939648,3937509376,731713536,21,13639901184
1791661352.186,783.458,indexer,1163512512,961128208,202384304,11102441472,11208433664,1638629376,9170493440,6077943808,31310991360,27,13631959040
1791661352.186,783.458,zebrad,145665919,131085713,14580206,4405325824,4406960128,362827776,4022939648,3937509376,731713536,21,13631959040
1791661353.186,784.458,indexer,1165294162,962766861,202527301,11111108608,11208433664,1642823680,9174519808,6081970176,31310991360,27,13627555840
1791661353.186,784.458,zebrad,145672594,131092388,14580206,4405325824,4406960128,362827776,4022939648,3937509376,731713536,21,13627555840
1791661354.186,785.458,indexer,1167146500,964473385,202673115,11119374336,11208433664,1647017984,9178673152,6086123520,31310991360,27,13622607872
1791661354.186,785.458,zebrad,145678911,131098705,14580206,4405297152,4406960128,362827776,4022939648,3937509376,731713536,21,13622607872
1791661355.186,786.458,indexer,1169103448,966286707,202816740,11129921536,11208433664,1653309440,9183051776,6090502144,31310991360,27,13613473792
1791661355.186,786.458,zebrad,145685840,131105634,14580206,4405559296,4406960128,362827776,4022939648,3937509376,731713536,21,13613473792
1791661356.186,787.458,indexer,1171066048,968074958,202991090,11138781184,11208433664,1657503744,9187434496,6094884864,31310991360,27,13613514752
1791661356.186,787.458,zebrad,145692524,131112318,14580206,4405571584,4406960128,362827776,4022939648,3937509376,731713536,21,13613514752
1791661357.187,788.458,indexer,1173053552,969938586,203114966,11147132928,11208433664,1661698048,9190727680,6098939904,31310991360,27,13606666240
1791661357.187,788.458,zebrad,145699132,131118007,14581124,4405563392,4406960128,362827776,4022939648,3937509376,731713536,21,13606666240
1791661358.187,789.458,indexer,1175014593,971795316,203219276,11155189760,11208433664,1665892352,9195634688,6103085056,31310991360,27,13605208064
1791661358.187,789.458,zebrad,145705437,131123181,14582255,4405551104,4406960128,362827776,4022939648,3937509376,731713536,21,13605208064
1791661359.187,790.459,indexer,1176973222,973627078,203346144,11165937664,11208433664,1672183808,9199931392,6107381760,31310991360,27,13594673152
1791661359.187,790.459,zebrad,145711309,131128966,14582342,4405551104,4406960128,362827776,4022939648,3937509376,731713536,21,13594673152
1791661360.187,791.459,indexer,1178893598,975412925,203480672,11175112704,11208433664,1676378112,9204731904,6112182272,31310991360,27,13591564288
1791661360.187,791.459,zebrad,145718507,131136164,14582342,4405542912,4406960128,362827776,4022939648,3937509376,731713536,21,13591564288
1791661361.187,792.459,indexer,1180725989,977073880,203652109,11186573312,11208433664,1682669568,9209540608,6117412864,31310991360,27,13583429632
1791661361.187,792.459,zebrad,145724918,131142576,14582342,4405538816,4406960128,362827776,4022939648,3937509376,731713536,21,13583429632
1791661362.187,793.459,indexer,1182421466,978625131,203796334,11195015168,11208433664,1686863872,9214410752,6121861120,31310991360,27,13584379904
1791661362.187,793.459,zebrad,145731999,131149656,14582342,4405272576,4406960128,362827776,4022939648,3937509376,731713536,21,13584379904
1791661363.187,794.459,indexer,1184047786,980033760,204014026,11103195136,11208433664,1695252480,9116319744,6128005120,31310991360,27,13587771392
1791661363.187,794.459,zebrad,145738169,131154242,14583927,4405264384,4406960128,362827776,4022939648,3937509376,731713536,21,13587771392
1791661364.187,795.459,indexer,1185690096,981452943,204237153,11115413504,11208433664,1701543936,9122848768,6134247424,31310991360,27,13580029952
1791661364.187,795.459,zebrad,145744850,131159954,14584895,4405260288,4406960128,362827776,4022939648,3937509376,731713536,21,13580029952
1791661365.188,796.460,indexer,1187821954,983402610,204419344,10953469952,11208433664,1531670528,9131008000,6142406656,31310991360,28,13737938944
1791661365.188,796.460,zebrad,145751779,131165990,14585788,4405534720,4406960128,362827776,4022939648,3937509376,731713536,21,13737938944
1791661366.188,797.460,indexer,1190151645,985475891,204675753,11082727424,11208433664,1543057408,9245179904,6149500928,31310991360,28,13729292288
1791661366.188,797.460,zebrad,145758567,131172778,14585788,4405530624,4406960128,362827776,4022939648,3937509376,731713536,21,13729292288
1791661367.188,798.460,indexer,1191804011,986726601,205077410,11155365888,11208433664,1549570048,9308139520,6156767232,31423389696,28,13717794816
1791661367.188,798.460,zebrad,145765511,131177948,14587562,4405264384,4406960128,362827776,4022939648,3937509376,731713536,21,13717794816
1791661368.188,799.460,indexer,1191941336,986841143,205100192,11155750912,11208433664,1549570048,9308459008,6157086720,31591153664,28,13704650752
1791661368.188,799.460,zebrad,145771647,131182771,14588876,4405522432,4406960128,362827776,4022939648,3937509376,731713536,21,13704650752
1791661369.188,800.460,indexer,1192156243,987026259,205129984,11156197376,11208433664,1549570048,9308979200,6157606912,31770828800,28,13703417856
1791661369.188,800.460,zebrad,145779978,131190869,14589109,4405514240,4406960128,362827776,4022939648,3937509376,731713536,21,13703417856
1791661370.189,801.460,indexer,1192469938,987302045,205167893,11158986752,11208433664,1551667200,9309536256,6158163968,31866281984,28,13701357568
1791661370.189,801.460,zebrad,145785917,131196413,14589503,4405514240,4406960128,362827776,4022939648,3937509376,731713536,21,13701357568
1791661371.189,802.460,indexer,1192770263,987520756,205249506,11115872256,11208433664,1551667200,9265053696,6158602240,31949742080,28,13705392128
1791661371.189,802.460,zebrad,145792665,131201386,14591279,4405514240,4406960128,362827776,4022939648,3937509376,731713536,21,13705392128
1791661372.189,803.460,indexer,1193862499,988533895,205328604,11116847104,11208433664,1551667200,9265901568,6159450112,32035069952,28,13705527296
1791661372.189,803.460,zebrad,145792665,131201386,14591279,4405514240,4406960128,362827776,4022939648,3937509376,731713536,21,13705527296
1791661373.189,804.461,indexer,1194639125,989216704,205422421,11117133824,11208433664,1551667200,9266663424,6160211968,32129253376,28,13705789440
1791661373.189,804.461,zebrad,145799344,131208065,14591279,4405256192,4406960128,362827776,4022939648,3937509376,731713536,21,13705789440
1791661374.189,805.461,indexer,1194973495,989485640,205487854,11120128000,11208433664,1553764352,9267531776,6161072128,32359243776,28,13706055680
1791661374.189,805.461,zebrad,145805943,131212835,14593107,4405256192,4406960128,362827776,4022939648,3937509376,731713536,21,13706055680
1791661375.189,806.461,indexer,1196493982,990807986,205685996,11131977728,11208433664,1560055808,9273008128,6166548480,32363020288,27,13696454656
1791661375.189,806.461,zebrad,145813023,131218808,14594215,4405518336,4406960128,362827776,4022939648,3937509376,731713536,21,13696454656
1791661376.189,807.461,indexer,1198262450,992324758,205937691,11146592256,11208433664,1568067584,9279451136,6172991488,32363020288,27,13691240448
1791661376.189,807.461,zebrad,145820128,131225802,14594325,4405256192,4406960128,362827776,4022939648,3937509376,731713536,21,13691240448
1791661377.189,808.461,indexer,1200127849,993920146,206207703,11160059904,11208433664,1574359040,9286479872,6180020224,32363020288,27,13686898688
1791661377.189,808.461,zebrad,145826822,131230525,14596296,4405518336,4406960128,362827776,4022939648,3937509376,731713536,21,13686898688
1791661378.189,809.461,indexer,1202100676,995582392,206518284,11176517632,11208433664,1584844800,9292689408,6188912640,32363020288,27,13689147392
1791661378.189,809.461,zebrad,145833832,131237535,14596296,4405514240,4406960128,362827776,4022939648,3937509376,731713536,21,13689147392
1791661379.189,810.461,indexer,1203860847,997104660,206756186,11190136832,11208433664,1591975936,9299763200,6195986432,32363020288,27,13676412928
1791661379.189,810.461,zebrad,145840259,131242919,14597339,4405510144,4406960128,362827776,4022939648,3937509376,731713536,21,13676412928
1791661380.189,811.461,indexer,1205460622,998445088,207015534,11100778496,11208433664,1599942656,9202769920,6203056128,32363020288,27,13673897984
1791661380.189,811.461,zebrad,145847357,131249107,14598249,4405506048,4406960128,362827776,4022939648,3937509376,731713536,21,13673897984
1791661381.190,812.461,indexer,1207063642,999795363,207268279,11115855872,11208433664,1607802880,9209749504,6210035712,32363020288,27,13668683776
1791661381.190,812.461,zebrad,145853747,131255459,14598288,4405506048,4406960128,362827776,4022939648,3937509376,731713536,21,13668683776
1791661382.190,813.462,indexer,1208842675,1001295452,207547222,11130662912,11208433664,1615728640,9216782336,6217068544,32363020288,27,13664362496
1791661382.190,813.462,zebrad,145860093,131261670,14598422,4405501952,4406960128,362827776,4022939648,3937509376,731713536,21,13664362496
1791661383.190,814.462,indexer,1210359166,1002587354,207771812,11142209536,11208433664,1621860352,9222230016,6222516224,32363020288,27,13660307456
1791661383.190,814.462,zebrad,145866601,131266326,14600274,4405501952,4406960128,362827776,4022939648,3937509376,731713536,21,13660307456
1791661384.190,815.462,indexer,1211960114,1003950986,208009128,11155173376,11208433664,1628684288,9228283904,6228570112,32363020288,27,13648351232
1791661384.190,815.462,zebrad,145873697,131273313,14600383,4405518336,4406960128,362827776,4022939648,3937509376,731713536,21,13648351232
1791661385.190,816.462,indexer,1213880555,1005594562,208285992,11173261312,11208433664,1638236160,9236762624,6237048832,32363020288,27,13641179136
1791661385.190,816.462,zebrad,145880836,131280453,14600383,4405518336,4406960128,362827776,4022939648,3937509376,731713536,21,13641179136
1791661386.190,817.462,indexer,1215651033,1007104859,208546173,11188756480,11208433664,1646473216,9244078080,6244364288,32363020288,27,13634207744
1791661386.190,817.462,zebrad,145887224,131285989,14601235,4405305344,4406960128,362827776,4022939648,3937509376,731713536,21,13634207744
1791661387.190,818.462,indexer,1217274421,1008478805,208795615,11202854912,11208433664,1653833728,9250611200,6250897408,32363020288,27,13627973632
1791661387.190,818.462,zebrad,145893790,131292298,14601491,4405309440,4406960128,362827776,4022939648,3937509376,731713536,21,13627973632
1791661388.190,819.462,indexer,1218876355,1009838719,209037636,11111120896,11208433664,1660993536,9153105920,6257250304,32363020288,27,13621473280
1791661388.190,819.462,zebrad,145899962,131298253,14601708,4405051392,4406960128,362827776,4022939648,3937509376,731713536,21,13621473280
1791661389.190,820.462,indexer,1220795869,1011507198,209288670,11121704960,11208433664,1669644288,9155137536,6264938496,32363020288,27,13590614016
1791661389.190,820.462,zebrad,145906592,131304821,14601771,4405309440,4406960128,362827776,4022939648,3937509376,731713536,21,13590614016
1791661390.190,821.462,indexer,1222697958,1013155727,209542231,11137433600,11208433664,1678077952,9162625024,6272425984,32363020288,27,13588979712
1791661390.190,821.462,zebrad,145913873,131311073,14602799,4405047296,4406960128,362827776,4022939648,3937509376,731713536,21,13588979712
1791661391.190,822.462,indexer,1224397064,1014597689,209799375,11151896576,11208433664,1685676032,9169362944,6279163904,32363020288,27,13585129472
1791661391.190,822.462,zebrad,145920804,131317111,14603692,4405309440,4406960128,362827776,4022939648,3937509376,731713536,21,13585129472
1791661392.191,823.462,indexer,1225987899,1015987961,209999937,11164356608,11208433664,1692319744,9175261184,6285062144,32363020288,27,13578514432
1791661392.191,823.462,zebrad,145927092,131321469,14605623,4405309440,4406960128,362827776,4022939648,3937509376,731713536,21,13578514432
1791661393.191,824.462,indexer,1227710585,1017419403,210291181,11181355008,11208433664,1701228544,9183170560,6292971520,32363020288,27,13568978944
1791661393.191,824.462,zebrad,145934211,131328577,14605634,4405309440,4406960128,362827776,4022939648,3937509376,731713536,21,13568978944
1791661394.191,825.463,indexer,1229837889,1019293870,210544019,11022508032,11208433664,1533190144,9192755200,6302556160,32363020288,28,13734944768
1791661394.191,825.463,zebrad,145940630,131334954,14605675,4405309440,4406960128,362827776,4022939648,3937509376,731713536,21,13734944768
1791661395.191,826.463,indexer,1232244336,1021467287,210777049,11122405376,11208433664,1546674176,9276563456,6309629952,32363020288,28,13722279936
1791661395.191,826.463,zebrad,145947717,131342042,14605675,4405305344,4406960128,362827776,4022939648,3937509376,731713536,21,13722279936
1791661396.191,827.463,indexer,1234392518,1023335905,211056613,11180908544,11208433664,1552527360,9326669824,6328426496,32363020288,28,13725687808
1791661396.191,827.463,zebrad,145954660,131348984,14605675,4405301248,4406960128,362827776,4022939648,3937509376,731713536,21,13725687808
1791661397.191,828.463,indexer,1235254014,1023988536,211265477,11174711296,11208433664,1552527360,9320419328,6329737216,32527015936,28,13722550272
1791661397.191,828.463,zebrad,145960974,131354666,14606308,4405293056,4406960128,362827776,4022939648,3937509376,731713536,21,13722550272
1791661398.191,829.463,indexer,1235458470,1024170508,211287961,11175129088,11208433664,1552527360,9320775680,6330093568,32736727040,28,13722333184
1791661398.191,829.463,zebrad,145967176,131360548,14606628,4405293056,4406960128,362827776,4022939648,3937509376,731713536,21,13722333184
1791661399.191,830.463,indexer,1235721401,1024418838,211302563,11177664512,11208433664,1554624512,9321259008,6330576896,32896270336,28,13715968000
1791661399.191,830.463,zebrad,145975822,131369194,14606628,4405288960,4406960128,362827776,4022939648,3937509376,731713536,21,13715968000
1791661400.191,831.463,indexer,1236097179,1024757595,211339584,11190624256,11208433664,1554624512,9333821440,6331142144,32978182144,28,13714345984
1791661400.191,831.463,zebrad,145981834,131374041,14607793,4405284864,4406960128,362835968,4022939648,3937509376,731713536,21,13714345984
1791661401.191,832.463,indexer,1236434505,1025036102,211398403,11095830528,11208433664,1554624512,9239019520,6331596800,33063272448,28,13721161728
1791661401.191,832.463,zebrad,145987536,131378972,14608564,4405284864,4406960128,362835968,4022939648,3937509376,731713536,21,13721161728
1791661402.191,833.463,indexer,1236885416,1025411180,211474235,11098542080,11208433664,1556721664,9239719936,6332297216,33151160320,28,13719658496
1791661402.191,833.463,zebrad,145993686,131385007,14608678,4405035008,4406960128,362835968,4022939648,3937509376,731713536,21,13719658496
1791661403.192,834.463,indexer,1238077515,1026487924,211589591,11100688384,11208433664,1556721664,9241690112,6334267392,33229254656,28,13721063424
1791661403.192,834.463,zebrad,145997063,131388347,14608715,4405297152,4406960128,362835968,4022939648,3937509376,731713536,21,13721063424
1791661404.192,835.463,indexer,1239466734,1027793058,211673675,11103498240,11208433664,1558818816,9242587136,6335164416,33443962880,27,13717749760
1791661404.192,835.463,zebrad,146000203,131391473,14608729,4405297152,4406960128,362835968,4022939648,3937509376,731713536,21,13717749760
1791661405.192,836.464,indexer,1241371754,1029549976,211821778,11113840640,11208433664,1564733440,9247068160,6339645440,33443962880,27,13713977344
1791661405.192,836.464,zebrad,146006928,131397326,14609602,4405297152,4406960128,362835968,4022939648,3937509376,731713536,21,13713977344
1791661406.192,837.464,indexer,1243126483,1031142042,211984441,11123220480,11208433664,1568927744,9251905536,6344667136,33443962880,27,13708738560
1791661406.192,837.464,zebrad,146013535,131402872,14610663,4405252096,4406960128,362835968,4022939648,3937509376,731713536,21,13708738560
1791661407.192,838.464,indexer,1244850044,1032691716,212158327,11133988864,11208433664,1575219200,9256611840,6349189120,33443962880,27,13705031680
1791661407.192,838.464,zebrad,146020366,131408819,14611546,4405514240,4406960128,362835968,4022939648,3937509376,731713536,21,13705031680
1791661408.192,839.464,indexer,1246559550,1034222462,212337088,11143389184,11208433664,1579413504,9261531136,6354108416,33443962880,27,13696741376
1791661408.192,839.464,zebrad,146026924,131415122,14611802,4405510144,4406960128,362835968,4022939648,3937509376,731713536,21,13696741376
1791661409.192,840.464,indexer,1248259612,1035694732,212564880,11158237184,11208433664,1587802112,9268146176,6360723456,33443962880,27,13688000512
1791661409.192,840.464,zebrad,146033493,131421691,14611802,4405506048,4406960128,362835968,4022939648,3937509376,731713536,21,13688000512
1791661410.192,841.464,indexer,1249980675,1037209506,212771168,11168849920,11208433664,1593044992,9273491456,6366068736,33443962880,27,13682884608
1791661410.192,841.464,zebrad,146040703,131428024,14612679,4405501952,4406960128,362835968,4022939648,3937509376,731713536,21,13682884608
1791661411.192,842.464,indexer,1251678946,1038673237,213005709,11184177152,11208433664,1601433600,9280266240,6372843520,33443962880,27,13674016768
1791661411.192,842.464,zebrad,146047531,131434669,14612861,4405538816,4406960128,362835968,4022939648,3937509376,731713536,21,13674016768
1791661412.192,843.464,indexer,1253386486,1040201031,213185454,11195400192,11208433664,1607725056,9285275648,6377852928,33443962880,27,13665869824
1791661412.192,843.464,zebrad,146054032,131441020,14613011,4405534720,4406960128,362835968,4022939648,3937509376,731713536,21,13665869824
1791661413.193,844.464,indexer,1255089541,1041745343,213344198,11099004928,11208433664,1611919360,9185861632,6382534656,33443962880,27,13665206272
1791661413.193,844.464,zebrad,146060418,131447406,14613011,4405530624,4406960128,362835968,4022939648,3937509376,731713536,21,13665206272
1791661414.193,845.464,indexer,1256770194,1043267339,213502855,11109195776,11208433664,1618210816,9190391808,6387064832,33443962880,27,13643735040
1791661414.193,845.464,zebrad,146066781,131453769,14613011,4405264384,4406960128,362835968,4022939648,3937509376,731713536,21,13643735040
1791661415.193,846.464,indexer,1258527189,1044832891,213694298,11119001600,11208433664,1622405120,9195778048,6392451072,33443962880,27,13636730880
1791661415.193,846.464,zebrad,146073434,131459484,14613950,4405264384,4406960128,362835968,4022939648,3937509376,731713536,21,13636730880
1791661416.193,847.465,indexer,1260253539,1046410241,213843297,11128520704,11208433664,1627402240,9200439296,6397112320,33443962880,27,13634723840
1791661416.193,847.465,zebrad,146079536,131465576,14613960,4405526528,4406960128,362835968,4022939648,3937509376,731713536,21,13634723840
1791661417.193,848.465,indexer,1262095850,1048077880,214017970,11139469312,11208433664,1633226752,9205616640,6402289664,33443962880,27,13631995904
1791661417.193,848.465,zebrad,146086243,131472213,14614030,4405280768,4406960128,362835968,4022939648,3937509376,731713536,21,13631995904
1791661418.193,849.465,indexer,1264001613,1049789625,214211988,11152052224,11208433664,1639731200,9211387904,6408060928,33443962880,27,13626802176
1791661418.193,849.465,zebrad,146092957,131478927,14614030,4405280768,4406960128,362835968,4022939648,3937509376,731713536,21,13626802176
1791661419.193,850.465,indexer,1265903218,1051532685,214370532,11163574272,11208433664,1645846528,9216815104,6413488128,33443962880,27,13614194688
1791661419.193,850.465,zebrad,146099951,131485920,14614030,4405284864,4406960128,362835968,4022939648,3937509376,731713536,21,13614194688
1791661420.193,851.465,indexer,1267794340,1053244916,214549424,11175211008,11208433664,1652195328,9222447104,6419120128,33443962880,27,13610237952
1791661420.193,851.465,zebrad,146106428,131492398,14614030,4405284864,4406960128,362835968,4022939648,3937509376,731713536,21,13610237952
1791661421.193,852.465,indexer,1269651600,1054826436,214825163,11084435456,11208433664,1660506112,9125986304,6426492928,33443962880,27,13608046592
1791661421.193,852.465,zebrad,146113709,131498834,14614874,4405026816,4406960128,362835968,4022939648,3937509376,731713536,21,13608046592
1791661422.193,853.465,indexer,1271483915,1056356312,215127602,11103129600,11208433664,1670639616,9134374912,6434881536,33443962880,27,13598785536
1791661422.193,853.465,zebrad,146120324,131505188,14615135,4405551104,4406960128,362835968,4022939648,3937509376,731713536,21,13598785536
1791661423.193,854.465,indexer,1273358805,1058026932,215331873,11118223360,11208433664,1679028224,9141026816,6441533440,33443962880,27,13586161664
1791661423.193,854.465,zebrad,146127011,131511875,14615135,4405305344,4406960128,362835968,4022939648,3937509376,731713536,21,13586161664
1791661424.193,855.465,indexer,1275041265,1059393329,215647936,11135221760,11208433664,1687416832,9149820928,6450327552,33443962880,27,13578539008
1791661424.193,855.465,zebrad,146133768,131518589,14615178,4405563392,4406960128,362835968,4022939648,3937509376,731713536,21,13578539008
1791661425.193,856.465,indexer,1276701004,1060765409,215935595,11152879616,11208433664,1696731136,9158189056,6458695680,33443962880,27,13569048576
1791661425.193,856.465,zebrad,146140344,131525165,14615178,4405297152,4406960128,362835968,4022939648,3937509376,731713536,21,13569048576
1791661426.194,857.465,indexer,1278576260,1062347430,216228829,10999525376,11208433664,1534320640,9167130624,6467641344,33443962880,28,13722902528
1791661426.194,857.465,zebrad,146147295,131531264,14616030,4405288960,4406960128,362835968,4022939648,3937509376,731713536,21,13722902528
1791661427.194,858.465,indexer,1281091774,1064579186,216512587,11021582336,11208433664,1545707520,9178087424,6478594048,33443962880,28,13714632704
1791661427.194,858.465,zebrad,146153939,131536843,14617095,4405288960,4406960128,362835968,4022939648,3937509376,731713536,21,13714632704
1791661428.194,859.466,indexer,1283470435,1066592494,216877940,11110191104,11208433664,1554624512,9255084032,6489366528,33443962880,28,13722230784
1791661428.194,859.466,zebrad,146160974,131542875,14618099,4405288960,4406960128,362835968,4022939648,3937509376,731713536,21,13722230784
1791661429.194,860.466,indexer,1285591971,1068282614,217309357,11178893312,11208433664,1566912512,9310085120,6517067776,33443962880,28,13702672384
1791661429.194,860.466,zebrad,146170147,131552031,14618115,4405284864,4406960128,362835968,4022939648,3937509376,731713536,21,13702672384
1791661430.194,861.466,indexer,1286531318,1068939172,217592146,11032608768,11208433664,1568944128,9160847360,6519992320,33593847808,28,13704228864
1791661430.194,861.466,zebrad,146176027,131556923,14619104,4405276672,4406960128,362835968,4022939648,3937509376,731713536,21,13704228864
1791661431.194,862.466,indexer,1286668463,1069049432,217619031,11033395200,11208433664,1569366016,9161224192,6520369152,33811943424,28,13702889472
1791661431.194,862.466,zebrad,146181881,131562491,14619389,4405510144,4406960128,362835968,4022939648,3937509376,731713536,21,13702889472
1791661432.194,863.466,indexer,1286904532,1069245245,217659286,11035230208,11208433664,1570181120,9161945088,6521090048,33978388480,28,13702619136
1791661432.194,863.466,zebrad,146187982,131566781,14621200,4405239808,4406960128,362835968,4022939648,3937509376,731713536,21,13702619136
1791661433.194,864.466,indexer,1287118939,1069432788,217686150,11036540928,11208433664,1570856960,9162547200,6521692160,34069381120,28,13700120576
1791661433.194,864.466,zebrad,146193927,131571731,14622195,4405239808,4406960128,362835968,4022939648,3937509376,731713536,21,13700120576
1791661434.194,865.466,indexer,1287346669,1069585159,217761510,11089231872,11208433664,1573203968,9211691008,6522228736,34153164800,28,13702791168
1791661434.194,865.466,zebrad,146200063,131576653,14623410,4405239808,4406960128,362835968,4022939648,3937509376,731713536,21,13702791168
1791661435.194,866.466,indexer,1287641758,1069818169,217823589,11090018304,11208433664,1573203968,9212604416,6523142144,34240438272,28,13702471680
1791661435.194,866.466,zebrad,146206265,131582855,14623410,4405239808,4406960128,362835968,4022939648,3937509376,731713536,21,13702471680
1791661436.194,867.466,indexer,1287876771,1069971474,217905297,11091066880,11208433664,1573212160,9213243392,6523781120,34335895552,28,13702180864
1791661436.194,867.466,zebrad,146212587,131588325,14624262,4405010432,4406960128,362835968,4022939648,3937509376,731713536,21,13702180864
1791661437.195,868.466,indexer,1288997090,1071008396,217988694,11092783104,11208433664,1574092800,9214033920,6524571648,34552872960,28,13701337088
1791661437.195,868.466,zebrad,146212587,131588325,14624262,4405010432,4406960128,362835968,4022939648,3937509376,731713536,21,13701337088
1791661438.195,869.466,indexer,1290964294,1072706293,218258001,11109408768,11208433664,1582882816,9221861376,6532399104,34552872960,27,13690650624
1791661438.195,869.466,zebrad,146219138,131594822,14624316,4405264384,4406960128,362835968,4022939648,3937509376,731713536,21,13690650624
1791661439.195,870.467,indexer,1292673069,1074154252,218518816,11126726656,11208433664,1592078336,9230036992,6540574720,34552872960,27,13684658176
1791661439.195,870.467,zebrad,146225771,131598489,14627282,4405264384,4406960128,362835968,4022939648,3937509376,731713536,21,13684658176
1791661440.195,871.467,indexer,1294264462,1075561662,218702800,11139788800,11208433664,1598881792,9236070400,6546608128,34552872960,27,13677604864
1791661440.195,871.467,zebrad,146232675,131604502,14628173,4405264384,4406960128,362835968,4022939648,3937509376,731713536,21,13677604864
1791661441.195,872.467,indexer,1295804422,1076984370,218820051,11146129408,11208433664,1602445312,9239244800,6549782528,34552872960,27,13673807872
1791661441.195,872.467,zebrad,146238915,131610618,14628296,4405264384,4406960128,362835968,4022939648,3937509376,731713536,21,13673807872
1791661442.195,873.467,indexer,1297555460,1078548055,219007405,11156189184,11208433664,1607606272,9243824128,6554361856,34552872960,27,13668327424
1791661442.195,873.467,zebrad,146246201,131616876,14629325,4405264384,4406960128,362835968,4022939648,3937509376,731713536,21,13668327424
1791661443.195,874.467,indexer,1299183504,1080000878,219182626,11167191040,11208433664,1613295616,9248878592,6559416320,34552872960,27,13661876224
1791661443.195,874.467,zebrad,146253678,131624205,14629472,4405264384,4406960128,362835968,4022939648,3937509376,731713536,21,13661876224
1791661444.195,875.467,indexer,1300713644,1081403788,219309855,11174006784,11208433664,1616969728,9252143104,6562680832,34552872960,27,13658279936
1791661444.195,875.467,zebrad,146259757,131630177,14629579,4405264384,4406960128,362835968,4022939648,3937509376,731713536,21,13658279936
1791661445.195,876.467,indexer,1302497365,1082879075,219618289,11192549376,11208433664,1626845184,9260924928,6571462656,34552872960,27,13649129472
1791661445.195,876.467,zebrad,146267071,131636659,14630411,4405260288,4406960128,362835968,4022939648,3937509376,731713536,21,13649129472
1791661446.195,877.467,indexer,1304400653,1084456085,219944567,11107659776,11208433664,1639264256,9166495744,6580957184,34552872960,27,13629681664
1791661446.195,877.467,zebrad,146274160,131643748,14630411,4405260288,4406960128,362835968,4022939648,3937509376,731713536,21,13629681664
1791661447.195,878.467,indexer,1306112395,1085946092,220166302,11120840704,11208433664,1645711360,9172688896,6587441152,34552872960,27,13621833728
1791661447.195,878.467,zebrad,146280642,131647572,14633069,4405260288,4406960128,362835968,4022939648,3937509376,731713536,21,13621833728
1791661448.196,879.467,indexer,1307695162,1087339754,220355407,11132035072,11208433664,1652002816,9178054656,6592516096,34552872960,27,13616492544
1791661448.196,879.467,zebrad,146287501,131654431,14633069,4405260288,4406960128,362835968,4022939648,3937509376,731713536,21,13616492544
1791661449.196,880.467,indexer,1309472568,1088900231,220572337,11144650752,11208433664,1658294272,9184284672,6598914048,34552872960,27,13613273088
1791661449.196,880.467,zebrad,146293661,131659690,14633971,4405260288,4406960128,362835968,4022939648,3937509376,731713536,21,13613273088
1791661450.196,881.467,indexer,1310998829,1090232122,220766706,11148435456,11208433664,1663033344,9183481856,6603509760,34552872960,27,13621739520
1791661450.196,881.467,zebrad,146300816,131665729,14635087,4405276672,4406960128,362835968,4022939648,3937509376,731713536,21,13621739520
1791661451.196,882.468,indexer,1312536652,1091546611,220990041,11162046464,11208433664,1670086656,9189748736,6609776640,34552872960,27,13615214592
1791661451.196,882.468,zebrad,146307658,131671786,14635871,4405276672,4406960128,362835968,4022939648,3937509376,731713536,21,13615214592
1791661452.196,883.468,indexer,1314030989,1092888235,221142754,11171414016,11208433664,1675247616,9194389504,6614417408,34552872960,27,13609750528
1791661452.196,883.468,zebrad,146313984,131676979,14637004,4405276672,4406960128,362835968,4022939648,3937509376,731713536,21,13609750528
1791661453.196,884.468,indexer,1315551868,1094185018,221366850,11182833664,11208433664,1681186816,9199677440,6619705344,34552872960,27,13602361344
1791661453.196,884.468,zebrad,146320517,131682559,14637958,4405276672,4406960128,362835968,4022939648,3937509376,731713536,21,13602361344
1791661454.196,885.468,indexer,1317142262,1095533240,221609021,11194376192,11208433664,1687252992,9205075968,6625103872,34552872960,27,13595881472
1791661454.196,885.468,zebrad,146327464,131688511,14638953,4405276672,4406960128,362835968,4022939648,3937509376,731713536,21,13595881472
1791661455.196,886.468,indexer,1318898380,1097010755,221887624,11208695808,11208695808,1694691328,9211731968,6631759872,34552872960,27,13587521536
1791661455.196,886.468,zebrad,146334350,131695308,14639041,4405276672,4406960128,362835968,4022939648,3937509376,731713536,21,13587521536
1791661456.196,887.468,indexer,1320734552,1098524148,222210404,11120787456,11212890112,1704730624,9116721152,6640721920,34552872960,27,13578067968
1791661456.196,887.468,zebrad,146340823,131700734,14640088,4405530624,4406960128,362835968,4022939648,3937509376,731713536,21,13578067968
1791661457.196,888.468,indexer,1322902243,1100448875,222453367,10963132416,11212890112,1536655360,9127550976,6651551744,34552872960,28,13731094528
1791661457.196,888.468,zebrad,146347652,131707563,14640088,4405522432,4406960128,362835968,4022939648,3937509376,731713536,21,13731094528
1791661458.196,889.468,indexer,1325265237,1102565855,222699381,11001491456,11212890112,1550581760,9151422464,6660521984,34552872960,28,13716107264
1791661458.196,889.468,zebrad,146354831,131714742,14640088,4405522432,4406960128,362835968,4022939648,3937509376,731713536,21,13716107264
1791661459.196,890.468,indexer,1327499016,1104439497,223059519,11118493696,11212890112,1558290432,9257365504,6680727552,34552872960,28,13719429120
1791661459.196,890.468,zebrad,146364197,131723973,14640223,4405518336,4406960128,362835968,4022939648,3937509376,731713536,21,13719429120
1791661460.197,891.468,indexer,1329416714,1106009826,223406887,11124506624,11212890112,1568399360,9251299328,6711627776,34552872960,28,13695361024
1791661460.197,891.468,zebrad,146371410,131731186,14640223,4405514240,4406960128,362844160,4022939648,3937509376,731713536,21,13695361024
1791661461.197,892.468,indexer,1331022881,1107215117,223807764,11099090944,11212890112,1577050112,9215582208,6719700992,34644168704,28,13690839040
1791661461.197,892.468,zebrad,146378537,131736378,14642158,4405243904,4406960128,362844160,4022939648,3937509376,731713536,21,13690839040
1791661462.197,893.469,indexer,1331184438,1107355603,223828835,11099795456,11212890112,1577050112,9216049152,6720167936,34870652928,28,13690753024
1791661462.197,893.469,zebrad,146384295,131742061,14642233,4405506048,4406960128,362844160,4022939648,3937509376,731713536,21,13690753024
1791661463.197,894.469,indexer,1331330535,1107473593,223856942,11102330880,11212890112,1579147264,9216503808,6720622592,35071979520,28,13686222848
1791661463.197,894.469,zebrad,146390547,131748289,14642258,4405506048,4406960128,362844160,4022939648,3937509376,731713536,21,13686222848
1791661464.197,895.469,indexer,1331571011,1107688082,223882928,11103256576,11212890112,1579147264,9217282048,6721400832,35215544320,28,13684150272
1791661464.197,895.469,zebrad,146397368,131754027,14643340,4405497856,4406960128,362844160,4022939648,3937509376,731713536,21,13684150272
1791661465.197,896.469,indexer,1331755805,1107845439,223910365,11103703040,11212890112,1579147264,9217830912,6721949696,35298533376,28,13683732480
1791661465.197,896.469,zebrad,146403601,131759236,14644364,4405497856,4406960128,362844160,4022939648,3937509376,731713536,21,13683732480
1791661466.197,897.469,indexer,1331984836,1107992194,223992642,11113402368,11212890112,1581244416,9225302016,6722478080,35383222272,28,13682397184
1791661466.197,897.469,zebrad,146409747,131765369,14644378,4405493760,4406960128,362844160,4022939648,3937509376,731713536,21,13682397184
1791661467.197,898.469,indexer,1332269326,1108204372,224064953,11114356736,11212890112,1581244416,9226158080,6723334144,35468103680,28,13682298880
1791661467.197,898.469,zebrad,146416314,131771936,14644378,4405555200,4406960128,362844160,4022939648,3937509376,731713536,21,13682298880
1791661468.197,899.469,indexer,1333238287,1109073275,224165012,11117895680,11212890112,1583341568,9227264000,6724440064,35564888064,28,13678129152
1791661468.197,899.469,zebrad,146419327,131773991,14645336,4405297152,4406960128,362844160,4022939648,3937509376,731713536,21,13678129152
1791661469.197,900.469,indexer,1334242522,1109967535,224274987,11119046656,11212890112,1583341568,9228640256,6725816320,35737899008,28,13677826048
1791661469.197,900.469,zebrad,146422645,131777308,14645336,4405288960,4406960128,362844160,4022939648,3937509376,731713536,21,13677826048
1791661470.197,901.469,indexer,1335976478,1111526211,224450266,11130384384,11212890112,1589633024,9233690624,6730866688,35754598400,27,13670506496
1791661470.197,901.469,zebrad,146429956,131782856,14647100,4405288960,4406960128,362844160,4022939648,3937509376,731713536,21,13670506496
1791661471.197,902.469,indexer,1337772087,1113027625,224744462,11141902336,11212890112,1598545920,9236709376,6739607552,35754598400,27,13670486016
1791661471.197,902.469,zebrad,146435917,131787820,14648096,4405551104,4406960128,362844160,4022939648,3937509376,731713536,21,13670486016
1791661472.198,903.469,indexer,1339711487,1114628241,225083246,11162275840,11212890112,1609576448,9246511104,6749409280,35754598400,27,13659660288
1791661472.198,903.469,zebrad,146443109,131794793,14648315,4405547008,4406960128,362844160,4022939648,3937509376,731713536,21,13659660288
1791661473.198,904.469,indexer,1341732092,1116318519,225413572,11184361472,11212890112,1621086208,9256779776,6759677952,35754598400,27,13647507456
1791661473.198,904.469,zebrad,146450401,131800956,14649445,4405542912,4406960128,362844160,4022939648,3937509376,731713536,21,13647507456
1791661474.198,905.470,indexer,1343499953,1117853326,225646626,11091501056,11212890112,1628381184,9159172096,6766157824,35754598400,27,13650653184
1791661474.198,905.470,zebrad,146456265,131804732,14651533,4405272576,4406960128,362844160,4022939648,3937509376,731713536,21,13650653184
1791661475.198,906.470,indexer,1345456754,1119477002,225979752,11111161856,11212890112,1638973440,9168572416,6775558144,35754598400,27,13635121152
1791661475.198,906.470,zebrad,146463475,131811921,14651553,4405534720,4406960128,362844160,4022939648,3937509376,731713536,21,13635121152
1791661476.198,907.470,indexer,1347320802,1121115275,226205527,11125317632,11212890112,1646338048,9175113728,6782099456,35754598400,27,13630386176
1791661476.198,907.470,zebrad,146470094,131817478,14652615,4405559296,4406960128,362844160,4022939648,3937509376,731713536,21,13630386176
1791661477.198,908.470,indexer,1349168120,1122830541,226337578,11133255680,11212890112,1650569216,9178894336,6785880064,35754598400,27,13624610816
1791661477.198,908.470,zebrad,146477180,131824356,14652823,4405555200,4406960128,362844160,4022939648,3937509376,731713536,21,13624610816
1791661478.198,909.470,indexer,1350982136,1124480931,226501204,11144065024,11212890112,1656274944,9183981568,6790967296,35754598400,27,13621215232
1791661478.198,909.470,zebrad,146483925,131831101,14652823,4405555200,4406960128,362844160,4022939648,3937509376,731713536,21,13621215232
1791661479.198,910.470,indexer,1352748419,1125968805,226779613,11162804224,11212890112,1665982464,9192656896,6799642624,35754598400,27,13612793856
1791661479.198,910.470,zebrad,146490823,131837135,14653687,4405555200,4406960128,362844160,4022939648,3937509376,731713536,21,13612793856
1791661480.198,911.470,indexer,1354407285,1127420698,226986586,11173175296,11212890112,1671712768,9197756416,6804742144,35754598400,27,13604540416
1791661480.198,911.470,zebrad,146497799,131844014,14653784,4405293056,4406960128,362844160,4022939648,3937509376,731713536,21,13604540416
1791661481.198,912.470,indexer,1356317515,1129024081,227293434,11191574528,11212890112,1681285120,9206263808,6813249536,35754598400,27,13584379904
1791661481.198,912.470,zebrad,146504274,131850343,14653931,4405555200,4406960128,362844160,4022939648,3937509376,731713536,21,13584379904
1791661482.198,913.470,indexer,1358158277,1130593866,227564411,11103723520,11212890112,1690644480,9110687744,6821638144,35754598400,27,13580582912
1791661482.198,913.470,zebrad,146511077,131857066,14654011,4405551104,4406960128,362844160,4022939648,3937509376,731713536,21,13580582912
1791661483.199,914.470,indexer,1359913764,1132080332,227833432,11120427008,11212890112,1699479552,9118588928,6829539328,35754598400,27,13572775936
1791661483.199,914.470,zebrad,146517779,131863768,14654011,4405551104,4406960128,362844160,4022939648,3937509376,731713536,21,13572775936
1791661484.199,915.470,indexer,1361721233,1133550239,228170994,11141353472,11212890112,1710522368,9128423424,6839382016,35754598400,27,13561729024
1791661484.199,915.470,zebrad,146524261,131868230,14656030,4405542912,4406960128,362844160,4022939648,3937509376,731713536,21,13561729024
1791661485.199,916.471,indexer,1363835875,1135454617,228381258,10984128512,11212890112,1542983680,9139032064,6849982464,35754598400,28,13721796608
1791661485.199,916.471,zebrad,146531098,131875067,14656030,4405542912,4406960128,362844160,4022939648,3937509376,731713536,21,13721796608
1791661486.199,917.471,indexer,1366204448,1137572674,228631773,11008966656,11212890112,1556467712,9149919232,6860869632,35754598400,28,13705723904
1791661486.199,917.471,zebrad,146537976,131881946,14656030,4405043200,4406960128,362844160,4022939648,3937509376,731713536,21,13705723904
1791661487.199,918.471,indexer,1368286333,1139365376,228920957,11110428672,11212890112,1561190400,9241997312,6876266496,35754598400,28,13713424384
1791661487.199,918.471,zebrad,146544386,131888356,14656030,4405305344,4406960128,362844160,4022939648,3937509376,731713536,21,13713424384
1791661488.199,919.471,indexer,1370253557,1140866478,229387079,11140804608,11212890112,1569411072,9261117440,6890291200,35785412608,28,13705936896
1791661488.199,919.471,zebrad,146551047,131894240,14656806,4405563392,4406960128,362844160,4022939648,3937509376,731713536,21,13705936896
1791661489.199,920.471,indexer,1370439407,1141027797,229411610,11141472256,11212890112,1569411072,9261539328,6890713088,35995123712,28,13705834496
1791661489.199,920.471,zebrad,146558683,131901814,14656869,4405563392,4406960128,362844160,4022939648,3937509376,731713536,21,13705834496
1791661490.199,921.471,indexer,1370589753,1141157275,229432478,11141660672,11212890112,1569411072,9261883392,6891057152,36221607936,28,13704380416
1791661490.199,921.471,zebrad,146565109,131907297,14657812,4405297152,4406960128,362844160,4022939648,3937509376,731713536,21,13704380416
1791661491.199,922.471,indexer,1370775722,1141316597,229459124,11144196096,11212890112,1571508224,9262272512,6891446272,36376879104,28,13700141056
1791661491.199,922.471,zebrad,146571085,131911974,14659110,4405293056,4406960128,362844160,4022939648,3937509376,731713536,21,13700141056
1791661492.199,923.471,indexer,1370985728,1141502233,229483494,11144691712,11212890112,1571508224,9262776320,6891950080,36467195904,28,13699895296
1791661492.199,923.471,zebrad,146576723,131914746,14661977,4405551104,4406960128,362844160,4022939648,3937509376,731713536,21,13699895296
1791661493.199,924.471,indexer,1371207112,1141670817,229536294,11156004864,11212890112,1571508224,9273487360,6892355584,36551634944,28,13699690496
1791661493.199,924.471,zebrad,146582926,131919828,14663098,4405551104,4406960128,362844160,4022939648,3937509376,731713536,21,13699690496
1791661494.200,925.471,indexer,1371475040,1141870335,229604704,11156180992,11212890112,1571508224,9274073088,6892941312,36637753344,28,13699837952
1791661494.200,925.471,zebrad,146588789,131924704,14664084,4405547008,4406960128,362844160,4022939648,3937509376,731713536,21,13699837952
1791661495.200,926.471,indexer,1371718088,1142036735,229681352,11156926464,11212890112,1572012032,9274556416,6893424640,36734976000,28,13699858432
1791661495.200,926.471,zebrad,146595169,131929945,14665223,4405547008,4406960128,362844160,4022939648,3937509376,731713536,21,13699858432
1791661496.200,927.472,indexer,1371963869,1142214663,229749206,11158122496,11212890112,1572564992,9275047936,6893916160,36880371712,28,13700071424
1791661496.200,927.472,zebrad,146601255,131935022,14666232,4405542912,4406960128,362844160,4022939648,3937509376,731713536,21,13700071424
1791661497.200,928.472,indexer,1373930534,1143983646,229946888,11170111488,11212890112,1579520000,9279737856,6898606080,36959473664,27,13689155584
1791661497.200,928.472,zebrad,146604164,131937931,14666232,4405538816,4406960128,362844160,4022939648,3937509376,731713536,21,13689155584
1791661498.200,929.472,indexer,1376255796,1145985980,230269816,11187077120,11212890112,1587908608,9288450048,6907318272,36959473664,27,13683056640
1791661498.200,929.472,zebrad,146607201,131940173,14667027,4405538816,4406960128,362844160,4022939648,3937509376,731713536,21,13683056640
1791661499.200,930.472,indexer,1378091316,1147523287,230568029,11100008448,11212890112,1598394368,9193066496,6915887104,36959473664,27,13676183552
1791661499.200,930.472,zebrad,146613652,131946480,14667172,4405538816,4406960128,362844160,4022939648,3937509376,731713536,21,13676183552
1791661500.200,931.472,indexer,1379837756,1149018624,230819131,11114127360,11212890112,1605734400,9199894528,6922719232,36959473664,27,13670891520
1791661500.200,931.472,zebrad,146620341,131953169,14667172,4405534720,4406960128,362844160,4022939648,3937509376,731713536,21,13670891520
1791661501.200,932.472,indexer,1381580224,1150454652,231125571,11131334656,11212890112,1614249984,9208365056,6931181568,36959473664,27,13663354880
1791661501.200,932.472,zebrad,146626793,131959508,14667284,4405563392,4406960128,362844160,4022939648,3937509376,731713536,21,13663354880
1791661502.200,933.472,indexer,1383478321,1151998856,231479464,11152740352,11212890112,1625518080,9218564096,6941380608,36959473664,27,13652316160
1791661502.200,933.472,zebrad,146633411,131965164,14668246,4405563392,4406960128,362844160,4022939648,3937509376,731713536,21,13652316160
1791661503.200,934.472,indexer,1385008098,1153333544,231674554,11163684864,11212890112,1631453184,9223856128,6946672640,36959473664,27,13645692928
1791661503.200,934.472,zebrad,146640508,131972152,14668355,4405563392,4406960128,362844160,4022939648,3937509376,731713536,21,13645692928
1791661504.200,935.472,indexer,1386448063,1154606691,231841372,11172777984,11212890112,1636392960,9228238848,6951055360,36959473664,27,13630062592
1791661504.200,935.472,zebrad,146646483,131978128,14668355,4405297152,4406960128,362844160,4022939648,3937509376,731713536,21,13630062592
1791661505.200,936.472,indexer,1387984022,1155977072,232006949,11181666304,11212890112,1641385984,9232392192,6955208704,36959473664,27,13627006976
1791661505.200,936.472,zebrad,146653209,131984784,14668424,4405559296,4406960128,362848256,4022939648,3937509376,731713536,21,13627006976
1791661506.201,937.472,indexer,1389548438,1157361931,232186506,11193024512,11212890112,1647677440,9237135360,6959951872,36959473664,27,13620871168
1791661506.201,937.472,zebrad,146660199,131991576,14668623,4405305344,4406960128,362848256,4022939648,3937509376,731713536,21,13620871168
1791661507.201,938.472,indexer,1391126698,1158752202,232374496,11098017792,11212890112,1651871744,9137737728,6964629504,36959473664,27,13625024512
1791661507.201,938.472,zebrad,146666936,131998240,14668696,4405305344,4406960128,362848256,4022939648,3937509376,731713536,21,13625024512
1791661508.201,939.473,indexer,1393013792,1160340670,232673121,11116769280,11212890112,1662357504,9146097664,6972985344,36959473664,27,13606510592
1791661508.201,939.473,zebrad,146673577,132003816,14669760,4405301248,4406960128,362848256,4022939648,3937509376,731713536,21,13606510592
1791661509.201,940.473,indexer,1394937183,1162115801,232821381,11125874688,11212890112,1666551808,9150894080,6977781760,36959473664,27,13604032512
1791661509.201,940.473,zebrad,146680190,132009668,14670522,4405301248,4406960128,362848256,4022939648,3937509376,731713536,21,13604032512
1791661510.201,941.473,indexer,1396670376,1163514217,233156159,11145207808,11212890112,1677037568,9159622656,6986510336,36959473664,27,13589811200
1791661510.201,941.473,zebrad,146686683,132016113,14670570,4405297152,4406960128,362848256,4022939648,3937509376,731713536,21,13589811200
1791661511.201,942.473,indexer,1398515910,1165016707,233499203,11165208576,11212890112,1687523328,9169424384,6996312064,36959473664,27,13571616768
1791661511.201,942.473,zebrad,146693261,132022533,14670727,4405301248,4406960128,362848256,4022939648,3937509376,731713536,21,13571616768
1791661512.201,943.473,indexer,1400328713,1166506772,233821941,11185143808,11212890112,1697792000,9178820608,7005712384,36959473664,27,13560508416
1791661512.201,943.473,zebrad,146699991,132029191,14670800,4405301248,4406960128,362848256,4022939648,3937509376,731713536,21,13560508416
1791661513.201,944.473,indexer,1401841464,1167864989,233976474,11090927616,11212890112,1704419328,9079242752,7010693120,36959473664,27,13557866496
1791661513.201,944.473,zebrad,146706309,132035478,14670831,4405055488,4406960128,362848256,4022939648,3937509376,731713536,21,13557866496
1791661514.201,945.473,indexer,1403332986,1169324576,234008409,11091718144,11212890112,1704419328,9080832000,7011667968,36959473664,27,13557518336
1791661514.201,945.473,zebrad,146712764,132041087,14671676,4405313536,4406960128,362848256,4022939648,3937509376,731713536,21,13557518336
1791661515.201,946.473,indexer,1404887972,1170818005,234069967,11095445504,11212890112,1706516480,9081487360,7013048320,36959473664,27,13557002240
1791661515.201,946.473,zebrad,146719060,132046553,14672506,4405309440,4406960128,362848256,4022939648,3937509376,731713536,21,13557002240
1791661516.201,947.473,indexer,1406503764,1172351440,234152324,11099418624,11212890112,1708371968,9084383232,7015223296,36959473664,27,13557587968
1791661516.201,947.473,zebrad,146726194,132053687,14672506,4405067776,4406960128,362848256,4022939648,3937509376,731713536,21,13557587968
1791661517.201,948.473,indexer,1408531804,1174101333,234430470,10944806912,11212890112,1545031680,9093402624,7024238592,36959473664,28,13716557824
1791661517.201,948.473,zebrad,146732798,132059318,14673480,4405071872,4406960128,362848256,4022939648,3937509376,731713536,21,13716557824
1791661518.202,949.473,indexer,1411116127,1176483046,234633081,10963943424,11212890112,1554321408,9103343616,7034183680,36959473664,28,13707743232
1791661518.202,949.473,zebrad,146739812,132066332,14673480,4405067776,4406960128,362848256,4022939648,3937509376,731713536,21,13707743232
1791661519.202,950.473,indexer,1413733274,1178840084,234893190,11010080768,11212890112,1558740992,9144090624,7042244608,36959473664,28,13710016512
1791661519.202,950.473,zebrad,146749103,132075623,14673480,4405325824,4406960128,362864640,4022939648,3937509376,731713536,21,13710016512
1791661520.202,951.474,indexer,1416091072,1180733837,235357234,11124125696,11212890112,1566109696,9245032448,7052546048,36992319488,28,13690380288
1791661520.202,951.474,zebrad,146756469,132082989,14673480,4405325824,4406960128,362864640,4022939648,3937509376,731713536,21,13690380288
1791661521.202,952.474,indexer,1416308505,1180937374,235371131,11124523008,11212890112,1566109696,9245446144,7052959744,37210415104,28,13689208832
1791661521.202,952.474,zebrad,146762586,132089106,14673480,4405325824,4406960128,362872832,4022939648,3937509376,731713536,21,13689208832
1791661522.202,953.474,indexer,1416503893,1181119742,235384150,11127037952,11212890112,1568206848,9245827072,7053340672,37403348992,28,13685198848
1791661522.202,953.474,zebrad,146768490,132095010,14673480,4405579776,4406960128,362872832,4022939648,3937509376,731713536,21,13685198848
1791661523.202,954.474,indexer,1416763860,1181370039,235393821,11127422976,11212890112,1568206848,9246330880,7053844480,37542936576,28,13683380224
1791661523.202,954.474,zebrad,146775069,132101467,14673602,4405571584,4406960128,362872832,4022939648,3937509376,731713536,21,13683380224
1791661524.202,955.474,indexer,1416981814,1181572946,235408868,11127889920,11212890112,1568206848,9246744576,7054258176,37625438208,28,13682958336
1791661524.202,955.474,zebrad,146781201,132107586,14673614,4405571584,4406960128,362872832,4022939648,3937509376,731713536,21,13682958336
1791661525.202,956.474,indexer,1417299355,1181830038,235469316,11146137600,11212890112,1568206848,9264496640,7054835712,37710565376,28,13683060736
1791661525.202,956.474,zebrad,146787369,132113754,14673614,4405567488,4406960128,362872832,4022939648,3937509376,731713536,21,13683060736
1791661526.202,957.474,indexer,1417604180,1182073568,235530612,11148840960,11212890112,1570304000,9265049600,7055388672,37802414080,28,13678268416
1791661526.202,957.474,zebrad,146793154,132119539,14673614,4405567488,4406960128,362872832,4022939648,3937509376,731713536,21,13678268416
1791661527.202,958.474,indexer,1417870594,1182278461,235592132,11149537280,11212890112,1570304000,9265520640,7055859712,37904158720,28,13678243840
1791661527.202,958.474,zebrad,146799013,132125018,14673994,4405563392,4406960128,362872832,4022939648,3937509376,731713536,21,13678243840
1791661528.202,959.474,indexer,1418563533,1182906665,235656868,11150319616,11212890112,1570304000,9265987584,7056326656,38057480192,28,13678583808
1791661528.202,959.474,zebrad,146804716,132130722,14673994,4405080064,4406960128,362872832,4022939648,3937509376,731713536,21,13678583808
1791661529.203,960.474,indexer,1420365990,1184590315,235775674,11156852736,11212890112,1574498304,9268592640,7058931712,38172262400,27,13675106304
1791661529.203,960.474,zebrad,146808087,132134092,14673994,4405338112,4406960128,362872832,4022939648,3937509376,731713536,21,13675106304
1791661530.203,961.474,indexer,1422427665,1186445335,235982329,11168538624,11212890112,1580412928,9274327040,7064666112,38172262400,27,13674356736
1791661530.203,961.474,zebrad,146815232,132140516,14674715,4405338112,4406960128,362872832,4022939648,3937509376,731713536,21,13674356736
1791661531.203,962.475,indexer,1424284087,1188160869,236123218,11177410560,11212890112,1584607232,9278521344,7069216768,38172262400,27,13673447424
1791661531.203,962.475,zebrad,146822068,132147353,14674715,4405338112,4406960128,362872832,4022939648,3937509376,731713536,21,13673447424
1791661532.203,963.475,indexer,1425875626,1189641570,236234055,11184422912,11212890112,1588801536,9281667072,7072006144,38172262400,27,13665497088
1791661532.203,963.475,zebrad,146829271,132153752,14675518,4405338112,4406960128,362872832,4022939648,3937509376,731713536,21,13665497088
1791661533.203,964.475,indexer,1427511810,1191140807,236371003,11179397120,11212890112,1592995840,9272676352,7076216832,38172262400,27,13681238016
1791661533.203,964.475,zebrad,146835891,132160372,14675518,4405334016,4406960128,362872832,4022939648,3937509376,731713536,21,13681238016
1791661534.203,965.475,indexer,1429243382,1192662116,236581265,11103399936,11212890112,1601384448,9188421632,7082803200,38172262400,27,13666201600
1791661534.203,965.475,zebrad,146842437,132166803,14675634,4405334016,4406960128,362872832,4022939648,3937509376,731713536,21,13666201600
1791661535.203,966.475,indexer,1431020507,1194177585,236842921,11118567424,11212890112,1609531392,9195417600,7090065408,38172262400,27,13658619904
1791661535.203,966.475,zebrad,146849159,132172452,14676706,4405334016,4406960128,362872832,4022939648,3937509376,731713536,21,13658619904
1791661536.203,967.475,indexer,1432799353,1195617232,237182121,11138404352,11212890112,1620017152,9205092352,7099482112,38172262400,27,13652234240
1791661536.203,967.475,zebrad,146855786,132177816,14677969,4405334016,4406960128,362872832,4022939648,3937509376,731713536,21,13652234240
1791661537.203,968.475,indexer,1434495954,1197007335,237488618,11155386368,11212890112,1628454912,9213444096,7107825664,38172262400,27,13642764288
1791661537.203,968.475,zebrad,146862559,132184513,14678046,4405592064,4406960128,362872832,4022939648,3937509376,731713536,21,13642764288
1791661538.203,969.475,indexer,1435894518,1198276299,237618218,11163140096,11212890112,1632616448,9217196032,7111577600,38172262400,27,13639802880
1791661538.203,969.475,zebrad,146868593,132190444,14678149,4405583872,4406960128,362872832,4022939648,3937509376,731713536,21,13639802880
1791661539.203,970.475,indexer,1437329775,1199590327,237739447,11170533376,11212890112,1636388864,9220657152,7115038720,38172262400,27,13635653632
1791661539.203,970.475,zebrad,146875485,132197248,14678237,4405583872,4406960128,362872832,4022939648,3937509376,731713536,21,13635653632
1791661540.203,971.475,indexer,1438785711,1200901488,237884223,11178061824,11212890112,1640198144,9224151040,7118532608,38172262400,27,13632294912
1791661540.203,971.475,zebrad,146882146,132203843,14678302,4405575680,4406960128,362872832,4022939648,3937509376,731713536,21,13632294912
1791661541.204,972.475,indexer,1440264910,1202242291,238022619,11184852992,11212890112,1643872256,9227550720,7121932288,38172262400,27,13628063744
1791661541.204,972.475,zebrad,146889331,132209108,14680222,4405587968,4406960128,362872832,4022939648,3937509376,731713536,21,13628063744
1791661542.204,973.475,indexer,1441743964,1203552164,238191800,11186819072,11212890112,1647943680,9225490432,7125639168,38172262400,27,13633298432
1791661542.204,973.475,zebrad,146896194,132215885,14680308,4405583872,4406960128,362872832,4022939648,3937509376,731713536,21,13633298432
1791661543.204,974.476,indexer,1443254222,1204889042,238365179,11195584512,11212890112,1652441088,9229565952,7129714688,38172262400,27,13628035072
1791661543.204,974.476,zebrad,146903286,132222869,14680416,4405575680,4406960128,362872832,4022939648,3937509376,731713536,21,13628035072
1791661544.204,975.476,indexer,1444855073,1206276475,238578598,11206352896,11212890112,1658134528,9234694144,7134842880,38172262400,27,13621551104
1791661544.204,975.476,zebrad,146909769,132229204,14680564,4405575680,4406960128,362872832,4022939648,3937509376,731713536,21,13621551104
1791661545.204,976.476,indexer,1446447386,1207647342,238800044,11114618880,11212890112,1666154496,9136427008,7140626432,38172262400,27,13591166976
1791661545.204,976.476,zebrad,146916614,132234163,14682450,4405321728,4406960128,362872832,4022939648,3937509376,731713536,21,13591166976
1791661546.204,977.476,indexer,1448203131,1209172269,239030862,11127726080,11212890112,1672445952,9143185408,7147384832,38172262400,27,13582651392
1791661546.204,977.476,zebrad,146923076,132239678,14683397,4405321728,4406960128,362872832,4022939648,3937509376,731713536,21,13582651392
1791661547.204,978.476,indexer,1449818265,1210582599,239235666,11139260416,11212890112,1678737408,9148305408,7152504832,38172262400,27,13580537856
1791661547.204,978.476,zebrad,146929654,132245099,14684555,4405575680,4406960128,362872832,4022939648,3937509376,731713536,21,13580537856
1791661548.204,979.476,indexer,1451387518,1211980509,239407008,11147911168,11212890112,1682931712,9152811008,7157010432,38172262400,27,13577101312
1791661548.204,979.476,zebrad,146936560,132251214,14685346,4405575680,4406960128,362872832,4022939648,3937509376,731713536,21,13577101312
1791661549.204,980.476,indexer,1452852667,1213315495,239537171,11155496960,11212890112,1686728704,9156616192,7160815616,38172262400,27,13575733248
1791661549.204,980.476,zebrad,146945185,132258676,14686509,4405571584,4406960128,362872832,4022939648,3937509376,731713536,21,13575733248
1791661550.204,981.476,indexer,1454258796,1214549892,239708904,11164078080,11212890112,1691222016,9160683520,7164882944,38172262400,27,13573644288
1791661550.204,981.476,zebrad,146952003,132264512,14687491,4405567488,4406960128,362872832,4022939648,3937509376,731713536,21,13573644288
1791661551.204,982.476,indexer,1455642031,1215792459,239849572,11171868672,11212890112,1695322112,9164382208,7168581632,38172262400,27,13572096000
1791661551.204,982.476,zebrad,146958593,132270943,14687649,4405567488,4406960128,362872832,4022939648,3937509376,731713536,21,13572096000
1791661552.204,983.476,indexer,1457199837,1217162676,240037160,11182346240,11212890112,1700675584,9169272832,7173472256,38172262400,27,13567582208
1791661552.204,983.476,zebrad,146965036,132277043,14687993,4405567488,4406960128,362872832,4022939648,3937509376,731713536,21,13567582208
1791661553.205,984.476,indexer,1458728622,1218478720,240249902,11194867712,11212890112,1707343872,9175240704,7179440128,38172262400,27,13561487360
1791661553.205,984.476,zebrad,146971571,132283525,14688045,4405567488,4406960128,362872832,4022939648,3937509376,731713536,21,13561487360
1791661554.205,985.476,indexer,1460334800,1219836168,240498632,11104202752,11212890112,1716486144,9077952512,7186059264,38172262400,27,13552820224
1791661554.205,985.476,zebrad,146978154,132290108,14688045,4405301248,4406960128,362872832,4022939648,3937509376,731713536,21,13552820224
1791661555.205,986.476,indexer,1462363464,1221589235,240774228,10945814528,11212890112,1548980224,9087737856,7195844608,38172262400,28,13714710528
1791661555.205,986.476,zebrad,146985477,132294439,14691038,4405334016,4406960128,362872832,4022939648,3937509376,731713536,21,13714710528
1791661556.205,987.477,indexer,1464789537,1223757949,241031587,10970980352,11212890112,1562464256,9099177984,7207284736,38172262400,28,13704335360
1791661556.205,987.477,zebrad,146992071,132300974,14691097,4405071872,4406960128,362872832,4022939648,3937509376,731713536,21,13704335360
1791661557.205,988.477,indexer,1467138754,1225799326,241339428,11080294400,11212890112,1567186944,9200992256,7217872896,38172262400,28,13703467008
1791661557.205,988.477,zebrad,146998960,132307863,14691097,4405071872,4406960128,362872832,4022939648,3937509376,731713536,21,13703467008
1791661558.205,989.477,indexer,1468662878,1226932129,241730749,11123261440,11212890112,1573208064,9234698240,7223156736,38267944960,28,13686448128
1791661558.205,989.477,zebrad,147005289,132313470,14691818,4405329920,4406960128,362872832,4022939648,3937509376,731713536,21,13686448128
1791661559.205,990.477,indexer,1468830944,1227079813,241751131,11123449856,11212890112,1573208064,9235136512,7223595008,38486044672,28,13685460992
1791661559.205,990.477,zebrad,147011421,132319390,14692030,4405587968,4406960128,362872832,4022939648,3937509376,731713536,21,13685460992
1791661560.205,991.477,indexer,1469045764,1227274272,241771491,11123826688,11212890112,1573208064,9235558400,7224016896,38668595200,28,13683367936
1791661560.205,991.477,zebrad,147017532,132325491,14692041,4405321728,4406960128,362872832,4022939648,3937509376,731713536,21,13683367936
1791661561.205,992.477,indexer,1469274746,1227466607,241808139,11126407168,11212890112,1575305216,9236185088,7224643584,38773415936,28,13675622400
1791661561.205,992.477,zebrad,147023287,132331245,14692041,4405063680,4406960128,362872832,4022939648,3937509376,731713536,21,13675622400
1791661562.205,993.477,indexer,1469495088,1227655885,241839202,11127451648,11212890112,1575305216,9236709376,7225167872,38853242880,28,13675737088
1791661562.205,993.477,zebrad,147029505,132337463,14692041,4404838400,4406960128,362872832,4022939648,3937509376,731713536,21,13675737088
1791661563.205,994.477,indexer,1469723131,1227794811,241928320,11179544576,11212890112,1575305216,9287356416,7225610240,38939983872,28,13678071808
1791661563.205,994.477,zebrad,147035464,132343332,14692132,4404838400,4406960128,362872832,4022939648,3937509376,731713536,21,13678071808
1791661564.205,995.477,indexer,1470065681,1228070015,241995666,11182563328,11212890112,1577402368,9288204288,7226458112,39029460992,28,13678452736
1791661564.205,995.477,zebrad,147041301,132348986,14692315,4405358592,4406960128,362872832,4022939648,3937509376,731713536,21,13678452736
1791661565.206,996.477,indexer,1470346561,1228267227,242079333,11183009792,11212890112,1577402368,9288810496,7227064320,39142416384,28,13678968832
1791661565.206,996.477,zebrad,147047772,132354509,14693262,4405350400,4406960128,362872832,4022939648,3937509376,731713536,21,13678968832
1791661566.206,997.477,indexer,1470628162,1228484364,242143798,11183767552,11212890112,1577402368,9289424896,7227678720,39338209280,28,13679632384
1791661566.206,997.477,zebrad,147053728,132358568,14695160,4404826112,4406960128,362872832,4022939648,3937509376,731713536,21,13679632384
1791661567.206,998.478,indexer,1472492458,1230214525,242277932,11191267328,11212890112,1581219840,9292812288,7231066112,39417757696,27,13678178304
1791661567.206,998.478,zebrad,147053728,132358568,14695160,4404826112,4406960128,362872832,4022939648,3937509376,731713536,21,13678178304
1791661568.206,999.478,indexer,1474752466,1232245077,242507389,11101171712,11212890112,1589608448,9195634688,7237959680,39417757696,27,13674594304
1791661568.206,999.478,zebrad,147056651,132361299,14695352,4405350400,4406960128,362872832,4022939648,3937509376,731713536,21,13674594304
1791661569.206,1000.478,indexer,1476260351,1233600226,242660124,11109974016,11212890112,1593802752,9199869952,7242199040,39417757696,27,13671104512
1791661569.206,1000.478,zebrad,147063109,132366109,14696999,4405084160,4406960128,362872832,4022939648,3937509376,731713536,21,13671104512
1791661570.206,1001.478,indexer,1477819050,1235001497,242817552,11120721920,11212890112,1600094208,9204318208,7246643200,39417757696,27,13666557952
1791661570.206,1001.478,zebrad,147070439,132371605,14698833,4405334016,4406960128,362872832,4022939648,3937509376,731713536,21,13666557952
1791661571.206,1002.478,indexer,1479375181,1236404598,242970583,11129110528,11212890112,1604288512,9208561664,7250886656,39417757696,27,13663805440
1791661571.206,1002.478,zebrad,147076781,132377947,14698833,4405342208,4406960128,362872832,4022939648,3937509376,731713536,21,13663805440
1791661572.206,1003.478,indexer,1480933331,1237798290,243135041,11138809856,11212890112,1609531392,9212936192,7255261184,39417757696,27,13653725184
1791661572.206,1003.478,zebrad,147083504,132384670,14698833,4405338112,4406960128,362872832,4022939648,3937509376,731713536,21,13653725184
1791661573.206,1004.478,indexer,1482453824,1239174007,243279817,11144372224,11212890112,1611628544,9216516096,7258841088,39417757696,27,13653671936
1791661573.206,1004.478,zebrad,147089898,132391021,14698877,4405329920,4406960128,362872832,4022939648,3937509376,731713536,21,13653671936
1791661574.206,1005.478,indexer,1483953273,1240536432,243416841,11151933440,11212890112,1615822848,9219665920,7262244864,39417757696,27,13653966848
1791661574.206,1005.478,zebrad,147096893,132396816,14700077,4405592064,4406960128,362872832,4022939648,3937509376,731713536,21,13653966848
1791661575.206,1006.478,indexer,1485460172,1241903470,243556702,11159887872,11212890112,1620017152,9223643136,7265968128,39417757696,27,13645930496
1791661575.206,1006.478,zebrad,147103727,132402866,14700861,4405592064,4406960128,362872832,4022939648,3937509376,731713536,21,13645930496
1791661576.206,1007.478,indexer,1486941450,1243277922,243663528,11167367168,11212890112,1624211456,9226313728,7269036032,39417757696,27,13645037568
1791661576.206,1007.478,zebrad,147110257,132408442,14701814,4405325824,4406960128,362872832,4022939648,3937509376,731713536,21,13645037568
1791661577.207,1008.478,indexer,1488578931,1244724898,243854032,11179048960,11212890112,1630502912,9232293888,7274618880,39417757696,27,13636513792
1791661577.207,1008.478,zebrad,147117310,132415491,14701819,4405350400,4406960128,362872832,4022939648,3937509376,731713536,21,13636513792
1791661578.207,1009.478,indexer,1490059861,1246004326,244055535,11188174848,11212890112,1634697216,9236951040,7279353856,39417757696,27,13633576960
1791661578.207,1009.478,zebrad,147124027,132421136,14702891,4405608448,4406960128,362872832,4022939648,3937509376,731713536,21,13633576960
1791661579.207,1010.479,indexer,1491440850,1247272317,244168532,11195576320,11212890112,1638891520,9240150016,7282479104,39417757696,27,13628948480
1791661579.207,1010.479,zebrad,147133270,132430156,14703114,4405600256,4406960128,362872832,4022939648,3937509376,731713536,21,13628948480
1791661580.207,1011.479,indexer,1493027194,1248686885,244340309,11099983872,11212890112,1643085824,9141207040,7287410688,39417757696,27,13622054912
1791661580.207,1011.479,zebrad,147140216,132437007,14703208,4405334016,4406960128,362872832,4022939648,3937509376,731713536,21,13622054912
1791661581.207,1012.479,indexer,1494522935,1250048688,244474246,11107762176,11212890112,1647280128,9144901632,7291105280,39417757696,27,13618073600
1791661581.207,1012.479,zebrad,147146895,132442718,14704176,4405088256,4406960128,362872832,4022939648,3937509376,731713536,21,13618073600
1791661582.207,1013.479,indexer,1496257230,1251534982,244722248,11123662848,11212890112,1655668736,9152442368,7298646016,39417757696,27,13613105152
1791661582.207,1013.479,zebrad,147153020,132447730,14705289,4405346304,4406960128,362872832,4022939648,3937509376,731713536,21,13613105152
1791661583.207,1014.479,indexer,1497781452,1252857474,244923978,11134586880,11212890112,1661960192,9157496832,7303700480,39417757696,27,13581262848
1791661583.207,1014.479,zebrad,147160202,132453894,14706308,4405604352,4406960128,362872832,4022939648,3937509376,731713536,21,13581262848
1791661584.207,1015.479,indexer,1499335501,1254212197,245123304,11144716288,11212890112,1666936832,9162788864,7308992512,39417757696,27,13580566528
1791661584.207,1015.479,zebrad,147166764,132459499,14707264,4405596160,4406960128,362872832,4022939648,3937509376,731713536,21,13580566528
1791661585.207,1016.479,indexer,1500944069,1255607248,245336820,11157327872,11212890112,1673515008,9168646144,7314849792,39417757696,27,13580537856
1791661585.207,1016.479,zebrad,147174594,132466446,14708147,4405596160,4406960128,362872832,4022939648,3937509376,731713536,21,13580537856
1791661586.207,1017.479,indexer,1502715808,1257097842,245617965,11174240256,11212890112,1682456576,9176608768,7322812416,39417757696,27,13578113024
1791661586.207,1017.479,zebrad,147181617,132473067,14708549,4405592064,4406960128,362872832,4022939648,3937509376,731713536,21,13578113024
1791661587.207,1018.479,indexer,1504193864,1258402915,245790948,11185033216,11212890112,1688023040,9181593600,7327797248,39417757696,27,13572440064
1791661587.207,1018.479,zebrad,147187970,132479420,14708549,4405587968,4406960128,362872832,4022939648,3937509376,731713536,21,13572440064
1791661588.207,1019.479,indexer,1505787212,1259786596,246000616,11091017728,11212890112,1695514624,9083072512,7333306368,39417757696,27,13572206592
1791661588.207,1019.479,zebrad,147194467,132484131,14710335,4405587968,4406960128,362872832,4022939648,3937509376,731713536,21,13572206592
1791661589.208,1020.479,indexer,1507412813,1261183295,246229518,11103784960,11212890112,1701806080,9089880064,7340113920,39417757696,27,13564198912
1791661589.208,1020.479,zebrad,147201590,132491043,14710546,4405587968,4406960128,362872832,4022939648,3937509376,731713536,21,13564198912
1791661590.208,1021.479,indexer,1508871144,1262480006,246391138,11114876928,11212890112,1708097536,9094242304,7344476160,39417757696,27,13559803904
1791661590.208,1021.479,zebrad,147208840,132496366,14712473,4405587968,4406960128,362872832,4022939648,3937509376,731713536,21,13559803904
1791661591.208,1022.479,indexer,1510469527,1263846552,246622974,11126677504,11212890112,1714388992,9099972608,7350206464,39417757696,27,13549522944
1791661591.208,1022.479,zebrad,147216174,132503668,14712505,4405583872,4406960128,362872832,4022939648,3937509376,731713536,21,13549522944
1791661592.208,1023.480,indexer,1512040852,1265241055,246799796,11135598592,11212890112,1718583296,9104732160,7354966016,39417757696,27,13541793792
1791661592.208,1023.480,zebrad,147223492,132510054,14713438,4405583872,4406960128,362872832,4022939648,3937509376,731713536,21,13541793792
1791661593.208,1024.480,indexer,1513759422,1266797304,246962117,10973761536,11212890112,1550807040,9111130112,7361363968,39417757696,28,13705375744
1791661593.208,1024.480,zebrad,147230324,132516804,14713520,4405575680,4406960128,362872832,4022939648,3937509376,731713536,21,13705375744
1791661594.208,1025.480,indexer,1516170875,1268943257,247227617,10998108160,11212890112,1562677248,9123409920,7373643776,39417757696,28,13695582208
1791661594.208,1025.480,zebrad,147236941,132522359,14714582,4405575680,4406960128,362872832,4022939648,3937509376,731713536,21,13695582208
1791661595.208,1026.480,indexer,1518487339,1271112849,247374489,11094253568,11212890112,1565274112,9214099456,7378370560,39417757696,28,13703122944
1791661595.208,1026.480,zebrad,147243833,132529162,14714670,4405575680,4406960128,362872832,4022939648,3937509376,731713536,21,13703122944
1791661596.208,1027.480,indexer,1520218462,1272554571,247663890,11098275840,11212890112,1569812480,9208348672,7381270528,39484280832,28,13697769472
1791661596.208,1027.480,zebrad,147250372,132535648,14714724,4405583872,4406960128,362872832,4022939648,3937509376,731713536,21,13697769472
1791661597.208,1028.480,indexer,1520695216,1273014653,247680562,11098451968,11212890112,1569812480,9208631296,7381553152,39690805248,28,13697462272
1791661597.208,1028.480,zebrad,147256495,132541771,14714724,4405583872,4406960128,362872832,4022939648,3937509376,731713536,21,13697462272
1791661598.208,1029.480,indexer,1521810971,1274112401,247698569,11100983296,11212890112,1571909632,9208946688,7381868544,39908909056,28,13693435904
1791661598.208,1029.480,zebrad,147263006,132548282,14714724,4405583872,4406960128,362872832,4022939648,3937509376,731713536,21,13693435904
1791661599.208,1030.480,indexer,1523011379,1275292793,247718585,11101192192,11212890112,1571909632,9209253888,7382175744,40046329856,28,13691256832
1791661599.208,1030.480,zebrad,147269373,132554649,14714724,4405583872,4406960128,362872832,4022939648,3937509376,731713536,21,13691256832
1791661600.208,1031.480,indexer,1524183260,1276448589,247734670,11101409280,11212890112,1571909632,9209466880,7382388736,40129806336,28,13691052032
1791661600.208,1031.480,zebrad,147276086,132561362,14714724,4405313536,4406960128,362872832,4022939648,3937509376,731713536,21,13691052032
1791661601.209,1032.480,indexer,1525421266,1277637739,247783527,11123896320,11212890112,1571913728,9231130624,7382614016,40215425024,28,13690470400
1791661601.209,1032.480,zebrad,147282178,132567454,14714724,4405575680,4406960128,362872832,4022939648,3937509376,731713536,21,13690470400
1791661602.209,1033.480,indexer,1527195818,1279347439,247848379,11124572160,11212890112,1571913728,9231466496,7382949888,40301469696,28,13690134528
1791661602.209,1033.480,zebrad,147289025,132574301,14714724,4405571584,4406960128,362872832,4022939648,3937509376,731713536,21,13690134528
1791661603.209,1034.480,indexer,1528662264,1280770237,247892026,11124830208,11212890112,1571913728,9231724544,7383207936,40404037632,28,13689778176
1791661603.209,1034.480,zebrad,147295685,132580961,14714724,4405563392,4406960128,362872832,4022939648,3937509376,731713536,21,13689778176
1791661604.209,1035.481,indexer,1529812671,1281879495,247933175,11124879360,11212890112,1571913728,9231990784,7383474176,40558256128,28,13689225216
1791661604.209,1035.481,zebrad,147301978,132586699,14715279,4405559296,4406960128,362872832,4022939648,3937509376,731713536,21,13689225216
1791661605.209,1036.481,indexer,1531060274,1283094590,247965683,11125354496,11212890112,1571913728,9232216064,7383699456,40700870656,27,13689638912
1791661605.209,1036.481,zebrad,147308950,132593575,14715375,4405559296,4406960128,362872832,4022939648,3937509376,731713536,21,13689638912
1791661606.209,1037.481,indexer,1532653438,1284684788,247968649,11125825536,11212890112,1571971072,9232416768,7383900160,40700870656,27,13676670976
1791661606.209,1037.481,zebrad,147315364,132599948,14715416,4405559296,4406960128,362872832,4022939648,3937509376,731713536,21,13676670976
1791661607.209,1038.481,indexer,1534458569,1286479621,247978948,11126165504,11212890112,1571971072,9232474112,7383990272,40700870656,27,13677076480
1791661607.209,1038.481,zebrad,147321572,132606135,14715436,4405551104,4406960128,362872832,4022939648,3937509376,731713536,21,13677076480
1791661608.209,1039.481,indexer,1536170116,1288189992,247980123,11126677504,11212890112,1572540416,9232506880,7384104960,40700870656,27,13677047808
1791661608.209,1039.481,zebrad,147328349,132612736,14715613,4405547008,4406960128,362872832,4022939648,3937509376,731713536,21,13677047808
1791661609.209,1040.481,indexer,1537982853,1290002729,247980123,11126657024,11212890112,1572851712,9232674816,7384203264,40700870656,27,13677211648
1791661609.209,1040.481,zebrad,147336706,132619957,14716749,4405538816,4406960128,362872832,4022939648,3937509376,731713536,21,13677211648
1791661610.209,1041.481,indexer,1539807973,1291827849,247980123,11127169024,11212890112,1572851712,9232674816,7384338432,40700870656,27,13677256704
1791661610.209,1041.481,zebrad,147343165,132626416,14716749,4405538816,4406960128,362872832,4022939648,3937509376,731713536,21,13677256704
1791661611.209,1042.481,indexer,1541686299,1293706176,247980123,11127459840,11212890112,1573355520,9232945152,7384469504,40700870656,27,13677346816
1791661611.209,1042.481,zebrad,147349896,132633030,14716866,4405538816,4406960128,362958848,4022939648,3937509376,731713536,21,13677346816
1791661612.209,1043.481,indexer,1543506664,1295526540,247980123,11127541760,11212890112,1573355520,9232945152,7384563712,40700870656,27,13677510656
1791661612.209,1043.481,zebrad,147356248,132639347,14716900,4405538816,4406960128,362958848,4022939648,3937509376,731713536,21,13677510656
1791661613.210,1044.481,indexer,1545303740,1297323616,247980123,11128041472,11212890112,1573388288,9233174528,7384686592,40700870656,27,13677371392
1791661613.210,1044.481,zebrad,147362933,132643962,14718971,4405538816,4406960128,362958848,4022939648,3937509376,731713536,21,13677371392
1791661614.210,1045.481,indexer,1547067772,1299087648,247980123,11128721408,11212890112,1573957632,9233637376,7385120768,40700870656,27,13677428736
1791661614.210,1045.481,zebrad,147369194,132650223,14718971,4405538816,4406960128,362958848,4022939648,3937509376,731713536,21,13677428736
1791661615.210,1046.482,indexer,1548714098,1300728154,247985943,11129212928,11212890112,1574035456,9233768448,7385268224,40700870656,27,13676261376
1791661615.210,1046.482,zebrad,147375683,132656712,14718971,4405538816,4406960128,362958848,4022939648,3937509376,731713536,21,13676261376
1791661616.210,1047.482,indexer,1550478380,1302488828,247989551,11130032128,11212890112,1574752256,9233887232,7385370624,40700870656,27,13664018432
1791661616.210,1047.482,zebrad,147382393,132662477,14719915,4405657600,4406960128,362958848,4022939648,3937509376,731713536,21,13664018432
1791661617.210,1048.482,indexer,1552104286,1303978981,248125305,11140583424,11212890112,1581068288,9238130688,7389614080,40700870656,27,13662195712
1791661617.210,1048.482,zebrad,147388579,132667844,14720734,4405653504,4406960128,362958848,4022939648,3937509376,731713536,21,13662195712
1791661618.210,1049.482,indexer,1553468321,1305214643,248253678,11146031104,11212890112,1583427584,9241288704,7392772096,40700870656,27,13659779072
1791661618.210,1049.482,zebrad,147394968,132674195,14720773,4405649408,4406960128,362958848,4022939648,3937509376,731713536,21,13659779072
1791661619.210,1050.482,indexer,1554553282,1306284238,248269044,11148832768,11212890112,1585950720,9241698304,7393206272,40700870656,27,13655277568
1791661619.210,1050.482,zebrad,147401640,132680701,14720939,4405649408,4406960128,362958848,4022939648,3937509376,731713536,21,13655277568
1791661620.210,1051.482,indexer,1555705744,1307432529,248273215,11149819904,11212890112,1586413568,9242001408,7393484800,40700870656,27,13654810624
1791661620.210,1051.482,zebrad,147408242,132686342,14721899,4405645312,4406960128,362958848,4022939648,3937509376,731713536,21,13654810624
1791661621.210,1052.482,indexer,1556985108,1308646234,248338874,11154235392,11212890112,1589116928,9243742208,7395233792,40700870656,27,13654409216
1791661621.210,1052.482,zebrad,147414404,132691488,14722916,4405391360,4406960128,362958848,4022939648,3937509376,731713536,21,13654409216
1791661622.210,1053.482,indexer,1558159425,1309789317,248370107,11157442560,11212890112,1591222272,9244807168,7396290560,40700870656,27,13652533248
1791661622.210,1053.482,zebrad,147420814,132696154,14724659,4405391360,4406960128,362958848,4022939648,3937509376,731713536,21,13652533248
1791661623.210,1054.482,indexer,1559291581,1310897152,248394428,11158646784,11212890112,1592033280,9245384704,7396868096,40700870656,27,13652271104
1791661623.210,1054.482,zebrad,147426993,132701315,14725677,4405391360,4406960128,362958848,4022939648,3937509376,731713536,21,13652271104
1791661624.210,1055.482,indexer,1560435458,1312000268,248435189,11161399296,11212890112,1594171392,9246126080,7397609472,40700870656,27,13651963904
1791661624.210,1055.482,zebrad,147434791,132709035,14725756,4405121024,4406960128,362958848,4022939648,3937509376,731713536,21,13651963904
1791661625.210,1056.482,indexer,1561542283,1313084083,248458199,11163901952,11212890112,1596059648,9246699520,7398182912,40700870656,27,13650919424
1791661625.210,1056.482,zebrad,147441459,132713834,14727625,4405121024,4406960128,362958848,4022939648,3937509376,731713536,21,13650919424
1791661626.211,1057.482,indexer,1562676468,1314185220,248491248,11062091776,11212890112,1598701568,9143234560,7398772736,40700870656,27,13649383424
1791661626.211,1057.482,zebrad,147447355,132718139,14729216,4405108736,4406960128,362958848,4022939648,3937509376,731713536,21,13649383424
1791661627.211,1058.482,indexer,1563775168,1315266109,248509059,11062501376,11212890112,1598701568,9143234560,7399264256,40700870656,27,13648936960
1791661627.211,1058.482,zebrad,147453463,132724036,14729426,4405366784,4406960128,362958848,4022939648,3937509376,731713536,21,13648936960
1791661628.211,1059.483,indexer,1564913555,1316390397,248523157,11063398400,11212890112,1598701568,9143771136,7399854080,40700870656,27,13649354752
1791661628.211,1059.483,zebrad,147459566,132730130,14729436,4405366784,4406960128,362958848,4022939648,3937509376,731713536,21,13649354752
1791661629.211,1060.483,indexer,1566070531,1317505651,248564879,11063554048,11212890112,1598701568,9144950784,7400488960,40700870656,27,13649817600
1791661629.211,1060.483,zebrad,147466347,132736833,14729513,4405366784,4406960128,362958848,4022939648,3937509376,731713536,21,13649817600
1791661630.211,1061.483,indexer,1567249877,1318636216,248613661,11067273216,11212890112,1600798720,9146015744,7401553920,40700870656,27,13646700544
1791661630.211,1061.483,zebrad,147472544,132743012,14729532,4405362688,4406960128,362958848,4022939648,3937509376,731713536,21,13646700544
1791661631.211,1062.483,indexer,1568612955,1319902561,248710393,11071483904,11212890112,1602895872,9148649472,7404191744,40700870656,27,13648130048
1791661631.211,1062.483,zebrad,147478295,132748589,14729706,4405354496,4406960128,362958848,4022939648,3937509376,731713536,21,13648130048
1791661632.211,1063.483,indexer,1570312026,1321398796,248913229,11084312576,11212890112,1609187328,9155317760,7410855936,40700870656,27,13633544192
1791661632.211,1063.483,zebrad,147485072,132755188,14729883,4405612544,4406960128,362958848,4022939648,3937509376,731713536,21,13633544192
1791661633.211,1064.483,indexer,1571934490,1322878143,249056347,11092480000,11212890112,1613381632,9159483392,7415021568,40700870656,27,13632626688
1791661633.211,1064.483,zebrad,147491858,132761975,14729883,4405608448,4406960128,362958848,4022939648,3937509376,731713536,21,13632626688
1791661634.211,1065.483,indexer,1573539336,1324268304,249271032,11107422208,11212890112,1621770240,9165971456,7421509632,40700874752,27,13629067264
1791661634.211,1065.483,zebrad,147498382,132768369,14730012,4405608448,4406960128,362958848,4022939648,3937509376,731713536,21,13629067264
1791661635.211,1066.483,indexer,1575383479,1325931684,249451794,11117903872,11212890112,1627013120,9171099648,7426637824,40700874752,27,13623914496
1791661635.211,1066.483,zebrad,147505330,132774422,14730907,4405608448,4406960128,362958848,4022939648,3937509376,731713536,21,13623914496
1791661636.211,1067.483,indexer,1577132746,1327543012,249589734,11125768192,11212890112,1633402880,9172885504,7431307264,40700874752,27,13619818496
1791661636.211,1067.483,zebrad,147511583,132780675,14730907,4405604352,4406960128,362958848,4022939648,3937509376,731713536,21,13619818496
1791661637.212,1068.483,indexer,1578870052,1329088237,249781814,11138179072,11212890112,1640083456,9178533888,7436955648,40700874752,27,13606449152
1791661637.212,1068.483,zebrad,147518286,132786583,14731703,4405362688,4406960128,362958848,4022939648,3937509376,731713536,21,13606449152
1791661638.212,1069.483,indexer,1580336148,1330457077,249879070,11143225344,11212890112,1642627072,9181081600,7439503360,40700874752,27,13605470208
1791661638.212,1069.483,zebrad,147524689,132792986,14731703,4405620736,4406960128,362958848,4022939648,3937509376,731713536,21,13605470208
1791661639.212,1070.484,indexer,1581996521,1331966452,250030069,11152404480,11212890112,1646989312,9185611776,7444033536,40700874752,27,13605433344
1791661639.212,1070.484,zebrad,147534039,132801361,14732677,4405616640,4406960128,362958848,4022939648,3937509376,731713536,21,13605433344
1791661640.212,1071.484,indexer,1583782611,1333590439,250192171,11161698304,11212890112,1651478528,9190506496,7448928256,40700874752,27,13603868672
1791661640.212,1071.484,zebrad,147541341,132807533,14733808,4405620736,4406960128,362958848,4022939648,3937509376,731713536,21,13603868672
1791661641.212,1072.484,indexer,1585541060,1335163911,250377149,11172470784,11212890112,1656823808,9195999232,7454420992,40700874752,27,13601034240
1791661641.212,1072.484,zebrad,147547671,132811928,14735742,4405612544,4406960128,362958848,4022939648,3937509376,731713536,21,13601034240
1791661642.212,1073.484,indexer,1587115901,1336635427,250480474,11177345024,11212890112,1659113472,9198333952,7456759808,40700874752,27,13600026624
1791661642.212,1073.484,zebrad,147554467,132818724,14735742,4405157888,4406960128,362958848,4022939648,3937509376,731713536,21,13600026624
1791661643.212,1074.484,indexer,1588813293,1338192644,250620648,11187568640,11212890112,1664458752,9203077120,7461498880,40700874752,27,13596360704
1791661643.212,1074.484,zebrad,147561170,132825427,14735742,4405669888,4406960128,362958848,4022939648,3937509376,731713536,21,13596360704
1791661644.212,1075.484,indexer,1590575077,1339774087,250800989,11093565440,11212890112,1671778304,9104826368,7467098112,40700874752,27,13592748032
1791661644.212,1075.484,zebrad,147567434,132829815,14737619,4405665792,4406960128,362958848,4022939648,3937509376,731713536,21,13592748032
1791661645.212,1076.484,indexer,1592308852,1341253263,251055588,11106660352,11212890112,1678069760,9111638016,7473909760,40700874752,27,13583679488
1791661645.212,1076.484,zebrad,147574162,132836471,14737691,4405657600,4406960128,362958848,4022939648,3937509376,731713536,21,13583679488
1791661646.212,1077.484,indexer,1594128784,1342836522,251292261,11119964160,11212890112,1684361216,9118306304,7480573952,40700874752,27,13579726848
1791661646.212,1077.484,zebrad,147580820,132841963,14738857,4405657600,4406960128,362958848,4022939648,3937509376,731713536,21,13579726848
1791661647.212,1078.484,indexer,1595825785,1344310855,251514929,11132198912,11212890112,1690652672,9124405248,7486672896,40700874752,27,13564219392
1791661647.212,1078.484,zebrad,147588090,132848305,14739784,4405399552,4406960128,362958848,4022939648,3937509376,731713536,21,13564219392
1791661648.212,1079.484,indexer,1597093602,1345506705,251586897,11136466944,11212890112,1692749824,9125941248,7488835584,40700874752,27,13557940224
1791661648.212,1079.484,zebrad,147594476,132854654,14739822,4405661696,4406960128,362958848,4022939648,3937509376,731713536,21,13557940224
1791661649.213,1080.484,indexer,1598393588,1346744383,251649204,11140243456,11212890112,1694846976,9128402944,7490670592,40700874752,27,13553917952
1791661649.213,1080.484,zebrad,147600471,132860549,14739921,4405395456,4406960128,362958848,4022939648,3937509376,731713536,21,13553917952
1791661650.213,1081.484,indexer,1599826184,1348120357,251705827,11144761344,11212890112,1697136640,9129406464,7492481024,40700874752,27,13554659328
1791661650.213,1081.484,zebrad,147607224,132866127,14741097,4405395456,4406960128,362958848,4022939648,3937509376,731713536,21,13554659328
1791661651.213,1082.485,indexer,1601324127,1349511286,251812840,11152257024,11212890112,1701330944,9133760512,7496028160,40700874752,27,13551353856
1791661651.213,1082.485,zebrad,147613878,132872717,14741161,4405395456,4406960128,362958848,4022939648,3937509376,731713536,21,13551353856
1791661652.213,1083.485,indexer,1602932077,1350959085,251972992,11161071616,11212890112,1705525248,9138073600,7500341248,40700874752,27,13549654016
1791661652.213,1083.485,zebrad,147621167,132880005,14741161,4405166080,4406960128,362958848,4022939648,3937509376,731713536,21,13549654016
1791661653.213,1084.485,indexer,1604305821,1352240510,252065310,11165581312,11212890112,1707622400,9140498432,7502766080,40700874752,27,13549662208
1791661653.213,1084.485,zebrad,147628014,132885940,14742074,4405428224,4406960128,362958848,4022939648,3937509376,731713536,21,13549662208
1791661654.213,1085.485,indexer,1605763287,1353589376,252173911,11170533376,11212890112,1709719552,9143209984,7505948672,40700874752,27,13547028480
1791661654.213,1085.485,zebrad,147634600,132892526,14742074,4405428224,4406960128,362958848,4022939648,3937509376,731713536,21,13547028480
1791661655.213,1086.485,indexer,1607014497,1354763947,252250550,11174375424,11212890112,1711816704,9145569280,7507836928,40700874752,27,13547094016
1791661655.213,1086.485,zebrad,147640654,132898579,14742074,4405440512,4406960128,362958848,4022939648,3937509376,731713536,21,13547094016
1791661656.213,1087.485,indexer,1608026659,1355744855,252281803,11029184512,11212890112,1563381760,9148919808,7511187456,40700874752,28,13681283072
1791661656.213,1087.485,zebrad,147647024,132904950,14742074,4405436416,4406960128,362958848,4022939648,3937509376,731713536,21,13681283072
1791661657.213,1088.485,indexer,1608825551,1356514338,252311213,11058020352,11212890112,1573756928,9166966784,7516536832,40700874752,28,13676122112
1791661657.213,1088.485,zebrad,147653352,132910346,14743006,4405161984,4406960128,362958848,4022939648,3937509376,731713536,21,13676122112
1791661658.213,1089.485,indexer,1609685085,1357082530,252602555,11122675712,11212890112,1581199360,9218568192,7518396416,40732348416,28,13664337920
1791661658.213,1089.485,zebrad,147660376,132916167,14744209,4405161984,4406960128,362958848,4022939648,3937509376,731713536,21,13664337920
1791661659.214,1090.485,indexer,1609720138,1357112739,252607399,11122675712,11212890112,1581199360,9218568192,7518396416,40975613952,28,13663948800
1791661659.214,1090.485,zebrad,147666737,132922492,14744244,4405161984,4406960128,362958848,4022939648,3937509376,731713536,21,13663948800
1791661660.214,1091.485,indexer,1609748443,1357136377,252612066,11122675712,11212890112,1581199360,9218568192,7518396416,41138446336,28,13663760384
1791661660.214,1091.485,zebrad,147673263,132929018,14744244,4405161984,4406960128,362958848,4022939648,3937509376,731713536,21,13663760384
1791661661.214,1092.486,indexer,1609777387,1357161701,252615685,11122696192,11212890112,1581318144,9218568192,7518396416,41241612288,28,13662621696
1791661661.214,1092.486,zebrad,147679348,132935104,14744244,4405420032,4406960128,362958848,4022939648,3937509376,731713536,21,13662621696
1791661662.214,1093.486,indexer,1609812639,1357190868,252621770,11122958336,11212890112,1581318144,9218568192,7518396416,41325223936,28,13662625792
1791661662.214,1093.486,zebrad,147685442,132941129,14744312,4405420032,4406960128,362958848,4022939648,3937509376,731713536,21,13662625792
1791661663.214,1094.486,indexer,1609883550,1357207733,252675817,11174338560,11212890112,1581318144,9268355072,7518396416,41412194304,28,13661351936
1791661663.214,1094.486,zebrad,147691677,132947341,14744335,4405411840,4406960128,362958848,4022939648,3937509376,731713536,21,13661351936
1791661664.214,1095.486,indexer,1609921292,1357220490,252700802,11174338560,11212890112,1581318144,9268355072,7518396416,41500172288,28,13659832320
1791661664.214,1095.486,zebrad,147697606,132953271,14744335,4405407744,4406960128,362958848,4022939648,3937509376,731713536,21,13659832320
1791661665.214,1096.486,indexer,1609952713,1357226156,252726557,11069202432,11212890112,1581318144,9164283904,7518396416,41607077888,28,13669593088
1791661665.214,1096.486,zebrad,147704128,132958848,14745280,4405407744,4406960128,362958848,4022939648,3937509376,731713536,21,13669593088
1791661666.214,1097.486,indexer,1609988863,1357237346,252751517,11069202432,11212890112,1581318144,9164283904,7518396416,41803894784,28,13668945920
1791661666.214,1097.486,zebrad,147710602,132965176,14745426,4405452800,4406960128,362958848,4022939648,3937509376,731713536,21,13668945920
1791661667.214,1098.486,indexer,1610373044,1357580595,252792448,10935762944,11212890112,1440804864,9171501056,7525601280,41923506176,27,13798473728
1791661667.214,1098.486,zebrad,147716833,132970683,14746150,4405186560,4406960128,362958848,4022939648,3937509376,731713536,21,13798473728
1791661668.214,1099.486,indexer,1610980650,1358133640,252847009,11053199360,11212890112,1546158080,9183711232,7537811456,41923506176,27,13686218752
1791661668.214,1099.486,zebrad,147723296,132977000,14746295,4405186560,4406960128,362958848,4022939648,3937509376,731713536,21,13686218752
1791661669.214,1100.486,indexer,1611242524,1358367595,252874928,11075743744,11212890112,1546506240,9206001664,7560105984,41923506176,27,13683073024
1791661669.214,1100.486,zebrad,147731464,132984151,14747312,4405182464,4406960128,362958848,4022939648,3937509376,731713536,21,13683073024
1791661670.214,1101.486,indexer,1611500725,1358596120,252904605,11098288128,11212890112,1546874880,9228214272,7582318592,41923506176,27,13683589120
1791661670.214,1101.486,zebrad,147737957,132989795,14748162,4405178368,4406960128,362958848,4022939648,3937509376,731713536,21,13683589120
1791661671.215,1102.486,indexer,1611777066,1358837189,252939877,11120832512,11212890112,1546969088,9250607104,7604711424,41923506176,27,13675974656
1791661671.215,1102.486,zebrad,147744235,132994043,14750191,4405178368,4406960128,362967040,4022939648,3937509376,731713536,21,13675974656
1791661672.215,1103.486,indexer,1612025441,1359055624,252969817,11143376896,11212890112,1547333632,9272963072,7627063296,41923506176,27,13686038528
1791661672.215,1103.486,zebrad,147750554,133000331,14750223,4405178368,4406960128,362967040,4022939648,3937509376,731713536,21,13686038528
1791661673.215,1104.487,indexer,1612281006,1359280673,253000333,11059970048,11212890112,1547333632,9191608320,7649792000,41923506176,27,13703983104
1791661673.215,1104.487,zebrad,147756846,133006495,14750351,4405178368,4406960128,362967040,4022939648,3937509376,731713536,21,13703983104
1791661674.215,1105.487,indexer,1612546494,1359507754,253038739,11082252288,11212890112,1547333632,9213771776,7671955456,41923506176,27,13693456384
1791661674.215,1105.487,zebrad,147763305,133012954,14750351,4405174272,4406960128,362967040,4022939648,3937509376,731713536,21,13693456384
1791661675.215,1106.487,indexer,1612801209,1359727025,253074184,11106369536,11212890112,1548111872,9236717568,7694901248,41923506176,27,13687767040
1791661675.215,1106.487,zebrad,147769417,133018910,14750506,4405174272,4406960128,362967040,4022939648,3937509376,731713536,21,13687767040
1791661676.215,1107.487,indexer,1613056585,1359947260,253109324,11128389632,11212890112,1548111872,9258729472,7716917248,41923506176,27,13698220032
1791661676.215,1107.487,zebrad,147775710,133024975,14750735,4405174272,4406960128,362967040,4022939648,3937509376,731713536,21,13698220032
1791661677.215,1108.487,indexer,1613295265,1360162931,253132334,11150147584,11212890112,1548111872,9280622592,7738806272,41923506176,27,13695160320
1791661677.215,1108.487,zebrad,147781966,133031231,14750735,4405170176,4406960128,362967040,4022939648,3937509376,731713536,21,13695160320
1791661678.215,1109.487,indexer,1613539954,1360385349,253154605,11170856960,11212890112,1548111872,9301479424,7759663104,41923506176,27,13695426560
1791661678.215,1109.487,zebrad,147788374,133037639,14750735,4405170176,4406960128,362967040,4022939648,3937509376,731713536,21,13695426560
1791661679.215,1110.487,indexer,1613786611,1360604505,253182105,11085705216,11212890112,1548181504,9218678784,7780843520,41923506176,27,13702557696
1791661679.215,1110.487,zebrad,147794777,133043536,14751240,4405432320,4406960128,362967040,4022939648,3937509376,731713536,21,13702557696
1791661680.215,1111.487,indexer,1614023628,1360814366,253209261,11106672640,11212890112,1548181504,9239629824,7801790464,41923506176,27,13705879552
1791661680.215,1111.487,zebrad,147801144,133049867,14751276,4405428224,4406960128,362967040,4022939648,3937509376,731713536,21,13705879552
1791661681.215,1112.487,indexer,1614263534,1361021990,253241543,11127377920,11212890112,1548181504,9260752896,7822913536,41923506176,27,13689315328
1791661681.215,1112.487,zebrad,147807530,133055314,14752215,4405424128,4406960128,362967040,4022939648,3937509376,731713536,21,13689315328
1791661682.216,1113.487,indexer,1614500259,1361237712,253262546,11148349440,11212890112,1548181504,9281732608,7843897344,41923506176,27,13685940224
1791661682.216,1113.487,zebrad,147814232,133060045,14754187,4405424128,4406960128,362967040,4022939648,3937509376,731713536,21,13685940224
1791661683.216,1114.487,indexer,1614740555,1361456486,253284069,11168796672,11212890112,1548181504,9302269952,7864434688,41923506176,27,13690064896
1791661683.216,1114.487,zebrad,147820436,133064126,14756309,4405424128,4406960128,362967040,4022939648,3937509376,731713536,21,13690064896
1791661684.216,1115.487,indexer,1615030418,1361724921,253305497,11082747904,11212890112,1548181504,9218629632,7884623872,41923506176,27,13705334784
1791661684.216,1115.487,zebrad,147826915,133070605,14756309,4405415936,4406960128,362967040,4022939648,3937509376,731713536,21,13705334784
1791661685.216,1116.488,indexer,1615368862,1362041857,253327004,11100835840,11212890112,1548181504,9236725760,7902720000,41923506176,27,13704716288
1791661685.216,1116.488,zebrad,147833552,133076331,14757221,4405407744,4406960128,362967040,4022939648,3937509376,731713536,21,13704716288
1791661686.216,1117.488,indexer,1615621165,1362269074,253352091,11121807360,11212890112,1548181504,9258012672,7924006912,41923506176,27,13701578752
1791661686.216,1117.488,zebrad,147839705,133082469,14757235,4405399552,4406960128,362967040,4022939648,3937509376,731713536,21,13701578752
1791661687.216,1118.488,indexer,1615962094,1362587737,253374357,11140419584,11212890112,1548181504,9276473344,7942467584,41923506176,27,13703557120
1791661687.216,1118.488,zebrad,147845841,133088605,14757235,4405391360,4406960128,362967040,4022939648,3937509376,731713536,21,13703557120
1791661688.216,1119.488,indexer,1616249407,1362844815,253404591,11160080384,11212890112,1548181504,9296392192,7962386432,41923506176,27,13704232960
1791661688.216,1119.488,zebrad,147852065,133094830,14757235,4405387264,4406960128,362967040,4022939648,3937509376,731713536,21,13704232960
1791661689.216,1120.488,indexer,1616619693,1363192797,253426895,11178168320,11212890112,1548181504,9314140160,7980138496,41923506176,27,13705674752
1791661689.216,1120.488,zebrad,147858370,133101070,14757299,4405379072,4406960128,362967040,4022939648,3937509376,731713536,21,13705674752
1791661690.216,1121.488,indexer,1616893517,1363432601,253460915,11091451904,11212890112,1548181504,9230528512,8000499712,41923506176,27,13709426688
1791661690.216,1121.488,zebrad,147864431,133106125,14758306,4405374976,4406960128,362967040,4022939648,3937509376,731713536,21,13709426688
1791661691.216,1122.488,indexer,1617170429,1363696076,253474353,11111112704,11212890112,1548181504,9249902592,8019869696,41923506176,27,13701656576
1791661691.216,1122.488,zebrad,147870732,133112425,14758306,4405374976,4406960128,362967040,4022939648,3937509376,731713536,21,13701656576
1791661692.217,1123.488,indexer,1617424822,1363916529,253508293,11130511360,11212890112,1548181504,9269387264,8039358464,41923506176,27,13696507904
1791661692.217,1123.488,zebrad,147877352,133117252,14760099,4405374976,4406960128,362967040,4022939648,3937509376,731713536,21,13696507904
1791661693.217,1124.488,indexer,1617706452,1364173179,253533273,11149848576,11212890112,1548181504,9288753152,8058720256,41923506176,27,13699424256
1791661693.217,1124.488,zebrad,147883587,133123465,14760122,4405202944,4406960128,362967040,4022939648,3937509376,731713536,21,13699424256
1791661694.217,1125.489,indexer,1617990181,1364436371,253553809,11171082240,11212890112,1548181504,9309806592,8079777792,41923506176,27,13700333568
1791661694.217,1125.489,zebrad,147889598,133129475,14760122,4405465088,4406960128,362967040,4022939648,3937509376,731713536,21,13700333568
1791661695.217,1126.489,indexer,1618274282,1364694433,253579848,11085578240,11212890112,1548181504,9227468800,8101507072,41923506176,27,13703008256
1791661695.217,1126.489,zebrad,147896289,133135999,14760290,4405465088,4406960128,362967040,4022939648,3937509376,731713536,21,13703008256
1791661696.217,1127.489,indexer,1618543412,1364938335,253605077,11105763328,11212890112,1548181504,9247371264,8121409536,41923506176,27,13698596864
1791661696.217,1127.489,zebrad,147902656,133141328,14761327,4405460992,4406960128,362967040,4022939648,3937509376,731713536,21,13698596864
1791661697.217,1128.489,indexer,1618831062,1365190085,253640977,11127521280,11212890112,1548181504,9269190656,8143233024,41923506176,27,13694742528
1791661697.217,1128.489,zebrad,147908940,133146583,14762356,4405456896,4406960128,362967040,4022939648,3937509376,731713536,21,13694742528
1791661698.217,1129.489,indexer,1619102197,1365433889,253668307,11150065664,11212890112,1548181504,9291706368,8165744640,41923506176,27,13698768896
1791661698.217,1129.489,zebrad,147915215,133151830,14763384,4405133312,4406960128,362967040,4022939648,3937509376,731713536,21,13698768896
1791661699.217,1130.489,indexer,1619387822,1365678114,253709707,11171299328,11212890112,1548181504,9312956416,8186994688,41923506176,27,13694898176
1791661699.217,1130.489,zebrad,147923251,133158763,14764488,4405125120,4406960128,362967040,4022939648,3937509376,731713536,21,13694898176
1791661700.217,1131.489,indexer,1619642935,1365902185,253740750,11087917056,11212890112,1548181504,9230516224,8208629760,41923506176,27,13700009984
1791661700.217,1131.489,zebrad,147929879,133165229,14764650,4405121024,4406960128,362967040,4022939648,3937509376,731713536,21,13700009984
1791661701.217,1132.489,indexer,1619925101,1366153365,253771736,11108626432,11212890112,1548181504,9251414016,8229531648,41923510272,27,13704704000
1791661701.217,1132.489,zebrad,147936376,133170576,14765800,4405379072,4406960128,362967040,4022939648,3937509376,731713536,21,13704704000
1791661702.217,1133.489,indexer,1620206296,1366399672,253806624,11129597952,11212890112,1548181504,9272524800,8250638336,41923510272,27,13701058560
1791661702.217,1133.489,zebrad,147942754,133176817,14765937,4405374976,4406960128,362967040,4022939648,3937509376,731713536,21,13701058560
1791661703.218,1134.489,indexer,1620495690,1366663734,253831956,11151355904,11212890112,1548181504,9294073856,8272187392,41923510272,27,13702311936
1791661703.218,1134.489,zebrad,147948971,133180810,14768160,4405374976,4406960128,362967040,4022939648,3937509376,731713536,21,13702311936
1791661704.218,1135.489,indexer,1620736681,1366880465,253856216,11171540992,11212890112,1548324864,9314254848,8292372480,41923510272,27,13698555904
1791661704.218,1135.489,zebrad,147955862,133186612,14769250,4405374976,4406960128,362967040,4022939648,3937509376,731713536,21,13698555904
1791661705.218,1136.490,indexer,1621020002,1367137378,253882624,11088560128,11212890112,1548324864,9232105472,8314163200,41923510272,27,13687435264
1791661705.218,1136.490,zebrad,147962091,133192719,14769372,4405370880,4406960128,362967040,4022939648,3937509376,731713536,21,13687435264
1791661706.218,1137.490,indexer,1621302926,1367394158,253908768,11110318080,11212890112,1548324864,9253744640,8335798272,41923510272,27,13701062656
1791661706.218,1137.490,zebrad,147968456,133199048,14769407,4405407744,4406960128,362967040,4022939648,3937509376,731713536,21,13701062656
1791661707.218,1138.490,indexer,1621585704,1367641208,253944496,11132338176,11212890112,1548324864,9275621376,8357679104,41923510272,27,13699846144
1791661707.218,1138.490,zebrad,147974377,133202775,14771601,4405141504,4406960128,362967040,4022939648,3937509376,731713536,21,13699846144
1791661708.218,1139.490,indexer,1621865761,1367886755,253979005,11154096128,11212890112,1548324864,9297522688,8379580416,41923510272,27,13689311232
1791661708.218,1139.490,zebrad,147980539,133207921,14772618,4405137408,4406960128,362967040,4022939648,3937509376,731713536,21,13689311232
1791661709.218,1140.490,indexer,1622149427,1368131884,254017543,11069456384,11212890112,1548324864,9215795200,8401842176,41923510272,27,13697773568
1791661709.218,1140.490,zebrad,147986633,133211101,14775531,4405133312,4406960128,362967040,4022939648,3937509376,731713536,21,13697773568
1791661710.218,1141.490,indexer,1622429329,1368375727,254053601,11091476480,11212890112,1548324864,9237536768,8423653376,41923510272,27,13702660096
1791661710.218,1141.490,zebrad,147993080,133217549,14775531,4405129216,4406960128,362967040,4022939648,3937509376,731713536,21,13702660096
1791661711.218,1142.490,indexer,1622700106,1368615891,254084215,11113758720,11212890112,1548324864,9259773952,8445820928,41923510272,27,13702266880
1791661711.218,1142.490,zebrad,147999463,133223932,14775531,4405395456,4406960128,362967040,4022939648,3937509376,731713536,21,13702266880
1791661712.218,1143.490,indexer,1622953147,1368830470,254122677,11136303104,11212890112,1548324864,9282662400,8468709376,41923510272,27,13702729728
1791661712.218,1143.490,zebrad,148006089,133229614,14776475,4405387264,4406960128,362967040,4022939648,3937509376,731713536,21,13702729728
1791661713.219,1144.490,indexer,1623208443,1369061719,254146723,11159371776,11212890112,1548324864,9305464832,8491515904,41923510272,27,13700902912
1791661713.219,1144.490,zebrad,148012240,133233747,14778492,4405387264,4406960128,362967040,4022939648,3937509376,731713536,21,13700902912
1791661714.219,1145.490,indexer,1623461594,1369288024,254173569,11075198976,11212890112,1548324864,9223950336,8514056192,41923510272,27,13702836224
1791661714.219,1145.490,zebrad,148018202,133239710,14778492,4405379072,4406960128,362967040,4022939648,3937509376,731713536,21,13702836224
1791661715.219,1146.491,indexer,1623719322,1369515508,254203813,11097468928,11212890112,1548324864,9246511104,8536612864,41923510272,27,13705990144
1791661715.219,1146.491,zebrad,148024706,133246214,14778492,4405374976,4406960128,362967040,4022939648,3937509376,731713536,21,13705990144
1791661716.219,1147.491,indexer,1623979307,1369735264,254244043,11119955968,11212890112,1548324864,9268916224,8559022080,41923510272,27,13698707456
1791661716.219,1147.491,zebrad,148031089,133251712,14779376,4405366784,4406960128,362967040,4022939648,3937509376,731713536,21,13698707456
1791661717.219,1148.491,indexer,1624239839,1369971646,254268192,11142053888,11212890112,1548324864,9291030528,8581132288,41923510272,27,13704032256
1791661717.219,1148.491,zebrad,148037083,133256807,14780276,4405100544,4406960128,362967040,4022939648,3937509376,731713536,21,13704032256
1791661718.219,1149.491,indexer,1624499632,1370195447,254304185,11164336128,11212890112,1548324864,9313214464,8603316224,41923510272,27,13697826816
1791661718.219,1149.491,zebrad,148043597,133263070,14780526,4405362688,4406960128,362967040,4022939648,3937509376,731713536,21,13697826816
1791661719.219,1150.491,indexer,1624807112,1370467422,254339690,11078152192,11212890112,1548324864,9229922304,8623988736,41923510272,27,13700423680
1791661719.219,1150.491,zebrad,148050147,133269367,14780780,4405358592,4406960128,362967040,4022939648,3937509376,731713536,21,13700423680
1791661720.219,1151.491,indexer,1625201888,1370840137,254361751,11095191552,11212890112,1548324864,9247010816,8641077248,41923510272,27,13692723200
1791661720.219,1151.491,zebrad,148056531,133275613,14780918,4405354496,4406960128,362967040,4022939648,3937509376,731713536,21,13692723200
1791661721.219,1152.491,indexer,1625740776,1371353643,254387132,11108298752,11212890112,1548324864,9259941888,8654012416,41923510272,27,13700300800
1791661721.219,1152.491,zebrad,148063597,133281672,14781925,4405354496,4406960128,362967040,4022939648,3937509376,731713536,21,13700300800
1791661722.219,1153.491,indexer,1626429394,1372034469,254394925,11116687360,11212890112,1548324864,9268465664,8662532096,41923510272,27,13700694016
1791661722.219,1153.491,zebrad,148069838,133287790,14782048,4405354496,4406960128,362967040,4022939648,3937509376,731713536,21,13700694016
1791661723.219,1154.491,indexer,1626826057,1372429863,254396194,11083915264,11212890112,1512669184,9271201792,8665268224,41925046272,27,13716094976
1791661723.219,1154.491,zebrad,148076063,133293893,14782169,4405354496,4406960128,362967040,4022939648,3937509376,731713536,21,13716094976
1791661724.220,1155.491,indexer,1626828722,1372432111,254396610,11083915264,11212890112,1512669184,9271201792,8665268224,41925046272,27,13716238336
1791661724.220,1155.491,zebrad,148082050,133299782,14782267,4405350400,4406960128,362967040,4022939648,3937509376,731713536,21,13716238336
1791661725.220,1156.491,indexer,1626832283,1372435442,254396840,11083915264,11212890112,1512669184,9271201792,8665268224,41925046272,27,13716238336
1791661725.220,1156.491,zebrad,148088282,133305992,14782290,4405350400,4406960128,362967040,4022939648,3937509376,731713536,21,13716238336
1791661726.220,1157.492,indexer,1626838550,1372440828,254397722,11083915264,11212890112,1512669184,9271201792,8665309184,41925046272,27,13716279296
1791661726.220,1157.492,zebrad,148094178,133310598,14783580,4405350400,4406960128,362967040,4022939648,3937509376,731713536,21,13716279296
1791661727.220,1158.492,indexer,1626842054,1372443556,254398497,11084439552,11212890112,1513119744,9271242752,8665309184,41925046272,27,13715849216
1791661727.220,1158.492,zebrad,148099976,133316217,14783759,4405342208,4406960128,362967040,4022939648,3937509376,731713536,21,13715849216
1791661728.220,1159.492,indexer,1626844561,1372445671,254398889,11084439552,11212890112,1513119744,9271242752,8665309184,41925046272,27,13715791872
1791661728.220,1159.492,zebrad,148106010,133321347,14784663,4405067776,4406960128,362967040,4022939648,3937509376,731713536,21,13715791872
1791661729.220,1160.492,indexer,1626847953,1372446769,254401183,11084439552,11212890112,1513308160,9271242752,8665309184,41925046272,27,13711613952
1791661729.220,1160.492,zebrad,148113560,133327941,14785618,4405063680,4406960128,362967040,4022939648,3937509376,731713536,21,13711613952
1791661730.220,1161.492,indexer,1626850678,1372448513,254402164,11084439552,11212890112,1513308160,9271242752,8665309184,41925046272,27,13711384576
1791661730.220,1161.492,zebrad,148119918,133334065,14785853,4405063680,4406960128,362967040,4022939648,3937509376,731713536,21,13711384576
1791661731.220,1162.492,indexer,1626857704,1372454540,254403164,11084558336,11212890112,1513496576,9271242752,8665309184,41925046272,27,13711388672
1791661731.220,1162.492,zebrad,148125963,133339104,14786858,4404867072,4406960128,362967040,4022939648,3937509376,731713536,21,13711388672
1791661732.220,1163.492,indexer,1626860424,1372457260,254403164,11084558336,11212890112,1513496576,9271242752,8665309184,41925046272,27,13711388672
1791661732.220,1163.492,zebrad,148131744,133344509,14787235,4405125120,4406960128,362967040,4022939648,3937509376,731713536,21,13711388672
1791661733.220,1164.492,indexer,1626863777,1372460480,254403296,11084820480,11212890112,1513684992,9271242752,8665309184,41925050368,27,13711388672
1791661733.220,1164.492,zebrad,148137974,133349815,14788159,4405121024,4406960128,362967040,4022939648,3937509376,731713536,21,13711388672
1791661734.220,1165.492,indexer,1626866329,1372461751,254404577,11084820480,11212890112,1513684992,9271242752,8665309184,41925050368,27,13711388672
1791661734.220,1165.492,zebrad,148144142,133354966,14789176,4405121024,4406960128,362967040,4022939648,3937509376,731713536,21,13711388672
1791661735.221,1166.492,indexer,1626869265,1372463510,254405754,11085078528,11212890112,1513684992,9271242752,8665309184,41925050368,27,13711388672
1791661735.221,1166.492,zebrad,148150147,133358868,14791279,4405121024,4406960128,362967040,4022939648,3937509376,731713536,21,13711388672
1791661736.221,1167.492,indexer,1626875854,1372467796,254408058,11085082624,11212890112,1513779200,9271242752,8665309184,41925050368,27,13711196160
1791661736.221,1167.492,zebrad,148156230,133364943,14791286,4405121024,4406960128,362967040,4022939648,3937509376,731713536,21,13711196160
1791661737.221,1168.493,indexer,1626879306,1372471198,254408107,11085082624,11212890112,1513779200,9271242752,8665309184,41925050368,27,13711142912
1791661737.221,1168.493,zebrad,148162337,133369038,14793299,4405379072,4406960128,362967040,4022939648,3937509376,731713536,21,13711142912
1791661738.221,1169.493,indexer,1626881913,1372473561,254408351,11085082624,11212890112,1513967616,9271242752,8665309184,41925050368,27,13711142912
1791661738.221,1169.493,zebrad,148168547,133375248,14793299,4405370880,4406960128,362967040,4022939648,3937509376,731713536,21,13711142912
1791661739.221,1170.493,indexer,1626885440,1372477088,254408351,11085082624,11212890112,1513967616,9271242752,8665309184,41925050368,27,13711142912
1791661739.221,1170.493,zebrad,148174850,133380500,14794350,4405366784,4406960128,362967040,4022939648,3937509376,731713536,21,13711142912
1791661740.221,1171.493,indexer,1626888012,1372479523,254408488,11085344768,11212890112,1513967616,9271242752,8665309184,41925050368,27,13711142912
1791661740.221,1171.493,zebrad,148180977,133386627,14794350,4405362688,4406960128,362967040,4022939648,3937509376,731713536,21,13711142912
1791661741.221,1172.493,indexer,1626895171,1372483572,254411599,11085344768,11212890112,1513967616,9271242752,8665309184,41925050368,27,13711142912
1791661741.221,1172.493,zebrad,148187463,133393054,14794409,4405362688,4406960128,362967040,4022939648,3937509376,731713536,21,13711142912
1791661742.221,1173.493,indexer,1626898144,1372485361,254412782,11085344768,11212890112,1514061824,9271242752,8665309184,41925050368,27,13711142912
1791661742.221,1173.493,zebrad,148193622,133399198,14794424,4405092352,4406960128,362967040,4022939648,3937509376,731713536,21,13711142912
1791661743.221,1174.493,indexer,1626901736,1372488719,254413017,11085344768,11212890112,1514061824,9271242752,8665309184,41925050368,27,13711142912
1791661743.221,1174.493,zebrad,148199826,133405382,14794443,4405350400,4406960128,362967040,4022939648,3937509376,731713536,21,13711142912
1791661744.222,1175.493,indexer,1626904583,1372491566,254413017,11085344768,11212890112,1514061824,9271242752,8665309184,41925050368,27,13711142912
1791661744.222,1175.493,zebrad,148205657,133409929,14795727,4405084160,4406960128,362967040,4022939648,3937509376,731713536,21,13711142912
1791661745.222,1176.494,indexer,1626907981,1372494804,254413176,11085344768,11212890112,1514061824,9271242752,8665309184,41925050368,27,13711142912
1791661745.222,1176.494,zebrad,148211876,133416148,14795727,4405346304,4406960128,362967040,4022939648,3937509376,731713536,21,13711142912
1791661746.222,1177.494,indexer,1626914259,1372498991,254415267,11085344768,11212890112,1514156032,9271242752,8665309184,41925050368,27,13711142912
1791661746.222,1177.494,zebrad,148217695,133421968,14795727,4405280768,4406960128,362967040,4022939648,3937509376,731713536,21,13711142912
1791661747.222,1178.494,indexer,1626917743,1372502257,254415485,11085344768,11212890112,1514156032,9271242752,8665309184,41925050368,27,13710688256
1791661747.222,1178.494,zebrad,148223894,133427144,14796749,4405538816,4406960128,362967040,4022939648,3937509376,731713536,21,13710688256
1791661748.222,1179.494,indexer,1626920517,1372504924,254415592,11085344768,11212890112,1514156032,9271242752,8665309184,41925050368,27,13710630912
1791661748.222,1179.494,zebrad,148230342,133433448,14796893,4405268480,4406960128,362967040,4022939648,3937509376,731713536,21,13710630912
1791661749.222,1180.494,indexer,1626924238,1372508553,254415684,11085344768,11212890112,1514156032,9271242752,8665309184,41925050368,27,13710635008
1791661749.222,1180.494,zebrad,148236450,133438445,14798005,4405268480,4406960128,362967040,4022939648,3937509376,731713536,21,13710635008
1791661750.222,1181.494,indexer,1626927097,1372511412,254415684,11085344768,11212890112,1514156032,9271242752,8665309184,41925050368,27,13710635008
1791661750.222,1181.494,zebrad,148242523,133444112,14798411,4405526528,4406960128,362967040,4022939648,3937509376,731713536,21,13710635008
1791661751.222,1182.494,indexer,1626934205,1372517388,254416817,11085344768,11212890112,1514156032,9271242752,8665309184,41925050368,27,13710635008
1791661751.222,1182.494,zebrad,148248549,133450137,14798411,4405526528,4406960128,362967040,4022939648,3937509376,731713536,21,13710635008
1791661752.222,1183.494,indexer,1626937272,1372518702,254418569,11085344768,11212890112,1514156032,9271242752,8665309184,41925050368,27,13710635008
1791661752.222,1183.494,zebrad,148254780,133456344,14798435,4405526528,4406960128,362967040,4022939648,3937509376,731713536,21,13710635008
1791661753.223,1184.494,indexer,1626940728,1372519854,254420873,11085344768,11212890112,1514156032,9271242752,8665309184,41925050368,27,13710635008
1791661753.223,1184.494,zebrad,148260841,133460397,14800443,4405518336,4406960128,362967040,4022939648,3937509376,731713536,21,13710635008
1791661754.223,1185.494,indexer,1626943639,1372522083,254421556,11085344768,11212890112,1514254336,9271242752,8665309184,41925050368,27,13710635008
1791661754.223,1185.494,zebrad,148266961,133465305,14801656,4405248000,4406960128,362967040,4022939648,3937509376,731713536,21,13710635008
1791661755.223,1186.495,indexer,1626947402,1372522612,254424789,11085344768,11212890112,1514254336,9271242752,8665309184,41925050368,27,13710635008
1791661755.223,1186.495,zebrad,148273301,133470810,14802490,4405506048,4406960128,362967040,4022939648,3937509376,731713536,21,13710635008
1791661756.223,1187.495,indexer,1626953797,1372529007,254424789,11085344768,11212890112,1514254336,9271242752,8665309184,41925050368,27,13710635008
1791661756.223,1187.495,zebrad,148279373,133474773,14804600,4405506048,4406960128,362967040,4022939648,3937509376,731713536,21,13710635008
1791661757.223,1188.495,indexer,1626957368,1372531054,254426313,11085344768,11212890112,1514254336,9271242752,8665309184,41925050368,27,13710639104
1791661757.223,1188.495,zebrad,148285485,133480575,14804910,4405501952,4406960128,362967040,4022939648,3937509376,731713536,21,13710639104
1791661758.223,1189.495,indexer,1626960047,1372533477,254426569,11085344768,11212890112,1514348544,9271242752,8665309184,41925050368,27,13710639104
1791661758.223,1189.495,zebrad,148291919,133486866,14805052,4405497856,4406960128,362967040,4022939648,3937509376,731713536,21,13710639104
1791661759.223,1190.495,indexer,1626963505,1372536167,254427338,11085344768,11212890112,1514348544,9271242752,8665309184,41925050368,27,13710655488
1791661759.223,1190.495,zebrad,148301757,133496522,14805234,4405489664,4406960128,362967040,4022939648,3937509376,731713536,21,13710655488
1791661760.223,1191.495,indexer,1626966271,1372536737,254429533,11085344768,11212890112,1514348544,9271242752,8665309184,41925050368,27,13710655488
1791661760.223,1191.495,zebrad,148308364,133503129,14805234,4405489664,4406960128,362975232,4022939648,3937509376,731713536,21,13710655488
1791661761.223,1192.495,indexer,1626973295,1372542207,254431088,11085479936,11212890112,1514348544,9271242752,8665309184,41925050368,27,13709987840
1791661761.223,1192.495,zebrad,148314460,133508356,14806104,4405587968,4406960128,362975232,4022939648,3937509376,731713536,21,13709987840
1791661762.223,1193.495,indexer,1626976042,1372544524,254431517,11085479936,11212890112,1514348544,9271242752,8665309184,41925050368,27,13709987840
1791661762.223,1193.495,zebrad,148320482,133514376,14806106,4405583872,4406960128,362975232,4022939648,3937509376,731713536,21,13709987840
1791661763.224,1194.495,indexer,1626979476,1372547585,254431891,11085479936,11212890112,1514442752,9271242752,8665309184,41925050368,27,13709987840
1791661763.224,1194.495,zebrad,148327110,133520141,14806969,4405583872,4406960128,362975232,4023005184,3937509376,731713536,21,13709987840
1791661764.224,1195.495,indexer,1626982349,1372550335,254432013,11085398016,11212890112,1514442752,9271242752,8665309184,41925054464,27,13710004224
1791661764.224,1195.495,zebrad,148333175,133526200,14806974,4405583872,4406960128,362975232,4023005184,3937509376,731713536,21,13710004224
1791661765.224,1196.496,indexer,1626985802,1372553738,254432063,11085656064,11212890112,1514442752,9271242752,8665309184,41925054464,27,13709758464
1791661765.224,1196.496,zebrad,148339451,133532449,14807001,4405583872,4406960128,362975232,4023005184,3937509376,731713536,21,13709758464
1791661766.224,1197.496,indexer,1626991989,1372559926,254432063,11085647872,11212890112,1514442752,9271242752,8665309184,41925054464,27,13709758464
1791661766.224,1197.496,zebrad,148345556,133538545,14807010,4405579776,4406960128,362975232,4023005184,3937509376,731713536,21,13709758464
1791661767.224,1198.496,indexer,1626995552,1372562717,254432835,11085647872,11212890112,1514442752,9271242752,8665309184,41925054464,27,13709758464
1791661767.224,1198.496,zebrad,148351447,133544248,14807199,4405608448,4406960128,362975232,4023005184,3937509376,731713536,21,13709758464
1791661768.224,1199.496,indexer,1626998353,1372565406,254432946,11085647872,11212890112,1514442752,9271242752,8665309184,41925054464,27,13709758464
1791661768.224,1199.496,zebrad,148357422,133548123,14809298,4405600256,4406960128,362975232,4023005184,3937509376,731713536,21,13709758464
1791661769.224,1200.496,indexer,1627001728,1372568025,254433702,11085647872,11212890112,1514442752,9271242752,8665309184,41925054464,27,13709758464
1791661769.224,1200.496,zebrad,148363575,133552059,14811516,4405596160,4406960128,362975232,4023005184,3937509376,731713536,21,13709758464
1791661770.224,1201.496,indexer,1627004511,1372569818,254434692,11085647872,11212890112,1514442752,9271242752,8665309184,41925054464,27,13709762560
1791661770.224,1201.496,zebrad,148369735,133558204,14811531,4405592064,4406960128,362975232,4023005184,3937509376,731713536,21,13709762560
1791661771.224,1202.496,indexer,1627011531,1372576330,254435201,11085647872,11212890112,1514442752,9271242752,8665309184,41925054464,27,13709504512
1791661771.224,1202.496,zebrad,148375815,133563977,14811838,4405587968,4406960128,362975232,4023005184,3937509376,731713536,21,13709504512
1791661772.225,1203.496,indexer,1627014755,1372579554,254435201,11085647872,11212890112,1514442752,9271242752,8665309184,41925054464,27,13709504512
1791661772.225,1203.496,zebrad,148382333,133570344,14811989,4405583872,4406960128,362975232,4023005184,3937509376,731713536,21,13709504512
1791661773.225,1204.496,indexer,1627022937,1372586869,254436068,11085647872,11212890112,1514536960,9271242752,8665313280,41925054464,27,13709508608
1791661773.225,1204.496,zebrad,148389212,133576134,14813077,4405583872,4406960128,362975232,4023005184,3937509376,731713536,21,13709508608
1791661774.225,1205.497,indexer,1627025724,1372588501,254437222,11085647872,11212890112,1514536960,9271242752,8665313280,41925054464,27,13709508608
1791661774.225,1205.497,zebrad,148395274,133581089,14814184,4405575680,4406960128,362975232,4023005184,3937509376,731713536,21,13709508608
1791661775.225,1206.497,indexer,1627029516,1372590818,254438697,11085647872,11212890112,1514541056,9271246848,8665313280,41925054464,27,13709508608
1791661775.225,1206.497,zebrad,148401324,133587136,14814188,4405575680,4406960128,362975232,4023005184,3937509376,731713536,21,13709508608
1791661776.225,1207.497,indexer,1627035925,1372596651,254439273,11085647872,11212890112,1514541056,9271246848,8665313280,41925054464,27,13709512704
1791661776.225,1207.497,zebrad,148407251,133591769,14815481,4405563392,4406960128,362975232,4023005184,3937509376,731713536,21,13709512704
1791661777.225,1208.497,indexer,1627039524,1372598578,254440945,11085647872,11212890112,1514545152,9271246848,8665313280,41925054464,27,13709512704
1791661777.225,1208.497,zebrad,148413160,133596387,14816773,4405555200,4406960128,362979328,4023005184,3937509376,731713536,21,13709512704
1791661778.225,1209.497,indexer,1627042438,1372601489,254440949,11085647872,11212890112,1514545152,9271246848,8665313280,41925054464,27,13709512704
1791661778.225,1209.497,zebrad,148419107,133602140,14816967,4405551104,4406960128,362979328,4023005184,3937509376,731713536,21,13709512704
1791661779.225,1210.497,indexer,1627046058,1372603307,254442750,11085647872,11212890112,1514545152,9271246848,8665313280,41925054464,27,13709516800
1791661779.225,1210.497,zebrad,148425500,133608495,14817005,4405551104,4406960128,362979328,4023005184,3937509376,731713536,21,13709516800
1791661780.225,1211.497,indexer,1627048822,1372606071,254442750,11085647872,11212890112,1514545152,9271246848,8665313280,41925054464,27,13709516800
1791661780.225,1211.497,zebrad,148431630,133614413,14817217,4405547008,4406960128,362979328,4023005184,3937509376,731713536,21,13709516800
1791661781.225,1212.497,indexer,1627055538,1372612613,254442925,11085647872,11212890112,1514545152,9271246848,8665313280,41925054464,27,13709516800
1791661781.225,1212.497,zebrad,148437853,133620615,14817238,4405547008,4406960128,362979328,4023005184,3937509376,731713536,21,13709516800
1791661782.226,1213.497,indexer,1627058352,1372614432,254443920,11085647872,11212890112,1514545152,9271246848,8665313280,41925054464,27,13709516800
1791661782.226,1213.497,zebrad,148443819,133626581,14817238,4405542912,4406960128,362979328,4023005184,3937509376,731713536,21,13709516800
1791661783.226,1214.497,indexer,1627061656,1372617546,254444110,11085647872,11212890112,1514545152,9271246848,8665313280,41925054464,27,13709516800
1791661783.226,1214.497,zebrad,148449937,133631691,14818246,4405542912,4406960128,362979328,4023005184,3937509376,731713536,21,13709516800
1791661784.226,1215.498,indexer,1627064433,1372619334,254445099,11085647872,11212890112,1514545152,9271246848,8665313280,41925054464,27,13709516800
1791661784.226,1215.498,zebrad,148455756,133636227,14819529,4405538816,4406960128,362979328,4023005184,3937509376,731713536,21,13709516800
1791661785.226,1216.498,indexer,1627067767,1372622310,254445457,11085856768,11212890112,1514545152,9271246848,8665313280,41925054464,27,13709516800
1791661785.226,1216.498,zebrad,148461892,133642351,14819541,4405399552,4406960128,362979328,4023005184,3937509376,731713536,21,13709516800
1791661786.226,1217.498,indexer,1627074140,1372628666,254445473,11085725696,11212890112,1514545152,9271246848,8665313280,41925054464,27,13709516800
1791661786.226,1217.498,zebrad,148467779,133647248,14820530,4405252096,4406960128,362979328,4023005184,3937509376,731713536,21,13709516800
1791661787.226,1218.498,indexer,1627077718,1372631294,254446424,11085840384,11212890112,1514545152,9271246848,8665313280,41925054464,27,13709520896
1791661787.226,1218.498,zebrad,148474256,133653678,14820577,4405510144,4406960128,362979328,4023005184,3937509376,731713536,21,13709520896
1791661788.226,1219.498,indexer,1627080469,1372632896,254447572,11085840384,11212890112,1514545152,9271246848,8665313280,41925054464,27,13709520896
1791661788.226,1219.498,zebrad,148480530,133658824,14821705,4405485568,4406960128,362979328,4023005184,3937509376,731713536,21,13709520896
1791661789.226,1220.498,indexer,1627083985,1372636412,254447572,11085840384,11212890112,1514545152,9271246848,8665313280,41925054464,27,13709520896
1791661789.226,1220.498,zebrad,148488572,133666663,14821908,4405231616,4406960128,362979328,4023005184,3937509376,731713536,21,13709520896
1791661790.226,1221.498,indexer,1627086877,1372639305,254447572,11085840384,11212890112,1514545152,9271246848,8665313280,41925054464,27,13709537280
1791661790.226,1221.498,zebrad,148494465,133672269,14822196,4405227520,4406960128,362979328,4023005184,3937509376,731783168,21,13709537280
1791661791.226,1222.498,indexer,1627093805,1372646232,254447572,11085832192,11212890112,1514545152,9271246848,8665313280,41925054464,27,13709537280
1791661791.226,1222.498,zebrad,148500909,133678669,14822239,4405223424,4406960128,362979328,4023005184,3937509376,731783168,21,13709537280
1791661792.227,1223.498,indexer,1627096686,1372649113,254447572,11085832192,11212890112,1514545152,9271246848,8665313280,41925054464,27,13709537280
1791661792.227,1223.498,zebrad,148506857,133682820,14824037,4405481472,4406960128,362979328,4023005184,3937509376,731783168,21,13709537280
1791661793.227,1224.498,indexer,1627100207,1372652490,254447717,11085828096,11212890112,1514545152,9271246848,8665313280,41925054464,27,13709537280
1791661793.227,1224.498,zebrad,148512881,133687841,14825040,4405477376,4406960128,362979328,4023005184,3937509376,731783168,21,13709537280
1791661794.227,1225.499,indexer,1627103059,1372653459,254449600,11086090240,11212890112,1514545152,9271246848,8665313280,41925054464,27,13709549568
1791661794.227,1225.499,zebrad,148519200,133692026,14827174,4405465088,4406960128,362979328,4023005184,3937509376,731783168,21,13709549568
1791661795.227,1226.499,indexer,1627106509,1372655651,254450857,11086090240,11212890112,1514545152,9271246848,8665313280,41925058560,27,13709549568
1791661795.227,1226.499,zebrad,148525575,133698364,14827211,4405460992,4406960128,362979328,4023005184,3937509376,731783168,21,13709549568
1791661796.227,1227.499,indexer,1627112767,1372661747,254451019,11086086144,11212890112,1514545152,9271246848,8665313280,41925058560,27,13709549568
1791661796.227,1227.499,zebrad,148531614,133703498,14828115,4405456896,4406960128,362979328,4023005184,3937509376,731783168,21,13709549568
1791661797.227,1228.499,indexer,1627116227,1372663067,254453160,11086086144,11212890112,1514545152,9271246848,8665313280,41925058560,27,13709549568
1791661797.227,1228.499,zebrad,148537888,133708844,14829043,4405473280,4406960128,362979328,4023005184,3937509376,731783168,21,13709549568
1791661798.227,1229.499,indexer,1627119128,1372663196,254455931,11086086144,11212890112,1514545152,9271246848,8665313280,41925058560,27,13709549568
1791661798.227,1229.499,zebrad,148543842,133714704,14829138,4405198848,4406960128,362979328,4023005184,3937509376,731783168,21,13709549568
1791661799.227,1230.499,indexer,1627122482,1372665471,254457010,11086086144,11212890112,1514545152,9271246848,8665313280,41925058560,27,13709553664
1791661799.227,1230.499,zebrad,148550123,133720057,14830066,4405456896,4406960128,362979328,4023005184,3937509376,731783168,21,13709553664
1791661800.227,1231.499,indexer,1627125264,1372667818,254457445,11086086144,11212890112,1514545152,9271246848,8665313280,41925058560,27,13709557760
1791661800.227,1231.499,zebrad,148556619,133726552,14830066,4405194752,4406960128,362979328,4023005184,3937509376,731783168,21,13709557760
1791661801.227,1232.499,indexer,1627131945,1372671300,254460645,11085934592,11212890112,1514545152,9271246848,8665313280,41925058560,27,13709807616
1791661801.227,1232.499,zebrad,148562412,133731117,14831295,4405256192,4406960128,362979328,4023005184,3937509376,731783168,21,13709807616
1791661802.227,1233.499,indexer,1627134737,1372673101,254461636,11085934592,11212890112,1514545152,9271246848,8665313280,41925058560,27,13709807616
1791661802.227,1233.499,zebrad,148568624,133735204,14833419,4404985856,4406960128,362979328,4023005184,3937509376,731783168,21,13709807616
1791661803.227,1234.499,indexer,1627138192,1372676505,254461686,11085930496,11212890112,1514545152,9271246848,8665313280,41925058560,27,13709807616
1791661803.227,1234.499,zebrad,148574806,133740368,14834438,4405243904,4406960128,362979328,4023005184,3937509376,731783168,21,13709807616
1791661804.228,1235.499,indexer,1627141126,1372678426,254462700,11085930496,11212890112,1514545152,9271246848,8665313280,41925058560,27,13709807616
1791661804.228,1235.499,zebrad,148581058,133743791,14837267,4405235712,4406960128,362979328,4023005184,3937509376,731783168,21,13709807616
1791661805.228,1236.500,indexer,1627144577,1372681500,254463076,11085766656,11212890112,1514639360,9271246848,8665313280,41925062656,27,13709205504
1791661805.228,1236.500,zebrad,148587521,133749207,14838314,4405231616,4406960128,362979328,4023005184,3937509376,731783168,21,13709205504
1791661806.228,1237.500,indexer,1627150715,1372686777,254463937,11085762560,11212890112,1514639360,9271246848,8665313280,41925062656,27,13709111296
1791661806.228,1237.500,zebrad,148593397,133754896,14838501,4405481472,4406960128,362979328,4023005184,3937509376,731783168,21,13709111296
1791661807.228,1238.500,indexer,1627154062,1372689047,254465015,11086024704,11212890112,1514639360,9271246848,8665313280,41925062656,27,13709111296
1791661807.228,1238.500,zebrad,148599315,133760623,14838691,4405739520,4406960128,362979328,4023005184,3937509376,731783168,21,13709111296
1791661808.228,1239.500,indexer,1627156898,1372691603,254465295,11086024704,11212890112,1514639360,9271246848,8665313280,41925062656,27,13709111296
1791661808.228,1239.500,zebrad,148605892,133765440,14840452,4405460992,4406960128,362979328,4023005184,3937509376,731783168,21,13709111296
1791661809.228,1240.500,indexer,1627160409,1372695113,254465295,11086278656,11212890112,1514639360,9271246848,8665313280,41925062656,27,13709111296
1791661809.228,1240.500,zebrad,148611845,133771299,14840546,4405456896,4406960128,362979328,4023005184,3937509376,731783168,21,13709111296
1791661810.228,1241.500,indexer,1627163349,1372696817,254466532,11086274560,11212890112,1514639360,9271246848,8665313280,41925062656,27,13704921088
1791661810.228,1241.500,zebrad,148618014,133776350,14841663,4405456896,4406960128,362979328,4023005184,3937509376,731783168,21,13704921088
1791661811.228,1242.500,indexer,1627170345,1372702100,254468245,11086270464,11212890112,1514639360,9271246848,8665313280,41925062656,27,13704749056
1791661811.228,1242.500,zebrad,148624238,133782452,14841785,4405190656,4406960128,362979328,4023005184,3937509376,731783168,21,13704749056
1791661812.228,1243.500,indexer,1627173384,1372705138,254468245,11086270464,11212890112,1514639360,9271246848,8665313280,41925062656,27,13704753152
1791661812.228,1243.500,zebrad,148630681,133788896,14841785,4405452800,4406960128,362979328,4023005184,3937509376,731783168,21,13704753152
1791661813.229,1244.500,indexer,1627177178,1372707963,254469215,11086270464,11212890112,1514639360,9271246848,8665313280,41925062656,27,13704753152
1791661813.229,1244.500,zebrad,148636963,133795178,14841785,4405448704,4406960128,362979328,4023005184,3937509376,731783168,21,13704753152
1791661814.229,1245.501,indexer,1627180218,1372709809,254470408,11086266368,11212890112,1514639360,9271246848,8665313280,41925062656,27,13704753152
1791661814.229,1245.501,zebrad,148643269,133801384,14841884,4405448704,4406960128,362979328,4023005184,3937509376,731783168,21,13704753152
1791661815.229,1246.501,indexer,1627183974,1372712750,254471224,11086262272,11212890112,1514639360,9271246848,8665313280,41925062656,27,13704753152
1791661815.229,1246.501,zebrad,148649327,133807338,14841989,4405444608,4406960128,362979328,4023005184,3937509376,731783168,21,13704753152
1791661816.229,1247.501,indexer,1627190263,1372717828,254472435,11086016512,11212890112,1514639360,9271246848,8665313280,41925062656,27,13702946816
1791661816.229,1247.501,zebrad,148655485,133813481,14842004,4405452800,4406960128,362979328,4023005184,3937509376,731783168,21,13702946816
1791661817.229,1248.501,indexer,1627193812,1372721312,254472500,11086278656,11212890112,1514639360,9271246848,8665313280,41925062656,27,13700681728
1791661817.229,1248.501,zebrad,148661379,133818585,14842794,4405448704,4406960128,362979328,4023005184,3937509376,731783168,21,13700681728
1791661818.229,1249.501,indexer,1627196941,1372721633,254475307,11086274560,11212890112,1514639360,9271246848,8665313280,41925062656,27,13700640768
1791661818.229,1249.501,zebrad,148667584,133824671,14842913,4405248000,4406960128,362979328,4023005184,3937509376,731783168,21,13700640768
1791661819.229,1250.501,indexer,1627200421,1372723851,254476569,11086270464,11212890112,1514733568,9271246848,8665313280,41925062656,27,13700640768
1791661819.229,1250.501,zebrad,148675891,133832848,14843042,4405493760,4406960128,362979328,4023005184,3937509376,731783168,21,13700640768
1791661820.229,1251.501,indexer,1627203322,1372724699,254478623,11086274560,11212890112,1514733568,9271246848,8665313280,41925062656,27,13700640768
1791661820.229,1251.501,zebrad,148682317,133839133,14843184,4405239808,4406960128,362979328,4023005184,3937509376,731783168,21,13700640768
1791661821.230,1252.501,indexer,1627210336,1372731106,254479229,11086266368,11212890112,1514733568,9271246848,8665313280,41925062656,27,13700648960
1791661821.230,1252.501,zebrad,148688341,133844354,14843987,4405497856,4406960128,362983424,4023005184,3937509376,731783168,21,13700648960
1791661822.230,1253.501,indexer,1627213453,1372732300,254481153,11086008320,11212890112,1514733568,9271246848,8665313280,41925062656,27,13700648960
1791661822.230,1253.501,zebrad,148694239,133849262,14844977,4405485568,4406960128,362983424,4023005184,3937509376,731783168,21,13700648960
1791661823.230,1254.502,indexer,1627217194,1372736040,254481153,11086262272,11212890112,1514733568,9271246848,8665313280,41925062656,27,13700648960
1791661823.230,1254.502,zebrad,148700329,133853339,14846989,4405477376,4406960128,362983424,4023005184,3937509376,731783168,21,13700648960
1791661824.230,1255.502,indexer,1627220234,1372738119,254482115,11086262272,11212890112,1514733568,9271246848,8665313280,41925062656,27,13700648960
1791661824.230,1255.502,zebrad,148706130,133858159,14847970,4405735424,4406960128,362983424,4023005184,3937509376,731783168,21,13700648960
1791661825.230,1256.502,indexer,1627223763,1372740541,254483221,11086258176,11212890112,1514733568,9271246848,8665313280,41925066752,27,13700648960
1791661825.230,1256.502,zebrad,148712169,133863996,14848173,4405731328,4406960128,362983424,4023005184,3937509376,731783168,21,13700648960
1791661826.230,1257.502,indexer,1627230124,1372746725,254483399,11086258176,11212890112,1514733568,9271246848,8665313280,41925066752,27,13700403200
1791661826.230,1257.502,zebrad,148718672,133869648,14849024,4405727232,4406960128,362983424,4023005184,3937509376,731783168,21,13700403200
1791661827.230,1258.502,indexer,1627233456,1372750026,254483430,11086258176,11212890112,1514733568,9271246848,8665313280,41925066752,27,13700407296
1791661827.230,1258.502,zebrad,148724760,133875736,14849024,4405727232,4406960128,362983424,4023005184,3937509376,731783168,21,13700407296
1791661828.230,1259.502,indexer,1627236202,1372752506,254483696,11086258176,11212890112,1514733568,9271246848,8665313280,41925066752,27,13700407296
1791661828.230,1259.502,zebrad,148730881,133881857,14849024,4405723136,4406960128,362983424,4023005184,3937509376,731783168,21,13700407296
1791661829.230,1260.502,indexer,1627239753,1372754947,254484806,11086258176,11212890112,1514733568,9271246848,8665313280,41925066752,27,13700411392
1791661829.230,1260.502,zebrad,148736833,133887195,14849638,4405719040,4406960128,362983424,4023005184,3937509376,731783168,21,13700411392
1791661830.230,1261.502,indexer,1627242545,1372757739,254484806,11086258176,11212890112,1514733568,9271246848,8665313280,41925066752,27,13700411392
1791661830.230,1261.502,zebrad,148743181,133893509,14849672,4405719040,4406960128,362983424,4023005184,3937509376,731783168,21,13700411392
1791661831.231,1262.502,indexer,1627249408,1372764563,254484845,11086114816,11212890112,1514733568,9271246848,8665313280,41925066752,27,13700423680
1791661831.231,1262.502,zebrad,148749232,133899556,14849676,4405714944,4406960128,362983424,4023005184,3937509376,731783168,21,13700423680
1791661832.231,1263.502,indexer,1627252012,1372767087,254484925,11086114816,11212890112,1514733568,9271246848,8665313280,41925066752,27,13700423680
1791661832.231,1263.502,zebrad,148755416,133905740,14849676,4405710848,4406960128,362983424,4023005184,3937509376,731783168,21,13700423680
1791661833.231,1264.503,indexer,1627255647,1372770480,254485167,11086114816,11212890112,1514733568,9271246848,8665313280,41925066752,27,13700423680
1791661833.231,1264.503,zebrad,148761770,133911141,14850629,4405710848,4406960128,362983424,4023005184,3937509376,731783168,21,13700423680
1791661834.231,1265.503,indexer,1627258684,1372773516,254485167,11086114816,11212890112,1514733568,9271246848,8665313280,41925066752,27,13700423680
1791661834.231,1265.503,zebrad,148767673,133916955,14850718,4405202944,4406960128,362983424,4023005184,3937509376,731783168,21,13700423680
1791661835.231,1266.503,indexer,1627261947,1372776057,254485890,11086114816,11212890112,1514733568,9271246848,8665313280,41925066752,27,13700423680
1791661835.231,1266.503,zebrad,148773789,133921858,14851931,4405465088,4406960128,362983424,4023005184,3937509376,731783168,21,13700423680
1791661836.231,1267.503,indexer,1627268596,1372781765,254486830,11086127104,11212890112,1514733568,9271246848,8665313280,41925066752,27,13701582848
1791661836.231,1267.503,zebrad,148779686,133927064,14852621,4405465088,4406960128,362983424,4023005184,3937509376,731783168,21,13701582848
1791661837.231,1268.503,indexer,1627271927,1372784020,254487906,11086123008,11212890112,1514733568,9271246848,8665313280,41925066752,27,13700808704
1791661837.231,1268.503,zebrad,148785780,133932249,14853531,4405460992,4406960128,362983424,4023005184,3937509376,731783168,21,13700808704
1791661838.231,1269.503,indexer,1627274771,1372786583,254488188,11086123008,11212890112,1514733568,9271246848,8665313280,41925066752,27,13700808704
1791661838.231,1269.503,zebrad,148792430,133936831,14855599,4405190656,4406960128,362983424,4023005184,3937509376,731783168,21,13700808704
1791661839.231,1270.503,indexer,1627278339,1372790083,254488255,11086123008,11212890112,1514733568,9271246848,8665313280,41925066752,27,13700808704
1791661839.231,1270.503,zebrad,148798810,133943174,14855635,4405182464,4406960128,362983424,4023005184,3937509376,731783168,21,13700808704
1791661840.231,1271.503,indexer,1627281060,1372792151,254488909,11086123008,11212890112,1514733568,9271246848,8665313280,41925066752,27,13700808704
1791661840.231,1271.503,zebrad,148805550,133949741,14855808,4405178368,4406960128,362983424,4023005184,3937509376,731783168,21,13700808704
1791661841.232,1272.503,indexer,1627287920,1372797873,254490046,11085836288,11212890112,1514733568,9271246848,8665313280,41925066752,27,13700812800
1791661841.232,1272.503,zebrad,148811499,133952991,14858508,4405170176,4406960128,362983424,4023005184,3937509376,731783168,21,13700812800
1791661842.232,1273.504,indexer,1627290844,1372800667,254490176,11085606912,11212890112,1514733568,9271246848,8665313280,41925066752,27,13700812800
1791661842.232,1273.504,zebrad,148817736,133959228,14858508,4405170176,4406960128,362983424,4023005184,3937509376,731783168,21,13700812800
1791661843.232,1274.504,indexer,1627294217,1372804040,254490176,11085869056,11212890112,1514733568,9271246848,8665313280,41925066752,27,13700812800
1791661843.232,1274.504,zebrad,148823721,133964291,14859429,4405166080,4406960128,362983424,4023005184,3937509376,731783168,21,13700812800
1791661844.232,1275.504,indexer,1627297078,1372806901,254490176,11085869056,11212890112,1514733568,9271246848,8665313280,41925066752,27,13700812800
1791661844.232,1275.504,zebrad,148829652,133970130,14859521,4405161984,4406960128,362983424,4023005184,3937509376,731783168,21,13700812800
1791661845.232,1276.504,indexer,1627300432,1372810227,254490205,11086389248,11212890112,1514733568,9271246848,8665313280,41925066752,27,13700812800
1791661845.232,1276.504,zebrad,148835748,133976118,14859630,4405424128,4406960128,362983424,4023005184,3937509376,731783168,21,13700812800
1791661846.232,1277.504,indexer,1627306983,1372815689,254491294,11086376960,11212890112,1514827776,9271246848,8665313280,41925066752,27,13700812800
1791661846.232,1277.504,zebrad,148841768,133982137,14859631,4405420032,4406960128,362983424,4023005184,3937509376,731783168,21,13700812800
1791661847.232,1278.504,indexer,1627310183,1372817116,254493067,11086376960,11212890112,1514827776,9271246848,8665313280,41925066752,27,13700812800
1791661847.232,1278.504,zebrad,148847584,133986670,14860913,4405407744,4406960128,362983424,4023005184,3937509376,731783168,21,13700812800
1791661848.232,1279.504,indexer,1627312985,1372818925,254494060,11086376960,11212890112,1514827776,9271246848,8665313280,41925066752,27,13700812800
1791661848.232,1279.504,zebrad,148854268,133991383,14862884,4405166080,4406960128,362983424,4023005184,3937509376,731783168,21,13700812800
1791661849.232,1280.504,indexer,1627316447,1372821617,254494830,11086118912,11212890112,1514827776,9271246848,8665313280,41925066752,27,13700812800
1791661849.232,1280.504,zebrad,148862040,133998178,14863862,4405153792,4406960128,362983424,4023005184,3937509376,731783168,21,13700812800
1791661850.233,1281.504,indexer,1627319116,1372822432,254496683,11086118912,11212890112,1514827776,9271246848,8665313280,41925066752,27,13700812800
1791661850.233,1281.504,zebrad,148868081,134004116,14863965,4405149696,4406960128,362991616,4023005184,3937509376,731783168,21,13700812800
