1791660347.106519 runnervmmprz5 zainod-0.10.1[2778]:   19:25:47.106  INFO zainodlib::indexer: Connected to node via JsonRPSee, uri: http://127.0.0.1:8232
1791660347.106519 runnervmmprz5 zainod-0.10.1[2778]:     at packages/zainod/src/indexer.rs:62
1791660347.108078 runnervmmprz5 zainod-0.10.1[2778]:   19:25:47.107  INFO zaino_state::indexer::node_backed_indexer: Launching NodeBackedIndexerService, rpc_address: 127.0.0.1:8232, network: PubTestnet
1791660347.108078 runnervmmprz5 zainod-0.10.1[2778]:     at packages/zaino-state/src/indexer/node_backed_indexer.rs:140
1791660347.108078 runnervmmprz5 zainod-0.10.1[2778]:     in zaino_state::indexer::node_backed_indexer::NodeBackedIndexerService::spawn with network: PubTestnet
1791660347.140396 runnervmmprz5 zainod-0.10.1[2778]:   19:25:47.140  INFO zaino_state::chain_index::validator_source: Launching Chain Syncer, grpc_address: 127.0.0.1:8230
1791660347.140396 runnervmmprz5 zainod-0.10.1[2778]:     at packages/zaino-state/src/chain_index/validator_source.rs:1176
1791660347.140396 runnervmmprz5 zainod-0.10.1[2778]:     in zaino_state::indexer::node_backed_indexer::NodeBackedIndexerService::spawn with network: PubTestnet
1791660347.212918 runnervmmprz5 zainod-0.10.1[2778]:   19:25:47.212  INFO zebra_state::service::finalized_state::disk_format::upgrade: trying to open current database format, running_version: 28.0.0
1791660347.212918 runnervmmprz5 zainod-0.10.1[2778]:     at /home/runner/.cargo/registry/src/index.crates.io-1949cf8c6b5b557f/zebra-state-13.0.0/src/service/finalized_state/disk_format/upgrade.rs:249
1791660347.221162 runnervmmprz5 zainod-0.10.1[2778]:   19:25:47.221  INFO zebra_state::service::finalized_state::disk_db: creating secondary db directory, create_dir_result: Ok(())
1791660347.221162 runnervmmprz5 zainod-0.10.1[2778]:     at /home/runner/.cargo/registry/src/index.crates.io-1949cf8c6b5b557f/zebra-state-13.0.0/src/service/finalized_state/disk_db.rs:1059
1791660349.955365 runnervmmprz5 zainod-0.10.1[2778]:   19:25:49.955  INFO zebra_state::service::finalized_state::disk_db: Opened Zebra state cache at /zbench/zebra/state/v28/testnet
1791660349.955365 runnervmmprz5 zainod-0.10.1[2778]:     at /home/runner/.cargo/registry/src/index.crates.io-1949cf8c6b5b557f/zebra-state-13.0.0/src/service/finalized_state/disk_db.rs:1073
1791660349.960902 runnervmmprz5 zainod-0.10.1[2778]:   19:25:49.960  INFO zaino_state::chain_index::validator_source: Chain syncer launched
1791660349.960902 runnervmmprz5 zainod-0.10.1[2778]:     at packages/zaino-state/src/chain_index/validator_source.rs:1190
1791660349.960902 runnervmmprz5 zainod-0.10.1[2778]:     in zaino_state::indexer::node_backed_indexer::NodeBackedIndexerService::spawn with network: PubTestnet
1791660349.967434 runnervmmprz5 zainod-0.10.1[2778]:   19:25:49.967  INFO zaino_state::chain_index::validator_source: ReadStateService synced with Zebra, height: 4382897, tip_hash: 00005894e6410b9d9524e38d725e6595ef4c8f85d4deb9e56b340751b0c3d678
1791660349.967434 runnervmmprz5 zainod-0.10.1[2778]:     at packages/zaino-state/src/chain_index/validator_source.rs:1219
1791660349.967434 runnervmmprz5 zainod-0.10.1[2778]:     in zaino_state::indexer::node_backed_indexer::NodeBackedIndexerService::spawn with network: PubTestnet
1791660349.967598 runnervmmprz5 zainod-0.10.1[2778]:   19:25:49.967  INFO zaino_state::indexer::node_backed_indexer: Connected to Zcash node, build: v6.4.2, subversion: /Zebra:6.4.2/
1791660349.967598 runnervmmprz5 zainod-0.10.1[2778]:     at packages/zaino-state/src/indexer/node_backed_indexer.rs:163
1791660349.967598 runnervmmprz5 zainod-0.10.1[2778]:     in zaino_state::indexer::node_backed_indexer::NodeBackedIndexerService::spawn with network: PubTestnet
1791660349.968740 runnervmmprz5 zainod-0.10.1[2778]:   19:25:49.967  INFO zaino_chain_store_zainodb::store: finalised state running in PERSISTENT mode, mode: persistent, path: /zbench/index/zaino-0.10.1
1791660349.968740 runnervmmprz5 zainod-0.10.1[2778]:     at packages/zaino-chain-store-zainodb/src/store.rs:674
1791660349.968740 runnervmmprz5 zainod-0.10.1[2778]:     in zaino_chain_store_zainodb::store::FinalisedState::spawn with db_version: 1
1791660349.968740 runnervmmprz5 zainod-0.10.1[2778]:     in zaino_state::indexer::node_backed_indexer::NodeBackedIndexerService::spawn with network: PubTestnet
1791660349.968740 runnervmmprz5 zainod-0.10.1[2778]:   19:25:49.968  INFO zaino_chain_store_zainodb::store: Creating new FinalisedState, version: 1.3.0
1791660349.968740 runnervmmprz5 zainod-0.10.1[2778]:     at packages/zaino-chain-store-zainodb/src/store.rs:710
1791660349.968740 runnervmmprz5 zainod-0.10.1[2778]:     in zaino_chain_store_zainodb::store::FinalisedState::spawn with db_version: 1
1791660349.968740 runnervmmprz5 zainod-0.10.1[2778]:     in zaino_state::indexer::node_backed_indexer::NodeBackedIndexerService::spawn with network: PubTestnet
1791660349.968740 runnervmmprz5 zainod-0.10.1[2778]:   19:25:49.968  INFO zaino_chain_store_zainodb::store::finalised_source::v1: Launching FinalisedState
1791660349.968740 runnervmmprz5 zainod-0.10.1[2778]:     at packages/zaino-chain-store-zainodb/src/store/finalised_source/v1.rs:510
1791660349.968740 runnervmmprz5 zainod-0.10.1[2778]:     in zaino_chain_store_zainodb::store::FinalisedState::spawn with db_version: 1
1791660349.968740 runnervmmprz5 zainod-0.10.1[2778]:     in zaino_state::indexer::node_backed_indexer::NodeBackedIndexerService::spawn with network: PubTestnet
1791660349.971016 runnervmmprz5 zainod-0.10.1[2778]:   19:25:49.970  INFO zaino_chain_store_zainodb::store::finalised_source::v1: validating finalised-state spent table integrity
1791660349.971016 runnervmmprz5 zainod-0.10.1[2778]:     at packages/zaino-chain-store-zainodb/src/store/finalised_source/v1.rs:814
1791660349.971016 runnervmmprz5 zainod-0.10.1[2778]:   19:25:49.971  INFO zaino_chain_store_zainodb::store::finalised_source::v1: finalised-state spent table integrity check passed, entries: 0, elapsed: 521ns
1791660349.971016 runnervmmprz5 zainod-0.10.1[2778]:     at packages/zaino-chain-store-zainodb/src/store/finalised_source/v1.rs:869
1791660349.971876 runnervmmprz5 zainod-0.10.1[2778]:   19:25:49.971  INFO zaino_chain_store_zainodb::store::finalised_source::v1: initial validation complete, tip: 0
1791660349.971876 runnervmmprz5 zainod-0.10.1[2778]:     at packages/zaino-chain-store-zainodb/src/store/finalised_source/v1.rs:720
1791660349.981385 runnervmmprz5 zainod-0.10.1[2778]:   19:25:49.981  INFO zaino_chain_head_service::service: ChainHead anchored, height: 4381896, hash: 0000088efe68e57c60d1a86042e1fba77452a1726b70cb47a29e9b49d95fbb44
1791660349.981385 runnervmmprz5 zainod-0.10.1[2778]:     at packages/zaino-chain-head-service/src/service.rs:226
1791660349.981385 runnervmmprz5 zainod-0.10.1[2778]:     in zaino_chain_head_service::service::ChainHeadService::spawn with max_depth: 1001
1791660349.981385 runnervmmprz5 zainod-0.10.1[2778]:     in zaino_state::indexer::node_backed_indexer::NodeBackedIndexerService::spawn with network: PubTestnet
1791660349.983132 runnervmmprz5 zainod-0.10.1[2778]:   19:25:49.983  INFO zaino_chain_head_service::service: Syncing block, height: 4381897, hash: 00000193d29cf382fbd5a069dfe0fef68149cd12f822ff941d8f5380e02740ec
1791660349.983132 runnervmmprz5 zainod-0.10.1[2778]:     at packages/zaino-chain-head-service/src/service.rs:478
1791660349.983132 runnervmmprz5 zainod-0.10.1[2778]:     in zaino_chain_head_service::service::ChainHeadService::tick
1791660349.983687 runnervmmprz5 zainod-0.10.1[2778]:   19:25:49.983  INFO zaino_state::chain_index: Starting ChainIndex sync loop
1791660349.983687 runnervmmprz5 zainod-0.10.1[2778]:     at packages/zaino-state/src/chain_index.rs:942
1791660349.983687 runnervmmprz5 zainod-0.10.1[2778]:     in zaino_state::chain_index::ChainIndex::start_sync_loop
1791660349.983687 runnervmmprz5 zainod-0.10.1[2778]:     in zaino_state::indexer::node_backed_indexer::NodeBackedIndexerService::spawn with network: PubTestnet
1791660349.983687 runnervmmprz5 zainod-0.10.1[2778]:   19:25:49.983  INFO zaino_chain_store_zainodb::store::router: finalised state online: reads are now served by the persistent database, mode: persistent
1791660349.983687 runnervmmprz5 zainod-0.10.1[2778]:     at packages/zaino-chain-store-zainodb/src/store/router.rs:476
1791660349.983687 runnervmmprz5 zainod-0.10.1[2778]:     in zaino_state::indexer::node_backed_indexer::NodeBackedIndexerService::spawn with network: PubTestnet
1791660349.984673 runnervmmprz5 zainod-0.10.1[2778]:   19:25:49.984  INFO zaino_chain_store_zainodb::store::router: finalised state switched to the ephemeral passthrough: reads are served from the backing validator, NOT the persistent database, until sync/migration completes, requested_mode: ReadOnly, mode: ephemeral(syncing)
1791660349.984673 runnervmmprz5 zainod-0.10.1[2778]:     at packages/zaino-chain-store-zainodb/src/store/router.rs:677
1791660349.985435 runnervmmprz5 zainod-0.10.1[2778]:   19:25:49.984  INFO zaino_chain_store_zainodb::store::finalised_source::v1::write_core: write_blocks_to_height: syncing finalised blocks, start_height: 0, target: 4381896, zebra_network: Testnet
1791660349.985435 runnervmmprz5 zainod-0.10.1[2778]:     at packages/zaino-chain-store-zainodb/src/store/finalised_source/v1/write_core.rs:466
1791660349.998128 runnervmmprz5 zainod-0.10.1[2778]:   19:25:49.996  INFO zaino_chain_head_service::service: Syncing block, height: 4381898, hash: 00000372db84b6cfc353287145fc57cb0d0cf28f32312ad9faeee9f7ad020ab8
1791660349.998128 runnervmmprz5 zainod-0.10.1[2778]:     at packages/zaino-chain-head-service/src/service.rs:478
1791660349.998128 runnervmmprz5 zainod-0.10.1[2778]:     in zaino_chain_head_service::service::ChainHeadService::tick
1791660350.000922 runnervmmprz5 zainod-0.10.1[2778]:   19:25:49.999  INFO zaino_chain_head_service::service: Syncing block, height: 4381899, hash: 00000ca30e2777304cad7a88a347f4cca2c53a4ea41b429b80627e6f94f4de0c
1791660350.000922 runnervmmprz5 zainod-0.10.1[2778]:     at packages/zaino-chain-head-service/src/service.rs:478
1791660350.000922 runnervmmprz5 zainod-0.10.1[2778]:     in zaino_chain_head_service::service::ChainHeadService::tick
1791660350.000922 runnervmmprz5 zainod-0.10.1[2778]:   19:25:49.999  INFO zaino_chain_head_service::service: Syncing block, height: 4381900, hash: 00000390f85bc7f84c00d291a15d276b166cc447e419f5166843991220004b81
1791660350.000922 runnervmmprz5 zainod-0.10.1[2778]:     at packages/zaino-chain-head-service/src/service.rs:478
1791660350.000922 runnervmmprz5 zainod-0.10.1[2778]:     in zaino_chain_head_service::service::ChainHeadService::tick
1791660350.004978 runnervmmprz5 zainod-0.10.1[2778]:   19:25:50.000  INFO zaino_chain_head_service::service: Syncing block, height: 4381901, hash: 00000b333b7134dedf73796241745889fee3cc794801b7179a160d784bb1b820
1791660350.004978 runnervmmprz5 zainod-0.10.1[2778]:     at packages/zaino-chain-head-service/src/service.rs:478
1791660350.004978 runnervmmprz5 zainod-0.10.1[2778]:     in zaino_chain_head_service::service::ChainHeadService::tick
1791660350.004978 runnervmmprz5 zainod-0.10.1[2778]:   19:25:50.001  INFO zaino_chain_head_service::service: Syncing block, height: 4381902, hash: 00000fd616b6cb785e9093ee8c5f1a7a5182c56ea4b36892f5af0c4438b32a9f
1791660350.004978 runnervmmprz5 zainod-0.10.1[2778]:     at packages/zaino-chain-head-service/src/service.rs:478
1791660350.004978 runnervmmprz5 zainod-0.10.1[2778]:     in zaino_chain_head_service::service::ChainHeadService::tick
1791660350.008296 runnervmmprz5 zainod-0.10.1[2778]:   19:25:50.008  INFO zaino_chain_head_service::service: Syncing block, height: 4381903, hash: 00000f399798815b1050545e142815a370f32395acd4da7b7168c0ee4e0d19f0
1791660350.008296 runnervmmprz5 zainod-0.10.1[2778]:     at packages/zaino-chain-head-service/src/service.rs:478
1791660350.008296 runnervmmprz5 zainod-0.10.1[2778]:     in zaino_chain_head_service::service::ChainHeadService::tick
1791660350.009011 runnervmmprz5 zainod-0.10.1[2778]:   19:25:50.008  INFO zaino_chain_head_service::service: Syncing block, height: 4381904, hash: 00000316a735c66d176e6ef2bc7bb3891b320381c09fe0a323474927962f024c
1791660350.009011 runnervmmprz5 zainod-0.10.1[2778]:     at packages/zaino-chain-head-service/src/service.rs:478
1791660350.009011 runnervmmprz5 zainod-0.10.1[2778]:     in zaino_chain_head_service::service::ChainHeadService::tick
1791660350.009540 runnervmmprz5 zainod-0.10.1[2778]:   19:25:50.009  INFO zaino_chain_head_service::service: Syncing block, height: 4381905, hash: 0000083402e5365c2a47c7e939c582597556e938ffcca68624f9f8df5704252f
1791660350.009540 runnervmmprz5 zainod-0.10.1[2778]:     at packages/zaino-chain-head-service/src/service.rs:478
1791660350.009540 runnervmmprz5 zainod-0.10.1[2778]:     in zaino_chain_head_service::service::ChainHeadService::tick
1791660350.010081 runnervmmprz5 zainod-0.10.1[2778]:   19:25:50.010  INFO zaino_chain_head_service::service: Syncing block, height: 4381906, hash: 0000103586d8709d278a23514985062d6f2e19921f5f6f59468268fbd3fd31e3
1791660350.010081 runnervmmprz5 zainod-0.10.1[2778]:     at packages/zaino-chain-head-service/src/service.rs:478
1791660350.010081 runnervmmprz5 zainod-0.10.1[2778]:     in zaino_chain_head_service::service::ChainHeadService::tick
1791660350.010763 runnervmmprz5 zainod-0.10.1[2778]:   19:25:50.010  INFO zaino_chain_head_service::service: Syncing block, height: 4381907, hash: 00000c9e414ec98336a15e68a5b97298a719be39730115b29f3ac05ead81a702
1791660350.010763 runnervmmprz5 zainod-0.10.1[2778]:     at packages/zaino-chain-head-service/src/service.rs:478
1791660350.010763 runnervmmprz5 zainod-0.10.1[2778]:     in zaino_chain_head_service::service::ChainHeadService::tick
1791660350.017896 runnervmmprz5 zainod-0.10.1[2778]:   19:25:50.017  INFO zaino_chain_head_service::service: Syncing block, height: 4381908, hash: 00000b0a866ff0cadd2743731151ab4dfc319bdb22d3b59ffbed996a95ba073b
1791660350.017896 runnervmmprz5 zainod-0.10.1[2778]:     at packages/zaino-chain-head-service/src/service.rs:478
1791660350.017896 runnervmmprz5 zainod-0.10.1[2778]:     in zaino_chain_head_service::service::ChainHeadService::tick
1791660350.018911 runnervmmprz5 zainod-0.10.1[2778]:   19:25:50.018  INFO zaino_chain_head_service::service: Syncing block, height: 4381909, hash: 000006a8747bfa83aca960f9216ace93c127ab9653e3c2f52f04ec9915b95b6d
1791660350.018911 runnervmmprz5 zainod-0.10.1[2778]:     at packages/zaino-chain-head-service/src/service.rs:478
1791660350.018911 runnervmmprz5 zainod-0.10.1[2778]:     in zaino_chain_head_service::service::ChainHeadService::tick
1791660350.019971 runnervmmprz5 zainod-0.10.1[2778]:   19:25:50.019  INFO zaino_chain_head_service::service: Syncing block, height: 4381910, hash: 00000f0fe76dfbb9b7a9f5565a5c185a3ba4178a9254194ff0656e6f55ab3c89
1791660350.019971 runnervmmprz5 zainod-0.10.1[2778]:     at packages/zaino-chain-head-service/src/service.rs:478
1791660350.019971 runnervmmprz5 zainod-0.10.1[2778]:     in zaino_chain_head_service::service::ChainHeadService::tick
1791660350.019971 runnervmmprz5 zainod-0.10.1[2778]:   19:25:50.019  INFO zaino_chain_head_service::service: Syncing block, height: 4381911, hash: 00000cb08ba0ee29e5ff64adb6cfd9a5342084397ff155e4975fc719750f7df3
1791660350.019971 runnervmmprz5 zainod-0.10.1[2778]:     at packages/zaino-chain-head-service/src/service.rs:478
1791660350.019971 runnervmmprz5 zainod-0.10.1[2778]:     in zaino_chain_head_service::service::ChainHeadService::tick
1791660350.020374 runnervmmprz5 zainod-0.10.1[2778]:   19:25:50.020  INFO zaino_chain_head_service::service: Syncing block, height: 4381912, hash: 0000035e892e22dbe05c029bc8b75db7e567e66071a6955efbb0540b2d87175a
1791660350.020374 runnervmmprz5 zainod-0.10.1[2778]:     at packages/zaino-chain-head-service/src/service.rs:478
1791660350.020374 runnervmmprz5 zainod-0.10.1[2778]:     in zaino_chain_head_service::service::ChainHeadService::tick
1791660350.026466 runnervmmprz5 zainod-0.10.1[2778]:   19:25:50.026  INFO zaino_chain_head_service::service: Syncing block, height: 4381913, hash: 000010b4146565530ba926718e541047295ab2375998166f6288c81c71c005bb
1791660350.026466 runnervmmprz5 zainod-0.10.1[2778]:     at packages/zaino-chain-head-service/src/service.rs:478
1791660350.026466 runnervmmprz5 zainod-0.10.1[2778]:     in zaino_chain_head_service::service::ChainHeadService::tick
1791660350.028183 runnervmmprz5 zainod-0.10.1[2778]:   19:25:50.028  INFO zaino_chain_head_service::service: Syncing block, height: 4381914, hash: 00000163d83e469b2e73a26d94024e6eab6f3fa1c2e3bc8567359efbf5f2ff1c
1791660350.028183 runnervmmprz5 zainod-0.10.1[2778]:     at packages/zaino-chain-head-service/src/service.rs:478
1791660350.028183 runnervmmprz5 zainod-0.10.1[2778]:     in zaino_chain_head_service::service::ChainHeadService::tick
1791660350.029348 runnervmmprz5 zainod-0.10.1[2778]:   19:25:50.029  INFO zaino_chain_head_service::service: Syncing block, height: 4381915, hash: 009b33e2137b89c15471b5b3de98238ae177fbbde0aac875eda8f7fb7e3d9be1
1791660350.029348 runnervmmprz5 zainod-0.10.1[2778]:     at packages/zaino-chain-head-service/src/service.rs:478
1791660350.029348 runnervmmprz5 zainod-0.10.1[2778]:     in zaino_chain_head_service::service::ChainHeadService::tick
1791660350.031477 runnervmmprz5 zainod-0.10.1[2778]:   19:25:50.031  INFO zaino_chain_head_service::service: Syncing block, height: 4381916, hash: 003fbe369191f7b2860d054259a4fb7d6eec33053726f35e9b4f1d71a44719d4
1791660350.031477 runnervmmprz5 zainod-0.10.1[2778]:     at packages/zaino-chain-head-service/src/service.rs:478
1791660350.031477 runnervmmprz5 zainod-0.10.1[2778]:     in zaino_chain_head_service::service::ChainHeadService::tick
1791660350.033421 runnervmmprz5 zainod-0.10.1[2778]:   19:25:50.033  INFO zaino_chain_head_service::service: Syncing block, height: 4381917, hash: 000055a304da5a235cd8e726526e00c7451df66716b21dff70b80c800f1f96aa
1791660350.033421 runnervmmprz5 zainod-0.10.1[2778]:     at packages/zaino-chain-head-service/src/service.rs:478
1791660350.033421 runnervmmprz5 zainod-0.10.1[2778]:     in zaino_chain_head_service::service::ChainHeadService::tick
1791660350.034846 runnervmmprz5 zainod-0.10.1[2778]:   19:25:50.034  INFO zaino_chain_head_service::service: Syncing block, height: 4381918, hash: 004c883c8f14e7b17975a82b5c0993f27a01cca37d475ab1ca0c7a4659088bb5
1791660350.034846 runnervmmprz5 zainod-0.10.1[2778]:     at packages/zaino-chain-head-service/src/service.rs:478
1791660350.034846 runnervmmprz5 zainod-0.10.1[2778]:     in zaino_chain_head_service::service::ChainHeadService::tick
1791660350.036839 runnervmmprz5 zainod-0.10.1[2778]:   19:25:50.036  INFO zaino_chain_head_service::service: Syncing block, height: 4381919, hash: 00563a1f7ad038ff90dc4357a3d297e1e7014fbf121667f87d86222026c4afaa
1791660350.036839 runnervmmprz5 zainod-0.10.1[2778]:     at packages/zaino-chain-head-service/src/service.rs:478
1791660350.036839 runnervmmprz5 zainod-0.10.1[2778]:     in zaino_chain_head_service::service::ChainHeadService::tick
1791660350.039054 runnervmmprz5 zainod-0.10.1[2778]:   19:25:50.039  INFO zaino_chain_head_service::service: Syncing block, height: 4381920, hash: 003833323ff8cf69f91108c18371fc13a13aa508e72f2501b984a61649b9466f
1791660350.039054 runnervmmprz5 zainod-0.10.1[2778]:     at packages/zaino-chain-head-service/src/service.rs:478
1791660350.039054 runnervmmprz5 zainod-0.10.1[2778]:     in zaino_chain_head_service::service::ChainHeadService::tick
1791660350.039809 runnervmmprz5 zainod-0.10.1[2778]:   19:25:50.039  INFO zaino_chain_head_service::service: Syncing block, height: 4381921, hash: 001cfdbb9228de4e5e304e9f4f25cff15327834f55b71adb211d21e1e51497ce
1791660350.039809 runnervmmprz5 zainod-0.10.1[2778]:     at packages/zaino-chain-head-service/src/service.rs:478
1791660350.039809 runnervmmprz5 zainod-0.10.1[2778]:     in zaino_chain_head_service::service::ChainHeadService::tick
1791660350.040889 runnervmmprz5 zainod-0.10.1[2778]:   19:25:50.040  INFO zaino_chain_head_service::service: Syncing block, height: 4381922, hash: 00525eb30f0cc2945cbf157827c936f169082122ddb457adb7097a009eb72600
1791660350.040889 runnervmmprz5 zainod-0.10.1[2778]:     at packages/zaino-chain-head-service/src/service.rs:478
1791660350.040889 runnervmmprz5 zainod-0.10.1[2778]:     in zaino_chain_head_service::service::ChainHeadService::tick
1791660350.042261 runnervmmprz5 zainod-0.10.1[2778]:   19:25:50.042  INFO zaino_chain_head_service::service: Syncing block, height: 4381923, hash: 009992058c7eb975cfb8e06f28aa3a704f70153807b662210e2b0cd42807aff2
1791660350.042261 runnervmmprz5 zainod-0.10.1[2778]:     at packages/zaino-chain-head-service/src/service.rs:478
1791660350.042261 runnervmmprz5 zainod-0.10.1[2778]:     in zaino_chain_head_service::service::ChainHeadService::tick
1791660350.042626 runnervmmprz5 zainod-0.10.1[2778]:   19:25:50.042  INFO zaino_chain_head_service::service: Syncing block, height: 4381924, hash: 00002fb5c9cf2b3dff846b3665e90fcdab51cea0db14b4efa41ee23da48550d6
1791660350.042626 runnervmmprz5 zainod-0.10.1[2778]:     at packages/zaino-chain-head-service/src/service.rs:478
1791660350.042626 runnervmmprz5 zainod-0.10.1[2778]:     in zaino_chain_head_service::service::ChainHeadService::tick
1791660350.044820 runnervmmprz5 zainod-0.10.1[2778]:   19:25:50.044  INFO zaino_chain_head_service::service: Syncing block, height: 4381925, hash: 0012f64e27ae4333f9057c12a68645c9c52d7351a888b723189723ab575335ca
1791660350.044820 runnervmmprz5 zainod-0.10.1[2778]:     at packages/zaino-chain-head-service/src/service.rs:478
1791660350.044820 runnervmmprz5 zainod-0.10.1[2778]:     in zaino_chain_head_service::service::ChainHeadService::tick
1791660350.045758 runnervmmprz5 zainod-0.10.1[2778]:   19:25:50.045  INFO zaino_chain_head_service::service: Syncing block, height: 4381926, hash: 003a0babd6718d94bf4d0559ebec1235f4d81f7075297205480e4fbadb9a31e9
1791660350.045758 runnervmmprz5 zainod-0.10.1[2778]:     at packages/zaino-chain-head-service/src/service.rs:478
1791660350.045758 runnervmmprz5 zainod-0.10.1[2778]:     in zaino_chain_head_service::service::ChainHeadService::tick
1791660350.046862 runnervmmprz5 zainod-0.10.1[2778]:   19:25:50.046  INFO zaino_chain_head_service::service: Syncing block, height: 4381927, hash: 00c8082e4868985a759c5c99a6ceb8a2537aad5e0e4fd8432cb51575b60b358d
1791660350.046862 runnervmmprz5 zainod-0.10.1[2778]:     at packages/zaino-chain-head-service/src/service.rs:478
1791660350.046862 runnervmmprz5 zainod-0.10.1[2778]:     in zaino_chain_head_service::service::ChainHeadService::tick
1791660350.048174 runnervmmprz5 zainod-0.10.1[2778]:   19:25:50.048  INFO zaino_chain_head_service::service: Syncing block, height: 4381928, hash: 00281a468ea70911dd449d52783a8b030c7d1324e3d8f23494669ae323f9e9df
1791660350.048174 runnervmmprz5 zainod-0.10.1[2778]:     at packages/zaino-chain-head-service/src/service.rs:478
1791660350.048174 runnervmmprz5 zainod-0.10.1[2778]:     in zaino_chain_head_service::service::ChainHeadService::tick
1791660350.049793 runnervmmprz5 zainod-0.10.1[2778]:   19:25:50.049  INFO zaino_chain_head_service::service: Syncing block, height: 4381929, hash: 00510f813b05ccc3c25b4cc11678ffd21b01d56c71f5b233e0788e7d27f41c29
1791660350.049793 runnervmmprz5 zainod-0.10.1[2778]:     at packages/zaino-chain-head-service/src/service.rs:478
1791660350.049793 runnervmmprz5 zainod-0.10.1[2778]:     in zaino_chain_head_service::service::ChainHeadService::tick
1791660350.055903 runnervmmprz5 zainod-0.10.1[2778]:   19:25:50.055  INFO zaino_chain_head_service::service: Syncing block, height: 4381930, hash: 00dc0f537daaee215c194f75eedaca7e879a296f8337db724f8b11afe069e28b
1791660350.055903 runnervmmprz5 zainod-0.10.1[2778]:     at packages/zaino-chain-head-service/src/service.rs:478
1791660350.055903 runnervmmprz5 zainod-0.10.1[2778]:     in zaino_chain_head_service::service::ChainHeadService::tick
1791660350.056947 runnervmmprz5 zainod-0.10.1[2778]:   19:25:50.056  INFO zaino_chain_head_service::service: Syncing block, height: 4381931, hash: 00a8b36d2900510aa31ad93d0b8ce03fe689a9d484b801fc21270cd3a0b7a00b
1791660350.056947 runnervmmprz5 zainod-0.10.1[2778]:     at packages/zaino-chain-head-service/src/service.rs:478
1791660350.056947 runnervmmprz5 zainod-0.10.1[2778]:     in zaino_chain_head_service::service::ChainHeadService::tick
1791660350.058056 runnervmmprz5 zainod-0.10.1[2778]:   19:25:50.058  INFO zaino_chain_head_service::service: Syncing block, height: 4381932, hash: 0021b66718e2a0c1fe0f4e0ce1c491656d4fdca592fcb99c8e8c3262fc64d51d
1791660350.058056 runnervmmprz5 zainod-0.10.1[2778]:     at packages/zaino-chain-head-service/src/service.rs:478
1791660350.058056 runnervmmprz5 zainod-0.10.1[2778]:     in zaino_chain_head_service::service::ChainHeadService::tick
1791660350.058665 runnervmmprz5 zainod-0.10.1[2778]:   19:25:50.058  INFO zaino_chain_head_service::service: Syncing block, height: 4381933, hash: 00327c603362c358a70297b43f1cd48de8439575c52cae2a617777727f42c71f
1791660350.058665 runnervmmprz5 zainod-0.10.1[2778]:     at packages/zaino-chain-head-service/src/service.rs:478
1791660350.058665 runnervmmprz5 zainod-0.10.1[2778]:     in zaino_chain_head_service::service::ChainHeadService::tick
1791660350.059231 runnervmmprz5 zainod-0.10.1[2778]:   19:25:50.059  INFO zaino_chain_head_service::service: Syncing block, height: 4381934, hash: 005f21a60fa9874027471b7de776cd9bc4ad9b2d846c3ef29289b5c9f451fa82
1791660350.059231 runnervmmprz5 zainod-0.10.1[2778]:     at packages/zaino-chain-head-service/src/service.rs:478
1791660350.059231 runnervmmprz5 zainod-0.10.1[2778]:     in zaino_chain_head_service::service::ChainHeadService::tick
1791660350.060116 runnervmmprz5 zainod-0.10.1[2778]:   19:25:50.060  INFO zaino_chain_head_service::service: Syncing block, height: 4381935, hash: 0001013552b48e32b166480424eb914c0b1723b96de5b6ff885f4c38504fbb38
1791660350.060116 runnervmmprz5 zainod-0.10.1[2778]:     at packages/zaino-chain-head-service/src/service.rs:478
1791660350.060116 runnervmmprz5 zainod-0.10.1[2778]:     in zaino_chain_head_service::service::ChainHeadService::tick
1791660350.063625 runnervmmprz5 zainod-0.10.1[2778]:   19:25:50.063  INFO zaino_chain_head_service::service: Syncing block, height: 4381936, hash: 00003608db94a48e0c218c2e72e4704b9451fccb51f8be454a0bd8f9539e07e2
1791660350.063625 runnervmmprz5 zainod-0.10.1[2778]:     at packages/zaino-chain-head-service/src/service.rs:478
1791660350.063625 runnervmmprz5 zainod-0.10.1[2778]:     in zaino_chain_head_service::service::ChainHeadService::tick
1791660350.064201 runnervmmprz5 zainod-0.10.1[2778]:   19:25:50.064  INFO zaino_chain_head_service::service: Syncing block, height: 4381937, hash: 001dcb7afaaa0488c2c53f56df85fc9881af58fb57443989753652d311e00f03
1791660350.064201 runnervmmprz5 zainod-0.10.1[2778]:     at packages/zaino-chain-head-service/src/service.rs:478
1791660350.064201 runnervmmprz5 zainod-0.10.1[2778]:     in zaino_chain_head_service::service::ChainHeadService::tick
1791660350.065996 runnervmmprz5 zainod-0.10.1[2778]:   19:25:50.065  INFO zaino_chain_head_service::service: Syncing block, height: 4381938, hash: 002b82ca3efff0defaa2db876f18d05a5bc7a6eb34b2a8f082dd34758a315913
1791660350.065996 runnervmmprz5 zainod-0.10.1[2778]:     at packages/zaino-chain-head-service/src/service.rs:478
1791660350.065996 runnervmmprz5 zainod-0.10.1[2778]:     in zaino_chain_head_service::service::ChainHeadService::tick
1791660350.066602 runnervmmprz5 zainod-0.10.1[2778]:   19:25:50.066  INFO zaino_chain_head_service::service: Syncing block, height: 4381939, hash: 0026f63c48be2c37ae9372c293522cc119e8d02ccbf6899040a752041a2b3c2b
1791660350.066602 runnervmmprz5 zainod-0.10.1[2778]:     at packages/zaino-chain-head-service/src/service.rs:478
1791660350.066602 runnervmmprz5 zainod-0.10.1[2778]:     in zaino_chain_head_service::service::ChainHeadService::tick
1791660350.067334 runnervmmprz5 zainod-0.10.1[2778]:   19:25:50.067  INFO zaino_chain_head_service::service: Syncing block, height: 4381940, hash: 007617421006ad8eb2bfc1ff0bdaf5e9cb154681aa1bde0865034cb430f8ea63
1791660350.067334 runnervmmprz5 zainod-0.10.1[2778]:     at packages/zaino-chain-head-service/src/service.rs:478
1791660350.067334 runnervmmprz5 zainod-0.10.1[2778]:     in zaino_chain_head_service::service::ChainHeadService::tick
1791660350.067927 runnervmmprz5 zainod-0.10.1[2778]:   19:25:50.067  INFO zaino_chain_head_service::service: Syncing block, height: 4381941, hash: 00007dbb008f8fef9f19f8d5f6f987e1ae20e43fb07b6f7299aa1674363b1f00
1791660350.067927 runnervmmprz5 zainod-0.10.1[2778]:     at packages/zaino-chain-head-service/src/service.rs:478
1791660350.067927 runnervmmprz5 zainod-0.10.1[2778]:     in zaino_chain_head_service::service::ChainHeadService::tick
1791660350.069657 runnervmmprz5 zainod-0.10.1[2778]:   19:25:50.069  INFO zaino_chain_head_service::service: Syncing block, height: 4381942, hash: 007d9644394edc5a9c3ace32260c038409fd4719eede84a255409e5b40e899d5
1791660350.069657 runnervmmprz5 zainod-0.10.1[2778]:     at packages/zaino-chain-head-service/src/service.rs:478
1791660350.069657 runnervmmprz5 zainod-0.10.1[2778]:     in zaino_chain_head_service::service::ChainHeadService::tick
1791660350.070126 runnervmmprz5 zainod-0.10.1[2778]:   19:25:50.070  INFO zaino_chain_head_service::service: Syncing block, height: 4381943, hash: 000048983b047431d5c69c39cbe17fd719fba0b64eef8301225d6904de2c5926
1791660350.070126 runnervmmprz5 zainod-0.10.1[2778]:     at packages/zaino-chain-head-service/src/service.rs:478
1791660350.070126 runnervmmprz5 zainod-0.10.1[2778]:     in zaino_chain_head_service::service::ChainHeadService::tick
1791660350.071016 runnervmmprz5 zainod-0.10.1[2778]:   19:25:50.070  INFO zaino_chain_head_service::service: Syncing block, height: 4381944, hash: 009526b547757b379f875e7dbc89448b16a867aa72bd734bfdcd61ddf16d40cd
1791660350.071016 runnervmmprz5 zainod-0.10.1[2778]:     at packages/zaino-chain-head-service/src/service.rs:478
1791660350.071016 runnervmmprz5 zainod-0.10.1[2778]:     in zaino_chain_head_service::service::ChainHeadService::tick
1791660350.071301 runnervmmprz5 zainod-0.10.1[2778]:   19:25:50.071  INFO zaino_chain_head_service::service: Syncing block, height: 4381945, hash: 0000248b719687f77c06859737db9801ad3f89ef5dd383b4cc8e0c26a2e1be21
1791660350.071301 runnervmmprz5 zainod-0.10.1[2778]:     at packages/zaino-chain-head-service/src/service.rs:478
1791660350.071301 runnervmmprz5 zainod-0.10.1[2778]:     in zaino_chain_head_service::service::ChainHeadService::tick
1791660350.073974 runnervmmprz5 zainod-0.10.1[2778]:   19:25:50.071  INFO zaino_chain_head_service::service: Syncing block, height: 4381946, hash: 0024d2101411a798b94e221b33958c83e7860e08609673323684f3b5ebd89650
1791660350.073974 runnervmmprz5 zainod-0.10.1[2778]:     at packages/zaino-chain-head-service/src/service.rs:478
1791660350.073974 runnervmmprz5 zainod-0.10.1[2778]:     in zaino_chain_head_service::service::ChainHeadService::tick
1791660350.083192 runnervmmprz5 zainod-0.10.1[2778]:   19:25:50.083  INFO zaino_chain_head_service::service: Syncing block, height: 4381947, hash: 00911e47acd3287ff969fff377fdca795b2928d23de8d1766ad484f7ef4f3ffd
1791660350.083192 runnervmmprz5 zainod-0.10.1[2778]:     at packages/zaino-chain-head-service/src/service.rs:478
1791660350.083192 runnervmmprz5 zainod-0.10.1[2778]:     in zaino_chain_head_service::service::ChainHeadService::tick
1791660350.084116 runnervmmprz5 zainod-0.10.1[2778]:   19:25:50.083  INFO zaino_chain_head_service::service: Syncing block, height: 4381948, hash: 007a3738fa21017868f7e08c96d1102cdc7b9021e3bd59e5d4d1e7984f132ff9
1791660350.084116 runnervmmprz5 zainod-0.10.1[2778]:     at packages/zaino-chain-head-service/src/service.rs:478
1791660350.084116 runnervmmprz5 zainod-0.10.1[2778]:     in zaino_chain_head_service::service::ChainHeadService::tick
1791660350.084449 runnervmmprz5 zainod-0.10.1[2778]:   19:25:50.084  INFO zaino_chain_head_service::service: Syncing block, height: 4381949, hash: 0023c2e3382c11e774d84aefa9db0e97b7141581101ba1fcb636a8872b875ff9
1791660350.084449 runnervmmprz5 zainod-0.10.1[2778]:     at packages/zaino-chain-head-service/src/service.rs:478
1791660350.084449 runnervmmprz5 zainod-0.10.1[2778]:     in zaino_chain_head_service::service::ChainHeadService::tick
1791660350.084833 runnervmmprz5 zainod-0.10.1[2778]:   19:25:50.084  INFO zaino_chain_head_service::service: Syncing block, height: 4381950, hash: 0066a875253781c995688a5f8c16e228fb4d135b3f7e7176bd35be4e5278242b
1791660350.084833 runnervmmprz5 zainod-0.10.1[2778]:     at packages/zaino-chain-head-service/src/service.rs:478
1791660350.084833 runnervmmprz5 zainod-0.10.1[2778]:     in zaino_chain_head_service::service::ChainHeadService::tick
1791660350.085559 runnervmmprz5 zainod-0.10.1[2778]:   19:25:50.085  INFO zaino_chain_head_service::service: Syncing block, height: 4381951, hash: 00004f2074207722c8fd46b5ef1d3ea02d9724e46558197ff12040b388db12ae
1791660350.085559 runnervmmprz5 zainod-0.10.1[2778]:     at packages/zaino-chain-head-service/src/service.rs:478
1791660350.085559 runnervmmprz5 zainod-0.10.1[2778]:     in zaino_chain_head_service::service::ChainHeadService::tick
1791660350.085857 runnervmmprz5 zainod-0.10.1[2778]:   19:25:50.085  INFO zaino_chain_head_service::service: Syncing block, height: 4381952, hash: 00007590685fc02aa45c153aaeeb48394033e7f53f78bcd9158bf682ab7efa88
1791660350.085857 runnervmmprz5 zainod-0.10.1[2778]:     at packages/zaino-chain-head-service/src/service.rs:478
1791660350.085857 runnervmmprz5 zainod-0.10.1[2778]:     in zaino_chain_head_service::service::ChainHeadService::tick
1791660350.086494 runnervmmprz5 zainod-0.10.1[2778]:   19:25:50.086  INFO zaino_chain_head_service::service: Syncing block, height: 4381953, hash: 00002314a9fd4a8505c35fc603bd49e4d1878f30076c6d6c00614df423436098
1791660350.086494 runnervmmprz5 zainod-0.10.1[2778]:     at packages/zaino-chain-head-service/src/service.rs:478
1791660350.086494 runnervmmprz5 zainod-0.10.1[2778]:     in zaino_chain_head_service::service::ChainHeadService::tick
1791660350.087204 runnervmmprz5 zainod-0.10.1[2778]:   19:25:50.087  INFO zaino_chain_head_service::service: Syncing block, height: 4381954, hash: 001a0757e31e0d22eee6814151cefdaaa3443314c8740b346c8986e2eceeebc4
1791660350.087204 runnervmmprz5 zainod-0.10.1[2778]:     at packages/zaino-chain-head-service/src/service.rs:478
1791660350.087204 runnervmmprz5 zainod-0.10.1[2778]:     in zaino_chain_head_service::service::ChainHeadService::tick
1791660350.087487 runnervmmprz5 zainod-0.10.1[2778]:   19:25:50.087  INFO zaino_chain_head_service::service: Syncing block, height: 4381955, hash: 0000650a985bafac5a0aab677e882cf0bbdc59f45003f179096f4d1314643afd
1791660350.087487 runnervmmprz5 zainod-0.10.1[2778]:     at packages/zaino-chain-head-service/src/service.rs:478
1791660350.087487 runnervmmprz5 zainod-0.10.1[2778]:     in zaino_chain_head_service::service::ChainHeadService::tick
1791660350.088076 runnervmmprz5 zainod-0.10.1[2778]:   19:25:50.088  INFO zaino_chain_head_service::service: Syncing block, height: 4381956, hash: 00012498ad767ce880e9a4f9fe49da82e5e29bbc19b79d3e6bd3346f187fa8ad
1791660350.088076 runnervmmprz5 zainod-0.10.1[2778]:     at packages/zaino-chain-head-service/src/service.rs:478
1791660350.088076 runnervmmprz5 zainod-0.10.1[2778]:     in zaino_chain_head_service::service::ChainHeadService::tick
1791660350.088446 runnervmmprz5 zainod-0.10.1[2778]:   19:25:50.088  INFO zaino_chain_head_service::service: Syncing block, height: 4381957, hash: 000022ef8a58af4567695d46445c9c572febc95c28ef15ce8017f2f33f19c947
1791660350.088446 runnervmmprz5 zainod-0.10.1[2778]:     at packages/zaino-chain-head-service/src/service.rs:478
1791660350.088446 runnervmmprz5 zainod-0.10.1[2778]:     in zaino_chain_head_service::service::ChainHeadService::tick
1791660350.089337 runnervmmprz5 zainod-0.10.1[2778]:   19:25:50.089  INFO zaino_chain_head_service::service: Syncing block, height: 4381958, hash: 00293de314fac83248191b51519be03e91db4112b7113fbecfc26625257e4716
1791660350.089337 runnervmmprz5 zainod-0.10.1[2778]:     at packages/zaino-chain-head-service/src/service.rs:478
1791660350.089337 runnervmmprz5 zainod-0.10.1[2778]:     in zaino_chain_head_service::service::ChainHeadService::tick
1791660350.090138 runnervmmprz5 zainod-0.10.1[2778]:   19:25:50.090  INFO zaino_chain_head_service::service: Syncing block, height: 4381959, hash: 00007eb0a0abf041ad2a015e553772da6a898fa1d5f08605f180bc9c9af265cf
1791660350.090138 runnervmmprz5 zainod-0.10.1[2778]:     at packages/zaino-chain-head-service/src/service.rs:478
1791660350.090138 runnervmmprz5 zainod-0.10.1[2778]:     in zaino_chain_head_service::service::ChainHeadService::tick
1791660350.090799 runnervmmprz5 zainod-0.10.1[2778]:   19:25:50.090  INFO zaino_chain_head_service::service: Syncing block, height: 4381960, hash: 00007663588b8446dcf616f9861cf708e22df7be5c430468b23894cd19452d5c
1791660350.090799 runnervmmprz5 zainod-0.10.1[2778]:     at packages/zaino-chain-head-service/src/service.rs:478
1791660350.090799 runnervmmprz5 zainod-0.10.1[2778]:     in zaino_chain_head_service::service::ChainHeadService::tick
1791660350.098822 runnervmmprz5 zainod-0.10.1[2778]:   19:25:50.098  INFO zaino_chain_head_service::service: Syncing block, height: 4381961, hash: 00005704ec6a9840ec08b38c925bb15c41fef5785df58648fbb3f3fe433b8568
1791660350.098822 runnervmmprz5 zainod-0.10.1[2778]:     at packages/zaino-chain-head-service/src/service.rs:478
1791660350.098822 runnervmmprz5 zainod-0.10.1[2778]:     in zaino_chain_head_service::service::ChainHeadService::tick
1791660350.099533 runnervmmprz5 zainod-0.10.1[2778]:   19:25:50.099  INFO zaino_chain_head_service::service: Syncing block, height: 4381962, hash: 000041ce4a7ffb45514951c3381074d43bf8007be3654f4f1b07f0b83ace6e49
1791660350.099533 runnervmmprz5 zainod-0.10.1[2778]:     at packages/zaino-chain-head-service/src/service.rs:478
1791660350.099533 runnervmmprz5 zainod-0.10.1[2778]:     in zaino_chain_head_service::service::ChainHeadService::tick
1791660350.100291 runnervmmprz5 zainod-0.10.1[2778]:   19:25:50.100  INFO zaino_chain_head_service::service: Syncing block, height: 4381963, hash: 00002e843b760ef2b353bc7f401c51e7cb40d97b223723a14c02984f48380c05
1791660350.100291 runnervmmprz5 zainod-0.10.1[2778]:     at packages/zaino-chain-head-service/src/service.rs:478
1791660350.100291 runnervmmprz5 zainod-0.10.1[2778]:     in zaino_chain_head_service::service::ChainHeadService::tick
1791660350.100766 runnervmmprz5 zainod-0.10.1[2778]:   19:25:50.100  INFO zaino_chain_head_service::service: Syncing block, height: 4381964, hash: 00005e55cca393dfc4ea35ebdb00358f14d945ebae144137885eeec4c02edae8
1791660350.100766 runnervmmprz5 zainod-0.10.1[2778]:     at packages/zaino-chain-head-service/src/service.rs:478
1791660350.100766 runnervmmprz5 zainod-0.10.1[2778]:     in zaino_chain_head_service::service::ChainHeadService::tick
1791660350.101300 runnervmmprz5 zainod-0.10.1[2778]:   19:25:50.101  INFO zaino_chain_head_service::service: Syncing block, height: 4381965, hash: 000060b53edde03494de4b7428eb3aa7823e225cc18102cb45c52e65f602516a
1791660350.101300 runnervmmprz5 zainod-0.10.1[2778]:     at packages/zaino-chain-head-service/src/service.rs:478
1791660350.101300 runnervmmprz5 zainod-0.10.1[2778]:     in zaino_chain_head_service::service::ChainHeadService::tick
1791660350.101668 runnervmmprz5 zainod-0.10.1[2778]:   19:25:50.101  INFO zaino_chain_head_service::service: Syncing block, height: 4381966, hash: 0000755687325a7d886982de65dfe8a65bb57e8cc7916b237368f34bb9ebc7c7
1791660350.101668 runnervmmprz5 zainod-0.10.1[2778]:     at packages/zaino-chain-head-service/src/service.rs:478
1791660350.101668 runnervmmprz5 zainod-0.10.1[2778]:     in zaino_chain_head_service::service::ChainHeadService::tick
1791660350.102064 runnervmmprz5 zainod-0.10.1[2778]:   19:25:50.102  INFO zaino_chain_head_service::service: Syncing block, height: 4381967, hash: 00000e12be1da2923afa461d5a239f57fe63cdd51509fadfef0354f65c3af069
1791660350.102064 runnervmmprz5 zainod-0.10.1[2778]:     at packages/zaino-chain-head-service/src/service.rs:478
1791660350.102064 runnervmmprz5 zainod-0.10.1[2778]:     in zaino_chain_head_service::service::ChainHeadService::tick
1791660350.107765 runnervmmprz5 zainod-0.10.1[2778]:   19:25:50.107  INFO zaino_chain_head_service::service: Syncing block, height: 4381968, hash: 000045d088e8df097cb62159badcb0f8114ad8b6bfa7c94fe3eede756ff15f4b
1791660350.107765 runnervmmprz5 zainod-0.10.1[2778]:     at packages/zaino-chain-head-service/src/service.rs:478
1791660350.107765 runnervmmprz5 zainod-0.10.1[2778]:     in zaino_chain_head_service::service::ChainHeadService::tick
1791660350.108237 runnervmmprz5 zainod-0.10.1[2778]:   19:25:50.108  INFO zaino_chain_head_service::service: Syncing block, height: 4381969, hash: 00000f2e5059ba8f8ff79bebf46964f44b90511181a53a6d453039387c775842
1791660350.108237 runnervmmprz5 zainod-0.10.1[2778]:     at packages/zaino-chain-head-service/src/service.rs:478
1791660350.108237 runnervmmprz5 zainod-0.10.1[2778]:     in zaino_chain_head_service::service::ChainHeadService::tick
1791660350.109539 runnervmmprz5 zainod-0.10.1[2778]:   19:25:50.109  INFO zaino_chain_head_service::service: Syncing block, height: 4381970, hash: 00001d66c4fb933e08d5929e644a99e47c24b217b333b0cd77be0ee26d71ba4c
1791660350.109539 runnervmmprz5 zainod-0.10.1[2778]:     at packages/zaino-chain-head-service/src/service.rs:478
1791660350.109539 runnervmmprz5 zainod-0.10.1[2778]:     in zaino_chain_head_service::service::ChainHeadService::tick
1791660350.110334 runnervmmprz5 zainod-0.10.1[2778]:   19:25:50.110  INFO zaino_chain_head_service::service: Syncing block, height: 4381971, hash: 0056134367a551b9329aa41083b3f56b84cfe332272ceabd5d079443eace3cb5
1791660350.110334 runnervmmprz5 zainod-0.10.1[2778]:     at packages/zaino-chain-head-service/src/service.rs:478
1791660350.110334 runnervmmprz5 zainod-0.10.1[2778]:     in zaino_chain_head_service::service::ChainHeadService::tick
1791660350.110787 runnervmmprz5 zainod-0.10.1[2778]:   19:25:50.110  INFO zaino_chain_head_service::service: Syncing block, height: 4381972, hash: 000023fda2f5ee3e27e7b38362c10fa9e37ef4e45a6cc110b7e627d9a02ccadf
1791660350.110787 runnervmmprz5 zainod-0.10.1[2778]:     at packages/zaino-chain-head-service/src/service.rs:478
1791660350.110787 runnervmmprz5 zainod-0.10.1[2778]:     in zaino_chain_head_service::service::ChainHeadService::tick
1791660350.111375 runnervmmprz5 zainod-0.10.1[2778]:   19:25:50.111  INFO zaino_chain_head_service::service: Syncing block, height: 4381973, hash: 000055ad8431de934bc2df3214f9c392ff8d7404b95ddc25e47a6525b4a1c9a4
1791660350.111375 runnervmmprz5 zainod-0.10.1[2778]:     at packages/zaino-chain-head-service/src/service.rs:478
1791660350.111375 runnervmmprz5 zainod-0.10.1[2778]:     in zaino_chain_head_service::service::ChainHeadService::tick
1791660350.111791 runnervmmprz5 zainod-0.10.1[2778]:   19:25:50.111  INFO zaino_chain_head_service::service: Syncing block, height: 4381974, hash: 00003911500063b1fd015bfb5881609b32843267714595a31715f0d709e1f133
1791660350.111791 runnervmmprz5 zainod-0.10.1[2778]:     at packages/zaino-chain-head-service/src/service.rs:478
1791660350.111791 runnervmmprz5 zainod-0.10.1[2778]:     in zaino_chain_head_service::service::ChainHeadService::tick
1791660350.112241 runnervmmprz5 zainod-0.10.1[2778]:   19:25:50.112  INFO zaino_chain_head_service::service: Syncing block, height: 4381975, hash: 00006a51c50a13b569239f724ad2ccc882ed4835ea1887a2ac923aec901f1b4e
1791660350.112241 runnervmmprz5 zainod-0.10.1[2778]:     at packages/zaino-chain-head-service/src/service.rs:478
1791660350.112241 runnervmmprz5 zainod-0.10.1[2778]:     in zaino_chain_head_service::service::ChainHeadService::tick
1791660350.113059 runnervmmprz5 zainod-0.10.1[2778]:   19:25:50.113  INFO zaino_chain_head_service::service: Syncing block, height: 4381976, hash: 00005ed10f9c6801ead18e0fa80ba05f641b5186c7ef3f05bf466df12863a5c8
1791660350.113059 runnervmmprz5 zainod-0.10.1[2778]:     at packages/zaino-chain-head-service/src/service.rs:478
1791660350.113059 runnervmmprz5 zainod-0.10.1[2778]:     in zaino_chain_head_service::service::ChainHeadService::tick
1791660350.113479 runnervmmprz5 zainod-0.10.1[2778]:   19:25:50.113  INFO zaino_chain_head_service::service: Syncing block, height: 4381977, hash: 00000fde049a8b97aa5133d68e0ea177e4a636c25649188de246868ae246d762
1791660350.113479 runnervmmprz5 zainod-0.10.1[2778]:     at packages/zaino-chain-head-service/src/service.rs:478
1791660350.113479 runnervmmprz5 zainod-0.10.1[2778]:     in zaino_chain_head_service::service::ChainHeadService::tick
1791660350.114084 runnervmmprz5 zainod-0.10.1[2778]:   19:25:50.114  INFO zaino_chain_head_service::service: Syncing block, height: 4381978, hash: 000079e9c2b7a5a0b77de8a2dfbf95a1944a6d6a46f94e4185a494f9d5faace3
1791660350.114084 runnervmmprz5 zainod-0.10.1[2778]:     at packages/zaino-chain-head-service/src/service.rs:478
1791660350.114084 runnervmmprz5 zainod-0.10.1[2778]:     in zaino_chain_head_service::service::ChainHeadService::tick
1791660350.120951 runnervmmprz5 zainod-0.10.1[2778]:   19:25:50.120  INFO zaino_chain_head_service::service: Syncing block, height: 4381979, hash: 000068e1e4284a5e6391c6ce31736058fb1d7f092e216ca7cf0724f3055647b8
1791660350.120951 runnervmmprz5 zainod-0.10.1[2778]:     at packages/zaino-chain-head-service/src/service.rs:478
1791660350.120951 runnervmmprz5 zainod-0.10.1[2778]:     in zaino_chain_head_service::service::ChainHeadService::tick
1791660350.121395 runnervmmprz5 zainod-0.10.1[2778]:   19:25:50.121  INFO zaino_chain_head_service::service: Syncing block, height: 4381980, hash: 0000632f3848f9ef9dd7920f3fa19bb52e0dec58baeae09c4d892fb5d0c52ef1
1791660350.121395 runnervmmprz5 zainod-0.10.1[2778]:     at packages/zaino-chain-head-service/src/service.rs:478
1791660350.121395 runnervmmprz5 zainod-0.10.1[2778]:     in zaino_chain_head_service::service::ChainHeadService::tick
1791660350.122342 runnervmmprz5 zainod-0.10.1[2778]:   19:25:50.122  INFO zaino_chain_head_service::service: Syncing block, height: 4381981, hash: 001d81797cb05099aa7a4de7cd9682b81b07cce1335c9ca91ea1ee161801b530
1791660350.122342 runnervmmprz5 zainod-0.10.1[2778]:     at packages/zaino-chain-head-service/src/service.rs:478
1791660350.122342 runnervmmprz5 zainod-0.10.1[2778]:     in zaino_chain_head_service::service::ChainHeadService::tick
1791660350.122774 runnervmmprz5 zainod-0.10.1[2778]:   19:25:50.122  INFO zaino_chain_head_service::service: Syncing block, height: 4381982, hash: 00001299f0dc5a807783d9b7b5e7a2fa0924e921690ef2331c607c56856ade98
1791660350.122774 runnervmmprz5 zainod-0.10.1[2778]:     at packages/zaino-chain-head-service/src/service.rs:478
1791660350.122774 runnervmmprz5 zainod-0.10.1[2778]:     in zaino_chain_head_service::service::ChainHeadService::tick
1791660350.123188 runnervmmprz5 zainod-0.10.1[2778]:   19:25:50.123  INFO zaino_chain_head_service::service: Syncing block, height: 4381983, hash: 001261eeaaf2be33adb472e8172d436a59eca2eb279fe00f23c0d48d7bcdd7d0
1791660350.123188 runnervmmprz5 zainod-0.10.1[2778]:     at packages/zaino-chain-head-service/src/service.rs:478
1791660350.123188 runnervmmprz5 zainod-0.10.1[2778]:     in zaino_chain_head_service::service::ChainHeadService::tick
1791660350.123721 runnervmmprz5 zainod-0.10.1[2778]:   19:25:50.123  INFO zaino_chain_head_service::service: Syncing block, height: 4381984, hash: 00001e36f6bdfd26c6605995a7b8bc8355013e36272ddef132f0638ff17136c4
1791660350.123721 runnervmmprz5 zainod-0.10.1[2778]:     at packages/zaino-chain-head-service/src/service.rs:478
1791660350.123721 runnervmmprz5 zainod-0.10.1[2778]:     in zaino_chain_head_service::service::ChainHeadService::tick
1791660350.124295 runnervmmprz5 zainod-0.10.1[2778]:   19:25:50.124  INFO zaino_chain_head_service::service: Syncing block, height: 4381985, hash: 000a7a25fa450e543746ebba0929edeff39c419a8863ae252c4ab0227a8ffb27
1791660350.124295 runnervmmprz5 zainod-0.10.1[2778]:     at packages/zaino-chain-head-service/src/service.rs:478
1791660350.124295 runnervmmprz5 zainod-0.10.1[2778]:     in zaino_chain_head_service::service::ChainHeadService::tick
1791660350.124995 runnervmmprz5 zainod-0.10.1[2778]:   19:25:50.124  INFO zaino_chain_head_service::service: Syncing block, height: 4381986, hash: 00003e0303d43ba73925d6eea43cc3ebc014c046ba6c5377f3ff1734118b6f51
1791660350.124995 runnervmmprz5 zainod-0.10.1[2778]:     at packages/zaino-chain-head-service/src/service.rs:478
1791660350.124995 runnervmmprz5 zainod-0.10.1[2778]:     in zaino_chain_head_service::service::ChainHeadService::tick
1791660350.125680 runnervmmprz5 zainod-0.10.1[2778]:   19:25:50.125  INFO zaino_chain_head_service::service: Syncing block, height: 4381987, hash: 00006a2186f50e37cc21750b7108da5a5e2856e61207b22a9c6d64713504581c
1791660350.125680 runnervmmprz5 zainod-0.10.1[2778]:     at packages/zaino-chain-head-service/src/service.rs:478
1791660350.125680 runnervmmprz5 zainod-0.10.1[2778]:     in zaino_chain_head_service::service::ChainHeadService::tick
1791660350.134392 runnervmmprz5 zainod-0.10.1[2778]:   19:25:50.134  INFO zaino_chain_head_service::service: Syncing block, height: 4381988, hash: 002bb5fcfa73272a4480477f2ce4452fa0183409d4765ece4b844f67cddd33f5
1791660350.134392 runnervmmprz5 zainod-0.10.1[2778]:     at packages/zaino-chain-head-service/src/service.rs:478
1791660350.134392 runnervmmprz5 zainod-0.10.1[2778]:     in zaino_chain_head_service::service::ChainHeadService::tick
1791660350.135109 runnervmmprz5 zainod-0.10.1[2778]:   19:25:50.135  INFO zaino_chain_head_service::service: Syncing block, height: 4381989, hash: 000077d4b0bc5fa8d6ecf86aa0811a3302fcd09187fcc9eea68d8c3e49607beb
1791660350.135109 runnervmmprz5 zainod-0.10.1[2778]:     at packages/zaino-chain-head-service/src/service.rs:478
1791660350.135109 runnervmmprz5 zainod-0.10.1[2778]:     in zaino_chain_head_service::service::ChainHeadService::tick
1791660350.135921 runnervmmprz5 zainod-0.10.1[2778]:   19:25:50.135  INFO zaino_chain_head_service::service: Syncing block, height: 4381990, hash: 0000690d898ed436963530cf81a3c71ae2cabb4de81b44183ce487b3921b5099
1791660350.135921 runnervmmprz5 zainod-0.10.1[2778]:     at packages/zaino-chain-head-service/src/service.rs:478
1791660350.135921 runnervmmprz5 zainod-0.10.1[2778]:     in zaino_chain_head_service::service::ChainHeadService::tick
1791660350.136778 runnervmmprz5 zainod-0.10.1[2778]:   19:25:50.136  INFO zaino_chain_head_service::service: Syncing block, height: 4381991, hash: 000ad374c29ff34f1526420cf8dc692c38fe8c4bb60c97d504fcca92d4724a4a
1791660350.136778 runnervmmprz5 zainod-0.10.1[2778]:     at packages/zaino-chain-head-service/src/service.rs:478
1791660350.136778 runnervmmprz5 zainod-0.10.1[2778]:     in zaino_chain_head_service::service::ChainHeadService::tick
1791660350.137293 runnervmmprz5 zainod-0.10.1[2778]:   19:25:50.137  INFO zaino_chain_head_service::service: Syncing block, height: 4381992, hash: 0000e9b111982547b1e1e0d955b83553435e1c0ec0f3c59e750e2a419e9a8184
1791660350.137293 runnervmmprz5 zainod-0.10.1[2778]:     at packages/zaino-chain-head-service/src/service.rs:478
1791660350.137293 runnervmmprz5 zainod-0.10.1[2778]:     in zaino_chain_head_service::service::ChainHeadService::tick
1791660350.138028 runnervmmprz5 zainod-0.10.1[2778]:   19:25:50.137  INFO zaino_chain_head_service::service: Syncing block, height: 4381993, hash: 000072b704d6f061c1adbc424c1f477b3cb90ff3c9247350816cbbb7726d1e33
1791660350.138028 runnervmmprz5 zainod-0.10.1[2778]:     at packages/zaino-chain-head-service/src/service.rs:478
1791660350.138028 runnervmmprz5 zainod-0.10.1[2778]:     in zaino_chain_head_service::service::ChainHeadService::tick
1791660350.138824 runnervmmprz5 zainod-0.10.1[2778]:   19:25:50.138  INFO zaino_chain_head_service::service: Syncing block, height: 4381994, hash: 0000302f7a3095989859116c517a69b9229cbbf40d619c69343f763255240fa7
1791660350.138824 runnervmmprz5 zainod-0.10.1[2778]:     at packages/zaino-chain-head-service/src/service.rs:478
1791660350.138824 runnervmmprz5 zainod-0.10.1[2778]:     in zaino_chain_head_service::service::ChainHeadService::tick
1791660350.139406 runnervmmprz5 zainod-0.10.1[2778]:   19:25:50.139  INFO zaino_chain_head_service::service: Syncing block, height: 4381995, hash: 00007659178c420272338b29dc734540296b03bb7267a7de3babf7dafe12e850
1791660350.139406 runnervmmprz5 zainod-0.10.1[2778]:     at packages/zaino-chain-head-service/src/service.rs:478
1791660350.139406 runnervmmprz5 zainod-0.10.1[2778]:     in zaino_chain_head_service::service::ChainHeadService::tick
1791660350.140359 runnervmmprz5 zainod-0.10.1[2778]:   19:25:50.140  INFO zaino_chain_head_service::service: Syncing block, height: 4381996, hash: 00004cb777938b72dee085bf27c76df686c80fb462359a9c036a274e6773c94f
1791660350.140359 runnervmmprz5 zainod-0.10.1[2778]:     at packages/zaino-chain-head-service/src/service.rs:478
1791660350.140359 runnervmmprz5 zainod-0.10.1[2778]:     in zaino_chain_head_service::service::ChainHeadService::tick
1791660350.140913 runnervmmprz5 zainod-0.10.1[2778]:   19:25:50.140  INFO zaino_chain_head_service::service: Syncing block, height: 4381997, hash: 00006b217397897ca3a0c51fd69bc108f916a57d3ad7b46c24b00c5bc1229b6c
1791660350.140913 runnervmmprz5 zainod-0.10.1[2778]:     at packages/zaino-chain-head-service/src/service.rs:478
1791660350.140913 runnervmmprz5 zainod-0.10.1[2778]:     in zaino_chain_head_service::service::ChainHeadService::tick
1791660350.141544 runnervmmprz5 zainod-0.10.1[2778]:   19:25:50.141  INFO zaino_chain_head_service::service: Syncing block, height: 4381998, hash: 0000718180af3a03d7f09394e1e2ecc58562239827483b333571b025983ff4ef
1791660350.141544 runnervmmprz5 zainod-0.10.1[2778]:     at packages/zaino-chain-head-service/src/service.rs:478
1791660350.141544 runnervmmprz5 zainod-0.10.1[2778]:     in zaino_chain_head_service::service::ChainHeadService::tick
1791660350.142690 runnervmmprz5 zainod-0.10.1[2778]:   19:25:50.142  INFO zaino_chain_head_service::service: Syncing block, height: 4381999, hash: 002d5f67080a29750ca496aaae2a7ee3ec41a59623d5244865321fd8e97505b4
1791660350.142690 runnervmmprz5 zainod-0.10.1[2778]:     at packages/zaino-chain-head-service/src/service.rs:478
1791660350.142690 runnervmmprz5 zainod-0.10.1[2778]:     in zaino_chain_head_service::service::ChainHeadService::tick
1791660350.144219 runnervmmprz5 zainod-0.10.1[2778]:   19:25:50.143  INFO zaino_chain_head_service::service: Syncing block, height: 4382000, hash: 00005d74e341bb4ca6ff149f57af555829081ad2522751f86bb7b7d36c7c15ee
1791660350.144219 runnervmmprz5 zainod-0.10.1[2778]:     at packages/zaino-chain-head-service/src/service.rs:478
1791660350.144219 runnervmmprz5 zainod-0.10.1[2778]:     in zaino_chain_head_service::service::ChainHeadService::tick
1791660350.144332 runnervmmprz5 zainod-0.10.1[2778]:   19:25:50.144  INFO zaino_chain_head_service::service: Syncing block, height: 4382001, hash: 000021c82b63e2d2b48f7ae3869b1f4575704088638e9e01b6d823954f3d47af
1791660350.144332 runnervmmprz5 zainod-0.10.1[2778]:     at packages/zaino-chain-head-service/src/service.rs:478
1791660350.144332 runnervmmprz5 zainod-0.10.1[2778]:     in zaino_chain_head_service::service::ChainHeadService::tick
1791660350.145360 runnervmmprz5 zainod-0.10.1[2778]:   19:25:50.145  INFO zaino_chain_head_service::service: Syncing block, height: 4382002, hash: 00201525057ca31ca72f550588032ee92dc7f738fd127c89f67421872e093cf8
1791660350.145360 runnervmmprz5 zainod-0.10.1[2778]:     at packages/zaino-chain-head-service/src/service.rs:478
1791660350.145360 runnervmmprz5 zainod-0.10.1[2778]:     in zaino_chain_head_service::service::ChainHeadService::tick
1791660350.145772 runnervmmprz5 zainod-0.10.1[2778]:   19:25:50.145  INFO zaino_chain_head_service::service: Syncing block, height: 4382003, hash: 000013fcb8ef6f21a72c1ade4ad136e15d5349d20c5500c56108bf7bdd83478c
1791660350.145772 runnervmmprz5 zainod-0.10.1[2778]:     at packages/zaino-chain-head-service/src/service.rs:478
1791660350.145772 runnervmmprz5 zainod-0.10.1[2778]:     in zaino_chain_head_service::service::ChainHeadService::tick
1791660350.152351 runnervmmprz5 zainod-0.10.1[2778]:   19:25:50.152  INFO zaino_chain_head_service::service: Syncing block, height: 4382004, hash: 00007b39a5ea6ec38b8eb3a8d701cd1c56c1074adc1926c5a4abca7683351e7a
1791660350.152351 runnervmmprz5 zainod-0.10.1[2778]:     at packages/zaino-chain-head-service/src/service.rs:478
1791660350.152351 runnervmmprz5 zainod-0.10.1[2778]:     in zaino_chain_head_service::service::ChainHeadService::tick
1791660350.153100 runnervmmprz5 zainod-0.10.1[2778]:   19:25:50.153  INFO zaino_chain_head_service::service: Syncing block, height: 4382005, hash: 00004f2957d034fed7a89dbf73015e536370a9e66884a35bb32a9dbd9b0e7dc7
1791660350.153100 runnervmmprz5 zainod-0.10.1[2778]:     at packages/zaino-chain-head-service/src/service.rs:478
1791660350.153100 runnervmmprz5 zainod-0.10.1[2778]:     in zaino_chain_head_service::service::ChainHeadService::tick
1791660350.153763 runnervmmprz5 zainod-0.10.1[2778]:   19:25:50.153  INFO zaino_chain_head_service::service: Syncing block, height: 4382006, hash: 0000182ef7007173f2425c9338135ffdc135c3438dd2c90890edb6154c314b2a
1791660350.153763 runnervmmprz5 zainod-0.10.1[2778]:     at packages/zaino-chain-head-service/src/service.rs:478
1791660350.153763 runnervmmprz5 zainod-0.10.1[2778]:     in zaino_chain_head_service::service::ChainHeadService::tick
1791660350.154832 runnervmmprz5 zainod-0.10.1[2778]:   19:25:50.154  INFO zaino_chain_head_service::service: Syncing block, height: 4382007, hash: 0000036715e8ece06793cf1f390d67d2f5ec22c5353e5d2c610dcbfde7195824
1791660350.154832 runnervmmprz5 zainod-0.10.1[2778]:     at packages/zaino-chain-head-service/src/service.rs:478
1791660350.154832 runnervmmprz5 zainod-0.10.1[2778]:     in zaino_chain_head_service::service::ChainHeadService::tick
1791660350.156403 runnervmmprz5 zainod-0.10.1[2778]:   19:25:50.156  INFO zaino_chain_head_service::service: Syncing block, height: 4382008, hash: 00005f9fac8d0eb8b72a9f1fbc9d1d0d7958c5981ffc115e388da9e4a374aeca
1791660350.156403 runnervmmprz5 zainod-0.10.1[2778]:     at packages/zaino-chain-head-service/src/service.rs:478
1791660350.156403 runnervmmprz5 zainod-0.10.1[2778]:     in zaino_chain_head_service::service::ChainHeadService::tick
1791660350.157196 runnervmmprz5 zainod-0.10.1[2778]:   19:25:50.157  INFO zaino_chain_head_service::service: Syncing block, height: 4382009, hash: 00005e36c91642c04c3334e594786526f71a75ff4f8002e4be6ec535bb15a4c6
1791660350.157196 runnervmmprz5 zainod-0.10.1[2778]:     at packages/zaino-chain-head-service/src/service.rs:478
1791660350.157196 runnervmmprz5 zainod-0.10.1[2778]:     in zaino_chain_head_service::service::ChainHeadService::tick
1791660350.158403 runnervmmprz5 zainod-0.10.1[2778]:   19:25:50.157  INFO zaino_chain_head_service::service: Syncing block, height: 4382010, hash: 00006e50513c1e480670165459fe68dc7f320234388cbf8664e9241935594830
1791660350.158403 runnervmmprz5 zainod-0.10.1[2778]:     at packages/zaino-chain-head-service/src/service.rs:478
1791660350.158403 runnervmmprz5 zainod-0.10.1[2778]:     in zaino_chain_head_service::service::ChainHeadService::tick
1791660350.158568 runnervmmprz5 zainod-0.10.1[2778]:   19:25:50.158  INFO zaino_chain_head_service::service: Syncing block, height: 4382011, hash: 000071b2d341cc18e4d6afe641cbeebb6cf7a8aa4ee8aecf05fbbf552a237fb7
1791660350.158568 runnervmmprz5 zainod-0.10.1[2778]:     at packages/zaino-chain-head-service/src/service.rs:478
1791660350.158568 runnervmmprz5 zainod-0.10.1[2778]:     in zaino_chain_head_service::service::ChainHeadService::tick
1791660350.159293 runnervmmprz5 zainod-0.10.1[2778]:   19:25:50.159  INFO zaino_chain_head_service::service: Syncing block, height: 4382012, hash: 001513ed1415c73e29b6832d5fb08584aeea49a1a01e7ec892f60dc0e0b105b4
1791660350.159293 runnervmmprz5 zainod-0.10.1[2778]:     at packages/zaino-chain-head-service/src/service.rs:478
1791660350.159293 runnervmmprz5 zainod-0.10.1[2778]:     in zaino_chain_head_service::service::ChainHeadService::tick
1791660350.159699 runnervmmprz5 zainod-0.10.1[2778]:   19:25:50.159  INFO zaino_chain_head_service::service: Syncing block, height: 4382013, hash: 000010738154982e69f28fbe8d0d05f8f2095fcd9ab4a81f88bd7f100e2b4d69
1791660350.159699 runnervmmprz5 zainod-0.10.1[2778]:     at packages/zaino-chain-head-service/src/service.rs:478
1791660350.159699 runnervmmprz5 zainod-0.10.1[2778]:     in zaino_chain_head_service::service::ChainHeadService::tick
1791660350.166745 runnervmmprz5 zainod-0.10.1[2778]:   19:25:50.166  INFO zaino_chain_head_service::service: Syncing block, height: 4382014, hash: 00002e2aaf27f38837350c7e2f9b697e15d855a575b262f923c936a43e6a9f88
1791660350.166745 runnervmmprz5 zainod-0.10.1[2778]:     at packages/zaino-chain-head-service/src/service.rs:478
1791660350.166745 runnervmmprz5 zainod-0.10.1[2778]:     in zaino_chain_head_service::service::ChainHeadService::tick
1791660350.168072 runnervmmprz5 zainod-0.10.1[2778]:   19:25:50.167  INFO zaino_chain_head_service::service: Syncing block, height: 4382015, hash: 0000274f0f784a6c71b163b329d6219346d039535e6ebf5c0b1e5d5eff043762
1791660350.168072 runnervmmprz5 zainod-0.10.1[2778]:     at packages/zaino-chain-head-service/src/service.rs:478
1791660350.168072 runnervmmprz5 zainod-0.10.1[2778]:     in zaino_chain_head_service::service::ChainHeadService::tick
1791660350.168072 runnervmmprz5 zainod-0.10.1[2778]:   19:25:50.167  INFO zaino_chain_head_service::service: Syncing block, height: 4382016, hash: 0000517e5baa159b7a4dfc70697a4019f9599836819459cf4373af918ead79d1
1791660350.168072 runnervmmprz5 zainod-0.10.1[2778]:     at packages/zaino-chain-head-service/src/service.rs:478
1791660350.168072 runnervmmprz5 zainod-0.10.1[2778]:     in zaino_chain_head_service::service::ChainHeadService::tick
1791660350.169240 runnervmmprz5 zainod-0.10.1[2778]:   19:25:50.168  INFO zaino_chain_head_service::service: Syncing block, height: 4382017, hash: 001e85d82366208412f2034da94ac401c954202dee2da9f65bb6383b4d2d613b
1791660350.169240 runnervmmprz5 zainod-0.10.1[2778]:     at packages/zaino-chain-head-service/src/service.rs:478
1791660350.169240 runnervmmprz5 zainod-0.10.1[2778]:     in zaino_chain_head_service::service::ChainHeadService::tick
1791660350.169397 runnervmmprz5 zainod-0.10.1[2778]:   19:25:50.169  INFO zaino_chain_head_service::service: Syncing block, height: 4382018, hash: 00001186249d8e18756c4f0dc5fcde877e7ee52062c3ec163f296c18351f5017
1791660350.169397 runnervmmprz5 zainod-0.10.1[2778]:     at packages/zaino-chain-head-service/src/service.rs:478
1791660350.169397 runnervmmprz5 zainod-0.10.1[2778]:     in zaino_chain_head_service::service::ChainHeadService::tick
1791660350.170150 runnervmmprz5 zainod-0.10.1[2778]:   19:25:50.170  INFO zaino_chain_head_service::service: Syncing block, height: 4382019, hash: 0000296ebadd0c0c491a38a142f6f9a418a0e35302178c7ca4b8c13bc0b7e74f
1791660350.170150 runnervmmprz5 zainod-0.10.1[2778]:     at packages/zaino-chain-head-service/src/service.rs:478
1791660350.170150 runnervmmprz5 zainod-0.10.1[2778]:     in zaino_chain_head_service::service::ChainHeadService::tick
1791660350.171085 runnervmmprz5 zainod-0.10.1[2778]:   19:25:50.171  INFO zaino_chain_head_service::service: Syncing block, height: 4382020, hash: 000056ef5ec7e0cefd4fb1e1bad40697bcf47be706da955d5927dc55299b1481
1791660350.171085 runnervmmprz5 zainod-0.10.1[2778]:     at packages/zaino-chain-head-service/src/service.rs:478
1791660350.171085 runnervmmprz5 zainod-0.10.1[2778]:     in zaino_chain_head_service::service::ChainHeadService::tick
1791660350.171752 runnervmmprz5 zainod-0.10.1[2778]:   19:25:50.171  INFO zaino_chain_head_service::service: Syncing block, height: 4382021, hash: 00007cad927b41c3ae557e1f3ad21856345b1c9ecef75d700baa9f6695926f4b
1791660350.171752 runnervmmprz5 zainod-0.10.1[2778]:     at packages/zaino-chain-head-service/src/service.rs:478
1791660350.171752 runnervmmprz5 zainod-0.10.1[2778]:     in zaino_chain_head_service::service::ChainHeadService::tick
1791660350.172113 runnervmmprz5 zainod-0.10.1[2778]:   19:25:50.172  INFO zaino_chain_head_service::service: Syncing block, height: 4382022, hash: 0000562f1edbd30d595a34d5571173bc02e9e7ce5b88736993ead2af894fb2db
1791660350.172113 runnervmmprz5 zainod-0.10.1[2778]:     at packages/zaino-chain-head-service/src/service.rs:478
1791660350.172113 runnervmmprz5 zainod-0.10.1[2778]:     in zaino_chain_head_service::service::ChainHeadService::tick
1791660350.179713 runnervmmprz5 zainod-0.10.1[2778]:   19:25:50.179  INFO zaino_chain_head_service::service: Syncing block, height: 4382023, hash: 00006995b7896533975dfe89168e116e2265feb221291159c38328d704ca8ece
1791660350.179713 runnervmmprz5 zainod-0.10.1[2778]:     at packages/zaino-chain-head-service/src/service.rs:478
1791660350.179713 runnervmmprz5 zainod-0.10.1[2778]:     in zaino_chain_head_service::service::ChainHeadService::tick
1791660350.180303 runnervmmprz5 zainod-0.10.1[2778]:   19:25:50.180  INFO zaino_chain_head_service::service: Syncing block, height: 4382024, hash: 000022e8425b043251a1c54ef50ddb5f8140367ecaa5132160dc4a77a5ba32e6
1791660350.180303 runnervmmprz5 zainod-0.10.1[2778]:     at packages/zaino-chain-head-service/src/service.rs:478
1791660350.180303 runnervmmprz5 zainod-0.10.1[2778]:     in zaino_chain_head_service::service::ChainHeadService::tick
1791660350.180849 runnervmmprz5 zainod-0.10.1[2778]:   19:25:50.180  INFO zaino_chain_head_service::service: Syncing block, height: 4382025, hash: 0000647510f2a7feb1fb7c4faa8cd6765a810153d08d6908c30145b0d254704c
1791660350.180849 runnervmmprz5 zainod-0.10.1[2778]:     at packages/zaino-chain-head-service/src/service.rs:478
1791660350.180849 runnervmmprz5 zainod-0.10.1[2778]:     in zaino_chain_head_service::service::ChainHeadService::tick
1791660350.181379 runnervmmprz5 zainod-0.10.1[2778]:   19:25:50.181  INFO zaino_chain_head_service::service: Syncing block, height: 4382026, hash: 0000422c03dd233adc330f5985b7130dc50732f6605f376663b206b988110160
1791660350.181379 runnervmmprz5 zainod-0.10.1[2778]:     at packages/zaino-chain-head-service/src/service.rs:478
1791660350.181379 runnervmmprz5 zainod-0.10.1[2778]:     in zaino_chain_head_service::service::ChainHeadService::tick
1791660350.181806 runnervmmprz5 zainod-0.10.1[2778]:   19:25:50.181  INFO zaino_chain_head_service::service: Syncing block, height: 4382027, hash: 0000439468baa368a45055d3b532025480d302d7bb74dfca7b9c72f3bf0a81c1
1791660350.181806 runnervmmprz5 zainod-0.10.1[2778]:     at packages/zaino-chain-head-service/src/service.rs:478
1791660350.181806 runnervmmprz5 zainod-0.10.1[2778]:     in zaino_chain_head_service::service::ChainHeadService::tick
1791660350.182219 runnervmmprz5 zainod-0.10.1[2778]:   19:25:50.182  INFO zaino_chain_head_service::service: Syncing block, height: 4382028, hash: 000011a8ad654b8b950ac1b2331eb1aaa1e1eb5a03f248ff7a250b4570ec8688
1791660350.182219 runnervmmprz5 zainod-0.10.1[2778]:     at packages/zaino-chain-head-service/src/service.rs:478
1791660350.182219 runnervmmprz5 zainod-0.10.1[2778]:     in zaino_chain_head_service::service::ChainHeadService::tick
1791660350.183228 runnervmmprz5 zainod-0.10.1[2778]:   19:25:50.182  INFO zaino_chain_head_service::service: Syncing block, height: 4382029, hash: 000034e962554f6916f04b01dd33b3295f5f268e93f89a5d721e7ef8204aac83
1791660350.183228 runnervmmprz5 zainod-0.10.1[2778]:     at packages/zaino-chain-head-service/src/service.rs:478
1791660350.183228 runnervmmprz5 zainod-0.10.1[2778]:     in zaino_chain_head_service::service::ChainHeadService::tick
1791660350.183874 runnervmmprz5 zainod-0.10.1[2778]:   19:25:50.183  INFO zaino_chain_head_service::service: Syncing block, height: 4382030, hash: 00007d8ee4d36c74cabef580493e9aaf4f3203b793d2d4ec11e8e89b476e0c18
1791660350.183874 runnervmmprz5 zainod-0.10.1[2778]:     at packages/zaino-chain-head-service/src/service.rs:478
1791660350.183874 runnervmmprz5 zainod-0.10.1[2778]:     in zaino_chain_head_service::service::ChainHeadService::tick
1791660350.184394 runnervmmprz5 zainod-0.10.1[2778]:   19:25:50.184  INFO zaino_chain_head_service::service: Syncing block, height: 4382031, hash: 000064b8807fbb759fec5af73c12a92b5b2fc8c47972ab99195a9f055eab3942
1791660350.184394 runnervmmprz5 zainod-0.10.1[2778]:     at packages/zaino-chain-head-service/src/service.rs:478
1791660350.184394 runnervmmprz5 zainod-0.10.1[2778]:     in zaino_chain_head_service::service::ChainHeadService::tick
1791660350.185067 runnervmmprz5 zainod-0.10.1[2778]:   19:25:50.185  INFO zaino_chain_head_service::service: Syncing block, height: 4382032, hash: 00007a33604142e5c8a6e63651957185cefea115ab30cb7210081e9091c9ad81
1791660350.185067 runnervmmprz5 zainod-0.10.1[2778]:     at packages/zaino-chain-head-service/src/service.rs:478
1791660350.185067 runnervmmprz5 zainod-0.10.1[2778]:     in zaino_chain_head_service::service::ChainHeadService::tick
1791660350.185757 runnervmmprz5 zainod-0.10.1[2778]:   19:25:50.185  INFO zaino_chain_head_service::service: Syncing block, height: 4382033, hash: 000077978bbef4d482e1cc76f2c4a74a02de048cfc5611f870cf12ff57135df4
1791660350.185757 runnervmmprz5 zainod-0.10.1[2778]:     at packages/zaino-chain-head-service/src/service.rs:478
1791660350.185757 runnervmmprz5 zainod-0.10.1[2778]:     in zaino_chain_head_service::service::ChainHeadService::tick
1791660350.186896 runnervmmprz5 zainod-0.10.1[2778]:   19:25:50.186  INFO zaino_chain_head_service::service: Syncing block, height: 4382034, hash: 00007daa167182eeda352fc8851d9d1c94ad27fc17107b95abc6ceb55de65088
1791660350.186896 runnervmmprz5 zainod-0.10.1[2778]:     at packages/zaino-chain-head-service/src/service.rs:478
1791660350.186896 runnervmmprz5 zainod-0.10.1[2778]:     in zaino_chain_head_service::service::ChainHeadService::tick
1791660350.187708 runnervmmprz5 zainod-0.10.1[2778]:   19:25:50.187  INFO zaino_chain_head_service::service: Syncing block, height: 4382035, hash: 00004a225584f9093feb87c53462520bb51acf42a6d625f4f2c9d7af83f72316
1791660350.187708 runnervmmprz5 zainod-0.10.1[2778]:     at packages/zaino-chain-head-service/src/service.rs:478
1791660350.187708 runnervmmprz5 zainod-0.10.1[2778]:     in zaino_chain_head_service::service::ChainHeadService::tick
1791660350.196439 runnervmmprz5 zainod-0.10.1[2778]:   19:25:50.196  INFO zaino_chain_head_service::service: Syncing block, height: 4382036, hash: 00002e46099292cbfdcf750e0c3b83b0dfcad9c3675f53b809385a2992beaab4
1791660350.196439 runnervmmprz5 zainod-0.10.1[2778]:     at packages/zaino-chain-head-service/src/service.rs:478
1791660350.196439 runnervmmprz5 zainod-0.10.1[2778]:     in zaino_chain_head_service::service::ChainHeadService::tick
1791660350.196900 runnervmmprz5 zainod-0.10.1[2778]:   19:25:50.196  INFO zaino_chain_head_service::service: Syncing block, height: 4382037, hash: 0000369e41c5504bc52418a06b5b59501332d63cbd13f600cb91be7b72ac245f
1791660350.196900 runnervmmprz5 zainod-0.10.1[2778]:     at packages/zaino-chain-head-service/src/service.rs:478
1791660350.196900 runnervmmprz5 zainod-0.10.1[2778]:     in zaino_chain_head_service::service::ChainHeadService::tick
1791660350.197974 runnervmmprz5 zainod-0.10.1[2778]:   19:25:50.197  INFO zaino_chain_head_service::service: Syncing block, height: 4382038, hash: 00006378c04bd25aa68111d54f926cfb4a2234427f870eeedc670715231bd4ea
1791660350.197974 runnervmmprz5 zainod-0.10.1[2778]:     at packages/zaino-chain-head-service/src/service.rs:478
1791660350.197974 runnervmmprz5 zainod-0.10.1[2778]:     in zaino_chain_head_service::service::ChainHeadService::tick
1791660350.198134 runnervmmprz5 zainod-0.10.1[2778]:   19:25:50.198  INFO zaino_chain_head_service::service: Syncing block, height: 4382039, hash: 00006171b8042d439912479861633464270c70733016779d8a06d88f909bb5a9
1791660350.198134 runnervmmprz5 zainod-0.10.1[2778]:     at packages/zaino-chain-head-service/src/service.rs:478
1791660350.198134 runnervmmprz5 zainod-0.10.1[2778]:     in zaino_chain_head_service::service::ChainHeadService::tick
1791660350.198584 runnervmmprz5 zainod-0.10.1[2778]:   19:25:50.198  INFO zaino_chain_head_service::service: Syncing block, height: 4382040, hash: 0000260b59df60c3e3bfe4cf4233f6e31f82e77179b193bbbce8d292ac03071f
1791660350.198584 runnervmmprz5 zainod-0.10.1[2778]:     at packages/zaino-chain-head-service/src/service.rs:478
1791660350.198584 runnervmmprz5 zainod-0.10.1[2778]:     in zaino_chain_head_service::service::ChainHeadService::tick
1791660350.199200 runnervmmprz5 zainod-0.10.1[2778]:   19:25:50.199  INFO zaino_chain_head_service::service: Syncing block, height: 4382041, hash: 000030e11ac7c712c3ca3741dcf860bb57c0f33913ac43eeaa42a3afb8a6d056
1791660350.199200 runnervmmprz5 zainod-0.10.1[2778]:     at packages/zaino-chain-head-service/src/service.rs:478
1791660350.199200 runnervmmprz5 zainod-0.10.1[2778]:     in zaino_chain_head_service::service::ChainHeadService::tick
1791660350.199647 runnervmmprz5 zainod-0.10.1[2778]:   19:25:50.199  INFO zaino_chain_head_service::service: Syncing block, height: 4382042, hash: 000039b3fad8ff2f5f8419e6e7d2ace6d95a76163fa2d9634b295f6780ec1e0d
1791660350.199647 runnervmmprz5 zainod-0.10.1[2778]:     at packages/zaino-chain-head-service/src/service.rs:478
1791660350.199647 runnervmmprz5 zainod-0.10.1[2778]:     in zaino_chain_head_service::service::ChainHeadService::tick
1791660350.200163 runnervmmprz5 zainod-0.10.1[2778]:   19:25:50.200  INFO zaino_chain_head_service::service: Syncing block, height: 4382043, hash: 00000744dadc00dae10950a8174c65b97c681eec938dcf5c1af80802fdf6d0f1
1791660350.200163 runnervmmprz5 zainod-0.10.1[2778]:     at packages/zaino-chain-head-service/src/service.rs:478
1791660350.200163 runnervmmprz5 zainod-0.10.1[2778]:     in zaino_chain_head_service::service::ChainHeadService::tick
1791660350.202921 runnervmmprz5 zainod-0.10.1[2778]:   19:25:50.200  INFO zaino_chain_head_service::service: Syncing block, height: 4382044, hash: 0000316c7d28fe9b14cab37c3d7a6e39504caa46b651cf1ec1d4581de81d284e
1791660350.202921 runnervmmprz5 zainod-0.10.1[2778]:     at packages/zaino-chain-head-service/src/service.rs:478
1791660350.202921 runnervmmprz5 zainod-0.10.1[2778]:     in zaino_chain_head_service::service::ChainHeadService::tick
1791660350.202921 runnervmmprz5 zainod-0.10.1[2778]:   19:25:50.202  INFO zaino_chain_head_service::service: Syncing block, height: 4382045, hash: 000015a3163a9b2faa7b30c8a8daad27e443376f519908a1b432f0dda38bbf0c
1791660350.202921 runnervmmprz5 zainod-0.10.1[2778]:     at packages/zaino-chain-head-service/src/service.rs:478
1791660350.202921 runnervmmprz5 zainod-0.10.1[2778]:     in zaino_chain_head_service::service::ChainHeadService::tick
1791660350.202921 runnervmmprz5 zainod-0.10.1[2778]:   19:25:50.202  INFO zaino_chain_head_service::service: Syncing block, height: 4382046, hash: 000020b60d2808c2a174ed81cd7dcc176e60596f1ab56a6250d69f26be232428
1791660350.202921 runnervmmprz5 zainod-0.10.1[2778]:     at packages/zaino-chain-head-service/src/service.rs:478
1791660350.202921 runnervmmprz5 zainod-0.10.1[2778]:     in zaino_chain_head_service::service::ChainHeadService::tick
1791660350.204062 runnervmmprz5 zainod-0.10.1[2778]:   19:25:50.204  INFO zaino_chain_head_service::service: Syncing block, height: 4382047, hash: 000056f836155bf74e300f0b82cf6fb3bbf435a29b23a357a8f0666d4d215ec5
1791660350.204062 runnervmmprz5 zainod-0.10.1[2778]:     at packages/zaino-chain-head-service/src/service.rs:478
1791660350.204062 runnervmmprz5 zainod-0.10.1[2778]:     in zaino_chain_head_service::service::ChainHeadService::tick
1791660350.213597 runnervmmprz5 zainod-0.10.1[2778]:   19:25:50.213  INFO zaino_chain_head_service::service: Syncing block, height: 4382048, hash: 00001892175b71279dedd512f9c0f38e8eb79be0ff6eb95c2e5427d7b7a2d167
1791660350.213597 runnervmmprz5 zainod-0.10.1[2778]:     at packages/zaino-chain-head-service/src/service.rs:478
1791660350.213597 runnervmmprz5 zainod-0.10.1[2778]:     in zaino_chain_head_service::service::ChainHeadService::tick
1791660350.214286 runnervmmprz5 zainod-0.10.1[2778]:   19:25:50.214  INFO zaino_chain_head_service::service: Syncing block, height: 4382049, hash: 00058baf6f4a24b48b3a345f57877c06523614ee354799abf3f8605a82b0e1e4
1791660350.214286 runnervmmprz5 zainod-0.10.1[2778]:     at packages/zaino-chain-head-service/src/service.rs:478
1791660350.214286 runnervmmprz5 zainod-0.10.1[2778]:     in zaino_chain_head_service::service::ChainHeadService::tick
1791660350.214872 runnervmmprz5 zainod-0.10.1[2778]:   19:25:50.214  INFO zaino_chain_head_service::service: Syncing block, height: 4382050, hash: 000003b9b0570ed64b9c4072d716534b59a9cf49f633c91e0f4bb4d5b66c5f17
1791660350.214872 runnervmmprz5 zainod-0.10.1[2778]:     at packages/zaino-chain-head-service/src/service.rs:478
1791660350.214872 runnervmmprz5 zainod-0.10.1[2778]:     in zaino_chain_head_service::service::ChainHeadService::tick
1791660350.217309 runnervmmprz5 zainod-0.10.1[2778]:   19:25:50.217  INFO zaino_chain_head_service::service: Syncing block, height: 4382051, hash: 0011f0e9d43fce89142f134e0849f2ba5f5397b25a35efb19ba90d2c14a65775
1791660350.217309 runnervmmprz5 zainod-0.10.1[2778]:     at packages/zaino-chain-head-service/src/service.rs:478
1791660350.217309 runnervmmprz5 zainod-0.10.1[2778]:     in zaino_chain_head_service::service::ChainHeadService::tick
1791660350.217684 runnervmmprz5 zainod-0.10.1[2778]:   19:25:50.217  INFO zaino_chain_head_service::service: Syncing block, height: 4382052, hash: 00003de0c67baa86e8c68d13ee43193fff0055dd74490986a1dd69d04d3d730b
1791660350.217684 runnervmmprz5 zainod-0.10.1[2778]:     at packages/zaino-chain-head-service/src/service.rs:478
1791660350.217684 runnervmmprz5 zainod-0.10.1[2778]:     in zaino_chain_head_service::service::ChainHeadService::tick
1791660350.218854 runnervmmprz5 zainod-0.10.1[2778]:   19:25:50.218  INFO zaino_chain_head_service::service: Syncing block, height: 4382053, hash: 00005477e6de974e1cac44c411d52a020b22d76b7cf248d18de9b01c0ed8a6bc
1791660350.218854 runnervmmprz5 zainod-0.10.1[2778]:     at packages/zaino-chain-head-service/src/service.rs:478
1791660350.218854 runnervmmprz5 zainod-0.10.1[2778]:     in zaino_chain_head_service::service::ChainHeadService::tick
1791660350.220142 runnervmmprz5 zainod-0.10.1[2778]:   19:25:50.220  INFO zaino_chain_head_service::service: Syncing block, height: 4382054, hash: 000061fd497e5061e4c1456562bcb5db727d020b014df2058ecf24b9cb269f04
1791660350.220142 runnervmmprz5 zainod-0.10.1[2778]:     at packages/zaino-chain-head-service/src/service.rs:478
1791660350.220142 runnervmmprz5 zainod-0.10.1[2778]:     in zaino_chain_head_service::service::ChainHeadService::tick
1791660350.228664 runnervmmprz5 zainod-0.10.1[2778]:   19:25:50.228  INFO zaino_chain_head_service::service: Syncing block, height: 4382055, hash: 0000272226858821025273ab098264b8d814d809c52a342c2abd3b4b6023693c
1791660350.228664 runnervmmprz5 zainod-0.10.1[2778]:     at packages/zaino-chain-head-service/src/service.rs:478
1791660350.228664 runnervmmprz5 zainod-0.10.1[2778]:     in zaino_chain_head_service::service::ChainHeadService::tick
1791660350.229463 runnervmmprz5 zainod-0.10.1[2778]:   19:25:50.229  INFO zaino_chain_head_service::service: Syncing block, height: 4382056, hash: 00003604f5f62840c435abe79bc49142c648a87f6189ff56edf5be3cf8d1e951
1791660350.229463 runnervmmprz5 zainod-0.10.1[2778]:     at packages/zaino-chain-head-service/src/service.rs:478
1791660350.229463 runnervmmprz5 zainod-0.10.1[2778]:     in zaino_chain_head_service::service::ChainHeadService::tick
1791660350.231432 runnervmmprz5 zainod-0.10.1[2778]:   19:25:50.230  INFO zaino_chain_head_service::service: Syncing block, height: 4382057, hash: 00002222f8a2ff3c55b1f807354cf5d22afad9e2a0efcc5db3e4a1924ba47759
1791660350.231432 runnervmmprz5 zainod-0.10.1[2778]:     at packages/zaino-chain-head-service/src/service.rs:478
1791660350.231432 runnervmmprz5 zainod-0.10.1[2778]:     in zaino_chain_head_service::service::ChainHeadService::tick
1791660350.231432 runnervmmprz5 zainod-0.10.1[2778]:   19:25:50.231  INFO zaino_chain_head_service::service: Syncing block, height: 4382058, hash: 000026c15ef41cd12f7109ea2055f391c8c5b524c28462aeef824bc79c4dafde
1791660350.231432 runnervmmprz5 zainod-0.10.1[2778]:     at packages/zaino-chain-head-service/src/service.rs:478
1791660350.231432 runnervmmprz5 zainod-0.10.1[2778]:     in zaino_chain_head_service::service::ChainHeadService::tick
1791660350.232986 runnervmmprz5 zainod-0.10.1[2778]:   19:25:50.231  INFO zaino_chain_head_service::service: Syncing block, height: 4382059, hash: 000054d129d0a4449872ae46cd2d627f60f07aafb380b863e07a1edeede5a3c1
1791660350.232986 runnervmmprz5 zainod-0.10.1[2778]:     at packages/zaino-chain-head-service/src/service.rs:478
1791660350.232986 runnervmmprz5 zainod-0.10.1[2778]:     in zaino_chain_head_service::service::ChainHeadService::tick
1791660350.232986 runnervmmprz5 zainod-0.10.1[2778]:   19:25:50.232  INFO zaino_chain_head_service::service: Syncing block, height: 4382060, hash: 0000464f6db9241a60e0646f2ff46881811d1e00ee2d84ae97ac29a6925e962e
1791660350.232986 runnervmmprz5 zainod-0.10.1[2778]:     at packages/zaino-chain-head-service/src/service.rs:478
1791660350.232986 runnervmmprz5 zainod-0.10.1[2778]:     in zaino_chain_head_service::service::ChainHeadService::tick
1791660350.232986 runnervmmprz5 zainod-0.10.1[2778]:   19:25:50.232  INFO zaino_chain_head_service::service: Syncing block, height: 4382061, hash: 0000462dfef43f6128e8c0d54ac4cc961cf39a826840cd7cd4e2524681dad69c
1791660350.232986 runnervmmprz5 zainod-0.10.1[2778]:     at packages/zaino-chain-head-service/src/service.rs:478
1791660350.232986 runnervmmprz5 zainod-0.10.1[2778]:     in zaino_chain_head_service::service::ChainHeadService::tick
1791660350.234822 runnervmmprz5 zainod-0.10.1[2778]:   19:25:50.233  INFO zaino_chain_head_service::service: Syncing block, height: 4382062, hash: 000003cdde54883f1426e0ebf4db0897f117845fc48dff1c7a45dfbcd81388a0
1791660350.234822 runnervmmprz5 zainod-0.10.1[2778]:     at packages/zaino-chain-head-service/src/service.rs:478
1791660350.234822 runnervmmprz5 zainod-0.10.1[2778]:     in zaino_chain_head_service::service::ChainHeadService::tick
1791660350.234822 runnervmmprz5 zainod-0.10.1[2778]:   19:25:50.234  INFO zaino_chain_head_service::service: Syncing block, height: 4382063, hash: 00004ab69cd553deeed4987c660a5e710e270e0f08d2175ba897faf1a2194f08
1791660350.234822 runnervmmprz5 zainod-0.10.1[2778]:     at packages/zaino-chain-head-service/src/service.rs:478
1791660350.234822 runnervmmprz5 zainod-0.10.1[2778]:     in zaino_chain_head_service::service::ChainHeadService::tick
1791660350.241539 runnervmmprz5 zainod-0.10.1[2778]:   19:25:50.241  INFO zaino_chain_head_service::service: Syncing block, height: 4382064, hash: 00001936c67d2d9cd331daf7c387aa87a9dd7aaf2442ec12622e16257e76c718
1791660350.241539 runnervmmprz5 zainod-0.10.1[2778]:     at packages/zaino-chain-head-service/src/service.rs:478
1791660350.241539 runnervmmprz5 zainod-0.10.1[2778]:     in zaino_chain_head_service::service::ChainHeadService::tick
1791660350.242318 runnervmmprz5 zainod-0.10.1[2778]:   19:25:50.242  INFO zaino_chain_head_service::service: Syncing block, height: 4382065, hash: 0000244cecd9b529e3f102ffaf659ed881c974a8f70e125d86fae0f8577e9b06
1791660350.242318 runnervmmprz5 zainod-0.10.1[2778]:     at packages/zaino-chain-head-service/src/service.rs:478
1791660350.242318 runnervmmprz5 zainod-0.10.1[2778]:     in zaino_chain_head_service::service::ChainHeadService::tick
1791660350.243084 runnervmmprz5 zainod-0.10.1[2778]:   19:25:50.243  INFO zaino_chain_head_service::service: Syncing block, height: 4382066, hash: 0000654f21a35e5fc4caa2dc3616256bd1190ce154f8353233f02c224ad2abc6
1791660350.243084 runnervmmprz5 zainod-0.10.1[2778]:     at packages/zaino-chain-head-service/src/service.rs:478
1791660350.243084 runnervmmprz5 zainod-0.10.1[2778]:     in zaino_chain_head_service::service::ChainHeadService::tick
1791660350.243700 runnervmmprz5 zainod-0.10.1[2778]:   19:25:50.243  INFO zaino_chain_head_service::service: Syncing block, height: 4382067, hash: 000029f758a75cfd76ba38e7708b0dba9195a12808d434ee3f9cecb6ec02e398
1791660350.243700 runnervmmprz5 zainod-0.10.1[2778]:     at packages/zaino-chain-head-service/src/service.rs:478
1791660350.243700 runnervmmprz5 zainod-0.10.1[2778]:     in zaino_chain_head_service::service::ChainHeadService::tick
1791660350.244115 runnervmmprz5 zainod-0.10.1[2778]:   19:25:50.244  INFO zaino_chain_head_service::service: Syncing block, height: 4382068, hash: 00000333c2aa7c0ba44b39841dd2cd93eebe9d76e7e3ceaea470bde251d60bb0
1791660350.244115 runnervmmprz5 zainod-0.10.1[2778]:     at packages/zaino-chain-head-service/src/service.rs:478
1791660350.244115 runnervmmprz5 zainod-0.10.1[2778]:     in zaino_chain_head_service::service::ChainHeadService::tick
1791660350.244696 runnervmmprz5 zainod-0.10.1[2778]:   19:25:50.244  INFO zaino_chain_head_service::service: Syncing block, height: 4382069, hash: 00039b0c45dcfd605e881b522c765488b3010d115d8522eb6d1f22d854ec7c53
1791660350.244696 runnervmmprz5 zainod-0.10.1[2778]:     at packages/zaino-chain-head-service/src/service.rs:478
1791660350.244696 runnervmmprz5 zainod-0.10.1[2778]:     in zaino_chain_head_service::service::ChainHeadService::tick
1791660350.246055 runnervmmprz5 zainod-0.10.1[2778]:   19:25:50.246  INFO zaino_chain_head_service::service: Syncing block, height: 4382070, hash: 00004d4c959a2756cf7f2f0e54071d33c267724012e6591ebc7faddc5a148d35
1791660350.246055 runnervmmprz5 zainod-0.10.1[2778]:     at packages/zaino-chain-head-service/src/service.rs:478
1791660350.246055 runnervmmprz5 zainod-0.10.1[2778]:     in zaino_chain_head_service::service::ChainHeadService::tick
1791660350.246458 runnervmmprz5 zainod-0.10.1[2778]:   19:25:50.246  INFO zaino_chain_head_service::service: Syncing block, height: 4382071, hash: 000046f3fd02965ab1d78ec9b10d5242cadeac1945bf3646b56d153366087c6f
1791660350.246458 runnervmmprz5 zainod-0.10.1[2778]:     at packages/zaino-chain-head-service/src/service.rs:478
1791660350.246458 runnervmmprz5 zainod-0.10.1[2778]:     in zaino_chain_head_service::service::ChainHeadService::tick
1791660350.247716 runnervmmprz5 zainod-0.10.1[2778]:   19:25:50.247  INFO zaino_chain_head_service::service: Syncing block, height: 4382072, hash: 00006ba383215378cffbc458549ae299deb0dbafe6a022eb774edf5826d0f1e6
1791660350.247716 runnervmmprz5 zainod-0.10.1[2778]:     at packages/zaino-chain-head-service/src/service.rs:478
1791660350.247716 runnervmmprz5 zainod-0.10.1[2778]:     in zaino_chain_head_service::service::ChainHeadService::tick
1791660350.248662 runnervmmprz5 zainod-0.10.1[2778]:   19:25:50.248  INFO zaino_chain_head_service::service: Syncing block, height: 4382073, hash: 00005f06142a38192c343502bb14efb7fee97d6ea9e5e4bccf633de7960521b2
1791660350.248662 runnervmmprz5 zainod-0.10.1[2778]:     at packages/zaino-chain-head-service/src/service.rs:478
1791660350.248662 runnervmmprz5 zainod-0.10.1[2778]:     in zaino_chain_head_service::service::ChainHeadService::tick
1791660350.249053 runnervmmprz5 zainod-0.10.1[2778]:   19:25:50.249  INFO zaino_chain_head_service::service: Syncing block, height: 4382074, hash: 00003f3e5dd890aa338333f303ba92d088c4597eb10bc80c74864652f4953da9
1791660350.249053 runnervmmprz5 zainod-0.10.1[2778]:     at packages/zaino-chain-head-service/src/service.rs:478
1791660350.249053 runnervmmprz5 zainod-0.10.1[2778]:     in zaino_chain_head_service::service::ChainHeadService::tick
1791660350.258300 runnervmmprz5 zainod-0.10.1[2778]:   19:25:50.258  INFO zaino_chain_head_service::service: Syncing block, height: 4382075, hash: 000079973f5af5fbd85615fc9770e2a24546c7c55c9cbee2fa15403d65561c4b
1791660350.258300 runnervmmprz5 zainod-0.10.1[2778]:     at packages/zaino-chain-head-service/src/service.rs:478
1791660350.258300 runnervmmprz5 zainod-0.10.1[2778]:     in zaino_chain_head_service::service::ChainHeadService::tick
1791660350.258584 runnervmmprz5 zainod-0.10.1[2778]:   19:25:50.258  INFO zaino_chain_head_service::service: Syncing block, height: 4382076, hash: 0000253dd2118bd3e9d1cc3e596e5619a5d57b7db0cece07714d9a047ce446fd
1791660350.258584 runnervmmprz5 zainod-0.10.1[2778]:     at packages/zaino-chain-head-service/src/service.rs:478
1791660350.258584 runnervmmprz5 zainod-0.10.1[2778]:     in zaino_chain_head_service::service::ChainHeadService::tick
1791660350.259151 runnervmmprz5 zainod-0.10.1[2778]:   19:25:50.258  INFO zaino_chain_head_service::service: Syncing block, height: 4382077, hash: 0000314530b8ed7f45d7589306e32140fae8d0e2448d381421e25a0bb2d75a67
1791660350.259151 runnervmmprz5 zainod-0.10.1[2778]:     at packages/zaino-chain-head-service/src/service.rs:478
1791660350.259151 runnervmmprz5 zainod-0.10.1[2778]:     in zaino_chain_head_service::service::ChainHeadService::tick
1791660350.259965 runnervmmprz5 zainod-0.10.1[2778]:   19:25:50.259  INFO zaino_chain_head_service::service: Syncing block, height: 4382078, hash: 0006d2654af444f3fced36b9d86ffdb7d8b417cbe4dc63150fa2790ebefdfa09
1791660350.259965 runnervmmprz5 zainod-0.10.1[2778]:     at packages/zaino-chain-head-service/src/service.rs:478
1791660350.259965 runnervmmprz5 zainod-0.10.1[2778]:     in zaino_chain_head_service::service::ChainHeadService::tick
1791660350.261303 runnervmmprz5 zainod-0.10.1[2778]:   19:25:50.261  INFO zaino_chain_head_service::service: Syncing block, height: 4382079, hash: 00006e0e78717656feaeb01ba3e5de1639de4be239cf1e66c2f50ffd321d7e24
1791660350.261303 runnervmmprz5 zainod-0.10.1[2778]:     at packages/zaino-chain-head-service/src/service.rs:478
1791660350.261303 runnervmmprz5 zainod-0.10.1[2778]:     in zaino_chain_head_service::service::ChainHeadService::tick
1791660350.261725 runnervmmprz5 zainod-0.10.1[2778]:   19:25:50.261  INFO zaino_chain_head_service::service: Syncing block, height: 4382080, hash: 00000e2529b69d32cc7b1f9bc2211401ec5662c0d94f5ab75040a414dd4389c8
1791660350.261725 runnervmmprz5 zainod-0.10.1[2778]:     at packages/zaino-chain-head-service/src/service.rs:478
1791660350.261725 runnervmmprz5 zainod-0.10.1[2778]:     in zaino_chain_head_service::service::ChainHeadService::tick
1791660350.262403 runnervmmprz5 zainod-0.10.1[2778]:   19:25:50.262  INFO zaino_chain_head_service::service: Syncing block, height: 4382081, hash: 0000311c1a0d4428f9300860c5ffcffab746abab243d3eb6617b4eb4face1471
1791660350.262403 runnervmmprz5 zainod-0.10.1[2778]:     at packages/zaino-chain-head-service/src/service.rs:478
1791660350.262403 runnervmmprz5 zainod-0.10.1[2778]:     in zaino_chain_head_service::service::ChainHeadService::tick
1791660350.263431 runnervmmprz5 zainod-0.10.1[2778]:   19:25:50.263  INFO zaino_chain_head_service::service: Syncing block, height: 4382082, hash: 0002beb686a10a78bdebc1d040a3640c6592462269a98febd241b0e3fa34e48f
1791660350.263431 runnervmmprz5 zainod-0.10.1[2778]:     at packages/zaino-chain-head-service/src/service.rs:478
1791660350.263431 runnervmmprz5 zainod-0.10.1[2778]:     in zaino_chain_head_service::service::ChainHeadService::tick
1791660350.269865 runnervmmprz5 zainod-0.10.1[2778]:   19:25:50.269  INFO zaino_chain_head_service::service: Syncing block, height: 4382083, hash: 000058cccde23a1a1cb0ddde3488e03802861d341ee517d5af743e8672f7f050
1791660350.269865 runnervmmprz5 zainod-0.10.1[2778]:     at packages/zaino-chain-head-service/src/service.rs:478
1791660350.269865 runnervmmprz5 zainod-0.10.1[2778]:     in zaino_chain_head_service::service::ChainHeadService::tick
1791660350.270857 runnervmmprz5 zainod-0.10.1[2778]:   19:25:50.270  INFO zaino_chain_head_service::service: Syncing block, height: 4382084, hash: 00039d957455a8335001d14c0aca41f6f4f20d103e38382bdc2abd87119d8bee
1791660350.270857 runnervmmprz5 zainod-0.10.1[2778]:     at packages/zaino-chain-head-service/src/service.rs:478
1791660350.270857 runnervmmprz5 zainod-0.10.1[2778]:     in zaino_chain_head_service::service::ChainHeadService::tick
1791660350.271704 runnervmmprz5 zainod-0.10.1[2778]:   19:25:50.271  INFO zaino_chain_head_service::service: Syncing block, height: 4382085, hash: 00002ccceae01305c3240c262c5c12f2f98915527f0ec3c18ae513a88e3903d6
1791660350.271704 runnervmmprz5 zainod-0.10.1[2778]:     at packages/zaino-chain-head-service/src/service.rs:478
1791660350.271704 runnervmmprz5 zainod-0.10.1[2778]:     in zaino_chain_head_service::service::ChainHeadService::tick
1791660350.272273 runnervmmprz5 zainod-0.10.1[2778]:   19:25:50.272  INFO zaino_chain_head_service::service: Syncing block, height: 4382086, hash: 00001d72f6df9dd2b0fd9b107a91cd12b532bf4ca9bfbcc5e84f8fda714fd4fc
1791660350.272273 runnervmmprz5 zainod-0.10.1[2778]:     at packages/zaino-chain-head-service/src/service.rs:478
1791660350.272273 runnervmmprz5 zainod-0.10.1[2778]:     in zaino_chain_head_service::service::ChainHeadService::tick
1791660350.273113 runnervmmprz5 zainod-0.10.1[2778]:   19:25:50.273  INFO zaino_chain_head_service::service: Syncing block, height: 4382087, hash: 0000306cfe7c54c9eb8cc72eccd3570057a6c958dc5f53580c270719d87e6bc3
1791660350.273113 runnervmmprz5 zainod-0.10.1[2778]:     at packages/zaino-chain-head-service/src/service.rs:478
1791660350.273113 runnervmmprz5 zainod-0.10.1[2778]:     in zaino_chain_head_service::service::ChainHeadService::tick
1791660350.273572 runnervmmprz5 zainod-0.10.1[2778]:   19:25:50.273  INFO zaino_chain_head_service::service: Syncing block, height: 4382088, hash: 0000566a1658c62f469f7ac48d1593c8cbf261f63525c6db05c51456ea3c9b45
1791660350.273572 runnervmmprz5 zainod-0.10.1[2778]:     at packages/zaino-chain-head-service/src/service.rs:478
1791660350.273572 runnervmmprz5 zainod-0.10.1[2778]:     in zaino_chain_head_service::service::ChainHeadService::tick
1791660350.273951 runnervmmprz5 zainod-0.10.1[2778]:   19:25:50.273  INFO zaino_chain_head_service::service: Syncing block, height: 4382089, hash: 00004ca67ca558ec34fd73994da6fe84c5ac7512fe7f962769bb494462ab00e1
1791660350.273951 runnervmmprz5 zainod-0.10.1[2778]:     at packages/zaino-chain-head-service/src/service.rs:478
1791660350.273951 runnervmmprz5 zainod-0.10.1[2778]:     in zaino_chain_head_service::service::ChainHeadService::tick
1791660350.274334 runnervmmprz5 zainod-0.10.1[2778]:   19:25:50.274  INFO zaino_chain_head_service::service: Syncing block, height: 4382090, hash: 0000793085e4001e0b1acccdae3002d0d590ce3ec22ad6e35f9a2a5bf3f66377
1791660350.274334 runnervmmprz5 zainod-0.10.1[2778]:     at packages/zaino-chain-head-service/src/service.rs:478
1791660350.274334 runnervmmprz5 zainod-0.10.1[2778]:     in zaino_chain_head_service::service::ChainHeadService::tick
1791660350.274744 runnervmmprz5 zainod-0.10.1[2778]:   19:25:50.274  INFO zaino_chain_head_service::service: Syncing block, height: 4382091, hash: 00007e6bd75f51309dff4dd2f1dca832e8030135e94a6a9faba60715df0440af
1791660350.274744 runnervmmprz5 zainod-0.10.1[2778]:     at packages/zaino-chain-head-service/src/service.rs:478
1791660350.274744 runnervmmprz5 zainod-0.10.1[2778]:     in zaino_chain_head_service::service::ChainHeadService::tick
1791660350.275182 runnervmmprz5 zainod-0.10.1[2778]:   19:25:50.275  INFO zaino_chain_head_service::service: Syncing block, height: 4382092, hash: 0000097bdd9348615f3d66a18ca0cd6f61076965519d469c8e35748910cd4d7d
1791660350.275182 runnervmmprz5 zainod-0.10.1[2778]:     at packages/zaino-chain-head-service/src/service.rs:478
1791660350.275182 runnervmmprz5 zainod-0.10.1[2778]:     in zaino_chain_head_service::service::ChainHeadService::tick
1791660350.276047 runnervmmprz5 zainod-0.10.1[2778]:   19:25:50.275  INFO zaino_chain_head_service::service: Syncing block, height: 4382093, hash: 00000f116c78b8d143c35b29c593d332ead6f42610fa8df54ff107e8d9988fd7
1791660350.276047 runnervmmprz5 zainod-0.10.1[2778]:     at packages/zaino-chain-head-service/src/service.rs:478
1791660350.276047 runnervmmprz5 zainod-0.10.1[2778]:     in zaino_chain_head_service::service::ChainHeadService::tick
1791660350.277159 runnervmmprz5 zainod-0.10.1[2778]:   19:25:50.277  INFO zaino_chain_head_service::service: Syncing block, height: 4382094, hash: 000023ab85ae9f089fbe4fe8eb1ccbe2228a55f7f66a433f959a8138bc35372e
1791660350.277159 runnervmmprz5 zainod-0.10.1[2778]:     at packages/zaino-chain-head-service/src/service.rs:478
1791660350.277159 runnervmmprz5 zainod-0.10.1[2778]:     in zaino_chain_head_service::service::ChainHeadService::tick
1791660350.285364 runnervmmprz5 zainod-0.10.1[2778]:   19:25:50.285  INFO zaino_chain_head_service::service: Syncing block, height: 4382095, hash: 00004f202a5b88474238d84e9b783d996823da6937ebb36436b6c8f4ff469d2a
1791660350.285364 runnervmmprz5 zainod-0.10.1[2778]:     at packages/zaino-chain-head-service/src/service.rs:478
1791660350.285364 runnervmmprz5 zainod-0.10.1[2778]:     in zaino_chain_head_service::service::ChainHeadService::tick
1791660350.286417 runnervmmprz5 zainod-0.10.1[2778]:   19:25:50.286  INFO zaino_chain_head_service::service: Syncing block, height: 4382096, hash: 00001f72a1ad669337120bbb01cd4f18536ca8eb634a0aedb1b98cac4ffdb998
1791660350.286417 runnervmmprz5 zainod-0.10.1[2778]:     at packages/zaino-chain-head-service/src/service.rs:478
1791660350.286417 runnervmmprz5 zainod-0.10.1[2778]:     in zaino_chain_head_service::service::ChainHeadService::tick
1791660350.287402 runnervmmprz5 zainod-0.10.1[2778]:   19:25:50.287  INFO zaino_chain_head_service::service: Syncing block, height: 4382097, hash: 00006e8b85d4c575c2cc853e668c88b7985ef9bdda4152efe4b20f1997714762
1791660350.287402 runnervmmprz5 zainod-0.10.1[2778]:     at packages/zaino-chain-head-service/src/service.rs:478
1791660350.287402 runnervmmprz5 zainod-0.10.1[2778]:     in zaino_chain_head_service::service::ChainHeadService::tick
1791660350.288406 runnervmmprz5 zainod-0.10.1[2778]:   19:25:50.288  INFO zaino_chain_head_service::service: Syncing block, height: 4382098, hash: 00004451e023eb85aa712838f1237945947501afdbece2e29410b0d5c13b9144
1791660350.288406 runnervmmprz5 zainod-0.10.1[2778]:     at packages/zaino-chain-head-service/src/service.rs:478
1791660350.288406 runnervmmprz5 zainod-0.10.1[2778]:     in zaino_chain_head_service::service::ChainHeadService::tick
1791660350.289034 runnervmmprz5 zainod-0.10.1[2778]:   19:25:50.288  INFO zaino_chain_head_service::service: Syncing block, height: 4382099, hash: 000033ff7859809852794fa03057e7d0039637d6b0f092454bb9181b8e0a91cc
1791660350.289034 runnervmmprz5 zainod-0.10.1[2778]:     at packages/zaino-chain-head-service/src/service.rs:478
1791660350.289034 runnervmmprz5 zainod-0.10.1[2778]:     in zaino_chain_head_service::service::ChainHeadService::tick
1791660350.290039 runnervmmprz5 zainod-0.10.1[2778]:   19:25:50.290  INFO zaino_chain_head_service::service: Syncing block, height: 4382100, hash: 00005c0ca736baf8e7bcc991e383a771a0ec485fbecd47e0e091fe947cf1a156
1791660350.290039 runnervmmprz5 zainod-0.10.1[2778]:     at packages/zaino-chain-head-service/src/service.rs:478
1791660350.290039 runnervmmprz5 zainod-0.10.1[2778]:     in zaino_chain_head_service::service::ChainHeadService::tick
1791660350.290818 runnervmmprz5 zainod-0.10.1[2778]:   19:25:50.290  INFO zaino_chain_head_service::service: Syncing block, height: 4382101, hash: 0000594ee0d7a7af44a5368e9fdd9c6aa142a1e62dc6f106f74634e82b122ca2
1791660350.290818 runnervmmprz5 zainod-0.10.1[2778]:     at packages/zaino-chain-head-service/src/service.rs:478
1791660350.290818 runnervmmprz5 zainod-0.10.1[2778]:     in zaino_chain_head_service::service::ChainHeadService::tick
1791660350.292009 runnervmmprz5 zainod-0.10.1[2778]:   19:25:50.291  INFO zaino_chain_head_service::service: Syncing block, height: 4382102, hash: 00004fc1210f546a24c170be8ed2dbb6117e618be4cd230497650d619235688c
1791660350.292009 runnervmmprz5 zainod-0.10.1[2778]:     at packages/zaino-chain-head-service/src/service.rs:478
1791660350.292009 runnervmmprz5 zainod-0.10.1[2778]:     in zaino_chain_head_service::service::ChainHeadService::tick
1791660350.293678 runnervmmprz5 zainod-0.10.1[2778]:   19:25:50.293  INFO zaino_chain_head_service::service: Syncing block, height: 4382103, hash: 00001d41c5a1e0dc657f1339a6cc82bcb8b55d535cc0317913c247771782dfa8
1791660350.293678 runnervmmprz5 zainod-0.10.1[2778]:     at packages/zaino-chain-head-service/src/service.rs:478
1791660350.293678 runnervmmprz5 zainod-0.10.1[2778]:     in zaino_chain_head_service::service::ChainHeadService::tick
1791660350.294101 runnervmmprz5 zainod-0.10.1[2778]:   19:25:50.294  INFO zaino_chain_head_service::service: Syncing block, height: 4382104, hash: 00004141affe145381c35661934d2cdb5f0b4d6aba007e5263a3ebbe88fb6b75
1791660350.294101 runnervmmprz5 zainod-0.10.1[2778]:     at packages/zaino-chain-head-service/src/service.rs:478
1791660350.294101 runnervmmprz5 zainod-0.10.1[2778]:     in zaino_chain_head_service::service::ChainHeadService::tick
1791660350.294589 runnervmmprz5 zainod-0.10.1[2778]:   19:25:50.294  INFO zaino_chain_head_service::service: Syncing block, height: 4382105, hash: 00007c7e65921f7b133395ace1577d59a335d711f498ea06f4ad746708712890
1791660350.294589 runnervmmprz5 zainod-0.10.1[2778]:     at packages/zaino-chain-head-service/src/service.rs:478
1791660350.294589 runnervmmprz5 zainod-0.10.1[2778]:     in zaino_chain_head_service::service::ChainHeadService::tick
1791660350.300926 runnervmmprz5 zainod-0.10.1[2778]:   19:25:50.300  INFO zaino_chain_head_service::service: Syncing block, height: 4382106, hash: 0000106c13d68237ec83a8e4b1d8cffa5de1dec7ec76df163625927663d58387
1791660350.300926 runnervmmprz5 zainod-0.10.1[2778]:     at packages/zaino-chain-head-service/src/service.rs:478
1791660350.300926 runnervmmprz5 zainod-0.10.1[2778]:     in zaino_chain_head_service::service::ChainHeadService::tick
1791660350.301620 runnervmmprz5 zainod-0.10.1[2778]:   19:25:50.301  INFO zaino_chain_head_service::service: Syncing block, height: 4382107, hash: 00002437d40ebdbfb70d5e975b006fbfded224a7b90762ed2cd02cca7ac73f32
1791660350.301620 runnervmmprz5 zainod-0.10.1[2778]:     at packages/zaino-chain-head-service/src/service.rs:478
1791660350.301620 runnervmmprz5 zainod-0.10.1[2778]:     in zaino_chain_head_service::service::ChainHeadService::tick
1791660350.302249 runnervmmprz5 zainod-0.10.1[2778]:   19:25:50.302  INFO zaino_chain_head_service::service: Syncing block, height: 4382108, hash: 000079d1a968f8d6d90aebb8e8866527d5ff02d8ba7c6eac37fee1aa2d7e1fc9
1791660350.302249 runnervmmprz5 zainod-0.10.1[2778]:     at packages/zaino-chain-head-service/src/service.rs:478
1791660350.302249 runnervmmprz5 zainod-0.10.1[2778]:     in zaino_chain_head_service::service::ChainHeadService::tick
1791660350.302729 runnervmmprz5 zainod-0.10.1[2778]:   19:25:50.302  INFO zaino_chain_head_service::service: Syncing block, height: 4382109, hash: 00000caa2acfbfb5d8ff66c6262003489310056609d3fe106c8d70331888e580
1791660350.302729 runnervmmprz5 zainod-0.10.1[2778]:     at packages/zaino-chain-head-service/src/service.rs:478
1791660350.302729 runnervmmprz5 zainod-0.10.1[2778]:     in zaino_chain_head_service::service::ChainHeadService::tick
1791660350.304016 runnervmmprz5 zainod-0.10.1[2778]:   19:25:50.303  INFO zaino_chain_head_service::service: Syncing block, height: 4382110, hash: 00006509ac488c42e972abd1978b3ac5c2995aa183b8e4cd61041a0f05a8f4b7
1791660350.304016 runnervmmprz5 zainod-0.10.1[2778]:     at packages/zaino-chain-head-service/src/service.rs:478
1791660350.304016 runnervmmprz5 zainod-0.10.1[2778]:     in zaino_chain_head_service::service::ChainHeadService::tick
1791660350.305029 runnervmmprz5 zainod-0.10.1[2778]:   19:25:50.305  INFO zaino_chain_head_service::service: Syncing block, height: 4382111, hash: 00003f090496e0409c7c1e5d81ed070e3122725f28d2e2076ea97d2695b08ac2
1791660350.305029 runnervmmprz5 zainod-0.10.1[2778]:     at packages/zaino-chain-head-service/src/service.rs:478
1791660350.305029 runnervmmprz5 zainod-0.10.1[2778]:     in zaino_chain_head_service::service::ChainHeadService::tick
1791660350.305461 runnervmmprz5 zainod-0.10.1[2778]:   19:25:50.305  INFO zaino_chain_head_service::service: Syncing block, height: 4382112, hash: 0000764dd2827d8d6ec711d15f93482159c3ce8ed9c7b5271b841f6ea80e65fa
1791660350.305461 runnervmmprz5 zainod-0.10.1[2778]:     at packages/zaino-chain-head-service/src/service.rs:478
1791660350.305461 runnervmmprz5 zainod-0.10.1[2778]:     in zaino_chain_head_service::service::ChainHeadService::tick
1791660350.306176 runnervmmprz5 zainod-0.10.1[2778]:   19:25:50.306  INFO zaino_chain_head_service::service: Syncing block, height: 4382113, hash: 0000570f084474800a37852b8d5a7dba1cdb1c9d8ac912ae089030ab779a4f31
1791660350.306176 runnervmmprz5 zainod-0.10.1[2778]:     at packages/zaino-chain-head-service/src/service.rs:478
1791660350.306176 runnervmmprz5 zainod-0.10.1[2778]:     in zaino_chain_head_service::service::ChainHeadService::tick
1791660350.306754 runnervmmprz5 zainod-0.10.1[2778]:   19:25:50.306  INFO zaino_chain_head_service::service: Syncing block, height: 4382114, hash: 0000626e666f9fdef56a7571b3df795e66cec890283275a9fff3d3d06c6bc7bf
1791660350.306754 runnervmmprz5 zainod-0.10.1[2778]:     at packages/zaino-chain-head-service/src/service.rs:478
1791660350.306754 runnervmmprz5 zainod-0.10.1[2778]:     in zaino_chain_head_service::service::ChainHeadService::tick
1791660350.307284 runnervmmprz5 zainod-0.10.1[2778]:   19:25:50.307  INFO zaino_chain_head_service::service: Syncing block, height: 4382115, hash: 000069b68b983edec4de804c5e81ef93da01f92e583f9211648d55d38cebcbce
1791660350.307284 runnervmmprz5 zainod-0.10.1[2778]:     at packages/zaino-chain-head-service/src/service.rs:478
1791660350.307284 runnervmmprz5 zainod-0.10.1[2778]:     in zaino_chain_head_service::service::ChainHeadService::tick
1791660350.307806 runnervmmprz5 zainod-0.10.1[2778]:   19:25:50.307  INFO zaino_chain_head_service::service: Syncing block, height: 4382116, hash: 000002e4de3e7f24d218890305d725dbc437d8b1a41a84c964e3634da31566ec
1791660350.307806 runnervmmprz5 zainod-0.10.1[2778]:     at packages/zaino-chain-head-service/src/service.rs:478
1791660350.307806 runnervmmprz5 zainod-0.10.1[2778]:     in zaino_chain_head_service::service::ChainHeadService::tick
1791660350.308485 runnervmmprz5 zainod-0.10.1[2778]:   19:25:50.308  INFO zaino_chain_head_service::service: Syncing block, height: 4382117, hash: 000021445b0d4cb7733b8d3284a2166f2a0f85a29fb8c6ae5136124ae2dd38a1
1791660350.308485 runnervmmprz5 zainod-0.10.1[2778]:     at packages/zaino-chain-head-service/src/service.rs:478
1791660350.308485 runnervmmprz5 zainod-0.10.1[2778]:     in zaino_chain_head_service::service::ChainHeadService::tick
1791660350.309012 runnervmmprz5 zainod-0.10.1[2778]:   19:25:50.308  INFO zaino_chain_head_service::service: Syncing block, height: 4382118, hash: 0000196bb458d6b8b3116f5105275fc98ef3d1c24bbfb8edfa4042063bb85cf2
1791660350.309012 runnervmmprz5 zainod-0.10.1[2778]:     at packages/zaino-chain-head-service/src/service.rs:478
1791660350.309012 runnervmmprz5 zainod-0.10.1[2778]:     in zaino_chain_head_service::service::ChainHeadService::tick
1791660350.316162 runnervmmprz5 zainod-0.10.1[2778]:   19:25:50.316  INFO zaino_chain_head_service::service: Syncing block, height: 4382119, hash: 0000736a22fe33cf66afc1bc9b91784356df5c7e56350a2df2ee50815863f5f7
1791660350.316162 runnervmmprz5 zainod-0.10.1[2778]:     at packages/zaino-chain-head-service/src/service.rs:478
1791660350.316162 runnervmmprz5 zainod-0.10.1[2778]:     in zaino_chain_head_service::service::ChainHeadService::tick
1791660350.316695 runnervmmprz5 zainod-0.10.1[2778]:   19:25:50.316  INFO zaino_chain_head_service::service: Syncing block, height: 4382120, hash: 000058f6c9facf0b3e5ea5622b4293fb56d4d5af28129ef751ac79b738efb812
1791660350.316695 runnervmmprz5 zainod-0.10.1[2778]:     at packages/zaino-chain-head-service/src/service.rs:478
1791660350.316695 runnervmmprz5 zainod-0.10.1[2778]:     in zaino_chain_head_service::service::ChainHeadService::tick
1791660350.317390 runnervmmprz5 zainod-0.10.1[2778]:   19:25:50.317  INFO zaino_chain_head_service::service: Syncing block, height: 4382121, hash: 000010df524c6324a24808ce372ef1d59b85e6732e656187f500adb252b8f8fd
1791660350.317390 runnervmmprz5 zainod-0.10.1[2778]:     at packages/zaino-chain-head-service/src/service.rs:478
1791660350.317390 runnervmmprz5 zainod-0.10.1[2778]:     in zaino_chain_head_service::service::ChainHeadService::tick
1791660350.318892 runnervmmprz5 zainod-0.10.1[2778]:   19:25:50.318  INFO zaino_chain_head_service::service: Syncing block, height: 4382122, hash: 00003b36e11b712358f011ece4bdd29b3f1b86f2af4a3dad81045fbf10b09fbc
1791660350.318892 runnervmmprz5 zainod-0.10.1[2778]:     at packages/zaino-chain-head-service/src/service.rs:478
1791660350.318892 runnervmmprz5 zainod-0.10.1[2778]:     in zaino_chain_head_service::service::ChainHeadService::tick
1791660350.319358 runnervmmprz5 zainod-0.10.1[2778]:   19:25:50.319  INFO zaino_chain_head_service::service: Syncing block, height: 4382123, hash: 00001d17af49f74a4e6a62d68939a09549eb5a780e7e1b6150c02b361bf319f0
1791660350.319358 runnervmmprz5 zainod-0.10.1[2778]:     at packages/zaino-chain-head-service/src/service.rs:478
1791660350.319358 runnervmmprz5 zainod-0.10.1[2778]:     in zaino_chain_head_service::service::ChainHeadService::tick
1791660350.319764 runnervmmprz5 zainod-0.10.1[2778]:   19:25:50.319  INFO zaino_chain_head_service::service: Syncing block, height: 4382124, hash: 00007e6d9d39082eb44349dcf3cbcf06470283e193357392f2602da6caff35a7
1791660350.319764 runnervmmprz5 zainod-0.10.1[2778]:     at packages/zaino-chain-head-service/src/service.rs:478
1791660350.319764 runnervmmprz5 zainod-0.10.1[2778]:     in zaino_chain_head_service::service::ChainHeadService::tick
1791660350.320618 runnervmmprz5 zainod-0.10.1[2778]:   19:25:50.320  INFO zaino_chain_head_service::service: Syncing block, height: 4382125, hash: 00022d823c4b4df9ee7e4af03876516d4b5126b7b778b5cceeb98d011f8f88dd
1791660350.320618 runnervmmprz5 zainod-0.10.1[2778]:     at packages/zaino-chain-head-service/src/service.rs:478
1791660350.320618 runnervmmprz5 zainod-0.10.1[2778]:     in zaino_chain_head_service::service::ChainHeadService::tick
1791660350.328820 runnervmmprz5 zainod-0.10.1[2778]:   19:25:50.328  INFO zaino_chain_head_service::service: Syncing block, height: 4382126, hash: 00005602083b4755b1dc2e4090c1bd1305d5cbeb6a4324abb395cc44d18a76ae
1791660350.328820 runnervmmprz5 zainod-0.10.1[2778]:     at packages/zaino-chain-head-service/src/service.rs:478
1791660350.328820 runnervmmprz5 zainod-0.10.1[2778]:     in zaino_chain_head_service::service::ChainHeadService::tick
1791660350.329861 runnervmmprz5 zainod-0.10.1[2778]:   19:25:50.329  INFO zaino_chain_head_service::service: Syncing block, height: 4382127, hash: 000015ca6dab02d4e8f752b03e5e59c0d11ef84c90843a449aaa06c25fa81db4
1791660350.329861 runnervmmprz5 zainod-0.10.1[2778]:     at packages/zaino-chain-head-service/src/service.rs:478
1791660350.329861 runnervmmprz5 zainod-0.10.1[2778]:     in zaino_chain_head_service::service::ChainHeadService::tick
1791660350.330632 runnervmmprz5 zainod-0.10.1[2778]:   19:25:50.330  INFO zaino_chain_head_service::service: Syncing block, height: 4382128, hash: 000005722de2efb242726ab226a4fa6bc6fc84eb71131a363cacd2ac074fa623
1791660350.330632 runnervmmprz5 zainod-0.10.1[2778]:     at packages/zaino-chain-head-service/src/service.rs:478
1791660350.330632 runnervmmprz5 zainod-0.10.1[2778]:     in zaino_chain_head_service::service::ChainHeadService::tick
1791660350.331280 runnervmmprz5 zainod-0.10.1[2778]:   19:25:50.331  INFO zaino_chain_head_service::service: Syncing block, height: 4382129, hash: 00003f50db0587e3ec782694db8ae4cefc86525cae8ecfdfe49727bce867cc07
1791660350.331280 runnervmmprz5 zainod-0.10.1[2778]:     at packages/zaino-chain-head-service/src/service.rs:478
1791660350.331280 runnervmmprz5 zainod-0.10.1[2778]:     in zaino_chain_head_service::service::ChainHeadService::tick
1791660350.331898 runnervmmprz5 zainod-0.10.1[2778]:   19:25:50.331  INFO zaino_chain_head_service::service: Syncing block, height: 4382130, hash: 000071a56f7eb25ad4c9479413791cc0c50bb571f8eae1851234fde0c1d7889e
1791660350.331898 runnervmmprz5 zainod-0.10.1[2778]:     at packages/zaino-chain-head-service/src/service.rs:478
1791660350.331898 runnervmmprz5 zainod-0.10.1[2778]:     in zaino_chain_head_service::service::ChainHeadService::tick
1791660350.332293 runnervmmprz5 zainod-0.10.1[2778]:   19:25:50.332  INFO zaino_chain_head_service::service: Syncing block, height: 4382131, hash: 00003360857f0fff35c13491f7d6a5347b10c69f578483a56325d35b454d3dec
1791660350.332293 runnervmmprz5 zainod-0.10.1[2778]:     at packages/zaino-chain-head-service/src/service.rs:478
1791660350.332293 runnervmmprz5 zainod-0.10.1[2778]:     in zaino_chain_head_service::service::ChainHeadService::tick
1791660350.333259 runnervmmprz5 zainod-0.10.1[2778]:   19:25:50.333  INFO zaino_chain_head_service::service: Syncing block, height: 4382132, hash: 000038ea26de45441f5f9d97e23ce1f1b19481c582174a2d65ab15e0b26c8e2b
1791660350.333259 runnervmmprz5 zainod-0.10.1[2778]:     at packages/zaino-chain-head-service/src/service.rs:478
1791660350.333259 runnervmmprz5 zainod-0.10.1[2778]:     in zaino_chain_head_service::service::ChainHeadService::tick
1791660350.334239 runnervmmprz5 zainod-0.10.1[2778]:   19:25:50.334  INFO zaino_chain_head_service::service: Syncing block, height: 4382133, hash: 0000736b2ae1967eec2bd456505f385ab7ed23325d53f418816a410d00606e14
1791660350.334239 runnervmmprz5 zainod-0.10.1[2778]:     at packages/zaino-chain-head-service/src/service.rs:478
1791660350.334239 runnervmmprz5 zainod-0.10.1[2778]:     in zaino_chain_head_service::service::ChainHeadService::tick
1791660350.335676 runnervmmprz5 zainod-0.10.1[2778]:   19:25:50.335  INFO zaino_chain_head_service::service: Syncing block, height: 4382134, hash: 000009636de422bd3ffb2a4a99676cda15c52ce9b7e7ccd8771e05edace5d458
1791660350.335676 runnervmmprz5 zainod-0.10.1[2778]:     at packages/zaino-chain-head-service/src/service.rs:478
1791660350.335676 runnervmmprz5 zainod-0.10.1[2778]:     in zaino_chain_head_service::service::ChainHeadService::tick
1791660350.336193 runnervmmprz5 zainod-0.10.1[2778]:   19:25:50.336  INFO zaino_chain_head_service::service: Syncing block, height: 4382135, hash: 00002a768ce750477dd752702a3db5863376bfae0bcc0da2427e05bb82b0fb1e
1791660350.336193 runnervmmprz5 zainod-0.10.1[2778]:     at packages/zaino-chain-head-service/src/service.rs:478
1791660350.336193 runnervmmprz5 zainod-0.10.1[2778]:     in zaino_chain_head_service::service::ChainHeadService::tick
1791660350.344372 runnervmmprz5 zainod-0.10.1[2778]:   19:25:50.344  INFO zaino_chain_head_service::service: Syncing block, height: 4382136, hash: 000041e6247f686fcab172dd32e14d179335cefd1a991e6c84a3e86117037e0c
1791660350.344372 runnervmmprz5 zainod-0.10.1[2778]:     at packages/zaino-chain-head-service/src/service.rs:478
1791660350.344372 runnervmmprz5 zainod-0.10.1[2778]:     in zaino_chain_head_service::service::ChainHeadService::tick
1791660350.345622 runnervmmprz5 zainod-0.10.1[2778]:   19:25:50.344  INFO zaino_chain_head_service::service: Syncing block, height: 4382137, hash: 00007b49bb001c82ed06a8053399925e134188ca43dd35193078dcf234638d02
1791660350.345622 runnervmmprz5 zainod-0.10.1[2778]:     at packages/zaino-chain-head-service/src/service.rs:478
1791660350.345622 runnervmmprz5 zainod-0.10.1[2778]:     in zaino_chain_head_service::service::ChainHeadService::tick
1791660350.345622 runnervmmprz5 zainod-0.10.1[2778]:   19:25:50.345  INFO zaino_chain_head_service::service: Syncing block, height: 4382138, hash: 0000302603789e339291418acbee70012f903188bdd19ea70270184ca817991c
1791660350.345622 runnervmmprz5 zainod-0.10.1[2778]:     at packages/zaino-chain-head-service/src/service.rs:478
1791660350.345622 runnervmmprz5 zainod-0.10.1[2778]:     in zaino_chain_head_service::service::ChainHeadService::tick
1791660350.345893 runnervmmprz5 zainod-0.10.1[2778]:   19:25:50.345  INFO zaino_chain_head_service::service: Syncing block, height: 4382139, hash: 00001c58997b73f1756e9da9396d3002b98b8ccbd42f7a8d18e85828ab9a52a9
1791660350.345893 runnervmmprz5 zainod-0.10.1[2778]:     at packages/zaino-chain-head-service/src/service.rs:478
1791660350.345893 runnervmmprz5 zainod-0.10.1[2778]:     in zaino_chain_head_service::service::ChainHeadService::tick
1791660350.346558 runnervmmprz5 zainod-0.10.1[2778]:   19:25:50.346  INFO zaino_chain_head_service::service: Syncing block, height: 4382140, hash: 00005f26cc1d776eccdaa6e5a54a15ff4a9ccf8ae41d1923ed8c82bd183bef0a
1791660350.346558 runnervmmprz5 zainod-0.10.1[2778]:     at packages/zaino-chain-head-service/src/service.rs:478
1791660350.346558 runnervmmprz5 zainod-0.10.1[2778]:     in zaino_chain_head_service::service::ChainHeadService::tick
1791660350.346932 runnervmmprz5 zainod-0.10.1[2778]:   19:25:50.346  INFO zaino_chain_head_service::service: Syncing block, height: 4382141, hash: 00007062e131add8c69691606b91503097ac5022fea56494b47d59519b55c447
1791660350.346932 runnervmmprz5 zainod-0.10.1[2778]:     at packages/zaino-chain-head-service/src/service.rs:478
1791660350.346932 runnervmmprz5 zainod-0.10.1[2778]:     in zaino_chain_head_service::service::ChainHeadService::tick
1791660350.347657 runnervmmprz5 zainod-0.10.1[2778]:   19:25:50.347  INFO zaino_chain_head_service::service: Syncing block, height: 4382142, hash: 00004f216c9e9f7ce11e745d90aad0e3332f7c196c5887e7a61f61d0ba2c0a22
1791660350.347657 runnervmmprz5 zainod-0.10.1[2778]:     at packages/zaino-chain-head-service/src/service.rs:478
1791660350.347657 runnervmmprz5 zainod-0.10.1[2778]:     in zaino_chain_head_service::service::ChainHeadService::tick
1791660350.353828 runnervmmprz5 zainod-0.10.1[2778]:   19:25:50.353  INFO zaino_chain_head_service::service: Syncing block, height: 4382143, hash: 00004d6d8081b1bb91649b05eb26ac571fad40279a3b8dd7f3f56e733f5f60af
1791660350.353828 runnervmmprz5 zainod-0.10.1[2778]:     at packages/zaino-chain-head-service/src/service.rs:478
1791660350.353828 runnervmmprz5 zainod-0.10.1[2778]:     in zaino_chain_head_service::service::ChainHeadService::tick
1791660350.355009 runnervmmprz5 zainod-0.10.1[2778]:   19:25:50.354  INFO zaino_chain_head_service::service: Syncing block, height: 4382144, hash: 00004774c6a83d29cb28cad6009ef1544fd7193e34868e36bcfb5c2702ca689b
1791660350.355009 runnervmmprz5 zainod-0.10.1[2778]:     at packages/zaino-chain-head-service/src/service.rs:478
1791660350.355009 runnervmmprz5 zainod-0.10.1[2778]:     in zaino_chain_head_service::service::ChainHeadService::tick
1791660350.356033 runnervmmprz5 zainod-0.10.1[2778]:   19:25:50.355  INFO zaino_chain_head_service::service: Syncing block, height: 4382145, hash: 00005a38f00eecdc5563ec29c9fe7e01725ef84af9a13553e255bd49a4173aaa
1791660350.356033 runnervmmprz5 zainod-0.10.1[2778]:     at packages/zaino-chain-head-service/src/service.rs:478
1791660350.356033 runnervmmprz5 zainod-0.10.1[2778]:     in zaino_chain_head_service::service::ChainHeadService::tick
1791660350.356643 runnervmmprz5 zainod-0.10.1[2778]:   19:25:50.356  INFO zaino_chain_head_service::service: Syncing block, height: 4382146, hash: 000009dff6bdb3ddd25a0c65d75c00dcf8f12be36b5d44c5e506797e95cf5871
1791660350.356643 runnervmmprz5 zainod-0.10.1[2778]:     at packages/zaino-chain-head-service/src/service.rs:478
1791660350.356643 runnervmmprz5 zainod-0.10.1[2778]:     in zaino_chain_head_service::service::ChainHeadService::tick
1791660350.357466 runnervmmprz5 zainod-0.10.1[2778]:   19:25:50.357  INFO zaino_chain_head_service::service: Syncing block, height: 4382147, hash: 00001a9e689dc6075078f5c3d1a902f2d2452e7d810acb20e5327fa5aa6e1054
1791660350.357466 runnervmmprz5 zainod-0.10.1[2778]:     at packages/zaino-chain-head-service/src/service.rs:478
1791660350.357466 runnervmmprz5 zainod-0.10.1[2778]:     in zaino_chain_head_service::service::ChainHeadService::tick
1791660350.358104 runnervmmprz5 zainod-0.10.1[2778]:   19:25:50.358  INFO zaino_chain_head_service::service: Syncing block, height: 4382148, hash: 00005db0373a161a635a2136d0202ad809a9031d041dd63e48c3dd5bb9b22fc9
1791660350.358104 runnervmmprz5 zainod-0.10.1[2778]:     at packages/zaino-chain-head-service/src/service.rs:478
1791660350.358104 runnervmmprz5 zainod-0.10.1[2778]:     in zaino_chain_head_service::service::ChainHeadService::tick
1791660350.364791 runnervmmprz5 zainod-0.10.1[2778]:   19:25:50.364  INFO zaino_chain_head_service::service: Syncing block, height: 4382149, hash: 000031211311592b900a5c3ef31ab89d8782290a33f3468529ff0994063b99bd
1791660350.364791 runnervmmprz5 zainod-0.10.1[2778]:     at packages/zaino-chain-head-service/src/service.rs:478
1791660350.364791 runnervmmprz5 zainod-0.10.1[2778]:     in zaino_chain_head_service::service::ChainHeadService::tick
1791660350.365760 runnervmmprz5 zainod-0.10.1[2778]:   19:25:50.365  INFO zaino_chain_head_service::service: Syncing block, height: 4382150, hash: 000054309f6a9dca38a670d80acb4e926e17fcaca80b8731298df13fd3ffb4cc
1791660350.365760 runnervmmprz5 zainod-0.10.1[2778]:     at packages/zaino-chain-head-service/src/service.rs:478
1791660350.365760 runnervmmprz5 zainod-0.10.1[2778]:     in zaino_chain_head_service::service::ChainHeadService::tick
1791660350.366617 runnervmmprz5 zainod-0.10.1[2778]:   19:25:50.366  INFO zaino_chain_head_service::service: Syncing block, height: 4382151, hash: 000017c3fe3c65f429554e21ab5ad5e20b784b94b524121f7bf7e619fffedee9
1791660350.366617 runnervmmprz5 zainod-0.10.1[2778]:     at packages/zaino-chain-head-service/src/service.rs:478
1791660350.366617 runnervmmprz5 zainod-0.10.1[2778]:     in zaino_chain_head_service::service::ChainHeadService::tick
1791660350.367288 runnervmmprz5 zainod-0.10.1[2778]:   19:25:50.366  INFO zaino_chain_head_service::service: Syncing block, height: 4382152, hash: 00005f98ca7c9e050a3f92eae4e039e462c61c958f4db6017a649a9ba7b08fcd
1791660350.367288 runnervmmprz5 zainod-0.10.1[2778]:     at packages/zaino-chain-head-service/src/service.rs:478
1791660350.367288 runnervmmprz5 zainod-0.10.1[2778]:     in zaino_chain_head_service::service::ChainHeadService::tick
1791660350.367288 runnervmmprz5 zainod-0.10.1[2778]:   19:25:50.367  INFO zaino_chain_head_service::service: Syncing block, height: 4382153, hash: 00001fdb801a528a6a780b60565a7bac17c74d49ff0cfc41122bb082ddc5fee7
1791660350.367288 runnervmmprz5 zainod-0.10.1[2778]:     at packages/zaino-chain-head-service/src/service.rs:478
1791660350.367288 runnervmmprz5 zainod-0.10.1[2778]:     in zaino_chain_head_service::service::ChainHeadService::tick
1791660350.367802 runnervmmprz5 zainod-0.10.1[2778]:   19:25:50.367  INFO zaino_chain_head_service::service: Syncing block, height: 4382154, hash: 00003c8206a7626e95cc70c9cd6ad65ada985eba2c38ea6774ee45b0f4cafc34
1791660350.367802 runnervmmprz5 zainod-0.10.1[2778]:     at packages/zaino-chain-head-service/src/service.rs:478
1791660350.367802 runnervmmprz5 zainod-0.10.1[2778]:     in zaino_chain_head_service::service::ChainHeadService::tick
1791660350.368629 runnervmmprz5 zainod-0.10.1[2778]:   19:25:50.368  INFO zaino_chain_head_service::service: Syncing block, height: 4382155, hash: 00003df3dcc8eb28f418109b690cd6e42179e412e440467efb8654808a5e75a9
1791660350.368629 runnervmmprz5 zainod-0.10.1[2778]:     at packages/zaino-chain-head-service/src/service.rs:478
1791660350.368629 runnervmmprz5 zainod-0.10.1[2778]:     in zaino_chain_head_service::service::ChainHeadService::tick
1791660350.369373 runnervmmprz5 zainod-0.10.1[2778]:   19:25:50.369  INFO zaino_chain_head_service::service: Syncing block, height: 4382156, hash: 00002dd7756d0d513cdfa9c7cd7f5f7c1aed5e2e9f33b7bb239cfb6b43cc7458
1791660350.369373 runnervmmprz5 zainod-0.10.1[2778]:     at packages/zaino-chain-head-service/src/service.rs:478
1791660350.369373 runnervmmprz5 zainod-0.10.1[2778]:     in zaino_chain_head_service::service::ChainHeadService::tick
1791660350.370044 runnervmmprz5 zainod-0.10.1[2778]:   19:25:50.369  INFO zaino_chain_head_service::service: Syncing block, height: 4382157, hash: 0000399afc8ccfd6b8fd27fa568bb93317c13019a30aff560f06c25939a1762a
1791660350.370044 runnervmmprz5 zainod-0.10.1[2778]:     at packages/zaino-chain-head-service/src/service.rs:478
1791660350.370044 runnervmmprz5 zainod-0.10.1[2778]:     in zaino_chain_head_service::service::ChainHeadService::tick
1791660350.370285 runnervmmprz5 zainod-0.10.1[2778]:   19:25:50.370  INFO zaino_chain_head_service::service: Syncing block, height: 4382158, hash: 000072b427e19ad258f55eb507878b4b98c347c33cfddbf04e182b5e6104f604
1791660350.370285 runnervmmprz5 zainod-0.10.1[2778]:     at packages/zaino-chain-head-service/src/service.rs:478
1791660350.370285 runnervmmprz5 zainod-0.10.1[2778]:     in zaino_chain_head_service::service::ChainHeadService::tick
1791660350.371000 runnervmmprz5 zainod-0.10.1[2778]:   19:25:50.370  INFO zaino_chain_head_service::service: Syncing block, height: 4382159, hash: 00002533524dacf12846c6a5f7561294cd67ada81ddb5b4f485b2d0567c2b167
1791660350.371000 runnervmmprz5 zainod-0.10.1[2778]:     at packages/zaino-chain-head-service/src/service.rs:478
1791660350.371000 runnervmmprz5 zainod-0.10.1[2778]:     in zaino_chain_head_service::service::ChainHeadService::tick
1791660350.371616 runnervmmprz5 zainod-0.10.1[2778]:   19:25:50.371  INFO zaino_chain_head_service::service: Syncing block, height: 4382160, hash: 000071a2811d2214891b165c4a45994ba9193f68e3edacc9224ed420aa98cee3
1791660350.371616 runnervmmprz5 zainod-0.10.1[2778]:     at packages/zaino-chain-head-service/src/service.rs:478
1791660350.371616 runnervmmprz5 zainod-0.10.1[2778]:     in zaino_chain_head_service::service::ChainHeadService::tick
1791660350.372284 runnervmmprz5 zainod-0.10.1[2778]:   19:25:50.372  INFO zaino_chain_head_service::service: Syncing block, height: 4382161, hash: 00003540cdda1daa57e4910f26a3016cc4c0cbaef8b3cbad248b6225ef58a000
1791660350.372284 runnervmmprz5 zainod-0.10.1[2778]:     at packages/zaino-chain-head-service/src/service.rs:478
1791660350.372284 runnervmmprz5 zainod-0.10.1[2778]:     in zaino_chain_head_service::service::ChainHeadService::tick
1791660350.378300 runnervmmprz5 zainod-0.10.1[2778]:   19:25:50.378  INFO zaino_chain_head_service::service: Syncing block, height: 4382162, hash: 000017d0ab44e130f3ca3aeab3d56303718c4eca306ebc6d542e857e41b5dca0
1791660350.378300 runnervmmprz5 zainod-0.10.1[2778]:     at packages/zaino-chain-head-service/src/service.rs:478
1791660350.378300 runnervmmprz5 zainod-0.10.1[2778]:     in zaino_chain_head_service::service::ChainHeadService::tick
1791660350.378994 runnervmmprz5 zainod-0.10.1[2778]:   19:25:50.378  INFO zaino_chain_head_service::service: Syncing block, height: 4382163, hash: 000067b46fe69f95e32ced37af827aefc8d6180d28ca9ba88a9fdef0fede40af
1791660350.378994 runnervmmprz5 zainod-0.10.1[2778]:     at packages/zaino-chain-head-service/src/service.rs:478
1791660350.378994 runnervmmprz5 zainod-0.10.1[2778]:     in zaino_chain_head_service::service::ChainHeadService::tick
1791660350.379247 runnervmmprz5 zainod-0.10.1[2778]:   19:25:50.379  INFO zaino_chain_head_service::service: Syncing block, height: 4382164, hash: 00005c2e4551ab3387c259e7f406320dcf8148b580e24cdfdde44bb5d670f7e6
1791660350.379247 runnervmmprz5 zainod-0.10.1[2778]:     at packages/zaino-chain-head-service/src/service.rs:478
1791660350.379247 runnervmmprz5 zainod-0.10.1[2778]:     in zaino_chain_head_service::service::ChainHeadService::tick
1791660350.379747 runnervmmprz5 zainod-0.10.1[2778]:   19:25:50.379  INFO zaino_chain_head_service::service: Syncing block, height: 4382165, hash: 00002fe699baa98ab6ca97dd11518599bf226f4f981ca010bcbd5707bebe4873
1791660350.379747 runnervmmprz5 zainod-0.10.1[2778]:     at packages/zaino-chain-head-service/src/service.rs:478
1791660350.379747 runnervmmprz5 zainod-0.10.1[2778]:     in zaino_chain_head_service::service::ChainHeadService::tick
1791660350.380018 runnervmmprz5 zainod-0.10.1[2778]:   19:25:50.379  INFO zaino_chain_head_service::service: Syncing block, height: 4382166, hash: 000028409eaed31c0a24de2ee316d5e406b523f72d0e79040474b6baed2bb8ea
1791660350.380018 runnervmmprz5 zainod-0.10.1[2778]:     at packages/zaino-chain-head-service/src/service.rs:478
1791660350.380018 runnervmmprz5 zainod-0.10.1[2778]:     in zaino_chain_head_service::service::ChainHeadService::tick
1791660350.380783 runnervmmprz5 zainod-0.10.1[2778]:   19:25:50.380  INFO zaino_chain_head_service::service: Syncing block, height: 4382167, hash: 00006e4a0483b1816e49cf90a95b356e7fe313ed1d2d7e882a96adcd2a3993b0
1791660350.380783 runnervmmprz5 zainod-0.10.1[2778]:     at packages/zaino-chain-head-service/src/service.rs:478
1791660350.380783 runnervmmprz5 zainod-0.10.1[2778]:     in zaino_chain_head_service::service::ChainHeadService::tick
1791660350.381594 runnervmmprz5 zainod-0.10.1[2778]:   19:25:50.381  INFO zaino_chain_head_service::service: Syncing block, height: 4382168, hash: 00003d2ad466bb0ac80ba1dd8c38ad1b4969ec3071edfa32a768dad097f72bb7
1791660350.381594 runnervmmprz5 zainod-0.10.1[2778]:     at packages/zaino-chain-head-service/src/service.rs:478
1791660350.381594 runnervmmprz5 zainod-0.10.1[2778]:     in zaino_chain_head_service::service::ChainHeadService::tick
1791660350.382278 runnervmmprz5 zainod-0.10.1[2778]:   19:25:50.382  INFO zaino_chain_head_service::service: Syncing block, height: 4382169, hash: 0000331a0ca7b3374ebd1311cad815d836a379fc6ed4ab9bd80dd537244b24b1
1791660350.382278 runnervmmprz5 zainod-0.10.1[2778]:     at packages/zaino-chain-head-service/src/service.rs:478
1791660350.382278 runnervmmprz5 zainod-0.10.1[2778]:     in zaino_chain_head_service::service::ChainHeadService::tick
1791660350.391051 runnervmmprz5 zainod-0.10.1[2778]:   19:25:50.391  INFO zaino_chain_head_service::service: Syncing block, height: 4382170, hash: 00004ea16ecae7d31eb1a8c54a93b936f8589283495966d2b03a7910a49ee612
1791660350.391051 runnervmmprz5 zainod-0.10.1[2778]:     at packages/zaino-chain-head-service/src/service.rs:478
1791660350.391051 runnervmmprz5 zainod-0.10.1[2778]:     in zaino_chain_head_service::service::ChainHeadService::tick
1791660350.392198 runnervmmprz5 zainod-0.10.1[2778]:   19:25:50.392  INFO zaino_chain_head_service::service: Syncing block, height: 4382171, hash: 000008648e3297334cb8509758fbebaad01cd7b03ce751debd5677a12502fe2a
1791660350.392198 runnervmmprz5 zainod-0.10.1[2778]:     at packages/zaino-chain-head-service/src/service.rs:478
1791660350.392198 runnervmmprz5 zainod-0.10.1[2778]:     in zaino_chain_head_service::service::ChainHeadService::tick
1791660350.393281 runnervmmprz5 zainod-0.10.1[2778]:   19:25:50.393  INFO zaino_chain_head_service::service: Syncing block, height: 4382172, hash: 000020fc78331aad1186ae096fda259a1e808c80e1bde9ef876e99b8870b2966
1791660350.393281 runnervmmprz5 zainod-0.10.1[2778]:     at packages/zaino-chain-head-service/src/service.rs:478
1791660350.393281 runnervmmprz5 zainod-0.10.1[2778]:     in zaino_chain_head_service::service::ChainHeadService::tick
1791660350.393731 runnervmmprz5 zainod-0.10.1[2778]:   19:25:50.393  INFO zaino_chain_head_service::service: Syncing block, height: 4382173, hash: 000078bc38e8be52684f5aaa5f177e837f5d5efafa70af55c2eb89795214b563
1791660350.393731 runnervmmprz5 zainod-0.10.1[2778]:     at packages/zaino-chain-head-service/src/service.rs:478
1791660350.393731 runnervmmprz5 zainod-0.10.1[2778]:     in zaino_chain_head_service::service::ChainHeadService::tick
1791660350.394413 runnervmmprz5 zainod-0.10.1[2778]:   19:25:50.394  INFO zaino_chain_head_service::service: Syncing block, height: 4382174, hash: 000067e495331c01ce4f20c6a2708cffb76a015d1f21cc50985be40c63f1d53b
1791660350.394413 runnervmmprz5 zainod-0.10.1[2778]:     at packages/zaino-chain-head-service/src/service.rs:478
1791660350.394413 runnervmmprz5 zainod-0.10.1[2778]:     in zaino_chain_head_service::service::ChainHeadService::tick
1791660350.395427 runnervmmprz5 zainod-0.10.1[2778]:   19:25:50.395  INFO zaino_chain_head_service::service: Syncing block, height: 4382175, hash: 000001618cf4c4ba250692036b5feeccf6f6d539f0605de9c8cd5f4c701952df
1791660350.395427 runnervmmprz5 zainod-0.10.1[2778]:     at packages/zaino-chain-head-service/src/service.rs:478
1791660350.395427 runnervmmprz5 zainod-0.10.1[2778]:     in zaino_chain_head_service::service::ChainHeadService::tick
1791660350.396030 runnervmmprz5 zainod-0.10.1[2778]:   19:25:50.396  INFO zaino_chain_head_service::service: Syncing block, height: 4382176, hash: 000036d55775963f1f53aa479336adadf0f4c2bec0946ad789ec3a9090b7b1e8
1791660350.396030 runnervmmprz5 zainod-0.10.1[2778]:     at packages/zaino-chain-head-service/src/service.rs:478
1791660350.396030 runnervmmprz5 zainod-0.10.1[2778]:     in zaino_chain_head_service::service::ChainHeadService::tick
1791660350.396617 runnervmmprz5 zainod-0.10.1[2778]:   19:25:50.396  INFO zaino_chain_head_service::service: Syncing block, height: 4382177, hash: 0000017a7d7d3aa8cd7087af7c6865dac982e2995017d80bba37d3b86c79f16c
1791660350.396617 runnervmmprz5 zainod-0.10.1[2778]:     at packages/zaino-chain-head-service/src/service.rs:478
1791660350.396617 runnervmmprz5 zainod-0.10.1[2778]:     in zaino_chain_head_service::service::ChainHeadService::tick
1791660350.398694 runnervmmprz5 zainod-0.10.1[2778]:   19:25:50.398  INFO zaino_chain_head_service::service: Syncing block, height: 4382178, hash: 00003c819d2de885a201b001182314ff42b8eb11d680892e3ba4e892d7629b36
1791660350.398694 runnervmmprz5 zainod-0.10.1[2778]:     at packages/zaino-chain-head-service/src/service.rs:478
1791660350.398694 runnervmmprz5 zainod-0.10.1[2778]:     in zaino_chain_head_service::service::ChainHeadService::tick
1791660350.399063 runnervmmprz5 zainod-0.10.1[2778]:   19:25:50.398  INFO zaino_chain_head_service::service: Syncing block, height: 4382179, hash: 000007f0f95800eeb201e8833ec072ba02fffecb32dea75208c0408f80759da3
1791660350.399063 runnervmmprz5 zainod-0.10.1[2778]:     at packages/zaino-chain-head-service/src/service.rs:478
1791660350.399063 runnervmmprz5 zainod-0.10.1[2778]:     in zaino_chain_head_service::service::ChainHeadService::tick
1791660350.411780 runnervmmprz5 zainod-0.10.1[2778]:   19:25:50.411  INFO zaino_chain_head_service::service: Syncing block, height: 4382180, hash: 00006e4b65cb5ca8dcdb156b52dda6ea3aec69e5676ab5cfebaf38bdcf733b09
1791660350.411780 runnervmmprz5 zainod-0.10.1[2778]:     at packages/zaino-chain-head-service/src/service.rs:478
1791660350.411780 runnervmmprz5 zainod-0.10.1[2778]:     in zaino_chain_head_service::service::ChainHeadService::tick
1791660350.412356 runnervmmprz5 zainod-0.10.1[2778]:   19:25:50.412  INFO zaino_chain_head_service::service: Syncing block, height: 4382181, hash: 000073c2d32a38b616c32f06b5c00dec091e2c8fb2d258e708d262354cafee1e
1791660350.412356 runnervmmprz5 zainod-0.10.1[2778]:     at packages/zaino-chain-head-service/src/service.rs:478
1791660350.412356 runnervmmprz5 zainod-0.10.1[2778]:     in zaino_chain_head_service::service::ChainHeadService::tick
1791660350.415810 runnervmmprz5 zainod-0.10.1[2778]:   19:25:50.415  INFO zaino_chain_head_service::service: Syncing block, height: 4382182, hash: 0000703fd0429ba4cdf76adcc0d1c4248d9646b0e81c19a79c72cb34ee04b4e9
1791660350.415810 runnervmmprz5 zainod-0.10.1[2778]:     at packages/zaino-chain-head-service/src/service.rs:478
1791660350.415810 runnervmmprz5 zainod-0.10.1[2778]:     in zaino_chain_head_service::service::ChainHeadService::tick
1791660350.416300 runnervmmprz5 zainod-0.10.1[2778]:   19:25:50.416  INFO zaino_chain_head_service::service: Syncing block, height: 4382183, hash: 000037b4dd37bdd1001d531e4ca9c42f8a4eddf7c603eb7c2b3efd11ec7f81b1
1791660350.416300 runnervmmprz5 zainod-0.10.1[2778]:     at packages/zaino-chain-head-service/src/service.rs:478
1791660350.416300 runnervmmprz5 zainod-0.10.1[2778]:     in zaino_chain_head_service::service::ChainHeadService::tick
1791660350.416783 runnervmmprz5 zainod-0.10.1[2778]:   19:25:50.416  INFO zaino_chain_head_service::service: Syncing block, height: 4382184, hash: 0000307e7d376b57efa752c7310fc2ce49ece47f90494009e12d63cbc61543fc
1791660350.416783 runnervmmprz5 zainod-0.10.1[2778]:     at packages/zaino-chain-head-service/src/service.rs:478
1791660350.416783 runnervmmprz5 zainod-0.10.1[2778]:     in zaino_chain_head_service::service::ChainHeadService::tick
1791660350.417117 runnervmmprz5 zainod-0.10.1[2778]:   19:25:50.417  INFO zaino_chain_head_service::service: Syncing block, height: 4382185, hash: 0000341a3a0b31b0977d26a21ccecee07c9a8d5cde0a4dd93c424accd9a44ffa
1791660350.417117 runnervmmprz5 zainod-0.10.1[2778]:     at packages/zaino-chain-head-service/src/service.rs:478
1791660350.417117 runnervmmprz5 zainod-0.10.1[2778]:     in zaino_chain_head_service::service::ChainHeadService::tick
1791660350.417793 runnervmmprz5 zainod-0.10.1[2778]:   19:25:50.417  INFO zaino_chain_head_service::service: Syncing block, height: 4382186, hash: 0000095e86fa88b36671d9931a6472728b6401748d1de86ace267ca9663e54f4
1791660350.417793 runnervmmprz5 zainod-0.10.1[2778]:     at packages/zaino-chain-head-service/src/service.rs:478
1791660350.417793 runnervmmprz5 zainod-0.10.1[2778]:     in zaino_chain_head_service::service::ChainHeadService::tick
1791660350.418453 runnervmmprz5 zainod-0.10.1[2778]:   19:25:50.418  INFO zaino_chain_head_service::service: Syncing block, height: 4382187, hash: 00000f95ac3051766d06ba120d71b23c2502e5eeb5ce78d5fdb6dbfeb0dcd44d
1791660350.418453 runnervmmprz5 zainod-0.10.1[2778]:     at packages/zaino-chain-head-service/src/service.rs:478
1791660350.418453 runnervmmprz5 zainod-0.10.1[2778]:     in zaino_chain_head_service::service::ChainHeadService::tick
1791660350.425564 runnervmmprz5 zainod-0.10.1[2778]:   19:25:50.425  INFO zaino_chain_head_service::service: Syncing block, height: 4382188, hash: 000047f7761c8138dab2ca17707d8751068632d561e04b99b7e7f035cd287bd2
1791660350.425564 runnervmmprz5 zainod-0.10.1[2778]:     at packages/zaino-chain-head-service/src/service.rs:478
1791660350.425564 runnervmmprz5 zainod-0.10.1[2778]:     in zaino_chain_head_service::service::ChainHeadService::tick
1791660350.426170 runnervmmprz5 zainod-0.10.1[2778]:   19:25:50.426  INFO zaino_chain_head_service::service: Syncing block, height: 4382189, hash: 00000db952bc19e3f11d142d65196df92dd20fc37a45d13b955bb1f6557b49f7
1791660350.426170 runnervmmprz5 zainod-0.10.1[2778]:     at packages/zaino-chain-head-service/src/service.rs:478
1791660350.426170 runnervmmprz5 zainod-0.10.1[2778]:     in zaino_chain_head_service::service::ChainHeadService::tick
1791660350.426696 runnervmmprz5 zainod-0.10.1[2778]:   19:25:50.426  INFO zaino_chain_head_service::service: Syncing block, height: 4382190, hash: 000052a0e67a00ac624b942c58f970bc3abcbfdb760271d73a144717c05a5599
1791660350.426696 runnervmmprz5 zainod-0.10.1[2778]:     at packages/zaino-chain-head-service/src/service.rs:478
1791660350.426696 runnervmmprz5 zainod-0.10.1[2778]:     in zaino_chain_head_service::service::ChainHeadService::tick
1791660350.427459 runnervmmprz5 zainod-0.10.1[2778]:   19:25:50.427  INFO zaino_chain_head_service::service: Syncing block, height: 4382191, hash: 00000edf1ff0803e4fff6543d6d5b264d95ee8276e32f3f6203c67b07ede2634
1791660350.427459 runnervmmprz5 zainod-0.10.1[2778]:     at packages/zaino-chain-head-service/src/service.rs:478
1791660350.427459 runnervmmprz5 zainod-0.10.1[2778]:     in zaino_chain_head_service::service::ChainHeadService::tick
1791660350.428200 runnervmmprz5 zainod-0.10.1[2778]:   19:25:50.428  INFO zaino_chain_head_service::service: Syncing block, height: 4382192, hash: 00000054baa4ce1d5113dd74555928084349f95a0971408bd65540bee71af54b
1791660350.428200 runnervmmprz5 zainod-0.10.1[2778]:     at packages/zaino-chain-head-service/src/service.rs:478
1791660350.428200 runnervmmprz5 zainod-0.10.1[2778]:     in zaino_chain_head_service::service::ChainHeadService::tick
1791660350.428857 runnervmmprz5 zainod-0.10.1[2778]:   19:25:50.428  INFO zaino_chain_head_service::service: Syncing block, height: 4382193, hash: 00004c0ae3a147770f2b42bdea63c86995550b13f3cb621e0542c2bc17586663
1791660350.428857 runnervmmprz5 zainod-0.10.1[2778]:     at packages/zaino-chain-head-service/src/service.rs:478
1791660350.428857 runnervmmprz5 zainod-0.10.1[2778]:     in zaino_chain_head_service::service::ChainHeadService::tick
1791660350.429393 runnervmmprz5 zainod-0.10.1[2778]:   19:25:50.429  INFO zaino_chain_head_service::service: Syncing block, height: 4382194, hash: 00000e4fa60cd92e70bad0bfa3df668f955609636b46f9dd3e211b971e3ed35b
1791660350.429393 runnervmmprz5 zainod-0.10.1[2778]:     at packages/zaino-chain-head-service/src/service.rs:478
1791660350.429393 runnervmmprz5 zainod-0.10.1[2778]:     in zaino_chain_head_service::service::ChainHeadService::tick
1791660350.429893 runnervmmprz5 zainod-0.10.1[2778]:   19:25:50.429  INFO zaino_chain_head_service::service: Syncing block, height: 4382195, hash: 000004697f51ec7dac1b88ba319075cf1742e1b834ea884bf648f9b35007bf22
1791660350.429893 runnervmmprz5 zainod-0.10.1[2778]:     at packages/zaino-chain-head-service/src/service.rs:478
1791660350.429893 runnervmmprz5 zainod-0.10.1[2778]:     in zaino_chain_head_service::service::ChainHeadService::tick
1791660350.430318 runnervmmprz5 zainod-0.10.1[2778]:   19:25:50.430  INFO zaino_chain_head_service::service: Syncing block, height: 4382196, hash: 00004b1d832ffde6a4ff6ff0a76b27313d575adc4c1c85512e5b75a5e51caf7b
1791660350.430318 runnervmmprz5 zainod-0.10.1[2778]:     at packages/zaino-chain-head-service/src/service.rs:478
1791660350.430318 runnervmmprz5 zainod-0.10.1[2778]:     in zaino_chain_head_service::service::ChainHeadService::tick
1791660350.439055 runnervmmprz5 zainod-0.10.1[2778]:   19:25:50.439  INFO zaino_chain_head_service::service: Syncing block, height: 4382197, hash: 0000730ce2274d58a0bf39269f63232531526fb12d4db89e3c78fc136f9161a9
1791660350.439055 runnervmmprz5 zainod-0.10.1[2778]:     at packages/zaino-chain-head-service/src/service.rs:478
1791660350.439055 runnervmmprz5 zainod-0.10.1[2778]:     in zaino_chain_head_service::service::ChainHeadService::tick
1791660350.439601 runnervmmprz5 zainod-0.10.1[2778]:   19:25:50.439  INFO zaino_chain_head_service::service: Syncing block, height: 4382198, hash: 000004fba31495428e4c1f388d72a4290ed816e6cc9b553955b4543196f0c040
1791660350.439601 runnervmmprz5 zainod-0.10.1[2778]:     at packages/zaino-chain-head-service/src/service.rs:478
1791660350.439601 runnervmmprz5 zainod-0.10.1[2778]:     in zaino_chain_head_service::service::ChainHeadService::tick
1791660350.440235 runnervmmprz5 zainod-0.10.1[2778]:   19:25:50.440  INFO zaino_chain_head_service::service: Syncing block, height: 4382199, hash: 00002f1bb31c085605b5de721dc07bf490f783d9e00b4c36048178401d39ebae
1791660350.440235 runnervmmprz5 zainod-0.10.1[2778]:     at packages/zaino-chain-head-service/src/service.rs:478
1791660350.440235 runnervmmprz5 zainod-0.10.1[2778]:     in zaino_chain_head_service::service::ChainHeadService::tick
1791660350.441388 runnervmmprz5 zainod-0.10.1[2778]:   19:25:50.441  INFO zaino_chain_head_service::service: Syncing block, height: 4382200, hash: 00007107117b7171bfb9970cfe421fefb7d1ee6d0c99fa2efecabcb906b627c9
1791660350.441388 runnervmmprz5 zainod-0.10.1[2778]:     at packages/zaino-chain-head-service/src/service.rs:478
1791660350.441388 runnervmmprz5 zainod-0.10.1[2778]:     in zaino_chain_head_service::service::ChainHeadService::tick
1791660350.441924 runnervmmprz5 zainod-0.10.1[2778]:   19:25:50.441  INFO zaino_chain_head_service::service: Syncing block, height: 4382201, hash: 000028e365039bb982d8d86bd413d58b942a66416061edfd9be300dcccf0bee1
1791660350.441924 runnervmmprz5 zainod-0.10.1[2778]:     at packages/zaino-chain-head-service/src/service.rs:478
1791660350.441924 runnervmmprz5 zainod-0.10.1[2778]:     in zaino_chain_head_service::service::ChainHeadService::tick
1791660350.443005 runnervmmprz5 zainod-0.10.1[2778]:   19:25:50.442  INFO zaino_chain_head_service::service: Syncing block, height: 4382202, hash: 000066b734030a81460254d84a99a414d4af87b9b6d5f5d08c1aab6c9447e698
1791660350.443005 runnervmmprz5 zainod-0.10.1[2778]:     at packages/zaino-chain-head-service/src/service.rs:478
1791660350.443005 runnervmmprz5 zainod-0.10.1[2778]:     in zaino_chain_head_service::service::ChainHeadService::tick
1791660350.449152 runnervmmprz5 zainod-0.10.1[2778]:   19:25:50.449  INFO zaino_chain_head_service::service: Syncing block, height: 4382203, hash: 00006f294f7109b22dfe17a18ea4fd1aad6026178c250679e3c0f97956805986
1791660350.449152 runnervmmprz5 zainod-0.10.1[2778]:     at packages/zaino-chain-head-service/src/service.rs:478
1791660350.449152 runnervmmprz5 zainod-0.10.1[2778]:     in zaino_chain_head_service::service::ChainHeadService::tick
1791660350.449621 runnervmmprz5 zainod-0.10.1[2778]:   19:25:50.449  INFO zaino_chain_head_service::service: Syncing block, height: 4382204, hash: 00000b95604aba2740dee7df249b0ed95e71c9966230386d1ffc3a950138f343
1791660350.449621 runnervmmprz5 zainod-0.10.1[2778]:     at packages/zaino-chain-head-service/src/service.rs:478
1791660350.449621 runnervmmprz5 zainod-0.10.1[2778]:     in zaino_chain_head_service::service::ChainHeadService::tick
1791660350.450026 runnervmmprz5 zainod-0.10.1[2778]:   19:25:50.450  INFO zaino_chain_head_service::service: Syncing block, height: 4382205, hash: 000074ecce544d4ecc3a3f0e8a7d787dfadb90bb9bf6d1bb80ce16eb4c890186
1791660350.450026 runnervmmprz5 zainod-0.10.1[2778]:     at packages/zaino-chain-head-service/src/service.rs:478
1791660350.450026 runnervmmprz5 zainod-0.10.1[2778]:     in zaino_chain_head_service::service::ChainHeadService::tick
1791660350.450887 runnervmmprz5 zainod-0.10.1[2778]:   19:25:50.450  INFO zaino_chain_head_service::service: Syncing block, height: 4382206, hash: 0000200466793d0e2fdab8d559d73f806c926d31ec9a63b5f1c71f524cd3ed10
1791660350.450887 runnervmmprz5 zainod-0.10.1[2778]:     at packages/zaino-chain-head-service/src/service.rs:478
1791660350.450887 runnervmmprz5 zainod-0.10.1[2778]:     in zaino_chain_head_service::service::ChainHeadService::tick
1791660350.451528 runnervmmprz5 zainod-0.10.1[2778]:   19:25:50.451  INFO zaino_chain_head_service::service: Syncing block, height: 4382207, hash: 0000315d69917db8891eb9eee2e10df6c4482c8e5fe5a785fe2b8516cb046c5d
1791660350.451528 runnervmmprz5 zainod-0.10.1[2778]:     at packages/zaino-chain-head-service/src/service.rs:478
1791660350.451528 runnervmmprz5 zainod-0.10.1[2778]:     in zaino_chain_head_service::service::ChainHeadService::tick
1791660350.452153 runnervmmprz5 zainod-0.10.1[2778]:   19:25:50.452  INFO zaino_chain_head_service::service: Syncing block, height: 4382208, hash: 00007f553baf2d5f60a95208c7c6dcc1a617d3e5eac71634d6d7479c9eca7b5c
1791660350.452153 runnervmmprz5 zainod-0.10.1[2778]:     at packages/zaino-chain-head-service/src/service.rs:478
1791660350.452153 runnervmmprz5 zainod-0.10.1[2778]:     in zaino_chain_head_service::service::ChainHeadService::tick
1791660350.452720 runnervmmprz5 zainod-0.10.1[2778]:   19:25:50.452  INFO zaino_chain_head_service::service: Syncing block, height: 4382209, hash: 00004aa97e6a0c08e305fb98373b431ab237000d0422eaa3a09330b7e2ae6527
1791660350.452720 runnervmmprz5 zainod-0.10.1[2778]:     at packages/zaino-chain-head-service/src/service.rs:478
1791660350.452720 runnervmmprz5 zainod-0.10.1[2778]:     in zaino_chain_head_service::service::ChainHeadService::tick
1791660350.453239 runnervmmprz5 zainod-0.10.1[2778]:   19:25:50.453  INFO zaino_chain_head_service::service: Syncing block, height: 4382210, hash: 00001f384ecffedad05ce5a5aa49ca679c1c093244d5118bec24152000bcfe3d
1791660350.453239 runnervmmprz5 zainod-0.10.1[2778]:     at packages/zaino-chain-head-service/src/service.rs:478
1791660350.453239 runnervmmprz5 zainod-0.10.1[2778]:     in zaino_chain_head_service::service::ChainHeadService::tick
1791660350.454086 runnervmmprz5 zainod-0.10.1[2778]:   19:25:50.453  INFO zaino_chain_head_service::service: Syncing block, height: 4382211, hash: 000012444dfbdedd486ba67da2019f4997a4788c4ed4d6caaecc9781c4f3d4a1
1791660350.454086 runnervmmprz5 zainod-0.10.1[2778]:     at packages/zaino-chain-head-service/src/service.rs:478
1791660350.454086 runnervmmprz5 zainod-0.10.1[2778]:     in zaino_chain_head_service::service::ChainHeadService::tick
1791660350.462411 runnervmmprz5 zainod-0.10.1[2778]:   19:25:50.462  INFO zaino_chain_head_service::service: Syncing block, height: 4382212, hash: 0000679b3681a38d20a9f791f9ef576fd33cdc5a4a7aaf4ac699ebe752b23494
1791660350.462411 runnervmmprz5 zainod-0.10.1[2778]:     at packages/zaino-chain-head-service/src/service.rs:478
1791660350.462411 runnervmmprz5 zainod-0.10.1[2778]:     in zaino_chain_head_service::service::ChainHeadService::tick
1791660350.463140 runnervmmprz5 zainod-0.10.1[2778]:   19:25:50.462  INFO zaino_chain_head_service::service: Syncing block, height: 4382213, hash: 00003eaffffca73cf98e2acca48543efdb07066581b430fcbb8538e1754afbfc
1791660350.463140 runnervmmprz5 zainod-0.10.1[2778]:     at packages/zaino-chain-head-service/src/service.rs:478
1791660350.463140 runnervmmprz5 zainod-0.10.1[2778]:     in zaino_chain_head_service::service::ChainHeadService::tick
1791660350.463487 runnervmmprz5 zainod-0.10.1[2778]:   19:25:50.463  INFO zaino_chain_head_service::service: Syncing block, height: 4382214, hash: 0000256b815c8aa8effeb8bb579f7c62cb920ce56da6b33db76a68550f5b0dde
1791660350.463487 runnervmmprz5 zainod-0.10.1[2778]:     at packages/zaino-chain-head-service/src/service.rs:478
1791660350.463487 runnervmmprz5 zainod-0.10.1[2778]:     in zaino_chain_head_service::service::ChainHeadService::tick
1791660350.464363 runnervmmprz5 zainod-0.10.1[2778]:   19:25:50.464  INFO zaino_chain_head_service::service: Syncing block, height: 4382215, hash: 000000ec05e0fb52b9a76c828c479399a846b5851ef099aa767196ae0ac1e125
1791660350.464363 runnervmmprz5 zainod-0.10.1[2778]:     at packages/zaino-chain-head-service/src/service.rs:478
1791660350.464363 runnervmmprz5 zainod-0.10.1[2778]:     in zaino_chain_head_service::service::ChainHeadService::tick
1791660350.464874 runnervmmprz5 zainod-0.10.1[2778]:   19:25:50.464  INFO zaino_chain_head_service::service: Syncing block, height: 4382216, hash: 00006a72be01a198377c0146bf6d545255f5f832848202252480ae45e3dc89d4
1791660350.464874 runnervmmprz5 zainod-0.10.1[2778]:     at packages/zaino-chain-head-service/src/service.rs:478
1791660350.464874 runnervmmprz5 zainod-0.10.1[2778]:     in zaino_chain_head_service::service::ChainHeadService::tick
1791660350.465441 runnervmmprz5 zainod-0.10.1[2778]:   19:25:50.465  INFO zaino_chain_head_service::service: Syncing block, height: 4382217, hash: 000079a4aa57b0a6474c26c009a22b3c071a77ad89a7a68feffa0431ed66b17d
1791660350.465441 runnervmmprz5 zainod-0.10.1[2778]:     at packages/zaino-chain-head-service/src/service.rs:478
1791660350.465441 runnervmmprz5 zainod-0.10.1[2778]:     in zaino_chain_head_service::service::ChainHeadService::tick
1791660350.474650 runnervmmprz5 zainod-0.10.1[2778]:   19:25:50.474  INFO zaino_chain_head_service::service: Syncing block, height: 4382218, hash: 000050b312509bc7064abea5ab94a66270ea051d87d266710480fc051b8aeafe
1791660350.474650 runnervmmprz5 zainod-0.10.1[2778]:     at packages/zaino-chain-head-service/src/service.rs:478
1791660350.474650 runnervmmprz5 zainod-0.10.1[2778]:     in zaino_chain_head_service::service::ChainHeadService::tick
1791660350.475183 runnervmmprz5 zainod-0.10.1[2778]:   19:25:50.475  INFO zaino_chain_head_service::service: Syncing block, height: 4382219, hash: 00000dd01c42aa56025f5b55ed27001a55b28031ff43b9aa761a2e0801f1086e
1791660350.475183 runnervmmprz5 zainod-0.10.1[2778]:     at packages/zaino-chain-head-service/src/service.rs:478
1791660350.475183 runnervmmprz5 zainod-0.10.1[2778]:     in zaino_chain_head_service::service::ChainHeadService::tick
1791660350.475917 runnervmmprz5 zainod-0.10.1[2778]:   19:25:50.475  INFO zaino_chain_head_service::service: Syncing block, height: 4382220, hash: 000062ef8b304ce201829313cae5c1661f598acbf8a2df5185bfa1bcddcd1bee
1791660350.475917 runnervmmprz5 zainod-0.10.1[2778]:     at packages/zaino-chain-head-service/src/service.rs:478
1791660350.475917 runnervmmprz5 zainod-0.10.1[2778]:     in zaino_chain_head_service::service::ChainHeadService::tick
1791660350.476205 runnervmmprz5 zainod-0.10.1[2778]:   19:25:50.476  INFO zaino_chain_head_service::service: Syncing block, height: 4382221, hash: 00000ff8e2991ea9b8bf3efea52588c0b7418d647a95e77e345aff17a23bec7f
1791660350.476205 runnervmmprz5 zainod-0.10.1[2778]:     at packages/zaino-chain-head-service/src/service.rs:478
1791660350.476205 runnervmmprz5 zainod-0.10.1[2778]:     in zaino_chain_head_service::service::ChainHeadService::tick
1791660350.476801 runnervmmprz5 zainod-0.10.1[2778]:   19:25:50.476  INFO zaino_chain_head_service::service: Syncing block, height: 4382222, hash: 0000532805442caf5197ec28e993c114c3a75a418c504b790d51d3c3178fd89f
1791660350.476801 runnervmmprz5 zainod-0.10.1[2778]:     at packages/zaino-chain-head-service/src/service.rs:478
1791660350.476801 runnervmmprz5 zainod-0.10.1[2778]:     in zaino_chain_head_service::service::ChainHeadService::tick
1791660350.477461 runnervmmprz5 zainod-0.10.1[2778]:   19:25:50.477  INFO zaino_chain_head_service::service: Syncing block, height: 4382223, hash: 0000711e1584be28dc993485f76b4e040207aa12fe57bdbd88cc64710f7a4c6a
1791660350.477461 runnervmmprz5 zainod-0.10.1[2778]:     at packages/zaino-chain-head-service/src/service.rs:478
1791660350.477461 runnervmmprz5 zainod-0.10.1[2778]:     in zaino_chain_head_service::service::ChainHeadService::tick
1791660350.478239 runnervmmprz5 zainod-0.10.1[2778]:   19:25:50.477  INFO zaino_chain_head_service::service: Syncing block, height: 4382224, hash: 00007e7e56d97a6deb278cc82afa0ea074cdd4f486034eb1adcebc929cd0e7f6
1791660350.478239 runnervmmprz5 zainod-0.10.1[2778]:     at packages/zaino-chain-head-service/src/service.rs:478
1791660350.478239 runnervmmprz5 zainod-0.10.1[2778]:     in zaino_chain_head_service::service::ChainHeadService::tick
1791660350.479090 runnervmmprz5 zainod-0.10.1[2778]:   19:25:50.479  INFO zaino_chain_head_service::service: Syncing block, height: 4382225, hash: 00003445ed06f061fbf7319ea2b6b1ce58d8247b3a0280d806cf3e372a69d66a
1791660350.479090 runnervmmprz5 zainod-0.10.1[2778]:     at packages/zaino-chain-head-service/src/service.rs:478
1791660350.479090 runnervmmprz5 zainod-0.10.1[2778]:     in zaino_chain_head_service::service::ChainHeadService::tick
1791660350.479532 runnervmmprz5 zainod-0.10.1[2778]:   19:25:50.479  INFO zaino_chain_head_service::service: Syncing block, height: 4382226, hash: 000049c33f5f9cfd43bc26b055563e7a9b5b9de35816585564d5724039e5c229
1791660350.479532 runnervmmprz5 zainod-0.10.1[2778]:     at packages/zaino-chain-head-service/src/service.rs:478
1791660350.479532 runnervmmprz5 zainod-0.10.1[2778]:     in zaino_chain_head_service::service::ChainHeadService::tick
1791660350.479847 runnervmmprz5 zainod-0.10.1[2778]:   19:25:50.479  INFO zaino_chain_head_service::service: Syncing block, height: 4382227, hash: 00006c93c131ad593443fa29e150e05abd493020ff5c9f098b7afedc648a7424
1791660350.479847 runnervmmprz5 zainod-0.10.1[2778]:     at packages/zaino-chain-head-service/src/service.rs:478
1791660350.479847 runnervmmprz5 zainod-0.10.1[2778]:     in zaino_chain_head_service::service::ChainHeadService::tick
1791660350.489971 runnervmmprz5 zainod-0.10.1[2778]:   19:25:50.489  INFO zaino_chain_head_service::service: Syncing block, height: 4382228, hash: 00005b091db1c1f3e642f92d9120e3f1ca26f8fb8a359ac370ab180a8cf49013
1791660350.489971 runnervmmprz5 zainod-0.10.1[2778]:     at packages/zaino-chain-head-service/src/service.rs:478
1791660350.489971 runnervmmprz5 zainod-0.10.1[2778]:     in zaino_chain_head_service::service::ChainHeadService::tick
1791660350.490535 runnervmmprz5 zainod-0.10.1[2778]:   19:25:50.490  INFO zaino_chain_head_service::service: Syncing block, height: 4382229, hash: 000067b3e4be81e490c6c34a75ec185ff799d6fbb19b522ecb2dd913c2573e50
1791660350.490535 runnervmmprz5 zainod-0.10.1[2778]:     at packages/zaino-chain-head-service/src/service.rs:478
1791660350.490535 runnervmmprz5 zainod-0.10.1[2778]:     in zaino_chain_head_service::service::ChainHeadService::tick
1791660350.491633 runnervmmprz5 zainod-0.10.1[2778]:   19:25:50.491  INFO zaino_chain_head_service::service: Syncing block, height: 4382230, hash: 000032402927285b8a73356e0fddfee2fa90eabff6ea1267080755df42c87d22
1791660350.491633 runnervmmprz5 zainod-0.10.1[2778]:     at packages/zaino-chain-head-service/src/service.rs:478
1791660350.491633 runnervmmprz5 zainod-0.10.1[2778]:     in zaino_chain_head_service::service::ChainHeadService::tick
1791660350.492418 runnervmmprz5 zainod-0.10.1[2778]:   19:25:50.492  INFO zaino_chain_head_service::service: Syncing block, height: 4382231, hash: 00004158cf419069a084c2575a4da08da62f94326688c58d936e8f929479f3f5
1791660350.492418 runnervmmprz5 zainod-0.10.1[2778]:     at packages/zaino-chain-head-service/src/service.rs:478
1791660350.492418 runnervmmprz5 zainod-0.10.1[2778]:     in zaino_chain_head_service::service::ChainHeadService::tick
1791660350.493006 runnervmmprz5 zainod-0.10.1[2778]:   19:25:50.492  INFO zaino_chain_head_service::service: Syncing block, height: 4382232, hash: 000061267d06f0e9c9326cd938398ae1eae84b26a7348f61cd12e234340f57fb
1791660350.493006 runnervmmprz5 zainod-0.10.1[2778]:     at packages/zaino-chain-head-service/src/service.rs:478
1791660350.493006 runnervmmprz5 zainod-0.10.1[2778]:     in zaino_chain_head_service::service::ChainHeadService::tick
1791660350.493511 runnervmmprz5 zainod-0.10.1[2778]:   19:25:50.493  INFO zaino_chain_head_service::service: Syncing block, height: 4382233, hash: 000059543104daa37d12f64db54b7b4415dc5110aba5647925c99795bc2fa99c
1791660350.493511 runnervmmprz5 zainod-0.10.1[2778]:     at packages/zaino-chain-head-service/src/service.rs:478
1791660350.493511 runnervmmprz5 zainod-0.10.1[2778]:     in zaino_chain_head_service::service::ChainHeadService::tick
1791660350.499645 runnervmmprz5 zainod-0.10.1[2778]:   19:25:50.499  INFO zaino_chain_head_service::service: Syncing block, height: 4382234, hash: 0000114d87be072c5710dca3df5a0fb6aedb74ed892b626ca5b360e7ab945d91
1791660350.499645 runnervmmprz5 zainod-0.10.1[2778]:     at packages/zaino-chain-head-service/src/service.rs:478
1791660350.499645 runnervmmprz5 zainod-0.10.1[2778]:     in zaino_chain_head_service::service::ChainHeadService::tick
1791660350.500284 runnervmmprz5 zainod-0.10.1[2778]:   19:25:50.500  INFO zaino_chain_head_service::service: Syncing block, height: 4382235, hash: 00000bc846057a50c5213008bce58f86800c564caa8d9eace32e8ab9cc8740f7
1791660350.500284 runnervmmprz5 zainod-0.10.1[2778]:     at packages/zaino-chain-head-service/src/service.rs:478
1791660350.500284 runnervmmprz5 zainod-0.10.1[2778]:     in zaino_chain_head_service::service::ChainHeadService::tick
1791660350.500730 runnervmmprz5 zainod-0.10.1[2778]:   19:25:50.500  INFO zaino_chain_head_service::service: Syncing block, height: 4382236, hash: 00003b9fc9cfab1dc3bdcbf5325742de43251a6845f8014935b78ba801a0bdbf
1791660350.500730 runnervmmprz5 zainod-0.10.1[2778]:     at packages/zaino-chain-head-service/src/service.rs:478
1791660350.500730 runnervmmprz5 zainod-0.10.1[2778]:     in zaino_chain_head_service::service::ChainHeadService::tick
1791660350.501386 runnervmmprz5 zainod-0.10.1[2778]:   19:25:50.501  INFO zaino_chain_head_service::service: Syncing block, height: 4382237, hash: 00002e5f23a6dfd1be3f69d45d36fb278b5fe2e8382bcc1128e1061f7cfd8f62
1791660350.501386 runnervmmprz5 zainod-0.10.1[2778]:     at packages/zaino-chain-head-service/src/service.rs:478
1791660350.501386 runnervmmprz5 zainod-0.10.1[2778]:     in zaino_chain_head_service::service::ChainHeadService::tick
1791660350.502013 runnervmmprz5 zainod-0.10.1[2778]:   19:25:50.501  INFO zaino_chain_head_service::service: Syncing block, height: 4382238, hash: 00003f6a44887994e80a12f7a70398dc1747f184e2405e3cca1cec447d8c2849
1791660350.502013 runnervmmprz5 zainod-0.10.1[2778]:     at packages/zaino-chain-head-service/src/service.rs:478
1791660350.502013 runnervmmprz5 zainod-0.10.1[2778]:     in zaino_chain_head_service::service::ChainHeadService::tick
1791660350.511805 runnervmmprz5 zainod-0.10.1[2778]:   19:25:50.511  INFO zaino_chain_head_service::service: Syncing block, height: 4382239, hash: 0000230edd76e1d5ae06dc86a9cd3592dfc2c51c04fea14fcbec1d52aaa87206
1791660350.511805 runnervmmprz5 zainod-0.10.1[2778]:     at packages/zaino-chain-head-service/src/service.rs:478
1791660350.511805 runnervmmprz5 zainod-0.10.1[2778]:     in zaino_chain_head_service::service::ChainHeadService::tick
1791660350.512578 runnervmmprz5 zainod-0.10.1[2778]:   19:25:50.512  INFO zaino_chain_head_service::service: Syncing block, height: 4382240, hash: 0000342516f41ea40b25dc1f9bc9ee8bf2ee6b8cb31938f8842173414082afe2
1791660350.512578 runnervmmprz5 zainod-0.10.1[2778]:     at packages/zaino-chain-head-service/src/service.rs:478
1791660350.512578 runnervmmprz5 zainod-0.10.1[2778]:     in zaino_chain_head_service::service::ChainHeadService::tick
1791660350.513219 runnervmmprz5 zainod-0.10.1[2778]:   19:25:50.513  INFO zaino_chain_head_service::service: Syncing block, height: 4382241, hash: 000063b60fef95dbffa3b666c7411ac1492dd2690bb766b66e7c98f124d010bb
1791660350.513219 runnervmmprz5 zainod-0.10.1[2778]:     at packages/zaino-chain-head-service/src/service.rs:478
1791660350.513219 runnervmmprz5 zainod-0.10.1[2778]:     in zaino_chain_head_service::service::ChainHeadService::tick
1791660350.514280 runnervmmprz5 zainod-0.10.1[2778]:   19:25:50.514  INFO zaino_chain_head_service::service: Syncing block, height: 4382242, hash: 00001633baf836f3ae80aba04a271b16a48db397d0b1202edf6584e871f2cabc
1791660350.514280 runnervmmprz5 zainod-0.10.1[2778]:     at packages/zaino-chain-head-service/src/service.rs:478
1791660350.514280 runnervmmprz5 zainod-0.10.1[2778]:     in zaino_chain_head_service::service::ChainHeadService::tick
1791660350.514861 runnervmmprz5 zainod-0.10.1[2778]:   19:25:50.514  INFO zaino_chain_head_service::service: Syncing block, height: 4382243, hash: 00003c18a9ead315799ead129581e1862d9445f0c0e335fd586151292d3cf885
1791660350.514861 runnervmmprz5 zainod-0.10.1[2778]:     at packages/zaino-chain-head-service/src/service.rs:478
1791660350.514861 runnervmmprz5 zainod-0.10.1[2778]:     in zaino_chain_head_service::service::ChainHeadService::tick
1791660350.516023 runnervmmprz5 zainod-0.10.1[2778]:   19:25:50.515  INFO zaino_chain_head_service::service: Syncing block, height: 4382244, hash: 000068d3a2b664bd7eda2f2811425425c6e12600859452ac1b83cc7352e1d749
1791660350.516023 runnervmmprz5 zainod-0.10.1[2778]:     at packages/zaino-chain-head-service/src/service.rs:478
1791660350.516023 runnervmmprz5 zainod-0.10.1[2778]:     in zaino_chain_head_service::service::ChainHeadService::tick
1791660350.516782 runnervmmprz5 zainod-0.10.1[2778]:   19:25:50.516  INFO zaino_chain_head_service::service: Syncing block, height: 4382245, hash: 00005d07f5c3d7022ae74c99439905ce73db505fb77a707580c931ed5da17339
1791660350.516782 runnervmmprz5 zainod-0.10.1[2778]:     at packages/zaino-chain-head-service/src/service.rs:478
1791660350.516782 runnervmmprz5 zainod-0.10.1[2778]:     in zaino_chain_head_service::service::ChainHeadService::tick
1791660350.517232 runnervmmprz5 zainod-0.10.1[2778]:   19:25:50.517  INFO zaino_chain_head_service::service: Syncing block, height: 4382246, hash: 0000359f9c70b1895e1b07baade9a0a1b57b5b0e336fefa0873630bc9a43c061
1791660350.517232 runnervmmprz5 zainod-0.10.1[2778]:     at packages/zaino-chain-head-service/src/service.rs:478
1791660350.517232 runnervmmprz5 zainod-0.10.1[2778]:     in zaino_chain_head_service::service::ChainHeadService::tick
1791660350.518075 runnervmmprz5 zainod-0.10.1[2778]:   19:25:50.518  INFO zaino_chain_head_service::service: Syncing block, height: 4382247, hash: 000027872a8116f2e1972cd58649a1a28749b7c4f6b799f5db4cb3bb1c702086
1791660350.518075 runnervmmprz5 zainod-0.10.1[2778]:     at packages/zaino-chain-head-service/src/service.rs:478
1791660350.518075 runnervmmprz5 zainod-0.10.1[2778]:     in zaino_chain_head_service::service::ChainHeadService::tick
1791660350.518460 runnervmmprz5 zainod-0.10.1[2778]:   19:25:50.518  INFO zaino_chain_head_service::service: Syncing block, height: 4382248, hash: 000014a2acbe242192044a9ff0a3841ecf53a5b033882fb71c7f4626979fa53f
1791660350.518460 runnervmmprz5 zainod-0.10.1[2778]:     at packages/zaino-chain-head-service/src/service.rs:478
1791660350.518460 runnervmmprz5 zainod-0.10.1[2778]:     in zaino_chain_head_service::service::ChainHeadService::tick
1791660350.519425 runnervmmprz5 zainod-0.10.1[2778]:   19:25:50.519  INFO zaino_chain_head_service::service: Syncing block, height: 4382249, hash: 00006f06b1ad0e35f1de330dced0ce156f82259dab0d12631ad9aa7be1fd4ed2
1791660350.519425 runnervmmprz5 zainod-0.10.1[2778]:     at packages/zaino-chain-head-service/src/service.rs:478
1791660350.519425 runnervmmprz5 zainod-0.10.1[2778]:     in zaino_chain_head_service::service::ChainHeadService::tick
1791660350.519954 runnervmmprz5 zainod-0.10.1[2778]:   19:25:50.519  INFO zaino_chain_head_service::service: Syncing block, height: 4382250, hash: 00007055c8bd3d17749e33916afc621113b90cc2e1c2cad216b8ba0213fe7964
1791660350.519954 runnervmmprz5 zainod-0.10.1[2778]:     at packages/zaino-chain-head-service/src/service.rs:478
1791660350.519954 runnervmmprz5 zainod-0.10.1[2778]:     in zaino_chain_head_service::service::ChainHeadService::tick
1791660350.528651 runnervmmprz5 zainod-0.10.1[2778]:   19:25:50.528  INFO zaino_chain_head_service::service: Syncing block, height: 4382251, hash: 00000757b9aa1eac51c2b0e06b539552dec0e46a6a53f755973799cd129742d3
1791660350.528651 runnervmmprz5 zainod-0.10.1[2778]:     at packages/zaino-chain-head-service/src/service.rs:478
1791660350.528651 runnervmmprz5 zainod-0.10.1[2778]:     in zaino_chain_head_service::service::ChainHeadService::tick
1791660350.529214 runnervmmprz5 zainod-0.10.1[2778]:   19:25:50.529  INFO zaino_chain_head_service::service: Syncing block, height: 4382252, hash: 00006e4cb3c0cc228d076336497c6d29d3aad31744c5e227de16c7ed5affe301
1791660350.529214 runnervmmprz5 zainod-0.10.1[2778]:     at packages/zaino-chain-head-service/src/service.rs:478
1791660350.529214 runnervmmprz5 zainod-0.10.1[2778]:     in zaino_chain_head_service::service::ChainHeadService::tick
1791660350.529737 runnervmmprz5 zainod-0.10.1[2778]:   19:25:50.529  INFO zaino_chain_head_service::service: Syncing block, height: 4382253, hash: 0000310529718bc0ea0941a7df4b10bad61877cdc5dbe072226ed2f547f20d21
1791660350.529737 runnervmmprz5 zainod-0.10.1[2778]:     at packages/zaino-chain-head-service/src/service.rs:478
1791660350.529737 runnervmmprz5 zainod-0.10.1[2778]:     in zaino_chain_head_service::service::ChainHeadService::tick
1791660350.530083 runnervmmprz5 zainod-0.10.1[2778]:   19:25:50.530  INFO zaino_chain_head_service::service: Syncing block, height: 4382254, hash: 000059f465b422d50f7587c1a5848dc1cc34939de5d5440666a237977ea91d3c
1791660350.530083 runnervmmprz5 zainod-0.10.1[2778]:     at packages/zaino-chain-head-service/src/service.rs:478
1791660350.530083 runnervmmprz5 zainod-0.10.1[2778]:     in zaino_chain_head_service::service::ChainHeadService::tick
1791660350.530923 runnervmmprz5 zainod-0.10.1[2778]:   19:25:50.530  INFO zaino_chain_head_service::service: Syncing block, height: 4382255, hash: 00006238fd857b42057e5b9c48186055d4db376adaee94ca28640ee051cb57dc
1791660350.530923 runnervmmprz5 zainod-0.10.1[2778]:     at packages/zaino-chain-head-service/src/service.rs:478
1791660350.530923 runnervmmprz5 zainod-0.10.1[2778]:     in zaino_chain_head_service::service::ChainHeadService::tick
1791660350.531709 runnervmmprz5 zainod-0.10.1[2778]:   19:25:50.531  INFO zaino_chain_head_service::service: Syncing block, height: 4382256, hash: 00004aba25867e13708f6c2bd6efbfb9f365c122a247d1f257ea014822986cfc
1791660350.531709 runnervmmprz5 zainod-0.10.1[2778]:     at packages/zaino-chain-head-service/src/service.rs:478
1791660350.531709 runnervmmprz5 zainod-0.10.1[2778]:     in zaino_chain_head_service::service::ChainHeadService::tick
1791660350.532188 runnervmmprz5 zainod-0.10.1[2778]:   19:25:50.532  INFO zaino_chain_head_service::service: Syncing block, height: 4382257, hash: 0000496dc68157dfa521d96719a6e9b3e42fa9d18e2b9edc411b5c5dd72bcbfa
1791660350.532188 runnervmmprz5 zainod-0.10.1[2778]:     at packages/zaino-chain-head-service/src/service.rs:478
1791660350.532188 runnervmmprz5 zainod-0.10.1[2778]:     in zaino_chain_head_service::service::ChainHeadService::tick
1791660350.532796 runnervmmprz5 zainod-0.10.1[2778]:   19:25:50.532  INFO zaino_chain_head_service::service: Syncing block, height: 4382258, hash: 000039f3f9475bb84969c7d8097a506607734b4919c14e321fc3e58ff3c6f1b3
1791660350.532796 runnervmmprz5 zainod-0.10.1[2778]:     at packages/zaino-chain-head-service/src/service.rs:478
1791660350.532796 runnervmmprz5 zainod-0.10.1[2778]:     in zaino_chain_head_service::service::ChainHeadService::tick
1791660350.542493 runnervmmprz5 zainod-0.10.1[2778]:   19:25:50.542  INFO zaino_chain_head_service::service: Syncing block, height: 4382259, hash: 00000d4eeb4c6b0f5f925f2f4bad66c09205dc68dd8182e4302f62eb867eafdb
1791660350.542493 runnervmmprz5 zainod-0.10.1[2778]:     at packages/zaino-chain-head-service/src/service.rs:478
1791660350.542493 runnervmmprz5 zainod-0.10.1[2778]:     in zaino_chain_head_service::service::ChainHeadService::tick
1791660350.542839 runnervmmprz5 zainod-0.10.1[2778]:   19:25:50.542  INFO zaino_chain_head_service::service: Syncing block, height: 4382260, hash: 0000431e207e0d0e067572ad507565020192ac8e22202154b875d4a43b7b9671
1791660350.542839 runnervmmprz5 zainod-0.10.1[2778]:     at packages/zaino-chain-head-service/src/service.rs:478
1791660350.542839 runnervmmprz5 zainod-0.10.1[2778]:     in zaino_chain_head_service::service::ChainHeadService::tick
1791660350.543237 runnervmmprz5 zainod-0.10.1[2778]:   19:25:50.543  INFO zaino_chain_head_service::service: Syncing block, height: 4382261, hash: 00003f02a3b0bd69e0b9303dc5c3dc71409c6625e88491839588c612997f7f34
1791660350.543237 runnervmmprz5 zainod-0.10.1[2778]:     at packages/zaino-chain-head-service/src/service.rs:478
1791660350.543237 runnervmmprz5 zainod-0.10.1[2778]:     in zaino_chain_head_service::service::ChainHeadService::tick
1791660350.543947 runnervmmprz5 zainod-0.10.1[2778]:   19:25:50.543  INFO zaino_chain_head_service::service: Syncing block, height: 4382262, hash: 0000412a571c0f3be49e5348b0a68b00a315e72ef81f098a7334909ee7168353
1791660350.543947 runnervmmprz5 zainod-0.10.1[2778]:     at packages/zaino-chain-head-service/src/service.rs:478
1791660350.543947 runnervmmprz5 zainod-0.10.1[2778]:     in zaino_chain_head_service::service::ChainHeadService::tick
1791660350.544457 runnervmmprz5 zainod-0.10.1[2778]:   19:25:50.544  INFO zaino_chain_head_service::service: Syncing block, height: 4382263, hash: 00002a96cea1c016fb6b7a2bec60461b6b6c2a73a87c61bcb01a1f752c9a9c6c
1791660350.544457 runnervmmprz5 zainod-0.10.1[2778]:     at packages/zaino-chain-head-service/src/service.rs:478
1791660350.544457 runnervmmprz5 zainod-0.10.1[2778]:     in zaino_chain_head_service::service::ChainHeadService::tick
1791660350.544928 runnervmmprz5 zainod-0.10.1[2778]:   19:25:50.544  INFO zaino_chain_head_service::service: Syncing block, height: 4382264, hash: 00002cfddfda0cdfafa71b9c769e5bc7c0cfc5dd7c18b6aa940db381baa67a8e
1791660350.544928 runnervmmprz5 zainod-0.10.1[2778]:     at packages/zaino-chain-head-service/src/service.rs:478
1791660350.544928 runnervmmprz5 zainod-0.10.1[2778]:     in zaino_chain_head_service::service::ChainHeadService::tick
1791660350.545525 runnervmmprz5 zainod-0.10.1[2778]:   19:25:50.545  INFO zaino_chain_head_service::service: Syncing block, height: 4382265, hash: 00004d44e293dc2aed98278af998e91c6964f6e45683a9fa4a632ba560802e88
1791660350.545525 runnervmmprz5 zainod-0.10.1[2778]:     at packages/zaino-chain-head-service/src/service.rs:478
1791660350.545525 runnervmmprz5 zainod-0.10.1[2778]:     in zaino_chain_head_service::service::ChainHeadService::tick
1791660350.545978 runnervmmprz5 zainod-0.10.1[2778]:   19:25:50.545  INFO zaino_chain_head_service::service: Syncing block, height: 4382266, hash: 00004fb814049172e612c5087006198697685357d17be30417cf85a10648fa54
1791660350.545978 runnervmmprz5 zainod-0.10.1[2778]:     at packages/zaino-chain-head-service/src/service.rs:478
1791660350.545978 runnervmmprz5 zainod-0.10.1[2778]:     in zaino_chain_head_service::service::ChainHeadService::tick
1791660350.546526 runnervmmprz5 zainod-0.10.1[2778]:   19:25:50.546  INFO zaino_chain_head_service::service: Syncing block, height: 4382267, hash: 000042350c9a6490d3c8247807e2c286b824e7a5ba338270686ee0635421dfa0
1791660350.546526 runnervmmprz5 zainod-0.10.1[2778]:     at packages/zaino-chain-head-service/src/service.rs:478
1791660350.546526 runnervmmprz5 zainod-0.10.1[2778]:     in zaino_chain_head_service::service::ChainHeadService::tick
1791660350.547216 runnervmmprz5 zainod-0.10.1[2778]:   19:25:50.547  INFO zaino_chain_head_service::service: Syncing block, height: 4382268, hash: 0000031d327af8eda03b135f9695251a10486e265aaa850b96e420968fbfb51f
1791660350.547216 runnervmmprz5 zainod-0.10.1[2778]:     at packages/zaino-chain-head-service/src/service.rs:478
1791660350.547216 runnervmmprz5 zainod-0.10.1[2778]:     in zaino_chain_head_service::service::ChainHeadService::tick
1791660350.547859 runnervmmprz5 zainod-0.10.1[2778]:   19:25:50.547  INFO zaino_chain_head_service::service: Syncing block, height: 4382269, hash: 00000217add4e81dd4cb2cce136ed68881c4a2c251fd917d7e65f7383928f910
1791660350.547859 runnervmmprz5 zainod-0.10.1[2778]:     at packages/zaino-chain-head-service/src/service.rs:478
1791660350.547859 runnervmmprz5 zainod-0.10.1[2778]:     in zaino_chain_head_service::service::ChainHeadService::tick
1791660350.548329 runnervmmprz5 zainod-0.10.1[2778]:   19:25:50.548  INFO zaino_chain_head_service::service: Syncing block, height: 4382270, hash: 000018a359da7b915dc6b45da258fc8b6bff03faad3deddabcbf04450e6d329f
1791660350.548329 runnervmmprz5 zainod-0.10.1[2778]:     at packages/zaino-chain-head-service/src/service.rs:478
1791660350.548329 runnervmmprz5 zainod-0.10.1[2778]:     in zaino_chain_head_service::service::ChainHeadService::tick
1791660350.554625 runnervmmprz5 zainod-0.10.1[2778]:   19:25:50.554  INFO zaino_chain_head_service::service: Syncing block, height: 4382271, hash: 00002a3ed1f8a15a14600c7497e25b02528921e7421c5692ef2dd06ea3898c1b
1791660350.554625 runnervmmprz5 zainod-0.10.1[2778]:     at packages/zaino-chain-head-service/src/service.rs:478
1791660350.554625 runnervmmprz5 zainod-0.10.1[2778]:     in zaino_chain_head_service::service::ChainHeadService::tick
1791660350.555654 runnervmmprz5 zainod-0.10.1[2778]:   19:25:50.555  INFO zaino_chain_head_service::service: Syncing block, height: 4382272, hash: 0000442bd9fb1f39421cf008b45fd207d32dc3515aa9f38bcbb032da535791ea
1791660350.555654 runnervmmprz5 zainod-0.10.1[2778]:     at packages/zaino-chain-head-service/src/service.rs:478
1791660350.555654 runnervmmprz5 zainod-0.10.1[2778]:     in zaino_chain_head_service::service::ChainHeadService::tick
1791660350.556562 runnervmmprz5 zainod-0.10.1[2778]:   19:25:50.556  INFO zaino_chain_head_service::service: Syncing block, height: 4382273, hash: 00003c52a7278a3724b67c2c654304df845a2c91170e920163053fa2460c16a0
1791660350.556562 runnervmmprz5 zainod-0.10.1[2778]:     at packages/zaino-chain-head-service/src/service.rs:478
1791660350.556562 runnervmmprz5 zainod-0.10.1[2778]:     in zaino_chain_head_service::service::ChainHeadService::tick
1791660350.557127 runnervmmprz5 zainod-0.10.1[2778]:   19:25:50.557  INFO zaino_chain_head_service::service: Syncing block, height: 4382274, hash: 000016482912abff1f744371691e3d2c6bf41f76d4b0f1fb004330169afdcd3f
1791660350.557127 runnervmmprz5 zainod-0.10.1[2778]:     at packages/zaino-chain-head-service/src/service.rs:478
1791660350.557127 runnervmmprz5 zainod-0.10.1[2778]:     in zaino_chain_head_service::service::ChainHeadService::tick
1791660350.557657 runnervmmprz5 zainod-0.10.1[2778]:   19:25:50.557  INFO zaino_chain_head_service::service: Syncing block, height: 4382275, hash: 00000748dbe6e25ae2f577da0f9f433e1704a88a30d0b8f96aff2aca9ceb0386
1791660350.557657 runnervmmprz5 zainod-0.10.1[2778]:     at packages/zaino-chain-head-service/src/service.rs:478
1791660350.557657 runnervmmprz5 zainod-0.10.1[2778]:     in zaino_chain_head_service::service::ChainHeadService::tick
1791660350.558370 runnervmmprz5 zainod-0.10.1[2778]:   19:25:50.558  INFO zaino_chain_head_service::service: Syncing block, height: 4382276, hash: 00003d5b476eaf344873b29cb1dca0faf1d200459edd9a8b6dc9e65472ff6d33
1791660350.558370 runnervmmprz5 zainod-0.10.1[2778]:     at packages/zaino-chain-head-service/src/service.rs:478
1791660350.558370 runnervmmprz5 zainod-0.10.1[2778]:     in zaino_chain_head_service::service::ChainHeadService::tick
1791660350.558984 runnervmmprz5 zainod-0.10.1[2778]:   19:25:50.558  INFO zaino_chain_head_service::service: Syncing block, height: 4382277, hash: 000040a159eef5d52b197f1d9affc92ff289a12fe2b0434384f6e136e5d4f24a
1791660350.558984 runnervmmprz5 zainod-0.10.1[2778]:     at packages/zaino-chain-head-service/src/service.rs:478
1791660350.558984 runnervmmprz5 zainod-0.10.1[2778]:     in zaino_chain_head_service::service::ChainHeadService::tick
1791660350.560116 runnervmmprz5 zainod-0.10.1[2778]:   19:25:50.560  INFO zaino_chain_head_service::service: Syncing block, height: 4382278, hash: 00000867f71c4e5663948d72393573f7fd0d7b9844e3c48d53656a9c7cc37bd6
1791660350.560116 runnervmmprz5 zainod-0.10.1[2778]:     at packages/zaino-chain-head-service/src/service.rs:478
1791660350.560116 runnervmmprz5 zainod-0.10.1[2778]:     in zaino_chain_head_service::service::ChainHeadService::tick
1791660350.560605 runnervmmprz5 zainod-0.10.1[2778]:   19:25:50.560  INFO zaino_chain_head_service::service: Syncing block, height: 4382279, hash: 00000a10d475aecfc5ff8e78027ee1cbd5fbf225e35e4ca2ea4fde9352c27914
1791660350.560605 runnervmmprz5 zainod-0.10.1[2778]:     at packages/zaino-chain-head-service/src/service.rs:478
1791660350.560605 runnervmmprz5 zainod-0.10.1[2778]:     in zaino_chain_head_service::service::ChainHeadService::tick
1791660350.561111 runnervmmprz5 zainod-0.10.1[2778]:   19:25:50.561  INFO zaino_chain_head_service::service: Syncing block, height: 4382280, hash: 00002694b1b9e69f2d2c16097f351b9f0d224c4a84bd9865956711b81930566d
1791660350.561111 runnervmmprz5 zainod-0.10.1[2778]:     at packages/zaino-chain-head-service/src/service.rs:478
1791660350.561111 runnervmmprz5 zainod-0.10.1[2778]:     in zaino_chain_head_service::service::ChainHeadService::tick
1791660350.570889 runnervmmprz5 zainod-0.10.1[2778]:   19:25:50.570  INFO zaino_chain_head_service::service: Syncing block, height: 4382281, hash: 00000d32a272e7659f9c792c7f473dd9357d1daebc21daa4d145358b1c52c6c5
1791660350.570889 runnervmmprz5 zainod-0.10.1[2778]:     at packages/zaino-chain-head-service/src/service.rs:478
1791660350.570889 runnervmmprz5 zainod-0.10.1[2778]:     in zaino_chain_head_service::service::ChainHeadService::tick
1791660350.571473 runnervmmprz5 zainod-0.10.1[2778]:   19:25:50.571  INFO zaino_chain_head_service::service: Syncing block, height: 4382282, hash: 00002ed40463bada9256072066700220eba01c2270350f14cafbc7870ab1ec2e
1791660350.571473 runnervmmprz5 zainod-0.10.1[2778]:     at packages/zaino-chain-head-service/src/service.rs:478
1791660350.571473 runnervmmprz5 zainod-0.10.1[2778]:     in zaino_chain_head_service::service::ChainHeadService::tick
1791660350.571904 runnervmmprz5 zainod-0.10.1[2778]:   19:25:50.571  INFO zaino_chain_head_service::service: Syncing block, height: 4382283, hash: 00002f20693560d0707736efc41ef3c25efb88eacb84abaa9ce45a5380152607
1791660350.571904 runnervmmprz5 zainod-0.10.1[2778]:     at packages/zaino-chain-head-service/src/service.rs:478
1791660350.571904 runnervmmprz5 zainod-0.10.1[2778]:     in zaino_chain_head_service::service::ChainHeadService::tick
1791660350.572658 runnervmmprz5 zainod-0.10.1[2778]:   19:25:50.572  INFO zaino_chain_head_service::service: Syncing block, height: 4382284, hash: 00000908b56b73efd5a75b86f2b3afecec0082545fc0fbc843c21ab5a0e8e5f2
1791660350.572658 runnervmmprz5 zainod-0.10.1[2778]:     at packages/zaino-chain-head-service/src/service.rs:478
1791660350.572658 runnervmmprz5 zainod-0.10.1[2778]:     in zaino_chain_head_service::service::ChainHeadService::tick
1791660350.573615 runnervmmprz5 zainod-0.10.1[2778]:   19:25:50.573  INFO zaino_chain_head_service::service: Syncing block, height: 4382285, hash: 00002669f515c2db7d9d270c67f38ca37b6a026b508c822baa4f3255a8a536f5
1791660350.573615 runnervmmprz5 zainod-0.10.1[2778]:     at packages/zaino-chain-head-service/src/service.rs:478
1791660350.573615 runnervmmprz5 zainod-0.10.1[2778]:     in zaino_chain_head_service::service::ChainHeadService::tick
1791660350.574124 runnervmmprz5 zainod-0.10.1[2778]:   19:25:50.574  INFO zaino_chain_head_service::service: Syncing block, height: 4382286, hash: 00003bcc2da7e994144e00dcb4963bbddbfce2fc79163dffe12154279e7e0b86
1791660350.574124 runnervmmprz5 zainod-0.10.1[2778]:     at packages/zaino-chain-head-service/src/service.rs:478
1791660350.574124 runnervmmprz5 zainod-0.10.1[2778]:     in zaino_chain_head_service::service::ChainHeadService::tick
1791660350.574702 runnervmmprz5 zainod-0.10.1[2778]:   19:25:50.574  INFO zaino_chain_head_service::service: Syncing block, height: 4382287, hash: 000037bd5dcf860414934fc69aa22de791e373870ffd48bebeebf3098e712df7
1791660350.574702 runnervmmprz5 zainod-0.10.1[2778]:     at packages/zaino-chain-head-service/src/service.rs:478
1791660350.574702 runnervmmprz5 zainod-0.10.1[2778]:     in zaino_chain_head_service::service::ChainHeadService::tick
1791660350.575133 runnervmmprz5 zainod-0.10.1[2778]:   19:25:50.575  INFO zaino_chain_head_service::service: Syncing block, height: 4382288, hash: 0000076cb8a55ff71af6b9bfc3b64e3c6438b9c303a5aaa944caa6009091158a
1791660350.575133 runnervmmprz5 zainod-0.10.1[2778]:     at packages/zaino-chain-head-service/src/service.rs:478
1791660350.575133 runnervmmprz5 zainod-0.10.1[2778]:     in zaino_chain_head_service::service::ChainHeadService::tick
1791660350.576013 runnervmmprz5 zainod-0.10.1[2778]:   19:25:50.575  INFO zaino_chain_head_service::service: Syncing block, height: 4382289, hash: 000033a994673ecd23d0e9c37544dd8fe7f5e1ba8c8c8ecafd72a1ccad458771
1791660350.576013 runnervmmprz5 zainod-0.10.1[2778]:     at packages/zaino-chain-head-service/src/service.rs:478
1791660350.576013 runnervmmprz5 zainod-0.10.1[2778]:     in zaino_chain_head_service::service::ChainHeadService::tick
1791660350.584663 runnervmmprz5 zainod-0.10.1[2778]:   19:25:50.584  INFO zaino_chain_head_service::service: Syncing block, height: 4382290, hash: 00001a73a16606003aeab35ca07d83186ab129365182a25bcb4e83671c2d57fe
1791660350.584663 runnervmmprz5 zainod-0.10.1[2778]:     at packages/zaino-chain-head-service/src/service.rs:478
1791660350.584663 runnervmmprz5 zainod-0.10.1[2778]:     in zaino_chain_head_service::service::ChainHeadService::tick
1791660350.585147 runnervmmprz5 zainod-0.10.1[2778]:   19:25:50.585  INFO zaino_chain_head_service::service: Syncing block, height: 4382291, hash: 000017701e14f8825abdab8fe243eeef6749360ad3f6e15f99f70b4389258b89
1791660350.585147 runnervmmprz5 zainod-0.10.1[2778]:     at packages/zaino-chain-head-service/src/service.rs:478
1791660350.585147 runnervmmprz5 zainod-0.10.1[2778]:     in zaino_chain_head_service::service::ChainHeadService::tick
1791660350.585838 runnervmmprz5 zainod-0.10.1[2778]:   19:25:50.585  INFO zaino_chain_head_service::service: Syncing block, height: 4382292, hash: 00000c1c9dd21fe84bd7d59c0876fdfabe7fa50e489302b9dac813eba46e796d
1791660350.585838 runnervmmprz5 zainod-0.10.1[2778]:     at packages/zaino-chain-head-service/src/service.rs:478
1791660350.585838 runnervmmprz5 zainod-0.10.1[2778]:     in zaino_chain_head_service::service::ChainHeadService::tick
1791660350.587444 runnervmmprz5 zainod-0.10.1[2778]:   19:25:50.587  INFO zaino_chain_head_service::service: Syncing block, height: 4382293, hash: 000010f853c09071f40551fe04b80eeffea7a9bc96a1b1b78368254464c15b9b
1791660350.587444 runnervmmprz5 zainod-0.10.1[2778]:     at packages/zaino-chain-head-service/src/service.rs:478
1791660350.587444 runnervmmprz5 zainod-0.10.1[2778]:     in zaino_chain_head_service::service::ChainHeadService::tick
1791660350.588294 runnervmmprz5 zainod-0.10.1[2778]:   19:25:50.588  INFO zaino_chain_head_service::service: Syncing block, height: 4382294, hash: 00002eb5f4e88df702f15f64227ba73d2b225449476043f388807fb17664e6d8
1791660350.588294 runnervmmprz5 zainod-0.10.1[2778]:     at packages/zaino-chain-head-service/src/service.rs:478
1791660350.588294 runnervmmprz5 zainod-0.10.1[2778]:     in zaino_chain_head_service::service::ChainHeadService::tick
1791660350.588681 runnervmmprz5 zainod-0.10.1[2778]:   19:25:50.588  INFO zaino_chain_head_service::service: Syncing block, height: 4382295, hash: 000001c1adcfa6a776da146b29b126f58832bccf42f143006d657ad254bdedbf
1791660350.588681 runnervmmprz5 zainod-0.10.1[2778]:     at packages/zaino-chain-head-service/src/service.rs:478
1791660350.588681 runnervmmprz5 zainod-0.10.1[2778]:     in zaino_chain_head_service::service::ChainHeadService::tick
1791660350.589800 runnervmmprz5 zainod-0.10.1[2778]:   19:25:50.589  INFO zaino_chain_head_service::service: Syncing block, height: 4382296, hash: 0000120b881bf0e9a7fc805e698d64453c80549504759b4ffb6bac8a56ae0e7f
1791660350.589800 runnervmmprz5 zainod-0.10.1[2778]:     at packages/zaino-chain-head-service/src/service.rs:478
1791660350.589800 runnervmmprz5 zainod-0.10.1[2778]:     in zaino_chain_head_service::service::ChainHeadService::tick
1791660350.597225 runnervmmprz5 zainod-0.10.1[2778]:   19:25:50.597  INFO zaino_chain_head_service::service: Syncing block, height: 4382297, hash: 00002513c4ac10270520946ad76452c53e3f253e9448f53a0a20bf451f5d747f
1791660350.597225 runnervmmprz5 zainod-0.10.1[2778]:     at packages/zaino-chain-head-service/src/service.rs:478
1791660350.597225 runnervmmprz5 zainod-0.10.1[2778]:     in zaino_chain_head_service::service::ChainHeadService::tick
1791660350.597710 runnervmmprz5 zainod-0.10.1[2778]:   19:25:50.597  INFO zaino_chain_head_service::service: Syncing block, height: 4382298, hash: 0000134707266f4472a808d973ba797c56cf1e1e703b6792bdb42ef2a3b075ca
1791660350.597710 runnervmmprz5 zainod-0.10.1[2778]:     at packages/zaino-chain-head-service/src/service.rs:478
1791660350.597710 runnervmmprz5 zainod-0.10.1[2778]:     in zaino_chain_head_service::service::ChainHeadService::tick
1791660350.598181 runnervmmprz5 zainod-0.10.1[2778]:   19:25:50.598  INFO zaino_chain_head_service::service: Syncing block, height: 4382299, hash: 00001c7417bbe4b40a047e25a1be88814c4a8c1e3da9a9643a72ebda821b5c32
1791660350.598181 runnervmmprz5 zainod-0.10.1[2778]:     at packages/zaino-chain-head-service/src/service.rs:478
1791660350.598181 runnervmmprz5 zainod-0.10.1[2778]:     in zaino_chain_head_service::service::ChainHeadService::tick
1791660350.598752 runnervmmprz5 zainod-0.10.1[2778]:   19:25:50.598  INFO zaino_chain_head_service::service: Syncing block, height: 4382300, hash: 00000109a32a69d972d192be368c0d9cad4848b9cc8178dcf3a02d6765656e34
1791660350.598752 runnervmmprz5 zainod-0.10.1[2778]:     at packages/zaino-chain-head-service/src/service.rs:478
1791660350.598752 runnervmmprz5 zainod-0.10.1[2778]:     in zaino_chain_head_service::service::ChainHeadService::tick
1791660350.599120 runnervmmprz5 zainod-0.10.1[2778]:   19:25:50.599  INFO zaino_chain_head_service::service: Syncing block, height: 4382301, hash: 0000076af2478d0538fc19c3d79d1bcf16a324363d871352decb811c3b71bde0
1791660350.599120 runnervmmprz5 zainod-0.10.1[2778]:     at packages/zaino-chain-head-service/src/service.rs:478
1791660350.599120 runnervmmprz5 zainod-0.10.1[2778]:     in zaino_chain_head_service::service::ChainHeadService::tick
1791660350.599563 runnervmmprz5 zainod-0.10.1[2778]:   19:25:50.599  INFO zaino_chain_head_service::service: Syncing block, height: 4382302, hash: 0000157935fd93bdfed66218a3dc2fefc5f82a15df3f7d54103e419e84d7f051
1791660350.599563 runnervmmprz5 zainod-0.10.1[2778]:     at packages/zaino-chain-head-service/src/service.rs:478
1791660350.599563 runnervmmprz5 zainod-0.10.1[2778]:     in zaino_chain_head_service::service::ChainHeadService::tick
1791660350.599925 runnervmmprz5 zainod-0.10.1[2778]:   19:25:50.599  INFO zaino_chain_head_service::service: Syncing block, height: 4382303, hash: 0000296a84bf80858efba3466e1dd748968796d93b45fc55d5a9e121d601e0ec
1791660350.599925 runnervmmprz5 zainod-0.10.1[2778]:     at packages/zaino-chain-head-service/src/service.rs:478
1791660350.599925 runnervmmprz5 zainod-0.10.1[2778]:     in zaino_chain_head_service::service::ChainHeadService::tick
1791660350.606964 runnervmmprz5 zainod-0.10.1[2778]:   19:25:50.606  INFO zaino_chain_head_service::service: Syncing block, height: 4382304, hash: 000029d9b12337d46231732d697e140a8db2c6980189fd4a8111a8d58e1c9089
1791660350.606964 runnervmmprz5 zainod-0.10.1[2778]:     at packages/zaino-chain-head-service/src/service.rs:478
1791660350.606964 runnervmmprz5 zainod-0.10.1[2778]:     in zaino_chain_head_service::service::ChainHeadService::tick
1791660350.608091 runnervmmprz5 zainod-0.10.1[2778]:   19:25:50.608  INFO zaino_chain_head_service::service: Syncing block, height: 4382305, hash: 0000213f7487180914de2b0fc5acb951d2f0e754fca5baf216377a181442161f
1791660350.608091 runnervmmprz5 zainod-0.10.1[2778]:     at packages/zaino-chain-head-service/src/service.rs:478
1791660350.608091 runnervmmprz5 zainod-0.10.1[2778]:     in zaino_chain_head_service::service::ChainHeadService::tick
1791660350.608795 runnervmmprz5 zainod-0.10.1[2778]:   19:25:50.608  INFO zaino_chain_head_service::service: Syncing block, height: 4382306, hash: 00002173d2321a03ee705a7d2220cd11463a84cbb880075aff40413c17204558
1791660350.608795 runnervmmprz5 zainod-0.10.1[2778]:     at packages/zaino-chain-head-service/src/service.rs:478
1791660350.608795 runnervmmprz5 zainod-0.10.1[2778]:     in zaino_chain_head_service::service::ChainHeadService::tick
1791660350.610668 runnervmmprz5 zainod-0.10.1[2778]:   19:25:50.610  INFO zaino_chain_head_service::service: Syncing block, height: 4382307, hash: 00001d273fbc3c84feacab227d358b6bc8e55138cba0b2bd713655b669ae64e4
1791660350.610668 runnervmmprz5 zainod-0.10.1[2778]:     at packages/zaino-chain-head-service/src/service.rs:478
1791660350.610668 runnervmmprz5 zainod-0.10.1[2778]:     in zaino_chain_head_service::service::ChainHeadService::tick
1791660350.611261 runnervmmprz5 zainod-0.10.1[2778]:   19:25:50.611  INFO zaino_chain_head_service::service: Syncing block, height: 4382308, hash: 00001dae3da849447a7eef9223ccc6cb5fe87eab01b5492a087ae9d098484b80
1791660350.611261 runnervmmprz5 zainod-0.10.1[2778]:     at packages/zaino-chain-head-service/src/service.rs:478
1791660350.611261 runnervmmprz5 zainod-0.10.1[2778]:     in zaino_chain_head_service::service::ChainHeadService::tick
1791660350.611740 runnervmmprz5 zainod-0.10.1[2778]:   19:25:50.611  INFO zaino_chain_head_service::service: Syncing block, height: 4382309, hash: 00001062c4400651fd34a6eb0e1e7ec0a6a74e4fbd7400fadbe6357776de264f
1791660350.611740 runnervmmprz5 zainod-0.10.1[2778]:     at packages/zaino-chain-head-service/src/service.rs:478
1791660350.611740 runnervmmprz5 zainod-0.10.1[2778]:     in zaino_chain_head_service::service::ChainHeadService::tick
1791660350.617529 runnervmmprz5 zainod-0.10.1[2778]:   19:25:50.617  INFO zaino_chain_head_service::service: Syncing block, height: 4382310, hash: 0000131da5a04a016a636241c6b5e99895ec816708193ff4baa827ea5a39980f
1791660350.617529 runnervmmprz5 zainod-0.10.1[2778]:     at packages/zaino-chain-head-service/src/service.rs:478
1791660350.617529 runnervmmprz5 zainod-0.10.1[2778]:     in zaino_chain_head_service::service::ChainHeadService::tick
1791660350.618347 runnervmmprz5 zainod-0.10.1[2778]:   19:25:50.618  INFO zaino_chain_head_service::service: Syncing block, height: 4382311, hash: 000021f79389fb8ac4fe2ffbb1ab3fae78a1c60bdf3e02198b643a7b50695439
1791660350.618347 runnervmmprz5 zainod-0.10.1[2778]:     at packages/zaino-chain-head-service/src/service.rs:478
1791660350.618347 runnervmmprz5 zainod-0.10.1[2778]:     in zaino_chain_head_service::service::ChainHeadService::tick
1791660350.619083 runnervmmprz5 zainod-0.10.1[2778]:   19:25:50.619  INFO zaino_chain_head_service::service: Syncing block, height: 4382312, hash: 0000125a362712c8877f03c2c3b339290bfc5b118ae9d0bf7ff524061dfaa512
1791660350.619083 runnervmmprz5 zainod-0.10.1[2778]:     at packages/zaino-chain-head-service/src/service.rs:478
1791660350.619083 runnervmmprz5 zainod-0.10.1[2778]:     in zaino_chain_head_service::service::ChainHeadService::tick
1791660350.619471 runnervmmprz5 zainod-0.10.1[2778]:   19:25:50.619  INFO zaino_chain_head_service::service: Syncing block, height: 4382313, hash: 000001877bcfa5345a9feef83e474e1f23cdc50b689d17cb0a12f165f415be14
1791660350.619471 runnervmmprz5 zainod-0.10.1[2778]:     at packages/zaino-chain-head-service/src/service.rs:478
1791660350.619471 runnervmmprz5 zainod-0.10.1[2778]:     in zaino_chain_head_service::service::ChainHeadService::tick
1791660350.619921 runnervmmprz5 zainod-0.10.1[2778]:   19:25:50.619  INFO zaino_chain_head_service::service: Syncing block, height: 4382314, hash: 000011dcbdc08a08d56f54b6d7acf2723221a77604d337197fb680710456cb85
1791660350.619921 runnervmmprz5 zainod-0.10.1[2778]:     at packages/zaino-chain-head-service/src/service.rs:478
1791660350.619921 runnervmmprz5 zainod-0.10.1[2778]:     in zaino_chain_head_service::service::ChainHeadService::tick
1791660350.620445 runnervmmprz5 zainod-0.10.1[2778]:   19:25:50.620  INFO zaino_chain_head_service::service: Syncing block, height: 4382315, hash: 000022d17cb464f10c5dfa6a83350db4f457d7714597cab5dfe876fa46746993
1791660350.620445 runnervmmprz5 zainod-0.10.1[2778]:     at packages/zaino-chain-head-service/src/service.rs:478
1791660350.620445 runnervmmprz5 zainod-0.10.1[2778]:     in zaino_chain_head_service::service::ChainHeadService::tick
1791660350.620987 runnervmmprz5 zainod-0.10.1[2778]:   19:25:50.620  INFO zaino_chain_head_service::service: Syncing block, height: 4382316, hash: 00001ed2d57beefebf5231cb6985fdd00e55f979dd04dba8533835efbe9df10c
1791660350.620987 runnervmmprz5 zainod-0.10.1[2778]:     at packages/zaino-chain-head-service/src/service.rs:478
1791660350.620987 runnervmmprz5 zainod-0.10.1[2778]:     in zaino_chain_head_service::service::ChainHeadService::tick
1791660350.621462 runnervmmprz5 zainod-0.10.1[2778]:   19:25:50.621  INFO zaino_chain_head_service::service: Syncing block, height: 4382317, hash: 00001b236fe9ec3f17cf7eb217054f793e4fc4cf2f0ba9b3dedc7808c12fe54c
1791660350.621462 runnervmmprz5 zainod-0.10.1[2778]:     at packages/zaino-chain-head-service/src/service.rs:478
1791660350.621462 runnervmmprz5 zainod-0.10.1[2778]:     in zaino_chain_head_service::service::ChainHeadService::tick
1791660350.621908 runnervmmprz5 zainod-0.10.1[2778]:   19:25:50.621  INFO zaino_chain_head_service::service: Syncing block, height: 4382318, hash: 00001185c9a547d8c8bd9b923e75f96c32abe9b6b35b857e5813c61c1b32e6a2
1791660350.621908 runnervmmprz5 zainod-0.10.1[2778]:     at packages/zaino-chain-head-service/src/service.rs:478
1791660350.621908 runnervmmprz5 zainod-0.10.1[2778]:     in zaino_chain_head_service::service::ChainHeadService::tick
1791660350.622402 runnervmmprz5 zainod-0.10.1[2778]:   19:25:50.622  INFO zaino_chain_head_service::service: Syncing block, height: 4382319, hash: 00001c6309acc9dbb7efafe090a6898906442dcf71a47084471189acbe18bc3b
1791660350.622402 runnervmmprz5 zainod-0.10.1[2778]:     at packages/zaino-chain-head-service/src/service.rs:478
1791660350.622402 runnervmmprz5 zainod-0.10.1[2778]:     in zaino_chain_head_service::service::ChainHeadService::tick
1791660350.622925 runnervmmprz5 zainod-0.10.1[2778]:   19:25:50.622  INFO zaino_chain_head_service::service: Syncing block, height: 4382320, hash: 000002cd1364fcff5085ad068d6121602f08e6143402a51d8b97171c65f93ecd
1791660350.622925 runnervmmprz5 zainod-0.10.1[2778]:     at packages/zaino-chain-head-service/src/service.rs:478
1791660350.622925 runnervmmprz5 zainod-0.10.1[2778]:     in zaino_chain_head_service::service::ChainHeadService::tick
1791660350.623350 runnervmmprz5 zainod-0.10.1[2778]:   19:25:50.623  INFO zaino_chain_head_service::service: Syncing block, height: 4382321, hash: 0000178cc60775f1511354efc6609568c05fc4ed94bcc616688560bae69cab17
1791660350.623350 runnervmmprz5 zainod-0.10.1[2778]:     at packages/zaino-chain-head-service/src/service.rs:478
1791660350.623350 runnervmmprz5 zainod-0.10.1[2778]:     in zaino_chain_head_service::service::ChainHeadService::tick
1791660350.624343 runnervmmprz5 zainod-0.10.1[2778]:   19:25:50.624  INFO zaino_chain_head_service::service: Syncing block, height: 4382322, hash: 00000e0d29b7b5dfbae5b8279e2373a6d425f610cf5b6bd5a5d538422aafa9c8
1791660350.624343 runnervmmprz5 zainod-0.10.1[2778]:     at packages/zaino-chain-head-service/src/service.rs:478
1791660350.624343 runnervmmprz5 zainod-0.10.1[2778]:     in zaino_chain_head_service::service::ChainHeadService::tick
1791660350.624857 runnervmmprz5 zainod-0.10.1[2778]:   19:25:50.624  INFO zaino_chain_head_service::service: Syncing block, height: 4382323, hash: 000014a3c0a6a1e8f98dbc03419d8a8cd2ea0b0378dc311f53fa68ffb388ec62
1791660350.624857 runnervmmprz5 zainod-0.10.1[2778]:     at packages/zaino-chain-head-service/src/service.rs:478
1791660350.624857 runnervmmprz5 zainod-0.10.1[2778]:     in zaino_chain_head_service::service::ChainHeadService::tick
1791660350.625344 runnervmmprz5 zainod-0.10.1[2778]:   19:25:50.625  INFO zaino_chain_head_service::service: Syncing block, height: 4382324, hash: 00001565e33223818fa026af380ed142ee1f22c7a3215a8198ae94158341c4ef
1791660350.625344 runnervmmprz5 zainod-0.10.1[2778]:     at packages/zaino-chain-head-service/src/service.rs:478
1791660350.625344 runnervmmprz5 zainod-0.10.1[2778]:     in zaino_chain_head_service::service::ChainHeadService::tick
1791660350.625677 runnervmmprz5 zainod-0.10.1[2778]:   19:25:50.625  INFO zaino_chain_head_service::service: Syncing block, height: 4382325, hash: 00000110420d7ebf450bc2bb6e5a93e6fca9d43788b027c0d240cc41edd6c23f
1791660350.625677 runnervmmprz5 zainod-0.10.1[2778]:     at packages/zaino-chain-head-service/src/service.rs:478
1791660350.625677 runnervmmprz5 zainod-0.10.1[2778]:     in zaino_chain_head_service::service::ChainHeadService::tick
1791660350.626066 runnervmmprz5 zainod-0.10.1[2778]:   19:25:50.626  INFO zaino_chain_head_service::service: Syncing block, height: 4382326, hash: 00001e83661d4170d4222f84f047c5b6325111c7e4f1d8fe44745165429ebd80
1791660350.626066 runnervmmprz5 zainod-0.10.1[2778]:     at packages/zaino-chain-head-service/src/service.rs:478
1791660350.626066 runnervmmprz5 zainod-0.10.1[2778]:     in zaino_chain_head_service::service::ChainHeadService::tick
1791660350.626754 runnervmmprz5 zainod-0.10.1[2778]:   19:25:50.626  INFO zaino_chain_head_service::service: Syncing block, height: 4382327, hash: 0000021187352763bd8c421a307eeec0e538beba802af427c2d7c7b5eabf0bc8
1791660350.626754 runnervmmprz5 zainod-0.10.1[2778]:     at packages/zaino-chain-head-service/src/service.rs:478
1791660350.626754 runnervmmprz5 zainod-0.10.1[2778]:     in zaino_chain_head_service::service::ChainHeadService::tick
1791660350.628190 runnervmmprz5 zainod-0.10.1[2778]:   19:25:50.628  INFO zaino_chain_head_service::service: Syncing block, height: 4382328, hash: 00001ae93a63856cbd3c7be8883369ca8de50e664ecd1e7f7fc83297eda8aabd
1791660350.628190 runnervmmprz5 zainod-0.10.1[2778]:     at packages/zaino-chain-head-service/src/service.rs:478
1791660350.628190 runnervmmprz5 zainod-0.10.1[2778]:     in zaino_chain_head_service::service::ChainHeadService::tick
1791660350.628728 runnervmmprz5 zainod-0.10.1[2778]:   19:25:50.628  INFO zaino_chain_head_service::service: Syncing block, height: 4382329, hash: 000014c532b7d24315c088b8c54a01098285345e9411f5ac01fe44140af5017f
1791660350.628728 runnervmmprz5 zainod-0.10.1[2778]:     at packages/zaino-chain-head-service/src/service.rs:478
1791660350.628728 runnervmmprz5 zainod-0.10.1[2778]:     in zaino_chain_head_service::service::ChainHeadService::tick
1791660350.629249 runnervmmprz5 zainod-0.10.1[2778]:   19:25:50.629  INFO zaino_chain_head_service::service: Syncing block, height: 4382330, hash: 00000d6c5bba5f2f6468a90638ed56f403d4d7bec9e97303f8d882890b464458
1791660350.629249 runnervmmprz5 zainod-0.10.1[2778]:     at packages/zaino-chain-head-service/src/service.rs:478
1791660350.629249 runnervmmprz5 zainod-0.10.1[2778]:     in zaino_chain_head_service::service::ChainHeadService::tick
1791660350.630214 runnervmmprz5 zainod-0.10.1[2778]:   19:25:50.630  INFO zaino_chain_head_service::service: Syncing block, height: 4382331, hash: 00001aca35188db5b36eb44e3a1a2f1feb4d67330f79856963a5c4099a0cb330
1791660350.630214 runnervmmprz5 zainod-0.10.1[2778]:     at packages/zaino-chain-head-service/src/service.rs:478
1791660350.630214 runnervmmprz5 zainod-0.10.1[2778]:     in zaino_chain_head_service::service::ChainHeadService::tick
1791660350.630594 runnervmmprz5 zainod-0.10.1[2778]:   19:25:50.630  INFO zaino_chain_head_service::service: Syncing block, height: 4382332, hash: 00000500cb3255d39ea3b34f3346bff142eb340e82b6767bc8f3f2bf68998e73
1791660350.630594 runnervmmprz5 zainod-0.10.1[2778]:     at packages/zaino-chain-head-service/src/service.rs:478
1791660350.630594 runnervmmprz5 zainod-0.10.1[2778]:     in zaino_chain_head_service::service::ChainHeadService::tick
1791660350.631238 runnervmmprz5 zainod-0.10.1[2778]:   19:25:50.631  INFO zaino_chain_head_service::service: Syncing block, height: 4382333, hash: 000007f7bc7972417a414439cbfe4ee8072dc8318563af897d51912ec49607de
1791660350.631238 runnervmmprz5 zainod-0.10.1[2778]:     at packages/zaino-chain-head-service/src/service.rs:478
1791660350.631238 runnervmmprz5 zainod-0.10.1[2778]:     in zaino_chain_head_service::service::ChainHeadService::tick
1791660350.631665 runnervmmprz5 zainod-0.10.1[2778]:   19:25:50.631  INFO zaino_chain_head_service::service: Syncing block, height: 4382334, hash: 000019c618c434dbec52384c8349858b75ad17a505bc9fdf48fe27d4fc60cac4
1791660350.631665 runnervmmprz5 zainod-0.10.1[2778]:     at packages/zaino-chain-head-service/src/service.rs:478
1791660350.631665 runnervmmprz5 zainod-0.10.1[2778]:     in zaino_chain_head_service::service::ChainHeadService::tick
1791660350.632281 runnervmmprz5 zainod-0.10.1[2778]:   19:25:50.632  INFO zaino_chain_head_service::service: Syncing block, height: 4382335, hash: 00000a2cd18c0c97bb740d11adb215c34ad9683817cd0684828d4f63a53442f9
1791660350.632281 runnervmmprz5 zainod-0.10.1[2778]:     at packages/zaino-chain-head-service/src/service.rs:478
1791660350.632281 runnervmmprz5 zainod-0.10.1[2778]:     in zaino_chain_head_service::service::ChainHeadService::tick
1791660350.632804 runnervmmprz5 zainod-0.10.1[2778]:   19:25:50.632  INFO zaino_chain_head_service::service: Syncing block, height: 4382336, hash: 0000195bbfa582eadf6e6dda2166550975a2b94ae38a174753283e4fe9b20c8e
1791660350.632804 runnervmmprz5 zainod-0.10.1[2778]:     at packages/zaino-chain-head-service/src/service.rs:478
1791660350.632804 runnervmmprz5 zainod-0.10.1[2778]:     in zaino_chain_head_service::service::ChainHeadService::tick
1791660350.633432 runnervmmprz5 zainod-0.10.1[2778]:   19:25:50.633  INFO zaino_chain_head_service::service: Syncing block, height: 4382337, hash: 0000027cc862e8169950d853393adbe4475b3d80d49addc594df44205f224f6b
1791660350.633432 runnervmmprz5 zainod-0.10.1[2778]:     at packages/zaino-chain-head-service/src/service.rs:478
1791660350.633432 runnervmmprz5 zainod-0.10.1[2778]:     in zaino_chain_head_service::service::ChainHeadService::tick
1791660350.634178 runnervmmprz5 zainod-0.10.1[2778]:   19:25:50.634  INFO zaino_chain_head_service::service: Syncing block, height: 4382338, hash: 00000159e960f128a8d1f3688e95077b95575592bed872b6218eb2303aba65b1
1791660350.634178 runnervmmprz5 zainod-0.10.1[2778]:     at packages/zaino-chain-head-service/src/service.rs:478
1791660350.634178 runnervmmprz5 zainod-0.10.1[2778]:     in zaino_chain_head_service::service::ChainHeadService::tick
1791660350.634633 runnervmmprz5 zainod-0.10.1[2778]:   19:25:50.634  INFO zaino_chain_head_service::service: Syncing block, height: 4382339, hash: 0000093ba7614ac4aa203b90d2a39c29819c6b7e85de90c636261b471948525f
1791660350.634633 runnervmmprz5 zainod-0.10.1[2778]:     at packages/zaino-chain-head-service/src/service.rs:478
1791660350.634633 runnervmmprz5 zainod-0.10.1[2778]:     in zaino_chain_head_service::service::ChainHeadService::tick
1791660350.635036 runnervmmprz5 zainod-0.10.1[2778]:   19:25:50.635  INFO zaino_chain_head_service::service: Syncing block, height: 4382340, hash: 00000f5626ca50681ebc34ee4329461520bc3acbd8ebe2cc57ff8f07de1d4913
1791660350.635036 runnervmmprz5 zainod-0.10.1[2778]:     at packages/zaino-chain-head-service/src/service.rs:478
1791660350.635036 runnervmmprz5 zainod-0.10.1[2778]:     in zaino_chain_head_service::service::ChainHeadService::tick
1791660350.635685 runnervmmprz5 zainod-0.10.1[2778]:   19:25:50.635  INFO zaino_chain_head_service::service: Syncing block, height: 4382341, hash: 000001d2a65a9085eb4e5a7dc71ef7597eeef8ef8fae770744b56a5fc4634c69
1791660350.635685 runnervmmprz5 zainod-0.10.1[2778]:     at packages/zaino-chain-head-service/src/service.rs:478
1791660350.635685 runnervmmprz5 zainod-0.10.1[2778]:     in zaino_chain_head_service::service::ChainHeadService::tick
1791660350.635926 runnervmmprz5 zainod-0.10.1[2778]:   19:25:50.635  INFO zaino_chain_head_service::service: Syncing block, height: 4382342, hash: 000015a395a650a15f272fef3f1f97e59f67ad3041f20ed65f1679fbcb38c950
1791660350.635926 runnervmmprz5 zainod-0.10.1[2778]:     at packages/zaino-chain-head-service/src/service.rs:478
1791660350.635926 runnervmmprz5 zainod-0.10.1[2778]:     in zaino_chain_head_service::service::ChainHeadService::tick
1791660350.638182 runnervmmprz5 zainod-0.10.1[2778]:   19:25:50.638  INFO zaino_chain_head_service::service: Syncing block, height: 4382343, hash: 0000084e6bf0a49258b5f428ab040921a7de26a885b1951fc7e574069848ee54
1791660350.638182 runnervmmprz5 zainod-0.10.1[2778]:     at packages/zaino-chain-head-service/src/service.rs:478
1791660350.638182 runnervmmprz5 zainod-0.10.1[2778]:     in zaino_chain_head_service::service::ChainHeadService::tick
1791660350.638895 runnervmmprz5 zainod-0.10.1[2778]:   19:25:50.638  INFO zaino_chain_head_service::service: Syncing block, height: 4382344, hash: 000016891b7af78a805f30f69aff8596ff1a9df837af5a1570bec75ea401dbb1
1791660350.638895 runnervmmprz5 zainod-0.10.1[2778]:     at packages/zaino-chain-head-service/src/service.rs:478
1791660350.638895 runnervmmprz5 zainod-0.10.1[2778]:     in zaino_chain_head_service::service::ChainHeadService::tick
1791660350.639704 runnervmmprz5 zainod-0.10.1[2778]:   19:25:50.639  INFO zaino_chain_head_service::service: Syncing block, height: 4382345, hash: 000001cebd5f8b2fa694246c46b1cef934e77297bf21017b0e2cce1811d1f67e
1791660350.639704 runnervmmprz5 zainod-0.10.1[2778]:     at packages/zaino-chain-head-service/src/service.rs:478
1791660350.639704 runnervmmprz5 zainod-0.10.1[2778]:     in zaino_chain_head_service::service::ChainHeadService::tick
1791660350.641617 runnervmmprz5 zainod-0.10.1[2778]:   19:25:50.641  INFO zaino_chain_head_service::service: Syncing block, height: 4382346, hash: 00000e74d07d94da38db585287b61e6dc332f5757a91467996125ffaa4ae8066
1791660350.641617 runnervmmprz5 zainod-0.10.1[2778]:     at packages/zaino-chain-head-service/src/service.rs:478
1791660350.641617 runnervmmprz5 zainod-0.10.1[2778]:     in zaino_chain_head_service::service::ChainHeadService::tick
1791660350.642562 runnervmmprz5 zainod-0.10.1[2778]:   19:25:50.642  INFO zaino_chain_head_service::service: Syncing block, height: 4382347, hash: 00000c6e84805038572925d83df593c526eddeb34cdd7b24dfa4a306efad86e8
1791660350.642562 runnervmmprz5 zainod-0.10.1[2778]:     at packages/zaino-chain-head-service/src/service.rs:478
1791660350.642562 runnervmmprz5 zainod-0.10.1[2778]:     in zaino_chain_head_service::service::ChainHeadService::tick
1791660350.643183 runnervmmprz5 zainod-0.10.1[2778]:   19:25:50.643  INFO zaino_chain_head_service::service: Syncing block, height: 4382348, hash: 000015c594cf1079e04986356fb0f8c786fad5174f067a15afe93c78524ec61d
1791660350.643183 runnervmmprz5 zainod-0.10.1[2778]:     at packages/zaino-chain-head-service/src/service.rs:478
1791660350.643183 runnervmmprz5 zainod-0.10.1[2778]:     in zaino_chain_head_service::service::ChainHeadService::tick
1791660350.644088 runnervmmprz5 zainod-0.10.1[2778]:   19:25:50.644  INFO zaino_chain_head_service::service: Syncing block, height: 4382349, hash: 00000690bec85835d8cfced181365cfaf3c5580bf6c655189dffdd5cdc6a536e
1791660350.644088 runnervmmprz5 zainod-0.10.1[2778]:     at packages/zaino-chain-head-service/src/service.rs:478
1791660350.644088 runnervmmprz5 zainod-0.10.1[2778]:     in zaino_chain_head_service::service::ChainHeadService::tick
1791660350.644734 runnervmmprz5 zainod-0.10.1[2778]:   19:25:50.644  INFO zaino_chain_head_service::service: Syncing block, height: 4382350, hash: 00000e9d2803091b5297cc2d59ad5e778483ed6ad32496f43528c30aa7458122
1791660350.644734 runnervmmprz5 zainod-0.10.1[2778]:     at packages/zaino-chain-head-service/src/service.rs:478
1791660350.644734 runnervmmprz5 zainod-0.10.1[2778]:     in zaino_chain_head_service::service::ChainHeadService::tick
1791660350.646660 runnervmmprz5 zainod-0.10.1[2778]:   19:25:50.646  INFO zaino_chain_head_service::service: Syncing block, height: 4382351, hash: 00000b84d44ca002b85232a12fba5ca907fc6ff90502141f468e10d446d4e798
1791660350.646660 runnervmmprz5 zainod-0.10.1[2778]:     at packages/zaino-chain-head-service/src/service.rs:478
1791660350.646660 runnervmmprz5 zainod-0.10.1[2778]:     in zaino_chain_head_service::service::ChainHeadService::tick
1791660350.647166 runnervmmprz5 zainod-0.10.1[2778]:   19:25:50.647  INFO zaino_chain_head_service::service: Syncing block, height: 4382352, hash: 00000c76878b5cff567493501f14a2d404766a92951d214d9b0b878c3a2dfd77
1791660350.647166 runnervmmprz5 zainod-0.10.1[2778]:     at packages/zaino-chain-head-service/src/service.rs:478
1791660350.647166 runnervmmprz5 zainod-0.10.1[2778]:     in zaino_chain_head_service::service::ChainHeadService::tick
1791660350.647803 runnervmmprz5 zainod-0.10.1[2778]:   19:25:50.647  INFO zaino_chain_head_service::service: Syncing block, height: 4382353, hash: 0000108067ec8d535c64ccadd53c30e271ea03db1db36f3ad26c8ba5a8824c73
1791660350.647803 runnervmmprz5 zainod-0.10.1[2778]:     at packages/zaino-chain-head-service/src/service.rs:478
1791660350.647803 runnervmmprz5 zainod-0.10.1[2778]:     in zaino_chain_head_service::service::ChainHeadService::tick
1791660350.648521 runnervmmprz5 zainod-0.10.1[2778]:   19:25:50.648  INFO zaino_chain_head_service::service: Syncing block, height: 4382354, hash: 000002d0311e9ffb648986968e53e5ab20a73ab978f398679bce044b9e97e839
1791660350.648521 runnervmmprz5 zainod-0.10.1[2778]:     at packages/zaino-chain-head-service/src/service.rs:478
1791660350.648521 runnervmmprz5 zainod-0.10.1[2778]:     in zaino_chain_head_service::service::ChainHeadService::tick
1791660350.649329 runnervmmprz5 zainod-0.10.1[2778]:   19:25:50.649  INFO zaino_chain_head_service::service: Syncing block, height: 4382355, hash: 0000057973b4bef5671d37443f85f7ac585626f0012fc3fb7c8dec27bc54ef16
1791660350.649329 runnervmmprz5 zainod-0.10.1[2778]:     at packages/zaino-chain-head-service/src/service.rs:478
1791660350.649329 runnervmmprz5 zainod-0.10.1[2778]:     in zaino_chain_head_service::service::ChainHeadService::tick
1791660350.650027 runnervmmprz5 zainod-0.10.1[2778]:   19:25:50.649  INFO zaino_chain_head_service::service: Syncing block, height: 4382356, hash: 00000401c0f45efb2eef0980b33eaec7d57a047e76dd75bfb59197906701e892
1791660350.650027 runnervmmprz5 zainod-0.10.1[2778]:     at packages/zaino-chain-head-service/src/service.rs:478
1791660350.650027 runnervmmprz5 zainod-0.10.1[2778]:     in zaino_chain_head_service::service::ChainHeadService::tick
1791660350.651100 runnervmmprz5 zainod-0.10.1[2778]:   19:25:50.650  INFO zaino_chain_head_service::service: Syncing block, height: 4382357, hash: 0000020f4cff2f5295e4d11e3e6e7604290ac5b414c482bcdc7737a3a71365da
1791660350.651100 runnervmmprz5 zainod-0.10.1[2778]:     at packages/zaino-chain-head-service/src/service.rs:478
1791660350.651100 runnervmmprz5 zainod-0.10.1[2778]:     in zaino_chain_head_service::service::ChainHeadService::tick
1791660350.651515 runnervmmprz5 zainod-0.10.1[2778]:   19:25:50.651  INFO zaino_chain_head_service::service: Syncing block, height: 4382358, hash: 000015a590f483e2279d736daa1ef4af993dad1b2e09ce9f9f8d965662c46d6e
1791660350.651515 runnervmmprz5 zainod-0.10.1[2778]:     at packages/zaino-chain-head-service/src/service.rs:478
1791660350.651515 runnervmmprz5 zainod-0.10.1[2778]:     in zaino_chain_head_service::service::ChainHeadService::tick
1791660350.652370 runnervmmprz5 zainod-0.10.1[2778]:   19:25:50.652  INFO zaino_chain_head_service::service: Syncing block, height: 4382359, hash: 000017994f5ef96c3f4d147a03a57312eb9e219f698036b4f969237b45aad83a
1791660350.652370 runnervmmprz5 zainod-0.10.1[2778]:     at packages/zaino-chain-head-service/src/service.rs:478
1791660350.652370 runnervmmprz5 zainod-0.10.1[2778]:     in zaino_chain_head_service::service::ChainHeadService::tick
1791660350.654576 runnervmmprz5 zainod-0.10.1[2778]:   19:25:50.654  INFO zaino_chain_head_service::service: Syncing block, height: 4382360, hash: 0000046daf256069b34d35ee39939f98b29adb6630afac6226c6439105799b89
1791660350.654576 runnervmmprz5 zainod-0.10.1[2778]:     at packages/zaino-chain-head-service/src/service.rs:478
1791660350.654576 runnervmmprz5 zainod-0.10.1[2778]:     in zaino_chain_head_service::service::ChainHeadService::tick
1791660350.655749 runnervmmprz5 zainod-0.10.1[2778]:   19:25:50.655  INFO zaino_chain_head_service::service: Syncing block, height: 4382361, hash: 00001649bad5e535d2011e001c6a2a0c9d3642ec7933c1bb94be5a7d7418f094
1791660350.655749 runnervmmprz5 zainod-0.10.1[2778]:     at packages/zaino-chain-head-service/src/service.rs:478
1791660350.655749 runnervmmprz5 zainod-0.10.1[2778]:     in zaino_chain_head_service::service::ChainHeadService::tick
1791660350.656976 runnervmmprz5 zainod-0.10.1[2778]:   19:25:50.656  INFO zaino_chain_head_service::service: Syncing block, height: 4382362, hash: 000006c68fa411c054d0e82dc4f3f285f473473ec704945507c96d7627303656
1791660350.656976 runnervmmprz5 zainod-0.10.1[2778]:     at packages/zaino-chain-head-service/src/service.rs:478
1791660350.656976 runnervmmprz5 zainod-0.10.1[2778]:     in zaino_chain_head_service::service::ChainHeadService::tick
1791660350.658018 runnervmmprz5 zainod-0.10.1[2778]:   19:25:50.658  INFO zaino_chain_head_service::service: Syncing block, height: 4382363, hash: 000013133f750ddaefd26df180a8a41e3495ccdf720f829dededb97884484bc9
1791660350.658018 runnervmmprz5 zainod-0.10.1[2778]:     at packages/zaino-chain-head-service/src/service.rs:478
1791660350.658018 runnervmmprz5 zainod-0.10.1[2778]:     in zaino_chain_head_service::service::ChainHeadService::tick
1791660350.658656 runnervmmprz5 zainod-0.10.1[2778]:   19:25:50.658  INFO zaino_chain_head_service::service: Syncing block, height: 4382364, hash: 00001169fd66a7ea3843904e1aa9e6506f041354dfe4992ed150257992163917
1791660350.658656 runnervmmprz5 zainod-0.10.1[2778]:     at packages/zaino-chain-head-service/src/service.rs:478
1791660350.658656 runnervmmprz5 zainod-0.10.1[2778]:     in zaino_chain_head_service::service::ChainHeadService::tick
1791660350.659265 runnervmmprz5 zainod-0.10.1[2778]:   19:25:50.659  INFO zaino_chain_head_service::service: Syncing block, height: 4382365, hash: 00000fac70836bc1774513c20d10c7e5fe1d53bc14ee183042928467169628c2
1791660350.659265 runnervmmprz5 zainod-0.10.1[2778]:     at packages/zaino-chain-head-service/src/service.rs:478
1791660350.659265 runnervmmprz5 zainod-0.10.1[2778]:     in zaino_chain_head_service::service::ChainHeadService::tick
1791660350.660156 runnervmmprz5 zainod-0.10.1[2778]:   19:25:50.660  INFO zaino_chain_head_service::service: Syncing block, height: 4382366, hash: 00001415a5abe90b12feae023db2446bd6f61214363c6810e1d5a2679e893eaa
1791660350.660156 runnervmmprz5 zainod-0.10.1[2778]:     at packages/zaino-chain-head-service/src/service.rs:478
1791660350.660156 runnervmmprz5 zainod-0.10.1[2778]:     in zaino_chain_head_service::service::ChainHeadService::tick
1791660350.661899 runnervmmprz5 zainod-0.10.1[2778]:   19:25:50.661  INFO zaino_chain_head_service::service: Syncing block, height: 4382367, hash: 06917810b7ed43a406343f51da619ccdbfdeb01efbd9fffd27f8fea2df06bd66
1791660350.661899 runnervmmprz5 zainod-0.10.1[2778]:     at packages/zaino-chain-head-service/src/service.rs:478
1791660350.661899 runnervmmprz5 zainod-0.10.1[2778]:     in zaino_chain_head_service::service::ChainHeadService::tick
1791660350.662440 runnervmmprz5 zainod-0.10.1[2778]:   19:25:50.662  INFO zaino_chain_head_service::service: Syncing block, height: 4382368, hash: 0000768b1868c1358df05f6ef83d070b2b9ad93bc1028a1e32603805a5e182f2
1791660350.662440 runnervmmprz5 zainod-0.10.1[2778]:     at packages/zaino-chain-head-service/src/service.rs:478
1791660350.662440 runnervmmprz5 zainod-0.10.1[2778]:     in zaino_chain_head_service::service::ChainHeadService::tick
1791660350.663197 runnervmmprz5 zainod-0.10.1[2778]:   19:25:50.662  INFO zaino_chain_head_service::service: Syncing block, height: 4382369, hash: 0000330e9a484245c7424cea0689528913c5da8007c37ba5c92c1599391bb11d
1791660350.663197 runnervmmprz5 zainod-0.10.1[2778]:     at packages/zaino-chain-head-service/src/service.rs:478
1791660350.663197 runnervmmprz5 zainod-0.10.1[2778]:     in zaino_chain_head_service::service::ChainHeadService::tick
1791660350.663900 runnervmmprz5 zainod-0.10.1[2778]:   19:25:50.663  INFO zaino_chain_head_service::service: Syncing block, height: 4382370, hash: 00005b8f2592279b3a2a28b3af5a69acf9f4e822e205807fe5683b72ff853400
1791660350.663900 runnervmmprz5 zainod-0.10.1[2778]:     at packages/zaino-chain-head-service/src/service.rs:478
1791660350.663900 runnervmmprz5 zainod-0.10.1[2778]:     in zaino_chain_head_service::service::ChainHeadService::tick
1791660350.664345 runnervmmprz5 zainod-0.10.1[2778]:   19:25:50.663  INFO zaino_chain_head_service::service: Syncing block, height: 4382371, hash: 00003bec4d29888a965f0c031d0cf862eed9bbabb4c5d6e9b8d01e1ec17b70c2
1791660350.664345 runnervmmprz5 zainod-0.10.1[2778]:     at packages/zaino-chain-head-service/src/service.rs:478
1791660350.664345 runnervmmprz5 zainod-0.10.1[2778]:     in zaino_chain_head_service::service::ChainHeadService::tick
1791660350.664920 runnervmmprz5 zainod-0.10.1[2778]:   19:25:50.664  INFO zaino_chain_head_service::service: Syncing block, height: 4382372, hash: 00000d7a76e7f52e406cc54ed3578f702685f70c4deaa467f0780122a76da3ae
1791660350.664920 runnervmmprz5 zainod-0.10.1[2778]:     at packages/zaino-chain-head-service/src/service.rs:478
1791660350.664920 runnervmmprz5 zainod-0.10.1[2778]:     in zaino_chain_head_service::service::ChainHeadService::tick
1791660350.665533 runnervmmprz5 zainod-0.10.1[2778]:   19:25:50.665  INFO zaino_chain_head_service::service: Syncing block, height: 4382373, hash: 000ea5d2bbaa14a4a345ad81b0445ec9785af30bcf7014d555087e711005c399
1791660350.665533 runnervmmprz5 zainod-0.10.1[2778]:     at packages/zaino-chain-head-service/src/service.rs:478
1791660350.665533 runnervmmprz5 zainod-0.10.1[2778]:     in zaino_chain_head_service::service::ChainHeadService::tick
1791660350.667457 runnervmmprz5 zainod-0.10.1[2778]:   19:25:50.667  INFO zaino_chain_head_service::service: Syncing block, height: 4382374, hash: 000585e27b71736dc2c55b70938ee4b7a0553d0d8998d6461da8da3556147a4c
1791660350.667457 runnervmmprz5 zainod-0.10.1[2778]:     at packages/zaino-chain-head-service/src/service.rs:478
1791660350.667457 runnervmmprz5 zainod-0.10.1[2778]:     in zaino_chain_head_service::service::ChainHeadService::tick
1791660350.668645 runnervmmprz5 zainod-0.10.1[2778]:   19:25:50.668  INFO zaino_chain_head_service::service: Syncing block, height: 4382375, hash: 007073b5706617fe406cd02669bf9f39c4e360128e2551c67c0c552d1b17c557
1791660350.668645 runnervmmprz5 zainod-0.10.1[2778]:     at packages/zaino-chain-head-service/src/service.rs:478
1791660350.668645 runnervmmprz5 zainod-0.10.1[2778]:     in zaino_chain_head_service::service::ChainHeadService::tick
1791660350.684195 runnervmmprz5 zainod-0.10.1[2778]:   19:25:50.683  INFO zaino_chain_head_service::service: Syncing block, height: 4382376, hash: 008e930a30d69e78fede2220f7a9e15d0fb96050b46349e8a1d1e77776742d6f
1791660350.684195 runnervmmprz5 zainod-0.10.1[2778]:     at packages/zaino-chain-head-service/src/service.rs:478
1791660350.684195 runnervmmprz5 zainod-0.10.1[2778]:     in zaino_chain_head_service::service::ChainHeadService::tick
1791660350.685574 runnervmmprz5 zainod-0.10.1[2778]:   19:25:50.685  INFO zaino_chain_head_service::service: Syncing block, height: 4382377, hash: 0099ec9b9ed19675cd46e04197092da74008fdafe7953412da37cd6a37b86afa
1791660350.685574 runnervmmprz5 zainod-0.10.1[2778]:     at packages/zaino-chain-head-service/src/service.rs:478
1791660350.685574 runnervmmprz5 zainod-0.10.1[2778]:     in zaino_chain_head_service::service::ChainHeadService::tick
1791660350.686366 runnervmmprz5 zainod-0.10.1[2778]:   19:25:50.686  INFO zaino_chain_head_service::service: Syncing block, height: 4382378, hash: 00732c560ddf5826888ec94b7b7a4c48e8e44355c44869fc4dbfb5a4eb59a3c8
1791660350.686366 runnervmmprz5 zainod-0.10.1[2778]:     at packages/zaino-chain-head-service/src/service.rs:478
1791660350.686366 runnervmmprz5 zainod-0.10.1[2778]:     in zaino_chain_head_service::service::ChainHeadService::tick
1791660350.686975 runnervmmprz5 zainod-0.10.1[2778]:   19:25:50.686  INFO zaino_chain_head_service::service: Syncing block, height: 4382379, hash: 0000352318412e848aeb4beba1fe822427c408d512e54c6a44d968d51b1ebe8c
1791660350.686975 runnervmmprz5 zainod-0.10.1[2778]:     at packages/zaino-chain-head-service/src/service.rs:478
1791660350.686975 runnervmmprz5 zainod-0.10.1[2778]:     in zaino_chain_head_service::service::ChainHeadService::tick
1791660350.687934 runnervmmprz5 zainod-0.10.1[2778]:   19:25:50.687  INFO zaino_chain_head_service::service: Syncing block, height: 4382380, hash: 00d375d86f972be782c24ba24883793fa5bb8dd93a78c28319b8a6dfe0434ce8
1791660350.687934 runnervmmprz5 zainod-0.10.1[2778]:     at packages/zaino-chain-head-service/src/service.rs:478
1791660350.687934 runnervmmprz5 zainod-0.10.1[2778]:     in zaino_chain_head_service::service::ChainHeadService::tick
1791660350.688917 runnervmmprz5 zainod-0.10.1[2778]:   19:25:50.688  INFO zaino_chain_head_service::service: Syncing block, height: 4382381, hash: 00b22db4095a973212ee296148de3dca0370a9aa05f1699787b723c81313eec1
1791660350.688917 runnervmmprz5 zainod-0.10.1[2778]:     at packages/zaino-chain-head-service/src/service.rs:478
1791660350.688917 runnervmmprz5 zainod-0.10.1[2778]:     in zaino_chain_head_service::service::ChainHeadService::tick
1791660350.689929 runnervmmprz5 zainod-0.10.1[2778]:   19:25:50.689  INFO zaino_chain_head_service::service: Syncing block, height: 4382382, hash: 0067994b4ce82a360e58257a14a36c75509e55d8469e00dfd520cd60b02e73fe
1791660350.689929 runnervmmprz5 zainod-0.10.1[2778]:     at packages/zaino-chain-head-service/src/service.rs:478
1791660350.689929 runnervmmprz5 zainod-0.10.1[2778]:     in zaino_chain_head_service::service::ChainHeadService::tick
1791660350.690914 runnervmmprz5 zainod-0.10.1[2778]:   19:25:50.690  INFO zaino_chain_head_service::service: Syncing block, height: 4382383, hash: 009f9b784a91ab5111bdaa3075a5a1d08ab2af97929bc4e09f39de4492f6b125
1791660350.690914 runnervmmprz5 zainod-0.10.1[2778]:     at packages/zaino-chain-head-service/src/service.rs:478
1791660350.690914 runnervmmprz5 zainod-0.10.1[2778]:     in zaino_chain_head_service::service::ChainHeadService::tick
1791660350.691812 runnervmmprz5 zainod-0.10.1[2778]:   19:25:50.691  INFO zaino_chain_head_service::service: Syncing block, height: 4382384, hash: 009726dffb124ec359fb36b64ae6ccb1d8c79307c05030dd9f6cbe30e2c7589e
1791660350.691812 runnervmmprz5 zainod-0.10.1[2778]:     at packages/zaino-chain-head-service/src/service.rs:478
1791660350.691812 runnervmmprz5 zainod-0.10.1[2778]:     in zaino_chain_head_service::service::ChainHeadService::tick
1791660350.692629 runnervmmprz5 zainod-0.10.1[2778]:   19:25:50.692  INFO zaino_chain_head_service::service: Syncing block, height: 4382385, hash: 000067577ac04df3f4db3310dfb4b30acebba817778dd0f9164440a2a0d11f0e
1791660350.692629 runnervmmprz5 zainod-0.10.1[2778]:     at packages/zaino-chain-head-service/src/service.rs:478
1791660350.692629 runnervmmprz5 zainod-0.10.1[2778]:     in zaino_chain_head_service::service::ChainHeadService::tick
1791660350.693667 runnervmmprz5 zainod-0.10.1[2778]:   19:25:50.693  INFO zaino_chain_head_service::service: Syncing block, height: 4382386, hash: 00002b875a6bdd58544870eb36f4de29c844d99400ac7d60f570f902a63320e0
1791660350.693667 runnervmmprz5 zainod-0.10.1[2778]:     at packages/zaino-chain-head-service/src/service.rs:478
1791660350.693667 runnervmmprz5 zainod-0.10.1[2778]:     in zaino_chain_head_service::service::ChainHeadService::tick
1791660350.694361 runnervmmprz5 zainod-0.10.1[2778]:   19:25:50.694  INFO zaino_chain_head_service::service: Syncing block, height: 4382387, hash: 00759131f75f7d9766347120dbf8d96d76b10c694beea0d26e3b19da73d17f84
1791660350.694361 runnervmmprz5 zainod-0.10.1[2778]:     at packages/zaino-chain-head-service/src/service.rs:478
1791660350.694361 runnervmmprz5 zainod-0.10.1[2778]:     in zaino_chain_head_service::service::ChainHeadService::tick
1791660350.695391 runnervmmprz5 zainod-0.10.1[2778]:   19:25:50.695  INFO zaino_chain_head_service::service: Syncing block, height: 4382388, hash: 00982620a34bcccb34bbb0525abd434a929e2d43e432c777a9c6b10c9edb9889
1791660350.695391 runnervmmprz5 zainod-0.10.1[2778]:     at packages/zaino-chain-head-service/src/service.rs:478
1791660350.695391 runnervmmprz5 zainod-0.10.1[2778]:     in zaino_chain_head_service::service::ChainHeadService::tick
1791660350.697429 runnervmmprz5 zainod-0.10.1[2778]:   19:25:50.697  INFO zaino_chain_head_service::service: Syncing block, height: 4382389, hash: 0080a4166ac7da494623ec8b94b6fada09a163267bf9b25da03ad101e69152cf
1791660350.697429 runnervmmprz5 zainod-0.10.1[2778]:     at packages/zaino-chain-head-service/src/service.rs:478
1791660350.697429 runnervmmprz5 zainod-0.10.1[2778]:     in zaino_chain_head_service::service::ChainHeadService::tick
1791660350.698036 runnervmmprz5 zainod-0.10.1[2778]:   19:25:50.698  INFO zaino_chain_head_service::service: Syncing block, height: 4382390, hash: 00497be2679518a73834a27f34c36a47ad49a66b825908ebf1c720dfe481bf29
1791660350.698036 runnervmmprz5 zainod-0.10.1[2778]:     at packages/zaino-chain-head-service/src/service.rs:478
1791660350.698036 runnervmmprz5 zainod-0.10.1[2778]:     in zaino_chain_head_service::service::ChainHeadService::tick
1791660350.699570 runnervmmprz5 zainod-0.10.1[2778]:   19:25:50.699  INFO zaino_chain_head_service::service: Syncing block, height: 4382391, hash: 00764bca2c658b4dced1fae539bfb1aff6b5dc54b191976f2221bf84868e1ada
1791660350.699570 runnervmmprz5 zainod-0.10.1[2778]:     at packages/zaino-chain-head-service/src/service.rs:478
1791660350.699570 runnervmmprz5 zainod-0.10.1[2778]:     in zaino_chain_head_service::service::ChainHeadService::tick
1791660350.700323 runnervmmprz5 zainod-0.10.1[2778]:   19:25:50.700  INFO zaino_chain_head_service::service: Syncing block, height: 4382392, hash: 000031de3584a01d071de7379789426511460c6bbec84382efeaab33f5d14863
1791660350.700323 runnervmmprz5 zainod-0.10.1[2778]:     at packages/zaino-chain-head-service/src/service.rs:478
1791660350.700323 runnervmmprz5 zainod-0.10.1[2778]:     in zaino_chain_head_service::service::ChainHeadService::tick
1791660350.700849 runnervmmprz5 zainod-0.10.1[2778]:   19:25:50.700  INFO zaino_chain_head_service::service: Syncing block, height: 4382393, hash: 008abaf2b6e4a97726d6f9a5bbb695a0f779109c092e9d54c9e11567b4727370
1791660350.700849 runnervmmprz5 zainod-0.10.1[2778]:     at packages/zaino-chain-head-service/src/service.rs:478
1791660350.700849 runnervmmprz5 zainod-0.10.1[2778]:     in zaino_chain_head_service::service::ChainHeadService::tick
1791660350.701471 runnervmmprz5 zainod-0.10.1[2778]:   19:25:50.701  INFO zaino_chain_head_service::service: Syncing block, height: 4382394, hash: 0000221dc809b65cd8397ce6aa79bafb01c742ae86a884578a0ff7d3878adaee
1791660350.701471 runnervmmprz5 zainod-0.10.1[2778]:     at packages/zaino-chain-head-service/src/service.rs:478
1791660350.701471 runnervmmprz5 zainod-0.10.1[2778]:     in zaino_chain_head_service::service::ChainHeadService::tick
1791660350.702341 runnervmmprz5 zainod-0.10.1[2778]:   19:25:50.702  INFO zaino_chain_head_service::service: Syncing block, height: 4382395, hash: 0048a710649f8fca87d5599d3943d622b3a5720ff986f5f5fb9f2bce11c08e5b
1791660350.702341 runnervmmprz5 zainod-0.10.1[2778]:     at packages/zaino-chain-head-service/src/service.rs:478
1791660350.702341 runnervmmprz5 zainod-0.10.1[2778]:     in zaino_chain_head_service::service::ChainHeadService::tick
1791660350.703049 runnervmmprz5 zainod-0.10.1[2778]:   19:25:50.703  INFO zaino_chain_head_service::service: Syncing block, height: 4382396, hash: 0013f20e335cb856526b2c99db1d8e31578f9b6704f2a05a296b7fb41cdae154
1791660350.703049 runnervmmprz5 zainod-0.10.1[2778]:     at packages/zaino-chain-head-service/src/service.rs:478
1791660350.703049 runnervmmprz5 zainod-0.10.1[2778]:     in zaino_chain_head_service::service::ChainHeadService::tick
1791660350.703760 runnervmmprz5 zainod-0.10.1[2778]:   19:25:50.703  INFO zaino_chain_head_service::service: Syncing block, height: 4382397, hash: 0041f526c189c3a94b51e87af0445da3abad4a70654f0a85515a67ecaa370d86
1791660350.703760 runnervmmprz5 zainod-0.10.1[2778]:     at packages/zaino-chain-head-service/src/service.rs:478
1791660350.703760 runnervmmprz5 zainod-0.10.1[2778]:     in zaino_chain_head_service::service::ChainHeadService::tick
1791660350.704701 runnervmmprz5 zainod-0.10.1[2778]:   19:25:50.704  INFO zaino_chain_head_service::service: Syncing block, height: 4382398, hash: 00000ef7fe608be529232a117f75eba0ea11991d4d7182dd53e4d18985e4cf53
1791660350.704701 runnervmmprz5 zainod-0.10.1[2778]:     at packages/zaino-chain-head-service/src/service.rs:478
1791660350.704701 runnervmmprz5 zainod-0.10.1[2778]:     in zaino_chain_head_service::service::ChainHeadService::tick
1791660350.705228 runnervmmprz5 zainod-0.10.1[2778]:   19:25:50.705  INFO zaino_chain_head_service::service: Syncing block, height: 4382399, hash: 00002da999aafa178c4e5cd75fe474451e2c0605a94b4bb1e3362108299711da
1791660350.705228 runnervmmprz5 zainod-0.10.1[2778]:     at packages/zaino-chain-head-service/src/service.rs:478
1791660350.705228 runnervmmprz5 zainod-0.10.1[2778]:     in zaino_chain_head_service::service::ChainHeadService::tick
1791660350.705838 runnervmmprz5 zainod-0.10.1[2778]:   19:25:50.705  INFO zaino_chain_head_service::service: Syncing block, height: 4382400, hash: 00033764be9d14f3e0075897e8c4fc18b6465d7f89c9da976e40b7c06da05e0a
1791660350.705838 runnervmmprz5 zainod-0.10.1[2778]:     at packages/zaino-chain-head-service/src/service.rs:478
1791660350.705838 runnervmmprz5 zainod-0.10.1[2778]:     in zaino_chain_head_service::service::ChainHeadService::tick
1791660350.706569 runnervmmprz5 zainod-0.10.1[2778]:   19:25:50.706  INFO zaino_chain_head_service::service: Syncing block, height: 4382401, hash: 000004acd5b3f27ba9a7a2dc2a1d3d146c0903a0bc5f44a44e09c7045d4c05dc
1791660350.706569 runnervmmprz5 zainod-0.10.1[2778]:     at packages/zaino-chain-head-service/src/service.rs:478
1791660350.706569 runnervmmprz5 zainod-0.10.1[2778]:     in zaino_chain_head_service::service::ChainHeadService::tick
1791660350.706943 runnervmmprz5 zainod-0.10.1[2778]:   19:25:50.706  INFO zaino_chain_head_service::service: Syncing block, height: 4382402, hash: 0000571af8abfed3d4c3b216a1dd865ab54c6ed3235fee5e64341a103e4fd967
1791660350.706943 runnervmmprz5 zainod-0.10.1[2778]:     at packages/zaino-chain-head-service/src/service.rs:478
1791660350.706943 runnervmmprz5 zainod-0.10.1[2778]:     in zaino_chain_head_service::service::ChainHeadService::tick
1791660350.707388 runnervmmprz5 zainod-0.10.1[2778]:   19:25:50.707  INFO zaino_chain_head_service::service: Syncing block, height: 4382403, hash: 0000709a95d667e82ef2cb0661c27b8b4f52f5b528d699b7a3867052349c66c4
1791660350.707388 runnervmmprz5 zainod-0.10.1[2778]:     at packages/zaino-chain-head-service/src/service.rs:478
1791660350.707388 runnervmmprz5 zainod-0.10.1[2778]:     in zaino_chain_head_service::service::ChainHeadService::tick
1791660350.708414 runnervmmprz5 zainod-0.10.1[2778]:   19:25:50.708  INFO zaino_chain_head_service::service: Syncing block, height: 4382404, hash: 0000703f54197f005d7af7e6e81c58ccee94d81da3f72f6df490177ad5afdff2
1791660350.708414 runnervmmprz5 zainod-0.10.1[2778]:     at packages/zaino-chain-head-service/src/service.rs:478
1791660350.708414 runnervmmprz5 zainod-0.10.1[2778]:     in zaino_chain_head_service::service::ChainHeadService::tick
1791660350.708910 runnervmmprz5 zainod-0.10.1[2778]:   19:25:50.708  INFO zaino_chain_head_service::service: Syncing block, height: 4382405, hash: 00004f5f447fd2c41e6a9d4fa640de93f43634ec8ce28d5b9a453fb8946da4d6
1791660350.708910 runnervmmprz5 zainod-0.10.1[2778]:     at packages/zaino-chain-head-service/src/service.rs:478
1791660350.708910 runnervmmprz5 zainod-0.10.1[2778]:     in zaino_chain_head_service::service::ChainHeadService::tick
1791660350.709688 runnervmmprz5 zainod-0.10.1[2778]:   19:25:50.709  INFO zaino_chain_head_service::service: Syncing block, height: 4382406, hash: 002c87ea9a20bd22602a8da850c19672cc01bf27dc13185c7424f9c4a9135d21
1791660350.709688 runnervmmprz5 zainod-0.10.1[2778]:     at packages/zaino-chain-head-service/src/service.rs:478
1791660350.709688 runnervmmprz5 zainod-0.10.1[2778]:     in zaino_chain_head_service::service::ChainHeadService::tick
1791660350.710451 runnervmmprz5 zainod-0.10.1[2778]:   19:25:50.710  INFO zaino_chain_head_service::service: Syncing block, height: 4382407, hash: 0000357dec56773062e5cef7da7d5ef2485e7a15a58d023c6cad10bc19d9d434
1791660350.710451 runnervmmprz5 zainod-0.10.1[2778]:     at packages/zaino-chain-head-service/src/service.rs:478
1791660350.710451 runnervmmprz5 zainod-0.10.1[2778]:     in zaino_chain_head_service::service::ChainHeadService::tick
1791660350.711146 runnervmmprz5 zainod-0.10.1[2778]:   19:25:50.711  INFO zaino_chain_head_service::service: Syncing block, height: 4382408, hash: 000009b3bd6253b9eac1ee87e7e1c0bbb5fe0f6cea127d341a1258c9c8cfe22f
1791660350.711146 runnervmmprz5 zainod-0.10.1[2778]:     at packages/zaino-chain-head-service/src/service.rs:478
1791660350.711146 runnervmmprz5 zainod-0.10.1[2778]:     in zaino_chain_head_service::service::ChainHeadService::tick
1791660350.711745 runnervmmprz5 zainod-0.10.1[2778]:   19:25:50.711  INFO zaino_chain_head_service::service: Syncing block, height: 4382409, hash: 000062d9e8fbe73683f75c04b263f51326fa33fcb41a50952cde6790ada17b3b
1791660350.711745 runnervmmprz5 zainod-0.10.1[2778]:     at packages/zaino-chain-head-service/src/service.rs:478
1791660350.711745 runnervmmprz5 zainod-0.10.1[2778]:     in zaino_chain_head_service::service::ChainHeadService::tick
1791660350.712519 runnervmmprz5 zainod-0.10.1[2778]:   19:25:50.712  INFO zaino_chain_head_service::service: Syncing block, height: 4382410, hash: 00006bacabe752de9385f01ef412be53542a7259e8e38cf9e9b04db04d318ec9
1791660350.712519 runnervmmprz5 zainod-0.10.1[2778]:     at packages/zaino-chain-head-service/src/service.rs:478
1791660350.712519 runnervmmprz5 zainod-0.10.1[2778]:     in zaino_chain_head_service::service::ChainHeadService::tick
1791660350.713603 runnervmmprz5 zainod-0.10.1[2778]:   19:25:50.713  INFO zaino_chain_head_service::service: Syncing block, height: 4382411, hash: 00005f7eccb57914d3016fb74fbd11e3bb525f865e799d04e347910038805a3c
1791660350.713603 runnervmmprz5 zainod-0.10.1[2778]:     at packages/zaino-chain-head-service/src/service.rs:478
1791660350.713603 runnervmmprz5 zainod-0.10.1[2778]:     in zaino_chain_head_service::service::ChainHeadService::tick
1791660350.714635 runnervmmprz5 zainod-0.10.1[2778]:   19:25:50.714  INFO zaino_chain_head_service::service: Syncing block, height: 4382412, hash: 003b2760fcfe08a4eb6b1feed8d5b787e98d01cd5b5bf1aa3646fa49f81141e1
1791660350.714635 runnervmmprz5 zainod-0.10.1[2778]:     at packages/zaino-chain-head-service/src/service.rs:478
1791660350.714635 runnervmmprz5 zainod-0.10.1[2778]:     in zaino_chain_head_service::service::ChainHeadService::tick
1791660350.716123 runnervmmprz5 zainod-0.10.1[2778]:   19:25:50.716  INFO zaino_chain_head_service::service: Syncing block, height: 4382413, hash: 0045e9e4be4716e90c05a4240e63f6d0058205d9f0e8100841e044f368c42cc1
1791660350.716123 runnervmmprz5 zainod-0.10.1[2778]:     at packages/zaino-chain-head-service/src/service.rs:478
1791660350.716123 runnervmmprz5 zainod-0.10.1[2778]:     in zaino_chain_head_service::service::ChainHeadService::tick
1791660350.716312 runnervmmprz5 zainod-0.10.1[2778]:   19:25:50.716  INFO zaino_chain_head_service::service: Syncing block, height: 4382414, hash: 000029733f4520ece322dbe085edd19dddf3849f1c147d4c0e20e097955dab61
1791660350.716312 runnervmmprz5 zainod-0.10.1[2778]:     at packages/zaino-chain-head-service/src/service.rs:478
1791660350.716312 runnervmmprz5 zainod-0.10.1[2778]:     in zaino_chain_head_service::service::ChainHeadService::tick
1791660350.717126 runnervmmprz5 zainod-0.10.1[2778]:   19:25:50.717  INFO zaino_chain_head_service::service: Syncing block, height: 4382415, hash: 0045543c7ba7024ed14e91c22fcfa05b5db733992e7a41b2ffd6887f4fced73a
1791660350.717126 runnervmmprz5 zainod-0.10.1[2778]:     at packages/zaino-chain-head-service/src/service.rs:478
1791660350.717126 runnervmmprz5 zainod-0.10.1[2778]:     in zaino_chain_head_service::service::ChainHeadService::tick
1791660350.718377 runnervmmprz5 zainod-0.10.1[2778]:   19:25:50.718  INFO zaino_chain_head_service::service: Syncing block, height: 4382416, hash: 0004ae42a5ae0d4bc97b21f383f951047c0e4b73f99e6db667917a0bd31c1aef
1791660350.718377 runnervmmprz5 zainod-0.10.1[2778]:     at packages/zaino-chain-head-service/src/service.rs:478
1791660350.718377 runnervmmprz5 zainod-0.10.1[2778]:     in zaino_chain_head_service::service::ChainHeadService::tick
1791660350.719161 runnervmmprz5 zainod-0.10.1[2778]:   19:25:50.719  INFO zaino_chain_head_service::service: Syncing block, height: 4382417, hash: 005c9e8397a01819517a775f3a288cc81b96a4d9b5e47948ec0733ee56348c34
1791660350.719161 runnervmmprz5 zainod-0.10.1[2778]:     at packages/zaino-chain-head-service/src/service.rs:478
1791660350.719161 runnervmmprz5 zainod-0.10.1[2778]:     in zaino_chain_head_service::service::ChainHeadService::tick
1791660350.719587 runnervmmprz5 zainod-0.10.1[2778]:   19:25:50.719  INFO zaino_chain_head_service::service: Syncing block, height: 4382418, hash: 0000581eeaf5b8d9cb6b5ebfd1af3151b31ee6a374cede22eae4d3634f205d53
1791660350.719587 runnervmmprz5 zainod-0.10.1[2778]:     at packages/zaino-chain-head-service/src/service.rs:478
1791660350.719587 runnervmmprz5 zainod-0.10.1[2778]:     in zaino_chain_head_service::service::ChainHeadService::tick
1791660350.720049 runnervmmprz5 zainod-0.10.1[2778]:   19:25:50.719  INFO zaino_chain_head_service::service: Syncing block, height: 4382419, hash: 0000287f7e43ae208034716ca32bd04a6b67202eb53ed9e6e2edd9d9042db16f
1791660350.720049 runnervmmprz5 zainod-0.10.1[2778]:     at packages/zaino-chain-head-service/src/service.rs:478
1791660350.720049 runnervmmprz5 zainod-0.10.1[2778]:     in zaino_chain_head_service::service::ChainHeadService::tick
1791660350.720486 runnervmmprz5 zainod-0.10.1[2778]:   19:25:50.720  INFO zaino_chain_head_service::service: Syncing block, height: 4382420, hash: 00004fc044b51e2759c5f092a3c71fbc88d00166021be2e1f06acb531f684b3f
1791660350.720486 runnervmmprz5 zainod-0.10.1[2778]:     at packages/zaino-chain-head-service/src/service.rs:478
1791660350.720486 runnervmmprz5 zainod-0.10.1[2778]:     in zaino_chain_head_service::service::ChainHeadService::tick
1791660350.721308 runnervmmprz5 zainod-0.10.1[2778]:   19:25:50.721  INFO zaino_chain_head_service::service: Syncing block, height: 4382421, hash: 00004b3075709aba7f2bb65d191e6099a9ee84bc5b54eb844dcfdd3b20a6e163
1791660350.721308 runnervmmprz5 zainod-0.10.1[2778]:     at packages/zaino-chain-head-service/src/service.rs:478
1791660350.721308 runnervmmprz5 zainod-0.10.1[2778]:     in zaino_chain_head_service::service::ChainHeadService::tick
1791660350.721891 runnervmmprz5 zainod-0.10.1[2778]:   19:25:50.721  INFO zaino_chain_head_service::service: Syncing block, height: 4382422, hash: 00004b3cece01adaf76a2941382ccdc78b373ba6be5bd16f390cadc8e130fa13
1791660350.721891 runnervmmprz5 zainod-0.10.1[2778]:     at packages/zaino-chain-head-service/src/service.rs:478
1791660350.721891 runnervmmprz5 zainod-0.10.1[2778]:     in zaino_chain_head_service::service::ChainHeadService::tick
1791660350.722562 runnervmmprz5 zainod-0.10.1[2778]:   19:25:50.722  INFO zaino_chain_head_service::service: Syncing block, height: 4382423, hash: 000042f991cd4d5375932c49bf8d92fe6634e28aa0824d801d64da600f1fdb20
1791660350.722562 runnervmmprz5 zainod-0.10.1[2778]:     at packages/zaino-chain-head-service/src/service.rs:478
1791660350.722562 runnervmmprz5 zainod-0.10.1[2778]:     in zaino_chain_head_service::service::ChainHeadService::tick
1791660350.723244 runnervmmprz5 zainod-0.10.1[2778]:   19:25:50.723  INFO zaino_chain_head_service::service: Syncing block, height: 4382424, hash: 00007357dea6264396f0a34d6ce07d2343f4deb5a15f3a296ab1abbed9bc4523
1791660350.723244 runnervmmprz5 zainod-0.10.1[2778]:     at packages/zaino-chain-head-service/src/service.rs:478
1791660350.723244 runnervmmprz5 zainod-0.10.1[2778]:     in zaino_chain_head_service::service::ChainHeadService::tick
1791660350.723515 runnervmmprz5 zainod-0.10.1[2778]:   19:25:50.723  INFO zaino_chain_head_service::service: Syncing block, height: 4382425, hash: 004d95836e404aaf14a6fd21f3afa08a8b77d70a019da9a3ce2193021beb45e0
1791660350.723515 runnervmmprz5 zainod-0.10.1[2778]:     at packages/zaino-chain-head-service/src/service.rs:478
1791660350.723515 runnervmmprz5 zainod-0.10.1[2778]:     in zaino_chain_head_service::service::ChainHeadService::tick
1791660350.725033 runnervmmprz5 zainod-0.10.1[2778]:   19:25:50.725  INFO zaino_chain_head_service::service: Syncing block, height: 4382426, hash: 0000426ce357a328cb4f59332baca1c58a3e4323d0592dba7c91d0855ff95a68
1791660350.725033 runnervmmprz5 zainod-0.10.1[2778]:     at packages/zaino-chain-head-service/src/service.rs:478
1791660350.725033 runnervmmprz5 zainod-0.10.1[2778]:     in zaino_chain_head_service::service::ChainHeadService::tick
1791660350.725660 runnervmmprz5 zainod-0.10.1[2778]:   19:25:50.725  INFO zaino_chain_head_service::service: Syncing block, height: 4382427, hash: 00007dcdf1c9a6124d555c8ae231fc7e0c35ef7f8d54fdd737aafa6b3f987ce4
1791660350.725660 runnervmmprz5 zainod-0.10.1[2778]:     at packages/zaino-chain-head-service/src/service.rs:478
1791660350.725660 runnervmmprz5 zainod-0.10.1[2778]:     in zaino_chain_head_service::service::ChainHeadService::tick
1791660350.726364 runnervmmprz5 zainod-0.10.1[2778]:   19:25:50.726  INFO zaino_chain_head_service::service: Syncing block, height: 4382428, hash: 00007ded5d624dd2f222cb267da7db8c505c24344c3e0a6f96720f0511b710cd
1791660350.726364 runnervmmprz5 zainod-0.10.1[2778]:     at packages/zaino-chain-head-service/src/service.rs:478
1791660350.726364 runnervmmprz5 zainod-0.10.1[2778]:     in zaino_chain_head_service::service::ChainHeadService::tick
1791660350.726688 runnervmmprz5 zainod-0.10.1[2778]:   19:25:50.726  INFO zaino_chain_head_service::service: Syncing block, height: 4382429, hash: 001d3ef7d8095922783b046cd733ed42df70c843829db01a6d0df977c8a100d1
1791660350.726688 runnervmmprz5 zainod-0.10.1[2778]:     at packages/zaino-chain-head-service/src/service.rs:478
1791660350.726688 runnervmmprz5 zainod-0.10.1[2778]:     in zaino_chain_head_service::service::ChainHeadService::tick
1791660350.730029 runnervmmprz5 zainod-0.10.1[2778]:   19:25:50.729  INFO zaino_chain_head_service::service: Syncing block, height: 4382430, hash: 00006f52db8d8f3d0dcc7ffb7e42d824029b66c118a53358f47315cea2bf3b08
1791660350.730029 runnervmmprz5 zainod-0.10.1[2778]:     at packages/zaino-chain-head-service/src/service.rs:478
1791660350.730029 runnervmmprz5 zainod-0.10.1[2778]:     in zaino_chain_head_service::service::ChainHeadService::tick
1791660350.730320 runnervmmprz5 zainod-0.10.1[2778]:   19:25:50.730  INFO zaino_chain_head_service::service: Syncing block, height: 4382431, hash: 0000304007aa30964b3b3150f45968c851920d62cd8e18083924349be7a9e565
1791660350.730320 runnervmmprz5 zainod-0.10.1[2778]:     at packages/zaino-chain-head-service/src/service.rs:478
1791660350.730320 runnervmmprz5 zainod-0.10.1[2778]:     in zaino_chain_head_service::service::ChainHeadService::tick
1791660350.731420 runnervmmprz5 zainod-0.10.1[2778]:   19:25:50.730  INFO zaino_chain_head_service::service: Syncing block, height: 4382432, hash: 000032ecf3936d0842e713d4f2dc94a228c7a7eaae30423fea34d57694dff1a6
1791660350.731420 runnervmmprz5 zainod-0.10.1[2778]:     at packages/zaino-chain-head-service/src/service.rs:478
1791660350.731420 runnervmmprz5 zainod-0.10.1[2778]:     in zaino_chain_head_service::service::ChainHeadService::tick
1791660350.731660 runnervmmprz5 zainod-0.10.1[2778]:   19:25:50.731  INFO zaino_chain_head_service::service: Syncing block, height: 4382433, hash: 00006439b8166165d50dd5c6440e92399134cade3b970bddd1fd129aede4725f
1791660350.731660 runnervmmprz5 zainod-0.10.1[2778]:     at packages/zaino-chain-head-service/src/service.rs:478
1791660350.731660 runnervmmprz5 zainod-0.10.1[2778]:     in zaino_chain_head_service::service::ChainHeadService::tick
1791660350.732164 runnervmmprz5 zainod-0.10.1[2778]:   19:25:50.732  INFO zaino_chain_head_service::service: Syncing block, height: 4382434, hash: 00003cb1982cb920f212b71d2413c2ea18c652c1ac4fc7349851bcdae84ee00b
1791660350.732164 runnervmmprz5 zainod-0.10.1[2778]:     at packages/zaino-chain-head-service/src/service.rs:478
1791660350.732164 runnervmmprz5 zainod-0.10.1[2778]:     in zaino_chain_head_service::service::ChainHeadService::tick
1791660350.732666 runnervmmprz5 zainod-0.10.1[2778]:   19:25:50.732  INFO zaino_chain_head_service::service: Syncing block, height: 4382435, hash: 000031119467669d03c7c99b9ef69d6ebfe3862459382030f237ef1ac6a22638
1791660350.732666 runnervmmprz5 zainod-0.10.1[2778]:     at packages/zaino-chain-head-service/src/service.rs:478
1791660350.732666 runnervmmprz5 zainod-0.10.1[2778]:     in zaino_chain_head_service::service::ChainHeadService::tick
1791660350.733363 runnervmmprz5 zainod-0.10.1[2778]:   19:25:50.733  INFO zaino_chain_head_service::service: Syncing block, height: 4382436, hash: 000073d24ddeab646b7c1e545f853d0e7e1563201ba46022586a48446cf0b877
1791660350.733363 runnervmmprz5 zainod-0.10.1[2778]:     at packages/zaino-chain-head-service/src/service.rs:478
1791660350.733363 runnervmmprz5 zainod-0.10.1[2778]:     in zaino_chain_head_service::service::ChainHeadService::tick
1791660350.733764 runnervmmprz5 zainod-0.10.1[2778]:   19:25:50.733  INFO zaino_chain_head_service::service: Syncing block, height: 4382437, hash: 00007ad93d805d6834a21b919b6b5891379b0466e636b13552d84a5d0b305505
1791660350.733764 runnervmmprz5 zainod-0.10.1[2778]:     at packages/zaino-chain-head-service/src/service.rs:478
1791660350.733764 runnervmmprz5 zainod-0.10.1[2778]:     in zaino_chain_head_service::service::ChainHeadService::tick
1791660350.734256 runnervmmprz5 zainod-0.10.1[2778]:   19:25:50.734  INFO zaino_chain_head_service::service: Syncing block, height: 4382438, hash: 001d5338abbc258023d044be41a529569c71f4676446d0a80a27f151d664cbdb
1791660350.734256 runnervmmprz5 zainod-0.10.1[2778]:     at packages/zaino-chain-head-service/src/service.rs:478
1791660350.734256 runnervmmprz5 zainod-0.10.1[2778]:     in zaino_chain_head_service::service::ChainHeadService::tick
1791660350.735005 runnervmmprz5 zainod-0.10.1[2778]:   19:25:50.734  INFO zaino_chain_head_service::service: Syncing block, height: 4382439, hash: 00401fb456ecc5beef26799337e7a9daa784ba36489f8dafdebbede93ae53ccf
1791660350.735005 runnervmmprz5 zainod-0.10.1[2778]:     at packages/zaino-chain-head-service/src/service.rs:478
1791660350.735005 runnervmmprz5 zainod-0.10.1[2778]:     in zaino_chain_head_service::service::ChainHeadService::tick
1791660350.735723 runnervmmprz5 zainod-0.10.1[2778]:   19:25:50.735  INFO zaino_chain_head_service::service: Syncing block, height: 4382440, hash: 0009aa96d069994866772b01340ee149fc1542895c50c9891e3a5678f884fcf8
1791660350.735723 runnervmmprz5 zainod-0.10.1[2778]:     at packages/zaino-chain-head-service/src/service.rs:478
1791660350.735723 runnervmmprz5 zainod-0.10.1[2778]:     in zaino_chain_head_service::service::ChainHeadService::tick
1791660350.736993 runnervmmprz5 zainod-0.10.1[2778]:   19:25:50.736  INFO zaino_chain_head_service::service: Syncing block, height: 4382441, hash: 001468d904c0675f14081d3b44546fb3fae1d28c9fe74e45cc78d860ab5adeb7
1791660350.736993 runnervmmprz5 zainod-0.10.1[2778]:     at packages/zaino-chain-head-service/src/service.rs:478
1791660350.736993 runnervmmprz5 zainod-0.10.1[2778]:     in zaino_chain_head_service::service::ChainHeadService::tick
1791660350.737688 runnervmmprz5 zainod-0.10.1[2778]:   19:25:50.737  INFO zaino_chain_head_service::service: Syncing block, height: 4382442, hash: 001ab2f2809236e3c5c89b3c0d40d172d5396d9ef9e0ed3c44f0374bc8296627
1791660350.737688 runnervmmprz5 zainod-0.10.1[2778]:     at packages/zaino-chain-head-service/src/service.rs:478
1791660350.737688 runnervmmprz5 zainod-0.10.1[2778]:     in zaino_chain_head_service::service::ChainHeadService::tick
1791660350.738525 runnervmmprz5 zainod-0.10.1[2778]:   19:25:50.738  INFO zaino_chain_head_service::service: Syncing block, height: 4382443, hash: 00003b329deaf7f2a9105b4903d1233ef778ca7f0d4d2f4acd3ad3de8e72b1b5
1791660350.738525 runnervmmprz5 zainod-0.10.1[2778]:     at packages/zaino-chain-head-service/src/service.rs:478
1791660350.738525 runnervmmprz5 zainod-0.10.1[2778]:     in zaino_chain_head_service::service::ChainHeadService::tick
1791660350.738842 runnervmmprz5 zainod-0.10.1[2778]:   19:25:50.738  INFO zaino_chain_head_service::service: Syncing block, height: 4382444, hash: 000048fc9db0280ace26375baae89f545afded33fa9c8e86e87987dc4b06650c
1791660350.738842 runnervmmprz5 zainod-0.10.1[2778]:     at packages/zaino-chain-head-service/src/service.rs:478
1791660350.738842 runnervmmprz5 zainod-0.10.1[2778]:     in zaino_chain_head_service::service::ChainHeadService::tick
1791660350.739259 runnervmmprz5 zainod-0.10.1[2778]:   19:25:50.739  INFO zaino_chain_head_service::service: Syncing block, height: 4382445, hash: 000054c09d8b67268d83537c5366ff2a69e25e509320205bc8a0bdc5573b594d
1791660350.739259 runnervmmprz5 zainod-0.10.1[2778]:     at packages/zaino-chain-head-service/src/service.rs:478
1791660350.739259 runnervmmprz5 zainod-0.10.1[2778]:     in zaino_chain_head_service::service::ChainHeadService::tick
1791660350.739638 runnervmmprz5 zainod-0.10.1[2778]:   19:25:50.739  INFO zaino_chain_head_service::service: Syncing block, height: 4382446, hash: 000069bea6a2ccc539772a5ddf659cf8ce9512f66c5ab1519adec00a79ecf5f4
1791660350.739638 runnervmmprz5 zainod-0.10.1[2778]:     at packages/zaino-chain-head-service/src/service.rs:478
1791660350.739638 runnervmmprz5 zainod-0.10.1[2778]:     in zaino_chain_head_service::service::ChainHeadService::tick
1791660350.740049 runnervmmprz5 zainod-0.10.1[2778]:   19:25:50.740  INFO zaino_chain_head_service::service: Syncing block, height: 4382447, hash: 00005381d15d37a9711ece5136325245b29ac201fcfe1bcab7eb043e7eb96e8f
1791660350.740049 runnervmmprz5 zainod-0.10.1[2778]:     at packages/zaino-chain-head-service/src/service.rs:478
1791660350.740049 runnervmmprz5 zainod-0.10.1[2778]:     in zaino_chain_head_service::service::ChainHeadService::tick
1791660350.740516 runnervmmprz5 zainod-0.10.1[2778]:   19:25:50.740  INFO zaino_chain_head_service::service: Syncing block, height: 4382448, hash: 000025f5664ec0486b1a31d72b98e950e0ab314ab36518c8b9ed49469e353990
1791660350.740516 runnervmmprz5 zainod-0.10.1[2778]:     at packages/zaino-chain-head-service/src/service.rs:478
1791660350.740516 runnervmmprz5 zainod-0.10.1[2778]:     in zaino_chain_head_service::service::ChainHeadService::tick
1791660350.741014 runnervmmprz5 zainod-0.10.1[2778]:   19:25:50.740  INFO zaino_chain_head_service::service: Syncing block, height: 4382449, hash: 00004e1c5a617298d0618376d7e55e268a9e5df0e72b6102c9a771f7da0b501b
1791660350.741014 runnervmmprz5 zainod-0.10.1[2778]:     at packages/zaino-chain-head-service/src/service.rs:478
1791660350.741014 runnervmmprz5 zainod-0.10.1[2778]:     in zaino_chain_head_service::service::ChainHeadService::tick
1791660350.743109 runnervmmprz5 zainod-0.10.1[2778]:   19:25:50.743  INFO zaino_chain_head_service::service: Syncing block, height: 4382450, hash: 0000256b496dc55ca22abcd2021f095ca01f0faf8126100327307e2851ba3764
1791660350.743109 runnervmmprz5 zainod-0.10.1[2778]:     at packages/zaino-chain-head-service/src/service.rs:478
1791660350.743109 runnervmmprz5 zainod-0.10.1[2778]:     in zaino_chain_head_service::service::ChainHeadService::tick
1791660350.744007 runnervmmprz5 zainod-0.10.1[2778]:   19:25:50.743  INFO zaino_chain_head_service::service: Syncing block, height: 4382451, hash: 0000716e7824f662e988d3cdb275e4d4a4c2a66deeb1028870fe50ab446d323b
1791660350.744007 runnervmmprz5 zainod-0.10.1[2778]:     at packages/zaino-chain-head-service/src/service.rs:478
1791660350.744007 runnervmmprz5 zainod-0.10.1[2778]:     in zaino_chain_head_service::service::ChainHeadService::tick
1791660350.744465 runnervmmprz5 zainod-0.10.1[2778]:   19:25:50.744  INFO zaino_chain_head_service::service: Syncing block, height: 4382452, hash: 00005210ca97cd4b1e92d1c8d77ad2d0eeaae105448a988c3a70e875b0646aba
1791660350.744465 runnervmmprz5 zainod-0.10.1[2778]:     at packages/zaino-chain-head-service/src/service.rs:478
1791660350.744465 runnervmmprz5 zainod-0.10.1[2778]:     in zaino_chain_head_service::service::ChainHeadService::tick
1791660350.745213 runnervmmprz5 zainod-0.10.1[2778]:   19:25:50.745  INFO zaino_chain_head_service::service: Syncing block, height: 4382453, hash: 00000ebda28a54396b35cf0a3f0386d98e12e328cb8aac104e58158fa39ef7e1
1791660350.745213 runnervmmprz5 zainod-0.10.1[2778]:     at packages/zaino-chain-head-service/src/service.rs:478
1791660350.745213 runnervmmprz5 zainod-0.10.1[2778]:     in zaino_chain_head_service::service::ChainHeadService::tick
1791660350.745611 runnervmmprz5 zainod-0.10.1[2778]:   19:25:50.745  INFO zaino_chain_head_service::service: Syncing block, height: 4382454, hash: 002e98ddd167decc1ee62165b1cd59e2b1b600f18e750ddd3dbfc6e7e0330eb9
1791660350.745611 runnervmmprz5 zainod-0.10.1[2778]:     at packages/zaino-chain-head-service/src/service.rs:478
1791660350.745611 runnervmmprz5 zainod-0.10.1[2778]:     in zaino_chain_head_service::service::ChainHeadService::tick
1791660350.746209 runnervmmprz5 zainod-0.10.1[2778]:   19:25:50.746  INFO zaino_chain_head_service::service: Syncing block, height: 4382455, hash: 00003fb60da903cafb101fa9ddfcaaea394286b5f81d80c94222d6f20fe41380
1791660350.746209 runnervmmprz5 zainod-0.10.1[2778]:     at packages/zaino-chain-head-service/src/service.rs:478
1791660350.746209 runnervmmprz5 zainod-0.10.1[2778]:     in zaino_chain_head_service::service::ChainHeadService::tick
1791660350.746588 runnervmmprz5 zainod-0.10.1[2778]:   19:25:50.746  INFO zaino_chain_head_service::service: Syncing block, height: 4382456, hash: 000067cb68401e83a796c025658c4d9bd5e71a8ac123abf8f820d6f4fe85979c
1791660350.746588 runnervmmprz5 zainod-0.10.1[2778]:     at packages/zaino-chain-head-service/src/service.rs:478
1791660350.746588 runnervmmprz5 zainod-0.10.1[2778]:     in zaino_chain_head_service::service::ChainHeadService::tick
1791660350.746948 runnervmmprz5 zainod-0.10.1[2778]:   19:25:50.746  INFO zaino_chain_head_service::service: Syncing block, height: 4382457, hash: 00003bca72b2c802d33ceade5b3403cb1a8081a2dc31e875368c233590c6f023
1791660350.746948 runnervmmprz5 zainod-0.10.1[2778]:     at packages/zaino-chain-head-service/src/service.rs:478
1791660350.746948 runnervmmprz5 zainod-0.10.1[2778]:     in zaino_chain_head_service::service::ChainHeadService::tick
1791660350.747286 runnervmmprz5 zainod-0.10.1[2778]:   19:25:50.747  INFO zaino_chain_head_service::service: Syncing block, height: 4382458, hash: 0000293673bcf6bb9658a3f30c529c44911773c95ca5d34ec4201fb7f52fa3e8
1791660350.747286 runnervmmprz5 zainod-0.10.1[2778]:     at packages/zaino-chain-head-service/src/service.rs:478
1791660350.747286 runnervmmprz5 zainod-0.10.1[2778]:     in zaino_chain_head_service::service::ChainHeadService::tick
1791660350.747647 runnervmmprz5 zainod-0.10.1[2778]:   19:25:50.747  INFO zaino_chain_head_service::service: Syncing block, height: 4382459, hash: 00002b299606a7bf2f54cfc0f7419e8af7c8547265cd63810077e8a5c8ce8b8d
1791660350.747647 runnervmmprz5 zainod-0.10.1[2778]:     at packages/zaino-chain-head-service/src/service.rs:478
1791660350.747647 runnervmmprz5 zainod-0.10.1[2778]:     in zaino_chain_head_service::service::ChainHeadService::tick
1791660350.806449 runnervmmprz5 zainod-0.10.1[2778]:   19:25:50.806  INFO zaino_chain_head_service::service: Syncing block, height: 4382460, hash: 00000a1736724b5b5011cd04211fb60870e24e06e7ec2d3793ca869c70c4e642
1791660350.806449 runnervmmprz5 zainod-0.10.1[2778]:     at packages/zaino-chain-head-service/src/service.rs:478
1791660350.806449 runnervmmprz5 zainod-0.10.1[2778]:     in zaino_chain_head_service::service::ChainHeadService::tick
1791660350.807149 runnervmmprz5 zainod-0.10.1[2778]:   19:25:50.807  INFO zaino_chain_head_service::service: Syncing block, height: 4382461, hash: 0021c9d85a142d5bbe783016307bb620a30e74627e29fe61a8989bd0c907697e
1791660350.807149 runnervmmprz5 zainod-0.10.1[2778]:     at packages/zaino-chain-head-service/src/service.rs:478
1791660350.807149 runnervmmprz5 zainod-0.10.1[2778]:     in zaino_chain_head_service::service::ChainHeadService::tick
1791660350.808188 runnervmmprz5 zainod-0.10.1[2778]:   19:25:50.808  INFO zaino_chain_head_service::service: Syncing block, height: 4382462, hash: 000062a32e601e2161117dc14b90e1279b7bebcaa109b9470969f27e0d11832e
1791660350.808188 runnervmmprz5 zainod-0.10.1[2778]:     at packages/zaino-chain-head-service/src/service.rs:478
1791660350.808188 runnervmmprz5 zainod-0.10.1[2778]:     in zaino_chain_head_service::service::ChainHeadService::tick
1791660350.809034 runnervmmprz5 zainod-0.10.1[2778]:   19:25:50.808  INFO zaino_chain_head_service::service: Syncing block, height: 4382463, hash: 000052a2a592768ce7ef82c3d34081da6a8a264d73e75e2c38623cd9904c33fd
1791660350.809034 runnervmmprz5 zainod-0.10.1[2778]:     at packages/zaino-chain-head-service/src/service.rs:478
1791660350.809034 runnervmmprz5 zainod-0.10.1[2778]:     in zaino_chain_head_service::service::ChainHeadService::tick
1791660350.809452 runnervmmprz5 zainod-0.10.1[2778]:   19:25:50.809  INFO zaino_chain_head_service::service: Syncing block, height: 4382464, hash: 00005b299739f5185fd224c2c7dcb2104b77b4d3cff15dad0fe91f1af4571aca
1791660350.809452 runnervmmprz5 zainod-0.10.1[2778]:     at packages/zaino-chain-head-service/src/service.rs:478
1791660350.809452 runnervmmprz5 zainod-0.10.1[2778]:     in zaino_chain_head_service::service::ChainHeadService::tick
1791660350.810475 runnervmmprz5 zainod-0.10.1[2778]:   19:25:50.810  INFO zaino_chain_head_service::service: Syncing block, height: 4382465, hash: 00001d2164536a7b58a5f9b46e497c0f4c2fc983560cf4b05ab554d376487450
1791660350.810475 runnervmmprz5 zainod-0.10.1[2778]:     at packages/zaino-chain-head-service/src/service.rs:478
1791660350.810475 runnervmmprz5 zainod-0.10.1[2778]:     in zaino_chain_head_service::service::ChainHeadService::tick
1791660350.811208 runnervmmprz5 zainod-0.10.1[2778]:   19:25:50.811  INFO zaino_chain_head_service::service: Syncing block, height: 4382466, hash: 000064f9cf68286d38ad8011bfee108d2a86be62595c82390bb42d6604198cc9
1791660350.811208 runnervmmprz5 zainod-0.10.1[2778]:     at packages/zaino-chain-head-service/src/service.rs:478
1791660350.811208 runnervmmprz5 zainod-0.10.1[2778]:     in zaino_chain_head_service::service::ChainHeadService::tick
1791660350.812591 runnervmmprz5 zainod-0.10.1[2778]:   19:25:50.812  INFO zaino_chain_head_service::service: Syncing block, height: 4382467, hash: 00004154587f4bfdb89264d0d182b9d8b04c35a2f7dce65068ec5318cfd996bc
1791660350.812591 runnervmmprz5 zainod-0.10.1[2778]:     at packages/zaino-chain-head-service/src/service.rs:478
1791660350.812591 runnervmmprz5 zainod-0.10.1[2778]:     in zaino_chain_head_service::service::ChainHeadService::tick
1791660350.813712 runnervmmprz5 zainod-0.10.1[2778]:   19:25:50.813  INFO zaino_chain_head_service::service: Syncing block, height: 4382468, hash: 00000dce993d493fb0b8c9a9773d6d1d4c363e660441e7a39cb2627300278697
1791660350.813712 runnervmmprz5 zainod-0.10.1[2778]:     at packages/zaino-chain-head-service/src/service.rs:478
1791660350.813712 runnervmmprz5 zainod-0.10.1[2778]:     in zaino_chain_head_service::service::ChainHeadService::tick
1791660350.815175 runnervmmprz5 zainod-0.10.1[2778]:   19:25:50.815  INFO zaino_chain_head_service::service: Syncing block, height: 4382469, hash: 000043db7cd629f1645b32eb8c7049b7cf9b4a9d7ed18e1c8163f3c415fd02fd
1791660350.815175 runnervmmprz5 zainod-0.10.1[2778]:     at packages/zaino-chain-head-service/src/service.rs:478
1791660350.815175 runnervmmprz5 zainod-0.10.1[2778]:     in zaino_chain_head_service::service::ChainHeadService::tick
1791660350.815925 runnervmmprz5 zainod-0.10.1[2778]:   19:25:50.815  INFO zaino_chain_head_service::service: Syncing block, height: 4382470, hash: 0000675a7ede3c00aa4465c6a30c94e6c1c6660c3a3c03921671680fa0c63fc1
1791660350.815925 runnervmmprz5 zainod-0.10.1[2778]:     at packages/zaino-chain-head-service/src/service.rs:478
1791660350.815925 runnervmmprz5 zainod-0.10.1[2778]:     in zaino_chain_head_service::service::ChainHeadService::tick
1791660350.816387 runnervmmprz5 zainod-0.10.1[2778]:   19:25:50.816  INFO zaino_chain_head_service::service: Syncing block, height: 4382471, hash: 00005524278da3e1d68a7bc6c31329b45065888b9d745a0212ea87933bedfbc8
1791660350.816387 runnervmmprz5 zainod-0.10.1[2778]:     at packages/zaino-chain-head-service/src/service.rs:478
1791660350.816387 runnervmmprz5 zainod-0.10.1[2778]:     in zaino_chain_head_service::service::ChainHeadService::tick
1791660350.817116 runnervmmprz5 zainod-0.10.1[2778]:   19:25:50.817  INFO zaino_chain_head_service::service: Syncing block, height: 4382472, hash: 000047e70e70ec893c673c1a57f21c0a17bf98eb327251f703ba99a8a30fe0ae
1791660350.817116 runnervmmprz5 zainod-0.10.1[2778]:     at packages/zaino-chain-head-service/src/service.rs:478
1791660350.817116 runnervmmprz5 zainod-0.10.1[2778]:     in zaino_chain_head_service::service::ChainHeadService::tick
1791660350.817558 runnervmmprz5 zainod-0.10.1[2778]:   19:25:50.817  INFO zaino_chain_head_service::service: Syncing block, height: 4382473, hash: 0000020f97ee5071e6748ac96362d81e07633071474b7fa2adeb145bb90e34fc
1791660350.817558 runnervmmprz5 zainod-0.10.1[2778]:     at packages/zaino-chain-head-service/src/service.rs:478
1791660350.817558 runnervmmprz5 zainod-0.10.1[2778]:     in zaino_chain_head_service::service::ChainHeadService::tick
1791660350.818323 runnervmmprz5 zainod-0.10.1[2778]:   19:25:50.818  INFO zaino_chain_head_service::service: Syncing block, height: 4382474, hash: 001f475e4ae7e3d4718afa512c15213bc210666c6c3a42633c7c7416335d31ff
1791660350.818323 runnervmmprz5 zainod-0.10.1[2778]:     at packages/zaino-chain-head-service/src/service.rs:478
1791660350.818323 runnervmmprz5 zainod-0.10.1[2778]:     in zaino_chain_head_service::service::ChainHeadService::tick
1791660350.819078 runnervmmprz5 zainod-0.10.1[2778]:   19:25:50.818  INFO zaino_chain_head_service::service: Syncing block, height: 4382475, hash: 00006d392d8aa770faaeb9b7f0031cee06fb52dda8d8adbb6494e6dda96f74d0
1791660350.819078 runnervmmprz5 zainod-0.10.1[2778]:     at packages/zaino-chain-head-service/src/service.rs:478
1791660350.819078 runnervmmprz5 zainod-0.10.1[2778]:     in zaino_chain_head_service::service::ChainHeadService::tick
1791660350.819672 runnervmmprz5 zainod-0.10.1[2778]:   19:25:50.819  INFO zaino_chain_head_service::service: Syncing block, height: 4382476, hash: 000bd88d8043f83ec80d48ed89daaa9c0a0eb57af05344e8085f78b77372f207
1791660350.819672 runnervmmprz5 zainod-0.10.1[2778]:     at packages/zaino-chain-head-service/src/service.rs:478
1791660350.819672 runnervmmprz5 zainod-0.10.1[2778]:     in zaino_chain_head_service::service::ChainHeadService::tick
1791660350.820116 runnervmmprz5 zainod-0.10.1[2778]:   19:25:50.820  INFO zaino_chain_head_service::service: Syncing block, height: 4382477, hash: 001b033454a1f82387121b285b6e32975c789595d0b618e3bb11f49ae0b84b15
1791660350.820116 runnervmmprz5 zainod-0.10.1[2778]:     at packages/zaino-chain-head-service/src/service.rs:478
1791660350.820116 runnervmmprz5 zainod-0.10.1[2778]:     in zaino_chain_head_service::service::ChainHeadService::tick
1791660350.820617 runnervmmprz5 zainod-0.10.1[2778]:   19:25:50.820  INFO zaino_chain_head_service::service: Syncing block, height: 4382478, hash: 00006bb91c762329dee2d4a55b50e326ac8b48b0c8f9075d5c4f60b202330d63
1791660350.820617 runnervmmprz5 zainod-0.10.1[2778]:     at packages/zaino-chain-head-service/src/service.rs:478
1791660350.820617 runnervmmprz5 zainod-0.10.1[2778]:     in zaino_chain_head_service::service::ChainHeadService::tick
1791660350.821621 runnervmmprz5 zainod-0.10.1[2778]:   19:25:50.821  INFO zaino_chain_head_service::service: Syncing block, height: 4382479, hash: 00022dbf39c9cac14b189546f6a791d225382bf089019e2a1ce7bdbdf59215c2
1791660350.821621 runnervmmprz5 zainod-0.10.1[2778]:     at packages/zaino-chain-head-service/src/service.rs:478
1791660350.821621 runnervmmprz5 zainod-0.10.1[2778]:     in zaino_chain_head_service::service::ChainHeadService::tick
1791660350.823705 runnervmmprz5 zainod-0.10.1[2778]:   19:25:50.823  INFO zaino_chain_head_service::service: Syncing block, height: 4382480, hash: 000036ebc0fa755adbe90f8631471a78217de3e0f79cd4bea510a6b75ae2d54a
1791660350.823705 runnervmmprz5 zainod-0.10.1[2778]:     at packages/zaino-chain-head-service/src/service.rs:478
1791660350.823705 runnervmmprz5 zainod-0.10.1[2778]:     in zaino_chain_head_service::service::ChainHeadService::tick
1791660350.824154 runnervmmprz5 zainod-0.10.1[2778]:   19:25:50.824  INFO zaino_chain_head_service::service: Syncing block, height: 4382481, hash: 00007cfa228b0682bbfbd655e779c018bcd18e65cf8096cb4f9ab537ae417e9e
1791660350.824154 runnervmmprz5 zainod-0.10.1[2778]:     at packages/zaino-chain-head-service/src/service.rs:478
1791660350.824154 runnervmmprz5 zainod-0.10.1[2778]:     in zaino_chain_head_service::service::ChainHeadService::tick
1791660350.824907 runnervmmprz5 zainod-0.10.1[2778]:   19:25:50.824  INFO zaino_chain_head_service::service: Syncing block, height: 4382482, hash: 0000160bd52971d161e0e94d5caf9cfc4bd420bc2d9fe189b361a2a77c5b3518
1791660350.824907 runnervmmprz5 zainod-0.10.1[2778]:     at packages/zaino-chain-head-service/src/service.rs:478
1791660350.824907 runnervmmprz5 zainod-0.10.1[2778]:     in zaino_chain_head_service::service::ChainHeadService::tick
1791660350.825845 runnervmmprz5 zainod-0.10.1[2778]:   19:25:50.825  INFO zaino_chain_head_service::service: Syncing block, height: 4382483, hash: 00004faf8ee8bf7e4b39bbf54d4d7f998dbd61bef20b5985e830a626d3e58954
1791660350.825845 runnervmmprz5 zainod-0.10.1[2778]:     at packages/zaino-chain-head-service/src/service.rs:478
1791660350.825845 runnervmmprz5 zainod-0.10.1[2778]:     in zaino_chain_head_service::service::ChainHeadService::tick
1791660350.840397 runnervmmprz5 zainod-0.10.1[2778]:   19:25:50.840  INFO zaino_chain_head_service::service: Syncing block, height: 4382484, hash: 000057ed5b70dec6e7927f7829090280e836bf3848116b8218e13d781bf28fe2
1791660350.840397 runnervmmprz5 zainod-0.10.1[2778]:     at packages/zaino-chain-head-service/src/service.rs:478
1791660350.840397 runnervmmprz5 zainod-0.10.1[2778]:     in zaino_chain_head_service::service::ChainHeadService::tick
1791660350.841302 runnervmmprz5 zainod-0.10.1[2778]:   19:25:50.841  INFO zaino_chain_head_service::service: Syncing block, height: 4382485, hash: 00006df791090d49ff8ae34b8e98a026141b1577c0e39d29e06c06ca514a8772
1791660350.841302 runnervmmprz5 zainod-0.10.1[2778]:     at packages/zaino-chain-head-service/src/service.rs:478
1791660350.841302 runnervmmprz5 zainod-0.10.1[2778]:     in zaino_chain_head_service::service::ChainHeadService::tick
1791660350.842007 runnervmmprz5 zainod-0.10.1[2778]:   19:25:50.841  INFO zaino_chain_head_service::service: Syncing block, height: 4382486, hash: 0000268fa63df91d4a69ae71b082323ac6e5f907f03b12ebcbe82ecb66c7f1b0
1791660350.842007 runnervmmprz5 zainod-0.10.1[2778]:     at packages/zaino-chain-head-service/src/service.rs:478
1791660350.842007 runnervmmprz5 zainod-0.10.1[2778]:     in zaino_chain_head_service::service::ChainHeadService::tick
1791660350.842466 runnervmmprz5 zainod-0.10.1[2778]:   19:25:50.842  INFO zaino_chain_head_service::service: Syncing block, height: 4382487, hash: 0015cedc69281148d6915ef4a3dd0043f15451fdfd7b1fb2aafc574924489ba1
1791660350.842466 runnervmmprz5 zainod-0.10.1[2778]:     at packages/zaino-chain-head-service/src/service.rs:478
1791660350.842466 runnervmmprz5 zainod-0.10.1[2778]:     in zaino_chain_head_service::service::ChainHeadService::tick
1791660350.843016 runnervmmprz5 zainod-0.10.1[2778]:   19:25:50.842  INFO zaino_chain_head_service::service: Syncing block, height: 4382488, hash: 000014ab19c3adbf634c3f923f21fc1fd550459cf4bc227d686ec7f882da3fc9
1791660350.843016 runnervmmprz5 zainod-0.10.1[2778]:     at packages/zaino-chain-head-service/src/service.rs:478
1791660350.843016 runnervmmprz5 zainod-0.10.1[2778]:     in zaino_chain_head_service::service::ChainHeadService::tick
1791660350.843419 runnervmmprz5 zainod-0.10.1[2778]:   19:25:50.843  INFO zaino_chain_head_service::service: Syncing block, height: 4382489, hash: 00000548dc1d2bc5cfe8b1bd2f59d0107742b71f8a40284a95d940c8c491d586
1791660350.843419 runnervmmprz5 zainod-0.10.1[2778]:     at packages/zaino-chain-head-service/src/service.rs:478
1791660350.843419 runnervmmprz5 zainod-0.10.1[2778]:     in zaino_chain_head_service::service::ChainHeadService::tick
1791660350.844121 runnervmmprz5 zainod-0.10.1[2778]:   19:25:50.844  INFO zaino_chain_head_service::service: Syncing block, height: 4382490, hash: 0002c18acb73684e8a2388d13d523916dafdf28487e190d9b36273c38f0f7162
1791660350.844121 runnervmmprz5 zainod-0.10.1[2778]:     at packages/zaino-chain-head-service/src/service.rs:478
1791660350.844121 runnervmmprz5 zainod-0.10.1[2778]:     in zaino_chain_head_service::service::ChainHeadService::tick
1791660350.845186 runnervmmprz5 zainod-0.10.1[2778]:   19:25:50.844  INFO zaino_chain_head_service::service: Syncing block, height: 4382491, hash: 00001d556c100ed4b37f27905d7377a971a332aa69d6f0a744fb3d6ffff21870
1791660350.845186 runnervmmprz5 zainod-0.10.1[2778]:     at packages/zaino-chain-head-service/src/service.rs:478
1791660350.845186 runnervmmprz5 zainod-0.10.1[2778]:     in zaino_chain_head_service::service::ChainHeadService::tick
1791660350.845713 runnervmmprz5 zainod-0.10.1[2778]:   19:25:50.845  INFO zaino_chain_head_service::service: Syncing block, height: 4382492, hash: 00006eccd93a3bddd0235174c44b5be6f94fa1870fb67214d90c501fe11b91c1
1791660350.845713 runnervmmprz5 zainod-0.10.1[2778]:     at packages/zaino-chain-head-service/src/service.rs:478
1791660350.845713 runnervmmprz5 zainod-0.10.1[2778]:     in zaino_chain_head_service::service::ChainHeadService::tick
1791660350.846079 runnervmmprz5 zainod-0.10.1[2778]:   19:25:50.846  INFO zaino_chain_head_service::service: Syncing block, height: 4382493, hash: 0005405a10b967160b89ef475b22d66714ed4588011fab8a927a09561e09f8fd
1791660350.846079 runnervmmprz5 zainod-0.10.1[2778]:     at packages/zaino-chain-head-service/src/service.rs:478
1791660350.846079 runnervmmprz5 zainod-0.10.1[2778]:     in zaino_chain_head_service::service::ChainHeadService::tick
1791660350.846558 runnervmmprz5 zainod-0.10.1[2778]:   19:25:50.846  INFO zaino_chain_head_service::service: Syncing block, height: 4382494, hash: 00002bd33f0533417cd860c0ae72023f5607995cc8a6dbd1d4c074f6e6c74bfb
1791660350.846558 runnervmmprz5 zainod-0.10.1[2778]:     at packages/zaino-chain-head-service/src/service.rs:478
1791660350.846558 runnervmmprz5 zainod-0.10.1[2778]:     in zaino_chain_head_service::service::ChainHeadService::tick
1791660350.846905 runnervmmprz5 zainod-0.10.1[2778]:   19:25:50.846  INFO zaino_chain_head_service::service: Syncing block, height: 4382495, hash: 0010d0d7b9998d9cb48fe33a79e8d12661de9cb44959700e55d9a83ab2e087d7
1791660350.846905 runnervmmprz5 zainod-0.10.1[2778]:     at packages/zaino-chain-head-service/src/service.rs:478
1791660350.846905 runnervmmprz5 zainod-0.10.1[2778]:     in zaino_chain_head_service::service::ChainHeadService::tick
1791660350.848028 runnervmmprz5 zainod-0.10.1[2778]:   19:25:50.847  INFO zaino_chain_head_service::service: Syncing block, height: 4382496, hash: 0000075cc99277d752de6c3772a7f6a4d3b1732cf4efdc3ee582326a0b0d21d7
1791660350.848028 runnervmmprz5 zainod-0.10.1[2778]:     at packages/zaino-chain-head-service/src/service.rs:478
1791660350.848028 runnervmmprz5 zainod-0.10.1[2778]:     in zaino_chain_head_service::service::ChainHeadService::tick
1791660350.848470 runnervmmprz5 zainod-0.10.1[2778]:   19:25:50.848  INFO zaino_chain_head_service::service: Syncing block, height: 4382497, hash: 00002895d36b6851c33d0d7c5bd1f535520dfc8ebee26945274adcce02b0d67e
1791660350.848470 runnervmmprz5 zainod-0.10.1[2778]:     at packages/zaino-chain-head-service/src/service.rs:478
1791660350.848470 runnervmmprz5 zainod-0.10.1[2778]:     in zaino_chain_head_service::service::ChainHeadService::tick
1791660350.852002 runnervmmprz5 zainod-0.10.1[2778]:   19:25:50.851  INFO zaino_chain_head_service::service: Syncing block, height: 4382498, hash: 00007bdd35c47afd1c88a28bb0a3671157f722728df7dabd84cb09ce9c7f73c8
1791660350.852002 runnervmmprz5 zainod-0.10.1[2778]:     at packages/zaino-chain-head-service/src/service.rs:478
1791660350.852002 runnervmmprz5 zainod-0.10.1[2778]:     in zaino_chain_head_service::service::ChainHeadService::tick
1791660350.852475 runnervmmprz5 zainod-0.10.1[2778]:   19:25:50.852  INFO zaino_chain_head_service::service: Syncing block, height: 4382499, hash: 000015a050ec303eccd9ce1e0cdcdda4db4101f504fbef068737bec4ed79bf25
1791660350.852475 runnervmmprz5 zainod-0.10.1[2778]:     at packages/zaino-chain-head-service/src/service.rs:478
1791660350.852475 runnervmmprz5 zainod-0.10.1[2778]:     in zaino_chain_head_service::service::ChainHeadService::tick
1791660350.853530 runnervmmprz5 zainod-0.10.1[2778]:   19:25:50.853  INFO zaino_chain_head_service::service: Syncing block, height: 4382500, hash: 0000587d3f6b42f4e35a1234cbf8eed95814df9da03d642b13578e95989fe049
1791660350.853530 runnervmmprz5 zainod-0.10.1[2778]:     at packages/zaino-chain-head-service/src/service.rs:478
1791660350.853530 runnervmmprz5 zainod-0.10.1[2778]:     in zaino_chain_head_service::service::ChainHeadService::tick
1791660350.854276 runnervmmprz5 zainod-0.10.1[2778]:   19:25:50.854  INFO zaino_chain_head_service::service: Syncing block, height: 4382501, hash: 000071aba5eb311e645613ebfe71242505e6e3c0c8c142b64b6676c5deb46863
1791660350.854276 runnervmmprz5 zainod-0.10.1[2778]:     at packages/zaino-chain-head-service/src/service.rs:478
1791660350.854276 runnervmmprz5 zainod-0.10.1[2778]:     in zaino_chain_head_service::service::ChainHeadService::tick
1791660350.855087 runnervmmprz5 zainod-0.10.1[2778]:   19:25:50.855  INFO zaino_chain_head_service::service: Syncing block, height: 4382502, hash: 00003c8b97e0cc0332ec86a88c46e034cbc90b47f7ccb667c5a6029090ee7076
1791660350.855087 runnervmmprz5 zainod-0.10.1[2778]:     at packages/zaino-chain-head-service/src/service.rs:478
1791660350.855087 runnervmmprz5 zainod-0.10.1[2778]:     in zaino_chain_head_service::service::ChainHeadService::tick
1791660350.855726 runnervmmprz5 zainod-0.10.1[2778]:   19:25:50.855  INFO zaino_chain_head_service::service: Syncing block, height: 4382503, hash: 00006692dcd16059f766422342bd226e839609c15bb4ddec46c6304b7398bf19
1791660350.855726 runnervmmprz5 zainod-0.10.1[2778]:     at packages/zaino-chain-head-service/src/service.rs:478
1791660350.855726 runnervmmprz5 zainod-0.10.1[2778]:     in zaino_chain_head_service::service::ChainHeadService::tick
1791660350.856873 runnervmmprz5 zainod-0.10.1[2778]:   19:25:50.856  INFO zaino_chain_head_service::service: Syncing block, height: 4382504, hash: 00001c47cc31fc3a6d58be4153e71f739f3841d46da77fa5b836fe8e8fc937f2
1791660350.856873 runnervmmprz5 zainod-0.10.1[2778]:     at packages/zaino-chain-head-service/src/service.rs:478
1791660350.856873 runnervmmprz5 zainod-0.10.1[2778]:     in zaino_chain_head_service::service::ChainHeadService::tick
1791660350.860775 runnervmmprz5 zainod-0.10.1[2778]:   19:25:50.860  INFO zaino_chain_head_service::service: Syncing block, height: 4382505, hash: 00000322ec9411a9eb36486156c5054d1fd46708c01be59e9fbd57382dcfffc0
1791660350.860775 runnervmmprz5 zainod-0.10.1[2778]:     at packages/zaino-chain-head-service/src/service.rs:478
1791660350.860775 runnervmmprz5 zainod-0.10.1[2778]:     in zaino_chain_head_service::service::ChainHeadService::tick
1791660350.861733 runnervmmprz5 zainod-0.10.1[2778]:   19:25:50.861  INFO zaino_chain_head_service::service: Syncing block, height: 4382506, hash: 0000091a8b78a833bfb903aca9d7467e7f179e9fd23b5ee5fbbb32eeca42e433
1791660350.861733 runnervmmprz5 zainod-0.10.1[2778]:     at packages/zaino-chain-head-service/src/service.rs:478
1791660350.861733 runnervmmprz5 zainod-0.10.1[2778]:     in zaino_chain_head_service::service::ChainHeadService::tick
1791660350.862364 runnervmmprz5 zainod-0.10.1[2778]:   19:25:50.862  INFO zaino_chain_head_service::service: Syncing block, height: 4382507, hash: 00002e262d09f334785394a87822f7a45adedb839fcd31d234b4fb6d98783a8e
1791660350.862364 runnervmmprz5 zainod-0.10.1[2778]:     at packages/zaino-chain-head-service/src/service.rs:478
1791660350.862364 runnervmmprz5 zainod-0.10.1[2778]:     in zaino_chain_head_service::service::ChainHeadService::tick
1791660350.862980 runnervmmprz5 zainod-0.10.1[2778]:   19:25:50.862  INFO zaino_chain_head_service::service: Syncing block, height: 4382508, hash: 0000418a64dcc767f8dcc937f2574b0b23b9d281d9e0a908d2f8dc3930fb05fc
1791660350.862980 runnervmmprz5 zainod-0.10.1[2778]:     at packages/zaino-chain-head-service/src/service.rs:478
1791660350.862980 runnervmmprz5 zainod-0.10.1[2778]:     in zaino_chain_head_service::service::ChainHeadService::tick
1791660350.863532 runnervmmprz5 zainod-0.10.1[2778]:   19:25:50.863  INFO zaino_chain_head_service::service: Syncing block, height: 4382509, hash: 00004bb6a3d0089669b7a3400d065cdd64cc5d92535e463137b11a2f99b420c4
1791660350.863532 runnervmmprz5 zainod-0.10.1[2778]:     at packages/zaino-chain-head-service/src/service.rs:478
1791660350.863532 runnervmmprz5 zainod-0.10.1[2778]:     in zaino_chain_head_service::service::ChainHeadService::tick
1791660350.864367 runnervmmprz5 zainod-0.10.1[2778]:   19:25:50.864  INFO zaino_chain_head_service::service: Syncing block, height: 4382510, hash: 000013a6778b5cd1cb4ba80f11b66da5098a01888f26c4b27cc3f1104f087bfa
1791660350.864367 runnervmmprz5 zainod-0.10.1[2778]:     at packages/zaino-chain-head-service/src/service.rs:478
1791660350.864367 runnervmmprz5 zainod-0.10.1[2778]:     in zaino_chain_head_service::service::ChainHeadService::tick
1791660350.864919 runnervmmprz5 zainod-0.10.1[2778]:   19:25:50.864  INFO zaino_chain_head_service::service: Syncing block, height: 4382511, hash: 000041e717921de763a31824d6dd6cfceb1bef0a8031589002d8a0ed39a0cf54
1791660350.864919 runnervmmprz5 zainod-0.10.1[2778]:     at packages/zaino-chain-head-service/src/service.rs:478
1791660350.864919 runnervmmprz5 zainod-0.10.1[2778]:     in zaino_chain_head_service::service::ChainHeadService::tick
1791660350.865822 runnervmmprz5 zainod-0.10.1[2778]:   19:25:50.865  INFO zaino_chain_head_service::service: Syncing block, height: 4382512, hash: 000001fd5242179b85d9c97331415864f813685728bb0c68961e8aeacc919bb2
1791660350.865822 runnervmmprz5 zainod-0.10.1[2778]:     at packages/zaino-chain-head-service/src/service.rs:478
1791660350.865822 runnervmmprz5 zainod-0.10.1[2778]:     in zaino_chain_head_service::service::ChainHeadService::tick
1791660350.866049 runnervmmprz5 zainod-0.10.1[2778]:   19:25:50.866  INFO zaino_chain_head_service::service: Syncing block, height: 4382513, hash: 00004399ce6287ef4de98702015a041df7b28590c6a007c56ddd9ef7dddfc2fe
1791660350.866049 runnervmmprz5 zainod-0.10.1[2778]:     at packages/zaino-chain-head-service/src/service.rs:478
1791660350.866049 runnervmmprz5 zainod-0.10.1[2778]:     in zaino_chain_head_service::service::ChainHeadService::tick
1791660350.867644 runnervmmprz5 zainod-0.10.1[2778]:   19:25:50.867  INFO zaino_chain_head_service::service: Syncing block, height: 4382514, hash: 00001b3c051f4e267668a84d496ba82e867c9cb412489df067fcefc65fe6ac4e
1791660350.867644 runnervmmprz5 zainod-0.10.1[2778]:     at packages/zaino-chain-head-service/src/service.rs:478
1791660350.867644 runnervmmprz5 zainod-0.10.1[2778]:     in zaino_chain_head_service::service::ChainHeadService::tick
1791660350.868347 runnervmmprz5 zainod-0.10.1[2778]:   19:25:50.868  INFO zaino_chain_head_service::service: Syncing block, height: 4382515, hash: 00006e3e4c317142385fe0f07eab081d98ec64f00280eb91067a3e548720994e
1791660350.868347 runnervmmprz5 zainod-0.10.1[2778]:     at packages/zaino-chain-head-service/src/service.rs:478
1791660350.868347 runnervmmprz5 zainod-0.10.1[2778]:     in zaino_chain_head_service::service::ChainHeadService::tick
1791660350.869136 runnervmmprz5 zainod-0.10.1[2778]:   19:25:50.869  INFO zaino_chain_head_service::service: Syncing block, height: 4382516, hash: 000008ad102fa3c345983cc12a06f0362827054a509eb1a98e6b1f5bc50cdb0f
1791660350.869136 runnervmmprz5 zainod-0.10.1[2778]:     at packages/zaino-chain-head-service/src/service.rs:478
1791660350.869136 runnervmmprz5 zainod-0.10.1[2778]:     in zaino_chain_head_service::service::ChainHeadService::tick
1791660350.869520 runnervmmprz5 zainod-0.10.1[2778]:   19:25:50.869  INFO zaino_chain_head_service::service: Syncing block, height: 4382517, hash: 00007233c4a0e083004ee5e55859f530efa3720365938fac5f0e72500ba9af5d
1791660350.869520 runnervmmprz5 zainod-0.10.1[2778]:     at packages/zaino-chain-head-service/src/service.rs:478
1791660350.869520 runnervmmprz5 zainod-0.10.1[2778]:     in zaino_chain_head_service::service::ChainHeadService::tick
1791660350.870325 runnervmmprz5 zainod-0.10.1[2778]:   19:25:50.870  INFO zaino_chain_head_service::service: Syncing block, height: 4382518, hash: 00006bc5b05e110a77fe8e776fa49a315e2a5ed8a154048f889f2f82cf0affca
1791660350.870325 runnervmmprz5 zainod-0.10.1[2778]:     at packages/zaino-chain-head-service/src/service.rs:478
1791660350.870325 runnervmmprz5 zainod-0.10.1[2778]:     in zaino_chain_head_service::service::ChainHeadService::tick
1791660350.870826 runnervmmprz5 zainod-0.10.1[2778]:   19:25:50.870  INFO zaino_chain_head_service::service: Syncing block, height: 4382519, hash: 00002d1d546081b78abd1572cebad2c7e23814f1218c6d780276b374edfea019
1791660350.870826 runnervmmprz5 zainod-0.10.1[2778]:     at packages/zaino-chain-head-service/src/service.rs:478
1791660350.870826 runnervmmprz5 zainod-0.10.1[2778]:     in zaino_chain_head_service::service::ChainHeadService::tick
1791660350.871500 runnervmmprz5 zainod-0.10.1[2778]:   19:25:50.871  INFO zaino_chain_head_service::service: Syncing block, height: 4382520, hash: 00003f1c2d0fecb92cd703680e14a540b95ee981af6aba7000e0a924fe4cb1c7
1791660350.871500 runnervmmprz5 zainod-0.10.1[2778]:     at packages/zaino-chain-head-service/src/service.rs:478
1791660350.871500 runnervmmprz5 zainod-0.10.1[2778]:     in zaino_chain_head_service::service::ChainHeadService::tick
1791660350.872037 runnervmmprz5 zainod-0.10.1[2778]:   19:25:50.871  INFO zaino_chain_head_service::service: Syncing block, height: 4382521, hash: 0000524283d56f2a5b44db5c957b782719c732c7123fd13edca0f88c481b6549
1791660350.872037 runnervmmprz5 zainod-0.10.1[2778]:     at packages/zaino-chain-head-service/src/service.rs:478
1791660350.872037 runnervmmprz5 zainod-0.10.1[2778]:     in zaino_chain_head_service::service::ChainHeadService::tick
1791660350.873210 runnervmmprz5 zainod-0.10.1[2778]:   19:25:50.873  INFO zaino_chain_head_service::service: Syncing block, height: 4382522, hash: 00004e61c3d1e23e65ac260a0225de8554cdbfa4df408d315900502b713530d5
1791660350.873210 runnervmmprz5 zainod-0.10.1[2778]:     at packages/zaino-chain-head-service/src/service.rs:478
1791660350.873210 runnervmmprz5 zainod-0.10.1[2778]:     in zaino_chain_head_service::service::ChainHeadService::tick
1791660350.873886 runnervmmprz5 zainod-0.10.1[2778]:   19:25:50.873  INFO zaino_chain_head_service::service: Syncing block, height: 4382523, hash: 00005dbd1628fc5af11d919bba5be8bea17d4c767e4010eddd6e6cf41628a054
1791660350.873886 runnervmmprz5 zainod-0.10.1[2778]:     at packages/zaino-chain-head-service/src/service.rs:478
1791660350.873886 runnervmmprz5 zainod-0.10.1[2778]:     in zaino_chain_head_service::service::ChainHeadService::tick
1791660350.874561 runnervmmprz5 zainod-0.10.1[2778]:   19:25:50.874  INFO zaino_chain_head_service::service: Syncing block, height: 4382524, hash: 000045603e1ed261ff35e406f4f5fa45164f131aa2b422409edba1d68341f474
1791660350.874561 runnervmmprz5 zainod-0.10.1[2778]:     at packages/zaino-chain-head-service/src/service.rs:478
1791660350.874561 runnervmmprz5 zainod-0.10.1[2778]:     in zaino_chain_head_service::service::ChainHeadService::tick
1791660350.881311 runnervmmprz5 zainod-0.10.1[2778]:   19:25:50.881  INFO zaino_chain_head_service::service: Syncing block, height: 4382525, hash: 0000707963d5824942560e1acc68a10e6b681f810a59cf29cdeccb41a96e6830
1791660350.881311 runnervmmprz5 zainod-0.10.1[2778]:     at packages/zaino-chain-head-service/src/service.rs:478
1791660350.881311 runnervmmprz5 zainod-0.10.1[2778]:     in zaino_chain_head_service::service::ChainHeadService::tick
1791660350.883050 runnervmmprz5 zainod-0.10.1[2778]:   19:25:50.883  INFO zaino_chain_head_service::service: Syncing block, height: 4382526, hash: 0000461caebff56cc18b3b11d782984d1a486593b95ae855b32c9465fe2b9da1
1791660350.883050 runnervmmprz5 zainod-0.10.1[2778]:     at packages/zaino-chain-head-service/src/service.rs:478
1791660350.883050 runnervmmprz5 zainod-0.10.1[2778]:     in zaino_chain_head_service::service::ChainHeadService::tick
1791660350.883604 runnervmmprz5 zainod-0.10.1[2778]:   19:25:50.883  INFO zaino_chain_head_service::service: Syncing block, height: 4382527, hash: 000056d135c378cace41fb826c10880161f4da74cef239ba16ecc7279f4791a1
1791660350.883604 runnervmmprz5 zainod-0.10.1[2778]:     at packages/zaino-chain-head-service/src/service.rs:478
1791660350.883604 runnervmmprz5 zainod-0.10.1[2778]:     in zaino_chain_head_service::service::ChainHeadService::tick
1791660350.884342 runnervmmprz5 zainod-0.10.1[2778]:   19:25:50.884  INFO zaino_chain_head_service::service: Syncing block, height: 4382528, hash: 000035afe27b1f81ce328f2ea38e93b0f109b6f6a08888f160fd0def84489761
1791660350.884342 runnervmmprz5 zainod-0.10.1[2778]:     at packages/zaino-chain-head-service/src/service.rs:478
1791660350.884342 runnervmmprz5 zainod-0.10.1[2778]:     in zaino_chain_head_service::service::ChainHeadService::tick
1791660350.884845 runnervmmprz5 zainod-0.10.1[2778]:   19:25:50.884  INFO zaino_chain_head_service::service: Syncing block, height: 4382529, hash: 00007453381d71c9091319423d5a1f4a99d3a15475ea6919bf8fdd8dca696673
1791660350.884845 runnervmmprz5 zainod-0.10.1[2778]:     at packages/zaino-chain-head-service/src/service.rs:478
1791660350.884845 runnervmmprz5 zainod-0.10.1[2778]:     in zaino_chain_head_service::service::ChainHeadService::tick
1791660350.885134 runnervmmprz5 zainod-0.10.1[2778]:   19:25:50.885  INFO zaino_chain_head_service::service: Syncing block, height: 4382530, hash: 00005814af515684c9400b1c142879f1b780b7ecdda8fcb7f6ba86545b9c6ad9
1791660350.885134 runnervmmprz5 zainod-0.10.1[2778]:     at packages/zaino-chain-head-service/src/service.rs:478
1791660350.885134 runnervmmprz5 zainod-0.10.1[2778]:     in zaino_chain_head_service::service::ChainHeadService::tick
1791660350.885634 runnervmmprz5 zainod-0.10.1[2778]:   19:25:50.885  INFO zaino_chain_head_service::service: Syncing block, height: 4382531, hash: 00002ed0dfb76a65729c95251a0f95e63e158b065ddf674c31c302b5189b8c39
1791660350.885634 runnervmmprz5 zainod-0.10.1[2778]:     at packages/zaino-chain-head-service/src/service.rs:478
1791660350.885634 runnervmmprz5 zainod-0.10.1[2778]:     in zaino_chain_head_service::service::ChainHeadService::tick
1791660350.885933 runnervmmprz5 zainod-0.10.1[2778]:   19:25:50.885  INFO zaino_chain_head_service::service: Syncing block, height: 4382532, hash: 0000212511c70e0b2e73b6f687bcd04945815597fc76f1d0866fb0d0cc7bbe55
1791660350.885933 runnervmmprz5 zainod-0.10.1[2778]:     at packages/zaino-chain-head-service/src/service.rs:478
1791660350.885933 runnervmmprz5 zainod-0.10.1[2778]:     in zaino_chain_head_service::service::ChainHeadService::tick
1791660350.886393 runnervmmprz5 zainod-0.10.1[2778]:   19:25:50.886  INFO zaino_chain_head_service::service: Syncing block, height: 4382533, hash: 000063febd6db2d085b0de1070c5bc4321de9bfadaf14c2ddc18a013008fbbc6
1791660350.886393 runnervmmprz5 zainod-0.10.1[2778]:     at packages/zaino-chain-head-service/src/service.rs:478
1791660350.886393 runnervmmprz5 zainod-0.10.1[2778]:     in zaino_chain_head_service::service::ChainHeadService::tick
1791660350.894243 runnervmmprz5 zainod-0.10.1[2778]:   19:25:50.894  INFO zaino_chain_head_service::service: Syncing block, height: 4382534, hash: 00007afd02794479752598f38f0ce7e3e618a841242be2ae8cfc78fea56d97a5
1791660350.894243 runnervmmprz5 zainod-0.10.1[2778]:     at packages/zaino-chain-head-service/src/service.rs:478
1791660350.894243 runnervmmprz5 zainod-0.10.1[2778]:     in zaino_chain_head_service::service::ChainHeadService::tick
1791660350.894796 runnervmmprz5 zainod-0.10.1[2778]:   19:25:50.894  INFO zaino_chain_head_service::service: Syncing block, height: 4382535, hash: 00007496404d339a4e98e2abc1a6f397db19c5a9dd61ef5fc4879999ce420a32
1791660350.894796 runnervmmprz5 zainod-0.10.1[2778]:     at packages/zaino-chain-head-service/src/service.rs:478
1791660350.894796 runnervmmprz5 zainod-0.10.1[2778]:     in zaino_chain_head_service::service::ChainHeadService::tick
1791660350.895457 runnervmmprz5 zainod-0.10.1[2778]:   19:25:50.895  INFO zaino_chain_head_service::service: Syncing block, height: 4382536, hash: 0000129996b0cc4928e12a656988a3f7f4d3e144191bb949a63d283ef45f81fe
1791660350.895457 runnervmmprz5 zainod-0.10.1[2778]:     at packages/zaino-chain-head-service/src/service.rs:478
1791660350.895457 runnervmmprz5 zainod-0.10.1[2778]:     in zaino_chain_head_service::service::ChainHeadService::tick
1791660350.896209 runnervmmprz5 zainod-0.10.1[2778]:   19:25:50.896  INFO zaino_chain_head_service::service: Syncing block, height: 4382537, hash: 00000a4679830c888d722d1a4066261c9f2940b6e6f6e3218775695b010c84f0
1791660350.896209 runnervmmprz5 zainod-0.10.1[2778]:     at packages/zaino-chain-head-service/src/service.rs:478
1791660350.896209 runnervmmprz5 zainod-0.10.1[2778]:     in zaino_chain_head_service::service::ChainHeadService::tick
1791660350.897552 runnervmmprz5 zainod-0.10.1[2778]:   19:25:50.897  INFO zaino_chain_head_service::service: Syncing block, height: 4382538, hash: 00000cf02d1649ea2a1432f03f87f5c762d77e7e847ad128f039abac9513bc50
1791660350.897552 runnervmmprz5 zainod-0.10.1[2778]:     at packages/zaino-chain-head-service/src/service.rs:478
1791660350.897552 runnervmmprz5 zainod-0.10.1[2778]:     in zaino_chain_head_service::service::ChainHeadService::tick
1791660350.898402 runnervmmprz5 zainod-0.10.1[2778]:   19:25:50.898  INFO zaino_chain_head_service::service: Syncing block, height: 4382539, hash: 000012f3befb201045469583281ab7e82c116bdd6be4d14f7fb3afe8afd08bd2
1791660350.898402 runnervmmprz5 zainod-0.10.1[2778]:     at packages/zaino-chain-head-service/src/service.rs:478
1791660350.898402 runnervmmprz5 zainod-0.10.1[2778]:     in zaino_chain_head_service::service::ChainHeadService::tick
1791660350.899292 runnervmmprz5 zainod-0.10.1[2778]:   19:25:50.899  INFO zaino_chain_head_service::service: Syncing block, height: 4382540, hash: 00005479cc24a65a5825982e705b8340abac756c3991425133e05b640e73d221
1791660350.899292 runnervmmprz5 zainod-0.10.1[2778]:     at packages/zaino-chain-head-service/src/service.rs:478
1791660350.899292 runnervmmprz5 zainod-0.10.1[2778]:     in zaino_chain_head_service::service::ChainHeadService::tick
1791660350.899724 runnervmmprz5 zainod-0.10.1[2778]:   19:25:50.899  INFO zaino_chain_head_service::service: Syncing block, height: 4382541, hash: 000064ebccd932ed98add90374f64af68364dbb2d724a54c1c36c5f04e1e9458
1791660350.899724 runnervmmprz5 zainod-0.10.1[2778]:     at packages/zaino-chain-head-service/src/service.rs:478
1791660350.899724 runnervmmprz5 zainod-0.10.1[2778]:     in zaino_chain_head_service::service::ChainHeadService::tick
1791660350.900486 runnervmmprz5 zainod-0.10.1[2778]:   19:25:50.900  INFO zaino_chain_head_service::service: Syncing block, height: 4382542, hash: 000061b25b721070720e6d2ffb674c2e02b901f96f66abb021c639fe208a3671
1791660350.900486 runnervmmprz5 zainod-0.10.1[2778]:     at packages/zaino-chain-head-service/src/service.rs:478
1791660350.900486 runnervmmprz5 zainod-0.10.1[2778]:     in zaino_chain_head_service::service::ChainHeadService::tick
1791660350.901140 runnervmmprz5 zainod-0.10.1[2778]:   19:25:50.900  INFO zaino_chain_head_service::service: Syncing block, height: 4382543, hash: 00003dc63900b10cfe059e2e75c97726c59dc40fc23f1d513dd1fd4c753ccf5b
1791660350.901140 runnervmmprz5 zainod-0.10.1[2778]:     at packages/zaino-chain-head-service/src/service.rs:478
1791660350.901140 runnervmmprz5 zainod-0.10.1[2778]:     in zaino_chain_head_service::service::ChainHeadService::tick
1791660350.901910 runnervmmprz5 zainod-0.10.1[2778]:   19:25:50.901  INFO zaino_chain_head_service::service: Syncing block, height: 4382544, hash: 0000193bed285406cb9f21dac852842a81c7d9132faa712bfbfe2176b0462c51
1791660350.901910 runnervmmprz5 zainod-0.10.1[2778]:     at packages/zaino-chain-head-service/src/service.rs:478
1791660350.901910 runnervmmprz5 zainod-0.10.1[2778]:     in zaino_chain_head_service::service::ChainHeadService::tick
1791660350.902731 runnervmmprz5 zainod-0.10.1[2778]:   19:25:50.902  INFO zaino_chain_head_service::service: Syncing block, height: 4382545, hash: 0000396d65a06d9d1404a7e9b9815434324f33ffb4044d37a5fc2894b997a8c4
1791660350.902731 runnervmmprz5 zainod-0.10.1[2778]:     at packages/zaino-chain-head-service/src/service.rs:478
1791660350.902731 runnervmmprz5 zainod-0.10.1[2778]:     in zaino_chain_head_service::service::ChainHeadService::tick
1791660350.903297 runnervmmprz5 zainod-0.10.1[2778]:   19:25:50.903  INFO zaino_chain_head_service::service: Syncing block, height: 4382546, hash: 000074fedfda9c86e0c995d77dd48592decdab8cfb2c96cdf43629ca6d740354
1791660350.903297 runnervmmprz5 zainod-0.10.1[2778]:     at packages/zaino-chain-head-service/src/service.rs:478
1791660350.903297 runnervmmprz5 zainod-0.10.1[2778]:     in zaino_chain_head_service::service::ChainHeadService::tick
1791660350.903830 runnervmmprz5 zainod-0.10.1[2778]:   19:25:50.903  INFO zaino_chain_head_service::service: Syncing block, height: 4382547, hash: 000071af68bd03d10da1f6984402d3024b837bd92937defeb3c3903257aa6187
1791660350.903830 runnervmmprz5 zainod-0.10.1[2778]:     at packages/zaino-chain-head-service/src/service.rs:478
1791660350.903830 runnervmmprz5 zainod-0.10.1[2778]:     in zaino_chain_head_service::service::ChainHeadService::tick
1791660350.904432 runnervmmprz5 zainod-0.10.1[2778]:   19:25:50.904  INFO zaino_chain_head_service::service: Syncing block, height: 4382548, hash: 000027a08e56a8c94a3cf526987bd1d31cb3924b327b68417004cf4cecbdc829
1791660350.904432 runnervmmprz5 zainod-0.10.1[2778]:     at packages/zaino-chain-head-service/src/service.rs:478
1791660350.904432 runnervmmprz5 zainod-0.10.1[2778]:     in zaino_chain_head_service::service::ChainHeadService::tick
1791660350.905078 runnervmmprz5 zainod-0.10.1[2778]:   19:25:50.905  INFO zaino_chain_head_service::service: Syncing block, height: 4382549, hash: 000040c8c65c01b72d994a160d3e329b4fdca57b5b0684e19413f62d92a17ac6
1791660350.905078 runnervmmprz5 zainod-0.10.1[2778]:     at packages/zaino-chain-head-service/src/service.rs:478
1791660350.905078 runnervmmprz5 zainod-0.10.1[2778]:     in zaino_chain_head_service::service::ChainHeadService::tick
1791660350.905598 runnervmmprz5 zainod-0.10.1[2778]:   19:25:50.905  INFO zaino_chain_head_service::service: Syncing block, height: 4382550, hash: 00007ebece3ff8186e7259b7e3b1e73f900b1a7c6dc91fc3251767736b14e441
1791660350.905598 runnervmmprz5 zainod-0.10.1[2778]:     at packages/zaino-chain-head-service/src/service.rs:478
1791660350.905598 runnervmmprz5 zainod-0.10.1[2778]:     in zaino_chain_head_service::service::ChainHeadService::tick
1791660350.906351 runnervmmprz5 zainod-0.10.1[2778]:   19:25:50.906  INFO zaino_chain_head_service::service: Syncing block, height: 4382551, hash: 00003bf16c7b7a6fe532012afa5b634607ea5a75ab6be05005907ca52995cdfb
1791660350.906351 runnervmmprz5 zainod-0.10.1[2778]:     at packages/zaino-chain-head-service/src/service.rs:478
1791660350.906351 runnervmmprz5 zainod-0.10.1[2778]:     in zaino_chain_head_service::service::ChainHeadService::tick
1791660350.906909 runnervmmprz5 zainod-0.10.1[2778]:   19:25:50.906  INFO zaino_chain_head_service::service: Syncing block, height: 4382552, hash: 0000563d0bb04459ab9ae113e595c4a6f4e794c14b90a85452f274ae7e8a06fc
1791660350.906909 runnervmmprz5 zainod-0.10.1[2778]:     at packages/zaino-chain-head-service/src/service.rs:478
1791660350.906909 runnervmmprz5 zainod-0.10.1[2778]:     in zaino_chain_head_service::service::ChainHeadService::tick
1791660350.917207 runnervmmprz5 zainod-0.10.1[2778]:   19:25:50.917  INFO zaino_chain_head_service::service: Syncing block, height: 4382553, hash: 00007268b46de41217f5550b3db191eb8e60342960de38783a35af7624425861
1791660350.917207 runnervmmprz5 zainod-0.10.1[2778]:     at packages/zaino-chain-head-service/src/service.rs:478
1791660350.917207 runnervmmprz5 zainod-0.10.1[2778]:     in zaino_chain_head_service::service::ChainHeadService::tick
1791660350.918408 runnervmmprz5 zainod-0.10.1[2778]:   19:25:50.918  INFO zaino_chain_head_service::service: Syncing block, height: 4382554, hash: 000005a1881c3555ddb2a7edfdeb493aa518bc5b05148804cffeaa675f4c5568
1791660350.918408 runnervmmprz5 zainod-0.10.1[2778]:     at packages/zaino-chain-head-service/src/service.rs:478
1791660350.918408 runnervmmprz5 zainod-0.10.1[2778]:     in zaino_chain_head_service::service::ChainHeadService::tick
1791660350.919073 runnervmmprz5 zainod-0.10.1[2778]:   19:25:50.919  INFO zaino_chain_head_service::service: Syncing block, height: 4382555, hash: 0000650621f1a4fec330a6fc43c521feb5409325ba5c6f7d397b9d8ca7c0d9df
1791660350.919073 runnervmmprz5 zainod-0.10.1[2778]:     at packages/zaino-chain-head-service/src/service.rs:478
1791660350.919073 runnervmmprz5 zainod-0.10.1[2778]:     in zaino_chain_head_service::service::ChainHeadService::tick
1791660350.919792 runnervmmprz5 zainod-0.10.1[2778]:   19:25:50.919  INFO zaino_chain_head_service::service: Syncing block, height: 4382556, hash: 00001da4aa9abb597fec62797f6e390d2240b8ae7295cefc865c15de100b429b
1791660350.919792 runnervmmprz5 zainod-0.10.1[2778]:     at packages/zaino-chain-head-service/src/service.rs:478
1791660350.919792 runnervmmprz5 zainod-0.10.1[2778]:     in zaino_chain_head_service::service::ChainHeadService::tick
1791660350.920738 runnervmmprz5 zainod-0.10.1[2778]:   19:25:50.920  INFO zaino_chain_head_service::service: Syncing block, height: 4382557, hash: 000063b2db9211ff50e1ac4e948df0746cb5ffc33e5252e80bfaecbd1eb012e2
1791660350.920738 runnervmmprz5 zainod-0.10.1[2778]:     at packages/zaino-chain-head-service/src/service.rs:478
1791660350.920738 runnervmmprz5 zainod-0.10.1[2778]:     in zaino_chain_head_service::service::ChainHeadService::tick
1791660350.921219 runnervmmprz5 zainod-0.10.1[2778]:   19:25:50.921  INFO zaino_chain_head_service::service: Syncing block, height: 4382558, hash: 00000b79d91e1f154bfe931330c4db10e8ddfce74cfd2448db53a1155c2f8a90
1791660350.921219 runnervmmprz5 zainod-0.10.1[2778]:     at packages/zaino-chain-head-service/src/service.rs:478
1791660350.921219 runnervmmprz5 zainod-0.10.1[2778]:     in zaino_chain_head_service::service::ChainHeadService::tick
1791660350.921693 runnervmmprz5 zainod-0.10.1[2778]:   19:25:50.921  INFO zaino_chain_head_service::service: Syncing block, height: 4382559, hash: 00002d0c69ad18a5e95b6aa3acff877642f1ddfee9e4efc263d7f8079e692b95
1791660350.921693 runnervmmprz5 zainod-0.10.1[2778]:     at packages/zaino-chain-head-service/src/service.rs:478
1791660350.921693 runnervmmprz5 zainod-0.10.1[2778]:     in zaino_chain_head_service::service::ChainHeadService::tick
1791660350.922059 runnervmmprz5 zainod-0.10.1[2778]:   19:25:50.922  INFO zaino_chain_head_service::service: Syncing block, height: 4382560, hash: 0000583ba1f6e56f9766821277f194756bb0e5ea8aaa3721c069ed6d2d55d568
1791660350.922059 runnervmmprz5 zainod-0.10.1[2778]:     at packages/zaino-chain-head-service/src/service.rs:478
1791660350.922059 runnervmmprz5 zainod-0.10.1[2778]:     in zaino_chain_head_service::service::ChainHeadService::tick
1791660350.922898 runnervmmprz5 zainod-0.10.1[2778]:   19:25:50.922  INFO zaino_chain_head_service::service: Syncing block, height: 4382561, hash: 0000076e84bb47c63eb8d222bb983743ce1e59156b2ab8f0f4574b11f1ab9580
1791660350.922898 runnervmmprz5 zainod-0.10.1[2778]:     at packages/zaino-chain-head-service/src/service.rs:478
1791660350.922898 runnervmmprz5 zainod-0.10.1[2778]:     in zaino_chain_head_service::service::ChainHeadService::tick
1791660350.923460 runnervmmprz5 zainod-0.10.1[2778]:   19:25:50.923  INFO zaino_chain_head_service::service: Syncing block, height: 4382562, hash: 00000a97b05d4801f8a74dcba0fbf2c8074c5310b08e62611b344b72eb7973c9
1791660350.923460 runnervmmprz5 zainod-0.10.1[2778]:     at packages/zaino-chain-head-service/src/service.rs:478
1791660350.923460 runnervmmprz5 zainod-0.10.1[2778]:     in zaino_chain_head_service::service::ChainHeadService::tick
1791660350.924066 runnervmmprz5 zainod-0.10.1[2778]:   19:25:50.924  INFO zaino_chain_head_service::service: Syncing block, height: 4382563, hash: 000052fe71e56b644cacaed56621e08106f56d1dda4f9181022a379344b04c9d
1791660350.924066 runnervmmprz5 zainod-0.10.1[2778]:     at packages/zaino-chain-head-service/src/service.rs:478
1791660350.924066 runnervmmprz5 zainod-0.10.1[2778]:     in zaino_chain_head_service::service::ChainHeadService::tick
1791660350.924585 runnervmmprz5 zainod-0.10.1[2778]:   19:25:50.924  INFO zaino_chain_head_service::service: Syncing block, height: 4382564, hash: 000002cd1e1ad6c586f97aff6603c7a482f212a8d599b74c5144ff53980b0e17
1791660350.924585 runnervmmprz5 zainod-0.10.1[2778]:     at packages/zaino-chain-head-service/src/service.rs:478
1791660350.924585 runnervmmprz5 zainod-0.10.1[2778]:     in zaino_chain_head_service::service::ChainHeadService::tick
1791660350.925189 runnervmmprz5 zainod-0.10.1[2778]:   19:25:50.925  INFO zaino_chain_head_service::service: Syncing block, height: 4382565, hash: 00001eb04ea0a1f7cf6241bceedbd341a15ef0d74dfdc266a243877a11da6446
1791660350.925189 runnervmmprz5 zainod-0.10.1[2778]:     at packages/zaino-chain-head-service/src/service.rs:478
1791660350.925189 runnervmmprz5 zainod-0.10.1[2778]:     in zaino_chain_head_service::service::ChainHeadService::tick
1791660350.925867 runnervmmprz5 zainod-0.10.1[2778]:   19:25:50.925  INFO zaino_chain_head_service::service: Syncing block, height: 4382566, hash: 00000ce5e5e38fcc822b163c425a8b00cf79b034c5e6f3ecc9ce01cb9fdf2e68
1791660350.925867 runnervmmprz5 zainod-0.10.1[2778]:     at packages/zaino-chain-head-service/src/service.rs:478
1791660350.925867 runnervmmprz5 zainod-0.10.1[2778]:     in zaino_chain_head_service::service::ChainHeadService::tick
1791660350.933364 runnervmmprz5 zainod-0.10.1[2778]:   19:25:50.933  INFO zaino_chain_head_service::service: Syncing block, height: 4382567, hash: 00006a199f6c2d69b6e004af772225712ee6541efea9b92dd8a40e4758975b51
1791660350.933364 runnervmmprz5 zainod-0.10.1[2778]:     at packages/zaino-chain-head-service/src/service.rs:478
1791660350.933364 runnervmmprz5 zainod-0.10.1[2778]:     in zaino_chain_head_service::service::ChainHeadService::tick
1791660350.934416 runnervmmprz5 zainod-0.10.1[2778]:   19:25:50.934  INFO zaino_chain_head_service::service: Syncing block, height: 4382568, hash: 000036007fa7e781ccc797fd1e5b0a779a9296f804e2f79c132975f56033eb7a
1791660350.934416 runnervmmprz5 zainod-0.10.1[2778]:     at packages/zaino-chain-head-service/src/service.rs:478
1791660350.934416 runnervmmprz5 zainod-0.10.1[2778]:     in zaino_chain_head_service::service::ChainHeadService::tick
1791660350.935055 runnervmmprz5 zainod-0.10.1[2778]:   19:25:50.935  INFO zaino_chain_head_service::service: Syncing block, height: 4382569, hash: 00003de4928572605a10111404d3c702241891f0dd7c8d684a0ab57efd54e255
1791660350.935055 runnervmmprz5 zainod-0.10.1[2778]:     at packages/zaino-chain-head-service/src/service.rs:478
1791660350.935055 runnervmmprz5 zainod-0.10.1[2778]:     in zaino_chain_head_service::service::ChainHeadService::tick
1791660350.935690 runnervmmprz5 zainod-0.10.1[2778]:   19:25:50.935  INFO zaino_chain_head_service::service: Syncing block, height: 4382570, hash: 000036b2755554dbd6f7b324aabaf922a6da991a5a109edbbb8c10f0b4518faf
1791660350.935690 runnervmmprz5 zainod-0.10.1[2778]:     at packages/zaino-chain-head-service/src/service.rs:478
1791660350.935690 runnervmmprz5 zainod-0.10.1[2778]:     in zaino_chain_head_service::service::ChainHeadService::tick
1791660350.936408 runnervmmprz5 zainod-0.10.1[2778]:   19:25:50.936  INFO zaino_chain_head_service::service: Syncing block, height: 4382571, hash: 0000165657fb59c070339488b6fb03576af6d9baeb607d70cc520437050b84b0
1791660350.936408 runnervmmprz5 zainod-0.10.1[2778]:     at packages/zaino-chain-head-service/src/service.rs:478
1791660350.936408 runnervmmprz5 zainod-0.10.1[2778]:     in zaino_chain_head_service::service::ChainHeadService::tick
1791660350.937247 runnervmmprz5 zainod-0.10.1[2778]:   19:25:50.937  INFO zaino_chain_head_service::service: Syncing block, height: 4382572, hash: 0000642b1414878139da00deecbf306ac743337d4ab882ae666cea67b6034c1c
1791660350.937247 runnervmmprz5 zainod-0.10.1[2778]:     at packages/zaino-chain-head-service/src/service.rs:478
1791660350.937247 runnervmmprz5 zainod-0.10.1[2778]:     in zaino_chain_head_service::service::ChainHeadService::tick
1791660350.937732 runnervmmprz5 zainod-0.10.1[2778]:   19:25:50.937  INFO zaino_chain_head_service::service: Syncing block, height: 4382573, hash: 0000725ce528045d5a891915c319d39537cbf70c3577dd144117496ca6d0ccfc
1791660350.937732 runnervmmprz5 zainod-0.10.1[2778]:     at packages/zaino-chain-head-service/src/service.rs:478
1791660350.937732 runnervmmprz5 zainod-0.10.1[2778]:     in zaino_chain_head_service::service::ChainHeadService::tick
1791660350.938547 runnervmmprz5 zainod-0.10.1[2778]:   19:25:50.938  INFO zaino_chain_head_service::service: Syncing block, height: 4382574, hash: 000005f1149f016347c0b0ada2c89148f31448a1a8852ca8f5d33ad1c978c0c4
1791660350.938547 runnervmmprz5 zainod-0.10.1[2778]:     at packages/zaino-chain-head-service/src/service.rs:478
1791660350.938547 runnervmmprz5 zainod-0.10.1[2778]:     in zaino_chain_head_service::service::ChainHeadService::tick
1791660350.939115 runnervmmprz5 zainod-0.10.1[2778]:   19:25:50.939  INFO zaino_chain_head_service::service: Syncing block, height: 4382575, hash: 00001980454f59dfa2c5ed91968cbadcd46f4ced416decec7f188cf21f60be57
1791660350.939115 runnervmmprz5 zainod-0.10.1[2778]:     at packages/zaino-chain-head-service/src/service.rs:478
1791660350.939115 runnervmmprz5 zainod-0.10.1[2778]:     in zaino_chain_head_service::service::ChainHeadService::tick
1791660350.946071 runnervmmprz5 zainod-0.10.1[2778]:   19:25:50.946  INFO zaino_chain_head_service::service: Syncing block, height: 4382576, hash: 00003d9103dd05eee44d28aeff2a9de254151f888d6d8e58a3912aa80b8e896d
1791660350.946071 runnervmmprz5 zainod-0.10.1[2778]:     at packages/zaino-chain-head-service/src/service.rs:478
1791660350.946071 runnervmmprz5 zainod-0.10.1[2778]:     in zaino_chain_head_service::service::ChainHeadService::tick
1791660350.946574 runnervmmprz5 zainod-0.10.1[2778]:   19:25:50.946  INFO zaino_chain_head_service::service: Syncing block, height: 4382577, hash: 0000689fa6ee7b1dddc2c035ba3eb48bf1fd97fd8726b4ddf18726623365e053
1791660350.946574 runnervmmprz5 zainod-0.10.1[2778]:     at packages/zaino-chain-head-service/src/service.rs:478
1791660350.946574 runnervmmprz5 zainod-0.10.1[2778]:     in zaino_chain_head_service::service::ChainHeadService::tick
1791660350.947566 runnervmmprz5 zainod-0.10.1[2778]:   19:25:50.947  INFO zaino_chain_head_service::service: Syncing block, height: 4382578, hash: 000045dccaf50895b8f9f2a3bb2111649cff9e28cfc8552f9afde7d25c1631fd
1791660350.947566 runnervmmprz5 zainod-0.10.1[2778]:     at packages/zaino-chain-head-service/src/service.rs:478
1791660350.947566 runnervmmprz5 zainod-0.10.1[2778]:     in zaino_chain_head_service::service::ChainHeadService::tick
1791660350.948030 runnervmmprz5 zainod-0.10.1[2778]:   19:25:50.947  INFO zaino_chain_head_service::service: Syncing block, height: 4382579, hash: 0000030d5a1e33915701e3daa4a0dc391071fd7c1232066b89baae26b04f7d33
1791660350.948030 runnervmmprz5 zainod-0.10.1[2778]:     at packages/zaino-chain-head-service/src/service.rs:478
1791660350.948030 runnervmmprz5 zainod-0.10.1[2778]:     in zaino_chain_head_service::service::ChainHeadService::tick
1791660350.948398 runnervmmprz5 zainod-0.10.1[2778]:   19:25:50.948  INFO zaino_chain_head_service::service: Syncing block, height: 4382580, hash: 0000301d797eb2448e1c048eeaac0fef474de2b912662330903cf455d56beb8f
1791660350.948398 runnervmmprz5 zainod-0.10.1[2778]:     at packages/zaino-chain-head-service/src/service.rs:478
1791660350.948398 runnervmmprz5 zainod-0.10.1[2778]:     in zaino_chain_head_service::service::ChainHeadService::tick
1791660350.948810 runnervmmprz5 zainod-0.10.1[2778]:   19:25:50.948  INFO zaino_chain_head_service::service: Syncing block, height: 4382581, hash: 000028f180c27da4cba69530983eb0c6b2d69a98fc385a615461fd3fe58a3fe1
1791660350.948810 runnervmmprz5 zainod-0.10.1[2778]:     at packages/zaino-chain-head-service/src/service.rs:478
1791660350.948810 runnervmmprz5 zainod-0.10.1[2778]:     in zaino_chain_head_service::service::ChainHeadService::tick
1791660350.949444 runnervmmprz5 zainod-0.10.1[2778]:   19:25:50.949  INFO zaino_chain_head_service::service: Syncing block, height: 4382582, hash: 00001a3658a42d9c3e9d7213557272dc34b8605d7b792fe2c5760b9e9969070e
1791660350.949444 runnervmmprz5 zainod-0.10.1[2778]:     at packages/zaino-chain-head-service/src/service.rs:478
1791660350.949444 runnervmmprz5 zainod-0.10.1[2778]:     in zaino_chain_head_service::service::ChainHeadService::tick
1791660350.949827 runnervmmprz5 zainod-0.10.1[2778]:   19:25:50.949  INFO zaino_chain_head_service::service: Syncing block, height: 4382583, hash: 00004eb6418b5338eff67cef8f1bc1d24397a8f4e0d61992ee9025b03e8b063c
1791660350.949827 runnervmmprz5 zainod-0.10.1[2778]:     at packages/zaino-chain-head-service/src/service.rs:478
1791660350.949827 runnervmmprz5 zainod-0.10.1[2778]:     in zaino_chain_head_service::service::ChainHeadService::tick
1791660350.951028 runnervmmprz5 zainod-0.10.1[2778]:   19:25:50.950  INFO zaino_chain_head_service::service: Syncing block, height: 4382584, hash: 000015ea09763324a7d0d155ff435f5541b72c679617ba7e63d60fd81419d150
1791660350.951028 runnervmmprz5 zainod-0.10.1[2778]:     at packages/zaino-chain-head-service/src/service.rs:478
1791660350.951028 runnervmmprz5 zainod-0.10.1[2778]:     in zaino_chain_head_service::service::ChainHeadService::tick
1791660350.952034 runnervmmprz5 zainod-0.10.1[2778]:   19:25:50.952  INFO zaino_chain_head_service::service: Syncing block, height: 4382585, hash: 00001052124256cad108c66594d4a8074c58ae7a569650af4bbd51480c03f12c
1791660350.952034 runnervmmprz5 zainod-0.10.1[2778]:     at packages/zaino-chain-head-service/src/service.rs:478
1791660350.952034 runnervmmprz5 zainod-0.10.1[2778]:     in zaino_chain_head_service::service::ChainHeadService::tick
1791660350.954062 runnervmmprz5 zainod-0.10.1[2778]:   19:25:50.952  INFO zaino_chain_head_service::service: Syncing block, height: 4382586, hash: 0000643a190288c613530d02df31923c7a09de45fdfc214074a1ccf0aacc386e
1791660350.954062 runnervmmprz5 zainod-0.10.1[2778]:     at packages/zaino-chain-head-service/src/service.rs:478
1791660350.954062 runnervmmprz5 zainod-0.10.1[2778]:     in zaino_chain_head_service::service::ChainHeadService::tick
1791660350.961662 runnervmmprz5 zainod-0.10.1[2778]:   19:25:50.961  INFO zaino_chain_head_service::service: Syncing block, height: 4382587, hash: 00004a06e549c3b7aa080e1f69911710754d68353b9c710ffd0a453f44a3d7a0
1791660350.961662 runnervmmprz5 zainod-0.10.1[2778]:     at packages/zaino-chain-head-service/src/service.rs:478
1791660350.961662 runnervmmprz5 zainod-0.10.1[2778]:     in zaino_chain_head_service::service::ChainHeadService::tick
1791660350.962231 runnervmmprz5 zainod-0.10.1[2778]:   19:25:50.962  INFO zaino_chain_head_service::service: Syncing block, height: 4382588, hash: 00002f5b1051f36dfbf49c0b650afea26ea895dbb40abaf4fc651796fac4529c
1791660350.962231 runnervmmprz5 zainod-0.10.1[2778]:     at packages/zaino-chain-head-service/src/service.rs:478
1791660350.962231 runnervmmprz5 zainod-0.10.1[2778]:     in zaino_chain_head_service::service::ChainHeadService::tick
1791660350.962951 runnervmmprz5 zainod-0.10.1[2778]:   19:25:50.962  INFO zaino_chain_head_service::service: Syncing block, height: 4382589, hash: 0000653ba872145ed5a932445fae5be9f969590e4c12a306054df541da530f67
1791660350.962951 runnervmmprz5 zainod-0.10.1[2778]:     at packages/zaino-chain-head-service/src/service.rs:478
1791660350.962951 runnervmmprz5 zainod-0.10.1[2778]:     in zaino_chain_head_service::service::ChainHeadService::tick
1791660350.964069 runnervmmprz5 zainod-0.10.1[2778]:   19:25:50.964  INFO zaino_chain_head_service::service: Syncing block, height: 4382590, hash: 0000729af070f045cbb7bec10f90f7a3a0439a24e167d9f7574e6cfb46285da6
1791660350.964069 runnervmmprz5 zainod-0.10.1[2778]:     at packages/zaino-chain-head-service/src/service.rs:478
1791660350.964069 runnervmmprz5 zainod-0.10.1[2778]:     in zaino_chain_head_service::service::ChainHeadService::tick
1791660350.964565 runnervmmprz5 zainod-0.10.1[2778]:   19:25:50.964  INFO zaino_chain_head_service::service: Syncing block, height: 4382591, hash: 00005424f408a2d10f5593e4e4f73968367c6c14f772a4aaff071da0b8f6cfc5
1791660350.964565 runnervmmprz5 zainod-0.10.1[2778]:     at packages/zaino-chain-head-service/src/service.rs:478
1791660350.964565 runnervmmprz5 zainod-0.10.1[2778]:     in zaino_chain_head_service::service::ChainHeadService::tick
1791660350.965509 runnervmmprz5 zainod-0.10.1[2778]:   19:25:50.965  INFO zaino_chain_head_service::service: Syncing block, height: 4382592, hash: 000032257ecb09b497e0c26772eff34a77c273c505833e71dfbb195fd555c48a
1791660350.965509 runnervmmprz5 zainod-0.10.1[2778]:     at packages/zaino-chain-head-service/src/service.rs:478
1791660350.965509 runnervmmprz5 zainod-0.10.1[2778]:     in zaino_chain_head_service::service::ChainHeadService::tick
1791660350.966203 runnervmmprz5 zainod-0.10.1[2778]:   19:25:50.966  INFO zaino_chain_head_service::service: Syncing block, height: 4382593, hash: 00006a4acf2cadd987f1c6d8e18b096daa282d1be0a785dfb0374b243cfe8bce
1791660350.966203 runnervmmprz5 zainod-0.10.1[2778]:     at packages/zaino-chain-head-service/src/service.rs:478
1791660350.966203 runnervmmprz5 zainod-0.10.1[2778]:     in zaino_chain_head_service::service::ChainHeadService::tick
1791660350.967115 runnervmmprz5 zainod-0.10.1[2778]:   19:25:50.967  INFO zaino_chain_head_service::service: Syncing block, height: 4382594, hash: 00006c3b9c3941a2d24accb92037fc2c3e1e2026ba5adeb3ee74f405977574dd
1791660350.967115 runnervmmprz5 zainod-0.10.1[2778]:     at packages/zaino-chain-head-service/src/service.rs:478
1791660350.967115 runnervmmprz5 zainod-0.10.1[2778]:     in zaino_chain_head_service::service::ChainHeadService::tick
1791660350.968184 runnervmmprz5 zainod-0.10.1[2778]:   19:25:50.967  INFO zaino_chain_head_service::service: Syncing block, height: 4382595, hash: 00005f9e5def4499b510f3d840ae31045a915c3eaf499a9dab4ddb1857af30f8
1791660350.968184 runnervmmprz5 zainod-0.10.1[2778]:     at packages/zaino-chain-head-service/src/service.rs:478
1791660350.968184 runnervmmprz5 zainod-0.10.1[2778]:     in zaino_chain_head_service::service::ChainHeadService::tick
1791660350.974336 runnervmmprz5 zainod-0.10.1[2778]:   19:25:50.974  INFO zaino_chain_head_service::service: Syncing block, height: 4382596, hash: 000066f1615c6f1d2f67865239c4d82717aaca101515a92a053962338153d0e1
1791660350.974336 runnervmmprz5 zainod-0.10.1[2778]:     at packages/zaino-chain-head-service/src/service.rs:478
1791660350.974336 runnervmmprz5 zainod-0.10.1[2778]:     in zaino_chain_head_service::service::ChainHeadService::tick
1791660350.974895 runnervmmprz5 zainod-0.10.1[2778]:   19:25:50.974  INFO zaino_chain_head_service::service: Syncing block, height: 4382597, hash: 000060fbe6ec62ea43ff78fb215dcd0247f98e9b17476594e4caf729931d9b23
1791660350.974895 runnervmmprz5 zainod-0.10.1[2778]:     at packages/zaino-chain-head-service/src/service.rs:478
1791660350.974895 runnervmmprz5 zainod-0.10.1[2778]:     in zaino_chain_head_service::service::ChainHeadService::tick
1791660350.975467 runnervmmprz5 zainod-0.10.1[2778]:   19:25:50.975  INFO zaino_chain_head_service::service: Syncing block, height: 4382598, hash: 00004ae49c20119e40f19cf8abf3a7f36cfaa216b45099261a61ce8b1ae90fdd
1791660350.975467 runnervmmprz5 zainod-0.10.1[2778]:     at packages/zaino-chain-head-service/src/service.rs:478
1791660350.975467 runnervmmprz5 zainod-0.10.1[2778]:     in zaino_chain_head_service::service::ChainHeadService::tick
1791660350.976014 runnervmmprz5 zainod-0.10.1[2778]:   19:25:50.975  INFO zaino_chain_head_service::service: Syncing block, height: 4382599, hash: 00000ee32adc29dd92c319c556197123c37430cb5f2e13e1380c8d66aa351464
1791660350.976014 runnervmmprz5 zainod-0.10.1[2778]:     at packages/zaino-chain-head-service/src/service.rs:478
1791660350.976014 runnervmmprz5 zainod-0.10.1[2778]:     in zaino_chain_head_service::service::ChainHeadService::tick
1791660350.976396 runnervmmprz5 zainod-0.10.1[2778]:   19:25:50.976  INFO zaino_chain_head_service::service: Syncing block, height: 4382600, hash: 0000594595d738e2054c9b997865549c5ce4b7ee406380b582969f334d98c24b
1791660350.976396 runnervmmprz5 zainod-0.10.1[2778]:     at packages/zaino-chain-head-service/src/service.rs:478
1791660350.976396 runnervmmprz5 zainod-0.10.1[2778]:     in zaino_chain_head_service::service::ChainHeadService::tick
1791660350.976827 runnervmmprz5 zainod-0.10.1[2778]:   19:25:50.976  INFO zaino_chain_head_service::service: Syncing block, height: 4382601, hash: 000055dfa637271081f4063e7e381a09df66e8e6cf2e7accde3b8f09b2f9412a
1791660350.976827 runnervmmprz5 zainod-0.10.1[2778]:     at packages/zaino-chain-head-service/src/service.rs:478
1791660350.976827 runnervmmprz5 zainod-0.10.1[2778]:     in zaino_chain_head_service::service::ChainHeadService::tick
1791660350.977262 runnervmmprz5 zainod-0.10.1[2778]:   19:25:50.977  INFO zaino_chain_head_service::service: Syncing block, height: 4382602, hash: 00005057f845a6a57b7828c3dcb567d6a656feed604b88d9fc04ae398faa8ac5
1791660350.977262 runnervmmprz5 zainod-0.10.1[2778]:     at packages/zaino-chain-head-service/src/service.rs:478
1791660350.977262 runnervmmprz5 zainod-0.10.1[2778]:     in zaino_chain_head_service::service::ChainHeadService::tick
1791660350.977655 runnervmmprz5 zainod-0.10.1[2778]:   19:25:50.977  INFO zaino_chain_head_service::service: Syncing block, height: 4382603, hash: 0000460c372c86dc3cf6c4a2e9f465aa558a6c9fc2f1ad77ac2b118496cab834
1791660350.977655 runnervmmprz5 zainod-0.10.1[2778]:     at packages/zaino-chain-head-service/src/service.rs:478
1791660350.977655 runnervmmprz5 zainod-0.10.1[2778]:     in zaino_chain_head_service::service::ChainHeadService::tick
1791660350.978048 runnervmmprz5 zainod-0.10.1[2778]:   19:25:50.978  INFO zaino_chain_head_service::service: Syncing block, height: 4382604, hash: 00000ff89feea46bc5e2cc69d1f15ca00b7a66c7576abad179531be589d169d2
1791660350.978048 runnervmmprz5 zainod-0.10.1[2778]:     at packages/zaino-chain-head-service/src/service.rs:478
1791660350.978048 runnervmmprz5 zainod-0.10.1[2778]:     in zaino_chain_head_service::service::ChainHeadService::tick
1791660350.978428 runnervmmprz5 zainod-0.10.1[2778]:   19:25:50.978  INFO zaino_chain_head_service::service: Syncing block, height: 4382605, hash: 000061f6d7f1025b208c6130db3d981c2e1acd5c90c61a5e2142802b663b504d
1791660350.978428 runnervmmprz5 zainod-0.10.1[2778]:     at packages/zaino-chain-head-service/src/service.rs:478
1791660350.978428 runnervmmprz5 zainod-0.10.1[2778]:     in zaino_chain_head_service::service::ChainHeadService::tick
1791660350.983442 runnervmmprz5 zainod-0.10.1[2778]:   19:25:50.983  INFO zaino_chain_head_service::service: Syncing block, height: 4382606, hash: 000052862a55511581a9171c62a8de88c93007e44daffe6e0a1c7234d10f06a7
1791660350.983442 runnervmmprz5 zainod-0.10.1[2778]:     at packages/zaino-chain-head-service/src/service.rs:478
1791660350.983442 runnervmmprz5 zainod-0.10.1[2778]:     in zaino_chain_head_service::service::ChainHeadService::tick
1791660350.983859 runnervmmprz5 zainod-0.10.1[2778]:   19:25:50.983  INFO zaino_chain_head_service::service: Syncing block, height: 4382607, hash: 000071f599aa84b3a40d05fc35fc65bd941c37347f9ab995fea68a3f8dbecb84
1791660350.983859 runnervmmprz5 zainod-0.10.1[2778]:     at packages/zaino-chain-head-service/src/service.rs:478
1791660350.983859 runnervmmprz5 zainod-0.10.1[2778]:     in zaino_chain_head_service::service::ChainHeadService::tick
1791660350.986211 runnervmmprz5 zainod-0.10.1[2778]:   19:25:50.985  INFO zaino_chain_head_service::service: Syncing block, height: 4382608, hash: 0000463e8dd4f6a646c2d993a4cc617f1d88990caf0e5a9256971a6b60123751
1791660350.986211 runnervmmprz5 zainod-0.10.1[2778]:     at packages/zaino-chain-head-service/src/service.rs:478
1791660350.986211 runnervmmprz5 zainod-0.10.1[2778]:     in zaino_chain_head_service::service::ChainHeadService::tick
1791660350.986606 runnervmmprz5 zainod-0.10.1[2778]:   19:25:50.986  INFO zaino_chain_head_service::service: Syncing block, height: 4382609, hash: 00004e608a03dcf0a6428394b401ebf6f9e024d4ae14103f3cf72276b0cf2c0f
1791660350.986606 runnervmmprz5 zainod-0.10.1[2778]:     at packages/zaino-chain-head-service/src/service.rs:478
1791660350.986606 runnervmmprz5 zainod-0.10.1[2778]:     in zaino_chain_head_service::service::ChainHeadService::tick
1791660351.002024 runnervmmprz5 zainod-0.10.1[2778]:   19:25:51.001  INFO zaino_chain_head_service::service: Syncing block, height: 4382610, hash: 000018be246283abddfebccb1ba5067be8af29cb93303ac969555c11e2c9b2e9
1791660351.002024 runnervmmprz5 zainod-0.10.1[2778]:     at packages/zaino-chain-head-service/src/service.rs:478
1791660351.002024 runnervmmprz5 zainod-0.10.1[2778]:     in zaino_chain_head_service::service::ChainHeadService::tick
1791660351.003437 runnervmmprz5 zainod-0.10.1[2778]:   19:25:51.003  INFO zaino_chain_head_service::service: Syncing block, height: 4382611, hash: 00003bd90109794491cac1cc5181f924d9a559aa6c6d56314da8f086605d0d20
1791660351.003437 runnervmmprz5 zainod-0.10.1[2778]:     at packages/zaino-chain-head-service/src/service.rs:478
1791660351.003437 runnervmmprz5 zainod-0.10.1[2778]:     in zaino_chain_head_service::service::ChainHeadService::tick
1791660351.003904 runnervmmprz5 zainod-0.10.1[2778]:   19:25:51.003  INFO zaino_chain_head_service::service: Syncing block, height: 4382612, hash: 00002a1a394bffb83fd46f69f2e010467b00015a6170cec0daf0de90c15e805a
1791660351.003904 runnervmmprz5 zainod-0.10.1[2778]:     at packages/zaino-chain-head-service/src/service.rs:478
1791660351.003904 runnervmmprz5 zainod-0.10.1[2778]:     in zaino_chain_head_service::service::ChainHeadService::tick
1791660351.004442 runnervmmprz5 zainod-0.10.1[2778]:   19:25:51.004  INFO zaino_chain_head_service::service: Syncing block, height: 4382613, hash: 00003db8052622e78f89d2c0b1bf874bfd0a3f4e9a25312f1aa2a84dce236ab0
1791660351.004442 runnervmmprz5 zainod-0.10.1[2778]:     at packages/zaino-chain-head-service/src/service.rs:478
1791660351.004442 runnervmmprz5 zainod-0.10.1[2778]:     in zaino_chain_head_service::service::ChainHeadService::tick
1791660351.012987 runnervmmprz5 zainod-0.10.1[2778]:   19:25:51.012  INFO zaino_chain_head_service::service: Syncing block, height: 4382614, hash: 0000551e972354db790231f05e75b1ade4dcaaffcd2c6f65bbff32e1dc662fe0
1791660351.012987 runnervmmprz5 zainod-0.10.1[2778]:     at packages/zaino-chain-head-service/src/service.rs:478
1791660351.012987 runnervmmprz5 zainod-0.10.1[2778]:     in zaino_chain_head_service::service::ChainHeadService::tick
1791660351.014158 runnervmmprz5 zainod-0.10.1[2778]:   19:25:51.014  INFO zaino_chain_head_service::service: Syncing block, height: 4382615, hash: 00011f9c2db474d5541dffafe018c755bd8a02ec19bf45d4caee6d71c34b0d54
1791660351.014158 runnervmmprz5 zainod-0.10.1[2778]:     at packages/zaino-chain-head-service/src/service.rs:478
1791660351.014158 runnervmmprz5 zainod-0.10.1[2778]:     in zaino_chain_head_service::service::ChainHeadService::tick
1791660351.014743 runnervmmprz5 zainod-0.10.1[2778]:   19:25:51.014  INFO zaino_chain_head_service::service: Syncing block, height: 4382616, hash: 00005c60eb8d274f5181870e753a091b666074e3b5171a3336c025bbbd312eb2
1791660351.014743 runnervmmprz5 zainod-0.10.1[2778]:     at packages/zaino-chain-head-service/src/service.rs:478
1791660351.014743 runnervmmprz5 zainod-0.10.1[2778]:     in zaino_chain_head_service::service::ChainHeadService::tick
1791660351.015077 runnervmmprz5 zainod-0.10.1[2778]:   19:25:51.015  INFO zaino_chain_head_service::service: Syncing block, height: 4382617, hash: 0000147b95e237af9bca0981ea67b819dd250c819e2098daf2fef03de83792fa
1791660351.015077 runnervmmprz5 zainod-0.10.1[2778]:     at packages/zaino-chain-head-service/src/service.rs:478
1791660351.015077 runnervmmprz5 zainod-0.10.1[2778]:     in zaino_chain_head_service::service::ChainHeadService::tick
1791660351.016000 runnervmmprz5 zainod-0.10.1[2778]:   19:25:51.015  INFO zaino_chain_head_service::service: Syncing block, height: 4382618, hash: 000015f6e1ed1f8ba5107cba65bbdcfbd20bd148cda6ae3c8020de1b61d6236f
1791660351.016000 runnervmmprz5 zainod-0.10.1[2778]:     at packages/zaino-chain-head-service/src/service.rs:478
1791660351.016000 runnervmmprz5 zainod-0.10.1[2778]:     in zaino_chain_head_service::service::ChainHeadService::tick
1791660351.016785 runnervmmprz5 zainod-0.10.1[2778]:   19:25:51.016  INFO zaino_chain_head_service::service: Syncing block, height: 4382619, hash: 00000bc0bec815fe1809bccea88624320b0ff7056fac76aa01bb1a2cc42cf3e4
1791660351.016785 runnervmmprz5 zainod-0.10.1[2778]:     at packages/zaino-chain-head-service/src/service.rs:478
1791660351.016785 runnervmmprz5 zainod-0.10.1[2778]:     in zaino_chain_head_service::service::ChainHeadService::tick
1791660351.017066 runnervmmprz5 zainod-0.10.1[2778]:   19:25:51.017  INFO zaino_chain_head_service::service: Syncing block, height: 4382620, hash: 000073a4c33fc990af917704d6415b308ae06e47d7d6e8ad1f8884cd0bfab5e8
1791660351.017066 runnervmmprz5 zainod-0.10.1[2778]:     at packages/zaino-chain-head-service/src/service.rs:478
1791660351.017066 runnervmmprz5 zainod-0.10.1[2778]:     in zaino_chain_head_service::service::ChainHeadService::tick
1791660351.017691 runnervmmprz5 zainod-0.10.1[2778]:   19:25:51.017  INFO zaino_chain_head_service::service: Syncing block, height: 4382621, hash: 0000417d402a9665a85a117b6c4d7b59dfda25ea8a231815338b3c8f835280d1
1791660351.017691 runnervmmprz5 zainod-0.10.1[2778]:     at packages/zaino-chain-head-service/src/service.rs:478
1791660351.017691 runnervmmprz5 zainod-0.10.1[2778]:     in zaino_chain_head_service::service::ChainHeadService::tick
1791660351.018767 runnervmmprz5 zainod-0.10.1[2778]:   19:25:51.018  INFO zaino_chain_head_service::service: Syncing block, height: 4382622, hash: 00004f7a30b21111250f44c5e452c604492669169fb1d139c368efdbdbbbfcba
1791660351.018767 runnervmmprz5 zainod-0.10.1[2778]:     at packages/zaino-chain-head-service/src/service.rs:478
1791660351.018767 runnervmmprz5 zainod-0.10.1[2778]:     in zaino_chain_head_service::service::ChainHeadService::tick
1791660351.019220 runnervmmprz5 zainod-0.10.1[2778]:   19:25:51.019  INFO zaino_chain_head_service::service: Syncing block, height: 4382623, hash: 0000728ae0cde1681d7a2dee328411bb9f292bbef25eeccb94809e744a10f7ce
1791660351.019220 runnervmmprz5 zainod-0.10.1[2778]:     at packages/zaino-chain-head-service/src/service.rs:478
1791660351.019220 runnervmmprz5 zainod-0.10.1[2778]:     in zaino_chain_head_service::service::ChainHeadService::tick
1791660351.020001 runnervmmprz5 zainod-0.10.1[2778]:   19:25:51.019  INFO zaino_chain_head_service::service: Syncing block, height: 4382624, hash: 00004c2b769e203d4951aaff8de375d1e2efb646dc01435369c601c8ce3053e8
1791660351.020001 runnervmmprz5 zainod-0.10.1[2778]:     at packages/zaino-chain-head-service/src/service.rs:478
1791660351.020001 runnervmmprz5 zainod-0.10.1[2778]:     in zaino_chain_head_service::service::ChainHeadService::tick
1791660351.026100 runnervmmprz5 zainod-0.10.1[2778]:   19:25:51.026  INFO zaino_chain_head_service::service: Syncing block, height: 4382625, hash: 00007c847b454e077e30ec7bb008d287832abefb984420dde07c9cddfd210f77
1791660351.026100 runnervmmprz5 zainod-0.10.1[2778]:     at packages/zaino-chain-head-service/src/service.rs:478
1791660351.026100 runnervmmprz5 zainod-0.10.1[2778]:     in zaino_chain_head_service::service::ChainHeadService::tick
1791660351.026457 runnervmmprz5 zainod-0.10.1[2778]:   19:25:51.026  INFO zaino_chain_head_service::service: Syncing block, height: 4382626, hash: 00004e5faecc7ccc07af49672a12989aafeddf58791d91c39e3916139e82f92c
1791660351.026457 runnervmmprz5 zainod-0.10.1[2778]:     at packages/zaino-chain-head-service/src/service.rs:478
1791660351.026457 runnervmmprz5 zainod-0.10.1[2778]:     in zaino_chain_head_service::service::ChainHeadService::tick
1791660351.027754 runnervmmprz5 zainod-0.10.1[2778]:   19:25:51.027  INFO zaino_chain_head_service::service: Syncing block, height: 4382627, hash: 00007954ad3289d4300169cd0edbdfceec1048d2a67cb1bc1ad5d84c20a1af49
1791660351.027754 runnervmmprz5 zainod-0.10.1[2778]:     at packages/zaino-chain-head-service/src/service.rs:478
1791660351.027754 runnervmmprz5 zainod-0.10.1[2778]:     in zaino_chain_head_service::service::ChainHeadService::tick
1791660351.028340 runnervmmprz5 zainod-0.10.1[2778]:   19:25:51.028  INFO zaino_chain_head_service::service: Syncing block, height: 4382628, hash: 000015fcda9a2ebe39bc8f459fa3f7aaeb960f10c3b135aa845cc89935e22689
1791660351.028340 runnervmmprz5 zainod-0.10.1[2778]:     at packages/zaino-chain-head-service/src/service.rs:478
1791660351.028340 runnervmmprz5 zainod-0.10.1[2778]:     in zaino_chain_head_service::service::ChainHeadService::tick
1791660351.029034 runnervmmprz5 zainod-0.10.1[2778]:   19:25:51.029  INFO zaino_chain_head_service::service: Syncing block, height: 4382629, hash: 00002de390ba5998dd13d046e33b55e2ae4ef20b8e17742c0b5b0c0e89a0ebf0
1791660351.029034 runnervmmprz5 zainod-0.10.1[2778]:     at packages/zaino-chain-head-service/src/service.rs:478
1791660351.029034 runnervmmprz5 zainod-0.10.1[2778]:     in zaino_chain_head_service::service::ChainHeadService::tick
1791660351.029667 runnervmmprz5 zainod-0.10.1[2778]:   19:25:51.029  INFO zaino_chain_head_service::service: Syncing block, height: 4382630, hash: 000044b71a19c9a4060ae31c8625d86f5ed086baff067c53e7db69de74c512ce
1791660351.029667 runnervmmprz5 zainod-0.10.1[2778]:     at packages/zaino-chain-head-service/src/service.rs:478
1791660351.029667 runnervmmprz5 zainod-0.10.1[2778]:     in zaino_chain_head_service::service::ChainHeadService::tick
1791660351.030153 runnervmmprz5 zainod-0.10.1[2778]:   19:25:51.030  INFO zaino_chain_head_service::service: Syncing block, height: 4382631, hash: 0000448bd5ed41823b440bc603b83d7186788e1f43793c5258ab006b962110d4
1791660351.030153 runnervmmprz5 zainod-0.10.1[2778]:     at packages/zaino-chain-head-service/src/service.rs:478
1791660351.030153 runnervmmprz5 zainod-0.10.1[2778]:     in zaino_chain_head_service::service::ChainHeadService::tick
1791660351.030427 runnervmmprz5 zainod-0.10.1[2778]:   19:25:51.030  INFO zaino_chain_head_service::service: Syncing block, height: 4382632, hash: 00006a7bd9002589e5a8f82704bb9bfea80cb5e8a6b6538a206c327fca4a0226
1791660351.030427 runnervmmprz5 zainod-0.10.1[2778]:     at packages/zaino-chain-head-service/src/service.rs:478
1791660351.030427 runnervmmprz5 zainod-0.10.1[2778]:     in zaino_chain_head_service::service::ChainHeadService::tick
1791660351.030904 runnervmmprz5 zainod-0.10.1[2778]:   19:25:51.030  INFO zaino_chain_head_service::service: Syncing block, height: 4382633, hash: 0000130cdabc9bcd4ee68a803816a0957b738c9a72c6750be5a08af6750faf6e
1791660351.030904 runnervmmprz5 zainod-0.10.1[2778]:     at packages/zaino-chain-head-service/src/service.rs:478
1791660351.030904 runnervmmprz5 zainod-0.10.1[2778]:     in zaino_chain_head_service::service::ChainHeadService::tick
1791660351.031379 runnervmmprz5 zainod-0.10.1[2778]:   19:25:51.031  INFO zaino_chain_head_service::service: Syncing block, height: 4382634, hash: 000000f98c96d29f6bba1a8f80c5effc02b0594c1d3696bff7b06105b0f13a37
1791660351.031379 runnervmmprz5 zainod-0.10.1[2778]:     at packages/zaino-chain-head-service/src/service.rs:478
1791660351.031379 runnervmmprz5 zainod-0.10.1[2778]:     in zaino_chain_head_service::service::ChainHeadService::tick
1791660351.031806 runnervmmprz5 zainod-0.10.1[2778]:   19:25:51.031  INFO zaino_chain_head_service::service: Syncing block, height: 4382635, hash: 0000638cf31ddedc1b432a1bbab7b577af0dd11cff9a10bdc62bcc19c8a64d59
1791660351.031806 runnervmmprz5 zainod-0.10.1[2778]:     at packages/zaino-chain-head-service/src/service.rs:478
1791660351.031806 runnervmmprz5 zainod-0.10.1[2778]:     in zaino_chain_head_service::service::ChainHeadService::tick
1791660351.032027 runnervmmprz5 zainod-0.10.1[2778]:   19:25:51.032  INFO zaino_chain_head_service::service: Syncing block, height: 4382636, hash: 00004707b86eb5fdeb23644b9b3670e522ef2894baaa406a41df1940b840526e
1791660351.032027 runnervmmprz5 zainod-0.10.1[2778]:     at packages/zaino-chain-head-service/src/service.rs:478
1791660351.032027 runnervmmprz5 zainod-0.10.1[2778]:     in zaino_chain_head_service::service::ChainHeadService::tick
1791660351.037058 runnervmmprz5 zainod-0.10.1[2778]:   19:25:51.037  INFO zaino_chain_head_service::service: Syncing block, height: 4382637, hash: 00007d51feab1379c6a0bd0768f5414d3008f7c38574d510385b1a53fbad29b3
1791660351.037058 runnervmmprz5 zainod-0.10.1[2778]:     at packages/zaino-chain-head-service/src/service.rs:478
1791660351.037058 runnervmmprz5 zainod-0.10.1[2778]:     in zaino_chain_head_service::service::ChainHeadService::tick
1791660351.037438 runnervmmprz5 zainod-0.10.1[2778]:   19:25:51.037  INFO zaino_chain_head_service::service: Syncing block, height: 4382638, hash: 0000017133d593b1b5c7fd6a9b3e268f8734bd32a853567d0c3dc31f48f53669
1791660351.037438 runnervmmprz5 zainod-0.10.1[2778]:     at packages/zaino-chain-head-service/src/service.rs:478
1791660351.037438 runnervmmprz5 zainod-0.10.1[2778]:     in zaino_chain_head_service::service::ChainHeadService::tick
1791660351.037753 runnervmmprz5 zainod-0.10.1[2778]:   19:25:51.037  INFO zaino_chain_head_service::service: Syncing block, height: 4382639, hash: 0000149f66bef9aafe740a80e893eeea2add7ca2fe3dbbde41c11096984fb8e2
1791660351.037753 runnervmmprz5 zainod-0.10.1[2778]:     at packages/zaino-chain-head-service/src/service.rs:478
1791660351.037753 runnervmmprz5 zainod-0.10.1[2778]:     in zaino_chain_head_service::service::ChainHeadService::tick
1791660351.038122 runnervmmprz5 zainod-0.10.1[2778]:   19:25:51.038  INFO zaino_chain_head_service::service: Syncing block, height: 4382640, hash: 0000342b40a6e1dc67768e7c167eac98fec87f9e9bd5ea0719e9fb400ed47066
1791660351.038122 runnervmmprz5 zainod-0.10.1[2778]:     at packages/zaino-chain-head-service/src/service.rs:478
1791660351.038122 runnervmmprz5 zainod-0.10.1[2778]:     in zaino_chain_head_service::service::ChainHeadService::tick
1791660351.038457 runnervmmprz5 zainod-0.10.1[2778]:   19:25:51.038  INFO zaino_chain_head_service::service: Syncing block, height: 4382641, hash: 0000228daa2acc2fff089e134f048800183085d5e264f116810741eb6a7e3f54
1791660351.038457 runnervmmprz5 zainod-0.10.1[2778]:     at packages/zaino-chain-head-service/src/service.rs:478
1791660351.038457 runnervmmprz5 zainod-0.10.1[2778]:     in zaino_chain_head_service::service::ChainHeadService::tick
1791660351.047559 runnervmmprz5 zainod-0.10.1[2778]:   19:25:51.047  INFO zaino_chain_head_service::service: Syncing block, height: 4382642, hash: 000061895f6243dcb85df08d9a54d3a47d8298c9754f74219f6b854675597f01
1791660351.047559 runnervmmprz5 zainod-0.10.1[2778]:     at packages/zaino-chain-head-service/src/service.rs:478
1791660351.047559 runnervmmprz5 zainod-0.10.1[2778]:     in zaino_chain_head_service::service::ChainHeadService::tick
1791660351.048030 runnervmmprz5 zainod-0.10.1[2778]:   19:25:51.047  INFO zaino_chain_head_service::service: Syncing block, height: 4382643, hash: 0000422fd12dc30caff4ccc118a614ad028bb1c649809d108a61fd72b6015e33
1791660351.048030 runnervmmprz5 zainod-0.10.1[2778]:     at packages/zaino-chain-head-service/src/service.rs:478
1791660351.048030 runnervmmprz5 zainod-0.10.1[2778]:     in zaino_chain_head_service::service::ChainHeadService::tick
1791660351.048507 runnervmmprz5 zainod-0.10.1[2778]:   19:25:51.048  INFO zaino_chain_head_service::service: Syncing block, height: 4382644, hash: 000069ac6bcfb077e3241f8e7895e306149c719a4ca7069ca2d929c297af3386
1791660351.048507 runnervmmprz5 zainod-0.10.1[2778]:     at packages/zaino-chain-head-service/src/service.rs:478
1791660351.048507 runnervmmprz5 zainod-0.10.1[2778]:     in zaino_chain_head_service::service::ChainHeadService::tick
1791660351.049224 runnervmmprz5 zainod-0.10.1[2778]:   19:25:51.049  INFO zaino_chain_head_service::service: Syncing block, height: 4382645, hash: 00000de1b6cf868aa346a2524e2334a8effabfa4d88b0474d991a3f8ea367148
1791660351.049224 runnervmmprz5 zainod-0.10.1[2778]:     at packages/zaino-chain-head-service/src/service.rs:478
1791660351.049224 runnervmmprz5 zainod-0.10.1[2778]:     in zaino_chain_head_service::service::ChainHeadService::tick
1791660351.049681 runnervmmprz5 zainod-0.10.1[2778]:   19:25:51.049  INFO zaino_chain_head_service::service: Syncing block, height: 4382646, hash: 000049bc86df95c034461f006e59cda87bc1bfc71d877c1bbebec1a2d0ec69e0
1791660351.049681 runnervmmprz5 zainod-0.10.1[2778]:     at packages/zaino-chain-head-service/src/service.rs:478
1791660351.049681 runnervmmprz5 zainod-0.10.1[2778]:     in zaino_chain_head_service::service::ChainHeadService::tick
1791660351.050156 runnervmmprz5 zainod-0.10.1[2778]:   19:25:51.050  INFO zaino_chain_head_service::service: Syncing block, height: 4382647, hash: 00004f43704b210c6cd9667cca87bf3acc3a01f45857697a91f16cdc82bf887b
1791660351.050156 runnervmmprz5 zainod-0.10.1[2778]:     at packages/zaino-chain-head-service/src/service.rs:478
1791660351.050156 runnervmmprz5 zainod-0.10.1[2778]:     in zaino_chain_head_service::service::ChainHeadService::tick
1791660351.056327 runnervmmprz5 zainod-0.10.1[2778]:   19:25:51.056  INFO zaino_chain_head_service::service: Syncing block, height: 4382648, hash: 00003bc37b71a3c68f731d2e984798394eeeb8337dccba46abfe51e4d7baa3a9
1791660351.056327 runnervmmprz5 zainod-0.10.1[2778]:     at packages/zaino-chain-head-service/src/service.rs:478
1791660351.056327 runnervmmprz5 zainod-0.10.1[2778]:     in zaino_chain_head_service::service::ChainHeadService::tick
1791660351.056715 runnervmmprz5 zainod-0.10.1[2778]:   19:25:51.056  INFO zaino_chain_head_service::service: Syncing block, height: 4382649, hash: 0000776498b3de58831aee6d471270ced86e5b259625bb12bd0636a6dbf72de3
1791660351.056715 runnervmmprz5 zainod-0.10.1[2778]:     at packages/zaino-chain-head-service/src/service.rs:478
1791660351.056715 runnervmmprz5 zainod-0.10.1[2778]:     in zaino_chain_head_service::service::ChainHeadService::tick
1791660351.057417 runnervmmprz5 zainod-0.10.1[2778]:   19:25:51.057  INFO zaino_chain_head_service::service: Syncing block, height: 4382650, hash: 0000796fcba65f4506c4525c1684c680b874bb6342065549c4e190a5eecac0a4
1791660351.057417 runnervmmprz5 zainod-0.10.1[2778]:     at packages/zaino-chain-head-service/src/service.rs:478
1791660351.057417 runnervmmprz5 zainod-0.10.1[2778]:     in zaino_chain_head_service::service::ChainHeadService::tick
1791660351.057816 runnervmmprz5 zainod-0.10.1[2778]:   19:25:51.057  INFO zaino_chain_head_service::service: Syncing block, height: 4382651, hash: 000039038c74ad69588ff061dd928cf228c7f567fb01f65adefcf0f76156d485
1791660351.057816 runnervmmprz5 zainod-0.10.1[2778]:     at packages/zaino-chain-head-service/src/service.rs:478
1791660351.057816 runnervmmprz5 zainod-0.10.1[2778]:     in zaino_chain_head_service::service::ChainHeadService::tick
1791660351.058566 runnervmmprz5 zainod-0.10.1[2778]:   19:25:51.058  INFO zaino_chain_head_service::service: Syncing block, height: 4382652, hash: 00002541a250b2e2ec645f6a4559a5516b80479797531ba67658eb3b41e2d783
1791660351.058566 runnervmmprz5 zainod-0.10.1[2778]:     at packages/zaino-chain-head-service/src/service.rs:478
1791660351.058566 runnervmmprz5 zainod-0.10.1[2778]:     in zaino_chain_head_service::service::ChainHeadService::tick
1791660351.059178 runnervmmprz5 zainod-0.10.1[2778]:   19:25:51.059  INFO zaino_chain_head_service::service: Syncing block, height: 4382653, hash: 000076a19b055633adc8369ff47d03be1e8d68de9ebcca3cf5bac686343ac8d9
1791660351.059178 runnervmmprz5 zainod-0.10.1[2778]:     at packages/zaino-chain-head-service/src/service.rs:478
1791660351.059178 runnervmmprz5 zainod-0.10.1[2778]:     in zaino_chain_head_service::service::ChainHeadService::tick
1791660351.059498 runnervmmprz5 zainod-0.10.1[2778]:   19:25:51.059  INFO zaino_chain_head_service::service: Syncing block, height: 4382654, hash: 000000b1922e2034f4ca9f77e69a1fef66ee274a4a6b516d3ed3ef30a80c52df
1791660351.059498 runnervmmprz5 zainod-0.10.1[2778]:     at packages/zaino-chain-head-service/src/service.rs:478
1791660351.059498 runnervmmprz5 zainod-0.10.1[2778]:     in zaino_chain_head_service::service::ChainHeadService::tick
1791660351.059987 runnervmmprz5 zainod-0.10.1[2778]:   19:25:51.059  INFO zaino_chain_head_service::service: Syncing block, height: 4382655, hash: 0000208de1409b9c139533695e168908f5bbbd1248aaaf8a0dce524726af11d2
1791660351.059987 runnervmmprz5 zainod-0.10.1[2778]:     at packages/zaino-chain-head-service/src/service.rs:478
1791660351.059987 runnervmmprz5 zainod-0.10.1[2778]:     in zaino_chain_head_service::service::ChainHeadService::tick
1791660351.065988 runnervmmprz5 zainod-0.10.1[2778]:   19:25:51.065  INFO zaino_chain_head_service::service: Syncing block, height: 4382656, hash: 0000004bb395eeafb8a0ea96d504493fa1ac9dd87e74ff5f5228003c60f68b9c
1791660351.065988 runnervmmprz5 zainod-0.10.1[2778]:     at packages/zaino-chain-head-service/src/service.rs:478
1791660351.065988 runnervmmprz5 zainod-0.10.1[2778]:     in zaino_chain_head_service::service::ChainHeadService::tick
1791660351.066845 runnervmmprz5 zainod-0.10.1[2778]:   19:25:51.066  INFO zaino_chain_head_service::service: Syncing block, height: 4382657, hash: 000056f8621980d43a4451201c4fcb388de324bc949b6e9ef7d9612623aa06fd
1791660351.066845 runnervmmprz5 zainod-0.10.1[2778]:     at packages/zaino-chain-head-service/src/service.rs:478
1791660351.066845 runnervmmprz5 zainod-0.10.1[2778]:     in zaino_chain_head_service::service::ChainHeadService::tick
1791660351.067942 runnervmmprz5 zainod-0.10.1[2778]:   19:25:51.067  INFO zaino_chain_head_service::service: Syncing block, height: 4382658, hash: 000054d15e07b0b550190906dd6315d49a9e6bfa65a0f837956a343b88b772a9
1791660351.067942 runnervmmprz5 zainod-0.10.1[2778]:     at packages/zaino-chain-head-service/src/service.rs:478
1791660351.067942 runnervmmprz5 zainod-0.10.1[2778]:     in zaino_chain_head_service::service::ChainHeadService::tick
1791660351.068682 runnervmmprz5 zainod-0.10.1[2778]:   19:25:51.068  INFO zaino_chain_head_service::service: Syncing block, height: 4382659, hash: 00000fdb867572ec4a6a2497dfb8d17f26829fc82ddd47b78865d7db149db90f
1791660351.068682 runnervmmprz5 zainod-0.10.1[2778]:     at packages/zaino-chain-head-service/src/service.rs:478
1791660351.068682 runnervmmprz5 zainod-0.10.1[2778]:     in zaino_chain_head_service::service::ChainHeadService::tick
1791660351.068944 runnervmmprz5 zainod-0.10.1[2778]:   19:25:51.068  INFO zaino_chain_head_service::service: Syncing block, height: 4382660, hash: 00006ab4e02f5f31d9b75ac3b511e694d542b4cc4e826127c35c6c6f1f6401a3
1791660351.068944 runnervmmprz5 zainod-0.10.1[2778]:     at packages/zaino-chain-head-service/src/service.rs:478
1791660351.068944 runnervmmprz5 zainod-0.10.1[2778]:     in zaino_chain_head_service::service::ChainHeadService::tick
1791660351.069507 runnervmmprz5 zainod-0.10.1[2778]:   19:25:51.069  INFO zaino_chain_head_service::service: Syncing block, height: 4382661, hash: 00005347a907d810b6df383cdb75b718ba6fde22c3f75ecc31f175cf79c9a2d9
1791660351.069507 runnervmmprz5 zainod-0.10.1[2778]:     at packages/zaino-chain-head-service/src/service.rs:478
1791660351.069507 runnervmmprz5 zainod-0.10.1[2778]:     in zaino_chain_head_service::service::ChainHeadService::tick
1791660351.070225 runnervmmprz5 zainod-0.10.1[2778]:   19:25:51.069  INFO zaino_chain_head_service::service: Syncing block, height: 4382662, hash: 00005f711129169ed26ffe00bd80c26e182e00731306b75d424da56ebd2c7bc5
1791660351.070225 runnervmmprz5 zainod-0.10.1[2778]:     at packages/zaino-chain-head-service/src/service.rs:478
1791660351.070225 runnervmmprz5 zainod-0.10.1[2778]:     in zaino_chain_head_service::service::ChainHeadService::tick
1791660351.070812 runnervmmprz5 zainod-0.10.1[2778]:   19:25:51.070  INFO zaino_chain_head_service::service: Syncing block, height: 4382663, hash: 00000ed73c3a4f470b15c9e35520c3907cb7a72a2a9304c9617e6a56305ae000
1791660351.070812 runnervmmprz5 zainod-0.10.1[2778]:     at packages/zaino-chain-head-service/src/service.rs:478
1791660351.070812 runnervmmprz5 zainod-0.10.1[2778]:     in zaino_chain_head_service::service::ChainHeadService::tick
1791660351.071757 runnervmmprz5 zainod-0.10.1[2778]:   19:25:51.071  INFO zaino_chain_head_service::service: Syncing block, height: 4382664, hash: 0000269a1c4fffe954730f6debd7bfb3a0c655fb4a5952d5c911f0233f0ffd4a
1791660351.071757 runnervmmprz5 zainod-0.10.1[2778]:     at packages/zaino-chain-head-service/src/service.rs:478
1791660351.071757 runnervmmprz5 zainod-0.10.1[2778]:     in zaino_chain_head_service::service::ChainHeadService::tick
1791660351.072264 runnervmmprz5 zainod-0.10.1[2778]:   19:25:51.072  INFO zaino_chain_head_service::service: Syncing block, height: 4382665, hash: 00002878afeebfc5b510863d85431df2f9516994d0d2b7c7ee21d28811d6a3fd
1791660351.072264 runnervmmprz5 zainod-0.10.1[2778]:     at packages/zaino-chain-head-service/src/service.rs:478
1791660351.072264 runnervmmprz5 zainod-0.10.1[2778]:     in zaino_chain_head_service::service::ChainHeadService::tick
1791660351.072628 runnervmmprz5 zainod-0.10.1[2778]:   19:25:51.072  INFO zaino_chain_head_service::service: Syncing block, height: 4382666, hash: 0000335f9a26953ded6dc6c3d5ff0684a8c58df66042420405590ae83d182573
1791660351.072628 runnervmmprz5 zainod-0.10.1[2778]:     at packages/zaino-chain-head-service/src/service.rs:478
1791660351.072628 runnervmmprz5 zainod-0.10.1[2778]:     in zaino_chain_head_service::service::ChainHeadService::tick
1791660351.079376 runnervmmprz5 zainod-0.10.1[2778]:   19:25:51.079  INFO zaino_chain_head_service::service: Syncing block, height: 4382667, hash: 0000431e59bcd8f8764333499dd03eda378667b3f98a3f8e06821f06dd8261de
1791660351.079376 runnervmmprz5 zainod-0.10.1[2778]:     at packages/zaino-chain-head-service/src/service.rs:478
1791660351.079376 runnervmmprz5 zainod-0.10.1[2778]:     in zaino_chain_head_service::service::ChainHeadService::tick
1791660351.080653 runnervmmprz5 zainod-0.10.1[2778]:   19:25:51.080  INFO zaino_chain_head_service::service: Syncing block, height: 4382668, hash: 00003cfc3fe4e52b621bd607e662046e9d78750c1296e0c97a71f016c7fbf6ea
1791660351.080653 runnervmmprz5 zainod-0.10.1[2778]:     at packages/zaino-chain-head-service/src/service.rs:478
1791660351.080653 runnervmmprz5 zainod-0.10.1[2778]:     in zaino_chain_head_service::service::ChainHeadService::tick
1791660351.081976 runnervmmprz5 zainod-0.10.1[2778]:   19:25:51.081  INFO zaino_chain_head_service::service: Syncing block, height: 4382669, hash: 00001ec96e5da1ec8cf2e9cea46cdacc3400b027159c039e06fa2bd977a14495
1791660351.081976 runnervmmprz5 zainod-0.10.1[2778]:     at packages/zaino-chain-head-service/src/service.rs:478
1791660351.081976 runnervmmprz5 zainod-0.10.1[2778]:     in zaino_chain_head_service::service::ChainHeadService::tick
1791660351.082396 runnervmmprz5 zainod-0.10.1[2778]:   19:25:51.082  INFO zaino_chain_head_service::service: Syncing block, height: 4382670, hash: 00004e185aff20be0c20332fdcb06b73e558f8b9865c18c366d2d851cbc56028
1791660351.082396 runnervmmprz5 zainod-0.10.1[2778]:     at packages/zaino-chain-head-service/src/service.rs:478
1791660351.082396 runnervmmprz5 zainod-0.10.1[2778]:     in zaino_chain_head_service::service::ChainHeadService::tick
1791660351.083147 runnervmmprz5 zainod-0.10.1[2778]:   19:25:51.083  INFO zaino_chain_head_service::service: Syncing block, height: 4382671, hash: 00003933c4bd4ef887c185dfdf1a0d09b7e8d826105ab38020cd472d1dd5793e
1791660351.083147 runnervmmprz5 zainod-0.10.1[2778]:     at packages/zaino-chain-head-service/src/service.rs:478
1791660351.083147 runnervmmprz5 zainod-0.10.1[2778]:     in zaino_chain_head_service::service::ChainHeadService::tick
1791660351.083890 runnervmmprz5 zainod-0.10.1[2778]:   19:25:51.083  INFO zaino_chain_head_service::service: Syncing block, height: 4382672, hash: 0000142f1695cedf004b08c8ecb317fe9a379ecfe7ec7c897307bc383333f012
1791660351.083890 runnervmmprz5 zainod-0.10.1[2778]:     at packages/zaino-chain-head-service/src/service.rs:478
1791660351.083890 runnervmmprz5 zainod-0.10.1[2778]:     in zaino_chain_head_service::service::ChainHeadService::tick
1791660351.084249 runnervmmprz5 zainod-0.10.1[2778]:   19:25:51.084  INFO zaino_chain_head_service::service: Syncing block, height: 4382673, hash: 000078533349eff7f495dd70247a55cda86bbc3360c92dd0adab80810b59396a
1791660351.084249 runnervmmprz5 zainod-0.10.1[2778]:     at packages/zaino-chain-head-service/src/service.rs:478
1791660351.084249 runnervmmprz5 zainod-0.10.1[2778]:     in zaino_chain_head_service::service::ChainHeadService::tick
1791660351.090645 runnervmmprz5 zainod-0.10.1[2778]:   19:25:51.090  INFO zaino_chain_head_service::service: Syncing block, height: 4382674, hash: 0000339da9ea72a1f8d04ef6f32a45cfdf398b13ab55c865fcec79f2c9729200
1791660351.090645 runnervmmprz5 zainod-0.10.1[2778]:     at packages/zaino-chain-head-service/src/service.rs:478
1791660351.090645 runnervmmprz5 zainod-0.10.1[2778]:     in zaino_chain_head_service::service::ChainHeadService::tick
1791660351.091004 runnervmmprz5 zainod-0.10.1[2778]:   19:25:51.090  INFO zaino_chain_head_service::service: Syncing block, height: 4382675, hash: 00003e552ae2aff603025c4651db3a2353826ee372264b3c5c0122fa2186e3be
1791660351.091004 runnervmmprz5 zainod-0.10.1[2778]:     at packages/zaino-chain-head-service/src/service.rs:478
1791660351.091004 runnervmmprz5 zainod-0.10.1[2778]:     in zaino_chain_head_service::service::ChainHeadService::tick
1791660351.091342 runnervmmprz5 zainod-0.10.1[2778]:   19:25:51.091  INFO zaino_chain_head_service::service: Syncing block, height: 4382676, hash: 00006be5cf4896bab2ddd642cd6d1be06ec83256cb1f9bf71707ab289024dcf4
1791660351.091342 runnervmmprz5 zainod-0.10.1[2778]:     at packages/zaino-chain-head-service/src/service.rs:478
1791660351.091342 runnervmmprz5 zainod-0.10.1[2778]:     in zaino_chain_head_service::service::ChainHeadService::tick
1791660351.091640 runnervmmprz5 zainod-0.10.1[2778]:   19:25:51.091  INFO zaino_chain_head_service::service: Syncing block, height: 4382677, hash: 0000119938f823b2140523b628f576b7e5b76d739800cb4d68e13774b757f07c
1791660351.091640 runnervmmprz5 zainod-0.10.1[2778]:     at packages/zaino-chain-head-service/src/service.rs:478
1791660351.091640 runnervmmprz5 zainod-0.10.1[2778]:     in zaino_chain_head_service::service::ChainHeadService::tick
1791660351.091948 runnervmmprz5 zainod-0.10.1[2778]:   19:25:51.091  INFO zaino_chain_head_service::service: Syncing block, height: 4382678, hash: 00006234348e20e04aec5a499ac3eb8e7f07a154a25535fc08eea507eadc9f67
1791660351.091948 runnervmmprz5 zainod-0.10.1[2778]:     at packages/zaino-chain-head-service/src/service.rs:478
1791660351.091948 runnervmmprz5 zainod-0.10.1[2778]:     in zaino_chain_head_service::service::ChainHeadService::tick
1791660351.129062 runnervmmprz5 zainod-0.10.1[2778]:   19:25:51.129  INFO zaino_chain_head_service::service: Syncing block, height: 4382679, hash: 0000268cb8bc859cb5c779ea056745600d868e71c080d76930855768a9715db1
1791660351.129062 runnervmmprz5 zainod-0.10.1[2778]:     at packages/zaino-chain-head-service/src/service.rs:478
1791660351.129062 runnervmmprz5 zainod-0.10.1[2778]:     in zaino_chain_head_service::service::ChainHeadService::tick
1791660351.129643 runnervmmprz5 zainod-0.10.1[2778]:   19:25:51.129  INFO zaino_chain_head_service::service: Syncing block, height: 4382680, hash: 00000ca3b7bbaa4f8549269a973ad1062ac0d05906846e5655e6067859df2df2
1791660351.129643 runnervmmprz5 zainod-0.10.1[2778]:     at packages/zaino-chain-head-service/src/service.rs:478
1791660351.129643 runnervmmprz5 zainod-0.10.1[2778]:     in zaino_chain_head_service::service::ChainHeadService::tick
1791660351.130336 runnervmmprz5 zainod-0.10.1[2778]:   19:25:51.130  INFO zaino_chain_head_service::service: Syncing block, height: 4382681, hash: 000019db52082a2aec59f81cf2319d53acca0bd7e6d91ba96203574765fe1724
1791660351.130336 runnervmmprz5 zainod-0.10.1[2778]:     at packages/zaino-chain-head-service/src/service.rs:478
1791660351.130336 runnervmmprz5 zainod-0.10.1[2778]:     in zaino_chain_head_service::service::ChainHeadService::tick
1791660351.131463 runnervmmprz5 zainod-0.10.1[2778]:   19:25:51.131  INFO zaino_chain_head_service::service: Syncing block, height: 4382682, hash: 000016f6888845ad3bc7d029d1d2945eea9edb8eb0d8047e030c0fef357ef22f
1791660351.131463 runnervmmprz5 zainod-0.10.1[2778]:     at packages/zaino-chain-head-service/src/service.rs:478
1791660351.131463 runnervmmprz5 zainod-0.10.1[2778]:     in zaino_chain_head_service::service::ChainHeadService::tick
1791660351.131974 runnervmmprz5 zainod-0.10.1[2778]:   19:25:51.131  INFO zaino_chain_head_service::service: Syncing block, height: 4382683, hash: 000057014c7e812e3dd94a261ab7bb6a2404fb7f2b1b245557a7969b452e3dc2
1791660351.131974 runnervmmprz5 zainod-0.10.1[2778]:     at packages/zaino-chain-head-service/src/service.rs:478
1791660351.131974 runnervmmprz5 zainod-0.10.1[2778]:     in zaino_chain_head_service::service::ChainHeadService::tick
1791660351.132690 runnervmmprz5 zainod-0.10.1[2778]:   19:25:51.132  INFO zaino_chain_head_service::service: Syncing block, height: 4382684, hash: 00003b6ae0412971fc26518a0abf9e885fa1e371016185b6fa2937edb714e054
1791660351.132690 runnervmmprz5 zainod-0.10.1[2778]:     at packages/zaino-chain-head-service/src/service.rs:478
1791660351.132690 runnervmmprz5 zainod-0.10.1[2778]:     in zaino_chain_head_service::service::ChainHeadService::tick
1791660351.140555 runnervmmprz5 zainod-0.10.1[2778]:   19:25:51.140  INFO zaino_chain_head_service::service: Syncing block, height: 4382685, hash: 00006838cd38b2e65f05e09a7ae56774b4b1f76d9abab6fde043c8362baf14b3
1791660351.140555 runnervmmprz5 zainod-0.10.1[2778]:     at packages/zaino-chain-head-service/src/service.rs:478
1791660351.140555 runnervmmprz5 zainod-0.10.1[2778]:     in zaino_chain_head_service::service::ChainHeadService::tick
1791660351.141173 runnervmmprz5 zainod-0.10.1[2778]:   19:25:51.141  INFO zaino_chain_head_service::service: Syncing block, height: 4382686, hash: 0000784c4ed834bbd96e554db2821835378bac18bccdf2df668b86b9ddc86725
1791660351.141173 runnervmmprz5 zainod-0.10.1[2778]:     at packages/zaino-chain-head-service/src/service.rs:478
1791660351.141173 runnervmmprz5 zainod-0.10.1[2778]:     in zaino_chain_head_service::service::ChainHeadService::tick
1791660351.141532 runnervmmprz5 zainod-0.10.1[2778]:   19:25:51.141  INFO zaino_chain_head_service::service: Syncing block, height: 4382687, hash: 00002972b66d21516c32a666ea1e708a40378f50e5e9ae0637aa7da345dc7e0d
1791660351.141532 runnervmmprz5 zainod-0.10.1[2778]:     at packages/zaino-chain-head-service/src/service.rs:478
1791660351.141532 runnervmmprz5 zainod-0.10.1[2778]:     in zaino_chain_head_service::service::ChainHeadService::tick
1791660351.142481 runnervmmprz5 zainod-0.10.1[2778]:   19:25:51.142  INFO zaino_chain_head_service::service: Syncing block, height: 4382688, hash: 0000746a7b5bab1517c8225a5efbdf51f5f3169f81b2e8c5ad38b1ab9de3abc7
1791660351.142481 runnervmmprz5 zainod-0.10.1[2778]:     at packages/zaino-chain-head-service/src/service.rs:478
1791660351.142481 runnervmmprz5 zainod-0.10.1[2778]:     in zaino_chain_head_service::service::ChainHeadService::tick
1791660351.143196 runnervmmprz5 zainod-0.10.1[2778]:   19:25:51.143  INFO zaino_chain_head_service::service: Syncing block, height: 4382689, hash: 00002e828e571e61283e374cd048f2f8b9cdf579828dd7e47b5577a695954099
1791660351.143196 runnervmmprz5 zainod-0.10.1[2778]:     at packages/zaino-chain-head-service/src/service.rs:478
1791660351.143196 runnervmmprz5 zainod-0.10.1[2778]:     in zaino_chain_head_service::service::ChainHeadService::tick
1791660351.143806 runnervmmprz5 zainod-0.10.1[2778]:   19:25:51.143  INFO zaino_chain_head_service::service: Syncing block, height: 4382690, hash: 00006c72572453717069e7cb5404fc0337cb03d0fc451f45fd961be310ea04e1
1791660351.143806 runnervmmprz5 zainod-0.10.1[2778]:     at packages/zaino-chain-head-service/src/service.rs:478
1791660351.143806 runnervmmprz5 zainod-0.10.1[2778]:     in zaino_chain_head_service::service::ChainHeadService::tick
1791660351.144163 runnervmmprz5 zainod-0.10.1[2778]:   19:25:51.144  INFO zaino_chain_head_service::service: Syncing block, height: 4382691, hash: 00006fe5ecc3841a452ed02938c409b51886c53cd21a7e24cdae8b39cd6a6e0d
1791660351.144163 runnervmmprz5 zainod-0.10.1[2778]:     at packages/zaino-chain-head-service/src/service.rs:478
1791660351.144163 runnervmmprz5 zainod-0.10.1[2778]:     in zaino_chain_head_service::service::ChainHeadService::tick
1791660351.145023 runnervmmprz5 zainod-0.10.1[2778]:   19:25:51.145  INFO zaino_chain_head_service::service: Syncing block, height: 4382692, hash: 0000075af75e50b745f7afbef66ec6c7ff270ca22ea16e734bb1c9c7f018fb9d
1791660351.145023 runnervmmprz5 zainod-0.10.1[2778]:     at packages/zaino-chain-head-service/src/service.rs:478
1791660351.145023 runnervmmprz5 zainod-0.10.1[2778]:     in zaino_chain_head_service::service::ChainHeadService::tick
1791660351.152127 runnervmmprz5 zainod-0.10.1[2778]:   19:25:51.152  INFO zaino_chain_head_service::service: Syncing block, height: 4382693, hash: 00003090ae5e0d7c3990a8235c16b34a338e83deea7fc02f9e12197ffab50b9b
1791660351.152127 runnervmmprz5 zainod-0.10.1[2778]:     at packages/zaino-chain-head-service/src/service.rs:478
1791660351.152127 runnervmmprz5 zainod-0.10.1[2778]:     in zaino_chain_head_service::service::ChainHeadService::tick
1791660351.152827 runnervmmprz5 zainod-0.10.1[2778]:   19:25:51.152  INFO zaino_chain_head_service::service: Syncing block, height: 4382694, hash: 000004829ea2af301ec0a0b9dda8a174003ebdbf3904b96671eb91a2910cef80
1791660351.152827 runnervmmprz5 zainod-0.10.1[2778]:     at packages/zaino-chain-head-service/src/service.rs:478
1791660351.152827 runnervmmprz5 zainod-0.10.1[2778]:     in zaino_chain_head_service::service::ChainHeadService::tick
1791660351.153946 runnervmmprz5 zainod-0.10.1[2778]:   19:25:51.153  INFO zaino_chain_head_service::service: Syncing block, height: 4382695, hash: 00000a2ef6bacd695941f534c848bd78c8d9c123d280c80439f789e175b5d8b5
1791660351.153946 runnervmmprz5 zainod-0.10.1[2778]:     at packages/zaino-chain-head-service/src/service.rs:478
1791660351.153946 runnervmmprz5 zainod-0.10.1[2778]:     in zaino_chain_head_service::service::ChainHeadService::tick
1791660351.155479 runnervmmprz5 zainod-0.10.1[2778]:   19:25:51.155  INFO zaino_chain_head_service::service: Syncing block, height: 4382696, hash: 0000351b21e6c761d63e4ff021ddd62b3b907e383fad0954cd29f17753cb7657
1791660351.155479 runnervmmprz5 zainod-0.10.1[2778]:     at packages/zaino-chain-head-service/src/service.rs:478
1791660351.155479 runnervmmprz5 zainod-0.10.1[2778]:     in zaino_chain_head_service::service::ChainHeadService::tick
1791660351.156051 runnervmmprz5 zainod-0.10.1[2778]:   19:25:51.156  INFO zaino_chain_head_service::service: Syncing block, height: 4382697, hash: 000074b50c5f00dd566653ee1fd90acb5491f46b6e1cbd0ed8fdc8afa4a11cf5
1791660351.156051 runnervmmprz5 zainod-0.10.1[2778]:     at packages/zaino-chain-head-service/src/service.rs:478
1791660351.156051 runnervmmprz5 zainod-0.10.1[2778]:     in zaino_chain_head_service::service::ChainHeadService::tick
1791660351.157727 runnervmmprz5 zainod-0.10.1[2778]:   19:25:51.157  INFO zaino_chain_head_service::service: Syncing block, height: 4382698, hash: 0000264f7162b76ea04a6dcb080187b6464cacbb736c8cf810340f01e052f7bb
1791660351.157727 runnervmmprz5 zainod-0.10.1[2778]:     at packages/zaino-chain-head-service/src/service.rs:478
1791660351.157727 runnervmmprz5 zainod-0.10.1[2778]:     in zaino_chain_head_service::service::ChainHeadService::tick
1791660351.158605 runnervmmprz5 zainod-0.10.1[2778]:   19:25:51.158  INFO zaino_chain_head_service::service: Syncing block, height: 4382699, hash: 00001854696ee9d5b1061a4c358f84b5ead43ab911749a0380f1a460a679d52f
1791660351.158605 runnervmmprz5 zainod-0.10.1[2778]:     at packages/zaino-chain-head-service/src/service.rs:478
1791660351.158605 runnervmmprz5 zainod-0.10.1[2778]:     in zaino_chain_head_service::service::ChainHeadService::tick
1791660351.159347 runnervmmprz5 zainod-0.10.1[2778]:   19:25:51.158  INFO zaino_chain_head_service::service: Syncing block, height: 4382700, hash: 00000b9e25b729b9366758715c38ac6ff78706a9fedb74faf0e04dd65e417441
1791660351.159347 runnervmmprz5 zainod-0.10.1[2778]:     at packages/zaino-chain-head-service/src/service.rs:478
1791660351.159347 runnervmmprz5 zainod-0.10.1[2778]:     in zaino_chain_head_service::service::ChainHeadService::tick
1791660351.160294 runnervmmprz5 zainod-0.10.1[2778]:   19:25:51.159  INFO zaino_chain_head_service::service: Syncing block, height: 4382701, hash: 000041418f5801cddf89f3b22354002a99a018da07eddefa35b90618d3f2037f
1791660351.160294 runnervmmprz5 zainod-0.10.1[2778]:     at packages/zaino-chain-head-service/src/service.rs:478
1791660351.160294 runnervmmprz5 zainod-0.10.1[2778]:     in zaino_chain_head_service::service::ChainHeadService::tick
1791660351.160294 runnervmmprz5 zainod-0.10.1[2778]:   19:25:51.159  INFO zaino_chain_head_service::service: Syncing block, height: 4382702, hash: 000002d4a89127fe08534bb2108c562bab1fba770fa18b35d24b50eea3d7033a
1791660351.160294 runnervmmprz5 zainod-0.10.1[2778]:     at packages/zaino-chain-head-service/src/service.rs:478
1791660351.160294 runnervmmprz5 zainod-0.10.1[2778]:     in zaino_chain_head_service::service::ChainHeadService::tick
1791660351.160874 runnervmmprz5 zainod-0.10.1[2778]:   19:25:51.160  INFO zaino_chain_head_service::service: Syncing block, height: 4382703, hash: 00005b0c93437e046394c133623aea0129f4d5521d718d6e0864ba6f25db6f5e
1791660351.160874 runnervmmprz5 zainod-0.10.1[2778]:     at packages/zaino-chain-head-service/src/service.rs:478
1791660351.160874 runnervmmprz5 zainod-0.10.1[2778]:     in zaino_chain_head_service::service::ChainHeadService::tick
1791660351.161733 runnervmmprz5 zainod-0.10.1[2778]:   19:25:51.161  INFO zaino_chain_head_service::service: Syncing block, height: 4382704, hash: 0000649be3aa4e5193cb47eaf31688194a28c4eafb6de91417d72c239202ac96
1791660351.161733 runnervmmprz5 zainod-0.10.1[2778]:     at packages/zaino-chain-head-service/src/service.rs:478
1791660351.161733 runnervmmprz5 zainod-0.10.1[2778]:     in zaino_chain_head_service::service::ChainHeadService::tick
1791660351.168122 runnervmmprz5 zainod-0.10.1[2778]:   19:25:51.168  INFO zaino_chain_head_service::service: Syncing block, height: 4382705, hash: 0000396d76893caab73523bc302999f7f57c3dbec1969e4a926a0d5ba44da89d
1791660351.168122 runnervmmprz5 zainod-0.10.1[2778]:     at packages/zaino-chain-head-service/src/service.rs:478
1791660351.168122 runnervmmprz5 zainod-0.10.1[2778]:     in zaino_chain_head_service::service::ChainHeadService::tick
1791660351.170009 runnervmmprz5 zainod-0.10.1[2778]:   19:25:51.169  INFO zaino_chain_head_service::service: Syncing block, height: 4382706, hash: 00002625728551c99f2aacc4cef606fabce5a2d6bf58b40a108ee399e16bf6ba
1791660351.170009 runnervmmprz5 zainod-0.10.1[2778]:     at packages/zaino-chain-head-service/src/service.rs:478
1791660351.170009 runnervmmprz5 zainod-0.10.1[2778]:     in zaino_chain_head_service::service::ChainHeadService::tick
1791660351.170367 runnervmmprz5 zainod-0.10.1[2778]:   19:25:51.170  INFO zaino_chain_head_service::service: Syncing block, height: 4382707, hash: 000058c5487a27dd5ddaa5794a432dc64e72b6cb785d6cb7cf656dee9619ef20
1791660351.170367 runnervmmprz5 zainod-0.10.1[2778]:     at packages/zaino-chain-head-service/src/service.rs:478
1791660351.170367 runnervmmprz5 zainod-0.10.1[2778]:     in zaino_chain_head_service::service::ChainHeadService::tick
1791660351.171032 runnervmmprz5 zainod-0.10.1[2778]:   19:25:51.171  INFO zaino_chain_head_service::service: Syncing block, height: 4382708, hash: 00000a73e9d3bead6e9e739b88697d80c6dca04b1f83c9cea660c8a7fdbb4ed7
1791660351.171032 runnervmmprz5 zainod-0.10.1[2778]:     at packages/zaino-chain-head-service/src/service.rs:478
1791660351.171032 runnervmmprz5 zainod-0.10.1[2778]:     in zaino_chain_head_service::service::ChainHeadService::tick
1791660351.171379 runnervmmprz5 zainod-0.10.1[2778]:   19:25:51.171  INFO zaino_chain_head_service::service: Syncing block, height: 4382709, hash: 00000e9b765b53d646c08fc8a5c44f1d1acb0f4df0b97028d45e174d7fe10b91
1791660351.171379 runnervmmprz5 zainod-0.10.1[2778]:     at packages/zaino-chain-head-service/src/service.rs:478
1791660351.171379 runnervmmprz5 zainod-0.10.1[2778]:     in zaino_chain_head_service::service::ChainHeadService::tick
1791660351.171883 runnervmmprz5 zainod-0.10.1[2778]:   19:25:51.171  INFO zaino_chain_head_service::service: Syncing block, height: 4382710, hash: 00002e58366e5054efb6d352cabb602a3f5c5025eaac3038f0de3f6d7d2c62b4
1791660351.171883 runnervmmprz5 zainod-0.10.1[2778]:     at packages/zaino-chain-head-service/src/service.rs:478
1791660351.171883 runnervmmprz5 zainod-0.10.1[2778]:     in zaino_chain_head_service::service::ChainHeadService::tick
1791660351.178091 runnervmmprz5 zainod-0.10.1[2778]:   19:25:51.178  INFO zaino_chain_head_service::service: Syncing block, height: 4382711, hash: 00000d4e740355425a3ace2b52f8ebf6d40b04ed7ad818d370ee8addf6c9988b
1791660351.178091 runnervmmprz5 zainod-0.10.1[2778]:     at packages/zaino-chain-head-service/src/service.rs:478
1791660351.178091 runnervmmprz5 zainod-0.10.1[2778]:     in zaino_chain_head_service::service::ChainHeadService::tick
1791660351.178850 runnervmmprz5 zainod-0.10.1[2778]:   19:25:51.178  INFO zaino_chain_head_service::service: Syncing block, height: 4382712, hash: 000005784e8a092ab020dcb6af4a9dab7d00edea3115fe353a26c8e4d352ef2b
1791660351.178850 runnervmmprz5 zainod-0.10.1[2778]:     at packages/zaino-chain-head-service/src/service.rs:478
1791660351.178850 runnervmmprz5 zainod-0.10.1[2778]:     in zaino_chain_head_service::service::ChainHeadService::tick
1791660351.179517 runnervmmprz5 zainod-0.10.1[2778]:   19:25:51.179  INFO zaino_chain_head_service::service: Syncing block, height: 4382713, hash: 00003018cf9ea1f8c1b88606f61026e68c717e590891d62c106e05088f8bc8ac
1791660351.179517 runnervmmprz5 zainod-0.10.1[2778]:     at packages/zaino-chain-head-service/src/service.rs:478
1791660351.179517 runnervmmprz5 zainod-0.10.1[2778]:     in zaino_chain_head_service::service::ChainHeadService::tick
1791660351.181252 runnervmmprz5 zainod-0.10.1[2778]:   19:25:51.181  INFO zaino_chain_head_service::service: Syncing block, height: 4382714, hash: 00003842b33a2ef939a8b5201d1c4d054af3d1746cbed455b4f52194cd98b83b
1791660351.181252 runnervmmprz5 zainod-0.10.1[2778]:     at packages/zaino-chain-head-service/src/service.rs:478
1791660351.181252 runnervmmprz5 zainod-0.10.1[2778]:     in zaino_chain_head_service::service::ChainHeadService::tick
1791660351.182034 runnervmmprz5 zainod-0.10.1[2778]:   19:25:51.182  INFO zaino_chain_head_service::service: Syncing block, height: 4382715, hash: 000032c552fa686cccb90941a6d6c89935b608c3a1421b9078cc5e02e94042c9
1791660351.182034 runnervmmprz5 zainod-0.10.1[2778]:     at packages/zaino-chain-head-service/src/service.rs:478
1791660351.182034 runnervmmprz5 zainod-0.10.1[2778]:     in zaino_chain_head_service::service::ChainHeadService::tick
1791660351.182720 runnervmmprz5 zainod-0.10.1[2778]:   19:25:51.182  INFO zaino_chain_head_service::service: Syncing block, height: 4382716, hash: 00000ce3e566526871e544a5b8e31ddaae5868949c0840dc28c42e630dec3f73
1791660351.182720 runnervmmprz5 zainod-0.10.1[2778]:     at packages/zaino-chain-head-service/src/service.rs:478
1791660351.182720 runnervmmprz5 zainod-0.10.1[2778]:     in zaino_chain_head_service::service::ChainHeadService::tick
1791660351.190762 runnervmmprz5 zainod-0.10.1[2778]:   19:25:51.190  INFO zaino_chain_head_service::service: Syncing block, height: 4382717, hash: 00002356de933a9cbee5f29dd01d26ccee102a05848f12198650469285fa905b
1791660351.190762 runnervmmprz5 zainod-0.10.1[2778]:     at packages/zaino-chain-head-service/src/service.rs:478
1791660351.190762 runnervmmprz5 zainod-0.10.1[2778]:     in zaino_chain_head_service::service::ChainHeadService::tick
1791660351.191403 runnervmmprz5 zainod-0.10.1[2778]:   19:25:51.191  INFO zaino_chain_head_service::service: Syncing block, height: 4382718, hash: 0000388dad16f42ffc6da5e50c8b11f4f66a9816490f857a7368131f53fa4eb9
1791660351.191403 runnervmmprz5 zainod-0.10.1[2778]:     at packages/zaino-chain-head-service/src/service.rs:478
1791660351.191403 runnervmmprz5 zainod-0.10.1[2778]:     in zaino_chain_head_service::service::ChainHeadService::tick
1791660351.191973 runnervmmprz5 zainod-0.10.1[2778]:   19:25:51.191  INFO zaino_chain_head_service::service: Syncing block, height: 4382719, hash: 00002b24ecc9393798a780f4ce962c8cfa7bf9b38a98207f6836a0e6d8496da9
1791660351.191973 runnervmmprz5 zainod-0.10.1[2778]:     at packages/zaino-chain-head-service/src/service.rs:478
1791660351.191973 runnervmmprz5 zainod-0.10.1[2778]:     in zaino_chain_head_service::service::ChainHeadService::tick
1791660351.237802 runnervmmprz5 zainod-0.10.1[2778]:   19:25:51.237  INFO zaino_chain_head_service::service: Syncing block, height: 4382720, hash: 00001f5eddab1820f360c6f347e47e4cae4a01849861b908b374b1ddc668e56b
1791660351.237802 runnervmmprz5 zainod-0.10.1[2778]:     at packages/zaino-chain-head-service/src/service.rs:478
1791660351.237802 runnervmmprz5 zainod-0.10.1[2778]:     in zaino_chain_head_service::service::ChainHeadService::tick
1791660351.238368 runnervmmprz5 zainod-0.10.1[2778]:   19:25:51.238  INFO zaino_chain_head_service::service: Syncing block, height: 4382721, hash: 00003e1ad68095f93af5fe0cc4a3841426ddd54031ed2b465d75f80cce510af3
1791660351.238368 runnervmmprz5 zainod-0.10.1[2778]:     at packages/zaino-chain-head-service/src/service.rs:478
1791660351.238368 runnervmmprz5 zainod-0.10.1[2778]:     in zaino_chain_head_service::service::ChainHeadService::tick
1791660351.239034 runnervmmprz5 zainod-0.10.1[2778]:   19:25:51.238  INFO zaino_chain_head_service::service: Syncing block, height: 4382722, hash: 00002d020c499a3a8a4ad6df760e010519d19d2d419d531c410e3c0b6aede9c5
1791660351.239034 runnervmmprz5 zainod-0.10.1[2778]:     at packages/zaino-chain-head-service/src/service.rs:478
1791660351.239034 runnervmmprz5 zainod-0.10.1[2778]:     in zaino_chain_head_service::service::ChainHeadService::tick
1791660351.244780 runnervmmprz5 zainod-0.10.1[2778]:   19:25:51.244  INFO zaino_chain_head_service::service: Syncing block, height: 4382723, hash: 0000068b86effefdd0d43a48bd701eee804b2b9de1a9fba2a065302e77fec4b4
1791660351.244780 runnervmmprz5 zainod-0.10.1[2778]:     at packages/zaino-chain-head-service/src/service.rs:478
1791660351.244780 runnervmmprz5 zainod-0.10.1[2778]:     in zaino_chain_head_service::service::ChainHeadService::tick
1791660351.245422 runnervmmprz5 zainod-0.10.1[2778]:   19:25:51.245  INFO zaino_chain_head_service::service: Syncing block, height: 4382724, hash: 000030546fbe6cbdad98a20b5fa1d95dddeba33a29d1b45cc1249c1d469acf9c
1791660351.245422 runnervmmprz5 zainod-0.10.1[2778]:     at packages/zaino-chain-head-service/src/service.rs:478
1791660351.245422 runnervmmprz5 zainod-0.10.1[2778]:     in zaino_chain_head_service::service::ChainHeadService::tick
1791660351.246022 runnervmmprz5 zainod-0.10.1[2778]:   19:25:51.246  INFO zaino_chain_head_service::service: Syncing block, height: 4382725, hash: 000033925c231e10a61155fc11a81ea62a418ff89fdb1e65461d1c0ed8047a75
1791660351.246022 runnervmmprz5 zainod-0.10.1[2778]:     at packages/zaino-chain-head-service/src/service.rs:478
1791660351.246022 runnervmmprz5 zainod-0.10.1[2778]:     in zaino_chain_head_service::service::ChainHeadService::tick
1791660351.246687 runnervmmprz5 zainod-0.10.1[2778]:   19:25:51.246  INFO zaino_chain_head_service::service: Syncing block, height: 4382726, hash: 0000499804c837efc280906e41b168e6b42b21db027731aa73ee60b07f319efa
1791660351.246687 runnervmmprz5 zainod-0.10.1[2778]:     at packages/zaino-chain-head-service/src/service.rs:478
1791660351.246687 runnervmmprz5 zainod-0.10.1[2778]:     in zaino_chain_head_service::service::ChainHeadService::tick
1791660351.247928 runnervmmprz5 zainod-0.10.1[2778]:   19:25:51.247  INFO zaino_chain_head_service::service: Syncing block, height: 4382727, hash: 00001f29216e4b1088b8f5cdd77c3b707e8e1379efdc4880366a381fda21ee10
1791660351.247928 runnervmmprz5 zainod-0.10.1[2778]:     at packages/zaino-chain-head-service/src/service.rs:478
1791660351.247928 runnervmmprz5 zainod-0.10.1[2778]:     in zaino_chain_head_service::service::ChainHeadService::tick
1791660351.249145 runnervmmprz5 zainod-0.10.1[2778]:   19:25:51.249  INFO zaino_chain_head_service::service: Syncing block, height: 4382728, hash: 0000158549e8302353c1fd8def4b7a97b8664ea7262c8d1e4c367ebcaaea2040
1791660351.249145 runnervmmprz5 zainod-0.10.1[2778]:     at packages/zaino-chain-head-service/src/service.rs:478
1791660351.249145 runnervmmprz5 zainod-0.10.1[2778]:     in zaino_chain_head_service::service::ChainHeadService::tick
1791660351.249672 runnervmmprz5 zainod-0.10.1[2778]:   19:25:51.249  INFO zaino_chain_head_service::service: Syncing block, height: 4382729, hash: 00001d6348bd056668ad1a2424734ad4c0b5d957fbcfe686f7c0328f7b809acc
1791660351.249672 runnervmmprz5 zainod-0.10.1[2778]:     at packages/zaino-chain-head-service/src/service.rs:478
1791660351.249672 runnervmmprz5 zainod-0.10.1[2778]:     in zaino_chain_head_service::service::ChainHeadService::tick
1791660351.250311 runnervmmprz5 zainod-0.10.1[2778]:   19:25:51.250  INFO zaino_chain_head_service::service: Syncing block, height: 4382730, hash: 0000363813940479c88a979710d46d2655a9f2222d2b98a8afb63ae0609d2468
1791660351.250311 runnervmmprz5 zainod-0.10.1[2778]:     at packages/zaino-chain-head-service/src/service.rs:478
1791660351.250311 runnervmmprz5 zainod-0.10.1[2778]:     in zaino_chain_head_service::service::ChainHeadService::tick
1791660351.250728 runnervmmprz5 zainod-0.10.1[2778]:   19:25:51.250  INFO zaino_chain_head_service::service: Syncing block, height: 4382731, hash: 000016e503c69c11ae5e6a0f9d70e481086bb0c65f08df97e96d80834a531ce4
1791660351.250728 runnervmmprz5 zainod-0.10.1[2778]:     at packages/zaino-chain-head-service/src/service.rs:478
1791660351.250728 runnervmmprz5 zainod-0.10.1[2778]:     in zaino_chain_head_service::service::ChainHeadService::tick
1791660351.258986 runnervmmprz5 zainod-0.10.1[2778]:   19:25:51.258  INFO zaino_chain_head_service::service: Syncing block, height: 4382732, hash: 0000294ace60d98121287ad7b434e80fde9e3ddd881d41051e4d25bc498e807a
1791660351.258986 runnervmmprz5 zainod-0.10.1[2778]:     at packages/zaino-chain-head-service/src/service.rs:478
1791660351.258986 runnervmmprz5 zainod-0.10.1[2778]:     in zaino_chain_head_service::service::ChainHeadService::tick
1791660351.258986 runnervmmprz5 zainod-0.10.1[2778]:   19:25:51.258  INFO zaino_chain_head_service::service: Syncing block, height: 4382733, hash: 000010bcf11eae03a3322e51e21ad0b4c1d1e22cf399f61ea0fdb2007be5c431
1791660351.258986 runnervmmprz5 zainod-0.10.1[2778]:     at packages/zaino-chain-head-service/src/service.rs:478
1791660351.258986 runnervmmprz5 zainod-0.10.1[2778]:     in zaino_chain_head_service::service::ChainHeadService::tick
1791660351.259534 runnervmmprz5 zainod-0.10.1[2778]:   19:25:51.259  INFO zaino_chain_head_service::service: Syncing block, height: 4382734, hash: 0000159435d57786e543ae706fac98d14945966d34f5826f0334027a5f930132
1791660351.259534 runnervmmprz5 zainod-0.10.1[2778]:     at packages/zaino-chain-head-service/src/service.rs:478
1791660351.259534 runnervmmprz5 zainod-0.10.1[2778]:     in zaino_chain_head_service::service::ChainHeadService::tick
1791660351.262548 runnervmmprz5 zainod-0.10.1[2778]:   19:25:51.262  INFO zaino_chain_head_service::service: Syncing block, height: 4382735, hash: 000020889c1f40648f9ed26f1733998ba63fe955644cb37a2e9f2f9e18625ba9
1791660351.262548 runnervmmprz5 zainod-0.10.1[2778]:     at packages/zaino-chain-head-service/src/service.rs:478
1791660351.262548 runnervmmprz5 zainod-0.10.1[2778]:     in zaino_chain_head_service::service::ChainHeadService::tick
1791660351.263485 runnervmmprz5 zainod-0.10.1[2778]:   19:25:51.263  INFO zaino_chain_head_service::service: Syncing block, height: 4382736, hash: 000010c7291861c029a627d7a65bd2aa83d9177b3f3d26c1597449408c5c6f4d
1791660351.263485 runnervmmprz5 zainod-0.10.1[2778]:     at packages/zaino-chain-head-service/src/service.rs:478
1791660351.263485 runnervmmprz5 zainod-0.10.1[2778]:     in zaino_chain_head_service::service::ChainHeadService::tick
1791660351.264511 runnervmmprz5 zainod-0.10.1[2778]:   19:25:51.264  INFO zaino_chain_head_service::service: Syncing block, height: 4382737, hash: 00001d6e46778e84bc9f5f63b388654fcfaea874e8088bc0162a711f7a0dffcf
1791660351.264511 runnervmmprz5 zainod-0.10.1[2778]:     at packages/zaino-chain-head-service/src/service.rs:478
1791660351.264511 runnervmmprz5 zainod-0.10.1[2778]:     in zaino_chain_head_service::service::ChainHeadService::tick
1791660351.265796 runnervmmprz5 zainod-0.10.1[2778]:   19:25:51.265  INFO zaino_chain_head_service::service: Syncing block, height: 4382738, hash: 00000462415e5c0013e3eda7532038ce3d6d5ca3853dd453c4c198a54420a8b2
1791660351.265796 runnervmmprz5 zainod-0.10.1[2778]:     at packages/zaino-chain-head-service/src/service.rs:478
1791660351.265796 runnervmmprz5 zainod-0.10.1[2778]:     in zaino_chain_head_service::service::ChainHeadService::tick
1791660351.266970 runnervmmprz5 zainod-0.10.1[2778]:   19:25:51.266  INFO zaino_chain_head_service::service: Syncing block, height: 4382739, hash: 000004faa509237175133505ce98b2d7d27a60746f621123a72d6c52437945c7
1791660351.266970 runnervmmprz5 zainod-0.10.1[2778]:     at packages/zaino-chain-head-service/src/service.rs:478
1791660351.266970 runnervmmprz5 zainod-0.10.1[2778]:     in zaino_chain_head_service::service::ChainHeadService::tick
1791660351.267449 runnervmmprz5 zainod-0.10.1[2778]:   19:25:51.267  INFO zaino_chain_head_service::service: Syncing block, height: 4382740, hash: 0000124072cbf61ae133912798e2fd5330d79b90f869e345efeed7c6c68fb1cc
1791660351.267449 runnervmmprz5 zainod-0.10.1[2778]:     at packages/zaino-chain-head-service/src/service.rs:478
1791660351.267449 runnervmmprz5 zainod-0.10.1[2778]:     in zaino_chain_head_service::service::ChainHeadService::tick
1791660351.270199 runnervmmprz5 zainod-0.10.1[2778]:   19:25:51.270  INFO zaino_chain_head_service::service: Syncing block, height: 4382741, hash: 00002601ca362c68ef401790f477eeff6e91676eaa5dc41485dfd1e0ba681b35
1791660351.270199 runnervmmprz5 zainod-0.10.1[2778]:     at packages/zaino-chain-head-service/src/service.rs:478
1791660351.270199 runnervmmprz5 zainod-0.10.1[2778]:     in zaino_chain_head_service::service::ChainHeadService::tick
1791660351.276506 runnervmmprz5 zainod-0.10.1[2778]:   19:25:51.276  INFO zaino_chain_head_service::service: Syncing block, height: 4382742, hash: 00002d90e71641d54aec85bbebee635f91b1f0a26d9d1c9a1535263b6848e3f8
1791660351.276506 runnervmmprz5 zainod-0.10.1[2778]:     at packages/zaino-chain-head-service/src/service.rs:478
1791660351.276506 runnervmmprz5 zainod-0.10.1[2778]:     in zaino_chain_head_service::service::ChainHeadService::tick
1791660351.277267 runnervmmprz5 zainod-0.10.1[2778]:   19:25:51.277  INFO zaino_chain_head_service::service: Syncing block, height: 4382743, hash: 00000daa100bb06eb49db56fbc309deac618e6588d5757b288708d8e9f05acfb
1791660351.277267 runnervmmprz5 zainod-0.10.1[2778]:     at packages/zaino-chain-head-service/src/service.rs:478
1791660351.277267 runnervmmprz5 zainod-0.10.1[2778]:     in zaino_chain_head_service::service::ChainHeadService::tick
1791660351.278768 runnervmmprz5 zainod-0.10.1[2778]:   19:25:51.278  INFO zaino_chain_head_service::service: Syncing block, height: 4382744, hash: 00002375cdac0469a29db1b47454dc3d6e47c3db9206b4a953b8d6aa7108adea
1791660351.278768 runnervmmprz5 zainod-0.10.1[2778]:     at packages/zaino-chain-head-service/src/service.rs:478
1791660351.278768 runnervmmprz5 zainod-0.10.1[2778]:     in zaino_chain_head_service::service::ChainHeadService::tick
1791660351.286895 runnervmmprz5 zainod-0.10.1[2778]:   19:25:51.286  INFO zaino_chain_head_service::service: Syncing block, height: 4382745, hash: 0000295730045485e9d2ed22618d3b781ab291d1d7c23adbc034b7f90a02a321
1791660351.286895 runnervmmprz5 zainod-0.10.1[2778]:     at packages/zaino-chain-head-service/src/service.rs:478
1791660351.286895 runnervmmprz5 zainod-0.10.1[2778]:     in zaino_chain_head_service::service::ChainHeadService::tick
1791660351.287760 runnervmmprz5 zainod-0.10.1[2778]:   19:25:51.287  INFO zaino_chain_head_service::service: Syncing block, height: 4382746, hash: 00002ed1d1b9ed6f44d55de1e448051211c102b7a5b008f1c7289cc8532cf79a
1791660351.287760 runnervmmprz5 zainod-0.10.1[2778]:     at packages/zaino-chain-head-service/src/service.rs:478
1791660351.287760 runnervmmprz5 zainod-0.10.1[2778]:     in zaino_chain_head_service::service::ChainHeadService::tick
1791660351.289439 runnervmmprz5 zainod-0.10.1[2778]:   19:25:51.289  INFO zaino_chain_head_service::service: Syncing block, height: 4382747, hash: 00001c480a9f38e5cba890bbde7f4a881d88eefe4ad7b9320a30988c0ff1817d
1791660351.289439 runnervmmprz5 zainod-0.10.1[2778]:     at packages/zaino-chain-head-service/src/service.rs:478
1791660351.289439 runnervmmprz5 zainod-0.10.1[2778]:     in zaino_chain_head_service::service::ChainHeadService::tick
1791660351.290056 runnervmmprz5 zainod-0.10.1[2778]:   19:25:51.289  INFO zaino_chain_head_service::service: Syncing block, height: 4382748, hash: 000021a0670e6119eca2f77cdab587c9f07869a0b96d498d558e551b321816a6
1791660351.290056 runnervmmprz5 zainod-0.10.1[2778]:     at packages/zaino-chain-head-service/src/service.rs:478
1791660351.290056 runnervmmprz5 zainod-0.10.1[2778]:     in zaino_chain_head_service::service::ChainHeadService::tick
1791660351.290431 runnervmmprz5 zainod-0.10.1[2778]:   19:25:51.290  INFO zaino_chain_head_service::service: Syncing block, height: 4382749, hash: 00000fab17aad1f9e33291d3c0ef0dc72c99f04ebba54cc80db3be09d677ea54
1791660351.290431 runnervmmprz5 zainod-0.10.1[2778]:     at packages/zaino-chain-head-service/src/service.rs:478
1791660351.290431 runnervmmprz5 zainod-0.10.1[2778]:     in zaino_chain_head_service::service::ChainHeadService::tick
1791660351.290700 runnervmmprz5 zainod-0.10.1[2778]:   19:25:51.290  INFO zaino_chain_head_service::service: Syncing block, height: 4382750, hash: 000029288fb450ea9ee8b69e45afe2e2df6eacdbc4be57546153f48668d86b8a
1791660351.290700 runnervmmprz5 zainod-0.10.1[2778]:     at packages/zaino-chain-head-service/src/service.rs:478
1791660351.290700 runnervmmprz5 zainod-0.10.1[2778]:     in zaino_chain_head_service::service::ChainHeadService::tick
1791660351.291162 runnervmmprz5 zainod-0.10.1[2778]:   19:25:51.291  INFO zaino_chain_head_service::service: Syncing block, height: 4382751, hash: 00001c06638768fd4bb3753d8b7999ba24078c2a736f1d3aec50022cea9a4cd0
1791660351.291162 runnervmmprz5 zainod-0.10.1[2778]:     at packages/zaino-chain-head-service/src/service.rs:478
1791660351.291162 runnervmmprz5 zainod-0.10.1[2778]:     in zaino_chain_head_service::service::ChainHeadService::tick
1791660351.291854 runnervmmprz5 zainod-0.10.1[2778]:   19:25:51.291  INFO zaino_chain_head_service::service: Syncing block, height: 4382752, hash: 000026a3d4f7509b2fbbfc6d7e9bb8cfd670244ecfa01ceb64ca1bce66c8decd
1791660351.291854 runnervmmprz5 zainod-0.10.1[2778]:     at packages/zaino-chain-head-service/src/service.rs:478
1791660351.291854 runnervmmprz5 zainod-0.10.1[2778]:     in zaino_chain_head_service::service::ChainHeadService::tick
1791660351.293029 runnervmmprz5 zainod-0.10.1[2778]:   19:25:51.292  INFO zaino_chain_head_service::service: Syncing block, height: 4382753, hash: 00001596e7a26e8fa7d75b19732630aef9d1572204e9f1bd197ba0e6373c521d
1791660351.293029 runnervmmprz5 zainod-0.10.1[2778]:     at packages/zaino-chain-head-service/src/service.rs:478
1791660351.293029 runnervmmprz5 zainod-0.10.1[2778]:     in zaino_chain_head_service::service::ChainHeadService::tick
1791660351.293662 runnervmmprz5 zainod-0.10.1[2778]:   19:25:51.293  INFO zaino_chain_head_service::service: Syncing block, height: 4382754, hash: 00001db6da61e2c4879ef4f9620b857f5b20dedc59093d58b234a7eff5283a26
1791660351.293662 runnervmmprz5 zainod-0.10.1[2778]:     at packages/zaino-chain-head-service/src/service.rs:478
1791660351.293662 runnervmmprz5 zainod-0.10.1[2778]:     in zaino_chain_head_service::service::ChainHeadService::tick
1791660351.294152 runnervmmprz5 zainod-0.10.1[2778]:   19:25:51.294  INFO zaino_chain_head_service::service: Syncing block, height: 4382755, hash: 00002366812ce44514947310bf48fc816b8f609f96ab8f40cc02455d740d5be5
1791660351.294152 runnervmmprz5 zainod-0.10.1[2778]:     at packages/zaino-chain-head-service/src/service.rs:478
1791660351.294152 runnervmmprz5 zainod-0.10.1[2778]:     in zaino_chain_head_service::service::ChainHeadService::tick
1791660351.294742 runnervmmprz5 zainod-0.10.1[2778]:   19:25:51.294  INFO zaino_chain_head_service::service: Syncing block, height: 4382756, hash: 0000285a2c514784c1c3acb6e1c86dc90b3de2b2c3f64d145f6761a48ac706d6
1791660351.294742 runnervmmprz5 zainod-0.10.1[2778]:     at packages/zaino-chain-head-service/src/service.rs:478
1791660351.294742 runnervmmprz5 zainod-0.10.1[2778]:     in zaino_chain_head_service::service::ChainHeadService::tick
1791660351.295296 runnervmmprz5 zainod-0.10.1[2778]:   19:25:51.295  INFO zaino_chain_head_service::service: Syncing block, height: 4382757, hash: 000018d06bcb38847aa35d81fc264cfc4fc561e85e4f8cc32b85ee6b5732787e
1791660351.295296 runnervmmprz5 zainod-0.10.1[2778]:     at packages/zaino-chain-head-service/src/service.rs:478
1791660351.295296 runnervmmprz5 zainod-0.10.1[2778]:     in zaino_chain_head_service::service::ChainHeadService::tick
1791660351.295730 runnervmmprz5 zainod-0.10.1[2778]:   19:25:51.295  INFO zaino_chain_head_service::service: Syncing block, height: 4382758, hash: 000012e663dc1fe9aadf26b44332185564c1e80c832a5b3a4618a4f8cc0887b5
1791660351.295730 runnervmmprz5 zainod-0.10.1[2778]:     at packages/zaino-chain-head-service/src/service.rs:478
1791660351.295730 runnervmmprz5 zainod-0.10.1[2778]:     in zaino_chain_head_service::service::ChainHeadService::tick
1791660351.296072 runnervmmprz5 zainod-0.10.1[2778]:   19:25:51.296  INFO zaino_chain_head_service::service: Syncing block, height: 4382759, hash: 000014640e7e03683bfd8278da0e2a5c0c51e5768b70dd2ba07e0ba1a21bcfe2
1791660351.296072 runnervmmprz5 zainod-0.10.1[2778]:     at packages/zaino-chain-head-service/src/service.rs:478
1791660351.296072 runnervmmprz5 zainod-0.10.1[2778]:     in zaino_chain_head_service::service::ChainHeadService::tick
1791660351.296557 runnervmmprz5 zainod-0.10.1[2778]:   19:25:51.296  INFO zaino_chain_head_service::service: Syncing block, height: 4382760, hash: 00000e6a0582259ac265a88be504b83bfa8208e9f096bcc0db3f055c86c815b4
1791660351.296557 runnervmmprz5 zainod-0.10.1[2778]:     at packages/zaino-chain-head-service/src/service.rs:478
1791660351.296557 runnervmmprz5 zainod-0.10.1[2778]:     in zaino_chain_head_service::service::ChainHeadService::tick
1791660351.296880 runnervmmprz5 zainod-0.10.1[2778]:   19:25:51.296  INFO zaino_chain_head_service::service: Syncing block, height: 4382761, hash: 00002594dd00f7160a03e5abeed2643e6e0f64393a43715d7389fe9ad5d58572
1791660351.296880 runnervmmprz5 zainod-0.10.1[2778]:     at packages/zaino-chain-head-service/src/service.rs:478
1791660351.296880 runnervmmprz5 zainod-0.10.1[2778]:     in zaino_chain_head_service::service::ChainHeadService::tick
1791660351.297487 runnervmmprz5 zainod-0.10.1[2778]:   19:25:51.297  INFO zaino_chain_head_service::service: Syncing block, height: 4382762, hash: 000020b0b1ed2c69473628f6de772f4980fb612eca3613208e17037afac5c214
1791660351.297487 runnervmmprz5 zainod-0.10.1[2778]:     at packages/zaino-chain-head-service/src/service.rs:478
1791660351.297487 runnervmmprz5 zainod-0.10.1[2778]:     in zaino_chain_head_service::service::ChainHeadService::tick
1791660351.297994 runnervmmprz5 zainod-0.10.1[2778]:   19:25:51.297  INFO zaino_chain_head_service::service: Syncing block, height: 4382763, hash: 0000191da29c98fc1f741366593072219de61f4ffd9a15f142a50cd9b9c9e769
1791660351.297994 runnervmmprz5 zainod-0.10.1[2778]:     at packages/zaino-chain-head-service/src/service.rs:478
1791660351.297994 runnervmmprz5 zainod-0.10.1[2778]:     in zaino_chain_head_service::service::ChainHeadService::tick
1791660351.298326 runnervmmprz5 zainod-0.10.1[2778]:   19:25:51.298  INFO zaino_chain_head_service::service: Syncing block, height: 4382764, hash: 00000add67a638d325ea9befa1ae3ae62d5ec40e06deb75c561843d65fe57d9b
1791660351.298326 runnervmmprz5 zainod-0.10.1[2778]:     at packages/zaino-chain-head-service/src/service.rs:478
1791660351.298326 runnervmmprz5 zainod-0.10.1[2778]:     in zaino_chain_head_service::service::ChainHeadService::tick
1791660351.298854 runnervmmprz5 zainod-0.10.1[2778]:   19:25:51.298  INFO zaino_chain_head_service::service: Syncing block, height: 4382765, hash: 00001e3041c6b233e6863b5f8cbe4eea14156c2f10fe835309f82dca2940911c
1791660351.298854 runnervmmprz5 zainod-0.10.1[2778]:     at packages/zaino-chain-head-service/src/service.rs:478
1791660351.298854 runnervmmprz5 zainod-0.10.1[2778]:     in zaino_chain_head_service::service::ChainHeadService::tick
1791660351.299531 runnervmmprz5 zainod-0.10.1[2778]:   19:25:51.299  INFO zaino_chain_head_service::service: Syncing block, height: 4382766, hash: 0000040556297e9436468784cd77a9b20a71b947c3a9def0740db3d2cddf6f9b
1791660351.299531 runnervmmprz5 zainod-0.10.1[2778]:     at packages/zaino-chain-head-service/src/service.rs:478
1791660351.299531 runnervmmprz5 zainod-0.10.1[2778]:     in zaino_chain_head_service::service::ChainHeadService::tick
1791660351.300224 runnervmmprz5 zainod-0.10.1[2778]:   19:25:51.300  INFO zaino_chain_head_service::service: Syncing block, height: 4382767, hash: 0000170194ca97ac699487acb4536be8993c45ce1b3de963efa21ef3ec933bb6
1791660351.300224 runnervmmprz5 zainod-0.10.1[2778]:     at packages/zaino-chain-head-service/src/service.rs:478
1791660351.300224 runnervmmprz5 zainod-0.10.1[2778]:     in zaino_chain_head_service::service::ChainHeadService::tick
1791660351.300752 runnervmmprz5 zainod-0.10.1[2778]:   19:25:51.300  INFO zaino_chain_head_service::service: Syncing block, height: 4382768, hash: 00001b5e96b9c0f597b50895c81320908060b7f6b3c7106a0edd59882ed203f0
1791660351.300752 runnervmmprz5 zainod-0.10.1[2778]:     at packages/zaino-chain-head-service/src/service.rs:478
1791660351.300752 runnervmmprz5 zainod-0.10.1[2778]:     in zaino_chain_head_service::service::ChainHeadService::tick
1791660351.301076 runnervmmprz5 zainod-0.10.1[2778]:   19:25:51.301  INFO zaino_chain_head_service::service: Syncing block, height: 4382769, hash: 000001e057a2514db534056438637cc86e25ff86f89df60a10f445928138c938
1791660351.301076 runnervmmprz5 zainod-0.10.1[2778]:     at packages/zaino-chain-head-service/src/service.rs:478
1791660351.301076 runnervmmprz5 zainod-0.10.1[2778]:     in zaino_chain_head_service::service::ChainHeadService::tick
1791660351.301646 runnervmmprz5 zainod-0.10.1[2778]:   19:25:51.301  INFO zaino_chain_head_service::service: Syncing block, height: 4382770, hash: 00001dc376aaddf2e609e3b27af979a69c150a6f67431969d4043e3e682c8a42
1791660351.301646 runnervmmprz5 zainod-0.10.1[2778]:     at packages/zaino-chain-head-service/src/service.rs:478
1791660351.301646 runnervmmprz5 zainod-0.10.1[2778]:     in zaino_chain_head_service::service::ChainHeadService::tick
1791660351.302217 runnervmmprz5 zainod-0.10.1[2778]:   19:25:51.302  INFO zaino_chain_head_service::service: Syncing block, height: 4382771, hash: 0000137a2d8dd9c8940f9956bb5f5271b7cb7e62b61979dc8c2592293eb79164
1791660351.302217 runnervmmprz5 zainod-0.10.1[2778]:     at packages/zaino-chain-head-service/src/service.rs:478
1791660351.302217 runnervmmprz5 zainod-0.10.1[2778]:     in zaino_chain_head_service::service::ChainHeadService::tick
1791660351.302876 runnervmmprz5 zainod-0.10.1[2778]:   19:25:51.302  INFO zaino_chain_head_service::service: Syncing block, height: 4382772, hash: 05b569910c1e56447142033cf0ccc43424137a49e8cd0e06a9458088e9aad496
1791660351.302876 runnervmmprz5 zainod-0.10.1[2778]:     at packages/zaino-chain-head-service/src/service.rs:478
1791660351.302876 runnervmmprz5 zainod-0.10.1[2778]:     in zaino_chain_head_service::service::ChainHeadService::tick
1791660351.303477 runnervmmprz5 zainod-0.10.1[2778]:   19:25:51.303  INFO zaino_chain_head_service::service: Syncing block, height: 4382773, hash: 00006d5efd6cce1b91891728ea2ddbddfa4809fbdd0c4e59a3d84dbf8ef1e87e
1791660351.303477 runnervmmprz5 zainod-0.10.1[2778]:     at packages/zaino-chain-head-service/src/service.rs:478
1791660351.303477 runnervmmprz5 zainod-0.10.1[2778]:     in zaino_chain_head_service::service::ChainHeadService::tick
1791660351.304092 runnervmmprz5 zainod-0.10.1[2778]:   19:25:51.304  INFO zaino_chain_head_service::service: Syncing block, height: 4382774, hash: 005746ee10f0277f3decc95dbef0fdf5f9dc60f8ae7739dc35dd40cc10ed8c2a
1791660351.304092 runnervmmprz5 zainod-0.10.1[2778]:     at packages/zaino-chain-head-service/src/service.rs:478
1791660351.304092 runnervmmprz5 zainod-0.10.1[2778]:     in zaino_chain_head_service::service::ChainHeadService::tick
1791660351.305357 runnervmmprz5 zainod-0.10.1[2778]:   19:25:51.305  INFO zaino_chain_head_service::service: Syncing block, height: 4382775, hash: 00200988b45736064d651b3ba6e83171cdf8d698193f22076cd1aa30da80a918
1791660351.305357 runnervmmprz5 zainod-0.10.1[2778]:     at packages/zaino-chain-head-service/src/service.rs:478
1791660351.305357 runnervmmprz5 zainod-0.10.1[2778]:     in zaino_chain_head_service::service::ChainHeadService::tick
1791660351.306231 runnervmmprz5 zainod-0.10.1[2778]:   19:25:51.306  INFO zaino_chain_head_service::service: Syncing block, height: 4382776, hash: 000a0ec643ce4c3b2353d9a53f604351f349b3dc7d9008745d7bb3638bff367d
1791660351.306231 runnervmmprz5 zainod-0.10.1[2778]:     at packages/zaino-chain-head-service/src/service.rs:478
1791660351.306231 runnervmmprz5 zainod-0.10.1[2778]:     in zaino_chain_head_service::service::ChainHeadService::tick
1791660351.307329 runnervmmprz5 zainod-0.10.1[2778]:   19:25:51.307  INFO zaino_chain_head_service::service: Syncing block, height: 4382777, hash: 0000400e5850f4666d0cff9758a7b8bc0472cf17465ff0ebd392bead7841871c
1791660351.307329 runnervmmprz5 zainod-0.10.1[2778]:     at packages/zaino-chain-head-service/src/service.rs:478
1791660351.307329 runnervmmprz5 zainod-0.10.1[2778]:     in zaino_chain_head_service::service::ChainHeadService::tick
1791660351.308552 runnervmmprz5 zainod-0.10.1[2778]:   19:25:51.308  INFO zaino_chain_head_service::service: Syncing block, height: 4382778, hash: 002fd2ed45d5efd070e7d82ccf79457ea3c25c9d60e1d6d34634c10932682f9d
1791660351.308552 runnervmmprz5 zainod-0.10.1[2778]:     at packages/zaino-chain-head-service/src/service.rs:478
1791660351.308552 runnervmmprz5 zainod-0.10.1[2778]:     in zaino_chain_head_service::service::ChainHeadService::tick
1791660351.309170 runnervmmprz5 zainod-0.10.1[2778]:   19:25:51.309  INFO zaino_chain_head_service::service: Syncing block, height: 4382779, hash: 002329e8516e1e7f804f1e664291265465f9433c1ee72bbabc0d4bb73100982c
1791660351.309170 runnervmmprz5 zainod-0.10.1[2778]:     at packages/zaino-chain-head-service/src/service.rs:478
1791660351.309170 runnervmmprz5 zainod-0.10.1[2778]:     in zaino_chain_head_service::service::ChainHeadService::tick
1791660351.309609 runnervmmprz5 zainod-0.10.1[2778]:   19:25:51.309  INFO zaino_chain_head_service::service: Syncing block, height: 4382780, hash: 004c85912fdeea99bdc19510d93396c11dc4c9f4298f5018aa7f25d463c6eff6
1791660351.309609 runnervmmprz5 zainod-0.10.1[2778]:     at packages/zaino-chain-head-service/src/service.rs:478
1791660351.309609 runnervmmprz5 zainod-0.10.1[2778]:     in zaino_chain_head_service::service::ChainHeadService::tick
1791660351.310194 runnervmmprz5 zainod-0.10.1[2778]:   19:25:51.310  INFO zaino_chain_head_service::service: Syncing block, height: 4382781, hash: 005d8d54d5439ebf5f29bae7a53742625d8b1f43be107c1446d141aa24e50888
1791660351.310194 runnervmmprz5 zainod-0.10.1[2778]:     at packages/zaino-chain-head-service/src/service.rs:478
1791660351.310194 runnervmmprz5 zainod-0.10.1[2778]:     in zaino_chain_head_service::service::ChainHeadService::tick
1791660351.310654 runnervmmprz5 zainod-0.10.1[2778]:   19:25:51.310  INFO zaino_chain_head_service::service: Syncing block, height: 4382782, hash: 00082f5cf8e761b8b942658bb6da1fa1aa4cca6a0aea321c2f19ce63a0b271dc
1791660351.310654 runnervmmprz5 zainod-0.10.1[2778]:     at packages/zaino-chain-head-service/src/service.rs:478
1791660351.310654 runnervmmprz5 zainod-0.10.1[2778]:     in zaino_chain_head_service::service::ChainHeadService::tick
1791660351.311058 runnervmmprz5 zainod-0.10.1[2778]:   19:25:51.311  INFO zaino_chain_head_service::service: Syncing block, height: 4382783, hash: 005bf1c5c5e4b1faecdeaaf4b5179ee791fddfe4ffabfce40ab0810ddebc762c
1791660351.311058 runnervmmprz5 zainod-0.10.1[2778]:     at packages/zaino-chain-head-service/src/service.rs:478
1791660351.311058 runnervmmprz5 zainod-0.10.1[2778]:     in zaino_chain_head_service::service::ChainHeadService::tick
1791660351.324384 runnervmmprz5 zainod-0.10.1[2778]:   19:25:51.324  INFO zaino_chain_head_service::service: Syncing block, height: 4382784, hash: 0038265a8489d4a6ef6b6a98f1e5aac1fa8f725ee560efaf5d5b4fb0fb77a157
1791660351.324384 runnervmmprz5 zainod-0.10.1[2778]:     at packages/zaino-chain-head-service/src/service.rs:478
1791660351.324384 runnervmmprz5 zainod-0.10.1[2778]:     in zaino_chain_head_service::service::ChainHeadService::tick
1791660351.324751 runnervmmprz5 zainod-0.10.1[2778]:   19:25:51.324  INFO zaino_chain_head_service::service: Syncing block, height: 4382785, hash: 00006aedd8cf1d6a0247c3efa85d775c35f20b8d951c393b0f314dba208fc269
1791660351.324751 runnervmmprz5 zainod-0.10.1[2778]:     at packages/zaino-chain-head-service/src/service.rs:478
1791660351.324751 runnervmmprz5 zainod-0.10.1[2778]:     in zaino_chain_head_service::service::ChainHeadService::tick
1791660351.325646 runnervmmprz5 zainod-0.10.1[2778]:   19:25:51.325  INFO zaino_chain_head_service::service: Syncing block, height: 4382786, hash: 0083216be98c0b5460a8780a1a66851678856c74c3a5721898e9dc950c22b207
1791660351.325646 runnervmmprz5 zainod-0.10.1[2778]:     at packages/zaino-chain-head-service/src/service.rs:478
1791660351.325646 runnervmmprz5 zainod-0.10.1[2778]:     in zaino_chain_head_service::service::ChainHeadService::tick
1791660351.326619 runnervmmprz5 zainod-0.10.1[2778]:   19:25:51.326  INFO zaino_chain_head_service::service: Syncing block, height: 4382787, hash: 004af6c9861275edab26121a82a3cd8b272104db7c35f58b85f58cf0ba650966
1791660351.326619 runnervmmprz5 zainod-0.10.1[2778]:     at packages/zaino-chain-head-service/src/service.rs:478
1791660351.326619 runnervmmprz5 zainod-0.10.1[2778]:     in zaino_chain_head_service::service::ChainHeadService::tick
1791660351.327079 runnervmmprz5 zainod-0.10.1[2778]:   19:25:51.327  INFO zaino_chain_head_service::service: Syncing block, height: 4382788, hash: 00a6379b06e0acb50959c5bce8d1f28de95cf1f530b859d8f4bbe3ca78f9e7ab
1791660351.327079 runnervmmprz5 zainod-0.10.1[2778]:     at packages/zaino-chain-head-service/src/service.rs:478
1791660351.327079 runnervmmprz5 zainod-0.10.1[2778]:     in zaino_chain_head_service::service::ChainHeadService::tick
1791660351.327643 runnervmmprz5 zainod-0.10.1[2778]:   19:25:51.327  INFO zaino_chain_head_service::service: Syncing block, height: 4382789, hash: 00d26407ea0ce2c6f1e9de24cfc0784ebd09c9777f9f9746fecc86db02ac4cec
1791660351.327643 runnervmmprz5 zainod-0.10.1[2778]:     at packages/zaino-chain-head-service/src/service.rs:478
1791660351.327643 runnervmmprz5 zainod-0.10.1[2778]:     in zaino_chain_head_service::service::ChainHeadService::tick
1791660351.328355 runnervmmprz5 zainod-0.10.1[2778]:   19:25:51.328  INFO zaino_chain_head_service::service: Syncing block, height: 4382790, hash: 006bc305b9b01ff1a93836bfcd82f1b89caa65eb62b3a92431c57551eb82ebfd
1791660351.328355 runnervmmprz5 zainod-0.10.1[2778]:     at packages/zaino-chain-head-service/src/service.rs:478
1791660351.328355 runnervmmprz5 zainod-0.10.1[2778]:     in zaino_chain_head_service::service::ChainHeadService::tick
1791660351.328782 runnervmmprz5 zainod-0.10.1[2778]:   19:25:51.328  INFO zaino_chain_head_service::service: Syncing block, height: 4382791, hash: 000c1d296ef83ebd4f29a27d5eff6796ea134b32e3c9b40eb552f34a0f525913
1791660351.328782 runnervmmprz5 zainod-0.10.1[2778]:     at packages/zaino-chain-head-service/src/service.rs:478
1791660351.328782 runnervmmprz5 zainod-0.10.1[2778]:     in zaino_chain_head_service::service::ChainHeadService::tick
1791660351.329472 runnervmmprz5 zainod-0.10.1[2778]:   19:25:51.329  INFO zaino_chain_head_service::service: Syncing block, height: 4382792, hash: 003c64caf15c375e2eda9ed56a52b2962266ecd87ef671330b697973d7eeda3f
1791660351.329472 runnervmmprz5 zainod-0.10.1[2778]:     at packages/zaino-chain-head-service/src/service.rs:478
1791660351.329472 runnervmmprz5 zainod-0.10.1[2778]:     in zaino_chain_head_service::service::ChainHeadService::tick
1791660351.329972 runnervmmprz5 zainod-0.10.1[2778]:   19:25:51.329  INFO zaino_chain_head_service::service: Syncing block, height: 4382793, hash: 005fc0c18fab600ff85d0150d596dffc6feef2a02c4d2ffd67fee89d6cda88d8
1791660351.329972 runnervmmprz5 zainod-0.10.1[2778]:     at packages/zaino-chain-head-service/src/service.rs:478
1791660351.329972 runnervmmprz5 zainod-0.10.1[2778]:     in zaino_chain_head_service::service::ChainHeadService::tick
1791660351.333265 runnervmmprz5 zainod-0.10.1[2778]:   19:25:51.333  INFO zaino_chain_head_service::service: Syncing block, height: 4382794, hash: 0025b9c626743c5024c905e3891f4b0d942c6f0700be4e587734b5db06beccf1
1791660351.333265 runnervmmprz5 zainod-0.10.1[2778]:     at packages/zaino-chain-head-service/src/service.rs:478
1791660351.333265 runnervmmprz5 zainod-0.10.1[2778]:     in zaino_chain_head_service::service::ChainHeadService::tick
1791660351.333766 runnervmmprz5 zainod-0.10.1[2778]:   19:25:51.333  INFO zaino_chain_head_service::service: Syncing block, height: 4382795, hash: 003542c6a46daad26e96ca0bfaaf1648df93e99df7a47d1c85bd1702f4971a40
1791660351.333766 runnervmmprz5 zainod-0.10.1[2778]:     at packages/zaino-chain-head-service/src/service.rs:478
1791660351.333766 runnervmmprz5 zainod-0.10.1[2778]:     in zaino_chain_head_service::service::ChainHeadService::tick
1791660351.334401 runnervmmprz5 zainod-0.10.1[2778]:   19:25:51.334  INFO zaino_chain_head_service::service: Syncing block, height: 4382796, hash: 000020ebf8920f626fc63ea82dca8100f6cdf6247d5d844ef0bb0bf32a89e61f
1791660351.334401 runnervmmprz5 zainod-0.10.1[2778]:     at packages/zaino-chain-head-service/src/service.rs:478
1791660351.334401 runnervmmprz5 zainod-0.10.1[2778]:     in zaino_chain_head_service::service::ChainHeadService::tick
1791660351.335341 runnervmmprz5 zainod-0.10.1[2778]:   19:25:51.335  INFO zaino_chain_head_service::service: Syncing block, height: 4382797, hash: 005fcbb2921b64191535e49eb788b8d83848043ab2f46ef1c220621f85822227
1791660351.335341 runnervmmprz5 zainod-0.10.1[2778]:     at packages/zaino-chain-head-service/src/service.rs:478
1791660351.335341 runnervmmprz5 zainod-0.10.1[2778]:     in zaino_chain_head_service::service::ChainHeadService::tick
1791660351.336380 runnervmmprz5 zainod-0.10.1[2778]:   19:25:51.336  INFO zaino_chain_head_service::service: Syncing block, height: 4382798, hash: 002cde7a261764ceab363d23e95b5535bb80d96f6f4c5267b8f3eb586931fb47
1791660351.336380 runnervmmprz5 zainod-0.10.1[2778]:     at packages/zaino-chain-head-service/src/service.rs:478
1791660351.336380 runnervmmprz5 zainod-0.10.1[2778]:     in zaino_chain_head_service::service::ChainHeadService::tick
1791660351.336879 runnervmmprz5 zainod-0.10.1[2778]:   19:25:51.336  INFO zaino_chain_head_service::service: Syncing block, height: 4382799, hash: 0000303b46ac912dc77b5c697c967589b4fa5282e6d1ec025fc38767c129bd71
1791660351.336879 runnervmmprz5 zainod-0.10.1[2778]:     at packages/zaino-chain-head-service/src/service.rs:478
1791660351.336879 runnervmmprz5 zainod-0.10.1[2778]:     in zaino_chain_head_service::service::ChainHeadService::tick
1791660351.337529 runnervmmprz5 zainod-0.10.1[2778]:   19:25:51.337  INFO zaino_chain_head_service::service: Syncing block, height: 4382800, hash: 008bf4427b2587e977a99cd11f6b74a33c579f8bec83d8b729641386ad271e3e
1791660351.337529 runnervmmprz5 zainod-0.10.1[2778]:     at packages/zaino-chain-head-service/src/service.rs:478
1791660351.337529 runnervmmprz5 zainod-0.10.1[2778]:     in zaino_chain_head_service::service::ChainHeadService::tick
1791660351.338723 runnervmmprz5 zainod-0.10.1[2778]:   19:25:51.338  INFO zaino_chain_head_service::service: Syncing block, height: 4382801, hash: 005c2b4efeea82a913971401eeb0f9eb1201634be6a8cef36296de7a4947240e
1791660351.338723 runnervmmprz5 zainod-0.10.1[2778]:     at packages/zaino-chain-head-service/src/service.rs:478
1791660351.338723 runnervmmprz5 zainod-0.10.1[2778]:     in zaino_chain_head_service::service::ChainHeadService::tick
1791660351.339716 runnervmmprz5 zainod-0.10.1[2778]:   19:25:51.339  INFO zaino_chain_head_service::service: Syncing block, height: 4382802, hash: 0005941f7a492361bb353f93177efd4c51324fbd311d2367fe8144a915afddc2
1791660351.339716 runnervmmprz5 zainod-0.10.1[2778]:     at packages/zaino-chain-head-service/src/service.rs:478
1791660351.339716 runnervmmprz5 zainod-0.10.1[2778]:     in zaino_chain_head_service::service::ChainHeadService::tick
1791660351.340271 runnervmmprz5 zainod-0.10.1[2778]:   19:25:51.340  INFO zaino_chain_head_service::service: Syncing block, height: 4382803, hash: 0075a99f4d797d6b115f1770bfd1714dc2d122e4bf83936e3f2fa30013435e04
1791660351.340271 runnervmmprz5 zainod-0.10.1[2778]:     at packages/zaino-chain-head-service/src/service.rs:478
1791660351.340271 runnervmmprz5 zainod-0.10.1[2778]:     in zaino_chain_head_service::service::ChainHeadService::tick
1791660351.343362 runnervmmprz5 zainod-0.10.1[2778]:   19:25:51.343  INFO zaino_chain_head_service::service: Syncing block, height: 4382804, hash: 00362b2707994bee7f3e27ae028d1fc6b09c691502f295ce429c76f7ed90aba9
1791660351.343362 runnervmmprz5 zainod-0.10.1[2778]:     at packages/zaino-chain-head-service/src/service.rs:478
1791660351.343362 runnervmmprz5 zainod-0.10.1[2778]:     in zaino_chain_head_service::service::ChainHeadService::tick
1791660351.344441 runnervmmprz5 zainod-0.10.1[2778]:   19:25:51.344  INFO zaino_chain_head_service::service: Syncing block, height: 4382805, hash: 003ad4bc2716a442af6fbf514dbebcd40263cd51cd891f17322725b851146fd8
1791660351.344441 runnervmmprz5 zainod-0.10.1[2778]:     at packages/zaino-chain-head-service/src/service.rs:478
1791660351.344441 runnervmmprz5 zainod-0.10.1[2778]:     in zaino_chain_head_service::service::ChainHeadService::tick
1791660351.345244 runnervmmprz5 zainod-0.10.1[2778]:   19:25:51.345  INFO zaino_chain_head_service::service: Syncing block, height: 4382806, hash: 002b000673dc319ac30ebf4db33246540c33a34f230ddde8902262ea4e4c7985
1791660351.345244 runnervmmprz5 zainod-0.10.1[2778]:     at packages/zaino-chain-head-service/src/service.rs:478
1791660351.345244 runnervmmprz5 zainod-0.10.1[2778]:     in zaino_chain_head_service::service::ChainHeadService::tick
1791660351.345782 runnervmmprz5 zainod-0.10.1[2778]:   19:25:51.345  INFO zaino_chain_head_service::service: Syncing block, height: 4382807, hash: 005ce54b08cf342a7fbd192d3be53e5369ef49133ee8e25af3803fd1a15c1a73
1791660351.345782 runnervmmprz5 zainod-0.10.1[2778]:     at packages/zaino-chain-head-service/src/service.rs:478
1791660351.345782 runnervmmprz5 zainod-0.10.1[2778]:     in zaino_chain_head_service::service::ChainHeadService::tick
1791660351.346618 runnervmmprz5 zainod-0.10.1[2778]:   19:25:51.346  INFO zaino_chain_head_service::service: Syncing block, height: 4382808, hash: 00005b4d33f946f2f8f3fe864479112bc397ceb40c9220561e76839a0d07f3ba
1791660351.346618 runnervmmprz5 zainod-0.10.1[2778]:     at packages/zaino-chain-head-service/src/service.rs:478
1791660351.346618 runnervmmprz5 zainod-0.10.1[2778]:     in zaino_chain_head_service::service::ChainHeadService::tick
1791660351.347258 runnervmmprz5 zainod-0.10.1[2778]:   19:25:51.347  INFO zaino_chain_head_service::service: Syncing block, height: 4382809, hash: 0040ee343897073238b256443121f31c5ed7748775a92a698d7b156f02df139e
1791660351.347258 runnervmmprz5 zainod-0.10.1[2778]:     at packages/zaino-chain-head-service/src/service.rs:478
1791660351.347258 runnervmmprz5 zainod-0.10.1[2778]:     in zaino_chain_head_service::service::ChainHeadService::tick
1791660351.348210 runnervmmprz5 zainod-0.10.1[2778]:   19:25:51.348  INFO zaino_chain_head_service::service: Syncing block, height: 4382810, hash: 0064416aae269d3209328eacc7c6808e22f9850a97fba4043de6847146ca0c7d
1791660351.348210 runnervmmprz5 zainod-0.10.1[2778]:     at packages/zaino-chain-head-service/src/service.rs:478
1791660351.348210 runnervmmprz5 zainod-0.10.1[2778]:     in zaino_chain_head_service::service::ChainHeadService::tick
1791660351.349251 runnervmmprz5 zainod-0.10.1[2778]:   19:25:51.349  INFO zaino_chain_head_service::service: Syncing block, height: 4382811, hash: 00000cff777fb66883449d624821cc458842eebc430e1bb369dc8649df1086ac
1791660351.349251 runnervmmprz5 zainod-0.10.1[2778]:     at packages/zaino-chain-head-service/src/service.rs:478
1791660351.349251 runnervmmprz5 zainod-0.10.1[2778]:     in zaino_chain_head_service::service::ChainHeadService::tick
1791660351.350162 runnervmmprz5 zainod-0.10.1[2778]:   19:25:51.350  INFO zaino_chain_head_service::service: Syncing block, height: 4382812, hash: 0039ae2c169d1b9d77faee919af5bf6b3269740bdd7fe9635305b321c107d3e5
1791660351.350162 runnervmmprz5 zainod-0.10.1[2778]:     at packages/zaino-chain-head-service/src/service.rs:478
1791660351.350162 runnervmmprz5 zainod-0.10.1[2778]:     in zaino_chain_head_service::service::ChainHeadService::tick
1791660351.351015 runnervmmprz5 zainod-0.10.1[2778]:   19:25:51.350  INFO zaino_chain_head_service::service: Syncing block, height: 4382813, hash: 000067f95c86bcf3ec9956a2d297dc17fdc5b6f17ac6d646c1220290a0d2c777
1791660351.351015 runnervmmprz5 zainod-0.10.1[2778]:     at packages/zaino-chain-head-service/src/service.rs:478
1791660351.351015 runnervmmprz5 zainod-0.10.1[2778]:     in zaino_chain_head_service::service::ChainHeadService::tick
1791660351.351505 runnervmmprz5 zainod-0.10.1[2778]:   19:25:51.351  INFO zaino_chain_head_service::service: Syncing block, height: 4382814, hash: 004d3a785b1a0b6e2b32eb219a2a66eb121ba92e7f3950d9d33ae3ddaa4a2800
1791660351.351505 runnervmmprz5 zainod-0.10.1[2778]:     at packages/zaino-chain-head-service/src/service.rs:478
1791660351.351505 runnervmmprz5 zainod-0.10.1[2778]:     in zaino_chain_head_service::service::ChainHeadService::tick
1791660351.352480 runnervmmprz5 zainod-0.10.1[2778]:   19:25:51.352  INFO zaino_chain_head_service::service: Syncing block, height: 4382815, hash: 0000221762c60f746c4809166ecdeb249eceab7cc217f3fd6c3f55f8d47bd3b0
1791660351.352480 runnervmmprz5 zainod-0.10.1[2778]:     at packages/zaino-chain-head-service/src/service.rs:478
1791660351.352480 runnervmmprz5 zainod-0.10.1[2778]:     in zaino_chain_head_service::service::ChainHeadService::tick
1791660351.353110 runnervmmprz5 zainod-0.10.1[2778]:   19:25:51.353  INFO zaino_chain_head_service::service: Syncing block, height: 4382816, hash: 00007ee65e941810cf01396686fc177f8c6dabc4b8d1126082183beeebfc8c16
1791660351.353110 runnervmmprz5 zainod-0.10.1[2778]:     at packages/zaino-chain-head-service/src/service.rs:478
1791660351.353110 runnervmmprz5 zainod-0.10.1[2778]:     in zaino_chain_head_service::service::ChainHeadService::tick
1791660351.353898 runnervmmprz5 zainod-0.10.1[2778]:   19:25:51.353  INFO zaino_chain_head_service::service: Syncing block, height: 4382817, hash: 000020cabf1f0d0c7281f62a36bb808d4beb4c232d9aadd124bc5793a9b24476
1791660351.353898 runnervmmprz5 zainod-0.10.1[2778]:     at packages/zaino-chain-head-service/src/service.rs:478
1791660351.353898 runnervmmprz5 zainod-0.10.1[2778]:     in zaino_chain_head_service::service::ChainHeadService::tick
1791660351.355153 runnervmmprz5 zainod-0.10.1[2778]:   19:25:51.355  INFO zaino_chain_head_service::service: Syncing block, height: 4382818, hash: 00619eb8933a8a99531fea09d2662e76c13a45dd0c7842cae747735f3a7534f6
1791660351.355153 runnervmmprz5 zainod-0.10.1[2778]:     at packages/zaino-chain-head-service/src/service.rs:478
1791660351.355153 runnervmmprz5 zainod-0.10.1[2778]:     in zaino_chain_head_service::service::ChainHeadService::tick
1791660351.356307 runnervmmprz5 zainod-0.10.1[2778]:   19:25:51.355  INFO zaino_chain_head_service::service: Syncing block, height: 4382819, hash: 00007f84f90c38be4fcdd9a46708670e9b89dce84b15ecd15344480a289e9277
1791660351.356307 runnervmmprz5 zainod-0.10.1[2778]:     at packages/zaino-chain-head-service/src/service.rs:478
1791660351.356307 runnervmmprz5 zainod-0.10.1[2778]:     in zaino_chain_head_service::service::ChainHeadService::tick
1791660351.356656 runnervmmprz5 zainod-0.10.1[2778]:   19:25:51.356  INFO zaino_chain_head_service::service: Syncing block, height: 4382820, hash: 00006a972840e55f214fc55914c9b054fc5d23d2d2806b5c40ad6b217aca627c
1791660351.356656 runnervmmprz5 zainod-0.10.1[2778]:     at packages/zaino-chain-head-service/src/service.rs:478
1791660351.356656 runnervmmprz5 zainod-0.10.1[2778]:     in zaino_chain_head_service::service::ChainHeadService::tick
1791660351.357238 runnervmmprz5 zainod-0.10.1[2778]:   19:25:51.357  INFO zaino_chain_head_service::service: Syncing block, height: 4382821, hash: 00004a92a8c384a4429d66cdfa852e301d59d61ed29a6755c38ecd566ba7ed8d
1791660351.357238 runnervmmprz5 zainod-0.10.1[2778]:     at packages/zaino-chain-head-service/src/service.rs:478
1791660351.357238 runnervmmprz5 zainod-0.10.1[2778]:     in zaino_chain_head_service::service::ChainHeadService::tick
1791660351.357795 runnervmmprz5 zainod-0.10.1[2778]:   19:25:51.357  INFO zaino_chain_head_service::service: Syncing block, height: 4382822, hash: 00006846ae546f7a1a707370be77b7b14cba7162719c456537f6f8de6b9eb09d
1791660351.357795 runnervmmprz5 zainod-0.10.1[2778]:     at packages/zaino-chain-head-service/src/service.rs:478
1791660351.357795 runnervmmprz5 zainod-0.10.1[2778]:     in zaino_chain_head_service::service::ChainHeadService::tick
1791660351.358518 runnervmmprz5 zainod-0.10.1[2778]:   19:25:51.358  INFO zaino_chain_head_service::service: Syncing block, height: 4382823, hash: 00000c72e20fa238208a30045ec90f117c8a081c9b95d03ebfdff8742187661d
1791660351.358518 runnervmmprz5 zainod-0.10.1[2778]:     at packages/zaino-chain-head-service/src/service.rs:478
1791660351.358518 runnervmmprz5 zainod-0.10.1[2778]:     in zaino_chain_head_service::service::ChainHeadService::tick
1791660351.359284 runnervmmprz5 zainod-0.10.1[2778]:   19:25:51.359  INFO zaino_chain_head_service::service: Syncing block, height: 4382824, hash: 000066f0410c9262e61a5f99c9c2f2f79ad23d1375eb383ec3f287212c5699cb
1791660351.359284 runnervmmprz5 zainod-0.10.1[2778]:     at packages/zaino-chain-head-service/src/service.rs:478
1791660351.359284 runnervmmprz5 zainod-0.10.1[2778]:     in zaino_chain_head_service::service::ChainHeadService::tick
1791660351.359719 runnervmmprz5 zainod-0.10.1[2778]:   19:25:51.359  INFO zaino_chain_head_service::service: Syncing block, height: 4382825, hash: 0045b91714618bbc166e24245b3c5addd3f605b1144cf2c91a1e5d79e97edd4d
1791660351.359719 runnervmmprz5 zainod-0.10.1[2778]:     at packages/zaino-chain-head-service/src/service.rs:478
1791660351.359719 runnervmmprz5 zainod-0.10.1[2778]:     in zaino_chain_head_service::service::ChainHeadService::tick
1791660351.360156 runnervmmprz5 zainod-0.10.1[2778]:   19:25:51.360  INFO zaino_chain_head_service::service: Syncing block, height: 4382826, hash: 003a41046e1d2c1d780bdc20ce6e26d24d836afa1ab0cb57d6b6f1ba9604645b
1791660351.360156 runnervmmprz5 zainod-0.10.1[2778]:     at packages/zaino-chain-head-service/src/service.rs:478
1791660351.360156 runnervmmprz5 zainod-0.10.1[2778]:     in zaino_chain_head_service::service::ChainHeadService::tick
1791660351.360786 runnervmmprz5 zainod-0.10.1[2778]:   19:25:51.360  INFO zaino_chain_head_service::service: Syncing block, height: 4382827, hash: 00002e3e2c668b7793f8d39e4ee1decdfd0e456ef11450e868a2050d752f98ec
1791660351.360786 runnervmmprz5 zainod-0.10.1[2778]:     at packages/zaino-chain-head-service/src/service.rs:478
1791660351.360786 runnervmmprz5 zainod-0.10.1[2778]:     in zaino_chain_head_service::service::ChainHeadService::tick
1791660351.361245 runnervmmprz5 zainod-0.10.1[2778]:   19:25:51.361  INFO zaino_chain_head_service::service: Syncing block, height: 4382828, hash: 000024f062b1f0ed82ea6d86752412535f6605c176ba8d0f054abe56d053d57c
1791660351.361245 runnervmmprz5 zainod-0.10.1[2778]:     at packages/zaino-chain-head-service/src/service.rs:478
1791660351.361245 runnervmmprz5 zainod-0.10.1[2778]:     in zaino_chain_head_service::service::ChainHeadService::tick
1791660351.361655 runnervmmprz5 zainod-0.10.1[2778]:   19:25:51.361  INFO zaino_chain_head_service::service: Syncing block, height: 4382829, hash: 0000359ab073c7def75becd3962ec170af6a89a744fa45481c61799d8ec5801e
1791660351.361655 runnervmmprz5 zainod-0.10.1[2778]:     at packages/zaino-chain-head-service/src/service.rs:478
1791660351.361655 runnervmmprz5 zainod-0.10.1[2778]:     in zaino_chain_head_service::service::ChainHeadService::tick
1791660351.362178 runnervmmprz5 zainod-0.10.1[2778]:   19:25:51.362  INFO zaino_chain_head_service::service: Syncing block, height: 4382830, hash: 0000202d383c89723ab0de4eb95465184e35c28fbaf881f8d8d6d581a07fe7d0
1791660351.362178 runnervmmprz5 zainod-0.10.1[2778]:     at packages/zaino-chain-head-service/src/service.rs:478
1791660351.362178 runnervmmprz5 zainod-0.10.1[2778]:     in zaino_chain_head_service::service::ChainHeadService::tick
1791660351.362668 runnervmmprz5 zainod-0.10.1[2778]:   19:25:51.362  INFO zaino_chain_head_service::service: Syncing block, height: 4382831, hash: 000038c5991adc97b17abb5edcfd4ebe2aef1c65f14d345a17d00b2d9b4ddc12
1791660351.362668 runnervmmprz5 zainod-0.10.1[2778]:     at packages/zaino-chain-head-service/src/service.rs:478
1791660351.362668 runnervmmprz5 zainod-0.10.1[2778]:     in zaino_chain_head_service::service::ChainHeadService::tick
1791660351.363127 runnervmmprz5 zainod-0.10.1[2778]:   19:25:51.363  INFO zaino_chain_head_service::service: Syncing block, height: 4382832, hash: 000006ad243f04c3377e8379e7bdd0dd6fe55be434874cb37a06e0244ebb301a
1791660351.363127 runnervmmprz5 zainod-0.10.1[2778]:     at packages/zaino-chain-head-service/src/service.rs:478
1791660351.363127 runnervmmprz5 zainod-0.10.1[2778]:     in zaino_chain_head_service::service::ChainHeadService::tick
1791660351.363780 runnervmmprz5 zainod-0.10.1[2778]:   19:25:51.363  INFO zaino_chain_head_service::service: Syncing block, height: 4382833, hash: 00001d649a26e458b81612c72ae14ce6e6ca1895e3a1f9d9fbde1e5b07f3d304
1791660351.363780 runnervmmprz5 zainod-0.10.1[2778]:     at packages/zaino-chain-head-service/src/service.rs:478
1791660351.363780 runnervmmprz5 zainod-0.10.1[2778]:     in zaino_chain_head_service::service::ChainHeadService::tick
1791660351.364176 runnervmmprz5 zainod-0.10.1[2778]:   19:25:51.364  INFO zaino_chain_head_service::service: Syncing block, height: 4382834, hash: 00000b07698a02d6787f15e364a492c433bd2ac5fe1ae2bce82615674bf48066
1791660351.364176 runnervmmprz5 zainod-0.10.1[2778]:     at packages/zaino-chain-head-service/src/service.rs:478
1791660351.364176 runnervmmprz5 zainod-0.10.1[2778]:     in zaino_chain_head_service::service::ChainHeadService::tick
1791660351.364624 runnervmmprz5 zainod-0.10.1[2778]:   19:25:51.364  INFO zaino_chain_head_service::service: Syncing block, height: 4382835, hash: 00005adc1fd461e2999374dbc508d8253acd39813c7c42ccc1011959dea9443f
1791660351.364624 runnervmmprz5 zainod-0.10.1[2778]:     at packages/zaino-chain-head-service/src/service.rs:478
1791660351.364624 runnervmmprz5 zainod-0.10.1[2778]:     in zaino_chain_head_service::service::ChainHeadService::tick
1791660351.365062 runnervmmprz5 zainod-0.10.1[2778]:   19:25:51.365  INFO zaino_chain_head_service::service: Syncing block, height: 4382836, hash: 00003653afa2e83665b2d6e590eb7f02c64cc5fdb8189c1d06b50ce0de80c2e0
1791660351.365062 runnervmmprz5 zainod-0.10.1[2778]:     at packages/zaino-chain-head-service/src/service.rs:478
1791660351.365062 runnervmmprz5 zainod-0.10.1[2778]:     in zaino_chain_head_service::service::ChainHeadService::tick
1791660351.365695 runnervmmprz5 zainod-0.10.1[2778]:   19:25:51.365  INFO zaino_chain_head_service::service: Syncing block, height: 4382837, hash: 0000672144b3650b6579cba82b514ba810d96dfabdacc6fe646e4d6b8120aedb
1791660351.365695 runnervmmprz5 zainod-0.10.1[2778]:     at packages/zaino-chain-head-service/src/service.rs:478
1791660351.365695 runnervmmprz5 zainod-0.10.1[2778]:     in zaino_chain_head_service::service::ChainHeadService::tick
1791660351.367033 runnervmmprz5 zainod-0.10.1[2778]:   19:25:51.366  INFO zaino_chain_head_service::service: Syncing block, height: 4382838, hash: 00005cd721b326a88a46c3ddcbb2e5d163647cb03b18713fd6a44dff25ece1a6
1791660351.367033 runnervmmprz5 zainod-0.10.1[2778]:     at packages/zaino-chain-head-service/src/service.rs:478
1791660351.367033 runnervmmprz5 zainod-0.10.1[2778]:     in zaino_chain_head_service::service::ChainHeadService::tick
1791660351.367778 runnervmmprz5 zainod-0.10.1[2778]:   19:25:51.367  INFO zaino_chain_head_service::service: Syncing block, height: 4382839, hash: 000010e06da37394998a34ffd38211820204248cdb9556d351c51a5fc7e33568
1791660351.367778 runnervmmprz5 zainod-0.10.1[2778]:     at packages/zaino-chain-head-service/src/service.rs:478
1791660351.367778 runnervmmprz5 zainod-0.10.1[2778]:     in zaino_chain_head_service::service::ChainHeadService::tick
1791660351.368340 runnervmmprz5 zainod-0.10.1[2778]:   19:25:51.368  INFO zaino_chain_head_service::service: Syncing block, height: 4382840, hash: 000051a0ffcb0cade99ca97af65816024c8d2bea1079d48a21ab5afcfe27c77c
1791660351.368340 runnervmmprz5 zainod-0.10.1[2778]:     at packages/zaino-chain-head-service/src/service.rs:478
1791660351.368340 runnervmmprz5 zainod-0.10.1[2778]:     in zaino_chain_head_service::service::ChainHeadService::tick
1791660351.368891 runnervmmprz5 zainod-0.10.1[2778]:   19:25:51.368  INFO zaino_chain_head_service::service: Syncing block, height: 4382841, hash: 000013e3b42c12a3760b89b0ed91322cac4676bc56ab2b9f543ec57df181a997
1791660351.368891 runnervmmprz5 zainod-0.10.1[2778]:     at packages/zaino-chain-head-service/src/service.rs:478
1791660351.368891 runnervmmprz5 zainod-0.10.1[2778]:     in zaino_chain_head_service::service::ChainHeadService::tick
1791660351.369727 runnervmmprz5 zainod-0.10.1[2778]:   19:25:51.369  INFO zaino_chain_head_service::service: Syncing block, height: 4382842, hash: 0035c0570da2227e0c53d2f68b221765f65fd108dc9ed0451587fc56393eab0e
1791660351.369727 runnervmmprz5 zainod-0.10.1[2778]:     at packages/zaino-chain-head-service/src/service.rs:478
1791660351.369727 runnervmmprz5 zainod-0.10.1[2778]:     in zaino_chain_head_service::service::ChainHeadService::tick
1791660351.370476 runnervmmprz5 zainod-0.10.1[2778]:   19:25:51.370  INFO zaino_chain_head_service::service: Syncing block, height: 4382843, hash: 000013e86221866a96792fb8528ec83d69d1405dc88d6ceb7db2f1c791d873cb
1791660351.370476 runnervmmprz5 zainod-0.10.1[2778]:     at packages/zaino-chain-head-service/src/service.rs:478
1791660351.370476 runnervmmprz5 zainod-0.10.1[2778]:     in zaino_chain_head_service::service::ChainHeadService::tick
1791660351.371453 runnervmmprz5 zainod-0.10.1[2778]:   19:25:51.371  INFO zaino_chain_head_service::service: Syncing block, height: 4382844, hash: 0000441709df1857fb7f373bab44a78a624c8960d2bbc0f2c36046281f33d6a8
1791660351.371453 runnervmmprz5 zainod-0.10.1[2778]:     at packages/zaino-chain-head-service/src/service.rs:478
1791660351.371453 runnervmmprz5 zainod-0.10.1[2778]:     in zaino_chain_head_service::service::ChainHeadService::tick
1791660351.371762 runnervmmprz5 zainod-0.10.1[2778]:   19:25:51.371  INFO zaino_chain_head_service::service: Syncing block, height: 4382845, hash: 000053d609a16fea7fb47cb0244bfb257c487c1d049812a948d390ed1423a30e
1791660351.371762 runnervmmprz5 zainod-0.10.1[2778]:     at packages/zaino-chain-head-service/src/service.rs:478
1791660351.371762 runnervmmprz5 zainod-0.10.1[2778]:     in zaino_chain_head_service::service::ChainHeadService::tick
1791660351.372456 runnervmmprz5 zainod-0.10.1[2778]:   19:25:51.372  INFO zaino_chain_head_service::service: Syncing block, height: 4382846, hash: 000049c3637a84d87bee5481ddf4e4d9a8eaae144409450614a54d61ff642a27
1791660351.372456 runnervmmprz5 zainod-0.10.1[2778]:     at packages/zaino-chain-head-service/src/service.rs:478
1791660351.372456 runnervmmprz5 zainod-0.10.1[2778]:     in zaino_chain_head_service::service::ChainHeadService::tick
1791660351.373146 runnervmmprz5 zainod-0.10.1[2778]:   19:25:51.373  INFO zaino_chain_head_service::service: Syncing block, height: 4382847, hash: 00005c3f3a7c1f764610e25c687a60d594e95500c284ee6bd9d014fc2be5db02
1791660351.373146 runnervmmprz5 zainod-0.10.1[2778]:     at packages/zaino-chain-head-service/src/service.rs:478
1791660351.373146 runnervmmprz5 zainod-0.10.1[2778]:     in zaino_chain_head_service::service::ChainHeadService::tick
1791660351.373787 runnervmmprz5 zainod-0.10.1[2778]:   19:25:51.373  INFO zaino_chain_head_service::service: Syncing block, height: 4382848, hash: 0000286bde630e5c82915b105520bb9e1c6f745721cf7c2b0f283c9867a52dcd
1791660351.373787 runnervmmprz5 zainod-0.10.1[2778]:     at packages/zaino-chain-head-service/src/service.rs:478
1791660351.373787 runnervmmprz5 zainod-0.10.1[2778]:     in zaino_chain_head_service::service::ChainHeadService::tick
1791660351.374935 runnervmmprz5 zainod-0.10.1[2778]:   19:25:51.374  INFO zaino_chain_head_service::service: Syncing block, height: 4382849, hash: 00003f2f9d3cc35743e18941a4423e37ff4f2bc5248867e105bbcf3c8f5232c3
1791660351.374935 runnervmmprz5 zainod-0.10.1[2778]:     at packages/zaino-chain-head-service/src/service.rs:478
1791660351.374935 runnervmmprz5 zainod-0.10.1[2778]:     in zaino_chain_head_service::service::ChainHeadService::tick
1791660351.375496 runnervmmprz5 zainod-0.10.1[2778]:   19:25:51.375  INFO zaino_chain_head_service::service: Syncing block, height: 4382850, hash: 00005ae334dfb3bcb0e3f418586db6b35b063a1ac0ba15b8d5ba915a4024bc77
1791660351.375496 runnervmmprz5 zainod-0.10.1[2778]:     at packages/zaino-chain-head-service/src/service.rs:478
1791660351.375496 runnervmmprz5 zainod-0.10.1[2778]:     in zaino_chain_head_service::service::ChainHeadService::tick
1791660351.376114 runnervmmprz5 zainod-0.10.1[2778]:   19:25:51.376  INFO zaino_chain_head_service::service: Syncing block, height: 4382851, hash: 000040782ad54fb833428a2d5dcaf094cc09017fa02a963de7a5bf18b7054596
1791660351.376114 runnervmmprz5 zainod-0.10.1[2778]:     at packages/zaino-chain-head-service/src/service.rs:478
1791660351.376114 runnervmmprz5 zainod-0.10.1[2778]:     in zaino_chain_head_service::service::ChainHeadService::tick
1791660351.376638 runnervmmprz5 zainod-0.10.1[2778]:   19:25:51.376  INFO zaino_chain_head_service::service: Syncing block, height: 4382852, hash: 000056ec8c2e91f44b7f3bafd00561705dee35eeb3764cd332b3c70aaa7f057a
1791660351.376638 runnervmmprz5 zainod-0.10.1[2778]:     at packages/zaino-chain-head-service/src/service.rs:478
1791660351.376638 runnervmmprz5 zainod-0.10.1[2778]:     in zaino_chain_head_service::service::ChainHeadService::tick
1791660351.377145 runnervmmprz5 zainod-0.10.1[2778]:   19:25:51.377  INFO zaino_chain_head_service::service: Syncing block, height: 4382853, hash: 000031b909128b05870dfe6f2805c901b81cbe9e6167483869afe55a050ba6c7
1791660351.377145 runnervmmprz5 zainod-0.10.1[2778]:     at packages/zaino-chain-head-service/src/service.rs:478
1791660351.377145 runnervmmprz5 zainod-0.10.1[2778]:     in zaino_chain_head_service::service::ChainHeadService::tick
1791660351.377591 runnervmmprz5 zainod-0.10.1[2778]:   19:25:51.377  INFO zaino_chain_head_service::service: Syncing block, height: 4382854, hash: 00000951175885583b49a581e9f736f462efa4486a673bc2add815273a7434f4
1791660351.377591 runnervmmprz5 zainod-0.10.1[2778]:     at packages/zaino-chain-head-service/src/service.rs:478
1791660351.377591 runnervmmprz5 zainod-0.10.1[2778]:     in zaino_chain_head_service::service::ChainHeadService::tick
1791660351.378099 runnervmmprz5 zainod-0.10.1[2778]:   19:25:51.378  INFO zaino_chain_head_service::service: Syncing block, height: 4382855, hash: 000072a9c029bde0bd1f562629829a7b651ae82b021681aa8a99e47e076c473e
1791660351.378099 runnervmmprz5 zainod-0.10.1[2778]:     at packages/zaino-chain-head-service/src/service.rs:478
1791660351.378099 runnervmmprz5 zainod-0.10.1[2778]:     in zaino_chain_head_service::service::ChainHeadService::tick
1791660351.379194 runnervmmprz5 zainod-0.10.1[2778]:   19:25:51.379  INFO zaino_chain_head_service::service: Syncing block, height: 4382856, hash: 000029f85847094deb5704bd9becb9bd2b34cfcd833d767795a4115546c148c8
1791660351.379194 runnervmmprz5 zainod-0.10.1[2778]:     at packages/zaino-chain-head-service/src/service.rs:478
1791660351.379194 runnervmmprz5 zainod-0.10.1[2778]:     in zaino_chain_head_service::service::ChainHeadService::tick
1791660351.379810 runnervmmprz5 zainod-0.10.1[2778]:   19:25:51.379  INFO zaino_chain_head_service::service: Syncing block, height: 4382857, hash: 00007e532d1fd0cde0601f4d269f057a8100138a600c468f90d1c2992e742b51
1791660351.379810 runnervmmprz5 zainod-0.10.1[2778]:     at packages/zaino-chain-head-service/src/service.rs:478
1791660351.379810 runnervmmprz5 zainod-0.10.1[2778]:     in zaino_chain_head_service::service::ChainHeadService::tick
1791660351.380427 runnervmmprz5 zainod-0.10.1[2778]:   19:25:51.380  INFO zaino_chain_head_service::service: Syncing block, height: 4382858, hash: 00003c678cbee67037ef8a76b17d397078578b0958ad10eeda1c6b2c37ab9e96
1791660351.380427 runnervmmprz5 zainod-0.10.1[2778]:     at packages/zaino-chain-head-service/src/service.rs:478
1791660351.380427 runnervmmprz5 zainod-0.10.1[2778]:     in zaino_chain_head_service::service::ChainHeadService::tick
1791660351.381240 runnervmmprz5 zainod-0.10.1[2778]:   19:25:51.381  INFO zaino_chain_head_service::service: Syncing block, height: 4382859, hash: 00118365a4d7edb1432d0bb47b401a9e084f2882f68a1897b37e17328a37240d
1791660351.381240 runnervmmprz5 zainod-0.10.1[2778]:     at packages/zaino-chain-head-service/src/service.rs:478
1791660351.381240 runnervmmprz5 zainod-0.10.1[2778]:     in zaino_chain_head_service::service::ChainHeadService::tick
1791660351.382001 runnervmmprz5 zainod-0.10.1[2778]:   19:25:51.381  INFO zaino_chain_head_service::service: Syncing block, height: 4382860, hash: 001b8319da39e42c0efeaf92248a619bde18021a314ba452977f7a7cc543eddb
1791660351.382001 runnervmmprz5 zainod-0.10.1[2778]:     at packages/zaino-chain-head-service/src/service.rs:478
1791660351.382001 runnervmmprz5 zainod-0.10.1[2778]:     in zaino_chain_head_service::service::ChainHeadService::tick
1791660351.382440 runnervmmprz5 zainod-0.10.1[2778]:   19:25:51.382  INFO zaino_chain_head_service::service: Syncing block, height: 4382861, hash: 0000501a1ebdcc0fe61b769782e918651be31b549edad69c85777a0ac860a6db
1791660351.382440 runnervmmprz5 zainod-0.10.1[2778]:     at packages/zaino-chain-head-service/src/service.rs:478
1791660351.382440 runnervmmprz5 zainod-0.10.1[2778]:     in zaino_chain_head_service::service::ChainHeadService::tick
1791660351.383157 runnervmmprz5 zainod-0.10.1[2778]:   19:25:51.383  INFO zaino_chain_head_service::service: Syncing block, height: 4382862, hash: 00001b4a739069e1bf2cb47b9a90f3eb0969c130a467d68993f6530a4ff5a7e8
1791660351.383157 runnervmmprz5 zainod-0.10.1[2778]:     at packages/zaino-chain-head-service/src/service.rs:478
1791660351.383157 runnervmmprz5 zainod-0.10.1[2778]:     in zaino_chain_head_service::service::ChainHeadService::tick
1791660351.383687 runnervmmprz5 zainod-0.10.1[2778]:   19:25:51.383  INFO zaino_chain_head_service::service: Syncing block, height: 4382863, hash: 000cb265c7e9317322eb10d9012bdb4f1e1fe6cc1ccf915d2edcc75294d91969
1791660351.383687 runnervmmprz5 zainod-0.10.1[2778]:     at packages/zaino-chain-head-service/src/service.rs:478
1791660351.383687 runnervmmprz5 zainod-0.10.1[2778]:     in zaino_chain_head_service::service::ChainHeadService::tick
1791660351.383952 runnervmmprz5 zainod-0.10.1[2778]:   19:25:51.383  INFO zaino_chain_head_service::service: Syncing block, height: 4382864, hash: 000013f671a8e0c62bf07723f5ebe7979b47609951d301339eef01e1f90bd990
1791660351.383952 runnervmmprz5 zainod-0.10.1[2778]:     at packages/zaino-chain-head-service/src/service.rs:478
1791660351.383952 runnervmmprz5 zainod-0.10.1[2778]:     in zaino_chain_head_service::service::ChainHeadService::tick
1791660351.384488 runnervmmprz5 zainod-0.10.1[2778]:   19:25:51.384  INFO zaino_chain_head_service::service: Syncing block, height: 4382865, hash: 00007dfc11d566e9aa137869518111259e06d5930cb5012098ba6bdec5c6a555
1791660351.384488 runnervmmprz5 zainod-0.10.1[2778]:     at packages/zaino-chain-head-service/src/service.rs:478
1791660351.384488 runnervmmprz5 zainod-0.10.1[2778]:     in zaino_chain_head_service::service::ChainHeadService::tick
1791660351.385047 runnervmmprz5 zainod-0.10.1[2778]:   19:25:51.385  INFO zaino_chain_head_service::service: Syncing block, height: 4382866, hash: 00146c54d6a13822399fe248b0df50d72d59bfc936672f9d1bc47937bd73207c
1791660351.385047 runnervmmprz5 zainod-0.10.1[2778]:     at packages/zaino-chain-head-service/src/service.rs:478
1791660351.385047 runnervmmprz5 zainod-0.10.1[2778]:     in zaino_chain_head_service::service::ChainHeadService::tick
1791660351.385638 runnervmmprz5 zainod-0.10.1[2778]:   19:25:51.385  INFO zaino_chain_head_service::service: Syncing block, height: 4382867, hash: 000601fcc517f67887baa2caefca54b947575cdf4328f1c46a39ce04178db53b
1791660351.385638 runnervmmprz5 zainod-0.10.1[2778]:     at packages/zaino-chain-head-service/src/service.rs:478
1791660351.385638 runnervmmprz5 zainod-0.10.1[2778]:     in zaino_chain_head_service::service::ChainHeadService::tick
1791660351.386230 runnervmmprz5 zainod-0.10.1[2778]:   19:25:51.386  INFO zaino_chain_head_service::service: Syncing block, height: 4382868, hash: 0000168f5d57ec7d97423018d3472cecdd0a55aff5e49bb71a52ac808d24d1bc
1791660351.386230 runnervmmprz5 zainod-0.10.1[2778]:     at packages/zaino-chain-head-service/src/service.rs:478
1791660351.386230 runnervmmprz5 zainod-0.10.1[2778]:     in zaino_chain_head_service::service::ChainHeadService::tick
1791660351.387160 runnervmmprz5 zainod-0.10.1[2778]:   19:25:51.387  INFO zaino_chain_head_service::service: Syncing block, height: 4382869, hash: 00001259439348582953cc42521798d3ad3ceff601a3a38a1c054e771307e4db
1791660351.387160 runnervmmprz5 zainod-0.10.1[2778]:     at packages/zaino-chain-head-service/src/service.rs:478
1791660351.387160 runnervmmprz5 zainod-0.10.1[2778]:     in zaino_chain_head_service::service::ChainHeadService::tick
1791660351.387897 runnervmmprz5 zainod-0.10.1[2778]:   19:25:51.387  INFO zaino_chain_head_service::service: Syncing block, height: 4382870, hash: 000046d4378c5e0a1498c7ed4ce2cb154e5f4509099cd157162cb8661238caa5
1791660351.387897 runnervmmprz5 zainod-0.10.1[2778]:     at packages/zaino-chain-head-service/src/service.rs:478
1791660351.387897 runnervmmprz5 zainod-0.10.1[2778]:     in zaino_chain_head_service::service::ChainHeadService::tick
1791660351.389116 runnervmmprz5 zainod-0.10.1[2778]:   19:25:51.388  INFO zaino_chain_head_service::service: Syncing block, height: 4382871, hash: 000015b37c1e86664d95d3b1e84746a4269a2db2c61bea67c38c5f1540e83957
1791660351.389116 runnervmmprz5 zainod-0.10.1[2778]:     at packages/zaino-chain-head-service/src/service.rs:478
1791660351.389116 runnervmmprz5 zainod-0.10.1[2778]:     in zaino_chain_head_service::service::ChainHeadService::tick
1791660351.389116 runnervmmprz5 zainod-0.10.1[2778]:   19:25:51.389  INFO zaino_chain_head_service::service: Syncing block, height: 4382872, hash: 0000339a9109778a1d3150eae8b547758c5b209c97e5b8a81f973d166713c6a2
1791660351.389116 runnervmmprz5 zainod-0.10.1[2778]:     at packages/zaino-chain-head-service/src/service.rs:478
1791660351.389116 runnervmmprz5 zainod-0.10.1[2778]:     in zaino_chain_head_service::service::ChainHeadService::tick
1791660351.389528 runnervmmprz5 zainod-0.10.1[2778]:   19:25:51.389  INFO zaino_chain_head_service::service: Syncing block, height: 4382873, hash: 00007984b882c6d2fb4bbab4fe544c654a9cf0d047edbce2011859a3a0da27ae
1791660351.389528 runnervmmprz5 zainod-0.10.1[2778]:     at packages/zaino-chain-head-service/src/service.rs:478
1791660351.389528 runnervmmprz5 zainod-0.10.1[2778]:     in zaino_chain_head_service::service::ChainHeadService::tick
1791660351.390135 runnervmmprz5 zainod-0.10.1[2778]:   19:25:51.390  INFO zaino_chain_head_service::service: Syncing block, height: 4382874, hash: 0000244494eb4425f8dd07750ae5a1ae11cc5e3fb994cede3ba2f63e23be19b2
1791660351.390135 runnervmmprz5 zainod-0.10.1[2778]:     at packages/zaino-chain-head-service/src/service.rs:478
1791660351.390135 runnervmmprz5 zainod-0.10.1[2778]:     in zaino_chain_head_service::service::ChainHeadService::tick
1791660351.390657 runnervmmprz5 zainod-0.10.1[2778]:   19:25:51.390  INFO zaino_chain_head_service::service: Syncing block, height: 4382875, hash: 00004f38186807d82adc138e216671f8993f2c84784acfbbedc8b6adbd95e9e9
1791660351.390657 runnervmmprz5 zainod-0.10.1[2778]:     at packages/zaino-chain-head-service/src/service.rs:478
1791660351.390657 runnervmmprz5 zainod-0.10.1[2778]:     in zaino_chain_head_service::service::ChainHeadService::tick
1791660351.391236 runnervmmprz5 zainod-0.10.1[2778]:   19:25:51.391  INFO zaino_chain_head_service::service: Syncing block, height: 4382876, hash: 00000dde800750c6ba9a93fca3f546412a74cf22f17979fcca0f8e157387d952
1791660351.391236 runnervmmprz5 zainod-0.10.1[2778]:     at packages/zaino-chain-head-service/src/service.rs:478
1791660351.391236 runnervmmprz5 zainod-0.10.1[2778]:     in zaino_chain_head_service::service::ChainHeadService::tick
1791660351.391680 runnervmmprz5 zainod-0.10.1[2778]:   19:25:51.391  INFO zaino_chain_head_service::service: Syncing block, height: 4382877, hash: 0000685305710d3b1cf27ca7c7b9753e035d002f4c8faee3951a5742ad5075ca
1791660351.391680 runnervmmprz5 zainod-0.10.1[2778]:     at packages/zaino-chain-head-service/src/service.rs:478
1791660351.391680 runnervmmprz5 zainod-0.10.1[2778]:     in zaino_chain_head_service::service::ChainHeadService::tick
1791660351.392378 runnervmmprz5 zainod-0.10.1[2778]:   19:25:51.392  INFO zaino_chain_head_service::service: Syncing block, height: 4382878, hash: 0011ad1831e2c6b05874cfbdaf0e73b1545f5f3293220cd4260dfaeea45f29de
1791660351.392378 runnervmmprz5 zainod-0.10.1[2778]:     at packages/zaino-chain-head-service/src/service.rs:478
1791660351.392378 runnervmmprz5 zainod-0.10.1[2778]:     in zaino_chain_head_service::service::ChainHeadService::tick
1791660351.392805 runnervmmprz5 zainod-0.10.1[2778]:   19:25:51.392  INFO zaino_chain_head_service::service: Syncing block, height: 4382879, hash: 000038879d14aaaa7a2cc2bfe3de206098ef0922ed6b314d2a11462d4cf0e4bd
1791660351.392805 runnervmmprz5 zainod-0.10.1[2778]:     at packages/zaino-chain-head-service/src/service.rs:478
1791660351.392805 runnervmmprz5 zainod-0.10.1[2778]:     in zaino_chain_head_service::service::ChainHeadService::tick
1791660351.393455 runnervmmprz5 zainod-0.10.1[2778]:   19:25:51.393  INFO zaino_chain_head_service::service: Syncing block, height: 4382880, hash: 00002f5b1e6c4722a722628f503754d9717597a6bbe27be7422859e0be2040b0
1791660351.393455 runnervmmprz5 zainod-0.10.1[2778]:     at packages/zaino-chain-head-service/src/service.rs:478
1791660351.393455 runnervmmprz5 zainod-0.10.1[2778]:     in zaino_chain_head_service::service::ChainHeadService::tick
1791660351.394040 runnervmmprz5 zainod-0.10.1[2778]:   19:25:51.394  INFO zaino_chain_head_service::service: Syncing block, height: 4382881, hash: 0000770d57a769a16a26c48c914b83125a52aae0a6d1028876e5695867ea04b8
1791660351.394040 runnervmmprz5 zainod-0.10.1[2778]:     at packages/zaino-chain-head-service/src/service.rs:478
1791660351.394040 runnervmmprz5 zainod-0.10.1[2778]:     in zaino_chain_head_service::service::ChainHeadService::tick
1791660351.394394 runnervmmprz5 zainod-0.10.1[2778]:   19:25:51.394  INFO zaino_chain_head_service::service: Syncing block, height: 4382882, hash: 00003ccbec2e2b29cf8bdd14d18d42363062c972f197a5bc2ea1182dc43e1424
1791660351.394394 runnervmmprz5 zainod-0.10.1[2778]:     at packages/zaino-chain-head-service/src/service.rs:478
1791660351.394394 runnervmmprz5 zainod-0.10.1[2778]:     in zaino_chain_head_service::service::ChainHeadService::tick
1791660351.394953 runnervmmprz5 zainod-0.10.1[2778]:   19:25:51.394  INFO zaino_chain_head_service::service: Syncing block, height: 4382883, hash: 000044c1617c88c51032f49257defc7100327d6c9e3c086f1ca9643efe69bca2
1791660351.394953 runnervmmprz5 zainod-0.10.1[2778]:     at packages/zaino-chain-head-service/src/service.rs:478
1791660351.394953 runnervmmprz5 zainod-0.10.1[2778]:     in zaino_chain_head_service::service::ChainHeadService::tick
1791660351.395529 runnervmmprz5 zainod-0.10.1[2778]:   19:25:51.395  INFO zaino_chain_head_service::service: Syncing block, height: 4382884, hash: 000063cfa64e6471ae51149eef0d7c9814d25e84761c9e4cc477e82a68f68c50
1791660351.395529 runnervmmprz5 zainod-0.10.1[2778]:     at packages/zaino-chain-head-service/src/service.rs:478
1791660351.395529 runnervmmprz5 zainod-0.10.1[2778]:     in zaino_chain_head_service::service::ChainHeadService::tick
1791660351.396140 runnervmmprz5 zainod-0.10.1[2778]:   19:25:51.396  INFO zaino_chain_head_service::service: Syncing block, height: 4382885, hash: 000006c9c995805778c60519a992444c5b3c2e601634083bc204c3a00322ba26
1791660351.396140 runnervmmprz5 zainod-0.10.1[2778]:     at packages/zaino-chain-head-service/src/service.rs:478
1791660351.396140 runnervmmprz5 zainod-0.10.1[2778]:     in zaino_chain_head_service::service::ChainHeadService::tick
1791660351.396740 runnervmmprz5 zainod-0.10.1[2778]:   19:25:51.396  INFO zaino_chain_head_service::service: Syncing block, height: 4382886, hash: 0000031ff7f8815ab24917848ebbdb64d1dbc17ca970480b14925a4d7dd02874
1791660351.396740 runnervmmprz5 zainod-0.10.1[2778]:     at packages/zaino-chain-head-service/src/service.rs:478
1791660351.396740 runnervmmprz5 zainod-0.10.1[2778]:     in zaino_chain_head_service::service::ChainHeadService::tick
1791660351.397315 runnervmmprz5 zainod-0.10.1[2778]:   19:25:51.397  INFO zaino_chain_head_service::service: Syncing block, height: 4382887, hash: 000074c032a050b754137ac64979a9b3ff02791e5928e1d098c0ae37ac6f8c8c
1791660351.397315 runnervmmprz5 zainod-0.10.1[2778]:     at packages/zaino-chain-head-service/src/service.rs:478
1791660351.397315 runnervmmprz5 zainod-0.10.1[2778]:     in zaino_chain_head_service::service::ChainHeadService::tick
1791660351.397923 runnervmmprz5 zainod-0.10.1[2778]:   19:25:51.397  INFO zaino_chain_head_service::service: Syncing block, height: 4382888, hash: 00004c9f646ec7b6e29204d936525ee922fb9aa449e3a1a118d801eb72ecba86
1791660351.397923 runnervmmprz5 zainod-0.10.1[2778]:     at packages/zaino-chain-head-service/src/service.rs:478
1791660351.397923 runnervmmprz5 zainod-0.10.1[2778]:     in zaino_chain_head_service::service::ChainHeadService::tick
1791660351.398416 runnervmmprz5 zainod-0.10.1[2778]:   19:25:51.398  INFO zaino_chain_head_service::service: Syncing block, height: 4382889, hash: 000058d16ac7820e4634c4bd368aedf98e1d580e048bc60d5dab4752790672ca
1791660351.398416 runnervmmprz5 zainod-0.10.1[2778]:     at packages/zaino-chain-head-service/src/service.rs:478
1791660351.398416 runnervmmprz5 zainod-0.10.1[2778]:     in zaino_chain_head_service::service::ChainHeadService::tick
1791660351.399101 runnervmmprz5 zainod-0.10.1[2778]:   19:25:51.399  INFO zaino_chain_head_service::service: Syncing block, height: 4382890, hash: 00006f9ea5a597f3053a86b16ad3fd893a3a979d3c81ea05f8ea26fe8495b7b9
1791660351.399101 runnervmmprz5 zainod-0.10.1[2778]:     at packages/zaino-chain-head-service/src/service.rs:478
1791660351.399101 runnervmmprz5 zainod-0.10.1[2778]:     in zaino_chain_head_service::service::ChainHeadService::tick
1791660351.399642 runnervmmprz5 zainod-0.10.1[2778]:   19:25:51.399  INFO zaino_chain_head_service::service: Syncing block, height: 4382891, hash: 00004464c38180ccf7d31e317b278dae54e786139aeea2cf7c1489c857a111ea
1791660351.399642 runnervmmprz5 zainod-0.10.1[2778]:     at packages/zaino-chain-head-service/src/service.rs:478
1791660351.399642 runnervmmprz5 zainod-0.10.1[2778]:     in zaino_chain_head_service::service::ChainHeadService::tick
1791660351.400225 runnervmmprz5 zainod-0.10.1[2778]:   19:25:51.400  INFO zaino_chain_head_service::service: Syncing block, height: 4382892, hash: 000ad8fa066a0404f72fc7854b87da0ffdc5de9984d10a62f1ee95ccbcff62df
1791660351.400225 runnervmmprz5 zainod-0.10.1[2778]:     at packages/zaino-chain-head-service/src/service.rs:478
1791660351.400225 runnervmmprz5 zainod-0.10.1[2778]:     in zaino_chain_head_service::service::ChainHeadService::tick
1791660351.400928 runnervmmprz5 zainod-0.10.1[2778]:   19:25:51.400  INFO zaino_chain_head_service::service: Syncing block, height: 4382893, hash: 0000042f2bbe4e63bb226c2307f18a708569e917feb70727183650321d22f639
1791660351.400928 runnervmmprz5 zainod-0.10.1[2778]:     at packages/zaino-chain-head-service/src/service.rs:478
1791660351.400928 runnervmmprz5 zainod-0.10.1[2778]:     in zaino_chain_head_service::service::ChainHeadService::tick
1791660351.401700 runnervmmprz5 zainod-0.10.1[2778]:   19:25:51.401  INFO zaino_chain_head_service::service: Syncing block, height: 4382894, hash: 00002b1620247efe49fa0aed1e548d55681ab247736e9cd44db127d4172da63e
1791660351.401700 runnervmmprz5 zainod-0.10.1[2778]:     at packages/zaino-chain-head-service/src/service.rs:478
1791660351.401700 runnervmmprz5 zainod-0.10.1[2778]:     in zaino_chain_head_service::service::ChainHeadService::tick
1791660351.401700 runnervmmprz5 zainod-0.10.1[2778]:   19:25:51.401  INFO zaino_chain_head_service::service: Syncing block, height: 4382895, hash: 00000fed6ede83c864846cbb64876ff96f79670dda29bd213c1e246fb0b2af84
1791660351.401700 runnervmmprz5 zainod-0.10.1[2778]:     at packages/zaino-chain-head-service/src/service.rs:478
1791660351.401700 runnervmmprz5 zainod-0.10.1[2778]:     in zaino_chain_head_service::service::ChainHeadService::tick
1791660351.402607 runnervmmprz5 zainod-0.10.1[2778]:   19:25:51.402  INFO zaino_chain_head_service::service: Syncing block, height: 4382896, hash: 00005dedf3b637d07f0767b737c42ffa8925f7d2fdb1f6f4f58d0fa4de08dac7
1791660351.402607 runnervmmprz5 zainod-0.10.1[2778]:     at packages/zaino-chain-head-service/src/service.rs:478
1791660351.402607 runnervmmprz5 zainod-0.10.1[2778]:     in zaino_chain_head_service::service::ChainHeadService::tick
1791660351.402767 runnervmmprz5 zainod-0.10.1[2778]:   19:25:51.402  INFO zaino_chain_head_service::service: Syncing block, height: 4382897, hash: 00005894e6410b9d9524e38d725e6595ef4c8f85d4deb9e56b340751b0c3d678
1791660351.402767 runnervmmprz5 zainod-0.10.1[2778]:     at packages/zaino-chain-head-service/src/service.rs:478
1791660351.402767 runnervmmprz5 zainod-0.10.1[2778]:     in zaino_chain_head_service::service::ChainHeadService::tick
1791660351.402903 runnervmmprz5 zainod-0.10.1[2778]:   19:25:51.402  INFO zaino_chain_head_service::service: Chain head tip advanced, old_height: 4381896, new_height: 4382897, new_hash: 00005894e6410b9d9524e38d725e6595ef4c8f85d4deb9e56b340751b0c3d678
1791660351.402903 runnervmmprz5 zainod-0.10.1[2778]:     at packages/zaino-chain-head-service/src/service.rs:979
1791660351.402903 runnervmmprz5 zainod-0.10.1[2778]:     in zaino_chain_head_service::service::ChainHeadService::tick
1791660351.500075 runnervmmprz5 zainod-0.10.1[2778]:   19:25:51.499  INFO zainodlib: Zaino Indexer started successfully.
1791660351.500075 runnervmmprz5 zainod-0.10.1[2778]:     at packages/zainod/src/lib.rs:52
1791660352.814146 runnervmmprz5 zainod-0.10.1[2778]:   19:25:52.814  INFO zaino_serve::rpc::grpc::service: [TEST] received call, method: "get_lightd_info"
1791660352.814146 runnervmmprz5 zainod-0.10.1[2778]:     at packages/zaino-serve/src/rpc/grpc/service.rs:161
1791660352.832766 runnervmmprz5 zainod-0.10.1[2778]:   19:25:52.832  INFO zaino_serve::rpc::grpc::service: [TEST] received call, method: "get_block"
1791660352.832766 runnervmmprz5 zainod-0.10.1[2778]:     at packages/zaino-serve/src/rpc/grpc/service.rs:161
1791660352.834753 runnervmmprz5 zainod-0.10.1[2778]:   19:25:52.834  INFO zaino_serve::rpc::grpc::service: [TEST] received call, method: "get_block"
1791660352.834753 runnervmmprz5 zainod-0.10.1[2778]:     at packages/zaino-serve/src/rpc/grpc/service.rs:161
1791660357.814693 runnervmmprz5 zainod-0.10.1[2778]:   19:25:57.814  INFO zaino_serve::rpc::grpc::service: [TEST] received call, method: "get_lightd_info"
1791660357.814693 runnervmmprz5 zainod-0.10.1[2778]:     at packages/zaino-serve/src/rpc/grpc/service.rs:161
1791660357.817702 runnervmmprz5 zainod-0.10.1[2778]:   19:25:57.817  INFO zaino_serve::rpc::grpc::service: [TEST] received call, method: "get_block"
1791660357.817702 runnervmmprz5 zainod-0.10.1[2778]:     at packages/zaino-serve/src/rpc/grpc/service.rs:161
1791660357.818245 runnervmmprz5 zainod-0.10.1[2778]:   19:25:57.818  INFO zaino_serve::rpc::grpc::service: [TEST] received call, method: "get_block"
1791660357.818245 runnervmmprz5 zainod-0.10.1[2778]:     at packages/zaino-serve/src/rpc/grpc/service.rs:161
1791660359.988989 runnervmmprz5 zainod-0.10.1[2778]:   19:25:59.988  INFO zaino_chain_store_zainodb::store::finalised_source::v1::write_core: write_blocks_to_height: syncing, current: 17093, target: 4381896, zebra_network: Testnet
1791660359.988989 runnervmmprz5 zainod-0.10.1[2778]:     at packages/zaino-chain-store-zainodb/src/store/finalised_source/v1/write_core.rs:184
1791660361.501328 runnervmmprz5 zainod-0.10.1[2778]:   19:26:01.500  INFO zainodlib::indexer: Zaino status check, chain_state: Ready, fs_mode: ephemeral(syncing), json_rpc: Ready, grpc: Ready
1791660361.501328 runnervmmprz5 zainod-0.10.1[2778]:     at packages/zainod/src/indexer.rs:333
1791660362.814251 runnervmmprz5 zainod-0.10.1[2778]:   19:26:02.814  INFO zaino_serve::rpc::grpc::service: [TEST] received call, method: "get_lightd_info"
1791660362.814251 runnervmmprz5 zainod-0.10.1[2778]:     at packages/zaino-serve/src/rpc/grpc/service.rs:161
1791660362.817608 runnervmmprz5 zainod-0.10.1[2778]:   19:26:02.817  INFO zaino_serve::rpc::grpc::service: [TEST] received call, method: "get_block"
1791660362.817608 runnervmmprz5 zainod-0.10.1[2778]:     at packages/zaino-serve/src/rpc/grpc/service.rs:161
1791660362.818182 runnervmmprz5 zainod-0.10.1[2778]:   19:26:02.818  INFO zaino_serve::rpc::grpc::service: [TEST] received call, method: "get_block"
1791660362.818182 runnervmmprz5 zainod-0.10.1[2778]:     at packages/zaino-serve/src/rpc/grpc/service.rs:161
1791660367.821875 runnervmmprz5 zainod-0.10.1[2778]:   19:26:07.821  INFO zaino_serve::rpc::grpc::service: [TEST] received call, method: "get_lightd_info"
1791660367.821875 runnervmmprz5 zainod-0.10.1[2778]:     at packages/zaino-serve/src/rpc/grpc/service.rs:161
1791660367.828039 runnervmmprz5 zainod-0.10.1[2778]:   19:26:07.827  INFO zaino_serve::rpc::grpc::service: [TEST] received call, method: "get_block"
1791660367.828039 runnervmmprz5 zainod-0.10.1[2778]:     at packages/zaino-serve/src/rpc/grpc/service.rs:161
1791660367.828749 runnervmmprz5 zainod-0.10.1[2778]:   19:26:07.828  INFO zaino_serve::rpc::grpc::service: [TEST] received call, method: "get_block"
1791660367.828749 runnervmmprz5 zainod-0.10.1[2778]:     at packages/zaino-serve/src/rpc/grpc/service.rs:161
1791660369.991685 runnervmmprz5 zainod-0.10.1[2778]:   19:26:09.991  INFO zaino_chain_store_zainodb::store::finalised_source::v1::write_core: write_blocks_to_height: syncing, current: 37823, target: 4381896, zebra_network: Testnet
1791660369.991685 runnervmmprz5 zainod-0.10.1[2778]:     at packages/zaino-chain-store-zainodb/src/store/finalised_source/v1/write_core.rs:184
1791660371.501062 runnervmmprz5 zainod-0.10.1[2778]:   19:26:11.501  INFO zainodlib::indexer: Zaino status check, chain_state: Ready, fs_mode: ephemeral(syncing), json_rpc: Ready, grpc: Ready
1791660371.501062 runnervmmprz5 zainod-0.10.1[2778]:     at packages/zainod/src/indexer.rs:333
1791660372.822167 runnervmmprz5 zainod-0.10.1[2778]:   19:26:12.822  INFO zaino_serve::rpc::grpc::service: [TEST] received call, method: "get_lightd_info"
1791660372.822167 runnervmmprz5 zainod-0.10.1[2778]:     at packages/zaino-serve/src/rpc/grpc/service.rs:161
1791660372.826924 runnervmmprz5 zainod-0.10.1[2778]:   19:26:12.826  INFO zaino_serve::rpc::grpc::service: [TEST] received call, method: "get_block"
1791660372.826924 runnervmmprz5 zainod-0.10.1[2778]:     at packages/zaino-serve/src/rpc/grpc/service.rs:161
1791660372.827889 runnervmmprz5 zainod-0.10.1[2778]:   19:26:12.827  INFO zaino_serve::rpc::grpc::service: [TEST] received call, method: "get_block"
1791660372.827889 runnervmmprz5 zainod-0.10.1[2778]:     at packages/zaino-serve/src/rpc/grpc/service.rs:161
1791660377.826354 runnervmmprz5 zainod-0.10.1[2778]:   19:26:17.826  INFO zaino_serve::rpc::grpc::service: [TEST] received call, method: "get_lightd_info"
1791660377.826354 runnervmmprz5 zainod-0.10.1[2778]:     at packages/zaino-serve/src/rpc/grpc/service.rs:161
1791660377.831456 runnervmmprz5 zainod-0.10.1[2778]:   19:26:17.831  INFO zaino_serve::rpc::grpc::service: [TEST] received call, method: "get_block"
1791660377.831456 runnervmmprz5 zainod-0.10.1[2778]:     at packages/zaino-serve/src/rpc/grpc/service.rs:161
1791660377.833108 runnervmmprz5 zainod-0.10.1[2778]:   19:26:17.832  INFO zaino_serve::rpc::grpc::service: [TEST] received call, method: "get_block"
1791660377.833108 runnervmmprz5 zainod-0.10.1[2778]:     at packages/zaino-serve/src/rpc/grpc/service.rs:161
1791660379.991988 runnervmmprz5 zainod-0.10.1[2778]:   19:26:19.991  INFO zaino_chain_store_zainodb::store::finalised_source::v1::write_core: write_blocks_to_height: syncing, current: 58949, target: 4381896, zebra_network: Testnet
1791660379.991988 runnervmmprz5 zainod-0.10.1[2778]:     at packages/zaino-chain-store-zainodb/src/store/finalised_source/v1/write_core.rs:184
1791660381.601480 runnervmmprz5 zainod-0.10.1[2778]:   19:26:21.601  INFO zainodlib::indexer: Zaino status check, chain_state: Ready, fs_mode: ephemeral(syncing), json_rpc: Ready, grpc: Ready
1791660381.601480 runnervmmprz5 zainod-0.10.1[2778]:     at packages/zainod/src/indexer.rs:333
1791660382.821678 runnervmmprz5 zainod-0.10.1[2778]:   19:26:22.821  INFO zaino_serve::rpc::grpc::service: [TEST] received call, method: "get_lightd_info"
1791660382.821678 runnervmmprz5 zainod-0.10.1[2778]:     at packages/zaino-serve/src/rpc/grpc/service.rs:161
1791660382.826840 runnervmmprz5 zainod-0.10.1[2778]:   19:26:22.826  INFO zaino_serve::rpc::grpc::service: [TEST] received call, method: "get_block"
1791660382.826840 runnervmmprz5 zainod-0.10.1[2778]:     at packages/zaino-serve/src/rpc/grpc/service.rs:161
1791660382.827395 runnervmmprz5 zainod-0.10.1[2778]:   19:26:22.827  INFO zaino_serve::rpc::grpc::service: [TEST] received call, method: "get_block"
1791660382.827395 runnervmmprz5 zainod-0.10.1[2778]:     at packages/zaino-serve/src/rpc/grpc/service.rs:161
1791660387.823594 runnervmmprz5 zainod-0.10.1[2778]:   19:26:27.823  INFO zaino_serve::rpc::grpc::service: [TEST] received call, method: "get_lightd_info"
1791660387.823594 runnervmmprz5 zainod-0.10.1[2778]:     at packages/zaino-serve/src/rpc/grpc/service.rs:161
1791660387.830763 runnervmmprz5 zainod-0.10.1[2778]:   19:26:27.830  INFO zaino_serve::rpc::grpc::service: [TEST] received call, method: "get_block"
1791660387.830763 runnervmmprz5 zainod-0.10.1[2778]:     at packages/zaino-serve/src/rpc/grpc/service.rs:161
1791660387.831471 runnervmmprz5 zainod-0.10.1[2778]:   19:26:27.831  INFO zaino_serve::rpc::grpc::service: [TEST] received call, method: "get_block"
1791660387.831471 runnervmmprz5 zainod-0.10.1[2778]:     at packages/zaino-serve/src/rpc/grpc/service.rs:161
1791660390.003814 runnervmmprz5 zainod-0.10.1[2778]:   19:26:30.003  INFO zaino_chain_store_zainodb::store::finalised_source::v1::write_core: write_blocks_to_height: syncing, current: 93545, target: 4381896, zebra_network: Testnet
1791660390.003814 runnervmmprz5 zainod-0.10.1[2778]:     at packages/zaino-chain-store-zainodb/src/store/finalised_source/v1/write_core.rs:184
1791660391.700694 runnervmmprz5 zainod-0.10.1[2778]:   19:26:31.700  INFO zainodlib::indexer: Zaino status check, chain_state: Ready, fs_mode: ephemeral(syncing), json_rpc: Ready, grpc: Ready
1791660391.700694 runnervmmprz5 zainod-0.10.1[2778]:     at packages/zainod/src/indexer.rs:333
1791660392.823735 runnervmmprz5 zainod-0.10.1[2778]:   19:26:32.823  INFO zaino_serve::rpc::grpc::service: [TEST] received call, method: "get_lightd_info"
1791660392.823735 runnervmmprz5 zainod-0.10.1[2778]:     at packages/zaino-serve/src/rpc/grpc/service.rs:161
1791660392.830360 runnervmmprz5 zainod-0.10.1[2778]:   19:26:32.830  INFO zaino_serve::rpc::grpc::service: [TEST] received call, method: "get_block"
1791660392.830360 runnervmmprz5 zainod-0.10.1[2778]:     at packages/zaino-serve/src/rpc/grpc/service.rs:161
1791660392.831650 runnervmmprz5 zainod-0.10.1[2778]:   19:26:32.831  INFO zaino_serve::rpc::grpc::service: [TEST] received call, method: "get_block"
1791660392.831650 runnervmmprz5 zainod-0.10.1[2778]:     at packages/zaino-serve/src/rpc/grpc/service.rs:161
1791660397.826121 runnervmmprz5 zainod-0.10.1[2778]:   19:26:37.826  INFO zaino_serve::rpc::grpc::service: [TEST] received call, method: "get_lightd_info"
1791660397.826121 runnervmmprz5 zainod-0.10.1[2778]:     at packages/zaino-serve/src/rpc/grpc/service.rs:161
1791660397.831890 runnervmmprz5 zainod-0.10.1[2778]:   19:26:37.831  INFO zaino_serve::rpc::grpc::service: [TEST] received call, method: "get_block"
1791660397.831890 runnervmmprz5 zainod-0.10.1[2778]:     at packages/zaino-serve/src/rpc/grpc/service.rs:161
1791660397.832664 runnervmmprz5 zainod-0.10.1[2778]:   19:26:37.832  INFO zaino_serve::rpc::grpc::service: [TEST] received call, method: "get_block"
1791660397.832664 runnervmmprz5 zainod-0.10.1[2778]:     at packages/zaino-serve/src/rpc/grpc/service.rs:161
1791660400.004323 runnervmmprz5 zainod-0.10.1[2778]:   19:26:40.004  INFO zaino_chain_store_zainodb::store::finalised_source::v1::write_core: write_blocks_to_height: syncing, current: 114504, target: 4381896, zebra_network: Testnet
1791660400.004323 runnervmmprz5 zainod-0.10.1[2778]:     at packages/zaino-chain-store-zainodb/src/store/finalised_source/v1/write_core.rs:184
1791660401.701429 runnervmmprz5 zainod-0.10.1[2778]:   19:26:41.701  INFO zainodlib::indexer: Zaino status check, chain_state: Ready, fs_mode: ephemeral(syncing), json_rpc: Ready, grpc: Ready
1791660401.701429 runnervmmprz5 zainod-0.10.1[2778]:     at packages/zainod/src/indexer.rs:333
1791660402.823590 runnervmmprz5 zainod-0.10.1[2778]:   19:26:42.823  INFO zaino_serve::rpc::grpc::service: [TEST] received call, method: "get_lightd_info"
1791660402.823590 runnervmmprz5 zainod-0.10.1[2778]:     at packages/zaino-serve/src/rpc/grpc/service.rs:161
1791660402.828362 runnervmmprz5 zainod-0.10.1[2778]:   19:26:42.828  INFO zaino_serve::rpc::grpc::service: [TEST] received call, method: "get_block"
1791660402.828362 runnervmmprz5 zainod-0.10.1[2778]:     at packages/zaino-serve/src/rpc/grpc/service.rs:161
1791660402.828989 runnervmmprz5 zainod-0.10.1[2778]:   19:26:42.828  INFO zaino_serve::rpc::grpc::service: [TEST] received call, method: "get_block"
1791660402.828989 runnervmmprz5 zainod-0.10.1[2778]:     at packages/zaino-serve/src/rpc/grpc/service.rs:161
1791660407.819618 runnervmmprz5 zainod-0.10.1[2778]:   19:26:47.819  INFO zaino_serve::rpc::grpc::service: [TEST] received call, method: "get_lightd_info"
1791660407.819618 runnervmmprz5 zainod-0.10.1[2778]:     at packages/zaino-serve/src/rpc/grpc/service.rs:161
1791660407.823085 runnervmmprz5 zainod-0.10.1[2778]:   19:26:47.823  INFO zaino_serve::rpc::grpc::service: [TEST] received call, method: "get_block"
1791660407.823085 runnervmmprz5 zainod-0.10.1[2778]:     at packages/zaino-serve/src/rpc/grpc/service.rs:161
1791660407.823711 runnervmmprz5 zainod-0.10.1[2778]:   19:26:47.823  INFO zaino_serve::rpc::grpc::service: [TEST] received call, method: "get_block"
1791660407.823711 runnervmmprz5 zainod-0.10.1[2778]:     at packages/zaino-serve/src/rpc/grpc/service.rs:161
1791660410.004695 runnervmmprz5 zainod-0.10.1[2778]:   19:26:50.004  INFO zaino_chain_store_zainodb::store::finalised_source::v1::write_core: write_blocks_to_height: syncing, current: 136803, target: 4381896, zebra_network: Testnet
1791660410.004695 runnervmmprz5 zainod-0.10.1[2778]:     at packages/zaino-chain-store-zainodb/src/store/finalised_source/v1/write_core.rs:184
1791660411.802333 runnervmmprz5 zainod-0.10.1[2778]:   19:26:51.801  INFO zainodlib::indexer: Zaino status check, chain_state: Ready, fs_mode: ephemeral(syncing), json_rpc: Ready, grpc: Ready
1791660411.802333 runnervmmprz5 zainod-0.10.1[2778]:     at packages/zainod/src/indexer.rs:333
1791660412.827882 runnervmmprz5 zainod-0.10.1[2778]:   19:26:52.827  INFO zaino_serve::rpc::grpc::service: [TEST] received call, method: "get_lightd_info"
1791660412.827882 runnervmmprz5 zainod-0.10.1[2778]:     at packages/zaino-serve/src/rpc/grpc/service.rs:161
1791660412.832858 runnervmmprz5 zainod-0.10.1[2778]:   19:26:52.832  INFO zaino_serve::rpc::grpc::service: [TEST] received call, method: "get_block"
1791660412.832858 runnervmmprz5 zainod-0.10.1[2778]:     at packages/zaino-serve/src/rpc/grpc/service.rs:161
1791660412.833752 runnervmmprz5 zainod-0.10.1[2778]:   19:26:52.833  INFO zaino_serve::rpc::grpc::service: [TEST] received call, method: "get_block"
1791660412.833752 runnervmmprz5 zainod-0.10.1[2778]:     at packages/zaino-serve/src/rpc/grpc/service.rs:161
1791660417.824691 runnervmmprz5 zainod-0.10.1[2778]:   19:26:57.824  INFO zaino_serve::rpc::grpc::service: [TEST] received call, method: "get_lightd_info"
1791660417.824691 runnervmmprz5 zainod-0.10.1[2778]:     at packages/zaino-serve/src/rpc/grpc/service.rs:161
1791660417.830050 runnervmmprz5 zainod-0.10.1[2778]:   19:26:57.830  INFO zaino_serve::rpc::grpc::service: [TEST] received call, method: "get_block"
1791660417.830050 runnervmmprz5 zainod-0.10.1[2778]:     at packages/zaino-serve/src/rpc/grpc/service.rs:161
1791660417.830671 runnervmmprz5 zainod-0.10.1[2778]:   19:26:57.830  INFO zaino_serve::rpc::grpc::service: [TEST] received call, method: "get_block"
1791660417.830671 runnervmmprz5 zainod-0.10.1[2778]:     at packages/zaino-serve/src/rpc/grpc/service.rs:161
1791660420.005016 runnervmmprz5 zainod-0.10.1[2778]:   19:27:00.004  INFO zaino_chain_store_zainodb::store::finalised_source::v1::write_core: write_blocks_to_height: syncing, current: 180567, target: 4381896, zebra_network: Testnet
1791660420.005016 runnervmmprz5 zainod-0.10.1[2778]:     at packages/zaino-chain-store-zainodb/src/store/finalised_source/v1/write_core.rs:184
1791660421.901058 runnervmmprz5 zainod-0.10.1[2778]:   19:27:01.901  INFO zainodlib::indexer: Zaino status check, chain_state: Ready, fs_mode: ephemeral(syncing), json_rpc: Ready, grpc: Ready
1791660421.901058 runnervmmprz5 zainod-0.10.1[2778]:     at packages/zainod/src/indexer.rs:333
1791660422.823872 runnervmmprz5 zainod-0.10.1[2778]:   19:27:02.823  INFO zaino_serve::rpc::grpc::service: [TEST] received call, method: "get_lightd_info"
1791660422.823872 runnervmmprz5 zainod-0.10.1[2778]:     at packages/zaino-serve/src/rpc/grpc/service.rs:161
1791660422.828504 runnervmmprz5 zainod-0.10.1[2778]:   19:27:02.828  INFO zaino_serve::rpc::grpc::service: [TEST] received call, method: "get_block"
1791660422.828504 runnervmmprz5 zainod-0.10.1[2778]:     at packages/zaino-serve/src/rpc/grpc/service.rs:161
1791660422.829484 runnervmmprz5 zainod-0.10.1[2778]:   19:27:02.829  INFO zaino_serve::rpc::grpc::service: [TEST] received call, method: "get_block"
1791660422.829484 runnervmmprz5 zainod-0.10.1[2778]:     at packages/zaino-serve/src/rpc/grpc/service.rs:161
1791660424.134849 runnervmmprz5 zainod-0.10.1[2778]:   19:27:04.134  INFO zaino_chain_store_zainodb::store::finalised_source::v1::write_core: write_blocks_to_height: committed batch, height: 99999, blocks: 100000
1791660424.134849 runnervmmprz5 zainod-0.10.1[2778]:     at packages/zaino-chain-store-zainodb/src/store/finalised_source/v1/write_core.rs:636
1791660427.821449 runnervmmprz5 zainod-0.10.1[2778]:   19:27:07.821  INFO zaino_serve::rpc::grpc::service: [TEST] received call, method: "get_lightd_info"
1791660427.821449 runnervmmprz5 zainod-0.10.1[2778]:     at packages/zaino-serve/src/rpc/grpc/service.rs:161
1791660427.824498 runnervmmprz5 zainod-0.10.1[2778]:   19:27:07.824  INFO zaino_serve::rpc::grpc::service: [TEST] received call, method: "get_block"
1791660427.824498 runnervmmprz5 zainod-0.10.1[2778]:     at packages/zaino-serve/src/rpc/grpc/service.rs:161
1791660427.825112 runnervmmprz5 zainod-0.10.1[2778]:   19:27:07.825  INFO zaino_serve::rpc::grpc::service: [TEST] received call, method: "get_block"
1791660427.825112 runnervmmprz5 zainod-0.10.1[2778]:     at packages/zaino-serve/src/rpc/grpc/service.rs:161
1791660430.085473 runnervmmprz5 zainod-0.10.1[2778]:   19:27:10.085  INFO zaino_chain_store_zainodb::store::finalised_source::v1::write_core: write_blocks_to_height: syncing, current: 217444, target: 4381896, zebra_network: Testnet
1791660430.085473 runnervmmprz5 zainod-0.10.1[2778]:     at packages/zaino-chain-store-zainodb/src/store/finalised_source/v1/write_core.rs:184
1791660432.001482 runnervmmprz5 zainod-0.10.1[2778]:   19:27:12.001  INFO zainodlib::indexer: Zaino status check, chain_state: Ready, fs_mode: ephemeral(syncing), json_rpc: Ready, grpc: Ready
1791660432.001482 runnervmmprz5 zainod-0.10.1[2778]:     at packages/zainod/src/indexer.rs:333
1791660432.820616 runnervmmprz5 zainod-0.10.1[2778]:   19:27:12.820  INFO zaino_serve::rpc::grpc::service: [TEST] received call, method: "get_lightd_info"
1791660432.820616 runnervmmprz5 zainod-0.10.1[2778]:     at packages/zaino-serve/src/rpc/grpc/service.rs:161
1791660432.823842 runnervmmprz5 zainod-0.10.1[2778]:   19:27:12.823  INFO zaino_serve::rpc::grpc::service: [TEST] received call, method: "get_block"
1791660432.823842 runnervmmprz5 zainod-0.10.1[2778]:     at packages/zaino-serve/src/rpc/grpc/service.rs:161
1791660432.824406 runnervmmprz5 zainod-0.10.1[2778]:   19:27:12.824  INFO zaino_serve::rpc::grpc::service: [TEST] received call, method: "get_block"
1791660432.824406 runnervmmprz5 zainod-0.10.1[2778]:     at packages/zaino-serve/src/rpc/grpc/service.rs:161
1791660437.822682 runnervmmprz5 zainod-0.10.1[2778]:   19:27:17.822  INFO zaino_serve::rpc::grpc::service: [TEST] received call, method: "get_lightd_info"
1791660437.822682 runnervmmprz5 zainod-0.10.1[2778]:     at packages/zaino-serve/src/rpc/grpc/service.rs:161
1791660437.826010 runnervmmprz5 zainod-0.10.1[2778]:   19:27:17.825  INFO zaino_serve::rpc::grpc::service: [TEST] received call, method: "get_block"
1791660437.826010 runnervmmprz5 zainod-0.10.1[2778]:     at packages/zaino-serve/src/rpc/grpc/service.rs:161
1791660437.826579 runnervmmprz5 zainod-0.10.1[2778]:   19:27:17.826  INFO zaino_serve::rpc::grpc::service: [TEST] received call, method: "get_block"
1791660437.826579 runnervmmprz5 zainod-0.10.1[2778]:     at packages/zaino-serve/src/rpc/grpc/service.rs:161
1791660440.204814 runnervmmprz5 zainod-0.10.1[2778]:   19:27:20.204  INFO zaino_chain_store_zainodb::store::finalised_source::v1::write_core: write_blocks_to_height: syncing, current: 243688, target: 4381896, zebra_network: Testnet
1791660440.204814 runnervmmprz5 zainod-0.10.1[2778]:     at packages/zaino-chain-store-zainodb/src/store/finalised_source/v1/write_core.rs:184
1791660442.101312 runnervmmprz5 zainod-0.10.1[2778]:   19:27:22.101  INFO zainodlib::indexer: Zaino status check, chain_state: Ready, fs_mode: ephemeral(syncing), json_rpc: Ready, grpc: Ready
1791660442.101312 runnervmmprz5 zainod-0.10.1[2778]:     at packages/zainod/src/indexer.rs:333
1791660442.824423 runnervmmprz5 zainod-0.10.1[2778]:   19:27:22.824  INFO zaino_serve::rpc::grpc::service: [TEST] received call, method: "get_lightd_info"
1791660442.824423 runnervmmprz5 zainod-0.10.1[2778]:     at packages/zaino-serve/src/rpc/grpc/service.rs:161
1791660442.828245 runnervmmprz5 zainod-0.10.1[2778]:   19:27:22.828  INFO zaino_serve::rpc::grpc::service: [TEST] received call, method: "get_block"
1791660442.828245 runnervmmprz5 zainod-0.10.1[2778]:     at packages/zaino-serve/src/rpc/grpc/service.rs:161
1791660442.828879 runnervmmprz5 zainod-0.10.1[2778]:   19:27:22.828  INFO zaino_serve::rpc::grpc::service: [TEST] received call, method: "get_block"
1791660442.828879 runnervmmprz5 zainod-0.10.1[2778]:     at packages/zaino-serve/src/rpc/grpc/service.rs:161
1791660447.823519 runnervmmprz5 zainod-0.10.1[2778]:   19:27:27.823  INFO zaino_serve::rpc::grpc::service: [TEST] received call, method: "get_lightd_info"
1791660447.823519 runnervmmprz5 zainod-0.10.1[2778]:     at packages/zaino-serve/src/rpc/grpc/service.rs:161
1791660447.826605 runnervmmprz5 zainod-0.10.1[2778]:   19:27:27.826  INFO zaino_serve::rpc::grpc::service: [TEST] received call, method: "get_block"
1791660447.826605 runnervmmprz5 zainod-0.10.1[2778]:     at packages/zaino-serve/src/rpc/grpc/service.rs:161
1791660447.827181 runnervmmprz5 zainod-0.10.1[2778]:   19:27:27.827  INFO zaino_serve::rpc::grpc::service: [TEST] received call, method: "get_block"
1791660447.827181 runnervmmprz5 zainod-0.10.1[2778]:     at packages/zaino-serve/src/rpc/grpc/service.rs:161
1791660450.263500 runnervmmprz5 zainod-0.10.1[2778]:   19:27:30.263  INFO zaino_chain_store_zainodb::store::finalised_source::v1::write_core: write_blocks_to_height: syncing, current: 265087, target: 4381896, zebra_network: Testnet
1791660450.263500 runnervmmprz5 zainod-0.10.1[2778]:     at packages/zaino-chain-store-zainodb/src/store/finalised_source/v1/write_core.rs:184
1791660452.101494 runnervmmprz5 zainod-0.10.1[2778]:   19:27:32.101  INFO zainodlib::indexer: Zaino status check, chain_state: Ready, fs_mode: ephemeral(syncing), json_rpc: Ready, grpc: Ready
1791660452.101494 runnervmmprz5 zainod-0.10.1[2778]:     at packages/zainod/src/indexer.rs:333
1791660452.827377 runnervmmprz5 zainod-0.10.1[2778]:   19:27:32.827  INFO zaino_serve::rpc::grpc::service: [TEST] received call, method: "get_lightd_info"
1791660452.827377 runnervmmprz5 zainod-0.10.1[2778]:     at packages/zaino-serve/src/rpc/grpc/service.rs:161
1791660452.831294 runnervmmprz5 zainod-0.10.1[2778]:   19:27:32.831  INFO zaino_serve::rpc::grpc::service: [TEST] received call, method: "get_block"
1791660452.831294 runnervmmprz5 zainod-0.10.1[2778]:     at packages/zaino-serve/src/rpc/grpc/service.rs:161
1791660452.832038 runnervmmprz5 zainod-0.10.1[2778]:   19:27:32.832  INFO zaino_serve::rpc::grpc::service: [TEST] received call, method: "get_block"
1791660452.832038 runnervmmprz5 zainod-0.10.1[2778]:     at packages/zaino-serve/src/rpc/grpc/service.rs:161
1791660457.825116 runnervmmprz5 zainod-0.10.1[2778]:   19:27:37.825  INFO zaino_serve::rpc::grpc::service: [TEST] received call, method: "get_lightd_info"
1791660457.825116 runnervmmprz5 zainod-0.10.1[2778]:     at packages/zaino-serve/src/rpc/grpc/service.rs:161
1791660457.828460 runnervmmprz5 zainod-0.10.1[2778]:   19:27:37.828  INFO zaino_serve::rpc::grpc::service: [TEST] received call, method: "get_block"
1791660457.828460 runnervmmprz5 zainod-0.10.1[2778]:     at packages/zaino-serve/src/rpc/grpc/service.rs:161
1791660457.829049 runnervmmprz5 zainod-0.10.1[2778]:   19:27:37.829  INFO zaino_serve::rpc::grpc::service: [TEST] received call, method: "get_block"
1791660457.829049 runnervmmprz5 zainod-0.10.1[2778]:     at packages/zaino-serve/src/rpc/grpc/service.rs:161
1791660460.325058 runnervmmprz5 zainod-0.10.1[2778]:   19:27:40.324  INFO zaino_chain_store_zainodb::store::finalised_source::v1::write_core: write_blocks_to_height: syncing, current: 283591, target: 4381896, zebra_network: Testnet
1791660460.325058 runnervmmprz5 zainod-0.10.1[2778]:     at packages/zaino-chain-store-zainodb/src/store/finalised_source/v1/write_core.rs:184
1791660462.201204 runnervmmprz5 zainod-0.10.1[2778]:   19:27:42.201  INFO zainodlib::indexer: Zaino status check, chain_state: Ready, fs_mode: ephemeral(syncing), json_rpc: Ready, grpc: Ready
1791660462.201204 runnervmmprz5 zainod-0.10.1[2778]:     at packages/zainod/src/indexer.rs:333
1791660462.826039 runnervmmprz5 zainod-0.10.1[2778]:   19:27:42.825  INFO zaino_serve::rpc::grpc::service: [TEST] received call, method: "get_lightd_info"
1791660462.826039 runnervmmprz5 zainod-0.10.1[2778]:     at packages/zaino-serve/src/rpc/grpc/service.rs:161
1791660462.830163 runnervmmprz5 zainod-0.10.1[2778]:   19:27:42.830  INFO zaino_serve::rpc::grpc::service: [TEST] received call, method: "get_block"
1791660462.830163 runnervmmprz5 zainod-0.10.1[2778]:     at packages/zaino-serve/src/rpc/grpc/service.rs:161
1791660462.830922 runnervmmprz5 zainod-0.10.1[2778]:   19:27:42.830  INFO zaino_serve::rpc::grpc::service: [TEST] received call, method: "get_block"
1791660462.830922 runnervmmprz5 zainod-0.10.1[2778]:     at packages/zaino-serve/src/rpc/grpc/service.rs:161
1791660466.384305 runnervmmprz5 zainod-0.10.1[2778]:   19:27:46.384  INFO zaino_chain_store_zainodb::store::finalised_source::v1::write_core: write_blocks_to_height: committed batch, height: 199999, blocks: 100000
1791660466.384305 runnervmmprz5 zainod-0.10.1[2778]:     at packages/zaino-chain-store-zainodb/src/store/finalised_source/v1/write_core.rs:636
1791660467.827494 runnervmmprz5 zainod-0.10.1[2778]:   19:27:47.827  INFO zaino_serve::rpc::grpc::service: [TEST] received call, method: "get_lightd_info"
1791660467.827494 runnervmmprz5 zainod-0.10.1[2778]:     at packages/zaino-serve/src/rpc/grpc/service.rs:161
1791660467.832229 runnervmmprz5 zainod-0.10.1[2778]:   19:27:47.832  INFO zaino_serve::rpc::grpc::service: [TEST] received call, method: "get_block"
1791660467.832229 runnervmmprz5 zainod-0.10.1[2778]:     at packages/zaino-serve/src/rpc/grpc/service.rs:161
1791660467.832766 runnervmmprz5 zainod-0.10.1[2778]:   19:27:47.832  INFO zaino_serve::rpc::grpc::service: [TEST] received call, method: "get_block"
1791660467.832766 runnervmmprz5 zainod-0.10.1[2778]:     at packages/zaino-serve/src/rpc/grpc/service.rs:161
1791660470.338225 runnervmmprz5 zainod-0.10.1[2778]:   19:27:50.338  INFO zaino_chain_store_zainodb::store::finalised_source::v1::write_core: write_blocks_to_height: syncing, current: 312809, target: 4381896, zebra_network: Testnet
1791660470.338225 runnervmmprz5 zainod-0.10.1[2778]:     at packages/zaino-chain-store-zainodb/src/store/finalised_source/v1/write_core.rs:184
1791660472.301415 runnervmmprz5 zainod-0.10.1[2778]:   19:27:52.301  INFO zainodlib::indexer: Zaino status check, chain_state: Ready, fs_mode: ephemeral(syncing), json_rpc: Ready, grpc: Ready
1791660472.301415 runnervmmprz5 zainod-0.10.1[2778]:     at packages/zainod/src/indexer.rs:333
1791660472.824572 runnervmmprz5 zainod-0.10.1[2778]:   19:27:52.824  INFO zaino_serve::rpc::grpc::service: [TEST] received call, method: "get_lightd_info"
1791660472.824572 runnervmmprz5 zainod-0.10.1[2778]:     at packages/zaino-serve/src/rpc/grpc/service.rs:161
1791660472.827678 runnervmmprz5 zainod-0.10.1[2778]:   19:27:52.827  INFO zaino_serve::rpc::grpc::service: [TEST] received call, method: "get_block"
1791660472.827678 runnervmmprz5 zainod-0.10.1[2778]:     at packages/zaino-serve/src/rpc/grpc/service.rs:161
1791660472.828276 runnervmmprz5 zainod-0.10.1[2778]:   19:27:52.828  INFO zaino_serve::rpc::grpc::service: [TEST] received call, method: "get_block"
1791660472.828276 runnervmmprz5 zainod-0.10.1[2778]:     at packages/zaino-serve/src/rpc/grpc/service.rs:161
1791660477.827106 runnervmmprz5 zainod-0.10.1[2778]:   19:27:57.827  INFO zaino_serve::rpc::grpc::service: [TEST] received call, method: "get_lightd_info"
1791660477.827106 runnervmmprz5 zainod-0.10.1[2778]:     at packages/zaino-serve/src/rpc/grpc/service.rs:161
1791660477.830014 runnervmmprz5 zainod-0.10.1[2778]:   19:27:57.829  INFO zaino_serve::rpc::grpc::service: [TEST] received call, method: "get_block"
1791660477.830014 runnervmmprz5 zainod-0.10.1[2778]:     at packages/zaino-serve/src/rpc/grpc/service.rs:161
1791660477.830521 runnervmmprz5 zainod-0.10.1[2778]:   19:27:57.830  INFO zaino_serve::rpc::grpc::service: [TEST] received call, method: "get_block"
1791660477.830521 runnervmmprz5 zainod-0.10.1[2778]:     at packages/zaino-serve/src/rpc/grpc/service.rs:161
1791660480.338518 runnervmmprz5 zainod-0.10.1[2778]:   19:28:00.338  INFO zaino_chain_store_zainodb::store::finalised_source::v1::write_core: write_blocks_to_height: syncing, current: 345704, target: 4381896, zebra_network: Testnet
1791660480.338518 runnervmmprz5 zainod-0.10.1[2778]:     at packages/zaino-chain-store-zainodb/src/store/finalised_source/v1/write_core.rs:184
1791660482.400674 runnervmmprz5 zainod-0.10.1[2778]:   19:28:02.400  INFO zainodlib::indexer: Zaino status check, chain_state: Ready, fs_mode: ephemeral(syncing), json_rpc: Ready, grpc: Ready
1791660482.400674 runnervmmprz5 zainod-0.10.1[2778]:     at packages/zainod/src/indexer.rs:333
1791660482.829127 runnervmmprz5 zainod-0.10.1[2778]:   19:28:02.829  INFO zaino_serve::rpc::grpc::service: [TEST] received call, method: "get_lightd_info"
1791660482.829127 runnervmmprz5 zainod-0.10.1[2778]:     at packages/zaino-serve/src/rpc/grpc/service.rs:161
1791660482.833255 runnervmmprz5 zainod-0.10.1[2778]:   19:28:02.833  INFO zaino_serve::rpc::grpc::service: [TEST] received call, method: "get_block"
1791660482.833255 runnervmmprz5 zainod-0.10.1[2778]:     at packages/zaino-serve/src/rpc/grpc/service.rs:161
1791660482.833908 runnervmmprz5 zainod-0.10.1[2778]:   19:28:02.833  INFO zaino_serve::rpc::grpc::service: [TEST] received call, method: "get_block"
1791660482.833908 runnervmmprz5 zainod-0.10.1[2778]:     at packages/zaino-serve/src/rpc/grpc/service.rs:161
1791660487.827048 runnervmmprz5 zainod-0.10.1[2778]:   19:28:07.827  INFO zaino_serve::rpc::grpc::service: [TEST] received call, method: "get_lightd_info"
1791660487.827048 runnervmmprz5 zainod-0.10.1[2778]:     at packages/zaino-serve/src/rpc/grpc/service.rs:161
1791660487.830133 runnervmmprz5 zainod-0.10.1[2778]:   19:28:07.830  INFO zaino_serve::rpc::grpc::service: [TEST] received call, method: "get_block"
1791660487.830133 runnervmmprz5 zainod-0.10.1[2778]:     at packages/zaino-serve/src/rpc/grpc/service.rs:161
1791660487.830750 runnervmmprz5 zainod-0.10.1[2778]:   19:28:07.830  INFO zaino_serve::rpc::grpc::service: [TEST] received call, method: "get_block"
1791660487.830750 runnervmmprz5 zainod-0.10.1[2778]:     at packages/zaino-serve/src/rpc/grpc/service.rs:161
1791660490.341684 runnervmmprz5 zainod-0.10.1[2778]:   19:28:10.341  INFO zaino_chain_store_zainodb::store::finalised_source::v1::write_core: write_blocks_to_height: syncing, current: 380597, target: 4381896, zebra_network: Testnet
1791660490.341684 runnervmmprz5 zainod-0.10.1[2778]:     at packages/zaino-chain-store-zainodb/src/store/finalised_source/v1/write_core.rs:184
1791660492.400977 runnervmmprz5 zainod-0.10.1[2778]:   19:28:12.400  INFO zainodlib::indexer: Zaino status check, chain_state: Ready, fs_mode: ephemeral(syncing), json_rpc: Ready, grpc: Ready
1791660492.400977 runnervmmprz5 zainod-0.10.1[2778]:     at packages/zainod/src/indexer.rs:333
1791660492.829794 runnervmmprz5 zainod-0.10.1[2778]:   19:28:12.829  INFO zaino_serve::rpc::grpc::service: [TEST] received call, method: "get_lightd_info"
1791660492.829794 runnervmmprz5 zainod-0.10.1[2778]:     at packages/zaino-serve/src/rpc/grpc/service.rs:161
1791660492.834701 runnervmmprz5 zainod-0.10.1[2778]:   19:28:12.834  INFO zaino_serve::rpc::grpc::service: [TEST] received call, method: "get_block"
1791660492.834701 runnervmmprz5 zainod-0.10.1[2778]:     at packages/zaino-serve/src/rpc/grpc/service.rs:161
1791660492.835275 runnervmmprz5 zainod-0.10.1[2778]:   19:28:12.835  INFO zaino_serve::rpc::grpc::service: [TEST] received call, method: "get_block"
1791660492.835275 runnervmmprz5 zainod-0.10.1[2778]:     at packages/zaino-serve/src/rpc/grpc/service.rs:161
1791660494.217481 runnervmmprz5 zainod-0.10.1[2778]:   19:28:14.217  INFO zaino_chain_store_zainodb::store::finalised_source::v1::write_core: write_blocks_to_height: committed batch, height: 299999, blocks: 100000
1791660494.217481 runnervmmprz5 zainod-0.10.1[2778]:     at packages/zaino-chain-store-zainodb/src/store/finalised_source/v1/write_core.rs:636
1791660498.070114 runnervmmprz5 zainod-0.10.1[2778]:   19:28:18.070  INFO zaino_serve::rpc::grpc::service: [TEST] received call, method: "get_lightd_info"
1791660498.070114 runnervmmprz5 zainod-0.10.1[2778]:     at packages/zaino-serve/src/rpc/grpc/service.rs:161
1791660498.074186 runnervmmprz5 zainod-0.10.1[2778]:   19:28:18.074  INFO zaino_serve::rpc::grpc::service: [TEST] received call, method: "get_block"
1791660498.074186 runnervmmprz5 zainod-0.10.1[2778]:     at packages/zaino-serve/src/rpc/grpc/service.rs:161
1791660498.074773 runnervmmprz5 zainod-0.10.1[2778]:   19:28:18.074  INFO zaino_serve::rpc::grpc::service: [TEST] received call, method: "get_block"
1791660498.074773 runnervmmprz5 zainod-0.10.1[2778]:     at packages/zaino-serve/src/rpc/grpc/service.rs:161
1791660500.354307 runnervmmprz5 zainod-0.10.1[2778]:   19:28:20.354  INFO zaino_chain_store_zainodb::store::finalised_source::v1::write_core: write_blocks_to_height: syncing, current: 412698, target: 4381896, zebra_network: Testnet
1791660500.354307 runnervmmprz5 zainod-0.10.1[2778]:     at packages/zaino-chain-store-zainodb/src/store/finalised_source/v1/write_core.rs:184
1791660502.501054 runnervmmprz5 zainod-0.10.1[2778]:   19:28:22.501  INFO zainodlib::indexer: Zaino status check, chain_state: Ready, fs_mode: ephemeral(syncing), json_rpc: Ready, grpc: Ready
1791660502.501054 runnervmmprz5 zainod-0.10.1[2778]:     at packages/zainod/src/indexer.rs:333
1791660502.827412 runnervmmprz5 zainod-0.10.1[2778]:   19:28:22.827  INFO zaino_serve::rpc::grpc::service: [TEST] received call, method: "get_lightd_info"
1791660502.827412 runnervmmprz5 zainod-0.10.1[2778]:     at packages/zaino-serve/src/rpc/grpc/service.rs:161
1791660502.830499 runnervmmprz5 zainod-0.10.1[2778]:   19:28:22.830  INFO zaino_serve::rpc::grpc::service: [TEST] received call, method: "get_block"
1791660502.830499 runnervmmprz5 zainod-0.10.1[2778]:     at packages/zaino-serve/src/rpc/grpc/service.rs:161
1791660502.831102 runnervmmprz5 zainod-0.10.1[2778]:   19:28:22.831  INFO zaino_serve::rpc::grpc::service: [TEST] received call, method: "get_block"
1791660502.831102 runnervmmprz5 zainod-0.10.1[2778]:     at packages/zaino-serve/src/rpc/grpc/service.rs:161
1791660507.829077 runnervmmprz5 zainod-0.10.1[2778]:   19:28:27.829  INFO zaino_serve::rpc::grpc::service: [TEST] received call, method: "get_lightd_info"
1791660507.829077 runnervmmprz5 zainod-0.10.1[2778]:     at packages/zaino-serve/src/rpc/grpc/service.rs:161
1791660507.832188 runnervmmprz5 zainod-0.10.1[2778]:   19:28:27.832  INFO zaino_serve::rpc::grpc::service: [TEST] received call, method: "get_block"
1791660507.832188 runnervmmprz5 zainod-0.10.1[2778]:     at packages/zaino-serve/src/rpc/grpc/service.rs:161
1791660507.832816 runnervmmprz5 zainod-0.10.1[2778]:   19:28:27.832  INFO zaino_serve::rpc::grpc::service: [TEST] received call, method: "get_block"
1791660507.832816 runnervmmprz5 zainod-0.10.1[2778]:     at packages/zaino-serve/src/rpc/grpc/service.rs:161
1791660510.354502 runnervmmprz5 zainod-0.10.1[2778]:   19:28:30.354  INFO zaino_chain_store_zainodb::store::finalised_source::v1::write_core: write_blocks_to_height: syncing, current: 451293, target: 4381896, zebra_network: Testnet
1791660510.354502 runnervmmprz5 zainod-0.10.1[2778]:     at packages/zaino-chain-store-zainodb/src/store/finalised_source/v1/write_core.rs:184
1791660512.501562 runnervmmprz5 zainod-0.10.1[2778]:   19:28:32.501  INFO zainodlib::indexer: Zaino status check, chain_state: Ready, fs_mode: ephemeral(syncing), json_rpc: Ready, grpc: Ready
1791660512.501562 runnervmmprz5 zainod-0.10.1[2778]:     at packages/zainod/src/indexer.rs:333
1791660512.832731 runnervmmprz5 zainod-0.10.1[2778]:   19:28:32.832  INFO zaino_serve::rpc::grpc::service: [TEST] received call, method: "get_lightd_info"
1791660512.832731 runnervmmprz5 zainod-0.10.1[2778]:     at packages/zaino-serve/src/rpc/grpc/service.rs:161
1791660512.836071 runnervmmprz5 zainod-0.10.1[2778]:   19:28:32.836  INFO zaino_serve::rpc::grpc::service: [TEST] received call, method: "get_block"
1791660512.836071 runnervmmprz5 zainod-0.10.1[2778]:     at packages/zaino-serve/src/rpc/grpc/service.rs:161
1791660512.836646 runnervmmprz5 zainod-0.10.1[2778]:   19:28:32.836  INFO zaino_serve::rpc::grpc::service: [TEST] received call, method: "get_block"
1791660512.836646 runnervmmprz5 zainod-0.10.1[2778]:     at packages/zaino-serve/src/rpc/grpc/service.rs:161
1791660517.831404 runnervmmprz5 zainod-0.10.1[2778]:   19:28:37.831  INFO zaino_serve::rpc::grpc::service: [TEST] received call, method: "get_lightd_info"
1791660517.831404 runnervmmprz5 zainod-0.10.1[2778]:     at packages/zaino-serve/src/rpc/grpc/service.rs:161
1791660517.837049 runnervmmprz5 zainod-0.10.1[2778]:   19:28:37.837  INFO zaino_serve::rpc::grpc::service: [TEST] received call, method: "get_block"
1791660517.837049 runnervmmprz5 zainod-0.10.1[2778]:     at packages/zaino-serve/src/rpc/grpc/service.rs:161
1791660517.837753 runnervmmprz5 zainod-0.10.1[2778]:   19:28:37.837  INFO zaino_serve::rpc::grpc::service: [TEST] received call, method: "get_block"
1791660517.837753 runnervmmprz5 zainod-0.10.1[2778]:     at packages/zaino-serve/src/rpc/grpc/service.rs:161
1791660520.373568 runnervmmprz5 zainod-0.10.1[2778]:   19:28:40.373  INFO zaino_chain_store_zainodb::store::finalised_source::v1::write_core: write_blocks_to_height: syncing, current: 495567, target: 4381896, zebra_network: Testnet
1791660520.373568 runnervmmprz5 zainod-0.10.1[2778]:     at packages/zaino-chain-store-zainodb/src/store/finalised_source/v1/write_core.rs:184
1791660521.639616 runnervmmprz5 zainod-0.10.1[2778]:   19:28:41.639  INFO zaino_chain_store_zainodb::store::finalised_source::v1::write_core: write_blocks_to_height: committed batch, height: 399999, blocks: 100000
1791660521.639616 runnervmmprz5 zainod-0.10.1[2778]:     at packages/zaino-chain-store-zainodb/src/store/finalised_source/v1/write_core.rs:636
1791660522.601453 runnervmmprz5 zainod-0.10.1[2778]:   19:28:42.601  INFO zainodlib::indexer: Zaino status check, chain_state: Ready, fs_mode: ephemeral(syncing), json_rpc: Ready, grpc: Ready
1791660522.601453 runnervmmprz5 zainod-0.10.1[2778]:     at packages/zainod/src/indexer.rs:333
1791660522.830175 runnervmmprz5 zainod-0.10.1[2778]:   19:28:42.830  INFO zaino_serve::rpc::grpc::service: [TEST] received call, method: "get_lightd_info"
1791660522.830175 runnervmmprz5 zainod-0.10.1[2778]:     at packages/zaino-serve/src/rpc/grpc/service.rs:161
1791660522.833578 runnervmmprz5 zainod-0.10.1[2778]:   19:28:42.833  INFO zaino_serve::rpc::grpc::service: [TEST] received call, method: "get_block"
1791660522.833578 runnervmmprz5 zainod-0.10.1[2778]:     at packages/zaino-serve/src/rpc/grpc/service.rs:161
1791660522.834243 runnervmmprz5 zainod-0.10.1[2778]:   19:28:42.834  INFO zaino_serve::rpc::grpc::service: [TEST] received call, method: "get_block"
1791660522.834243 runnervmmprz5 zainod-0.10.1[2778]:     at packages/zaino-serve/src/rpc/grpc/service.rs:161
1791660527.835658 runnervmmprz5 zainod-0.10.1[2778]:   19:28:47.835  INFO zaino_serve::rpc::grpc::service: [TEST] received call, method: "get_lightd_info"
1791660527.835658 runnervmmprz5 zainod-0.10.1[2778]:     at packages/zaino-serve/src/rpc/grpc/service.rs:161
1791660527.838967 runnervmmprz5 zainod-0.10.1[2778]:   19:28:47.838  INFO zaino_serve::rpc::grpc::service: [TEST] received call, method: "get_block"
1791660527.838967 runnervmmprz5 zainod-0.10.1[2778]:     at packages/zaino-serve/src/rpc/grpc/service.rs:161
1791660527.839730 runnervmmprz5 zainod-0.10.1[2778]:   19:28:47.839  INFO zaino_serve::rpc::grpc::service: [TEST] received call, method: "get_block"
1791660527.839730 runnervmmprz5 zainod-0.10.1[2778]:     at packages/zaino-serve/src/rpc/grpc/service.rs:161
1791660530.373681 runnervmmprz5 zainod-0.10.1[2778]:   19:28:50.373  INFO zaino_chain_store_zainodb::store::finalised_source::v1::write_core: write_blocks_to_height: syncing, current: 519001, target: 4381896, zebra_network: Testnet
1791660530.373681 runnervmmprz5 zainod-0.10.1[2778]:     at packages/zaino-chain-store-zainodb/src/store/finalised_source/v1/write_core.rs:184
1791660532.701068 runnervmmprz5 zainod-0.10.1[2778]:   19:28:52.701  INFO zainodlib::indexer: Zaino status check, chain_state: Ready, fs_mode: ephemeral(syncing), json_rpc: Ready, grpc: Ready
1791660532.701068 runnervmmprz5 zainod-0.10.1[2778]:     at packages/zainod/src/indexer.rs:333
1791660532.831351 runnervmmprz5 zainod-0.10.1[2778]:   19:28:52.831  INFO zaino_serve::rpc::grpc::service: [TEST] received call, method: "get_lightd_info"
1791660532.831351 runnervmmprz5 zainod-0.10.1[2778]:     at packages/zaino-serve/src/rpc/grpc/service.rs:161
1791660532.834245 runnervmmprz5 zainod-0.10.1[2778]:   19:28:52.834  INFO zaino_serve::rpc::grpc::service: [TEST] received call, method: "get_block"
1791660532.834245 runnervmmprz5 zainod-0.10.1[2778]:     at packages/zaino-serve/src/rpc/grpc/service.rs:161
1791660532.834824 runnervmmprz5 zainod-0.10.1[2778]:   19:28:52.834  INFO zaino_serve::rpc::grpc::service: [TEST] received call, method: "get_block"
1791660532.834824 runnervmmprz5 zainod-0.10.1[2778]:     at packages/zaino-serve/src/rpc/grpc/service.rs:161
1791660537.831813 runnervmmprz5 zainod-0.10.1[2778]:   19:28:57.831  INFO zaino_serve::rpc::grpc::service: [TEST] received call, method: "get_lightd_info"
1791660537.831813 runnervmmprz5 zainod-0.10.1[2778]:     at packages/zaino-serve/src/rpc/grpc/service.rs:161
1791660537.834886 runnervmmprz5 zainod-0.10.1[2778]:   19:28:57.834  INFO zaino_serve::rpc::grpc::service: [TEST] received call, method: "get_block"
1791660537.834886 runnervmmprz5 zainod-0.10.1[2778]:     at packages/zaino-serve/src/rpc/grpc/service.rs:161
1791660537.835501 runnervmmprz5 zainod-0.10.1[2778]:   19:28:57.835  INFO zaino_serve::rpc::grpc::service: [TEST] received call, method: "get_block"
1791660537.835501 runnervmmprz5 zainod-0.10.1[2778]:     at packages/zaino-serve/src/rpc/grpc/service.rs:161
1791660540.373794 runnervmmprz5 zainod-0.10.1[2778]:   19:29:00.373  INFO zaino_chain_store_zainodb::store::finalised_source::v1::write_core: write_blocks_to_height: syncing, current: 554431, target: 4381896, zebra_network: Testnet
1791660540.373794 runnervmmprz5 zainod-0.10.1[2778]:     at packages/zaino-chain-store-zainodb/src/store/finalised_source/v1/write_core.rs:184
1791660542.801060 runnervmmprz5 zainod-0.10.1[2778]:   19:29:02.801  INFO zainodlib::indexer: Zaino status check, chain_state: Ready, fs_mode: ephemeral(syncing), json_rpc: Ready, grpc: Ready
1791660542.801060 runnervmmprz5 zainod-0.10.1[2778]:     at packages/zainod/src/indexer.rs:333
1791660542.834199 runnervmmprz5 zainod-0.10.1[2778]:   19:29:02.834  INFO zaino_serve::rpc::grpc::service: [TEST] received call, method: "get_lightd_info"
1791660542.834199 runnervmmprz5 zainod-0.10.1[2778]:     at packages/zaino-serve/src/rpc/grpc/service.rs:161
1791660542.838085 runnervmmprz5 zainod-0.10.1[2778]:   19:29:02.838  INFO zaino_serve::rpc::grpc::service: [TEST] received call, method: "get_block"
1791660542.838085 runnervmmprz5 zainod-0.10.1[2778]:     at packages/zaino-serve/src/rpc/grpc/service.rs:161
1791660542.838775 runnervmmprz5 zainod-0.10.1[2778]:   19:29:02.838  INFO zaino_serve::rpc::grpc::service: [TEST] received call, method: "get_block"
1791660542.838775 runnervmmprz5 zainod-0.10.1[2778]:     at packages/zaino-serve/src/rpc/grpc/service.rs:161
1791660547.832763 runnervmmprz5 zainod-0.10.1[2778]:   19:29:07.832  INFO zaino_serve::rpc::grpc::service: [TEST] received call, method: "get_lightd_info"
1791660547.832763 runnervmmprz5 zainod-0.10.1[2778]:     at packages/zaino-serve/src/rpc/grpc/service.rs:161
1791660547.835851 runnervmmprz5 zainod-0.10.1[2778]:   19:29:07.835  INFO zaino_serve::rpc::grpc::service: [TEST] received call, method: "get_block"
1791660547.835851 runnervmmprz5 zainod-0.10.1[2778]:     at packages/zaino-serve/src/rpc/grpc/service.rs:161
1791660547.836469 runnervmmprz5 zainod-0.10.1[2778]:   19:29:07.836  INFO zaino_serve::rpc::grpc::service: [TEST] received call, method: "get_block"
1791660547.836469 runnervmmprz5 zainod-0.10.1[2778]:     at packages/zaino-serve/src/rpc/grpc/service.rs:161
1791660549.990674 runnervmmprz5 zainod-0.10.1[2778]:   19:29:09.990  INFO zaino_chain_store_zainodb::store::finalised_source::v1::write_core: write_blocks_to_height: committed batch, height: 499999, blocks: 100000
1791660549.990674 runnervmmprz5 zainod-0.10.1[2778]:     at packages/zaino-chain-store-zainodb/src/store/finalised_source/v1/write_core.rs:636
1791660550.374722 runnervmmprz5 zainod-0.10.1[2778]:   19:29:10.374  INFO zaino_chain_store_zainodb::store::finalised_source::v1::write_core: write_blocks_to_height: syncing, current: 601949, target: 4381896, zebra_network: Testnet
1791660550.374722 runnervmmprz5 zainod-0.10.1[2778]:     at packages/zaino-chain-store-zainodb/src/store/finalised_source/v1/write_core.rs:184
1791660552.801629 runnervmmprz5 zainod-0.10.1[2778]:   19:29:12.801  INFO zainodlib::indexer: Zaino status check, chain_state: Ready, fs_mode: ephemeral(syncing), json_rpc: Ready, grpc: Ready
1791660552.801629 runnervmmprz5 zainod-0.10.1[2778]:     at packages/zainod/src/indexer.rs:333
1791660552.831947 runnervmmprz5 zainod-0.10.1[2778]:   19:29:12.831  INFO zaino_serve::rpc::grpc::service: [TEST] received call, method: "get_lightd_info"
1791660552.831947 runnervmmprz5 zainod-0.10.1[2778]:     at packages/zaino-serve/src/rpc/grpc/service.rs:161
1791660552.834909 runnervmmprz5 zainod-0.10.1[2778]:   19:29:12.834  INFO zaino_serve::rpc::grpc::service: [TEST] received call, method: "get_block"
1791660552.834909 runnervmmprz5 zainod-0.10.1[2778]:     at packages/zaino-serve/src/rpc/grpc/service.rs:161
1791660552.835471 runnervmmprz5 zainod-0.10.1[2778]:   19:29:12.835  INFO zaino_serve::rpc::grpc::service: [TEST] received call, method: "get_block"
1791660552.835471 runnervmmprz5 zainod-0.10.1[2778]:     at packages/zaino-serve/src/rpc/grpc/service.rs:161
1791660557.838308 runnervmmprz5 zainod-0.10.1[2778]:   19:29:17.838  INFO zaino_serve::rpc::grpc::service: [TEST] received call, method: "get_lightd_info"
1791660557.838308 runnervmmprz5 zainod-0.10.1[2778]:     at packages/zaino-serve/src/rpc/grpc/service.rs:161
1791660557.842441 runnervmmprz5 zainod-0.10.1[2778]:   19:29:17.842  INFO zaino_serve::rpc::grpc::service: [TEST] received call, method: "get_block"
1791660557.842441 runnervmmprz5 zainod-0.10.1[2778]:     at packages/zaino-serve/src/rpc/grpc/service.rs:161
1791660557.843202 runnervmmprz5 zainod-0.10.1[2778]:   19:29:17.843  INFO zaino_serve::rpc::grpc::service: [TEST] received call, method: "get_block"
1791660557.843202 runnervmmprz5 zainod-0.10.1[2778]:     at packages/zaino-serve/src/rpc/grpc/service.rs:161
1791660560.437728 runnervmmprz5 zainod-0.10.1[2778]:   19:29:20.437  INFO zaino_chain_store_zainodb::store::finalised_source::v1::write_core: write_blocks_to_height: syncing, current: 628859, target: 4381896, zebra_network: Testnet
1791660560.437728 runnervmmprz5 zainod-0.10.1[2778]:     at packages/zaino-chain-store-zainodb/src/store/finalised_source/v1/write_core.rs:184
1791660562.835237 runnervmmprz5 zainod-0.10.1[2778]:   19:29:22.835  INFO zaino_serve::rpc::grpc::service: [TEST] received call, method: "get_lightd_info"
1791660562.835237 runnervmmprz5 zainod-0.10.1[2778]:     at packages/zaino-serve/src/rpc/grpc/service.rs:161
1791660562.839345 runnervmmprz5 zainod-0.10.1[2778]:   19:29:22.839  INFO zaino_serve::rpc::grpc::service: [TEST] received call, method: "get_block"
1791660562.839345 runnervmmprz5 zainod-0.10.1[2778]:     at packages/zaino-serve/src/rpc/grpc/service.rs:161
1791660562.839868 runnervmmprz5 zainod-0.10.1[2778]:   19:29:22.839  INFO zaino_serve::rpc::grpc::service: [TEST] received call, method: "get_block"
1791660562.839868 runnervmmprz5 zainod-0.10.1[2778]:     at packages/zaino-serve/src/rpc/grpc/service.rs:161
1791660562.901262 runnervmmprz5 zainod-0.10.1[2778]:   19:29:22.901  INFO zainodlib::indexer: Zaino status check, chain_state: Ready, fs_mode: ephemeral(syncing), json_rpc: Ready, grpc: Ready
1791660562.901262 runnervmmprz5 zainod-0.10.1[2778]:     at packages/zainod/src/indexer.rs:333
1791660567.834385 runnervmmprz5 zainod-0.10.1[2778]:   19:29:27.834  INFO zaino_serve::rpc::grpc::service: [TEST] received call, method: "get_lightd_info"
1791660567.834385 runnervmmprz5 zainod-0.10.1[2778]:     at packages/zaino-serve/src/rpc/grpc/service.rs:161
1791660567.837379 runnervmmprz5 zainod-0.10.1[2778]:   19:29:27.837  INFO zaino_serve::rpc::grpc::service: [TEST] received call, method: "get_block"
1791660567.837379 runnervmmprz5 zainod-0.10.1[2778]:     at packages/zaino-serve/src/rpc/grpc/service.rs:161
1791660567.837907 runnervmmprz5 zainod-0.10.1[2778]:   19:29:27.837  INFO zaino_serve::rpc::grpc::service: [TEST] received call, method: "get_block"
1791660567.837907 runnervmmprz5 zainod-0.10.1[2778]:     at packages/zaino-serve/src/rpc/grpc/service.rs:161
1791660570.444102 runnervmmprz5 zainod-0.10.1[2778]:   19:29:30.443  INFO zaino_chain_store_zainodb::store::finalised_source::v1::write_core: write_blocks_to_height: syncing, current: 650711, target: 4381896, zebra_network: Testnet
1791660570.444102 runnervmmprz5 zainod-0.10.1[2778]:     at packages/zaino-chain-store-zainodb/src/store/finalised_source/v1/write_core.rs:184
1791660572.833854 runnervmmprz5 zainod-0.10.1[2778]:   19:29:32.833  INFO zaino_serve::rpc::grpc::service: [TEST] received call, method: "get_lightd_info"
1791660572.833854 runnervmmprz5 zainod-0.10.1[2778]:     at packages/zaino-serve/src/rpc/grpc/service.rs:161
1791660572.836880 runnervmmprz5 zainod-0.10.1[2778]:   19:29:32.836  INFO zaino_serve::rpc::grpc::service: [TEST] received call, method: "get_block"
1791660572.836880 runnervmmprz5 zainod-0.10.1[2778]:     at packages/zaino-serve/src/rpc/grpc/service.rs:161
1791660572.837441 runnervmmprz5 zainod-0.10.1[2778]:   19:29:32.837  INFO zaino_serve::rpc::grpc::service: [TEST] received call, method: "get_block"
1791660572.837441 runnervmmprz5 zainod-0.10.1[2778]:     at packages/zaino-serve/src/rpc/grpc/service.rs:161
1791660573.001055 runnervmmprz5 zainod-0.10.1[2778]:   19:29:33.000  INFO zainodlib::indexer: Zaino status check, chain_state: Ready, fs_mode: ephemeral(syncing), json_rpc: Ready, grpc: Ready
1791660573.001055 runnervmmprz5 zainod-0.10.1[2778]:     at packages/zainod/src/indexer.rs:333
1791660577.840581 runnervmmprz5 zainod-0.10.1[2778]:   19:29:37.840  INFO zaino_serve::rpc::grpc::service: [TEST] received call, method: "get_lightd_info"
1791660577.840581 runnervmmprz5 zainod-0.10.1[2778]:     at packages/zaino-serve/src/rpc/grpc/service.rs:161
1791660577.845003 runnervmmprz5 zainod-0.10.1[2778]:   19:29:37.844  INFO zaino_serve::rpc::grpc::service: [TEST] received call, method: "get_block"
1791660577.845003 runnervmmprz5 zainod-0.10.1[2778]:     at packages/zaino-serve/src/rpc/grpc/service.rs:161
1791660577.845694 runnervmmprz5 zainod-0.10.1[2778]:   19:29:37.845  INFO zaino_serve::rpc::grpc::service: [TEST] received call, method: "get_block"
1791660577.845694 runnervmmprz5 zainod-0.10.1[2778]:     at packages/zaino-serve/src/rpc/grpc/service.rs:161
1791660580.444233 runnervmmprz5 zainod-0.10.1[2778]:   19:29:40.444  INFO zaino_chain_store_zainodb::store::finalised_source::v1::write_core: write_blocks_to_height: syncing, current: 675155, target: 4381896, zebra_network: Testnet
1791660580.444233 runnervmmprz5 zainod-0.10.1[2778]:     at packages/zaino-chain-store-zainodb/src/store/finalised_source/v1/write_core.rs:184
1791660582.838668 runnervmmprz5 zainod-0.10.1[2778]:   19:29:42.838  INFO zaino_serve::rpc::grpc::service: [TEST] received call, method: "get_lightd_info"
1791660582.838668 runnervmmprz5 zainod-0.10.1[2778]:     at packages/zaino-serve/src/rpc/grpc/service.rs:161
1791660582.841805 runnervmmprz5 zainod-0.10.1[2778]:   19:29:42.841  INFO zaino_serve::rpc::grpc::service: [TEST] received call, method: "get_block"
1791660582.841805 runnervmmprz5 zainod-0.10.1[2778]:     at packages/zaino-serve/src/rpc/grpc/service.rs:161
1791660582.842337 runnervmmprz5 zainod-0.10.1[2778]:   19:29:42.842  INFO zaino_serve::rpc::grpc::service: [TEST] received call, method: "get_block"
1791660582.842337 runnervmmprz5 zainod-0.10.1[2778]:     at packages/zaino-serve/src/rpc/grpc/service.rs:161
1791660583.100816 runnervmmprz5 zainod-0.10.1[2778]:   19:29:43.100  INFO zainodlib::indexer: Zaino status check, chain_state: Ready, fs_mode: ephemeral(syncing), json_rpc: Ready, grpc: Ready
1791660583.100816 runnervmmprz5 zainod-0.10.1[2778]:     at packages/zainod/src/indexer.rs:333
1791660585.315925 runnervmmprz5 zainod-0.10.1[2778]:   19:29:45.315  INFO zaino_chain_store_zainodb::store::finalised_source::v1::write_core: write_blocks_to_height: committed batch, height: 599999, blocks: 100000
1791660585.315925 runnervmmprz5 zainod-0.10.1[2778]:     at packages/zaino-chain-store-zainodb/src/store/finalised_source/v1/write_core.rs:636
1791660587.840865 runnervmmprz5 zainod-0.10.1[2778]:   19:29:47.840  INFO zaino_serve::rpc::grpc::service: [TEST] received call, method: "get_lightd_info"
1791660587.840865 runnervmmprz5 zainod-0.10.1[2778]:     at packages/zaino-serve/src/rpc/grpc/service.rs:161
1791660587.844484 runnervmmprz5 zainod-0.10.1[2778]:   19:29:47.844  INFO zaino_serve::rpc::grpc::service: [TEST] received call, method: "get_block"
1791660587.844484 runnervmmprz5 zainod-0.10.1[2778]:     at packages/zaino-serve/src/rpc/grpc/service.rs:161
1791660587.845019 runnervmmprz5 zainod-0.10.1[2778]:   19:29:47.845  INFO zaino_serve::rpc::grpc::service: [TEST] received call, method: "get_block"
1791660587.845019 runnervmmprz5 zainod-0.10.1[2778]:     at packages/zaino-serve/src/rpc/grpc/service.rs:161
1791660590.446054 runnervmmprz5 zainod-0.10.1[2778]:   19:29:50.445  INFO zaino_chain_store_zainodb::store::finalised_source::v1::write_core: write_blocks_to_height: syncing, current: 706386, target: 4381896, zebra_network: Testnet
1791660590.446054 runnervmmprz5 zainod-0.10.1[2778]:     at packages/zaino-chain-store-zainodb/src/store/finalised_source/v1/write_core.rs:184
1791660592.839682 runnervmmprz5 zainod-0.10.1[2778]:   19:29:52.839  INFO zaino_serve::rpc::grpc::service: [TEST] received call, method: "get_lightd_info"
1791660592.839682 runnervmmprz5 zainod-0.10.1[2778]:     at packages/zaino-serve/src/rpc/grpc/service.rs:161
1791660592.843270 runnervmmprz5 zainod-0.10.1[2778]:   19:29:52.843  INFO zaino_serve::rpc::grpc::service: [TEST] received call, method: "get_block"
1791660592.843270 runnervmmprz5 zainod-0.10.1[2778]:     at packages/zaino-serve/src/rpc/grpc/service.rs:161
1791660592.843949 runnervmmprz5 zainod-0.10.1[2778]:   19:29:52.843  INFO zaino_serve::rpc::grpc::service: [TEST] received call, method: "get_block"
1791660592.843949 runnervmmprz5 zainod-0.10.1[2778]:     at packages/zaino-serve/src/rpc/grpc/service.rs:161
1791660593.101223 runnervmmprz5 zainod-0.10.1[2778]:   19:29:53.101  INFO zainodlib::indexer: Zaino status check, chain_state: Ready, fs_mode: ephemeral(syncing), json_rpc: Ready, grpc: Ready
1791660593.101223 runnervmmprz5 zainod-0.10.1[2778]:     at packages/zainod/src/indexer.rs:333
1791660597.842492 runnervmmprz5 zainod-0.10.1[2778]:   19:29:57.842  INFO zaino_serve::rpc::grpc::service: [TEST] received call, method: "get_lightd_info"
1791660597.842492 runnervmmprz5 zainod-0.10.1[2778]:     at packages/zaino-serve/src/rpc/grpc/service.rs:161
1791660597.845975 runnervmmprz5 zainod-0.10.1[2778]:   19:29:57.845  INFO zaino_serve::rpc::grpc::service: [TEST] received call, method: "get_block"
1791660597.845975 runnervmmprz5 zainod-0.10.1[2778]:     at packages/zaino-serve/src/rpc/grpc/service.rs:161
1791660597.846779 runnervmmprz5 zainod-0.10.1[2778]:   19:29:57.846  INFO zaino_serve::rpc::grpc::service: [TEST] received call, method: "get_block"
1791660597.846779 runnervmmprz5 zainod-0.10.1[2778]:     at packages/zaino-serve/src/rpc/grpc/service.rs:161
1791660600.446210 runnervmmprz5 zainod-0.10.1[2778]:   19:30:00.446  INFO zaino_chain_store_zainodb::store::finalised_source::v1::write_core: write_blocks_to_height: syncing, current: 757821, target: 4381896, zebra_network: Testnet
1791660600.446210 runnervmmprz5 zainod-0.10.1[2778]:     at packages/zaino-chain-store-zainodb/src/store/finalised_source/v1/write_core.rs:184
1791660602.836839 runnervmmprz5 zainod-0.10.1[2778]:   19:30:02.836  INFO zaino_serve::rpc::grpc::service: [TEST] received call, method: "get_lightd_info"
1791660602.836839 runnervmmprz5 zainod-0.10.1[2778]:     at packages/zaino-serve/src/rpc/grpc/service.rs:161
1791660602.839782 runnervmmprz5 zainod-0.10.1[2778]:   19:30:02.839  INFO zaino_serve::rpc::grpc::service: [TEST] received call, method: "get_block"
1791660602.839782 runnervmmprz5 zainod-0.10.1[2778]:     at packages/zaino-serve/src/rpc/grpc/service.rs:161
1791660602.840314 runnervmmprz5 zainod-0.10.1[2778]:   19:30:02.840  INFO zaino_serve::rpc::grpc::service: [TEST] received call, method: "get_block"
1791660602.840314 runnervmmprz5 zainod-0.10.1[2778]:     at packages/zaino-serve/src/rpc/grpc/service.rs:161
1791660603.101309 runnervmmprz5 zainod-0.10.1[2778]:   19:30:03.101  INFO zainodlib::indexer: Zaino status check, chain_state: Ready, fs_mode: ephemeral(syncing), json_rpc: Ready, grpc: Ready
1791660603.101309 runnervmmprz5 zainod-0.10.1[2778]:     at packages/zainod/src/indexer.rs:333
1791660607.842616 runnervmmprz5 zainod-0.10.1[2778]:   19:30:07.842  INFO zaino_serve::rpc::grpc::service: [TEST] received call, method: "get_lightd_info"
1791660607.842616 runnervmmprz5 zainod-0.10.1[2778]:     at packages/zaino-serve/src/rpc/grpc/service.rs:161
1791660607.846811 runnervmmprz5 zainod-0.10.1[2778]:   19:30:07.846  INFO zaino_serve::rpc::grpc::service: [TEST] received call, method: "get_block"
1791660607.846811 runnervmmprz5 zainod-0.10.1[2778]:     at packages/zaino-serve/src/rpc/grpc/service.rs:161
1791660607.847399 runnervmmprz5 zainod-0.10.1[2778]:   19:30:07.847  INFO zaino_serve::rpc::grpc::service: [TEST] received call, method: "get_block"
1791660607.847399 runnervmmprz5 zainod-0.10.1[2778]:     at packages/zaino-serve/src/rpc/grpc/service.rs:161
1791660610.454856 runnervmmprz5 zainod-0.10.1[2778]:   19:30:10.454  INFO zaino_chain_store_zainodb::store::finalised_source::v1::write_core: write_blocks_to_height: syncing, current: 798375, target: 4381896, zebra_network: Testnet
1791660610.454856 runnervmmprz5 zainod-0.10.1[2778]:     at packages/zaino-chain-store-zainodb/src/store/finalised_source/v1/write_core.rs:184
1791660611.228703 runnervmmprz5 zainod-0.10.1[2778]:   19:30:11.228  INFO zaino_chain_store_zainodb::store::finalised_source::v1::write_core: write_blocks_to_height: committed batch, height: 699999, blocks: 100000
1791660611.228703 runnervmmprz5 zainod-0.10.1[2778]:     at packages/zaino-chain-store-zainodb/src/store/finalised_source/v1/write_core.rs:636
1791660612.838177 runnervmmprz5 zainod-0.10.1[2778]:   19:30:12.838  INFO zaino_serve::rpc::grpc::service: [TEST] received call, method: "get_lightd_info"
1791660612.838177 runnervmmprz5 zainod-0.10.1[2778]:     at packages/zaino-serve/src/rpc/grpc/service.rs:161
1791660612.841444 runnervmmprz5 zainod-0.10.1[2778]:   19:30:12.841  INFO zaino_serve::rpc::grpc::service: [TEST] received call, method: "get_block"
1791660612.841444 runnervmmprz5 zainod-0.10.1[2778]:     at packages/zaino-serve/src/rpc/grpc/service.rs:161
1791660612.842145 runnervmmprz5 zainod-0.10.1[2778]:   19:30:12.842  INFO zaino_serve::rpc::grpc::service: [TEST] received call, method: "get_block"
1791660612.842145 runnervmmprz5 zainod-0.10.1[2778]:     at packages/zaino-serve/src/rpc/grpc/service.rs:161
1791660613.201191 runnervmmprz5 zainod-0.10.1[2778]:   19:30:13.201  INFO zainodlib::indexer: Zaino status check, chain_state: Ready, fs_mode: ephemeral(syncing), json_rpc: Ready, grpc: Ready
1791660613.201191 runnervmmprz5 zainod-0.10.1[2778]:     at packages/zainod/src/indexer.rs:333
1791660618.069695 runnervmmprz5 zainod-0.10.1[2778]:   19:30:18.069  INFO zaino_serve::rpc::grpc::service: [TEST] received call, method: "get_lightd_info"
1791660618.069695 runnervmmprz5 zainod-0.10.1[2778]:     at packages/zaino-serve/src/rpc/grpc/service.rs:161
1791660618.074343 runnervmmprz5 zainod-0.10.1[2778]:   19:30:18.074  INFO zaino_serve::rpc::grpc::service: [TEST] received call, method: "get_block"
1791660618.074343 runnervmmprz5 zainod-0.10.1[2778]:     at packages/zaino-serve/src/rpc/grpc/service.rs:161
1791660618.074915 runnervmmprz5 zainod-0.10.1[2778]:   19:30:18.074  INFO zaino_serve::rpc::grpc::service: [TEST] received call, method: "get_block"
1791660618.074915 runnervmmprz5 zainod-0.10.1[2778]:     at packages/zaino-serve/src/rpc/grpc/service.rs:161
1791660620.454973 runnervmmprz5 zainod-0.10.1[2778]:   19:30:20.454  INFO zaino_chain_store_zainodb::store::finalised_source::v1::write_core: write_blocks_to_height: syncing, current: 812602, target: 4381896, zebra_network: Testnet
1791660620.454973 runnervmmprz5 zainod-0.10.1[2778]:     at packages/zaino-chain-store-zainodb/src/store/finalised_source/v1/write_core.rs:184
1791660622.842232 runnervmmprz5 zainod-0.10.1[2778]:   19:30:22.842  INFO zaino_serve::rpc::grpc::service: [TEST] received call, method: "get_lightd_info"
1791660622.842232 runnervmmprz5 zainod-0.10.1[2778]:     at packages/zaino-serve/src/rpc/grpc/service.rs:161
1791660622.846471 runnervmmprz5 zainod-0.10.1[2778]:   19:30:22.846  INFO zaino_serve::rpc::grpc::service: [TEST] received call, method: "get_block"
1791660622.846471 runnervmmprz5 zainod-0.10.1[2778]:     at packages/zaino-serve/src/rpc/grpc/service.rs:161
1791660622.847284 runnervmmprz5 zainod-0.10.1[2778]:   19:30:22.847  INFO zaino_serve::rpc::grpc::service: [TEST] received call, method: "get_block"
1791660622.847284 runnervmmprz5 zainod-0.10.1[2778]:     at packages/zaino-serve/src/rpc/grpc/service.rs:161
1791660623.201508 runnervmmprz5 zainod-0.10.1[2778]:   19:30:23.201  INFO zainodlib::indexer: Zaino status check, chain_state: Ready, fs_mode: ephemeral(syncing), json_rpc: Ready, grpc: Ready
1791660623.201508 runnervmmprz5 zainod-0.10.1[2778]:     at packages/zainod/src/indexer.rs:333
1791660627.841136 runnervmmprz5 zainod-0.10.1[2778]:   19:30:27.841  INFO zaino_serve::rpc::grpc::service: [TEST] received call, method: "get_lightd_info"
1791660627.841136 runnervmmprz5 zainod-0.10.1[2778]:     at packages/zaino-serve/src/rpc/grpc/service.rs:161
1791660627.844016 runnervmmprz5 zainod-0.10.1[2778]:   19:30:27.843  INFO zaino_serve::rpc::grpc::service: [TEST] received call, method: "get_block"
1791660627.844016 runnervmmprz5 zainod-0.10.1[2778]:     at packages/zaino-serve/src/rpc/grpc/service.rs:161
1791660627.844560 runnervmmprz5 zainod-0.10.1[2778]:   19:30:27.844  INFO zaino_serve::rpc::grpc::service: [TEST] received call, method: "get_block"
1791660627.844560 runnervmmprz5 zainod-0.10.1[2778]:     at packages/zaino-serve/src/rpc/grpc/service.rs:161
1791660630.455072 runnervmmprz5 zainod-0.10.1[2778]:   19:30:30.455  INFO zaino_chain_store_zainodb::store::finalised_source::v1::write_core: write_blocks_to_height: syncing, current: 848680, target: 4381896, zebra_network: Testnet
1791660630.455072 runnervmmprz5 zainod-0.10.1[2778]:     at packages/zaino-chain-store-zainodb/src/store/finalised_source/v1/write_core.rs:184
1791660632.839781 runnervmmprz5 zainod-0.10.1[2778]:   19:30:32.839  INFO zaino_serve::rpc::grpc::service: [TEST] received call, method: "get_lightd_info"
1791660632.839781 runnervmmprz5 zainod-0.10.1[2778]:     at packages/zaino-serve/src/rpc/grpc/service.rs:161
1791660632.842719 runnervmmprz5 zainod-0.10.1[2778]:   19:30:32.842  INFO zaino_serve::rpc::grpc::service: [TEST] received call, method: "get_block"
1791660632.842719 runnervmmprz5 zainod-0.10.1[2778]:     at packages/zaino-serve/src/rpc/grpc/service.rs:161
1791660632.843252 runnervmmprz5 zainod-0.10.1[2778]:   19:30:32.843  INFO zaino_serve::rpc::grpc::service: [TEST] received call, method: "get_block"
1791660632.843252 runnervmmprz5 zainod-0.10.1[2778]:     at packages/zaino-serve/src/rpc/grpc/service.rs:161
1791660633.300908 runnervmmprz5 zainod-0.10.1[2778]:   19:30:33.300  INFO zainodlib::indexer: Zaino status check, chain_state: Ready, fs_mode: ephemeral(syncing), json_rpc: Ready, grpc: Ready
1791660633.300908 runnervmmprz5 zainod-0.10.1[2778]:     at packages/zainod/src/indexer.rs:333
1791660637.841328 runnervmmprz5 zainod-0.10.1[2778]:   19:30:37.841  INFO zaino_serve::rpc::grpc::service: [TEST] received call, method: "get_lightd_info"
1791660637.841328 runnervmmprz5 zainod-0.10.1[2778]:     at packages/zaino-serve/src/rpc/grpc/service.rs:161
1791660637.844437 runnervmmprz5 zainod-0.10.1[2778]:   19:30:37.844  INFO zaino_serve::rpc::grpc::service: [TEST] received call, method: "get_block"
1791660637.844437 runnervmmprz5 zainod-0.10.1[2778]:     at packages/zaino-serve/src/rpc/grpc/service.rs:161
1791660637.845047 runnervmmprz5 zainod-0.10.1[2778]:   19:30:37.845  INFO zaino_serve::rpc::grpc::service: [TEST] received call, method: "get_block"
1791660637.845047 runnervmmprz5 zainod-0.10.1[2778]:     at packages/zaino-serve/src/rpc/grpc/service.rs:161
1791660640.455420 runnervmmprz5 zainod-0.10.1[2778]:   19:30:40.455  INFO zaino_chain_store_zainodb::store::finalised_source::v1::write_core: write_blocks_to_height: syncing, current: 897328, target: 4381896, zebra_network: Testnet
1791660640.455420 runnervmmprz5 zainod-0.10.1[2778]:     at packages/zaino-chain-store-zainodb/src/store/finalised_source/v1/write_core.rs:184
1791660640.830715 runnervmmprz5 zainod-0.10.1[2778]:   19:30:40.830  INFO zaino_chain_store_zainodb::store::finalised_source::v1::write_core: write_blocks_to_height: committed batch, height: 799999, blocks: 100000
1791660640.830715 runnervmmprz5 zainod-0.10.1[2778]:     at packages/zaino-chain-store-zainodb/src/store/finalised_source/v1/write_core.rs:636
1791660642.845560 runnervmmprz5 zainod-0.10.1[2778]:   19:30:42.845  INFO zaino_serve::rpc::grpc::service: [TEST] received call, method: "get_lightd_info"
1791660642.845560 runnervmmprz5 zainod-0.10.1[2778]:     at packages/zaino-serve/src/rpc/grpc/service.rs:161
1791660642.849480 runnervmmprz5 zainod-0.10.1[2778]:   19:30:42.849  INFO zaino_serve::rpc::grpc::service: [TEST] received call, method: "get_block"
1791660642.849480 runnervmmprz5 zainod-0.10.1[2778]:     at packages/zaino-serve/src/rpc/grpc/service.rs:161
1791660642.850153 runnervmmprz5 zainod-0.10.1[2778]:   19:30:42.850  INFO zaino_serve::rpc::grpc::service: [TEST] received call, method: "get_block"
1791660642.850153 runnervmmprz5 zainod-0.10.1[2778]:     at packages/zaino-serve/src/rpc/grpc/service.rs:161
1791660643.400948 runnervmmprz5 zainod-0.10.1[2778]:   19:30:43.400  INFO zainodlib::indexer: Zaino status check, chain_state: Ready, fs_mode: ephemeral(syncing), json_rpc: Ready, grpc: Ready
1791660643.400948 runnervmmprz5 zainod-0.10.1[2778]:     at packages/zainod/src/indexer.rs:333
1791660647.847680 runnervmmprz5 zainod-0.10.1[2778]:   19:30:47.847  INFO zaino_serve::rpc::grpc::service: [TEST] received call, method: "get_lightd_info"
1791660647.847680 runnervmmprz5 zainod-0.10.1[2778]:     at packages/zaino-serve/src/rpc/grpc/service.rs:161
1791660647.851379 runnervmmprz5 zainod-0.10.1[2778]:   19:30:47.851  INFO zaino_serve::rpc::grpc::service: [TEST] received call, method: "get_block"
1791660647.851379 runnervmmprz5 zainod-0.10.1[2778]:     at packages/zaino-serve/src/rpc/grpc/service.rs:161
1791660647.852198 runnervmmprz5 zainod-0.10.1[2778]:   19:30:47.852  INFO zaino_serve::rpc::grpc::service: [TEST] received call, method: "get_block"
1791660647.852198 runnervmmprz5 zainod-0.10.1[2778]:     at packages/zaino-serve/src/rpc/grpc/service.rs:161
1791660650.455481 runnervmmprz5 zainod-0.10.1[2778]:   19:30:50.455  INFO zaino_chain_store_zainodb::store::finalised_source::v1::write_core: write_blocks_to_height: syncing, current: 930986, target: 4381896, zebra_network: Testnet
1791660650.455481 runnervmmprz5 zainod-0.10.1[2778]:     at packages/zaino-chain-store-zainodb/src/store/finalised_source/v1/write_core.rs:184
1791660652.841481 runnervmmprz5 zainod-0.10.1[2778]:   19:30:52.841  INFO zaino_serve::rpc::grpc::service: [TEST] received call, method: "get_lightd_info"
1791660652.841481 runnervmmprz5 zainod-0.10.1[2778]:     at packages/zaino-serve/src/rpc/grpc/service.rs:161
1791660652.844492 runnervmmprz5 zainod-0.10.1[2778]:   19:30:52.844  INFO zaino_serve::rpc::grpc::service: [TEST] received call, method: "get_block"
1791660652.844492 runnervmmprz5 zainod-0.10.1[2778]:     at packages/zaino-serve/src/rpc/grpc/service.rs:161
1791660652.845052 runnervmmprz5 zainod-0.10.1[2778]:   19:30:52.845  INFO zaino_serve::rpc::grpc::service: [TEST] received call, method: "get_block"
1791660652.845052 runnervmmprz5 zainod-0.10.1[2778]:     at packages/zaino-serve/src/rpc/grpc/service.rs:161
1791660653.401535 runnervmmprz5 zainod-0.10.1[2778]:   19:30:53.401  INFO zainodlib::indexer: Zaino status check, chain_state: Ready, fs_mode: ephemeral(syncing), json_rpc: Ready, grpc: Ready
1791660653.401535 runnervmmprz5 zainod-0.10.1[2778]:     at packages/zainod/src/indexer.rs:333
1791660657.847046 runnervmmprz5 zainod-0.10.1[2778]:   19:30:57.847  INFO zaino_serve::rpc::grpc::service: [TEST] received call, method: "get_lightd_info"
1791660657.847046 runnervmmprz5 zainod-0.10.1[2778]:     at packages/zaino-serve/src/rpc/grpc/service.rs:161
1791660657.850580 runnervmmprz5 zainod-0.10.1[2778]:   19:30:57.850  INFO zaino_serve::rpc::grpc::service: [TEST] received call, method: "get_block"
1791660657.850580 runnervmmprz5 zainod-0.10.1[2778]:     at packages/zaino-serve/src/rpc/grpc/service.rs:161
1791660657.851283 runnervmmprz5 zainod-0.10.1[2778]:   19:30:57.851  INFO zaino_serve::rpc::grpc::service: [TEST] received call, method: "get_block"
1791660657.851283 runnervmmprz5 zainod-0.10.1[2778]:     at packages/zaino-serve/src/rpc/grpc/service.rs:161
1791660660.455717 runnervmmprz5 zainod-0.10.1[2778]:   19:31:00.455  INFO zaino_chain_store_zainodb::store::finalised_source::v1::write_core: write_blocks_to_height: syncing, current: 982994, target: 4381896, zebra_network: Testnet
1791660660.455717 runnervmmprz5 zainod-0.10.1[2778]:     at packages/zaino-chain-store-zainodb/src/store/finalised_source/v1/write_core.rs:184
1791660662.842538 runnervmmprz5 zainod-0.10.1[2778]:   19:31:02.842  INFO zaino_serve::rpc::grpc::service: [TEST] received call, method: "get_lightd_info"
1791660662.842538 runnervmmprz5 zainod-0.10.1[2778]:     at packages/zaino-serve/src/rpc/grpc/service.rs:161
1791660662.845468 runnervmmprz5 zainod-0.10.1[2778]:   19:31:02.845  INFO zaino_serve::rpc::grpc::service: [TEST] received call, method: "get_block"
1791660662.845468 runnervmmprz5 zainod-0.10.1[2778]:     at packages/zaino-serve/src/rpc/grpc/service.rs:161
1791660662.845970 runnervmmprz5 zainod-0.10.1[2778]:   19:31:02.845  INFO zaino_serve::rpc::grpc::service: [TEST] received call, method: "get_block"
1791660662.845970 runnervmmprz5 zainod-0.10.1[2778]:     at packages/zaino-serve/src/rpc/grpc/service.rs:161
1791660663.500693 runnervmmprz5 zainod-0.10.1[2778]:   19:31:03.500  INFO zainodlib::indexer: Zaino status check, chain_state: Ready, fs_mode: ephemeral(syncing), json_rpc: Ready, grpc: Ready
1791660663.500693 runnervmmprz5 zainod-0.10.1[2778]:     at packages/zainod/src/indexer.rs:333
1791660663.914879 runnervmmprz5 zainod-0.10.1[2778]:   19:31:03.914  INFO zaino_chain_store_zainodb::store::finalised_source::v1::write_core: write_blocks_to_height: committed batch, height: 899999, blocks: 100000
1791660663.914879 runnervmmprz5 zainod-0.10.1[2778]:     at packages/zaino-chain-store-zainodb/src/store/finalised_source/v1/write_core.rs:636
1791660667.844160 runnervmmprz5 zainod-0.10.1[2778]:   19:31:07.844  INFO zaino_serve::rpc::grpc::service: [TEST] received call, method: "get_lightd_info"
1791660667.844160 runnervmmprz5 zainod-0.10.1[2778]:     at packages/zaino-serve/src/rpc/grpc/service.rs:161
1791660667.847299 runnervmmprz5 zainod-0.10.1[2778]:   19:31:07.847  INFO zaino_serve::rpc::grpc::service: [TEST] received call, method: "get_block"
1791660667.847299 runnervmmprz5 zainod-0.10.1[2778]:     at packages/zaino-serve/src/rpc/grpc/service.rs:161
1791660667.847855 runnervmmprz5 zainod-0.10.1[2778]:   19:31:07.847  INFO zaino_serve::rpc::grpc::service: [TEST] received call, method: "get_block"
1791660667.847855 runnervmmprz5 zainod-0.10.1[2778]:     at packages/zaino-serve/src/rpc/grpc/service.rs:161
1791660670.472292 runnervmmprz5 zainod-0.10.1[2778]:   19:31:10.472  INFO zaino_chain_store_zainodb::store::finalised_source::v1::write_core: write_blocks_to_height: syncing, current: 1006641, target: 4381896, zebra_network: Testnet
1791660670.472292 runnervmmprz5 zainod-0.10.1[2778]:     at packages/zaino-chain-store-zainodb/src/store/finalised_source/v1/write_core.rs:184
1791660672.846780 runnervmmprz5 zainod-0.10.1[2778]:   19:31:12.846  INFO zaino_serve::rpc::grpc::service: [TEST] received call, method: "get_lightd_info"
1791660672.846780 runnervmmprz5 zainod-0.10.1[2778]:     at packages/zaino-serve/src/rpc/grpc/service.rs:161
1791660672.851098 runnervmmprz5 zainod-0.10.1[2778]:   19:31:12.851  INFO zaino_serve::rpc::grpc::service: [TEST] received call, method: "get_block"
1791660672.851098 runnervmmprz5 zainod-0.10.1[2778]:     at packages/zaino-serve/src/rpc/grpc/service.rs:161
1791660672.851825 runnervmmprz5 zainod-0.10.1[2778]:   19:31:12.851  INFO zaino_serve::rpc::grpc::service: [TEST] received call, method: "get_block"
1791660672.851825 runnervmmprz5 zainod-0.10.1[2778]:     at packages/zaino-serve/src/rpc/grpc/service.rs:161
1791660673.501436 runnervmmprz5 zainod-0.10.1[2778]:   19:31:13.501  INFO zainodlib::indexer: Zaino status check, chain_state: Ready, fs_mode: ephemeral(syncing), json_rpc: Ready, grpc: Ready
1791660673.501436 runnervmmprz5 zainod-0.10.1[2778]:     at packages/zainod/src/indexer.rs:333
1791660677.845348 runnervmmprz5 zainod-0.10.1[2778]:   19:31:17.845  INFO zaino_serve::rpc::grpc::service: [TEST] received call, method: "get_lightd_info"
1791660677.845348 runnervmmprz5 zainod-0.10.1[2778]:     at packages/zaino-serve/src/rpc/grpc/service.rs:161
1791660677.848393 runnervmmprz5 zainod-0.10.1[2778]:   19:31:17.848  INFO zaino_serve::rpc::grpc::service: [TEST] received call, method: "get_block"
1791660677.848393 runnervmmprz5 zainod-0.10.1[2778]:     at packages/zaino-serve/src/rpc/grpc/service.rs:161
1791660677.848935 runnervmmprz5 zainod-0.10.1[2778]:   19:31:17.848  INFO zaino_serve::rpc::grpc::service: [TEST] received call, method: "get_block"
1791660677.848935 runnervmmprz5 zainod-0.10.1[2778]:     at packages/zaino-serve/src/rpc/grpc/service.rs:161
1791660680.472531 runnervmmprz5 zainod-0.10.1[2778]:   19:31:20.472  INFO zaino_chain_store_zainodb::store::finalised_source::v1::write_core: write_blocks_to_height: syncing, current: 1057386, target: 4381896, zebra_network: Testnet
1791660680.472531 runnervmmprz5 zainod-0.10.1[2778]:     at packages/zaino-chain-store-zainodb/src/store/finalised_source/v1/write_core.rs:184
1791660682.848332 runnervmmprz5 zainod-0.10.1[2778]:   19:31:22.848  INFO zaino_serve::rpc::grpc::service: [TEST] received call, method: "get_lightd_info"
1791660682.848332 runnervmmprz5 zainod-0.10.1[2778]:     at packages/zaino-serve/src/rpc/grpc/service.rs:161
1791660682.852144 runnervmmprz5 zainod-0.10.1[2778]:   19:31:22.852  INFO zaino_serve::rpc::grpc::service: [TEST] received call, method: "get_block"
1791660682.852144 runnervmmprz5 zainod-0.10.1[2778]:     at packages/zaino-serve/src/rpc/grpc/service.rs:161
1791660682.852764 runnervmmprz5 zainod-0.10.1[2778]:   19:31:22.852  INFO zaino_serve::rpc::grpc::service: [TEST] received call, method: "get_block"
1791660682.852764 runnervmmprz5 zainod-0.10.1[2778]:     at packages/zaino-serve/src/rpc/grpc/service.rs:161
1791660683.601609 runnervmmprz5 zainod-0.10.1[2778]:   19:31:23.601  INFO zainodlib::indexer: Zaino status check, chain_state: Ready, fs_mode: ephemeral(syncing), json_rpc: Ready, grpc: Ready
1791660683.601609 runnervmmprz5 zainod-0.10.1[2778]:     at packages/zainod/src/indexer.rs:333
1791660687.846149 runnervmmprz5 zainod-0.10.1[2778]:   19:31:27.846  INFO zaino_serve::rpc::grpc::service: [TEST] received call, method: "get_lightd_info"
1791660687.846149 runnervmmprz5 zainod-0.10.1[2778]:     at packages/zaino-serve/src/rpc/grpc/service.rs:161
1791660687.849907 runnervmmprz5 zainod-0.10.1[2778]:   19:31:27.849  INFO zaino_serve::rpc::grpc::service: [TEST] received call, method: "get_block"
1791660687.849907 runnervmmprz5 zainod-0.10.1[2778]:     at packages/zaino-serve/src/rpc/grpc/service.rs:161
1791660687.850654 runnervmmprz5 zainod-0.10.1[2778]:   19:31:27.850  INFO zaino_serve::rpc::grpc::service: [TEST] received call, method: "get_block"
1791660687.850654 runnervmmprz5 zainod-0.10.1[2778]:     at packages/zaino-serve/src/rpc/grpc/service.rs:161
1791660688.772325 runnervmmprz5 zainod-0.10.1[2778]:   19:31:28.772  INFO zaino_chain_store_zainodb::store::finalised_source::v1::write_core: write_blocks_to_height: committed batch, height: 999999, blocks: 100000
1791660688.772325 runnervmmprz5 zainod-0.10.1[2778]:     at packages/zaino-chain-store-zainodb/src/store/finalised_source/v1/write_core.rs:636
1791660690.472792 runnervmmprz5 zainod-0.10.1[2778]:   19:31:30.472  INFO zaino_chain_store_zainodb::store::finalised_source::v1::write_core: write_blocks_to_height: syncing, current: 1110067, target: 4381896, zebra_network: Testnet
1791660690.472792 runnervmmprz5 zainod-0.10.1[2778]:     at packages/zaino-chain-store-zainodb/src/store/finalised_source/v1/write_core.rs:184
1791660693.080229 runnervmmprz5 zainod-0.10.1[2778]:   19:31:33.080  INFO zaino_serve::rpc::grpc::service: [TEST] received call, method: "get_lightd_info"
1791660693.080229 runnervmmprz5 zainod-0.10.1[2778]:     at packages/zaino-serve/src/rpc/grpc/service.rs:161
1791660693.083590 runnervmmprz5 zainod-0.10.1[2778]:   19:31:33.083  INFO zaino_serve::rpc::grpc::service: [TEST] received call, method: "get_block"
1791660693.083590 runnervmmprz5 zainod-0.10.1[2778]:     at packages/zaino-serve/src/rpc/grpc/service.rs:161
1791660693.084175 runnervmmprz5 zainod-0.10.1[2778]:   19:31:33.084  INFO zaino_serve::rpc::grpc::service: [TEST] received call, method: "get_block"
1791660693.084175 runnervmmprz5 zainod-0.10.1[2778]:     at packages/zaino-serve/src/rpc/grpc/service.rs:161
1791660693.701315 runnervmmprz5 zainod-0.10.1[2778]:   19:31:33.701  INFO zainodlib::indexer: Zaino status check, chain_state: Ready, fs_mode: ephemeral(syncing), json_rpc: Ready, grpc: Ready
1791660693.701315 runnervmmprz5 zainod-0.10.1[2778]:     at packages/zainod/src/indexer.rs:333
1791660697.849982 runnervmmprz5 zainod-0.10.1[2778]:   19:31:37.849  INFO zaino_serve::rpc::grpc::service: [TEST] received call, method: "get_lightd_info"
1791660697.849982 runnervmmprz5 zainod-0.10.1[2778]:     at packages/zaino-serve/src/rpc/grpc/service.rs:161
1791660697.853939 runnervmmprz5 zainod-0.10.1[2778]:   19:31:37.853  INFO zaino_serve::rpc::grpc::service: [TEST] received call, method: "get_block"
1791660697.853939 runnervmmprz5 zainod-0.10.1[2778]:     at packages/zaino-serve/src/rpc/grpc/service.rs:161
1791660697.854652 runnervmmprz5 zainod-0.10.1[2778]:   19:31:37.854  INFO zaino_serve::rpc::grpc::service: [TEST] received call, method: "get_block"
1791660697.854652 runnervmmprz5 zainod-0.10.1[2778]:     at packages/zaino-serve/src/rpc/grpc/service.rs:161
1791660700.472947 runnervmmprz5 zainod-0.10.1[2778]:   19:31:40.472  INFO zaino_chain_store_zainodb::store::finalised_source::v1::write_core: write_blocks_to_height: syncing, current: 1146517, target: 4381896, zebra_network: Testnet
1791660700.472947 runnervmmprz5 zainod-0.10.1[2778]:     at packages/zaino-chain-store-zainodb/src/store/finalised_source/v1/write_core.rs:184
1791660702.848704 runnervmmprz5 zainod-0.10.1[2778]:   19:31:42.848  INFO zaino_serve::rpc::grpc::service: [TEST] received call, method: "get_lightd_info"
1791660702.848704 runnervmmprz5 zainod-0.10.1[2778]:     at packages/zaino-serve/src/rpc/grpc/service.rs:161
1791660702.851529 runnervmmprz5 zainod-0.10.1[2778]:   19:31:42.851  INFO zaino_serve::rpc::grpc::service: [TEST] received call, method: "get_block"
1791660702.851529 runnervmmprz5 zainod-0.10.1[2778]:     at packages/zaino-serve/src/rpc/grpc/service.rs:161
1791660702.852053 runnervmmprz5 zainod-0.10.1[2778]:   19:31:42.852  INFO zaino_serve::rpc::grpc::service: [TEST] received call, method: "get_block"
1791660702.852053 runnervmmprz5 zainod-0.10.1[2778]:     at packages/zaino-serve/src/rpc/grpc/service.rs:161
1791660703.701368 runnervmmprz5 zainod-0.10.1[2778]:   19:31:43.701  INFO zainodlib::indexer: Zaino status check, chain_state: Ready, fs_mode: ephemeral(syncing), json_rpc: Ready, grpc: Ready
1791660703.701368 runnervmmprz5 zainod-0.10.1[2778]:     at packages/zainod/src/indexer.rs:333
1791660707.850511 runnervmmprz5 zainod-0.10.1[2778]:   19:31:47.850  INFO zaino_serve::rpc::grpc::service: [TEST] received call, method: "get_lightd_info"
1791660707.850511 runnervmmprz5 zainod-0.10.1[2778]:     at packages/zaino-serve/src/rpc/grpc/service.rs:161
1791660707.854086 runnervmmprz5 zainod-0.10.1[2778]:   19:31:47.854  INFO zaino_serve::rpc::grpc::service: [TEST] received call, method: "get_block"
1791660707.854086 runnervmmprz5 zainod-0.10.1[2778]:     at packages/zaino-serve/src/rpc/grpc/service.rs:161
1791660707.854657 runnervmmprz5 zainod-0.10.1[2778]:   19:31:47.854  INFO zaino_serve::rpc::grpc::service: [TEST] received call, method: "get_block"
1791660707.854657 runnervmmprz5 zainod-0.10.1[2778]:     at packages/zaino-serve/src/rpc/grpc/service.rs:161
1791660709.037247 runnervmmprz5 zainod-0.10.1[2778]:   19:31:49.037  INFO zaino_chain_store_zainodb::store::finalised_source::v1::write_core: write_blocks_to_height: committed batch, height: 1099999, blocks: 100000
1791660709.037247 runnervmmprz5 zainod-0.10.1[2778]:     at packages/zaino-chain-store-zainodb/src/store/finalised_source/v1/write_core.rs:636
1791660710.473076 runnervmmprz5 zainod-0.10.1[2778]:   19:31:50.473  INFO zaino_chain_store_zainodb::store::finalised_source::v1::write_core: write_blocks_to_height: syncing, current: 1207325, target: 4381896, zebra_network: Testnet
1791660710.473076 runnervmmprz5 zainod-0.10.1[2778]:     at packages/zaino-chain-store-zainodb/src/store/finalised_source/v1/write_core.rs:184
1791660712.847772 runnervmmprz5 zainod-0.10.1[2778]:   19:31:52.847  INFO zaino_serve::rpc::grpc::service: [TEST] received call, method: "get_lightd_info"
1791660712.847772 runnervmmprz5 zainod-0.10.1[2778]:     at packages/zaino-serve/src/rpc/grpc/service.rs:161
1791660712.851238 runnervmmprz5 zainod-0.10.1[2778]:   19:31:52.851  INFO zaino_serve::rpc::grpc::service: [TEST] received call, method: "get_block"
1791660712.851238 runnervmmprz5 zainod-0.10.1[2778]:     at packages/zaino-serve/src/rpc/grpc/service.rs:161
1791660712.851819 runnervmmprz5 zainod-0.10.1[2778]:   19:31:52.851  INFO zaino_serve::rpc::grpc::service: [TEST] received call, method: "get_block"
1791660712.851819 runnervmmprz5 zainod-0.10.1[2778]:     at packages/zaino-serve/src/rpc/grpc/service.rs:161
1791660713.801241 runnervmmprz5 zainod-0.10.1[2778]:   19:31:53.801  INFO zainodlib::indexer: Zaino status check, chain_state: Ready, fs_mode: ephemeral(syncing), json_rpc: Ready, grpc: Ready
1791660713.801241 runnervmmprz5 zainod-0.10.1[2778]:     at packages/zainod/src/indexer.rs:333
1791660717.851467 runnervmmprz5 zainod-0.10.1[2778]:   19:31:57.851  INFO zaino_serve::rpc::grpc::service: [TEST] received call, method: "get_lightd_info"
1791660717.851467 runnervmmprz5 zainod-0.10.1[2778]:     at packages/zaino-serve/src/rpc/grpc/service.rs:161
1791660717.855072 runnervmmprz5 zainod-0.10.1[2778]:   19:31:57.855  INFO zaino_serve::rpc::grpc::service: [TEST] received call, method: "get_block"
1791660717.855072 runnervmmprz5 zainod-0.10.1[2778]:     at packages/zaino-serve/src/rpc/grpc/service.rs:161
1791660717.855796 runnervmmprz5 zainod-0.10.1[2778]:   19:31:57.855  INFO zaino_serve::rpc::grpc::service: [TEST] received call, method: "get_block"
1791660717.855796 runnervmmprz5 zainod-0.10.1[2778]:     at packages/zaino-serve/src/rpc/grpc/service.rs:161
1791660720.473211 runnervmmprz5 zainod-0.10.1[2778]:   19:32:00.473  INFO zaino_chain_store_zainodb::store::finalised_source::v1::write_core: write_blocks_to_height: syncing, current: 1244597, target: 4381896, zebra_network: Testnet
1791660720.473211 runnervmmprz5 zainod-0.10.1[2778]:     at packages/zaino-chain-store-zainodb/src/store/finalised_source/v1/write_core.rs:184
1791660722.847860 runnervmmprz5 zainod-0.10.1[2778]:   19:32:02.847  INFO zaino_serve::rpc::grpc::service: [TEST] received call, method: "get_lightd_info"
1791660722.847860 runnervmmprz5 zainod-0.10.1[2778]:     at packages/zaino-serve/src/rpc/grpc/service.rs:161
1791660722.851095 runnervmmprz5 zainod-0.10.1[2778]:   19:32:02.851  INFO zaino_serve::rpc::grpc::service: [TEST] received call, method: "get_block"
1791660722.851095 runnervmmprz5 zainod-0.10.1[2778]:     at packages/zaino-serve/src/rpc/grpc/service.rs:161
1791660722.851697 runnervmmprz5 zainod-0.10.1[2778]:   19:32:02.851  INFO zaino_serve::rpc::grpc::service: [TEST] received call, method: "get_block"
1791660722.851697 runnervmmprz5 zainod-0.10.1[2778]:     at packages/zaino-serve/src/rpc/grpc/service.rs:161
1791660723.801555 runnervmmprz5 zainod-0.10.1[2778]:   19:32:03.801  INFO zainodlib::indexer: Zaino status check, chain_state: Ready, fs_mode: ephemeral(syncing), json_rpc: Ready, grpc: Ready
1791660723.801555 runnervmmprz5 zainod-0.10.1[2778]:     at packages/zainod/src/indexer.rs:333
1791660727.854210 runnervmmprz5 zainod-0.10.1[2778]:   19:32:07.854  INFO zaino_serve::rpc::grpc::service: [TEST] received call, method: "get_lightd_info"
1791660727.854210 runnervmmprz5 zainod-0.10.1[2778]:     at packages/zaino-serve/src/rpc/grpc/service.rs:161
1791660727.858068 runnervmmprz5 zainod-0.10.1[2778]:   19:32:07.858  INFO zaino_serve::rpc::grpc::service: [TEST] received call, method: "get_block"
1791660727.858068 runnervmmprz5 zainod-0.10.1[2778]:     at packages/zaino-serve/src/rpc/grpc/service.rs:161
1791660727.858636 runnervmmprz5 zainod-0.10.1[2778]:   19:32:07.858  INFO zaino_serve::rpc::grpc::service: [TEST] received call, method: "get_block"
1791660727.858636 runnervmmprz5 zainod-0.10.1[2778]:     at packages/zaino-serve/src/rpc/grpc/service.rs:161
1791660730.474555 runnervmmprz5 zainod-0.10.1[2778]:   19:32:10.474  INFO zaino_chain_store_zainodb::store::finalised_source::v1::write_core: write_blocks_to_height: syncing, current: 1298465, target: 4381896, zebra_network: Testnet
1791660730.474555 runnervmmprz5 zainod-0.10.1[2778]:     at packages/zaino-chain-store-zainodb/src/store/finalised_source/v1/write_core.rs:184
1791660730.676331 runnervmmprz5 zainod-0.10.1[2778]:   19:32:10.676  INFO zaino_chain_store_zainodb::store::finalised_source::v1::write_core: write_blocks_to_height: committed batch, height: 1199999, blocks: 100000
1791660730.676331 runnervmmprz5 zainod-0.10.1[2778]:     at packages/zaino-chain-store-zainodb/src/store/finalised_source/v1/write_core.rs:636
1791660732.850417 runnervmmprz5 zainod-0.10.1[2778]:   19:32:12.850  INFO zaino_serve::rpc::grpc::service: [TEST] received call, method: "get_lightd_info"
1791660732.850417 runnervmmprz5 zainod-0.10.1[2778]:     at packages/zaino-serve/src/rpc/grpc/service.rs:161
1791660732.855379 runnervmmprz5 zainod-0.10.1[2778]:   19:32:12.855  INFO zaino_serve::rpc::grpc::service: [TEST] received call, method: "get_block"
1791660732.855379 runnervmmprz5 zainod-0.10.1[2778]:     at packages/zaino-serve/src/rpc/grpc/service.rs:161
1791660732.862151 runnervmmprz5 zainod-0.10.1[2778]:   19:32:12.856  INFO zaino_serve::rpc::grpc::service: [TEST] received call, method: "get_block"
1791660732.862151 runnervmmprz5 zainod-0.10.1[2778]:     at packages/zaino-serve/src/rpc/grpc/service.rs:161
1791660733.801604 runnervmmprz5 zainod-0.10.1[2778]:   19:32:13.801  INFO zainodlib::indexer: Zaino status check, chain_state: Ready, fs_mode: ephemeral(syncing), json_rpc: Ready, grpc: Ready
1791660733.801604 runnervmmprz5 zainod-0.10.1[2778]:     at packages/zainod/src/indexer.rs:333
1791660738.360085 runnervmmprz5 zainod-0.10.1[2778]:   19:32:18.359  INFO zaino_serve::rpc::grpc::service: [TEST] received call, method: "get_lightd_info"
1791660738.360085 runnervmmprz5 zainod-0.10.1[2778]:     at packages/zaino-serve/src/rpc/grpc/service.rs:161
1791660738.364179 runnervmmprz5 zainod-0.10.1[2778]:   19:32:18.364  INFO zaino_serve::rpc::grpc::service: [TEST] received call, method: "get_block"
1791660738.364179 runnervmmprz5 zainod-0.10.1[2778]:     at packages/zaino-serve/src/rpc/grpc/service.rs:161
1791660738.364862 runnervmmprz5 zainod-0.10.1[2778]:   19:32:18.364  INFO zaino_serve::rpc::grpc::service: [TEST] received call, method: "get_block"
1791660738.364862 runnervmmprz5 zainod-0.10.1[2778]:     at packages/zaino-serve/src/rpc/grpc/service.rs:161
1791660740.475151 runnervmmprz5 zainod-0.10.1[2778]:   19:32:20.475  INFO zaino_chain_store_zainodb::store::finalised_source::v1::write_core: write_blocks_to_height: syncing, current: 1331805, target: 4381896, zebra_network: Testnet
1791660740.475151 runnervmmprz5 zainod-0.10.1[2778]:     at packages/zaino-chain-store-zainodb/src/store/finalised_source/v1/write_core.rs:184
1791660742.849883 runnervmmprz5 zainod-0.10.1[2778]:   19:32:22.849  INFO zaino_serve::rpc::grpc::service: [TEST] received call, method: "get_lightd_info"
1791660742.849883 runnervmmprz5 zainod-0.10.1[2778]:     at packages/zaino-serve/src/rpc/grpc/service.rs:161
1791660742.853567 runnervmmprz5 zainod-0.10.1[2778]:   19:32:22.853  INFO zaino_serve::rpc::grpc::service: [TEST] received call, method: "get_block"
1791660742.853567 runnervmmprz5 zainod-0.10.1[2778]:     at packages/zaino-serve/src/rpc/grpc/service.rs:161
1791660742.854327 runnervmmprz5 zainod-0.10.1[2778]:   19:32:22.854  INFO zaino_serve::rpc::grpc::service: [TEST] received call, method: "get_block"
1791660742.854327 runnervmmprz5 zainod-0.10.1[2778]:     at packages/zaino-serve/src/rpc/grpc/service.rs:161
1791660743.901539 runnervmmprz5 zainod-0.10.1[2778]:   19:32:23.901  INFO zainodlib::indexer: Zaino status check, chain_state: Ready, fs_mode: ephemeral(syncing), json_rpc: Ready, grpc: Ready
1791660743.901539 runnervmmprz5 zainod-0.10.1[2778]:     at packages/zainod/src/indexer.rs:333
1791660747.855462 runnervmmprz5 zainod-0.10.1[2778]:   19:32:27.855  INFO zaino_serve::rpc::grpc::service: [TEST] received call, method: "get_lightd_info"
1791660747.855462 runnervmmprz5 zainod-0.10.1[2778]:     at packages/zaino-serve/src/rpc/grpc/service.rs:161
1791660747.858797 runnervmmprz5 zainod-0.10.1[2778]:   19:32:27.858  INFO zaino_serve::rpc::grpc::service: [TEST] received call, method: "get_block"
1791660747.858797 runnervmmprz5 zainod-0.10.1[2778]:     at packages/zaino-serve/src/rpc/grpc/service.rs:161
1791660747.859553 runnervmmprz5 zainod-0.10.1[2778]:   19:32:27.859  INFO zaino_serve::rpc::grpc::service: [TEST] received call, method: "get_block"
1791660747.859553 runnervmmprz5 zainod-0.10.1[2778]:     at packages/zaino-serve/src/rpc/grpc/service.rs:161
1791660750.589816 runnervmmprz5 zainod-0.10.1[2778]:   19:32:30.589  INFO zaino_chain_store_zainodb::store::finalised_source::v1::write_core: write_blocks_to_height: syncing, current: 1384008, target: 4381896, zebra_network: Testnet
1791660750.589816 runnervmmprz5 zainod-0.10.1[2778]:     at packages/zaino-chain-store-zainodb/src/store/finalised_source/v1/write_core.rs:184
1791660752.854860 runnervmmprz5 zainod-0.10.1[2778]:   19:32:32.854  INFO zaino_serve::rpc::grpc::service: [TEST] received call, method: "get_lightd_info"
1791660752.854860 runnervmmprz5 zainod-0.10.1[2778]:     at packages/zaino-serve/src/rpc/grpc/service.rs:161
1791660752.858520 runnervmmprz5 zainod-0.10.1[2778]:   19:32:32.858  INFO zaino_serve::rpc::grpc::service: [TEST] received call, method: "get_block"
1791660752.858520 runnervmmprz5 zainod-0.10.1[2778]:     at packages/zaino-serve/src/rpc/grpc/service.rs:161
1791660752.859067 runnervmmprz5 zainod-0.10.1[2778]:   19:32:32.859  INFO zaino_serve::rpc::grpc::service: [TEST] received call, method: "get_block"
1791660752.859067 runnervmmprz5 zainod-0.10.1[2778]:     at packages/zaino-serve/src/rpc/grpc/service.rs:161
1791660753.866439 runnervmmprz5 zainod-0.10.1[2778]:   19:32:33.866  INFO zaino_chain_store_zainodb::store::finalised_source::v1::write_core: write_blocks_to_height: committed batch, height: 1299999, blocks: 100000
1791660753.866439 runnervmmprz5 zainod-0.10.1[2778]:     at packages/zaino-chain-store-zainodb/src/store/finalised_source/v1/write_core.rs:636
1791660754.001625 runnervmmprz5 zainod-0.10.1[2778]:   19:32:34.001  INFO zainodlib::indexer: Zaino status check, chain_state: Ready, fs_mode: ephemeral(syncing), json_rpc: Ready, grpc: Ready
1791660754.001625 runnervmmprz5 zainod-0.10.1[2778]:     at packages/zainod/src/indexer.rs:333
1791660757.852126 runnervmmprz5 zainod-0.10.1[2778]:   19:32:37.852  INFO zaino_serve::rpc::grpc::service: [TEST] received call, method: "get_lightd_info"
1791660757.852126 runnervmmprz5 zainod-0.10.1[2778]:     at packages/zaino-serve/src/rpc/grpc/service.rs:161
1791660757.855076 runnervmmprz5 zainod-0.10.1[2778]:   19:32:37.855  INFO zaino_serve::rpc::grpc::service: [TEST] received call, method: "get_block"
1791660757.855076 runnervmmprz5 zainod-0.10.1[2778]:     at packages/zaino-serve/src/rpc/grpc/service.rs:161
1791660757.855660 runnervmmprz5 zainod-0.10.1[2778]:   19:32:37.855  INFO zaino_serve::rpc::grpc::service: [TEST] received call, method: "get_block"
1791660757.855660 runnervmmprz5 zainod-0.10.1[2778]:     at packages/zaino-serve/src/rpc/grpc/service.rs:161
1791660760.624585 runnervmmprz5 zainod-0.10.1[2778]:   19:32:40.624  INFO zaino_chain_store_zainodb::store::finalised_source::v1::write_core: write_blocks_to_height: syncing, current: 1415677, target: 4381896, zebra_network: Testnet
1791660760.624585 runnervmmprz5 zainod-0.10.1[2778]:     at packages/zaino-chain-store-zainodb/src/store/finalised_source/v1/write_core.rs:184
1791660762.851319 runnervmmprz5 zainod-0.10.1[2778]:   19:32:42.851  INFO zaino_serve::rpc::grpc::service: [TEST] received call, method: "get_lightd_info"
1791660762.851319 runnervmmprz5 zainod-0.10.1[2778]:     at packages/zaino-serve/src/rpc/grpc/service.rs:161
1791660762.854332 runnervmmprz5 zainod-0.10.1[2778]:   19:32:42.854  INFO zaino_serve::rpc::grpc::service: [TEST] received call, method: "get_block"
1791660762.854332 runnervmmprz5 zainod-0.10.1[2778]:     at packages/zaino-serve/src/rpc/grpc/service.rs:161
1791660762.854904 runnervmmprz5 zainod-0.10.1[2778]:   19:32:42.854  INFO zaino_serve::rpc::grpc::service: [TEST] received call, method: "get_block"
1791660762.854904 runnervmmprz5 zainod-0.10.1[2778]:     at packages/zaino-serve/src/rpc/grpc/service.rs:161
1791660764.101583 runnervmmprz5 zainod-0.10.1[2778]:   19:32:44.101  INFO zainodlib::indexer: Zaino status check, chain_state: Ready, fs_mode: ephemeral(syncing), json_rpc: Ready, grpc: Ready
1791660764.101583 runnervmmprz5 zainod-0.10.1[2778]:     at packages/zainod/src/indexer.rs:333
1791660767.857954 runnervmmprz5 zainod-0.10.1[2778]:   19:32:47.857  INFO zaino_serve::rpc::grpc::service: [TEST] received call, method: "get_lightd_info"
1791660767.857954 runnervmmprz5 zainod-0.10.1[2778]:     at packages/zaino-serve/src/rpc/grpc/service.rs:161
1791660767.861702 runnervmmprz5 zainod-0.10.1[2778]:   19:32:47.861  INFO zaino_serve::rpc::grpc::service: [TEST] received call, method: "get_block"
1791660767.861702 runnervmmprz5 zainod-0.10.1[2778]:     at packages/zaino-serve/src/rpc/grpc/service.rs:161
1791660767.862357 runnervmmprz5 zainod-0.10.1[2778]:   19:32:47.862  INFO zaino_serve::rpc::grpc::service: [TEST] received call, method: "get_block"
1791660767.862357 runnervmmprz5 zainod-0.10.1[2778]:     at packages/zaino-serve/src/rpc/grpc/service.rs:161
1791660770.624928 runnervmmprz5 zainod-0.10.1[2778]:   19:32:50.624  INFO zaino_chain_store_zainodb::store::finalised_source::v1::write_core: write_blocks_to_height: syncing, current: 1457434, target: 4381896, zebra_network: Testnet
1791660770.624928 runnervmmprz5 zainod-0.10.1[2778]:     at packages/zaino-chain-store-zainodb/src/store/finalised_source/v1/write_core.rs:184
1791660772.852642 runnervmmprz5 zainod-0.10.1[2778]:   19:32:52.852  INFO zaino_serve::rpc::grpc::service: [TEST] received call, method: "get_lightd_info"
1791660772.852642 runnervmmprz5 zainod-0.10.1[2778]:     at packages/zaino-serve/src/rpc/grpc/service.rs:161
1791660772.855794 runnervmmprz5 zainod-0.10.1[2778]:   19:32:52.855  INFO zaino_serve::rpc::grpc::service: [TEST] received call, method: "get_block"
1791660772.855794 runnervmmprz5 zainod-0.10.1[2778]:     at packages/zaino-serve/src/rpc/grpc/service.rs:161
1791660772.856399 runnervmmprz5 zainod-0.10.1[2778]:   19:32:52.856  INFO zaino_serve::rpc::grpc::service: [TEST] received call, method: "get_block"
1791660772.856399 runnervmmprz5 zainod-0.10.1[2778]:     at packages/zaino-serve/src/rpc/grpc/service.rs:161
1791660774.200754 runnervmmprz5 zainod-0.10.1[2778]:   19:32:54.200  INFO zainodlib::indexer: Zaino status check, chain_state: Ready, fs_mode: ephemeral(syncing), json_rpc: Ready, grpc: Ready
1791660774.200754 runnervmmprz5 zainod-0.10.1[2778]:     at packages/zainod/src/indexer.rs:333
1791660777.858028 runnervmmprz5 zainod-0.10.1[2778]:   19:32:57.857  INFO zaino_serve::rpc::grpc::service: [TEST] received call, method: "get_lightd_info"
1791660777.858028 runnervmmprz5 zainod-0.10.1[2778]:     at packages/zaino-serve/src/rpc/grpc/service.rs:161
1791660777.861981 runnervmmprz5 zainod-0.10.1[2778]:   19:32:57.861  INFO zaino_serve::rpc::grpc::service: [TEST] received call, method: "get_block"
1791660777.861981 runnervmmprz5 zainod-0.10.1[2778]:     at packages/zaino-serve/src/rpc/grpc/service.rs:161
1791660777.862529 runnervmmprz5 zainod-0.10.1[2778]:   19:32:57.862  INFO zaino_serve::rpc::grpc::service: [TEST] received call, method: "get_block"
1791660777.862529 runnervmmprz5 zainod-0.10.1[2778]:     at packages/zaino-serve/src/rpc/grpc/service.rs:161
1791660780.353657 runnervmmprz5 zainod-0.10.1[2778]:   19:33:00.353  INFO zaino_chain_store_zainodb::store::finalised_source::v1::write_core: write_blocks_to_height: committed batch, height: 1399999, blocks: 100000
1791660780.353657 runnervmmprz5 zainod-0.10.1[2778]:     at packages/zaino-chain-store-zainodb/src/store/finalised_source/v1/write_core.rs:636
1791660780.627858 runnervmmprz5 zainod-0.10.1[2778]:   19:33:00.627  INFO zaino_chain_store_zainodb::store::finalised_source::v1::write_core: write_blocks_to_height: syncing, current: 1501247, target: 4381896, zebra_network: Testnet
1791660780.627858 runnervmmprz5 zainod-0.10.1[2778]:     at packages/zaino-chain-store-zainodb/src/store/finalised_source/v1/write_core.rs:184
1791660782.853452 runnervmmprz5 zainod-0.10.1[2778]:   19:33:02.853  INFO zaino_serve::rpc::grpc::service: [TEST] received call, method: "get_lightd_info"
1791660782.853452 runnervmmprz5 zainod-0.10.1[2778]:     at packages/zaino-serve/src/rpc/grpc/service.rs:161
1791660782.856531 runnervmmprz5 zainod-0.10.1[2778]:   19:33:02.856  INFO zaino_serve::rpc::grpc::service: [TEST] received call, method: "get_block"
1791660782.856531 runnervmmprz5 zainod-0.10.1[2778]:     at packages/zaino-serve/src/rpc/grpc/service.rs:161
1791660782.857117 runnervmmprz5 zainod-0.10.1[2778]:   19:33:02.857  INFO zaino_serve::rpc::grpc::service: [TEST] received call, method: "get_block"
1791660782.857117 runnervmmprz5 zainod-0.10.1[2778]:     at packages/zaino-serve/src/rpc/grpc/service.rs:161
1791660784.301047 runnervmmprz5 zainod-0.10.1[2778]:   19:33:04.301  INFO zainodlib::indexer: Zaino status check, chain_state: Ready, fs_mode: ephemeral(syncing), json_rpc: Ready, grpc: Ready
1791660784.301047 runnervmmprz5 zainod-0.10.1[2778]:     at packages/zainod/src/indexer.rs:333
1791660787.858674 runnervmmprz5 zainod-0.10.1[2778]:   19:33:07.858  INFO zaino_serve::rpc::grpc::service: [TEST] received call, method: "get_lightd_info"
1791660787.858674 runnervmmprz5 zainod-0.10.1[2778]:     at packages/zaino-serve/src/rpc/grpc/service.rs:161
1791660787.862973 runnervmmprz5 zainod-0.10.1[2778]:   19:33:07.862  INFO zaino_serve::rpc::grpc::service: [TEST] received call, method: "get_block"
1791660787.862973 runnervmmprz5 zainod-0.10.1[2778]:     at packages/zaino-serve/src/rpc/grpc/service.rs:161
1791660787.863619 runnervmmprz5 zainod-0.10.1[2778]:   19:33:07.863  INFO zaino_serve::rpc::grpc::service: [TEST] received call, method: "get_block"
1791660787.863619 runnervmmprz5 zainod-0.10.1[2778]:     at packages/zaino-serve/src/rpc/grpc/service.rs:161
1791660790.679821 runnervmmprz5 zainod-0.10.1[2778]:   19:33:10.679  INFO zaino_chain_store_zainodb::store::finalised_source::v1::write_core: write_blocks_to_height: syncing, current: 1531109, target: 4381896, zebra_network: Testnet
1791660790.679821 runnervmmprz5 zainod-0.10.1[2778]:     at packages/zaino-chain-store-zainodb/src/store/finalised_source/v1/write_core.rs:184
1791660792.854970 runnervmmprz5 zainod-0.10.1[2778]:   19:33:12.854  INFO zaino_serve::rpc::grpc::service: [TEST] received call, method: "get_lightd_info"
1791660792.854970 runnervmmprz5 zainod-0.10.1[2778]:     at packages/zaino-serve/src/rpc/grpc/service.rs:161
1791660792.858092 runnervmmprz5 zainod-0.10.1[2778]:   19:33:12.858  INFO zaino_serve::rpc::grpc::service: [TEST] received call, method: "get_block"
1791660792.858092 runnervmmprz5 zainod-0.10.1[2778]:     at packages/zaino-serve/src/rpc/grpc/service.rs:161
1791660792.858698 runnervmmprz5 zainod-0.10.1[2778]:   19:33:12.858  INFO zaino_serve::rpc::grpc::service: [TEST] received call, method: "get_block"
1791660792.858698 runnervmmprz5 zainod-0.10.1[2778]:     at packages/zaino-serve/src/rpc/grpc/service.rs:161
1791660794.401169 runnervmmprz5 zainod-0.10.1[2778]:   19:33:14.401  INFO zainodlib::indexer: Zaino status check, chain_state: Ready, fs_mode: ephemeral(syncing), json_rpc: Ready, grpc: Ready
1791660794.401169 runnervmmprz5 zainod-0.10.1[2778]:     at packages/zainod/src/indexer.rs:333
1791660797.856183 runnervmmprz5 zainod-0.10.1[2778]:   19:33:17.856  INFO zaino_serve::rpc::grpc::service: [TEST] received call, method: "get_lightd_info"
1791660797.856183 runnervmmprz5 zainod-0.10.1[2778]:     at packages/zaino-serve/src/rpc/grpc/service.rs:161
1791660797.859397 runnervmmprz5 zainod-0.10.1[2778]:   19:33:17.859  INFO zaino_serve::rpc::grpc::service: [TEST] received call, method: "get_block"
1791660797.859397 runnervmmprz5 zainod-0.10.1[2778]:     at packages/zaino-serve/src/rpc/grpc/service.rs:161
1791660797.860006 runnervmmprz5 zainod-0.10.1[2778]:   19:33:17.859  INFO zaino_serve::rpc::grpc::service: [TEST] received call, method: "get_block"
1791660797.860006 runnervmmprz5 zainod-0.10.1[2778]:     at packages/zaino-serve/src/rpc/grpc/service.rs:161
1791660800.679887 runnervmmprz5 zainod-0.10.1[2778]:   19:33:20.679  INFO zaino_chain_store_zainodb::store::finalised_source::v1::write_core: write_blocks_to_height: syncing, current: 1570364, target: 4381896, zebra_network: Testnet
1791660800.679887 runnervmmprz5 zainod-0.10.1[2778]:     at packages/zaino-chain-store-zainodb/src/store/finalised_source/v1/write_core.rs:184
1791660802.858932 runnervmmprz5 zainod-0.10.1[2778]:   19:33:22.858  INFO zaino_serve::rpc::grpc::service: [TEST] received call, method: "get_lightd_info"
1791660802.858932 runnervmmprz5 zainod-0.10.1[2778]:     at packages/zaino-serve/src/rpc/grpc/service.rs:161
1791660802.862934 runnervmmprz5 zainod-0.10.1[2778]:   19:33:22.862  INFO zaino_serve::rpc::grpc::service: [TEST] received call, method: "get_block"
1791660802.862934 runnervmmprz5 zainod-0.10.1[2778]:     at packages/zaino-serve/src/rpc/grpc/service.rs:161
1791660802.863700 runnervmmprz5 zainod-0.10.1[2778]:   19:33:22.863  INFO zaino_serve::rpc::grpc::service: [TEST] received call, method: "get_block"
1791660802.863700 runnervmmprz5 zainod-0.10.1[2778]:     at packages/zaino-serve/src/rpc/grpc/service.rs:161
1791660804.501118 runnervmmprz5 zainod-0.10.1[2778]:   19:33:24.501  INFO zainodlib::indexer: Zaino status check, chain_state: Ready, fs_mode: ephemeral(syncing), json_rpc: Ready, grpc: Ready
1791660804.501118 runnervmmprz5 zainod-0.10.1[2778]:     at packages/zainod/src/indexer.rs:333
1791660807.862387 runnervmmprz5 zainod-0.10.1[2778]:   19:33:27.862  INFO zaino_serve::rpc::grpc::service: [TEST] received call, method: "get_lightd_info"
1791660807.862387 runnervmmprz5 zainod-0.10.1[2778]:     at packages/zaino-serve/src/rpc/grpc/service.rs:161
1791660807.867220 runnervmmprz5 zainod-0.10.1[2778]:   19:33:27.867  INFO zaino_serve::rpc::grpc::service: [TEST] received call, method: "get_block"
1791660807.867220 runnervmmprz5 zainod-0.10.1[2778]:     at packages/zaino-serve/src/rpc/grpc/service.rs:161
1791660807.868117 runnervmmprz5 zainod-0.10.1[2778]:   19:33:27.868  INFO zaino_serve::rpc::grpc::service: [TEST] received call, method: "get_block"
1791660807.868117 runnervmmprz5 zainod-0.10.1[2778]:     at packages/zaino-serve/src/rpc/grpc/service.rs:161
1791660808.424000 runnervmmprz5 zainod-0.10.1[2778]:   19:33:28.423  INFO zaino_chain_store_zainodb::store::finalised_source::v1::write_core: write_blocks_to_height: committed batch, height: 1499999, blocks: 100000
1791660808.424000 runnervmmprz5 zainod-0.10.1[2778]:     at packages/zaino-chain-store-zainodb/src/store/finalised_source/v1/write_core.rs:636
1791660810.680046 runnervmmprz5 zainod-0.10.1[2778]:   19:33:30.679  INFO zaino_chain_store_zainodb::store::finalised_source::v1::write_core: write_blocks_to_height: syncing, current: 1606896, target: 4381896, zebra_network: Testnet
1791660810.680046 runnervmmprz5 zainod-0.10.1[2778]:     at packages/zaino-chain-store-zainodb/src/store/finalised_source/v1/write_core.rs:184
1791660812.856346 runnervmmprz5 zainod-0.10.1[2778]:   19:33:32.856  INFO zaino_serve::rpc::grpc::service: [TEST] received call, method: "get_lightd_info"
1791660812.856346 runnervmmprz5 zainod-0.10.1[2778]:     at packages/zaino-serve/src/rpc/grpc/service.rs:161
1791660812.859485 runnervmmprz5 zainod-0.10.1[2778]:   19:33:32.859  INFO zaino_serve::rpc::grpc::service: [TEST] received call, method: "get_block"
1791660812.859485 runnervmmprz5 zainod-0.10.1[2778]:     at packages/zaino-serve/src/rpc/grpc/service.rs:161
1791660812.860070 runnervmmprz5 zainod-0.10.1[2778]:   19:33:32.860  INFO zaino_serve::rpc::grpc::service: [TEST] received call, method: "get_block"
1791660812.860070 runnervmmprz5 zainod-0.10.1[2778]:     at packages/zaino-serve/src/rpc/grpc/service.rs:161
1791660814.601587 runnervmmprz5 zainod-0.10.1[2778]:   19:33:34.601  INFO zainodlib::indexer: Zaino status check, chain_state: Ready, fs_mode: ephemeral(syncing), json_rpc: Ready, grpc: Ready
1791660814.601587 runnervmmprz5 zainod-0.10.1[2778]:     at packages/zainod/src/indexer.rs:333
1791660818.302293 runnervmmprz5 zainod-0.10.1[2778]:   19:33:38.302  INFO zaino_serve::rpc::grpc::service: [TEST] received call, method: "get_lightd_info"
1791660818.302293 runnervmmprz5 zainod-0.10.1[2778]:     at packages/zaino-serve/src/rpc/grpc/service.rs:161
1791660818.305922 runnervmmprz5 zainod-0.10.1[2778]:   19:33:38.305  INFO zaino_serve::rpc::grpc::service: [TEST] received call, method: "get_block"
1791660818.305922 runnervmmprz5 zainod-0.10.1[2778]:     at packages/zaino-serve/src/rpc/grpc/service.rs:161
1791660818.306530 runnervmmprz5 zainod-0.10.1[2778]:   19:33:38.306  INFO zaino_serve::rpc::grpc::service: [TEST] received call, method: "get_block"
1791660818.306530 runnervmmprz5 zainod-0.10.1[2778]:     at packages/zaino-serve/src/rpc/grpc/service.rs:161
1791660820.680377 runnervmmprz5 zainod-0.10.1[2778]:   19:33:40.680  INFO zaino_chain_store_zainodb::store::finalised_source::v1::write_core: write_blocks_to_height: syncing, current: 1631097, target: 4381896, zebra_network: Testnet
1791660820.680377 runnervmmprz5 zainod-0.10.1[2778]:     at packages/zaino-chain-store-zainodb/src/store/finalised_source/v1/write_core.rs:184
1791660822.860317 runnervmmprz5 zainod-0.10.1[2778]:   19:33:42.860  INFO zaino_serve::rpc::grpc::service: [TEST] received call, method: "get_lightd_info"
1791660822.860317 runnervmmprz5 zainod-0.10.1[2778]:     at packages/zaino-serve/src/rpc/grpc/service.rs:161
1791660822.864312 runnervmmprz5 zainod-0.10.1[2778]:   19:33:42.864  INFO zaino_serve::rpc::grpc::service: [TEST] received call, method: "get_block"
1791660822.864312 runnervmmprz5 zainod-0.10.1[2778]:     at packages/zaino-serve/src/rpc/grpc/service.rs:161
1791660822.864929 runnervmmprz5 zainod-0.10.1[2778]:   19:33:42.864  INFO zaino_serve::rpc::grpc::service: [TEST] received call, method: "get_block"
1791660822.864929 runnervmmprz5 zainod-0.10.1[2778]:     at packages/zaino-serve/src/rpc/grpc/service.rs:161
1791660824.701495 runnervmmprz5 zainod-0.10.1[2778]:   19:33:44.701  INFO zainodlib::indexer: Zaino status check, chain_state: Ready, fs_mode: ephemeral(syncing), json_rpc: Ready, grpc: Ready
1791660824.701495 runnervmmprz5 zainod-0.10.1[2778]:     at packages/zainod/src/indexer.rs:333
1791660827.862720 runnervmmprz5 zainod-0.10.1[2778]:   19:33:47.862  INFO zaino_serve::rpc::grpc::service: [TEST] received call, method: "get_lightd_info"
1791660827.862720 runnervmmprz5 zainod-0.10.1[2778]:     at packages/zaino-serve/src/rpc/grpc/service.rs:161
1791660827.866680 runnervmmprz5 zainod-0.10.1[2778]:   19:33:47.866  INFO zaino_serve::rpc::grpc::service: [TEST] received call, method: "get_block"
1791660827.866680 runnervmmprz5 zainod-0.10.1[2778]:     at packages/zaino-serve/src/rpc/grpc/service.rs:161
1791660827.867255 runnervmmprz5 zainod-0.10.1[2778]:   19:33:47.867  INFO zaino_serve::rpc::grpc::service: [TEST] received call, method: "get_block"
1791660827.867255 runnervmmprz5 zainod-0.10.1[2778]:     at packages/zaino-serve/src/rpc/grpc/service.rs:161
1791660830.408015 runnervmmprz5 zainod-0.10.1[2778]:   19:33:50.407  INFO zaino_chain_store_zainodb::store::finalised_source::v1::write_core: write_blocks_to_height: committed batch, height: 1599999, blocks: 100000
1791660830.408015 runnervmmprz5 zainod-0.10.1[2778]:     at packages/zaino-chain-store-zainodb/src/store/finalised_source/v1/write_core.rs:636
1791660830.680763 runnervmmprz5 zainod-0.10.1[2778]:   19:33:50.680  INFO zaino_chain_store_zainodb::store::finalised_source::v1::write_core: write_blocks_to_height: syncing, current: 1701163, target: 4381896, zebra_network: Testnet
1791660830.680763 runnervmmprz5 zainod-0.10.1[2778]:     at packages/zaino-chain-store-zainodb/src/store/finalised_source/v1/write_core.rs:184
1791660832.858449 runnervmmprz5 zainod-0.10.1[2778]:   19:33:52.858  INFO zaino_serve::rpc::grpc::service: [TEST] received call, method: "get_lightd_info"
1791660832.858449 runnervmmprz5 zainod-0.10.1[2778]:     at packages/zaino-serve/src/rpc/grpc/service.rs:161
1791660832.862007 runnervmmprz5 zainod-0.10.1[2778]:   19:33:52.861  INFO zaino_serve::rpc::grpc::service: [TEST] received call, method: "get_block"
1791660832.862007 runnervmmprz5 zainod-0.10.1[2778]:     at packages/zaino-serve/src/rpc/grpc/service.rs:161
1791660832.862599 runnervmmprz5 zainod-0.10.1[2778]:   19:33:52.862  INFO zaino_serve::rpc::grpc::service: [TEST] received call, method: "get_block"
1791660832.862599 runnervmmprz5 zainod-0.10.1[2778]:     at packages/zaino-serve/src/rpc/grpc/service.rs:161
1791660834.801629 runnervmmprz5 zainod-0.10.1[2778]:   19:33:54.801  INFO zainodlib::indexer: Zaino status check, chain_state: Ready, fs_mode: ephemeral(syncing), json_rpc: Ready, grpc: Ready
1791660834.801629 runnervmmprz5 zainod-0.10.1[2778]:     at packages/zainod/src/indexer.rs:333
1791660837.863289 runnervmmprz5 zainod-0.10.1[2778]:   19:33:57.863  INFO zaino_serve::rpc::grpc::service: [TEST] received call, method: "get_lightd_info"
1791660837.863289 runnervmmprz5 zainod-0.10.1[2778]:     at packages/zaino-serve/src/rpc/grpc/service.rs:161
1791660837.866237 runnervmmprz5 zainod-0.10.1[2778]:   19:33:57.866  INFO zaino_serve::rpc::grpc::service: [TEST] received call, method: "get_block"
1791660837.866237 runnervmmprz5 zainod-0.10.1[2778]:     at packages/zaino-serve/src/rpc/grpc/service.rs:161
1791660837.866834 runnervmmprz5 zainod-0.10.1[2778]:   19:33:57.866  INFO zaino_serve::rpc::grpc::service: [TEST] received call, method: "get_block"
1791660837.866834 runnervmmprz5 zainod-0.10.1[2778]:     at packages/zaino-serve/src/rpc/grpc/service.rs:161
1791660840.681002 runnervmmprz5 zainod-0.10.1[2778]:   19:34:00.680  INFO zaino_chain_store_zainodb::store::finalised_source::v1::write_core: write_blocks_to_height: syncing, current: 1732681, target: 4381896, zebra_network: Testnet
1791660840.681002 runnervmmprz5 zainod-0.10.1[2778]:     at packages/zaino-chain-store-zainodb/src/store/finalised_source/v1/write_core.rs:184
1791660842.862030 runnervmmprz5 zainod-0.10.1[2778]:   19:34:02.861  INFO zaino_serve::rpc::grpc::service: [TEST] received call, method: "get_lightd_info"
1791660842.862030 runnervmmprz5 zainod-0.10.1[2778]:     at packages/zaino-serve/src/rpc/grpc/service.rs:161
1791660842.865809 runnervmmprz5 zainod-0.10.1[2778]:   19:34:02.865  INFO zaino_serve::rpc::grpc::service: [TEST] received call, method: "get_block"
1791660842.865809 runnervmmprz5 zainod-0.10.1[2778]:     at packages/zaino-serve/src/rpc/grpc/service.rs:161
1791660842.866508 runnervmmprz5 zainod-0.10.1[2778]:   19:34:02.866  INFO zaino_serve::rpc::grpc::service: [TEST] received call, method: "get_block"
1791660842.866508 runnervmmprz5 zainod-0.10.1[2778]:     at packages/zaino-serve/src/rpc/grpc/service.rs:161
1791660844.900652 runnervmmprz5 zainod-0.10.1[2778]:   19:34:04.900  INFO zainodlib::indexer: Zaino status check, chain_state: Ready, fs_mode: ephemeral(syncing), json_rpc: Ready, grpc: Ready
1791660844.900652 runnervmmprz5 zainod-0.10.1[2778]:     at packages/zainod/src/indexer.rs:333
1791660847.864389 runnervmmprz5 zainod-0.10.1[2778]:   19:34:07.864  INFO zaino_serve::rpc::grpc::service: [TEST] received call, method: "get_lightd_info"
1791660847.864389 runnervmmprz5 zainod-0.10.1[2778]:     at packages/zaino-serve/src/rpc/grpc/service.rs:161
1791660847.867464 runnervmmprz5 zainod-0.10.1[2778]:   19:34:07.867  INFO zaino_serve::rpc::grpc::service: [TEST] received call, method: "get_block"
1791660847.867464 runnervmmprz5 zainod-0.10.1[2778]:     at packages/zaino-serve/src/rpc/grpc/service.rs:161
1791660847.867967 runnervmmprz5 zainod-0.10.1[2778]:   19:34:07.867  INFO zaino_serve::rpc::grpc::service: [TEST] received call, method: "get_block"
1791660847.867967 runnervmmprz5 zainod-0.10.1[2778]:     at packages/zaino-serve/src/rpc/grpc/service.rs:161
1791660850.681412 runnervmmprz5 zainod-0.10.1[2778]:   19:34:10.681  INFO zaino_chain_store_zainodb::store::finalised_source::v1::write_core: write_blocks_to_height: syncing, current: 1784671, target: 4381896, zebra_network: Testnet
1791660850.681412 runnervmmprz5 zainod-0.10.1[2778]:     at packages/zaino-chain-store-zainodb/src/store/finalised_source/v1/write_core.rs:184
1791660852.861982 runnervmmprz5 zainod-0.10.1[2778]:   19:34:12.861  INFO zaino_serve::rpc::grpc::service: [TEST] received call, method: "get_lightd_info"
1791660852.861982 runnervmmprz5 zainod-0.10.1[2778]:     at packages/zaino-serve/src/rpc/grpc/service.rs:161
1791660852.866010 runnervmmprz5 zainod-0.10.1[2778]:   19:34:12.865  INFO zaino_serve::rpc::grpc::service: [TEST] received call, method: "get_block"
1791660852.866010 runnervmmprz5 zainod-0.10.1[2778]:     at packages/zaino-serve/src/rpc/grpc/service.rs:161
1791660852.866896 runnervmmprz5 zainod-0.10.1[2778]:   19:34:12.866  INFO zaino_serve::rpc::grpc::service: [TEST] received call, method: "get_block"
1791660852.866896 runnervmmprz5 zainod-0.10.1[2778]:     at packages/zaino-serve/src/rpc/grpc/service.rs:161
1791660854.901508 runnervmmprz5 zainod-0.10.1[2778]:   19:34:14.901  INFO zainodlib::indexer: Zaino status check, chain_state: Ready, fs_mode: ephemeral(syncing), json_rpc: Ready, grpc: Ready
1791660854.901508 runnervmmprz5 zainod-0.10.1[2778]:     at packages/zainod/src/indexer.rs:333
1791660855.382990 runnervmmprz5 zainod-0.10.1[2778]:   19:34:15.382  INFO zaino_chain_store_zainodb::store::finalised_source::v1::write_core: write_blocks_to_height: committed batch, height: 1699999, blocks: 100000
1791660855.382990 runnervmmprz5 zainod-0.10.1[2778]:     at packages/zaino-chain-store-zainodb/src/store/finalised_source/v1/write_core.rs:636
1791660857.865418 runnervmmprz5 zainod-0.10.1[2778]:   19:34:17.865  INFO zaino_serve::rpc::grpc::service: [TEST] received call, method: "get_lightd_info"
1791660857.865418 runnervmmprz5 zainod-0.10.1[2778]:     at packages/zaino-serve/src/rpc/grpc/service.rs:161
1791660857.869176 runnervmmprz5 zainod-0.10.1[2778]:   19:34:17.869  INFO zaino_serve::rpc::grpc::service: [TEST] received call, method: "get_block"
1791660857.869176 runnervmmprz5 zainod-0.10.1[2778]:     at packages/zaino-serve/src/rpc/grpc/service.rs:161
1791660857.869890 runnervmmprz5 zainod-0.10.1[2778]:   19:34:17.869  INFO zaino_serve::rpc::grpc::service: [TEST] received call, method: "get_block"
1791660857.869890 runnervmmprz5 zainod-0.10.1[2778]:     at packages/zaino-serve/src/rpc/grpc/service.rs:161
1791660860.682782 runnervmmprz5 zainod-0.10.1[2778]:   19:34:20.682  INFO zaino_chain_store_zainodb::store::finalised_source::v1::write_core: write_blocks_to_height: syncing, current: 1813250, target: 4381896, zebra_network: Testnet
1791660860.682782 runnervmmprz5 zainod-0.10.1[2778]:     at packages/zaino-chain-store-zainodb/src/store/finalised_source/v1/write_core.rs:184
1791660863.042479 runnervmmprz5 zainod-0.10.1[2778]:   19:34:23.042  INFO zaino_serve::rpc::grpc::service: [TEST] received call, method: "get_lightd_info"
1791660863.042479 runnervmmprz5 zainod-0.10.1[2778]:     at packages/zaino-serve/src/rpc/grpc/service.rs:161
1791660863.046455 runnervmmprz5 zainod-0.10.1[2778]:   19:34:23.046  INFO zaino_serve::rpc::grpc::service: [TEST] received call, method: "get_block"
1791660863.046455 runnervmmprz5 zainod-0.10.1[2778]:     at packages/zaino-serve/src/rpc/grpc/service.rs:161
1791660863.047039 runnervmmprz5 zainod-0.10.1[2778]:   19:34:23.047  INFO zaino_serve::rpc::grpc::service: [TEST] received call, method: "get_block"
1791660863.047039 runnervmmprz5 zainod-0.10.1[2778]:     at packages/zaino-serve/src/rpc/grpc/service.rs:161
1791660865.001152 runnervmmprz5 zainod-0.10.1[2778]:   19:34:25.001  INFO zainodlib::indexer: Zaino status check, chain_state: Ready, fs_mode: ephemeral(syncing), json_rpc: Ready, grpc: Ready
1791660865.001152 runnervmmprz5 zainod-0.10.1[2778]:     at packages/zainod/src/indexer.rs:333
1791660867.862339 runnervmmprz5 zainod-0.10.1[2778]:   19:34:27.862  INFO zaino_serve::rpc::grpc::service: [TEST] received call, method: "get_lightd_info"
1791660867.862339 runnervmmprz5 zainod-0.10.1[2778]:     at packages/zaino-serve/src/rpc/grpc/service.rs:161
1791660867.865478 runnervmmprz5 zainod-0.10.1[2778]:   19:34:27.865  INFO zaino_serve::rpc::grpc::service: [TEST] received call, method: "get_block"
1791660867.865478 runnervmmprz5 zainod-0.10.1[2778]:     at packages/zaino-serve/src/rpc/grpc/service.rs:161
1791660867.866117 runnervmmprz5 zainod-0.10.1[2778]:   19:34:27.866  INFO zaino_serve::rpc::grpc::service: [TEST] received call, method: "get_block"
1791660867.866117 runnervmmprz5 zainod-0.10.1[2778]:     at packages/zaino-serve/src/rpc/grpc/service.rs:161
1791660870.716245 runnervmmprz5 zainod-0.10.1[2778]:   19:34:30.716  INFO zaino_chain_store_zainodb::store::finalised_source::v1::write_core: write_blocks_to_height: syncing, current: 1822607, target: 4381896, zebra_network: Testnet
1791660870.716245 runnervmmprz5 zainod-0.10.1[2778]:     at packages/zaino-chain-store-zainodb/src/store/finalised_source/v1/write_core.rs:184
1791660872.864751 runnervmmprz5 zainod-0.10.1[2778]:   19:34:32.864  INFO zaino_serve::rpc::grpc::service: [TEST] received call, method: "get_lightd_info"
1791660872.864751 runnervmmprz5 zainod-0.10.1[2778]:     at packages/zaino-serve/src/rpc/grpc/service.rs:161
1791660872.868473 runnervmmprz5 zainod-0.10.1[2778]:   19:34:32.868  INFO zaino_serve::rpc::grpc::service: [TEST] received call, method: "get_block"
1791660872.868473 runnervmmprz5 zainod-0.10.1[2778]:     at packages/zaino-serve/src/rpc/grpc/service.rs:161
1791660872.869023 runnervmmprz5 zainod-0.10.1[2778]:   19:34:32.869  INFO zaino_serve::rpc::grpc::service: [TEST] received call, method: "get_block"
1791660872.869023 runnervmmprz5 zainod-0.10.1[2778]:     at packages/zaino-serve/src/rpc/grpc/service.rs:161
1791660875.101136 runnervmmprz5 zainod-0.10.1[2778]:   19:34:35.101  INFO zainodlib::indexer: Zaino status check, chain_state: Ready, fs_mode: ephemeral(syncing), json_rpc: Ready, grpc: Ready
1791660875.101136 runnervmmprz5 zainod-0.10.1[2778]:     at packages/zainod/src/indexer.rs:333
1791660877.865321 runnervmmprz5 zainod-0.10.1[2778]:   19:34:37.865  INFO zaino_serve::rpc::grpc::service: [TEST] received call, method: "get_lightd_info"
1791660877.865321 runnervmmprz5 zainod-0.10.1[2778]:     at packages/zaino-serve/src/rpc/grpc/service.rs:161
1791660877.868502 runnervmmprz5 zainod-0.10.1[2778]:   19:34:37.868  INFO zaino_serve::rpc::grpc::service: [TEST] received call, method: "get_block"
1791660877.868502 runnervmmprz5 zainod-0.10.1[2778]:     at packages/zaino-serve/src/rpc/grpc/service.rs:161
1791660877.869306 runnervmmprz5 zainod-0.10.1[2778]:   19:34:37.869  INFO zaino_serve::rpc::grpc::service: [TEST] received call, method: "get_block"
1791660877.869306 runnervmmprz5 zainod-0.10.1[2778]:     at packages/zaino-serve/src/rpc/grpc/service.rs:161
1791660880.716584 runnervmmprz5 zainod-0.10.1[2778]:   19:34:40.716  INFO zaino_chain_store_zainodb::store::finalised_source::v1::write_core: write_blocks_to_height: syncing, current: 1849361, target: 4381896, zebra_network: Testnet
1791660880.716584 runnervmmprz5 zainod-0.10.1[2778]:     at packages/zaino-chain-store-zainodb/src/store/finalised_source/v1/write_core.rs:184
1791660882.863510 runnervmmprz5 zainod-0.10.1[2778]:   19:34:42.863  INFO zaino_serve::rpc::grpc::service: [TEST] received call, method: "get_lightd_info"
1791660882.863510 runnervmmprz5 zainod-0.10.1[2778]:     at packages/zaino-serve/src/rpc/grpc/service.rs:161
1791660882.868201 runnervmmprz5 zainod-0.10.1[2778]:   19:34:42.868  INFO zaino_serve::rpc::grpc::service: [TEST] received call, method: "get_block"
1791660882.868201 runnervmmprz5 zainod-0.10.1[2778]:     at packages/zaino-serve/src/rpc/grpc/service.rs:161
1791660882.868892 runnervmmprz5 zainod-0.10.1[2778]:   19:34:42.868  INFO zaino_serve::rpc::grpc::service: [TEST] received call, method: "get_block"
1791660882.868892 runnervmmprz5 zainod-0.10.1[2778]:     at packages/zaino-serve/src/rpc/grpc/service.rs:161
1791660885.101502 runnervmmprz5 zainod-0.10.1[2778]:   19:34:45.101  INFO zainodlib::indexer: Zaino status check, chain_state: Ready, fs_mode: ephemeral(syncing), json_rpc: Ready, grpc: Ready
1791660885.101502 runnervmmprz5 zainod-0.10.1[2778]:     at packages/zainod/src/indexer.rs:333
1791660887.867556 runnervmmprz5 zainod-0.10.1[2778]:   19:34:47.867  INFO zaino_serve::rpc::grpc::service: [TEST] received call, method: "get_lightd_info"
1791660887.867556 runnervmmprz5 zainod-0.10.1[2778]:     at packages/zaino-serve/src/rpc/grpc/service.rs:161
1791660887.872034 runnervmmprz5 zainod-0.10.1[2778]:   19:34:47.872  INFO zaino_serve::rpc::grpc::service: [TEST] received call, method: "get_block"
1791660887.872034 runnervmmprz5 zainod-0.10.1[2778]:     at packages/zaino-serve/src/rpc/grpc/service.rs:161
1791660887.873054 runnervmmprz5 zainod-0.10.1[2778]:   19:34:47.873  INFO zaino_serve::rpc::grpc::service: [TEST] received call, method: "get_block"
1791660887.873054 runnervmmprz5 zainod-0.10.1[2778]:     at packages/zaino-serve/src/rpc/grpc/service.rs:161
1791660890.716696 runnervmmprz5 zainod-0.10.1[2778]:   19:34:50.716  INFO zaino_chain_store_zainodb::store::finalised_source::v1::write_core: write_blocks_to_height: syncing, current: 1885193, target: 4381896, zebra_network: Testnet
1791660890.716696 runnervmmprz5 zainod-0.10.1[2778]:     at packages/zaino-chain-store-zainodb/src/store/finalised_source/v1/write_core.rs:184
1791660892.863577 runnervmmprz5 zainod-0.10.1[2778]:   19:34:52.863  INFO zaino_serve::rpc::grpc::service: [TEST] received call, method: "get_lightd_info"
1791660892.863577 runnervmmprz5 zainod-0.10.1[2778]:     at packages/zaino-serve/src/rpc/grpc/service.rs:161
1791660892.866886 runnervmmprz5 zainod-0.10.1[2778]:   19:34:52.866  INFO zaino_serve::rpc::grpc::service: [TEST] received call, method: "get_block"
1791660892.866886 runnervmmprz5 zainod-0.10.1[2778]:     at packages/zaino-serve/src/rpc/grpc/service.rs:161
1791660892.867532 runnervmmprz5 zainod-0.10.1[2778]:   19:34:52.867  INFO zaino_serve::rpc::grpc::service: [TEST] received call, method: "get_block"
1791660892.867532 runnervmmprz5 zainod-0.10.1[2778]:     at packages/zaino-serve/src/rpc/grpc/service.rs:161
1791660895.201273 runnervmmprz5 zainod-0.10.1[2778]:   19:34:55.201  INFO zainodlib::indexer: Zaino status check, chain_state: Ready, fs_mode: ephemeral(syncing), json_rpc: Ready, grpc: Ready
1791660895.201273 runnervmmprz5 zainod-0.10.1[2778]:     at packages/zainod/src/indexer.rs:333
1791660896.215269 runnervmmprz5 zainod-0.10.1[2778]:   19:34:56.215  INFO zaino_chain_store_zainodb::store::finalised_source::v1::write_core: write_blocks_to_height: committed batch, height: 1799999, blocks: 100000
1791660896.215269 runnervmmprz5 zainod-0.10.1[2778]:     at packages/zaino-chain-store-zainodb/src/store/finalised_source/v1/write_core.rs:636
1791660897.866132 runnervmmprz5 zainod-0.10.1[2778]:   19:34:57.866  INFO zaino_serve::rpc::grpc::service: [TEST] received call, method: "get_lightd_info"
1791660897.866132 runnervmmprz5 zainod-0.10.1[2778]:     at packages/zaino-serve/src/rpc/grpc/service.rs:161
1791660897.869691 runnervmmprz5 zainod-0.10.1[2778]:   19:34:57.869  INFO zaino_serve::rpc::grpc::service: [TEST] received call, method: "get_block"
1791660897.869691 runnervmmprz5 zainod-0.10.1[2778]:     at packages/zaino-serve/src/rpc/grpc/service.rs:161
1791660897.870392 runnervmmprz5 zainod-0.10.1[2778]:   19:34:57.870  INFO zaino_serve::rpc::grpc::service: [TEST] received call, method: "get_block"
1791660897.870392 runnervmmprz5 zainod-0.10.1[2778]:     at packages/zaino-serve/src/rpc/grpc/service.rs:161
1791660900.717343 runnervmmprz5 zainod-0.10.1[2778]:   19:35:00.717  INFO zaino_chain_store_zainodb::store::finalised_source::v1::write_core: write_blocks_to_height: syncing, current: 1906044, target: 4381896, zebra_network: Testnet
1791660900.717343 runnervmmprz5 zainod-0.10.1[2778]:     at packages/zaino-chain-store-zainodb/src/store/finalised_source/v1/write_core.rs:184
1791660902.865807 runnervmmprz5 zainod-0.10.1[2778]:   19:35:02.865  INFO zaino_serve::rpc::grpc::service: [TEST] received call, method: "get_lightd_info"
1791660902.865807 runnervmmprz5 zainod-0.10.1[2778]:     at packages/zaino-serve/src/rpc/grpc/service.rs:161
1791660902.872764 runnervmmprz5 zainod-0.10.1[2778]:   19:35:02.868  INFO zaino_serve::rpc::grpc::service: [TEST] received call, method: "get_block"
1791660902.872764 runnervmmprz5 zainod-0.10.1[2778]:     at packages/zaino-serve/src/rpc/grpc/service.rs:161
1791660902.872764 runnervmmprz5 zainod-0.10.1[2778]:   19:35:02.869  INFO zaino_serve::rpc::grpc::service: [TEST] received call, method: "get_block"
1791660902.872764 runnervmmprz5 zainod-0.10.1[2778]:     at packages/zaino-serve/src/rpc/grpc/service.rs:161
1791660906.603233 runnervmmprz5 zainod-0.10.1[2778]:   19:35:06.603  INFO zainodlib::indexer: Zaino status check, chain_state: Syncing, fs_mode: ephemeral(syncing), json_rpc: Ready, grpc: Ready
1791660906.603233 runnervmmprz5 zainod-0.10.1[2778]:     at packages/zainod/src/indexer.rs:333
1791660907.865826 runnervmmprz5 zainod-0.10.1[2778]:   19:35:07.865  INFO zaino_serve::rpc::grpc::service: [TEST] received call, method: "get_lightd_info"
1791660907.865826 runnervmmprz5 zainod-0.10.1[2778]:     at packages/zaino-serve/src/rpc/grpc/service.rs:161
1791660907.868787 runnervmmprz5 zainod-0.10.1[2778]:   19:35:07.868  INFO zaino_serve::rpc::grpc::service: [TEST] received call, method: "get_block"
1791660907.868787 runnervmmprz5 zainod-0.10.1[2778]:     at packages/zaino-serve/src/rpc/grpc/service.rs:161
1791660907.869345 runnervmmprz5 zainod-0.10.1[2778]:   19:35:07.869  INFO zaino_serve::rpc::grpc::service: [TEST] received call, method: "get_block"
1791660907.869345 runnervmmprz5 zainod-0.10.1[2778]:     at packages/zaino-serve/src/rpc/grpc/service.rs:161
1791660910.717685 runnervmmprz5 zainod-0.10.1[2778]:   19:35:10.717  INFO zaino_chain_store_zainodb::store::finalised_source::v1::write_core: write_blocks_to_height: syncing, current: 1915155, target: 4381896, zebra_network: Testnet
1791660910.717685 runnervmmprz5 zainod-0.10.1[2778]:     at packages/zaino-chain-store-zainodb/src/store/finalised_source/v1/write_core.rs:184
1791660912.869428 runnervmmprz5 zainod-0.10.1[2778]:   19:35:12.869  INFO zaino_serve::rpc::grpc::service: [TEST] received call, method: "get_lightd_info"
1791660912.869428 runnervmmprz5 zainod-0.10.1[2778]:     at packages/zaino-serve/src/rpc/grpc/service.rs:161
1791660912.873483 runnervmmprz5 zainod-0.10.1[2778]:   19:35:12.873  INFO zaino_serve::rpc::grpc::service: [TEST] received call, method: "get_block"
1791660912.873483 runnervmmprz5 zainod-0.10.1[2778]:     at packages/zaino-serve/src/rpc/grpc/service.rs:161
1791660912.874344 runnervmmprz5 zainod-0.10.1[2778]:   19:35:12.874  INFO zaino_serve::rpc::grpc::service: [TEST] received call, method: "get_block"
1791660912.874344 runnervmmprz5 zainod-0.10.1[2778]:     at packages/zaino-serve/src/rpc/grpc/service.rs:161
1791660916.700923 runnervmmprz5 zainod-0.10.1[2778]:   19:35:16.700  INFO zainodlib::indexer: Zaino status check, chain_state: Ready, fs_mode: ephemeral(syncing), json_rpc: Ready, grpc: Ready
1791660916.700923 runnervmmprz5 zainod-0.10.1[2778]:     at packages/zainod/src/indexer.rs:333
1791660917.870751 runnervmmprz5 zainod-0.10.1[2778]:   19:35:17.870  INFO zaino_serve::rpc::grpc::service: [TEST] received call, method: "get_lightd_info"
1791660917.870751 runnervmmprz5 zainod-0.10.1[2778]:     at packages/zaino-serve/src/rpc/grpc/service.rs:161
1791660917.874640 runnervmmprz5 zainod-0.10.1[2778]:   19:35:17.874  INFO zaino_serve::rpc::grpc::service: [TEST] received call, method: "get_block"
1791660917.874640 runnervmmprz5 zainod-0.10.1[2778]:     at packages/zaino-serve/src/rpc/grpc/service.rs:161
1791660917.875477 runnervmmprz5 zainod-0.10.1[2778]:   19:35:17.875  INFO zaino_serve::rpc::grpc::service: [TEST] received call, method: "get_block"
1791660917.875477 runnervmmprz5 zainod-0.10.1[2778]:     at packages/zaino-serve/src/rpc/grpc/service.rs:161
1791660920.948736 runnervmmprz5 zainod-0.10.1[2778]:   19:35:20.948  INFO zaino_chain_store_zainodb::store::finalised_source::v1::write_core: write_blocks_to_height: syncing, current: 1940658, target: 4381896, zebra_network: Testnet
1791660920.948736 runnervmmprz5 zainod-0.10.1[2778]:     at packages/zaino-chain-store-zainodb/src/store/finalised_source/v1/write_core.rs:184
1791660922.868975 runnervmmprz5 zainod-0.10.1[2778]:   19:35:22.868  INFO zaino_serve::rpc::grpc::service: [TEST] received call, method: "get_lightd_info"
1791660922.868975 runnervmmprz5 zainod-0.10.1[2778]:     at packages/zaino-serve/src/rpc/grpc/service.rs:161
1791660922.872777 runnervmmprz5 zainod-0.10.1[2778]:   19:35:22.872  INFO zaino_serve::rpc::grpc::service: [TEST] received call, method: "get_block"
1791660922.872777 runnervmmprz5 zainod-0.10.1[2778]:     at packages/zaino-serve/src/rpc/grpc/service.rs:161
1791660922.873443 runnervmmprz5 zainod-0.10.1[2778]:   19:35:22.873  INFO zaino_serve::rpc::grpc::service: [TEST] received call, method: "get_block"
1791660922.873443 runnervmmprz5 zainod-0.10.1[2778]:     at packages/zaino-serve/src/rpc/grpc/service.rs:161
1791660926.701402 runnervmmprz5 zainod-0.10.1[2778]:   19:35:26.701  INFO zainodlib::indexer: Zaino status check, chain_state: Ready, fs_mode: ephemeral(syncing), json_rpc: Ready, grpc: Ready
1791660926.701402 runnervmmprz5 zainod-0.10.1[2778]:     at packages/zainod/src/indexer.rs:333
1791660927.870948 runnervmmprz5 zainod-0.10.1[2778]:   19:35:27.870  INFO zaino_serve::rpc::grpc::service: [TEST] received call, method: "get_lightd_info"
1791660927.870948 runnervmmprz5 zainod-0.10.1[2778]:     at packages/zaino-serve/src/rpc/grpc/service.rs:161
1791660927.873731 runnervmmprz5 zainod-0.10.1[2778]:   19:35:27.873  INFO zaino_serve::rpc::grpc::service: [TEST] received call, method: "get_block"
1791660927.873731 runnervmmprz5 zainod-0.10.1[2778]:     at packages/zaino-serve/src/rpc/grpc/service.rs:161
1791660927.874296 runnervmmprz5 zainod-0.10.1[2778]:   19:35:27.874  INFO zaino_serve::rpc::grpc::service: [TEST] received call, method: "get_block"
1791660927.874296 runnervmmprz5 zainod-0.10.1[2778]:     at packages/zaino-serve/src/rpc/grpc/service.rs:161
1791660931.058172 runnervmmprz5 zainod-0.10.1[2778]:   19:35:31.058  INFO zaino_chain_store_zainodb::store::finalised_source::v1::write_core: write_blocks_to_height: syncing, current: 1984992, target: 4381896, zebra_network: Testnet
1791660931.058172 runnervmmprz5 zainod-0.10.1[2778]:     at packages/zaino-chain-store-zainodb/src/store/finalised_source/v1/write_core.rs:184
1791660932.869226 runnervmmprz5 zainod-0.10.1[2778]:   19:35:32.869  INFO zaino_serve::rpc::grpc::service: [TEST] received call, method: "get_lightd_info"
1791660932.869226 runnervmmprz5 zainod-0.10.1[2778]:     at packages/zaino-serve/src/rpc/grpc/service.rs:161
1791660932.872243 runnervmmprz5 zainod-0.10.1[2778]:   19:35:32.872  INFO zaino_serve::rpc::grpc::service: [TEST] received call, method: "get_block"
1791660932.872243 runnervmmprz5 zainod-0.10.1[2778]:     at packages/zaino-serve/src/rpc/grpc/service.rs:161
1791660932.872870 runnervmmprz5 zainod-0.10.1[2778]:   19:35:32.872  INFO zaino_serve::rpc::grpc::service: [TEST] received call, method: "get_block"
1791660932.872870 runnervmmprz5 zainod-0.10.1[2778]:     at packages/zaino-serve/src/rpc/grpc/service.rs:161
1791660933.405473 runnervmmprz5 zainod-0.10.1[2778]:   19:35:33.405  INFO zaino_chain_store_zainodb::store::finalised_source::v1::write_core: write_blocks_to_height: committed batch, height: 1899999, blocks: 100000
1791660933.405473 runnervmmprz5 zainod-0.10.1[2778]:     at packages/zaino-chain-store-zainodb/src/store/finalised_source/v1/write_core.rs:636
1791660936.800641 runnervmmprz5 zainod-0.10.1[2778]:   19:35:36.800  INFO zainodlib::indexer: Zaino status check, chain_state: Ready, fs_mode: ephemeral(syncing), json_rpc: Ready, grpc: Ready
1791660936.800641 runnervmmprz5 zainod-0.10.1[2778]:     at packages/zainod/src/indexer.rs:333
1791660937.868694 runnervmmprz5 zainod-0.10.1[2778]:   19:35:37.868  INFO zaino_serve::rpc::grpc::service: [TEST] received call, method: "get_lightd_info"
1791660937.868694 runnervmmprz5 zainod-0.10.1[2778]:     at packages/zaino-serve/src/rpc/grpc/service.rs:161
1791660937.871708 runnervmmprz5 zainod-0.10.1[2778]:   19:35:37.871  INFO zaino_serve::rpc::grpc::service: [TEST] received call, method: "get_block"
1791660937.871708 runnervmmprz5 zainod-0.10.1[2778]:     at packages/zaino-serve/src/rpc/grpc/service.rs:161
1791660937.872302 runnervmmprz5 zainod-0.10.1[2778]:   19:35:37.872  INFO zaino_serve::rpc::grpc::service: [TEST] received call, method: "get_block"
1791660937.872302 runnervmmprz5 zainod-0.10.1[2778]:     at packages/zaino-serve/src/rpc/grpc/service.rs:161
1791660941.061239 runnervmmprz5 zainod-0.10.1[2778]:   19:35:41.061  INFO zaino_chain_store_zainodb::store::finalised_source::v1::write_core: write_blocks_to_height: syncing, current: 2012191, target: 4381896, zebra_network: Testnet
1791660941.061239 runnervmmprz5 zainod-0.10.1[2778]:     at packages/zaino-chain-store-zainodb/src/store/finalised_source/v1/write_core.rs:184
1791660943.420580 runnervmmprz5 zainod-0.10.1[2778]:   19:35:43.420  INFO zaino_serve::rpc::grpc::service: [TEST] received call, method: "get_lightd_info"
1791660943.420580 runnervmmprz5 zainod-0.10.1[2778]:     at packages/zaino-serve/src/rpc/grpc/service.rs:161
1791660943.425066 runnervmmprz5 zainod-0.10.1[2778]:   19:35:43.425  INFO zaino_serve::rpc::grpc::service: [TEST] received call, method: "get_block"
1791660943.425066 runnervmmprz5 zainod-0.10.1[2778]:     at packages/zaino-serve/src/rpc/grpc/service.rs:161
1791660943.425646 runnervmmprz5 zainod-0.10.1[2778]:   19:35:43.425  INFO zaino_serve::rpc::grpc::service: [TEST] received call, method: "get_block"
1791660943.425646 runnervmmprz5 zainod-0.10.1[2778]:     at packages/zaino-serve/src/rpc/grpc/service.rs:161
1791660946.801562 runnervmmprz5 zainod-0.10.1[2778]:   19:35:46.801  INFO zainodlib::indexer: Zaino status check, chain_state: Ready, fs_mode: ephemeral(syncing), json_rpc: Ready, grpc: Ready
1791660946.801562 runnervmmprz5 zainod-0.10.1[2778]:     at packages/zainod/src/indexer.rs:333
1791660947.870329 runnervmmprz5 zainod-0.10.1[2778]:   19:35:47.870  INFO zaino_serve::rpc::grpc::service: [TEST] received call, method: "get_lightd_info"
1791660947.870329 runnervmmprz5 zainod-0.10.1[2778]:     at packages/zaino-serve/src/rpc/grpc/service.rs:161
1791660947.873247 runnervmmprz5 zainod-0.10.1[2778]:   19:35:47.873  INFO zaino_serve::rpc::grpc::service: [TEST] received call, method: "get_block"
1791660947.873247 runnervmmprz5 zainod-0.10.1[2778]:     at packages/zaino-serve/src/rpc/grpc/service.rs:161
1791660947.873811 runnervmmprz5 zainod-0.10.1[2778]:   19:35:47.873  INFO zaino_serve::rpc::grpc::service: [TEST] received call, method: "get_block"
1791660947.873811 runnervmmprz5 zainod-0.10.1[2778]:     at packages/zaino-serve/src/rpc/grpc/service.rs:161
1791660951.126644 runnervmmprz5 zainod-0.10.1[2778]:   19:35:51.126  INFO zaino_chain_store_zainodb::store::finalised_source::v1::write_core: write_blocks_to_height: syncing, current: 2046943, target: 4381896, zebra_network: Testnet
1791660951.126644 runnervmmprz5 zainod-0.10.1[2778]:     at packages/zaino-chain-store-zainodb/src/store/finalised_source/v1/write_core.rs:184
1791660952.872405 runnervmmprz5 zainod-0.10.1[2778]:   19:35:52.872  INFO zaino_serve::rpc::grpc::service: [TEST] received call, method: "get_lightd_info"
1791660952.872405 runnervmmprz5 zainod-0.10.1[2778]:     at packages/zaino-serve/src/rpc/grpc/service.rs:161
1791660952.876620 runnervmmprz5 zainod-0.10.1[2778]:   19:35:52.876  INFO zaino_serve::rpc::grpc::service: [TEST] received call, method: "get_block"
1791660952.876620 runnervmmprz5 zainod-0.10.1[2778]:     at packages/zaino-serve/src/rpc/grpc/service.rs:161
1791660952.877316 runnervmmprz5 zainod-0.10.1[2778]:   19:35:52.877  INFO zaino_serve::rpc::grpc::service: [TEST] received call, method: "get_block"
1791660952.877316 runnervmmprz5 zainod-0.10.1[2778]:     at packages/zaino-serve/src/rpc/grpc/service.rs:161
1791660956.901204 runnervmmprz5 zainod-0.10.1[2778]:   19:35:56.901  INFO zainodlib::indexer: Zaino status check, chain_state: Ready, fs_mode: ephemeral(syncing), json_rpc: Ready, grpc: Ready
1791660956.901204 runnervmmprz5 zainod-0.10.1[2778]:     at packages/zainod/src/indexer.rs:333
1791660957.874164 runnervmmprz5 zainod-0.10.1[2778]:   19:35:57.874  INFO zaino_serve::rpc::grpc::service: [TEST] received call, method: "get_lightd_info"
1791660957.874164 runnervmmprz5 zainod-0.10.1[2778]:     at packages/zaino-serve/src/rpc/grpc/service.rs:161
1791660957.877547 runnervmmprz5 zainod-0.10.1[2778]:   19:35:57.877  INFO zaino_serve::rpc::grpc::service: [TEST] received call, method: "get_block"
1791660957.877547 runnervmmprz5 zainod-0.10.1[2778]:     at packages/zaino-serve/src/rpc/grpc/service.rs:161
1791660957.878062 runnervmmprz5 zainod-0.10.1[2778]:   19:35:57.878  INFO zaino_serve::rpc::grpc::service: [TEST] received call, method: "get_block"
1791660957.878062 runnervmmprz5 zainod-0.10.1[2778]:     at packages/zaino-serve/src/rpc/grpc/service.rs:161
1791660959.931436 runnervmmprz5 zainod-0.10.1[2778]:   19:35:59.931  INFO zaino_chain_store_zainodb::store::finalised_source::v1::write_core: write_blocks_to_height: committed batch, height: 1999999, blocks: 100000
1791660959.931436 runnervmmprz5 zainod-0.10.1[2778]:     at packages/zaino-chain-store-zainodb/src/store/finalised_source/v1/write_core.rs:636
1791660961.127011 runnervmmprz5 zainod-0.10.1[2778]:   19:36:01.126  INFO zaino_chain_store_zainodb::store::finalised_source::v1::write_core: write_blocks_to_height: syncing, current: 2106857, target: 4381896, zebra_network: Testnet
1791660961.127011 runnervmmprz5 zainod-0.10.1[2778]:     at packages/zaino-chain-store-zainodb/src/store/finalised_source/v1/write_core.rs:184
1791660962.869335 runnervmmprz5 zainod-0.10.1[2778]:   19:36:02.869  INFO zaino_serve::rpc::grpc::service: [TEST] received call, method: "get_lightd_info"
1791660962.869335 runnervmmprz5 zainod-0.10.1[2778]:     at packages/zaino-serve/src/rpc/grpc/service.rs:161
1791660962.872325 runnervmmprz5 zainod-0.10.1[2778]:   19:36:02.872  INFO zaino_serve::rpc::grpc::service: [TEST] received call, method: "get_block"
1791660962.872325 runnervmmprz5 zainod-0.10.1[2778]:     at packages/zaino-serve/src/rpc/grpc/service.rs:161
1791660962.872850 runnervmmprz5 zainod-0.10.1[2778]:   19:36:02.872  INFO zaino_serve::rpc::grpc::service: [TEST] received call, method: "get_block"
1791660962.872850 runnervmmprz5 zainod-0.10.1[2778]:     at packages/zaino-serve/src/rpc/grpc/service.rs:161
1791660966.901258 runnervmmprz5 zainod-0.10.1[2778]:   19:36:06.901  INFO zainodlib::indexer: Zaino status check, chain_state: Ready, fs_mode: ephemeral(syncing), json_rpc: Ready, grpc: Ready
1791660966.901258 runnervmmprz5 zainod-0.10.1[2778]:     at packages/zainod/src/indexer.rs:333
1791660967.871617 runnervmmprz5 zainod-0.10.1[2778]:   19:36:07.871  INFO zaino_serve::rpc::grpc::service: [TEST] received call, method: "get_lightd_info"
1791660967.871617 runnervmmprz5 zainod-0.10.1[2778]:     at packages/zaino-serve/src/rpc/grpc/service.rs:161
1791660967.874663 runnervmmprz5 zainod-0.10.1[2778]:   19:36:07.874  INFO zaino_serve::rpc::grpc::service: [TEST] received call, method: "get_block"
1791660967.874663 runnervmmprz5 zainod-0.10.1[2778]:     at packages/zaino-serve/src/rpc/grpc/service.rs:161
1791660967.875341 runnervmmprz5 zainod-0.10.1[2778]:   19:36:07.875  INFO zaino_serve::rpc::grpc::service: [TEST] received call, method: "get_block"
1791660967.875341 runnervmmprz5 zainod-0.10.1[2778]:     at packages/zaino-serve/src/rpc/grpc/service.rs:161
1791660971.127461 runnervmmprz5 zainod-0.10.1[2778]:   19:36:11.127  INFO zaino_chain_store_zainodb::store::finalised_source::v1::write_core: write_blocks_to_height: syncing, current: 2134091, target: 4381896, zebra_network: Testnet
1791660971.127461 runnervmmprz5 zainod-0.10.1[2778]:     at packages/zaino-chain-store-zainodb/src/store/finalised_source/v1/write_core.rs:184
1791660972.873240 runnervmmprz5 zainod-0.10.1[2778]:   19:36:12.873  INFO zaino_serve::rpc::grpc::service: [TEST] received call, method: "get_lightd_info"
1791660972.873240 runnervmmprz5 zainod-0.10.1[2778]:     at packages/zaino-serve/src/rpc/grpc/service.rs:161
1791660972.877102 runnervmmprz5 zainod-0.10.1[2778]:   19:36:12.877  INFO zaino_serve::rpc::grpc::service: [TEST] received call, method: "get_block"
1791660972.877102 runnervmmprz5 zainod-0.10.1[2778]:     at packages/zaino-serve/src/rpc/grpc/service.rs:161
1791660972.877751 runnervmmprz5 zainod-0.10.1[2778]:   19:36:12.877  INFO zaino_serve::rpc::grpc::service: [TEST] received call, method: "get_block"
1791660972.877751 runnervmmprz5 zainod-0.10.1[2778]:     at packages/zaino-serve/src/rpc/grpc/service.rs:161
1791660977.001124 runnervmmprz5 zainod-0.10.1[2778]:   19:36:17.001  INFO zainodlib::indexer: Zaino status check, chain_state: Ready, fs_mode: ephemeral(syncing), json_rpc: Ready, grpc: Ready
1791660977.001124 runnervmmprz5 zainod-0.10.1[2778]:     at packages/zainod/src/indexer.rs:333
1791660977.875650 runnervmmprz5 zainod-0.10.1[2778]:   19:36:17.875  INFO zaino_serve::rpc::grpc::service: [TEST] received call, method: "get_lightd_info"
1791660977.875650 runnervmmprz5 zainod-0.10.1[2778]:     at packages/zaino-serve/src/rpc/grpc/service.rs:161
1791660977.879418 runnervmmprz5 zainod-0.10.1[2778]:   19:36:17.879  INFO zaino_serve::rpc::grpc::service: [TEST] received call, method: "get_block"
1791660977.879418 runnervmmprz5 zainod-0.10.1[2778]:     at packages/zaino-serve/src/rpc/grpc/service.rs:161
1791660977.880361 runnervmmprz5 zainod-0.10.1[2778]:   19:36:17.880  INFO zaino_serve::rpc::grpc::service: [TEST] received call, method: "get_block"
1791660977.880361 runnervmmprz5 zainod-0.10.1[2778]:     at packages/zaino-serve/src/rpc/grpc/service.rs:161
1791660981.207664 runnervmmprz5 zainod-0.10.1[2778]:   19:36:21.207  INFO zaino_chain_store_zainodb::store::finalised_source::v1::write_core: write_blocks_to_height: syncing, current: 2183519, target: 4381896, zebra_network: Testnet
1791660981.207664 runnervmmprz5 zainod-0.10.1[2778]:     at packages/zaino-chain-store-zainodb/src/store/finalised_source/v1/write_core.rs:184
1791660982.874018 runnervmmprz5 zainod-0.10.1[2778]:   19:36:22.873  INFO zaino_serve::rpc::grpc::service: [TEST] received call, method: "get_lightd_info"
1791660982.874018 runnervmmprz5 zainod-0.10.1[2778]:     at packages/zaino-serve/src/rpc/grpc/service.rs:161
1791660982.877655 runnervmmprz5 zainod-0.10.1[2778]:   19:36:22.877  INFO zaino_serve::rpc::grpc::service: [TEST] received call, method: "get_block"
1791660982.877655 runnervmmprz5 zainod-0.10.1[2778]:     at packages/zaino-serve/src/rpc/grpc/service.rs:161
1791660982.878404 runnervmmprz5 zainod-0.10.1[2778]:   19:36:22.878  INFO zaino_serve::rpc::grpc::service: [TEST] received call, method: "get_block"
1791660982.878404 runnervmmprz5 zainod-0.10.1[2778]:     at packages/zaino-serve/src/rpc/grpc/service.rs:161
1791660984.821433 runnervmmprz5 zainod-0.10.1[2778]:   19:36:24.821  INFO zaino_chain_store_zainodb::store::finalised_source::v1::write_core: write_blocks_to_height: committed batch, height: 2099999, blocks: 100000
1791660984.821433 runnervmmprz5 zainod-0.10.1[2778]:     at packages/zaino-chain-store-zainodb/src/store/finalised_source/v1/write_core.rs:636
1791660987.101106 runnervmmprz5 zainod-0.10.1[2778]:   19:36:27.101  INFO zainodlib::indexer: Zaino status check, chain_state: Ready, fs_mode: ephemeral(syncing), json_rpc: Ready, grpc: Ready
1791660987.101106 runnervmmprz5 zainod-0.10.1[2778]:     at packages/zainod/src/indexer.rs:333
1791660987.873044 runnervmmprz5 zainod-0.10.1[2778]:   19:36:27.873  INFO zaino_serve::rpc::grpc::service: [TEST] received call, method: "get_lightd_info"
1791660987.873044 runnervmmprz5 zainod-0.10.1[2778]:     at packages/zaino-serve/src/rpc/grpc/service.rs:161
1791660987.875868 runnervmmprz5 zainod-0.10.1[2778]:   19:36:27.875  INFO zaino_serve::rpc::grpc::service: [TEST] received call, method: "get_block"
1791660987.875868 runnervmmprz5 zainod-0.10.1[2778]:     at packages/zaino-serve/src/rpc/grpc/service.rs:161
1791660987.876413 runnervmmprz5 zainod-0.10.1[2778]:   19:36:27.876  INFO zaino_serve::rpc::grpc::service: [TEST] received call, method: "get_block"
1791660987.876413 runnervmmprz5 zainod-0.10.1[2778]:     at packages/zaino-serve/src/rpc/grpc/service.rs:161
1791660991.209242 runnervmmprz5 zainod-0.10.1[2778]:   19:36:31.209  INFO zaino_chain_store_zainodb::store::finalised_source::v1::write_core: write_blocks_to_height: syncing, current: 2211318, target: 4381896, zebra_network: Testnet
1791660991.209242 runnervmmprz5 zainod-0.10.1[2778]:     at packages/zaino-chain-store-zainodb/src/store/finalised_source/v1/write_core.rs:184
1791660993.184007 runnervmmprz5 zainod-0.10.1[2778]:   19:36:33.183  INFO zaino_serve::rpc::grpc::service: [TEST] received call, method: "get_lightd_info"
1791660993.184007 runnervmmprz5 zainod-0.10.1[2778]:     at packages/zaino-serve/src/rpc/grpc/service.rs:161
1791660993.187265 runnervmmprz5 zainod-0.10.1[2778]:   19:36:33.187  INFO zaino_serve::rpc::grpc::service: [TEST] received call, method: "get_block"
1791660993.187265 runnervmmprz5 zainod-0.10.1[2778]:     at packages/zaino-serve/src/rpc/grpc/service.rs:161
1791660993.187795 runnervmmprz5 zainod-0.10.1[2778]:   19:36:33.187  INFO zaino_serve::rpc::grpc::service: [TEST] received call, method: "get_block"
1791660993.187795 runnervmmprz5 zainod-0.10.1[2778]:     at packages/zaino-serve/src/rpc/grpc/service.rs:161
1791660997.201102 runnervmmprz5 zainod-0.10.1[2778]:   19:36:37.201  INFO zainodlib::indexer: Zaino status check, chain_state: Ready, fs_mode: ephemeral(syncing), json_rpc: Ready, grpc: Ready
1791660997.201102 runnervmmprz5 zainod-0.10.1[2778]:     at packages/zainod/src/indexer.rs:333
1791660997.878025 runnervmmprz5 zainod-0.10.1[2778]:   19:36:37.877  INFO zaino_serve::rpc::grpc::service: [TEST] received call, method: "get_lightd_info"
1791660997.878025 runnervmmprz5 zainod-0.10.1[2778]:     at packages/zaino-serve/src/rpc/grpc/service.rs:161
1791660997.882009 runnervmmprz5 zainod-0.10.1[2778]:   19:36:37.881  INFO zaino_serve::rpc::grpc::service: [TEST] received call, method: "get_block"
1791660997.882009 runnervmmprz5 zainod-0.10.1[2778]:     at packages/zaino-serve/src/rpc/grpc/service.rs:161
1791660997.882673 runnervmmprz5 zainod-0.10.1[2778]:   19:36:37.882  INFO zaino_serve::rpc::grpc::service: [TEST] received call, method: "get_block"
1791660997.882673 runnervmmprz5 zainod-0.10.1[2778]:     at packages/zaino-serve/src/rpc/grpc/service.rs:161
1791661001.209686 runnervmmprz5 zainod-0.10.1[2778]:   19:36:41.209  INFO zaino_chain_store_zainodb::store::finalised_source::v1::write_core: write_blocks_to_height: syncing, current: 2251314, target: 4381896, zebra_network: Testnet
1791661001.209686 runnervmmprz5 zainod-0.10.1[2778]:     at packages/zaino-chain-store-zainodb/src/store/finalised_source/v1/write_core.rs:184
1791661002.872945 runnervmmprz5 zainod-0.10.1[2778]:   19:36:42.872  INFO zaino_serve::rpc::grpc::service: [TEST] received call, method: "get_lightd_info"
1791661002.872945 runnervmmprz5 zainod-0.10.1[2778]:     at packages/zaino-serve/src/rpc/grpc/service.rs:161
1791661002.876036 runnervmmprz5 zainod-0.10.1[2778]:   19:36:42.876  INFO zaino_serve::rpc::grpc::service: [TEST] received call, method: "get_block"
1791661002.876036 runnervmmprz5 zainod-0.10.1[2778]:     at packages/zaino-serve/src/rpc/grpc/service.rs:161
1791661002.876664 runnervmmprz5 zainod-0.10.1[2778]:   19:36:42.876  INFO zaino_serve::rpc::grpc::service: [TEST] received call, method: "get_block"
1791661002.876664 runnervmmprz5 zainod-0.10.1[2778]:     at packages/zaino-serve/src/rpc/grpc/service.rs:161
1791661007.201231 runnervmmprz5 zainod-0.10.1[2778]:   19:36:47.201  INFO zainodlib::indexer: Zaino status check, chain_state: Ready, fs_mode: ephemeral(syncing), json_rpc: Ready, grpc: Ready
1791661007.201231 runnervmmprz5 zainod-0.10.1[2778]:     at packages/zainod/src/indexer.rs:333
1791661007.878468 runnervmmprz5 zainod-0.10.1[2778]:   19:36:47.878  INFO zaino_serve::rpc::grpc::service: [TEST] received call, method: "get_lightd_info"
1791661007.878468 runnervmmprz5 zainod-0.10.1[2778]:     at packages/zaino-serve/src/rpc/grpc/service.rs:161
1791661007.881913 runnervmmprz5 zainod-0.10.1[2778]:   19:36:47.881  INFO zaino_serve::rpc::grpc::service: [TEST] received call, method: "get_block"
1791661007.881913 runnervmmprz5 zainod-0.10.1[2778]:     at packages/zaino-serve/src/rpc/grpc/service.rs:161
1791661007.882514 runnervmmprz5 zainod-0.10.1[2778]:   19:36:47.882  INFO zaino_serve::rpc::grpc::service: [TEST] received call, method: "get_block"
1791661007.882514 runnervmmprz5 zainod-0.10.1[2778]:     at packages/zaino-serve/src/rpc/grpc/service.rs:161
1791661010.169932 runnervmmprz5 zainod-0.10.1[2778]:   19:36:50.169  INFO zaino_chain_store_zainodb::store::finalised_source::v1::write_core: write_blocks_to_height: committed batch, height: 2199999, blocks: 100000
1791661010.169932 runnervmmprz5 zainod-0.10.1[2778]:     at packages/zaino-chain-store-zainodb/src/store/finalised_source/v1/write_core.rs:636
1791661011.241199 runnervmmprz5 zainod-0.10.1[2778]:   19:36:51.241  INFO zaino_chain_store_zainodb::store::finalised_source::v1::write_core: write_blocks_to_height: syncing, current: 2302318, target: 4381896, zebra_network: Testnet
1791661011.241199 runnervmmprz5 zainod-0.10.1[2778]:     at packages/zaino-chain-store-zainodb/src/store/finalised_source/v1/write_core.rs:184
1791661012.877376 runnervmmprz5 zainod-0.10.1[2778]:   19:36:52.877  INFO zaino_serve::rpc::grpc::service: [TEST] received call, method: "get_lightd_info"
1791661012.877376 runnervmmprz5 zainod-0.10.1[2778]:     at packages/zaino-serve/src/rpc/grpc/service.rs:161
1791661012.881996 runnervmmprz5 zainod-0.10.1[2778]:   19:36:52.881  INFO zaino_serve::rpc::grpc::service: [TEST] received call, method: "get_block"
1791661012.881996 runnervmmprz5 zainod-0.10.1[2778]:     at packages/zaino-serve/src/rpc/grpc/service.rs:161
1791661012.882689 runnervmmprz5 zainod-0.10.1[2778]:   19:36:52.882  INFO zaino_serve::rpc::grpc::service: [TEST] received call, method: "get_block"
1791661012.882689 runnervmmprz5 zainod-0.10.1[2778]:     at packages/zaino-serve/src/rpc/grpc/service.rs:161
1791661017.300804 runnervmmprz5 zainod-0.10.1[2778]:   19:36:57.300  INFO zainodlib::indexer: Zaino status check, chain_state: Ready, fs_mode: ephemeral(syncing), json_rpc: Ready, grpc: Ready
1791661017.300804 runnervmmprz5 zainod-0.10.1[2778]:     at packages/zainod/src/indexer.rs:333
1791661017.875448 runnervmmprz5 zainod-0.10.1[2778]:   19:36:57.875  INFO zaino_serve::rpc::grpc::service: [TEST] received call, method: "get_lightd_info"
1791661017.875448 runnervmmprz5 zainod-0.10.1[2778]:     at packages/zaino-serve/src/rpc/grpc/service.rs:161
1791661017.878413 runnervmmprz5 zainod-0.10.1[2778]:   19:36:57.878  INFO zaino_serve::rpc::grpc::service: [TEST] received call, method: "get_block"
1791661017.878413 runnervmmprz5 zainod-0.10.1[2778]:     at packages/zaino-serve/src/rpc/grpc/service.rs:161
1791661017.878954 runnervmmprz5 zainod-0.10.1[2778]:   19:36:57.878  INFO zaino_serve::rpc::grpc::service: [TEST] received call, method: "get_block"
1791661017.878954 runnervmmprz5 zainod-0.10.1[2778]:     at packages/zaino-serve/src/rpc/grpc/service.rs:161
1791661021.401082 runnervmmprz5 zainod-0.10.1[2778]:   19:37:01.401  INFO zaino_chain_store_zainodb::store::finalised_source::v1::write_core: write_blocks_to_height: syncing, current: 2314270, target: 4381896, zebra_network: Testnet
1791661021.401082 runnervmmprz5 zainod-0.10.1[2778]:     at packages/zaino-chain-store-zainodb/src/store/finalised_source/v1/write_core.rs:184
1791661022.874751 runnervmmprz5 zainod-0.10.1[2778]:   19:37:02.874  INFO zaino_serve::rpc::grpc::service: [TEST] received call, method: "get_lightd_info"
1791661022.874751 runnervmmprz5 zainod-0.10.1[2778]:     at packages/zaino-serve/src/rpc/grpc/service.rs:161
1791661022.877780 runnervmmprz5 zainod-0.10.1[2778]:   19:37:02.877  INFO zaino_serve::rpc::grpc::service: [TEST] received call, method: "get_block"
1791661022.877780 runnervmmprz5 zainod-0.10.1[2778]:     at packages/zaino-serve/src/rpc/grpc/service.rs:161
1791661022.878373 runnervmmprz5 zainod-0.10.1[2778]:   19:37:02.878  INFO zaino_serve::rpc::grpc::service: [TEST] received call, method: "get_block"
1791661022.878373 runnervmmprz5 zainod-0.10.1[2778]:     at packages/zaino-serve/src/rpc/grpc/service.rs:161
1791661027.300971 runnervmmprz5 zainod-0.10.1[2778]:   19:37:07.300  INFO zainodlib::indexer: Zaino status check, chain_state: Ready, fs_mode: ephemeral(syncing), json_rpc: Ready, grpc: Ready
1791661027.300971 runnervmmprz5 zainod-0.10.1[2778]:     at packages/zainod/src/indexer.rs:333
1791661027.880256 runnervmmprz5 zainod-0.10.1[2778]:   19:37:07.880  INFO zaino_serve::rpc::grpc::service: [TEST] received call, method: "get_lightd_info"
1791661027.880256 runnervmmprz5 zainod-0.10.1[2778]:     at packages/zaino-serve/src/rpc/grpc/service.rs:161
1791661027.884055 runnervmmprz5 zainod-0.10.1[2778]:   19:37:07.884  INFO zaino_serve::rpc::grpc::service: [TEST] received call, method: "get_block"
1791661027.884055 runnervmmprz5 zainod-0.10.1[2778]:     at packages/zaino-serve/src/rpc/grpc/service.rs:161
1791661027.884744 runnervmmprz5 zainod-0.10.1[2778]:   19:37:07.884  INFO zaino_serve::rpc::grpc::service: [TEST] received call, method: "get_block"
1791661027.884744 runnervmmprz5 zainod-0.10.1[2778]:     at packages/zaino-serve/src/rpc/grpc/service.rs:161
1791661032.086843 runnervmmprz5 zainod-0.10.1[2778]:   19:37:12.086  INFO zaino_chain_store_zainodb::store::finalised_source::v1::write_core: write_blocks_to_height: syncing, current: 2330464, target: 4381896, zebra_network: Testnet
1791661032.086843 runnervmmprz5 zainod-0.10.1[2778]:     at packages/zaino-chain-store-zainodb/src/store/finalised_source/v1/write_core.rs:184
1791661032.877123 runnervmmprz5 zainod-0.10.1[2778]:   19:37:12.877  INFO zaino_serve::rpc::grpc::service: [TEST] received call, method: "get_lightd_info"
1791661032.877123 runnervmmprz5 zainod-0.10.1[2778]:     at packages/zaino-serve/src/rpc/grpc/service.rs:161
1791661032.880781 runnervmmprz5 zainod-0.10.1[2778]:   19:37:12.880  INFO zaino_serve::rpc::grpc::service: [TEST] received call, method: "get_block"
1791661032.880781 runnervmmprz5 zainod-0.10.1[2778]:     at packages/zaino-serve/src/rpc/grpc/service.rs:161
1791661032.881516 runnervmmprz5 zainod-0.10.1[2778]:   19:37:12.881  INFO zaino_serve::rpc::grpc::service: [TEST] received call, method: "get_block"
1791661032.881516 runnervmmprz5 zainod-0.10.1[2778]:     at packages/zaino-serve/src/rpc/grpc/service.rs:161
1791661037.401262 runnervmmprz5 zainod-0.10.1[2778]:   19:37:17.401  INFO zainodlib::indexer: Zaino status check, chain_state: Ready, fs_mode: ephemeral(syncing), json_rpc: Ready, grpc: Ready
1791661037.401262 runnervmmprz5 zainod-0.10.1[2778]:     at packages/zainod/src/indexer.rs:333
1791661037.877255 runnervmmprz5 zainod-0.10.1[2778]:   19:37:17.877  INFO zaino_serve::rpc::grpc::service: [TEST] received call, method: "get_lightd_info"
1791661037.877255 runnervmmprz5 zainod-0.10.1[2778]:     at packages/zaino-serve/src/rpc/grpc/service.rs:161
1791661037.880345 runnervmmprz5 zainod-0.10.1[2778]:   19:37:17.880  INFO zaino_serve::rpc::grpc::service: [TEST] received call, method: "get_block"
1791661037.880345 runnervmmprz5 zainod-0.10.1[2778]:     at packages/zaino-serve/src/rpc/grpc/service.rs:161
1791661037.880950 runnervmmprz5 zainod-0.10.1[2778]:   19:37:17.880  INFO zaino_serve::rpc::grpc::service: [TEST] received call, method: "get_block"
1791661037.880950 runnervmmprz5 zainod-0.10.1[2778]:     at packages/zaino-serve/src/rpc/grpc/service.rs:161
1791661042.087196 runnervmmprz5 zainod-0.10.1[2778]:   19:37:22.087  INFO zaino_chain_store_zainodb::store::finalised_source::v1::write_core: write_blocks_to_height: syncing, current: 2352355, target: 4381896, zebra_network: Testnet
1791661042.087196 runnervmmprz5 zainod-0.10.1[2778]:     at packages/zaino-chain-store-zainodb/src/store/finalised_source/v1/write_core.rs:184
1791661042.876531 runnervmmprz5 zainod-0.10.1[2778]:   19:37:22.876  INFO zaino_serve::rpc::grpc::service: [TEST] received call, method: "get_lightd_info"
1791661042.876531 runnervmmprz5 zainod-0.10.1[2778]:     at packages/zaino-serve/src/rpc/grpc/service.rs:161
1791661042.879616 runnervmmprz5 zainod-0.10.1[2778]:   19:37:22.879  INFO zaino_serve::rpc::grpc::service: [TEST] received call, method: "get_block"
1791661042.879616 runnervmmprz5 zainod-0.10.1[2778]:     at packages/zaino-serve/src/rpc/grpc/service.rs:161
1791661042.880203 runnervmmprz5 zainod-0.10.1[2778]:   19:37:22.880  INFO zaino_serve::rpc::grpc::service: [TEST] received call, method: "get_block"
1791661042.880203 runnervmmprz5 zainod-0.10.1[2778]:     at packages/zaino-serve/src/rpc/grpc/service.rs:161
1791661047.401621 runnervmmprz5 zainod-0.10.1[2778]:   19:37:27.401  INFO zainodlib::indexer: Zaino status check, chain_state: Ready, fs_mode: ephemeral(syncing), json_rpc: Ready, grpc: Ready
1791661047.401621 runnervmmprz5 zainod-0.10.1[2778]:     at packages/zainod/src/indexer.rs:333
1791661047.878223 runnervmmprz5 zainod-0.10.1[2778]:   19:37:27.878  INFO zaino_serve::rpc::grpc::service: [TEST] received call, method: "get_lightd_info"
1791661047.878223 runnervmmprz5 zainod-0.10.1[2778]:     at packages/zaino-serve/src/rpc/grpc/service.rs:161
1791661047.881132 runnervmmprz5 zainod-0.10.1[2778]:   19:37:27.881  INFO zaino_serve::rpc::grpc::service: [TEST] received call, method: "get_block"
1791661047.881132 runnervmmprz5 zainod-0.10.1[2778]:     at packages/zaino-serve/src/rpc/grpc/service.rs:161
1791661047.881653 runnervmmprz5 zainod-0.10.1[2778]:   19:37:27.881  INFO zaino_serve::rpc::grpc::service: [TEST] received call, method: "get_block"
1791661047.881653 runnervmmprz5 zainod-0.10.1[2778]:     at packages/zaino-serve/src/rpc/grpc/service.rs:161
1791661052.203155 runnervmmprz5 zainod-0.10.1[2778]:   19:37:32.203  INFO zaino_chain_store_zainodb::store::finalised_source::v1::write_core: write_blocks_to_height: syncing, current: 2374423, target: 4381896, zebra_network: Testnet
1791661052.203155 runnervmmprz5 zainod-0.10.1[2778]:     at packages/zaino-chain-store-zainodb/src/store/finalised_source/v1/write_core.rs:184
1791661052.881298 runnervmmprz5 zainod-0.10.1[2778]:   19:37:32.881  INFO zaino_serve::rpc::grpc::service: [TEST] received call, method: "get_lightd_info"
1791661052.881298 runnervmmprz5 zainod-0.10.1[2778]:     at packages/zaino-serve/src/rpc/grpc/service.rs:161
1791661052.884954 runnervmmprz5 zainod-0.10.1[2778]:   19:37:32.884  INFO zaino_serve::rpc::grpc::service: [TEST] received call, method: "get_block"
1791661052.884954 runnervmmprz5 zainod-0.10.1[2778]:     at packages/zaino-serve/src/rpc/grpc/service.rs:161
1791661052.885752 runnervmmprz5 zainod-0.10.1[2778]:   19:37:32.885  INFO zaino_serve::rpc::grpc::service: [TEST] received call, method: "get_block"
1791661052.885752 runnervmmprz5 zainod-0.10.1[2778]:     at packages/zaino-serve/src/rpc/grpc/service.rs:161
1791661057.500664 runnervmmprz5 zainod-0.10.1[2778]:   19:37:37.500  INFO zainodlib::indexer: Zaino status check, chain_state: Ready, fs_mode: ephemeral(syncing), json_rpc: Ready, grpc: Ready
1791661057.500664 runnervmmprz5 zainod-0.10.1[2778]:     at packages/zainod/src/indexer.rs:333
1791661057.879330 runnervmmprz5 zainod-0.10.1[2778]:   19:37:37.879  INFO zaino_serve::rpc::grpc::service: [TEST] received call, method: "get_lightd_info"
1791661057.879330 runnervmmprz5 zainod-0.10.1[2778]:     at packages/zaino-serve/src/rpc/grpc/service.rs:161
1791661057.882317 runnervmmprz5 zainod-0.10.1[2778]:   19:37:37.882  INFO zaino_serve::rpc::grpc::service: [TEST] received call, method: "get_block"
1791661057.882317 runnervmmprz5 zainod-0.10.1[2778]:     at packages/zaino-serve/src/rpc/grpc/service.rs:161
1791661057.882878 runnervmmprz5 zainod-0.10.1[2778]:   19:37:37.882  INFO zaino_serve::rpc::grpc::service: [TEST] received call, method: "get_block"
1791661057.882878 runnervmmprz5 zainod-0.10.1[2778]:     at packages/zaino-serve/src/rpc/grpc/service.rs:161
1791661062.474199 runnervmmprz5 zainod-0.10.1[2778]:   19:37:42.474  INFO zaino_chain_store_zainodb::store::finalised_source::v1::write_core: write_blocks_to_height: syncing, current: 2397079, target: 4381896, zebra_network: Testnet
1791661062.474199 runnervmmprz5 zainod-0.10.1[2778]:     at packages/zaino-chain-store-zainodb/src/store/finalised_source/v1/write_core.rs:184
1791661062.881063 runnervmmprz5 zainod-0.10.1[2778]:   19:37:42.881  INFO zaino_serve::rpc::grpc::service: [TEST] received call, method: "get_lightd_info"
1791661062.881063 runnervmmprz5 zainod-0.10.1[2778]:     at packages/zaino-serve/src/rpc/grpc/service.rs:161
1791661062.885206 runnervmmprz5 zainod-0.10.1[2778]:   19:37:42.885  INFO zaino_serve::rpc::grpc::service: [TEST] received call, method: "get_block"
1791661062.885206 runnervmmprz5 zainod-0.10.1[2778]:     at packages/zaino-serve/src/rpc/grpc/service.rs:161
1791661062.885820 runnervmmprz5 zainod-0.10.1[2778]:   19:37:42.885  INFO zaino_serve::rpc::grpc::service: [TEST] received call, method: "get_block"
1791661062.885820 runnervmmprz5 zainod-0.10.1[2778]:     at packages/zaino-serve/src/rpc/grpc/service.rs:161
1791661063.076671 runnervmmprz5 zainod-0.10.1[2778]:   19:37:43.076  INFO zaino_chain_store_zainodb::store::finalised_source::v1::write_core: write_blocks_to_height: committed batch, height: 2299999, blocks: 100000
1791661063.076671 runnervmmprz5 zainod-0.10.1[2778]:     at packages/zaino-chain-store-zainodb/src/store/finalised_source/v1/write_core.rs:636
1791661067.501139 runnervmmprz5 zainod-0.10.1[2778]:   19:37:47.501  INFO zainodlib::indexer: Zaino status check, chain_state: Ready, fs_mode: ephemeral(syncing), json_rpc: Ready, grpc: Ready
1791661067.501139 runnervmmprz5 zainod-0.10.1[2778]:     at packages/zainod/src/indexer.rs:333
1791661067.880896 runnervmmprz5 zainod-0.10.1[2778]:   19:37:47.880  INFO zaino_serve::rpc::grpc::service: [TEST] received call, method: "get_lightd_info"
1791661067.880896 runnervmmprz5 zainod-0.10.1[2778]:     at packages/zaino-serve/src/rpc/grpc/service.rs:161
1791661067.884079 runnervmmprz5 zainod-0.10.1[2778]:   19:37:47.884  INFO zaino_serve::rpc::grpc::service: [TEST] received call, method: "get_block"
1791661067.884079 runnervmmprz5 zainod-0.10.1[2778]:     at packages/zaino-serve/src/rpc/grpc/service.rs:161
1791661067.884616 runnervmmprz5 zainod-0.10.1[2778]:   19:37:47.884  INFO zaino_serve::rpc::grpc::service: [TEST] received call, method: "get_block"
1791661067.884616 runnervmmprz5 zainod-0.10.1[2778]:     at packages/zaino-serve/src/rpc/grpc/service.rs:161
1791661072.477570 runnervmmprz5 zainod-0.10.1[2778]:   19:37:52.477  INFO zaino_chain_store_zainodb::store::finalised_source::v1::write_core: write_blocks_to_height: syncing, current: 2415197, target: 4381896, zebra_network: Testnet
1791661072.477570 runnervmmprz5 zainod-0.10.1[2778]:     at packages/zaino-chain-store-zainodb/src/store/finalised_source/v1/write_core.rs:184
1791661072.879305 runnervmmprz5 zainod-0.10.1[2778]:   19:37:52.879  INFO zaino_serve::rpc::grpc::service: [TEST] received call, method: "get_lightd_info"
1791661072.879305 runnervmmprz5 zainod-0.10.1[2778]:     at packages/zaino-serve/src/rpc/grpc/service.rs:161
1791661072.882212 runnervmmprz5 zainod-0.10.1[2778]:   19:37:52.882  INFO zaino_serve::rpc::grpc::service: [TEST] received call, method: "get_block"
1791661072.882212 runnervmmprz5 zainod-0.10.1[2778]:     at packages/zaino-serve/src/rpc/grpc/service.rs:161
1791661072.882733 runnervmmprz5 zainod-0.10.1[2778]:   19:37:52.882  INFO zaino_serve::rpc::grpc::service: [TEST] received call, method: "get_block"
1791661072.882733 runnervmmprz5 zainod-0.10.1[2778]:     at packages/zaino-serve/src/rpc/grpc/service.rs:161
1791661077.600938 runnervmmprz5 zainod-0.10.1[2778]:   19:37:57.600  INFO zainodlib::indexer: Zaino status check, chain_state: Ready, fs_mode: ephemeral(syncing), json_rpc: Ready, grpc: Ready
1791661077.600938 runnervmmprz5 zainod-0.10.1[2778]:     at packages/zainod/src/indexer.rs:333
1791661077.880919 runnervmmprz5 zainod-0.10.1[2778]:   19:37:57.880  INFO zaino_serve::rpc::grpc::service: [TEST] received call, method: "get_lightd_info"
1791661077.880919 runnervmmprz5 zainod-0.10.1[2778]:     at packages/zaino-serve/src/rpc/grpc/service.rs:161
1791661077.883983 runnervmmprz5 zainod-0.10.1[2778]:   19:37:57.883  INFO zaino_serve::rpc::grpc::service: [TEST] received call, method: "get_block"
1791661077.883983 runnervmmprz5 zainod-0.10.1[2778]:     at packages/zaino-serve/src/rpc/grpc/service.rs:161
1791661077.884589 runnervmmprz5 zainod-0.10.1[2778]:   19:37:57.884  INFO zaino_serve::rpc::grpc::service: [TEST] received call, method: "get_block"
1791661077.884589 runnervmmprz5 zainod-0.10.1[2778]:     at packages/zaino-serve/src/rpc/grpc/service.rs:161
1791661082.478077 runnervmmprz5 zainod-0.10.1[2778]:   19:38:02.478  INFO zaino_chain_store_zainodb::store::finalised_source::v1::write_core: write_blocks_to_height: syncing, current: 2444201, target: 4381896, zebra_network: Testnet
1791661082.478077 runnervmmprz5 zainod-0.10.1[2778]:     at packages/zaino-chain-store-zainodb/src/store/finalised_source/v1/write_core.rs:184
1791661082.880381 runnervmmprz5 zainod-0.10.1[2778]:   19:38:02.880  INFO zaino_serve::rpc::grpc::service: [TEST] received call, method: "get_lightd_info"
1791661082.880381 runnervmmprz5 zainod-0.10.1[2778]:     at packages/zaino-serve/src/rpc/grpc/service.rs:161
1791661082.883522 runnervmmprz5 zainod-0.10.1[2778]:   19:38:02.883  INFO zaino_serve::rpc::grpc::service: [TEST] received call, method: "get_block"
1791661082.883522 runnervmmprz5 zainod-0.10.1[2778]:     at packages/zaino-serve/src/rpc/grpc/service.rs:161
1791661082.884127 runnervmmprz5 zainod-0.10.1[2778]:   19:38:02.884  INFO zaino_serve::rpc::grpc::service: [TEST] received call, method: "get_block"
1791661082.884127 runnervmmprz5 zainod-0.10.1[2778]:     at packages/zaino-serve/src/rpc/grpc/service.rs:161
1791661087.601216 runnervmmprz5 zainod-0.10.1[2778]:   19:38:07.601  INFO zainodlib::indexer: Zaino status check, chain_state: Ready, fs_mode: ephemeral(syncing), json_rpc: Ready, grpc: Ready
1791661087.601216 runnervmmprz5 zainod-0.10.1[2778]:     at packages/zainod/src/indexer.rs:333
1791661087.886843 runnervmmprz5 zainod-0.10.1[2778]:   19:38:07.886  INFO zaino_serve::rpc::grpc::service: [TEST] received call, method: "get_lightd_info"
1791661087.886843 runnervmmprz5 zainod-0.10.1[2778]:     at packages/zaino-serve/src/rpc/grpc/service.rs:161
1791661087.890304 runnervmmprz5 zainod-0.10.1[2778]:   19:38:07.890  INFO zaino_serve::rpc::grpc::service: [TEST] received call, method: "get_block"
1791661087.890304 runnervmmprz5 zainod-0.10.1[2778]:     at packages/zaino-serve/src/rpc/grpc/service.rs:161
1791661087.891022 runnervmmprz5 zainod-0.10.1[2778]:   19:38:07.890  INFO zaino_serve::rpc::grpc::service: [TEST] received call, method: "get_block"
1791661087.891022 runnervmmprz5 zainod-0.10.1[2778]:     at packages/zaino-serve/src/rpc/grpc/service.rs:161
1791661092.478339 runnervmmprz5 zainod-0.10.1[2778]:   19:38:12.478  INFO zaino_chain_store_zainodb::store::finalised_source::v1::write_core: write_blocks_to_height: syncing, current: 2479241, target: 4381896, zebra_network: Testnet
1791661092.478339 runnervmmprz5 zainod-0.10.1[2778]:     at packages/zaino-chain-store-zainodb/src/store/finalised_source/v1/write_core.rs:184
1791661092.884830 runnervmmprz5 zainod-0.10.1[2778]:   19:38:12.884  INFO zaino_serve::rpc::grpc::service: [TEST] received call, method: "get_lightd_info"
1791661092.884830 runnervmmprz5 zainod-0.10.1[2778]:     at packages/zaino-serve/src/rpc/grpc/service.rs:161
1791661092.887887 runnervmmprz5 zainod-0.10.1[2778]:   19:38:12.887  INFO zaino_serve::rpc::grpc::service: [TEST] received call, method: "get_block"
1791661092.887887 runnervmmprz5 zainod-0.10.1[2778]:     at packages/zaino-serve/src/rpc/grpc/service.rs:161
1791661092.888403 runnervmmprz5 zainod-0.10.1[2778]:   19:38:12.888  INFO zaino_serve::rpc::grpc::service: [TEST] received call, method: "get_block"
1791661092.888403 runnervmmprz5 zainod-0.10.1[2778]:     at packages/zaino-serve/src/rpc/grpc/service.rs:161
1791661097.023174 runnervmmprz5 zainod-0.10.1[2778]:   19:38:17.023  INFO zaino_chain_store_zainodb::store::finalised_source::v1::write_core: write_blocks_to_height: committed batch, height: 2399999, blocks: 100000
1791661097.023174 runnervmmprz5 zainod-0.10.1[2778]:     at packages/zaino-chain-store-zainodb/src/store/finalised_source/v1/write_core.rs:636
1791661097.701067 runnervmmprz5 zainod-0.10.1[2778]:   19:38:17.701  INFO zainodlib::indexer: Zaino status check, chain_state: Ready, fs_mode: ephemeral(syncing), json_rpc: Ready, grpc: Ready
1791661097.701067 runnervmmprz5 zainod-0.10.1[2778]:     at packages/zainod/src/indexer.rs:333
1791661097.884851 runnervmmprz5 zainod-0.10.1[2778]:   19:38:17.884  INFO zaino_serve::rpc::grpc::service: [TEST] received call, method: "get_lightd_info"
1791661097.884851 runnervmmprz5 zainod-0.10.1[2778]:     at packages/zaino-serve/src/rpc/grpc/service.rs:161
1791661097.887714 runnervmmprz5 zainod-0.10.1[2778]:   19:38:17.887  INFO zaino_serve::rpc::grpc::service: [TEST] received call, method: "get_block"
1791661097.887714 runnervmmprz5 zainod-0.10.1[2778]:     at packages/zaino-serve/src/rpc/grpc/service.rs:161
1791661097.888255 runnervmmprz5 zainod-0.10.1[2778]:   19:38:17.888  INFO zaino_serve::rpc::grpc::service: [TEST] received call, method: "get_block"
1791661097.888255 runnervmmprz5 zainod-0.10.1[2778]:     at packages/zaino-serve/src/rpc/grpc/service.rs:161
1791661102.506195 runnervmmprz5 zainod-0.10.1[2778]:   19:38:22.506  INFO zaino_chain_store_zainodb::store::finalised_source::v1::write_core: write_blocks_to_height: syncing, current: 2510439, target: 4381896, zebra_network: Testnet
1791661102.506195 runnervmmprz5 zainod-0.10.1[2778]:     at packages/zaino-chain-store-zainodb/src/store/finalised_source/v1/write_core.rs:184
1791661102.883196 runnervmmprz5 zainod-0.10.1[2778]:   19:38:22.883  INFO zaino_serve::rpc::grpc::service: [TEST] received call, method: "get_lightd_info"
1791661102.883196 runnervmmprz5 zainod-0.10.1[2778]:     at packages/zaino-serve/src/rpc/grpc/service.rs:161
1791661102.886621 runnervmmprz5 zainod-0.10.1[2778]:   19:38:22.886  INFO zaino_serve::rpc::grpc::service: [TEST] received call, method: "get_block"
1791661102.886621 runnervmmprz5 zainod-0.10.1[2778]:     at packages/zaino-serve/src/rpc/grpc/service.rs:161
1791661102.887151 runnervmmprz5 zainod-0.10.1[2778]:   19:38:22.887  INFO zaino_serve::rpc::grpc::service: [TEST] received call, method: "get_block"
1791661102.887151 runnervmmprz5 zainod-0.10.1[2778]:     at packages/zaino-serve/src/rpc/grpc/service.rs:161
1791661108.586415 runnervmmprz5 zainod-0.10.1[2778]:   19:38:28.586  INFO zainodlib::indexer: Zaino status check, chain_state: Ready, fs_mode: ephemeral(syncing), json_rpc: Ready, grpc: Ready
1791661108.586415 runnervmmprz5 zainod-0.10.1[2778]:     at packages/zainod/src/indexer.rs:333
1791661108.587125 runnervmmprz5 zainod-0.10.1[2778]:   19:38:28.586  INFO zaino_serve::rpc::grpc::service: [TEST] received call, method: "get_lightd_info"
1791661108.587125 runnervmmprz5 zainod-0.10.1[2778]:     at packages/zaino-serve/src/rpc/grpc/service.rs:161
1791661108.590151 runnervmmprz5 zainod-0.10.1[2778]:   19:38:28.590  INFO zaino_serve::rpc::grpc::service: [TEST] received call, method: "get_block"
1791661108.590151 runnervmmprz5 zainod-0.10.1[2778]:     at packages/zaino-serve/src/rpc/grpc/service.rs:161
1791661108.590660 runnervmmprz5 zainod-0.10.1[2778]:   19:38:28.590  INFO zaino_serve::rpc::grpc::service: [TEST] received call, method: "get_block"
1791661108.590660 runnervmmprz5 zainod-0.10.1[2778]:     at packages/zaino-serve/src/rpc/grpc/service.rs:161
1791661112.506521 runnervmmprz5 zainod-0.10.1[2778]:   19:38:32.506  INFO zaino_chain_store_zainodb::store::finalised_source::v1::write_core: write_blocks_to_height: syncing, current: 2531346, target: 4381896, zebra_network: Testnet
1791661112.506521 runnervmmprz5 zainod-0.10.1[2778]:     at packages/zaino-chain-store-zainodb/src/store/finalised_source/v1/write_core.rs:184
1791661112.886869 runnervmmprz5 zainod-0.10.1[2778]:   19:38:32.886  INFO zaino_serve::rpc::grpc::service: [TEST] received call, method: "get_lightd_info"
1791661112.886869 runnervmmprz5 zainod-0.10.1[2778]:     at packages/zaino-serve/src/rpc/grpc/service.rs:161
1791661112.890885 runnervmmprz5 zainod-0.10.1[2778]:   19:38:32.890  INFO zaino_serve::rpc::grpc::service: [TEST] received call, method: "get_block"
1791661112.890885 runnervmmprz5 zainod-0.10.1[2778]:     at packages/zaino-serve/src/rpc/grpc/service.rs:161
1791661112.891690 runnervmmprz5 zainod-0.10.1[2778]:   19:38:32.891  INFO zaino_serve::rpc::grpc::service: [TEST] received call, method: "get_block"
1791661112.891690 runnervmmprz5 zainod-0.10.1[2778]:     at packages/zaino-serve/src/rpc/grpc/service.rs:161
1791661117.887899 runnervmmprz5 zainod-0.10.1[2778]:   19:38:37.887  INFO zaino_serve::rpc::grpc::service: [TEST] received call, method: "get_lightd_info"
1791661117.887899 runnervmmprz5 zainod-0.10.1[2778]:     at packages/zaino-serve/src/rpc/grpc/service.rs:161
1791661117.892593 runnervmmprz5 zainod-0.10.1[2778]:   19:38:37.892  INFO zaino_serve::rpc::grpc::service: [TEST] received call, method: "get_block"
1791661117.892593 runnervmmprz5 zainod-0.10.1[2778]:     at packages/zaino-serve/src/rpc/grpc/service.rs:161
1791661117.893339 runnervmmprz5 zainod-0.10.1[2778]:   19:38:37.893  INFO zaino_serve::rpc::grpc::service: [TEST] received call, method: "get_block"
1791661117.893339 runnervmmprz5 zainod-0.10.1[2778]:     at packages/zaino-serve/src/rpc/grpc/service.rs:161
1791661118.601215 runnervmmprz5 zainod-0.10.1[2778]:   19:38:38.601  INFO zainodlib::indexer: Zaino status check, chain_state: Ready, fs_mode: ephemeral(syncing), json_rpc: Ready, grpc: Ready
1791661118.601215 runnervmmprz5 zainod-0.10.1[2778]:     at packages/zainod/src/indexer.rs:333
1791661122.506584 runnervmmprz5 zainod-0.10.1[2778]:   19:38:42.506  INFO zaino_chain_store_zainodb::store::finalised_source::v1::write_core: write_blocks_to_height: syncing, current: 2566578, target: 4381896, zebra_network: Testnet
1791661122.506584 runnervmmprz5 zainod-0.10.1[2778]:     at packages/zaino-chain-store-zainodb/src/store/finalised_source/v1/write_core.rs:184
1791661122.883783 runnervmmprz5 zainod-0.10.1[2778]:   19:38:42.883  INFO zaino_serve::rpc::grpc::service: [TEST] received call, method: "get_lightd_info"
1791661122.883783 runnervmmprz5 zainod-0.10.1[2778]:     at packages/zaino-serve/src/rpc/grpc/service.rs:161
1791661122.886878 runnervmmprz5 zainod-0.10.1[2778]:   19:38:42.886  INFO zaino_serve::rpc::grpc::service: [TEST] received call, method: "get_block"
1791661122.886878 runnervmmprz5 zainod-0.10.1[2778]:     at packages/zaino-serve/src/rpc/grpc/service.rs:161
1791661122.887460 runnervmmprz5 zainod-0.10.1[2778]:   19:38:42.887  INFO zaino_serve::rpc::grpc::service: [TEST] received call, method: "get_block"
1791661122.887460 runnervmmprz5 zainod-0.10.1[2778]:     at packages/zaino-serve/src/rpc/grpc/service.rs:161
1791661127.889677 runnervmmprz5 zainod-0.10.1[2778]:   19:38:47.889  INFO zaino_serve::rpc::grpc::service: [TEST] received call, method: "get_lightd_info"
1791661127.889677 runnervmmprz5 zainod-0.10.1[2778]:     at packages/zaino-serve/src/rpc/grpc/service.rs:161
1791661127.893532 runnervmmprz5 zainod-0.10.1[2778]:   19:38:47.893  INFO zaino_serve::rpc::grpc::service: [TEST] received call, method: "get_block"
1791661127.893532 runnervmmprz5 zainod-0.10.1[2778]:     at packages/zaino-serve/src/rpc/grpc/service.rs:161
1791661127.894244 runnervmmprz5 zainod-0.10.1[2778]:   19:38:47.894  INFO zaino_serve::rpc::grpc::service: [TEST] received call, method: "get_block"
1791661127.894244 runnervmmprz5 zainod-0.10.1[2778]:     at packages/zaino-serve/src/rpc/grpc/service.rs:161
1791661128.701413 runnervmmprz5 zainod-0.10.1[2778]:   19:38:48.701  INFO zainodlib::indexer: Zaino status check, chain_state: Ready, fs_mode: ephemeral(syncing), json_rpc: Ready, grpc: Ready
1791661128.701413 runnervmmprz5 zainod-0.10.1[2778]:     at packages/zainod/src/indexer.rs:333
1791661132.520744 runnervmmprz5 zainod-0.10.1[2778]:   19:38:52.520  INFO zaino_chain_store_zainodb::store::finalised_source::v1::write_core: write_blocks_to_height: syncing, current: 2597052, target: 4381896, zebra_network: Testnet
1791661132.520744 runnervmmprz5 zainod-0.10.1[2778]:     at packages/zaino-chain-store-zainodb/src/store/finalised_source/v1/write_core.rs:184
1791661132.884838 runnervmmprz5 zainod-0.10.1[2778]:   19:38:52.884  INFO zaino_serve::rpc::grpc::service: [TEST] received call, method: "get_lightd_info"
1791661132.884838 runnervmmprz5 zainod-0.10.1[2778]:     at packages/zaino-serve/src/rpc/grpc/service.rs:161
1791661132.887880 runnervmmprz5 zainod-0.10.1[2778]:   19:38:52.887  INFO zaino_serve::rpc::grpc::service: [TEST] received call, method: "get_block"
1791661132.887880 runnervmmprz5 zainod-0.10.1[2778]:     at packages/zaino-serve/src/rpc/grpc/service.rs:161
1791661132.888464 runnervmmprz5 zainod-0.10.1[2778]:   19:38:52.888  INFO zaino_serve::rpc::grpc::service: [TEST] received call, method: "get_block"
1791661132.888464 runnervmmprz5 zainod-0.10.1[2778]:     at packages/zaino-serve/src/rpc/grpc/service.rs:161
1791661134.312845 runnervmmprz5 zainod-0.10.1[2778]:   19:38:54.312  INFO zaino_chain_store_zainodb::store::finalised_source::v1::write_core: write_blocks_to_height: committed batch, height: 2499999, blocks: 100000
1791661134.312845 runnervmmprz5 zainod-0.10.1[2778]:     at packages/zaino-chain-store-zainodb/src/store/finalised_source/v1/write_core.rs:636
1791661137.886925 runnervmmprz5 zainod-0.10.1[2778]:   19:38:57.886  INFO zaino_serve::rpc::grpc::service: [TEST] received call, method: "get_lightd_info"
1791661137.886925 runnervmmprz5 zainod-0.10.1[2778]:     at packages/zaino-serve/src/rpc/grpc/service.rs:161
1791661137.890205 runnervmmprz5 zainod-0.10.1[2778]:   19:38:57.890  INFO zaino_serve::rpc::grpc::service: [TEST] received call, method: "get_block"
1791661137.890205 runnervmmprz5 zainod-0.10.1[2778]:     at packages/zaino-serve/src/rpc/grpc/service.rs:161
1791661137.890775 runnervmmprz5 zainod-0.10.1[2778]:   19:38:57.890  INFO zaino_serve::rpc::grpc::service: [TEST] received call, method: "get_block"
1791661137.890775 runnervmmprz5 zainod-0.10.1[2778]:     at packages/zaino-serve/src/rpc/grpc/service.rs:161
1791661138.801153 runnervmmprz5 zainod-0.10.1[2778]:   19:38:58.801  INFO zainodlib::indexer: Zaino status check, chain_state: Ready, fs_mode: ephemeral(syncing), json_rpc: Ready, grpc: Ready
1791661138.801153 runnervmmprz5 zainod-0.10.1[2778]:     at packages/zainod/src/indexer.rs:333
1791661142.521713 runnervmmprz5 zainod-0.10.1[2778]:   19:39:02.521  INFO zaino_chain_store_zainodb::store::finalised_source::v1::write_core: write_blocks_to_height: syncing, current: 2612575, target: 4381896, zebra_network: Testnet
1791661142.521713 runnervmmprz5 zainod-0.10.1[2778]:     at packages/zaino-chain-store-zainodb/src/store/finalised_source/v1/write_core.rs:184
1791661142.886088 runnervmmprz5 zainod-0.10.1[2778]:   19:39:02.886  INFO zaino_serve::rpc::grpc::service: [TEST] received call, method: "get_lightd_info"
1791661142.886088 runnervmmprz5 zainod-0.10.1[2778]:     at packages/zaino-serve/src/rpc/grpc/service.rs:161
1791661142.888950 runnervmmprz5 zainod-0.10.1[2778]:   19:39:02.888  INFO zaino_serve::rpc::grpc::service: [TEST] received call, method: "get_block"
1791661142.888950 runnervmmprz5 zainod-0.10.1[2778]:     at packages/zaino-serve/src/rpc/grpc/service.rs:161
1791661142.889507 runnervmmprz5 zainod-0.10.1[2778]:   19:39:02.889  INFO zaino_serve::rpc::grpc::service: [TEST] received call, method: "get_block"
1791661142.889507 runnervmmprz5 zainod-0.10.1[2778]:     at packages/zaino-serve/src/rpc/grpc/service.rs:161
1791661147.887133 runnervmmprz5 zainod-0.10.1[2778]:   19:39:07.887  INFO zaino_serve::rpc::grpc::service: [TEST] received call, method: "get_lightd_info"
1791661147.887133 runnervmmprz5 zainod-0.10.1[2778]:     at packages/zaino-serve/src/rpc/grpc/service.rs:161
1791661147.890224 runnervmmprz5 zainod-0.10.1[2778]:   19:39:07.890  INFO zaino_serve::rpc::grpc::service: [TEST] received call, method: "get_block"
1791661147.890224 runnervmmprz5 zainod-0.10.1[2778]:     at packages/zaino-serve/src/rpc/grpc/service.rs:161
1791661147.890869 runnervmmprz5 zainod-0.10.1[2778]:   19:39:07.890  INFO zaino_serve::rpc::grpc::service: [TEST] received call, method: "get_block"
1791661147.890869 runnervmmprz5 zainod-0.10.1[2778]:     at packages/zaino-serve/src/rpc/grpc/service.rs:161
1791661148.901243 runnervmmprz5 zainod-0.10.1[2778]:   19:39:08.901  INFO zainodlib::indexer: Zaino status check, chain_state: Ready, fs_mode: ephemeral(syncing), json_rpc: Ready, grpc: Ready
1791661148.901243 runnervmmprz5 zainod-0.10.1[2778]:     at packages/zainod/src/indexer.rs:333
1791661152.557715 runnervmmprz5 zainod-0.10.1[2778]:   19:39:12.557  INFO zaino_chain_store_zainodb::store::finalised_source::v1::write_core: write_blocks_to_height: syncing, current: 2636239, target: 4381896, zebra_network: Testnet
1791661152.557715 runnervmmprz5 zainod-0.10.1[2778]:     at packages/zaino-chain-store-zainodb/src/store/finalised_source/v1/write_core.rs:184
1791661152.890872 runnervmmprz5 zainod-0.10.1[2778]:   19:39:12.890  INFO zaino_serve::rpc::grpc::service: [TEST] received call, method: "get_lightd_info"
1791661152.890872 runnervmmprz5 zainod-0.10.1[2778]:     at packages/zaino-serve/src/rpc/grpc/service.rs:161
1791661152.895116 runnervmmprz5 zainod-0.10.1[2778]:   19:39:12.895  INFO zaino_serve::rpc::grpc::service: [TEST] received call, method: "get_block"
1791661152.895116 runnervmmprz5 zainod-0.10.1[2778]:     at packages/zaino-serve/src/rpc/grpc/service.rs:161
1791661152.895781 runnervmmprz5 zainod-0.10.1[2778]:   19:39:12.895  INFO zaino_serve::rpc::grpc::service: [TEST] received call, method: "get_block"
1791661152.895781 runnervmmprz5 zainod-0.10.1[2778]:     at packages/zaino-serve/src/rpc/grpc/service.rs:161
1791661157.890940 runnervmmprz5 zainod-0.10.1[2778]:   19:39:17.890  INFO zaino_serve::rpc::grpc::service: [TEST] received call, method: "get_lightd_info"
1791661157.890940 runnervmmprz5 zainod-0.10.1[2778]:     at packages/zaino-serve/src/rpc/grpc/service.rs:161
1791661157.894824 runnervmmprz5 zainod-0.10.1[2778]:   19:39:17.894  INFO zaino_serve::rpc::grpc::service: [TEST] received call, method: "get_block"
1791661157.894824 runnervmmprz5 zainod-0.10.1[2778]:     at packages/zaino-serve/src/rpc/grpc/service.rs:161
1791661157.895509 runnervmmprz5 zainod-0.10.1[2778]:   19:39:17.895  INFO zaino_serve::rpc::grpc::service: [TEST] received call, method: "get_block"
1791661157.895509 runnervmmprz5 zainod-0.10.1[2778]:     at packages/zaino-serve/src/rpc/grpc/service.rs:161
1791661158.901373 runnervmmprz5 zainod-0.10.1[2778]:   19:39:18.901  INFO zainodlib::indexer: Zaino status check, chain_state: Ready, fs_mode: ephemeral(syncing), json_rpc: Ready, grpc: Ready
1791661158.901373 runnervmmprz5 zainod-0.10.1[2778]:     at packages/zainod/src/indexer.rs:333
1791661162.557836 runnervmmprz5 zainod-0.10.1[2778]:   19:39:22.557  INFO zaino_chain_store_zainodb::store::finalised_source::v1::write_core: write_blocks_to_height: syncing, current: 2680777, target: 4381896, zebra_network: Testnet
1791661162.557836 runnervmmprz5 zainod-0.10.1[2778]:     at packages/zaino-chain-store-zainodb/src/store/finalised_source/v1/write_core.rs:184
1791661162.889423 runnervmmprz5 zainod-0.10.1[2778]:   19:39:22.889  INFO zaino_serve::rpc::grpc::service: [TEST] received call, method: "get_lightd_info"
1791661162.889423 runnervmmprz5 zainod-0.10.1[2778]:     at packages/zaino-serve/src/rpc/grpc/service.rs:161
1791661162.892192 runnervmmprz5 zainod-0.10.1[2778]:   19:39:22.892  INFO zaino_serve::rpc::grpc::service: [TEST] received call, method: "get_block"
1791661162.892192 runnervmmprz5 zainod-0.10.1[2778]:     at packages/zaino-serve/src/rpc/grpc/service.rs:161
1791661162.892716 runnervmmprz5 zainod-0.10.1[2778]:   19:39:22.892  INFO zaino_serve::rpc::grpc::service: [TEST] received call, method: "get_block"
1791661162.892716 runnervmmprz5 zainod-0.10.1[2778]:     at packages/zaino-serve/src/rpc/grpc/service.rs:161
1791661165.979864 runnervmmprz5 zainod-0.10.1[2778]:   19:39:25.979  INFO zaino_chain_store_zainodb::store::finalised_source::v1::write_core: write_blocks_to_height: committed batch, height: 2599999, blocks: 100000
1791661165.979864 runnervmmprz5 zainod-0.10.1[2778]:     at packages/zaino-chain-store-zainodb/src/store/finalised_source/v1/write_core.rs:636
1791661167.896473 runnervmmprz5 zainod-0.10.1[2778]:   19:39:27.896  INFO zaino_serve::rpc::grpc::service: [TEST] received call, method: "get_lightd_info"
1791661167.896473 runnervmmprz5 zainod-0.10.1[2778]:     at packages/zaino-serve/src/rpc/grpc/service.rs:161
1791661167.901282 runnervmmprz5 zainod-0.10.1[2778]:   19:39:27.901  INFO zaino_serve::rpc::grpc::service: [TEST] received call, method: "get_block"
1791661167.901282 runnervmmprz5 zainod-0.10.1[2778]:     at packages/zaino-serve/src/rpc/grpc/service.rs:161
1791661167.902205 runnervmmprz5 zainod-0.10.1[2778]:   19:39:27.902  INFO zaino_serve::rpc::grpc::service: [TEST] received call, method: "get_block"
1791661167.902205 runnervmmprz5 zainod-0.10.1[2778]:     at packages/zaino-serve/src/rpc/grpc/service.rs:161
1791661168.901575 runnervmmprz5 zainod-0.10.1[2778]:   19:39:28.901  INFO zainodlib::indexer: Zaino status check, chain_state: Ready, fs_mode: ephemeral(syncing), json_rpc: Ready, grpc: Ready
1791661168.901575 runnervmmprz5 zainod-0.10.1[2778]:     at packages/zainod/src/indexer.rs:333
1791661172.591114 runnervmmprz5 zainod-0.10.1[2778]:   19:39:32.591  INFO zaino_chain_store_zainodb::store::finalised_source::v1::write_core: write_blocks_to_height: syncing, current: 2714666, target: 4381896, zebra_network: Testnet
1791661172.591114 runnervmmprz5 zainod-0.10.1[2778]:     at packages/zaino-chain-store-zainodb/src/store/finalised_source/v1/write_core.rs:184
1791661173.980658 runnervmmprz5 zainod-0.10.1[2778]:   19:39:33.980  INFO zaino_serve::rpc::grpc::service: [TEST] received call, method: "get_lightd_info"
1791661173.980658 runnervmmprz5 zainod-0.10.1[2778]:     at packages/zaino-serve/src/rpc/grpc/service.rs:161
1791661173.984034 runnervmmprz5 zainod-0.10.1[2778]:   19:39:33.984  INFO zaino_serve::rpc::grpc::service: [TEST] received call, method: "get_block"
1791661173.984034 runnervmmprz5 zainod-0.10.1[2778]:     at packages/zaino-serve/src/rpc/grpc/service.rs:161
1791661173.984624 runnervmmprz5 zainod-0.10.1[2778]:   19:39:33.984  INFO zaino_serve::rpc::grpc::service: [TEST] received call, method: "get_block"
1791661173.984624 runnervmmprz5 zainod-0.10.1[2778]:     at packages/zaino-serve/src/rpc/grpc/service.rs:161
1791661177.998372 runnervmmprz5 zainod-0.10.1[2778]:   19:39:37.998  INFO zaino_serve::rpc::grpc::service: [TEST] received call, method: "get_lightd_info"
1791661177.998372 runnervmmprz5 zainod-0.10.1[2778]:     at packages/zaino-serve/src/rpc/grpc/service.rs:161
1791661178.002253 runnervmmprz5 zainod-0.10.1[2778]:   19:39:38.002  INFO zaino_serve::rpc::grpc::service: [TEST] received call, method: "get_block"
1791661178.002253 runnervmmprz5 zainod-0.10.1[2778]:     at packages/zaino-serve/src/rpc/grpc/service.rs:161
1791661178.002826 runnervmmprz5 zainod-0.10.1[2778]:   19:39:38.002  INFO zaino_serve::rpc::grpc::service: [TEST] received call, method: "get_block"
1791661178.002826 runnervmmprz5 zainod-0.10.1[2778]:     at packages/zaino-serve/src/rpc/grpc/service.rs:161
1791661178.901621 runnervmmprz5 zainod-0.10.1[2778]:   19:39:38.901  INFO zainodlib::indexer: Zaino status check, chain_state: Ready, fs_mode: ephemeral(syncing), json_rpc: Ready, grpc: Ready
1791661178.901621 runnervmmprz5 zainod-0.10.1[2778]:     at packages/zainod/src/indexer.rs:333
1791661182.591162 runnervmmprz5 zainod-0.10.1[2778]:   19:39:42.591  INFO zaino_chain_store_zainodb::store::finalised_source::v1::write_core: write_blocks_to_height: syncing, current: 2747123, target: 4381896, zebra_network: Testnet
1791661182.591162 runnervmmprz5 zainod-0.10.1[2778]:     at packages/zaino-chain-store-zainodb/src/store/finalised_source/v1/write_core.rs:184
1791661182.997325 runnervmmprz5 zainod-0.10.1[2778]:   19:39:42.997  INFO zaino_serve::rpc::grpc::service: [TEST] received call, method: "get_lightd_info"
1791661182.997325 runnervmmprz5 zainod-0.10.1[2778]:     at packages/zaino-serve/src/rpc/grpc/service.rs:161
1791661183.000874 runnervmmprz5 zainod-0.10.1[2778]:   19:39:43.000  INFO zaino_serve::rpc::grpc::service: [TEST] received call, method: "get_block"
1791661183.000874 runnervmmprz5 zainod-0.10.1[2778]:     at packages/zaino-serve/src/rpc/grpc/service.rs:161
1791661183.001812 runnervmmprz5 zainod-0.10.1[2778]:   19:39:43.001  INFO zaino_serve::rpc::grpc::service: [TEST] received call, method: "get_block"
1791661183.001812 runnervmmprz5 zainod-0.10.1[2778]:     at packages/zaino-serve/src/rpc/grpc/service.rs:161
1791661188.000878 runnervmmprz5 zainod-0.10.1[2778]:   19:39:48.000  INFO zaino_serve::rpc::grpc::service: [TEST] received call, method: "get_lightd_info"
1791661188.000878 runnervmmprz5 zainod-0.10.1[2778]:     at packages/zaino-serve/src/rpc/grpc/service.rs:161
1791661188.004463 runnervmmprz5 zainod-0.10.1[2778]:   19:39:48.004  INFO zaino_serve::rpc::grpc::service: [TEST] received call, method: "get_block"
1791661188.004463 runnervmmprz5 zainod-0.10.1[2778]:     at packages/zaino-serve/src/rpc/grpc/service.rs:161
1791661188.005163 runnervmmprz5 zainod-0.10.1[2778]:   19:39:48.005  INFO zaino_serve::rpc::grpc::service: [TEST] received call, method: "get_block"
1791661188.005163 runnervmmprz5 zainod-0.10.1[2778]:     at packages/zaino-serve/src/rpc/grpc/service.rs:161
1791661189.000969 runnervmmprz5 zainod-0.10.1[2778]:   19:39:49.000  INFO zainodlib::indexer: Zaino status check, chain_state: Ready, fs_mode: ephemeral(syncing), json_rpc: Ready, grpc: Ready
1791661189.000969 runnervmmprz5 zainod-0.10.1[2778]:     at packages/zainod/src/indexer.rs:333
1791661192.591580 runnervmmprz5 zainod-0.10.1[2778]:   19:39:52.591  INFO zaino_chain_store_zainodb::store::finalised_source::v1::write_core: write_blocks_to_height: syncing, current: 2792990, target: 4381896, zebra_network: Testnet
1791661192.591580 runnervmmprz5 zainod-0.10.1[2778]:     at packages/zaino-chain-store-zainodb/src/store/finalised_source/v1/write_core.rs:184
1791661192.995773 runnervmmprz5 zainod-0.10.1[2778]:   19:39:52.995  INFO zaino_serve::rpc::grpc::service: [TEST] received call, method: "get_lightd_info"
1791661192.995773 runnervmmprz5 zainod-0.10.1[2778]:     at packages/zaino-serve/src/rpc/grpc/service.rs:161
1791661192.998763 runnervmmprz5 zainod-0.10.1[2778]:   19:39:52.998  INFO zaino_serve::rpc::grpc::service: [TEST] received call, method: "get_block"
1791661192.998763 runnervmmprz5 zainod-0.10.1[2778]:     at packages/zaino-serve/src/rpc/grpc/service.rs:161
1791661192.999389 runnervmmprz5 zainod-0.10.1[2778]:   19:39:52.999  INFO zaino_serve::rpc::grpc::service: [TEST] received call, method: "get_block"
1791661192.999389 runnervmmprz5 zainod-0.10.1[2778]:     at packages/zaino-serve/src/rpc/grpc/service.rs:161
1791661195.499334 runnervmmprz5 zainod-0.10.1[2778]:   19:39:55.499  INFO zaino_chain_store_zainodb::store::finalised_source::v1::write_core: write_blocks_to_height: committed batch, height: 2699999, blocks: 100000
1791661195.499334 runnervmmprz5 zainod-0.10.1[2778]:     at packages/zaino-chain-store-zainodb/src/store/finalised_source/v1/write_core.rs:636
1791661198.003705 runnervmmprz5 zainod-0.10.1[2778]:   19:39:58.003  INFO zaino_serve::rpc::grpc::service: [TEST] received call, method: "get_lightd_info"
1791661198.003705 runnervmmprz5 zainod-0.10.1[2778]:     at packages/zaino-serve/src/rpc/grpc/service.rs:161
1791661198.009272 runnervmmprz5 zainod-0.10.1[2778]:   19:39:58.009  INFO zaino_serve::rpc::grpc::service: [TEST] received call, method: "get_block"
1791661198.009272 runnervmmprz5 zainod-0.10.1[2778]:     at packages/zaino-serve/src/rpc/grpc/service.rs:161
1791661198.010086 runnervmmprz5 zainod-0.10.1[2778]:   19:39:58.010  INFO zaino_serve::rpc::grpc::service: [TEST] received call, method: "get_block"
1791661198.010086 runnervmmprz5 zainod-0.10.1[2778]:     at packages/zaino-serve/src/rpc/grpc/service.rs:161
1791661199.001334 runnervmmprz5 zainod-0.10.1[2778]:   19:39:59.001  INFO zainodlib::indexer: Zaino status check, chain_state: Ready, fs_mode: ephemeral(syncing), json_rpc: Ready, grpc: Ready
1791661199.001334 runnervmmprz5 zainod-0.10.1[2778]:     at packages/zainod/src/indexer.rs:333
1791661202.591906 runnervmmprz5 zainod-0.10.1[2778]:   19:40:02.591  INFO zaino_chain_store_zainodb::store::finalised_source::v1::write_core: write_blocks_to_height: syncing, current: 2812662, target: 4381896, zebra_network: Testnet
1791661202.591906 runnervmmprz5 zainod-0.10.1[2778]:     at packages/zaino-chain-store-zainodb/src/store/finalised_source/v1/write_core.rs:184
1791661202.996821 runnervmmprz5 zainod-0.10.1[2778]:   19:40:02.996  INFO zaino_serve::rpc::grpc::service: [TEST] received call, method: "get_lightd_info"
1791661202.996821 runnervmmprz5 zainod-0.10.1[2778]:     at packages/zaino-serve/src/rpc/grpc/service.rs:161
1791661202.999760 runnervmmprz5 zainod-0.10.1[2778]:   19:40:02.999  INFO zaino_serve::rpc::grpc::service: [TEST] received call, method: "get_block"
1791661202.999760 runnervmmprz5 zainod-0.10.1[2778]:     at packages/zaino-serve/src/rpc/grpc/service.rs:161
1791661203.000340 runnervmmprz5 zainod-0.10.1[2778]:   19:40:03.000  INFO zaino_serve::rpc::grpc::service: [TEST] received call, method: "get_block"
1791661203.000340 runnervmmprz5 zainod-0.10.1[2778]:     at packages/zaino-serve/src/rpc/grpc/service.rs:161
1791661207.998510 runnervmmprz5 zainod-0.10.1[2778]:   19:40:07.998  INFO zaino_serve::rpc::grpc::service: [TEST] received call, method: "get_lightd_info"
1791661207.998510 runnervmmprz5 zainod-0.10.1[2778]:     at packages/zaino-serve/src/rpc/grpc/service.rs:161
1791661208.001375 runnervmmprz5 zainod-0.10.1[2778]:   19:40:08.001  INFO zaino_serve::rpc::grpc::service: [TEST] received call, method: "get_block"
1791661208.001375 runnervmmprz5 zainod-0.10.1[2778]:     at packages/zaino-serve/src/rpc/grpc/service.rs:161
1791661208.001994 runnervmmprz5 zainod-0.10.1[2778]:   19:40:08.001  INFO zaino_serve::rpc::grpc::service: [TEST] received call, method: "get_block"
1791661208.001994 runnervmmprz5 zainod-0.10.1[2778]:     at packages/zaino-serve/src/rpc/grpc/service.rs:161
1791661209.001428 runnervmmprz5 zainod-0.10.1[2778]:   19:40:09.001  INFO zainodlib::indexer: Zaino status check, chain_state: Ready, fs_mode: ephemeral(syncing), json_rpc: Ready, grpc: Ready
1791661209.001428 runnervmmprz5 zainod-0.10.1[2778]:     at packages/zainod/src/indexer.rs:333
1791661212.591977 runnervmmprz5 zainod-0.10.1[2778]:   19:40:12.591  INFO zaino_chain_store_zainodb::store::finalised_source::v1::write_core: write_blocks_to_height: syncing, current: 2832135, target: 4381896, zebra_network: Testnet
1791661212.591977 runnervmmprz5 zainod-0.10.1[2778]:     at packages/zaino-chain-store-zainodb/src/store/finalised_source/v1/write_core.rs:184
1791661213.000490 runnervmmprz5 zainod-0.10.1[2778]:   19:40:13.000  INFO zaino_serve::rpc::grpc::service: [TEST] received call, method: "get_lightd_info"
1791661213.000490 runnervmmprz5 zainod-0.10.1[2778]:     at packages/zaino-serve/src/rpc/grpc/service.rs:161
1791661213.004391 runnervmmprz5 zainod-0.10.1[2778]:   19:40:13.004  INFO zaino_serve::rpc::grpc::service: [TEST] received call, method: "get_block"
1791661213.004391 runnervmmprz5 zainod-0.10.1[2778]:     at packages/zaino-serve/src/rpc/grpc/service.rs:161
1791661213.005034 runnervmmprz5 zainod-0.10.1[2778]:   19:40:13.005  INFO zaino_serve::rpc::grpc::service: [TEST] received call, method: "get_block"
1791661213.005034 runnervmmprz5 zainod-0.10.1[2778]:     at packages/zaino-serve/src/rpc/grpc/service.rs:161
1791661217.999432 runnervmmprz5 zainod-0.10.1[2778]:   19:40:17.999  INFO zaino_serve::rpc::grpc::service: [TEST] received call, method: "get_lightd_info"
1791661217.999432 runnervmmprz5 zainod-0.10.1[2778]:     at packages/zaino-serve/src/rpc/grpc/service.rs:161
1791661218.002914 runnervmmprz5 zainod-0.10.1[2778]:   19:40:18.002  INFO zaino_serve::rpc::grpc::service: [TEST] received call, method: "get_block"
1791661218.002914 runnervmmprz5 zainod-0.10.1[2778]:     at packages/zaino-serve/src/rpc/grpc/service.rs:161
1791661218.003563 runnervmmprz5 zainod-0.10.1[2778]:   19:40:18.003  INFO zaino_serve::rpc::grpc::service: [TEST] received call, method: "get_block"
1791661218.003563 runnervmmprz5 zainod-0.10.1[2778]:     at packages/zaino-serve/src/rpc/grpc/service.rs:161
1791661219.001486 runnervmmprz5 zainod-0.10.1[2778]:   19:40:19.001  INFO zainodlib::indexer: Zaino status check, chain_state: Ready, fs_mode: ephemeral(syncing), json_rpc: Ready, grpc: Ready
1791661219.001486 runnervmmprz5 zainod-0.10.1[2778]:     at packages/zainod/src/indexer.rs:333
1791661222.592243 runnervmmprz5 zainod-0.10.1[2778]:   19:40:22.592  INFO zaino_chain_store_zainodb::store::finalised_source::v1::write_core: write_blocks_to_height: syncing, current: 2881245, target: 4381896, zebra_network: Testnet
1791661222.592243 runnervmmprz5 zainod-0.10.1[2778]:     at packages/zaino-chain-store-zainodb/src/store/finalised_source/v1/write_core.rs:184
1791661223.002042 runnervmmprz5 zainod-0.10.1[2778]:   19:40:23.001  INFO zaino_serve::rpc::grpc::service: [TEST] received call, method: "get_lightd_info"
1791661223.002042 runnervmmprz5 zainod-0.10.1[2778]:     at packages/zaino-serve/src/rpc/grpc/service.rs:161
1791661223.005721 runnervmmprz5 zainod-0.10.1[2778]:   19:40:23.005  INFO zaino_serve::rpc::grpc::service: [TEST] received call, method: "get_block"
1791661223.005721 runnervmmprz5 zainod-0.10.1[2778]:     at packages/zaino-serve/src/rpc/grpc/service.rs:161
1791661223.006252 runnervmmprz5 zainod-0.10.1[2778]:   19:40:23.006  INFO zaino_serve::rpc::grpc::service: [TEST] received call, method: "get_block"
1791661223.006252 runnervmmprz5 zainod-0.10.1[2778]:     at packages/zaino-serve/src/rpc/grpc/service.rs:161
1791661226.852398 runnervmmprz5 zainod-0.10.1[2778]:   19:40:26.852  INFO zaino_chain_store_zainodb::store::finalised_source::v1::write_core: write_blocks_to_height: committed batch, height: 2799999, blocks: 100000
1791661226.852398 runnervmmprz5 zainod-0.10.1[2778]:     at packages/zaino-chain-store-zainodb/src/store/finalised_source/v1/write_core.rs:636
1791661228.002492 runnervmmprz5 zainod-0.10.1[2778]:   19:40:28.002  INFO zaino_serve::rpc::grpc::service: [TEST] received call, method: "get_lightd_info"
1791661228.002492 runnervmmprz5 zainod-0.10.1[2778]:     at packages/zaino-serve/src/rpc/grpc/service.rs:161
1791661228.005815 runnervmmprz5 zainod-0.10.1[2778]:   19:40:28.005  INFO zaino_serve::rpc::grpc::service: [TEST] received call, method: "get_block"
1791661228.005815 runnervmmprz5 zainod-0.10.1[2778]:     at packages/zaino-serve/src/rpc/grpc/service.rs:161
1791661228.006483 runnervmmprz5 zainod-0.10.1[2778]:   19:40:28.006  INFO zaino_serve::rpc::grpc::service: [TEST] received call, method: "get_block"
1791661228.006483 runnervmmprz5 zainod-0.10.1[2778]:     at packages/zaino-serve/src/rpc/grpc/service.rs:161
1791661229.100823 runnervmmprz5 zainod-0.10.1[2778]:   19:40:29.100  INFO zainodlib::indexer: Zaino status check, chain_state: Ready, fs_mode: ephemeral(syncing), json_rpc: Ready, grpc: Ready
1791661229.100823 runnervmmprz5 zainod-0.10.1[2778]:     at packages/zainod/src/indexer.rs:333
1791661232.596158 runnervmmprz5 zainod-0.10.1[2778]:   19:40:32.596  INFO zaino_chain_store_zainodb::store::finalised_source::v1::write_core: write_blocks_to_height: syncing, current: 2912974, target: 4381896, zebra_network: Testnet
1791661232.596158 runnervmmprz5 zainod-0.10.1[2778]:     at packages/zaino-chain-store-zainodb/src/store/finalised_source/v1/write_core.rs:184
1791661233.000442 runnervmmprz5 zainod-0.10.1[2778]:   19:40:33.000  INFO zaino_serve::rpc::grpc::service: [TEST] received call, method: "get_lightd_info"
1791661233.000442 runnervmmprz5 zainod-0.10.1[2778]:     at packages/zaino-serve/src/rpc/grpc/service.rs:161
1791661233.003346 runnervmmprz5 zainod-0.10.1[2778]:   19:40:33.003  INFO zaino_serve::rpc::grpc::service: [TEST] received call, method: "get_block"
1791661233.003346 runnervmmprz5 zainod-0.10.1[2778]:     at packages/zaino-serve/src/rpc/grpc/service.rs:161
1791661233.004160 runnervmmprz5 zainod-0.10.1[2778]:   19:40:33.004  INFO zaino_serve::rpc::grpc::service: [TEST] received call, method: "get_block"
1791661233.004160 runnervmmprz5 zainod-0.10.1[2778]:     at packages/zaino-serve/src/rpc/grpc/service.rs:161
1791661239.116049 runnervmmprz5 zainod-0.10.1[2778]:   19:40:39.115  INFO zaino_serve::rpc::grpc::service: [TEST] received call, method: "get_lightd_info"
1791661239.116049 runnervmmprz5 zainod-0.10.1[2778]:     at packages/zaino-serve/src/rpc/grpc/service.rs:161
1791661239.117464 runnervmmprz5 zainod-0.10.1[2778]:   19:40:39.115  INFO zainodlib::indexer: Zaino status check, chain_state: Syncing, fs_mode: ephemeral(syncing), json_rpc: Ready, grpc: Ready
1791661239.117464 runnervmmprz5 zainod-0.10.1[2778]:     at packages/zainod/src/indexer.rs:333
1791661239.121476 runnervmmprz5 zainod-0.10.1[2778]:   19:40:39.121  INFO zaino_serve::rpc::grpc::service: [TEST] received call, method: "get_block"
1791661239.121476 runnervmmprz5 zainod-0.10.1[2778]:     at packages/zaino-serve/src/rpc/grpc/service.rs:161
1791661239.122259 runnervmmprz5 zainod-0.10.1[2778]:   19:40:39.122  INFO zaino_serve::rpc::grpc::service: [TEST] received call, method: "get_block"
1791661239.122259 runnervmmprz5 zainod-0.10.1[2778]:     at packages/zaino-serve/src/rpc/grpc/service.rs:161
1791661242.597673 runnervmmprz5 zainod-0.10.1[2778]:   19:40:42.597  INFO zaino_chain_store_zainodb::store::finalised_source::v1::write_core: write_blocks_to_height: syncing, current: 2948371, target: 4381896, zebra_network: Testnet
1791661242.597673 runnervmmprz5 zainod-0.10.1[2778]:     at packages/zaino-chain-store-zainodb/src/store/finalised_source/v1/write_core.rs:184
1791661243.209658 runnervmmprz5 zainod-0.10.1[2778]:   19:40:43.209  INFO zaino_serve::rpc::grpc::service: [TEST] received call, method: "get_lightd_info"
1791661243.209658 runnervmmprz5 zainod-0.10.1[2778]:     at packages/zaino-serve/src/rpc/grpc/service.rs:161
1791661243.212701 runnervmmprz5 zainod-0.10.1[2778]:   19:40:43.212  INFO zaino_serve::rpc::grpc::service: [TEST] received call, method: "get_block"
1791661243.212701 runnervmmprz5 zainod-0.10.1[2778]:     at packages/zaino-serve/src/rpc/grpc/service.rs:161
1791661243.213280 runnervmmprz5 zainod-0.10.1[2778]:   19:40:43.213  INFO zaino_serve::rpc::grpc::service: [TEST] received call, method: "get_block"
1791661243.213280 runnervmmprz5 zainod-0.10.1[2778]:     at packages/zaino-serve/src/rpc/grpc/service.rs:161
1791661248.211366 runnervmmprz5 zainod-0.10.1[2778]:   19:40:48.211  INFO zaino_serve::rpc::grpc::service: [TEST] received call, method: "get_lightd_info"
1791661248.211366 runnervmmprz5 zainod-0.10.1[2778]:     at packages/zaino-serve/src/rpc/grpc/service.rs:161
1791661248.214292 runnervmmprz5 zainod-0.10.1[2778]:   19:40:48.214  INFO zaino_serve::rpc::grpc::service: [TEST] received call, method: "get_block"
1791661248.214292 runnervmmprz5 zainod-0.10.1[2778]:     at packages/zaino-serve/src/rpc/grpc/service.rs:161
1791661248.214842 runnervmmprz5 zainod-0.10.1[2778]:   19:40:48.214  INFO zaino_serve::rpc::grpc::service: [TEST] received call, method: "get_block"
1791661248.214842 runnervmmprz5 zainod-0.10.1[2778]:     at packages/zaino-serve/src/rpc/grpc/service.rs:161
1791661249.200842 runnervmmprz5 zainod-0.10.1[2778]:   19:40:49.200  INFO zainodlib::indexer: Zaino status check, chain_state: Ready, fs_mode: ephemeral(syncing), json_rpc: Ready, grpc: Ready
1791661249.200842 runnervmmprz5 zainod-0.10.1[2778]:     at packages/zainod/src/indexer.rs:333
1791661252.643279 runnervmmprz5 zainod-0.10.1[2778]:   19:40:52.643  INFO zaino_chain_store_zainodb::store::finalised_source::v1::write_core: write_blocks_to_height: syncing, current: 2970526, target: 4381896, zebra_network: Testnet
1791661252.643279 runnervmmprz5 zainod-0.10.1[2778]:     at packages/zaino-chain-store-zainodb/src/store/finalised_source/v1/write_core.rs:184
1791661253.211473 runnervmmprz5 zainod-0.10.1[2778]:   19:40:53.211  INFO zaino_serve::rpc::grpc::service: [TEST] received call, method: "get_lightd_info"
1791661253.211473 runnervmmprz5 zainod-0.10.1[2778]:     at packages/zaino-serve/src/rpc/grpc/service.rs:161
1791661253.214254 runnervmmprz5 zainod-0.10.1[2778]:   19:40:53.214  INFO zaino_serve::rpc::grpc::service: [TEST] received call, method: "get_block"
1791661253.214254 runnervmmprz5 zainod-0.10.1[2778]:     at packages/zaino-serve/src/rpc/grpc/service.rs:161
1791661253.214784 runnervmmprz5 zainod-0.10.1[2778]:   19:40:53.214  INFO zaino_serve::rpc::grpc::service: [TEST] received call, method: "get_block"
1791661253.214784 runnervmmprz5 zainod-0.10.1[2778]:     at packages/zaino-serve/src/rpc/grpc/service.rs:161
1791661258.216766 runnervmmprz5 zainod-0.10.1[2778]:   19:40:58.216  INFO zaino_serve::rpc::grpc::service: [TEST] received call, method: "get_lightd_info"
1791661258.216766 runnervmmprz5 zainod-0.10.1[2778]:     at packages/zaino-serve/src/rpc/grpc/service.rs:161
1791661258.220466 runnervmmprz5 zainod-0.10.1[2778]:   19:40:58.220  INFO zaino_serve::rpc::grpc::service: [TEST] received call, method: "get_block"
1791661258.220466 runnervmmprz5 zainod-0.10.1[2778]:     at packages/zaino-serve/src/rpc/grpc/service.rs:161
1791661258.221229 runnervmmprz5 zainod-0.10.1[2778]:   19:40:58.221  INFO zaino_serve::rpc::grpc::service: [TEST] received call, method: "get_block"
1791661258.221229 runnervmmprz5 zainod-0.10.1[2778]:     at packages/zaino-serve/src/rpc/grpc/service.rs:161
1791661259.201133 runnervmmprz5 zainod-0.10.1[2778]:   19:40:59.201  INFO zainodlib::indexer: Zaino status check, chain_state: Ready, fs_mode: ephemeral(syncing), json_rpc: Ready, grpc: Ready
1791661259.201133 runnervmmprz5 zainod-0.10.1[2778]:     at packages/zainod/src/indexer.rs:333
1791661260.857764 runnervmmprz5 zainod-0.10.1[2778]:   19:41:00.857  INFO zaino_chain_store_zainodb::store::finalised_source::v1::write_core: write_blocks_to_height: committed batch, height: 2899999, blocks: 100000
1791661260.857764 runnervmmprz5 zainod-0.10.1[2778]:     at packages/zaino-chain-store-zainodb/src/store/finalised_source/v1/write_core.rs:636
1791661262.643846 runnervmmprz5 zainod-0.10.1[2778]:   19:41:02.643  INFO zaino_chain_store_zainodb::store::finalised_source::v1::write_core: write_blocks_to_height: syncing, current: 3008135, target: 4381896, zebra_network: Testnet
1791661262.643846 runnervmmprz5 zainod-0.10.1[2778]:     at packages/zaino-chain-store-zainodb/src/store/finalised_source/v1/write_core.rs:184
1791661263.214869 runnervmmprz5 zainod-0.10.1[2778]:   19:41:03.214  INFO zaino_serve::rpc::grpc::service: [TEST] received call, method: "get_lightd_info"
1791661263.214869 runnervmmprz5 zainod-0.10.1[2778]:     at packages/zaino-serve/src/rpc/grpc/service.rs:161
1791661263.217950 runnervmmprz5 zainod-0.10.1[2778]:   19:41:03.217  INFO zaino_serve::rpc::grpc::service: [TEST] received call, method: "get_block"
1791661263.217950 runnervmmprz5 zainod-0.10.1[2778]:     at packages/zaino-serve/src/rpc/grpc/service.rs:161
1791661263.218563 runnervmmprz5 zainod-0.10.1[2778]:   19:41:03.218  INFO zaino_serve::rpc::grpc::service: [TEST] received call, method: "get_block"
1791661263.218563 runnervmmprz5 zainod-0.10.1[2778]:     at packages/zaino-serve/src/rpc/grpc/service.rs:161
1791661268.214364 runnervmmprz5 zainod-0.10.1[2778]:   19:41:08.214  INFO zaino_serve::rpc::grpc::service: [TEST] received call, method: "get_lightd_info"
1791661268.214364 runnervmmprz5 zainod-0.10.1[2778]:     at packages/zaino-serve/src/rpc/grpc/service.rs:161
1791661268.217568 runnervmmprz5 zainod-0.10.1[2778]:   19:41:08.217  INFO zaino_serve::rpc::grpc::service: [TEST] received call, method: "get_block"
1791661268.217568 runnervmmprz5 zainod-0.10.1[2778]:     at packages/zaino-serve/src/rpc/grpc/service.rs:161
1791661268.218213 runnervmmprz5 zainod-0.10.1[2778]:   19:41:08.218  INFO zaino_serve::rpc::grpc::service: [TEST] received call, method: "get_block"
1791661268.218213 runnervmmprz5 zainod-0.10.1[2778]:     at packages/zaino-serve/src/rpc/grpc/service.rs:161
1791661269.201405 runnervmmprz5 zainod-0.10.1[2778]:   19:41:09.201  INFO zainodlib::indexer: Zaino status check, chain_state: Ready, fs_mode: ephemeral(syncing), json_rpc: Ready, grpc: Ready
1791661269.201405 runnervmmprz5 zainod-0.10.1[2778]:     at packages/zainod/src/indexer.rs:333
1791661272.644016 runnervmmprz5 zainod-0.10.1[2778]:   19:41:12.643  INFO zaino_chain_store_zainodb::store::finalised_source::v1::write_core: write_blocks_to_height: syncing, current: 3016103, target: 4381896, zebra_network: Testnet
1791661272.644016 runnervmmprz5 zainod-0.10.1[2778]:     at packages/zaino-chain-store-zainodb/src/store/finalised_source/v1/write_core.rs:184
1791661273.212497 runnervmmprz5 zainod-0.10.1[2778]:   19:41:13.212  INFO zaino_serve::rpc::grpc::service: [TEST] received call, method: "get_lightd_info"
1791661273.212497 runnervmmprz5 zainod-0.10.1[2778]:     at packages/zaino-serve/src/rpc/grpc/service.rs:161
1791661273.215625 runnervmmprz5 zainod-0.10.1[2778]:   19:41:13.215  INFO zaino_serve::rpc::grpc::service: [TEST] received call, method: "get_block"
1791661273.215625 runnervmmprz5 zainod-0.10.1[2778]:     at packages/zaino-serve/src/rpc/grpc/service.rs:161
1791661273.216132 runnervmmprz5 zainod-0.10.1[2778]:   19:41:13.216  INFO zaino_serve::rpc::grpc::service: [TEST] received call, method: "get_block"
1791661273.216132 runnervmmprz5 zainod-0.10.1[2778]:     at packages/zaino-serve/src/rpc/grpc/service.rs:161
1791661278.214198 runnervmmprz5 zainod-0.10.1[2778]:   19:41:18.214  INFO zaino_serve::rpc::grpc::service: [TEST] received call, method: "get_lightd_info"
1791661278.214198 runnervmmprz5 zainod-0.10.1[2778]:     at packages/zaino-serve/src/rpc/grpc/service.rs:161
1791661278.217111 runnervmmprz5 zainod-0.10.1[2778]:   19:41:18.217  INFO zaino_serve::rpc::grpc::service: [TEST] received call, method: "get_block"
1791661278.217111 runnervmmprz5 zainod-0.10.1[2778]:     at packages/zaino-serve/src/rpc/grpc/service.rs:161
1791661278.217662 runnervmmprz5 zainod-0.10.1[2778]:   19:41:18.217  INFO zaino_serve::rpc::grpc::service: [TEST] received call, method: "get_block"
1791661278.217662 runnervmmprz5 zainod-0.10.1[2778]:     at packages/zaino-serve/src/rpc/grpc/service.rs:161
1791661279.300708 runnervmmprz5 zainod-0.10.1[2778]:   19:41:19.300  INFO zainodlib::indexer: Zaino status check, chain_state: Ready, fs_mode: ephemeral(syncing), json_rpc: Ready, grpc: Ready
1791661279.300708 runnervmmprz5 zainod-0.10.1[2778]:     at packages/zainod/src/indexer.rs:333
1791661282.644452 runnervmmprz5 zainod-0.10.1[2778]:   19:41:22.644  INFO zaino_chain_store_zainodb::store::finalised_source::v1::write_core: write_blocks_to_height: syncing, current: 3031649, target: 4381896, zebra_network: Testnet
1791661282.644452 runnervmmprz5 zainod-0.10.1[2778]:     at packages/zaino-chain-store-zainodb/src/store/finalised_source/v1/write_core.rs:184
1791661283.213385 runnervmmprz5 zainod-0.10.1[2778]:   19:41:23.213  INFO zaino_serve::rpc::grpc::service: [TEST] received call, method: "get_lightd_info"
1791661283.213385 runnervmmprz5 zainod-0.10.1[2778]:     at packages/zaino-serve/src/rpc/grpc/service.rs:161
1791661283.216284 runnervmmprz5 zainod-0.10.1[2778]:   19:41:23.216  INFO zaino_serve::rpc::grpc::service: [TEST] received call, method: "get_block"
1791661283.216284 runnervmmprz5 zainod-0.10.1[2778]:     at packages/zaino-serve/src/rpc/grpc/service.rs:161
1791661283.216840 runnervmmprz5 zainod-0.10.1[2778]:   19:41:23.216  INFO zaino_serve::rpc::grpc::service: [TEST] received call, method: "get_block"
1791661283.216840 runnervmmprz5 zainod-0.10.1[2778]:     at packages/zaino-serve/src/rpc/grpc/service.rs:161
1791661288.215131 runnervmmprz5 zainod-0.10.1[2778]:   19:41:28.215  INFO zaino_serve::rpc::grpc::service: [TEST] received call, method: "get_lightd_info"
1791661288.215131 runnervmmprz5 zainod-0.10.1[2778]:     at packages/zaino-serve/src/rpc/grpc/service.rs:161
1791661288.218022 runnervmmprz5 zainod-0.10.1[2778]:   19:41:28.218  INFO zaino_serve::rpc::grpc::service: [TEST] received call, method: "get_block"
1791661288.218022 runnervmmprz5 zainod-0.10.1[2778]:     at packages/zaino-serve/src/rpc/grpc/service.rs:161
1791661288.218557 runnervmmprz5 zainod-0.10.1[2778]:   19:41:28.218  INFO zaino_serve::rpc::grpc::service: [TEST] received call, method: "get_block"
1791661288.218557 runnervmmprz5 zainod-0.10.1[2778]:     at packages/zaino-serve/src/rpc/grpc/service.rs:161
1791661289.301111 runnervmmprz5 zainod-0.10.1[2778]:   19:41:29.301  INFO zainodlib::indexer: Zaino status check, chain_state: Ready, fs_mode: ephemeral(syncing), json_rpc: Ready, grpc: Ready
1791661289.301111 runnervmmprz5 zainod-0.10.1[2778]:     at packages/zainod/src/indexer.rs:333
1791661292.705630 runnervmmprz5 zainod-0.10.1[2778]:   19:41:32.705  INFO zaino_chain_store_zainodb::store::finalised_source::v1::write_core: write_blocks_to_height: syncing, current: 3048407, target: 4381896, zebra_network: Testnet
1791661292.705630 runnervmmprz5 zainod-0.10.1[2778]:     at packages/zaino-chain-store-zainodb/src/store/finalised_source/v1/write_core.rs:184
1791661293.214167 runnervmmprz5 zainod-0.10.1[2778]:   19:41:33.214  INFO zaino_serve::rpc::grpc::service: [TEST] received call, method: "get_lightd_info"
1791661293.214167 runnervmmprz5 zainod-0.10.1[2778]:     at packages/zaino-serve/src/rpc/grpc/service.rs:161
1791661293.217227 runnervmmprz5 zainod-0.10.1[2778]:   19:41:33.217  INFO zaino_serve::rpc::grpc::service: [TEST] received call, method: "get_block"
1791661293.217227 runnervmmprz5 zainod-0.10.1[2778]:     at packages/zaino-serve/src/rpc/grpc/service.rs:161
1791661293.217839 runnervmmprz5 zainod-0.10.1[2778]:   19:41:33.217  INFO zaino_serve::rpc::grpc::service: [TEST] received call, method: "get_block"
1791661293.217839 runnervmmprz5 zainod-0.10.1[2778]:     at packages/zaino-serve/src/rpc/grpc/service.rs:161
1791661298.217745 runnervmmprz5 zainod-0.10.1[2778]:   19:41:38.217  INFO zaino_serve::rpc::grpc::service: [TEST] received call, method: "get_lightd_info"
1791661298.217745 runnervmmprz5 zainod-0.10.1[2778]:     at packages/zaino-serve/src/rpc/grpc/service.rs:161
1791661298.221235 runnervmmprz5 zainod-0.10.1[2778]:   19:41:38.221  INFO zaino_serve::rpc::grpc::service: [TEST] received call, method: "get_block"
1791661298.221235 runnervmmprz5 zainod-0.10.1[2778]:     at packages/zaino-serve/src/rpc/grpc/service.rs:161
1791661298.221877 runnervmmprz5 zainod-0.10.1[2778]:   19:41:38.221  INFO zaino_serve::rpc::grpc::service: [TEST] received call, method: "get_block"
1791661298.221877 runnervmmprz5 zainod-0.10.1[2778]:     at packages/zaino-serve/src/rpc/grpc/service.rs:161
1791661299.301419 runnervmmprz5 zainod-0.10.1[2778]:   19:41:39.301  INFO zainodlib::indexer: Zaino status check, chain_state: Ready, fs_mode: ephemeral(syncing), json_rpc: Ready, grpc: Ready
1791661299.301419 runnervmmprz5 zainod-0.10.1[2778]:     at packages/zainod/src/indexer.rs:333
1791661302.811414 runnervmmprz5 zainod-0.10.1[2778]:   19:41:42.811  INFO zaino_chain_store_zainodb::store::finalised_source::v1::write_core: write_blocks_to_height: syncing, current: 3072287, target: 4381896, zebra_network: Testnet
1791661302.811414 runnervmmprz5 zainod-0.10.1[2778]:     at packages/zaino-chain-store-zainodb/src/store/finalised_source/v1/write_core.rs:184
1791661303.218178 runnervmmprz5 zainod-0.10.1[2778]:   19:41:43.218  INFO zaino_serve::rpc::grpc::service: [TEST] received call, method: "get_lightd_info"
1791661303.218178 runnervmmprz5 zainod-0.10.1[2778]:     at packages/zaino-serve/src/rpc/grpc/service.rs:161
1791661303.221848 runnervmmprz5 zainod-0.10.1[2778]:   19:41:43.221  INFO zaino_serve::rpc::grpc::service: [TEST] received call, method: "get_block"
1791661303.221848 runnervmmprz5 zainod-0.10.1[2778]:     at packages/zaino-serve/src/rpc/grpc/service.rs:161
1791661303.222466 runnervmmprz5 zainod-0.10.1[2778]:   19:41:43.222  INFO zaino_serve::rpc::grpc::service: [TEST] received call, method: "get_block"
1791661303.222466 runnervmmprz5 zainod-0.10.1[2778]:     at packages/zaino-serve/src/rpc/grpc/service.rs:161
1791661308.220919 runnervmmprz5 zainod-0.10.1[2778]:   19:41:48.220  INFO zaino_serve::rpc::grpc::service: [TEST] received call, method: "get_lightd_info"
1791661308.220919 runnervmmprz5 zainod-0.10.1[2778]:     at packages/zaino-serve/src/rpc/grpc/service.rs:161
1791661308.223990 runnervmmprz5 zainod-0.10.1[2778]:   19:41:48.223  INFO zaino_serve::rpc::grpc::service: [TEST] received call, method: "get_block"
1791661308.223990 runnervmmprz5 zainod-0.10.1[2778]:     at packages/zaino-serve/src/rpc/grpc/service.rs:161
1791661308.224885 runnervmmprz5 zainod-0.10.1[2778]:   19:41:48.224  INFO zaino_serve::rpc::grpc::service: [TEST] received call, method: "get_block"
1791661308.224885 runnervmmprz5 zainod-0.10.1[2778]:     at packages/zaino-serve/src/rpc/grpc/service.rs:161
1791661309.401069 runnervmmprz5 zainod-0.10.1[2778]:   19:41:49.401  INFO zainodlib::indexer: Zaino status check, chain_state: Ready, fs_mode: ephemeral(syncing), json_rpc: Ready, grpc: Ready
1791661309.401069 runnervmmprz5 zainod-0.10.1[2778]:     at packages/zainod/src/indexer.rs:333
1791661309.553576 runnervmmprz5 zainod-0.10.1[2778]:   19:41:49.553  INFO zaino_chain_store_zainodb::store::finalised_source::v1::write_core: write_blocks_to_height: committed batch, height: 2999999, blocks: 100000
1791661309.553576 runnervmmprz5 zainod-0.10.1[2778]:     at packages/zaino-chain-store-zainodb/src/store/finalised_source/v1/write_core.rs:636
1791661312.840693 runnervmmprz5 zainod-0.10.1[2778]:   19:41:52.840  INFO zaino_chain_store_zainodb::store::finalised_source::v1::write_core: write_blocks_to_height: syncing, current: 3109242, target: 4381896, zebra_network: Testnet
1791661312.840693 runnervmmprz5 zainod-0.10.1[2778]:     at packages/zaino-chain-store-zainodb/src/store/finalised_source/v1/write_core.rs:184
1791661313.216190 runnervmmprz5 zainod-0.10.1[2778]:   19:41:53.216  INFO zaino_serve::rpc::grpc::service: [TEST] received call, method: "get_lightd_info"
1791661313.216190 runnervmmprz5 zainod-0.10.1[2778]:     at packages/zaino-serve/src/rpc/grpc/service.rs:161
1791661313.219191 runnervmmprz5 zainod-0.10.1[2778]:   19:41:53.219  INFO zaino_serve::rpc::grpc::service: [TEST] received call, method: "get_block"
1791661313.219191 runnervmmprz5 zainod-0.10.1[2778]:     at packages/zaino-serve/src/rpc/grpc/service.rs:161
1791661313.219803 runnervmmprz5 zainod-0.10.1[2778]:   19:41:53.219  INFO zaino_serve::rpc::grpc::service: [TEST] received call, method: "get_block"
1791661313.219803 runnervmmprz5 zainod-0.10.1[2778]:     at packages/zaino-serve/src/rpc/grpc/service.rs:161
1791661318.218122 runnervmmprz5 zainod-0.10.1[2778]:   19:41:58.218  INFO zaino_serve::rpc::grpc::service: [TEST] received call, method: "get_lightd_info"
1791661318.218122 runnervmmprz5 zainod-0.10.1[2778]:     at packages/zaino-serve/src/rpc/grpc/service.rs:161
1791661318.221311 runnervmmprz5 zainod-0.10.1[2778]:   19:41:58.221  INFO zaino_serve::rpc::grpc::service: [TEST] received call, method: "get_block"
1791661318.221311 runnervmmprz5 zainod-0.10.1[2778]:     at packages/zaino-serve/src/rpc/grpc/service.rs:161
1791661318.221840 runnervmmprz5 zainod-0.10.1[2778]:   19:41:58.221  INFO zaino_serve::rpc::grpc::service: [TEST] received call, method: "get_block"
1791661318.221840 runnervmmprz5 zainod-0.10.1[2778]:     at packages/zaino-serve/src/rpc/grpc/service.rs:161
1791661319.401269 runnervmmprz5 zainod-0.10.1[2778]:   19:41:59.401  INFO zainodlib::indexer: Zaino status check, chain_state: Ready, fs_mode: ephemeral(syncing), json_rpc: Ready, grpc: Ready
1791661319.401269 runnervmmprz5 zainod-0.10.1[2778]:     at packages/zainod/src/indexer.rs:333
1791661322.932720 runnervmmprz5 zainod-0.10.1[2778]:   19:42:02.932  INFO zaino_chain_store_zainodb::store::finalised_source::v1::write_core: write_blocks_to_height: syncing, current: 3124452, target: 4381896, zebra_network: Testnet
1791661322.932720 runnervmmprz5 zainod-0.10.1[2778]:     at packages/zaino-chain-store-zainodb/src/store/finalised_source/v1/write_core.rs:184
1791661323.220098 runnervmmprz5 zainod-0.10.1[2778]:   19:42:03.219  INFO zaino_serve::rpc::grpc::service: [TEST] received call, method: "get_lightd_info"
1791661323.220098 runnervmmprz5 zainod-0.10.1[2778]:     at packages/zaino-serve/src/rpc/grpc/service.rs:161
1791661323.223873 runnervmmprz5 zainod-0.10.1[2778]:   19:42:03.223  INFO zaino_serve::rpc::grpc::service: [TEST] received call, method: "get_block"
1791661323.223873 runnervmmprz5 zainod-0.10.1[2778]:     at packages/zaino-serve/src/rpc/grpc/service.rs:161
1791661323.224587 runnervmmprz5 zainod-0.10.1[2778]:   19:42:03.224  INFO zaino_serve::rpc::grpc::service: [TEST] received call, method: "get_block"
1791661323.224587 runnervmmprz5 zainod-0.10.1[2778]:     at packages/zaino-serve/src/rpc/grpc/service.rs:161
1791661328.218632 runnervmmprz5 zainod-0.10.1[2778]:   19:42:08.218  INFO zaino_serve::rpc::grpc::service: [TEST] received call, method: "get_lightd_info"
1791661328.218632 runnervmmprz5 zainod-0.10.1[2778]:     at packages/zaino-serve/src/rpc/grpc/service.rs:161
1791661328.221503 runnervmmprz5 zainod-0.10.1[2778]:   19:42:08.221  INFO zaino_serve::rpc::grpc::service: [TEST] received call, method: "get_block"
1791661328.221503 runnervmmprz5 zainod-0.10.1[2778]:     at packages/zaino-serve/src/rpc/grpc/service.rs:161
1791661328.222043 runnervmmprz5 zainod-0.10.1[2778]:   19:42:08.222  INFO zaino_serve::rpc::grpc::service: [TEST] received call, method: "get_block"
1791661328.222043 runnervmmprz5 zainod-0.10.1[2778]:     at packages/zaino-serve/src/rpc/grpc/service.rs:161
1791661329.500734 runnervmmprz5 zainod-0.10.1[2778]:   19:42:09.500  INFO zainodlib::indexer: Zaino status check, chain_state: Ready, fs_mode: ephemeral(syncing), json_rpc: Ready, grpc: Ready
1791661329.500734 runnervmmprz5 zainod-0.10.1[2778]:     at packages/zainod/src/indexer.rs:333
1791661332.936140 runnervmmprz5 zainod-0.10.1[2778]:   19:42:12.936  INFO zaino_chain_store_zainodb::store::finalised_source::v1::write_core: write_blocks_to_height: syncing, current: 3169677, target: 4381896, zebra_network: Testnet
1791661332.936140 runnervmmprz5 zainod-0.10.1[2778]:     at packages/zaino-chain-store-zainodb/src/store/finalised_source/v1/write_core.rs:184
1791661333.217988 runnervmmprz5 zainod-0.10.1[2778]:   19:42:13.217  INFO zaino_serve::rpc::grpc::service: [TEST] received call, method: "get_lightd_info"
1791661333.217988 runnervmmprz5 zainod-0.10.1[2778]:     at packages/zaino-serve/src/rpc/grpc/service.rs:161
1791661333.221754 runnervmmprz5 zainod-0.10.1[2778]:   19:42:13.221  INFO zaino_serve::rpc::grpc::service: [TEST] received call, method: "get_block"
1791661333.221754 runnervmmprz5 zainod-0.10.1[2778]:     at packages/zaino-serve/src/rpc/grpc/service.rs:161
1791661333.222278 runnervmmprz5 zainod-0.10.1[2778]:   19:42:13.222  INFO zaino_serve::rpc::grpc::service: [TEST] received call, method: "get_block"
1791661333.222278 runnervmmprz5 zainod-0.10.1[2778]:     at packages/zaino-serve/src/rpc/grpc/service.rs:161
1791661338.224110 runnervmmprz5 zainod-0.10.1[2778]:   19:42:18.223  INFO zaino_serve::rpc::grpc::service: [TEST] received call, method: "get_lightd_info"
1791661338.224110 runnervmmprz5 zainod-0.10.1[2778]:     at packages/zaino-serve/src/rpc/grpc/service.rs:161
1791661338.226998 runnervmmprz5 zainod-0.10.1[2778]:   19:42:18.226  INFO zaino_serve::rpc::grpc::service: [TEST] received call, method: "get_block"
1791661338.226998 runnervmmprz5 zainod-0.10.1[2778]:     at packages/zaino-serve/src/rpc/grpc/service.rs:161
1791661338.227943 runnervmmprz5 zainod-0.10.1[2778]:   19:42:18.227  INFO zaino_serve::rpc::grpc::service: [TEST] received call, method: "get_block"
1791661338.227943 runnervmmprz5 zainod-0.10.1[2778]:     at packages/zaino-serve/src/rpc/grpc/service.rs:161
1791661339.501030 runnervmmprz5 zainod-0.10.1[2778]:   19:42:19.500  INFO zainodlib::indexer: Zaino status check, chain_state: Ready, fs_mode: ephemeral(syncing), json_rpc: Ready, grpc: Ready
1791661339.501030 runnervmmprz5 zainod-0.10.1[2778]:     at packages/zainod/src/indexer.rs:333
1791661340.923504 runnervmmprz5 zainod-0.10.1[2778]:   19:42:20.923  INFO zaino_chain_store_zainodb::store::finalised_source::v1::write_core: write_blocks_to_height: committed batch, height: 3099999, blocks: 100000
1791661340.923504 runnervmmprz5 zainod-0.10.1[2778]:     at packages/zaino-chain-store-zainodb/src/store/finalised_source/v1/write_core.rs:636
1791661342.936512 runnervmmprz5 zainod-0.10.1[2778]:   19:42:22.936  INFO zaino_chain_store_zainodb::store::finalised_source::v1::write_core: write_blocks_to_height: syncing, current: 3206023, target: 4381896, zebra_network: Testnet
1791661342.936512 runnervmmprz5 zainod-0.10.1[2778]:     at packages/zaino-chain-store-zainodb/src/store/finalised_source/v1/write_core.rs:184
1791661343.222803 runnervmmprz5 zainod-0.10.1[2778]:   19:42:23.222  INFO zaino_serve::rpc::grpc::service: [TEST] received call, method: "get_lightd_info"
1791661343.222803 runnervmmprz5 zainod-0.10.1[2778]:     at packages/zaino-serve/src/rpc/grpc/service.rs:161
1791661343.228001 runnervmmprz5 zainod-0.10.1[2778]:   19:42:23.227  INFO zaino_serve::rpc::grpc::service: [TEST] received call, method: "get_block"
1791661343.228001 runnervmmprz5 zainod-0.10.1[2778]:     at packages/zaino-serve/src/rpc/grpc/service.rs:161
1791661343.228690 runnervmmprz5 zainod-0.10.1[2778]:   19:42:23.228  INFO zaino_serve::rpc::grpc::service: [TEST] received call, method: "get_block"
1791661343.228690 runnervmmprz5 zainod-0.10.1[2778]:     at packages/zaino-serve/src/rpc/grpc/service.rs:161
1791661348.221175 runnervmmprz5 zainod-0.10.1[2778]:   19:42:28.221  INFO zaino_serve::rpc::grpc::service: [TEST] received call, method: "get_lightd_info"
1791661348.221175 runnervmmprz5 zainod-0.10.1[2778]:     at packages/zaino-serve/src/rpc/grpc/service.rs:161
1791661348.224728 runnervmmprz5 zainod-0.10.1[2778]:   19:42:28.224  INFO zaino_serve::rpc::grpc::service: [TEST] received call, method: "get_block"
1791661348.224728 runnervmmprz5 zainod-0.10.1[2778]:     at packages/zaino-serve/src/rpc/grpc/service.rs:161
1791661348.225236 runnervmmprz5 zainod-0.10.1[2778]:   19:42:28.225  INFO zaino_serve::rpc::grpc::service: [TEST] received call, method: "get_block"
1791661348.225236 runnervmmprz5 zainod-0.10.1[2778]:     at packages/zaino-serve/src/rpc/grpc/service.rs:161
1791661349.501172 runnervmmprz5 zainod-0.10.1[2778]:   19:42:29.501  INFO zainodlib::indexer: Zaino status check, chain_state: Ready, fs_mode: ephemeral(syncing), json_rpc: Ready, grpc: Ready
1791661349.501172 runnervmmprz5 zainod-0.10.1[2778]:     at packages/zainod/src/indexer.rs:333
1791661352.936866 runnervmmprz5 zainod-0.10.1[2778]:   19:42:32.936  INFO zaino_chain_store_zainodb::store::finalised_source::v1::write_core: write_blocks_to_height: syncing, current: 3218170, target: 4381896, zebra_network: Testnet
1791661352.936866 runnervmmprz5 zainod-0.10.1[2778]:     at packages/zaino-chain-store-zainodb/src/store/finalised_source/v1/write_core.rs:184
1791661353.605862 runnervmmprz5 zainod-0.10.1[2778]:   19:42:33.605  INFO zaino_serve::rpc::grpc::service: [TEST] received call, method: "get_lightd_info"
1791661353.605862 runnervmmprz5 zainod-0.10.1[2778]:     at packages/zaino-serve/src/rpc/grpc/service.rs:161
1791661353.610918 runnervmmprz5 zainod-0.10.1[2778]:   19:42:33.610  INFO zaino_serve::rpc::grpc::service: [TEST] received call, method: "get_block"
1791661353.610918 runnervmmprz5 zainod-0.10.1[2778]:     at packages/zaino-serve/src/rpc/grpc/service.rs:161
1791661353.611722 runnervmmprz5 zainod-0.10.1[2778]:   19:42:33.611  INFO zaino_serve::rpc::grpc::service: [TEST] received call, method: "get_block"
1791661353.611722 runnervmmprz5 zainod-0.10.1[2778]:     at packages/zaino-serve/src/rpc/grpc/service.rs:161
1791661358.222616 runnervmmprz5 zainod-0.10.1[2778]:   19:42:38.222  INFO zaino_serve::rpc::grpc::service: [TEST] received call, method: "get_lightd_info"
1791661358.222616 runnervmmprz5 zainod-0.10.1[2778]:     at packages/zaino-serve/src/rpc/grpc/service.rs:161
1791661358.225420 runnervmmprz5 zainod-0.10.1[2778]:   19:42:38.225  INFO zaino_serve::rpc::grpc::service: [TEST] received call, method: "get_block"
1791661358.225420 runnervmmprz5 zainod-0.10.1[2778]:     at packages/zaino-serve/src/rpc/grpc/service.rs:161
1791661358.225916 runnervmmprz5 zainod-0.10.1[2778]:   19:42:38.225  INFO zaino_serve::rpc::grpc::service: [TEST] received call, method: "get_block"
1791661358.225916 runnervmmprz5 zainod-0.10.1[2778]:     at packages/zaino-serve/src/rpc/grpc/service.rs:161
1791661359.600982 runnervmmprz5 zainod-0.10.1[2778]:   19:42:39.600  INFO zainodlib::indexer: Zaino status check, chain_state: Ready, fs_mode: ephemeral(syncing), json_rpc: Ready, grpc: Ready
1791661359.600982 runnervmmprz5 zainod-0.10.1[2778]:     at packages/zainod/src/indexer.rs:333
1791661362.948507 runnervmmprz5 zainod-0.10.1[2778]:   19:42:42.948  INFO zaino_chain_store_zainodb::store::finalised_source::v1::write_core: write_blocks_to_height: syncing, current: 3255340, target: 4381896, zebra_network: Testnet
1791661362.948507 runnervmmprz5 zainod-0.10.1[2778]:     at packages/zaino-chain-store-zainodb/src/store/finalised_source/v1/write_core.rs:184
1791661363.220869 runnervmmprz5 zainod-0.10.1[2778]:   19:42:43.220  INFO zaino_serve::rpc::grpc::service: [TEST] received call, method: "get_lightd_info"
1791661363.220869 runnervmmprz5 zainod-0.10.1[2778]:     at packages/zaino-serve/src/rpc/grpc/service.rs:161
1791661363.223798 runnervmmprz5 zainod-0.10.1[2778]:   19:42:43.223  INFO zaino_serve::rpc::grpc::service: [TEST] received call, method: "get_block"
1791661363.223798 runnervmmprz5 zainod-0.10.1[2778]:     at packages/zaino-serve/src/rpc/grpc/service.rs:161
1791661363.224368 runnervmmprz5 zainod-0.10.1[2778]:   19:42:43.224  INFO zaino_serve::rpc::grpc::service: [TEST] received call, method: "get_block"
1791661363.224368 runnervmmprz5 zainod-0.10.1[2778]:     at packages/zaino-serve/src/rpc/grpc/service.rs:161
1791661368.222739 runnervmmprz5 zainod-0.10.1[2778]:   19:42:48.222  INFO zaino_serve::rpc::grpc::service: [TEST] received call, method: "get_lightd_info"
1791661368.222739 runnervmmprz5 zainod-0.10.1[2778]:     at packages/zaino-serve/src/rpc/grpc/service.rs:161
1791661368.225743 runnervmmprz5 zainod-0.10.1[2778]:   19:42:48.225  INFO zaino_serve::rpc::grpc::service: [TEST] received call, method: "get_block"
1791661368.225743 runnervmmprz5 zainod-0.10.1[2778]:     at packages/zaino-serve/src/rpc/grpc/service.rs:161
1791661368.226324 runnervmmprz5 zainod-0.10.1[2778]:   19:42:48.226  INFO zaino_serve::rpc::grpc::service: [TEST] received call, method: "get_block"
1791661368.226324 runnervmmprz5 zainod-0.10.1[2778]:     at packages/zaino-serve/src/rpc/grpc/service.rs:161
1791661369.601147 runnervmmprz5 zainod-0.10.1[2778]:   19:42:49.601  INFO zainodlib::indexer: Zaino status check, chain_state: Ready, fs_mode: ephemeral(syncing), json_rpc: Ready, grpc: Ready
1791661369.601147 runnervmmprz5 zainod-0.10.1[2778]:     at packages/zainod/src/indexer.rs:333
1791661373.057547 runnervmmprz5 zainod-0.10.1[2778]:   19:42:53.057  INFO zaino_chain_store_zainodb::store::finalised_source::v1::write_core: write_blocks_to_height: syncing, current: 3280183, target: 4381896, zebra_network: Testnet
1791661373.057547 runnervmmprz5 zainod-0.10.1[2778]:     at packages/zaino-chain-store-zainodb/src/store/finalised_source/v1/write_core.rs:184
1791661373.225468 runnervmmprz5 zainod-0.10.1[2778]:   19:42:53.225  INFO zaino_serve::rpc::grpc::service: [TEST] received call, method: "get_lightd_info"
1791661373.225468 runnervmmprz5 zainod-0.10.1[2778]:     at packages/zaino-serve/src/rpc/grpc/service.rs:161
1791661373.229015 runnervmmprz5 zainod-0.10.1[2778]:   19:42:53.228  INFO zaino_serve::rpc::grpc::service: [TEST] received call, method: "get_block"
1791661373.229015 runnervmmprz5 zainod-0.10.1[2778]:     at packages/zaino-serve/src/rpc/grpc/service.rs:161
1791661373.229650 runnervmmprz5 zainod-0.10.1[2778]:   19:42:53.229  INFO zaino_serve::rpc::grpc::service: [TEST] received call, method: "get_block"
1791661373.229650 runnervmmprz5 zainod-0.10.1[2778]:     at packages/zaino-serve/src/rpc/grpc/service.rs:161
1791661376.832037 runnervmmprz5 zainod-0.10.1[2778]:   19:42:56.831  INFO zaino_chain_store_zainodb::store::finalised_source::v1::write_core: write_blocks_to_height: committed batch, height: 3199999, blocks: 100000
1791661376.832037 runnervmmprz5 zainod-0.10.1[2778]:     at packages/zaino-chain-store-zainodb/src/store/finalised_source/v1/write_core.rs:636
1791661378.228570 runnervmmprz5 zainod-0.10.1[2778]:   19:42:58.228  INFO zaino_serve::rpc::grpc::service: [TEST] received call, method: "get_lightd_info"
1791661378.228570 runnervmmprz5 zainod-0.10.1[2778]:     at packages/zaino-serve/src/rpc/grpc/service.rs:161
1791661378.233418 runnervmmprz5 zainod-0.10.1[2778]:   19:42:58.233  INFO zaino_serve::rpc::grpc::service: [TEST] received call, method: "get_block"
1791661378.233418 runnervmmprz5 zainod-0.10.1[2778]:     at packages/zaino-serve/src/rpc/grpc/service.rs:161
1791661378.234263 runnervmmprz5 zainod-0.10.1[2778]:   19:42:58.234  INFO zaino_serve::rpc::grpc::service: [TEST] received call, method: "get_block"
1791661378.234263 runnervmmprz5 zainod-0.10.1[2778]:     at packages/zaino-serve/src/rpc/grpc/service.rs:161
1791661379.601388 runnervmmprz5 zainod-0.10.1[2778]:   19:42:59.601  INFO zainodlib::indexer: Zaino status check, chain_state: Ready, fs_mode: ephemeral(syncing), json_rpc: Ready, grpc: Ready
1791661379.601388 runnervmmprz5 zainod-0.10.1[2778]:     at packages/zainod/src/indexer.rs:333
1791661383.064536 runnervmmprz5 zainod-0.10.1[2778]:   19:43:03.064  INFO zaino_chain_store_zainodb::store::finalised_source::v1::write_core: write_blocks_to_height: syncing, current: 3308912, target: 4381896, zebra_network: Testnet
1791661383.064536 runnervmmprz5 zainod-0.10.1[2778]:     at packages/zaino-chain-store-zainodb/src/store/finalised_source/v1/write_core.rs:184
1791661383.224308 runnervmmprz5 zainod-0.10.1[2778]:   19:43:03.224  INFO zaino_serve::rpc::grpc::service: [TEST] received call, method: "get_lightd_info"
1791661383.224308 runnervmmprz5 zainod-0.10.1[2778]:     at packages/zaino-serve/src/rpc/grpc/service.rs:161
1791661383.228431 runnervmmprz5 zainod-0.10.1[2778]:   19:43:03.228  INFO zaino_serve::rpc::grpc::service: [TEST] received call, method: "get_block"
1791661383.228431 runnervmmprz5 zainod-0.10.1[2778]:     at packages/zaino-serve/src/rpc/grpc/service.rs:161
1791661383.229017 runnervmmprz5 zainod-0.10.1[2778]:   19:43:03.228  INFO zaino_serve::rpc::grpc::service: [TEST] received call, method: "get_block"
1791661383.229017 runnervmmprz5 zainod-0.10.1[2778]:     at packages/zaino-serve/src/rpc/grpc/service.rs:161
1791661388.228982 runnervmmprz5 zainod-0.10.1[2778]:   19:43:08.228  INFO zaino_serve::rpc::grpc::service: [TEST] received call, method: "get_lightd_info"
1791661388.228982 runnervmmprz5 zainod-0.10.1[2778]:     at packages/zaino-serve/src/rpc/grpc/service.rs:161
1791661388.233106 runnervmmprz5 zainod-0.10.1[2778]:   19:43:08.233  INFO zaino_serve::rpc::grpc::service: [TEST] received call, method: "get_block"
1791661388.233106 runnervmmprz5 zainod-0.10.1[2778]:     at packages/zaino-serve/src/rpc/grpc/service.rs:161
1791661388.233942 runnervmmprz5 zainod-0.10.1[2778]:   19:43:08.233  INFO zaino_serve::rpc::grpc::service: [TEST] received call, method: "get_block"
1791661388.233942 runnervmmprz5 zainod-0.10.1[2778]:     at packages/zaino-serve/src/rpc/grpc/service.rs:161
1791661389.601438 runnervmmprz5 zainod-0.10.1[2778]:   19:43:09.601  INFO zainodlib::indexer: Zaino status check, chain_state: Ready, fs_mode: ephemeral(syncing), json_rpc: Ready, grpc: Ready
1791661389.601438 runnervmmprz5 zainod-0.10.1[2778]:     at packages/zainod/src/indexer.rs:333
1791661393.064679 runnervmmprz5 zainod-0.10.1[2778]:   19:43:13.064  INFO zaino_chain_store_zainodb::store::finalised_source::v1::write_core: write_blocks_to_height: syncing, current: 3333545, target: 4381896, zebra_network: Testnet
1791661393.064679 runnervmmprz5 zainod-0.10.1[2778]:     at packages/zaino-chain-store-zainodb/src/store/finalised_source/v1/write_core.rs:184
1791661393.223938 runnervmmprz5 zainod-0.10.1[2778]:   19:43:13.223  INFO zaino_serve::rpc::grpc::service: [TEST] received call, method: "get_lightd_info"
1791661393.223938 runnervmmprz5 zainod-0.10.1[2778]:     at packages/zaino-serve/src/rpc/grpc/service.rs:161
1791661393.226881 runnervmmprz5 zainod-0.10.1[2778]:   19:43:13.226  INFO zaino_serve::rpc::grpc::service: [TEST] received call, method: "get_block"
1791661393.226881 runnervmmprz5 zainod-0.10.1[2778]:     at packages/zaino-serve/src/rpc/grpc/service.rs:161
1791661393.227481 runnervmmprz5 zainod-0.10.1[2778]:   19:43:13.227  INFO zaino_serve::rpc::grpc::service: [TEST] received call, method: "get_block"
1791661393.227481 runnervmmprz5 zainod-0.10.1[2778]:     at packages/zaino-serve/src/rpc/grpc/service.rs:161
1791661398.229118 runnervmmprz5 zainod-0.10.1[2778]:   19:43:18.229  INFO zaino_serve::rpc::grpc::service: [TEST] received call, method: "get_lightd_info"
1791661398.229118 runnervmmprz5 zainod-0.10.1[2778]:     at packages/zaino-serve/src/rpc/grpc/service.rs:161
1791661398.232719 runnervmmprz5 zainod-0.10.1[2778]:   19:43:18.232  INFO zaino_serve::rpc::grpc::service: [TEST] received call, method: "get_block"
1791661398.232719 runnervmmprz5 zainod-0.10.1[2778]:     at packages/zaino-serve/src/rpc/grpc/service.rs:161
1791661398.233421 runnervmmprz5 zainod-0.10.1[2778]:   19:43:18.233  INFO zaino_serve::rpc::grpc::service: [TEST] received call, method: "get_block"
1791661398.233421 runnervmmprz5 zainod-0.10.1[2778]:     at packages/zaino-serve/src/rpc/grpc/service.rs:161
1791661399.701120 runnervmmprz5 zainod-0.10.1[2778]:   19:43:19.701  INFO zainodlib::indexer: Zaino status check, chain_state: Ready, fs_mode: ephemeral(syncing), json_rpc: Ready, grpc: Ready
1791661399.701120 runnervmmprz5 zainod-0.10.1[2778]:     at packages/zainod/src/indexer.rs:333
1791661403.064899 runnervmmprz5 zainod-0.10.1[2778]:   19:43:23.064  INFO zaino_chain_store_zainodb::store::finalised_source::v1::write_core: write_blocks_to_height: syncing, current: 3364103, target: 4381896, zebra_network: Testnet
1791661403.064899 runnervmmprz5 zainod-0.10.1[2778]:     at packages/zaino-chain-store-zainodb/src/store/finalised_source/v1/write_core.rs:184
1791661403.225287 runnervmmprz5 zainod-0.10.1[2778]:   19:43:23.225  INFO zaino_serve::rpc::grpc::service: [TEST] received call, method: "get_lightd_info"
1791661403.225287 runnervmmprz5 zainod-0.10.1[2778]:     at packages/zaino-serve/src/rpc/grpc/service.rs:161
1791661403.229478 runnervmmprz5 zainod-0.10.1[2778]:   19:43:23.229  INFO zaino_serve::rpc::grpc::service: [TEST] received call, method: "get_block"
1791661403.229478 runnervmmprz5 zainod-0.10.1[2778]:     at packages/zaino-serve/src/rpc/grpc/service.rs:161
1791661403.230225 runnervmmprz5 zainod-0.10.1[2778]:   19:43:23.230  INFO zaino_serve::rpc::grpc::service: [TEST] received call, method: "get_block"
1791661403.230225 runnervmmprz5 zainod-0.10.1[2778]:     at packages/zaino-serve/src/rpc/grpc/service.rs:161
1791661408.230322 runnervmmprz5 zainod-0.10.1[2778]:   19:43:28.230  INFO zaino_serve::rpc::grpc::service: [TEST] received call, method: "get_lightd_info"
1791661408.230322 runnervmmprz5 zainod-0.10.1[2778]:     at packages/zaino-serve/src/rpc/grpc/service.rs:161
1791661408.233999 runnervmmprz5 zainod-0.10.1[2778]:   19:43:28.233  INFO zaino_serve::rpc::grpc::service: [TEST] received call, method: "get_block"
1791661408.233999 runnervmmprz5 zainod-0.10.1[2778]:     at packages/zaino-serve/src/rpc/grpc/service.rs:161
1791661408.234904 runnervmmprz5 zainod-0.10.1[2778]:   19:43:28.234  INFO zaino_serve::rpc::grpc::service: [TEST] received call, method: "get_block"
1791661408.234904 runnervmmprz5 zainod-0.10.1[2778]:     at packages/zaino-serve/src/rpc/grpc/service.rs:161
1791661409.801370 runnervmmprz5 zainod-0.10.1[2778]:   19:43:29.801  INFO zainodlib::indexer: Zaino status check, chain_state: Ready, fs_mode: ephemeral(syncing), json_rpc: Ready, grpc: Ready
1791661409.801370 runnervmmprz5 zainod-0.10.1[2778]:     at packages/zainod/src/indexer.rs:333
1791661413.065738 runnervmmprz5 zainod-0.10.1[2778]:   19:43:33.065  INFO zaino_chain_store_zainodb::store::finalised_source::v1::write_core: write_blocks_to_height: syncing, current: 3396590, target: 4381896, zebra_network: Testnet
1791661413.065738 runnervmmprz5 zainod-0.10.1[2778]:     at packages/zaino-chain-store-zainodb/src/store/finalised_source/v1/write_core.rs:184
1791661413.227774 runnervmmprz5 zainod-0.10.1[2778]:   19:43:33.227  INFO zaino_serve::rpc::grpc::service: [TEST] received call, method: "get_lightd_info"
1791661413.227774 runnervmmprz5 zainod-0.10.1[2778]:     at packages/zaino-serve/src/rpc/grpc/service.rs:161
1791661413.231682 runnervmmprz5 zainod-0.10.1[2778]:   19:43:33.231  INFO zaino_serve::rpc::grpc::service: [TEST] received call, method: "get_block"
1791661413.231682 runnervmmprz5 zainod-0.10.1[2778]:     at packages/zaino-serve/src/rpc/grpc/service.rs:161
1791661413.232364 runnervmmprz5 zainod-0.10.1[2778]:   19:43:33.232  INFO zaino_serve::rpc::grpc::service: [TEST] received call, method: "get_block"
1791661413.232364 runnervmmprz5 zainod-0.10.1[2778]:     at packages/zaino-serve/src/rpc/grpc/service.rs:161
1791661413.902059 runnervmmprz5 zainod-0.10.1[2778]:   19:43:33.901  INFO zaino_chain_store_zainodb::store::finalised_source::v1::write_core: write_blocks_to_height: committed batch, height: 3299999, blocks: 100000
1791661413.902059 runnervmmprz5 zainod-0.10.1[2778]:     at packages/zaino-chain-store-zainodb/src/store/finalised_source/v1/write_core.rs:636
1791661418.227386 runnervmmprz5 zainod-0.10.1[2778]:   19:43:38.227  INFO zaino_serve::rpc::grpc::service: [TEST] received call, method: "get_lightd_info"
1791661418.227386 runnervmmprz5 zainod-0.10.1[2778]:     at packages/zaino-serve/src/rpc/grpc/service.rs:161
1791661418.230333 runnervmmprz5 zainod-0.10.1[2778]:   19:43:38.230  INFO zaino_serve::rpc::grpc::service: [TEST] received call, method: "get_block"
1791661418.230333 runnervmmprz5 zainod-0.10.1[2778]:     at packages/zaino-serve/src/rpc/grpc/service.rs:161
1791661418.261068 runnervmmprz5 zainod-0.10.1[2778]:   19:43:38.230  INFO zaino_serve::rpc::grpc::service: [TEST] received call, method: "get_block"
1791661418.261068 runnervmmprz5 zainod-0.10.1[2778]:     at packages/zaino-serve/src/rpc/grpc/service.rs:161
1791661419.901141 runnervmmprz5 zainod-0.10.1[2778]:   19:43:39.901  INFO zainodlib::indexer: Zaino status check, chain_state: Ready, fs_mode: ephemeral(syncing), json_rpc: Ready, grpc: Ready
1791661419.901141 runnervmmprz5 zainod-0.10.1[2778]:     at packages/zainod/src/indexer.rs:333
1791661423.066483 runnervmmprz5 zainod-0.10.1[2778]:   19:43:43.066  INFO zaino_chain_store_zainodb::store::finalised_source::v1::write_core: write_blocks_to_height: syncing, current: 3415842, target: 4381896, zebra_network: Testnet
1791661423.066483 runnervmmprz5 zainod-0.10.1[2778]:     at packages/zaino-chain-store-zainodb/src/store/finalised_source/v1/write_core.rs:184
1791661423.228165 runnervmmprz5 zainod-0.10.1[2778]:   19:43:43.228  INFO zaino_serve::rpc::grpc::service: [TEST] received call, method: "get_lightd_info"
1791661423.228165 runnervmmprz5 zainod-0.10.1[2778]:     at packages/zaino-serve/src/rpc/grpc/service.rs:161
1791661423.231618 runnervmmprz5 zainod-0.10.1[2778]:   19:43:43.231  INFO zaino_serve::rpc::grpc::service: [TEST] received call, method: "get_block"
1791661423.231618 runnervmmprz5 zainod-0.10.1[2778]:     at packages/zaino-serve/src/rpc/grpc/service.rs:161
1791661423.232127 runnervmmprz5 zainod-0.10.1[2778]:   19:43:43.232  INFO zaino_serve::rpc::grpc::service: [TEST] received call, method: "get_block"
1791661423.232127 runnervmmprz5 zainod-0.10.1[2778]:     at packages/zaino-serve/src/rpc/grpc/service.rs:161
1791661428.714600 runnervmmprz5 zainod-0.10.1[2778]:   19:43:48.714  INFO zaino_serve::rpc::grpc::service: [TEST] received call, method: "get_lightd_info"
1791661428.714600 runnervmmprz5 zainod-0.10.1[2778]:     at packages/zaino-serve/src/rpc/grpc/service.rs:161
1791661428.720055 runnervmmprz5 zainod-0.10.1[2778]:   19:43:48.720  INFO zaino_serve::rpc::grpc::service: [TEST] received call, method: "get_block"
1791661428.720055 runnervmmprz5 zainod-0.10.1[2778]:     at packages/zaino-serve/src/rpc/grpc/service.rs:161
1791661428.720674 runnervmmprz5 zainod-0.10.1[2778]:   19:43:48.720  INFO zaino_serve::rpc::grpc::service: [TEST] received call, method: "get_block"
1791661428.720674 runnervmmprz5 zainod-0.10.1[2778]:     at packages/zaino-serve/src/rpc/grpc/service.rs:161
1791661429.901327 runnervmmprz5 zainod-0.10.1[2778]:   19:43:49.901  INFO zainodlib::indexer: Zaino status check, chain_state: Ready, fs_mode: ephemeral(syncing), json_rpc: Ready, grpc: Ready
1791661429.901327 runnervmmprz5 zainod-0.10.1[2778]:     at packages/zainod/src/indexer.rs:333
1791661433.066768 runnervmmprz5 zainod-0.10.1[2778]:   19:43:53.066  INFO zaino_chain_store_zainodb::store::finalised_source::v1::write_core: write_blocks_to_height: syncing, current: 3452472, target: 4381896, zebra_network: Testnet
1791661433.066768 runnervmmprz5 zainod-0.10.1[2778]:     at packages/zaino-chain-store-zainodb/src/store/finalised_source/v1/write_core.rs:184
1791661433.229769 runnervmmprz5 zainod-0.10.1[2778]:   19:43:53.229  INFO zaino_serve::rpc::grpc::service: [TEST] received call, method: "get_lightd_info"
1791661433.229769 runnervmmprz5 zainod-0.10.1[2778]:     at packages/zaino-serve/src/rpc/grpc/service.rs:161
1791661433.234163 runnervmmprz5 zainod-0.10.1[2778]:   19:43:53.234  INFO zaino_serve::rpc::grpc::service: [TEST] received call, method: "get_block"
1791661433.234163 runnervmmprz5 zainod-0.10.1[2778]:     at packages/zaino-serve/src/rpc/grpc/service.rs:161
1791661433.234794 runnervmmprz5 zainod-0.10.1[2778]:   19:43:53.234  INFO zaino_serve::rpc::grpc::service: [TEST] received call, method: "get_block"
1791661433.234794 runnervmmprz5 zainod-0.10.1[2778]:     at packages/zaino-serve/src/rpc/grpc/service.rs:161
1791661438.234446 runnervmmprz5 zainod-0.10.1[2778]:   19:43:58.234  INFO zaino_serve::rpc::grpc::service: [TEST] received call, method: "get_lightd_info"
1791661438.234446 runnervmmprz5 zainod-0.10.1[2778]:     at packages/zaino-serve/src/rpc/grpc/service.rs:161
1791661438.238735 runnervmmprz5 zainod-0.10.1[2778]:   19:43:58.238  INFO zaino_serve::rpc::grpc::service: [TEST] received call, method: "get_block"
1791661438.238735 runnervmmprz5 zainod-0.10.1[2778]:     at packages/zaino-serve/src/rpc/grpc/service.rs:161
1791661438.239446 runnervmmprz5 zainod-0.10.1[2778]:   19:43:58.239  INFO zaino_serve::rpc::grpc::service: [TEST] received call, method: "get_block"
1791661438.239446 runnervmmprz5 zainod-0.10.1[2778]:     at packages/zaino-serve/src/rpc/grpc/service.rs:161
1791661440.000737 runnervmmprz5 zainod-0.10.1[2778]:   19:44:00.000  INFO zainodlib::indexer: Zaino status check, chain_state: Ready, fs_mode: ephemeral(syncing), json_rpc: Ready, grpc: Ready
1791661440.000737 runnervmmprz5 zainod-0.10.1[2778]:     at packages/zainod/src/indexer.rs:333
1791661442.429909 runnervmmprz5 zainod-0.10.1[2778]:   19:44:02.429  INFO zaino_chain_store_zainodb::store::finalised_source::v1::write_core: write_blocks_to_height: committed batch, height: 3399999, blocks: 100000
1791661442.429909 runnervmmprz5 zainod-0.10.1[2778]:     at packages/zaino-chain-store-zainodb/src/store/finalised_source/v1/write_core.rs:636
1791661443.074162 runnervmmprz5 zainod-0.10.1[2778]:   19:44:03.074  INFO zaino_chain_store_zainodb::store::finalised_source::v1::write_core: write_blocks_to_height: syncing, current: 3503248, target: 4381896, zebra_network: Testnet
1791661443.074162 runnervmmprz5 zainod-0.10.1[2778]:     at packages/zaino-chain-store-zainodb/src/store/finalised_source/v1/write_core.rs:184
1791661443.233154 runnervmmprz5 zainod-0.10.1[2778]:   19:44:03.233  INFO zaino_serve::rpc::grpc::service: [TEST] received call, method: "get_lightd_info"
1791661443.233154 runnervmmprz5 zainod-0.10.1[2778]:     at packages/zaino-serve/src/rpc/grpc/service.rs:161
1791661443.236995 runnervmmprz5 zainod-0.10.1[2778]:   19:44:03.236  INFO zaino_serve::rpc::grpc::service: [TEST] received call, method: "get_block"
1791661443.236995 runnervmmprz5 zainod-0.10.1[2778]:     at packages/zaino-serve/src/rpc/grpc/service.rs:161
1791661443.237696 runnervmmprz5 zainod-0.10.1[2778]:   19:44:03.237  INFO zaino_serve::rpc::grpc::service: [TEST] received call, method: "get_block"
1791661443.237696 runnervmmprz5 zainod-0.10.1[2778]:     at packages/zaino-serve/src/rpc/grpc/service.rs:161
1791661448.231086 runnervmmprz5 zainod-0.10.1[2778]:   19:44:08.231  INFO zaino_serve::rpc::grpc::service: [TEST] received call, method: "get_lightd_info"
1791661448.231086 runnervmmprz5 zainod-0.10.1[2778]:     at packages/zaino-serve/src/rpc/grpc/service.rs:161
1791661448.234076 runnervmmprz5 zainod-0.10.1[2778]:   19:44:08.234  INFO zaino_serve::rpc::grpc::service: [TEST] received call, method: "get_block"
1791661448.234076 runnervmmprz5 zainod-0.10.1[2778]:     at packages/zaino-serve/src/rpc/grpc/service.rs:161
1791661448.234633 runnervmmprz5 zainod-0.10.1[2778]:   19:44:08.234  INFO zaino_serve::rpc::grpc::service: [TEST] received call, method: "get_block"
1791661448.234633 runnervmmprz5 zainod-0.10.1[2778]:     at packages/zaino-serve/src/rpc/grpc/service.rs:161
1791661451.576458 runnervmmprz5 zainod-0.10.1[2778]:   19:44:11.576  INFO zainodlib::indexer: Zaino status check, chain_state: Ready, fs_mode: ephemeral(syncing), json_rpc: Ready, grpc: Ready
1791661451.576458 runnervmmprz5 zainod-0.10.1[2778]:     at packages/zainod/src/indexer.rs:333
1791661453.074317 runnervmmprz5 zainod-0.10.1[2778]:   19:44:13.074  INFO zaino_chain_store_zainodb::store::finalised_source::v1::write_core: write_blocks_to_height: syncing, current: 3520816, target: 4381896, zebra_network: Testnet
1791661453.074317 runnervmmprz5 zainod-0.10.1[2778]:     at packages/zaino-chain-store-zainodb/src/store/finalised_source/v1/write_core.rs:184
1791661453.229005 runnervmmprz5 zainod-0.10.1[2778]:   19:44:13.228  INFO zaino_serve::rpc::grpc::service: [TEST] received call, method: "get_lightd_info"
1791661453.229005 runnervmmprz5 zainod-0.10.1[2778]:     at packages/zaino-serve/src/rpc/grpc/service.rs:161
1791661453.231843 runnervmmprz5 zainod-0.10.1[2778]:   19:44:13.231  INFO zaino_serve::rpc::grpc::service: [TEST] received call, method: "get_block"
1791661453.231843 runnervmmprz5 zainod-0.10.1[2778]:     at packages/zaino-serve/src/rpc/grpc/service.rs:161
1791661453.232420 runnervmmprz5 zainod-0.10.1[2778]:   19:44:13.232  INFO zaino_serve::rpc::grpc::service: [TEST] received call, method: "get_block"
1791661453.232420 runnervmmprz5 zainod-0.10.1[2778]:     at packages/zaino-serve/src/rpc/grpc/service.rs:161
1791661458.235057 runnervmmprz5 zainod-0.10.1[2778]:   19:44:18.234  INFO zaino_serve::rpc::grpc::service: [TEST] received call, method: "get_lightd_info"
1791661458.235057 runnervmmprz5 zainod-0.10.1[2778]:     at packages/zaino-serve/src/rpc/grpc/service.rs:161
1791661458.238031 runnervmmprz5 zainod-0.10.1[2778]:   19:44:18.238  INFO zaino_serve::rpc::grpc::service: [TEST] received call, method: "get_block"
1791661458.238031 runnervmmprz5 zainod-0.10.1[2778]:     at packages/zaino-serve/src/rpc/grpc/service.rs:161
1791661458.238543 runnervmmprz5 zainod-0.10.1[2778]:   19:44:18.238  INFO zaino_serve::rpc::grpc::service: [TEST] received call, method: "get_block"
1791661458.238543 runnervmmprz5 zainod-0.10.1[2778]:     at packages/zaino-serve/src/rpc/grpc/service.rs:161
1791661461.600599 runnervmmprz5 zainod-0.10.1[2778]:   19:44:21.600  INFO zainodlib::indexer: Zaino status check, chain_state: Syncing, fs_mode: ephemeral(syncing), json_rpc: Ready, grpc: Ready
1791661461.600599 runnervmmprz5 zainod-0.10.1[2778]:     at packages/zainod/src/indexer.rs:333
1791661463.074735 runnervmmprz5 zainod-0.10.1[2778]:   19:44:23.074  INFO zaino_chain_store_zainodb::store::finalised_source::v1::write_core: write_blocks_to_height: syncing, current: 3553999, target: 4381896, zebra_network: Testnet
1791661463.074735 runnervmmprz5 zainod-0.10.1[2778]:     at packages/zaino-chain-store-zainodb/src/store/finalised_source/v1/write_core.rs:184
1791661463.232589 runnervmmprz5 zainod-0.10.1[2778]:   19:44:23.232  INFO zaino_serve::rpc::grpc::service: [TEST] received call, method: "get_lightd_info"
1791661463.232589 runnervmmprz5 zainod-0.10.1[2778]:     at packages/zaino-serve/src/rpc/grpc/service.rs:161
1791661463.236694 runnervmmprz5 zainod-0.10.1[2778]:   19:44:23.236  INFO zaino_serve::rpc::grpc::service: [TEST] received call, method: "get_block"
1791661463.236694 runnervmmprz5 zainod-0.10.1[2778]:     at packages/zaino-serve/src/rpc/grpc/service.rs:161
1791661463.237238 runnervmmprz5 zainod-0.10.1[2778]:   19:44:23.237  INFO zaino_serve::rpc::grpc::service: [TEST] received call, method: "get_block"
1791661463.237238 runnervmmprz5 zainod-0.10.1[2778]:     at packages/zaino-serve/src/rpc/grpc/service.rs:161
1791661468.231818 runnervmmprz5 zainod-0.10.1[2778]:   19:44:28.231  INFO zaino_serve::rpc::grpc::service: [TEST] received call, method: "get_lightd_info"
1791661468.231818 runnervmmprz5 zainod-0.10.1[2778]:     at packages/zaino-serve/src/rpc/grpc/service.rs:161
1791661468.234795 runnervmmprz5 zainod-0.10.1[2778]:   19:44:28.234  INFO zaino_serve::rpc::grpc::service: [TEST] received call, method: "get_block"
1791661468.234795 runnervmmprz5 zainod-0.10.1[2778]:     at packages/zaino-serve/src/rpc/grpc/service.rs:161
1791661468.235417 runnervmmprz5 zainod-0.10.1[2778]:   19:44:28.235  INFO zaino_serve::rpc::grpc::service: [TEST] received call, method: "get_block"
1791661468.235417 runnervmmprz5 zainod-0.10.1[2778]:     at packages/zaino-serve/src/rpc/grpc/service.rs:161
1791661471.600908 runnervmmprz5 zainod-0.10.1[2778]:   19:44:31.600  INFO zainodlib::indexer: Zaino status check, chain_state: Ready, fs_mode: ephemeral(syncing), json_rpc: Ready, grpc: Ready
1791661471.600908 runnervmmprz5 zainod-0.10.1[2778]:     at packages/zainod/src/indexer.rs:333
1791661473.231170 runnervmmprz5 zainod-0.10.1[2778]:   19:44:33.231  INFO zaino_serve::rpc::grpc::service: [TEST] received call, method: "get_lightd_info"
1791661473.231170 runnervmmprz5 zainod-0.10.1[2778]:     at packages/zaino-serve/src/rpc/grpc/service.rs:161
1791661473.234032 runnervmmprz5 zainod-0.10.1[2778]:   19:44:33.234  INFO zaino_serve::rpc::grpc::service: [TEST] received call, method: "get_block"
1791661473.234032 runnervmmprz5 zainod-0.10.1[2778]:     at packages/zaino-serve/src/rpc/grpc/service.rs:161
1791661473.234608 runnervmmprz5 zainod-0.10.1[2778]:   19:44:33.234  INFO zaino_serve::rpc::grpc::service: [TEST] received call, method: "get_block"
1791661473.234608 runnervmmprz5 zainod-0.10.1[2778]:     at packages/zaino-serve/src/rpc/grpc/service.rs:161
1791661473.268816 runnervmmprz5 zainod-0.10.1[2778]:   19:44:33.268  INFO zaino_chain_store_zainodb::store::finalised_source::v1::write_core: write_blocks_to_height: syncing, current: 3572041, target: 4381896, zebra_network: Testnet
1791661473.268816 runnervmmprz5 zainod-0.10.1[2778]:     at packages/zaino-chain-store-zainodb/src/store/finalised_source/v1/write_core.rs:184
1791661478.235791 runnervmmprz5 zainod-0.10.1[2778]:   19:44:38.235  INFO zaino_serve::rpc::grpc::service: [TEST] received call, method: "get_lightd_info"
1791661478.235791 runnervmmprz5 zainod-0.10.1[2778]:     at packages/zaino-serve/src/rpc/grpc/service.rs:161
1791661478.239282 runnervmmprz5 zainod-0.10.1[2778]:   19:44:38.239  INFO zaino_serve::rpc::grpc::service: [TEST] received call, method: "get_block"
1791661478.239282 runnervmmprz5 zainod-0.10.1[2778]:     at packages/zaino-serve/src/rpc/grpc/service.rs:161
1791661478.239907 runnervmmprz5 zainod-0.10.1[2778]:   19:44:38.239  INFO zaino_serve::rpc::grpc::service: [TEST] received call, method: "get_block"
1791661478.239907 runnervmmprz5 zainod-0.10.1[2778]:     at packages/zaino-serve/src/rpc/grpc/service.rs:161
1791661481.601117 runnervmmprz5 zainod-0.10.1[2778]:   19:44:41.601  INFO zainodlib::indexer: Zaino status check, chain_state: Ready, fs_mode: ephemeral(syncing), json_rpc: Ready, grpc: Ready
1791661481.601117 runnervmmprz5 zainod-0.10.1[2778]:     at packages/zainod/src/indexer.rs:333
1791661483.231977 runnervmmprz5 zainod-0.10.1[2778]:   19:44:43.231  INFO zaino_serve::rpc::grpc::service: [TEST] received call, method: "get_lightd_info"
1791661483.231977 runnervmmprz5 zainod-0.10.1[2778]:     at packages/zaino-serve/src/rpc/grpc/service.rs:161
1791661483.235043 runnervmmprz5 zainod-0.10.1[2778]:   19:44:43.235  INFO zaino_serve::rpc::grpc::service: [TEST] received call, method: "get_block"
1791661483.235043 runnervmmprz5 zainod-0.10.1[2778]:     at packages/zaino-serve/src/rpc/grpc/service.rs:161
1791661483.235649 runnervmmprz5 zainod-0.10.1[2778]:   19:44:43.235  INFO zaino_serve::rpc::grpc::service: [TEST] received call, method: "get_block"
1791661483.235649 runnervmmprz5 zainod-0.10.1[2778]:     at packages/zaino-serve/src/rpc/grpc/service.rs:161
1791661483.380102 runnervmmprz5 zainod-0.10.1[2778]:   19:44:43.380  INFO zaino_chain_store_zainodb::store::finalised_source::v1::write_core: write_blocks_to_height: syncing, current: 3588259, target: 4381896, zebra_network: Testnet
1791661483.380102 runnervmmprz5 zainod-0.10.1[2778]:     at packages/zaino-chain-store-zainodb/src/store/finalised_source/v1/write_core.rs:184
1791661488.203306 runnervmmprz5 zainod-0.10.1[2778]:   19:44:48.203  INFO zaino_chain_store_zainodb::store::finalised_source::v1::write_core: write_blocks_to_height: committed batch, height: 3499999, blocks: 100000
1791661488.203306 runnervmmprz5 zainod-0.10.1[2778]:     at packages/zaino-chain-store-zainodb/src/store/finalised_source/v1/write_core.rs:636
1791661488.234280 runnervmmprz5 zainod-0.10.1[2778]:   19:44:48.234  INFO zaino_serve::rpc::grpc::service: [TEST] received call, method: "get_lightd_info"
1791661488.234280 runnervmmprz5 zainod-0.10.1[2778]:     at packages/zaino-serve/src/rpc/grpc/service.rs:161
1791661488.240096 runnervmmprz5 zainod-0.10.1[2778]:   19:44:48.240  INFO zaino_serve::rpc::grpc::service: [TEST] received call, method: "get_block"
1791661488.240096 runnervmmprz5 zainod-0.10.1[2778]:     at packages/zaino-serve/src/rpc/grpc/service.rs:161
1791661488.242099 runnervmmprz5 zainod-0.10.1[2778]:   19:44:48.242  INFO zaino_serve::rpc::grpc::service: [TEST] received call, method: "get_block"
1791661488.242099 runnervmmprz5 zainod-0.10.1[2778]:     at packages/zaino-serve/src/rpc/grpc/service.rs:161
1791661491.701062 runnervmmprz5 zainod-0.10.1[2778]:   19:44:51.701  INFO zainodlib::indexer: Zaino status check, chain_state: Ready, fs_mode: ephemeral(syncing), json_rpc: Ready, grpc: Ready
1791661491.701062 runnervmmprz5 zainod-0.10.1[2778]:     at packages/zainod/src/indexer.rs:333
1791661493.233382 runnervmmprz5 zainod-0.10.1[2778]:   19:44:53.233  INFO zaino_serve::rpc::grpc::service: [TEST] received call, method: "get_lightd_info"
1791661493.233382 runnervmmprz5 zainod-0.10.1[2778]:     at packages/zaino-serve/src/rpc/grpc/service.rs:161
1791661493.236355 runnervmmprz5 zainod-0.10.1[2778]:   19:44:53.236  INFO zaino_serve::rpc::grpc::service: [TEST] received call, method: "get_block"
1791661493.236355 runnervmmprz5 zainod-0.10.1[2778]:     at packages/zaino-serve/src/rpc/grpc/service.rs:161
1791661493.236903 runnervmmprz5 zainod-0.10.1[2778]:   19:44:53.236  INFO zaino_serve::rpc::grpc::service: [TEST] received call, method: "get_block"
1791661493.236903 runnervmmprz5 zainod-0.10.1[2778]:     at packages/zaino-serve/src/rpc/grpc/service.rs:161
1791661493.382541 runnervmmprz5 zainod-0.10.1[2778]:   19:44:53.382  INFO zaino_chain_store_zainodb::store::finalised_source::v1::write_core: write_blocks_to_height: syncing, current: 3607631, target: 4381896, zebra_network: Testnet
1791661493.382541 runnervmmprz5 zainod-0.10.1[2778]:     at packages/zaino-chain-store-zainodb/src/store/finalised_source/v1/write_core.rs:184
1791661498.235220 runnervmmprz5 zainod-0.10.1[2778]:   19:44:58.235  INFO zaino_serve::rpc::grpc::service: [TEST] received call, method: "get_lightd_info"
1791661498.235220 runnervmmprz5 zainod-0.10.1[2778]:     at packages/zaino-serve/src/rpc/grpc/service.rs:161
1791661498.238430 runnervmmprz5 zainod-0.10.1[2778]:   19:44:58.238  INFO zaino_serve::rpc::grpc::service: [TEST] received call, method: "get_block"
1791661498.238430 runnervmmprz5 zainod-0.10.1[2778]:     at packages/zaino-serve/src/rpc/grpc/service.rs:161
1791661498.238913 runnervmmprz5 zainod-0.10.1[2778]:   19:44:58.238  INFO zaino_serve::rpc::grpc::service: [TEST] received call, method: "get_block"
1791661498.238913 runnervmmprz5 zainod-0.10.1[2778]:     at packages/zaino-serve/src/rpc/grpc/service.rs:161
1791661501.701552 runnervmmprz5 zainod-0.10.1[2778]:   19:45:01.701  INFO zainodlib::indexer: Zaino status check, chain_state: Ready, fs_mode: ephemeral(syncing), json_rpc: Ready, grpc: Ready
1791661501.701552 runnervmmprz5 zainod-0.10.1[2778]:     at packages/zainod/src/indexer.rs:333
1791661503.237434 runnervmmprz5 zainod-0.10.1[2778]:   19:45:03.237  INFO zaino_serve::rpc::grpc::service: [TEST] received call, method: "get_lightd_info"
1791661503.237434 runnervmmprz5 zainod-0.10.1[2778]:     at packages/zaino-serve/src/rpc/grpc/service.rs:161
1791661503.242044 runnervmmprz5 zainod-0.10.1[2778]:   19:45:03.242  INFO zaino_serve::rpc::grpc::service: [TEST] received call, method: "get_block"
1791661503.242044 runnervmmprz5 zainod-0.10.1[2778]:     at packages/zaino-serve/src/rpc/grpc/service.rs:161
1791661503.242692 runnervmmprz5 zainod-0.10.1[2778]:   19:45:03.242  INFO zaino_serve::rpc::grpc::service: [TEST] received call, method: "get_block"
1791661503.242692 runnervmmprz5 zainod-0.10.1[2778]:     at packages/zaino-serve/src/rpc/grpc/service.rs:161
1791661503.382583 runnervmmprz5 zainod-0.10.1[2778]:   19:45:03.382  INFO zaino_chain_store_zainodb::store::finalised_source::v1::write_core: write_blocks_to_height: syncing, current: 3621155, target: 4381896, zebra_network: Testnet
1791661503.382583 runnervmmprz5 zainod-0.10.1[2778]:     at packages/zaino-chain-store-zainodb/src/store/finalised_source/v1/write_core.rs:184
1791661508.238622 runnervmmprz5 zainod-0.10.1[2778]:   19:45:08.238  INFO zaino_serve::rpc::grpc::service: [TEST] received call, method: "get_lightd_info"
1791661508.238622 runnervmmprz5 zainod-0.10.1[2778]:     at packages/zaino-serve/src/rpc/grpc/service.rs:161
1791661508.241946 runnervmmprz5 zainod-0.10.1[2778]:   19:45:08.241  INFO zaino_serve::rpc::grpc::service: [TEST] received call, method: "get_block"
1791661508.241946 runnervmmprz5 zainod-0.10.1[2778]:     at packages/zaino-serve/src/rpc/grpc/service.rs:161
1791661508.242726 runnervmmprz5 zainod-0.10.1[2778]:   19:45:08.242  INFO zaino_serve::rpc::grpc::service: [TEST] received call, method: "get_block"
1791661508.242726 runnervmmprz5 zainod-0.10.1[2778]:     at packages/zaino-serve/src/rpc/grpc/service.rs:161
1791661511.801591 runnervmmprz5 zainod-0.10.1[2778]:   19:45:11.801  INFO zainodlib::indexer: Zaino status check, chain_state: Ready, fs_mode: ephemeral(syncing), json_rpc: Ready, grpc: Ready
1791661511.801591 runnervmmprz5 zainod-0.10.1[2778]:     at packages/zainod/src/indexer.rs:333
1791661513.238379 runnervmmprz5 zainod-0.10.1[2778]:   19:45:13.238  INFO zaino_serve::rpc::grpc::service: [TEST] received call, method: "get_lightd_info"
1791661513.238379 runnervmmprz5 zainod-0.10.1[2778]:     at packages/zaino-serve/src/rpc/grpc/service.rs:161
1791661513.242446 runnervmmprz5 zainod-0.10.1[2778]:   19:45:13.242  INFO zaino_serve::rpc::grpc::service: [TEST] received call, method: "get_block"
1791661513.242446 runnervmmprz5 zainod-0.10.1[2778]:     at packages/zaino-serve/src/rpc/grpc/service.rs:161
1791661513.242918 runnervmmprz5 zainod-0.10.1[2778]:   19:45:13.242  INFO zaino_serve::rpc::grpc::service: [TEST] received call, method: "get_block"
1791661513.242918 runnervmmprz5 zainod-0.10.1[2778]:     at packages/zaino-serve/src/rpc/grpc/service.rs:161
1791661513.382675 runnervmmprz5 zainod-0.10.1[2778]:   19:45:13.382  INFO zaino_chain_store_zainodb::store::finalised_source::v1::write_core: write_blocks_to_height: syncing, current: 3661172, target: 4381896, zebra_network: Testnet
1791661513.382675 runnervmmprz5 zainod-0.10.1[2778]:     at packages/zaino-chain-store-zainodb/src/store/finalised_source/v1/write_core.rs:184
1791661518.240718 runnervmmprz5 zainod-0.10.1[2778]:   19:45:18.240  INFO zaino_serve::rpc::grpc::service: [TEST] received call, method: "get_lightd_info"
1791661518.240718 runnervmmprz5 zainod-0.10.1[2778]:     at packages/zaino-serve/src/rpc/grpc/service.rs:161
1791661518.244716 runnervmmprz5 zainod-0.10.1[2778]:   19:45:18.244  INFO zaino_serve::rpc::grpc::service: [TEST] received call, method: "get_block"
1791661518.244716 runnervmmprz5 zainod-0.10.1[2778]:     at packages/zaino-serve/src/rpc/grpc/service.rs:161
1791661518.245587 runnervmmprz5 zainod-0.10.1[2778]:   19:45:18.245  INFO zaino_serve::rpc::grpc::service: [TEST] received call, method: "get_block"
1791661518.245587 runnervmmprz5 zainod-0.10.1[2778]:     at packages/zaino-serve/src/rpc/grpc/service.rs:161
1791661521.901193 runnervmmprz5 zainod-0.10.1[2778]:   19:45:21.901  INFO zainodlib::indexer: Zaino status check, chain_state: Ready, fs_mode: ephemeral(syncing), json_rpc: Ready, grpc: Ready
1791661521.901193 runnervmmprz5 zainod-0.10.1[2778]:     at packages/zainod/src/indexer.rs:333
1791661523.239534 runnervmmprz5 zainod-0.10.1[2778]:   19:45:23.239  INFO zaino_serve::rpc::grpc::service: [TEST] received call, method: "get_lightd_info"
1791661523.239534 runnervmmprz5 zainod-0.10.1[2778]:     at packages/zaino-serve/src/rpc/grpc/service.rs:161
1791661523.243457 runnervmmprz5 zainod-0.10.1[2778]:   19:45:23.243  INFO zaino_serve::rpc::grpc::service: [TEST] received call, method: "get_block"
1791661523.243457 runnervmmprz5 zainod-0.10.1[2778]:     at packages/zaino-serve/src/rpc/grpc/service.rs:161
1791661523.244049 runnervmmprz5 zainod-0.10.1[2778]:   19:45:23.244  INFO zaino_serve::rpc::grpc::service: [TEST] received call, method: "get_block"
1791661523.244049 runnervmmprz5 zainod-0.10.1[2778]:     at packages/zaino-serve/src/rpc/grpc/service.rs:161
1791661523.384872 runnervmmprz5 zainod-0.10.1[2778]:   19:45:23.384  INFO zaino_chain_store_zainodb::store::finalised_source::v1::write_core: write_blocks_to_height: syncing, current: 3692222, target: 4381896, zebra_network: Testnet
1791661523.384872 runnervmmprz5 zainod-0.10.1[2778]:     at packages/zaino-chain-store-zainodb/src/store/finalised_source/v1/write_core.rs:184
1791661525.139099 runnervmmprz5 zainod-0.10.1[2778]:   19:45:25.139  INFO zaino_chain_store_zainodb::store::finalised_source::v1::write_core: write_blocks_to_height: committed batch, height: 3599999, blocks: 100000
1791661525.139099 runnervmmprz5 zainod-0.10.1[2778]:     at packages/zaino-chain-store-zainodb/src/store/finalised_source/v1/write_core.rs:636
1791661528.240737 runnervmmprz5 zainod-0.10.1[2778]:   19:45:28.240  INFO zaino_serve::rpc::grpc::service: [TEST] received call, method: "get_lightd_info"
1791661528.240737 runnervmmprz5 zainod-0.10.1[2778]:     at packages/zaino-serve/src/rpc/grpc/service.rs:161
1791661528.245396 runnervmmprz5 zainod-0.10.1[2778]:   19:45:28.245  INFO zaino_serve::rpc::grpc::service: [TEST] received call, method: "get_block"
1791661528.245396 runnervmmprz5 zainod-0.10.1[2778]:     at packages/zaino-serve/src/rpc/grpc/service.rs:161
1791661528.246372 runnervmmprz5 zainod-0.10.1[2778]:   19:45:28.246  INFO zaino_serve::rpc::grpc::service: [TEST] received call, method: "get_block"
1791661528.246372 runnervmmprz5 zainod-0.10.1[2778]:     at packages/zaino-serve/src/rpc/grpc/service.rs:161
1791661532.001147 runnervmmprz5 zainod-0.10.1[2778]:   19:45:32.001  INFO zainodlib::indexer: Zaino status check, chain_state: Ready, fs_mode: ephemeral(syncing), json_rpc: Ready, grpc: Ready
1791661532.001147 runnervmmprz5 zainod-0.10.1[2778]:     at packages/zainod/src/indexer.rs:333
1791661533.236690 runnervmmprz5 zainod-0.10.1[2778]:   19:45:33.236  INFO zaino_serve::rpc::grpc::service: [TEST] received call, method: "get_lightd_info"
1791661533.236690 runnervmmprz5 zainod-0.10.1[2778]:     at packages/zaino-serve/src/rpc/grpc/service.rs:161
1791661533.239651 runnervmmprz5 zainod-0.10.1[2778]:   19:45:33.239  INFO zaino_serve::rpc::grpc::service: [TEST] received call, method: "get_block"
1791661533.239651 runnervmmprz5 zainod-0.10.1[2778]:     at packages/zaino-serve/src/rpc/grpc/service.rs:161
1791661533.240219 runnervmmprz5 zainod-0.10.1[2778]:   19:45:33.240  INFO zaino_serve::rpc::grpc::service: [TEST] received call, method: "get_block"
1791661533.240219 runnervmmprz5 zainod-0.10.1[2778]:     at packages/zaino-serve/src/rpc/grpc/service.rs:161
1791661533.520320 runnervmmprz5 zainod-0.10.1[2778]:   19:45:33.520  INFO zaino_chain_store_zainodb::store::finalised_source::v1::write_core: write_blocks_to_height: syncing, current: 3709989, target: 4381896, zebra_network: Testnet
1791661533.520320 runnervmmprz5 zainod-0.10.1[2778]:     at packages/zaino-chain-store-zainodb/src/store/finalised_source/v1/write_core.rs:184
1791661538.238706 runnervmmprz5 zainod-0.10.1[2778]:   19:45:38.238  INFO zaino_serve::rpc::grpc::service: [TEST] received call, method: "get_lightd_info"
1791661538.238706 runnervmmprz5 zainod-0.10.1[2778]:     at packages/zaino-serve/src/rpc/grpc/service.rs:161
1791661538.241568 runnervmmprz5 zainod-0.10.1[2778]:   19:45:38.241  INFO zaino_serve::rpc::grpc::service: [TEST] received call, method: "get_block"
1791661538.241568 runnervmmprz5 zainod-0.10.1[2778]:     at packages/zaino-serve/src/rpc/grpc/service.rs:161
1791661538.242110 runnervmmprz5 zainod-0.10.1[2778]:   19:45:38.242  INFO zaino_serve::rpc::grpc::service: [TEST] received call, method: "get_block"
1791661538.242110 runnervmmprz5 zainod-0.10.1[2778]:     at packages/zaino-serve/src/rpc/grpc/service.rs:161
1791661542.101076 runnervmmprz5 zainod-0.10.1[2778]:   19:45:42.101  INFO zainodlib::indexer: Zaino status check, chain_state: Ready, fs_mode: ephemeral(syncing), json_rpc: Ready, grpc: Ready
1791661542.101076 runnervmmprz5 zainod-0.10.1[2778]:     at packages/zainod/src/indexer.rs:333
1791661543.237640 runnervmmprz5 zainod-0.10.1[2778]:   19:45:43.237  INFO zaino_serve::rpc::grpc::service: [TEST] received call, method: "get_lightd_info"
1791661543.237640 runnervmmprz5 zainod-0.10.1[2778]:     at packages/zaino-serve/src/rpc/grpc/service.rs:161
1791661543.240934 runnervmmprz5 zainod-0.10.1[2778]:   19:45:43.240  INFO zaino_serve::rpc::grpc::service: [TEST] received call, method: "get_block"
1791661543.240934 runnervmmprz5 zainod-0.10.1[2778]:     at packages/zaino-serve/src/rpc/grpc/service.rs:161
1791661543.241615 runnervmmprz5 zainod-0.10.1[2778]:   19:45:43.241  INFO zaino_serve::rpc::grpc::service: [TEST] received call, method: "get_block"
1791661543.241615 runnervmmprz5 zainod-0.10.1[2778]:     at packages/zaino-serve/src/rpc/grpc/service.rs:161
1791661543.531441 runnervmmprz5 zainod-0.10.1[2778]:   19:45:43.531  INFO zaino_chain_store_zainodb::store::finalised_source::v1::write_core: write_blocks_to_height: syncing, current: 3719706, target: 4381896, zebra_network: Testnet
1791661543.531441 runnervmmprz5 zainod-0.10.1[2778]:     at packages/zaino-chain-store-zainodb/src/store/finalised_source/v1/write_core.rs:184
1791661548.239358 runnervmmprz5 zainod-0.10.1[2778]:   19:45:48.239  INFO zaino_serve::rpc::grpc::service: [TEST] received call, method: "get_lightd_info"
1791661548.239358 runnervmmprz5 zainod-0.10.1[2778]:     at packages/zaino-serve/src/rpc/grpc/service.rs:161
1791661548.242360 runnervmmprz5 zainod-0.10.1[2778]:   19:45:48.242  INFO zaino_serve::rpc::grpc::service: [TEST] received call, method: "get_block"
1791661548.242360 runnervmmprz5 zainod-0.10.1[2778]:     at packages/zaino-serve/src/rpc/grpc/service.rs:161
1791661548.242925 runnervmmprz5 zainod-0.10.1[2778]:   19:45:48.242  INFO zaino_serve::rpc::grpc::service: [TEST] received call, method: "get_block"
1791661548.242925 runnervmmprz5 zainod-0.10.1[2778]:     at packages/zaino-serve/src/rpc/grpc/service.rs:161
1791661552.201556 runnervmmprz5 zainod-0.10.1[2778]:   19:45:52.201  INFO zainodlib::indexer: Zaino status check, chain_state: Ready, fs_mode: ephemeral(syncing), json_rpc: Ready, grpc: Ready
1791661552.201556 runnervmmprz5 zainod-0.10.1[2778]:     at packages/zainod/src/indexer.rs:333
1791661553.238274 runnervmmprz5 zainod-0.10.1[2778]:   19:45:53.238  INFO zaino_serve::rpc::grpc::service: [TEST] received call, method: "get_lightd_info"
1791661553.238274 runnervmmprz5 zainod-0.10.1[2778]:     at packages/zaino-serve/src/rpc/grpc/service.rs:161
1791661553.241132 runnervmmprz5 zainod-0.10.1[2778]:   19:45:53.241  INFO zaino_serve::rpc::grpc::service: [TEST] received call, method: "get_block"
1791661553.241132 runnervmmprz5 zainod-0.10.1[2778]:     at packages/zaino-serve/src/rpc/grpc/service.rs:161
1791661553.241686 runnervmmprz5 zainod-0.10.1[2778]:   19:45:53.241  INFO zaino_serve::rpc::grpc::service: [TEST] received call, method: "get_block"
1791661553.241686 runnervmmprz5 zainod-0.10.1[2778]:     at packages/zaino-serve/src/rpc/grpc/service.rs:161
1791661553.531485 runnervmmprz5 zainod-0.10.1[2778]:   19:45:53.531  INFO zaino_chain_store_zainodb::store::finalised_source::v1::write_core: write_blocks_to_height: syncing, current: 3738099, target: 4381896, zebra_network: Testnet
1791661553.531485 runnervmmprz5 zainod-0.10.1[2778]:     at packages/zaino-chain-store-zainodb/src/store/finalised_source/v1/write_core.rs:184
1791661558.244645 runnervmmprz5 zainod-0.10.1[2778]:   19:45:58.244  INFO zaino_serve::rpc::grpc::service: [TEST] received call, method: "get_lightd_info"
1791661558.244645 runnervmmprz5 zainod-0.10.1[2778]:     at packages/zaino-serve/src/rpc/grpc/service.rs:161
1791661558.247544 runnervmmprz5 zainod-0.10.1[2778]:   19:45:58.247  INFO zaino_serve::rpc::grpc::service: [TEST] received call, method: "get_block"
1791661558.247544 runnervmmprz5 zainod-0.10.1[2778]:     at packages/zaino-serve/src/rpc/grpc/service.rs:161
1791661558.248102 runnervmmprz5 zainod-0.10.1[2778]:   19:45:58.248  INFO zaino_serve::rpc::grpc::service: [TEST] received call, method: "get_block"
1791661558.248102 runnervmmprz5 zainod-0.10.1[2778]:     at packages/zaino-serve/src/rpc/grpc/service.rs:161
1791661562.301576 runnervmmprz5 zainod-0.10.1[2778]:   19:46:02.301  INFO zainodlib::indexer: Zaino status check, chain_state: Ready, fs_mode: ephemeral(syncing), json_rpc: Ready, grpc: Ready
1791661562.301576 runnervmmprz5 zainod-0.10.1[2778]:     at packages/zainod/src/indexer.rs:333
1791661563.239464 runnervmmprz5 zainod-0.10.1[2778]:   19:46:03.239  INFO zaino_serve::rpc::grpc::service: [TEST] received call, method: "get_lightd_info"
1791661563.239464 runnervmmprz5 zainod-0.10.1[2778]:     at packages/zaino-serve/src/rpc/grpc/service.rs:161
1791661563.242172 runnervmmprz5 zainod-0.10.1[2778]:   19:46:03.242  INFO zaino_serve::rpc::grpc::service: [TEST] received call, method: "get_block"
1791661563.242172 runnervmmprz5 zainod-0.10.1[2778]:     at packages/zaino-serve/src/rpc/grpc/service.rs:161
1791661563.242676 runnervmmprz5 zainod-0.10.1[2778]:   19:46:03.242  INFO zaino_serve::rpc::grpc::service: [TEST] received call, method: "get_block"
1791661563.242676 runnervmmprz5 zainod-0.10.1[2778]:     at packages/zaino-serve/src/rpc/grpc/service.rs:161
1791661563.548514 runnervmmprz5 zainod-0.10.1[2778]:   19:46:03.548  INFO zaino_chain_store_zainodb::store::finalised_source::v1::write_core: write_blocks_to_height: syncing, current: 3766578, target: 4381896, zebra_network: Testnet
1791661563.548514 runnervmmprz5 zainod-0.10.1[2778]:     at packages/zaino-chain-store-zainodb/src/store/finalised_source/v1/write_core.rs:184
1791661568.244413 runnervmmprz5 zainod-0.10.1[2778]:   19:46:08.244  INFO zaino_serve::rpc::grpc::service: [TEST] received call, method: "get_lightd_info"
1791661568.244413 runnervmmprz5 zainod-0.10.1[2778]:     at packages/zaino-serve/src/rpc/grpc/service.rs:161
1791661568.247987 runnervmmprz5 zainod-0.10.1[2778]:   19:46:08.247  INFO zaino_serve::rpc::grpc::service: [TEST] received call, method: "get_block"
1791661568.247987 runnervmmprz5 zainod-0.10.1[2778]:     at packages/zaino-serve/src/rpc/grpc/service.rs:161
1791661568.248755 runnervmmprz5 zainod-0.10.1[2778]:   19:46:08.248  INFO zaino_serve::rpc::grpc::service: [TEST] received call, method: "get_block"
1791661568.248755 runnervmmprz5 zainod-0.10.1[2778]:     at packages/zaino-serve/src/rpc/grpc/service.rs:161
1791661572.247666 runnervmmprz5 zainod-0.10.1[2778]:   19:46:12.247  INFO zaino_chain_store_zainodb::store::finalised_source::v1::write_core: write_blocks_to_height: committed batch, height: 3699999, blocks: 100000
1791661572.247666 runnervmmprz5 zainod-0.10.1[2778]:     at packages/zaino-chain-store-zainodb/src/store/finalised_source/v1/write_core.rs:636
1791661572.400765 runnervmmprz5 zainod-0.10.1[2778]:   19:46:12.400  INFO zainodlib::indexer: Zaino status check, chain_state: Ready, fs_mode: ephemeral(syncing), json_rpc: Ready, grpc: Ready
1791661572.400765 runnervmmprz5 zainod-0.10.1[2778]:     at packages/zainod/src/indexer.rs:333
1791661573.245696 runnervmmprz5 zainod-0.10.1[2778]:   19:46:13.245  INFO zaino_serve::rpc::grpc::service: [TEST] received call, method: "get_lightd_info"
1791661573.245696 runnervmmprz5 zainod-0.10.1[2778]:     at packages/zaino-serve/src/rpc/grpc/service.rs:161
1791661573.249446 runnervmmprz5 zainod-0.10.1[2778]:   19:46:13.249  INFO zaino_serve::rpc::grpc::service: [TEST] received call, method: "get_block"
1791661573.249446 runnervmmprz5 zainod-0.10.1[2778]:     at packages/zaino-serve/src/rpc/grpc/service.rs:161
1791661573.250438 runnervmmprz5 zainod-0.10.1[2778]:   19:46:13.250  INFO zaino_serve::rpc::grpc::service: [TEST] received call, method: "get_block"
1791661573.250438 runnervmmprz5 zainod-0.10.1[2778]:     at packages/zaino-serve/src/rpc/grpc/service.rs:161
1791661573.549064 runnervmmprz5 zainod-0.10.1[2778]:   19:46:13.549  INFO zaino_chain_store_zainodb::store::finalised_source::v1::write_core: write_blocks_to_height: syncing, current: 3805117, target: 4381896, zebra_network: Testnet
1791661573.549064 runnervmmprz5 zainod-0.10.1[2778]:     at packages/zaino-chain-store-zainodb/src/store/finalised_source/v1/write_core.rs:184
1791661578.241976 runnervmmprz5 zainod-0.10.1[2778]:   19:46:18.241  INFO zaino_serve::rpc::grpc::service: [TEST] received call, method: "get_lightd_info"
1791661578.241976 runnervmmprz5 zainod-0.10.1[2778]:     at packages/zaino-serve/src/rpc/grpc/service.rs:161
1791661578.244847 runnervmmprz5 zainod-0.10.1[2778]:   19:46:18.244  INFO zaino_serve::rpc::grpc::service: [TEST] received call, method: "get_block"
1791661578.244847 runnervmmprz5 zainod-0.10.1[2778]:     at packages/zaino-serve/src/rpc/grpc/service.rs:161
1791661578.245450 runnervmmprz5 zainod-0.10.1[2778]:   19:46:18.245  INFO zaino_serve::rpc::grpc::service: [TEST] received call, method: "get_block"
1791661578.245450 runnervmmprz5 zainod-0.10.1[2778]:     at packages/zaino-serve/src/rpc/grpc/service.rs:161
1791661582.401423 runnervmmprz5 zainod-0.10.1[2778]:   19:46:22.401  INFO zainodlib::indexer: Zaino status check, chain_state: Ready, fs_mode: ephemeral(syncing), json_rpc: Ready, grpc: Ready
1791661582.401423 runnervmmprz5 zainod-0.10.1[2778]:     at packages/zainod/src/indexer.rs:333
1791661583.242575 runnervmmprz5 zainod-0.10.1[2778]:   19:46:23.242  INFO zaino_serve::rpc::grpc::service: [TEST] received call, method: "get_lightd_info"
1791661583.242575 runnervmmprz5 zainod-0.10.1[2778]:     at packages/zaino-serve/src/rpc/grpc/service.rs:161
1791661583.245764 runnervmmprz5 zainod-0.10.1[2778]:   19:46:23.245  INFO zaino_serve::rpc::grpc::service: [TEST] received call, method: "get_block"
1791661583.245764 runnervmmprz5 zainod-0.10.1[2778]:     at packages/zaino-serve/src/rpc/grpc/service.rs:161
1791661583.246302 runnervmmprz5 zainod-0.10.1[2778]:   19:46:23.246  INFO zaino_serve::rpc::grpc::service: [TEST] received call, method: "get_block"
1791661583.246302 runnervmmprz5 zainod-0.10.1[2778]:     at packages/zaino-serve/src/rpc/grpc/service.rs:161
1791661583.550533 runnervmmprz5 zainod-0.10.1[2778]:   19:46:23.550  INFO zaino_chain_store_zainodb::store::finalised_source::v1::write_core: write_blocks_to_height: syncing, current: 3820612, target: 4381896, zebra_network: Testnet
1791661583.550533 runnervmmprz5 zainod-0.10.1[2778]:     at packages/zaino-chain-store-zainodb/src/store/finalised_source/v1/write_core.rs:184
1791661588.495493 runnervmmprz5 zainod-0.10.1[2778]:   19:46:28.495  INFO zaino_serve::rpc::grpc::service: [TEST] received call, method: "get_lightd_info"
1791661588.495493 runnervmmprz5 zainod-0.10.1[2778]:     at packages/zaino-serve/src/rpc/grpc/service.rs:161
1791661588.498975 runnervmmprz5 zainod-0.10.1[2778]:   19:46:28.498  INFO zaino_serve::rpc::grpc::service: [TEST] received call, method: "get_block"
1791661588.498975 runnervmmprz5 zainod-0.10.1[2778]:     at packages/zaino-serve/src/rpc/grpc/service.rs:161
1791661588.499631 runnervmmprz5 zainod-0.10.1[2778]:   19:46:28.499  INFO zaino_serve::rpc::grpc::service: [TEST] received call, method: "get_block"
1791661588.499631 runnervmmprz5 zainod-0.10.1[2778]:     at packages/zaino-serve/src/rpc/grpc/service.rs:161
1791661592.500910 runnervmmprz5 zainod-0.10.1[2778]:   19:46:32.500  INFO zainodlib::indexer: Zaino status check, chain_state: Ready, fs_mode: ephemeral(syncing), json_rpc: Ready, grpc: Ready
1791661592.500910 runnervmmprz5 zainod-0.10.1[2778]:     at packages/zainod/src/indexer.rs:333
1791661593.242196 runnervmmprz5 zainod-0.10.1[2778]:   19:46:33.242  INFO zaino_serve::rpc::grpc::service: [TEST] received call, method: "get_lightd_info"
1791661593.242196 runnervmmprz5 zainod-0.10.1[2778]:     at packages/zaino-serve/src/rpc/grpc/service.rs:161
1791661593.245255 runnervmmprz5 zainod-0.10.1[2778]:   19:46:33.245  INFO zaino_serve::rpc::grpc::service: [TEST] received call, method: "get_block"
1791661593.245255 runnervmmprz5 zainod-0.10.1[2778]:     at packages/zaino-serve/src/rpc/grpc/service.rs:161
1791661593.245870 runnervmmprz5 zainod-0.10.1[2778]:   19:46:33.245  INFO zaino_serve::rpc::grpc::service: [TEST] received call, method: "get_block"
1791661593.245870 runnervmmprz5 zainod-0.10.1[2778]:     at packages/zaino-serve/src/rpc/grpc/service.rs:161
1791661593.551329 runnervmmprz5 zainod-0.10.1[2778]:   19:46:33.551  INFO zaino_chain_store_zainodb::store::finalised_source::v1::write_core: write_blocks_to_height: syncing, current: 3841903, target: 4381896, zebra_network: Testnet
1791661593.551329 runnervmmprz5 zainod-0.10.1[2778]:     at packages/zaino-chain-store-zainodb/src/store/finalised_source/v1/write_core.rs:184
1791661598.244179 runnervmmprz5 zainod-0.10.1[2778]:   19:46:38.244  INFO zaino_serve::rpc::grpc::service: [TEST] received call, method: "get_lightd_info"
1791661598.244179 runnervmmprz5 zainod-0.10.1[2778]:     at packages/zaino-serve/src/rpc/grpc/service.rs:161
1791661598.246927 runnervmmprz5 zainod-0.10.1[2778]:   19:46:38.246  INFO zaino_serve::rpc::grpc::service: [TEST] received call, method: "get_block"
1791661598.246927 runnervmmprz5 zainod-0.10.1[2778]:     at packages/zaino-serve/src/rpc/grpc/service.rs:161
1791661598.247465 runnervmmprz5 zainod-0.10.1[2778]:   19:46:38.247  INFO zaino_serve::rpc::grpc::service: [TEST] received call, method: "get_block"
1791661598.247465 runnervmmprz5 zainod-0.10.1[2778]:     at packages/zaino-serve/src/rpc/grpc/service.rs:161
1791661602.600679 runnervmmprz5 zainod-0.10.1[2778]:   19:46:42.600  INFO zainodlib::indexer: Zaino status check, chain_state: Ready, fs_mode: ephemeral(syncing), json_rpc: Ready, grpc: Ready
1791661602.600679 runnervmmprz5 zainod-0.10.1[2778]:     at packages/zainod/src/indexer.rs:333
1791661603.243219 runnervmmprz5 zainod-0.10.1[2778]:   19:46:43.243  INFO zaino_serve::rpc::grpc::service: [TEST] received call, method: "get_lightd_info"
1791661603.243219 runnervmmprz5 zainod-0.10.1[2778]:     at packages/zaino-serve/src/rpc/grpc/service.rs:161
1791661603.246445 runnervmmprz5 zainod-0.10.1[2778]:   19:46:43.246  INFO zaino_serve::rpc::grpc::service: [TEST] received call, method: "get_block"
1791661603.246445 runnervmmprz5 zainod-0.10.1[2778]:     at packages/zaino-serve/src/rpc/grpc/service.rs:161
1791661603.247018 runnervmmprz5 zainod-0.10.1[2778]:   19:46:43.246  INFO zaino_serve::rpc::grpc::service: [TEST] received call, method: "get_block"
1791661603.247018 runnervmmprz5 zainod-0.10.1[2778]:     at packages/zaino-serve/src/rpc/grpc/service.rs:161
1791661603.601282 runnervmmprz5 zainod-0.10.1[2778]:   19:46:43.601  INFO zaino_chain_store_zainodb::store::finalised_source::v1::write_core: write_blocks_to_height: syncing, current: 3873625, target: 4381896, zebra_network: Testnet
1791661603.601282 runnervmmprz5 zainod-0.10.1[2778]:     at packages/zaino-chain-store-zainodb/src/store/finalised_source/v1/write_core.rs:184
1791661608.247970 runnervmmprz5 zainod-0.10.1[2778]:   19:46:48.247  INFO zaino_serve::rpc::grpc::service: [TEST] received call, method: "get_lightd_info"
1791661608.247970 runnervmmprz5 zainod-0.10.1[2778]:     at packages/zaino-serve/src/rpc/grpc/service.rs:161
1791661608.251177 runnervmmprz5 zainod-0.10.1[2778]:   19:46:48.251  INFO zaino_serve::rpc::grpc::service: [TEST] received call, method: "get_block"
1791661608.251177 runnervmmprz5 zainod-0.10.1[2778]:     at packages/zaino-serve/src/rpc/grpc/service.rs:161
1791661608.251758 runnervmmprz5 zainod-0.10.1[2778]:   19:46:48.251  INFO zaino_serve::rpc::grpc::service: [TEST] received call, method: "get_block"
1791661608.251758 runnervmmprz5 zainod-0.10.1[2778]:     at packages/zaino-serve/src/rpc/grpc/service.rs:161
1791661612.601411 runnervmmprz5 zainod-0.10.1[2778]:   19:46:52.601  INFO zainodlib::indexer: Zaino status check, chain_state: Ready, fs_mode: ephemeral(syncing), json_rpc: Ready, grpc: Ready
1791661612.601411 runnervmmprz5 zainod-0.10.1[2778]:     at packages/zainod/src/indexer.rs:333
1791661613.247696 runnervmmprz5 zainod-0.10.1[2778]:   19:46:53.247  INFO zaino_serve::rpc::grpc::service: [TEST] received call, method: "get_lightd_info"
1791661613.247696 runnervmmprz5 zainod-0.10.1[2778]:     at packages/zaino-serve/src/rpc/grpc/service.rs:161
1791661613.250722 runnervmmprz5 zainod-0.10.1[2778]:   19:46:53.250  INFO zaino_serve::rpc::grpc::service: [TEST] received call, method: "get_block"
1791661613.250722 runnervmmprz5 zainod-0.10.1[2778]:     at packages/zaino-serve/src/rpc/grpc/service.rs:161
1791661613.251593 runnervmmprz5 zainod-0.10.1[2778]:   19:46:53.251  INFO zaino_serve::rpc::grpc::service: [TEST] received call, method: "get_block"
1791661613.251593 runnervmmprz5 zainod-0.10.1[2778]:     at packages/zaino-serve/src/rpc/grpc/service.rs:161
1791661613.498468 runnervmmprz5 zainod-0.10.1[2778]:   19:46:53.498  INFO zaino_chain_store_zainodb::store::finalised_source::v1::write_core: write_blocks_to_height: committed batch, height: 3799999, blocks: 100000
1791661613.498468 runnervmmprz5 zainod-0.10.1[2778]:     at packages/zaino-chain-store-zainodb/src/store/finalised_source/v1/write_core.rs:636
1791661613.601695 runnervmmprz5 zainod-0.10.1[2778]:   19:46:53.601  INFO zaino_chain_store_zainodb::store::finalised_source::v1::write_core: write_blocks_to_height: syncing, current: 3900194, target: 4381896, zebra_network: Testnet
1791661613.601695 runnervmmprz5 zainod-0.10.1[2778]:     at packages/zaino-chain-store-zainodb/src/store/finalised_source/v1/write_core.rs:184
1791661618.251624 runnervmmprz5 zainod-0.10.1[2778]:   19:46:58.251  INFO zaino_serve::rpc::grpc::service: [TEST] received call, method: "get_lightd_info"
1791661618.251624 runnervmmprz5 zainod-0.10.1[2778]:     at packages/zaino-serve/src/rpc/grpc/service.rs:161
1791661618.255412 runnervmmprz5 zainod-0.10.1[2778]:   19:46:58.255  INFO zaino_serve::rpc::grpc::service: [TEST] received call, method: "get_block"
1791661618.255412 runnervmmprz5 zainod-0.10.1[2778]:     at packages/zaino-serve/src/rpc/grpc/service.rs:161
1791661618.256608 runnervmmprz5 zainod-0.10.1[2778]:   19:46:58.256  INFO zaino_serve::rpc::grpc::service: [TEST] received call, method: "get_block"
1791661618.256608 runnervmmprz5 zainod-0.10.1[2778]:     at packages/zaino-serve/src/rpc/grpc/service.rs:161
1791661622.701033 runnervmmprz5 zainod-0.10.1[2778]:   19:47:02.700  INFO zainodlib::indexer: Zaino status check, chain_state: Ready, fs_mode: ephemeral(syncing), json_rpc: Ready, grpc: Ready
1791661622.701033 runnervmmprz5 zainod-0.10.1[2778]:     at packages/zainod/src/indexer.rs:333
1791661623.247563 runnervmmprz5 zainod-0.10.1[2778]:   19:47:03.247  INFO zaino_serve::rpc::grpc::service: [TEST] received call, method: "get_lightd_info"
1791661623.247563 runnervmmprz5 zainod-0.10.1[2778]:     at packages/zaino-serve/src/rpc/grpc/service.rs:161
1791661623.251491 runnervmmprz5 zainod-0.10.1[2778]:   19:47:03.251  INFO zaino_serve::rpc::grpc::service: [TEST] received call, method: "get_block"
1791661623.251491 runnervmmprz5 zainod-0.10.1[2778]:     at packages/zaino-serve/src/rpc/grpc/service.rs:161
1791661623.252084 runnervmmprz5 zainod-0.10.1[2778]:   19:47:03.252  INFO zaino_serve::rpc::grpc::service: [TEST] received call, method: "get_block"
1791661623.252084 runnervmmprz5 zainod-0.10.1[2778]:     at packages/zaino-serve/src/rpc/grpc/service.rs:161
1791661623.603211 runnervmmprz5 zainod-0.10.1[2778]:   19:47:03.603  INFO zaino_chain_store_zainodb::store::finalised_source::v1::write_core: write_blocks_to_height: syncing, current: 3922586, target: 4381896, zebra_network: Testnet
1791661623.603211 runnervmmprz5 zainod-0.10.1[2778]:     at packages/zaino-chain-store-zainodb/src/store/finalised_source/v1/write_core.rs:184
1791661628.246600 runnervmmprz5 zainod-0.10.1[2778]:   19:47:08.246  INFO zaino_serve::rpc::grpc::service: [TEST] received call, method: "get_lightd_info"
1791661628.246600 runnervmmprz5 zainod-0.10.1[2778]:     at packages/zaino-serve/src/rpc/grpc/service.rs:161
1791661628.249531 runnervmmprz5 zainod-0.10.1[2778]:   19:47:08.249  INFO zaino_serve::rpc::grpc::service: [TEST] received call, method: "get_block"
1791661628.249531 runnervmmprz5 zainod-0.10.1[2778]:     at packages/zaino-serve/src/rpc/grpc/service.rs:161
1791661628.250096 runnervmmprz5 zainod-0.10.1[2778]:   19:47:08.250  INFO zaino_serve::rpc::grpc::service: [TEST] received call, method: "get_block"
1791661628.250096 runnervmmprz5 zainod-0.10.1[2778]:     at packages/zaino-serve/src/rpc/grpc/service.rs:161
1791661632.701590 runnervmmprz5 zainod-0.10.1[2778]:   19:47:12.701  INFO zainodlib::indexer: Zaino status check, chain_state: Syncing, fs_mode: ephemeral(syncing), json_rpc: Ready, grpc: Ready
1791661632.701590 runnervmmprz5 zainod-0.10.1[2778]:     at packages/zainod/src/indexer.rs:333
1791661633.250044 runnervmmprz5 zainod-0.10.1[2778]:   19:47:13.250  INFO zaino_serve::rpc::grpc::service: [TEST] received call, method: "get_lightd_info"
1791661633.250044 runnervmmprz5 zainod-0.10.1[2778]:     at packages/zaino-serve/src/rpc/grpc/service.rs:161
1791661633.253061 runnervmmprz5 zainod-0.10.1[2778]:   19:47:13.253  INFO zaino_serve::rpc::grpc::service: [TEST] received call, method: "get_block"
1791661633.253061 runnervmmprz5 zainod-0.10.1[2778]:     at packages/zaino-serve/src/rpc/grpc/service.rs:161
1791661633.253722 runnervmmprz5 zainod-0.10.1[2778]:   19:47:13.253  INFO zaino_serve::rpc::grpc::service: [TEST] received call, method: "get_block"
1791661633.253722 runnervmmprz5 zainod-0.10.1[2778]:     at packages/zaino-serve/src/rpc/grpc/service.rs:161
1791661633.758020 runnervmmprz5 zainod-0.10.1[2778]:   19:47:13.757  INFO zaino_chain_store_zainodb::store::finalised_source::v1::write_core: write_blocks_to_height: syncing, current: 3949034, target: 4381896, zebra_network: Testnet
1791661633.758020 runnervmmprz5 zainod-0.10.1[2778]:     at packages/zaino-chain-store-zainodb/src/store/finalised_source/v1/write_core.rs:184
1791661638.248013 runnervmmprz5 zainod-0.10.1[2778]:   19:47:18.247  INFO zaino_serve::rpc::grpc::service: [TEST] received call, method: "get_lightd_info"
1791661638.248013 runnervmmprz5 zainod-0.10.1[2778]:     at packages/zaino-serve/src/rpc/grpc/service.rs:161
1791661638.251014 runnervmmprz5 zainod-0.10.1[2778]:   19:47:18.250  INFO zaino_serve::rpc::grpc::service: [TEST] received call, method: "get_block"
1791661638.251014 runnervmmprz5 zainod-0.10.1[2778]:     at packages/zaino-serve/src/rpc/grpc/service.rs:161
1791661638.251639 runnervmmprz5 zainod-0.10.1[2778]:   19:47:18.251  INFO zaino_serve::rpc::grpc::service: [TEST] received call, method: "get_block"
1791661638.251639 runnervmmprz5 zainod-0.10.1[2778]:     at packages/zaino-serve/src/rpc/grpc/service.rs:161
1791661642.800886 runnervmmprz5 zainod-0.10.1[2778]:   19:47:22.800  INFO zainodlib::indexer: Zaino status check, chain_state: Ready, fs_mode: ephemeral(syncing), json_rpc: Ready, grpc: Ready
1791661642.800886 runnervmmprz5 zainod-0.10.1[2778]:     at packages/zainod/src/indexer.rs:333
1791661643.251105 runnervmmprz5 zainod-0.10.1[2778]:   19:47:23.250  INFO zaino_serve::rpc::grpc::service: [TEST] received call, method: "get_lightd_info"
1791661643.251105 runnervmmprz5 zainod-0.10.1[2778]:     at packages/zaino-serve/src/rpc/grpc/service.rs:161
1791661643.255251 runnervmmprz5 zainod-0.10.1[2778]:   19:47:23.255  INFO zaino_serve::rpc::grpc::service: [TEST] received call, method: "get_block"
1791661643.255251 runnervmmprz5 zainod-0.10.1[2778]:     at packages/zaino-serve/src/rpc/grpc/service.rs:161
1791661643.256003 runnervmmprz5 zainod-0.10.1[2778]:   19:47:23.255  INFO zaino_serve::rpc::grpc::service: [TEST] received call, method: "get_block"
1791661643.256003 runnervmmprz5 zainod-0.10.1[2778]:     at packages/zaino-serve/src/rpc/grpc/service.rs:161
1791661643.759283 runnervmmprz5 zainod-0.10.1[2778]:   19:47:23.759  INFO zaino_chain_store_zainodb::store::finalised_source::v1::write_core: write_blocks_to_height: syncing, current: 3971036, target: 4381896, zebra_network: Testnet
1791661643.759283 runnervmmprz5 zainod-0.10.1[2778]:     at packages/zaino-chain-store-zainodb/src/store/finalised_source/v1/write_core.rs:184
1791661648.249473 runnervmmprz5 zainod-0.10.1[2778]:   19:47:28.249  INFO zaino_serve::rpc::grpc::service: [TEST] received call, method: "get_lightd_info"
1791661648.249473 runnervmmprz5 zainod-0.10.1[2778]:     at packages/zaino-serve/src/rpc/grpc/service.rs:161
1791661648.253913 runnervmmprz5 zainod-0.10.1[2778]:   19:47:28.253  INFO zaino_serve::rpc::grpc::service: [TEST] received call, method: "get_block"
1791661648.253913 runnervmmprz5 zainod-0.10.1[2778]:     at packages/zaino-serve/src/rpc/grpc/service.rs:161
1791661648.254883 runnervmmprz5 zainod-0.10.1[2778]:   19:47:28.254  INFO zaino_serve::rpc::grpc::service: [TEST] received call, method: "get_block"
1791661648.254883 runnervmmprz5 zainod-0.10.1[2778]:     at packages/zaino-serve/src/rpc/grpc/service.rs:161
1791661652.801470 runnervmmprz5 zainod-0.10.1[2778]:   19:47:32.801  INFO zainodlib::indexer: Zaino status check, chain_state: Ready, fs_mode: ephemeral(syncing), json_rpc: Ready, grpc: Ready
1791661652.801470 runnervmmprz5 zainod-0.10.1[2778]:     at packages/zainod/src/indexer.rs:333
1791661653.185632 runnervmmprz5 zainod-0.10.1[2778]:   19:47:33.185  INFO zaino_chain_store_zainodb::store::finalised_source::v1::write_core: write_blocks_to_height: committed batch, height: 3899999, blocks: 100000
1791661653.185632 runnervmmprz5 zainod-0.10.1[2778]:     at packages/zaino-chain-store-zainodb/src/store/finalised_source/v1/write_core.rs:636
1791661653.251919 runnervmmprz5 zainod-0.10.1[2778]:   19:47:33.251  INFO zaino_serve::rpc::grpc::service: [TEST] received call, method: "get_lightd_info"
1791661653.251919 runnervmmprz5 zainod-0.10.1[2778]:     at packages/zaino-serve/src/rpc/grpc/service.rs:161
1791661653.256142 runnervmmprz5 zainod-0.10.1[2778]:   19:47:33.256  INFO zaino_serve::rpc::grpc::service: [TEST] received call, method: "get_block"
1791661653.256142 runnervmmprz5 zainod-0.10.1[2778]:     at packages/zaino-serve/src/rpc/grpc/service.rs:161
1791661653.256977 runnervmmprz5 zainod-0.10.1[2778]:   19:47:33.256  INFO zaino_serve::rpc::grpc::service: [TEST] received call, method: "get_block"
1791661653.256977 runnervmmprz5 zainod-0.10.1[2778]:     at packages/zaino-serve/src/rpc/grpc/service.rs:161
1791661653.760007 runnervmmprz5 zainod-0.10.1[2778]:   19:47:33.759  INFO zaino_chain_store_zainodb::store::finalised_source::v1::write_core: write_blocks_to_height: syncing, current: 4002120, target: 4381896, zebra_network: Testnet
1791661653.760007 runnervmmprz5 zainod-0.10.1[2778]:     at packages/zaino-chain-store-zainodb/src/store/finalised_source/v1/write_core.rs:184
1791661658.249998 runnervmmprz5 zainod-0.10.1[2778]:   19:47:38.249  INFO zaino_serve::rpc::grpc::service: [TEST] received call, method: "get_lightd_info"
1791661658.249998 runnervmmprz5 zainod-0.10.1[2778]:     at packages/zaino-serve/src/rpc/grpc/service.rs:161
1791661658.290420 runnervmmprz5 zainod-0.10.1[2778]:   19:47:38.252  INFO zaino_serve::rpc::grpc::service: [TEST] received call, method: "get_block"
1791661658.290420 runnervmmprz5 zainod-0.10.1[2778]:     at packages/zaino-serve/src/rpc/grpc/service.rs:161
1791661658.290420 runnervmmprz5 zainod-0.10.1[2778]:   19:47:38.253  INFO zaino_serve::rpc::grpc::service: [TEST] received call, method: "get_block"
1791661658.290420 runnervmmprz5 zainod-0.10.1[2778]:     at packages/zaino-serve/src/rpc/grpc/service.rs:161
1791661662.900801 runnervmmprz5 zainod-0.10.1[2778]:   19:47:42.900  INFO zainodlib::indexer: Zaino status check, chain_state: Ready, fs_mode: ephemeral(syncing), json_rpc: Ready, grpc: Ready
1791661662.900801 runnervmmprz5 zainod-0.10.1[2778]:     at packages/zainod/src/indexer.rs:333
1791661663.250906 runnervmmprz5 zainod-0.10.1[2778]:   19:47:43.250  INFO zaino_serve::rpc::grpc::service: [TEST] received call, method: "get_lightd_info"
1791661663.250906 runnervmmprz5 zainod-0.10.1[2778]:     at packages/zaino-serve/src/rpc/grpc/service.rs:161
1791661663.253778 runnervmmprz5 zainod-0.10.1[2778]:   19:47:43.253  INFO zaino_serve::rpc::grpc::service: [TEST] received call, method: "get_block"
1791661663.253778 runnervmmprz5 zainod-0.10.1[2778]:     at packages/zaino-serve/src/rpc/grpc/service.rs:161
1791661663.254323 runnervmmprz5 zainod-0.10.1[2778]:   19:47:43.254  INFO zaino_serve::rpc::grpc::service: [TEST] received call, method: "get_block"
1791661663.254323 runnervmmprz5 zainod-0.10.1[2778]:     at packages/zaino-serve/src/rpc/grpc/service.rs:161
1791661663.775084 runnervmmprz5 zainod-0.10.1[2778]:   19:47:43.774  INFO zaino_chain_store_zainodb::store::finalised_source::v1::write_core: write_blocks_to_height: syncing, current: 4018143, target: 4381896, zebra_network: Testnet
1791661663.775084 runnervmmprz5 zainod-0.10.1[2778]:     at packages/zaino-chain-store-zainodb/src/store/finalised_source/v1/write_core.rs:184
1791661668.253984 runnervmmprz5 zainod-0.10.1[2778]:   19:47:48.253  INFO zaino_serve::rpc::grpc::service: [TEST] received call, method: "get_lightd_info"
1791661668.253984 runnervmmprz5 zainod-0.10.1[2778]:     at packages/zaino-serve/src/rpc/grpc/service.rs:161
1791661668.257132 runnervmmprz5 zainod-0.10.1[2778]:   19:47:48.257  INFO zaino_serve::rpc::grpc::service: [TEST] received call, method: "get_block"
1791661668.257132 runnervmmprz5 zainod-0.10.1[2778]:     at packages/zaino-serve/src/rpc/grpc/service.rs:161
1791661668.257704 runnervmmprz5 zainod-0.10.1[2778]:   19:47:48.257  INFO zaino_serve::rpc::grpc::service: [TEST] received call, method: "get_block"
1791661668.257704 runnervmmprz5 zainod-0.10.1[2778]:     at packages/zaino-serve/src/rpc/grpc/service.rs:161
1791661672.901453 runnervmmprz5 zainod-0.10.1[2778]:   19:47:52.901  INFO zainodlib::indexer: Zaino status check, chain_state: Ready, fs_mode: ephemeral(syncing), json_rpc: Ready, grpc: Ready
1791661672.901453 runnervmmprz5 zainod-0.10.1[2778]:     at packages/zainod/src/indexer.rs:333
1791661673.249878 runnervmmprz5 zainod-0.10.1[2778]:   19:47:53.249  INFO zaino_serve::rpc::grpc::service: [TEST] received call, method: "get_lightd_info"
1791661673.249878 runnervmmprz5 zainod-0.10.1[2778]:     at packages/zaino-serve/src/rpc/grpc/service.rs:161
1791661673.252819 runnervmmprz5 zainod-0.10.1[2778]:   19:47:53.252  INFO zaino_serve::rpc::grpc::service: [TEST] received call, method: "get_block"
1791661673.252819 runnervmmprz5 zainod-0.10.1[2778]:     at packages/zaino-serve/src/rpc/grpc/service.rs:161
1791661673.253422 runnervmmprz5 zainod-0.10.1[2778]:   19:47:53.253  INFO zaino_serve::rpc::grpc::service: [TEST] received call, method: "get_block"
1791661673.253422 runnervmmprz5 zainod-0.10.1[2778]:     at packages/zaino-serve/src/rpc/grpc/service.rs:161
1791661673.842043 runnervmmprz5 zainod-0.10.1[2778]:   19:47:53.841  INFO zaino_chain_store_zainodb::store::finalised_source::v1::write_core: write_blocks_to_height: syncing, current: 4041009, target: 4381896, zebra_network: Testnet
1791661673.842043 runnervmmprz5 zainod-0.10.1[2778]:     at packages/zaino-chain-store-zainodb/src/store/finalised_source/v1/write_core.rs:184
1791661678.254308 runnervmmprz5 zainod-0.10.1[2778]:   19:47:58.254  INFO zaino_serve::rpc::grpc::service: [TEST] received call, method: "get_lightd_info"
1791661678.254308 runnervmmprz5 zainod-0.10.1[2778]:     at packages/zaino-serve/src/rpc/grpc/service.rs:161
1791661678.258001 runnervmmprz5 zainod-0.10.1[2778]:   19:47:58.257  INFO zaino_serve::rpc::grpc::service: [TEST] received call, method: "get_block"
1791661678.258001 runnervmmprz5 zainod-0.10.1[2778]:     at packages/zaino-serve/src/rpc/grpc/service.rs:161
1791661678.258608 runnervmmprz5 zainod-0.10.1[2778]:   19:47:58.258  INFO zaino_serve::rpc::grpc::service: [TEST] received call, method: "get_block"
1791661678.258608 runnervmmprz5 zainod-0.10.1[2778]:     at packages/zaino-serve/src/rpc/grpc/service.rs:161
1791661683.001139 runnervmmprz5 zainod-0.10.1[2778]:   19:48:03.001  INFO zainodlib::indexer: Zaino status check, chain_state: Ready, fs_mode: ephemeral(syncing), json_rpc: Ready, grpc: Ready
1791661683.001139 runnervmmprz5 zainod-0.10.1[2778]:     at packages/zainod/src/indexer.rs:333
1791661683.255112 runnervmmprz5 zainod-0.10.1[2778]:   19:48:03.255  INFO zaino_serve::rpc::grpc::service: [TEST] received call, method: "get_lightd_info"
1791661683.255112 runnervmmprz5 zainod-0.10.1[2778]:     at packages/zaino-serve/src/rpc/grpc/service.rs:161
1791661683.259135 runnervmmprz5 zainod-0.10.1[2778]:   19:48:03.259  INFO zaino_serve::rpc::grpc::service: [TEST] received call, method: "get_block"
1791661683.259135 runnervmmprz5 zainod-0.10.1[2778]:     at packages/zaino-serve/src/rpc/grpc/service.rs:161
1791661683.259768 runnervmmprz5 zainod-0.10.1[2778]:   19:48:03.259  INFO zaino_serve::rpc::grpc::service: [TEST] received call, method: "get_block"
1791661683.259768 runnervmmprz5 zainod-0.10.1[2778]:     at packages/zaino-serve/src/rpc/grpc/service.rs:161
1791661683.842267 runnervmmprz5 zainod-0.10.1[2778]:   19:48:03.842  INFO zaino_chain_store_zainodb::store::finalised_source::v1::write_core: write_blocks_to_height: syncing, current: 4076715, target: 4381896, zebra_network: Testnet
1791661683.842267 runnervmmprz5 zainod-0.10.1[2778]:     at packages/zaino-chain-store-zainodb/src/store/finalised_source/v1/write_core.rs:184
1791661688.254077 runnervmmprz5 zainod-0.10.1[2778]:   19:48:08.254  INFO zaino_serve::rpc::grpc::service: [TEST] received call, method: "get_lightd_info"
1791661688.254077 runnervmmprz5 zainod-0.10.1[2778]:     at packages/zaino-serve/src/rpc/grpc/service.rs:161
1791661688.257707 runnervmmprz5 zainod-0.10.1[2778]:   19:48:08.257  INFO zaino_serve::rpc::grpc::service: [TEST] received call, method: "get_block"
1791661688.257707 runnervmmprz5 zainod-0.10.1[2778]:     at packages/zaino-serve/src/rpc/grpc/service.rs:161
1791661688.258289 runnervmmprz5 zainod-0.10.1[2778]:   19:48:08.258  INFO zaino_serve::rpc::grpc::service: [TEST] received call, method: "get_block"
1791661688.258289 runnervmmprz5 zainod-0.10.1[2778]:     at packages/zaino-serve/src/rpc/grpc/service.rs:161
1791661692.891295 runnervmmprz5 zainod-0.10.1[2778]:   19:48:12.891  INFO zaino_chain_store_zainodb::store::finalised_source::v1::write_core: write_blocks_to_height: committed batch, height: 3999999, blocks: 100000
1791661692.891295 runnervmmprz5 zainod-0.10.1[2778]:     at packages/zaino-chain-store-zainodb/src/store/finalised_source/v1/write_core.rs:636
1791661693.001533 runnervmmprz5 zainod-0.10.1[2778]:   19:48:13.001  INFO zainodlib::indexer: Zaino status check, chain_state: Ready, fs_mode: ephemeral(syncing), json_rpc: Ready, grpc: Ready
1791661693.001533 runnervmmprz5 zainod-0.10.1[2778]:     at packages/zainod/src/indexer.rs:333
1791661693.252656 runnervmmprz5 zainod-0.10.1[2778]:   19:48:13.252  INFO zaino_serve::rpc::grpc::service: [TEST] received call, method: "get_lightd_info"
1791661693.252656 runnervmmprz5 zainod-0.10.1[2778]:     at packages/zaino-serve/src/rpc/grpc/service.rs:161
1791661693.255677 runnervmmprz5 zainod-0.10.1[2778]:   19:48:13.255  INFO zaino_serve::rpc::grpc::service: [TEST] received call, method: "get_block"
1791661693.255677 runnervmmprz5 zainod-0.10.1[2778]:     at packages/zaino-serve/src/rpc/grpc/service.rs:161
1791661693.256255 runnervmmprz5 zainod-0.10.1[2778]:   19:48:13.256  INFO zaino_serve::rpc::grpc::service: [TEST] received call, method: "get_block"
1791661693.256255 runnervmmprz5 zainod-0.10.1[2778]:     at packages/zaino-serve/src/rpc/grpc/service.rs:161
1791661693.842486 runnervmmprz5 zainod-0.10.1[2778]:   19:48:13.842  INFO zaino_chain_store_zainodb::store::finalised_source::v1::write_core: write_blocks_to_height: syncing, current: 4102726, target: 4381896, zebra_network: Testnet
1791661693.842486 runnervmmprz5 zainod-0.10.1[2778]:     at packages/zaino-chain-store-zainodb/src/store/finalised_source/v1/write_core.rs:184
1791661698.254943 runnervmmprz5 zainod-0.10.1[2778]:   19:48:18.254  INFO zaino_serve::rpc::grpc::service: [TEST] received call, method: "get_lightd_info"
1791661698.254943 runnervmmprz5 zainod-0.10.1[2778]:     at packages/zaino-serve/src/rpc/grpc/service.rs:161
1791661698.257898 runnervmmprz5 zainod-0.10.1[2778]:   19:48:18.257  INFO zaino_serve::rpc::grpc::service: [TEST] received call, method: "get_block"
1791661698.257898 runnervmmprz5 zainod-0.10.1[2778]:     at packages/zaino-serve/src/rpc/grpc/service.rs:161
1791661698.304614 runnervmmprz5 zainod-0.10.1[2778]:   19:48:18.258  INFO zaino_serve::rpc::grpc::service: [TEST] received call, method: "get_block"
1791661698.304614 runnervmmprz5 zainod-0.10.1[2778]:     at packages/zaino-serve/src/rpc/grpc/service.rs:161
1791661703.101099 runnervmmprz5 zainod-0.10.1[2778]:   19:48:23.101  INFO zainodlib::indexer: Zaino status check, chain_state: Ready, fs_mode: ephemeral(syncing), json_rpc: Ready, grpc: Ready
1791661703.101099 runnervmmprz5 zainod-0.10.1[2778]:     at packages/zainod/src/indexer.rs:333
1791661703.253615 runnervmmprz5 zainod-0.10.1[2778]:   19:48:23.253  INFO zaino_serve::rpc::grpc::service: [TEST] received call, method: "get_lightd_info"
1791661703.253615 runnervmmprz5 zainod-0.10.1[2778]:     at packages/zaino-serve/src/rpc/grpc/service.rs:161
1791661703.260261 runnervmmprz5 zainod-0.10.1[2778]:   19:48:23.256  INFO zaino_serve::rpc::grpc::service: [TEST] received call, method: "get_block"
1791661703.260261 runnervmmprz5 zainod-0.10.1[2778]:     at packages/zaino-serve/src/rpc/grpc/service.rs:161
1791661703.260261 runnervmmprz5 zainod-0.10.1[2778]:   19:48:23.257  INFO zaino_serve::rpc::grpc::service: [TEST] received call, method: "get_block"
1791661703.260261 runnervmmprz5 zainod-0.10.1[2778]:     at packages/zaino-serve/src/rpc/grpc/service.rs:161
1791661703.848701 runnervmmprz5 zainod-0.10.1[2778]:   19:48:23.848  INFO zaino_chain_store_zainodb::store::finalised_source::v1::write_core: write_blocks_to_height: syncing, current: 4111729, target: 4381896, zebra_network: Testnet
1791661703.848701 runnervmmprz5 zainod-0.10.1[2778]:     at packages/zaino-chain-store-zainodb/src/store/finalised_source/v1/write_core.rs:184
1791661708.254794 runnervmmprz5 zainod-0.10.1[2778]:   19:48:28.254  INFO zaino_serve::rpc::grpc::service: [TEST] received call, method: "get_lightd_info"
1791661708.254794 runnervmmprz5 zainod-0.10.1[2778]:     at packages/zaino-serve/src/rpc/grpc/service.rs:161
1791661708.257949 runnervmmprz5 zainod-0.10.1[2778]:   19:48:28.257  INFO zaino_serve::rpc::grpc::service: [TEST] received call, method: "get_block"
1791661708.257949 runnervmmprz5 zainod-0.10.1[2778]:     at packages/zaino-serve/src/rpc/grpc/service.rs:161
1791661708.258550 runnervmmprz5 zainod-0.10.1[2778]:   19:48:28.258  INFO zaino_serve::rpc::grpc::service: [TEST] received call, method: "get_block"
1791661708.258550 runnervmmprz5 zainod-0.10.1[2778]:     at packages/zaino-serve/src/rpc/grpc/service.rs:161
1791661713.201406 runnervmmprz5 zainod-0.10.1[2778]:   19:48:33.201  INFO zainodlib::indexer: Zaino status check, chain_state: Ready, fs_mode: ephemeral(syncing), json_rpc: Ready, grpc: Ready
1791661713.201406 runnervmmprz5 zainod-0.10.1[2778]:     at packages/zainod/src/indexer.rs:333
1791661713.253694 runnervmmprz5 zainod-0.10.1[2778]:   19:48:33.253  INFO zaino_serve::rpc::grpc::service: [TEST] received call, method: "get_lightd_info"
1791661713.253694 runnervmmprz5 zainod-0.10.1[2778]:     at packages/zaino-serve/src/rpc/grpc/service.rs:161
1791661713.256622 runnervmmprz5 zainod-0.10.1[2778]:   19:48:33.256  INFO zaino_serve::rpc::grpc::service: [TEST] received call, method: "get_block"
1791661713.256622 runnervmmprz5 zainod-0.10.1[2778]:     at packages/zaino-serve/src/rpc/grpc/service.rs:161
1791661713.257203 runnervmmprz5 zainod-0.10.1[2778]:   19:48:33.257  INFO zaino_serve::rpc::grpc::service: [TEST] received call, method: "get_block"
1791661713.257203 runnervmmprz5 zainod-0.10.1[2778]:     at packages/zaino-serve/src/rpc/grpc/service.rs:161
1791661713.849604 runnervmmprz5 zainod-0.10.1[2778]:   19:48:33.849  INFO zaino_chain_store_zainodb::store::finalised_source::v1::write_core: write_blocks_to_height: syncing, current: 4122241, target: 4381896, zebra_network: Testnet
1791661713.849604 runnervmmprz5 zainod-0.10.1[2778]:     at packages/zaino-chain-store-zainodb/src/store/finalised_source/v1/write_core.rs:184
1791661718.259747 runnervmmprz5 zainod-0.10.1[2778]:   19:48:38.259  INFO zaino_serve::rpc::grpc::service: [TEST] received call, method: "get_lightd_info"
1791661718.259747 runnervmmprz5 zainod-0.10.1[2778]:     at packages/zaino-serve/src/rpc/grpc/service.rs:161
1791661718.263480 runnervmmprz5 zainod-0.10.1[2778]:   19:48:38.263  INFO zaino_serve::rpc::grpc::service: [TEST] received call, method: "get_block"
1791661718.263480 runnervmmprz5 zainod-0.10.1[2778]:     at packages/zaino-serve/src/rpc/grpc/service.rs:161
1791661718.264315 runnervmmprz5 zainod-0.10.1[2778]:   19:48:38.264  INFO zaino_serve::rpc::grpc::service: [TEST] received call, method: "get_block"
1791661718.264315 runnervmmprz5 zainod-0.10.1[2778]:     at packages/zaino-serve/src/rpc/grpc/service.rs:161
1791661723.255793 runnervmmprz5 zainod-0.10.1[2778]:   19:48:43.255  INFO zaino_serve::rpc::grpc::service: [TEST] received call, method: "get_lightd_info"
1791661723.255793 runnervmmprz5 zainod-0.10.1[2778]:     at packages/zaino-serve/src/rpc/grpc/service.rs:161
1791661723.258572 runnervmmprz5 zainod-0.10.1[2778]:   19:48:43.258  INFO zaino_serve::rpc::grpc::service: [TEST] received call, method: "get_block"
1791661723.258572 runnervmmprz5 zainod-0.10.1[2778]:     at packages/zaino-serve/src/rpc/grpc/service.rs:161
1791661723.273721 runnervmmprz5 zainod-0.10.1[2778]:   19:48:43.273  INFO zaino_serve::rpc::grpc::service: [TEST] received call, method: "get_block"
1791661723.273721 runnervmmprz5 zainod-0.10.1[2778]:     at packages/zaino-serve/src/rpc/grpc/service.rs:161
1791661723.301193 runnervmmprz5 zainod-0.10.1[2778]:   19:48:43.301  INFO zainodlib::indexer: Zaino status check, chain_state: Ready, fs_mode: ephemeral(syncing), json_rpc: Ready, grpc: Ready
1791661723.301193 runnervmmprz5 zainod-0.10.1[2778]:     at packages/zainod/src/indexer.rs:333
1791661723.858273 runnervmmprz5 zainod-0.10.1[2778]:   19:48:43.858  INFO zaino_chain_store_zainodb::store::finalised_source::v1::write_core: write_blocks_to_height: syncing, current: 4150201, target: 4381896, zebra_network: Testnet
1791661723.858273 runnervmmprz5 zainod-0.10.1[2778]:     at packages/zaino-chain-store-zainodb/src/store/finalised_source/v1/write_core.rs:184
1791661728.259788 runnervmmprz5 zainod-0.10.1[2778]:   19:48:48.259  INFO zaino_serve::rpc::grpc::service: [TEST] received call, method: "get_lightd_info"
1791661728.259788 runnervmmprz5 zainod-0.10.1[2778]:     at packages/zaino-serve/src/rpc/grpc/service.rs:161
1791661728.263297 runnervmmprz5 zainod-0.10.1[2778]:   19:48:48.263  INFO zaino_serve::rpc::grpc::service: [TEST] received call, method: "get_block"
1791661728.263297 runnervmmprz5 zainod-0.10.1[2778]:     at packages/zaino-serve/src/rpc/grpc/service.rs:161
1791661728.265334 runnervmmprz5 zainod-0.10.1[2778]:   19:48:48.265  INFO zaino_serve::rpc::grpc::service: [TEST] received call, method: "get_block"
1791661728.265334 runnervmmprz5 zainod-0.10.1[2778]:     at packages/zaino-serve/src/rpc/grpc/service.rs:161
1791661733.259711 runnervmmprz5 zainod-0.10.1[2778]:   19:48:53.259  INFO zaino_serve::rpc::grpc::service: [TEST] received call, method: "get_lightd_info"
1791661733.259711 runnervmmprz5 zainod-0.10.1[2778]:     at packages/zaino-serve/src/rpc/grpc/service.rs:161
1791661733.263179 runnervmmprz5 zainod-0.10.1[2778]:   19:48:53.263  INFO zaino_serve::rpc::grpc::service: [TEST] received call, method: "get_block"
1791661733.263179 runnervmmprz5 zainod-0.10.1[2778]:     at packages/zaino-serve/src/rpc/grpc/service.rs:161
1791661733.263758 runnervmmprz5 zainod-0.10.1[2778]:   19:48:53.263  INFO zaino_serve::rpc::grpc::service: [TEST] received call, method: "get_block"
1791661733.263758 runnervmmprz5 zainod-0.10.1[2778]:     at packages/zaino-serve/src/rpc/grpc/service.rs:161
1791661733.401470 runnervmmprz5 zainod-0.10.1[2778]:   19:48:53.401  INFO zainodlib::indexer: Zaino status check, chain_state: Ready, fs_mode: ephemeral(syncing), json_rpc: Ready, grpc: Ready
1791661733.401470 runnervmmprz5 zainod-0.10.1[2778]:     at packages/zainod/src/indexer.rs:333
1791661733.858416 runnervmmprz5 zainod-0.10.1[2778]:   19:48:53.858  INFO zaino_chain_store_zainodb::store::finalised_source::v1::write_core: write_blocks_to_height: syncing, current: 4179367, target: 4381896, zebra_network: Testnet
1791661733.858416 runnervmmprz5 zainod-0.10.1[2778]:     at packages/zaino-chain-store-zainodb/src/store/finalised_source/v1/write_core.rs:184
1791661738.257153 runnervmmprz5 zainod-0.10.1[2778]:   19:48:58.257  INFO zaino_serve::rpc::grpc::service: [TEST] received call, method: "get_lightd_info"
1791661738.257153 runnervmmprz5 zainod-0.10.1[2778]:     at packages/zaino-serve/src/rpc/grpc/service.rs:161
1791661738.260169 runnervmmprz5 zainod-0.10.1[2778]:   19:48:58.260  INFO zaino_serve::rpc::grpc::service: [TEST] received call, method: "get_block"
1791661738.260169 runnervmmprz5 zainod-0.10.1[2778]:     at packages/zaino-serve/src/rpc/grpc/service.rs:161
1791661738.260730 runnervmmprz5 zainod-0.10.1[2778]:   19:48:58.260  INFO zaino_serve::rpc::grpc::service: [TEST] received call, method: "get_block"
1791661738.260730 runnervmmprz5 zainod-0.10.1[2778]:     at packages/zaino-serve/src/rpc/grpc/service.rs:161
1791661740.230548 runnervmmprz5 zainod-0.10.1[2778]:   19:49:00.230  INFO zaino_chain_store_zainodb::store::finalised_source::v1::write_core: write_blocks_to_height: committed batch, height: 4099999, blocks: 100000
1791661740.230548 runnervmmprz5 zainod-0.10.1[2778]:     at packages/zaino-chain-store-zainodb/src/store/finalised_source/v1/write_core.rs:636
1791661743.256988 runnervmmprz5 zainod-0.10.1[2778]:   19:49:03.256  INFO zaino_serve::rpc::grpc::service: [TEST] received call, method: "get_lightd_info"
1791661743.256988 runnervmmprz5 zainod-0.10.1[2778]:     at packages/zaino-serve/src/rpc/grpc/service.rs:161
1791661743.260028 runnervmmprz5 zainod-0.10.1[2778]:   19:49:03.260  INFO zaino_serve::rpc::grpc::service: [TEST] received call, method: "get_block"
1791661743.260028 runnervmmprz5 zainod-0.10.1[2778]:     at packages/zaino-serve/src/rpc/grpc/service.rs:161
1791661743.260623 runnervmmprz5 zainod-0.10.1[2778]:   19:49:03.260  INFO zaino_serve::rpc::grpc::service: [TEST] received call, method: "get_block"
1791661743.260623 runnervmmprz5 zainod-0.10.1[2778]:     at packages/zaino-serve/src/rpc/grpc/service.rs:161
1791661743.401524 runnervmmprz5 zainod-0.10.1[2778]:   19:49:03.401  INFO zainodlib::indexer: Zaino status check, chain_state: Ready, fs_mode: ephemeral(syncing), json_rpc: Ready, grpc: Ready
1791661743.401524 runnervmmprz5 zainod-0.10.1[2778]:     at packages/zainod/src/indexer.rs:333
1791661743.873940 runnervmmprz5 zainod-0.10.1[2778]:   19:49:03.873  INFO zaino_chain_store_zainodb::store::finalised_source::v1::write_core: write_blocks_to_height: syncing, current: 4211663, target: 4381896, zebra_network: Testnet
1791661743.873940 runnervmmprz5 zainod-0.10.1[2778]:     at packages/zaino-chain-store-zainodb/src/store/finalised_source/v1/write_core.rs:184
1791661748.261839 runnervmmprz5 zainod-0.10.1[2778]:   19:49:08.261  INFO zaino_serve::rpc::grpc::service: [TEST] received call, method: "get_lightd_info"
1791661748.261839 runnervmmprz5 zainod-0.10.1[2778]:     at packages/zaino-serve/src/rpc/grpc/service.rs:161
1791661748.265041 runnervmmprz5 zainod-0.10.1[2778]:   19:49:08.265  INFO zaino_serve::rpc::grpc::service: [TEST] received call, method: "get_block"
1791661748.265041 runnervmmprz5 zainod-0.10.1[2778]:     at packages/zaino-serve/src/rpc/grpc/service.rs:161
1791661748.265617 runnervmmprz5 zainod-0.10.1[2778]:   19:49:08.265  INFO zaino_serve::rpc::grpc::service: [TEST] received call, method: "get_block"
1791661748.265617 runnervmmprz5 zainod-0.10.1[2778]:     at packages/zaino-serve/src/rpc/grpc/service.rs:161
1791661753.259139 runnervmmprz5 zainod-0.10.1[2778]:   19:49:13.259  INFO zaino_serve::rpc::grpc::service: [TEST] received call, method: "get_lightd_info"
1791661753.259139 runnervmmprz5 zainod-0.10.1[2778]:     at packages/zaino-serve/src/rpc/grpc/service.rs:161
1791661753.262149 runnervmmprz5 zainod-0.10.1[2778]:   19:49:13.262  INFO zaino_serve::rpc::grpc::service: [TEST] received call, method: "get_block"
1791661753.262149 runnervmmprz5 zainod-0.10.1[2778]:     at packages/zaino-serve/src/rpc/grpc/service.rs:161
1791661753.262781 runnervmmprz5 zainod-0.10.1[2778]:   19:49:13.262  INFO zaino_serve::rpc::grpc::service: [TEST] received call, method: "get_block"
1791661753.262781 runnervmmprz5 zainod-0.10.1[2778]:     at packages/zaino-serve/src/rpc/grpc/service.rs:161
1791661753.500783 runnervmmprz5 zainod-0.10.1[2778]:   19:49:13.500  INFO zainodlib::indexer: Zaino status check, chain_state: Ready, fs_mode: ephemeral(syncing), json_rpc: Ready, grpc: Ready
1791661753.500783 runnervmmprz5 zainod-0.10.1[2778]:     at packages/zainod/src/indexer.rs:333
1791661753.902117 runnervmmprz5 zainod-0.10.1[2778]:   19:49:13.902  INFO zaino_chain_store_zainodb::store::finalised_source::v1::write_core: write_blocks_to_height: syncing, current: 4218551, target: 4381896, zebra_network: Testnet
1791661753.902117 runnervmmprz5 zainod-0.10.1[2778]:     at packages/zaino-chain-store-zainodb/src/store/finalised_source/v1/write_core.rs:184
1791661758.262325 runnervmmprz5 zainod-0.10.1[2778]:   19:49:18.262  INFO zaino_serve::rpc::grpc::service: [TEST] received call, method: "get_lightd_info"
1791661758.262325 runnervmmprz5 zainod-0.10.1[2778]:     at packages/zaino-serve/src/rpc/grpc/service.rs:161
1791661758.266416 runnervmmprz5 zainod-0.10.1[2778]:   19:49:18.266  INFO zaino_serve::rpc::grpc::service: [TEST] received call, method: "get_block"
1791661758.266416 runnervmmprz5 zainod-0.10.1[2778]:     at packages/zaino-serve/src/rpc/grpc/service.rs:161
1791661758.267470 runnervmmprz5 zainod-0.10.1[2778]:   19:49:18.267  INFO zaino_serve::rpc::grpc::service: [TEST] received call, method: "get_block"
1791661758.267470 runnervmmprz5 zainod-0.10.1[2778]:     at packages/zaino-serve/src/rpc/grpc/service.rs:161
1791661763.258911 runnervmmprz5 zainod-0.10.1[2778]:   19:49:23.258  INFO zaino_serve::rpc::grpc::service: [TEST] received call, method: "get_lightd_info"
1791661763.258911 runnervmmprz5 zainod-0.10.1[2778]:     at packages/zaino-serve/src/rpc/grpc/service.rs:161
1791661763.262697 runnervmmprz5 zainod-0.10.1[2778]:   19:49:23.262  INFO zaino_serve::rpc::grpc::service: [TEST] received call, method: "get_block"
1791661763.262697 runnervmmprz5 zainod-0.10.1[2778]:     at packages/zaino-serve/src/rpc/grpc/service.rs:161
1791661763.263249 runnervmmprz5 zainod-0.10.1[2778]:   19:49:23.263  INFO zaino_serve::rpc::grpc::service: [TEST] received call, method: "get_block"
1791661763.263249 runnervmmprz5 zainod-0.10.1[2778]:     at packages/zaino-serve/src/rpc/grpc/service.rs:161
1791661763.501189 runnervmmprz5 zainod-0.10.1[2778]:   19:49:23.501  INFO zainodlib::indexer: Zaino status check, chain_state: Ready, fs_mode: ephemeral(syncing), json_rpc: Ready, grpc: Ready
1791661763.501189 runnervmmprz5 zainod-0.10.1[2778]:     at packages/zainod/src/indexer.rs:333
1791661763.902431 runnervmmprz5 zainod-0.10.1[2778]:   19:49:23.902  INFO zaino_chain_store_zainodb::store::finalised_source::v1::write_core: write_blocks_to_height: syncing, current: 4235294, target: 4381896, zebra_network: Testnet
1791661763.902431 runnervmmprz5 zainod-0.10.1[2778]:     at packages/zaino-chain-store-zainodb/src/store/finalised_source/v1/write_core.rs:184
1791661768.262328 runnervmmprz5 zainod-0.10.1[2778]:   19:49:28.262  INFO zaino_serve::rpc::grpc::service: [TEST] received call, method: "get_lightd_info"
1791661768.262328 runnervmmprz5 zainod-0.10.1[2778]:     at packages/zaino-serve/src/rpc/grpc/service.rs:161
1791661768.266099 runnervmmprz5 zainod-0.10.1[2778]:   19:49:28.266  INFO zaino_serve::rpc::grpc::service: [TEST] received call, method: "get_block"
1791661768.266099 runnervmmprz5 zainod-0.10.1[2778]:     at packages/zaino-serve/src/rpc/grpc/service.rs:161
1791661768.267298 runnervmmprz5 zainod-0.10.1[2778]:   19:49:28.267  INFO zaino_serve::rpc::grpc::service: [TEST] received call, method: "get_block"
1791661768.267298 runnervmmprz5 zainod-0.10.1[2778]:     at packages/zaino-serve/src/rpc/grpc/service.rs:161
1791661773.261015 runnervmmprz5 zainod-0.10.1[2778]:   19:49:33.260  INFO zaino_serve::rpc::grpc::service: [TEST] received call, method: "get_lightd_info"
1791661773.261015 runnervmmprz5 zainod-0.10.1[2778]:     at packages/zaino-serve/src/rpc/grpc/service.rs:161
1791661773.263884 runnervmmprz5 zainod-0.10.1[2778]:   19:49:33.263  INFO zaino_serve::rpc::grpc::service: [TEST] received call, method: "get_block"
1791661773.263884 runnervmmprz5 zainod-0.10.1[2778]:     at packages/zaino-serve/src/rpc/grpc/service.rs:161
1791661773.264542 runnervmmprz5 zainod-0.10.1[2778]:   19:49:33.264  INFO zaino_serve::rpc::grpc::service: [TEST] received call, method: "get_block"
1791661773.264542 runnervmmprz5 zainod-0.10.1[2778]:     at packages/zaino-serve/src/rpc/grpc/service.rs:161
1791661773.501455 runnervmmprz5 zainod-0.10.1[2778]:   19:49:33.501  INFO zainodlib::indexer: Zaino status check, chain_state: Ready, fs_mode: ephemeral(syncing), json_rpc: Ready, grpc: Ready
1791661773.501455 runnervmmprz5 zainod-0.10.1[2778]:     at packages/zainod/src/indexer.rs:333
1791661773.903774 runnervmmprz5 zainod-0.10.1[2778]:   19:49:33.903  INFO zaino_chain_store_zainodb::store::finalised_source::v1::write_core: write_blocks_to_height: syncing, current: 4249763, target: 4381896, zebra_network: Testnet
1791661773.903774 runnervmmprz5 zainod-0.10.1[2778]:     at packages/zaino-chain-store-zainodb/src/store/finalised_source/v1/write_core.rs:184
1791661778.266019 runnervmmprz5 zainod-0.10.1[2778]:   19:49:38.265  INFO zaino_serve::rpc::grpc::service: [TEST] received call, method: "get_lightd_info"
1791661778.266019 runnervmmprz5 zainod-0.10.1[2778]:     at packages/zaino-serve/src/rpc/grpc/service.rs:161
1791661778.270285 runnervmmprz5 zainod-0.10.1[2778]:   19:49:38.270  INFO zaino_serve::rpc::grpc::service: [TEST] received call, method: "get_block"
1791661778.270285 runnervmmprz5 zainod-0.10.1[2778]:     at packages/zaino-serve/src/rpc/grpc/service.rs:161
1791661778.271054 runnervmmprz5 zainod-0.10.1[2778]:   19:49:38.271  INFO zaino_serve::rpc::grpc::service: [TEST] received call, method: "get_block"
1791661778.271054 runnervmmprz5 zainod-0.10.1[2778]:     at packages/zaino-serve/src/rpc/grpc/service.rs:161
1791661783.260536 runnervmmprz5 zainod-0.10.1[2778]:   19:49:43.260  INFO zaino_serve::rpc::grpc::service: [TEST] received call, method: "get_lightd_info"
1791661783.260536 runnervmmprz5 zainod-0.10.1[2778]:     at packages/zaino-serve/src/rpc/grpc/service.rs:161
1791661783.263593 runnervmmprz5 zainod-0.10.1[2778]:   19:49:43.263  INFO zaino_serve::rpc::grpc::service: [TEST] received call, method: "get_block"
1791661783.263593 runnervmmprz5 zainod-0.10.1[2778]:     at packages/zaino-serve/src/rpc/grpc/service.rs:161
1791661783.264252 runnervmmprz5 zainod-0.10.1[2778]:   19:49:43.264  INFO zaino_serve::rpc::grpc::service: [TEST] received call, method: "get_block"
1791661783.264252 runnervmmprz5 zainod-0.10.1[2778]:     at packages/zaino-serve/src/rpc/grpc/service.rs:161
1791661783.601534 runnervmmprz5 zainod-0.10.1[2778]:   19:49:43.601  INFO zainodlib::indexer: Zaino status check, chain_state: Ready, fs_mode: ephemeral(syncing), json_rpc: Ready, grpc: Ready
1791661783.601534 runnervmmprz5 zainod-0.10.1[2778]:     at packages/zainod/src/indexer.rs:333
1791661783.904200 runnervmmprz5 zainod-0.10.1[2778]:   19:49:43.904  INFO zaino_chain_store_zainodb::store::finalised_source::v1::write_core: write_blocks_to_height: syncing, current: 4272632, target: 4381896, zebra_network: Testnet
1791661783.904200 runnervmmprz5 zainod-0.10.1[2778]:     at packages/zaino-chain-store-zainodb/src/store/finalised_source/v1/write_core.rs:184
1791661788.262043 runnervmmprz5 zainod-0.10.1[2778]:   19:49:48.262  INFO zaino_serve::rpc::grpc::service: [TEST] received call, method: "get_lightd_info"
1791661788.262043 runnervmmprz5 zainod-0.10.1[2778]:     at packages/zaino-serve/src/rpc/grpc/service.rs:161
1791661788.265507 runnervmmprz5 zainod-0.10.1[2778]:   19:49:48.265  INFO zaino_serve::rpc::grpc::service: [TEST] received call, method: "get_block"
1791661788.265507 runnervmmprz5 zainod-0.10.1[2778]:     at packages/zaino-serve/src/rpc/grpc/service.rs:161
1791661788.266180 runnervmmprz5 zainod-0.10.1[2778]:   19:49:48.266  INFO zaino_serve::rpc::grpc::service: [TEST] received call, method: "get_block"
1791661788.266180 runnervmmprz5 zainod-0.10.1[2778]:     at packages/zaino-serve/src/rpc/grpc/service.rs:161
1791661793.261316 runnervmmprz5 zainod-0.10.1[2778]:   19:49:53.261  INFO zaino_serve::rpc::grpc::service: [TEST] received call, method: "get_lightd_info"
1791661793.261316 runnervmmprz5 zainod-0.10.1[2778]:     at packages/zaino-serve/src/rpc/grpc/service.rs:161
1791661793.264522 runnervmmprz5 zainod-0.10.1[2778]:   19:49:53.264  INFO zaino_serve::rpc::grpc::service: [TEST] received call, method: "get_block"
1791661793.264522 runnervmmprz5 zainod-0.10.1[2778]:     at packages/zaino-serve/src/rpc/grpc/service.rs:161
1791661793.265514 runnervmmprz5 zainod-0.10.1[2778]:   19:49:53.265  INFO zaino_serve::rpc::grpc::service: [TEST] received call, method: "get_block"
1791661793.265514 runnervmmprz5 zainod-0.10.1[2778]:     at packages/zaino-serve/src/rpc/grpc/service.rs:161
1791661793.701173 runnervmmprz5 zainod-0.10.1[2778]:   19:49:53.701  INFO zainodlib::indexer: Zaino status check, chain_state: Ready, fs_mode: ephemeral(syncing), json_rpc: Ready, grpc: Ready
1791661793.701173 runnervmmprz5 zainod-0.10.1[2778]:     at packages/zainod/src/indexer.rs:333
1791661793.905171 runnervmmprz5 zainod-0.10.1[2778]:   19:49:53.905  INFO zaino_chain_store_zainodb::store::finalised_source::v1::write_core: write_blocks_to_height: syncing, current: 4294943, target: 4381896, zebra_network: Testnet
1791661793.905171 runnervmmprz5 zainod-0.10.1[2778]:     at packages/zaino-chain-store-zainodb/src/store/finalised_source/v1/write_core.rs:184
1791661796.333465 runnervmmprz5 zainod-0.10.1[2778]:   19:49:56.333  INFO zaino_chain_store_zainodb::store::finalised_source::v1::write_core: write_blocks_to_height: committed batch, height: 4199999, blocks: 100000
1791661796.333465 runnervmmprz5 zainod-0.10.1[2778]:     at packages/zaino-chain-store-zainodb/src/store/finalised_source/v1/write_core.rs:636
1791661798.269914 runnervmmprz5 zainod-0.10.1[2778]:   19:49:58.269  INFO zaino_serve::rpc::grpc::service: [TEST] received call, method: "get_lightd_info"
1791661798.269914 runnervmmprz5 zainod-0.10.1[2778]:     at packages/zaino-serve/src/rpc/grpc/service.rs:161
1791661798.273874 runnervmmprz5 zainod-0.10.1[2778]:   19:49:58.273  INFO zaino_serve::rpc::grpc::service: [TEST] received call, method: "get_block"
1791661798.273874 runnervmmprz5 zainod-0.10.1[2778]:     at packages/zaino-serve/src/rpc/grpc/service.rs:161
1791661798.274541 runnervmmprz5 zainod-0.10.1[2778]:   19:49:58.274  INFO zaino_serve::rpc::grpc::service: [TEST] received call, method: "get_block"
1791661798.274541 runnervmmprz5 zainod-0.10.1[2778]:     at packages/zaino-serve/src/rpc/grpc/service.rs:161
1791661803.264228 runnervmmprz5 zainod-0.10.1[2778]:   19:50:03.264  INFO zaino_serve::rpc::grpc::service: [TEST] received call, method: "get_lightd_info"
1791661803.264228 runnervmmprz5 zainod-0.10.1[2778]:     at packages/zaino-serve/src/rpc/grpc/service.rs:161
1791661803.269470 runnervmmprz5 zainod-0.10.1[2778]:   19:50:03.269  INFO zaino_serve::rpc::grpc::service: [TEST] received call, method: "get_block"
1791661803.269470 runnervmmprz5 zainod-0.10.1[2778]:     at packages/zaino-serve/src/rpc/grpc/service.rs:161
1791661803.270092 runnervmmprz5 zainod-0.10.1[2778]:   19:50:03.270  INFO zaino_serve::rpc::grpc::service: [TEST] received call, method: "get_block"
1791661803.270092 runnervmmprz5 zainod-0.10.1[2778]:     at packages/zaino-serve/src/rpc/grpc/service.rs:161
1791661803.800812 runnervmmprz5 zainod-0.10.1[2778]:   19:50:03.800  INFO zainodlib::indexer: Zaino status check, chain_state: Ready, fs_mode: ephemeral(syncing), json_rpc: Ready, grpc: Ready
1791661803.800812 runnervmmprz5 zainod-0.10.1[2778]:     at packages/zainod/src/indexer.rs:333
1791661803.906730 runnervmmprz5 zainod-0.10.1[2778]:   19:50:03.906  INFO zaino_chain_store_zainodb::store::finalised_source::v1::write_core: write_blocks_to_height: syncing, current: 4307178, target: 4381896, zebra_network: Testnet
1791661803.906730 runnervmmprz5 zainod-0.10.1[2778]:     at packages/zaino-chain-store-zainodb/src/store/finalised_source/v1/write_core.rs:184
1791661808.266730 runnervmmprz5 zainod-0.10.1[2778]:   19:50:08.266  INFO zaino_serve::rpc::grpc::service: [TEST] received call, method: "get_lightd_info"
1791661808.266730 runnervmmprz5 zainod-0.10.1[2778]:     at packages/zaino-serve/src/rpc/grpc/service.rs:161
1791661808.270066 runnervmmprz5 zainod-0.10.1[2778]:   19:50:08.270  INFO zaino_serve::rpc::grpc::service: [TEST] received call, method: "get_block"
1791661808.270066 runnervmmprz5 zainod-0.10.1[2778]:     at packages/zaino-serve/src/rpc/grpc/service.rs:161
1791661808.270813 runnervmmprz5 zainod-0.10.1[2778]:   19:50:08.270  INFO zaino_serve::rpc::grpc::service: [TEST] received call, method: "get_block"
1791661808.270813 runnervmmprz5 zainod-0.10.1[2778]:     at packages/zaino-serve/src/rpc/grpc/service.rs:161
1791661813.265409 runnervmmprz5 zainod-0.10.1[2778]:   19:50:13.265  INFO zaino_serve::rpc::grpc::service: [TEST] received call, method: "get_lightd_info"
1791661813.265409 runnervmmprz5 zainod-0.10.1[2778]:     at packages/zaino-serve/src/rpc/grpc/service.rs:161
1791661813.269056 runnervmmprz5 zainod-0.10.1[2778]:   19:50:13.269  INFO zaino_serve::rpc::grpc::service: [TEST] received call, method: "get_block"
1791661813.269056 runnervmmprz5 zainod-0.10.1[2778]:     at packages/zaino-serve/src/rpc/grpc/service.rs:161
1791661813.270288 runnervmmprz5 zainod-0.10.1[2778]:   19:50:13.270  INFO zaino_serve::rpc::grpc::service: [TEST] received call, method: "get_block"
1791661813.270288 runnervmmprz5 zainod-0.10.1[2778]:     at packages/zaino-serve/src/rpc/grpc/service.rs:161
1791661813.900983 runnervmmprz5 zainod-0.10.1[2778]:   19:50:13.900  INFO zainodlib::indexer: Zaino status check, chain_state: Ready, fs_mode: ephemeral(syncing), json_rpc: Ready, grpc: Ready
1791661813.900983 runnervmmprz5 zainod-0.10.1[2778]:     at packages/zainod/src/indexer.rs:333
1791661813.944832 runnervmmprz5 zainod-0.10.1[2778]:   19:50:13.944  INFO zaino_chain_store_zainodb::store::finalised_source::v1::write_core: write_blocks_to_height: syncing, current: 4308198, target: 4381896, zebra_network: Testnet
1791661813.944832 runnervmmprz5 zainod-0.10.1[2778]:     at packages/zaino-chain-store-zainodb/src/store/finalised_source/v1/write_core.rs:184
1791661818.265971 runnervmmprz5 zainod-0.10.1[2778]:   19:50:18.265  INFO zaino_serve::rpc::grpc::service: [TEST] received call, method: "get_lightd_info"
1791661818.265971 runnervmmprz5 zainod-0.10.1[2778]:     at packages/zaino-serve/src/rpc/grpc/service.rs:161
1791661818.269677 runnervmmprz5 zainod-0.10.1[2778]:   19:50:18.269  INFO zaino_serve::rpc::grpc::service: [TEST] received call, method: "get_block"
1791661818.269677 runnervmmprz5 zainod-0.10.1[2778]:     at packages/zaino-serve/src/rpc/grpc/service.rs:161
1791661818.270429 runnervmmprz5 zainod-0.10.1[2778]:   19:50:18.270  INFO zaino_serve::rpc::grpc::service: [TEST] received call, method: "get_block"
1791661818.270429 runnervmmprz5 zainod-0.10.1[2778]:     at packages/zaino-serve/src/rpc/grpc/service.rs:161
1791661823.265456 runnervmmprz5 zainod-0.10.1[2778]:   19:50:23.265  INFO zaino_serve::rpc::grpc::service: [TEST] received call, method: "get_lightd_info"
1791661823.265456 runnervmmprz5 zainod-0.10.1[2778]:     at packages/zaino-serve/src/rpc/grpc/service.rs:161
1791661823.268861 runnervmmprz5 zainod-0.10.1[2778]:   19:50:23.268  INFO zaino_serve::rpc::grpc::service: [TEST] received call, method: "get_block"
1791661823.268861 runnervmmprz5 zainod-0.10.1[2778]:     at packages/zaino-serve/src/rpc/grpc/service.rs:161
1791661823.269524 runnervmmprz5 zainod-0.10.1[2778]:   19:50:23.269  INFO zaino_serve::rpc::grpc::service: [TEST] received call, method: "get_block"
1791661823.269524 runnervmmprz5 zainod-0.10.1[2778]:     at packages/zaino-serve/src/rpc/grpc/service.rs:161
1791661823.901329 runnervmmprz5 zainod-0.10.1[2778]:   19:50:23.901  INFO zainodlib::indexer: Zaino status check, chain_state: Ready, fs_mode: ephemeral(syncing), json_rpc: Ready, grpc: Ready
1791661823.901329 runnervmmprz5 zainod-0.10.1[2778]:     at packages/zainod/src/indexer.rs:333
1791661823.986627 runnervmmprz5 zainod-0.10.1[2778]:   19:50:23.986  INFO zaino_chain_store_zainodb::store::finalised_source::v1::write_core: write_blocks_to_height: syncing, current: 4316331, target: 4381896, zebra_network: Testnet
1791661823.986627 runnervmmprz5 zainod-0.10.1[2778]:     at packages/zaino-chain-store-zainodb/src/store/finalised_source/v1/write_core.rs:184
1791661828.269138 runnervmmprz5 zainod-0.10.1[2778]:   19:50:28.269  INFO zaino_serve::rpc::grpc::service: [TEST] received call, method: "get_lightd_info"
1791661828.269138 runnervmmprz5 zainod-0.10.1[2778]:     at packages/zaino-serve/src/rpc/grpc/service.rs:161
1791661828.273245 runnervmmprz5 zainod-0.10.1[2778]:   19:50:28.273  INFO zaino_serve::rpc::grpc::service: [TEST] received call, method: "get_block"
1791661828.273245 runnervmmprz5 zainod-0.10.1[2778]:     at packages/zaino-serve/src/rpc/grpc/service.rs:161
1791661828.273901 runnervmmprz5 zainod-0.10.1[2778]:   19:50:28.273  INFO zaino_serve::rpc::grpc::service: [TEST] received call, method: "get_block"
1791661828.273901 runnervmmprz5 zainod-0.10.1[2778]:     at packages/zaino-serve/src/rpc/grpc/service.rs:161
1791661833.268329 runnervmmprz5 zainod-0.10.1[2778]:   19:50:33.268  INFO zaino_serve::rpc::grpc::service: [TEST] received call, method: "get_lightd_info"
1791661833.268329 runnervmmprz5 zainod-0.10.1[2778]:     at packages/zaino-serve/src/rpc/grpc/service.rs:161
1791661833.271951 runnervmmprz5 zainod-0.10.1[2778]:   19:50:33.271  INFO zaino_serve::rpc::grpc::service: [TEST] received call, method: "get_block"
1791661833.271951 runnervmmprz5 zainod-0.10.1[2778]:     at packages/zaino-serve/src/rpc/grpc/service.rs:161
1791661833.272864 runnervmmprz5 zainod-0.10.1[2778]:   19:50:33.272  INFO zaino_serve::rpc::grpc::service: [TEST] received call, method: "get_block"
1791661833.272864 runnervmmprz5 zainod-0.10.1[2778]:     at packages/zaino-serve/src/rpc/grpc/service.rs:161
1791661833.987109 runnervmmprz5 zainod-0.10.1[2778]:   19:50:33.986  INFO zaino_chain_store_zainodb::store::finalised_source::v1::write_core: write_blocks_to_height: syncing, current: 4331163, target: 4381896, zebra_network: Testnet
1791661833.987109 runnervmmprz5 zainod-0.10.1[2778]:     at packages/zaino-chain-store-zainodb/src/store/finalised_source/v1/write_core.rs:184
1791661834.001607 runnervmmprz5 zainod-0.10.1[2778]:   19:50:34.001  INFO zainodlib::indexer: Zaino status check, chain_state: Ready, fs_mode: ephemeral(syncing), json_rpc: Ready, grpc: Ready
1791661834.001607 runnervmmprz5 zainod-0.10.1[2778]:     at packages/zainod/src/indexer.rs:333
1791661838.267067 runnervmmprz5 zainod-0.10.1[2778]:   19:50:38.267  INFO zaino_serve::rpc::grpc::service: [TEST] received call, method: "get_lightd_info"
1791661838.267067 runnervmmprz5 zainod-0.10.1[2778]:     at packages/zaino-serve/src/rpc/grpc/service.rs:161
1791661838.270042 runnervmmprz5 zainod-0.10.1[2778]:   19:50:38.270  INFO zaino_serve::rpc::grpc::service: [TEST] received call, method: "get_block"
1791661838.270042 runnervmmprz5 zainod-0.10.1[2778]:     at packages/zaino-serve/src/rpc/grpc/service.rs:161
1791661838.270653 runnervmmprz5 zainod-0.10.1[2778]:   19:50:38.270  INFO zaino_serve::rpc::grpc::service: [TEST] received call, method: "get_block"
1791661838.270653 runnervmmprz5 zainod-0.10.1[2778]:     at packages/zaino-serve/src/rpc/grpc/service.rs:161
1791661843.270099 runnervmmprz5 zainod-0.10.1[2778]:   19:50:43.270  INFO zaino_serve::rpc::grpc::service: [TEST] received call, method: "get_lightd_info"
1791661843.270099 runnervmmprz5 zainod-0.10.1[2778]:     at packages/zaino-serve/src/rpc/grpc/service.rs:161
1791661843.273825 runnervmmprz5 zainod-0.10.1[2778]:   19:50:43.273  INFO zaino_serve::rpc::grpc::service: [TEST] received call, method: "get_block"
1791661843.273825 runnervmmprz5 zainod-0.10.1[2778]:     at packages/zaino-serve/src/rpc/grpc/service.rs:161
1791661843.274540 runnervmmprz5 zainod-0.10.1[2778]:   19:50:43.274  INFO zaino_serve::rpc::grpc::service: [TEST] received call, method: "get_block"
1791661843.274540 runnervmmprz5 zainod-0.10.1[2778]:     at packages/zaino-serve/src/rpc/grpc/service.rs:161
1791661844.062791 runnervmmprz5 zainod-0.10.1[2778]:   19:50:44.062  INFO zaino_chain_store_zainodb::store::finalised_source::v1::write_core: write_blocks_to_height: syncing, current: 4350885, target: 4381896, zebra_network: Testnet
1791661844.062791 runnervmmprz5 zainod-0.10.1[2778]:     at packages/zaino-chain-store-zainodb/src/store/finalised_source/v1/write_core.rs:184
1791661844.100718 runnervmmprz5 zainod-0.10.1[2778]:   19:50:44.100  INFO zainodlib::indexer: Zaino status check, chain_state: Ready, fs_mode: ephemeral(syncing), json_rpc: Ready, grpc: Ready
1791661844.100718 runnervmmprz5 zainod-0.10.1[2778]:     at packages/zainod/src/indexer.rs:333
1791661848.268073 runnervmmprz5 zainod-0.10.1[2778]:   19:50:48.268  INFO zaino_serve::rpc::grpc::service: [TEST] received call, method: "get_lightd_info"
1791661848.268073 runnervmmprz5 zainod-0.10.1[2778]:     at packages/zaino-serve/src/rpc/grpc/service.rs:161
1791661848.271091 runnervmmprz5 zainod-0.10.1[2778]:   19:50:48.271  INFO zaino_serve::rpc::grpc::service: [TEST] received call, method: "get_block"
1791661848.271091 runnervmmprz5 zainod-0.10.1[2778]:     at packages/zaino-serve/src/rpc/grpc/service.rs:161
1791661848.271705 runnervmmprz5 zainod-0.10.1[2778]:   19:50:48.271  INFO zaino_serve::rpc::grpc::service: [TEST] received call, method: "get_block"
1791661848.271705 runnervmmprz5 zainod-0.10.1[2778]:     at packages/zaino-serve/src/rpc/grpc/service.rs:161
1791661853.267253 runnervmmprz5 zainod-0.10.1[2778]:   19:50:53.267  INFO zaino_serve::rpc::grpc::service: [TEST] received call, method: "get_lightd_info"
1791661853.267253 runnervmmprz5 zainod-0.10.1[2778]:     at packages/zaino-serve/src/rpc/grpc/service.rs:161
1791661853.270161 runnervmmprz5 zainod-0.10.1[2778]:   19:50:53.270  INFO zaino_serve::rpc::grpc::service: [TEST] received call, method: "get_block"
1791661853.270161 runnervmmprz5 zainod-0.10.1[2778]:     at packages/zaino-serve/src/rpc/grpc/service.rs:161
1791661853.270814 runnervmmprz5 zainod-0.10.1[2778]:   19:50:53.270  INFO zaino_serve::rpc::grpc::service: [TEST] received call, method: "get_block"
1791661853.270814 runnervmmprz5 zainod-0.10.1[2778]:     at packages/zaino-serve/src/rpc/grpc/service.rs:161
1791661854.065115 runnervmmprz5 zainod-0.10.1[2778]:   19:50:54.065  INFO zaino_chain_store_zainodb::store::finalised_source::v1::write_core: write_blocks_to_height: syncing, current: 4366086, target: 4381896, zebra_network: Testnet
1791661854.065115 runnervmmprz5 zainod-0.10.1[2778]:     at packages/zaino-chain-store-zainodb/src/store/finalised_source/v1/write_core.rs:184
1791661854.101704 runnervmmprz5 zainod-0.10.1[2778]:   19:50:54.101  INFO zainodlib::indexer: Zaino status check, chain_state: Ready, fs_mode: ephemeral(syncing), json_rpc: Ready, grpc: Ready
1791661854.101704 runnervmmprz5 zainod-0.10.1[2778]:     at packages/zainod/src/indexer.rs:333
1791661858.268686 runnervmmprz5 zainod-0.10.1[2778]:   19:50:58.268  INFO zaino_serve::rpc::grpc::service: [TEST] received call, method: "get_lightd_info"
1791661858.268686 runnervmmprz5 zainod-0.10.1[2778]:     at packages/zaino-serve/src/rpc/grpc/service.rs:161
1791661858.271528 runnervmmprz5 zainod-0.10.1[2778]:   19:50:58.271  INFO zaino_serve::rpc::grpc::service: [TEST] received call, method: "get_block"
1791661858.271528 runnervmmprz5 zainod-0.10.1[2778]:     at packages/zaino-serve/src/rpc/grpc/service.rs:161
1791661858.272108 runnervmmprz5 zainod-0.10.1[2778]:   19:50:58.272  INFO zaino_serve::rpc::grpc::service: [TEST] received call, method: "get_block"
1791661858.272108 runnervmmprz5 zainod-0.10.1[2778]:     at packages/zaino-serve/src/rpc/grpc/service.rs:161
1791661861.869891 runnervmmprz5 zainod-0.10.1[2778]:   19:51:01.869  INFO zaino_chain_store_zainodb::store::finalised_source::v1::write_core: write_blocks_to_height: committed batch, height: 4299999, blocks: 100000
1791661861.869891 runnervmmprz5 zainod-0.10.1[2778]:     at packages/zaino-chain-store-zainodb/src/store/finalised_source/v1/write_core.rs:636
1791661863.269343 runnervmmprz5 zainod-0.10.1[2778]:   19:51:03.269  INFO zaino_serve::rpc::grpc::service: [TEST] received call, method: "get_lightd_info"
1791661863.269343 runnervmmprz5 zainod-0.10.1[2778]:     at packages/zaino-serve/src/rpc/grpc/service.rs:161
1791661863.275435 runnervmmprz5 zainod-0.10.1[2778]:   19:51:03.275  INFO zaino_serve::rpc::grpc::service: [TEST] received call, method: "get_block"
1791661863.275435 runnervmmprz5 zainod-0.10.1[2778]:     at packages/zaino-serve/src/rpc/grpc/service.rs:161
1791661863.279075 runnervmmprz5 zainod-0.10.1[2778]:   19:51:03.279  INFO zaino_serve::rpc::grpc::service: [TEST] received call, method: "get_block"
1791661863.279075 runnervmmprz5 zainod-0.10.1[2778]:     at packages/zaino-serve/src/rpc/grpc/service.rs:161
1791661864.200871 runnervmmprz5 zainod-0.10.1[2778]:   19:51:04.200  INFO zainodlib::indexer: Zaino status check, chain_state: Ready, fs_mode: ephemeral(syncing), json_rpc: Ready, grpc: Ready
1791661864.200871 runnervmmprz5 zainod-0.10.1[2778]:     at packages/zainod/src/indexer.rs:333
1791661868.269927 runnervmmprz5 zainod-0.10.1[2778]:   19:51:08.269  INFO zaino_serve::rpc::grpc::service: [TEST] received call, method: "get_lightd_info"
1791661868.269927 runnervmmprz5 zainod-0.10.1[2778]:     at packages/zaino-serve/src/rpc/grpc/service.rs:161
1791661868.273482 runnervmmprz5 zainod-0.10.1[2778]:   19:51:08.273  INFO zaino_serve::rpc::grpc::service: [TEST] received call, method: "get_block"
1791661868.273482 runnervmmprz5 zainod-0.10.1[2778]:     at packages/zaino-serve/src/rpc/grpc/service.rs:161
1791661868.275506 runnervmmprz5 zainod-0.10.1[2778]:   19:51:08.275  INFO zaino_serve::rpc::grpc::service: [TEST] received call, method: "get_block"
1791661868.275506 runnervmmprz5 zainod-0.10.1[2778]:     at packages/zaino-serve/src/rpc/grpc/service.rs:161
1791661873.269602 runnervmmprz5 zainod-0.10.1[2778]:   19:51:13.269  INFO zaino_serve::rpc::grpc::service: [TEST] received call, method: "get_lightd_info"
1791661873.269602 runnervmmprz5 zainod-0.10.1[2778]:     at packages/zaino-serve/src/rpc/grpc/service.rs:161
1791661873.272759 runnervmmprz5 zainod-0.10.1[2778]:   19:51:13.272  INFO zaino_serve::rpc::grpc::service: [TEST] received call, method: "get_block"
1791661873.272759 runnervmmprz5 zainod-0.10.1[2778]:     at packages/zaino-serve/src/rpc/grpc/service.rs:161
1791661873.273675 runnervmmprz5 zainod-0.10.1[2778]:   19:51:13.273  INFO zaino_serve::rpc::grpc::service: [TEST] received call, method: "get_block"
1791661873.273675 runnervmmprz5 zainod-0.10.1[2778]:     at packages/zaino-serve/src/rpc/grpc/service.rs:161
1791661873.993110 runnervmmprz5 zainod-0.10.1[2778]:   19:51:13.993  INFO zaino_chain_store_zainodb::store::finalised_source::v1::write_core: write_blocks_to_height: committed batch, height: 4381896, blocks: 81897
1791661873.993110 runnervmmprz5 zainod-0.10.1[2778]:     at packages/zaino-chain-store-zainodb/src/store/finalised_source/v1/write_core.rs:636
1791661874.057106 runnervmmprz5 zainod-0.10.1[2778]:   19:51:14.057  INFO zaino_chain_store_zainodb::store::finalised_source::v1::tx_out_set_accumulator: write_blocks_to_height: rebuilding txout-set accumulator to height 4381896
1791661874.057106 runnervmmprz5 zainod-0.10.1[2778]:     at packages/zaino-chain-store-zainodb/src/store/finalised_source/v1/tx_out_set_accumulator.rs:786
1791661874.057106 runnervmmprz5 zainod-0.10.1[2778]:   19:51:14.057  INFO zaino_chain_store_zainodb::store::finalised_source::v1::tx_out_set_accumulator: txout-set accumulator rebuild to height 4381896: sizing shards (~8589934592 byte budget)
1791661874.057106 runnervmmprz5 zainod-0.10.1[2778]:     at packages/zaino-chain-store-zainodb/src/store/finalised_source/v1/tx_out_set_accumulator.rs:844
1791661874.201451 runnervmmprz5 zainod-0.10.1[2778]:   19:51:14.201  INFO zainodlib::indexer: Zaino status check, chain_state: Ready, fs_mode: ephemeral(syncing), json_rpc: Ready, grpc: Ready
1791661874.201451 runnervmmprz5 zainod-0.10.1[2778]:     at packages/zainod/src/indexer.rs:333
1791661874.739420 runnervmmprz5 zainod-0.10.1[2778]:   19:51:14.739  INFO zaino_chain_store_zainodb::store::finalised_source::v1::tx_out_set_accumulator: txout-set accumulator rebuild: spent-entry count complete, spent_entries: 1794140, elapsed: 682.252398ms
1791661874.739420 runnervmmprz5 zainod-0.10.1[2778]:     at packages/zaino-chain-store-zainodb/src/store/finalised_source/v1/tx_out_set_accumulator.rs:965
1791661874.739420 runnervmmprz5 zainod-0.10.1[2778]:   19:51:14.739  INFO zaino_chain_store_zainodb::store::finalised_source::v1::tx_out_set_accumulator: txout-set accumulator rebuild to height 4381896: 1 initial shard(s), ≤33554432 spent outpoints/shard, ~8589934592 byte budget
1791661874.739420 runnervmmprz5 zainod-0.10.1[2778]:     at packages/zaino-chain-store-zainodb/src/store/finalised_source/v1/tx_out_set_accumulator.rs:854
1791661874.739420 runnervmmprz5 zainod-0.10.1[2778]:   19:51:14.739  INFO zaino_chain_store_zainodb::store::finalised_source::v1::tx_out_set_accumulator: txout-set accumulator rebuild: starting shard, shard: 1, planned: 1, lo: 0, hi: 256, remaining: 0, db_tip: 4381896, elapsed: 721ns
1791661874.739420 runnervmmprz5 zainod-0.10.1[2778]:     at packages/zaino-chain-store-zainodb/src/store/finalised_source/v1/tx_out_set_accumulator.rs:1024
1791661875.463907 runnervmmprz5 zainod-0.10.1[2778]:   19:51:15.463  INFO zaino_chain_store_zainodb::store::finalised_source::v1::tx_out_set_accumulator: txout-set accumulator rebuild: shard spent set loaded, shard: 1, shard_total: 1, lo: 0, hi: 256, spent_outpoints: 1794140, elapsed: 724.39422ms
1791661875.463907 runnervmmprz5 zainod-0.10.1[2778]:     at packages/zaino-chain-store-zainodb/src/store/finalised_source/v1/tx_out_set_accumulator.rs:1184
1791661878.270931 runnervmmprz5 zainod-0.10.1[2778]:   19:51:18.270  INFO zaino_serve::rpc::grpc::service: [TEST] received call, method: "get_lightd_info"
1791661878.270931 runnervmmprz5 zainod-0.10.1[2778]:     at packages/zaino-serve/src/rpc/grpc/service.rs:161
1791661878.274196 runnervmmprz5 zainod-0.10.1[2778]:   19:51:18.274  INFO zaino_serve::rpc::grpc::service: [TEST] received call, method: "get_block"
1791661878.274196 runnervmmprz5 zainod-0.10.1[2778]:     at packages/zaino-serve/src/rpc/grpc/service.rs:161
1791661878.274866 runnervmmprz5 zainod-0.10.1[2778]:   19:51:18.274  INFO zaino_serve::rpc::grpc::service: [TEST] received call, method: "get_block"
1791661878.274866 runnervmmprz5 zainod-0.10.1[2778]:     at packages/zaino-serve/src/rpc/grpc/service.rs:161
1791661883.270998 runnervmmprz5 zainod-0.10.1[2778]:   19:51:23.270  INFO zaino_serve::rpc::grpc::service: [TEST] received call, method: "get_lightd_info"
1791661883.270998 runnervmmprz5 zainod-0.10.1[2778]:     at packages/zaino-serve/src/rpc/grpc/service.rs:161
1791661883.274021 runnervmmprz5 zainod-0.10.1[2778]:   19:51:23.273  INFO zaino_serve::rpc::grpc::service: [TEST] received call, method: "get_block"
1791661883.274021 runnervmmprz5 zainod-0.10.1[2778]:     at packages/zaino-serve/src/rpc/grpc/service.rs:161
1791661883.274568 runnervmmprz5 zainod-0.10.1[2778]:   19:51:23.274  INFO zaino_serve::rpc::grpc::service: [TEST] received call, method: "get_block"
1791661883.274568 runnervmmprz5 zainod-0.10.1[2778]:     at packages/zaino-serve/src/rpc/grpc/service.rs:161
1791661884.301433 runnervmmprz5 zainod-0.10.1[2778]:   19:51:24.301  INFO zainodlib::indexer: Zaino status check, chain_state: Ready, fs_mode: ephemeral(syncing), json_rpc: Ready, grpc: Ready
1791661884.301433 runnervmmprz5 zainod-0.10.1[2778]:     at packages/zainod/src/indexer.rs:333
1791661885.471419 runnervmmprz5 zainod-0.10.1[2778]:   19:51:25.471  INFO zaino_chain_store_zainodb::store::finalised_source::v1::tx_out_set_accumulator: txout-set accumulator rebuild: progress, shard: 1, shard_total: 1, lo: 0, hi: 256, height: 307370, db_tip: 4381896, elapsed: 10.731907339s
1791661885.471419 runnervmmprz5 zainod-0.10.1[2778]:     at packages/zaino-chain-store-zainodb/src/store/finalised_source/v1/tx_out_set_accumulator.rs:1278
1791661888.272263 runnervmmprz5 zainod-0.10.1[2778]:   19:51:28.272  INFO zaino_serve::rpc::grpc::service: [TEST] received call, method: "get_lightd_info"
1791661888.272263 runnervmmprz5 zainod-0.10.1[2778]:     at packages/zaino-serve/src/rpc/grpc/service.rs:161
1791661888.275460 runnervmmprz5 zainod-0.10.1[2778]:   19:51:28.275  INFO zaino_serve::rpc::grpc::service: [TEST] received call, method: "get_block"
1791661888.275460 runnervmmprz5 zainod-0.10.1[2778]:     at packages/zaino-serve/src/rpc/grpc/service.rs:161
1791661888.276048 runnervmmprz5 zainod-0.10.1[2778]:   19:51:28.276  INFO zaino_serve::rpc::grpc::service: [TEST] received call, method: "get_block"
1791661888.276048 runnervmmprz5 zainod-0.10.1[2778]:     at packages/zaino-serve/src/rpc/grpc/service.rs:161
1791661893.271069 runnervmmprz5 zainod-0.10.1[2778]:   19:51:33.271  INFO zaino_serve::rpc::grpc::service: [TEST] received call, method: "get_lightd_info"
1791661893.271069 runnervmmprz5 zainod-0.10.1[2778]:     at packages/zaino-serve/src/rpc/grpc/service.rs:161
1791661893.273867 runnervmmprz5 zainod-0.10.1[2778]:   19:51:33.273  INFO zaino_serve::rpc::grpc::service: [TEST] received call, method: "get_block"
1791661893.273867 runnervmmprz5 zainod-0.10.1[2778]:     at packages/zaino-serve/src/rpc/grpc/service.rs:161
1791661893.274427 runnervmmprz5 zainod-0.10.1[2778]:   19:51:33.274  INFO zaino_serve::rpc::grpc::service: [TEST] received call, method: "get_block"
1791661893.274427 runnervmmprz5 zainod-0.10.1[2778]:     at packages/zaino-serve/src/rpc/grpc/service.rs:161
1791661894.400972 runnervmmprz5 zainod-0.10.1[2778]:   19:51:34.400  INFO zainodlib::indexer: Zaino status check, chain_state: Ready, fs_mode: ephemeral(syncing), json_rpc: Ready, grpc: Ready
1791661894.400972 runnervmmprz5 zainod-0.10.1[2778]:     at packages/zainod/src/indexer.rs:333
1791661895.471569 runnervmmprz5 zainod-0.10.1[2778]:   19:51:35.471  INFO zaino_chain_store_zainodb::store::finalised_source::v1::tx_out_set_accumulator: txout-set accumulator rebuild: progress, shard: 1, shard_total: 1, lo: 0, hi: 256, height: 816133, db_tip: 4381896, elapsed: 20.732076464s
1791661895.471569 runnervmmprz5 zainod-0.10.1[2778]:     at packages/zaino-chain-store-zainodb/src/store/finalised_source/v1/tx_out_set_accumulator.rs:1278
1791661898.273139 runnervmmprz5 zainod-0.10.1[2778]:   19:51:38.273  INFO zaino_serve::rpc::grpc::service: [TEST] received call, method: "get_lightd_info"
1791661898.273139 runnervmmprz5 zainod-0.10.1[2778]:     at packages/zaino-serve/src/rpc/grpc/service.rs:161
1791661898.275992 runnervmmprz5 zainod-0.10.1[2778]:   19:51:38.275  INFO zaino_serve::rpc::grpc::service: [TEST] received call, method: "get_block"
1791661898.275992 runnervmmprz5 zainod-0.10.1[2778]:     at packages/zaino-serve/src/rpc/grpc/service.rs:161
1791661898.276565 runnervmmprz5 zainod-0.10.1[2778]:   19:51:38.276  INFO zaino_serve::rpc::grpc::service: [TEST] received call, method: "get_block"
1791661898.276565 runnervmmprz5 zainod-0.10.1[2778]:     at packages/zaino-serve/src/rpc/grpc/service.rs:161
1791661903.273494 runnervmmprz5 zainod-0.10.1[2778]:   19:51:43.273  INFO zaino_serve::rpc::grpc::service: [TEST] received call, method: "get_lightd_info"
1791661903.273494 runnervmmprz5 zainod-0.10.1[2778]:     at packages/zaino-serve/src/rpc/grpc/service.rs:161
1791661903.277041 runnervmmprz5 zainod-0.10.1[2778]:   19:51:43.276  INFO zaino_serve::rpc::grpc::service: [TEST] received call, method: "get_block"
1791661903.277041 runnervmmprz5 zainod-0.10.1[2778]:     at packages/zaino-serve/src/rpc/grpc/service.rs:161
1791661903.277688 runnervmmprz5 zainod-0.10.1[2778]:   19:51:43.277  INFO zaino_serve::rpc::grpc::service: [TEST] received call, method: "get_block"
1791661903.277688 runnervmmprz5 zainod-0.10.1[2778]:     at packages/zaino-serve/src/rpc/grpc/service.rs:161
1791661904.500927 runnervmmprz5 zainod-0.10.1[2778]:   19:51:44.500  INFO zainodlib::indexer: Zaino status check, chain_state: Ready, fs_mode: ephemeral(syncing), json_rpc: Ready, grpc: Ready
1791661904.500927 runnervmmprz5 zainod-0.10.1[2778]:     at packages/zainod/src/indexer.rs:333
1791661905.471642 runnervmmprz5 zainod-0.10.1[2778]:   19:51:45.471  INFO zaino_chain_store_zainodb::store::finalised_source::v1::tx_out_set_accumulator: txout-set accumulator rebuild: progress, shard: 1, shard_total: 1, lo: 0, hi: 256, height: 1452547, db_tip: 4381896, elapsed: 30.73216012s
1791661905.471642 runnervmmprz5 zainod-0.10.1[2778]:     at packages/zaino-chain-store-zainodb/src/store/finalised_source/v1/tx_out_set_accumulator.rs:1278
1791661908.273928 runnervmmprz5 zainod-0.10.1[2778]:   19:51:48.273  INFO zaino_serve::rpc::grpc::service: [TEST] received call, method: "get_lightd_info"
1791661908.273928 runnervmmprz5 zainod-0.10.1[2778]:     at packages/zaino-serve/src/rpc/grpc/service.rs:161
1791661908.276952 runnervmmprz5 zainod-0.10.1[2778]:   19:51:48.276  INFO zaino_serve::rpc::grpc::service: [TEST] received call, method: "get_block"
1791661908.276952 runnervmmprz5 zainod-0.10.1[2778]:     at packages/zaino-serve/src/rpc/grpc/service.rs:161
1791661908.277633 runnervmmprz5 zainod-0.10.1[2778]:   19:51:48.277  INFO zaino_serve::rpc::grpc::service: [TEST] received call, method: "get_block"
1791661908.277633 runnervmmprz5 zainod-0.10.1[2778]:     at packages/zaino-serve/src/rpc/grpc/service.rs:161
1791661913.273082 runnervmmprz5 zainod-0.10.1[2778]:   19:51:53.273  INFO zaino_serve::rpc::grpc::service: [TEST] received call, method: "get_lightd_info"
1791661913.273082 runnervmmprz5 zainod-0.10.1[2778]:     at packages/zaino-serve/src/rpc/grpc/service.rs:161
1791661913.275887 runnervmmprz5 zainod-0.10.1[2778]:   19:51:53.275  INFO zaino_serve::rpc::grpc::service: [TEST] received call, method: "get_block"
1791661913.275887 runnervmmprz5 zainod-0.10.1[2778]:     at packages/zaino-serve/src/rpc/grpc/service.rs:161
1791661913.276445 runnervmmprz5 zainod-0.10.1[2778]:   19:51:53.276  INFO zaino_serve::rpc::grpc::service: [TEST] received call, method: "get_block"
1791661913.276445 runnervmmprz5 zainod-0.10.1[2778]:     at packages/zaino-serve/src/rpc/grpc/service.rs:161
1791661914.501374 runnervmmprz5 zainod-0.10.1[2778]:   19:51:54.501  INFO zainodlib::indexer: Zaino status check, chain_state: Ready, fs_mode: ephemeral(syncing), json_rpc: Ready, grpc: Ready
1791661914.501374 runnervmmprz5 zainod-0.10.1[2778]:     at packages/zainod/src/indexer.rs:333
1791661915.497549 runnervmmprz5 zainod-0.10.1[2778]:   19:51:55.497  INFO zaino_chain_store_zainodb::store::finalised_source::v1::tx_out_set_accumulator: txout-set accumulator rebuild: progress, shard: 1, shard_total: 1, lo: 0, hi: 256, height: 1862235, db_tip: 4381896, elapsed: 40.758043456s
1791661915.497549 runnervmmprz5 zainod-0.10.1[2778]:     at packages/zaino-chain-store-zainodb/src/store/finalised_source/v1/tx_out_set_accumulator.rs:1278
1791661918.274701 runnervmmprz5 zainod-0.10.1[2778]:   19:51:58.274  INFO zaino_serve::rpc::grpc::service: [TEST] received call, method: "get_lightd_info"
1791661918.274701 runnervmmprz5 zainod-0.10.1[2778]:     at packages/zaino-serve/src/rpc/grpc/service.rs:161
1791661918.277513 runnervmmprz5 zainod-0.10.1[2778]:   19:51:58.277  INFO zaino_serve::rpc::grpc::service: [TEST] received call, method: "get_block"
1791661918.277513 runnervmmprz5 zainod-0.10.1[2778]:     at packages/zaino-serve/src/rpc/grpc/service.rs:161
1791661918.278078 runnervmmprz5 zainod-0.10.1[2778]:   19:51:58.278  INFO zaino_serve::rpc::grpc::service: [TEST] received call, method: "get_block"
1791661918.278078 runnervmmprz5 zainod-0.10.1[2778]:     at packages/zaino-serve/src/rpc/grpc/service.rs:161
1791661923.273819 runnervmmprz5 zainod-0.10.1[2778]:   19:52:03.273  INFO zaino_serve::rpc::grpc::service: [TEST] received call, method: "get_lightd_info"
1791661923.273819 runnervmmprz5 zainod-0.10.1[2778]:     at packages/zaino-serve/src/rpc/grpc/service.rs:161
1791661923.276662 runnervmmprz5 zainod-0.10.1[2778]:   19:52:03.276  INFO zaino_serve::rpc::grpc::service: [TEST] received call, method: "get_block"
1791661923.276662 runnervmmprz5 zainod-0.10.1[2778]:     at packages/zaino-serve/src/rpc/grpc/service.rs:161
1791661923.277183 runnervmmprz5 zainod-0.10.1[2778]:   19:52:03.277  INFO zaino_serve::rpc::grpc::service: [TEST] received call, method: "get_block"
1791661923.277183 runnervmmprz5 zainod-0.10.1[2778]:     at packages/zaino-serve/src/rpc/grpc/service.rs:161
1791661924.600840 runnervmmprz5 zainod-0.10.1[2778]:   19:52:04.600  INFO zainodlib::indexer: Zaino status check, chain_state: Ready, fs_mode: ephemeral(syncing), json_rpc: Ready, grpc: Ready
1791661924.600840 runnervmmprz5 zainod-0.10.1[2778]:     at packages/zainod/src/indexer.rs:333
1791661925.497630 runnervmmprz5 zainod-0.10.1[2778]:   19:52:05.497  INFO zaino_chain_store_zainodb::store::finalised_source::v1::tx_out_set_accumulator: txout-set accumulator rebuild: progress, shard: 1, shard_total: 1, lo: 0, hi: 256, height: 2275834, db_tip: 4381896, elapsed: 50.758149658s
1791661925.497630 runnervmmprz5 zainod-0.10.1[2778]:     at packages/zaino-chain-store-zainodb/src/store/finalised_source/v1/tx_out_set_accumulator.rs:1278
1791661928.275613 runnervmmprz5 zainod-0.10.1[2778]:   19:52:08.275  INFO zaino_serve::rpc::grpc::service: [TEST] received call, method: "get_lightd_info"
1791661928.275613 runnervmmprz5 zainod-0.10.1[2778]:     at packages/zaino-serve/src/rpc/grpc/service.rs:161
1791661928.278468 runnervmmprz5 zainod-0.10.1[2778]:   19:52:08.278  INFO zaino_serve::rpc::grpc::service: [TEST] received call, method: "get_block"
1791661928.278468 runnervmmprz5 zainod-0.10.1[2778]:     at packages/zaino-serve/src/rpc/grpc/service.rs:161
1791661928.279066 runnervmmprz5 zainod-0.10.1[2778]:   19:52:08.279  INFO zaino_serve::rpc::grpc::service: [TEST] received call, method: "get_block"
1791661928.279066 runnervmmprz5 zainod-0.10.1[2778]:     at packages/zaino-serve/src/rpc/grpc/service.rs:161
1791661933.275004 runnervmmprz5 zainod-0.10.1[2778]:   19:52:13.274  INFO zaino_serve::rpc::grpc::service: [TEST] received call, method: "get_lightd_info"
1791661933.275004 runnervmmprz5 zainod-0.10.1[2778]:     at packages/zaino-serve/src/rpc/grpc/service.rs:161
1791661933.277839 runnervmmprz5 zainod-0.10.1[2778]:   19:52:13.277  INFO zaino_serve::rpc::grpc::service: [TEST] received call, method: "get_block"
1791661933.277839 runnervmmprz5 zainod-0.10.1[2778]:     at packages/zaino-serve/src/rpc/grpc/service.rs:161
1791661933.278373 runnervmmprz5 zainod-0.10.1[2778]:   19:52:13.278  INFO zaino_serve::rpc::grpc::service: [TEST] received call, method: "get_block"
1791661933.278373 runnervmmprz5 zainod-0.10.1[2778]:     at packages/zaino-serve/src/rpc/grpc/service.rs:161
1791661934.601138 runnervmmprz5 zainod-0.10.1[2778]:   19:52:14.601  INFO zainodlib::indexer: Zaino status check, chain_state: Ready, fs_mode: ephemeral(syncing), json_rpc: Ready, grpc: Ready
1791661934.601138 runnervmmprz5 zainod-0.10.1[2778]:     at packages/zainod/src/indexer.rs:333
1791661935.497712 runnervmmprz5 zainod-0.10.1[2778]:   19:52:15.497  INFO zaino_chain_store_zainodb::store::finalised_source::v1::tx_out_set_accumulator: txout-set accumulator rebuild: progress, shard: 1, shard_total: 1, lo: 0, hi: 256, height: 2685373, db_tip: 4381896, elapsed: 60.758233352s
1791661935.497712 runnervmmprz5 zainod-0.10.1[2778]:     at packages/zaino-chain-store-zainodb/src/store/finalised_source/v1/tx_out_set_accumulator.rs:1278
1791661938.276391 runnervmmprz5 zainod-0.10.1[2778]:   19:52:18.276  INFO zaino_serve::rpc::grpc::service: [TEST] received call, method: "get_lightd_info"
1791661938.276391 runnervmmprz5 zainod-0.10.1[2778]:     at packages/zaino-serve/src/rpc/grpc/service.rs:161
1791661938.279214 runnervmmprz5 zainod-0.10.1[2778]:   19:52:18.279  INFO zaino_serve::rpc::grpc::service: [TEST] received call, method: "get_block"
1791661938.279214 runnervmmprz5 zainod-0.10.1[2778]:     at packages/zaino-serve/src/rpc/grpc/service.rs:161
1791661938.279813 runnervmmprz5 zainod-0.10.1[2778]:   19:52:18.279  INFO zaino_serve::rpc::grpc::service: [TEST] received call, method: "get_block"
1791661938.279813 runnervmmprz5 zainod-0.10.1[2778]:     at packages/zaino-serve/src/rpc/grpc/service.rs:161
1791661943.276038 runnervmmprz5 zainod-0.10.1[2778]:   19:52:23.275  INFO zaino_serve::rpc::grpc::service: [TEST] received call, method: "get_lightd_info"
1791661943.276038 runnervmmprz5 zainod-0.10.1[2778]:     at packages/zaino-serve/src/rpc/grpc/service.rs:161
1791661943.279326 runnervmmprz5 zainod-0.10.1[2778]:   19:52:23.279  INFO zaino_serve::rpc::grpc::service: [TEST] received call, method: "get_block"
1791661943.279326 runnervmmprz5 zainod-0.10.1[2778]:     at packages/zaino-serve/src/rpc/grpc/service.rs:161
1791661943.279888 runnervmmprz5 zainod-0.10.1[2778]:   19:52:23.279  INFO zaino_serve::rpc::grpc::service: [TEST] received call, method: "get_block"
1791661943.279888 runnervmmprz5 zainod-0.10.1[2778]:     at packages/zaino-serve/src/rpc/grpc/service.rs:161
1791661944.700898 runnervmmprz5 zainod-0.10.1[2778]:   19:52:24.700  INFO zainodlib::indexer: Zaino status check, chain_state: Ready, fs_mode: ephemeral(syncing), json_rpc: Ready, grpc: Ready
1791661944.700898 runnervmmprz5 zainod-0.10.1[2778]:     at packages/zainod/src/indexer.rs:333
1791661945.572852 runnervmmprz5 zainod-0.10.1[2778]:   19:52:25.572  INFO zaino_chain_store_zainodb::store::finalised_source::v1::tx_out_set_accumulator: txout-set accumulator rebuild: progress, shard: 1, shard_total: 1, lo: 0, hi: 256, height: 3259199, db_tip: 4381896, elapsed: 70.833346995s
1791661945.572852 runnervmmprz5 zainod-0.10.1[2778]:     at packages/zaino-chain-store-zainodb/src/store/finalised_source/v1/tx_out_set_accumulator.rs:1278
1791661948.277385 runnervmmprz5 zainod-0.10.1[2778]:   19:52:28.277  INFO zaino_serve::rpc::grpc::service: [TEST] received call, method: "get_lightd_info"
1791661948.277385 runnervmmprz5 zainod-0.10.1[2778]:     at packages/zaino-serve/src/rpc/grpc/service.rs:161
1791661948.280484 runnervmmprz5 zainod-0.10.1[2778]:   19:52:28.280  INFO zaino_serve::rpc::grpc::service: [TEST] received call, method: "get_block"
1791661948.280484 runnervmmprz5 zainod-0.10.1[2778]:     at packages/zaino-serve/src/rpc/grpc/service.rs:161
1791661948.281539 runnervmmprz5 zainod-0.10.1[2778]:   19:52:28.281  INFO zaino_serve::rpc::grpc::service: [TEST] received call, method: "get_block"
1791661948.281539 runnervmmprz5 zainod-0.10.1[2778]:     at packages/zaino-serve/src/rpc/grpc/service.rs:161
1791661953.277421 runnervmmprz5 zainod-0.10.1[2778]:   19:52:33.277  INFO zaino_serve::rpc::grpc::service: [TEST] received call, method: "get_lightd_info"
1791661953.277421 runnervmmprz5 zainod-0.10.1[2778]:     at packages/zaino-serve/src/rpc/grpc/service.rs:161
1791661953.280245 runnervmmprz5 zainod-0.10.1[2778]:   19:52:33.280  INFO zaino_serve::rpc::grpc::service: [TEST] received call, method: "get_block"
1791661953.280245 runnervmmprz5 zainod-0.10.1[2778]:     at packages/zaino-serve/src/rpc/grpc/service.rs:161
1791661953.280777 runnervmmprz5 zainod-0.10.1[2778]:   19:52:33.280  INFO zaino_serve::rpc::grpc::service: [TEST] received call, method: "get_block"
1791661953.280777 runnervmmprz5 zainod-0.10.1[2778]:     at packages/zaino-serve/src/rpc/grpc/service.rs:161
1791661954.701192 runnervmmprz5 zainod-0.10.1[2778]:   19:52:34.701  INFO zainodlib::indexer: Zaino status check, chain_state: Ready, fs_mode: ephemeral(syncing), json_rpc: Ready, grpc: Ready
1791661954.701192 runnervmmprz5 zainod-0.10.1[2778]:     at packages/zainod/src/indexer.rs:333
1791661955.188802 runnervmmprz5 zainod-0.10.1[2778]:   19:52:35.188  INFO zaino_chain_store_zainodb::store::finalised_source::v1::tx_out_set_accumulator: txout-set accumulator rebuild: shard complete, shard: 1, planned: 1, lo: 0, hi: 256, elapsed: 80.449315477s
1791661955.188802 runnervmmprz5 zainod-0.10.1[2778]:     at packages/zaino-chain-store-zainodb/src/store/finalised_source/v1/tx_out_set_accumulator.rs:1045
1791661955.188802 runnervmmprz5 zainod-0.10.1[2778]:   19:52:35.188  INFO zaino_chain_store_zainodb::store::finalised_source::v1::tx_out_set_accumulator: txout-set accumulator rebuild: all shards complete, planned: 1, completed: 1, db_tip: 4381896, elapsed: 80.449357561s
1791661955.188802 runnervmmprz5 zainod-0.10.1[2778]:     at packages/zaino-chain-store-zainodb/src/store/finalised_source/v1/tx_out_set_accumulator.rs:1089
1791661955.447298 runnervmmprz5 zainod-0.10.1[2778]:   19:52:35.447  INFO zaino_chain_store_zainodb::store::finalised_source::v1::tx_out_set_accumulator: txout-set accumulator rebuild complete and committed, db_tip: 4381896, shards: 1, elapsed: 80.707751253s
1791661955.447298 runnervmmprz5 zainod-0.10.1[2778]:     at packages/zaino-chain-store-zainodb/src/store/finalised_source/v1/tx_out_set_accumulator.rs:884
1791661955.447552 runnervmmprz5 zainod-0.10.1[2778]:   19:52:35.447  INFO zaino_chain_store_zainodb::store::router: finalised state switched back to the persistent database, released_mode: ReadOnly, mode: persistent
1791661955.447552 runnervmmprz5 zainod-0.10.1[2778]:     at packages/zaino-chain-store-zainodb/src/store/router.rs:774
1791661958.278768 runnervmmprz5 zainod-0.10.1[2778]:   19:52:38.278  INFO zaino_serve::rpc::grpc::service: [TEST] received call, method: "get_lightd_info"
1791661958.278768 runnervmmprz5 zainod-0.10.1[2778]:     at packages/zaino-serve/src/rpc/grpc/service.rs:161
1791661958.281571 runnervmmprz5 zainod-0.10.1[2778]:   19:52:38.281  INFO zaino_serve::rpc::grpc::service: [TEST] received call, method: "get_block"
1791661958.281571 runnervmmprz5 zainod-0.10.1[2778]:     at packages/zaino-serve/src/rpc/grpc/service.rs:161
1791661958.429321 runnervmmprz5 zainod-0.10.1[2778]:   19:52:38.429  INFO zaino_serve::rpc::grpc::service: [TEST] received call, method: "get_block"
1791661958.429321 runnervmmprz5 zainod-0.10.1[2778]:     at packages/zaino-serve/src/rpc/grpc/service.rs:161
1791661963.277861 runnervmmprz5 zainod-0.10.1[2778]:   19:52:43.277  INFO zaino_serve::rpc::grpc::service: [TEST] received call, method: "get_lightd_info"
1791661963.277861 runnervmmprz5 zainod-0.10.1[2778]:     at packages/zaino-serve/src/rpc/grpc/service.rs:161
1791661963.280613 runnervmmprz5 zainod-0.10.1[2778]:   19:52:43.280  INFO zaino_serve::rpc::grpc::service: [TEST] received call, method: "get_block"
1791661963.280613 runnervmmprz5 zainod-0.10.1[2778]:     at packages/zaino-serve/src/rpc/grpc/service.rs:161
1791661963.280936 runnervmmprz5 zainod-0.10.1[2778]:   19:52:43.280  INFO zaino_serve::rpc::grpc::service: [TEST] received call, method: "get_block"
1791661963.280936 runnervmmprz5 zainod-0.10.1[2778]:     at packages/zaino-serve/src/rpc/grpc/service.rs:161
1791661964.801185 runnervmmprz5 zainod-0.10.1[2778]:   19:52:44.801  INFO zainodlib::indexer: Zaino status check, chain_state: Ready, fs_mode: persistent, json_rpc: Ready, grpc: Ready
1791661964.801185 runnervmmprz5 zainod-0.10.1[2778]:     at packages/zainod/src/indexer.rs:333
1791661968.279467 runnervmmprz5 zainod-0.10.1[2778]:   19:52:48.279  INFO zaino_serve::rpc::grpc::service: [TEST] received call, method: "get_lightd_info"
1791661968.279467 runnervmmprz5 zainod-0.10.1[2778]:     at packages/zaino-serve/src/rpc/grpc/service.rs:161
1791661968.282556 runnervmmprz5 zainod-0.10.1[2778]:   19:52:48.282  INFO zaino_serve::rpc::grpc::service: [TEST] received call, method: "get_block"
1791661968.282556 runnervmmprz5 zainod-0.10.1[2778]:     at packages/zaino-serve/src/rpc/grpc/service.rs:161
1791661968.282859 runnervmmprz5 zainod-0.10.1[2778]:   19:52:48.282  INFO zaino_serve::rpc::grpc::service: [TEST] received call, method: "get_block"
1791661968.282859 runnervmmprz5 zainod-0.10.1[2778]:     at packages/zaino-serve/src/rpc/grpc/service.rs:161
1791661973.278613 runnervmmprz5 zainod-0.10.1[2778]:   19:52:53.278  INFO zaino_serve::rpc::grpc::service: [TEST] received call, method: "get_lightd_info"
1791661973.278613 runnervmmprz5 zainod-0.10.1[2778]:     at packages/zaino-serve/src/rpc/grpc/service.rs:161
1791661973.281329 runnervmmprz5 zainod-0.10.1[2778]:   19:52:53.281  INFO zaino_serve::rpc::grpc::service: [TEST] received call, method: "get_block"
1791661973.281329 runnervmmprz5 zainod-0.10.1[2778]:     at packages/zaino-serve/src/rpc/grpc/service.rs:161
1791661973.281647 runnervmmprz5 zainod-0.10.1[2778]:   19:52:53.281  INFO zaino_serve::rpc::grpc::service: [TEST] received call, method: "get_block"
1791661973.281647 runnervmmprz5 zainod-0.10.1[2778]:     at packages/zaino-serve/src/rpc/grpc/service.rs:161
1791661974.901326 runnervmmprz5 zainod-0.10.1[2778]:   19:52:54.901  INFO zainodlib::indexer: Zaino status check, chain_state: Ready, fs_mode: persistent, json_rpc: Ready, grpc: Ready
1791661974.901326 runnervmmprz5 zainod-0.10.1[2778]:     at packages/zainod/src/indexer.rs:333
1791661978.280584 runnervmmprz5 zainod-0.10.1[2778]:   19:52:58.280  INFO zaino_serve::rpc::grpc::service: [TEST] received call, method: "get_lightd_info"
1791661978.280584 runnervmmprz5 zainod-0.10.1[2778]:     at packages/zaino-serve/src/rpc/grpc/service.rs:161
1791661978.283321 runnervmmprz5 zainod-0.10.1[2778]:   19:52:58.283  INFO zaino_serve::rpc::grpc::service: [TEST] received call, method: "get_block"
1791661978.283321 runnervmmprz5 zainod-0.10.1[2778]:     at packages/zaino-serve/src/rpc/grpc/service.rs:161
1791661978.283634 runnervmmprz5 zainod-0.10.1[2778]:   19:52:58.283  INFO zaino_serve::rpc::grpc::service: [TEST] received call, method: "get_block"
1791661978.283634 runnervmmprz5 zainod-0.10.1[2778]:     at packages/zaino-serve/src/rpc/grpc/service.rs:161
1791661983.279773 runnervmmprz5 zainod-0.10.1[2778]:   19:53:03.279  INFO zaino_serve::rpc::grpc::service: [TEST] received call, method: "get_lightd_info"
1791661983.279773 runnervmmprz5 zainod-0.10.1[2778]:     at packages/zaino-serve/src/rpc/grpc/service.rs:161
1791661983.282516 runnervmmprz5 zainod-0.10.1[2778]:   19:53:03.282  INFO zaino_serve::rpc::grpc::service: [TEST] received call, method: "get_block"
1791661983.282516 runnervmmprz5 zainod-0.10.1[2778]:     at packages/zaino-serve/src/rpc/grpc/service.rs:161
1791661983.282853 runnervmmprz5 zainod-0.10.1[2778]:   19:53:03.282  INFO zaino_serve::rpc::grpc::service: [TEST] received call, method: "get_block"
1791661983.282853 runnervmmprz5 zainod-0.10.1[2778]:     at packages/zaino-serve/src/rpc/grpc/service.rs:161
1791661985.001439 runnervmmprz5 zainod-0.10.1[2778]:   19:53:05.001  INFO zainodlib::indexer: Zaino status check, chain_state: Ready, fs_mode: persistent, json_rpc: Ready, grpc: Ready
1791661985.001439 runnervmmprz5 zainod-0.10.1[2778]:     at packages/zainod/src/indexer.rs:333
1791661988.281331 runnervmmprz5 zainod-0.10.1[2778]:   19:53:08.281  INFO zaino_serve::rpc::grpc::service: [TEST] received call, method: "get_lightd_info"
1791661988.281331 runnervmmprz5 zainod-0.10.1[2778]:     at packages/zaino-serve/src/rpc/grpc/service.rs:161
1791661988.284050 runnervmmprz5 zainod-0.10.1[2778]:   19:53:08.284  INFO zaino_serve::rpc::grpc::service: [TEST] received call, method: "get_block"
1791661988.284050 runnervmmprz5 zainod-0.10.1[2778]:     at packages/zaino-serve/src/rpc/grpc/service.rs:161
1791661988.284372 runnervmmprz5 zainod-0.10.1[2778]:   19:53:08.284  INFO zaino_serve::rpc::grpc::service: [TEST] received call, method: "get_block"
1791661988.284372 runnervmmprz5 zainod-0.10.1[2778]:     at packages/zaino-serve/src/rpc/grpc/service.rs:161
1791661993.280950 runnervmmprz5 zainod-0.10.1[2778]:   19:53:13.280  INFO zaino_serve::rpc::grpc::service: [TEST] received call, method: "get_lightd_info"
1791661993.280950 runnervmmprz5 zainod-0.10.1[2778]:     at packages/zaino-serve/src/rpc/grpc/service.rs:161
1791661993.283722 runnervmmprz5 zainod-0.10.1[2778]:   19:53:13.283  INFO zaino_serve::rpc::grpc::service: [TEST] received call, method: "get_block"
1791661993.283722 runnervmmprz5 zainod-0.10.1[2778]:     at packages/zaino-serve/src/rpc/grpc/service.rs:161
1791661993.284068 runnervmmprz5 zainod-0.10.1[2778]:   19:53:13.284  INFO zaino_serve::rpc::grpc::service: [TEST] received call, method: "get_block"
1791661993.284068 runnervmmprz5 zainod-0.10.1[2778]:     at packages/zaino-serve/src/rpc/grpc/service.rs:161
1791661995.101233 runnervmmprz5 zainod-0.10.1[2778]:   19:53:15.101  INFO zainodlib::indexer: Zaino status check, chain_state: Ready, fs_mode: persistent, json_rpc: Ready, grpc: Ready
1791661995.101233 runnervmmprz5 zainod-0.10.1[2778]:     at packages/zainod/src/indexer.rs:333
1791661998.282456 runnervmmprz5 zainod-0.10.1[2778]:   19:53:18.282  INFO zaino_serve::rpc::grpc::service: [TEST] received call, method: "get_lightd_info"
1791661998.282456 runnervmmprz5 zainod-0.10.1[2778]:     at packages/zaino-serve/src/rpc/grpc/service.rs:161
1791661998.285103 runnervmmprz5 zainod-0.10.1[2778]:   19:53:18.285  INFO zaino_serve::rpc::grpc::service: [TEST] received call, method: "get_block"
1791661998.285103 runnervmmprz5 zainod-0.10.1[2778]:     at packages/zaino-serve/src/rpc/grpc/service.rs:161
1791661998.285409 runnervmmprz5 zainod-0.10.1[2778]:   19:53:18.285  INFO zaino_serve::rpc::grpc::service: [TEST] received call, method: "get_block"
1791661998.285409 runnervmmprz5 zainod-0.10.1[2778]:     at packages/zaino-serve/src/rpc/grpc/service.rs:161
1791662003.281679 runnervmmprz5 zainod-0.10.1[2778]:   19:53:23.281  INFO zaino_serve::rpc::grpc::service: [TEST] received call, method: "get_lightd_info"
1791662003.281679 runnervmmprz5 zainod-0.10.1[2778]:     at packages/zaino-serve/src/rpc/grpc/service.rs:161
1791662003.284430 runnervmmprz5 zainod-0.10.1[2778]:   19:53:23.284  INFO zaino_serve::rpc::grpc::service: [TEST] received call, method: "get_block"
1791662003.284430 runnervmmprz5 zainod-0.10.1[2778]:     at packages/zaino-serve/src/rpc/grpc/service.rs:161
1791662003.284735 runnervmmprz5 zainod-0.10.1[2778]:   19:53:23.284  INFO zaino_serve::rpc::grpc::service: [TEST] received call, method: "get_block"
1791662003.284735 runnervmmprz5 zainod-0.10.1[2778]:     at packages/zaino-serve/src/rpc/grpc/service.rs:161
1791662005.201048 runnervmmprz5 zainod-0.10.1[2778]:   19:53:25.200  INFO zainodlib::indexer: Zaino status check, chain_state: Ready, fs_mode: persistent, json_rpc: Ready, grpc: Ready
1791662005.201048 runnervmmprz5 zainod-0.10.1[2778]:     at packages/zainod/src/indexer.rs:333
1791662008.283332 runnervmmprz5 zainod-0.10.1[2778]:   19:53:28.283  INFO zaino_serve::rpc::grpc::service: [TEST] received call, method: "get_lightd_info"
1791662008.283332 runnervmmprz5 zainod-0.10.1[2778]:     at packages/zaino-serve/src/rpc/grpc/service.rs:161
1791662008.286010 runnervmmprz5 zainod-0.10.1[2778]:   19:53:28.285  INFO zaino_serve::rpc::grpc::service: [TEST] received call, method: "get_block"
1791662008.286010 runnervmmprz5 zainod-0.10.1[2778]:     at packages/zaino-serve/src/rpc/grpc/service.rs:161
1791662008.286317 runnervmmprz5 zainod-0.10.1[2778]:   19:53:28.286  INFO zaino_serve::rpc::grpc::service: [TEST] received call, method: "get_block"
1791662008.286317 runnervmmprz5 zainod-0.10.1[2778]:     at packages/zaino-serve/src/rpc/grpc/service.rs:161
1791662013.282652 runnervmmprz5 zainod-0.10.1[2778]:   19:53:33.282  INFO zaino_serve::rpc::grpc::service: [TEST] received call, method: "get_lightd_info"
1791662013.282652 runnervmmprz5 zainod-0.10.1[2778]:     at packages/zaino-serve/src/rpc/grpc/service.rs:161
1791662013.285364 runnervmmprz5 zainod-0.10.1[2778]:   19:53:33.285  INFO zaino_serve::rpc::grpc::service: [TEST] received call, method: "get_block"
1791662013.285364 runnervmmprz5 zainod-0.10.1[2778]:     at packages/zaino-serve/src/rpc/grpc/service.rs:161
1791662013.285684 runnervmmprz5 zainod-0.10.1[2778]:   19:53:33.285  INFO zaino_serve::rpc::grpc::service: [TEST] received call, method: "get_block"
1791662013.285684 runnervmmprz5 zainod-0.10.1[2778]:     at packages/zaino-serve/src/rpc/grpc/service.rs:161
1791662015.301233 runnervmmprz5 zainod-0.10.1[2778]:   19:53:35.301  INFO zainodlib::indexer: Zaino status check, chain_state: Ready, fs_mode: persistent, json_rpc: Ready, grpc: Ready
1791662015.301233 runnervmmprz5 zainod-0.10.1[2778]:     at packages/zainod/src/indexer.rs:333
1791662018.284680 runnervmmprz5 zainod-0.10.1[2778]:   19:53:38.284  INFO zaino_serve::rpc::grpc::service: [TEST] received call, method: "get_lightd_info"
1791662018.284680 runnervmmprz5 zainod-0.10.1[2778]:     at packages/zaino-serve/src/rpc/grpc/service.rs:161
1791662018.287384 runnervmmprz5 zainod-0.10.1[2778]:   19:53:38.287  INFO zaino_serve::rpc::grpc::service: [TEST] received call, method: "get_block"
1791662018.287384 runnervmmprz5 zainod-0.10.1[2778]:     at packages/zaino-serve/src/rpc/grpc/service.rs:161
1791662018.287724 runnervmmprz5 zainod-0.10.1[2778]:   19:53:38.287  INFO zaino_serve::rpc::grpc::service: [TEST] received call, method: "get_block"
1791662018.287724 runnervmmprz5 zainod-0.10.1[2778]:     at packages/zaino-serve/src/rpc/grpc/service.rs:161
1791662023.283929 runnervmmprz5 zainod-0.10.1[2778]:   19:53:43.283  INFO zaino_serve::rpc::grpc::service: [TEST] received call, method: "get_lightd_info"
1791662023.283929 runnervmmprz5 zainod-0.10.1[2778]:     at packages/zaino-serve/src/rpc/grpc/service.rs:161
1791662023.286666 runnervmmprz5 zainod-0.10.1[2778]:   19:53:43.286  INFO zaino_serve::rpc::grpc::service: [TEST] received call, method: "get_block"
1791662023.286666 runnervmmprz5 zainod-0.10.1[2778]:     at packages/zaino-serve/src/rpc/grpc/service.rs:161
1791662023.287042 runnervmmprz5 zainod-0.10.1[2778]:   19:53:43.287  INFO zaino_serve::rpc::grpc::service: [TEST] received call, method: "get_block"
1791662023.287042 runnervmmprz5 zainod-0.10.1[2778]:     at packages/zaino-serve/src/rpc/grpc/service.rs:161
1791662025.301550 runnervmmprz5 zainod-0.10.1[2778]:   19:53:45.301  INFO zainodlib::indexer: Zaino status check, chain_state: Ready, fs_mode: persistent, json_rpc: Ready, grpc: Ready
1791662025.301550 runnervmmprz5 zainod-0.10.1[2778]:     at packages/zainod/src/indexer.rs:333
1791662028.285436 runnervmmprz5 zainod-0.10.1[2778]:   19:53:48.285  INFO zaino_serve::rpc::grpc::service: [TEST] received call, method: "get_lightd_info"
1791662028.285436 runnervmmprz5 zainod-0.10.1[2778]:     at packages/zaino-serve/src/rpc/grpc/service.rs:161
1791662028.288516 runnervmmprz5 zainod-0.10.1[2778]:   19:53:48.288  INFO zaino_serve::rpc::grpc::service: [TEST] received call, method: "get_block"
1791662028.288516 runnervmmprz5 zainod-0.10.1[2778]:     at packages/zaino-serve/src/rpc/grpc/service.rs:161
1791662028.288827 runnervmmprz5 zainod-0.10.1[2778]:   19:53:48.288  INFO zaino_serve::rpc::grpc::service: [TEST] received call, method: "get_block"
1791662028.288827 runnervmmprz5 zainod-0.10.1[2778]:     at packages/zaino-serve/src/rpc/grpc/service.rs:161
1791662033.284798 runnervmmprz5 zainod-0.10.1[2778]:   19:53:53.284  INFO zaino_serve::rpc::grpc::service: [TEST] received call, method: "get_lightd_info"
1791662033.284798 runnervmmprz5 zainod-0.10.1[2778]:     at packages/zaino-serve/src/rpc/grpc/service.rs:161
1791662033.287524 runnervmmprz5 zainod-0.10.1[2778]:   19:53:53.287  INFO zaino_serve::rpc::grpc::service: [TEST] received call, method: "get_block"
1791662033.287524 runnervmmprz5 zainod-0.10.1[2778]:     at packages/zaino-serve/src/rpc/grpc/service.rs:161
1791662033.287848 runnervmmprz5 zainod-0.10.1[2778]:   19:53:53.287  INFO zaino_serve::rpc::grpc::service: [TEST] received call, method: "get_block"
1791662033.287848 runnervmmprz5 zainod-0.10.1[2778]:     at packages/zaino-serve/src/rpc/grpc/service.rs:161
1791662035.401491 runnervmmprz5 zainod-0.10.1[2778]:   19:53:55.401  INFO zainodlib::indexer: Zaino status check, chain_state: Ready, fs_mode: persistent, json_rpc: Ready, grpc: Ready
1791662035.401491 runnervmmprz5 zainod-0.10.1[2778]:     at packages/zainod/src/indexer.rs:333
1791662038.286880 runnervmmprz5 zainod-0.10.1[2778]:   19:53:58.286  INFO zaino_serve::rpc::grpc::service: [TEST] received call, method: "get_lightd_info"
1791662038.286880 runnervmmprz5 zainod-0.10.1[2778]:     at packages/zaino-serve/src/rpc/grpc/service.rs:161
1791662038.289689 runnervmmprz5 zainod-0.10.1[2778]:   19:53:58.289  INFO zaino_serve::rpc::grpc::service: [TEST] received call, method: "get_block"
1791662038.289689 runnervmmprz5 zainod-0.10.1[2778]:     at packages/zaino-serve/src/rpc/grpc/service.rs:161
1791662038.290122 runnervmmprz5 zainod-0.10.1[2778]:   19:53:58.290  INFO zaino_serve::rpc::grpc::service: [TEST] received call, method: "get_block"
1791662038.290122 runnervmmprz5 zainod-0.10.1[2778]:     at packages/zaino-serve/src/rpc/grpc/service.rs:161
1791662043.286619 runnervmmprz5 zainod-0.10.1[2778]:   19:54:03.286  INFO zaino_serve::rpc::grpc::service: [TEST] received call, method: "get_lightd_info"
1791662043.286619 runnervmmprz5 zainod-0.10.1[2778]:     at packages/zaino-serve/src/rpc/grpc/service.rs:161
1791662043.289401 runnervmmprz5 zainod-0.10.1[2778]:   19:54:03.289  INFO zaino_serve::rpc::grpc::service: [TEST] received call, method: "get_block"
1791662043.289401 runnervmmprz5 zainod-0.10.1[2778]:     at packages/zaino-serve/src/rpc/grpc/service.rs:161
1791662043.289731 runnervmmprz5 zainod-0.10.1[2778]:   19:54:03.289  INFO zaino_serve::rpc::grpc::service: [TEST] received call, method: "get_block"
1791662043.289731 runnervmmprz5 zainod-0.10.1[2778]:     at packages/zaino-serve/src/rpc/grpc/service.rs:161
1791662045.401572 runnervmmprz5 zainod-0.10.1[2778]:   19:54:05.401  INFO zainodlib::indexer: Zaino status check, chain_state: Ready, fs_mode: persistent, json_rpc: Ready, grpc: Ready
1791662045.401572 runnervmmprz5 zainod-0.10.1[2778]:     at packages/zainod/src/indexer.rs:333
1791662048.288101 runnervmmprz5 zainod-0.10.1[2778]:   19:54:08.288  INFO zaino_serve::rpc::grpc::service: [TEST] received call, method: "get_lightd_info"
1791662048.288101 runnervmmprz5 zainod-0.10.1[2778]:     at packages/zaino-serve/src/rpc/grpc/service.rs:161
1791662048.290807 runnervmmprz5 zainod-0.10.1[2778]:   19:54:08.290  INFO zaino_serve::rpc::grpc::service: [TEST] received call, method: "get_block"
1791662048.290807 runnervmmprz5 zainod-0.10.1[2778]:     at packages/zaino-serve/src/rpc/grpc/service.rs:161
1791662048.291159 runnervmmprz5 zainod-0.10.1[2778]:   19:54:08.291  INFO zaino_serve::rpc::grpc::service: [TEST] received call, method: "get_block"
1791662048.291159 runnervmmprz5 zainod-0.10.1[2778]:     at packages/zaino-serve/src/rpc/grpc/service.rs:161
1791662053.287538 runnervmmprz5 zainod-0.10.1[2778]:   19:54:13.287  INFO zaino_serve::rpc::grpc::service: [TEST] received call, method: "get_lightd_info"
1791662053.287538 runnervmmprz5 zainod-0.10.1[2778]:     at packages/zaino-serve/src/rpc/grpc/service.rs:161
1791662053.290290 runnervmmprz5 zainod-0.10.1[2778]:   19:54:13.290  INFO zaino_serve::rpc::grpc::service: [TEST] received call, method: "get_block"
1791662053.290290 runnervmmprz5 zainod-0.10.1[2778]:     at packages/zaino-serve/src/rpc/grpc/service.rs:161
1791662053.290633 runnervmmprz5 zainod-0.10.1[2778]:   19:54:13.290  INFO zaino_serve::rpc::grpc::service: [TEST] received call, method: "get_block"
1791662053.290633 runnervmmprz5 zainod-0.10.1[2778]:     at packages/zaino-serve/src/rpc/grpc/service.rs:161
1791662055.501604 runnervmmprz5 zainod-0.10.1[2778]:   19:54:15.501  INFO zainodlib::indexer: Zaino status check, chain_state: Ready, fs_mode: persistent, json_rpc: Ready, grpc: Ready
1791662055.501604 runnervmmprz5 zainod-0.10.1[2778]:     at packages/zainod/src/indexer.rs:333
1791662058.289396 runnervmmprz5 zainod-0.10.1[2778]:   19:54:18.289  INFO zaino_serve::rpc::grpc::service: [TEST] received call, method: "get_lightd_info"
1791662058.289396 runnervmmprz5 zainod-0.10.1[2778]:     at packages/zaino-serve/src/rpc/grpc/service.rs:161
1791662058.292364 runnervmmprz5 zainod-0.10.1[2778]:   19:54:18.292  INFO zaino_serve::rpc::grpc::service: [TEST] received call, method: "get_block"
1791662058.292364 runnervmmprz5 zainod-0.10.1[2778]:     at packages/zaino-serve/src/rpc/grpc/service.rs:161
1791662058.292704 runnervmmprz5 zainod-0.10.1[2778]:   19:54:18.292  INFO zaino_serve::rpc::grpc::service: [TEST] received call, method: "get_block"
1791662058.292704 runnervmmprz5 zainod-0.10.1[2778]:     at packages/zaino-serve/src/rpc/grpc/service.rs:161
1791662063.288635 runnervmmprz5 zainod-0.10.1[2778]:   19:54:23.288  INFO zaino_serve::rpc::grpc::service: [TEST] received call, method: "get_lightd_info"
1791662063.288635 runnervmmprz5 zainod-0.10.1[2778]:     at packages/zaino-serve/src/rpc/grpc/service.rs:161
1791662063.291432 runnervmmprz5 zainod-0.10.1[2778]:   19:54:23.291  INFO zaino_serve::rpc::grpc::service: [TEST] received call, method: "get_block"
1791662063.291432 runnervmmprz5 zainod-0.10.1[2778]:     at packages/zaino-serve/src/rpc/grpc/service.rs:161
1791662063.291751 runnervmmprz5 zainod-0.10.1[2778]:   19:54:23.291  INFO zaino_serve::rpc::grpc::service: [TEST] received call, method: "get_block"
1791662063.291751 runnervmmprz5 zainod-0.10.1[2778]:     at packages/zaino-serve/src/rpc/grpc/service.rs:161
1791662065.601581 runnervmmprz5 zainod-0.10.1[2778]:   19:54:25.601  INFO zainodlib::indexer: Zaino status check, chain_state: Ready, fs_mode: persistent, json_rpc: Ready, grpc: Ready
1791662065.601581 runnervmmprz5 zainod-0.10.1[2778]:     at packages/zainod/src/indexer.rs:333
1791662068.290500 runnervmmprz5 zainod-0.10.1[2778]:   19:54:28.290  INFO zaino_serve::rpc::grpc::service: [TEST] received call, method: "get_lightd_info"
1791662068.290500 runnervmmprz5 zainod-0.10.1[2778]:     at packages/zaino-serve/src/rpc/grpc/service.rs:161
1791662068.293284 runnervmmprz5 zainod-0.10.1[2778]:   19:54:28.293  INFO zaino_serve::rpc::grpc::service: [TEST] received call, method: "get_block"
1791662068.293284 runnervmmprz5 zainod-0.10.1[2778]:     at packages/zaino-serve/src/rpc/grpc/service.rs:161
1791662068.293617 runnervmmprz5 zainod-0.10.1[2778]:   19:54:28.293  INFO zaino_serve::rpc::grpc::service: [TEST] received call, method: "get_block"
1791662068.293617 runnervmmprz5 zainod-0.10.1[2778]:     at packages/zaino-serve/src/rpc/grpc/service.rs:161
1791662073.289628 runnervmmprz5 zainod-0.10.1[2778]:   19:54:33.289  INFO zaino_serve::rpc::grpc::service: [TEST] received call, method: "get_lightd_info"
1791662073.289628 runnervmmprz5 zainod-0.10.1[2778]:     at packages/zaino-serve/src/rpc/grpc/service.rs:161
1791662073.292396 runnervmmprz5 zainod-0.10.1[2778]:   19:54:33.292  INFO zaino_serve::rpc::grpc::service: [TEST] received call, method: "get_block"
1791662073.292396 runnervmmprz5 zainod-0.10.1[2778]:     at packages/zaino-serve/src/rpc/grpc/service.rs:161
1791662073.292725 runnervmmprz5 zainod-0.10.1[2778]:   19:54:33.292  INFO zaino_serve::rpc::grpc::service: [TEST] received call, method: "get_block"
1791662073.292725 runnervmmprz5 zainod-0.10.1[2778]:     at packages/zaino-serve/src/rpc/grpc/service.rs:161
1791662075.701604 runnervmmprz5 zainod-0.10.1[2778]:   19:54:35.701  INFO zainodlib::indexer: Zaino status check, chain_state: Ready, fs_mode: persistent, json_rpc: Ready, grpc: Ready
1791662075.701604 runnervmmprz5 zainod-0.10.1[2778]:     at packages/zainod/src/indexer.rs:333
1791662078.291304 runnervmmprz5 zainod-0.10.1[2778]:   19:54:38.291  INFO zaino_serve::rpc::grpc::service: [TEST] received call, method: "get_lightd_info"
1791662078.291304 runnervmmprz5 zainod-0.10.1[2778]:     at packages/zaino-serve/src/rpc/grpc/service.rs:161
1791662078.294051 runnervmmprz5 zainod-0.10.1[2778]:   19:54:38.293  INFO zaino_serve::rpc::grpc::service: [TEST] received call, method: "get_block"
1791662078.294051 runnervmmprz5 zainod-0.10.1[2778]:     at packages/zaino-serve/src/rpc/grpc/service.rs:161
1791662078.294385 runnervmmprz5 zainod-0.10.1[2778]:   19:54:38.294  INFO zaino_serve::rpc::grpc::service: [TEST] received call, method: "get_block"
1791662078.294385 runnervmmprz5 zainod-0.10.1[2778]:     at packages/zaino-serve/src/rpc/grpc/service.rs:161
1791662078.295908 runnervmmprz5 zainod-0.10.1[2778]:   19:54:38.295  INFO zaino_serve::rpc::grpc::service: [TEST] received call, method: "get_latest_block"
1791662078.295908 runnervmmprz5 zainod-0.10.1[2778]:     at packages/zaino-serve/src/rpc/grpc/service.rs:161
1791662078.299657 runnervmmprz5 zainod-0.10.1[2778]:   19:54:38.299  INFO zainodlib::indexer: received shutdown signal; closing Zaino gracefully
1791662078.299657 runnervmmprz5 zainod-0.10.1[2778]:     at packages/zainod/src/indexer.rs:215
1791662078.299770 runnervmmprz5 systemd[1]: Stopping zbench-zaino-0.10.1.service - /opt/zbench/bin/zainod-0.10.1 start --config /home/runner/work/zcash-indexer-bench/zcash-indexer-bench/runs/zaino-0.10.1-r3/index/zainod.toml...
1791662078.469002 runnervmmprz5 zainod-0.10.1[2778]:   19:54:38.468  INFO zainodlib: Exiting Zaino successfully.
1791662078.469002 runnervmmprz5 zainod-0.10.1[2778]:     at packages/zainod/src/lib.rs:56
1791662078.491828 runnervmmprz5 systemd[1]: zbench-zaino-0.10.1.service: Deactivated successfully.
1791662078.492093 runnervmmprz5 systemd[1]: Stopped zbench-zaino-0.10.1.service - /opt/zbench/bin/zainod-0.10.1 start --config /home/runner/work/zcash-indexer-bench/zcash-indexer-bench/runs/zaino-0.10.1-r3/index/zainod.toml.
1791662078.492325 runnervmmprz5 systemd[1]: zbench-zaino-0.10.1.service: Consumed 26min 25.099s CPU time, 12.0G memory peak, 0B memory swap peak, read 8.8G from disk, written 39.0G to disk.
