t,elapsed_s,who,cpu_usec,user_usec,system_usec,mem_bytes,mem_peak_bytes,anon_bytes,file_bytes,rbytes,wbytes,pids,host_mem_available_bytes
1791660346.918,0.036,indexer,3393,2262,1131,856064,1179648,45056,708608,708608,0,1,15514353664
1791660346.918,0.036,zebrad,41854293,36420016,5434276,486043648,802050048,246108160,234074112,129769472,575389696,21,15514353664
1791660348.802,1.920,indexer,455332,183101,272230,250843136,250843136,115478528,125935616,125902848,0,9,15376195584
1791660348.802,1.920,zebrad,44633214,38746178,5887036,484929536,802050048,246796288,231612416,221147136,613183488,21,15376195584
1791660349.803,2.920,indexer,1401163,1071884,329278,314970112,314970112,159358976,146296832,146264064,0,9,15319670784
1791660349.803,2.920,zebrad,46159970,40065155,6094814,524513280,802050048,247390208,270544896,258531328,613183488,21,15319670784
1791660350.803,3.920,indexer,2543654,1902733,640920,388792320,388820992,204271616,173920256,173809664,0,29,15256469504
1791660350.803,3.920,zebrad,47612917,41280700,6332217,558571520,802050048,247869440,303468544,290549760,613183488,21,15256469504
1791660351.803,4.921,indexer,3588776,2608353,980423,432467968,432508928,221896704,200073216,199852032,0,29,15242366976
1791660351.803,4.921,zebrad,49374042,42747558,6626484,586260480,802050048,248299520,331190272,316141568,613183488,21,15242366976
1791660352.803,5.921,indexer,4282344,3050111,1232232,455512064,455548928,228540416,216502272,216281088,0,29,15237935104
1791660352.803,5.921,zebrad,51159342,44254332,6905009,607756288,802050048,248594432,352206848,335433728,613183488,21,15237935104
1791660353.803,6.921,indexer,5150863,3613105,1537757,482799616,482828288,235966464,236179456,235958272,0,29,15229456384
1791660353.803,6.921,zebrad,53422441,46177836,7244605,632659968,802050048,249384960,376381440,357408768,613183488,21,15229456384
1791660354.804,7.921,indexer,5516560,3837515,1679044,495185920,495190016,240762880,243654656,243433472,0,29,15222181888
1791660354.804,7.921,zebrad,54464777,47095134,7369642,649699328,802050048,249462784,393445376,373624832,613183488,21,15222181888
1791660355.804,8.921,indexer,6180363,4252090,1928273,512356352,512536576,244768768,256921600,256700416,0,29,15216812032
1791660355.804,8.921,zebrad,56196342,48531382,7664960,680620032,802050048,251404288,421994496,400388096,613183488,21,15216812032
1791660356.804,9.921,indexer,6736314,4591798,2144515,526344192,526344192,248791040,266870784,266649600,0,29,15212212224
1791660356.804,9.921,zebrad,57456097,49543906,7912190,695562240,802050048,251920384,436686848,413573120,613183488,21,15212212224
1791660357.804,10.921,indexer,7035740,4766821,2268919,534376448,534380544,251789312,271872000,271650816,0,29,15206768640
1791660357.804,10.921,zebrad,58230560,50171585,8058975,705261568,802050048,252436480,445865984,421781504,613183488,21,15206768640
1791660358.804,11.922,indexer,7420201,5001092,2419108,544309248,544333824,255823872,277987328,277766144,0,29,15203155968
1791660358.804,11.922,zebrad,59176370,50903671,8272698,718630912,802050048,253317120,457773056,432537600,613183488,21,15203155968
1791660359.804,12.922,indexer,8204731,5514345,2690386,561635328,561643520,260128768,290762752,290545664,0,29,15200043008
1791660359.804,12.922,zebrad,60839034,52284203,8554831,741175296,802050048,254210048,479555584,452407296,613183488,21,15200043008
1791660360.805,13.922,indexer,9170867,6117767,3053099,584790016,584790016,267923456,305922048,305709056,0,29,15189745664
1791660360.805,13.922,zebrad,62597571,53687998,8909573,768438272,802050048,254496768,506335232,477388800,613183488,21,15189745664
1791660361.805,14.922,indexer,10067800,6700604,3367196,608587776,608600064,277270528,320536576,320315392,0,29,15181774848
1791660361.805,14.922,zebrad,64238226,55010531,9227695,787050496,802050048,255348736,524238848,493617152,613183488,21,15181774848
1791660362.805,15.922,indexer,10914710,7265229,3649481,627261440,627269632,284299264,332087296,331866112,0,29,15173611520
1791660362.805,15.922,zebrad,66154833,56640043,9514790,807759872,807759872,256471040,543711232,511295488,613183488,21,15173611520
1791660363.805,16.922,indexer,11809268,7856640,3952627,647004160,647020544,292290560,343736320,343515136,0,29,15159808000
1791660363.805,16.922,zebrad,68116071,58285814,9830256,830566400,830566400,257802240,565145600,531083264,613183488,21,15159808000
1791660364.805,17.922,indexer,12503578,8362838,4140740,662982656,662990848,299114496,352882688,352661504,0,29,15155167232
1791660364.805,17.922,zebrad,69627884,59571235,10056649,863334400,863334400,259653632,595664896,559759360,613183488,21,15155167232
1791660365.805,18.922,indexer,13427502,9004027,4423475,684081152,684085248,306769920,366366720,366145536,0,29,15139450880
1791660365.805,18.922,zebrad,71386851,61052726,10334125,912617472,912617472,261726208,643088384,605077504,613183488,21,15139450880
1791660366.805,19.923,indexer,14277321,9575058,4702263,702005248,702042112,313610240,377425920,377204736,0,29,15136186368
1791660366.805,19.923,zebrad,73174337,62527266,10647070,952344576,952463360,262127616,682299392,642621440,613183488,21,15136186368
1791660367.805,20.923,indexer,14636767,9820188,4816578,709623808,709652480,316940288,381845504,381624320,0,29,15134605312
1791660367.805,20.923,zebrad,74041091,63282273,10758817,966656000,966656000,262328320,695820288,655482880,613183488,21,15134605312
1791660368.805,21.923,indexer,14833299,9947332,4885966,713576448,713584640,318291968,384253952,384032768,0,29,15132905472
1791660368.805,21.923,zebrad,74723106,63913769,10809336,976355328,976355328,262389760,705761280,665108480,613183488,21,15132905472
1791660369.805,22.923,indexer,15475132,10363982,5111149,727769088,727777280,324554752,392179712,391958528,0,29,15109640192
1791660369.805,22.923,zebrad,76174321,65136958,11037362,1011482624,1011482624,270946304,732155904,690176000,618692608,21,15109640192
1791660370.806,23.923,indexer,15675528,10492651,5182876,731217920,731226112,326062080,394153984,393932800,0,29,15107854336
1791660370.806,23.923,zebrad,76773424,65641573,11131851,1025638400,1025638400,273129472,744259584,701464576,652038144,21,15107854336
1791660371.806,24.923,indexer,15808485,10583415,5225069,734248960,734449664,327372800,395878400,395657216,0,29,15108755456
1791660371.806,24.923,zebrad,77114024,65921942,11192081,1031503872,1031503872,273281024,749780992,706666496,652038144,21,15108755456
1791660372.806,25.923,indexer,16111358,10774477,5336880,739672064,739684352,329732096,398831616,398610432,0,29,15103418368
1791660372.806,25.923,zebrad,77872274,66567717,11304556,1045135360,1045135360,273457152,763056128,719343616,652038144,21,15103418368
1791660373.806,26.923,indexer,16912612,11318141,5594470,755703808,755707904,336293888,408145920,407924736,0,29,15095320576
1791660373.806,26.923,zebrad,79307836,67776192,11531644,1089699840,1089699840,273645568,807510016,762617856,652038144,21,15095320576
1791660374.806,27.923,indexer,17384279,11642412,5741866,766382080,766418944,340856832,414433280,414212096,0,29,15093764096
1791660374.806,27.923,zebrad,80106753,68407623,11699130,1118535680,1118535680,273653760,836227072,790642688,652038144,21,15093764096
1791660375.806,28.923,indexer,18302844,12254902,6047942,782200832,782200832,347721728,423280640,423059456,0,29,15087689728
1791660375.806,28.923,zebrad,81655645,69687747,11967897,1169915904,1169915904,273661952,887631872,840724480,652079104,21,15087689728
1791660376.806,29.923,indexer,19517786,13082169,6435617,804286464,804331520,357982208,435400704,435179520,0,29,15073677312
1791660376.806,29.923,zebrad,83640039,71328613,12311426,1239908352,1239908352,278450176,952393728,903544832,652079104,21,15073677312
1791660377.806,30.924,indexer,20699745,13875120,6824625,824082432,824094720,367906816,445038592,444817408,0,29,15060979712
1791660377.806,30.924,zebrad,85592979,72895641,12697337,1292218368,1292218368,279437312,1003630592,952741888,652079104,21,15060979712
1791660378.806,31.924,indexer,21334242,14306504,7027738,835694592,835706880,374747136,449593344,449372160,20480,29,15051841536
1791660378.806,31.924,zebrad,86642900,73732103,12910796,1333899264,1333899264,281866240,1042468864,990322688,652079104,21,15051841536
1791660379.806,32.924,indexer,22403818,15013563,7390254,858169344,858169344,385478656,461352960,461131776,20480,29,15023583232
1791660379.806,32.924,zebrad,88674944,75394759,13280184,1389207552,1389207552,291131392,1088626688,1034166272,652079104,21,15023583232
1791660380.806,33.924,indexer,23655647,15854541,7801105,879882240,879902720,396173312,472666112,472444928,20480,29,15018872832
1791660380.806,33.924,zebrad,90618335,76995886,13622449,1469423616,1469423616,293146624,1166462976,1109975040,652210176,21,15018872832
1791660381.806,34.924,indexer,24731893,16596818,8135075,902148096,902152192,406536192,484503552,484282368,20480,29,15005560832
1791660381.806,34.924,zebrad,92209865,78261221,13948643,1544658944,1544658944,293515264,1240887296,1182715904,652210176,21,15005560832
1791660382.807,35.924,indexer,25872173,17364709,8507464,925585408,925585408,417226752,497070080,496848896,20480,29,14997557248
1791660382.807,35.924,zebrad,94187238,79881468,14305770,1587384320,1587384320,293965824,1283108864,1222959104,652210176,21,14997557248
1791660383.807,36.924,indexer,27082180,18190830,8891349,954687488,954687488,431603712,511553536,511340544,61440,29,14984790016
1791660383.807,36.924,zebrad,96061687,81398819,14662868,1637715968,1637715968,294293504,1332928512,1271148544,652210176,21,14984790016
1791660384.807,37.924,indexer,28238818,18968903,9269914,976596992,976601088,440262656,524861440,524640256,61440,29,14968000512
1791660384.807,37.924,zebrad,98012640,83008705,15003935,1682804736,1682804736,294305792,1377910784,1314201600,652210176,21,14968000512
1791660385.807,38.924,indexer,29253241,19658802,9594439,990638080,990658560,446861312,531881984,531902464,61440,29,14959534080
1791660385.807,38.924,zebrad,99593466,84289167,15304298,1713991680,1713991680,294305792,1408962560,1343598592,697774080,21,14959534080
1791660386.807,39.924,indexer,30596064,20586026,10010038,1012371456,1012379648,459530240,541270016,541048832,61440,29,14945202176
1791660386.807,39.924,zebrad,101315877,85625555,15690321,1791062016,1791062016,294309888,1486057472,1419141120,697774080,21,14945202176
1791660387.807,40.924,indexer,31857475,21454497,10402977,1029853184,1029853184,469893120,548429824,548216832,61440,29,14944555008
1791660387.807,40.924,zebrad,102870227,86866327,16003900,1869705216,1869705216,294309888,1564491776,1496322048,697774080,21,14944555008
1791660388.807,41.924,indexer,32960362,22189800,10770561,1047441408,1047461888,478605312,557170688,556949504,61440,29,14937444352
1791660388.807,41.924,zebrad,104594624,88256493,16338131,1954377728,1954377728,294309888,1648627712,1579003904,697774080,21,14937444352
1791660389.807,42.925,indexer,34120805,22969513,11151292,1064632320,1064652800,488697856,564195328,564150272,61440,29,14931767296
1791660389.807,42.925,zebrad,106529353,89853360,16675992,2020585472,2020585472,294322176,1715089408,1643569152,697774080,21,14931767296
1791660390.807,43.925,indexer,34701459,23346515,11354943,1074192384,1074192384,494829568,567582720,567361536,61440,29,14928986112
1791660390.807,43.925,zebrad,107595200,90746863,16848336,2059120640,2059120640,294354944,1753042944,1680699392,697774080,21,14928986112
1791660391.807,44.925,indexer,35769706,24082084,11687621,1090150400,1090158592,504709120,573612032,573390848,61440,29,14916014080
1791660391.807,44.925,zebrad,109280612,92147804,17132808,2126086144,2126086144,294408192,1819955200,1746472960,705294336,21,14916014080
1791660392.807,45.925,indexer,37336827,25214589,12122237,1252057088,1252057088,659886080,580071424,579850240,61440,30,14752321536
1791660392.807,45.925,zebrad,110937009,93516446,17420563,2188738560,2188738560,294440960,1882202112,1807364096,705294336,21,14752321536
1791660393.808,46.925,indexer,39267920,26635347,12632572,1504944128,1504944128,906031104,586309632,586092544,61440,30,14511263744
1791660393.808,46.925,zebrad,112614602,94951212,17663389,2244050944,2244050944,294748160,1937170432,1861296128,705294336,21,14511263744
1791660394.808,47.925,indexer,41096595,27894330,13202265,2171342848,2178920448,1049731072,1094062080,592318464,8425472,30,14366904320
1791660394.808,47.925,zebrad,114342138,96466720,17875418,2312204288,2312204288,300462080,1999462400,1922420736,705294336,21,14366904320
1791660395.808,48.925,indexer,42018907,28777227,13241680,2174746624,2178920448,1051394048,1094561792,592785408,251695104,30,14357569536
1791660395.808,48.925,zebrad,114539673,96644348,17895325,2319089664,2321186816,300601344,2006302720,1929121792,705294336,21,14357569536
1791660396.808,49.925,indexer,42771615,29506164,13265451,2177368064,2178920448,1053675520,1094930432,593113088,436244480,30,14356992000
1791660396.808,49.925,zebrad,114725063,96812042,17913020,2325381120,2325381120,300666880,2012405760,1935106048,705294336,21,14356992000
1791660397.808,50.925,indexer,43242867,29851128,13391738,2183364608,2183364608,1057091584,1097576448,595759104,501583872,29,14356328448
1791660397.808,50.925,zebrad,115738806,97707169,18031636,2358087680,2358087680,300863488,2044977152,1966944256,705294336,21,14356328448
1791660398.808,51.925,indexer,43825410,30268392,13557018,2191720448,2191720448,1062035456,1101176832,599359488,501583872,29,14362615808
1791660398.808,51.925,zebrad,117007974,98785486,18222487,2393477120,2393477120,301993984,2078883840,1999642624,705294336,21,14362615808
1791660399.808,52.925,indexer,44342127,30643180,13698946,2200600576,2200600576,1067855872,1104035840,602218496,501583872,29,14346821632
1791660399.808,52.925,zebrad,118137945,99788020,18349924,2427293696,2427293696,302366720,2112319488,2032357376,705294336,21,14346821632
1791660400.808,53.926,indexer,44712927,30933662,13779264,2205818880,2205822976,1071259648,1106096128,604278784,501583872,29,14355775488
1791660400.808,53.926,zebrad,118751322,100310869,18440453,2448527360,2448527360,302587904,2133106688,2052706304,705294336,21,14355775488
1791660401.808,54.926,indexer,45414017,31437245,13976771,2215739392,2215743488,1076920320,1110093824,608276480,501583872,29,14338875392
1791660401.808,54.926,zebrad,119779056,101170205,18608851,2487586816,2487586816,302931968,2171981824,2090962944,705294336,21,14338875392
1791660402.808,55.926,indexer,46445241,32180224,14265017,2232197120,2232197120,1087008768,1116151808,614334464,501583872,29,14335598592
1791660402.808,55.926,zebrad,121422956,102580257,18842699,2552508416,2552508416,303263744,2236465152,2154541056,705294336,21,14335598592
1791660403.808,56.926,indexer,47354404,32853333,14501071,2250219520,2250219520,1098362880,1123299328,621481984,501583872,29,14326226944
1791660403.808,56.926,zebrad,123690814,104641406,19049408,2644258816,2644258816,304644096,2326409216,2243133440,705294336,21,14326226944
1791660404.809,57.926,indexer,48368245,33585848,14782396,2264068096,2264072192,1105891328,1129472000,627654656,501583872,29,14312640512
1791660404.809,57.926,zebrad,126076114,106830116,19245997,2760912896,2760912896,307240960,2440486912,2355716096,705294336,21,14312640512
1791660405.809,58.926,indexer,48802727,33901179,14901548,2273472512,2273472512,1111986176,1132617728,630800384,501583872,29,14305312768
1791660405.809,58.926,zebrad,127259255,107926119,19333135,2825662464,2825662464,309923840,2501844992,2416279552,705294336,21,14305312768
1791660406.809,59.926,indexer,49181869,34167316,15014553,2279960576,2279960576,1115680768,1135345664,633528320,501583872,29,14299754496
1791660406.809,59.926,zebrad,128234150,108816954,19417196,2876780544,2876780544,309936128,2552893440,2466734080,705294336,21,14299754496
1791660407.809,60.926,indexer,49580131,34460756,15119375,2285842432,2285862912,1119117312,1137950720,636133376,501583872,29,14301868032
1791660407.809,60.926,zebrad,129256211,109749323,19506888,2931585024,2931830784,310403072,2607239168,2520432640,705294336,21,14301868032
1791660408.809,61.926,indexer,50175433,34880578,15294854,2294149120,2294173696,1123991552,1141440512,639623168,501583872,29,14297391104
1791660408.809,61.926,zebrad,130639349,110989915,19649433,3005247488,3005247488,311164928,2680217600,2592526336,705294336,21,14297391104
1791660409.809,62.927,indexer,50804791,35312771,15492020,2304294912,2304307200,1130598400,1145057280,643244032,501583872,29,14282665984
1791660409.809,62.927,zebrad,132084828,112290012,19794816,3079958528,3079958528,312000512,2753572864,2665046016,705294336,21,14282665984
1791660410.809,63.927,indexer,51910435,36086994,15823441,2324672512,2324672512,1143492608,1152102400,650285056,501583872,29,14276042752
1791660410.809,63.927,zebrad,134337753,114295069,20042684,3196350464,3196350464,312414208,2869137408,2779287552,705294336,21,14276042752
1791660411.809,64.927,indexer,52967060,36822704,16144355,2377465856,2377465856,1174802432,1173549056,671731712,501583872,29,14226800640
1791660411.809,64.927,zebrad,136629739,116350959,20278780,3319033856,3319033856,313528320,2990407680,2899173376,705294336,21,14226800640
1791660412.810,65.927,indexer,54002507,37553261,16449246,2394689536,2394693632,1183969280,1181302784,679485440,501583872,29,14228152320
1791660412.810,65.927,zebrad,138886700,118415828,20470871,3436474368,3436474368,314712064,3106537472,3013914624,705294336,21,14228152320
1791660413.810,66.927,indexer,55085789,38362902,16722887,2413473792,2413473792,1193340928,1190801408,688988160,501583872,29,14218461184
1791660413.810,66.927,zebrad,140923226,120233763,20689462,3557584896,3557584896,315019264,3226947584,3133071360,705294336,21,14218461184
1791660414.810,67.927,indexer,56103743,39116080,16987663,2430287872,2430308352,1202507776,1198624768,696807424,501583872,29,14214119424
1791660414.810,67.927,zebrad,143093394,122208685,20884708,3691802624,3691802624,317431808,3358445568,3263307776,705294336,21,14214119424
1791660415.810,68.927,indexer,57208133,39908290,17299843,2451087360,2451120128,1214955520,1206935552,705126400,501587968,29,14201876480
1791660415.810,68.927,zebrad,144910904,123863813,21047091,3802165248,3802165248,319188992,3466792960,3370577920,705294336,21,14201876480
1791660416.810,69.927,indexer,58597436,40917568,17679867,2473398272,2473414656,1227513856,1216331776,714514432,501587968,29,14179762176
1791660416.810,69.927,zebrad,145806282,124714832,21091449,3865104384,3865104384,321671168,3527188480,3430436864,705294336,21,14179762176
1791660417.810,70.927,indexer,60067319,41985295,18082024,2497789952,2497789952,1242783744,1225691136,723873792,501587968,29,14169739264
1791660417.810,70.927,zebrad,146648775,125519542,21129232,3921203200,3921203200,322740224,3582107648,3484860416,705294336,21,14169739264
1791660418.810,71.927,indexer,61373283,42904702,18468581,2518532096,2518577152,1254928384,1234423808,732606464,501587968,29,14152589312
1791660418.810,71.927,zebrad,147397335,126229926,21167408,3970486272,3970486272,324333568,3629711360,3532038144,705294336,21,14152589312
1791660419.810,72.927,indexer,62657022,43818567,18838454,2540118016,2540371968,1267261440,1243586560,741773312,501587968,29,14123237376
1791660419.810,72.927,zebrad,148202658,126996105,21206553,4026060800,4026060800,325816320,3683356672,3585216512,705294336,21,14123237376
1791660420.810,73.928,indexer,64187042,44888817,19298224,2565476352,2565480448,1282433024,1253675008,751857664,501587968,29,14114930688
1791660420.810,73.928,zebrad,148966729,127720086,21246643,4075606016,4075606016,330280960,3728322560,3629694976,705294336,21,14114930688
1791660421.810,74.928,indexer,65406677,45779142,19627534,2593017856,2593026048,1298386944,1265053696,763236352,501587968,29,14097510400
1791660421.810,74.928,zebrad,149746201,128454285,21291916,4127248384,4127248384,336908288,3773243392,3674091520,705294336,21,14097510400
1791660422.810,75.928,indexer,66542613,46594835,19947778,2613149696,2613166080,1309790208,1273765888,771948544,501587968,29,14064832512
1791660422.810,75.928,zebrad,150458525,129106568,21351956,4199337984,4199337984,356446208,3825836032,3726352384,731713536,21,14064832512
1791660423.810,76.928,indexer,67759435,47468431,20291003,2633265152,2633338880,1320366080,1283461120,781643776,501587968,29,14057644032
1791660423.810,76.928,zebrad,151166571,129738523,21428048,4282863616,4282863616,357367808,3908194304,3808722944,731713536,21,14057644032
1791660424.811,77.928,indexer,69665710,49054723,20610986,2485571584,2642313216,1163546624,1292570624,790753280,501587968,30,14096920576
1791660424.811,77.928,zebrad,151959034,130446416,21512618,4337639424,4337639424,367919104,3952013312,3852529664,731713536,21,14096920576
1791660425.811,78.928,indexer,71832338,50854743,20977594,2525716480,2642313216,1193398272,1302941696,801124352,501587968,30,14081081344
1791660425.811,78.928,zebrad,152953209,131379459,21573749,4346028032,4346028032,373108736,3955445760,3855962112,731713536,21,14081081344
1791660426.811,79.928,indexer,72567978,51280776,21287202,3123044352,3123044352,1225076736,1852141568,803475456,696307712,30,14007861248
1791660426.811,79.928,zebrad,153942793,132306425,21636367,4365201408,4367298560,385478656,3962028032,3862544384,731713536,21,14007861248
1791660427.811,80.928,indexer,72667202,51347679,21319523,3123482624,3123527680,1225093120,1852555264,803876864,906022912,30,14008229888
1791660427.811,80.928,zebrad,154202834,132555241,21647592,4364951552,4367298560,385478656,3962028032,3862683648,731942912,20,14008229888
1791660428.811,81.928,indexer,72971162,51559501,21411661,3127377920,3127406592,1227239424,1853710336,805629952,1048436736,29,14009790464
1791660428.811,81.928,zebrad,154208421,132559887,21648534,4365213696,4367298560,385474560,3962167296,3862683648,731942912,20,14009790464
1791660429.811,82.928,indexer,74462438,52635665,21826773,3147046912,3147046912,1237114880,1864060928,815370240,1048436736,29,14012780544
1791660429.811,82.928,zebrad,154214382,132565133,21649248,4364955648,4367298560,385474560,3962167296,3862683648,731942912,20,14012780544
1791660430.811,83.928,indexer,76376812,54224629,22152182,3165945856,3165986816,1247858688,1871290368,822599680,1048436736,29,14009430016
1791660430.811,83.928,zebrad,154214423,132565169,21649253,4364955648,4367298560,385474560,3962167296,3862683648,731942912,20,14009430016
1791660431.811,84.928,indexer,78290004,55877073,22412931,3180171264,3180175360,1254932480,1878175744,829485056,1048436736,29,14005379072
1791660431.811,84.928,zebrad,154217264,132568010,21649253,4364955648,4367298560,385474560,3962167296,3862683648,731942912,20,14005379072
1791660432.811,85.929,indexer,78693411,56158898,22534512,3184553984,3184586752,1257074688,1880829952,832139264,1048436736,29,14001520640
1791660432.811,85.929,zebrad,154223131,132572917,21650213,4365111296,4367298560,385474560,3962167296,3862683648,731942912,20,14001520640
1791660433.811,86.929,indexer,79344965,56652284,22692681,3195846656,3195891712,1262092288,1886879744,838189056,1048436736,29,13996085248
1791660433.811,86.929,zebrad,154228705,132578269,21650436,4365111296,4367298560,385474560,3962167296,3862683648,731942912,20,13996085248
1791660434.811,87.929,indexer,79699711,56911425,22788285,3200180224,3200225280,1264332800,1889079296,840392704,1048436736,29,13998796800
1791660434.811,87.929,zebrad,154234481,132583216,21651264,4364845056,4367298560,385474560,3962167296,3862683648,731942912,20,13998796800
1791660435.811,88.929,indexer,80201941,57257448,22944492,3207651328,3207716864,1268613120,1892208640,843517952,1048436736,29,14004043776
1791660435.811,88.929,zebrad,154239596,132588033,21651562,4364845056,4367298560,385478656,3962167296,3862683648,731942912,20,14004043776
1791660436.812,89.929,indexer,80935943,57802157,23133786,3216842752,3216896000,1272983552,1896960000,848269312,1048436736,29,14061510656
1791660436.812,89.929,zebrad,154245806,132594243,21651562,4366815232,4368912384,387448832,3962167296,3862683648,731942912,20,14061510656
1791660437.812,90.929,indexer,81776515,58416186,23360328,3229102080,3229163520,1279598592,1902620672,853929984,1048436736,29,14057775104
1791660437.812,90.929,zebrad,154250927,132598456,21652471,4366815232,4368912384,387448832,3962167296,3862683648,731942912,20,14057775104
1791660438.812,91.929,indexer,82387884,58866964,23520920,3238064128,3238113280,1284493312,1906589696,857899008,1048436736,29,14056452096
1791660438.812,91.929,zebrad,154256241,132602587,21653654,4366811136,4368912384,387448832,3962167296,3862683648,731942912,20,14056452096
1791660439.812,92.929,indexer,83159676,59442951,23716724,3251183616,3251187712,1288687616,1915723776,867033088,1048436736,29,14052814848
1791660439.812,92.929,zebrad,154261628,132605784,21655844,4367073280,4368912384,387448832,3962167296,3862683648,731942912,20,14052814848
1791660440.812,93.929,indexer,84607689,60532615,24075074,3272556544,3272556544,1297252352,1928220672,879529984,1048436736,29,14045769728
1791660440.812,93.929,zebrad,154268099,132610472,21657627,4367257600,4368912384,387448832,3962167296,3862683648,731942912,20,14045769728
1791660441.812,94.929,indexer,85947227,61518857,24428369,3289714688,3289788416,1305935872,1936863232,888172544,1048436736,29,14041059328
1791660441.812,94.929,zebrad,154274565,132616870,21657695,4367257600,4368912384,387448832,3962167296,3862683648,731942912,20,14041059328
1791660442.812,95.929,indexer,87004039,62267826,24736213,3305340928,3305345024,1314607104,1943494656,894803968,1048436736,29,14032232448
1791660442.812,95.929,zebrad,154280188,132620130,21660058,4366987264,4368912384,387448832,3962167296,3862683648,731942912,20,14032232448
1791660443.812,96.930,indexer,88010080,62986398,25023682,3318759424,3318861824,1321660416,1950134272,901443584,1048436736,29,14023290880
1791660443.812,96.930,zebrad,154286124,132624358,21661765,4367249408,4368912384,387461120,3962167296,3862683648,731942912,20,14023290880
1791660444.812,97.930,indexer,88204013,63127350,25076663,3325120512,3325173760,1323397120,1954574336,905895936,1048436736,29,14021853184
1791660444.812,97.930,zebrad,154291500,132628105,21663394,4367245312,4368912384,387461120,3962167296,3862683648,731942912,20,14021853184
1791660445.812,98.930,indexer,88310345,63202241,25108103,3328794624,3328802816,1325502464,1955938304,907247616,1048436736,29,14021218304
1791660445.812,98.930,zebrad,154296958,132632500,21664458,4367245312,4368912384,387461120,3962167296,3862683648,731942912,20,14021218304
1791660446.813,99.930,indexer,88681257,63469146,25212111,3335946240,3335946240,1327677440,1961058304,912367616,1048436736,29,14021705728
1791660446.813,99.930,zebrad,154302733,132638164,21664569,4367241216,4368912384,387461120,3962167296,3862683648,731942912,20,14021705728
1791660447.813,100.930,indexer,88995366,63695179,25300187,3338747904,3338817536,1327824896,1963745280,915054592,1048436736,29,14021947392
1791660447.813,100.930,zebrad,154307897,132643022,21664874,4369268736,4371124224,389488640,3962167296,3862683648,731942912,20,14021947392
1791660448.813,101.930,indexer,89016753,63710600,25306153,3339255808,3339255808,1327824896,1963745280,915124224,1048436736,29,14020276224
1791660448.813,101.930,zebrad,154313681,132647557,21666123,4369268736,4371124224,389488640,3962167296,3862683648,731942912,20,14020276224
1791660449.813,102.930,indexer,89098124,63771461,25326662,3342000128,3342004224,1330302976,1964224512,915591168,1048436736,29,14018383872
1791660449.813,102.930,zebrad,154318851,132652727,21666123,4369207296,4371124224,389488640,3962167296,3862683648,731942912,20,14018383872
1791660450.813,103.930,indexer,89624306,64145199,25479107,3347320832,3347402752,1332658176,1967575040,918884352,1048436736,29,14018965504
1791660450.813,103.930,zebrad,154324060,132657162,21666897,4369207296,4371124224,389488640,3962167296,3862683648,731942912,20,14018965504
1791660451.813,104.930,indexer,89726896,64223654,25503241,3347984384,3348045824,1332674560,1967800320,919388160,1048436736,29,14018326528
1791660451.813,104.930,zebrad,154329628,132662730,21666897,4369207296,4371124224,389488640,3962167296,3862683648,731942912,20,14018326528
1791660452.813,105.930,indexer,90767555,64991190,25776365,3363512320,3363540992,1341390848,1974849536,926158848,1048436736,29,14011957248
1791660452.813,105.930,zebrad,154336414,132669516,21666897,4369444864,4371124224,389488640,3962167296,3862683648,731942912,20,14011957248
1791660453.813,106.931,indexer,92649234,66347117,26302117,3389419520,3389423616,1354473472,1987825664,939134976,1048440832,29,14004969472
1791660453.813,106.931,zebrad,154344073,132675310,21668762,4369707008,4371124224,389885952,3962167296,3862683648,731942912,20,14004969472
1791660454.813,107.931,indexer,94183071,67603492,26579578,3421290496,3421290496,1374478336,1999548416,950857728,1048440832,29,13979582464
1791660454.813,107.931,zebrad,154349602,132680840,21668762,4369702912,4371124224,389885952,3962167296,3862683648,731942912,20,13979582464
1791660455.813,108.931,indexer,94767892,68174856,26593036,3435184128,3435184128,1382334464,2005377024,956686336,1048440832,29,13963210752
1791660455.813,108.931,zebrad,154355458,132685500,21669957,4369702912,4371124224,389885952,3962167296,3862683648,731942912,20,13963210752
1791660456.813,109.931,indexer,95366589,68769778,26596810,3459723264,3460087808,1401245696,2011095040,962404352,1048440832,29,13940920320
1791660456.813,109.931,zebrad,154360611,132690209,21670401,4369702912,4371124224,389885952,3962167296,3862683648,731942912,20,13940920320
1791660457.814,110.931,indexer,96342685,69745742,26596943,3481096192,3481239552,1420038144,2013782016,965091328,1048440832,29,13918830592
1791660457.814,110.931,zebrad,154366775,132696348,21670427,4369698816,4371800064,389898240,3962167296,3862683648,731942912,20,13918830592
1791660458.814,111.931,indexer,97226448,70612384,26614064,3499442176,3499442176,1438347264,2013941760,965251072,1048440832,29,13905281024
1791660458.814,111.931,zebrad,154372687,132701553,21671134,4369698816,4371800064,389898240,3962167296,3862683648,731942912,20,13905281024
1791660459.814,112.931,indexer,98080893,71419126,26661767,3514671104,3514671104,1452548096,2014654464,965963776,1048440832,29,13905211392
1791660459.814,112.931,zebrad,154378935,132706626,21672308,4369575936,4371800064,389898240,3962167296,3862683648,731942912,20,13905211392
1791660460.814,113.931,indexer,98735508,72008311,26727196,3528110080,3528110080,1464696832,2015866880,967176192,1048440832,29,13896675328
1791660460.814,113.931,zebrad,154384100,132711487,21672613,4369575936,4371800064,389898240,3962167296,3862683648,731942912,20,13896675328
1791660461.814,114.931,indexer,99332526,72555101,26777424,3537285120,3537285120,1472991232,2016792576,968101888,1048440832,29,13885063168
1791660461.814,114.931,zebrad,154389695,132715142,21674553,4369833984,4371800064,389898240,3962167296,3862683648,731942912,20,13885063168
1791660462.814,115.931,indexer,100355308,73526338,26828970,3546619904,3546619904,1481195520,2017796096,969105408,1048440832,29,13872070656
1791660462.814,115.931,zebrad,154395602,132720919,21674682,4370079744,4371800064,389898240,3962167296,3862683648,731942912,20,13872070656
1791660463.814,116.931,indexer,101574663,74664510,26910152,3556270080,3556298752,1489035264,2019864576,971173888,1048440832,29,13871919104
1791660463.814,116.931,zebrad,154401529,132725857,21675672,4370079744,4371800064,389898240,3962167296,3862683648,731942912,20,13871919104
1791660464.814,117.932,indexer,103138528,75799646,27338881,3575468032,3575615488,1500229632,2027888640,979197952,1048440832,29,13865504768
1791660464.814,117.932,zebrad,154407522,132731708,21675813,4370079744,4371800064,389898240,3962167296,3862683648,731942912,20,13865504768
1791660465.814,118.932,indexer,104682912,77047590,27635321,3597504512,3597615104,1514979328,2034950144,986259456,1048440832,29,13852332032
1791660465.814,118.932,zebrad,154413812,132737955,21675856,4370079744,4371800064,389898240,3962167296,3862683648,731942912,20,13852332032
1791660466.814,119.932,indexer,106714328,78713685,28000643,3440087040,3611254784,1349550080,2043408384,994725888,1048440832,30,14029688832
1791660466.814,119.932,zebrad,154420432,132744485,21675946,4370079744,4371800064,389898240,3962167296,3862683648,731942912,20,14029688832
1791660467.814,120.932,indexer,109337726,80962634,28375091,3489345536,3611254784,1389359104,2052427776,1003737088,1048440832,30,13976338432
1791660467.814,120.932,zebrad,154426918,132750971,21675946,4369866752,4372176896,389902336,3962167296,3862683648,731942912,20,13976338432
1791660468.815,121.932,indexer,111116201,82232603,28883597,4154703872,4154773504,1409347584,2679447552,1009729536,1132531712,30,13940846592
1791660468.815,121.932,zebrad,154432958,132756076,21676882,4370124800,4372176896,389902336,3962167296,3862683648,731942912,20,13940846592
1791660469.815,122.932,indexer,111209536,82304294,28905241,4155367424,4155404288,1409347584,2679795712,1010065408,1308692480,30,13941202944
1791660469.815,122.932,zebrad,154438475,132758667,21679808,4370112512,4372176896,389902336,3962167296,3862683648,731942912,20,13941202944
1791660470.815,123.932,indexer,112167791,83216859,28950931,4156981248,4156985344,1409347584,2680238080,1010483200,1526796288,30,13940879360
1791660470.815,123.932,zebrad,154438630,132758800,21679829,4369858560,4372176896,389902336,3962167296,3862683648,731942912,20,13940879360
1791660471.815,124.932,indexer,113378121,84320476,29057645,4161761280,4161798144,1412079616,2681958400,1012617216,1669468160,29,13938671616
1791660471.815,124.932,zebrad,154441516,132761686,21679829,4369596416,4372176896,389902336,3962167296,3862683648,731942912,20,13938671616
1791660472.815,125.932,indexer,114541187,85178049,29363138,4176138240,4176138240,1420328960,2688794624,1019027456,1669468160,29,13938073600
1791660472.815,125.932,zebrad,154447036,132766709,21680327,4369858560,4372176896,389902336,3962167296,3862683648,731942912,20,13938073600
1791660473.815,126.932,indexer,115626013,85969127,29656885,4188721152,4188721152,1426657280,2694782976,1025015808,1669468160,29,13933563904
1791660473.815,126.932,zebrad,154452986,132772658,21680327,4369854464,4372176896,389902336,3962167296,3862683648,731942912,20,13933563904
1791660474.815,127.932,indexer,116356784,86541633,29815150,4196323328,4196323328,1430851584,2698391552,1028624384,1669468160,29,13930582016
1791660474.815,127.932,zebrad,154458294,132776211,21682082,4369854464,4372176896,389902336,3962167296,3862683648,731942912,20,13930582016
1791660475.815,128.933,indexer,117551298,87431460,30119837,4211781632,4211814400,1439240192,2705231872,1035464704,1669468160,29,13928210432
1791660475.815,128.933,zebrad,154464370,132781417,21682952,4369588224,4372176896,389902336,3962167296,3862683648,731942912,20,13928210432
1791660476.815,129.933,indexer,118347886,88005120,30342766,4220354560,4220424192,1443434496,2709794816,1040027648,1669468160,29,13921431552
1791660476.815,129.933,zebrad,154470170,132786963,21683207,4369584128,4372176896,389902336,3962167296,3862683648,731942912,20,13921431552
1791660477.815,130.933,indexer,119559864,88875508,30684356,4235763712,4235788288,1451823104,2716729344,1046962176,1669468160,29,13899124736
1791660477.815,130.933,zebrad,154476092,132791756,21684335,4369981440,4372176896,390037504,3962167296,3862683648,731942912,20,13899124736
1791660478.815,131.933,indexer,120242919,89380139,30862779,4246446080,4246556672,1458757632,2720518144,1050750976,1669468160,29,13894512640
1791660478.815,131.933,zebrad,154481450,132796625,21684825,4369981440,4372176896,390037504,3962167296,3862683648,731942912,20,13894512640
1791660479.816,132.933,indexer,121318135,90164512,31153622,4260839424,4260843520,1467146240,2726551552,1056784384,1669468160,29,13888143360
1791660479.816,132.933,zebrad,154486727,132800584,21686143,4369981440,4372176896,390037504,3962167296,3862683648,731942912,20,13888143360
1791660480.816,133.933,indexer,122236249,90850709,31385540,4270174208,4270235648,1471348736,2731663360,1061896192,1669468160,29,13881028608
1791660480.816,133.933,zebrad,154492985,132806383,21686601,4369981440,4372176896,390037504,3962167296,3862683648,731942912,20,13881028608
1791660481.816,134.933,indexer,123564139,91818236,31745903,4286140416,4286177280,1479737344,2739060736,1069297664,1669468160,29,13878452224
1791660481.816,134.933,zebrad,154499112,132810916,21688196,4369981440,4372176896,390037504,3962167296,3862683648,731942912,20,13878452224
1791660482.816,135.933,indexer,124890796,92755895,32134901,4302176256,4302192640,1488142336,2746437632,1076674560,1669468160,29,13871898624
1791660482.816,135.933,zebrad,154505325,132817097,21688228,4369981440,4372176896,390037504,3962167296,3862683648,731942912,20,13871898624
1791660483.816,136.933,indexer,125820675,93438138,32382537,4313829376,4313837568,1494437888,2751696896,1081933824,1669468160,29,13868797952
1791660483.816,136.933,zebrad,154512984,132821809,21691174,4369977344,4372176896,390037504,3962167296,3862683648,731942912,20,13868797952
1791660484.816,137.933,indexer,127189376,94466877,32722499,4329259008,4329259008,1502826496,2758754304,1088987136,1669468160,29,13859299328
1791660484.816,137.933,zebrad,154519105,132827770,21691334,4369924096,4372176896,390074368,3962167296,3862683648,731942912,20,13859299328
1791660485.816,138.934,indexer,128439932,95364853,33075078,4344430592,4344508416,1511215104,2765824000,1096056832,1669468160,29,13856608256
1791660485.816,138.934,zebrad,154525118,132833779,21691338,4369924096,4372176896,390074368,3962167296,3862683648,731942912,20,13856608256
1791660486.816,139.934,indexer,129507754,96133438,33374316,4357025792,4357025792,1517510656,2771779584,1102012416,1669468160,29,13850202112
1791660486.816,139.934,zebrad,154530505,132837255,21693249,4369920000,4372176896,390074368,3962167296,3862683648,731942912,20,13850202112
1791660487.816,140.934,indexer,130063855,96521756,33542098,4364447744,4364447744,1521704960,2774908928,1105141760,1669472256,29,13846441984
1791660487.816,140.934,zebrad,154536114,132842200,21693913,4369915904,4372176896,390074368,3962167296,3862683648,731942912,20,13846441984
1791660488.816,141.934,indexer,130591035,96917975,33673060,4371001344,4371001344,1525911552,2777800704,1108033536,1669472256,29,13825089536
1791660488.816,141.934,zebrad,154541449,132847206,21694243,4370178048,4372176896,390074368,3962167296,3862683648,731942912,20,13825089536
1791660489.817,142.934,indexer,131076325,97273082,33803242,4375977984,4375977984,1528008704,2780463104,1110695936,1669472256,29,13825101824
1791660489.817,142.934,zebrad,154546879,132850720,21696159,4370178048,4372176896,390074368,3962167296,3862683648,731942912,20,13825101824
1791660490.817,143.934,indexer,132044475,97995178,34049297,4387770368,4387770368,1534300160,2785832960,1116065792,1669472256,29,13816254464
1791660490.817,143.934,zebrad,154552928,132855762,21697165,4370178048,4372176896,390074368,3962167296,3862683648,731942912,20,13816254464
1791660491.817,144.934,indexer,133209001,98813061,34395940,4402511872,4402540544,1542709248,2792386560,1122619392,1669472256,29,13812547584
1791660491.817,144.934,zebrad,154559167,132862001,21697165,4370178048,4372176896,390074368,3962167296,3862683648,731942912,20,13812547584
1791660492.817,145.934,indexer,134048675,99436484,34612190,4411342848,4411424768,1546915840,2796900352,1127133184,1669472256,29,13809876992
1791660492.817,145.934,zebrad,154565065,132867018,21698047,4369915904,4372176896,390074368,3962167296,3862683648,731942912,20,13809876992
1791660493.817,146.934,indexer,135949255,100815516,35133739,4435222528,4435292160,1559887872,2807738368,1137971200,1669472256,29,13797523456
1791660493.817,146.934,zebrad,154571399,132871168,21700230,4370178048,4372176896,390074368,3962167296,3862683648,731942912,20,13797523456
1791660494.817,147.935,indexer,137764534,102358375,35406159,4271759360,4443295744,1390338048,2814210048,1144442880,1669472256,30,13967282176
1791660494.817,147.935,zebrad,154577504,132876399,21701104,4370178048,4372176896,390074368,3962167296,3862683648,731942912,20,13967282176
1791660495.817,148.935,indexer,140102245,104333531,35768714,4431511552,4443295744,1404186624,2955943936,1151950848,1669472256,30,13960466432
1791660495.817,148.935,zebrad,154583497,132879260,21704237,4370178048,4372176896,390074368,3962167296,3862683648,731942912,20,13960466432
1791660496.817,149.935,indexer,140931918,104842784,36089133,4915994624,4916002816,1404768256,3425017856,1153953792,1817141248,30,13949116416
1791660496.817,149.935,zebrad,154589063,132884826,21704237,4370169856,4372176896,390074368,3962167296,3862683648,731942912,20,13949116416
1791660497.817,150.935,indexer,142063334,105928172,36135162,4919054336,4919296000,1407361024,3425509376,1154433024,2018467840,30,13948366848
1791660497.817,150.935,zebrad,154589158,132884920,21704237,4369932288,4372176896,390074368,3962167296,3862683648,731942912,20,13948366848
1791660498.817,151.935,indexer,142428033,106245265,36182768,4919754752,4919799808,1407361024,3425955840,1154854912,2194628608,30,13938393088
1791660498.817,151.935,zebrad,154595190,132889994,21705196,4370849792,4372893696,390729728,3962167296,3862683648,731942912,20,13938393088
1791660499.818,152.935,indexer,142492126,106290315,36201810,4919922688,4919926784,1407361024,3426193408,1155092480,2301050880,30,13938561024
1791660499.818,152.935,zebrad,154600304,132893952,21706351,4370849792,4372893696,390729728,3962167296,3862683648,731942912,20,13938561024
1791660500.818,153.935,indexer,143839436,107276624,36562812,4936011776,4936097792,1415749632,3433779200,1162678272,2301050880,29,13928407040
1791660500.818,153.935,zebrad,154606511,132899131,21707379,4370845696,4372893696,390729728,3962167296,3862683648,731942912,20,13928407040
1791660501.818,154.935,indexer,144190082,107544301,36645781,4939857920,4939902976,1417846784,3435651072,1164550144,2301050880,29,13928329216
1791660501.818,154.935,zebrad,154611823,132903540,21708282,4370845696,4372893696,390729728,3962167296,3862683648,731942912,20,13928329216
1791660502.818,155.935,indexer,145383177,108479403,36903773,4954685440,4954685440,1426092032,3442257920,1171156992,2301050880,29,13924474880
1791660502.818,155.935,zebrad,154618147,132909676,21708470,4370841600,4372893696,390729728,3962167296,3862683648,731942912,20,13924474880
1791660503.818,156.935,indexer,146678387,109424569,37253818,4970414080,4970414080,1434480640,3449495552,1178398720,2301050880,29,13920366592
1791660503.818,156.935,zebrad,154623965,132915237,21708727,4370837504,4372893696,390729728,3962167296,3862683648,731942912,20,13920366592
1791660504.818,157.935,indexer,147178293,109802867,37375426,4975394816,4975394816,1436577792,3452071936,1180975104,2301050880,29,13916774400
1791660504.818,157.935,zebrad,154629286,132918377,21710908,4370837504,4372893696,390729728,3962167296,3862683648,731942912,20,13916774400
1791660505.818,158.936,indexer,148543278,110792391,37750886,4991143936,4991148032,1444966400,3459534848,1188433920,2301050880,29,13914660864
1791660505.818,158.936,zebrad,154634535,132922452,21712082,4370919424,4372893696,390729728,3962167296,3862683648,731942912,20,13914660864
1791660506.818,159.936,indexer,149928950,111800098,38128852,5007147008,5007167488,1453355008,3467116544,1196019712,2301050880,29,13902036992
1791660506.818,159.936,zebrad,154641560,132927616,21713943,4370915328,4372893696,390729728,3962167296,3862683648,731942912,20,13902036992
1791660507.818,160.936,indexer,151122554,112685672,38436881,5022056448,5022081024,1461743616,3473674240,1202573312,2301050880,29,13893607424
1791660507.818,160.936,zebrad,154647014,132932865,21714149,4370911232,4372893696,390729728,3962167296,3862683648,731942912,20,13893607424
1791660508.818,161.936,indexer,151980169,113309532,38670636,5030821888,5030924288,1465937920,3477958656,1207099392,2301050880,29,13881376768
1791660508.818,161.936,zebrad,154653582,132939432,21714149,4371038208,4373016576,390885376,3962167296,3862683648,731942912,20,13881376768
1791660509.819,162.936,indexer,153469674,114429264,39040410,5052559360,5052559360,1479532544,3486167040,1215070208,2301050880,29,13873340416
1791660509.819,162.936,zebrad,154659940,132943942,21715998,4370571264,4373016576,390885376,3962167296,3862683648,731942912,20,13873340416
1791660510.819,163.936,indexer,154518212,115224946,39293265,5064617984,5064617984,1485824000,3491938304,1220841472,2301050880,29,13868666880
1791660510.819,163.936,zebrad,154665789,132948952,21716836,4371091456,4373016576,390885376,3962167296,3862683648,731942912,20,13868666880
1791660511.819,164.936,indexer,155289874,115790511,39499363,5073530880,5073530880,1490018304,3496439808,1225338880,2301050880,29,13866631168
1791660511.819,164.936,zebrad,154671195,132954358,21716836,4370825216,4373016576,390885376,3962167296,3862683648,731942912,20,13866631168
1791660512.819,165.936,indexer,156387998,116600541,39787456,5087727616,5087727616,1498406912,3502542848,1231441920,2301050880,29,13852717056
1791660512.819,165.936,zebrad,154676980,132960112,21716868,4370825216,4373016576,390885376,3962167296,3862683648,731942912,20,13852717056
1791660513.819,166.936,indexer,157854899,117673402,40181497,5103984640,5103984640,1506795520,3510190080,1239089152,2301050880,29,13852229632
1791660513.819,166.936,zebrad,154685031,132967295,21717735,4370829312,4373016576,390885376,3962167296,3862683648,731942912,20,13852229632
1791660514.819,167.936,indexer,159515069,118925960,40589108,5120380928,5120487424,1515188224,3518103552,1247334400,2301050880,29,13843853312
1791660514.819,167.936,zebrad,154691133,132972803,21718329,4370829312,4373016576,390885376,3962167296,3862683648,731942912,20,13843853312
1791660515.819,168.936,indexer,161239283,120213459,41025824,5142646784,5142683648,1527771136,3527897088,1256796160,2301050880,29,13831417856
1791660515.819,168.936,zebrad,154696596,132976345,21720250,4370829312,4373016576,390885376,3962167296,3862683648,731942912,20,13831417856
1791660516.819,169.937,indexer,162943642,121471426,41472216,5162835968,5162835968,1538256896,3537420288,1266319360,2301050880,29,13818785792
1791660516.819,169.937,zebrad,154702332,132982081,21720250,4370829312,4373016576,390885376,3962167296,3862683648,731942912,20,13818785792
1791660517.819,170.937,indexer,164879848,122926442,41953405,5185662976,5185691648,1550839808,3547942912,1276841984,2301050880,29,13805772800
1791660517.819,170.937,zebrad,154708268,132988017,21720250,4371091456,4373016576,390885376,3962167296,3862683648,731942912,20,13805772800
1791660518.819,171.937,indexer,166072258,124084477,41987780,5186191360,5186297856,1550839808,3547942912,1277493248,2301050880,29,13794549760
1791660518.819,171.937,zebrad,154714442,132993908,21720534,4371865600,4373962752,391675904,3962167296,3862683648,731942912,20,13794549760
1791660519.819,172.937,indexer,167235035,124979603,42255431,5198233600,5198430208,1557131264,3554402304,1283309568,2301050880,29,13788618752
1791660519.819,172.937,zebrad,154719501,132998817,21720684,4371865600,4373962752,391675904,3962167296,3862683648,731942912,20,13788618752
1791660520.820,173.937,indexer,168041662,125566758,42474904,5210292224,5210292224,1564639232,3558621184,1287520256,2301050880,29,13787807744
1791660520.820,173.937,zebrad,154725272,133004587,21720684,4371861504,4373962752,391675904,3962167296,3862683648,731942912,20,13787807744
1791660521.820,174.937,indexer,169137985,126443134,42694850,5048479744,5222350848,1398255616,3563425792,1292324864,2301050880,30,13947924480
1791660521.820,174.937,zebrad,154730527,133009118,21721409,4371857408,4373962752,391675904,3962167296,3862683648,731942912,20,13947924480
1791660522.820,175.937,indexer,170652343,127847056,42805287,5051150336,5222350848,1398255616,3566002176,1294901248,2301050880,30,13949980672
1791660522.820,175.937,zebrad,154736678,133013530,21723147,4371628032,4373962752,391675904,3962167296,3862683648,731942912,20,13949980672
1791660523.820,176.937,indexer,172615736,129192626,43423109,5708963840,5708963840,1411973120,4192006144,1301676032,2371776512,30,13921890304
1791660523.820,176.937,zebrad,154742703,133017416,21725287,4371628032,4373962752,391675904,3962167296,3862683648,731942912,20,13921890304
1791660524.820,177.937,indexer,172723211,129268313,43454898,5709373440,5709373440,1411973120,4192444416,1302093824,2571747328,30,13922185216
1791660524.820,177.937,zebrad,154748351,133021116,21727234,4371877888,4373962752,391675904,3962167296,3862683648,731942912,20,13922185216
1791660525.820,178.937,indexer,172850079,129349587,43500492,5711994880,5711994880,1414070272,4192989184,1302622208,2781462528,30,13922672640
1791660525.820,178.937,zebrad,154753421,133025895,21727526,4371873792,4373962752,391675904,3962167296,3862683648,731942912,20,13922672640
1791660526.820,179.937,indexer,172947844,129413723,43534120,5712515072,5712515072,1414070272,4193337344,1302945792,2995408896,30,13922811904
1791660526.820,179.937,zebrad,154758807,133031084,21727722,4371865600,4373962752,391675904,3962167296,3862683648,731942912,20,13922811904
1791660527.820,180.938,indexer,174813840,130844308,43969532,5734010880,5734010880,1425608704,4203327488,1312935936,2995408896,29,13914726400
1791660527.820,180.938,zebrad,154764759,133036900,21727858,4371603456,4373962752,391675904,3962167296,3862683648,731942912,20,13914726400
1791660528.820,181.938,indexer,176171306,132046944,44124362,5741395968,5741395968,1428701184,4206637056,1316245504,2995408896,29,13915295744
1791660528.820,181.938,zebrad,154770406,133041457,21728948,4371861504,4373962752,391675904,3962167296,3862683648,731942912,20,13915295744
1791660529.820,182.938,indexer,177742790,133481406,44261384,5750292480,5750292480,1434370048,4209831936,1319440384,2995408896,29,13905248256
1791660529.820,182.938,zebrad,154776254,133047306,21728948,4371853312,4373962752,391675904,3962167296,3862683648,731942912,20,13905248256
1791660530.820,183.938,indexer,178424582,134016995,44407586,5755928576,5755985920,1436467200,4213243904,1322852352,2995408896,29,13902114816
1791660530.820,183.938,zebrad,154781270,133051339,21729930,4371845120,4373962752,391675904,3962167296,3862683648,731942912,20,13902114816
1791660531.821,184.938,indexer,179954132,135190782,44763350,5770981376,5771243520,1444855808,4220096512,1329704960,2995408896,29,13895073792
1791660531.821,184.938,zebrad,154787218,133056155,21731063,4371607552,4373962752,391675904,3962167296,3862683648,731942912,20,13895073792
1791660532.821,185.938,indexer,181040705,136012086,45028619,5783146496,5783171072,1451245568,4225736704,1335345152,2995408896,29,13884989440
1791660532.821,185.938,zebrad,154792961,133061652,21731309,4371648512,4373962752,391675904,3962167296,3862683648,731942912,20,13884989440
1791660533.821,186.938,indexer,182000727,136710763,45289963,5794619392,5794889728,1457537024,4231032832,1340641280,2995408896,29,13877362688
1791660533.821,186.938,zebrad,154799231,133064890,21734340,4371640320,4373962752,391675904,3962167296,3862683648,731942912,20,13877362688
1791660534.821,187.938,indexer,182579159,137128209,45450949,5802180608,5802242048,1461731328,4234149888,1343758336,2995408896,29,13877112832
1791660534.821,187.938,zebrad,154804808,133069527,21735280,4371640320,4373962752,391675904,3962167296,3862683648,731942912,20,13877112832
1791660535.821,188.938,indexer,183374015,137721215,45652800,5810978816,5810978816,1465925632,4238561280,1348169728,2995408896,29,13876383744
1791660535.821,188.938,zebrad,154810656,133073540,21737116,4371640320,4373962752,391675904,3962167296,3862683648,731942912,20,13876383744
1791660536.821,189.938,indexer,184518712,138578709,45940002,5825921024,5825921024,1474711552,4244844544,1354452992,2995408896,29,13862010880
1791660536.821,189.938,zebrad,154817104,133078209,21738895,4371640320,4373962752,391675904,3962167296,3862683648,731942912,20,13862010880
1791660537.821,190.938,indexer,185651836,139418002,46233833,5839028224,5839028224,1481408512,4251353088,1360961536,2995408896,29,13863010304
1791660537.821,190.938,zebrad,154823248,133083613,21739635,4371640320,4373962752,391675904,3962167296,3862683648,731942912,20,13863010304
1791660538.821,191.939,indexer,186434158,140005287,46428871,5850136576,5850161152,1487884288,4255834112,1365442560,2995408896,29,13856722944
1791660538.821,191.939,zebrad,154828557,133088921,21739635,4371640320,4373962752,391675904,3962167296,3862683648,731942912,20,13856722944
1791660539.821,192.939,indexer,187347016,140631913,46715102,5860057088,5860065280,1492246528,4261224448,1370832896,2995408896,29,13846241280
1791660539.821,192.939,zebrad,154833846,133092969,21740877,4372410368,4374503424,392450048,3962167296,3862683648,731942912,20,13846241280
1791660540.821,193.939,indexer,188366939,141362022,47004917,5874188288,5874266112,1500815360,4267266048,1376874496,2995408896,29,13840482304
1791660540.821,193.939,zebrad,154840134,133098217,21741917,4372410368,4374503424,392450048,3962167296,3862683648,731942912,20,13840482304
1791660541.822,194.939,indexer,189810424,142399253,47411171,5891858432,5891956736,1509777408,4275929088,1385541632,2995408896,29,13834989568
1791660541.822,194.939,zebrad,154845678,133103542,21742136,4372402176,4374503424,392450048,3962167296,3862683648,731942912,20,13834989568
1791660542.822,195.939,indexer,191649444,143793048,47856396,5918466048,5918470144,1522860032,4288905216,1398513664,2995408896,29,13823713280
1791660542.822,195.939,zebrad,154852655,133109662,21742992,4372131840,4374503424,392450048,3962167296,3862683648,731942912,20,13823713280
1791660543.822,196.939,indexer,192965804,144769237,48196567,5936431104,5936463872,1531781120,4298063872,1407676416,2995408896,29,13814808576
1791660543.822,196.939,zebrad,154860552,133116713,21743838,4372393984,4374503424,392450048,3962167296,3862683648,731942912,20,13814808576
1791660544.822,197.939,indexer,194642382,146041449,48600933,5959479296,5959491584,1542832128,4310052864,1419661312,2995408896,29,13800824832
1791660544.822,197.939,zebrad,154866759,133122920,21743838,4372389888,4374503424,392450048,3962167296,3862683648,731942912,20,13800824832
1791660545.822,198.939,indexer,196056175,147108145,48948030,5979090944,5979144192,1551499264,4321157120,1430765568,2995408896,29,13791858688
1791660545.822,198.939,zebrad,154872759,133128920,21743838,4372385792,4374503424,392450048,3962167296,3862683648,731942912,20,13791858688
1791660546.822,199.939,indexer,196935111,147773437,49161673,5989298176,5989314560,1556008960,4326543360,1436151808,2995408896,29,13791137792
1791660546.822,199.939,zebrad,154878331,133131665,21746666,4372377600,4374503424,392450048,3962167296,3862683648,731942912,20,13791137792
1791660547.822,200.939,indexer,197558607,148230234,49328373,5997088768,5997195264,1560313856,4330213376,1439821824,2995408896,29,13787750400
1791660547.822,200.939,zebrad,154883658,133136664,21746994,4372377600,4374503424,392450048,3962167296,3862683648,731942912,20,13787750400
1791660548.822,201.940,indexer,198186557,148688776,49497780,6005116928,6005116928,1564606464,4333813760,1443422208,2995408896,29,13778448384
1791660548.822,201.940,zebrad,154890153,133143159,21746994,4372377600,4374503424,392450048,3962167296,3862683648,731942912,20,13778448384
1791660549.822,202.940,indexer,200139510,150178608,49960902,6031208448,6031216640,1577578496,4347011072,1456619520,2995408896,29,13751332864
1791660549.822,202.940,zebrad,154896101,133148042,21748058,4372664320,4374761472,392736768,3962167296,3862683648,731942912,20,13751332864
1791660550.822,203.940,indexer,202587780,152220325,50367454,5879263232,6035365888,1415290880,4357586944,1467195392,2995408896,30,13910601728
1791660550.822,203.940,zebrad,154901853,133153794,21748058,4372664320,4374761472,392736768,3962167296,3862683648,731942912,20,13910601728
1791660551.822,204.940,indexer,204670141,153938617,50731524,6101520384,6101520384,1422704640,4566093824,1474494464,2995408896,30,13897281536
1791660551.822,204.940,zebrad,154907294,133158347,21748947,4372398080,4374761472,392736768,3962167296,3862683648,731942912,20,13897281536
1791660552.823,205.940,indexer,205110924,154126526,50984398,6501789696,6501789696,1424801792,4953026560,1476124672,3012296704,30,13893541888
1791660552.823,205.940,zebrad,154912748,133163735,21749013,4372398080,4374761472,392736768,3962167296,3862683648,731942912,20,13893541888
1791660553.823,206.940,indexer,205315809,154244189,51071619,6502719488,6502719488,1424801792,4953976832,1477062656,3202338816,30,13893959680
1791660553.823,206.940,zebrad,154918809,133168787,21750021,4372660224,4374761472,392736768,3962167296,3862683648,731942912,20,13893959680
1791660554.823,207.940,indexer,205452496,154339506,51112989,6503759872,6503759872,1424801792,4954673152,1477746688,3403669504,30,13894684672
1791660554.823,207.940,zebrad,154923863,133172835,21751028,4372656128,4374761472,392736768,3962167296,3862683648,731942912,20,13894684672
1791660555.823,208.940,indexer,206462621,155308185,51154436,6507425792,6507429888,1426898944,4955480064,1478553600,3579830272,30,13895188480
1791660555.823,208.940,zebrad,154923890,133172858,21751031,4372656128,4374761472,392736768,3962167296,3862683648,731942912,20,13895188480
1791660556.823,209.940,indexer,207703453,156394449,51309003,6512918528,6512988160,1428996096,4958851072,1481924608,3709198336,29,13897637888
1791660556.823,209.940,zebrad,154926439,133175329,21751109,4372652032,4374761472,392736768,3962167296,3862683648,731942912,20,13897637888
1791660557.823,210.940,indexer,208807091,157202411,51604679,6526255104,6526275584,1435062272,4966170624,1489244160,3709198336,29,13894123520
1791660557.823,210.940,zebrad,154932239,133179161,21753078,4372643840,4374761472,392736768,3962167296,3862683648,731942912,20,13894123520
1791660558.823,211.940,indexer,210095793,158136629,51959163,6543241216,6543249408,1443540992,4974456832,1497530368,3709198336,29,13887873024
1791660558.823,211.940,zebrad,154938900,133185821,21753078,4372643840,4374761472,392736768,3962167296,3862683648,731942912,20,13887873024
1791660559.823,212.941,indexer,211495666,159156633,52339032,6560935936,6560940032,1451929600,4983529472,1506603008,3709198336,29,13870002176
1791660559.823,212.941,zebrad,154944713,133189989,21754723,4372643840,4374761472,392736768,3962167296,3862683648,731942912,20,13870002176
1791660560.823,213.941,indexer,212239961,159715861,52524100,6571192320,6571204608,1458221056,4987912192,1510985728,3709198336,29,13866643456
1791660560.823,213.941,zebrad,154950654,133195930,21754723,4372656128,4374761472,392736768,3962167296,3862683648,731942912,20,13866643456
1791660561.823,214.941,indexer,212900521,160225386,52675134,6579277824,6579277824,1462415360,4991631360,1514704896,3709198336,29,13858258944
1791660561.823,214.941,zebrad,154956383,133200843,21755539,4372656128,4374761472,392736768,3962167296,3862683648,731942912,20,13858258944
1791660562.823,215.941,indexer,213764861,160859408,52905453,6588469248,6588469248,1466613760,4996534272,1519611904,3709198336,29,13858672640
1791660562.823,215.941,zebrad,154961877,133206337,21755539,4372647936,4374761472,392736768,3962167296,3862683648,731942912,20,13858672640
1791660563.824,216.941,indexer,214257154,161235975,53021179,6595198976,6595198976,1470808064,4999290880,1522364416,3709198336,29,13855789056
1791660563.824,216.941,zebrad,154967420,133210733,21756686,4372647936,4374761472,392736768,3962167296,3862683648,731942912,20,13855789056
1791660564.824,217.941,indexer,214878479,161681934,53196544,6600937472,6600937472,1472905216,5002866688,1525940224,3709198336,29,13856321536
1791660564.824,217.941,zebrad,154972924,133215745,21757179,4372647936,4374761472,392736768,3962167296,3862683648,731942912,20,13856321536
1791660565.824,218.941,indexer,215400060,162082054,53318005,6608523264,6608523264,1477099520,5005979648,1529053184,3709198336,29,13852733440
1791660565.824,218.941,zebrad,154978345,133221165,21757179,4372643840,4374761472,392736768,3962167296,3862683648,731942912,20,13852733440
1791660566.824,219.941,indexer,216497766,162897683,53600082,6621319168,6621319168,1483399168,5012889600,1535963136,3709198336,29,13845594112
1791660566.824,219.941,zebrad,154983605,133225188,21758416,4372377600,4374761472,392736768,3962167296,3862683648,731942912,20,13845594112
1791660567.824,220.941,indexer,216736145,163079376,53656769,6625267712,6625267712,1485496320,5014290432,1537363968,3709198336,29,13841645568
1791660567.824,220.941,zebrad,154988725,133229293,21759432,4372414464,4374761472,392736768,3962167296,3862683648,731942912,20,13841645568
1791660568.824,221.941,indexer,217085295,163348847,53736447,6629371904,6629453824,1487593472,5016457216,1539653632,3709198336,29,13837504512
1791660568.824,221.941,zebrad,154994440,133234328,21760111,4372402176,4374761472,392736768,3962167296,3862683648,731942912,20,13837504512
1791660569.824,222.942,indexer,217917974,163947915,53970058,6640713728,6640738304,1493884928,5021466624,1544540160,3709198336,29,13840674816
1791660569.824,222.942,zebrad,154999460,133239343,21760116,4372398080,4374761472,392736768,3962167296,3862683648,731942912,20,13840674816
1791660570.824,223.942,indexer,218317864,164240094,54077770,6644940800,6645030912,1495982080,5023719424,1546792960,3709198336,29,13820833792
1791660570.824,223.942,zebrad,155004940,133244754,21760186,4373209088,4374929408,393285632,3962167296,3862683648,731942912,20,13820833792
1791660571.824,224.942,indexer,218580830,164444080,54136750,6646562816,6646599680,1495982080,5025267712,1548341248,3709198336,29,13822484480
1791660571.824,224.942,zebrad,155010131,133249776,21760355,4373204992,4374929408,393285632,3962167296,3862683648,731942912,20,13822484480
1791660572.824,225.942,indexer,218823636,164629815,54193821,6650327040,6650331136,1498079232,5026304000,1549733888,3709198336,29,13823324160
1791660572.824,225.942,zebrad,155015503,133252960,21762543,4373204992,4374929408,393285632,3962167296,3862683648,731942912,20,13823324160
1791660573.825,226.942,indexer,219322559,164982424,54340135,6657462272,6657486848,1502273536,5029720064,1552793600,3709198336,29,13821452288
1791660573.825,226.942,zebrad,155023750,133261169,21762581,4373200896,4374929408,393285632,3962167296,3862683648,731942912,20,13821452288
1791660574.825,227.942,indexer,219671099,165220356,54450742,6661808128,6661828608,1504374784,5031903232,1554976768,3709198336,29,13822554112
1791660574.825,227.942,zebrad,155029567,133266151,21763415,4373200896,4374929408,393285632,3962167296,3862683648,731942912,20,13822554112
1791660575.825,228.942,indexer,219976720,165464469,54512250,6663737344,6663737344,1504432128,5033852928,1556926464,3709198336,29,13823156224
1791660575.825,228.942,zebrad,155035130,133271353,21763776,4373200896,4374929408,393285632,3962167296,3862683648,731942912,20,13823156224
1791660576.825,229.942,indexer,220870557,166160555,54710002,6675488768,6675488768,1510977536,5039296512,1562374144,3709198336,29,13819334656
1791660576.825,229.942,zebrad,155040869,133274556,21766313,4373200896,4374929408,393285632,3962167296,3862683648,731942912,20,13819334656
1791660577.825,230.942,indexer,221860059,166913945,54946113,6688546816,6688546816,1517481984,5045555200,1568628736,3709198336,29,13811691520
1791660577.825,230.942,zebrad,155047355,133279834,21767520,4372959232,4374929408,393285632,3962167296,3862683648,731942912,20,13811691520
1791660578.825,231.942,indexer,223331957,167962931,55369026,6706081792,6706196480,1526288384,5054623744,1577697280,3709198336,29,13805260800
1791660578.825,231.942,zebrad,155054048,133284713,21769334,4373467136,4374929408,393285632,3962167296,3862683648,731942912,20,13805260800
1791660579.825,232.943,indexer,224490445,168819503,55670942,6721945600,6722015232,1534906368,5061738496,1584812032,3709198336,29,13801467904
1791660579.825,232.943,zebrad,155059230,133289867,21769362,4373463040,4374929408,393285632,3962167296,3862683648,731942912,20,13801467904
1791660580.825,233.943,indexer,225777506,169740887,56036619,6737387520,6737539072,1541734400,5070397440,1593470976,3709198336,29,13788495872
1791660580.825,233.943,zebrad,155064880,133294707,21770172,4373573632,4375670784,393396224,3962167296,3862683648,731942912,20,13788495872
1791660581.825,234.943,indexer,226517804,170273239,56244564,6748418048,6748430336,1548156928,5074780160,1597853696,3709198336,29,13785690112
1791660581.825,234.943,zebrad,155070758,133300585,21770172,4373569536,4375670784,393396224,3962167296,3862683648,731942912,20,13785690112
1791660582.825,235.943,indexer,228239711,171589904,56649807,6769938432,6769987584,1559040000,5085523968,1608597504,3709198336,29,13775335424
1791660582.825,235.943,zebrad,155076923,133305025,21771898,4373569536,4375670784,393396224,3962167296,3862683648,731942912,20,13775335424
1791660583.826,236.943,indexer,229674327,172672274,57002052,6787817472,6787821568,1567748096,5094592512,1617666048,3709198336,29,13764677632
1791660583.826,236.943,zebrad,155082873,133310699,21772173,4373565440,4375670784,393396224,3962167296,3862683648,731942912,20,13764677632
1791660584.826,237.943,indexer,231138448,173753034,57385414,6808195072,6808195072,1578627072,5103882240,1626955776,3709198336,29,13751799808
1791660584.826,237.943,zebrad,155087976,133315645,21772330,4373561344,4375670784,393396224,3962167296,3862683648,731942912,20,13751799808
1791660585.826,238.943,indexer,232854780,175190462,57664318,6649323520,6817075200,1413046272,5111078912,1634152448,3709198336,30,13914554368
1791660585.826,238.943,zebrad,155094711,133320281,21774429,4373557248,4375670784,393396224,3962167296,3862683648,731942912,20,13914554368
1791660586.826,239.943,indexer,234661401,176755270,57906131,6795558912,6817075200,1416331264,5249708032,1639022592,3709198336,30,13912203264
1791660586.826,239.943,zebrad,155100912,133325594,21775317,4373557248,4375670784,393396224,3962167296,3862683648,731942912,20,13912203264
1791660587.826,240.943,indexer,235321738,177134810,58186927,7266877440,7266881536,1418489856,5705355264,1640710144,3725459456,30,13886971904
1791660587.826,240.943,zebrad,155106681,133331364,21775317,4373303296,4375670784,393396224,3962167296,3862683648,731942912,20,13886971904
1791660588.826,241.943,indexer,235646139,177323309,58322830,7270543360,7270543360,1420623872,5706858496,1642201088,3955220480,30,13887193088
1791660588.826,241.943,zebrad,155112100,133336783,21775317,4373299200,4375670784,393396224,3962167296,3862683648,731942912,20,13887193088
1791660589.826,242.944,indexer,235753090,177383696,58369394,7271317504,7271321600,1420623872,5707358208,1642688512,4139769856,30,13887586304
1791660589.826,242.944,zebrad,155117814,133342497,21775317,4373299200,4375670784,393396224,3962167296,3862683648,731942912,20,13887586304
1791660590.826,243.944,indexer,236705659,178303265,58402393,7273062400,7274897408,1421221888,5707771904,1643077632,4383039488,30,13871054848
1791660590.826,243.944,zebrad,155117867,133342549,21775317,4373299200,4375670784,393396224,3962167296,3862683648,731942912,20,13871054848
1791660591.826,244.944,indexer,237557340,179099466,58457873,7275937792,7275937792,1423319040,5708668928,1643962368,4462592000,29,13867532288
1791660591.826,244.944,zebrad,155120664,133345346,21775317,4373299200,4375670784,393396224,3962167296,3862683648,731942912,20,13867532288
1791660592.827,245.944,indexer,238830260,180030101,58800158,7291510784,7291555840,1430667264,5716578304,1652224000,4462592000,29,13868027904
1791660592.827,245.944,zebrad,155125844,133349948,21775895,4373561344,4375670784,393396224,3962167296,3862683648,731942912,20,13868027904
1791660593.827,246.944,indexer,240120255,181001165,59119090,7305814016,7305854976,1437196288,5724856320,1660149760,4462592000,29,13868077056
1791660593.827,246.944,zebrad,155131794,133355185,21776608,4373561344,4375670784,393396224,3962167296,3862683648,731942912,20,13868077056
1791660594.827,247.944,indexer,241844339,182281768,59562570,7329239040,7329247232,1449422848,5735657472,1670950912,4462592000,29,13856923648
1791660594.827,247.944,zebrad,155138011,133361229,21776781,4373561344,4375670784,393396224,3962167296,3862683648,731942912,20,13856923648
1791660595.827,248.944,indexer,243810936,183767009,60043927,7353712640,7353749504,1462005760,5747646464,1682939904,4462592000,29,13851099136
1791660595.827,248.944,zebrad,155144430,133365873,21778556,4373561344,4375670784,393396224,3962167296,3862683648,731942912,20,13851099136
1791660596.827,249.944,indexer,245534453,185047864,60486588,7374446592,7374450688,1472491520,5758095360,1693388800,4462592000,29,13839798272
1791660596.827,249.944,zebrad,155150389,133370839,21779550,4373319680,4375670784,393396224,3962167296,3862683648,731942912,20,13839798272
1791660597.827,250.944,indexer,247228644,186322998,60905645,7397982208,7397982208,1485074432,5768450048,1703747584,4462592000,29,13826871296
1791660597.827,250.944,zebrad,155156758,133377013,21779745,4373360640,4375670784,393396224,3962167296,3862683648,731942912,20,13826871296
1791660598.827,251.944,indexer,248685914,187400159,61285754,7414587392,7414616064,1493471232,5777100800,1712394240,4462592000,29,13823307776
1791660598.827,251.944,zebrad,155162930,133382161,21780768,4373356544,4375670784,393396224,3962167296,3862683648,731942912,20,13823307776
1791660599.827,252.945,indexer,250192572,188517159,61675412,7434784768,7434801152,1503956992,5786226688,1721520128,4462592000,29,13816827904
1791660599.827,252.945,zebrad,155169118,133387464,21781654,4373356544,4375670784,393396224,3962167296,3862683648,731942912,20,13816827904
1791660600.827,253.945,indexer,251823587,189748563,62075024,7456059392,7456059392,1514442752,5796438016,1731731456,4462592000,29,13804576768
1791660600.827,253.945,zebrad,155174523,133392529,21781993,4373073920,4375670784,393396224,3962167296,3862683648,731942912,20,13804576768
1791660601.827,254.945,indexer,253168682,190765677,62403004,7476047872,7476047872,1522831360,5807947776,1743241216,4462592000,29,13796417536
1791660601.827,254.945,zebrad,155180868,133398874,21781993,4373364736,4375670784,393396224,3962167296,3862683648,731942912,20,13796417536
1791660602.827,255.945,indexer,254143279,191443502,62699777,7488462848,7488487424,1529126912,5814194176,1749487616,4462592000,29,13788917760
1791660602.827,255.945,zebrad,155186883,133404834,21782049,4373360640,4375670784,393396224,3962167296,3862683648,731942912,20,13788917760
1791660603.827,256.945,indexer,255176192,192159866,63016325,7501615104,7501619200,1535418368,5820669952,1755963392,4462592000,29,13784633344
1791660603.827,256.945,zebrad,155194307,133410481,21783825,4373360640,4375670784,393396224,3962167296,3862683648,731942912,20,13784633344
1791660604.828,257.945,indexer,255636129,192497098,63139031,7506157568,7506206720,1537515520,5823336448,1758629888,4462592000,29,13780234240
1791660604.828,257.945,zebrad,155200158,133415634,21784524,4373360640,4375670784,393396224,3962167296,3862683648,731942912,20,13780234240
1791660605.828,258.945,indexer,257066629,193541428,63525201,7525310464,7525351424,1548001280,5831819264,1767112704,4462592000,29,13771988992
1791660605.828,258.945,zebrad,155206447,133421022,21785424,4373352448,4375670784,393396224,3962167296,3862683648,731942912,20,13771988992
1791660606.828,259.945,indexer,258659443,194714552,63944891,7545769984,7545778176,1558487040,5841776640,1777070080,4462592000,29,13759299584
1791660606.828,259.945,zebrad,155213080,133427564,21785516,4373348352,4375670784,393396224,3962167296,3862683648,731942912,20,13759299584
1791660607.828,260.945,indexer,260448866,196035056,64413809,7567306752,7567347712,1568972800,5853097984,1788391424,4462592000,29,13746966528
1791660607.828,260.945,zebrad,155218841,133433325,21785516,4373082112,4375670784,393396224,3962167296,3862683648,731942912,20,13746966528
1791660608.828,261.945,indexer,261414254,196731915,64682338,7579541504,7579762688,1575268352,5858967552,1794265088,4462592000,29,13742403584
1791660608.828,261.945,zebrad,155225063,133437550,21787512,4373602304,4375670784,393396224,3962167296,3862683648,731942912,20,13742403584
1791660609.828,262.945,indexer,261880688,197068240,64812448,7586562048,7586672640,1579462656,5861715968,1797009408,4462592000,29,13733400576
1791660609.828,262.945,zebrad,155230521,133441945,21788576,4373602304,4375670784,393396224,3962167296,3862683648,731942912,20,13733400576
1791660610.828,263.945,indexer,262453396,197508328,64945068,7592202240,7592210432,1581563904,5865144320,1800437760,4462592000,29,13733531648
1791660610.828,263.945,zebrad,155236262,133446443,21789819,4373602304,4375670784,393396224,3962167296,3862683648,731942912,20,13733531648
1791660611.828,264.946,indexer,263683120,198569184,65113935,7426695168,7596388352,1413787648,5868797952,1804091392,4462592000,30,13906530304
1791660611.828,264.946,zebrad,155241777,133450886,21790890,4373344256,4375670784,393396224,3962167296,3862683648,731942912,20,13906530304
1791660612.828,265.946,indexer,265733795,200313233,65420562,7578107904,7596388352,1421266944,6008651776,1810440192,4462592000,30,13882482688
1791660612.828,265.946,zebrad,155247920,133456010,21791910,4373340160,4375670784,393396224,3962167296,3862683648,731942912,20,13882482688
1791660613.828,266.946,indexer,266832855,200982878,65849977,8051650560,8051683328,1423384576,6466134016,1814454272,4498481152,30,13877719040
1791660613.828,266.946,zebrad,155253369,133460397,21792972,4373336064,4375670784,393396224,3962167296,3862683648,731942912,20,13877719040
1791660614.828,267.946,indexer,267016431,201094185,65922245,8053288960,8053305344,1424199680,6466908160,1815228416,4589473792,30,13877370880
1791660614.828,267.946,zebrad,155259028,133464825,21794203,4373348352,4375670784,393396224,3962167296,3862683648,731942912,20,13877370880
1791660615.828,268.946,indexer,267166548,201195094,65971453,8056537088,8056537088,1426513920,6467600384,1815908352,4786028544,30,13872984064
1791660615.828,268.946,zebrad,155264558,133470354,21794203,4373344256,4375670784,393396224,3962167296,3862683648,731942912,20,13872984064
1791660616.829,269.946,indexer,267576994,201577713,65999280,8057450496,8057479168,1426513920,6468001792,1816297472,4978966528,30,13873274880
1791660616.829,269.946,zebrad,155269864,133473545,21796319,4373340160,4375670784,393396224,3962167296,3862683648,731942912,20,13873274880
1791660617.829,270.946,indexer,268670788,202655655,66015133,8057929728,8057937920,1426513920,6468362240,1816633344,5197070336,30,13873598464
1791660617.829,270.946,zebrad,155269970,133473636,21796334,4373340160,4375670784,393396224,3962167296,3862683648,731942912,20,13873598464
1791660618.829,271.946,indexer,269327517,203212579,66114938,8062226432,8062226432,1428611072,6470594560,1818865664,5251227648,29,13870379008
1791660618.829,271.946,zebrad,155275814,133478782,21797031,4373348352,4375670784,393396224,3962167296,3862683648,731942912,20,13870379008
1791660619.829,272.946,indexer,269713962,203497247,66216715,8066060288,8066060288,1430708224,6471630848,1820831744,5251227648,29,13867667456
1791660619.829,272.946,zebrad,155281190,133483386,21797803,4373344256,4375670784,393396224,3962167296,3862683648,731942912,20,13867667456
1791660620.829,273.946,indexer,270002685,203713542,66289142,8069701632,8069701632,1432805376,6473990144,1822261248,5251227648,29,13867180032
1791660620.829,273.946,zebrad,155286265,133488462,21797803,4373356544,4375670784,393396224,3962167296,3862683648,731942912,20,13867180032
1791660621.829,274.946,indexer,271405834,204765736,66640097,8089739264,8089739264,1443147776,6481915904,1830187008,5251227648,29,13858611200
1791660621.829,274.946,zebrad,155292188,133494380,21797808,4373356544,4375670784,393396224,3962167296,3862683648,731942912,20,13858611200
1791660622.829,275.947,indexer,272130809,205330091,66800717,8097865728,8097865728,1447342080,6485598208,1833873408,5251227648,29,13855526912
1791660622.829,275.947,zebrad,155298399,133499702,21798697,4373356544,4375670784,393396224,3962167296,3862683648,731942912,20,13855526912
1791660623.829,276.947,indexer,272544569,205630432,66914136,8101879808,8101924864,1449439232,6487621632,1836113920,5251231744,29,13851369472
1791660623.829,276.947,zebrad,155304060,133504550,21799509,4373352448,4375670784,393396224,3962167296,3862683648,731942912,20,13851369472
1791660624.829,277.947,indexer,273181848,206094760,67087088,8109993984,8110047232,1453633536,6491398144,1839669248,5251231744,29,13851316224
1791660624.829,277.947,zebrad,155309449,133508746,21800703,4373352448,4375670784,393396224,3962167296,3862683648,731942912,20,13851316224
1791660625.830,278.947,indexer,274520970,207089837,67431132,8125677568,8125706240,1462022144,6498811904,1847083008,5251231744,29,13842743296
1791660625.830,278.947,zebrad,155314787,133513754,21801032,4373352448,4375670784,393396224,3962167296,3862683648,731942912,20,13842743296
1791660626.830,279.947,indexer,276116348,208293349,67822998,8145453056,8145469440,1472507904,6507880448,1856151552,5251231744,29,13830553600
1791660626.830,279.947,zebrad,155320561,133519418,21801143,4373368832,4375670784,393396224,3962167296,3862683648,731942912,20,13830553600
1791660627.830,280.947,indexer,276652353,208682249,67970104,8150417408,8150433792,1474605056,6510850048,1859121152,5251231744,29,13830529024
1791660627.830,280.947,zebrad,155325948,133524804,21801143,4373368832,4375670784,393396224,3962167296,3862683648,731942912,20,13830529024
1791660628.830,281.947,indexer,277204077,209095839,68108238,8157749248,8157782016,1478799360,6513889280,1862160384,5251231744,29,13829390336
1791660628.830,281.947,zebrad,155331238,133530094,21801143,4373360640,4375670784,393396224,3962167296,3862683648,731942912,20,13829390336
1791660629.830,282.947,indexer,278393621,209979640,68413981,8172855296,8172855296,1487187968,6520745984,1869017088,5251231744,29,13812805632
1791660629.830,282.947,zebrad,155336276,133534309,21801967,4373356544,4375670784,393396224,3962167296,3862683648,731942912,20,13812805632
1791660630.830,283.947,indexer,280337580,211412999,68924581,8196968448,8196968448,1499770880,6532087808,1880358912,5251231744,29,13801664512
1791660630.830,283.947,zebrad,155342645,133540678,21801967,4373090304,4375670784,393396224,3962167296,3862683648,731942912,20,13801664512
1791660631.830,284.948,indexer,281596053,212320535,69275518,8210690048,8210735104,1508159488,6539329536,1887662080,5251231744,29,13797785600
1791660631.830,284.948,zebrad,155348897,133544844,21804053,4373090304,4375670784,393396224,3962167296,3862683648,731942912,20,13797785600
1791660632.830,285.948,indexer,282907492,213228479,69679012,8226512896,8226586624,1516548096,6546939904,1895211008,5251231744,29,13790556160
1791660632.830,285.948,zebrad,155354718,133550547,21804171,4373123072,4375670784,393396224,3962167296,3862683648,731942912,20,13790556160
1791660633.830,286.948,indexer,283768981,213844383,69924598,8238182400,8238215168,1522839552,6551797760,1900109824,5251231744,29,13786054656
1791660633.830,286.948,zebrad,155362900,133558560,21804340,4373123072,4375670784,393396224,3962167296,3862683648,731942912,20,13786054656
1791660634.830,287.948,indexer,285217518,214906721,70310796,8254644224,8254656512,1531232256,6560161792,1908432896,5251231744,29,13773119488
1791660634.830,287.948,zebrad,155369609,133565167,21804442,4373123072,4375670784,393396224,3962167296,3862683648,731942912,20,13773119488
1791660635.831,288.948,indexer,285658401,215241087,70417314,8261439488,8261451776,1535426560,6562439168,1910710272,5251231744,29,13773193216
1791660635.831,288.948,zebrad,155375250,133569719,21805531,4373123072,4375670784,393396224,3962167296,3862683648,731942912,20,13773193216
1791660636.831,289.948,indexer,286597702,215942229,70655472,8272674816,8272674816,1541718016,6567665664,1915936768,5251231744,29,13765169152
1791660636.831,289.948,zebrad,155380564,133573990,21806574,4373123072,4375670784,393396224,3962167296,3862683648,731942912,20,13765169152
1791660637.831,290.948,indexer,288162311,217132293,71030018,8292597760,8292597760,1552203776,6576893952,1925165056,5251231744,29,13753671680
1791660637.831,290.948,zebrad,155386314,133579740,21806574,4373123072,4375670784,393396224,3962167296,3862683648,731942912,20,13753671680
1791660638.831,291.948,indexer,289646770,218254204,71392566,8309280768,8309297152,1560592384,6585462784,1933733888,5251231744,29,13743628288
1791660638.831,291.948,zebrad,155392707,133585390,21807316,4373123072,4375670784,393396224,3962167296,3862683648,731942912,20,13743628288
1791660639.831,292.948,indexer,291297217,219452470,71844747,8329486336,8329502720,1571078144,6594822144,1943093248,5251231744,29,13734576128
1791660639.831,292.948,zebrad,155398510,133591193,21807316,4373123072,4375670784,393396224,3962167296,3862683648,731942912,20,13734576128
1791660640.831,293.948,indexer,293049096,220723220,72325876,8351899648,8351952896,1583661056,6604861440,1953132544,5251231744,29,13726486528
1791660640.831,293.948,zebrad,155404242,133595849,21808393,4373123072,4375670784,393396224,3962167296,3862683648,731942912,20,13726486528
1791660641.831,294.948,indexer,295520917,222832156,72688761,8197939200,8351952896,1421271040,6613553152,1961824256,5251231744,30,13856374784
1791660641.831,294.948,zebrad,155410288,133600032,21810256,4373123072,4375670784,393396224,3962167296,3862683648,731942912,20,13856374784
1791660642.831,295.949,indexer,298201380,224958011,73243368,8495341568,8495345664,1432809472,6890815488,1971748864,5251231744,30,13847269376
1791660642.831,295.949,zebrad,155416670,133602370,21814300,4373123072,4375670784,393396224,3962167296,3862683648,731942912,20,13847269376
1791660643.831,296.949,indexer,299350059,225640880,73709178,8852021248,8852037632,1437003776,7233273856,1975791616,5343920128,30,13850304512
1791660643.831,296.949,zebrad,155422510,133607232,21815277,4373372928,4375670784,393396224,3962167296,3862683648,731942912,20,13850304512
1791660644.831,297.949,indexer,299459974,225702686,73757287,8852160512,8852258816,1437003776,7233646592,1976152064,5590704128,30,13849767936
1791660644.831,297.949,zebrad,155427930,133612452,21815478,4373372928,4375670784,393396224,3962167296,3862683648,731942912,20,13849767936
1791660645.831,298.949,indexer,299578431,225797147,73781283,8852779008,8852832256,1437003776,7234084864,1976565760,5817196544,30,13848633344
1791660645.831,298.949,zebrad,155433231,133616852,21816379,4373364736,4375670784,393396224,3962167296,3862683648,731942912,20,13848633344
1791660646.832,299.949,indexer,299658527,225844139,73814388,8853479424,8853516288,1437577216,7234338816,1976807424,6018523136,30,13848801280
1791660646.832,299.949,zebrad,155438665,133620508,21818156,4373364736,4375670784,393396224,3962167296,3862683648,731942912,20,13848801280
1791660647.832,300.949,indexer,300950281,226841403,74108877,8869060608,8869060608,1445822464,7241490432,1983946752,6091231232,29,13847252992
1791660647.832,300.949,zebrad,155444057,133625563,21818493,4373364736,4375670784,393396224,3962167296,3862683648,731942912,20,13847252992
1791660648.832,301.949,indexer,303356844,228902520,74454323,8887816192,8887816192,1456308224,7249338368,1991798784,6091231232,29,13841387520
1791660648.832,301.949,zebrad,155447431,133628883,21818547,4373377024,4375670784,393396224,3962167296,3862683648,731942912,20,13841387520
1791660649.832,302.949,indexer,305926362,231134037,74792324,8900661248,8900661248,1462964224,7255314432,1997770752,6091231232,29,13834448896
1791660649.832,302.949,zebrad,155447431,133628883,21818547,4373377024,4375670784,393396224,3962167296,3862683648,731942912,20,13834448896
1791660650.832,303.949,indexer,307184346,232180999,75003346,8909049856,8909049856,1467166720,7259533312,2001989632,6091231232,29,13830668288
1791660650.832,303.949,zebrad,155453225,133633707,21819518,4372856832,4375670784,393396224,3962167296,3862683648,731942912,20,13830668288
1791660651.832,304.949,indexer,308790686,233377083,75413602,8928710656,8930545664,1477652480,7268540416,2010996736,6091231232,29,13802782720
1791660651.832,304.949,zebrad,155458567,133638002,21820565,4373377024,4375670784,393396224,3962167296,3862683648,731942912,20,13802782720
1791660652.832,305.949,indexer,310483438,234632110,75851328,8948895744,8948895744,1488138240,7278202880,2020659200,6091231232,29,13797949440
1791660652.832,305.949,zebrad,155465007,133644097,21820909,4373377024,4375670784,393396224,3962167296,3862683648,731942912,20,13797949440
1791660653.832,306.950,indexer,312039417,235789650,76249766,8968294400,8968294400,1498628096,7287156736,2029613056,6091231232,29,13786271744
1791660653.832,306.950,zebrad,155470643,133649642,21821000,4373372928,4375670784,393396224,3962167296,3862683648,731942912,20,13786271744
1791660654.832,307.950,indexer,313226084,236679088,76546995,8983498752,8983498752,1507016704,7293911040,2036367360,6091231232,29,13783203840
1791660654.832,307.950,zebrad,155476358,133655255,21821103,4373368832,4375670784,393396224,3962167296,3862683648,731942912,20,13783203840
1791660655.832,308.950,indexer,314401707,237559531,76842176,8998440960,8998440960,1515405312,7300714496,2043170816,6091231232,29,13777301504
1791660655.832,308.950,zebrad,155481806,133659640,21822165,4373364736,4375670784,393396224,3962167296,3862683648,731942912,20,13777301504
1791660656.832,309.950,indexer,315560587,238375755,77184832,9011519488,9011662848,1521696768,7307378688,2049835008,6091231232,29,13772840960
1791660656.832,309.950,zebrad,155487965,133665635,21822330,4373114880,4375670784,393396224,3962167296,3862683648,731942912,20,13772840960
1791660657.833,310.950,indexer,316200437,238832279,77368158,9019568128,9019568128,1525891072,7310901248,2053357568,6091231232,29,13769637888
1791660657.833,310.950,zebrad,155494120,133671765,21822354,4373131264,4375670784,393396224,3962167296,3862683648,731942912,20,13769637888
1791660658.833,311.950,indexer,317551826,239849224,77702602,9038016512,9038020608,1536376832,7318638592,2061094912,6091231232,29,13758631936
1791660658.833,311.950,zebrad,155500315,133677930,21822384,4373397504,4375670784,393396224,3962167296,3862683648,731942912,20,13758631936
1791660659.833,312.950,indexer,319362809,241173617,78189192,9058775040,9058779136,1546862592,7328919552,2071375872,6091235328,29,13757460480
1791660659.833,312.950,zebrad,155506335,133681952,21824383,4373397504,4375670784,393396224,3962167296,3862683648,731942912,20,13757460480
1791660660.833,313.950,indexer,321324241,242646666,78677575,9082048512,9082085376,1559445504,7339732992,2082189312,6091235328,29,13739450368
1791660660.833,313.950,zebrad,155512717,133688277,21824439,4373397504,4375670784,393396224,3962167296,3862683648,731942912,20,13739450368
1791660661.833,314.950,indexer,323278112,244131645,79146466,9104699392,9104777216,1572028416,7349911552,2092367872,6091235328,29,13730832384
1791660661.833,314.950,zebrad,155518619,133694179,21824439,4373393408,4375670784,393396224,3962167296,3862683648,731942912,20,13730832384
1791660662.833,315.950,indexer,324680387,245139679,79540708,9120448512,9120546816,1580417024,7357313024,2099769344,6091235328,29,13706354688
1791660662.833,315.950,zebrad,155525423,133700879,21824544,4373389312,4375670784,393396224,3962167296,3862683648,731942912,20,13706354688
1791660663.833,316.950,indexer,325432341,245695551,79736789,9128460288,9128570880,1584611328,7361163264,2103619584,6091235328,29,13706579968
1791660663.833,316.950,zebrad,155533316,133708504,21824812,4373389312,4375670784,393396224,3962167296,3862683648,731942912,20,13706579968
1791660664.833,317.951,indexer,326886379,247021136,79865243,8961400832,9128570880,1414737920,7363571712,2106327040,6091235328,30,13874270208
1791660664.833,317.951,zebrad,155539454,133714480,21824974,4373336064,4375670784,393396224,3962167296,3862683648,731942912,20,13874270208
1791660665.833,318.951,indexer,328632326,248320360,80311965,9543766016,9543782400,1420120064,7923961856,2110697472,6102499328,30,13863481344
1791660665.833,318.951,zebrad,155545248,133720274,21824974,4373594112,4375670784,393396224,3962167296,3862683648,731942912,20,13863481344
1791660666.833,319.951,indexer,328782816,248427554,80355262,9544089600,9544138752,1420120064,7924584448,2111320064,6223286272,30,13863768064
1791660666.833,319.951,zebrad,155550669,133725660,21825008,4373590016,4375670784,393396224,3962167296,3862683648,731942912,20,13863768064
1791660667.833,320.951,indexer,328959715,248540162,80419553,9546973184,9546977280,1422217216,7925248000,2111983616,6262628352,30,13860151296
1791660667.833,320.951,zebrad,155556494,133731367,21825126,4373585920,4375670784,393396224,3962167296,3862683648,731942912,20,13860151296
1791660668.834,321.951,indexer,329214330,248676824,80537506,9548111872,9548197888,1422217216,7926206464,2112942080,6381625344,30,13861998592
1791660668.834,321.951,zebrad,155562121,133736467,21825654,4373585920,4375670784,393396224,3962167296,3862683648,731942912,20,13861998592
1791660669.834,322.951,indexer,329326127,248737235,80588891,9548292096,9548292096,1422217216,7926611968,2113335296,6616604672,30,13862244352
1791660669.834,322.951,zebrad,155567607,133741742,21825864,4373581824,4375670784,393396224,3962167296,3862683648,731942912,20,13862244352
1791660670.834,323.951,indexer,330241333,249631070,80610263,9549336576,9549336576,1422217216,7926972416,2113687552,6817931264,30,13862465536
1791660670.834,323.951,zebrad,155573792,133747759,21826032,4373057536,4375670784,393396224,3962167296,3862683648,731942912,20,13862465536
1791660671.834,324.951,indexer,331886628,251006914,80879713,9562181632,9562181632,1429721088,7932162048,2118868992,6917877760,29,13856436224
1791660671.834,324.951,zebrad,155579595,133753562,21826032,4373086208,4375670784,393396224,3962167296,3862683648,731942912,20,13856436224
1791660672.834,325.951,indexer,333981349,252592969,81388380,9586155520,9586180096,1442164736,7943401472,2130366464,6917881856,29,13835091968
1791660672.834,325.951,zebrad,155585212,133758958,21826254,4373344256,4375670784,393396224,3962167296,3862683648,731942912,20,13835091968
1791660673.834,326.951,indexer,335818585,253991473,81827111,9608683520,9608683520,1454747648,7953694720,2140397568,6917881856,29,13830504448
1791660673.834,326.951,zebrad,155591210,133764674,21826536,4373082112,4375670784,393396224,3962167296,3862683648,731942912,20,13830504448
1791660674.834,327.951,indexer,337501566,255241201,82260365,9628610560,9628647424,1465233408,7963090944,2149793792,6917881856,29,13822795776
1791660674.834,327.951,zebrad,155598096,133770576,21827520,4373078016,4375670784,393396224,3962167296,3862683648,731942912,20,13822795776
1791660675.834,328.952,indexer,338363169,255895050,82468118,9637924864,9637965824,1469427712,7967932416,2154635264,6917881856,29,13820002304
1791660675.834,328.952,zebrad,155603477,133774904,21828572,4373594112,4375670784,393396224,3962167296,3862683648,731942912,20,13820002304
1791660676.834,329.952,indexer,339461669,256689365,82772303,9652256768,9652355072,1477816320,7974121472,2160824320,6917881856,29,13812649984
1791660676.834,329.952,zebrad,155609147,133779621,21829525,4373594112,4375670784,393396224,3962167296,3862683648,731942912,20,13812649984
1791660677.834,330.952,indexer,340042717,257134879,82907837,9659600896,9659600896,1482010624,7977304064,2164006912,6917881856,29,13811617792
1791660677.834,330.952,zebrad,155614847,133783227,21831620,4373327872,4375670784,393396224,3962167296,3862683648,731942912,20,13811617792
1791660678.834,331.952,indexer,341373541,258139751,83233790,9675833344,9675833344,1490407424,7984865280,2171568128,6917881856,29,13802672128
1791660678.834,331.952,zebrad,155620911,133788003,21832908,4373581824,4375670784,393396224,3962167296,3862683648,731942912,20,13802672128
1791660679.835,332.952,indexer,343292741,259548995,83743745,9699377152,9699491840,1502990336,7996055552,2182762496,6917881856,29,13791162368
1791660679.835,332.952,zebrad,155627051,133793980,21833070,4373581824,4375670784,393396224,3962167296,3862683648,731942912,20,13791162368
1791660680.835,333.952,indexer,345277575,261058937,84218637,9722929152,9723011072,1515573248,8006770688,2193473536,6917881856,29,13774864384
1791660680.835,333.952,zebrad,155632725,133799278,21833446,4373065728,4375670784,393396224,3962167296,3862683648,731942912,20,13774864384
1791660681.835,334.952,indexer,346583588,262101378,84482210,9734815744,9734815744,1521864704,8012533760,2199236608,6917881856,29,13769424896
1791660681.835,334.952,zebrad,155638289,133804842,21833446,4373065728,4375670784,393396224,3962167296,3862683648,731942912,20,13769424896
1791660682.835,335.952,indexer,348818351,263872758,84945592,9755779072,9755779072,1532354560,8022814720,2209517568,6917881856,29,13746270208
1791660682.835,335.952,zebrad,155644454,133809903,21834550,4373065728,4375670784,393396224,3962167296,3862683648,731942912,20,13746270208
1791660683.835,336.952,indexer,350003127,264736900,85266227,9771020288,9771073536,1540743168,8029691904,2216394752,6917881856,29,13740617728
1791660683.835,336.952,zebrad,155650080,133815530,21834550,4373331968,4375670784,393396224,3962167296,3862683648,731942912,20,13740617728
1791660684.835,337.952,indexer,351702585,265937077,85765507,9793540096,9793593344,1553326080,8039579648,2226282496,6917881856,29,13735317504
1791660684.835,337.952,zebrad,155655944,133821320,21834624,4373331968,4375670784,393396224,3962167296,3862683648,731942912,20,13735317504
1791660685.835,338.952,indexer,352597128,266592872,86004255,9803223040,9803223040,1557520384,8044666880,2231373824,6917881856,29,13736558592
1791660685.835,338.952,zebrad,155661762,133827138,21834624,4373331968,4375670784,393396224,3962167296,3862683648,731942912,20,13736558592
1791660686.835,339.953,indexer,354471192,267968413,86502779,9825599488,9825603584,1570111488,8054788096,2241495040,6917881856,29,13724295168
1791660686.835,339.953,zebrad,155667818,133831930,21835888,4373331968,4375670784,393396224,3962167296,3862683648,731942912,20,13724295168
1791660687.835,340.953,indexer,355547152,268756983,86790169,9837400064,9837637632,1576402944,8060592128,2247294976,6917881856,29,13715697664
1791660687.835,340.953,zebrad,155673134,133837060,21836074,4373331968,4375670784,393396224,3962167296,3862683648,731942912,20,13715697664
1791660688.835,341.953,indexer,356968720,269841840,87126879,9679925248,9854291968,1410727936,8068681728,2255384576,6917881856,30,13846798336
1791660688.835,341.953,zebrad,155678945,133841758,21837187,4373102592,4375670784,393396224,3962167296,3862683648,731942912,20,13846798336
1791660689.835,342.953,indexer,359534368,271996738,87537630,9701695488,9854291968,1422405632,8078626816,2265329664,6917881856,30,13844557824
1791660689.835,342.953,zebrad,155685348,133848160,21837187,4373315584,4375670784,393396224,3962167296,3862683648,731942912,20,13844557824
1791660690.836,343.953,indexer,361970477,273798343,88172133,10253541376,10253541376,1431846912,8605429760,2274205696,6938923008,30,13854007296
1791660690.836,343.953,zebrad,155691390,133854202,21837187,4373573632,4375670784,393396224,3962167296,3862683648,731942912,20,13854007296
1791660691.836,344.953,indexer,362460685,274235725,88224960,10259628032,10259636224,1433944064,8608714752,2275016704,7155302400,30,13853769728
1791660691.836,344.953,zebrad,155696947,133858895,21838052,4373573632,4375670784,393396224,3962167296,3862683648,731942912,20,13853769728
1791660692.836,345.953,indexer,363715823,275374441,88341382,10260697088,10262822912,1433948160,8609685504,2275987456,7291703296,30,13829783552
1791660692.836,345.953,zebrad,155697074,133859004,21838070,4373573632,4375670784,393396224,3962167296,3862683648,731942912,20,13829783552
1791660693.836,346.953,indexer,364120942,275709918,88411023,10261000192,10262822912,1433948160,8610316288,2276618240,7538642944,30,13830094848
1791660693.836,346.953,zebrad,155704497,133865507,21838989,4373569536,4375670784,393396224,3962167296,3862683648,731942912,20,13830094848
1791660694.836,347.953,indexer,364229752,275790273,88439478,10263678976,10263801856,1436053504,8610770944,2277048320,7744163840,30,13826408448
1791660694.836,347.953,zebrad,155710078,133871088,21838989,4373561344,4375670784,393396224,3962167296,3862683648,731942912,20,13826408448
1791660695.836,348.953,indexer,364982159,276334882,88647277,10271621120,10271629312,1439109120,8615133184,2281410560,7752142848,29,13826285568
1791660695.836,348.953,zebrad,155715502,133876512,21838989,4373557248,4375670784,393396224,3962167296,3862683648,731942912,20,13826285568
1791660696.836,349.953,indexer,366856272,277746074,89110198,10298470400,10298572800,1450590208,8630951936,2297229312,7752142848,29,13828677632
1791660696.836,349.953,zebrad,155721805,133882765,21839039,4373557248,4375670784,393396224,3962167296,3862683648,731942912,20,13828677632
1791660697.836,350.953,indexer,368802584,279177217,89625367,10324103168,10324103168,1463173120,8643846144,2310127616,7752146944,29,13824258048
1791660697.836,350.953,zebrad,155728039,133887827,21840212,4373557248,4375670784,393396224,3962167296,3862683648,731942912,20,13824258048
1791660698.836,351.954,indexer,370810271,280643298,90166973,10351644672,10351648768,1477857280,8656572416,2322849792,7752146944,29,13803876352
1791660698.836,351.954,zebrad,155734548,133894336,21840212,4373557248,4375670784,393396224,3962167296,3862683648,731942912,20,13803876352
1791660699.836,352.954,indexer,372193502,281659094,90534407,10368380928,10368385024,1486245888,8664735744,2331013120,7752146944,29,13800030208
1791660699.836,352.954,zebrad,155741001,133899931,21841069,4373557248,4375670784,393396224,3962167296,3862683648,731942912,20,13800030208
1791660700.836,353.954,indexer,373923657,282934946,90988710,10388811776,10388811776,1496731648,8674910208,2341187584,7752146944,29,13786472448
1791660700.836,353.954,zebrad,155747609,133905315,21842293,4373557248,4375670784,393396224,3962167296,3862683648,731942912,20,13786472448
1791660701.836,354.954,indexer,375603930,284155931,91447998,10412568576,10412568576,1507561472,8687316992,2353598464,7752146944,29,13778071552
1791660701.836,354.954,zebrad,155752855,133910525,21842330,4373557248,4375670784,393396224,3962167296,3862683648,731942912,20,13778071552
1791660702.837,355.954,indexer,377563531,285588800,91974730,10438909952,10438934528,1522241536,8699383808,2365661184,7752146944,29,13765832704
1791660702.837,355.954,zebrad,155759194,133916814,21842380,4373344256,4375670784,393396224,3962167296,3862683648,731942912,20,13765832704
1791660703.837,356.954,indexer,378825754,286506979,92318775,10448687104,10448707584,1528057856,8703520768,2373451776,7752146944,29,13786177536
1791660703.837,356.954,zebrad,155764996,133922362,21842634,4370698240,4375670784,393396224,3959533568,3862683648,731942912,20,13786177536
1791660704.837,357.954,indexer,380698555,287890356,92808199,10472849408,10472857600,1540272128,8715087872,2385027072,7752146944,29,13777743872
1791660704.837,357.954,zebrad,155770990,133928353,21842636,4370698240,4375670784,393396224,3959533568,3862683648,731942912,20,13777743872
1791660705.837,358.954,indexer,382502427,289234966,93267461,10495537152,10495537152,1552048128,8726122496,2396053504,7752146944,29,13764440064
1791660705.837,358.954,zebrad,155777111,133934455,21842655,4370698240,4375670784,393396224,3959533568,3862683648,731942912,20,13764440064
1791660706.837,359.954,indexer,383602096,290043252,93558843,10509946880,10509946880,1559511040,8732766208,2402697216,7752146944,29,13697077248
1791660706.837,359.954,zebrad,155782448,133939792,21842655,4370698240,4375670784,393396224,3959533568,3862683648,731942912,20,13697077248
1791660707.837,360.954,indexer,385445092,291406712,94038379,10533208064,10533220352,1571786752,8744026112,2413957120,7752146944,29,13671342080
1791660707.837,360.954,zebrad,155789468,133946617,21842850,4370698240,4375670784,393396224,3959533568,3862683648,731942912,20,13671342080
1791660708.837,361.954,indexer,386966907,292491909,94474998,10552922112,10552934400,1581899776,8753270784,2423201792,7752146944,29,13652348928
1791660708.837,361.954,zebrad,155795277,133952426,21842850,4370694144,4375670784,393396224,3959533568,3862683648,731942912,20,13652348928
1791660709.837,362.955,indexer,389262942,294360611,94902331,10399252480,10556493824,1419415552,8762425344,2432356352,7752146944,30,13796044800
1791660709.837,362.955,zebrad,155801246,133958395,21842850,4370694144,4375670784,393396224,3959533568,3862683648,731942912,20,13796044800
1791660710.837,363.955,indexer,391532781,296220595,95312186,10687238144,10687242240,1426046976,9035976704,2440077312,7752146944,30,13698797568
1791660710.837,363.955,zebrad,155807417,133964567,21842850,4370432000,4375670784,393396224,3959533568,3862683648,731942912,20,13698797568
1791660711.837,364.955,indexer,392312856,296662054,95650802,10896359424,10963329024,1428287488,9232879616,2442162176,7887929344,30,13870514176
1791660711.837,364.955,zebrad,155814463,133970745,21843717,4343898112,4375670784,393396224,3933798400,3862683648,731942912,20,13870514176
1791660712.837,365.955,indexer,392523154,296846417,95676737,10898219008,10963329024,1429098496,9233866752,2443149312,8086351872,30,13868281856
1791660712.837,365.955,zebrad,155819817,133975908,21843909,4344160256,4375670784,393396224,3933798400,3862683648,731942912,20,13868281856
1791660713.838,366.955,indexer,392774237,297009557,95764680,10900512768,10963329024,1430167552,9234870272,2444152832,8249323520,30,13867814912
1791660713.838,366.955,zebrad,155825381,133980674,21844707,4343988224,4375670784,393396224,3933798400,3862683648,731942912,20,13867814912
1791660714.838,367.955,indexer,392970676,297129420,95841256,10902110208,10963329024,1430892544,9235558400,2444840960,8436113408,30,13867065344
1791660714.838,367.955,zebrad,155830532,133985521,21845010,4344246272,4375670784,393396224,3933798400,3862683648,731942912,20,13867065344
1791660715.838,368.955,indexer,393968244,298088774,95879470,10903785472,10963329024,1431474176,9236164608,2445434880,8665096192,30,13865996288
1791660715.838,368.955,zebrad,155830559,133985544,21845014,4344246272,4375670784,393396224,3933798400,3862683648,731942912,20,13865996288
1791660716.838,369.955,indexer,396425193,300107629,96317564,10923294720,10963329024,1441722368,9245306880,2454577152,8671645696,29,13859438592
1791660716.838,369.955,zebrad,155833043,133987103,21845940,4344246272,4375670784,393396224,3933798400,3862683648,731942912,20,13859438592
1791660717.838,370.955,indexer,398446226,301619897,96826329,10947891200,10963329024,1454940160,9257091072,2466365440,8671645696,29,13846269952
1791660717.838,370.955,zebrad,155839628,133993604,21846024,4344012800,4375670784,393396224,3933798400,3862683648,731942912,20,13846269952
1791660718.838,371.955,indexer,400189426,302870555,97318871,10969972736,10970005504,1466355712,9267347456,2476621824,8671645696,29,13834928128
1791660718.838,371.955,zebrad,155845574,133999275,21846299,4344274944,4375670784,393396224,3933798400,3862683648,731942912,20,13834928128
1791660719.838,372.955,indexer,402098022,304288239,97809782,10993979392,10994044928,1478836224,9279127552,2488397824,8671645696,29,13823614976
1791660719.838,372.955,zebrad,155851965,134005609,21846356,4344274944,4375670784,393396224,3933798400,3862683648,731942912,20,13823614976
1791660720.838,373.955,indexer,404148625,305829041,98319584,11019399168,11019399168,1492164608,9291137024,2500407296,8671645696,29,13810368512
1791660720.838,373.955,zebrad,155857822,134011466,21846356,4344532992,4375670784,393396224,3933798400,3862683648,731942912,20,13810368512
1791660721.838,374.956,indexer,406263868,307344728,98919140,11048951808,11048951808,1508421632,9304207360,2513477632,8671645696,29,13783846912
1791660721.838,374.956,zebrad,155863808,134017452,21846356,4344266752,4375670784,393396224,3933798400,3862683648,731942912,20,13783846912
1791660722.838,375.956,indexer,407056369,307927052,99129316,11056881664,11056893952,1511510016,9308868608,2518138880,8671645696,29,13789618176
1791660722.838,375.956,zebrad,155869358,134022223,21847135,4344524800,4375670784,393396224,3933798400,3862683648,731942912,20,13789618176
1791660723.838,376.956,indexer,408116919,308690860,99426059,11070246912,11070373888,1518911488,9315155968,2524426240,8671645696,29,13784784896
1791660723.838,376.956,zebrad,155876898,134028686,21848211,4344266752,4375670784,393396224,3933798400,3862683648,731942912,20,13784784896
1791660724.838,377.956,indexer,409222248,309478505,99743742,11083509760,11083542528,1525538816,9321668608,2530938880,8671645696,29,13765378048
1791660724.838,377.956,zebrad,155882739,134033410,21849328,4344291328,4375670784,393416704,3933798400,3862683648,731942912,20,13765378048
1791660725.839,378.956,indexer,410003551,310033906,99969645,11038199808,11087380480,1530712064,9271267328,2535587840,8671645696,29,13775273984
1791660725.839,378.956,zebrad,155888684,134039356,21849328,4328030208,4375670784,393416704,3917807616,3862683648,731942912,20,13775273984
1791660726.839,379.956,indexer,411647592,311255832,100391759,11060637696,11087380480,1541738496,9282314240,2546634752,8671645696,29,13761732608
1791660726.839,379.956,zebrad,155894458,134043169,21851288,4328030208,4375670784,393416704,3917807616,3862683648,731942912,20,13761732608
1791660727.839,380.956,indexer,413454000,312545358,100908641,11084460032,11087380480,1553805312,9294045184,2558365696,8671645696,29,13757394944
1791660727.839,380.956,zebrad,155900558,134049270,21851288,4328030208,4375670784,393416704,3917807616,3862683648,731942912,20,13757394944
1791660728.839,381.956,indexer,414684275,313428205,101256070,11100016640,11100024832,1561751552,9301622784,2565943296,8671645696,29,13753839616
1791660728.839,381.956,zebrad,155906576,134055288,21851288,4328030208,4375670784,393416704,3917807616,3862683648,731942912,20,13753839616
1791660729.839,382.956,indexer,416389508,314679625,101709882,11121647616,11121647616,1572376576,9312567296,2576887808,8671645696,29,13735067648
1791660729.839,382.956,zebrad,155911751,134060463,21851288,4328026112,4375670784,393416704,3917807616,3862683648,731942912,20,13735067648
1791660730.839,383.956,indexer,418352402,316152663,102199738,10971058176,11141795840,1411031040,9323683840,2588004352,8671645696,30,13776580608
1791660730.839,383.956,zebrad,155917712,134065801,21851911,4328026112,4375670784,393416704,3917807616,3862683648,731942912,20,13776580608
1791660731.839,384.956,indexer,421003098,318390599,102612499,10994438144,11141795840,1423638528,9334087680,2598412288,8671645696,30,13759377408
1791660731.839,384.956,zebrad,155924340,134072199,21852141,4328026112,4375670784,393416704,3917807616,3862683648,731942912,20,13759377408
1791660732.839,385.957,indexer,423577981,320296332,103281648,10966028288,11141795840,1433083904,9291583488,2608267264,8680042496,30,13866901504
1791660732.839,385.957,zebrad,155930659,134078330,21852328,4235726848,4375670784,393416704,3826040832,3862683648,731942912,20,13866901504
1791660733.839,386.957,indexer,423865426,320458841,103406584,11129331712,11141795840,1435181056,9448280064,2609180672,8898363392,30,13863219200
1791660733.839,386.957,zebrad,155936045,134082664,21853381,4235726848,4375670784,393416704,3826040832,3862683648,731942912,20,13863219200
1791660734.839,387.957,indexer,424020487,320567234,103453253,11130101760,11141795840,1435181056,9448968192,2609868800,9105129472,30,13862400000
1791660734.839,387.957,zebrad,155941194,134087650,21853543,4235726848,4375670784,393416704,3826040832,3862683648,731942912,20,13862400000
1791660735.839,388.957,indexer,424299973,320685130,103614842,11133399040,11141795840,1437278208,9450045440,2610946048,9213980672,30,13860847616
1791660735.839,388.957,zebrad,155947010,134090638,21856372,4235726848,4375670784,393416704,3826040832,3862683648,731942912,20,13860847616
1791660736.840,389.957,indexer,424582705,320851640,103731065,11134201856,11141795840,1437278208,9450885120,2611773440,9448456192,30,13862543360
1791660736.840,389.957,zebrad,155952611,134096238,21856372,4235726848,4375670784,393416704,3826040832,3862683648,731942912,20,13862543360
1791660737.840,390.957,indexer,425922846,322095154,103827692,11137622016,11141795840,1438261248,9452961792,2613837824,9559076864,29,13864247296
1791660737.840,390.957,zebrad,155952734,134096362,21856372,4235726848,4375670784,393416704,3826040832,3862683648,731942912,20,13864247296
1791660738.840,391.957,indexer,427570586,323492722,104077864,11153084416,11153084416,1445531648,9460797440,2621673472,9559076864,29,13856473088
1791660738.840,391.957,zebrad,155956085,134099713,21856372,4235726848,4375670784,393416704,3826040832,3862683648,731942912,20,13856473088
1791660739.840,392.957,indexer,429357615,324804132,104553482,11176591360,11176615936,1458114560,9472122880,2632998912,9559076864,29,13849575424
1791660739.840,392.957,zebrad,155962017,134104640,21857376,4235722752,4375670784,393416704,3826040832,3862683648,731942912,20,13849575424
1791660740.840,393.957,indexer,431337536,326232990,105104546,11201466368,11201503232,1470705664,9484382208,2645258240,9559076864,29,13822005248
1791660740.840,393.957,zebrad,155968029,134110369,21857659,4235718656,4375670784,393416704,3826040832,3862683648,731942912,20,13822005248
1791660741.840,394.957,indexer,433406436,327780011,105626425,11229503488,11229503488,1485385728,9497690112,2658566144,9559076864,29,13817950208
1791660741.840,394.957,zebrad,155974124,134115451,21858672,4235714560,4375670784,393416704,3826040832,3862683648,731942912,20,13817950208
1791660742.840,395.957,indexer,435283149,329150330,106132819,11252031488,11252039680,1495883776,9509548032,2670424064,9559076864,29,13804294144
1791660742.840,395.957,zebrad,155979951,134121279,21858672,4235448320,4375670784,393416704,3826040832,3862683648,731942912,20,13804294144
1791660743.840,396.958,indexer,436803310,330230954,106572355,11271704576,11271786496,1506369536,9518952448,2679828480,9559076864,29,13789388800
1791660743.840,396.958,zebrad,155985918,134127245,21858672,4235702272,4375670784,393416704,3826040832,3862683648,731942912,20,13789388800
1791660744.840,397.958,indexer,438409028,331424899,106984128,11291951104,11291951104,1516523520,9529253888,2690129920,9559076864,29,13781413888
1791660744.840,397.958,zebrad,155991942,134133269,21858672,4235698176,4375670784,393416704,3826040832,3862683648,731942912,20,13781413888
1791660745.840,398.958,indexer,439641137,332331845,107309291,11201810432,11302666240,1525342208,9432985600,2697793536,9559076864,29,13786415104
1791660745.840,398.958,zebrad,155997126,134138453,21858672,4235689984,4375670784,393416704,3826040832,3862683648,731942912,20,13786415104
1791660746.840,399.958,indexer,440860897,333208793,107652104,11217698816,11302666240,1533730816,9440518144,2705326080,9559076864,29,13775126528
1791660746.840,399.958,zebrad,156003436,134144763,21858672,4235448320,4375670784,393416704,3826040832,3862683648,731942912,20,13775126528
1791660747.841,400.958,indexer,442004811,334008043,107996768,11233210368,11302666240,1542119424,9447604224,2712412160,9559076864,29,13770821632
1791660747.841,400.958,zebrad,156009104,134150431,21858672,4235407360,4375670784,393416704,3826040832,3862683648,731942912,20,13770821632
1791660748.841,401.958,indexer,443427376,335028618,108398758,11250298880,11302666240,1550508032,9456455680,2721271808,9559076864,29,13762805760
1791660748.841,401.958,zebrad,156015030,134156195,21858835,4235927552,4375670784,393416704,3826040832,3862683648,731942912,20,13762805760
1791660749.841,402.958,indexer,443979531,335436990,108542541,11258167296,11302666240,1554702336,9459712000,2724524032,9559076864,29,13758087168
1791660749.841,402.958,zebrad,156021157,134161304,21859852,4235923456,4375670784,393416704,3826040832,3862683648,731942912,20,13758087168
1791660750.841,403.958,indexer,444422958,335764403,108658555,11262808064,11302666240,1556799488,9462013952,2727034880,9559076864,29,13753856000
1791660750.841,403.958,zebrad,156026502,134166650,21859852,4235915264,4375670784,393416704,3826040832,3862683648,731942912,20,13753856000
1791660751.841,404.958,indexer,445524946,336589018,108935927,11275464704,11302666240,1563090944,9469116416,2733924352,9559076864,29,13746163712
1791660751.841,404.958,zebrad,156031793,134171707,21860085,4235882496,4375670784,393416704,3826040832,3862683648,731942912,20,13746163712
1791660752.841,405.958,indexer,446499524,337277531,109221993,11288133632,11302666240,1569386496,9474863104,2739671040,9559076864,29,13740380160
1791660752.841,405.958,zebrad,156037492,134177306,21860185,4235636736,4375670784,393416704,3826040832,3862683648,731942912,20,13740380160
1791660753.841,406.958,indexer,448577222,338794696,109782525,11209297920,11314757632,1584066560,9383968768,2752622592,9559076864,29,13732122624
1791660753.841,406.958,zebrad,156044894,134184510,21860384,4235898880,4375670784,393416704,3826040832,3862683648,731942912,20,13732122624
1791660754.841,407.959,indexer,451132659,340899911,110232747,11057573888,11314757632,1422942208,9393700864,2762911744,9559076864,30,13874819072
1791660754.841,407.959,zebrad,156050460,134190076,21860384,4235898880,4375670784,393416704,3826040832,3862683648,731942912,20,13874819072
1791660755.841,408.959,indexer,453728950,342910765,110818184,11077722112,11314757632,1434480640,9395974144,2772901888,9559076864,30,13698052096
1791660755.841,408.959,zebrad,156057096,134196679,21860417,4215730176,4375670784,393416704,3806117888,3862683648,731942912,20,13698052096
1791660756.841,409.959,indexer,454343119,343206892,111136226,11134967808,11314757632,1434480640,9451356160,2774351872,9722802176,30,13888147456
1791660756.841,409.959,zebrad,156063070,134201796,21861273,4215730176,4375670784,393416704,3805855744,3862683648,731942912,20,13888147456
1791660757.841,410.959,indexer,454490090,343314317,111175773,11137912832,11314757632,1436577792,9452003328,2774999040,9932673024,30,13884002304
1791660757.841,410.959,zebrad,156068289,134206982,21861306,4215451648,4375670784,393416704,3805855744,3862683648,731942912,20,13884002304
1791660758.841,411.959,indexer,455246574,343987314,111259260,11139342336,11314757632,1436577792,9453228032,2776223744,10068525056,30,13882736640
1791660758.841,411.959,zebrad,156074139,134211854,21862284,4215709696,4375670784,393416704,3805855744,3862683648,731942912,20,13882736640
1791660759.842,412.959,indexer,456540315,345188120,111352195,11141591040,11314757632,1437605888,9454419968,2777415680,10174619648,30,13882015744
1791660759.842,412.959,zebrad,156074139,134211854,21862284,4215709696,4375670784,393416704,3805855744,3862683648,731942912,20,13882015744
1791660760.842,413.959,indexer,456857028,345430463,111426564,11142967296,11314757632,1438425088,9455153152,2778148864,10359443456,30,13880102912
1791660760.842,413.959,zebrad,156079636,134216282,21863353,4215443456,4375670784,393416704,3805855744,3862683648,731942912,20,13880102912
1791660761.842,414.959,indexer,457459690,345853110,111606580,11150180352,11314757632,1442127872,9458487296,2781483008,10476453888,29,13877108736
1791660761.842,414.959,zebrad,156084831,134221477,21863353,4215689216,4375670784,393416704,3805855744,3862683648,731942912,20,13877108736
1791660762.842,415.959,indexer,458711674,346729391,111982282,11165954048,11314757632,1450225664,9466077184,2789072896,10476453888,29,13869170688
1791660762.842,415.959,zebrad,156090991,134226865,21864125,4215689216,4375670784,393416704,3805855744,3862683648,731942912,20,13869170688
1791660763.842,416.959,indexer,459693035,347436443,112256591,11177947136,11314757632,1456435200,9471926272,2794921984,10476453888,29,13862436864
1791660763.842,416.959,zebrad,156096899,134232773,21864125,4215689216,4375670784,393416704,3805855744,3862683648,731942912,20,13862436864
1791660764.842,417.959,indexer,461167723,348515205,112652518,11195785216,11314757632,1465729024,9480634368,2803634176,10476453888,29,13851836416
1791660764.842,417.959,zebrad,156102217,134237338,21864879,4215447552,4375670784,393416704,3805855744,3862683648,731942912,20,13851836416
1791660765.842,418.960,indexer,461971428,349115096,112856332,11205988352,11314757632,1470820352,9485373440,2808369152,10476453888,29,13846659072
1791660765.842,418.960,zebrad,156108666,134243787,21864879,4215447552,4375670784,393416704,3805855744,3862683648,731942912,20,13846659072
1791660766.842,419.960,indexer,462788284,349710358,113077926,11213651968,11314757632,1476067328,9487527936,2813308928,10476453888,29,13843525632
1791660766.842,419.960,zebrad,156114454,134247822,21866632,4214398976,4375670784,393416704,3804807168,3862683648,731942912,20,13843525632
1791660767.842,420.960,indexer,464145678,350721946,113423732,11230629888,11314757632,1484832768,9495810048,2821591040,10476453888,29,13834584064
1791660767.842,420.960,zebrad,156120036,134252462,21867573,4213895168,4375670784,393416704,3804807168,3862683648,731942912,20,13834584064
1791660768.842,421.960,indexer,465711008,351860654,113850353,11250212864,11314757632,1494921216,9505415168,2831196160,10476453888,29,13826023424
1791660768.842,421.960,zebrad,156126191,134257596,21868594,4214108160,4375670784,393416704,3804807168,3862683648,731942912,20,13826023424
1791660769.843,422.960,indexer,467082399,352829169,114253229,11267354624,11314757632,1503686656,9513631744,2839412736,10476453888,29,13816778752
1791660769.843,422.960,zebrad,156131851,134262165,21869686,4214366208,4375670784,393416704,3804807168,3862683648,731942912,20,13816778752
1791660770.843,423.960,indexer,468490874,353870422,114620452,11284402176,11314757632,1512505344,9521967104,2847748096,10476453888,29,13807906816
1791660770.843,423.960,zebrad,156137774,134267957,21869817,4214095872,4375670784,393416704,3804807168,3862683648,731942912,20,13807906816
1791660771.843,424.960,indexer,469285742,354469478,114816263,11293843456,11314757632,1517117440,9526747136,2852528128,10476453888,29,13803171840
1791660771.843,424.960,zebrad,156143288,134272399,21870888,4214353920,4375670784,393416704,3804807168,3862683648,731942912,20,13803171840
1791660772.843,425.960,indexer,469842957,354839271,115003686,11300470784,11314757632,1520611328,9529892864,2855673856,10476453888,29,13799231488
1791660772.843,425.960,zebrad,156148596,134277523,21871073,4214353920,4375670784,393416704,3804807168,3862683648,731942912,20,13799231488
1791660773.843,426.960,indexer,470309150,355173395,115135755,11305816064,11314757632,1523478528,9532477440,2858258432,10476453888,29,13796573184
1791660773.843,426.960,zebrad,156154533,134283187,21871346,4214353920,4375670784,393416704,3804807168,3862683648,731942912,20,13796573184
1791660774.843,427.960,indexer,470910982,355622655,115288327,11313016832,11314757632,1527230464,9535819776,2861604864,10476453888,29,13792063488
1791660774.843,427.960,zebrad,156159834,134287447,21872387,4214353920,4375670784,393416704,3804807168,3862683648,731942912,20,13792063488
1791660775.843,428.960,indexer,471698733,356224867,115473865,11322159104,11322159104,1532145664,9540263936,2866044928,10476453888,29,13784961024
1791660775.843,428.960,zebrad,156165584,134293196,21872387,4214616064,4375670784,393416704,3804807168,3862683648,731942912,20,13784961024
1791660776.843,429.961,indexer,473731388,357739080,115992307,11345489920,11345510400,1545867264,9549504512,2878095360,10476453888,29,13775761408
1791660776.843,429.961,zebrad,156171601,134299214,21872387,4213051392,4375670784,393416704,3803758592,3862683648,731942912,20,13775761408
1791660777.843,430.961,indexer,475339536,358907841,116431695,11365224448,11365232640,1556373504,9558781952,2887372800,10476453888,29,13765865472
1791660777.843,430.961,zebrad,156178209,134303329,21874880,4213313536,4375670784,393416704,3803758592,3862683648,731942912,20,13765865472
1791660778.843,431.961,indexer,477069846,360154051,116915795,11286278144,11366424576,1568206848,9470685184,2897379328,10476453888,29,13748531200
1791660778.843,431.961,zebrad,156184803,134309837,21874965,4213297152,4375670784,393416704,3803758592,3862683648,731942912,20,13748531200
1791660779.843,432.961,indexer,478897742,361482864,117414877,11310161920,11366424576,1581166592,9481625600,2908319744,10476453888,29,13735411712
1791660779.843,432.961,zebrad,156191061,134315917,21875144,4213559296,4375670784,393416704,3803758592,3862683648,731942912,20,13735411712
1791660780.843,433.961,indexer,480937698,363101159,117836538,11158122496,11366424576,1420185600,9490960384,2917654528,10476453888,30,13881044992
1791660780.843,433.961,zebrad,156196771,134321627,21875144,4213559296,4375670784,393416704,3803758592,3862683648,731942912,20,13881044992
1791660781.844,434.961,indexer,482933789,364831120,118102669,11305447424,11366424576,1425219584,9628790784,2923626496,10476453888,30,13869301760
1791660781.844,434.961,zebrad,156202637,134327408,21875229,4213555200,4375670784,393416704,3803758592,3862683648,731942912,20,13869301760
1791660782.844,435.961,indexer,484359000,365771352,118587648,11307618304,11367268352,1430466560,9621897216,2928431104,10629255168,30,13872193536
1791660782.844,435.961,zebrad,156208760,134333511,21875248,4213288960,4375670784,393416704,3803758592,3862683648,731942912,20,13872193536
1791660783.844,436.961,indexer,484464265,365840101,118624163,11291709440,11367268352,1430466560,9604104192,2928680960,10795343872,30,13869019136
1791660783.844,436.961,zebrad,156215928,134340513,21875414,4213284864,4375670784,393416704,3803758592,3862683648,731942912,20,13869019136
1791660784.844,437.961,indexer,484786577,366067856,118718721,11295375360,11367268352,1432563712,9605394432,2929971200,10956120064,30,13863022592
1791660784.844,437.961,zebrad,156221445,134345517,21875927,4213305344,4375670784,393416704,3803758592,3862683648,731942912,20,13863022592
1791660785.844,438.961,indexer,485998407,367181390,118817016,11298766848,11367268352,1434660864,9606651904,2931228672,11040444416,30,13863075840
1791660785.844,438.961,zebrad,156221467,134345536,21875931,4213305344,4375670784,393416704,3803758592,3862683648,731942912,20,13863075840
1791660786.844,439.961,indexer,486991661,368101455,118890206,11300114432,11367268352,1434660864,9607639040,2932215808,11271487488,30,13863317504
1791660786.844,439.961,zebrad,156224301,134347535,21876766,4213567488,4375670784,393416704,3803758592,3862683648,731942912,20,13863317504
1791660787.844,440.961,indexer,488017714,368908560,119109154,11311968256,11367268352,1440952320,9613299712,2937876480,11364110336,29,13857017856
1791660787.844,440.961,zebrad,156229870,134353103,21876766,4213563392,4375670784,393416704,3803758592,3862683648,731942912,20,13857017856
1791660788.844,441.962,indexer,490074903,370480445,119594458,11336843264,11367268352,1453391872,9625595904,2950172672,11364110336,29,13849903104
1791660788.844,441.962,zebrad,156236479,134359543,21876935,4213563392,4375670784,393416704,3803758592,3862683648,731942912,20,13849903104
1791660789.844,442.962,indexer,491300749,371407403,119893346,11352719360,11367268352,1461780480,9633361920,2957938688,11364110336,29,13847261184
1791660789.844,442.962,zebrad,156242347,134365288,21877059,4213563392,4375670784,393416704,3803758592,3862683648,731942912,20,13847261184
1791660790.844,443.962,indexer,492642354,372425057,120217296,11268349952,11367268352,1470169088,9542971392,2965995520,11364110336,29,13838073856
1791660790.844,443.962,zebrad,156248359,134371295,21877063,4213559296,4375670784,393416704,3803758592,3862683648,731942912,20,13838073856
1791660791.844,444.962,indexer,493766743,373268402,120498341,11281670144,11367268352,1476460544,9549856768,2972884992,11364110336,29,13834895360
1791660791.844,444.962,zebrad,156254459,134376242,21878216,4213559296,4375670784,393416704,3803758592,3862683648,731942912,20,13834895360
1791660792.845,445.962,indexer,495225190,374342144,120883045,11298193408,11367268352,1484849152,9558282240,2981306368,11364110336,29,13826256896
1791660792.845,445.962,zebrad,156260631,134380534,21880097,4213534720,4375670784,393416704,3803758592,3862683648,731942912,20,13826256896
1791660793.845,446.962,indexer,496752822,375481152,121271670,11317809152,11367268352,1495433216,9567334400,2990358528,11364110336,29,13812944896
1791660793.845,446.962,zebrad,156266235,134386051,21880184,4213796864,4375670784,393416704,3803758592,3862683648,731942912,20,13812944896
1791660794.845,447.962,indexer,498109891,376480052,121629839,11334807552,11367268352,1504444416,9575219200,2998243328,11364110336,29,13802942464
1791660794.845,447.962,zebrad,156272194,134391733,21880460,4213788672,4375670784,393416704,3803758592,3862683648,731942912,20,13802942464
1791660795.845,448.962,indexer,499188126,377263355,121924771,11347570688,11367268352,1510891520,9580990464,3004456960,11364110336,29,13794131968
1791660795.845,448.962,zebrad,156278272,134396801,21881470,4213788672,4375670784,393416704,3803758592,3862683648,731942912,20,13794131968
1791660796.845,449.962,indexer,499826134,377731418,122094715,11355549696,11367268352,1515085824,9585049600,3008073728,11364110336,29,13790318592
1791660796.845,449.962,zebrad,156283913,134402443,21881470,4213518336,4375670784,393416704,3803758592,3862683648,731942912,20,13790318592
1791660797.845,450.962,indexer,500619011,378312671,122306340,11364282368,11367268352,1519280128,9589649408,3012673536,11364110336,29,13785714688
1791660797.845,450.962,zebrad,156289665,134407995,21881669,4213276672,4375670784,393416704,3803758592,3862683648,731942912,20,13785714688
1791660798.845,451.963,indexer,501877029,379209501,122667527,11279278080,11371376640,1528102912,9498480640,3020021760,11364110336,29,13789134848
1791660798.845,451.963,zebrad,156295557,134412045,21883511,4213538816,4375670784,393416704,3803758592,3862683648,731942912,20,13789134848
1791660799.845,452.963,indexer,502666564,379767955,122898609,11287945216,11371376640,1532583936,9502953472,3024494592,11364110336,29,13784350720
1791660799.845,452.963,zebrad,156300761,134415504,21885257,4213538816,4375670784,393416704,3803758592,3862683648,731942912,20,13784350720
1791660800.845,453.963,indexer,503360435,380299351,123061083,11298545664,11371376640,1539117056,9506955264,3028496384,11364110336,29,13771702272
1791660800.845,453.963,zebrad,156306247,134420201,21886045,4213538816,4375670784,393416704,3803758592,3862683648,731942912,20,13771702272
1791660801.845,454.963,indexer,504047132,380818848,123228283,11307024384,11371376640,1543421952,9510854656,3032395776,11364110336,29,13766905856
1791660801.845,454.963,zebrad,156311359,134425016,21886342,4213534720,4375670784,393416704,3803758592,3862683648,731942912,20,13766905856
1791660802.845,455.963,indexer,504538014,381198751,123339262,11311955968,11371376640,1545658368,9513644032,3035185152,11364110336,29,13766803456
1791660802.845,455.963,zebrad,156316828,134428703,21888124,4213534720,4375670784,393416704,3803758592,3862683648,731942912,20,13766803456
1791660803.846,456.963,indexer,506004965,382271845,123733119,11331690496,11371376640,1556500480,9522372608,3043913728,11364110336,29,13757313024
1791660803.846,456.963,zebrad,156323259,134435135,21888124,4213534720,4375670784,393416704,3803758592,3862683648,731942912,20,13757313024
1791660804.846,457.963,indexer,507624457,383462888,124161568,11352272896,11371376640,1567068160,9532157952,3053699072,11364110336,29,13744345088
1791660804.846,457.963,zebrad,156329192,134441067,21888124,4213534720,4375670784,393416704,3803758592,3862683648,731942912,20,13744345088
1791660805.846,458.963,indexer,509038549,384496457,124542092,11369443328,11371376640,1575858176,9541033984,3062579200,11364110336,29,13736665088
1791660805.846,458.963,zebrad,156335025,134446705,21888319,4213534720,4375670784,393416704,3803758592,3862683648,731942912,20,13736665088
1791660806.846,459.963,indexer,509603841,384922207,124681633,11377180672,11377274880,1580281856,9544380416,3065921536,11364110336,29,13732151296
1791660806.846,459.963,zebrad,156340356,134450991,21889364,4213534720,4375670784,393416704,3803758592,3862683648,731942912,20,13732151296
1791660807.846,460.963,indexer,510413057,385516931,124896126,11386593280,11386609664,1584701440,9549070336,3070611456,11364110336,29,13728006144
1791660807.846,460.963,zebrad,156346149,134456784,21889364,4213534720,4375670784,393416704,3803758592,3862683648,731942912,20,13728006144
1791660808.846,461.963,indexer,511984484,386711887,125272597,11132137472,11386855424,1421221888,9460879360,3080863744,11364110336,30,13884309504
1791660808.846,461.963,zebrad,156352944,134463492,21889452,4213534720,4375670784,393416704,3803758592,3862683648,731942912,20,13884309504
1791660809.846,462.963,indexer,513250267,387778452,125471815,11143286784,11386855424,1426604032,9466724352,3086708736,11364110336,30,13873115136
1791660809.846,462.963,zebrad,156358531,134468137,21890393,4213534720,4375670784,393416704,3803758592,3862683648,731942912,20,13873115136
1791660810.846,463.964,indexer,514402376,388758393,125643982,11151855616,11386855424,1430798336,9471168512,3091152896,11364110336,30,13874663424
1791660810.846,463.964,zebrad,156364181,134473787,21890393,4213534720,4375670784,393416704,3803758592,3862683648,731942912,20,13874663424
1791660811.846,464.964,indexer,516683767,390498688,126185078,11362422784,11387924480,1440239616,9665728512,3099664384,11364110336,30,13866516480
1791660811.846,464.964,zebrad,156370311,134478946,21891364,4213534720,4375670784,393416704,3803758592,3862683648,731942912,20,13866516480
1791660812.846,465.964,indexer,517405683,390912532,126493151,11211300864,11410468864,1441157120,9514434560,3102019584,11540332544,30,13854138368
1791660812.846,465.964,zebrad,156376154,134483951,21892202,4150091776,4375670784,393416704,3740581888,3862683648,731942912,20,13854138368
1791660813.846,466.964,indexer,517567123,391019986,126547137,11290873856,11410468864,1441718272,9591296000,3102515200,11762614272,30,13853356032
1791660813.846,466.964,zebrad,156383633,134491081,21892552,4150091776,4375670784,393416704,3740581888,3862683648,731942912,20,13853356032
1791660814.847,467.964,indexer,517909278,391254374,126654904,11295182848,11410468864,1444433920,9592733696,3103952896,11901501440,30,13845979136
1791660814.847,467.964,zebrad,156388856,134496304,21892552,4150091776,4375670784,393416704,3740581888,3862683648,731942912,20,13845979136
1791660815.847,468.964,indexer,518239935,391491998,126747936,11296968704,11410468864,1444794368,9594019840,3105239040,11994193920,30,13845729280
1791660815.847,468.964,zebrad,156394091,134500613,21893477,4150091776,4375670784,393416704,3740581888,3862683648,731942912,20,13845729280
1791660816.847,469.964,indexer,518739983,391923021,126816961,11298836480,11410468864,1445687296,9594814464,3106033664,12156317696,30,13846007808
1791660816.847,469.964,zebrad,156399739,134506029,21893710,4150087680,4375670784,393416704,3740581888,3862683648,731942912,20,13846007808
1791660817.847,470.964,indexer,520139453,393211906,126927547,11306262528,11410468864,1450582016,9597415424,3108601856,12312707072,29,13841756160
1791660817.847,470.964,zebrad,156399852,134506126,21893725,4150087680,4375670784,393416704,3740581888,3862683648,731942912,20,13841756160
1791660818.847,471.964,indexer,521618242,394436883,127181358,11319173120,11410468864,1456877568,9603674112,3114860544,12312707072,29,13838102528
1791660818.847,471.964,zebrad,156405644,134511665,21893978,4150087680,4375670784,393433088,3740581888,3862683648,731942912,20,13838102528
1791660819.847,472.964,indexer,522728776,395269585,127459191,11331985408,11410468864,1463169024,9610219520,3121405952,12312707072,29,13832818688
1791660819.847,472.964,zebrad,156411719,134516870,21894848,4150087680,4375670784,393433088,3740581888,3862683648,731942912,20,13832818688
1791660820.847,473.964,indexer,524112197,396262576,127849621,11350560768,11410468864,1473662976,9618333696,3129520128,12312707072,29,13824655360
1791660820.847,473.964,zebrad,156417280,134521772,21895507,4150087680,4375670784,393433088,3740581888,3862683648,731942912,20,13824655360
1791660821.847,474.965,indexer,525761345,397442885,128318460,11370909696,11410468864,1484148736,9628033024,3139219456,12312707072,29,13812748288
1791660821.847,474.965,zebrad,156423501,134526245,21897256,4150087680,4375670784,393433088,3740581888,3862683648,731942912,20,13812748288
1791660822.847,475.965,indexer,527436677,398670467,128766209,11391029248,11410468864,1494634496,9637851136,3149037568,12312707072,29,13804572672
1791660822.847,475.965,zebrad,156430409,134533153,21897256,4149870592,4375670784,393433088,3740581888,3862683648,731942912,20,13804572672
1791660823.847,476.965,indexer,529256616,400001412,129255203,11414556672,11414622208,1507217408,9648652288,3159838720,12312707072,29,13789851648
1791660823.847,476.965,zebrad,156435941,134537900,21898040,4149800960,4375670784,393433088,3740581888,3862683648,731942912,20,13789851648
1791660824.847,477.965,indexer,531210012,401429297,129780714,11441303552,11441303552,1521901568,9660563456,3171749888,12312707072,29,13772832768
1791660824.847,477.965,zebrad,156441315,134542083,21899231,4149817344,4375670784,393433088,3740581888,3862683648,731942912,20,13772832768
1791660825.848,478.965,indexer,533109796,402830946,130278850,11364577280,11445760000,1534488576,9573318656,3183153152,12312707072,29,13761241088
1791660825.848,478.965,zebrad,156447582,134548351,21899231,4150067200,4375670784,393433088,3740581888,3862683648,731942912,20,13761241088
1791660826.848,479.965,indexer,535000410,404220508,130779902,11388272640,11445760000,1547071488,9584508928,3194343424,12312707072,29,13750566912
1791660826.848,479.965,zebrad,156453901,134553724,21900176,4150063104,4375670784,393433088,3740581888,3862683648,731942912,20,13750566912
1791660827.848,480.965,indexer,537024949,405700820,131324129,11413417984,11445760000,1559654400,9596940288,3206774784,12312707072,29,13738442752
1791660827.848,480.965,zebrad,156459548,134557425,21902123,4149792768,4375670784,393433088,3740581888,3862683648,731942912,20,13738442752
1791660828.848,481.965,indexer,538726494,406953131,131773363,11436244992,11445760000,1572245504,9607172096,3217006592,12312707072,29,13728296960
1791660828.848,481.965,zebrad,156465812,134562932,21902880,4150050816,4375670784,393433088,3740581888,3862683648,731942912,20,13728296960
1791660829.848,482.965,indexer,540515127,408243925,132271201,11460108288,11460112384,1584828416,9618071552,3227906048,12312707072,29,13715734528
1791660829.848,482.965,zebrad,156471915,134568020,21903894,4150304768,4375670784,393433088,3740581888,3862683648,731942912,20,13715734528
1791660830.848,483.965,indexer,542436932,409751453,132685478,11202125824,11467464704,1423351808,9525166080,3239034880,12312707072,30,13877862400
1791660830.848,483.965,zebrad,156477421,134571599,21905822,4150304768,4375670784,393433088,3740581888,3862683648,731942912,20,13877862400
1791660831.848,484.965,indexer,544744991,411686059,133058932,11219582976,11467464704,1430827008,9535094784,3248963584,12312707072,30,13868417024
1791660831.848,484.965,zebrad,156483492,134576800,21906691,4150304768,4375670784,393433088,3740581888,3862683648,731942912,20,13868417024
1791660832.848,485.966,indexer,547064279,413306338,133757940,11443068928,11467796480,1442365440,9739997184,3258032128,12378800128,30,13860769792
1791660832.848,485.966,zebrad,156489336,134581527,21907809,4150304768,4375670784,393433088,3740581888,3862683648,731942912,20,13860769792
1791660833.848,486.966,indexer,547220997,413388255,133832742,11436924928,11472109568,1442365440,9733664768,3258355712,12656861184,30,13862125568
1791660833.848,486.966,zebrad,156495275,134587332,21907942,4150304768,4375670784,393433088,3740581888,3862683648,731942912,20,13862125568
1791660834.848,487.966,indexer,547513206,413588990,133924215,11438211072,11472109568,1442365440,9734791168,3259482112,12790468608,30,13860089856
1791660834.848,487.966,zebrad,156500965,134592784,21908180,4150292480,4375670784,393433088,3740581888,3862683648,731942912,20,13860089856
1791660835.848,488.966,indexer,548667537,414654663,134012873,11441377280,11472109568,1444462592,9735860224,3260551168,12874223616,30,13855494144
1791660835.848,488.966,zebrad,156501137,134592932,21908205,4150292480,4375670784,393433088,3740581888,3862683648,731942912,20,13855494144
1791660836.848,489.966,indexer,549478229,415411961,134066267,11441799168,11472109568,1444462592,9736507392,3261198336,12998705152,30,13854928896
1791660836.848,489.966,zebrad,156504084,134594748,21909335,4150026240,4375670784,393433088,3740581888,3862683648,731942912,20,13854928896
1791660837.849,490.966,indexer,549713910,415562770,134151139,11443957760,11472109568,1445220352,9737625600,3262308352,13187264512,29,13855502336
1791660837.849,490.966,zebrad,156509518,134599841,21909677,4150022144,4375670784,393433088,3740581888,3862683648,731942912,20,13855502336
1791660838.849,491.966,indexer,550875693,416438531,134437162,11460558848,11472109568,1454809088,9744359424,3269042176,13187264512,29,13842812928
1791660838.849,491.966,zebrad,156516108,134606431,21909677,4150280192,4375670784,393433088,3740581888,3862683648,731942912,20,13842812928
1791660839.849,492.966,indexer,552842102,417877398,134964703,11378335744,11478122496,1467392000,9652166656,3280793600,13187264512,29,13834944512
1791660839.849,492.966,zebrad,156522569,134612161,21910407,4150026240,4375670784,393433088,3740581888,3862683648,731942912,20,13834944512
1791660840.849,493.966,indexer,554258574,418860092,135398481,11394547712,11478122496,1475780608,9660395520,3289018368,13187264512,29,13815316480
1791660840.849,493.966,zebrad,156528896,134618301,21910595,4150050816,4375670784,393433088,3740581888,3862683648,731942912,20,13815316480
1791660841.849,494.966,indexer,555185573,419519754,135665819,11406671872,11478122496,1482170368,9665794048,3294420992,13187264512,29,13811408896
1791660841.849,494.966,zebrad,156534370,134622430,21911940,4150312960,4375670784,393433088,3740581888,3862683648,731942912,20,13811408896
1791660842.849,495.966,indexer,556368345,420377138,135991206,11421917184,11478122496,1490558976,9672589312,3301212160,13187264512,29,13804429312
1791660842.849,495.966,zebrad,156539758,134626047,21913711,4150312960,4375670784,393433088,3740581888,3862683648,731942912,20,13804429312
1791660843.849,496.966,indexer,558142275,421669104,136473171,11442184192,11478122496,1501044736,9682898944,3311521792,13187264512,29,13798952960
1791660843.849,496.966,zebrad,156548064,134634167,21913897,4150063104,4375670784,393433088,3740581888,3862683648,731942912,20,13798952960
1791660844.849,497.967,indexer,559641184,422731488,136909695,11461885952,11478122496,1511534592,9691574272,3320197120,13187264512,29,13787496448
1791660844.849,497.967,zebrad,156553621,134639723,21913897,4150063104,4375670784,393433088,3740581888,3862683648,731942912,20,13787496448
1791660845.849,498.967,indexer,561170095,423820830,137349264,11381465088,11478122496,1522020352,9601462272,3329175552,13187264512,29,13780402176
1791660845.849,498.967,zebrad,156559199,134644700,21914499,4150063104,4375670784,393433088,3740581888,3862683648,731942912,20,13780402176
1791660846.849,499.967,indexer,563075791,425213802,137861989,11405467648,11478122496,1534701568,9612681216,3340394496,13187264512,29,13773545472
1791660846.849,499.967,zebrad,156565425,134650926,21914499,4150063104,4375670784,393433088,3740581888,3862683648,731942912,20,13773545472
1791660847.849,500.967,indexer,564606538,426300297,138306240,11425263616,11478122496,1545187328,9621647360,3349360640,13187264512,29,13759631360
1791660847.849,500.967,zebrad,156571228,134656728,21914499,4150063104,4375670784,393433088,3740581888,3862683648,731942912,20,13759631360
1791660848.850,501.967,indexer,565476401,426942407,138533993,11436146688,11478122496,1551482880,9626697728,3354411008,13187264512,29,13750456320
1791660848.850,501.967,zebrad,156576652,134661644,21915008,4149813248,4375670784,393433088,3740581888,3862683648,731942912,20,13750456320
1791660849.850,502.967,indexer,566773908,427926793,138847114,11452399616,11478122496,1559871488,9634222080,3361935360,13187264512,29,13740728320
1791660849.850,502.967,zebrad,156581760,134665459,21916301,4149813248,4375670784,393433088,3740581888,3862683648,731942912,20,13740728320
1791660850.850,503.967,indexer,567645368,428566174,139079194,11463581696,11478122496,1566162944,9639211008,3366924288,13187264512,29,13723414528
1791660850.850,503.967,zebrad,156586962,134670351,21916611,4149813248,4375670784,393433088,3740581888,3862683648,731942912,20,13723414528
1791660851.850,504.967,indexer,568328205,429024691,139303513,11371266048,11478122496,1570357248,9543901184,3370840064,13187264512,29,13723525120
1791660851.850,504.967,zebrad,156592157,134674520,21917637,4149813248,4375670784,393433088,3740581888,3862683648,731942912,20,13723525120
1791660852.850,505.967,indexer,569169899,429620596,139549302,11382747136,11478122496,1576648704,9548718080,3375656960,13187264512,29,13716414464
1791660852.850,505.967,zebrad,156598045,134680002,21918042,4149813248,4375670784,393433088,3740581888,3862683648,731942912,20,13716414464
1791660853.850,506.967,indexer,570030738,430247306,139783432,11391983616,11478122496,1580843008,9553649664,3380592640,13187264512,29,13714067456
1791660853.850,506.967,zebrad,156604273,134685478,21918795,4149809152,4375670784,393433088,3740581888,3862683648,731942912,20,13714067456
1791660854.850,507.967,indexer,570959475,430932947,140026527,11403517952,11478122496,1587146752,9559048192,3385987072,13187264512,29,13706543104
1791660854.850,507.967,zebrad,156609552,134689858,21919693,4149809152,4375670784,393433088,3740581888,3862683648,731942912,20,13706543104
1791660855.850,508.967,indexer,572248258,431952193,140296064,11243442176,11478122496,1421467648,9564622848,3391561728,13187264512,30,13870034944
1791660855.850,508.967,zebrad,156615170,134693393,21921776,4149809152,4375670784,393433088,3740581888,3862683648,731942912,20,13870034944
1791660856.850,509.968,indexer,574062901,433467560,140595341,11257421824,11478122496,1428951040,9571422208,3398361088,13187264512,30,13864296448
1791660856.850,509.968,zebrad,156621192,134699410,21921782,4150071296,4375670784,393433088,3740581888,3862683648,731942912,20,13864296448
1791660857.850,510.968,indexer,576617036,435368137,141248898,11440476160,11546603520,1438392320,9739034624,3407659008,13195657216,30,13853220864
1791660857.850,510.968,zebrad,156627075,134704310,21922765,4087672832,4375670784,393433088,3678183424,3862683648,731942912,20,13853220864
1791660858.850,511.968,indexer,576877363,435524965,141352398,11441524736,11546603520,1438412800,9740107776,3408732160,13464264704,30,13854785536
1791660858.850,511.968,zebrad,156632342,134708820,21923522,4087640064,4375670784,393433088,3678183424,3862683648,731942912,20,13854785536
1791660859.850,512.968,indexer,577051621,435643493,141408128,11493691392,11546603520,1440509952,9788567552,3409473536,13615685632,30,13851353088
1791660859.850,512.968,zebrad,156637635,134714112,21923522,4087640064,4375670784,393433088,3678183424,3862683648,731942912,20,13851353088
1791660860.851,513.968,indexer,577421703,435879949,141541754,11497877504,11546603520,1442607104,9790373888,3411279872,13656625152,30,13839355904
1791660860.851,513.968,zebrad,156643040,134718698,21924342,4087640064,4375670784,393433088,3678183424,3862683648,731942912,20,13839355904
1791660861.851,514.968,indexer,578151665,436487758,141663907,11499188224,11546603520,1442607104,9791856640,3412762624,13739827200,30,13838901248
1791660861.851,514.968,zebrad,156649053,134724567,21924486,4087640064,4375670784,393433088,3678183424,3862683648,731942912,20,13838901248
1791660862.851,515.968,indexer,579398214,437652106,141746107,11502329856,11546603520,1444704256,9792913408,3413819392,13818376192,30,13835657216
1791660862.851,515.968,zebrad,156649157,134724656,21924500,4087640064,4375670784,393433088,3678183424,3862683648,731942912,20,13835657216
1791660863.851,516.968,indexer,579796615,437989778,141806836,11503263744,11546603520,1444704256,9793896448,3414802432,13862694912,30,13835206656
1791660863.851,516.968,zebrad,156655115,134729481,21925634,4087443456,4375670784,393433088,3678183424,3862683648,731942912,20,13835206656
1791660864.851,517.968,indexer,579952590,438102918,141849671,11504562176,11546603520,1444909056,9794613248,3415519232,13950267392,30,13835460608
1791660864.851,517.968,zebrad,156660112,134734478,21925634,4087439360,4375670784,393433088,3678183424,3862683648,731942912,20,13835460608
1791660865.851,518.968,indexer,580091258,438203663,141887594,11505549312,11546603520,1445425152,9795211264,3416109056,14070779904,30,13835882496
1791660865.851,518.968,zebrad,156665699,134740065,21925634,4087697408,4375670784,393433088,3678183424,3862683648,731942912,20,13835882496
1791660866.851,519.968,indexer,580562011,438555928,142006082,11511595008,11546603520,1448755200,9797906432,3418804224,14070779904,29,13835436032
1791660866.851,519.968,zebrad,156671776,134743889,21927886,4087697408,4375670784,393433088,3678183424,3862683648,731942912,20,13835436032
1791660867.851,520.969,indexer,581035598,438913254,142122343,11516547072,11546603520,1450852352,9800318976,3421622272,14070779904,29,13836328960
1791660867.851,520.969,zebrad,156677397,134747566,21929830,4087214080,4375670784,393433088,3678183424,3862683648,731942912,20,13836328960
1791660868.851,521.969,indexer,581352868,439143364,142209504,11520188416,11546603520,1452949504,9802551296,3423449088,14070779904,29,13834964992
1791660868.851,521.969,zebrad,156682860,134752963,21929897,4087472128,4375670784,393433088,3678183424,3862683648,731942912,20,13834964992
1791660869.851,522.969,indexer,582014610,439674161,142340449,11525341184,11546603520,1455046656,9805275136,3426365440,14070779904,29,13832232960
1791660869.851,522.969,zebrad,156688297,134756482,21931815,4087472128,4375670784,393433088,3678183424,3862683648,731942912,20,13832232960
1791660870.852,523.969,indexer,582604880,440148761,142456118,11532025856,11546603520,1459240960,9807978496,3428876288,14070779904,29,13828657152
1791660870.852,523.969,zebrad,156693565,134761571,21931994,4087205888,4375670784,393433088,3678183424,3862683648,731942912,20,13828657152
1791660871.852,524.969,indexer,583064812,440496692,142568119,11429175296,11546603520,1461338112,9706110976,3430895616,14070779904,29,13832200192
1791660871.852,524.969,zebrad,156698964,134763203,21935761,4087209984,4375670784,393433088,3678183424,3862683648,731942912,20,13832200192
1791660872.852,525.969,indexer,584093721,441247011,142846710,11438333952,11546603520,1465532416,9710972928,3435757568,14070779904,29,13824413696
1791660872.852,525.969,zebrad,156705005,134769236,21935769,4087443456,4375670784,393433088,3678183424,3862683648,731942912,20,13824413696
1791660873.852,526.969,indexer,584967086,441965689,143001396,11445628928,11546603520,1469726720,9713762304,3438546944,14070779904,29,13825220608
1791660873.852,526.969,zebrad,156712909,134775733,21937175,4087439360,4375670784,393433088,3678183424,3862683648,731942912,20,13825220608
1791660874.852,527.969,indexer,585475191,442384817,143090374,11449778176,11546603520,1471823872,9716174848,3440959488,14070779904,29,13820579840
1791660874.852,527.969,zebrad,156718195,134780699,21937496,4087697408,4375670784,393433088,3678183424,3862683648,731942912,20,13820579840
1791660875.852,528.969,indexer,586140149,442900391,143239758,11457585152,11546603520,1476018176,9719189504,3444277248,14070779904,29,13813653504
1791660875.852,528.969,zebrad,156723904,134785589,21938315,4087689216,4375670784,393433088,3678183424,3862683648,731942912,20,13813653504
1791660876.852,529.970,indexer,587209693,443727872,143481820,11468939264,11546603520,1482309632,9724551168,3449335808,14070779904,29,13810008064
1791660876.852,529.970,zebrad,156730585,134791314,21939270,4087685120,4375670784,393433088,3678183424,3862683648,731942912,20,13810008064
1791660877.852,530.970,indexer,588269711,444483707,143786003,11480862720,11546603520,1484406784,9725947904,3455168512,14070779904,29,13810126848
1791660877.852,530.970,zebrad,156736599,134797184,21939414,4087685120,4375670784,393433088,3678183424,3862683648,731942912,20,13810126848
1791660878.852,531.970,indexer,589874447,445712190,144162257,11496288256,11546603520,1496989696,9737244672,3462029312,14070779904,29,13803298816
1791660878.852,531.970,zebrad,156743045,134802428,21940616,4087676928,4375670784,393433088,3678183424,3862683648,731942912,20,13803298816
1791660879.852,532.970,indexer,590912672,446568619,144344052,11503898624,11546603520,1501184000,9740537856,3465322496,14070779904,29,13795532800
1791660879.852,532.970,zebrad,156748734,134807880,21940854,4087939072,4375670784,393433088,3678183424,3862683648,731942912,20,13795532800
1791660880.852,533.970,indexer,592129833,447604276,144525557,11511828480,11546603520,1505378304,9744293888,3469082624,14070779904,29,13787373568
1791660880.852,533.970,zebrad,156755133,134812087,21943046,4087934976,4375670784,393433088,3678183424,3862683648,731942912,20,13787373568
1791660881.853,534.970,indexer,593723436,448930779,144792656,11523649536,11546603520,1511669760,9749925888,3474710528,14070779904,29,13776056320
1791660881.853,534.970,zebrad,156761294,134817365,21943929,4087934976,4375670784,393433088,3678183424,3862683648,731942912,20,13776056320
1791660882.853,535.970,indexer,595327021,450250576,145076444,11535429632,11546603520,1517985792,9755389952,3480174592,14070779904,29,13772963840
1791660882.853,535.970,zebrad,156767076,134823035,21944040,4087934976,4375670784,393433088,3678183424,3862683648,731942912,20,13772963840
1791660883.853,536.970,indexer,596674720,451367883,145306836,11544633344,11546603520,1522200576,9760202752,3484987392,14070779904,29,13769375744
1791660883.853,536.970,zebrad,156773320,134827388,21945931,4087934976,4375670784,393433088,3678183424,3862683648,731942912,20,13769375744
1791660884.853,537.970,indexer,597765879,452360762,145405117,11552628736,11552628736,1527644160,9762496512,3487281152,14070779904,29,13778759680
1791660884.853,537.970,zebrad,156778441,134831632,21946808,4087926784,4375670784,393433088,3678183424,3862683648,731942912,20,13778759680
1791660885.853,538.970,indexer,599085343,453452947,145632396,11458740224,11552628736,1531838464,9667489792,3492147200,14070779904,29,13776764928
1791660885.853,538.970,zebrad,156784225,134836587,21947637,4087926784,4375670784,393433088,3678183424,3862683648,731942912,20,13776764928
1791660886.853,539.970,indexer,600853093,454859934,145993159,11474989056,11552628736,1540485120,9675030528,3499687936,14070779904,29,13769682944
1791660886.853,539.970,zebrad,156789607,134841196,21948411,4087926784,4375670784,393433088,3678183424,3862683648,731942912,20,13769682944
1791660887.853,540.971,indexer,602235499,456019161,146216337,11486208000,11552628736,1546981376,9679413248,3504070656,14070779904,29,13762150400
1791660887.853,540.971,zebrad,156795947,134847346,21948600,4087431168,4375670784,393433088,3678183424,3862683648,731942912,20,13762150400
1791660888.853,541.971,indexer,603644825,457119811,146525013,11498864640,11552628736,1553436672,9685749760,3510407168,14070779904,29,13760401408
1791660888.853,541.971,zebrad,156802111,134852348,21949763,4087689216,4375670784,393433088,3678183424,3862683648,731942912,20,13760401408
1791660889.853,542.971,indexer,605100781,458290017,146810763,11513974784,11552628736,1562337280,9691820032,3516481536,14070779904,29,13747974144
1791660889.853,542.971,zebrad,156808059,134857583,21950476,4087951360,4375670784,393433088,3678183424,3862683648,731942912,20,13747974144
1791660890.853,543.971,indexer,606852395,459754450,147097944,11527442432,11552628736,1569026048,9698480128,3523137536,14070779904,29,13741744128
1791660890.853,543.971,zebrad,156813869,134861423,21952446,4087947264,4375670784,393433088,3678183424,3862683648,731942912,20,13741744128
1791660891.854,544.971,indexer,608032188,460756497,147275691,11537928192,11552628736,1575530496,9702612992,3527270400,14070779904,29,13722107904
1791660891.854,544.971,zebrad,156819282,134864922,21954360,4087947264,4375670784,393433088,3678183424,3862683648,731942912,20,13722107904
1791660892.854,545.971,indexer,608537427,461175305,147362121,11539677184,11552628736,1575555072,9704308736,3528966144,14070784000,29,13722169344
1791660892.854,545.971,zebrad,156824711,134869571,21955140,4087947264,4375670784,393433088,3678183424,3862683648,731942912,20,13722169344
1791660893.854,546.971,indexer,609610831,462075142,147535689,11549638656,11552628736,1581916160,9708072960,3532730368,14070784000,29,13710618624
1791660893.854,546.971,zebrad,156830947,134873777,21957170,4087676928,4375670784,393433088,3678183424,3862683648,731942912,20,13710618624
1791660894.854,547.971,indexer,611053343,463246257,147807085,11452362752,11555368960,1586298880,9609252864,3537842176,14070784000,29,13725286400
1791660894.854,547.971,zebrad,156836807,134879636,21957170,4087676928,4375670784,393433088,3678183424,3862683648,731942912,20,13725286400
1791660895.854,548.971,indexer,612377645,464312861,148064783,11463749632,11555368960,1592840192,9614127104,3542712320,14070784000,29,13716049920
1791660895.854,548.971,zebrad,156843299,134885078,21958221,4087676928,4375670784,393433088,3678183424,3862683648,731942912,20,13716049920
1791660896.854,549.971,indexer,613251662,465066234,148185428,11295494144,11555368960,1421807616,9616994304,3545579520,14070784000,30,13870456832
1791660896.854,549.971,zebrad,156850010,134890969,21959041,4087676928,4375670784,393433088,3678183424,3862683648,731942912,20,13870456832
1791660897.854,550.971,indexer,614527272,466200262,148327009,11303882752,11555368960,1427218432,9620205568,3548790784,14070784000,30,13866844160
1791660897.854,550.971,zebrad,156855897,134896012,21959885,4087676928,4375670784,393433088,3678183424,3862683648,731942912,20,13866844160
1791660898.854,551.972,indexer,616080896,467500243,148580652,11511848960,11555368960,1430487040,9818505216,3552641024,14070784000,30,13853925376
1791660898.854,551.972,zebrad,156861892,134900151,21961741,4087676928,4375670784,393433088,3678183424,3862683648,731942912,20,13853925376
1791660899.854,552.972,indexer,616918087,468043784,148874302,11502772224,11608911872,1432584192,9801560064,3554152448,14169227264,30,13868699648
1791660899.854,552.972,zebrad,156867579,134905600,21961979,4026060800,4375670784,393433088,3616833536,3862683648,731942912,20,13868699648
1791660900.854,553.972,indexer,617076170,468159474,148916696,11502870528,11608911872,1432584192,9801916416,3554508800,14404104192,30,13867397120
1791660900.854,553.972,zebrad,156872960,134909928,21963032,4026060800,4375670784,393433088,3616833536,3862683648,731942912,20,13867397120
1791660901.854,554.972,indexer,617217485,468268284,148949200,11515858944,11620544512,1432682496,9814171648,3554820096,14619344896,30,13848641536
1791660901.854,554.972,zebrad,156878527,134914556,21963970,4026060800,4375670784,393433088,3616833536,3862683648,731942912,20,13848641536
1791660902.855,555.972,indexer,617426287,468405355,149020931,11516424192,11620544512,1432682496,9814872064,3555520512,14659899392,30,13845643264
1791660902.855,555.972,zebrad,156884103,134919192,21964911,4026060800,4375670784,393433088,3616833536,3862683648,731942912,20,13845643264
1791660903.855,556.972,indexer,617731360,468623352,149108007,11519537152,11620544512,1434779648,9815982080,3556630528,14688727040,30,13842743296
1791660903.855,556.972,zebrad,156891654,134925665,21965988,4026052608,4375670784,393433088,3616833536,3862683648,731942912,20,13842743296
1791660904.855,557.972,indexer,618186317,468938193,149248123,11524661248,11620544512,1437929472,9817702400,3558350848,14740770816,30,13838065664
1791660904.855,557.972,zebrad,156897231,134930303,21966928,4025798656,4375670784,393433088,3616833536,3862683648,731942912,20,13838065664
1791660905.855,558.972,indexer,619272749,469995180,149277568,11525554176,11620544512,1437929472,9818304512,3558952960,14753890304,30,13837807616
1791660905.855,558.972,zebrad,156897307,134930368,21966939,4025798656,4375670784,393433088,3616833536,3862683648,731942912,20,13837807616
1791660906.855,559.972,indexer,620312323,470922742,149389581,11526750208,11620544512,1437929472,9819394048,3560042496,14788046848,30,13838651392
1791660906.855,559.972,zebrad,156899969,134933030,21966939,4025602048,4375670784,393433088,3616833536,3862683648,731942912,20,13838651392
1791660907.855,560.972,indexer,620538545,471044129,149494415,11529568256,11620544512,1440026624,9820172288,3560820736,14824747008,30,13838561280
1791660907.855,560.972,zebrad,156907435,134939198,21968237,4025786368,4375670784,393433088,3616833536,3862683648,731942912,20,13838561280
1791660908.855,561.972,indexer,620732451,471154874,149577577,11530137600,11620544512,1440026624,9820786688,3561435136,15049527296,30,13839155200
1791660908.855,561.972,zebrad,156913350,134944843,21968507,4026048512,4375670784,393433088,3616833536,3862683648,731942912,20,13839155200
1791660909.855,562.972,indexer,621455751,471724637,149731114,11537514496,11620544512,1444220928,9823834112,3564474368,15093702656,29,13837418496
1791660909.855,562.972,zebrad,156919338,134949972,21969365,4026044416,4375670784,393433088,3616833536,3862683648,731942912,20,13837418496
1791660910.855,563.973,indexer,622374158,472423998,149950160,11545694208,11620544512,1448415232,9828114432,3568754688,15093702656,29,13835550720
1791660910.855,563.973,zebrad,156925178,134954836,21970342,4026044416,4375670784,393433088,3616833536,3862683648,731942912,20,13835550720
1791660911.855,564.973,indexer,623904082,473776365,150127716,11553923072,11620544512,1452515328,9831809024,3572449280,15093702656,29,13835436032
1791660911.855,564.973,zebrad,156931386,134961012,21970374,4026044416,4375670784,393433088,3616833536,3862683648,731942912,20,13835436032
1791660912.855,565.973,indexer,625277190,475112916,150164274,11566440448,11620544512,1467998208,9830055936,3573522432,15093702656,29,13812097024
1791660912.855,565.973,zebrad,156937523,134964275,21973247,4024991744,4375670784,393433088,3615784960,3862683648,731942912,20,13812097024
1791660913.856,566.973,indexer,626250960,475844223,150406736,11577651200,11620544512,1474289664,9834950656,3578413056,15093702656,29,13801213952
1791660913.856,566.973,zebrad,156944035,134969856,21974178,4025249792,4375670784,393433088,3615784960,3862683648,731942912,20,13801213952
1791660914.856,567.973,indexer,627076213,476455510,150620702,11586437120,11620544512,1478483968,9839140864,3582656512,15093702656,29,13801615360
1791660914.856,567.973,zebrad,156950143,134975964,21974178,4025237504,4375670784,393433088,3615784960,3862683648,731942912,20,13801615360
1791660915.856,568.973,indexer,627679170,476934282,150744888,11591495680,11620544512,1481129984,9842225152,3585687552,15093702656,29,13797294080
1791660915.856,568.973,zebrad,156955790,134980783,21975007,4025233408,4375670784,393433088,3615784960,3862683648,731942912,20,13797294080
1791660916.856,569.973,indexer,628029969,477207064,150822904,11595530240,11620544512,1483120640,9843961856,3587465216,15093702656,29,13795430400
1791660916.856,569.973,zebrad,156960663,134985393,21975270,4025192448,4375670784,393433088,3615784960,3862683648,731942912,20,13795430400
1791660917.856,570.973,indexer,628809600,477826455,150983144,11498942464,11620544512,1489375232,9744207872,3591553024,15093702656,29,13793980416
1791660917.856,570.973,zebrad,156966753,134989613,21977140,4024926208,4375670784,393433088,3615784960,3862683648,731942912,20,13793980416
1791660918.856,571.973,indexer,630213052,478866338,151346713,11515203584,11620544512,1497763840,9751912448,3599257600,15093702656,29,13787373568
1791660918.856,571.973,zebrad,156973762,134996339,21977423,4025184256,4375670784,393433088,3615784960,3862683648,731942912,20,13787373568
1791660919.856,572.973,indexer,631300622,479657293,151643328,11527151616,11620544512,1504055296,9757712384,3605057536,15093702656,29,13782306816
1791660919.856,572.973,zebrad,156979482,135000959,21978523,4025184256,4375670784,393433088,3615784960,3862683648,731942912,20,13782306816
1791660920.856,573.974,indexer,631595721,479869168,151726552,11531259904,11620544512,1506152448,9759219712,3606564864,15093702656,29,13781831680
1791660920.856,573.974,zebrad,156985172,135006648,21978523,4025184256,4375670784,393433088,3615784960,3862683648,731942912,20,13781831680
1791660921.856,574.974,indexer,631919047,480106726,151812320,11534581760,11620544512,1508249600,9760858112,3608203264,15093702656,29,13777608704
1791660921.856,574.974,zebrad,156990360,135011570,21978790,4025180160,4375670784,393433088,3615784960,3862683648,731942912,20,13777608704
1791660922.856,575.974,indexer,632829995,480808572,152021423,11545849856,11620544512,1514541056,9765654528,3612999680,15093702656,29,13756661760
1791660922.856,575.974,zebrad,156995959,135016943,21979015,4025180160,4375670784,393433088,3615784960,3862683648,731942912,20,13756661760
1791660923.856,576.974,indexer,634292825,481940261,152352564,11566190592,11620544512,1527828480,9772781568,3620126720,15093702656,29,13750829056
1791660923.856,576.974,zebrad,157002803,135021812,21980990,4025180160,4375670784,393433088,3615784960,3862683648,731942912,20,13750829056
1791660924.857,577.974,indexer,636325484,483486384,152839100,11592544256,11620544512,1542578176,9784160256,3631505408,15093702656,29,13741490176
1791660924.857,577.974,zebrad,157008964,135027230,21981733,4025180160,4375670784,393433088,3615784960,3862683648,731942912,20,13741490176
1791660925.857,578.974,indexer,638092521,484825428,153267093,11508408320,11620544512,1553170432,9692082176,3641520128,15093702656,29,13734473728
1791660925.857,578.974,zebrad,157014904,135033037,21981867,4025176064,4375670784,393433088,3615784960,3862683648,731942912,20,13734473728
1791660926.857,579.974,indexer,639784934,486102601,153682333,11531522048,11620544512,1567367168,9701294080,3650732032,15093702656,29,13721006080
1791660926.857,579.974,zebrad,157020870,135037290,21983579,4025176064,4375670784,393433088,3615784960,3862683648,731942912,20,13721006080
1791660927.857,580.974,indexer,640529793,486657687,153872106,11539927040,11620544512,1571749888,9705316352,3654758400,15093702656,29,13717094400
1791660927.857,580.974,zebrad,157027181,135043555,21983625,4025176064,4375670784,393433088,3615784960,3862683648,731942912,20,13717094400
1791660928.857,581.974,indexer,641999969,487745185,154254784,11558830080,11620544512,1582288896,9713463296,3662901248,15093702656,29,13704495104
1791660928.857,581.974,zebrad,157033019,135048416,21984602,4024938496,4375670784,393433088,3615784960,3862683648,731942912,20,13704495104
1791660929.857,582.974,indexer,642797280,488339493,154457786,11567906816,11620544512,1586720768,9717952512,3667390464,15093702656,29,13703147520
1791660929.857,582.974,zebrad,157038859,135054136,21984722,4024934400,4375670784,393433088,3615784960,3862683648,731942912,20,13703147520
1791660930.857,583.974,indexer,643697178,489004878,154692299,11579179008,11620544512,1593098240,9723015168,3672453120,15093702656,29,13690998784
1791660930.857,583.974,zebrad,157044268,135058489,21985778,4024934400,4375670784,393433088,3615784960,3862683648,731942912,20,13690998784
1791660931.857,584.974,indexer,645468974,490316089,155152885,11601354752,11620544512,1605132288,9732952064,3682394112,15093702656,29,13679923200
1791660931.857,584.974,zebrad,157050676,135064897,21985778,4024934400,4375670784,393433088,3615784960,3862683648,731942912,20,13679923200
1791660932.857,585.975,indexer,647175421,491559982,155615439,11516858368,11620544512,1617715200,9638768640,3692257280,15093702656,29,13657321472
1791660932.857,585.975,zebrad,157056865,135071086,21985778,4024688640,4375670784,393433088,3615784960,3862683648,731942912,20,13657321472
1791660933.857,586.975,indexer,648774456,492832510,155941946,11360874496,11620544512,1454137344,9646333952,3699822592,15093702656,30,13819269120
1791660933.857,586.975,zebrad,157067441,135081609,21985832,4025184256,4375670784,393433088,3615784960,3862687744,731942912,20,13819269120
1791660934.857,587.975,indexer,650208874,494071464,156137410,11368783872,11620544512,1457418240,9651175424,3704664064,15093702656,30,13815566336
1791660934.857,587.975,zebrad,157072717,135084849,21987867,4025184256,4375670784,393433088,3615784960,3862687744,731942912,20,13815566336
1791660935.857,588.975,indexer,652309077,495698575,156610501,11544469504,11620544512,1464762368,9809137664,3711434752,15093702656,30,13834870784
1791660935.857,588.975,zebrad,157078696,135089693,21989003,4025180160,4375670784,393461760,3615789056,3862687744,731942912,20,13834870784
1791660936.858,589.975,indexer,652800906,495970220,156830685,11517358080,11620544512,1466863616,9780396032,3712876544,15285456896,30,13828968448
1791660936.858,589.975,zebrad,157084190,135095186,21989003,4025176064,4375670784,393461760,3615789056,3862687744,731942912,20,13828968448
1791660937.858,590.975,indexer,652933248,496071480,156861767,11587522560,11620544512,1466863616,9848307712,3713142784,15495163904,30,13809049600
1791660937.858,590.975,zebrad,157089435,135100431,21989003,4024717312,4375670784,393461760,3615854592,3862687744,731942912,20,13809049600
1791660938.858,591.975,indexer,653042000,496139723,156902276,11618013184,11620544512,1466863616,9878212608,3713413120,15688482816,30,13810716672
1791660938.858,591.975,zebrad,157094848,135104521,21990327,3963064320,4375670784,393461760,3554201600,3862687744,732012544,20,13810716672
1791660939.858,592.975,indexer,653344580,496318830,157025749,11621519360,11621535744,1468960768,9879371776,3714572288,15774248960,30,13808332800
1791660939.858,592.975,zebrad,157100622,135110294,21990327,3963248640,4375670784,393461760,3554201600,3862687744,732012544,20,13808332800
1791660940.858,593.975,indexer,653601227,496480835,157120391,11622531072,11622576128,1468964864,9880322048,3715522560,15854104576,30,13808009216
1791660940.858,593.975,zebrad,157106022,135114947,21991074,3963244544,4375670784,393461760,3554201600,3862687744,732012544,20,13808009216
1791660941.858,594.975,indexer,654176605,496934335,157242269,11626086400,11626086400,1471062016,9881645056,3716845568,16021823488,30,13808009216
1791660941.858,594.975,zebrad,157111648,135119347,21992300,3963244544,4375670784,393461760,3554201600,3862687744,732012544,20,13808009216
1791660942.858,595.975,indexer,656044801,498560362,157484438,11635908608,11635912704,1475764224,9886547968,3721740288,16150364160,29,13793828864
1791660942.858,595.975,zebrad,157112264,135119963,21992300,3963047936,4375670784,393461760,3554201600,3862687744,732012544,20,13793828864
1791660943.858,596.976,indexer,657963032,500143798,157819233,11653824512,11653861376,1485598720,9894350848,3729543168,16150364160,29,13788725248
1791660943.858,596.976,zebrad,157115355,135123054,21992300,3963305984,4375670784,393461760,3554201600,3862687744,732012544,20,13788725248
1791660944.858,597.976,indexer,659183454,501053295,158130159,11562008576,11664445440,1493995520,9797263360,3736420352,16150364160,29,13795803136
1791660944.858,597.976,zebrad,157121467,135128190,21993276,3963305984,4375670784,393461760,3554201600,3862687744,732012544,20,13795803136
1791660945.858,598.976,indexer,660537730,502065959,158471771,11578261504,11664445440,1502384128,9804890112,3744047104,16150364160,29,13787840512
1791660945.858,598.976,zebrad,157127140,135132909,21994230,3963281408,4375670784,393461760,3554201600,3862687744,732012544,20,13787840512
1791660946.858,599.976,indexer,662018306,503179718,158838588,11597193216,11664445440,1512869888,9813213184,3752370176,16150364160,29,13778132992
1791660946.858,599.976,zebrad,157133093,135138727,21994365,3963277312,4375670784,393461760,3554201600,3862687744,732012544,20,13778132992
1791660947.858,600.976,indexer,663621480,504377278,159244202,11616645120,11664445440,1523355648,9822380032,3761537024,16150364160,29,13768392704
1791660947.858,600.976,zebrad,157138979,135143630,21995349,3963297792,4375670784,393461760,3554201600,3862687744,732012544,20,13768392704
1791660948.859,601.976,indexer,664051199,504701289,159349910,11620990976,11664445440,1525460992,9824722944,3763879936,16150364160,29,13763567616
1791660948.859,601.976,zebrad,157145653,135150067,21995585,3963297792,4375670784,393461760,3554201600,3862687744,732012544,20,13763567616
1791660949.859,602.976,indexer,664498242,505022760,159475482,11625406464,11664445440,1527558144,9826398208,3766308864,16150364160,29,13761122304
1791660949.859,602.976,zebrad,157151276,135154744,21996532,3963293696,4375670784,393461760,3554201600,3862687744,732012544,20,13761122304
1791660950.859,603.976,indexer,664967919,505417293,159550626,11642540032,11664445440,1531981824,9839771648,3778822144,16150364160,29,13758013440
1791660950.859,603.976,zebrad,157157217,135160685,21996532,3963551744,4375670784,393461760,3554201600,3862687744,732012544,20,13758013440
1791660951.859,604.976,indexer,665950764,506235186,159715578,11575177216,11675176960,1553186816,9753710592,3796832256,16150364160,29,13742010368
1791660951.859,604.976,zebrad,157162501,135165793,21996708,3963547648,4375670784,393465856,3554201600,3862687744,732012544,20,13742010368
1791660952.859,605.976,indexer,668259164,508122685,160136478,11636793344,11675176960,1606717440,9761705984,3804831744,16150364160,29,13692289024
1791660952.859,605.976,zebrad,157168666,135171933,21996733,3963547648,4375670784,393465856,3554201600,3862687744,732012544,20,13692289024
1791660953.859,606.976,indexer,669965562,509418071,160547491,11656814592,11675176960,1617203200,9771257856,3814379520,16150364160,29,13664739328
1791660953.859,606.976,zebrad,157174902,135178168,21996733,3963547648,4375670784,393469952,3554201600,3862687744,732012544,20,13664739328
1791660954.859,607.977,indexer,671801579,510934673,160866906,11672911872,11675176960,1625600000,9778819072,3821940736,16150364160,29,13662863360
1791660954.859,607.977,zebrad,157181254,135184433,21996820,3963547648,4375670784,393469952,3554201600,3862687744,732012544,20,13662863360
1791660955.859,608.977,indexer,673605539,512307487,161298052,11588087808,11675176960,1638182912,9684271104,3831279616,16150364160,29,13669761024
1791660955.859,608.977,zebrad,157186913,135188861,21998051,3963293696,4375670784,393474048,3554201600,3862687744,732012544,20,13669761024
1791660956.859,609.977,indexer,675533476,513749603,161783872,11609083904,11675176960,1648668672,9694941184,3841945600,16150364160,29,13660491776
1791660956.859,609.977,zebrad,157192767,135193596,21999170,3963555840,4375670784,393474048,3554201600,3862687744,732012544,20,13660491776
1791660957.859,610.977,indexer,677362660,515131370,162231289,11632414720,11675176960,1661251584,9704755200,3852648448,16150364160,29,13645135872
1791660957.859,610.977,zebrad,157198870,135198825,22000044,3963555840,4375670784,393474048,3554201600,3862687744,732012544,20,13645135872
1791660958.859,611.977,indexer,679370084,516613384,162756699,11680034816,11680174080,1697644544,9716817920,3863822336,16150364160,29,13605351424
1791660958.859,611.977,zebrad,157205311,135203208,22002103,3963314176,4375670784,393474048,3554201600,3862687744,732012544,20,13605351424
1791660959.860,612.977,indexer,681037596,517839865,163197730,11597684736,11690680320,1710227456,9622220800,3873165312,16150364160,29,13598871552
1791660959.860,612.977,zebrad,157211429,135209307,22002122,3963314176,4375670784,393474048,3554201600,3862687744,732012544,20,13598871552
1791660960.860,613.977,indexer,683443730,519818734,163624996,11442987008,11690680320,1545740288,9632108544,3883053056,16150364160,30,13744869376
1791660960.860,613.977,zebrad,157217577,135213856,22003720,3963576320,4375670784,393474048,3554201600,3862687744,732012544,20,13744869376
1791660961.860,614.977,indexer,686085449,521930294,164155155,11657101312,11690680320,1557278720,9826623488,3892654080,16150364160,30,13741731840
1791660961.860,614.977,zebrad,157223600,135219734,22003866,3963572224,4375670784,393474048,3554201600,3862687744,732012544,20,13741731840
1791660962.860,615.977,indexer,687366303,522781402,164584900,11630563328,11690680320,1561473024,9795407872,3897004032,16268988416,30,13735620608
1791660962.860,615.977,zebrad,157229287,135224326,22004961,3963572224,4375670784,393474048,3554201600,3862687744,732012544,20,13735620608
1791660963.860,616.977,indexer,687496783,522890377,164606405,11633078272,11690680320,1563586560,9795792896,3897389056,16470310912,30,13714132992
1791660963.860,616.977,zebrad,157236522,135230528,22005994,3963564032,4375670784,393474048,3554201600,3862687744,732012544,20,13714132992
1791660964.860,617.977,indexer,687648558,522996491,164652066,11643932672,11690680320,1563586560,9806413824,3897778176,16671633408,30,13714591744
1791660964.860,617.977,zebrad,157242016,135236022,22005994,3963564032,4375670784,393474048,3554201600,3862687744,732012544,20,13714591744
1791660965.860,618.977,indexer,688772697,524009752,164762945,11645059072,11690680320,1563586560,9807261696,3898626048,16764211200,30,13713059840
1791660965.860,618.977,zebrad,157244860,135237100,22007759,3963564032,4375670784,393474048,3554201600,3862687744,732012544,20,13713059840
1791660966.860,619.978,indexer,689965188,525045362,164919825,11647864832,11690680320,1564741632,9808838656,3900203008,16877932544,30,13711777792
1791660966.860,619.978,zebrad,157247574,135239815,22007759,3963564032,4375670784,393474048,3554201600,3862687744,732012544,20,13711777792
1791660967.860,620.978,indexer,690295920,525209978,165085941,11652206592,11690680320,1567641600,9810178048,3901542400,16998285312,30,13711732736
1791660967.860,620.978,zebrad,157252970,135244912,22008057,3963564032,4375670784,393474048,3554201600,3862687744,732012544,20,13711732736
1791660968.860,621.978,indexer,690551065,525336674,165214390,11653226496,11690680320,1567649792,9811107840,3902472192,17148915712,30,13712760832
1791660968.860,621.978,zebrad,157258599,135250451,22008147,3963555840,4375670784,393474048,3554201600,3862687744,732012544,20,13712760832
1791660969.860,622.978,indexer,692055277,526426396,165628880,11565178880,11690680320,1578135552,9715482624,3910909952,17228627968,29,13719441408
1791660969.860,622.978,zebrad,157263915,135255721,22008193,3963551744,4375670784,393474048,3554201600,3862687744,732012544,20,13719441408
1791660970.861,623.978,indexer,694185419,528003806,166181612,11592441856,11690680320,1592815616,9727983616,3923410944,17228627968,29,13702643712
1791660970.861,623.978,zebrad,157270150,135260924,22009226,3963551744,4375670784,393474048,3554201600,3862687744,732012544,20,13702643712
1791660971.861,624.978,indexer,695461581,528919917,166541664,11608186880,11690680320,1601204224,9735303168,3930730496,17228627968,29,13696483328
1791660971.861,624.978,zebrad,157275327,135265655,22009671,3963305984,4375670784,393474048,3554201600,3862687744,732012544,20,13696483328
1791660972.861,625.978,indexer,697034095,530069572,166964523,11627515904,11690680320,1611689984,9744330752,3939758080,17228632064,29,13687660544
1791660972.861,625.978,zebrad,157280761,135271089,22009671,3963555840,4375670784,393474048,3554201600,3862687744,732012544,20,13687660544
1791660973.861,626.978,indexer,698870438,531419656,167450781,11651891200,11690680320,1624272896,9755041792,3950469120,17228632064,29,13655998464
1791660973.861,626.978,zebrad,157286836,135277165,22009671,3963559936,4375670784,393474048,3554201600,3862687744,732012544,20,13655998464
1791660974.861,627.978,indexer,700146079,532357961,167788118,11667615744,11690680320,1632661504,9762316288,3957743616,17228632064,29,13650673664
1791660974.861,627.978,zebrad,157292191,135282519,22009671,3963817984,4375670784,393474048,3554201600,3862687744,732012544,20,13650673664
1791660975.861,628.978,indexer,701452331,533319060,168133271,11576885248,11690680320,1641050112,9665925120,3965227008,17228632064,29,13647187968
1791660975.861,628.978,zebrad,157298514,135286813,22011701,3963817984,4375670784,393474048,3554201600,3862687744,732012544,20,13647187968
1791660976.861,629.978,indexer,702919740,534392692,168527047,11594063872,11690680320,1649438720,9674342400,3973644288,17228632064,29,13641318400
1791660976.861,629.978,zebrad,157304322,135292620,22011701,3963813888,4375670784,393474048,3554201600,3862687744,732012544,20,13641318400
1791660977.861,630.978,indexer,704176061,535320890,168855170,11609276416,11690680320,1657831424,9681403904,3980705792,17228632064,29,13635239936
1791660977.861,630.978,zebrad,157310138,135298437,22011701,3963555840,4375670784,393474048,3554201600,3862687744,732012544,20,13635239936
1791660978.861,631.979,indexer,705652555,536418011,169234544,11627937792,11690680320,1668317184,9689845760,3989147648,17228632064,29,13629075456
1791660978.861,631.979,zebrad,157315520,135302674,22012845,3963817984,4375670784,393474048,3554201600,3862687744,732012544,20,13629075456
1791660979.861,632.979,indexer,706978972,537413932,169565040,11644100608,11690680320,1676705792,9697280000,3996581888,17228632064,29,13616951296
1791660979.861,632.979,zebrad,157321719,135308425,22013294,3963289600,4375670784,393474048,3554201600,3862687744,732012544,20,13616951296
1791660980.861,633.979,indexer,707475558,537757036,169718521,11648819200,11690680320,1678807040,9700081664,3999383552,17228632064,29,13616766976
1791660980.861,633.979,zebrad,157327500,135314205,22013294,3963547648,4375670784,393474048,3554201600,3862687744,732012544,20,13616766976
1791660981.861,634.979,indexer,708245745,538345038,169900707,11659567104,11690680320,1685098496,9704505344,4003807232,17228632064,29,13606703104
1791660981.861,634.979,zebrad,157332888,135319593,22013294,3963539456,4375670784,393474048,3554201600,3862687744,732012544,20,13606703104
1791660982.862,635.979,indexer,709318489,539158849,170159639,11672006656,11690680320,1691389952,9710563328,4009865216,17228632064,29,13601107968
1791660982.862,635.979,zebrad,157338488,135324779,22013708,3963539456,4375670784,393474048,3554201600,3862687744,732012544,20,13601107968
1791660983.862,636.979,indexer,710639573,540109409,170530163,11583025152,11690680320,1699778560,9614491648,4017733632,17228632064,29,13588426752
1791660983.862,636.979,zebrad,157344360,135330089,22014271,3963801600,4375670784,393474048,3554201600,3862687744,732012544,20,13588426752
1791660984.862,637.979,indexer,712162991,541229187,170933804,11427995648,11690680320,1536196608,9623101440,4026343424,17228632064,30,13740146688
1791660984.862,637.979,zebrad,157350743,135335418,22015324,3963797504,4375670784,393474048,3554201600,3862687744,732012544,20,13740146688
1791660985.862,638.979,indexer,714503809,543218281,171285528,11446939648,11690680320,1545777152,9632292864,4035534848,17228632064,30,13730033664
1791660985.862,638.979,zebrad,157357275,135341156,22016119,3963797504,4375670784,393474048,3554201600,3862687744,732012544,20,13730033664
1791660986.862,639.979,indexer,716082281,544463518,171618762,11657449472,11690680320,1551015936,9830469632,4040736768,17228632064,30,13744148480
1791660986.862,639.979,zebrad,157363686,135347367,22016319,3902971904,4375670784,393474048,3493908480,3862687744,732012544,20,13744148480
1791660987.862,640.979,indexer,716555097,544729337,171825760,11714678784,11737538560,1553121280,9881989120,4041740288,17369739264,30,13735145472
1791660987.862,640.979,zebrad,157369146,135352761,22016385,3902709760,4375670784,393474048,3493908480,3862687744,732012544,20,13735145472
1791660988.862,641.979,indexer,716674944,544828888,171846056,11715338240,11737538560,1553121280,9882345472,4042096640,17576402944,30,13733961728
1791660988.862,641.979,zebrad,157374453,135358067,22016385,3903234048,4375670784,393474048,3493908480,3862687744,732012544,20,13733961728
1791660989.862,642.980,indexer,716924019,545046529,171877490,11728293888,11737538560,1555218432,9893359616,4043018240,17688133632,30,13734375424
1791660989.862,642.980,zebrad,157379832,135363446,22016385,3903229952,4375670784,393474048,3493908480,3862687744,732012544,20,13734375424
1791660990.862,643.980,indexer,717269805,545264084,172005721,11729772544,11737538560,1555218432,9894793216,4044451840,17759789056,30,13734092800
1791660990.862,643.980,zebrad,157385171,135367200,22017971,3903229952,4375670784,393474048,3493908480,3862687744,732012544,20,13734092800
1791660991.862,644.980,indexer,717798695,545698133,172100561,11733381120,11737538560,1557315584,9896087552,4045746176,17842597888,30,13735108608
1791660991.862,644.980,zebrad,157390446,135372475,22017971,3903225856,4375670784,393474048,3493908480,3862687744,732012544,20,13735108608
1791660992.862,645.980,indexer,719121123,546900620,172220503,11736989696,11737538560,1559412736,9897443328,4047101952,18021564416,30,13731794944
1791660992.862,645.980,zebrad,157390553,135372582,22017971,3902967808,4375670784,393474048,3493908480,3862687744,732012544,20,13731794944
1791660993.863,646.980,indexer,719851847,547528750,172323096,11635380224,11737976832,1562423296,9795555328,4049235968,18169061376,29,13725614080
1791660993.863,646.980,zebrad,157398491,135380031,22018460,3903217664,4375670784,393474048,3493908480,3862687744,732012544,20,13725614080
1791660994.863,647.980,indexer,721037803,548414325,172623478,11650412544,11737976832,1570668544,9802289152,4055969792,18169061376,29,13718884352
1791660994.863,647.980,zebrad,157403640,135385157,22018483,3903217664,4375670784,393474048,3493908480,3862687744,732012544,20,13718884352
1791660995.863,648.980,indexer,721803273,548976988,172826284,11658862592,11737976832,1574862848,9806635008,4060315648,18169061376,29,13715394560
1791660995.863,648.980,zebrad,157408894,135389376,22019517,3902947328,4375670784,393474048,3493908480,3862687744,732012544,20,13715394560
1791660996.863,649.980,indexer,722993892,549862664,173131228,11674042368,11737976832,1583251456,9813643264,4067323904,18169061376,29,13707878400
1791660996.863,649.980,zebrad,157415280,135395762,22019517,3902947328,4375670784,393474048,3493908480,3862687744,732012544,20,13707878400
1791660997.863,650.980,indexer,723516162,550260982,173255180,11679285248,11737976832,1585348608,9816641536,4070322176,18169061376,29,13704122368
1791660997.863,650.980,zebrad,157420558,135401041,22019517,3902947328,4375670784,393474048,3493908480,3862687744,732012544,20,13704122368
1791660998.863,651.980,indexer,725185923,551499819,173686104,11699871744,11737976832,1595834368,9826746368,4080427008,18169061376,29,13697376256
1791660998.863,651.980,zebrad,157426776,135406131,22020645,3902947328,4375670784,393474048,3493908480,3862687744,732012544,20,13697376256
1791660999.863,652.980,indexer,727027284,552857479,174169805,11723599872,11737976832,1608417280,9837760512,4091441152,18169061376,29,13685366784
1791660999.863,652.980,zebrad,157433148,135411730,22021418,3903217664,4375670784,393474048,3493908480,3862687744,732012544,20,13685366784
1791661000.863,653.981,indexer,728968625,554266085,174702539,11642970112,11741655040,1623097344,9745416192,4102950912,18169061376,29,13668384768
1791661000.863,653.981,zebrad,157439193,135417627,22021566,3903213568,4375670784,393474048,3493908480,3862687744,732012544,20,13668384768
1791661001.863,654.981,indexer,731023327,555827040,175196286,11667910656,11741655040,1635680256,9757663232,4115197952,18169061376,29,13661745152
1791661001.863,654.981,zebrad,157445405,135423838,22021566,3903209472,4375670784,393474048,3493908480,3862687744,732012544,20,13661745152
1791661002.863,655.981,indexer,732336738,556825231,175511506,11684155392,11741655040,1644068864,9765441536,4122976256,18169061376,29,13649580032
1791661002.863,655.981,zebrad,157451096,135428820,22022275,3903201280,4375670784,393474048,3493908480,3862687744,732012544,20,13649580032
1791661003.863,656.981,indexer,732845551,557211208,175634342,11691216896,11741655040,1648263168,9768337408,4125872128,18169061376,29,13645778944
1791661003.863,656.981,zebrad,157457172,135434744,22022428,3903201280,4375670784,393474048,3493908480,3862687744,732012544,20,13645778944
1791661004.864,657.981,indexer,734514015,558394487,176119527,11711795200,11741655040,1658748928,9778241536,4135776256,18169061376,29,13632446464
1791661004.864,657.981,zebrad,157463523,135438471,22025052,3903197184,4375670784,393474048,3493908480,3862687744,732012544,20,13632446464
1791661005.864,658.981,indexer,736099146,559521278,176577867,11731550208,11741655040,1669234688,9787666432,4145201152,18169061376,29,13621166080
1791661005.864,658.981,zebrad,157469498,135444307,22025191,3903197184,4375670784,393474048,3493908480,3862687744,732012544,20,13621166080
1791661006.864,659.981,indexer,737455948,560550547,176905400,11641368576,11741655040,1677623296,9691676672,4153229312,18169061376,29,13612576768
1791661006.864,659.981,zebrad,157476115,135450835,22025280,3903197184,4375670784,393474048,3493908480,3862687744,732012544,20,13612576768
1791661007.864,660.981,indexer,739161428,561780529,177380898,11664150528,11741655040,1690206208,9701908480,4163461120,18169061376,29,13602041856
1791661007.864,660.981,zebrad,157482077,135454806,22027271,3902947328,4375670784,393474048,3493908480,3862687744,732012544,20,13602041856
1791661008.864,661.981,indexer,740236397,562551271,177685125,11676889088,11741655040,1696497664,9708204032,4169756672,18169061376,29,13596180480
1791661008.864,661.981,zebrad,157488525,135460331,22028193,3903209472,4375670784,393474048,3493908480,3862687744,732012544,20,13596180480
1791661009.864,662.981,indexer,741758352,563669949,178088403,11696214016,11741655040,1706983424,9717161984,4178714624,18169061376,29,13588783104
1791661009.864,662.981,zebrad,157494811,135465438,22029372,3903209472,4375670784,393474048,3493908480,3862687744,732012544,20,13588783104
1791661010.864,663.981,indexer,742848929,564558479,178290450,11532767232,11741655040,1538699264,9723113472,4184666112,18169061376,30,13748187136
1791661010.864,663.981,zebrad,157500768,135470263,22030505,3902935040,4375670784,393474048,3493908480,3862687744,732012544,20,13748187136
1791661011.864,664.982,indexer,744388306,565834291,178554015,11547365376,11741655040,1546690560,9729564672,4191121408,18169061376,30,13731627008
1791661011.864,664.982,zebrad,157506089,135475397,22030692,3903188992,4375670784,393474048,3493908480,3862687744,732012544,20,13731627008
1791661012.864,665.982,indexer,745995887,567189138,178806748,11594657792,11741655040,1550970880,9771401216,4197109760,18169061376,30,13728030720
1791661012.864,665.982,zebrad,157511640,135480729,22030910,3903184896,4375670784,393474048,3493908480,3862687744,732012544,20,13728030720
1791661013.864,666.982,indexer,747044244,567882414,179161830,11687137280,11783725056,1554120704,9857335296,4200079360,18272100352,30,13732012032
1791661013.864,666.982,zebrad,157517475,135486446,22031029,3843117056,4375670784,393474048,3434381312,3862687744,732012544,20,13732012032
1791661014.864,667.982,indexer,747157845,567968937,179188907,11688894464,11783725056,1555451904,9857671168,4200415232,18431475712,30,13718417408
1791661014.864,667.982,zebrad,157522691,135490492,22032198,3843112960,4375670784,393474048,3434381312,3862687744,732012544,20,13718417408
1791661015.865,668.982,indexer,747443728,568180870,179262858,11690418176,11783725056,1555451904,9858883584,4201627648,18548416512,30,13719416832
1791661015.865,668.982,zebrad,157527831,135494474,22033356,3843371008,4375670784,393474048,3434381312,3862687744,732012544,20,13719416832
1791661016.865,669.982,indexer,747789345,568408325,179381020,11710795776,11783725056,1557549056,9876959232,4203040768,18595483648,30,13715791872
1791661016.865,669.982,zebrad,157533223,135499866,22033356,3843371008,4375670784,393474048,3434381312,3862687744,732012544,20,13715791872
1791661017.865,670.982,indexer,748125806,568633443,179492363,11714686976,11783725056,1559646208,9878441984,4204523520,18635431936,30,13710856192
1791661017.865,670.982,zebrad,157538659,135504325,22034334,3843354624,4375670784,393474048,3434381312,3862687744,732012544,20,13710856192
1791661018.865,671.982,indexer,748377582,568798834,179578748,11718082560,11783725056,1561743360,9879625728,4205707264,18654531584,30,13711028224
1791661018.865,671.982,zebrad,157544226,135509892,22034334,3843616768,4375670784,393474048,3434381312,3862687744,732012544,20,13711028224
1791661019.865,672.982,indexer,748839335,569130688,179708646,11722067968,11783725056,1563840512,9881624576,4207706112,18728177664,30,13707333632
1791661019.865,672.982,zebrad,157549951,135515617,22034334,3843616768,4375670784,393474048,3434381312,3862687744,732012544,20,13707333632
1791661020.865,673.982,indexer,749855967,570112451,179743515,11722502144,11783725056,1563840512,9882169344,4208250880,18739630080,30,13707501568
1791661020.865,673.982,zebrad,157550016,135515682,22034334,3843616768,4375670784,393474048,3434381312,3862687744,732012544,20,13707501568
1791661021.865,674.982,indexer,750633774,570828541,179805232,11723423744,11783725056,1563840512,9882898432,4208979968,18775044096,30,13706981376
1791661021.865,674.982,zebrad,157552544,135518209,22034334,3843616768,4375670784,393474048,3434381312,3862687744,732012544,20,13706981376
1791661022.865,675.983,indexer,750843934,570976942,179866991,11726368768,11783725056,1565937664,9883688960,4209770496,18988716032,30,13707206656
1791661022.865,675.983,zebrad,157558306,135523971,22034334,3843616768,4375670784,393474048,3434381312,3862687744,732012544,20,13707206656
1791661023.865,676.983,indexer,751172842,571217714,179955128,11727970304,11783725056,1566130176,9885315072,4211396608,19115569152,29,13707239424
1791661023.865,676.983,zebrad,157565813,135530868,22034945,3843538944,4375670784,393498624,3434381312,3862687744,732012544,20,13707239424
1791661024.865,677.983,indexer,752282822,572072594,180210227,11755540480,11783725056,1577918464,9900920832,4227002368,19115569152,29,13690527744
1791661024.865,677.983,zebrad,157571670,135536724,22034945,3843538944,4375670784,393498624,3434381312,3862687744,732012544,20,13690527744
1791661025.866,678.983,indexer,753224576,572830765,180393810,11767234560,11783725056,1582112768,9908477952,4234559488,19115569152,29,13689421824
1791661025.866,678.983,zebrad,157577328,135542306,22035022,3843801088,4375670784,393498624,3434381312,3862687744,732012544,20,13689421824
1791661026.866,679.983,indexer,753999215,573435798,180563417,11776987136,11783725056,1586307072,9914122240,4240203776,19115569152,29,13686378496
1791661026.866,679.983,zebrad,157583286,135548264,22035022,3843796992,4375670784,393498624,3434381312,3862687744,732012544,20,13686378496
1791661027.866,680.983,indexer,754418120,573742086,180676034,11677175808,11783725056,1588404224,9812455424,4242591744,19115569152,29,13701943296
1791661027.866,680.983,zebrad,157588530,135552896,22035633,3843796992,4375670784,393498624,3434381312,3862687744,732012544,20,13701943296
1791661028.866,681.983,indexer,754584636,573861547,180723089,11680518144,11783725056,1590501376,9813344256,4243480576,19115569152,29,13695098880
1791661028.866,681.983,zebrad,157594023,135558318,22035704,3843551232,4375670784,393498624,3434381312,3862687744,732012544,20,13695098880
1791661029.866,682.983,indexer,755075591,574218213,180857377,11685244928,11783725056,1592598528,9816158208,4246294528,19115569152,29,13696897024
1791661029.866,682.983,zebrad,157599125,135563421,22035704,3843551232,4375670784,393498624,3434381312,3862687744,732012544,20,13696897024
1791661030.866,683.983,indexer,755704911,574663041,181041870,11693264896,11783725056,1596792832,9819820032,4249956352,19115569152,29,13693706240
1791661030.866,683.983,zebrad,157604821,135568861,22035959,3843547136,4375670784,393498624,3434381312,3862687744,732012544,20,13693706240
1791661031.866,684.983,indexer,755869486,574784787,181084699,11696115712,11783725056,1598889984,9820762112,4250898432,19115569152,29,13689233408
1791661031.866,684.983,zebrad,157609875,135573916,22035959,3843543040,4375670784,393498624,3434381312,3862687744,732012544,20,13689233408
1791661032.866,685.984,indexer,756189701,575027217,181162484,11700224000,11783725056,1600987136,9822572544,4252708864,19115569152,29,13689126912
1791661032.866,685.984,zebrad,157615018,135578748,22036270,3843805184,4375670784,393498624,3434381312,3862687744,732012544,20,13689126912
1791661033.866,686.984,indexer,756514471,575268082,181246388,11702030336,11783725056,1600987136,9823707136,4254486528,19115569152,29,13687824384
1791661033.866,686.984,zebrad,157620373,135581918,22038455,3843805184,4375670784,393498624,3434381312,3862687744,732012544,20,13687824384
1791661034.866,687.984,indexer,757329900,575869348,181460552,11712839680,11783725056,1607278592,9828970496,4259106816,19115569152,29,13669658624
1791661034.866,687.984,zebrad,157625772,135587316,22038455,3843805184,4375670784,393498624,3434381312,3862687744,732012544,20,13669658624
1791661035.867,688.984,indexer,757875704,576281581,181594123,11719901184,11783725056,1611472896,9831956480,4262133760,19115569152,29,13671018496
1791661035.867,688.984,zebrad,157630856,135592329,22038527,3843555328,4375670784,393498624,3434381312,3862687744,732012544,20,13671018496
1791661036.867,689.984,indexer,758066458,576427777,181638680,11721138176,11783725056,1611472896,9833046016,4263182336,19115569152,29,13670834176
1791661036.867,689.984,zebrad,157636342,135597815,22038527,3843817472,4375670784,393498624,3434381312,3862687744,732012544,20,13670834176
1791661037.867,690.984,indexer,759109563,577208828,181900735,11733696512,11783725056,1617764352,9839124480,4269260800,19115569152,29,13669093376
1791661037.867,690.984,zebrad,157641553,135603026,22038527,3843559424,4375670784,393498624,3434381312,3862687744,732012544,20,13669093376
1791661038.867,691.984,indexer,759368414,577409655,181958758,11737100288,11783725056,1619861504,9840541696,4270678016,19115569152,29,13663887360
1791661038.867,691.984,zebrad,157646917,135608390,22038527,3843559424,4375670784,393498624,3434381312,3862687744,732012544,20,13663887360
1791661039.867,692.984,indexer,760414548,578188804,182225744,11749875712,11783725056,1626152960,9847287808,4277424128,19115569152,29,13657264128
1791661039.867,692.984,zebrad,157653584,135614089,22039495,3843559424,4375670784,393498624,3434381312,3862687744,732012544,20,13657264128
1791661040.867,693.984,indexer,761110126,578716590,182393535,11759030272,11783725056,1630347264,9851719680,4281856000,19115569152,29,13653929984
1791661040.867,693.984,zebrad,157659429,135619674,22039754,3843559424,4375670784,393498624,3434381312,3862687744,732012544,20,13653929984
1791661041.867,694.984,indexer,761797571,579182569,182615001,11766890496,11783725056,1634541568,9855578112,4285714432,19115569152,29,13652480000
1791661041.867,694.984,zebrad,157664768,135624824,22039943,3843559424,4375670784,393498624,3434381312,3862687744,732012544,20,13652480000
1791661042.867,695.985,indexer,762137300,579437673,182699626,11770961920,11783725056,1636638720,9857474560,4287610880,19115569152,29,13652033536
1791661042.867,695.985,zebrad,157670056,135629212,22040843,3843559424,4375670784,393498624,3434381312,3862687744,732012544,20,13652033536
1791661043.867,696.985,indexer,762267882,579522630,182745252,11773841408,11783725056,1638735872,9858138112,4288274432,19115569152,29,13648400384
1791661043.867,696.985,zebrad,157675616,135633556,22042060,3843821568,4375670784,393498624,3434381312,3862687744,732012544,20,13648400384
1791661044.867,697.985,indexer,762538949,579711746,182827202,11775102976,11783725056,1638739968,9859645440,4289781760,19115569152,29,13648039936
1791661044.867,697.985,zebrad,157680757,135638696,22042060,3843821568,4375670784,393498624,3434381312,3862687744,732012544,20,13648039936
1791661045.867,698.985,indexer,763676729,580507225,183169504,11684335616,11783725056,1647128576,9762426880,4296433664,19115569152,29,13633499136
1791661045.867,698.985,zebrad,157686753,135644692,22042060,3843821568,4375670784,393498624,3434381312,3862687744,732012544,20,13633499136
1791661046.868,699.985,indexer,764649174,581203116,183446058,11696148480,11783725056,1653420032,9768079360,4302086144,19115569152,29,13626294272
1791661046.868,699.985,zebrad,157692757,135650697,22042060,3843821568,4375670784,393498624,3434381312,3862687744,732012544,20,13626294272
1791661047.868,700.985,indexer,765305523,581677314,183628208,11704074240,11783725056,1657614336,9771950080,4305956864,19115569152,29,13617332224
1791661047.868,700.985,zebrad,157698705,135655325,22043379,3843821568,4375670784,393498624,3434381312,3862687744,732012544,20,13617332224
1791661048.868,701.985,indexer,766174025,582330657,183843368,11715833856,11783725056,1663909888,9777160192,4311166976,19115569152,29,13615398912
1791661048.868,701.985,zebrad,157704438,135660954,22043484,3843821568,4375670784,393498624,3434381312,3862687744,732012544,20,13615398912
1791661049.868,702.985,indexer,766629222,582654852,183974370,11720548352,11783725056,1666007040,9779818496,4313825280,19115569152,29,13611003904
1791661049.868,702.985,zebrad,157710180,135666696,22043484,3843551232,4375670784,393498624,3434381312,3862687744,732012544,20,13611003904
1791661050.868,703.985,indexer,767387967,583229682,184158284,11729428480,11783725056,1670201344,9784549376,4318556160,19115573248,29,13609160704
1791661050.868,703.985,zebrad,157715682,135672197,22043484,3843325952,4375670784,393498624,3434381312,3862687744,732012544,20,13609160704
1791661051.868,704.985,indexer,767747191,583497454,184249736,11733807104,11783725056,1672298496,9786736640,4320743424,19115573248,29,13608968192
1791661051.868,704.985,zebrad,157720908,135677424,22043484,3843588096,4375670784,393498624,3434381312,3862687744,732012544,20,13608968192
1791661052.868,705.985,indexer,768029289,583695332,184333957,11737714688,11783725056,1674395648,9788329984,4322336768,19115573248,29,13605023744
1791661052.868,705.985,zebrad,157726535,135682867,22043667,3843846144,4375670784,393498624,3434381312,3862687744,732012544,20,13605023744
1791661053.868,706.986,indexer,768461081,584003892,184457189,11743985664,11783725056,1678589952,9790812160,4324818944,19115573248,29,13605154816
1791661053.868,706.986,zebrad,157734012,135688141,22045870,3843579904,4375670784,393498624,3434381312,3862687744,732012544,20,13605154816
1791661054.868,707.986,indexer,768985780,584395015,184590765,11749474304,11783725056,1680687104,9793875968,4327882752,19115573248,29,13606711296
1791661054.868,707.986,zebrad,157739560,135693611,22045949,3843837952,4375670784,393498624,3434381312,3862687744,732012544,20,13606711296
1791661055.868,708.986,indexer,769463075,584731015,184732059,11756441600,11783725056,1684881408,9796759552,4330766336,19115573248,29,13594890240
1791661055.868,708.986,zebrad,157744932,135698929,22046003,3843837952,4375670784,393498624,3434381312,3862687744,732012544,20,13594890240
1791661056.868,709.986,indexer,770592331,585528960,185063371,11769643008,11783725056,1691172864,9803534336,4337545216,19115573248,29,13588336640
1791661056.868,709.986,zebrad,157750883,135704879,22046003,3843837952,4375670784,393498624,3434381312,3862687744,732012544,20,13588336640
1791661057.869,710.986,indexer,771621983,586279798,185342184,11782070272,11783725056,1697464320,9809534976,4343541760,19115573248,29,13580099584
1791661057.869,710.986,zebrad,157756664,135709696,22046968,3843334144,4375670784,393498624,3434381312,3862687744,732012544,20,13580099584
1791661058.869,711.986,indexer,772236260,586715536,185520724,11683221504,11783725056,1701662720,9708941312,4347174912,19115573248,29,13589835776
1791661058.869,711.986,zebrad,157763005,135715129,22047875,3843596288,4375670784,393498624,3434381312,3862687744,732012544,20,13589835776
1791661059.869,712.986,indexer,773246969,587476738,185770230,11694985216,11783725056,1707954176,9715048448,4353060864,19115573248,29,13582434304
1791661059.869,712.986,zebrad,157769108,135721215,22047892,3843596288,4375670784,393498624,3434381312,3862687744,732012544,20,13582434304
1791661060.869,713.986,indexer,773561807,587702070,185859737,11699089408,11783725056,1710051328,9716752384,4354813952,19115573248,29,13578502144
1791661060.869,713.986,zebrad,157774277,135726384,22047892,3843596288,4375670784,393498624,3434381312,3862687744,732012544,20,13578502144
1791661061.869,714.986,indexer,773732845,587848244,185884600,11701923840,11783725056,1712148480,9717743616,4355756032,19115573248,29,13579358208
1791661061.869,714.986,zebrad,157780333,135732405,22047928,3843596288,4375670784,393498624,3434381312,3862687744,732012544,20,13579358208
1791661062.869,715.986,indexer,774341845,588298187,186043657,11710087168,11783725056,1716342784,9721282560,4359294976,19115573248,29,13573951488
1791661062.869,715.986,zebrad,157786148,135736388,22049760,3843596288,4375670784,393498624,3434381312,3862687744,732012544,20,13573951488
1791661063.869,716.986,indexer,775752971,589431538,186321433,11550367744,11783725056,1550671872,9728004096,4366016512,19115573248,30,13728747520
1791661063.869,716.986,zebrad,157791717,135741157,22050559,3843596288,4375670784,393498624,3434381312,3862687744,732012544,20,13728747520
1791661064.869,717.987,indexer,777929668,591212645,186717023,11636199424,11783725056,1558147072,9803808768,4374712320,19115573248,30,13727068160
1791661064.869,717.987,zebrad,157797370,135745719,22051650,3843592192,4375670784,393498624,3434381312,3862687744,732012544,20,13727068160
1791661065.869,718.987,indexer,779542852,592465287,187077565,11715416064,11783725056,1563394048,9875292160,4380516352,19115573248,30,13713268736
1791661065.869,718.987,zebrad,157803914,135751606,22052307,3843325952,4375670784,393498624,3434381312,3862687744,732012544,20,13713268736
1791661066.869,719.987,indexer,780477257,593039360,187437896,11732611072,11837145088,1567588352,9885057024,4383592448,19254824960,30,13715398656
1791661066.869,719.987,zebrad,157809679,135756126,22053553,3784863744,4375670784,393498624,3375661056,3862687744,732012544,20,13715398656
1791661067.869,720.987,indexer,780581799,593117531,187464267,11732361216,11837145088,1567588352,9885396992,4383932416,19456151552,30,13714923520
1791661067.869,720.987,zebrad,157814885,135761023,22053862,3784568832,4375670784,393498624,3375661056,3862687744,732012544,20,13714923520
1791661068.870,721.987,indexer,780693840,593195525,187498314,11733327872,11837145088,1567592448,9885741056,4384276480,19665858560,30,13713342464
1791661068.870,721.987,zebrad,157821151,135767249,22053902,3784830976,4375670784,393498624,3375661056,3862687744,732012544,20,13713342464
1791661069.870,722.987,indexer,780884299,593323512,187560787,11806834688,11837145088,1569689600,9955127296,4384788480,19767779328,30,13711302656
1791661069.870,722.987,zebrad,157826790,135772888,22053902,3784830976,4375670784,393498624,3375661056,3862687744,732012544,20,13711302656
1791661070.870,723.987,indexer,782107286,594450669,187656617,11808837632,11837145088,1569951744,9956470784,4386131968,19852636160,30,13710761984
1791661070.870,723.987,zebrad,157826902,135772999,22053902,3784830976,4375670784,393498624,3375661056,3862687744,732012544,20,13710761984
1791661071.870,724.987,indexer,783094430,595353055,187741375,11811672064,11837145088,1572048896,9957371904,4387033088,19940171776,30,13706735616
1791661071.870,724.987,zebrad,157829901,135775172,22054728,3785080832,4375670784,393498624,3375661056,3862687744,732012544,20,13706735616
1791661072.870,725.987,indexer,783342996,595527916,187815080,11812925440,11837145088,1572057088,9958367232,4388028416,20058275840,30,13707132928
1791661072.870,725.987,zebrad,157835706,135780723,22054982,3785080832,4375670784,393498624,3375661056,3862687744,732012544,20,13707132928
1791661073.870,726.987,indexer,783921691,595939498,187982193,11819724800,11837145088,1576108032,9961496576,4391149568,20223414272,29,13704781824
1791661073.870,726.987,zebrad,157841955,135784501,22057453,3785080832,4375670784,393498624,3375661056,3862687744,732012544,20,13704781824
1791661074.870,727.987,indexer,785010266,596716646,188293619,11832492032,11837145088,1582399488,9967841280,4397498368,20223414272,29,13703725056
1791661074.870,727.987,zebrad,157847952,135790496,22057455,3784822784,4375670784,393498624,3375661056,3862687744,732012544,20,13703725056
1791661075.870,728.987,indexer,785751351,597275680,188475670,11736961024,11842940928,1588690944,9867911168,4401651712,20223414272,29,13705670656
1791661075.870,728.987,zebrad,157853456,135794792,22058664,3785084928,4375670784,393498624,3375661056,3862687744,732012544,20,13705670656
1791661076.870,729.988,indexer,786517860,597865376,188652484,11745566720,11842940928,1592885248,9872252928,4405993472,20223418368,29,13706268672
1791661076.870,729.988,zebrad,157859049,135800020,22059028,3785080832,4375670784,393498624,3375661056,3862687744,732012544,20,13706268672
1791661077.870,730.988,indexer,787275755,598441671,188834083,11754221568,11842940928,1597079552,9876586496,4410327040,20223418368,29,13697368064
1791661077.870,730.988,zebrad,157864996,135803979,22061017,3785080832,4375670784,393498624,3375661056,3862687744,732012544,20,13697368064
1791661078.870,731.988,indexer,787623962,598685452,188938509,11758149632,11842940928,1599180800,9878437888,4412178432,20223418368,29,13690175488
1791661078.870,731.988,zebrad,157870610,135808368,22062241,3785080832,4375670784,393498624,3375661056,3862687744,732012544,20,13690175488
1791661079.870,732.988,indexer,787999724,598973783,189025941,11762388992,11842940928,1601277952,9880592384,4414332928,20223418368,29,13691387904
1791661079.870,732.988,zebrad,157876243,135812056,22064187,3784830976,4375670784,393498624,3375661056,3862687744,732012544,20,13691387904
1791661080.871,733.988,indexer,789347785,599957658,189390126,11780698112,11842940928,1611763712,9888567296,4422307840,20223418368,29,13683167232
1791661080.871,733.988,zebrad,157882238,135815198,22067040,3784830976,4375670784,393498624,3375661056,3862687744,732012544,20,13683167232
1791661081.871,734.988,indexer,790420193,600719473,189700719,11793317888,11842940928,1618055168,9894797312,4428541952,20223418368,29,13675499520
1791661081.871,734.988,zebrad,157887537,135820453,22067084,3785093120,4375670784,393498624,3375661056,3862687744,732012544,20,13675499520
1791661082.871,735.988,indexer,791285838,601349780,189936058,11804696576,11842940928,1624346624,9899855872,4433596416,20223418368,29,13671387136
1791661082.871,735.988,zebrad,157893259,135824774,22068484,3785093120,4375670784,393498624,3375661056,3862687744,732012544,20,13671387136
1791661083.871,736.988,indexer,791848768,601769059,190079708,11809882112,11842940928,1626443776,9903046656,4436791296,20223418368,29,13671542784
1791661083.871,736.988,zebrad,157900585,135831912,22068672,3785089024,4375670784,393498624,3375661056,3862687744,732012544,20,13671542784
1791661084.871,737.988,indexer,792103769,601948179,190155589,11813601280,11842940928,1628540928,9904472064,4438212608,20223418368,29,13666357248
1791661084.871,737.988,zebrad,157905807,135837134,22068672,3784830976,4375670784,393498624,3375661056,3862687744,732012544,20,13666357248
1791661085.871,738.988,indexer,792937976,602553109,190384866,11824709632,11842940928,1634832384,9909321728,4443062272,20223418368,29,13662806016
1791661085.871,738.988,zebrad,157912282,135841792,22070490,3784830976,4375670784,393498624,3375661056,3862687744,732012544,20,13662806016
1791661086.871,739.989,indexer,793920963,603259011,190661952,11836977152,11842940928,1641123840,9915166720,4448907264,20223418368,29,13635067904
1791661086.871,739.989,zebrad,157917625,135845091,22072534,3785089024,4375670784,393498624,3375661056,3862687744,732012544,20,13635067904
1791661087.871,740.989,indexer,795211566,604205934,191005631,11747467264,11848851456,1649512448,9818886144,4456599552,20223418368,29,13649195008
1791661087.871,740.989,zebrad,157923085,135850551,22072534,3785084928,4375670784,393498624,3375661056,3862687744,732012544,20,13649195008
1791661088.871,741.989,indexer,796262237,604989171,191273066,11759767552,11848851456,1655808000,9825079296,4462792704,20223418368,29,13641777152
1791661088.871,741.989,zebrad,157928840,135856132,22072708,3785105408,4375670784,393498624,3375661056,3862687744,732012544,20,13641777152
1791661089.871,742.989,indexer,797395072,605813132,191581939,11773014016,11848851456,1662099456,9831759872,4469473280,20223418368,29,13633339392
1791661089.871,742.989,zebrad,157935008,135862134,22072873,3784847360,4375670784,393498624,3375661056,3862687744,732012544,20,13633339392
1791661090.871,743.989,indexer,798284659,606462555,191822104,11784384512,11848851456,1668390912,9836969984,4474683392,20223418368,29,13624680448
1791661090.871,743.989,zebrad,157940782,135867659,22073122,3784847360,4375670784,393498624,3375661056,3862687744,732012544,20,13624680448
1791661091.872,744.989,indexer,799315868,607229479,192086388,11796709376,11848851456,1674682368,9843003392,4480716800,20223418368,29,13620621312
1791661091.872,744.989,zebrad,157945922,135871780,22074141,3785101312,4375670784,393498624,3375661056,3862687744,732012544,20,13620621312
1791661092.872,745.989,indexer,801042835,608491825,192551009,11819646976,11848851456,1687265280,9853214720,4490928128,20223418368,29,13607788544
1791661092.872,745.989,zebrad,157952386,135877180,22075206,3785101312,4375670784,393498624,3375661056,3862687744,732012544,20,13607788544
1791661093.872,746.989,indexer,802508601,609587982,192920619,11836686336,11848851456,1695653888,9861906432,4499619840,20223418368,29,13598330880
1791661093.872,746.989,zebrad,157958613,135882376,22076237,3785101312,4375670784,393498624,3375661056,3862687744,732012544,20,13598330880
1791661094.872,747.989,indexer,803697082,610464607,193232474,11804864512,11848851456,1704046592,9823010816,4506664960,20223418368,29,13587410944
1791661094.872,747.989,zebrad,157964276,135886947,22077329,3726897152,4375670784,393498624,3317727232,3862687744,732012544,20,13587410944
1791661095.872,748.989,indexer,805059865,611446242,193613623,11821060096,11848851456,1712435200,9831055360,4514705408,20223418368,29,13567770624
1791661095.872,748.989,zebrad,157969711,135892319,22077391,3726655488,4375670784,393498624,3317727232,3862687744,732012544,20,13567770624
1791661096.872,749.989,indexer,805770583,611947890,193822693,11831488512,11848851456,1718726656,9835188224,4518838272,20223418368,29,13558853632
1791661096.872,749.989,zebrad,157975282,135897808,22077473,3726917632,4375670784,393498624,3317727232,3862687744,732012544,20,13558853632
1791661097.872,750.989,indexer,806546840,612584373,193962466,11664846848,11848851456,1548857344,9838899200,4522549248,20223418368,30,13713125376
1791661097.872,750.989,zebrad,157981062,135902620,22078442,3726913536,4375670784,393498624,3317727232,3862687744,732012544,20,13713125376
1791661098.872,751.990,indexer,807699653,613538539,194161113,11673997312,11848851456,1553051648,9843867648,4527517696,20223418368,30,13710233600
1791661098.872,751.990,zebrad,157987246,135908636,22078610,3726909440,4375670784,393498624,3317727232,3862687744,732012544,20,13710233600
1791661099.872,752.990,indexer,809172271,614695282,194476989,11821346816,11848851456,1558433792,9981300736,4533248000,20223418368,30,13708853248
1791661099.872,752.990,zebrad,157993719,135913325,22080394,3726643200,4375670784,393498624,3317727232,3862687744,732012544,20,13708853248
1791661100.872,753.990,indexer,810644607,615734677,194909929,11916648448,11916816384,1563684864,10067877888,4538130432,20305657856,30,13722509312
1791661100.872,753.990,zebrad,157999206,135917884,22081321,3672002560,4375670784,393498624,3263090688,3862687744,732012544,20,13722509312
1791661101.872,754.990,indexer,810763733,615821288,194942445,11917275136,11917320192,1563684864,10068312064,4538564608,20506976256,30,13721485312
1791661101.872,754.990,zebrad,158004627,135922247,22082379,3671736320,4375670784,393498624,3263090688,3862687744,732012544,20,13721485312
1791661102.873,755.990,indexer,810914317,615939198,194975119,11917881344,11917889536,1563684864,10068832256,4539084800,20692492288,30,13720793088
1791661102.873,755.990,zebrad,158010379,135925898,22084481,3671736320,4375670784,393498624,3263090688,3862687744,732012544,20,13720793088
1791661103.873,756.990,indexer,811144381,616100814,195043567,11920912384,11965399040,1565782016,10069782528,4539772928,20793384960,30,13725077504
1791661103.873,756.990,zebrad,158016076,135931216,22084859,3617468416,4375670784,393498624,3209060352,3862687744,732012544,20,13725077504
1791661104.873,757.990,indexer,811358365,616248939,195109425,11921735680,11965399040,1565782016,10070523904,4540514304,20873809920,30,13722083328
1791661104.873,757.990,zebrad,158021484,135936566,22084918,3617464320,4375670784,393498624,3209060352,3862687744,732012544,20,13722083328
1791661105.873,758.990,indexer,811597764,616393276,195204488,11922546688,11965399040,1565782016,10071351296,4541341696,20957626368,30,13722157056
1791661105.873,758.990,zebrad,158027134,135941683,22085450,3617726464,4375670784,393498624,3209060352,3862687744,732012544,20,13722157056
1791661106.873,759.990,indexer,811817405,616532044,195285360,11925483520,11965399040,1567879168,10072104960,4542095360,21185015808,30,13705629696
1791661106.873,759.990,zebrad,158032414,135946963,22085450,3617726464,4375670784,393498624,3209060352,3862687744,732012544,20,13705629696
1791661107.873,760.990,indexer,813856771,618299424,195557347,11937341440,11965399040,1573285888,10078593024,4548583424,21185015808,29,13697986560
1791661107.873,760.990,zebrad,158032526,135947075,22085450,3617714176,4375670784,393498624,3209060352,3862687744,732012544,20,13697986560
1791661108.873,761.990,indexer,815483520,619694738,195788781,11950112768,11965399040,1580318720,10084139008,4554129408,21185015808,29,13692162048
1791661108.873,761.990,zebrad,158035605,135950154,22085450,3617714176,4375670784,393498624,3209060352,3862687744,732012544,20,13692162048
1791661109.873,762.991,indexer,816278862,620296489,195982373,11958788096,11965399040,1584513024,10088648704,4558639104,21185015808,29,13694754816
1791661109.873,762.991,zebrad,158040757,135954635,22086122,3617714176,4375670784,393498624,3209060352,3862687744,732012544,20,13694754816
1791661110.873,763.991,indexer,816621765,620551082,196070682,11962871808,11965399040,1586610176,10090553344,4560543744,21185015808,29,13690396672
1791661110.873,763.991,zebrad,158046610,135960488,22086122,3617603584,4375670784,393498624,3209060352,3862687744,732012544,20,13690396672
1791661111.873,764.991,indexer,817507898,621208366,196299531,11974160384,11974160384,1592901632,10095665152,4565655552,21185015808,29,13683548160
1791661111.873,764.991,zebrad,158053200,135967077,22086122,3617599488,4375670784,393498624,3209060352,3862687744,732012544,20,13683548160
1791661112.873,765.991,indexer,819416244,622618910,196797333,11998109696,11998109696,1605484544,10107019264,4577009664,21185015808,29,13674455040
1791661112.873,765.991,zebrad,158059255,135973132,22086122,3617599488,4375670784,393498624,3209060352,3862687744,732012544,20,13674455040
1791661113.874,766.991,indexer,821239330,623967569,197271760,11916468224,12018200576,1618067456,10013880320,4587950080,21185015808,29,13672480768
1791661113.874,766.991,zebrad,158067572,135981449,22086122,3617861632,4375670784,393498624,3209060352,3862687744,732012544,20,13672480768
1791661114.874,767.991,indexer,822160951,624632562,197528389,11927543808,12018200576,1624358912,10019160064,4593229824,21185015808,29,13654224896
1791661114.874,767.991,zebrad,158073057,135986935,22086122,3617861632,4375670784,393535488,3209060352,3862687744,732012544,20,13654224896
1791661115.874,768.991,indexer,822828243,625111499,197716744,11935629312,12018200576,1628553216,10023002112,4597071872,21185015808,29,13651152896
1791661115.874,768.991,zebrad,158079086,135992963,22086122,3617861632,4375670784,393535488,3209060352,3862687744,732012544,20,13651152896
1791661116.874,769.991,indexer,823457568,625575485,197882083,11941507072,12018200576,1630650368,10026614784,4600684544,21185015808,29,13631762432
1791661116.874,769.991,zebrad,158084478,135997798,22086680,3618123776,4375670784,393535488,3209060352,3862687744,732012544,20,13631762432
1791661117.874,770.991,indexer,824111135,626071862,198039273,11949240320,12018200576,1634844672,10030325760,4604395520,21185015808,29,13625692160
1791661117.874,770.991,zebrad,158090598,136003898,22086699,3618119680,4375670784,393535488,3209060352,3862687744,732012544,20,13625692160
1791661118.874,771.991,indexer,824887503,626657082,198230421,11959853056,12018200576,1641136128,10034708480,4608778240,21185015808,29,13617168384
1791661118.874,771.991,zebrad,158096869,136010170,22086699,3618119680,4375670784,393535488,3209060352,3862687744,732012544,20,13617168384
1791661119.874,772.991,indexer,825329365,626966224,198363140,11964514304,12018200576,1643233280,10037186560,4611256320,21185015808,29,13616320512
1791661119.874,772.991,zebrad,158102230,136015298,22086931,3618119680,4375670784,393535488,3209060352,3862687744,732012544,20,13616320512
1791661120.874,773.992,indexer,825985092,627455307,198529784,11971653632,12018200576,1646473216,10040909824,4614983680,21185015808,29,13615427584
1791661120.874,773.992,zebrad,158107489,136020519,22086970,3618119680,4375670784,393535488,3209060352,3862687744,732012544,20,13615427584
1791661121.874,774.992,indexer,827592425,628634697,198957728,11991773184,12018200576,1656987648,10050363392,4624437248,21185015808,29,13608304640
1791661121.874,774.992,zebrad,158112783,136025630,22087152,3617853440,4375670784,393535488,3209060352,3862687744,732012544,20,13608304640
1791661122.874,775.992,indexer,828022518,628935935,199086583,11997016064,12018200576,1659813888,10052894720,4626964480,21185015808,29,13610786816
1791661122.874,775.992,zebrad,158118053,136030722,22087331,3618115584,4375670784,393535488,3209060352,3862687744,732012544,20,13610786816
1791661123.875,776.992,indexer,828622267,629367644,199254623,12004343808,12018200576,1663606784,10056339456,4630409216,21185015808,29,13613420544
1791661123.875,776.992,zebrad,158123650,136036318,22087331,3618107392,4375670784,393535488,3209060352,3862687744,732012544,20,13613420544
1791661124.875,777.992,indexer,829016726,629641305,199375421,12008787968,12018200576,1666084864,10058637312,4632707072,21185015808,29,13613940736
1791661124.875,777.992,zebrad,158128997,136039675,22089322,3617837056,4375670784,393535488,3209060352,3862687744,732012544,20,13613940736
1791661125.875,778.992,indexer,829911828,630266079,199645748,11916189696,12018200576,1672691712,9960095744,4638113792,21185015808,29,13619273728
1791661125.875,778.992,zebrad,158134622,136045211,22089411,3617837056,4375670784,393535488,3209060352,3862687744,732012544,20,13619273728
1791661126.875,779.992,indexer,830790588,630911582,199879005,11926556672,12018200576,1677213696,9965600768,4643618816,21185015808,29,13614665728
1791661126.875,779.992,zebrad,158140715,136051148,22089566,3617832960,4375670784,393535488,3209060352,3862687744,732012544,20,13614665728
1791661127.875,780.992,indexer,832506140,632158962,200347177,11942920192,12018200576,1689468928,9970040832,4653830144,21185015808,29,13607063552
1791661127.875,780.992,zebrad,158147285,136056918,22090366,3615997952,4375670784,393535488,3206963200,3862687744,732012544,20,13607063552
1791661128.875,781.992,indexer,834339078,633509979,200829099,11965382656,12018200576,1700294656,9981947904,4665737216,21185015808,29,13592473600
1791661128.875,781.992,zebrad,158153780,136062623,22091157,3615993856,4375670784,393535488,3206963200,3862687744,732012544,20,13592473600
1791661129.875,782.992,indexer,834967036,633974568,200992468,11973238784,12018200576,1704321024,9985564672,4669353984,21185015808,29,13591543808
1791661129.875,782.992,zebrad,158159485,136068227,22091257,3615993856,4375670784,393535488,3206963200,3862687744,732012544,20,13591543808
1791661130.875,783.993,indexer,835431857,634323704,201108152,11978833920,12018200576,1707319296,9988255744,4672045056,21185015808,29,13592379392
1791661130.875,783.993,zebrad,158164779,136073478,22091300,3615993856,4375670784,393535488,3206963200,3862687744,732012544,20,13592379392
1791661131.875,784.993,indexer,835905380,634658411,201246969,11984740352,12018200576,1710342144,9990987776,4674777088,21185015808,29,13590802432
1791661131.875,784.993,zebrad,158170357,136078834,22091522,3615985664,4375670784,393535488,3206963200,3862687744,732012544,20,13590802432
1791661132.875,785.993,indexer,836358798,634973656,201385142,11990220800,12018200576,1713164288,9993568256,4677357568,21185015808,29,13588025344
1791661132.875,785.993,zebrad,158175903,136083722,22092180,3616235520,4375670784,393535488,3206963200,3862687744,732012544,20,13588025344
1791661133.875,786.993,indexer,836697483,635222002,201475480,11994288128,12018200576,1715261440,9995456512,4679245824,21185015808,29,13585350656
1791661133.875,786.993,zebrad,158181690,136089510,22092180,3616235520,4375670784,393535488,3206963200,3862687744,732012544,20,13585350656
1791661134.876,787.993,indexer,837962001,636231859,201730142,11832094720,12018200576,1547694080,10001211392,4685000704,21185015808,30,13732003840
1791661134.876,787.993,zebrad,158187347,136094242,22093104,3616231424,4375670784,393535488,3206963200,3862687744,732012544,20,13732003840
1791661135.876,788.993,indexer,839664793,637698025,201966768,11845787648,12018200576,1555173376,10007691264,4691480576,21185015808,30,13716930560
1791661135.876,788.993,zebrad,158193637,136100533,22093104,3616002048,4375670784,393535488,3206963200,3862687744,732012544,20,13716930560
1791661136.876,789.993,indexer,841779567,639336116,202443451,11997536256,12018200576,1562517504,10146717696,4698845184,21185015808,30,13723959296
1791661136.876,789.993,zebrad,158199749,136105865,22093884,3615997952,4375670784,393535488,3206963200,3862687744,732012544,20,13723959296
1791661137.876,790.993,indexer,842052710,639481828,202570882,11998584832,12018200576,1562517504,10147467264,4699594752,21379342336,30,13724434432
1791661137.876,790.993,zebrad,158205488,136110779,22094708,3615739904,4375670784,393535488,3206963200,3862687744,732012544,20,13724434432
1791661138.876,791.993,indexer,842260210,639640044,202620165,11999199232,12018200576,1562517504,10148147200,4700274688,21555249152,30,13721653248
1791661138.876,791.993,zebrad,158211183,136115796,22095386,3616002048,4375670784,393535488,3206963200,3862687744,732012544,20,13721653248
1791661139.876,792.993,indexer,842487160,639763313,202723846,11941261312,12019789824,1564614656,10089775104,4700893184,21645611008,30,13717569536
1791661139.876,792.993,zebrad,158216521,136120806,22095714,3615993856,4375670784,393535488,3206963200,3862687744,732012544,20,13717569536
1791661140.876,793.993,indexer,842865848,640059128,202806720,11943546880,12019789824,1564614656,10092019712,4703137792,21736443904,30,13717110784
1791661140.876,793.993,zebrad,158216521,136120806,22095714,3615526912,4375670784,393535488,3206963200,3862687744,732012544,20,13717110784
1791661141.876,794.993,indexer,844068188,641162364,202905824,11946688512,12019789824,1566711808,10092810240,4703928320,21905567744,30,13686251520
1791661141.876,794.993,zebrad,158216521,136120806,22095714,3615277056,4375670784,393535488,3206963200,3862687744,732012544,20,13686251520
1791661142.876,795.994,indexer,844835017,641817830,203017186,11947773952,12019789824,1566711808,10093707264,4704825344,22128361472,30,13687140352
1791661142.876,795.994,zebrad,158219446,136123601,22095844,3615801344,4375670784,393535488,3206963200,3862687744,732012544,20,13687140352
1791661143.876,796.994,indexer,845592849,642387725,203205123,11955585024,12019789824,1570906112,10097954816,4709064704,22158512128,29,13686427648
1791661143.876,796.994,zebrad,158227387,136130412,22096975,3616059392,4375670784,393535488,3206963200,3862687744,732012544,20,13686427648
1791661144.876,797.994,indexer,846202096,642844356,203357739,11963453440,12019789824,1574957056,10101370880,4712480768,22158512128,29,13682946048
1791661144.876,797.994,zebrad,158232548,136134551,22097997,3616063488,4375670784,393535488,3206963200,3862687744,732012544,20,13682946048
1791661145.876,798.994,indexer,847171867,643552529,203619337,11975032832,12019789824,1581248512,10106904576,4718014464,22158512128,29,13683990528
1791661145.876,798.994,zebrad,158238490,136140359,22098130,3616059392,4375670784,393535488,3206963200,3862687744,732012544,20,13683990528
1791661146.876,799.994,indexer,848138233,644256823,203881410,11987345408,12019789824,1587539968,10112389120,4723499008,22158512128,29,13688909824
1791661146.876,799.994,zebrad,158244226,136145272,22098954,3616059392,4375670784,393535488,3206963200,3862687744,732012544,20,13688909824
1791661147.877,800.994,indexer,848701685,644675723,204025961,11891388416,12019789824,1591734272,10015510528,4726743040,22158512128,29,13689217024
1791661147.877,800.994,zebrad,158250422,136151468,22098954,3615801344,4375670784,393535488,3206963200,3862687744,732012544,20,13689217024
1791661148.877,801.994,indexer,849248296,645086862,204161433,11896852480,12019789824,1593831424,10018607104,4729839616,22158512128,29,13688131584
1791661148.877,801.994,zebrad,158256153,136156207,22099946,3615801344,4375670784,393535488,3206963200,3862687744,732012544,20,13688131584
1791661149.877,802.994,indexer,849862135,645535867,204326268,11904503808,12019789824,1598025728,10022125568,4733358080,22158512128,29,13690294272
1791661149.877,802.994,zebrad,158261562,136161616,22099946,3615801344,4375670784,393535488,3206963200,3862687744,732012544,20,13690294272
1791661150.877,803.994,indexer,850375994,645888203,204487791,11911659520,12019789824,1602220032,10025058304,4736294912,22158512128,29,13683658752
1791661150.877,803.994,zebrad,158267501,136167502,22099999,3615793152,4375670784,393535488,3206963200,3862687744,732012544,20,13683658752
1791661151.877,804.994,indexer,850925454,646283172,204642282,11917180928,12019789824,1604317184,10028232704,4739465216,22158512128,29,13683396608
1791661151.877,804.994,zebrad,158273332,136173332,22099999,3615784960,4375670784,393535488,3206963200,3862687744,732012544,20,13683396608
1791661152.877,805.994,indexer,851467281,646662930,204804351,11924492288,12019789824,1608511488,10031288320,4742520832,22158512128,29,13679132672
1791661152.877,805.994,zebrad,158278696,136178697,22099999,3616305152,4375670784,393535488,3206963200,3862687744,732012544,20,13679132672
1791661153.877,806.995,indexer,852997477,647830682,205166795,11943792640,12019789824,1618997248,10040213504,4751446016,22158512128,29,13666439168
1791661153.877,806.995,zebrad,158284097,136183150,22100946,3616301056,4375670784,393535488,3206963200,3862687744,732012544,20,13666439168
1791661154.877,807.995,indexer,854659499,649043111,205616388,11963850752,12019789824,1629483008,10049925120,4761161728,22158512128,29,13652770816
1791661154.877,807.995,zebrad,158290940,136189993,22100946,3616296960,4375670784,393535488,3206963200,3862687744,732012544,20,13652770816
1791661155.877,808.995,indexer,856751348,650575888,206175459,11991326720,12019789824,1644163072,10062766080,4774002688,22158512128,29,13637931008
1791661155.877,808.995,zebrad,158296500,136194495,22102005,3616296960,4375670784,393535488,3206963200,3862687744,732012544,20,13637931008
1791661156.877,809.995,indexer,858288946,651670443,206618502,11907543040,12019789824,1654648832,9968844800,4784152576,22158512128,29,13635256320
1791661156.877,809.995,zebrad,158302139,136199046,22103093,3616030720,4375670784,393535488,3206963200,3862687744,732012544,20,13635256320
1791661157.877,810.995,indexer,858925988,652130279,206795709,11915464704,12019789824,1658843136,9972572160,4787879936,22158512128,29,13631197184
1791661157.877,810.995,zebrad,158308180,136204939,22103240,3616030720,4375670784,393535488,3206963200,3862687744,732012544,20,13631197184
1791661158.878,811.995,indexer,859858061,652786802,207071259,11925180416,12019789824,1663037440,9978068992,4793376768,22158512128,29,13626257408
1791661158.878,811.995,zebrad,158314723,136211404,22103318,3616030720,4375670784,393535488,3206963200,3862687744,732012544,20,13626257408
1791661159.878,812.995,indexer,860739546,653410683,207328863,11935739904,12019789824,1669328896,9983193088,4798500864,22158512128,29,13604495360
1791661159.878,812.995,zebrad,158320197,136216091,22104105,3616030720,4375670784,393535488,3206963200,3862687744,732012544,20,13604495360
1791661160.878,813.995,indexer,861649377,654079425,207569952,11947454464,12019789824,1675620352,9988587520,4803895296,22158512128,29,13601849344
1791661160.878,813.995,zebrad,158325684,136220511,22105173,3616030720,4375670784,393535488,3206963200,3862687744,732012544,20,13601849344
1791661161.878,814.995,indexer,862333596,654569567,207764029,11955724288,12019789824,1679814656,9992556544,4807864320,22158512128,29,13598670848
1791661161.878,814.995,zebrad,158331538,136226365,22105173,3616030720,4375670784,393535488,3206963200,3862687744,732012544,20,13598670848
1791661162.878,815.995,indexer,863495487,655441168,208054319,11970781184,12019789824,1688203264,9999409152,4814716928,22158512128,29,13591322624
1791661162.878,815.995,zebrad,158337626,136232452,22105173,3615764480,4375670784,393535488,3206963200,3862687744,732012544,20,13591322624
1791661163.878,816.995,indexer,864560464,656215042,208345421,11983527936,12019789824,1694494720,10005708800,4821016576,22158512128,29,13583831040
1791661163.878,816.995,zebrad,158344069,136238896,22105173,3615784960,4375670784,393535488,3206963200,3862687744,732012544,20,13583831040
1791661164.878,817.995,indexer,865789979,657093754,208696225,11998322688,12019789824,1701896192,10012864512,4828180480,22158512128,29,13581799424
1791661164.878,817.995,zebrad,158350334,136245161,22105173,3615784960,4375670784,393535488,3206963200,3862687744,732012544,20,13581799424
1791661165.878,818.996,indexer,867858012,658645904,209212108,11920052224,12019789824,1715560448,9921220608,4840423424,22158512128,29,13573193728
1791661165.878,818.996,zebrad,158356231,136251058,22105173,3615780864,4375670784,393535488,3206963200,3862687744,732012544,20,13573193728
1791661166.878,819.996,indexer,870293727,660670154,209623572,11767365632,12019789824,1553076224,9931526144,4850728960,22158512128,30,13714194432
1791661166.878,819.996,zebrad,158362014,136255783,22106230,3615776768,4375670784,393535488,3206963200,3862687744,732012544,20,13714194432
1791661167.878,820.996,indexer,872689612,662566596,210123015,11854266368,12019789824,1564614656,10004111360,4860289024,22158512128,30,13729959936
1791661167.878,820.996,zebrad,158368273,136260009,22108263,3616038912,4375670784,393535488,3206963200,3862687744,732012544,20,13729959936
1791661168.879,821.996,indexer,873634623,663170610,210464012,11923226624,12019789824,1566715904,10067783680,4863340544,22301429760,30,13722808320
1791661168.879,821.996,zebrad,158374333,136265201,22109132,3613913088,4375670784,393535488,3204866048,3862687744,732012544,20,13722808320
1791661169.879,822.996,indexer,873756330,663263773,210492557,11923386368,12019789824,1566715904,10068164608,4863717376,22485970944,30,13722972160
1791661169.879,822.996,zebrad,158379562,136270430,22109132,3613908992,4375670784,393535488,3204866048,3862687744,732012544,20,13722972160
1791661170.879,823.996,indexer,874012759,663477205,210535554,11925700608,12019789824,1568813056,10069229568,4864782336,22657380352,30,13695922176
1791661170.879,823.996,zebrad,158385031,136273502,22111529,3613908992,4375670784,393535488,3204866048,3862687744,732012544,20,13695922176
1791661171.879,824.996,indexer,874245767,663617962,210627805,11979546624,12019789824,1568813056,10121482240,4865437696,22745329664,30,13695365120
1791661171.879,824.996,zebrad,158390860,136278216,22112643,3614171136,4375670784,393535488,3204866048,3862687744,732012544,20,13695365120
1791661172.879,825.996,indexer,874924510,664213431,210711078,11980730368,12019789824,1569218560,10122215424,4866170880,22824857600,30,13697122304
1791661172.879,825.996,zebrad,158396335,136283344,22112990,3614167040,4375670784,393535488,3204866048,3862687744,732012544,20,13697122304
1791661173.985,827.102,indexer,876304671,665454278,210850392,11982934016,12019789824,1570344960,10123239424,4867194880,22957940736,30,13698854912
1791661173.985,827.102,zebrad,158402144,136289153,22112990,3614167040,4375670784,393535488,3204866048,3862687744,732012544,20,13698854912
1791661174.985,828.102,indexer,876897083,665849813,211047269,11989651456,12019789824,1573650432,10126508032,4870463488,23135432704,29,13697024000
1791661174.985,828.102,zebrad,158408578,136295548,22113029,3614167040,4375670784,393535488,3204866048,3862687744,732012544,20,13697024000
1791661175.985,829.102,indexer,878227686,666831833,211395852,12006428672,12019789824,1582231552,10134339584,4878295040,23135432704,29,13692166144
1791661175.985,829.102,zebrad,158414442,136301412,22113029,3614167040,4375670784,393535488,3204866048,3862687744,732012544,20,13692166144
1791661176.985,830.102,indexer,879174283,667524945,211649337,11915997184,12019789824,1589641216,10039402496,4884013056,23135432704,29,13707362304
1791661176.985,830.102,zebrad,158420008,136305917,22114091,3614162944,4375670784,393535488,3204866048,3862687744,732012544,20,13707362304
1791661177.985,831.103,indexer,879848177,668043103,211805073,11922538496,12019789824,1592549376,10043240448,4887851008,23135432704,29,13703462912
1791661177.985,831.103,zebrad,158425999,136311908,22114091,3614158848,4375670784,393535488,3204866048,3862687744,732012544,20,13703462912
1791661178.985,832.103,indexer,880996874,668859919,212136955,11936923648,12019789824,1600049152,10049990656,4894605312,23135436800,29,13693620224
1791661178.985,832.103,zebrad,158432226,136316245,22115981,3614158848,4375670784,393535488,3204866048,3862687744,732012544,20,13693620224
1791661179.985,833.103,indexer,881514822,669224157,212290664,11942952960,12019789824,1603403776,10053009408,4897619968,23135436800,29,13690908672
1791661179.985,833.103,zebrad,158437988,136321040,22116947,3614158848,4375670784,393535488,3204866048,3862687744,732012544,20,13690908672
1791661180.985,834.103,indexer,882729605,670083252,212646353,11957899264,12019789824,1611272192,10060075008,4904685568,23135436800,29,13684649984
1791661180.985,834.103,zebrad,158443307,136324458,22118849,3614154752,4375670784,393535488,3204866048,3862687744,732012544,20,13684649984
1791661181.986,835.103,indexer,884078858,671046709,213032148,11974696960,12019789824,1619955712,10067861504,4912472064,23135436800,29,13675507712
1791661181.986,835.103,zebrad,158449384,136330243,22119140,3614154752,4375670784,393535488,3204866048,3862687744,732012544,20,13675507712
1791661182.986,836.103,indexer,885269043,671915905,213353138,11989651456,12019789824,1627721728,10074804224,4919418880,23135436800,29,13667553280
1791661182.986,836.103,zebrad,158455079,136335839,22119239,3614142464,4375670784,393535488,3204866048,3862687744,732012544,20,13667553280
1791661183.986,837.103,indexer,886499170,672782646,213716523,12004610048,12019789824,1635667968,10081947648,4926558208,23135436800,29,13659271168
1791661183.986,837.103,zebrad,158461385,136341961,22119424,3614138368,4375670784,393535488,3204866048,3862687744,732012544,20,13659271168
1791661184.986,838.103,indexer,887969905,673874453,214095452,12022845440,12022845440,1645223936,10090717184,4935327744,23135436800,29,13645152256
1791661184.986,838.103,zebrad,158467499,136346920,22120578,3614138368,4375670784,393535488,3204866048,3862687744,732012544,20,13645152256
1791661185.986,839.103,indexer,889229707,674825773,214403934,11933061120,12029136896,1653288960,9994141696,4942651392,23135436800,29,13640503296
1791661185.986,839.103,zebrad,158473471,136351618,22121852,3614138368,4375670784,393535488,3204866048,3862687744,732012544,20,13640503296
1791661186.986,840.103,indexer,890549651,675787255,214762395,11949371392,12029136896,1661775872,10001907712,4950417408,23135436800,29,13633024000
1791661186.986,840.103,zebrad,158479628,136357612,22122016,3613872128,4375670784,393535488,3204866048,3862687744,732012544,20,13633024000
1791661187.986,841.103,indexer,891735440,676618519,215116920,11964108800,12029136896,1669427200,10008805376,4957315072,23135436800,29,13626138624
1791661187.986,841.103,zebrad,158486176,136364160,22122016,3613863936,4375670784,393535488,3204866048,3862687744,732012544,20,13626138624
1791661188.986,842.103,indexer,893056572,677521682,215534890,11975356416,12029136896,1678073856,10011549696,4965040128,23135436800,29,13622702080
1791661188.986,842.103,zebrad,158491919,136369857,22122061,3612839936,4375670784,393535488,3203817472,3862687744,732012544,20,13622702080
1791661189.986,843.104,indexer,894238530,678410297,215828233,11989929984,12029136896,1685643264,10018435072,4971925504,23135436800,29,13614219264
1791661189.986,843.104,zebrad,158497348,136375286,22122061,3612831744,4375670784,393535488,3203817472,3862687744,732012544,20,13614219264
1791661190.986,844.104,indexer,895623034,679441125,216181909,12006932480,12029136896,1694720000,10026541056,4980031488,23135436800,29,13604921344
1791661190.986,844.104,zebrad,158503818,136381756,22122061,3612561408,4375670784,393535488,3203817472,3862687744,732012544,20,13604921344
1791661191.986,845.104,indexer,896514298,680114953,216399344,12018089984,12029136896,1700499456,10031706112,4985196544,23135436800,29,13596508160
1791661191.986,845.104,zebrad,158509132,136386176,22122956,3612823552,4375670784,393535488,3203817472,3862687744,732012544,20,13596508160
1791661192.986,846.104,indexer,897334303,680686572,216647731,12028313600,12029136896,1705836544,10036457472,4989947904,23135436800,29,13589598208
1791661192.986,846.104,zebrad,158514450,136391308,22123141,3612819456,4375670784,393535488,3203817472,3862687744,732012544,20,13589598208
1791661193.987,847.104,indexer,897732987,680977323,216755664,12033015808,12033015808,1708351488,10038706176,4992196608,23135436800,29,13589139456
1791661193.987,847.104,zebrad,158519811,136396338,22123472,3612807168,4375670784,393535488,3203817472,3862687744,732012544,20,13589139456
1791661194.987,848.104,indexer,898300736,681388064,216912672,11935690752,12034318336,1712128000,9938202624,4995543040,23135436800,29,13583011840
1791661194.987,848.104,zebrad,158525662,136401211,22124451,3613061120,4375670784,393535488,3203817472,3862687744,732012544,20,13583011840
1791661195.987,849.104,indexer,899148703,682057198,217091505,11771486208,12034318336,1543536640,9942843392,5000179712,23135436800,30,13738717184
1791661195.987,849.104,zebrad,158531167,136406643,22124523,3612803072,4375670784,393535488,3203817472,3862687744,732012544,20,13738717184
1791661196.987,850.104,indexer,900733904,683369705,217364198,11785977856,12034318336,1551020032,9949831168,5007167488,23135436800,30,13721133056
1791661196.987,850.104,zebrad,158537379,136411687,22125692,3613065216,4375670784,393535488,3203817472,3862687744,732012544,20,13721133056
1791661197.987,851.104,indexer,902330553,684678789,217651763,11873779712,12034318336,1557311488,10030088192,5013491712,23135436800,30,13718949888
1791661197.987,851.104,zebrad,158543154,136416354,22126799,3613065216,4375670784,393535488,3203817472,3862687744,732012544,20,13718949888
1791661198.987,852.104,indexer,904006263,685841142,218165121,11969138688,12034318336,1564655616,10113089536,5019103232,23165399040,30,13702541312
1791661198.987,852.104,zebrad,158548938,136421888,22127050,3613061120,4375670784,393535488,3203817472,3862687744,732012544,20,13702541312
1791661199.987,853.104,indexer,904123956,685932147,218191808,11969613824,12034318336,1564655616,10113499136,5019512832,23383494656,30,13702094848
1791661199.987,853.104,zebrad,158554458,136427408,22127050,3613061120,4375670784,393535488,3203817472,3862687744,732012544,20,13702094848
1791661200.987,854.104,indexer,904230682,686011763,218218919,11969736704,12034318336,1564659712,10113781760,5019795456,23585579008,30,13699833856
1791661200.987,854.104,zebrad,158559830,136432780,22127050,3612831744,4375670784,393535488,3203817472,3862687744,732012544,20,13699833856
1791661201.987,855.105,indexer,904425740,686157184,218268556,11980185600,12034318336,1564659712,10123657216,5020413952,23669198848,30,13698310144
1791661201.987,855.105,zebrad,158565938,136438888,22127050,3612647424,4375670784,393535488,3203817472,3862687744,732012544,20,13698310144
1791661202.987,856.105,indexer,904745842,686357562,218388280,11979587584,12034318336,1566765056,10120851456,5021650944,23762739200,30,13715156992
1791661202.987,856.105,zebrad,158571851,136444800,22127050,3560652800,4375670784,393535488,3151560704,3862687744,732012544,20,13715156992
1791661203.987,857.105,indexer,904989073,686479859,218509213,11982680064,12034318336,1568862208,10121793536,5022593024,23841304576,30,13714587648
1791661203.987,857.105,zebrad,158579379,136452329,22127050,3561177088,4375670784,394207232,3151560704,3862687744,732012544,20,13714587648
1791661204.987,858.105,indexer,905238885,686604977,218633907,11983552512,12034318336,1568862208,10122706944,5023506432,24002740224,30,13714493440
1791661204.987,858.105,zebrad,158581918,136454868,22127050,3561058304,4375670784,394207232,3151560704,3862687744,732012544,20,13714493440
1791661205.988,859.105,indexer,905861580,687158985,218702595,11987206144,12034318336,1570959360,10124062720,5024854016,24119992320,29,13709803520
1791661205.988,859.105,zebrad,158581942,136454892,22127050,3561058304,4375670784,394207232,3151560704,3862687744,732012544,20,13709803520
1791661206.988,860.105,indexer,908028973,689036602,218992371,12000350208,12034318336,1577107456,10131189760,5031981056,24119992320,29,13711192064
1791661206.988,860.105,zebrad,158581942,136454892,22127050,3561058304,4375670784,394207232,3151560704,3862687744,732012544,20,13711192064
1791661207.988,861.105,indexer,908966293,689769660,219196633,12010459136,12034318336,1583398912,10135166976,5035958272,24119992320,29,13704290304
1791661207.988,861.105,zebrad,158587656,136460606,22127050,3561058304,4375670784,394207232,3151560704,3862687744,732012544,20,13704290304
1791661208.988,862.105,indexer,909253386,689985628,219267757,12012032000,12034318336,1583403008,10136760320,5037551616,24119992320,29,13688053760
1791661208.988,862.105,zebrad,158593063,136464981,22128081,3561058304,4375670784,394207232,3151560704,3862687744,732012544,20,13688053760
1791661209.988,863.105,indexer,909464442,690152435,219312007,12014768128,12034318336,1585500160,10137903104,5038694400,24119992320,29,13685465088
1791661209.988,863.105,zebrad,158598495,136470413,22128081,3560792064,4375670784,394207232,3151560704,3862687744,732012544,20,13685465088
1791661210.988,864.105,indexer,910412627,690864907,219547719,12026630144,12034318336,1591791616,10143379456,5044170752,24119992320,29,13669740544
1791661210.988,864.105,zebrad,158604794,136476605,22128188,3560792064,4375670784,394207232,3151560704,3862687744,732012544,20,13669740544
1791661211.988,865.105,indexer,911383428,691585979,219797448,12037152768,12037156864,1596674048,10148950016,5049741312,24119992320,29,13670305792
1791661211.988,865.105,zebrad,158610302,136481183,22129119,3561054208,4375670784,394207232,3151560704,3862687744,732012544,20,13670305792
1791661212.988,866.106,indexer,911790473,691872782,219917690,12042162176,12042166272,1599246336,10151227392,5052035072,24119992320,29,13670600704
1791661212.988,866.106,zebrad,158616157,136487038,22129119,3561050112,4375670784,394207232,3151560704,3862687744,732012544,20,13670600704
1791661213.988,867.106,indexer,912577402,692428717,220148684,12051734528,12051734528,1604276224,10155720704,5056512000,24119992320,29,13666836480
1791661213.988,867.106,zebrad,158621761,136492295,22129465,3561304064,4375670784,394207232,3151560704,3862687744,732012544,20,13666836480
1791661214.988,868.106,indexer,913166924,692885778,220281145,12058812416,12058812416,1608052736,10159067136,5059858432,24119992320,29,13667930112
1791661214.988,868.106,zebrad,158627541,136497964,22129576,3561304064,4375670784,394207232,3151560704,3862687744,732012544,20,13667930112
1791661215.988,869.106,indexer,914223712,693686155,220537557,11967524864,12070600704,1616957440,10061336576,5065957376,24119992320,29,13668487168
1791661215.988,869.106,zebrad,158633224,136503648,22129576,3561304064,4375670784,394207232,3151560704,3862687744,732012544,20,13668487168
1791661216.989,870.106,indexer,915280408,694475934,220804474,11979956224,12070600704,1623248896,10067537920,5072158720,24119992320,29,13661806592
1791661216.989,870.106,zebrad,158638505,136507793,22130712,3561299968,4375670784,394207232,3151560704,3862687744,732012544,20,13661806592
1791661217.989,871.106,indexer,916608397,695438022,221170374,11996332032,12070600704,1631637504,10075242496,5079863296,24119992320,29,13654597632
1791661217.989,871.106,zebrad,158644644,136512913,22131731,3561029632,4375670784,394207232,3151560704,3862687744,732012544,20,13654597632
1791661218.989,872.106,indexer,918226158,696671656,221554501,12015472640,12070600704,1641111552,10084708352,5089329152,24119992320,29,13641347072
1791661218.989,872.106,zebrad,158650626,136518895,22131731,3561291776,4375670784,394207232,3151560704,3862687744,732012544,20,13641347072
1791661219.989,873.106,indexer,920210296,698154041,222056255,12031946752,12070600704,1654587392,10088022016,5101293568,24119992320,29,13611220992
1791661219.989,873.106,zebrad,158656768,136525015,22131753,3557875712,4375670784,394207232,3148414976,3862687744,732012544,20,13611220992
1791661220.989,874.106,indexer,921894527,699339726,222554800,12055007232,12070600704,1667289088,10097725440,5111373824,24119992320,29,13595873280
1791661220.989,874.106,zebrad,158662908,136527561,22135346,3558129664,4375670784,394207232,3148414976,3862687744,732012544,20,13595873280
1791661221.989,875.106,indexer,923594472,700541057,223053415,11971534848,12070600704,1677774848,10004373504,5121626112,24119992320,29,13601832960
1791661221.989,875.106,zebrad,158668552,136532835,22135716,3557859328,4375670784,394207232,3148414976,3862687744,732012544,20,13601832960
1791661222.989,876.106,indexer,925408125,701907775,223500350,11994796032,12070600704,1690361856,10015191040,5132443648,24119992320,29,13590945792
1791661222.989,876.106,zebrad,158674344,136538515,22135828,3558117376,4375670784,394207232,3148414976,3862687744,732012544,20,13590945792
1791661223.989,877.107,indexer,926287097,702562466,223724631,12006342656,12070600704,1696653312,10020327424,5137580032,24119992320,29,13584449536
1791661223.989,877.107,zebrad,158680395,136544557,22135838,3557851136,4375670784,394207232,3148414976,3862687744,732012544,20,13584449536
1791661224.989,878.107,indexer,927481083,703421733,224059349,12022124544,12070600704,1705046016,10027364352,5144616960,24119992320,29,13575565312
1791661224.989,878.107,zebrad,158686066,136547836,22138229,3558113280,4375670784,394207232,3148414976,3862687744,732012544,20,13575565312
1791661225.989,879.107,indexer,928448804,704103311,224345493,12032147456,12070600704,1709494272,10033037312,5150289920,24119992320,29,13570183168
1791661225.989,879.107,zebrad,158692212,136553959,22138252,3558113280,4375670784,394207232,3148414976,3862687744,732012544,20,13570183168
1791661226.989,880.107,indexer,929802008,705135769,224666238,11873202176,12070600704,1543561216,10040283136,5157535744,24119992320,30,13726859264
1791661226.989,880.107,zebrad,158697873,136558807,22139065,3558109184,4375670784,394207232,3148414976,3862687744,732012544,20,13726859264
1791661227.990,881.107,indexer,931693060,706696022,224997037,11890954240,12070600704,1553141760,10048376832,5165629440,24119992320,30,13716836352
1791661227.990,881.107,zebrad,158703598,136564290,22139307,3557814272,4375670784,394207232,3148414976,3862687744,732012544,20,13716836352
1791661228.990,882.107,indexer,934237933,708626764,225611168,12041900032,12070600704,1564680192,10182098944,5175742464,24119992320,30,13712154624
1791661228.990,882.107,zebrad,158710432,136567573,22142858,3557806080,4375670784,394207232,3147890688,3862687744,732012544,20,13712154624
1791661229.990,883.107,indexer,934695861,708887469,225808391,11970215936,12070600704,1564680192,10111983616,5177044992,24322715648,30,13707587584
1791661229.990,883.107,zebrad,158715577,136572417,22143159,3557797888,4375670784,394207232,3147890688,3862687744,732012544,20,13707587584
1791661230.990,884.107,indexer,934794880,708961703,225833177,11970125824,12070600704,1564680192,10112294912,5177356288,24515645440,30,13707505664
1791661230.990,884.107,zebrad,158720862,136576084,22144778,3557535744,4375670784,394207232,3147890688,3862687744,732012544,20,13707505664
1791661231.990,885.107,indexer,935037929,709147844,225890084,11973578752,12070600704,1566777344,10113249280,5178310656,24617979904,30,13702733824
1791661231.990,885.107,zebrad,158726869,136582088,22144781,3557011456,4375670784,394207232,3147890688,3862687744,732012544,20,13702733824
1791661232.990,886.107,indexer,935212484,709227985,225984498,12029591552,12070600704,1566777344,10167463936,5178777600,24667799552,30,13703290880
1791661232.990,886.107,zebrad,158732015,136585935,22146079,3557273600,4375670784,394207232,3147890688,3862687744,732012544,20,13703290880
1791661233.990,887.107,indexer,935432635,709349173,226083462,12030668800,12070600704,1567162368,10168303616,5179617280,24739966976,30,13703376896
1791661233.990,887.107,zebrad,158739956,136590751,22149204,3557789696,4375670784,394207232,3147890688,3862687744,732012544,20,13703376896
1791661234.990,888.108,indexer,935688269,709504082,226184187,12033306624,12070600704,1568370688,10169376768,5180690432,24796676096,30,13703315456
1791661234.990,888.108,zebrad,158745579,136596374,22149204,3557523456,4375670784,394207232,3147890688,3862687744,732012544,20,13703315456
1791661235.990,889.108,indexer,935896116,709632100,226264015,12034932736,12070600704,1569329152,10170228736,5181542400,24847818752,30,13703225344
1791661235.990,889.108,zebrad,158750821,136600911,22149909,3557785600,4375670784,394219520,3147890688,3862687744,732012544,20,13703225344
1791661236.990,890.108,indexer,936167478,709776490,226390987,12037283840,12070600704,1570557952,10171310080,5182623744,25009377280,30,13702946816
1791661236.990,890.108,zebrad,158756278,136605584,22150693,3557781504,4375670784,394219520,3147890688,3862687744,732012544,20,13702946816
1791661237.990,891.108,indexer,937622713,711019162,226603550,12045975552,12070600704,1575161856,10175483904,5186785280,25102217216,29,13702012928
1791661237.990,891.108,zebrad,158759049,136608355,22150693,3557781504,4375670784,394219520,3147890688,3862687744,732012544,20,13702012928
1791661239.200,892.317,indexer,940715542,713573445,227142097,11965874176,12070600704,1589710848,10083352576,5198696448,25102217216,29,13691928576
1791661239.200,892.317,zebrad,158762481,136611787,22150693,3557277696,4375670784,394219520,3147890688,3862687744,732012544,20,13691928576
1791661240.200,893.317,indexer,942724176,715091352,227632824,11990237184,12070600704,1602293760,10095362048,5210705920,25102217216,29,13680558080
1791661240.200,893.317,zebrad,158768714,136618020,22150693,3557535744,4375670784,394219520,3147890688,3862687744,732012544,20,13680558080
1791661241.200,894.318,indexer,944415888,716339640,228076248,12013158400,12070600704,1614876672,10105315328,5220659200,25102217216,29,13671641088
1791661241.200,894.318,zebrad,158774851,136623490,22151360,3557531648,4375670784,394219520,3147890688,3862687744,732012544,20,13671641088
1791661242.200,895.318,indexer,946214978,717661778,228553199,12034457600,12070600704,1625362432,10116079616,5231423488,25102217216,29,13662978048
1791661242.200,895.318,zebrad,158780530,136627357,22153173,3557531648,4375670784,394219520,3147890688,3862687744,732012544,20,13662978048
1791661243.200,896.318,indexer,947203145,718371845,228831299,12046499840,12070600704,1631612928,10121818112,5237161984,25102217216,29,13649723392
1791661243.200,896.318,zebrad,158786549,136632373,22154175,3557273600,4375670784,394219520,3147890688,3862687744,732012544,20,13649723392
1791661244.200,897.318,indexer,947737739,718769787,228967952,12052787200,12070600704,1634918400,10124943360,5240287232,25102217216,29,13649477632
1791661244.200,897.318,zebrad,158792624,136638157,22154466,3557535744,4375670784,394219520,3147890688,3862687744,732012544,20,13649477632
1791661245.200,898.318,indexer,948705655,719498290,229207364,12064501760,12070600704,1641148416,10130509824,5245853696,25102217216,29,13644591104
1791661245.200,898.318,zebrad,158798122,136643444,22154677,3557531648,4375670784,394219520,3147890688,3862687744,732012544,20,13644591104
1791661246.201,899.318,indexer,949416710,720017955,229398755,12073398272,12073398272,1645666304,10134704128,5250048000,25102217216,29,13639860224
1791661246.201,899.318,zebrad,158803596,136647854,22155742,3557527552,4375670784,394219520,3147890688,3862687744,732012544,20,13639860224
1791661247.201,900.318,indexer,949763111,720270865,229492245,12077195264,12077260800,1647820800,10136645632,5251989504,25102217216,29,13637746688
1791661247.201,900.318,zebrad,158808864,136653082,22155782,3557785600,4375670784,394219520,3147890688,3862687744,732012544,20,13637746688
1791661248.201,901.318,indexer,950174476,720584620,229589856,11976986624,12082241536,1650450432,10035113984,5254320128,25102217216,29,13643411456
1791661248.201,901.318,zebrad,158813965,136657031,22156934,3557785600,4375670784,394219520,3147890688,3862687744,732012544,20,13643411456
1791661249.201,902.318,indexer,950572819,720871333,229701485,11981983744,12082241536,1652981760,10037362688,5256568832,25102217216,29,13638926336
1791661249.201,902.318,zebrad,158819725,136662543,22157181,3557785600,4375670784,394219520,3147890688,3862687744,732012544,20,13638926336
1791661250.201,903.318,indexer,951044037,721191094,229852942,11987632128,12082241536,1655996416,10040082432,5259288576,25102217216,29,13635936256
1791661250.201,903.318,zebrad,158825963,136668746,22157217,3557785600,4375670784,394219520,3147890688,3862687744,732012544,20,13635936256
1791661251.201,904.318,indexer,951404605,721440012,229964593,11991965696,12082241536,1658195968,10042032128,5261238272,25102217216,29,13635018752
1791661251.201,904.318,zebrad,158831333,136674116,22157217,3557781504,4375670784,394219520,3147890688,3862687744,732012544,20,13635018752
1791661252.201,905.319,indexer,952162284,721975033,230187250,12001345536,12082241536,1663102976,10046418944,5265625088,25102217216,29,13630033920
1791661252.201,905.319,zebrad,158837459,136680242,22157217,3557781504,4375670784,394219520,3147890688,3862687744,732012544,20,13630033920
1791661253.201,906.319,indexer,953138931,722657595,230481335,12013305856,12082241536,1669464064,10052091904,5271298048,25102217216,29,13623910400
1791661253.201,906.319,zebrad,158842663,136684345,22158318,3557781504,4375670784,394219520,3147890688,3862687744,732012544,20,13623910400
1791661254.201,907.319,indexer,953582491,722976306,230606185,12018458624,12082241536,1672237056,10054553600,5273759744,25102217216,29,13620506624
1791661254.201,907.319,zebrad,158848891,136689263,22159627,3557781504,4375670784,394219520,3147890688,3862687744,732012544,20,13620506624
1791661255.201,908.319,indexer,953902646,723207813,230694833,12022304768,12082241536,1674260480,10056347648,5275553792,25102217216,29,13618896896
1791661255.201,908.319,zebrad,158854091,136694464,22159627,3557781504,4375670784,394219520,3147890688,3862687744,732012544,20,13618896896
1791661256.202,909.319,indexer,955439919,724307959,231131960,12041736192,12082241536,1684307968,10065387520,5284593664,25102217216,29,13608210432
1791661256.202,909.319,zebrad,158859999,136698635,22161363,3557515264,4375670784,394219520,3147890688,3862687744,732012544,20,13608210432
1791661257.202,910.319,indexer,956883113,725360878,231522235,12059324416,12082241536,1693773824,10073804800,5293010944,25102217216,29,13599666176
1791661257.202,910.319,zebrad,158865929,136703437,22162492,3557511168,4375670784,394219520,3147890688,3862687744,732012544,20,13599666176
1791661258.202,911.319,indexer,958176627,726294926,231881701,12075327488,12082241536,1702146048,10081255424,5300465664,25102217216,29,13590335488
1791661258.202,911.319,zebrad,158871066,136706697,22164368,3557515264,4375670784,394219520,3147890688,3862687744,732012544,20,13590335488
1791661259.202,912.319,indexer,959007326,726897754,232109572,12085436416,12085477376,1707454464,10085986304,5305192448,25102217216,29,13585211392
1791661259.202,912.319,zebrad,158876897,136711552,22165344,3557806080,4375670784,394219520,3147890688,3862687744,732012544,20,13585211392
1791661260.202,913.319,indexer,959612002,727326055,232285946,11988393984,12089069568,1711288320,9985339392,5308600320,25102217216,29,13584740352
1791661260.202,913.319,zebrad,158882540,136714530,22168010,3557801984,4375670784,394219520,3147890688,3862687744,732012544,20,13584740352
1791661261.202,914.319,indexer,960964676,728377425,232587250,11831545856,12089069568,1547735040,9992404992,5315670016,25102217216,30,13730369536
1791661261.202,914.319,zebrad,158887589,136719578,22168010,3557801984,4375670784,394219520,3147890688,3862687744,732012544,20,13730369536
1791661262.202,915.319,indexer,963059058,730126905,232932153,11848421376,12089069568,1555247104,10001903616,5325164544,25102217216,30,13722746880
1791661262.202,915.319,zebrad,158893365,136724516,22168848,3557797888,4375670784,394219520,3147890688,3862687744,732012544,20,13722746880
1791661263.202,916.319,indexer,965322750,731934626,233388123,12052410368,12103741440,1562591232,10191278080,5334085632,25102217216,30,13716451328
1791661263.202,916.319,zebrad,158898751,136729847,22168904,3504193536,4375670784,394219520,3094552576,3862687744,732012544,20,13716451328
1791661264.202,917.320,indexer,965758020,732182212,233575807,12032823296,12121870336,1564688384,10170048512,5335375872,25315926016,30,13712875520
1791661264.202,917.320,zebrad,158906235,136736982,22169252,3504189440,4375670784,394227712,3094552576,3862687744,732012544,20,13712875520
1791661265.202,918.320,indexer,965866980,732267429,233599551,12033417216,12121870336,1564688384,10170421248,5335748608,25505054720,30,13712748544
1791661265.202,918.320,zebrad,158911624,136742315,22169308,3504189440,4375670784,394227712,3094552576,3862687744,732012544,20,13712748544
1791661266.202,919.320,indexer,965997958,732371045,233626912,12033937408,12121870336,1564688384,10170867712,5336195072,25630539776,30,13711847424
1791661266.202,919.320,zebrad,158916902,136746833,22170068,3504181248,4375670784,394227712,3094552576,3862687744,732012544,20,13711847424
1791661267.202,920.320,indexer,966202486,732514542,233687943,12036964352,12121870336,1564688384,10174021632,5336989696,25673347072,30,13711613952
1791661267.202,920.320,zebrad,158922216,136752147,22170068,3504177152,4375670784,394227712,3094552576,3862687744,732012544,20,13711613952
1791661268.203,921.320,indexer,966621348,732764475,233856873,12041355264,12121870336,1566785536,10176008192,5338976256,25751359488,30,13712326656
1791661268.203,921.320,zebrad,158927272,136757203,22170068,3504168960,4375670784,394227712,3094552576,3862687744,732012544,20,13712326656
1791661269.203,922.320,indexer,966872795,732941062,233931733,12042469376,12121870336,1566785536,10177261568,5340229632,25790152704,30,13709950976
1791661269.203,922.320,zebrad,158932970,136762167,22170803,3503902720,4375670784,394227712,3094552576,3862687744,732012544,20,13709950976
1791661270.203,923.320,indexer,967555687,733513713,234041974,12047364096,12121870336,1568882688,10179870720,5342838784,25807855616,30,13708386304
1791661270.203,923.320,zebrad,158935699,136764793,22170905,3504164864,4375670784,394227712,3094552576,3862687744,732012544,20,13708386304
1791661271.203,924.320,indexer,968758163,734654588,234103574,12050481152,12121870336,1570979840,10180837376,5343805440,25829744640,30,13708804096
1791661271.203,924.320,zebrad,158935699,136764793,22170905,3504164864,4375670784,394227712,3094552576,3862687744,732012544,20,13708804096
1791661272.203,925.320,indexer,969296381,735102444,234193937,12052037632,12121870336,1570979840,10182078464,5345046528,25886789632,30,13708689408
1791661272.203,925.320,zebrad,158941316,136770183,22171133,3504160768,4375670784,394227712,3094552576,3862687744,732012544,20,13708689408
1791661273.203,926.320,indexer,969666821,735394304,234272516,12055625728,12121870336,1571696640,10185281536,5348249600,25966190592,30,13709807616
1791661273.203,926.320,zebrad,158946480,136775322,22171157,3504160768,4375670784,394227712,3094552576,3862687744,732012544,20,13709807616
1791661274.203,927.320,indexer,969924698,735582752,234341945,12058705920,12121870336,1572462592,10187563008,5350531072,26099838976,29,13709041664
1791661274.203,927.320,zebrad,158952277,136781119,22171157,3504156672,4375670784,394227712,3094552576,3862687744,732012544,20,13709041664
1791661275.203,928.321,indexer,970470136,736027606,234442529,12066971648,12121870336,1575030784,10193219584,5356187648,26099838976,29,13709774848
1791661275.203,928.321,zebrad,158957559,136784252,22173306,3504148480,4375670784,394227712,3094552576,3862687744,732012544,20,13709774848
1791661276.203,929.321,indexer,971463791,736829190,234634600,12079357952,12121870336,1581322240,10199457792,5362425856,26099838976,29,13702537216
1791661276.203,929.321,zebrad,158963555,136789667,22173888,3504148480,4375670784,394227712,3094552576,3862687744,732012544,20,13702537216
1791661277.203,930.321,indexer,971998253,737248757,234749496,12084862976,12121870336,1583419392,10202734592,5365702656,26099838976,29,13698068480
1791661277.203,930.321,zebrad,158969227,136795338,22173888,3504148480,4375670784,394227712,3094552576,3862687744,732012544,20,13698068480
1791661278.203,931.321,indexer,972457224,737627722,234829501,12089712640,12121870336,1585516544,10205507584,5368475648,26099838976,29,13698080768
1791661278.203,931.321,zebrad,158974656,136800768,22173888,3503894528,4375670784,394227712,3094552576,3862687744,732012544,20,13698080768
1791661279.204,932.321,indexer,972828761,737941273,234887487,12094246912,12121870336,1587613696,10207768576,5370736640,26099838976,29,13692780544
1791661279.204,932.321,zebrad,158980766,136806842,22173924,3503890432,4375670784,394227712,3094552576,3862687744,732012544,20,13692780544
1791661280.204,933.321,indexer,973324986,738351389,234973597,12099301376,12121870336,1589710848,10210848768,5373816832,26099838976,29,13693464576
1791661280.204,933.321,zebrad,158986386,136812234,22174152,3503890432,4375670784,394227712,3094552576,3862687744,732012544,20,13693464576
1791661281.204,934.321,indexer,974462616,739279051,235183564,12110786560,12121870336,1593905152,10218123264,5381091328,26099838976,29,13689442304
1791661281.204,934.321,zebrad,158991733,136816673,22175060,3504152576,4375670784,394227712,3094552576,3862687744,732012544,20,13689442304
1791661282.204,935.321,indexer,975329728,740012278,235317450,12120662016,12121870336,1598099456,10223538176,5386506240,26099838976,29,13685350400
1791661282.204,935.321,zebrad,158997609,136821705,22175903,3504152576,4375670784,394227712,3094552576,3862687744,732012544,20,13685350400
1791661283.204,936.321,indexer,976224440,740734450,235489989,12022378496,12125220864,1602293760,10125230080,5392220160,26099838976,29,13671735296
1791661283.204,936.321,zebrad,159003433,136827274,22176159,3503886336,4375670784,394227712,3094552576,3862687744,732012544,20,13671735296
1791661284.204,937.321,indexer,977045698,741403787,235641910,12030017536,12125220864,1604390912,10130452480,5397442560,26099838976,29,13669068800
1791661284.204,937.321,zebrad,159009542,136833365,22176177,3504087040,4375670784,394227712,3094552576,3862687744,732012544,20,13669068800
1791661285.204,938.321,indexer,977899206,742077920,235821286,12039446528,12125220864,1608585216,10135588864,5402578944,26099838976,29,13667725312
1791661285.204,938.321,zebrad,159014972,136838455,22176517,3504345088,4375670784,394227712,3094552576,3862687744,732012544,20,13667725312
1791661286.204,939.322,indexer,978834424,742827825,236006598,12049453056,12125220864,1612779520,10141564928,5408555008,26099838976,29,13666828288
1791661286.204,939.322,zebrad,159020063,136843253,22176810,3504336896,4375670784,394227712,3094552576,3862687744,732012544,20,13666828288
1791661287.204,940.322,indexer,979443293,743329761,236113531,12057952256,12125220864,1616973824,10145427456,5412421632,26099838976,29,13664419840
1791661287.204,940.322,zebrad,159026080,136849266,22176814,3504328704,4375670784,394227712,3094552576,3862687744,732012544,20,13664419840
1791661288.204,941.322,indexer,980102752,743863219,236239532,12063899648,12125220864,1619070976,10149462016,5416452096,26099838976,29,13664894976
1791661288.204,941.322,zebrad,159031710,136854805,22176904,3504328704,4375670784,394227712,3094552576,3862687744,732012544,20,13664894976
1791661289.204,942.322,indexer,980501827,744182161,236319666,12068069376,12125220864,1621168128,10151854080,5418844160,26099838976,29,13660540928
1791661289.204,942.322,zebrad,159037202,136860298,22176904,3504062464,4375670784,394227712,3094552576,3862687744,732012544,20,13660540928
1791661290.205,943.322,indexer,980779978,744410644,236369333,12069859328,12125220864,1621168128,10153525248,5420515328,26099838976,29,13661126656
1791661290.205,943.322,zebrad,159042329,136864198,22178130,3504062464,4375670784,394227712,3094552576,3862687744,732012544,20,13661126656
1791661291.205,944.322,indexer,981499524,744975516,236524007,12078637056,12125220864,1625362432,10157899776,5424889856,26099838976,29,13653864448
1791661291.205,944.322,zebrad,159048548,136869248,22179300,3504324608,4375670784,394227712,3094552576,3862687744,732012544,20,13653864448
1791661292.205,945.322,indexer,982082378,745454144,236628233,12084379648,12125220864,1627459584,10161496064,5428486144,26099838976,29,13653954560
1791661292.205,945.322,zebrad,159053975,136873616,22180358,3504312320,4375670784,394227712,3094552576,3862687744,732012544,20,13653954560
1791661293.205,946.322,indexer,982710363,745963848,236746515,12090101760,12125220864,1629581312,10164658176,5432307712,26099838976,29,13637898240
1791661293.205,946.322,zebrad,159059390,136877974,22181415,3504041984,4375670784,394227712,3094552576,3862687744,732012544,20,13637898240
1791661294.205,947.322,indexer,983199360,746367415,236831944,12095221760,12125220864,1631678464,10168303616,5435293696,26099838976,29,13638365184
1791661294.205,947.322,zebrad,159067072,136884700,22182371,3504041984,4375670784,394227712,3094552576,3862687744,732012544,20,13638365184
1791661295.205,948.322,indexer,983898079,746928470,236969609,12101939200,12125220864,1633775616,10172628992,5439619072,26099838976,29,13634940928
1791661295.205,948.322,zebrad,159073077,136890563,22182514,3504033792,4375670784,394227712,3094552576,3862687744,732012544,20,13634940928
1791661296.205,949.323,indexer,984726564,747598965,237127599,12111126528,12125220864,1637969920,10177863680,5444853760,26099838976,29,13632143360
1791661296.205,949.323,zebrad,159078512,136895077,22183434,3504033792,4375670784,394227712,3094552576,3862687744,732012544,20,13632143360
1791661297.205,950.323,indexer,985440684,748209067,237231617,12117889024,12125220864,1640067072,10182373376,5449363456,26099838976,29,13629702144
1791661297.205,950.323,zebrad,159083966,136899608,22184358,3503808512,4375670784,394227712,3094552576,3862687744,732012544,20,13629702144
1791661298.205,951.323,indexer,986903220,749407982,237495238,12081754112,12125220864,1646358528,10140733440,5458665472,26099838976,29,13640085504
1791661298.205,951.323,zebrad,159089716,136905252,22184464,3450843136,4375670784,394227712,3041599488,3862687744,732012544,20,13640085504
1791661299.205,952.323,indexer,987832843,750141720,237691123,12093865984,12125220864,1652649984,10146430976,5464363008,26099838976,29,13635231744
1791661299.205,952.323,zebrad,159095689,136910368,22185321,3450843136,4375670784,394227712,3041599488,3862687744,732012544,20,13635231744
1791661300.206,953.323,indexer,988721636,750841335,237880301,12103299072,12125220864,1656844288,10151907328,5469839360,26099838976,29,13631881216
1791661300.206,953.323,zebrad,159101081,136913708,22187372,3451097088,4375670784,394227712,3041599488,3862687744,732012544,20,13631881216
1791661301.206,954.323,indexer,989459445,751417262,238042182,12109754368,12125220864,1658941440,10156339200,5474271232,26099843072,29,13627527168
1791661301.206,954.323,zebrad,159106207,136918815,22187391,3450834944,4375670784,394227712,3041599488,3862687744,732012544,20,13627527168
1791661302.206,955.323,indexer,990902733,752552167,238350566,12127268864,12127301632,1667330048,10165190656,5483122688,26099843072,29,13623271424
1791661302.206,955.323,zebrad,159112803,136925411,22187391,3451097088,4375670784,394227712,3041599488,3862687744,732012544,20,13623271424
1791661303.206,956.323,indexer,991907474,753333790,238573683,12137717760,12138827776,1671610368,10171428864,5489364992,26099843072,29,13597986816
1791661303.206,956.323,zebrad,159118931,136931539,22187391,3451097088,4375670784,394227712,3041599488,3862687744,732012544,20,13597986816
1791661304.206,957.323,indexer,993492060,754561330,238930729,12051673088,12151984128,1679998976,10077265920,5499269120,26099843072,29,13590470656
1791661304.206,957.323,zebrad,159125724,136934959,22190765,3451092992,4375670784,394227712,3041599488,3862687744,732012544,20,13590470656
1791661305.206,958.323,indexer,994055731,754982592,239073139,12057358336,12151984128,1682096128,10080698368,5502701568,26099843072,29,13591416832
1791661305.206,958.323,zebrad,159131079,136940124,22190955,3450818560,4375670784,394227712,3041599488,3862687744,732012544,20,13591416832
1791661306.206,959.324,indexer,994779816,755559538,239220277,12065959936,12151984128,1686290432,10085134336,5507137536,26099843072,29,13585813504
1791661306.206,959.324,zebrad,159136667,136944770,22191897,3451076608,4375670784,394227712,3041599488,3862687744,732012544,20,13585813504
1791661307.206,960.324,indexer,996574415,756943269,239631146,12087672832,12151984128,1696776192,10096435200,5518438400,26099843072,29,13578534912
1791661307.206,960.324,zebrad,159143197,136950226,22192971,3451076608,4375670784,394227712,3041599488,3862687744,732012544,20,13578534912
1791661308.206,961.324,indexer,998341373,758338506,240002867,12106989568,12151984128,1705357312,10107265024,5529272320,26099843072,29,13573529600
1791661308.206,961.324,zebrad,159148642,136955468,22193174,3451072512,4375670784,394227712,3041599488,3862687744,732012544,20,13573529600
1791661309.206,962.324,indexer,999953230,759588786,240364444,12125229056,12151984128,1713614848,10117210112,5539213312,26099843072,29,13570789376
1791661309.206,962.324,zebrad,159155291,136961305,22193986,3451072512,4375670784,394227712,3041599488,3862687744,732012544,20,13570789376
1791661310.206,963.324,indexer,1001692919,761054451,240638468,11963740160,12151984128,1543692288,10125991936,5547995136,26099843072,30,13725978624
1791661310.206,963.324,zebrad,159161813,136966894,22194919,3451068416,4375670784,394227712,3041599488,3862687744,732012544,20,13725978624
1791661311.207,964.324,indexer,1003549023,762638794,240910229,12025442304,12151984128,1555374080,10174701568,5556109312,26099843072,30,13711417344
1791661311.207,964.324,zebrad,159168502,136970910,22197592,3451068416,4375670784,394227712,3041599488,3862687744,732012544,20,13711417344
1791661312.207,965.324,indexer,1005657443,764211645,241445797,12101046272,12170993664,1562718208,10238685184,5563908096,26099843072,30,13697703936
1791661312.207,965.324,zebrad,159174403,136976544,22197858,3451068416,4375670784,394227712,3041599488,3862687744,732012544,20,13697703936
1791661313.207,966.324,indexer,1005869743,764345826,241523916,12101885952,12170993664,1562718208,10239307776,5564530688,26317058048,30,13696356352
1791661313.207,966.324,zebrad,159179859,136981077,22198782,3451068416,4375670784,394227712,3041599488,3862687744,732012544,20,13696356352
1791661314.207,967.324,indexer,1005989066,764432870,241556196,12102250496,12170993664,1562718208,10239696896,5564919808,26526765056,30,13679767552
1791661314.207,967.324,zebrad,159185103,136984151,22200951,3451068416,4375670784,394227712,3041599488,3862687744,732012544,20,13679767552
1791661315.207,968.324,indexer,1006180509,764591774,241588735,12105154560,12170993664,1564819456,10240434176,5565657088,26667638784,30,13679190016
1791661315.207,968.324,zebrad,159190461,136989457,22201003,3451068416,4375670784,394227712,3041599488,3862687744,732012544,20,13679190016
1791661316.207,969.324,indexer,1006511764,764790030,241721733,12044697600,12170993664,1564819456,10180018176,5566885888,26750189568,30,13683441664
1791661316.207,969.324,zebrad,159196460,136995315,22201145,3451068416,4375670784,394227712,3041599488,3862687744,732012544,20,13683441664
1791661317.207,970.324,indexer,1006824706,765004613,241820093,12047958016,12170993664,1566916608,10181275648,5568143360,26835963904,30,13678858240
1791661317.207,970.324,zebrad,159202069,137000924,22201145,3451064320,4375670784,394227712,3041599488,3862687744,732012544,20,13678858240
1791661318.207,971.324,indexer,1007054400,765138475,241915925,12048814080,12170993664,1566916608,10182152192,5569019904,26930487296,30,13679329280
1791661318.207,971.324,zebrad,159207676,137006531,22201145,3451064320,4375670784,394227712,3041599488,3862687744,732012544,20,13679329280
1791661319.207,972.325,indexer,1007340896,765295008,242045887,12050235392,12170993664,1566916608,10183434240,5570301952,27136339968,29,13677756416
1791661319.207,972.325,zebrad,159213120,137011296,22201823,3451064320,4375670784,394227712,3041599488,3862687744,732012544,20,13677756416
1791661320.207,973.325,indexer,1009184926,766815644,242369281,12069380096,12170993664,1574903808,10194526208,5581393920,27136339968,29,13676666880
1791661320.207,973.325,zebrad,159216276,137013711,22202565,3451064320,4375670784,394227712,3041599488,3862687744,732012544,20,13676666880
1791661321.207,974.325,indexer,1011575361,768887085,242688276,12086444032,12170993664,1583554560,10203238400,5590106112,27136339968,29,13676617728
1791661321.207,974.325,zebrad,159216276,137013711,22202565,3451064320,4375670784,394227712,3041599488,3862687744,732012544,20,13676617728
1791661322.207,975.325,indexer,1012772495,769955516,242816979,12092862464,12170993664,1585655808,10207092736,5593960448,27136339968,29,13674823680
1791661322.207,975.325,zebrad,159219085,137016519,22202565,3451064320,4375670784,394227712,3041599488,3862687744,732012544,20,13674823680
1791661323.208,976.325,indexer,1013819449,770795316,243024133,12105236480,12170993664,1591951360,10213343232,5600210944,27136339968,29,13672558592
1791661323.208,976.325,zebrad,159224235,137021534,22202701,3451064320,4375670784,394227712,3041599488,3862687744,732012544,20,13672558592
1791661324.208,977.325,indexer,1015763512,772299577,243463935,12126285824,12170993664,1601015808,10225565696,5612437504,27136339968,29,13658066944
1791661324.208,977.325,zebrad,159232380,137029655,22202725,3451211776,4375670784,394227712,3041599488,3862687744,732012544,20,13658066944
1791661325.208,978.325,indexer,1017415702,773591612,243824089,12145819648,12170993664,1609826304,10235904000,5622779904,27136339968,29,13659267072
1791661325.208,978.325,zebrad,159238059,137034959,22203099,3451224064,4375670784,394227712,3041599488,3862687744,732012544,20,13659267072
1791661326.208,979.325,indexer,1019325944,775108367,244217576,12167610368,12170993664,1619873792,10247757824,5634629632,27136339968,29,13659742208
1791661326.208,979.325,zebrad,159244034,137039080,22204954,3451224064,4375670784,394227712,3041599488,3862687744,732012544,20,13659742208
1791661327.208,980.325,indexer,1021079484,776457579,244621905,12083458048,12184825856,1628794880,10154528768,5645234176,27136339968,29,13652639744
1791661327.208,980.325,zebrad,159249934,137043855,22206078,3451224064,4375670784,394227712,3041599488,3862687744,732012544,20,13652639744
1791661328.208,981.325,indexer,1022575374,777605884,244969490,12101550080,12184825856,1638096896,10163736576,5654437888,27136339968,29,13638520832
1791661328.208,981.325,zebrad,159255236,137049113,22206122,3451224064,4375670784,394227712,3041599488,3862687744,732012544,20,13638520832
1791661329.208,982.325,indexer,1024137487,778772019,245365468,12120633344,12184825856,1647370240,10173091840,5663793152,27136339968,29,13626654720
1791661329.208,982.325,zebrad,159261044,137054806,22206237,3451219968,4375670784,394227712,3041599488,3862687744,732012544,20,13626654720
1791661330.208,983.326,indexer,1024985852,779413546,245572305,12131094528,12184825856,1652707328,10178064384,5668765696,27136339968,29,13625032704
1791661330.208,983.326,zebrad,159266401,137059392,22207008,3451219968,4375670784,394227712,3041599488,3862687744,732012544,20,13625032704
1791661331.208,984.326,indexer,1025736363,779971402,245764961,12139454464,12184825856,1656934400,10182426624,5673127936,27136339968,29,13620637696
1791661331.208,984.326,zebrad,159272157,137065041,22207115,3451219968,4375670784,394227712,3041599488,3862687744,732012544,20,13620637696
1791661332.208,985.326,indexer,1026602787,780639132,245963654,12149510144,12184825856,1661886464,10187476992,5678178304,27136339968,29,13616136192
1791661332.208,985.326,zebrad,159278519,137070631,22207887,3450953728,4375670784,394227712,3041599488,3862687744,732012544,20,13616136192
1791661333.209,986.326,indexer,1027722326,781505642,246216684,12162646016,12184825856,1668280320,10194104320,5684805632,27136339968,29,13609488384
1791661333.209,986.326,zebrad,159283996,137076108,22207887,3450703872,4375670784,394227712,3041599488,3862687744,732012544,20,13609488384
1791661334.209,987.326,indexer,1028334865,781944205,246390660,12163112960,12184825856,1671651328,10191290368,5688336384,27136339968,29,13624270848
1791661334.209,987.326,zebrad,159290072,137082185,22207887,3448803328,4375670784,394227712,3039502336,3862687744,732012544,20,13624270848
1791661335.209,988.326,indexer,1029308450,782673807,246634643,12174184448,12184825856,1677254656,10197102592,5694095360,27136339968,29,13618696192
1791661335.209,988.326,zebrad,159295787,137085142,22210645,3448594432,4375670784,394227712,3039502336,3862687744,732012544,20,13618696192
1791661336.209,989.326,indexer,1030155312,783322416,246832895,12184145920,12184825856,1682112512,10202103808,5699096576,27136339968,29,13613228032
1791661336.209,989.326,zebrad,159301213,137088651,22212561,3448594432,4375670784,394227712,3039502336,3862687744,732012544,20,13613228032
1791661337.209,990.326,indexer,1031027457,783977462,247049995,12088725504,12190945280,1688428544,10103357440,5704220672,27136339968,29,13604851712
1791661337.209,990.326,zebrad,159306361,137093637,22212723,3448856576,4375670784,394227712,3039502336,3862687744,732012544,20,13604851712
1791661338.209,991.326,indexer,1032389651,785032382,247357269,12105302016,12190945280,1696817152,10111328256,5712269312,27136339968,29,13595131904
1791661338.209,991.326,zebrad,159312404,137099681,22212723,3448856576,4375670784,394231808,3039502336,3862687744,732012544,20,13595131904
1791661339.209,992.326,indexer,1034011292,786315520,247695771,12123492352,12190945280,1705213952,10121228288,5722091520,27136339968,29,13582942208
1791661339.209,992.326,zebrad,159318760,137106036,22212723,3448856576,4375670784,394231808,3039502336,3862687744,732012544,20,13582942208
1791661340.209,993.326,indexer,1035416580,787374521,248042059,12140371968,12190945280,1713602560,10129907712,5730775040,27136339968,29,13578027008
1791661340.209,993.326,zebrad,159323987,137111170,22212817,3448848384,4375670784,394231808,3039502336,3862687744,732012544,20,13578027008
1791661341.209,994.327,indexer,1037110718,788767216,248343502,11983085568,12190945280,1547096064,10139357184,5740220416,27136339968,30,13725851648
1791661341.209,994.327,zebrad,159329417,137116259,22213157,3448848384,4375670784,394231808,3039502336,3862687744,732012544,20,13725851648
1791661342.209,995.327,indexer,1038470526,789936599,248533926,11989155840,12190945280,1547096064,10145124352,5745987584,27136339968,30,13726978048
1791661342.209,995.327,zebrad,159335373,137122216,22213157,3448848384,4375670784,394231808,3039502336,3862687744,732012544,20,13726978048
1791661343.209,996.327,indexer,1040557453,791643254,248914198,12177383424,12190945280,1558773760,10316021760,5753929728,27136339968,30,13717573632
1791661343.209,996.327,zebrad,159341483,137127315,22214168,3448848384,4375670784,394231808,3039502336,3862687744,732012544,20,13717573632
1791661344.209,997.327,indexer,1041228193,792054281,249173912,12151492608,12190945280,1560870912,10287828992,5755691008,27291467776,30,13713199104
1791661344.209,997.327,zebrad,159346967,137132451,22214515,3396698112,4375670784,394231808,2987597824,3862687744,732012544,20,13713199104
1791661345.210,998.327,indexer,1041324753,792137142,249187611,12151668736,12190945280,1560875008,10288099328,5755961344,27476008960,30,13711757312
1791661345.210,998.327,zebrad,159353217,137137528,22215689,3396698112,4375670784,394231808,2987597824,3862687744,732012544,20,13711757312
1791661346.210,999.327,indexer,1041416120,792210778,249205342,12152127488,12190945280,1560875008,10288332800,5756194816,27632340992,30,13711101952
1791661346.210,999.327,zebrad,159358513,137142642,22215871,3396698112,4375670784,394231808,2987597824,3862687744,732012544,20,13711101952
1791661347.210,1000.327,indexer,1041711235,792452689,249258546,12153651200,12190945280,1561300992,10289528832,5757390848,27724120064,30,13710385152
1791661347.210,1000.327,zebrad,159364220,137147529,22216691,3396698112,4375670784,394231808,2987597824,3862687744,732012544,20,13710385152
1791661348.210,1001.327,indexer,1042042961,792622276,249420685,12185649152,12190945280,1564024832,10317803520,5758742528,27813289984,30,13706391552
1791661348.210,1001.327,zebrad,159369551,137152812,22216739,3396698112,4375670784,394231808,2987597824,3862687744,732012544,20,13706391552
1791661349.210,1002.327,indexer,1042358961,792810278,249548683,12186726400,12190945280,1564033024,10319048704,5759987712,27904503808,30,13706616832
1791661349.210,1002.327,zebrad,159375677,137158779,22216898,3396698112,4375670784,394231808,2987597824,3862687744,732012544,20,13706616832
1791661350.210,1003.327,indexer,1042619137,792941980,249677156,12189941760,12190945280,1566130176,10320072704,5761011712,28035125248,30,13703057408
1791661350.210,1003.327,zebrad,159381742,137164554,22217187,3396698112,4375670784,394231808,2987597824,3862687744,732012544,20,13703057408
1791661351.210,1004.328,indexer,1043400456,793507572,249892883,12196216832,12196237312,1568227328,10324275200,5765218304,28156878848,29,13701251072
1791661351.210,1004.328,zebrad,159387930,137170714,22217215,3396698112,4375670784,394231808,2987597824,3862687744,732012544,20,13701251072
1791661352.210,1005.328,indexer,1044939840,794812348,250127491,12209274880,12209274880,1574518784,10330939392,5771878400,28156878848,29,13698707456
1791661352.210,1005.328,zebrad,159393763,137175571,22218192,3396677632,4375670784,394231808,2987597824,3862687744,732012544,20,13698707456
1791661353.210,1006.328,indexer,1047231389,796834844,250396545,12225290240,12225290240,1582764032,10338828288,5779767296,28156878848,29,13688541184
1791661353.210,1006.328,zebrad,159393763,137175571,22218192,3396677632,4375670784,394231808,2987597824,3862687744,732012544,20,13688541184
1791661354.210,1007.328,indexer,1048799505,798126827,250672677,12132003840,12234674176,1589055488,10241810432,5786660864,28156878848,29,13691346944
1791661354.210,1007.328,zebrad,159402371,137183094,22219277,3396935680,4375670784,394231808,2987597824,3862687744,732012544,20,13691346944
1791661355.211,1008.328,indexer,1050573499,799471392,251102107,12152995840,12234674176,1599541248,10252455936,5797306368,28156878848,29,13682786304
1791661355.211,1008.328,zebrad,159409104,137188864,22220239,3396669440,4375670784,394235904,2987597824,3862687744,732012544,20,13682786304
1791661356.211,1009.328,indexer,1051974527,800541883,251432644,12169543680,12234674176,1607929856,10260545536,5805395968,28156878848,29,13674397696
1791661356.211,1009.328,zebrad,159414859,137194512,22220347,3396902912,4375670784,394235904,2987597824,3862687744,732012544,20,13674397696
1791661357.211,1010.328,indexer,1053617409,801745773,251871635,12187516928,12234674176,1616318464,10270162944,5815013376,28156878848,29,13670166528
1791661357.211,1010.328,zebrad,159421078,137200731,22220347,3396902912,4375670784,394235904,2987597824,3862687744,732012544,20,13670166528
1791661358.211,1011.328,indexer,1054914777,802710025,252204752,12203167744,12234674176,1624707072,10277740544,5822590976,28156878848,29,13661511680
1791661358.211,1011.328,zebrad,159427296,137205167,22222129,3396902912,4375670784,394235904,2987597824,3862687744,732012544,20,13661511680
1791661359.211,1012.328,indexer,1056550274,803945163,252605111,12221874176,12234674176,1633095680,10287366144,5832216576,28156878848,29,13652692992
1791661359.211,1012.328,zebrad,159433240,137210119,22223120,3396902912,4375670784,394235904,2987597824,3862687744,732012544,20,13652692992
1791661360.211,1013.328,indexer,1057798276,804913289,252884987,12237471744,12237529088,1641484288,10294812672,5839663104,28156878848,29,13640167424
1791661360.211,1013.328,zebrad,159439058,137214824,22224234,3396902912,4375670784,394235904,2987597824,3862687744,732012544,20,13640167424
1791661361.211,1014.328,indexer,1057892005,804986673,252905331,12237840384,12237897728,1641484288,10295107584,5840093184,28156878848,29,13640085504
1791661361.211,1014.328,zebrad,159444271,137219866,22224404,3396902912,4375670784,394235904,2987597824,3862687744,732012544,20,13640085504
1791661362.211,1015.329,indexer,1058273794,805280708,252993086,12136140800,12239167488,1643581440,10193530880,5842333696,28156878848,29,13643759616
1791661362.211,1015.329,zebrad,159449811,137225406,22224404,3396902912,4375670784,394235904,2987597824,3862687744,732012544,20,13643759616
1791661363.211,1016.329,indexer,1058394152,805375826,253018326,12136726528,12239167488,1643581440,10194046976,5842993152,28156878848,29,13642960896
1791661363.211,1016.329,zebrad,159455267,137230580,22224686,3396902912,4375670784,394235904,2987597824,3862687744,732012544,20,13642960896
1791661364.211,1017.329,indexer,1058685205,805592681,253092523,12140720128,12239167488,1645678592,10195767296,5844570112,28156878848,29,13642768384
1791661364.211,1017.329,zebrad,159460479,137235622,22224856,3396902912,4375670784,394235904,2987597824,3862687744,732012544,20,13642768384
1791661365.211,1018.329,indexer,1059082233,805896493,253185740,12144955392,12239167488,1647775744,10197483520,5846839296,28156878848,29,13639163904
1791661365.211,1018.329,zebrad,159465890,137239838,22226052,3396902912,4375670784,394235904,2987597824,3862687744,732012544,20,13639163904
1791661366.212,1019.329,indexer,1059795224,806421465,253373759,12153274368,12239167488,1651970048,10202230784,5851033600,28156878848,29,13635035136
1791661366.212,1019.329,zebrad,159472041,137245989,22226052,3396898816,4375670784,394235904,2987597824,3862687744,732012544,20,13635035136
1791661367.212,1020.329,indexer,1059813452,806431977,253381475,12153536512,12239167488,1651970048,10202308608,5851111424,28156878848,29,13634506752
1791661367.212,1020.329,zebrad,159477177,137251125,22226052,3396915200,4375670784,394235904,2987597824,3862687744,732012544,20,13634506752
1791661368.212,1021.329,indexer,1061194866,807525572,253669293,12172562432,12239167488,1660358656,10213105664,5861908480,28156878848,29,13626417152
1791661368.212,1021.329,zebrad,159483099,137255294,22227804,3397165056,4375670784,394235904,2987597824,3862687744,732012544,20,13626417152
1791661369.212,1022.329,indexer,1062120424,808261980,253858444,12184428544,12239167488,1664552960,10220621824,5869424640,28156878848,29,13622661120
1791661369.212,1022.329,zebrad,159488853,137259225,22229627,3397160960,4375670784,394235904,2987597824,3862687744,732012544,20,13622661120
1791661370.212,1023.329,indexer,1063058226,809003350,254054875,12196569088,12239167488,1668747264,10228367360,5877170176,28156878848,29,13617729536
1791661370.212,1023.329,zebrad,159495050,137263537,22231513,3397160960,4375670784,394235904,2987597824,3862687744,732012544,20,13617729536
1791661371.212,1024.329,indexer,1064350759,810019944,254330815,12215205888,12239167488,1677135872,10238939136,5887741952,28156878848,29,13605855232
1791661371.212,1024.329,zebrad,159501457,137269606,22231850,3397156864,4375670784,394235904,2987597824,3862687744,732012544,20,13605855232
1791661372.212,1025.329,indexer,1065659215,811039249,254619966,12233912320,12239167488,1683451904,10251198464,5900001280,28156878848,29,13605736448
1791661372.212,1025.329,zebrad,159507642,137275763,22231878,3397156864,4375670784,394235904,2987597824,3862687744,732012544,20,13605736448
1791661373.212,1026.330,indexer,1066738149,811842242,254895907,12141264896,12243656704,1687646208,10154827776,5907566592,28156878848,29,13600194560
1791661373.212,1026.330,zebrad,159514181,137282225,22231955,3397156864,4375670784,394235904,2987597824,3862687744,732012544,20,13600194560
1791661374.212,1027.330,indexer,1068622131,813237956,255384174,12165517312,12243656704,1700229120,10167074816,5919813632,28156878848,29,13567631360
1791661374.212,1027.330,zebrad,159520675,137287512,22233162,3397152768,4375670784,394235904,2987597824,3862687744,732012544,20,13567631360
1791661375.212,1028.330,indexer,1069778340,814113089,255665251,12180942848,12243656704,1706520576,10176299008,5929041920,28156878848,29,13564956672
1791661375.212,1028.330,zebrad,159526308,137293055,22233253,3397148672,4375670784,394235904,2987597824,3862687744,732012544,20,13564956672
1791661376.212,1029.330,indexer,1071395867,815373176,256022691,12202971136,12243656704,1714909184,10189791232,5942530048,28156878848,29,13559017472
1791661376.212,1029.330,zebrad,159531761,137298443,22233318,3397144576,4375670784,394235904,2987597824,3862687744,732012544,20,13559017472
1791661377.213,1030.330,indexer,1073354478,816969164,256385313,12049694720,12243656704,1547132928,10204454912,5957193728,28156878848,30,13714173952
1791661377.213,1030.330,zebrad,159538126,137302900,22235226,3396620288,4375670784,394235904,2987597824,3862687744,732012544,20,13714173952
1791661378.213,1031.330,indexer,1074820806,818232411,256588395,12057640960,12243656704,1547132928,10212765696,5965504512,28156878848,30,13716975616
1791661378.213,1031.330,zebrad,159543809,137308485,22235323,3396620288,4375670784,394235904,2987597824,3862687744,732012544,20,13716975616
1791661379.213,1032.330,indexer,1076365373,819533288,256832084,12208156672,12243656704,1558810624,10347421696,5974106112,28156878848,30,13707534336
1791661379.213,1032.330,zebrad,159550038,137314402,22235636,3396616192,4375670784,394235904,2987597824,3862687744,732012544,20,13707534336
1791661380.213,1033.331,indexer,1077436181,820227922,257208259,12147122176,12243656704,1564442624,10280030208,5978882048,28162863104,30,13721952256
1791661380.213,1033.331,zebrad,159555253,137319617,22235636,3396878336,4375670784,394235904,2987597824,3862687744,732012544,20,13721952256
1791661381.213,1034.331,indexer,1077552223,820321560,257230662,12148170752,12243656704,1564753920,10280542208,5979394048,28397735936,30,13721227264
1791661381.213,1034.331,zebrad,159560426,137323734,22236691,3396968448,4375670784,394235904,2987597824,3862687744,732012544,20,13721227264
1791661382.213,1035.331,indexer,1077673371,820408724,257264646,12149207040,12243656704,1565155328,10281123840,5979975680,28582285312,30,13720006656
1791661382.213,1035.331,zebrad,159565704,137326978,22238726,3396968448,4375670784,394235904,2987597824,3862687744,732012544,20,13720006656
1791661383.213,1036.331,indexer,1077878966,820580627,257298338,12152598528,12243656704,1567326208,10282356736,5981208576,28695801856,30,13714001920
1791661383.213,1036.331,zebrad,159571148,137332080,22239068,3396968448,4375670784,394235904,2987597824,3862687744,732012544,20,13714001920
1791661384.214,1037.331,indexer,1078108369,820694845,257413524,12179845120,12243656704,1567326208,10308415488,5982072832,28781056000,30,13712728064
1791661384.214,1037.331,zebrad,159578452,137338922,22239530,3396968448,4375670784,394235904,2987597824,3862687744,732012544,20,13712728064
1791661385.214,1038.331,indexer,1078630871,821126935,257503936,12183695360,12243656704,1569423360,10310139904,5983797248,28858728448,30,13709176832
1791661385.214,1038.331,zebrad,159581019,137340272,22240746,3396964352,4375670784,394235904,2987597824,3862687744,732012544,20,13709176832
1791661386.214,1039.331,indexer,1080000191,822392035,257608155,12186009600,12243656704,1569423360,10312445952,5986103296,28951404544,30,13710323712
1791661386.214,1039.331,zebrad,159581062,137340272,22240789,3396964352,4375670784,394235904,2987597824,3862687744,732012544,20,13710323712
1791661387.214,1040.331,indexer,1080662739,822925308,257737430,12189884416,12243656704,1571520512,10314403840,5988061184,29131169792,30,13706756096
1791661387.214,1040.331,zebrad,159586798,137343946,22242851,3397222400,4375670784,394235904,2987597824,3862687744,732012544,20,13706756096
1791661388.214,1041.331,indexer,1081806764,823804256,258002508,12205527040,12243656704,1577811968,10323861504,5997518848,29175910400,29,13701935104
1791661388.214,1041.331,zebrad,159592333,137348547,22243786,3397234688,4375670784,394235904,2987597824,3862687744,732012544,20,13701935104
1791661389.214,1042.331,indexer,1082825382,824588000,258237381,12218232832,12243656704,1581862912,10332291072,6005948416,29175910400,29,13700513792
1791661389.214,1042.331,zebrad,159598956,137354083,22244872,3397234688,4375670784,394235904,2987597824,3862687744,732012544,20,13700513792
1791661390.214,1043.331,indexer,1083883121,825402408,258480712,12233437184,12243656704,1588154368,10341056512,6014713856,29175910400,29,13695434752
1791661390.214,1043.331,zebrad,159604151,137358113,22246038,3396968448,4375670784,394235904,2987597824,3862687744,732012544,20,13695434752
1791661391.214,1044.332,indexer,1085351365,826519450,258831914,12197965824,12243656704,1594445824,10300903424,6027784192,29175910400,29,13689790464
1791661391.214,1044.332,zebrad,159610657,137363827,22246830,3346104320,4375670784,394235904,2936741888,3862687744,732012544,20,13689790464
1791661392.214,1045.332,indexer,1086910650,827738581,259172069,12220276736,12243656704,1602834432,10314997760,6041874432,29175910400,29,13684383744
1791661392.214,1045.332,zebrad,159616700,137368864,22247835,3346104320,4375670784,394235904,2936741888,3862687744,732012544,20,13684383744
1791661393.214,1046.332,indexer,1088395272,828875051,259520220,12240478208,12243656704,1609125888,10328313856,6055190528,29175910400,29,13676507136
1791661393.214,1046.332,zebrad,159622601,137374638,22247962,3346100224,4375670784,394235904,2936741888,3862687744,732012544,20,13676507136
1791661394.214,1047.332,indexer,1089571273,829813416,259757857,12257062912,12257107968,1615417344,10338840576,6065717248,29175910400,29,13668401152
1791661394.214,1047.332,zebrad,159629429,137381466,22247962,3345842176,4375670784,394235904,2936741888,3862687744,732012544,20,13668401152
1791661395.215,1048.332,indexer,1090900994,830835733,260065260,12275146752,12275150848,1621708800,10350432256,6077308928,29175910400,29,13660123136
1791661395.215,1048.332,zebrad,159635986,137387245,22248740,3346100224,4375670784,394235904,2936741888,3862687744,732012544,20,13660123136
1791661396.215,1049.332,indexer,1092074021,831746334,260327686,12291543040,12291592192,1628000256,10360930304,6087806976,29175910400,29,13655429120
1791661396.215,1049.332,zebrad,159642327,137393259,22249068,3345833984,4375670784,394235904,2936741888,3862687744,732012544,20,13655429120
1791661397.215,1050.332,indexer,1093274829,832692912,260581916,12201869312,12292952064,1634291712,10267426816,6098337792,29175910400,29,13653377024
1791661397.215,1050.332,zebrad,159647784,137398715,22249068,3346096128,4375670784,394235904,2936741888,3862687744,732012544,20,13653377024
1791661398.215,1051.332,indexer,1094742044,833832588,260909455,12221284352,12292952064,1640583168,10280464384,6111375360,29175910400,29,13643620352
1791661398.215,1051.332,zebrad,159654167,137405099,22249068,3346104320,4375670784,394235904,2936741888,3862687744,732012544,20,13643620352
1791661399.215,1052.332,indexer,1095676743,834553546,261123197,12236132352,12292952064,1646874624,10289053696,6119964672,29175910400,29,13636845568
1791661399.215,1052.332,zebrad,159660681,137410976,22249704,3345838080,4375670784,394235904,2936741888,3862687744,732012544,20,13636845568
1791661400.215,1053.332,indexer,1096746212,835376578,261369634,12249407488,12292952064,1651068928,10298208256,6129119232,29175910400,29,13635092480
1791661400.215,1053.332,zebrad,159666280,137416575,22249704,3345838080,4375670784,394235904,2936741888,3862687744,732012544,20,13635092480
1791661401.215,1054.332,indexer,1097555692,836029791,261525901,12260757504,12292952064,1655263232,10305232896,6136143872,29175910400,29,13630873600
1791661401.215,1054.332,zebrad,159671746,137421309,22250437,3346100224,4375670784,394235904,2936741888,3862687744,732012544,20,13630873600
1791661402.215,1055.333,indexer,1097830048,836244920,261585127,12264906752,12292952064,1657360384,10306629632,6138327040,29175910400,29,13625585664
1791661402.215,1055.333,zebrad,159677336,137424681,22252655,3346096128,4375670784,394235904,2936741888,3862687744,732012544,20,13625585664
1791661403.215,1056.333,indexer,1098978320,837158470,261819849,12280193024,12292952064,1663651840,10316492800,6147403776,29175910400,29,13622267904
1791661403.215,1056.333,zebrad,159683598,137430904,22252693,3346075648,4375670784,394235904,2936741888,3862687744,732012544,20,13622267904
1791661404.215,1057.333,indexer,1100188784,838117949,262070834,12190117888,12295929856,1669943296,10223034368,6157987840,29175910400,29,13617123328
1791661404.215,1057.333,zebrad,159690098,137435338,22254760,3346063360,4375670784,394235904,2936741888,3862687744,732012544,20,13617123328
1791661405.215,1058.333,indexer,1101574787,839192534,262382252,12209848320,12295929856,1676234752,10236444672,6171398144,29175910400,29,13612916736
1791661405.215,1058.333,zebrad,159696312,137440661,22255650,3346063360,4375670784,394235904,2936741888,3862687744,732012544,20,13612916736
1791661406.216,1059.333,indexer,1102990619,840350537,262640082,12231159808,12295929856,1682526208,10251485184,6186438656,29175910400,29,13599993856
1791661406.216,1059.333,zebrad,159702098,137446447,22255650,3346063360,4375670784,394235904,2936741888,3862687744,732012544,20,13599993856
1791661407.216,1060.333,indexer,1104322091,841439332,262882759,12252004352,12295929856,1688817664,10265579520,6200537088,29175910400,29,13596180480
1791661407.216,1060.333,zebrad,159707393,137451742,22255650,3346317312,4375670784,394235904,2936741888,3862687744,732012544,20,13596180480
1791661408.216,1061.333,indexer,1105521542,842420943,263100599,12269514752,12295929856,1693011968,10278899712,6213853184,29175910400,29,13577306112
1791661408.216,1061.333,zebrad,159713164,137457086,22256077,3346051072,4375670784,394235904,2936741888,3862687744,732012544,20,13577306112
1791661409.216,1062.333,indexer,1106683833,843374189,263309644,12183764992,12295929856,1699303424,10187870208,6226698240,29175910400,29,13590286336
1791661409.216,1062.333,zebrad,159719707,137463629,22256077,3346305024,4375670784,394235904,2936741888,3862687744,732012544,20,13590286336
1791661410.216,1063.333,indexer,1108169155,844568066,263601089,12206084096,12295929856,1705594880,10203820032,6242648064,29175910400,29,13581791232
1791661410.216,1063.333,zebrad,159726084,137469432,22256651,3346296832,4375670784,394235904,2936741888,3862687744,732012544,20,13581791232
1791661411.216,1064.333,indexer,1109414584,845577466,263837118,12222554112,12295929856,1709789184,10216833024,6255661056,29175910400,29,13557026816
1791661411.216,1064.333,zebrad,159732158,137475494,22256664,3346030592,4375670784,394235904,2936741888,3862687744,732012544,20,13557026816
1791661412.216,1065.333,indexer,1110307357,846306841,264000516,12235907072,12295929856,1713983488,10225856512,6264688640,29175910400,29,13556985856
1791661412.216,1065.333,zebrad,159738063,137481132,22256931,3346030592,4375670784,394235904,2936741888,3862687744,732012544,20,13556985856
1791661413.216,1066.334,indexer,1111333701,847124843,264208858,12251279360,12295929856,1720274944,10235080704,6273908736,29175910400,29,13551570944
1791661413.216,1066.334,zebrad,159743970,137486910,22257059,3346030592,4375670784,394235904,2936741888,3862687744,732012544,20,13551570944
1791661414.216,1067.334,indexer,1112548858,848058625,264490232,12088094720,12295929856,1550401536,10241867776,6280695808,29175910400,30,13708206080
1791661414.216,1067.334,zebrad,159752012,137493088,22258924,3346030592,4375670784,394235904,2936741888,3862687744,732012544,20,13708206080
1791661415.216,1068.334,indexer,1113704283,849006290,264697992,12094042112,12295929856,1550401536,10247868416,6286696448,29175910400,30,13710602240
1791661415.216,1068.334,zebrad,159758123,137499043,22259080,3346030592,4375670784,394235904,2936741888,3862687744,732012544,20,13710602240
1791661416.216,1069.334,indexer,1115754691,850670095,265084595,12196147200,12295929856,1565028352,10332897280,6296354816,29175910400,30,13696876544
1791661416.216,1069.334,zebrad,159764158,137504792,22259365,3346030592,4375670784,394235904,2936741888,3862687744,732012544,20,13696876544
1791661417.217,1070.334,indexer,1117966355,852213326,265753028,12211687424,12295929856,1575849984,10333335552,6305497088,29213470720,30,13684813824
1791661417.217,1070.334,zebrad,159770574,137511209,22259365,3346030592,4375670784,394235904,2936741888,3862687744,732012544,20,13684813824
1791661418.217,1071.334,indexer,1118097365,852313872,265783493,12212019200,12295929856,1575849984,10333757440,6305918976,29448347648,30,13667815424
1791661418.217,1071.334,zebrad,159775949,137514311,22261638,3346022400,4375670784,394235904,2936741888,3862687744,732012544,20,13667815424
1791661419.217,1072.334,indexer,1118176600,852379682,265796918,12212457472,12295929856,1575849984,10333945856,6306107392,29607727104,30,13665013760
1791661419.217,1072.334,zebrad,159781528,137518810,22262718,3346038784,4375670784,394235904,2936741888,3862687744,732012544,20,13665013760
1791661420.217,1073.334,indexer,1118306491,852470938,265835552,12212715520,12295929856,1575849984,10334408704,6306570240,29673521152,30,13663784960
1791661420.217,1073.334,zebrad,159787014,137524226,22262787,3346079744,4375670784,394235904,2936741888,3862687744,732012544,20,13663784960
1791661421.217,1074.334,indexer,1118450763,852582268,265868494,12215709696,12295929856,1577947136,10334986240,6307147776,29702766592,30,13663776768
1791661421.217,1074.334,zebrad,159792553,137529689,22262864,3346079744,4375670784,394235904,2936741888,3862687744,732012544,20,13663776768
1791661422.217,1075.334,indexer,1118668572,852737129,265931443,12174434304,12295929856,1577947136,10294837248,6307942400,29724917760,30,13669724160
1791661422.217,1075.334,zebrad,159798633,137533760,22264872,3346075648,4375670784,394235904,2936741888,3862687744,732012544,20,13669724160
1791661423.217,1076.335,indexer,1119003523,852892095,266111427,12176207872,12295929856,1578237952,10296160256,6309265408,29825187840,30,13668274176
1791661423.217,1076.335,zebrad,159804492,137539620,22264872,3346046976,4375670784,394235904,2936741888,3862687744,732012544,20,13668274176
1791661424.217,1077.335,indexer,1119329751,853077619,266252131,12178825216,12295929856,1579663360,10297450496,6310555648,29912272896,30,13668798464
1791661424.217,1077.335,zebrad,159810155,137544208,22265946,3346038784,4375670784,394235904,2936741888,3862687744,732012544,20,13668798464
1791661425.217,1078.335,indexer,1119602448,853257301,266345146,12181983232,12295929856,1581998080,10298601472,6311706624,29970997248,30,13664616448
1791661425.217,1078.335,zebrad,159815622,137549470,22266152,3346300928,4375670784,394235904,2936741888,3862687744,732012544,20,13664616448
1791661426.217,1079.335,indexer,1119919183,853406184,266512999,12185874432,12295929856,1584095232,10299768832,6312873984,30163746816,30,13664317440
1791661426.217,1079.335,zebrad,159821833,137554651,22267181,3346300928,4375670784,394235904,2936741888,3862687744,732012544,20,13664317440
1791661427.217,1080.335,indexer,1121311395,854511593,266799801,12197978112,12295929856,1588289536,10307641344,6320734208,30232174592,29,13665087488
1791661427.217,1080.335,zebrad,159824673,137557491,22267181,3346300928,4375670784,394235904,2936741888,3862687744,732012544,20,13665087488
1791661428.218,1081.335,indexer,1123549126,856372130,267176995,12216270848,12295929856,1598775296,10315624448,6328717312,30232174592,29,13654413312
1791661428.218,1081.335,zebrad,159824771,137557589,22267181,3346300928,4375670784,394235904,2936741888,3862687744,732012544,20,13654413312
1791661429.218,1082.335,indexer,1125035576,857594179,267441396,12228952064,12295929856,1605066752,10322026496,6335119360,30232174592,29,13649240064
1791661429.218,1082.335,zebrad,159830905,137562852,22268053,3346305024,4375670784,394235904,2936741888,3862687744,732012544,20,13649240064
1791661430.218,1083.335,indexer,1126299153,858532953,267766199,12245020672,12295929856,1613455360,10329718784,6342811648,30232174592,29,13647929344
1791661430.218,1083.335,zebrad,159837488,137569351,22268136,3346038784,4375670784,394235904,2936741888,3862687744,732012544,20,13647929344
1791661431.218,1084.335,indexer,1127671918,859514174,268157744,12261064704,12295929856,1621843968,10337513472,6350606336,30232174592,29,13639315456
1791661431.218,1084.335,zebrad,159843015,137574525,22268489,3346034688,4375670784,394235904,2936741888,3862687744,732012544,20,13639315456
1791661432.218,1085.335,indexer,1129004206,860485475,268518731,12170391552,12295929856,1630232576,10241269760,6358315008,30232174592,29,13641752576
1791661432.218,1085.335,zebrad,159849811,137580211,22269600,3346034688,4375670784,394235904,2936741888,3862687744,732012544,20,13641752576
1791661433.218,1086.335,indexer,1130954045,861917124,269036921,12196749312,12295929856,1644912640,10252558336,6369603584,30232174592,29,13631119360
1791661433.218,1086.335,zebrad,159856139,137585771,22270367,3345768448,4375670784,394235904,2936741888,3862687744,732012544,20,13631119360
1791661434.218,1087.335,indexer,1132745229,863223118,269522111,12217475072,12295929856,1655398400,10263015424,6380060672,30232174592,29,13617889280
1791661434.218,1087.335,zebrad,159863051,137590976,22272074,3346030592,4375670784,394235904,2936741888,3862687744,732012544,20,13617889280
1791661435.218,1088.336,indexer,1133969569,864138480,269831088,12233195520,12295929856,1663787008,10270134272,6387179520,30232174592,29,13616312320
1791661435.218,1088.336,zebrad,159868305,137596054,22272251,3346030592,4375670784,394235904,2936741888,3862687744,732012544,20,13616312320
1791661436.218,1089.336,indexer,1135494304,865270694,270223610,12252717056,12295929856,1674272768,10278969344,6396014592,30232174592,29,13606449152
1791661436.218,1089.336,zebrad,159874460,137602209,22272251,3345764352,4375670784,394235904,2936741888,3862687744,732012544,20,13606449152
1791661437.218,1090.336,indexer,1137145241,866511593,270633647,12272394240,12295929856,1684762624,10288250880,6405300224,30232174592,29,13594886144
1791661437.218,1090.336,zebrad,159880812,137608561,22272251,3346026496,4375670784,394235904,2936741888,3862687744,732012544,20,13594886144
1791661438.218,1091.336,indexer,1138762439,867659936,271102502,12269314048,12295929856,1695248384,10275016704,6414643200,30232174592,29,13591150592
1791661438.218,1091.336,zebrad,159887777,137615526,22272251,3346034688,4375670784,394235904,2936741888,3862687744,732012544,20,13591150592
1791661439.219,1092.336,indexer,1140337658,868820839,271516819,12206768128,12295929856,1705807872,10202853376,6423744512,30232174592,29,13571178496
1791661439.219,1092.336,zebrad,159894422,137620706,22273715,3346292736,4375670784,394235904,2936741888,3862687744,732012544,20,13571178496
1791661440.219,1093.336,indexer,1140868933,869224763,271644169,12214165504,12295929856,1710002176,10205855744,6426746880,30232174592,29,13563277312
1791661440.219,1093.336,zebrad,159899718,137624962,22274756,3346292736,4375670784,394235904,2936741888,3862687744,732012544,20,13563277312
1791661441.219,1094.336,indexer,1141250944,869504090,271746854,12218617856,12295929856,1712103424,10207952896,6428844032,30232174592,29,13559492608
1791661441.219,1094.336,zebrad,159904895,137629114,22275780,3346284544,4375670784,394235904,2936741888,3862687744,732012544,20,13559492608
1791661442.219,1095.336,indexer,1142654559,870571346,272083213,12237230080,12295929856,1722589184,10216235008,6437130240,30232174592,29,13552394240
1791661442.219,1095.336,zebrad,159910408,137634555,22275853,3346272256,4375670784,394235904,2936741888,3862687744,732012544,20,13552394240
1791661443.219,1096.336,indexer,1144738103,872265333,272472770,12076494848,12295929856,1550622720,10227585024,6448476160,30232174592,30,13709660160
1791661443.219,1096.336,zebrad,159916567,137640108,22276458,3346272256,4375670784,394235904,2936741888,3862687744,732012544,20,13709660160
1791661444.219,1097.336,indexer,1146997531,874080248,272917282,12247474176,12295929856,1567547392,10377318400,6458998784,30232174592,30,13698916352
1791661444.219,1097.336,zebrad,159925233,137646684,22278548,3346235392,4375670784,394235904,2936741888,3862687744,732012544,20,13698916352
1791661445.219,1098.336,indexer,1148999583,875379468,273620114,12166193152,12296384512,1576120320,10284597248,6469697536,30276755456,30,13699141632
1791661445.219,1098.336,zebrad,159931056,137652390,22278665,3346497536,4375670784,394235904,2936741888,3862687744,732012544,20,13699141632
1791661446.219,1099.336,indexer,1149137854,875488996,273648857,12168691712,12296384512,1578217472,10285039616,6470139904,30494851072,30,13694373888
1791661446.219,1099.336,zebrad,159936553,137656958,22279594,3346493440,4375670784,394235904,2936741888,3862687744,732012544,20,13694373888
1791661447.219,1100.337,indexer,1149252885,875570749,273682136,12168843264,12296384512,1578221568,10285424640,6470524928,30721339392,30,13694709760
1791661447.219,1100.337,zebrad,159941571,137661976,22279594,3346485248,4375670784,394235904,2936741888,3862687744,732012544,20,13694709760
1791661448.219,1101.337,indexer,1149452716,875733374,273719342,12169744384,12296384512,1578221568,10286153728,6471254016,30838718464,30,13693845504
1791661448.219,1101.337,zebrad,159947712,137668091,22279621,3346485248,4375670784,394235904,2936741888,3862687744,732012544,20,13693845504
1791661449.219,1102.337,indexer,1149788490,875944449,273844041,12190658560,12296384512,1579175936,10305376256,6472474624,30917996544,30,13673480192
1791661449.219,1102.337,zebrad,159953505,137673771,22279733,3346223104,4375670784,394235904,2936741888,3862687744,732012544,20,13673480192
1791661450.219,1103.337,indexer,1150267954,876317416,273950537,12194893824,12296384512,1582280704,10306330624,6473428992,30982782976,30,13673156608
1791661450.219,1103.337,zebrad,159956215,137676481,22279733,3346223104,4375670784,394235904,2936741888,3862687744,732012544,20,13673156608
1791661451.220,1104.337,indexer,1151824698,877677754,274146943,12199284736,12296384512,1584377856,10308882432,6475980800,31072575488,30,13674315776
1791661451.220,1104.337,zebrad,159956215,137676481,22279733,3346223104,4375670784,394235904,2936741888,3862687744,732012544,20,13674315776
1791661452.220,1105.337,indexer,1152463487,878201334,274262152,12202659840,12296384512,1586475008,10310156288,6477254656,31117074432,30,13670465536
1791661452.220,1105.337,zebrad,159961914,137682181,22279733,3346505728,4375670784,394235904,2936741888,3862687744,732012544,20,13670465536
1791661453.220,1106.337,indexer,1152929817,878474899,274454918,12207071232,12296384512,1588580352,10312183808,6479282176,31311032320,30,13671923712
1791661453.220,1106.337,zebrad,159967894,137688160,22279733,3346505728,4375670784,394235904,2936741888,3862687744,732012544,20,13671923712
1791661454.220,1107.337,indexer,1154845734,879884477,274961257,12230447104,12296384512,1601163264,10323460096,6490558464,31311032320,29,13660078080
1791661454.220,1107.337,zebrad,159974294,137693724,22280570,3346505728,4375670784,394235904,2936741888,3862687744,732012544,20,13660078080
1791661455.220,1108.337,indexer,1156262474,880929678,275332796,12247437312,12296384512,1609555968,10330791936,6498725888,31311032320,29,13652918272
1791661455.220,1108.337,zebrad,159979474,137698296,22281177,3346239488,4375670784,394235904,2936741888,3862687744,732012544,20,13652918272
1791661456.220,1109.337,indexer,1157672256,882030267,275641988,12262260736,12296384512,1617944576,10338021376,6505119744,31311032320,29,13649170432
1791661456.220,1109.337,zebrad,159985376,137704198,22281177,3346239488,4375670784,394235904,2936741888,3862687744,732012544,20,13649170432
1791661457.220,1110.337,indexer,1158837335,883048739,275788596,12269326336,12296384512,1622138880,10341081088,6508269568,31311032320,29,13641957376
1791661457.220,1110.337,zebrad,159991446,137710268,22281177,3345997824,4375670784,394235904,2936741888,3862687744,732012544,20,13641957376
1791661458.220,1111.338,indexer,1160008567,884078638,275929929,12274585600,12296384512,1624236032,10344275968,6511374336,31311032320,29,13642665984
1791661458.220,1111.338,zebrad,159997058,137715881,22281177,3345997824,4375670784,394235904,2936741888,3862687744,732012544,20,13642665984
1791661459.220,1112.338,indexer,1161044294,884967351,276076943,12227530752,12296384512,1628438528,10293452800,6514126848,31311032320,29,13640884224
1791661459.220,1112.338,zebrad,160002982,137721805,22281177,3295399936,4375670784,394235904,2886410240,3862687744,732012544,20,13640884224
1791661460.220,1113.338,indexer,1162421840,886169892,276251947,12235657216,12296384512,1632632832,10297331712,6518005760,31311032320,29,13637754880
1791661460.220,1113.338,zebrad,160009234,137726501,22282733,3295399936,4375670784,394235904,2886410240,3862687744,732012544,20,13637754880
1791661461.220,1114.338,indexer,1164066194,887609297,276456896,12246659072,12296384512,1638928384,10302025728,6522699776,31311032320,29,13632827392
1791661461.220,1114.338,zebrad,160014849,137730311,22284537,3295399936,4375670784,394235904,2886410240,3862687744,732012544,20,13632827392
1791661462.220,1115.338,indexer,1164844669,888300530,276544138,12250853376,12296384512,1641123840,10304221184,6524895232,31311032320,29,13633040384
1791661462.220,1115.338,zebrad,160020813,137733564,22287249,3295399936,4375670784,394235904,2886410240,3862687744,732012544,20,13633040384
1791661463.221,1116.338,indexer,1166603847,889877059,276726787,12260810752,12296384512,1645826048,10309238784,6529921024,31311032320,29,13629399040
1791661463.221,1116.338,zebrad,160026781,137738398,22288383,3295387648,4375670784,394235904,2886410240,3862687744,732012544,20,13629399040
1791661464.221,1117.338,indexer,1168499699,891539143,276960555,12272680960,12296384512,1652281344,10314489856,6535163904,31311032320,29,13623975936
1791661464.221,1117.338,zebrad,160032682,137744299,22288383,3295387648,4375670784,394235904,2886410240,3862687744,732012544,20,13623975936
1791661465.221,1118.338,indexer,1169281468,892231477,277049990,12276015104,12296384512,1654550528,10316574720,6537248768,31311032320,29,13609283584
1791661465.221,1118.338,zebrad,160038222,137748776,22289446,3295649792,4375670784,394235904,2886410240,3862687744,732012544,20,13609283584
1791661466.221,1119.338,indexer,1170349829,893154037,277195792,12283879424,12296384512,1658851328,10320285696,6540959744,31311032320,29,13604196352
1791661466.221,1119.338,zebrad,160044032,137754586,22289446,3295911936,4375670784,394235904,2886410240,3862687744,732012544,20,13604196352
1791661467.221,1120.338,indexer,1171384367,894056221,277328145,12297408512,12297408512,1660948480,10331369472,6552043520,31311032320,29,13609771008
1791661467.221,1120.338,zebrad,160049532,137758183,22291349,3295911936,4375670784,394235904,2886410240,3862687744,732012544,20,13609771008
1791661468.221,1121.338,indexer,1171800941,894417426,277383515,12303507456,12303523840,1663045632,10335571968,6556246016,31311032320,29,13606727680
1791661468.221,1121.338,zebrad,160054702,137763049,22291652,3295911936,4375670784,394235904,2886410240,3862687744,732012544,20,13606727680
1791661469.221,1122.338,indexer,1172243787,894782134,277461653,12305235968,12305592320,1663614976,10336784384,6560604160,31311032320,29,13628956672
1791661469.221,1122.338,zebrad,160060039,137767479,22292559,3294867456,4375670784,394235904,2885623808,3862687744,732012544,20,13628956672
1791661470.221,1123.339,indexer,1173542038,895888793,277653245,12323299328,12323328000,1668014080,10350542848,6574366720,31311032320,29,13624119296
1791661470.221,1123.339,zebrad,160065989,137772437,22293552,3295133696,4375670784,394235904,2885623808,3862687744,732012544,20,13624119296
1791661471.221,1124.339,indexer,1174556452,896736666,277819786,12338098176,12338102272,1671118848,10362023936,6585843712,31311032320,29,13621125120
1791661471.221,1124.339,zebrad,160071649,137778003,22293645,3294867456,4375670784,394235904,2885623808,3862687744,732012544,20,13621125120
1791661472.221,1125.339,indexer,1175898714,897914566,277984147,12251271168,12353732608,1675231232,10272231424,6600036352,31311032320,29,13618839552
1791661472.221,1125.339,zebrad,160077535,137783183,22294351,3295141888,4375670784,394235904,2885623808,3862687744,732012544,20,13618839552
1791661473.222,1126.339,indexer,1176413175,898363117,278050058,12259602432,12353732608,1678188544,10277851136,6605656064,31311032320,29,13613674496
1791661473.222,1126.339,zebrad,160083013,137788661,22294351,3294871552,4375670784,394235904,2885623808,3862687744,732012544,20,13613674496
1791661474.222,1127.339,indexer,1176855537,898737937,278117599,12264660992,12353732608,1678254080,10282655744,6610460672,31311032320,29,13612871680
1791661474.222,1127.339,zebrad,160090810,137796458,22294351,3294871552,4375670784,394244096,2885623808,3862687744,732012544,20,13612871680
1791661475.222,1128.339,indexer,1178046045,899774223,278271822,12281769984,12353732608,1682673664,10295300096,6623105024,31311032320,29,13604728832
1791661475.222,1128.339,zebrad,160096414,137801352,22295061,3294818304,4375670784,394244096,2885623808,3862687744,732012544,20,13604728832
1791661476.222,1129.339,indexer,1179036356,900664979,278371376,12290170880,12353732608,1686962176,10299658240,6627463168,31311032320,29,13600428032
1791661476.222,1129.339,zebrad,160101747,137806685,22295061,3294830592,4375670784,394244096,2885623808,3862687744,732012544,20,13600428032
1791661477.222,1130.339,indexer,1179816721,901357381,278459339,12296114176,12353732608,1689108480,10303102976,6630907904,31311032320,29,13599850496
1791661477.222,1130.339,zebrad,160107988,137812842,22295145,3295088640,4375670784,394244096,2885623808,3862687744,732012544,20,13599850496
1791661478.222,1131.339,indexer,1180645429,902082075,278563353,12301746176,12353732608,1691283456,10306830336,6634635264,31311032320,29,13598994432
1791661478.222,1131.339,zebrad,160113558,137817333,22296224,3295076352,4375670784,394244096,2885623808,3862687744,732012544,20,13598994432
1791661479.222,1132.339,indexer,1181624196,902970357,278653839,12308496384,12353732608,1693487104,10311299072,6639104000,31311032320,29,13576544256
1791661479.222,1132.339,zebrad,160120363,137823608,22296755,3295076352,4375670784,394244096,2885623808,3862687744,732012544,20,13576544256
1791661480.222,1133.340,indexer,1182250974,903527941,278723033,12313665536,12353732608,1695698944,10314272768,6642077696,31311032320,29,13578248192
1791661480.222,1133.340,zebrad,160125450,137828694,22296755,3294810112,4375670784,394244096,2885623808,3862687744,732012544,20,13578248192
1791661481.222,1134.340,indexer,1183519526,904621749,278897777,12324249600,12353732608,1700024320,10320461824,6648266752,31311032320,29,13571526656
1791661481.222,1134.340,zebrad,160131219,137834464,22296755,3295072256,4375670784,394244096,2885623808,3862687744,732012544,20,13571526656
1791661482.222,1135.340,indexer,1184456113,905432295,279023818,12333584384,12353732608,1704325120,10325569536,6653378560,31311036416,29,13573693440
1791661482.222,1135.340,zebrad,160136873,137840117,22296755,3294801920,4375670784,394244096,2885623808,3862687744,732012544,20,13573693440
1791661483.222,1136.340,indexer,1185265357,906095371,279169986,12233486336,12353732608,1706631168,10225549312,6657347584,31311036416,29,13573107712
1791661483.222,1136.340,zebrad,160142457,137845702,22296755,3295055872,4375670784,394244096,2885623808,3862687744,732012544,20,13573107712
1791661484.223,1137.340,indexer,1186308283,906988707,279319576,12242759680,12353732608,1711087616,10230448128,6662246400,31311036416,29,13565497344
1791661484.223,1137.340,zebrad,160148191,137851435,22296755,3295318016,4375670784,394244096,2885623808,3862687744,732012544,20,13565497344
1791661485.223,1138.340,indexer,1187610433,908062567,279547866,12255318016,12353732608,1717469184,10236702720,6668500992,31311036416,29,13558288384
1791661485.223,1138.340,zebrad,160153905,137857149,22296755,3295318016,4375670784,394244096,2885623808,3862687744,732012544,20,13558288384
1791661486.223,1139.340,indexer,1188888471,909090476,279797995,12265869312,12353732608,1721790464,10243248128,6675046400,31311036416,29,13560205312
1791661486.223,1139.340,zebrad,160160343,137863587,22296755,3295318016,4375670784,394244096,2885623808,3862687744,732012544,20,13560205312
1791661487.223,1140.340,indexer,1189446780,909533885,279912895,12273188864,12353732608,1725988864,10245976064,6677774336,31311036416,29,13555961856
1791661487.223,1140.340,zebrad,160165552,137868450,22297101,3295309824,4375670784,394244096,2885623808,3862687744,732012544,20,13555961856
1791661488.223,1141.340,indexer,1190036419,910028720,280007699,12277964800,12353732608,1728217088,10248720384,6680518656,31311036416,29,13557161984
1791661488.223,1141.340,zebrad,160171033,137873931,22297101,3295305728,4375670784,394244096,2885623808,3862687744,732012544,20,13557161984
1791661489.223,1142.340,indexer,1191609576,911384099,280225477,12111159296,12353732608,1554305024,10256089088,6687887360,31311036416,30,13718544384
1791661489.223,1142.340,zebrad,160177619,137880517,22297101,3295305728,4375670784,394244096,2885623808,3862687744,732012544,20,13718544384
1791661490.223,1143.340,indexer,1192753367,912388888,280364478,12123344896,12353732608,1562013696,10260389888,6692188160,31311036416,30,13701853184
1791661490.223,1143.340,zebrad,160182832,137884966,22297866,3295301632,4375670784,394244096,2885623808,3862687744,732012544,20,13701853184
1791661491.223,1144.341,indexer,1193967219,913401190,280566028,12306116608,12353732608,1566351360,10433437696,6696402944,31311036416,30,13689442304
1791661491.223,1144.341,zebrad,160188523,137890558,22297964,3295301632,4375670784,394244096,2885623808,3862687744,732012544,20,13689442304
1791661492.223,1145.341,indexer,1194642436,913893166,280749270,12267823104,12353732608,1570295808,10389721088,6698795008,31311036416,30,13716520960
1791661492.223,1145.341,zebrad,160193827,137893962,22299864,3295301632,4375670784,394244096,2885623808,3862687744,732012544,20,13716520960
1791661493.223,1146.341,indexer,1195056504,914128049,280928455,12292079616,12353732608,1570295808,10412646400,6699864064,31482155008,30,13705506816
1791661493.223,1146.341,zebrad,160199176,137898402,22300773,3295301632,4375670784,394244096,2885623808,3862687744,732012544,20,13705506816
1791661494.223,1147.341,indexer,1195216935,914252186,280964749,12292370432,12353732608,1570295808,10413137920,6700355584,31683469312,30,13705400320
1791661494.223,1147.341,zebrad,160206784,137903928,22302855,3295301632,4375670784,394244096,2885623808,3862687744,732012544,20,13705400320
1791661495.224,1148.341,indexer,1195430807,914419235,281011571,12293705728,12353732608,1570820096,10413887488,6701105152,31824351232,30,13703946240
1791661495.224,1148.341,zebrad,160212476,137909522,22302953,3295301632,4375670784,394244096,2885623808,3862687744,732012544,20,13703946240
1791661496.224,1149.341,indexer,1195640113,914557325,281082788,12251332608,12353732608,1571299328,10369282048,6701608960,31906033664,30,13701820416
1791661496.224,1149.341,zebrad,160218474,137915518,22302955,3295297536,4375670784,394244096,2885623808,3862687744,732012544,20,13701820416
1791661497.224,1150.341,indexer,1195901921,914723116,281178805,12254220288,12353732608,1573507072,10370154496,6702481408,31990349824,30,13700702208
1791661497.224,1150.341,zebrad,160224195,137920418,22303777,3295281152,4375670784,394244096,2885623808,3862687744,732012544,20,13700702208
1791661498.224,1151.341,indexer,1196235807,914927548,281308259,12255735808,12353732608,1573507072,10371260416,6703587328,32084242432,30,13700308992
1791661498.224,1151.341,zebrad,160230129,137924225,22305904,3295277056,4375670784,394244096,2885623808,3862687744,732012544,20,13700308992
1791661499.224,1152.341,indexer,1196437633,915054284,281383349,12258402304,12353732608,1575604224,10371973120,6704300032,32114257920,30,13694963712
1791661499.224,1152.341,zebrad,160236063,137929029,22307033,3295272960,4375670784,394244096,2885623808,3862687744,732012544,20,13694963712
1791661500.224,1153.341,indexer,1196887125,915421148,281465977,12259241984,12353732608,1575604224,10372866048,6705192960,32140607488,30,13681881088
1791661500.224,1153.341,zebrad,160238698,137931665,22307033,3295272960,4375670784,394244096,2885623808,3862687744,732012544,20,13681881088
1791661501.224,1154.341,indexer,1198150539,916623467,281527071,12260134912,12353732608,1575641088,10373791744,6706118656,32359292928,30,13682704384
1791661501.224,1154.341,zebrad,160238915,137931882,22307033,3295272960,4375670784,394244096,2885623808,3862687744,732012544,20,13682704384
1791661502.224,1155.341,indexer,1199949616,918142690,281806925,12273586176,12353732608,1582350336,10380636160,6712963072,32363069440,29,13681799168
1791661502.224,1155.341,zebrad,160244868,137935864,22309004,3295272960,4375670784,394244096,2885623808,3862687744,732012544,20,13681799168
1791661503.224,1156.342,indexer,1201919524,919691471,282228053,12293210112,12353732608,1593053184,10389225472,6721552384,32363069440,29,13667913728
1791661503.224,1156.342,zebrad,160251001,137941976,22309024,3295272960,4375670784,394244096,2885623808,3862687744,732012544,20,13667913728
1791661504.224,1157.342,indexer,1203909907,921274697,282635209,12312506368,12353732608,1603801088,10398019584,6730346496,32363069440,29,13653385216
1791661504.224,1157.342,zebrad,160259393,137948455,22310938,3295272960,4375670784,394244096,2885623808,3862687744,732012544,20,13653385216
1791661505.224,1158.342,indexer,1205107072,922215437,282891634,12324823040,12353732608,1610375168,10403917824,6736244736,32363069440,29,13658537984
1791661505.224,1158.342,zebrad,160265640,137951951,22313688,3295272960,4375670784,394260480,2885623808,3862687744,732012544,20,13658537984
1791661506.224,1159.342,indexer,1205847135,922798846,283048288,12225839104,12353732608,1614753792,10303062016,6739439616,32363069440,29,13655486464
1791661506.224,1159.342,zebrad,160271829,137958111,22313717,3295313920,4375670784,394260480,2885623808,3862687744,732012544,20,13655486464
1791661507.225,1160.342,indexer,1206645554,923423624,283221929,12233228288,12353732608,1619005440,10306514944,6742892544,32363069440,29,13653082112
1791661507.225,1160.342,zebrad,160277559,137963018,22314540,3295309824,4375670784,394260480,2885623808,3862687744,732012544,20,13653082112
1791661508.225,1161.342,indexer,1207763166,924285726,283477439,12245200896,12353732608,1625440256,10311798784,6748180480,32363069440,29,13649989632
1791661508.225,1161.342,zebrad,160283464,137966498,22316966,3295084544,4375670784,394260480,2885623808,3862687744,732012544,20,13649989632
1791661509.225,1162.342,indexer,1209222376,925433347,283789029,12261175296,12353732608,1634295808,10318790656,6755168256,32363069440,29,13636702208
1791661509.225,1162.342,zebrad,160289112,137971195,22317916,3295346688,4375670784,394260480,2885623808,3862687744,732012544,20,13636702208
1791661510.225,1163.342,indexer,1209919203,925967884,283951318,12266483712,12353732608,1636474880,10322026496,6758404096,32363069440,29,13615542272
1791661510.225,1163.342,zebrad,160294701,137975842,22318859,3295346688,4375670784,394260480,2885623808,3862687744,732012544,20,13615542272
1791661511.225,1164.342,indexer,1211454492,927192523,284261969,12282015744,12353732608,1645232128,10328743936,6765121536,32363069440,29,13613543424
1791661511.225,1164.342,zebrad,160300801,137980929,22319872,3295080448,4375670784,394260480,2885623808,3862687744,732012544,20,13613543424
1791661512.225,1165.342,indexer,1213394300,928741393,284652906,12298891264,12353732608,1654378496,10337239040,6773616640,32363069440,29,13601472512
1791661512.225,1165.342,zebrad,160306753,137986881,22319872,3295076352,4375670784,394260480,2885623808,3862687744,732012544,20,13601472512
1791661513.225,1166.343,indexer,1215230349,930169267,285061081,12211683328,12353732608,1664737280,10241892352,6782205952,32363069440,29,13590708224
1791661513.225,1166.343,zebrad,160312719,137991856,22320862,3295338496,4375670784,394260480,2885623808,3862687744,732012544,20,13590708224
1791661514.225,1167.343,indexer,1216554666,931207431,285347235,12226101248,12353732608,1673502720,10247950336,6788263936,32363069440,29,13585936384
1791661514.225,1167.343,zebrad,160318572,137997311,22321261,3295072256,4375670784,394260480,2885623808,3862687744,732012544,20,13585936384
1791661515.225,1168.343,indexer,1217517724,931958332,285559391,12235104256,12353732608,1677799424,10252177408,6792491008,32363069440,29,13581021184
1791661515.225,1168.343,zebrad,160323805,138002543,22321261,3295072256,4375670784,394260480,2885623808,3862687744,732012544,20,13581021184
1791661516.225,1169.343,indexer,1218866596,933023191,285843404,12247257088,12353732608,1684414464,10258034688,6798352384,32363069440,29,13582815232
1791661516.225,1169.343,zebrad,160330256,138007898,22322357,3295330304,4375670784,394260480,2885623808,3862687744,732012544,20,13582815232
1791661517.226,1170.343,indexer,1220163771,934031981,286131790,12259454976,12353732608,1690898432,10263543808,6803857408,32363069440,29,13580689408
1791661517.226,1170.343,zebrad,160336495,138014137,22322357,3295318016,4375670784,394260480,2885623808,3862687744,732012544,20,13580689408
1791661518.226,1171.343,indexer,1221579757,935178470,286401287,12273922048,12353732608,1699508224,10269671424,6809985024,32363069440,29,13567447040
1791661518.226,1171.343,zebrad,160342650,138019374,22323275,3295084544,4375670784,394260480,2885623808,3862687744,732012544,20,13567447040
1791661519.226,1172.343,indexer,1222603711,935999660,286604051,12282937344,12353732608,1703837696,10273173504,6814289920,32363069440,29,13560307712
1791661519.226,1172.343,zebrad,160348213,138024857,22323356,3294822400,4375670784,394260480,2885623808,3862687744,732012544,20,13560307712
1791661520.226,1173.343,indexer,1223808828,936959137,286849690,12295069696,12353732608,1711120384,10279108608,6819426304,32363069440,29,13552807936
1791661520.226,1173.343,zebrad,160354213,138030857,22323356,3295080448,4375670784,394260480,2885623808,3862687744,732012544,20,13552807936
1791661521.226,1174.343,indexer,1224987588,937875505,287112083,12306587648,12353732608,1717612544,10284060672,6824374272,32363069440,29,13547589632
1791661521.226,1174.343,zebrad,160360320,138036964,22323356,3295342592,4375670784,394260480,2885623808,3862687744,732012544,20,13547589632
1791661522.226,1175.343,indexer,1225421761,938213866,287207894,12310556672,12353732608,1719709696,10285903872,6826217472,32363069440,29,13547945984
1791661522.226,1175.343,zebrad,160365743,138042307,22323436,3295338496,4375670784,394260480,2885623808,3862687744,732012544,20,13547945984
1791661523.226,1176.344,indexer,1226019632,938703632,287316000,12315570176,12353732608,1721880576,10288488448,6828802048,32363069440,29,13543899136
1791661523.226,1176.344,zebrad,160370904,138046307,22324596,3295326208,4375670784,394260480,2885623808,3862687744,732012544,20,13543899136
1791661524.226,1177.344,indexer,1227618797,939992017,287626780,12224405504,12353732608,1730781184,10191482880,6835675136,32363069440,29,13552234496
1791661524.226,1177.344,zebrad,160376882,138050430,22326451,3295322112,4375670784,394260480,2885623808,3862687744,732012544,20,13552234496
1791661525.226,1178.344,indexer,1228829494,940898024,287931469,12062834688,12353732608,1563172864,10197999616,6842191872,32363069440,30,13703712768
1791661525.226,1178.344,zebrad,160383645,138056226,22327418,3295318016,4375670784,394260480,2885623808,3862687744,732012544,20,13703712768
1791661526.226,1179.344,indexer,1230466630,942270493,288196136,12072992768,12353732608,1563172864,10207838208,6852030464,32363069440,30,13703467008
1791661526.226,1179.344,zebrad,160389589,138061040,22328549,3295318016,4375670784,394260480,2885623808,3862687744,732012544,20,13703467008
1791661527.227,1180.344,indexer,1231446200,943081498,288364702,12089745408,12353732608,1574850560,10213040128,6857232384,32363069440,30,13689532416
1791661527.227,1180.344,zebrad,160395044,138063577,22331467,3295313920,4375670784,394260480,2885623808,3862687744,732012544,20,13689532416
1791661528.227,1181.344,indexer,1233079585,944464938,288614647,12238987264,12353732608,1576947712,10356006912,6864252928,32363069440,30,13680185344
1791661528.227,1181.344,zebrad,160401189,138069699,22331489,3295313920,4375670784,394260480,2885623808,3862687744,732012544,20,13680185344
1791661529.227,1182.344,indexer,1233751737,945023107,288728629,12251852800,12353732608,1577971712,10367631360,6873145344,32363069440,30,13681209344
1791661529.227,1182.344,zebrad,160406776,138075202,22331573,3295318016,4375670784,394260480,2885623808,3862687744,732012544,20,13681209344
1791661530.227,1183.344,indexer,1234581145,945657295,288923849,12333395968,12370042880,1580097536,10443784192,6878203904,32363069440,30,13677858816
1791661530.227,1183.344,zebrad,160413140,138081514,22331626,3244994560,4375670784,394260480,2835554304,3862687744,732012544,20,13677858816
1791661531.227,1184.344,indexer,1234842792,945779596,289063196,12317483008,12372967424,1580277760,10427674624,6878650368,32518680576,30,13656780800
1791661531.227,1184.344,zebrad,160418544,138086917,22331626,3195445248,4375670784,394260480,2786009088,3862687744,732012544,20,13656780800
1791661532.227,1185.344,indexer,1235009888,945921530,289088358,12320473088,12372967424,1582374912,10428354560,6879330304,32585781248,30,13652176896
1791661532.227,1185.344,zebrad,160423821,138091376,22332444,3195441152,4375670784,394260480,2786009088,3862687744,732012544,20,13652176896
1791661533.227,1186.344,indexer,1235090056,945986691,289103365,12320403456,12372967424,1582374912,10428739584,6879715328,32787107840,30,13652504576
1791661533.227,1186.344,zebrad,160429444,138096911,22332533,3195441152,4375670784,394260480,2786009088,3862687744,732012544,20,13652504576
1791661534.227,1187.345,indexer,1235305553,946162685,289142868,12321771520,12372967424,1582374912,10429730816,6880706560,32866164736,30,13652815872
1791661534.227,1187.345,zebrad,160438258,138103752,22334505,3195195392,4375670784,394260480,2786009088,3862687744,732012544,20,13652815872
1791661535.227,1188.345,indexer,1235654252,946441045,289213207,12323319808,12372967424,1582374912,10431238144,6882213888,32936468480,30,13653127168
1791661535.227,1188.345,zebrad,160444051,138108575,22335476,3195453440,4375670784,394260480,2786009088,3862687744,732012544,20,13653127168
1791661536.227,1189.345,indexer,1235889600,946617326,289272274,12347551744,12372967424,1584472064,10452484096,6882877440,33023664128,30,13651681280
1791661536.227,1189.345,zebrad,160449564,138114014,22335549,3195453440,4375670784,394260480,2786009088,3862687744,732082176,20,13651681280
1791661537.227,1190.345,indexer,1236713531,947402194,289311336,12348223488,12372967424,1584476160,10453057536,6883450880,33086787584,30,13651550208
1791661537.227,1190.345,zebrad,160452444,138116771,22335672,3195453440,4375670784,394260480,2786009088,3862687744,732082176,20,13651550208
1791661538.228,1191.345,indexer,1237885508,948514635,289370873,12348936192,12372967424,1584476160,10453880832,6884274176,33141944320,30,13652008960
1791661538.228,1191.345,zebrad,160455289,138118779,22336510,3195453440,4375670784,394260480,2786074624,3862687744,732082176,20,13652008960
1791661539.228,1192.345,indexer,1238152338,948725176,289427161,12349816832,12372967424,1584476160,10454745088,6885138432,33229848576,30,13651423232
1791661539.228,1192.345,zebrad,160460501,138123959,22336542,3195453440,4375670784,394260480,2786074624,3862687744,732082176,20,13651423232
1791661540.228,1193.345,indexer,1238430555,948941516,289489038,12353261568,12372967424,1586573312,10455932928,6886326272,33280311296,30,13652680704
1791661540.228,1193.345,zebrad,160465659,138127099,22338560,3195453440,4375670784,394260480,2786074624,3862687744,732082176,20,13652680704
1791661541.228,1194.345,indexer,1238877515,949313732,289563782,12355452928,12372967424,1586573312,10458255360,6888648704,33444012032,29,13656268800
1791661541.228,1194.345,zebrad,160471816,138131515,22340301,3195453440,4375670784,394260480,2786074624,3862687744,732082176,20,13656268800
1791661542.228,1195.345,indexer,1240289775,950553966,289735808,12366680064,12372967424,1590767616,10465181696,6895579136,33444012032,29,13657083904
1791661542.228,1195.345,zebrad,160477938,138137637,22340301,3195453440,4375670784,394260480,2786074624,3862687744,732082176,20,13657083904
1791661543.228,1196.345,indexer,1241932400,951925346,290007053,12384186368,12384260096,1596915712,10476797952,6907191296,33444012032,29,13657169920
1791661543.228,1196.345,zebrad,160484169,138143868,22340301,3195453440,4375670784,394260480,2786074624,3862687744,732082176,20,13657169920
1791661544.228,1197.345,indexer,1242471607,952384976,290086630,12389097472,12389150720,1599012864,10479030272,6910017536,33444012032,29,13658615808
1791661544.228,1197.345,zebrad,160489556,138149254,22340301,3195453440,4375670784,394260480,2786074624,3862687744,732082176,20,13658615808
1791661545.228,1198.346,indexer,1242942666,952795323,290147342,12393705472,12393713664,1601110016,10482003968,6912397312,33444012032,29,13656121344
1791661545.228,1198.346,zebrad,160495098,138154471,22340627,3195449344,4375670784,394260480,2786074624,3862687744,732082176,20,13656121344
1791661546.228,1199.346,indexer,1243731312,953477260,290254051,12399943680,12399947776,1603207168,10485727232,6916120576,33444012032,29,13657354240
1791661546.228,1199.346,zebrad,160501206,138160562,22340644,3195449344,4375670784,394260480,2786074624,3862687744,732082176,20,13657354240
1791661547.228,1200.346,indexer,1245243262,954762464,290480798,12414394368,12414394368,1609498624,10494074880,6924468224,33444012032,29,13661978624
1791661547.228,1200.346,zebrad,160507410,138166596,22340814,3195449344,4375670784,394260480,2786074624,3862687744,732082176,20,13661978624
1791661548.228,1201.346,indexer,1246288635,955626194,290662440,12424294400,12424298496,1613692928,10499760128,6930153472,33444012032,29,13659955200
1791661548.228,1201.346,zebrad,160513089,138172178,22340910,3195449344,4375670784,394260480,2786074624,3862687744,732082176,20,13659955200
1791661549.229,1202.346,indexer,1247421430,956490965,290930464,12331749376,12436475904,1619988480,10402344960,6936748032,33444012032,29,13651742720
1791661549.229,1202.346,zebrad,160519046,138177861,22341184,3195449344,4375670784,394260480,2786074624,3862687744,732082176,20,13651742720
1791661550.229,1203.346,indexer,1248608919,957475531,291133387,12341383168,12436475904,1624182784,10408005632,6942408704,33444012032,29,13629075456
1791661550.229,1203.346,zebrad,160525238,138183886,22341352,3195445248,4375670784,394260480,2786074624,3862687744,732082176,20,13629075456
1791661551.229,1204.346,indexer,1249012347,957786732,291225615,12344819712,12436475904,1625440256,10410123264,6944526336,33444012032,29,13614456832
1791661551.229,1204.346,zebrad,160530356,138187129,22343226,3195445248,4375670784,394260480,2786074624,3862687744,732082176,20,13614456832
1791661552.229,1205.346,indexer,1249244642,957980410,291264231,12346712064,12436475904,1626341376,10411233280,6945636352,33444012032,29,13615738880
1791661552.229,1205.346,zebrad,160535819,138192249,22343570,3195445248,4375670784,394260480,2786074624,3862687744,732082176,20,13615738880
1791661553.229,1206.346,indexer,1249655814,958312218,291343595,12350144512,12436475904,1627910144,10413002752,6947405824,33444012032,29,13616271360
1791661553.229,1206.346,zebrad,160543333,138198691,22344641,3195441152,4375670784,394260480,2786074624,3862687744,732082176,20,13616271360
1791661554.229,1207.346,indexer,1250273794,958796365,291477429,12357390336,12436475904,1631256576,10416541696,6950944768,33444012032,29,13615689728
1791661554.229,1207.346,zebrad,160549415,138203763,22345652,3195441152,4375670784,394260480,2786074624,3862687744,732082176,20,13615689728
1791661555.229,1208.346,indexer,1251157383,959540573,291616810,12364861440,12436475904,1634607104,10421026816,6955429888,33444012032,29,13617254400
1791661555.229,1208.346,zebrad,160554825,138208974,22345850,3195441152,4375670784,394260480,2786074624,3862687744,732082176,20,13617254400
1791661556.229,1209.347,indexer,1252511426,960657417,291854009,12377571328,12436475904,1639845888,10428522496,6962925568,33444012032,29,13616709632
1791661556.229,1209.347,zebrad,160560749,138214630,22346119,3195441152,4375670784,394260480,2786074624,3862687744,732082176,20,13616709632
1791661557.229,1210.347,indexer,1254103309,962001494,292101815,12392157184,12436475904,1645637632,10437038080,6971441152,33444012032,29,13617762304
1791661557.229,1210.347,zebrad,160566124,138218233,22347890,3195441152,4375670784,394260480,2786074624,3862687744,732082176,20,13617762304
1791661558.229,1211.347,indexer,1255515122,963182710,292332412,12405497856,12436475904,1651277824,10444562432,6978965504,33444012032,29,13619589120
1791661558.229,1211.347,zebrad,160572347,138223703,22348643,3195584512,4375670784,394264576,2786074624,3862687744,732082176,20,13619589120
1791661559.229,1212.347,indexer,1256978833,964384422,292594410,12415549440,12436475904,1656827904,10449289216,6983696384,33444012032,29,13613584384
1791661559.229,1212.347,zebrad,160578468,138227230,22351238,3195379712,4375670784,394264576,2786074624,3862687744,732082176,20,13613584384
1791661560.230,1213.347,indexer,1258609925,965772955,292836970,12426768384,12436475904,1663008768,10454466560,6988869632,33444012032,29,13605105664
1791661560.230,1213.347,zebrad,160583906,138232605,22351301,3195379712,4375670784,394264576,2786074624,3862687744,732082176,20,13605105664
1791661561.230,1214.347,indexer,1260150173,967095143,293055030,12375584768,12436475904,1669476352,10396749824,6995615744,33444012032,29,13613576192
1791661561.230,1214.347,zebrad,160589774,138238350,22351423,3143995392,4375670784,394264576,2734956544,3862687744,732082176,20,13613576192
1791661562.230,1215.347,indexer,1261718205,968433925,293284279,12388139008,12436475904,1675984896,10402844672,7001710592,33444012032,29,13610647552
1791661562.230,1215.347,zebrad,160596019,138244559,22351460,3143995392,4375670784,394264576,2734956544,3862687744,732082176,20,13610647552
1791661563.230,1216.347,indexer,1262460647,969064545,293396102,12393644032,12436475904,1678921728,10405236736,7004102656,33444012032,29,13607407616
1791661563.230,1216.347,zebrad,160602175,138250414,22351761,3144257536,4375670784,394264576,2734956544,3862687744,732082176,20,13607407616
1791661564.230,1217.347,indexer,1263586301,970039097,293547203,12401508352,12436475904,1683337216,10408939520,7007805440,33444012032,29,13600071680
1791661564.230,1217.347,zebrad,160610450,138258688,22351761,3144519680,4375670784,394268672,2734956544,3862687744,732082176,20,13600071680
1791661565.230,1218.347,indexer,1265007106,971212395,293794711,12414611456,12436475904,1690255360,10414759936,7013625856,33444012032,29,13594271744
1791661565.230,1218.347,zebrad,160616424,138263903,22352521,3144511488,4375670784,394268672,2734956544,3862687744,732082176,20,13594271744
1791661566.230,1219.347,indexer,1266464239,972339258,294124980,12427980800,12436475904,1697570816,10420817920,7019683840,33444012032,29,13585420288
1791661566.230,1219.347,zebrad,160622374,138268860,22353513,3144511488,4375670784,394268672,2734956544,3862687744,732082176,20,13585420288
1791661567.230,1220.348,indexer,1268047454,973540072,294507381,12445437952,12445446144,1707069440,10428887040,7027752960,33444012032,29,13574909952
1791661567.230,1220.348,zebrad,160628354,138274840,22353513,3144511488,4375670784,394268672,2734956544,3862687744,732082176,20,13574909952
1791661568.230,1221.348,indexer,1269794454,974983603,294810851,12460691456,12460716032,1715228672,10435719168,7034662912,33444012032,29,13571043328
1791661568.230,1221.348,zebrad,160634346,138279973,22354373,3144507392,4375670784,394268672,2734956544,3862687744,732082176,20,13571043328
1791661569.230,1222.348,indexer,1270633436,975631033,295002403,12469694464,12469710848,1720262656,10439991296,7038857216,33444016128,29,13565763584
1791661569.230,1222.348,zebrad,160639878,138283712,22356166,3144499200,4375670784,394268672,2734956544,3862687744,732082176,20,13565763584
1791661570.230,1223.348,indexer,1271326668,976168701,295157966,12477517824,12477538304,1724571648,10443509760,7042375680,33444016128,29,13562007552
1791661570.230,1223.348,zebrad,160644914,138287605,22357308,3144499200,4375670784,394268672,2734956544,3862687744,732082176,20,13562007552
1791661571.231,1224.348,indexer,1272216276,976838117,295378159,12487409664,12487467008,1729941504,10448027648,7046893568,33444016128,29,13556621312
1791661571.231,1224.348,zebrad,160650869,138291986,22358883,3144499200,4375670784,394268672,2734956544,3862687744,732082176,20,13556621312
1791661572.231,1225.348,indexer,1273945916,978185331,295760584,12401446912,12500045824,1740128256,10352730112,7055536128,33444016128,29,13547286528
1791661572.231,1225.348,zebrad,160657512,138297956,22359555,3144499200,4375670784,394268672,2734956544,3862687744,732082176,20,13547286528
1791661573.231,1226.348,indexer,1275726554,979705290,296021264,12239855616,12500045824,1570308096,10361282560,7064088576,33444016128,30,13700866048
1791661573.231,1226.348,zebrad,160663499,138303526,22359972,3144499200,4375670784,394268672,2734956544,3862687744,732082176,20,13700866048
1791661574.231,1227.348,indexer,1277380647,981114168,296266478,12260831232,12500045824,1584144384,10368733184,7071539200,33444016128,30,13685084160
1791661574.231,1227.348,zebrad,160670306,138309083,22361223,3144499200,4375670784,394268672,2734956544,3862687744,732082176,20,13685084160
1791661575.231,1228.348,indexer,1279072304,982421225,296651078,12450492416,12500045824,1589391360,10547662848,7078166528,33444016128,30,13680128000
1791661575.231,1228.348,zebrad,160675581,138314357,22361223,3144499200,4375670784,394268672,2734956544,3862687744,732082176,20,13680128000
1791661576.231,1229.348,indexer,1279785164,982947381,296837782,12465438720,12500045824,1593585664,10558328832,7088832512,33444016128,30,13673885696
1791661576.231,1229.348,zebrad,160680841,138318542,22362298,3144499200,4375670784,394268672,2734956544,3862687744,732082176,20,13673885696
1791661577.231,1230.348,indexer,1280533688,983485540,297048147,12480892928,12500045824,1597779968,10569666560,7100174336,33444016128,30,13670391808
1791661577.231,1230.348,zebrad,160686239,138322885,22363353,3144499200,4375670784,394268672,2734956544,3862687744,732082176,20,13670391808
1791661578.231,1231.349,indexer,1281972026,984443573,297528453,12435673088,12500045824,1604091904,10517700608,7109447680,33493241856,30,13668102144
1791661578.231,1231.349,zebrad,160691419,138327042,22364377,3144232960,4375670784,394268672,2734956544,3862687744,732082176,20,13668102144
1791661579.231,1232.349,indexer,1282085341,984531134,297554206,12435931136,12500045824,1604091904,10517991424,7109738496,33711337472,30,13664956416
1791661579.231,1232.349,zebrad,160697651,138331106,22366545,3144232960,4375670784,394268672,2734956544,3862687744,732082176,20,13664956416
1791661580.231,1233.349,indexer,1282188537,984608488,297580048,12435931136,12500045824,1604091904,10518315008,7110062080,33929441280,30,13664935936
1791661580.231,1233.349,zebrad,160702896,138335178,22367717,3144491008,4375670784,394268672,2734956544,3862687744,732082176,20,13664935936
1791661581.232,1234.349,indexer,1282334994,984718474,297616519,12436717568,12500045824,1604091904,10518810624,7110557696,33980039168,30,13664268288
1791661581.232,1234.349,zebrad,160708453,138340735,22367717,3144486912,4375670784,394268672,2734956544,3862687744,732082176,20,13664268288
1791661582.232,1235.349,indexer,1282700724,984994513,297706211,12440125440,12500045824,1606189056,10520150016,7111897088,34072788992,30,13660229632
1791661582.232,1235.349,zebrad,160714428,138346710,22367717,3144486912,4375670784,394268672,2734956544,3862687744,732082176,20,13660229632
1791661583.232,1236.349,indexer,1282961136,985148484,297812651,12384964608,12500045824,1606189056,10465419264,7112445952,34158587904,30,13662654464
1791661583.232,1236.349,zebrad,160720630,138352084,22368545,3144486912,4375670784,394268672,2734956544,3862687744,732082176,20,13662654464
1791661584.232,1237.349,indexer,1283271230,985359492,297911737,12387831808,12500045824,1608286208,10466414592,7113441280,34244730880,30,13657051136
1791661584.232,1237.349,zebrad,160726678,138358123,22368554,3144486912,4375670784,394268672,2734956544,3862687744,732082176,20,13657051136
1791661585.232,1238.349,indexer,1283530555,985558502,297972053,12388880384,12500045824,1608286208,10467549184,7114575872,34343710720,30,13658312704
1791661585.232,1238.349,zebrad,160729409,138358757,22370652,3144486912,4375670784,394268672,2734956544,3862687744,732082176,20,13658312704
1791661586.232,1239.349,indexer,1283829737,985795660,298034077,12392706048,12500045824,1610383360,10469109760,7116136448,34500743168,30,13655261184
1791661586.232,1239.349,zebrad,160729468,138358808,22370660,3144486912,4375670784,394268672,2734956544,3862687744,732082176,20,13655261184
1791661587.232,1240.350,indexer,1284553775,986453424,298100351,12394958848,12500045824,1610383360,10471149568,7118176256,34552930304,29,13655142400
1791661587.232,1240.350,zebrad,160729493,138358829,22370663,3144486912,4375670784,394268672,2734956544,3862687744,732082176,20,13655142400
1791661588.232,1241.350,indexer,1286378197,988104570,298273627,12405301248,12500045824,1616674816,10475474944,7122501632,34552930304,29,13649469440
1791661588.232,1241.350,zebrad,160729575,138358900,22370675,3144245248,4375670784,394268672,2734956544,3862687744,732082176,20,13649469440
1791661589.232,1242.350,indexer,1288024057,989387528,298636528,12420988928,12500045824,1625063424,10482589696,7129616384,34552930304,29,13645795328
1791661589.232,1242.350,zebrad,160735377,138364450,22370927,3144241152,4375670784,394268672,2734956544,3862687744,732082176,20,13645795328
1791661590.233,1243.350,indexer,1288984647,990097895,298886752,12430008320,12500045824,1629257728,10487328768,7134355456,34552930304,29,13637664768
1791661590.233,1243.350,zebrad,160740607,138369679,22370927,3144241152,4375670784,394268672,2734956544,3862687744,732082176,20,13637664768
1791661591.233,1244.350,indexer,1290140789,991037399,299103390,12442898432,12500045824,1635549184,10494050304,7141076992,34552930304,29,13633785856
1791661591.233,1244.350,zebrad,160746452,138373931,22372520,3144318976,4375670784,394268672,2734956544,3862687744,732082176,20,13633785856
1791661592.233,1245.350,indexer,1291432800,992174607,299258193,12454625280,12500045824,1639743488,10501517312,7148544000,34552930304,29,13629382656
1791661592.233,1245.350,zebrad,160752346,138379826,22372520,3144318976,4375670784,394268672,2734956544,3862687744,732082176,20,13629382656
1791661593.233,1246.350,indexer,1292297426,992903407,299394019,12461600768,12500045824,1641840640,10506342400,7153369088,34552930304,29,13625253888
1791661593.233,1246.350,zebrad,160757963,138384926,22373037,3144314880,4375670784,394268672,2734956544,3862687744,732082176,20,13625253888
1791661594.233,1247.350,indexer,1293798554,994109158,299689396,12476133376,12500045824,1648132096,10514239488,7161270272,34552930304,29,13620862976
1791661594.233,1247.350,zebrad,160766846,138392546,22374299,3144310784,4375670784,394268672,2734956544,3862687744,732082176,20,13620862976
1791661595.233,1248.350,indexer,1294908660,994979235,299929425,12382576640,12500045824,1652326400,10417270784,7168221184,34552930304,29,13615984640
1791661595.233,1248.350,zebrad,160772804,138397649,22375154,3144310784,4375670784,394268672,2734956544,3862687744,732082176,20,13615984640
1791661596.233,1249.351,indexer,1296304062,996126707,300177355,12399034368,12500045824,1658621952,10427097088,7178047488,34552930304,29,13612122112
1791661596.233,1249.351,zebrad,160779440,138403197,22376242,3144302592,4375670784,394268672,2734956544,3862687744,732082176,20,13612122112
1791661597.233,1250.351,indexer,1297531239,997050443,300480796,12415422464,12500045824,1667010560,10435420160,7186370560,34552930304,29,13602426880
1791661597.233,1250.351,zebrad,160785472,138409084,22376388,3144298496,4375670784,394268672,2734956544,3862687744,732082176,20,13602426880
1791661598.233,1251.351,indexer,1298218725,997570500,300648225,12424097792,12500045824,1671204864,10439839744,7190790144,34552930304,29,13598601216
1791661598.233,1251.351,zebrad,160791540,138414863,22376677,3144298496,4375670784,394268672,2734956544,3862687744,732082176,20,13598601216
1791661599.233,1252.351,indexer,1299310073,998420902,300889171,12437389312,12500045824,1675497472,10449244160,7200202752,34552930304,29,13585678336
1791661599.233,1252.351,zebrad,160797717,138421040,22376677,3144028160,4375670784,394268672,2734956544,3862687744,732082176,20,13585678336
1791661600.233,1253.351,indexer,1300637663,999488365,301149297,12460142592,12500045824,1681788928,10465099776,7216050176,34552930304,29,13587746816
1791661600.233,1253.351,zebrad,160803806,138425232,22378574,3144290304,4375670784,394268672,2734956544,3862687744,732082176,20,13587746816
1791661601.234,1254.351,indexer,1301599044,1000250874,301348170,12476170240,12500045824,1685983232,10477174784,7228125184,34552930304,29,13582217216
1791661601.234,1254.351,zebrad,160809441,138430776,22378664,3144024064,4375670784,394268672,2734956544,3862687744,732082176,20,13582217216
1791661602.234,1255.351,indexer,1303380030,1001627834,301752195,12445589504,12500045824,1693679616,10439081984,7245725696,34552930304,29,13575905280
1791661602.234,1255.351,zebrad,160815677,138437012,22378664,3095785472,4375670784,394268672,2686722048,3862687744,732082176,20,13575905280
1791661603.234,1256.351,indexer,1304194249,1002301332,301892916,12456235008,12500045824,1696813056,10446692352,7253336064,34552930304,29,13574377472
1791661603.234,1256.351,zebrad,160821247,138441746,22379500,3095785472,4375670784,394268672,2686722048,3862687744,732082176,20,13574377472
1791661604.234,1257.351,indexer,1304807035,1002793145,302013889,12466741248,12500045824,1699225600,10454679552,7261323264,34552930304,29,13570748416
1791661604.234,1257.351,zebrad,160827287,138446781,22380505,3096039424,4375670784,394268672,2686722048,3862687744,732082176,20,13570748416
1791661605.234,1258.351,indexer,1306244992,1003868340,302376651,12487548928,12500045824,1706483712,10468331520,7274975232,34552930304,29,13564166144
1791661605.234,1258.351,zebrad,160832686,138451984,22380702,3096039424,4375670784,394268672,2686722048,3862687744,732082176,20,13564166144
1791661606.234,1259.351,indexer,1307207063,1004646176,302560886,12503781376,12504002560,1710415872,10480889856,7287533568,34552930304,29,13560016896
1791661606.234,1259.351,zebrad,160838754,138456185,22382569,3096031232,4375670784,394268672,2686722048,3862687744,732082176,20,13560016896
1791661607.234,1260.352,indexer,1308393765,1005585025,302808739,12522881024,12522942464,1715527680,10494443520,7301251072,34552930304,29,13554237440
1791661607.234,1260.352,zebrad,160844841,138462271,22382569,3096018944,4375670784,394268672,2686722048,3862687744,732082176,20,13554237440
1791661608.234,1261.352,indexer,1309391384,1006381018,303010366,12434214912,12533043200,1721647104,10401968128,7312666624,34552930304,29,13547479040
1791661608.234,1261.352,zebrad,160850826,138468242,22382584,3096080384,4375670784,394268672,2686722048,3862687744,732082176,20,13547479040
1791661609.234,1262.352,indexer,1309937257,1006815409,303121847,12442341376,12533043200,1723744256,10408210432,7318908928,34552930304,29,13542576128
1791661609.234,1262.352,zebrad,160856941,138474356,22382584,3095814144,4375670784,394268672,2686722048,3862687744,732082176,20,13542576128
1791661610.234,1263.352,indexer,1310570896,1007308702,303262194,12451205120,12533043200,1725865984,10414964736,7325663232,34552930304,29,13537914880
1791661610.234,1263.352,zebrad,160862742,138480158,22382584,3095810048,4375670784,394268672,2686722048,3862687744,732082176,20,13537914880
1791661611.234,1264.352,indexer,1311264977,1007866155,303398822,12462174208,12533043200,1730060288,10421796864,7332495360,34552930304,29,13535584256
1791661611.234,1264.352,zebrad,160868683,138486099,22382584,3095810048,4375670784,394268672,2686722048,3862687744,732082176,20,13535584256
1791661612.235,1265.352,indexer,1312350951,1008690612,303660339,12478164992,12533043200,1736351744,10431352832,7342051328,34552930304,29,13534306304
1791661612.235,1265.352,zebrad,160874047,138490565,22383482,3095810048,4375670784,394268672,2686722048,3862687744,732082176,20,13534306304
1791661613.235,1266.352,indexer,1313616660,1009655801,303960859,12493254656,12533043200,1742643200,10439786496,7350489088,34552930304,29,13529915392
1791661613.235,1266.352,zebrad,160880793,138495488,22385305,3095810048,4375670784,394268672,2686722048,3862687744,732082176,20,13529915392
1791661614.235,1267.352,indexer,1315625590,1011290598,304334991,12335067136,12533043200,1571938304,10452852736,7363551232,34552930304,30,13683634176
1791661614.235,1267.352,zebrad,160887328,138500229,22387099,3095810048,4375670784,394268672,2686722048,3862687744,732082176,20,13683634176
1791661615.235,1268.352,indexer,1317902386,1013259719,304642667,12380229632,12533043200,1585713152,10483724288,7379533824,34552930304,30,13673353216
1791661615.235,1268.352,zebrad,160893391,138505284,22388107,3095801856,4375670784,394268672,2686722048,3862687744,732082176,20,13673353216
1791661616.235,1269.352,indexer,1320039236,1014902565,305136670,12552380416,12552380416,1593057280,10644320256,7406985216,34552930304,30,13676666880
1791661616.235,1269.352,zebrad,160900663,138512555,22388107,3048345600,4375670784,394268672,2639273984,3862687744,732082176,20,13676666880
1791661617.235,1270.352,indexer,1321602932,1016053313,305549618,12483493888,12583469056,1600528384,10570854400,7437541376,34552930304,30,13671960576
1791661617.235,1270.352,zebrad,160905797,138517351,22388445,3048345600,4375670784,394268672,2639273984,3862687744,732082176,20,13671960576
1791661618.235,1271.353,indexer,1323286730,1017228475,306058255,12658872320,12689002496,1608323072,10728599552,7453773824,34552930304,30,13631758336
1791661618.235,1271.353,zebrad,160911720,138523144,22388576,2910216192,4375670784,394268672,2501386240,3862687744,732082176,20,13631758336
1791661619.235,1272.353,indexer,1323556415,1017372936,306183478,12670758912,12689002496,1608323072,10739666944,7454666752,34753273856,30,13625384960
1791661619.235,1272.353,zebrad,160917134,138527778,22389355,2910457856,4375670784,394268672,2501386240,3862687744,732082176,20,13625384960
1791661620.235,1273.353,indexer,1323669092,1017459081,306210011,12671168512,12689002496,1608433664,10740125696,7455125504,34937819136,30,13625081856
1791661620.235,1273.353,zebrad,160922391,138532998,22389393,2910412800,4375670784,394268672,2501386240,3862687744,732082176,20,13625081856
1791661621.235,1274.353,indexer,1323759382,1017526059,306233323,12671778816,12689002496,1608699904,10740502528,7455502336,35151699968,30,13625262080
1791661621.235,1274.353,zebrad,160927553,138537138,22390414,2910412800,4375670784,394268672,2501386240,3862687744,732082176,20,13625262080
1791661622.235,1275.353,indexer,1324098024,1017769508,306328516,12675317760,12689002496,1610182656,10742366208,7457366016,35245654016,30,13624217600
1791661622.235,1275.353,zebrad,160934107,138543613,22390494,2910412800,4375670784,394268672,2501386240,3862687744,732082176,20,13624217600
1791661623.236,1276.353,indexer,1324438763,1018016342,306422421,12675022848,12689002496,1611497472,10740797440,7458959360,35335995392,30,13634838528
1791661623.236,1276.353,zebrad,160940518,138548967,22391550,2909622272,4375670784,394268672,2500599808,3862687744,732082176,20,13634838528
1791661624.236,1277.353,indexer,1324664877,1018165196,306499681,12683247616,12689002496,1612046336,10748416000,7459622912,35421605888,30,13631897600
1791661624.236,1277.353,zebrad,160948096,138556185,22391911,2909880320,4375670784,394268672,2500599808,3862687744,732082176,20,13631897600
1791661625.236,1278.353,indexer,1325187815,1018587905,306599910,12686139392,12689002496,1613070336,10749800448,7461003264,35509755904,30,13630676992
1791661625.236,1278.353,zebrad,160950813,138558662,22392150,2909630464,4375670784,394268672,2500599808,3862687744,732082176,20,13630676992
1791661626.236,1279.353,indexer,1326407549,1019743569,306663980,12687892480,12689002496,1613840384,10750562304,7461765120,35620270080,30,13629186048
1791661626.236,1279.353,zebrad,160950835,138558681,22392153,2909556736,4375670784,394268672,2500599808,3862687744,732082176,20,13629186048
1791661627.236,1280.353,indexer,1327272429,1020495754,306776675,12692094976,12692094976,1615912960,10752737280,7463940096,35754655744,29,13626597376
1791661627.236,1280.353,zebrad,160956168,138563689,22392479,2909822976,4375670784,394268672,2500599808,3862687744,732082176,20,13626597376
1791661628.236,1281.353,indexer,1327713007,1020905393,306807613,12700307456,12700323840,1616936960,10760011776,7471214592,35754655744,29,13625851904
1791661628.236,1281.353,zebrad,160961519,138569039,22392479,2909814784,4375670784,394268672,2500599808,3862687744,732082176,20,13625851904
1791661629.236,1282.353,indexer,1328268951,1021384797,306884153,12709810176,12709855232,1618907136,10767941632,7479144448,35754655744,29,13623861248
1791661629.236,1282.353,zebrad,160967006,138574527,22392479,2909814784,4375670784,394268672,2500599808,3862687744,732082176,20,13623861248
1791661630.236,1283.354,indexer,1329941199,1022657709,307283489,12606504960,12711575552,1629294592,10657120256,7491284992,35754655744,29,13647532032
1791661630.236,1283.354,zebrad,160973050,138579583,22393466,2909814784,4375670784,394268672,2500599808,3862687744,732082176,20,13647532032
1791661631.236,1284.354,indexer,1331621671,1023943934,307677737,12629012480,12711575552,1639780352,10669010944,7503175680,35754655744,29,13635428352
1791661631.236,1284.354,zebrad,160978841,138584985,22393855,2909814784,4375670784,394268672,2500599808,3862687744,732082176,20,13635428352
1791661632.236,1285.354,indexer,1333486793,1025367799,308118994,12652376064,12711575552,1650266112,10681929728,7516094464,35754655744,29,13621436416
1791661632.236,1285.354,zebrad,160984949,138587641,22397307,2910076928,4375670784,394268672,2500599808,3862687744,732082176,20,13621436416
1791661633.236,1286.354,indexer,1334832792,1026401306,308431486,12668207104,12711575552,1659027456,10688970752,7529365504,35754655744,29,13613608960
1791661633.236,1286.354,zebrad,160990344,138592841,22397503,2908499968,4375670784,394268672,2499026944,3862687744,732082176,20,13613608960
1791661634.237,1287.354,indexer,1335154252,1026662433,308491818,12670566400,12711575552,1660309504,10690084864,7530553344,35754655744,29,13613051904
1791661634.237,1287.354,zebrad,160995861,138598284,22397576,2908499968,4375670784,394268672,2499026944,3862687744,732082176,20,13613051904
1791661635.237,1288.354,indexer,1335770966,1027168685,308602281,12675809280,12711575552,1663053824,10692472832,7532867584,35754655744,29,13610934272
1791661635.237,1288.354,zebrad,161001654,138603827,22397827,2908495872,4375670784,394268672,2499026944,3862687744,732082176,20,13610934272
1791661636.237,1289.354,indexer,1336847285,1028008093,308839192,12686819328,12711575552,1668874240,10697543680,7537938432,35754655744,29,13606494208
1791661636.237,1289.354,zebrad,161006719,138608742,22397977,2908495872,4375670784,394268672,2499026944,3862687744,732082176,20,13606494208
1791661637.237,1290.354,indexer,1337077519,1028172568,308904950,12688654336,12711575552,1670008832,10698530816,7538925568,35754655744,29,13605421056
1791661637.237,1290.354,zebrad,161011993,138613117,22398876,2908495872,4375670784,394268672,2499026944,3862687744,732082176,20,13605421056
1791661638.237,1291.354,indexer,1337117704,1028207307,308910396,12688916480,12711575552,1670123520,10698633216,7539027968,35754655744,29,13603463168
1791661638.237,1291.354,zebrad,161017551,138617737,22399814,2908250112,4375670784,394268672,2499026944,3862687744,732082176,20,13603463168
1791661639.237,1292.354,indexer,1337507165,1028500625,309006540,12692848640,12711575552,1672249344,10700484608,7540879360,35754655744,29,13602594816
1791661639.237,1292.354,zebrad,161023591,138622771,22400819,2908512256,4375670784,394268672,2499026944,3862687744,732082176,20,13602594816
1791661640.237,1293.355,indexer,1338403371,1029186026,309217345,12703334400,12711575552,1677594624,10705149952,7545548800,35754655744,29,13595893760
1791661640.237,1293.355,zebrad,161029111,138627359,22401752,2908512256,4375670784,394268672,2499026944,3862687744,732082176,20,13595893760
1791661641.237,1294.355,indexer,1339854646,1030461821,309392825,12712509440,12712509440,1682624512,10709540864,7549935616,35754655744,29,13592834048
1791661641.237,1294.355,zebrad,161034962,138632509,22402453,2908504064,4375670784,394268672,2499026944,3862687744,732082176,20,13592834048
1791661642.238,1295.355,indexer,1341567073,1031984040,309583032,12722548736,12722552832,1687961600,10714202112,7554600960,35754655744,29,13588918272
1791661642.238,1295.355,zebrad,161041671,138639117,22402554,2908499968,4375670784,394268672,2499026944,3862687744,732082176,20,13588918272
1791661643.238,1296.355,indexer,1343315279,1033395537,309919742,12674973696,12727386112,1697132544,10659368960,7562211328,35754655744,29,13577117696
1791661643.238,1296.355,zebrad,161048159,138645535,22402624,2862616576,4375670784,394268672,2453676032,3862687744,732082176,20,13577117696
1791661644.238,1297.355,indexer,1344157662,1034013462,310144200,12683665408,12727386112,1701175296,10663735296,7566577664,35754655744,29,13573947392
1791661644.238,1297.355,zebrad,161054057,138649450,22404607,2862866432,4375670784,394268672,2453676032,3862687744,732082176,20,13573947392
1791661645.238,1298.355,indexer,1345209214,1034852735,310356479,12702863360,12727386112,1705242624,10679037952,7581880320,35754655744,29,13567434752
1791661645.238,1298.355,zebrad,161060422,138655762,22404659,2862866432,4375670784,394268672,2453676032,3862687744,732082176,20,13567434752
1791661646.238,1299.355,indexer,1346413746,1035773025,310640720,12719595520,12727386112,1711755264,10689015808,7591858176,35754655744,29,13560205312
1791661646.238,1299.355,zebrad,161066161,138661397,22404764,2862866432,4375670784,394268672,2453676032,3862687744,732082176,20,13560205312
1791661647.238,1300.355,indexer,1347587106,1036668198,310918907,12736868352,12736868352,1717579776,10700308480,7603150848,35754655744,29,13555240960
1791661647.238,1300.355,zebrad,161071216,138666026,22405190,2862866432,4375670784,394268672,2453676032,3862687744,732082176,20,13555240960
1791661648.238,1301.355,indexer,1348464135,1037337784,311126350,12747415552,12747423744,1722281984,10706100224,7608942592,35754655744,29,13552427008
1791661648.238,1301.355,zebrad,161077179,138671853,22405326,2862825472,4375670784,394268672,2453676032,3862687744,732082176,20,13552427008
1791661649.238,1302.355,indexer,1348682374,1037502809,311179564,12749242368,12749246464,1723375616,10707070976,7609913344,35754655744,29,13549875200
1791661649.238,1302.355,zebrad,161082560,138675184,22407375,2862850048,4375670784,394268672,2453676032,3862687744,732082176,20,13549875200
1791661650.238,1303.356,indexer,1349618836,1038243533,311375303,12758192128,12758204416,1728057344,10711191552,7614033920,35754655744,29,13547094016
1791661650.238,1303.356,zebrad,161088605,138681082,22407522,2862837760,4375670784,394268672,2453676032,3862687744,732082176,20,13547094016
1791661651.238,1304.356,indexer,1350772362,1039163366,311608996,12708524032,12770156544,1734889472,10656473088,7619342336,35754655744,29,13544464384
1791661651.238,1304.356,zebrad,161094867,138686169,22408697,2818789376,4375670784,394268672,2409635840,3862687744,732082176,20,13544464384
1791661652.238,1305.356,indexer,1351872452,1040016517,311855934,12720455680,12770156544,1741180928,10662305792,7625175040,35754655744,29,13536546816
1791661652.238,1305.356,zebrad,161100086,138690359,22409727,2818834432,4375670784,394268672,2409635840,3862687744,732082176,20,13536546816
1791661653.239,1306.356,indexer,1353232446,1041037164,312195281,12561666048,12770156544,1575505920,10669092864,7631962112,35754655744,30,13694742528
1791661653.239,1306.356,zebrad,161106027,138695170,22410857,2818568192,4375670784,394268672,2409635840,3862687744,732082176,20,13694742528
1791661654.239,1307.356,indexer,1355240402,1042764397,312476005,12572844032,12770156544,1578029056,10677932032,7640801280,35754655744,30,13678157824
1791661654.239,1307.356,zebrad,161114242,138700221,22414021,2818564096,4375670784,394268672,2409635840,3862687744,732082176,20,13678157824
1791661655.239,1308.356,indexer,1356144789,1043540238,312604550,12586737664,12770156544,1588129792,10681413632,7644282880,35754655744,30,13667278848
1791661655.239,1308.356,zebrad,161119479,138705423,22414055,2818826240,4375670784,394268672,2409635840,3862687744,732082176,20,13667278848
1791661656.239,1309.356,indexer,1357219900,1044414654,312805246,12598231040,12770156544,1595564032,10685784064,7648653312,35754659840,30,13662269440
1791661656.239,1309.356,zebrad,161125178,138710884,22414293,2818826240,4375670784,394268672,2409635840,3862687744,732082176,20,13662269440
1791661657.239,1310.356,indexer,1359385957,1046142669,313243287,12706717696,12808806400,1605275648,10781659136,7667752960,35754659840,30,13671596032
1791661657.239,1310.356,zebrad,161131583,138716095,22415488,2818826240,4375670784,394268672,2409635840,3862687744,732082176,20,13671596032
1791661658.239,1311.356,indexer,1361203821,1047396999,313806821,12751843328,12855586816,1614364672,10810228736,7678226432,35835801600,30,13660778496
1791661658.239,1311.356,zebrad,161137454,138721262,22416192,2775830528,4375670784,394268672,2366906368,3862687744,732082176,20,13660778496
1791661659.239,1312.357,indexer,1361356730,1047520989,313835740,12752367616,12855586816,1614368768,10810621952,7678619648,36028739584,30,13656182784
1791661659.239,1312.357,zebrad,161143051,138725915,22417136,2776092672,4375670784,394268672,2366906368,3862687744,732082176,20,13656182784
1791661660.239,1313.357,indexer,1361572693,1047685919,313886774,12752740352,12855586816,1614368768,10811236352,7679234048,36221669376,30,13656035328
1791661660.239,1313.357,zebrad,161148141,138730270,22417870,2776088576,4375670784,394268672,2366906368,3862687744,732082176,20,13656035328
1791661661.239,1314.357,indexer,1361797786,1047869842,313927944,12753960960,12855586816,1614700544,10811875328,7679873024,36374978560,30,13654315008
1791661661.239,1314.357,zebrad,161153687,138735817,22417870,2776084480,4375670784,394268672,2366906368,3862687744,732082176,20,13654315008
1791661662.239,1315.357,indexer,1362138692,1048135357,314003335,12756037632,12855586816,1615970304,10813001728,7680999424,36419923968,30,13655166976
1791661662.239,1315.357,zebrad,161159793,138741108,22418684,2775818240,4375670784,394268672,2366906368,3862687744,732082176,20,13655166976
1791661663.239,1316.357,indexer,1362622643,1048501611,314121031,12760657920,12855586816,1618419712,10814906368,7682904064,36448309248,30,13655130112
1791661663.239,1316.357,zebrad,161165594,138746658,22418936,2775814144,4375670784,394268672,2366906368,3862687744,732082176,20,13655130112
1791661664.240,1317.357,indexer,1362877702,1048692050,314185651,12772446208,12855586816,1619058688,10826010624,7683702784,36495384576,30,13641687040
1791661664.240,1317.357,zebrad,161171532,138752463,22419069,2776072192,4375670784,394268672,2366906368,3862687744,732082176,20,13641687040
1791661665.240,1318.357,indexer,1363328458,1049033190,314295267,12777164800,12855586816,1622614016,10827513856,7685206016,36594507776,30,13638115328
1791661665.240,1318.357,zebrad,161177137,138757982,22419155,2776072192,4375670784,394268672,2366906368,3862687744,732082176,20,13638115328
1791661666.240,1319.357,indexer,1363677691,1049267868,314409822,12778491904,12855586816,1622614016,10828713984,7686410240,36667584512,30,13638696960
1791661666.240,1319.357,zebrad,161183276,138763961,22419315,2775801856,4375670784,394268672,2366906368,3862687744,732082176,20,13638696960
1791661667.240,1320.357,indexer,1364464980,1049977422,314487557,12781408256,12855586816,1624715264,10829631488,7687323648,36715970560,30,13638565888
1791661667.240,1320.357,zebrad,161189478,138769135,22420342,2776064000,4375670784,394268672,2366906368,3862687744,732082176,20,13638565888
1791661668.240,1321.357,indexer,1365920811,1051314254,314606557,12787032064,12855586816,1628364800,10831200256,7688892416,36896043008,30,13633323008
1791661668.240,1321.357,zebrad,161195809,138775466,22420342,2775805952,4375670784,394268672,2366906368,3862687744,732082176,20,13633323008
1791661669.240,1322.357,indexer,1367410641,1052491043,314919597,12798803968,12855586816,1633816576,10837581824,7695273984,36959535104,29,13626454016
1791661669.240,1322.357,zebrad,161202513,138780304,22422208,2775805952,4375670784,394268672,2366906368,3862687744,732082176,20,13626454016
1791661670.240,1323.357,indexer,1369242352,1053883196,315359155,12817424384,12855586816,1643778048,10846322688,7704014848,36959535104,29,13623623680
1791661670.240,1323.357,zebrad,161208274,138784961,22423313,2775801856,4375670784,394268672,2366906368,3862687744,732082176,20,13623623680
1791661671.240,1324.358,indexer,1370910945,1055195647,315715297,12833439744,12855586816,1652281344,10853793792,7711485952,36959535104,29,13617782784
1791661671.240,1324.358,zebrad,161214330,138791016,22423313,2775801856,4375670784,394268672,2366906368,3862687744,732082176,20,13617782784
1791661672.240,1325.358,indexer,1371662394,1055775442,315886952,12840779776,12855586816,1656262656,10857287680,7714979840,36959535104,29,13613006848
1791661672.240,1325.358,zebrad,161219490,138796177,22423313,2776051712,4375670784,394268672,2366906368,3862687744,732082176,20,13613006848
1791661673.240,1326.358,indexer,1371959395,1055993207,315966187,12844281856,12855586816,1657892864,10858708992,7716401152,36959535104,29,13611683840
1791661673.240,1326.358,zebrad,161225217,138801767,22423450,2776305664,4375670784,394268672,2366906368,3862687744,732082176,20,13611683840
1791661674.240,1327.358,indexer,1372517425,1056402376,316115049,12850102272,12855586816,1661050880,10861830144,7719522304,36959535104,29,13609701376
1791661674.240,1327.358,zebrad,161230828,138806294,22424534,2776301568,4375670784,394268672,2366906368,3862687744,732082176,20,13609701376
1791661675.241,1328.358,indexer,1373902681,1057485230,316417450,12760989696,12857516032,1670311936,10766147584,7727861760,36959535104,29,13603340288
1791661675.241,1328.358,zebrad,161236861,138810464,22426397,2776293376,4375670784,394268672,2366906368,3862687744,732082176,20,13603340288
1791661676.241,1329.358,indexer,1375487009,1058740153,316746856,12779479040,12857516032,1678700544,10776117248,7737835520,36959535104,29,13598752768
1791661676.241,1329.358,zebrad,161243228,138816639,22426589,2776293376,4375670784,394268672,2366906368,3862687744,732082176,20,13598752768
1791661677.241,1330.358,indexer,1376877917,1059856937,317020979,12791574528,12857516032,1682898944,10783674368,7745634304,36959535104,29,13588824064
1791661677.241,1330.358,zebrad,161248866,138822186,22426679,2776289280,4375670784,394268672,2366906368,3862687744,732082176,20,13588824064
1791661678.241,1331.358,indexer,1377478564,1060356546,317122017,12796710912,12857516032,1684996096,10786807808,7748526080,36959535104,29,13584932864
1791661678.241,1331.358,zebrad,161255259,138827524,22427734,2776051712,4375670784,394268672,2366906368,3862687744,732082176,20,13584932864
1791661679.241,1332.358,indexer,1378344923,1061099422,317245501,12807081984,12857516032,1689202688,10793140224,7754854400,36959535104,29,13585006592
1791661679.241,1332.358,zebrad,161261230,138833359,22427870,2776047616,4375670784,394268672,2366906368,3862687744,732082176,20,13585006592
1791661680.241,1333.358,indexer,1379451533,1062000466,317451066,12818919424,12857516032,1693396992,10800635904,7762350080,36959535104,29,13581189120
1791661680.241,1333.358,zebrad,161267146,138839146,22428000,2776051712,4375670784,394268672,2366906368,3862687744,732082176,20,13581189120
1791661681.241,1334.358,indexer,1381088726,1063324238,317764487,12835364864,12857516032,1701785600,10808995840,7770710016,36959535104,29,13569228800
1791661681.241,1334.358,zebrad,161272807,138844436,22428371,2776051712,4375670784,394268672,2366906368,3862687744,732082176,20,13569228800
1791661682.241,1335.359,indexer,1382753802,1064668399,318085402,12851568640,12857516032,1708077056,10818666496,7780380672,36959535104,29,13564698624
1791661682.241,1335.359,zebrad,161278783,138850412,22428371,2776309760,4375670784,394268672,2366906368,3862687744,732082176,20,13564698624
1791661683.241,1336.359,indexer,1384546450,1066174834,318371615,12762533888,12857516032,1716465664,10724012032,7789690880,36959535104,29,13558665216
1791661683.241,1336.359,zebrad,161284717,138853639,22431077,2776309760,4375670784,394268672,2366906368,3862687744,732082176,20,13558665216
1791661684.241,1337.359,indexer,1386327974,1067551514,318776459,12784758784,12857516032,1726951424,10735636480,7801315328,36959535104,29,13534261248
1791661684.241,1337.359,zebrad,161293648,138861440,22432207,2776051712,4375670784,394268672,2366906368,3862687744,732082176,20,13534261248
1791661685.241,1338.359,indexer,1387915166,1068762630,319152535,12801576960,12857516032,1735340032,10744094720,7809773568,36959535104,29,13524103168
1791661685.241,1338.359,zebrad,161299524,138867316,22432207,2776313856,4375670784,394268672,2366906368,3862687744,732082176,20,13524103168
1791661686.242,1339.359,indexer,1388953785,1069563352,319390432,12813344768,12857516032,1741631488,10749321216,7815004160,36959535104,29,13521461248
1791661686.242,1339.359,zebrad,161305352,138873145,22432207,2776309760,4375670784,394268672,2366906368,3862687744,732082176,20,13521461248
1791661687.242,1340.359,indexer,1389513322,1069999852,319513469,12820246528,12857516032,1745825792,10752217088,7817900032,36959535104,29,13518368768
1791661687.242,1340.359,zebrad,161310735,138878527,22432207,2776035328,4375670784,394268672,2366906368,3862687744,732082176,20,13518368768
1791661688.242,1341.359,indexer,1390420205,1070705420,319714785,12829208576,12857516032,1750597632,10756419584,7822098432,36959535104,29,13513719808
1791661688.242,1341.359,zebrad,161316713,138884505,22432207,2776031232,4375670784,394268672,2366906368,3862687744,732082176,20,13513719808
1791661689.242,1342.359,indexer,1391686865,1071908998,319777867,12832604160,12857516032,1752694784,10757718016,7823396864,36959535104,29,13512519680
1791661689.242,1342.359,zebrad,161322859,138889753,22433106,2776289280,4375670784,394268672,2366906368,3862687744,732082176,20,13512519680
1791661690.242,1343.359,indexer,1392585672,1072756284,319829388,12833738752,12857516032,1752694784,10758791168,7824470016,36959535104,29,13512806400
1791661690.242,1343.359,zebrad,161328476,138895144,22433332,2776289280,4375670784,394268672,2366906368,3862687744,732082176,20,13512806400
1791661691.242,1344.359,indexer,1393430672,1073528274,319902398,12836892672,12857516032,1754791936,10759962624,7825641472,36959535104,29,13509603328
1791661691.242,1344.359,zebrad,161334884,138901552,22433332,2776289280,4375670784,394268672,2366906368,3862687744,732082176,20,13509603328
1791661692.242,1345.359,indexer,1394425264,1074427157,319998106,12841373696,12857516032,1756889088,10762227712,7827906560,36959535104,29,13510377472
1791661692.242,1345.359,zebrad,161340301,138906968,22433332,2776301568,4375670784,394268672,2366906368,3862687744,732082176,20,13510377472
1791661693.242,1346.360,indexer,1395977353,1075662630,320314723,12679032832,12857516032,1587847168,10769256448,7834935296,36959535104,30,13669408768
1791661693.242,1346.360,zebrad,161346301,138911851,22434450,2776051712,4375670784,394268672,2366906368,3862687744,732082176,20,13669408768
1791661694.242,1347.360,indexer,1398252887,1077701649,320551237,12694491136,12857516032,1595330560,10777010176,7842689024,36959535104,30,13650456576
1791661694.242,1347.360,zebrad,161353171,138918597,22434573,2776313856,4375670784,394268672,2366906368,3862687744,732082176,20,13650456576
1791661695.242,1348.360,indexer,1399649284,1078931217,320718066,12702752768,12857516032,1599524864,10781290496,7846969344,36959535104,30,13654126592
1791661695.242,1348.360,zebrad,161358671,138923749,22434922,2776305664,4375670784,394268672,2366906368,3862687744,732082176,20,13654126592
1791661696.242,1349.360,indexer,1401198469,1080259641,320938828,12743086080,12857516032,1601904640,10818420736,7851417600,36959535104,30,13651132416
1791661696.242,1349.360,zebrad,161364584,138927677,22436907,2776305664,4375670784,394268672,2366906368,3862687744,732082176,20,13651132416
1791661697.243,1350.360,indexer,1402552769,1081294392,321258376,12789653504,12857516032,1609441280,10852560896,7865593856,36959535104,30,13649141760
1791661697.243,1350.360,zebrad,161370127,138933004,22437123,2776305664,4375670784,394268672,2366906368,3862687744,732082176,20,13649141760
1791661698.243,1351.360,indexer,1403134723,1081639869,321494853,12744679424,12857516032,1609441280,10805305344,7869825024,37067874304,30,13660504064
1791661698.243,1351.360,zebrad,161376187,138937197,22438989,2776039424,4375670784,394268672,2366906368,3862687744,732082176,20,13660504064
1791661699.243,1352.360,indexer,1403260058,1081738184,321521874,12745396224,12857516032,1609441280,10806276096,7870795776,37285969920,30,13652643840
1791661699.243,1352.360,zebrad,161381940,138941265,22440675,2776031232,4375670784,394268672,2366906368,3862687744,732082176,20,13652643840
1791661700.243,1353.360,indexer,1403387986,1081833508,321554477,12746596352,12857516032,1609441280,10807349248,7871868928,37463326720,30,13653549056
1791661700.243,1353.360,zebrad,161387661,138946745,22440915,2776018944,4375670784,394268672,2366906368,3862687744,732082176,20,13653549056
1791661701.243,1354.360,indexer,1403568542,1081976334,321592208,12750381056,12857516032,1611538432,10809192448,7873712128,37554089984,30,13654007808
1791661701.243,1354.360,zebrad,161393086,138952170,22440915,2776018944,4375670784,394268672,2366906368,3862687744,732082176,20,13654007808
1791661702.243,1355.360,indexer,1403747019,1082111818,321635200,12752326656,12857516032,1611538432,10811031552,7875551232,37634797568,30,13653712896
1791661702.243,1355.360,zebrad,161398926,138957110,22441815,2776014848,4375670784,394268672,2366906368,3862687744,732082176,20,13653712896
1791661703.243,1356.360,indexer,1403938349,1082238972,321699377,12771344384,12857516032,1611538432,10829471744,7876816896,37674967040,30,13655162880
1791661703.243,1356.360,zebrad,161404606,138961835,22442770,2776014848,4375670784,394268672,2366906368,3862687744,732082176,20,13655162880
1791661704.243,1357.361,indexer,1404263603,1082480772,321782831,12774748160,12857516032,1611538432,10832801792,7880146944,37759008768,30,13656309760
1791661704.243,1357.361,zebrad,161411006,138967458,22443548,2775781376,4375670784,394268672,2366906368,3862687744,732082176,20,13656309760
1791661705.243,1358.361,indexer,1404852716,1082930554,321922161,12779278336,12857516032,1612722176,10835730432,7883075584,37872607232,30,13661917184
1791661705.243,1358.361,zebrad,161413543,138969994,22443548,2775781376,4375670784,394268672,2366906368,3862687744,732082176,20,13661917184
1791661706.243,1359.361,indexer,1406087984,1084107067,321980916,12782055424,12857516032,1613246464,10838081536,7885426688,37929787392,30,13661208576
1791661706.243,1359.361,zebrad,161413590,138970042,22443548,2775781376,4375670784,394268672,2366906368,3862687744,732082176,20,13661208576
1791661707.243,1360.361,indexer,1406818109,1084752281,322065828,12785283072,12857516032,1613852672,10840694784,7888039936,38102978560,30,13660725248
1791661707.243,1360.361,zebrad,161419689,138975046,22444643,2776043520,4375670784,394268672,2366906368,3862687744,732082176,20,13660725248
1791661708.244,1361.361,indexer,1407085737,1084962271,322123465,12789493760,12857516032,1614626816,10844061696,7891406848,38172323840,29,13661499392
1791661708.244,1361.361,zebrad,161426549,138981507,22445042,2776039424,4375670784,394268672,2366906368,3862687744,732082176,20,13661499392
1791661709.244,1362.361,indexer,1407926841,1085670002,322256838,12804395008,12857516032,1617494016,10856607744,7903952896,38172323840,29,13659512832
1791661709.244,1362.361,zebrad,161432909,138987867,22445042,2775773184,4375670784,394268672,2366906368,3862687744,732082176,20,13659512832
1791661710.244,1363.361,indexer,1408783622,1086387854,322395767,12820615168,12857516032,1620439040,10869489664,7916834816,38172323840,29,13656322048
1791661710.244,1363.361,zebrad,161438410,138993368,22445042,2775769088,4375670784,394268672,2366906368,3862687744,732082176,20,13656322048
1791661711.244,1364.361,indexer,1409303399,1086798824,322504575,12829720576,12857516032,1622204416,10876760064,7924105216,38172323840,29,13656760320
1791661711.244,1364.361,zebrad,161443972,138998006,22445966,2775769088,4375670784,394268672,2366906368,3862687744,732082176,20,13656760320
1791661712.244,1365.361,indexer,1409805760,1087201104,322604655,12839563264,12857516032,1625067520,10883956736,7931301888,38172323840,29,13642059776
1791661712.244,1365.361,zebrad,161449105,139002980,22446124,2775769088,4375670784,394268672,2366906368,3862687744,732082176,20,13642059776
1791661713.244,1366.361,indexer,1411259979,1088419937,322840042,12802355200,12857516032,1628585984,10844925952,7954542592,38172323840,29,13645082624
1791661713.244,1366.361,zebrad,161455265,139008839,22446426,2734350336,4375670784,394268672,2325225472,3862687744,732082176,20,13645082624
1791661714.244,1367.361,indexer,1412077537,1089138789,322938747,12815482880,12857516032,1631358976,10855464960,7965278208,38172323840,29,13643902976
1791661714.244,1367.361,zebrad,161463578,139016827,22446750,2734346240,4375670784,394289152,2325225472,3862687744,732082176,20,13643902976
1791661715.244,1368.362,indexer,1413294721,1090215801,323078919,12811980800,12857516032,1634009088,10849349632,7968333824,38172323840,29,13647917056
1791661715.244,1368.362,zebrad,161469259,139022273,22446985,2731716608,4375670784,394289152,2322866176,3862687744,732082176,20,13647917056
1791661716.244,1369.362,indexer,1414780366,1091410113,323370253,12825874432,12857516032,1641541632,10855911424,7974899712,38172323840,29,13632831488
1791661716.244,1369.362,zebrad,161474880,139027087,22447793,2731716608,4375670784,394289152,2322866176,3862687744,732082176,20,13632831488
1791661717.244,1370.362,indexer,1416018723,1092448090,323570632,12836052992,12857516032,1646833664,10860519424,7979503616,38172323840,29,13630980096
1791661717.244,1370.362,zebrad,161481244,139032400,22448843,2731974656,4375670784,394289152,2322866176,3862687744,732082176,20,13630980096
1791661718.244,1371.362,indexer,1417259802,1093393836,323865966,12849086464,12857516032,1653858304,10866659328,7985647616,38172323840,29,13626695680
1791661718.244,1371.362,zebrad,161487029,139036800,22450229,2731937792,4375670784,394289152,2322866176,3862687744,732082176,20,13626695680
1791661719.245,1372.362,indexer,1417867556,1093827757,324039798,12855406592,12857516032,1657413632,10869764096,7988748288,38172323840,29,13623824384
1791661719.245,1372.362,zebrad,161493043,139042089,22450953,2731991040,4375670784,394289152,2322866176,3862687744,732082176,20,13623824384
1791661720.245,1373.362,indexer,1418486595,1094302637,324183958,12862406656,12862447616,1660882944,10872786944,7991898112,38172323840,29,13619953664
1791661720.245,1373.362,zebrad,161498184,139047209,22450974,2731991040,4375670784,394289152,2322866176,3862687744,732082176,20,13619953664
1791661721.245,1374.362,indexer,1419664506,1095153075,324511430,12875374592,12875399168,1667887104,10878889984,7997874176,38172323840,29,13613293568
1791661721.245,1374.362,zebrad,161503404,139052258,22451145,2731991040,4375670784,394289152,2322866176,3862687744,732082176,20,13613293568
1791661722.245,1375.362,indexer,1420705814,1095903372,324802442,12886208512,12886364160,1673756672,10884018176,8003002368,38172323840,29,13607190528
1791661722.245,1375.362,zebrad,161509925,139058705,22451220,2731737088,4375670784,394289152,2322866176,3862687744,732082176,20,13607190528
1791661723.245,1376.362,indexer,1421672164,1096710289,324961874,12892856320,12892872704,1677094912,10886983680,8005967872,38172323840,29,13603782656
1791661723.245,1376.362,zebrad,161516350,139065130,22451220,2731995136,4375670784,394289152,2322866176,3862687744,732082176,20,13603782656
1791661724.245,1377.362,indexer,1422661614,1097562492,325099122,12898840576,12898885632,1680412672,10889986048,8008970240,38172323840,29,13600387072
1791661724.245,1377.362,zebrad,161522810,139071185,22451624,2732236800,4375670784,394289152,2322866176,3862687744,732082176,20,13600387072
1791661725.245,1378.362,indexer,1423775927,1098540418,325235509,12905984000,12906000384,1684078592,10893279232,8012267520,38172323840,29,13596938240
1791661725.245,1378.362,zebrad,161528432,139075860,22452571,2732236800,4375670784,394289152,2322866176,3862687744,732082176,20,13596938240
1791661726.245,1379.363,indexer,1425293161,1099825625,325467536,12809748480,12908433408,1690079232,10793644032,8016711680,38172323840,29,13590863872
1791661726.245,1379.363,zebrad,161534379,139080676,22453702,2732228608,4375670784,394289152,2322866176,3862687744,732082176,20,13590863872
1791661727.245,1380.363,indexer,1426755858,1101074904,325680954,12818505728,12908433408,1694273536,10798305280,8021364736,38172323840,29,13586362368
1791661727.245,1380.363,zebrad,161540996,139085488,22455508,2732224512,4375670784,394289152,2322866176,3862687744,732082176,20,13586362368
1791661728.245,1381.363,indexer,1428276719,1102335603,325941115,12830457856,12908433408,1700564992,10803666944,8026726400,38172323840,29,13577961472
1791661728.245,1381.363,zebrad,161546579,139090988,22455591,2731974656,4375670784,394289152,2322866176,3862687744,732082176,20,13577961472
1791661729.245,1382.363,indexer,1429570532,1103379689,326190843,12841467904,12908433408,1706856448,10808737792,8031797248,38172323840,29,13566427136
1791661729.245,1382.363,zebrad,161552778,139096160,22456618,2732236800,4375670784,394289152,2322866176,3862687744,732082176,20,13566427136
1791661730.246,1383.363,indexer,1430861658,1104377617,326484040,12854161408,12908433408,1713147904,10814840832,8037900288,38172323840,29,13563138048
1791661730.246,1383.363,zebrad,161559144,139102334,22456809,2732232704,4375670784,394289152,2322866176,3862687744,732082176,20,13563138048
1791661731.246,1384.363,indexer,1432112899,1105405947,326706951,12864905216,12908433408,1719439360,10819813376,8042872832,38172323840,29,13553692672
1791661731.246,1384.363,zebrad,161565463,139106750,22458712,2732232704,4375670784,394289152,2322866176,3862687744,732082176,20,13553692672
1791661732.246,1385.363,indexer,1433098937,1106239149,326859788,12873023488,12908433408,1723633664,10823393280,8046452736,38172323840,29,13550628864
1791661732.246,1385.363,zebrad,161570635,139111896,22458738,2732228608,4375670784,394289152,2322866176,3862687744,732082176,20,13550628864
1791661733.246,1386.363,indexer,1434108223,1107095927,327012296,12880359424,12908433408,1727827968,10826690560,8049750016,38172323840,29,13546455040
1791661733.246,1386.363,zebrad,161577123,139117456,22459667,2732220416,4375670784,394289152,2322866176,3862687744,732082176,20,13546455040
1791661734.246,1387.363,indexer,1435293538,1108097362,327196176,12888920064,12908433408,1732022272,10830929920,8053989376,38172323840,29,13542371328
1791661734.246,1387.363,zebrad,161583659,139121062,22462597,2732220416,4375670784,394289152,2322866176,3862687744,732082176,20,13542371328
1791661735.246,1388.363,indexer,1436311737,1108951770,327359966,12896854016,12908433408,1736216576,10834382848,8057442304,38172323840,29,13538631680
1791661735.246,1388.363,zebrad,161589501,139125206,22464295,2732216320,4375670784,394289152,2322866176,3862687744,732082176,20,13538631680
1791661736.246,1389.364,indexer,1437589707,1110023630,327566076,12798398464,12908433408,1740410880,10734641152,8061743104,38172327936,29,13533130752
1791661736.246,1389.364,zebrad,161595391,139130249,22465141,2732216320,4375670784,394289152,2322866176,3862687744,732082176,20,13533130752
1791661737.246,1390.364,indexer,1438681612,1110935912,327745699,12806021120,12908433408,1744605184,10738130944,8065232896,38172327936,29,13533454336
1791661737.246,1390.364,zebrad,161601669,139136348,22465320,2732212224,4375670784,394289152,2322866176,3862687744,732082176,20,13533454336
1791661738.246,1391.364,indexer,1439752781,1111783487,327969293,12814749696,12908433408,1748799488,10742497280,8069599232,38172327936,29,13527752704
1791661738.246,1391.364,zebrad,161607191,139141658,22465533,2732249088,4375670784,394289152,2322866176,3862687744,732082176,20,13527752704
1791661739.246,1392.364,indexer,1441153968,1112870909,328283058,12829716480,12908433408,1757188096,10749181952,8076288000,38172327936,29,13516333056
1791661739.246,1392.364,zebrad,161613712,139147246,22466466,2732249088,4375670784,394289152,2322866176,3862687744,732082176,20,13516333056
1791661740.247,1393.364,indexer,1442733876,1114084816,328649060,12845019136,12908433408,1765576704,10756419584,8083521536,38172327936,29,13505769472
1791661740.247,1393.364,zebrad,161619369,139151950,22467418,2731982848,4375670784,394289152,2322866176,3862687744,732082176,20,13505769472
1791661741.247,1394.364,indexer,1444923056,1115931542,328991513,12693221376,12908433408,1602355200,10767765504,8094867456,38172327936,30,13664788480
1791661741.247,1394.364,zebrad,161625740,139156273,22469467,2732244992,4375670784,394289152,2322866176,3862687744,732082176,20,13664788480
1791661742.247,1395.364,indexer,1446847600,1117579052,329268548,12707946496,12908433408,1609129984,10775506944,8102608896,38172327936,30,13660938240
1791661742.247,1395.364,zebrad,161631717,139162112,22469604,2732240896,4375670784,394289152,2322866176,3862687744,732082176,20,13660938240
1791661743.247,1396.364,indexer,1448217727,1118702957,329514770,12747005952,12908433408,1614376960,10808815616,8107708416,38172327936,30,13659701248
1791661743.247,1396.364,zebrad,161637847,139167363,22470483,2732240896,4375670784,394289152,2322866176,3862687744,732082176,20,13659701248
1791661744.247,1397.364,indexer,1449052890,1119328413,329724476,12889870336,12908433408,1616474112,10945581056,8114352128,38172327936,30,13653143552
1791661744.247,1397.364,zebrad,161644880,139172394,22472486,2732240896,4375670784,394289152,2322866176,3862687744,732082176,20,13653143552
1791661745.247,1398.364,indexer,1450099963,1120007088,330092874,12840697856,12908433408,1623060480,10885558272,8116801536,38184128512,30,13643513856
1791661745.247,1398.364,zebrad,161650971,139177612,22473359,2731986944,4375670784,394289152,2322866176,3862687744,732082176,20,13643513856
1791661746.247,1399.364,indexer,1450235205,1120110174,330125030,12841164800,12908433408,1623293952,10885894144,8117137408,38419001344,30,13636435968
1791661746.247,1399.364,zebrad,161656638,139182325,22474312,2732249088,4375670784,394289152,2322866176,3862687744,732082176,20,13636435968
1791661747.247,1400.365,indexer,1450415850,1120261250,330154599,12842590208,12908433408,1623834624,10886365184,8117608448,38611935232,30,13636886528
1791661747.247,1400.365,zebrad,161662373,139186377,22475995,2732249088,4375670784,394289152,2322866176,3862687744,732082176,20,13636886528
1791661748.247,1401.365,indexer,1450626973,1120440270,330186702,12842426368,12908433408,1624485888,10886938624,8118181888,38732050432,30,13624705024
1791661748.247,1401.365,zebrad,161667741,139191553,22476187,2731991040,4375670784,394289152,2322866176,3862687744,732082176,20,13624705024
1791661749.248,1402.365,indexer,1450866463,1120633577,330232885,12845678592,12908433408,1627254784,10887680000,8118923264,38812225536,30,13619322880
1791661749.248,1402.365,zebrad,161673879,139197670,22476208,2731991040,4375670784,394289152,2322866176,3862687744,732082176,20,13619322880
1791661750.248,1403.365,indexer,1451133308,1120831356,330301951,12791681024,12908433408,1627254784,10834550784,8119447552,38869590016,30,13627629568
1791661750.248,1403.365,zebrad,161679390,139202970,22476420,2731991040,4375670784,394289152,2322866176,3862687744,732082176,20,13627629568
1791661751.248,1404.365,indexer,1451631875,1121223677,330408198,12793200640,12908433408,1627607040,10836029440,8120926208,38950809600,30,13628178432
1791661751.248,1404.365,zebrad,161685617,139207446,22478171,2731991040,4375670784,394289152,2322866176,3862687744,732082176,20,13628178432
1791661752.248,1405.365,indexer,1452299197,1121724312,330574885,12799176704,12908433408,1631305728,10838167552,8123064320,39066451968,30,13623775232
1791661752.248,1405.365,zebrad,161690860,139212515,22478345,2731991040,4375670784,394289152,2322866176,3862687744,732082176,20,13623775232
1791661753.248,1406.365,indexer,1452596117,1121913669,330682448,12799991808,12908433408,1631305728,10839064576,8123961344,39180648448,30,13624418304
1791661753.248,1406.365,zebrad,161696671,139216354,22480316,2731991040,4375670784,394289152,2322866176,3862687744,732082176,20,13624418304
1791661754.248,1407.365,indexer,1452889253,1122085855,330803397,12802895872,12908433408,1633402880,10840051712,8124948480,39417823232,30,13620645888
1791661754.248,1407.365,zebrad,161702598,139221569,22481028,2731991040,4375670784,394289152,2322866176,3862687744,732082176,20,13620645888
1791661755.248,1408.365,indexer,1453600995,1122655063,330945931,12809236480,12908433408,1635500032,10843832320,8128733184,39417823232,29,13623492608
1791661755.248,1408.365,zebrad,161705345,139224212,22481133,2731991040,4375670784,394289152,2322866176,3862687744,732082176,20,13623492608
1791661756.248,1409.366,indexer,1455101968,1124018583,331083385,12818976768,12908433408,1639694336,10849353728,8134250496,39417823232,29,13622976512
1791661756.248,1409.366,zebrad,161705388,139224249,22481139,2731991040,4375670784,394289152,2322866176,3862687744,732082176,20,13622976512
1791661757.248,1410.366,indexer,1456865816,1125645550,331220265,12824186880,12908433408,1641791488,10852409344,8137306112,39417823232,29,13621297152
1791661757.248,1410.366,zebrad,161705388,139224249,22481139,2731991040,4375670784,394289152,2322866176,3862687744,732082176,20,13621297152
1791661758.248,1411.366,indexer,1457256609,1125987765,331268844,12826533888,12908433408,1643012096,10853519360,8138416128,39417823232,29,13620428800
1791661758.248,1411.366,zebrad,161710595,139228566,22482028,2731507712,4375670784,394289152,2322866176,3862687744,732082176,20,13620428800
1791661759.248,1412.366,indexer,1458431728,1126981247,331450480,12835442688,12908433408,1647603712,10857598976,8142495744,39417823232,29,13615976448
1791661759.248,1412.366,zebrad,161716841,139234777,22482064,2731507712,4375670784,394289152,2322866176,3862687744,732082176,20,13615976448
1791661760.249,1413.366,indexer,1459072740,1127500235,331572505,12840681472,12908433408,1650335744,10860036096,8144932864,39417823232,29,13613871104
1791661760.249,1413.366,zebrad,161722636,139239600,22483035,2731769856,4375670784,394289152,2322866176,3862687744,732082176,20,13613871104
1791661761.249,1414.366,indexer,1459578716,1127924029,331654686,12843560960,12908433408,1651933184,10861481984,8146378752,39417823232,29,13613412352
1791661761.249,1414.366,zebrad,161727998,139244772,22483226,2731761664,4375670784,394289152,2322866176,3862687744,732082176,20,13613412352
1791661762.249,1415.366,indexer,1460160748,1128438829,331721918,12847230976,12908433408,1653727232,10863087616,8147984384,39417823232,29,13610246144
1791661762.249,1415.366,zebrad,161733194,139249800,22483393,2731761664,4375670784,394289152,2322866176,3862687744,732082176,20,13610246144
1791661763.249,1416.366,indexer,1461363191,1129442483,331920707,12856139776,12908433408,1658568704,10867404800,8152301568,39417823232,29,13606215680
1791661763.249,1416.366,zebrad,161739055,139255661,22483393,2732023808,4375670784,394289152,2322866176,3862687744,732082176,20,13606215680
1791661764.249,1417.366,indexer,1462170839,1130138033,332032806,12861353984,12908433408,1661349888,10869903360,8154800128,39417823232,29,13604560896
1791661764.249,1417.366,zebrad,161744788,139259451,22485336,2732023808,4375670784,394289152,2322866176,3862687744,732082176,20,13604560896
1791661765.249,1418.366,indexer,1462558564,1130459037,332099526,12864327680,12908433408,1662734336,10871144448,8156041216,39417823232,29,13602861056
1791661765.249,1418.366,zebrad,161749853,139263508,22486345,2732023808,4375670784,394289152,2322866176,3862687744,732082176,20,13602861056
1791661766.249,1419.367,indexer,1462951112,1130790504,332160607,12867043328,12908433408,1664180224,10872446976,8157343744,39417823232,29,13601394688
1791661766.249,1419.367,zebrad,161755296,139268951,22486345,2732019712,4375670784,394289152,2322866176,3862687744,732082176,20,13601394688
1791661767.249,1420.367,indexer,1463457776,1131248605,332209171,12868988928,12908433408,1665392640,10873548800,8158445568,39417823232,29,13599985664
1791661767.249,1420.367,zebrad,161760965,139273741,22487223,2732015616,4375670784,394289152,2322866176,3862687744,732082176,20,13599985664
1791661768.249,1421.367,indexer,1463855508,1131585911,332269597,12871516160,12908433408,1666277376,10874359808,8159526912,39417823232,29,13598699520
1791661768.249,1421.367,zebrad,161766477,139278903,22487573,2731745280,4375670784,394289152,2322866176,3862687744,732082176,20,13598699520
1791661769.249,1422.367,indexer,1464858980,1132421353,332437627,12877783040,12908433408,1670025216,10877734912,8162631680,39417823232,29,13593509888
1791661769.249,1422.367,zebrad,161772640,139285042,22487598,2731732992,4375670784,394289152,2322866176,3862687744,732082176,20,13593509888
1791661770.250,1423.367,indexer,1466086954,1133437591,332649363,12886392832,12908433408,1674473472,10881732608,8166629376,39417823232,29,13591404544
1791661770.250,1423.367,zebrad,161778137,139289470,22488666,2731737088,4375670784,394289152,2322866176,3862687744,732082176,20,13591404544
1791661771.250,1424.367,indexer,1467159942,1134304192,332855750,12796149760,12908433408,1679167488,10789335040,8170799104,39417823232,29,13597196288
1791661771.250,1424.367,zebrad,161783983,139293202,22490780,2731741184,4375670784,394289152,2322866176,3862687744,732082176,20,13597196288
1791661772.250,1425.367,indexer,1468280554,1135201232,333079321,12803948544,12908433408,1685848064,10790559744,8179388416,39417823232,29,13586907136
1791661772.250,1425.367,zebrad,161789872,139298966,22490906,2732003328,4375670784,394289152,2322866176,3862687744,732082176,20,13586907136
1791661773.250,1426.367,indexer,1468453230,1135338898,333114332,12805111808,12908433408,1685852160,10791813120,8180641792,39417823232,29,13586915328
1791661773.250,1426.367,zebrad,161795549,139304642,22490906,2731999232,4375670784,394289152,2322866176,3862687744,732082176,20,13586915328
1791661774.250,1427.367,indexer,1469010179,1135816615,333193563,12811042816,12908433408,1687949312,10795798528,8184627200,39417823232,29,13581864960
1791661774.250,1427.367,zebrad,161803253,139311292,22491961,2731995136,4375670784,394289152,2322866176,3862687744,732082176,20,13581864960
1791661775.250,1428.367,indexer,1469466531,1136211446,333255084,12814327808,12908433408,1687953408,10798874624,8187703296,39417823232,29,13582630912
1791661775.250,1428.367,zebrad,161809167,139316080,22493087,2731991040,4375670784,394289152,2322866176,3862687744,732082176,20,13582630912
1791661776.250,1429.367,indexer,1470503523,1137057213,333446309,12827938816,12908433408,1694244864,10806296576,8195133440,39417823232,29,13575983104
1791661776.250,1429.367,zebrad,161815008,139321664,22493344,2731991040,4375670784,394289152,2322866176,3862687744,732082176,20,13575983104
1791661777.250,1430.368,indexer,1471607191,1138015436,333591754,12833779712,12908433408,1696342016,10809950208,8198778880,39417823232,29,13574922240
1791661777.250,1430.368,zebrad,161820742,139327293,22493448,2732253184,4375670784,394289152,2322866176,3862687744,732082176,20,13574922240
1791661778.250,1431.368,indexer,1472943104,1139084578,333858525,12845957120,12908433408,1702944768,10815692800,8204521472,39417823232,29,13558497280
1791661778.250,1431.368,zebrad,161827028,139333122,22493906,2732244992,4375670784,394289152,2322866176,3862687744,732082176,20,13558497280
1791661779.250,1432.368,indexer,1474083258,1139989543,334093714,12857565184,12908433408,1709236224,10820636672,8209465344,39417823232,29,13552926720
1791661779.250,1432.368,zebrad,161832763,139337755,22495007,2732249088,4375670784,394289152,2322866176,3862687744,732082176,20,13552926720
1791661780.250,1433.368,indexer,1475173168,1140875296,334297872,12865728512,12908433408,1713430528,10824945664,8213774336,39417823232,29,13549215744
1791661780.250,1433.368,zebrad,161838540,139342563,22495976,2731982848,4375670784,394289152,2322866176,3862687744,732082176,20,13549215744
1791661781.251,1434.368,indexer,1476062408,1141573037,334489371,12873764864,12908433408,1717624832,10828587008,8217415680,39417823232,29,13546713088
1791661781.251,1434.368,zebrad,161844398,139348301,22496097,2732244992,4375670784,394289152,2322866176,3862687744,732082176,20,13546713088
1791661782.251,1435.368,indexer,1476998431,1142341366,334657065,12883779584,12908433408,1723916288,10832371712,8221200384,39417823232,29,13543366656
1791661782.251,1435.368,zebrad,161849872,139352848,22497023,2732240896,4375670784,394289152,2322866176,3862687744,732082176,20,13543366656
1791661783.251,1436.368,indexer,1477386112,1142656886,334729225,12885221376,12908433408,1723916288,10833907712,8222736384,39417823232,29,13542940672
1791661783.251,1436.368,zebrad,161855306,139358082,22497224,2731978752,4375670784,394289152,2322866176,3862687744,732082176,20,13542940672
1791661784.251,1437.368,indexer,1478033901,1143161306,334872595,12864593920,12908433408,1728110592,10808496128,8225947648,39417823232,29,13546348544
1791661784.251,1437.368,zebrad,161861454,139363348,22498105,2731978752,4375670784,394289152,2322866176,3862687744,732082176,20,13546348544
1791661785.251,1438.368,indexer,1478562758,1143547764,335014994,12793540608,12908433408,1732304896,10735828992,8228577280,39417823232,29,13541142528
1791661785.251,1438.368,zebrad,161867680,139367546,22500134,2731978752,4375670784,394289152,2322866176,3862687744,732082176,20,13541142528
1791661786.251,1439.368,indexer,1479086492,1143970153,335116339,12798050304,12908433408,1734402048,10738102272,8230850560,39417823232,29,13540401152
1791661786.251,1439.368,zebrad,161874040,139372136,22501904,2731978752,4375670784,394289152,2322866176,3862687744,732082176,20,13540401152
1791661787.251,1440.368,indexer,1480039653,1144736303,335303350,12806029312,12908433408,1738596352,10741932032,8234680320,39417823232,29,13536821248
1791661787.251,1440.368,zebrad,161879360,139377271,22502089,2731978752,4375670784,394289152,2322866176,3862687744,732082176,20,13536821248
1791661788.251,1441.369,indexer,1481087077,1145593052,335494025,12813529088,12908433408,1742790656,10745782272,8238530560,39417823232,29,13500121088
1791661788.251,1441.369,zebrad,161885379,139383285,22502093,2731978752,4375670784,394289152,2322866176,3862687744,732082176,20,13500121088
1791661789.251,1442.369,indexer,1481466112,1145913045,335553066,12813930496,12908433408,1744891904,10744094720,8239988736,39417827328,29,13523980288
1791661789.251,1442.369,zebrad,161891086,139387036,22504050,2730938368,4375670784,394289152,2322079744,3862687744,732082176,20,13523980288
1791661790.251,1443.369,indexer,1482144895,1146432924,335711971,12819152896,12908433408,1746989056,10747174912,8243068928,39417827328,29,13520142336
1791661790.251,1443.369,zebrad,161896613,139392488,22504125,2731200512,4375670784,394289152,2322079744,3862687744,732082176,20,13520142336
1791661791.252,1444.369,indexer,1483169635,1147199139,335970496,12830703616,12908433408,1753284608,10752225280,8248119296,39417827328,29,13516595200
1791661791.252,1444.369,zebrad,161902189,139398063,22504125,2731462656,4375670784,394289152,2322079744,3862687744,732082176,20,13516595200
1791661792.252,1445.369,indexer,1484000127,1147890988,336109139,12837732352,12908433408,1757478912,10755387392,8251281408,39417827328,29,13509505024
1791661792.252,1445.369,zebrad,161908039,139403914,22504125,2731454464,4375670784,394289152,2322079744,3862687744,732082176,20,13509505024
1791661793.252,1446.369,indexer,1484874681,1148593543,336281137,12845166592,12908433408,1761685504,10758569984,8254464000,39417827328,29,13505970176
1791661793.252,1446.369,zebrad,161913558,139409432,22504125,2731450368,4375670784,394289152,2322079744,3862687744,732082176,20,13505970176
1791661794.252,1447.369,indexer,1486192335,1149647112,336545223,12857249792,12908433408,1767976960,10764111872,8260005888,39417827328,29,13501657088
1791661794.252,1447.369,zebrad,161919792,139413917,22505875,2731446272,4375670784,394289152,2322079744,3862687744,732082176,20,13501657088
1791661795.252,1448.369,indexer,1486903590,1150231478,336672112,12861841408,12908433408,1770078208,10766741504,8262635520,39417827328,29,13502226432
1791661795.252,1448.369,zebrad,161925762,139419750,22506011,2731208704,4375670784,394289152,2322079744,3862687744,732082176,20,13502226432
1791661796.252,1449.369,indexer,1487889956,1151044920,336845036,12869394432,12908433408,1774272512,10770079744,8265973760,39417827328,29,13500973056
1791661796.252,1449.369,zebrad,161931329,139425098,22506230,2730942464,4375670784,394289152,2322079744,3862687744,732082176,20,13500973056
1791661797.252,1450.369,indexer,1489338764,1152315510,337023254,12701982720,12908433408,1600204800,10777047040,8272941056,39417827328,30,13662601216
1791661797.252,1450.369,zebrad,161937229,139429153,22508075,2730942464,4375670784,394289152,2322079744,3862687744,732082176,20,13662601216
1791661798.252,1451.370,indexer,1490992883,1153697046,337295836,12722208768,12908433408,1611882496,10785345536,8281243648,39417827328,30,13650477056
1791661798.252,1451.370,zebrad,161946428,139435745,22510683,2730942464,4375670784,394289152,2322079744,3862687744,732082176,20,13650477056
1791661799.252,1452.370,indexer,1493002438,1155596297,337406140,12725460992,12908433408,1611886592,10788847616,8284631040,39417827328,30,13634281472
1791661799.252,1452.370,zebrad,161950045,139439275,22510770,2730942464,4375670784,394289152,2322079744,3862687744,732082176,20,13634281472
1791661800.252,1453.370,indexer,1494360371,1156861302,337499069,12817211392,12908433408,1611886592,10877542400,8287473664,39417827328,30,13639270400
1791661800.252,1453.370,zebrad,161958454,139446904,22511549,2730954752,4375670784,394289152,2322079744,3862687744,732082176,20,13639270400
1791661801.252,1454.370,indexer,1496190178,1158378720,337811457,12838432768,12908433408,1613983744,10888736768,8289370112,39497940992,30,13653831680
1791661801.252,1454.370,zebrad,161961783,139450047,22511735,2730983424,4375670784,394289152,2322079744,3862687744,732082176,20,13653831680
1791661802.253,1455.370,indexer,1496835696,1159008626,337827070,12838645760,12908433408,1613983744,10888916992,8289550336,39716036608,30,13652025344
1791661802.253,1455.370,zebrad,161967415,139455680,22511735,2731245568,4375670784,394289152,2322079744,3862687744,732082176,20,13652025344
1791661803.253,1456.370,indexer,1497558990,1159718226,337840764,12838572032,12908433408,1613983744,10889105408,8289738752,39908974592,30,13652078592
1791661803.253,1456.370,zebrad,161972635,139460900,22511735,2730971136,4375670784,394289152,2322079744,3862687744,732082176,20,13652078592
1791661804.253,1457.370,indexer,1498366158,1160510082,337856076,12839038976,12908433408,1613983744,10889424896,8290058240,40048926720,30,13649743872
1791661804.253,1457.370,zebrad,161980944,139468321,22512622,2731233280,4375670784,394289152,2322079744,3862687744,732082176,20,13649743872
1791661805.253,1458.370,indexer,1499104917,1161230018,337874899,12839702528,12908433408,1613983744,10889805824,8290439168,40127107072,30,13649072128
1791661805.253,1458.370,zebrad,161986397,139473709,22512687,2730967040,4375670784,394289152,2322079744,3862687744,732082176,20,13649072128
1791661806.253,1459.370,indexer,1500357476,1162407761,337949715,12861857792,12908433408,1613983744,10911588352,8290783232,40216678400,30,13647302656
1791661806.253,1459.370,zebrad,161992732,139479996,22512735,2731225088,4375670784,394289152,2322079744,3862687744,732082176,20,13647302656
1791661807.253,1460.370,indexer,1501579083,1163586882,337992201,12862287872,12908433408,1613983744,10911883264,8291078144,40287477760,30,13645811712
1791661807.253,1460.370,zebrad,161998272,139484601,22513671,2731216896,4375670784,394289152,2322079744,3862687744,732082176,20,13645811712
1791661808.253,1461.370,indexer,1503253616,1165213624,338039991,12862869504,12908433408,1614696448,10912034816,8291229696,40403869696,30,13646053376
1791661808.253,1461.370,zebrad,162004578,139490862,22513716,2731212800,4375670784,394289152,2322079744,3862687744,732082176,20,13646053376
1791661809.253,1462.371,indexer,1504991011,1166897898,338093113,12860973056,12908433408,1616183296,10909040640,8291381248,40544219136,30,13650079744
1791661809.253,1462.371,zebrad,162011030,139497249,22513780,2730414080,4375670784,394289152,2321293312,3862687744,732082176,20,13650079744
1791661810.253,1463.371,indexer,1507068742,1168951957,338116785,12862009344,12908433408,1616244736,10909298688,8291627008,40700936192,29,13648666624
1791661810.253,1463.371,zebrad,162017985,139504204,22513780,2730676224,4375670784,394289152,2321293312,3862687744,732082176,20,13648666624
1791661811.253,1464.371,indexer,1509720967,1171604181,338116785,12862259200,12908433408,1616453632,10909442048,8291770368,40700936192,29,13647659008
1791661811.253,1464.371,zebrad,162018034,139504251,22513783,2730676224,4375670784,394289152,2321293312,3862687744,732082176,20,13647659008
1791661812.253,1465.371,indexer,1512221689,1174104903,338116785,12862500864,12908433408,1616490496,10909609984,8291938304,40700936192,29,13646495744
1791661812.253,1465.371,zebrad,162020829,139507045,22513783,2730676224,4375670784,394289152,2321293312,3862687744,732082176,20,13646495744
1791661813.254,1466.371,indexer,1513884933,1175768147,338116785,12863160320,12908433408,1616662528,10909704192,8292315136,40700936192,29,13646524416
1791661813.254,1466.371,zebrad,162026633,139512850,22513783,2730676224,4375670784,394289152,2321293312,3862687744,732082176,20,13646524416
1791661814.254,1467.371,indexer,1515491970,1177362489,338129480,12863594496,12908433408,1617092608,10910277632,8292605952,40700936192,29,13646258176
1791661814.254,1467.371,zebrad,162033318,139519535,22513783,2730676224,4375670784,394289152,2321293312,3862687744,732082176,20,13646258176
1791661815.254,1468.371,indexer,1517157279,1178958533,338198745,12866809856,12908433408,1618722816,10911772672,8294100992,40700936192,29,13647622144
1791661815.254,1468.371,zebrad,162038984,139523205,22515778,2730409984,4375670784,394289152,2321293312,3862687744,732082176,20,13647622144
1791661816.254,1469.371,indexer,1518166130,1179773095,338393035,12875214848,12908433408,1623138304,10915766272,8298094592,40700936192,29,13646200832
1791661816.254,1469.371,zebrad,162044408,139527571,22516837,2730409984,4375670784,394289152,2321293312,3862687744,732082176,20,13646200832
1791661817.254,1470.371,indexer,1518944140,1180455879,338488261,12879450112,12908433408,1625325568,10917744640,8300072960,40700936192,29,13643759616
1791661817.254,1470.371,zebrad,162050201,139533364,22516837,2730672128,4375670784,394289152,2321293312,3862687744,732082176,20,13643759616
1791661818.254,1471.371,indexer,1519917016,1181408954,338508061,12880502784,12908433408,1626128384,10918277120,8300605440,40700936192,29,13642981376
1791661818.254,1471.371,zebrad,162056287,139539186,22517101,2730672128,4375670784,394289152,2321293312,3862687744,732082176,20,13642981376
1791661819.254,1472.371,indexer,1520753008,1182216479,338536528,12882509824,12908433408,1627283456,10918830080,8301158400,40700936192,29,13640552448
1791661819.254,1472.371,zebrad,162062040,139543696,22518343,2730680320,4375670784,394289152,2321293312,3862687744,732082176,20,13640552448
1791661820.254,1473.372,indexer,1521396244,1182789832,338606411,12887138304,12908433408,1630744576,10920210432,8302538752,40700936192,29,13638279168
1791661820.254,1473.372,zebrad,162067399,139549055,22518343,2730409984,4375670784,394289152,2321293312,3862687744,732082176,20,13638279168
1791661821.254,1474.372,indexer,1522384501,1183722964,338661537,12892016640,12908433408,1634291712,10921345024,8303673344,40700936192,29,13635481600
1791661821.254,1474.372,zebrad,162073354,139554963,22518391,2730672128,4375670784,394289152,2321293312,3862687744,732082176,20,13635481600
1791661822.254,1475.372,indexer,1523203900,1184510983,338692916,12893249536,12908433408,1634983936,10922016768,8304345088,40700936192,29,13635325952
1791661822.254,1475.372,zebrad,162079128,139559768,22519359,2730668032,4375670784,394289152,2321293312,3862687744,732082176,20,13635325952
1791661823.254,1476.372,indexer,1523959018,1185230408,338728610,12894957568,12908433408,1636155392,10922586112,8305033216,40700936192,29,13633806336
1791661823.254,1476.372,zebrad,162084921,139563732,22521189,2730147840,4375670784,394289152,2321293312,3862687744,732082176,20,13633806336
1791661824.255,1477.372,indexer,1524683671,1185911189,338772482,12898385920,12908433408,1638789120,10923220992,8305549312,40700936192,29,13631594496
1791661824.255,1477.372,zebrad,162090972,139568776,22522195,2730409984,4375670784,394289152,2321293312,3862687744,732082176,20,13631594496
1791661825.255,1478.372,indexer,1525365158,1186568036,338797121,12899500032,12908433408,1639317504,10923724800,8306077696,40700936192,29,13631352832
1791661825.255,1478.372,zebrad,162096739,139574435,22522304,2730405888,4375670784,394289152,2321293312,3862687744,732082176,20,13631352832
1791661826.255,1479.372,indexer,1526441487,1187622303,338819184,12900593664,12908433408,1640054784,10924503040,8306831360,40700936192,29,13631897600
1791661826.255,1479.372,zebrad,162102117,139579620,22522496,2730401792,4375670784,394289152,2321293312,3862687744,732082176,20,13631897600
1791661827.255,1480.372,indexer,1527287486,1188440612,338846874,12901974016,12908433408,1640677376,10925162496,8307490816,40700936192,29,13630504960
1791661827.255,1480.372,zebrad,162107676,139584102,22523573,2730401792,4375670784,394289152,2321293312,3862687744,732082176,20,13630504960
1791661828.255,1481.372,indexer,1527785340,1188924737,338860603,12873244672,12908433408,1641074688,10896248832,8307859456,40700936192,29,13636509696
1791661828.255,1481.372,zebrad,162113560,139589141,22524418,2730156032,4375670784,394289152,2321293312,3862687744,732082176,20,13636509696
1791661829.255,1482.372,indexer,1528436247,1189557542,338878704,12796985344,12908433408,1641562112,10821980160,8308342784,40700936192,29,13631635456
1791661829.255,1482.372,zebrad,162119332,139594084,22525248,2730156032,4375670784,394289152,2321293312,3862687744,732082176,20,13631635456
1791661830.255,1483.373,indexer,1529513382,1190495772,339017609,12804141056,12908433408,1646141440,10824458240,8310820864,40700936192,29,13608423424
1791661830.255,1483.373,zebrad,162124839,139597662,22527176,2730151936,4375670784,394289152,2321293312,3862687744,732082176,20,13608423424
1791661831.255,1484.373,indexer,1530511122,1191298747,339212375,12812361728,12908433408,1650335744,10828730368,8315092992,40700936192,29,13610012672
1791661831.255,1484.373,zebrad,162130784,139602476,22528307,2730151936,4375670784,394289152,2321293312,3862687744,732082176,20,13610012672
1791661832.255,1485.373,indexer,1531689999,1192301592,339388406,12821090304,12908433408,1654530048,10833358848,8319721472,40700936192,29,13606330368
1791661832.255,1485.373,zebrad,162136977,139607920,22529056,2730151936,4375670784,394289152,2321293312,3862687744,732082176,20,13606330368
1791661833.255,1486.373,indexer,1533242337,1193617205,339625131,12833128448,12908433408,1660821504,10838896640,8325259264,40700936192,29,13598711808
1791661833.255,1486.373,zebrad,162143097,139612747,22530350,2730151936,4375670784,394289152,2321293312,3862687744,732082176,20,13598711808
1791661834.256,1487.373,indexer,1534688855,1194789483,339899371,12845367296,12908433408,1667260416,10844852224,8331214848,40700936192,29,13589823488
1791661834.256,1487.373,zebrad,162151623,139619202,22532421,2729934848,4375670784,394289152,2321293312,3862687744,732082176,20,13589823488
1791661835.256,1488.373,indexer,1536287001,1196193869,340093131,12855066624,12908433408,1671454720,10850299904,8336662528,40700936192,29,13586321408
1791661835.256,1488.373,zebrad,162157623,139624203,22533420,2730196992,4375670784,394289152,2321293312,3862687744,732082176,20,13586321408
1791661836.256,1489.373,indexer,1537489964,1197200871,340289092,12870406144,12908433408,1681801216,10854748160,8341110784,40700936192,29,13575958528
1791661836.256,1489.373,zebrad,162162932,139628608,22534324,2730196992,4375670784,394289152,2321293312,3862687744,732082176,20,13575958528
1791661837.256,1490.373,indexer,1539206288,1198667178,340539109,12879966208,12908433408,1686028288,10860380160,8346742784,40700936192,29,13576994816
1791661837.256,1490.373,zebrad,162169098,139634029,22535069,2730196992,4375670784,394289152,2321293312,3862687744,732082176,20,13576994816
1791661838.256,1491.373,indexer,1540518034,1199802534,340715499,12887482368,12908433408,1689702400,10864062464,8350425088,40700936192,29,13574574080
1791661838.256,1491.373,zebrad,162174932,139639606,22535326,2730196992,4375670784,394289152,2321293312,3862687744,732082176,20,13574574080
1791661839.256,1492.373,indexer,1541037121,1200266704,340770417,12890734592,12908433408,1691357184,10865856512,8352219136,40700936192,29,13574668288
1791661839.256,1492.373,zebrad,162180546,139644274,22536271,2730450944,4375670784,394289152,2321293312,3862687744,732082176,20,13574668288
1791661840.256,1493.374,indexer,1541862221,1200964233,340897987,12896579584,12908433408,1694068736,10868740096,8355102720,40700936192,29,13577633792
1791661840.256,1493.374,zebrad,162186114,139648764,22537350,2730180608,4375670784,394289152,2321293312,3862687744,732082176,20,13577633792
1791661841.256,1494.374,indexer,1542377151,1201441041,340936109,12899000320,12908433408,1695416320,10870206464,8356569088,40700936192,29,13576183808
1791661841.256,1494.374,zebrad,162191520,139654169,22537350,2730442752,4375670784,394289152,2321293312,3862687744,732082176,20,13576183808
1791661842.256,1495.374,indexer,1543141179,1202104416,341036763,12797169664,12908433408,1697787904,10768654336,8359084032,40700936192,29,13576212480
1791661842.256,1495.374,zebrad,162196784,139659434,22537350,2730442752,4375670784,394289152,2321293312,3862687744,732082176,20,13576212480
1791661843.256,1496.374,indexer,1543812624,1202648108,341164516,12805115904,12908433408,1702772736,10771689472,8362119168,40700936192,29,13571350528
1791661843.256,1496.374,zebrad,162202141,139663784,22538356,2730180608,4375670784,394289152,2321293312,3862687744,732082176,20,13571350528
1791661844.257,1497.374,indexer,1545064787,1203818217,341246569,12809715712,12908433408,1705156608,10773860352,8364290048,40700940288,29,13567832064
1791661844.257,1497.374,zebrad,162208395,139669142,22539252,2730131456,4375670784,394289152,2321293312,3862687744,732082176,20,13567832064
1791661845.257,1498.374,indexer,1546528230,1205070257,341457972,12819607552,12908433408,1709350912,10779422720,8369852416,40700940288,29,13560606720
1791661845.257,1498.374,zebrad,162214619,139674196,22540422,2730131456,4375670784,394289152,2321293312,3862687744,732082176,20,13560606720
1791661846.257,1499.374,indexer,1547571803,1205976164,341595638,12827848704,12908433408,1713545216,10783387648,8373817344,40700940288,29,13558898688
1791661846.257,1499.374,zebrad,162221080,139679594,22541486,2730393600,4375670784,394289152,2321293312,3862687744,732082176,20,13558898688
1791661847.257,1500.374,indexer,1548827756,1206964958,341862798,12839530496,12908433408,1719836672,10788872192,8379301888,40700940288,29,13555494912
1791661847.257,1500.374,zebrad,162226968,139685482,22541486,2730393600,4375670784,394289152,2321293312,3862687744,732082176,20,13555494912
1791661848.257,1501.374,indexer,1549571513,1207570598,342000914,12847112192,12908433408,1724030976,10792062976,8382492672,40700940288,29,13551173632
1791661848.257,1501.374,zebrad,162232713,139690692,22542020,2730168320,4375670784,394289152,2321293312,3862687744,732082176,20,13551173632
1791661849.257,1502.374,indexer,1549742619,1207719432,342023186,12847443968,12908433408,1724030976,10792062976,8383012864,40700940288,29,13546401792
1791661849.257,1502.374,zebrad,162238236,139696215,22542020,2730409984,4375670784,394289152,2321293312,3862687744,732082176,20,13546401792
1791661850.257,1503.374,indexer,1549996676,1207932795,342063881,12848599040,12908433408,1724235776,10793504768,8383934464,40700940288,29,13530513408
1791661850.257,1503.374,zebrad,162243673,139701653,22542020,2730401792,4375670784,394289152,2321293312,3862687744,732082176,20,13530513408
1791661851.257,1504.375,indexer,1550133765,1208054586,342079178,12849184768,12908433408,1724235776,10793504768,8384405504,40700940288,29,13530853376
1791661851.257,1504.375,zebrad,162249012,139706991,22542020,2730397696,4375670784,394289152,2321293312,3862687744,732082176,20,13530853376
1791661852.257,1505.375,indexer,1550270952,1208151111,342119841,12851851264,12908433408,1726332928,10794262528,8384925696,40700940288,29,13531373568
1791661852.257,1505.375,zebrad,162254422,139712296,22542126,2730397696,4375670784,394289152,2321293312,3862687744,732082176,20,13531373568
1791661853.257,1506.375,indexer,1550918395,1208657962,342260433,12856635392,12908433408,1728430080,10797207552,8387637248,40700940288,29,13528936448
1791661853.257,1506.375,zebrad,162260057,139715125,22544931,2730397696,4375670784,394289152,2321293312,3862687744,732082176,20,13528936448
1791661854.258,1507.375,indexer,1551864332,1209471010,342393321,12863950848,12908433408,1732624384,10800545792,8390979584,40700940288,29,13526544384
1791661854.258,1507.375,zebrad,162266229,139721298,22544931,2730397696,4375670784,394289152,2321293312,3862687744,732082176,20,13526544384
1791661855.258,1508.375,indexer,1552897314,1210297375,342599939,12872437760,12908433408,1736818688,10804871168,8395300864,40700940288,29,13523791872
1791661855.258,1508.375,zebrad,162272437,139727449,22544988,2730397696,4375670784,394289152,2321293312,3862687744,732082176,20,13523791872
1791661856.258,1509.375,indexer,1553952529,1211283859,342668669,12876824576,12908433408,1738915840,10806034432,8397164544,40700940288,29,13519167488
1791661856.258,1509.375,zebrad,162278302,139732333,22545969,2730393600,4375670784,394289152,2321293312,3862687744,732082176,20,13519167488
1791661857.258,1510.375,indexer,1555060223,1212313871,342746352,12774420480,12908433408,1741012992,10704560128,8398995456,40700940288,29,13523390464
1791661857.258,1510.375,zebrad,162283939,139737970,22545969,2730389504,4375670784,394289152,2321293312,3862687744,732082176,20,13523390464
1791661858.258,1511.375,indexer,1556062198,1213233898,342828299,12778889216,12908433408,1743110144,10706317312,8401223680,40700940288,29,13518077952
1791661858.258,1511.375,zebrad,162290001,139742074,22547926,2730643456,4375670784,394289152,2321293312,3862687744,732082176,20,13518077952
1791661859.258,1512.375,indexer,1557763607,1214685165,343078442,12791373824,12908433408,1749401600,10712866816,8407302144,40700940288,29,13511778304
1791661859.258,1512.375,zebrad,162296499,139747504,22548995,2730647552,4375670784,394289152,2321293312,3862687744,732082176,20,13511778304
1791661860.258,1513.375,indexer,1559182249,1215961072,343221177,12796841984,12908433408,1751498752,10716323840,8410759168,40700940288,29,13491187712
1791661860.258,1513.375,zebrad,162302811,139753770,22549040,2730647552,4375670784,394289152,2321293312,3862687744,732082176,20,13491187712
1791661861.258,1514.376,indexer,1560583531,1217204143,343379387,12804440064,12908433408,1755693056,10719895552,8414330880,40700940288,29,13476503552
1791661861.258,1514.376,zebrad,162308883,139759830,22549052,2730635264,4375670784,394289152,2321293312,3862687744,732082176,20,13476503552
1791661862.258,1515.376,indexer,1561702148,1218254480,343447668,12642947072,12908433408,1590775808,10723495936,8417931264,40700940288,30,13640863744
1791661862.258,1515.376,zebrad,162315044,139765967,22549076,2730369024,4375670784,394289152,2321293312,3862687744,732082176,20,13640863744
1791661863.258,1516.376,indexer,1562332152,1218873507,343458644,12670730240,12908433408,1613295616,10728620032,8423055360,40700940288,30,13621555200
1791661863.258,1516.376,zebrad,162320804,139771727,22549076,2730369024,4375670784,394289152,2321293312,3862687744,732082176,20,13621555200
1791661864.258,1517.376,indexer,1562915386,1219386414,343528971,12686721024,12908433408,1613312000,10744418304,8426078208,40700940288,30,13624397824
1791661864.258,1517.376,zebrad,162328444,139779307,22549136,2730369024,4375670784,394289152,2321293312,3862687744,732082176,20,13624397824
1791661865.259,1518.376,indexer,1563527300,1219721181,343806119,12842307584,12908433408,1620754432,10882428928,8426586112,40782741504,30,13634101248
1791661865.259,1518.376,zebrad,162333975,139784625,22549350,2730393600,4375670784,394289152,2321293312,3862687744,732082176,20,13634101248
1791661866.259,1519.376,indexer,1563561009,1219747943,343813066,12842307584,12908433408,1620754432,10882428928,8426586112,40989872128,30,13631516672
1791661866.259,1519.376,zebrad,162339550,139789120,22550429,2730389504,4375670784,394289152,2321293312,3862687744,732082176,20,13631516672
1791661867.259,1520.376,indexer,1563593381,1219771545,343821835,12842303488,12908433408,1620754432,10882428928,8426586112,41148485632,30,13630586880
1791661867.259,1520.376,zebrad,162344797,139793915,22550881,2730389504,4375670784,394289152,2321293312,3862687744,732082176,20,13630586880
1791661868.259,1521.376,indexer,1563621765,1219793095,343828670,12842303488,12908433408,1620754432,10882428928,8426586112,41249914880,30,13629911040
1791661868.259,1521.376,zebrad,162350319,139799437,22550881,2730332160,4375670784,394289152,2321293312,3862687744,732082176,20,13629911040
1791661869.259,1522.376,indexer,1563680119,1219833642,343846477,12842303488,12908433408,1620754432,10882428928,8426586112,41333719040,30,13628968960
1791661869.259,1522.376,zebrad,162356564,139805682,22550881,2730586112,4375670784,394289152,2321293312,3862687744,732082176,20,13628968960
1791661870.259,1523.376,indexer,1563915237,1219966466,343948771,12784934912,12908433408,1620754432,10826276864,8426729472,41400758272,30,13638991872
1791661870.259,1523.376,zebrad,162359154,139808272,22550881,2730586112,4375670784,394289152,2321293312,3862687744,732082176,20,13638991872
1791661871.259,1524.376,indexer,1564176074,1220178064,343998010,12787531776,12908433408,1620754432,10828849152,8429301760,41467346944,30,13622517760
1791661871.259,1524.376,zebrad,162359154,139808272,22550881,2730586112,4375670784,394289152,2321293312,3862687744,732082176,20,13622517760
1791661872.259,1525.377,indexer,1565250742,1221175411,344075330,12787531776,12908433408,1620754432,10828853248,8429305856,41579827200,30,13622611968
1791661872.259,1525.377,zebrad,162359203,139808321,22550881,2730586112,4375670784,394289152,2321293312,3862687744,732082176,20,13622611968
1791661873.259,1526.377,indexer,1565462047,1221296962,344165084,12787531776,12908433408,1620754432,10828853248,8429305856,41777741824,30,13622611968
1791661873.259,1526.377,zebrad,162365261,139814380,22550881,2730586112,4375670784,394289152,2321293312,3862687744,732082176,20,13622611968
1791661874.259,1527.377,indexer,1565615287,1221388443,344226843,12650156032,12908433408,1478144000,10834292736,8434749440,41923571712,29,13758697472
1791661874.259,1527.377,zebrad,162370972,139818922,22552050,2730577920,4375670784,394289152,2321293312,3862687744,732082176,20,13758697472
1791661875.259,1528.377,indexer,1566258712,1221978621,344280090,12748705792,12908433408,1565151232,10845786112,8446238720,41923571712,29,13659054080
1791661875.259,1528.377,zebrad,162376704,139824550,22552153,2730573824,4375670784,394289152,2321293312,3862687744,732082176,20,13659054080
1791661876.260,1529.377,indexer,1566680884,1222349008,344331876,12797202432,12908433408,1596678144,10862845952,8463302656,41923571712,29,13610369024
1791661876.260,1529.377,zebrad,162382140,139828649,22553490,2730569728,4375670784,394289152,2321293312,3862687744,732082176,20,13610369024
1791661877.260,1530.377,indexer,1566886281,1222528204,344358076,12812402688,12908433408,1596678144,10877882368,8478334976,41923571712,29,13616500736
1791661877.260,1530.377,zebrad,162387627,139833208,22554419,2730557440,4375670784,394289152,2321293312,3862687744,732082176,20,13616500736
1791661878.260,1531.377,indexer,1566949726,1222584484,344365241,12816859136,12908433408,1596678144,10882289664,8482742272,41923571712,29,13613015040
1791661878.260,1531.377,zebrad,162392909,139838311,22554598,2730291200,4375670784,394289152,2321293312,3862687744,732082176,20,13613015040
1791661879.260,1532.377,indexer,1567008285,1222636592,344371693,12820525056,12908433408,1596678144,10886074368,8486526976,41923571712,29,13611167744
1791661879.260,1532.377,zebrad,162398586,139843988,22554598,2730287104,4375670784,394289152,2321293312,3862687744,732082176,20,13611167744
1791661880.260,1533.377,indexer,1567053585,1222674296,344379289,12823670784,12908433408,1596678144,10889105408,8489558016,41923571712,29,13614157824
1791661880.260,1533.377,zebrad,162404031,139849432,22554598,2730287104,4375670784,394289152,2321293312,3862687744,732082176,20,13614157824
1791661881.260,1534.378,indexer,1567152492,1222753221,344399271,12832059392,12908433408,1597050880,10897072128,8497528832,41923571712,29,13614104576
1791661881.260,1534.378,zebrad,162409761,139855162,22554598,2730287104,4375670784,394289152,2321293312,3862687744,732082176,20,13614104576
1791661882.260,1535.378,indexer,1567328317,1222897264,344431053,12845166592,12908433408,1597145088,10910052352,8510504960,41923571712,29,13619683328
1791661882.260,1535.378,zebrad,162415459,139860860,22554598,2730287104,4375670784,394289152,2321293312,3862687744,732082176,20,13619683328
1791661883.260,1536.378,indexer,1567503695,1223040573,344463122,12751675392,12908433408,1597145088,10819481600,8523866112,41923571712,29,13643513856
1791661883.260,1536.378,zebrad,162421318,139866349,22554969,2730287104,4375670784,394289152,2321293312,3862687744,732082176,20,13643513856
1791661884.260,1537.378,indexer,1567716976,1223226420,344490555,12768714752,12908433408,1597509632,10836127744,8540512256,41923571712,29,13635874816
1791661884.260,1537.378,zebrad,162426944,139871027,22555916,2730545152,4375670784,394289152,2321293312,3862687744,732082176,20,13635874816
1791661885.261,1538.378,indexer,1567863802,1223339779,344524023,12780613632,12908433408,1597509632,10848075776,8552460288,41923571712,29,13645844480
1791661885.261,1538.378,zebrad,162432360,139875109,22557250,2730536960,4375670784,394289152,2321293312,3862687744,732082176,20,13645844480
1791661886.261,1539.378,indexer,1567960157,1223421794,344538362,12787429376,12908433408,1597509632,10854916096,8559304704,41923571712,29,13647630336
1791661886.261,1539.378,zebrad,162437856,139879399,22558457,2730528768,4375670784,394289152,2321293312,3862687744,732082176,20,13647630336
1791661887.261,1540.378,indexer,1568249338,1223670825,344578512,12808921088,12908433408,1597509632,10876186624,8580571136,41923571712,29,13649571840
1791661887.261,1540.378,zebrad,162443367,139884909,22558457,2730516480,4375670784,394289152,2321293312,3862687744,732082176,20,13649571840
1791661888.261,1541.378,indexer,1568511770,1223893638,344618132,12830416896,12908433408,1598443520,10896666624,8601055232,41923571712,29,13644210176
1791661888.261,1541.378,zebrad,162449080,139890449,22558630,2730516480,4375670784,394289152,2321293312,3862687744,732082176,20,13644210176
1791661889.261,1542.378,indexer,1568747005,1224097729,344649275,12847976448,12908433408,1598443520,10914451456,8618835968,41923571712,29,13638901760
1791661889.261,1542.378,zebrad,162454892,139895149,22559742,2730516480,4375670784,394289152,2321293312,3862687744,732082176,20,13638901760
1791661890.261,1543.378,indexer,1568903735,1224225525,344678210,12860035072,12908433408,1598443520,10926473216,8630857728,41923571712,29,13650243584
1791661890.261,1543.378,zebrad,162460139,139900360,22559778,2730516480,4375670784,394289152,2321293312,3862687744,732082176,20,13650243584
1791661891.261,1544.378,indexer,1569076434,1224377012,344699422,12767199232,12908433408,1598443520,10836422656,8644608000,41923571712,29,13662158848
1791661891.261,1544.378,zebrad,162465732,139905869,22559862,2730504192,4375670784,394289152,2321293312,3862687744,732082176,20,13662158848
1791661892.261,1545.379,indexer,1569334201,1224592569,344741632,12787789824,12908433408,1598443520,10857099264,8665284608,41923571712,29,13657460736
1791661892.261,1545.379,zebrad,162471044,139910998,22560046,2730500096,4375670784,394289152,2321293312,3862687744,732082176,20,13657460736
1791661893.261,1546.379,indexer,1569581898,1224806330,344775568,12806807552,12908433408,1598443520,10875994112,8684179456,41923571712,29,13649731584
1791661893.261,1546.379,zebrad,162478193,139917127,22561066,2730233856,4375670784,394289152,2321293312,3862687744,732082176,20,13649731584
1791661894.261,1547.379,indexer,1569838824,1225014962,344823862,12826468352,12908433408,1598443520,10895638528,8703827968,41923571712,29,13651980288
1791661894.261,1547.379,zebrad,162485632,139924225,22561406,2730229760,4375670784,394289152,2321293312,3862687744,732082176,20,13651980288
1791661895.261,1548.379,indexer,1570098985,1225229654,344869331,12846911488,12908433408,1598443520,10916343808,8724533248,41923571712,29,13648609280
1791661895.261,1548.379,zebrad,162492961,139930231,22562729,2730225664,4375670784,394289152,2321293312,3862687744,732082176,20,13648609280
1791661896.261,1549.379,indexer,1570336279,1225434703,344901575,12866834432,12908433408,1598443520,10936086528,8744271872,41923571712,29,13653049344
1791661896.261,1549.379,zebrad,162498719,139935882,22562836,2730225664,4375670784,394289152,2321293312,3862687744,732082176,20,13653049344
1791661897.262,1550.379,indexer,1570528726,1225591618,344937107,12777496576,12908433408,1598443520,10847756288,8759934976,41923571712,29,13654470656
1791661897.262,1550.379,zebrad,162504505,139940838,22563667,2730225664,4375670784,394289152,2321293312,3862687744,732082176,20,13654470656
1791661898.262,1551.379,indexer,1570703325,1225736821,344966504,12790865920,12908433408,1598443520,10860990464,8773173248,41923571712,29,13659099136
1791661898.262,1551.379,zebrad,162509965,139946093,22563871,2730258432,4375670784,394289152,2321293312,3862687744,732082176,20,13659099136
1791661899.262,1552.379,indexer,1571008973,1225991558,345017415,12812623872,12908433408,1598443520,10882850816,8795033600,41923571712,29,13656752128
1791661899.262,1552.379,zebrad,162515920,139952048,22563871,2730516480,4375670784,394289152,2321293312,3862687744,732082176,20,13656752128
1791661900.262,1553.379,indexer,1571386052,1226338434,345047618,12830183424,12908433408,1598443520,10900520960,8812699648,41923571712,29,13649674240
1791661900.262,1553.379,zebrad,162521531,139957439,22564092,2730512384,4375670784,394289152,2321293312,3862687744,732082176,20,13649674240
1791661901.262,1554.379,indexer,1571669683,1226581250,345088432,12851154944,12908433408,1598443520,10921689088,8833867776,41923571712,29,13650984960
1791661901.262,1554.379,zebrad,162527205,139962020,22565185,2730512384,4375670784,394289152,2321293312,3862687744,732082176,20,13650984960
1791661902.262,1555.379,indexer,1572023540,1226910853,345112687,12868456448,12908433408,1598443520,10938810368,8850989056,41923575808,29,13658697728
1791661902.262,1555.379,zebrad,162533061,139967876,22565185,2730512384,4375670784,394289152,2321293312,3862687744,732082176,20,13658697728
1791661903.262,1556.379,indexer,1572367350,1227196431,345170918,12857442304,12908433408,1598443520,10926919680,8869945344,41923575808,29,13662883840
1791661903.262,1556.379,zebrad,162539081,139973896,22565185,2730508288,4375670784,394289152,2321293312,3862687744,732082176,20,13662883840
1791661904.262,1557.380,indexer,1572753465,1227543287,345210178,12799303680,12908433408,1598443520,10869628928,8885821440,41923575808,29,13658923008
1791661904.262,1557.380,zebrad,162544931,139978919,22566011,2730508288,4375670784,394289152,2321293312,3862687744,732082176,20,13658923008
1791661905.262,1558.380,indexer,1573062457,1227809303,345253154,12819484672,12908433408,1598443520,10889670656,8905859072,41923575808,29,13651075072
1791661905.262,1558.380,zebrad,162550744,139984480,22566264,2730508288,4375670784,394289152,2321293312,3862687744,732082176,20,13651075072
1791661906.262,1559.380,indexer,1573347862,1228049476,345298385,12838359040,12908433408,1598443520,10908721152,8924909568,41923575808,29,13646209024
1791661906.262,1559.380,zebrad,162556292,139989811,22566480,2730233856,4375670784,394289152,2321293312,3862687744,732082176,20,13646209024
1791661907.262,1560.380,indexer,1573615206,1228282264,345332941,12856180736,12908433408,1598443520,10926706688,8942895104,41923575808,29,13635944448
1791661907.262,1560.380,zebrad,162561815,139994401,22567414,2730229760,4375670784,394289152,2321293312,3862687744,732082176,20,13635944448
1791661908.262,1561.380,indexer,1573873139,1228502261,345370877,12768780288,12908433408,1598443520,10840416256,8960507904,41923575808,29,13649489920
1791661908.262,1561.380,zebrad,162567358,139999728,22567629,2730229760,4375670784,394289152,2321293312,3862687744,732082176,20,13649489920
1791661909.263,1562.380,indexer,1574130583,1228727864,345402719,12783456256,12908433408,1598443520,10854916096,8975007744,41923575808,29,13653430272
1791661909.263,1562.380,zebrad,162573260,140003924,22569336,2730225664,4375670784,394289152,2321293312,3862687744,732082176,20,13653430272
1791661910.263,1563.380,indexer,1574374032,1228938411,345435620,12799447040,12908433408,1598443520,10870800384,8990892032,41923575808,29,13653139456
1791661910.263,1563.380,zebrad,162579202,140008874,22570328,2730225664,4375670784,394289152,2321293312,3862687744,732082176,20,13653139456
1791661911.263,1564.380,indexer,1574635339,1229167697,345467641,12815958016,12908433408,1598443520,10887307264,9007398912,41923575808,29,13647806464
1791661911.263,1564.380,zebrad,162584986,140014409,22570577,2730221568,4375670784,394289152,2321293312,3862687744,732082176,20,13647806464
1791661912.263,1565.380,indexer,1574869096,1229380254,345488842,12831162368,12908433408,1598443520,10902552576,9022644224,41923575808,29,13650944000
1791661912.263,1565.380,zebrad,162590427,140019850,22570577,2730221568,4375670784,394289152,2321293312,3862687744,732082176,20,13650944000
1791661913.263,1566.380,indexer,1574989181,1229483192,345505989,12839424000,12908433408,1598443520,10910740480,9030832128,41923575808,29,13653598208
1791661913.263,1566.380,zebrad,162596416,140025839,22570577,2730221568,4375670784,394289152,2321293312,3862687744,732082176,20,13653598208
1791661914.263,1567.381,indexer,1575047484,1229532876,345514607,12842893312,12908433408,1598443520,10914123776,9034215424,41923575808,29,13652586496
1791661914.263,1567.381,zebrad,162602184,140029856,22572328,2730217472,4375670784,394289152,2321293312,3862687744,732082176,20,13652586496
1791661915.263,1568.381,indexer,1575130404,1229599376,345531028,12848128000,12908433408,1598443520,10919301120,9039396864,41923575808,29,13653790720
1791661915.263,1568.381,zebrad,162608103,140035774,22572328,2730217472,4375670784,394289152,2321293312,3862687744,732082176,20,13653790720
1791661916.263,1569.381,indexer,1575244518,1229696697,345547821,12855730176,12908433408,1598443520,10926886912,9046982656,41923575808,29,13645799424
1791661916.263,1569.381,zebrad,162613738,140041191,22572546,2730217472,4375670784,394289152,2321293312,3862687744,732082176,20,13645799424
1791661917.263,1570.381,indexer,1575526890,1229946036,345580853,12768276480,12908433408,1598443520,10842062848,9066082304,41923575808,29,13645389824
1791661917.263,1570.381,zebrad,162619723,140047176,22572546,2730213376,4375670784,394289152,2321293312,3862687744,732082176,20,13645389824
1791661918.264,1571.381,indexer,1575798585,1230176693,345621892,12786880512,12908433408,1598443520,10860572672,9084592128,41923575808,29,13641383936
1791661918.264,1571.381,zebrad,162625556,140052892,22572663,2730627072,4375670784,394289152,2321293312,3862687744,732082176,20,13641383936
1791661919.264,1572.381,indexer,1576055812,1230398819,345656993,12803133440,12908433408,1598443520,10876612608,9100636160,41923575808,29,13632954368
1791661919.264,1572.381,zebrad,162631067,140058403,22572663,2730614784,4375670784,394289152,2321293312,3862687744,732082176,20,13632954368
1791661920.264,1573.381,indexer,1576318217,1230614278,345703939,12822794240,12908433408,1598443520,10896224256,9120243712,41923575808,29,13643194368
1791661920.264,1573.381,zebrad,162637038,140062447,22574591,2730602496,4375670784,394289152,2321293312,3862687744,732082176,20,13643194368
1791661921.264,1574.381,indexer,1576554193,1230813548,345740645,12838522880,12908433408,1598443520,10912219136,9136238592,41923575808,29,13644619776
1791661921.264,1574.381,zebrad,162642519,140067860,22574659,2730336256,4375670784,394289152,2321293312,3862687744,732082176,20,13644619776
1791661922.264,1575.381,indexer,1576789889,1231024655,345765233,12853989376,12908433408,1598443520,10927824896,9151844352,41923575808,29,13640740864
1791661922.264,1575.381,zebrad,162647913,140072199,22575713,2730332160,4375670784,394289152,2321293312,3862687744,732082176,20,13640740864
1791661923.264,1576.381,indexer,1576963841,1231175058,345788782,12865257472,12908433408,1598443520,10938896384,9162915840,41923575808,29,13643763712
1791661923.264,1576.381,zebrad,162653461,140077532,22575929,2730590208,4375670784,394289152,2321293312,3862687744,732082176,20,13643763712
1791661924.264,1577.381,indexer,1577097483,1231286613,345810869,12766760960,12908433408,1598443520,10843353088,9171329024,41923575808,29,13657968640
1791661924.264,1577.381,zebrad,162660678,140083580,22577098,2730328064,4375670784,394289152,2321293312,3862687744,732082176,20,13657968640
1791661925.264,1578.382,indexer,1577159216,1231340061,345819154,12770426880,12908433408,1598443520,10847072256,9175048192,41923575808,29,13658836992
1791661925.264,1578.382,zebrad,162665846,140088747,22577098,2730323968,4375670784,394289152,2321293312,3862687744,732082176,20,13658836992
1791661926.264,1579.382,indexer,1577362601,1231511810,345850791,12783796224,12908433408,1598443520,10860224512,9188200448,41923575808,29,13655175168
1791661926.264,1579.382,zebrad,162671286,140092964,22578321,2730582016,4375670784,394289152,2321293312,3862687744,732082176,20,13655175168
1791661927.264,1580.382,indexer,1577600744,1231708699,345892045,12802666496,12908433408,1598443520,10878881792,9206857728,41923575808,29,13658599424
1791661927.264,1580.382,zebrad,162677171,140098849,22578321,2730573824,4375670784,394289152,2321293312,3862687744,732082176,20,13658599424
1791661928.265,1581.382,indexer,1577881814,1231943454,345938360,12822327296,12908433408,1598443520,10898903040,9226883072,41923575808,29,13652631552
1791661928.265,1581.382,zebrad,162682630,140104119,22578511,2730102784,4375670784,394289152,2321293312,3862687744,732082176,20,13652631552
1791661929.265,1582.382,indexer,1578153149,1232177681,345975468,12840939520,12908433408,1598443520,10917220352,9245200384,41923575808,29,13656895488
1791661929.265,1582.382,zebrad,162688644,140109852,22578792,2730364928,4375670784,394289152,2321293312,3862687744,732082176,20,13656895488
1791661930.265,1583.382,indexer,1578418954,1232409678,346009276,12858765312,12908433408,1598443520,10935107584,9263083520,41923575808,29,13660545024
1791661930.265,1583.382,zebrad,162694300,140115507,22578792,2730360832,4375670784,394289152,2321293312,3862687744,732082176,20,13660545024
1791661931.265,1584.382,indexer,1578614402,1232579564,346034838,12872130560,12908433408,1598443520,10948362240,9276338176,41923575808,29,13651701760
1791661931.265,1584.382,zebrad,162699971,140119135,22580836,2730356736,4375670784,394289152,2321293312,3862687744,732082176,20,13651701760
1791661932.265,1585.382,indexer,1578716284,1232669015,346047269,12878946304,12908433408,1598443520,10955083776,9283059712,41923575808,29,13653164032
1791661932.265,1585.382,zebrad,162705907,140123220,22582686,2730352640,4375670784,394289152,2321293312,3862687744,732082176,20,13653164032
1791661933.265,1586.382,indexer,1578885171,1232816002,346069169,12783067136,12908433408,1598443520,10862256128,9294188544,41923575808,29,13654167552
1791661933.265,1586.382,zebrad,162711381,140127491,22583890,2730348544,4375670784,394289152,2321293312,3862687744,732082176,20,13654167552
1791661934.265,1587.383,indexer,1579000164,1232918676,346081488,12790407168,12908433408,1598443520,10869555200,9301487616,41923579904,29,13653528576
1791661934.265,1587.383,zebrad,162717154,140133016,22584137,2730344448,4375670784,394289152,2321293312,3862687744,732082176,20,13653528576
1791661935.265,1588.383,indexer,1579121838,1233027261,346094576,12798529536,12908433408,1598443520,10877616128,9309548544,41923579904,29,13653565440
1791661935.265,1588.383,zebrad,162722468,140138146,22584321,2730344448,4375670784,394289152,2321293312,3862687744,732082176,20,13653565440
1791661936.265,1589.383,indexer,1579250380,1233137238,346113141,12806918144,12908433408,1598443520,10886017024,9317949440,41923579904,29,13656870912
1791661936.265,1589.383,zebrad,162727670,140143349,22584321,2730332160,4375670784,394289152,2321293312,3862687744,732082176,20,13656870912
1791661937.265,1590.383,indexer,1579404904,1233268677,346136227,12816875520,12908433408,1598443520,10896203776,9328136192,41923579904,29,13654253568
1791661937.265,1590.383,zebrad,162733718,140148361,22585356,2730328064,4375670784,394289152,2321293312,3862687744,732082176,20,13654253568
1791661938.266,1591.383,indexer,1579618362,1233455581,346162780,12831293440,12908433408,1598443520,10910507008,9342439424,41923579904,29,13650165760
1791661938.266,1591.383,zebrad,162739223,140153074,22586149,2730061824,4375670784,394289152,2321293312,3862687744,732082176,20,13650165760
1791661939.266,1592.383,indexer,1579769305,1233583527,346185777,12842299392,12908433408,1598443520,10921414656,9353347072,41923579904,29,13651136512
1791661939.266,1592.383,zebrad,162745020,140158871,22586149,2730323968,4375670784,394289152,2321293312,3862687744,732082176,20,13651136512
1791661940.266,1593.383,indexer,1579909726,1233697693,346212033,12852523008,12908433408,1598443520,10931875840,9363808256,41923579904,29,13650354176
1791661940.266,1593.383,zebrad,162752795,140165841,22586953,2730319872,4375670784,394289152,2321293312,3862687744,732082176,20,13650354176
1791661941.266,1594.383,indexer,1580059929,1233818569,346241359,12864319488,12908433408,1598443520,10943602688,9375535104,41923579904,29,13649403904
1791661941.266,1594.383,zebrad,162758641,140171292,22587349,2730315776,4375670784,394289152,2321293312,3862687744,732082176,20,13649403904
1791661942.266,1595.383,indexer,1580227309,1233950786,346276523,12877426688,12908433408,1598443520,10956652544,9388584960,41923579904,29,13654593536
1791661942.266,1595.383,zebrad,162764131,140176574,22587557,2730573824,4375670784,394289152,2321293312,3862687744,732082176,20,13654593536
1791661943.266,1596.383,indexer,1580472032,1234153944,346318088,12832215040,12908433408,1598443520,10913181696,9407336448,41923579904,29,13652414464
1791661943.266,1596.383,zebrad,162769882,140181637,22588245,2688892928,4375670784,394289152,2279612416,3862687744,732082176,20,13652414464
1791661944.266,1597.383,indexer,1580732798,1234378570,346354228,12852137984,12908433408,1598443520,10933157888,9427312640,41923579904,29,13646557184
1791661944.266,1597.383,zebrad,162775832,140187315,22588517,2688892928,4375670784,394289152,2279612416,3862687744,732082176,20,13646557184
1791661945.266,1598.384,indexer,1580998915,1234611837,346387078,12872056832,12908433408,1598443520,10953170944,9447325696,41923579904,29,13638082560
1791661945.266,1598.384,zebrad,162781394,140192076,22589317,2688917504,4375670784,394289152,2279612416,3862687744,732082176,20,13638082560
1791661946.266,1599.384,indexer,1581151809,1234757235,346394573,12882280448,12908433408,1598443520,10963304448,9457459200,41923579904,29,13639921664
1791661946.266,1599.384,zebrad,162787312,140197727,22589584,2688913408,4375670784,394289152,2279612416,3862687744,732082176,20,13639921664
1791661947.266,1600.384,indexer,1581288487,1234866725,346421762,12892241920,12908433408,1598443520,10973171712,9467330560,41923579904,29,13649678336
1791661947.266,1600.384,zebrad,162792785,140201414,22591370,2688905216,4375670784,394289152,2279612416,3862687744,732082176,20,13649678336
1791661948.266,1601.384,indexer,1581360049,1234923457,346436591,12897746944,12908433408,1598443520,10978443264,9472598016,41923579904,29,13651042304
1791661948.266,1601.384,zebrad,162798479,140206289,22592189,2688905216,4375670784,394289152,2279612416,3862687744,732082176,20,13651042304
1791661949.267,1602.384,indexer,1581561639,1235106110,346455528,12906659840,12908433408,1598443520,10987487232,9481646080,41923579904,29,13653323776
1791661949.267,1602.384,zebrad,162804224,140211930,22592294,2688905216,4375670784,394289152,2279612416,3862687744,732082176,20,13653323776
1791661950.267,1603.384,indexer,1581648055,1235184600,346463455,12913475584,12913475584,1598443520,10994286592,9488441344,41923579904,29,13656068096
1791661950.267,1603.384,zebrad,162809527,140216192,22593335,2688659456,4375670784,394289152,2279612416,3862687744,732082176,20,13656068096
1791661951.267,1604.384,indexer,1581901247,1235409184,346492063,12821143552,12921077760,1598443520,10904420352,9502408704,41923579904,29,13655875584
1791661951.267,1604.384,zebrad,162815597,140222262,22593335,2688401408,4375670784,394289152,2279612416,3862687744,732082176,20,13655875584
1791661952.267,1605.384,indexer,1582180268,1235659077,346521191,12832940032,12921077760,1598443520,10916040704,9514024960,41923579904,29,13653893120
1791661952.267,1605.384,zebrad,162821017,140227610,22593406,2688659456,4375670784,394289152,2279612416,3862687744,732082176,20,13653893120
1791661953.267,1606.384,indexer,1582697607,1236156718,346540888,12844994560,12921077760,1598443520,10928320512,9526304768,41923579904,29,13644713984
1791661953.267,1606.384,zebrad,162826521,140233114,22593406,2688655360,4375670784,394289152,2279612416,3862687744,732082176,20,13644713984
1791661954.267,1607.384,indexer,1583388989,1236836019,346552969,12854431744,12921077760,1598443520,10937507840,9535496192,41923579904,29,13646589952
1791661954.267,1607.384,zebrad,162834229,140240789,22593440,2688651264,4375670784,394289152,2279612416,3862687744,732082176,20,13646589952
1791661955.267,1608.385,indexer,1584300431,1237747461,346552969,12821659648,12921077760,1562787840,10940477440,9538461696,41923579904,29,13670694912
1791661955.267,1608.385,zebrad,162840228,140246647,22593580,2688651264,4375670784,394289152,2279612416,3862687744,732082176,20,13670694912
1791661956.267,1609.385,indexer,1584474878,1237921908,346552969,12821659648,12921077760,1562787840,10940477440,9538461696,41925115904,29,13670731776
1791661956.267,1609.385,zebrad,162846094,140252392,22593701,2688651264,4375670784,394289152,2279612416,3862687744,732082176,20,13670731776
1791661957.267,1610.385,indexer,1584478758,1237925536,346553221,12821655552,12921077760,1562787840,10940477440,9538461696,41925115904,29,13670051840
1791661957.267,1610.385,zebrad,162851425,140256540,22594885,2688647168,4375670784,394289152,2279612416,3862687744,732082176,20,13670051840
1791661958.268,1611.385,indexer,1584481770,1237928548,346553221,12821655552,12921077760,1562787840,10940477440,9538461696,41925115904,29,13670051840
1791661958.268,1611.385,zebrad,162856771,140259841,22596930,2688647168,4375670784,394289152,2279612416,3862687744,732082176,20,13670051840
1791661959.268,1612.385,indexer,1584488703,1237934331,346554372,12821651456,12921077760,1562787840,10940477440,9538506752,41925115904,29,13669871616
1791661959.268,1612.385,zebrad,162862575,140265645,22596930,2688647168,4375670784,394289152,2279612416,3862687744,732082176,20,13669871616
1791661960.268,1613.385,indexer,1584492206,1237937762,346554444,12821651456,12921077760,1562787840,10940522496,9538506752,41925115904,29,13669646336
1791661960.268,1613.385,zebrad,162868021,140271090,22596930,2688647168,4375670784,394289152,2279612416,3862687744,732082176,20,13669646336
1791661961.268,1614.385,indexer,1584496133,1237940102,346556030,12821647360,12921077760,1562787840,10940522496,9538506752,41925115904,29,13669400576
1791661961.268,1614.385,zebrad,162873405,140276076,22597329,2688643072,4375670784,394289152,2279612416,3862687744,732082176,20,13669400576
1791661962.268,1615.385,indexer,1584499923,1237942931,346556992,12821909504,12921077760,1562886144,10940522496,9538506752,41925115904,29,13669400576
1791661962.268,1615.385,zebrad,162878844,140281314,22597529,2688643072,4375670784,394289152,2279612416,3862687744,732082176,20,13669400576
1791661963.268,1616.386,indexer,1584503481,1237944289,346559191,12821901312,12921077760,1562886144,10940522496,9538506752,41925115904,29,13669412864
1791661963.268,1616.386,zebrad,162884694,140287164,22597529,2688671744,4375670784,394289152,2279612416,3862687744,732082176,20,13669412864
1791661964.268,1617.386,indexer,1584509632,1237950440,346559191,12821901312,12921077760,1562886144,10940522496,9538506752,41925115904,29,13668810752
1791661964.268,1617.386,zebrad,162890237,140291652,22598585,2688667648,4375670784,394289152,2279612416,3862687744,732082176,20,13668810752
1791661965.268,1618.386,indexer,1584513490,1237952307,346561183,12821680128,12921077760,1562886144,10940522496,9538506752,41925115904,29,13668638720
1791661965.268,1618.386,zebrad,162895470,140296884,22598585,2688909312,4375670784,394289152,2279612416,3862687744,732082176,20,13668638720
1791661966.269,1619.386,indexer,1584516780,1237954051,346562729,12821942272,12921077760,1562886144,10940522496,9538506752,41925120000,29,13668663296
1791661966.269,1619.386,zebrad,162900707,140302121,22598585,2688901120,4375670784,394289152,2279612416,3862687744,732082176,20,13668663296
1791661967.269,1620.386,indexer,1584520242,1237955929,346564312,12821938176,12921077760,1562886144,10940522496,9538506752,41925120000,29,13668433920
1791661967.269,1620.386,zebrad,162905904,140306639,22599265,2688892928,4375670784,394289152,2279612416,3862687744,732082176,20,13668433920
1791661968.269,1621.386,indexer,1584522981,1237958668,346564312,12821901312,12921077760,1562984448,10940522496,9538506752,41925120000,29,13668433920
1791661968.269,1621.386,zebrad,162912023,140311603,22600419,2688921600,4375670784,394289152,2279612416,3862687744,732082176,20,13668433920
1791661969.269,1622.386,indexer,1584529726,1237964132,346565594,12822421504,12921077760,1562984448,10940522496,9538506752,41925120000,29,13668433920
1791661969.269,1622.386,zebrad,162917397,140316924,22600472,2688659456,4375670784,394289152,2279612416,3862687744,732082176,20,13668433920
1791661970.269,1623.386,indexer,1584532802,1237965708,346567093,12822421504,12921077760,1563086848,10940522496,9538506752,41925120000,29,13668433920
1791661970.269,1623.386,zebrad,162922870,140322397,22600472,2688655360,4375670784,394289152,2279612416,3862687744,732082176,20,13668433920
1791661971.269,1624.387,indexer,1584535858,1237968559,346567299,12822417408,12921077760,1563086848,10940522496,9538506752,41925120000,29,13668466688
1791661971.269,1624.387,zebrad,162928481,140327272,22601208,2688655360,4375670784,394289152,2279612416,3862687744,732082176,20,13668466688
1791661972.269,1625.387,indexer,1584538736,1237969981,346568754,12822417408,12921077760,1563086848,10940522496,9538506752,41925120000,29,13668466688
1791661972.269,1625.387,zebrad,162933672,140330439,22603232,2688389120,4375670784,394289152,2279612416,3862687744,732082176,20,13668466688
1791661973.269,1626.387,indexer,1584542136,1237972505,346569630,12822413312,12921077760,1563086848,10940522496,9538506752,41925120000,29,13668270080
1791661973.269,1626.387,zebrad,162939120,140334687,22604432,2688651264,4375670784,394289152,2279612416,3862687744,732082176,20,13668270080
1791661974.269,1627.387,indexer,1584547743,1237977579,346570163,12822163456,12921077760,1563086848,10940522496,9538506752,41925120000,29,13667966976
1791661974.269,1627.387,zebrad,162944612,140338391,22606221,2688651264,4375670784,394289152,2279612416,3862687744,732082176,20,13667966976
1791661975.270,1628.387,indexer,1584550995,1237980352,346570643,12822458368,12921077760,1563086848,10940522496,9538506752,41925120000,29,13667971072
1791661975.270,1628.387,zebrad,162950126,140343905,22606221,2688659456,4375670784,394289152,2279612416,3862687744,732082176,20,13667971072
1791661976.270,1629.387,indexer,1584553686,1237981628,346572058,12822454272,12921077760,1563086848,10940522496,9538506752,41925120000,29,13667971072
1791661976.270,1629.387,zebrad,162955449,140348249,22607199,2688655360,4375670784,394289152,2279612416,3862687744,732082176,20,13667971072
1791661977.270,1630.387,indexer,1584557160,1237984210,346572950,12822454272,12921077760,1563090944,10940522496,9538506752,41925120000,29,13667983360
1791661977.270,1630.387,zebrad,162961100,140352950,22608150,2688651264,4375670784,394289152,2279612416,3862687744,732082176,20,13667983360
1791661978.270,1631.387,indexer,1584559717,1237985381,346574336,12822441984,12921077760,1563090944,10940522496,9538506752,41925120000,29,13667983360
1791661978.270,1631.387,zebrad,162966387,140357918,22608469,2688651264,4375670784,394289152,2279612416,3862687744,732082176,20,13667983360
1791661979.270,1632.387,indexer,1584565929,1237990101,346575827,12822429696,12921077760,1563189248,10940522496,9538506752,41925120000,29,13667983360
1791661979.270,1632.387,zebrad,162971765,140362382,22609382,2688651264,4375670784,394289152,2279612416,3862687744,732082176,20,13667983360
1791661980.270,1633.387,indexer,1584568706,1237990618,346578087,12822425600,12921077760,1563189248,10940522496,9538506752,41925120000,29,13667991552
1791661980.270,1633.387,zebrad,162976944,140365678,22611266,2688643072,4375670784,394289152,2279612416,3862687744,732082176,20,13667991552
1791661981.270,1634.388,indexer,1584571879,1237993792,346578087,12822421504,12921077760,1563287552,10940522496,9538506752,41925120000,29,13668003840
1791661981.270,1634.388,zebrad,162982245,140370797,22611447,2688638976,4375670784,394289152,2279612416,3862687744,732082176,20,13668003840
1791661982.270,1635.388,indexer,1584574806,1237996719,346578087,12822417408,12921077760,1563287552,10940522496,9538506752,41925120000,29,13668003840
1791661982.270,1635.388,zebrad,162987697,140376185,22611511,2688638976,4375670784,394289152,2279612416,3862687744,732082176,20,13668003840
1791661983.270,1636.388,indexer,1584578057,1237997891,346580166,12822413312,12921077760,1563287552,10940522496,9538506752,41925120000,29,13668007936
1791661983.270,1636.388,zebrad,162993116,140380685,22612430,2688638976,4375670784,394289152,2279612416,3862687744,732082176,20,13668007936
1791661984.270,1637.388,indexer,1584583839,1238002507,346581331,12822413312,12921077760,1563287552,10940522496,9538506752,41925120000,29,13668007936
1791661984.270,1637.388,zebrad,163000453,140387973,22612479,2688634880,4375670784,394289152,2279612416,3862687744,732082176,20,13668007936
1791661985.271,1638.388,indexer,1584587221,1238005843,346581377,12822409216,12921077760,1563291648,10940522496,9538506752,41925120000,29,13668007936
1791661985.271,1638.388,zebrad,163005814,140392285,22613529,2688634880,4375670784,394289152,2279612416,3862687744,732082176,20,13668007936
1791661986.271,1639.388,indexer,1584589764,1238007830,346581933,12822409216,12921077760,1563291648,10940522496,9538506752,41925120000,29,13668012032
1791661986.271,1639.388,zebrad,163011276,140397746,22613529,2688630784,4375670784,394289152,2279612416,3862687744,732082176,20,13668012032
1791661987.271,1640.388,indexer,1584593095,1238009838,346583257,12822405120,12921077760,1563291648,10940522496,9538506752,41925120000,29,13668012032
1791661987.271,1640.388,zebrad,163016724,140403195,22613529,2688630784,4375670784,394289152,2279612416,3862687744,732082176,20,13668012032
1791661988.271,1641.388,indexer,1584595808,1238010304,346585503,12822507520,12921077760,1563291648,10940522496,9538506752,41925120000,29,13668012032
1791661988.271,1641.388,zebrad,163021977,140407117,22614860,2688622592,4375670784,394289152,2279612416,3862687744,732082176,20,13668012032
1791661989.271,1642.388,indexer,1584601915,1238015406,346586509,12822245376,12921077760,1563389952,10940522496,9538506752,41925120000,29,13668012032
1791661989.271,1642.388,zebrad,163027823,140412429,22615394,2688622592,4375670784,394289152,2279612416,3862687744,732082176,20,13668012032
1791661990.271,1643.388,indexer,1584604745,1238018080,346586665,12822245376,12921077760,1563389952,10940522496,9538506752,41925120000,29,13668012032
1791661990.271,1643.388,zebrad,163032901,140416358,22616542,2688622592,4375670784,394289152,2279612416,3862687744,732082176,20,13668012032
1791661991.271,1644.389,indexer,1584608219,1238020199,346588020,12822241280,12921077760,1563389952,10940522496,9538506752,41925120000,29,13668012032
1791661991.271,1644.389,zebrad,163038340,140419877,22618462,2688622592,4375670784,394289152,2279612416,3862687744,732082176,20,13668012032
1791661992.271,1645.389,indexer,1584611256,1238022439,346588817,12822241280,12921077760,1563389952,10940522496,9538506752,41925120000,29,13668012032
1791661992.271,1645.389,zebrad,163043424,140423673,22619750,2688618496,4375670784,394289152,2279612416,3862687744,732082176,20,13668012032
1791661993.271,1646.389,indexer,1584614457,1238025403,346589054,12822237184,12921077760,1563389952,10940522496,9538506752,41925120000,29,13667807232
1791661993.271,1646.389,zebrad,163048710,140427782,22620927,2688618496,4375670784,394289152,2279612416,3862687744,732082176,20,13667807232
1791661994.271,1647.389,indexer,1584620080,1238030721,346589358,12822237184,12921077760,1563389952,10940522496,9538506752,41925120000,29,13667807232
1791661994.271,1647.389,zebrad,163054090,140432387,22621703,2688614400,4375670784,394289152,2279612416,3862687744,732082176,20,13667807232
1791661995.272,1648.389,indexer,1584623346,1238032446,346590899,12822204416,12921077760,1563389952,10940522496,9538506752,41925120000,29,13667807232
1791661995.272,1648.389,zebrad,163059265,140437562,22621703,2688610304,4375670784,394289152,2279612416,3862687744,732082176,20,13667807232
1791661996.272,1649.389,indexer,1584626265,1238035190,346591075,12822466560,12921077760,1563389952,10940522496,9538506752,41925120000,29,13667807232
1791661996.272,1649.389,zebrad,163064675,140442972,22621703,2688606208,4375670784,394289152,2279612416,3862687744,732082176,20,13667807232
1791661997.272,1650.389,indexer,1584629707,1238038342,346591365,12822458368,12921077760,1563389952,10940522496,9538506752,41925124096,29,13667807232
1791661997.272,1650.389,zebrad,163069877,140447616,22622260,2688602112,4375670784,394289152,2279612416,3862687744,732082176,20,13667807232
1791661998.272,1651.389,indexer,1584632501,1238038871,346593629,12822458368,12921077760,1563389952,10940522496,9538506752,41925124096,29,13667807232
1791661998.272,1651.389,zebrad,163075428,140453089,22622338,2688602112,4375670784,394289152,2279612416,3862687744,732082176,20,13667807232
1791661999.272,1652.389,indexer,1584638337,1238043894,346594443,12822450176,12921077760,1563389952,10940522496,9538506752,41925124096,29,13667840000
1791661999.272,1652.389,zebrad,163081213,140458874,22622338,2688598016,4375670784,394289152,2279612416,3862687744,732082176,20,13667840000
1791662000.272,1653.389,indexer,1584641080,1238046268,346594811,12822446080,12921077760,1563389952,10940522496,9538506752,41925124096,29,13667840000
1791662000.272,1653.389,zebrad,163086334,140463867,22622467,2688589824,4375670784,394289152,2279612416,3862687744,732082176,20,13667840000
1791662001.272,1654.390,indexer,1584644431,1238049117,346595313,12822433792,12921077760,1563389952,10940522496,9538506752,41925124096,29,13667840000
1791662001.272,1654.390,zebrad,163091726,140468343,22623382,2688589824,4375670784,394289152,2279612416,3862687744,732082176,20,13667840000
1791662002.272,1655.390,indexer,1584647405,1238052092,346595313,12822691840,12921077760,1563389952,10940522496,9538506752,41925124096,29,13667840000
1791662002.272,1655.390,zebrad,163096967,140472828,22624138,2688585728,4375670784,394289152,2279612416,3862687744,732082176,20,13667840000
1791662003.272,1656.390,indexer,1584650828,1238055514,346595313,12822683648,12921077760,1563389952,10940522496,9538506752,41925124096,29,13667840000
1791662003.272,1656.390,zebrad,163102635,140478497,22624138,2688585728,4375670784,394289152,2279612416,3862687744,732082176,20,13667840000
1791662004.272,1657.390,indexer,1584656368,1238060163,346596205,12822679552,12921077760,1563389952,10940522496,9538506752,41925124096,29,13667864576
1791662004.272,1657.390,zebrad,163108213,140484074,22624138,2688585728,4375670784,394289152,2279612416,3862687744,732082176,20,13667864576
1791662005.273,1658.390,indexer,1584659618,1238062569,346597048,12822671360,12921077760,1563389952,10940522496,9538506752,41925124096,29,13667864576
1791662005.273,1658.390,zebrad,163113379,140488457,22624921,2688585728,4375670784,394289152,2279612416,3862687744,732082176,20,13667864576
1791662006.273,1659.390,indexer,1584662234,1238064018,346598215,12822667264,12921077760,1563389952,10940522496,9538506752,41925124096,29,13667876864
1791662006.273,1659.390,zebrad,163118822,140492840,22625982,2688585728,4375670784,394289152,2279612416,3862687744,732082176,20,13667876864
1791662007.273,1660.390,indexer,1584665449,1238067233,346598215,12822663168,12921077760,1563389952,10940522496,9538506752,41925124096,29,13667876864
1791662007.273,1660.390,zebrad,163124176,140497867,22626309,2688585728,4375670784,394289152,2279612416,3862687744,732082176,20,13667876864
1791662008.273,1661.390,indexer,1584667925,1238069622,346598303,12822663168,12921077760,1563484160,10940522496,9538506752,41925124096,29,13667876864
1791662008.273,1661.390,zebrad,163129835,140503294,22626540,2688315392,4375670784,394289152,2279612416,3862687744,732082176,20,13667876864
1791662009.273,1662.390,indexer,1584673935,1238074879,346599056,12822659072,12921077760,1563484160,10940522496,9538506752,41925124096,29,13667876864
1791662009.273,1662.390,zebrad,163135323,140508298,22627025,2688385024,4375670784,394289152,2279612416,3862687744,732082176,20,13667876864
1791662010.273,1663.390,indexer,1584676723,1238076462,346600261,12822659072,12921077760,1563484160,10940522496,9538506752,41925124096,29,13667885056
1791662010.273,1663.390,zebrad,163140737,140513238,22627499,2688643072,4375670784,394289152,2279612416,3862687744,732082176,20,13667885056
1791662011.273,1664.391,indexer,1584680167,1238079615,346600551,12822654976,12921077760,1563484160,10940522496,9538506752,41925124096,29,13667889152
1791662011.273,1664.391,zebrad,163146094,140517546,22628548,2688638976,4375670784,394289152,2279612416,3862687744,732082176,20,13667889152
1791662012.273,1665.391,indexer,1584683012,1238082461,346600551,12822458368,12921077760,1563484160,10940522496,9538506752,41925124096,29,13667901440
1791662012.273,1665.391,zebrad,163151353,140521908,22629445,2688643072,4375670784,394289152,2279612416,3862687744,732082176,20,13667901440
1791662013.273,1666.391,indexer,1584686413,1238085057,346601355,12822708224,12921077760,1563484160,10940522496,9538506752,41925124096,29,13667901440
1791662013.273,1666.391,zebrad,163156672,140525047,22631625,2688634880,4375670784,394289152,2279612416,3862687744,732082176,20,13667901440
1791662014.273,1667.391,indexer,1584692187,1238090493,346601693,12822487040,12921077760,1563484160,10940522496,9538506752,41925124096,29,13675827200
1791662014.273,1667.391,zebrad,163163763,140530987,22632776,2688634880,4375670784,394289152,2279612416,3862687744,732082176,20,13675827200
1791662015.273,1668.391,indexer,1584695599,1238093905,346601693,12822740992,12921077760,1563484160,10940522496,9538506752,41925124096,29,13675827200
1791662015.273,1668.391,zebrad,163169638,140536861,22632776,2688360448,4375670784,394289152,2279612416,3862687744,732082176,20,13675827200
1791662016.274,1669.391,indexer,1584698452,1238096759,346601693,12822732800,12921077760,1563484160,10940522496,9538506752,41925124096,29,13675827200
1791662016.274,1669.391,zebrad,163175054,140541375,22633679,2688360448,4375670784,394289152,2279612416,3862687744,732082176,20,13675827200
1791662017.274,1670.391,indexer,1584702019,1238099564,346602455,12822720512,12921077760,1563484160,10940522496,9538506752,41925124096,29,13675827200
1791662017.274,1670.391,zebrad,163180575,140544965,22635610,2688356352,4375670784,394289152,2279612416,3862687744,732082176,20,13675827200
1791662018.274,1671.391,indexer,1584704800,1238099564,346605236,12822716416,12921077760,1563484160,10940522496,9538506752,41925124096,29,13675589632
1791662018.274,1671.391,zebrad,163186241,140550630,22635610,2688208896,4375670784,394289152,2279612416,3862687744,732082176,20,13675589632
1791662019.274,1672.391,indexer,1584710711,1238105032,346605679,12822716416,12921077760,1563484160,10940522496,9538506752,41925124096,29,13675589632
1791662019.274,1672.391,zebrad,163191827,140555181,22636646,2688208896,4375670784,394289152,2279612416,3862687744,732082176,20,13675589632
1791662020.274,1673.391,indexer,1584713756,1238107642,346606113,12822716416,12921077760,1563488256,10940522496,9538506752,41925124096,29,13675593728
1791662020.274,1673.391,zebrad,163197361,140560714,22636646,2688471040,4375670784,394289152,2279612416,3862687744,732082176,20,13675593728
1791662021.274,1674.391,indexer,1584717078,1238110700,346606377,12822712320,12921077760,1563488256,10940522496,9538506752,41925124096,29,13675593728
1791662021.274,1674.391,zebrad,163202569,140565923,22636646,2688466944,4375670784,394289152,2279612416,3862687744,732082176,20,13675593728
1791662022.274,1675.392,indexer,1584720046,1238113668,346606377,12822712320,12921077760,1563488256,10940522496,9538506752,41925124096,29,13675593728
1791662022.274,1675.392,zebrad,163207785,140571139,22636646,2688466944,4375670784,394289152,2279612416,3862687744,732082176,20,13675593728
1791662023.274,1676.392,indexer,1584723282,1238116904,346606377,12822708224,12921077760,1563488256,10940522496,9538506752,41925124096,29,13675593728
1791662023.274,1676.392,zebrad,163213131,140576437,22636694,2688466944,4375670784,394289152,2279612416,3862687744,732082176,20,13675593728
1791662024.274,1677.392,indexer,1584728875,1238122498,346606377,12822708224,12921077760,1563488256,10940522496,9538506752,41925124096,29,13675593728
1791662024.274,1677.392,zebrad,163218515,140581489,22637025,2688466944,4375670784,394289152,2279612416,3862687744,732082176,20,13675593728
1791662025.275,1678.392,indexer,1584732512,1238125634,346606877,12822704128,12921077760,1563488256,10940522496,9538506752,41925124096,29,13675622400
1791662025.275,1678.392,zebrad,163223685,140586358,22637327,2688466944,4375670784,394289152,2279612416,3862687744,732082176,20,13675622400
1791662026.275,1679.392,indexer,1584735479,1238126531,346608948,12822704128,12921077760,1563488256,10940522496,9538506752,41925124096,29,13675622400
1791662026.275,1679.392,zebrad,163229139,140591470,22637668,2688458752,4375670784,394289152,2279612416,3862687744,732082176,20,13675622400
1791662027.275,1680.392,indexer,1584738782,1238128979,346609803,12822700032,12921077760,1563488256,10940522496,9538506752,41925124096,29,13675642880
1791662027.275,1680.392,zebrad,163234576,140596845,22637730,2688454656,4375670784,394289152,2279612416,3862687744,732082176,20,13675642880
1791662028.275,1681.392,indexer,1584741498,1238130274,346611223,12822712320,12921077760,1563488256,10940522496,9538506752,41925128192,29,13675651072
1791662028.275,1681.392,zebrad,163239859,140600951,22638907,2688454656,4375670784,394289152,2279612416,3862687744,732082176,20,13675651072
1791662029.275,1682.392,indexer,1584747857,1238135110,346612746,12822708224,12921077760,1563488256,10940522496,9538506752,41925128192,29,13675651072
1791662029.275,1682.392,zebrad,163245297,140606389,22638907,2688450560,4375670784,394289152,2279612416,3862687744,732082176,20,13675651072
1791662030.275,1683.392,indexer,1584750661,1238136706,346613955,12822708224,12921077760,1563488256,10940522496,9538506752,41925128192,29,13675655168
1791662030.275,1683.392,zebrad,163250756,140611848,22638907,2688708608,4375670784,394289152,2279612416,3862687744,732082176,20,13675655168
1791662031.275,1684.393,indexer,1584754187,1238139560,346614627,12822704128,12921077760,1563582464,10940522496,9538506752,41925128192,29,13675655168
1791662031.275,1684.393,zebrad,163255999,140617091,22638907,2688704512,4375670784,394289152,2279612416,3862687744,732082176,20,13675655168
1791662032.275,1685.393,indexer,1584757087,1238141230,346615857,12822704128,12921077760,1563582464,10940522496,9538506752,41925128192,29,13675655168
1791662032.275,1685.393,zebrad,163261460,140622018,22639441,2688438272,4375670784,394289152,2279612416,3862687744,732082176,20,13675655168
1791662033.275,1686.393,indexer,1584760483,1238144626,346615857,12822700032,12921077760,1563582464,10940522496,9538506752,41925128192,29,13675655168
1791662033.275,1686.393,zebrad,163267225,140627399,22639825,2688438272,4375670784,394289152,2279612416,3862687744,732082176,20,13675655168
1791662034.276,1687.393,indexer,1584766289,1238149907,346616382,12822700032,12921077760,1563582464,10940522496,9538506752,41925128192,29,13675655168
1791662034.276,1687.393,zebrad,163272817,140631910,22640907,2688696320,4375670784,394289152,2279612416,3862687744,732082176,20,13675655168
1791662035.276,1688.393,indexer,1584770066,1238153552,346616514,12822700032,12921077760,1563582464,10940522496,9538506752,41925128192,29,13675696128
1791662035.276,1688.393,zebrad,163278322,140636760,22641561,2688696320,4375670784,394289152,2279612416,3862687744,732082176,20,13675696128
1791662036.276,1689.393,indexer,1584773216,1238155418,346617798,12822695936,12921077760,1563582464,10940522496,9538506752,41925128192,29,13675696128
1791662036.276,1689.393,zebrad,163283644,140640901,22642743,2688696320,4375670784,394289152,2279612416,3862687744,732082176,20,13675696128
1791662037.276,1690.393,indexer,1584777029,1238156975,346620053,12822691840,12921077760,1563582464,10940522496,9538506752,41925128192,29,13675696128
1791662037.276,1690.393,zebrad,163289178,140646220,22642957,2688692224,4375670784,394289152,2279612416,3862687744,732082176,20,13675696128
1791662038.276,1691.393,indexer,1584780276,1238160206,346620069,12822687744,12921077760,1563582464,10940522496,9538506752,41925128192,29,13675696128
1791662038.276,1691.393,zebrad,163294807,140650041,22644765,2688692224,4375670784,394289152,2279612416,3862687744,732082176,20,13675696128
1791662039.276,1692.394,indexer,1584787052,1238163120,346623932,12822679552,12921077760,1563582464,10940522496,9538506752,41925128192,29,13675696128
1791662039.276,1692.394,zebrad,163300352,140654511,22645840,2688692224,4375670784,394289152,2279612416,3862687744,732082176,20,13675696128
1791662040.276,1693.394,indexer,1584790485,1238165206,346625278,12822671360,12921077760,1563582464,10940522496,9538506752,41925128192,29,13675708416
1791662040.276,1693.394,zebrad,163305846,140658938,22646908,2688692224,4375670784,394289152,2279612416,3862687744,732082176,20,13675708416
1791662041.276,1694.394,indexer,1584793982,1238166517,346627465,12822667264,12921077760,1563582464,10940522496,9538506752,41925128192,29,13675450368
1791662041.276,1694.394,zebrad,163311275,140663169,22648105,2688692224,4375670784,394289152,2279612416,3862687744,732082176,20,13675450368
1791662042.276,1695.394,indexer,1584797130,1238168844,346628286,12822667264,12921077760,1563582464,10940522496,9538506752,41925128192,29,13675450368
1791662042.276,1695.394,zebrad,163316624,140668330,22648293,2688688128,4375670784,394289152,2279612416,3862687744,732082176,20,13675450368
1791662043.277,1696.394,indexer,1584800706,1238172420,346628286,12822663168,12921077760,1563582464,10940522496,9538506752,41925128192,29,13675462656
1791662043.277,1696.394,zebrad,163322035,140673683,22648352,2688688128,4375670784,394289152,2279612416,3862687744,732082176,20,13675462656
1791662044.277,1697.394,indexer,1584806862,1238177108,346629753,12822663168,12921077760,1563582464,10940522496,9538506752,41925128192,29,13675462656
1791662044.277,1697.394,zebrad,163329219,140680701,22648518,2688684032,4375670784,394289152,2279612416,3862687744,732082176,20,13675462656
1791662045.277,1698.394,indexer,1584810515,1238178772,346631743,12822659072,12921077760,1563582464,10940522496,9538506752,41925128192,29,13671997440
1791662045.277,1698.394,zebrad,163334640,140686063,22648577,2688684032,4375670784,394289152,2279612416,3862687744,732082176,20,13671997440
1791662046.277,1699.394,indexer,1584813581,1238181630,346631950,12822659072,12921077760,1563582464,10940522496,9538506752,41925128192,29,13671997440
1791662046.277,1699.394,zebrad,163339914,140690576,22649338,2688684032,4375670784,394289152,2279612416,3862687744,732082176,20,13671997440
1791662047.277,1700.394,indexer,1584817548,1238184597,346632950,12822654976,12921077760,1563582464,10940522496,9538506752,41925128192,29,13671997440
1791662047.277,1700.394,zebrad,163345380,140695976,22649404,2688675840,4375670784,394289152,2279612416,3862687744,732082176,20,13671997440
1791662048.277,1701.394,indexer,1584820736,1238187088,346633648,12822654976,12921077760,1563582464,10940522496,9538506752,41925128192,29,13671997440
1791662048.277,1701.394,zebrad,163351070,140701568,22649501,2688409600,4375670784,394289152,2279612416,3862687744,732082176,20,13671997440
1791662049.277,1702.395,indexer,1584827413,1238193692,346633720,12822650880,12921077760,1563582464,10940522496,9538506752,41925128192,29,13671997440
1791662049.277,1702.395,zebrad,163356462,140706766,22649695,2688659456,4375670784,394289152,2279612416,3862687744,732082176,20,13671997440
1791662050.277,1703.395,indexer,1584831044,1238196397,346634646,12822650880,12921077760,1563586560,10940522496,9538506752,41925128192,29,13671997440
1791662050.277,1703.395,zebrad,163362258,140711315,22650943,2688655360,4375670784,394289152,2279612416,3862687744,732082176,20,13671997440
1791662051.278,1704.395,indexer,1584834946,1238199677,346635268,12822646784,12921077760,1563586560,10940522496,9538506752,41925128192,29,13671997440
1791662051.278,1704.395,zebrad,163367729,140714999,22652729,2688647168,4375670784,394289152,2279612416,3862687744,732082176,20,13671997440
1791662052.278,1705.395,indexer,1584838601,1238202764,346635836,12822646784,12921077760,1563586560,10940522496,9538506752,41925128192,29,13672017920
1791662052.278,1705.395,zebrad,163373399,140719854,22653545,2688643072,4375670784,394289152,2279612416,3862687744,732082176,20,13672017920
1791662053.278,1706.395,indexer,1584842415,1238204785,346637630,12822441984,12921077760,1563586560,10940522496,9538506752,41925128192,29,13672017920
1791662053.278,1706.395,zebrad,163378936,140724455,22654480,2688643072,4375670784,394289152,2279612416,3862687744,732082176,20,13672017920
1791662054.278,1707.395,indexer,1584848495,1238206923,346641571,12822450176,12921077760,1563586560,10940522496,9538506752,41925128192,29,13672017920
1791662054.278,1707.395,zebrad,163384661,140729081,22655580,2688393216,4375670784,394289152,2279612416,3862687744,732082176,20,13672017920
1791662055.278,1708.395,indexer,1584852756,1238210120,346642636,12822437888,12921077760,1563586560,10940522496,9538506752,41925128192,29,13675331584
1791662055.278,1708.395,zebrad,163389807,140731210,22658596,2688655360,4375670784,394289152,2279612416,3862687744,732082176,20,13675331584
1791662056.278,1709.395,indexer,1584856081,1238212354,346643727,12822437888,12921077760,1563586560,10940522496,9538506752,41925128192,29,13675331584
1791662056.278,1709.395,zebrad,163395477,140736648,22658828,2688638976,4375670784,394289152,2279612416,3862687744,732082176,20,13675331584
1791662057.278,1710.396,indexer,1584860160,1238214218,346645941,12822433792,12921077760,1563586560,10940522496,9538506752,41925128192,29,13675130880
1791662057.278,1710.396,zebrad,163400751,140739887,22660864,2688638976,4375670784,394289152,2279612416,3862687744,732082176,20,13675130880
1791662058.278,1711.396,indexer,1584863353,1238216349,346647004,12822441984,12921077760,1563586560,10940522496,9538506752,41925128192,29,13675085824
1791662058.278,1711.396,zebrad,163406565,140745587,22660978,2688954368,4375670784,394289152,2279612416,3862687744,732082176,20,13675085824
1791662059.279,1712.396,indexer,1584870214,1238220519,346649695,12822704128,12921077760,1563586560,10940522496,9538506752,41925132288,29,13675085824
1791662059.279,1712.396,zebrad,163412535,140750838,22661697,2688954368,4375670784,394289152,2279612416,3862687744,732082176,20,13675085824
1791662060.279,1713.396,indexer,1584873545,1238221469,346652076,12822704128,12921077760,1563586560,10940522496,9538506752,41925132288,29,13675089920
1791662060.279,1713.396,zebrad,163417855,140755114,22662741,2688954368,4375670784,394289152,2279612416,3862687744,732082176,20,13675089920
1791662061.279,1714.396,indexer,1584877017,1238224644,346652373,12822700032,12921077760,1563586560,10940522496,9538506752,41925132288,29,13675089920
1791662061.279,1714.396,zebrad,163423021,140760255,22662765,2688684032,4375670784,394289152,2279612416,3862687744,732082176,20,13675089920
1791662062.279,1715.396,indexer,1584880116,1238227065,346653051,12822695936,12921077760,1563586560,10940522496,9538506752,41925132288,29,13675089920
1791662062.279,1715.396,zebrad,163428251,140763733,22664518,2688679936,4375670784,394289152,2279612416,3862687744,732082176,20,13675089920
1791662063.279,1716.396,indexer,1584883797,1238229345,346654451,12822687744,12921077760,1563586560,10940522496,9538506752,41925132288,29,13674864640
1791662063.279,1716.396,zebrad,163433808,140769290,22664518,2688679936,4375670784,394289152,2279612416,3862687744,732082176,20,13674864640
1791662064.279,1717.396,indexer,1584889912,1238235280,346654632,12822687744,12921077760,1563586560,10940522496,9538506752,41925132288,29,13674618880
1791662064.279,1717.396,zebrad,163439500,140774500,22664999,2688675840,4375670784,394289152,2279612416,3862687744,732082176,20,13674618880
1791662065.279,1718.397,indexer,1584893637,1238238653,346654983,12822683648,12921077760,1563586560,10940522496,9538506752,41925132288,29,13674627072
1791662065.279,1718.397,zebrad,163444901,140778985,22665916,2688675840,4375670784,394289152,2279612416,3862687744,732082176,20,13674627072
1791662066.279,1719.397,indexer,1584896714,1238240462,346656252,12822683648,12921077760,1563586560,10940522496,9538506752,41925132288,29,13674627072
1791662066.279,1719.397,zebrad,163450206,140784246,22665960,2688671744,4375670784,394289152,2279612416,3862687744,732082176,20,13674627072
1791662067.280,1720.397,indexer,1584900281,1238242654,346657627,12822675456,12921077760,1563586560,10940522496,9538506752,41925132288,29,13674627072
1791662067.280,1720.397,zebrad,163455652,140788908,22666744,2688667648,4375670784,394289152,2279612416,3862687744,732082176,20,13674627072
1791662068.280,1721.397,indexer,1584903371,1238245530,346657840,12822675456,12921077760,1563586560,10940522496,9538506752,41925132288,29,13674627072
1791662068.280,1721.397,zebrad,163461041,140794241,22666800,2688667648,4375670784,394289152,2279612416,3862687744,732082176,20,13674627072
1791662069.280,1722.397,indexer,1584909865,1238249050,346660814,12822667264,12921077760,1563586560,10940522496,9538506752,41925132288,29,13674627072
1791662069.280,1722.397,zebrad,163466762,140798863,22667899,2688667648,4375670784,394289152,2279612416,3862687744,732082176,20,13674627072
1791662070.280,1723.397,indexer,1584912807,1238251216,346661590,12822667264,12921077760,1563586560,10940522496,9538506752,41925132288,29,13674639360
1791662070.280,1723.397,zebrad,163472194,140803236,22668958,2688667648,4375670784,394289152,2279612416,3862687744,732082176,20,13674639360
1791662071.280,1724.397,indexer,1584916413,1238253901,346662511,12822667264,12921077760,1563586560,10940522496,9538506752,41925132288,29,13674381312
1791662071.280,1724.397,zebrad,163477364,140808242,22669122,2688667648,4375670784,394289152,2279612416,3862687744,732082176,20,13674381312
1791662072.280,1725.398,indexer,1584919190,1238256678,346662511,12822667264,12921077760,1563586560,10940522496,9538506752,41925132288,29,13674389504
1791662072.280,1725.398,zebrad,163482488,140813347,22669140,2688663552,4375670784,394289152,2279612416,3862687744,732082176,20,13674389504
1791662073.280,1726.398,indexer,1584922229,1238259717,346662511,12822421504,12921077760,1563586560,10940522496,9538506752,41925132288,29,13674389504
1791662073.280,1726.398,zebrad,163487818,140817494,22670324,2688663552,4375670784,394289152,2279612416,3862687744,732082176,20,13674389504
1791662074.280,1727.398,indexer,1584927897,1238264592,346663304,12822675456,12921077760,1563586560,10940522496,9538506752,41925132288,29,13674389504
1791662074.280,1727.398,zebrad,163494890,140824277,22670612,2688659456,4375670784,394289152,2279612416,3862687744,732082176,20,13674389504
1791662075.280,1728.398,indexer,1584931212,1238267281,346663930,12822671360,12921077760,1563586560,10940522496,9538506752,41925132288,29,13674409984
1791662075.280,1728.398,zebrad,163500229,140829429,22670799,2688655360,4375670784,394289152,2279612416,3862687744,732082176,20,13674409984
1791662076.281,1729.398,indexer,1584934116,1238269186,346664929,12822667264,12921077760,1563586560,10940522496,9538506752,41925132288,29,13674409984
1791662076.281,1729.398,zebrad,163505371,140834551,22670820,2688876544,4375670784,394289152,2279612416,3862687744,732082176,20,13674409984
1791662077.281,1730.398,indexer,1584937736,1238269997,346667738,12822663168,12921077760,1563586560,10940522496,9538506752,41925132288,29,13674409984
1791662077.281,1730.398,zebrad,163510587,140839735,22670851,2688872448,4375670784,394289152,2279612416,3862687744,732082176,20,13674409984
1791662078.281,1731.398,indexer,1584940462,1238271764,346668698,12822405120,12921077760,1563586560,10940522496,9538506752,41925132288,29,13674409984
1791662078.281,1731.398,zebrad,163516430,140844600,22671829,2688864256,4375670784,394289152,2279612416,3862687744,732082176,20,13674409984
