t,elapsed_s,metric,value
1791660604.992,2.969,ztreamer_index_sealed_block_height,nan
1791660604.992,2.969,ztreamer_index_durable_block_height,nan
1791660604.992,2.969,ztreamer_index_generation,0.0
1791660606.994,4.970,ztreamer_index_durable_block_height,nan
1791660606.994,4.970,ztreamer_index_sealed_block_height,nan
1791660609.839,7.815,ztreamer_index_durable_block_height,nan
1791660609.839,7.815,ztreamer_index_sealed_block_height,nan
1791660611.839,9.815,ztreamer_index_durable_block_height,nan
1791660611.839,9.815,ztreamer_index_sealed_block_height,nan
1791660613.839,11.815,ztreamer_index_durable_block_height,nan
1791660613.839,11.815,ztreamer_index_sealed_block_height,nan
1791660616.698,14.675,ztreamer_index_durable_block_height,nan
1791660616.698,14.675,ztreamer_index_sealed_block_height,nan
1791660618.699,16.675,ztreamer_index_sealed_block_height,nan
1791660618.699,16.675,ztreamer_index_durable_block_height,nan
1791660621.542,19.519,ztreamer_index_sealed_block_height,nan
1791660621.542,19.519,ztreamer_index_durable_block_height,nan
1791660623.543,21.519,ztreamer_index_sealed_block_height,nan
1791660623.543,21.519,ztreamer_index_durable_block_height,nan
1791660625.543,23.519,ztreamer_index_sealed_block_height,nan
1791660625.543,23.519,ztreamer_index_durable_block_height,nan
1791660628.388,26.365,ztreamer_index_durable_block_height,nan
1791660628.388,26.365,ztreamer_index_sealed_block_height,nan
1791660630.389,28.365,ztreamer_index_durable_block_height,nan
1791660630.389,28.365,ztreamer_index_sealed_block_height,nan
1791660633.235,31.211,ztreamer_index_durable_block_height,nan
1791660633.235,31.211,ztreamer_index_sealed_block_height,nan
1791660635.235,33.211,ztreamer_index_durable_block_height,nan
1791660635.235,33.211,ztreamer_index_sealed_block_height,nan
1791660637.235,35.212,ztreamer_index_sealed_block_height,nan
1791660637.235,35.212,ztreamer_index_durable_block_height,nan
1791660640.081,38.058,ztreamer_index_durable_block_height,nan
1791660640.081,38.058,ztreamer_index_sealed_block_height,nan
1791660642.081,40.058,ztreamer_index_durable_block_height,nan
1791660642.081,40.058,ztreamer_index_sealed_block_height,nan
1791660644.925,42.902,ztreamer_index_durable_block_height,nan
1791660644.925,42.902,ztreamer_index_sealed_block_height,nan
1791660646.925,44.902,ztreamer_index_sealed_block_height,nan
1791660646.925,44.902,ztreamer_index_durable_block_height,nan
1791660648.926,46.902,ztreamer_index_durable_block_height,nan
1791660648.926,46.902,ztreamer_index_sealed_block_height,nan
1791660651.769,49.745,ztreamer_index_sealed_block_height,nan
1791660651.769,49.745,ztreamer_index_durable_block_height,nan
1791660653.770,51.746,ztreamer_index_durable_block_height,nan
1791660653.770,51.746,ztreamer_index_sealed_block_height,nan
1791660656.618,54.595,ztreamer_index_sealed_block_height,nan
1791660656.618,54.595,ztreamer_index_durable_block_height,nan
1791660658.619,56.595,ztreamer_index_sealed_block_height,nan
1791660658.619,56.595,ztreamer_index_durable_block_height,nan
1791660660.619,58.595,ztreamer_index_sealed_block_height,nan
1791660660.619,58.595,ztreamer_index_durable_block_height,nan
1791660663.461,61.438,ztreamer_index_durable_block_height,nan
1791660663.461,61.438,ztreamer_index_sealed_block_height,nan
1791660665.462,63.438,ztreamer_index_durable_block_height,nan
1791660665.462,63.438,ztreamer_index_sealed_block_height,nan
1791660668.312,66.288,ztreamer_index_durable_block_height,nan
1791660668.312,66.288,ztreamer_index_sealed_block_height,nan
1791660670.312,68.288,ztreamer_index_sealed_block_height,nan
1791660670.312,68.288,ztreamer_index_durable_block_height,nan
1791660672.312,70.288,ztreamer_index_durable_block_height,nan
1791660672.312,70.288,ztreamer_index_sealed_block_height,nan
1791660675.156,73.133,ztreamer_index_sealed_block_height,nan
1791660675.156,73.133,ztreamer_index_durable_block_height,nan
1791660677.156,75.133,ztreamer_index_sealed_block_height,nan
1791660677.156,75.133,ztreamer_index_durable_block_height,nan
1791660680.011,77.988,ztreamer_index_sealed_block_height,nan
1791660680.011,77.988,ztreamer_index_durable_block_height,nan
1791660682.012,79.988,ztreamer_index_sealed_block_height,nan
1791660682.012,79.988,ztreamer_index_durable_block_height,nan
1791660684.012,81.988,ztreamer_index_sealed_block_height,nan
1791660684.012,81.988,ztreamer_index_durable_block_height,nan
1791660686.857,84.834,ztreamer_index_durable_block_height,nan
1791660686.857,84.834,ztreamer_index_sealed_block_height,nan
1791660688.858,86.834,ztreamer_index_durable_block_height,nan
1791660688.858,86.834,ztreamer_index_sealed_block_height,nan
1791660691.697,89.674,ztreamer_index_durable_block_height,nan
1791660691.697,89.674,ztreamer_index_sealed_block_height,nan
1791660693.698,91.674,ztreamer_index_durable_block_height,nan
1791660693.698,91.674,ztreamer_index_sealed_block_height,nan
1791660695.698,93.674,ztreamer_index_sealed_block_height,nan
1791660695.698,93.674,ztreamer_index_durable_block_height,nan
1791660698.542,96.519,ztreamer_index_sealed_block_height,nan
1791660698.542,96.519,ztreamer_index_durable_block_height,nan
1791660700.543,98.519,ztreamer_index_sealed_block_height,nan
1791660700.543,98.519,ztreamer_index_durable_block_height,nan
1791660703.385,101.361,ztreamer_index_sealed_block_height,nan
1791660703.385,101.361,ztreamer_index_durable_block_height,nan
1791660705.385,103.361,ztreamer_index_sealed_block_height,nan
1791660705.385,103.361,ztreamer_index_durable_block_height,nan
1791660707.385,105.361,ztreamer_index_sealed_block_height,nan
1791660707.385,105.361,ztreamer_index_durable_block_height,nan
1791660710.225,108.202,ztreamer_index_durable_block_height,nan
1791660710.225,108.202,ztreamer_index_sealed_block_height,nan
1791660712.225,110.202,sync_zakura_apply_epoch,0.0
1791660712.225,110.202,sync_estimated_network_tip_height,4403190.0
1791660712.225,110.202,sync_zakura_service_header_enabled,0.0
1791660712.225,110.202,sync_zakura_apply_phase,1.0
1791660712.225,110.202,sync_estimated_distance_to_tip,20293.0
1791660712.225,110.202,sync_zakura_service_block_applying,1.0
1791660712.225,110.202,ztreamer_index_sealed_block_height,nan
1791660712.225,110.202,ztreamer_index_durable_block_height,nan
1791660715.060,113.037,ztreamer_index_durable_block_height,nan
1791660715.060,113.037,ztreamer_index_sealed_block_height,nan
1791660717.061,115.037,ztreamer_index_durable_block_height,nan
1791660717.061,115.037,ztreamer_index_sealed_block_height,nan
1791660719.061,117.037,ztreamer_pipeline_source_blocks,103936.0
1791660719.061,117.037,ztreamer_pipeline_source_transactions,141101.0
1791660719.061,117.037,ztreamer_pipeline_committed_blocks,87482.0
1791660719.061,117.037,ztreamer_pipeline_source_bytes,226337145.0
1791660719.061,117.037,sync_downloads_verifying,0.0
1791660719.061,117.037,ztreamer_index_generation,1.0
1791660719.061,117.037,sync_downloads_waiting_network,0.0
1791660719.061,117.037,sync_obtain_queued_hash_count,0.0
1791660719.061,117.037,ztreamer_index_durable_block_height,87481.0
1791660719.061,117.037,sync_downloads_in_flight,0.0
1791660719.061,117.037,ztreamer_pipeline_target_height,4382897.0
1791660719.061,117.037,sync_downloads_response_received,0.0
1791660719.061,117.037,ztreamer_pipeline_workers_active,4.0
1791660719.061,117.037,sync_prospective_tips_len,0.0
1791660719.061,117.037,ztreamer_pipeline_first_missing_height,104134.0
1791660719.061,117.037,sync_downloads_waiting_verifier,0.0
1791660719.061,117.037,sync_reserve_depth,0.0
1791660719.061,117.037,ztreamer_pipeline_pending_bytes,3233856.0
1791660719.061,117.037,ztreamer_pipeline_ready_bytes,3196224.0
1791660719.061,117.037,ztreamer_index_sealed_block_height,86999.0
1791660719.061,117.037,sync_downloads_downloading,0.0
1791660719.061,117.037,"ztreamer_pipeline_commit_seconds{outcome=""success"",quantile=""0""}",0.129223117
1791660719.061,117.037,"ztreamer_pipeline_commit_seconds{outcome=""success"",quantile=""0.5""}",0.12921210348188536
1791660719.061,117.037,"ztreamer_pipeline_commit_seconds{outcome=""success"",quantile=""0.9""}",0.12921210348188536
1791660719.061,117.037,"ztreamer_pipeline_commit_seconds{outcome=""success"",quantile=""0.95""}",0.12921210348188536
1791660719.061,117.037,"ztreamer_pipeline_commit_seconds{outcome=""success"",quantile=""0.99""}",0.12921210348188536
1791660719.061,117.037,"ztreamer_pipeline_commit_seconds{outcome=""success"",quantile=""0.999""}",0.12921210348188536
1791660719.061,117.037,"ztreamer_pipeline_commit_seconds{outcome=""success"",quantile=""1""}",0.129223117
1791660719.061,117.037,"ztreamer_pipeline_commit_seconds_sum{outcome=""success""}",0.129223117
1791660719.061,117.037,"ztreamer_pipeline_commit_seconds_count{outcome=""success""}",1.0
1791660719.061,117.037,"ztreamer_pipeline_commit_seconds{outcome=""error"",quantile=""0""}",0.0
1791660719.061,117.037,"ztreamer_pipeline_commit_seconds{outcome=""error"",quantile=""0.5""}",0.0
1791660719.061,117.037,"ztreamer_pipeline_commit_seconds{outcome=""error"",quantile=""0.9""}",0.0
1791660719.061,117.037,"ztreamer_pipeline_commit_seconds{outcome=""error"",quantile=""0.95""}",0.0
1791660719.061,117.037,"ztreamer_pipeline_commit_seconds{outcome=""error"",quantile=""0.99""}",0.0
1791660719.061,117.037,"ztreamer_pipeline_commit_seconds{outcome=""error"",quantile=""0.999""}",0.0
1791660719.061,117.037,"ztreamer_pipeline_commit_seconds{outcome=""error"",quantile=""1""}",0.0
1791660719.061,117.037,"ztreamer_pipeline_commit_seconds_sum{outcome=""error""}",0.0
1791660719.061,117.037,"ztreamer_pipeline_commit_seconds_count{outcome=""error""}",0.0
1791660719.061,117.037,"ztreamer_pipeline_receive_wait_seconds{quantile=""0""}",2.054e-06
1791660719.061,117.037,"ztreamer_pipeline_receive_wait_seconds{quantile=""0.5""}",1.0379269657487024e-05
1791660719.061,117.037,"ztreamer_pipeline_receive_wait_seconds{quantile=""0.9""}",2.166310357164529e-05
1791660719.061,117.037,"ztreamer_pipeline_receive_wait_seconds{quantile=""0.95""}",2.1719500925909585e-05
1791660719.061,117.037,"ztreamer_pipeline_receive_wait_seconds{quantile=""0.99""}",6.0076005600361414e-05
1791660719.061,117.037,"ztreamer_pipeline_receive_wait_seconds{quantile=""0.999""}",6.0076005600361414e-05
1791660719.061,117.037,"ztreamer_pipeline_receive_wait_seconds{quantile=""1""}",0.000194937
1791660719.061,117.037,ztreamer_pipeline_receive_wait_seconds_sum,1.1812798460000051
1791660719.061,117.037,ztreamer_pipeline_receive_wait_seconds_count,104348.0
1791660719.061,117.037,"ztreamer_pipeline_segment_seconds{outcome=""success"",quantile=""0""}",0.008189841
1791660719.061,117.037,"ztreamer_pipeline_segment_seconds{outcome=""success"",quantile=""0.5""}",0.011185913449842644
1791660719.061,117.037,"ztreamer_pipeline_segment_seconds{outcome=""success"",quantile=""0.9""}",0.012890044374245638
1791660719.061,117.037,"ztreamer_pipeline_segment_seconds{outcome=""success"",quantile=""0.95""}",0.013583492376538947
1791660719.061,117.037,"ztreamer_pipeline_segment_seconds{outcome=""success"",quantile=""0.99""}",0.013725497846230374
1791660719.061,117.037,"ztreamer_pipeline_segment_seconds{outcome=""success"",quantile=""0.999""}",0.013725497846230374
1791660719.061,117.037,"ztreamer_pipeline_segment_seconds{outcome=""success"",quantile=""1""}",0.014769915
1791660719.061,117.037,"ztreamer_pipeline_segment_seconds_sum{outcome=""success""}",5.196137341999998
1791660719.061,117.037,"ztreamer_pipeline_segment_seconds_count{outcome=""success""}",406.0
1791660719.061,117.037,"ztreamer_pipeline_segment_seconds{outcome=""error"",quantile=""0""}",0.0
1791660719.061,117.037,"ztreamer_pipeline_segment_seconds{outcome=""error"",quantile=""0.5""}",0.0
1791660719.061,117.037,"ztreamer_pipeline_segment_seconds{outcome=""error"",quantile=""0.9""}",0.0
1791660719.061,117.037,"ztreamer_pipeline_segment_seconds{outcome=""error"",quantile=""0.95""}",0.0
1791660719.061,117.037,"ztreamer_pipeline_segment_seconds{outcome=""error"",quantile=""0.99""}",0.0
1791660719.061,117.037,"ztreamer_pipeline_segment_seconds{outcome=""error"",quantile=""0.999""}",0.0
1791660719.061,117.037,"ztreamer_pipeline_segment_seconds{outcome=""error"",quantile=""1""}",0.0
1791660719.061,117.037,"ztreamer_pipeline_segment_seconds_sum{outcome=""error""}",0.0
1791660719.061,117.037,"ztreamer_pipeline_segment_seconds_count{outcome=""error""}",0.0
1791660719.061,117.037,"ztreamer_pipeline_stage_seconds{stage=""header_read"",quantile=""0""}",0.002097721
1791660719.061,117.037,"ztreamer_pipeline_stage_seconds{stage=""header_read"",quantile=""0.5""}",0.002477513048428455
1791660719.061,117.037,"ztreamer_pipeline_stage_seconds{stage=""header_read"",quantile=""0.9""}",0.002997130271274173
1791660719.061,117.037,"ztreamer_pipeline_stage_seconds{stage=""header_read"",quantile=""0.95""}",0.003071774030184113
1791660719.061,117.037,"ztreamer_pipeline_stage_seconds{stage=""header_read"",quantile=""0.99""}",0.00316532347700042
1791660719.061,117.037,"ztreamer_pipeline_stage_seconds{stage=""header_read"",quantile=""0.999""}",0.00316532347700042
1791660719.061,117.037,"ztreamer_pipeline_stage_seconds{stage=""header_read"",quantile=""1""}",0.003184927
1791660719.061,117.037,"ztreamer_pipeline_stage_seconds_sum{stage=""header_read""}",1.0975734569999995
1791660719.061,117.037,"ztreamer_pipeline_stage_seconds_count{stage=""header_read""}",412.0
1791660719.061,117.037,"ztreamer_pipeline_stage_seconds{stage=""transaction_read"",quantile=""0""}",0.000259581
1791660719.061,117.037,"ztreamer_pipeline_stage_seconds{stage=""transaction_read"",quantile=""0.5""}",0.00034419574661120867
1791660719.061,117.037,"ztreamer_pipeline_stage_seconds{stage=""transaction_read"",quantile=""0.9""}",0.000475045470802026
1791660719.061,117.037,"ztreamer_pipeline_stage_seconds{stage=""transaction_read"",quantile=""0.95""}",0.0005362553934253361
1791660719.061,117.037,"ztreamer_pipeline_stage_seconds{stage=""transaction_read"",quantile=""0.99""}",0.0005813834535948468
1791660719.061,117.037,"ztreamer_pipeline_stage_seconds{stage=""transaction_read"",quantile=""0.999""}",0.0005813834535948468
1791660719.061,117.037,"ztreamer_pipeline_stage_seconds{stage=""transaction_read"",quantile=""1""}",0.000624253
1791660719.061,117.037,"ztreamer_pipeline_stage_seconds_sum{stage=""transaction_read""}",0.317538748
1791660719.061,117.037,"ztreamer_pipeline_stage_seconds_count{stage=""transaction_read""}",412.0
1791660719.061,117.037,"ztreamer_pipeline_stage_seconds{stage=""worker_send_wait"",quantile=""0""}",0.003947497
1791660719.061,117.037,"ztreamer_pipeline_stage_seconds{stage=""worker_send_wait"",quantile=""0.5""}",0.006948009790009483
1791660719.061,117.037,"ztreamer_pipeline_stage_seconds{stage=""worker_send_wait"",quantile=""0.9""}",0.009337656011732292
1791660719.061,117.037,"ztreamer_pipeline_stage_seconds{stage=""worker_send_wait"",quantile=""0.95""}",0.009865612824072653
1791660719.061,117.037,"ztreamer_pipeline_stage_seconds{stage=""worker_send_wait"",quantile=""0.99""}",0.010538711202208369
1791660719.061,117.037,"ztreamer_pipeline_stage_seconds{stage=""worker_send_wait"",quantile=""0.999""}",0.010538711202208369
1791660719.061,117.037,"ztreamer_pipeline_stage_seconds{stage=""worker_send_wait"",quantile=""1""}",0.010831152
1791660719.061,117.037,"ztreamer_pipeline_stage_seconds_sum{stage=""worker_send_wait""}",3.1250031820000013
1791660719.061,117.037,"ztreamer_pipeline_stage_seconds_count{stage=""worker_send_wait""}",412.0
1791660719.061,117.037,"ztreamer_pipeline_stage_seconds{stage=""txid_read"",quantile=""0""}",1.0096e-05
1791660719.061,117.037,"ztreamer_pipeline_stage_seconds{stage=""txid_read"",quantile=""0.5""}",1.0654800212617916e-05
1791660719.061,117.037,"ztreamer_pipeline_stage_seconds{stage=""txid_read"",quantile=""0.9""}",1.575898243603705e-05
1791660719.061,117.037,"ztreamer_pipeline_stage_seconds{stage=""txid_read"",quantile=""0.95""}",1.755977046170431e-05
1791660719.061,117.037,"ztreamer_pipeline_stage_seconds{stage=""txid_read"",quantile=""0.99""}",2.1022862101799636e-05
1791660719.061,117.037,"ztreamer_pipeline_stage_seconds{stage=""txid_read"",quantile=""0.999""}",2.1022862101799636e-05
1791660719.061,117.037,"ztreamer_pipeline_stage_seconds{stage=""txid_read"",quantile=""1""}",5.5463e-05
1791660719.061,117.037,"ztreamer_pipeline_stage_seconds_sum{stage=""txid_read""}",0.06122961900000002
1791660719.061,117.037,"ztreamer_pipeline_stage_seconds_count{stage=""txid_read""}",412.0
1791660719.061,117.037,"ztreamer_pipeline_stage_seconds{stage=""parse"",quantile=""0""}",4.6697e-05
1791660719.061,117.037,"ztreamer_pipeline_stage_seconds{stage=""parse"",quantile=""0.5""}",5.969274689927386e-05
1791660719.061,117.037,"ztreamer_pipeline_stage_seconds{stage=""parse"",quantile=""0.9""}",8.10130717726429e-05
1791660719.061,117.037,"ztreamer_pipeline_stage_seconds{stage=""parse"",quantile=""0.95""}",9.123243875645381e-05
1791660719.061,117.037,"ztreamer_pipeline_stage_seconds{stage=""parse"",quantile=""0.99""}",0.00010981647052148743
1791660719.061,117.037,"ztreamer_pipeline_stage_seconds{stage=""parse"",quantile=""0.999""}",0.00010981647052148743
1791660719.061,117.037,"ztreamer_pipeline_stage_seconds{stage=""parse"",quantile=""1""}",0.000201556
1791660719.061,117.037,"ztreamer_pipeline_stage_seconds_sum{stage=""parse""}",0.037633273999999994
1791660719.061,117.037,"ztreamer_pipeline_stage_seconds_count{stage=""parse""}",412.0
1791660719.061,117.037,"ztreamer_pipeline_batch_send_wait_seconds{quantile=""0""}",8.115e-06
1791660719.061,117.037,"ztreamer_pipeline_batch_send_wait_seconds{quantile=""0.5""}",8.115781617028807e-06
1791660719.061,117.037,"ztreamer_pipeline_batch_send_wait_seconds{quantile=""0.9""}",8.115781617028807e-06
1791660719.061,117.037,"ztreamer_pipeline_batch_send_wait_seconds{quantile=""0.95""}",8.115781617028807e-06
1791660719.061,117.037,"ztreamer_pipeline_batch_send_wait_seconds{quantile=""0.99""}",8.115781617028807e-06
1791660719.061,117.037,"ztreamer_pipeline_batch_send_wait_seconds{quantile=""0.999""}",8.115781617028807e-06
1791660719.061,117.037,"ztreamer_pipeline_batch_send_wait_seconds{quantile=""1""}",8.115e-06
1791660719.061,117.037,ztreamer_pipeline_batch_send_wait_seconds_sum,8.115e-06
1791660719.061,117.037,ztreamer_pipeline_batch_send_wait_seconds_count,1.0
1791660719.061,117.037,"ztreamer_pipeline_pass_seconds{outcome=""success"",quantile=""0""}",0.0
1791660719.061,117.037,"ztreamer_pipeline_pass_seconds{outcome=""success"",quantile=""0.5""}",0.0
1791660719.061,117.037,"ztreamer_pipeline_pass_seconds{outcome=""success"",quantile=""0.9""}",0.0
1791660719.061,117.037,"ztreamer_pipeline_pass_seconds{outcome=""success"",quantile=""0.95""}",0.0
1791660719.061,117.037,"ztreamer_pipeline_pass_seconds{outcome=""success"",quantile=""0.99""}",0.0
1791660719.061,117.037,"ztreamer_pipeline_pass_seconds{outcome=""success"",quantile=""0.999""}",0.0
1791660719.061,117.037,"ztreamer_pipeline_pass_seconds{outcome=""success"",quantile=""1""}",0.0
1791660719.061,117.037,"ztreamer_pipeline_pass_seconds_sum{outcome=""success""}",0.0
1791660719.061,117.037,"ztreamer_pipeline_pass_seconds_count{outcome=""success""}",0.0
1791660719.061,117.037,"ztreamer_pipeline_pass_seconds{outcome=""panic"",quantile=""0""}",0.0
1791660719.061,117.037,"ztreamer_pipeline_pass_seconds{outcome=""panic"",quantile=""0.5""}",0.0
1791660719.061,117.037,"ztreamer_pipeline_pass_seconds{outcome=""panic"",quantile=""0.9""}",0.0
1791660719.061,117.037,"ztreamer_pipeline_pass_seconds{outcome=""panic"",quantile=""0.95""}",0.0
1791660719.061,117.037,"ztreamer_pipeline_pass_seconds{outcome=""panic"",quantile=""0.99""}",0.0
1791660719.061,117.037,"ztreamer_pipeline_pass_seconds{outcome=""panic"",quantile=""0.999""}",0.0
1791660719.061,117.037,"ztreamer_pipeline_pass_seconds{outcome=""panic"",quantile=""1""}",0.0
1791660719.061,117.037,"ztreamer_pipeline_pass_seconds_sum{outcome=""panic""}",0.0
1791660719.061,117.037,"ztreamer_pipeline_pass_seconds_count{outcome=""panic""}",0.0
1791660719.061,117.037,"ztreamer_pipeline_pass_seconds{outcome=""error"",quantile=""0""}",0.0
1791660719.061,117.037,"ztreamer_pipeline_pass_seconds{outcome=""error"",quantile=""0.5""}",0.0
1791660719.061,117.037,"ztreamer_pipeline_pass_seconds{outcome=""error"",quantile=""0.9""}",0.0
1791660719.061,117.037,"ztreamer_pipeline_pass_seconds{outcome=""error"",quantile=""0.95""}",0.0
1791660719.061,117.037,"ztreamer_pipeline_pass_seconds{outcome=""error"",quantile=""0.99""}",0.0
1791660719.061,117.037,"ztreamer_pipeline_pass_seconds{outcome=""error"",quantile=""0.999""}",0.0
1791660719.061,117.037,"ztreamer_pipeline_pass_seconds{outcome=""error"",quantile=""1""}",0.0
1791660719.061,117.037,"ztreamer_pipeline_pass_seconds_sum{outcome=""error""}",0.0
1791660719.061,117.037,"ztreamer_pipeline_pass_seconds_count{outcome=""error""}",0.0
1791660719.061,117.037,"sync_stage_duration_seconds{stage=""obtain_tips"",quantile=""0""}",6.001803953
1791660719.061,117.037,"sync_stage_duration_seconds{stage=""obtain_tips"",quantile=""0.5""}",6.002043538398771
1791660719.061,117.037,"sync_stage_duration_seconds{stage=""obtain_tips"",quantile=""0.9""}",6.002043538398771
1791660719.061,117.037,"sync_stage_duration_seconds{stage=""obtain_tips"",quantile=""0.95""}",6.002043538398771
1791660719.061,117.037,"sync_stage_duration_seconds{stage=""obtain_tips"",quantile=""0.99""}",6.002043538398771
1791660719.061,117.037,"sync_stage_duration_seconds{stage=""obtain_tips"",quantile=""0.999""}",6.002043538398771
1791660719.061,117.037,"sync_stage_duration_seconds{stage=""obtain_tips"",quantile=""1""}",6.001803953
1791660719.061,117.037,"sync_stage_duration_seconds_sum{stage=""obtain_tips""}",6.001803953
1791660719.061,117.037,"sync_stage_duration_seconds_count{stage=""obtain_tips""}",1.0
1791660721.923,119.900,ztreamer_pipeline_committed_blocks,294000.0
1791660721.923,119.900,ztreamer_pipeline_source_bytes,808989599.0
1791660721.923,119.900,ztreamer_pipeline_source_blocks,369408.0
1791660721.923,119.900,ztreamer_pipeline_source_transactions,532000.0
1791660721.923,119.900,ztreamer_index_generation,4.0
1791660721.923,119.900,ztreamer_index_durable_block_height,293999.0
1791660721.923,119.900,ztreamer_pipeline_pending_bytes,15235888.0
1791660721.923,119.900,ztreamer_pipeline_ready_bytes,15167728.0
1791660721.923,119.900,ztreamer_index_sealed_block_height,293999.0
1791660721.923,119.900,ztreamer_pipeline_first_missing_height,369614.0
1791660721.923,119.900,"ztreamer_pipeline_commit_seconds{outcome=""success"",quantile=""0""}",0.112171516
1791660721.923,119.900,"ztreamer_pipeline_commit_seconds{outcome=""success"",quantile=""0.5""}",0.12342766389367997
1791660721.923,119.900,"ztreamer_pipeline_commit_seconds{outcome=""success"",quantile=""1""}",0.13842401
1791660721.923,119.900,"ztreamer_pipeline_commit_seconds_sum{outcome=""success""}",0.503243395
1791660721.923,119.900,"ztreamer_pipeline_commit_seconds_count{outcome=""success""}",4.0
1791660721.923,119.900,"ztreamer_pipeline_receive_wait_seconds{quantile=""0""}",9e-08
1791660721.923,119.900,"ztreamer_pipeline_receive_wait_seconds{quantile=""0.5""}",8.598695572032548e-06
1791660721.923,119.900,"ztreamer_pipeline_receive_wait_seconds{quantile=""0.9""}",2.7561242207403296e-05
1791660721.923,119.900,"ztreamer_pipeline_receive_wait_seconds{quantile=""0.95""}",3.302320573977837e-05
1791660721.923,119.900,"ztreamer_pipeline_receive_wait_seconds{quantile=""0.99""}",4.471059595849723e-05
1791660721.923,119.900,"ztreamer_pipeline_receive_wait_seconds{quantile=""0.999""}",9.237076403183175e-05
1791660721.923,119.900,"ztreamer_pipeline_receive_wait_seconds{quantile=""1""}",0.006033582
1791660721.923,119.900,ztreamer_pipeline_receive_wait_seconds_sum,3.813491414000112
1791660721.923,119.900,ztreamer_pipeline_receive_wait_seconds_count,370064.0
1791660721.923,119.900,"ztreamer_pipeline_segment_seconds{outcome=""success"",quantile=""0""}",0.008181778
1791660721.923,119.900,"ztreamer_pipeline_segment_seconds{outcome=""success"",quantile=""0.5""}",0.010402594630809685
1791660721.923,119.900,"ztreamer_pipeline_segment_seconds{outcome=""success"",quantile=""0.9""}",0.012345051065650692
1791660721.923,119.900,"ztreamer_pipeline_segment_seconds{outcome=""success"",quantile=""0.95""}",0.014770844327380444
1791660721.923,119.900,"ztreamer_pipeline_segment_seconds{outcome=""success"",quantile=""0.99""}",0.021525865556450956
1791660721.923,119.900,"ztreamer_pipeline_segment_seconds{outcome=""success"",quantile=""0.999""}",0.026908850891980637
1791660721.923,119.900,"ztreamer_pipeline_segment_seconds{outcome=""success"",quantile=""1""}",0.129894426
1791660721.923,119.900,"ztreamer_pipeline_segment_seconds_sum{outcome=""success""}",16.64656603899999
1791660721.923,119.900,"ztreamer_pipeline_segment_seconds_count{outcome=""success""}",1443.0
1791660721.923,119.900,"ztreamer_pipeline_stage_seconds{stage=""header_read"",quantile=""0""}",0.001458107
1791660721.923,119.900,"ztreamer_pipeline_stage_seconds{stage=""header_read"",quantile=""0.5""}",0.002497912177620259
1791660721.923,119.900,"ztreamer_pipeline_stage_seconds{stage=""header_read"",quantile=""0.9""}",0.0028101988737012
1791660721.923,119.900,"ztreamer_pipeline_stage_seconds{stage=""header_read"",quantile=""0.95""}",0.0030582879156159895
1791660721.923,119.900,"ztreamer_pipeline_stage_seconds{stage=""header_read"",quantile=""0.99""}",0.004785809840151204
1791660721.923,119.900,"ztreamer_pipeline_stage_seconds{stage=""header_read"",quantile=""0.999""}",0.008704631655274226
1791660721.923,119.900,"ztreamer_pipeline_stage_seconds{stage=""header_read"",quantile=""1""}",0.009696731
1791660721.923,119.900,"ztreamer_pipeline_stage_seconds_sum{stage=""header_read""}",3.7547150709999926
1791660721.923,119.900,"ztreamer_pipeline_stage_seconds_count{stage=""header_read""}",1443.0
1791660721.923,119.900,"ztreamer_pipeline_stage_seconds{stage=""transaction_read"",quantile=""0""}",0.000258745
1791660721.923,119.900,"ztreamer_pipeline_stage_seconds{stage=""transaction_read"",quantile=""0.5""}",0.00040077914977202587
1791660721.923,119.900,"ztreamer_pipeline_stage_seconds{stage=""transaction_read"",quantile=""0.9""}",0.0007906145300117176
1791660721.923,119.900,"ztreamer_pipeline_stage_seconds{stage=""transaction_read"",quantile=""0.95""}",0.0012473923491994102
1791660721.923,119.900,"ztreamer_pipeline_stage_seconds{stage=""transaction_read"",quantile=""0.99""}",0.0048030698049291234
1791660721.923,119.900,"ztreamer_pipeline_stage_seconds{stage=""transaction_read"",quantile=""0.999""}",0.011179203914812173
1791660721.923,119.900,"ztreamer_pipeline_stage_seconds{stage=""transaction_read"",quantile=""1""}",0.08020938
1791660721.923,119.900,"ztreamer_pipeline_stage_seconds_sum{stage=""transaction_read""}",1.0357007799999984
1791660721.923,119.900,"ztreamer_pipeline_stage_seconds_count{stage=""transaction_read""}",1443.0
1791660721.923,119.900,"ztreamer_pipeline_stage_seconds{stage=""worker_send_wait"",quantile=""0.5""}",0.0058477399709270335
1791660721.923,119.900,"ztreamer_pipeline_stage_seconds{stage=""worker_send_wait"",quantile=""0.9""}",0.00694245360492932
1791660721.923,119.900,"ztreamer_pipeline_stage_seconds{stage=""worker_send_wait"",quantile=""0.95""}",0.007805707975566339
1791660721.923,119.900,"ztreamer_pipeline_stage_seconds{stage=""worker_send_wait"",quantile=""0.99""}",0.010831464292075873
1791660721.923,119.900,"ztreamer_pipeline_stage_seconds{stage=""worker_send_wait"",quantile=""0.999""}",0.017004113075353672
1791660721.923,119.900,"ztreamer_pipeline_stage_seconds{stage=""worker_send_wait"",quantile=""1""}",0.019979401
1791660721.923,119.900,"ztreamer_pipeline_stage_seconds_sum{stage=""worker_send_wait""}",9.352691811000012
1791660721.923,119.900,"ztreamer_pipeline_stage_seconds_count{stage=""worker_send_wait""}",1443.0
1791660721.923,119.900,"ztreamer_pipeline_stage_seconds{stage=""txid_read"",quantile=""0""}",9.61e-06
1791660721.923,119.900,"ztreamer_pipeline_stage_seconds{stage=""txid_read"",quantile=""0.5""}",2.5847412978710713e-05
1791660721.923,119.900,"ztreamer_pipeline_stage_seconds{stage=""txid_read"",quantile=""0.9""}",0.0002431820950915407
1791660721.923,119.900,"ztreamer_pipeline_stage_seconds{stage=""txid_read"",quantile=""0.95""}",0.00044133778172349164
1791660721.923,119.900,"ztreamer_pipeline_stage_seconds{stage=""txid_read"",quantile=""0.99""}",0.002052903748002205
1791660721.923,119.900,"ztreamer_pipeline_stage_seconds{stage=""txid_read"",quantile=""0.999""}",0.0030485170359986526
1791660721.923,119.900,"ztreamer_pipeline_stage_seconds{stage=""txid_read"",quantile=""1""}",0.018134603
1791660721.923,119.900,"ztreamer_pipeline_stage_seconds_sum{stage=""txid_read""}",0.204260305
1791660721.923,119.900,"ztreamer_pipeline_stage_seconds_count{stage=""txid_read""}",1443.0
1791660721.923,119.900,"ztreamer_pipeline_stage_seconds{stage=""parse"",quantile=""0.5""}",8.554225990630849e-05
1791660721.923,119.900,"ztreamer_pipeline_stage_seconds{stage=""parse"",quantile=""0.9""}",0.00012553825376730206
1791660721.923,119.900,"ztreamer_pipeline_stage_seconds{stage=""parse"",quantile=""0.95""}",0.0001611620730999564
1791660721.923,119.900,"ztreamer_pipeline_stage_seconds{stage=""parse"",quantile=""0.99""}",0.0005301767957578006
1791660721.923,119.900,"ztreamer_pipeline_stage_seconds{stage=""parse"",quantile=""0.999""}",0.0011554099908710797
1791660721.923,119.900,"ztreamer_pipeline_stage_seconds{stage=""parse"",quantile=""1""}",0.009813955
1791660721.923,119.900,"ztreamer_pipeline_stage_seconds_sum{stage=""parse""}",0.1521979690000004
1791660721.923,119.900,"ztreamer_pipeline_stage_seconds_count{stage=""parse""}",1443.0
1791660721.923,119.900,"ztreamer_pipeline_batch_send_wait_seconds{quantile=""0""}",7.434e-06
1791660721.923,119.900,"ztreamer_pipeline_batch_send_wait_seconds{quantile=""0.5""}",7.473851885876074e-06
1791660721.923,119.900,"ztreamer_pipeline_batch_send_wait_seconds{quantile=""1""}",9.247e-06
1791660721.923,119.900,ztreamer_pipeline_batch_send_wait_seconds_sum,3.227e-05
1791660721.923,119.900,ztreamer_pipeline_batch_send_wait_seconds_count,4.0
1791660723.923,121.900,ztreamer_pipeline_source_blocks,555008.0
1791660723.923,121.900,ztreamer_pipeline_source_transactions,773492.0
1791660723.923,121.900,ztreamer_pipeline_committed_blocks,463000.0
1791660723.923,121.900,ztreamer_pipeline_source_bytes,1166888964.0
1791660723.923,121.900,ztreamer_pipeline_first_missing_height,555190.0
1791660723.923,121.900,ztreamer_index_durable_block_height,462999.0
1791660723.923,121.900,ztreamer_pipeline_pending_bytes,2758196.0
1791660723.923,121.900,ztreamer_index_sealed_block_height,462999.0
1791660723.923,121.900,ztreamer_index_generation,6.0
1791660723.923,121.900,ztreamer_pipeline_ready_bytes,2731508.0
1791660723.923,121.900,"ztreamer_pipeline_commit_seconds{outcome=""success"",quantile=""0.5""}",0.13841484062585804
1791660723.923,121.900,"ztreamer_pipeline_commit_seconds{outcome=""success"",quantile=""0.9""}",0.16373598252500154
1791660723.923,121.900,"ztreamer_pipeline_commit_seconds{outcome=""success"",quantile=""0.95""}",0.16373598252500154
1791660723.923,121.900,"ztreamer_pipeline_commit_seconds{outcome=""success"",quantile=""0.99""}",0.16373598252500154
1791660723.923,121.900,"ztreamer_pipeline_commit_seconds{outcome=""success"",quantile=""0.999""}",0.16373598252500154
1791660723.923,121.900,"ztreamer_pipeline_commit_seconds{outcome=""success"",quantile=""1""}",0.171149859
1791660723.923,121.900,"ztreamer_pipeline_commit_seconds_sum{outcome=""success""}",0.9882249690000001
1791660723.923,121.900,"ztreamer_pipeline_commit_seconds_count{outcome=""success""}",7.0
1791660723.923,121.900,"ztreamer_pipeline_receive_wait_seconds{quantile=""0.9""}",2.7550219915089027e-05
1791660723.923,121.900,"ztreamer_pipeline_receive_wait_seconds{quantile=""0.95""}",3.302981104145651e-05
1791660723.923,121.900,"ztreamer_pipeline_receive_wait_seconds{quantile=""0.99""}",4.4274572123082644e-05
1791660723.923,121.900,"ztreamer_pipeline_receive_wait_seconds{quantile=""0.999""}",8.827090237250406e-05
1791660723.923,121.900,ztreamer_pipeline_receive_wait_seconds_sum,5.6332283360006254
1791660723.923,121.900,ztreamer_pipeline_receive_wait_seconds_count,555329.0
1791660723.923,121.900,"ztreamer_pipeline_segment_seconds{outcome=""success"",quantile=""0.9""}",0.012354931058006148
1791660723.923,121.900,"ztreamer_pipeline_segment_seconds{outcome=""success"",quantile=""0.95""}",0.014279932925679462
1791660723.923,121.900,"ztreamer_pipeline_segment_seconds{outcome=""success"",quantile=""0.99""}",0.02263857390649299
1791660723.923,121.900,"ztreamer_pipeline_segment_seconds{outcome=""success"",quantile=""0.999""}",0.03202943303848823
1791660723.923,121.900,"ztreamer_pipeline_segment_seconds_sum{outcome=""success""}",24.626525279000003
1791660723.923,121.900,"ztreamer_pipeline_segment_seconds_count{outcome=""success""}",2168.0
1791660723.923,121.900,"ztreamer_pipeline_stage_seconds{stage=""header_read"",quantile=""0.5""}",0.002491426041567552
1791660723.923,121.900,"ztreamer_pipeline_stage_seconds{stage=""header_read"",quantile=""0.9""}",0.002795623767627717
1791660723.923,121.900,"ztreamer_pipeline_stage_seconds{stage=""header_read"",quantile=""0.95""}",0.003087788857659159
1791660723.923,121.900,"ztreamer_pipeline_stage_seconds{stage=""header_read"",quantile=""0.99""}",0.005010096900504542
1791660723.923,121.900,"ztreamer_pipeline_stage_seconds{stage=""header_read"",quantile=""0.999""}",0.009242896017634377
1791660723.923,121.900,"ztreamer_pipeline_stage_seconds_sum{stage=""header_read""}",5.622953312999996
1791660723.923,121.900,"ztreamer_pipeline_stage_seconds_count{stage=""header_read""}",2168.0
1791660723.923,121.900,"ztreamer_pipeline_stage_seconds{stage=""transaction_read"",quantile=""0""}",0.000182006
1791660723.923,121.900,"ztreamer_pipeline_stage_seconds{stage=""transaction_read"",quantile=""0.5""}",0.0004032716994283934
1791660723.923,121.900,"ztreamer_pipeline_stage_seconds{stage=""transaction_read"",quantile=""0.9""}",0.0007037410971356003
1791660723.923,121.900,"ztreamer_pipeline_stage_seconds{stage=""transaction_read"",quantile=""0.95""}",0.000993675336354053
1791660723.923,121.900,"ztreamer_pipeline_stage_seconds{stage=""transaction_read"",quantile=""0.99""}",0.0046976165173314805
1791660723.923,121.900,"ztreamer_pipeline_stage_seconds{stage=""transaction_read"",quantile=""0.999""}",0.012464134240961992
1791660723.923,121.900,"ztreamer_pipeline_stage_seconds_sum{stage=""transaction_read""}",1.4200978499999983
1791660723.923,121.900,"ztreamer_pipeline_stage_seconds_count{stage=""transaction_read""}",2168.0
1791660723.923,121.900,"ztreamer_pipeline_stage_seconds{stage=""worker_send_wait"",quantile=""0.5""}",0.005875876596760973
1791660723.923,121.900,"ztreamer_pipeline_stage_seconds{stage=""worker_send_wait"",quantile=""0.9""}",0.0069842335411671435
1791660723.923,121.900,"ztreamer_pipeline_stage_seconds{stage=""worker_send_wait"",quantile=""0.99""}",0.01530921998121244
1791660723.923,121.900,"ztreamer_pipeline_stage_seconds{stage=""worker_send_wait"",quantile=""0.999""}",0.018175149711791187
1791660723.923,121.900,"ztreamer_pipeline_stage_seconds_sum{stage=""worker_send_wait""}",13.874578686999998
1791660723.923,121.900,"ztreamer_pipeline_stage_seconds_count{stage=""worker_send_wait""}",2170.0
1791660723.923,121.900,"ztreamer_pipeline_stage_seconds{stage=""txid_read"",quantile=""0""}",9.544e-06
1791660723.923,121.900,"ztreamer_pipeline_stage_seconds{stage=""txid_read"",quantile=""0.9""}",0.00019989865728931984
1791660723.923,121.900,"ztreamer_pipeline_stage_seconds{stage=""txid_read"",quantile=""0.95""}",0.00036380227757117865
1791660723.923,121.900,"ztreamer_pipeline_stage_seconds{stage=""txid_read"",quantile=""0.99""}",0.0018412694514294275
1791660723.923,121.900,"ztreamer_pipeline_stage_seconds{stage=""txid_read"",quantile=""0.999""}",0.005827891416622807
1791660723.923,121.900,"ztreamer_pipeline_stage_seconds_sum{stage=""txid_read""}",0.2706838260000001
1791660723.923,121.900,"ztreamer_pipeline_stage_seconds_count{stage=""txid_read""}",2170.0
1791660723.923,121.900,"ztreamer_pipeline_stage_seconds{stage=""parse"",quantile=""0""}",4.4734e-05
1791660723.923,121.900,"ztreamer_pipeline_stage_seconds{stage=""parse"",quantile=""0.5""}",9.395449055991023e-05
1791660723.923,121.900,"ztreamer_pipeline_stage_seconds{stage=""parse"",quantile=""0.9""}",0.00013499132583003715
1791660723.923,121.900,"ztreamer_pipeline_stage_seconds{stage=""parse"",quantile=""0.95""}",0.00016524191041821868
1791660723.923,121.900,"ztreamer_pipeline_stage_seconds{stage=""parse"",quantile=""0.99""}",0.0004888279209044334
1791660723.923,121.900,"ztreamer_pipeline_stage_seconds{stage=""parse"",quantile=""0.999""}",0.001265484751750924
1791660723.923,121.900,"ztreamer_pipeline_stage_seconds_sum{stage=""parse""}",0.2368008600000004
1791660723.923,121.900,"ztreamer_pipeline_stage_seconds_count{stage=""parse""}",2168.0
1791660723.923,121.900,"ztreamer_pipeline_batch_send_wait_seconds{quantile=""0.5""}",8.115781617028807e-06
1791660723.923,121.900,"ztreamer_pipeline_batch_send_wait_seconds{quantile=""0.9""}",9.246180194836138e-06
1791660723.923,121.900,"ztreamer_pipeline_batch_send_wait_seconds{quantile=""0.95""}",9.246180194836138e-06
1791660723.923,121.900,"ztreamer_pipeline_batch_send_wait_seconds{quantile=""0.99""}",9.246180194836138e-06
1791660723.923,121.900,"ztreamer_pipeline_batch_send_wait_seconds{quantile=""0.999""}",9.246180194836138e-06
1791660723.923,121.900,"ztreamer_pipeline_batch_send_wait_seconds{quantile=""1""}",9.598e-06
1791660723.923,121.900,ztreamer_pipeline_batch_send_wait_seconds_sum,5.8059e-05
1791660723.923,121.900,ztreamer_pipeline_batch_send_wait_seconds_count,7.0
1791660726.763,124.739,ztreamer_pipeline_source_bytes,1663183768.0
1791660726.763,124.739,ztreamer_pipeline_committed_blocks,796670.0
1791660726.763,124.739,ztreamer_pipeline_source_blocks,818688.0
1791660726.763,124.739,ztreamer_pipeline_source_transactions,1168792.0
1791660726.763,124.739,ztreamer_index_sealed_block_height,795999.0
1791660726.763,124.739,ztreamer_index_generation,10.0
1791660726.763,124.739,ztreamer_pipeline_first_missing_height,818791.0
1791660726.763,124.739,ztreamer_index_durable_block_height,796669.0
1791660726.763,124.739,ztreamer_pipeline_pending_bytes,4293672.0
1791660726.763,124.739,ztreamer_pipeline_ready_bytes,4283496.0
1791660726.763,124.739,"ztreamer_pipeline_commit_seconds{outcome=""success"",quantile=""0.5""}",0.1501230464752664
1791660726.763,124.739,"ztreamer_pipeline_commit_seconds{outcome=""success"",quantile=""0.9""}",0.18609462266774432
1791660726.763,124.739,"ztreamer_pipeline_commit_seconds{outcome=""success"",quantile=""0.95""}",0.18609462266774432
1791660726.763,124.739,"ztreamer_pipeline_commit_seconds{outcome=""success"",quantile=""0.99""}",0.18609462266774432
1791660726.763,124.739,"ztreamer_pipeline_commit_seconds{outcome=""success"",quantile=""0.999""}",0.18609462266774432
1791660726.763,124.739,"ztreamer_pipeline_commit_seconds{outcome=""success"",quantile=""1""}",0.20396678
1791660726.763,124.739,"ztreamer_pipeline_commit_seconds_sum{outcome=""success""}",1.5586388150000001
1791660726.763,124.739,"ztreamer_pipeline_commit_seconds_count{outcome=""success""}",10.0
1791660726.763,124.739,"ztreamer_pipeline_receive_wait_seconds{quantile=""0""}",7e-08
1791660726.763,124.739,"ztreamer_pipeline_receive_wait_seconds{quantile=""0.5""}",9.043176670243369e-06
1791660726.763,124.739,"ztreamer_pipeline_receive_wait_seconds{quantile=""0.9""}",2.7544710422055292e-05
1791660726.763,124.739,"ztreamer_pipeline_receive_wait_seconds{quantile=""0.95""}",3.308270104001476e-05
1791660726.763,124.739,"ztreamer_pipeline_receive_wait_seconds{quantile=""0.99""}",4.437208340515918e-05
1791660726.763,124.739,"ztreamer_pipeline_receive_wait_seconds{quantile=""0.999""}",8.591947511604132e-05
1791660726.763,124.739,"ztreamer_pipeline_receive_wait_seconds{quantile=""1""}",0.006344305
1791660726.763,124.739,ztreamer_pipeline_receive_wait_seconds_sum,8.240107560001395
1791660726.763,124.739,ztreamer_pipeline_receive_wait_seconds_count,818880.0
1791660726.763,124.739,"ztreamer_pipeline_segment_seconds{outcome=""success"",quantile=""0""}",0.007796726
1791660726.763,124.739,"ztreamer_pipeline_segment_seconds{outcome=""success"",quantile=""0.5""}",0.010498740092713342
1791660726.763,124.739,"ztreamer_pipeline_segment_seconds{outcome=""success"",quantile=""0.9""}",0.012192917608694344
1791660726.763,124.739,"ztreamer_pipeline_segment_seconds{outcome=""success"",quantile=""0.95""}",0.014013977995348379
1791660726.763,124.739,"ztreamer_pipeline_segment_seconds{outcome=""success"",quantile=""0.99""}",0.02165974050684762
1791660726.763,124.739,"ztreamer_pipeline_segment_seconds{outcome=""success"",quantile=""0.999""}",0.031194920042983035
1791660726.763,124.739,"ztreamer_pipeline_segment_seconds_sum{outcome=""success""}",36.018033549000016
1791660726.763,124.739,"ztreamer_pipeline_segment_seconds_count{outcome=""success""}",3198.0
1791660726.763,124.739,"ztreamer_pipeline_stage_seconds{stage=""header_read"",quantile=""0.5""}",0.0024974126451379835
1791660726.763,124.739,"ztreamer_pipeline_stage_seconds{stage=""header_read"",quantile=""0.9""}",0.0028096368901248175
1791660726.763,124.739,"ztreamer_pipeline_stage_seconds{stage=""header_read"",quantile=""0.95""}",0.003071774030184113
1791660726.763,124.739,"ztreamer_pipeline_stage_seconds{stage=""header_read"",quantile=""0.99""}",0.0052448951777933975
1791660726.763,124.739,"ztreamer_pipeline_stage_seconds{stage=""header_read"",quantile=""0.999""}",0.009610490463833185
1791660726.763,124.739,"ztreamer_pipeline_stage_seconds{stage=""header_read"",quantile=""1""}",0.010139182
1791660726.763,124.739,"ztreamer_pipeline_stage_seconds_sum{stage=""header_read""}",8.307399813
1791660726.763,124.739,"ztreamer_pipeline_stage_seconds_count{stage=""header_read""}",3198.0
1791660726.763,124.739,"ztreamer_pipeline_stage_seconds{stage=""transaction_read"",quantile=""0.5""}",0.00043992775805836055
1791660726.763,124.739,"ztreamer_pipeline_stage_seconds{stage=""transaction_read"",quantile=""0.9""}",0.0007573386633421646
1791660726.763,124.739,"ztreamer_pipeline_stage_seconds{stage=""transaction_read"",quantile=""0.95""}",0.0010358840855821392
1791660726.763,124.739,"ztreamer_pipeline_stage_seconds{stage=""transaction_read"",quantile=""0.99""}",0.002785020556136417
1791660726.763,124.739,"ztreamer_pipeline_stage_seconds{stage=""transaction_read"",quantile=""0.999""}",0.011540415424733965
1791660726.763,124.739,"ztreamer_pipeline_stage_seconds_sum{stage=""transaction_read""}",2.0256192339999974
1791660726.763,124.739,"ztreamer_pipeline_stage_seconds_count{stage=""transaction_read""}",3198.0
1791660726.763,124.739,"ztreamer_pipeline_stage_seconds{stage=""worker_send_wait"",quantile=""0""}",0.003497453
1791660726.763,124.739,"ztreamer_pipeline_stage_seconds{stage=""worker_send_wait"",quantile=""0.5""}",0.005867656125170895
1791660726.763,124.739,"ztreamer_pipeline_stage_seconds{stage=""worker_send_wait"",quantile=""0.9""}",0.006899543551057844
1791660726.763,124.739,"ztreamer_pipeline_stage_seconds{stage=""worker_send_wait"",quantile=""0.95""}",0.007575014440314818
1791660726.763,124.739,"ztreamer_pipeline_stage_seconds{stage=""worker_send_wait"",quantile=""0.999""}",0.017630939071304166
1791660726.763,124.739,"ztreamer_pipeline_stage_seconds_sum{stage=""worker_send_wait""}",20.06134227400003
1791660726.763,124.739,"ztreamer_pipeline_stage_seconds_count{stage=""worker_send_wait""}",3198.0
1791660726.763,124.739,"ztreamer_pipeline_stage_seconds{stage=""txid_read"",quantile=""0""}",9.492e-06
1791660726.763,124.739,"ztreamer_pipeline_stage_seconds{stage=""txid_read"",quantile=""0.5""}",3.757017505459414e-05
1791660726.763,124.739,"ztreamer_pipeline_stage_seconds{stage=""txid_read"",quantile=""0.9""}",0.00031044617162510316
1791660726.763,124.739,"ztreamer_pipeline_stage_seconds{stage=""txid_read"",quantile=""0.95""}",0.0004535069194412403
1791660726.763,124.739,"ztreamer_pipeline_stage_seconds{stage=""txid_read"",quantile=""0.99""}",0.001637966039976929
1791660726.763,124.739,"ztreamer_pipeline_stage_seconds_sum{stage=""txid_read""}",0.47051164500000014
1791660726.763,124.739,"ztreamer_pipeline_stage_seconds_count{stage=""txid_read""}",3198.0
1791660726.763,124.739,"ztreamer_pipeline_stage_seconds{stage=""parse"",quantile=""0.5""}",0.00010008406894593017
1791660726.763,124.739,"ztreamer_pipeline_stage_seconds{stage=""parse"",quantile=""0.9""}",0.00014460567042202306
1791660726.763,124.739,"ztreamer_pipeline_stage_seconds{stage=""parse"",quantile=""0.95""}",0.00017226095789141406
1791660726.763,124.739,"ztreamer_pipeline_stage_seconds{stage=""parse"",quantile=""0.99""}",0.00030865079544764286
1791660726.763,124.739,"ztreamer_pipeline_stage_seconds{stage=""parse"",quantile=""0.999""}",0.001200160444449671
1791660726.763,124.739,"ztreamer_pipeline_stage_seconds_sum{stage=""parse""}",0.35935511599999975
1791660726.763,124.739,"ztreamer_pipeline_stage_seconds_count{stage=""parse""}",3198.0
1791660726.763,124.739,"ztreamer_pipeline_batch_send_wait_seconds{quantile=""0""}",6.993e-06
1791660726.763,124.739,"ztreamer_pipeline_batch_send_wait_seconds{quantile=""0.5""}",7.695305854809146e-06
1791660726.763,124.739,ztreamer_pipeline_batch_send_wait_seconds_sum,8.040200000000001e-05
1791660726.763,124.739,ztreamer_pipeline_batch_send_wait_seconds_count,10.0
1791660728.763,126.740,ztreamer_pipeline_source_bytes,2005366560.0
1791660728.763,126.740,ztreamer_pipeline_source_blocks,1003264.0
1791660728.763,126.740,ztreamer_pipeline_source_transactions,1418551.0
1791660728.763,126.740,ztreamer_pipeline_committed_blocks,962000.0
1791660728.763,126.740,ztreamer_index_generation,12.0
1791660728.763,126.740,ztreamer_pipeline_ready_bytes,8551528.0
1791660728.763,126.740,ztreamer_index_durable_block_height,961999.0
1791660728.763,126.740,ztreamer_pipeline_pending_bytes,8616360.0
1791660728.763,126.740,ztreamer_index_sealed_block_height,961999.0
1791660728.763,126.740,ztreamer_pipeline_first_missing_height,1003495.0
1791660728.763,126.740,"ztreamer_pipeline_commit_seconds{outcome=""success"",quantile=""0.5""}",0.16373598252500154
1791660728.763,126.740,"ztreamer_pipeline_commit_seconds{outcome=""success"",quantile=""0.9""}",0.2039867964944439
1791660728.763,126.740,"ztreamer_pipeline_commit_seconds{outcome=""success"",quantile=""0.95""}",0.2163841432017631
1791660728.763,126.740,"ztreamer_pipeline_commit_seconds{outcome=""success"",quantile=""0.99""}",0.2163841432017631
1791660728.763,126.740,"ztreamer_pipeline_commit_seconds{outcome=""success"",quantile=""0.999""}",0.2163841432017631
1791660728.763,126.740,"ztreamer_pipeline_commit_seconds{outcome=""success"",quantile=""1""}",0.219033579
1791660728.763,126.740,"ztreamer_pipeline_commit_seconds_sum{outcome=""success""}",1.9940652700000001
1791660728.763,126.740,"ztreamer_pipeline_commit_seconds_count{outcome=""success""}",12.0
1791660728.763,126.740,"ztreamer_pipeline_receive_wait_seconds{quantile=""0.5""}",9.588941567462389e-06
1791660728.763,126.740,"ztreamer_pipeline_receive_wait_seconds{quantile=""0.9""}",2.7561242207403296e-05
1791660728.763,126.740,"ztreamer_pipeline_receive_wait_seconds{quantile=""0.95""}",3.3109177790223066e-05
1791660728.763,126.740,"ztreamer_pipeline_receive_wait_seconds{quantile=""0.99""}",4.434546814040523e-05
1791660728.763,126.740,"ztreamer_pipeline_receive_wait_seconds{quantile=""0.999""}",8.472498341232863e-05
1791660728.763,126.740,"ztreamer_pipeline_receive_wait_seconds{quantile=""1""}",0.006728125
1791660728.763,126.740,ztreamer_pipeline_receive_wait_seconds_sum,10.074646433000947
1791660728.763,126.740,ztreamer_pipeline_receive_wait_seconds_count,1003810.0
1791660728.763,126.740,"ztreamer_pipeline_segment_seconds{outcome=""success"",quantile=""0.5""}",0.010507142445308428
1791660728.763,126.740,"ztreamer_pipeline_segment_seconds{outcome=""success"",quantile=""0.9""}",0.012288394241161
1791660728.763,126.740,"ztreamer_pipeline_segment_seconds{outcome=""success"",quantile=""0.95""}",0.01403922587209631
1791660728.763,126.740,"ztreamer_pipeline_segment_seconds{outcome=""success"",quantile=""0.99""}",0.021525865556450956
1791660728.763,126.740,"ztreamer_pipeline_segment_seconds{outcome=""success"",quantile=""0.999""}",0.026908850891980637
1791660728.763,126.740,"ztreamer_pipeline_segment_seconds_sum{outcome=""success""}",44.04357116300011
1791660728.763,126.740,"ztreamer_pipeline_segment_seconds_count{outcome=""success""}",3923.0
1791660728.763,126.740,"ztreamer_pipeline_stage_seconds{stage=""header_read"",quantile=""0.5""}",0.0025014117037773136
1791660728.763,126.740,"ztreamer_pipeline_stage_seconds{stage=""header_read"",quantile=""0.9""}",0.0028322041339377863
1791660728.763,126.740,"ztreamer_pipeline_stage_seconds{stage=""header_read"",quantile=""0.95""}",0.003115081310362362
1791660728.763,126.740,"ztreamer_pipeline_stage_seconds{stage=""header_read"",quantile=""0.99""}",0.005401384213625982
1791660728.763,126.740,"ztreamer_pipeline_stage_seconds{stage=""header_read"",quantile=""0.999""}",0.010139668027054068
1791660728.763,126.740,"ztreamer_pipeline_stage_seconds{stage=""header_read"",quantile=""1""}",0.014203437
1791660728.763,126.740,"ztreamer_pipeline_stage_seconds_sum{stage=""header_read""}",10.241369583000013
1791660728.763,126.740,"ztreamer_pipeline_stage_seconds_count{stage=""header_read""}",3922.0
1791660728.763,126.740,"ztreamer_pipeline_stage_seconds{stage=""transaction_read"",quantile=""0.5""}",0.00045097437841716526
1791660728.763,126.740,"ztreamer_pipeline_stage_seconds{stage=""transaction_read"",quantile=""0.9""}",0.0007549190530526013
1791660728.763,126.740,"ztreamer_pipeline_stage_seconds{stage=""transaction_read"",quantile=""0.95""}",0.001006677446372582
1791660728.763,126.740,"ztreamer_pipeline_stage_seconds{stage=""transaction_read"",quantile=""0.99""}",0.0026994694515247715
1791660728.763,126.740,"ztreamer_pipeline_stage_seconds{stage=""transaction_read"",quantile=""0.999""}",0.011179203914812173
1791660728.763,126.740,"ztreamer_pipeline_stage_seconds_sum{stage=""transaction_read""}",2.4226957110000016
1791660728.763,126.740,"ztreamer_pipeline_stage_seconds_count{stage=""transaction_read""}",3919.0
1791660728.763,126.740,"ztreamer_pipeline_stage_seconds{stage=""worker_send_wait"",quantile=""0.5""}",0.005853590635762322
1791660728.763,126.740,"ztreamer_pipeline_stage_seconds{stage=""worker_send_wait"",quantile=""0.9""}",0.006862386430276147
1791660728.763,126.740,"ztreamer_pipeline_stage_seconds{stage=""worker_send_wait"",quantile=""0.95""}",0.007588661745242538
1791660728.763,126.740,"ztreamer_pipeline_stage_seconds{stage=""worker_send_wait"",quantile=""0.99""}",0.01530309751777387
1791660728.763,126.740,"ztreamer_pipeline_stage_seconds_sum{stage=""worker_send_wait""}",24.425938230000035
1791660728.763,126.740,"ztreamer_pipeline_stage_seconds_count{stage=""worker_send_wait""}",3922.0
1791660728.763,126.740,"ztreamer_pipeline_stage_seconds{stage=""txid_read"",quantile=""0.5""}",4.3423923392755895e-05
1791660728.763,126.740,"ztreamer_pipeline_stage_seconds{stage=""txid_read"",quantile=""0.9""}",0.00029708269247542737
1791660728.763,126.740,"ztreamer_pipeline_stage_seconds{stage=""txid_read"",quantile=""0.95""}",0.00044257525917639135
1791660728.763,126.740,"ztreamer_pipeline_stage_seconds{stage=""txid_read"",quantile=""0.99""}",0.0017616577212802532
1791660728.763,126.740,"ztreamer_pipeline_stage_seconds{stage=""txid_read"",quantile=""0.999""}",0.00686513193392153
1791660728.763,126.740,"ztreamer_pipeline_stage_seconds_sum{stage=""txid_read""}",0.5833850409999994
1791660728.763,126.740,"ztreamer_pipeline_stage_seconds_count{stage=""txid_read""}",3922.0
1791660728.763,126.740,"ztreamer_pipeline_stage_seconds{stage=""parse"",quantile=""0.5""}",0.0001010899305646698
1791660728.763,126.740,"ztreamer_pipeline_stage_seconds{stage=""parse"",quantile=""0.9""}",0.00014930788609304757
1791660728.763,126.740,"ztreamer_pipeline_stage_seconds{stage=""parse"",quantile=""0.95""}",0.00017740061279360544
1791660728.763,126.740,"ztreamer_pipeline_stage_seconds{stage=""parse"",quantile=""0.99""}",0.00030060903274879784
1791660728.763,126.740,"ztreamer_pipeline_stage_seconds{stage=""parse"",quantile=""0.999""}",0.0011554099908710797
1791660728.763,126.740,"ztreamer_pipeline_stage_seconds_sum{stage=""parse""}",0.4442286309999997
1791660728.763,126.740,"ztreamer_pipeline_stage_seconds_count{stage=""parse""}",3919.0
1791660728.763,126.740,"ztreamer_pipeline_batch_send_wait_seconds{quantile=""0""}",6.001e-06
1791660728.763,126.740,"ztreamer_pipeline_batch_send_wait_seconds{quantile=""0.9""}",8.496127861896648e-06
1791660728.763,126.740,ztreamer_pipeline_batch_send_wait_seconds_sum,9.411700000000001e-05
1791660728.763,126.740,ztreamer_pipeline_batch_send_wait_seconds_count,12.0
1791660730.763,128.740,ztreamer_pipeline_source_transactions,1650927.0
1791660730.763,128.740,ztreamer_pipeline_committed_blocks,1121939.0
1791660730.763,128.740,ztreamer_pipeline_source_bytes,2358747758.0
1791660730.763,128.740,ztreamer_pipeline_source_blocks,1191424.0
1791660730.763,128.740,ztreamer_pipeline_pending_bytes,13720980.0
1791660730.763,128.740,ztreamer_index_durable_block_height,1121938.0
1791660730.763,128.740,ztreamer_pipeline_ready_bytes,13643604.0
1791660730.763,128.740,ztreamer_index_sealed_block_height,1120999.0
1791660730.763,128.740,ztreamer_pipeline_first_missing_height,1191650.0
1791660730.763,128.740,ztreamer_index_generation,14.0
1791660730.763,128.740,"ztreamer_pipeline_commit_seconds{outcome=""success"",quantile=""0.5""}",0.17113543628893538
1791660730.763,128.740,"ztreamer_pipeline_commit_seconds{outcome=""success"",quantile=""0.9""}",0.2163841432017631
1791660730.763,128.740,"ztreamer_pipeline_commit_seconds{outcome=""success"",quantile=""0.95""}",0.21904019875267794
1791660730.763,128.740,"ztreamer_pipeline_commit_seconds{outcome=""success"",quantile=""0.99""}",0.21904019875267794
1791660730.763,128.740,"ztreamer_pipeline_commit_seconds{outcome=""success"",quantile=""0.999""}",0.21904019875267794
1791660730.763,128.740,"ztreamer_pipeline_commit_seconds{outcome=""success"",quantile=""1""}",0.222756932
1791660730.763,128.740,"ztreamer_pipeline_commit_seconds_sum{outcome=""success""}",2.4295956899999998
1791660730.763,128.740,"ztreamer_pipeline_commit_seconds_count{outcome=""success""}",14.0
1791660730.763,128.740,"ztreamer_pipeline_receive_wait_seconds{quantile=""0.9""}",2.750067412366636e-05
1791660730.763,128.740,"ztreamer_pipeline_receive_wait_seconds{quantile=""0.95""}",3.308270104001476e-05
1791660730.763,128.740,"ztreamer_pipeline_receive_wait_seconds{quantile=""0.99""}",4.431886884002047e-05
1791660730.763,128.740,"ztreamer_pipeline_receive_wait_seconds{quantile=""0.999""}",8.341352960261602e-05
1791660730.763,128.740,ztreamer_pipeline_receive_wait_seconds_sum,11.907794987000376
1791660730.763,128.740,ztreamer_pipeline_receive_wait_seconds_count,1192053.0
1791660730.763,128.740,"ztreamer_pipeline_segment_seconds{outcome=""success"",quantile=""0.5""}",0.010500840050727685
1791660730.763,128.740,"ztreamer_pipeline_segment_seconds{outcome=""success"",quantile=""0.9""}",0.012261389489858781
1791660730.763,128.740,"ztreamer_pipeline_segment_seconds{outcome=""success"",quantile=""0.95""}",0.01392457493084879
1791660730.763,128.740,"ztreamer_pipeline_segment_seconds{outcome=""success"",quantile=""0.99""}",0.021362889072776035
1791660730.763,128.740,"ztreamer_pipeline_segment_seconds{outcome=""success"",quantile=""0.999""}",0.026582557347748215
1791660730.763,128.740,"ztreamer_pipeline_segment_seconds_sum{outcome=""success""}",52.001793224000146
1791660730.763,128.740,"ztreamer_pipeline_segment_seconds_count{outcome=""success""}",4654.0
1791660730.763,128.740,"ztreamer_pipeline_stage_seconds{stage=""header_read"",quantile=""0.9""}",0.0028373066923207367
1791660730.763,128.740,"ztreamer_pipeline_stage_seconds{stage=""header_read"",quantile=""0.95""}",0.003116950919981608
1791660730.763,128.740,"ztreamer_pipeline_stage_seconds{stage=""header_read"",quantile=""0.99""}",0.00572850882431953
1791660730.763,128.740,"ztreamer_pipeline_stage_seconds{stage=""header_read"",quantile=""0.999""}",0.010816310851899638
1791660730.763,128.740,"ztreamer_pipeline_stage_seconds_sum{stage=""header_read""}",12.175711719000002
1791660730.763,128.740,"ztreamer_pipeline_stage_seconds_count{stage=""header_read""}",4658.0
1791660730.763,128.740,"ztreamer_pipeline_stage_seconds{stage=""transaction_read"",quantile=""0.5""}",0.0004506137431865557
1791660730.763,128.740,"ztreamer_pipeline_stage_seconds{stage=""transaction_read"",quantile=""0.9""}",0.0007553721403985541
1791660730.763,128.740,"ztreamer_pipeline_stage_seconds{stage=""transaction_read"",quantile=""0.95""}",0.0009808411598335306
1791660730.763,128.740,"ztreamer_pipeline_stage_seconds{stage=""transaction_read"",quantile=""0.99""}",0.0025493929042881038
1791660730.763,128.740,"ztreamer_pipeline_stage_seconds{stage=""transaction_read"",quantile=""0.999""}",0.011110107271244514
1791660730.763,128.740,"ztreamer_pipeline_stage_seconds_sum{stage=""transaction_read""}",2.812827751999998
1791660730.763,128.740,"ztreamer_pipeline_stage_seconds_count{stage=""transaction_read""}",4654.0
1791660730.763,128.740,"ztreamer_pipeline_stage_seconds{stage=""worker_send_wait"",quantile=""0.5""}",0.005855932540374134
1791660730.763,128.740,"ztreamer_pipeline_stage_seconds{stage=""worker_send_wait"",quantile=""0.9""}",0.006876124937109825
1791660730.763,128.740,"ztreamer_pipeline_stage_seconds{stage=""worker_send_wait"",quantile=""0.95""}",0.007544774901849068
1791660730.763,128.740,"ztreamer_pipeline_stage_seconds{stage=""worker_send_wait"",quantile=""0.999""}",0.017543004395541104
1791660730.763,128.740,"ztreamer_pipeline_stage_seconds_sum{stage=""worker_send_wait""}",28.863093517999985
1791660730.763,128.740,"ztreamer_pipeline_stage_seconds_count{stage=""worker_send_wait""}",4654.0
1791660730.763,128.740,"ztreamer_pipeline_stage_seconds{stage=""txid_read"",quantile=""0.5""}",4.087058124519282e-05
1791660730.763,128.740,"ztreamer_pipeline_stage_seconds{stage=""txid_read"",quantile=""0.9""}",0.0002860625593158509
1791660730.763,128.740,"ztreamer_pipeline_stage_seconds{stage=""txid_read"",quantile=""0.95""}",0.0004319934936522831
1791660730.763,128.740,"ztreamer_pipeline_stage_seconds{stage=""txid_read"",quantile=""0.99""}",0.0016032859668849984
1791660730.763,128.740,"ztreamer_pipeline_stage_seconds{stage=""txid_read"",quantile=""0.999""}",0.005827891416622807
1791660730.763,128.740,"ztreamer_pipeline_stage_seconds_sum{stage=""txid_read""}",0.6511646540000003
1791660730.763,128.740,"ztreamer_pipeline_stage_seconds_count{stage=""txid_read""}",4654.0
1791660730.763,128.740,"ztreamer_pipeline_stage_seconds{stage=""parse"",quantile=""0.5""}",0.00010169829341354489
1791660730.763,128.740,"ztreamer_pipeline_stage_seconds{stage=""parse"",quantile=""0.9""}",0.00015092915033651342
1791660730.763,128.740,"ztreamer_pipeline_stage_seconds{stage=""parse"",quantile=""0.95""}",0.00017886127836764848
1791660730.763,128.740,"ztreamer_pipeline_stage_seconds{stage=""parse"",quantile=""0.99""}",0.0002935977184764158
1791660730.763,128.740,"ztreamer_pipeline_stage_seconds{stage=""parse"",quantile=""0.999""}",0.0010538554021861757
1791660730.763,128.740,"ztreamer_pipeline_stage_seconds_sum{stage=""parse""}",0.5305859629999995
1791660730.763,128.740,"ztreamer_pipeline_stage_seconds_count{stage=""parse""}",4654.0
1791660730.763,128.740,"ztreamer_pipeline_batch_send_wait_seconds{quantile=""0.5""}",7.473851885876074e-06
1791660730.763,128.740,ztreamer_pipeline_batch_send_wait_seconds_sum,0.000108162
1791660730.763,128.740,ztreamer_pipeline_batch_send_wait_seconds_count,14.0
1791660733.621,131.597,ztreamer_pipeline_source_blocks,1455616.0
1791660733.621,131.597,ztreamer_pipeline_source_transactions,1958108.0
1791660733.621,131.597,ztreamer_pipeline_source_bytes,2831827258.0
1791660733.621,131.597,ztreamer_pipeline_committed_blocks,1381328.0
1791660733.621,131.597,ztreamer_pipeline_pending_bytes,14530600.0
1791660733.621,131.597,ztreamer_index_generation,17.0
1791660733.621,131.597,ztreamer_index_durable_block_height,1381327.0
1791660733.621,131.597,ztreamer_pipeline_ready_bytes,14498728.0
1791660733.621,131.597,ztreamer_index_sealed_block_height,1380999.0
1791660733.621,131.597,ztreamer_pipeline_first_missing_height,1455855.0
1791660733.621,131.597,"ztreamer_pipeline_commit_seconds{outcome=""success"",quantile=""0.5""}",0.18609462266774432
1791660733.621,131.597,"ztreamer_pipeline_commit_seconds{outcome=""success"",quantile=""0.9""}",0.22953494164234514
1791660733.621,131.597,"ztreamer_pipeline_commit_seconds{outcome=""success"",quantile=""0.95""}",0.26192423158584605
1791660733.621,131.597,"ztreamer_pipeline_commit_seconds{outcome=""success"",quantile=""0.99""}",0.26192423158584605
1791660733.621,131.597,"ztreamer_pipeline_commit_seconds{outcome=""success"",quantile=""0.999""}",0.26192423158584605
1791660733.621,131.597,"ztreamer_pipeline_commit_seconds{outcome=""success"",quantile=""1""}",0.264979762
1791660733.621,131.597,"ztreamer_pipeline_commit_seconds_sum{outcome=""success""}",3.1860588159999996
1791660733.621,131.597,"ztreamer_pipeline_commit_seconds_count{outcome=""success""}",17.0
1791660733.621,131.597,"ztreamer_pipeline_receive_wait_seconds{quantile=""0.5""}",4.567771396978822e-05
1791660733.621,131.597,"ztreamer_pipeline_receive_wait_seconds{quantile=""0.9""}",4.567771396978822e-05
1791660733.621,131.597,"ztreamer_pipeline_receive_wait_seconds{quantile=""0.95""}",4.567771396978822e-05
1791660733.621,131.597,"ztreamer_pipeline_receive_wait_seconds{quantile=""0.99""}",4.567771396978822e-05
1791660733.621,131.597,"ztreamer_pipeline_receive_wait_seconds{quantile=""0.999""}",8.208953333979657e-05
1791660733.621,131.597,"ztreamer_pipeline_receive_wait_seconds{quantile=""1""}",0.032047237
1791660733.621,131.597,ztreamer_pipeline_receive_wait_seconds_sum,14.524945478999802
1791660733.621,131.597,ztreamer_pipeline_receive_wait_seconds_count,1456087.0
1791660733.621,131.597,"ztreamer_pipeline_segment_seconds{outcome=""success"",quantile=""0.5""}",0.010507142445308428
1791660733.621,131.597,"ztreamer_pipeline_segment_seconds{outcome=""success"",quantile=""0.9""}",0.012163689693863253
1791660733.621,131.597,"ztreamer_pipeline_segment_seconds{outcome=""success"",quantile=""0.95""}",0.01366523832367438
1791660733.621,131.597,"ztreamer_pipeline_segment_seconds{outcome=""success"",quantile=""0.99""}",0.021444222487139803
1791660733.621,131.597,"ztreamer_pipeline_segment_seconds{outcome=""success"",quantile=""0.999""}",0.04326116124328496
1791660733.621,131.597,"ztreamer_pipeline_segment_seconds_sum{outcome=""success""}",63.432019122000085
1791660733.621,131.597,"ztreamer_pipeline_segment_seconds_count{outcome=""success""}",5686.0
1791660733.621,131.597,"ztreamer_pipeline_stage_seconds{stage=""header_read"",quantile=""0.5""}",0.0024999113069141174
1791660733.621,131.597,"ztreamer_pipeline_stage_seconds{stage=""header_read"",quantile=""0.9""}",0.0028322041339377863
1791660733.621,131.597,"ztreamer_pipeline_stage_seconds{stage=""header_read"",quantile=""0.95""}",0.003087788857659159
1791660733.621,131.597,"ztreamer_pipeline_stage_seconds{stage=""header_read"",quantile=""0.99""}",0.0055038907797632436
1791660733.621,131.597,"ztreamer_pipeline_stage_seconds{stage=""header_read"",quantile=""0.999""}",0.01420302911479001
1791660733.621,131.597,"ztreamer_pipeline_stage_seconds{stage=""header_read"",quantile=""1""}",0.037218575
1791660733.621,131.597,"ztreamer_pipeline_stage_seconds_sum{stage=""header_read""}",14.989657482999982
1791660733.621,131.597,"ztreamer_pipeline_stage_seconds_count{stage=""header_read""}",5686.0
1791660733.621,131.597,"ztreamer_pipeline_stage_seconds{stage=""transaction_read"",quantile=""0.5""}",0.00045660127539040655
1791660733.621,131.597,"ztreamer_pipeline_stage_seconds{stage=""transaction_read"",quantile=""0.9""}",0.0007264796916032762
1791660733.621,131.597,"ztreamer_pipeline_stage_seconds{stage=""transaction_read"",quantile=""0.95""}",0.0009116084161656171
1791660733.621,131.597,"ztreamer_pipeline_stage_seconds{stage=""transaction_read"",quantile=""0.99""}",0.0021633441748634885
1791660733.621,131.597,"ztreamer_pipeline_stage_seconds{stage=""transaction_read"",quantile=""0.999""}",0.01108125851188175
1791660733.621,131.597,"ztreamer_pipeline_stage_seconds_sum{stage=""transaction_read""}",3.319330325999997
1791660733.621,131.597,"ztreamer_pipeline_stage_seconds_count{stage=""transaction_read""}",5686.0
1791660733.621,131.597,"ztreamer_pipeline_stage_seconds{stage=""worker_send_wait"",quantile=""0.5""}",0.005868829773760787
1791660733.621,131.597,"ztreamer_pipeline_stage_seconds{stage=""worker_send_wait"",quantile=""0.9""}",0.006925811694502642
1791660733.621,131.597,"ztreamer_pipeline_stage_seconds{stage=""worker_send_wait"",quantile=""0.95""}",0.007534219607381454
1791660733.621,131.597,"ztreamer_pipeline_stage_seconds{stage=""worker_send_wait"",quantile=""0.99""}",0.01530921998121244
1791660733.621,131.597,"ztreamer_pipeline_stage_seconds_sum{stage=""worker_send_wait""}",35.20984956800002
1791660733.621,131.597,"ztreamer_pipeline_stage_seconds_count{stage=""worker_send_wait""}",5686.0
1791660733.621,131.597,"ztreamer_pipeline_stage_seconds{stage=""txid_read"",quantile=""0""}",9.181e-06
1791660733.621,131.597,"ztreamer_pipeline_stage_seconds{stage=""txid_read"",quantile=""0.5""}",4.1231829522522394e-05
1791660733.621,131.597,"ztreamer_pipeline_stage_seconds{stage=""txid_read"",quantile=""0.9""}",0.00026972705103262635
1791660733.621,131.597,"ztreamer_pipeline_stage_seconds{stage=""txid_read"",quantile=""0.95""}",0.0003845256615430442
1791660733.621,131.597,"ztreamer_pipeline_stage_seconds{stage=""txid_read"",quantile=""0.99""}",0.0013520950142475658
1791660733.621,131.597,"ztreamer_pipeline_stage_seconds{stage=""txid_read"",quantile=""0.999""}",0.005709064967539469
1791660733.621,131.597,"ztreamer_pipeline_stage_seconds_sum{stage=""txid_read""}",0.7311370210000009
1791660733.621,131.597,"ztreamer_pipeline_stage_seconds_count{stage=""txid_read""}",5686.0
1791660733.621,131.597,"ztreamer_pipeline_stage_seconds{stage=""parse"",quantile=""0""}",4.4561e-05
1791660733.621,131.597,"ztreamer_pipeline_stage_seconds{stage=""parse"",quantile=""0.5""}",0.00010255615706417858
1791660733.621,131.597,"ztreamer_pipeline_stage_seconds{stage=""parse"",quantile=""0.9""}",0.0001476744994371359
1791660733.621,131.597,"ztreamer_pipeline_stage_seconds{stage=""parse"",quantile=""0.95""}",0.00017264034917743322
1791660733.621,131.597,"ztreamer_pipeline_stage_seconds{stage=""parse"",quantile=""0.99""}",0.0002636995865545957
1791660733.621,131.597,"ztreamer_pipeline_stage_seconds{stage=""parse"",quantile=""0.999""}",0.0009531864499332018
1791660733.621,131.597,"ztreamer_pipeline_stage_seconds_sum{stage=""parse""}",0.6450842520000002
1791660733.621,131.597,"ztreamer_pipeline_stage_seconds_count{stage=""parse""}",5686.0
1791660733.621,131.597,"ztreamer_pipeline_batch_send_wait_seconds{quantile=""0.5""}",7.695305854809146e-06
1791660733.621,131.597,"ztreamer_pipeline_batch_send_wait_seconds{quantile=""0.9""}",9.246180194836138e-06
1791660733.621,131.597,"ztreamer_pipeline_batch_send_wait_seconds{quantile=""0.95""}",9.548752468929957e-06
1791660733.621,131.597,"ztreamer_pipeline_batch_send_wait_seconds{quantile=""0.99""}",9.548752468929957e-06
1791660733.621,131.597,"ztreamer_pipeline_batch_send_wait_seconds{quantile=""0.999""}",9.548752468929957e-06
1791660733.621,131.597,ztreamer_pipeline_batch_send_wait_seconds_sum,0.000132888
1791660733.621,131.597,ztreamer_pipeline_batch_send_wait_seconds_count,17.0
1791660735.621,133.597,ztreamer_pipeline_source_blocks,1636352.0
1791660735.621,133.597,ztreamer_pipeline_source_bytes,3150668822.0
1791660735.621,133.597,ztreamer_pipeline_committed_blocks,1553000.0
1791660735.621,133.597,ztreamer_pipeline_source_transactions,2157513.0
1791660735.621,133.597,ztreamer_index_durable_block_height,1552999.0
1791660735.621,133.597,ztreamer_pipeline_pending_bytes,16238300.0
1791660735.621,133.597,ztreamer_pipeline_ready_bytes,16198748.0
1791660735.621,133.597,ztreamer_pipeline_first_missing_height,1636578.0
1791660735.621,133.597,ztreamer_index_sealed_block_height,1552999.0
1791660735.621,133.597,ztreamer_index_generation,19.0
1791660735.621,133.597,"ztreamer_pipeline_commit_seconds{outcome=""success"",quantile=""0.5""}",0.2039867964944439
1791660735.621,133.597,"ztreamer_pipeline_commit_seconds{outcome=""success"",quantile=""0.9""}",0.26498024328226666
1791660735.621,133.597,"ztreamer_pipeline_commit_seconds{outcome=""success"",quantile=""0.95""}",0.27845466677333713
1791660735.621,133.597,"ztreamer_pipeline_commit_seconds{outcome=""success"",quantile=""0.99""}",0.27845466677333713
1791660735.621,133.597,"ztreamer_pipeline_commit_seconds{outcome=""success"",quantile=""0.999""}",0.27845466677333713
1791660735.621,133.597,"ztreamer_pipeline_commit_seconds{outcome=""success"",quantile=""1""}",0.281669761
1791660735.621,133.597,"ztreamer_pipeline_commit_seconds_sum{outcome=""success""}",3.7461996789999996
1791660735.621,133.597,"ztreamer_pipeline_commit_seconds_count{outcome=""success""}",19.0
1791660735.621,133.597,"ztreamer_pipeline_receive_wait_seconds{quantile=""0.5""}",5.1873627484736205e-05
1791660735.621,133.597,"ztreamer_pipeline_receive_wait_seconds{quantile=""0.9""}",5.1873627484736205e-05
1791660735.621,133.597,"ztreamer_pipeline_receive_wait_seconds{quantile=""0.95""}",5.1873627484736205e-05
1791660735.621,133.597,"ztreamer_pipeline_receive_wait_seconds{quantile=""0.99""}",5.1873627484736205e-05
1791660735.621,133.597,"ztreamer_pipeline_receive_wait_seconds{quantile=""0.999""}",8.19091348769176e-05
1791660735.621,133.597,"ztreamer_pipeline_receive_wait_seconds{quantile=""1""}",0.03639318
1791660735.621,133.597,ztreamer_pipeline_receive_wait_seconds_sum,16.36266255999967
1791660735.621,133.597,ztreamer_pipeline_receive_wait_seconds_count,1636839.0
1791660735.621,133.597,"ztreamer_pipeline_segment_seconds{outcome=""success"",quantile=""0""}",0.007493987
1791660735.621,133.597,"ztreamer_pipeline_segment_seconds{outcome=""success"",quantile=""0.5""}",0.010502940428775634
1791660735.621,133.597,"ztreamer_pipeline_segment_seconds{outcome=""success"",quantile=""0.95""}",0.01365704163990389
1791660735.621,133.597,"ztreamer_pipeline_segment_seconds{outcome=""success"",quantile=""0.99""}",0.02165974050684762
1791660735.621,133.597,"ztreamer_pipeline_segment_seconds{outcome=""success"",quantile=""0.999""}",0.04632377201327393
1791660735.621,133.597,"ztreamer_pipeline_segment_seconds_sum{outcome=""success""}",71.43963357699998
1791660735.621,133.597,"ztreamer_pipeline_segment_seconds_count{outcome=""success""}",6392.0
1791660735.621,133.597,"ztreamer_pipeline_stage_seconds{stage=""header_read"",quantile=""0.5""}",0.0024974126451379835
1791660735.621,133.597,"ztreamer_pipeline_stage_seconds{stage=""header_read"",quantile=""0.9""}",0.002827110751898766
1791660735.621,133.597,"ztreamer_pipeline_stage_seconds{stage=""header_read"",quantile=""0.95""}",0.0030859367400292437
1791660735.621,133.597,"ztreamer_pipeline_stage_seconds{stage=""header_read"",quantile=""0.99""}",0.005893530694516164
1791660735.621,133.597,"ztreamer_pipeline_stage_seconds{stage=""header_read"",quantile=""0.999""}",0.033908145396311706
1791660735.621,133.597,"ztreamer_pipeline_stage_seconds{stage=""header_read"",quantile=""1""}",0.046416096
1791660735.621,133.597,"ztreamer_pipeline_stage_seconds_sum{stage=""header_read""}",17.00729690300005
1791660735.621,133.597,"ztreamer_pipeline_stage_seconds_count{stage=""header_read""}",6395.0
1791660735.621,133.597,"ztreamer_pipeline_stage_seconds{stage=""transaction_read"",quantile=""0.5""}",0.0004511548042518951
1791660735.621,133.597,"ztreamer_pipeline_stage_seconds{stage=""transaction_read"",quantile=""0.9""}",0.0007136627621302005
1791660735.621,133.597,"ztreamer_pipeline_stage_seconds{stage=""transaction_read"",quantile=""0.95""}",0.0008776172191568054
1791660735.621,133.597,"ztreamer_pipeline_stage_seconds{stage=""transaction_read"",quantile=""0.99""}",0.0020673244879916113
1791660735.621,133.597,"ztreamer_pipeline_stage_seconds{stage=""transaction_read"",quantile=""0.999""}",0.010691566561283545
1791660735.621,133.597,"ztreamer_pipeline_stage_seconds_sum{stage=""transaction_read""}",3.645301953999997
1791660735.621,133.597,"ztreamer_pipeline_stage_seconds_count{stage=""transaction_read""}",6392.0
1791660735.621,133.597,"ztreamer_pipeline_stage_seconds{stage=""worker_send_wait"",quantile=""0""}",0.003335232
1791660735.621,133.597,"ztreamer_pipeline_stage_seconds{stage=""worker_send_wait"",quantile=""0.5""}",0.005878227417540323
1791660735.621,133.597,"ztreamer_pipeline_stage_seconds{stage=""worker_send_wait"",quantile=""0.9""}",0.00694245360492932
1791660735.621,133.597,"ztreamer_pipeline_stage_seconds{stage=""worker_send_wait"",quantile=""0.95""}",0.0075297004314902995
1791660735.621,133.597,"ztreamer_pipeline_stage_seconds{stage=""worker_send_wait"",quantile=""0.99""}",0.015432184945516793
1791660735.621,133.597,"ztreamer_pipeline_stage_seconds{stage=""worker_send_wait"",quantile=""0.999""}",0.017476467478824094
1791660735.621,133.597,"ztreamer_pipeline_stage_seconds_sum{stage=""worker_send_wait""}",39.57691323300001
1791660735.621,133.597,"ztreamer_pipeline_stage_seconds_count{stage=""worker_send_wait""}",6392.0
1791660735.621,133.597,"ztreamer_pipeline_stage_seconds{stage=""txid_read"",quantile=""0.5""}",3.778871522449133e-05
1791660735.621,133.597,"ztreamer_pipeline_stage_seconds{stage=""txid_read"",quantile=""0.9""}",0.0002588401074818331
1791660735.621,133.597,"ztreamer_pipeline_stage_seconds{stage=""txid_read"",quantile=""0.95""}",0.00036893132906046277
1791660735.621,133.597,"ztreamer_pipeline_stage_seconds{stage=""txid_read"",quantile=""0.99""}",0.0011241815405184574
1791660735.621,133.597,"ztreamer_pipeline_stage_seconds{stage=""txid_read"",quantile=""0.999""}",0.005137955596178359
1791660735.621,133.597,"ztreamer_pipeline_stage_seconds_sum{stage=""txid_read""}",0.7676027960000017
1791660735.621,133.597,"ztreamer_pipeline_stage_seconds_count{stage=""txid_read""}",6392.0
1791660735.621,133.597,"ztreamer_pipeline_stage_seconds{stage=""parse"",quantile=""0.5""}",0.00010237172202218355
1791660735.621,133.597,"ztreamer_pipeline_stage_seconds{stage=""parse"",quantile=""0.9""}",0.00014588381591789092
1791660735.621,133.597,"ztreamer_pipeline_stage_seconds{stage=""parse"",quantile=""0.95""}",0.0001711620081475056
1791660735.621,133.597,"ztreamer_pipeline_stage_seconds{stage=""parse"",quantile=""0.99""}",0.00025290414043177014
1791660735.621,133.597,"ztreamer_pipeline_stage_seconds{stage=""parse"",quantile=""0.999""}",0.0008783195938468878
1791660735.621,133.597,"ztreamer_pipeline_stage_seconds_sum{stage=""parse""}",0.7221469190000003
1791660735.621,133.597,"ztreamer_pipeline_stage_seconds_count{stage=""parse""}",6392.0
1791660735.621,133.597,"ztreamer_pipeline_batch_send_wait_seconds{quantile=""0.5""}",7.473851885876074e-06
1791660735.621,133.597,ztreamer_pipeline_batch_send_wait_seconds_sum,0.00014658300000000002
1791660735.621,133.597,ztreamer_pipeline_batch_send_wait_seconds_count,19.0
1791660735.621,133.597,"sync_stage_duration_seconds{stage=""obtain_tips"",quantile=""1""}",6.00223827
1791660735.621,133.597,"sync_stage_duration_seconds_sum{stage=""obtain_tips""}",12.004042222999999
1791660735.621,133.597,"sync_stage_duration_seconds_count{stage=""obtain_tips""}",2.0
1791660738.460,136.437,ztreamer_pipeline_committed_blocks,1814266.0
1791660738.460,136.437,ztreamer_pipeline_source_transactions,2397288.0
1791660738.460,136.437,ztreamer_pipeline_source_blocks,1869312.0
1791660738.460,136.437,ztreamer_pipeline_source_bytes,3632148752.0
1791660738.460,136.437,ztreamer_pipeline_first_missing_height,1869507.0
1791660738.460,136.437,ztreamer_pipeline_ready_bytes,15126520.0
1791660738.460,136.437,ztreamer_index_durable_block_height,1814265.0
1791660738.460,136.437,ztreamer_pipeline_pending_bytes,15188728.0
1791660738.460,136.437,ztreamer_index_generation,22.0
1791660738.460,136.437,ztreamer_index_sealed_block_height,1813999.0
1791660738.460,136.437,"ztreamer_pipeline_commit_seconds{outcome=""success"",quantile=""0.5""}",0.2127792554278202
1791660738.460,136.437,"ztreamer_pipeline_commit_seconds{outcome=""success"",quantile=""0.9""}",0.2816472129230484
1791660738.460,136.437,"ztreamer_pipeline_commit_seconds{outcome=""success"",quantile=""0.95""}",0.3231948106035492
1791660738.460,136.437,"ztreamer_pipeline_commit_seconds{outcome=""success"",quantile=""0.99""}",0.3668141331704798
1791660738.460,136.437,"ztreamer_pipeline_commit_seconds{outcome=""success"",quantile=""0.999""}",0.3668141331704798
1791660738.460,136.437,"ztreamer_pipeline_commit_seconds{outcome=""success"",quantile=""1""}",0.424800716
1791660738.460,136.437,"ztreamer_pipeline_commit_seconds_sum{outcome=""success""}",4.860987599
1791660738.460,136.437,"ztreamer_pipeline_commit_seconds_count{outcome=""success""}",22.0
1791660738.460,136.437,"ztreamer_pipeline_receive_wait_seconds{quantile=""0.5""}",7.948835409017809e-05
1791660738.460,136.437,"ztreamer_pipeline_receive_wait_seconds{quantile=""0.9""}",7.948835409017809e-05
1791660738.460,136.437,"ztreamer_pipeline_receive_wait_seconds{quantile=""0.95""}",7.948835409017809e-05
1791660738.460,136.437,"ztreamer_pipeline_receive_wait_seconds{quantile=""0.99""}",7.948835409017809e-05
1791660738.460,136.437,"ztreamer_pipeline_receive_wait_seconds{quantile=""0.999""}",8.213880183903644e-05
1791660738.460,136.437,"ztreamer_pipeline_receive_wait_seconds{quantile=""1""}",0.055774953
1791660738.460,136.437,ztreamer_pipeline_receive_wait_seconds_sum,18.991253909999784
1791660738.460,136.437,ztreamer_pipeline_receive_wait_seconds_count,1869776.0
1791660738.460,136.437,"ztreamer_pipeline_segment_seconds{outcome=""success"",quantile=""0.5""}",0.010507142445308428
1791660738.460,136.437,"ztreamer_pipeline_segment_seconds{outcome=""success"",quantile=""0.9""}",0.012224660442384766
1791660738.460,136.437,"ztreamer_pipeline_segment_seconds{outcome=""success"",quantile=""0.95""}",0.01375022599108979
1791660738.460,136.437,"ztreamer_pipeline_segment_seconds{outcome=""success"",quantile=""0.99""}",0.022328307348712516
1791660738.460,136.437,"ztreamer_pipeline_segment_seconds{outcome=""success"",quantile=""0.999""}",0.08335055482137166
1791660738.460,136.437,"ztreamer_pipeline_segment_seconds{outcome=""success"",quantile=""1""}",0.149238162
1791660738.460,136.437,"ztreamer_pipeline_segment_seconds_sum{outcome=""success""}",82.79031940400012
1791660738.460,136.437,"ztreamer_pipeline_segment_seconds_count{outcome=""success""}",7302.0
1791660738.460,136.437,"ztreamer_pipeline_stage_seconds{stage=""header_read"",quantile=""0.5""}",0.0025034136338122535
1791660738.460,136.437,"ztreamer_pipeline_stage_seconds{stage=""header_read"",quantile=""0.9""}",0.0028481089691147344
1791660738.460,136.437,"ztreamer_pipeline_stage_seconds{stage=""header_read"",quantile=""0.95""}",0.0031363360475485835
1791660738.460,136.437,"ztreamer_pipeline_stage_seconds{stage=""header_read"",quantile=""0.99""}",0.0066662351632580516
1791660738.460,136.437,"ztreamer_pipeline_stage_seconds{stage=""header_read"",quantile=""0.999""}",0.06024714977530348
1791660738.460,136.437,"ztreamer_pipeline_stage_seconds{stage=""header_read"",quantile=""1""}",0.103017039
1791660738.460,136.437,"ztreamer_pipeline_stage_seconds_sum{stage=""header_read""}",20.314798567000047
1791660738.460,136.437,"ztreamer_pipeline_stage_seconds_count{stage=""header_read""}",7303.0
1791660738.460,136.437,"ztreamer_pipeline_stage_seconds{stage=""transaction_read"",quantile=""0.5""}",0.0004457733001852278
1791660738.460,136.437,"ztreamer_pipeline_stage_seconds{stage=""transaction_read"",quantile=""0.9""}",0.0007228563590132636
1791660738.460,136.437,"ztreamer_pipeline_stage_seconds{stage=""transaction_read"",quantile=""0.95""}",0.0009147131598643153
1791660738.460,136.437,"ztreamer_pipeline_stage_seconds{stage=""transaction_read"",quantile=""0.99""}",0.0020365460360524975
1791660738.460,136.437,"ztreamer_pipeline_stage_seconds_sum{stage=""transaction_read""}",4.128367459999988
1791660738.460,136.437,"ztreamer_pipeline_stage_seconds_count{stage=""transaction_read""}",7303.0
1791660738.460,136.437,"ztreamer_pipeline_stage_seconds{stage=""worker_send_wait"",quantile=""0.5""}",0.0058876401095853586
1791660738.460,136.437,"ztreamer_pipeline_stage_seconds{stage=""worker_send_wait"",quantile=""0.9""}",0.006968885116782763
1791660738.460,136.437,"ztreamer_pipeline_stage_seconds{stage=""worker_send_wait"",quantile=""0.95""}",0.007541757595379792
1791660738.460,136.437,"ztreamer_pipeline_stage_seconds{stage=""worker_send_wait"",quantile=""0.99""}",0.015605996947787668
1791660738.460,136.437,"ztreamer_pipeline_stage_seconds{stage=""worker_send_wait"",quantile=""0.999""}",0.017543004395541104
1791660738.460,136.437,"ztreamer_pipeline_stage_seconds_sum{stage=""worker_send_wait""}",45.201560820000026
1791660738.460,136.437,"ztreamer_pipeline_stage_seconds_count{stage=""worker_send_wait""}",7303.0
1791660738.460,136.437,"ztreamer_pipeline_stage_seconds{stage=""txid_read"",quantile=""0.5""}",3.191290643662472e-05
1791660738.460,136.437,"ztreamer_pipeline_stage_seconds{stage=""txid_read"",quantile=""0.9""}",0.00024124439944131588
1791660738.460,136.437,"ztreamer_pipeline_stage_seconds{stage=""txid_read"",quantile=""0.95""}",0.00034509181994593174
1791660738.460,136.437,"ztreamer_pipeline_stage_seconds{stage=""txid_read"",quantile=""0.99""}",0.0009914916535386444
1791660738.460,136.437,"ztreamer_pipeline_stage_seconds_sum{stage=""txid_read""}",0.7912878100000026
1791660738.460,136.437,"ztreamer_pipeline_stage_seconds_count{stage=""txid_read""}",7303.0
1791660738.460,136.437,"ztreamer_pipeline_stage_seconds{stage=""parse"",quantile=""0.5""}",0.00010228985739450997
1791660738.460,136.437,"ztreamer_pipeline_stage_seconds{stage=""parse"",quantile=""0.9""}",0.00014921832823113843
1791660738.460,136.437,"ztreamer_pipeline_stage_seconds{stage=""parse"",quantile=""0.95""}",0.00017291679483458943
1791660738.460,136.437,"ztreamer_pipeline_stage_seconds{stage=""parse"",quantile=""0.99""}",0.00025023751461956885
1791660738.460,136.437,"ztreamer_pipeline_stage_seconds_sum{stage=""parse""}",0.82646384
1791660738.460,136.437,"ztreamer_pipeline_stage_seconds_count{stage=""parse""}",7302.0
1791660738.460,136.437,"ztreamer_pipeline_batch_send_wait_seconds{quantile=""0.99""}",9.59853530513119e-06
1791660738.460,136.437,"ztreamer_pipeline_batch_send_wait_seconds{quantile=""0.999""}",9.59853530513119e-06
1791660738.460,136.437,"ztreamer_pipeline_batch_send_wait_seconds{quantile=""1""}",1.0079e-05
1791660738.460,136.437,ztreamer_pipeline_batch_send_wait_seconds_sum,0.00017097800000000002
1791660738.460,136.437,ztreamer_pipeline_batch_send_wait_seconds_count,22.0
1791660740.460,138.437,ztreamer_pipeline_source_transactions,2558815.0
1791660740.460,138.437,ztreamer_pipeline_source_bytes,3980867304.0
1791660740.460,138.437,ztreamer_pipeline_committed_blocks,1947000.0
1791660740.460,138.437,ztreamer_pipeline_source_blocks,2022912.0
1791660740.460,138.437,ztreamer_pipeline_ready_bytes,15034884.0
1791660740.460,138.437,ztreamer_pipeline_pending_bytes,15098052.0
1791660740.460,138.437,ztreamer_index_sealed_block_height,1946999.0
1791660740.460,138.437,ztreamer_index_durable_block_height,1946999.0
1791660740.460,138.437,ztreamer_pipeline_first_missing_height,2023141.0
1791660740.460,138.437,ztreamer_index_generation,24.0
1791660740.460,138.437,"ztreamer_pipeline_commit_seconds{outcome=""success"",quantile=""0.5""}",0.2163841432017631
1791660740.460,138.437,"ztreamer_pipeline_commit_seconds{outcome=""success"",quantile=""0.9""}",0.3668141331704798
1791660740.460,138.437,"ztreamer_pipeline_commit_seconds{outcome=""success"",quantile=""0.95""}",0.39760349735483447
1791660740.460,138.437,"ztreamer_pipeline_commit_seconds{outcome=""success"",quantile=""0.99""}",0.4248156334377377
1791660740.460,138.437,"ztreamer_pipeline_commit_seconds{outcome=""success"",quantile=""0.999""}",0.4248156334377377
1791660740.460,138.437,"ztreamer_pipeline_commit_seconds{outcome=""success"",quantile=""1""}",0.469500692
1791660740.460,138.437,"ztreamer_pipeline_commit_seconds_sum{outcome=""success""}",5.72811598
1791660740.460,138.437,"ztreamer_pipeline_commit_seconds_count{outcome=""success""}",24.0
1791660740.460,138.437,"ztreamer_pipeline_receive_wait_seconds{quantile=""0.999""}",8.243503442536868e-05
1791660740.460,138.437,ztreamer_pipeline_receive_wait_seconds_sum,20.855056595000026
1791660740.460,138.437,ztreamer_pipeline_receive_wait_seconds_count,2023496.0
1791660740.460,138.437,"ztreamer_pipeline_segment_seconds{outcome=""success"",quantile=""0.5""}",0.010515551522475092
1791660740.460,138.437,"ztreamer_pipeline_segment_seconds{outcome=""success"",quantile=""0.9""}",0.012310533270017318
1791660740.460,138.437,"ztreamer_pipeline_segment_seconds{outcome=""success"",quantile=""0.95""}",0.0139552427179954
1791660740.460,138.437,"ztreamer_pipeline_segment_seconds{outcome=""success"",quantile=""0.99""}",0.024048082449811978
1791660740.460,138.437,"ztreamer_pipeline_segment_seconds{outcome=""success"",quantile=""0.999""}",0.10297181051022324
1791660740.460,138.437,"ztreamer_pipeline_segment_seconds_sum{outcome=""success""}",90.82378881500034
1791660740.460,138.437,"ztreamer_pipeline_segment_seconds_count{outcome=""success""}",7905.0
1791660740.460,138.437,"ztreamer_pipeline_stage_seconds{stage=""header_read"",quantile=""0.5""}",0.0025109351513739656
1791660740.460,138.437,"ztreamer_pipeline_stage_seconds{stage=""header_read"",quantile=""0.9""}",0.002870985223956711
1791660740.460,138.437,"ztreamer_pipeline_stage_seconds{stage=""header_read"",quantile=""0.95""}",0.0032299131711116817
1791660740.460,138.437,"ztreamer_pipeline_stage_seconds{stage=""header_read"",quantile=""0.99""}",0.00925214353667173
1791660740.460,138.437,"ztreamer_pipeline_stage_seconds{stage=""header_read"",quantile=""0.999""}",0.06934231078218696
1791660740.460,138.437,"ztreamer_pipeline_stage_seconds_sum{stage=""header_read""}",22.932340706000048
1791660740.460,138.437,"ztreamer_pipeline_stage_seconds_count{stage=""header_read""}",7905.0
1791660740.460,138.437,"ztreamer_pipeline_stage_seconds{stage=""transaction_read"",quantile=""0.5""}",0.00044559502652166927
1791660740.460,138.437,"ztreamer_pipeline_stage_seconds{stage=""transaction_read"",quantile=""0.9""}",0.0007314365878694473
1791660740.460,138.437,"ztreamer_pipeline_stage_seconds{stage=""transaction_read"",quantile=""0.95""}",0.0009672050589786454
1791660740.460,138.437,"ztreamer_pipeline_stage_seconds{stage=""transaction_read"",quantile=""0.99""}",0.0020255783268875198
1791660740.460,138.437,"ztreamer_pipeline_stage_seconds{stage=""transaction_read"",quantile=""0.999""}",0.010210894706015194
1791660740.460,138.437,"ztreamer_pipeline_stage_seconds_sum{stage=""transaction_read""}",4.489330053999978
1791660740.460,138.437,"ztreamer_pipeline_stage_seconds_count{stage=""transaction_read""}",7904.0
1791660740.460,138.437,"ztreamer_pipeline_stage_seconds{stage=""worker_send_wait"",quantile=""0.9""}",0.006975857487527131
1791660740.460,138.437,"ztreamer_pipeline_stage_seconds{stage=""worker_send_wait"",quantile=""0.95""}",0.00754930312513641
1791660740.460,138.437,"ztreamer_pipeline_stage_seconds{stage=""worker_send_wait"",quantile=""0.99""}",0.01530309751777387
1791660740.460,138.437,"ztreamer_pipeline_stage_seconds{stage=""worker_send_wait"",quantile=""0.999""}",0.017476467478824094
1791660740.460,138.437,"ztreamer_pipeline_stage_seconds_sum{stage=""worker_send_wait""}",48.86624110799995
1791660740.460,138.437,"ztreamer_pipeline_stage_seconds_count{stage=""worker_send_wait""}",7905.0
1791660740.460,138.437,"ztreamer_pipeline_stage_seconds{stage=""txid_read"",quantile=""0.5""}",3.032008967186921e-05
1791660740.460,138.437,"ztreamer_pipeline_stage_seconds{stage=""txid_read"",quantile=""0.9""}",0.00022911189874741703
1791660740.460,138.437,"ztreamer_pipeline_stage_seconds{stage=""txid_read"",quantile=""0.95""}",0.0003332225304070966
1791660740.460,138.437,"ztreamer_pipeline_stage_seconds{stage=""txid_read"",quantile=""0.99""}",0.000932445336761905
1791660740.460,138.437,"ztreamer_pipeline_stage_seconds{stage=""txid_read"",quantile=""0.999""}",0.004926630354408984
1791660740.460,138.437,"ztreamer_pipeline_stage_seconds_sum{stage=""txid_read""}",0.8123968140000027
1791660740.460,138.437,"ztreamer_pipeline_stage_seconds_count{stage=""txid_read""}",7902.0
1791660740.460,138.437,"ztreamer_pipeline_stage_seconds{stage=""parse"",quantile=""0.5""}",0.00010288486241594729
1791660740.460,138.437,"ztreamer_pipeline_stage_seconds{stage=""parse"",quantile=""0.9""}",0.0001512615599849031
1791660740.460,138.437,"ztreamer_pipeline_stage_seconds{stage=""parse"",quantile=""0.95""}",0.0001760222705322284
1791660740.460,138.437,"ztreamer_pipeline_stage_seconds{stage=""parse"",quantile=""0.99""}",0.00025098935436166693
1791660740.460,138.437,"ztreamer_pipeline_stage_seconds{stage=""parse"",quantile=""0.999""}",0.0008336473984537395
1791660740.460,138.437,"ztreamer_pipeline_stage_seconds_sum{stage=""parse""}",0.9012798780000012
1791660740.460,138.437,"ztreamer_pipeline_stage_seconds_count{stage=""parse""}",7902.0
1791660740.460,138.437,ztreamer_pipeline_batch_send_wait_seconds_sum,0.000186257
1791660740.460,138.437,ztreamer_pipeline_batch_send_wait_seconds_count,24.0
1791660742.461,140.437,ztreamer_pipeline_source_bytes,4222098565.0
1791660742.461,140.437,ztreamer_pipeline_committed_blocks,2032000.0
1791660742.461,140.437,ztreamer_pipeline_source_transactions,2682703.0
1791660742.461,140.437,ztreamer_pipeline_source_blocks,2143232.0
1791660742.461,140.437,ztreamer_pipeline_pending_bytes,5654664.0
1791660742.461,140.437,ztreamer_index_generation,25.0
1791660742.461,140.437,ztreamer_pipeline_ready_bytes,5645448.0
1791660742.461,140.437,ztreamer_index_durable_block_height,2031999.0
1791660742.461,140.437,ztreamer_pipeline_first_missing_height,2143412.0
1791660742.461,140.437,ztreamer_index_sealed_block_height,2031999.0
1791660742.461,140.437,"ztreamer_pipeline_commit_seconds{outcome=""success"",quantile=""0.5""}",0.21904019875267794
1791660742.461,140.437,"ztreamer_pipeline_commit_seconds{outcome=""success"",quantile=""0.9""}",0.39760349735483447
1791660742.461,140.437,"ztreamer_pipeline_commit_seconds{outcome=""success"",quantile=""0.95""}",0.4248156334377377
1791660742.461,140.437,"ztreamer_pipeline_commit_seconds{outcome=""success"",quantile=""0.99""}",0.4694938837757703
1791660742.461,140.437,"ztreamer_pipeline_commit_seconds{outcome=""success"",quantile=""0.999""}",0.4694938837757703
1791660742.461,140.437,"ztreamer_pipeline_commit_seconds{outcome=""success"",quantile=""1""}",0.616667554
1791660742.461,140.437,"ztreamer_pipeline_commit_seconds_sum{outcome=""success""}",6.344783534
1791660742.461,140.437,"ztreamer_pipeline_commit_seconds_count{outcome=""success""}",25.0
1791660742.461,140.437,"ztreamer_pipeline_receive_wait_seconds{quantile=""0.5""}",0.05781540510531646
1791660742.461,140.437,"ztreamer_pipeline_receive_wait_seconds{quantile=""0.9""}",0.05781540510531646
1791660742.461,140.437,"ztreamer_pipeline_receive_wait_seconds{quantile=""0.95""}",0.05781540510531646
1791660742.461,140.437,"ztreamer_pipeline_receive_wait_seconds{quantile=""0.99""}",0.05781540510531646
1791660742.461,140.437,"ztreamer_pipeline_receive_wait_seconds{quantile=""0.999""}",0.05781540510531646
1791660742.461,140.437,"ztreamer_pipeline_receive_wait_seconds{quantile=""1""}",0.057812908
1791660742.461,140.437,ztreamer_pipeline_receive_wait_seconds_sum,22.69723004899997
1791660742.461,140.437,ztreamer_pipeline_receive_wait_seconds_count,2143460.0
1791660742.461,140.437,"ztreamer_pipeline_segment_seconds{outcome=""success"",quantile=""0.5""}",0.010526072333561442
1791660742.461,140.437,"ztreamer_pipeline_segment_seconds{outcome=""success"",quantile=""0.9""}",0.012357402291341083
1791660742.461,140.437,"ztreamer_pipeline_segment_seconds{outcome=""success"",quantile=""0.95""}",0.014084223352607986
1791660742.461,140.437,"ztreamer_pipeline_segment_seconds{outcome=""success"",quantile=""0.99""}",0.03847679233799178
1791660742.461,140.437,"ztreamer_pipeline_segment_seconds{outcome=""success"",quantile=""0.999""}",0.1433164707984452
1791660742.461,140.437,"ztreamer_pipeline_segment_seconds{outcome=""success"",quantile=""1""}",0.200160054
1791660742.461,140.437,"ztreamer_pipeline_segment_seconds_sum{outcome=""success""}",98.49642051600027
1791660742.461,140.437,"ztreamer_pipeline_segment_seconds_count{outcome=""success""}",8372.0
1791660742.461,140.437,"ztreamer_pipeline_stage_seconds{stage=""header_read"",quantile=""0.5""}",0.0025149558633413885
1791660742.461,140.437,"ztreamer_pipeline_stage_seconds{stage=""header_read"",quantile=""0.9""}",0.0028790352473840744
1791660742.461,140.437,"ztreamer_pipeline_stage_seconds{stage=""header_read"",quantile=""0.95""}",0.003270213439854549
1791660742.461,140.437,"ztreamer_pipeline_stage_seconds{stage=""header_read"",quantile=""0.99""}",0.010818474330417879
1791660742.461,140.437,"ztreamer_pipeline_stage_seconds{stage=""header_read"",quantile=""0.999""}",0.10301300747340801
1791660742.461,140.437,"ztreamer_pipeline_stage_seconds{stage=""header_read"",quantile=""1""}",0.148060221
1791660742.461,140.437,"ztreamer_pipeline_stage_seconds_sum{stage=""header_read""}",25.94777637900003
1791660742.461,140.437,"ztreamer_pipeline_stage_seconds_count{stage=""header_read""}",8372.0
1791660742.461,140.437,"ztreamer_pipeline_stage_seconds{stage=""transaction_read"",quantile=""0.5""}",0.000444526880742102
1791660742.461,140.437,"ztreamer_pipeline_stage_seconds{stage=""transaction_read"",quantile=""0.9""}",0.0007263344101930965
1791660742.461,140.437,"ztreamer_pipeline_stage_seconds{stage=""transaction_read"",quantile=""0.95""}",0.0009566241052312896
1791660742.461,140.437,"ztreamer_pipeline_stage_seconds{stage=""transaction_read"",quantile=""0.99""}",0.00206980676645468
1791660742.461,140.437,"ztreamer_pipeline_stage_seconds_sum{stage=""transaction_read""}",4.72906156699997
1791660742.461,140.437,"ztreamer_pipeline_stage_seconds_count{stage=""transaction_read""}",8372.0
1791660742.461,140.437,"ztreamer_pipeline_stage_seconds{stage=""worker_send_wait"",quantile=""0.5""}",0.00589470951853747
1791660742.461,140.437,"ztreamer_pipeline_stage_seconds{stage=""worker_send_wait"",quantile=""0.9""}",0.007001015832415882
1791660742.461,140.437,"ztreamer_pipeline_stage_seconds{stage=""worker_send_wait"",quantile=""0.95""}",0.007573499588911896
1791660742.461,140.437,"ztreamer_pipeline_stage_seconds{stage=""worker_send_wait"",quantile=""0.99""}",0.015361359916985043
1791660742.461,140.437,"ztreamer_pipeline_stage_seconds_sum{stage=""worker_send_wait""}",51.85377509399995
1791660742.461,140.437,"ztreamer_pipeline_stage_seconds_count{stage=""worker_send_wait""}",8372.0
1791660742.461,140.437,"ztreamer_pipeline_stage_seconds{stage=""txid_read"",quantile=""0.5""}",2.814614831469347e-05
1791660742.461,140.437,"ztreamer_pipeline_stage_seconds{stage=""txid_read"",quantile=""0.9""}",0.00022070137091304018
1791660742.461,140.437,"ztreamer_pipeline_stage_seconds{stage=""txid_read"",quantile=""0.95""}",0.000323827357378035
1791660742.461,140.437,"ztreamer_pipeline_stage_seconds{stage=""txid_read"",quantile=""0.99""}",0.000863169025058829
1791660742.461,140.437,"ztreamer_pipeline_stage_seconds_sum{stage=""txid_read""}",0.8226386860000026
1791660742.461,140.437,"ztreamer_pipeline_stage_seconds_count{stage=""txid_read""}",8372.0
1791660742.461,140.437,"ztreamer_pipeline_stage_seconds{stage=""parse"",quantile=""0.5""}",0.00010302900209804474
1791660742.461,140.437,"ztreamer_pipeline_stage_seconds{stage=""parse"",quantile=""0.9""}",0.00015147347447511884
1791660742.461,140.437,"ztreamer_pipeline_stage_seconds{stage=""parse"",quantile=""0.95""}",0.0001764805239083792
1791660742.461,140.437,"ztreamer_pipeline_stage_seconds{stage=""parse"",quantile=""0.99""}",0.0002507886431726889
1791660742.461,140.437,"ztreamer_pipeline_stage_seconds_sum{stage=""parse""}",0.9562200530000008
1791660742.461,140.437,"ztreamer_pipeline_stage_seconds_count{stage=""parse""}",8372.0
1791660742.461,140.437,ztreamer_pipeline_batch_send_wait_seconds_sum,0.000201255
1791660742.461,140.437,ztreamer_pipeline_batch_send_wait_seconds_count,26.0
1791660745.303,143.279,ztreamer_pipeline_source_blocks,2329344.0
1791660745.303,143.279,ztreamer_pipeline_source_transactions,2870953.0
1791660745.303,143.279,ztreamer_pipeline_source_bytes,4561505416.0
1791660745.303,143.279,ztreamer_pipeline_committed_blocks,2287858.0
1791660745.303,143.279,ztreamer_index_sealed_block_height,2286999.0
1791660745.303,143.279,ztreamer_pipeline_first_missing_height,2329570.0
1791660745.303,143.279,ztreamer_pipeline_pending_bytes,8881480.0
1791660745.303,143.279,ztreamer_index_generation,28.0
1791660745.303,143.279,ztreamer_index_durable_block_height,2287857.0
1791660745.303,143.279,ztreamer_pipeline_ready_bytes,8816320.0
1791660745.303,143.279,"ztreamer_pipeline_commit_seconds{outcome=""success"",quantile=""0.5""}",0.22275115888785618
1791660745.303,143.279,"ztreamer_pipeline_commit_seconds{outcome=""success"",quantile=""0.9""}",0.616621431488342
1791660745.303,143.279,"ztreamer_pipeline_commit_seconds{outcome=""success"",quantile=""0.95""}",0.705745910675357
1791660745.303,143.279,"ztreamer_pipeline_commit_seconds{outcome=""success"",quantile=""0.99""}",0.7201469388236686
1791660745.303,143.279,"ztreamer_pipeline_commit_seconds{outcome=""success"",quantile=""0.999""}",0.7201469388236686
1791660745.303,143.279,"ztreamer_pipeline_commit_seconds{outcome=""success"",quantile=""1""}",0.773431663
1791660745.303,143.279,"ztreamer_pipeline_commit_seconds_sum{outcome=""success""}",8.544070016000001
1791660745.303,143.279,"ztreamer_pipeline_commit_seconds_count{outcome=""success""}",28.0
1791660745.303,143.279,ztreamer_pipeline_receive_wait_seconds_sum,25.4153756670003
1791660745.303,143.279,ztreamer_pipeline_receive_wait_seconds_count,2329930.0
1791660745.303,143.279,"ztreamer_pipeline_segment_seconds{outcome=""success"",quantile=""0.9""}",0.012384618503328742
1791660745.303,143.279,"ztreamer_pipeline_segment_seconds{outcome=""success"",quantile=""0.95""}",0.014174651443596259
1791660745.303,143.279,"ztreamer_pipeline_segment_seconds{outcome=""success"",quantile=""0.99""}",0.0531147816959835
1791660745.303,143.279,"ztreamer_pipeline_segment_seconds{outcome=""success"",quantile=""0.999""}",0.15522183197103095
1791660745.303,143.279,"ztreamer_pipeline_segment_seconds_sum{outcome=""success""}",110.20662084600013
1791660745.303,143.279,"ztreamer_pipeline_segment_seconds_count{outcome=""success""}",9103.0
1791660745.303,143.279,"ztreamer_pipeline_stage_seconds{stage=""header_read"",quantile=""0.5""}",0.002522007607617098
1791660745.303,143.279,"ztreamer_pipeline_stage_seconds{stage=""header_read"",quantile=""0.9""}",0.002891152624142131
1791660745.303,143.279,"ztreamer_pipeline_stage_seconds{stage=""header_read"",quantile=""0.95""}",0.0033309423600605933
1791660745.303,143.279,"ztreamer_pipeline_stage_seconds{stage=""header_read"",quantile=""0.99""}",0.03272224960509612
1791660745.303,143.279,"ztreamer_pipeline_stage_seconds{stage=""header_read"",quantile=""0.999""}",0.10655435883376801
1791660745.303,143.279,"ztreamer_pipeline_stage_seconds_sum{stage=""header_read""}",30.108368310999992
1791660745.303,143.279,"ztreamer_pipeline_stage_seconds_count{stage=""header_read""}",9099.0
1791660745.303,143.279,"ztreamer_pipeline_stage_seconds{stage=""transaction_read"",quantile=""0.5""}",0.00043834686543816096
1791660745.303,143.279,"ztreamer_pipeline_stage_seconds{stage=""transaction_read"",quantile=""0.9""}",0.0007139482843366385
1791660745.303,143.279,"ztreamer_pipeline_stage_seconds{stage=""transaction_read"",quantile=""0.95""}",0.0009240909797018043
1791660745.303,143.279,"ztreamer_pipeline_stage_seconds{stage=""transaction_read"",quantile=""0.99""}",0.0020227445013611596
1791660745.303,143.279,"ztreamer_pipeline_stage_seconds_sum{stage=""transaction_read""}",5.055969301999974
1791660745.303,143.279,"ztreamer_pipeline_stage_seconds_count{stage=""transaction_read""}",9103.0
1791660745.303,143.279,"ztreamer_pipeline_stage_seconds{stage=""worker_send_wait"",quantile=""0.5""}",0.00589942717297819
1791660745.303,143.279,"ztreamer_pipeline_stage_seconds{stage=""worker_send_wait"",quantile=""0.9""}",0.007033294689806224
1791660745.303,143.279,"ztreamer_pipeline_stage_seconds{stage=""worker_send_wait"",quantile=""0.95""}",0.007588661745242538
1791660745.303,143.279,"ztreamer_pipeline_stage_seconds{stage=""worker_send_wait"",quantile=""0.999""}",0.017403220242039524
1791660745.303,143.279,"ztreamer_pipeline_stage_seconds_sum{stage=""worker_send_wait""}",56.41346835299997
1791660745.303,143.279,"ztreamer_pipeline_stage_seconds_count{stage=""worker_send_wait""}",9103.0
1791660745.303,143.279,"ztreamer_pipeline_stage_seconds{stage=""txid_read"",quantile=""0.5""}",2.5847412978710713e-05
1791660745.303,143.279,"ztreamer_pipeline_stage_seconds{stage=""txid_read"",quantile=""0.9""}",0.00021056839658606077
1791660745.303,143.279,"ztreamer_pipeline_stage_seconds{stage=""txid_read"",quantile=""0.95""}",0.00031063249522018835
1791660745.303,143.279,"ztreamer_pipeline_stage_seconds{stage=""txid_read"",quantile=""0.99""}",0.0008328141677373021
1791660745.303,143.279,"ztreamer_pipeline_stage_seconds{stage=""txid_read"",quantile=""0.999""}",0.004018285244729032
1791660745.303,143.279,"ztreamer_pipeline_stage_seconds_sum{stage=""txid_read""}",0.8358848590000014
1791660745.303,143.279,"ztreamer_pipeline_stage_seconds_count{stage=""txid_read""}",9103.0
1791660745.303,143.279,"ztreamer_pipeline_stage_seconds{stage=""parse"",quantile=""0.5""}",0.00010265876451676049
1791660745.303,143.279,"ztreamer_pipeline_stage_seconds{stage=""parse"",quantile=""0.9""}",0.0001506275936919988
1791660745.303,143.279,"ztreamer_pipeline_stage_seconds{stage=""parse"",quantile=""0.95""}",0.00017553009753684405
1791660745.303,143.279,"ztreamer_pipeline_stage_seconds{stage=""parse"",quantile=""0.99""}",0.0002484919685502963
1791660745.303,143.279,"ztreamer_pipeline_stage_seconds{stage=""parse"",quantile=""0.999""}",0.0008073929924495242
1791660745.303,143.279,"ztreamer_pipeline_stage_seconds_sum{stage=""parse""}",1.0362062430000003
1791660745.303,143.279,"ztreamer_pipeline_stage_seconds_count{stage=""parse""}",9103.0
1791660745.303,143.279,"ztreamer_pipeline_batch_send_wait_seconds{quantile=""0.5""}",7.433601858439776e-06
1791660745.303,143.279,ztreamer_pipeline_batch_send_wait_seconds_sum,0.000215792
1791660745.303,143.279,ztreamer_pipeline_batch_send_wait_seconds_count,28.0
1791660747.303,145.279,ztreamer_pipeline_source_bytes,4800266560.0
1791660747.303,145.279,ztreamer_pipeline_committed_blocks,2370506.0
1791660747.303,145.279,ztreamer_pipeline_source_transactions,3010733.0
1791660747.303,145.279,ztreamer_pipeline_source_blocks,2467840.0
1791660747.303,145.279,ztreamer_index_generation,29.0
1791660747.303,145.279,ztreamer_index_sealed_block_height,2369999.0
1791660747.303,145.279,ztreamer_index_durable_block_height,2370505.0
1791660747.303,145.279,ztreamer_pipeline_first_missing_height,2468054.0
1791660747.303,145.279,ztreamer_pipeline_pending_bytes,2088788.0
1791660747.303,145.279,ztreamer_pipeline_ready_bytes,2025812.0
1791660747.303,145.279,"ztreamer_pipeline_commit_seconds{outcome=""success"",quantile=""0.5""}",0.22953494164234514
1791660747.303,145.279,"ztreamer_pipeline_commit_seconds{outcome=""success"",quantile=""0.9""}",0.705745910675357
1791660747.303,145.279,"ztreamer_pipeline_commit_seconds{outcome=""success"",quantile=""0.95""}",0.7201469388236686
1791660747.303,145.279,"ztreamer_pipeline_commit_seconds{outcome=""success"",quantile=""0.99""}",0.7734455499242405
1791660747.303,145.279,"ztreamer_pipeline_commit_seconds{outcome=""success"",quantile=""0.999""}",0.7734455499242405
1791660747.303,145.279,"ztreamer_pipeline_commit_seconds{outcome=""success"",quantile=""1""}",0.850820744
1791660747.303,145.279,"ztreamer_pipeline_commit_seconds_sum{outcome=""success""}",9.394890760000001
1791660747.303,145.279,"ztreamer_pipeline_commit_seconds_count{outcome=""success""}",29.0
1791660747.303,145.279,ztreamer_pipeline_receive_wait_seconds_sum,27.28542581600085
1791660747.303,145.279,ztreamer_pipeline_receive_wait_seconds_count,2468394.0
1791660747.303,145.279,"ztreamer_pipeline_segment_seconds{outcome=""success"",quantile=""0.5""}",0.010521862746587509
1791660747.303,145.279,"ztreamer_pipeline_segment_seconds{outcome=""success"",quantile=""0.9""}",0.012399488966075501
1791660747.303,145.279,"ztreamer_pipeline_segment_seconds{outcome=""success"",quantile=""0.95""}",0.014257103301491946
1791660747.303,145.279,"ztreamer_pipeline_segment_seconds{outcome=""success"",quantile=""0.99""}",0.05904236662203908
1791660747.303,145.279,"ztreamer_pipeline_segment_seconds{outcome=""success"",quantile=""0.999""}",0.15763074924638776
1791660747.303,145.279,"ztreamer_pipeline_segment_seconds{outcome=""success"",quantile=""1""}",0.204485339
1791660747.303,145.279,"ztreamer_pipeline_segment_seconds_sum{outcome=""success""}",118.14889809800006
1791660747.303,145.279,"ztreamer_pipeline_segment_seconds_count{outcome=""success""}",9640.0
1791660747.303,145.279,"ztreamer_pipeline_stage_seconds{stage=""header_read"",quantile=""0.5""}",0.002524026020967612
1791660747.303,145.279,"ztreamer_pipeline_stage_seconds{stage=""header_read"",quantile=""0.9""}",0.002896361385361683
1791660747.303,145.279,"ztreamer_pipeline_stage_seconds{stage=""header_read"",quantile=""0.95""}",0.003334274968458242
1791660747.303,145.279,"ztreamer_pipeline_stage_seconds{stage=""header_read"",quantile=""0.99""}",0.04085606430648736
1791660747.303,145.279,"ztreamer_pipeline_stage_seconds{stage=""header_read"",quantile=""0.999""}",0.12683097152403197
1791660747.303,145.279,"ztreamer_pipeline_stage_seconds{stage=""header_read"",quantile=""1""}",0.148675196
1791660747.303,145.279,"ztreamer_pipeline_stage_seconds_sum{stage=""header_read""}",33.10338805399999
1791660747.303,145.279,"ztreamer_pipeline_stage_seconds_count{stage=""header_read""}",9640.0
1791660747.303,145.279,"ztreamer_pipeline_stage_seconds{stage=""transaction_read"",quantile=""0.5""}",0.00043459324608089556
1791660747.303,145.279,"ztreamer_pipeline_stage_seconds{stage=""transaction_read"",quantile=""0.9""}",0.00070247550253339
1791660747.303,145.279,"ztreamer_pipeline_stage_seconds{stage=""transaction_read"",quantile=""0.95""}",0.0009027182864437554
1791660747.303,145.279,"ztreamer_pipeline_stage_seconds{stage=""transaction_read"",quantile=""0.99""}",0.0019974178137626484
1791660747.303,145.279,"ztreamer_pipeline_stage_seconds{stage=""transaction_read"",quantile=""0.999""}",0.008321605941478608
1791660747.303,145.279,"ztreamer_pipeline_stage_seconds_sum{stage=""transaction_read""}",5.280844926999976
1791660747.303,145.279,"ztreamer_pipeline_stage_seconds_count{stage=""transaction_read""}",9640.0
1791660747.303,145.279,"ztreamer_pipeline_stage_seconds{stage=""worker_send_wait"",quantile=""0.5""}",0.0059006071764131285
1791660747.303,145.279,"ztreamer_pipeline_stage_seconds{stage=""worker_send_wait"",quantile=""0.9""}",0.0070403315023393545
1791660747.303,145.279,"ztreamer_pipeline_stage_seconds{stage=""worker_send_wait"",quantile=""0.95""}",0.007599293312081615
1791660747.303,145.279,"ztreamer_pipeline_stage_seconds{stage=""worker_send_wait"",quantile=""0.99""}",0.015432184945516793
1791660747.303,145.279,"ztreamer_pipeline_stage_seconds{stage=""worker_send_wait"",quantile=""0.999""}",0.017344149769727167
1791660747.303,145.279,"ztreamer_pipeline_stage_seconds_sum{stage=""worker_send_wait""}",59.76945439599991
1791660747.303,145.279,"ztreamer_pipeline_stage_seconds_count{stage=""worker_send_wait""}",9640.0
1791660747.303,145.279,"ztreamer_pipeline_stage_seconds{stage=""txid_read"",quantile=""0.9""}",0.00020296032663020029
1791660747.303,145.279,"ztreamer_pipeline_stage_seconds{stage=""txid_read"",quantile=""0.95""}",0.0003024181087521061
1791660747.303,145.279,"ztreamer_pipeline_stage_seconds{stage=""txid_read"",quantile=""0.99""}",0.0007942597344043164
1791660747.303,145.279,"ztreamer_pipeline_stage_seconds{stage=""txid_read"",quantile=""0.999""}",0.003778984245459124
1791660747.303,145.279,"ztreamer_pipeline_stage_seconds_sum{stage=""txid_read""}",0.8461111930000024
1791660747.303,145.279,"ztreamer_pipeline_stage_seconds_count{stage=""txid_read""}",9640.0
1791660747.303,145.279,"ztreamer_pipeline_stage_seconds{stage=""parse"",quantile=""0.5""}",0.00010237172202218355
1791660747.303,145.279,"ztreamer_pipeline_stage_seconds{stage=""parse"",quantile=""0.9""}",0.0001499362979578841
1791660747.303,145.279,"ztreamer_pipeline_stage_seconds{stage=""parse"",quantile=""0.95""}",0.00017461971008539694
1791660747.303,145.279,"ztreamer_pipeline_stage_seconds{stage=""parse"",quantile=""0.99""}",0.0002453315412274341
1791660747.303,145.279,"ztreamer_pipeline_stage_seconds{stage=""parse"",quantile=""0.999""}",0.0008072315299972795
1791660747.303,145.279,"ztreamer_pipeline_stage_seconds_sum{stage=""parse""}",1.0944817580000017
1791660747.303,145.279,"ztreamer_pipeline_stage_seconds_count{stage=""parse""}",9640.0
1791660747.303,145.279,ztreamer_pipeline_batch_send_wait_seconds_sum,0.000230891
1791660747.303,145.279,ztreamer_pipeline_batch_send_wait_seconds_count,30.0
1791660750.145,148.121,ztreamer_pipeline_source_bytes,5061662301.0
1791660750.145,148.121,ztreamer_pipeline_source_blocks,2619392.0
1791660750.145,148.121,ztreamer_pipeline_committed_blocks,2544629.0
1791660750.145,148.121,ztreamer_pipeline_source_transactions,3163853.0
1791660750.145,148.121,ztreamer_index_generation,31.0
1791660750.145,148.121,ztreamer_pipeline_pending_bytes,14700716.0
1791660750.145,148.121,ztreamer_pipeline_ready_bytes,14645996.0
1791660750.145,148.121,ztreamer_pipeline_first_missing_height,2619613.0
1791660750.145,148.121,ztreamer_index_sealed_block_height,2543999.0
1791660750.145,148.121,ztreamer_index_durable_block_height,2544628.0
1791660750.145,148.121,"ztreamer_pipeline_commit_seconds{outcome=""success"",quantile=""0.5""}",0.26192423158584605
1791660750.145,148.121,"ztreamer_pipeline_commit_seconds{outcome=""success"",quantile=""0.9""}",0.7734455499242405
1791660750.145,148.121,"ztreamer_pipeline_commit_seconds{outcome=""success"",quantile=""0.95""}",0.8508665267529909
1791660750.145,148.121,"ztreamer_pipeline_commit_seconds{outcome=""success"",quantile=""0.99""}",0.9390373678393042
1791660750.145,148.121,"ztreamer_pipeline_commit_seconds{outcome=""success"",quantile=""0.999""}",0.9390373678393042
1791660750.145,148.121,"ztreamer_pipeline_commit_seconds{outcome=""success"",quantile=""1""}",1.020800888
1791660750.145,148.121,"ztreamer_pipeline_commit_seconds_sum{outcome=""success""}",11.354793791
1791660750.145,148.121,"ztreamer_pipeline_commit_seconds_count{outcome=""success""}",31.0
1791660750.145,148.121,"ztreamer_pipeline_receive_wait_seconds{quantile=""0.5""}",8.371435947906959e-05
1791660750.145,148.121,"ztreamer_pipeline_receive_wait_seconds{quantile=""0.9""}",0.05873614318554181
1791660750.145,148.121,"ztreamer_pipeline_receive_wait_seconds{quantile=""0.95""}",0.05873614318554181
1791660750.145,148.121,"ztreamer_pipeline_receive_wait_seconds{quantile=""0.99""}",0.05873614318554181
1791660750.145,148.121,"ztreamer_pipeline_receive_wait_seconds{quantile=""0.999""}",0.05873614318554181
1791660750.145,148.121,"ztreamer_pipeline_receive_wait_seconds{quantile=""1""}",0.058739782
1791660750.145,148.121,ztreamer_pipeline_receive_wait_seconds_sum,30.000119295001316
1791660750.145,148.121,ztreamer_pipeline_receive_wait_seconds_count,2619908.0
1791660750.145,148.121,"ztreamer_pipeline_segment_seconds{outcome=""success"",quantile=""0.5""}",0.010519758584454406
1791660750.145,148.121,"ztreamer_pipeline_segment_seconds{outcome=""success"",quantile=""0.9""}",0.01246164166337156
1791660750.145,148.121,"ztreamer_pipeline_segment_seconds{outcome=""success"",quantile=""0.95""}",0.0146648761909432
1791660750.145,148.121,"ztreamer_pipeline_segment_seconds{outcome=""success"",quantile=""0.99""}",0.09633727024288533
1791660750.145,148.121,"ztreamer_pipeline_segment_seconds{outcome=""success"",quantile=""0.999""}",0.15876978625736235
1791660750.145,148.121,"ztreamer_pipeline_segment_seconds{outcome=""success"",quantile=""1""}",0.207573854
1791660750.145,148.121,"ztreamer_pipeline_segment_seconds_sum{outcome=""success""}",129.53718084599993
1791660750.145,148.121,"ztreamer_pipeline_segment_seconds_count{outcome=""success""}",10232.0
1791660750.145,148.121,"ztreamer_pipeline_stage_seconds{stage=""header_read"",quantile=""0.5""}",0.0025250358333283726
1791660750.145,148.121,"ztreamer_pipeline_stage_seconds{stage=""header_read"",quantile=""0.9""}",0.0029114616913855523
1791660750.145,148.121,"ztreamer_pipeline_stage_seconds{stage=""header_read"",quantile=""0.95""}",0.0034310119782920505
1791660750.145,148.121,"ztreamer_pipeline_stage_seconds{stage=""header_read"",quantile=""0.99""}",0.049385421235847826
1791660750.145,148.121,"ztreamer_pipeline_stage_seconds{stage=""header_read"",quantile=""0.999""}",0.1323771793499554
1791660750.145,148.121,"ztreamer_pipeline_stage_seconds{stage=""header_read"",quantile=""1""}",0.155124776
1791660750.145,148.121,"ztreamer_pipeline_stage_seconds_sum{stage=""header_read""}",38.190710584000044
1791660750.145,148.121,"ztreamer_pipeline_stage_seconds_count{stage=""header_read""}",10235.0
1791660750.145,148.121,"ztreamer_pipeline_stage_seconds{stage=""transaction_read"",quantile=""0.5""}",0.0004325121970061625
1791660750.145,148.121,"ztreamer_pipeline_stage_seconds{stage=""transaction_read"",quantile=""0.9""}",0.0006909106628878932
1791660750.145,148.121,"ztreamer_pipeline_stage_seconds{stage=""transaction_read"",quantile=""0.95""}",0.0008718440180116107
1791660750.145,148.121,"ztreamer_pipeline_stage_seconds{stage=""transaction_read"",quantile=""0.99""}",0.0019818985585414754
1791660750.145,148.121,"ztreamer_pipeline_stage_seconds_sum{stage=""transaction_read""}",5.537265943999976
1791660750.145,148.121,"ztreamer_pipeline_stage_seconds_count{stage=""transaction_read""}",10235.0
1791660750.145,148.121,"ztreamer_pipeline_stage_seconds{stage=""worker_send_wait"",quantile=""0.5""}",0.005904148603052533
1791660750.145,148.121,"ztreamer_pipeline_stage_seconds{stage=""worker_send_wait"",quantile=""0.9""}",0.0070713772115262785
1791660750.145,148.121,"ztreamer_pipeline_stage_seconds{stage=""worker_send_wait"",quantile=""0.95""}",0.007654205671383947
1791660750.145,148.121,"ztreamer_pipeline_stage_seconds{stage=""worker_send_wait"",quantile=""0.99""}",0.015361359916985043
1791660750.145,148.121,"ztreamer_pipeline_stage_seconds_sum{stage=""worker_send_wait""}",63.490107513
1791660750.145,148.121,"ztreamer_pipeline_stage_seconds_count{stage=""worker_send_wait""}",10235.0
1791660750.145,148.121,"ztreamer_pipeline_stage_seconds{stage=""txid_read"",quantile=""0.9""}",0.00019601879049477698
1791660750.145,148.121,"ztreamer_pipeline_stage_seconds{stage=""txid_read"",quantile=""0.95""}",0.0002923087263730238
1791660750.145,148.121,"ztreamer_pipeline_stage_seconds{stage=""txid_read"",quantile=""0.99""}",0.0007632690031946334
1791660750.145,148.121,"ztreamer_pipeline_stage_seconds_sum{stage=""txid_read""}",0.8569194960000022
1791660750.145,148.121,"ztreamer_pipeline_stage_seconds_count{stage=""txid_read""}",10235.0
1791660750.145,148.121,"ztreamer_pipeline_stage_seconds{stage=""parse"",quantile=""0.5""}",0.00010216718318447463
1791660750.145,148.121,"ztreamer_pipeline_stage_seconds{stage=""parse"",quantile=""0.9""}",0.00014912882408782971
1791660750.145,148.121,"ztreamer_pipeline_stage_seconds{stage=""parse"",quantile=""0.95""}",0.00017395741434373651
1791660750.145,148.121,"ztreamer_pipeline_stage_seconds{stage=""parse"",quantile=""0.99""}",0.00024303622959802342
1791660750.145,148.121,"ztreamer_pipeline_stage_seconds_sum{stage=""parse""}",1.1586183410000042
1791660750.145,148.121,"ztreamer_pipeline_stage_seconds_count{stage=""parse""}",10235.0
1791660750.145,148.121,ztreamer_pipeline_batch_send_wait_seconds_sum,0.00023786399999999998
1791660750.145,148.121,ztreamer_pipeline_batch_send_wait_seconds_count,31.0
1791660750.145,148.121,"sync_stage_duration_seconds{stage=""obtain_tips"",quantile=""0""}",6.001264689
1791660750.145,148.121,"sync_stage_duration_seconds_sum{stage=""obtain_tips""}",18.005306911999998
1791660750.145,148.121,"sync_stage_duration_seconds_count{stage=""obtain_tips""}",3.0
1791660752.145,150.121,ztreamer_pipeline_source_bytes,5270492710.0
1791660752.145,150.121,ztreamer_pipeline_source_blocks,2740992.0
1791660752.145,150.121,ztreamer_pipeline_committed_blocks,2630862.0
1791660752.145,150.121,ztreamer_pipeline_source_transactions,3286125.0
1791660752.145,150.121,ztreamer_index_sealed_block_height,2629999.0
1791660752.145,150.121,ztreamer_index_durable_block_height,2630861.0
1791660752.145,150.121,ztreamer_pipeline_first_missing_height,2741200.0
1791660752.145,150.121,ztreamer_pipeline_pending_bytes,4618684.0
1791660752.145,150.121,ztreamer_index_generation,32.0
1791660752.145,150.121,ztreamer_pipeline_ready_bytes,4543996.0
1791660752.145,150.121,"ztreamer_pipeline_commit_seconds{outcome=""success"",quantile=""0.95""}",0.9390373678393042
1791660752.145,150.121,"ztreamer_pipeline_commit_seconds{outcome=""success"",quantile=""0.99""}",1.0207115632093842
1791660752.145,150.121,"ztreamer_pipeline_commit_seconds{outcome=""success"",quantile=""0.999""}",1.0207115632093842
1791660752.145,150.121,"ztreamer_pipeline_commit_seconds{outcome=""success"",quantile=""1""}",1.059699844
1791660752.145,150.121,"ztreamer_pipeline_commit_seconds_sum{outcome=""success""}",12.414493635000001
1791660752.145,150.121,"ztreamer_pipeline_commit_seconds_count{outcome=""success""}",32.0
1791660752.145,150.121,ztreamer_pipeline_receive_wait_seconds_sum,31.88223098400097
1791660752.145,150.121,ztreamer_pipeline_receive_wait_seconds_count,2741623.0
1791660752.145,150.121,"ztreamer_pipeline_segment_seconds{outcome=""success"",quantile=""0.5""}",0.010521862746587509
1791660752.145,150.121,"ztreamer_pipeline_segment_seconds{outcome=""success"",quantile=""0.9""}",0.01247660460938953
1791660752.145,150.121,"ztreamer_pipeline_segment_seconds{outcome=""success"",quantile=""0.95""}",0.014913327257194122
1791660752.145,150.121,"ztreamer_pipeline_segment_seconds{outcome=""success"",quantile=""0.99""}",0.10083194966060516
1791660752.145,150.121,"ztreamer_pipeline_segment_seconds{outcome=""success"",quantile=""0.999""}",0.15842087666770863
1791660752.145,150.121,"ztreamer_pipeline_segment_seconds_sum{outcome=""success""}",137.56522105299982
1791660752.145,150.121,"ztreamer_pipeline_segment_seconds_count{outcome=""success""}",10710.0
1791660752.145,150.121,"ztreamer_pipeline_stage_seconds{stage=""header_read"",quantile=""0.5""}",0.002524026020967612
1791660752.145,150.121,"ztreamer_pipeline_stage_seconds{stage=""header_read"",quantile=""0.9""}",0.002914957542518046
1791660752.145,150.121,"ztreamer_pipeline_stage_seconds{stage=""header_read"",quantile=""0.95""}",0.003443385881116419
1791660752.145,150.121,"ztreamer_pipeline_stage_seconds{stage=""header_read"",quantile=""0.99""}",0.056579982943115635
1791660752.145,150.121,"ztreamer_pipeline_stage_seconds{stage=""header_read"",quantile=""0.999""}",0.13384136659366766
1791660752.145,150.121,"ztreamer_pipeline_stage_seconds_sum{stage=""header_read""}",41.328168819000005
1791660752.145,150.121,"ztreamer_pipeline_stage_seconds_count{stage=""header_read""}",10707.0
1791660752.145,150.121,"ztreamer_pipeline_stage_seconds{stage=""transaction_read"",quantile=""0.5""}",0.00043156171608195806
1791660752.145,150.121,"ztreamer_pipeline_stage_seconds{stage=""transaction_read"",quantile=""0.9""}",0.000685131320520805
1791660752.145,150.121,"ztreamer_pipeline_stage_seconds{stage=""transaction_read"",quantile=""0.95""}",0.00085543535751366
1791660752.145,150.121,"ztreamer_pipeline_stage_seconds{stage=""transaction_read"",quantile=""0.99""}",0.0019252488904837135
1791660752.145,150.121,"ztreamer_pipeline_stage_seconds{stage=""transaction_read"",quantile=""0.999""}",0.008130766974701813
1791660752.145,150.121,"ztreamer_pipeline_stage_seconds_sum{stage=""transaction_read""}",5.741236438999979
1791660752.145,150.121,"ztreamer_pipeline_stage_seconds_count{stage=""transaction_read""}",10707.0
1791660752.145,150.121,"ztreamer_pipeline_stage_seconds{stage=""worker_send_wait"",quantile=""0.5""}",0.005910055704733855
1791660752.145,150.121,"ztreamer_pipeline_stage_seconds{stage=""worker_send_wait"",quantile=""0.9""}",0.007102559822797805
1791660752.145,150.121,"ztreamer_pipeline_stage_seconds{stage=""worker_send_wait"",quantile=""0.95""}",0.007697189465579798
1791660752.145,150.121,"ztreamer_pipeline_stage_seconds{stage=""worker_send_wait"",quantile=""0.99""}",0.015534374220157349
1791660752.145,150.121,"ztreamer_pipeline_stage_seconds{stage=""worker_send_wait"",quantile=""0.999""}",0.017292195290928854
1791660752.145,150.121,"ztreamer_pipeline_stage_seconds_sum{stage=""worker_send_wait""}",66.57610006700016
1791660752.145,150.121,"ztreamer_pipeline_stage_seconds_count{stage=""worker_send_wait""}",10707.0
1791660752.145,150.121,"ztreamer_pipeline_stage_seconds{stage=""txid_read"",quantile=""0.9""}",0.0001903016651524257
1791660752.145,150.121,"ztreamer_pipeline_stage_seconds{stage=""txid_read"",quantile=""0.95""}",0.0002827634057021758
1791660752.145,150.121,"ztreamer_pipeline_stage_seconds{stage=""txid_read"",quantile=""0.99""}",0.0007358383996412248
1791660752.145,150.121,"ztreamer_pipeline_stage_seconds{stage=""txid_read"",quantile=""0.999""}",0.0034098055119330013
1791660752.145,150.121,"ztreamer_pipeline_stage_seconds_sum{stage=""txid_read""}",0.864402297000002
1791660752.145,150.121,"ztreamer_pipeline_stage_seconds_count{stage=""txid_read""}",10707.0
1791660752.145,150.121,"ztreamer_pipeline_stage_seconds{stage=""parse"",quantile=""0.5""}",0.00010194266244409153
1791660752.145,150.121,"ztreamer_pipeline_stage_seconds{stage=""parse"",quantile=""0.9""}",0.00014844440686122076
1791660752.145,150.121,"ztreamer_pipeline_stage_seconds{stage=""parse"",quantile=""0.95""}",0.0001734363241251137
1791660752.145,150.121,"ztreamer_pipeline_stage_seconds{stage=""parse"",quantile=""0.999""}",0.0006934024237610658
1791660752.145,150.121,"ztreamer_pipeline_stage_seconds_sum{stage=""parse""}",1.2088276240000047
1791660752.145,150.121,"ztreamer_pipeline_stage_seconds_count{stage=""parse""}",10707.0
1791660752.145,150.121,"ztreamer_pipeline_batch_send_wait_seconds{quantile=""0.9""}",8.496127861896648e-06
1791660752.145,150.121,ztreamer_pipeline_batch_send_wait_seconds_sum,0.00025154999999999996
1791660752.145,150.121,ztreamer_pipeline_batch_send_wait_seconds_count,33.0
1791660754.145,152.122,ztreamer_pipeline_source_bytes,5427249858.0
1791660754.145,152.122,ztreamer_pipeline_source_transactions,3380404.0
1791660754.145,152.122,ztreamer_pipeline_source_blocks,2834944.0
1791660754.145,152.122,ztreamer_pipeline_committed_blocks,2717691.0
1791660754.145,152.122,ztreamer_pipeline_first_missing_height,2835125.0
1791660754.145,152.122,ztreamer_pipeline_pending_bytes,5886144.0
1791660754.145,152.122,ztreamer_pipeline_ready_bytes,5877120.0
1791660754.145,152.122,ztreamer_index_sealed_block_height,2716999.0
1791660754.145,152.122,ztreamer_index_durable_block_height,2717690.0
1791660754.145,152.122,ztreamer_index_generation,33.0
1791660754.145,152.122,"ztreamer_pipeline_commit_seconds{outcome=""success"",quantile=""0.5""}",0.26498024328226666
1791660754.145,152.122,"ztreamer_pipeline_commit_seconds{outcome=""success"",quantile=""0.9""}",0.8508665267529909
1791660754.145,152.122,"ztreamer_pipeline_commit_seconds{outcome=""success"",quantile=""0.95""}",1.0207115632093842
1791660754.145,152.122,"ztreamer_pipeline_commit_seconds{outcome=""success"",quantile=""0.99""}",1.059609024415574
1791660754.145,152.122,"ztreamer_pipeline_commit_seconds{outcome=""success"",quantile=""0.999""}",1.059609024415574
1791660754.145,152.122,"ztreamer_pipeline_commit_seconds{outcome=""success"",quantile=""1""}",1.09223056
1791660754.145,152.122,"ztreamer_pipeline_commit_seconds_sum{outcome=""success""}",13.506724195
1791660754.145,152.122,"ztreamer_pipeline_commit_seconds_count{outcome=""success""}",33.0
1791660754.145,152.122,ztreamer_pipeline_receive_wait_seconds_sum,33.77621845200107
1791660754.145,152.122,ztreamer_pipeline_receive_wait_seconds_count,2835172.0
1791660754.145,152.122,"ztreamer_pipeline_segment_seconds{outcome=""success"",quantile=""0.5""}",0.010519758584454406
1791660754.145,152.122,"ztreamer_pipeline_segment_seconds{outcome=""success"",quantile=""0.9""}",0.01251409062425044
1791660754.145,152.122,"ztreamer_pipeline_segment_seconds{outcome=""success"",quantile=""0.95""}",0.01518116113309065
1791660754.145,152.122,"ztreamer_pipeline_segment_seconds{outcome=""success"",quantile=""0.99""}",0.11446341665637458
1791660754.145,152.122,"ztreamer_pipeline_segment_seconds{outcome=""success"",quantile=""0.999""}",0.1863553375982161
1791660754.145,152.122,"ztreamer_pipeline_segment_seconds_sum{outcome=""success""}",145.19869503499987
1791660754.145,152.122,"ztreamer_pipeline_segment_seconds_count{outcome=""success""}",11074.0
1791660754.145,152.122,"ztreamer_pipeline_stage_seconds{stage=""header_read"",quantile=""0.5""}",0.0025250358333283726
1791660754.145,152.122,"ztreamer_pipeline_stage_seconds{stage=""header_read"",quantile=""0.9""}",0.0029237155456109287
1791660754.145,152.122,"ztreamer_pipeline_stage_seconds{stage=""header_read"",quantile=""0.95""}",0.003516461594339564
1791660754.145,152.122,"ztreamer_pipeline_stage_seconds{stage=""header_read"",quantile=""0.99""}",0.06934231078218696
1791660754.145,152.122,"ztreamer_pipeline_stage_seconds{stage=""header_read"",quantile=""0.999""}",0.1362178261537401
1791660754.145,152.122,"ztreamer_pipeline_stage_seconds_sum{stage=""header_read""}",44.85182570499997
1791660754.145,152.122,"ztreamer_pipeline_stage_seconds_count{stage=""header_read""}",11074.0
1791660754.145,152.122,"ztreamer_pipeline_stage_seconds{stage=""transaction_read"",quantile=""0.5""}",0.0004296670159220155
1791660754.145,152.122,"ztreamer_pipeline_stage_seconds{stage=""transaction_read"",quantile=""0.9""}",0.0006789928033777351
1791660754.145,152.122,"ztreamer_pipeline_stage_seconds{stage=""transaction_read"",quantile=""0.95""}",0.0008469236334613286
1791660754.145,152.122,"ztreamer_pipeline_stage_seconds{stage=""transaction_read"",quantile=""0.99""}",0.0019060923438856349
1791660754.145,152.122,"ztreamer_pipeline_stage_seconds_sum{stage=""transaction_read""}",5.889656450999973
1791660754.145,152.122,"ztreamer_pipeline_stage_seconds_count{stage=""transaction_read""}",11074.0
1791660754.145,152.122,"ztreamer_pipeline_stage_seconds{stage=""worker_send_wait"",quantile=""0.5""}",0.005911237834087742
1791660754.145,152.122,"ztreamer_pipeline_stage_seconds{stage=""worker_send_wait"",quantile=""0.9""}",0.007113933014679416
1791660754.145,152.122,"ztreamer_pipeline_stage_seconds{stage=""worker_send_wait"",quantile=""0.95""}",0.007704890504948982
1791660754.145,152.122,"ztreamer_pipeline_stage_seconds{stage=""worker_send_wait"",quantile=""0.99""}",0.01556236127463945
1791660754.145,152.122,"ztreamer_pipeline_stage_seconds_sum{stage=""worker_send_wait""}",68.87235282100015
1791660754.145,152.122,"ztreamer_pipeline_stage_seconds_count{stage=""worker_send_wait""}",11074.0
1791660754.145,152.122,"ztreamer_pipeline_stage_seconds{stage=""txid_read"",quantile=""0.9""}",0.00018515818695058543
1791660754.145,152.122,"ztreamer_pipeline_stage_seconds{stage=""txid_read"",quantile=""0.95""}",0.000278442207864246
1791660754.145,152.122,"ztreamer_pipeline_stage_seconds{stage=""txid_read"",quantile=""0.99""}",0.0007258987402595782
1791660754.145,152.122,"ztreamer_pipeline_stage_seconds_sum{stage=""txid_read""}",0.8698972020000023
1791660754.145,152.122,"ztreamer_pipeline_stage_seconds_count{stage=""txid_read""}",11074.0
1791660754.145,152.122,"ztreamer_pipeline_stage_seconds{stage=""parse"",quantile=""0.5""}",0.00010167795578862477
1791660754.145,152.122,"ztreamer_pipeline_stage_seconds{stage=""parse"",quantile=""0.9""}",0.00014838504097224777
1791660754.145,152.122,"ztreamer_pipeline_stage_seconds{stage=""parse"",quantile=""0.95""}",0.00017308979811722514
1791660754.145,152.122,"ztreamer_pipeline_stage_seconds{stage=""parse"",quantile=""0.99""}",0.00024293903454616659
1791660754.145,152.122,"ztreamer_pipeline_stage_seconds_sum{stage=""parse""}",1.247909033000006
1791660754.145,152.122,"ztreamer_pipeline_stage_seconds_count{stage=""parse""}",11074.0
1791660754.145,152.122,"ztreamer_pipeline_batch_send_wait_seconds{quantile=""0.5""}",7.41429959735651e-06
1791660754.145,152.122,ztreamer_pipeline_batch_send_wait_seconds_sum,0.00025889399999999996
1791660754.145,152.122,ztreamer_pipeline_batch_send_wait_seconds_count,34.0
1791660756.985,154.962,ztreamer_pipeline_committed_blocks,2891770.0
1791660756.985,154.962,ztreamer_pipeline_source_blocks,2977536.0
1791660756.985,154.962,ztreamer_pipeline_source_transactions,3523747.0
1791660756.985,154.962,ztreamer_pipeline_source_bytes,5657170754.0
1791660756.985,154.962,ztreamer_pipeline_ready_bytes,16650836.0
1791660756.985,154.962,ztreamer_pipeline_first_missing_height,2977992.0
1791660756.985,154.962,ztreamer_pipeline_pending_bytes,16682516.0
1791660756.985,154.962,ztreamer_index_sealed_block_height,2890999.0
1791660756.985,154.962,ztreamer_index_generation,35.0
1791660756.985,154.962,ztreamer_index_durable_block_height,2891769.0
1791660756.985,154.962,"ztreamer_pipeline_commit_seconds{outcome=""success"",quantile=""0.5""}",0.27845466677333713
1791660756.985,154.962,"ztreamer_pipeline_commit_seconds{outcome=""success"",quantile=""0.9""}",1.0207115632093842
1791660756.985,154.962,"ztreamer_pipeline_commit_seconds{outcome=""success"",quantile=""0.95""}",1.0923157624691116
1791660756.985,154.962,"ztreamer_pipeline_commit_seconds{outcome=""success"",quantile=""0.99""}",1.1524613914176496
1791660756.985,154.962,"ztreamer_pipeline_commit_seconds{outcome=""success"",quantile=""0.999""}",1.1524613914176496
1791660756.985,154.962,"ztreamer_pipeline_commit_seconds{outcome=""success"",quantile=""1""}",1.305092329
1791660756.985,154.962,"ztreamer_pipeline_commit_seconds_sum{outcome=""success""}",15.964319993
1791660756.985,154.962,"ztreamer_pipeline_commit_seconds_count{outcome=""success""}",35.0
1791660756.985,154.962,"ztreamer_pipeline_receive_wait_seconds{quantile=""0.5""}",8.379811570996364e-05
1791660756.985,154.962,"ztreamer_pipeline_receive_wait_seconds{quantile=""0.9""}",0.058794908706786726
1791660756.985,154.962,"ztreamer_pipeline_receive_wait_seconds{quantile=""0.95""}",0.058794908706786726
1791660756.985,154.962,"ztreamer_pipeline_receive_wait_seconds{quantile=""0.99""}",0.058794908706786726
1791660756.985,154.962,"ztreamer_pipeline_receive_wait_seconds{quantile=""0.999""}",0.058794908706786726
1791660756.985,154.962,"ztreamer_pipeline_receive_wait_seconds{quantile=""1""}",0.058789768
1791660756.985,154.962,ztreamer_pipeline_receive_wait_seconds_sum,36.51157683000143
1791660756.985,154.962,ztreamer_pipeline_receive_wait_seconds_count,2978181.0
1791660756.985,154.962,"ztreamer_pipeline_segment_seconds{outcome=""success"",quantile=""0.5""}",0.010511346142984058
1791660756.985,154.962,"ztreamer_pipeline_segment_seconds{outcome=""success"",quantile=""0.9""}",0.012534129195898459
1791660756.985,154.962,"ztreamer_pipeline_segment_seconds{outcome=""success"",quantile=""0.95""}",0.015838683335371962
1791660756.985,154.962,"ztreamer_pipeline_segment_seconds{outcome=""success"",quantile=""0.99""}",0.13896960878684197
1791660756.985,154.962,"ztreamer_pipeline_segment_seconds{outcome=""success"",quantile=""0.999""}",0.1885673558300911
1791660756.985,154.962,"ztreamer_pipeline_segment_seconds_sum{outcome=""success""}",156.92508186900005
1791660756.985,154.962,"ztreamer_pipeline_segment_seconds_count{outcome=""success""}",11634.0
1791660756.985,154.962,"ztreamer_pipeline_stage_seconds{stage=""header_read"",quantile=""0.5""}",0.002527562132108988
1791660756.985,154.962,"ztreamer_pipeline_stage_seconds{stage=""header_read"",quantile=""0.9""}",0.002932499862163636
1791660756.985,154.962,"ztreamer_pipeline_stage_seconds{stage=""header_read"",quantile=""0.95""}",0.0036417169327598625
1791660756.985,154.962,"ztreamer_pipeline_stage_seconds{stage=""header_read"",quantile=""0.99""}",0.08848696613872185
1791660756.985,154.962,"ztreamer_pipeline_stage_seconds{stage=""header_read"",quantile=""0.999""}",0.13755932345486102
1791660756.985,154.962,"ztreamer_pipeline_stage_seconds_sum{stage=""header_read""}",49.922960923999966
1791660756.985,154.962,"ztreamer_pipeline_stage_seconds_count{stage=""header_read""}",11634.0
1791660756.985,154.962,"ztreamer_pipeline_stage_seconds{stage=""transaction_read"",quantile=""0.5""}",0.0004249665785328273
1791660756.985,154.962,"ztreamer_pipeline_stage_seconds{stage=""transaction_read"",quantile=""0.9""}",0.0006656809678926107
1791660756.985,154.962,"ztreamer_pipeline_stage_seconds{stage=""transaction_read"",quantile=""0.95""}",0.0008311502039147582
1791660756.985,154.962,"ztreamer_pipeline_stage_seconds{stage=""transaction_read"",quantile=""0.99""}",0.0018456938052284742
1791660756.985,154.962,"ztreamer_pipeline_stage_seconds{stage=""transaction_read"",quantile=""0.999""}",0.007731131717535645
1791660756.985,154.962,"ztreamer_pipeline_stage_seconds_sum{stage=""transaction_read""}",6.084690504999976
1791660756.985,154.962,"ztreamer_pipeline_stage_seconds_count{stage=""transaction_read""}",11634.0
1791660756.985,154.962,"ztreamer_pipeline_stage_seconds{stage=""worker_send_wait"",quantile=""0.9""}",0.00710540141501695
1791660756.985,154.962,"ztreamer_pipeline_stage_seconds{stage=""worker_send_wait"",quantile=""0.95""}",0.007684883809543887
1791660756.985,154.962,"ztreamer_pipeline_stage_seconds{stage=""worker_send_wait"",quantile=""0.99""}",0.015432184945516793
1791660756.985,154.962,"ztreamer_pipeline_stage_seconds{stage=""worker_send_wait"",quantile=""0.999""}",0.017288737197679996
1791660756.985,154.962,"ztreamer_pipeline_stage_seconds_sum{stage=""worker_send_wait""}",72.30140761400004
1791660756.985,154.962,"ztreamer_pipeline_stage_seconds_count{stage=""worker_send_wait""}",11634.0
1791660756.985,154.962,"ztreamer_pipeline_stage_seconds{stage=""txid_read"",quantile=""0""}",9.18e-06
1791660756.985,154.962,"ztreamer_pipeline_stage_seconds{stage=""txid_read"",quantile=""0.9""}",0.00017743609646453105
1791660756.985,154.962,"ztreamer_pipeline_stage_seconds{stage=""txid_read"",quantile=""0.95""}",0.00027102485311512767
1791660756.985,154.962,"ztreamer_pipeline_stage_seconds{stage=""txid_read"",quantile=""0.99""}",0.0006913253336758041
1791660756.985,154.962,"ztreamer_pipeline_stage_seconds{stage=""txid_read"",quantile=""0.999""}",0.0030693175936573995
1791660756.985,154.962,"ztreamer_pipeline_stage_seconds_sum{stage=""txid_read""}",0.8781795520000021
1791660756.985,154.962,"ztreamer_pipeline_stage_seconds_count{stage=""txid_read""}",11632.0
1791660756.985,154.962,"ztreamer_pipeline_stage_seconds{stage=""parse"",quantile=""0.5""}",0.00010125180391826283
1791660756.985,154.962,"ztreamer_pipeline_stage_seconds{stage=""parse"",quantile=""0.9""}",0.00014682046642741983
1791660756.985,154.962,"ztreamer_pipeline_stage_seconds{stage=""parse"",quantile=""0.95""}",0.00017239882179639592
1791660756.985,154.962,"ztreamer_pipeline_stage_seconds{stage=""parse"",quantile=""0.99""}",0.00024090689359019472
1791660756.985,154.962,"ztreamer_pipeline_stage_seconds{stage=""parse"",quantile=""0.999""}",0.0006760117980540021
1791660756.985,154.962,"ztreamer_pipeline_stage_seconds_sum{stage=""parse""}",1.3038584780000082
1791660756.985,154.962,"ztreamer_pipeline_stage_seconds_count{stage=""parse""}",11632.0
1791660756.985,154.962,"ztreamer_pipeline_batch_send_wait_seconds{quantile=""0.5""}",7.433601858439776e-06
1791660756.985,154.962,ztreamer_pipeline_batch_send_wait_seconds_sum,0.000266408
1791660756.985,154.962,ztreamer_pipeline_batch_send_wait_seconds_count,35.0
1791660758.986,156.962,ztreamer_pipeline_committed_blocks,2978756.0
1791660758.986,156.962,ztreamer_pipeline_source_transactions,3611802.0
1791660758.986,156.962,ztreamer_pipeline_source_blocks,3065344.0
1791660758.986,156.962,ztreamer_pipeline_source_bytes,5849657639.0
1791660758.986,156.962,ztreamer_index_durable_block_height,2978755.0
1791660758.986,156.962,ztreamer_index_generation,36.0
1791660758.986,156.962,ztreamer_pipeline_pending_bytes,8603104.0
1791660758.986,156.962,ztreamer_index_sealed_block_height,2977999.0
1791660758.986,156.962,ztreamer_pipeline_first_missing_height,3065525.0
1791660758.986,156.962,ztreamer_pipeline_ready_bytes,8533792.0
1791660758.986,156.962,"ztreamer_pipeline_commit_seconds{outcome=""success"",quantile=""0.9""}",1.059609024415574
1791660758.986,156.962,"ztreamer_pipeline_commit_seconds{outcome=""success"",quantile=""0.95""}",1.1524613914176496
1791660758.986,156.962,"ztreamer_pipeline_commit_seconds{outcome=""success"",quantile=""0.99""}",1.305126532556368
1791660758.986,156.962,"ztreamer_pipeline_commit_seconds{outcome=""success"",quantile=""0.999""}",1.305126532556368
1791660758.986,156.962,"ztreamer_pipeline_commit_seconds{outcome=""success"",quantile=""1""}",1.317320984
1791660758.986,156.962,"ztreamer_pipeline_commit_seconds_sum{outcome=""success""}",17.281640977
1791660758.986,156.962,"ztreamer_pipeline_commit_seconds_count{outcome=""success""}",36.0
1791660758.986,156.962,ztreamer_pipeline_receive_wait_seconds_sum,38.3990556340018
1791660758.986,156.962,ztreamer_pipeline_receive_wait_seconds_count,3065759.0
1791660758.986,156.962,"ztreamer_pipeline_segment_seconds{outcome=""success"",quantile=""0.5""}",0.010530283604706989
1791660758.986,156.962,"ztreamer_pipeline_segment_seconds{outcome=""success"",quantile=""0.9""}",0.012614604870489035
1791660758.986,156.962,"ztreamer_pipeline_segment_seconds{outcome=""success"",quantile=""0.95""}",0.016834919322744786
1791660758.986,156.962,"ztreamer_pipeline_segment_seconds{outcome=""success"",quantile=""0.99""}",0.14166360488804888
1791660758.986,156.962,"ztreamer_pipeline_segment_seconds{outcome=""success"",quantile=""0.999""}",0.19807688602640772
1791660758.986,156.962,"ztreamer_pipeline_segment_seconds_sum{outcome=""success""}",164.63854695300012
1791660758.986,156.962,"ztreamer_pipeline_segment_seconds_count{outcome=""success""}",11974.0
1791660758.986,156.962,"ztreamer_pipeline_stage_seconds{stage=""header_read"",quantile=""0.5""}",0.0025285733591971365
1791660758.986,156.962,"ztreamer_pipeline_stage_seconds{stage=""header_read"",quantile=""0.9""}",0.002941310571235072
1791660758.986,156.962,"ztreamer_pipeline_stage_seconds{stage=""header_read"",quantile=""0.95""}",0.003739138567505263
1791660758.986,156.962,"ztreamer_pipeline_stage_seconds{stage=""header_read"",quantile=""0.99""}",0.0894835908431137
1791660758.986,156.962,"ztreamer_pipeline_stage_seconds{stage=""header_read"",quantile=""0.999""}",0.14345985895184926
1791660758.986,156.962,"ztreamer_pipeline_stage_seconds_sum{stage=""header_read""}",53.35434820399991
1791660758.986,156.962,"ztreamer_pipeline_stage_seconds_count{stage=""header_read""}",11974.0
1791660758.986,156.962,"ztreamer_pipeline_stage_seconds{stage=""transaction_read"",quantile=""0.5""}",0.0004266698491227894
1791660758.986,156.962,"ztreamer_pipeline_stage_seconds{stage=""transaction_read"",quantile=""0.9""}",0.0006982732688120398
1791660758.986,156.962,"ztreamer_pipeline_stage_seconds{stage=""transaction_read"",quantile=""0.95""}",0.0008748133326572061
1791660758.986,156.962,"ztreamer_pipeline_stage_seconds{stage=""transaction_read"",quantile=""0.99""}",0.0018214907385861296
1791660758.986,156.962,"ztreamer_pipeline_stage_seconds_sum{stage=""transaction_read""}",6.327733787999975
1791660758.986,156.962,"ztreamer_pipeline_stage_seconds_count{stage=""transaction_read""}",11974.0
1791660758.986,156.962,"ztreamer_pipeline_stage_seconds{stage=""worker_send_wait"",quantile=""0.5""}",0.005918335577306505
1791660758.986,156.962,"ztreamer_pipeline_stage_seconds{stage=""worker_send_wait"",quantile=""0.9""}",0.007152452161181154
1791660758.986,156.962,"ztreamer_pipeline_stage_seconds{stage=""worker_send_wait"",quantile=""0.95""}",0.00776677684449291
1791660758.986,156.962,"ztreamer_pipeline_stage_seconds{stage=""worker_send_wait"",quantile=""0.99""}",0.015534374220157349
1791660758.986,156.962,"ztreamer_pipeline_stage_seconds{stage=""worker_send_wait"",quantile=""0.999""}",0.017292195290928854
1791660758.986,156.962,"ztreamer_pipeline_stage_seconds_sum{stage=""worker_send_wait""}",74.64556861200009
1791660758.986,156.962,"ztreamer_pipeline_stage_seconds_count{stage=""worker_send_wait""}",11974.0
1791660758.986,156.962,"ztreamer_pipeline_stage_seconds{stage=""txid_read"",quantile=""0.9""}",0.00017378354387853495
1791660758.986,156.962,"ztreamer_pipeline_stage_seconds{stage=""txid_read"",quantile=""0.95""}",0.00026870403320020494
1791660758.986,156.962,"ztreamer_pipeline_stage_seconds{stage=""txid_read"",quantile=""0.99""}",0.0006773651745800217
1791660758.986,156.962,"ztreamer_pipeline_stage_seconds_sum{stage=""txid_read""}",0.884343306000003
1791660758.986,156.962,"ztreamer_pipeline_stage_seconds_count{stage=""txid_read""}",11974.0
1791660758.986,156.962,"ztreamer_pipeline_stage_seconds{stage=""parse"",quantile=""0.5""}",0.00010167795578862477
1791660758.986,156.962,"ztreamer_pipeline_stage_seconds{stage=""parse"",quantile=""0.9""}",0.00015321015234560518
1791660758.986,156.962,"ztreamer_pipeline_stage_seconds{stage=""parse"",quantile=""0.95""}",0.00017936279173981533
1791660758.986,156.962,"ztreamer_pipeline_stage_seconds{stage=""parse"",quantile=""0.99""}",0.0002478467286053285
1791660758.986,156.962,"ztreamer_pipeline_stage_seconds_sum{stage=""parse""}",1.3585920430000078
1791660758.986,156.962,"ztreamer_pipeline_stage_seconds_count{stage=""parse""}",11974.0
1791660758.986,156.962,"ztreamer_pipeline_batch_send_wait_seconds{quantile=""0.9""}",9.246180194836138e-06
1791660758.986,156.962,"ztreamer_pipeline_batch_send_wait_seconds{quantile=""0.95""}",9.59853530513119e-06
1791660758.986,156.962,"ztreamer_pipeline_batch_send_wait_seconds{quantile=""0.99""}",9.928510974165653e-06
1791660758.986,156.962,"ztreamer_pipeline_batch_send_wait_seconds{quantile=""0.999""}",9.928510974165653e-06
1791660758.986,156.962,ztreamer_pipeline_batch_send_wait_seconds_sum,0.000284493
1791660758.986,156.962,ztreamer_pipeline_batch_send_wait_seconds_count,37.0
1791660761.826,159.803,ztreamer_pipeline_source_blocks,3159296.0
1791660761.826,159.803,ztreamer_pipeline_source_bytes,6044455733.0
1791660761.826,159.803,ztreamer_pipeline_committed_blocks,3095282.0
1791660761.826,159.803,ztreamer_pipeline_source_transactions,3705921.0
1791660761.826,159.803,ztreamer_pipeline_pending_bytes,721344.0
1791660761.826,159.803,ztreamer_pipeline_ready_bytes,685248.0
1791660761.826,159.803,ztreamer_index_generation,38.0
1791660761.826,159.803,ztreamer_pipeline_first_missing_height,3159463.0
1791660761.826,159.803,ztreamer_index_sealed_block_height,3094999.0
1791660761.826,159.803,ztreamer_index_durable_block_height,3095281.0
1791660761.826,159.803,"ztreamer_pipeline_commit_seconds{outcome=""success"",quantile=""0.5""}",0.2816472129230484
1791660761.826,159.803,"ztreamer_pipeline_commit_seconds{outcome=""success"",quantile=""0.9""}",1.1524613914176496
1791660761.826,159.803,"ztreamer_pipeline_commit_seconds{outcome=""success"",quantile=""0.95""}",1.305126532556368
1791660761.826,159.803,"ztreamer_pipeline_commit_seconds{outcome=""success"",quantile=""0.99""}",1.317452563588795
1791660761.826,159.803,"ztreamer_pipeline_commit_seconds{outcome=""success"",quantile=""0.999""}",1.317452563588795
1791660761.826,159.803,"ztreamer_pipeline_commit_seconds{outcome=""success"",quantile=""1""}",1.325422106
1791660761.826,159.803,"ztreamer_pipeline_commit_seconds_sum{outcome=""success""}",19.910848136
1791660761.826,159.803,"ztreamer_pipeline_commit_seconds_count{outcome=""success""}",38.0
1791660761.826,159.803,ztreamer_pipeline_receive_wait_seconds_sum,41.16792336300135
1791660761.826,159.803,ztreamer_pipeline_receive_wait_seconds_count,3159651.0
1791660761.826,159.803,"ztreamer_pipeline_segment_seconds{outcome=""success"",quantile=""0.5""}",0.010540819155244113
1791660761.826,159.803,"ztreamer_pipeline_segment_seconds{outcome=""success"",quantile=""0.9""}",0.012749030881750799
1791660761.826,159.803,"ztreamer_pipeline_segment_seconds{outcome=""success"",quantile=""0.95""}",0.018102594320225804
1791660761.826,159.803,"ztreamer_pipeline_segment_seconds{outcome=""success"",quantile=""0.99""}",0.1440348476002187
1791660761.826,159.803,"ztreamer_pipeline_segment_seconds{outcome=""success"",quantile=""0.999""}",0.2025233662257863
1791660761.826,159.803,"ztreamer_pipeline_segment_seconds{outcome=""success"",quantile=""1""}",0.212923002
1791660761.826,159.803,"ztreamer_pipeline_segment_seconds_sum{outcome=""success""}",176.2511749600001
1791660761.826,159.803,"ztreamer_pipeline_segment_seconds_count{outcome=""success""}",12341.0
1791660761.826,159.803,"ztreamer_pipeline_stage_seconds{stage=""header_read"",quantile=""0.5""}",0.002530597027250531
1791660761.826,159.803,"ztreamer_pipeline_stage_seconds{stage=""header_read"",quantile=""0.9""}",0.0029643425015238372
1791660761.826,159.803,"ztreamer_pipeline_stage_seconds{stage=""header_read"",quantile=""0.95""}",0.00397353153841866
1791660761.826,159.803,"ztreamer_pipeline_stage_seconds{stage=""header_read"",quantile=""0.99""}",0.09193256011615078
1791660761.826,159.803,"ztreamer_pipeline_stage_seconds{stage=""header_read"",quantile=""0.999""}",0.14712098383853278
1791660761.826,159.803,"ztreamer_pipeline_stage_seconds_sum{stage=""header_read""}",59.545551165999825
1791660761.826,159.803,"ztreamer_pipeline_stage_seconds_count{stage=""header_read""}",12341.0
1791660761.826,159.803,"ztreamer_pipeline_stage_seconds{stage=""transaction_read"",quantile=""0.5""}",0.00043001088706601736
1791660761.826,159.803,"ztreamer_pipeline_stage_seconds{stage=""transaction_read"",quantile=""0.9""}",0.0007169531729898556
1791660761.826,159.803,"ztreamer_pipeline_stage_seconds{stage=""transaction_read"",quantile=""0.95""}",0.0008853743319483547
1791660761.826,159.803,"ztreamer_pipeline_stage_seconds{stage=""transaction_read"",quantile=""0.99""}",0.001789712966164399
1791660761.826,159.803,"ztreamer_pipeline_stage_seconds_sum{stage=""transaction_read""}",6.575860571999973
1791660761.826,159.803,"ztreamer_pipeline_stage_seconds_count{stage=""transaction_read""}",12341.0
1791660761.826,159.803,"ztreamer_pipeline_stage_seconds{stage=""worker_send_wait"",quantile=""0.9""}",0.007186866459911062
1791660761.826,159.803,"ztreamer_pipeline_stage_seconds{stage=""worker_send_wait"",quantile=""0.95""}",0.007796346743826845
1791660761.826,159.803,"ztreamer_pipeline_stage_seconds{stage=""worker_send_wait"",quantile=""0.99""}",0.01533680139309427
1791660761.826,159.803,"ztreamer_pipeline_stage_seconds_sum{stage=""worker_send_wait""}",77.00075807800006
1791660761.826,159.803,"ztreamer_pipeline_stage_seconds_count{stage=""worker_send_wait""}",12341.0
1791660761.826,159.803,"ztreamer_pipeline_stage_seconds{stage=""txid_read"",quantile=""0.9""}",0.00017020617971619806
1791660761.826,159.803,"ztreamer_pipeline_stage_seconds{stage=""txid_read"",quantile=""0.95""}",0.00026555195940778905
1791660761.826,159.803,"ztreamer_pipeline_stage_seconds{stage=""txid_read"",quantile=""0.99""}",0.0006570831223632719
1791660761.826,159.803,"ztreamer_pipeline_stage_seconds_sum{stage=""txid_read""}",0.892668291000003
1791660761.826,159.803,"ztreamer_pipeline_stage_seconds_count{stage=""txid_read""}",12341.0
1791660761.826,159.803,"ztreamer_pipeline_stage_seconds{stage=""parse"",quantile=""0.5""}",0.00010241267890195879
1791660761.826,159.803,"ztreamer_pipeline_stage_seconds{stage=""parse"",quantile=""0.9""}",0.00015715153387420373
1791660761.826,159.803,"ztreamer_pipeline_stage_seconds{stage=""parse"",quantile=""0.95""}",0.00018247451588173847
1791660761.826,159.803,"ztreamer_pipeline_stage_seconds{stage=""parse"",quantile=""0.99""}",0.00025098935436166693
1791660761.826,159.803,"ztreamer_pipeline_stage_seconds_sum{stage=""parse""}",1.4156211490000072
1791660761.826,159.803,"ztreamer_pipeline_stage_seconds_count{stage=""parse""}",12341.0
1791660761.826,159.803,"ztreamer_pipeline_batch_send_wait_seconds{quantile=""0.5""}",7.473851885876074e-06
1791660761.826,159.803,"ztreamer_pipeline_batch_send_wait_seconds{quantile=""0.9""}",9.548752468929957e-06
1791660761.826,159.803,"ztreamer_pipeline_batch_send_wait_seconds{quantile=""0.95""}",9.928510974165653e-06
1791660761.826,159.803,"ztreamer_pipeline_batch_send_wait_seconds{quantile=""0.99""}",1.0078561202560017e-05
1791660761.826,159.803,"ztreamer_pipeline_batch_send_wait_seconds{quantile=""0.999""}",1.0078561202560017e-05
1791660761.826,159.803,"ztreamer_pipeline_batch_send_wait_seconds{quantile=""1""}",1.039e-05
1791660761.826,159.803,ztreamer_pipeline_batch_send_wait_seconds_sum,0.00030439099999999994
1791660761.826,159.803,ztreamer_pipeline_batch_send_wait_seconds_count,39.0
1791660763.827,161.803,ztreamer_pipeline_committed_blocks,3155894.0
1791660763.827,161.803,ztreamer_pipeline_source_blocks,3247360.0
1791660763.827,161.803,ztreamer_pipeline_source_transactions,3793787.0
1791660763.827,161.803,ztreamer_pipeline_source_bytes,6212345158.0
1791660763.827,161.803,ztreamer_index_sealed_block_height,3154999.0
1791660763.827,161.803,ztreamer_index_durable_block_height,3155893.0
1791660763.827,161.803,ztreamer_pipeline_pending_bytes,5549632.0
1791660763.827,161.803,ztreamer_pipeline_ready_bytes,5527360.0
1791660763.827,161.803,ztreamer_pipeline_first_missing_height,3247530.0
1791660763.827,161.803,ztreamer_index_generation,39.0
1791660763.827,161.803,"ztreamer_pipeline_commit_seconds{outcome=""success"",quantile=""0.5""}",0.3231948106035492
1791660763.827,161.803,"ztreamer_pipeline_commit_seconds{outcome=""success"",quantile=""0.9""}",1.3038220583652649
1791660763.827,161.803,"ztreamer_pipeline_commit_seconds{outcome=""success"",quantile=""0.95""}",1.317452563588795
1791660763.827,161.803,"ztreamer_pipeline_commit_seconds{outcome=""success"",quantile=""0.99""}",1.3253810406425002
1791660763.827,161.803,"ztreamer_pipeline_commit_seconds{outcome=""success"",quantile=""0.999""}",1.3253810406425002
1791660763.827,161.803,"ztreamer_pipeline_commit_seconds{outcome=""success"",quantile=""1""}",1.4447752170000001
1791660763.827,161.803,"ztreamer_pipeline_commit_seconds_sum{outcome=""success""}",21.355623353
1791660763.827,161.803,"ztreamer_pipeline_commit_seconds_count{outcome=""success""}",39.0
1791660763.827,161.803,ztreamer_pipeline_receive_wait_seconds_sum,43.08872260200125
1791660763.827,161.803,ztreamer_pipeline_receive_wait_seconds_count,3247632.0
1791660763.827,161.803,"ztreamer_pipeline_segment_seconds{outcome=""success"",quantile=""0.5""}",0.01055347573069908
1791660763.827,161.803,"ztreamer_pipeline_segment_seconds{outcome=""success"",quantile=""0.9""}",0.012851432188232348
1791660763.827,161.803,"ztreamer_pipeline_segment_seconds{outcome=""success"",quantile=""0.95""}",0.01869124552906388
1791660763.827,161.803,"ztreamer_pipeline_segment_seconds{outcome=""success"",quantile=""0.99""}",0.14580283554440474
1791660763.827,161.803,"ztreamer_pipeline_segment_seconds{outcome=""success"",quantile=""0.999""}",0.20288823657100463
1791660763.827,161.803,"ztreamer_pipeline_segment_seconds_sum{outcome=""success""}",184.26361423400002
1791660763.827,161.803,"ztreamer_pipeline_segment_seconds_count{outcome=""success""}",12685.0
1791660763.827,161.803,"ztreamer_pipeline_stage_seconds{stage=""header_read"",quantile=""0.5""}",0.002532622314886123
1791660763.827,161.803,"ztreamer_pipeline_stage_seconds{stage=""header_read"",quantile=""0.9""}",0.0029797972300528116
1791660763.827,161.803,"ztreamer_pipeline_stage_seconds{stage=""header_read"",quantile=""0.95""}",0.004101920405609135
1791660763.827,161.803,"ztreamer_pipeline_stage_seconds{stage=""header_read"",quantile=""0.99""}",0.09281936253721075
1791660763.827,161.803,"ztreamer_pipeline_stage_seconds_sum{stage=""header_read""}",63.26608054799977
1791660763.827,161.803,"ztreamer_pipeline_stage_seconds_count{stage=""header_read""}",12685.0
1791660763.827,161.803,"ztreamer_pipeline_stage_seconds{stage=""transaction_read"",quantile=""0.5""}",0.00043294492553281385
1791660763.827,161.803,"ztreamer_pipeline_stage_seconds{stage=""transaction_read"",quantile=""0.95""}",0.0008783195938468878
1791660763.827,161.803,"ztreamer_pipeline_stage_seconds{stage=""transaction_read"",quantile=""0.99""}",0.001779006838832085
1791660763.827,161.803,"ztreamer_pipeline_stage_seconds{stage=""transaction_read"",quantile=""0.999""}",0.00729110606115612
1791660763.827,161.803,"ztreamer_pipeline_stage_seconds_sum{stage=""transaction_read""}",6.778463062999966
1791660763.827,161.803,"ztreamer_pipeline_stage_seconds_count{stage=""transaction_read""}",12685.0
1791660763.827,161.803,"ztreamer_pipeline_stage_seconds{stage=""worker_send_wait"",quantile=""0.5""}",0.005925441842929584
1791660763.827,161.803,"ztreamer_pipeline_stage_seconds{stage=""worker_send_wait"",quantile=""0.9""}",0.00722578051230466
1791660763.827,161.803,"ztreamer_pipeline_stage_seconds{stage=""worker_send_wait"",quantile=""0.95""}",0.00783699333658111
1791660763.827,161.803,"ztreamer_pipeline_stage_seconds{stage=""worker_send_wait"",quantile=""0.99""}",0.01530309751777387
1791660763.827,161.803,"ztreamer_pipeline_stage_seconds{stage=""worker_send_wait"",quantile=""0.999""}",0.017288737197679996
1791660763.827,161.803,"ztreamer_pipeline_stage_seconds_sum{stage=""worker_send_wait""}",79.3319808810001
1791660763.827,161.803,"ztreamer_pipeline_stage_seconds_count{stage=""worker_send_wait""}",12685.0
1791660763.827,161.803,"ztreamer_pipeline_stage_seconds{stage=""txid_read"",quantile=""0.9""}",0.00016610340630332995
1791660763.827,161.803,"ztreamer_pipeline_stage_seconds{stage=""txid_read"",quantile=""0.95""}",0.00026206970696031107
1791660763.827,161.803,"ztreamer_pipeline_stage_seconds{stage=""txid_read"",quantile=""0.99""}",0.0006458779334894826
1791660763.827,161.803,"ztreamer_pipeline_stage_seconds{stage=""txid_read"",quantile=""0.999""}",0.0030485170359986526
1791660763.827,161.803,"ztreamer_pipeline_stage_seconds_sum{stage=""txid_read""}",0.8978698980000035
1791660763.827,161.803,"ztreamer_pipeline_stage_seconds_count{stage=""txid_read""}",12685.0
1791660763.827,161.803,"ztreamer_pipeline_stage_seconds{stage=""parse"",quantile=""0.5""}",0.00010317334371702063
1791660763.827,161.803,"ztreamer_pipeline_stage_seconds{stage=""parse"",quantile=""0.9""}",0.00015847716662601208
1791660763.827,161.803,"ztreamer_pipeline_stage_seconds{stage=""parse"",quantile=""0.95""}",0.00018320587569217793
1791660763.827,161.803,"ztreamer_pipeline_stage_seconds{stage=""parse"",quantile=""0.99""}",0.00025023751461956885
1791660763.827,161.803,"ztreamer_pipeline_stage_seconds{stage=""parse"",quantile=""0.999""}",0.0006602447030846528
1791660763.827,161.803,"ztreamer_pipeline_stage_seconds_sum{stage=""parse""}",1.4645593110000066
1791660763.827,161.803,"ztreamer_pipeline_stage_seconds_count{stage=""parse""}",12685.0
1791660763.827,161.803,"ztreamer_pipeline_batch_send_wait_seconds{quantile=""0.5""}",7.433601858439776e-06
1791660763.827,161.803,ztreamer_pipeline_batch_send_wait_seconds_sum,0.00031141399999999993
1791660763.827,161.803,ztreamer_pipeline_batch_send_wait_seconds_count,40.0
1791660765.827,163.803,ztreamer_pipeline_source_blocks,3318016.0
1791660765.827,163.803,ztreamer_pipeline_source_transactions,3865017.0
1791660765.827,163.803,ztreamer_pipeline_committed_blocks,3223717.0
1791660765.827,163.803,ztreamer_pipeline_source_bytes,6390920298.0
1791660765.827,163.803,ztreamer_index_sealed_block_height,3222999.0
1791660765.827,163.803,ztreamer_pipeline_pending_bytes,6848676.0
1791660765.827,163.803,ztreamer_pipeline_ready_bytes,6832740.0
1791660765.827,163.803,ztreamer_pipeline_first_missing_height,3318119.0
1791660765.827,163.803,ztreamer_index_generation,40.0
1791660765.827,163.803,ztreamer_index_durable_block_height,3223716.0
1791660765.827,163.803,"ztreamer_pipeline_commit_seconds{outcome=""success"",quantile=""0.9""}",1.305126532556368
1791660765.827,163.803,"ztreamer_pipeline_commit_seconds{outcome=""success"",quantile=""0.95""}",1.3253810406425002
1791660765.827,163.803,"ztreamer_pipeline_commit_seconds{outcome=""success"",quantile=""0.99""}",1.444697556542144
1791660765.827,163.803,"ztreamer_pipeline_commit_seconds{outcome=""success"",quantile=""0.999""}",1.444697556542144
1791660765.827,163.803,"ztreamer_pipeline_commit_seconds{outcome=""success"",quantile=""1""}",1.512589847
1791660765.827,163.803,"ztreamer_pipeline_commit_seconds_sum{outcome=""success""}",22.8682132
1791660765.827,163.803,"ztreamer_pipeline_commit_seconds_count{outcome=""success""}",40.0
1791660765.827,163.803,ztreamer_pipeline_receive_wait_seconds_sum,45.00784148100134
1791660765.827,163.803,ztreamer_pipeline_receive_wait_seconds_count,3318178.0
1791660765.827,163.803,"ztreamer_pipeline_segment_seconds{outcome=""success"",quantile=""0.5""}",0.0105703748075809
1791660765.827,163.803,"ztreamer_pipeline_segment_seconds{outcome=""success"",quantile=""0.9""}",0.012990979857342905
1791660765.827,163.803,"ztreamer_pipeline_segment_seconds{outcome=""success"",quantile=""0.95""}",0.019528115757871018
1791660765.827,163.803,"ztreamer_pipeline_segment_seconds{outcome=""success"",quantile=""0.99""}",0.14919516299513338
1791660765.827,163.803,"ztreamer_pipeline_segment_seconds{outcome=""success"",quantile=""0.999""}",0.2043134366123349
1791660765.827,163.803,"ztreamer_pipeline_segment_seconds{outcome=""success"",quantile=""1""}",0.250903748
1791660765.827,163.803,"ztreamer_pipeline_segment_seconds_sum{outcome=""success""}",192.0065101579999
1791660765.827,163.803,"ztreamer_pipeline_segment_seconds_count{outcome=""success""}",12961.0
1791660765.827,163.803,"ztreamer_pipeline_stage_seconds{stage=""header_read"",quantile=""0.5""}",0.0025346492234000905
1791660765.827,163.803,"ztreamer_pipeline_stage_seconds{stage=""header_read"",quantile=""0.9""}",0.0029929372246978794
1791660765.827,163.803,"ztreamer_pipeline_stage_seconds{stage=""header_read"",quantile=""0.95""}",0.004256534177459194
1791660765.827,163.803,"ztreamer_pipeline_stage_seconds{stage=""header_read"",quantile=""0.99""}",0.09789106377273563
1791660765.827,163.803,"ztreamer_pipeline_stage_seconds{stage=""header_read"",quantile=""0.999""}",0.14856985736948236
1791660765.827,163.803,"ztreamer_pipeline_stage_seconds{stage=""header_read"",quantile=""1""}",0.237428524
1791660765.827,163.803,"ztreamer_pipeline_stage_seconds_sum{stage=""header_read""}",67.32715953899977
1791660765.827,163.803,"ztreamer_pipeline_stage_seconds_count{stage=""header_read""}",12961.0
1791660765.827,163.803,"ztreamer_pipeline_stage_seconds{stage=""transaction_read"",quantile=""0.5""}",0.0004358989834502419
1791660765.827,163.803,"ztreamer_pipeline_stage_seconds{stage=""transaction_read"",quantile=""0.9""}",0.0007364273058939932
1791660765.827,163.803,"ztreamer_pipeline_stage_seconds{stage=""transaction_read"",quantile=""0.95""}",0.0009421933702085276
1791660765.827,163.803,"ztreamer_pipeline_stage_seconds{stage=""transaction_read"",quantile=""0.99""}",0.0020673244879916113
1791660765.827,163.803,"ztreamer_pipeline_stage_seconds{stage=""transaction_read"",quantile=""0.999""}",0.007731131717535645
1791660765.827,163.803,"ztreamer_pipeline_stage_seconds_sum{stage=""transaction_read""}",7.152687176999967
1791660765.827,163.803,"ztreamer_pipeline_stage_seconds_count{stage=""transaction_read""}",12961.0
1791660765.827,163.803,"ztreamer_pipeline_stage_seconds{stage=""worker_send_wait"",quantile=""0.5""}",0.005928998174840077
1791660765.827,163.803,"ztreamer_pipeline_stage_seconds{stage=""worker_send_wait"",quantile=""0.9""}",0.007264905268971405
1791660765.827,163.803,"ztreamer_pipeline_stage_seconds{stage=""worker_send_wait"",quantile=""0.95""}",0.007881003613173666
1791660765.827,163.803,"ztreamer_pipeline_stage_seconds{stage=""worker_send_wait"",quantile=""0.99""}",0.015223727950138748
1791660765.827,163.803,"ztreamer_pipeline_stage_seconds_sum{stage=""worker_send_wait""}",81.19681779200009
1791660765.827,163.803,"ztreamer_pipeline_stage_seconds_count{stage=""worker_send_wait""}",12961.0
1791660765.827,163.803,"ztreamer_pipeline_stage_seconds{stage=""txid_read"",quantile=""0.5""}",0.04225215098670256
1791660765.827,163.803,"ztreamer_pipeline_stage_seconds{stage=""txid_read"",quantile=""0.9""}",0.04225215098670256
1791660765.827,163.803,"ztreamer_pipeline_stage_seconds{stage=""txid_read"",quantile=""0.95""}",0.04225215098670256
1791660765.827,163.803,"ztreamer_pipeline_stage_seconds{stage=""txid_read"",quantile=""0.99""}",0.04225215098670256
1791660765.827,163.803,"ztreamer_pipeline_stage_seconds{stage=""txid_read"",quantile=""0.999""}",0.04225215098670256
1791660765.827,163.803,"ztreamer_pipeline_stage_seconds{stage=""txid_read"",quantile=""1""}",0.042248573
1791660765.827,163.803,"ztreamer_pipeline_stage_seconds_sum{stage=""txid_read""}",0.9467313550000035
1791660765.827,163.803,"ztreamer_pipeline_stage_seconds_count{stage=""txid_read""}",12961.0
1791660765.827,163.803,"ztreamer_pipeline_stage_seconds{stage=""parse"",quantile=""0.5""}",0.00010379424462140401
1791660765.827,163.803,"ztreamer_pipeline_stage_seconds{stage=""parse"",quantile=""0.9""}",0.00016000587348318122
1791660765.827,163.803,"ztreamer_pipeline_stage_seconds{stage=""parse"",quantile=""0.95""}",0.00018501011963535449
1791660765.827,163.803,"ztreamer_pipeline_stage_seconds{stage=""parse"",quantile=""0.99""}",0.00025098935436166693
1791660765.827,163.803,"ztreamer_pipeline_stage_seconds_sum{stage=""parse""}",1.5063385440000054
1791660765.827,163.803,"ztreamer_pipeline_stage_seconds_count{stage=""parse""}",12961.0
1791660765.827,163.803,ztreamer_pipeline_batch_send_wait_seconds_sum,0.0003185879999999999
1791660765.827,163.803,ztreamer_pipeline_batch_send_wait_seconds_count,41.0
1791660768.668,166.645,ztreamer_pipeline_committed_blocks,3292633.0
1791660768.668,166.645,ztreamer_pipeline_source_blocks,3382528.0
1791660768.668,166.645,ztreamer_pipeline_source_bytes,6601037190.0
1791660768.668,166.645,ztreamer_pipeline_source_transactions,3931485.0
1791660768.668,166.645,ztreamer_pipeline_first_missing_height,3382708.0
1791660768.668,166.645,ztreamer_pipeline_ready_bytes,8684756.0
1791660768.668,166.645,ztreamer_pipeline_pending_bytes,8708564.0
1791660768.668,166.645,ztreamer_index_sealed_block_height,3291999.0
1791660768.668,166.645,ztreamer_index_durable_block_height,3292632.0
1791660768.668,166.645,ztreamer_index_generation,41.0
1791660768.668,166.645,"ztreamer_pipeline_commit_seconds{outcome=""success"",quantile=""0.5""}",0.3668141331704798
1791660768.668,166.645,"ztreamer_pipeline_commit_seconds{outcome=""success"",quantile=""0.9""}",1.317452563588795
1791660768.668,166.645,"ztreamer_pipeline_commit_seconds{outcome=""success"",quantile=""0.95""}",1.444697556542144
1791660768.668,166.645,"ztreamer_pipeline_commit_seconds{outcome=""success"",quantile=""0.99""}",1.51270584325924
1791660768.668,166.645,"ztreamer_pipeline_commit_seconds{outcome=""success"",quantile=""0.999""}",1.51270584325924
1791660768.668,166.645,"ztreamer_pipeline_commit_seconds{outcome=""success"",quantile=""1""}",1.56326663
1791660768.668,166.645,"ztreamer_pipeline_commit_seconds_sum{outcome=""success""}",24.43147983
1791660768.668,166.645,"ztreamer_pipeline_commit_seconds_count{outcome=""success""}",41.0
1791660768.668,166.645,ztreamer_pipeline_receive_wait_seconds_sum,47.746919744000564
1791660768.668,166.645,ztreamer_pipeline_receive_wait_seconds_count,3382778.0
1791660768.668,166.645,"ztreamer_pipeline_segment_seconds{outcome=""success"",quantile=""0.5""}",0.010587300944628179
1791660768.668,166.645,"ztreamer_pipeline_segment_seconds{outcome=""success"",quantile=""0.9""}",0.013163597562487367
1791660768.668,166.645,"ztreamer_pipeline_segment_seconds{outcome=""success"",quantile=""0.95""}",0.020500622694499284
1791660768.668,166.645,"ztreamer_pipeline_segment_seconds{outcome=""success"",quantile=""0.99""}",0.15593749716848154
1791660768.668,166.645,"ztreamer_pipeline_segment_seconds{outcome=""success"",quantile=""0.999""}",0.20748421588219185
1791660768.668,166.645,"ztreamer_pipeline_segment_seconds{outcome=""success"",quantile=""1""}",0.260770243
1791660768.668,166.645,"ztreamer_pipeline_segment_seconds_sum{outcome=""success""}",203.09537092299973
1791660768.668,166.645,"ztreamer_pipeline_segment_seconds_count{outcome=""success""}",13213.0
1791660768.668,166.645,"ztreamer_pipeline_stage_seconds{stage=""header_read"",quantile=""0.9""}",0.0030061351627014856
1791660768.668,166.645,"ztreamer_pipeline_stage_seconds{stage=""header_read"",quantile=""0.95""}",0.004671383386070395
1791660768.668,166.645,"ztreamer_pipeline_stage_seconds{stage=""header_read"",quantile=""0.99""}",0.09941025389973532
1791660768.668,166.645,"ztreamer_pipeline_stage_seconds_sum{stage=""header_read""}",70.8129436799997
1791660768.668,166.645,"ztreamer_pipeline_stage_seconds_count{stage=""header_read""}",13213.0
1791660768.668,166.645,"ztreamer_pipeline_stage_seconds{stage=""transaction_read"",quantile=""0.5""}",0.000439224436450451
1791660768.668,166.645,"ztreamer_pipeline_stage_seconds{stage=""transaction_read"",quantile=""0.9""}",0.0007868286735793212
1791660768.668,166.645,"ztreamer_pipeline_stage_seconds{stage=""transaction_read"",quantile=""0.95""}",0.0012386910926540215
1791660768.668,166.645,"ztreamer_pipeline_stage_seconds{stage=""transaction_read"",quantile=""0.99""}",0.0026994694515247715
1791660768.668,166.645,"ztreamer_pipeline_stage_seconds{stage=""transaction_read"",quantile=""0.999""}",0.09112710279453677
1791660768.668,166.645,"ztreamer_pipeline_stage_seconds{stage=""transaction_read"",quantile=""1""}",0.150222197
1791660768.668,166.645,"ztreamer_pipeline_stage_seconds_sum{stage=""transaction_read""}",10.778609551999963
1791660768.668,166.645,"ztreamer_pipeline_stage_seconds_count{stage=""transaction_read""}",13213.0
1791660768.668,166.645,"ztreamer_pipeline_stage_seconds{stage=""worker_send_wait"",quantile=""0.5""}",0.005927812493773217
1791660768.668,166.645,"ztreamer_pipeline_stage_seconds{stage=""worker_send_wait"",quantile=""0.9""}",0.007270719518595724
1791660768.668,166.645,"ztreamer_pipeline_stage_seconds{stage=""worker_send_wait"",quantile=""0.95""}",0.007882579971532135
1791660768.668,166.645,"ztreamer_pipeline_stage_seconds{stage=""worker_send_wait"",quantile=""0.99""}",0.015175089882948158
1791660768.668,166.645,"ztreamer_pipeline_stage_seconds_sum{stage=""worker_send_wait""}",82.7427185820001
1791660768.668,166.645,"ztreamer_pipeline_stage_seconds_count{stage=""worker_send_wait""}",13213.0
1791660768.668,166.645,"ztreamer_pipeline_stage_seconds{stage=""txid_read"",quantile=""0.5""}",0.04295079952424877
1791660768.668,166.645,"ztreamer_pipeline_stage_seconds{stage=""txid_read"",quantile=""0.9""}",0.04295079952424877
1791660768.668,166.645,"ztreamer_pipeline_stage_seconds{stage=""txid_read"",quantile=""0.95""}",0.04295079952424877
1791660768.668,166.645,"ztreamer_pipeline_stage_seconds{stage=""txid_read"",quantile=""0.99""}",0.04295079952424877
1791660768.668,166.645,"ztreamer_pipeline_stage_seconds{stage=""txid_read"",quantile=""0.999""}",0.04295079952424877
1791660768.668,166.645,"ztreamer_pipeline_stage_seconds{stage=""txid_read"",quantile=""1""}",0.0429535
1791660768.668,166.645,"ztreamer_pipeline_stage_seconds_sum{stage=""txid_read""}",0.9955257720000037
1791660768.668,166.645,"ztreamer_pipeline_stage_seconds_count{stage=""txid_read""}",13213.0
1791660768.668,166.645,"ztreamer_pipeline_stage_seconds{stage=""parse"",quantile=""0.5""}",0.00010446065803744411
1791660768.668,166.645,"ztreamer_pipeline_stage_seconds{stage=""parse"",quantile=""0.9""}",0.0001620995291215232
1791660768.668,166.645,"ztreamer_pipeline_stage_seconds{stage=""parse"",quantile=""0.95""}",0.00018634699949335803
1791660768.668,166.645,"ztreamer_pipeline_stage_seconds{stage=""parse"",quantile=""0.99""}",0.00025376547795614545
1791660768.668,166.645,"ztreamer_pipeline_stage_seconds_sum{stage=""parse""}",1.548145679000004
1791660768.668,166.645,"ztreamer_pipeline_stage_seconds_count{stage=""parse""}",13213.0
1791660768.668,166.645,"ztreamer_pipeline_batch_send_wait_seconds{quantile=""0.99""}",1.0249311316263502e-05
1791660768.668,166.645,"ztreamer_pipeline_batch_send_wait_seconds{quantile=""0.999""}",1.0249311316263502e-05
1791660768.668,166.645,ztreamer_pipeline_batch_send_wait_seconds_sum,0.0003288369999999999
1791660768.668,166.645,ztreamer_pipeline_batch_send_wait_seconds_count,42.0
1791660768.668,166.645,"sync_stage_duration_seconds{stage=""obtain_tips"",quantile=""1""}",6.093215961
1791660768.668,166.645,"sync_stage_duration_seconds_sum{stage=""obtain_tips""}",24.098522873
1791660768.668,166.645,"sync_stage_duration_seconds_count{stage=""obtain_tips""}",4.0
1791660770.669,168.645,ztreamer_pipeline_committed_blocks,3353793.0
1791660770.669,168.645,ztreamer_pipeline_source_blocks,3448832.0
1791660770.669,168.645,ztreamer_pipeline_source_bytes,6745140134.0
1791660770.669,168.645,ztreamer_pipeline_source_transactions,4004987.0
1791660770.669,168.645,ztreamer_pipeline_pending_bytes,6661384.0
1791660770.669,168.645,ztreamer_index_sealed_block_height,3352999.0
1791660770.669,168.645,ztreamer_pipeline_first_missing_height,3449014.0
1791660770.669,168.645,ztreamer_index_generation,42.0
1791660770.669,168.645,ztreamer_index_durable_block_height,3353792.0
1791660770.669,168.645,ztreamer_pipeline_ready_bytes,6639304.0
1791660770.669,168.645,"ztreamer_pipeline_commit_seconds{outcome=""success"",quantile=""0.99""}",1.5572165994078349
1791660770.669,168.645,"ztreamer_pipeline_commit_seconds{outcome=""success"",quantile=""0.999""}",1.5572165994078349
1791660770.669,168.645,"ztreamer_pipeline_commit_seconds_sum{outcome=""success""}",25.988756675
1791660770.669,168.645,"ztreamer_pipeline_commit_seconds_count{outcome=""success""}",42.0
1791660770.669,168.645,"ztreamer_pipeline_receive_wait_seconds{quantile=""0.5""}",0.059243452321200346
1791660770.669,168.645,"ztreamer_pipeline_receive_wait_seconds{quantile=""0.9""}",0.059243452321200346
1791660770.669,168.645,"ztreamer_pipeline_receive_wait_seconds{quantile=""0.95""}",0.059243452321200346
1791660770.669,168.645,"ztreamer_pipeline_receive_wait_seconds{quantile=""0.99""}",0.059243452321200346
1791660770.669,168.645,"ztreamer_pipeline_receive_wait_seconds{quantile=""0.999""}",0.059243452321200346
1791660770.669,168.645,"ztreamer_pipeline_receive_wait_seconds{quantile=""1""}",0.059248418
1791660770.669,168.645,ztreamer_pipeline_receive_wait_seconds_sum,49.68387673600049
1791660770.669,168.645,ztreamer_pipeline_receive_wait_seconds_count,3449129.0
1791660770.669,168.645,"ztreamer_pipeline_segment_seconds{outcome=""success"",quantile=""0.5""}",0.010600013331710872
1791660770.669,168.645,"ztreamer_pipeline_segment_seconds{outcome=""success"",quantile=""0.9""}",0.013208429966247114
1791660770.669,168.645,"ztreamer_pipeline_segment_seconds{outcome=""success"",quantile=""0.95""}",0.020777179834158856
1791660770.669,168.645,"ztreamer_pipeline_segment_seconds{outcome=""success"",quantile=""0.99""}",0.15712713705637363
1791660770.669,168.645,"ztreamer_pipeline_segment_seconds{outcome=""success"",quantile=""0.999""}",0.2129069612894299
1791660770.669,168.645,"ztreamer_pipeline_segment_seconds{outcome=""success"",quantile=""1""}",0.304817592
1791660770.669,168.645,"ztreamer_pipeline_segment_seconds_sum{outcome=""success""}",211.18740921699975
1791660770.669,168.645,"ztreamer_pipeline_segment_seconds_count{outcome=""success""}",13472.0
1791660770.669,168.645,"ztreamer_pipeline_stage_seconds{stage=""header_read"",quantile=""0.5""}",0.002535156203942824
1791660770.669,168.645,"ztreamer_pipeline_stage_seconds{stage=""header_read"",quantile=""0.9""}",0.0030205992976834947
1791660770.669,168.645,"ztreamer_pipeline_stage_seconds{stage=""header_read"",quantile=""0.95""}",0.004810760867852225
1791660770.669,168.645,"ztreamer_pipeline_stage_seconds{stage=""header_read"",quantile=""0.99""}",0.10288946600373487
1791660770.669,168.645,"ztreamer_pipeline_stage_seconds{stage=""header_read"",quantile=""0.999""}",0.14889707085964898
1791660770.669,168.645,"ztreamer_pipeline_stage_seconds_sum{stage=""header_read""}",74.06395096699971
1791660770.669,168.645,"ztreamer_pipeline_stage_seconds_count{stage=""header_read""}",13472.0
1791660770.669,168.645,"ztreamer_pipeline_stage_seconds{stage=""transaction_read"",quantile=""0.5""}",0.0004416909932158066
1791660770.669,168.645,"ztreamer_pipeline_stage_seconds{stage=""transaction_read"",quantile=""0.9""}",0.0008011198242484221
1791660770.669,168.645,"ztreamer_pipeline_stage_seconds{stage=""transaction_read"",quantile=""0.95""}",0.0013429319578202757
1791660770.669,168.645,"ztreamer_pipeline_stage_seconds{stage=""transaction_read"",quantile=""0.99""}",0.002933673096743684
1791660770.669,168.645,"ztreamer_pipeline_stage_seconds{stage=""transaction_read"",quantile=""0.999""}",0.09226411377217704
1791660770.669,168.645,"ztreamer_pipeline_stage_seconds_sum{stage=""transaction_read""}",11.901079903999971
1791660770.669,168.645,"ztreamer_pipeline_stage_seconds_count{stage=""transaction_read""}",13472.0
1791660770.669,168.645,"ztreamer_pipeline_stage_seconds{stage=""worker_send_wait"",quantile=""0.9""}",0.007272173807928374
1791660770.669,168.645,"ztreamer_pipeline_stage_seconds{stage=""worker_send_wait"",quantile=""0.95""}",0.007888888558628775
1791660770.669,168.645,"ztreamer_pipeline_stage_seconds{stage=""worker_send_wait"",quantile=""0.99""}",0.015190272562956488
1791660770.669,168.645,"ztreamer_pipeline_stage_seconds_sum{stage=""worker_send_wait""}",84.38563045500013
1791660770.669,168.645,"ztreamer_pipeline_stage_seconds_count{stage=""worker_send_wait""}",13472.0
1791660770.669,168.645,"ztreamer_pipeline_stage_seconds_sum{stage=""txid_read""}",1.0087800960000046
1791660770.669,168.645,"ztreamer_pipeline_stage_seconds_count{stage=""txid_read""}",13472.0
1791660770.669,168.645,"ztreamer_pipeline_stage_seconds{stage=""parse"",quantile=""0.5""}",0.00010441888212982826
1791660770.669,168.645,"ztreamer_pipeline_stage_seconds{stage=""parse"",quantile=""0.9""}",0.00016287947724189558
1791660770.669,168.645,"ztreamer_pipeline_stage_seconds{stage=""parse"",quantile=""0.95""}",0.00018728106771852664
1791660770.669,168.645,"ztreamer_pipeline_stage_seconds{stage=""parse"",quantile=""0.99""}",0.0002545279174800119
1791660770.669,168.645,"ztreamer_pipeline_stage_seconds{stage=""parse"",quantile=""0.999""}",0.0006521082191946131
1791660770.669,168.645,"ztreamer_pipeline_stage_seconds_sum{stage=""parse""}",1.5795960050000049
1791660770.669,168.645,"ztreamer_pipeline_stage_seconds_count{stage=""parse""}",13472.0
1791660770.669,168.645,"ztreamer_pipeline_batch_send_wait_seconds{quantile=""0.5""}",7.473851885876074e-06
1791660770.669,168.645,"ztreamer_pipeline_batch_send_wait_seconds{quantile=""0.9""}",9.59853530513119e-06
1791660770.669,168.645,ztreamer_pipeline_batch_send_wait_seconds_sum,0.0003387659999999999
1791660770.669,168.645,ztreamer_pipeline_batch_send_wait_seconds_count,43.0
1791660773.510,171.486,ztreamer_pipeline_source_bytes,7101105712.0
1791660773.510,171.486,ztreamer_pipeline_committed_blocks,3501797.0
1791660773.510,171.486,ztreamer_pipeline_source_blocks,3572224.0
1791660773.510,171.486,ztreamer_pipeline_source_transactions,4130535.0
1791660773.510,171.486,ztreamer_pipeline_pending_bytes,5896096.0
1791660773.510,171.486,ztreamer_index_sealed_block_height,3500999.0
1791660773.510,171.486,ztreamer_index_durable_block_height,3501796.0
1791660773.510,171.486,ztreamer_index_generation,44.0
1791660773.510,171.486,ztreamer_pipeline_ready_bytes,5682208.0
1791660773.510,171.486,ztreamer_pipeline_first_missing_height,3572428.0
1791660773.510,171.486,"ztreamer_pipeline_commit_seconds{outcome=""success"",quantile=""0.5""}",0.39760349735483447
1791660773.510,171.486,"ztreamer_pipeline_commit_seconds{outcome=""success"",quantile=""0.9""}",1.444697556542144
1791660773.510,171.486,"ztreamer_pipeline_commit_seconds{outcome=""success"",quantile=""0.95""}",1.5572165994078349
1791660773.510,171.486,"ztreamer_pipeline_commit_seconds{outcome=""success"",quantile=""0.99""}",1.612361696815006
1791660773.510,171.486,"ztreamer_pipeline_commit_seconds{outcome=""success"",quantile=""0.999""}",1.612361696815006
1791660773.510,171.486,"ztreamer_pipeline_commit_seconds{outcome=""success"",quantile=""1""}",1.675049559
1791660773.510,171.486,"ztreamer_pipeline_commit_seconds_sum{outcome=""success""}",29.276029378000004
1791660773.510,171.486,"ztreamer_pipeline_commit_seconds_count{outcome=""success""}",44.0
1791660773.510,171.486,"ztreamer_pipeline_receive_wait_seconds{quantile=""0.5""}",8.443740762364013e-05
1791660773.510,171.486,ztreamer_pipeline_receive_wait_seconds_sum,52.461660725000876
1791660773.510,171.486,ztreamer_pipeline_receive_wait_seconds_count,3572892.0
1791660773.510,171.486,"ztreamer_pipeline_segment_seconds{outcome=""success"",quantile=""0.5""}",0.010614863743287307
1791660773.510,171.486,"ztreamer_pipeline_segment_seconds{outcome=""success"",quantile=""0.9""}",0.013467175222376403
1791660773.510,171.486,"ztreamer_pipeline_segment_seconds{outcome=""success"",quantile=""0.95""}",0.021078535780173806
1791660773.510,171.486,"ztreamer_pipeline_segment_seconds{outcome=""success"",quantile=""0.99""}",0.1580411224497838
1791660773.510,171.486,"ztreamer_pipeline_segment_seconds{outcome=""success"",quantile=""0.999""}",0.24835403020329835
1791660773.510,171.486,"ztreamer_pipeline_segment_seconds_sum{outcome=""success""}",222.9403041219999
1791660773.510,171.486,"ztreamer_pipeline_segment_seconds_count{outcome=""success""}",13954.0
1791660773.510,171.486,"ztreamer_pipeline_stage_seconds{stage=""header_read"",quantile=""0.9""}",0.0030260412727456873
1791660773.510,171.486,"ztreamer_pipeline_stage_seconds{stage=""header_read"",quantile=""0.95""}",0.0050553912917840945
1791660773.510,171.486,"ztreamer_pipeline_stage_seconds{stage=""header_read"",quantile=""0.99""}",0.1028688901681177
1791660773.510,171.486,"ztreamer_pipeline_stage_seconds_sum{stage=""header_read""}",77.52222915799982
1791660773.510,171.486,"ztreamer_pipeline_stage_seconds_count{stage=""header_read""}",13954.0
1791660773.510,171.486,"ztreamer_pipeline_stage_seconds{stage=""transaction_read"",quantile=""0.5""}",0.0003731612107419163
1791660773.510,171.486,"ztreamer_pipeline_stage_seconds{stage=""transaction_read"",quantile=""0.9""}",0.0004942347108789087
1791660773.510,171.486,"ztreamer_pipeline_stage_seconds{stage=""transaction_read"",quantile=""0.95""}",0.0005210315141652765
1791660773.510,171.486,"ztreamer_pipeline_stage_seconds{stage=""transaction_read"",quantile=""0.99""}",0.000547526316898845
1791660773.510,171.486,"ztreamer_pipeline_stage_seconds{stage=""transaction_read"",quantile=""0.999""}",0.0005553566544461656
1791660773.510,171.486,"ztreamer_pipeline_stage_seconds{stage=""transaction_read"",quantile=""1""}",0.236673739
1791660773.510,171.486,"ztreamer_pipeline_stage_seconds_sum{stage=""transaction_read""}",15.06726094599999
1791660773.510,171.486,"ztreamer_pipeline_stage_seconds_count{stage=""transaction_read""}",13954.0
1791660773.510,171.486,"ztreamer_pipeline_stage_seconds{stage=""worker_send_wait"",quantile=""0.9""}",0.0072750832593127274
1791660773.510,171.486,"ztreamer_pipeline_stage_seconds{stage=""worker_send_wait"",quantile=""0.95""}",0.00789836090720316
1791660773.510,171.486,"ztreamer_pipeline_stage_seconds{stage=""worker_send_wait"",quantile=""0.99""}",0.015184197668970854
1791660773.510,171.486,"ztreamer_pipeline_stage_seconds{stage=""worker_send_wait"",quantile=""0.999""}",0.017344149769727167
1791660773.510,171.486,"ztreamer_pipeline_stage_seconds_sum{stage=""worker_send_wait""}",87.41825723799997
1791660773.510,171.486,"ztreamer_pipeline_stage_seconds_count{stage=""worker_send_wait""}",13954.0
1791660773.510,171.486,"ztreamer_pipeline_stage_seconds_sum{stage=""txid_read""}",1.018157174000006
1791660773.510,171.486,"ztreamer_pipeline_stage_seconds_count{stage=""txid_read""}",13954.0
1791660773.510,171.486,"ztreamer_pipeline_stage_seconds{stage=""parse"",quantile=""0.5""}",0.00010435624959198205
1791660773.510,171.486,"ztreamer_pipeline_stage_seconds{stage=""parse"",quantile=""0.9""}",0.00016507675110067192
1791660773.510,171.486,"ztreamer_pipeline_stage_seconds{stage=""parse"",quantile=""0.95""}",0.00019321634592925753
1791660773.510,171.486,"ztreamer_pipeline_stage_seconds{stage=""parse"",quantile=""0.99""}",0.00026264689499158286
1791660773.510,171.486,"ztreamer_pipeline_stage_seconds_sum{stage=""parse""}",1.644611627000005
1791660773.510,171.486,"ztreamer_pipeline_stage_seconds_count{stage=""parse""}",13954.0
1791660773.510,171.486,ztreamer_pipeline_batch_send_wait_seconds_sum,0.0003534139999999999
1791660773.510,171.486,ztreamer_pipeline_batch_send_wait_seconds_count,45.0
1791660775.510,173.487,ztreamer_pipeline_source_bytes,7235975561.0
1791660775.510,173.487,ztreamer_pipeline_committed_blocks,3559602.0
1791660775.510,173.487,ztreamer_pipeline_source_transactions,4190766.0
1791660775.510,173.487,ztreamer_pipeline_source_blocks,3631872.0
1791660775.510,173.487,ztreamer_index_sealed_block_height,3558999.0
1791660775.510,173.487,ztreamer_index_durable_block_height,3559601.0
1791660775.510,173.487,ztreamer_index_generation,45.0
1791660775.510,173.487,ztreamer_pipeline_ready_bytes,5424584.0
1791660775.510,173.487,ztreamer_pipeline_first_missing_height,3631991.0
1791660775.510,173.487,ztreamer_pipeline_pending_bytes,5437448.0
1791660775.510,173.487,"ztreamer_pipeline_commit_seconds{outcome=""success"",quantile=""0.5""}",0.4248156334377377
1791660775.510,173.487,"ztreamer_pipeline_commit_seconds{outcome=""success"",quantile=""0.9""}",1.51270584325924
1791660775.510,173.487,"ztreamer_pipeline_commit_seconds{outcome=""success"",quantile=""0.95""}",1.5631452798640366
1791660775.510,173.487,"ztreamer_pipeline_commit_seconds{outcome=""success"",quantile=""0.99""}",1.662130140127738
1791660775.510,173.487,"ztreamer_pipeline_commit_seconds{outcome=""success"",quantile=""0.999""}",1.662130140127738
1791660775.510,173.487,"ztreamer_pipeline_commit_seconds_sum{outcome=""success""}",30.938068093000005
1791660775.510,173.487,"ztreamer_pipeline_commit_seconds_count{outcome=""success""}",45.0
1791660775.510,173.487,ztreamer_pipeline_receive_wait_seconds_sum,54.38011720500101
1791660775.510,173.487,ztreamer_pipeline_receive_wait_seconds_count,3632047.0
1791660775.510,173.487,"ztreamer_pipeline_segment_seconds{outcome=""success"",quantile=""0.5""}",0.010629734960000213
1791660775.510,173.487,"ztreamer_pipeline_segment_seconds{outcome=""success"",quantile=""0.9""}",0.013599802351472927
1791660775.510,173.487,"ztreamer_pipeline_segment_seconds{outcome=""success"",quantile=""0.95""}",0.021538784951258758
1791660775.510,173.487,"ztreamer_pipeline_segment_seconds{outcome=""success"",quantile=""0.99""}",0.15826253497455486
1791660775.510,173.487,"ztreamer_pipeline_segment_seconds{outcome=""success"",quantile=""0.999""}",0.24939931068608842
1791660775.510,173.487,"ztreamer_pipeline_segment_seconds_sum{outcome=""success""}",230.85600477900002
1791660775.510,173.487,"ztreamer_pipeline_segment_seconds_count{outcome=""success""}",14187.0
1791660775.510,173.487,"ztreamer_pipeline_stage_seconds{stage=""header_read"",quantile=""0.9""}",0.0030399931273105613
1791660775.510,173.487,"ztreamer_pipeline_stage_seconds{stage=""header_read"",quantile=""0.95""}",0.0054491261512965425
1791660775.510,173.487,"ztreamer_pipeline_stage_seconds{stage=""header_read"",quantile=""0.99""}",0.10297181051022324
1791660775.510,173.487,"ztreamer_pipeline_stage_seconds_sum{stage=""header_read""}",80.35955468199974
1791660775.510,173.487,"ztreamer_pipeline_stage_seconds_count{stage=""header_read""}",14187.0
1791660775.510,173.487,"ztreamer_pipeline_stage_seconds{stage=""transaction_read"",quantile=""0.5""}",0.0003749566902629937
1791660775.510,173.487,"ztreamer_pipeline_stage_seconds{stage=""transaction_read"",quantile=""0.9""}",0.0005016037812355119
1791660775.510,173.487,"ztreamer_pipeline_stage_seconds{stage=""transaction_read"",quantile=""0.95""}",0.0005302828417215484
1791660775.510,173.487,"ztreamer_pipeline_stage_seconds{stage=""transaction_read"",quantile=""0.99""}",0.0005604895106188798
1791660775.510,173.487,"ztreamer_pipeline_stage_seconds{stage=""transaction_read"",quantile=""0.999""}",0.0005671424620837672
1791660775.510,173.487,"ztreamer_pipeline_stage_seconds_sum{stage=""transaction_read""}",17.064967859999985
1791660775.510,173.487,"ztreamer_pipeline_stage_seconds_count{stage=""transaction_read""}",14187.0
1791660775.510,173.487,"ztreamer_pipeline_stage_seconds{stage=""worker_send_wait"",quantile=""0.5""}",0.005928998174840077
1791660775.510,173.487,"ztreamer_pipeline_stage_seconds{stage=""worker_send_wait"",quantile=""0.9""}",0.007288190201932662
1791660775.510,173.487,"ztreamer_pipeline_stage_seconds{stage=""worker_send_wait"",quantile=""0.95""}",0.007914173436328564
1791660775.510,173.487,"ztreamer_pipeline_stage_seconds{stage=""worker_send_wait"",quantile=""0.99""}",0.0151508291528143
1791660775.510,173.487,"ztreamer_pipeline_stage_seconds_sum{stage=""worker_send_wait""}",88.96431642499988
1791660775.510,173.487,"ztreamer_pipeline_stage_seconds_count{stage=""worker_send_wait""}",14187.0
1791660775.510,173.487,"ztreamer_pipeline_stage_seconds{stage=""txid_read"",quantile=""0.5""}",0.0016232904846271564
1791660775.510,173.487,"ztreamer_pipeline_stage_seconds_sum{stage=""txid_read""}",1.022876994000006
1791660775.510,173.487,"ztreamer_pipeline_stage_seconds_count{stage=""txid_read""}",14187.0
1791660775.510,173.487,"ztreamer_pipeline_stage_seconds{stage=""parse"",quantile=""0.5""}",0.0001048793374716187
1791660775.510,173.487,"ztreamer_pipeline_stage_seconds{stage=""parse"",quantile=""0.9""}",0.0001668025076973828
1791660775.510,173.487,"ztreamer_pipeline_stage_seconds{stage=""parse"",quantile=""0.95""}",0.00019543161532447234
1791660775.510,173.487,"ztreamer_pipeline_stage_seconds{stage=""parse"",quantile=""0.99""}",0.00026412184361005364
1791660775.510,173.487,"ztreamer_pipeline_stage_seconds_sum{stage=""parse""}",1.6827941280000047
1791660775.510,173.487,"ztreamer_pipeline_stage_seconds_count{stage=""parse""}",14187.0
1791660775.510,173.487,ztreamer_pipeline_batch_send_wait_seconds_sum,0.0003612079999999999
1791660775.510,173.487,ztreamer_pipeline_batch_send_wait_seconds_count,46.0
1791660777.510,175.487,ztreamer_pipeline_source_bytes,7404376406.0
1791660777.510,175.487,ztreamer_pipeline_committed_blocks,3609019.0
1791660777.510,175.487,ztreamer_pipeline_source_transactions,4275807.0
1791660777.510,175.487,ztreamer_pipeline_source_blocks,3714304.0
1791660777.510,175.487,ztreamer_index_sealed_block_height,3608999.0
1791660777.510,175.487,ztreamer_pipeline_ready_bytes,8423560.0
1791660777.510,175.487,ztreamer_pipeline_pending_bytes,8482504.0
1791660777.510,175.487,ztreamer_index_generation,46.0
1791660777.510,175.487,ztreamer_index_durable_block_height,3609018.0
1791660777.510,175.487,ztreamer_pipeline_first_missing_height,3714484.0
1791660777.510,175.487,"ztreamer_pipeline_commit_seconds_sum{outcome=""success""}",32.358020409000005
1791660777.510,175.487,"ztreamer_pipeline_commit_seconds_count{outcome=""success""}",46.0
1791660777.510,175.487,ztreamer_pipeline_receive_wait_seconds_sum,56.32581700400119
1791660777.510,175.487,ztreamer_pipeline_receive_wait_seconds_count,3714638.0
1791660777.510,175.487,"ztreamer_pipeline_segment_seconds{outcome=""success"",quantile=""0.5""}",0.010648885713499496
1791660777.510,175.487,"ztreamer_pipeline_segment_seconds{outcome=""success"",quantile=""0.9""}",0.013676174888412393
1791660777.510,175.487,"ztreamer_pipeline_segment_seconds{outcome=""success"",quantile=""0.95""}",0.021938767147129827
1791660777.510,175.487,"ztreamer_pipeline_segment_seconds{outcome=""success"",quantile=""0.99""}",0.15873803547518914
1791660777.510,175.487,"ztreamer_pipeline_segment_seconds{outcome=""success"",quantile=""0.999""}",0.24924971598207724
1791660777.510,175.487,"ztreamer_pipeline_segment_seconds_sum{outcome=""success""}",238.93111045899994
1791660777.510,175.487,"ztreamer_pipeline_segment_seconds_count{outcome=""success""}",14509.0
1791660777.510,175.487,"ztreamer_pipeline_stage_seconds{stage=""header_read"",quantile=""0.5""}",0.0025371851403791076
1791660777.510,175.487,"ztreamer_pipeline_stage_seconds{stage=""header_read"",quantile=""0.9""}",0.0030479073935556975
1791660777.510,175.487,"ztreamer_pipeline_stage_seconds{stage=""header_read"",quantile=""0.95""}",0.005587071437035017
1791660777.510,175.487,"ztreamer_pipeline_stage_seconds{stage=""header_read"",quantile=""0.99""}",0.10394430911488203
1791660777.510,175.487,"ztreamer_pipeline_stage_seconds{stage=""header_read"",quantile=""0.999""}",0.1486887608108093
1791660777.510,175.487,"ztreamer_pipeline_stage_seconds_sum{stage=""header_read""}",83.4964759529997
1791660777.510,175.487,"ztreamer_pipeline_stage_seconds_count{stage=""header_read""}",14509.0
1791660777.510,175.487,"ztreamer_pipeline_stage_seconds{stage=""transaction_read"",quantile=""0.5""}",0.00037683616850058953
1791660777.510,175.487,"ztreamer_pipeline_stage_seconds{stage=""transaction_read"",quantile=""0.9""}",0.0005115321960059553
1791660777.510,175.487,"ztreamer_pipeline_stage_seconds{stage=""transaction_read"",quantile=""0.95""}",0.0005440333379144926
1791660777.510,175.487,"ztreamer_pipeline_stage_seconds{stage=""transaction_read"",quantile=""0.99""}",0.0005791783887404864
1791660777.510,175.487,"ztreamer_pipeline_stage_seconds{stage=""transaction_read"",quantile=""0.999""}",0.000587696423590743
1791660777.510,175.487,"ztreamer_pipeline_stage_seconds_sum{stage=""transaction_read""}",18.19519684999999
1791660777.510,175.487,"ztreamer_pipeline_stage_seconds_count{stage=""transaction_read""}",14509.0
1791660777.510,175.487,"ztreamer_pipeline_stage_seconds{stage=""worker_send_wait"",quantile=""0.5""}",0.005930184093066872
1791660777.510,175.487,"ztreamer_pipeline_stage_seconds{stage=""worker_send_wait"",quantile=""0.95""}",0.007909426356517294
1791660777.510,175.487,"ztreamer_pipeline_stage_seconds{stage=""worker_send_wait"",quantile=""0.99""}",0.015075264076915259
1791660777.510,175.487,"ztreamer_pipeline_stage_seconds{stage=""worker_send_wait"",quantile=""0.999""}",0.017292195290928854
1791660777.510,175.487,"ztreamer_pipeline_stage_seconds_sum{stage=""worker_send_wait""}",90.97526827699981
1791660777.510,175.487,"ztreamer_pipeline_stage_seconds_count{stage=""worker_send_wait""}",14509.0
1791660777.510,175.487,"ztreamer_pipeline_stage_seconds{stage=""txid_read"",quantile=""0.5""}",0.0002828765336889227
1791660777.510,175.487,"ztreamer_pipeline_stage_seconds{stage=""txid_read"",quantile=""0.9""}",0.04356505174888531
1791660777.510,175.487,"ztreamer_pipeline_stage_seconds{stage=""txid_read"",quantile=""0.95""}",0.04356505174888531
1791660777.510,175.487,"ztreamer_pipeline_stage_seconds{stage=""txid_read"",quantile=""0.99""}",0.04356505174888531
1791660777.510,175.487,"ztreamer_pipeline_stage_seconds{stage=""txid_read"",quantile=""0.999""}",0.04356505174888531
1791660777.510,175.487,"ztreamer_pipeline_stage_seconds{stage=""txid_read"",quantile=""1""}",0.043562069
1791660777.510,175.487,"ztreamer_pipeline_stage_seconds_sum{stage=""txid_read""}",1.0753806050000074
1791660777.510,175.487,"ztreamer_pipeline_stage_seconds_count{stage=""txid_read""}",14509.0
1791660777.510,175.487,"ztreamer_pipeline_stage_seconds{stage=""parse"",quantile=""0.5""}",0.00010563719371247142
1791660777.510,175.487,"ztreamer_pipeline_stage_seconds{stage=""parse"",quantile=""0.9""}",0.00016780633120597023
1791660777.510,175.487,"ztreamer_pipeline_stage_seconds{stage=""parse"",quantile=""0.95""}",0.00019637194205990243
1791660777.510,175.487,"ztreamer_pipeline_stage_seconds{stage=""parse"",quantile=""0.99""}",0.00026908048230082384
1791660777.510,175.487,"ztreamer_pipeline_stage_seconds{stage=""parse"",quantile=""0.999""}",0.0006517170716178001
1791660777.510,175.487,"ztreamer_pipeline_stage_seconds_sum{stage=""parse""}",1.7304990720000044
1791660777.510,175.487,"ztreamer_pipeline_stage_seconds_count{stage=""parse""}",14509.0
1791660777.510,175.487,"ztreamer_pipeline_batch_send_wait_seconds{quantile=""0.5""}",7.5143198513644185e-06
1791660777.510,175.487,ztreamer_pipeline_batch_send_wait_seconds_sum,0.0003694929999999999
1791660777.510,175.487,ztreamer_pipeline_batch_send_wait_seconds_count,47.0
1791660780.355,178.331,ztreamer_pipeline_committed_blocks,3681989.0
1791660780.355,178.331,ztreamer_pipeline_source_bytes,7556114865.0
1791660780.355,178.331,ztreamer_pipeline_source_blocks,3776768.0
1791660780.355,178.331,ztreamer_pipeline_source_transactions,4341337.0
1791660780.355,178.331,ztreamer_pipeline_ready_bytes,9412620.0
1791660780.355,178.331,ztreamer_pipeline_first_missing_height,3776948.0
1791660780.355,178.331,ztreamer_index_sealed_block_height,3680999.0
1791660780.355,178.331,ztreamer_index_generation,47.0
1791660780.355,178.331,ztreamer_index_durable_block_height,3681988.0
1791660780.355,178.331,ztreamer_pipeline_pending_bytes,9449676.0
1791660780.355,178.331,"ztreamer_pipeline_commit_seconds{outcome=""success"",quantile=""0""}",0.469500692
1791660780.355,178.331,"ztreamer_pipeline_commit_seconds{outcome=""success"",quantile=""0.5""}",1.3038220583652649
1791660780.355,178.331,"ztreamer_pipeline_commit_seconds{outcome=""success"",quantile=""0.9""}",1.612361696815006
1791660780.355,178.331,"ztreamer_pipeline_commit_seconds{outcome=""success"",quantile=""0.95""}",1.662130140127738
1791660780.355,178.331,"ztreamer_pipeline_commit_seconds{outcome=""success"",quantile=""0.99""}",1.6751454489810977
1791660780.355,178.331,"ztreamer_pipeline_commit_seconds{outcome=""success"",quantile=""0.999""}",1.6751454489810977
1791660780.355,178.331,"ztreamer_pipeline_commit_seconds{outcome=""success"",quantile=""1""}",1.735994103
1791660780.355,178.331,"ztreamer_pipeline_commit_seconds_sum{outcome=""success""}",34.09401451200001
1791660780.355,178.331,"ztreamer_pipeline_commit_seconds_count{outcome=""success""}",47.0
1791660780.355,178.331,ztreamer_pipeline_receive_wait_seconds_sum,59.080198441000846
1791660780.355,178.331,ztreamer_pipeline_receive_wait_seconds_count,3777135.0
1791660780.355,178.331,"ztreamer_pipeline_segment_seconds{outcome=""success"",quantile=""0""}",0.008092903
1791660780.355,178.331,"ztreamer_pipeline_segment_seconds{outcome=""success"",quantile=""0.5""}",0.010866180494225186
1791660780.355,178.331,"ztreamer_pipeline_segment_seconds{outcome=""success"",quantile=""0.9""}",0.01985101741368408
1791660780.355,178.331,"ztreamer_pipeline_segment_seconds{outcome=""success"",quantile=""0.95""}",0.14050671306303641
1791660780.355,178.331,"ztreamer_pipeline_segment_seconds{outcome=""success"",quantile=""0.99""}",0.204476952759908
1791660780.355,178.331,"ztreamer_pipeline_segment_seconds{outcome=""success"",quantile=""0.999""}",0.2607742966750667
1791660780.355,178.331,"ztreamer_pipeline_segment_seconds{outcome=""success"",quantile=""1""}",0.344610992
1791660780.355,178.331,"ztreamer_pipeline_segment_seconds_sum{outcome=""success""}",249.85449838300005
1791660780.355,178.331,"ztreamer_pipeline_segment_seconds_count{outcome=""success""}",14753.0
1791660780.355,178.331,"ztreamer_pipeline_stage_seconds{stage=""header_read"",quantile=""0""}",0.001555343
1791660780.355,178.331,"ztreamer_pipeline_stage_seconds{stage=""header_read"",quantile=""0.5""}",0.00257707556503981
1791660780.355,178.331,"ztreamer_pipeline_stage_seconds{stage=""header_read"",quantile=""0.9""}",0.003924563973517555
1791660780.355,178.331,"ztreamer_pipeline_stage_seconds{stage=""header_read"",quantile=""0.95""}",0.06101106643337387
1791660780.355,178.331,"ztreamer_pipeline_stage_seconds{stage=""header_read"",quantile=""0.99""}",0.13192786121234487
1791660780.355,178.331,"ztreamer_pipeline_stage_seconds{stage=""header_read"",quantile=""0.999""}",0.150935903668121
1791660780.355,178.331,"ztreamer_pipeline_stage_seconds_sum{stage=""header_read""}",86.73832335099974
1791660780.355,178.331,"ztreamer_pipeline_stage_seconds_count{stage=""header_read""}",14753.0
1791660780.355,178.331,"ztreamer_pipeline_stage_seconds{stage=""transaction_read"",quantile=""0""}",0.000230534
1791660780.355,178.331,"ztreamer_pipeline_stage_seconds{stage=""transaction_read"",quantile=""0.5""}",0.00047173176400013093
1791660780.355,178.331,"ztreamer_pipeline_stage_seconds{stage=""transaction_read"",quantile=""0.9""}",0.0020897725941146444
1791660780.355,178.331,"ztreamer_pipeline_stage_seconds{stage=""transaction_read"",quantile=""0.95""}",0.00659594625961971
1791660780.355,178.331,"ztreamer_pipeline_stage_seconds{stage=""transaction_read"",quantile=""0.99""}",0.23666727911611424
1791660780.355,178.331,"ztreamer_pipeline_stage_seconds{stage=""transaction_read"",quantile=""0.999""}",0.23666727911611424
1791660780.355,178.331,"ztreamer_pipeline_stage_seconds_sum{stage=""transaction_read""}",21.956210712000015
1791660780.355,178.331,"ztreamer_pipeline_stage_seconds_count{stage=""transaction_read""}",14753.0
1791660780.355,178.331,"ztreamer_pipeline_stage_seconds{stage=""worker_send_wait"",quantile=""0""}",0.003099259
1791660780.355,178.331,"ztreamer_pipeline_stage_seconds{stage=""worker_send_wait"",quantile=""0.5""}",0.005986190642114626
1791660780.355,178.331,"ztreamer_pipeline_stage_seconds{stage=""worker_send_wait"",quantile=""0.9""}",0.0075297004314902995
1791660780.355,178.331,"ztreamer_pipeline_stage_seconds{stage=""worker_send_wait"",quantile=""0.95""}",0.00820427416389768
1791660780.355,178.331,"ztreamer_pipeline_stage_seconds{stage=""worker_send_wait"",quantile=""0.99""}",0.014374492185612054
1791660780.355,178.331,"ztreamer_pipeline_stage_seconds{stage=""worker_send_wait"",quantile=""0.999""}",0.017137263770422684
1791660780.355,178.331,"ztreamer_pipeline_stage_seconds{stage=""worker_send_wait"",quantile=""1""}",0.018259135
1791660780.355,178.331,"ztreamer_pipeline_stage_seconds_sum{stage=""worker_send_wait""}",92.57926889899984
1791660780.355,178.331,"ztreamer_pipeline_stage_seconds_count{stage=""worker_send_wait""}",14753.0
1791660780.355,178.331,"ztreamer_pipeline_stage_seconds{stage=""txid_read"",quantile=""0""}",8.781e-06
1791660780.355,178.331,"ztreamer_pipeline_stage_seconds{stage=""txid_read"",quantile=""0.5""}",0.04356505174888531
1791660780.355,178.331,"ztreamer_pipeline_stage_seconds_sum{stage=""txid_read""}",1.083857403000009
1791660780.355,178.331,"ztreamer_pipeline_stage_seconds_count{stage=""txid_read""}",14753.0
1791660780.355,178.331,"ztreamer_pipeline_stage_seconds{stage=""parse"",quantile=""0""}",5.6099e-05
1791660780.355,178.331,"ztreamer_pipeline_stage_seconds{stage=""parse"",quantile=""0.5""}",0.00011199010538779158
1791660780.355,178.331,"ztreamer_pipeline_stage_seconds{stage=""parse"",quantile=""0.9""}",0.00018523226504024278
1791660780.355,178.331,"ztreamer_pipeline_stage_seconds{stage=""parse"",quantile=""0.95""}",0.0002130678212782006
1791660780.355,178.331,"ztreamer_pipeline_stage_seconds{stage=""parse"",quantile=""0.99""}",0.0002849205945269781
1791660780.355,178.331,"ztreamer_pipeline_stage_seconds{stage=""parse"",quantile=""0.999""}",0.00041051420275676256
1791660780.355,178.331,"ztreamer_pipeline_stage_seconds{stage=""parse"",quantile=""1""}",0.000807328
1791660780.355,178.331,"ztreamer_pipeline_stage_seconds_sum{stage=""parse""}",1.7734128420000042
1791660780.355,178.331,"ztreamer_pipeline_stage_seconds_count{stage=""parse""}",14753.0
1791660780.355,178.331,"ztreamer_pipeline_batch_send_wait_seconds{quantile=""0""}",6.723e-06
1791660780.355,178.331,"ztreamer_pipeline_batch_send_wait_seconds{quantile=""0.5""}",7.664586111733298e-06
1791660780.355,178.331,"ztreamer_pipeline_batch_send_wait_seconds{quantile=""0.9""}",9.928510974165653e-06
1791660780.355,178.331,ztreamer_pipeline_batch_send_wait_seconds_sum,0.0003787299999999999
1791660780.355,178.331,ztreamer_pipeline_batch_send_wait_seconds_count,48.0
1791660780.355,178.331,"sync_stage_duration_seconds{stage=""obtain_tips"",quantile=""0.5""}",6.000843249719959
1791660780.355,178.331,"sync_stage_duration_seconds{stage=""obtain_tips"",quantile=""0.9""}",6.000843249719959
1791660780.355,178.331,"sync_stage_duration_seconds{stage=""obtain_tips"",quantile=""0.95""}",6.000843249719959
1791660780.355,178.331,"sync_stage_duration_seconds{stage=""obtain_tips"",quantile=""0.99""}",6.000843249719959
1791660780.355,178.331,"sync_stage_duration_seconds{stage=""obtain_tips"",quantile=""0.999""}",6.000843249719959
1791660782.355,180.331,ztreamer_pipeline_source_bytes,7695387972.0
1791660782.355,180.331,ztreamer_pipeline_source_blocks,3841792.0
1791660782.355,180.331,ztreamer_pipeline_committed_blocks,3744409.0
1791660782.355,180.331,ztreamer_pipeline_source_transactions,4409425.0
1791660782.355,180.331,ztreamer_index_durable_block_height,3744408.0
1791660782.355,180.331,ztreamer_pipeline_ready_bytes,7036548.0
1791660782.355,180.331,ztreamer_pipeline_pending_bytes,7042884.0
1791660782.355,180.331,ztreamer_index_generation,48.0
1791660782.355,180.331,ztreamer_pipeline_first_missing_height,3841927.0
1791660782.355,180.331,ztreamer_index_sealed_block_height,3743999.0
1791660782.355,180.331,"ztreamer_pipeline_commit_seconds{outcome=""success"",quantile=""0.5""}",1.305126532556368
1791660782.355,180.331,"ztreamer_pipeline_commit_seconds{outcome=""success"",quantile=""0.9""}",1.6455916688480954
1791660782.355,180.331,"ztreamer_pipeline_commit_seconds_sum{outcome=""success""}",35.73974416300001
1791660782.355,180.331,"ztreamer_pipeline_commit_seconds_count{outcome=""success""}",48.0
1791660782.355,180.331,"ztreamer_pipeline_receive_wait_seconds{quantile=""0.5""}",0.05967154446168927
1791660782.355,180.331,"ztreamer_pipeline_receive_wait_seconds{quantile=""0.9""}",0.05967154446168927
1791660782.355,180.331,"ztreamer_pipeline_receive_wait_seconds{quantile=""0.95""}",0.05967154446168927
1791660782.355,180.331,"ztreamer_pipeline_receive_wait_seconds{quantile=""0.99""}",0.05967154446168927
1791660782.355,180.331,"ztreamer_pipeline_receive_wait_seconds{quantile=""0.999""}",0.05967154446168927
1791660782.355,180.331,"ztreamer_pipeline_receive_wait_seconds{quantile=""1""}",0.059668748
1791660782.355,180.331,ztreamer_pipeline_receive_wait_seconds_sum,61.024082043000305
1791660782.355,180.331,ztreamer_pipeline_receive_wait_seconds_count,3841960.0
1791660782.355,180.331,"ztreamer_pipeline_segment_seconds{outcome=""success"",quantile=""0.5""}",0.0109075505335339
1791660782.355,180.331,"ztreamer_pipeline_segment_seconds{outcome=""success"",quantile=""0.9""}",0.02021965722105335
1791660782.355,180.331,"ztreamer_pipeline_segment_seconds{outcome=""success"",quantile=""0.95""}",0.14160695077748234
1791660782.355,180.331,"ztreamer_pipeline_segment_seconds{outcome=""success"",quantile=""0.99""}",0.2047224723863518
1791660782.355,180.331,"ztreamer_pipeline_segment_seconds{outcome=""success"",quantile=""0.999""}",0.26307923735796374
1791660782.355,180.331,"ztreamer_pipeline_segment_seconds_sum{outcome=""success""}",258.0452207880001
1791660782.355,180.331,"ztreamer_pipeline_segment_seconds_count{outcome=""success""}",15007.0
1791660782.355,180.331,"ztreamer_pipeline_stage_seconds{stage=""header_read"",quantile=""0.9""}",0.00397353153841866
1791660782.355,180.331,"ztreamer_pipeline_stage_seconds{stage=""header_read"",quantile=""0.95""}",0.0617229155490613
1791660782.355,180.331,"ztreamer_pipeline_stage_seconds{stage=""header_read"",quantile=""0.99""}",0.13298751707754466
1791660782.355,180.331,"ztreamer_pipeline_stage_seconds{stage=""header_read"",quantile=""0.999""}",0.151510551242875
1791660782.355,180.331,"ztreamer_pipeline_stage_seconds_sum{stage=""header_read""}",89.87182339099972
1791660782.355,180.331,"ztreamer_pipeline_stage_seconds_count{stage=""header_read""}",15007.0
1791660782.355,180.331,"ztreamer_pipeline_stage_seconds{stage=""transaction_read"",quantile=""0.5""}",0.00048212842839256135
1791660782.355,180.331,"ztreamer_pipeline_stage_seconds{stage=""transaction_read"",quantile=""0.9""}",0.002126027581947735
1791660782.355,180.331,"ztreamer_pipeline_stage_seconds{stage=""transaction_read"",quantile=""0.95""}",0.008043427174943807
1791660782.355,180.331,"ztreamer_pipeline_stage_seconds_sum{stage=""transaction_read""}",23.614766566000025
1791660782.355,180.331,"ztreamer_pipeline_stage_seconds_count{stage=""transaction_read""}",15007.0
1791660782.355,180.331,"ztreamer_pipeline_stage_seconds{stage=""worker_send_wait"",quantile=""0.5""}",0.0059826000050162385
1791660782.355,180.331,"ztreamer_pipeline_stage_seconds{stage=""worker_send_wait"",quantile=""0.9""}",0.007547793415482349
1791660782.355,180.331,"ztreamer_pipeline_stage_seconds{stage=""worker_send_wait"",quantile=""0.95""}",0.008240452504320652
1791660782.355,180.331,"ztreamer_pipeline_stage_seconds_sum{stage=""worker_send_wait""}",94.20080095699974
1791660782.355,180.331,"ztreamer_pipeline_stage_seconds_count{stage=""worker_send_wait""}",15007.0
1791660782.355,180.331,"ztreamer_pipeline_stage_seconds_sum{stage=""txid_read""}",1.0930848070000077
1791660782.355,180.331,"ztreamer_pipeline_stage_seconds_count{stage=""txid_read""}",15007.0
1791660782.355,180.331,"ztreamer_pipeline_stage_seconds{stage=""parse"",quantile=""0.5""}",0.00011221430972892093
1791660782.355,180.331,"ztreamer_pipeline_stage_seconds{stage=""parse"",quantile=""0.9""}",0.00018515818695058543
1791660782.355,180.331,"ztreamer_pipeline_stage_seconds{stage=""parse"",quantile=""0.95""}",0.0002129826111925586
1791660782.355,180.331,"ztreamer_pipeline_stage_seconds{stage=""parse"",quantile=""0.99""}",0.00028963181873768674
1791660782.355,180.331,"ztreamer_pipeline_stage_seconds{stage=""parse"",quantile=""0.999""}",0.0004284656309972286
1791660782.355,180.331,"ztreamer_pipeline_stage_seconds_sum{stage=""parse""}",1.8062685970000036
1791660782.355,180.331,"ztreamer_pipeline_stage_seconds_count{stage=""parse""}",15007.0
1791660782.355,180.331,"ztreamer_pipeline_batch_send_wait_seconds{quantile=""0.5""}",7.5143198513644185e-06
1791660782.355,180.331,ztreamer_pipeline_batch_send_wait_seconds_sum,0.00038595399999999993
1791660782.355,180.331,ztreamer_pipeline_batch_send_wait_seconds_count,49.0
1791660782.355,180.331,"sync_stage_duration_seconds{stage=""obtain_tips"",quantile=""0.5""}",6.002043538398771
1791660782.355,180.331,"sync_stage_duration_seconds{stage=""obtain_tips"",quantile=""0.9""}",6.002043538398771
1791660782.355,180.331,"sync_stage_duration_seconds{stage=""obtain_tips"",quantile=""0.95""}",6.002043538398771
1791660782.355,180.331,"sync_stage_duration_seconds{stage=""obtain_tips"",quantile=""0.99""}",6.002043538398771
1791660782.355,180.331,"sync_stage_duration_seconds{stage=""obtain_tips"",quantile=""0.999""}",6.002043538398771
1791660782.355,180.331,"sync_stage_duration_seconds_sum{stage=""obtain_tips""}",30.10017385
1791660782.355,180.331,"sync_stage_duration_seconds_count{stage=""obtain_tips""}",5.0
1791660785.205,183.182,ztreamer_pipeline_committed_blocks,3878756.0
1791660785.205,183.182,ztreamer_pipeline_source_transactions,4507278.0
1791660785.205,183.182,ztreamer_pipeline_source_bytes,7974877027.0
1791660785.205,183.182,ztreamer_pipeline_source_blocks,3928320.0
1791660785.205,183.182,ztreamer_pipeline_ready_bytes,12988768.0
1791660785.205,183.182,ztreamer_index_durable_block_height,3878755.0
1791660785.205,183.182,ztreamer_pipeline_pending_bytes,13034848.0
1791660785.205,183.182,ztreamer_index_sealed_block_height,3877999.0
1791660785.205,183.182,ztreamer_index_generation,50.0
1791660785.205,183.182,ztreamer_pipeline_first_missing_height,3928498.0
1791660785.205,183.182,"ztreamer_pipeline_commit_seconds{outcome=""success"",quantile=""0.5""}",1.317452563588795
1791660785.205,183.182,"ztreamer_pipeline_commit_seconds{outcome=""success"",quantile=""0.9""}",1.6751454489810977
1791660785.205,183.182,"ztreamer_pipeline_commit_seconds{outcome=""success"",quantile=""0.95""}",1.695707396370225
1791660785.205,183.182,"ztreamer_pipeline_commit_seconds{outcome=""success"",quantile=""0.99""}",1.733773066288394
1791660785.205,183.182,"ztreamer_pipeline_commit_seconds{outcome=""success"",quantile=""0.999""}",1.733773066288394
1791660785.205,183.182,"ztreamer_pipeline_commit_seconds_sum{outcome=""success""}",39.169127507000006
1791660785.205,183.182,"ztreamer_pipeline_commit_seconds_count{outcome=""success""}",50.0
1791660785.205,183.182,ztreamer_pipeline_receive_wait_seconds_sum,63.826473448000776
1791660785.205,183.182,ztreamer_pipeline_receive_wait_seconds_count,3928731.0
1791660785.205,183.182,"ztreamer_pipeline_segment_seconds{outcome=""success"",quantile=""0.5""}",0.010962224858290914
1791660785.205,183.182,"ztreamer_pipeline_segment_seconds{outcome=""success"",quantile=""0.9""}",0.02074396292692554
1791660785.205,183.182,"ztreamer_pipeline_segment_seconds{outcome=""success"",quantile=""0.95""}",0.1421460808906959
1791660785.205,183.182,"ztreamer_pipeline_segment_seconds{outcome=""success"",quantile=""0.99""}",0.2052964985725773
1791660785.205,183.182,"ztreamer_pipeline_segment_seconds{outcome=""success"",quantile=""0.999""}",0.2644508124012953
1791660785.205,183.182,"ztreamer_pipeline_segment_seconds{outcome=""success"",quantile=""1""}",0.345155632
1791660785.205,183.182,"ztreamer_pipeline_segment_seconds_sum{outcome=""success""}",269.78233096400044
1791660785.205,183.182,"ztreamer_pipeline_segment_seconds_count{outcome=""success""}",15346.0
1791660785.205,183.182,"ztreamer_pipeline_stage_seconds{stage=""header_read"",quantile=""0.5""}",0.0025786222743503806
1791660785.205,183.182,"ztreamer_pipeline_stage_seconds{stage=""header_read"",quantile=""0.9""}",0.004220929041180178
1791660785.205,183.182,"ztreamer_pipeline_stage_seconds{stage=""header_read"",quantile=""0.95""}",0.062206236794375515
1791660785.205,183.182,"ztreamer_pipeline_stage_seconds_sum{stage=""header_read""}",93.7793809759998
1791660785.205,183.182,"ztreamer_pipeline_stage_seconds_count{stage=""header_read""}",15345.0
1791660785.205,183.182,"ztreamer_pipeline_stage_seconds{stage=""transaction_read"",quantile=""0.5""}",0.0004961163756853834
1791660785.205,183.182,"ztreamer_pipeline_stage_seconds{stage=""transaction_read"",quantile=""0.9""}",0.0024328301584864874
1791660785.205,183.182,"ztreamer_pipeline_stage_seconds{stage=""transaction_read"",quantile=""0.95""}",0.04062790977454349
1791660785.205,183.182,"ztreamer_pipeline_stage_seconds_sum{stage=""transaction_read""}",26.935783725
1791660785.205,183.182,"ztreamer_pipeline_stage_seconds_count{stage=""transaction_read""}",15346.0
1791660785.205,183.182,"ztreamer_pipeline_stage_seconds{stage=""worker_send_wait"",quantile=""0.5""}",0.0059754251907358485
1791660785.205,183.182,"ztreamer_pipeline_stage_seconds{stage=""worker_send_wait"",quantile=""0.9""}",0.007556856204196833
1791660785.205,183.182,"ztreamer_pipeline_stage_seconds{stage=""worker_send_wait"",quantile=""0.95""}",0.008286728490325397
1791660785.205,183.182,"ztreamer_pipeline_stage_seconds{stage=""worker_send_wait"",quantile=""0.99""}",0.014423448638014032
1791660785.205,183.182,"ztreamer_pipeline_stage_seconds{stage=""worker_send_wait"",quantile=""0.999""}",0.017154409605739104
1791660785.205,183.182,"ztreamer_pipeline_stage_seconds{stage=""worker_send_wait"",quantile=""1""}",0.018770466
1791660785.205,183.182,"ztreamer_pipeline_stage_seconds_sum{stage=""worker_send_wait""}",96.35333507999987
1791660785.205,183.182,"ztreamer_pipeline_stage_seconds_count{stage=""worker_send_wait""}",15346.0
1791660785.205,183.182,"ztreamer_pipeline_stage_seconds_sum{stage=""txid_read""}",1.1158889510000067
1791660785.205,183.182,"ztreamer_pipeline_stage_seconds_count{stage=""txid_read""}",15345.0
1791660785.205,183.182,"ztreamer_pipeline_stage_seconds{stage=""parse"",quantile=""0.5""}",0.0001130477756442004
1791660785.205,183.182,"ztreamer_pipeline_stage_seconds{stage=""parse"",quantile=""0.9""}",0.0001856031002831907
1791660785.205,183.182,"ztreamer_pipeline_stage_seconds{stage=""parse"",quantile=""0.95""}",0.00021422149964510197
1791660785.205,183.182,"ztreamer_pipeline_stage_seconds{stage=""parse"",quantile=""0.99""}",0.000290443924250001
1791660785.205,183.182,"ztreamer_pipeline_stage_seconds{stage=""parse"",quantile=""0.999""}",0.000444526880742102
1791660785.205,183.182,"ztreamer_pipeline_stage_seconds{stage=""parse"",quantile=""1""}",0.000925725
1791660785.205,183.182,"ztreamer_pipeline_stage_seconds_sum{stage=""parse""}",1.8552905620000042
1791660785.205,183.182,"ztreamer_pipeline_stage_seconds_count{stage=""parse""}",15346.0
1791660785.205,183.182,"ztreamer_pipeline_batch_send_wait_seconds{quantile=""0.5""}",7.664586111733298e-06
1791660785.205,183.182,ztreamer_pipeline_batch_send_wait_seconds_sum,0.0003945299999999999
1791660785.205,183.182,ztreamer_pipeline_batch_send_wait_seconds_count,50.0
1791660787.205,185.182,ztreamer_pipeline_source_bytes,8108501961.0
1791660787.205,185.182,ztreamer_pipeline_source_blocks,3979776.0
1791660787.205,185.182,ztreamer_pipeline_committed_blocks,3946717.0
1791660787.205,185.182,ztreamer_pipeline_source_transactions,4562337.0
1791660787.205,185.182,ztreamer_index_sealed_block_height,3945999.0
1791660787.205,185.182,ztreamer_index_durable_block_height,3946716.0
1791660787.205,185.182,ztreamer_pipeline_first_missing_height,3980030.0
1791660787.205,185.182,ztreamer_index_generation,51.0
1791660787.205,185.182,ztreamer_pipeline_pending_bytes,8941632.0
1791660787.205,185.182,sync_estimated_distance_to_tip,20294.0
1791660787.205,185.182,ztreamer_pipeline_ready_bytes,8881312.0
1791660787.205,185.182,sync_estimated_network_tip_height,4403191.0
1791660787.205,185.182,"ztreamer_pipeline_commit_seconds{outcome=""success"",quantile=""0.9""}",1.695707396370225
1791660787.205,185.182,"ztreamer_pipeline_commit_seconds{outcome=""success"",quantile=""0.95""}",1.733773066288394
1791660787.205,185.182,"ztreamer_pipeline_commit_seconds{outcome=""success"",quantile=""0.99""}",1.7358548427909675
1791660787.205,185.182,"ztreamer_pipeline_commit_seconds{outcome=""success"",quantile=""0.999""}",1.7358548427909675
1791660787.205,185.182,"ztreamer_pipeline_commit_seconds{outcome=""success"",quantile=""1""}",1.756321333
1791660787.205,185.182,"ztreamer_pipeline_commit_seconds_sum{outcome=""success""}",40.92544884000001
1791660787.205,185.182,"ztreamer_pipeline_commit_seconds_count{outcome=""success""}",51.0
1791660787.205,185.182,ztreamer_pipeline_receive_wait_seconds_sum,65.77528298700163
1791660787.205,185.182,ztreamer_pipeline_receive_wait_seconds_count,3980279.0
1791660787.205,185.182,"ztreamer_pipeline_segment_seconds{outcome=""success"",quantile=""0.5""}",0.010988565794518434
1791660787.205,185.182,"ztreamer_pipeline_segment_seconds{outcome=""success"",quantile=""0.9""}",0.020935687969388946
1791660787.205,185.182,"ztreamer_pipeline_segment_seconds{outcome=""success"",quantile=""0.95""}",0.14280145907916134
1791660787.205,185.182,"ztreamer_pipeline_segment_seconds{outcome=""success"",quantile=""0.99""}",0.20632555155747312
1791660787.205,185.182,"ztreamer_pipeline_segment_seconds{outcome=""success"",quantile=""0.999""}",0.29396340003171023
1791660787.205,185.182,"ztreamer_pipeline_segment_seconds{outcome=""success"",quantile=""1""}",0.34673403
1791660787.205,185.182,"ztreamer_pipeline_segment_seconds_sum{outcome=""success""}",277.7742672850007
1791660787.205,185.182,"ztreamer_pipeline_segment_seconds_count{outcome=""success""}",15547.0
1791660787.205,185.182,"ztreamer_pipeline_stage_seconds{stage=""header_read"",quantile=""0.5""}",0.0025796539295808497
1791660787.205,185.182,"ztreamer_pipeline_stage_seconds{stage=""header_read"",quantile=""0.9""}",0.004347736026133619
1791660787.205,185.182,"ztreamer_pipeline_stage_seconds{stage=""header_read"",quantile=""0.95""}",0.0627686198550922
1791660787.205,185.182,"ztreamer_pipeline_stage_seconds{stage=""header_read"",quantile=""0.99""}",0.1334671349347784
1791660787.205,185.182,"ztreamer_pipeline_stage_seconds_sum{stage=""header_read""}",96.37330338699988
1791660787.205,185.182,"ztreamer_pipeline_stage_seconds_count{stage=""header_read""}",15547.0
1791660787.205,185.182,"ztreamer_pipeline_stage_seconds{stage=""transaction_read"",quantile=""0.5""}",0.0005057338423639532
1791660787.205,185.182,"ztreamer_pipeline_stage_seconds{stage=""transaction_read"",quantile=""0.9""}",0.002552454012080796
1791660787.205,185.182,"ztreamer_pipeline_stage_seconds{stage=""transaction_read"",quantile=""0.95""}",0.042805014779885076
1791660787.205,185.182,"ztreamer_pipeline_stage_seconds_sum{stage=""transaction_read""}",29.446410463000024
1791660787.205,185.182,"ztreamer_pipeline_stage_seconds_count{stage=""transaction_read""}",15547.0
1791660787.205,185.182,"ztreamer_pipeline_stage_seconds{stage=""worker_send_wait"",quantile=""0.9""}",0.007561391678440675
1791660787.205,185.182,"ztreamer_pipeline_stage_seconds{stage=""worker_send_wait"",quantile=""0.95""}",0.008295019363589087
1791660787.205,185.182,"ztreamer_pipeline_stage_seconds{stage=""worker_send_wait"",quantile=""0.99""}",0.014501545933842026
1791660787.205,185.182,"ztreamer_pipeline_stage_seconds{stage=""worker_send_wait"",quantile=""0.999""}",0.017137263770422684
1791660787.205,185.182,"ztreamer_pipeline_stage_seconds_sum{stage=""worker_send_wait""}",97.6602644139999
1791660787.205,185.182,"ztreamer_pipeline_stage_seconds_count{stage=""worker_send_wait""}",15547.0
1791660787.205,185.182,"ztreamer_pipeline_stage_seconds{stage=""txid_read"",quantile=""0.5""}",0.04404691269618463
1791660787.205,185.182,"ztreamer_pipeline_stage_seconds{stage=""txid_read"",quantile=""0.9""}",0.04404691269618463
1791660787.205,185.182,"ztreamer_pipeline_stage_seconds{stage=""txid_read"",quantile=""0.95""}",0.04404691269618463
1791660787.205,185.182,"ztreamer_pipeline_stage_seconds{stage=""txid_read"",quantile=""0.99""}",0.04404691269618463
1791660787.205,185.182,"ztreamer_pipeline_stage_seconds{stage=""txid_read"",quantile=""0.999""}",0.04404691269618463
1791660787.205,185.182,"ztreamer_pipeline_stage_seconds{stage=""txid_read"",quantile=""1""}",0.044051118
1791660787.205,185.182,"ztreamer_pipeline_stage_seconds_sum{stage=""txid_read""}",1.169890758000007
1791660787.205,185.182,"ztreamer_pipeline_stage_seconds_count{stage=""txid_read""}",15547.0
1791660787.205,185.182,"ztreamer_pipeline_stage_seconds{stage=""parse"",quantile=""0.5""}",0.00011325144488836792
1791660787.205,185.182,"ztreamer_pipeline_stage_seconds{stage=""parse"",quantile=""0.9""}",0.0001871313027778164
1791660787.205,185.182,"ztreamer_pipeline_stage_seconds{stage=""parse"",quantile=""0.95""}",0.0002160285391888481
1791660787.205,185.182,"ztreamer_pipeline_stage_seconds{stage=""parse"",quantile=""0.99""}",0.00029601511756677305
1791660787.205,185.182,"ztreamer_pipeline_stage_seconds{stage=""parse"",quantile=""0.999""}",0.00043502805669750006
1791660787.205,185.182,"ztreamer_pipeline_stage_seconds_sum{stage=""parse""}",1.8850679250000046
1791660787.205,185.182,"ztreamer_pipeline_stage_seconds_count{stage=""parse""}",15546.0
1791660787.205,185.182,"ztreamer_pipeline_batch_send_wait_seconds{quantile=""0.5""}",7.5143198513644185e-06
1791660787.205,185.182,ztreamer_pipeline_batch_send_wait_seconds_sum,0.00040142299999999993
1791660787.205,185.182,ztreamer_pipeline_batch_send_wait_seconds_count,51.0
1791660789.206,187.182,ztreamer_pipeline_source_transactions,4632838.0
1791660789.206,187.182,ztreamer_pipeline_source_blocks,4041984.0
1791660789.206,187.182,ztreamer_pipeline_source_bytes,8288829484.0
1791660789.206,187.182,ztreamer_pipeline_pending_bytes,7224000.0
1791660789.206,187.182,ztreamer_pipeline_ready_bytes,7170816.0
1791660789.206,187.182,ztreamer_pipeline_first_missing_height,4042072.0
1791660789.206,187.182,"ztreamer_pipeline_receive_wait_seconds{quantile=""0.5""}",8.504755084032775e-05
1791660789.206,187.182,ztreamer_pipeline_receive_wait_seconds_sum,67.68095147199986
1791660789.206,187.182,ztreamer_pipeline_receive_wait_seconds_count,4042347.0
1791660789.206,187.182,"ztreamer_pipeline_segment_seconds{outcome=""success"",quantile=""0.5""}",0.011030401782712005
1791660789.206,187.182,"ztreamer_pipeline_segment_seconds{outcome=""success"",quantile=""0.9""}",0.021032213973972962
1791660789.206,187.182,"ztreamer_pipeline_segment_seconds{outcome=""success"",quantile=""0.95""}",0.1433164707984452
1791660789.206,187.182,"ztreamer_pipeline_segment_seconds{outcome=""success"",quantile=""0.99""}",0.20665593667868115
1791660789.206,187.182,"ztreamer_pipeline_segment_seconds{outcome=""success"",quantile=""0.999""}",0.30020190650774087
1791660789.206,187.182,"ztreamer_pipeline_segment_seconds{outcome=""success"",quantile=""1""}",0.410805636
1791660789.206,187.182,"ztreamer_pipeline_segment_seconds_sum{outcome=""success""}",285.1059607410007
1791660789.206,187.182,"ztreamer_pipeline_segment_seconds_count{outcome=""success""}",15789.0
1791660789.206,187.182,"ztreamer_pipeline_stage_seconds{stage=""header_read"",quantile=""0.5""}",0.0025822348737760538
1791660789.206,187.182,"ztreamer_pipeline_stage_seconds{stage=""header_read"",quantile=""0.9""}",0.004403744738510504
1791660789.206,187.182,"ztreamer_pipeline_stage_seconds{stage=""header_read"",quantile=""0.95""}",0.06347557998648708
1791660789.206,187.182,"ztreamer_pipeline_stage_seconds{stage=""header_read"",quantile=""0.99""}",0.1338949138492208
1791660789.206,187.182,"ztreamer_pipeline_stage_seconds{stage=""header_read"",quantile=""0.999""}",0.15284972783313153
1791660789.206,187.182,"ztreamer_pipeline_stage_seconds_sum{stage=""header_read""}",99.03705213199994
1791660789.206,187.182,"ztreamer_pipeline_stage_seconds_count{stage=""header_read""}",15789.0
1791660789.206,187.182,"ztreamer_pipeline_stage_seconds{stage=""transaction_read"",quantile=""0.5""}",0.0006261628796421722
1791660789.206,187.182,"ztreamer_pipeline_stage_seconds{stage=""transaction_read"",quantile=""0.9""}",0.25761217838735545
1791660789.206,187.182,"ztreamer_pipeline_stage_seconds{stage=""transaction_read"",quantile=""0.95""}",0.25761217838735545
1791660789.206,187.182,"ztreamer_pipeline_stage_seconds{stage=""transaction_read"",quantile=""0.99""}",0.25761217838735545
1791660789.206,187.182,"ztreamer_pipeline_stage_seconds{stage=""transaction_read"",quantile=""0.999""}",0.25761217838735545
1791660789.206,187.182,"ztreamer_pipeline_stage_seconds{stage=""transaction_read"",quantile=""1""}",0.257635852
1791660789.206,187.182,"ztreamer_pipeline_stage_seconds_sum{stage=""transaction_read""}",31.195820449000045
1791660789.206,187.182,"ztreamer_pipeline_stage_seconds_count{stage=""transaction_read""}",15789.0
1791660789.206,187.182,"ztreamer_pipeline_stage_seconds{stage=""worker_send_wait"",quantile=""0.5""}",0.0059706467621935995
1791660789.206,187.182,"ztreamer_pipeline_stage_seconds{stage=""worker_send_wait"",quantile=""0.9""}",0.007564416840114133
1791660789.206,187.182,"ztreamer_pipeline_stage_seconds{stage=""worker_send_wait"",quantile=""0.95""}",0.008321605941478608
1791660789.206,187.182,"ztreamer_pipeline_stage_seconds{stage=""worker_send_wait"",quantile=""0.99""}",0.014472571825643998
1791660789.206,187.182,"ztreamer_pipeline_stage_seconds_sum{stage=""worker_send_wait""}",99.14554225699999
1791660789.206,187.182,"ztreamer_pipeline_stage_seconds_count{stage=""worker_send_wait""}",15789.0
1791660789.206,187.182,"ztreamer_pipeline_stage_seconds_sum{stage=""txid_read""}",1.1856225950000077
1791660789.206,187.182,"ztreamer_pipeline_stage_seconds_count{stage=""txid_read""}",15789.0
1791660789.206,187.182,"ztreamer_pipeline_stage_seconds{stage=""parse"",quantile=""0.5""}",0.00011381912012012513
1791660789.206,187.182,"ztreamer_pipeline_stage_seconds{stage=""parse"",quantile=""0.9""}",0.00018716873278137213
1791660789.206,187.182,"ztreamer_pipeline_stage_seconds{stage=""parse"",quantile=""0.95""}",0.0002168510093440965
1791660789.206,187.182,"ztreamer_pipeline_stage_seconds{stage=""parse"",quantile=""0.99""}",0.0002937739299662497
1791660789.206,187.182,"ztreamer_pipeline_stage_seconds_sum{stage=""parse""}",1.9179608020000039
1791660789.206,187.182,"ztreamer_pipeline_stage_seconds_count{stage=""parse""}",15789.0
1791660789.206,187.182,"ztreamer_pipeline_batch_send_wait_seconds{quantile=""0.5""}",7.664586111733298e-06
1791660789.206,187.182,ztreamer_pipeline_batch_send_wait_seconds_sum,0.0004098989999999999
1791660789.206,187.182,ztreamer_pipeline_batch_send_wait_seconds_count,52.0
1791660792.043,190.020,ztreamer_pipeline_committed_blocks,4083394.0
1791660792.043,190.020,ztreamer_pipeline_source_blocks,4131328.0
1791660792.043,190.020,ztreamer_pipeline_source_transactions,4738056.0
1791660792.043,190.020,ztreamer_pipeline_source_bytes,8707107442.0
1791660792.043,190.020,ztreamer_index_sealed_block_height,4082999.0
1791660792.043,190.020,ztreamer_index_generation,53.0
1791660792.043,190.020,ztreamer_pipeline_first_missing_height,4131778.0
1791660792.043,190.020,ztreamer_pipeline_ready_bytes,2710016.0
1791660792.043,190.020,ztreamer_pipeline_pending_bytes,2729968.0
1791660792.043,190.020,ztreamer_index_durable_block_height,4083393.0
1791660792.043,190.020,"ztreamer_pipeline_commit_seconds{outcome=""success"",quantile=""0.5""}",1.3253810406425002
1791660792.043,190.020,"ztreamer_pipeline_commit_seconds{outcome=""success"",quantile=""0.9""}",1.7358548427909675
1791660792.043,190.020,"ztreamer_pipeline_commit_seconds{outcome=""success"",quantile=""0.95""}",1.7564592569689002
1791660792.043,190.020,"ztreamer_pipeline_commit_seconds{outcome=""success"",quantile=""0.99""}",1.7933762150309531
1791660792.043,190.020,"ztreamer_pipeline_commit_seconds{outcome=""success"",quantile=""0.999""}",1.7933762150309531
1791660792.043,190.020,"ztreamer_pipeline_commit_seconds{outcome=""success"",quantile=""1""}",1.8254430099999999
1791660792.043,190.020,"ztreamer_pipeline_commit_seconds_sum{outcome=""success""}",44.54413870900001
1791660792.043,190.020,"ztreamer_pipeline_commit_seconds_count{outcome=""success""}",53.0
1791660792.043,190.020,ztreamer_pipeline_receive_wait_seconds_sum,70.46851465699847
1791660792.043,190.020,ztreamer_pipeline_receive_wait_seconds_count,4131857.0
1791660792.043,190.020,"ztreamer_pipeline_segment_seconds{outcome=""success"",quantile=""0.5""}",0.011070182792115814
1791660792.043,190.020,"ztreamer_pipeline_segment_seconds{outcome=""success"",quantile=""0.9""}",0.021547402188600562
1791660792.043,190.020,"ztreamer_pipeline_segment_seconds{outcome=""success"",quantile=""0.95""}",0.14357467275879285
1791660792.043,190.020,"ztreamer_pipeline_segment_seconds{outcome=""success"",quantile=""0.99""}",0.20885814067607048
1791660792.043,190.020,"ztreamer_pipeline_segment_seconds{outcome=""success"",quantile=""0.999""}",0.34517628944996215
1791660792.043,190.020,"ztreamer_pipeline_segment_seconds{outcome=""success"",quantile=""1""}",0.455894563
1791660792.043,190.020,"ztreamer_pipeline_segment_seconds_sum{outcome=""success""}",297.14785681100045
1791660792.043,190.020,"ztreamer_pipeline_segment_seconds_count{outcome=""success""}",16140.0
1791660792.043,190.020,"ztreamer_pipeline_stage_seconds{stage=""header_read"",quantile=""0""}",0.001545473
1791660792.043,190.020,"ztreamer_pipeline_stage_seconds{stage=""header_read"",quantile=""0.5""}",0.002581202186374351
1791660792.043,190.020,"ztreamer_pipeline_stage_seconds{stage=""header_read"",quantile=""0.9""}",0.004333845507486766
1791660792.043,190.020,"ztreamer_pipeline_stage_seconds{stage=""header_read"",quantile=""0.95""}",0.06259311354241476
1791660792.043,190.020,"ztreamer_pipeline_stage_seconds{stage=""header_read"",quantile=""0.99""}",0.134082498007507
1791660792.043,190.020,"ztreamer_pipeline_stage_seconds{stage=""header_read"",quantile=""0.999""}",0.17744403585063312
1791660792.043,190.020,"ztreamer_pipeline_stage_seconds{stage=""header_read"",quantile=""1""}",0.287245379
1791660792.043,190.020,"ztreamer_pipeline_stage_seconds_sum{stage=""header_read""}",102.39017301199999
1791660792.043,190.020,"ztreamer_pipeline_stage_seconds_count{stage=""header_read""}",16140.0
1791660792.043,190.020,"ztreamer_pipeline_stage_seconds{stage=""transaction_read"",quantile=""0.5""}",0.0006386844592617245
1791660792.043,190.020,"ztreamer_pipeline_stage_seconds_sum{stage=""transaction_read""}",35.587651384999994
1791660792.043,190.020,"ztreamer_pipeline_stage_seconds_count{stage=""transaction_read""}",16139.0
1791660792.043,190.020,"ztreamer_pipeline_stage_seconds{stage=""worker_send_wait"",quantile=""0""}",0.002781688
1791660792.043,190.020,"ztreamer_pipeline_stage_seconds{stage=""worker_send_wait"",quantile=""0.5""}",0.005964679099740044
1791660792.043,190.020,"ztreamer_pipeline_stage_seconds{stage=""worker_send_wait"",quantile=""0.9""}",0.007581076876538441
1791660792.043,190.020,"ztreamer_pipeline_stage_seconds{stage=""worker_send_wait"",quantile=""0.95""}",0.008366664161415191
1791660792.043,190.020,"ztreamer_pipeline_stage_seconds{stage=""worker_send_wait"",quantile=""0.999""}",0.017154409605739104
1791660792.043,190.020,"ztreamer_pipeline_stage_seconds{stage=""worker_send_wait"",quantile=""1""}",0.021860199
1791660792.043,190.020,"ztreamer_pipeline_stage_seconds_sum{stage=""worker_send_wait""}",101.3652216409999
1791660792.043,190.020,"ztreamer_pipeline_stage_seconds_count{stage=""worker_send_wait""}",16139.0
1791660792.043,190.020,"ztreamer_pipeline_stage_seconds_sum{stage=""txid_read""}",1.2125731630000076
1791660792.043,190.020,"ztreamer_pipeline_stage_seconds_count{stage=""txid_read""}",16140.0
1791660792.043,190.020,"ztreamer_pipeline_stage_seconds{stage=""parse"",quantile=""0.5""}",0.00011461864905014557
1791660792.043,190.020,"ztreamer_pipeline_stage_seconds{stage=""parse"",quantile=""0.9""}",0.00019140862188535802
1791660792.043,190.020,"ztreamer_pipeline_stage_seconds{stage=""parse"",quantile=""0.95""}",0.00022114321535349782
1791660792.043,190.020,"ztreamer_pipeline_stage_seconds{stage=""parse"",quantile=""0.99""}",0.0003050911321711894
1791660792.043,190.020,"ztreamer_pipeline_stage_seconds{stage=""parse"",quantile=""0.999""}",0.0005694155751349654
1791660792.043,190.020,"ztreamer_pipeline_stage_seconds{stage=""parse"",quantile=""1""}",0.001065903
1791660792.043,190.020,"ztreamer_pipeline_stage_seconds_sum{stage=""parse""}",1.9793326250000045
1791660792.043,190.020,"ztreamer_pipeline_stage_seconds_count{stage=""parse""}",16140.0
1791660792.043,190.020,ztreamer_pipeline_batch_send_wait_seconds_sum,0.0004251369999999999
1791660792.043,190.020,ztreamer_pipeline_batch_send_wait_seconds_count,54.0
1791660794.043,192.020,ztreamer_pipeline_committed_blocks,4122582.0
1791660794.043,192.020,ztreamer_pipeline_source_bytes,8919933883.0
1791660794.043,192.020,ztreamer_pipeline_source_transactions,4822067.0
1791660794.043,192.020,ztreamer_pipeline_source_blocks,4206336.0
1791660794.043,192.020,ztreamer_pipeline_first_missing_height,4206556.0
1791660794.043,192.020,ztreamer_index_sealed_block_height,4121999.0
1791660794.043,192.020,ztreamer_pipeline_pending_bytes,5153892.0
1791660794.043,192.020,ztreamer_index_generation,54.0
1791660794.043,192.020,ztreamer_pipeline_ready_bytes,5110360.0
1791660794.043,192.020,ztreamer_index_durable_block_height,4122581.0
1791660794.043,192.020,"ztreamer_pipeline_commit_seconds{outcome=""success"",quantile=""0.5""}",1.4014396029613947
1791660794.043,192.020,"ztreamer_pipeline_commit_seconds_sum{outcome=""success""}",45.94551865200001
1791660794.043,192.020,"ztreamer_pipeline_commit_seconds_count{outcome=""success""}",54.0
1791660794.043,192.020,ztreamer_pipeline_receive_wait_seconds_sum,72.39654643299605
1791660794.043,192.020,ztreamer_pipeline_receive_wait_seconds_count,4206716.0
1791660794.043,192.020,"ztreamer_pipeline_segment_seconds{outcome=""success"",quantile=""0.5""}",0.011127897671462697
1791660794.043,192.020,"ztreamer_pipeline_segment_seconds{outcome=""success"",quantile=""0.95""}",0.14368957845353247
1791660794.043,192.020,"ztreamer_pipeline_segment_seconds{outcome=""success"",quantile=""0.99""}",0.21066206645456306
1791660794.043,192.020,"ztreamer_pipeline_segment_seconds_sum{outcome=""success""}",305.10750048700066
1791660794.043,192.020,"ztreamer_pipeline_segment_seconds_count{outcome=""success""}",16431.0
1791660794.043,192.020,"ztreamer_pipeline_stage_seconds{stage=""header_read"",quantile=""0.5""}",0.0025817184784408323
1791660794.043,192.020,"ztreamer_pipeline_stage_seconds{stage=""header_read"",quantile=""0.9""}",0.004332978825053513
1791660794.043,192.020,"ztreamer_pipeline_stage_seconds{stage=""header_read"",quantile=""0.95""}",0.06352638076824893
1791660794.043,192.020,"ztreamer_pipeline_stage_seconds{stage=""header_read"",quantile=""0.99""}",0.1344853494779395
1791660794.043,192.020,"ztreamer_pipeline_stage_seconds_sum{stage=""header_read""}",105.62543265299996
1791660794.043,192.020,"ztreamer_pipeline_stage_seconds_count{stage=""header_read""}",16431.0
1791660794.043,192.020,"ztreamer_pipeline_stage_seconds{stage=""transaction_read"",quantile=""0.5""}",0.0006479480533087583
1791660794.043,192.020,"ztreamer_pipeline_stage_seconds{stage=""transaction_read"",quantile=""0.9""}",0.10473729539776973
1791660794.043,192.020,"ztreamer_pipeline_stage_seconds_sum{stage=""transaction_read""}",36.78831457800003
1791660794.043,192.020,"ztreamer_pipeline_stage_seconds_count{stage=""transaction_read""}",16432.0
1791660794.043,192.020,"ztreamer_pipeline_stage_seconds{stage=""worker_send_wait"",quantile=""0.5""}",0.005963486283201751
1791660794.043,192.020,"ztreamer_pipeline_stage_seconds{stage=""worker_send_wait"",quantile=""0.9""}",0.007599293312081615
1791660794.043,192.020,"ztreamer_pipeline_stage_seconds{stage=""worker_send_wait"",quantile=""0.95""}",0.008386768270750836
1791660794.043,192.020,"ztreamer_pipeline_stage_seconds_sum{stage=""worker_send_wait""}",103.24913962299995
1791660794.043,192.020,"ztreamer_pipeline_stage_seconds_count{stage=""worker_send_wait""}",16431.0
1791660794.043,192.020,"ztreamer_pipeline_stage_seconds_sum{stage=""txid_read""}",1.2299421510000077
1791660794.043,192.020,"ztreamer_pipeline_stage_seconds_count{stage=""txid_read""}",16431.0
1791660794.043,192.020,"ztreamer_pipeline_stage_seconds{stage=""parse"",quantile=""0.5""}",0.00011542379431694041
1791660794.043,192.020,"ztreamer_pipeline_stage_seconds{stage=""parse"",quantile=""0.9""}",0.00019114083730676907
1791660794.043,192.020,"ztreamer_pipeline_stage_seconds{stage=""parse"",quantile=""0.95""}",0.0002207896691201638
1791660794.043,192.020,"ztreamer_pipeline_stage_seconds{stage=""parse"",quantile=""0.99""}",0.00030478619353273295
1791660794.043,192.020,"ztreamer_pipeline_stage_seconds_sum{stage=""parse""}",2.0217628950000037
1791660794.043,192.020,"ztreamer_pipeline_stage_seconds_count{stage=""parse""}",16432.0
1791660794.043,192.020,"ztreamer_pipeline_batch_send_wait_seconds{quantile=""0.9""}",9.508731810639823e-06
1791660794.043,192.020,ztreamer_pipeline_batch_send_wait_seconds_sum,0.0004331519999999999
1791660794.043,192.020,ztreamer_pipeline_batch_send_wait_seconds_count,55.0
1791660796.878,194.855,ztreamer_pipeline_source_blocks,4282880.0
1791660796.878,194.855,ztreamer_pipeline_committed_blocks,4186068.0
1791660796.878,194.855,ztreamer_pipeline_source_bytes,9153122625.0
1791660796.878,194.855,ztreamer_pipeline_source_transactions,4909471.0
1791660796.878,194.855,ztreamer_index_generation,55.0
1791660796.878,194.855,ztreamer_index_sealed_block_height,4185999.0
1791660796.878,194.855,ztreamer_pipeline_pending_bytes,8800424.0
1791660796.878,194.855,ztreamer_index_durable_block_height,4186067.0
1791660796.878,194.855,ztreamer_pipeline_first_missing_height,4283060.0
1791660796.878,194.855,ztreamer_pipeline_ready_bytes,8787560.0
1791660796.878,194.855,"ztreamer_pipeline_commit_seconds{outcome=""success"",quantile=""0.95""}",1.7933762150309531
1791660796.878,194.855,"ztreamer_pipeline_commit_seconds{outcome=""success"",quantile=""0.99""}",1.8255841116544704
1791660796.878,194.855,"ztreamer_pipeline_commit_seconds{outcome=""success"",quantile=""0.999""}",1.8255841116544704
1791660796.878,194.855,"ztreamer_pipeline_commit_seconds{outcome=""success"",quantile=""1""}",1.946703622
1791660796.878,194.855,"ztreamer_pipeline_commit_seconds_sum{outcome=""success""}",47.89222227400001
1791660796.878,194.855,"ztreamer_pipeline_commit_seconds_count{outcome=""success""}",55.0
1791660796.878,194.855,"ztreamer_pipeline_receive_wait_seconds{quantile=""0.9""}",8.504755084032775e-05
1791660796.878,194.855,ztreamer_pipeline_receive_wait_seconds_sum,75.14785726199513
1791660796.878,194.855,ztreamer_pipeline_receive_wait_seconds_count,4283117.0
1791660796.878,194.855,"ztreamer_pipeline_segment_seconds{outcome=""success"",quantile=""0.5""}",0.011176968297590933
1791660796.878,194.855,"ztreamer_pipeline_segment_seconds{outcome=""success"",quantile=""0.9""}",0.022066381721528323
1791660796.878,194.855,"ztreamer_pipeline_segment_seconds{outcome=""success"",quantile=""0.95""}",0.1444387103187946
1791660796.878,194.855,"ztreamer_pipeline_segment_seconds{outcome=""success"",quantile=""0.99""}",0.23699884535019003
1791660796.878,194.855,"ztreamer_pipeline_segment_seconds{outcome=""success"",quantile=""0.999""}",0.3446244489751085
1791660796.878,194.855,"ztreamer_pipeline_segment_seconds_sum{outcome=""success""}",316.1429949900006
1791660796.878,194.855,"ztreamer_pipeline_segment_seconds_count{outcome=""success""}",16730.0
1791660796.878,194.855,"ztreamer_pipeline_stage_seconds{stage=""header_read"",quantile=""0.5""}",0.0025853354155879428
1791660796.878,194.855,"ztreamer_pipeline_stage_seconds{stage=""header_read"",quantile=""0.9""}",0.004517936016253907
1791660796.878,194.855,"ztreamer_pipeline_stage_seconds{stage=""header_read"",quantile=""0.95""}",0.06362810433496956
1791660796.878,194.855,"ztreamer_pipeline_stage_seconds{stage=""header_read"",quantile=""0.99""}",0.13464682876604664
1791660796.878,194.855,"ztreamer_pipeline_stage_seconds_sum{stage=""header_read""}",109.21250178400012
1791660796.878,194.855,"ztreamer_pipeline_stage_seconds_count{stage=""header_read""}",16730.0
1791660796.878,194.855,"ztreamer_pipeline_stage_seconds{stage=""transaction_read"",quantile=""0.5""}",0.0006760117980540021
1791660796.878,194.855,"ztreamer_pipeline_stage_seconds{stage=""transaction_read"",quantile=""0.9""}",0.09454304809008669
1791660796.878,194.855,"ztreamer_pipeline_stage_seconds_sum{stage=""transaction_read""}",40.03193895900004
1791660796.878,194.855,"ztreamer_pipeline_stage_seconds_count{stage=""transaction_read""}",16730.0
1791660796.878,194.855,"ztreamer_pipeline_stage_seconds{stage=""worker_send_wait"",quantile=""0.5""}",0.005965872154865504
1791660796.878,194.855,"ztreamer_pipeline_stage_seconds{stage=""worker_send_wait"",quantile=""0.9""}",0.007616030161207498
1791660796.878,194.855,"ztreamer_pipeline_stage_seconds{stage=""worker_send_wait"",quantile=""0.95""}",0.008390123649101251
1791660796.878,194.855,"ztreamer_pipeline_stage_seconds{stage=""worker_send_wait"",quantile=""0.99""}",0.01438599638046327
1791660796.878,194.855,"ztreamer_pipeline_stage_seconds{stage=""worker_send_wait"",quantile=""0.999""}",0.017137263770422684
1791660796.878,194.855,"ztreamer_pipeline_stage_seconds_sum{stage=""worker_send_wait""}",105.18631443399991
1791660796.878,194.855,"ztreamer_pipeline_stage_seconds_count{stage=""worker_send_wait""}",16730.0
1791660796.878,194.855,"ztreamer_pipeline_stage_seconds{stage=""txid_read"",quantile=""0.5""}",0.04424999522698277
1791660796.878,194.855,"ztreamer_pipeline_stage_seconds{stage=""txid_read"",quantile=""0.9""}",0.04424999522698277
1791660796.878,194.855,"ztreamer_pipeline_stage_seconds{stage=""txid_read"",quantile=""0.95""}",0.04424999522698277
1791660796.878,194.855,"ztreamer_pipeline_stage_seconds{stage=""txid_read"",quantile=""0.99""}",0.04424999522698277
1791660796.878,194.855,"ztreamer_pipeline_stage_seconds{stage=""txid_read"",quantile=""0.999""}",0.04424999522698277
1791660796.878,194.855,"ztreamer_pipeline_stage_seconds{stage=""txid_read"",quantile=""1""}",0.044253411
1791660796.878,194.855,"ztreamer_pipeline_stage_seconds_sum{stage=""txid_read""}",1.297098727000006
1791660796.878,194.855,"ztreamer_pipeline_stage_seconds_count{stage=""txid_read""}",16730.0
1791660796.878,194.855,"ztreamer_pipeline_stage_seconds{stage=""parse"",quantile=""0.5""}",0.00011646729718855855
1791660796.878,194.855,"ztreamer_pipeline_stage_seconds{stage=""parse"",quantile=""0.9""}",0.0001919453170510172
1791660796.878,194.855,"ztreamer_pipeline_stage_seconds{stage=""parse"",quantile=""0.95""}",0.00022260758769276416
1791660796.878,194.855,"ztreamer_pipeline_stage_seconds{stage=""parse"",quantile=""0.99""}",0.00030606898753153685
1791660796.878,194.855,"ztreamer_pipeline_stage_seconds{stage=""parse"",quantile=""0.999""}",0.0005603774239254255
1791660796.878,194.855,"ztreamer_pipeline_stage_seconds_sum{stage=""parse""}",2.0681822370000025
1791660796.878,194.855,"ztreamer_pipeline_stage_seconds_count{stage=""parse""}",16730.0
1791660796.878,194.855,"ztreamer_pipeline_batch_send_wait_seconds{quantile=""0.5""}",7.785091150951635e-06
1791660796.878,194.855,ztreamer_pipeline_batch_send_wait_seconds_sum,0.0004421289999999999
1791660796.878,194.855,ztreamer_pipeline_batch_send_wait_seconds_count,56.0
1791660798.879,196.855,ztreamer_pipeline_committed_blocks,4247489.0
1791660798.879,196.855,ztreamer_pipeline_source_blocks,4307200.0
1791660798.879,196.855,ztreamer_pipeline_source_transactions,4951001.0
1791660798.879,196.855,ztreamer_pipeline_source_bytes,9346957668.0
1791660798.879,196.855,ztreamer_pipeline_pending_bytes,8561572.0
1791660798.879,196.855,ztreamer_index_durable_block_height,4247488.0
1791660798.879,196.855,ztreamer_pipeline_ready_bytes,3312868.0
1791660798.879,196.855,ztreamer_index_sealed_block_height,4246999.0
1791660798.879,196.855,ztreamer_index_generation,56.0
1791660798.879,196.855,ztreamer_pipeline_first_missing_height,4307195.0
1791660798.879,196.855,"ztreamer_pipeline_commit_seconds{outcome=""success"",quantile=""0.5""}",1.4200612381897046
1791660798.879,196.855,"ztreamer_pipeline_commit_seconds{outcome=""success"",quantile=""0.9""}",1.7564592569689002
1791660798.879,196.855,"ztreamer_pipeline_commit_seconds{outcome=""success"",quantile=""0.95""}",1.8255841116544704
1791660798.879,196.855,"ztreamer_pipeline_commit_seconds{outcome=""success"",quantile=""0.99""}",1.8572557537952061
1791660798.879,196.855,"ztreamer_pipeline_commit_seconds{outcome=""success"",quantile=""0.999""}",1.8572557537952061
1791660798.879,196.855,"ztreamer_pipeline_commit_seconds_sum{outcome=""success""}",49.74934690100001
1791660798.879,196.855,"ztreamer_pipeline_commit_seconds_count{outcome=""success""}",56.0
1791660798.879,196.855,ztreamer_pipeline_receive_wait_seconds_sum,77.12136780699412
1791660798.879,196.855,ztreamer_pipeline_receive_wait_seconds_count,4307899.0
1791660798.879,196.855,"ztreamer_pipeline_segment_seconds{outcome=""success"",quantile=""0.5""}",0.011194865761079403
1791660798.879,196.855,"ztreamer_pipeline_segment_seconds{outcome=""success"",quantile=""0.9""}",0.024125159571530583
1791660798.879,196.855,"ztreamer_pipeline_segment_seconds{outcome=""success"",quantile=""0.95""}",0.14554062649848853
1791660798.879,196.855,"ztreamer_pipeline_segment_seconds{outcome=""success"",quantile=""0.99""}",0.2380915513394143
1791660798.879,196.855,"ztreamer_pipeline_segment_seconds_sum{outcome=""success""}",321.56762787000065
1791660798.879,196.855,"ztreamer_pipeline_segment_seconds_count{outcome=""success""}",16825.0
1791660798.879,196.855,"ztreamer_pipeline_stage_seconds{stage=""header_read"",quantile=""0.5""}",0.002586369756612039
1791660798.879,196.855,"ztreamer_pipeline_stage_seconds{stage=""header_read"",quantile=""0.9""}",0.004696677087970951
1791660798.879,196.855,"ztreamer_pipeline_stage_seconds{stage=""header_read"",quantile=""0.95""}",0.0642804322178906
1791660798.879,196.855,"ztreamer_pipeline_stage_seconds{stage=""header_read"",quantile=""0.99""}",0.13475458932789622
1791660798.879,196.855,"ztreamer_pipeline_stage_seconds_sum{stage=""header_read""}",111.06554211100016
1791660798.879,196.855,"ztreamer_pipeline_stage_seconds_count{stage=""header_read""}",16825.0
1791660798.879,196.855,"ztreamer_pipeline_stage_seconds{stage=""transaction_read"",quantile=""0.5""}",0.0006877397724673412
1791660798.879,196.855,"ztreamer_pipeline_stage_seconds{stage=""transaction_read"",quantile=""0.9""}",0.09244882665164564
1791660798.879,196.855,"ztreamer_pipeline_stage_seconds_sum{stage=""transaction_read""}",41.69783745700005
1791660798.879,196.855,"ztreamer_pipeline_stage_seconds_count{stage=""transaction_read""}",16825.0
1791660798.879,196.855,"ztreamer_pipeline_stage_seconds{stage=""worker_send_wait"",quantile=""0.9""}",0.007617553519575575
1791660798.879,196.855,"ztreamer_pipeline_stage_seconds{stage=""worker_send_wait"",quantile=""0.95""}",0.008391801841650325
1791660798.879,196.855,"ztreamer_pipeline_stage_seconds{stage=""worker_send_wait"",quantile=""0.99""}",0.014423448638014032
1791660798.879,196.855,"ztreamer_pipeline_stage_seconds{stage=""worker_send_wait"",quantile=""0.999""}",0.017192190851129153
1791660798.879,196.855,"ztreamer_pipeline_stage_seconds_sum{stage=""worker_send_wait""}",105.78909264899988
1791660798.879,196.855,"ztreamer_pipeline_stage_seconds_count{stage=""worker_send_wait""}",16825.0
1791660798.879,196.855,"ztreamer_pipeline_stage_seconds{stage=""txid_read"",quantile=""0.5""}",0.00024177572136167033
1791660798.879,196.855,"ztreamer_pipeline_stage_seconds_sum{stage=""txid_read""}",1.3136877160000064
1791660798.879,196.855,"ztreamer_pipeline_stage_seconds_count{stage=""txid_read""}",16825.0
1791660798.879,196.855,"ztreamer_pipeline_stage_seconds{stage=""parse"",quantile=""0.5""}",0.00011691071487938661
1791660798.879,196.855,"ztreamer_pipeline_stage_seconds{stage=""parse"",quantile=""0.9""}",0.00019213735837336616
1791660798.879,196.855,"ztreamer_pipeline_stage_seconds{stage=""parse"",quantile=""0.95""}",0.00022296404492400175
1791660798.879,196.855,"ztreamer_pipeline_stage_seconds{stage=""parse"",quantile=""0.99""}",0.00030865079544764286
1791660798.879,196.855,"ztreamer_pipeline_stage_seconds{stage=""parse"",quantile=""0.999""}",0.0007153776097590567
1791660798.879,196.855,"ztreamer_pipeline_stage_seconds{stage=""parse"",quantile=""1""}",0.002412887
1791660798.879,196.855,"ztreamer_pipeline_stage_seconds_sum{stage=""parse""}",2.089210104000002
1791660798.879,196.855,"ztreamer_pipeline_stage_seconds_count{stage=""parse""}",16825.0
1791660798.879,196.855,"ztreamer_pipeline_batch_send_wait_seconds{quantile=""0""}",6.752e-06
1791660798.879,196.855,"ztreamer_pipeline_batch_send_wait_seconds{quantile=""0.5""}",8.284700611044561e-06
1791660798.879,196.855,"ztreamer_pipeline_batch_send_wait_seconds{quantile=""0.9""}",9.928510974165653e-06
1791660798.879,196.855,"ztreamer_pipeline_batch_send_wait_seconds{quantile=""0.95""}",1.0249311316263502e-05
1791660798.879,196.855,ztreamer_pipeline_batch_send_wait_seconds_sum,0.00045156699999999994
1791660798.879,196.855,ztreamer_pipeline_batch_send_wait_seconds_count,57.0
1791660798.879,196.855,"sync_stage_duration_seconds{stage=""obtain_tips"",quantile=""0""}",6.001650977
1791660798.879,196.855,"sync_stage_duration_seconds_sum{stage=""obtain_tips""}",36.102173243
1791660798.879,196.855,"sync_stage_duration_seconds_count{stage=""obtain_tips""}",6.0
1791660800.879,198.855,ztreamer_pipeline_source_transactions,4999782.0
1791660800.879,198.855,ztreamer_pipeline_committed_blocks,4306876.0
1791660800.879,198.855,ztreamer_pipeline_source_bytes,9830580518.0
1791660800.879,198.855,ztreamer_pipeline_source_blocks,4317184.0
1791660800.879,198.855,ztreamer_index_durable_block_height,4306875.0
1791660800.879,198.855,ztreamer_pipeline_ready_bytes,15041188.0
1791660800.879,198.855,ztreamer_pipeline_first_missing_height,4307871.0
1791660800.879,198.855,ztreamer_pipeline_pending_bytes,33563952.0
1791660800.879,198.855,ztreamer_index_sealed_block_height,4305999.0
1791660800.879,198.855,ztreamer_index_generation,57.0
1791660800.879,198.855,"ztreamer_pipeline_commit_seconds{outcome=""success"",quantile=""0""}",1.303785053
1791660800.879,198.855,"ztreamer_pipeline_commit_seconds{outcome=""success"",quantile=""0.5""}",1.662130140127738
1791660800.879,198.855,"ztreamer_pipeline_commit_seconds{outcome=""success"",quantile=""0.9""}",1.8424569817304746
1791660800.879,198.855,"ztreamer_pipeline_commit_seconds{outcome=""success"",quantile=""0.95""}",1.8572557537952061
1791660800.879,198.855,"ztreamer_pipeline_commit_seconds_sum{outcome=""success""}",51.59196783100001
1791660800.879,198.855,"ztreamer_pipeline_commit_seconds_count{outcome=""success""}",57.0
1791660800.879,198.855,"ztreamer_pipeline_receive_wait_seconds{quantile=""0""}",8e-08
1791660800.879,198.855,"ztreamer_pipeline_receive_wait_seconds{quantile=""0.5""}",0.061390510106428285
1791660800.879,198.855,"ztreamer_pipeline_receive_wait_seconds{quantile=""0.9""}",0.061390510106428285
1791660800.879,198.855,"ztreamer_pipeline_receive_wait_seconds{quantile=""0.95""}",0.061390510106428285
1791660800.879,198.855,"ztreamer_pipeline_receive_wait_seconds{quantile=""0.99""}",0.061390510106428285
1791660800.879,198.855,"ztreamer_pipeline_receive_wait_seconds{quantile=""0.999""}",0.061390510106428285
1791660800.879,198.855,"ztreamer_pipeline_receive_wait_seconds{quantile=""1""}",0.061393614
1791660800.879,198.855,ztreamer_pipeline_receive_wait_seconds_sum,79.1159570819938
1791660800.879,198.855,ztreamer_pipeline_receive_wait_seconds_count,4317859.0
1791660800.879,198.855,"ztreamer_pipeline_segment_seconds{outcome=""success"",quantile=""0""}",0.008710444
1791660800.879,198.855,"ztreamer_pipeline_segment_seconds{outcome=""success"",quantile=""0.5""}",0.012122403375280567
1791660800.879,198.855,"ztreamer_pipeline_segment_seconds{outcome=""success"",quantile=""0.9""}",0.1181382166881962
1791660800.879,198.855,"ztreamer_pipeline_segment_seconds{outcome=""success"",quantile=""0.95""}",0.19004393237276868
1791660800.879,198.855,"ztreamer_pipeline_segment_seconds{outcome=""success"",quantile=""0.99""}",0.2543866285667044
1791660800.879,198.855,"ztreamer_pipeline_segment_seconds{outcome=""success"",quantile=""0.999""}",0.4107789646873998
1791660800.879,198.855,"ztreamer_pipeline_segment_seconds{outcome=""success"",quantile=""1""}",1.827033557
1791660800.879,198.855,"ztreamer_pipeline_segment_seconds_sum{outcome=""success""}",329.4610505790007
1791660800.879,198.855,"ztreamer_pipeline_segment_seconds_count{outcome=""success""}",16864.0
1791660800.879,198.855,"ztreamer_pipeline_stage_seconds{stage=""header_read"",quantile=""0.5""}",0.0026066223231100555
1791660800.879,198.855,"ztreamer_pipeline_stage_seconds{stage=""header_read"",quantile=""0.9""}",0.04394132685904759
1791660800.879,198.855,"ztreamer_pipeline_stage_seconds{stage=""header_read"",quantile=""0.95""}",0.09014822553297379
1791660800.879,198.855,"ztreamer_pipeline_stage_seconds{stage=""header_read"",quantile=""0.99""}",0.14551152128371034
1791660800.879,198.855,"ztreamer_pipeline_stage_seconds{stage=""header_read"",quantile=""0.999""}",0.1939218549765243
1791660800.879,198.855,"ztreamer_pipeline_stage_seconds_sum{stage=""header_read""}",111.33581337000012
1791660800.879,198.855,"ztreamer_pipeline_stage_seconds_count{stage=""header_read""}",16864.0
1791660800.879,198.855,"ztreamer_pipeline_stage_seconds{stage=""transaction_read"",quantile=""0""}",0.000253129
1791660800.879,198.855,"ztreamer_pipeline_stage_seconds{stage=""transaction_read"",quantile=""0.5""}",1.7887194932179935
1791660800.879,198.855,"ztreamer_pipeline_stage_seconds{stage=""transaction_read"",quantile=""0.9""}",1.7887194932179935
1791660800.879,198.855,"ztreamer_pipeline_stage_seconds{stage=""transaction_read"",quantile=""0.95""}",1.7887194932179935
1791660800.879,198.855,"ztreamer_pipeline_stage_seconds{stage=""transaction_read"",quantile=""0.99""}",1.7887194932179935
1791660800.879,198.855,"ztreamer_pipeline_stage_seconds{stage=""transaction_read"",quantile=""0.999""}",1.7887194932179935
1791660800.879,198.855,"ztreamer_pipeline_stage_seconds{stage=""transaction_read"",quantile=""1""}",1.788845561
1791660800.879,198.855,"ztreamer_pipeline_stage_seconds_sum{stage=""transaction_read""}",48.637554702000045
1791660800.879,198.855,"ztreamer_pipeline_stage_seconds_count{stage=""transaction_read""}",16864.0
1791660800.879,198.855,"ztreamer_pipeline_stage_seconds{stage=""worker_send_wait"",quantile=""0.5""}",0.00595871740196613
1791660800.879,198.855,"ztreamer_pipeline_stage_seconds{stage=""worker_send_wait"",quantile=""0.9""}",0.007858967667703798
1791660800.879,198.855,"ztreamer_pipeline_stage_seconds{stage=""worker_send_wait"",quantile=""0.95""}",0.008841488618417248
1791660800.879,198.855,"ztreamer_pipeline_stage_seconds{stage=""worker_send_wait"",quantile=""0.99""}",0.014087040478991144
1791660800.879,198.855,"ztreamer_pipeline_stage_seconds{stage=""worker_send_wait"",quantile=""0.999""}",0.017915302941954737
1791660800.879,198.855,"ztreamer_pipeline_stage_seconds{stage=""worker_send_wait"",quantile=""1""}",0.022403475
1791660800.879,198.855,"ztreamer_pipeline_stage_seconds_sum{stage=""worker_send_wait""}",106.07726843899985
1791660800.879,198.855,"ztreamer_pipeline_stage_seconds_count{stage=""worker_send_wait""}",16864.0
1791660800.879,198.855,"ztreamer_pipeline_stage_seconds{stage=""txid_read"",quantile=""0.5""}",6.306781151218999e-05
1791660800.879,198.855,"ztreamer_pipeline_stage_seconds_sum{stage=""txid_read""}",1.3599700620000061
1791660800.879,198.855,"ztreamer_pipeline_stage_seconds_count{stage=""txid_read""}",16864.0
1791660800.879,198.855,"ztreamer_pipeline_stage_seconds{stage=""parse"",quantile=""0""}",6.5087e-05
1791660800.879,198.855,"ztreamer_pipeline_stage_seconds{stage=""parse"",quantile=""0.5""}",0.00013747066148532037
1791660800.879,198.855,"ztreamer_pipeline_stage_seconds{stage=""parse"",quantile=""0.9""}",0.00021576946041930884
1791660800.879,198.855,"ztreamer_pipeline_stage_seconds{stage=""parse"",quantile=""0.95""}",0.0002497874922334072
1791660800.879,198.855,"ztreamer_pipeline_stage_seconds{stage=""parse"",quantile=""0.99""}",0.00039489129592679535
1791660800.879,198.855,"ztreamer_pipeline_stage_seconds{stage=""parse"",quantile=""0.999""}",0.0016081030468087854
1791660800.879,198.855,"ztreamer_pipeline_stage_seconds{stage=""parse"",quantile=""1""}",0.005960574
1791660800.879,198.855,"ztreamer_pipeline_stage_seconds_sum{stage=""parse""}",2.1208173540000015
1791660800.879,198.855,"ztreamer_pipeline_stage_seconds_count{stage=""parse""}",16864.0
1791660803.723,201.700,ztreamer_pipeline_source_bytes,10745242165.0
1791660803.723,201.700,ztreamer_pipeline_committed_blocks,4345000.0
1791660803.723,201.700,ztreamer_pipeline_source_transactions,5116087.0
1791660803.723,201.700,ztreamer_pipeline_source_blocks,4382898.0
1791660803.723,201.700,ztreamer_pipeline_ready_bytes,0.0
1791660803.723,201.700,ztreamer_pipeline_first_missing_height,4382898.0
1791660803.723,201.700,ztreamer_index_durable_block_height,4344999.0
1791660803.723,201.700,ztreamer_pipeline_pending_bytes,0.0
1791660803.723,201.700,ztreamer_index_sealed_block_height,4344999.0
1791660803.723,201.700,ztreamer_pipeline_workers_active,0.0
1791660803.723,201.700,ztreamer_index_generation,60.0
1791660803.723,201.700,"ztreamer_pipeline_commit_seconds{outcome=""success"",quantile=""0""}",0.235208038
1791660803.723,201.700,"ztreamer_pipeline_commit_seconds{outcome=""success"",quantile=""0.5""}",1.612361696815006
1791660803.723,201.700,"ztreamer_pipeline_commit_seconds{outcome=""success"",quantile=""0.9""}",1.8255841116544704
1791660803.723,201.700,"ztreamer_pipeline_commit_seconds{outcome=""success"",quantile=""0.95""}",1.8424569817304746
1791660803.723,201.700,"ztreamer_pipeline_commit_seconds_sum{outcome=""success""}",53.41563309000002
1791660803.723,201.700,"ztreamer_pipeline_commit_seconds_count{outcome=""success""}",60.0
1791660803.723,201.700,ztreamer_pipeline_receive_wait_seconds_sum,81.69912343399304
1791660803.723,201.700,ztreamer_pipeline_receive_wait_seconds_count,4382898.0
1791660803.723,201.700,"ztreamer_pipeline_segment_seconds{outcome=""success"",quantile=""0.5""}",0.01225893745716407
1791660803.723,201.700,"ztreamer_pipeline_segment_seconds{outcome=""success"",quantile=""0.9""}",0.11628630151407376
1791660803.723,201.700,"ztreamer_pipeline_segment_seconds{outcome=""success"",quantile=""0.99""}",0.25591753647420923
1791660803.723,201.700,"ztreamer_pipeline_segment_seconds{outcome=""success"",quantile=""1""}",3.494532671
1791660803.723,201.700,"ztreamer_pipeline_segment_seconds_sum{outcome=""success""}",343.0719308530006
1791660803.723,201.700,"ztreamer_pipeline_segment_seconds_count{outcome=""success""}",17121.0
1791660803.723,201.700,"ztreamer_pipeline_stage_seconds{stage=""header_read"",quantile=""0.5""}",0.0026092302491875687
1791660803.723,201.700,"ztreamer_pipeline_stage_seconds{stage=""header_read"",quantile=""0.9""}",0.043148828319759434
1791660803.723,201.700,"ztreamer_pipeline_stage_seconds{stage=""header_read"",quantile=""0.95""}",0.08973449600160797
1791660803.723,201.700,"ztreamer_pipeline_stage_seconds{stage=""header_read"",quantile=""0.99""}",0.14495962676469162
1791660803.723,201.700,"ztreamer_pipeline_stage_seconds{stage=""header_read"",quantile=""0.999""}",0.19229973383616505
1791660803.723,201.700,"ztreamer_pipeline_stage_seconds_sum{stage=""header_read""}",113.31049544000014
1791660803.723,201.700,"ztreamer_pipeline_stage_seconds_count{stage=""header_read""}",17121.0
1791660803.723,201.700,"ztreamer_pipeline_stage_seconds{stage=""transaction_read"",quantile=""0.5""}",3.4126871417875067
1791660803.723,201.700,"ztreamer_pipeline_stage_seconds{stage=""transaction_read"",quantile=""0.9""}",3.4126871417875067
1791660803.723,201.700,"ztreamer_pipeline_stage_seconds{stage=""transaction_read"",quantile=""0.95""}",3.4126871417875067
1791660803.723,201.700,"ztreamer_pipeline_stage_seconds{stage=""transaction_read"",quantile=""0.99""}",3.4126871417875067
1791660803.723,201.700,"ztreamer_pipeline_stage_seconds{stage=""transaction_read"",quantile=""0.999""}",3.4126871417875067
1791660803.723,201.700,"ztreamer_pipeline_stage_seconds{stage=""transaction_read"",quantile=""1""}",3.412999379
1791660803.723,201.700,"ztreamer_pipeline_stage_seconds_sum{stage=""transaction_read""}",56.55075782100005
1791660803.723,201.700,"ztreamer_pipeline_stage_seconds_count{stage=""transaction_read""}",17121.0
1791660803.723,201.700,"ztreamer_pipeline_stage_seconds{stage=""worker_send_wait"",quantile=""0""}",0.002668965
1791660803.723,201.700,"ztreamer_pipeline_stage_seconds{stage=""worker_send_wait"",quantile=""0.5""}",0.005977815838917871
1791660803.723,201.700,"ztreamer_pipeline_stage_seconds{stage=""worker_send_wait"",quantile=""0.9""}",0.007976145365665543
1791660803.723,201.700,"ztreamer_pipeline_stage_seconds{stage=""worker_send_wait"",quantile=""0.95""}",0.009196796881273273
1791660803.723,201.700,"ztreamer_pipeline_stage_seconds{stage=""worker_send_wait"",quantile=""0.999""}",0.017420632166851024
1791660803.723,201.700,"ztreamer_pipeline_stage_seconds_sum{stage=""worker_send_wait""}",107.93643699899985
1791660803.723,201.700,"ztreamer_pipeline_stage_seconds_count{stage=""worker_send_wait""}",17121.0
1791660803.723,201.700,"ztreamer_pipeline_stage_seconds_sum{stage=""txid_read""}",1.4684173330000083
1791660803.723,201.700,"ztreamer_pipeline_stage_seconds_count{stage=""txid_read""}",17121.0
1791660803.723,201.700,"ztreamer_pipeline_stage_seconds{stage=""parse"",quantile=""0.5""}",0.00013952035761988075
1791660803.723,201.700,"ztreamer_pipeline_stage_seconds{stage=""parse"",quantile=""0.9""}",0.0002251148069021096
1791660803.723,201.700,"ztreamer_pipeline_stage_seconds{stage=""parse"",quantile=""0.95""}",0.0002662432928485755
1791660803.723,201.700,"ztreamer_pipeline_stage_seconds{stage=""parse"",quantile=""0.99""}",0.00041051420275676256
1791660803.723,201.700,"ztreamer_pipeline_stage_seconds{stage=""parse"",quantile=""1""}",0.020726531
1791660803.723,201.700,"ztreamer_pipeline_stage_seconds_sum{stage=""parse""}",2.1994647530000035
1791660803.723,201.700,"ztreamer_pipeline_stage_seconds_count{stage=""parse""}",17121.0
1791660803.723,201.700,"ztreamer_pipeline_batch_send_wait_seconds{quantile=""0""}",7.92e-07
1791660803.723,201.700,"ztreamer_pipeline_batch_send_wait_seconds{quantile=""0.5""}",8.096327095846672e-06
1791660803.723,201.700,"ztreamer_pipeline_batch_send_wait_seconds{quantile=""0.9""}",9.508731810639823e-06
1791660803.723,201.700,"ztreamer_pipeline_batch_send_wait_seconds{quantile=""0.95""}",9.928510974165653e-06
1791660803.723,201.700,ztreamer_pipeline_batch_send_wait_seconds_sum,0.0004778169999999999
1791660803.723,201.700,ztreamer_pipeline_batch_send_wait_seconds_count,62.0
1791660805.724,203.700,ztreamer_range_emitted_blocks,0.0
1791660805.724,203.700,ztreamer_pipeline_committed_blocks,4382898.0
1791660805.724,203.700,ztreamer_head_visible_height,4382897.0
1791660805.724,203.700,ztreamer_index_durable_block_height,4382897.0
1791660805.724,203.700,ztreamer_head_ready,1.0
1791660805.724,203.700,ztreamer_index_generation,62.0
1791660805.724,203.700,ztreamer_head_source_height,0.0
1791660805.724,203.700,ztreamer_pipeline_first_missing_height,nan
1791660805.724,203.700,ztreamer_range_active,0.0
1791660805.724,203.700,ztreamer_index_sealed_block_height,4381999.0
1791660805.724,203.700,ztreamer_head_fresh,1.0
1791660805.724,203.700,"ztreamer_pipeline_commit_seconds{outcome=""success"",quantile=""0""}",0.209120721
1791660805.724,203.700,"ztreamer_pipeline_commit_seconds{outcome=""success"",quantile=""0.5""}",1.5631452798640366
1791660805.724,203.700,"ztreamer_pipeline_commit_seconds_sum{outcome=""success""}",54.50869671000002
1791660805.724,203.700,"ztreamer_pipeline_commit_seconds_count{outcome=""success""}",62.0
1791660805.724,203.700,"ztreamer_head_reconcile_seconds{outcome=""error"",quantile=""0""}",0.0
1791660805.724,203.700,"ztreamer_head_reconcile_seconds{outcome=""error"",quantile=""0.5""}",0.0
1791660805.724,203.700,"ztreamer_head_reconcile_seconds{outcome=""error"",quantile=""0.9""}",0.0
1791660805.724,203.700,"ztreamer_head_reconcile_seconds{outcome=""error"",quantile=""0.95""}",0.0
1791660805.724,203.700,"ztreamer_head_reconcile_seconds{outcome=""error"",quantile=""0.99""}",0.0
1791660805.724,203.700,"ztreamer_head_reconcile_seconds{outcome=""error"",quantile=""0.999""}",0.0
1791660805.724,203.700,"ztreamer_head_reconcile_seconds{outcome=""error"",quantile=""1""}",0.0
1791660805.724,203.700,"ztreamer_head_reconcile_seconds_sum{outcome=""error""}",0.0
1791660805.724,203.700,"ztreamer_head_reconcile_seconds_count{outcome=""error""}",0.0
1791660805.724,203.700,"ztreamer_head_reconcile_seconds{outcome=""success"",quantile=""0""}",0.00018195
1791660805.724,203.700,"ztreamer_head_reconcile_seconds{outcome=""success"",quantile=""0.5""}",0.0002803981411054389
1791660805.724,203.700,"ztreamer_head_reconcile_seconds{outcome=""success"",quantile=""0.9""}",0.0002803981411054389
1791660805.724,203.700,"ztreamer_head_reconcile_seconds{outcome=""success"",quantile=""0.95""}",0.0002803981411054389
1791660805.724,203.700,"ztreamer_head_reconcile_seconds{outcome=""success"",quantile=""0.99""}",0.0002803981411054389
1791660805.724,203.700,"ztreamer_head_reconcile_seconds{outcome=""success"",quantile=""0.999""}",0.0002803981411054389
1791660805.724,203.700,"ztreamer_head_reconcile_seconds{outcome=""success"",quantile=""1""}",0.000388888
1791660805.724,203.700,"ztreamer_head_reconcile_seconds_sum{outcome=""success""}",0.000851263
1791660805.724,203.700,"ztreamer_head_reconcile_seconds_count{outcome=""success""}",3.0
1791660805.724,203.700,"ztreamer_pipeline_pass_seconds{outcome=""success"",quantile=""0""}",0.000137849
1791660805.724,203.700,"ztreamer_pipeline_pass_seconds{outcome=""success"",quantile=""0.5""}",0.12367476624227218
1791660805.724,203.700,"ztreamer_pipeline_pass_seconds{outcome=""success"",quantile=""0.9""}",0.12367476624227218
1791660805.724,203.700,"ztreamer_pipeline_pass_seconds{outcome=""success"",quantile=""0.95""}",0.12367476624227218
1791660805.724,203.700,"ztreamer_pipeline_pass_seconds{outcome=""success"",quantile=""0.99""}",0.12367476624227218
1791660805.724,203.700,"ztreamer_pipeline_pass_seconds{outcome=""success"",quantile=""0.999""}",0.12367476624227218
1791660805.724,203.700,"ztreamer_pipeline_pass_seconds{outcome=""success"",quantile=""1""}",86.769973732
1791660805.724,203.700,"ztreamer_pipeline_pass_seconds_sum{outcome=""success""}",86.770111581
1791660805.724,203.700,"ztreamer_pipeline_pass_seconds_count{outcome=""success""}",2.0
1791660805.724,203.700,"ztreamer_range_admission_seconds{quantile=""0""}",0.0
1791660805.724,203.700,"ztreamer_range_admission_seconds{quantile=""0.5""}",0.0
1791660805.724,203.700,"ztreamer_range_admission_seconds{quantile=""0.9""}",0.0
1791660805.724,203.700,"ztreamer_range_admission_seconds{quantile=""0.95""}",0.0
1791660805.724,203.700,"ztreamer_range_admission_seconds{quantile=""0.99""}",0.0
1791660805.724,203.700,"ztreamer_range_admission_seconds{quantile=""0.999""}",0.0
1791660805.724,203.700,"ztreamer_range_admission_seconds{quantile=""1""}",0.0
1791660805.724,203.700,ztreamer_range_admission_seconds_sum,0.0
1791660805.724,203.700,ztreamer_range_admission_seconds_count,0.0
1791660805.724,203.700,"ztreamer_range_duration_seconds{outcome=""cancelled"",quantile=""0""}",0.0
1791660805.724,203.700,"ztreamer_range_duration_seconds{outcome=""cancelled"",quantile=""0.5""}",0.0
1791660805.724,203.700,"ztreamer_range_duration_seconds{outcome=""cancelled"",quantile=""0.9""}",0.0
1791660805.724,203.700,"ztreamer_range_duration_seconds{outcome=""cancelled"",quantile=""0.95""}",0.0
1791660805.724,203.700,"ztreamer_range_duration_seconds{outcome=""cancelled"",quantile=""0.99""}",0.0
1791660805.724,203.700,"ztreamer_range_duration_seconds{outcome=""cancelled"",quantile=""0.999""}",0.0
1791660805.724,203.700,"ztreamer_range_duration_seconds{outcome=""cancelled"",quantile=""1""}",0.0
1791660805.724,203.700,"ztreamer_range_duration_seconds_sum{outcome=""cancelled""}",0.0
1791660805.724,203.700,"ztreamer_range_duration_seconds_count{outcome=""cancelled""}",0.0
1791660805.724,203.700,"ztreamer_range_duration_seconds{outcome=""success"",quantile=""0""}",0.0
1791660805.724,203.700,"ztreamer_range_duration_seconds{outcome=""success"",quantile=""0.5""}",0.0
1791660805.724,203.700,"ztreamer_range_duration_seconds{outcome=""success"",quantile=""0.9""}",0.0
1791660805.724,203.700,"ztreamer_range_duration_seconds{outcome=""success"",quantile=""0.95""}",0.0
1791660805.724,203.700,"ztreamer_range_duration_seconds{outcome=""success"",quantile=""0.99""}",0.0
1791660805.724,203.700,"ztreamer_range_duration_seconds{outcome=""success"",quantile=""0.999""}",0.0
1791660805.724,203.700,"ztreamer_range_duration_seconds{outcome=""success"",quantile=""1""}",0.0
1791660805.724,203.700,"ztreamer_range_duration_seconds_sum{outcome=""success""}",0.0
1791660805.724,203.700,"ztreamer_range_duration_seconds_count{outcome=""success""}",0.0
1791660805.724,203.700,"ztreamer_range_duration_seconds{outcome=""error"",quantile=""0""}",0.0
1791660805.724,203.700,"ztreamer_range_duration_seconds{outcome=""error"",quantile=""0.5""}",0.0
1791660805.724,203.700,"ztreamer_range_duration_seconds{outcome=""error"",quantile=""0.9""}",0.0
1791660805.724,203.700,"ztreamer_range_duration_seconds{outcome=""error"",quantile=""0.95""}",0.0
1791660805.724,203.700,"ztreamer_range_duration_seconds{outcome=""error"",quantile=""0.99""}",0.0
1791660805.724,203.700,"ztreamer_range_duration_seconds{outcome=""error"",quantile=""0.999""}",0.0
1791660805.724,203.700,"ztreamer_range_duration_seconds{outcome=""error"",quantile=""1""}",0.0
1791660805.724,203.700,"ztreamer_range_duration_seconds_sum{outcome=""error""}",0.0
1791660805.724,203.700,"ztreamer_range_duration_seconds_count{outcome=""error""}",0.0
1791660805.724,203.700,"ztreamer_head_publication_seconds{quantile=""0""}",0.0
1791660805.724,203.700,"ztreamer_head_publication_seconds{quantile=""0.5""}",0.0
1791660805.724,203.700,"ztreamer_head_publication_seconds{quantile=""0.9""}",0.0
1791660805.724,203.700,"ztreamer_head_publication_seconds{quantile=""0.95""}",0.0
1791660805.724,203.700,"ztreamer_head_publication_seconds{quantile=""0.99""}",0.0
1791660805.724,203.700,"ztreamer_head_publication_seconds{quantile=""0.999""}",0.0
1791660805.724,203.700,"ztreamer_head_publication_seconds{quantile=""1""}",0.0
1791660805.724,203.700,ztreamer_head_publication_seconds_sum,0.0
1791660805.724,203.700,ztreamer_head_publication_seconds_count,0.0
1791660805.724,203.700,"ztreamer_range_first_seconds{quantile=""0""}",0.0
1791660805.724,203.700,"ztreamer_range_first_seconds{quantile=""0.5""}",0.0
1791660805.724,203.700,"ztreamer_range_first_seconds{quantile=""0.9""}",0.0
1791660805.724,203.700,"ztreamer_range_first_seconds{quantile=""0.95""}",0.0
1791660805.724,203.700,"ztreamer_range_first_seconds{quantile=""0.99""}",0.0
1791660805.724,203.700,"ztreamer_range_first_seconds{quantile=""0.999""}",0.0
1791660805.724,203.700,"ztreamer_range_first_seconds{quantile=""1""}",0.0
1791660805.724,203.700,ztreamer_range_first_seconds_sum,0.0
1791660805.724,203.700,ztreamer_range_first_seconds_count,0.0
1791660807.724,205.700,ztreamer_pipeline_first_missing_height,nan
1791660807.724,205.700,"ztreamer_head_reconcile_seconds{outcome=""success"",quantile=""0.5""}",0.0003651873562132753
1791660807.724,205.700,"ztreamer_head_reconcile_seconds{outcome=""success"",quantile=""0.9""}",0.00038885655670748716
1791660807.724,205.700,"ztreamer_head_reconcile_seconds{outcome=""success"",quantile=""0.95""}",0.00038885655670748716
1791660807.724,205.700,"ztreamer_head_reconcile_seconds{outcome=""success"",quantile=""0.99""}",0.00038885655670748716
1791660807.724,205.700,"ztreamer_head_reconcile_seconds{outcome=""success"",quantile=""0.999""}",0.00038885655670748716
1791660807.724,205.700,"ztreamer_head_reconcile_seconds{outcome=""success"",quantile=""1""}",0.000439873
1791660807.724,205.700,"ztreamer_head_reconcile_seconds_sum{outcome=""success""}",0.001656359
1791660807.724,205.700,"ztreamer_head_reconcile_seconds_count{outcome=""success""}",5.0
1791660809.724,207.700,ztreamer_pipeline_first_missing_height,nan
1791660809.724,207.700,"ztreamer_head_reconcile_seconds{outcome=""success"",quantile=""0.5""}",0.00038885655670748716
1791660809.724,207.700,"ztreamer_head_reconcile_seconds{outcome=""success"",quantile=""0.9""}",0.0004571495258071627
1791660809.724,207.700,"ztreamer_head_reconcile_seconds{outcome=""success"",quantile=""0.95""}",0.0004571495258071627
1791660809.724,207.700,"ztreamer_head_reconcile_seconds{outcome=""success"",quantile=""0.99""}",0.0004571495258071627
1791660809.724,207.700,"ztreamer_head_reconcile_seconds{outcome=""success"",quantile=""0.999""}",0.0004571495258071627
1791660809.724,207.700,"ztreamer_head_reconcile_seconds{outcome=""success"",quantile=""1""}",0.00045885
1791660809.724,207.700,"ztreamer_head_reconcile_seconds_sum{outcome=""success""}",0.002572395
1791660809.724,207.700,"ztreamer_head_reconcile_seconds_count{outcome=""success""}",7.0
1791660811.724,209.701,ztreamer_pipeline_first_missing_height,nan
1791660811.724,209.701,"ztreamer_head_reconcile_seconds{outcome=""success"",quantile=""0.5""}",0.00043983978130442434
1791660811.724,209.701,"ztreamer_head_reconcile_seconds{outcome=""success"",quantile=""0.9""}",0.00045852303362075225
1791660811.724,209.701,"ztreamer_head_reconcile_seconds{outcome=""success"",quantile=""0.95""}",0.00045852303362075225
1791660811.724,209.701,"ztreamer_head_reconcile_seconds{outcome=""success"",quantile=""0.99""}",0.00045852303362075225
1791660811.724,209.701,"ztreamer_head_reconcile_seconds{outcome=""success"",quantile=""0.999""}",0.00045852303362075225
1791660811.724,209.701,"ztreamer_head_reconcile_seconds_sum{outcome=""success""}",0.0034737740000000002
1791660811.724,209.701,"ztreamer_head_reconcile_seconds_count{outcome=""success""}",9.0
1791660813.724,211.701,ztreamer_pipeline_first_missing_height,nan
1791660813.724,211.701,"ztreamer_head_reconcile_seconds{outcome=""success"",quantile=""0.9""}",0.0004588899988153782
1791660813.724,211.701,"ztreamer_head_reconcile_seconds{outcome=""success"",quantile=""0.95""}",0.0004588899988153782
1791660813.724,211.701,"ztreamer_head_reconcile_seconds{outcome=""success"",quantile=""0.99""}",0.0004588899988153782
1791660813.724,211.701,"ztreamer_head_reconcile_seconds{outcome=""success"",quantile=""0.999""}",0.0004588899988153782
1791660813.724,211.701,"ztreamer_head_reconcile_seconds{outcome=""success"",quantile=""1""}",0.000465189
1791660813.724,211.701,"ztreamer_head_reconcile_seconds_sum{outcome=""success""}",0.004349322
1791660813.724,211.701,"ztreamer_head_reconcile_seconds_count{outcome=""success""}",11.0
1791660815.725,213.701,ztreamer_pipeline_first_missing_height,nan
1791660815.725,213.701,"ztreamer_head_reconcile_seconds{outcome=""success"",quantile=""0.95""}",0.00046517353400960925
1791660815.725,213.701,"ztreamer_head_reconcile_seconds{outcome=""success"",quantile=""0.99""}",0.00046517353400960925
1791660815.725,213.701,"ztreamer_head_reconcile_seconds{outcome=""success"",quantile=""0.999""}",0.00046517353400960925
1791660815.725,213.701,"ztreamer_head_reconcile_seconds{outcome=""success"",quantile=""1""}",0.000520904
1791660815.725,213.701,"ztreamer_head_reconcile_seconds_sum{outcome=""success""}",0.005293108
1791660815.725,213.701,"ztreamer_head_reconcile_seconds_count{outcome=""success""}",13.0
1791660815.725,213.701,"sync_stage_duration_seconds_sum{stage=""obtain_tips""}",42.104023716
1791660815.725,213.701,"sync_stage_duration_seconds_count{stage=""obtain_tips""}",7.0
1791660817.725,215.701,ztreamer_pipeline_first_missing_height,nan
1791660817.725,215.701,"ztreamer_head_reconcile_seconds{outcome=""success"",quantile=""0.5""}",0.0004228470488729328
1791660817.725,215.701,"ztreamer_head_reconcile_seconds_sum{outcome=""success""}",0.006128833
1791660817.725,215.701,"ztreamer_head_reconcile_seconds_count{outcome=""success""}",15.0
1791660819.725,217.702,ztreamer_pipeline_first_missing_height,nan
1791660819.725,217.702,"ztreamer_pipeline_commit_seconds{outcome=""success"",quantile=""0.5""}",1.695707396370225
1791660819.725,217.702,"ztreamer_pipeline_commit_seconds{outcome=""success"",quantile=""0.9""}",1.8424569817304746
1791660819.725,217.702,"ztreamer_pipeline_commit_seconds{outcome=""success"",quantile=""0.95""}",1.8572557537952061
1791660819.725,217.702,"ztreamer_head_reconcile_seconds_sum{outcome=""success""}",0.006984075
1791660819.725,217.702,"ztreamer_head_reconcile_seconds_count{outcome=""success""}",17.0
1791660819.725,217.702,"ztreamer_pipeline_segment_seconds{outcome=""success"",quantile=""0.5""}",0.012918433688759215
1791660819.725,217.702,"ztreamer_pipeline_segment_seconds{outcome=""success"",quantile=""0.9""}",0.12412079777728018
1791660819.725,217.702,"ztreamer_pipeline_segment_seconds{outcome=""success"",quantile=""0.95""}",0.20309122628619405
1791660819.725,217.702,"ztreamer_pipeline_segment_seconds{outcome=""success"",quantile=""0.99""}",0.30014187212987703
1791660819.725,217.702,"ztreamer_pipeline_segment_seconds{outcome=""success"",quantile=""0.999""}",1.0875201312239509
1791660819.725,217.702,"ztreamer_pipeline_stage_seconds{stage=""header_read"",quantile=""0.5""}",0.0026275589365566915
1791660819.725,217.702,"ztreamer_pipeline_stage_seconds{stage=""header_read"",quantile=""0.9""}",0.014856764151393507
1791660819.725,217.702,"ztreamer_pipeline_stage_seconds{stage=""header_read"",quantile=""0.95""}",0.08685632057806089
1791660819.725,217.702,"ztreamer_pipeline_stage_seconds{stage=""header_read"",quantile=""0.99""}",0.14779929929590724
1791660819.725,217.702,"ztreamer_pipeline_stage_seconds{stage=""header_read"",quantile=""0.999""}",0.19454339885434146
1791660819.725,217.702,"ztreamer_pipeline_stage_seconds{stage=""transaction_read"",quantile=""0""}",0.000256297
1791660819.725,217.702,"ztreamer_pipeline_stage_seconds{stage=""worker_send_wait"",quantile=""0.5""}",0.005945622633165389
1791660819.725,217.702,"ztreamer_pipeline_stage_seconds{stage=""worker_send_wait"",quantile=""0.9""}",0.008261905557787679
1791660819.725,217.702,"ztreamer_pipeline_stage_seconds{stage=""worker_send_wait"",quantile=""0.95""}",0.009773310563494725
1791660819.725,217.702,"ztreamer_pipeline_stage_seconds{stage=""worker_send_wait"",quantile=""0.99""}",0.01438599638046327
1791660819.725,217.702,"ztreamer_pipeline_stage_seconds{stage=""worker_send_wait"",quantile=""0.999""}",0.018405605420974823
1791660819.725,217.702,"ztreamer_pipeline_stage_seconds{stage=""txid_read"",quantile=""0.9""}",0.00016922184121165366
1791660819.725,217.702,"ztreamer_pipeline_stage_seconds{stage=""txid_read"",quantile=""0.95""}",0.00025951396740182017
1791660819.725,217.702,"ztreamer_pipeline_stage_seconds{stage=""txid_read"",quantile=""0.99""}",0.001094234739879306
1791660819.725,217.702,"ztreamer_pipeline_stage_seconds{stage=""txid_read"",quantile=""0.999""}",0.027359265920038824
1791660819.725,217.702,"ztreamer_pipeline_stage_seconds{stage=""parse"",quantile=""0.5""}",0.0001408098675646975
1791660819.725,217.702,"ztreamer_pipeline_stage_seconds{stage=""parse"",quantile=""0.9""}",0.0002422597566799805
1791660819.725,217.702,"ztreamer_pipeline_stage_seconds{stage=""parse"",quantile=""0.95""}",0.00029773699386868526
1791660819.725,217.702,"ztreamer_pipeline_stage_seconds{stage=""parse"",quantile=""0.99""}",0.0006620959788360128
1791660819.725,217.702,"ztreamer_pipeline_stage_seconds{stage=""parse"",quantile=""0.999""}",0.003804768906906299
1791660819.725,217.702,"ztreamer_pipeline_batch_send_wait_seconds{quantile=""0.9""}",9.066719522109445e-06
1791660819.725,217.702,"ztreamer_pipeline_batch_send_wait_seconds{quantile=""0.95""}",9.236938636159963e-06
1791660819.725,217.702,"ztreamer_pipeline_batch_send_wait_seconds{quantile=""0.99""}",9.236938636159963e-06
1791660819.725,217.702,"ztreamer_pipeline_batch_send_wait_seconds{quantile=""0.999""}",9.236938636159963e-06
1791660819.725,217.702,"ztreamer_pipeline_batch_send_wait_seconds{quantile=""1""}",9.438e-06
1791660819.725,217.702,"sync_stage_duration_seconds{stage=""obtain_tips"",quantile=""1""}",6.001999393
1791660821.725,219.702,ztreamer_pipeline_first_missing_height,nan
1791660821.725,219.702,"ztreamer_head_reconcile_seconds{outcome=""success"",quantile=""0.5""}",0.0004197295297479102
1791660821.725,219.702,"ztreamer_head_reconcile_seconds_sum{outcome=""success""}",0.007700178
1791660821.725,219.702,"ztreamer_head_reconcile_seconds_count{outcome=""success""}",19.0
1791660823.726,221.702,ztreamer_pipeline_first_missing_height,nan
1791660823.726,221.702,"ztreamer_head_reconcile_seconds{outcome=""success"",quantile=""0.5""}",0.00041596891213105397
1791660823.726,221.702,"ztreamer_head_reconcile_seconds_sum{outcome=""success""}",0.008341458000000001
1791660823.726,221.702,"ztreamer_head_reconcile_seconds_count{outcome=""success""}",21.0
1791660825.726,223.702,ztreamer_pipeline_first_missing_height,nan
1791660825.726,223.702,"ztreamer_head_reconcile_seconds{outcome=""success"",quantile=""0.5""}",0.00041035002991187064
1791660825.726,223.702,"ztreamer_head_reconcile_seconds{outcome=""success"",quantile=""0.9""}",0.00045852303362075225
1791660825.726,223.702,"ztreamer_head_reconcile_seconds{outcome=""success"",quantile=""0.95""}",0.0004588899988153782
1791660825.726,223.702,"ztreamer_head_reconcile_seconds_sum{outcome=""success""}",0.009021422000000001
1791660825.726,223.702,"ztreamer_head_reconcile_seconds_count{outcome=""success""}",23.0
1791660827.726,225.703,ztreamer_pipeline_first_missing_height,nan
1791660827.726,225.703,"ztreamer_head_reconcile_seconds{outcome=""success"",quantile=""0.5""}",0.00040716175012366654
1791660827.726,225.703,"ztreamer_head_reconcile_seconds_sum{outcome=""success""}",0.009638979
1791660827.726,225.703,"ztreamer_head_reconcile_seconds_count{outcome=""success""}",25.0
1791660829.726,227.703,ztreamer_pipeline_first_missing_height,nan
1791660829.726,227.703,"ztreamer_head_reconcile_seconds{outcome=""success"",quantile=""0.5""}",0.0004013406335305003
1791660829.726,227.703,"ztreamer_head_reconcile_seconds_sum{outcome=""success""}",0.010280862
1791660829.726,227.703,"ztreamer_head_reconcile_seconds_count{outcome=""success""}",27.0
1791660831.727,229.703,ztreamer_pipeline_first_missing_height,nan
1791660831.727,229.703,"ztreamer_head_reconcile_seconds{outcome=""success"",quantile=""0.5""}",0.00038885655670748716
1791660831.727,229.703,"ztreamer_head_reconcile_seconds_sum{outcome=""success""}",0.010958461
1791660831.727,229.703,"ztreamer_head_reconcile_seconds_count{outcome=""success""}",29.0
1791660831.727,229.703,"sync_stage_duration_seconds_sum{stage=""obtain_tips""}",48.105741578
1791660831.727,229.703,"sync_stage_duration_seconds_count{stage=""obtain_tips""}",8.0
1791660833.727,231.703,ztreamer_pipeline_first_missing_height,nan
1791660833.727,231.703,"ztreamer_head_reconcile_seconds_sum{outcome=""success""}",0.011747578999999998
1791660833.727,231.703,"ztreamer_head_reconcile_seconds_count{outcome=""success""}",31.0
1791660835.727,233.704,ztreamer_pipeline_first_missing_height,nan
1791660835.727,233.704,"ztreamer_head_reconcile_seconds{outcome=""success"",quantile=""0.5""}",0.0003732358504480353
1791660835.727,233.704,"ztreamer_head_reconcile_seconds{outcome=""success"",quantile=""0.9""}",0.0004571495258071627
1791660835.727,233.704,"ztreamer_head_reconcile_seconds_sum{outcome=""success""}",0.012450715999999997
1791660835.727,233.704,"ztreamer_head_reconcile_seconds_count{outcome=""success""}",33.0
1791660837.727,235.704,ztreamer_pipeline_first_missing_height,nan
1791660837.727,235.704,"ztreamer_head_reconcile_seconds_sum{outcome=""success""}",0.013141167999999996
1791660837.727,235.704,"ztreamer_head_reconcile_seconds_count{outcome=""success""}",35.0
1791660839.728,237.704,ztreamer_pipeline_first_missing_height,nan
1791660839.728,237.704,"ztreamer_pipeline_commit_seconds{outcome=""success"",quantile=""0.5""}",0.6342576579712674
1791660839.728,237.704,"ztreamer_pipeline_commit_seconds{outcome=""success"",quantile=""0.9""}",0.9541828061806414
1791660839.728,237.704,"ztreamer_pipeline_commit_seconds{outcome=""success"",quantile=""0.95""}",0.9541828061806414
1791660839.728,237.704,"ztreamer_pipeline_commit_seconds{outcome=""success"",quantile=""0.99""}",0.9541828061806414
1791660839.728,237.704,"ztreamer_pipeline_commit_seconds{outcome=""success"",quantile=""0.999""}",0.9541828061806414
1791660839.728,237.704,"ztreamer_pipeline_commit_seconds{outcome=""success"",quantile=""1""}",1.84262093
1791660839.728,237.704,"ztreamer_head_reconcile_seconds_sum{outcome=""success""}",0.013886914999999996
1791660839.728,237.704,"ztreamer_head_reconcile_seconds_count{outcome=""success""}",37.0
1791660839.728,237.704,"ztreamer_pipeline_receive_wait_seconds{quantile=""0""}",1e-07
1791660839.728,237.704,"ztreamer_pipeline_receive_wait_seconds{quantile=""0.5""}",8.749752627472563e-05
1791660839.728,237.704,"ztreamer_pipeline_receive_wait_seconds{quantile=""0.9""}",8.749752627472563e-05
1791660839.728,237.704,"ztreamer_pipeline_receive_wait_seconds{quantile=""0.95""}",8.749752627472563e-05
1791660839.728,237.704,"ztreamer_pipeline_receive_wait_seconds{quantile=""0.99""}",0.0002523988376204676
1791660839.728,237.704,"ztreamer_pipeline_receive_wait_seconds{quantile=""0.999""}",0.006754812793927271
1791660839.728,237.704,"ztreamer_pipeline_segment_seconds{outcome=""success"",quantile=""0""}",0.009089695
1791660839.728,237.704,"ztreamer_pipeline_segment_seconds{outcome=""success"",quantile=""0.5""}",0.01959462435220992
1791660839.728,237.704,"ztreamer_pipeline_segment_seconds{outcome=""success"",quantile=""0.9""}",0.146944544542089
1791660839.728,237.704,"ztreamer_pipeline_segment_seconds{outcome=""success"",quantile=""0.95""}",0.20587213428441392
1791660839.728,237.704,"ztreamer_pipeline_segment_seconds{outcome=""success"",quantile=""0.99""}",1.0875201312239509
1791660839.728,237.704,"ztreamer_pipeline_segment_seconds{outcome=""success"",quantile=""0.999""}",1.8270451632913962
1791660839.728,237.704,"ztreamer_pipeline_stage_seconds{stage=""header_read"",quantile=""0""}",0.001580942
1791660839.728,237.704,"ztreamer_pipeline_stage_seconds{stage=""header_read"",quantile=""0.5""}",0.002653435602786474
1791660839.728,237.704,"ztreamer_pipeline_stage_seconds{stage=""header_read"",quantile=""0.9""}",0.013150440544486436
1791660839.728,237.704,"ztreamer_pipeline_stage_seconds{stage=""header_read"",quantile=""0.95""}",0.03877032999092691
1791660839.728,237.704,"ztreamer_pipeline_stage_seconds{stage=""header_read"",quantile=""0.99""}",0.10125633443477464
1791660839.728,237.704,"ztreamer_pipeline_stage_seconds{stage=""header_read"",quantile=""0.999""}",0.14495962676469162
1791660839.728,237.704,"ztreamer_pipeline_stage_seconds{stage=""header_read"",quantile=""1""}",0.1486588
1791660839.728,237.704,"ztreamer_pipeline_stage_seconds{stage=""transaction_read"",quantile=""0""}",0.00030285
1791660839.728,237.704,"ztreamer_pipeline_stage_seconds{stage=""transaction_read"",quantile=""0.5""}",0.006254212627303355
1791660839.728,237.704,"ztreamer_pipeline_stage_seconds{stage=""transaction_read"",quantile=""0.9""}",0.0650304267927319
1791660839.728,237.704,"ztreamer_pipeline_stage_seconds{stage=""transaction_read"",quantile=""0.95""}",0.14186207283069716
1791660839.728,237.704,"ztreamer_pipeline_stage_seconds{stage=""transaction_read"",quantile=""0.99""}",1.0174505066694757
1791660839.728,237.704,"ztreamer_pipeline_stage_seconds{stage=""transaction_read"",quantile=""0.999""}",1.7887194932179935
1791660839.728,237.704,"ztreamer_pipeline_stage_seconds{stage=""worker_send_wait"",quantile=""0.5""}",0.006717091560188114
1791660839.728,237.704,"ztreamer_pipeline_stage_seconds{stage=""worker_send_wait"",quantile=""0.9""}",0.00996875058452783
1791660839.728,237.704,"ztreamer_pipeline_stage_seconds{stage=""worker_send_wait"",quantile=""0.95""}",0.011505846058321173
1791660839.728,237.704,"ztreamer_pipeline_stage_seconds{stage=""worker_send_wait"",quantile=""0.99""}",0.014615100278729625
1791660839.728,237.704,"ztreamer_pipeline_stage_seconds{stage=""worker_send_wait"",quantile=""0.999""}",0.01663078108158629
1791660839.728,237.704,"ztreamer_pipeline_stage_seconds{stage=""worker_send_wait"",quantile=""1""}",0.017419382
1791660839.728,237.704,"ztreamer_pipeline_stage_seconds{stage=""txid_read"",quantile=""0""}",9.809e-06
1791660839.728,237.704,"ztreamer_pipeline_stage_seconds{stage=""txid_read"",quantile=""0.5""}",4.7799277284051996e-05
1791660839.728,237.704,"ztreamer_pipeline_stage_seconds{stage=""txid_read"",quantile=""0.9""}",0.00041822122002227
1791660839.728,237.704,"ztreamer_pipeline_stage_seconds{stage=""txid_read"",quantile=""0.95""}",0.0010022577959550969
1791660839.728,237.704,"ztreamer_pipeline_stage_seconds{stage=""txid_read"",quantile=""0.99""}",0.00925214353667173
1791660839.728,237.704,"ztreamer_pipeline_stage_seconds{stage=""txid_read"",quantile=""1""}",0.033540442
1791660839.728,237.704,"ztreamer_pipeline_stage_seconds{stage=""parse"",quantile=""0""}",8.944e-05
1791660839.728,237.704,"ztreamer_pipeline_stage_seconds{stage=""parse"",quantile=""0.5""}",0.00021916185590040914
1791660839.728,237.704,"ztreamer_pipeline_stage_seconds{stage=""parse"",quantile=""0.9""}",0.00037751508444719824
1791660839.728,237.704,"ztreamer_pipeline_stage_seconds{stage=""parse"",quantile=""0.95""}",0.0006041427603842098
1791660839.728,237.704,"ztreamer_pipeline_stage_seconds{stage=""parse"",quantile=""0.99""}",0.0030674765554617564
1791660839.728,237.704,"ztreamer_pipeline_stage_seconds{stage=""parse"",quantile=""0.999""}",0.005961101365695822
1791660839.728,237.704,"ztreamer_pipeline_batch_send_wait_seconds{quantile=""0.5""}",7.493309184371318e-06
1791660839.728,237.704,"ztreamer_pipeline_batch_send_wait_seconds{quantile=""0.9""}",8.096327095846672e-06
1791660839.728,237.704,"ztreamer_pipeline_batch_send_wait_seconds{quantile=""0.95""}",8.096327095846672e-06
1791660839.728,237.704,"ztreamer_pipeline_batch_send_wait_seconds{quantile=""0.99""}",8.096327095846672e-06
1791660839.728,237.704,"ztreamer_pipeline_batch_send_wait_seconds{quantile=""0.999""}",8.096327095846672e-06
1791660839.728,237.704,"ztreamer_pipeline_batch_send_wait_seconds{quantile=""1""}",9.067e-06
1791660839.728,237.704,"sync_stage_duration_seconds{stage=""obtain_tips"",quantile=""0""}",6.001717862
1791660841.728,239.704,ztreamer_pipeline_first_missing_height,nan
1791660841.728,239.704,"ztreamer_head_reconcile_seconds{outcome=""success"",quantile=""0.5""}",0.0003651873562132753
1791660841.728,239.704,"ztreamer_head_reconcile_seconds_sum{outcome=""success""}",0.014502287999999995
1791660841.728,239.704,"ztreamer_head_reconcile_seconds_count{outcome=""success""}",39.0
1791660843.728,241.704,ztreamer_pipeline_first_missing_height,nan
1791660843.728,241.704,"ztreamer_head_reconcile_seconds{outcome=""success"",quantile=""0.5""}",0.00036438482713260626
1791660843.728,241.704,"ztreamer_head_reconcile_seconds_sum{outcome=""success""}",0.015121153999999994
1791660843.728,241.704,"ztreamer_head_reconcile_seconds_count{outcome=""success""}",41.0
1791660845.728,243.705,ztreamer_pipeline_first_missing_height,nan
1791660845.728,243.705,"ztreamer_head_reconcile_seconds{outcome=""success"",quantile=""0.5""}",0.0003621326302218333
1791660845.728,243.705,"ztreamer_head_reconcile_seconds{outcome=""success"",quantile=""0.9""}",0.0004566926047784234
1791660845.728,243.705,"ztreamer_head_reconcile_seconds{outcome=""success"",quantile=""0.95""}",0.00045852303362075225
1791660845.728,243.705,"ztreamer_head_reconcile_seconds_sum{outcome=""success""}",0.015785326999999995
1791660845.728,243.705,"ztreamer_head_reconcile_seconds_count{outcome=""success""}",43.0
1791660847.729,245.705,ztreamer_pipeline_first_missing_height,nan
1791660847.729,245.705,"ztreamer_head_reconcile_seconds_sum{outcome=""success""}",0.016456576999999993
1791660847.729,245.705,"ztreamer_head_reconcile_seconds_count{outcome=""success""}",45.0
1791660847.729,245.705,"sync_stage_duration_seconds{stage=""obtain_tips"",quantile=""0""}",6.001290616
1791660847.729,245.705,"sync_stage_duration_seconds_sum{stage=""obtain_tips""}",54.107032194
1791660847.729,245.705,"sync_stage_duration_seconds_count{stage=""obtain_tips""}",9.0
1791660849.729,247.705,ztreamer_pipeline_first_missing_height,nan
1791660849.729,247.705,"ztreamer_head_reconcile_seconds{outcome=""success"",quantile=""0.5""}",0.00036438482713260626
1791660849.729,247.705,"ztreamer_head_reconcile_seconds_sum{outcome=""success""}",0.017234052999999992
1791660849.729,247.705,"ztreamer_head_reconcile_seconds_count{outcome=""success""}",47.0
1791660851.729,249.705,ztreamer_pipeline_first_missing_height,nan
1791660851.729,249.705,"ztreamer_head_reconcile_seconds{outcome=""success"",quantile=""0.5""}",0.0003651873562132753
1791660851.729,249.705,"ztreamer_head_reconcile_seconds_sum{outcome=""success""}",0.018065109999999992
1791660851.729,249.705,"ztreamer_head_reconcile_seconds_count{outcome=""success""}",49.0
1791660853.729,251.706,ztreamer_pipeline_first_missing_height,nan
1791660853.729,251.706,"ztreamer_head_reconcile_seconds{outcome=""success"",quantile=""0.5""}",0.00036438482713260626
1791660853.729,251.706,"ztreamer_head_reconcile_seconds_sum{outcome=""success""}",0.01872140899999999
1791660853.729,251.706,"ztreamer_head_reconcile_seconds_count{outcome=""success""}",51.0
1791660855.729,253.706,ztreamer_pipeline_first_missing_height,nan
1791660855.729,253.706,"ztreamer_head_reconcile_seconds{outcome=""success"",quantile=""0.9""}",0.000453960653191258
1791660855.729,253.706,"ztreamer_head_reconcile_seconds_sum{outcome=""success""}",0.01942903399999999
1791660855.729,253.706,"ztreamer_head_reconcile_seconds_count{outcome=""success""}",53.0
1791660857.730,255.706,ztreamer_pipeline_first_missing_height,nan
1791660857.730,255.706,"ztreamer_head_reconcile_seconds_sum{outcome=""success""}",0.020130947999999992
1791660857.730,255.706,"ztreamer_head_reconcile_seconds_count{outcome=""success""}",55.0
1791660859.730,257.706,ztreamer_pipeline_first_missing_height,nan
1791660859.730,257.706,"ztreamer_pipeline_commit_seconds{outcome=""success"",quantile=""0""}",0.0
1791660859.730,257.706,"ztreamer_pipeline_commit_seconds{outcome=""success"",quantile=""0.5""}",0.0
1791660859.730,257.706,"ztreamer_pipeline_commit_seconds{outcome=""success"",quantile=""0.9""}",0.0
1791660859.730,257.706,"ztreamer_pipeline_commit_seconds{outcome=""success"",quantile=""0.95""}",0.0
1791660859.730,257.706,"ztreamer_pipeline_commit_seconds{outcome=""success"",quantile=""0.99""}",0.0
1791660859.730,257.706,"ztreamer_pipeline_commit_seconds{outcome=""success"",quantile=""0.999""}",0.0
1791660859.730,257.706,"ztreamer_pipeline_commit_seconds{outcome=""success"",quantile=""1""}",0.0
1791660859.730,257.706,"ztreamer_head_reconcile_seconds{outcome=""success"",quantile=""0.5""}",0.0003621326302218333
1791660859.730,257.706,"ztreamer_head_reconcile_seconds_sum{outcome=""success""}",0.02079635599999999
1791660859.730,257.706,"ztreamer_head_reconcile_seconds_count{outcome=""success""}",57.0
1791660859.730,257.706,"ztreamer_pipeline_receive_wait_seconds{quantile=""0""}",0.0
1791660859.730,257.706,"ztreamer_pipeline_receive_wait_seconds{quantile=""0.5""}",0.0
1791660859.730,257.706,"ztreamer_pipeline_receive_wait_seconds{quantile=""0.9""}",0.0
1791660859.730,257.706,"ztreamer_pipeline_receive_wait_seconds{quantile=""0.95""}",0.0
1791660859.730,257.706,"ztreamer_pipeline_receive_wait_seconds{quantile=""0.99""}",0.0
1791660859.730,257.706,"ztreamer_pipeline_receive_wait_seconds{quantile=""0.999""}",0.0
1791660859.730,257.706,"ztreamer_pipeline_receive_wait_seconds{quantile=""1""}",0.0
1791660859.730,257.706,"ztreamer_pipeline_segment_seconds{outcome=""success"",quantile=""0""}",0.0
1791660859.730,257.706,"ztreamer_pipeline_segment_seconds{outcome=""success"",quantile=""0.5""}",0.0
1791660859.730,257.706,"ztreamer_pipeline_segment_seconds{outcome=""success"",quantile=""0.9""}",0.0
1791660859.730,257.706,"ztreamer_pipeline_segment_seconds{outcome=""success"",quantile=""0.95""}",0.0
1791660859.730,257.706,"ztreamer_pipeline_segment_seconds{outcome=""success"",quantile=""0.99""}",0.0
1791660859.730,257.706,"ztreamer_pipeline_segment_seconds{outcome=""success"",quantile=""0.999""}",0.0
1791660859.730,257.706,"ztreamer_pipeline_segment_seconds{outcome=""success"",quantile=""1""}",0.0
1791660859.730,257.706,"ztreamer_pipeline_stage_seconds{stage=""header_read"",quantile=""0""}",0.0
1791660859.730,257.706,"ztreamer_pipeline_stage_seconds{stage=""header_read"",quantile=""0.5""}",0.0
1791660859.730,257.706,"ztreamer_pipeline_stage_seconds{stage=""header_read"",quantile=""0.9""}",0.0
1791660859.730,257.706,"ztreamer_pipeline_stage_seconds{stage=""header_read"",quantile=""0.95""}",0.0
1791660859.730,257.706,"ztreamer_pipeline_stage_seconds{stage=""header_read"",quantile=""0.99""}",0.0
1791660859.730,257.706,"ztreamer_pipeline_stage_seconds{stage=""header_read"",quantile=""0.999""}",0.0
1791660859.730,257.706,"ztreamer_pipeline_stage_seconds{stage=""header_read"",quantile=""1""}",0.0
1791660859.730,257.706,"ztreamer_pipeline_stage_seconds{stage=""transaction_read"",quantile=""0""}",0.0
1791660859.730,257.706,"ztreamer_pipeline_stage_seconds{stage=""transaction_read"",quantile=""0.5""}",0.0
1791660859.730,257.706,"ztreamer_pipeline_stage_seconds{stage=""transaction_read"",quantile=""0.9""}",0.0
1791660859.730,257.706,"ztreamer_pipeline_stage_seconds{stage=""transaction_read"",quantile=""0.95""}",0.0
1791660859.730,257.706,"ztreamer_pipeline_stage_seconds{stage=""transaction_read"",quantile=""0.99""}",0.0
1791660859.730,257.706,"ztreamer_pipeline_stage_seconds{stage=""transaction_read"",quantile=""0.999""}",0.0
1791660859.730,257.706,"ztreamer_pipeline_stage_seconds{stage=""transaction_read"",quantile=""1""}",0.0
1791660859.730,257.706,"ztreamer_pipeline_stage_seconds{stage=""worker_send_wait"",quantile=""0""}",0.0
1791660859.730,257.706,"ztreamer_pipeline_stage_seconds{stage=""worker_send_wait"",quantile=""0.5""}",0.0
1791660859.730,257.706,"ztreamer_pipeline_stage_seconds{stage=""worker_send_wait"",quantile=""0.9""}",0.0
1791660859.730,257.706,"ztreamer_pipeline_stage_seconds{stage=""worker_send_wait"",quantile=""0.95""}",0.0
1791660859.730,257.706,"ztreamer_pipeline_stage_seconds{stage=""worker_send_wait"",quantile=""0.99""}",0.0
1791660859.730,257.706,"ztreamer_pipeline_stage_seconds{stage=""worker_send_wait"",quantile=""0.999""}",0.0
1791660859.730,257.706,"ztreamer_pipeline_stage_seconds{stage=""worker_send_wait"",quantile=""1""}",0.0
1791660859.730,257.706,"ztreamer_pipeline_stage_seconds{stage=""txid_read"",quantile=""0""}",0.0
1791660859.730,257.706,"ztreamer_pipeline_stage_seconds{stage=""txid_read"",quantile=""0.5""}",0.0
1791660859.730,257.706,"ztreamer_pipeline_stage_seconds{stage=""txid_read"",quantile=""0.9""}",0.0
1791660859.730,257.706,"ztreamer_pipeline_stage_seconds{stage=""txid_read"",quantile=""0.95""}",0.0
1791660859.730,257.706,"ztreamer_pipeline_stage_seconds{stage=""txid_read"",quantile=""0.99""}",0.0
1791660859.730,257.706,"ztreamer_pipeline_stage_seconds{stage=""txid_read"",quantile=""0.999""}",0.0
1791660859.730,257.706,"ztreamer_pipeline_stage_seconds{stage=""txid_read"",quantile=""1""}",0.0
1791660859.730,257.706,"ztreamer_pipeline_stage_seconds{stage=""parse"",quantile=""0""}",0.0
1791660859.730,257.706,"ztreamer_pipeline_stage_seconds{stage=""parse"",quantile=""0.5""}",0.0
1791660859.730,257.706,"ztreamer_pipeline_stage_seconds{stage=""parse"",quantile=""0.9""}",0.0
1791660859.730,257.706,"ztreamer_pipeline_stage_seconds{stage=""parse"",quantile=""0.95""}",0.0
1791660859.730,257.706,"ztreamer_pipeline_stage_seconds{stage=""parse"",quantile=""0.99""}",0.0
1791660859.730,257.706,"ztreamer_pipeline_stage_seconds{stage=""parse"",quantile=""0.999""}",0.0
1791660859.730,257.706,"ztreamer_pipeline_stage_seconds{stage=""parse"",quantile=""1""}",0.0
1791660859.730,257.706,"ztreamer_pipeline_batch_send_wait_seconds{quantile=""0""}",0.0
1791660859.730,257.706,"ztreamer_pipeline_batch_send_wait_seconds{quantile=""0.5""}",0.0
1791660859.730,257.706,"ztreamer_pipeline_batch_send_wait_seconds{quantile=""0.9""}",0.0
1791660859.730,257.706,"ztreamer_pipeline_batch_send_wait_seconds{quantile=""0.95""}",0.0
1791660859.730,257.706,"ztreamer_pipeline_batch_send_wait_seconds{quantile=""0.99""}",0.0
1791660859.730,257.706,"ztreamer_pipeline_batch_send_wait_seconds{quantile=""0.999""}",0.0
1791660859.730,257.706,"ztreamer_pipeline_batch_send_wait_seconds{quantile=""1""}",0.0
1791660859.730,257.706,"sync_stage_duration_seconds{stage=""obtain_tips"",quantile=""0.5""}",6.000843249719959
1791660859.730,257.706,"sync_stage_duration_seconds{stage=""obtain_tips"",quantile=""0.9""}",6.000843249719959
1791660859.730,257.706,"sync_stage_duration_seconds{stage=""obtain_tips"",quantile=""0.95""}",6.000843249719959
1791660859.730,257.706,"sync_stage_duration_seconds{stage=""obtain_tips"",quantile=""0.99""}",6.000843249719959
1791660859.730,257.706,"sync_stage_duration_seconds{stage=""obtain_tips"",quantile=""0.999""}",6.000843249719959
1791660859.730,257.706,"sync_stage_duration_seconds{stage=""obtain_tips"",quantile=""1""}",6.001717862
1791660861.730,259.707,ztreamer_pipeline_first_missing_height,nan
1791660861.730,259.707,"ztreamer_head_reconcile_seconds{outcome=""success"",quantile=""0.5""}",0.0003556014305291163
1791660861.730,259.707,"ztreamer_head_reconcile_seconds_sum{outcome=""success""}",0.021477320999999994
1791660861.730,259.707,"ztreamer_head_reconcile_seconds_count{outcome=""success""}",59.0
1791660863.730,261.707,sync_estimated_network_tip_height,4403192.0
1791660863.730,261.707,ztreamer_pipeline_first_missing_height,nan
1791660863.730,261.707,sync_estimated_distance_to_tip,20295.0
1791660863.730,261.707,"ztreamer_head_reconcile_seconds{outcome=""success"",quantile=""0.5""}",0.0003621326302218333
1791660863.730,261.707,"ztreamer_head_reconcile_seconds_sum{outcome=""success""}",0.022226784999999992
1791660863.730,261.707,"ztreamer_head_reconcile_seconds_count{outcome=""success""}",61.0
1791660863.730,261.707,"sync_stage_duration_seconds{stage=""obtain_tips"",quantile=""0.5""}",6.002043538398771
1791660863.730,261.707,"sync_stage_duration_seconds{stage=""obtain_tips"",quantile=""0.9""}",6.002043538398771
1791660863.730,261.707,"sync_stage_duration_seconds{stage=""obtain_tips"",quantile=""0.95""}",6.002043538398771
1791660863.730,261.707,"sync_stage_duration_seconds{stage=""obtain_tips"",quantile=""0.99""}",6.002043538398771
1791660863.730,261.707,"sync_stage_duration_seconds{stage=""obtain_tips"",quantile=""0.999""}",6.002043538398771
1791660863.730,261.707,"sync_stage_duration_seconds{stage=""obtain_tips"",quantile=""1""}",6.002133068
1791660863.730,261.707,"sync_stage_duration_seconds_sum{stage=""obtain_tips""}",60.109165262
1791660863.730,261.707,"sync_stage_duration_seconds_count{stage=""obtain_tips""}",10.0
1791660865.731,263.707,ztreamer_pipeline_first_missing_height,nan
1791660865.731,263.707,"ztreamer_head_reconcile_seconds{outcome=""success"",quantile=""0""}",0.000276485
1791660865.731,263.707,"ztreamer_head_reconcile_seconds{outcome=""success"",quantile=""0.5""}",0.0003399540720710901
1791660865.731,263.707,"ztreamer_head_reconcile_seconds{outcome=""success"",quantile=""0.9""}",0.0004060232918049642
1791660865.731,263.707,"ztreamer_head_reconcile_seconds{outcome=""success"",quantile=""0.95""}",0.0004119123265143248
1791660865.731,263.707,"ztreamer_head_reconcile_seconds{outcome=""success"",quantile=""0.99""}",0.0004357246587235505
1791660865.731,263.707,"ztreamer_head_reconcile_seconds{outcome=""success"",quantile=""0.999""}",0.0004357246587235505
1791660865.731,263.707,"ztreamer_head_reconcile_seconds{outcome=""success"",quantile=""1""}",0.000456666
1791660865.731,263.707,"ztreamer_head_reconcile_seconds_sum{outcome=""success""}",0.02290675999999999
1791660865.731,263.707,"ztreamer_head_reconcile_seconds_count{outcome=""success""}",63.0
1791660865.731,263.707,"ztreamer_pipeline_pass_seconds{outcome=""success"",quantile=""0""}",0.0
1791660865.731,263.707,"ztreamer_pipeline_pass_seconds{outcome=""success"",quantile=""0.5""}",0.0
1791660865.731,263.707,"ztreamer_pipeline_pass_seconds{outcome=""success"",quantile=""0.9""}",0.0
1791660865.731,263.707,"ztreamer_pipeline_pass_seconds{outcome=""success"",quantile=""0.95""}",0.0
1791660865.731,263.707,"ztreamer_pipeline_pass_seconds{outcome=""success"",quantile=""0.99""}",0.0
1791660865.731,263.707,"ztreamer_pipeline_pass_seconds{outcome=""success"",quantile=""0.999""}",0.0
1791660865.731,263.707,"ztreamer_pipeline_pass_seconds{outcome=""success"",quantile=""1""}",0.0
1791660867.731,265.707,ztreamer_pipeline_first_missing_height,nan
1791660867.731,265.707,"ztreamer_head_reconcile_seconds{outcome=""success"",quantile=""0.5""}",0.0003388001909317111
1791660867.731,265.707,"ztreamer_head_reconcile_seconds_sum{outcome=""success""}",0.02352653099999999
1791660867.731,265.707,"ztreamer_head_reconcile_seconds_count{outcome=""success""}",65.0
1791660869.731,267.708,ztreamer_pipeline_first_missing_height,nan
1791660869.731,267.708,"ztreamer_head_reconcile_seconds_sum{outcome=""success""}",0.02421632299999999
1791660869.731,267.708,"ztreamer_head_reconcile_seconds_count{outcome=""success""}",67.0
1791660871.731,269.708,ztreamer_pipeline_first_missing_height,nan
1791660871.731,269.708,"ztreamer_head_reconcile_seconds_sum{outcome=""success""}",0.02488407299999999
1791660871.731,269.708,"ztreamer_head_reconcile_seconds_count{outcome=""success""}",69.0
1791660873.732,271.708,ztreamer_pipeline_first_missing_height,nan
1791660873.732,271.708,"ztreamer_head_reconcile_seconds_sum{outcome=""success""}",0.02556132099999999
1791660873.732,271.708,"ztreamer_head_reconcile_seconds_count{outcome=""success""}",71.0
1791660875.732,273.708,ztreamer_pipeline_first_missing_height,nan
1791660875.732,273.708,"ztreamer_head_reconcile_seconds{outcome=""success"",quantile=""0.5""}",0.0003399540720710901
1791660875.732,273.708,"ztreamer_head_reconcile_seconds{outcome=""success"",quantile=""0.9""}",0.00039528638473551917
1791660875.732,273.708,"ztreamer_head_reconcile_seconds_sum{outcome=""success""}",0.02628711999999999
1791660875.732,273.708,"ztreamer_head_reconcile_seconds_count{outcome=""success""}",73.0
1791660877.732,275.709,ztreamer_pipeline_first_missing_height,nan
1791660877.732,275.709,"ztreamer_head_reconcile_seconds{outcome=""success"",quantile=""0.5""}",0.0003400220696852657
1791660877.732,275.709,"ztreamer_head_reconcile_seconds{outcome=""success"",quantile=""0.9""}",0.0004060232918049642
1791660877.732,275.709,"ztreamer_head_reconcile_seconds{outcome=""success"",quantile=""0.95""}",0.00041588572666717425
1791660877.732,275.709,"ztreamer_head_reconcile_seconds_sum{outcome=""success""}",0.02707397399999999
1791660877.732,275.709,"ztreamer_head_reconcile_seconds_count{outcome=""success""}",75.0
1791660879.732,277.709,ztreamer_pipeline_first_missing_height,nan
1791660879.732,277.709,"ztreamer_head_reconcile_seconds_sum{outcome=""success""}",0.027823637999999987
1791660879.732,277.709,"ztreamer_head_reconcile_seconds_count{outcome=""success""}",77.0
1791660879.732,277.709,"sync_stage_duration_seconds{stage=""obtain_tips"",quantile=""1""}",6.002210487
1791660879.732,277.709,"sync_stage_duration_seconds_sum{stage=""obtain_tips""}",66.111375749
1791660879.732,277.709,"sync_stage_duration_seconds_count{stage=""obtain_tips""}",11.0
1791660881.733,279.709,ztreamer_pipeline_first_missing_height,nan
1791660881.733,279.709,"ztreamer_head_reconcile_seconds{outcome=""success"",quantile=""0.5""}",0.00034193153479410675
1791660881.733,279.709,"ztreamer_head_reconcile_seconds{outcome=""success"",quantile=""0.9""}",0.0004119123265143248
1791660881.733,279.709,"ztreamer_head_reconcile_seconds{outcome=""success"",quantile=""0.95""}",0.00042479662589364157
1791660881.733,279.709,"ztreamer_head_reconcile_seconds_sum{outcome=""success""}",0.028670394999999987
1791660881.733,279.709,"ztreamer_head_reconcile_seconds_count{outcome=""success""}",79.0
1791660883.733,281.709,ztreamer_pipeline_first_missing_height,nan
1791660883.733,281.709,"ztreamer_head_reconcile_seconds{outcome=""success"",quantile=""0.5""}",0.000342410574193752
1791660883.733,281.709,"ztreamer_head_reconcile_seconds{outcome=""success"",quantile=""0.9""}",0.00041588572666717425
1791660883.733,281.709,"ztreamer_head_reconcile_seconds_sum{outcome=""success""}",0.029474131999999986
1791660883.733,281.709,"ztreamer_head_reconcile_seconds_count{outcome=""success""}",81.0
1791660885.733,283.709,ztreamer_pipeline_first_missing_height,nan
1791660885.733,283.709,"ztreamer_head_reconcile_seconds{outcome=""success"",quantile=""0""}",0.000288992
1791660885.733,283.709,"ztreamer_head_reconcile_seconds{outcome=""success"",quantile=""0.5""}",0.0003556014305291163
1791660885.733,283.709,"ztreamer_head_reconcile_seconds{outcome=""success"",quantile=""0.9""}",0.0004173021446887182
1791660885.733,283.709,"ztreamer_head_reconcile_seconds{outcome=""success"",quantile=""0.99""}",0.00043242570321614033
1791660885.733,283.709,"ztreamer_head_reconcile_seconds{outcome=""success"",quantile=""0.999""}",0.00043242570321614033
1791660885.733,283.709,"ztreamer_head_reconcile_seconds{outcome=""success"",quantile=""1""}",0.000435746
1791660885.733,283.709,"ztreamer_head_reconcile_seconds_sum{outcome=""success""}",0.03028274699999999
1791660885.733,283.709,"ztreamer_head_reconcile_seconds_count{outcome=""success""}",83.0
1791660887.733,285.710,ztreamer_pipeline_first_missing_height,nan
1791660887.733,285.710,"ztreamer_head_reconcile_seconds{outcome=""success"",quantile=""0.5""}",0.00036206021093771704
1791660887.733,285.710,"ztreamer_head_reconcile_seconds_sum{outcome=""success""}",0.031087975999999986
1791660887.733,285.710,"ztreamer_head_reconcile_seconds_count{outcome=""success""}",85.0
1791660889.734,287.710,ztreamer_pipeline_first_missing_height,nan
1791660889.734,287.710,"ztreamer_head_reconcile_seconds_sum{outcome=""success""}",0.03185788799999999
1791660889.734,287.710,"ztreamer_head_reconcile_seconds_count{outcome=""success""}",87.0
1791660891.734,289.710,ztreamer_pipeline_first_missing_height,nan
1791660891.734,289.710,"ztreamer_head_reconcile_seconds{outcome=""success"",quantile=""0.5""}",0.00036256745021936873
1791660891.734,289.710,"ztreamer_head_reconcile_seconds{outcome=""success"",quantile=""0.9""}",0.00042250890650768786
1791660891.734,289.710,"ztreamer_head_reconcile_seconds_sum{outcome=""success""}",0.03266017099999999
1791660891.734,289.710,"ztreamer_head_reconcile_seconds_count{outcome=""success""}",89.0
1791660893.734,291.710,ztreamer_pipeline_first_missing_height,nan
1791660893.734,291.710,"ztreamer_head_reconcile_seconds{outcome=""success"",quantile=""0.5""}",0.00036606485845259816
1791660893.734,291.710,"ztreamer_head_reconcile_seconds_sum{outcome=""success""}",0.03344189499999999
1791660893.734,291.710,"ztreamer_head_reconcile_seconds_count{outcome=""success""}",91.0
1791660895.734,293.711,ztreamer_pipeline_first_missing_height,nan
1791660895.734,293.711,"ztreamer_head_reconcile_seconds{outcome=""success"",quantile=""0.5""}",0.00037115157110764583
1791660895.734,293.711,"ztreamer_head_reconcile_seconds{outcome=""success"",quantile=""0.9""}",0.0004173021446887182
1791660895.734,293.711,"ztreamer_head_reconcile_seconds_sum{outcome=""success""}",0.03423323699999999
1791660895.734,293.711,"ztreamer_head_reconcile_seconds_count{outcome=""success""}",93.0
1791660895.734,293.711,"sync_stage_duration_seconds_sum{stage=""obtain_tips""}",72.113189442
1791660895.734,293.711,"sync_stage_duration_seconds_count{stage=""obtain_tips""}",12.0
1791660897.734,295.711,ztreamer_pipeline_first_missing_height,nan
1791660897.734,295.711,"ztreamer_head_reconcile_seconds{outcome=""success"",quantile=""0.5""}",0.0003720434046534517
1791660897.734,295.711,"ztreamer_head_reconcile_seconds{outcome=""success"",quantile=""0.9""}",0.00042250890650768786
1791660897.734,295.711,"ztreamer_head_reconcile_seconds{outcome=""success"",quantile=""0.95""}",0.00042539175766691294
1791660897.734,295.711,"ztreamer_head_reconcile_seconds_sum{outcome=""success""}",0.035042883999999996
1791660897.734,295.711,"ztreamer_head_reconcile_seconds_count{outcome=""success""}",95.0
1791660899.735,297.711,ztreamer_pipeline_first_missing_height,nan
1791660899.735,297.711,"ztreamer_head_reconcile_seconds{outcome=""success"",quantile=""0.5""}",0.00037115157110764583
1791660899.735,297.711,"ztreamer_head_reconcile_seconds_sum{outcome=""success""}",0.035770803999999996
1791660899.735,297.711,"ztreamer_head_reconcile_seconds_count{outcome=""success""}",97.0
1791660899.735,297.711,"sync_stage_duration_seconds{stage=""obtain_tips"",quantile=""0""}",6.001813693
1791660901.735,299.711,ztreamer_pipeline_first_missing_height,nan
1791660901.735,299.711,"ztreamer_head_reconcile_seconds_sum{outcome=""success""}",0.036532139
1791660901.735,299.711,"ztreamer_head_reconcile_seconds_count{outcome=""success""}",99.0
1791660903.735,301.712,ztreamer_pipeline_first_missing_height,nan
1791660903.735,301.712,"ztreamer_head_reconcile_seconds{outcome=""success"",quantile=""0.5""}",0.0003720434046534517
1791660903.735,301.712,"ztreamer_head_reconcile_seconds_sum{outcome=""success""}",0.037347096
1791660903.735,301.712,"ztreamer_head_reconcile_seconds_count{outcome=""success""}",101.0
1791660905.735,303.712,ztreamer_pipeline_first_missing_height,nan
1791660905.735,303.712,"ztreamer_head_reconcile_seconds{outcome=""success"",quantile=""0.5""}",0.00037842220876665913
1791660905.735,303.712,"ztreamer_head_reconcile_seconds{outcome=""success"",quantile=""0.95""}",0.00042479662589364157
1791660905.735,303.712,"ztreamer_head_reconcile_seconds{outcome=""success"",quantile=""0.99""}",0.00042949518348385274
1791660905.735,303.712,"ztreamer_head_reconcile_seconds{outcome=""success"",quantile=""0.999""}",0.00042949518348385274
1791660905.735,303.712,"ztreamer_head_reconcile_seconds{outcome=""success"",quantile=""1""}",0.00043241
1791660905.735,303.712,"ztreamer_head_reconcile_seconds_sum{outcome=""success""}",0.038141975
1791660905.735,303.712,"ztreamer_head_reconcile_seconds_count{outcome=""success""}",103.0
1791660907.736,305.712,ztreamer_pipeline_first_missing_height,nan
1791660907.736,305.712,"ztreamer_head_reconcile_seconds{outcome=""success"",quantile=""0.5""}",0.00037948327575529654
1791660907.736,305.712,"ztreamer_head_reconcile_seconds_sum{outcome=""success""}",0.038941623
1791660907.736,305.712,"ztreamer_head_reconcile_seconds_count{outcome=""success""}",105.0
1791660909.736,307.712,ztreamer_pipeline_first_missing_height,nan
1791660909.736,307.712,"ztreamer_head_reconcile_seconds_sum{outcome=""success""}",0.039732772
1791660909.736,307.712,"ztreamer_head_reconcile_seconds_count{outcome=""success""}",107.0
1791660911.736,309.713,ztreamer_pipeline_first_missing_height,nan
1791660911.736,309.713,"ztreamer_head_reconcile_seconds{outcome=""success"",quantile=""0.5""}",0.00038047121604138553
1791660911.736,309.713,"ztreamer_head_reconcile_seconds_sum{outcome=""success""}",0.040518643
1791660911.736,309.713,"ztreamer_head_reconcile_seconds_count{outcome=""success""}",109.0
1791660911.736,309.713,"sync_stage_duration_seconds{stage=""obtain_tips"",quantile=""0""}",6.001672764
1791660911.736,309.713,"sync_stage_duration_seconds_sum{stage=""obtain_tips""}",78.11486220600001
1791660911.736,309.713,"sync_stage_duration_seconds_count{stage=""obtain_tips""}",13.0
1791660913.736,311.713,ztreamer_pipeline_first_missing_height,nan
1791660913.736,311.713,"ztreamer_head_reconcile_seconds{outcome=""success"",quantile=""0.5""}",0.0003807757147984967
1791660913.736,311.713,"ztreamer_head_reconcile_seconds_sum{outcome=""success""}",0.041310827
1791660913.736,311.713,"ztreamer_head_reconcile_seconds_count{outcome=""success""}",111.0
1791660915.737,313.713,ztreamer_pipeline_first_missing_height,nan
1791660915.737,313.713,"ztreamer_head_reconcile_seconds{outcome=""success"",quantile=""0.5""}",0.00038123291992599086
1791660915.737,313.713,"ztreamer_head_reconcile_seconds{outcome=""success"",quantile=""0.9""}",0.0004238631005679441
1791660915.737,313.713,"ztreamer_head_reconcile_seconds{outcome=""success"",quantile=""0.95""}",0.00042949518348385274
1791660915.737,313.713,"ztreamer_head_reconcile_seconds{outcome=""success"",quantile=""0.99""}",0.00043773360920403237
1791660915.737,313.713,"ztreamer_head_reconcile_seconds{outcome=""success"",quantile=""0.999""}",0.00043773360920403237
1791660915.737,313.713,"ztreamer_head_reconcile_seconds{outcome=""success"",quantile=""1""}",0.000439583
1791660915.737,313.713,"ztreamer_head_reconcile_seconds_sum{outcome=""success""}",0.042188139
1791660915.737,313.713,"ztreamer_head_reconcile_seconds_count{outcome=""success""}",113.0
1791660917.737,315.713,ztreamer_pipeline_first_missing_height,nan
1791660917.737,315.713,"ztreamer_head_reconcile_seconds_sum{outcome=""success""}",0.042954733999999994
1791660917.737,315.713,"ztreamer_head_reconcile_seconds_count{outcome=""success""}",115.0
1791660919.737,317.714,ztreamer_pipeline_first_missing_height,nan
1791660919.737,317.714,"ztreamer_head_reconcile_seconds{outcome=""success"",quantile=""0.5""}",0.00038391091241297666
1791660919.737,317.714,"ztreamer_head_reconcile_seconds{outcome=""success"",quantile=""0.9""}",0.00042539175766691294
1791660919.737,317.714,"ztreamer_head_reconcile_seconds{outcome=""success"",quantile=""0.95""}",0.00043773360920403237
1791660919.737,317.714,"ztreamer_head_reconcile_seconds{outcome=""success"",quantile=""0.99""}",0.0004395759565900911
1791660919.737,317.714,"ztreamer_head_reconcile_seconds{outcome=""success"",quantile=""0.999""}",0.0004395759565900911
1791660919.737,317.714,"ztreamer_head_reconcile_seconds{outcome=""success"",quantile=""1""}",0.000482174
1791660919.737,317.714,"ztreamer_head_reconcile_seconds_sum{outcome=""success""}",0.043875199
1791660919.737,317.714,"ztreamer_head_reconcile_seconds_count{outcome=""success""}",117.0
1791660921.738,319.714,ztreamer_pipeline_first_missing_height,nan
1791660921.738,319.714,"ztreamer_head_reconcile_seconds{outcome=""success"",quantile=""0.5""}",0.0003842181640281904
1791660921.738,319.714,"ztreamer_head_reconcile_seconds{outcome=""success"",quantile=""0.9""}",0.00043242570321614033
1791660921.738,319.714,"ztreamer_head_reconcile_seconds{outcome=""success"",quantile=""0.95""}",0.0004395759565900911
1791660921.738,319.714,"ztreamer_head_reconcile_seconds{outcome=""success"",quantile=""0.99""}",0.0004596248105085269
1791660921.738,319.714,"ztreamer_head_reconcile_seconds{outcome=""success"",quantile=""0.999""}",0.0004596248105085269
1791660921.738,319.714,"ztreamer_head_reconcile_seconds_sum{outcome=""success""}",0.04478297999999999
1791660921.738,319.714,"ztreamer_head_reconcile_seconds_count{outcome=""success""}",119.0
1791660923.738,321.714,ztreamer_pipeline_first_missing_height,nan
1791660923.738,321.714,"ztreamer_head_reconcile_seconds{outcome=""success"",quantile=""0.5""}",0.0003887010451886631
1791660923.738,321.714,"ztreamer_head_reconcile_seconds{outcome=""success"",quantile=""0.9""}",0.00043773360920403237
1791660923.738,321.714,"ztreamer_head_reconcile_seconds{outcome=""success"",quantile=""0.95""}",0.0004481869871036974
1791660923.738,321.714,"ztreamer_head_reconcile_seconds{outcome=""success"",quantile=""0.99""}",0.0004616516153823321
1791660923.738,321.714,"ztreamer_head_reconcile_seconds{outcome=""success"",quantile=""0.999""}",0.0004616516153823321
1791660923.738,321.714,"ztreamer_head_reconcile_seconds_sum{outcome=""success""}",0.045669430999999996
1791660923.738,321.714,"ztreamer_head_reconcile_seconds_count{outcome=""success""}",121.0
1791660925.738,323.715,ztreamer_pipeline_first_missing_height,nan
1791660925.738,323.715,"ztreamer_head_reconcile_seconds{outcome=""success"",quantile=""0""}",0.000357419
1791660925.738,323.715,"ztreamer_head_reconcile_seconds{outcome=""success"",quantile=""0.5""}",0.00040351373505228313
1791660925.738,323.715,"ztreamer_head_reconcile_seconds{outcome=""success"",quantile=""0.9""}",0.0004382592048311341
1791660925.738,323.715,"ztreamer_head_reconcile_seconds_sum{outcome=""success""}",0.046500287999999994
1791660925.738,323.715,"ztreamer_head_reconcile_seconds_count{outcome=""success""}",123.0
1791660927.738,325.715,ztreamer_pipeline_first_missing_height,nan
1791660927.738,325.715,"ztreamer_head_reconcile_seconds{outcome=""success"",quantile=""0""}",0.000345867
1791660927.738,325.715,"ztreamer_head_reconcile_seconds{outcome=""success"",quantile=""0.5""}",0.00040198329253639535
1791660927.738,325.715,"ztreamer_head_reconcile_seconds_sum{outcome=""success""}",0.04722173899999999
1791660927.738,325.715,"ztreamer_head_reconcile_seconds_count{outcome=""success""}",125.0
1791660927.738,325.715,"sync_stage_duration_seconds_sum{stage=""obtain_tips""}",84.11688586900001
1791660927.738,325.715,"sync_stage_duration_seconds_count{stage=""obtain_tips""}",14.0
