1791660628.887431 runnervmmprz5 zainod-0.10.1[3031]:   19:30:28.887  INFO zebra_state::service::finalized_state::disk_db: Opened Zebra state cache at /zbench/zebra/state/v28/testnet
1791660628.887431 runnervmmprz5 zainod-0.10.1[3031]:     at /home/runner/.cargo/registry/src/index.crates.io-1949cf8c6b5b557f/zebra-state-13.0.0/src/service/finalized_state/disk_db.rs:1073
1791660628.894196 runnervmmprz5 zainod-0.10.1[3031]:   19:30:28.894  INFO zaino_state::chain_index::validator_source: Chain syncer launched
1791660628.894196 runnervmmprz5 zainod-0.10.1[3031]:     at packages/zaino-state/src/chain_index/validator_source.rs:1190
1791660628.894196 runnervmmprz5 zainod-0.10.1[3031]:     in zaino_state::indexer::node_backed_indexer::NodeBackedIndexerService::spawn with network: PubTestnet
1791660628.903567 runnervmmprz5 zainod-0.10.1[3031]:   19:30:28.903  INFO zaino_state::chain_index::validator_source: ReadStateService synced with Zebra, height: 4382897, tip_hash: 00005894e6410b9d9524e38d725e6595ef4c8f85d4deb9e56b340751b0c3d678
1791660628.903567 runnervmmprz5 zainod-0.10.1[3031]:     at packages/zaino-state/src/chain_index/validator_source.rs:1219
1791660628.903567 runnervmmprz5 zainod-0.10.1[3031]:     in zaino_state::indexer::node_backed_indexer::NodeBackedIndexerService::spawn with network: PubTestnet
1791660628.903937 runnervmmprz5 zainod-0.10.1[3031]:   19:30:28.903  INFO zaino_state::indexer::node_backed_indexer: Connected to Zcash node, build: v6.4.2, subversion: /Zebra:6.4.2/
1791660628.903937 runnervmmprz5 zainod-0.10.1[3031]:     at packages/zaino-state/src/indexer/node_backed_indexer.rs:163
1791660628.903937 runnervmmprz5 zainod-0.10.1[3031]:     in zaino_state::indexer::node_backed_indexer::NodeBackedIndexerService::spawn with network: PubTestnet
1791660628.904987 runnervmmprz5 zainod-0.10.1[3031]:   19:30:28.904  INFO zaino_chain_store_zainodb::store: finalised state running in PERSISTENT mode, mode: persistent, path: /zbench/index/zaino-0.10.1
1791660628.904987 runnervmmprz5 zainod-0.10.1[3031]:     at packages/zaino-chain-store-zainodb/src/store.rs:674
1791660628.904987 runnervmmprz5 zainod-0.10.1[3031]:     in zaino_chain_store_zainodb::store::FinalisedState::spawn with db_version: 1
1791660628.904987 runnervmmprz5 zainod-0.10.1[3031]:     in zaino_state::indexer::node_backed_indexer::NodeBackedIndexerService::spawn with network: PubTestnet
1791660628.904987 runnervmmprz5 zainod-0.10.1[3031]:   19:30:28.904  INFO zaino_chain_store_zainodb::store: Creating new FinalisedState, version: 1.3.0
1791660628.904987 runnervmmprz5 zainod-0.10.1[3031]:     at packages/zaino-chain-store-zainodb/src/store.rs:710
1791660628.904987 runnervmmprz5 zainod-0.10.1[3031]:     in zaino_chain_store_zainodb::store::FinalisedState::spawn with db_version: 1
1791660628.904987 runnervmmprz5 zainod-0.10.1[3031]:     in zaino_state::indexer::node_backed_indexer::NodeBackedIndexerService::spawn with network: PubTestnet
1791660628.904987 runnervmmprz5 zainod-0.10.1[3031]:   19:30:28.904  INFO zaino_chain_store_zainodb::store::finalised_source::v1: Launching FinalisedState
1791660628.904987 runnervmmprz5 zainod-0.10.1[3031]:     at packages/zaino-chain-store-zainodb/src/store/finalised_source/v1.rs:510
1791660628.904987 runnervmmprz5 zainod-0.10.1[3031]:     in zaino_chain_store_zainodb::store::FinalisedState::spawn with db_version: 1
1791660628.904987 runnervmmprz5 zainod-0.10.1[3031]:     in zaino_state::indexer::node_backed_indexer::NodeBackedIndexerService::spawn with network: PubTestnet
1791660628.923917 runnervmmprz5 zainod-0.10.1[3031]:   19:30:28.917  INFO zaino_chain_store_zainodb::store::finalised_source::v1: validating finalised-state spent table integrity
1791660628.923917 runnervmmprz5 zainod-0.10.1[3031]:     at packages/zaino-chain-store-zainodb/src/store/finalised_source/v1.rs:814
1791660628.923917 runnervmmprz5 zainod-0.10.1[3031]:   19:30:28.918  INFO zaino_chain_store_zainodb::store::finalised_source::v1: finalised-state spent table integrity check passed, entries: 0, elapsed: 1.452µs
1791660628.923917 runnervmmprz5 zainod-0.10.1[3031]:     at packages/zaino-chain-store-zainodb/src/store/finalised_source/v1.rs:869
1791660628.923917 runnervmmprz5 zainod-0.10.1[3031]:   19:30:28.918  INFO zaino_chain_store_zainodb::store::finalised_source::v1: initial validation complete, tip: 0
1791660628.923917 runnervmmprz5 zainod-0.10.1[3031]:     at packages/zaino-chain-store-zainodb/src/store/finalised_source/v1.rs:720
1791660628.926943 runnervmmprz5 zainod-0.10.1[3031]:   19:30:28.926  INFO zaino_chain_head_service::service: ChainHead anchored, height: 4381896, hash: 0000088efe68e57c60d1a86042e1fba77452a1726b70cb47a29e9b49d95fbb44
1791660628.926943 runnervmmprz5 zainod-0.10.1[3031]:     at packages/zaino-chain-head-service/src/service.rs:226
1791660628.926943 runnervmmprz5 zainod-0.10.1[3031]:     in zaino_chain_head_service::service::ChainHeadService::spawn with max_depth: 1001
1791660628.926943 runnervmmprz5 zainod-0.10.1[3031]:     in zaino_state::indexer::node_backed_indexer::NodeBackedIndexerService::spawn with network: PubTestnet
1791660628.930630 runnervmmprz5 zainod-0.10.1[3031]:   19:30:28.929  INFO zaino_state::chain_index: Starting ChainIndex sync loop
1791660628.930630 runnervmmprz5 zainod-0.10.1[3031]:     at packages/zaino-state/src/chain_index.rs:942
1791660628.930630 runnervmmprz5 zainod-0.10.1[3031]:     in zaino_state::chain_index::ChainIndex::start_sync_loop
1791660628.930630 runnervmmprz5 zainod-0.10.1[3031]:     in zaino_state::indexer::node_backed_indexer::NodeBackedIndexerService::spawn with network: PubTestnet
1791660628.930630 runnervmmprz5 zainod-0.10.1[3031]:   19:30:28.929  INFO zaino_chain_store_zainodb::store::router: finalised state online: reads are now served by the persistent database, mode: persistent
1791660628.930630 runnervmmprz5 zainod-0.10.1[3031]:     at packages/zaino-chain-store-zainodb/src/store/router.rs:476
1791660628.930630 runnervmmprz5 zainod-0.10.1[3031]:     in zaino_state::indexer::node_backed_indexer::NodeBackedIndexerService::spawn with network: PubTestnet
1791660628.930630 runnervmmprz5 zainod-0.10.1[3031]:   19:30:28.929  INFO zaino_chain_store_zainodb::store::router: finalised state switched to the ephemeral passthrough: reads are served from the backing validator, NOT the persistent database, until sync/migration completes, requested_mode: ReadOnly, mode: ephemeral(syncing)
1791660628.930630 runnervmmprz5 zainod-0.10.1[3031]:     at packages/zaino-chain-store-zainodb/src/store/router.rs:677
1791660628.930630 runnervmmprz5 zainod-0.10.1[3031]:   19:30:28.930  INFO zaino_chain_store_zainodb::store::finalised_source::v1::write_core: write_blocks_to_height: syncing finalised blocks, start_height: 0, target: 4381896, zebra_network: Testnet
1791660628.930630 runnervmmprz5 zainod-0.10.1[3031]:     at packages/zaino-chain-store-zainodb/src/store/finalised_source/v1/write_core.rs:466
1791660628.930630 runnervmmprz5 zainod-0.10.1[3031]:   19:30:28.930  INFO zaino_chain_head_service::service: Syncing block, height: 4381897, hash: 00000193d29cf382fbd5a069dfe0fef68149cd12f822ff941d8f5380e02740ec
1791660628.930630 runnervmmprz5 zainod-0.10.1[3031]:     at packages/zaino-chain-head-service/src/service.rs:478
1791660628.930630 runnervmmprz5 zainod-0.10.1[3031]:     in zaino_chain_head_service::service::ChainHeadService::tick
1791660628.938924 runnervmmprz5 zainod-0.10.1[3031]:   19:30:28.938  INFO zaino_chain_head_service::service: Syncing block, height: 4381898, hash: 00000372db84b6cfc353287145fc57cb0d0cf28f32312ad9faeee9f7ad020ab8
1791660628.938924 runnervmmprz5 zainod-0.10.1[3031]:     at packages/zaino-chain-head-service/src/service.rs:478
1791660628.938924 runnervmmprz5 zainod-0.10.1[3031]:     in zaino_chain_head_service::service::ChainHeadService::tick
1791660628.939696 runnervmmprz5 zainod-0.10.1[3031]:   19:30:28.939  INFO zaino_chain_head_service::service: Syncing block, height: 4381899, hash: 00000ca30e2777304cad7a88a347f4cca2c53a4ea41b429b80627e6f94f4de0c
1791660628.939696 runnervmmprz5 zainod-0.10.1[3031]:     at packages/zaino-chain-head-service/src/service.rs:478
1791660628.939696 runnervmmprz5 zainod-0.10.1[3031]:     in zaino_chain_head_service::service::ChainHeadService::tick
1791660628.942242 runnervmmprz5 zainod-0.10.1[3031]:   19:30:28.940  INFO zaino_chain_head_service::service: Syncing block, height: 4381900, hash: 00000390f85bc7f84c00d291a15d276b166cc447e419f5166843991220004b81
1791660628.942242 runnervmmprz5 zainod-0.10.1[3031]:     at packages/zaino-chain-head-service/src/service.rs:478
1791660628.942242 runnervmmprz5 zainod-0.10.1[3031]:     in zaino_chain_head_service::service::ChainHeadService::tick
1791660628.942242 runnervmmprz5 zainod-0.10.1[3031]:   19:30:28.941  INFO zaino_chain_head_service::service: Syncing block, height: 4381901, hash: 00000b333b7134dedf73796241745889fee3cc794801b7179a160d784bb1b820
1791660628.942242 runnervmmprz5 zainod-0.10.1[3031]:     at packages/zaino-chain-head-service/src/service.rs:478
1791660628.942242 runnervmmprz5 zainod-0.10.1[3031]:     in zaino_chain_head_service::service::ChainHeadService::tick
1791660628.951602 runnervmmprz5 zainod-0.10.1[3031]:   19:30:28.942  INFO zaino_chain_head_service::service: Syncing block, height: 4381902, hash: 00000fd616b6cb785e9093ee8c5f1a7a5182c56ea4b36892f5af0c4438b32a9f
1791660628.951602 runnervmmprz5 zainod-0.10.1[3031]:     at packages/zaino-chain-head-service/src/service.rs:478
1791660628.951602 runnervmmprz5 zainod-0.10.1[3031]:     in zaino_chain_head_service::service::ChainHeadService::tick
1791660628.974944 runnervmmprz5 zainod-0.10.1[3031]:   19:30:28.955  INFO zaino_chain_head_service::service: Syncing block, height: 4381903, hash: 00000f399798815b1050545e142815a370f32395acd4da7b7168c0ee4e0d19f0
1791660628.974944 runnervmmprz5 zainod-0.10.1[3031]:     at packages/zaino-chain-head-service/src/service.rs:478
1791660628.974944 runnervmmprz5 zainod-0.10.1[3031]:     in zaino_chain_head_service::service::ChainHeadService::tick
1791660628.974944 runnervmmprz5 zainod-0.10.1[3031]:   19:30:28.959  INFO zaino_chain_head_service::service: Syncing block, height: 4381904, hash: 00000316a735c66d176e6ef2bc7bb3891b320381c09fe0a323474927962f024c
1791660628.974944 runnervmmprz5 zainod-0.10.1[3031]:     at packages/zaino-chain-head-service/src/service.rs:478
1791660628.974944 runnervmmprz5 zainod-0.10.1[3031]:     in zaino_chain_head_service::service::ChainHeadService::tick
1791660628.974944 runnervmmprz5 zainod-0.10.1[3031]:   19:30:28.961  INFO zaino_chain_head_service::service: Syncing block, height: 4381905, hash: 0000083402e5365c2a47c7e939c582597556e938ffcca68624f9f8df5704252f
1791660628.974944 runnervmmprz5 zainod-0.10.1[3031]:     at packages/zaino-chain-head-service/src/service.rs:478
1791660628.974944 runnervmmprz5 zainod-0.10.1[3031]:     in zaino_chain_head_service::service::ChainHeadService::tick
1791660628.974944 runnervmmprz5 zainod-0.10.1[3031]:   19:30:28.963  INFO zaino_chain_head_service::service: Syncing block, height: 4381906, hash: 0000103586d8709d278a23514985062d6f2e19921f5f6f59468268fbd3fd31e3
1791660628.974944 runnervmmprz5 zainod-0.10.1[3031]:     at packages/zaino-chain-head-service/src/service.rs:478
1791660628.974944 runnervmmprz5 zainod-0.10.1[3031]:     in zaino_chain_head_service::service::ChainHeadService::tick
1791660628.974944 runnervmmprz5 zainod-0.10.1[3031]:   19:30:28.965  INFO zaino_chain_head_service::service: Syncing block, height: 4381907, hash: 00000c9e414ec98336a15e68a5b97298a719be39730115b29f3ac05ead81a702
1791660628.974944 runnervmmprz5 zainod-0.10.1[3031]:     at packages/zaino-chain-head-service/src/service.rs:478
1791660628.974944 runnervmmprz5 zainod-0.10.1[3031]:     in zaino_chain_head_service::service::ChainHeadService::tick
1791660628.977494 runnervmmprz5 zainod-0.10.1[3031]:   19:30:28.976  INFO zaino_chain_head_service::service: Syncing block, height: 4381908, hash: 00000b0a866ff0cadd2743731151ab4dfc319bdb22d3b59ffbed996a95ba073b
1791660628.977494 runnervmmprz5 zainod-0.10.1[3031]:     at packages/zaino-chain-head-service/src/service.rs:478
1791660628.977494 runnervmmprz5 zainod-0.10.1[3031]:     in zaino_chain_head_service::service::ChainHeadService::tick
1791660628.977494 runnervmmprz5 zainod-0.10.1[3031]:   19:30:28.977  INFO zaino_chain_head_service::service: Syncing block, height: 4381909, hash: 000006a8747bfa83aca960f9216ace93c127ab9653e3c2f52f04ec9915b95b6d
1791660628.977494 runnervmmprz5 zainod-0.10.1[3031]:     at packages/zaino-chain-head-service/src/service.rs:478
1791660628.977494 runnervmmprz5 zainod-0.10.1[3031]:     in zaino_chain_head_service::service::ChainHeadService::tick
1791660628.977813 runnervmmprz5 zainod-0.10.1[3031]:   19:30:28.977  INFO zaino_chain_head_service::service: Syncing block, height: 4381910, hash: 00000f0fe76dfbb9b7a9f5565a5c185a3ba4178a9254194ff0656e6f55ab3c89
1791660628.977813 runnervmmprz5 zainod-0.10.1[3031]:     at packages/zaino-chain-head-service/src/service.rs:478
1791660628.977813 runnervmmprz5 zainod-0.10.1[3031]:     in zaino_chain_head_service::service::ChainHeadService::tick
1791660628.980069 runnervmmprz5 zainod-0.10.1[3031]:   19:30:28.978  INFO zaino_chain_head_service::service: Syncing block, height: 4381911, hash: 00000cb08ba0ee29e5ff64adb6cfd9a5342084397ff155e4975fc719750f7df3
1791660628.980069 runnervmmprz5 zainod-0.10.1[3031]:     at packages/zaino-chain-head-service/src/service.rs:478
1791660628.980069 runnervmmprz5 zainod-0.10.1[3031]:     in zaino_chain_head_service::service::ChainHeadService::tick
1791660628.980069 runnervmmprz5 zainod-0.10.1[3031]:   19:30:28.978  INFO zaino_chain_head_service::service: Syncing block, height: 4381912, hash: 0000035e892e22dbe05c029bc8b75db7e567e66071a6955efbb0540b2d87175a
1791660628.980069 runnervmmprz5 zainod-0.10.1[3031]:     at packages/zaino-chain-head-service/src/service.rs:478
1791660628.980069 runnervmmprz5 zainod-0.10.1[3031]:     in zaino_chain_head_service::service::ChainHeadService::tick
1791660628.994190 runnervmmprz5 zainod-0.10.1[3031]:   19:30:28.993  INFO zaino_chain_head_service::service: Syncing block, height: 4381913, hash: 000010b4146565530ba926718e541047295ab2375998166f6288c81c71c005bb
1791660628.994190 runnervmmprz5 zainod-0.10.1[3031]:     at packages/zaino-chain-head-service/src/service.rs:478
1791660628.994190 runnervmmprz5 zainod-0.10.1[3031]:     in zaino_chain_head_service::service::ChainHeadService::tick
1791660628.994472 runnervmmprz5 zainod-0.10.1[3031]:   19:30:28.994  INFO zaino_chain_head_service::service: Syncing block, height: 4381914, hash: 00000163d83e469b2e73a26d94024e6eab6f3fa1c2e3bc8567359efbf5f2ff1c
1791660628.994472 runnervmmprz5 zainod-0.10.1[3031]:     at packages/zaino-chain-head-service/src/service.rs:478
1791660628.994472 runnervmmprz5 zainod-0.10.1[3031]:     in zaino_chain_head_service::service::ChainHeadService::tick
1791660629.001720 runnervmmprz5 zainod-0.10.1[3031]:   19:30:28.997  INFO zaino_chain_head_service::service: Syncing block, height: 4381915, hash: 009b33e2137b89c15471b5b3de98238ae177fbbde0aac875eda8f7fb7e3d9be1
1791660629.001720 runnervmmprz5 zainod-0.10.1[3031]:     at packages/zaino-chain-head-service/src/service.rs:478
1791660629.001720 runnervmmprz5 zainod-0.10.1[3031]:     in zaino_chain_head_service::service::ChainHeadService::tick
1791660629.001720 runnervmmprz5 zainod-0.10.1[3031]:   19:30:28.998  INFO zaino_chain_head_service::service: Syncing block, height: 4381916, hash: 003fbe369191f7b2860d054259a4fb7d6eec33053726f35e9b4f1d71a44719d4
1791660629.001720 runnervmmprz5 zainod-0.10.1[3031]:     at packages/zaino-chain-head-service/src/service.rs:478
1791660629.001720 runnervmmprz5 zainod-0.10.1[3031]:     in zaino_chain_head_service::service::ChainHeadService::tick
1791660629.001720 runnervmmprz5 zainod-0.10.1[3031]:   19:30:28.999  INFO zaino_chain_head_service::service: Syncing block, height: 4381917, hash: 000055a304da5a235cd8e726526e00c7451df66716b21dff70b80c800f1f96aa
1791660629.001720 runnervmmprz5 zainod-0.10.1[3031]:     at packages/zaino-chain-head-service/src/service.rs:478
1791660629.001720 runnervmmprz5 zainod-0.10.1[3031]:     in zaino_chain_head_service::service::ChainHeadService::tick
1791660629.001720 runnervmmprz5 zainod-0.10.1[3031]:   19:30:29.000  INFO zaino_chain_head_service::service: Syncing block, height: 4381918, hash: 004c883c8f14e7b17975a82b5c0993f27a01cca37d475ab1ca0c7a4659088bb5
1791660629.001720 runnervmmprz5 zainod-0.10.1[3031]:     at packages/zaino-chain-head-service/src/service.rs:478
1791660629.001720 runnervmmprz5 zainod-0.10.1[3031]:     in zaino_chain_head_service::service::ChainHeadService::tick
1791660629.001720 runnervmmprz5 zainod-0.10.1[3031]:   19:30:29.001  INFO zaino_chain_head_service::service: Syncing block, height: 4381919, hash: 00563a1f7ad038ff90dc4357a3d297e1e7014fbf121667f87d86222026c4afaa
1791660629.001720 runnervmmprz5 zainod-0.10.1[3031]:     at packages/zaino-chain-head-service/src/service.rs:478
1791660629.001720 runnervmmprz5 zainod-0.10.1[3031]:     in zaino_chain_head_service::service::ChainHeadService::tick
1791660629.003473 runnervmmprz5 zainod-0.10.1[3031]:   19:30:29.003  INFO zaino_chain_head_service::service: Syncing block, height: 4381920, hash: 003833323ff8cf69f91108c18371fc13a13aa508e72f2501b984a61649b9466f
1791660629.003473 runnervmmprz5 zainod-0.10.1[3031]:     at packages/zaino-chain-head-service/src/service.rs:478
1791660629.003473 runnervmmprz5 zainod-0.10.1[3031]:     in zaino_chain_head_service::service::ChainHeadService::tick
1791660629.005510 runnervmmprz5 zainod-0.10.1[3031]:   19:30:29.005  INFO zaino_chain_head_service::service: Syncing block, height: 4381921, hash: 001cfdbb9228de4e5e304e9f4f25cff15327834f55b71adb211d21e1e51497ce
1791660629.005510 runnervmmprz5 zainod-0.10.1[3031]:     at packages/zaino-chain-head-service/src/service.rs:478
1791660629.005510 runnervmmprz5 zainod-0.10.1[3031]:     in zaino_chain_head_service::service::ChainHeadService::tick
1791660629.008192 runnervmmprz5 zainod-0.10.1[3031]:   19:30:29.008  INFO zaino_chain_head_service::service: Syncing block, height: 4381922, hash: 00525eb30f0cc2945cbf157827c936f169082122ddb457adb7097a009eb72600
1791660629.008192 runnervmmprz5 zainod-0.10.1[3031]:     at packages/zaino-chain-head-service/src/service.rs:478
1791660629.008192 runnervmmprz5 zainod-0.10.1[3031]:     in zaino_chain_head_service::service::ChainHeadService::tick
1791660629.010359 runnervmmprz5 zainod-0.10.1[3031]:   19:30:29.010  INFO zaino_chain_head_service::service: Syncing block, height: 4381923, hash: 009992058c7eb975cfb8e06f28aa3a704f70153807b662210e2b0cd42807aff2
1791660629.010359 runnervmmprz5 zainod-0.10.1[3031]:     at packages/zaino-chain-head-service/src/service.rs:478
1791660629.010359 runnervmmprz5 zainod-0.10.1[3031]:     in zaino_chain_head_service::service::ChainHeadService::tick
1791660629.012084 runnervmmprz5 zainod-0.10.1[3031]:   19:30:29.012  INFO zaino_chain_head_service::service: Syncing block, height: 4381924, hash: 00002fb5c9cf2b3dff846b3665e90fcdab51cea0db14b4efa41ee23da48550d6
1791660629.012084 runnervmmprz5 zainod-0.10.1[3031]:     at packages/zaino-chain-head-service/src/service.rs:478
1791660629.012084 runnervmmprz5 zainod-0.10.1[3031]:     in zaino_chain_head_service::service::ChainHeadService::tick
1791660629.013658 runnervmmprz5 zainod-0.10.1[3031]:   19:30:29.013  INFO zaino_chain_head_service::service: Syncing block, height: 4381925, hash: 0012f64e27ae4333f9057c12a68645c9c52d7351a888b723189723ab575335ca
1791660629.013658 runnervmmprz5 zainod-0.10.1[3031]:     at packages/zaino-chain-head-service/src/service.rs:478
1791660629.013658 runnervmmprz5 zainod-0.10.1[3031]:     in zaino_chain_head_service::service::ChainHeadService::tick
1791660629.014895 runnervmmprz5 zainod-0.10.1[3031]:   19:30:29.014  INFO zaino_chain_head_service::service: Syncing block, height: 4381926, hash: 003a0babd6718d94bf4d0559ebec1235f4d81f7075297205480e4fbadb9a31e9
1791660629.014895 runnervmmprz5 zainod-0.10.1[3031]:     at packages/zaino-chain-head-service/src/service.rs:478
1791660629.014895 runnervmmprz5 zainod-0.10.1[3031]:     in zaino_chain_head_service::service::ChainHeadService::tick
1791660629.016780 runnervmmprz5 zainod-0.10.1[3031]:   19:30:29.016  INFO zaino_chain_head_service::service: Syncing block, height: 4381927, hash: 00c8082e4868985a759c5c99a6ceb8a2537aad5e0e4fd8432cb51575b60b358d
1791660629.016780 runnervmmprz5 zainod-0.10.1[3031]:     at packages/zaino-chain-head-service/src/service.rs:478
1791660629.016780 runnervmmprz5 zainod-0.10.1[3031]:     in zaino_chain_head_service::service::ChainHeadService::tick
1791660629.017634 runnervmmprz5 zainod-0.10.1[3031]:   19:30:29.017  INFO zaino_chain_head_service::service: Syncing block, height: 4381928, hash: 00281a468ea70911dd449d52783a8b030c7d1324e3d8f23494669ae323f9e9df
1791660629.017634 runnervmmprz5 zainod-0.10.1[3031]:     at packages/zaino-chain-head-service/src/service.rs:478
1791660629.017634 runnervmmprz5 zainod-0.10.1[3031]:     in zaino_chain_head_service::service::ChainHeadService::tick
1791660629.020027 runnervmmprz5 zainod-0.10.1[3031]:   19:30:29.019  INFO zaino_chain_head_service::service: Syncing block, height: 4381929, hash: 00510f813b05ccc3c25b4cc11678ffd21b01d56c71f5b233e0788e7d27f41c29
1791660629.020027 runnervmmprz5 zainod-0.10.1[3031]:     at packages/zaino-chain-head-service/src/service.rs:478
1791660629.020027 runnervmmprz5 zainod-0.10.1[3031]:     in zaino_chain_head_service::service::ChainHeadService::tick
1791660629.035147 runnervmmprz5 zainod-0.10.1[3031]:   19:30:29.035  INFO zaino_chain_head_service::service: Syncing block, height: 4381930, hash: 00dc0f537daaee215c194f75eedaca7e879a296f8337db724f8b11afe069e28b
1791660629.035147 runnervmmprz5 zainod-0.10.1[3031]:     at packages/zaino-chain-head-service/src/service.rs:478
1791660629.035147 runnervmmprz5 zainod-0.10.1[3031]:     in zaino_chain_head_service::service::ChainHeadService::tick
1791660629.036256 runnervmmprz5 zainod-0.10.1[3031]:   19:30:29.036  INFO zaino_chain_head_service::service: Syncing block, height: 4381931, hash: 00a8b36d2900510aa31ad93d0b8ce03fe689a9d484b801fc21270cd3a0b7a00b
1791660629.036256 runnervmmprz5 zainod-0.10.1[3031]:     at packages/zaino-chain-head-service/src/service.rs:478
1791660629.036256 runnervmmprz5 zainod-0.10.1[3031]:     in zaino_chain_head_service::service::ChainHeadService::tick
1791660629.037932 runnervmmprz5 zainod-0.10.1[3031]:   19:30:29.037  INFO zaino_chain_head_service::service: Syncing block, height: 4381932, hash: 0021b66718e2a0c1fe0f4e0ce1c491656d4fdca592fcb99c8e8c3262fc64d51d
1791660629.037932 runnervmmprz5 zainod-0.10.1[3031]:     at packages/zaino-chain-head-service/src/service.rs:478
1791660629.037932 runnervmmprz5 zainod-0.10.1[3031]:     in zaino_chain_head_service::service::ChainHeadService::tick
1791660629.038716 runnervmmprz5 zainod-0.10.1[3031]:   19:30:29.038  INFO zaino_chain_head_service::service: Syncing block, height: 4381933, hash: 00327c603362c358a70297b43f1cd48de8439575c52cae2a617777727f42c71f
1791660629.038716 runnervmmprz5 zainod-0.10.1[3031]:     at packages/zaino-chain-head-service/src/service.rs:478
1791660629.038716 runnervmmprz5 zainod-0.10.1[3031]:     in zaino_chain_head_service::service::ChainHeadService::tick
1791660629.040523 runnervmmprz5 zainod-0.10.1[3031]:   19:30:29.040  INFO zaino_chain_head_service::service: Syncing block, height: 4381934, hash: 005f21a60fa9874027471b7de776cd9bc4ad9b2d846c3ef29289b5c9f451fa82
1791660629.040523 runnervmmprz5 zainod-0.10.1[3031]:     at packages/zaino-chain-head-service/src/service.rs:478
1791660629.040523 runnervmmprz5 zainod-0.10.1[3031]:     in zaino_chain_head_service::service::ChainHeadService::tick
1791660629.041471 runnervmmprz5 zainod-0.10.1[3031]:   19:30:29.041  INFO zaino_chain_head_service::service: Syncing block, height: 4381935, hash: 0001013552b48e32b166480424eb914c0b1723b96de5b6ff885f4c38504fbb38
1791660629.041471 runnervmmprz5 zainod-0.10.1[3031]:     at packages/zaino-chain-head-service/src/service.rs:478
1791660629.041471 runnervmmprz5 zainod-0.10.1[3031]:     in zaino_chain_head_service::service::ChainHeadService::tick
1791660629.043644 runnervmmprz5 zainod-0.10.1[3031]:   19:30:29.043  INFO zaino_chain_head_service::service: Syncing block, height: 4381936, hash: 00003608db94a48e0c218c2e72e4704b9451fccb51f8be454a0bd8f9539e07e2
1791660629.043644 runnervmmprz5 zainod-0.10.1[3031]:     at packages/zaino-chain-head-service/src/service.rs:478
1791660629.043644 runnervmmprz5 zainod-0.10.1[3031]:     in zaino_chain_head_service::service::ChainHeadService::tick
1791660629.044795 runnervmmprz5 zainod-0.10.1[3031]:   19:30:29.044  INFO zaino_chain_head_service::service: Syncing block, height: 4381937, hash: 001dcb7afaaa0488c2c53f56df85fc9881af58fb57443989753652d311e00f03
1791660629.044795 runnervmmprz5 zainod-0.10.1[3031]:     at packages/zaino-chain-head-service/src/service.rs:478
1791660629.044795 runnervmmprz5 zainod-0.10.1[3031]:     in zaino_chain_head_service::service::ChainHeadService::tick
1791660629.046440 runnervmmprz5 zainod-0.10.1[3031]:   19:30:29.046  INFO zaino_chain_head_service::service: Syncing block, height: 4381938, hash: 002b82ca3efff0defaa2db876f18d05a5bc7a6eb34b2a8f082dd34758a315913
1791660629.046440 runnervmmprz5 zainod-0.10.1[3031]:     at packages/zaino-chain-head-service/src/service.rs:478
1791660629.046440 runnervmmprz5 zainod-0.10.1[3031]:     in zaino_chain_head_service::service::ChainHeadService::tick
1791660629.047483 runnervmmprz5 zainod-0.10.1[3031]:   19:30:29.047  INFO zaino_chain_head_service::service: Syncing block, height: 4381939, hash: 0026f63c48be2c37ae9372c293522cc119e8d02ccbf6899040a752041a2b3c2b
1791660629.047483 runnervmmprz5 zainod-0.10.1[3031]:     at packages/zaino-chain-head-service/src/service.rs:478
1791660629.047483 runnervmmprz5 zainod-0.10.1[3031]:     in zaino_chain_head_service::service::ChainHeadService::tick
1791660629.048322 runnervmmprz5 zainod-0.10.1[3031]:   19:30:29.048  INFO zaino_chain_head_service::service: Syncing block, height: 4381940, hash: 007617421006ad8eb2bfc1ff0bdaf5e9cb154681aa1bde0865034cb430f8ea63
1791660629.048322 runnervmmprz5 zainod-0.10.1[3031]:     at packages/zaino-chain-head-service/src/service.rs:478
1791660629.048322 runnervmmprz5 zainod-0.10.1[3031]:     in zaino_chain_head_service::service::ChainHeadService::tick
1791660629.051383 runnervmmprz5 zainod-0.10.1[3031]:   19:30:29.051  INFO zaino_chain_head_service::service: Syncing block, height: 4381941, hash: 00007dbb008f8fef9f19f8d5f6f987e1ae20e43fb07b6f7299aa1674363b1f00
1791660629.051383 runnervmmprz5 zainod-0.10.1[3031]:     at packages/zaino-chain-head-service/src/service.rs:478
1791660629.051383 runnervmmprz5 zainod-0.10.1[3031]:     in zaino_chain_head_service::service::ChainHeadService::tick
1791660629.052586 runnervmmprz5 zainod-0.10.1[3031]:   19:30:29.052  INFO zaino_chain_head_service::service: Syncing block, height: 4381942, hash: 007d9644394edc5a9c3ace32260c038409fd4719eede84a255409e5b40e899d5
1791660629.052586 runnervmmprz5 zainod-0.10.1[3031]:     at packages/zaino-chain-head-service/src/service.rs:478
1791660629.052586 runnervmmprz5 zainod-0.10.1[3031]:     in zaino_chain_head_service::service::ChainHeadService::tick
1791660629.054330 runnervmmprz5 zainod-0.10.1[3031]:   19:30:29.054  INFO zaino_chain_head_service::service: Syncing block, height: 4381943, hash: 000048983b047431d5c69c39cbe17fd719fba0b64eef8301225d6904de2c5926
1791660629.054330 runnervmmprz5 zainod-0.10.1[3031]:     at packages/zaino-chain-head-service/src/service.rs:478
1791660629.054330 runnervmmprz5 zainod-0.10.1[3031]:     in zaino_chain_head_service::service::ChainHeadService::tick
1791660629.056087 runnervmmprz5 zainod-0.10.1[3031]:   19:30:29.056  INFO zaino_chain_head_service::service: Syncing block, height: 4381944, hash: 009526b547757b379f875e7dbc89448b16a867aa72bd734bfdcd61ddf16d40cd
1791660629.056087 runnervmmprz5 zainod-0.10.1[3031]:     at packages/zaino-chain-head-service/src/service.rs:478
1791660629.056087 runnervmmprz5 zainod-0.10.1[3031]:     in zaino_chain_head_service::service::ChainHeadService::tick
1791660629.056659 runnervmmprz5 zainod-0.10.1[3031]:   19:30:29.056  INFO zaino_chain_head_service::service: Syncing block, height: 4381945, hash: 0000248b719687f77c06859737db9801ad3f89ef5dd383b4cc8e0c26a2e1be21
1791660629.056659 runnervmmprz5 zainod-0.10.1[3031]:     at packages/zaino-chain-head-service/src/service.rs:478
1791660629.056659 runnervmmprz5 zainod-0.10.1[3031]:     in zaino_chain_head_service::service::ChainHeadService::tick
1791660629.057960 runnervmmprz5 zainod-0.10.1[3031]:   19:30:29.057  INFO zaino_chain_head_service::service: Syncing block, height: 4381946, hash: 0024d2101411a798b94e221b33958c83e7860e08609673323684f3b5ebd89650
1791660629.057960 runnervmmprz5 zainod-0.10.1[3031]:     at packages/zaino-chain-head-service/src/service.rs:478
1791660629.057960 runnervmmprz5 zainod-0.10.1[3031]:     in zaino_chain_head_service::service::ChainHeadService::tick
1791660629.069810 runnervmmprz5 zainod-0.10.1[3031]:   19:30:29.069  INFO zaino_chain_head_service::service: Syncing block, height: 4381947, hash: 00911e47acd3287ff969fff377fdca795b2928d23de8d1766ad484f7ef4f3ffd
1791660629.069810 runnervmmprz5 zainod-0.10.1[3031]:     at packages/zaino-chain-head-service/src/service.rs:478
1791660629.069810 runnervmmprz5 zainod-0.10.1[3031]:     in zaino_chain_head_service::service::ChainHeadService::tick
1791660629.070360 runnervmmprz5 zainod-0.10.1[3031]:   19:30:29.070  INFO zaino_chain_head_service::service: Syncing block, height: 4381948, hash: 007a3738fa21017868f7e08c96d1102cdc7b9021e3bd59e5d4d1e7984f132ff9
1791660629.070360 runnervmmprz5 zainod-0.10.1[3031]:     at packages/zaino-chain-head-service/src/service.rs:478
1791660629.070360 runnervmmprz5 zainod-0.10.1[3031]:     in zaino_chain_head_service::service::ChainHeadService::tick
1791660629.072739 runnervmmprz5 zainod-0.10.1[3031]:   19:30:29.072  INFO zaino_chain_head_service::service: Syncing block, height: 4381949, hash: 0023c2e3382c11e774d84aefa9db0e97b7141581101ba1fcb636a8872b875ff9
1791660629.072739 runnervmmprz5 zainod-0.10.1[3031]:     at packages/zaino-chain-head-service/src/service.rs:478
1791660629.072739 runnervmmprz5 zainod-0.10.1[3031]:     in zaino_chain_head_service::service::ChainHeadService::tick
1791660629.073827 runnervmmprz5 zainod-0.10.1[3031]:   19:30:29.073  INFO zaino_chain_head_service::service: Syncing block, height: 4381950, hash: 0066a875253781c995688a5f8c16e228fb4d135b3f7e7176bd35be4e5278242b
1791660629.073827 runnervmmprz5 zainod-0.10.1[3031]:     at packages/zaino-chain-head-service/src/service.rs:478
1791660629.073827 runnervmmprz5 zainod-0.10.1[3031]:     in zaino_chain_head_service::service::ChainHeadService::tick
1791660629.074575 runnervmmprz5 zainod-0.10.1[3031]:   19:30:29.074  INFO zaino_chain_head_service::service: Syncing block, height: 4381951, hash: 00004f2074207722c8fd46b5ef1d3ea02d9724e46558197ff12040b388db12ae
1791660629.074575 runnervmmprz5 zainod-0.10.1[3031]:     at packages/zaino-chain-head-service/src/service.rs:478
1791660629.074575 runnervmmprz5 zainod-0.10.1[3031]:     in zaino_chain_head_service::service::ChainHeadService::tick
1791660629.075347 runnervmmprz5 zainod-0.10.1[3031]:   19:30:29.075  INFO zaino_chain_head_service::service: Syncing block, height: 4381952, hash: 00007590685fc02aa45c153aaeeb48394033e7f53f78bcd9158bf682ab7efa88
1791660629.075347 runnervmmprz5 zainod-0.10.1[3031]:     at packages/zaino-chain-head-service/src/service.rs:478
1791660629.075347 runnervmmprz5 zainod-0.10.1[3031]:     in zaino_chain_head_service::service::ChainHeadService::tick
1791660629.076427 runnervmmprz5 zainod-0.10.1[3031]:   19:30:29.076  INFO zaino_chain_head_service::service: Syncing block, height: 4381953, hash: 00002314a9fd4a8505c35fc603bd49e4d1878f30076c6d6c00614df423436098
1791660629.076427 runnervmmprz5 zainod-0.10.1[3031]:     at packages/zaino-chain-head-service/src/service.rs:478
1791660629.076427 runnervmmprz5 zainod-0.10.1[3031]:     in zaino_chain_head_service::service::ChainHeadService::tick
1791660629.079070 runnervmmprz5 zainod-0.10.1[3031]:   19:30:29.078  INFO zaino_chain_head_service::service: Syncing block, height: 4381954, hash: 001a0757e31e0d22eee6814151cefdaaa3443314c8740b346c8986e2eceeebc4
1791660629.079070 runnervmmprz5 zainod-0.10.1[3031]:     at packages/zaino-chain-head-service/src/service.rs:478
1791660629.079070 runnervmmprz5 zainod-0.10.1[3031]:     in zaino_chain_head_service::service::ChainHeadService::tick
1791660629.079070 runnervmmprz5 zainod-0.10.1[3031]:   19:30:29.078  INFO zaino_chain_head_service::service: Syncing block, height: 4381955, hash: 0000650a985bafac5a0aab677e882cf0bbdc59f45003f179096f4d1314643afd
1791660629.079070 runnervmmprz5 zainod-0.10.1[3031]:     at packages/zaino-chain-head-service/src/service.rs:478
1791660629.079070 runnervmmprz5 zainod-0.10.1[3031]:     in zaino_chain_head_service::service::ChainHeadService::tick
1791660629.079654 runnervmmprz5 zainod-0.10.1[3031]:   19:30:29.079  INFO zaino_chain_head_service::service: Syncing block, height: 4381956, hash: 00012498ad767ce880e9a4f9fe49da82e5e29bbc19b79d3e6bd3346f187fa8ad
1791660629.079654 runnervmmprz5 zainod-0.10.1[3031]:     at packages/zaino-chain-head-service/src/service.rs:478
1791660629.079654 runnervmmprz5 zainod-0.10.1[3031]:     in zaino_chain_head_service::service::ChainHeadService::tick
1791660629.080499 runnervmmprz5 zainod-0.10.1[3031]:   19:30:29.080  INFO zaino_chain_head_service::service: Syncing block, height: 4381957, hash: 000022ef8a58af4567695d46445c9c572febc95c28ef15ce8017f2f33f19c947
1791660629.080499 runnervmmprz5 zainod-0.10.1[3031]:     at packages/zaino-chain-head-service/src/service.rs:478
1791660629.080499 runnervmmprz5 zainod-0.10.1[3031]:     in zaino_chain_head_service::service::ChainHeadService::tick
1791660629.081772 runnervmmprz5 zainod-0.10.1[3031]:   19:30:29.081  INFO zaino_chain_head_service::service: Syncing block, height: 4381958, hash: 00293de314fac83248191b51519be03e91db4112b7113fbecfc26625257e4716
1791660629.081772 runnervmmprz5 zainod-0.10.1[3031]:     at packages/zaino-chain-head-service/src/service.rs:478
1791660629.081772 runnervmmprz5 zainod-0.10.1[3031]:     in zaino_chain_head_service::service::ChainHeadService::tick
1791660629.082342 runnervmmprz5 zainod-0.10.1[3031]:   19:30:29.082  INFO zaino_chain_head_service::service: Syncing block, height: 4381959, hash: 00007eb0a0abf041ad2a015e553772da6a898fa1d5f08605f180bc9c9af265cf
1791660629.082342 runnervmmprz5 zainod-0.10.1[3031]:     at packages/zaino-chain-head-service/src/service.rs:478
1791660629.082342 runnervmmprz5 zainod-0.10.1[3031]:     in zaino_chain_head_service::service::ChainHeadService::tick
1791660629.086874 runnervmmprz5 zainod-0.10.1[3031]:   19:30:29.086  INFO zaino_chain_head_service::service: Syncing block, height: 4381960, hash: 00007663588b8446dcf616f9861cf708e22df7be5c430468b23894cd19452d5c
1791660629.086874 runnervmmprz5 zainod-0.10.1[3031]:     at packages/zaino-chain-head-service/src/service.rs:478
1791660629.086874 runnervmmprz5 zainod-0.10.1[3031]:     in zaino_chain_head_service::service::ChainHeadService::tick
1791660629.100185 runnervmmprz5 zainod-0.10.1[3031]:   19:30:29.099  INFO zaino_chain_head_service::service: Syncing block, height: 4381961, hash: 00005704ec6a9840ec08b38c925bb15c41fef5785df58648fbb3f3fe433b8568
1791660629.100185 runnervmmprz5 zainod-0.10.1[3031]:     at packages/zaino-chain-head-service/src/service.rs:478
1791660629.100185 runnervmmprz5 zainod-0.10.1[3031]:     in zaino_chain_head_service::service::ChainHeadService::tick
1791660629.102106 runnervmmprz5 zainod-0.10.1[3031]:   19:30:29.102  INFO zaino_chain_head_service::service: Syncing block, height: 4381962, hash: 000041ce4a7ffb45514951c3381074d43bf8007be3654f4f1b07f0b83ace6e49
1791660629.102106 runnervmmprz5 zainod-0.10.1[3031]:     at packages/zaino-chain-head-service/src/service.rs:478
1791660629.102106 runnervmmprz5 zainod-0.10.1[3031]:     in zaino_chain_head_service::service::ChainHeadService::tick
1791660629.103433 runnervmmprz5 zainod-0.10.1[3031]:   19:30:29.103  INFO zaino_chain_head_service::service: Syncing block, height: 4381963, hash: 00002e843b760ef2b353bc7f401c51e7cb40d97b223723a14c02984f48380c05
1791660629.103433 runnervmmprz5 zainod-0.10.1[3031]:     at packages/zaino-chain-head-service/src/service.rs:478
1791660629.103433 runnervmmprz5 zainod-0.10.1[3031]:     in zaino_chain_head_service::service::ChainHeadService::tick
1791660629.106218 runnervmmprz5 zainod-0.10.1[3031]:   19:30:29.106  INFO zaino_chain_head_service::service: Syncing block, height: 4381964, hash: 00005e55cca393dfc4ea35ebdb00358f14d945ebae144137885eeec4c02edae8
1791660629.106218 runnervmmprz5 zainod-0.10.1[3031]:     at packages/zaino-chain-head-service/src/service.rs:478
1791660629.106218 runnervmmprz5 zainod-0.10.1[3031]:     in zaino_chain_head_service::service::ChainHeadService::tick
1791660629.107151 runnervmmprz5 zainod-0.10.1[3031]:   19:30:29.106  INFO zaino_chain_head_service::service: Syncing block, height: 4381965, hash: 000060b53edde03494de4b7428eb3aa7823e225cc18102cb45c52e65f602516a
1791660629.107151 runnervmmprz5 zainod-0.10.1[3031]:     at packages/zaino-chain-head-service/src/service.rs:478
1791660629.107151 runnervmmprz5 zainod-0.10.1[3031]:     in zaino_chain_head_service::service::ChainHeadService::tick
1791660629.107399 runnervmmprz5 zainod-0.10.1[3031]:   19:30:29.107  INFO zaino_chain_head_service::service: Syncing block, height: 4381966, hash: 0000755687325a7d886982de65dfe8a65bb57e8cc7916b237368f34bb9ebc7c7
1791660629.107399 runnervmmprz5 zainod-0.10.1[3031]:     at packages/zaino-chain-head-service/src/service.rs:478
1791660629.107399 runnervmmprz5 zainod-0.10.1[3031]:     in zaino_chain_head_service::service::ChainHeadService::tick
1791660629.108357 runnervmmprz5 zainod-0.10.1[3031]:   19:30:29.108  INFO zaino_chain_head_service::service: Syncing block, height: 4381967, hash: 00000e12be1da2923afa461d5a239f57fe63cdd51509fadfef0354f65c3af069
1791660629.108357 runnervmmprz5 zainod-0.10.1[3031]:     at packages/zaino-chain-head-service/src/service.rs:478
1791660629.108357 runnervmmprz5 zainod-0.10.1[3031]:     in zaino_chain_head_service::service::ChainHeadService::tick
1791660629.124743 runnervmmprz5 zainod-0.10.1[3031]:   19:30:29.124  INFO zaino_chain_head_service::service: Syncing block, height: 4381968, hash: 000045d088e8df097cb62159badcb0f8114ad8b6bfa7c94fe3eede756ff15f4b
1791660629.124743 runnervmmprz5 zainod-0.10.1[3031]:     at packages/zaino-chain-head-service/src/service.rs:478
1791660629.124743 runnervmmprz5 zainod-0.10.1[3031]:     in zaino_chain_head_service::service::ChainHeadService::tick
1791660629.125385 runnervmmprz5 zainod-0.10.1[3031]:   19:30:29.125  INFO zaino_chain_head_service::service: Syncing block, height: 4381969, hash: 00000f2e5059ba8f8ff79bebf46964f44b90511181a53a6d453039387c775842
1791660629.125385 runnervmmprz5 zainod-0.10.1[3031]:     at packages/zaino-chain-head-service/src/service.rs:478
1791660629.125385 runnervmmprz5 zainod-0.10.1[3031]:     in zaino_chain_head_service::service::ChainHeadService::tick
1791660629.126186 runnervmmprz5 zainod-0.10.1[3031]:   19:30:29.125  INFO zaino_chain_head_service::service: Syncing block, height: 4381970, hash: 00001d66c4fb933e08d5929e644a99e47c24b217b333b0cd77be0ee26d71ba4c
1791660629.126186 runnervmmprz5 zainod-0.10.1[3031]:     at packages/zaino-chain-head-service/src/service.rs:478
1791660629.126186 runnervmmprz5 zainod-0.10.1[3031]:     in zaino_chain_head_service::service::ChainHeadService::tick
1791660629.127361 runnervmmprz5 zainod-0.10.1[3031]:   19:30:29.127  INFO zaino_chain_head_service::service: Syncing block, height: 4381971, hash: 0056134367a551b9329aa41083b3f56b84cfe332272ceabd5d079443eace3cb5
1791660629.127361 runnervmmprz5 zainod-0.10.1[3031]:     at packages/zaino-chain-head-service/src/service.rs:478
1791660629.127361 runnervmmprz5 zainod-0.10.1[3031]:     in zaino_chain_head_service::service::ChainHeadService::tick
1791660629.127868 runnervmmprz5 zainod-0.10.1[3031]:   19:30:29.127  INFO zaino_chain_head_service::service: Syncing block, height: 4381972, hash: 000023fda2f5ee3e27e7b38362c10fa9e37ef4e45a6cc110b7e627d9a02ccadf
1791660629.127868 runnervmmprz5 zainod-0.10.1[3031]:     at packages/zaino-chain-head-service/src/service.rs:478
1791660629.127868 runnervmmprz5 zainod-0.10.1[3031]:     in zaino_chain_head_service::service::ChainHeadService::tick
1791660629.128400 runnervmmprz5 zainod-0.10.1[3031]:   19:30:29.128  INFO zaino_chain_head_service::service: Syncing block, height: 4381973, hash: 000055ad8431de934bc2df3214f9c392ff8d7404b95ddc25e47a6525b4a1c9a4
1791660629.128400 runnervmmprz5 zainod-0.10.1[3031]:     at packages/zaino-chain-head-service/src/service.rs:478
1791660629.128400 runnervmmprz5 zainod-0.10.1[3031]:     in zaino_chain_head_service::service::ChainHeadService::tick
1791660629.129038 runnervmmprz5 zainod-0.10.1[3031]:   19:30:29.129  INFO zaino_chain_head_service::service: Syncing block, height: 4381974, hash: 00003911500063b1fd015bfb5881609b32843267714595a31715f0d709e1f133
1791660629.129038 runnervmmprz5 zainod-0.10.1[3031]:     at packages/zaino-chain-head-service/src/service.rs:478
1791660629.129038 runnervmmprz5 zainod-0.10.1[3031]:     in zaino_chain_head_service::service::ChainHeadService::tick
1791660629.131417 runnervmmprz5 zainod-0.10.1[3031]:   19:30:29.131  INFO zaino_chain_head_service::service: Syncing block, height: 4381975, hash: 00006a51c50a13b569239f724ad2ccc882ed4835ea1887a2ac923aec901f1b4e
1791660629.131417 runnervmmprz5 zainod-0.10.1[3031]:     at packages/zaino-chain-head-service/src/service.rs:478
1791660629.131417 runnervmmprz5 zainod-0.10.1[3031]:     in zaino_chain_head_service::service::ChainHeadService::tick
1791660629.132679 runnervmmprz5 zainod-0.10.1[3031]:   19:30:29.132  INFO zaino_chain_head_service::service: Syncing block, height: 4381976, hash: 00005ed10f9c6801ead18e0fa80ba05f641b5186c7ef3f05bf466df12863a5c8
1791660629.132679 runnervmmprz5 zainod-0.10.1[3031]:     at packages/zaino-chain-head-service/src/service.rs:478
1791660629.132679 runnervmmprz5 zainod-0.10.1[3031]:     in zaino_chain_head_service::service::ChainHeadService::tick
1791660629.133612 runnervmmprz5 zainod-0.10.1[3031]:   19:30:29.133  INFO zaino_chain_head_service::service: Syncing block, height: 4381977, hash: 00000fde049a8b97aa5133d68e0ea177e4a636c25649188de246868ae246d762
1791660629.133612 runnervmmprz5 zainod-0.10.1[3031]:     at packages/zaino-chain-head-service/src/service.rs:478
1791660629.133612 runnervmmprz5 zainod-0.10.1[3031]:     in zaino_chain_head_service::service::ChainHeadService::tick
1791660629.135099 runnervmmprz5 zainod-0.10.1[3031]:   19:30:29.134  INFO zaino_chain_head_service::service: Syncing block, height: 4381978, hash: 000079e9c2b7a5a0b77de8a2dfbf95a1944a6d6a46f94e4185a494f9d5faace3
1791660629.135099 runnervmmprz5 zainod-0.10.1[3031]:     at packages/zaino-chain-head-service/src/service.rs:478
1791660629.135099 runnervmmprz5 zainod-0.10.1[3031]:     in zaino_chain_head_service::service::ChainHeadService::tick
1791660629.147515 runnervmmprz5 zainod-0.10.1[3031]:   19:30:29.147  INFO zaino_chain_head_service::service: Syncing block, height: 4381979, hash: 000068e1e4284a5e6391c6ce31736058fb1d7f092e216ca7cf0724f3055647b8
1791660629.147515 runnervmmprz5 zainod-0.10.1[3031]:     at packages/zaino-chain-head-service/src/service.rs:478
1791660629.147515 runnervmmprz5 zainod-0.10.1[3031]:     in zaino_chain_head_service::service::ChainHeadService::tick
1791660629.148849 runnervmmprz5 zainod-0.10.1[3031]:   19:30:29.148  INFO zaino_chain_head_service::service: Syncing block, height: 4381980, hash: 0000632f3848f9ef9dd7920f3fa19bb52e0dec58baeae09c4d892fb5d0c52ef1
1791660629.148849 runnervmmprz5 zainod-0.10.1[3031]:     at packages/zaino-chain-head-service/src/service.rs:478
1791660629.148849 runnervmmprz5 zainod-0.10.1[3031]:     in zaino_chain_head_service::service::ChainHeadService::tick
1791660629.149748 runnervmmprz5 zainod-0.10.1[3031]:   19:30:29.149  INFO zaino_chain_head_service::service: Syncing block, height: 4381981, hash: 001d81797cb05099aa7a4de7cd9682b81b07cce1335c9ca91ea1ee161801b530
1791660629.149748 runnervmmprz5 zainod-0.10.1[3031]:     at packages/zaino-chain-head-service/src/service.rs:478
1791660629.149748 runnervmmprz5 zainod-0.10.1[3031]:     in zaino_chain_head_service::service::ChainHeadService::tick
1791660629.150333 runnervmmprz5 zainod-0.10.1[3031]:   19:30:29.150  INFO zaino_chain_head_service::service: Syncing block, height: 4381982, hash: 00001299f0dc5a807783d9b7b5e7a2fa0924e921690ef2331c607c56856ade98
1791660629.150333 runnervmmprz5 zainod-0.10.1[3031]:     at packages/zaino-chain-head-service/src/service.rs:478
1791660629.150333 runnervmmprz5 zainod-0.10.1[3031]:     in zaino_chain_head_service::service::ChainHeadService::tick
1791660629.151709 runnervmmprz5 zainod-0.10.1[3031]:   19:30:29.151  INFO zaino_chain_head_service::service: Syncing block, height: 4381983, hash: 001261eeaaf2be33adb472e8172d436a59eca2eb279fe00f23c0d48d7bcdd7d0
1791660629.151709 runnervmmprz5 zainod-0.10.1[3031]:     at packages/zaino-chain-head-service/src/service.rs:478
1791660629.151709 runnervmmprz5 zainod-0.10.1[3031]:     in zaino_chain_head_service::service::ChainHeadService::tick
1791660629.152771 runnervmmprz5 zainod-0.10.1[3031]:   19:30:29.152  INFO zaino_chain_head_service::service: Syncing block, height: 4381984, hash: 00001e36f6bdfd26c6605995a7b8bc8355013e36272ddef132f0638ff17136c4
1791660629.152771 runnervmmprz5 zainod-0.10.1[3031]:     at packages/zaino-chain-head-service/src/service.rs:478
1791660629.152771 runnervmmprz5 zainod-0.10.1[3031]:     in zaino_chain_head_service::service::ChainHeadService::tick
1791660629.153581 runnervmmprz5 zainod-0.10.1[3031]:   19:30:29.153  INFO zaino_chain_head_service::service: Syncing block, height: 4381985, hash: 000a7a25fa450e543746ebba0929edeff39c419a8863ae252c4ab0227a8ffb27
1791660629.153581 runnervmmprz5 zainod-0.10.1[3031]:     at packages/zaino-chain-head-service/src/service.rs:478
1791660629.153581 runnervmmprz5 zainod-0.10.1[3031]:     in zaino_chain_head_service::service::ChainHeadService::tick
1791660629.154266 runnervmmprz5 zainod-0.10.1[3031]:   19:30:29.154  INFO zaino_chain_head_service::service: Syncing block, height: 4381986, hash: 00003e0303d43ba73925d6eea43cc3ebc014c046ba6c5377f3ff1734118b6f51
1791660629.154266 runnervmmprz5 zainod-0.10.1[3031]:     at packages/zaino-chain-head-service/src/service.rs:478
1791660629.154266 runnervmmprz5 zainod-0.10.1[3031]:     in zaino_chain_head_service::service::ChainHeadService::tick
1791660629.154853 runnervmmprz5 zainod-0.10.1[3031]:   19:30:29.154  INFO zaino_chain_head_service::service: Syncing block, height: 4381987, hash: 00006a2186f50e37cc21750b7108da5a5e2856e61207b22a9c6d64713504581c
1791660629.154853 runnervmmprz5 zainod-0.10.1[3031]:     at packages/zaino-chain-head-service/src/service.rs:478
1791660629.154853 runnervmmprz5 zainod-0.10.1[3031]:     in zaino_chain_head_service::service::ChainHeadService::tick
1791660629.167179 runnervmmprz5 zainod-0.10.1[3031]:   19:30:29.167  INFO zaino_chain_head_service::service: Syncing block, height: 4381988, hash: 002bb5fcfa73272a4480477f2ce4452fa0183409d4765ece4b844f67cddd33f5
1791660629.167179 runnervmmprz5 zainod-0.10.1[3031]:     at packages/zaino-chain-head-service/src/service.rs:478
1791660629.167179 runnervmmprz5 zainod-0.10.1[3031]:     in zaino_chain_head_service::service::ChainHeadService::tick
1791660629.168099 runnervmmprz5 zainod-0.10.1[3031]:   19:30:29.168  INFO zaino_chain_head_service::service: Syncing block, height: 4381989, hash: 000077d4b0bc5fa8d6ecf86aa0811a3302fcd09187fcc9eea68d8c3e49607beb
1791660629.168099 runnervmmprz5 zainod-0.10.1[3031]:     at packages/zaino-chain-head-service/src/service.rs:478
1791660629.168099 runnervmmprz5 zainod-0.10.1[3031]:     in zaino_chain_head_service::service::ChainHeadService::tick
1791660629.169410 runnervmmprz5 zainod-0.10.1[3031]:   19:30:29.168  INFO zaino_chain_head_service::service: Syncing block, height: 4381990, hash: 0000690d898ed436963530cf81a3c71ae2cabb4de81b44183ce487b3921b5099
1791660629.169410 runnervmmprz5 zainod-0.10.1[3031]:     at packages/zaino-chain-head-service/src/service.rs:478
1791660629.169410 runnervmmprz5 zainod-0.10.1[3031]:     in zaino_chain_head_service::service::ChainHeadService::tick
1791660629.169775 runnervmmprz5 zainod-0.10.1[3031]:   19:30:29.169  INFO zaino_chain_head_service::service: Syncing block, height: 4381991, hash: 000ad374c29ff34f1526420cf8dc692c38fe8c4bb60c97d504fcca92d4724a4a
1791660629.169775 runnervmmprz5 zainod-0.10.1[3031]:     at packages/zaino-chain-head-service/src/service.rs:478
1791660629.169775 runnervmmprz5 zainod-0.10.1[3031]:     in zaino_chain_head_service::service::ChainHeadService::tick
1791660629.170477 runnervmmprz5 zainod-0.10.1[3031]:   19:30:29.170  INFO zaino_chain_head_service::service: Syncing block, height: 4381992, hash: 0000e9b111982547b1e1e0d955b83553435e1c0ec0f3c59e750e2a419e9a8184
1791660629.170477 runnervmmprz5 zainod-0.10.1[3031]:     at packages/zaino-chain-head-service/src/service.rs:478
1791660629.170477 runnervmmprz5 zainod-0.10.1[3031]:     in zaino_chain_head_service::service::ChainHeadService::tick
1791660629.172160 runnervmmprz5 zainod-0.10.1[3031]:   19:30:29.172  INFO zaino_chain_head_service::service: Syncing block, height: 4381993, hash: 000072b704d6f061c1adbc424c1f477b3cb90ff3c9247350816cbbb7726d1e33
1791660629.172160 runnervmmprz5 zainod-0.10.1[3031]:     at packages/zaino-chain-head-service/src/service.rs:478
1791660629.172160 runnervmmprz5 zainod-0.10.1[3031]:     in zaino_chain_head_service::service::ChainHeadService::tick
1791660629.173549 runnervmmprz5 zainod-0.10.1[3031]:   19:30:29.173  INFO zaino_chain_head_service::service: Syncing block, height: 4381994, hash: 0000302f7a3095989859116c517a69b9229cbbf40d619c69343f763255240fa7
1791660629.173549 runnervmmprz5 zainod-0.10.1[3031]:     at packages/zaino-chain-head-service/src/service.rs:478
1791660629.173549 runnervmmprz5 zainod-0.10.1[3031]:     in zaino_chain_head_service::service::ChainHeadService::tick
1791660629.174202 runnervmmprz5 zainod-0.10.1[3031]:   19:30:29.174  INFO zaino_chain_head_service::service: Syncing block, height: 4381995, hash: 00007659178c420272338b29dc734540296b03bb7267a7de3babf7dafe12e850
1791660629.174202 runnervmmprz5 zainod-0.10.1[3031]:     at packages/zaino-chain-head-service/src/service.rs:478
1791660629.174202 runnervmmprz5 zainod-0.10.1[3031]:     in zaino_chain_head_service::service::ChainHeadService::tick
1791660629.175113 runnervmmprz5 zainod-0.10.1[3031]:   19:30:29.175  INFO zaino_chain_head_service::service: Syncing block, height: 4381996, hash: 00004cb777938b72dee085bf27c76df686c80fb462359a9c036a274e6773c94f
1791660629.175113 runnervmmprz5 zainod-0.10.1[3031]:     at packages/zaino-chain-head-service/src/service.rs:478
1791660629.175113 runnervmmprz5 zainod-0.10.1[3031]:     in zaino_chain_head_service::service::ChainHeadService::tick
1791660629.175714 runnervmmprz5 zainod-0.10.1[3031]:   19:30:29.175  INFO zaino_chain_head_service::service: Syncing block, height: 4381997, hash: 00006b217397897ca3a0c51fd69bc108f916a57d3ad7b46c24b00c5bc1229b6c
1791660629.175714 runnervmmprz5 zainod-0.10.1[3031]:     at packages/zaino-chain-head-service/src/service.rs:478
1791660629.175714 runnervmmprz5 zainod-0.10.1[3031]:     in zaino_chain_head_service::service::ChainHeadService::tick
1791660629.176190 runnervmmprz5 zainod-0.10.1[3031]:   19:30:29.176  INFO zaino_chain_head_service::service: Syncing block, height: 4381998, hash: 0000718180af3a03d7f09394e1e2ecc58562239827483b333571b025983ff4ef
1791660629.176190 runnervmmprz5 zainod-0.10.1[3031]:     at packages/zaino-chain-head-service/src/service.rs:478
1791660629.176190 runnervmmprz5 zainod-0.10.1[3031]:     in zaino_chain_head_service::service::ChainHeadService::tick
1791660629.178176 runnervmmprz5 zainod-0.10.1[3031]:   19:30:29.177  INFO zaino_chain_head_service::service: Syncing block, height: 4381999, hash: 002d5f67080a29750ca496aaae2a7ee3ec41a59623d5244865321fd8e97505b4
1791660629.178176 runnervmmprz5 zainod-0.10.1[3031]:     at packages/zaino-chain-head-service/src/service.rs:478
1791660629.178176 runnervmmprz5 zainod-0.10.1[3031]:     in zaino_chain_head_service::service::ChainHeadService::tick
1791660629.178343 runnervmmprz5 zainod-0.10.1[3031]:   19:30:29.178  INFO zaino_chain_head_service::service: Syncing block, height: 4382000, hash: 00005d74e341bb4ca6ff149f57af555829081ad2522751f86bb7b7d36c7c15ee
1791660629.178343 runnervmmprz5 zainod-0.10.1[3031]:     at packages/zaino-chain-head-service/src/service.rs:478
1791660629.178343 runnervmmprz5 zainod-0.10.1[3031]:     in zaino_chain_head_service::service::ChainHeadService::tick
1791660629.179355 runnervmmprz5 zainod-0.10.1[3031]:   19:30:29.179  INFO zaino_chain_head_service::service: Syncing block, height: 4382001, hash: 000021c82b63e2d2b48f7ae3869b1f4575704088638e9e01b6d823954f3d47af
1791660629.179355 runnervmmprz5 zainod-0.10.1[3031]:     at packages/zaino-chain-head-service/src/service.rs:478
1791660629.179355 runnervmmprz5 zainod-0.10.1[3031]:     in zaino_chain_head_service::service::ChainHeadService::tick
1791660629.180683 runnervmmprz5 zainod-0.10.1[3031]:   19:30:29.180  INFO zaino_chain_head_service::service: Syncing block, height: 4382002, hash: 00201525057ca31ca72f550588032ee92dc7f738fd127c89f67421872e093cf8
1791660629.180683 runnervmmprz5 zainod-0.10.1[3031]:     at packages/zaino-chain-head-service/src/service.rs:478
1791660629.180683 runnervmmprz5 zainod-0.10.1[3031]:     in zaino_chain_head_service::service::ChainHeadService::tick
1791660629.181879 runnervmmprz5 zainod-0.10.1[3031]:   19:30:29.181  INFO zaino_chain_head_service::service: Syncing block, height: 4382003, hash: 000013fcb8ef6f21a72c1ade4ad136e15d5349d20c5500c56108bf7bdd83478c
1791660629.181879 runnervmmprz5 zainod-0.10.1[3031]:     at packages/zaino-chain-head-service/src/service.rs:478
1791660629.181879 runnervmmprz5 zainod-0.10.1[3031]:     in zaino_chain_head_service::service::ChainHeadService::tick
1791660629.191612 runnervmmprz5 zainod-0.10.1[3031]:   19:30:29.191  INFO zaino_chain_head_service::service: Syncing block, height: 4382004, hash: 00007b39a5ea6ec38b8eb3a8d701cd1c56c1074adc1926c5a4abca7683351e7a
1791660629.191612 runnervmmprz5 zainod-0.10.1[3031]:     at packages/zaino-chain-head-service/src/service.rs:478
1791660629.191612 runnervmmprz5 zainod-0.10.1[3031]:     in zaino_chain_head_service::service::ChainHeadService::tick
1791660629.192802 runnervmmprz5 zainod-0.10.1[3031]:   19:30:29.192  INFO zaino_chain_head_service::service: Syncing block, height: 4382005, hash: 00004f2957d034fed7a89dbf73015e536370a9e66884a35bb32a9dbd9b0e7dc7
1791660629.192802 runnervmmprz5 zainod-0.10.1[3031]:     at packages/zaino-chain-head-service/src/service.rs:478
1791660629.192802 runnervmmprz5 zainod-0.10.1[3031]:     in zaino_chain_head_service::service::ChainHeadService::tick
1791660629.193884 runnervmmprz5 zainod-0.10.1[3031]:   19:30:29.193  INFO zaino_chain_head_service::service: Syncing block, height: 4382006, hash: 0000182ef7007173f2425c9338135ffdc135c3438dd2c90890edb6154c314b2a
1791660629.193884 runnervmmprz5 zainod-0.10.1[3031]:     at packages/zaino-chain-head-service/src/service.rs:478
1791660629.193884 runnervmmprz5 zainod-0.10.1[3031]:     in zaino_chain_head_service::service::ChainHeadService::tick
1791660629.194557 runnervmmprz5 zainod-0.10.1[3031]:   19:30:29.194  INFO zaino_chain_head_service::service: Syncing block, height: 4382007, hash: 0000036715e8ece06793cf1f390d67d2f5ec22c5353e5d2c610dcbfde7195824
1791660629.194557 runnervmmprz5 zainod-0.10.1[3031]:     at packages/zaino-chain-head-service/src/service.rs:478
1791660629.194557 runnervmmprz5 zainod-0.10.1[3031]:     in zaino_chain_head_service::service::ChainHeadService::tick
1791660629.195535 runnervmmprz5 zainod-0.10.1[3031]:   19:30:29.195  INFO zaino_chain_head_service::service: Syncing block, height: 4382008, hash: 00005f9fac8d0eb8b72a9f1fbc9d1d0d7958c5981ffc115e388da9e4a374aeca
1791660629.195535 runnervmmprz5 zainod-0.10.1[3031]:     at packages/zaino-chain-head-service/src/service.rs:478
1791660629.195535 runnervmmprz5 zainod-0.10.1[3031]:     in zaino_chain_head_service::service::ChainHeadService::tick
1791660629.197905 runnervmmprz5 zainod-0.10.1[3031]:   19:30:29.197  INFO zaino_chain_head_service::service: Syncing block, height: 4382009, hash: 00005e36c91642c04c3334e594786526f71a75ff4f8002e4be6ec535bb15a4c6
1791660629.197905 runnervmmprz5 zainod-0.10.1[3031]:     at packages/zaino-chain-head-service/src/service.rs:478
1791660629.197905 runnervmmprz5 zainod-0.10.1[3031]:     in zaino_chain_head_service::service::ChainHeadService::tick
1791660629.200096 runnervmmprz5 zainod-0.10.1[3031]:   19:30:29.198  INFO zaino_chain_head_service::service: Syncing block, height: 4382010, hash: 00006e50513c1e480670165459fe68dc7f320234388cbf8664e9241935594830
1791660629.200096 runnervmmprz5 zainod-0.10.1[3031]:     at packages/zaino-chain-head-service/src/service.rs:478
1791660629.200096 runnervmmprz5 zainod-0.10.1[3031]:     in zaino_chain_head_service::service::ChainHeadService::tick
1791660629.200096 runnervmmprz5 zainod-0.10.1[3031]:   19:30:29.199  INFO zaino_chain_head_service::service: Syncing block, height: 4382011, hash: 000071b2d341cc18e4d6afe641cbeebb6cf7a8aa4ee8aecf05fbbf552a237fb7
1791660629.200096 runnervmmprz5 zainod-0.10.1[3031]:     at packages/zaino-chain-head-service/src/service.rs:478
1791660629.200096 runnervmmprz5 zainod-0.10.1[3031]:     in zaino_chain_head_service::service::ChainHeadService::tick
1791660629.201068 runnervmmprz5 zainod-0.10.1[3031]:   19:30:29.201  INFO zaino_chain_head_service::service: Syncing block, height: 4382012, hash: 001513ed1415c73e29b6832d5fb08584aeea49a1a01e7ec892f60dc0e0b105b4
1791660629.201068 runnervmmprz5 zainod-0.10.1[3031]:     at packages/zaino-chain-head-service/src/service.rs:478
1791660629.201068 runnervmmprz5 zainod-0.10.1[3031]:     in zaino_chain_head_service::service::ChainHeadService::tick
1791660629.201809 runnervmmprz5 zainod-0.10.1[3031]:   19:30:29.201  INFO zaino_chain_head_service::service: Syncing block, height: 4382013, hash: 000010738154982e69f28fbe8d0d05f8f2095fcd9ab4a81f88bd7f100e2b4d69
1791660629.201809 runnervmmprz5 zainod-0.10.1[3031]:     at packages/zaino-chain-head-service/src/service.rs:478
1791660629.201809 runnervmmprz5 zainod-0.10.1[3031]:     in zaino_chain_head_service::service::ChainHeadService::tick
1791660629.212584 runnervmmprz5 zainod-0.10.1[3031]:   19:30:29.212  INFO zaino_chain_head_service::service: Syncing block, height: 4382014, hash: 00002e2aaf27f38837350c7e2f9b697e15d855a575b262f923c936a43e6a9f88
1791660629.212584 runnervmmprz5 zainod-0.10.1[3031]:     at packages/zaino-chain-head-service/src/service.rs:478
1791660629.212584 runnervmmprz5 zainod-0.10.1[3031]:     in zaino_chain_head_service::service::ChainHeadService::tick
1791660629.213216 runnervmmprz5 zainod-0.10.1[3031]:   19:30:29.213  INFO zaino_chain_head_service::service: Syncing block, height: 4382015, hash: 0000274f0f784a6c71b163b329d6219346d039535e6ebf5c0b1e5d5eff043762
1791660629.213216 runnervmmprz5 zainod-0.10.1[3031]:     at packages/zaino-chain-head-service/src/service.rs:478
1791660629.213216 runnervmmprz5 zainod-0.10.1[3031]:     in zaino_chain_head_service::service::ChainHeadService::tick
1791660629.214196 runnervmmprz5 zainod-0.10.1[3031]:   19:30:29.214  INFO zaino_chain_head_service::service: Syncing block, height: 4382016, hash: 0000517e5baa159b7a4dfc70697a4019f9599836819459cf4373af918ead79d1
1791660629.214196 runnervmmprz5 zainod-0.10.1[3031]:     at packages/zaino-chain-head-service/src/service.rs:478
1791660629.214196 runnervmmprz5 zainod-0.10.1[3031]:     in zaino_chain_head_service::service::ChainHeadService::tick
1791660629.215982 runnervmmprz5 zainod-0.10.1[3031]:   19:30:29.215  INFO zaino_chain_head_service::service: Syncing block, height: 4382017, hash: 001e85d82366208412f2034da94ac401c954202dee2da9f65bb6383b4d2d613b
1791660629.215982 runnervmmprz5 zainod-0.10.1[3031]:     at packages/zaino-chain-head-service/src/service.rs:478
1791660629.215982 runnervmmprz5 zainod-0.10.1[3031]:     in zaino_chain_head_service::service::ChainHeadService::tick
1791660629.216512 runnervmmprz5 zainod-0.10.1[3031]:   19:30:29.216  INFO zaino_chain_head_service::service: Syncing block, height: 4382018, hash: 00001186249d8e18756c4f0dc5fcde877e7ee52062c3ec163f296c18351f5017
1791660629.216512 runnervmmprz5 zainod-0.10.1[3031]:     at packages/zaino-chain-head-service/src/service.rs:478
1791660629.216512 runnervmmprz5 zainod-0.10.1[3031]:     in zaino_chain_head_service::service::ChainHeadService::tick
1791660629.217837 runnervmmprz5 zainod-0.10.1[3031]:   19:30:29.217  INFO zaino_chain_head_service::service: Syncing block, height: 4382019, hash: 0000296ebadd0c0c491a38a142f6f9a418a0e35302178c7ca4b8c13bc0b7e74f
1791660629.217837 runnervmmprz5 zainod-0.10.1[3031]:     at packages/zaino-chain-head-service/src/service.rs:478
1791660629.217837 runnervmmprz5 zainod-0.10.1[3031]:     in zaino_chain_head_service::service::ChainHeadService::tick
1791660629.218624 runnervmmprz5 zainod-0.10.1[3031]:   19:30:29.218  INFO zaino_chain_head_service::service: Syncing block, height: 4382020, hash: 000056ef5ec7e0cefd4fb1e1bad40697bcf47be706da955d5927dc55299b1481
1791660629.218624 runnervmmprz5 zainod-0.10.1[3031]:     at packages/zaino-chain-head-service/src/service.rs:478
1791660629.218624 runnervmmprz5 zainod-0.10.1[3031]:     in zaino_chain_head_service::service::ChainHeadService::tick
1791660629.219450 runnervmmprz5 zainod-0.10.1[3031]:   19:30:29.219  INFO zaino_chain_head_service::service: Syncing block, height: 4382021, hash: 00007cad927b41c3ae557e1f3ad21856345b1c9ecef75d700baa9f6695926f4b
1791660629.219450 runnervmmprz5 zainod-0.10.1[3031]:     at packages/zaino-chain-head-service/src/service.rs:478
1791660629.219450 runnervmmprz5 zainod-0.10.1[3031]:     in zaino_chain_head_service::service::ChainHeadService::tick
1791660629.220717 runnervmmprz5 zainod-0.10.1[3031]:   19:30:29.220  INFO zaino_chain_head_service::service: Syncing block, height: 4382022, hash: 0000562f1edbd30d595a34d5571173bc02e9e7ce5b88736993ead2af894fb2db
1791660629.220717 runnervmmprz5 zainod-0.10.1[3031]:     at packages/zaino-chain-head-service/src/service.rs:478
1791660629.220717 runnervmmprz5 zainod-0.10.1[3031]:     in zaino_chain_head_service::service::ChainHeadService::tick
1791660629.232817 runnervmmprz5 zainod-0.10.1[3031]:   19:30:29.232  INFO zaino_chain_head_service::service: Syncing block, height: 4382023, hash: 00006995b7896533975dfe89168e116e2265feb221291159c38328d704ca8ece
1791660629.232817 runnervmmprz5 zainod-0.10.1[3031]:     at packages/zaino-chain-head-service/src/service.rs:478
1791660629.232817 runnervmmprz5 zainod-0.10.1[3031]:     in zaino_chain_head_service::service::ChainHeadService::tick
1791660629.234184 runnervmmprz5 zainod-0.10.1[3031]:   19:30:29.234  INFO zaino_chain_head_service::service: Syncing block, height: 4382024, hash: 000022e8425b043251a1c54ef50ddb5f8140367ecaa5132160dc4a77a5ba32e6
1791660629.234184 runnervmmprz5 zainod-0.10.1[3031]:     at packages/zaino-chain-head-service/src/service.rs:478
1791660629.234184 runnervmmprz5 zainod-0.10.1[3031]:     in zaino_chain_head_service::service::ChainHeadService::tick
1791660629.234823 runnervmmprz5 zainod-0.10.1[3031]:   19:30:29.234  INFO zaino_chain_head_service::service: Syncing block, height: 4382025, hash: 0000647510f2a7feb1fb7c4faa8cd6765a810153d08d6908c30145b0d254704c
1791660629.234823 runnervmmprz5 zainod-0.10.1[3031]:     at packages/zaino-chain-head-service/src/service.rs:478
1791660629.234823 runnervmmprz5 zainod-0.10.1[3031]:     in zaino_chain_head_service::service::ChainHeadService::tick
1791660629.236359 runnervmmprz5 zainod-0.10.1[3031]:   19:30:29.236  INFO zaino_chain_head_service::service: Syncing block, height: 4382026, hash: 0000422c03dd233adc330f5985b7130dc50732f6605f376663b206b988110160
1791660629.236359 runnervmmprz5 zainod-0.10.1[3031]:     at packages/zaino-chain-head-service/src/service.rs:478
1791660629.236359 runnervmmprz5 zainod-0.10.1[3031]:     in zaino_chain_head_service::service::ChainHeadService::tick
1791660629.236925 runnervmmprz5 zainod-0.10.1[3031]:   19:30:29.236  INFO zaino_chain_head_service::service: Syncing block, height: 4382027, hash: 0000439468baa368a45055d3b532025480d302d7bb74dfca7b9c72f3bf0a81c1
1791660629.236925 runnervmmprz5 zainod-0.10.1[3031]:     at packages/zaino-chain-head-service/src/service.rs:478
1791660629.236925 runnervmmprz5 zainod-0.10.1[3031]:     in zaino_chain_head_service::service::ChainHeadService::tick
1791660629.237682 runnervmmprz5 zainod-0.10.1[3031]:   19:30:29.237  INFO zaino_chain_head_service::service: Syncing block, height: 4382028, hash: 000011a8ad654b8b950ac1b2331eb1aaa1e1eb5a03f248ff7a250b4570ec8688
1791660629.237682 runnervmmprz5 zainod-0.10.1[3031]:     at packages/zaino-chain-head-service/src/service.rs:478
1791660629.237682 runnervmmprz5 zainod-0.10.1[3031]:     in zaino_chain_head_service::service::ChainHeadService::tick
1791660629.238312 runnervmmprz5 zainod-0.10.1[3031]:   19:30:29.238  INFO zaino_chain_head_service::service: Syncing block, height: 4382029, hash: 000034e962554f6916f04b01dd33b3295f5f268e93f89a5d721e7ef8204aac83
1791660629.238312 runnervmmprz5 zainod-0.10.1[3031]:     at packages/zaino-chain-head-service/src/service.rs:478
1791660629.238312 runnervmmprz5 zainod-0.10.1[3031]:     in zaino_chain_head_service::service::ChainHeadService::tick
1791660629.239017 runnervmmprz5 zainod-0.10.1[3031]:   19:30:29.238  INFO zaino_chain_head_service::service: Syncing block, height: 4382030, hash: 00007d8ee4d36c74cabef580493e9aaf4f3203b793d2d4ec11e8e89b476e0c18
1791660629.239017 runnervmmprz5 zainod-0.10.1[3031]:     at packages/zaino-chain-head-service/src/service.rs:478
1791660629.239017 runnervmmprz5 zainod-0.10.1[3031]:     in zaino_chain_head_service::service::ChainHeadService::tick
1791660629.240181 runnervmmprz5 zainod-0.10.1[3031]:   19:30:29.239  INFO zaino_chain_head_service::service: Syncing block, height: 4382031, hash: 000064b8807fbb759fec5af73c12a92b5b2fc8c47972ab99195a9f055eab3942
1791660629.240181 runnervmmprz5 zainod-0.10.1[3031]:     at packages/zaino-chain-head-service/src/service.rs:478
1791660629.240181 runnervmmprz5 zainod-0.10.1[3031]:     in zaino_chain_head_service::service::ChainHeadService::tick
1791660629.240286 runnervmmprz5 zainod-0.10.1[3031]:   19:30:29.240  INFO zaino_chain_head_service::service: Syncing block, height: 4382032, hash: 00007a33604142e5c8a6e63651957185cefea115ab30cb7210081e9091c9ad81
1791660629.240286 runnervmmprz5 zainod-0.10.1[3031]:     at packages/zaino-chain-head-service/src/service.rs:478
1791660629.240286 runnervmmprz5 zainod-0.10.1[3031]:     in zaino_chain_head_service::service::ChainHeadService::tick
1791660629.240719 runnervmmprz5 zainod-0.10.1[3031]:   19:30:29.240  INFO zaino_chain_head_service::service: Syncing block, height: 4382033, hash: 000077978bbef4d482e1cc76f2c4a74a02de048cfc5611f870cf12ff57135df4
1791660629.240719 runnervmmprz5 zainod-0.10.1[3031]:     at packages/zaino-chain-head-service/src/service.rs:478
1791660629.240719 runnervmmprz5 zainod-0.10.1[3031]:     in zaino_chain_head_service::service::ChainHeadService::tick
1791660629.241486 runnervmmprz5 zainod-0.10.1[3031]:   19:30:29.241  INFO zaino_chain_head_service::service: Syncing block, height: 4382034, hash: 00007daa167182eeda352fc8851d9d1c94ad27fc17107b95abc6ceb55de65088
1791660629.241486 runnervmmprz5 zainod-0.10.1[3031]:     at packages/zaino-chain-head-service/src/service.rs:478
1791660629.241486 runnervmmprz5 zainod-0.10.1[3031]:     in zaino_chain_head_service::service::ChainHeadService::tick
1791660629.242314 runnervmmprz5 zainod-0.10.1[3031]:   19:30:29.242  INFO zaino_chain_head_service::service: Syncing block, height: 4382035, hash: 00004a225584f9093feb87c53462520bb51acf42a6d625f4f2c9d7af83f72316
1791660629.242314 runnervmmprz5 zainod-0.10.1[3031]:     at packages/zaino-chain-head-service/src/service.rs:478
1791660629.242314 runnervmmprz5 zainod-0.10.1[3031]:     in zaino_chain_head_service::service::ChainHeadService::tick
1791660629.250871 runnervmmprz5 zainod-0.10.1[3031]:   19:30:29.250  INFO zaino_chain_head_service::service: Syncing block, height: 4382036, hash: 00002e46099292cbfdcf750e0c3b83b0dfcad9c3675f53b809385a2992beaab4
1791660629.250871 runnervmmprz5 zainod-0.10.1[3031]:     at packages/zaino-chain-head-service/src/service.rs:478
1791660629.250871 runnervmmprz5 zainod-0.10.1[3031]:     in zaino_chain_head_service::service::ChainHeadService::tick
1791660629.252192 runnervmmprz5 zainod-0.10.1[3031]:   19:30:29.252  INFO zaino_chain_head_service::service: Syncing block, height: 4382037, hash: 0000369e41c5504bc52418a06b5b59501332d63cbd13f600cb91be7b72ac245f
1791660629.252192 runnervmmprz5 zainod-0.10.1[3031]:     at packages/zaino-chain-head-service/src/service.rs:478
1791660629.252192 runnervmmprz5 zainod-0.10.1[3031]:     in zaino_chain_head_service::service::ChainHeadService::tick
1791660629.253436 runnervmmprz5 zainod-0.10.1[3031]:   19:30:29.253  INFO zaino_chain_head_service::service: Syncing block, height: 4382038, hash: 00006378c04bd25aa68111d54f926cfb4a2234427f870eeedc670715231bd4ea
1791660629.253436 runnervmmprz5 zainod-0.10.1[3031]:     at packages/zaino-chain-head-service/src/service.rs:478
1791660629.253436 runnervmmprz5 zainod-0.10.1[3031]:     in zaino_chain_head_service::service::ChainHeadService::tick
1791660629.254262 runnervmmprz5 zainod-0.10.1[3031]:   19:30:29.254  INFO zaino_chain_head_service::service: Syncing block, height: 4382039, hash: 00006171b8042d439912479861633464270c70733016779d8a06d88f909bb5a9
1791660629.254262 runnervmmprz5 zainod-0.10.1[3031]:     at packages/zaino-chain-head-service/src/service.rs:478
1791660629.254262 runnervmmprz5 zainod-0.10.1[3031]:     in zaino_chain_head_service::service::ChainHeadService::tick
1791660629.254974 runnervmmprz5 zainod-0.10.1[3031]:   19:30:29.254  INFO zaino_chain_head_service::service: Syncing block, height: 4382040, hash: 0000260b59df60c3e3bfe4cf4233f6e31f82e77179b193bbbce8d292ac03071f
1791660629.254974 runnervmmprz5 zainod-0.10.1[3031]:     at packages/zaino-chain-head-service/src/service.rs:478
1791660629.254974 runnervmmprz5 zainod-0.10.1[3031]:     in zaino_chain_head_service::service::ChainHeadService::tick
1791660629.255914 runnervmmprz5 zainod-0.10.1[3031]:   19:30:29.255  INFO zaino_chain_head_service::service: Syncing block, height: 4382041, hash: 000030e11ac7c712c3ca3741dcf860bb57c0f33913ac43eeaa42a3afb8a6d056
1791660629.255914 runnervmmprz5 zainod-0.10.1[3031]:     at packages/zaino-chain-head-service/src/service.rs:478
1791660629.255914 runnervmmprz5 zainod-0.10.1[3031]:     in zaino_chain_head_service::service::ChainHeadService::tick
1791660629.257286 runnervmmprz5 zainod-0.10.1[3031]:   19:30:29.257  INFO zaino_chain_head_service::service: Syncing block, height: 4382042, hash: 000039b3fad8ff2f5f8419e6e7d2ace6d95a76163fa2d9634b295f6780ec1e0d
1791660629.257286 runnervmmprz5 zainod-0.10.1[3031]:     at packages/zaino-chain-head-service/src/service.rs:478
1791660629.257286 runnervmmprz5 zainod-0.10.1[3031]:     in zaino_chain_head_service::service::ChainHeadService::tick
1791660629.257973 runnervmmprz5 zainod-0.10.1[3031]:   19:30:29.257  INFO zaino_chain_head_service::service: Syncing block, height: 4382043, hash: 00000744dadc00dae10950a8174c65b97c681eec938dcf5c1af80802fdf6d0f1
1791660629.257973 runnervmmprz5 zainod-0.10.1[3031]:     at packages/zaino-chain-head-service/src/service.rs:478
1791660629.257973 runnervmmprz5 zainod-0.10.1[3031]:     in zaino_chain_head_service::service::ChainHeadService::tick
1791660629.258594 runnervmmprz5 zainod-0.10.1[3031]:   19:30:29.258  INFO zaino_chain_head_service::service: Syncing block, height: 4382044, hash: 0000316c7d28fe9b14cab37c3d7a6e39504caa46b651cf1ec1d4581de81d284e
1791660629.258594 runnervmmprz5 zainod-0.10.1[3031]:     at packages/zaino-chain-head-service/src/service.rs:478
1791660629.258594 runnervmmprz5 zainod-0.10.1[3031]:     in zaino_chain_head_service::service::ChainHeadService::tick
1791660629.259410 runnervmmprz5 zainod-0.10.1[3031]:   19:30:29.259  INFO zaino_chain_head_service::service: Syncing block, height: 4382045, hash: 000015a3163a9b2faa7b30c8a8daad27e443376f519908a1b432f0dda38bbf0c
1791660629.259410 runnervmmprz5 zainod-0.10.1[3031]:     at packages/zaino-chain-head-service/src/service.rs:478
1791660629.259410 runnervmmprz5 zainod-0.10.1[3031]:     in zaino_chain_head_service::service::ChainHeadService::tick
1791660629.260836 runnervmmprz5 zainod-0.10.1[3031]:   19:30:29.260  INFO zaino_chain_head_service::service: Syncing block, height: 4382046, hash: 000020b60d2808c2a174ed81cd7dcc176e60596f1ab56a6250d69f26be232428
1791660629.260836 runnervmmprz5 zainod-0.10.1[3031]:     at packages/zaino-chain-head-service/src/service.rs:478
1791660629.260836 runnervmmprz5 zainod-0.10.1[3031]:     in zaino_chain_head_service::service::ChainHeadService::tick
1791660629.261650 runnervmmprz5 zainod-0.10.1[3031]:   19:30:29.261  INFO zaino_chain_head_service::service: Syncing block, height: 4382047, hash: 000056f836155bf74e300f0b82cf6fb3bbf435a29b23a357a8f0666d4d215ec5
1791660629.261650 runnervmmprz5 zainod-0.10.1[3031]:     at packages/zaino-chain-head-service/src/service.rs:478
1791660629.261650 runnervmmprz5 zainod-0.10.1[3031]:     in zaino_chain_head_service::service::ChainHeadService::tick
1791660629.271927 runnervmmprz5 zainod-0.10.1[3031]:   19:30:29.271  INFO zaino_chain_head_service::service: Syncing block, height: 4382048, hash: 00001892175b71279dedd512f9c0f38e8eb79be0ff6eb95c2e5427d7b7a2d167
1791660629.271927 runnervmmprz5 zainod-0.10.1[3031]:     at packages/zaino-chain-head-service/src/service.rs:478
1791660629.271927 runnervmmprz5 zainod-0.10.1[3031]:     in zaino_chain_head_service::service::ChainHeadService::tick
1791660629.272806 runnervmmprz5 zainod-0.10.1[3031]:   19:30:29.272  INFO zaino_chain_head_service::service: Syncing block, height: 4382049, hash: 00058baf6f4a24b48b3a345f57877c06523614ee354799abf3f8605a82b0e1e4
1791660629.272806 runnervmmprz5 zainod-0.10.1[3031]:     at packages/zaino-chain-head-service/src/service.rs:478
1791660629.272806 runnervmmprz5 zainod-0.10.1[3031]:     in zaino_chain_head_service::service::ChainHeadService::tick
1791660629.275553 runnervmmprz5 zainod-0.10.1[3031]:   19:30:29.275  INFO zaino_chain_head_service::service: Syncing block, height: 4382050, hash: 000003b9b0570ed64b9c4072d716534b59a9cf49f633c91e0f4bb4d5b66c5f17
1791660629.275553 runnervmmprz5 zainod-0.10.1[3031]:     at packages/zaino-chain-head-service/src/service.rs:478
1791660629.275553 runnervmmprz5 zainod-0.10.1[3031]:     in zaino_chain_head_service::service::ChainHeadService::tick
1791660629.278590 runnervmmprz5 zainod-0.10.1[3031]:   19:30:29.278  INFO zaino_chain_head_service::service: Syncing block, height: 4382051, hash: 0011f0e9d43fce89142f134e0849f2ba5f5397b25a35efb19ba90d2c14a65775
1791660629.278590 runnervmmprz5 zainod-0.10.1[3031]:     at packages/zaino-chain-head-service/src/service.rs:478
1791660629.278590 runnervmmprz5 zainod-0.10.1[3031]:     in zaino_chain_head_service::service::ChainHeadService::tick
1791660629.279498 runnervmmprz5 zainod-0.10.1[3031]:   19:30:29.279  INFO zaino_chain_head_service::service: Syncing block, height: 4382052, hash: 00003de0c67baa86e8c68d13ee43193fff0055dd74490986a1dd69d04d3d730b
1791660629.279498 runnervmmprz5 zainod-0.10.1[3031]:     at packages/zaino-chain-head-service/src/service.rs:478
1791660629.279498 runnervmmprz5 zainod-0.10.1[3031]:     in zaino_chain_head_service::service::ChainHeadService::tick
1791660629.281010 runnervmmprz5 zainod-0.10.1[3031]:   19:30:29.280  INFO zaino_chain_head_service::service: Syncing block, height: 4382053, hash: 00005477e6de974e1cac44c411d52a020b22d76b7cf248d18de9b01c0ed8a6bc
1791660629.281010 runnervmmprz5 zainod-0.10.1[3031]:     at packages/zaino-chain-head-service/src/service.rs:478
1791660629.281010 runnervmmprz5 zainod-0.10.1[3031]:     in zaino_chain_head_service::service::ChainHeadService::tick
1791660629.282199 runnervmmprz5 zainod-0.10.1[3031]:   19:30:29.282  INFO zaino_chain_head_service::service: Syncing block, height: 4382054, hash: 000061fd497e5061e4c1456562bcb5db727d020b014df2058ecf24b9cb269f04
1791660629.282199 runnervmmprz5 zainod-0.10.1[3031]:     at packages/zaino-chain-head-service/src/service.rs:478
1791660629.282199 runnervmmprz5 zainod-0.10.1[3031]:     in zaino_chain_head_service::service::ChainHeadService::tick
1791660629.289718 runnervmmprz5 zainod-0.10.1[3031]:   19:30:29.289  INFO zaino_chain_head_service::service: Syncing block, height: 4382055, hash: 0000272226858821025273ab098264b8d814d809c52a342c2abd3b4b6023693c
1791660629.289718 runnervmmprz5 zainod-0.10.1[3031]:     at packages/zaino-chain-head-service/src/service.rs:478
1791660629.289718 runnervmmprz5 zainod-0.10.1[3031]:     in zaino_chain_head_service::service::ChainHeadService::tick
1791660629.292065 runnervmmprz5 zainod-0.10.1[3031]:   19:30:29.290  INFO zaino_chain_head_service::service: Syncing block, height: 4382056, hash: 00003604f5f62840c435abe79bc49142c648a87f6189ff56edf5be3cf8d1e951
1791660629.292065 runnervmmprz5 zainod-0.10.1[3031]:     at packages/zaino-chain-head-service/src/service.rs:478
1791660629.292065 runnervmmprz5 zainod-0.10.1[3031]:     in zaino_chain_head_service::service::ChainHeadService::tick
1791660629.292408 runnervmmprz5 zainod-0.10.1[3031]:   19:30:29.292  INFO zaino_chain_head_service::service: Syncing block, height: 4382057, hash: 00002222f8a2ff3c55b1f807354cf5d22afad9e2a0efcc5db3e4a1924ba47759
1791660629.292408 runnervmmprz5 zainod-0.10.1[3031]:     at packages/zaino-chain-head-service/src/service.rs:478
1791660629.292408 runnervmmprz5 zainod-0.10.1[3031]:     in zaino_chain_head_service::service::ChainHeadService::tick
1791660629.294146 runnervmmprz5 zainod-0.10.1[3031]:   19:30:29.294  INFO zaino_chain_head_service::service: Syncing block, height: 4382058, hash: 000026c15ef41cd12f7109ea2055f391c8c5b524c28462aeef824bc79c4dafde
1791660629.294146 runnervmmprz5 zainod-0.10.1[3031]:     at packages/zaino-chain-head-service/src/service.rs:478
1791660629.294146 runnervmmprz5 zainod-0.10.1[3031]:     in zaino_chain_head_service::service::ChainHeadService::tick
1791660629.295150 runnervmmprz5 zainod-0.10.1[3031]:   19:30:29.295  INFO zaino_chain_head_service::service: Syncing block, height: 4382059, hash: 000054d129d0a4449872ae46cd2d627f60f07aafb380b863e07a1edeede5a3c1
1791660629.295150 runnervmmprz5 zainod-0.10.1[3031]:     at packages/zaino-chain-head-service/src/service.rs:478
1791660629.295150 runnervmmprz5 zainod-0.10.1[3031]:     in zaino_chain_head_service::service::ChainHeadService::tick
1791660629.296259 runnervmmprz5 zainod-0.10.1[3031]:   19:30:29.296  INFO zaino_chain_head_service::service: Syncing block, height: 4382060, hash: 0000464f6db9241a60e0646f2ff46881811d1e00ee2d84ae97ac29a6925e962e
1791660629.296259 runnervmmprz5 zainod-0.10.1[3031]:     at packages/zaino-chain-head-service/src/service.rs:478
1791660629.296259 runnervmmprz5 zainod-0.10.1[3031]:     in zaino_chain_head_service::service::ChainHeadService::tick
1791660629.296730 runnervmmprz5 zainod-0.10.1[3031]:   19:30:29.296  INFO zaino_chain_head_service::service: Syncing block, height: 4382061, hash: 0000462dfef43f6128e8c0d54ac4cc961cf39a826840cd7cd4e2524681dad69c
1791660629.296730 runnervmmprz5 zainod-0.10.1[3031]:     at packages/zaino-chain-head-service/src/service.rs:478
1791660629.296730 runnervmmprz5 zainod-0.10.1[3031]:     in zaino_chain_head_service::service::ChainHeadService::tick
1791660629.297766 runnervmmprz5 zainod-0.10.1[3031]:   19:30:29.297  INFO zaino_chain_head_service::service: Syncing block, height: 4382062, hash: 000003cdde54883f1426e0ebf4db0897f117845fc48dff1c7a45dfbcd81388a0
1791660629.297766 runnervmmprz5 zainod-0.10.1[3031]:     at packages/zaino-chain-head-service/src/service.rs:478
1791660629.297766 runnervmmprz5 zainod-0.10.1[3031]:     in zaino_chain_head_service::service::ChainHeadService::tick
1791660629.298170 runnervmmprz5 zainod-0.10.1[3031]:   19:30:29.298  INFO zaino_chain_head_service::service: Syncing block, height: 4382063, hash: 00004ab69cd553deeed4987c660a5e710e270e0f08d2175ba897faf1a2194f08
1791660629.298170 runnervmmprz5 zainod-0.10.1[3031]:     at packages/zaino-chain-head-service/src/service.rs:478
1791660629.298170 runnervmmprz5 zainod-0.10.1[3031]:     in zaino_chain_head_service::service::ChainHeadService::tick
1791660629.312376 runnervmmprz5 zainod-0.10.1[3031]:   19:30:29.312  INFO zaino_chain_head_service::service: Syncing block, height: 4382064, hash: 00001936c67d2d9cd331daf7c387aa87a9dd7aaf2442ec12622e16257e76c718
1791660629.312376 runnervmmprz5 zainod-0.10.1[3031]:     at packages/zaino-chain-head-service/src/service.rs:478
1791660629.312376 runnervmmprz5 zainod-0.10.1[3031]:     in zaino_chain_head_service::service::ChainHeadService::tick
1791660629.312851 runnervmmprz5 zainod-0.10.1[3031]:   19:30:29.312  INFO zaino_chain_head_service::service: Syncing block, height: 4382065, hash: 0000244cecd9b529e3f102ffaf659ed881c974a8f70e125d86fae0f8577e9b06
1791660629.312851 runnervmmprz5 zainod-0.10.1[3031]:     at packages/zaino-chain-head-service/src/service.rs:478
1791660629.312851 runnervmmprz5 zainod-0.10.1[3031]:     in zaino_chain_head_service::service::ChainHeadService::tick
1791660629.313927 runnervmmprz5 zainod-0.10.1[3031]:   19:30:29.313  INFO zaino_chain_head_service::service: Syncing block, height: 4382066, hash: 0000654f21a35e5fc4caa2dc3616256bd1190ce154f8353233f02c224ad2abc6
1791660629.313927 runnervmmprz5 zainod-0.10.1[3031]:     at packages/zaino-chain-head-service/src/service.rs:478
1791660629.313927 runnervmmprz5 zainod-0.10.1[3031]:     in zaino_chain_head_service::service::ChainHeadService::tick
1791660629.315288 runnervmmprz5 zainod-0.10.1[3031]:   19:30:29.315  INFO zaino_chain_head_service::service: Syncing block, height: 4382067, hash: 000029f758a75cfd76ba38e7708b0dba9195a12808d434ee3f9cecb6ec02e398
1791660629.315288 runnervmmprz5 zainod-0.10.1[3031]:     at packages/zaino-chain-head-service/src/service.rs:478
1791660629.315288 runnervmmprz5 zainod-0.10.1[3031]:     in zaino_chain_head_service::service::ChainHeadService::tick
1791660629.315920 runnervmmprz5 zainod-0.10.1[3031]:   19:30:29.315  INFO zaino_chain_head_service::service: Syncing block, height: 4382068, hash: 00000333c2aa7c0ba44b39841dd2cd93eebe9d76e7e3ceaea470bde251d60bb0
1791660629.315920 runnervmmprz5 zainod-0.10.1[3031]:     at packages/zaino-chain-head-service/src/service.rs:478
1791660629.315920 runnervmmprz5 zainod-0.10.1[3031]:     in zaino_chain_head_service::service::ChainHeadService::tick
1791660629.316441 runnervmmprz5 zainod-0.10.1[3031]:   19:30:29.316  INFO zaino_chain_head_service::service: Syncing block, height: 4382069, hash: 00039b0c45dcfd605e881b522c765488b3010d115d8522eb6d1f22d854ec7c53
1791660629.316441 runnervmmprz5 zainod-0.10.1[3031]:     at packages/zaino-chain-head-service/src/service.rs:478
1791660629.316441 runnervmmprz5 zainod-0.10.1[3031]:     in zaino_chain_head_service::service::ChainHeadService::tick
1791660629.316896 runnervmmprz5 zainod-0.10.1[3031]:   19:30:29.316  INFO zaino_chain_head_service::service: Syncing block, height: 4382070, hash: 00004d4c959a2756cf7f2f0e54071d33c267724012e6591ebc7faddc5a148d35
1791660629.316896 runnervmmprz5 zainod-0.10.1[3031]:     at packages/zaino-chain-head-service/src/service.rs:478
1791660629.316896 runnervmmprz5 zainod-0.10.1[3031]:     in zaino_chain_head_service::service::ChainHeadService::tick
1791660629.317300 runnervmmprz5 zainod-0.10.1[3031]:   19:30:29.317  INFO zaino_chain_head_service::service: Syncing block, height: 4382071, hash: 000046f3fd02965ab1d78ec9b10d5242cadeac1945bf3646b56d153366087c6f
1791660629.317300 runnervmmprz5 zainod-0.10.1[3031]:     at packages/zaino-chain-head-service/src/service.rs:478
1791660629.317300 runnervmmprz5 zainod-0.10.1[3031]:     in zaino_chain_head_service::service::ChainHeadService::tick
1791660629.317992 runnervmmprz5 zainod-0.10.1[3031]:   19:30:29.317  INFO zaino_chain_head_service::service: Syncing block, height: 4382072, hash: 00006ba383215378cffbc458549ae299deb0dbafe6a022eb774edf5826d0f1e6
1791660629.317992 runnervmmprz5 zainod-0.10.1[3031]:     at packages/zaino-chain-head-service/src/service.rs:478
1791660629.317992 runnervmmprz5 zainod-0.10.1[3031]:     in zaino_chain_head_service::service::ChainHeadService::tick
1791660629.320576 runnervmmprz5 zainod-0.10.1[3031]:   19:30:29.318  INFO zaino_chain_head_service::service: Syncing block, height: 4382073, hash: 00005f06142a38192c343502bb14efb7fee97d6ea9e5e4bccf633de7960521b2
1791660629.320576 runnervmmprz5 zainod-0.10.1[3031]:     at packages/zaino-chain-head-service/src/service.rs:478
1791660629.320576 runnervmmprz5 zainod-0.10.1[3031]:     in zaino_chain_head_service::service::ChainHeadService::tick
1791660629.320576 runnervmmprz5 zainod-0.10.1[3031]:   19:30:29.319  INFO zaino_chain_head_service::service: Syncing block, height: 4382074, hash: 00003f3e5dd890aa338333f303ba92d088c4597eb10bc80c74864652f4953da9
1791660629.320576 runnervmmprz5 zainod-0.10.1[3031]:     at packages/zaino-chain-head-service/src/service.rs:478
1791660629.320576 runnervmmprz5 zainod-0.10.1[3031]:     in zaino_chain_head_service::service::ChainHeadService::tick
1791660629.338476 runnervmmprz5 zainod-0.10.1[3031]:   19:30:29.338  INFO zaino_chain_head_service::service: Syncing block, height: 4382075, hash: 000079973f5af5fbd85615fc9770e2a24546c7c55c9cbee2fa15403d65561c4b
1791660629.338476 runnervmmprz5 zainod-0.10.1[3031]:     at packages/zaino-chain-head-service/src/service.rs:478
1791660629.338476 runnervmmprz5 zainod-0.10.1[3031]:     in zaino_chain_head_service::service::ChainHeadService::tick
1791660629.340075 runnervmmprz5 zainod-0.10.1[3031]:   19:30:29.339  INFO zaino_chain_head_service::service: Syncing block, height: 4382076, hash: 0000253dd2118bd3e9d1cc3e596e5619a5d57b7db0cece07714d9a047ce446fd
1791660629.340075 runnervmmprz5 zainod-0.10.1[3031]:     at packages/zaino-chain-head-service/src/service.rs:478
1791660629.340075 runnervmmprz5 zainod-0.10.1[3031]:     in zaino_chain_head_service::service::ChainHeadService::tick
1791660629.340292 runnervmmprz5 zainod-0.10.1[3031]:   19:30:29.340  INFO zaino_chain_head_service::service: Syncing block, height: 4382077, hash: 0000314530b8ed7f45d7589306e32140fae8d0e2448d381421e25a0bb2d75a67
1791660629.340292 runnervmmprz5 zainod-0.10.1[3031]:     at packages/zaino-chain-head-service/src/service.rs:478
1791660629.340292 runnervmmprz5 zainod-0.10.1[3031]:     in zaino_chain_head_service::service::ChainHeadService::tick
1791660629.341197 runnervmmprz5 zainod-0.10.1[3031]:   19:30:29.341  INFO zaino_chain_head_service::service: Syncing block, height: 4382078, hash: 0006d2654af444f3fced36b9d86ffdb7d8b417cbe4dc63150fa2790ebefdfa09
1791660629.341197 runnervmmprz5 zainod-0.10.1[3031]:     at packages/zaino-chain-head-service/src/service.rs:478
1791660629.341197 runnervmmprz5 zainod-0.10.1[3031]:     in zaino_chain_head_service::service::ChainHeadService::tick
1791660629.341652 runnervmmprz5 zainod-0.10.1[3031]:   19:30:29.341  INFO zaino_chain_head_service::service: Syncing block, height: 4382079, hash: 00006e0e78717656feaeb01ba3e5de1639de4be239cf1e66c2f50ffd321d7e24
1791660629.341652 runnervmmprz5 zainod-0.10.1[3031]:     at packages/zaino-chain-head-service/src/service.rs:478
1791660629.341652 runnervmmprz5 zainod-0.10.1[3031]:     in zaino_chain_head_service::service::ChainHeadService::tick
1791660629.343181 runnervmmprz5 zainod-0.10.1[3031]:   19:30:29.343  INFO zaino_chain_head_service::service: Syncing block, height: 4382080, hash: 00000e2529b69d32cc7b1f9bc2211401ec5662c0d94f5ab75040a414dd4389c8
1791660629.343181 runnervmmprz5 zainod-0.10.1[3031]:     at packages/zaino-chain-head-service/src/service.rs:478
1791660629.343181 runnervmmprz5 zainod-0.10.1[3031]:     in zaino_chain_head_service::service::ChainHeadService::tick
1791660629.343949 runnervmmprz5 zainod-0.10.1[3031]:   19:30:29.343  INFO zaino_chain_head_service::service: Syncing block, height: 4382081, hash: 0000311c1a0d4428f9300860c5ffcffab746abab243d3eb6617b4eb4face1471
1791660629.343949 runnervmmprz5 zainod-0.10.1[3031]:     at packages/zaino-chain-head-service/src/service.rs:478
1791660629.343949 runnervmmprz5 zainod-0.10.1[3031]:     in zaino_chain_head_service::service::ChainHeadService::tick
1791660629.345022 runnervmmprz5 zainod-0.10.1[3031]:   19:30:29.344  INFO zaino_chain_head_service::service: Syncing block, height: 4382082, hash: 0002beb686a10a78bdebc1d040a3640c6592462269a98febd241b0e3fa34e48f
1791660629.345022 runnervmmprz5 zainod-0.10.1[3031]:     at packages/zaino-chain-head-service/src/service.rs:478
1791660629.345022 runnervmmprz5 zainod-0.10.1[3031]:     in zaino_chain_head_service::service::ChainHeadService::tick
1791660629.353837 runnervmmprz5 zainod-0.10.1[3031]:   19:30:29.353  INFO zaino_chain_head_service::service: Syncing block, height: 4382083, hash: 000058cccde23a1a1cb0ddde3488e03802861d341ee517d5af743e8672f7f050
1791660629.353837 runnervmmprz5 zainod-0.10.1[3031]:     at packages/zaino-chain-head-service/src/service.rs:478
1791660629.353837 runnervmmprz5 zainod-0.10.1[3031]:     in zaino_chain_head_service::service::ChainHeadService::tick
1791660629.354597 runnervmmprz5 zainod-0.10.1[3031]:   19:30:29.354  INFO zaino_chain_head_service::service: Syncing block, height: 4382084, hash: 00039d957455a8335001d14c0aca41f6f4f20d103e38382bdc2abd87119d8bee
1791660629.354597 runnervmmprz5 zainod-0.10.1[3031]:     at packages/zaino-chain-head-service/src/service.rs:478
1791660629.354597 runnervmmprz5 zainod-0.10.1[3031]:     in zaino_chain_head_service::service::ChainHeadService::tick
1791660629.357069 runnervmmprz5 zainod-0.10.1[3031]:   19:30:29.355  INFO zaino_chain_head_service::service: Syncing block, height: 4382085, hash: 00002ccceae01305c3240c262c5c12f2f98915527f0ec3c18ae513a88e3903d6
1791660629.357069 runnervmmprz5 zainod-0.10.1[3031]:     at packages/zaino-chain-head-service/src/service.rs:478
1791660629.357069 runnervmmprz5 zainod-0.10.1[3031]:     in zaino_chain_head_service::service::ChainHeadService::tick
1791660629.357069 runnervmmprz5 zainod-0.10.1[3031]:   19:30:29.355  INFO zaino_chain_head_service::service: Syncing block, height: 4382086, hash: 00001d72f6df9dd2b0fd9b107a91cd12b532bf4ca9bfbcc5e84f8fda714fd4fc
1791660629.357069 runnervmmprz5 zainod-0.10.1[3031]:     at packages/zaino-chain-head-service/src/service.rs:478
1791660629.357069 runnervmmprz5 zainod-0.10.1[3031]:     in zaino_chain_head_service::service::ChainHeadService::tick
1791660629.357069 runnervmmprz5 zainod-0.10.1[3031]:   19:30:29.356  INFO zaino_chain_head_service::service: Syncing block, height: 4382087, hash: 0000306cfe7c54c9eb8cc72eccd3570057a6c958dc5f53580c270719d87e6bc3
1791660629.357069 runnervmmprz5 zainod-0.10.1[3031]:     at packages/zaino-chain-head-service/src/service.rs:478
1791660629.357069 runnervmmprz5 zainod-0.10.1[3031]:     in zaino_chain_head_service::service::ChainHeadService::tick
1791660629.357463 runnervmmprz5 zainod-0.10.1[3031]:   19:30:29.357  INFO zaino_chain_head_service::service: Syncing block, height: 4382088, hash: 0000566a1658c62f469f7ac48d1593c8cbf261f63525c6db05c51456ea3c9b45
1791660629.357463 runnervmmprz5 zainod-0.10.1[3031]:     at packages/zaino-chain-head-service/src/service.rs:478
1791660629.357463 runnervmmprz5 zainod-0.10.1[3031]:     in zaino_chain_head_service::service::ChainHeadService::tick
1791660629.358421 runnervmmprz5 zainod-0.10.1[3031]:   19:30:29.358  INFO zaino_chain_head_service::service: Syncing block, height: 4382089, hash: 00004ca67ca558ec34fd73994da6fe84c5ac7512fe7f962769bb494462ab00e1
1791660629.358421 runnervmmprz5 zainod-0.10.1[3031]:     at packages/zaino-chain-head-service/src/service.rs:478
1791660629.358421 runnervmmprz5 zainod-0.10.1[3031]:     in zaino_chain_head_service::service::ChainHeadService::tick
1791660629.360147 runnervmmprz5 zainod-0.10.1[3031]:   19:30:29.360  INFO zaino_chain_head_service::service: Syncing block, height: 4382090, hash: 0000793085e4001e0b1acccdae3002d0d590ce3ec22ad6e35f9a2a5bf3f66377
1791660629.360147 runnervmmprz5 zainod-0.10.1[3031]:     at packages/zaino-chain-head-service/src/service.rs:478
1791660629.360147 runnervmmprz5 zainod-0.10.1[3031]:     in zaino_chain_head_service::service::ChainHeadService::tick
1791660629.360953 runnervmmprz5 zainod-0.10.1[3031]:   19:30:29.360  INFO zaino_chain_head_service::service: Syncing block, height: 4382091, hash: 00007e6bd75f51309dff4dd2f1dca832e8030135e94a6a9faba60715df0440af
1791660629.360953 runnervmmprz5 zainod-0.10.1[3031]:     at packages/zaino-chain-head-service/src/service.rs:478
1791660629.360953 runnervmmprz5 zainod-0.10.1[3031]:     in zaino_chain_head_service::service::ChainHeadService::tick
1791660629.361688 runnervmmprz5 zainod-0.10.1[3031]:   19:30:29.361  INFO zaino_chain_head_service::service: Syncing block, height: 4382092, hash: 0000097bdd9348615f3d66a18ca0cd6f61076965519d469c8e35748910cd4d7d
1791660629.361688 runnervmmprz5 zainod-0.10.1[3031]:     at packages/zaino-chain-head-service/src/service.rs:478
1791660629.361688 runnervmmprz5 zainod-0.10.1[3031]:     in zaino_chain_head_service::service::ChainHeadService::tick
1791660629.362207 runnervmmprz5 zainod-0.10.1[3031]:   19:30:29.362  INFO zaino_chain_head_service::service: Syncing block, height: 4382093, hash: 00000f116c78b8d143c35b29c593d332ead6f42610fa8df54ff107e8d9988fd7
1791660629.362207 runnervmmprz5 zainod-0.10.1[3031]:     at packages/zaino-chain-head-service/src/service.rs:478
1791660629.362207 runnervmmprz5 zainod-0.10.1[3031]:     in zaino_chain_head_service::service::ChainHeadService::tick
1791660629.362885 runnervmmprz5 zainod-0.10.1[3031]:   19:30:29.362  INFO zaino_chain_head_service::service: Syncing block, height: 4382094, hash: 000023ab85ae9f089fbe4fe8eb1ccbe2228a55f7f66a433f959a8138bc35372e
1791660629.362885 runnervmmprz5 zainod-0.10.1[3031]:     at packages/zaino-chain-head-service/src/service.rs:478
1791660629.362885 runnervmmprz5 zainod-0.10.1[3031]:     in zaino_chain_head_service::service::ChainHeadService::tick
1791660629.370663 runnervmmprz5 zainod-0.10.1[3031]:   19:30:29.370  INFO zaino_chain_head_service::service: Syncing block, height: 4382095, hash: 00004f202a5b88474238d84e9b783d996823da6937ebb36436b6c8f4ff469d2a
1791660629.370663 runnervmmprz5 zainod-0.10.1[3031]:     at packages/zaino-chain-head-service/src/service.rs:478
1791660629.370663 runnervmmprz5 zainod-0.10.1[3031]:     in zaino_chain_head_service::service::ChainHeadService::tick
1791660629.371131 runnervmmprz5 zainod-0.10.1[3031]:   19:30:29.371  INFO zaino_chain_head_service::service: Syncing block, height: 4382096, hash: 00001f72a1ad669337120bbb01cd4f18536ca8eb634a0aedb1b98cac4ffdb998
1791660629.371131 runnervmmprz5 zainod-0.10.1[3031]:     at packages/zaino-chain-head-service/src/service.rs:478
1791660629.371131 runnervmmprz5 zainod-0.10.1[3031]:     in zaino_chain_head_service::service::ChainHeadService::tick
1791660629.372234 runnervmmprz5 zainod-0.10.1[3031]:   19:30:29.372  INFO zaino_chain_head_service::service: Syncing block, height: 4382097, hash: 00006e8b85d4c575c2cc853e668c88b7985ef9bdda4152efe4b20f1997714762
1791660629.372234 runnervmmprz5 zainod-0.10.1[3031]:     at packages/zaino-chain-head-service/src/service.rs:478
1791660629.372234 runnervmmprz5 zainod-0.10.1[3031]:     in zaino_chain_head_service::service::ChainHeadService::tick
1791660629.372987 runnervmmprz5 zainod-0.10.1[3031]:   19:30:29.372  INFO zaino_chain_head_service::service: Syncing block, height: 4382098, hash: 00004451e023eb85aa712838f1237945947501afdbece2e29410b0d5c13b9144
1791660629.372987 runnervmmprz5 zainod-0.10.1[3031]:     at packages/zaino-chain-head-service/src/service.rs:478
1791660629.372987 runnervmmprz5 zainod-0.10.1[3031]:     in zaino_chain_head_service::service::ChainHeadService::tick
1791660629.373427 runnervmmprz5 zainod-0.10.1[3031]:   19:30:29.373  INFO zaino_chain_head_service::service: Syncing block, height: 4382099, hash: 000033ff7859809852794fa03057e7d0039637d6b0f092454bb9181b8e0a91cc
1791660629.373427 runnervmmprz5 zainod-0.10.1[3031]:     at packages/zaino-chain-head-service/src/service.rs:478
1791660629.373427 runnervmmprz5 zainod-0.10.1[3031]:     in zaino_chain_head_service::service::ChainHeadService::tick
1791660629.374451 runnervmmprz5 zainod-0.10.1[3031]:   19:30:29.373  INFO zaino_chain_head_service::service: Syncing block, height: 4382100, hash: 00005c0ca736baf8e7bcc991e383a771a0ec485fbecd47e0e091fe947cf1a156
1791660629.374451 runnervmmprz5 zainod-0.10.1[3031]:     at packages/zaino-chain-head-service/src/service.rs:478
1791660629.374451 runnervmmprz5 zainod-0.10.1[3031]:     in zaino_chain_head_service::service::ChainHeadService::tick
1791660629.375178 runnervmmprz5 zainod-0.10.1[3031]:   19:30:29.374  INFO zaino_chain_head_service::service: Syncing block, height: 4382101, hash: 0000594ee0d7a7af44a5368e9fdd9c6aa142a1e62dc6f106f74634e82b122ca2
1791660629.375178 runnervmmprz5 zainod-0.10.1[3031]:     at packages/zaino-chain-head-service/src/service.rs:478
1791660629.375178 runnervmmprz5 zainod-0.10.1[3031]:     in zaino_chain_head_service::service::ChainHeadService::tick
1791660629.376228 runnervmmprz5 zainod-0.10.1[3031]:   19:30:29.376  INFO zaino_chain_head_service::service: Syncing block, height: 4382102, hash: 00004fc1210f546a24c170be8ed2dbb6117e618be4cd230497650d619235688c
1791660629.376228 runnervmmprz5 zainod-0.10.1[3031]:     at packages/zaino-chain-head-service/src/service.rs:478
1791660629.376228 runnervmmprz5 zainod-0.10.1[3031]:     in zaino_chain_head_service::service::ChainHeadService::tick
1791660629.377707 runnervmmprz5 zainod-0.10.1[3031]:   19:30:29.377  INFO zaino_chain_head_service::service: Syncing block, height: 4382103, hash: 00001d41c5a1e0dc657f1339a6cc82bcb8b55d535cc0317913c247771782dfa8
1791660629.377707 runnervmmprz5 zainod-0.10.1[3031]:     at packages/zaino-chain-head-service/src/service.rs:478
1791660629.377707 runnervmmprz5 zainod-0.10.1[3031]:     in zaino_chain_head_service::service::ChainHeadService::tick
1791660629.378244 runnervmmprz5 zainod-0.10.1[3031]:   19:30:29.378  INFO zaino_chain_head_service::service: Syncing block, height: 4382104, hash: 00004141affe145381c35661934d2cdb5f0b4d6aba007e5263a3ebbe88fb6b75
1791660629.378244 runnervmmprz5 zainod-0.10.1[3031]:     at packages/zaino-chain-head-service/src/service.rs:478
1791660629.378244 runnervmmprz5 zainod-0.10.1[3031]:     in zaino_chain_head_service::service::ChainHeadService::tick
1791660629.379147 runnervmmprz5 zainod-0.10.1[3031]:   19:30:29.379  INFO zaino_chain_head_service::service: Syncing block, height: 4382105, hash: 00007c7e65921f7b133395ace1577d59a335d711f498ea06f4ad746708712890
1791660629.379147 runnervmmprz5 zainod-0.10.1[3031]:     at packages/zaino-chain-head-service/src/service.rs:478
1791660629.379147 runnervmmprz5 zainod-0.10.1[3031]:     in zaino_chain_head_service::service::ChainHeadService::tick
1791660629.386575 runnervmmprz5 zainod-0.10.1[3031]:   19:30:29.386  INFO zaino_chain_head_service::service: Syncing block, height: 4382106, hash: 0000106c13d68237ec83a8e4b1d8cffa5de1dec7ec76df163625927663d58387
1791660629.386575 runnervmmprz5 zainod-0.10.1[3031]:     at packages/zaino-chain-head-service/src/service.rs:478
1791660629.386575 runnervmmprz5 zainod-0.10.1[3031]:     in zaino_chain_head_service::service::ChainHeadService::tick
1791660629.388632 runnervmmprz5 zainod-0.10.1[3031]:   19:30:29.388  INFO zaino_chain_head_service::service: Syncing block, height: 4382107, hash: 00002437d40ebdbfb70d5e975b006fbfded224a7b90762ed2cd02cca7ac73f32
1791660629.388632 runnervmmprz5 zainod-0.10.1[3031]:     at packages/zaino-chain-head-service/src/service.rs:478
1791660629.388632 runnervmmprz5 zainod-0.10.1[3031]:     in zaino_chain_head_service::service::ChainHeadService::tick
1791660629.389664 runnervmmprz5 zainod-0.10.1[3031]:   19:30:29.389  INFO zaino_chain_head_service::service: Syncing block, height: 4382108, hash: 000079d1a968f8d6d90aebb8e8866527d5ff02d8ba7c6eac37fee1aa2d7e1fc9
1791660629.389664 runnervmmprz5 zainod-0.10.1[3031]:     at packages/zaino-chain-head-service/src/service.rs:478
1791660629.389664 runnervmmprz5 zainod-0.10.1[3031]:     in zaino_chain_head_service::service::ChainHeadService::tick
1791660629.390866 runnervmmprz5 zainod-0.10.1[3031]:   19:30:29.390  INFO zaino_chain_head_service::service: Syncing block, height: 4382109, hash: 00000caa2acfbfb5d8ff66c6262003489310056609d3fe106c8d70331888e580
1791660629.390866 runnervmmprz5 zainod-0.10.1[3031]:     at packages/zaino-chain-head-service/src/service.rs:478
1791660629.390866 runnervmmprz5 zainod-0.10.1[3031]:     in zaino_chain_head_service::service::ChainHeadService::tick
1791660629.391458 runnervmmprz5 zainod-0.10.1[3031]:   19:30:29.391  INFO zaino_chain_head_service::service: Syncing block, height: 4382110, hash: 00006509ac488c42e972abd1978b3ac5c2995aa183b8e4cd61041a0f05a8f4b7
1791660629.391458 runnervmmprz5 zainod-0.10.1[3031]:     at packages/zaino-chain-head-service/src/service.rs:478
1791660629.391458 runnervmmprz5 zainod-0.10.1[3031]:     in zaino_chain_head_service::service::ChainHeadService::tick
1791660629.392595 runnervmmprz5 zainod-0.10.1[3031]:   19:30:29.392  INFO zaino_chain_head_service::service: Syncing block, height: 4382111, hash: 00003f090496e0409c7c1e5d81ed070e3122725f28d2e2076ea97d2695b08ac2
1791660629.392595 runnervmmprz5 zainod-0.10.1[3031]:     at packages/zaino-chain-head-service/src/service.rs:478
1791660629.392595 runnervmmprz5 zainod-0.10.1[3031]:     in zaino_chain_head_service::service::ChainHeadService::tick
1791660629.392999 runnervmmprz5 zainod-0.10.1[3031]:   19:30:29.392  INFO zaino_chain_head_service::service: Syncing block, height: 4382112, hash: 0000764dd2827d8d6ec711d15f93482159c3ce8ed9c7b5271b841f6ea80e65fa
1791660629.392999 runnervmmprz5 zainod-0.10.1[3031]:     at packages/zaino-chain-head-service/src/service.rs:478
1791660629.392999 runnervmmprz5 zainod-0.10.1[3031]:     in zaino_chain_head_service::service::ChainHeadService::tick
1791660629.393593 runnervmmprz5 zainod-0.10.1[3031]:   19:30:29.393  INFO zaino_chain_head_service::service: Syncing block, height: 4382113, hash: 0000570f084474800a37852b8d5a7dba1cdb1c9d8ac912ae089030ab779a4f31
1791660629.393593 runnervmmprz5 zainod-0.10.1[3031]:     at packages/zaino-chain-head-service/src/service.rs:478
1791660629.393593 runnervmmprz5 zainod-0.10.1[3031]:     in zaino_chain_head_service::service::ChainHeadService::tick
1791660629.394501 runnervmmprz5 zainod-0.10.1[3031]:   19:30:29.394  INFO zaino_chain_head_service::service: Syncing block, height: 4382114, hash: 0000626e666f9fdef56a7571b3df795e66cec890283275a9fff3d3d06c6bc7bf
1791660629.394501 runnervmmprz5 zainod-0.10.1[3031]:     at packages/zaino-chain-head-service/src/service.rs:478
1791660629.394501 runnervmmprz5 zainod-0.10.1[3031]:     in zaino_chain_head_service::service::ChainHeadService::tick
1791660629.395180 runnervmmprz5 zainod-0.10.1[3031]:   19:30:29.395  INFO zaino_chain_head_service::service: Syncing block, height: 4382115, hash: 000069b68b983edec4de804c5e81ef93da01f92e583f9211648d55d38cebcbce
1791660629.395180 runnervmmprz5 zainod-0.10.1[3031]:     at packages/zaino-chain-head-service/src/service.rs:478
1791660629.395180 runnervmmprz5 zainod-0.10.1[3031]:     in zaino_chain_head_service::service::ChainHeadService::tick
1791660629.395813 runnervmmprz5 zainod-0.10.1[3031]:   19:30:29.395  INFO zaino_chain_head_service::service: Syncing block, height: 4382116, hash: 000002e4de3e7f24d218890305d725dbc437d8b1a41a84c964e3634da31566ec
1791660629.395813 runnervmmprz5 zainod-0.10.1[3031]:     at packages/zaino-chain-head-service/src/service.rs:478
1791660629.395813 runnervmmprz5 zainod-0.10.1[3031]:     in zaino_chain_head_service::service::ChainHeadService::tick
1791660629.396963 runnervmmprz5 zainod-0.10.1[3031]:   19:30:29.396  INFO zaino_chain_head_service::service: Syncing block, height: 4382117, hash: 000021445b0d4cb7733b8d3284a2166f2a0f85a29fb8c6ae5136124ae2dd38a1
1791660629.396963 runnervmmprz5 zainod-0.10.1[3031]:     at packages/zaino-chain-head-service/src/service.rs:478
1791660629.396963 runnervmmprz5 zainod-0.10.1[3031]:     in zaino_chain_head_service::service::ChainHeadService::tick
1791660629.397651 runnervmmprz5 zainod-0.10.1[3031]:   19:30:29.397  INFO zaino_chain_head_service::service: Syncing block, height: 4382118, hash: 0000196bb458d6b8b3116f5105275fc98ef3d1c24bbfb8edfa4042063bb85cf2
1791660629.397651 runnervmmprz5 zainod-0.10.1[3031]:     at packages/zaino-chain-head-service/src/service.rs:478
1791660629.397651 runnervmmprz5 zainod-0.10.1[3031]:     in zaino_chain_head_service::service::ChainHeadService::tick
1791660629.408766 runnervmmprz5 zainod-0.10.1[3031]:   19:30:29.408  INFO zaino_chain_head_service::service: Syncing block, height: 4382119, hash: 0000736a22fe33cf66afc1bc9b91784356df5c7e56350a2df2ee50815863f5f7
1791660629.408766 runnervmmprz5 zainod-0.10.1[3031]:     at packages/zaino-chain-head-service/src/service.rs:478
1791660629.408766 runnervmmprz5 zainod-0.10.1[3031]:     in zaino_chain_head_service::service::ChainHeadService::tick
1791660629.410711 runnervmmprz5 zainod-0.10.1[3031]:   19:30:29.409  INFO zaino_chain_head_service::service: Syncing block, height: 4382120, hash: 000058f6c9facf0b3e5ea5622b4293fb56d4d5af28129ef751ac79b738efb812
1791660629.410711 runnervmmprz5 zainod-0.10.1[3031]:     at packages/zaino-chain-head-service/src/service.rs:478
1791660629.410711 runnervmmprz5 zainod-0.10.1[3031]:     in zaino_chain_head_service::service::ChainHeadService::tick
1791660629.410711 runnervmmprz5 zainod-0.10.1[3031]:   19:30:29.409  INFO zaino_chain_head_service::service: Syncing block, height: 4382121, hash: 000010df524c6324a24808ce372ef1d59b85e6732e656187f500adb252b8f8fd
1791660629.410711 runnervmmprz5 zainod-0.10.1[3031]:     at packages/zaino-chain-head-service/src/service.rs:478
1791660629.410711 runnervmmprz5 zainod-0.10.1[3031]:     in zaino_chain_head_service::service::ChainHeadService::tick
1791660629.412336 runnervmmprz5 zainod-0.10.1[3031]:   19:30:29.412  INFO zaino_chain_head_service::service: Syncing block, height: 4382122, hash: 00003b36e11b712358f011ece4bdd29b3f1b86f2af4a3dad81045fbf10b09fbc
1791660629.412336 runnervmmprz5 zainod-0.10.1[3031]:     at packages/zaino-chain-head-service/src/service.rs:478
1791660629.412336 runnervmmprz5 zainod-0.10.1[3031]:     in zaino_chain_head_service::service::ChainHeadService::tick
1791660629.414328 runnervmmprz5 zainod-0.10.1[3031]:   19:30:29.413  INFO zaino_chain_head_service::service: Syncing block, height: 4382123, hash: 00001d17af49f74a4e6a62d68939a09549eb5a780e7e1b6150c02b361bf319f0
1791660629.414328 runnervmmprz5 zainod-0.10.1[3031]:     at packages/zaino-chain-head-service/src/service.rs:478
1791660629.414328 runnervmmprz5 zainod-0.10.1[3031]:     in zaino_chain_head_service::service::ChainHeadService::tick
1791660629.415704 runnervmmprz5 zainod-0.10.1[3031]:   19:30:29.415  INFO zaino_chain_head_service::service: Syncing block, height: 4382124, hash: 00007e6d9d39082eb44349dcf3cbcf06470283e193357392f2602da6caff35a7
1791660629.415704 runnervmmprz5 zainod-0.10.1[3031]:     at packages/zaino-chain-head-service/src/service.rs:478
1791660629.415704 runnervmmprz5 zainod-0.10.1[3031]:     in zaino_chain_head_service::service::ChainHeadService::tick
1791660629.417468 runnervmmprz5 zainod-0.10.1[3031]:   19:30:29.417  INFO zaino_chain_head_service::service: Syncing block, height: 4382125, hash: 00022d823c4b4df9ee7e4af03876516d4b5126b7b778b5cceeb98d011f8f88dd
1791660629.417468 runnervmmprz5 zainod-0.10.1[3031]:     at packages/zaino-chain-head-service/src/service.rs:478
1791660629.417468 runnervmmprz5 zainod-0.10.1[3031]:     in zaino_chain_head_service::service::ChainHeadService::tick
1791660629.427900 runnervmmprz5 zainod-0.10.1[3031]:   19:30:29.427  INFO zaino_chain_head_service::service: Syncing block, height: 4382126, hash: 00005602083b4755b1dc2e4090c1bd1305d5cbeb6a4324abb395cc44d18a76ae
1791660629.427900 runnervmmprz5 zainod-0.10.1[3031]:     at packages/zaino-chain-head-service/src/service.rs:478
1791660629.427900 runnervmmprz5 zainod-0.10.1[3031]:     in zaino_chain_head_service::service::ChainHeadService::tick
1791660629.429157 runnervmmprz5 zainod-0.10.1[3031]:   19:30:29.429  INFO zaino_chain_head_service::service: Syncing block, height: 4382127, hash: 000015ca6dab02d4e8f752b03e5e59c0d11ef84c90843a449aaa06c25fa81db4
1791660629.429157 runnervmmprz5 zainod-0.10.1[3031]:     at packages/zaino-chain-head-service/src/service.rs:478
1791660629.429157 runnervmmprz5 zainod-0.10.1[3031]:     in zaino_chain_head_service::service::ChainHeadService::tick
1791660629.430439 runnervmmprz5 zainod-0.10.1[3031]:   19:30:29.430  INFO zaino_chain_head_service::service: Syncing block, height: 4382128, hash: 000005722de2efb242726ab226a4fa6bc6fc84eb71131a363cacd2ac074fa623
1791660629.430439 runnervmmprz5 zainod-0.10.1[3031]:     at packages/zaino-chain-head-service/src/service.rs:478
1791660629.430439 runnervmmprz5 zainod-0.10.1[3031]:     in zaino_chain_head_service::service::ChainHeadService::tick
1791660629.431256 runnervmmprz5 zainod-0.10.1[3031]:   19:30:29.431  INFO zaino_chain_head_service::service: Syncing block, height: 4382129, hash: 00003f50db0587e3ec782694db8ae4cefc86525cae8ecfdfe49727bce867cc07
1791660629.431256 runnervmmprz5 zainod-0.10.1[3031]:     at packages/zaino-chain-head-service/src/service.rs:478
1791660629.431256 runnervmmprz5 zainod-0.10.1[3031]:     in zaino_chain_head_service::service::ChainHeadService::tick
1791660629.432009 runnervmmprz5 zainod-0.10.1[3031]:   19:30:29.431  INFO zaino_chain_head_service::service: Syncing block, height: 4382130, hash: 000071a56f7eb25ad4c9479413791cc0c50bb571f8eae1851234fde0c1d7889e
1791660629.432009 runnervmmprz5 zainod-0.10.1[3031]:     at packages/zaino-chain-head-service/src/service.rs:478
1791660629.432009 runnervmmprz5 zainod-0.10.1[3031]:     in zaino_chain_head_service::service::ChainHeadService::tick
1791660629.432848 runnervmmprz5 zainod-0.10.1[3031]:   19:30:29.432  INFO zaino_chain_head_service::service: Syncing block, height: 4382131, hash: 00003360857f0fff35c13491f7d6a5347b10c69f578483a56325d35b454d3dec
1791660629.432848 runnervmmprz5 zainod-0.10.1[3031]:     at packages/zaino-chain-head-service/src/service.rs:478
1791660629.432848 runnervmmprz5 zainod-0.10.1[3031]:     in zaino_chain_head_service::service::ChainHeadService::tick
1791660629.433917 runnervmmprz5 zainod-0.10.1[3031]:   19:30:29.433  INFO zaino_chain_head_service::service: Syncing block, height: 4382132, hash: 000038ea26de45441f5f9d97e23ce1f1b19481c582174a2d65ab15e0b26c8e2b
1791660629.433917 runnervmmprz5 zainod-0.10.1[3031]:     at packages/zaino-chain-head-service/src/service.rs:478
1791660629.433917 runnervmmprz5 zainod-0.10.1[3031]:     in zaino_chain_head_service::service::ChainHeadService::tick
1791660629.435464 runnervmmprz5 zainod-0.10.1[3031]:   19:30:29.435  INFO zaino_chain_head_service::service: Syncing block, height: 4382133, hash: 0000736b2ae1967eec2bd456505f385ab7ed23325d53f418816a410d00606e14
1791660629.435464 runnervmmprz5 zainod-0.10.1[3031]:     at packages/zaino-chain-head-service/src/service.rs:478
1791660629.435464 runnervmmprz5 zainod-0.10.1[3031]:     in zaino_chain_head_service::service::ChainHeadService::tick
1791660629.438282 runnervmmprz5 zainod-0.10.1[3031]:   19:30:29.438  INFO zaino_chain_head_service::service: Syncing block, height: 4382134, hash: 000009636de422bd3ffb2a4a99676cda15c52ce9b7e7ccd8771e05edace5d458
1791660629.438282 runnervmmprz5 zainod-0.10.1[3031]:     at packages/zaino-chain-head-service/src/service.rs:478
1791660629.438282 runnervmmprz5 zainod-0.10.1[3031]:     in zaino_chain_head_service::service::ChainHeadService::tick
1791660629.439250 runnervmmprz5 zainod-0.10.1[3031]:   19:30:29.439  INFO zaino_chain_head_service::service: Syncing block, height: 4382135, hash: 00002a768ce750477dd752702a3db5863376bfae0bcc0da2427e05bb82b0fb1e
1791660629.439250 runnervmmprz5 zainod-0.10.1[3031]:     at packages/zaino-chain-head-service/src/service.rs:478
1791660629.439250 runnervmmprz5 zainod-0.10.1[3031]:     in zaino_chain_head_service::service::ChainHeadService::tick
1791660629.450022 runnervmmprz5 zainod-0.10.1[3031]:   19:30:29.449  INFO zaino_chain_head_service::service: Syncing block, height: 4382136, hash: 000041e6247f686fcab172dd32e14d179335cefd1a991e6c84a3e86117037e0c
1791660629.450022 runnervmmprz5 zainod-0.10.1[3031]:     at packages/zaino-chain-head-service/src/service.rs:478
1791660629.450022 runnervmmprz5 zainod-0.10.1[3031]:     in zaino_chain_head_service::service::ChainHeadService::tick
1791660629.451973 runnervmmprz5 zainod-0.10.1[3031]:   19:30:29.450  INFO zaino_chain_head_service::service: Syncing block, height: 4382137, hash: 00007b49bb001c82ed06a8053399925e134188ca43dd35193078dcf234638d02
1791660629.451973 runnervmmprz5 zainod-0.10.1[3031]:     at packages/zaino-chain-head-service/src/service.rs:478
1791660629.451973 runnervmmprz5 zainod-0.10.1[3031]:     in zaino_chain_head_service::service::ChainHeadService::tick
1791660629.451973 runnervmmprz5 zainod-0.10.1[3031]:   19:30:29.451  INFO zaino_chain_head_service::service: Syncing block, height: 4382138, hash: 0000302603789e339291418acbee70012f903188bdd19ea70270184ca817991c
1791660629.451973 runnervmmprz5 zainod-0.10.1[3031]:     at packages/zaino-chain-head-service/src/service.rs:478
1791660629.451973 runnervmmprz5 zainod-0.10.1[3031]:     in zaino_chain_head_service::service::ChainHeadService::tick
1791660629.452994 runnervmmprz5 zainod-0.10.1[3031]:   19:30:29.452  INFO zaino_chain_head_service::service: Syncing block, height: 4382139, hash: 00001c58997b73f1756e9da9396d3002b98b8ccbd42f7a8d18e85828ab9a52a9
1791660629.452994 runnervmmprz5 zainod-0.10.1[3031]:     at packages/zaino-chain-head-service/src/service.rs:478
1791660629.452994 runnervmmprz5 zainod-0.10.1[3031]:     in zaino_chain_head_service::service::ChainHeadService::tick
1791660629.454109 runnervmmprz5 zainod-0.10.1[3031]:   19:30:29.454  INFO zaino_chain_head_service::service: Syncing block, height: 4382140, hash: 00005f26cc1d776eccdaa6e5a54a15ff4a9ccf8ae41d1923ed8c82bd183bef0a
1791660629.454109 runnervmmprz5 zainod-0.10.1[3031]:     at packages/zaino-chain-head-service/src/service.rs:478
1791660629.454109 runnervmmprz5 zainod-0.10.1[3031]:     in zaino_chain_head_service::service::ChainHeadService::tick
1791660629.455201 runnervmmprz5 zainod-0.10.1[3031]:   19:30:29.454  INFO zaino_chain_head_service::service: Syncing block, height: 4382141, hash: 00007062e131add8c69691606b91503097ac5022fea56494b47d59519b55c447
1791660629.455201 runnervmmprz5 zainod-0.10.1[3031]:     at packages/zaino-chain-head-service/src/service.rs:478
1791660629.455201 runnervmmprz5 zainod-0.10.1[3031]:     in zaino_chain_head_service::service::ChainHeadService::tick
1791660629.455916 runnervmmprz5 zainod-0.10.1[3031]:   19:30:29.455  INFO zaino_chain_head_service::service: Syncing block, height: 4382142, hash: 00004f216c9e9f7ce11e745d90aad0e3332f7c196c5887e7a61f61d0ba2c0a22
1791660629.455916 runnervmmprz5 zainod-0.10.1[3031]:     at packages/zaino-chain-head-service/src/service.rs:478
1791660629.455916 runnervmmprz5 zainod-0.10.1[3031]:     in zaino_chain_head_service::service::ChainHeadService::tick
1791660629.475030 runnervmmprz5 zainod-0.10.1[3031]:   19:30:29.473  INFO zaino_chain_head_service::service: Syncing block, height: 4382143, hash: 00004d6d8081b1bb91649b05eb26ac571fad40279a3b8dd7f3f56e733f5f60af
1791660629.475030 runnervmmprz5 zainod-0.10.1[3031]:     at packages/zaino-chain-head-service/src/service.rs:478
1791660629.475030 runnervmmprz5 zainod-0.10.1[3031]:     in zaino_chain_head_service::service::ChainHeadService::tick
1791660629.475030 runnervmmprz5 zainod-0.10.1[3031]:   19:30:29.473  INFO zaino_chain_head_service::service: Syncing block, height: 4382144, hash: 00004774c6a83d29cb28cad6009ef1544fd7193e34868e36bcfb5c2702ca689b
1791660629.475030 runnervmmprz5 zainod-0.10.1[3031]:     at packages/zaino-chain-head-service/src/service.rs:478
1791660629.475030 runnervmmprz5 zainod-0.10.1[3031]:     in zaino_chain_head_service::service::ChainHeadService::tick
1791660629.475030 runnervmmprz5 zainod-0.10.1[3031]:   19:30:29.474  INFO zaino_chain_head_service::service: Syncing block, height: 4382145, hash: 00005a38f00eecdc5563ec29c9fe7e01725ef84af9a13553e255bd49a4173aaa
1791660629.475030 runnervmmprz5 zainod-0.10.1[3031]:     at packages/zaino-chain-head-service/src/service.rs:478
1791660629.475030 runnervmmprz5 zainod-0.10.1[3031]:     in zaino_chain_head_service::service::ChainHeadService::tick
1791660629.476559 runnervmmprz5 zainod-0.10.1[3031]:   19:30:29.475  INFO zaino_chain_head_service::service: Syncing block, height: 4382146, hash: 000009dff6bdb3ddd25a0c65d75c00dcf8f12be36b5d44c5e506797e95cf5871
1791660629.476559 runnervmmprz5 zainod-0.10.1[3031]:     at packages/zaino-chain-head-service/src/service.rs:478
1791660629.476559 runnervmmprz5 zainod-0.10.1[3031]:     in zaino_chain_head_service::service::ChainHeadService::tick
1791660629.476559 runnervmmprz5 zainod-0.10.1[3031]:   19:30:29.475  INFO zaino_chain_head_service::service: Syncing block, height: 4382147, hash: 00001a9e689dc6075078f5c3d1a902f2d2452e7d810acb20e5327fa5aa6e1054
1791660629.476559 runnervmmprz5 zainod-0.10.1[3031]:     at packages/zaino-chain-head-service/src/service.rs:478
1791660629.476559 runnervmmprz5 zainod-0.10.1[3031]:     in zaino_chain_head_service::service::ChainHeadService::tick
1791660629.477613 runnervmmprz5 zainod-0.10.1[3031]:   19:30:29.476  INFO zaino_chain_head_service::service: Syncing block, height: 4382148, hash: 00005db0373a161a635a2136d0202ad809a9031d041dd63e48c3dd5bb9b22fc9
1791660629.477613 runnervmmprz5 zainod-0.10.1[3031]:     at packages/zaino-chain-head-service/src/service.rs:478
1791660629.477613 runnervmmprz5 zainod-0.10.1[3031]:     in zaino_chain_head_service::service::ChainHeadService::tick
1791660629.488878 runnervmmprz5 zainod-0.10.1[3031]:   19:30:29.488  INFO zaino_chain_head_service::service: Syncing block, height: 4382149, hash: 000031211311592b900a5c3ef31ab89d8782290a33f3468529ff0994063b99bd
1791660629.488878 runnervmmprz5 zainod-0.10.1[3031]:     at packages/zaino-chain-head-service/src/service.rs:478
1791660629.488878 runnervmmprz5 zainod-0.10.1[3031]:     in zaino_chain_head_service::service::ChainHeadService::tick
1791660629.491078 runnervmmprz5 zainod-0.10.1[3031]:   19:30:29.490  INFO zaino_chain_head_service::service: Syncing block, height: 4382150, hash: 000054309f6a9dca38a670d80acb4e926e17fcaca80b8731298df13fd3ffb4cc
1791660629.491078 runnervmmprz5 zainod-0.10.1[3031]:     at packages/zaino-chain-head-service/src/service.rs:478
1791660629.491078 runnervmmprz5 zainod-0.10.1[3031]:     in zaino_chain_head_service::service::ChainHeadService::tick
1791660629.491611 runnervmmprz5 zainod-0.10.1[3031]:   19:30:29.491  INFO zaino_chain_head_service::service: Syncing block, height: 4382151, hash: 000017c3fe3c65f429554e21ab5ad5e20b784b94b524121f7bf7e619fffedee9
1791660629.491611 runnervmmprz5 zainod-0.10.1[3031]:     at packages/zaino-chain-head-service/src/service.rs:478
1791660629.491611 runnervmmprz5 zainod-0.10.1[3031]:     in zaino_chain_head_service::service::ChainHeadService::tick
1791660629.492360 runnervmmprz5 zainod-0.10.1[3031]:   19:30:29.492  INFO zaino_chain_head_service::service: Syncing block, height: 4382152, hash: 00005f98ca7c9e050a3f92eae4e039e462c61c958f4db6017a649a9ba7b08fcd
1791660629.492360 runnervmmprz5 zainod-0.10.1[3031]:     at packages/zaino-chain-head-service/src/service.rs:478
1791660629.492360 runnervmmprz5 zainod-0.10.1[3031]:     in zaino_chain_head_service::service::ChainHeadService::tick
1791660629.492888 runnervmmprz5 zainod-0.10.1[3031]:   19:30:29.492  INFO zaino_chain_head_service::service: Syncing block, height: 4382153, hash: 00001fdb801a528a6a780b60565a7bac17c74d49ff0cfc41122bb082ddc5fee7
1791660629.492888 runnervmmprz5 zainod-0.10.1[3031]:     at packages/zaino-chain-head-service/src/service.rs:478
1791660629.492888 runnervmmprz5 zainod-0.10.1[3031]:     in zaino_chain_head_service::service::ChainHeadService::tick
1791660629.493573 runnervmmprz5 zainod-0.10.1[3031]:   19:30:29.493  INFO zaino_chain_head_service::service: Syncing block, height: 4382154, hash: 00003c8206a7626e95cc70c9cd6ad65ada985eba2c38ea6774ee45b0f4cafc34
1791660629.493573 runnervmmprz5 zainod-0.10.1[3031]:     at packages/zaino-chain-head-service/src/service.rs:478
1791660629.493573 runnervmmprz5 zainod-0.10.1[3031]:     in zaino_chain_head_service::service::ChainHeadService::tick
1791660629.494208 runnervmmprz5 zainod-0.10.1[3031]:   19:30:29.494  INFO zaino_chain_head_service::service: Syncing block, height: 4382155, hash: 00003df3dcc8eb28f418109b690cd6e42179e412e440467efb8654808a5e75a9
1791660629.494208 runnervmmprz5 zainod-0.10.1[3031]:     at packages/zaino-chain-head-service/src/service.rs:478
1791660629.494208 runnervmmprz5 zainod-0.10.1[3031]:     in zaino_chain_head_service::service::ChainHeadService::tick
1791660629.494770 runnervmmprz5 zainod-0.10.1[3031]:   19:30:29.494  INFO zaino_chain_head_service::service: Syncing block, height: 4382156, hash: 00002dd7756d0d513cdfa9c7cd7f5f7c1aed5e2e9f33b7bb239cfb6b43cc7458
1791660629.494770 runnervmmprz5 zainod-0.10.1[3031]:     at packages/zaino-chain-head-service/src/service.rs:478
1791660629.494770 runnervmmprz5 zainod-0.10.1[3031]:     in zaino_chain_head_service::service::ChainHeadService::tick
1791660629.495617 runnervmmprz5 zainod-0.10.1[3031]:   19:30:29.495  INFO zaino_chain_head_service::service: Syncing block, height: 4382157, hash: 0000399afc8ccfd6b8fd27fa568bb93317c13019a30aff560f06c25939a1762a
1791660629.495617 runnervmmprz5 zainod-0.10.1[3031]:     at packages/zaino-chain-head-service/src/service.rs:478
1791660629.495617 runnervmmprz5 zainod-0.10.1[3031]:     in zaino_chain_head_service::service::ChainHeadService::tick
1791660629.497139 runnervmmprz5 zainod-0.10.1[3031]:   19:30:29.497  INFO zaino_chain_head_service::service: Syncing block, height: 4382158, hash: 000072b427e19ad258f55eb507878b4b98c347c33cfddbf04e182b5e6104f604
1791660629.497139 runnervmmprz5 zainod-0.10.1[3031]:     at packages/zaino-chain-head-service/src/service.rs:478
1791660629.497139 runnervmmprz5 zainod-0.10.1[3031]:     in zaino_chain_head_service::service::ChainHeadService::tick
1791660629.497743 runnervmmprz5 zainod-0.10.1[3031]:   19:30:29.497  INFO zaino_chain_head_service::service: Syncing block, height: 4382159, hash: 00002533524dacf12846c6a5f7561294cd67ada81ddb5b4f485b2d0567c2b167
1791660629.497743 runnervmmprz5 zainod-0.10.1[3031]:     at packages/zaino-chain-head-service/src/service.rs:478
1791660629.497743 runnervmmprz5 zainod-0.10.1[3031]:     in zaino_chain_head_service::service::ChainHeadService::tick
1791660629.499409 runnervmmprz5 zainod-0.10.1[3031]:   19:30:29.499  INFO zaino_chain_head_service::service: Syncing block, height: 4382160, hash: 000071a2811d2214891b165c4a45994ba9193f68e3edacc9224ed420aa98cee3
1791660629.499409 runnervmmprz5 zainod-0.10.1[3031]:     at packages/zaino-chain-head-service/src/service.rs:478
1791660629.499409 runnervmmprz5 zainod-0.10.1[3031]:     in zaino_chain_head_service::service::ChainHeadService::tick
1791660629.500918 runnervmmprz5 zainod-0.10.1[3031]:   19:30:29.500  INFO zaino_chain_head_service::service: Syncing block, height: 4382161, hash: 00003540cdda1daa57e4910f26a3016cc4c0cbaef8b3cbad248b6225ef58a000
1791660629.500918 runnervmmprz5 zainod-0.10.1[3031]:     at packages/zaino-chain-head-service/src/service.rs:478
1791660629.500918 runnervmmprz5 zainod-0.10.1[3031]:     in zaino_chain_head_service::service::ChainHeadService::tick
1791660629.511360 runnervmmprz5 zainod-0.10.1[3031]:   19:30:29.511  INFO zaino_chain_head_service::service: Syncing block, height: 4382162, hash: 000017d0ab44e130f3ca3aeab3d56303718c4eca306ebc6d542e857e41b5dca0
1791660629.511360 runnervmmprz5 zainod-0.10.1[3031]:     at packages/zaino-chain-head-service/src/service.rs:478
1791660629.511360 runnervmmprz5 zainod-0.10.1[3031]:     in zaino_chain_head_service::service::ChainHeadService::tick
1791660629.511773 runnervmmprz5 zainod-0.10.1[3031]:   19:30:29.511  INFO zaino_chain_head_service::service: Syncing block, height: 4382163, hash: 000067b46fe69f95e32ced37af827aefc8d6180d28ca9ba88a9fdef0fede40af
1791660629.511773 runnervmmprz5 zainod-0.10.1[3031]:     at packages/zaino-chain-head-service/src/service.rs:478
1791660629.511773 runnervmmprz5 zainod-0.10.1[3031]:     in zaino_chain_head_service::service::ChainHeadService::tick
1791660629.512368 runnervmmprz5 zainod-0.10.1[3031]:   19:30:29.512  INFO zaino_chain_head_service::service: Syncing block, height: 4382164, hash: 00005c2e4551ab3387c259e7f406320dcf8148b580e24cdfdde44bb5d670f7e6
1791660629.512368 runnervmmprz5 zainod-0.10.1[3031]:     at packages/zaino-chain-head-service/src/service.rs:478
1791660629.512368 runnervmmprz5 zainod-0.10.1[3031]:     in zaino_chain_head_service::service::ChainHeadService::tick
1791660629.513201 runnervmmprz5 zainod-0.10.1[3031]:   19:30:29.513  INFO zaino_chain_head_service::service: Syncing block, height: 4382165, hash: 00002fe699baa98ab6ca97dd11518599bf226f4f981ca010bcbd5707bebe4873
1791660629.513201 runnervmmprz5 zainod-0.10.1[3031]:     at packages/zaino-chain-head-service/src/service.rs:478
1791660629.513201 runnervmmprz5 zainod-0.10.1[3031]:     in zaino_chain_head_service::service::ChainHeadService::tick
1791660629.514037 runnervmmprz5 zainod-0.10.1[3031]:   19:30:29.514  INFO zaino_chain_head_service::service: Syncing block, height: 4382166, hash: 000028409eaed31c0a24de2ee316d5e406b523f72d0e79040474b6baed2bb8ea
1791660629.514037 runnervmmprz5 zainod-0.10.1[3031]:     at packages/zaino-chain-head-service/src/service.rs:478
1791660629.514037 runnervmmprz5 zainod-0.10.1[3031]:     in zaino_chain_head_service::service::ChainHeadService::tick
1791660629.514434 runnervmmprz5 zainod-0.10.1[3031]:   19:30:29.514  INFO zaino_chain_head_service::service: Syncing block, height: 4382167, hash: 00006e4a0483b1816e49cf90a95b356e7fe313ed1d2d7e882a96adcd2a3993b0
1791660629.514434 runnervmmprz5 zainod-0.10.1[3031]:     at packages/zaino-chain-head-service/src/service.rs:478
1791660629.514434 runnervmmprz5 zainod-0.10.1[3031]:     in zaino_chain_head_service::service::ChainHeadService::tick
1791660629.514922 runnervmmprz5 zainod-0.10.1[3031]:   19:30:29.514  INFO zaino_chain_head_service::service: Syncing block, height: 4382168, hash: 00003d2ad466bb0ac80ba1dd8c38ad1b4969ec3071edfa32a768dad097f72bb7
1791660629.514922 runnervmmprz5 zainod-0.10.1[3031]:     at packages/zaino-chain-head-service/src/service.rs:478
1791660629.514922 runnervmmprz5 zainod-0.10.1[3031]:     in zaino_chain_head_service::service::ChainHeadService::tick
1791660629.515929 runnervmmprz5 zainod-0.10.1[3031]:   19:30:29.515  INFO zaino_chain_head_service::service: Syncing block, height: 4382169, hash: 0000331a0ca7b3374ebd1311cad815d836a379fc6ed4ab9bd80dd537244b24b1
1791660629.515929 runnervmmprz5 zainod-0.10.1[3031]:     at packages/zaino-chain-head-service/src/service.rs:478
1791660629.515929 runnervmmprz5 zainod-0.10.1[3031]:     in zaino_chain_head_service::service::ChainHeadService::tick
1791660629.528193 runnervmmprz5 zainod-0.10.1[3031]:   19:30:29.528  INFO zaino_chain_head_service::service: Syncing block, height: 4382170, hash: 00004ea16ecae7d31eb1a8c54a93b936f8589283495966d2b03a7910a49ee612
1791660629.528193 runnervmmprz5 zainod-0.10.1[3031]:     at packages/zaino-chain-head-service/src/service.rs:478
1791660629.528193 runnervmmprz5 zainod-0.10.1[3031]:     in zaino_chain_head_service::service::ChainHeadService::tick
1791660629.528708 runnervmmprz5 zainod-0.10.1[3031]:   19:30:29.528  INFO zaino_chain_head_service::service: Syncing block, height: 4382171, hash: 000008648e3297334cb8509758fbebaad01cd7b03ce751debd5677a12502fe2a
1791660629.528708 runnervmmprz5 zainod-0.10.1[3031]:     at packages/zaino-chain-head-service/src/service.rs:478
1791660629.528708 runnervmmprz5 zainod-0.10.1[3031]:     in zaino_chain_head_service::service::ChainHeadService::tick
1791660629.530138 runnervmmprz5 zainod-0.10.1[3031]:   19:30:29.530  INFO zaino_chain_head_service::service: Syncing block, height: 4382172, hash: 000020fc78331aad1186ae096fda259a1e808c80e1bde9ef876e99b8870b2966
1791660629.530138 runnervmmprz5 zainod-0.10.1[3031]:     at packages/zaino-chain-head-service/src/service.rs:478
1791660629.530138 runnervmmprz5 zainod-0.10.1[3031]:     in zaino_chain_head_service::service::ChainHeadService::tick
1791660629.530705 runnervmmprz5 zainod-0.10.1[3031]:   19:30:29.530  INFO zaino_chain_head_service::service: Syncing block, height: 4382173, hash: 000078bc38e8be52684f5aaa5f177e837f5d5efafa70af55c2eb89795214b563
1791660629.530705 runnervmmprz5 zainod-0.10.1[3031]:     at packages/zaino-chain-head-service/src/service.rs:478
1791660629.530705 runnervmmprz5 zainod-0.10.1[3031]:     in zaino_chain_head_service::service::ChainHeadService::tick
1791660629.531227 runnervmmprz5 zainod-0.10.1[3031]:   19:30:29.531  INFO zaino_chain_head_service::service: Syncing block, height: 4382174, hash: 000067e495331c01ce4f20c6a2708cffb76a015d1f21cc50985be40c63f1d53b
1791660629.531227 runnervmmprz5 zainod-0.10.1[3031]:     at packages/zaino-chain-head-service/src/service.rs:478
1791660629.531227 runnervmmprz5 zainod-0.10.1[3031]:     in zaino_chain_head_service::service::ChainHeadService::tick
1791660629.532544 runnervmmprz5 zainod-0.10.1[3031]:   19:30:29.532  INFO zaino_chain_head_service::service: Syncing block, height: 4382175, hash: 000001618cf4c4ba250692036b5feeccf6f6d539f0605de9c8cd5f4c701952df
1791660629.532544 runnervmmprz5 zainod-0.10.1[3031]:     at packages/zaino-chain-head-service/src/service.rs:478
1791660629.532544 runnervmmprz5 zainod-0.10.1[3031]:     in zaino_chain_head_service::service::ChainHeadService::tick
1791660629.533107 runnervmmprz5 zainod-0.10.1[3031]:   19:30:29.533  INFO zaino_chain_head_service::service: Syncing block, height: 4382176, hash: 000036d55775963f1f53aa479336adadf0f4c2bec0946ad789ec3a9090b7b1e8
1791660629.533107 runnervmmprz5 zainod-0.10.1[3031]:     at packages/zaino-chain-head-service/src/service.rs:478
1791660629.533107 runnervmmprz5 zainod-0.10.1[3031]:     in zaino_chain_head_service::service::ChainHeadService::tick
1791660629.534594 runnervmmprz5 zainod-0.10.1[3031]:   19:30:29.534  INFO zaino_chain_head_service::service: Syncing block, height: 4382177, hash: 0000017a7d7d3aa8cd7087af7c6865dac982e2995017d80bba37d3b86c79f16c
1791660629.534594 runnervmmprz5 zainod-0.10.1[3031]:     at packages/zaino-chain-head-service/src/service.rs:478
1791660629.534594 runnervmmprz5 zainod-0.10.1[3031]:     in zaino_chain_head_service::service::ChainHeadService::tick
1791660629.535269 runnervmmprz5 zainod-0.10.1[3031]:   19:30:29.535  INFO zaino_chain_head_service::service: Syncing block, height: 4382178, hash: 00003c819d2de885a201b001182314ff42b8eb11d680892e3ba4e892d7629b36
1791660629.535269 runnervmmprz5 zainod-0.10.1[3031]:     at packages/zaino-chain-head-service/src/service.rs:478
1791660629.535269 runnervmmprz5 zainod-0.10.1[3031]:     in zaino_chain_head_service::service::ChainHeadService::tick
1791660629.535813 runnervmmprz5 zainod-0.10.1[3031]:   19:30:29.535  INFO zaino_chain_head_service::service: Syncing block, height: 4382179, hash: 000007f0f95800eeb201e8833ec072ba02fffecb32dea75208c0408f80759da3
1791660629.535813 runnervmmprz5 zainod-0.10.1[3031]:     at packages/zaino-chain-head-service/src/service.rs:478
1791660629.535813 runnervmmprz5 zainod-0.10.1[3031]:     in zaino_chain_head_service::service::ChainHeadService::tick
1791660629.544506 runnervmmprz5 zainod-0.10.1[3031]:   19:30:29.544  INFO zaino_chain_head_service::service: Syncing block, height: 4382180, hash: 00006e4b65cb5ca8dcdb156b52dda6ea3aec69e5676ab5cfebaf38bdcf733b09
1791660629.544506 runnervmmprz5 zainod-0.10.1[3031]:     at packages/zaino-chain-head-service/src/service.rs:478
1791660629.544506 runnervmmprz5 zainod-0.10.1[3031]:     in zaino_chain_head_service::service::ChainHeadService::tick
1791660629.545222 runnervmmprz5 zainod-0.10.1[3031]:   19:30:29.545  INFO zaino_chain_head_service::service: Syncing block, height: 4382181, hash: 000073c2d32a38b616c32f06b5c00dec091e2c8fb2d258e708d262354cafee1e
1791660629.545222 runnervmmprz5 zainod-0.10.1[3031]:     at packages/zaino-chain-head-service/src/service.rs:478
1791660629.545222 runnervmmprz5 zainod-0.10.1[3031]:     in zaino_chain_head_service::service::ChainHeadService::tick
1791660629.545957 runnervmmprz5 zainod-0.10.1[3031]:   19:30:29.545  INFO zaino_chain_head_service::service: Syncing block, height: 4382182, hash: 0000703fd0429ba4cdf76adcc0d1c4248d9646b0e81c19a79c72cb34ee04b4e9
1791660629.545957 runnervmmprz5 zainod-0.10.1[3031]:     at packages/zaino-chain-head-service/src/service.rs:478
1791660629.545957 runnervmmprz5 zainod-0.10.1[3031]:     in zaino_chain_head_service::service::ChainHeadService::tick
1791660629.548126 runnervmmprz5 zainod-0.10.1[3031]:   19:30:29.548  INFO zaino_chain_head_service::service: Syncing block, height: 4382183, hash: 000037b4dd37bdd1001d531e4ca9c42f8a4eddf7c603eb7c2b3efd11ec7f81b1
1791660629.548126 runnervmmprz5 zainod-0.10.1[3031]:     at packages/zaino-chain-head-service/src/service.rs:478
1791660629.548126 runnervmmprz5 zainod-0.10.1[3031]:     in zaino_chain_head_service::service::ChainHeadService::tick
1791660629.549365 runnervmmprz5 zainod-0.10.1[3031]:   19:30:29.548  INFO zaino_chain_head_service::service: Syncing block, height: 4382184, hash: 0000307e7d376b57efa752c7310fc2ce49ece47f90494009e12d63cbc61543fc
1791660629.549365 runnervmmprz5 zainod-0.10.1[3031]:     at packages/zaino-chain-head-service/src/service.rs:478
1791660629.549365 runnervmmprz5 zainod-0.10.1[3031]:     in zaino_chain_head_service::service::ChainHeadService::tick
1791660629.549365 runnervmmprz5 zainod-0.10.1[3031]:   19:30:29.549  INFO zaino_chain_head_service::service: Syncing block, height: 4382185, hash: 0000341a3a0b31b0977d26a21ccecee07c9a8d5cde0a4dd93c424accd9a44ffa
1791660629.549365 runnervmmprz5 zainod-0.10.1[3031]:     at packages/zaino-chain-head-service/src/service.rs:478
1791660629.549365 runnervmmprz5 zainod-0.10.1[3031]:     in zaino_chain_head_service::service::ChainHeadService::tick
1791660629.549729 runnervmmprz5 zainod-0.10.1[3031]:   19:30:29.549  INFO zaino_chain_head_service::service: Syncing block, height: 4382186, hash: 0000095e86fa88b36671d9931a6472728b6401748d1de86ace267ca9663e54f4
1791660629.549729 runnervmmprz5 zainod-0.10.1[3031]:     at packages/zaino-chain-head-service/src/service.rs:478
1791660629.549729 runnervmmprz5 zainod-0.10.1[3031]:     in zaino_chain_head_service::service::ChainHeadService::tick
1791660629.551294 runnervmmprz5 zainod-0.10.1[3031]:   19:30:29.551  INFO zaino_chain_head_service::service: Syncing block, height: 4382187, hash: 00000f95ac3051766d06ba120d71b23c2502e5eeb5ce78d5fdb6dbfeb0dcd44d
1791660629.551294 runnervmmprz5 zainod-0.10.1[3031]:     at packages/zaino-chain-head-service/src/service.rs:478
1791660629.551294 runnervmmprz5 zainod-0.10.1[3031]:     in zaino_chain_head_service::service::ChainHeadService::tick
1791660629.559706 runnervmmprz5 zainod-0.10.1[3031]:   19:30:29.559  INFO zaino_chain_head_service::service: Syncing block, height: 4382188, hash: 000047f7761c8138dab2ca17707d8751068632d561e04b99b7e7f035cd287bd2
1791660629.559706 runnervmmprz5 zainod-0.10.1[3031]:     at packages/zaino-chain-head-service/src/service.rs:478
1791660629.559706 runnervmmprz5 zainod-0.10.1[3031]:     in zaino_chain_head_service::service::ChainHeadService::tick
1791660629.560503 runnervmmprz5 zainod-0.10.1[3031]:   19:30:29.559  INFO zaino_chain_head_service::service: Syncing block, height: 4382189, hash: 00000db952bc19e3f11d142d65196df92dd20fc37a45d13b955bb1f6557b49f7
1791660629.560503 runnervmmprz5 zainod-0.10.1[3031]:     at packages/zaino-chain-head-service/src/service.rs:478
1791660629.560503 runnervmmprz5 zainod-0.10.1[3031]:     in zaino_chain_head_service::service::ChainHeadService::tick
1791660629.560503 runnervmmprz5 zainod-0.10.1[3031]:   19:30:29.560  INFO zaino_chain_head_service::service: Syncing block, height: 4382190, hash: 000052a0e67a00ac624b942c58f970bc3abcbfdb760271d73a144717c05a5599
1791660629.560503 runnervmmprz5 zainod-0.10.1[3031]:     at packages/zaino-chain-head-service/src/service.rs:478
1791660629.560503 runnervmmprz5 zainod-0.10.1[3031]:     in zaino_chain_head_service::service::ChainHeadService::tick
1791660629.561324 runnervmmprz5 zainod-0.10.1[3031]:   19:30:29.560  INFO zaino_chain_head_service::service: Syncing block, height: 4382191, hash: 00000edf1ff0803e4fff6543d6d5b264d95ee8276e32f3f6203c67b07ede2634
1791660629.561324 runnervmmprz5 zainod-0.10.1[3031]:     at packages/zaino-chain-head-service/src/service.rs:478
1791660629.561324 runnervmmprz5 zainod-0.10.1[3031]:     in zaino_chain_head_service::service::ChainHeadService::tick
1791660629.561324 runnervmmprz5 zainod-0.10.1[3031]:   19:30:29.561  INFO zaino_chain_head_service::service: Syncing block, height: 4382192, hash: 00000054baa4ce1d5113dd74555928084349f95a0971408bd65540bee71af54b
1791660629.561324 runnervmmprz5 zainod-0.10.1[3031]:     at packages/zaino-chain-head-service/src/service.rs:478
1791660629.561324 runnervmmprz5 zainod-0.10.1[3031]:     in zaino_chain_head_service::service::ChainHeadService::tick
1791660629.563196 runnervmmprz5 zainod-0.10.1[3031]:   19:30:29.561  INFO zaino_chain_head_service::service: Syncing block, height: 4382193, hash: 00004c0ae3a147770f2b42bdea63c86995550b13f3cb621e0542c2bc17586663
1791660629.563196 runnervmmprz5 zainod-0.10.1[3031]:     at packages/zaino-chain-head-service/src/service.rs:478
1791660629.563196 runnervmmprz5 zainod-0.10.1[3031]:     in zaino_chain_head_service::service::ChainHeadService::tick
1791660629.563196 runnervmmprz5 zainod-0.10.1[3031]:   19:30:29.562  INFO zaino_chain_head_service::service: Syncing block, height: 4382194, hash: 00000e4fa60cd92e70bad0bfa3df668f955609636b46f9dd3e211b971e3ed35b
1791660629.563196 runnervmmprz5 zainod-0.10.1[3031]:     at packages/zaino-chain-head-service/src/service.rs:478
1791660629.563196 runnervmmprz5 zainod-0.10.1[3031]:     in zaino_chain_head_service::service::ChainHeadService::tick
1791660629.563609 runnervmmprz5 zainod-0.10.1[3031]:   19:30:29.563  INFO zaino_chain_head_service::service: Syncing block, height: 4382195, hash: 000004697f51ec7dac1b88ba319075cf1742e1b834ea884bf648f9b35007bf22
1791660629.563609 runnervmmprz5 zainod-0.10.1[3031]:     at packages/zaino-chain-head-service/src/service.rs:478
1791660629.563609 runnervmmprz5 zainod-0.10.1[3031]:     in zaino_chain_head_service::service::ChainHeadService::tick
1791660629.564454 runnervmmprz5 zainod-0.10.1[3031]:   19:30:29.564  INFO zaino_chain_head_service::service: Syncing block, height: 4382196, hash: 00004b1d832ffde6a4ff6ff0a76b27313d575adc4c1c85512e5b75a5e51caf7b
1791660629.564454 runnervmmprz5 zainod-0.10.1[3031]:     at packages/zaino-chain-head-service/src/service.rs:478
1791660629.564454 runnervmmprz5 zainod-0.10.1[3031]:     in zaino_chain_head_service::service::ChainHeadService::tick
1791660629.572865 runnervmmprz5 zainod-0.10.1[3031]:   19:30:29.572  INFO zaino_chain_head_service::service: Syncing block, height: 4382197, hash: 0000730ce2274d58a0bf39269f63232531526fb12d4db89e3c78fc136f9161a9
1791660629.572865 runnervmmprz5 zainod-0.10.1[3031]:     at packages/zaino-chain-head-service/src/service.rs:478
1791660629.572865 runnervmmprz5 zainod-0.10.1[3031]:     in zaino_chain_head_service::service::ChainHeadService::tick
1791660629.576193 runnervmmprz5 zainod-0.10.1[3031]:   19:30:29.576  INFO zaino_chain_head_service::service: Syncing block, height: 4382198, hash: 000004fba31495428e4c1f388d72a4290ed816e6cc9b553955b4543196f0c040
1791660629.576193 runnervmmprz5 zainod-0.10.1[3031]:     at packages/zaino-chain-head-service/src/service.rs:478
1791660629.576193 runnervmmprz5 zainod-0.10.1[3031]:     in zaino_chain_head_service::service::ChainHeadService::tick
1791660629.577396 runnervmmprz5 zainod-0.10.1[3031]:   19:30:29.576  INFO zaino_chain_head_service::service: Syncing block, height: 4382199, hash: 00002f1bb31c085605b5de721dc07bf490f783d9e00b4c36048178401d39ebae
1791660629.577396 runnervmmprz5 zainod-0.10.1[3031]:     at packages/zaino-chain-head-service/src/service.rs:478
1791660629.577396 runnervmmprz5 zainod-0.10.1[3031]:     in zaino_chain_head_service::service::ChainHeadService::tick
1791660629.578615 runnervmmprz5 zainod-0.10.1[3031]:   19:30:29.577  INFO zaino_chain_head_service::service: Syncing block, height: 4382200, hash: 00007107117b7171bfb9970cfe421fefb7d1ee6d0c99fa2efecabcb906b627c9
1791660629.578615 runnervmmprz5 zainod-0.10.1[3031]:     at packages/zaino-chain-head-service/src/service.rs:478
1791660629.578615 runnervmmprz5 zainod-0.10.1[3031]:     in zaino_chain_head_service::service::ChainHeadService::tick
1791660629.578615 runnervmmprz5 zainod-0.10.1[3031]:   19:30:29.578  INFO zaino_chain_head_service::service: Syncing block, height: 4382201, hash: 000028e365039bb982d8d86bd413d58b942a66416061edfd9be300dcccf0bee1
1791660629.578615 runnervmmprz5 zainod-0.10.1[3031]:     at packages/zaino-chain-head-service/src/service.rs:478
1791660629.578615 runnervmmprz5 zainod-0.10.1[3031]:     in zaino_chain_head_service::service::ChainHeadService::tick
1791660629.580497 runnervmmprz5 zainod-0.10.1[3031]:   19:30:29.579  INFO zaino_chain_head_service::service: Syncing block, height: 4382202, hash: 000066b734030a81460254d84a99a414d4af87b9b6d5f5d08c1aab6c9447e698
1791660629.580497 runnervmmprz5 zainod-0.10.1[3031]:     at packages/zaino-chain-head-service/src/service.rs:478
1791660629.580497 runnervmmprz5 zainod-0.10.1[3031]:     in zaino_chain_head_service::service::ChainHeadService::tick
1791660629.589934 runnervmmprz5 zainod-0.10.1[3031]:   19:30:29.589  INFO zaino_chain_head_service::service: Syncing block, height: 4382203, hash: 00006f294f7109b22dfe17a18ea4fd1aad6026178c250679e3c0f97956805986
1791660629.589934 runnervmmprz5 zainod-0.10.1[3031]:     at packages/zaino-chain-head-service/src/service.rs:478
1791660629.589934 runnervmmprz5 zainod-0.10.1[3031]:     in zaino_chain_head_service::service::ChainHeadService::tick
1791660629.590823 runnervmmprz5 zainod-0.10.1[3031]:   19:30:29.590  INFO zaino_chain_head_service::service: Syncing block, height: 4382204, hash: 00000b95604aba2740dee7df249b0ed95e71c9966230386d1ffc3a950138f343
1791660629.590823 runnervmmprz5 zainod-0.10.1[3031]:     at packages/zaino-chain-head-service/src/service.rs:478
1791660629.590823 runnervmmprz5 zainod-0.10.1[3031]:     in zaino_chain_head_service::service::ChainHeadService::tick
1791660629.592097 runnervmmprz5 zainod-0.10.1[3031]:   19:30:29.591  INFO zaino_chain_head_service::service: Syncing block, height: 4382205, hash: 000074ecce544d4ecc3a3f0e8a7d787dfadb90bb9bf6d1bb80ce16eb4c890186
1791660629.592097 runnervmmprz5 zainod-0.10.1[3031]:     at packages/zaino-chain-head-service/src/service.rs:478
1791660629.592097 runnervmmprz5 zainod-0.10.1[3031]:     in zaino_chain_head_service::service::ChainHeadService::tick
1791660629.593281 runnervmmprz5 zainod-0.10.1[3031]:   19:30:29.593  INFO zaino_chain_head_service::service: Syncing block, height: 4382206, hash: 0000200466793d0e2fdab8d559d73f806c926d31ec9a63b5f1c71f524cd3ed10
1791660629.593281 runnervmmprz5 zainod-0.10.1[3031]:     at packages/zaino-chain-head-service/src/service.rs:478
1791660629.593281 runnervmmprz5 zainod-0.10.1[3031]:     in zaino_chain_head_service::service::ChainHeadService::tick
1791660629.594890 runnervmmprz5 zainod-0.10.1[3031]:   19:30:29.594  INFO zaino_chain_head_service::service: Syncing block, height: 4382207, hash: 0000315d69917db8891eb9eee2e10df6c4482c8e5fe5a785fe2b8516cb046c5d
1791660629.594890 runnervmmprz5 zainod-0.10.1[3031]:     at packages/zaino-chain-head-service/src/service.rs:478
1791660629.594890 runnervmmprz5 zainod-0.10.1[3031]:     in zaino_chain_head_service::service::ChainHeadService::tick
1791660629.595936 runnervmmprz5 zainod-0.10.1[3031]:   19:30:29.595  INFO zaino_chain_head_service::service: Syncing block, height: 4382208, hash: 00007f553baf2d5f60a95208c7c6dcc1a617d3e5eac71634d6d7479c9eca7b5c
1791660629.595936 runnervmmprz5 zainod-0.10.1[3031]:     at packages/zaino-chain-head-service/src/service.rs:478
1791660629.595936 runnervmmprz5 zainod-0.10.1[3031]:     in zaino_chain_head_service::service::ChainHeadService::tick
1791660629.596703 runnervmmprz5 zainod-0.10.1[3031]:   19:30:29.596  INFO zaino_chain_head_service::service: Syncing block, height: 4382209, hash: 00004aa97e6a0c08e305fb98373b431ab237000d0422eaa3a09330b7e2ae6527
1791660629.596703 runnervmmprz5 zainod-0.10.1[3031]:     at packages/zaino-chain-head-service/src/service.rs:478
1791660629.596703 runnervmmprz5 zainod-0.10.1[3031]:     in zaino_chain_head_service::service::ChainHeadService::tick
1791660629.597295 runnervmmprz5 zainod-0.10.1[3031]:   19:30:29.597  INFO zaino_chain_head_service::service: Syncing block, height: 4382210, hash: 00001f384ecffedad05ce5a5aa49ca679c1c093244d5118bec24152000bcfe3d
1791660629.597295 runnervmmprz5 zainod-0.10.1[3031]:     at packages/zaino-chain-head-service/src/service.rs:478
1791660629.597295 runnervmmprz5 zainod-0.10.1[3031]:     in zaino_chain_head_service::service::ChainHeadService::tick
1791660629.599171 runnervmmprz5 zainod-0.10.1[3031]:   19:30:29.599  INFO zaino_chain_head_service::service: Syncing block, height: 4382211, hash: 000012444dfbdedd486ba67da2019f4997a4788c4ed4d6caaecc9781c4f3d4a1
1791660629.599171 runnervmmprz5 zainod-0.10.1[3031]:     at packages/zaino-chain-head-service/src/service.rs:478
1791660629.599171 runnervmmprz5 zainod-0.10.1[3031]:     in zaino_chain_head_service::service::ChainHeadService::tick
1791660629.611414 runnervmmprz5 zainod-0.10.1[3031]:   19:30:29.611  INFO zaino_chain_head_service::service: Syncing block, height: 4382212, hash: 0000679b3681a38d20a9f791f9ef576fd33cdc5a4a7aaf4ac699ebe752b23494
1791660629.611414 runnervmmprz5 zainod-0.10.1[3031]:     at packages/zaino-chain-head-service/src/service.rs:478
1791660629.611414 runnervmmprz5 zainod-0.10.1[3031]:     in zaino_chain_head_service::service::ChainHeadService::tick
1791660629.612701 runnervmmprz5 zainod-0.10.1[3031]:   19:30:29.612  INFO zaino_chain_head_service::service: Syncing block, height: 4382213, hash: 00003eaffffca73cf98e2acca48543efdb07066581b430fcbb8538e1754afbfc
1791660629.612701 runnervmmprz5 zainod-0.10.1[3031]:     at packages/zaino-chain-head-service/src/service.rs:478
1791660629.612701 runnervmmprz5 zainod-0.10.1[3031]:     in zaino_chain_head_service::service::ChainHeadService::tick
1791660629.616122 runnervmmprz5 zainod-0.10.1[3031]:   19:30:29.616  INFO zaino_chain_head_service::service: Syncing block, height: 4382214, hash: 0000256b815c8aa8effeb8bb579f7c62cb920ce56da6b33db76a68550f5b0dde
1791660629.616122 runnervmmprz5 zainod-0.10.1[3031]:     at packages/zaino-chain-head-service/src/service.rs:478
1791660629.616122 runnervmmprz5 zainod-0.10.1[3031]:     in zaino_chain_head_service::service::ChainHeadService::tick
1791660629.617455 runnervmmprz5 zainod-0.10.1[3031]:   19:30:29.617  INFO zaino_chain_head_service::service: Syncing block, height: 4382215, hash: 000000ec05e0fb52b9a76c828c479399a846b5851ef099aa767196ae0ac1e125
1791660629.617455 runnervmmprz5 zainod-0.10.1[3031]:     at packages/zaino-chain-head-service/src/service.rs:478
1791660629.617455 runnervmmprz5 zainod-0.10.1[3031]:     in zaino_chain_head_service::service::ChainHeadService::tick
1791660629.618449 runnervmmprz5 zainod-0.10.1[3031]:   19:30:29.618  INFO zaino_chain_head_service::service: Syncing block, height: 4382216, hash: 00006a72be01a198377c0146bf6d545255f5f832848202252480ae45e3dc89d4
1791660629.618449 runnervmmprz5 zainod-0.10.1[3031]:     at packages/zaino-chain-head-service/src/service.rs:478
1791660629.618449 runnervmmprz5 zainod-0.10.1[3031]:     in zaino_chain_head_service::service::ChainHeadService::tick
1791660629.618938 runnervmmprz5 zainod-0.10.1[3031]:   19:30:29.618  INFO zaino_chain_head_service::service: Syncing block, height: 4382217, hash: 000079a4aa57b0a6474c26c009a22b3c071a77ad89a7a68feffa0431ed66b17d
1791660629.618938 runnervmmprz5 zainod-0.10.1[3031]:     at packages/zaino-chain-head-service/src/service.rs:478
1791660629.618938 runnervmmprz5 zainod-0.10.1[3031]:     in zaino_chain_head_service::service::ChainHeadService::tick
1791660629.630988 runnervmmprz5 zainod-0.10.1[3031]:   19:30:29.630  INFO zaino_chain_head_service::service: Syncing block, height: 4382218, hash: 000050b312509bc7064abea5ab94a66270ea051d87d266710480fc051b8aeafe
1791660629.630988 runnervmmprz5 zainod-0.10.1[3031]:     at packages/zaino-chain-head-service/src/service.rs:478
1791660629.630988 runnervmmprz5 zainod-0.10.1[3031]:     in zaino_chain_head_service::service::ChainHeadService::tick
1791660629.631796 runnervmmprz5 zainod-0.10.1[3031]:   19:30:29.631  INFO zaino_chain_head_service::service: Syncing block, height: 4382219, hash: 00000dd01c42aa56025f5b55ed27001a55b28031ff43b9aa761a2e0801f1086e
1791660629.631796 runnervmmprz5 zainod-0.10.1[3031]:     at packages/zaino-chain-head-service/src/service.rs:478
1791660629.631796 runnervmmprz5 zainod-0.10.1[3031]:     in zaino_chain_head_service::service::ChainHeadService::tick
1791660629.632944 runnervmmprz5 zainod-0.10.1[3031]:   19:30:29.632  INFO zaino_chain_head_service::service: Syncing block, height: 4382220, hash: 000062ef8b304ce201829313cae5c1661f598acbf8a2df5185bfa1bcddcd1bee
1791660629.632944 runnervmmprz5 zainod-0.10.1[3031]:     at packages/zaino-chain-head-service/src/service.rs:478
1791660629.632944 runnervmmprz5 zainod-0.10.1[3031]:     in zaino_chain_head_service::service::ChainHeadService::tick
1791660629.634203 runnervmmprz5 zainod-0.10.1[3031]:   19:30:29.634  INFO zaino_chain_head_service::service: Syncing block, height: 4382221, hash: 00000ff8e2991ea9b8bf3efea52588c0b7418d647a95e77e345aff17a23bec7f
1791660629.634203 runnervmmprz5 zainod-0.10.1[3031]:     at packages/zaino-chain-head-service/src/service.rs:478
1791660629.634203 runnervmmprz5 zainod-0.10.1[3031]:     in zaino_chain_head_service::service::ChainHeadService::tick
1791660629.635672 runnervmmprz5 zainod-0.10.1[3031]:   19:30:29.635  INFO zaino_chain_head_service::service: Syncing block, height: 4382222, hash: 0000532805442caf5197ec28e993c114c3a75a418c504b790d51d3c3178fd89f
1791660629.635672 runnervmmprz5 zainod-0.10.1[3031]:     at packages/zaino-chain-head-service/src/service.rs:478
1791660629.635672 runnervmmprz5 zainod-0.10.1[3031]:     in zaino_chain_head_service::service::ChainHeadService::tick
1791660629.635787 runnervmmprz5 zainod-0.10.1[3031]:   19:30:29.635  INFO zaino_chain_head_service::service: Syncing block, height: 4382223, hash: 0000711e1584be28dc993485f76b4e040207aa12fe57bdbd88cc64710f7a4c6a
1791660629.635787 runnervmmprz5 zainod-0.10.1[3031]:     at packages/zaino-chain-head-service/src/service.rs:478
1791660629.635787 runnervmmprz5 zainod-0.10.1[3031]:     in zaino_chain_head_service::service::ChainHeadService::tick
1791660629.636382 runnervmmprz5 zainod-0.10.1[3031]:   19:30:29.636  INFO zaino_chain_head_service::service: Syncing block, height: 4382224, hash: 00007e7e56d97a6deb278cc82afa0ea074cdd4f486034eb1adcebc929cd0e7f6
1791660629.636382 runnervmmprz5 zainod-0.10.1[3031]:     at packages/zaino-chain-head-service/src/service.rs:478
1791660629.636382 runnervmmprz5 zainod-0.10.1[3031]:     in zaino_chain_head_service::service::ChainHeadService::tick
1791660629.637407 runnervmmprz5 zainod-0.10.1[3031]:   19:30:29.637  INFO zaino_chain_head_service::service: Syncing block, height: 4382225, hash: 00003445ed06f061fbf7319ea2b6b1ce58d8247b3a0280d806cf3e372a69d66a
1791660629.637407 runnervmmprz5 zainod-0.10.1[3031]:     at packages/zaino-chain-head-service/src/service.rs:478
1791660629.637407 runnervmmprz5 zainod-0.10.1[3031]:     in zaino_chain_head_service::service::ChainHeadService::tick
1791660629.639428 runnervmmprz5 zainod-0.10.1[3031]:   19:30:29.639  INFO zaino_chain_head_service::service: Syncing block, height: 4382226, hash: 000049c33f5f9cfd43bc26b055563e7a9b5b9de35816585564d5724039e5c229
1791660629.639428 runnervmmprz5 zainod-0.10.1[3031]:     at packages/zaino-chain-head-service/src/service.rs:478
1791660629.639428 runnervmmprz5 zainod-0.10.1[3031]:     in zaino_chain_head_service::service::ChainHeadService::tick
1791660629.641416 runnervmmprz5 zainod-0.10.1[3031]:   19:30:29.641  INFO zaino_chain_head_service::service: Syncing block, height: 4382227, hash: 00006c93c131ad593443fa29e150e05abd493020ff5c9f098b7afedc648a7424
1791660629.641416 runnervmmprz5 zainod-0.10.1[3031]:     at packages/zaino-chain-head-service/src/service.rs:478
1791660629.641416 runnervmmprz5 zainod-0.10.1[3031]:     in zaino_chain_head_service::service::ChainHeadService::tick
1791660629.653997 runnervmmprz5 zainod-0.10.1[3031]:   19:30:29.653  INFO zaino_chain_head_service::service: Syncing block, height: 4382228, hash: 00005b091db1c1f3e642f92d9120e3f1ca26f8fb8a359ac370ab180a8cf49013
1791660629.653997 runnervmmprz5 zainod-0.10.1[3031]:     at packages/zaino-chain-head-service/src/service.rs:478
1791660629.653997 runnervmmprz5 zainod-0.10.1[3031]:     in zaino_chain_head_service::service::ChainHeadService::tick
1791660629.655425 runnervmmprz5 zainod-0.10.1[3031]:   19:30:29.655  INFO zaino_chain_head_service::service: Syncing block, height: 4382229, hash: 000067b3e4be81e490c6c34a75ec185ff799d6fbb19b522ecb2dd913c2573e50
1791660629.655425 runnervmmprz5 zainod-0.10.1[3031]:     at packages/zaino-chain-head-service/src/service.rs:478
1791660629.655425 runnervmmprz5 zainod-0.10.1[3031]:     in zaino_chain_head_service::service::ChainHeadService::tick
1791660629.655962 runnervmmprz5 zainod-0.10.1[3031]:   19:30:29.655  INFO zaino_chain_head_service::service: Syncing block, height: 4382230, hash: 000032402927285b8a73356e0fddfee2fa90eabff6ea1267080755df42c87d22
1791660629.655962 runnervmmprz5 zainod-0.10.1[3031]:     at packages/zaino-chain-head-service/src/service.rs:478
1791660629.655962 runnervmmprz5 zainod-0.10.1[3031]:     in zaino_chain_head_service::service::ChainHeadService::tick
1791660629.656410 runnervmmprz5 zainod-0.10.1[3031]:   19:30:29.656  INFO zaino_chain_head_service::service: Syncing block, height: 4382231, hash: 00004158cf419069a084c2575a4da08da62f94326688c58d936e8f929479f3f5
1791660629.656410 runnervmmprz5 zainod-0.10.1[3031]:     at packages/zaino-chain-head-service/src/service.rs:478
1791660629.656410 runnervmmprz5 zainod-0.10.1[3031]:     in zaino_chain_head_service::service::ChainHeadService::tick
1791660629.657473 runnervmmprz5 zainod-0.10.1[3031]:   19:30:29.657  INFO zaino_chain_head_service::service: Syncing block, height: 4382232, hash: 000061267d06f0e9c9326cd938398ae1eae84b26a7348f61cd12e234340f57fb
1791660629.657473 runnervmmprz5 zainod-0.10.1[3031]:     at packages/zaino-chain-head-service/src/service.rs:478
1791660629.657473 runnervmmprz5 zainod-0.10.1[3031]:     in zaino_chain_head_service::service::ChainHeadService::tick
1791660629.658210 runnervmmprz5 zainod-0.10.1[3031]:   19:30:29.658  INFO zaino_chain_head_service::service: Syncing block, height: 4382233, hash: 000059543104daa37d12f64db54b7b4415dc5110aba5647925c99795bc2fa99c
1791660629.658210 runnervmmprz5 zainod-0.10.1[3031]:     at packages/zaino-chain-head-service/src/service.rs:478
1791660629.658210 runnervmmprz5 zainod-0.10.1[3031]:     in zaino_chain_head_service::service::ChainHeadService::tick
1791660629.667344 runnervmmprz5 zainod-0.10.1[3031]:   19:30:29.667  INFO zaino_chain_head_service::service: Syncing block, height: 4382234, hash: 0000114d87be072c5710dca3df5a0fb6aedb74ed892b626ca5b360e7ab945d91
1791660629.667344 runnervmmprz5 zainod-0.10.1[3031]:     at packages/zaino-chain-head-service/src/service.rs:478
1791660629.667344 runnervmmprz5 zainod-0.10.1[3031]:     in zaino_chain_head_service::service::ChainHeadService::tick
1791660629.667604 runnervmmprz5 zainod-0.10.1[3031]:   19:30:29.667  INFO zaino_chain_head_service::service: Syncing block, height: 4382235, hash: 00000bc846057a50c5213008bce58f86800c564caa8d9eace32e8ab9cc8740f7
1791660629.667604 runnervmmprz5 zainod-0.10.1[3031]:     at packages/zaino-chain-head-service/src/service.rs:478
1791660629.667604 runnervmmprz5 zainod-0.10.1[3031]:     in zaino_chain_head_service::service::ChainHeadService::tick
1791660629.668522 runnervmmprz5 zainod-0.10.1[3031]:   19:30:29.668  INFO zaino_chain_head_service::service: Syncing block, height: 4382236, hash: 00003b9fc9cfab1dc3bdcbf5325742de43251a6845f8014935b78ba801a0bdbf
1791660629.668522 runnervmmprz5 zainod-0.10.1[3031]:     at packages/zaino-chain-head-service/src/service.rs:478
1791660629.668522 runnervmmprz5 zainod-0.10.1[3031]:     in zaino_chain_head_service::service::ChainHeadService::tick
1791660629.670199 runnervmmprz5 zainod-0.10.1[3031]:   19:30:29.670  INFO zaino_chain_head_service::service: Syncing block, height: 4382237, hash: 00002e5f23a6dfd1be3f69d45d36fb278b5fe2e8382bcc1128e1061f7cfd8f62
1791660629.670199 runnervmmprz5 zainod-0.10.1[3031]:     at packages/zaino-chain-head-service/src/service.rs:478
1791660629.670199 runnervmmprz5 zainod-0.10.1[3031]:     in zaino_chain_head_service::service::ChainHeadService::tick
1791660629.671270 runnervmmprz5 zainod-0.10.1[3031]:   19:30:29.671  INFO zaino_chain_head_service::service: Syncing block, height: 4382238, hash: 00003f6a44887994e80a12f7a70398dc1747f184e2405e3cca1cec447d8c2849
1791660629.671270 runnervmmprz5 zainod-0.10.1[3031]:     at packages/zaino-chain-head-service/src/service.rs:478
1791660629.671270 runnervmmprz5 zainod-0.10.1[3031]:     in zaino_chain_head_service::service::ChainHeadService::tick
1791660629.679438 runnervmmprz5 zainod-0.10.1[3031]:   19:30:29.679  INFO zaino_chain_head_service::service: Syncing block, height: 4382239, hash: 0000230edd76e1d5ae06dc86a9cd3592dfc2c51c04fea14fcbec1d52aaa87206
1791660629.679438 runnervmmprz5 zainod-0.10.1[3031]:     at packages/zaino-chain-head-service/src/service.rs:478
1791660629.679438 runnervmmprz5 zainod-0.10.1[3031]:     in zaino_chain_head_service::service::ChainHeadService::tick
1791660629.680335 runnervmmprz5 zainod-0.10.1[3031]:   19:30:29.680  INFO zaino_chain_head_service::service: Syncing block, height: 4382240, hash: 0000342516f41ea40b25dc1f9bc9ee8bf2ee6b8cb31938f8842173414082afe2
1791660629.680335 runnervmmprz5 zainod-0.10.1[3031]:     at packages/zaino-chain-head-service/src/service.rs:478
1791660629.680335 runnervmmprz5 zainod-0.10.1[3031]:     in zaino_chain_head_service::service::ChainHeadService::tick
1791660629.681468 runnervmmprz5 zainod-0.10.1[3031]:   19:30:29.681  INFO zaino_chain_head_service::service: Syncing block, height: 4382241, hash: 000063b60fef95dbffa3b666c7411ac1492dd2690bb766b66e7c98f124d010bb
1791660629.681468 runnervmmprz5 zainod-0.10.1[3031]:     at packages/zaino-chain-head-service/src/service.rs:478
1791660629.681468 runnervmmprz5 zainod-0.10.1[3031]:     in zaino_chain_head_service::service::ChainHeadService::tick
1791660629.681962 runnervmmprz5 zainod-0.10.1[3031]:   19:30:29.681  INFO zaino_chain_head_service::service: Syncing block, height: 4382242, hash: 00001633baf836f3ae80aba04a271b16a48db397d0b1202edf6584e871f2cabc
1791660629.681962 runnervmmprz5 zainod-0.10.1[3031]:     at packages/zaino-chain-head-service/src/service.rs:478
1791660629.681962 runnervmmprz5 zainod-0.10.1[3031]:     in zaino_chain_head_service::service::ChainHeadService::tick
1791660629.682530 runnervmmprz5 zainod-0.10.1[3031]:   19:30:29.682  INFO zaino_chain_head_service::service: Syncing block, height: 4382243, hash: 00003c18a9ead315799ead129581e1862d9445f0c0e335fd586151292d3cf885
1791660629.682530 runnervmmprz5 zainod-0.10.1[3031]:     at packages/zaino-chain-head-service/src/service.rs:478
1791660629.682530 runnervmmprz5 zainod-0.10.1[3031]:     in zaino_chain_head_service::service::ChainHeadService::tick
1791660629.683293 runnervmmprz5 zainod-0.10.1[3031]:   19:30:29.683  INFO zaino_chain_head_service::service: Syncing block, height: 4382244, hash: 000068d3a2b664bd7eda2f2811425425c6e12600859452ac1b83cc7352e1d749
1791660629.683293 runnervmmprz5 zainod-0.10.1[3031]:     at packages/zaino-chain-head-service/src/service.rs:478
1791660629.683293 runnervmmprz5 zainod-0.10.1[3031]:     in zaino_chain_head_service::service::ChainHeadService::tick
1791660629.684555 runnervmmprz5 zainod-0.10.1[3031]:   19:30:29.684  INFO zaino_chain_head_service::service: Syncing block, height: 4382245, hash: 00005d07f5c3d7022ae74c99439905ce73db505fb77a707580c931ed5da17339
1791660629.684555 runnervmmprz5 zainod-0.10.1[3031]:     at packages/zaino-chain-head-service/src/service.rs:478
1791660629.684555 runnervmmprz5 zainod-0.10.1[3031]:     in zaino_chain_head_service::service::ChainHeadService::tick
1791660629.685003 runnervmmprz5 zainod-0.10.1[3031]:   19:30:29.684  INFO zaino_chain_head_service::service: Syncing block, height: 4382246, hash: 0000359f9c70b1895e1b07baade9a0a1b57b5b0e336fefa0873630bc9a43c061
1791660629.685003 runnervmmprz5 zainod-0.10.1[3031]:     at packages/zaino-chain-head-service/src/service.rs:478
1791660629.685003 runnervmmprz5 zainod-0.10.1[3031]:     in zaino_chain_head_service::service::ChainHeadService::tick
1791660629.687909 runnervmmprz5 zainod-0.10.1[3031]:   19:30:29.685  INFO zaino_chain_head_service::service: Syncing block, height: 4382247, hash: 000027872a8116f2e1972cd58649a1a28749b7c4f6b799f5db4cb3bb1c702086
1791660629.687909 runnervmmprz5 zainod-0.10.1[3031]:     at packages/zaino-chain-head-service/src/service.rs:478
1791660629.687909 runnervmmprz5 zainod-0.10.1[3031]:     in zaino_chain_head_service::service::ChainHeadService::tick
1791660629.687909 runnervmmprz5 zainod-0.10.1[3031]:   19:30:29.686  INFO zaino_chain_head_service::service: Syncing block, height: 4382248, hash: 000014a2acbe242192044a9ff0a3841ecf53a5b033882fb71c7f4626979fa53f
1791660629.687909 runnervmmprz5 zainod-0.10.1[3031]:     at packages/zaino-chain-head-service/src/service.rs:478
1791660629.687909 runnervmmprz5 zainod-0.10.1[3031]:     in zaino_chain_head_service::service::ChainHeadService::tick
1791660629.687909 runnervmmprz5 zainod-0.10.1[3031]:   19:30:29.686  INFO zaino_chain_head_service::service: Syncing block, height: 4382249, hash: 00006f06b1ad0e35f1de330dced0ce156f82259dab0d12631ad9aa7be1fd4ed2
1791660629.687909 runnervmmprz5 zainod-0.10.1[3031]:     at packages/zaino-chain-head-service/src/service.rs:478
1791660629.687909 runnervmmprz5 zainod-0.10.1[3031]:     in zaino_chain_head_service::service::ChainHeadService::tick
1791660629.687909 runnervmmprz5 zainod-0.10.1[3031]:   19:30:29.687  INFO zaino_chain_head_service::service: Syncing block, height: 4382250, hash: 00007055c8bd3d17749e33916afc621113b90cc2e1c2cad216b8ba0213fe7964
1791660629.687909 runnervmmprz5 zainod-0.10.1[3031]:     at packages/zaino-chain-head-service/src/service.rs:478
1791660629.687909 runnervmmprz5 zainod-0.10.1[3031]:     in zaino_chain_head_service::service::ChainHeadService::tick
1791660629.699097 runnervmmprz5 zainod-0.10.1[3031]:   19:30:29.699  INFO zaino_chain_head_service::service: Syncing block, height: 4382251, hash: 00000757b9aa1eac51c2b0e06b539552dec0e46a6a53f755973799cd129742d3
1791660629.699097 runnervmmprz5 zainod-0.10.1[3031]:     at packages/zaino-chain-head-service/src/service.rs:478
1791660629.699097 runnervmmprz5 zainod-0.10.1[3031]:     in zaino_chain_head_service::service::ChainHeadService::tick
1791660629.701372 runnervmmprz5 zainod-0.10.1[3031]:   19:30:29.701  INFO zaino_chain_head_service::service: Syncing block, height: 4382252, hash: 00006e4cb3c0cc228d076336497c6d29d3aad31744c5e227de16c7ed5affe301
1791660629.701372 runnervmmprz5 zainod-0.10.1[3031]:     at packages/zaino-chain-head-service/src/service.rs:478
1791660629.701372 runnervmmprz5 zainod-0.10.1[3031]:     in zaino_chain_head_service::service::ChainHeadService::tick
1791660629.703473 runnervmmprz5 zainod-0.10.1[3031]:   19:30:29.703  INFO zaino_chain_head_service::service: Syncing block, height: 4382253, hash: 0000310529718bc0ea0941a7df4b10bad61877cdc5dbe072226ed2f547f20d21
1791660629.703473 runnervmmprz5 zainod-0.10.1[3031]:     at packages/zaino-chain-head-service/src/service.rs:478
1791660629.703473 runnervmmprz5 zainod-0.10.1[3031]:     in zaino_chain_head_service::service::ChainHeadService::tick
1791660629.704325 runnervmmprz5 zainod-0.10.1[3031]:   19:30:29.703  INFO zaino_chain_head_service::service: Syncing block, height: 4382254, hash: 000059f465b422d50f7587c1a5848dc1cc34939de5d5440666a237977ea91d3c
1791660629.704325 runnervmmprz5 zainod-0.10.1[3031]:     at packages/zaino-chain-head-service/src/service.rs:478
1791660629.704325 runnervmmprz5 zainod-0.10.1[3031]:     in zaino_chain_head_service::service::ChainHeadService::tick
1791660629.705135 runnervmmprz5 zainod-0.10.1[3031]:   19:30:29.704  INFO zaino_chain_head_service::service: Syncing block, height: 4382255, hash: 00006238fd857b42057e5b9c48186055d4db376adaee94ca28640ee051cb57dc
1791660629.705135 runnervmmprz5 zainod-0.10.1[3031]:     at packages/zaino-chain-head-service/src/service.rs:478
1791660629.705135 runnervmmprz5 zainod-0.10.1[3031]:     in zaino_chain_head_service::service::ChainHeadService::tick
1791660629.705969 runnervmmprz5 zainod-0.10.1[3031]:   19:30:29.705  INFO zaino_chain_head_service::service: Syncing block, height: 4382256, hash: 00004aba25867e13708f6c2bd6efbfb9f365c122a247d1f257ea014822986cfc
1791660629.705969 runnervmmprz5 zainod-0.10.1[3031]:     at packages/zaino-chain-head-service/src/service.rs:478
1791660629.705969 runnervmmprz5 zainod-0.10.1[3031]:     in zaino_chain_head_service::service::ChainHeadService::tick
1791660629.707621 runnervmmprz5 zainod-0.10.1[3031]:   19:30:29.707  INFO zaino_chain_head_service::service: Syncing block, height: 4382257, hash: 0000496dc68157dfa521d96719a6e9b3e42fa9d18e2b9edc411b5c5dd72bcbfa
1791660629.707621 runnervmmprz5 zainod-0.10.1[3031]:     at packages/zaino-chain-head-service/src/service.rs:478
1791660629.707621 runnervmmprz5 zainod-0.10.1[3031]:     in zaino_chain_head_service::service::ChainHeadService::tick
1791660629.708825 runnervmmprz5 zainod-0.10.1[3031]:   19:30:29.708  INFO zaino_chain_head_service::service: Syncing block, height: 4382258, hash: 000039f3f9475bb84969c7d8097a506607734b4919c14e321fc3e58ff3c6f1b3
1791660629.708825 runnervmmprz5 zainod-0.10.1[3031]:     at packages/zaino-chain-head-service/src/service.rs:478
1791660629.708825 runnervmmprz5 zainod-0.10.1[3031]:     in zaino_chain_head_service::service::ChainHeadService::tick
1791660629.722551 runnervmmprz5 zainod-0.10.1[3031]:   19:30:29.722  INFO zaino_chain_head_service::service: Syncing block, height: 4382259, hash: 00000d4eeb4c6b0f5f925f2f4bad66c09205dc68dd8182e4302f62eb867eafdb
1791660629.722551 runnervmmprz5 zainod-0.10.1[3031]:     at packages/zaino-chain-head-service/src/service.rs:478
1791660629.722551 runnervmmprz5 zainod-0.10.1[3031]:     in zaino_chain_head_service::service::ChainHeadService::tick
1791660629.723376 runnervmmprz5 zainod-0.10.1[3031]:   19:30:29.723  INFO zaino_chain_head_service::service: Syncing block, height: 4382260, hash: 0000431e207e0d0e067572ad507565020192ac8e22202154b875d4a43b7b9671
1791660629.723376 runnervmmprz5 zainod-0.10.1[3031]:     at packages/zaino-chain-head-service/src/service.rs:478
1791660629.723376 runnervmmprz5 zainod-0.10.1[3031]:     in zaino_chain_head_service::service::ChainHeadService::tick
1791660629.724262 runnervmmprz5 zainod-0.10.1[3031]:   19:30:29.724  INFO zaino_chain_head_service::service: Syncing block, height: 4382261, hash: 00003f02a3b0bd69e0b9303dc5c3dc71409c6625e88491839588c612997f7f34
1791660629.724262 runnervmmprz5 zainod-0.10.1[3031]:     at packages/zaino-chain-head-service/src/service.rs:478
1791660629.724262 runnervmmprz5 zainod-0.10.1[3031]:     in zaino_chain_head_service::service::ChainHeadService::tick
1791660629.726804 runnervmmprz5 zainod-0.10.1[3031]:   19:30:29.726  INFO zaino_chain_head_service::service: Syncing block, height: 4382262, hash: 0000412a571c0f3be49e5348b0a68b00a315e72ef81f098a7334909ee7168353
1791660629.726804 runnervmmprz5 zainod-0.10.1[3031]:     at packages/zaino-chain-head-service/src/service.rs:478
1791660629.726804 runnervmmprz5 zainod-0.10.1[3031]:     in zaino_chain_head_service::service::ChainHeadService::tick
1791660629.727351 runnervmmprz5 zainod-0.10.1[3031]:   19:30:29.727  INFO zaino_chain_head_service::service: Syncing block, height: 4382263, hash: 00002a96cea1c016fb6b7a2bec60461b6b6c2a73a87c61bcb01a1f752c9a9c6c
1791660629.727351 runnervmmprz5 zainod-0.10.1[3031]:     at packages/zaino-chain-head-service/src/service.rs:478
1791660629.727351 runnervmmprz5 zainod-0.10.1[3031]:     in zaino_chain_head_service::service::ChainHeadService::tick
1791660629.728254 runnervmmprz5 zainod-0.10.1[3031]:   19:30:29.728  INFO zaino_chain_head_service::service: Syncing block, height: 4382264, hash: 00002cfddfda0cdfafa71b9c769e5bc7c0cfc5dd7c18b6aa940db381baa67a8e
1791660629.728254 runnervmmprz5 zainod-0.10.1[3031]:     at packages/zaino-chain-head-service/src/service.rs:478
1791660629.728254 runnervmmprz5 zainod-0.10.1[3031]:     in zaino_chain_head_service::service::ChainHeadService::tick
1791660629.728764 runnervmmprz5 zainod-0.10.1[3031]:   19:30:29.728  INFO zaino_chain_head_service::service: Syncing block, height: 4382265, hash: 00004d44e293dc2aed98278af998e91c6964f6e45683a9fa4a632ba560802e88
1791660629.728764 runnervmmprz5 zainod-0.10.1[3031]:     at packages/zaino-chain-head-service/src/service.rs:478
1791660629.728764 runnervmmprz5 zainod-0.10.1[3031]:     in zaino_chain_head_service::service::ChainHeadService::tick
1791660629.729432 runnervmmprz5 zainod-0.10.1[3031]:   19:30:29.729  INFO zaino_chain_head_service::service: Syncing block, height: 4382266, hash: 00004fb814049172e612c5087006198697685357d17be30417cf85a10648fa54
1791660629.729432 runnervmmprz5 zainod-0.10.1[3031]:     at packages/zaino-chain-head-service/src/service.rs:478
1791660629.729432 runnervmmprz5 zainod-0.10.1[3031]:     in zaino_chain_head_service::service::ChainHeadService::tick
1791660629.730005 runnervmmprz5 zainod-0.10.1[3031]:   19:30:29.729  INFO zaino_chain_head_service::service: Syncing block, height: 4382267, hash: 000042350c9a6490d3c8247807e2c286b824e7a5ba338270686ee0635421dfa0
1791660629.730005 runnervmmprz5 zainod-0.10.1[3031]:     at packages/zaino-chain-head-service/src/service.rs:478
1791660629.730005 runnervmmprz5 zainod-0.10.1[3031]:     in zaino_chain_head_service::service::ChainHeadService::tick
1791660629.741486 runnervmmprz5 zainod-0.10.1[3031]:   19:30:29.741  INFO zaino_chain_head_service::service: Syncing block, height: 4382268, hash: 0000031d327af8eda03b135f9695251a10486e265aaa850b96e420968fbfb51f
1791660629.741486 runnervmmprz5 zainod-0.10.1[3031]:     at packages/zaino-chain-head-service/src/service.rs:478
1791660629.741486 runnervmmprz5 zainod-0.10.1[3031]:     in zaino_chain_head_service::service::ChainHeadService::tick
1791660629.742632 runnervmmprz5 zainod-0.10.1[3031]:   19:30:29.742  INFO zaino_chain_head_service::service: Syncing block, height: 4382269, hash: 00000217add4e81dd4cb2cce136ed68881c4a2c251fd917d7e65f7383928f910
1791660629.742632 runnervmmprz5 zainod-0.10.1[3031]:     at packages/zaino-chain-head-service/src/service.rs:478
1791660629.742632 runnervmmprz5 zainod-0.10.1[3031]:     in zaino_chain_head_service::service::ChainHeadService::tick
1791660629.743687 runnervmmprz5 zainod-0.10.1[3031]:   19:30:29.743  INFO zaino_chain_head_service::service: Syncing block, height: 4382270, hash: 000018a359da7b915dc6b45da258fc8b6bff03faad3deddabcbf04450e6d329f
1791660629.743687 runnervmmprz5 zainod-0.10.1[3031]:     at packages/zaino-chain-head-service/src/service.rs:478
1791660629.743687 runnervmmprz5 zainod-0.10.1[3031]:     in zaino_chain_head_service::service::ChainHeadService::tick
1791660629.756213 runnervmmprz5 zainod-0.10.1[3031]:   19:30:29.756  INFO zaino_chain_head_service::service: Syncing block, height: 4382271, hash: 00002a3ed1f8a15a14600c7497e25b02528921e7421c5692ef2dd06ea3898c1b
1791660629.756213 runnervmmprz5 zainod-0.10.1[3031]:     at packages/zaino-chain-head-service/src/service.rs:478
1791660629.756213 runnervmmprz5 zainod-0.10.1[3031]:     in zaino_chain_head_service::service::ChainHeadService::tick
1791660629.756847 runnervmmprz5 zainod-0.10.1[3031]:   19:30:29.756  INFO zaino_chain_head_service::service: Syncing block, height: 4382272, hash: 0000442bd9fb1f39421cf008b45fd207d32dc3515aa9f38bcbb032da535791ea
1791660629.756847 runnervmmprz5 zainod-0.10.1[3031]:     at packages/zaino-chain-head-service/src/service.rs:478
1791660629.756847 runnervmmprz5 zainod-0.10.1[3031]:     in zaino_chain_head_service::service::ChainHeadService::tick
1791660629.757803 runnervmmprz5 zainod-0.10.1[3031]:   19:30:29.757  INFO zaino_chain_head_service::service: Syncing block, height: 4382273, hash: 00003c52a7278a3724b67c2c654304df845a2c91170e920163053fa2460c16a0
1791660629.757803 runnervmmprz5 zainod-0.10.1[3031]:     at packages/zaino-chain-head-service/src/service.rs:478
1791660629.757803 runnervmmprz5 zainod-0.10.1[3031]:     in zaino_chain_head_service::service::ChainHeadService::tick
1791660629.759091 runnervmmprz5 zainod-0.10.1[3031]:   19:30:29.759  INFO zaino_chain_head_service::service: Syncing block, height: 4382274, hash: 000016482912abff1f744371691e3d2c6bf41f76d4b0f1fb004330169afdcd3f
1791660629.759091 runnervmmprz5 zainod-0.10.1[3031]:     at packages/zaino-chain-head-service/src/service.rs:478
1791660629.759091 runnervmmprz5 zainod-0.10.1[3031]:     in zaino_chain_head_service::service::ChainHeadService::tick
1791660629.759947 runnervmmprz5 zainod-0.10.1[3031]:   19:30:29.759  INFO zaino_chain_head_service::service: Syncing block, height: 4382275, hash: 00000748dbe6e25ae2f577da0f9f433e1704a88a30d0b8f96aff2aca9ceb0386
1791660629.759947 runnervmmprz5 zainod-0.10.1[3031]:     at packages/zaino-chain-head-service/src/service.rs:478
1791660629.759947 runnervmmprz5 zainod-0.10.1[3031]:     in zaino_chain_head_service::service::ChainHeadService::tick
1791660629.761120 runnervmmprz5 zainod-0.10.1[3031]:   19:30:29.761  INFO zaino_chain_head_service::service: Syncing block, height: 4382276, hash: 00003d5b476eaf344873b29cb1dca0faf1d200459edd9a8b6dc9e65472ff6d33
1791660629.761120 runnervmmprz5 zainod-0.10.1[3031]:     at packages/zaino-chain-head-service/src/service.rs:478
1791660629.761120 runnervmmprz5 zainod-0.10.1[3031]:     in zaino_chain_head_service::service::ChainHeadService::tick
1791660629.762425 runnervmmprz5 zainod-0.10.1[3031]:   19:30:29.762  INFO zaino_chain_head_service::service: Syncing block, height: 4382277, hash: 000040a159eef5d52b197f1d9affc92ff289a12fe2b0434384f6e136e5d4f24a
1791660629.762425 runnervmmprz5 zainod-0.10.1[3031]:     at packages/zaino-chain-head-service/src/service.rs:478
1791660629.762425 runnervmmprz5 zainod-0.10.1[3031]:     in zaino_chain_head_service::service::ChainHeadService::tick
1791660629.763452 runnervmmprz5 zainod-0.10.1[3031]:   19:30:29.763  INFO zaino_chain_head_service::service: Syncing block, height: 4382278, hash: 00000867f71c4e5663948d72393573f7fd0d7b9844e3c48d53656a9c7cc37bd6
1791660629.763452 runnervmmprz5 zainod-0.10.1[3031]:     at packages/zaino-chain-head-service/src/service.rs:478
1791660629.763452 runnervmmprz5 zainod-0.10.1[3031]:     in zaino_chain_head_service::service::ChainHeadService::tick
1791660629.764973 runnervmmprz5 zainod-0.10.1[3031]:   19:30:29.764  INFO zaino_chain_head_service::service: Syncing block, height: 4382279, hash: 00000a10d475aecfc5ff8e78027ee1cbd5fbf225e35e4ca2ea4fde9352c27914
1791660629.764973 runnervmmprz5 zainod-0.10.1[3031]:     at packages/zaino-chain-head-service/src/service.rs:478
1791660629.764973 runnervmmprz5 zainod-0.10.1[3031]:     in zaino_chain_head_service::service::ChainHeadService::tick
1791660629.765795 runnervmmprz5 zainod-0.10.1[3031]:   19:30:29.765  INFO zaino_chain_head_service::service: Syncing block, height: 4382280, hash: 00002694b1b9e69f2d2c16097f351b9f0d224c4a84bd9865956711b81930566d
1791660629.765795 runnervmmprz5 zainod-0.10.1[3031]:     at packages/zaino-chain-head-service/src/service.rs:478
1791660629.765795 runnervmmprz5 zainod-0.10.1[3031]:     in zaino_chain_head_service::service::ChainHeadService::tick
1791660629.774197 runnervmmprz5 zainod-0.10.1[3031]:   19:30:29.774  INFO zaino_chain_head_service::service: Syncing block, height: 4382281, hash: 00000d32a272e7659f9c792c7f473dd9357d1daebc21daa4d145358b1c52c6c5
1791660629.774197 runnervmmprz5 zainod-0.10.1[3031]:     at packages/zaino-chain-head-service/src/service.rs:478
1791660629.774197 runnervmmprz5 zainod-0.10.1[3031]:     in zaino_chain_head_service::service::ChainHeadService::tick
1791660629.775161 runnervmmprz5 zainod-0.10.1[3031]:   19:30:29.775  INFO zaino_chain_head_service::service: Syncing block, height: 4382282, hash: 00002ed40463bada9256072066700220eba01c2270350f14cafbc7870ab1ec2e
1791660629.775161 runnervmmprz5 zainod-0.10.1[3031]:     at packages/zaino-chain-head-service/src/service.rs:478
1791660629.775161 runnervmmprz5 zainod-0.10.1[3031]:     in zaino_chain_head_service::service::ChainHeadService::tick
1791660629.775720 runnervmmprz5 zainod-0.10.1[3031]:   19:30:29.775  INFO zaino_chain_head_service::service: Syncing block, height: 4382283, hash: 00002f20693560d0707736efc41ef3c25efb88eacb84abaa9ce45a5380152607
1791660629.775720 runnervmmprz5 zainod-0.10.1[3031]:     at packages/zaino-chain-head-service/src/service.rs:478
1791660629.775720 runnervmmprz5 zainod-0.10.1[3031]:     in zaino_chain_head_service::service::ChainHeadService::tick
1791660629.776808 runnervmmprz5 zainod-0.10.1[3031]:   19:30:29.776  INFO zaino_chain_head_service::service: Syncing block, height: 4382284, hash: 00000908b56b73efd5a75b86f2b3afecec0082545fc0fbc843c21ab5a0e8e5f2
1791660629.776808 runnervmmprz5 zainod-0.10.1[3031]:     at packages/zaino-chain-head-service/src/service.rs:478
1791660629.776808 runnervmmprz5 zainod-0.10.1[3031]:     in zaino_chain_head_service::service::ChainHeadService::tick
1791660629.778300 runnervmmprz5 zainod-0.10.1[3031]:   19:30:29.778  INFO zaino_chain_head_service::service: Syncing block, height: 4382285, hash: 00002669f515c2db7d9d270c67f38ca37b6a026b508c822baa4f3255a8a536f5
1791660629.778300 runnervmmprz5 zainod-0.10.1[3031]:     at packages/zaino-chain-head-service/src/service.rs:478
1791660629.778300 runnervmmprz5 zainod-0.10.1[3031]:     in zaino_chain_head_service::service::ChainHeadService::tick
1791660629.779235 runnervmmprz5 zainod-0.10.1[3031]:   19:30:29.779  INFO zaino_chain_head_service::service: Syncing block, height: 4382286, hash: 00003bcc2da7e994144e00dcb4963bbddbfce2fc79163dffe12154279e7e0b86
1791660629.779235 runnervmmprz5 zainod-0.10.1[3031]:     at packages/zaino-chain-head-service/src/service.rs:478
1791660629.779235 runnervmmprz5 zainod-0.10.1[3031]:     in zaino_chain_head_service::service::ChainHeadService::tick
1791660629.780474 runnervmmprz5 zainod-0.10.1[3031]:   19:30:29.780  INFO zaino_chain_head_service::service: Syncing block, height: 4382287, hash: 000037bd5dcf860414934fc69aa22de791e373870ffd48bebeebf3098e712df7
1791660629.780474 runnervmmprz5 zainod-0.10.1[3031]:     at packages/zaino-chain-head-service/src/service.rs:478
1791660629.780474 runnervmmprz5 zainod-0.10.1[3031]:     in zaino_chain_head_service::service::ChainHeadService::tick
1791660629.781516 runnervmmprz5 zainod-0.10.1[3031]:   19:30:29.781  INFO zaino_chain_head_service::service: Syncing block, height: 4382288, hash: 0000076cb8a55ff71af6b9bfc3b64e3c6438b9c303a5aaa944caa6009091158a
1791660629.781516 runnervmmprz5 zainod-0.10.1[3031]:     at packages/zaino-chain-head-service/src/service.rs:478
1791660629.781516 runnervmmprz5 zainod-0.10.1[3031]:     in zaino_chain_head_service::service::ChainHeadService::tick
1791660629.782224 runnervmmprz5 zainod-0.10.1[3031]:   19:30:29.782  INFO zaino_chain_head_service::service: Syncing block, height: 4382289, hash: 000033a994673ecd23d0e9c37544dd8fe7f5e1ba8c8c8ecafd72a1ccad458771
1791660629.782224 runnervmmprz5 zainod-0.10.1[3031]:     at packages/zaino-chain-head-service/src/service.rs:478
1791660629.782224 runnervmmprz5 zainod-0.10.1[3031]:     in zaino_chain_head_service::service::ChainHeadService::tick
1791660629.792191 runnervmmprz5 zainod-0.10.1[3031]:   19:30:29.792  INFO zaino_chain_head_service::service: Syncing block, height: 4382290, hash: 00001a73a16606003aeab35ca07d83186ab129365182a25bcb4e83671c2d57fe
1791660629.792191 runnervmmprz5 zainod-0.10.1[3031]:     at packages/zaino-chain-head-service/src/service.rs:478
1791660629.792191 runnervmmprz5 zainod-0.10.1[3031]:     in zaino_chain_head_service::service::ChainHeadService::tick
1791660629.792900 runnervmmprz5 zainod-0.10.1[3031]:   19:30:29.792  INFO zaino_chain_head_service::service: Syncing block, height: 4382291, hash: 000017701e14f8825abdab8fe243eeef6749360ad3f6e15f99f70b4389258b89
1791660629.792900 runnervmmprz5 zainod-0.10.1[3031]:     at packages/zaino-chain-head-service/src/service.rs:478
1791660629.792900 runnervmmprz5 zainod-0.10.1[3031]:     in zaino_chain_head_service::service::ChainHeadService::tick
1791660629.794363 runnervmmprz5 zainod-0.10.1[3031]:   19:30:29.794  INFO zaino_chain_head_service::service: Syncing block, height: 4382292, hash: 00000c1c9dd21fe84bd7d59c0876fdfabe7fa50e489302b9dac813eba46e796d
1791660629.794363 runnervmmprz5 zainod-0.10.1[3031]:     at packages/zaino-chain-head-service/src/service.rs:478
1791660629.794363 runnervmmprz5 zainod-0.10.1[3031]:     in zaino_chain_head_service::service::ChainHeadService::tick
1791660629.795232 runnervmmprz5 zainod-0.10.1[3031]:   19:30:29.795  INFO zaino_chain_head_service::service: Syncing block, height: 4382293, hash: 000010f853c09071f40551fe04b80eeffea7a9bc96a1b1b78368254464c15b9b
1791660629.795232 runnervmmprz5 zainod-0.10.1[3031]:     at packages/zaino-chain-head-service/src/service.rs:478
1791660629.795232 runnervmmprz5 zainod-0.10.1[3031]:     in zaino_chain_head_service::service::ChainHeadService::tick
1791660629.795959 runnervmmprz5 zainod-0.10.1[3031]:   19:30:29.795  INFO zaino_chain_head_service::service: Syncing block, height: 4382294, hash: 00002eb5f4e88df702f15f64227ba73d2b225449476043f388807fb17664e6d8
1791660629.795959 runnervmmprz5 zainod-0.10.1[3031]:     at packages/zaino-chain-head-service/src/service.rs:478
1791660629.795959 runnervmmprz5 zainod-0.10.1[3031]:     in zaino_chain_head_service::service::ChainHeadService::tick
1791660629.796853 runnervmmprz5 zainod-0.10.1[3031]:   19:30:29.796  INFO zaino_chain_head_service::service: Syncing block, height: 4382295, hash: 000001c1adcfa6a776da146b29b126f58832bccf42f143006d657ad254bdedbf
1791660629.796853 runnervmmprz5 zainod-0.10.1[3031]:     at packages/zaino-chain-head-service/src/service.rs:478
1791660629.796853 runnervmmprz5 zainod-0.10.1[3031]:     in zaino_chain_head_service::service::ChainHeadService::tick
1791660629.797426 runnervmmprz5 zainod-0.10.1[3031]:   19:30:29.797  INFO zaino_chain_head_service::service: Syncing block, height: 4382296, hash: 0000120b881bf0e9a7fc805e698d64453c80549504759b4ffb6bac8a56ae0e7f
1791660629.797426 runnervmmprz5 zainod-0.10.1[3031]:     at packages/zaino-chain-head-service/src/service.rs:478
1791660629.797426 runnervmmprz5 zainod-0.10.1[3031]:     in zaino_chain_head_service::service::ChainHeadService::tick
1791660629.806153 runnervmmprz5 zainod-0.10.1[3031]:   19:30:29.806  INFO zaino_chain_head_service::service: Syncing block, height: 4382297, hash: 00002513c4ac10270520946ad76452c53e3f253e9448f53a0a20bf451f5d747f
1791660629.806153 runnervmmprz5 zainod-0.10.1[3031]:     at packages/zaino-chain-head-service/src/service.rs:478
1791660629.806153 runnervmmprz5 zainod-0.10.1[3031]:     in zaino_chain_head_service::service::ChainHeadService::tick
1791660629.807107 runnervmmprz5 zainod-0.10.1[3031]:   19:30:29.807  INFO zaino_chain_head_service::service: Syncing block, height: 4382298, hash: 0000134707266f4472a808d973ba797c56cf1e1e703b6792bdb42ef2a3b075ca
1791660629.807107 runnervmmprz5 zainod-0.10.1[3031]:     at packages/zaino-chain-head-service/src/service.rs:478
1791660629.807107 runnervmmprz5 zainod-0.10.1[3031]:     in zaino_chain_head_service::service::ChainHeadService::tick
1791660629.807896 runnervmmprz5 zainod-0.10.1[3031]:   19:30:29.807  INFO zaino_chain_head_service::service: Syncing block, height: 4382299, hash: 00001c7417bbe4b40a047e25a1be88814c4a8c1e3da9a9643a72ebda821b5c32
1791660629.807896 runnervmmprz5 zainod-0.10.1[3031]:     at packages/zaino-chain-head-service/src/service.rs:478
1791660629.807896 runnervmmprz5 zainod-0.10.1[3031]:     in zaino_chain_head_service::service::ChainHeadService::tick
1791660629.808474 runnervmmprz5 zainod-0.10.1[3031]:   19:30:29.808  INFO zaino_chain_head_service::service: Syncing block, height: 4382300, hash: 00000109a32a69d972d192be368c0d9cad4848b9cc8178dcf3a02d6765656e34
1791660629.808474 runnervmmprz5 zainod-0.10.1[3031]:     at packages/zaino-chain-head-service/src/service.rs:478
1791660629.808474 runnervmmprz5 zainod-0.10.1[3031]:     in zaino_chain_head_service::service::ChainHeadService::tick
1791660629.809995 runnervmmprz5 zainod-0.10.1[3031]:   19:30:29.809  INFO zaino_chain_head_service::service: Syncing block, height: 4382301, hash: 0000076af2478d0538fc19c3d79d1bcf16a324363d871352decb811c3b71bde0
1791660629.809995 runnervmmprz5 zainod-0.10.1[3031]:     at packages/zaino-chain-head-service/src/service.rs:478
1791660629.809995 runnervmmprz5 zainod-0.10.1[3031]:     in zaino_chain_head_service::service::ChainHeadService::tick
1791660629.810737 runnervmmprz5 zainod-0.10.1[3031]:   19:30:29.810  INFO zaino_chain_head_service::service: Syncing block, height: 4382302, hash: 0000157935fd93bdfed66218a3dc2fefc5f82a15df3f7d54103e419e84d7f051
1791660629.810737 runnervmmprz5 zainod-0.10.1[3031]:     at packages/zaino-chain-head-service/src/service.rs:478
1791660629.810737 runnervmmprz5 zainod-0.10.1[3031]:     in zaino_chain_head_service::service::ChainHeadService::tick
1791660629.811900 runnervmmprz5 zainod-0.10.1[3031]:   19:30:29.811  INFO zaino_chain_head_service::service: Syncing block, height: 4382303, hash: 0000296a84bf80858efba3466e1dd748968796d93b45fc55d5a9e121d601e0ec
1791660629.811900 runnervmmprz5 zainod-0.10.1[3031]:     at packages/zaino-chain-head-service/src/service.rs:478
1791660629.811900 runnervmmprz5 zainod-0.10.1[3031]:     in zaino_chain_head_service::service::ChainHeadService::tick
1791660629.822832 runnervmmprz5 zainod-0.10.1[3031]:   19:30:29.822  INFO zaino_chain_head_service::service: Syncing block, height: 4382304, hash: 000029d9b12337d46231732d697e140a8db2c6980189fd4a8111a8d58e1c9089
1791660629.822832 runnervmmprz5 zainod-0.10.1[3031]:     at packages/zaino-chain-head-service/src/service.rs:478
1791660629.822832 runnervmmprz5 zainod-0.10.1[3031]:     in zaino_chain_head_service::service::ChainHeadService::tick
1791660629.823663 runnervmmprz5 zainod-0.10.1[3031]:   19:30:29.823  INFO zaino_chain_head_service::service: Syncing block, height: 4382305, hash: 0000213f7487180914de2b0fc5acb951d2f0e754fca5baf216377a181442161f
1791660629.823663 runnervmmprz5 zainod-0.10.1[3031]:     at packages/zaino-chain-head-service/src/service.rs:478
1791660629.823663 runnervmmprz5 zainod-0.10.1[3031]:     in zaino_chain_head_service::service::ChainHeadService::tick
1791660629.824441 runnervmmprz5 zainod-0.10.1[3031]:   19:30:29.824  INFO zaino_chain_head_service::service: Syncing block, height: 4382306, hash: 00002173d2321a03ee705a7d2220cd11463a84cbb880075aff40413c17204558
1791660629.824441 runnervmmprz5 zainod-0.10.1[3031]:     at packages/zaino-chain-head-service/src/service.rs:478
1791660629.824441 runnervmmprz5 zainod-0.10.1[3031]:     in zaino_chain_head_service::service::ChainHeadService::tick
1791660629.825223 runnervmmprz5 zainod-0.10.1[3031]:   19:30:29.825  INFO zaino_chain_head_service::service: Syncing block, height: 4382307, hash: 00001d273fbc3c84feacab227d358b6bc8e55138cba0b2bd713655b669ae64e4
1791660629.825223 runnervmmprz5 zainod-0.10.1[3031]:     at packages/zaino-chain-head-service/src/service.rs:478
1791660629.825223 runnervmmprz5 zainod-0.10.1[3031]:     in zaino_chain_head_service::service::ChainHeadService::tick
1791660629.825836 runnervmmprz5 zainod-0.10.1[3031]:   19:30:29.825  INFO zaino_chain_head_service::service: Syncing block, height: 4382308, hash: 00001dae3da849447a7eef9223ccc6cb5fe87eab01b5492a087ae9d098484b80
1791660629.825836 runnervmmprz5 zainod-0.10.1[3031]:     at packages/zaino-chain-head-service/src/service.rs:478
1791660629.825836 runnervmmprz5 zainod-0.10.1[3031]:     in zaino_chain_head_service::service::ChainHeadService::tick
1791660629.826459 runnervmmprz5 zainod-0.10.1[3031]:   19:30:29.826  INFO zaino_chain_head_service::service: Syncing block, height: 4382309, hash: 00001062c4400651fd34a6eb0e1e7ec0a6a74e4fbd7400fadbe6357776de264f
1791660629.826459 runnervmmprz5 zainod-0.10.1[3031]:     at packages/zaino-chain-head-service/src/service.rs:478
1791660629.826459 runnervmmprz5 zainod-0.10.1[3031]:     in zaino_chain_head_service::service::ChainHeadService::tick
1791660629.834156 runnervmmprz5 zainod-0.10.1[3031]:   19:30:29.834  INFO zaino_chain_head_service::service: Syncing block, height: 4382310, hash: 0000131da5a04a016a636241c6b5e99895ec816708193ff4baa827ea5a39980f
1791660629.834156 runnervmmprz5 zainod-0.10.1[3031]:     at packages/zaino-chain-head-service/src/service.rs:478
1791660629.834156 runnervmmprz5 zainod-0.10.1[3031]:     in zaino_chain_head_service::service::ChainHeadService::tick
1791660629.835205 runnervmmprz5 zainod-0.10.1[3031]:   19:30:29.835  INFO zaino_chain_head_service::service: Syncing block, height: 4382311, hash: 000021f79389fb8ac4fe2ffbb1ab3fae78a1c60bdf3e02198b643a7b50695439
1791660629.835205 runnervmmprz5 zainod-0.10.1[3031]:     at packages/zaino-chain-head-service/src/service.rs:478
1791660629.835205 runnervmmprz5 zainod-0.10.1[3031]:     in zaino_chain_head_service::service::ChainHeadService::tick
1791660629.836064 runnervmmprz5 zainod-0.10.1[3031]:   19:30:29.835  INFO zaino_chain_head_service::service: Syncing block, height: 4382312, hash: 0000125a362712c8877f03c2c3b339290bfc5b118ae9d0bf7ff524061dfaa512
1791660629.836064 runnervmmprz5 zainod-0.10.1[3031]:     at packages/zaino-chain-head-service/src/service.rs:478
1791660629.836064 runnervmmprz5 zainod-0.10.1[3031]:     in zaino_chain_head_service::service::ChainHeadService::tick
1791660629.836848 runnervmmprz5 zainod-0.10.1[3031]:   19:30:29.836  INFO zaino_chain_head_service::service: Syncing block, height: 4382313, hash: 000001877bcfa5345a9feef83e474e1f23cdc50b689d17cb0a12f165f415be14
1791660629.836848 runnervmmprz5 zainod-0.10.1[3031]:     at packages/zaino-chain-head-service/src/service.rs:478
1791660629.836848 runnervmmprz5 zainod-0.10.1[3031]:     in zaino_chain_head_service::service::ChainHeadService::tick
1791660629.837395 runnervmmprz5 zainod-0.10.1[3031]:   19:30:29.837  INFO zaino_chain_head_service::service: Syncing block, height: 4382314, hash: 000011dcbdc08a08d56f54b6d7acf2723221a77604d337197fb680710456cb85
1791660629.837395 runnervmmprz5 zainod-0.10.1[3031]:     at packages/zaino-chain-head-service/src/service.rs:478
1791660629.837395 runnervmmprz5 zainod-0.10.1[3031]:     in zaino_chain_head_service::service::ChainHeadService::tick
1791660629.838083 runnervmmprz5 zainod-0.10.1[3031]:   19:30:29.838  INFO zaino_chain_head_service::service: Syncing block, height: 4382315, hash: 000022d17cb464f10c5dfa6a83350db4f457d7714597cab5dfe876fa46746993
1791660629.838083 runnervmmprz5 zainod-0.10.1[3031]:     at packages/zaino-chain-head-service/src/service.rs:478
1791660629.838083 runnervmmprz5 zainod-0.10.1[3031]:     in zaino_chain_head_service::service::ChainHeadService::tick
1791660629.840176 runnervmmprz5 zainod-0.10.1[3031]:   19:30:29.839  INFO zaino_chain_head_service::service: Syncing block, height: 4382316, hash: 00001ed2d57beefebf5231cb6985fdd00e55f979dd04dba8533835efbe9df10c
1791660629.840176 runnervmmprz5 zainod-0.10.1[3031]:     at packages/zaino-chain-head-service/src/service.rs:478
1791660629.840176 runnervmmprz5 zainod-0.10.1[3031]:     in zaino_chain_head_service::service::ChainHeadService::tick
1791660629.840176 runnervmmprz5 zainod-0.10.1[3031]:   19:30:29.839  INFO zaino_chain_head_service::service: Syncing block, height: 4382317, hash: 00001b236fe9ec3f17cf7eb217054f793e4fc4cf2f0ba9b3dedc7808c12fe54c
1791660629.840176 runnervmmprz5 zainod-0.10.1[3031]:     at packages/zaino-chain-head-service/src/service.rs:478
1791660629.840176 runnervmmprz5 zainod-0.10.1[3031]:     in zaino_chain_head_service::service::ChainHeadService::tick
1791660629.840553 runnervmmprz5 zainod-0.10.1[3031]:   19:30:29.840  INFO zaino_chain_head_service::service: Syncing block, height: 4382318, hash: 00001185c9a547d8c8bd9b923e75f96c32abe9b6b35b857e5813c61c1b32e6a2
1791660629.840553 runnervmmprz5 zainod-0.10.1[3031]:     at packages/zaino-chain-head-service/src/service.rs:478
1791660629.840553 runnervmmprz5 zainod-0.10.1[3031]:     in zaino_chain_head_service::service::ChainHeadService::tick
1791660629.842582 runnervmmprz5 zainod-0.10.1[3031]:   19:30:29.842  INFO zaino_chain_head_service::service: Syncing block, height: 4382319, hash: 00001c6309acc9dbb7efafe090a6898906442dcf71a47084471189acbe18bc3b
1791660629.842582 runnervmmprz5 zainod-0.10.1[3031]:     at packages/zaino-chain-head-service/src/service.rs:478
1791660629.842582 runnervmmprz5 zainod-0.10.1[3031]:     in zaino_chain_head_service::service::ChainHeadService::tick
1791660629.843839 runnervmmprz5 zainod-0.10.1[3031]:   19:30:29.843  INFO zaino_chain_head_service::service: Syncing block, height: 4382320, hash: 000002cd1364fcff5085ad068d6121602f08e6143402a51d8b97171c65f93ecd
1791660629.843839 runnervmmprz5 zainod-0.10.1[3031]:     at packages/zaino-chain-head-service/src/service.rs:478
1791660629.843839 runnervmmprz5 zainod-0.10.1[3031]:     in zaino_chain_head_service::service::ChainHeadService::tick
1791660629.844671 runnervmmprz5 zainod-0.10.1[3031]:   19:30:29.844  INFO zaino_chain_head_service::service: Syncing block, height: 4382321, hash: 0000178cc60775f1511354efc6609568c05fc4ed94bcc616688560bae69cab17
1791660629.844671 runnervmmprz5 zainod-0.10.1[3031]:     at packages/zaino-chain-head-service/src/service.rs:478
1791660629.844671 runnervmmprz5 zainod-0.10.1[3031]:     in zaino_chain_head_service::service::ChainHeadService::tick
1791660629.845886 runnervmmprz5 zainod-0.10.1[3031]:   19:30:29.845  INFO zaino_chain_head_service::service: Syncing block, height: 4382322, hash: 00000e0d29b7b5dfbae5b8279e2373a6d425f610cf5b6bd5a5d538422aafa9c8
1791660629.845886 runnervmmprz5 zainod-0.10.1[3031]:     at packages/zaino-chain-head-service/src/service.rs:478
1791660629.845886 runnervmmprz5 zainod-0.10.1[3031]:     in zaino_chain_head_service::service::ChainHeadService::tick
1791660629.847109 runnervmmprz5 zainod-0.10.1[3031]:   19:30:29.847  INFO zaino_chain_head_service::service: Syncing block, height: 4382323, hash: 000014a3c0a6a1e8f98dbc03419d8a8cd2ea0b0378dc311f53fa68ffb388ec62
1791660629.847109 runnervmmprz5 zainod-0.10.1[3031]:     at packages/zaino-chain-head-service/src/service.rs:478
1791660629.847109 runnervmmprz5 zainod-0.10.1[3031]:     in zaino_chain_head_service::service::ChainHeadService::tick
1791660629.848073 runnervmmprz5 zainod-0.10.1[3031]:   19:30:29.847  INFO zaino_chain_head_service::service: Syncing block, height: 4382324, hash: 00001565e33223818fa026af380ed142ee1f22c7a3215a8198ae94158341c4ef
1791660629.848073 runnervmmprz5 zainod-0.10.1[3031]:     at packages/zaino-chain-head-service/src/service.rs:478
1791660629.848073 runnervmmprz5 zainod-0.10.1[3031]:     in zaino_chain_head_service::service::ChainHeadService::tick
1791660629.848556 runnervmmprz5 zainod-0.10.1[3031]:   19:30:29.848  INFO zaino_chain_head_service::service: Syncing block, height: 4382325, hash: 00000110420d7ebf450bc2bb6e5a93e6fca9d43788b027c0d240cc41edd6c23f
1791660629.848556 runnervmmprz5 zainod-0.10.1[3031]:     at packages/zaino-chain-head-service/src/service.rs:478
1791660629.848556 runnervmmprz5 zainod-0.10.1[3031]:     in zaino_chain_head_service::service::ChainHeadService::tick
1791660629.849363 runnervmmprz5 zainod-0.10.1[3031]:   19:30:29.849  INFO zaino_chain_head_service::service: Syncing block, height: 4382326, hash: 00001e83661d4170d4222f84f047c5b6325111c7e4f1d8fe44745165429ebd80
1791660629.849363 runnervmmprz5 zainod-0.10.1[3031]:     at packages/zaino-chain-head-service/src/service.rs:478
1791660629.849363 runnervmmprz5 zainod-0.10.1[3031]:     in zaino_chain_head_service::service::ChainHeadService::tick
1791660629.850518 runnervmmprz5 zainod-0.10.1[3031]:   19:30:29.850  INFO zaino_chain_head_service::service: Syncing block, height: 4382327, hash: 0000021187352763bd8c421a307eeec0e538beba802af427c2d7c7b5eabf0bc8
1791660629.850518 runnervmmprz5 zainod-0.10.1[3031]:     at packages/zaino-chain-head-service/src/service.rs:478
1791660629.850518 runnervmmprz5 zainod-0.10.1[3031]:     in zaino_chain_head_service::service::ChainHeadService::tick
1791660629.851617 runnervmmprz5 zainod-0.10.1[3031]:   19:30:29.851  INFO zaino_chain_head_service::service: Syncing block, height: 4382328, hash: 00001ae93a63856cbd3c7be8883369ca8de50e664ecd1e7f7fc83297eda8aabd
1791660629.851617 runnervmmprz5 zainod-0.10.1[3031]:     at packages/zaino-chain-head-service/src/service.rs:478
1791660629.851617 runnervmmprz5 zainod-0.10.1[3031]:     in zaino_chain_head_service::service::ChainHeadService::tick
1791660629.852549 runnervmmprz5 zainod-0.10.1[3031]:   19:30:29.852  INFO zaino_chain_head_service::service: Syncing block, height: 4382329, hash: 000014c532b7d24315c088b8c54a01098285345e9411f5ac01fe44140af5017f
1791660629.852549 runnervmmprz5 zainod-0.10.1[3031]:     at packages/zaino-chain-head-service/src/service.rs:478
1791660629.852549 runnervmmprz5 zainod-0.10.1[3031]:     in zaino_chain_head_service::service::ChainHeadService::tick
1791660629.853500 runnervmmprz5 zainod-0.10.1[3031]:   19:30:29.853  INFO zaino_chain_head_service::service: Syncing block, height: 4382330, hash: 00000d6c5bba5f2f6468a90638ed56f403d4d7bec9e97303f8d882890b464458
1791660629.853500 runnervmmprz5 zainod-0.10.1[3031]:     at packages/zaino-chain-head-service/src/service.rs:478
1791660629.853500 runnervmmprz5 zainod-0.10.1[3031]:     in zaino_chain_head_service::service::ChainHeadService::tick
1791660629.854429 runnervmmprz5 zainod-0.10.1[3031]:   19:30:29.854  INFO zaino_chain_head_service::service: Syncing block, height: 4382331, hash: 00001aca35188db5b36eb44e3a1a2f1feb4d67330f79856963a5c4099a0cb330
1791660629.854429 runnervmmprz5 zainod-0.10.1[3031]:     at packages/zaino-chain-head-service/src/service.rs:478
1791660629.854429 runnervmmprz5 zainod-0.10.1[3031]:     in zaino_chain_head_service::service::ChainHeadService::tick
1791660629.854916 runnervmmprz5 zainod-0.10.1[3031]:   19:30:29.854  INFO zaino_chain_head_service::service: Syncing block, height: 4382332, hash: 00000500cb3255d39ea3b34f3346bff142eb340e82b6767bc8f3f2bf68998e73
1791660629.854916 runnervmmprz5 zainod-0.10.1[3031]:     at packages/zaino-chain-head-service/src/service.rs:478
1791660629.854916 runnervmmprz5 zainod-0.10.1[3031]:     in zaino_chain_head_service::service::ChainHeadService::tick
1791660629.855589 runnervmmprz5 zainod-0.10.1[3031]:   19:30:29.855  INFO zaino_chain_head_service::service: Syncing block, height: 4382333, hash: 000007f7bc7972417a414439cbfe4ee8072dc8318563af897d51912ec49607de
1791660629.855589 runnervmmprz5 zainod-0.10.1[3031]:     at packages/zaino-chain-head-service/src/service.rs:478
1791660629.855589 runnervmmprz5 zainod-0.10.1[3031]:     in zaino_chain_head_service::service::ChainHeadService::tick
1791660629.856449 runnervmmprz5 zainod-0.10.1[3031]:   19:30:29.856  INFO zaino_chain_head_service::service: Syncing block, height: 4382334, hash: 000019c618c434dbec52384c8349858b75ad17a505bc9fdf48fe27d4fc60cac4
1791660629.856449 runnervmmprz5 zainod-0.10.1[3031]:     at packages/zaino-chain-head-service/src/service.rs:478
1791660629.856449 runnervmmprz5 zainod-0.10.1[3031]:     in zaino_chain_head_service::service::ChainHeadService::tick
1791660629.857029 runnervmmprz5 zainod-0.10.1[3031]:   19:30:29.857  INFO zaino_chain_head_service::service: Syncing block, height: 4382335, hash: 00000a2cd18c0c97bb740d11adb215c34ad9683817cd0684828d4f63a53442f9
1791660629.857029 runnervmmprz5 zainod-0.10.1[3031]:     at packages/zaino-chain-head-service/src/service.rs:478
1791660629.857029 runnervmmprz5 zainod-0.10.1[3031]:     in zaino_chain_head_service::service::ChainHeadService::tick
1791660629.857611 runnervmmprz5 zainod-0.10.1[3031]:   19:30:29.857  INFO zaino_chain_head_service::service: Syncing block, height: 4382336, hash: 0000195bbfa582eadf6e6dda2166550975a2b94ae38a174753283e4fe9b20c8e
1791660629.857611 runnervmmprz5 zainod-0.10.1[3031]:     at packages/zaino-chain-head-service/src/service.rs:478
1791660629.857611 runnervmmprz5 zainod-0.10.1[3031]:     in zaino_chain_head_service::service::ChainHeadService::tick
1791660629.859067 runnervmmprz5 zainod-0.10.1[3031]:   19:30:29.858  INFO zaino_chain_head_service::service: Syncing block, height: 4382337, hash: 0000027cc862e8169950d853393adbe4475b3d80d49addc594df44205f224f6b
1791660629.859067 runnervmmprz5 zainod-0.10.1[3031]:     at packages/zaino-chain-head-service/src/service.rs:478
1791660629.859067 runnervmmprz5 zainod-0.10.1[3031]:     in zaino_chain_head_service::service::ChainHeadService::tick
1791660629.859409 runnervmmprz5 zainod-0.10.1[3031]:   19:30:29.859  INFO zaino_chain_head_service::service: Syncing block, height: 4382338, hash: 00000159e960f128a8d1f3688e95077b95575592bed872b6218eb2303aba65b1
1791660629.859409 runnervmmprz5 zainod-0.10.1[3031]:     at packages/zaino-chain-head-service/src/service.rs:478
1791660629.859409 runnervmmprz5 zainod-0.10.1[3031]:     in zaino_chain_head_service::service::ChainHeadService::tick
1791660629.860619 runnervmmprz5 zainod-0.10.1[3031]:   19:30:29.860  INFO zaino_chain_head_service::service: Syncing block, height: 4382339, hash: 0000093ba7614ac4aa203b90d2a39c29819c6b7e85de90c636261b471948525f
1791660629.860619 runnervmmprz5 zainod-0.10.1[3031]:     at packages/zaino-chain-head-service/src/service.rs:478
1791660629.860619 runnervmmprz5 zainod-0.10.1[3031]:     in zaino_chain_head_service::service::ChainHeadService::tick
1791660629.862264 runnervmmprz5 zainod-0.10.1[3031]:   19:30:29.862  INFO zaino_chain_head_service::service: Syncing block, height: 4382340, hash: 00000f5626ca50681ebc34ee4329461520bc3acbd8ebe2cc57ff8f07de1d4913
1791660629.862264 runnervmmprz5 zainod-0.10.1[3031]:     at packages/zaino-chain-head-service/src/service.rs:478
1791660629.862264 runnervmmprz5 zainod-0.10.1[3031]:     in zaino_chain_head_service::service::ChainHeadService::tick
1791660629.862809 runnervmmprz5 zainod-0.10.1[3031]:   19:30:29.862  INFO zaino_chain_head_service::service: Syncing block, height: 4382341, hash: 000001d2a65a9085eb4e5a7dc71ef7597eeef8ef8fae770744b56a5fc4634c69
1791660629.862809 runnervmmprz5 zainod-0.10.1[3031]:     at packages/zaino-chain-head-service/src/service.rs:478
1791660629.862809 runnervmmprz5 zainod-0.10.1[3031]:     in zaino_chain_head_service::service::ChainHeadService::tick
1791660629.863860 runnervmmprz5 zainod-0.10.1[3031]:   19:30:29.863  INFO zaino_chain_head_service::service: Syncing block, height: 4382342, hash: 000015a395a650a15f272fef3f1f97e59f67ad3041f20ed65f1679fbcb38c950
1791660629.863860 runnervmmprz5 zainod-0.10.1[3031]:     at packages/zaino-chain-head-service/src/service.rs:478
1791660629.863860 runnervmmprz5 zainod-0.10.1[3031]:     in zaino_chain_head_service::service::ChainHeadService::tick
1791660629.866856 runnervmmprz5 zainod-0.10.1[3031]:   19:30:29.866  INFO zaino_chain_head_service::service: Syncing block, height: 4382343, hash: 0000084e6bf0a49258b5f428ab040921a7de26a885b1951fc7e574069848ee54
1791660629.866856 runnervmmprz5 zainod-0.10.1[3031]:     at packages/zaino-chain-head-service/src/service.rs:478
1791660629.866856 runnervmmprz5 zainod-0.10.1[3031]:     in zaino_chain_head_service::service::ChainHeadService::tick
1791660629.868319 runnervmmprz5 zainod-0.10.1[3031]:   19:30:29.868  INFO zaino_chain_head_service::service: Syncing block, height: 4382344, hash: 000016891b7af78a805f30f69aff8596ff1a9df837af5a1570bec75ea401dbb1
1791660629.868319 runnervmmprz5 zainod-0.10.1[3031]:     at packages/zaino-chain-head-service/src/service.rs:478
1791660629.868319 runnervmmprz5 zainod-0.10.1[3031]:     in zaino_chain_head_service::service::ChainHeadService::tick
1791660629.869179 runnervmmprz5 zainod-0.10.1[3031]:   19:30:29.869  INFO zaino_chain_head_service::service: Syncing block, height: 4382345, hash: 000001cebd5f8b2fa694246c46b1cef934e77297bf21017b0e2cce1811d1f67e
1791660629.869179 runnervmmprz5 zainod-0.10.1[3031]:     at packages/zaino-chain-head-service/src/service.rs:478
1791660629.869179 runnervmmprz5 zainod-0.10.1[3031]:     in zaino_chain_head_service::service::ChainHeadService::tick
1791660629.871214 runnervmmprz5 zainod-0.10.1[3031]:   19:30:29.871  INFO zaino_chain_head_service::service: Syncing block, height: 4382346, hash: 00000e74d07d94da38db585287b61e6dc332f5757a91467996125ffaa4ae8066
1791660629.871214 runnervmmprz5 zainod-0.10.1[3031]:     at packages/zaino-chain-head-service/src/service.rs:478
1791660629.871214 runnervmmprz5 zainod-0.10.1[3031]:     in zaino_chain_head_service::service::ChainHeadService::tick
1791660629.871916 runnervmmprz5 zainod-0.10.1[3031]:   19:30:29.871  INFO zaino_chain_head_service::service: Syncing block, height: 4382347, hash: 00000c6e84805038572925d83df593c526eddeb34cdd7b24dfa4a306efad86e8
1791660629.871916 runnervmmprz5 zainod-0.10.1[3031]:     at packages/zaino-chain-head-service/src/service.rs:478
1791660629.871916 runnervmmprz5 zainod-0.10.1[3031]:     in zaino_chain_head_service::service::ChainHeadService::tick
1791660629.874072 runnervmmprz5 zainod-0.10.1[3031]:   19:30:29.872  INFO zaino_chain_head_service::service: Syncing block, height: 4382348, hash: 000015c594cf1079e04986356fb0f8c786fad5174f067a15afe93c78524ec61d
1791660629.874072 runnervmmprz5 zainod-0.10.1[3031]:     at packages/zaino-chain-head-service/src/service.rs:478
1791660629.874072 runnervmmprz5 zainod-0.10.1[3031]:     in zaino_chain_head_service::service::ChainHeadService::tick
1791660629.874340 runnervmmprz5 zainod-0.10.1[3031]:   19:30:29.874  INFO zaino_chain_head_service::service: Syncing block, height: 4382349, hash: 00000690bec85835d8cfced181365cfaf3c5580bf6c655189dffdd5cdc6a536e
1791660629.874340 runnervmmprz5 zainod-0.10.1[3031]:     at packages/zaino-chain-head-service/src/service.rs:478
1791660629.874340 runnervmmprz5 zainod-0.10.1[3031]:     in zaino_chain_head_service::service::ChainHeadService::tick
1791660629.875441 runnervmmprz5 zainod-0.10.1[3031]:   19:30:29.875  INFO zaino_chain_head_service::service: Syncing block, height: 4382350, hash: 00000e9d2803091b5297cc2d59ad5e778483ed6ad32496f43528c30aa7458122
1791660629.875441 runnervmmprz5 zainod-0.10.1[3031]:     at packages/zaino-chain-head-service/src/service.rs:478
1791660629.875441 runnervmmprz5 zainod-0.10.1[3031]:     in zaino_chain_head_service::service::ChainHeadService::tick
1791660629.876457 runnervmmprz5 zainod-0.10.1[3031]:   19:30:29.876  INFO zaino_chain_head_service::service: Syncing block, height: 4382351, hash: 00000b84d44ca002b85232a12fba5ca907fc6ff90502141f468e10d446d4e798
1791660629.876457 runnervmmprz5 zainod-0.10.1[3031]:     at packages/zaino-chain-head-service/src/service.rs:478
1791660629.876457 runnervmmprz5 zainod-0.10.1[3031]:     in zaino_chain_head_service::service::ChainHeadService::tick
1791660629.878217 runnervmmprz5 zainod-0.10.1[3031]:   19:30:29.878  INFO zaino_chain_head_service::service: Syncing block, height: 4382352, hash: 00000c76878b5cff567493501f14a2d404766a92951d214d9b0b878c3a2dfd77
1791660629.878217 runnervmmprz5 zainod-0.10.1[3031]:     at packages/zaino-chain-head-service/src/service.rs:478
1791660629.878217 runnervmmprz5 zainod-0.10.1[3031]:     in zaino_chain_head_service::service::ChainHeadService::tick
1791660629.878939 runnervmmprz5 zainod-0.10.1[3031]:   19:30:29.878  INFO zaino_chain_head_service::service: Syncing block, height: 4382353, hash: 0000108067ec8d535c64ccadd53c30e271ea03db1db36f3ad26c8ba5a8824c73
1791660629.878939 runnervmmprz5 zainod-0.10.1[3031]:     at packages/zaino-chain-head-service/src/service.rs:478
1791660629.878939 runnervmmprz5 zainod-0.10.1[3031]:     in zaino_chain_head_service::service::ChainHeadService::tick
1791660629.880152 runnervmmprz5 zainod-0.10.1[3031]:   19:30:29.879  INFO zaino_chain_head_service::service: Syncing block, height: 4382354, hash: 000002d0311e9ffb648986968e53e5ab20a73ab978f398679bce044b9e97e839
1791660629.880152 runnervmmprz5 zainod-0.10.1[3031]:     at packages/zaino-chain-head-service/src/service.rs:478
1791660629.880152 runnervmmprz5 zainod-0.10.1[3031]:     in zaino_chain_head_service::service::ChainHeadService::tick
1791660629.880832 runnervmmprz5 zainod-0.10.1[3031]:   19:30:29.880  INFO zaino_chain_head_service::service: Syncing block, height: 4382355, hash: 0000057973b4bef5671d37443f85f7ac585626f0012fc3fb7c8dec27bc54ef16
1791660629.880832 runnervmmprz5 zainod-0.10.1[3031]:     at packages/zaino-chain-head-service/src/service.rs:478
1791660629.880832 runnervmmprz5 zainod-0.10.1[3031]:     in zaino_chain_head_service::service::ChainHeadService::tick
1791660629.881456 runnervmmprz5 zainod-0.10.1[3031]:   19:30:29.881  INFO zaino_chain_head_service::service: Syncing block, height: 4382356, hash: 00000401c0f45efb2eef0980b33eaec7d57a047e76dd75bfb59197906701e892
1791660629.881456 runnervmmprz5 zainod-0.10.1[3031]:     at packages/zaino-chain-head-service/src/service.rs:478
1791660629.881456 runnervmmprz5 zainod-0.10.1[3031]:     in zaino_chain_head_service::service::ChainHeadService::tick
1791660629.882189 runnervmmprz5 zainod-0.10.1[3031]:   19:30:29.882  INFO zaino_chain_head_service::service: Syncing block, height: 4382357, hash: 0000020f4cff2f5295e4d11e3e6e7604290ac5b414c482bcdc7737a3a71365da
1791660629.882189 runnervmmprz5 zainod-0.10.1[3031]:     at packages/zaino-chain-head-service/src/service.rs:478
1791660629.882189 runnervmmprz5 zainod-0.10.1[3031]:     in zaino_chain_head_service::service::ChainHeadService::tick
1791660629.882813 runnervmmprz5 zainod-0.10.1[3031]:   19:30:29.882  INFO zaino_chain_head_service::service: Syncing block, height: 4382358, hash: 000015a590f483e2279d736daa1ef4af993dad1b2e09ce9f9f8d965662c46d6e
1791660629.882813 runnervmmprz5 zainod-0.10.1[3031]:     at packages/zaino-chain-head-service/src/service.rs:478
1791660629.882813 runnervmmprz5 zainod-0.10.1[3031]:     in zaino_chain_head_service::service::ChainHeadService::tick
1791660629.883613 runnervmmprz5 zainod-0.10.1[3031]:   19:30:29.883  INFO zaino_chain_head_service::service: Syncing block, height: 4382359, hash: 000017994f5ef96c3f4d147a03a57312eb9e219f698036b4f969237b45aad83a
1791660629.883613 runnervmmprz5 zainod-0.10.1[3031]:     at packages/zaino-chain-head-service/src/service.rs:478
1791660629.883613 runnervmmprz5 zainod-0.10.1[3031]:     in zaino_chain_head_service::service::ChainHeadService::tick
1791660629.886520 runnervmmprz5 zainod-0.10.1[3031]:   19:30:29.886  INFO zaino_chain_head_service::service: Syncing block, height: 4382360, hash: 0000046daf256069b34d35ee39939f98b29adb6630afac6226c6439105799b89
1791660629.886520 runnervmmprz5 zainod-0.10.1[3031]:     at packages/zaino-chain-head-service/src/service.rs:478
1791660629.886520 runnervmmprz5 zainod-0.10.1[3031]:     in zaino_chain_head_service::service::ChainHeadService::tick
1791660629.887551 runnervmmprz5 zainod-0.10.1[3031]:   19:30:29.887  INFO zaino_chain_head_service::service: Syncing block, height: 4382361, hash: 00001649bad5e535d2011e001c6a2a0c9d3642ec7933c1bb94be5a7d7418f094
1791660629.887551 runnervmmprz5 zainod-0.10.1[3031]:     at packages/zaino-chain-head-service/src/service.rs:478
1791660629.887551 runnervmmprz5 zainod-0.10.1[3031]:     in zaino_chain_head_service::service::ChainHeadService::tick
1791660629.888358 runnervmmprz5 zainod-0.10.1[3031]:   19:30:29.888  INFO zaino_chain_head_service::service: Syncing block, height: 4382362, hash: 000006c68fa411c054d0e82dc4f3f285f473473ec704945507c96d7627303656
1791660629.888358 runnervmmprz5 zainod-0.10.1[3031]:     at packages/zaino-chain-head-service/src/service.rs:478
1791660629.888358 runnervmmprz5 zainod-0.10.1[3031]:     in zaino_chain_head_service::service::ChainHeadService::tick
1791660629.889409 runnervmmprz5 zainod-0.10.1[3031]:   19:30:29.889  INFO zaino_chain_head_service::service: Syncing block, height: 4382363, hash: 000013133f750ddaefd26df180a8a41e3495ccdf720f829dededb97884484bc9
1791660629.889409 runnervmmprz5 zainod-0.10.1[3031]:     at packages/zaino-chain-head-service/src/service.rs:478
1791660629.889409 runnervmmprz5 zainod-0.10.1[3031]:     in zaino_chain_head_service::service::ChainHeadService::tick
1791660629.891113 runnervmmprz5 zainod-0.10.1[3031]:   19:30:29.891  INFO zaino_chain_head_service::service: Syncing block, height: 4382364, hash: 00001169fd66a7ea3843904e1aa9e6506f041354dfe4992ed150257992163917
1791660629.891113 runnervmmprz5 zainod-0.10.1[3031]:     at packages/zaino-chain-head-service/src/service.rs:478
1791660629.891113 runnervmmprz5 zainod-0.10.1[3031]:     in zaino_chain_head_service::service::ChainHeadService::tick
1791660629.892347 runnervmmprz5 zainod-0.10.1[3031]:   19:30:29.891  INFO zaino_chain_head_service::service: Syncing block, height: 4382365, hash: 00000fac70836bc1774513c20d10c7e5fe1d53bc14ee183042928467169628c2
1791660629.892347 runnervmmprz5 zainod-0.10.1[3031]:     at packages/zaino-chain-head-service/src/service.rs:478
1791660629.892347 runnervmmprz5 zainod-0.10.1[3031]:     in zaino_chain_head_service::service::ChainHeadService::tick
1791660629.893172 runnervmmprz5 zainod-0.10.1[3031]:   19:30:29.893  INFO zaino_chain_head_service::service: Syncing block, height: 4382366, hash: 00001415a5abe90b12feae023db2446bd6f61214363c6810e1d5a2679e893eaa
1791660629.893172 runnervmmprz5 zainod-0.10.1[3031]:     at packages/zaino-chain-head-service/src/service.rs:478
1791660629.893172 runnervmmprz5 zainod-0.10.1[3031]:     in zaino_chain_head_service::service::ChainHeadService::tick
1791660629.894670 runnervmmprz5 zainod-0.10.1[3031]:   19:30:29.894  INFO zaino_chain_head_service::service: Syncing block, height: 4382367, hash: 06917810b7ed43a406343f51da619ccdbfdeb01efbd9fffd27f8fea2df06bd66
1791660629.894670 runnervmmprz5 zainod-0.10.1[3031]:     at packages/zaino-chain-head-service/src/service.rs:478
1791660629.894670 runnervmmprz5 zainod-0.10.1[3031]:     in zaino_chain_head_service::service::ChainHeadService::tick
1791660629.895416 runnervmmprz5 zainod-0.10.1[3031]:   19:30:29.895  INFO zaino_chain_head_service::service: Syncing block, height: 4382368, hash: 0000768b1868c1358df05f6ef83d070b2b9ad93bc1028a1e32603805a5e182f2
1791660629.895416 runnervmmprz5 zainod-0.10.1[3031]:     at packages/zaino-chain-head-service/src/service.rs:478
1791660629.895416 runnervmmprz5 zainod-0.10.1[3031]:     in zaino_chain_head_service::service::ChainHeadService::tick
1791660629.896221 runnervmmprz5 zainod-0.10.1[3031]:   19:30:29.896  INFO zaino_chain_head_service::service: Syncing block, height: 4382369, hash: 0000330e9a484245c7424cea0689528913c5da8007c37ba5c92c1599391bb11d
1791660629.896221 runnervmmprz5 zainod-0.10.1[3031]:     at packages/zaino-chain-head-service/src/service.rs:478
1791660629.896221 runnervmmprz5 zainod-0.10.1[3031]:     in zaino_chain_head_service::service::ChainHeadService::tick
1791660629.896999 runnervmmprz5 zainod-0.10.1[3031]:   19:30:29.896  INFO zaino_chain_head_service::service: Syncing block, height: 4382370, hash: 00005b8f2592279b3a2a28b3af5a69acf9f4e822e205807fe5683b72ff853400
1791660629.896999 runnervmmprz5 zainod-0.10.1[3031]:     at packages/zaino-chain-head-service/src/service.rs:478
1791660629.896999 runnervmmprz5 zainod-0.10.1[3031]:     in zaino_chain_head_service::service::ChainHeadService::tick
1791660629.897979 runnervmmprz5 zainod-0.10.1[3031]:   19:30:29.897  INFO zaino_chain_head_service::service: Syncing block, height: 4382371, hash: 00003bec4d29888a965f0c031d0cf862eed9bbabb4c5d6e9b8d01e1ec17b70c2
1791660629.897979 runnervmmprz5 zainod-0.10.1[3031]:     at packages/zaino-chain-head-service/src/service.rs:478
1791660629.897979 runnervmmprz5 zainod-0.10.1[3031]:     in zaino_chain_head_service::service::ChainHeadService::tick
1791660629.898714 runnervmmprz5 zainod-0.10.1[3031]:   19:30:29.898  INFO zaino_chain_head_service::service: Syncing block, height: 4382372, hash: 00000d7a76e7f52e406cc54ed3578f702685f70c4deaa467f0780122a76da3ae
1791660629.898714 runnervmmprz5 zainod-0.10.1[3031]:     at packages/zaino-chain-head-service/src/service.rs:478
1791660629.898714 runnervmmprz5 zainod-0.10.1[3031]:     in zaino_chain_head_service::service::ChainHeadService::tick
1791660629.900399 runnervmmprz5 zainod-0.10.1[3031]:   19:30:29.900  INFO zaino_chain_head_service::service: Syncing block, height: 4382373, hash: 000ea5d2bbaa14a4a345ad81b0445ec9785af30bcf7014d555087e711005c399
1791660629.900399 runnervmmprz5 zainod-0.10.1[3031]:     at packages/zaino-chain-head-service/src/service.rs:478
1791660629.900399 runnervmmprz5 zainod-0.10.1[3031]:     in zaino_chain_head_service::service::ChainHeadService::tick
1791660629.901422 runnervmmprz5 zainod-0.10.1[3031]:   19:30:29.901  INFO zaino_chain_head_service::service: Syncing block, height: 4382374, hash: 000585e27b71736dc2c55b70938ee4b7a0553d0d8998d6461da8da3556147a4c
1791660629.901422 runnervmmprz5 zainod-0.10.1[3031]:     at packages/zaino-chain-head-service/src/service.rs:478
1791660629.901422 runnervmmprz5 zainod-0.10.1[3031]:     in zaino_chain_head_service::service::ChainHeadService::tick
1791660629.904167 runnervmmprz5 zainod-0.10.1[3031]:   19:30:29.904  INFO zaino_chain_head_service::service: Syncing block, height: 4382375, hash: 007073b5706617fe406cd02669bf9f39c4e360128e2551c67c0c552d1b17c557
1791660629.904167 runnervmmprz5 zainod-0.10.1[3031]:     at packages/zaino-chain-head-service/src/service.rs:478
1791660629.904167 runnervmmprz5 zainod-0.10.1[3031]:     in zaino_chain_head_service::service::ChainHeadService::tick
1791660629.906070 runnervmmprz5 zainod-0.10.1[3031]:   19:30:29.906  INFO zaino_chain_head_service::service: Syncing block, height: 4382376, hash: 008e930a30d69e78fede2220f7a9e15d0fb96050b46349e8a1d1e77776742d6f
1791660629.906070 runnervmmprz5 zainod-0.10.1[3031]:     at packages/zaino-chain-head-service/src/service.rs:478
1791660629.906070 runnervmmprz5 zainod-0.10.1[3031]:     in zaino_chain_head_service::service::ChainHeadService::tick
1791660629.908832 runnervmmprz5 zainod-0.10.1[3031]:   19:30:29.908  INFO zaino_chain_head_service::service: Syncing block, height: 4382377, hash: 0099ec9b9ed19675cd46e04197092da74008fdafe7953412da37cd6a37b86afa
1791660629.908832 runnervmmprz5 zainod-0.10.1[3031]:     at packages/zaino-chain-head-service/src/service.rs:478
1791660629.908832 runnervmmprz5 zainod-0.10.1[3031]:     in zaino_chain_head_service::service::ChainHeadService::tick
1791660629.910086 runnervmmprz5 zainod-0.10.1[3031]:   19:30:29.910  INFO zaino_chain_head_service::service: Syncing block, height: 4382378, hash: 00732c560ddf5826888ec94b7b7a4c48e8e44355c44869fc4dbfb5a4eb59a3c8
1791660629.910086 runnervmmprz5 zainod-0.10.1[3031]:     at packages/zaino-chain-head-service/src/service.rs:478
1791660629.910086 runnervmmprz5 zainod-0.10.1[3031]:     in zaino_chain_head_service::service::ChainHeadService::tick
1791660629.911375 runnervmmprz5 zainod-0.10.1[3031]:   19:30:29.911  INFO zaino_chain_head_service::service: Syncing block, height: 4382379, hash: 0000352318412e848aeb4beba1fe822427c408d512e54c6a44d968d51b1ebe8c
1791660629.911375 runnervmmprz5 zainod-0.10.1[3031]:     at packages/zaino-chain-head-service/src/service.rs:478
1791660629.911375 runnervmmprz5 zainod-0.10.1[3031]:     in zaino_chain_head_service::service::ChainHeadService::tick
1791660629.912171 runnervmmprz5 zainod-0.10.1[3031]:   19:30:29.912  INFO zaino_chain_head_service::service: Syncing block, height: 4382380, hash: 00d375d86f972be782c24ba24883793fa5bb8dd93a78c28319b8a6dfe0434ce8
1791660629.912171 runnervmmprz5 zainod-0.10.1[3031]:     at packages/zaino-chain-head-service/src/service.rs:478
1791660629.912171 runnervmmprz5 zainod-0.10.1[3031]:     in zaino_chain_head_service::service::ChainHeadService::tick
1791660629.913653 runnervmmprz5 zainod-0.10.1[3031]:   19:30:29.913  INFO zaino_chain_head_service::service: Syncing block, height: 4382381, hash: 00b22db4095a973212ee296148de3dca0370a9aa05f1699787b723c81313eec1
1791660629.913653 runnervmmprz5 zainod-0.10.1[3031]:     at packages/zaino-chain-head-service/src/service.rs:478
1791660629.913653 runnervmmprz5 zainod-0.10.1[3031]:     in zaino_chain_head_service::service::ChainHeadService::tick
1791660629.914906 runnervmmprz5 zainod-0.10.1[3031]:   19:30:29.914  INFO zaino_chain_head_service::service: Syncing block, height: 4382382, hash: 0067994b4ce82a360e58257a14a36c75509e55d8469e00dfd520cd60b02e73fe
1791660629.914906 runnervmmprz5 zainod-0.10.1[3031]:     at packages/zaino-chain-head-service/src/service.rs:478
1791660629.914906 runnervmmprz5 zainod-0.10.1[3031]:     in zaino_chain_head_service::service::ChainHeadService::tick
1791660629.916473 runnervmmprz5 zainod-0.10.1[3031]:   19:30:29.916  INFO zaino_chain_head_service::service: Syncing block, height: 4382383, hash: 009f9b784a91ab5111bdaa3075a5a1d08ab2af97929bc4e09f39de4492f6b125
1791660629.916473 runnervmmprz5 zainod-0.10.1[3031]:     at packages/zaino-chain-head-service/src/service.rs:478
1791660629.916473 runnervmmprz5 zainod-0.10.1[3031]:     in zaino_chain_head_service::service::ChainHeadService::tick
1791660629.917823 runnervmmprz5 zainod-0.10.1[3031]:   19:30:29.917  INFO zaino_chain_head_service::service: Syncing block, height: 4382384, hash: 009726dffb124ec359fb36b64ae6ccb1d8c79307c05030dd9f6cbe30e2c7589e
1791660629.917823 runnervmmprz5 zainod-0.10.1[3031]:     at packages/zaino-chain-head-service/src/service.rs:478
1791660629.917823 runnervmmprz5 zainod-0.10.1[3031]:     in zaino_chain_head_service::service::ChainHeadService::tick
1791660629.918889 runnervmmprz5 zainod-0.10.1[3031]:   19:30:29.918  INFO zaino_chain_head_service::service: Syncing block, height: 4382385, hash: 000067577ac04df3f4db3310dfb4b30acebba817778dd0f9164440a2a0d11f0e
1791660629.918889 runnervmmprz5 zainod-0.10.1[3031]:     at packages/zaino-chain-head-service/src/service.rs:478
1791660629.918889 runnervmmprz5 zainod-0.10.1[3031]:     in zaino_chain_head_service::service::ChainHeadService::tick
1791660629.920240 runnervmmprz5 zainod-0.10.1[3031]:   19:30:29.920  INFO zaino_chain_head_service::service: Syncing block, height: 4382386, hash: 00002b875a6bdd58544870eb36f4de29c844d99400ac7d60f570f902a63320e0
1791660629.920240 runnervmmprz5 zainod-0.10.1[3031]:     at packages/zaino-chain-head-service/src/service.rs:478
1791660629.920240 runnervmmprz5 zainod-0.10.1[3031]:     in zaino_chain_head_service::service::ChainHeadService::tick
1791660629.924417 runnervmmprz5 zainod-0.10.1[3031]:   19:30:29.924  INFO zaino_chain_head_service::service: Syncing block, height: 4382387, hash: 00759131f75f7d9766347120dbf8d96d76b10c694beea0d26e3b19da73d17f84
1791660629.924417 runnervmmprz5 zainod-0.10.1[3031]:     at packages/zaino-chain-head-service/src/service.rs:478
1791660629.924417 runnervmmprz5 zainod-0.10.1[3031]:     in zaino_chain_head_service::service::ChainHeadService::tick
1791660629.925649 runnervmmprz5 zainod-0.10.1[3031]:   19:30:29.925  INFO zaino_chain_head_service::service: Syncing block, height: 4382388, hash: 00982620a34bcccb34bbb0525abd434a929e2d43e432c777a9c6b10c9edb9889
1791660629.925649 runnervmmprz5 zainod-0.10.1[3031]:     at packages/zaino-chain-head-service/src/service.rs:478
1791660629.925649 runnervmmprz5 zainod-0.10.1[3031]:     in zaino_chain_head_service::service::ChainHeadService::tick
1791660629.926934 runnervmmprz5 zainod-0.10.1[3031]:   19:30:29.926  INFO zaino_chain_head_service::service: Syncing block, height: 4382389, hash: 0080a4166ac7da494623ec8b94b6fada09a163267bf9b25da03ad101e69152cf
1791660629.926934 runnervmmprz5 zainod-0.10.1[3031]:     at packages/zaino-chain-head-service/src/service.rs:478
1791660629.926934 runnervmmprz5 zainod-0.10.1[3031]:     in zaino_chain_head_service::service::ChainHeadService::tick
1791660629.927761 runnervmmprz5 zainod-0.10.1[3031]:   19:30:29.927  INFO zaino_chain_head_service::service: Syncing block, height: 4382390, hash: 00497be2679518a73834a27f34c36a47ad49a66b825908ebf1c720dfe481bf29
1791660629.927761 runnervmmprz5 zainod-0.10.1[3031]:     at packages/zaino-chain-head-service/src/service.rs:478
1791660629.927761 runnervmmprz5 zainod-0.10.1[3031]:     in zaino_chain_head_service::service::ChainHeadService::tick
1791660629.930575 runnervmmprz5 zainod-0.10.1[3031]:   19:30:29.930  INFO zaino_chain_head_service::service: Syncing block, height: 4382391, hash: 00764bca2c658b4dced1fae539bfb1aff6b5dc54b191976f2221bf84868e1ada
1791660629.930575 runnervmmprz5 zainod-0.10.1[3031]:     at packages/zaino-chain-head-service/src/service.rs:478
1791660629.930575 runnervmmprz5 zainod-0.10.1[3031]:     in zaino_chain_head_service::service::ChainHeadService::tick
1791660629.931130 runnervmmprz5 zainod-0.10.1[3031]:   19:30:29.931  INFO zaino_chain_head_service::service: Syncing block, height: 4382392, hash: 000031de3584a01d071de7379789426511460c6bbec84382efeaab33f5d14863
1791660629.931130 runnervmmprz5 zainod-0.10.1[3031]:     at packages/zaino-chain-head-service/src/service.rs:478
1791660629.931130 runnervmmprz5 zainod-0.10.1[3031]:     in zaino_chain_head_service::service::ChainHeadService::tick
1791660629.931893 runnervmmprz5 zainod-0.10.1[3031]:   19:30:29.931  INFO zaino_chain_head_service::service: Syncing block, height: 4382393, hash: 008abaf2b6e4a97726d6f9a5bbb695a0f779109c092e9d54c9e11567b4727370
1791660629.931893 runnervmmprz5 zainod-0.10.1[3031]:     at packages/zaino-chain-head-service/src/service.rs:478
1791660629.931893 runnervmmprz5 zainod-0.10.1[3031]:     in zaino_chain_head_service::service::ChainHeadService::tick
1791660629.933842 runnervmmprz5 zainod-0.10.1[3031]:   19:30:29.933  INFO zaino_chain_head_service::service: Syncing block, height: 4382394, hash: 0000221dc809b65cd8397ce6aa79bafb01c742ae86a884578a0ff7d3878adaee
1791660629.933842 runnervmmprz5 zainod-0.10.1[3031]:     at packages/zaino-chain-head-service/src/service.rs:478
1791660629.933842 runnervmmprz5 zainod-0.10.1[3031]:     in zaino_chain_head_service::service::ChainHeadService::tick
1791660629.935297 runnervmmprz5 zainod-0.10.1[3031]:   19:30:29.935  INFO zaino_chain_head_service::service: Syncing block, height: 4382395, hash: 0048a710649f8fca87d5599d3943d622b3a5720ff986f5f5fb9f2bce11c08e5b
1791660629.935297 runnervmmprz5 zainod-0.10.1[3031]:     at packages/zaino-chain-head-service/src/service.rs:478
1791660629.935297 runnervmmprz5 zainod-0.10.1[3031]:     in zaino_chain_head_service::service::ChainHeadService::tick
1791660629.936554 runnervmmprz5 zainod-0.10.1[3031]:   19:30:29.936  INFO zaino_chain_head_service::service: Syncing block, height: 4382396, hash: 0013f20e335cb856526b2c99db1d8e31578f9b6704f2a05a296b7fb41cdae154
1791660629.936554 runnervmmprz5 zainod-0.10.1[3031]:     at packages/zaino-chain-head-service/src/service.rs:478
1791660629.936554 runnervmmprz5 zainod-0.10.1[3031]:     in zaino_chain_head_service::service::ChainHeadService::tick
1791660629.938663 runnervmmprz5 zainod-0.10.1[3031]:   19:30:29.938  INFO zaino_chain_head_service::service: Syncing block, height: 4382397, hash: 0041f526c189c3a94b51e87af0445da3abad4a70654f0a85515a67ecaa370d86
1791660629.938663 runnervmmprz5 zainod-0.10.1[3031]:     at packages/zaino-chain-head-service/src/service.rs:478
1791660629.938663 runnervmmprz5 zainod-0.10.1[3031]:     in zaino_chain_head_service::service::ChainHeadService::tick
1791660629.938827 runnervmmprz5 zainod-0.10.1[3031]:   19:30:29.938  INFO zaino_chain_head_service::service: Syncing block, height: 4382398, hash: 00000ef7fe608be529232a117f75eba0ea11991d4d7182dd53e4d18985e4cf53
1791660629.938827 runnervmmprz5 zainod-0.10.1[3031]:     at packages/zaino-chain-head-service/src/service.rs:478
1791660629.938827 runnervmmprz5 zainod-0.10.1[3031]:     in zaino_chain_head_service::service::ChainHeadService::tick
1791660629.940395 runnervmmprz5 zainod-0.10.1[3031]:   19:30:29.940  INFO zaino_chain_head_service::service: Syncing block, height: 4382399, hash: 00002da999aafa178c4e5cd75fe474451e2c0605a94b4bb1e3362108299711da
1791660629.940395 runnervmmprz5 zainod-0.10.1[3031]:     at packages/zaino-chain-head-service/src/service.rs:478
1791660629.940395 runnervmmprz5 zainod-0.10.1[3031]:     in zaino_chain_head_service::service::ChainHeadService::tick
1791660629.941560 runnervmmprz5 zainod-0.10.1[3031]:   19:30:29.941  INFO zaino_chain_head_service::service: Syncing block, height: 4382400, hash: 00033764be9d14f3e0075897e8c4fc18b6465d7f89c9da976e40b7c06da05e0a
1791660629.941560 runnervmmprz5 zainod-0.10.1[3031]:     at packages/zaino-chain-head-service/src/service.rs:478
1791660629.941560 runnervmmprz5 zainod-0.10.1[3031]:     in zaino_chain_head_service::service::ChainHeadService::tick
1791660629.943326 runnervmmprz5 zainod-0.10.1[3031]:   19:30:29.943  INFO zaino_chain_head_service::service: Syncing block, height: 4382401, hash: 000004acd5b3f27ba9a7a2dc2a1d3d146c0903a0bc5f44a44e09c7045d4c05dc
1791660629.943326 runnervmmprz5 zainod-0.10.1[3031]:     at packages/zaino-chain-head-service/src/service.rs:478
1791660629.943326 runnervmmprz5 zainod-0.10.1[3031]:     in zaino_chain_head_service::service::ChainHeadService::tick
1791660629.943957 runnervmmprz5 zainod-0.10.1[3031]:   19:30:29.943  INFO zaino_chain_head_service::service: Syncing block, height: 4382402, hash: 0000571af8abfed3d4c3b216a1dd865ab54c6ed3235fee5e64341a103e4fd967
1791660629.943957 runnervmmprz5 zainod-0.10.1[3031]:     at packages/zaino-chain-head-service/src/service.rs:478
1791660629.943957 runnervmmprz5 zainod-0.10.1[3031]:     in zaino_chain_head_service::service::ChainHeadService::tick
1791660629.945078 runnervmmprz5 zainod-0.10.1[3031]:   19:30:29.945  INFO zaino_chain_head_service::service: Syncing block, height: 4382403, hash: 0000709a95d667e82ef2cb0661c27b8b4f52f5b528d699b7a3867052349c66c4
1791660629.945078 runnervmmprz5 zainod-0.10.1[3031]:     at packages/zaino-chain-head-service/src/service.rs:478
1791660629.945078 runnervmmprz5 zainod-0.10.1[3031]:     in zaino_chain_head_service::service::ChainHeadService::tick
1791660629.946990 runnervmmprz5 zainod-0.10.1[3031]:   19:30:29.946  INFO zaino_chain_head_service::service: Syncing block, height: 4382404, hash: 0000703f54197f005d7af7e6e81c58ccee94d81da3f72f6df490177ad5afdff2
1791660629.946990 runnervmmprz5 zainod-0.10.1[3031]:     at packages/zaino-chain-head-service/src/service.rs:478
1791660629.946990 runnervmmprz5 zainod-0.10.1[3031]:     in zaino_chain_head_service::service::ChainHeadService::tick
1791660629.948221 runnervmmprz5 zainod-0.10.1[3031]:   19:30:29.948  INFO zaino_chain_head_service::service: Syncing block, height: 4382405, hash: 00004f5f447fd2c41e6a9d4fa640de93f43634ec8ce28d5b9a453fb8946da4d6
1791660629.948221 runnervmmprz5 zainod-0.10.1[3031]:     at packages/zaino-chain-head-service/src/service.rs:478
1791660629.948221 runnervmmprz5 zainod-0.10.1[3031]:     in zaino_chain_head_service::service::ChainHeadService::tick
1791660629.949913 runnervmmprz5 zainod-0.10.1[3031]:   19:30:29.949  INFO zaino_chain_head_service::service: Syncing block, height: 4382406, hash: 002c87ea9a20bd22602a8da850c19672cc01bf27dc13185c7424f9c4a9135d21
1791660629.949913 runnervmmprz5 zainod-0.10.1[3031]:     at packages/zaino-chain-head-service/src/service.rs:478
1791660629.949913 runnervmmprz5 zainod-0.10.1[3031]:     in zaino_chain_head_service::service::ChainHeadService::tick
1791660629.950338 runnervmmprz5 zainod-0.10.1[3031]:   19:30:29.950  INFO zaino_chain_head_service::service: Syncing block, height: 4382407, hash: 0000357dec56773062e5cef7da7d5ef2485e7a15a58d023c6cad10bc19d9d434
1791660629.950338 runnervmmprz5 zainod-0.10.1[3031]:     at packages/zaino-chain-head-service/src/service.rs:478
1791660629.950338 runnervmmprz5 zainod-0.10.1[3031]:     in zaino_chain_head_service::service::ChainHeadService::tick
1791660629.952961 runnervmmprz5 zainod-0.10.1[3031]:   19:30:29.952  INFO zaino_chain_head_service::service: Syncing block, height: 4382408, hash: 000009b3bd6253b9eac1ee87e7e1c0bbb5fe0f6cea127d341a1258c9c8cfe22f
1791660629.952961 runnervmmprz5 zainod-0.10.1[3031]:     at packages/zaino-chain-head-service/src/service.rs:478
1791660629.952961 runnervmmprz5 zainod-0.10.1[3031]:     in zaino_chain_head_service::service::ChainHeadService::tick
1791660629.953545 runnervmmprz5 zainod-0.10.1[3031]:   19:30:29.953  INFO zaino_chain_head_service::service: Syncing block, height: 4382409, hash: 000062d9e8fbe73683f75c04b263f51326fa33fcb41a50952cde6790ada17b3b
1791660629.953545 runnervmmprz5 zainod-0.10.1[3031]:     at packages/zaino-chain-head-service/src/service.rs:478
1791660629.953545 runnervmmprz5 zainod-0.10.1[3031]:     in zaino_chain_head_service::service::ChainHeadService::tick
1791660629.958141 runnervmmprz5 zainod-0.10.1[3031]:   19:30:29.958  INFO zaino_chain_head_service::service: Syncing block, height: 4382410, hash: 00006bacabe752de9385f01ef412be53542a7259e8e38cf9e9b04db04d318ec9
1791660629.958141 runnervmmprz5 zainod-0.10.1[3031]:     at packages/zaino-chain-head-service/src/service.rs:478
1791660629.958141 runnervmmprz5 zainod-0.10.1[3031]:     in zaino_chain_head_service::service::ChainHeadService::tick
1791660629.958987 runnervmmprz5 zainod-0.10.1[3031]:   19:30:29.958  INFO zaino_chain_head_service::service: Syncing block, height: 4382411, hash: 00005f7eccb57914d3016fb74fbd11e3bb525f865e799d04e347910038805a3c
1791660629.958987 runnervmmprz5 zainod-0.10.1[3031]:     at packages/zaino-chain-head-service/src/service.rs:478
1791660629.958987 runnervmmprz5 zainod-0.10.1[3031]:     in zaino_chain_head_service::service::ChainHeadService::tick
1791660629.960576 runnervmmprz5 zainod-0.10.1[3031]:   19:30:29.960  INFO zaino_chain_head_service::service: Syncing block, height: 4382412, hash: 003b2760fcfe08a4eb6b1feed8d5b787e98d01cd5b5bf1aa3646fa49f81141e1
1791660629.960576 runnervmmprz5 zainod-0.10.1[3031]:     at packages/zaino-chain-head-service/src/service.rs:478
1791660629.960576 runnervmmprz5 zainod-0.10.1[3031]:     in zaino_chain_head_service::service::ChainHeadService::tick
1791660629.961874 runnervmmprz5 zainod-0.10.1[3031]:   19:30:29.961  INFO zaino_chain_head_service::service: Syncing block, height: 4382413, hash: 0045e9e4be4716e90c05a4240e63f6d0058205d9f0e8100841e044f368c42cc1
1791660629.961874 runnervmmprz5 zainod-0.10.1[3031]:     at packages/zaino-chain-head-service/src/service.rs:478
1791660629.961874 runnervmmprz5 zainod-0.10.1[3031]:     in zaino_chain_head_service::service::ChainHeadService::tick
1791660629.962534 runnervmmprz5 zainod-0.10.1[3031]:   19:30:29.962  INFO zaino_chain_head_service::service: Syncing block, height: 4382414, hash: 000029733f4520ece322dbe085edd19dddf3849f1c147d4c0e20e097955dab61
1791660629.962534 runnervmmprz5 zainod-0.10.1[3031]:     at packages/zaino-chain-head-service/src/service.rs:478
1791660629.962534 runnervmmprz5 zainod-0.10.1[3031]:     in zaino_chain_head_service::service::ChainHeadService::tick
1791660629.963673 runnervmmprz5 zainod-0.10.1[3031]:   19:30:29.963  INFO zaino_chain_head_service::service: Syncing block, height: 4382415, hash: 0045543c7ba7024ed14e91c22fcfa05b5db733992e7a41b2ffd6887f4fced73a
1791660629.963673 runnervmmprz5 zainod-0.10.1[3031]:     at packages/zaino-chain-head-service/src/service.rs:478
1791660629.963673 runnervmmprz5 zainod-0.10.1[3031]:     in zaino_chain_head_service::service::ChainHeadService::tick
1791660629.965403 runnervmmprz5 zainod-0.10.1[3031]:   19:30:29.965  INFO zaino_chain_head_service::service: Syncing block, height: 4382416, hash: 0004ae42a5ae0d4bc97b21f383f951047c0e4b73f99e6db667917a0bd31c1aef
1791660629.965403 runnervmmprz5 zainod-0.10.1[3031]:     at packages/zaino-chain-head-service/src/service.rs:478
1791660629.965403 runnervmmprz5 zainod-0.10.1[3031]:     in zaino_chain_head_service::service::ChainHeadService::tick
1791660629.966067 runnervmmprz5 zainod-0.10.1[3031]:   19:30:29.966  INFO zaino_chain_head_service::service: Syncing block, height: 4382417, hash: 005c9e8397a01819517a775f3a288cc81b96a4d9b5e47948ec0733ee56348c34
1791660629.966067 runnervmmprz5 zainod-0.10.1[3031]:     at packages/zaino-chain-head-service/src/service.rs:478
1791660629.966067 runnervmmprz5 zainod-0.10.1[3031]:     in zaino_chain_head_service::service::ChainHeadService::tick
1791660629.967800 runnervmmprz5 zainod-0.10.1[3031]:   19:30:29.967  INFO zaino_chain_head_service::service: Syncing block, height: 4382418, hash: 0000581eeaf5b8d9cb6b5ebfd1af3151b31ee6a374cede22eae4d3634f205d53
1791660629.967800 runnervmmprz5 zainod-0.10.1[3031]:     at packages/zaino-chain-head-service/src/service.rs:478
1791660629.967800 runnervmmprz5 zainod-0.10.1[3031]:     in zaino_chain_head_service::service::ChainHeadService::tick
1791660629.968354 runnervmmprz5 zainod-0.10.1[3031]:   19:30:29.968  INFO zaino_chain_head_service::service: Syncing block, height: 4382419, hash: 0000287f7e43ae208034716ca32bd04a6b67202eb53ed9e6e2edd9d9042db16f
1791660629.968354 runnervmmprz5 zainod-0.10.1[3031]:     at packages/zaino-chain-head-service/src/service.rs:478
1791660629.968354 runnervmmprz5 zainod-0.10.1[3031]:     in zaino_chain_head_service::service::ChainHeadService::tick
1791660629.971391 runnervmmprz5 zainod-0.10.1[3031]:   19:30:29.971  INFO zaino_chain_head_service::service: Syncing block, height: 4382420, hash: 00004fc044b51e2759c5f092a3c71fbc88d00166021be2e1f06acb531f684b3f
1791660629.971391 runnervmmprz5 zainod-0.10.1[3031]:     at packages/zaino-chain-head-service/src/service.rs:478
1791660629.971391 runnervmmprz5 zainod-0.10.1[3031]:     in zaino_chain_head_service::service::ChainHeadService::tick
1791660629.972898 runnervmmprz5 zainod-0.10.1[3031]:   19:30:29.972  INFO zaino_chain_head_service::service: Syncing block, height: 4382421, hash: 00004b3075709aba7f2bb65d191e6099a9ee84bc5b54eb844dcfdd3b20a6e163
1791660629.972898 runnervmmprz5 zainod-0.10.1[3031]:     at packages/zaino-chain-head-service/src/service.rs:478
1791660629.972898 runnervmmprz5 zainod-0.10.1[3031]:     in zaino_chain_head_service::service::ChainHeadService::tick
1791660629.974232 runnervmmprz5 zainod-0.10.1[3031]:   19:30:29.973  INFO zaino_chain_head_service::service: Syncing block, height: 4382422, hash: 00004b3cece01adaf76a2941382ccdc78b373ba6be5bd16f390cadc8e130fa13
1791660629.974232 runnervmmprz5 zainod-0.10.1[3031]:     at packages/zaino-chain-head-service/src/service.rs:478
1791660629.974232 runnervmmprz5 zainod-0.10.1[3031]:     in zaino_chain_head_service::service::ChainHeadService::tick
1791660629.974440 runnervmmprz5 zainod-0.10.1[3031]:   19:30:29.974  INFO zaino_chain_head_service::service: Syncing block, height: 4382423, hash: 000042f991cd4d5375932c49bf8d92fe6634e28aa0824d801d64da600f1fdb20
1791660629.974440 runnervmmprz5 zainod-0.10.1[3031]:     at packages/zaino-chain-head-service/src/service.rs:478
1791660629.974440 runnervmmprz5 zainod-0.10.1[3031]:     in zaino_chain_head_service::service::ChainHeadService::tick
1791660629.975311 runnervmmprz5 zainod-0.10.1[3031]:   19:30:29.975  INFO zaino_chain_head_service::service: Syncing block, height: 4382424, hash: 00007357dea6264396f0a34d6ce07d2343f4deb5a15f3a296ab1abbed9bc4523
1791660629.975311 runnervmmprz5 zainod-0.10.1[3031]:     at packages/zaino-chain-head-service/src/service.rs:478
1791660629.975311 runnervmmprz5 zainod-0.10.1[3031]:     in zaino_chain_head_service::service::ChainHeadService::tick
1791660629.976097 runnervmmprz5 zainod-0.10.1[3031]:   19:30:29.976  INFO zaino_chain_head_service::service: Syncing block, height: 4382425, hash: 004d95836e404aaf14a6fd21f3afa08a8b77d70a019da9a3ce2193021beb45e0
1791660629.976097 runnervmmprz5 zainod-0.10.1[3031]:     at packages/zaino-chain-head-service/src/service.rs:478
1791660629.976097 runnervmmprz5 zainod-0.10.1[3031]:     in zaino_chain_head_service::service::ChainHeadService::tick
1791660629.977573 runnervmmprz5 zainod-0.10.1[3031]:   19:30:29.977  INFO zaino_chain_head_service::service: Syncing block, height: 4382426, hash: 0000426ce357a328cb4f59332baca1c58a3e4323d0592dba7c91d0855ff95a68
1791660629.977573 runnervmmprz5 zainod-0.10.1[3031]:     at packages/zaino-chain-head-service/src/service.rs:478
1791660629.977573 runnervmmprz5 zainod-0.10.1[3031]:     in zaino_chain_head_service::service::ChainHeadService::tick
1791660629.978291 runnervmmprz5 zainod-0.10.1[3031]:   19:30:29.978  INFO zaino_chain_head_service::service: Syncing block, height: 4382427, hash: 00007dcdf1c9a6124d555c8ae231fc7e0c35ef7f8d54fdd737aafa6b3f987ce4
1791660629.978291 runnervmmprz5 zainod-0.10.1[3031]:     at packages/zaino-chain-head-service/src/service.rs:478
1791660629.978291 runnervmmprz5 zainod-0.10.1[3031]:     in zaino_chain_head_service::service::ChainHeadService::tick
1791660629.979671 runnervmmprz5 zainod-0.10.1[3031]:   19:30:29.979  INFO zaino_chain_head_service::service: Syncing block, height: 4382428, hash: 00007ded5d624dd2f222cb267da7db8c505c24344c3e0a6f96720f0511b710cd
1791660629.979671 runnervmmprz5 zainod-0.10.1[3031]:     at packages/zaino-chain-head-service/src/service.rs:478
1791660629.979671 runnervmmprz5 zainod-0.10.1[3031]:     in zaino_chain_head_service::service::ChainHeadService::tick
1791660629.980851 runnervmmprz5 zainod-0.10.1[3031]:   19:30:29.980  INFO zaino_chain_head_service::service: Syncing block, height: 4382429, hash: 001d3ef7d8095922783b046cd733ed42df70c843829db01a6d0df977c8a100d1
1791660629.980851 runnervmmprz5 zainod-0.10.1[3031]:     at packages/zaino-chain-head-service/src/service.rs:478
1791660629.980851 runnervmmprz5 zainod-0.10.1[3031]:     in zaino_chain_head_service::service::ChainHeadService::tick
1791660629.981583 runnervmmprz5 zainod-0.10.1[3031]:   19:30:29.981  INFO zaino_chain_head_service::service: Syncing block, height: 4382430, hash: 00006f52db8d8f3d0dcc7ffb7e42d824029b66c118a53358f47315cea2bf3b08
1791660629.981583 runnervmmprz5 zainod-0.10.1[3031]:     at packages/zaino-chain-head-service/src/service.rs:478
1791660629.981583 runnervmmprz5 zainod-0.10.1[3031]:     in zaino_chain_head_service::service::ChainHeadService::tick
1791660629.982979 runnervmmprz5 zainod-0.10.1[3031]:   19:30:29.982  INFO zaino_chain_head_service::service: Syncing block, height: 4382431, hash: 0000304007aa30964b3b3150f45968c851920d62cd8e18083924349be7a9e565
1791660629.982979 runnervmmprz5 zainod-0.10.1[3031]:     at packages/zaino-chain-head-service/src/service.rs:478
1791660629.982979 runnervmmprz5 zainod-0.10.1[3031]:     in zaino_chain_head_service::service::ChainHeadService::tick
1791660629.983963 runnervmmprz5 zainod-0.10.1[3031]:   19:30:29.983  INFO zaino_chain_head_service::service: Syncing block, height: 4382432, hash: 000032ecf3936d0842e713d4f2dc94a228c7a7eaae30423fea34d57694dff1a6
1791660629.983963 runnervmmprz5 zainod-0.10.1[3031]:     at packages/zaino-chain-head-service/src/service.rs:478
1791660629.983963 runnervmmprz5 zainod-0.10.1[3031]:     in zaino_chain_head_service::service::ChainHeadService::tick
1791660629.987410 runnervmmprz5 zainod-0.10.1[3031]:   19:30:29.987  INFO zaino_chain_head_service::service: Syncing block, height: 4382433, hash: 00006439b8166165d50dd5c6440e92399134cade3b970bddd1fd129aede4725f
1791660629.987410 runnervmmprz5 zainod-0.10.1[3031]:     at packages/zaino-chain-head-service/src/service.rs:478
1791660629.987410 runnervmmprz5 zainod-0.10.1[3031]:     in zaino_chain_head_service::service::ChainHeadService::tick
1791660629.989896 runnervmmprz5 zainod-0.10.1[3031]:   19:30:29.989  INFO zaino_chain_head_service::service: Syncing block, height: 4382434, hash: 00003cb1982cb920f212b71d2413c2ea18c652c1ac4fc7349851bcdae84ee00b
1791660629.989896 runnervmmprz5 zainod-0.10.1[3031]:     at packages/zaino-chain-head-service/src/service.rs:478
1791660629.989896 runnervmmprz5 zainod-0.10.1[3031]:     in zaino_chain_head_service::service::ChainHeadService::tick
1791660629.991604 runnervmmprz5 zainod-0.10.1[3031]:   19:30:29.991  INFO zaino_chain_head_service::service: Syncing block, height: 4382435, hash: 000031119467669d03c7c99b9ef69d6ebfe3862459382030f237ef1ac6a22638
1791660629.991604 runnervmmprz5 zainod-0.10.1[3031]:     at packages/zaino-chain-head-service/src/service.rs:478
1791660629.991604 runnervmmprz5 zainod-0.10.1[3031]:     in zaino_chain_head_service::service::ChainHeadService::tick
1791660629.992920 runnervmmprz5 zainod-0.10.1[3031]:   19:30:29.992  INFO zaino_chain_head_service::service: Syncing block, height: 4382436, hash: 000073d24ddeab646b7c1e545f853d0e7e1563201ba46022586a48446cf0b877
1791660629.992920 runnervmmprz5 zainod-0.10.1[3031]:     at packages/zaino-chain-head-service/src/service.rs:478
1791660629.992920 runnervmmprz5 zainod-0.10.1[3031]:     in zaino_chain_head_service::service::ChainHeadService::tick
1791660629.994069 runnervmmprz5 zainod-0.10.1[3031]:   19:30:29.994  INFO zaino_chain_head_service::service: Syncing block, height: 4382437, hash: 00007ad93d805d6834a21b919b6b5891379b0466e636b13552d84a5d0b305505
1791660629.994069 runnervmmprz5 zainod-0.10.1[3031]:     at packages/zaino-chain-head-service/src/service.rs:478
1791660629.994069 runnervmmprz5 zainod-0.10.1[3031]:     in zaino_chain_head_service::service::ChainHeadService::tick
1791660629.995259 runnervmmprz5 zainod-0.10.1[3031]:   19:30:29.995  INFO zaino_chain_head_service::service: Syncing block, height: 4382438, hash: 001d5338abbc258023d044be41a529569c71f4676446d0a80a27f151d664cbdb
1791660629.995259 runnervmmprz5 zainod-0.10.1[3031]:     at packages/zaino-chain-head-service/src/service.rs:478
1791660629.995259 runnervmmprz5 zainod-0.10.1[3031]:     in zaino_chain_head_service::service::ChainHeadService::tick
1791660629.997626 runnervmmprz5 zainod-0.10.1[3031]:   19:30:29.997  INFO zaino_chain_head_service::service: Syncing block, height: 4382439, hash: 00401fb456ecc5beef26799337e7a9daa784ba36489f8dafdebbede93ae53ccf
1791660629.997626 runnervmmprz5 zainod-0.10.1[3031]:     at packages/zaino-chain-head-service/src/service.rs:478
1791660629.997626 runnervmmprz5 zainod-0.10.1[3031]:     in zaino_chain_head_service::service::ChainHeadService::tick
1791660629.998224 runnervmmprz5 zainod-0.10.1[3031]:   19:30:29.998  INFO zaino_chain_head_service::service: Syncing block, height: 4382440, hash: 0009aa96d069994866772b01340ee149fc1542895c50c9891e3a5678f884fcf8
1791660629.998224 runnervmmprz5 zainod-0.10.1[3031]:     at packages/zaino-chain-head-service/src/service.rs:478
1791660629.998224 runnervmmprz5 zainod-0.10.1[3031]:     in zaino_chain_head_service::service::ChainHeadService::tick
1791660629.998930 runnervmmprz5 zainod-0.10.1[3031]:   19:30:29.998  INFO zaino_chain_head_service::service: Syncing block, height: 4382441, hash: 001468d904c0675f14081d3b44546fb3fae1d28c9fe74e45cc78d860ab5adeb7
1791660629.998930 runnervmmprz5 zainod-0.10.1[3031]:     at packages/zaino-chain-head-service/src/service.rs:478
1791660629.998930 runnervmmprz5 zainod-0.10.1[3031]:     in zaino_chain_head_service::service::ChainHeadService::tick
1791660630.000478 runnervmmprz5 zainod-0.10.1[3031]:   19:30:30.000  INFO zaino_chain_head_service::service: Syncing block, height: 4382442, hash: 001ab2f2809236e3c5c89b3c0d40d172d5396d9ef9e0ed3c44f0374bc8296627
1791660630.000478 runnervmmprz5 zainod-0.10.1[3031]:     at packages/zaino-chain-head-service/src/service.rs:478
1791660630.000478 runnervmmprz5 zainod-0.10.1[3031]:     in zaino_chain_head_service::service::ChainHeadService::tick
1791660630.002314 runnervmmprz5 zainod-0.10.1[3031]:   19:30:30.002  INFO zaino_chain_head_service::service: Syncing block, height: 4382443, hash: 00003b329deaf7f2a9105b4903d1233ef778ca7f0d4d2f4acd3ad3de8e72b1b5
1791660630.002314 runnervmmprz5 zainod-0.10.1[3031]:     at packages/zaino-chain-head-service/src/service.rs:478
1791660630.002314 runnervmmprz5 zainod-0.10.1[3031]:     in zaino_chain_head_service::service::ChainHeadService::tick
1791660630.003974 runnervmmprz5 zainod-0.10.1[3031]:   19:30:30.003  INFO zaino_chain_head_service::service: Syncing block, height: 4382444, hash: 000048fc9db0280ace26375baae89f545afded33fa9c8e86e87987dc4b06650c
1791660630.003974 runnervmmprz5 zainod-0.10.1[3031]:     at packages/zaino-chain-head-service/src/service.rs:478
1791660630.003974 runnervmmprz5 zainod-0.10.1[3031]:     in zaino_chain_head_service::service::ChainHeadService::tick
1791660630.005126 runnervmmprz5 zainod-0.10.1[3031]:   19:30:30.005  INFO zaino_chain_head_service::service: Syncing block, height: 4382445, hash: 000054c09d8b67268d83537c5366ff2a69e25e509320205bc8a0bdc5573b594d
1791660630.005126 runnervmmprz5 zainod-0.10.1[3031]:     at packages/zaino-chain-head-service/src/service.rs:478
1791660630.005126 runnervmmprz5 zainod-0.10.1[3031]:     in zaino_chain_head_service::service::ChainHeadService::tick
1791660630.005514 runnervmmprz5 zainod-0.10.1[3031]:   19:30:30.005  INFO zaino_chain_head_service::service: Syncing block, height: 4382446, hash: 000069bea6a2ccc539772a5ddf659cf8ce9512f66c5ab1519adec00a79ecf5f4
1791660630.005514 runnervmmprz5 zainod-0.10.1[3031]:     at packages/zaino-chain-head-service/src/service.rs:478
1791660630.005514 runnervmmprz5 zainod-0.10.1[3031]:     in zaino_chain_head_service::service::ChainHeadService::tick
1791660630.006126 runnervmmprz5 zainod-0.10.1[3031]:   19:30:30.006  INFO zaino_chain_head_service::service: Syncing block, height: 4382447, hash: 00005381d15d37a9711ece5136325245b29ac201fcfe1bcab7eb043e7eb96e8f
1791660630.006126 runnervmmprz5 zainod-0.10.1[3031]:     at packages/zaino-chain-head-service/src/service.rs:478
1791660630.006126 runnervmmprz5 zainod-0.10.1[3031]:     in zaino_chain_head_service::service::ChainHeadService::tick
1791660630.006965 runnervmmprz5 zainod-0.10.1[3031]:   19:30:30.006  INFO zaino_chain_head_service::service: Syncing block, height: 4382448, hash: 000025f5664ec0486b1a31d72b98e950e0ab314ab36518c8b9ed49469e353990
1791660630.006965 runnervmmprz5 zainod-0.10.1[3031]:     at packages/zaino-chain-head-service/src/service.rs:478
1791660630.006965 runnervmmprz5 zainod-0.10.1[3031]:     in zaino_chain_head_service::service::ChainHeadService::tick
1791660630.008289 runnervmmprz5 zainod-0.10.1[3031]:   19:30:30.007  INFO zaino_chain_head_service::service: Syncing block, height: 4382449, hash: 00004e1c5a617298d0618376d7e55e268a9e5df0e72b6102c9a771f7da0b501b
1791660630.008289 runnervmmprz5 zainod-0.10.1[3031]:     at packages/zaino-chain-head-service/src/service.rs:478
1791660630.008289 runnervmmprz5 zainod-0.10.1[3031]:     in zaino_chain_head_service::service::ChainHeadService::tick
1791660630.011491 runnervmmprz5 zainod-0.10.1[3031]:   19:30:30.009  INFO zaino_chain_head_service::service: Syncing block, height: 4382450, hash: 0000256b496dc55ca22abcd2021f095ca01f0faf8126100327307e2851ba3764
1791660630.011491 runnervmmprz5 zainod-0.10.1[3031]:     at packages/zaino-chain-head-service/src/service.rs:478
1791660630.011491 runnervmmprz5 zainod-0.10.1[3031]:     in zaino_chain_head_service::service::ChainHeadService::tick
1791660630.011491 runnervmmprz5 zainod-0.10.1[3031]:   19:30:30.010  INFO zaino_chain_head_service::service: Syncing block, height: 4382451, hash: 0000716e7824f662e988d3cdb275e4d4a4c2a66deeb1028870fe50ab446d323b
1791660630.011491 runnervmmprz5 zainod-0.10.1[3031]:     at packages/zaino-chain-head-service/src/service.rs:478
1791660630.011491 runnervmmprz5 zainod-0.10.1[3031]:     in zaino_chain_head_service::service::ChainHeadService::tick
1791660630.012280 runnervmmprz5 zainod-0.10.1[3031]:   19:30:30.012  INFO zaino_chain_head_service::service: Syncing block, height: 4382452, hash: 00005210ca97cd4b1e92d1c8d77ad2d0eeaae105448a988c3a70e875b0646aba
1791660630.012280 runnervmmprz5 zainod-0.10.1[3031]:     at packages/zaino-chain-head-service/src/service.rs:478
1791660630.012280 runnervmmprz5 zainod-0.10.1[3031]:     in zaino_chain_head_service::service::ChainHeadService::tick
1791660630.014120 runnervmmprz5 zainod-0.10.1[3031]:   19:30:30.014  INFO zaino_chain_head_service::service: Syncing block, height: 4382453, hash: 00000ebda28a54396b35cf0a3f0386d98e12e328cb8aac104e58158fa39ef7e1
1791660630.014120 runnervmmprz5 zainod-0.10.1[3031]:     at packages/zaino-chain-head-service/src/service.rs:478
1791660630.014120 runnervmmprz5 zainod-0.10.1[3031]:     in zaino_chain_head_service::service::ChainHeadService::tick
1791660630.015622 runnervmmprz5 zainod-0.10.1[3031]:   19:30:30.015  INFO zaino_chain_head_service::service: Syncing block, height: 4382454, hash: 002e98ddd167decc1ee62165b1cd59e2b1b600f18e750ddd3dbfc6e7e0330eb9
1791660630.015622 runnervmmprz5 zainod-0.10.1[3031]:     at packages/zaino-chain-head-service/src/service.rs:478
1791660630.015622 runnervmmprz5 zainod-0.10.1[3031]:     in zaino_chain_head_service::service::ChainHeadService::tick
1791660630.017185 runnervmmprz5 zainod-0.10.1[3031]:   19:30:30.017  INFO zaino_chain_head_service::service: Syncing block, height: 4382455, hash: 00003fb60da903cafb101fa9ddfcaaea394286b5f81d80c94222d6f20fe41380
1791660630.017185 runnervmmprz5 zainod-0.10.1[3031]:     at packages/zaino-chain-head-service/src/service.rs:478
1791660630.017185 runnervmmprz5 zainod-0.10.1[3031]:     in zaino_chain_head_service::service::ChainHeadService::tick
1791660630.017948 runnervmmprz5 zainod-0.10.1[3031]:   19:30:30.017  INFO zaino_chain_head_service::service: Syncing block, height: 4382456, hash: 000067cb68401e83a796c025658c4d9bd5e71a8ac123abf8f820d6f4fe85979c
1791660630.017948 runnervmmprz5 zainod-0.10.1[3031]:     at packages/zaino-chain-head-service/src/service.rs:478
1791660630.017948 runnervmmprz5 zainod-0.10.1[3031]:     in zaino_chain_head_service::service::ChainHeadService::tick
1791660630.019087 runnervmmprz5 zainod-0.10.1[3031]:   19:30:30.018  INFO zaino_chain_head_service::service: Syncing block, height: 4382457, hash: 00003bca72b2c802d33ceade5b3403cb1a8081a2dc31e875368c233590c6f023
1791660630.019087 runnervmmprz5 zainod-0.10.1[3031]:     at packages/zaino-chain-head-service/src/service.rs:478
1791660630.019087 runnervmmprz5 zainod-0.10.1[3031]:     in zaino_chain_head_service::service::ChainHeadService::tick
1791660630.019611 runnervmmprz5 zainod-0.10.1[3031]:   19:30:30.019  INFO zaino_chain_head_service::service: Syncing block, height: 4382458, hash: 0000293673bcf6bb9658a3f30c529c44911773c95ca5d34ec4201fb7f52fa3e8
1791660630.019611 runnervmmprz5 zainod-0.10.1[3031]:     at packages/zaino-chain-head-service/src/service.rs:478
1791660630.019611 runnervmmprz5 zainod-0.10.1[3031]:     in zaino_chain_head_service::service::ChainHeadService::tick
1791660630.022064 runnervmmprz5 zainod-0.10.1[3031]:   19:30:30.020  INFO zaino_chain_head_service::service: Syncing block, height: 4382459, hash: 00002b299606a7bf2f54cfc0f7419e8af7c8547265cd63810077e8a5c8ce8b8d
1791660630.022064 runnervmmprz5 zainod-0.10.1[3031]:     at packages/zaino-chain-head-service/src/service.rs:478
1791660630.022064 runnervmmprz5 zainod-0.10.1[3031]:     in zaino_chain_head_service::service::ChainHeadService::tick
1791660630.022254 runnervmmprz5 zainod-0.10.1[3031]:   19:30:30.022  INFO zaino_chain_head_service::service: Syncing block, height: 4382460, hash: 00000a1736724b5b5011cd04211fb60870e24e06e7ec2d3793ca869c70c4e642
1791660630.022254 runnervmmprz5 zainod-0.10.1[3031]:     at packages/zaino-chain-head-service/src/service.rs:478
1791660630.022254 runnervmmprz5 zainod-0.10.1[3031]:     in zaino_chain_head_service::service::ChainHeadService::tick
1791660630.023283 runnervmmprz5 zainod-0.10.1[3031]:   19:30:30.023  INFO zaino_chain_head_service::service: Syncing block, height: 4382461, hash: 0021c9d85a142d5bbe783016307bb620a30e74627e29fe61a8989bd0c907697e
1791660630.023283 runnervmmprz5 zainod-0.10.1[3031]:     at packages/zaino-chain-head-service/src/service.rs:478
1791660630.023283 runnervmmprz5 zainod-0.10.1[3031]:     in zaino_chain_head_service::service::ChainHeadService::tick
1791660630.024100 runnervmmprz5 zainod-0.10.1[3031]:   19:30:30.024  INFO zaino_chain_head_service::service: Syncing block, height: 4382462, hash: 000062a32e601e2161117dc14b90e1279b7bebcaa109b9470969f27e0d11832e
1791660630.024100 runnervmmprz5 zainod-0.10.1[3031]:     at packages/zaino-chain-head-service/src/service.rs:478
1791660630.024100 runnervmmprz5 zainod-0.10.1[3031]:     in zaino_chain_head_service::service::ChainHeadService::tick
1791660630.025266 runnervmmprz5 zainod-0.10.1[3031]:   19:30:30.025  INFO zaino_chain_head_service::service: Syncing block, height: 4382463, hash: 000052a2a592768ce7ef82c3d34081da6a8a264d73e75e2c38623cd9904c33fd
1791660630.025266 runnervmmprz5 zainod-0.10.1[3031]:     at packages/zaino-chain-head-service/src/service.rs:478
1791660630.025266 runnervmmprz5 zainod-0.10.1[3031]:     in zaino_chain_head_service::service::ChainHeadService::tick
1791660630.025831 runnervmmprz5 zainod-0.10.1[3031]:   19:30:30.025  INFO zaino_chain_head_service::service: Syncing block, height: 4382464, hash: 00005b299739f5185fd224c2c7dcb2104b77b4d3cff15dad0fe91f1af4571aca
1791660630.025831 runnervmmprz5 zainod-0.10.1[3031]:     at packages/zaino-chain-head-service/src/service.rs:478
1791660630.025831 runnervmmprz5 zainod-0.10.1[3031]:     in zaino_chain_head_service::service::ChainHeadService::tick
1791660630.026513 runnervmmprz5 zainod-0.10.1[3031]:   19:30:30.026  INFO zaino_chain_head_service::service: Syncing block, height: 4382465, hash: 00001d2164536a7b58a5f9b46e497c0f4c2fc983560cf4b05ab554d376487450
1791660630.026513 runnervmmprz5 zainod-0.10.1[3031]:     at packages/zaino-chain-head-service/src/service.rs:478
1791660630.026513 runnervmmprz5 zainod-0.10.1[3031]:     in zaino_chain_head_service::service::ChainHeadService::tick
1791660630.027163 runnervmmprz5 zainod-0.10.1[3031]:   19:30:30.027  INFO zaino_chain_head_service::service: Syncing block, height: 4382466, hash: 000064f9cf68286d38ad8011bfee108d2a86be62595c82390bb42d6604198cc9
1791660630.027163 runnervmmprz5 zainod-0.10.1[3031]:     at packages/zaino-chain-head-service/src/service.rs:478
1791660630.027163 runnervmmprz5 zainod-0.10.1[3031]:     in zaino_chain_head_service::service::ChainHeadService::tick
1791660630.028138 runnervmmprz5 zainod-0.10.1[3031]:   19:30:30.028  INFO zaino_chain_head_service::service: Syncing block, height: 4382467, hash: 00004154587f4bfdb89264d0d182b9d8b04c35a2f7dce65068ec5318cfd996bc
1791660630.028138 runnervmmprz5 zainod-0.10.1[3031]:     at packages/zaino-chain-head-service/src/service.rs:478
1791660630.028138 runnervmmprz5 zainod-0.10.1[3031]:     in zaino_chain_head_service::service::ChainHeadService::tick
1791660630.028917 runnervmmprz5 zainod-0.10.1[3031]:   19:30:30.028  INFO zaino_chain_head_service::service: Syncing block, height: 4382468, hash: 00000dce993d493fb0b8c9a9773d6d1d4c363e660441e7a39cb2627300278697
1791660630.028917 runnervmmprz5 zainod-0.10.1[3031]:     at packages/zaino-chain-head-service/src/service.rs:478
1791660630.028917 runnervmmprz5 zainod-0.10.1[3031]:     in zaino_chain_head_service::service::ChainHeadService::tick
1791660630.032126 runnervmmprz5 zainod-0.10.1[3031]:   19:30:30.032  INFO zaino_chain_head_service::service: Syncing block, height: 4382469, hash: 000043db7cd629f1645b32eb8c7049b7cf9b4a9d7ed18e1c8163f3c415fd02fd
1791660630.032126 runnervmmprz5 zainod-0.10.1[3031]:     at packages/zaino-chain-head-service/src/service.rs:478
1791660630.032126 runnervmmprz5 zainod-0.10.1[3031]:     in zaino_chain_head_service::service::ChainHeadService::tick
1791660630.032740 runnervmmprz5 zainod-0.10.1[3031]:   19:30:30.032  INFO zaino_chain_head_service::service: Syncing block, height: 4382470, hash: 0000675a7ede3c00aa4465c6a30c94e6c1c6660c3a3c03921671680fa0c63fc1
1791660630.032740 runnervmmprz5 zainod-0.10.1[3031]:     at packages/zaino-chain-head-service/src/service.rs:478
1791660630.032740 runnervmmprz5 zainod-0.10.1[3031]:     in zaino_chain_head_service::service::ChainHeadService::tick
1791660630.033611 runnervmmprz5 zainod-0.10.1[3031]:   19:30:30.033  INFO zaino_chain_head_service::service: Syncing block, height: 4382471, hash: 00005524278da3e1d68a7bc6c31329b45065888b9d745a0212ea87933bedfbc8
1791660630.033611 runnervmmprz5 zainod-0.10.1[3031]:     at packages/zaino-chain-head-service/src/service.rs:478
1791660630.033611 runnervmmprz5 zainod-0.10.1[3031]:     in zaino_chain_head_service::service::ChainHeadService::tick
1791660630.034869 runnervmmprz5 zainod-0.10.1[3031]:   19:30:30.034  INFO zaino_chain_head_service::service: Syncing block, height: 4382472, hash: 000047e70e70ec893c673c1a57f21c0a17bf98eb327251f703ba99a8a30fe0ae
1791660630.034869 runnervmmprz5 zainod-0.10.1[3031]:     at packages/zaino-chain-head-service/src/service.rs:478
1791660630.034869 runnervmmprz5 zainod-0.10.1[3031]:     in zaino_chain_head_service::service::ChainHeadService::tick
1791660630.035802 runnervmmprz5 zainod-0.10.1[3031]:   19:30:30.035  INFO zaino_chain_head_service::service: Syncing block, height: 4382473, hash: 0000020f97ee5071e6748ac96362d81e07633071474b7fa2adeb145bb90e34fc
1791660630.035802 runnervmmprz5 zainod-0.10.1[3031]:     at packages/zaino-chain-head-service/src/service.rs:478
1791660630.035802 runnervmmprz5 zainod-0.10.1[3031]:     in zaino_chain_head_service::service::ChainHeadService::tick
1791660630.036492 runnervmmprz5 zainod-0.10.1[3031]:   19:30:30.036  INFO zaino_chain_head_service::service: Syncing block, height: 4382474, hash: 001f475e4ae7e3d4718afa512c15213bc210666c6c3a42633c7c7416335d31ff
1791660630.036492 runnervmmprz5 zainod-0.10.1[3031]:     at packages/zaino-chain-head-service/src/service.rs:478
1791660630.036492 runnervmmprz5 zainod-0.10.1[3031]:     in zaino_chain_head_service::service::ChainHeadService::tick
1791660630.037008 runnervmmprz5 zainod-0.10.1[3031]:   19:30:30.036  INFO zaino_chain_head_service::service: Syncing block, height: 4382475, hash: 00006d392d8aa770faaeb9b7f0031cee06fb52dda8d8adbb6494e6dda96f74d0
1791660630.037008 runnervmmprz5 zainod-0.10.1[3031]:     at packages/zaino-chain-head-service/src/service.rs:478
1791660630.037008 runnervmmprz5 zainod-0.10.1[3031]:     in zaino_chain_head_service::service::ChainHeadService::tick
1791660630.038333 runnervmmprz5 zainod-0.10.1[3031]:   19:30:30.038  INFO zaino_chain_head_service::service: Syncing block, height: 4382476, hash: 000bd88d8043f83ec80d48ed89daaa9c0a0eb57af05344e8085f78b77372f207
1791660630.038333 runnervmmprz5 zainod-0.10.1[3031]:     at packages/zaino-chain-head-service/src/service.rs:478
1791660630.038333 runnervmmprz5 zainod-0.10.1[3031]:     in zaino_chain_head_service::service::ChainHeadService::tick
1791660630.039229 runnervmmprz5 zainod-0.10.1[3031]:   19:30:30.039  INFO zaino_chain_head_service::service: Syncing block, height: 4382477, hash: 001b033454a1f82387121b285b6e32975c789595d0b618e3bb11f49ae0b84b15
1791660630.039229 runnervmmprz5 zainod-0.10.1[3031]:     at packages/zaino-chain-head-service/src/service.rs:478
1791660630.039229 runnervmmprz5 zainod-0.10.1[3031]:     in zaino_chain_head_service::service::ChainHeadService::tick
1791660630.039949 runnervmmprz5 zainod-0.10.1[3031]:   19:30:30.039  INFO zaino_chain_head_service::service: Syncing block, height: 4382478, hash: 00006bb91c762329dee2d4a55b50e326ac8b48b0c8f9075d5c4f60b202330d63
1791660630.039949 runnervmmprz5 zainod-0.10.1[3031]:     at packages/zaino-chain-head-service/src/service.rs:478
1791660630.039949 runnervmmprz5 zainod-0.10.1[3031]:     in zaino_chain_head_service::service::ChainHeadService::tick
1791660630.040655 runnervmmprz5 zainod-0.10.1[3031]:   19:30:30.040  INFO zaino_chain_head_service::service: Syncing block, height: 4382479, hash: 00022dbf39c9cac14b189546f6a791d225382bf089019e2a1ce7bdbdf59215c2
1791660630.040655 runnervmmprz5 zainod-0.10.1[3031]:     at packages/zaino-chain-head-service/src/service.rs:478
1791660630.040655 runnervmmprz5 zainod-0.10.1[3031]:     in zaino_chain_head_service::service::ChainHeadService::tick
1791660630.042037 runnervmmprz5 zainod-0.10.1[3031]:   19:30:30.042  INFO zaino_chain_head_service::service: Syncing block, height: 4382480, hash: 000036ebc0fa755adbe90f8631471a78217de3e0f79cd4bea510a6b75ae2d54a
1791660630.042037 runnervmmprz5 zainod-0.10.1[3031]:     at packages/zaino-chain-head-service/src/service.rs:478
1791660630.042037 runnervmmprz5 zainod-0.10.1[3031]:     in zaino_chain_head_service::service::ChainHeadService::tick
1791660630.042750 runnervmmprz5 zainod-0.10.1[3031]:   19:30:30.042  INFO zaino_chain_head_service::service: Syncing block, height: 4382481, hash: 00007cfa228b0682bbfbd655e779c018bcd18e65cf8096cb4f9ab537ae417e9e
1791660630.042750 runnervmmprz5 zainod-0.10.1[3031]:     at packages/zaino-chain-head-service/src/service.rs:478
1791660630.042750 runnervmmprz5 zainod-0.10.1[3031]:     in zaino_chain_head_service::service::ChainHeadService::tick
1791660630.043578 runnervmmprz5 zainod-0.10.1[3031]:   19:30:30.043  INFO zaino_chain_head_service::service: Syncing block, height: 4382482, hash: 0000160bd52971d161e0e94d5caf9cfc4bd420bc2d9fe189b361a2a77c5b3518
1791660630.043578 runnervmmprz5 zainod-0.10.1[3031]:     at packages/zaino-chain-head-service/src/service.rs:478
1791660630.043578 runnervmmprz5 zainod-0.10.1[3031]:     in zaino_chain_head_service::service::ChainHeadService::tick
1791660630.044167 runnervmmprz5 zainod-0.10.1[3031]:   19:30:30.044  INFO zaino_chain_head_service::service: Syncing block, height: 4382483, hash: 00004faf8ee8bf7e4b39bbf54d4d7f998dbd61bef20b5985e830a626d3e58954
1791660630.044167 runnervmmprz5 zainod-0.10.1[3031]:     at packages/zaino-chain-head-service/src/service.rs:478
1791660630.044167 runnervmmprz5 zainod-0.10.1[3031]:     in zaino_chain_head_service::service::ChainHeadService::tick
1791660630.045279 runnervmmprz5 zainod-0.10.1[3031]:   19:30:30.045  INFO zaino_chain_head_service::service: Syncing block, height: 4382484, hash: 000057ed5b70dec6e7927f7829090280e836bf3848116b8218e13d781bf28fe2
1791660630.045279 runnervmmprz5 zainod-0.10.1[3031]:     at packages/zaino-chain-head-service/src/service.rs:478
1791660630.045279 runnervmmprz5 zainod-0.10.1[3031]:     in zaino_chain_head_service::service::ChainHeadService::tick
1791660630.046440 runnervmmprz5 zainod-0.10.1[3031]:   19:30:30.046  INFO zaino_chain_head_service::service: Syncing block, height: 4382485, hash: 00006df791090d49ff8ae34b8e98a026141b1577c0e39d29e06c06ca514a8772
1791660630.046440 runnervmmprz5 zainod-0.10.1[3031]:     at packages/zaino-chain-head-service/src/service.rs:478
1791660630.046440 runnervmmprz5 zainod-0.10.1[3031]:     in zaino_chain_head_service::service::ChainHeadService::tick
1791660630.048793 runnervmmprz5 zainod-0.10.1[3031]:   19:30:30.048  INFO zaino_chain_head_service::service: Syncing block, height: 4382486, hash: 0000268fa63df91d4a69ae71b082323ac6e5f907f03b12ebcbe82ecb66c7f1b0
1791660630.048793 runnervmmprz5 zainod-0.10.1[3031]:     at packages/zaino-chain-head-service/src/service.rs:478
1791660630.048793 runnervmmprz5 zainod-0.10.1[3031]:     in zaino_chain_head_service::service::ChainHeadService::tick
1791660630.050215 runnervmmprz5 zainod-0.10.1[3031]:   19:30:30.050  INFO zaino_chain_head_service::service: Syncing block, height: 4382487, hash: 0015cedc69281148d6915ef4a3dd0043f15451fdfd7b1fb2aafc574924489ba1
1791660630.050215 runnervmmprz5 zainod-0.10.1[3031]:     at packages/zaino-chain-head-service/src/service.rs:478
1791660630.050215 runnervmmprz5 zainod-0.10.1[3031]:     in zaino_chain_head_service::service::ChainHeadService::tick
1791660630.051920 runnervmmprz5 zainod-0.10.1[3031]:   19:30:30.051  INFO zaino_chain_head_service::service: Syncing block, height: 4382488, hash: 000014ab19c3adbf634c3f923f21fc1fd550459cf4bc227d686ec7f882da3fc9
1791660630.051920 runnervmmprz5 zainod-0.10.1[3031]:     at packages/zaino-chain-head-service/src/service.rs:478
1791660630.051920 runnervmmprz5 zainod-0.10.1[3031]:     in zaino_chain_head_service::service::ChainHeadService::tick
1791660630.051920 runnervmmprz5 zainod-0.10.1[3031]:   19:30:30.051  INFO zaino_chain_head_service::service: Syncing block, height: 4382489, hash: 00000548dc1d2bc5cfe8b1bd2f59d0107742b71f8a40284a95d940c8c491d586
1791660630.051920 runnervmmprz5 zainod-0.10.1[3031]:     at packages/zaino-chain-head-service/src/service.rs:478
1791660630.051920 runnervmmprz5 zainod-0.10.1[3031]:     in zaino_chain_head_service::service::ChainHeadService::tick
1791660630.053774 runnervmmprz5 zainod-0.10.1[3031]:   19:30:30.053  INFO zaino_chain_head_service::service: Syncing block, height: 4382490, hash: 0002c18acb73684e8a2388d13d523916dafdf28487e190d9b36273c38f0f7162
1791660630.053774 runnervmmprz5 zainod-0.10.1[3031]:     at packages/zaino-chain-head-service/src/service.rs:478
1791660630.053774 runnervmmprz5 zainod-0.10.1[3031]:     in zaino_chain_head_service::service::ChainHeadService::tick
1791660630.054938 runnervmmprz5 zainod-0.10.1[3031]:   19:30:30.054  INFO zaino_chain_head_service::service: Syncing block, height: 4382491, hash: 00001d556c100ed4b37f27905d7377a971a332aa69d6f0a744fb3d6ffff21870
1791660630.054938 runnervmmprz5 zainod-0.10.1[3031]:     at packages/zaino-chain-head-service/src/service.rs:478
1791660630.054938 runnervmmprz5 zainod-0.10.1[3031]:     in zaino_chain_head_service::service::ChainHeadService::tick
1791660630.056024 runnervmmprz5 zainod-0.10.1[3031]:   19:30:30.055  INFO zaino_chain_head_service::service: Syncing block, height: 4382492, hash: 00006eccd93a3bddd0235174c44b5be6f94fa1870fb67214d90c501fe11b91c1
1791660630.056024 runnervmmprz5 zainod-0.10.1[3031]:     at packages/zaino-chain-head-service/src/service.rs:478
1791660630.056024 runnervmmprz5 zainod-0.10.1[3031]:     in zaino_chain_head_service::service::ChainHeadService::tick
1791660630.057574 runnervmmprz5 zainod-0.10.1[3031]:   19:30:30.057  INFO zaino_chain_head_service::service: Syncing block, height: 4382493, hash: 0005405a10b967160b89ef475b22d66714ed4588011fab8a927a09561e09f8fd
1791660630.057574 runnervmmprz5 zainod-0.10.1[3031]:     at packages/zaino-chain-head-service/src/service.rs:478
1791660630.057574 runnervmmprz5 zainod-0.10.1[3031]:     in zaino_chain_head_service::service::ChainHeadService::tick
1791660630.060002 runnervmmprz5 zainod-0.10.1[3031]:   19:30:30.059  INFO zaino_chain_head_service::service: Syncing block, height: 4382494, hash: 00002bd33f0533417cd860c0ae72023f5607995cc8a6dbd1d4c074f6e6c74bfb
1791660630.060002 runnervmmprz5 zainod-0.10.1[3031]:     at packages/zaino-chain-head-service/src/service.rs:478
1791660630.060002 runnervmmprz5 zainod-0.10.1[3031]:     in zaino_chain_head_service::service::ChainHeadService::tick
1791660630.060311 runnervmmprz5 zainod-0.10.1[3031]:   19:30:30.060  INFO zaino_chain_head_service::service: Syncing block, height: 4382495, hash: 0010d0d7b9998d9cb48fe33a79e8d12661de9cb44959700e55d9a83ab2e087d7
1791660630.060311 runnervmmprz5 zainod-0.10.1[3031]:     at packages/zaino-chain-head-service/src/service.rs:478
1791660630.060311 runnervmmprz5 zainod-0.10.1[3031]:     in zaino_chain_head_service::service::ChainHeadService::tick
1791660630.062151 runnervmmprz5 zainod-0.10.1[3031]:   19:30:30.062  INFO zaino_chain_head_service::service: Syncing block, height: 4382496, hash: 0000075cc99277d752de6c3772a7f6a4d3b1732cf4efdc3ee582326a0b0d21d7
1791660630.062151 runnervmmprz5 zainod-0.10.1[3031]:     at packages/zaino-chain-head-service/src/service.rs:478
1791660630.062151 runnervmmprz5 zainod-0.10.1[3031]:     in zaino_chain_head_service::service::ChainHeadService::tick
1791660630.067126 runnervmmprz5 zainod-0.10.1[3031]:   19:30:30.067  INFO zaino_chain_head_service::service: Syncing block, height: 4382497, hash: 00002895d36b6851c33d0d7c5bd1f535520dfc8ebee26945274adcce02b0d67e
1791660630.067126 runnervmmprz5 zainod-0.10.1[3031]:     at packages/zaino-chain-head-service/src/service.rs:478
1791660630.067126 runnervmmprz5 zainod-0.10.1[3031]:     in zaino_chain_head_service::service::ChainHeadService::tick
1791660630.071444 runnervmmprz5 zainod-0.10.1[3031]:   19:30:30.071  INFO zaino_chain_head_service::service: Syncing block, height: 4382498, hash: 00007bdd35c47afd1c88a28bb0a3671157f722728df7dabd84cb09ce9c7f73c8
1791660630.071444 runnervmmprz5 zainod-0.10.1[3031]:     at packages/zaino-chain-head-service/src/service.rs:478
1791660630.071444 runnervmmprz5 zainod-0.10.1[3031]:     in zaino_chain_head_service::service::ChainHeadService::tick
1791660630.072877 runnervmmprz5 zainod-0.10.1[3031]:   19:30:30.072  INFO zaino_chain_head_service::service: Syncing block, height: 4382499, hash: 000015a050ec303eccd9ce1e0cdcdda4db4101f504fbef068737bec4ed79bf25
1791660630.072877 runnervmmprz5 zainod-0.10.1[3031]:     at packages/zaino-chain-head-service/src/service.rs:478
1791660630.072877 runnervmmprz5 zainod-0.10.1[3031]:     in zaino_chain_head_service::service::ChainHeadService::tick
1791660630.074751 runnervmmprz5 zainod-0.10.1[3031]:   19:30:30.074  INFO zaino_chain_head_service::service: Syncing block, height: 4382500, hash: 0000587d3f6b42f4e35a1234cbf8eed95814df9da03d642b13578e95989fe049
1791660630.074751 runnervmmprz5 zainod-0.10.1[3031]:     at packages/zaino-chain-head-service/src/service.rs:478
1791660630.074751 runnervmmprz5 zainod-0.10.1[3031]:     in zaino_chain_head_service::service::ChainHeadService::tick
1791660630.075582 runnervmmprz5 zainod-0.10.1[3031]:   19:30:30.075  INFO zaino_chain_head_service::service: Syncing block, height: 4382501, hash: 000071aba5eb311e645613ebfe71242505e6e3c0c8c142b64b6676c5deb46863
1791660630.075582 runnervmmprz5 zainod-0.10.1[3031]:     at packages/zaino-chain-head-service/src/service.rs:478
1791660630.075582 runnervmmprz5 zainod-0.10.1[3031]:     in zaino_chain_head_service::service::ChainHeadService::tick
1791660630.077152 runnervmmprz5 zainod-0.10.1[3031]:   19:30:30.077  INFO zaino_chain_head_service::service: Syncing block, height: 4382502, hash: 00003c8b97e0cc0332ec86a88c46e034cbc90b47f7ccb667c5a6029090ee7076
1791660630.077152 runnervmmprz5 zainod-0.10.1[3031]:     at packages/zaino-chain-head-service/src/service.rs:478
1791660630.077152 runnervmmprz5 zainod-0.10.1[3031]:     in zaino_chain_head_service::service::ChainHeadService::tick
1791660630.078734 runnervmmprz5 zainod-0.10.1[3031]:   19:30:30.078  INFO zaino_chain_head_service::service: Syncing block, height: 4382503, hash: 00006692dcd16059f766422342bd226e839609c15bb4ddec46c6304b7398bf19
1791660630.078734 runnervmmprz5 zainod-0.10.1[3031]:     at packages/zaino-chain-head-service/src/service.rs:478
1791660630.078734 runnervmmprz5 zainod-0.10.1[3031]:     in zaino_chain_head_service::service::ChainHeadService::tick
1791660630.080322 runnervmmprz5 zainod-0.10.1[3031]:   19:30:30.080  INFO zaino_chain_head_service::service: Syncing block, height: 4382504, hash: 00001c47cc31fc3a6d58be4153e71f739f3841d46da77fa5b836fe8e8fc937f2
1791660630.080322 runnervmmprz5 zainod-0.10.1[3031]:     at packages/zaino-chain-head-service/src/service.rs:478
1791660630.080322 runnervmmprz5 zainod-0.10.1[3031]:     in zaino_chain_head_service::service::ChainHeadService::tick
1791660630.086464 runnervmmprz5 zainod-0.10.1[3031]:   19:30:30.086  INFO zaino_chain_head_service::service: Syncing block, height: 4382505, hash: 00000322ec9411a9eb36486156c5054d1fd46708c01be59e9fbd57382dcfffc0
1791660630.086464 runnervmmprz5 zainod-0.10.1[3031]:     at packages/zaino-chain-head-service/src/service.rs:478
1791660630.086464 runnervmmprz5 zainod-0.10.1[3031]:     in zaino_chain_head_service::service::ChainHeadService::tick
1791660630.087651 runnervmmprz5 zainod-0.10.1[3031]:   19:30:30.087  INFO zaino_chain_head_service::service: Syncing block, height: 4382506, hash: 0000091a8b78a833bfb903aca9d7467e7f179e9fd23b5ee5fbbb32eeca42e433
1791660630.087651 runnervmmprz5 zainod-0.10.1[3031]:     at packages/zaino-chain-head-service/src/service.rs:478
1791660630.087651 runnervmmprz5 zainod-0.10.1[3031]:     in zaino_chain_head_service::service::ChainHeadService::tick
1791660630.088743 runnervmmprz5 zainod-0.10.1[3031]:   19:30:30.088  INFO zaino_chain_head_service::service: Syncing block, height: 4382507, hash: 00002e262d09f334785394a87822f7a45adedb839fcd31d234b4fb6d98783a8e
1791660630.088743 runnervmmprz5 zainod-0.10.1[3031]:     at packages/zaino-chain-head-service/src/service.rs:478
1791660630.088743 runnervmmprz5 zainod-0.10.1[3031]:     in zaino_chain_head_service::service::ChainHeadService::tick
1791660630.089780 runnervmmprz5 zainod-0.10.1[3031]:   19:30:30.089  INFO zaino_chain_head_service::service: Syncing block, height: 4382508, hash: 0000418a64dcc767f8dcc937f2574b0b23b9d281d9e0a908d2f8dc3930fb05fc
1791660630.089780 runnervmmprz5 zainod-0.10.1[3031]:     at packages/zaino-chain-head-service/src/service.rs:478
1791660630.089780 runnervmmprz5 zainod-0.10.1[3031]:     in zaino_chain_head_service::service::ChainHeadService::tick
1791660630.090757 runnervmmprz5 zainod-0.10.1[3031]:   19:30:30.090  INFO zaino_chain_head_service::service: Syncing block, height: 4382509, hash: 00004bb6a3d0089669b7a3400d065cdd64cc5d92535e463137b11a2f99b420c4
1791660630.090757 runnervmmprz5 zainod-0.10.1[3031]:     at packages/zaino-chain-head-service/src/service.rs:478
1791660630.090757 runnervmmprz5 zainod-0.10.1[3031]:     in zaino_chain_head_service::service::ChainHeadService::tick
1791660630.092374 runnervmmprz5 zainod-0.10.1[3031]:   19:30:30.092  INFO zaino_chain_head_service::service: Syncing block, height: 4382510, hash: 000013a6778b5cd1cb4ba80f11b66da5098a01888f26c4b27cc3f1104f087bfa
1791660630.092374 runnervmmprz5 zainod-0.10.1[3031]:     at packages/zaino-chain-head-service/src/service.rs:478
1791660630.092374 runnervmmprz5 zainod-0.10.1[3031]:     in zaino_chain_head_service::service::ChainHeadService::tick
1791660630.093788 runnervmmprz5 zainod-0.10.1[3031]:   19:30:30.093  INFO zaino_chain_head_service::service: Syncing block, height: 4382511, hash: 000041e717921de763a31824d6dd6cfceb1bef0a8031589002d8a0ed39a0cf54
1791660630.093788 runnervmmprz5 zainod-0.10.1[3031]:     at packages/zaino-chain-head-service/src/service.rs:478
1791660630.093788 runnervmmprz5 zainod-0.10.1[3031]:     in zaino_chain_head_service::service::ChainHeadService::tick
1791660630.094460 runnervmmprz5 zainod-0.10.1[3031]:   19:30:30.094  INFO zaino_chain_head_service::service: Syncing block, height: 4382512, hash: 000001fd5242179b85d9c97331415864f813685728bb0c68961e8aeacc919bb2
1791660630.094460 runnervmmprz5 zainod-0.10.1[3031]:     at packages/zaino-chain-head-service/src/service.rs:478
1791660630.094460 runnervmmprz5 zainod-0.10.1[3031]:     in zaino_chain_head_service::service::ChainHeadService::tick
1791660630.094935 runnervmmprz5 zainod-0.10.1[3031]:   19:30:30.094  INFO zaino_chain_head_service::service: Syncing block, height: 4382513, hash: 00004399ce6287ef4de98702015a041df7b28590c6a007c56ddd9ef7dddfc2fe
1791660630.094935 runnervmmprz5 zainod-0.10.1[3031]:     at packages/zaino-chain-head-service/src/service.rs:478
1791660630.094935 runnervmmprz5 zainod-0.10.1[3031]:     in zaino_chain_head_service::service::ChainHeadService::tick
1791660630.099632 runnervmmprz5 zainod-0.10.1[3031]:   19:30:30.099  INFO zaino_chain_head_service::service: Syncing block, height: 4382514, hash: 00001b3c051f4e267668a84d496ba82e867c9cb412489df067fcefc65fe6ac4e
1791660630.099632 runnervmmprz5 zainod-0.10.1[3031]:     at packages/zaino-chain-head-service/src/service.rs:478
1791660630.099632 runnervmmprz5 zainod-0.10.1[3031]:     in zaino_chain_head_service::service::ChainHeadService::tick
1791660630.100248 runnervmmprz5 zainod-0.10.1[3031]:   19:30:30.100  INFO zaino_chain_head_service::service: Syncing block, height: 4382515, hash: 00006e3e4c317142385fe0f07eab081d98ec64f00280eb91067a3e548720994e
1791660630.100248 runnervmmprz5 zainod-0.10.1[3031]:     at packages/zaino-chain-head-service/src/service.rs:478
1791660630.100248 runnervmmprz5 zainod-0.10.1[3031]:     in zaino_chain_head_service::service::ChainHeadService::tick
1791660630.100818 runnervmmprz5 zainod-0.10.1[3031]:   19:30:30.100  INFO zaino_chain_head_service::service: Syncing block, height: 4382516, hash: 000008ad102fa3c345983cc12a06f0362827054a509eb1a98e6b1f5bc50cdb0f
1791660630.100818 runnervmmprz5 zainod-0.10.1[3031]:     at packages/zaino-chain-head-service/src/service.rs:478
1791660630.100818 runnervmmprz5 zainod-0.10.1[3031]:     in zaino_chain_head_service::service::ChainHeadService::tick
1791660630.101719 runnervmmprz5 zainod-0.10.1[3031]:   19:30:30.101  INFO zaino_chain_head_service::service: Syncing block, height: 4382517, hash: 00007233c4a0e083004ee5e55859f530efa3720365938fac5f0e72500ba9af5d
1791660630.101719 runnervmmprz5 zainod-0.10.1[3031]:     at packages/zaino-chain-head-service/src/service.rs:478
1791660630.101719 runnervmmprz5 zainod-0.10.1[3031]:     in zaino_chain_head_service::service::ChainHeadService::tick
1791660630.102260 runnervmmprz5 zainod-0.10.1[3031]:   19:30:30.102  INFO zaino_chain_head_service::service: Syncing block, height: 4382518, hash: 00006bc5b05e110a77fe8e776fa49a315e2a5ed8a154048f889f2f82cf0affca
1791660630.102260 runnervmmprz5 zainod-0.10.1[3031]:     at packages/zaino-chain-head-service/src/service.rs:478
1791660630.102260 runnervmmprz5 zainod-0.10.1[3031]:     in zaino_chain_head_service::service::ChainHeadService::tick
1791660630.102967 runnervmmprz5 zainod-0.10.1[3031]:   19:30:30.102  INFO zaino_chain_head_service::service: Syncing block, height: 4382519, hash: 00002d1d546081b78abd1572cebad2c7e23814f1218c6d780276b374edfea019
1791660630.102967 runnervmmprz5 zainod-0.10.1[3031]:     at packages/zaino-chain-head-service/src/service.rs:478
1791660630.102967 runnervmmprz5 zainod-0.10.1[3031]:     in zaino_chain_head_service::service::ChainHeadService::tick
1791660630.104139 runnervmmprz5 zainod-0.10.1[3031]:   19:30:30.104  INFO zaino_chain_head_service::service: Syncing block, height: 4382520, hash: 00003f1c2d0fecb92cd703680e14a540b95ee981af6aba7000e0a924fe4cb1c7
1791660630.104139 runnervmmprz5 zainod-0.10.1[3031]:     at packages/zaino-chain-head-service/src/service.rs:478
1791660630.104139 runnervmmprz5 zainod-0.10.1[3031]:     in zaino_chain_head_service::service::ChainHeadService::tick
1791660630.105219 runnervmmprz5 zainod-0.10.1[3031]:   19:30:30.105  INFO zaino_chain_head_service::service: Syncing block, height: 4382521, hash: 0000524283d56f2a5b44db5c957b782719c732c7123fd13edca0f88c481b6549
1791660630.105219 runnervmmprz5 zainod-0.10.1[3031]:     at packages/zaino-chain-head-service/src/service.rs:478
1791660630.105219 runnervmmprz5 zainod-0.10.1[3031]:     in zaino_chain_head_service::service::ChainHeadService::tick
1791660630.107586 runnervmmprz5 zainod-0.10.1[3031]:   19:30:30.107  INFO zaino_chain_head_service::service: Syncing block, height: 4382522, hash: 00004e61c3d1e23e65ac260a0225de8554cdbfa4df408d315900502b713530d5
1791660630.107586 runnervmmprz5 zainod-0.10.1[3031]:     at packages/zaino-chain-head-service/src/service.rs:478
1791660630.107586 runnervmmprz5 zainod-0.10.1[3031]:     in zaino_chain_head_service::service::ChainHeadService::tick
1791660630.108085 runnervmmprz5 zainod-0.10.1[3031]:   19:30:30.108  INFO zaino_chain_head_service::service: Syncing block, height: 4382523, hash: 00005dbd1628fc5af11d919bba5be8bea17d4c767e4010eddd6e6cf41628a054
1791660630.108085 runnervmmprz5 zainod-0.10.1[3031]:     at packages/zaino-chain-head-service/src/service.rs:478
1791660630.108085 runnervmmprz5 zainod-0.10.1[3031]:     in zaino_chain_head_service::service::ChainHeadService::tick
1791660630.109065 runnervmmprz5 zainod-0.10.1[3031]:   19:30:30.108  INFO zaino_chain_head_service::service: Syncing block, height: 4382524, hash: 000045603e1ed261ff35e406f4f5fa45164f131aa2b422409edba1d68341f474
1791660630.109065 runnervmmprz5 zainod-0.10.1[3031]:     at packages/zaino-chain-head-service/src/service.rs:478
1791660630.109065 runnervmmprz5 zainod-0.10.1[3031]:     in zaino_chain_head_service::service::ChainHeadService::tick
1791660630.119718 runnervmmprz5 zainod-0.10.1[3031]:   19:30:30.119  INFO zaino_chain_head_service::service: Syncing block, height: 4382525, hash: 0000707963d5824942560e1acc68a10e6b681f810a59cf29cdeccb41a96e6830
1791660630.119718 runnervmmprz5 zainod-0.10.1[3031]:     at packages/zaino-chain-head-service/src/service.rs:478
1791660630.119718 runnervmmprz5 zainod-0.10.1[3031]:     in zaino_chain_head_service::service::ChainHeadService::tick
1791660630.120924 runnervmmprz5 zainod-0.10.1[3031]:   19:30:30.120  INFO zaino_chain_head_service::service: Syncing block, height: 4382526, hash: 0000461caebff56cc18b3b11d782984d1a486593b95ae855b32c9465fe2b9da1
1791660630.120924 runnervmmprz5 zainod-0.10.1[3031]:     at packages/zaino-chain-head-service/src/service.rs:478
1791660630.120924 runnervmmprz5 zainod-0.10.1[3031]:     in zaino_chain_head_service::service::ChainHeadService::tick
1791660630.122843 runnervmmprz5 zainod-0.10.1[3031]:   19:30:30.122  INFO zaino_chain_head_service::service: Syncing block, height: 4382527, hash: 000056d135c378cace41fb826c10880161f4da74cef239ba16ecc7279f4791a1
1791660630.122843 runnervmmprz5 zainod-0.10.1[3031]:     at packages/zaino-chain-head-service/src/service.rs:478
1791660630.122843 runnervmmprz5 zainod-0.10.1[3031]:     in zaino_chain_head_service::service::ChainHeadService::tick
1791660630.124403 runnervmmprz5 zainod-0.10.1[3031]:   19:30:30.124  INFO zaino_chain_head_service::service: Syncing block, height: 4382528, hash: 000035afe27b1f81ce328f2ea38e93b0f109b6f6a08888f160fd0def84489761
1791660630.124403 runnervmmprz5 zainod-0.10.1[3031]:     at packages/zaino-chain-head-service/src/service.rs:478
1791660630.124403 runnervmmprz5 zainod-0.10.1[3031]:     in zaino_chain_head_service::service::ChainHeadService::tick
1791660630.125263 runnervmmprz5 zainod-0.10.1[3031]:   19:30:30.125  INFO zaino_chain_head_service::service: Syncing block, height: 4382529, hash: 00007453381d71c9091319423d5a1f4a99d3a15475ea6919bf8fdd8dca696673
1791660630.125263 runnervmmprz5 zainod-0.10.1[3031]:     at packages/zaino-chain-head-service/src/service.rs:478
1791660630.125263 runnervmmprz5 zainod-0.10.1[3031]:     in zaino_chain_head_service::service::ChainHeadService::tick
1791660630.125924 runnervmmprz5 zainod-0.10.1[3031]:   19:30:30.125  INFO zaino_chain_head_service::service: Syncing block, height: 4382530, hash: 00005814af515684c9400b1c142879f1b780b7ecdda8fcb7f6ba86545b9c6ad9
1791660630.125924 runnervmmprz5 zainod-0.10.1[3031]:     at packages/zaino-chain-head-service/src/service.rs:478
1791660630.125924 runnervmmprz5 zainod-0.10.1[3031]:     in zaino_chain_head_service::service::ChainHeadService::tick
1791660630.126545 runnervmmprz5 zainod-0.10.1[3031]:   19:30:30.126  INFO zaino_chain_head_service::service: Syncing block, height: 4382531, hash: 00002ed0dfb76a65729c95251a0f95e63e158b065ddf674c31c302b5189b8c39
1791660630.126545 runnervmmprz5 zainod-0.10.1[3031]:     at packages/zaino-chain-head-service/src/service.rs:478
1791660630.126545 runnervmmprz5 zainod-0.10.1[3031]:     in zaino_chain_head_service::service::ChainHeadService::tick
1791660630.127249 runnervmmprz5 zainod-0.10.1[3031]:   19:30:30.127  INFO zaino_chain_head_service::service: Syncing block, height: 4382532, hash: 0000212511c70e0b2e73b6f687bcd04945815597fc76f1d0866fb0d0cc7bbe55
1791660630.127249 runnervmmprz5 zainod-0.10.1[3031]:     at packages/zaino-chain-head-service/src/service.rs:478
1791660630.127249 runnervmmprz5 zainod-0.10.1[3031]:     in zaino_chain_head_service::service::ChainHeadService::tick
1791660630.128197 runnervmmprz5 zainod-0.10.1[3031]:   19:30:30.128  INFO zaino_chain_head_service::service: Syncing block, height: 4382533, hash: 000063febd6db2d085b0de1070c5bc4321de9bfadaf14c2ddc18a013008fbbc6
1791660630.128197 runnervmmprz5 zainod-0.10.1[3031]:     at packages/zaino-chain-head-service/src/service.rs:478
1791660630.128197 runnervmmprz5 zainod-0.10.1[3031]:     in zaino_chain_head_service::service::ChainHeadService::tick
1791660630.142216 runnervmmprz5 zainod-0.10.1[3031]:   19:30:30.141  INFO zaino_chain_head_service::service: Syncing block, height: 4382534, hash: 00007afd02794479752598f38f0ce7e3e618a841242be2ae8cfc78fea56d97a5
1791660630.142216 runnervmmprz5 zainod-0.10.1[3031]:     at packages/zaino-chain-head-service/src/service.rs:478
1791660630.142216 runnervmmprz5 zainod-0.10.1[3031]:     in zaino_chain_head_service::service::ChainHeadService::tick
1791660630.142450 runnervmmprz5 zainod-0.10.1[3031]:   19:30:30.142  INFO zaino_chain_head_service::service: Syncing block, height: 4382535, hash: 00007496404d339a4e98e2abc1a6f397db19c5a9dd61ef5fc4879999ce420a32
1791660630.142450 runnervmmprz5 zainod-0.10.1[3031]:     at packages/zaino-chain-head-service/src/service.rs:478
1791660630.142450 runnervmmprz5 zainod-0.10.1[3031]:     in zaino_chain_head_service::service::ChainHeadService::tick
1791660630.142893 runnervmmprz5 zainod-0.10.1[3031]:   19:30:30.142  INFO zaino_chain_head_service::service: Syncing block, height: 4382536, hash: 0000129996b0cc4928e12a656988a3f7f4d3e144191bb949a63d283ef45f81fe
1791660630.142893 runnervmmprz5 zainod-0.10.1[3031]:     at packages/zaino-chain-head-service/src/service.rs:478
1791660630.142893 runnervmmprz5 zainod-0.10.1[3031]:     in zaino_chain_head_service::service::ChainHeadService::tick
1791660630.143844 runnervmmprz5 zainod-0.10.1[3031]:   19:30:30.143  INFO zaino_chain_head_service::service: Syncing block, height: 4382537, hash: 00000a4679830c888d722d1a4066261c9f2940b6e6f6e3218775695b010c84f0
1791660630.143844 runnervmmprz5 zainod-0.10.1[3031]:     at packages/zaino-chain-head-service/src/service.rs:478
1791660630.143844 runnervmmprz5 zainod-0.10.1[3031]:     in zaino_chain_head_service::service::ChainHeadService::tick
1791660630.144598 runnervmmprz5 zainod-0.10.1[3031]:   19:30:30.144  INFO zaino_chain_head_service::service: Syncing block, height: 4382538, hash: 00000cf02d1649ea2a1432f03f87f5c762d77e7e847ad128f039abac9513bc50
1791660630.144598 runnervmmprz5 zainod-0.10.1[3031]:     at packages/zaino-chain-head-service/src/service.rs:478
1791660630.144598 runnervmmprz5 zainod-0.10.1[3031]:     in zaino_chain_head_service::service::ChainHeadService::tick
1791660630.145454 runnervmmprz5 zainod-0.10.1[3031]:   19:30:30.145  INFO zaino_chain_head_service::service: Syncing block, height: 4382539, hash: 000012f3befb201045469583281ab7e82c116bdd6be4d14f7fb3afe8afd08bd2
1791660630.145454 runnervmmprz5 zainod-0.10.1[3031]:     at packages/zaino-chain-head-service/src/service.rs:478
1791660630.145454 runnervmmprz5 zainod-0.10.1[3031]:     in zaino_chain_head_service::service::ChainHeadService::tick
1791660630.146028 runnervmmprz5 zainod-0.10.1[3031]:   19:30:30.145  INFO zaino_chain_head_service::service: Syncing block, height: 4382540, hash: 00005479cc24a65a5825982e705b8340abac756c3991425133e05b640e73d221
1791660630.146028 runnervmmprz5 zainod-0.10.1[3031]:     at packages/zaino-chain-head-service/src/service.rs:478
1791660630.146028 runnervmmprz5 zainod-0.10.1[3031]:     in zaino_chain_head_service::service::ChainHeadService::tick
1791660630.148021 runnervmmprz5 zainod-0.10.1[3031]:   19:30:30.147  INFO zaino_chain_head_service::service: Syncing block, height: 4382541, hash: 000064ebccd932ed98add90374f64af68364dbb2d724a54c1c36c5f04e1e9458
1791660630.148021 runnervmmprz5 zainod-0.10.1[3031]:     at packages/zaino-chain-head-service/src/service.rs:478
1791660630.148021 runnervmmprz5 zainod-0.10.1[3031]:     in zaino_chain_head_service::service::ChainHeadService::tick
1791660630.149136 runnervmmprz5 zainod-0.10.1[3031]:   19:30:30.149  INFO zaino_chain_head_service::service: Syncing block, height: 4382542, hash: 000061b25b721070720e6d2ffb674c2e02b901f96f66abb021c639fe208a3671
1791660630.149136 runnervmmprz5 zainod-0.10.1[3031]:     at packages/zaino-chain-head-service/src/service.rs:478
1791660630.149136 runnervmmprz5 zainod-0.10.1[3031]:     in zaino_chain_head_service::service::ChainHeadService::tick
1791660630.150232 runnervmmprz5 zainod-0.10.1[3031]:   19:30:30.150  INFO zaino_chain_head_service::service: Syncing block, height: 4382543, hash: 00003dc63900b10cfe059e2e75c97726c59dc40fc23f1d513dd1fd4c753ccf5b
1791660630.150232 runnervmmprz5 zainod-0.10.1[3031]:     at packages/zaino-chain-head-service/src/service.rs:478
1791660630.150232 runnervmmprz5 zainod-0.10.1[3031]:     in zaino_chain_head_service::service::ChainHeadService::tick
1791660630.151784 runnervmmprz5 zainod-0.10.1[3031]:   19:30:30.151  INFO zaino_chain_head_service::service: Syncing block, height: 4382544, hash: 0000193bed285406cb9f21dac852842a81c7d9132faa712bfbfe2176b0462c51
1791660630.151784 runnervmmprz5 zainod-0.10.1[3031]:     at packages/zaino-chain-head-service/src/service.rs:478
1791660630.151784 runnervmmprz5 zainod-0.10.1[3031]:     in zaino_chain_head_service::service::ChainHeadService::tick
1791660630.152926 runnervmmprz5 zainod-0.10.1[3031]:   19:30:30.152  INFO zaino_chain_head_service::service: Syncing block, height: 4382545, hash: 0000396d65a06d9d1404a7e9b9815434324f33ffb4044d37a5fc2894b997a8c4
1791660630.152926 runnervmmprz5 zainod-0.10.1[3031]:     at packages/zaino-chain-head-service/src/service.rs:478
1791660630.152926 runnervmmprz5 zainod-0.10.1[3031]:     in zaino_chain_head_service::service::ChainHeadService::tick
1791660630.153716 runnervmmprz5 zainod-0.10.1[3031]:   19:30:30.153  INFO zaino_chain_head_service::service: Syncing block, height: 4382546, hash: 000074fedfda9c86e0c995d77dd48592decdab8cfb2c96cdf43629ca6d740354
1791660630.153716 runnervmmprz5 zainod-0.10.1[3031]:     at packages/zaino-chain-head-service/src/service.rs:478
1791660630.153716 runnervmmprz5 zainod-0.10.1[3031]:     in zaino_chain_head_service::service::ChainHeadService::tick
1791660630.154829 runnervmmprz5 zainod-0.10.1[3031]:   19:30:30.154  INFO zaino_chain_head_service::service: Syncing block, height: 4382547, hash: 000071af68bd03d10da1f6984402d3024b837bd92937defeb3c3903257aa6187
1791660630.154829 runnervmmprz5 zainod-0.10.1[3031]:     at packages/zaino-chain-head-service/src/service.rs:478
1791660630.154829 runnervmmprz5 zainod-0.10.1[3031]:     in zaino_chain_head_service::service::ChainHeadService::tick
1791660630.155339 runnervmmprz5 zainod-0.10.1[3031]:   19:30:30.155  INFO zaino_chain_head_service::service: Syncing block, height: 4382548, hash: 000027a08e56a8c94a3cf526987bd1d31cb3924b327b68417004cf4cecbdc829
1791660630.155339 runnervmmprz5 zainod-0.10.1[3031]:     at packages/zaino-chain-head-service/src/service.rs:478
1791660630.155339 runnervmmprz5 zainod-0.10.1[3031]:     in zaino_chain_head_service::service::ChainHeadService::tick
1791660630.155932 runnervmmprz5 zainod-0.10.1[3031]:   19:30:30.155  INFO zaino_chain_head_service::service: Syncing block, height: 4382549, hash: 000040c8c65c01b72d994a160d3e329b4fdca57b5b0684e19413f62d92a17ac6
1791660630.155932 runnervmmprz5 zainod-0.10.1[3031]:     at packages/zaino-chain-head-service/src/service.rs:478
1791660630.155932 runnervmmprz5 zainod-0.10.1[3031]:     in zaino_chain_head_service::service::ChainHeadService::tick
1791660630.157477 runnervmmprz5 zainod-0.10.1[3031]:   19:30:30.157  INFO zaino_chain_head_service::service: Syncing block, height: 4382550, hash: 00007ebece3ff8186e7259b7e3b1e73f900b1a7c6dc91fc3251767736b14e441
1791660630.157477 runnervmmprz5 zainod-0.10.1[3031]:     at packages/zaino-chain-head-service/src/service.rs:478
1791660630.157477 runnervmmprz5 zainod-0.10.1[3031]:     in zaino_chain_head_service::service::ChainHeadService::tick
1791660630.157991 runnervmmprz5 zainod-0.10.1[3031]:   19:30:30.157  INFO zaino_chain_head_service::service: Syncing block, height: 4382551, hash: 00003bf16c7b7a6fe532012afa5b634607ea5a75ab6be05005907ca52995cdfb
1791660630.157991 runnervmmprz5 zainod-0.10.1[3031]:     at packages/zaino-chain-head-service/src/service.rs:478
1791660630.157991 runnervmmprz5 zainod-0.10.1[3031]:     in zaino_chain_head_service::service::ChainHeadService::tick
1791660630.158535 runnervmmprz5 zainod-0.10.1[3031]:   19:30:30.158  INFO zaino_chain_head_service::service: Syncing block, height: 4382552, hash: 0000563d0bb04459ab9ae113e595c4a6f4e794c14b90a85452f274ae7e8a06fc
1791660630.158535 runnervmmprz5 zainod-0.10.1[3031]:     at packages/zaino-chain-head-service/src/service.rs:478
1791660630.158535 runnervmmprz5 zainod-0.10.1[3031]:     in zaino_chain_head_service::service::ChainHeadService::tick
1791660630.168697 runnervmmprz5 zainod-0.10.1[3031]:   19:30:30.168  INFO zaino_chain_head_service::service: Syncing block, height: 4382553, hash: 00007268b46de41217f5550b3db191eb8e60342960de38783a35af7624425861
1791660630.168697 runnervmmprz5 zainod-0.10.1[3031]:     at packages/zaino-chain-head-service/src/service.rs:478
1791660630.168697 runnervmmprz5 zainod-0.10.1[3031]:     in zaino_chain_head_service::service::ChainHeadService::tick
1791660630.171026 runnervmmprz5 zainod-0.10.1[3031]:   19:30:30.170  INFO zaino_chain_head_service::service: Syncing block, height: 4382554, hash: 000005a1881c3555ddb2a7edfdeb493aa518bc5b05148804cffeaa675f4c5568
1791660630.171026 runnervmmprz5 zainod-0.10.1[3031]:     at packages/zaino-chain-head-service/src/service.rs:478
1791660630.171026 runnervmmprz5 zainod-0.10.1[3031]:     in zaino_chain_head_service::service::ChainHeadService::tick
1791660630.172026 runnervmmprz5 zainod-0.10.1[3031]:   19:30:30.171  INFO zaino_chain_head_service::service: Syncing block, height: 4382555, hash: 0000650621f1a4fec330a6fc43c521feb5409325ba5c6f7d397b9d8ca7c0d9df
1791660630.172026 runnervmmprz5 zainod-0.10.1[3031]:     at packages/zaino-chain-head-service/src/service.rs:478
1791660630.172026 runnervmmprz5 zainod-0.10.1[3031]:     in zaino_chain_head_service::service::ChainHeadService::tick
1791660630.174670 runnervmmprz5 zainod-0.10.1[3031]:   19:30:30.174  INFO zaino_chain_head_service::service: Syncing block, height: 4382556, hash: 00001da4aa9abb597fec62797f6e390d2240b8ae7295cefc865c15de100b429b
1791660630.174670 runnervmmprz5 zainod-0.10.1[3031]:     at packages/zaino-chain-head-service/src/service.rs:478
1791660630.174670 runnervmmprz5 zainod-0.10.1[3031]:     in zaino_chain_head_service::service::ChainHeadService::tick
1791660630.175309 runnervmmprz5 zainod-0.10.1[3031]:   19:30:30.175  INFO zaino_chain_head_service::service: Syncing block, height: 4382557, hash: 000063b2db9211ff50e1ac4e948df0746cb5ffc33e5252e80bfaecbd1eb012e2
1791660630.175309 runnervmmprz5 zainod-0.10.1[3031]:     at packages/zaino-chain-head-service/src/service.rs:478
1791660630.175309 runnervmmprz5 zainod-0.10.1[3031]:     in zaino_chain_head_service::service::ChainHeadService::tick
1791660630.176729 runnervmmprz5 zainod-0.10.1[3031]:   19:30:30.176  INFO zaino_chain_head_service::service: Syncing block, height: 4382558, hash: 00000b79d91e1f154bfe931330c4db10e8ddfce74cfd2448db53a1155c2f8a90
1791660630.176729 runnervmmprz5 zainod-0.10.1[3031]:     at packages/zaino-chain-head-service/src/service.rs:478
1791660630.176729 runnervmmprz5 zainod-0.10.1[3031]:     in zaino_chain_head_service::service::ChainHeadService::tick
1791660630.177428 runnervmmprz5 zainod-0.10.1[3031]:   19:30:30.177  INFO zaino_chain_head_service::service: Syncing block, height: 4382559, hash: 00002d0c69ad18a5e95b6aa3acff877642f1ddfee9e4efc263d7f8079e692b95
1791660630.177428 runnervmmprz5 zainod-0.10.1[3031]:     at packages/zaino-chain-head-service/src/service.rs:478
1791660630.177428 runnervmmprz5 zainod-0.10.1[3031]:     in zaino_chain_head_service::service::ChainHeadService::tick
1791660630.178032 runnervmmprz5 zainod-0.10.1[3031]:   19:30:30.178  INFO zaino_chain_head_service::service: Syncing block, height: 4382560, hash: 0000583ba1f6e56f9766821277f194756bb0e5ea8aaa3721c069ed6d2d55d568
1791660630.178032 runnervmmprz5 zainod-0.10.1[3031]:     at packages/zaino-chain-head-service/src/service.rs:478
1791660630.178032 runnervmmprz5 zainod-0.10.1[3031]:     in zaino_chain_head_service::service::ChainHeadService::tick
1791660630.179976 runnervmmprz5 zainod-0.10.1[3031]:   19:30:30.179  INFO zaino_chain_head_service::service: Syncing block, height: 4382561, hash: 0000076e84bb47c63eb8d222bb983743ce1e59156b2ab8f0f4574b11f1ab9580
1791660630.179976 runnervmmprz5 zainod-0.10.1[3031]:     at packages/zaino-chain-head-service/src/service.rs:478
1791660630.179976 runnervmmprz5 zainod-0.10.1[3031]:     in zaino_chain_head_service::service::ChainHeadService::tick
1791660630.181303 runnervmmprz5 zainod-0.10.1[3031]:   19:30:30.181  INFO zaino_chain_head_service::service: Syncing block, height: 4382562, hash: 00000a97b05d4801f8a74dcba0fbf2c8074c5310b08e62611b344b72eb7973c9
1791660630.181303 runnervmmprz5 zainod-0.10.1[3031]:     at packages/zaino-chain-head-service/src/service.rs:478
1791660630.181303 runnervmmprz5 zainod-0.10.1[3031]:     in zaino_chain_head_service::service::ChainHeadService::tick
1791660630.181859 runnervmmprz5 zainod-0.10.1[3031]:   19:30:30.181  INFO zaino_chain_head_service::service: Syncing block, height: 4382563, hash: 000052fe71e56b644cacaed56621e08106f56d1dda4f9181022a379344b04c9d
1791660630.181859 runnervmmprz5 zainod-0.10.1[3031]:     at packages/zaino-chain-head-service/src/service.rs:478
1791660630.181859 runnervmmprz5 zainod-0.10.1[3031]:     in zaino_chain_head_service::service::ChainHeadService::tick
1791660630.183756 runnervmmprz5 zainod-0.10.1[3031]:   19:30:30.183  INFO zaino_chain_head_service::service: Syncing block, height: 4382564, hash: 000002cd1e1ad6c586f97aff6603c7a482f212a8d599b74c5144ff53980b0e17
1791660630.183756 runnervmmprz5 zainod-0.10.1[3031]:     at packages/zaino-chain-head-service/src/service.rs:478
1791660630.183756 runnervmmprz5 zainod-0.10.1[3031]:     in zaino_chain_head_service::service::ChainHeadService::tick
1791660630.185120 runnervmmprz5 zainod-0.10.1[3031]:   19:30:30.185  INFO zaino_chain_head_service::service: Syncing block, height: 4382565, hash: 00001eb04ea0a1f7cf6241bceedbd341a15ef0d74dfdc266a243877a11da6446
1791660630.185120 runnervmmprz5 zainod-0.10.1[3031]:     at packages/zaino-chain-head-service/src/service.rs:478
1791660630.185120 runnervmmprz5 zainod-0.10.1[3031]:     in zaino_chain_head_service::service::ChainHeadService::tick
1791660630.186257 runnervmmprz5 zainod-0.10.1[3031]:   19:30:30.186  INFO zaino_chain_head_service::service: Syncing block, height: 4382566, hash: 00000ce5e5e38fcc822b163c425a8b00cf79b034c5e6f3ecc9ce01cb9fdf2e68
1791660630.186257 runnervmmprz5 zainod-0.10.1[3031]:     at packages/zaino-chain-head-service/src/service.rs:478
1791660630.186257 runnervmmprz5 zainod-0.10.1[3031]:     in zaino_chain_head_service::service::ChainHeadService::tick
1791660630.197058 runnervmmprz5 zainod-0.10.1[3031]:   19:30:30.194  INFO zaino_chain_head_service::service: Syncing block, height: 4382567, hash: 00006a199f6c2d69b6e004af772225712ee6541efea9b92dd8a40e4758975b51
1791660630.197058 runnervmmprz5 zainod-0.10.1[3031]:     at packages/zaino-chain-head-service/src/service.rs:478
1791660630.197058 runnervmmprz5 zainod-0.10.1[3031]:     in zaino_chain_head_service::service::ChainHeadService::tick
1791660630.197058 runnervmmprz5 zainod-0.10.1[3031]:   19:30:30.196  INFO zaino_chain_head_service::service: Syncing block, height: 4382568, hash: 000036007fa7e781ccc797fd1e5b0a779a9296f804e2f79c132975f56033eb7a
1791660630.197058 runnervmmprz5 zainod-0.10.1[3031]:     at packages/zaino-chain-head-service/src/service.rs:478
1791660630.197058 runnervmmprz5 zainod-0.10.1[3031]:     in zaino_chain_head_service::service::ChainHeadService::tick
1791660630.198267 runnervmmprz5 zainod-0.10.1[3031]:   19:30:30.198  INFO zaino_chain_head_service::service: Syncing block, height: 4382569, hash: 00003de4928572605a10111404d3c702241891f0dd7c8d684a0ab57efd54e255
1791660630.198267 runnervmmprz5 zainod-0.10.1[3031]:     at packages/zaino-chain-head-service/src/service.rs:478
1791660630.198267 runnervmmprz5 zainod-0.10.1[3031]:     in zaino_chain_head_service::service::ChainHeadService::tick
1791660630.199413 runnervmmprz5 zainod-0.10.1[3031]:   19:30:30.199  INFO zaino_chain_head_service::service: Syncing block, height: 4382570, hash: 000036b2755554dbd6f7b324aabaf922a6da991a5a109edbbb8c10f0b4518faf
1791660630.199413 runnervmmprz5 zainod-0.10.1[3031]:     at packages/zaino-chain-head-service/src/service.rs:478
1791660630.199413 runnervmmprz5 zainod-0.10.1[3031]:     in zaino_chain_head_service::service::ChainHeadService::tick
1791660630.199863 runnervmmprz5 zainod-0.10.1[3031]:   19:30:30.199  INFO zaino_chain_head_service::service: Syncing block, height: 4382571, hash: 0000165657fb59c070339488b6fb03576af6d9baeb607d70cc520437050b84b0
1791660630.199863 runnervmmprz5 zainod-0.10.1[3031]:     at packages/zaino-chain-head-service/src/service.rs:478
1791660630.199863 runnervmmprz5 zainod-0.10.1[3031]:     in zaino_chain_head_service::service::ChainHeadService::tick
1791660630.200708 runnervmmprz5 zainod-0.10.1[3031]:   19:30:30.200  INFO zaino_chain_head_service::service: Syncing block, height: 4382572, hash: 0000642b1414878139da00deecbf306ac743337d4ab882ae666cea67b6034c1c
1791660630.200708 runnervmmprz5 zainod-0.10.1[3031]:     at packages/zaino-chain-head-service/src/service.rs:478
1791660630.200708 runnervmmprz5 zainod-0.10.1[3031]:     in zaino_chain_head_service::service::ChainHeadService::tick
1791660630.201023 runnervmmprz5 zainod-0.10.1[3031]:   19:30:30.200  INFO zaino_chain_head_service::service: Syncing block, height: 4382573, hash: 0000725ce528045d5a891915c319d39537cbf70c3577dd144117496ca6d0ccfc
1791660630.201023 runnervmmprz5 zainod-0.10.1[3031]:     at packages/zaino-chain-head-service/src/service.rs:478
1791660630.201023 runnervmmprz5 zainod-0.10.1[3031]:     in zaino_chain_head_service::service::ChainHeadService::tick
1791660630.201830 runnervmmprz5 zainod-0.10.1[3031]:   19:30:30.201  INFO zaino_chain_head_service::service: Syncing block, height: 4382574, hash: 000005f1149f016347c0b0ada2c89148f31448a1a8852ca8f5d33ad1c978c0c4
1791660630.201830 runnervmmprz5 zainod-0.10.1[3031]:     at packages/zaino-chain-head-service/src/service.rs:478
1791660630.201830 runnervmmprz5 zainod-0.10.1[3031]:     in zaino_chain_head_service::service::ChainHeadService::tick
1791660630.202502 runnervmmprz5 zainod-0.10.1[3031]:   19:30:30.202  INFO zaino_chain_head_service::service: Syncing block, height: 4382575, hash: 00001980454f59dfa2c5ed91968cbadcd46f4ced416decec7f188cf21f60be57
1791660630.202502 runnervmmprz5 zainod-0.10.1[3031]:     at packages/zaino-chain-head-service/src/service.rs:478
1791660630.202502 runnervmmprz5 zainod-0.10.1[3031]:     in zaino_chain_head_service::service::ChainHeadService::tick
1791660630.211606 runnervmmprz5 zainod-0.10.1[3031]:   19:30:30.211  INFO zaino_chain_head_service::service: Syncing block, height: 4382576, hash: 00003d9103dd05eee44d28aeff2a9de254151f888d6d8e58a3912aa80b8e896d
1791660630.211606 runnervmmprz5 zainod-0.10.1[3031]:     at packages/zaino-chain-head-service/src/service.rs:478
1791660630.211606 runnervmmprz5 zainod-0.10.1[3031]:     in zaino_chain_head_service::service::ChainHeadService::tick
1791660630.212271 runnervmmprz5 zainod-0.10.1[3031]:   19:30:30.212  INFO zaino_chain_head_service::service: Syncing block, height: 4382577, hash: 0000689fa6ee7b1dddc2c035ba3eb48bf1fd97fd8726b4ddf18726623365e053
1791660630.212271 runnervmmprz5 zainod-0.10.1[3031]:     at packages/zaino-chain-head-service/src/service.rs:478
1791660630.212271 runnervmmprz5 zainod-0.10.1[3031]:     in zaino_chain_head_service::service::ChainHeadService::tick
1791660630.212810 runnervmmprz5 zainod-0.10.1[3031]:   19:30:30.212  INFO zaino_chain_head_service::service: Syncing block, height: 4382578, hash: 000045dccaf50895b8f9f2a3bb2111649cff9e28cfc8552f9afde7d25c1631fd
1791660630.212810 runnervmmprz5 zainod-0.10.1[3031]:     at packages/zaino-chain-head-service/src/service.rs:478
1791660630.212810 runnervmmprz5 zainod-0.10.1[3031]:     in zaino_chain_head_service::service::ChainHeadService::tick
1791660630.214638 runnervmmprz5 zainod-0.10.1[3031]:   19:30:30.214  INFO zaino_chain_head_service::service: Syncing block, height: 4382579, hash: 0000030d5a1e33915701e3daa4a0dc391071fd7c1232066b89baae26b04f7d33
1791660630.214638 runnervmmprz5 zainod-0.10.1[3031]:     at packages/zaino-chain-head-service/src/service.rs:478
1791660630.214638 runnervmmprz5 zainod-0.10.1[3031]:     in zaino_chain_head_service::service::ChainHeadService::tick
1791660630.215334 runnervmmprz5 zainod-0.10.1[3031]:   19:30:30.215  INFO zaino_chain_head_service::service: Syncing block, height: 4382580, hash: 0000301d797eb2448e1c048eeaac0fef474de2b912662330903cf455d56beb8f
1791660630.215334 runnervmmprz5 zainod-0.10.1[3031]:     at packages/zaino-chain-head-service/src/service.rs:478
1791660630.215334 runnervmmprz5 zainod-0.10.1[3031]:     in zaino_chain_head_service::service::ChainHeadService::tick
1791660630.216207 runnervmmprz5 zainod-0.10.1[3031]:   19:30:30.216  INFO zaino_chain_head_service::service: Syncing block, height: 4382581, hash: 000028f180c27da4cba69530983eb0c6b2d69a98fc385a615461fd3fe58a3fe1
1791660630.216207 runnervmmprz5 zainod-0.10.1[3031]:     at packages/zaino-chain-head-service/src/service.rs:478
1791660630.216207 runnervmmprz5 zainod-0.10.1[3031]:     in zaino_chain_head_service::service::ChainHeadService::tick
1791660630.219287 runnervmmprz5 zainod-0.10.1[3031]:   19:30:30.219  INFO zaino_chain_head_service::service: Syncing block, height: 4382582, hash: 00001a3658a42d9c3e9d7213557272dc34b8605d7b792fe2c5760b9e9969070e
1791660630.219287 runnervmmprz5 zainod-0.10.1[3031]:     at packages/zaino-chain-head-service/src/service.rs:478
1791660630.219287 runnervmmprz5 zainod-0.10.1[3031]:     in zaino_chain_head_service::service::ChainHeadService::tick
1791660630.222000 runnervmmprz5 zainod-0.10.1[3031]:   19:30:30.221  INFO zaino_chain_head_service::service: Syncing block, height: 4382583, hash: 00004eb6418b5338eff67cef8f1bc1d24397a8f4e0d61992ee9025b03e8b063c
1791660630.222000 runnervmmprz5 zainod-0.10.1[3031]:     at packages/zaino-chain-head-service/src/service.rs:478
1791660630.222000 runnervmmprz5 zainod-0.10.1[3031]:     in zaino_chain_head_service::service::ChainHeadService::tick
1791660630.222874 runnervmmprz5 zainod-0.10.1[3031]:   19:30:30.222  INFO zaino_chain_head_service::service: Syncing block, height: 4382584, hash: 000015ea09763324a7d0d155ff435f5541b72c679617ba7e63d60fd81419d150
1791660630.222874 runnervmmprz5 zainod-0.10.1[3031]:     at packages/zaino-chain-head-service/src/service.rs:478
1791660630.222874 runnervmmprz5 zainod-0.10.1[3031]:     in zaino_chain_head_service::service::ChainHeadService::tick
1791660630.223294 runnervmmprz5 zainod-0.10.1[3031]:   19:30:30.223  INFO zaino_chain_head_service::service: Syncing block, height: 4382585, hash: 00001052124256cad108c66594d4a8074c58ae7a569650af4bbd51480c03f12c
1791660630.223294 runnervmmprz5 zainod-0.10.1[3031]:     at packages/zaino-chain-head-service/src/service.rs:478
1791660630.223294 runnervmmprz5 zainod-0.10.1[3031]:     in zaino_chain_head_service::service::ChainHeadService::tick
1791660630.224223 runnervmmprz5 zainod-0.10.1[3031]:   19:30:30.224  INFO zaino_chain_head_service::service: Syncing block, height: 4382586, hash: 0000643a190288c613530d02df31923c7a09de45fdfc214074a1ccf0aacc386e
1791660630.224223 runnervmmprz5 zainod-0.10.1[3031]:     at packages/zaino-chain-head-service/src/service.rs:478
1791660630.224223 runnervmmprz5 zainod-0.10.1[3031]:     in zaino_chain_head_service::service::ChainHeadService::tick
1791660630.232327 runnervmmprz5 zainod-0.10.1[3031]:   19:30:30.232  INFO zaino_chain_head_service::service: Syncing block, height: 4382587, hash: 00004a06e549c3b7aa080e1f69911710754d68353b9c710ffd0a453f44a3d7a0
1791660630.232327 runnervmmprz5 zainod-0.10.1[3031]:     at packages/zaino-chain-head-service/src/service.rs:478
1791660630.232327 runnervmmprz5 zainod-0.10.1[3031]:     in zaino_chain_head_service::service::ChainHeadService::tick
1791660630.233062 runnervmmprz5 zainod-0.10.1[3031]:   19:30:30.232  INFO zaino_chain_head_service::service: Syncing block, height: 4382588, hash: 00002f5b1051f36dfbf49c0b650afea26ea895dbb40abaf4fc651796fac4529c
1791660630.233062 runnervmmprz5 zainod-0.10.1[3031]:     at packages/zaino-chain-head-service/src/service.rs:478
1791660630.233062 runnervmmprz5 zainod-0.10.1[3031]:     in zaino_chain_head_service::service::ChainHeadService::tick
1791660630.233778 runnervmmprz5 zainod-0.10.1[3031]:   19:30:30.233  INFO zaino_chain_head_service::service: Syncing block, height: 4382589, hash: 0000653ba872145ed5a932445fae5be9f969590e4c12a306054df541da530f67
1791660630.233778 runnervmmprz5 zainod-0.10.1[3031]:     at packages/zaino-chain-head-service/src/service.rs:478
1791660630.233778 runnervmmprz5 zainod-0.10.1[3031]:     in zaino_chain_head_service::service::ChainHeadService::tick
1791660630.234328 runnervmmprz5 zainod-0.10.1[3031]:   19:30:30.234  INFO zaino_chain_head_service::service: Syncing block, height: 4382590, hash: 0000729af070f045cbb7bec10f90f7a3a0439a24e167d9f7574e6cfb46285da6
1791660630.234328 runnervmmprz5 zainod-0.10.1[3031]:     at packages/zaino-chain-head-service/src/service.rs:478
1791660630.234328 runnervmmprz5 zainod-0.10.1[3031]:     in zaino_chain_head_service::service::ChainHeadService::tick
1791660630.235523 runnervmmprz5 zainod-0.10.1[3031]:   19:30:30.235  INFO zaino_chain_head_service::service: Syncing block, height: 4382591, hash: 00005424f408a2d10f5593e4e4f73968367c6c14f772a4aaff071da0b8f6cfc5
1791660630.235523 runnervmmprz5 zainod-0.10.1[3031]:     at packages/zaino-chain-head-service/src/service.rs:478
1791660630.235523 runnervmmprz5 zainod-0.10.1[3031]:     in zaino_chain_head_service::service::ChainHeadService::tick
1791660630.237174 runnervmmprz5 zainod-0.10.1[3031]:   19:30:30.237  INFO zaino_chain_head_service::service: Syncing block, height: 4382592, hash: 000032257ecb09b497e0c26772eff34a77c273c505833e71dfbb195fd555c48a
1791660630.237174 runnervmmprz5 zainod-0.10.1[3031]:     at packages/zaino-chain-head-service/src/service.rs:478
1791660630.237174 runnervmmprz5 zainod-0.10.1[3031]:     in zaino_chain_head_service::service::ChainHeadService::tick
1791660630.239343 runnervmmprz5 zainod-0.10.1[3031]:   19:30:30.239  INFO zaino_chain_head_service::service: Syncing block, height: 4382593, hash: 00006a4acf2cadd987f1c6d8e18b096daa282d1be0a785dfb0374b243cfe8bce
1791660630.239343 runnervmmprz5 zainod-0.10.1[3031]:     at packages/zaino-chain-head-service/src/service.rs:478
1791660630.239343 runnervmmprz5 zainod-0.10.1[3031]:     in zaino_chain_head_service::service::ChainHeadService::tick
1791660630.240170 runnervmmprz5 zainod-0.10.1[3031]:   19:30:30.240  INFO zaino_chain_head_service::service: Syncing block, height: 4382594, hash: 00006c3b9c3941a2d24accb92037fc2c3e1e2026ba5adeb3ee74f405977574dd
1791660630.240170 runnervmmprz5 zainod-0.10.1[3031]:     at packages/zaino-chain-head-service/src/service.rs:478
1791660630.240170 runnervmmprz5 zainod-0.10.1[3031]:     in zaino_chain_head_service::service::ChainHeadService::tick
1791660630.240825 runnervmmprz5 zainod-0.10.1[3031]:   19:30:30.240  INFO zaino_chain_head_service::service: Syncing block, height: 4382595, hash: 00005f9e5def4499b510f3d840ae31045a915c3eaf499a9dab4ddb1857af30f8
1791660630.240825 runnervmmprz5 zainod-0.10.1[3031]:     at packages/zaino-chain-head-service/src/service.rs:478
1791660630.240825 runnervmmprz5 zainod-0.10.1[3031]:     in zaino_chain_head_service::service::ChainHeadService::tick
1791660630.257358 runnervmmprz5 zainod-0.10.1[3031]:   19:30:30.257  INFO zaino_chain_head_service::service: Syncing block, height: 4382596, hash: 000066f1615c6f1d2f67865239c4d82717aaca101515a92a053962338153d0e1
1791660630.257358 runnervmmprz5 zainod-0.10.1[3031]:     at packages/zaino-chain-head-service/src/service.rs:478
1791660630.257358 runnervmmprz5 zainod-0.10.1[3031]:     in zaino_chain_head_service::service::ChainHeadService::tick
1791660630.257781 runnervmmprz5 zainod-0.10.1[3031]:   19:30:30.257  INFO zaino_chain_head_service::service: Syncing block, height: 4382597, hash: 000060fbe6ec62ea43ff78fb215dcd0247f98e9b17476594e4caf729931d9b23
1791660630.257781 runnervmmprz5 zainod-0.10.1[3031]:     at packages/zaino-chain-head-service/src/service.rs:478
1791660630.257781 runnervmmprz5 zainod-0.10.1[3031]:     in zaino_chain_head_service::service::ChainHeadService::tick
1791660630.258498 runnervmmprz5 zainod-0.10.1[3031]:   19:30:30.258  INFO zaino_chain_head_service::service: Syncing block, height: 4382598, hash: 00004ae49c20119e40f19cf8abf3a7f36cfaa216b45099261a61ce8b1ae90fdd
1791660630.258498 runnervmmprz5 zainod-0.10.1[3031]:     at packages/zaino-chain-head-service/src/service.rs:478
1791660630.258498 runnervmmprz5 zainod-0.10.1[3031]:     in zaino_chain_head_service::service::ChainHeadService::tick
1791660630.259792 runnervmmprz5 zainod-0.10.1[3031]:   19:30:30.259  INFO zaino_chain_head_service::service: Syncing block, height: 4382599, hash: 00000ee32adc29dd92c319c556197123c37430cb5f2e13e1380c8d66aa351464
1791660630.259792 runnervmmprz5 zainod-0.10.1[3031]:     at packages/zaino-chain-head-service/src/service.rs:478
1791660630.259792 runnervmmprz5 zainod-0.10.1[3031]:     in zaino_chain_head_service::service::ChainHeadService::tick
1791660630.260452 runnervmmprz5 zainod-0.10.1[3031]:   19:30:30.260  INFO zaino_chain_head_service::service: Syncing block, height: 4382600, hash: 0000594595d738e2054c9b997865549c5ce4b7ee406380b582969f334d98c24b
1791660630.260452 runnervmmprz5 zainod-0.10.1[3031]:     at packages/zaino-chain-head-service/src/service.rs:478
1791660630.260452 runnervmmprz5 zainod-0.10.1[3031]:     in zaino_chain_head_service::service::ChainHeadService::tick
1791660630.261304 runnervmmprz5 zainod-0.10.1[3031]:   19:30:30.261  INFO zaino_chain_head_service::service: Syncing block, height: 4382601, hash: 000055dfa637271081f4063e7e381a09df66e8e6cf2e7accde3b8f09b2f9412a
1791660630.261304 runnervmmprz5 zainod-0.10.1[3031]:     at packages/zaino-chain-head-service/src/service.rs:478
1791660630.261304 runnervmmprz5 zainod-0.10.1[3031]:     in zaino_chain_head_service::service::ChainHeadService::tick
1791660630.263072 runnervmmprz5 zainod-0.10.1[3031]:   19:30:30.262  INFO zaino_chain_head_service::service: Syncing block, height: 4382602, hash: 00005057f845a6a57b7828c3dcb567d6a656feed604b88d9fc04ae398faa8ac5
1791660630.263072 runnervmmprz5 zainod-0.10.1[3031]:     at packages/zaino-chain-head-service/src/service.rs:478
1791660630.263072 runnervmmprz5 zainod-0.10.1[3031]:     in zaino_chain_head_service::service::ChainHeadService::tick
1791660630.263350 runnervmmprz5 zainod-0.10.1[3031]:   19:30:30.263  INFO zaino_chain_head_service::service: Syncing block, height: 4382603, hash: 0000460c372c86dc3cf6c4a2e9f465aa558a6c9fc2f1ad77ac2b118496cab834
1791660630.263350 runnervmmprz5 zainod-0.10.1[3031]:     at packages/zaino-chain-head-service/src/service.rs:478
1791660630.263350 runnervmmprz5 zainod-0.10.1[3031]:     in zaino_chain_head_service::service::ChainHeadService::tick
1791660630.263900 runnervmmprz5 zainod-0.10.1[3031]:   19:30:30.263  INFO zaino_chain_head_service::service: Syncing block, height: 4382604, hash: 00000ff89feea46bc5e2cc69d1f15ca00b7a66c7576abad179531be589d169d2
1791660630.263900 runnervmmprz5 zainod-0.10.1[3031]:     at packages/zaino-chain-head-service/src/service.rs:478
1791660630.263900 runnervmmprz5 zainod-0.10.1[3031]:     in zaino_chain_head_service::service::ChainHeadService::tick
1791660630.264723 runnervmmprz5 zainod-0.10.1[3031]:   19:30:30.264  INFO zaino_chain_head_service::service: Syncing block, height: 4382605, hash: 000061f6d7f1025b208c6130db3d981c2e1acd5c90c61a5e2142802b663b504d
1791660630.264723 runnervmmprz5 zainod-0.10.1[3031]:     at packages/zaino-chain-head-service/src/service.rs:478
1791660630.264723 runnervmmprz5 zainod-0.10.1[3031]:     in zaino_chain_head_service::service::ChainHeadService::tick
1791660630.276281 runnervmmprz5 zainod-0.10.1[3031]:   19:30:30.276  INFO zaino_chain_head_service::service: Syncing block, height: 4382606, hash: 000052862a55511581a9171c62a8de88c93007e44daffe6e0a1c7234d10f06a7
1791660630.276281 runnervmmprz5 zainod-0.10.1[3031]:     at packages/zaino-chain-head-service/src/service.rs:478
1791660630.276281 runnervmmprz5 zainod-0.10.1[3031]:     in zaino_chain_head_service::service::ChainHeadService::tick
1791660630.276844 runnervmmprz5 zainod-0.10.1[3031]:   19:30:30.276  INFO zaino_chain_head_service::service: Syncing block, height: 4382607, hash: 000071f599aa84b3a40d05fc35fc65bd941c37347f9ab995fea68a3f8dbecb84
1791660630.276844 runnervmmprz5 zainod-0.10.1[3031]:     at packages/zaino-chain-head-service/src/service.rs:478
1791660630.276844 runnervmmprz5 zainod-0.10.1[3031]:     in zaino_chain_head_service::service::ChainHeadService::tick
1791660630.277661 runnervmmprz5 zainod-0.10.1[3031]:   19:30:30.277  INFO zaino_chain_head_service::service: Syncing block, height: 4382608, hash: 0000463e8dd4f6a646c2d993a4cc617f1d88990caf0e5a9256971a6b60123751
1791660630.277661 runnervmmprz5 zainod-0.10.1[3031]:     at packages/zaino-chain-head-service/src/service.rs:478
1791660630.277661 runnervmmprz5 zainod-0.10.1[3031]:     in zaino_chain_head_service::service::ChainHeadService::tick
1791660630.278387 runnervmmprz5 zainod-0.10.1[3031]:   19:30:30.278  INFO zaino_chain_head_service::service: Syncing block, height: 4382609, hash: 00004e608a03dcf0a6428394b401ebf6f9e024d4ae14103f3cf72276b0cf2c0f
1791660630.278387 runnervmmprz5 zainod-0.10.1[3031]:     at packages/zaino-chain-head-service/src/service.rs:478
1791660630.278387 runnervmmprz5 zainod-0.10.1[3031]:     in zaino_chain_head_service::service::ChainHeadService::tick
1791660630.279339 runnervmmprz5 zainod-0.10.1[3031]:   19:30:30.279  INFO zaino_chain_head_service::service: Syncing block, height: 4382610, hash: 000018be246283abddfebccb1ba5067be8af29cb93303ac969555c11e2c9b2e9
1791660630.279339 runnervmmprz5 zainod-0.10.1[3031]:     at packages/zaino-chain-head-service/src/service.rs:478
1791660630.279339 runnervmmprz5 zainod-0.10.1[3031]:     in zaino_chain_head_service::service::ChainHeadService::tick
1791660630.280267 runnervmmprz5 zainod-0.10.1[3031]:   19:30:30.280  INFO zaino_chain_head_service::service: Syncing block, height: 4382611, hash: 00003bd90109794491cac1cc5181f924d9a559aa6c6d56314da8f086605d0d20
1791660630.280267 runnervmmprz5 zainod-0.10.1[3031]:     at packages/zaino-chain-head-service/src/service.rs:478
1791660630.280267 runnervmmprz5 zainod-0.10.1[3031]:     in zaino_chain_head_service::service::ChainHeadService::tick
1791660630.281038 runnervmmprz5 zainod-0.10.1[3031]:   19:30:30.280  INFO zaino_chain_head_service::service: Syncing block, height: 4382612, hash: 00002a1a394bffb83fd46f69f2e010467b00015a6170cec0daf0de90c15e805a
1791660630.281038 runnervmmprz5 zainod-0.10.1[3031]:     at packages/zaino-chain-head-service/src/service.rs:478
1791660630.281038 runnervmmprz5 zainod-0.10.1[3031]:     in zaino_chain_head_service::service::ChainHeadService::tick
1791660630.282087 runnervmmprz5 zainod-0.10.1[3031]:   19:30:30.282  INFO zaino_chain_head_service::service: Syncing block, height: 4382613, hash: 00003db8052622e78f89d2c0b1bf874bfd0a3f4e9a25312f1aa2a84dce236ab0
1791660630.282087 runnervmmprz5 zainod-0.10.1[3031]:     at packages/zaino-chain-head-service/src/service.rs:478
1791660630.282087 runnervmmprz5 zainod-0.10.1[3031]:     in zaino_chain_head_service::service::ChainHeadService::tick
1791660630.294062 runnervmmprz5 zainod-0.10.1[3031]:   19:30:30.293  INFO zaino_chain_head_service::service: Syncing block, height: 4382614, hash: 0000551e972354db790231f05e75b1ade4dcaaffcd2c6f65bbff32e1dc662fe0
1791660630.294062 runnervmmprz5 zainod-0.10.1[3031]:     at packages/zaino-chain-head-service/src/service.rs:478
1791660630.294062 runnervmmprz5 zainod-0.10.1[3031]:     in zaino_chain_head_service::service::ChainHeadService::tick
1791660630.295006 runnervmmprz5 zainod-0.10.1[3031]:   19:30:30.294  INFO zaino_chain_head_service::service: Syncing block, height: 4382615, hash: 00011f9c2db474d5541dffafe018c755bd8a02ec19bf45d4caee6d71c34b0d54
1791660630.295006 runnervmmprz5 zainod-0.10.1[3031]:     at packages/zaino-chain-head-service/src/service.rs:478
1791660630.295006 runnervmmprz5 zainod-0.10.1[3031]:     in zaino_chain_head_service::service::ChainHeadService::tick
1791660630.295863 runnervmmprz5 zainod-0.10.1[3031]:   19:30:30.295  INFO zaino_chain_head_service::service: Syncing block, height: 4382616, hash: 00005c60eb8d274f5181870e753a091b666074e3b5171a3336c025bbbd312eb2
1791660630.295863 runnervmmprz5 zainod-0.10.1[3031]:     at packages/zaino-chain-head-service/src/service.rs:478
1791660630.295863 runnervmmprz5 zainod-0.10.1[3031]:     in zaino_chain_head_service::service::ChainHeadService::tick
1791660630.296522 runnervmmprz5 zainod-0.10.1[3031]:   19:30:30.296  INFO zaino_chain_head_service::service: Syncing block, height: 4382617, hash: 0000147b95e237af9bca0981ea67b819dd250c819e2098daf2fef03de83792fa
1791660630.296522 runnervmmprz5 zainod-0.10.1[3031]:     at packages/zaino-chain-head-service/src/service.rs:478
1791660630.296522 runnervmmprz5 zainod-0.10.1[3031]:     in zaino_chain_head_service::service::ChainHeadService::tick
1791660630.297293 runnervmmprz5 zainod-0.10.1[3031]:   19:30:30.297  INFO zaino_chain_head_service::service: Syncing block, height: 4382618, hash: 000015f6e1ed1f8ba5107cba65bbdcfbd20bd148cda6ae3c8020de1b61d6236f
1791660630.297293 runnervmmprz5 zainod-0.10.1[3031]:     at packages/zaino-chain-head-service/src/service.rs:478
1791660630.297293 runnervmmprz5 zainod-0.10.1[3031]:     in zaino_chain_head_service::service::ChainHeadService::tick
1791660630.298692 runnervmmprz5 zainod-0.10.1[3031]:   19:30:30.298  INFO zaino_chain_head_service::service: Syncing block, height: 4382619, hash: 00000bc0bec815fe1809bccea88624320b0ff7056fac76aa01bb1a2cc42cf3e4
1791660630.298692 runnervmmprz5 zainod-0.10.1[3031]:     at packages/zaino-chain-head-service/src/service.rs:478
1791660630.298692 runnervmmprz5 zainod-0.10.1[3031]:     in zaino_chain_head_service::service::ChainHeadService::tick
1791660630.300297 runnervmmprz5 zainod-0.10.1[3031]:   19:30:30.300  INFO zaino_chain_head_service::service: Syncing block, height: 4382620, hash: 000073a4c33fc990af917704d6415b308ae06e47d7d6e8ad1f8884cd0bfab5e8
1791660630.300297 runnervmmprz5 zainod-0.10.1[3031]:     at packages/zaino-chain-head-service/src/service.rs:478
1791660630.300297 runnervmmprz5 zainod-0.10.1[3031]:     in zaino_chain_head_service::service::ChainHeadService::tick
1791660630.300900 runnervmmprz5 zainod-0.10.1[3031]:   19:30:30.300  INFO zaino_chain_head_service::service: Syncing block, height: 4382621, hash: 0000417d402a9665a85a117b6c4d7b59dfda25ea8a231815338b3c8f835280d1
1791660630.300900 runnervmmprz5 zainod-0.10.1[3031]:     at packages/zaino-chain-head-service/src/service.rs:478
1791660630.300900 runnervmmprz5 zainod-0.10.1[3031]:     in zaino_chain_head_service::service::ChainHeadService::tick
1791660630.301399 runnervmmprz5 zainod-0.10.1[3031]:   19:30:30.301  INFO zaino_chain_head_service::service: Syncing block, height: 4382622, hash: 00004f7a30b21111250f44c5e452c604492669169fb1d139c368efdbdbbbfcba
1791660630.301399 runnervmmprz5 zainod-0.10.1[3031]:     at packages/zaino-chain-head-service/src/service.rs:478
1791660630.301399 runnervmmprz5 zainod-0.10.1[3031]:     in zaino_chain_head_service::service::ChainHeadService::tick
1791660630.302482 runnervmmprz5 zainod-0.10.1[3031]:   19:30:30.302  INFO zaino_chain_head_service::service: Syncing block, height: 4382623, hash: 0000728ae0cde1681d7a2dee328411bb9f292bbef25eeccb94809e744a10f7ce
1791660630.302482 runnervmmprz5 zainod-0.10.1[3031]:     at packages/zaino-chain-head-service/src/service.rs:478
1791660630.302482 runnervmmprz5 zainod-0.10.1[3031]:     in zaino_chain_head_service::service::ChainHeadService::tick
1791660630.303321 runnervmmprz5 zainod-0.10.1[3031]:   19:30:30.303  INFO zaino_chain_head_service::service: Syncing block, height: 4382624, hash: 00004c2b769e203d4951aaff8de375d1e2efb646dc01435369c601c8ce3053e8
1791660630.303321 runnervmmprz5 zainod-0.10.1[3031]:     at packages/zaino-chain-head-service/src/service.rs:478
1791660630.303321 runnervmmprz5 zainod-0.10.1[3031]:     in zaino_chain_head_service::service::ChainHeadService::tick
1791660630.312073 runnervmmprz5 zainod-0.10.1[3031]:   19:30:30.312  INFO zaino_chain_head_service::service: Syncing block, height: 4382625, hash: 00007c847b454e077e30ec7bb008d287832abefb984420dde07c9cddfd210f77
1791660630.312073 runnervmmprz5 zainod-0.10.1[3031]:     at packages/zaino-chain-head-service/src/service.rs:478
1791660630.312073 runnervmmprz5 zainod-0.10.1[3031]:     in zaino_chain_head_service::service::ChainHeadService::tick
1791660630.312714 runnervmmprz5 zainod-0.10.1[3031]:   19:30:30.312  INFO zaino_chain_head_service::service: Syncing block, height: 4382626, hash: 00004e5faecc7ccc07af49672a12989aafeddf58791d91c39e3916139e82f92c
1791660630.312714 runnervmmprz5 zainod-0.10.1[3031]:     at packages/zaino-chain-head-service/src/service.rs:478
1791660630.312714 runnervmmprz5 zainod-0.10.1[3031]:     in zaino_chain_head_service::service::ChainHeadService::tick
1791660630.313437 runnervmmprz5 zainod-0.10.1[3031]:   19:30:30.313  INFO zaino_chain_head_service::service: Syncing block, height: 4382627, hash: 00007954ad3289d4300169cd0edbdfceec1048d2a67cb1bc1ad5d84c20a1af49
1791660630.313437 runnervmmprz5 zainod-0.10.1[3031]:     at packages/zaino-chain-head-service/src/service.rs:478
1791660630.313437 runnervmmprz5 zainod-0.10.1[3031]:     in zaino_chain_head_service::service::ChainHeadService::tick
1791660630.314245 runnervmmprz5 zainod-0.10.1[3031]:   19:30:30.314  INFO zaino_chain_head_service::service: Syncing block, height: 4382628, hash: 000015fcda9a2ebe39bc8f459fa3f7aaeb960f10c3b135aa845cc89935e22689
1791660630.314245 runnervmmprz5 zainod-0.10.1[3031]:     at packages/zaino-chain-head-service/src/service.rs:478
1791660630.314245 runnervmmprz5 zainod-0.10.1[3031]:     in zaino_chain_head_service::service::ChainHeadService::tick
1791660630.314859 runnervmmprz5 zainod-0.10.1[3031]:   19:30:30.314  INFO zaino_chain_head_service::service: Syncing block, height: 4382629, hash: 00002de390ba5998dd13d046e33b55e2ae4ef20b8e17742c0b5b0c0e89a0ebf0
1791660630.314859 runnervmmprz5 zainod-0.10.1[3031]:     at packages/zaino-chain-head-service/src/service.rs:478
1791660630.314859 runnervmmprz5 zainod-0.10.1[3031]:     in zaino_chain_head_service::service::ChainHeadService::tick
1791660630.315504 runnervmmprz5 zainod-0.10.1[3031]:   19:30:30.315  INFO zaino_chain_head_service::service: Syncing block, height: 4382630, hash: 000044b71a19c9a4060ae31c8625d86f5ed086baff067c53e7db69de74c512ce
1791660630.315504 runnervmmprz5 zainod-0.10.1[3031]:     at packages/zaino-chain-head-service/src/service.rs:478
1791660630.315504 runnervmmprz5 zainod-0.10.1[3031]:     in zaino_chain_head_service::service::ChainHeadService::tick
1791660630.316557 runnervmmprz5 zainod-0.10.1[3031]:   19:30:30.316  INFO zaino_chain_head_service::service: Syncing block, height: 4382631, hash: 0000448bd5ed41823b440bc603b83d7186788e1f43793c5258ab006b962110d4
1791660630.316557 runnervmmprz5 zainod-0.10.1[3031]:     at packages/zaino-chain-head-service/src/service.rs:478
1791660630.316557 runnervmmprz5 zainod-0.10.1[3031]:     in zaino_chain_head_service::service::ChainHeadService::tick
1791660630.316944 runnervmmprz5 zainod-0.10.1[3031]:   19:30:30.316  INFO zaino_chain_head_service::service: Syncing block, height: 4382632, hash: 00006a7bd9002589e5a8f82704bb9bfea80cb5e8a6b6538a206c327fca4a0226
1791660630.316944 runnervmmprz5 zainod-0.10.1[3031]:     at packages/zaino-chain-head-service/src/service.rs:478
1791660630.316944 runnervmmprz5 zainod-0.10.1[3031]:     in zaino_chain_head_service::service::ChainHeadService::tick
1791660630.317740 runnervmmprz5 zainod-0.10.1[3031]:   19:30:30.317  INFO zaino_chain_head_service::service: Syncing block, height: 4382633, hash: 0000130cdabc9bcd4ee68a803816a0957b738c9a72c6750be5a08af6750faf6e
1791660630.317740 runnervmmprz5 zainod-0.10.1[3031]:     at packages/zaino-chain-head-service/src/service.rs:478
1791660630.317740 runnervmmprz5 zainod-0.10.1[3031]:     in zaino_chain_head_service::service::ChainHeadService::tick
1791660630.318294 runnervmmprz5 zainod-0.10.1[3031]:   19:30:30.318  INFO zaino_chain_head_service::service: Syncing block, height: 4382634, hash: 000000f98c96d29f6bba1a8f80c5effc02b0594c1d3696bff7b06105b0f13a37
1791660630.318294 runnervmmprz5 zainod-0.10.1[3031]:     at packages/zaino-chain-head-service/src/service.rs:478
1791660630.318294 runnervmmprz5 zainod-0.10.1[3031]:     in zaino_chain_head_service::service::ChainHeadService::tick
1791660630.319062 runnervmmprz5 zainod-0.10.1[3031]:   19:30:30.319  INFO zaino_chain_head_service::service: Syncing block, height: 4382635, hash: 0000638cf31ddedc1b432a1bbab7b577af0dd11cff9a10bdc62bcc19c8a64d59
1791660630.319062 runnervmmprz5 zainod-0.10.1[3031]:     at packages/zaino-chain-head-service/src/service.rs:478
1791660630.319062 runnervmmprz5 zainod-0.10.1[3031]:     in zaino_chain_head_service::service::ChainHeadService::tick
1791660630.319965 runnervmmprz5 zainod-0.10.1[3031]:   19:30:30.319  INFO zaino_chain_head_service::service: Syncing block, height: 4382636, hash: 00004707b86eb5fdeb23644b9b3670e522ef2894baaa406a41df1940b840526e
1791660630.319965 runnervmmprz5 zainod-0.10.1[3031]:     at packages/zaino-chain-head-service/src/service.rs:478
1791660630.319965 runnervmmprz5 zainod-0.10.1[3031]:     in zaino_chain_head_service::service::ChainHeadService::tick
1791660630.329440 runnervmmprz5 zainod-0.10.1[3031]:   19:30:30.329  INFO zaino_chain_head_service::service: Syncing block, height: 4382637, hash: 00007d51feab1379c6a0bd0768f5414d3008f7c38574d510385b1a53fbad29b3
1791660630.329440 runnervmmprz5 zainod-0.10.1[3031]:     at packages/zaino-chain-head-service/src/service.rs:478
1791660630.329440 runnervmmprz5 zainod-0.10.1[3031]:     in zaino_chain_head_service::service::ChainHeadService::tick
1791660630.330981 runnervmmprz5 zainod-0.10.1[3031]:   19:30:30.330  INFO zaino_chain_head_service::service: Syncing block, height: 4382638, hash: 0000017133d593b1b5c7fd6a9b3e268f8734bd32a853567d0c3dc31f48f53669
1791660630.330981 runnervmmprz5 zainod-0.10.1[3031]:     at packages/zaino-chain-head-service/src/service.rs:478
1791660630.330981 runnervmmprz5 zainod-0.10.1[3031]:     in zaino_chain_head_service::service::ChainHeadService::tick
1791660630.331593 runnervmmprz5 zainod-0.10.1[3031]:   19:30:30.331  INFO zaino_chain_head_service::service: Syncing block, height: 4382639, hash: 0000149f66bef9aafe740a80e893eeea2add7ca2fe3dbbde41c11096984fb8e2
1791660630.331593 runnervmmprz5 zainod-0.10.1[3031]:     at packages/zaino-chain-head-service/src/service.rs:478
1791660630.331593 runnervmmprz5 zainod-0.10.1[3031]:     in zaino_chain_head_service::service::ChainHeadService::tick
1791660630.332147 runnervmmprz5 zainod-0.10.1[3031]:   19:30:30.332  INFO zaino_chain_head_service::service: Syncing block, height: 4382640, hash: 0000342b40a6e1dc67768e7c167eac98fec87f9e9bd5ea0719e9fb400ed47066
1791660630.332147 runnervmmprz5 zainod-0.10.1[3031]:     at packages/zaino-chain-head-service/src/service.rs:478
1791660630.332147 runnervmmprz5 zainod-0.10.1[3031]:     in zaino_chain_head_service::service::ChainHeadService::tick
1791660630.333334 runnervmmprz5 zainod-0.10.1[3031]:   19:30:30.333  INFO zaino_chain_head_service::service: Syncing block, height: 4382641, hash: 0000228daa2acc2fff089e134f048800183085d5e264f116810741eb6a7e3f54
1791660630.333334 runnervmmprz5 zainod-0.10.1[3031]:     at packages/zaino-chain-head-service/src/service.rs:478
1791660630.333334 runnervmmprz5 zainod-0.10.1[3031]:     in zaino_chain_head_service::service::ChainHeadService::tick
1791660630.335125 runnervmmprz5 zainod-0.10.1[3031]:   19:30:30.335  INFO zaino_chain_head_service::service: Syncing block, height: 4382642, hash: 000061895f6243dcb85df08d9a54d3a47d8298c9754f74219f6b854675597f01
1791660630.335125 runnervmmprz5 zainod-0.10.1[3031]:     at packages/zaino-chain-head-service/src/service.rs:478
1791660630.335125 runnervmmprz5 zainod-0.10.1[3031]:     in zaino_chain_head_service::service::ChainHeadService::tick
1791660630.335832 runnervmmprz5 zainod-0.10.1[3031]:   19:30:30.335  INFO zaino_chain_head_service::service: Syncing block, height: 4382643, hash: 0000422fd12dc30caff4ccc118a614ad028bb1c649809d108a61fd72b6015e33
1791660630.335832 runnervmmprz5 zainod-0.10.1[3031]:     at packages/zaino-chain-head-service/src/service.rs:478
1791660630.335832 runnervmmprz5 zainod-0.10.1[3031]:     in zaino_chain_head_service::service::ChainHeadService::tick
1791660630.336717 runnervmmprz5 zainod-0.10.1[3031]:   19:30:30.336  INFO zaino_chain_head_service::service: Syncing block, height: 4382644, hash: 000069ac6bcfb077e3241f8e7895e306149c719a4ca7069ca2d929c297af3386
1791660630.336717 runnervmmprz5 zainod-0.10.1[3031]:     at packages/zaino-chain-head-service/src/service.rs:478
1791660630.336717 runnervmmprz5 zainod-0.10.1[3031]:     in zaino_chain_head_service::service::ChainHeadService::tick
1791660630.337562 runnervmmprz5 zainod-0.10.1[3031]:   19:30:30.337  INFO zaino_chain_head_service::service: Syncing block, height: 4382645, hash: 00000de1b6cf868aa346a2524e2334a8effabfa4d88b0474d991a3f8ea367148
1791660630.337562 runnervmmprz5 zainod-0.10.1[3031]:     at packages/zaino-chain-head-service/src/service.rs:478
1791660630.337562 runnervmmprz5 zainod-0.10.1[3031]:     in zaino_chain_head_service::service::ChainHeadService::tick
1791660630.338220 runnervmmprz5 zainod-0.10.1[3031]:   19:30:30.338  INFO zaino_chain_head_service::service: Syncing block, height: 4382646, hash: 000049bc86df95c034461f006e59cda87bc1bfc71d877c1bbebec1a2d0ec69e0
1791660630.338220 runnervmmprz5 zainod-0.10.1[3031]:     at packages/zaino-chain-head-service/src/service.rs:478
1791660630.338220 runnervmmprz5 zainod-0.10.1[3031]:     in zaino_chain_head_service::service::ChainHeadService::tick
1791660630.339732 runnervmmprz5 zainod-0.10.1[3031]:   19:30:30.339  INFO zaino_chain_head_service::service: Syncing block, height: 4382647, hash: 00004f43704b210c6cd9667cca87bf3acc3a01f45857697a91f16cdc82bf887b
1791660630.339732 runnervmmprz5 zainod-0.10.1[3031]:     at packages/zaino-chain-head-service/src/service.rs:478
1791660630.339732 runnervmmprz5 zainod-0.10.1[3031]:     in zaino_chain_head_service::service::ChainHeadService::tick
1791660630.346916 runnervmmprz5 zainod-0.10.1[3031]:   19:30:30.346  INFO zaino_chain_head_service::service: Syncing block, height: 4382648, hash: 00003bc37b71a3c68f731d2e984798394eeeb8337dccba46abfe51e4d7baa3a9
1791660630.346916 runnervmmprz5 zainod-0.10.1[3031]:     at packages/zaino-chain-head-service/src/service.rs:478
1791660630.346916 runnervmmprz5 zainod-0.10.1[3031]:     in zaino_chain_head_service::service::ChainHeadService::tick
1791660630.348060 runnervmmprz5 zainod-0.10.1[3031]:   19:30:30.348  INFO zaino_chain_head_service::service: Syncing block, height: 4382649, hash: 0000776498b3de58831aee6d471270ced86e5b259625bb12bd0636a6dbf72de3
1791660630.348060 runnervmmprz5 zainod-0.10.1[3031]:     at packages/zaino-chain-head-service/src/service.rs:478
1791660630.348060 runnervmmprz5 zainod-0.10.1[3031]:     in zaino_chain_head_service::service::ChainHeadService::tick
1791660630.348942 runnervmmprz5 zainod-0.10.1[3031]:   19:30:30.348  INFO zaino_chain_head_service::service: Syncing block, height: 4382650, hash: 0000796fcba65f4506c4525c1684c680b874bb6342065549c4e190a5eecac0a4
1791660630.348942 runnervmmprz5 zainod-0.10.1[3031]:     at packages/zaino-chain-head-service/src/service.rs:478
1791660630.348942 runnervmmprz5 zainod-0.10.1[3031]:     in zaino_chain_head_service::service::ChainHeadService::tick
1791660630.349920 runnervmmprz5 zainod-0.10.1[3031]:   19:30:30.349  INFO zaino_chain_head_service::service: Syncing block, height: 4382651, hash: 000039038c74ad69588ff061dd928cf228c7f567fb01f65adefcf0f76156d485
1791660630.349920 runnervmmprz5 zainod-0.10.1[3031]:     at packages/zaino-chain-head-service/src/service.rs:478
1791660630.349920 runnervmmprz5 zainod-0.10.1[3031]:     in zaino_chain_head_service::service::ChainHeadService::tick
1791660630.350978 runnervmmprz5 zainod-0.10.1[3031]:   19:30:30.350  INFO zaino_chain_head_service::service: Syncing block, height: 4382652, hash: 00002541a250b2e2ec645f6a4559a5516b80479797531ba67658eb3b41e2d783
1791660630.350978 runnervmmprz5 zainod-0.10.1[3031]:     at packages/zaino-chain-head-service/src/service.rs:478
1791660630.350978 runnervmmprz5 zainod-0.10.1[3031]:     in zaino_chain_head_service::service::ChainHeadService::tick
1791660630.352592 runnervmmprz5 zainod-0.10.1[3031]:   19:30:30.352  INFO zaino_chain_head_service::service: Syncing block, height: 4382653, hash: 000076a19b055633adc8369ff47d03be1e8d68de9ebcca3cf5bac686343ac8d9
1791660630.352592 runnervmmprz5 zainod-0.10.1[3031]:     at packages/zaino-chain-head-service/src/service.rs:478
1791660630.352592 runnervmmprz5 zainod-0.10.1[3031]:     in zaino_chain_head_service::service::ChainHeadService::tick
1791660630.353757 runnervmmprz5 zainod-0.10.1[3031]:   19:30:30.353  INFO zaino_chain_head_service::service: Syncing block, height: 4382654, hash: 000000b1922e2034f4ca9f77e69a1fef66ee274a4a6b516d3ed3ef30a80c52df
1791660630.353757 runnervmmprz5 zainod-0.10.1[3031]:     at packages/zaino-chain-head-service/src/service.rs:478
1791660630.353757 runnervmmprz5 zainod-0.10.1[3031]:     in zaino_chain_head_service::service::ChainHeadService::tick
1791660630.353948 runnervmmprz5 zainod-0.10.1[3031]:   19:30:30.353  INFO zaino_chain_head_service::service: Syncing block, height: 4382655, hash: 0000208de1409b9c139533695e168908f5bbbd1248aaaf8a0dce524726af11d2
1791660630.353948 runnervmmprz5 zainod-0.10.1[3031]:     at packages/zaino-chain-head-service/src/service.rs:478
1791660630.353948 runnervmmprz5 zainod-0.10.1[3031]:     in zaino_chain_head_service::service::ChainHeadService::tick
1791660630.361547 runnervmmprz5 zainod-0.10.1[3031]:   19:30:30.361  INFO zaino_chain_head_service::service: Syncing block, height: 4382656, hash: 0000004bb395eeafb8a0ea96d504493fa1ac9dd87e74ff5f5228003c60f68b9c
1791660630.361547 runnervmmprz5 zainod-0.10.1[3031]:     at packages/zaino-chain-head-service/src/service.rs:478
1791660630.361547 runnervmmprz5 zainod-0.10.1[3031]:     in zaino_chain_head_service::service::ChainHeadService::tick
1791660630.361825 runnervmmprz5 zainod-0.10.1[3031]:   19:30:30.361  INFO zaino_chain_head_service::service: Syncing block, height: 4382657, hash: 000056f8621980d43a4451201c4fcb388de324bc949b6e9ef7d9612623aa06fd
1791660630.361825 runnervmmprz5 zainod-0.10.1[3031]:     at packages/zaino-chain-head-service/src/service.rs:478
1791660630.361825 runnervmmprz5 zainod-0.10.1[3031]:     in zaino_chain_head_service::service::ChainHeadService::tick
1791660630.362987 runnervmmprz5 zainod-0.10.1[3031]:   19:30:30.362  INFO zaino_chain_head_service::service: Syncing block, height: 4382658, hash: 000054d15e07b0b550190906dd6315d49a9e6bfa65a0f837956a343b88b772a9
1791660630.362987 runnervmmprz5 zainod-0.10.1[3031]:     at packages/zaino-chain-head-service/src/service.rs:478
1791660630.362987 runnervmmprz5 zainod-0.10.1[3031]:     in zaino_chain_head_service::service::ChainHeadService::tick
1791660630.363917 runnervmmprz5 zainod-0.10.1[3031]:   19:30:30.363  INFO zaino_chain_head_service::service: Syncing block, height: 4382659, hash: 00000fdb867572ec4a6a2497dfb8d17f26829fc82ddd47b78865d7db149db90f
1791660630.363917 runnervmmprz5 zainod-0.10.1[3031]:     at packages/zaino-chain-head-service/src/service.rs:478
1791660630.363917 runnervmmprz5 zainod-0.10.1[3031]:     in zaino_chain_head_service::service::ChainHeadService::tick
1791660630.364587 runnervmmprz5 zainod-0.10.1[3031]:   19:30:30.364  INFO zaino_chain_head_service::service: Syncing block, height: 4382660, hash: 00006ab4e02f5f31d9b75ac3b511e694d542b4cc4e826127c35c6c6f1f6401a3
1791660630.364587 runnervmmprz5 zainod-0.10.1[3031]:     at packages/zaino-chain-head-service/src/service.rs:478
1791660630.364587 runnervmmprz5 zainod-0.10.1[3031]:     in zaino_chain_head_service::service::ChainHeadService::tick
1791660630.365310 runnervmmprz5 zainod-0.10.1[3031]:   19:30:30.365  INFO zaino_chain_head_service::service: Syncing block, height: 4382661, hash: 00005347a907d810b6df383cdb75b718ba6fde22c3f75ecc31f175cf79c9a2d9
1791660630.365310 runnervmmprz5 zainod-0.10.1[3031]:     at packages/zaino-chain-head-service/src/service.rs:478
1791660630.365310 runnervmmprz5 zainod-0.10.1[3031]:     in zaino_chain_head_service::service::ChainHeadService::tick
1791660630.367065 runnervmmprz5 zainod-0.10.1[3031]:   19:30:30.365  INFO zaino_chain_head_service::service: Syncing block, height: 4382662, hash: 00005f711129169ed26ffe00bd80c26e182e00731306b75d424da56ebd2c7bc5
1791660630.367065 runnervmmprz5 zainod-0.10.1[3031]:     at packages/zaino-chain-head-service/src/service.rs:478
1791660630.367065 runnervmmprz5 zainod-0.10.1[3031]:     in zaino_chain_head_service::service::ChainHeadService::tick
1791660630.367065 runnervmmprz5 zainod-0.10.1[3031]:   19:30:30.366  INFO zaino_chain_head_service::service: Syncing block, height: 4382663, hash: 00000ed73c3a4f470b15c9e35520c3907cb7a72a2a9304c9617e6a56305ae000
1791660630.367065 runnervmmprz5 zainod-0.10.1[3031]:     at packages/zaino-chain-head-service/src/service.rs:478
1791660630.367065 runnervmmprz5 zainod-0.10.1[3031]:     in zaino_chain_head_service::service::ChainHeadService::tick
1791660630.367423 runnervmmprz5 zainod-0.10.1[3031]:   19:30:30.367  INFO zaino_chain_head_service::service: Syncing block, height: 4382664, hash: 0000269a1c4fffe954730f6debd7bfb3a0c655fb4a5952d5c911f0233f0ffd4a
1791660630.367423 runnervmmprz5 zainod-0.10.1[3031]:     at packages/zaino-chain-head-service/src/service.rs:478
1791660630.367423 runnervmmprz5 zainod-0.10.1[3031]:     in zaino_chain_head_service::service::ChainHeadService::tick
1791660630.367757 runnervmmprz5 zainod-0.10.1[3031]:   19:30:30.367  INFO zaino_chain_head_service::service: Syncing block, height: 4382665, hash: 00002878afeebfc5b510863d85431df2f9516994d0d2b7c7ee21d28811d6a3fd
1791660630.367757 runnervmmprz5 zainod-0.10.1[3031]:     at packages/zaino-chain-head-service/src/service.rs:478
1791660630.367757 runnervmmprz5 zainod-0.10.1[3031]:     in zaino_chain_head_service::service::ChainHeadService::tick
1791660630.369083 runnervmmprz5 zainod-0.10.1[3031]:   19:30:30.369  INFO zaino_chain_head_service::service: Syncing block, height: 4382666, hash: 0000335f9a26953ded6dc6c3d5ff0684a8c58df66042420405590ae83d182573
1791660630.369083 runnervmmprz5 zainod-0.10.1[3031]:     at packages/zaino-chain-head-service/src/service.rs:478
1791660630.369083 runnervmmprz5 zainod-0.10.1[3031]:     in zaino_chain_head_service::service::ChainHeadService::tick
1791660630.382069 runnervmmprz5 zainod-0.10.1[3031]:   19:30:30.381  INFO zaino_chain_head_service::service: Syncing block, height: 4382667, hash: 0000431e59bcd8f8764333499dd03eda378667b3f98a3f8e06821f06dd8261de
1791660630.382069 runnervmmprz5 zainod-0.10.1[3031]:     at packages/zaino-chain-head-service/src/service.rs:478
1791660630.382069 runnervmmprz5 zainod-0.10.1[3031]:     in zaino_chain_head_service::service::ChainHeadService::tick
1791660630.382526 runnervmmprz5 zainod-0.10.1[3031]:   19:30:30.382  INFO zaino_chain_head_service::service: Syncing block, height: 4382668, hash: 00003cfc3fe4e52b621bd607e662046e9d78750c1296e0c97a71f016c7fbf6ea
1791660630.382526 runnervmmprz5 zainod-0.10.1[3031]:     at packages/zaino-chain-head-service/src/service.rs:478
1791660630.382526 runnervmmprz5 zainod-0.10.1[3031]:     in zaino_chain_head_service::service::ChainHeadService::tick
1791660630.383357 runnervmmprz5 zainod-0.10.1[3031]:   19:30:30.383  INFO zaino_chain_head_service::service: Syncing block, height: 4382669, hash: 00001ec96e5da1ec8cf2e9cea46cdacc3400b027159c039e06fa2bd977a14495
1791660630.383357 runnervmmprz5 zainod-0.10.1[3031]:     at packages/zaino-chain-head-service/src/service.rs:478
1791660630.383357 runnervmmprz5 zainod-0.10.1[3031]:     in zaino_chain_head_service::service::ChainHeadService::tick
1791660630.384256 runnervmmprz5 zainod-0.10.1[3031]:   19:30:30.384  INFO zaino_chain_head_service::service: Syncing block, height: 4382670, hash: 00004e185aff20be0c20332fdcb06b73e558f8b9865c18c366d2d851cbc56028
1791660630.384256 runnervmmprz5 zainod-0.10.1[3031]:     at packages/zaino-chain-head-service/src/service.rs:478
1791660630.384256 runnervmmprz5 zainod-0.10.1[3031]:     in zaino_chain_head_service::service::ChainHeadService::tick
1791660630.385343 runnervmmprz5 zainod-0.10.1[3031]:   19:30:30.385  INFO zaino_chain_head_service::service: Syncing block, height: 4382671, hash: 00003933c4bd4ef887c185dfdf1a0d09b7e8d826105ab38020cd472d1dd5793e
1791660630.385343 runnervmmprz5 zainod-0.10.1[3031]:     at packages/zaino-chain-head-service/src/service.rs:478
1791660630.385343 runnervmmprz5 zainod-0.10.1[3031]:     in zaino_chain_head_service::service::ChainHeadService::tick
1791660630.385959 runnervmmprz5 zainod-0.10.1[3031]:   19:30:30.385  INFO zaino_chain_head_service::service: Syncing block, height: 4382672, hash: 0000142f1695cedf004b08c8ecb317fe9a379ecfe7ec7c897307bc383333f012
1791660630.385959 runnervmmprz5 zainod-0.10.1[3031]:     at packages/zaino-chain-head-service/src/service.rs:478
1791660630.385959 runnervmmprz5 zainod-0.10.1[3031]:     in zaino_chain_head_service::service::ChainHeadService::tick
1791660630.386901 runnervmmprz5 zainod-0.10.1[3031]:   19:30:30.386  INFO zaino_chain_head_service::service: Syncing block, height: 4382673, hash: 000078533349eff7f495dd70247a55cda86bbc3360c92dd0adab80810b59396a
1791660630.386901 runnervmmprz5 zainod-0.10.1[3031]:     at packages/zaino-chain-head-service/src/service.rs:478
1791660630.386901 runnervmmprz5 zainod-0.10.1[3031]:     in zaino_chain_head_service::service::ChainHeadService::tick
1791660630.401274 runnervmmprz5 zainod-0.10.1[3031]:   19:30:30.401  INFO zaino_chain_head_service::service: Syncing block, height: 4382674, hash: 0000339da9ea72a1f8d04ef6f32a45cfdf398b13ab55c865fcec79f2c9729200
1791660630.401274 runnervmmprz5 zainod-0.10.1[3031]:     at packages/zaino-chain-head-service/src/service.rs:478
1791660630.401274 runnervmmprz5 zainod-0.10.1[3031]:     in zaino_chain_head_service::service::ChainHeadService::tick
1791660630.404062 runnervmmprz5 zainod-0.10.1[3031]:   19:30:30.403  INFO zaino_chain_head_service::service: Syncing block, height: 4382675, hash: 00003e552ae2aff603025c4651db3a2353826ee372264b3c5c0122fa2186e3be
1791660630.404062 runnervmmprz5 zainod-0.10.1[3031]:     at packages/zaino-chain-head-service/src/service.rs:478
1791660630.404062 runnervmmprz5 zainod-0.10.1[3031]:     in zaino_chain_head_service::service::ChainHeadService::tick
1791660630.407432 runnervmmprz5 zainod-0.10.1[3031]:   19:30:30.407  INFO zaino_chain_head_service::service: Syncing block, height: 4382676, hash: 00006be5cf4896bab2ddd642cd6d1be06ec83256cb1f9bf71707ab289024dcf4
1791660630.407432 runnervmmprz5 zainod-0.10.1[3031]:     at packages/zaino-chain-head-service/src/service.rs:478
1791660630.407432 runnervmmprz5 zainod-0.10.1[3031]:     in zaino_chain_head_service::service::ChainHeadService::tick
1791660630.408438 runnervmmprz5 zainod-0.10.1[3031]:   19:30:30.408  INFO zaino_chain_head_service::service: Syncing block, height: 4382677, hash: 0000119938f823b2140523b628f576b7e5b76d739800cb4d68e13774b757f07c
1791660630.408438 runnervmmprz5 zainod-0.10.1[3031]:     at packages/zaino-chain-head-service/src/service.rs:478
1791660630.408438 runnervmmprz5 zainod-0.10.1[3031]:     in zaino_chain_head_service::service::ChainHeadService::tick
1791660630.409746 runnervmmprz5 zainod-0.10.1[3031]:   19:30:30.409  INFO zaino_chain_head_service::service: Syncing block, height: 4382678, hash: 00006234348e20e04aec5a499ac3eb8e7f07a154a25535fc08eea507eadc9f67
1791660630.409746 runnervmmprz5 zainod-0.10.1[3031]:     at packages/zaino-chain-head-service/src/service.rs:478
1791660630.409746 runnervmmprz5 zainod-0.10.1[3031]:     in zaino_chain_head_service::service::ChainHeadService::tick
1791660630.410368 runnervmmprz5 zainod-0.10.1[3031]:   19:30:30.410  INFO zaino_chain_head_service::service: Syncing block, height: 4382679, hash: 0000268cb8bc859cb5c779ea056745600d868e71c080d76930855768a9715db1
1791660630.410368 runnervmmprz5 zainod-0.10.1[3031]:     at packages/zaino-chain-head-service/src/service.rs:478
1791660630.410368 runnervmmprz5 zainod-0.10.1[3031]:     in zaino_chain_head_service::service::ChainHeadService::tick
1791660630.410883 runnervmmprz5 zainod-0.10.1[3031]:   19:30:30.410  INFO zaino_chain_head_service::service: Syncing block, height: 4382680, hash: 00000ca3b7bbaa4f8549269a973ad1062ac0d05906846e5655e6067859df2df2
1791660630.410883 runnervmmprz5 zainod-0.10.1[3031]:     at packages/zaino-chain-head-service/src/service.rs:478
1791660630.410883 runnervmmprz5 zainod-0.10.1[3031]:     in zaino_chain_head_service::service::ChainHeadService::tick
1791660630.412268 runnervmmprz5 zainod-0.10.1[3031]:   19:30:30.412  INFO zaino_chain_head_service::service: Syncing block, height: 4382681, hash: 000019db52082a2aec59f81cf2319d53acca0bd7e6d91ba96203574765fe1724
1791660630.412268 runnervmmprz5 zainod-0.10.1[3031]:     at packages/zaino-chain-head-service/src/service.rs:478
1791660630.412268 runnervmmprz5 zainod-0.10.1[3031]:     in zaino_chain_head_service::service::ChainHeadService::tick
1791660630.413368 runnervmmprz5 zainod-0.10.1[3031]:   19:30:30.413  INFO zaino_chain_head_service::service: Syncing block, height: 4382682, hash: 000016f6888845ad3bc7d029d1d2945eea9edb8eb0d8047e030c0fef357ef22f
1791660630.413368 runnervmmprz5 zainod-0.10.1[3031]:     at packages/zaino-chain-head-service/src/service.rs:478
1791660630.413368 runnervmmprz5 zainod-0.10.1[3031]:     in zaino_chain_head_service::service::ChainHeadService::tick
1791660630.414150 runnervmmprz5 zainod-0.10.1[3031]:   19:30:30.414  INFO zaino_chain_head_service::service: Syncing block, height: 4382683, hash: 000057014c7e812e3dd94a261ab7bb6a2404fb7f2b1b245557a7969b452e3dc2
1791660630.414150 runnervmmprz5 zainod-0.10.1[3031]:     at packages/zaino-chain-head-service/src/service.rs:478
1791660630.414150 runnervmmprz5 zainod-0.10.1[3031]:     in zaino_chain_head_service::service::ChainHeadService::tick
1791660630.414809 runnervmmprz5 zainod-0.10.1[3031]:   19:30:30.414  INFO zaino_chain_head_service::service: Syncing block, height: 4382684, hash: 00003b6ae0412971fc26518a0abf9e885fa1e371016185b6fa2937edb714e054
1791660630.414809 runnervmmprz5 zainod-0.10.1[3031]:     at packages/zaino-chain-head-service/src/service.rs:478
1791660630.414809 runnervmmprz5 zainod-0.10.1[3031]:     in zaino_chain_head_service::service::ChainHeadService::tick
1791660630.424679 runnervmmprz5 zainod-0.10.1[3031]:   19:30:30.424  INFO zaino_chain_head_service::service: Syncing block, height: 4382685, hash: 00006838cd38b2e65f05e09a7ae56774b4b1f76d9abab6fde043c8362baf14b3
1791660630.424679 runnervmmprz5 zainod-0.10.1[3031]:     at packages/zaino-chain-head-service/src/service.rs:478
1791660630.424679 runnervmmprz5 zainod-0.10.1[3031]:     in zaino_chain_head_service::service::ChainHeadService::tick
1791660630.425984 runnervmmprz5 zainod-0.10.1[3031]:   19:30:30.425  INFO zaino_chain_head_service::service: Syncing block, height: 4382686, hash: 0000784c4ed834bbd96e554db2821835378bac18bccdf2df668b86b9ddc86725
1791660630.425984 runnervmmprz5 zainod-0.10.1[3031]:     at packages/zaino-chain-head-service/src/service.rs:478
1791660630.425984 runnervmmprz5 zainod-0.10.1[3031]:     in zaino_chain_head_service::service::ChainHeadService::tick
1791660630.426480 runnervmmprz5 zainod-0.10.1[3031]:   19:30:30.426  INFO zaino_chain_head_service::service: Syncing block, height: 4382687, hash: 00002972b66d21516c32a666ea1e708a40378f50e5e9ae0637aa7da345dc7e0d
1791660630.426480 runnervmmprz5 zainod-0.10.1[3031]:     at packages/zaino-chain-head-service/src/service.rs:478
1791660630.426480 runnervmmprz5 zainod-0.10.1[3031]:     in zaino_chain_head_service::service::ChainHeadService::tick
1791660630.427621 runnervmmprz5 zainod-0.10.1[3031]:   19:30:30.427  INFO zaino_chain_head_service::service: Syncing block, height: 4382688, hash: 0000746a7b5bab1517c8225a5efbdf51f5f3169f81b2e8c5ad38b1ab9de3abc7
1791660630.427621 runnervmmprz5 zainod-0.10.1[3031]:     at packages/zaino-chain-head-service/src/service.rs:478
1791660630.427621 runnervmmprz5 zainod-0.10.1[3031]:     in zaino_chain_head_service::service::ChainHeadService::tick
1791660630.428177 runnervmmprz5 zainod-0.10.1[3031]:   19:30:30.428  INFO zaino_chain_head_service::service: Syncing block, height: 4382689, hash: 00002e828e571e61283e374cd048f2f8b9cdf579828dd7e47b5577a695954099
1791660630.428177 runnervmmprz5 zainod-0.10.1[3031]:     at packages/zaino-chain-head-service/src/service.rs:478
1791660630.428177 runnervmmprz5 zainod-0.10.1[3031]:     in zaino_chain_head_service::service::ChainHeadService::tick
1791660630.428844 runnervmmprz5 zainod-0.10.1[3031]:   19:30:30.428  INFO zaino_chain_head_service::service: Syncing block, height: 4382690, hash: 00006c72572453717069e7cb5404fc0337cb03d0fc451f45fd961be310ea04e1
1791660630.428844 runnervmmprz5 zainod-0.10.1[3031]:     at packages/zaino-chain-head-service/src/service.rs:478
1791660630.428844 runnervmmprz5 zainod-0.10.1[3031]:     in zaino_chain_head_service::service::ChainHeadService::tick
1791660630.431013 runnervmmprz5 zainod-0.10.1[3031]:   19:30:30.430  INFO zaino_chain_head_service::service: Syncing block, height: 4382691, hash: 00006fe5ecc3841a452ed02938c409b51886c53cd21a7e24cdae8b39cd6a6e0d
1791660630.431013 runnervmmprz5 zainod-0.10.1[3031]:     at packages/zaino-chain-head-service/src/service.rs:478
1791660630.431013 runnervmmprz5 zainod-0.10.1[3031]:     in zaino_chain_head_service::service::ChainHeadService::tick
1791660630.431698 runnervmmprz5 zainod-0.10.1[3031]:   19:30:30.431  INFO zaino_chain_head_service::service: Syncing block, height: 4382692, hash: 0000075af75e50b745f7afbef66ec6c7ff270ca22ea16e734bb1c9c7f018fb9d
1791660630.431698 runnervmmprz5 zainod-0.10.1[3031]:     at packages/zaino-chain-head-service/src/service.rs:478
1791660630.431698 runnervmmprz5 zainod-0.10.1[3031]:     in zaino_chain_head_service::service::ChainHeadService::tick
1791660630.444462 runnervmmprz5 zainod-0.10.1[3031]:   19:30:30.444  INFO zaino_chain_head_service::service: Syncing block, height: 4382693, hash: 00003090ae5e0d7c3990a8235c16b34a338e83deea7fc02f9e12197ffab50b9b
1791660630.444462 runnervmmprz5 zainod-0.10.1[3031]:     at packages/zaino-chain-head-service/src/service.rs:478
1791660630.444462 runnervmmprz5 zainod-0.10.1[3031]:     in zaino_chain_head_service::service::ChainHeadService::tick
1791660630.445176 runnervmmprz5 zainod-0.10.1[3031]:   19:30:30.445  INFO zaino_chain_head_service::service: Syncing block, height: 4382694, hash: 000004829ea2af301ec0a0b9dda8a174003ebdbf3904b96671eb91a2910cef80
1791660630.445176 runnervmmprz5 zainod-0.10.1[3031]:     at packages/zaino-chain-head-service/src/service.rs:478
1791660630.445176 runnervmmprz5 zainod-0.10.1[3031]:     in zaino_chain_head_service::service::ChainHeadService::tick
1791660630.446014 runnervmmprz5 zainod-0.10.1[3031]:   19:30:30.445  INFO zaino_chain_head_service::service: Syncing block, height: 4382695, hash: 00000a2ef6bacd695941f534c848bd78c8d9c123d280c80439f789e175b5d8b5
1791660630.446014 runnervmmprz5 zainod-0.10.1[3031]:     at packages/zaino-chain-head-service/src/service.rs:478
1791660630.446014 runnervmmprz5 zainod-0.10.1[3031]:     in zaino_chain_head_service::service::ChainHeadService::tick
1791660630.446838 runnervmmprz5 zainod-0.10.1[3031]:   19:30:30.446  INFO zaino_chain_head_service::service: Syncing block, height: 4382696, hash: 0000351b21e6c761d63e4ff021ddd62b3b907e383fad0954cd29f17753cb7657
1791660630.446838 runnervmmprz5 zainod-0.10.1[3031]:     at packages/zaino-chain-head-service/src/service.rs:478
1791660630.446838 runnervmmprz5 zainod-0.10.1[3031]:     in zaino_chain_head_service::service::ChainHeadService::tick
1791660630.448544 runnervmmprz5 zainod-0.10.1[3031]:   19:30:30.448  INFO zaino_chain_head_service::service: Syncing block, height: 4382697, hash: 000074b50c5f00dd566653ee1fd90acb5491f46b6e1cbd0ed8fdc8afa4a11cf5
1791660630.448544 runnervmmprz5 zainod-0.10.1[3031]:     at packages/zaino-chain-head-service/src/service.rs:478
1791660630.448544 runnervmmprz5 zainod-0.10.1[3031]:     in zaino_chain_head_service::service::ChainHeadService::tick
1791660630.451084 runnervmmprz5 zainod-0.10.1[3031]:   19:30:30.449  INFO zaino_chain_head_service::service: Syncing block, height: 4382698, hash: 0000264f7162b76ea04a6dcb080187b6464cacbb736c8cf810340f01e052f7bb
1791660630.451084 runnervmmprz5 zainod-0.10.1[3031]:     at packages/zaino-chain-head-service/src/service.rs:478
1791660630.451084 runnervmmprz5 zainod-0.10.1[3031]:     in zaino_chain_head_service::service::ChainHeadService::tick
1791660630.451084 runnervmmprz5 zainod-0.10.1[3031]:   19:30:30.450  INFO zaino_chain_head_service::service: Syncing block, height: 4382699, hash: 00001854696ee9d5b1061a4c358f84b5ead43ab911749a0380f1a460a679d52f
1791660630.451084 runnervmmprz5 zainod-0.10.1[3031]:     at packages/zaino-chain-head-service/src/service.rs:478
1791660630.451084 runnervmmprz5 zainod-0.10.1[3031]:     in zaino_chain_head_service::service::ChainHeadService::tick
1791660630.452446 runnervmmprz5 zainod-0.10.1[3031]:   19:30:30.452  INFO zaino_chain_head_service::service: Syncing block, height: 4382700, hash: 00000b9e25b729b9366758715c38ac6ff78706a9fedb74faf0e04dd65e417441
1791660630.452446 runnervmmprz5 zainod-0.10.1[3031]:     at packages/zaino-chain-head-service/src/service.rs:478
1791660630.452446 runnervmmprz5 zainod-0.10.1[3031]:     in zaino_chain_head_service::service::ChainHeadService::tick
1791660630.453488 runnervmmprz5 zainod-0.10.1[3031]:   19:30:30.453  INFO zaino_chain_head_service::service: Syncing block, height: 4382701, hash: 000041418f5801cddf89f3b22354002a99a018da07eddefa35b90618d3f2037f
1791660630.453488 runnervmmprz5 zainod-0.10.1[3031]:     at packages/zaino-chain-head-service/src/service.rs:478
1791660630.453488 runnervmmprz5 zainod-0.10.1[3031]:     in zaino_chain_head_service::service::ChainHeadService::tick
1791660630.454254 runnervmmprz5 zainod-0.10.1[3031]:   19:30:30.454  INFO zaino_chain_head_service::service: Syncing block, height: 4382702, hash: 000002d4a89127fe08534bb2108c562bab1fba770fa18b35d24b50eea3d7033a
1791660630.454254 runnervmmprz5 zainod-0.10.1[3031]:     at packages/zaino-chain-head-service/src/service.rs:478
1791660630.454254 runnervmmprz5 zainod-0.10.1[3031]:     in zaino_chain_head_service::service::ChainHeadService::tick
1791660630.454760 runnervmmprz5 zainod-0.10.1[3031]:   19:30:30.454  INFO zaino_chain_head_service::service: Syncing block, height: 4382703, hash: 00005b0c93437e046394c133623aea0129f4d5521d718d6e0864ba6f25db6f5e
1791660630.454760 runnervmmprz5 zainod-0.10.1[3031]:     at packages/zaino-chain-head-service/src/service.rs:478
1791660630.454760 runnervmmprz5 zainod-0.10.1[3031]:     in zaino_chain_head_service::service::ChainHeadService::tick
1791660630.455797 runnervmmprz5 zainod-0.10.1[3031]:   19:30:30.455  INFO zaino_chain_head_service::service: Syncing block, height: 4382704, hash: 0000649be3aa4e5193cb47eaf31688194a28c4eafb6de91417d72c239202ac96
1791660630.455797 runnervmmprz5 zainod-0.10.1[3031]:     at packages/zaino-chain-head-service/src/service.rs:478
1791660630.455797 runnervmmprz5 zainod-0.10.1[3031]:     in zaino_chain_head_service::service::ChainHeadService::tick
1791660630.470266 runnervmmprz5 zainod-0.10.1[3031]:   19:30:30.470  INFO zaino_chain_head_service::service: Syncing block, height: 4382705, hash: 0000396d76893caab73523bc302999f7f57c3dbec1969e4a926a0d5ba44da89d
1791660630.470266 runnervmmprz5 zainod-0.10.1[3031]:     at packages/zaino-chain-head-service/src/service.rs:478
1791660630.470266 runnervmmprz5 zainod-0.10.1[3031]:     in zaino_chain_head_service::service::ChainHeadService::tick
1791660630.471163 runnervmmprz5 zainod-0.10.1[3031]:   19:30:30.471  INFO zaino_chain_head_service::service: Syncing block, height: 4382706, hash: 00002625728551c99f2aacc4cef606fabce5a2d6bf58b40a108ee399e16bf6ba
1791660630.471163 runnervmmprz5 zainod-0.10.1[3031]:     at packages/zaino-chain-head-service/src/service.rs:478
1791660630.471163 runnervmmprz5 zainod-0.10.1[3031]:     in zaino_chain_head_service::service::ChainHeadService::tick
1791660630.472951 runnervmmprz5 zainod-0.10.1[3031]:   19:30:30.472  INFO zaino_chain_head_service::service: Syncing block, height: 4382707, hash: 000058c5487a27dd5ddaa5794a432dc64e72b6cb785d6cb7cf656dee9619ef20
1791660630.472951 runnervmmprz5 zainod-0.10.1[3031]:     at packages/zaino-chain-head-service/src/service.rs:478
1791660630.472951 runnervmmprz5 zainod-0.10.1[3031]:     in zaino_chain_head_service::service::ChainHeadService::tick
1791660630.473873 runnervmmprz5 zainod-0.10.1[3031]:   19:30:30.473  INFO zaino_chain_head_service::service: Syncing block, height: 4382708, hash: 00000a73e9d3bead6e9e739b88697d80c6dca04b1f83c9cea660c8a7fdbb4ed7
1791660630.473873 runnervmmprz5 zainod-0.10.1[3031]:     at packages/zaino-chain-head-service/src/service.rs:478
1791660630.473873 runnervmmprz5 zainod-0.10.1[3031]:     in zaino_chain_head_service::service::ChainHeadService::tick
1791660630.475544 runnervmmprz5 zainod-0.10.1[3031]:   19:30:30.475  INFO zaino_chain_head_service::service: Syncing block, height: 4382709, hash: 00000e9b765b53d646c08fc8a5c44f1d1acb0f4df0b97028d45e174d7fe10b91
1791660630.475544 runnervmmprz5 zainod-0.10.1[3031]:     at packages/zaino-chain-head-service/src/service.rs:478
1791660630.475544 runnervmmprz5 zainod-0.10.1[3031]:     in zaino_chain_head_service::service::ChainHeadService::tick
1791660630.476622 runnervmmprz5 zainod-0.10.1[3031]:   19:30:30.476  INFO zaino_chain_head_service::service: Syncing block, height: 4382710, hash: 00002e58366e5054efb6d352cabb602a3f5c5025eaac3038f0de3f6d7d2c62b4
1791660630.476622 runnervmmprz5 zainod-0.10.1[3031]:     at packages/zaino-chain-head-service/src/service.rs:478
1791660630.476622 runnervmmprz5 zainod-0.10.1[3031]:     in zaino_chain_head_service::service::ChainHeadService::tick
1791660630.484371 runnervmmprz5 zainod-0.10.1[3031]:   19:30:30.484  INFO zaino_chain_head_service::service: Syncing block, height: 4382711, hash: 00000d4e740355425a3ace2b52f8ebf6d40b04ed7ad818d370ee8addf6c9988b
1791660630.484371 runnervmmprz5 zainod-0.10.1[3031]:     at packages/zaino-chain-head-service/src/service.rs:478
1791660630.484371 runnervmmprz5 zainod-0.10.1[3031]:     in zaino_chain_head_service::service::ChainHeadService::tick
1791660630.484925 runnervmmprz5 zainod-0.10.1[3031]:   19:30:30.484  INFO zaino_chain_head_service::service: Syncing block, height: 4382712, hash: 000005784e8a092ab020dcb6af4a9dab7d00edea3115fe353a26c8e4d352ef2b
1791660630.484925 runnervmmprz5 zainod-0.10.1[3031]:     at packages/zaino-chain-head-service/src/service.rs:478
1791660630.484925 runnervmmprz5 zainod-0.10.1[3031]:     in zaino_chain_head_service::service::ChainHeadService::tick
1791660630.486818 runnervmmprz5 zainod-0.10.1[3031]:   19:30:30.486  INFO zaino_chain_head_service::service: Syncing block, height: 4382713, hash: 00003018cf9ea1f8c1b88606f61026e68c717e590891d62c106e05088f8bc8ac
1791660630.486818 runnervmmprz5 zainod-0.10.1[3031]:     at packages/zaino-chain-head-service/src/service.rs:478
1791660630.486818 runnervmmprz5 zainod-0.10.1[3031]:     in zaino_chain_head_service::service::ChainHeadService::tick
1791660630.488387 runnervmmprz5 zainod-0.10.1[3031]:   19:30:30.488  INFO zaino_chain_head_service::service: Syncing block, height: 4382714, hash: 00003842b33a2ef939a8b5201d1c4d054af3d1746cbed455b4f52194cd98b83b
1791660630.488387 runnervmmprz5 zainod-0.10.1[3031]:     at packages/zaino-chain-head-service/src/service.rs:478
1791660630.488387 runnervmmprz5 zainod-0.10.1[3031]:     in zaino_chain_head_service::service::ChainHeadService::tick
1791660630.488871 runnervmmprz5 zainod-0.10.1[3031]:   19:30:30.488  INFO zaino_chain_head_service::service: Syncing block, height: 4382715, hash: 000032c552fa686cccb90941a6d6c89935b608c3a1421b9078cc5e02e94042c9
1791660630.488871 runnervmmprz5 zainod-0.10.1[3031]:     at packages/zaino-chain-head-service/src/service.rs:478
1791660630.488871 runnervmmprz5 zainod-0.10.1[3031]:     in zaino_chain_head_service::service::ChainHeadService::tick
1791660630.489646 runnervmmprz5 zainod-0.10.1[3031]:   19:30:30.489  INFO zaino_chain_head_service::service: Syncing block, height: 4382716, hash: 00000ce3e566526871e544a5b8e31ddaae5868949c0840dc28c42e630dec3f73
1791660630.489646 runnervmmprz5 zainod-0.10.1[3031]:     at packages/zaino-chain-head-service/src/service.rs:478
1791660630.489646 runnervmmprz5 zainod-0.10.1[3031]:     in zaino_chain_head_service::service::ChainHeadService::tick
1791660630.500287 runnervmmprz5 zainod-0.10.1[3031]:   19:30:30.500  INFO zaino_chain_head_service::service: Syncing block, height: 4382717, hash: 00002356de933a9cbee5f29dd01d26ccee102a05848f12198650469285fa905b
1791660630.500287 runnervmmprz5 zainod-0.10.1[3031]:     at packages/zaino-chain-head-service/src/service.rs:478
1791660630.500287 runnervmmprz5 zainod-0.10.1[3031]:     in zaino_chain_head_service::service::ChainHeadService::tick
1791660630.502274 runnervmmprz5 zainod-0.10.1[3031]:   19:30:30.502  INFO zaino_chain_head_service::service: Syncing block, height: 4382718, hash: 0000388dad16f42ffc6da5e50c8b11f4f66a9816490f857a7368131f53fa4eb9
1791660630.502274 runnervmmprz5 zainod-0.10.1[3031]:     at packages/zaino-chain-head-service/src/service.rs:478
1791660630.502274 runnervmmprz5 zainod-0.10.1[3031]:     in zaino_chain_head_service::service::ChainHeadService::tick
1791660630.503797 runnervmmprz5 zainod-0.10.1[3031]:   19:30:30.503  INFO zaino_chain_head_service::service: Syncing block, height: 4382719, hash: 00002b24ecc9393798a780f4ce962c8cfa7bf9b38a98207f6836a0e6d8496da9
1791660630.503797 runnervmmprz5 zainod-0.10.1[3031]:     at packages/zaino-chain-head-service/src/service.rs:478
1791660630.503797 runnervmmprz5 zainod-0.10.1[3031]:     in zaino_chain_head_service::service::ChainHeadService::tick
1791660630.504618 runnervmmprz5 zainod-0.10.1[3031]:   19:30:30.504  INFO zaino_chain_head_service::service: Syncing block, height: 4382720, hash: 00001f5eddab1820f360c6f347e47e4cae4a01849861b908b374b1ddc668e56b
1791660630.504618 runnervmmprz5 zainod-0.10.1[3031]:     at packages/zaino-chain-head-service/src/service.rs:478
1791660630.504618 runnervmmprz5 zainod-0.10.1[3031]:     in zaino_chain_head_service::service::ChainHeadService::tick
1791660630.505371 runnervmmprz5 zainod-0.10.1[3031]:   19:30:30.505  INFO zaino_chain_head_service::service: Syncing block, height: 4382721, hash: 00003e1ad68095f93af5fe0cc4a3841426ddd54031ed2b465d75f80cce510af3
1791660630.505371 runnervmmprz5 zainod-0.10.1[3031]:     at packages/zaino-chain-head-service/src/service.rs:478
1791660630.505371 runnervmmprz5 zainod-0.10.1[3031]:     in zaino_chain_head_service::service::ChainHeadService::tick
1791660630.505959 runnervmmprz5 zainod-0.10.1[3031]:   19:30:30.505  INFO zaino_chain_head_service::service: Syncing block, height: 4382722, hash: 00002d020c499a3a8a4ad6df760e010519d19d2d419d531c410e3c0b6aede9c5
1791660630.505959 runnervmmprz5 zainod-0.10.1[3031]:     at packages/zaino-chain-head-service/src/service.rs:478
1791660630.505959 runnervmmprz5 zainod-0.10.1[3031]:     in zaino_chain_head_service::service::ChainHeadService::tick
1791660630.520367 runnervmmprz5 zainod-0.10.1[3031]:   19:30:30.520  INFO zaino_chain_head_service::service: Syncing block, height: 4382723, hash: 0000068b86effefdd0d43a48bd701eee804b2b9de1a9fba2a065302e77fec4b4
1791660630.520367 runnervmmprz5 zainod-0.10.1[3031]:     at packages/zaino-chain-head-service/src/service.rs:478
1791660630.520367 runnervmmprz5 zainod-0.10.1[3031]:     in zaino_chain_head_service::service::ChainHeadService::tick
1791660630.522367 runnervmmprz5 zainod-0.10.1[3031]:   19:30:30.522  INFO zaino_chain_head_service::service: Syncing block, height: 4382724, hash: 000030546fbe6cbdad98a20b5fa1d95dddeba33a29d1b45cc1249c1d469acf9c
1791660630.522367 runnervmmprz5 zainod-0.10.1[3031]:     at packages/zaino-chain-head-service/src/service.rs:478
1791660630.522367 runnervmmprz5 zainod-0.10.1[3031]:     in zaino_chain_head_service::service::ChainHeadService::tick
1791660630.523142 runnervmmprz5 zainod-0.10.1[3031]:   19:30:30.523  INFO zaino_chain_head_service::service: Syncing block, height: 4382725, hash: 000033925c231e10a61155fc11a81ea62a418ff89fdb1e65461d1c0ed8047a75
1791660630.523142 runnervmmprz5 zainod-0.10.1[3031]:     at packages/zaino-chain-head-service/src/service.rs:478
1791660630.523142 runnervmmprz5 zainod-0.10.1[3031]:     in zaino_chain_head_service::service::ChainHeadService::tick
1791660630.524404 runnervmmprz5 zainod-0.10.1[3031]:   19:30:30.524  INFO zaino_chain_head_service::service: Syncing block, height: 4382726, hash: 0000499804c837efc280906e41b168e6b42b21db027731aa73ee60b07f319efa
1791660630.524404 runnervmmprz5 zainod-0.10.1[3031]:     at packages/zaino-chain-head-service/src/service.rs:478
1791660630.524404 runnervmmprz5 zainod-0.10.1[3031]:     in zaino_chain_head_service::service::ChainHeadService::tick
1791660630.527234 runnervmmprz5 zainod-0.10.1[3031]:   19:30:30.527  INFO zaino_chain_head_service::service: Syncing block, height: 4382727, hash: 00001f29216e4b1088b8f5cdd77c3b707e8e1379efdc4880366a381fda21ee10
1791660630.527234 runnervmmprz5 zainod-0.10.1[3031]:     at packages/zaino-chain-head-service/src/service.rs:478
1791660630.527234 runnervmmprz5 zainod-0.10.1[3031]:     in zaino_chain_head_service::service::ChainHeadService::tick
1791660630.529135 runnervmmprz5 zainod-0.10.1[3031]:   19:30:30.527  INFO zaino_chain_head_service::service: Syncing block, height: 4382728, hash: 0000158549e8302353c1fd8def4b7a97b8664ea7262c8d1e4c367ebcaaea2040
1791660630.529135 runnervmmprz5 zainod-0.10.1[3031]:     at packages/zaino-chain-head-service/src/service.rs:478
1791660630.529135 runnervmmprz5 zainod-0.10.1[3031]:     in zaino_chain_head_service::service::ChainHeadService::tick
1791660630.529135 runnervmmprz5 zainod-0.10.1[3031]:   19:30:30.528  INFO zaino_chain_head_service::service: Syncing block, height: 4382729, hash: 00001d6348bd056668ad1a2424734ad4c0b5d957fbcfe686f7c0328f7b809acc
1791660630.529135 runnervmmprz5 zainod-0.10.1[3031]:     at packages/zaino-chain-head-service/src/service.rs:478
1791660630.529135 runnervmmprz5 zainod-0.10.1[3031]:     in zaino_chain_head_service::service::ChainHeadService::tick
1791660630.529135 runnervmmprz5 zainod-0.10.1[3031]:   19:30:30.528  INFO zaino_chain_head_service::service: Syncing block, height: 4382730, hash: 0000363813940479c88a979710d46d2655a9f2222d2b98a8afb63ae0609d2468
1791660630.529135 runnervmmprz5 zainod-0.10.1[3031]:     at packages/zaino-chain-head-service/src/service.rs:478
1791660630.529135 runnervmmprz5 zainod-0.10.1[3031]:     in zaino_chain_head_service::service::ChainHeadService::tick
1791660630.529389 runnervmmprz5 zainod-0.10.1[3031]:   19:30:30.529  INFO zaino_chain_head_service::service: Syncing block, height: 4382731, hash: 000016e503c69c11ae5e6a0f9d70e481086bb0c65f08df97e96d80834a531ce4
1791660630.529389 runnervmmprz5 zainod-0.10.1[3031]:     at packages/zaino-chain-head-service/src/service.rs:478
1791660630.529389 runnervmmprz5 zainod-0.10.1[3031]:     in zaino_chain_head_service::service::ChainHeadService::tick
1791660630.540295 runnervmmprz5 zainod-0.10.1[3031]:   19:30:30.540  INFO zaino_chain_head_service::service: Syncing block, height: 4382732, hash: 0000294ace60d98121287ad7b434e80fde9e3ddd881d41051e4d25bc498e807a
1791660630.540295 runnervmmprz5 zainod-0.10.1[3031]:     at packages/zaino-chain-head-service/src/service.rs:478
1791660630.540295 runnervmmprz5 zainod-0.10.1[3031]:     in zaino_chain_head_service::service::ChainHeadService::tick
1791660630.540925 runnervmmprz5 zainod-0.10.1[3031]:   19:30:30.540  INFO zaino_chain_head_service::service: Syncing block, height: 4382733, hash: 000010bcf11eae03a3322e51e21ad0b4c1d1e22cf399f61ea0fdb2007be5c431
1791660630.540925 runnervmmprz5 zainod-0.10.1[3031]:     at packages/zaino-chain-head-service/src/service.rs:478
1791660630.540925 runnervmmprz5 zainod-0.10.1[3031]:     in zaino_chain_head_service::service::ChainHeadService::tick
1791660630.541714 runnervmmprz5 zainod-0.10.1[3031]:   19:30:30.541  INFO zaino_chain_head_service::service: Syncing block, height: 4382734, hash: 0000159435d57786e543ae706fac98d14945966d34f5826f0334027a5f930132
1791660630.541714 runnervmmprz5 zainod-0.10.1[3031]:     at packages/zaino-chain-head-service/src/service.rs:478
1791660630.541714 runnervmmprz5 zainod-0.10.1[3031]:     in zaino_chain_head_service::service::ChainHeadService::tick
1791660630.542528 runnervmmprz5 zainod-0.10.1[3031]:   19:30:30.542  INFO zaino_chain_head_service::service: Syncing block, height: 4382735, hash: 000020889c1f40648f9ed26f1733998ba63fe955644cb37a2e9f2f9e18625ba9
1791660630.542528 runnervmmprz5 zainod-0.10.1[3031]:     at packages/zaino-chain-head-service/src/service.rs:478
1791660630.542528 runnervmmprz5 zainod-0.10.1[3031]:     in zaino_chain_head_service::service::ChainHeadService::tick
1791660630.543320 runnervmmprz5 zainod-0.10.1[3031]:   19:30:30.543  INFO zaino_chain_head_service::service: Syncing block, height: 4382736, hash: 000010c7291861c029a627d7a65bd2aa83d9177b3f3d26c1597449408c5c6f4d
1791660630.543320 runnervmmprz5 zainod-0.10.1[3031]:     at packages/zaino-chain-head-service/src/service.rs:478
1791660630.543320 runnervmmprz5 zainod-0.10.1[3031]:     in zaino_chain_head_service::service::ChainHeadService::tick
1791660630.543895 runnervmmprz5 zainod-0.10.1[3031]:   19:30:30.543  INFO zaino_chain_head_service::service: Syncing block, height: 4382737, hash: 00001d6e46778e84bc9f5f63b388654fcfaea874e8088bc0162a711f7a0dffcf
1791660630.543895 runnervmmprz5 zainod-0.10.1[3031]:     at packages/zaino-chain-head-service/src/service.rs:478
1791660630.543895 runnervmmprz5 zainod-0.10.1[3031]:     in zaino_chain_head_service::service::ChainHeadService::tick
1791660630.544705 runnervmmprz5 zainod-0.10.1[3031]:   19:30:30.544  INFO zaino_chain_head_service::service: Syncing block, height: 4382738, hash: 00000462415e5c0013e3eda7532038ce3d6d5ca3853dd453c4c198a54420a8b2
1791660630.544705 runnervmmprz5 zainod-0.10.1[3031]:     at packages/zaino-chain-head-service/src/service.rs:478
1791660630.544705 runnervmmprz5 zainod-0.10.1[3031]:     in zaino_chain_head_service::service::ChainHeadService::tick
1791660630.545949 runnervmmprz5 zainod-0.10.1[3031]:   19:30:30.545  INFO zaino_chain_head_service::service: Syncing block, height: 4382739, hash: 000004faa509237175133505ce98b2d7d27a60746f621123a72d6c52437945c7
1791660630.545949 runnervmmprz5 zainod-0.10.1[3031]:     at packages/zaino-chain-head-service/src/service.rs:478
1791660630.545949 runnervmmprz5 zainod-0.10.1[3031]:     in zaino_chain_head_service::service::ChainHeadService::tick
1791660630.547305 runnervmmprz5 zainod-0.10.1[3031]:   19:30:30.547  INFO zaino_chain_head_service::service: Syncing block, height: 4382740, hash: 0000124072cbf61ae133912798e2fd5330d79b90f869e345efeed7c6c68fb1cc
1791660630.547305 runnervmmprz5 zainod-0.10.1[3031]:     at packages/zaino-chain-head-service/src/service.rs:478
1791660630.547305 runnervmmprz5 zainod-0.10.1[3031]:     in zaino_chain_head_service::service::ChainHeadService::tick
1791660630.552024 runnervmmprz5 zainod-0.10.1[3031]:   19:30:30.551  INFO zaino_chain_head_service::service: Syncing block, height: 4382741, hash: 00002601ca362c68ef401790f477eeff6e91676eaa5dc41485dfd1e0ba681b35
1791660630.552024 runnervmmprz5 zainod-0.10.1[3031]:     at packages/zaino-chain-head-service/src/service.rs:478
1791660630.552024 runnervmmprz5 zainod-0.10.1[3031]:     in zaino_chain_head_service::service::ChainHeadService::tick
1791660630.552718 runnervmmprz5 zainod-0.10.1[3031]:   19:30:30.552  INFO zaino_chain_head_service::service: Syncing block, height: 4382742, hash: 00002d90e71641d54aec85bbebee635f91b1f0a26d9d1c9a1535263b6848e3f8
1791660630.552718 runnervmmprz5 zainod-0.10.1[3031]:     at packages/zaino-chain-head-service/src/service.rs:478
1791660630.552718 runnervmmprz5 zainod-0.10.1[3031]:     in zaino_chain_head_service::service::ChainHeadService::tick
1791660630.553314 runnervmmprz5 zainod-0.10.1[3031]:   19:30:30.553  INFO zaino_chain_head_service::service: Syncing block, height: 4382743, hash: 00000daa100bb06eb49db56fbc309deac618e6588d5757b288708d8e9f05acfb
1791660630.553314 runnervmmprz5 zainod-0.10.1[3031]:     at packages/zaino-chain-head-service/src/service.rs:478
1791660630.553314 runnervmmprz5 zainod-0.10.1[3031]:     in zaino_chain_head_service::service::ChainHeadService::tick
1791660630.557183 runnervmmprz5 zainod-0.10.1[3031]:   19:30:30.557  INFO zaino_chain_head_service::service: Syncing block, height: 4382744, hash: 00002375cdac0469a29db1b47454dc3d6e47c3db9206b4a953b8d6aa7108adea
1791660630.557183 runnervmmprz5 zainod-0.10.1[3031]:     at packages/zaino-chain-head-service/src/service.rs:478
1791660630.557183 runnervmmprz5 zainod-0.10.1[3031]:     in zaino_chain_head_service::service::ChainHeadService::tick
1791660630.567186 runnervmmprz5 zainod-0.10.1[3031]:   19:30:30.567  INFO zaino_chain_head_service::service: Syncing block, height: 4382745, hash: 0000295730045485e9d2ed22618d3b781ab291d1d7c23adbc034b7f90a02a321
1791660630.567186 runnervmmprz5 zainod-0.10.1[3031]:     at packages/zaino-chain-head-service/src/service.rs:478
1791660630.567186 runnervmmprz5 zainod-0.10.1[3031]:     in zaino_chain_head_service::service::ChainHeadService::tick
1791660630.568136 runnervmmprz5 zainod-0.10.1[3031]:   19:30:30.568  INFO zaino_chain_head_service::service: Syncing block, height: 4382746, hash: 00002ed1d1b9ed6f44d55de1e448051211c102b7a5b008f1c7289cc8532cf79a
1791660630.568136 runnervmmprz5 zainod-0.10.1[3031]:     at packages/zaino-chain-head-service/src/service.rs:478
1791660630.568136 runnervmmprz5 zainod-0.10.1[3031]:     in zaino_chain_head_service::service::ChainHeadService::tick
1791660630.571722 runnervmmprz5 zainod-0.10.1[3031]:   19:30:30.571  INFO zaino_chain_head_service::service: Syncing block, height: 4382747, hash: 00001c480a9f38e5cba890bbde7f4a881d88eefe4ad7b9320a30988c0ff1817d
1791660630.571722 runnervmmprz5 zainod-0.10.1[3031]:     at packages/zaino-chain-head-service/src/service.rs:478
1791660630.571722 runnervmmprz5 zainod-0.10.1[3031]:     in zaino_chain_head_service::service::ChainHeadService::tick
1791660630.572798 runnervmmprz5 zainod-0.10.1[3031]:   19:30:30.572  INFO zaino_chain_head_service::service: Syncing block, height: 4382748, hash: 000021a0670e6119eca2f77cdab587c9f07869a0b96d498d558e551b321816a6
1791660630.572798 runnervmmprz5 zainod-0.10.1[3031]:     at packages/zaino-chain-head-service/src/service.rs:478
1791660630.572798 runnervmmprz5 zainod-0.10.1[3031]:     in zaino_chain_head_service::service::ChainHeadService::tick
1791660630.573857 runnervmmprz5 zainod-0.10.1[3031]:   19:30:30.573  INFO zaino_chain_head_service::service: Syncing block, height: 4382749, hash: 00000fab17aad1f9e33291d3c0ef0dc72c99f04ebba54cc80db3be09d677ea54
1791660630.573857 runnervmmprz5 zainod-0.10.1[3031]:     at packages/zaino-chain-head-service/src/service.rs:478
1791660630.573857 runnervmmprz5 zainod-0.10.1[3031]:     in zaino_chain_head_service::service::ChainHeadService::tick
1791660630.574303 runnervmmprz5 zainod-0.10.1[3031]:   19:30:30.574  INFO zaino_chain_head_service::service: Syncing block, height: 4382750, hash: 000029288fb450ea9ee8b69e45afe2e2df6eacdbc4be57546153f48668d86b8a
1791660630.574303 runnervmmprz5 zainod-0.10.1[3031]:     at packages/zaino-chain-head-service/src/service.rs:478
1791660630.574303 runnervmmprz5 zainod-0.10.1[3031]:     in zaino_chain_head_service::service::ChainHeadService::tick
1791660630.574864 runnervmmprz5 zainod-0.10.1[3031]:   19:30:30.574  INFO zaino_chain_head_service::service: Syncing block, height: 4382751, hash: 00001c06638768fd4bb3753d8b7999ba24078c2a736f1d3aec50022cea9a4cd0
1791660630.574864 runnervmmprz5 zainod-0.10.1[3031]:     at packages/zaino-chain-head-service/src/service.rs:478
1791660630.574864 runnervmmprz5 zainod-0.10.1[3031]:     in zaino_chain_head_service::service::ChainHeadService::tick
1791660630.575567 runnervmmprz5 zainod-0.10.1[3031]:   19:30:30.575  INFO zaino_chain_head_service::service: Syncing block, height: 4382752, hash: 000026a3d4f7509b2fbbfc6d7e9bb8cfd670244ecfa01ceb64ca1bce66c8decd
1791660630.575567 runnervmmprz5 zainod-0.10.1[3031]:     at packages/zaino-chain-head-service/src/service.rs:478
1791660630.575567 runnervmmprz5 zainod-0.10.1[3031]:     in zaino_chain_head_service::service::ChainHeadService::tick
1791660630.576257 runnervmmprz5 zainod-0.10.1[3031]:   19:30:30.576  INFO zaino_chain_head_service::service: Syncing block, height: 4382753, hash: 00001596e7a26e8fa7d75b19732630aef9d1572204e9f1bd197ba0e6373c521d
1791660630.576257 runnervmmprz5 zainod-0.10.1[3031]:     at packages/zaino-chain-head-service/src/service.rs:478
1791660630.576257 runnervmmprz5 zainod-0.10.1[3031]:     in zaino_chain_head_service::service::ChainHeadService::tick
1791660630.577160 runnervmmprz5 zainod-0.10.1[3031]:   19:30:30.577  INFO zaino_chain_head_service::service: Syncing block, height: 4382754, hash: 00001db6da61e2c4879ef4f9620b857f5b20dedc59093d58b234a7eff5283a26
1791660630.577160 runnervmmprz5 zainod-0.10.1[3031]:     at packages/zaino-chain-head-service/src/service.rs:478
1791660630.577160 runnervmmprz5 zainod-0.10.1[3031]:     in zaino_chain_head_service::service::ChainHeadService::tick
1791660630.578491 runnervmmprz5 zainod-0.10.1[3031]:   19:30:30.578  INFO zaino_chain_head_service::service: Syncing block, height: 4382755, hash: 00002366812ce44514947310bf48fc816b8f609f96ab8f40cc02455d740d5be5
1791660630.578491 runnervmmprz5 zainod-0.10.1[3031]:     at packages/zaino-chain-head-service/src/service.rs:478
1791660630.578491 runnervmmprz5 zainod-0.10.1[3031]:     in zaino_chain_head_service::service::ChainHeadService::tick
1791660630.578900 runnervmmprz5 zainod-0.10.1[3031]:   19:30:30.578  INFO zaino_chain_head_service::service: Syncing block, height: 4382756, hash: 0000285a2c514784c1c3acb6e1c86dc90b3de2b2c3f64d145f6761a48ac706d6
1791660630.578900 runnervmmprz5 zainod-0.10.1[3031]:     at packages/zaino-chain-head-service/src/service.rs:478
1791660630.578900 runnervmmprz5 zainod-0.10.1[3031]:     in zaino_chain_head_service::service::ChainHeadService::tick
1791660630.580180 runnervmmprz5 zainod-0.10.1[3031]:   19:30:30.580  INFO zaino_chain_head_service::service: Syncing block, height: 4382757, hash: 000018d06bcb38847aa35d81fc264cfc4fc561e85e4f8cc32b85ee6b5732787e
1791660630.580180 runnervmmprz5 zainod-0.10.1[3031]:     at packages/zaino-chain-head-service/src/service.rs:478
1791660630.580180 runnervmmprz5 zainod-0.10.1[3031]:     in zaino_chain_head_service::service::ChainHeadService::tick
1791660630.581206 runnervmmprz5 zainod-0.10.1[3031]:   19:30:30.581  INFO zaino_chain_head_service::service: Syncing block, height: 4382758, hash: 000012e663dc1fe9aadf26b44332185564c1e80c832a5b3a4618a4f8cc0887b5
1791660630.581206 runnervmmprz5 zainod-0.10.1[3031]:     at packages/zaino-chain-head-service/src/service.rs:478
1791660630.581206 runnervmmprz5 zainod-0.10.1[3031]:     in zaino_chain_head_service::service::ChainHeadService::tick
1791660630.582641 runnervmmprz5 zainod-0.10.1[3031]:   19:30:30.581  INFO zaino_chain_head_service::service: Syncing block, height: 4382759, hash: 000014640e7e03683bfd8278da0e2a5c0c51e5768b70dd2ba07e0ba1a21bcfe2
1791660630.582641 runnervmmprz5 zainod-0.10.1[3031]:     at packages/zaino-chain-head-service/src/service.rs:478
1791660630.582641 runnervmmprz5 zainod-0.10.1[3031]:     in zaino_chain_head_service::service::ChainHeadService::tick
1791660630.582878 runnervmmprz5 zainod-0.10.1[3031]:   19:30:30.582  INFO zaino_chain_head_service::service: Syncing block, height: 4382760, hash: 00000e6a0582259ac265a88be504b83bfa8208e9f096bcc0db3f055c86c815b4
1791660630.582878 runnervmmprz5 zainod-0.10.1[3031]:     at packages/zaino-chain-head-service/src/service.rs:478
1791660630.582878 runnervmmprz5 zainod-0.10.1[3031]:     in zaino_chain_head_service::service::ChainHeadService::tick
1791660630.583974 runnervmmprz5 zainod-0.10.1[3031]:   19:30:30.583  INFO zaino_chain_head_service::service: Syncing block, height: 4382761, hash: 00002594dd00f7160a03e5abeed2643e6e0f64393a43715d7389fe9ad5d58572
1791660630.583974 runnervmmprz5 zainod-0.10.1[3031]:     at packages/zaino-chain-head-service/src/service.rs:478
1791660630.583974 runnervmmprz5 zainod-0.10.1[3031]:     in zaino_chain_head_service::service::ChainHeadService::tick
1791660630.584550 runnervmmprz5 zainod-0.10.1[3031]:   19:30:30.584  INFO zaino_chain_head_service::service: Syncing block, height: 4382762, hash: 000020b0b1ed2c69473628f6de772f4980fb612eca3613208e17037afac5c214
1791660630.584550 runnervmmprz5 zainod-0.10.1[3031]:     at packages/zaino-chain-head-service/src/service.rs:478
1791660630.584550 runnervmmprz5 zainod-0.10.1[3031]:     in zaino_chain_head_service::service::ChainHeadService::tick
1791660630.585374 runnervmmprz5 zainod-0.10.1[3031]:   19:30:30.585  INFO zaino_chain_head_service::service: Syncing block, height: 4382763, hash: 0000191da29c98fc1f741366593072219de61f4ffd9a15f142a50cd9b9c9e769
1791660630.585374 runnervmmprz5 zainod-0.10.1[3031]:     at packages/zaino-chain-head-service/src/service.rs:478
1791660630.585374 runnervmmprz5 zainod-0.10.1[3031]:     in zaino_chain_head_service::service::ChainHeadService::tick
1791660630.586234 runnervmmprz5 zainod-0.10.1[3031]:   19:30:30.586  INFO zaino_chain_head_service::service: Syncing block, height: 4382764, hash: 00000add67a638d325ea9befa1ae3ae62d5ec40e06deb75c561843d65fe57d9b
1791660630.586234 runnervmmprz5 zainod-0.10.1[3031]:     at packages/zaino-chain-head-service/src/service.rs:478
1791660630.586234 runnervmmprz5 zainod-0.10.1[3031]:     in zaino_chain_head_service::service::ChainHeadService::tick
1791660630.586832 runnervmmprz5 zainod-0.10.1[3031]:   19:30:30.586  INFO zaino_chain_head_service::service: Syncing block, height: 4382765, hash: 00001e3041c6b233e6863b5f8cbe4eea14156c2f10fe835309f82dca2940911c
1791660630.586832 runnervmmprz5 zainod-0.10.1[3031]:     at packages/zaino-chain-head-service/src/service.rs:478
1791660630.586832 runnervmmprz5 zainod-0.10.1[3031]:     in zaino_chain_head_service::service::ChainHeadService::tick
1791660630.587446 runnervmmprz5 zainod-0.10.1[3031]:   19:30:30.587  INFO zaino_chain_head_service::service: Syncing block, height: 4382766, hash: 0000040556297e9436468784cd77a9b20a71b947c3a9def0740db3d2cddf6f9b
1791660630.587446 runnervmmprz5 zainod-0.10.1[3031]:     at packages/zaino-chain-head-service/src/service.rs:478
1791660630.587446 runnervmmprz5 zainod-0.10.1[3031]:     in zaino_chain_head_service::service::ChainHeadService::tick
1791660630.587861 runnervmmprz5 zainod-0.10.1[3031]:   19:30:30.587  INFO zaino_chain_head_service::service: Syncing block, height: 4382767, hash: 0000170194ca97ac699487acb4536be8993c45ce1b3de963efa21ef3ec933bb6
1791660630.587861 runnervmmprz5 zainod-0.10.1[3031]:     at packages/zaino-chain-head-service/src/service.rs:478
1791660630.587861 runnervmmprz5 zainod-0.10.1[3031]:     in zaino_chain_head_service::service::ChainHeadService::tick
1791660630.589196 runnervmmprz5 zainod-0.10.1[3031]:   19:30:30.589  INFO zaino_chain_head_service::service: Syncing block, height: 4382768, hash: 00001b5e96b9c0f597b50895c81320908060b7f6b3c7106a0edd59882ed203f0
1791660630.589196 runnervmmprz5 zainod-0.10.1[3031]:     at packages/zaino-chain-head-service/src/service.rs:478
1791660630.589196 runnervmmprz5 zainod-0.10.1[3031]:     in zaino_chain_head_service::service::ChainHeadService::tick
1791660630.590552 runnervmmprz5 zainod-0.10.1[3031]:   19:30:30.590  INFO zaino_chain_head_service::service: Syncing block, height: 4382769, hash: 000001e057a2514db534056438637cc86e25ff86f89df60a10f445928138c938
1791660630.590552 runnervmmprz5 zainod-0.10.1[3031]:     at packages/zaino-chain-head-service/src/service.rs:478
1791660630.590552 runnervmmprz5 zainod-0.10.1[3031]:     in zaino_chain_head_service::service::ChainHeadService::tick
1791660630.591570 runnervmmprz5 zainod-0.10.1[3031]:   19:30:30.591  INFO zaino_chain_head_service::service: Syncing block, height: 4382770, hash: 00001dc376aaddf2e609e3b27af979a69c150a6f67431969d4043e3e682c8a42
1791660630.591570 runnervmmprz5 zainod-0.10.1[3031]:     at packages/zaino-chain-head-service/src/service.rs:478
1791660630.591570 runnervmmprz5 zainod-0.10.1[3031]:     in zaino_chain_head_service::service::ChainHeadService::tick
1791660630.592437 runnervmmprz5 zainod-0.10.1[3031]:   19:30:30.592  INFO zaino_chain_head_service::service: Syncing block, height: 4382771, hash: 0000137a2d8dd9c8940f9956bb5f5271b7cb7e62b61979dc8c2592293eb79164
1791660630.592437 runnervmmprz5 zainod-0.10.1[3031]:     at packages/zaino-chain-head-service/src/service.rs:478
1791660630.592437 runnervmmprz5 zainod-0.10.1[3031]:     in zaino_chain_head_service::service::ChainHeadService::tick
1791660630.594072 runnervmmprz5 zainod-0.10.1[3031]:   19:30:30.593  INFO zaino_chain_head_service::service: Syncing block, height: 4382772, hash: 05b569910c1e56447142033cf0ccc43424137a49e8cd0e06a9458088e9aad496
1791660630.594072 runnervmmprz5 zainod-0.10.1[3031]:     at packages/zaino-chain-head-service/src/service.rs:478
1791660630.594072 runnervmmprz5 zainod-0.10.1[3031]:     in zaino_chain_head_service::service::ChainHeadService::tick
1791660630.595256 runnervmmprz5 zainod-0.10.1[3031]:   19:30:30.594  INFO zaino_chain_head_service::service: Syncing block, height: 4382773, hash: 00006d5efd6cce1b91891728ea2ddbddfa4809fbdd0c4e59a3d84dbf8ef1e87e
1791660630.595256 runnervmmprz5 zainod-0.10.1[3031]:     at packages/zaino-chain-head-service/src/service.rs:478
1791660630.595256 runnervmmprz5 zainod-0.10.1[3031]:     in zaino_chain_head_service::service::ChainHeadService::tick
1791660630.596578 runnervmmprz5 zainod-0.10.1[3031]:   19:30:30.596  INFO zaino_chain_head_service::service: Syncing block, height: 4382774, hash: 005746ee10f0277f3decc95dbef0fdf5f9dc60f8ae7739dc35dd40cc10ed8c2a
1791660630.596578 runnervmmprz5 zainod-0.10.1[3031]:     at packages/zaino-chain-head-service/src/service.rs:478
1791660630.596578 runnervmmprz5 zainod-0.10.1[3031]:     in zaino_chain_head_service::service::ChainHeadService::tick
1791660630.599942 runnervmmprz5 zainod-0.10.1[3031]:   19:30:30.599  INFO zaino_chain_head_service::service: Syncing block, height: 4382775, hash: 00200988b45736064d651b3ba6e83171cdf8d698193f22076cd1aa30da80a918
1791660630.599942 runnervmmprz5 zainod-0.10.1[3031]:     at packages/zaino-chain-head-service/src/service.rs:478
1791660630.599942 runnervmmprz5 zainod-0.10.1[3031]:     in zaino_chain_head_service::service::ChainHeadService::tick
1791660630.602229 runnervmmprz5 zainod-0.10.1[3031]:   19:30:30.602  INFO zaino_chain_head_service::service: Syncing block, height: 4382776, hash: 000a0ec643ce4c3b2353d9a53f604351f349b3dc7d9008745d7bb3638bff367d
1791660630.602229 runnervmmprz5 zainod-0.10.1[3031]:     at packages/zaino-chain-head-service/src/service.rs:478
1791660630.602229 runnervmmprz5 zainod-0.10.1[3031]:     in zaino_chain_head_service::service::ChainHeadService::tick
1791660630.603560 runnervmmprz5 zainod-0.10.1[3031]:   19:30:30.603  INFO zaino_chain_head_service::service: Syncing block, height: 4382777, hash: 0000400e5850f4666d0cff9758a7b8bc0472cf17465ff0ebd392bead7841871c
1791660630.603560 runnervmmprz5 zainod-0.10.1[3031]:     at packages/zaino-chain-head-service/src/service.rs:478
1791660630.603560 runnervmmprz5 zainod-0.10.1[3031]:     in zaino_chain_head_service::service::ChainHeadService::tick
1791660630.604881 runnervmmprz5 zainod-0.10.1[3031]:   19:30:30.604  INFO zaino_chain_head_service::service: Syncing block, height: 4382778, hash: 002fd2ed45d5efd070e7d82ccf79457ea3c25c9d60e1d6d34634c10932682f9d
1791660630.604881 runnervmmprz5 zainod-0.10.1[3031]:     at packages/zaino-chain-head-service/src/service.rs:478
1791660630.604881 runnervmmprz5 zainod-0.10.1[3031]:     in zaino_chain_head_service::service::ChainHeadService::tick
1791660630.606129 runnervmmprz5 zainod-0.10.1[3031]:   19:30:30.605  INFO zaino_chain_head_service::service: Syncing block, height: 4382779, hash: 002329e8516e1e7f804f1e664291265465f9433c1ee72bbabc0d4bb73100982c
1791660630.606129 runnervmmprz5 zainod-0.10.1[3031]:     at packages/zaino-chain-head-service/src/service.rs:478
1791660630.606129 runnervmmprz5 zainod-0.10.1[3031]:     in zaino_chain_head_service::service::ChainHeadService::tick
1791660630.607294 runnervmmprz5 zainod-0.10.1[3031]:   19:30:30.607  INFO zaino_chain_head_service::service: Syncing block, height: 4382780, hash: 004c85912fdeea99bdc19510d93396c11dc4c9f4298f5018aa7f25d463c6eff6
1791660630.607294 runnervmmprz5 zainod-0.10.1[3031]:     at packages/zaino-chain-head-service/src/service.rs:478
1791660630.607294 runnervmmprz5 zainod-0.10.1[3031]:     in zaino_chain_head_service::service::ChainHeadService::tick
1791660630.608926 runnervmmprz5 zainod-0.10.1[3031]:   19:30:30.608  INFO zaino_chain_head_service::service: Syncing block, height: 4382781, hash: 005d8d54d5439ebf5f29bae7a53742625d8b1f43be107c1446d141aa24e50888
1791660630.608926 runnervmmprz5 zainod-0.10.1[3031]:     at packages/zaino-chain-head-service/src/service.rs:478
1791660630.608926 runnervmmprz5 zainod-0.10.1[3031]:     in zaino_chain_head_service::service::ChainHeadService::tick
1791660630.610271 runnervmmprz5 zainod-0.10.1[3031]:   19:30:30.610  INFO zaino_chain_head_service::service: Syncing block, height: 4382782, hash: 00082f5cf8e761b8b942658bb6da1fa1aa4cca6a0aea321c2f19ce63a0b271dc
1791660630.610271 runnervmmprz5 zainod-0.10.1[3031]:     at packages/zaino-chain-head-service/src/service.rs:478
1791660630.610271 runnervmmprz5 zainod-0.10.1[3031]:     in zaino_chain_head_service::service::ChainHeadService::tick
1791660630.611578 runnervmmprz5 zainod-0.10.1[3031]:   19:30:30.611  INFO zaino_chain_head_service::service: Syncing block, height: 4382783, hash: 005bf1c5c5e4b1faecdeaaf4b5179ee791fddfe4ffabfce40ab0810ddebc762c
1791660630.611578 runnervmmprz5 zainod-0.10.1[3031]:     at packages/zaino-chain-head-service/src/service.rs:478
1791660630.611578 runnervmmprz5 zainod-0.10.1[3031]:     in zaino_chain_head_service::service::ChainHeadService::tick
1791660630.612701 runnervmmprz5 zainod-0.10.1[3031]:   19:30:30.612  INFO zaino_chain_head_service::service: Syncing block, height: 4382784, hash: 0038265a8489d4a6ef6b6a98f1e5aac1fa8f725ee560efaf5d5b4fb0fb77a157
1791660630.612701 runnervmmprz5 zainod-0.10.1[3031]:     at packages/zaino-chain-head-service/src/service.rs:478
1791660630.612701 runnervmmprz5 zainod-0.10.1[3031]:     in zaino_chain_head_service::service::ChainHeadService::tick
1791660630.613489 runnervmmprz5 zainod-0.10.1[3031]:   19:30:30.613  INFO zaino_chain_head_service::service: Syncing block, height: 4382785, hash: 00006aedd8cf1d6a0247c3efa85d775c35f20b8d951c393b0f314dba208fc269
1791660630.613489 runnervmmprz5 zainod-0.10.1[3031]:     at packages/zaino-chain-head-service/src/service.rs:478
1791660630.613489 runnervmmprz5 zainod-0.10.1[3031]:     in zaino_chain_head_service::service::ChainHeadService::tick
1791660630.616193 runnervmmprz5 zainod-0.10.1[3031]:   19:30:30.616  INFO zaino_chain_head_service::service: Syncing block, height: 4382786, hash: 0083216be98c0b5460a8780a1a66851678856c74c3a5721898e9dc950c22b207
1791660630.616193 runnervmmprz5 zainod-0.10.1[3031]:     at packages/zaino-chain-head-service/src/service.rs:478
1791660630.616193 runnervmmprz5 zainod-0.10.1[3031]:     in zaino_chain_head_service::service::ChainHeadService::tick
1791660630.619148 runnervmmprz5 zainod-0.10.1[3031]:   19:30:30.619  INFO zaino_chain_head_service::service: Syncing block, height: 4382787, hash: 004af6c9861275edab26121a82a3cd8b272104db7c35f58b85f58cf0ba650966
1791660630.619148 runnervmmprz5 zainod-0.10.1[3031]:     at packages/zaino-chain-head-service/src/service.rs:478
1791660630.619148 runnervmmprz5 zainod-0.10.1[3031]:     in zaino_chain_head_service::service::ChainHeadService::tick
1791660630.622453 runnervmmprz5 zainod-0.10.1[3031]:   19:30:30.622  INFO zaino_chain_head_service::service: Syncing block, height: 4382788, hash: 00a6379b06e0acb50959c5bce8d1f28de95cf1f530b859d8f4bbe3ca78f9e7ab
1791660630.622453 runnervmmprz5 zainod-0.10.1[3031]:     at packages/zaino-chain-head-service/src/service.rs:478
1791660630.622453 runnervmmprz5 zainod-0.10.1[3031]:     in zaino_chain_head_service::service::ChainHeadService::tick
1791660630.623907 runnervmmprz5 zainod-0.10.1[3031]:   19:30:30.623  INFO zaino_chain_head_service::service: Syncing block, height: 4382789, hash: 00d26407ea0ce2c6f1e9de24cfc0784ebd09c9777f9f9746fecc86db02ac4cec
1791660630.623907 runnervmmprz5 zainod-0.10.1[3031]:     at packages/zaino-chain-head-service/src/service.rs:478
1791660630.623907 runnervmmprz5 zainod-0.10.1[3031]:     in zaino_chain_head_service::service::ChainHeadService::tick
1791660630.625954 runnervmmprz5 zainod-0.10.1[3031]:   19:30:30.625  INFO zaino_chain_head_service::service: Syncing block, height: 4382790, hash: 006bc305b9b01ff1a93836bfcd82f1b89caa65eb62b3a92431c57551eb82ebfd
1791660630.625954 runnervmmprz5 zainod-0.10.1[3031]:     at packages/zaino-chain-head-service/src/service.rs:478
1791660630.625954 runnervmmprz5 zainod-0.10.1[3031]:     in zaino_chain_head_service::service::ChainHeadService::tick
1791660630.627565 runnervmmprz5 zainod-0.10.1[3031]:   19:30:30.627  INFO zaino_chain_head_service::service: Syncing block, height: 4382791, hash: 000c1d296ef83ebd4f29a27d5eff6796ea134b32e3c9b40eb552f34a0f525913
1791660630.627565 runnervmmprz5 zainod-0.10.1[3031]:     at packages/zaino-chain-head-service/src/service.rs:478
1791660630.627565 runnervmmprz5 zainod-0.10.1[3031]:     in zaino_chain_head_service::service::ChainHeadService::tick
1791660630.628510 runnervmmprz5 zainod-0.10.1[3031]:   19:30:30.628  INFO zaino_chain_head_service::service: Syncing block, height: 4382792, hash: 003c64caf15c375e2eda9ed56a52b2962266ecd87ef671330b697973d7eeda3f
1791660630.628510 runnervmmprz5 zainod-0.10.1[3031]:     at packages/zaino-chain-head-service/src/service.rs:478
1791660630.628510 runnervmmprz5 zainod-0.10.1[3031]:     in zaino_chain_head_service::service::ChainHeadService::tick
1791660630.629542 runnervmmprz5 zainod-0.10.1[3031]:   19:30:30.629  INFO zaino_chain_head_service::service: Syncing block, height: 4382793, hash: 005fc0c18fab600ff85d0150d596dffc6feef2a02c4d2ffd67fee89d6cda88d8
1791660630.629542 runnervmmprz5 zainod-0.10.1[3031]:     at packages/zaino-chain-head-service/src/service.rs:478
1791660630.629542 runnervmmprz5 zainod-0.10.1[3031]:     in zaino_chain_head_service::service::ChainHeadService::tick
1791660630.632153 runnervmmprz5 zainod-0.10.1[3031]:   19:30:30.632  INFO zaino_chain_head_service::service: Syncing block, height: 4382794, hash: 0025b9c626743c5024c905e3891f4b0d942c6f0700be4e587734b5db06beccf1
1791660630.632153 runnervmmprz5 zainod-0.10.1[3031]:     at packages/zaino-chain-head-service/src/service.rs:478
1791660630.632153 runnervmmprz5 zainod-0.10.1[3031]:     in zaino_chain_head_service::service::ChainHeadService::tick
1791660630.633180 runnervmmprz5 zainod-0.10.1[3031]:   19:30:30.632  INFO zaino_chain_head_service::service: Syncing block, height: 4382795, hash: 003542c6a46daad26e96ca0bfaaf1648df93e99df7a47d1c85bd1702f4971a40
1791660630.633180 runnervmmprz5 zainod-0.10.1[3031]:     at packages/zaino-chain-head-service/src/service.rs:478
1791660630.633180 runnervmmprz5 zainod-0.10.1[3031]:     in zaino_chain_head_service::service::ChainHeadService::tick
1791660630.635782 runnervmmprz5 zainod-0.10.1[3031]:   19:30:30.635  INFO zaino_chain_head_service::service: Syncing block, height: 4382796, hash: 000020ebf8920f626fc63ea82dca8100f6cdf6247d5d844ef0bb0bf32a89e61f
1791660630.635782 runnervmmprz5 zainod-0.10.1[3031]:     at packages/zaino-chain-head-service/src/service.rs:478
1791660630.635782 runnervmmprz5 zainod-0.10.1[3031]:     in zaino_chain_head_service::service::ChainHeadService::tick
1791660630.636673 runnervmmprz5 zainod-0.10.1[3031]:   19:30:30.636  INFO zaino_chain_head_service::service: Syncing block, height: 4382797, hash: 005fcbb2921b64191535e49eb788b8d83848043ab2f46ef1c220621f85822227
1791660630.636673 runnervmmprz5 zainod-0.10.1[3031]:     at packages/zaino-chain-head-service/src/service.rs:478
1791660630.636673 runnervmmprz5 zainod-0.10.1[3031]:     in zaino_chain_head_service::service::ChainHeadService::tick
1791660630.637775 runnervmmprz5 zainod-0.10.1[3031]:   19:30:30.637  INFO zaino_chain_head_service::service: Syncing block, height: 4382798, hash: 002cde7a261764ceab363d23e95b5535bb80d96f6f4c5267b8f3eb586931fb47
1791660630.637775 runnervmmprz5 zainod-0.10.1[3031]:     at packages/zaino-chain-head-service/src/service.rs:478
1791660630.637775 runnervmmprz5 zainod-0.10.1[3031]:     in zaino_chain_head_service::service::ChainHeadService::tick
1791660630.638944 runnervmmprz5 zainod-0.10.1[3031]:   19:30:30.638  INFO zaino_chain_head_service::service: Syncing block, height: 4382799, hash: 0000303b46ac912dc77b5c697c967589b4fa5282e6d1ec025fc38767c129bd71
1791660630.638944 runnervmmprz5 zainod-0.10.1[3031]:     at packages/zaino-chain-head-service/src/service.rs:478
1791660630.638944 runnervmmprz5 zainod-0.10.1[3031]:     in zaino_chain_head_service::service::ChainHeadService::tick
1791660630.639899 runnervmmprz5 zainod-0.10.1[3031]:   19:30:30.639  INFO zaino_chain_head_service::service: Syncing block, height: 4382800, hash: 008bf4427b2587e977a99cd11f6b74a33c579f8bec83d8b729641386ad271e3e
1791660630.639899 runnervmmprz5 zainod-0.10.1[3031]:     at packages/zaino-chain-head-service/src/service.rs:478
1791660630.639899 runnervmmprz5 zainod-0.10.1[3031]:     in zaino_chain_head_service::service::ChainHeadService::tick
1791660630.640875 runnervmmprz5 zainod-0.10.1[3031]:   19:30:30.640  INFO zaino_chain_head_service::service: Syncing block, height: 4382801, hash: 005c2b4efeea82a913971401eeb0f9eb1201634be6a8cef36296de7a4947240e
1791660630.640875 runnervmmprz5 zainod-0.10.1[3031]:     at packages/zaino-chain-head-service/src/service.rs:478
1791660630.640875 runnervmmprz5 zainod-0.10.1[3031]:     in zaino_chain_head_service::service::ChainHeadService::tick
1791660630.641568 runnervmmprz5 zainod-0.10.1[3031]:   19:30:30.641  INFO zaino_chain_head_service::service: Syncing block, height: 4382802, hash: 0005941f7a492361bb353f93177efd4c51324fbd311d2367fe8144a915afddc2
1791660630.641568 runnervmmprz5 zainod-0.10.1[3031]:     at packages/zaino-chain-head-service/src/service.rs:478
1791660630.641568 runnervmmprz5 zainod-0.10.1[3031]:     in zaino_chain_head_service::service::ChainHeadService::tick
1791660630.642470 runnervmmprz5 zainod-0.10.1[3031]:   19:30:30.642  INFO zaino_chain_head_service::service: Syncing block, height: 4382803, hash: 0075a99f4d797d6b115f1770bfd1714dc2d122e4bf83936e3f2fa30013435e04
1791660630.642470 runnervmmprz5 zainod-0.10.1[3031]:     at packages/zaino-chain-head-service/src/service.rs:478
1791660630.642470 runnervmmprz5 zainod-0.10.1[3031]:     in zaino_chain_head_service::service::ChainHeadService::tick
1791660630.643940 runnervmmprz5 zainod-0.10.1[3031]:   19:30:30.643  INFO zaino_chain_head_service::service: Syncing block, height: 4382804, hash: 00362b2707994bee7f3e27ae028d1fc6b09c691502f295ce429c76f7ed90aba9
1791660630.643940 runnervmmprz5 zainod-0.10.1[3031]:     at packages/zaino-chain-head-service/src/service.rs:478
1791660630.643940 runnervmmprz5 zainod-0.10.1[3031]:     in zaino_chain_head_service::service::ChainHeadService::tick
1791660630.644870 runnervmmprz5 zainod-0.10.1[3031]:   19:30:30.644  INFO zaino_chain_head_service::service: Syncing block, height: 4382805, hash: 003ad4bc2716a442af6fbf514dbebcd40263cd51cd891f17322725b851146fd8
1791660630.644870 runnervmmprz5 zainod-0.10.1[3031]:     at packages/zaino-chain-head-service/src/service.rs:478
1791660630.644870 runnervmmprz5 zainod-0.10.1[3031]:     in zaino_chain_head_service::service::ChainHeadService::tick
1791660630.645641 runnervmmprz5 zainod-0.10.1[3031]:   19:30:30.645  INFO zaino_chain_head_service::service: Syncing block, height: 4382806, hash: 002b000673dc319ac30ebf4db33246540c33a34f230ddde8902262ea4e4c7985
1791660630.645641 runnervmmprz5 zainod-0.10.1[3031]:     at packages/zaino-chain-head-service/src/service.rs:478
1791660630.645641 runnervmmprz5 zainod-0.10.1[3031]:     in zaino_chain_head_service::service::ChainHeadService::tick
1791660630.646423 runnervmmprz5 zainod-0.10.1[3031]:   19:30:30.646  INFO zaino_chain_head_service::service: Syncing block, height: 4382807, hash: 005ce54b08cf342a7fbd192d3be53e5369ef49133ee8e25af3803fd1a15c1a73
1791660630.646423 runnervmmprz5 zainod-0.10.1[3031]:     at packages/zaino-chain-head-service/src/service.rs:478
1791660630.646423 runnervmmprz5 zainod-0.10.1[3031]:     in zaino_chain_head_service::service::ChainHeadService::tick
1791660630.647741 runnervmmprz5 zainod-0.10.1[3031]:   19:30:30.647  INFO zaino_chain_head_service::service: Syncing block, height: 4382808, hash: 00005b4d33f946f2f8f3fe864479112bc397ceb40c9220561e76839a0d07f3ba
1791660630.647741 runnervmmprz5 zainod-0.10.1[3031]:     at packages/zaino-chain-head-service/src/service.rs:478
1791660630.647741 runnervmmprz5 zainod-0.10.1[3031]:     in zaino_chain_head_service::service::ChainHeadService::tick
1791660630.649275 runnervmmprz5 zainod-0.10.1[3031]:   19:30:30.649  INFO zaino_chain_head_service::service: Syncing block, height: 4382809, hash: 0040ee343897073238b256443121f31c5ed7748775a92a698d7b156f02df139e
1791660630.649275 runnervmmprz5 zainod-0.10.1[3031]:     at packages/zaino-chain-head-service/src/service.rs:478
1791660630.649275 runnervmmprz5 zainod-0.10.1[3031]:     in zaino_chain_head_service::service::ChainHeadService::tick
1791660630.650019 runnervmmprz5 zainod-0.10.1[3031]:   19:30:30.649  INFO zaino_chain_head_service::service: Syncing block, height: 4382810, hash: 0064416aae269d3209328eacc7c6808e22f9850a97fba4043de6847146ca0c7d
1791660630.650019 runnervmmprz5 zainod-0.10.1[3031]:     at packages/zaino-chain-head-service/src/service.rs:478
1791660630.650019 runnervmmprz5 zainod-0.10.1[3031]:     in zaino_chain_head_service::service::ChainHeadService::tick
1791660630.651069 runnervmmprz5 zainod-0.10.1[3031]:   19:30:30.651  INFO zaino_chain_head_service::service: Syncing block, height: 4382811, hash: 00000cff777fb66883449d624821cc458842eebc430e1bb369dc8649df1086ac
1791660630.651069 runnervmmprz5 zainod-0.10.1[3031]:     at packages/zaino-chain-head-service/src/service.rs:478
1791660630.651069 runnervmmprz5 zainod-0.10.1[3031]:     in zaino_chain_head_service::service::ChainHeadService::tick
1791660630.652782 runnervmmprz5 zainod-0.10.1[3031]:   19:30:30.651  INFO zaino_chain_head_service::service: Syncing block, height: 4382812, hash: 0039ae2c169d1b9d77faee919af5bf6b3269740bdd7fe9635305b321c107d3e5
1791660630.652782 runnervmmprz5 zainod-0.10.1[3031]:     at packages/zaino-chain-head-service/src/service.rs:478
1791660630.652782 runnervmmprz5 zainod-0.10.1[3031]:     in zaino_chain_head_service::service::ChainHeadService::tick
1791660630.652782 runnervmmprz5 zainod-0.10.1[3031]:   19:30:30.652  INFO zaino_chain_head_service::service: Syncing block, height: 4382813, hash: 000067f95c86bcf3ec9956a2d297dc17fdc5b6f17ac6d646c1220290a0d2c777
1791660630.652782 runnervmmprz5 zainod-0.10.1[3031]:     at packages/zaino-chain-head-service/src/service.rs:478
1791660630.652782 runnervmmprz5 zainod-0.10.1[3031]:     in zaino_chain_head_service::service::ChainHeadService::tick
1791660630.653884 runnervmmprz5 zainod-0.10.1[3031]:   19:30:30.653  INFO zaino_chain_head_service::service: Syncing block, height: 4382814, hash: 004d3a785b1a0b6e2b32eb219a2a66eb121ba92e7f3950d9d33ae3ddaa4a2800
1791660630.653884 runnervmmprz5 zainod-0.10.1[3031]:     at packages/zaino-chain-head-service/src/service.rs:478
1791660630.653884 runnervmmprz5 zainod-0.10.1[3031]:     in zaino_chain_head_service::service::ChainHeadService::tick
1791660630.654440 runnervmmprz5 zainod-0.10.1[3031]:   19:30:30.654  INFO zaino_chain_head_service::service: Syncing block, height: 4382815, hash: 0000221762c60f746c4809166ecdeb249eceab7cc217f3fd6c3f55f8d47bd3b0
1791660630.654440 runnervmmprz5 zainod-0.10.1[3031]:     at packages/zaino-chain-head-service/src/service.rs:478
1791660630.654440 runnervmmprz5 zainod-0.10.1[3031]:     in zaino_chain_head_service::service::ChainHeadService::tick
1791660630.656178 runnervmmprz5 zainod-0.10.1[3031]:   19:30:30.656  INFO zaino_chain_head_service::service: Syncing block, height: 4382816, hash: 00007ee65e941810cf01396686fc177f8c6dabc4b8d1126082183beeebfc8c16
1791660630.656178 runnervmmprz5 zainod-0.10.1[3031]:     at packages/zaino-chain-head-service/src/service.rs:478
1791660630.656178 runnervmmprz5 zainod-0.10.1[3031]:     in zaino_chain_head_service::service::ChainHeadService::tick
1791660630.657815 runnervmmprz5 zainod-0.10.1[3031]:   19:30:30.657  INFO zaino_chain_head_service::service: Syncing block, height: 4382817, hash: 000020cabf1f0d0c7281f62a36bb808d4beb4c232d9aadd124bc5793a9b24476
1791660630.657815 runnervmmprz5 zainod-0.10.1[3031]:     at packages/zaino-chain-head-service/src/service.rs:478
1791660630.657815 runnervmmprz5 zainod-0.10.1[3031]:     in zaino_chain_head_service::service::ChainHeadService::tick
1791660630.658444 runnervmmprz5 zainod-0.10.1[3031]:   19:30:30.658  INFO zaino_chain_head_service::service: Syncing block, height: 4382818, hash: 00619eb8933a8a99531fea09d2662e76c13a45dd0c7842cae747735f3a7534f6
1791660630.658444 runnervmmprz5 zainod-0.10.1[3031]:     at packages/zaino-chain-head-service/src/service.rs:478
1791660630.658444 runnervmmprz5 zainod-0.10.1[3031]:     in zaino_chain_head_service::service::ChainHeadService::tick
1791660630.659146 runnervmmprz5 zainod-0.10.1[3031]:   19:30:30.659  INFO zaino_chain_head_service::service: Syncing block, height: 4382819, hash: 00007f84f90c38be4fcdd9a46708670e9b89dce84b15ecd15344480a289e9277
1791660630.659146 runnervmmprz5 zainod-0.10.1[3031]:     at packages/zaino-chain-head-service/src/service.rs:478
1791660630.659146 runnervmmprz5 zainod-0.10.1[3031]:     in zaino_chain_head_service::service::ChainHeadService::tick
1791660630.659927 runnervmmprz5 zainod-0.10.1[3031]:   19:30:30.659  INFO zaino_chain_head_service::service: Syncing block, height: 4382820, hash: 00006a972840e55f214fc55914c9b054fc5d23d2d2806b5c40ad6b217aca627c
1791660630.659927 runnervmmprz5 zainod-0.10.1[3031]:     at packages/zaino-chain-head-service/src/service.rs:478
1791660630.659927 runnervmmprz5 zainod-0.10.1[3031]:     in zaino_chain_head_service::service::ChainHeadService::tick
1791660630.660499 runnervmmprz5 zainod-0.10.1[3031]:   19:30:30.660  INFO zaino_chain_head_service::service: Syncing block, height: 4382821, hash: 00004a92a8c384a4429d66cdfa852e301d59d61ed29a6755c38ecd566ba7ed8d
1791660630.660499 runnervmmprz5 zainod-0.10.1[3031]:     at packages/zaino-chain-head-service/src/service.rs:478
1791660630.660499 runnervmmprz5 zainod-0.10.1[3031]:     in zaino_chain_head_service::service::ChainHeadService::tick
1791660630.662321 runnervmmprz5 zainod-0.10.1[3031]:   19:30:30.662  INFO zaino_chain_head_service::service: Syncing block, height: 4382822, hash: 00006846ae546f7a1a707370be77b7b14cba7162719c456537f6f8de6b9eb09d
1791660630.662321 runnervmmprz5 zainod-0.10.1[3031]:     at packages/zaino-chain-head-service/src/service.rs:478
1791660630.662321 runnervmmprz5 zainod-0.10.1[3031]:     in zaino_chain_head_service::service::ChainHeadService::tick
1791660630.664429 runnervmmprz5 zainod-0.10.1[3031]:   19:30:30.664  INFO zaino_chain_head_service::service: Syncing block, height: 4382823, hash: 00000c72e20fa238208a30045ec90f117c8a081c9b95d03ebfdff8742187661d
1791660630.664429 runnervmmprz5 zainod-0.10.1[3031]:     at packages/zaino-chain-head-service/src/service.rs:478
1791660630.664429 runnervmmprz5 zainod-0.10.1[3031]:     in zaino_chain_head_service::service::ChainHeadService::tick
1791660630.665149 runnervmmprz5 zainod-0.10.1[3031]:   19:30:30.665  INFO zaino_chain_head_service::service: Syncing block, height: 4382824, hash: 000066f0410c9262e61a5f99c9c2f2f79ad23d1375eb383ec3f287212c5699cb
1791660630.665149 runnervmmprz5 zainod-0.10.1[3031]:     at packages/zaino-chain-head-service/src/service.rs:478
1791660630.665149 runnervmmprz5 zainod-0.10.1[3031]:     in zaino_chain_head_service::service::ChainHeadService::tick
1791660630.666343 runnervmmprz5 zainod-0.10.1[3031]:   19:30:30.666  INFO zaino_chain_head_service::service: Syncing block, height: 4382825, hash: 0045b91714618bbc166e24245b3c5addd3f605b1144cf2c91a1e5d79e97edd4d
1791660630.666343 runnervmmprz5 zainod-0.10.1[3031]:     at packages/zaino-chain-head-service/src/service.rs:478
1791660630.666343 runnervmmprz5 zainod-0.10.1[3031]:     in zaino_chain_head_service::service::ChainHeadService::tick
1791660630.667169 runnervmmprz5 zainod-0.10.1[3031]:   19:30:30.667  INFO zaino_chain_head_service::service: Syncing block, height: 4382826, hash: 003a41046e1d2c1d780bdc20ce6e26d24d836afa1ab0cb57d6b6f1ba9604645b
1791660630.667169 runnervmmprz5 zainod-0.10.1[3031]:     at packages/zaino-chain-head-service/src/service.rs:478
1791660630.667169 runnervmmprz5 zainod-0.10.1[3031]:     in zaino_chain_head_service::service::ChainHeadService::tick
1791660630.668366 runnervmmprz5 zainod-0.10.1[3031]:   19:30:30.668  INFO zaino_chain_head_service::service: Syncing block, height: 4382827, hash: 00002e3e2c668b7793f8d39e4ee1decdfd0e456ef11450e868a2050d752f98ec
1791660630.668366 runnervmmprz5 zainod-0.10.1[3031]:     at packages/zaino-chain-head-service/src/service.rs:478
1791660630.668366 runnervmmprz5 zainod-0.10.1[3031]:     in zaino_chain_head_service::service::ChainHeadService::tick
1791660630.668864 runnervmmprz5 zainod-0.10.1[3031]:   19:30:30.668  INFO zaino_chain_head_service::service: Syncing block, height: 4382828, hash: 000024f062b1f0ed82ea6d86752412535f6605c176ba8d0f054abe56d053d57c
1791660630.668864 runnervmmprz5 zainod-0.10.1[3031]:     at packages/zaino-chain-head-service/src/service.rs:478
1791660630.668864 runnervmmprz5 zainod-0.10.1[3031]:     in zaino_chain_head_service::service::ChainHeadService::tick
1791660630.669830 runnervmmprz5 zainod-0.10.1[3031]:   19:30:30.669  INFO zaino_chain_head_service::service: Syncing block, height: 4382829, hash: 0000359ab073c7def75becd3962ec170af6a89a744fa45481c61799d8ec5801e
1791660630.669830 runnervmmprz5 zainod-0.10.1[3031]:     at packages/zaino-chain-head-service/src/service.rs:478
1791660630.669830 runnervmmprz5 zainod-0.10.1[3031]:     in zaino_chain_head_service::service::ChainHeadService::tick
1791660630.670867 runnervmmprz5 zainod-0.10.1[3031]:   19:30:30.670  INFO zaino_chain_head_service::service: Syncing block, height: 4382830, hash: 0000202d383c89723ab0de4eb95465184e35c28fbaf881f8d8d6d581a07fe7d0
1791660630.670867 runnervmmprz5 zainod-0.10.1[3031]:     at packages/zaino-chain-head-service/src/service.rs:478
1791660630.670867 runnervmmprz5 zainod-0.10.1[3031]:     in zaino_chain_head_service::service::ChainHeadService::tick
1791660630.672728 runnervmmprz5 zainod-0.10.1[3031]:   19:30:30.671  INFO zaino_chain_head_service::service: Syncing block, height: 4382831, hash: 000038c5991adc97b17abb5edcfd4ebe2aef1c65f14d345a17d00b2d9b4ddc12
1791660630.672728 runnervmmprz5 zainod-0.10.1[3031]:     at packages/zaino-chain-head-service/src/service.rs:478
1791660630.672728 runnervmmprz5 zainod-0.10.1[3031]:     in zaino_chain_head_service::service::ChainHeadService::tick
1791660630.672728 runnervmmprz5 zainod-0.10.1[3031]:   19:30:30.672  INFO zaino_chain_head_service::service: Syncing block, height: 4382832, hash: 000006ad243f04c3377e8379e7bdd0dd6fe55be434874cb37a06e0244ebb301a
1791660630.672728 runnervmmprz5 zainod-0.10.1[3031]:     at packages/zaino-chain-head-service/src/service.rs:478
1791660630.672728 runnervmmprz5 zainod-0.10.1[3031]:     in zaino_chain_head_service::service::ChainHeadService::tick
1791660630.673184 runnervmmprz5 zainod-0.10.1[3031]:   19:30:30.673  INFO zaino_chain_head_service::service: Syncing block, height: 4382833, hash: 00001d649a26e458b81612c72ae14ce6e6ca1895e3a1f9d9fbde1e5b07f3d304
1791660630.673184 runnervmmprz5 zainod-0.10.1[3031]:     at packages/zaino-chain-head-service/src/service.rs:478
1791660630.673184 runnervmmprz5 zainod-0.10.1[3031]:     in zaino_chain_head_service::service::ChainHeadService::tick
1791660630.673629 runnervmmprz5 zainod-0.10.1[3031]:   19:30:30.673  INFO zaino_chain_head_service::service: Syncing block, height: 4382834, hash: 00000b07698a02d6787f15e364a492c433bd2ac5fe1ae2bce82615674bf48066
1791660630.673629 runnervmmprz5 zainod-0.10.1[3031]:     at packages/zaino-chain-head-service/src/service.rs:478
1791660630.673629 runnervmmprz5 zainod-0.10.1[3031]:     in zaino_chain_head_service::service::ChainHeadService::tick
1791660630.674266 runnervmmprz5 zainod-0.10.1[3031]:   19:30:30.674  INFO zaino_chain_head_service::service: Syncing block, height: 4382835, hash: 00005adc1fd461e2999374dbc508d8253acd39813c7c42ccc1011959dea9443f
1791660630.674266 runnervmmprz5 zainod-0.10.1[3031]:     at packages/zaino-chain-head-service/src/service.rs:478
1791660630.674266 runnervmmprz5 zainod-0.10.1[3031]:     in zaino_chain_head_service::service::ChainHeadService::tick
1791660630.675336 runnervmmprz5 zainod-0.10.1[3031]:   19:30:30.675  INFO zaino_chain_head_service::service: Syncing block, height: 4382836, hash: 00003653afa2e83665b2d6e590eb7f02c64cc5fdb8189c1d06b50ce0de80c2e0
1791660630.675336 runnervmmprz5 zainod-0.10.1[3031]:     at packages/zaino-chain-head-service/src/service.rs:478
1791660630.675336 runnervmmprz5 zainod-0.10.1[3031]:     in zaino_chain_head_service::service::ChainHeadService::tick
1791660630.676547 runnervmmprz5 zainod-0.10.1[3031]:   19:30:30.676  INFO zaino_chain_head_service::service: Syncing block, height: 4382837, hash: 0000672144b3650b6579cba82b514ba810d96dfabdacc6fe646e4d6b8120aedb
1791660630.676547 runnervmmprz5 zainod-0.10.1[3031]:     at packages/zaino-chain-head-service/src/service.rs:478
1791660630.676547 runnervmmprz5 zainod-0.10.1[3031]:     in zaino_chain_head_service::service::ChainHeadService::tick
1791660630.677611 runnervmmprz5 zainod-0.10.1[3031]:   19:30:30.677  INFO zaino_chain_head_service::service: Syncing block, height: 4382838, hash: 00005cd721b326a88a46c3ddcbb2e5d163647cb03b18713fd6a44dff25ece1a6
1791660630.677611 runnervmmprz5 zainod-0.10.1[3031]:     at packages/zaino-chain-head-service/src/service.rs:478
1791660630.677611 runnervmmprz5 zainod-0.10.1[3031]:     in zaino_chain_head_service::service::ChainHeadService::tick
1791660630.680348 runnervmmprz5 zainod-0.10.1[3031]:   19:30:30.680  INFO zaino_chain_head_service::service: Syncing block, height: 4382839, hash: 000010e06da37394998a34ffd38211820204248cdb9556d351c51a5fc7e33568
1791660630.680348 runnervmmprz5 zainod-0.10.1[3031]:     at packages/zaino-chain-head-service/src/service.rs:478
1791660630.680348 runnervmmprz5 zainod-0.10.1[3031]:     in zaino_chain_head_service::service::ChainHeadService::tick
1791660630.682124 runnervmmprz5 zainod-0.10.1[3031]:   19:30:30.682  INFO zaino_chain_head_service::service: Syncing block, height: 4382840, hash: 000051a0ffcb0cade99ca97af65816024c8d2bea1079d48a21ab5afcfe27c77c
1791660630.682124 runnervmmprz5 zainod-0.10.1[3031]:     at packages/zaino-chain-head-service/src/service.rs:478
1791660630.682124 runnervmmprz5 zainod-0.10.1[3031]:     in zaino_chain_head_service::service::ChainHeadService::tick
1791660630.683802 runnervmmprz5 zainod-0.10.1[3031]:   19:30:30.683  INFO zaino_chain_head_service::service: Syncing block, height: 4382841, hash: 000013e3b42c12a3760b89b0ed91322cac4676bc56ab2b9f543ec57df181a997
1791660630.683802 runnervmmprz5 zainod-0.10.1[3031]:     at packages/zaino-chain-head-service/src/service.rs:478
1791660630.683802 runnervmmprz5 zainod-0.10.1[3031]:     in zaino_chain_head_service::service::ChainHeadService::tick
1791660630.685376 runnervmmprz5 zainod-0.10.1[3031]:   19:30:30.685  INFO zaino_chain_head_service::service: Syncing block, height: 4382842, hash: 0035c0570da2227e0c53d2f68b221765f65fd108dc9ed0451587fc56393eab0e
1791660630.685376 runnervmmprz5 zainod-0.10.1[3031]:     at packages/zaino-chain-head-service/src/service.rs:478
1791660630.685376 runnervmmprz5 zainod-0.10.1[3031]:     in zaino_chain_head_service::service::ChainHeadService::tick
1791660630.686464 runnervmmprz5 zainod-0.10.1[3031]:   19:30:30.686  INFO zaino_chain_head_service::service: Syncing block, height: 4382843, hash: 000013e86221866a96792fb8528ec83d69d1405dc88d6ceb7db2f1c791d873cb
1791660630.686464 runnervmmprz5 zainod-0.10.1[3031]:     at packages/zaino-chain-head-service/src/service.rs:478
1791660630.686464 runnervmmprz5 zainod-0.10.1[3031]:     in zaino_chain_head_service::service::ChainHeadService::tick
1791660630.687264 runnervmmprz5 zainod-0.10.1[3031]:   19:30:30.687  INFO zaino_chain_head_service::service: Syncing block, height: 4382844, hash: 0000441709df1857fb7f373bab44a78a624c8960d2bbc0f2c36046281f33d6a8
1791660630.687264 runnervmmprz5 zainod-0.10.1[3031]:     at packages/zaino-chain-head-service/src/service.rs:478
1791660630.687264 runnervmmprz5 zainod-0.10.1[3031]:     in zaino_chain_head_service::service::ChainHeadService::tick
1791660630.688028 runnervmmprz5 zainod-0.10.1[3031]:   19:30:30.687  INFO zaino_chain_head_service::service: Syncing block, height: 4382845, hash: 000053d609a16fea7fb47cb0244bfb257c487c1d049812a948d390ed1423a30e
1791660630.688028 runnervmmprz5 zainod-0.10.1[3031]:     at packages/zaino-chain-head-service/src/service.rs:478
1791660630.688028 runnervmmprz5 zainod-0.10.1[3031]:     in zaino_chain_head_service::service::ChainHeadService::tick
1791660630.689182 runnervmmprz5 zainod-0.10.1[3031]:   19:30:30.689  INFO zaino_chain_head_service::service: Syncing block, height: 4382846, hash: 000049c3637a84d87bee5481ddf4e4d9a8eaae144409450614a54d61ff642a27
1791660630.689182 runnervmmprz5 zainod-0.10.1[3031]:     at packages/zaino-chain-head-service/src/service.rs:478
1791660630.689182 runnervmmprz5 zainod-0.10.1[3031]:     in zaino_chain_head_service::service::ChainHeadService::tick
1791660630.690626 runnervmmprz5 zainod-0.10.1[3031]:   19:30:30.690  INFO zaino_chain_head_service::service: Syncing block, height: 4382847, hash: 00005c3f3a7c1f764610e25c687a60d594e95500c284ee6bd9d014fc2be5db02
1791660630.690626 runnervmmprz5 zainod-0.10.1[3031]:     at packages/zaino-chain-head-service/src/service.rs:478
1791660630.690626 runnervmmprz5 zainod-0.10.1[3031]:     in zaino_chain_head_service::service::ChainHeadService::tick
1791660630.691506 runnervmmprz5 zainod-0.10.1[3031]:   19:30:30.691  INFO zaino_chain_head_service::service: Syncing block, height: 4382848, hash: 0000286bde630e5c82915b105520bb9e1c6f745721cf7c2b0f283c9867a52dcd
1791660630.691506 runnervmmprz5 zainod-0.10.1[3031]:     at packages/zaino-chain-head-service/src/service.rs:478
1791660630.691506 runnervmmprz5 zainod-0.10.1[3031]:     in zaino_chain_head_service::service::ChainHeadService::tick
1791660630.692813 runnervmmprz5 zainod-0.10.1[3031]:   19:30:30.692  INFO zaino_chain_head_service::service: Syncing block, height: 4382849, hash: 00003f2f9d3cc35743e18941a4423e37ff4f2bc5248867e105bbcf3c8f5232c3
1791660630.692813 runnervmmprz5 zainod-0.10.1[3031]:     at packages/zaino-chain-head-service/src/service.rs:478
1791660630.692813 runnervmmprz5 zainod-0.10.1[3031]:     in zaino_chain_head_service::service::ChainHeadService::tick
1791660630.693930 runnervmmprz5 zainod-0.10.1[3031]:   19:30:30.693  INFO zaino_chain_head_service::service: Syncing block, height: 4382850, hash: 00005ae334dfb3bcb0e3f418586db6b35b063a1ac0ba15b8d5ba915a4024bc77
1791660630.693930 runnervmmprz5 zainod-0.10.1[3031]:     at packages/zaino-chain-head-service/src/service.rs:478
1791660630.693930 runnervmmprz5 zainod-0.10.1[3031]:     in zaino_chain_head_service::service::ChainHeadService::tick
1791660630.694911 runnervmmprz5 zainod-0.10.1[3031]:   19:30:30.694  INFO zaino_chain_head_service::service: Syncing block, height: 4382851, hash: 000040782ad54fb833428a2d5dcaf094cc09017fa02a963de7a5bf18b7054596
1791660630.694911 runnervmmprz5 zainod-0.10.1[3031]:     at packages/zaino-chain-head-service/src/service.rs:478
1791660630.694911 runnervmmprz5 zainod-0.10.1[3031]:     in zaino_chain_head_service::service::ChainHeadService::tick
1791660630.696109 runnervmmprz5 zainod-0.10.1[3031]:   19:30:30.696  INFO zaino_chain_head_service::service: Syncing block, height: 4382852, hash: 000056ec8c2e91f44b7f3bafd00561705dee35eeb3764cd332b3c70aaa7f057a
1791660630.696109 runnervmmprz5 zainod-0.10.1[3031]:     at packages/zaino-chain-head-service/src/service.rs:478
1791660630.696109 runnervmmprz5 zainod-0.10.1[3031]:     in zaino_chain_head_service::service::ChainHeadService::tick
1791660630.697493 runnervmmprz5 zainod-0.10.1[3031]:   19:30:30.697  INFO zaino_chain_head_service::service: Syncing block, height: 4382853, hash: 000031b909128b05870dfe6f2805c901b81cbe9e6167483869afe55a050ba6c7
1791660630.697493 runnervmmprz5 zainod-0.10.1[3031]:     at packages/zaino-chain-head-service/src/service.rs:478
1791660630.697493 runnervmmprz5 zainod-0.10.1[3031]:     in zaino_chain_head_service::service::ChainHeadService::tick
1791660630.698032 runnervmmprz5 zainod-0.10.1[3031]:   19:30:30.698  INFO zaino_chain_head_service::service: Syncing block, height: 4382854, hash: 00000951175885583b49a581e9f736f462efa4486a673bc2add815273a7434f4
1791660630.698032 runnervmmprz5 zainod-0.10.1[3031]:     at packages/zaino-chain-head-service/src/service.rs:478
1791660630.698032 runnervmmprz5 zainod-0.10.1[3031]:     in zaino_chain_head_service::service::ChainHeadService::tick
1791660630.698949 runnervmmprz5 zainod-0.10.1[3031]:   19:30:30.698  INFO zaino_chain_head_service::service: Syncing block, height: 4382855, hash: 000072a9c029bde0bd1f562629829a7b651ae82b021681aa8a99e47e076c473e
1791660630.698949 runnervmmprz5 zainod-0.10.1[3031]:     at packages/zaino-chain-head-service/src/service.rs:478
1791660630.698949 runnervmmprz5 zainod-0.10.1[3031]:     in zaino_chain_head_service::service::ChainHeadService::tick
1791660630.701683 runnervmmprz5 zainod-0.10.1[3031]:   19:30:30.701  INFO zaino_chain_head_service::service: Syncing block, height: 4382856, hash: 000029f85847094deb5704bd9becb9bd2b34cfcd833d767795a4115546c148c8
1791660630.701683 runnervmmprz5 zainod-0.10.1[3031]:     at packages/zaino-chain-head-service/src/service.rs:478
1791660630.701683 runnervmmprz5 zainod-0.10.1[3031]:     in zaino_chain_head_service::service::ChainHeadService::tick
1791660630.702442 runnervmmprz5 zainod-0.10.1[3031]:   19:30:30.702  INFO zaino_chain_head_service::service: Syncing block, height: 4382857, hash: 00007e532d1fd0cde0601f4d269f057a8100138a600c468f90d1c2992e742b51
1791660630.702442 runnervmmprz5 zainod-0.10.1[3031]:     at packages/zaino-chain-head-service/src/service.rs:478
1791660630.702442 runnervmmprz5 zainod-0.10.1[3031]:     in zaino_chain_head_service::service::ChainHeadService::tick
1791660630.703165 runnervmmprz5 zainod-0.10.1[3031]:   19:30:30.703  INFO zaino_chain_head_service::service: Syncing block, height: 4382858, hash: 00003c678cbee67037ef8a76b17d397078578b0958ad10eeda1c6b2c37ab9e96
1791660630.703165 runnervmmprz5 zainod-0.10.1[3031]:     at packages/zaino-chain-head-service/src/service.rs:478
1791660630.703165 runnervmmprz5 zainod-0.10.1[3031]:     in zaino_chain_head_service::service::ChainHeadService::tick
1791660630.704933 runnervmmprz5 zainod-0.10.1[3031]:   19:30:30.704  INFO zaino_chain_head_service::service: Syncing block, height: 4382859, hash: 00118365a4d7edb1432d0bb47b401a9e084f2882f68a1897b37e17328a37240d
1791660630.704933 runnervmmprz5 zainod-0.10.1[3031]:     at packages/zaino-chain-head-service/src/service.rs:478
1791660630.704933 runnervmmprz5 zainod-0.10.1[3031]:     in zaino_chain_head_service::service::ChainHeadService::tick
1791660630.708273 runnervmmprz5 zainod-0.10.1[3031]:   19:30:30.708  INFO zaino_chain_head_service::service: Syncing block, height: 4382860, hash: 001b8319da39e42c0efeaf92248a619bde18021a314ba452977f7a7cc543eddb
1791660630.708273 runnervmmprz5 zainod-0.10.1[3031]:     at packages/zaino-chain-head-service/src/service.rs:478
1791660630.708273 runnervmmprz5 zainod-0.10.1[3031]:     in zaino_chain_head_service::service::ChainHeadService::tick
1791660630.709107 runnervmmprz5 zainod-0.10.1[3031]:   19:30:30.709  INFO zaino_chain_head_service::service: Syncing block, height: 4382861, hash: 0000501a1ebdcc0fe61b769782e918651be31b549edad69c85777a0ac860a6db
1791660630.709107 runnervmmprz5 zainod-0.10.1[3031]:     at packages/zaino-chain-head-service/src/service.rs:478
1791660630.709107 runnervmmprz5 zainod-0.10.1[3031]:     in zaino_chain_head_service::service::ChainHeadService::tick
1791660630.711989 runnervmmprz5 zainod-0.10.1[3031]:   19:30:30.711  INFO zaino_chain_head_service::service: Syncing block, height: 4382862, hash: 00001b4a739069e1bf2cb47b9a90f3eb0969c130a467d68993f6530a4ff5a7e8
1791660630.711989 runnervmmprz5 zainod-0.10.1[3031]:     at packages/zaino-chain-head-service/src/service.rs:478
1791660630.711989 runnervmmprz5 zainod-0.10.1[3031]:     in zaino_chain_head_service::service::ChainHeadService::tick
1791660630.713415 runnervmmprz5 zainod-0.10.1[3031]:   19:30:30.713  INFO zaino_chain_head_service::service: Syncing block, height: 4382863, hash: 000cb265c7e9317322eb10d9012bdb4f1e1fe6cc1ccf915d2edcc75294d91969
1791660630.713415 runnervmmprz5 zainod-0.10.1[3031]:     at packages/zaino-chain-head-service/src/service.rs:478
1791660630.713415 runnervmmprz5 zainod-0.10.1[3031]:     in zaino_chain_head_service::service::ChainHeadService::tick
1791660630.713761 runnervmmprz5 zainod-0.10.1[3031]:   19:30:30.713  INFO zaino_chain_head_service::service: Syncing block, height: 4382864, hash: 000013f671a8e0c62bf07723f5ebe7979b47609951d301339eef01e1f90bd990
1791660630.713761 runnervmmprz5 zainod-0.10.1[3031]:     at packages/zaino-chain-head-service/src/service.rs:478
1791660630.713761 runnervmmprz5 zainod-0.10.1[3031]:     in zaino_chain_head_service::service::ChainHeadService::tick
1791660630.714814 runnervmmprz5 zainod-0.10.1[3031]:   19:30:30.714  INFO zaino_chain_head_service::service: Syncing block, height: 4382865, hash: 00007dfc11d566e9aa137869518111259e06d5930cb5012098ba6bdec5c6a555
1791660630.714814 runnervmmprz5 zainod-0.10.1[3031]:     at packages/zaino-chain-head-service/src/service.rs:478
1791660630.714814 runnervmmprz5 zainod-0.10.1[3031]:     in zaino_chain_head_service::service::ChainHeadService::tick
1791660630.715835 runnervmmprz5 zainod-0.10.1[3031]:   19:30:30.715  INFO zaino_chain_head_service::service: Syncing block, height: 4382866, hash: 00146c54d6a13822399fe248b0df50d72d59bfc936672f9d1bc47937bd73207c
1791660630.715835 runnervmmprz5 zainod-0.10.1[3031]:     at packages/zaino-chain-head-service/src/service.rs:478
1791660630.715835 runnervmmprz5 zainod-0.10.1[3031]:     in zaino_chain_head_service::service::ChainHeadService::tick
1791660630.717560 runnervmmprz5 zainod-0.10.1[3031]:   19:30:30.717  INFO zaino_chain_head_service::service: Syncing block, height: 4382867, hash: 000601fcc517f67887baa2caefca54b947575cdf4328f1c46a39ce04178db53b
1791660630.717560 runnervmmprz5 zainod-0.10.1[3031]:     at packages/zaino-chain-head-service/src/service.rs:478
1791660630.717560 runnervmmprz5 zainod-0.10.1[3031]:     in zaino_chain_head_service::service::ChainHeadService::tick
1791660630.720076 runnervmmprz5 zainod-0.10.1[3031]:   19:30:30.720  INFO zaino_chain_head_service::service: Syncing block, height: 4382868, hash: 0000168f5d57ec7d97423018d3472cecdd0a55aff5e49bb71a52ac808d24d1bc
1791660630.720076 runnervmmprz5 zainod-0.10.1[3031]:     at packages/zaino-chain-head-service/src/service.rs:478
1791660630.720076 runnervmmprz5 zainod-0.10.1[3031]:     in zaino_chain_head_service::service::ChainHeadService::tick
1791660630.721857 runnervmmprz5 zainod-0.10.1[3031]:   19:30:30.721  INFO zaino_chain_head_service::service: Syncing block, height: 4382869, hash: 00001259439348582953cc42521798d3ad3ceff601a3a38a1c054e771307e4db
1791660630.721857 runnervmmprz5 zainod-0.10.1[3031]:     at packages/zaino-chain-head-service/src/service.rs:478
1791660630.721857 runnervmmprz5 zainod-0.10.1[3031]:     in zaino_chain_head_service::service::ChainHeadService::tick
1791660630.723787 runnervmmprz5 zainod-0.10.1[3031]:   19:30:30.723  INFO zaino_chain_head_service::service: Syncing block, height: 4382870, hash: 000046d4378c5e0a1498c7ed4ce2cb154e5f4509099cd157162cb8661238caa5
1791660630.723787 runnervmmprz5 zainod-0.10.1[3031]:     at packages/zaino-chain-head-service/src/service.rs:478
1791660630.723787 runnervmmprz5 zainod-0.10.1[3031]:     in zaino_chain_head_service::service::ChainHeadService::tick
1791660630.724434 runnervmmprz5 zainod-0.10.1[3031]:   19:30:30.724  INFO zaino_chain_head_service::service: Syncing block, height: 4382871, hash: 000015b37c1e86664d95d3b1e84746a4269a2db2c61bea67c38c5f1540e83957
1791660630.724434 runnervmmprz5 zainod-0.10.1[3031]:     at packages/zaino-chain-head-service/src/service.rs:478
1791660630.724434 runnervmmprz5 zainod-0.10.1[3031]:     in zaino_chain_head_service::service::ChainHeadService::tick
1791660630.725392 runnervmmprz5 zainod-0.10.1[3031]:   19:30:30.725  INFO zaino_chain_head_service::service: Syncing block, height: 4382872, hash: 0000339a9109778a1d3150eae8b547758c5b209c97e5b8a81f973d166713c6a2
1791660630.725392 runnervmmprz5 zainod-0.10.1[3031]:     at packages/zaino-chain-head-service/src/service.rs:478
1791660630.725392 runnervmmprz5 zainod-0.10.1[3031]:     in zaino_chain_head_service::service::ChainHeadService::tick
1791660630.726067 runnervmmprz5 zainod-0.10.1[3031]:   19:30:30.726  INFO zaino_chain_head_service::service: Syncing block, height: 4382873, hash: 00007984b882c6d2fb4bbab4fe544c654a9cf0d047edbce2011859a3a0da27ae
1791660630.726067 runnervmmprz5 zainod-0.10.1[3031]:     at packages/zaino-chain-head-service/src/service.rs:478
1791660630.726067 runnervmmprz5 zainod-0.10.1[3031]:     in zaino_chain_head_service::service::ChainHeadService::tick
1791660630.727868 runnervmmprz5 zainod-0.10.1[3031]:   19:30:30.727  INFO zaino_chain_head_service::service: Syncing block, height: 4382874, hash: 0000244494eb4425f8dd07750ae5a1ae11cc5e3fb994cede3ba2f63e23be19b2
1791660630.727868 runnervmmprz5 zainod-0.10.1[3031]:     at packages/zaino-chain-head-service/src/service.rs:478
1791660630.727868 runnervmmprz5 zainod-0.10.1[3031]:     in zaino_chain_head_service::service::ChainHeadService::tick
1791660630.728702 runnervmmprz5 zainod-0.10.1[3031]:   19:30:30.728  INFO zaino_chain_head_service::service: Syncing block, height: 4382875, hash: 00004f38186807d82adc138e216671f8993f2c84784acfbbedc8b6adbd95e9e9
1791660630.728702 runnervmmprz5 zainod-0.10.1[3031]:     at packages/zaino-chain-head-service/src/service.rs:478
1791660630.728702 runnervmmprz5 zainod-0.10.1[3031]:     in zaino_chain_head_service::service::ChainHeadService::tick
1791660630.730182 runnervmmprz5 zainod-0.10.1[3031]:   19:30:30.730  INFO zaino_chain_head_service::service: Syncing block, height: 4382876, hash: 00000dde800750c6ba9a93fca3f546412a74cf22f17979fcca0f8e157387d952
1791660630.730182 runnervmmprz5 zainod-0.10.1[3031]:     at packages/zaino-chain-head-service/src/service.rs:478
1791660630.730182 runnervmmprz5 zainod-0.10.1[3031]:     in zaino_chain_head_service::service::ChainHeadService::tick
1791660630.730890 runnervmmprz5 zainod-0.10.1[3031]:   19:30:30.730  INFO zaino_chain_head_service::service: Syncing block, height: 4382877, hash: 0000685305710d3b1cf27ca7c7b9753e035d002f4c8faee3951a5742ad5075ca
1791660630.730890 runnervmmprz5 zainod-0.10.1[3031]:     at packages/zaino-chain-head-service/src/service.rs:478
1791660630.730890 runnervmmprz5 zainod-0.10.1[3031]:     in zaino_chain_head_service::service::ChainHeadService::tick
1791660630.731504 runnervmmprz5 zainod-0.10.1[3031]:   19:30:30.731  INFO zaino_chain_head_service::service: Syncing block, height: 4382878, hash: 0011ad1831e2c6b05874cfbdaf0e73b1545f5f3293220cd4260dfaeea45f29de
1791660630.731504 runnervmmprz5 zainod-0.10.1[3031]:     at packages/zaino-chain-head-service/src/service.rs:478
1791660630.731504 runnervmmprz5 zainod-0.10.1[3031]:     in zaino_chain_head_service::service::ChainHeadService::tick
1791660630.731885 runnervmmprz5 zainod-0.10.1[3031]:   19:30:30.731  INFO zaino_chain_head_service::service: Syncing block, height: 4382879, hash: 000038879d14aaaa7a2cc2bfe3de206098ef0922ed6b314d2a11462d4cf0e4bd
1791660630.731885 runnervmmprz5 zainod-0.10.1[3031]:     at packages/zaino-chain-head-service/src/service.rs:478
1791660630.731885 runnervmmprz5 zainod-0.10.1[3031]:     in zaino_chain_head_service::service::ChainHeadService::tick
1791660630.733188 runnervmmprz5 zainod-0.10.1[3031]:   19:30:30.733  INFO zaino_chain_head_service::service: Syncing block, height: 4382880, hash: 00002f5b1e6c4722a722628f503754d9717597a6bbe27be7422859e0be2040b0
1791660630.733188 runnervmmprz5 zainod-0.10.1[3031]:     at packages/zaino-chain-head-service/src/service.rs:478
1791660630.733188 runnervmmprz5 zainod-0.10.1[3031]:     in zaino_chain_head_service::service::ChainHeadService::tick
1791660630.733744 runnervmmprz5 zainod-0.10.1[3031]:   19:30:30.733  INFO zaino_chain_head_service::service: Syncing block, height: 4382881, hash: 0000770d57a769a16a26c48c914b83125a52aae0a6d1028876e5695867ea04b8
1791660630.733744 runnervmmprz5 zainod-0.10.1[3031]:     at packages/zaino-chain-head-service/src/service.rs:478
1791660630.733744 runnervmmprz5 zainod-0.10.1[3031]:     in zaino_chain_head_service::service::ChainHeadService::tick
1791660630.734626 runnervmmprz5 zainod-0.10.1[3031]:   19:30:30.734  INFO zaino_chain_head_service::service: Syncing block, height: 4382882, hash: 00003ccbec2e2b29cf8bdd14d18d42363062c972f197a5bc2ea1182dc43e1424
1791660630.734626 runnervmmprz5 zainod-0.10.1[3031]:     at packages/zaino-chain-head-service/src/service.rs:478
1791660630.734626 runnervmmprz5 zainod-0.10.1[3031]:     in zaino_chain_head_service::service::ChainHeadService::tick
1791660630.735172 runnervmmprz5 zainod-0.10.1[3031]:   19:30:30.735  INFO zaino_chain_head_service::service: Syncing block, height: 4382883, hash: 000044c1617c88c51032f49257defc7100327d6c9e3c086f1ca9643efe69bca2
1791660630.735172 runnervmmprz5 zainod-0.10.1[3031]:     at packages/zaino-chain-head-service/src/service.rs:478
1791660630.735172 runnervmmprz5 zainod-0.10.1[3031]:     in zaino_chain_head_service::service::ChainHeadService::tick
1791660630.735914 runnervmmprz5 zainod-0.10.1[3031]:   19:30:30.735  INFO zaino_chain_head_service::service: Syncing block, height: 4382884, hash: 000063cfa64e6471ae51149eef0d7c9814d25e84761c9e4cc477e82a68f68c50
1791660630.735914 runnervmmprz5 zainod-0.10.1[3031]:     at packages/zaino-chain-head-service/src/service.rs:478
1791660630.735914 runnervmmprz5 zainod-0.10.1[3031]:     in zaino_chain_head_service::service::ChainHeadService::tick
1791660630.736703 runnervmmprz5 zainod-0.10.1[3031]:   19:30:30.736  INFO zaino_chain_head_service::service: Syncing block, height: 4382885, hash: 000006c9c995805778c60519a992444c5b3c2e601634083bc204c3a00322ba26
1791660630.736703 runnervmmprz5 zainod-0.10.1[3031]:     at packages/zaino-chain-head-service/src/service.rs:478
1791660630.736703 runnervmmprz5 zainod-0.10.1[3031]:     in zaino_chain_head_service::service::ChainHeadService::tick
1791660630.738472 runnervmmprz5 zainod-0.10.1[3031]:   19:30:30.738  INFO zaino_chain_head_service::service: Syncing block, height: 4382886, hash: 0000031ff7f8815ab24917848ebbdb64d1dbc17ca970480b14925a4d7dd02874
1791660630.738472 runnervmmprz5 zainod-0.10.1[3031]:     at packages/zaino-chain-head-service/src/service.rs:478
1791660630.738472 runnervmmprz5 zainod-0.10.1[3031]:     in zaino_chain_head_service::service::ChainHeadService::tick
1791660630.741220 runnervmmprz5 zainod-0.10.1[3031]:   19:30:30.739  INFO zaino_chain_head_service::service: Syncing block, height: 4382887, hash: 000074c032a050b754137ac64979a9b3ff02791e5928e1d098c0ae37ac6f8c8c
1791660630.741220 runnervmmprz5 zainod-0.10.1[3031]:     at packages/zaino-chain-head-service/src/service.rs:478
1791660630.741220 runnervmmprz5 zainod-0.10.1[3031]:     in zaino_chain_head_service::service::ChainHeadService::tick
1791660630.741220 runnervmmprz5 zainod-0.10.1[3031]:   19:30:30.740  INFO zaino_chain_head_service::service: Syncing block, height: 4382888, hash: 00004c9f646ec7b6e29204d936525ee922fb9aa449e3a1a118d801eb72ecba86
1791660630.741220 runnervmmprz5 zainod-0.10.1[3031]:     at packages/zaino-chain-head-service/src/service.rs:478
1791660630.741220 runnervmmprz5 zainod-0.10.1[3031]:     in zaino_chain_head_service::service::ChainHeadService::tick
1791660630.741652 runnervmmprz5 zainod-0.10.1[3031]:   19:30:30.741  INFO zaino_chain_head_service::service: Syncing block, height: 4382889, hash: 000058d16ac7820e4634c4bd368aedf98e1d580e048bc60d5dab4752790672ca
1791660630.741652 runnervmmprz5 zainod-0.10.1[3031]:     at packages/zaino-chain-head-service/src/service.rs:478
1791660630.741652 runnervmmprz5 zainod-0.10.1[3031]:     in zaino_chain_head_service::service::ChainHeadService::tick
1791660630.742141 runnervmmprz5 zainod-0.10.1[3031]:   19:30:30.742  INFO zaino_chain_head_service::service: Syncing block, height: 4382890, hash: 00006f9ea5a597f3053a86b16ad3fd893a3a979d3c81ea05f8ea26fe8495b7b9
1791660630.742141 runnervmmprz5 zainod-0.10.1[3031]:     at packages/zaino-chain-head-service/src/service.rs:478
1791660630.742141 runnervmmprz5 zainod-0.10.1[3031]:     in zaino_chain_head_service::service::ChainHeadService::tick
1791660630.742806 runnervmmprz5 zainod-0.10.1[3031]:   19:30:30.742  INFO zaino_chain_head_service::service: Syncing block, height: 4382891, hash: 00004464c38180ccf7d31e317b278dae54e786139aeea2cf7c1489c857a111ea
1791660630.742806 runnervmmprz5 zainod-0.10.1[3031]:     at packages/zaino-chain-head-service/src/service.rs:478
1791660630.742806 runnervmmprz5 zainod-0.10.1[3031]:     in zaino_chain_head_service::service::ChainHeadService::tick
1791660630.743330 runnervmmprz5 zainod-0.10.1[3031]:   19:30:30.743  INFO zaino_chain_head_service::service: Syncing block, height: 4382892, hash: 000ad8fa066a0404f72fc7854b87da0ffdc5de9984d10a62f1ee95ccbcff62df
1791660630.743330 runnervmmprz5 zainod-0.10.1[3031]:     at packages/zaino-chain-head-service/src/service.rs:478
1791660630.743330 runnervmmprz5 zainod-0.10.1[3031]:     in zaino_chain_head_service::service::ChainHeadService::tick
1791660630.744060 runnervmmprz5 zainod-0.10.1[3031]:   19:30:30.744  INFO zaino_chain_head_service::service: Syncing block, height: 4382893, hash: 0000042f2bbe4e63bb226c2307f18a708569e917feb70727183650321d22f639
1791660630.744060 runnervmmprz5 zainod-0.10.1[3031]:     at packages/zaino-chain-head-service/src/service.rs:478
1791660630.744060 runnervmmprz5 zainod-0.10.1[3031]:     in zaino_chain_head_service::service::ChainHeadService::tick
1791660630.745191 runnervmmprz5 zainod-0.10.1[3031]:   19:30:30.745  INFO zaino_chain_head_service::service: Syncing block, height: 4382894, hash: 00002b1620247efe49fa0aed1e548d55681ab247736e9cd44db127d4172da63e
1791660630.745191 runnervmmprz5 zainod-0.10.1[3031]:     at packages/zaino-chain-head-service/src/service.rs:478
1791660630.745191 runnervmmprz5 zainod-0.10.1[3031]:     in zaino_chain_head_service::service::ChainHeadService::tick
1791660630.745781 runnervmmprz5 zainod-0.10.1[3031]:   19:30:30.745  INFO zaino_chain_head_service::service: Syncing block, height: 4382895, hash: 00000fed6ede83c864846cbb64876ff96f79670dda29bd213c1e246fb0b2af84
1791660630.745781 runnervmmprz5 zainod-0.10.1[3031]:     at packages/zaino-chain-head-service/src/service.rs:478
1791660630.745781 runnervmmprz5 zainod-0.10.1[3031]:     in zaino_chain_head_service::service::ChainHeadService::tick
1791660630.746513 runnervmmprz5 zainod-0.10.1[3031]:   19:30:30.746  INFO zaino_chain_head_service::service: Syncing block, height: 4382896, hash: 00005dedf3b637d07f0767b737c42ffa8925f7d2fdb1f6f4f58d0fa4de08dac7
1791660630.746513 runnervmmprz5 zainod-0.10.1[3031]:     at packages/zaino-chain-head-service/src/service.rs:478
1791660630.746513 runnervmmprz5 zainod-0.10.1[3031]:     in zaino_chain_head_service::service::ChainHeadService::tick
1791660630.746870 runnervmmprz5 zainod-0.10.1[3031]:   19:30:30.746  INFO zaino_chain_head_service::service: Syncing block, height: 4382897, hash: 00005894e6410b9d9524e38d725e6595ef4c8f85d4deb9e56b340751b0c3d678
1791660630.746870 runnervmmprz5 zainod-0.10.1[3031]:     at packages/zaino-chain-head-service/src/service.rs:478
1791660630.746870 runnervmmprz5 zainod-0.10.1[3031]:     in zaino_chain_head_service::service::ChainHeadService::tick
1791660630.747153 runnervmmprz5 zainod-0.10.1[3031]:   19:30:30.747  INFO zaino_chain_head_service::service: Chain head tip advanced, old_height: 4381896, new_height: 4382897, new_hash: 00005894e6410b9d9524e38d725e6595ef4c8f85d4deb9e56b340751b0c3d678
1791660630.747153 runnervmmprz5 zainod-0.10.1[3031]:     at packages/zaino-chain-head-service/src/service.rs:979
1791660630.747153 runnervmmprz5 zainod-0.10.1[3031]:     in zaino_chain_head_service::service::ChainHeadService::tick
1791660630.754064 runnervmmprz5 zainod-0.10.1[3031]:   19:30:30.754  INFO zainodlib: Zaino Indexer started successfully.
1791660630.754064 runnervmmprz5 zainod-0.10.1[3031]:     at packages/zainod/src/lib.rs:52
1791660632.641865 runnervmmprz5 zainod-0.10.1[3031]:   19:30:32.641  INFO zaino_serve::rpc::grpc::service: [TEST] received call, method: "get_lightd_info"
1791660632.641865 runnervmmprz5 zainod-0.10.1[3031]:     at packages/zaino-serve/src/rpc/grpc/service.rs:161
1791660632.654798 runnervmmprz5 zainod-0.10.1[3031]:   19:30:32.654  INFO zaino_serve::rpc::grpc::service: [TEST] received call, method: "get_block"
1791660632.654798 runnervmmprz5 zainod-0.10.1[3031]:     at packages/zaino-serve/src/rpc/grpc/service.rs:161
1791660632.658366 runnervmmprz5 zainod-0.10.1[3031]:   19:30:32.658  INFO zaino_serve::rpc::grpc::service: [TEST] received call, method: "get_block"
1791660632.658366 runnervmmprz5 zainod-0.10.1[3031]:     at packages/zaino-serve/src/rpc/grpc/service.rs:161
1791660637.644585 runnervmmprz5 zainod-0.10.1[3031]:   19:30:37.644  INFO zaino_serve::rpc::grpc::service: [TEST] received call, method: "get_lightd_info"
1791660637.644585 runnervmmprz5 zainod-0.10.1[3031]:     at packages/zaino-serve/src/rpc/grpc/service.rs:161
1791660637.659314 runnervmmprz5 zainod-0.10.1[3031]:   19:30:37.659  INFO zaino_serve::rpc::grpc::service: [TEST] received call, method: "get_block"
1791660637.659314 runnervmmprz5 zainod-0.10.1[3031]:     at packages/zaino-serve/src/rpc/grpc/service.rs:161
1791660637.661468 runnervmmprz5 zainod-0.10.1[3031]:   19:30:37.661  INFO zaino_serve::rpc::grpc::service: [TEST] received call, method: "get_block"
1791660637.661468 runnervmmprz5 zainod-0.10.1[3031]:     at packages/zaino-serve/src/rpc/grpc/service.rs:161
1791660638.930569 runnervmmprz5 zainod-0.10.1[3031]:   19:30:38.930  INFO zaino_chain_store_zainodb::store::finalised_source::v1::write_core: write_blocks_to_height: syncing, current: 19193, target: 4381896, zebra_network: Testnet
1791660638.930569 runnervmmprz5 zainod-0.10.1[3031]:     at packages/zaino-chain-store-zainodb/src/store/finalised_source/v1/write_core.rs:184
1791660640.755345 runnervmmprz5 zainod-0.10.1[3031]:   19:30:40.755  INFO zainodlib::indexer: Zaino status check, chain_state: Ready, fs_mode: ephemeral(syncing), json_rpc: Ready, grpc: Ready
1791660640.755345 runnervmmprz5 zainod-0.10.1[3031]:     at packages/zainod/src/indexer.rs:333
1791660642.639714 runnervmmprz5 zainod-0.10.1[3031]:   19:30:42.639  INFO zaino_serve::rpc::grpc::service: [TEST] received call, method: "get_lightd_info"
1791660642.639714 runnervmmprz5 zainod-0.10.1[3031]:     at packages/zaino-serve/src/rpc/grpc/service.rs:161
1791660642.648215 runnervmmprz5 zainod-0.10.1[3031]:   19:30:42.648  INFO zaino_serve::rpc::grpc::service: [TEST] received call, method: "get_block"
1791660642.648215 runnervmmprz5 zainod-0.10.1[3031]:     at packages/zaino-serve/src/rpc/grpc/service.rs:161
1791660642.650957 runnervmmprz5 zainod-0.10.1[3031]:   19:30:42.650  INFO zaino_serve::rpc::grpc::service: [TEST] received call, method: "get_block"
1791660642.650957 runnervmmprz5 zainod-0.10.1[3031]:     at packages/zaino-serve/src/rpc/grpc/service.rs:161
1791660647.638834 runnervmmprz5 zainod-0.10.1[3031]:   19:30:47.638  INFO zaino_serve::rpc::grpc::service: [TEST] received call, method: "get_lightd_info"
1791660647.638834 runnervmmprz5 zainod-0.10.1[3031]:     at packages/zaino-serve/src/rpc/grpc/service.rs:161
1791660647.646830 runnervmmprz5 zainod-0.10.1[3031]:   19:30:47.646  INFO zaino_serve::rpc::grpc::service: [TEST] received call, method: "get_block"
1791660647.646830 runnervmmprz5 zainod-0.10.1[3031]:     at packages/zaino-serve/src/rpc/grpc/service.rs:161
1791660647.648148 runnervmmprz5 zainod-0.10.1[3031]:   19:30:47.648  INFO zaino_serve::rpc::grpc::service: [TEST] received call, method: "get_block"
1791660647.648148 runnervmmprz5 zainod-0.10.1[3031]:     at packages/zaino-serve/src/rpc/grpc/service.rs:161
1791660648.930658 runnervmmprz5 zainod-0.10.1[3031]:   19:30:48.930  INFO zaino_chain_store_zainodb::store::finalised_source::v1::write_core: write_blocks_to_height: syncing, current: 39278, target: 4381896, zebra_network: Testnet
1791660648.930658 runnervmmprz5 zainod-0.10.1[3031]:     at packages/zaino-chain-store-zainodb/src/store/finalised_source/v1/write_core.rs:184
1791660650.854877 runnervmmprz5 zainod-0.10.1[3031]:   19:30:50.854  INFO zainodlib::indexer: Zaino status check, chain_state: Ready, fs_mode: ephemeral(syncing), json_rpc: Ready, grpc: Ready
1791660650.854877 runnervmmprz5 zainod-0.10.1[3031]:     at packages/zainod/src/indexer.rs:333
1791660652.637071 runnervmmprz5 zainod-0.10.1[3031]:   19:30:52.635  INFO zaino_serve::rpc::grpc::service: [TEST] received call, method: "get_lightd_info"
1791660652.637071 runnervmmprz5 zainod-0.10.1[3031]:     at packages/zaino-serve/src/rpc/grpc/service.rs:161
1791660652.641925 runnervmmprz5 zainod-0.10.1[3031]:   19:30:52.641  INFO zaino_serve::rpc::grpc::service: [TEST] received call, method: "get_block"
1791660652.641925 runnervmmprz5 zainod-0.10.1[3031]:     at packages/zaino-serve/src/rpc/grpc/service.rs:161
1791660652.642698 runnervmmprz5 zainod-0.10.1[3031]:   19:30:52.642  INFO zaino_serve::rpc::grpc::service: [TEST] received call, method: "get_block"
1791660652.642698 runnervmmprz5 zainod-0.10.1[3031]:     at packages/zaino-serve/src/rpc/grpc/service.rs:161
1791660657.641929 runnervmmprz5 zainod-0.10.1[3031]:   19:30:57.641  INFO zaino_serve::rpc::grpc::service: [TEST] received call, method: "get_lightd_info"
1791660657.641929 runnervmmprz5 zainod-0.10.1[3031]:     at packages/zaino-serve/src/rpc/grpc/service.rs:161
1791660657.652408 runnervmmprz5 zainod-0.10.1[3031]:   19:30:57.652  INFO zaino_serve::rpc::grpc::service: [TEST] received call, method: "get_block"
1791660657.652408 runnervmmprz5 zainod-0.10.1[3031]:     at packages/zaino-serve/src/rpc/grpc/service.rs:161
1791660657.653833 runnervmmprz5 zainod-0.10.1[3031]:   19:30:57.653  INFO zaino_serve::rpc::grpc::service: [TEST] received call, method: "get_block"
1791660657.653833 runnervmmprz5 zainod-0.10.1[3031]:     at packages/zaino-serve/src/rpc/grpc/service.rs:161
1791660658.930898 runnervmmprz5 zainod-0.10.1[3031]:   19:30:58.930  INFO zaino_chain_store_zainodb::store::finalised_source::v1::write_core: write_blocks_to_height: syncing, current: 61874, target: 4381896, zebra_network: Testnet
1791660658.930898 runnervmmprz5 zainod-0.10.1[3031]:     at packages/zaino-chain-store-zainodb/src/store/finalised_source/v1/write_core.rs:184
1791660660.854972 runnervmmprz5 zainod-0.10.1[3031]:   19:31:00.854  INFO zainodlib::indexer: Zaino status check, chain_state: Ready, fs_mode: ephemeral(syncing), json_rpc: Ready, grpc: Ready
1791660660.854972 runnervmmprz5 zainod-0.10.1[3031]:     at packages/zainod/src/indexer.rs:333
1791660662.643079 runnervmmprz5 zainod-0.10.1[3031]:   19:31:02.640  INFO zaino_serve::rpc::grpc::service: [TEST] received call, method: "get_lightd_info"
1791660662.643079 runnervmmprz5 zainod-0.10.1[3031]:     at packages/zaino-serve/src/rpc/grpc/service.rs:161
1791660662.650803 runnervmmprz5 zainod-0.10.1[3031]:   19:31:02.650  INFO zaino_serve::rpc::grpc::service: [TEST] received call, method: "get_block"
1791660662.650803 runnervmmprz5 zainod-0.10.1[3031]:     at packages/zaino-serve/src/rpc/grpc/service.rs:161
1791660662.652219 runnervmmprz5 zainod-0.10.1[3031]:   19:31:02.652  INFO zaino_serve::rpc::grpc::service: [TEST] received call, method: "get_block"
1791660662.652219 runnervmmprz5 zainod-0.10.1[3031]:     at packages/zaino-serve/src/rpc/grpc/service.rs:161
1791660667.644438 runnervmmprz5 zainod-0.10.1[3031]:   19:31:07.644  INFO zaino_serve::rpc::grpc::service: [TEST] received call, method: "get_lightd_info"
1791660667.644438 runnervmmprz5 zainod-0.10.1[3031]:     at packages/zaino-serve/src/rpc/grpc/service.rs:161
1791660667.655371 runnervmmprz5 zainod-0.10.1[3031]:   19:31:07.655  INFO zaino_serve::rpc::grpc::service: [TEST] received call, method: "get_block"
1791660667.655371 runnervmmprz5 zainod-0.10.1[3031]:     at packages/zaino-serve/src/rpc/grpc/service.rs:161
1791660667.657394 runnervmmprz5 zainod-0.10.1[3031]:   19:31:07.657  INFO zaino_serve::rpc::grpc::service: [TEST] received call, method: "get_block"
1791660667.657394 runnervmmprz5 zainod-0.10.1[3031]:     at packages/zaino-serve/src/rpc/grpc/service.rs:161
1791660668.932113 runnervmmprz5 zainod-0.10.1[3031]:   19:31:08.931  INFO zaino_chain_store_zainodb::store::finalised_source::v1::write_core: write_blocks_to_height: syncing, current: 82061, target: 4381896, zebra_network: Testnet
1791660668.932113 runnervmmprz5 zainod-0.10.1[3031]:     at packages/zaino-chain-store-zainodb/src/store/finalised_source/v1/write_core.rs:184
1791660670.855699 runnervmmprz5 zainod-0.10.1[3031]:   19:31:10.855  INFO zainodlib::indexer: Zaino status check, chain_state: Ready, fs_mode: ephemeral(syncing), json_rpc: Ready, grpc: Ready
1791660670.855699 runnervmmprz5 zainod-0.10.1[3031]:     at packages/zainod/src/indexer.rs:333
1791660672.638616 runnervmmprz5 zainod-0.10.1[3031]:   19:31:12.638  INFO zaino_serve::rpc::grpc::service: [TEST] received call, method: "get_lightd_info"
1791660672.638616 runnervmmprz5 zainod-0.10.1[3031]:     at packages/zaino-serve/src/rpc/grpc/service.rs:161
1791660672.645229 runnervmmprz5 zainod-0.10.1[3031]:   19:31:12.645  INFO zaino_serve::rpc::grpc::service: [TEST] received call, method: "get_block"
1791660672.645229 runnervmmprz5 zainod-0.10.1[3031]:     at packages/zaino-serve/src/rpc/grpc/service.rs:161
1791660672.647209 runnervmmprz5 zainod-0.10.1[3031]:   19:31:12.646  INFO zaino_serve::rpc::grpc::service: [TEST] received call, method: "get_block"
1791660672.647209 runnervmmprz5 zainod-0.10.1[3031]:     at packages/zaino-serve/src/rpc/grpc/service.rs:161
1791660677.642383 runnervmmprz5 zainod-0.10.1[3031]:   19:31:17.642  INFO zaino_serve::rpc::grpc::service: [TEST] received call, method: "get_lightd_info"
1791660677.642383 runnervmmprz5 zainod-0.10.1[3031]:     at packages/zaino-serve/src/rpc/grpc/service.rs:161
1791660677.660344 runnervmmprz5 zainod-0.10.1[3031]:   19:31:17.660  INFO zaino_serve::rpc::grpc::service: [TEST] received call, method: "get_block"
1791660677.660344 runnervmmprz5 zainod-0.10.1[3031]:     at packages/zaino-serve/src/rpc/grpc/service.rs:161
1791660677.662318 runnervmmprz5 zainod-0.10.1[3031]:   19:31:17.662  INFO zaino_serve::rpc::grpc::service: [TEST] received call, method: "get_block"
1791660677.662318 runnervmmprz5 zainod-0.10.1[3031]:     at packages/zaino-serve/src/rpc/grpc/service.rs:161
1791660678.933076 runnervmmprz5 zainod-0.10.1[3031]:   19:31:18.932  INFO zaino_chain_store_zainodb::store::finalised_source::v1::write_core: write_blocks_to_height: syncing, current: 106053, target: 4381896, zebra_network: Testnet
1791660678.933076 runnervmmprz5 zainod-0.10.1[3031]:     at packages/zaino-chain-store-zainodb/src/store/finalised_source/v1/write_core.rs:184
1791660680.955438 runnervmmprz5 zainod-0.10.1[3031]:   19:31:20.955  INFO zainodlib::indexer: Zaino status check, chain_state: Ready, fs_mode: ephemeral(syncing), json_rpc: Ready, grpc: Ready
1791660680.955438 runnervmmprz5 zainod-0.10.1[3031]:     at packages/zainod/src/indexer.rs:333
1791660682.646351 runnervmmprz5 zainod-0.10.1[3031]:   19:31:22.646  INFO zaino_serve::rpc::grpc::service: [TEST] received call, method: "get_lightd_info"
1791660682.646351 runnervmmprz5 zainod-0.10.1[3031]:     at packages/zaino-serve/src/rpc/grpc/service.rs:161
1791660682.656080 runnervmmprz5 zainod-0.10.1[3031]:   19:31:22.655  INFO zaino_serve::rpc::grpc::service: [TEST] received call, method: "get_block"
1791660682.656080 runnervmmprz5 zainod-0.10.1[3031]:     at packages/zaino-serve/src/rpc/grpc/service.rs:161
1791660682.658325 runnervmmprz5 zainod-0.10.1[3031]:   19:31:22.658  INFO zaino_serve::rpc::grpc::service: [TEST] received call, method: "get_block"
1791660682.658325 runnervmmprz5 zainod-0.10.1[3031]:     at packages/zaino-serve/src/rpc/grpc/service.rs:161
1791660687.647283 runnervmmprz5 zainod-0.10.1[3031]:   19:31:27.647  INFO zaino_serve::rpc::grpc::service: [TEST] received call, method: "get_lightd_info"
1791660687.647283 runnervmmprz5 zainod-0.10.1[3031]:     at packages/zaino-serve/src/rpc/grpc/service.rs:161
1791660687.659645 runnervmmprz5 zainod-0.10.1[3031]:   19:31:27.659  INFO zaino_serve::rpc::grpc::service: [TEST] received call, method: "get_block"
1791660687.659645 runnervmmprz5 zainod-0.10.1[3031]:     at packages/zaino-serve/src/rpc/grpc/service.rs:161
1791660687.662734 runnervmmprz5 zainod-0.10.1[3031]:   19:31:27.662  INFO zaino_serve::rpc::grpc::service: [TEST] received call, method: "get_block"
1791660687.662734 runnervmmprz5 zainod-0.10.1[3031]:     at packages/zaino-serve/src/rpc/grpc/service.rs:161
1791660688.932627 runnervmmprz5 zainod-0.10.1[3031]:   19:31:28.932  INFO zaino_chain_store_zainodb::store::finalised_source::v1::write_core: write_blocks_to_height: syncing, current: 129171, target: 4381896, zebra_network: Testnet
1791660688.932627 runnervmmprz5 zainod-0.10.1[3031]:     at packages/zaino-chain-store-zainodb/src/store/finalised_source/v1/write_core.rs:184
1791660691.055669 runnervmmprz5 zainod-0.10.1[3031]:   19:31:31.055  INFO zainodlib::indexer: Zaino status check, chain_state: Ready, fs_mode: ephemeral(syncing), json_rpc: Ready, grpc: Ready
1791660691.055669 runnervmmprz5 zainod-0.10.1[3031]:     at packages/zainod/src/indexer.rs:333
1791660692.642802 runnervmmprz5 zainod-0.10.1[3031]:   19:31:32.642  INFO zaino_serve::rpc::grpc::service: [TEST] received call, method: "get_lightd_info"
1791660692.642802 runnervmmprz5 zainod-0.10.1[3031]:     at packages/zaino-serve/src/rpc/grpc/service.rs:161
1791660692.650620 runnervmmprz5 zainod-0.10.1[3031]:   19:31:32.650  INFO zaino_serve::rpc::grpc::service: [TEST] received call, method: "get_block"
1791660692.650620 runnervmmprz5 zainod-0.10.1[3031]:     at packages/zaino-serve/src/rpc/grpc/service.rs:161
1791660692.651708 runnervmmprz5 zainod-0.10.1[3031]:   19:31:32.651  INFO zaino_serve::rpc::grpc::service: [TEST] received call, method: "get_block"
1791660692.651708 runnervmmprz5 zainod-0.10.1[3031]:     at packages/zaino-serve/src/rpc/grpc/service.rs:161
1791660697.647131 runnervmmprz5 zainod-0.10.1[3031]:   19:31:37.647  INFO zaino_serve::rpc::grpc::service: [TEST] received call, method: "get_lightd_info"
1791660697.647131 runnervmmprz5 zainod-0.10.1[3031]:     at packages/zaino-serve/src/rpc/grpc/service.rs:161
1791660697.656609 runnervmmprz5 zainod-0.10.1[3031]:   19:31:37.656  INFO zaino_serve::rpc::grpc::service: [TEST] received call, method: "get_block"
1791660697.656609 runnervmmprz5 zainod-0.10.1[3031]:     at packages/zaino-serve/src/rpc/grpc/service.rs:161
1791660697.658152 runnervmmprz5 zainod-0.10.1[3031]:   19:31:37.658  INFO zaino_serve::rpc::grpc::service: [TEST] received call, method: "get_block"
1791660697.658152 runnervmmprz5 zainod-0.10.1[3031]:     at packages/zaino-serve/src/rpc/grpc/service.rs:161
1791660698.934576 runnervmmprz5 zainod-0.10.1[3031]:   19:31:38.934  INFO zaino_chain_store_zainodb::store::finalised_source::v1::write_core: write_blocks_to_height: syncing, current: 156780, target: 4381896, zebra_network: Testnet
1791660698.934576 runnervmmprz5 zainod-0.10.1[3031]:     at packages/zaino-chain-store-zainodb/src/store/finalised_source/v1/write_core.rs:184
1791660701.154870 runnervmmprz5 zainod-0.10.1[3031]:   19:31:41.154  INFO zainodlib::indexer: Zaino status check, chain_state: Ready, fs_mode: ephemeral(syncing), json_rpc: Ready, grpc: Ready
1791660701.154870 runnervmmprz5 zainod-0.10.1[3031]:     at packages/zainod/src/indexer.rs:333
1791660702.647294 runnervmmprz5 zainod-0.10.1[3031]:   19:31:42.647  INFO zaino_serve::rpc::grpc::service: [TEST] received call, method: "get_lightd_info"
1791660702.647294 runnervmmprz5 zainod-0.10.1[3031]:     at packages/zaino-serve/src/rpc/grpc/service.rs:161
1791660702.657589 runnervmmprz5 zainod-0.10.1[3031]:   19:31:42.657  INFO zaino_serve::rpc::grpc::service: [TEST] received call, method: "get_block"
1791660702.657589 runnervmmprz5 zainod-0.10.1[3031]:     at packages/zaino-serve/src/rpc/grpc/service.rs:161
1791660702.658471 runnervmmprz5 zainod-0.10.1[3031]:   19:31:42.658  INFO zaino_serve::rpc::grpc::service: [TEST] received call, method: "get_block"
1791660702.658471 runnervmmprz5 zainod-0.10.1[3031]:     at packages/zaino-serve/src/rpc/grpc/service.rs:161
1791660707.647413 runnervmmprz5 zainod-0.10.1[3031]:   19:31:47.647  INFO zaino_serve::rpc::grpc::service: [TEST] received call, method: "get_lightd_info"
1791660707.647413 runnervmmprz5 zainod-0.10.1[3031]:     at packages/zaino-serve/src/rpc/grpc/service.rs:161
1791660707.658464 runnervmmprz5 zainod-0.10.1[3031]:   19:31:47.658  INFO zaino_serve::rpc::grpc::service: [TEST] received call, method: "get_block"
1791660707.658464 runnervmmprz5 zainod-0.10.1[3031]:     at packages/zaino-serve/src/rpc/grpc/service.rs:161
1791660707.660292 runnervmmprz5 zainod-0.10.1[3031]:   19:31:47.660  INFO zaino_serve::rpc::grpc::service: [TEST] received call, method: "get_block"
1791660707.660292 runnervmmprz5 zainod-0.10.1[3031]:     at packages/zaino-serve/src/rpc/grpc/service.rs:161
1791660708.935192 runnervmmprz5 zainod-0.10.1[3031]:   19:31:48.935  INFO zaino_chain_store_zainodb::store::finalised_source::v1::write_core: write_blocks_to_height: syncing, current: 183474, target: 4381896, zebra_network: Testnet
1791660708.935192 runnervmmprz5 zainod-0.10.1[3031]:     at packages/zaino-chain-store-zainodb/src/store/finalised_source/v1/write_core.rs:184
1791660711.155522 runnervmmprz5 zainod-0.10.1[3031]:   19:31:51.155  INFO zainodlib::indexer: Zaino status check, chain_state: Ready, fs_mode: ephemeral(syncing), json_rpc: Ready, grpc: Ready
1791660711.155522 runnervmmprz5 zainod-0.10.1[3031]:     at packages/zainod/src/indexer.rs:333
1791660712.647770 runnervmmprz5 zainod-0.10.1[3031]:   19:31:52.647  INFO zaino_serve::rpc::grpc::service: [TEST] received call, method: "get_lightd_info"
1791660712.647770 runnervmmprz5 zainod-0.10.1[3031]:     at packages/zaino-serve/src/rpc/grpc/service.rs:161
1791660712.656261 runnervmmprz5 zainod-0.10.1[3031]:   19:31:52.656  INFO zaino_serve::rpc::grpc::service: [TEST] received call, method: "get_block"
1791660712.656261 runnervmmprz5 zainod-0.10.1[3031]:     at packages/zaino-serve/src/rpc/grpc/service.rs:161
1791660712.657567 runnervmmprz5 zainod-0.10.1[3031]:   19:31:52.657  INFO zaino_serve::rpc::grpc::service: [TEST] received call, method: "get_block"
1791660712.657567 runnervmmprz5 zainod-0.10.1[3031]:     at packages/zaino-serve/src/rpc/grpc/service.rs:161
1791660715.647826 runnervmmprz5 zainod-0.10.1[3031]:   19:31:55.647  INFO zaino_chain_store_zainodb::store::finalised_source::v1::write_core: write_blocks_to_height: committed batch, height: 99999, blocks: 100000
1791660715.647826 runnervmmprz5 zainod-0.10.1[3031]:     at packages/zaino-chain-store-zainodb/src/store/finalised_source/v1/write_core.rs:636
1791660717.649116 runnervmmprz5 zainod-0.10.1[3031]:   19:31:57.649  INFO zaino_serve::rpc::grpc::service: [TEST] received call, method: "get_lightd_info"
1791660717.649116 runnervmmprz5 zainod-0.10.1[3031]:     at packages/zaino-serve/src/rpc/grpc/service.rs:161
1791660717.656979 runnervmmprz5 zainod-0.10.1[3031]:   19:31:57.656  INFO zaino_serve::rpc::grpc::service: [TEST] received call, method: "get_block"
1791660717.656979 runnervmmprz5 zainod-0.10.1[3031]:     at packages/zaino-serve/src/rpc/grpc/service.rs:161
1791660717.658791 runnervmmprz5 zainod-0.10.1[3031]:   19:31:57.658  INFO zaino_serve::rpc::grpc::service: [TEST] received call, method: "get_block"
1791660717.658791 runnervmmprz5 zainod-0.10.1[3031]:     at packages/zaino-serve/src/rpc/grpc/service.rs:161
1791660718.936277 runnervmmprz5 zainod-0.10.1[3031]:   19:31:58.936  INFO zaino_chain_store_zainodb::store::finalised_source::v1::write_core: write_blocks_to_height: syncing, current: 206614, target: 4381896, zebra_network: Testnet
1791660718.936277 runnervmmprz5 zainod-0.10.1[3031]:     at packages/zaino-chain-store-zainodb/src/store/finalised_source/v1/write_core.rs:184
1791660721.255301 runnervmmprz5 zainod-0.10.1[3031]:   19:32:01.255  INFO zainodlib::indexer: Zaino status check, chain_state: Ready, fs_mode: ephemeral(syncing), json_rpc: Ready, grpc: Ready
1791660721.255301 runnervmmprz5 zainod-0.10.1[3031]:     at packages/zainod/src/indexer.rs:333
1791660722.652621 runnervmmprz5 zainod-0.10.1[3031]:   19:32:02.652  INFO zaino_serve::rpc::grpc::service: [TEST] received call, method: "get_lightd_info"
1791660722.652621 runnervmmprz5 zainod-0.10.1[3031]:     at packages/zaino-serve/src/rpc/grpc/service.rs:161
1791660722.661733 runnervmmprz5 zainod-0.10.1[3031]:   19:32:02.661  INFO zaino_serve::rpc::grpc::service: [TEST] received call, method: "get_block"
1791660722.661733 runnervmmprz5 zainod-0.10.1[3031]:     at packages/zaino-serve/src/rpc/grpc/service.rs:161
1791660722.663187 runnervmmprz5 zainod-0.10.1[3031]:   19:32:02.663  INFO zaino_serve::rpc::grpc::service: [TEST] received call, method: "get_block"
1791660722.663187 runnervmmprz5 zainod-0.10.1[3031]:     at packages/zaino-serve/src/rpc/grpc/service.rs:161
1791660727.833076 runnervmmprz5 zainod-0.10.1[3031]:   19:32:07.832  INFO zaino_serve::rpc::grpc::service: [TEST] received call, method: "get_lightd_info"
1791660727.833076 runnervmmprz5 zainod-0.10.1[3031]:     at packages/zaino-serve/src/rpc/grpc/service.rs:161
1791660727.844367 runnervmmprz5 zainod-0.10.1[3031]:   19:32:07.844  INFO zaino_serve::rpc::grpc::service: [TEST] received call, method: "get_block"
1791660727.844367 runnervmmprz5 zainod-0.10.1[3031]:     at packages/zaino-serve/src/rpc/grpc/service.rs:161
1791660727.846337 runnervmmprz5 zainod-0.10.1[3031]:   19:32:07.846  INFO zaino_serve::rpc::grpc::service: [TEST] received call, method: "get_block"
1791660727.846337 runnervmmprz5 zainod-0.10.1[3031]:     at packages/zaino-serve/src/rpc/grpc/service.rs:161
1791660728.937134 runnervmmprz5 zainod-0.10.1[3031]:   19:32:08.937  INFO zaino_chain_store_zainodb::store::finalised_source::v1::write_core: write_blocks_to_height: syncing, current: 227524, target: 4381896, zebra_network: Testnet
1791660728.937134 runnervmmprz5 zainod-0.10.1[3031]:     at packages/zaino-chain-store-zainodb/src/store/finalised_source/v1/write_core.rs:184
1791660731.355473 runnervmmprz5 zainod-0.10.1[3031]:   19:32:11.355  INFO zainodlib::indexer: Zaino status check, chain_state: Ready, fs_mode: ephemeral(syncing), json_rpc: Ready, grpc: Ready
1791660731.355473 runnervmmprz5 zainod-0.10.1[3031]:     at packages/zainod/src/indexer.rs:333
1791660732.646411 runnervmmprz5 zainod-0.10.1[3031]:   19:32:12.646  INFO zaino_serve::rpc::grpc::service: [TEST] received call, method: "get_lightd_info"
1791660732.646411 runnervmmprz5 zainod-0.10.1[3031]:     at packages/zaino-serve/src/rpc/grpc/service.rs:161
1791660732.656843 runnervmmprz5 zainod-0.10.1[3031]:   19:32:12.656  INFO zaino_serve::rpc::grpc::service: [TEST] received call, method: "get_block"
1791660732.656843 runnervmmprz5 zainod-0.10.1[3031]:     at packages/zaino-serve/src/rpc/grpc/service.rs:161
1791660732.658279 runnervmmprz5 zainod-0.10.1[3031]:   19:32:12.658  INFO zaino_serve::rpc::grpc::service: [TEST] received call, method: "get_block"
1791660732.658279 runnervmmprz5 zainod-0.10.1[3031]:     at packages/zaino-serve/src/rpc/grpc/service.rs:161
1791660737.650631 runnervmmprz5 zainod-0.10.1[3031]:   19:32:17.650  INFO zaino_serve::rpc::grpc::service: [TEST] received call, method: "get_lightd_info"
1791660737.650631 runnervmmprz5 zainod-0.10.1[3031]:     at packages/zaino-serve/src/rpc/grpc/service.rs:161
1791660737.656646 runnervmmprz5 zainod-0.10.1[3031]:   19:32:17.656  INFO zaino_serve::rpc::grpc::service: [TEST] received call, method: "get_block"
1791660737.656646 runnervmmprz5 zainod-0.10.1[3031]:     at packages/zaino-serve/src/rpc/grpc/service.rs:161
1791660737.658451 runnervmmprz5 zainod-0.10.1[3031]:   19:32:17.658  INFO zaino_serve::rpc::grpc::service: [TEST] received call, method: "get_block"
1791660737.658451 runnervmmprz5 zainod-0.10.1[3031]:     at packages/zaino-serve/src/rpc/grpc/service.rs:161
1791660738.938649 runnervmmprz5 zainod-0.10.1[3031]:   19:32:18.938  INFO zaino_chain_store_zainodb::store::finalised_source::v1::write_core: write_blocks_to_height: syncing, current: 253933, target: 4381896, zebra_network: Testnet
1791660738.938649 runnervmmprz5 zainod-0.10.1[3031]:     at packages/zaino-chain-store-zainodb/src/store/finalised_source/v1/write_core.rs:184
1791660741.455436 runnervmmprz5 zainod-0.10.1[3031]:   19:32:21.455  INFO zainodlib::indexer: Zaino status check, chain_state: Ready, fs_mode: ephemeral(syncing), json_rpc: Ready, grpc: Ready
1791660741.455436 runnervmmprz5 zainod-0.10.1[3031]:     at packages/zainod/src/indexer.rs:333
1791660742.650778 runnervmmprz5 zainod-0.10.1[3031]:   19:32:22.650  INFO zaino_serve::rpc::grpc::service: [TEST] received call, method: "get_lightd_info"
1791660742.650778 runnervmmprz5 zainod-0.10.1[3031]:     at packages/zaino-serve/src/rpc/grpc/service.rs:161
1791660742.658375 runnervmmprz5 zainod-0.10.1[3031]:   19:32:22.658  INFO zaino_serve::rpc::grpc::service: [TEST] received call, method: "get_block"
1791660742.658375 runnervmmprz5 zainod-0.10.1[3031]:     at packages/zaino-serve/src/rpc/grpc/service.rs:161
1791660742.659378 runnervmmprz5 zainod-0.10.1[3031]:   19:32:22.659  INFO zaino_serve::rpc::grpc::service: [TEST] received call, method: "get_block"
1791660742.659378 runnervmmprz5 zainod-0.10.1[3031]:     at packages/zaino-serve/src/rpc/grpc/service.rs:161
1791660747.645564 runnervmmprz5 zainod-0.10.1[3031]:   19:32:27.645  INFO zaino_serve::rpc::grpc::service: [TEST] received call, method: "get_lightd_info"
1791660747.645564 runnervmmprz5 zainod-0.10.1[3031]:     at packages/zaino-serve/src/rpc/grpc/service.rs:161
1791660747.651801 runnervmmprz5 zainod-0.10.1[3031]:   19:32:27.651  INFO zaino_serve::rpc::grpc::service: [TEST] received call, method: "get_block"
1791660747.651801 runnervmmprz5 zainod-0.10.1[3031]:     at packages/zaino-serve/src/rpc/grpc/service.rs:161
1791660747.653158 runnervmmprz5 zainod-0.10.1[3031]:   19:32:27.653  INFO zaino_serve::rpc::grpc::service: [TEST] received call, method: "get_block"
1791660747.653158 runnervmmprz5 zainod-0.10.1[3031]:     at packages/zaino-serve/src/rpc/grpc/service.rs:161
1791660749.028323 runnervmmprz5 zainod-0.10.1[3031]:   19:32:29.028  INFO zaino_chain_store_zainodb::store::finalised_source::v1::write_core: write_blocks_to_height: syncing, current: 282757, target: 4381896, zebra_network: Testnet
1791660749.028323 runnervmmprz5 zainod-0.10.1[3031]:     at packages/zaino-chain-store-zainodb/src/store/finalised_source/v1/write_core.rs:184
1791660751.555670 runnervmmprz5 zainod-0.10.1[3031]:   19:32:31.555  INFO zainodlib::indexer: Zaino status check, chain_state: Ready, fs_mode: ephemeral(syncing), json_rpc: Ready, grpc: Ready
1791660751.555670 runnervmmprz5 zainod-0.10.1[3031]:     at packages/zainod/src/indexer.rs:333
1791660752.644084 runnervmmprz5 zainod-0.10.1[3031]:   19:32:32.644  INFO zaino_serve::rpc::grpc::service: [TEST] received call, method: "get_lightd_info"
1791660752.644084 runnervmmprz5 zainod-0.10.1[3031]:     at packages/zaino-serve/src/rpc/grpc/service.rs:161
1791660752.649404 runnervmmprz5 zainod-0.10.1[3031]:   19:32:32.649  INFO zaino_serve::rpc::grpc::service: [TEST] received call, method: "get_block"
1791660752.649404 runnervmmprz5 zainod-0.10.1[3031]:     at packages/zaino-serve/src/rpc/grpc/service.rs:161
1791660752.650245 runnervmmprz5 zainod-0.10.1[3031]:   19:32:32.650  INFO zaino_serve::rpc::grpc::service: [TEST] received call, method: "get_block"
1791660752.650245 runnervmmprz5 zainod-0.10.1[3031]:     at packages/zaino-serve/src/rpc/grpc/service.rs:161
1791660757.648078 runnervmmprz5 zainod-0.10.1[3031]:   19:32:37.648  INFO zaino_serve::rpc::grpc::service: [TEST] received call, method: "get_lightd_info"
1791660757.648078 runnervmmprz5 zainod-0.10.1[3031]:     at packages/zaino-serve/src/rpc/grpc/service.rs:161
1791660757.653304 runnervmmprz5 zainod-0.10.1[3031]:   19:32:37.653  INFO zaino_serve::rpc::grpc::service: [TEST] received call, method: "get_block"
1791660757.653304 runnervmmprz5 zainod-0.10.1[3031]:     at packages/zaino-serve/src/rpc/grpc/service.rs:161
1791660757.654133 runnervmmprz5 zainod-0.10.1[3031]:   19:32:37.654  INFO zaino_serve::rpc::grpc::service: [TEST] received call, method: "get_block"
1791660757.654133 runnervmmprz5 zainod-0.10.1[3031]:     at packages/zaino-serve/src/rpc/grpc/service.rs:161
1791660758.982966 runnervmmprz5 zainod-0.10.1[3031]:   19:32:38.982  INFO zaino_chain_store_zainodb::store::finalised_source::v1::write_core: write_blocks_to_height: committed batch, height: 199999, blocks: 100000
1791660758.982966 runnervmmprz5 zainod-0.10.1[3031]:     at packages/zaino-chain-store-zainodb/src/store/finalised_source/v1/write_core.rs:636
1791660759.029071 runnervmmprz5 zainod-0.10.1[3031]:   19:32:39.029  INFO zaino_chain_store_zainodb::store::finalised_source::v1::write_core: write_blocks_to_height: syncing, current: 300011, target: 4381896, zebra_network: Testnet
1791660759.029071 runnervmmprz5 zainod-0.10.1[3031]:     at packages/zaino-chain-store-zainodb/src/store/finalised_source/v1/write_core.rs:184
1791660761.655404 runnervmmprz5 zainod-0.10.1[3031]:   19:32:41.655  INFO zainodlib::indexer: Zaino status check, chain_state: Ready, fs_mode: ephemeral(syncing), json_rpc: Ready, grpc: Ready
1791660761.655404 runnervmmprz5 zainod-0.10.1[3031]:     at packages/zainod/src/indexer.rs:333
1791660762.640200 runnervmmprz5 zainod-0.10.1[3031]:   19:32:42.640  INFO zaino_serve::rpc::grpc::service: [TEST] received call, method: "get_lightd_info"
1791660762.640200 runnervmmprz5 zainod-0.10.1[3031]:     at packages/zaino-serve/src/rpc/grpc/service.rs:161
1791660762.643637 runnervmmprz5 zainod-0.10.1[3031]:   19:32:42.643  INFO zaino_serve::rpc::grpc::service: [TEST] received call, method: "get_block"
1791660762.643637 runnervmmprz5 zainod-0.10.1[3031]:     at packages/zaino-serve/src/rpc/grpc/service.rs:161
1791660762.644357 runnervmmprz5 zainod-0.10.1[3031]:   19:32:42.644  INFO zaino_serve::rpc::grpc::service: [TEST] received call, method: "get_block"
1791660762.644357 runnervmmprz5 zainod-0.10.1[3031]:     at packages/zaino-serve/src/rpc/grpc/service.rs:161
1791660767.647490 runnervmmprz5 zainod-0.10.1[3031]:   19:32:47.647  INFO zaino_serve::rpc::grpc::service: [TEST] received call, method: "get_lightd_info"
1791660767.647490 runnervmmprz5 zainod-0.10.1[3031]:     at packages/zaino-serve/src/rpc/grpc/service.rs:161
1791660767.652505 runnervmmprz5 zainod-0.10.1[3031]:   19:32:47.652  INFO zaino_serve::rpc::grpc::service: [TEST] received call, method: "get_block"
1791660767.652505 runnervmmprz5 zainod-0.10.1[3031]:     at packages/zaino-serve/src/rpc/grpc/service.rs:161
1791660767.653467 runnervmmprz5 zainod-0.10.1[3031]:   19:32:47.653  INFO zaino_serve::rpc::grpc::service: [TEST] received call, method: "get_block"
1791660767.653467 runnervmmprz5 zainod-0.10.1[3031]:     at packages/zaino-serve/src/rpc/grpc/service.rs:161
1791660769.029364 runnervmmprz5 zainod-0.10.1[3031]:   19:32:49.029  INFO zaino_chain_store_zainodb::store::finalised_source::v1::write_core: write_blocks_to_height: syncing, current: 340493, target: 4381896, zebra_network: Testnet
1791660769.029364 runnervmmprz5 zainod-0.10.1[3031]:     at packages/zaino-chain-store-zainodb/src/store/finalised_source/v1/write_core.rs:184
1791660771.754900 runnervmmprz5 zainod-0.10.1[3031]:   19:32:51.754  INFO zainodlib::indexer: Zaino status check, chain_state: Ready, fs_mode: ephemeral(syncing), json_rpc: Ready, grpc: Ready
1791660771.754900 runnervmmprz5 zainod-0.10.1[3031]:     at packages/zainod/src/indexer.rs:333
1791660772.646556 runnervmmprz5 zainod-0.10.1[3031]:   19:32:52.646  INFO zaino_serve::rpc::grpc::service: [TEST] received call, method: "get_lightd_info"
1791660772.646556 runnervmmprz5 zainod-0.10.1[3031]:     at packages/zaino-serve/src/rpc/grpc/service.rs:161
1791660772.649980 runnervmmprz5 zainod-0.10.1[3031]:   19:32:52.649  INFO zaino_serve::rpc::grpc::service: [TEST] received call, method: "get_block"
1791660772.649980 runnervmmprz5 zainod-0.10.1[3031]:     at packages/zaino-serve/src/rpc/grpc/service.rs:161
1791660772.650666 runnervmmprz5 zainod-0.10.1[3031]:   19:32:52.650  INFO zaino_serve::rpc::grpc::service: [TEST] received call, method: "get_block"
1791660772.650666 runnervmmprz5 zainod-0.10.1[3031]:     at packages/zaino-serve/src/rpc/grpc/service.rs:161
1791660777.650171 runnervmmprz5 zainod-0.10.1[3031]:   19:32:57.650  INFO zaino_serve::rpc::grpc::service: [TEST] received call, method: "get_lightd_info"
1791660777.650171 runnervmmprz5 zainod-0.10.1[3031]:     at packages/zaino-serve/src/rpc/grpc/service.rs:161
1791660777.655419 runnervmmprz5 zainod-0.10.1[3031]:   19:32:57.655  INFO zaino_serve::rpc::grpc::service: [TEST] received call, method: "get_block"
1791660777.655419 runnervmmprz5 zainod-0.10.1[3031]:     at packages/zaino-serve/src/rpc/grpc/service.rs:161
1791660777.656524 runnervmmprz5 zainod-0.10.1[3031]:   19:32:57.656  INFO zaino_serve::rpc::grpc::service: [TEST] received call, method: "get_block"
1791660777.656524 runnervmmprz5 zainod-0.10.1[3031]:     at packages/zaino-serve/src/rpc/grpc/service.rs:161
1791660779.029546 runnervmmprz5 zainod-0.10.1[3031]:   19:32:59.029  INFO zaino_chain_store_zainodb::store::finalised_source::v1::write_core: write_blocks_to_height: syncing, current: 391199, target: 4381896, zebra_network: Testnet
1791660779.029546 runnervmmprz5 zainod-0.10.1[3031]:     at packages/zaino-chain-store-zainodb/src/store/finalised_source/v1/write_core.rs:184
1791660780.828463 runnervmmprz5 zainod-0.10.1[3031]:   19:33:00.828  INFO zaino_chain_store_zainodb::store::finalised_source::v1::write_core: write_blocks_to_height: committed batch, height: 299999, blocks: 100000
1791660780.828463 runnervmmprz5 zainod-0.10.1[3031]:     at packages/zaino-chain-store-zainodb/src/store/finalised_source/v1/write_core.rs:636
1791660781.755007 runnervmmprz5 zainod-0.10.1[3031]:   19:33:01.754  INFO zainodlib::indexer: Zaino status check, chain_state: Ready, fs_mode: ephemeral(syncing), json_rpc: Ready, grpc: Ready
1791660781.755007 runnervmmprz5 zainod-0.10.1[3031]:     at packages/zainod/src/indexer.rs:333
1791660782.650528 runnervmmprz5 zainod-0.10.1[3031]:   19:33:02.650  INFO zaino_serve::rpc::grpc::service: [TEST] received call, method: "get_lightd_info"
1791660782.650528 runnervmmprz5 zainod-0.10.1[3031]:     at packages/zaino-serve/src/rpc/grpc/service.rs:161
1791660782.657719 runnervmmprz5 zainod-0.10.1[3031]:   19:33:02.657  INFO zaino_serve::rpc::grpc::service: [TEST] received call, method: "get_block"
1791660782.657719 runnervmmprz5 zainod-0.10.1[3031]:     at packages/zaino-serve/src/rpc/grpc/service.rs:161
1791660782.658940 runnervmmprz5 zainod-0.10.1[3031]:   19:33:02.658  INFO zaino_serve::rpc::grpc::service: [TEST] received call, method: "get_block"
1791660782.658940 runnervmmprz5 zainod-0.10.1[3031]:     at packages/zaino-serve/src/rpc/grpc/service.rs:161
1791660787.652973 runnervmmprz5 zainod-0.10.1[3031]:   19:33:07.652  INFO zaino_serve::rpc::grpc::service: [TEST] received call, method: "get_lightd_info"
1791660787.652973 runnervmmprz5 zainod-0.10.1[3031]:     at packages/zaino-serve/src/rpc/grpc/service.rs:161
1791660787.658960 runnervmmprz5 zainod-0.10.1[3031]:   19:33:07.658  INFO zaino_serve::rpc::grpc::service: [TEST] received call, method: "get_block"
1791660787.658960 runnervmmprz5 zainod-0.10.1[3031]:     at packages/zaino-serve/src/rpc/grpc/service.rs:161
1791660787.659835 runnervmmprz5 zainod-0.10.1[3031]:   19:33:07.659  INFO zaino_serve::rpc::grpc::service: [TEST] received call, method: "get_block"
1791660787.659835 runnervmmprz5 zainod-0.10.1[3031]:     at packages/zaino-serve/src/rpc/grpc/service.rs:161
1791660789.029853 runnervmmprz5 zainod-0.10.1[3031]:   19:33:09.029  INFO zaino_chain_store_zainodb::store::finalised_source::v1::write_core: write_blocks_to_height: syncing, current: 431439, target: 4381896, zebra_network: Testnet
1791660789.029853 runnervmmprz5 zainod-0.10.1[3031]:     at packages/zaino-chain-store-zainodb/src/store/finalised_source/v1/write_core.rs:184
1791660791.855363 runnervmmprz5 zainod-0.10.1[3031]:   19:33:11.855  INFO zainodlib::indexer: Zaino status check, chain_state: Ready, fs_mode: ephemeral(syncing), json_rpc: Ready, grpc: Ready
1791660791.855363 runnervmmprz5 zainod-0.10.1[3031]:     at packages/zainod/src/indexer.rs:333
1791660792.650120 runnervmmprz5 zainod-0.10.1[3031]:   19:33:12.650  INFO zaino_serve::rpc::grpc::service: [TEST] received call, method: "get_lightd_info"
1791660792.650120 runnervmmprz5 zainod-0.10.1[3031]:     at packages/zaino-serve/src/rpc/grpc/service.rs:161
1791660792.654800 runnervmmprz5 zainod-0.10.1[3031]:   19:33:12.654  INFO zaino_serve::rpc::grpc::service: [TEST] received call, method: "get_block"
1791660792.654800 runnervmmprz5 zainod-0.10.1[3031]:     at packages/zaino-serve/src/rpc/grpc/service.rs:161
1791660792.655645 runnervmmprz5 zainod-0.10.1[3031]:   19:33:12.655  INFO zaino_serve::rpc::grpc::service: [TEST] received call, method: "get_block"
1791660792.655645 runnervmmprz5 zainod-0.10.1[3031]:     at packages/zaino-serve/src/rpc/grpc/service.rs:161
1791660797.652357 runnervmmprz5 zainod-0.10.1[3031]:   19:33:17.652  INFO zaino_serve::rpc::grpc::service: [TEST] received call, method: "get_lightd_info"
1791660797.652357 runnervmmprz5 zainod-0.10.1[3031]:     at packages/zaino-serve/src/rpc/grpc/service.rs:161
1791660797.657984 runnervmmprz5 zainod-0.10.1[3031]:   19:33:17.657  INFO zaino_serve::rpc::grpc::service: [TEST] received call, method: "get_block"
1791660797.657984 runnervmmprz5 zainod-0.10.1[3031]:     at packages/zaino-serve/src/rpc/grpc/service.rs:161
1791660797.658947 runnervmmprz5 zainod-0.10.1[3031]:   19:33:17.658  INFO zaino_serve::rpc::grpc::service: [TEST] received call, method: "get_block"
1791660797.658947 runnervmmprz5 zainod-0.10.1[3031]:     at packages/zaino-serve/src/rpc/grpc/service.rs:161
1791660799.030327 runnervmmprz5 zainod-0.10.1[3031]:   19:33:19.030  INFO zaino_chain_store_zainodb::store::finalised_source::v1::write_core: write_blocks_to_height: syncing, current: 479511, target: 4381896, zebra_network: Testnet
1791660799.030327 runnervmmprz5 zainod-0.10.1[3031]:     at packages/zaino-chain-store-zainodb/src/store/finalised_source/v1/write_core.rs:184
1791660801.855449 runnervmmprz5 zainod-0.10.1[3031]:   19:33:21.855  INFO zainodlib::indexer: Zaino status check, chain_state: Ready, fs_mode: ephemeral(syncing), json_rpc: Ready, grpc: Ready
1791660801.855449 runnervmmprz5 zainod-0.10.1[3031]:     at packages/zainod/src/indexer.rs:333
1791660802.649924 runnervmmprz5 zainod-0.10.1[3031]:   19:33:22.649  INFO zaino_serve::rpc::grpc::service: [TEST] received call, method: "get_lightd_info"
1791660802.649924 runnervmmprz5 zainod-0.10.1[3031]:     at packages/zaino-serve/src/rpc/grpc/service.rs:161
1791660802.654914 runnervmmprz5 zainod-0.10.1[3031]:   19:33:22.654  INFO zaino_serve::rpc::grpc::service: [TEST] received call, method: "get_block"
1791660802.654914 runnervmmprz5 zainod-0.10.1[3031]:     at packages/zaino-serve/src/rpc/grpc/service.rs:161
1791660802.655911 runnervmmprz5 zainod-0.10.1[3031]:   19:33:22.655  INFO zaino_serve::rpc::grpc::service: [TEST] received call, method: "get_block"
1791660802.655911 runnervmmprz5 zainod-0.10.1[3031]:     at packages/zaino-serve/src/rpc/grpc/service.rs:161
1791660804.164912 runnervmmprz5 zainod-0.10.1[3031]:   19:33:24.164  INFO zaino_chain_store_zainodb::store::finalised_source::v1::write_core: write_blocks_to_height: committed batch, height: 399999, blocks: 100000
1791660804.164912 runnervmmprz5 zainod-0.10.1[3031]:     at packages/zaino-chain-store-zainodb/src/store/finalised_source/v1/write_core.rs:636
1791660807.647221 runnervmmprz5 zainod-0.10.1[3031]:   19:33:27.647  INFO zaino_serve::rpc::grpc::service: [TEST] received call, method: "get_lightd_info"
1791660807.647221 runnervmmprz5 zainod-0.10.1[3031]:     at packages/zaino-serve/src/rpc/grpc/service.rs:161
1791660807.650917 runnervmmprz5 zainod-0.10.1[3031]:   19:33:27.650  INFO zaino_serve::rpc::grpc::service: [TEST] received call, method: "get_block"
1791660807.650917 runnervmmprz5 zainod-0.10.1[3031]:     at packages/zaino-serve/src/rpc/grpc/service.rs:161
1791660807.651672 runnervmmprz5 zainod-0.10.1[3031]:   19:33:27.651  INFO zaino_serve::rpc::grpc::service: [TEST] received call, method: "get_block"
1791660807.651672 runnervmmprz5 zainod-0.10.1[3031]:     at packages/zaino-serve/src/rpc/grpc/service.rs:161
1791660809.031061 runnervmmprz5 zainod-0.10.1[3031]:   19:33:29.030  INFO zaino_chain_store_zainodb::store::finalised_source::v1::write_core: write_blocks_to_height: syncing, current: 514621, target: 4381896, zebra_network: Testnet
1791660809.031061 runnervmmprz5 zainod-0.10.1[3031]:     at packages/zaino-chain-store-zainodb/src/store/finalised_source/v1/write_core.rs:184
1791660811.954741 runnervmmprz5 zainod-0.10.1[3031]:   19:33:31.954  INFO zainodlib::indexer: Zaino status check, chain_state: Ready, fs_mode: ephemeral(syncing), json_rpc: Ready, grpc: Ready
1791660811.954741 runnervmmprz5 zainod-0.10.1[3031]:     at packages/zainod/src/indexer.rs:333
1791660812.652141 runnervmmprz5 zainod-0.10.1[3031]:   19:33:32.652  INFO zaino_serve::rpc::grpc::service: [TEST] received call, method: "get_lightd_info"
1791660812.652141 runnervmmprz5 zainod-0.10.1[3031]:     at packages/zaino-serve/src/rpc/grpc/service.rs:161
1791660812.657462 runnervmmprz5 zainod-0.10.1[3031]:   19:33:32.657  INFO zaino_serve::rpc::grpc::service: [TEST] received call, method: "get_block"
1791660812.657462 runnervmmprz5 zainod-0.10.1[3031]:     at packages/zaino-serve/src/rpc/grpc/service.rs:161
1791660812.658779 runnervmmprz5 zainod-0.10.1[3031]:   19:33:32.658  INFO zaino_serve::rpc::grpc::service: [TEST] received call, method: "get_block"
1791660812.658779 runnervmmprz5 zainod-0.10.1[3031]:     at packages/zaino-serve/src/rpc/grpc/service.rs:161
1791660817.653110 runnervmmprz5 zainod-0.10.1[3031]:   19:33:37.652  INFO zaino_serve::rpc::grpc::service: [TEST] received call, method: "get_lightd_info"
1791660817.653110 runnervmmprz5 zainod-0.10.1[3031]:     at packages/zaino-serve/src/rpc/grpc/service.rs:161
1791660817.657775 runnervmmprz5 zainod-0.10.1[3031]:   19:33:37.657  INFO zaino_serve::rpc::grpc::service: [TEST] received call, method: "get_block"
1791660817.657775 runnervmmprz5 zainod-0.10.1[3031]:     at packages/zaino-serve/src/rpc/grpc/service.rs:161
1791660817.658528 runnervmmprz5 zainod-0.10.1[3031]:   19:33:37.658  INFO zaino_serve::rpc::grpc::service: [TEST] received call, method: "get_block"
1791660817.658528 runnervmmprz5 zainod-0.10.1[3031]:     at packages/zaino-serve/src/rpc/grpc/service.rs:161
1791660819.031121 runnervmmprz5 zainod-0.10.1[3031]:   19:33:39.031  INFO zaino_chain_store_zainodb::store::finalised_source::v1::write_core: write_blocks_to_height: syncing, current: 561805, target: 4381896, zebra_network: Testnet
1791660819.031121 runnervmmprz5 zainod-0.10.1[3031]:     at packages/zaino-chain-store-zainodb/src/store/finalised_source/v1/write_core.rs:184
1791660821.955242 runnervmmprz5 zainod-0.10.1[3031]:   19:33:41.955  INFO zainodlib::indexer: Zaino status check, chain_state: Ready, fs_mode: ephemeral(syncing), json_rpc: Ready, grpc: Ready
1791660821.955242 runnervmmprz5 zainod-0.10.1[3031]:     at packages/zainod/src/indexer.rs:333
1791660822.650664 runnervmmprz5 zainod-0.10.1[3031]:   19:33:42.650  INFO zaino_serve::rpc::grpc::service: [TEST] received call, method: "get_lightd_info"
1791660822.650664 runnervmmprz5 zainod-0.10.1[3031]:     at packages/zaino-serve/src/rpc/grpc/service.rs:161
1791660822.654953 runnervmmprz5 zainod-0.10.1[3031]:   19:33:42.654  INFO zaino_serve::rpc::grpc::service: [TEST] received call, method: "get_block"
1791660822.654953 runnervmmprz5 zainod-0.10.1[3031]:     at packages/zaino-serve/src/rpc/grpc/service.rs:161
1791660822.655638 runnervmmprz5 zainod-0.10.1[3031]:   19:33:42.655  INFO zaino_serve::rpc::grpc::service: [TEST] received call, method: "get_block"
1791660822.655638 runnervmmprz5 zainod-0.10.1[3031]:     at packages/zaino-serve/src/rpc/grpc/service.rs:161
1791660826.653110 runnervmmprz5 zainod-0.10.1[3031]:   19:33:46.653  INFO zaino_chain_store_zainodb::store::finalised_source::v1::write_core: write_blocks_to_height: committed batch, height: 499999, blocks: 100000
1791660826.653110 runnervmmprz5 zainod-0.10.1[3031]:     at packages/zaino-chain-store-zainodb/src/store/finalised_source/v1/write_core.rs:636
1791660827.653935 runnervmmprz5 zainod-0.10.1[3031]:   19:33:47.653  INFO zaino_serve::rpc::grpc::service: [TEST] received call, method: "get_lightd_info"
1791660827.653935 runnervmmprz5 zainod-0.10.1[3031]:     at packages/zaino-serve/src/rpc/grpc/service.rs:161
1791660827.660036 runnervmmprz5 zainod-0.10.1[3031]:   19:33:47.659  INFO zaino_serve::rpc::grpc::service: [TEST] received call, method: "get_block"
1791660827.660036 runnervmmprz5 zainod-0.10.1[3031]:     at packages/zaino-serve/src/rpc/grpc/service.rs:161
1791660827.661257 runnervmmprz5 zainod-0.10.1[3031]:   19:33:47.661  INFO zaino_serve::rpc::grpc::service: [TEST] received call, method: "get_block"
1791660827.661257 runnervmmprz5 zainod-0.10.1[3031]:     at packages/zaino-serve/src/rpc/grpc/service.rs:161
1791660829.031268 runnervmmprz5 zainod-0.10.1[3031]:   19:33:49.031  INFO zaino_chain_store_zainodb::store::finalised_source::v1::write_core: write_blocks_to_height: syncing, current: 610823, target: 4381896, zebra_network: Testnet
1791660829.031268 runnervmmprz5 zainod-0.10.1[3031]:     at packages/zaino-chain-store-zainodb/src/store/finalised_source/v1/write_core.rs:184
1791660834.537591 runnervmmprz5 zainod-0.10.1[3031]:   19:33:54.537  INFO zaino_serve::rpc::grpc::service: [TEST] received call, method: "get_lightd_info"
1791660834.537591 runnervmmprz5 zainod-0.10.1[3031]:     at packages/zaino-serve/src/rpc/grpc/service.rs:161
1791660834.538153 runnervmmprz5 zainod-0.10.1[3031]:   19:33:54.537  INFO zainodlib::indexer: Zaino status check, chain_state: Ready, fs_mode: ephemeral(syncing), json_rpc: Ready, grpc: Ready
1791660834.538153 runnervmmprz5 zainod-0.10.1[3031]:     at packages/zainod/src/indexer.rs:333
1791660834.543333 runnervmmprz5 zainod-0.10.1[3031]:   19:33:54.543  INFO zaino_serve::rpc::grpc::service: [TEST] received call, method: "get_block"
1791660834.543333 runnervmmprz5 zainod-0.10.1[3031]:     at packages/zaino-serve/src/rpc/grpc/service.rs:161
1791660834.544352 runnervmmprz5 zainod-0.10.1[3031]:   19:33:54.544  INFO zaino_serve::rpc::grpc::service: [TEST] received call, method: "get_block"
1791660834.544352 runnervmmprz5 zainod-0.10.1[3031]:     at packages/zaino-serve/src/rpc/grpc/service.rs:161
1791660838.563151 runnervmmprz5 zainod-0.10.1[3031]:   19:33:58.563  INFO zaino_serve::rpc::grpc::service: [TEST] received call, method: "get_lightd_info"
1791660838.563151 runnervmmprz5 zainod-0.10.1[3031]:     at packages/zaino-serve/src/rpc/grpc/service.rs:161
1791660838.567978 runnervmmprz5 zainod-0.10.1[3031]:   19:33:58.567  INFO zaino_serve::rpc::grpc::service: [TEST] received call, method: "get_block"
1791660838.567978 runnervmmprz5 zainod-0.10.1[3031]:     at packages/zaino-serve/src/rpc/grpc/service.rs:161
1791660838.568791 runnervmmprz5 zainod-0.10.1[3031]:   19:33:58.568  INFO zaino_serve::rpc::grpc::service: [TEST] received call, method: "get_block"
1791660838.568791 runnervmmprz5 zainod-0.10.1[3031]:     at packages/zaino-serve/src/rpc/grpc/service.rs:161
1791660839.031868 runnervmmprz5 zainod-0.10.1[3031]:   19:33:59.031  INFO zaino_chain_store_zainodb::store::finalised_source::v1::write_core: write_blocks_to_height: syncing, current: 650588, target: 4381896, zebra_network: Testnet
1791660839.031868 runnervmmprz5 zainod-0.10.1[3031]:     at packages/zaino-chain-store-zainodb/src/store/finalised_source/v1/write_core.rs:184
1791660843.562844 runnervmmprz5 zainod-0.10.1[3031]:   19:34:03.562  INFO zaino_serve::rpc::grpc::service: [TEST] received call, method: "get_lightd_info"
1791660843.562844 runnervmmprz5 zainod-0.10.1[3031]:     at packages/zaino-serve/src/rpc/grpc/service.rs:161
1791660843.568174 runnervmmprz5 zainod-0.10.1[3031]:   19:34:03.568  INFO zaino_serve::rpc::grpc::service: [TEST] received call, method: "get_block"
1791660843.568174 runnervmmprz5 zainod-0.10.1[3031]:     at packages/zaino-serve/src/rpc/grpc/service.rs:161
1791660843.568918 runnervmmprz5 zainod-0.10.1[3031]:   19:34:03.568  INFO zaino_serve::rpc::grpc::service: [TEST] received call, method: "get_block"
1791660843.568918 runnervmmprz5 zainod-0.10.1[3031]:     at packages/zaino-serve/src/rpc/grpc/service.rs:161
1791660844.555149 runnervmmprz5 zainod-0.10.1[3031]:   19:34:04.555  INFO zainodlib::indexer: Zaino status check, chain_state: Ready, fs_mode: ephemeral(syncing), json_rpc: Ready, grpc: Ready
1791660844.555149 runnervmmprz5 zainod-0.10.1[3031]:     at packages/zainod/src/indexer.rs:333
1791660848.565923 runnervmmprz5 zainod-0.10.1[3031]:   19:34:08.565  INFO zaino_serve::rpc::grpc::service: [TEST] received call, method: "get_lightd_info"
1791660848.565923 runnervmmprz5 zainod-0.10.1[3031]:     at packages/zaino-serve/src/rpc/grpc/service.rs:161
1791660848.570538 runnervmmprz5 zainod-0.10.1[3031]:   19:34:08.570  INFO zaino_serve::rpc::grpc::service: [TEST] received call, method: "get_block"
1791660848.570538 runnervmmprz5 zainod-0.10.1[3031]:     at packages/zaino-serve/src/rpc/grpc/service.rs:161
1791660848.571327 runnervmmprz5 zainod-0.10.1[3031]:   19:34:08.571  INFO zaino_serve::rpc::grpc::service: [TEST] received call, method: "get_block"
1791660848.571327 runnervmmprz5 zainod-0.10.1[3031]:     at packages/zaino-serve/src/rpc/grpc/service.rs:161
1791660849.032068 runnervmmprz5 zainod-0.10.1[3031]:   19:34:09.031  INFO zaino_chain_store_zainodb::store::finalised_source::v1::write_core: write_blocks_to_height: syncing, current: 698729, target: 4381896, zebra_network: Testnet
1791660849.032068 runnervmmprz5 zainod-0.10.1[3031]:     at packages/zaino-chain-store-zainodb/src/store/finalised_source/v1/write_core.rs:184
1791660849.308103 runnervmmprz5 zainod-0.10.1[3031]:   19:34:09.308  INFO zaino_chain_store_zainodb::store::finalised_source::v1::write_core: write_blocks_to_height: committed batch, height: 599999, blocks: 100000
1791660849.308103 runnervmmprz5 zainod-0.10.1[3031]:     at packages/zaino-chain-store-zainodb/src/store/finalised_source/v1/write_core.rs:636
1791660853.558819 runnervmmprz5 zainod-0.10.1[3031]:   19:34:13.558  INFO zaino_serve::rpc::grpc::service: [TEST] received call, method: "get_lightd_info"
1791660853.558819 runnervmmprz5 zainod-0.10.1[3031]:     at packages/zaino-serve/src/rpc/grpc/service.rs:161
1791660853.562990 runnervmmprz5 zainod-0.10.1[3031]:   19:34:13.562  INFO zaino_serve::rpc::grpc::service: [TEST] received call, method: "get_block"
1791660853.562990 runnervmmprz5 zainod-0.10.1[3031]:     at packages/zaino-serve/src/rpc/grpc/service.rs:161
1791660853.563825 runnervmmprz5 zainod-0.10.1[3031]:   19:34:13.563  INFO zaino_serve::rpc::grpc::service: [TEST] received call, method: "get_block"
1791660853.563825 runnervmmprz5 zainod-0.10.1[3031]:     at packages/zaino-serve/src/rpc/grpc/service.rs:161
1791660854.655264 runnervmmprz5 zainod-0.10.1[3031]:   19:34:14.655  INFO zainodlib::indexer: Zaino status check, chain_state: Ready, fs_mode: ephemeral(syncing), json_rpc: Ready, grpc: Ready
1791660854.655264 runnervmmprz5 zainod-0.10.1[3031]:     at packages/zainod/src/indexer.rs:333
1791660858.565747 runnervmmprz5 zainod-0.10.1[3031]:   19:34:18.565  INFO zaino_serve::rpc::grpc::service: [TEST] received call, method: "get_lightd_info"
1791660858.565747 runnervmmprz5 zainod-0.10.1[3031]:     at packages/zaino-serve/src/rpc/grpc/service.rs:161
1791660858.570278 runnervmmprz5 zainod-0.10.1[3031]:   19:34:18.570  INFO zaino_serve::rpc::grpc::service: [TEST] received call, method: "get_block"
1791660858.570278 runnervmmprz5 zainod-0.10.1[3031]:     at packages/zaino-serve/src/rpc/grpc/service.rs:161
1791660858.571100 runnervmmprz5 zainod-0.10.1[3031]:   19:34:18.571  INFO zaino_serve::rpc::grpc::service: [TEST] received call, method: "get_block"
1791660858.571100 runnervmmprz5 zainod-0.10.1[3031]:     at packages/zaino-serve/src/rpc/grpc/service.rs:161
1791660859.032448 runnervmmprz5 zainod-0.10.1[3031]:   19:34:19.032  INFO zaino_chain_store_zainodb::store::finalised_source::v1::write_core: write_blocks_to_height: syncing, current: 733527, target: 4381896, zebra_network: Testnet
1791660859.032448 runnervmmprz5 zainod-0.10.1[3031]:     at packages/zaino-chain-store-zainodb/src/store/finalised_source/v1/write_core.rs:184
1791660863.565191 runnervmmprz5 zainod-0.10.1[3031]:   19:34:23.565  INFO zaino_serve::rpc::grpc::service: [TEST] received call, method: "get_lightd_info"
1791660863.565191 runnervmmprz5 zainod-0.10.1[3031]:     at packages/zaino-serve/src/rpc/grpc/service.rs:161
1791660863.570067 runnervmmprz5 zainod-0.10.1[3031]:   19:34:23.569  INFO zaino_serve::rpc::grpc::service: [TEST] received call, method: "get_block"
1791660863.570067 runnervmmprz5 zainod-0.10.1[3031]:     at packages/zaino-serve/src/rpc/grpc/service.rs:161
1791660863.570936 runnervmmprz5 zainod-0.10.1[3031]:   19:34:23.570  INFO zaino_serve::rpc::grpc::service: [TEST] received call, method: "get_block"
1791660863.570936 runnervmmprz5 zainod-0.10.1[3031]:     at packages/zaino-serve/src/rpc/grpc/service.rs:161
1791660864.755093 runnervmmprz5 zainod-0.10.1[3031]:   19:34:24.755  INFO zainodlib::indexer: Zaino status check, chain_state: Ready, fs_mode: ephemeral(syncing), json_rpc: Ready, grpc: Ready
1791660864.755093 runnervmmprz5 zainod-0.10.1[3031]:     at packages/zainod/src/indexer.rs:333
1791660868.566487 runnervmmprz5 zainod-0.10.1[3031]:   19:34:28.566  INFO zaino_serve::rpc::grpc::service: [TEST] received call, method: "get_lightd_info"
1791660868.566487 runnervmmprz5 zainod-0.10.1[3031]:     at packages/zaino-serve/src/rpc/grpc/service.rs:161
1791660868.571847 runnervmmprz5 zainod-0.10.1[3031]:   19:34:28.571  INFO zaino_serve::rpc::grpc::service: [TEST] received call, method: "get_block"
1791660868.571847 runnervmmprz5 zainod-0.10.1[3031]:     at packages/zaino-serve/src/rpc/grpc/service.rs:161
1791660868.572678 runnervmmprz5 zainod-0.10.1[3031]:   19:34:28.572  INFO zaino_serve::rpc::grpc::service: [TEST] received call, method: "get_block"
1791660868.572678 runnervmmprz5 zainod-0.10.1[3031]:     at packages/zaino-serve/src/rpc/grpc/service.rs:161
1791660869.032889 runnervmmprz5 zainod-0.10.1[3031]:   19:34:29.032  INFO zaino_chain_store_zainodb::store::finalised_source::v1::write_core: write_blocks_to_height: syncing, current: 780390, target: 4381896, zebra_network: Testnet
1791660869.032889 runnervmmprz5 zainod-0.10.1[3031]:     at packages/zaino-chain-store-zainodb/src/store/finalised_source/v1/write_core.rs:184
1791660872.894986 runnervmmprz5 zainod-0.10.1[3031]:   19:34:32.894  INFO zaino_chain_store_zainodb::store::finalised_source::v1::write_core: write_blocks_to_height: committed batch, height: 699999, blocks: 100000
1791660872.894986 runnervmmprz5 zainod-0.10.1[3031]:     at packages/zaino-chain-store-zainodb/src/store/finalised_source/v1/write_core.rs:636
1791660873.567596 runnervmmprz5 zainod-0.10.1[3031]:   19:34:33.567  INFO zaino_serve::rpc::grpc::service: [TEST] received call, method: "get_lightd_info"
1791660873.567596 runnervmmprz5 zainod-0.10.1[3031]:     at packages/zaino-serve/src/rpc/grpc/service.rs:161
1791660873.572634 runnervmmprz5 zainod-0.10.1[3031]:   19:34:33.572  INFO zaino_serve::rpc::grpc::service: [TEST] received call, method: "get_block"
1791660873.572634 runnervmmprz5 zainod-0.10.1[3031]:     at packages/zaino-serve/src/rpc/grpc/service.rs:161
1791660873.573890 runnervmmprz5 zainod-0.10.1[3031]:   19:34:33.573  INFO zaino_serve::rpc::grpc::service: [TEST] received call, method: "get_block"
1791660873.573890 runnervmmprz5 zainod-0.10.1[3031]:     at packages/zaino-serve/src/rpc/grpc/service.rs:161
1791660874.855115 runnervmmprz5 zainod-0.10.1[3031]:   19:34:34.855  INFO zainodlib::indexer: Zaino status check, chain_state: Ready, fs_mode: ephemeral(syncing), json_rpc: Ready, grpc: Ready
1791660874.855115 runnervmmprz5 zainod-0.10.1[3031]:     at packages/zainod/src/indexer.rs:333
1791660878.569145 runnervmmprz5 zainod-0.10.1[3031]:   19:34:38.569  INFO zaino_serve::rpc::grpc::service: [TEST] received call, method: "get_lightd_info"
1791660878.569145 runnervmmprz5 zainod-0.10.1[3031]:     at packages/zaino-serve/src/rpc/grpc/service.rs:161
1791660878.574586 runnervmmprz5 zainod-0.10.1[3031]:   19:34:38.574  INFO zaino_serve::rpc::grpc::service: [TEST] received call, method: "get_block"
1791660878.574586 runnervmmprz5 zainod-0.10.1[3031]:     at packages/zaino-serve/src/rpc/grpc/service.rs:161
1791660878.575627 runnervmmprz5 zainod-0.10.1[3031]:   19:34:38.575  INFO zaino_serve::rpc::grpc::service: [TEST] received call, method: "get_block"
1791660878.575627 runnervmmprz5 zainod-0.10.1[3031]:     at packages/zaino-serve/src/rpc/grpc/service.rs:161
1791660879.033595 runnervmmprz5 zainod-0.10.1[3031]:   19:34:39.033  INFO zaino_chain_store_zainodb::store::finalised_source::v1::write_core: write_blocks_to_height: syncing, current: 816670, target: 4381896, zebra_network: Testnet
1791660879.033595 runnervmmprz5 zainod-0.10.1[3031]:     at packages/zaino-chain-store-zainodb/src/store/finalised_source/v1/write_core.rs:184
1791660883.568219 runnervmmprz5 zainod-0.10.1[3031]:   19:34:43.568  INFO zaino_serve::rpc::grpc::service: [TEST] received call, method: "get_lightd_info"
1791660883.568219 runnervmmprz5 zainod-0.10.1[3031]:     at packages/zaino-serve/src/rpc/grpc/service.rs:161
1791660883.573618 runnervmmprz5 zainod-0.10.1[3031]:   19:34:43.573  INFO zaino_serve::rpc::grpc::service: [TEST] received call, method: "get_block"
1791660883.573618 runnervmmprz5 zainod-0.10.1[3031]:     at packages/zaino-serve/src/rpc/grpc/service.rs:161
1791660883.574772 runnervmmprz5 zainod-0.10.1[3031]:   19:34:43.574  INFO zaino_serve::rpc::grpc::service: [TEST] received call, method: "get_block"
1791660883.574772 runnervmmprz5 zainod-0.10.1[3031]:     at packages/zaino-serve/src/rpc/grpc/service.rs:161
1791660884.855239 runnervmmprz5 zainod-0.10.1[3031]:   19:34:44.855  INFO zainodlib::indexer: Zaino status check, chain_state: Ready, fs_mode: ephemeral(syncing), json_rpc: Ready, grpc: Ready
1791660884.855239 runnervmmprz5 zainod-0.10.1[3031]:     at packages/zainod/src/indexer.rs:333
1791660888.568589 runnervmmprz5 zainod-0.10.1[3031]:   19:34:48.568  INFO zaino_serve::rpc::grpc::service: [TEST] received call, method: "get_lightd_info"
1791660888.568589 runnervmmprz5 zainod-0.10.1[3031]:     at packages/zaino-serve/src/rpc/grpc/service.rs:161
1791660888.574598 runnervmmprz5 zainod-0.10.1[3031]:   19:34:48.574  INFO zaino_serve::rpc::grpc::service: [TEST] received call, method: "get_block"
1791660888.574598 runnervmmprz5 zainod-0.10.1[3031]:     at packages/zaino-serve/src/rpc/grpc/service.rs:161
1791660888.575673 runnervmmprz5 zainod-0.10.1[3031]:   19:34:48.575  INFO zaino_serve::rpc::grpc::service: [TEST] received call, method: "get_block"
1791660888.575673 runnervmmprz5 zainod-0.10.1[3031]:     at packages/zaino-serve/src/rpc/grpc/service.rs:161
1791660889.033769 runnervmmprz5 zainod-0.10.1[3031]:   19:34:49.033  INFO zaino_chain_store_zainodb::store::finalised_source::v1::write_core: write_blocks_to_height: syncing, current: 863161, target: 4381896, zebra_network: Testnet
1791660889.033769 runnervmmprz5 zainod-0.10.1[3031]:     at packages/zaino-chain-store-zainodb/src/store/finalised_source/v1/write_core.rs:184
1791660893.568580 runnervmmprz5 zainod-0.10.1[3031]:   19:34:53.568  INFO zaino_serve::rpc::grpc::service: [TEST] received call, method: "get_lightd_info"
1791660893.568580 runnervmmprz5 zainod-0.10.1[3031]:     at packages/zaino-serve/src/rpc/grpc/service.rs:161
1791660893.573811 runnervmmprz5 zainod-0.10.1[3031]:   19:34:53.573  INFO zaino_serve::rpc::grpc::service: [TEST] received call, method: "get_block"
1791660893.573811 runnervmmprz5 zainod-0.10.1[3031]:     at packages/zaino-serve/src/rpc/grpc/service.rs:161
1791660893.574621 runnervmmprz5 zainod-0.10.1[3031]:   19:34:53.574  INFO zaino_serve::rpc::grpc::service: [TEST] received call, method: "get_block"
1791660893.574621 runnervmmprz5 zainod-0.10.1[3031]:     at packages/zaino-serve/src/rpc/grpc/service.rs:161
1791660894.954743 runnervmmprz5 zainod-0.10.1[3031]:   19:34:54.954  INFO zainodlib::indexer: Zaino status check, chain_state: Ready, fs_mode: ephemeral(syncing), json_rpc: Ready, grpc: Ready
1791660894.954743 runnervmmprz5 zainod-0.10.1[3031]:     at packages/zainod/src/indexer.rs:333
1791660896.825717 runnervmmprz5 zainod-0.10.1[3031]:   19:34:56.825  INFO zaino_chain_store_zainodb::store::finalised_source::v1::write_core: write_blocks_to_height: committed batch, height: 799999, blocks: 100000
1791660896.825717 runnervmmprz5 zainod-0.10.1[3031]:     at packages/zaino-chain-store-zainodb/src/store/finalised_source/v1/write_core.rs:636
1791660898.572873 runnervmmprz5 zainod-0.10.1[3031]:   19:34:58.572  INFO zaino_serve::rpc::grpc::service: [TEST] received call, method: "get_lightd_info"
1791660898.572873 runnervmmprz5 zainod-0.10.1[3031]:     at packages/zaino-serve/src/rpc/grpc/service.rs:161
1791660898.577648 runnervmmprz5 zainod-0.10.1[3031]:   19:34:58.577  INFO zaino_serve::rpc::grpc::service: [TEST] received call, method: "get_block"
1791660898.577648 runnervmmprz5 zainod-0.10.1[3031]:     at packages/zaino-serve/src/rpc/grpc/service.rs:161
1791660898.578508 runnervmmprz5 zainod-0.10.1[3031]:   19:34:58.578  INFO zaino_serve::rpc::grpc::service: [TEST] received call, method: "get_block"
1791660898.578508 runnervmmprz5 zainod-0.10.1[3031]:     at packages/zaino-serve/src/rpc/grpc/service.rs:161
1791660899.034337 runnervmmprz5 zainod-0.10.1[3031]:   19:34:59.034  INFO zaino_chain_store_zainodb::store::finalised_source::v1::write_core: write_blocks_to_height: syncing, current: 908960, target: 4381896, zebra_network: Testnet
1791660899.034337 runnervmmprz5 zainod-0.10.1[3031]:     at packages/zaino-chain-store-zainodb/src/store/finalised_source/v1/write_core.rs:184
1791660903.571757 runnervmmprz5 zainod-0.10.1[3031]:   19:35:03.571  INFO zaino_serve::rpc::grpc::service: [TEST] received call, method: "get_lightd_info"
1791660903.571757 runnervmmprz5 zainod-0.10.1[3031]:     at packages/zaino-serve/src/rpc/grpc/service.rs:161
1791660903.578219 runnervmmprz5 zainod-0.10.1[3031]:   19:35:03.578  INFO zaino_serve::rpc::grpc::service: [TEST] received call, method: "get_block"
1791660903.578219 runnervmmprz5 zainod-0.10.1[3031]:     at packages/zaino-serve/src/rpc/grpc/service.rs:161
1791660903.579184 runnervmmprz5 zainod-0.10.1[3031]:   19:35:03.579  INFO zaino_serve::rpc::grpc::service: [TEST] received call, method: "get_block"
1791660903.579184 runnervmmprz5 zainod-0.10.1[3031]:     at packages/zaino-serve/src/rpc/grpc/service.rs:161
1791660904.955148 runnervmmprz5 zainod-0.10.1[3031]:   19:35:04.955  INFO zainodlib::indexer: Zaino status check, chain_state: Ready, fs_mode: ephemeral(syncing), json_rpc: Ready, grpc: Ready
1791660904.955148 runnervmmprz5 zainod-0.10.1[3031]:     at packages/zainod/src/indexer.rs:333
1791660908.568485 runnervmmprz5 zainod-0.10.1[3031]:   19:35:08.568  INFO zaino_serve::rpc::grpc::service: [TEST] received call, method: "get_lightd_info"
1791660908.568485 runnervmmprz5 zainod-0.10.1[3031]:     at packages/zaino-serve/src/rpc/grpc/service.rs:161
1791660908.574878 runnervmmprz5 zainod-0.10.1[3031]:   19:35:08.574  INFO zaino_serve::rpc::grpc::service: [TEST] received call, method: "get_block"
1791660908.574878 runnervmmprz5 zainod-0.10.1[3031]:     at packages/zaino-serve/src/rpc/grpc/service.rs:161
1791660908.575901 runnervmmprz5 zainod-0.10.1[3031]:   19:35:08.575  INFO zaino_serve::rpc::grpc::service: [TEST] received call, method: "get_block"
1791660908.575901 runnervmmprz5 zainod-0.10.1[3031]:     at packages/zaino-serve/src/rpc/grpc/service.rs:161
1791660909.034875 runnervmmprz5 zainod-0.10.1[3031]:   19:35:09.034  INFO zaino_chain_store_zainodb::store::finalised_source::v1::write_core: write_blocks_to_height: syncing, current: 944651, target: 4381896, zebra_network: Testnet
1791660909.034875 runnervmmprz5 zainod-0.10.1[3031]:     at packages/zaino-chain-store-zainodb/src/store/finalised_source/v1/write_core.rs:184
1791660913.571130 runnervmmprz5 zainod-0.10.1[3031]:   19:35:13.571  INFO zaino_serve::rpc::grpc::service: [TEST] received call, method: "get_lightd_info"
1791660913.571130 runnervmmprz5 zainod-0.10.1[3031]:     at packages/zaino-serve/src/rpc/grpc/service.rs:161
1791660913.576278 runnervmmprz5 zainod-0.10.1[3031]:   19:35:13.576  INFO zaino_serve::rpc::grpc::service: [TEST] received call, method: "get_block"
1791660913.576278 runnervmmprz5 zainod-0.10.1[3031]:     at packages/zaino-serve/src/rpc/grpc/service.rs:161
1791660913.577282 runnervmmprz5 zainod-0.10.1[3031]:   19:35:13.577  INFO zaino_serve::rpc::grpc::service: [TEST] received call, method: "get_block"
1791660913.577282 runnervmmprz5 zainod-0.10.1[3031]:     at packages/zaino-serve/src/rpc/grpc/service.rs:161
1791660915.055418 runnervmmprz5 zainod-0.10.1[3031]:   19:35:15.055  INFO zainodlib::indexer: Zaino status check, chain_state: Ready, fs_mode: ephemeral(syncing), json_rpc: Ready, grpc: Ready
1791660915.055418 runnervmmprz5 zainod-0.10.1[3031]:     at packages/zainod/src/indexer.rs:333
1791660918.571175 runnervmmprz5 zainod-0.10.1[3031]:   19:35:18.571  INFO zaino_serve::rpc::grpc::service: [TEST] received call, method: "get_lightd_info"
1791660918.571175 runnervmmprz5 zainod-0.10.1[3031]:     at packages/zaino-serve/src/rpc/grpc/service.rs:161
1791660918.577186 runnervmmprz5 zainod-0.10.1[3031]:   19:35:18.577  INFO zaino_serve::rpc::grpc::service: [TEST] received call, method: "get_block"
1791660918.577186 runnervmmprz5 zainod-0.10.1[3031]:     at packages/zaino-serve/src/rpc/grpc/service.rs:161
1791660918.578133 runnervmmprz5 zainod-0.10.1[3031]:   19:35:18.578  INFO zaino_serve::rpc::grpc::service: [TEST] received call, method: "get_block"
1791660918.578133 runnervmmprz5 zainod-0.10.1[3031]:     at packages/zaino-serve/src/rpc/grpc/service.rs:161
1791660919.035435 runnervmmprz5 zainod-0.10.1[3031]:   19:35:19.035  INFO zaino_chain_store_zainodb::store::finalised_source::v1::write_core: write_blocks_to_height: syncing, current: 997337, target: 4381896, zebra_network: Testnet
1791660919.035435 runnervmmprz5 zainod-0.10.1[3031]:     at packages/zaino-chain-store-zainodb/src/store/finalised_source/v1/write_core.rs:184
1791660919.573409 runnervmmprz5 zainod-0.10.1[3031]:   19:35:19.573  INFO zaino_chain_store_zainodb::store::finalised_source::v1::write_core: write_blocks_to_height: committed batch, height: 899999, blocks: 100000
1791660919.573409 runnervmmprz5 zainod-0.10.1[3031]:     at packages/zaino-chain-store-zainodb/src/store/finalised_source/v1/write_core.rs:636
1791660923.565652 runnervmmprz5 zainod-0.10.1[3031]:   19:35:23.565  INFO zaino_serve::rpc::grpc::service: [TEST] received call, method: "get_lightd_info"
1791660923.565652 runnervmmprz5 zainod-0.10.1[3031]:     at packages/zaino-serve/src/rpc/grpc/service.rs:161
1791660923.570074 runnervmmprz5 zainod-0.10.1[3031]:   19:35:23.570  INFO zaino_serve::rpc::grpc::service: [TEST] received call, method: "get_block"
1791660923.570074 runnervmmprz5 zainod-0.10.1[3031]:     at packages/zaino-serve/src/rpc/grpc/service.rs:161
1791660923.571595 runnervmmprz5 zainod-0.10.1[3031]:   19:35:23.571  INFO zaino_serve::rpc::grpc::service: [TEST] received call, method: "get_block"
1791660923.571595 runnervmmprz5 zainod-0.10.1[3031]:     at packages/zaino-serve/src/rpc/grpc/service.rs:161
1791660927.361490 runnervmmprz5 zainod-0.10.1[3031]:   19:35:27.361  INFO zainodlib::indexer: Zaino status check, chain_state: Syncing, fs_mode: ephemeral(syncing), json_rpc: Ready, grpc: Ready
1791660927.361490 runnervmmprz5 zainod-0.10.1[3031]:     at packages/zainod/src/indexer.rs:333
1791660928.573414 runnervmmprz5 zainod-0.10.1[3031]:   19:35:28.573  INFO zaino_serve::rpc::grpc::service: [TEST] received call, method: "get_lightd_info"
1791660928.573414 runnervmmprz5 zainod-0.10.1[3031]:     at packages/zaino-serve/src/rpc/grpc/service.rs:161
1791660928.579213 runnervmmprz5 zainod-0.10.1[3031]:   19:35:28.579  INFO zaino_serve::rpc::grpc::service: [TEST] received call, method: "get_block"
1791660928.579213 runnervmmprz5 zainod-0.10.1[3031]:     at packages/zaino-serve/src/rpc/grpc/service.rs:161
1791660928.580288 runnervmmprz5 zainod-0.10.1[3031]:   19:35:28.580  INFO zaino_serve::rpc::grpc::service: [TEST] received call, method: "get_block"
1791660928.580288 runnervmmprz5 zainod-0.10.1[3031]:     at packages/zaino-serve/src/rpc/grpc/service.rs:161
1791660929.035890 runnervmmprz5 zainod-0.10.1[3031]:   19:35:29.035  INFO zaino_chain_store_zainodb::store::finalised_source::v1::write_core: write_blocks_to_height: syncing, current: 1030641, target: 4381896, zebra_network: Testnet
1791660929.035890 runnervmmprz5 zainod-0.10.1[3031]:     at packages/zaino-chain-store-zainodb/src/store/finalised_source/v1/write_core.rs:184
1791660933.573865 runnervmmprz5 zainod-0.10.1[3031]:   19:35:33.573  INFO zaino_serve::rpc::grpc::service: [TEST] received call, method: "get_lightd_info"
1791660933.573865 runnervmmprz5 zainod-0.10.1[3031]:     at packages/zaino-serve/src/rpc/grpc/service.rs:161
1791660933.579597 runnervmmprz5 zainod-0.10.1[3031]:   19:35:33.579  INFO zaino_serve::rpc::grpc::service: [TEST] received call, method: "get_block"
1791660933.579597 runnervmmprz5 zainod-0.10.1[3031]:     at packages/zaino-serve/src/rpc/grpc/service.rs:161
1791660933.580771 runnervmmprz5 zainod-0.10.1[3031]:   19:35:33.580  INFO zaino_serve::rpc::grpc::service: [TEST] received call, method: "get_block"
1791660933.580771 runnervmmprz5 zainod-0.10.1[3031]:     at packages/zaino-serve/src/rpc/grpc/service.rs:161
1791660937.454973 runnervmmprz5 zainod-0.10.1[3031]:   19:35:37.454  INFO zainodlib::indexer: Zaino status check, chain_state: Ready, fs_mode: ephemeral(syncing), json_rpc: Ready, grpc: Ready
1791660937.454973 runnervmmprz5 zainod-0.10.1[3031]:     at packages/zainod/src/indexer.rs:333
1791660938.574099 runnervmmprz5 zainod-0.10.1[3031]:   19:35:38.574  INFO zaino_serve::rpc::grpc::service: [TEST] received call, method: "get_lightd_info"
1791660938.574099 runnervmmprz5 zainod-0.10.1[3031]:     at packages/zaino-serve/src/rpc/grpc/service.rs:161
1791660938.579846 runnervmmprz5 zainod-0.10.1[3031]:   19:35:38.579  INFO zaino_serve::rpc::grpc::service: [TEST] received call, method: "get_block"
1791660938.579846 runnervmmprz5 zainod-0.10.1[3031]:     at packages/zaino-serve/src/rpc/grpc/service.rs:161
1791660938.580901 runnervmmprz5 zainod-0.10.1[3031]:   19:35:38.580  INFO zaino_serve::rpc::grpc::service: [TEST] received call, method: "get_block"
1791660938.580901 runnervmmprz5 zainod-0.10.1[3031]:     at packages/zaino-serve/src/rpc/grpc/service.rs:161
1791660939.036138 runnervmmprz5 zainod-0.10.1[3031]:   19:35:39.036  INFO zaino_chain_store_zainodb::store::finalised_source::v1::write_core: write_blocks_to_height: syncing, current: 1081299, target: 4381896, zebra_network: Testnet
1791660939.036138 runnervmmprz5 zainod-0.10.1[3031]:     at packages/zaino-chain-store-zainodb/src/store/finalised_source/v1/write_core.rs:184
1791660942.859411 runnervmmprz5 zainod-0.10.1[3031]:   19:35:42.859  INFO zaino_chain_store_zainodb::store::finalised_source::v1::write_core: write_blocks_to_height: committed batch, height: 999999, blocks: 100000
1791660942.859411 runnervmmprz5 zainod-0.10.1[3031]:     at packages/zaino-chain-store-zainodb/src/store/finalised_source/v1/write_core.rs:636
1791660943.571245 runnervmmprz5 zainod-0.10.1[3031]:   19:35:43.571  INFO zaino_serve::rpc::grpc::service: [TEST] received call, method: "get_lightd_info"
1791660943.571245 runnervmmprz5 zainod-0.10.1[3031]:     at packages/zaino-serve/src/rpc/grpc/service.rs:161
1791660943.576418 runnervmmprz5 zainod-0.10.1[3031]:   19:35:43.576  INFO zaino_serve::rpc::grpc::service: [TEST] received call, method: "get_block"
1791660943.576418 runnervmmprz5 zainod-0.10.1[3031]:     at packages/zaino-serve/src/rpc/grpc/service.rs:161
1791660943.577381 runnervmmprz5 zainod-0.10.1[3031]:   19:35:43.577  INFO zaino_serve::rpc::grpc::service: [TEST] received call, method: "get_block"
1791660943.577381 runnervmmprz5 zainod-0.10.1[3031]:     at packages/zaino-serve/src/rpc/grpc/service.rs:161
1791660947.555353 runnervmmprz5 zainod-0.10.1[3031]:   19:35:47.555  INFO zainodlib::indexer: Zaino status check, chain_state: Ready, fs_mode: ephemeral(syncing), json_rpc: Ready, grpc: Ready
1791660947.555353 runnervmmprz5 zainod-0.10.1[3031]:     at packages/zainod/src/indexer.rs:333
1791660948.573907 runnervmmprz5 zainod-0.10.1[3031]:   19:35:48.573  INFO zaino_serve::rpc::grpc::service: [TEST] received call, method: "get_lightd_info"
1791660948.573907 runnervmmprz5 zainod-0.10.1[3031]:     at packages/zaino-serve/src/rpc/grpc/service.rs:161
1791660948.579152 runnervmmprz5 zainod-0.10.1[3031]:   19:35:48.579  INFO zaino_serve::rpc::grpc::service: [TEST] received call, method: "get_block"
1791660948.579152 runnervmmprz5 zainod-0.10.1[3031]:     at packages/zaino-serve/src/rpc/grpc/service.rs:161
1791660948.579905 runnervmmprz5 zainod-0.10.1[3031]:   19:35:48.579  INFO zaino_serve::rpc::grpc::service: [TEST] received call, method: "get_block"
1791660948.579905 runnervmmprz5 zainod-0.10.1[3031]:     at packages/zaino-serve/src/rpc/grpc/service.rs:161
1791660949.036347 runnervmmprz5 zainod-0.10.1[3031]:   19:35:49.036  INFO zaino_chain_store_zainodb::store::finalised_source::v1::write_core: write_blocks_to_height: syncing, current: 1116973, target: 4381896, zebra_network: Testnet
1791660949.036347 runnervmmprz5 zainod-0.10.1[3031]:     at packages/zaino-chain-store-zainodb/src/store/finalised_source/v1/write_core.rs:184
1791660953.573809 runnervmmprz5 zainod-0.10.1[3031]:   19:35:53.573  INFO zaino_serve::rpc::grpc::service: [TEST] received call, method: "get_lightd_info"
1791660953.573809 runnervmmprz5 zainod-0.10.1[3031]:     at packages/zaino-serve/src/rpc/grpc/service.rs:161
1791660953.578473 runnervmmprz5 zainod-0.10.1[3031]:   19:35:53.578  INFO zaino_serve::rpc::grpc::service: [TEST] received call, method: "get_block"
1791660953.578473 runnervmmprz5 zainod-0.10.1[3031]:     at packages/zaino-serve/src/rpc/grpc/service.rs:161
1791660953.579588 runnervmmprz5 zainod-0.10.1[3031]:   19:35:53.579  INFO zaino_serve::rpc::grpc::service: [TEST] received call, method: "get_block"
1791660953.579588 runnervmmprz5 zainod-0.10.1[3031]:     at packages/zaino-serve/src/rpc/grpc/service.rs:161
1791660957.655482 runnervmmprz5 zainod-0.10.1[3031]:   19:35:57.655  INFO zainodlib::indexer: Zaino status check, chain_state: Ready, fs_mode: ephemeral(syncing), json_rpc: Ready, grpc: Ready
1791660957.655482 runnervmmprz5 zainod-0.10.1[3031]:     at packages/zainod/src/indexer.rs:333
1791660958.577188 runnervmmprz5 zainod-0.10.1[3031]:   19:35:58.577  INFO zaino_serve::rpc::grpc::service: [TEST] received call, method: "get_lightd_info"
1791660958.577188 runnervmmprz5 zainod-0.10.1[3031]:     at packages/zaino-serve/src/rpc/grpc/service.rs:161
1791660958.582128 runnervmmprz5 zainod-0.10.1[3031]:   19:35:58.582  INFO zaino_serve::rpc::grpc::service: [TEST] received call, method: "get_block"
1791660958.582128 runnervmmprz5 zainod-0.10.1[3031]:     at packages/zaino-serve/src/rpc/grpc/service.rs:161
1791660958.582834 runnervmmprz5 zainod-0.10.1[3031]:   19:35:58.582  INFO zaino_serve::rpc::grpc::service: [TEST] received call, method: "get_block"
1791660958.582834 runnervmmprz5 zainod-0.10.1[3031]:     at packages/zaino-serve/src/rpc/grpc/service.rs:161
1791660959.036625 runnervmmprz5 zainod-0.10.1[3031]:   19:35:59.036  INFO zaino_chain_store_zainodb::store::finalised_source::v1::write_core: write_blocks_to_height: syncing, current: 1167115, target: 4381896, zebra_network: Testnet
1791660959.036625 runnervmmprz5 zainod-0.10.1[3031]:     at packages/zaino-chain-store-zainodb/src/store/finalised_source/v1/write_core.rs:184
1791660963.574378 runnervmmprz5 zainod-0.10.1[3031]:   19:36:03.574  INFO zaino_serve::rpc::grpc::service: [TEST] received call, method: "get_lightd_info"
1791660963.574378 runnervmmprz5 zainod-0.10.1[3031]:     at packages/zaino-serve/src/rpc/grpc/service.rs:161
1791660963.579393 runnervmmprz5 zainod-0.10.1[3031]:   19:36:03.579  INFO zaino_serve::rpc::grpc::service: [TEST] received call, method: "get_block"
1791660963.579393 runnervmmprz5 zainod-0.10.1[3031]:     at packages/zaino-serve/src/rpc/grpc/service.rs:161
1791660963.580241 runnervmmprz5 zainod-0.10.1[3031]:   19:36:03.580  INFO zaino_serve::rpc::grpc::service: [TEST] received call, method: "get_block"
1791660963.580241 runnervmmprz5 zainod-0.10.1[3031]:     at packages/zaino-serve/src/rpc/grpc/service.rs:161
1791660965.506768 runnervmmprz5 zainod-0.10.1[3031]:   19:36:05.506  INFO zaino_chain_store_zainodb::store::finalised_source::v1::write_core: write_blocks_to_height: committed batch, height: 1099999, blocks: 100000
1791660965.506768 runnervmmprz5 zainod-0.10.1[3031]:     at packages/zaino-chain-store-zainodb/src/store/finalised_source/v1/write_core.rs:636
1791660967.755125 runnervmmprz5 zainod-0.10.1[3031]:   19:36:07.755  INFO zainodlib::indexer: Zaino status check, chain_state: Ready, fs_mode: ephemeral(syncing), json_rpc: Ready, grpc: Ready
1791660967.755125 runnervmmprz5 zainod-0.10.1[3031]:     at packages/zainod/src/indexer.rs:333
1791660968.573027 runnervmmprz5 zainod-0.10.1[3031]:   19:36:08.572  INFO zaino_serve::rpc::grpc::service: [TEST] received call, method: "get_lightd_info"
1791660968.573027 runnervmmprz5 zainod-0.10.1[3031]:     at packages/zaino-serve/src/rpc/grpc/service.rs:161
1791660968.614748 runnervmmprz5 zainod-0.10.1[3031]:   19:36:08.576  INFO zaino_serve::rpc::grpc::service: [TEST] received call, method: "get_block"
1791660968.614748 runnervmmprz5 zainod-0.10.1[3031]:     at packages/zaino-serve/src/rpc/grpc/service.rs:161
1791660968.614748 runnervmmprz5 zainod-0.10.1[3031]:   19:36:08.577  INFO zaino_serve::rpc::grpc::service: [TEST] received call, method: "get_block"
1791660968.614748 runnervmmprz5 zainod-0.10.1[3031]:     at packages/zaino-serve/src/rpc/grpc/service.rs:161
1791660969.072429 runnervmmprz5 zainod-0.10.1[3031]:   19:36:09.072  INFO zaino_chain_store_zainodb::store::finalised_source::v1::write_core: write_blocks_to_height: syncing, current: 1211597, target: 4381896, zebra_network: Testnet
1791660969.072429 runnervmmprz5 zainod-0.10.1[3031]:     at packages/zaino-chain-store-zainodb/src/store/finalised_source/v1/write_core.rs:184
1791660973.578004 runnervmmprz5 zainod-0.10.1[3031]:   19:36:13.577  INFO zaino_serve::rpc::grpc::service: [TEST] received call, method: "get_lightd_info"
1791660973.578004 runnervmmprz5 zainod-0.10.1[3031]:     at packages/zaino-serve/src/rpc/grpc/service.rs:161
1791660973.583420 runnervmmprz5 zainod-0.10.1[3031]:   19:36:13.583  INFO zaino_serve::rpc::grpc::service: [TEST] received call, method: "get_block"
1791660973.583420 runnervmmprz5 zainod-0.10.1[3031]:     at packages/zaino-serve/src/rpc/grpc/service.rs:161
1791660973.584391 runnervmmprz5 zainod-0.10.1[3031]:   19:36:13.584  INFO zaino_serve::rpc::grpc::service: [TEST] received call, method: "get_block"
1791660973.584391 runnervmmprz5 zainod-0.10.1[3031]:     at packages/zaino-serve/src/rpc/grpc/service.rs:161
1791660977.755523 runnervmmprz5 zainod-0.10.1[3031]:   19:36:17.755  INFO zainodlib::indexer: Zaino status check, chain_state: Ready, fs_mode: ephemeral(syncing), json_rpc: Ready, grpc: Ready
1791660977.755523 runnervmmprz5 zainod-0.10.1[3031]:     at packages/zainod/src/indexer.rs:333
1791660978.578835 runnervmmprz5 zainod-0.10.1[3031]:   19:36:18.578  INFO zaino_serve::rpc::grpc::service: [TEST] received call, method: "get_lightd_info"
1791660978.578835 runnervmmprz5 zainod-0.10.1[3031]:     at packages/zaino-serve/src/rpc/grpc/service.rs:161
1791660978.583402 runnervmmprz5 zainod-0.10.1[3031]:   19:36:18.583  INFO zaino_serve::rpc::grpc::service: [TEST] received call, method: "get_block"
1791660978.583402 runnervmmprz5 zainod-0.10.1[3031]:     at packages/zaino-serve/src/rpc/grpc/service.rs:161
1791660978.584098 runnervmmprz5 zainod-0.10.1[3031]:   19:36:18.584  INFO zaino_serve::rpc::grpc::service: [TEST] received call, method: "get_block"
1791660978.584098 runnervmmprz5 zainod-0.10.1[3031]:     at packages/zaino-serve/src/rpc/grpc/service.rs:161
1791660979.072776 runnervmmprz5 zainod-0.10.1[3031]:   19:36:19.072  INFO zaino_chain_store_zainodb::store::finalised_source::v1::write_core: write_blocks_to_height: syncing, current: 1250969, target: 4381896, zebra_network: Testnet
1791660979.072776 runnervmmprz5 zainod-0.10.1[3031]:     at packages/zaino-chain-store-zainodb/src/store/finalised_source/v1/write_core.rs:184
1791660983.576893 runnervmmprz5 zainod-0.10.1[3031]:   19:36:23.576  INFO zaino_serve::rpc::grpc::service: [TEST] received call, method: "get_lightd_info"
1791660983.576893 runnervmmprz5 zainod-0.10.1[3031]:     at packages/zaino-serve/src/rpc/grpc/service.rs:161
1791660983.582214 runnervmmprz5 zainod-0.10.1[3031]:   19:36:23.582  INFO zaino_serve::rpc::grpc::service: [TEST] received call, method: "get_block"
1791660983.582214 runnervmmprz5 zainod-0.10.1[3031]:     at packages/zaino-serve/src/rpc/grpc/service.rs:161
1791660983.583423 runnervmmprz5 zainod-0.10.1[3031]:   19:36:23.583  INFO zaino_serve::rpc::grpc::service: [TEST] received call, method: "get_block"
1791660983.583423 runnervmmprz5 zainod-0.10.1[3031]:     at packages/zaino-serve/src/rpc/grpc/service.rs:161
1791660987.755663 runnervmmprz5 zainod-0.10.1[3031]:   19:36:27.755  INFO zainodlib::indexer: Zaino status check, chain_state: Ready, fs_mode: ephemeral(syncing), json_rpc: Ready, grpc: Ready
1791660987.755663 runnervmmprz5 zainod-0.10.1[3031]:     at packages/zainod/src/indexer.rs:333
1791660988.581949 runnervmmprz5 zainod-0.10.1[3031]:   19:36:28.581  INFO zaino_serve::rpc::grpc::service: [TEST] received call, method: "get_lightd_info"
1791660988.581949 runnervmmprz5 zainod-0.10.1[3031]:     at packages/zaino-serve/src/rpc/grpc/service.rs:161
1791660988.588038 runnervmmprz5 zainod-0.10.1[3031]:   19:36:28.588  INFO zaino_serve::rpc::grpc::service: [TEST] received call, method: "get_block"
1791660988.588038 runnervmmprz5 zainod-0.10.1[3031]:     at packages/zaino-serve/src/rpc/grpc/service.rs:161
1791660988.588979 runnervmmprz5 zainod-0.10.1[3031]:   19:36:28.588  INFO zaino_serve::rpc::grpc::service: [TEST] received call, method: "get_block"
1791660988.588979 runnervmmprz5 zainod-0.10.1[3031]:     at packages/zaino-serve/src/rpc/grpc/service.rs:161
1791660989.053402 runnervmmprz5 zainod-0.10.1[3031]:   19:36:29.053  INFO zaino_chain_store_zainodb::store::finalised_source::v1::write_core: write_blocks_to_height: committed batch, height: 1199999, blocks: 100000
1791660989.053402 runnervmmprz5 zainod-0.10.1[3031]:     at packages/zaino-chain-store-zainodb/src/store/finalised_source/v1/write_core.rs:636
1791660989.115851 runnervmmprz5 zainod-0.10.1[3031]:   19:36:29.115  INFO zaino_chain_store_zainodb::store::finalised_source::v1::write_core: write_blocks_to_height: syncing, current: 1300002, target: 4381896, zebra_network: Testnet
1791660989.115851 runnervmmprz5 zainod-0.10.1[3031]:     at packages/zaino-chain-store-zainodb/src/store/finalised_source/v1/write_core.rs:184
1791660993.575589 runnervmmprz5 zainod-0.10.1[3031]:   19:36:33.575  INFO zaino_serve::rpc::grpc::service: [TEST] received call, method: "get_lightd_info"
1791660993.575589 runnervmmprz5 zainod-0.10.1[3031]:     at packages/zaino-serve/src/rpc/grpc/service.rs:161
1791660993.579078 runnervmmprz5 zainod-0.10.1[3031]:   19:36:33.579  INFO zaino_serve::rpc::grpc::service: [TEST] received call, method: "get_block"
1791660993.579078 runnervmmprz5 zainod-0.10.1[3031]:     at packages/zaino-serve/src/rpc/grpc/service.rs:161
1791660993.579764 runnervmmprz5 zainod-0.10.1[3031]:   19:36:33.579  INFO zaino_serve::rpc::grpc::service: [TEST] received call, method: "get_block"
1791660993.579764 runnervmmprz5 zainod-0.10.1[3031]:     at packages/zaino-serve/src/rpc/grpc/service.rs:161
1791660997.855680 runnervmmprz5 zainod-0.10.1[3031]:   19:36:37.855  INFO zainodlib::indexer: Zaino status check, chain_state: Ready, fs_mode: ephemeral(syncing), json_rpc: Ready, grpc: Ready
1791660997.855680 runnervmmprz5 zainod-0.10.1[3031]:     at packages/zainod/src/indexer.rs:333
1791660998.577087 runnervmmprz5 zainod-0.10.1[3031]:   19:36:38.577  INFO zaino_serve::rpc::grpc::service: [TEST] received call, method: "get_lightd_info"
1791660998.577087 runnervmmprz5 zainod-0.10.1[3031]:     at packages/zaino-serve/src/rpc/grpc/service.rs:161
1791660998.581389 runnervmmprz5 zainod-0.10.1[3031]:   19:36:38.581  INFO zaino_serve::rpc::grpc::service: [TEST] received call, method: "get_block"
1791660998.581389 runnervmmprz5 zainod-0.10.1[3031]:     at packages/zaino-serve/src/rpc/grpc/service.rs:161
1791660998.582711 runnervmmprz5 zainod-0.10.1[3031]:   19:36:38.582  INFO zaino_serve::rpc::grpc::service: [TEST] received call, method: "get_block"
1791660998.582711 runnervmmprz5 zainod-0.10.1[3031]:     at packages/zaino-serve/src/rpc/grpc/service.rs:161
1791660999.116439 runnervmmprz5 zainod-0.10.1[3031]:   19:36:39.116  INFO zaino_chain_store_zainodb::store::finalised_source::v1::write_core: write_blocks_to_height: syncing, current: 1332435, target: 4381896, zebra_network: Testnet
1791660999.116439 runnervmmprz5 zainod-0.10.1[3031]:     at packages/zaino-chain-store-zainodb/src/store/finalised_source/v1/write_core.rs:184
1791661003.578499 runnervmmprz5 zainod-0.10.1[3031]:   19:36:43.578  INFO zaino_serve::rpc::grpc::service: [TEST] received call, method: "get_lightd_info"
1791661003.578499 runnervmmprz5 zainod-0.10.1[3031]:     at packages/zaino-serve/src/rpc/grpc/service.rs:161
1791661003.583718 runnervmmprz5 zainod-0.10.1[3031]:   19:36:43.583  INFO zaino_serve::rpc::grpc::service: [TEST] received call, method: "get_block"
1791661003.583718 runnervmmprz5 zainod-0.10.1[3031]:     at packages/zaino-serve/src/rpc/grpc/service.rs:161
1791661003.584752 runnervmmprz5 zainod-0.10.1[3031]:   19:36:43.584  INFO zaino_serve::rpc::grpc::service: [TEST] received call, method: "get_block"
1791661003.584752 runnervmmprz5 zainod-0.10.1[3031]:     at packages/zaino-serve/src/rpc/grpc/service.rs:161
1791661007.954872 runnervmmprz5 zainod-0.10.1[3031]:   19:36:47.954  INFO zainodlib::indexer: Zaino status check, chain_state: Ready, fs_mode: ephemeral(syncing), json_rpc: Ready, grpc: Ready
1791661007.954872 runnervmmprz5 zainod-0.10.1[3031]:     at packages/zainod/src/indexer.rs:333
1791661008.580550 runnervmmprz5 zainod-0.10.1[3031]:   19:36:48.580  INFO zaino_serve::rpc::grpc::service: [TEST] received call, method: "get_lightd_info"
1791661008.580550 runnervmmprz5 zainod-0.10.1[3031]:     at packages/zaino-serve/src/rpc/grpc/service.rs:161
1791661008.585556 runnervmmprz5 zainod-0.10.1[3031]:   19:36:48.585  INFO zaino_serve::rpc::grpc::service: [TEST] received call, method: "get_block"
1791661008.585556 runnervmmprz5 zainod-0.10.1[3031]:     at packages/zaino-serve/src/rpc/grpc/service.rs:161
1791661008.586976 runnervmmprz5 zainod-0.10.1[3031]:   19:36:48.586  INFO zaino_serve::rpc::grpc::service: [TEST] received call, method: "get_block"
1791661008.586976 runnervmmprz5 zainod-0.10.1[3031]:     at packages/zaino-serve/src/rpc/grpc/service.rs:161
1791661009.116606 runnervmmprz5 zainod-0.10.1[3031]:   19:36:49.116  INFO zaino_chain_store_zainodb::store::finalised_source::v1::write_core: write_blocks_to_height: syncing, current: 1382385, target: 4381896, zebra_network: Testnet
1791661009.116606 runnervmmprz5 zainod-0.10.1[3031]:     at packages/zaino-chain-store-zainodb/src/store/finalised_source/v1/write_core.rs:184
1791661012.381874 runnervmmprz5 zainod-0.10.1[3031]:   19:36:52.381  INFO zaino_chain_store_zainodb::store::finalised_source::v1::write_core: write_blocks_to_height: committed batch, height: 1299999, blocks: 100000
1791661012.381874 runnervmmprz5 zainod-0.10.1[3031]:     at packages/zaino-chain-store-zainodb/src/store/finalised_source/v1/write_core.rs:636
1791661013.581547 runnervmmprz5 zainod-0.10.1[3031]:   19:36:53.581  INFO zaino_serve::rpc::grpc::service: [TEST] received call, method: "get_lightd_info"
1791661013.581547 runnervmmprz5 zainod-0.10.1[3031]:     at packages/zaino-serve/src/rpc/grpc/service.rs:161
1791661013.589067 runnervmmprz5 zainod-0.10.1[3031]:   19:36:53.589  INFO zaino_serve::rpc::grpc::service: [TEST] received call, method: "get_block"
1791661013.589067 runnervmmprz5 zainod-0.10.1[3031]:     at packages/zaino-serve/src/rpc/grpc/service.rs:161
1791661013.590470 runnervmmprz5 zainod-0.10.1[3031]:   19:36:53.590  INFO zaino_serve::rpc::grpc::service: [TEST] received call, method: "get_block"
1791661013.590470 runnervmmprz5 zainod-0.10.1[3031]:     at packages/zaino-serve/src/rpc/grpc/service.rs:161
1791661017.955610 runnervmmprz5 zainod-0.10.1[3031]:   19:36:57.955  INFO zainodlib::indexer: Zaino status check, chain_state: Ready, fs_mode: ephemeral(syncing), json_rpc: Ready, grpc: Ready
1791661017.955610 runnervmmprz5 zainod-0.10.1[3031]:     at packages/zainod/src/indexer.rs:333
1791661018.582166 runnervmmprz5 zainod-0.10.1[3031]:   19:36:58.582  INFO zaino_serve::rpc::grpc::service: [TEST] received call, method: "get_lightd_info"
1791661018.582166 runnervmmprz5 zainod-0.10.1[3031]:     at packages/zaino-serve/src/rpc/grpc/service.rs:161
1791661018.587531 runnervmmprz5 zainod-0.10.1[3031]:   19:36:58.587  INFO zaino_serve::rpc::grpc::service: [TEST] received call, method: "get_block"
1791661018.587531 runnervmmprz5 zainod-0.10.1[3031]:     at packages/zaino-serve/src/rpc/grpc/service.rs:161
1791661018.588535 runnervmmprz5 zainod-0.10.1[3031]:   19:36:58.588  INFO zaino_serve::rpc::grpc::service: [TEST] received call, method: "get_block"
1791661018.588535 runnervmmprz5 zainod-0.10.1[3031]:     at packages/zaino-serve/src/rpc/grpc/service.rs:161
1791661019.117053 runnervmmprz5 zainod-0.10.1[3031]:   19:36:59.116  INFO zaino_chain_store_zainodb::store::finalised_source::v1::write_core: write_blocks_to_height: syncing, current: 1416940, target: 4381896, zebra_network: Testnet
1791661019.117053 runnervmmprz5 zainod-0.10.1[3031]:     at packages/zaino-chain-store-zainodb/src/store/finalised_source/v1/write_core.rs:184
1791661023.579405 runnervmmprz5 zainod-0.10.1[3031]:   19:37:03.579  INFO zaino_serve::rpc::grpc::service: [TEST] received call, method: "get_lightd_info"
1791661023.579405 runnervmmprz5 zainod-0.10.1[3031]:     at packages/zaino-serve/src/rpc/grpc/service.rs:161
1791661023.583701 runnervmmprz5 zainod-0.10.1[3031]:   19:37:03.583  INFO zaino_serve::rpc::grpc::service: [TEST] received call, method: "get_block"
1791661023.583701 runnervmmprz5 zainod-0.10.1[3031]:     at packages/zaino-serve/src/rpc/grpc/service.rs:161
1791661023.584553 runnervmmprz5 zainod-0.10.1[3031]:   19:37:03.584  INFO zaino_serve::rpc::grpc::service: [TEST] received call, method: "get_block"
1791661023.584553 runnervmmprz5 zainod-0.10.1[3031]:     at packages/zaino-serve/src/rpc/grpc/service.rs:161
1791661028.054704 runnervmmprz5 zainod-0.10.1[3031]:   19:37:08.054  INFO zainodlib::indexer: Zaino status check, chain_state: Ready, fs_mode: ephemeral(syncing), json_rpc: Ready, grpc: Ready
1791661028.054704 runnervmmprz5 zainod-0.10.1[3031]:     at packages/zainod/src/indexer.rs:333
1791661028.584598 runnervmmprz5 zainod-0.10.1[3031]:   19:37:08.584  INFO zaino_serve::rpc::grpc::service: [TEST] received call, method: "get_lightd_info"
1791661028.584598 runnervmmprz5 zainod-0.10.1[3031]:     at packages/zaino-serve/src/rpc/grpc/service.rs:161
1791661028.589172 runnervmmprz5 zainod-0.10.1[3031]:   19:37:08.589  INFO zaino_serve::rpc::grpc::service: [TEST] received call, method: "get_block"
1791661028.589172 runnervmmprz5 zainod-0.10.1[3031]:     at packages/zaino-serve/src/rpc/grpc/service.rs:161
1791661028.590161 runnervmmprz5 zainod-0.10.1[3031]:   19:37:08.590  INFO zaino_serve::rpc::grpc::service: [TEST] received call, method: "get_block"
1791661028.590161 runnervmmprz5 zainod-0.10.1[3031]:     at packages/zaino-serve/src/rpc/grpc/service.rs:161
1791661029.117145 runnervmmprz5 zainod-0.10.1[3031]:   19:37:09.117  INFO zaino_chain_store_zainodb::store::finalised_source::v1::write_core: write_blocks_to_height: syncing, current: 1466986, target: 4381896, zebra_network: Testnet
1791661029.117145 runnervmmprz5 zainod-0.10.1[3031]:     at packages/zaino-chain-store-zainodb/src/store/finalised_source/v1/write_core.rs:184
1791661033.582615 runnervmmprz5 zainod-0.10.1[3031]:   19:37:13.582  INFO zaino_serve::rpc::grpc::service: [TEST] received call, method: "get_lightd_info"
1791661033.582615 runnervmmprz5 zainod-0.10.1[3031]:     at packages/zaino-serve/src/rpc/grpc/service.rs:161
1791661033.586121 runnervmmprz5 zainod-0.10.1[3031]:   19:37:13.586  INFO zaino_serve::rpc::grpc::service: [TEST] received call, method: "get_block"
1791661033.586121 runnervmmprz5 zainod-0.10.1[3031]:     at packages/zaino-serve/src/rpc/grpc/service.rs:161
1791661033.586850 runnervmmprz5 zainod-0.10.1[3031]:   19:37:13.586  INFO zaino_serve::rpc::grpc::service: [TEST] received call, method: "get_block"
1791661033.586850 runnervmmprz5 zainod-0.10.1[3031]:     at packages/zaino-serve/src/rpc/grpc/service.rs:161
1791661036.214746 runnervmmprz5 zainod-0.10.1[3031]:   19:37:16.214  INFO zaino_chain_store_zainodb::store::finalised_source::v1::write_core: write_blocks_to_height: committed batch, height: 1399999, blocks: 100000
1791661036.214746 runnervmmprz5 zainod-0.10.1[3031]:     at packages/zaino-chain-store-zainodb/src/store/finalised_source/v1/write_core.rs:636
1791661038.055364 runnervmmprz5 zainod-0.10.1[3031]:   19:37:18.055  INFO zainodlib::indexer: Zaino status check, chain_state: Ready, fs_mode: ephemeral(syncing), json_rpc: Ready, grpc: Ready
1791661038.055364 runnervmmprz5 zainod-0.10.1[3031]:     at packages/zainod/src/indexer.rs:333
1791661038.586138 runnervmmprz5 zainod-0.10.1[3031]:   19:37:18.586  INFO zaino_serve::rpc::grpc::service: [TEST] received call, method: "get_lightd_info"
1791661038.586138 runnervmmprz5 zainod-0.10.1[3031]:     at packages/zaino-serve/src/rpc/grpc/service.rs:161
1791661038.593197 runnervmmprz5 zainod-0.10.1[3031]:   19:37:18.593  INFO zaino_serve::rpc::grpc::service: [TEST] received call, method: "get_block"
1791661038.593197 runnervmmprz5 zainod-0.10.1[3031]:     at packages/zaino-serve/src/rpc/grpc/service.rs:161
1791661038.594419 runnervmmprz5 zainod-0.10.1[3031]:   19:37:18.594  INFO zaino_serve::rpc::grpc::service: [TEST] received call, method: "get_block"
1791661038.594419 runnervmmprz5 zainod-0.10.1[3031]:     at packages/zaino-serve/src/rpc/grpc/service.rs:161
1791661039.225826 runnervmmprz5 zainod-0.10.1[3031]:   19:37:19.225  INFO zaino_chain_store_zainodb::store::finalised_source::v1::write_core: write_blocks_to_height: syncing, current: 1510292, target: 4381896, zebra_network: Testnet
1791661039.225826 runnervmmprz5 zainod-0.10.1[3031]:     at packages/zaino-chain-store-zainodb/src/store/finalised_source/v1/write_core.rs:184
1791661046.644770 runnervmmprz5 zainod-0.10.1[3031]:   19:37:26.644  INFO zaino_serve::rpc::grpc::service: [TEST] received call, method: "get_block"
1791661046.644770 runnervmmprz5 zainod-0.10.1[3031]:     at packages/zaino-serve/src/rpc/grpc/service.rs:161
1791661046.645855 runnervmmprz5 zainod-0.10.1[3031]:   19:37:26.644  INFO zaino_serve::rpc::grpc::service: [TEST] received call, method: "get_lightd_info"
1791661046.645855 runnervmmprz5 zainod-0.10.1[3031]:     at packages/zaino-serve/src/rpc/grpc/service.rs:161
1791661046.646909 runnervmmprz5 zainod-0.10.1[3031]:   19:37:26.646  INFO zaino_serve::rpc::grpc::service: [TEST] received call, method: "get_block"
1791661046.646909 runnervmmprz5 zainod-0.10.1[3031]:     at packages/zaino-serve/src/rpc/grpc/service.rs:161
1791661048.154850 runnervmmprz5 zainod-0.10.1[3031]:   19:37:28.154  INFO zainodlib::indexer: Zaino status check, chain_state: Ready, fs_mode: ephemeral(syncing), json_rpc: Ready, grpc: Ready
1791661048.154850 runnervmmprz5 zainod-0.10.1[3031]:     at packages/zainod/src/indexer.rs:333
1791661048.668116 runnervmmprz5 zainod-0.10.1[3031]:   19:37:28.668  INFO zaino_serve::rpc::grpc::service: [TEST] received call, method: "get_lightd_info"
1791661048.668116 runnervmmprz5 zainod-0.10.1[3031]:     at packages/zaino-serve/src/rpc/grpc/service.rs:161
1791661048.672997 runnervmmprz5 zainod-0.10.1[3031]:   19:37:28.672  INFO zaino_serve::rpc::grpc::service: [TEST] received call, method: "get_block"
1791661048.672997 runnervmmprz5 zainod-0.10.1[3031]:     at packages/zaino-serve/src/rpc/grpc/service.rs:161
1791661048.674281 runnervmmprz5 zainod-0.10.1[3031]:   19:37:28.674  INFO zaino_serve::rpc::grpc::service: [TEST] received call, method: "get_block"
1791661048.674281 runnervmmprz5 zainod-0.10.1[3031]:     at packages/zaino-serve/src/rpc/grpc/service.rs:161
1791661049.226177 runnervmmprz5 zainod-0.10.1[3031]:   19:37:29.226  INFO zaino_chain_store_zainodb::store::finalised_source::v1::write_core: write_blocks_to_height: syncing, current: 1543013, target: 4381896, zebra_network: Testnet
1791661049.226177 runnervmmprz5 zainod-0.10.1[3031]:     at packages/zaino-chain-store-zainodb/src/store/finalised_source/v1/write_core.rs:184
1791661053.665523 runnervmmprz5 zainod-0.10.1[3031]:   19:37:33.665  INFO zaino_serve::rpc::grpc::service: [TEST] received call, method: "get_lightd_info"
1791661053.665523 runnervmmprz5 zainod-0.10.1[3031]:     at packages/zaino-serve/src/rpc/grpc/service.rs:161
1791661053.670412 runnervmmprz5 zainod-0.10.1[3031]:   19:37:33.670  INFO zaino_serve::rpc::grpc::service: [TEST] received call, method: "get_block"
1791661053.670412 runnervmmprz5 zainod-0.10.1[3031]:     at packages/zaino-serve/src/rpc/grpc/service.rs:161
1791661053.671516 runnervmmprz5 zainod-0.10.1[3031]:   19:37:33.671  INFO zaino_serve::rpc::grpc::service: [TEST] received call, method: "get_block"
1791661053.671516 runnervmmprz5 zainod-0.10.1[3031]:     at packages/zaino-serve/src/rpc/grpc/service.rs:161
1791661058.155236 runnervmmprz5 zainod-0.10.1[3031]:   19:37:38.155  INFO zainodlib::indexer: Zaino status check, chain_state: Ready, fs_mode: ephemeral(syncing), json_rpc: Ready, grpc: Ready
1791661058.155236 runnervmmprz5 zainod-0.10.1[3031]:     at packages/zainod/src/indexer.rs:333
1791661058.668609 runnervmmprz5 zainod-0.10.1[3031]:   19:37:38.668  INFO zaino_serve::rpc::grpc::service: [TEST] received call, method: "get_lightd_info"
1791661058.668609 runnervmmprz5 zainod-0.10.1[3031]:     at packages/zaino-serve/src/rpc/grpc/service.rs:161
1791661058.673515 runnervmmprz5 zainod-0.10.1[3031]:   19:37:38.673  INFO zaino_serve::rpc::grpc::service: [TEST] received call, method: "get_block"
1791661058.673515 runnervmmprz5 zainod-0.10.1[3031]:     at packages/zaino-serve/src/rpc/grpc/service.rs:161
1791661058.674331 runnervmmprz5 zainod-0.10.1[3031]:   19:37:38.674  INFO zaino_serve::rpc::grpc::service: [TEST] received call, method: "get_block"
1791661058.674331 runnervmmprz5 zainod-0.10.1[3031]:     at packages/zaino-serve/src/rpc/grpc/service.rs:161
1791661059.226450 runnervmmprz5 zainod-0.10.1[3031]:   19:37:39.226  INFO zaino_chain_store_zainodb::store::finalised_source::v1::write_core: write_blocks_to_height: syncing, current: 1592180, target: 4381896, zebra_network: Testnet
1791661059.226450 runnervmmprz5 zainod-0.10.1[3031]:     at packages/zaino-chain-store-zainodb/src/store/finalised_source/v1/write_core.rs:184
1791661060.886291 runnervmmprz5 zainod-0.10.1[3031]:   19:37:40.886  INFO zaino_chain_store_zainodb::store::finalised_source::v1::write_core: write_blocks_to_height: committed batch, height: 1499999, blocks: 100000
1791661060.886291 runnervmmprz5 zainod-0.10.1[3031]:     at packages/zaino-chain-store-zainodb/src/store/finalised_source/v1/write_core.rs:636
1791661063.667907 runnervmmprz5 zainod-0.10.1[3031]:   19:37:43.667  INFO zaino_serve::rpc::grpc::service: [TEST] received call, method: "get_lightd_info"
1791661063.667907 runnervmmprz5 zainod-0.10.1[3031]:     at packages/zaino-serve/src/rpc/grpc/service.rs:161
1791661063.674593 runnervmmprz5 zainod-0.10.1[3031]:   19:37:43.674  INFO zaino_serve::rpc::grpc::service: [TEST] received call, method: "get_block"
1791661063.674593 runnervmmprz5 zainod-0.10.1[3031]:     at packages/zaino-serve/src/rpc/grpc/service.rs:161
1791661063.675628 runnervmmprz5 zainod-0.10.1[3031]:   19:37:43.675  INFO zaino_serve::rpc::grpc::service: [TEST] received call, method: "get_block"
1791661063.675628 runnervmmprz5 zainod-0.10.1[3031]:     at packages/zaino-serve/src/rpc/grpc/service.rs:161
1791661068.255569 runnervmmprz5 zainod-0.10.1[3031]:   19:37:48.255  INFO zainodlib::indexer: Zaino status check, chain_state: Ready, fs_mode: ephemeral(syncing), json_rpc: Ready, grpc: Ready
1791661068.255569 runnervmmprz5 zainod-0.10.1[3031]:     at packages/zainod/src/indexer.rs:333
1791661068.671831 runnervmmprz5 zainod-0.10.1[3031]:   19:37:48.671  INFO zaino_serve::rpc::grpc::service: [TEST] received call, method: "get_lightd_info"
1791661068.671831 runnervmmprz5 zainod-0.10.1[3031]:     at packages/zaino-serve/src/rpc/grpc/service.rs:161
1791661068.676532 runnervmmprz5 zainod-0.10.1[3031]:   19:37:48.676  INFO zaino_serve::rpc::grpc::service: [TEST] received call, method: "get_block"
1791661068.676532 runnervmmprz5 zainod-0.10.1[3031]:     at packages/zaino-serve/src/rpc/grpc/service.rs:161
1791661068.677613 runnervmmprz5 zainod-0.10.1[3031]:   19:37:48.677  INFO zaino_serve::rpc::grpc::service: [TEST] received call, method: "get_block"
1791661068.677613 runnervmmprz5 zainod-0.10.1[3031]:     at packages/zaino-serve/src/rpc/grpc/service.rs:161
1791661069.227022 runnervmmprz5 zainod-0.10.1[3031]:   19:37:49.226  INFO zaino_chain_store_zainodb::store::finalised_source::v1::write_core: write_blocks_to_height: syncing, current: 1623087, target: 4381896, zebra_network: Testnet
1791661069.227022 runnervmmprz5 zainod-0.10.1[3031]:     at packages/zaino-chain-store-zainodb/src/store/finalised_source/v1/write_core.rs:184
1791661073.668109 runnervmmprz5 zainod-0.10.1[3031]:   19:37:53.668  INFO zaino_serve::rpc::grpc::service: [TEST] received call, method: "get_lightd_info"
1791661073.668109 runnervmmprz5 zainod-0.10.1[3031]:     at packages/zaino-serve/src/rpc/grpc/service.rs:161
1791661073.673146 runnervmmprz5 zainod-0.10.1[3031]:   19:37:53.673  INFO zaino_serve::rpc::grpc::service: [TEST] received call, method: "get_block"
1791661073.673146 runnervmmprz5 zainod-0.10.1[3031]:     at packages/zaino-serve/src/rpc/grpc/service.rs:161
1791661073.674237 runnervmmprz5 zainod-0.10.1[3031]:   19:37:53.674  INFO zaino_serve::rpc::grpc::service: [TEST] received call, method: "get_block"
1791661073.674237 runnervmmprz5 zainod-0.10.1[3031]:     at packages/zaino-serve/src/rpc/grpc/service.rs:161
1791661078.355276 runnervmmprz5 zainod-0.10.1[3031]:   19:37:58.355  INFO zainodlib::indexer: Zaino status check, chain_state: Ready, fs_mode: ephemeral(syncing), json_rpc: Ready, grpc: Ready
1791661078.355276 runnervmmprz5 zainod-0.10.1[3031]:     at packages/zainod/src/indexer.rs:333
1791661078.670053 runnervmmprz5 zainod-0.10.1[3031]:   19:37:58.669  INFO zaino_serve::rpc::grpc::service: [TEST] received call, method: "get_lightd_info"
1791661078.670053 runnervmmprz5 zainod-0.10.1[3031]:     at packages/zaino-serve/src/rpc/grpc/service.rs:161
1791661078.675533 runnervmmprz5 zainod-0.10.1[3031]:   19:37:58.675  INFO zaino_serve::rpc::grpc::service: [TEST] received call, method: "get_block"
1791661078.675533 runnervmmprz5 zainod-0.10.1[3031]:     at packages/zaino-serve/src/rpc/grpc/service.rs:161
1791661078.676377 runnervmmprz5 zainod-0.10.1[3031]:   19:37:58.676  INFO zaino_serve::rpc::grpc::service: [TEST] received call, method: "get_block"
1791661078.676377 runnervmmprz5 zainod-0.10.1[3031]:     at packages/zaino-serve/src/rpc/grpc/service.rs:161
1791661079.227532 runnervmmprz5 zainod-0.10.1[3031]:   19:37:59.227  INFO zaino_chain_store_zainodb::store::finalised_source::v1::write_core: write_blocks_to_height: syncing, current: 1674378, target: 4381896, zebra_network: Testnet
1791661079.227532 runnervmmprz5 zainod-0.10.1[3031]:     at packages/zaino-chain-store-zainodb/src/store/finalised_source/v1/write_core.rs:184
1791661083.667164 runnervmmprz5 zainod-0.10.1[3031]:   19:38:03.667  INFO zaino_serve::rpc::grpc::service: [TEST] received call, method: "get_lightd_info"
1791661083.667164 runnervmmprz5 zainod-0.10.1[3031]:     at packages/zaino-serve/src/rpc/grpc/service.rs:161
1791661083.673113 runnervmmprz5 zainod-0.10.1[3031]:   19:38:03.673  INFO zaino_serve::rpc::grpc::service: [TEST] received call, method: "get_block"
1791661083.673113 runnervmmprz5 zainod-0.10.1[3031]:     at packages/zaino-serve/src/rpc/grpc/service.rs:161
1791661083.674044 runnervmmprz5 zainod-0.10.1[3031]:   19:38:03.674  INFO zaino_serve::rpc::grpc::service: [TEST] received call, method: "get_block"
1791661083.674044 runnervmmprz5 zainod-0.10.1[3031]:     at packages/zaino-serve/src/rpc/grpc/service.rs:161
1791661084.262412 runnervmmprz5 zainod-0.10.1[3031]:   19:38:04.262  INFO zaino_chain_store_zainodb::store::finalised_source::v1::write_core: write_blocks_to_height: committed batch, height: 1599999, blocks: 100000
1791661084.262412 runnervmmprz5 zainod-0.10.1[3031]:     at packages/zaino-chain-store-zainodb/src/store/finalised_source/v1/write_core.rs:636
1791661088.355614 runnervmmprz5 zainod-0.10.1[3031]:   19:38:08.355  INFO zainodlib::indexer: Zaino status check, chain_state: Ready, fs_mode: ephemeral(syncing), json_rpc: Ready, grpc: Ready
1791661088.355614 runnervmmprz5 zainod-0.10.1[3031]:     at packages/zainod/src/indexer.rs:333
1791661088.667963 runnervmmprz5 zainod-0.10.1[3031]:   19:38:08.667  INFO zaino_serve::rpc::grpc::service: [TEST] received call, method: "get_lightd_info"
1791661088.667963 runnervmmprz5 zainod-0.10.1[3031]:     at packages/zaino-serve/src/rpc/grpc/service.rs:161
1791661088.672281 runnervmmprz5 zainod-0.10.1[3031]:   19:38:08.672  INFO zaino_serve::rpc::grpc::service: [TEST] received call, method: "get_block"
1791661088.672281 runnervmmprz5 zainod-0.10.1[3031]:     at packages/zaino-serve/src/rpc/grpc/service.rs:161
1791661088.673062 runnervmmprz5 zainod-0.10.1[3031]:   19:38:08.673  INFO zaino_serve::rpc::grpc::service: [TEST] received call, method: "get_block"
1791661088.673062 runnervmmprz5 zainod-0.10.1[3031]:     at packages/zaino-serve/src/rpc/grpc/service.rs:161
1791661089.263844 runnervmmprz5 zainod-0.10.1[3031]:   19:38:09.263  INFO zaino_chain_store_zainodb::store::finalised_source::v1::write_core: write_blocks_to_height: syncing, current: 1712011, target: 4381896, zebra_network: Testnet
1791661089.263844 runnervmmprz5 zainod-0.10.1[3031]:     at packages/zaino-chain-store-zainodb/src/store/finalised_source/v1/write_core.rs:184
1791661093.672751 runnervmmprz5 zainod-0.10.1[3031]:   19:38:13.672  INFO zaino_serve::rpc::grpc::service: [TEST] received call, method: "get_lightd_info"
1791661093.672751 runnervmmprz5 zainod-0.10.1[3031]:     at packages/zaino-serve/src/rpc/grpc/service.rs:161
1791661093.677480 runnervmmprz5 zainod-0.10.1[3031]:   19:38:13.677  INFO zaino_serve::rpc::grpc::service: [TEST] received call, method: "get_block"
1791661093.677480 runnervmmprz5 zainod-0.10.1[3031]:     at packages/zaino-serve/src/rpc/grpc/service.rs:161
1791661093.678460 runnervmmprz5 zainod-0.10.1[3031]:   19:38:13.678  INFO zaino_serve::rpc::grpc::service: [TEST] received call, method: "get_block"
1791661093.678460 runnervmmprz5 zainod-0.10.1[3031]:     at packages/zaino-serve/src/rpc/grpc/service.rs:161
1791661098.455464 runnervmmprz5 zainod-0.10.1[3031]:   19:38:18.455  INFO zainodlib::indexer: Zaino status check, chain_state: Ready, fs_mode: ephemeral(syncing), json_rpc: Ready, grpc: Ready
1791661098.455464 runnervmmprz5 zainod-0.10.1[3031]:     at packages/zainod/src/indexer.rs:333
1791661098.671834 runnervmmprz5 zainod-0.10.1[3031]:   19:38:18.671  INFO zaino_serve::rpc::grpc::service: [TEST] received call, method: "get_lightd_info"
1791661098.671834 runnervmmprz5 zainod-0.10.1[3031]:     at packages/zaino-serve/src/rpc/grpc/service.rs:161
1791661098.677342 runnervmmprz5 zainod-0.10.1[3031]:   19:38:18.677  INFO zaino_serve::rpc::grpc::service: [TEST] received call, method: "get_block"
1791661098.677342 runnervmmprz5 zainod-0.10.1[3031]:     at packages/zaino-serve/src/rpc/grpc/service.rs:161
1791661098.678296 runnervmmprz5 zainod-0.10.1[3031]:   19:38:18.678  INFO zaino_serve::rpc::grpc::service: [TEST] received call, method: "get_block"
1791661098.678296 runnervmmprz5 zainod-0.10.1[3031]:     at packages/zaino-serve/src/rpc/grpc/service.rs:161
1791661099.264149 runnervmmprz5 zainod-0.10.1[3031]:   19:38:19.264  INFO zaino_chain_store_zainodb::store::finalised_source::v1::write_core: write_blocks_to_height: syncing, current: 1756195, target: 4381896, zebra_network: Testnet
1791661099.264149 runnervmmprz5 zainod-0.10.1[3031]:     at packages/zaino-chain-store-zainodb/src/store/finalised_source/v1/write_core.rs:184
1791661103.669794 runnervmmprz5 zainod-0.10.1[3031]:   19:38:23.669  INFO zaino_serve::rpc::grpc::service: [TEST] received call, method: "get_lightd_info"
1791661103.669794 runnervmmprz5 zainod-0.10.1[3031]:     at packages/zaino-serve/src/rpc/grpc/service.rs:161
1791661103.675256 runnervmmprz5 zainod-0.10.1[3031]:   19:38:23.675  INFO zaino_serve::rpc::grpc::service: [TEST] received call, method: "get_block"
1791661103.675256 runnervmmprz5 zainod-0.10.1[3031]:     at packages/zaino-serve/src/rpc/grpc/service.rs:161
1791661103.676261 runnervmmprz5 zainod-0.10.1[3031]:   19:38:23.676  INFO zaino_serve::rpc::grpc::service: [TEST] received call, method: "get_block"
1791661103.676261 runnervmmprz5 zainod-0.10.1[3031]:     at packages/zaino-serve/src/rpc/grpc/service.rs:161
1791661107.733341 runnervmmprz5 zainod-0.10.1[3031]:   19:38:27.733  INFO zaino_chain_store_zainodb::store::finalised_source::v1::write_core: write_blocks_to_height: committed batch, height: 1699999, blocks: 100000
1791661107.733341 runnervmmprz5 zainod-0.10.1[3031]:     at packages/zaino-chain-store-zainodb/src/store/finalised_source/v1/write_core.rs:636
1791661108.555637 runnervmmprz5 zainod-0.10.1[3031]:   19:38:28.555  INFO zainodlib::indexer: Zaino status check, chain_state: Ready, fs_mode: ephemeral(syncing), json_rpc: Ready, grpc: Ready
1791661108.555637 runnervmmprz5 zainod-0.10.1[3031]:     at packages/zainod/src/indexer.rs:333
1791661108.677967 runnervmmprz5 zainod-0.10.1[3031]:   19:38:28.677  INFO zaino_serve::rpc::grpc::service: [TEST] received call, method: "get_lightd_info"
1791661108.677967 runnervmmprz5 zainod-0.10.1[3031]:     at packages/zaino-serve/src/rpc/grpc/service.rs:161
1791661108.683396 runnervmmprz5 zainod-0.10.1[3031]:   19:38:28.683  INFO zaino_serve::rpc::grpc::service: [TEST] received call, method: "get_block"
1791661108.683396 runnervmmprz5 zainod-0.10.1[3031]:     at packages/zaino-serve/src/rpc/grpc/service.rs:161
1791661108.684309 runnervmmprz5 zainod-0.10.1[3031]:   19:38:28.684  INFO zaino_serve::rpc::grpc::service: [TEST] received call, method: "get_block"
1791661108.684309 runnervmmprz5 zainod-0.10.1[3031]:     at packages/zaino-serve/src/rpc/grpc/service.rs:161
1791661109.264658 runnervmmprz5 zainod-0.10.1[3031]:   19:38:29.264  INFO zaino_chain_store_zainodb::store::finalised_source::v1::write_core: write_blocks_to_height: syncing, current: 1806344, target: 4381896, zebra_network: Testnet
1791661109.264658 runnervmmprz5 zainod-0.10.1[3031]:     at packages/zaino-chain-store-zainodb/src/store/finalised_source/v1/write_core.rs:184
1791661113.665917 runnervmmprz5 zainod-0.10.1[3031]:   19:38:33.665  INFO zaino_serve::rpc::grpc::service: [TEST] received call, method: "get_lightd_info"
1791661113.665917 runnervmmprz5 zainod-0.10.1[3031]:     at packages/zaino-serve/src/rpc/grpc/service.rs:161
1791661113.669741 runnervmmprz5 zainod-0.10.1[3031]:   19:38:33.669  INFO zaino_serve::rpc::grpc::service: [TEST] received call, method: "get_block"
1791661113.669741 runnervmmprz5 zainod-0.10.1[3031]:     at packages/zaino-serve/src/rpc/grpc/service.rs:161
1791661113.670600 runnervmmprz5 zainod-0.10.1[3031]:   19:38:33.670  INFO zaino_serve::rpc::grpc::service: [TEST] received call, method: "get_block"
1791661113.670600 runnervmmprz5 zainod-0.10.1[3031]:     at packages/zaino-serve/src/rpc/grpc/service.rs:161
1791661118.655005 runnervmmprz5 zainod-0.10.1[3031]:   19:38:38.654  INFO zainodlib::indexer: Zaino status check, chain_state: Ready, fs_mode: ephemeral(syncing), json_rpc: Ready, grpc: Ready
1791661118.655005 runnervmmprz5 zainod-0.10.1[3031]:     at packages/zainod/src/indexer.rs:333
1791661118.669287 runnervmmprz5 zainod-0.10.1[3031]:   19:38:38.669  INFO zaino_serve::rpc::grpc::service: [TEST] received call, method: "get_lightd_info"
1791661118.669287 runnervmmprz5 zainod-0.10.1[3031]:     at packages/zaino-serve/src/rpc/grpc/service.rs:161
1791661118.672968 runnervmmprz5 zainod-0.10.1[3031]:   19:38:38.672  INFO zaino_serve::rpc::grpc::service: [TEST] received call, method: "get_block"
1791661118.672968 runnervmmprz5 zainod-0.10.1[3031]:     at packages/zaino-serve/src/rpc/grpc/service.rs:161
1791661118.673767 runnervmmprz5 zainod-0.10.1[3031]:   19:38:38.673  INFO zaino_serve::rpc::grpc::service: [TEST] received call, method: "get_block"
1791661118.673767 runnervmmprz5 zainod-0.10.1[3031]:     at packages/zaino-serve/src/rpc/grpc/service.rs:161
1791661119.267023 runnervmmprz5 zainod-0.10.1[3031]:   19:38:39.266  INFO zaino_chain_store_zainodb::store::finalised_source::v1::write_core: write_blocks_to_height: syncing, current: 1830866, target: 4381896, zebra_network: Testnet
1791661119.267023 runnervmmprz5 zainod-0.10.1[3031]:     at packages/zaino-chain-store-zainodb/src/store/finalised_source/v1/write_core.rs:184
1791661123.671181 runnervmmprz5 zainod-0.10.1[3031]:   19:38:43.671  INFO zaino_serve::rpc::grpc::service: [TEST] received call, method: "get_lightd_info"
1791661123.671181 runnervmmprz5 zainod-0.10.1[3031]:     at packages/zaino-serve/src/rpc/grpc/service.rs:161
1791661123.676141 runnervmmprz5 zainod-0.10.1[3031]:   19:38:43.676  INFO zaino_serve::rpc::grpc::service: [TEST] received call, method: "get_block"
1791661123.676141 runnervmmprz5 zainod-0.10.1[3031]:     at packages/zaino-serve/src/rpc/grpc/service.rs:161
1791661123.677004 runnervmmprz5 zainod-0.10.1[3031]:   19:38:43.676  INFO zaino_serve::rpc::grpc::service: [TEST] received call, method: "get_block"
1791661123.677004 runnervmmprz5 zainod-0.10.1[3031]:     at packages/zaino-serve/src/rpc/grpc/service.rs:161
1791661128.655779 runnervmmprz5 zainod-0.10.1[3031]:   19:38:48.655  INFO zainodlib::indexer: Zaino status check, chain_state: Ready, fs_mode: ephemeral(syncing), json_rpc: Ready, grpc: Ready
1791661128.655779 runnervmmprz5 zainod-0.10.1[3031]:     at packages/zainod/src/indexer.rs:333
1791661128.673248 runnervmmprz5 zainod-0.10.1[3031]:   19:38:48.673  INFO zaino_serve::rpc::grpc::service: [TEST] received call, method: "get_lightd_info"
1791661128.673248 runnervmmprz5 zainod-0.10.1[3031]:     at packages/zaino-serve/src/rpc/grpc/service.rs:161
1791661128.677320 runnervmmprz5 zainod-0.10.1[3031]:   19:38:48.677  INFO zaino_serve::rpc::grpc::service: [TEST] received call, method: "get_block"
1791661128.677320 runnervmmprz5 zainod-0.10.1[3031]:     at packages/zaino-serve/src/rpc/grpc/service.rs:161
1791661128.678288 runnervmmprz5 zainod-0.10.1[3031]:   19:38:48.678  INFO zaino_serve::rpc::grpc::service: [TEST] received call, method: "get_block"
1791661128.678288 runnervmmprz5 zainod-0.10.1[3031]:     at packages/zaino-serve/src/rpc/grpc/service.rs:161
1791661129.267773 runnervmmprz5 zainod-0.10.1[3031]:   19:38:49.267  INFO zaino_chain_store_zainodb::store::finalised_source::v1::write_core: write_blocks_to_height: syncing, current: 1865354, target: 4381896, zebra_network: Testnet
1791661129.267773 runnervmmprz5 zainod-0.10.1[3031]:     at packages/zaino-chain-store-zainodb/src/store/finalised_source/v1/write_core.rs:184
1791661133.672908 runnervmmprz5 zainod-0.10.1[3031]:   19:38:53.672  INFO zaino_serve::rpc::grpc::service: [TEST] received call, method: "get_lightd_info"
1791661133.672908 runnervmmprz5 zainod-0.10.1[3031]:     at packages/zaino-serve/src/rpc/grpc/service.rs:161
1791661133.677476 runnervmmprz5 zainod-0.10.1[3031]:   19:38:53.677  INFO zaino_serve::rpc::grpc::service: [TEST] received call, method: "get_block"
1791661133.677476 runnervmmprz5 zainod-0.10.1[3031]:     at packages/zaino-serve/src/rpc/grpc/service.rs:161
1791661133.678404 runnervmmprz5 zainod-0.10.1[3031]:   19:38:53.678  INFO zaino_serve::rpc::grpc::service: [TEST] received call, method: "get_block"
1791661133.678404 runnervmmprz5 zainod-0.10.1[3031]:     at packages/zaino-serve/src/rpc/grpc/service.rs:161
1791661138.655385 runnervmmprz5 zainod-0.10.1[3031]:   19:38:58.655  INFO zainodlib::indexer: Zaino status check, chain_state: Ready, fs_mode: ephemeral(syncing), json_rpc: Ready, grpc: Ready
1791661138.655385 runnervmmprz5 zainod-0.10.1[3031]:     at packages/zainod/src/indexer.rs:333
1791661138.675407 runnervmmprz5 zainod-0.10.1[3031]:   19:38:58.675  INFO zaino_serve::rpc::grpc::service: [TEST] received call, method: "get_lightd_info"
1791661138.675407 runnervmmprz5 zainod-0.10.1[3031]:     at packages/zaino-serve/src/rpc/grpc/service.rs:161
1791661138.679672 runnervmmprz5 zainod-0.10.1[3031]:   19:38:58.679  INFO zaino_serve::rpc::grpc::service: [TEST] received call, method: "get_block"
1791661138.679672 runnervmmprz5 zainod-0.10.1[3031]:     at packages/zaino-serve/src/rpc/grpc/service.rs:161
1791661138.680672 runnervmmprz5 zainod-0.10.1[3031]:   19:38:58.680  INFO zaino_serve::rpc::grpc::service: [TEST] received call, method: "get_block"
1791661138.680672 runnervmmprz5 zainod-0.10.1[3031]:     at packages/zaino-serve/src/rpc/grpc/service.rs:161
1791661139.096346 runnervmmprz5 zainod-0.10.1[3031]:   19:38:59.096  INFO zaino_chain_store_zainodb::store::finalised_source::v1::write_core: write_blocks_to_height: committed batch, height: 1799999, blocks: 100000
1791661139.096346 runnervmmprz5 zainod-0.10.1[3031]:     at packages/zaino-chain-store-zainodb/src/store/finalised_source/v1/write_core.rs:636
1791661139.268263 runnervmmprz5 zainod-0.10.1[3031]:   19:38:59.268  INFO zaino_chain_store_zainodb::store::finalised_source::v1::write_core: write_blocks_to_height: syncing, current: 1900407, target: 4381896, zebra_network: Testnet
1791661139.268263 runnervmmprz5 zainod-0.10.1[3031]:     at packages/zaino-chain-store-zainodb/src/store/finalised_source/v1/write_core.rs:184
1791661143.668729 runnervmmprz5 zainod-0.10.1[3031]:   19:39:03.668  INFO zaino_serve::rpc::grpc::service: [TEST] received call, method: "get_lightd_info"
1791661143.668729 runnervmmprz5 zainod-0.10.1[3031]:     at packages/zaino-serve/src/rpc/grpc/service.rs:161
1791661143.672391 runnervmmprz5 zainod-0.10.1[3031]:   19:39:03.672  INFO zaino_serve::rpc::grpc::service: [TEST] received call, method: "get_block"
1791661143.672391 runnervmmprz5 zainod-0.10.1[3031]:     at packages/zaino-serve/src/rpc/grpc/service.rs:161
1791661143.673177 runnervmmprz5 zainod-0.10.1[3031]:   19:39:03.673  INFO zaino_serve::rpc::grpc::service: [TEST] received call, method: "get_block"
1791661143.673177 runnervmmprz5 zainod-0.10.1[3031]:     at packages/zaino-serve/src/rpc/grpc/service.rs:161
1791661148.903408 runnervmmprz5 zainod-0.10.1[3031]:   19:39:08.903  INFO zaino_serve::rpc::grpc::service: [TEST] received call, method: "get_lightd_info"
1791661148.903408 runnervmmprz5 zainod-0.10.1[3031]:     at packages/zaino-serve/src/rpc/grpc/service.rs:161
1791661148.905090 runnervmmprz5 zainod-0.10.1[3031]:   19:39:08.903  INFO zainodlib::indexer: Zaino status check, chain_state: Syncing, fs_mode: ephemeral(syncing), json_rpc: Ready, grpc: Ready
1791661148.905090 runnervmmprz5 zainod-0.10.1[3031]:     at packages/zainod/src/indexer.rs:333
1791661148.908880 runnervmmprz5 zainod-0.10.1[3031]:   19:39:08.908  INFO zaino_serve::rpc::grpc::service: [TEST] received call, method: "get_block"
1791661148.908880 runnervmmprz5 zainod-0.10.1[3031]:     at packages/zaino-serve/src/rpc/grpc/service.rs:161
1791661148.909963 runnervmmprz5 zainod-0.10.1[3031]:   19:39:08.909  INFO zaino_serve::rpc::grpc::service: [TEST] received call, method: "get_block"
1791661148.909963 runnervmmprz5 zainod-0.10.1[3031]:     at packages/zaino-serve/src/rpc/grpc/service.rs:161
1791661149.299717 runnervmmprz5 zainod-0.10.1[3031]:   19:39:09.299  INFO zaino_chain_store_zainodb::store::finalised_source::v1::write_core: write_blocks_to_height: syncing, current: 1918020, target: 4381896, zebra_network: Testnet
1791661149.299717 runnervmmprz5 zainod-0.10.1[3031]:     at packages/zaino-chain-store-zainodb/src/store/finalised_source/v1/write_core.rs:184
1791661153.673594 runnervmmprz5 zainod-0.10.1[3031]:   19:39:13.673  INFO zaino_serve::rpc::grpc::service: [TEST] received call, method: "get_lightd_info"
1791661153.673594 runnervmmprz5 zainod-0.10.1[3031]:     at packages/zaino-serve/src/rpc/grpc/service.rs:161
1791661153.678498 runnervmmprz5 zainod-0.10.1[3031]:   19:39:13.678  INFO zaino_serve::rpc::grpc::service: [TEST] received call, method: "get_block"
1791661153.678498 runnervmmprz5 zainod-0.10.1[3031]:     at packages/zaino-serve/src/rpc/grpc/service.rs:161
1791661153.679687 runnervmmprz5 zainod-0.10.1[3031]:   19:39:13.679  INFO zaino_serve::rpc::grpc::service: [TEST] received call, method: "get_block"
1791661153.679687 runnervmmprz5 zainod-0.10.1[3031]:     at packages/zaino-serve/src/rpc/grpc/service.rs:161
1791661158.678563 runnervmmprz5 zainod-0.10.1[3031]:   19:39:18.678  INFO zaino_serve::rpc::grpc::service: [TEST] received call, method: "get_lightd_info"
1791661158.678563 runnervmmprz5 zainod-0.10.1[3031]:     at packages/zaino-serve/src/rpc/grpc/service.rs:161
1791661158.684227 runnervmmprz5 zainod-0.10.1[3031]:   19:39:18.684  INFO zaino_serve::rpc::grpc::service: [TEST] received call, method: "get_block"
1791661158.684227 runnervmmprz5 zainod-0.10.1[3031]:     at packages/zaino-serve/src/rpc/grpc/service.rs:161
1791661158.685110 runnervmmprz5 zainod-0.10.1[3031]:   19:39:18.685  INFO zaino_serve::rpc::grpc::service: [TEST] received call, method: "get_block"
1791661158.685110 runnervmmprz5 zainod-0.10.1[3031]:     at packages/zaino-serve/src/rpc/grpc/service.rs:161
1791661158.954788 runnervmmprz5 zainod-0.10.1[3031]:   19:39:18.954  INFO zainodlib::indexer: Zaino status check, chain_state: Ready, fs_mode: ephemeral(syncing), json_rpc: Ready, grpc: Ready
1791661158.954788 runnervmmprz5 zainod-0.10.1[3031]:     at packages/zainod/src/indexer.rs:333
1791661159.300242 runnervmmprz5 zainod-0.10.1[3031]:   19:39:19.300  INFO zaino_chain_store_zainodb::store::finalised_source::v1::write_core: write_blocks_to_height: syncing, current: 1966344, target: 4381896, zebra_network: Testnet
1791661159.300242 runnervmmprz5 zainod-0.10.1[3031]:     at packages/zaino-chain-store-zainodb/src/store/finalised_source/v1/write_core.rs:184
1791661163.675839 runnervmmprz5 zainod-0.10.1[3031]:   19:39:23.675  INFO zaino_serve::rpc::grpc::service: [TEST] received call, method: "get_lightd_info"
1791661163.675839 runnervmmprz5 zainod-0.10.1[3031]:     at packages/zaino-serve/src/rpc/grpc/service.rs:161
1791661163.680500 runnervmmprz5 zainod-0.10.1[3031]:   19:39:23.680  INFO zaino_serve::rpc::grpc::service: [TEST] received call, method: "get_block"
1791661163.680500 runnervmmprz5 zainod-0.10.1[3031]:     at packages/zaino-serve/src/rpc/grpc/service.rs:161
1791661163.681522 runnervmmprz5 zainod-0.10.1[3031]:   19:39:23.681  INFO zaino_serve::rpc::grpc::service: [TEST] received call, method: "get_block"
1791661163.681522 runnervmmprz5 zainod-0.10.1[3031]:     at packages/zaino-serve/src/rpc/grpc/service.rs:161
1791661166.048107 runnervmmprz5 zainod-0.10.1[3031]:   19:39:26.048  INFO zaino_chain_store_zainodb::store::finalised_source::v1::write_core: write_blocks_to_height: committed batch, height: 1899999, blocks: 100000
1791661166.048107 runnervmmprz5 zainod-0.10.1[3031]:     at packages/zaino-chain-store-zainodb/src/store/finalised_source/v1/write_core.rs:636
1791661168.683388 runnervmmprz5 zainod-0.10.1[3031]:   19:39:28.683  INFO zaino_serve::rpc::grpc::service: [TEST] received call, method: "get_lightd_info"
1791661168.683388 runnervmmprz5 zainod-0.10.1[3031]:     at packages/zaino-serve/src/rpc/grpc/service.rs:161
1791661168.689341 runnervmmprz5 zainod-0.10.1[3031]:   19:39:28.689  INFO zaino_serve::rpc::grpc::service: [TEST] received call, method: "get_block"
1791661168.689341 runnervmmprz5 zainod-0.10.1[3031]:     at packages/zaino-serve/src/rpc/grpc/service.rs:161
1791661168.690561 runnervmmprz5 zainod-0.10.1[3031]:   19:39:28.690  INFO zaino_serve::rpc::grpc::service: [TEST] received call, method: "get_block"
1791661168.690561 runnervmmprz5 zainod-0.10.1[3031]:     at packages/zaino-serve/src/rpc/grpc/service.rs:161
1791661168.955531 runnervmmprz5 zainod-0.10.1[3031]:   19:39:28.955  INFO zainodlib::indexer: Zaino status check, chain_state: Ready, fs_mode: ephemeral(syncing), json_rpc: Ready, grpc: Ready
1791661168.955531 runnervmmprz5 zainod-0.10.1[3031]:     at packages/zainod/src/indexer.rs:333
1791661169.365512 runnervmmprz5 zainod-0.10.1[3031]:   19:39:29.365  INFO zaino_chain_store_zainodb::store::finalised_source::v1::write_core: write_blocks_to_height: syncing, current: 2011981, target: 4381896, zebra_network: Testnet
1791661169.365512 runnervmmprz5 zainod-0.10.1[3031]:     at packages/zaino-chain-store-zainodb/src/store/finalised_source/v1/write_core.rs:184
1791661173.678372 runnervmmprz5 zainod-0.10.1[3031]:   19:39:33.678  INFO zaino_serve::rpc::grpc::service: [TEST] received call, method: "get_lightd_info"
1791661173.678372 runnervmmprz5 zainod-0.10.1[3031]:     at packages/zaino-serve/src/rpc/grpc/service.rs:161
1791661173.684175 runnervmmprz5 zainod-0.10.1[3031]:   19:39:33.684  INFO zaino_serve::rpc::grpc::service: [TEST] received call, method: "get_block"
1791661173.684175 runnervmmprz5 zainod-0.10.1[3031]:     at packages/zaino-serve/src/rpc/grpc/service.rs:161
1791661173.685033 runnervmmprz5 zainod-0.10.1[3031]:   19:39:33.685  INFO zaino_serve::rpc::grpc::service: [TEST] received call, method: "get_block"
1791661173.685033 runnervmmprz5 zainod-0.10.1[3031]:     at packages/zaino-serve/src/rpc/grpc/service.rs:161
1791661178.680415 runnervmmprz5 zainod-0.10.1[3031]:   19:39:38.680  INFO zaino_serve::rpc::grpc::service: [TEST] received call, method: "get_lightd_info"
1791661178.680415 runnervmmprz5 zainod-0.10.1[3031]:     at packages/zaino-serve/src/rpc/grpc/service.rs:161
1791661178.685934 runnervmmprz5 zainod-0.10.1[3031]:   19:39:38.685  INFO zaino_serve::rpc::grpc::service: [TEST] received call, method: "get_block"
1791661178.685934 runnervmmprz5 zainod-0.10.1[3031]:     at packages/zaino-serve/src/rpc/grpc/service.rs:161
1791661178.687460 runnervmmprz5 zainod-0.10.1[3031]:   19:39:38.687  INFO zaino_serve::rpc::grpc::service: [TEST] received call, method: "get_block"
1791661178.687460 runnervmmprz5 zainod-0.10.1[3031]:     at packages/zaino-serve/src/rpc/grpc/service.rs:161
1791661179.055474 runnervmmprz5 zainod-0.10.1[3031]:   19:39:39.055  INFO zainodlib::indexer: Zaino status check, chain_state: Ready, fs_mode: ephemeral(syncing), json_rpc: Ready, grpc: Ready
1791661179.055474 runnervmmprz5 zainod-0.10.1[3031]:     at packages/zainod/src/indexer.rs:333
1791661179.365882 runnervmmprz5 zainod-0.10.1[3031]:   19:39:39.365  INFO zaino_chain_store_zainodb::store::finalised_source::v1::write_core: write_blocks_to_height: syncing, current: 2041762, target: 4381896, zebra_network: Testnet
1791661179.365882 runnervmmprz5 zainod-0.10.1[3031]:     at packages/zaino-chain-store-zainodb/src/store/finalised_source/v1/write_core.rs:184
1791661183.680123 runnervmmprz5 zainod-0.10.1[3031]:   19:39:43.680  INFO zaino_serve::rpc::grpc::service: [TEST] received call, method: "get_lightd_info"
1791661183.680123 runnervmmprz5 zainod-0.10.1[3031]:     at packages/zaino-serve/src/rpc/grpc/service.rs:161
1791661183.686275 runnervmmprz5 zainod-0.10.1[3031]:   19:39:43.686  INFO zaino_serve::rpc::grpc::service: [TEST] received call, method: "get_block"
1791661183.686275 runnervmmprz5 zainod-0.10.1[3031]:     at packages/zaino-serve/src/rpc/grpc/service.rs:161
1791661183.687160 runnervmmprz5 zainod-0.10.1[3031]:   19:39:43.687  INFO zaino_serve::rpc::grpc::service: [TEST] received call, method: "get_block"
1791661183.687160 runnervmmprz5 zainod-0.10.1[3031]:     at packages/zaino-serve/src/rpc/grpc/service.rs:161
1791661188.681555 runnervmmprz5 zainod-0.10.1[3031]:   19:39:48.681  INFO zaino_serve::rpc::grpc::service: [TEST] received call, method: "get_lightd_info"
1791661188.681555 runnervmmprz5 zainod-0.10.1[3031]:     at packages/zaino-serve/src/rpc/grpc/service.rs:161
1791661188.686543 runnervmmprz5 zainod-0.10.1[3031]:   19:39:48.686  INFO zaino_serve::rpc::grpc::service: [TEST] received call, method: "get_block"
1791661188.686543 runnervmmprz5 zainod-0.10.1[3031]:     at packages/zaino-serve/src/rpc/grpc/service.rs:161
1791661188.687318 runnervmmprz5 zainod-0.10.1[3031]:   19:39:48.687  INFO zaino_serve::rpc::grpc::service: [TEST] received call, method: "get_block"
1791661188.687318 runnervmmprz5 zainod-0.10.1[3031]:     at packages/zaino-serve/src/rpc/grpc/service.rs:161
1791661189.155302 runnervmmprz5 zainod-0.10.1[3031]:   19:39:49.155  INFO zainodlib::indexer: Zaino status check, chain_state: Ready, fs_mode: ephemeral(syncing), json_rpc: Ready, grpc: Ready
1791661189.155302 runnervmmprz5 zainod-0.10.1[3031]:     at packages/zainod/src/indexer.rs:333
1791661189.366111 runnervmmprz5 zainod-0.10.1[3031]:   19:39:49.366  INFO zaino_chain_store_zainodb::store::finalised_source::v1::write_core: write_blocks_to_height: syncing, current: 2088586, target: 4381896, zebra_network: Testnet
1791661189.366111 runnervmmprz5 zainod-0.10.1[3031]:     at packages/zaino-chain-store-zainodb/src/store/finalised_source/v1/write_core.rs:184
1791661191.912574 runnervmmprz5 zainod-0.10.1[3031]:   19:39:51.912  INFO zaino_chain_store_zainodb::store::finalised_source::v1::write_core: write_blocks_to_height: committed batch, height: 1999999, blocks: 100000
1791661191.912574 runnervmmprz5 zainod-0.10.1[3031]:     at packages/zaino-chain-store-zainodb/src/store/finalised_source/v1/write_core.rs:636
1791661193.679892 runnervmmprz5 zainod-0.10.1[3031]:   19:39:53.679  INFO zaino_serve::rpc::grpc::service: [TEST] received call, method: "get_lightd_info"
1791661193.679892 runnervmmprz5 zainod-0.10.1[3031]:     at packages/zaino-serve/src/rpc/grpc/service.rs:161
1791661193.687032 runnervmmprz5 zainod-0.10.1[3031]:   19:39:53.686  INFO zaino_serve::rpc::grpc::service: [TEST] received call, method: "get_block"
1791661193.687032 runnervmmprz5 zainod-0.10.1[3031]:     at packages/zaino-serve/src/rpc/grpc/service.rs:161
1791661193.688181 runnervmmprz5 zainod-0.10.1[3031]:   19:39:53.688  INFO zaino_serve::rpc::grpc::service: [TEST] received call, method: "get_block"
1791661193.688181 runnervmmprz5 zainod-0.10.1[3031]:     at packages/zaino-serve/src/rpc/grpc/service.rs:161
1791661198.955611 runnervmmprz5 zainod-0.10.1[3031]:   19:39:58.955  INFO zaino_serve::rpc::grpc::service: [TEST] received call, method: "get_lightd_info"
1791661198.955611 runnervmmprz5 zainod-0.10.1[3031]:     at packages/zaino-serve/src/rpc/grpc/service.rs:161
1791661198.962079 runnervmmprz5 zainod-0.10.1[3031]:   19:39:58.960  INFO zaino_serve::rpc::grpc::service: [TEST] received call, method: "get_block"
1791661198.962079 runnervmmprz5 zainod-0.10.1[3031]:     at packages/zaino-serve/src/rpc/grpc/service.rs:161
1791661198.964714 runnervmmprz5 zainod-0.10.1[3031]:   19:39:58.964  INFO zaino_serve::rpc::grpc::service: [TEST] received call, method: "get_block"
1791661198.964714 runnervmmprz5 zainod-0.10.1[3031]:     at packages/zaino-serve/src/rpc/grpc/service.rs:161
1791661199.155467 runnervmmprz5 zainod-0.10.1[3031]:   19:39:59.155  INFO zainodlib::indexer: Zaino status check, chain_state: Ready, fs_mode: ephemeral(syncing), json_rpc: Ready, grpc: Ready
1791661199.155467 runnervmmprz5 zainod-0.10.1[3031]:     at packages/zainod/src/indexer.rs:333
1791661199.370518 runnervmmprz5 zainod-0.10.1[3031]:   19:39:59.370  INFO zaino_chain_store_zainodb::store::finalised_source::v1::write_core: write_blocks_to_height: syncing, current: 2111573, target: 4381896, zebra_network: Testnet
1791661199.370518 runnervmmprz5 zainod-0.10.1[3031]:     at packages/zaino-chain-store-zainodb/src/store/finalised_source/v1/write_core.rs:184
1791661203.680868 runnervmmprz5 zainod-0.10.1[3031]:   19:40:03.680  INFO zaino_serve::rpc::grpc::service: [TEST] received call, method: "get_lightd_info"
1791661203.680868 runnervmmprz5 zainod-0.10.1[3031]:     at packages/zaino-serve/src/rpc/grpc/service.rs:161
1791661203.686857 runnervmmprz5 zainod-0.10.1[3031]:   19:40:03.686  INFO zaino_serve::rpc::grpc::service: [TEST] received call, method: "get_block"
1791661203.686857 runnervmmprz5 zainod-0.10.1[3031]:     at packages/zaino-serve/src/rpc/grpc/service.rs:161
1791661203.687749 runnervmmprz5 zainod-0.10.1[3031]:   19:40:03.687  INFO zaino_serve::rpc::grpc::service: [TEST] received call, method: "get_block"
1791661203.687749 runnervmmprz5 zainod-0.10.1[3031]:     at packages/zaino-serve/src/rpc/grpc/service.rs:161
1791661208.682510 runnervmmprz5 zainod-0.10.1[3031]:   19:40:08.682  INFO zaino_serve::rpc::grpc::service: [TEST] received call, method: "get_lightd_info"
1791661208.682510 runnervmmprz5 zainod-0.10.1[3031]:     at packages/zaino-serve/src/rpc/grpc/service.rs:161
1791661208.688302 runnervmmprz5 zainod-0.10.1[3031]:   19:40:08.688  INFO zaino_serve::rpc::grpc::service: [TEST] received call, method: "get_block"
1791661208.688302 runnervmmprz5 zainod-0.10.1[3031]:     at packages/zaino-serve/src/rpc/grpc/service.rs:161
1791661208.689322 runnervmmprz5 zainod-0.10.1[3031]:   19:40:08.689  INFO zaino_serve::rpc::grpc::service: [TEST] received call, method: "get_block"
1791661208.689322 runnervmmprz5 zainod-0.10.1[3031]:     at packages/zaino-serve/src/rpc/grpc/service.rs:161
1791661209.255579 runnervmmprz5 zainod-0.10.1[3031]:   19:40:09.255  INFO zainodlib::indexer: Zaino status check, chain_state: Ready, fs_mode: ephemeral(syncing), json_rpc: Ready, grpc: Ready
1791661209.255579 runnervmmprz5 zainod-0.10.1[3031]:     at packages/zainod/src/indexer.rs:333
1791661209.370573 runnervmmprz5 zainod-0.10.1[3031]:   19:40:09.370  INFO zaino_chain_store_zainodb::store::finalised_source::v1::write_core: write_blocks_to_height: syncing, current: 2159384, target: 4381896, zebra_network: Testnet
1791661209.370573 runnervmmprz5 zainod-0.10.1[3031]:     at packages/zaino-chain-store-zainodb/src/store/finalised_source/v1/write_core.rs:184
1791661213.680622 runnervmmprz5 zainod-0.10.1[3031]:   19:40:13.680  INFO zaino_serve::rpc::grpc::service: [TEST] received call, method: "get_lightd_info"
1791661213.680622 runnervmmprz5 zainod-0.10.1[3031]:     at packages/zaino-serve/src/rpc/grpc/service.rs:161
1791661213.685294 runnervmmprz5 zainod-0.10.1[3031]:   19:40:13.685  INFO zaino_serve::rpc::grpc::service: [TEST] received call, method: "get_block"
1791661213.685294 runnervmmprz5 zainod-0.10.1[3031]:     at packages/zaino-serve/src/rpc/grpc/service.rs:161
1791661213.686393 runnervmmprz5 zainod-0.10.1[3031]:   19:40:13.686  INFO zaino_serve::rpc::grpc::service: [TEST] received call, method: "get_block"
1791661213.686393 runnervmmprz5 zainod-0.10.1[3031]:     at packages/zaino-serve/src/rpc/grpc/service.rs:161
1791661217.371481 runnervmmprz5 zainod-0.10.1[3031]:   19:40:17.371  INFO zaino_chain_store_zainodb::store::finalised_source::v1::write_core: write_blocks_to_height: committed batch, height: 2099999, blocks: 100000
1791661217.371481 runnervmmprz5 zainod-0.10.1[3031]:     at packages/zaino-chain-store-zainodb/src/store/finalised_source/v1/write_core.rs:636
1791661218.688245 runnervmmprz5 zainod-0.10.1[3031]:   19:40:18.688  INFO zaino_serve::rpc::grpc::service: [TEST] received call, method: "get_lightd_info"
1791661218.688245 runnervmmprz5 zainod-0.10.1[3031]:     at packages/zaino-serve/src/rpc/grpc/service.rs:161
1791661218.695929 runnervmmprz5 zainod-0.10.1[3031]:   19:40:18.695  INFO zaino_serve::rpc::grpc::service: [TEST] received call, method: "get_block"
1791661218.695929 runnervmmprz5 zainod-0.10.1[3031]:     at packages/zaino-serve/src/rpc/grpc/service.rs:161
1791661218.696795 runnervmmprz5 zainod-0.10.1[3031]:   19:40:18.696  INFO zaino_serve::rpc::grpc::service: [TEST] received call, method: "get_block"
1791661218.696795 runnervmmprz5 zainod-0.10.1[3031]:     at packages/zaino-serve/src/rpc/grpc/service.rs:161
1791661219.355282 runnervmmprz5 zainod-0.10.1[3031]:   19:40:19.355  INFO zainodlib::indexer: Zaino status check, chain_state: Ready, fs_mode: ephemeral(syncing), json_rpc: Ready, grpc: Ready
1791661219.355282 runnervmmprz5 zainod-0.10.1[3031]:     at packages/zainod/src/indexer.rs:333
1791661219.371217 runnervmmprz5 zainod-0.10.1[3031]:   19:40:19.371  INFO zaino_chain_store_zainodb::store::finalised_source::v1::write_core: write_blocks_to_height: syncing, current: 2208255, target: 4381896, zebra_network: Testnet
1791661219.371217 runnervmmprz5 zainod-0.10.1[3031]:     at packages/zaino-chain-store-zainodb/src/store/finalised_source/v1/write_core.rs:184
1791661223.680258 runnervmmprz5 zainod-0.10.1[3031]:   19:40:23.680  INFO zaino_serve::rpc::grpc::service: [TEST] received call, method: "get_lightd_info"
1791661223.680258 runnervmmprz5 zainod-0.10.1[3031]:     at packages/zaino-serve/src/rpc/grpc/service.rs:161
1791661223.684091 runnervmmprz5 zainod-0.10.1[3031]:   19:40:23.684  INFO zaino_serve::rpc::grpc::service: [TEST] received call, method: "get_block"
1791661223.684091 runnervmmprz5 zainod-0.10.1[3031]:     at packages/zaino-serve/src/rpc/grpc/service.rs:161
1791661223.684830 runnervmmprz5 zainod-0.10.1[3031]:   19:40:23.684  INFO zaino_serve::rpc::grpc::service: [TEST] received call, method: "get_block"
1791661223.684830 runnervmmprz5 zainod-0.10.1[3031]:     at packages/zaino-serve/src/rpc/grpc/service.rs:161
1791661228.683754 runnervmmprz5 zainod-0.10.1[3031]:   19:40:28.683  INFO zaino_serve::rpc::grpc::service: [TEST] received call, method: "get_lightd_info"
1791661228.683754 runnervmmprz5 zainod-0.10.1[3031]:     at packages/zaino-serve/src/rpc/grpc/service.rs:161
1791661228.687965 runnervmmprz5 zainod-0.10.1[3031]:   19:40:28.687  INFO zaino_serve::rpc::grpc::service: [TEST] received call, method: "get_block"
1791661228.687965 runnervmmprz5 zainod-0.10.1[3031]:     at packages/zaino-serve/src/rpc/grpc/service.rs:161
1791661228.688824 runnervmmprz5 zainod-0.10.1[3031]:   19:40:28.688  INFO zaino_serve::rpc::grpc::service: [TEST] received call, method: "get_block"
1791661228.688824 runnervmmprz5 zainod-0.10.1[3031]:     at packages/zaino-serve/src/rpc/grpc/service.rs:161
1791661229.371773 runnervmmprz5 zainod-0.10.1[3031]:   19:40:29.371  INFO zaino_chain_store_zainodb::store::finalised_source::v1::write_core: write_blocks_to_height: syncing, current: 2235717, target: 4381896, zebra_network: Testnet
1791661229.371773 runnervmmprz5 zainod-0.10.1[3031]:     at packages/zaino-chain-store-zainodb/src/store/finalised_source/v1/write_core.rs:184
1791661229.455126 runnervmmprz5 zainod-0.10.1[3031]:   19:40:29.455  INFO zainodlib::indexer: Zaino status check, chain_state: Ready, fs_mode: ephemeral(syncing), json_rpc: Ready, grpc: Ready
1791661229.455126 runnervmmprz5 zainod-0.10.1[3031]:     at packages/zainod/src/indexer.rs:333
1791661233.684793 runnervmmprz5 zainod-0.10.1[3031]:   19:40:33.684  INFO zaino_serve::rpc::grpc::service: [TEST] received call, method: "get_lightd_info"
1791661233.684793 runnervmmprz5 zainod-0.10.1[3031]:     at packages/zaino-serve/src/rpc/grpc/service.rs:161
1791661233.689547 runnervmmprz5 zainod-0.10.1[3031]:   19:40:33.689  INFO zaino_serve::rpc::grpc::service: [TEST] received call, method: "get_block"
1791661233.689547 runnervmmprz5 zainod-0.10.1[3031]:     at packages/zaino-serve/src/rpc/grpc/service.rs:161
1791661233.690433 runnervmmprz5 zainod-0.10.1[3031]:   19:40:33.690  INFO zaino_serve::rpc::grpc::service: [TEST] received call, method: "get_block"
1791661233.690433 runnervmmprz5 zainod-0.10.1[3031]:     at packages/zaino-serve/src/rpc/grpc/service.rs:161
1791661238.685543 runnervmmprz5 zainod-0.10.1[3031]:   19:40:38.685  INFO zaino_serve::rpc::grpc::service: [TEST] received call, method: "get_lightd_info"
1791661238.685543 runnervmmprz5 zainod-0.10.1[3031]:     at packages/zaino-serve/src/rpc/grpc/service.rs:161
1791661238.689895 runnervmmprz5 zainod-0.10.1[3031]:   19:40:38.689  INFO zaino_serve::rpc::grpc::service: [TEST] received call, method: "get_block"
1791661238.689895 runnervmmprz5 zainod-0.10.1[3031]:     at packages/zaino-serve/src/rpc/grpc/service.rs:161
1791661238.691020 runnervmmprz5 zainod-0.10.1[3031]:   19:40:38.690  INFO zaino_serve::rpc::grpc::service: [TEST] received call, method: "get_block"
1791661238.691020 runnervmmprz5 zainod-0.10.1[3031]:     at packages/zaino-serve/src/rpc/grpc/service.rs:161
1791661239.371948 runnervmmprz5 zainod-0.10.1[3031]:   19:40:39.371  INFO zaino_chain_store_zainodb::store::finalised_source::v1::write_core: write_blocks_to_height: syncing, current: 2284458, target: 4381896, zebra_network: Testnet
1791661239.371948 runnervmmprz5 zainod-0.10.1[3031]:     at packages/zaino-chain-store-zainodb/src/store/finalised_source/v1/write_core.rs:184
1791661239.555471 runnervmmprz5 zainod-0.10.1[3031]:   19:40:39.555  INFO zainodlib::indexer: Zaino status check, chain_state: Ready, fs_mode: ephemeral(syncing), json_rpc: Ready, grpc: Ready
1791661239.555471 runnervmmprz5 zainod-0.10.1[3031]:     at packages/zainod/src/indexer.rs:333
1791661242.790690 runnervmmprz5 zainod-0.10.1[3031]:   19:40:42.790  INFO zaino_chain_store_zainodb::store::finalised_source::v1::write_core: write_blocks_to_height: committed batch, height: 2199999, blocks: 100000
1791661242.790690 runnervmmprz5 zainod-0.10.1[3031]:     at packages/zaino-chain-store-zainodb/src/store/finalised_source/v1/write_core.rs:636
1791661243.687700 runnervmmprz5 zainod-0.10.1[3031]:   19:40:43.687  INFO zaino_serve::rpc::grpc::service: [TEST] received call, method: "get_lightd_info"
1791661243.687700 runnervmmprz5 zainod-0.10.1[3031]:     at packages/zaino-serve/src/rpc/grpc/service.rs:161
1791661243.693805 runnervmmprz5 zainod-0.10.1[3031]:   19:40:43.693  INFO zaino_serve::rpc::grpc::service: [TEST] received call, method: "get_block"
1791661243.693805 runnervmmprz5 zainod-0.10.1[3031]:     at packages/zaino-serve/src/rpc/grpc/service.rs:161
1791661243.694970 runnervmmprz5 zainod-0.10.1[3031]:   19:40:43.694  INFO zaino_serve::rpc::grpc::service: [TEST] received call, method: "get_block"
1791661243.694970 runnervmmprz5 zainod-0.10.1[3031]:     at packages/zaino-serve/src/rpc/grpc/service.rs:161
1791661248.684073 runnervmmprz5 zainod-0.10.1[3031]:   19:40:48.683  INFO zaino_serve::rpc::grpc::service: [TEST] received call, method: "get_lightd_info"
1791661248.684073 runnervmmprz5 zainod-0.10.1[3031]:     at packages/zaino-serve/src/rpc/grpc/service.rs:161
1791661248.723291 runnervmmprz5 zainod-0.10.1[3031]:   19:40:48.687  INFO zaino_serve::rpc::grpc::service: [TEST] received call, method: "get_block"
1791661248.723291 runnervmmprz5 zainod-0.10.1[3031]:     at packages/zaino-serve/src/rpc/grpc/service.rs:161
1791661248.723291 runnervmmprz5 zainod-0.10.1[3031]:   19:40:48.687  INFO zaino_serve::rpc::grpc::service: [TEST] received call, method: "get_block"
1791661248.723291 runnervmmprz5 zainod-0.10.1[3031]:     at packages/zaino-serve/src/rpc/grpc/service.rs:161
1791661249.372284 runnervmmprz5 zainod-0.10.1[3031]:   19:40:49.372  INFO zaino_chain_store_zainodb::store::finalised_source::v1::write_core: write_blocks_to_height: syncing, current: 2311120, target: 4381896, zebra_network: Testnet
1791661249.372284 runnervmmprz5 zainod-0.10.1[3031]:     at packages/zaino-chain-store-zainodb/src/store/finalised_source/v1/write_core.rs:184
1791661251.199159 runnervmmprz5 zainod-0.10.1[3031]:   19:40:51.199  INFO zainodlib::indexer: Zaino status check, chain_state: Ready, fs_mode: ephemeral(syncing), json_rpc: Ready, grpc: Ready
1791661251.199159 runnervmmprz5 zainod-0.10.1[3031]:     at packages/zainod/src/indexer.rs:333
1791661253.684068 runnervmmprz5 zainod-0.10.1[3031]:   19:40:53.684  INFO zaino_serve::rpc::grpc::service: [TEST] received call, method: "get_lightd_info"
1791661253.684068 runnervmmprz5 zainod-0.10.1[3031]:     at packages/zaino-serve/src/rpc/grpc/service.rs:161
1791661253.689448 runnervmmprz5 zainod-0.10.1[3031]:   19:40:53.689  INFO zaino_serve::rpc::grpc::service: [TEST] received call, method: "get_block"
1791661253.689448 runnervmmprz5 zainod-0.10.1[3031]:     at packages/zaino-serve/src/rpc/grpc/service.rs:161
1791661253.690340 runnervmmprz5 zainod-0.10.1[3031]:   19:40:53.690  INFO zaino_serve::rpc::grpc::service: [TEST] received call, method: "get_block"
1791661253.690340 runnervmmprz5 zainod-0.10.1[3031]:     at packages/zaino-serve/src/rpc/grpc/service.rs:161
1791661258.687429 runnervmmprz5 zainod-0.10.1[3031]:   19:40:58.687  INFO zaino_serve::rpc::grpc::service: [TEST] received call, method: "get_lightd_info"
1791661258.687429 runnervmmprz5 zainod-0.10.1[3031]:     at packages/zaino-serve/src/rpc/grpc/service.rs:161
1791661258.693241 runnervmmprz5 zainod-0.10.1[3031]:   19:40:58.693  INFO zaino_serve::rpc::grpc::service: [TEST] received call, method: "get_block"
1791661258.693241 runnervmmprz5 zainod-0.10.1[3031]:     at packages/zaino-serve/src/rpc/grpc/service.rs:161
1791661258.694548 runnervmmprz5 zainod-0.10.1[3031]:   19:40:58.694  INFO zaino_serve::rpc::grpc::service: [TEST] received call, method: "get_block"
1791661258.694548 runnervmmprz5 zainod-0.10.1[3031]:     at packages/zaino-serve/src/rpc/grpc/service.rs:161
1791661259.372523 runnervmmprz5 zainod-0.10.1[3031]:   19:40:59.372  INFO zaino_chain_store_zainodb::store::finalised_source::v1::write_core: write_blocks_to_height: syncing, current: 2353927, target: 4381896, zebra_network: Testnet
1791661259.372523 runnervmmprz5 zainod-0.10.1[3031]:     at packages/zaino-chain-store-zainodb/src/store/finalised_source/v1/write_core.rs:184
1791661261.255271 runnervmmprz5 zainod-0.10.1[3031]:   19:41:01.255  INFO zainodlib::indexer: Zaino status check, chain_state: Ready, fs_mode: ephemeral(syncing), json_rpc: Ready, grpc: Ready
1791661261.255271 runnervmmprz5 zainod-0.10.1[3031]:     at packages/zainod/src/indexer.rs:333
1791661263.687934 runnervmmprz5 zainod-0.10.1[3031]:   19:41:03.687  INFO zaino_serve::rpc::grpc::service: [TEST] received call, method: "get_lightd_info"
1791661263.687934 runnervmmprz5 zainod-0.10.1[3031]:     at packages/zaino-serve/src/rpc/grpc/service.rs:161
1791661263.692906 runnervmmprz5 zainod-0.10.1[3031]:   19:41:03.692  INFO zaino_serve::rpc::grpc::service: [TEST] received call, method: "get_block"
1791661263.692906 runnervmmprz5 zainod-0.10.1[3031]:     at packages/zaino-serve/src/rpc/grpc/service.rs:161
1791661263.694253 runnervmmprz5 zainod-0.10.1[3031]:   19:41:03.693  INFO zaino_serve::rpc::grpc::service: [TEST] received call, method: "get_block"
1791661263.694253 runnervmmprz5 zainod-0.10.1[3031]:     at packages/zaino-serve/src/rpc/grpc/service.rs:161
1791661268.689298 runnervmmprz5 zainod-0.10.1[3031]:   19:41:08.689  INFO zaino_serve::rpc::grpc::service: [TEST] received call, method: "get_lightd_info"
1791661268.689298 runnervmmprz5 zainod-0.10.1[3031]:     at packages/zaino-serve/src/rpc/grpc/service.rs:161
1791661268.694240 runnervmmprz5 zainod-0.10.1[3031]:   19:41:08.694  INFO zaino_serve::rpc::grpc::service: [TEST] received call, method: "get_block"
1791661268.694240 runnervmmprz5 zainod-0.10.1[3031]:     at packages/zaino-serve/src/rpc/grpc/service.rs:161
1791661268.694907 runnervmmprz5 zainod-0.10.1[3031]:   19:41:08.694  INFO zaino_serve::rpc::grpc::service: [TEST] received call, method: "get_block"
1791661268.694907 runnervmmprz5 zainod-0.10.1[3031]:     at packages/zaino-serve/src/rpc/grpc/service.rs:161
1791661268.966035 runnervmmprz5 zainod-0.10.1[3031]:   19:41:08.965  INFO zaino_chain_store_zainodb::store::finalised_source::v1::write_core: write_blocks_to_height: committed batch, height: 2299999, blocks: 100000
1791661268.966035 runnervmmprz5 zainod-0.10.1[3031]:     at packages/zaino-chain-store-zainodb/src/store/finalised_source/v1/write_core.rs:636
1791661269.372685 runnervmmprz5 zainod-0.10.1[3031]:   19:41:09.372  INFO zaino_chain_store_zainodb::store::finalised_source::v1::write_core: write_blocks_to_height: syncing, current: 2401397, target: 4381896, zebra_network: Testnet
1791661269.372685 runnervmmprz5 zainod-0.10.1[3031]:     at packages/zaino-chain-store-zainodb/src/store/finalised_source/v1/write_core.rs:184
1791661271.255589 runnervmmprz5 zainod-0.10.1[3031]:   19:41:11.255  INFO zainodlib::indexer: Zaino status check, chain_state: Ready, fs_mode: ephemeral(syncing), json_rpc: Ready, grpc: Ready
1791661271.255589 runnervmmprz5 zainod-0.10.1[3031]:     at packages/zainod/src/indexer.rs:333
1791661273.683232 runnervmmprz5 zainod-0.10.1[3031]:   19:41:13.683  INFO zaino_serve::rpc::grpc::service: [TEST] received call, method: "get_lightd_info"
1791661273.683232 runnervmmprz5 zainod-0.10.1[3031]:     at packages/zaino-serve/src/rpc/grpc/service.rs:161
1791661273.686978 runnervmmprz5 zainod-0.10.1[3031]:   19:41:13.686  INFO zaino_serve::rpc::grpc::service: [TEST] received call, method: "get_block"
1791661273.686978 runnervmmprz5 zainod-0.10.1[3031]:     at packages/zaino-serve/src/rpc/grpc/service.rs:161
1791661273.687731 runnervmmprz5 zainod-0.10.1[3031]:   19:41:13.687  INFO zaino_serve::rpc::grpc::service: [TEST] received call, method: "get_block"
1791661273.687731 runnervmmprz5 zainod-0.10.1[3031]:     at packages/zaino-serve/src/rpc/grpc/service.rs:161
1791661278.864907 runnervmmprz5 zainod-0.10.1[3031]:   19:41:18.864  INFO zaino_serve::rpc::grpc::service: [TEST] received call, method: "get_lightd_info"
1791661278.864907 runnervmmprz5 zainod-0.10.1[3031]:     at packages/zaino-serve/src/rpc/grpc/service.rs:161
1791661278.871621 runnervmmprz5 zainod-0.10.1[3031]:   19:41:18.871  INFO zaino_serve::rpc::grpc::service: [TEST] received call, method: "get_block"
1791661278.871621 runnervmmprz5 zainod-0.10.1[3031]:     at packages/zaino-serve/src/rpc/grpc/service.rs:161
1791661278.872519 runnervmmprz5 zainod-0.10.1[3031]:   19:41:18.872  INFO zaino_serve::rpc::grpc::service: [TEST] received call, method: "get_block"
1791661278.872519 runnervmmprz5 zainod-0.10.1[3031]:     at packages/zaino-serve/src/rpc/grpc/service.rs:161
1791661279.372998 runnervmmprz5 zainod-0.10.1[3031]:   19:41:19.372  INFO zaino_chain_store_zainodb::store::finalised_source::v1::write_core: write_blocks_to_height: syncing, current: 2422550, target: 4381896, zebra_network: Testnet
1791661279.372998 runnervmmprz5 zainod-0.10.1[3031]:     at packages/zaino-chain-store-zainodb/src/store/finalised_source/v1/write_core.rs:184
1791661281.355063 runnervmmprz5 zainod-0.10.1[3031]:   19:41:21.354  INFO zainodlib::indexer: Zaino status check, chain_state: Ready, fs_mode: ephemeral(syncing), json_rpc: Ready, grpc: Ready
1791661281.355063 runnervmmprz5 zainod-0.10.1[3031]:     at packages/zainod/src/indexer.rs:333
1791661283.690204 runnervmmprz5 zainod-0.10.1[3031]:   19:41:23.690  INFO zaino_serve::rpc::grpc::service: [TEST] received call, method: "get_lightd_info"
1791661283.690204 runnervmmprz5 zainod-0.10.1[3031]:     at packages/zaino-serve/src/rpc/grpc/service.rs:161
1791661283.694813 runnervmmprz5 zainod-0.10.1[3031]:   19:41:23.694  INFO zaino_serve::rpc::grpc::service: [TEST] received call, method: "get_block"
1791661283.694813 runnervmmprz5 zainod-0.10.1[3031]:     at packages/zaino-serve/src/rpc/grpc/service.rs:161
1791661283.695282 runnervmmprz5 zainod-0.10.1[3031]:   19:41:23.695  INFO zaino_serve::rpc::grpc::service: [TEST] received call, method: "get_block"
1791661283.695282 runnervmmprz5 zainod-0.10.1[3031]:     at packages/zaino-serve/src/rpc/grpc/service.rs:161
1791661288.694400 runnervmmprz5 zainod-0.10.1[3031]:   19:41:28.694  INFO zaino_serve::rpc::grpc::service: [TEST] received call, method: "get_lightd_info"
1791661288.694400 runnervmmprz5 zainod-0.10.1[3031]:     at packages/zaino-serve/src/rpc/grpc/service.rs:161
1791661288.699596 runnervmmprz5 zainod-0.10.1[3031]:   19:41:28.699  INFO zaino_serve::rpc::grpc::service: [TEST] received call, method: "get_block"
1791661288.699596 runnervmmprz5 zainod-0.10.1[3031]:     at packages/zaino-serve/src/rpc/grpc/service.rs:161
1791661288.700990 runnervmmprz5 zainod-0.10.1[3031]:   19:41:28.700  INFO zaino_serve::rpc::grpc::service: [TEST] received call, method: "get_block"
1791661288.700990 runnervmmprz5 zainod-0.10.1[3031]:     at packages/zaino-serve/src/rpc/grpc/service.rs:161
1791661289.373098 runnervmmprz5 zainod-0.10.1[3031]:   19:41:29.373  INFO zaino_chain_store_zainodb::store::finalised_source::v1::write_core: write_blocks_to_height: syncing, current: 2465801, target: 4381896, zebra_network: Testnet
1791661289.373098 runnervmmprz5 zainod-0.10.1[3031]:     at packages/zaino-chain-store-zainodb/src/store/finalised_source/v1/write_core.rs:184
1791661291.454912 runnervmmprz5 zainod-0.10.1[3031]:   19:41:31.454  INFO zainodlib::indexer: Zaino status check, chain_state: Ready, fs_mode: ephemeral(syncing), json_rpc: Ready, grpc: Ready
1791661291.454912 runnervmmprz5 zainod-0.10.1[3031]:     at packages/zainod/src/indexer.rs:333
1791661293.691746 runnervmmprz5 zainod-0.10.1[3031]:   19:41:33.691  INFO zaino_serve::rpc::grpc::service: [TEST] received call, method: "get_lightd_info"
1791661293.691746 runnervmmprz5 zainod-0.10.1[3031]:     at packages/zaino-serve/src/rpc/grpc/service.rs:161
1791661293.697269 runnervmmprz5 zainod-0.10.1[3031]:   19:41:33.697  INFO zaino_serve::rpc::grpc::service: [TEST] received call, method: "get_block"
1791661293.697269 runnervmmprz5 zainod-0.10.1[3031]:     at packages/zaino-serve/src/rpc/grpc/service.rs:161
1791661293.698329 runnervmmprz5 zainod-0.10.1[3031]:   19:41:33.698  INFO zaino_serve::rpc::grpc::service: [TEST] received call, method: "get_block"
1791661293.698329 runnervmmprz5 zainod-0.10.1[3031]:     at packages/zaino-serve/src/rpc/grpc/service.rs:161
1791661296.823738 runnervmmprz5 zainod-0.10.1[3031]:   19:41:36.823  INFO zaino_chain_store_zainodb::store::finalised_source::v1::write_core: write_blocks_to_height: committed batch, height: 2399999, blocks: 100000
1791661296.823738 runnervmmprz5 zainod-0.10.1[3031]:     at packages/zaino-chain-store-zainodb/src/store/finalised_source/v1/write_core.rs:636
1791661298.695212 runnervmmprz5 zainod-0.10.1[3031]:   19:41:38.695  INFO zaino_serve::rpc::grpc::service: [TEST] received call, method: "get_lightd_info"
1791661298.695212 runnervmmprz5 zainod-0.10.1[3031]:     at packages/zaino-serve/src/rpc/grpc/service.rs:161
1791661298.701648 runnervmmprz5 zainod-0.10.1[3031]:   19:41:38.701  INFO zaino_serve::rpc::grpc::service: [TEST] received call, method: "get_block"
1791661298.701648 runnervmmprz5 zainod-0.10.1[3031]:     at packages/zaino-serve/src/rpc/grpc/service.rs:161
1791661298.702948 runnervmmprz5 zainod-0.10.1[3031]:   19:41:38.702  INFO zaino_serve::rpc::grpc::service: [TEST] received call, method: "get_block"
1791661298.702948 runnervmmprz5 zainod-0.10.1[3031]:     at packages/zaino-serve/src/rpc/grpc/service.rs:161
1791661299.373646 runnervmmprz5 zainod-0.10.1[3031]:   19:41:39.373  INFO zaino_chain_store_zainodb::store::finalised_source::v1::write_core: write_blocks_to_height: syncing, current: 2509632, target: 4381896, zebra_network: Testnet
1791661299.373646 runnervmmprz5 zainod-0.10.1[3031]:     at packages/zaino-chain-store-zainodb/src/store/finalised_source/v1/write_core.rs:184
1791661301.455098 runnervmmprz5 zainod-0.10.1[3031]:   19:41:41.455  INFO zainodlib::indexer: Zaino status check, chain_state: Ready, fs_mode: ephemeral(syncing), json_rpc: Ready, grpc: Ready
1791661301.455098 runnervmmprz5 zainod-0.10.1[3031]:     at packages/zainod/src/indexer.rs:333
1791661303.684864 runnervmmprz5 zainod-0.10.1[3031]:   19:41:43.684  INFO zaino_serve::rpc::grpc::service: [TEST] received call, method: "get_lightd_info"
1791661303.684864 runnervmmprz5 zainod-0.10.1[3031]:     at packages/zaino-serve/src/rpc/grpc/service.rs:161
1791661303.688662 runnervmmprz5 zainod-0.10.1[3031]:   19:41:43.688  INFO zaino_serve::rpc::grpc::service: [TEST] received call, method: "get_block"
1791661303.688662 runnervmmprz5 zainod-0.10.1[3031]:     at packages/zaino-serve/src/rpc/grpc/service.rs:161
1791661303.689427 runnervmmprz5 zainod-0.10.1[3031]:   19:41:43.689  INFO zaino_serve::rpc::grpc::service: [TEST] received call, method: "get_block"
1791661303.689427 runnervmmprz5 zainod-0.10.1[3031]:     at packages/zaino-serve/src/rpc/grpc/service.rs:161
1791661308.697624 runnervmmprz5 zainod-0.10.1[3031]:   19:41:48.697  INFO zaino_serve::rpc::grpc::service: [TEST] received call, method: "get_lightd_info"
1791661308.697624 runnervmmprz5 zainod-0.10.1[3031]:     at packages/zaino-serve/src/rpc/grpc/service.rs:161
1791661308.702750 runnervmmprz5 zainod-0.10.1[3031]:   19:41:48.702  INFO zaino_serve::rpc::grpc::service: [TEST] received call, method: "get_block"
1791661308.702750 runnervmmprz5 zainod-0.10.1[3031]:     at packages/zaino-serve/src/rpc/grpc/service.rs:161
1791661308.703832 runnervmmprz5 zainod-0.10.1[3031]:   19:41:48.703  INFO zaino_serve::rpc::grpc::service: [TEST] received call, method: "get_block"
1791661308.703832 runnervmmprz5 zainod-0.10.1[3031]:     at packages/zaino-serve/src/rpc/grpc/service.rs:161
1791661309.373815 runnervmmprz5 zainod-0.10.1[3031]:   19:41:49.373  INFO zaino_chain_store_zainodb::store::finalised_source::v1::write_core: write_blocks_to_height: syncing, current: 2533089, target: 4381896, zebra_network: Testnet
1791661309.373815 runnervmmprz5 zainod-0.10.1[3031]:     at packages/zaino-chain-store-zainodb/src/store/finalised_source/v1/write_core.rs:184
1791661311.455152 runnervmmprz5 zainod-0.10.1[3031]:   19:41:51.455  INFO zainodlib::indexer: Zaino status check, chain_state: Ready, fs_mode: ephemeral(syncing), json_rpc: Ready, grpc: Ready
1791661311.455152 runnervmmprz5 zainod-0.10.1[3031]:     at packages/zainod/src/indexer.rs:333
1791661313.694918 runnervmmprz5 zainod-0.10.1[3031]:   19:41:53.694  INFO zaino_serve::rpc::grpc::service: [TEST] received call, method: "get_lightd_info"
1791661313.694918 runnervmmprz5 zainod-0.10.1[3031]:     at packages/zaino-serve/src/rpc/grpc/service.rs:161
1791661313.699807 runnervmmprz5 zainod-0.10.1[3031]:   19:41:53.699  INFO zaino_serve::rpc::grpc::service: [TEST] received call, method: "get_block"
1791661313.699807 runnervmmprz5 zainod-0.10.1[3031]:     at packages/zaino-serve/src/rpc/grpc/service.rs:161
1791661313.700969 runnervmmprz5 zainod-0.10.1[3031]:   19:41:53.700  INFO zaino_serve::rpc::grpc::service: [TEST] received call, method: "get_block"
1791661313.700969 runnervmmprz5 zainod-0.10.1[3031]:     at packages/zaino-serve/src/rpc/grpc/service.rs:161
1791661318.695239 runnervmmprz5 zainod-0.10.1[3031]:   19:41:58.695  INFO zaino_serve::rpc::grpc::service: [TEST] received call, method: "get_lightd_info"
1791661318.695239 runnervmmprz5 zainod-0.10.1[3031]:     at packages/zaino-serve/src/rpc/grpc/service.rs:161
1791661318.700494 runnervmmprz5 zainod-0.10.1[3031]:   19:41:58.700  INFO zaino_serve::rpc::grpc::service: [TEST] received call, method: "get_block"
1791661318.700494 runnervmmprz5 zainod-0.10.1[3031]:     at packages/zaino-serve/src/rpc/grpc/service.rs:161
1791661318.701585 runnervmmprz5 zainod-0.10.1[3031]:   19:41:58.701  INFO zaino_serve::rpc::grpc::service: [TEST] received call, method: "get_block"
1791661318.701585 runnervmmprz5 zainod-0.10.1[3031]:     at packages/zaino-serve/src/rpc/grpc/service.rs:161
1791661319.373944 runnervmmprz5 zainod-0.10.1[3031]:   19:41:59.373  INFO zaino_chain_store_zainodb::store::finalised_source::v1::write_core: write_blocks_to_height: syncing, current: 2580474, target: 4381896, zebra_network: Testnet
1791661319.373944 runnervmmprz5 zainod-0.10.1[3031]:     at packages/zaino-chain-store-zainodb/src/store/finalised_source/v1/write_core.rs:184
1791661321.555409 runnervmmprz5 zainod-0.10.1[3031]:   19:42:01.555  INFO zainodlib::indexer: Zaino status check, chain_state: Ready, fs_mode: ephemeral(syncing), json_rpc: Ready, grpc: Ready
1791661321.555409 runnervmmprz5 zainod-0.10.1[3031]:     at packages/zainod/src/indexer.rs:333
1791661323.694171 runnervmmprz5 zainod-0.10.1[3031]:   19:42:03.694  INFO zaino_serve::rpc::grpc::service: [TEST] received call, method: "get_lightd_info"
1791661323.694171 runnervmmprz5 zainod-0.10.1[3031]:     at packages/zaino-serve/src/rpc/grpc/service.rs:161
1791661323.699553 runnervmmprz5 zainod-0.10.1[3031]:   19:42:03.699  INFO zaino_serve::rpc::grpc::service: [TEST] received call, method: "get_block"
1791661323.699553 runnervmmprz5 zainod-0.10.1[3031]:     at packages/zaino-serve/src/rpc/grpc/service.rs:161
1791661323.700650 runnervmmprz5 zainod-0.10.1[3031]:   19:42:03.700  INFO zaino_serve::rpc::grpc::service: [TEST] received call, method: "get_block"
1791661323.700650 runnervmmprz5 zainod-0.10.1[3031]:     at packages/zaino-serve/src/rpc/grpc/service.rs:161
1791661323.755446 runnervmmprz5 zainod-0.10.1[3031]:   19:42:03.755  INFO zaino_chain_store_zainodb::store::finalised_source::v1::write_core: write_blocks_to_height: committed batch, height: 2499999, blocks: 100000
1791661323.755446 runnervmmprz5 zainod-0.10.1[3031]:     at packages/zaino-chain-store-zainodb/src/store/finalised_source/v1/write_core.rs:636
1791661328.692290 runnervmmprz5 zainod-0.10.1[3031]:   19:42:08.692  INFO zaino_serve::rpc::grpc::service: [TEST] received call, method: "get_lightd_info"
1791661328.692290 runnervmmprz5 zainod-0.10.1[3031]:     at packages/zaino-serve/src/rpc/grpc/service.rs:161
1791661328.695834 runnervmmprz5 zainod-0.10.1[3031]:   19:42:08.695  INFO zaino_serve::rpc::grpc::service: [TEST] received call, method: "get_block"
1791661328.695834 runnervmmprz5 zainod-0.10.1[3031]:     at packages/zaino-serve/src/rpc/grpc/service.rs:161
1791661328.696562 runnervmmprz5 zainod-0.10.1[3031]:   19:42:08.696  INFO zaino_serve::rpc::grpc::service: [TEST] received call, method: "get_block"
1791661328.696562 runnervmmprz5 zainod-0.10.1[3031]:     at packages/zaino-serve/src/rpc/grpc/service.rs:161
1791661329.374281 runnervmmprz5 zainod-0.10.1[3031]:   19:42:09.374  INFO zaino_chain_store_zainodb::store::finalised_source::v1::write_core: write_blocks_to_height: syncing, current: 2610934, target: 4381896, zebra_network: Testnet
1791661329.374281 runnervmmprz5 zainod-0.10.1[3031]:     at packages/zaino-chain-store-zainodb/src/store/finalised_source/v1/write_core.rs:184
1791661331.655296 runnervmmprz5 zainod-0.10.1[3031]:   19:42:11.655  INFO zainodlib::indexer: Zaino status check, chain_state: Ready, fs_mode: ephemeral(syncing), json_rpc: Ready, grpc: Ready
1791661331.655296 runnervmmprz5 zainod-0.10.1[3031]:     at packages/zainod/src/indexer.rs:333
1791661333.696191 runnervmmprz5 zainod-0.10.1[3031]:   19:42:13.696  INFO zaino_serve::rpc::grpc::service: [TEST] received call, method: "get_lightd_info"
1791661333.696191 runnervmmprz5 zainod-0.10.1[3031]:     at packages/zaino-serve/src/rpc/grpc/service.rs:161
1791661333.701823 runnervmmprz5 zainod-0.10.1[3031]:   19:42:13.701  INFO zaino_serve::rpc::grpc::service: [TEST] received call, method: "get_block"
1791661333.701823 runnervmmprz5 zainod-0.10.1[3031]:     at packages/zaino-serve/src/rpc/grpc/service.rs:161
1791661333.702794 runnervmmprz5 zainod-0.10.1[3031]:   19:42:13.702  INFO zaino_serve::rpc::grpc::service: [TEST] received call, method: "get_block"
1791661333.702794 runnervmmprz5 zainod-0.10.1[3031]:     at packages/zaino-serve/src/rpc/grpc/service.rs:161
1791661338.700127 runnervmmprz5 zainod-0.10.1[3031]:   19:42:18.699  INFO zaino_serve::rpc::grpc::service: [TEST] received call, method: "get_lightd_info"
1791661338.700127 runnervmmprz5 zainod-0.10.1[3031]:     at packages/zaino-serve/src/rpc/grpc/service.rs:161
1791661338.706791 runnervmmprz5 zainod-0.10.1[3031]:   19:42:18.706  INFO zaino_serve::rpc::grpc::service: [TEST] received call, method: "get_block"
1791661338.706791 runnervmmprz5 zainod-0.10.1[3031]:     at packages/zaino-serve/src/rpc/grpc/service.rs:161
1791661338.708001 runnervmmprz5 zainod-0.10.1[3031]:   19:42:18.707  INFO zaino_serve::rpc::grpc::service: [TEST] received call, method: "get_block"
1791661338.708001 runnervmmprz5 zainod-0.10.1[3031]:     at packages/zaino-serve/src/rpc/grpc/service.rs:161
1791661339.375024 runnervmmprz5 zainod-0.10.1[3031]:   19:42:19.374  INFO zaino_chain_store_zainodb::store::finalised_source::v1::write_core: write_blocks_to_height: syncing, current: 2646889, target: 4381896, zebra_network: Testnet
1791661339.375024 runnervmmprz5 zainod-0.10.1[3031]:     at packages/zaino-chain-store-zainodb/src/store/finalised_source/v1/write_core.rs:184
1791661341.754927 runnervmmprz5 zainod-0.10.1[3031]:   19:42:21.754  INFO zainodlib::indexer: Zaino status check, chain_state: Ready, fs_mode: ephemeral(syncing), json_rpc: Ready, grpc: Ready
1791661341.754927 runnervmmprz5 zainod-0.10.1[3031]:     at packages/zainod/src/indexer.rs:333
1791661343.699757 runnervmmprz5 zainod-0.10.1[3031]:   19:42:23.699  INFO zaino_serve::rpc::grpc::service: [TEST] received call, method: "get_lightd_info"
1791661343.699757 runnervmmprz5 zainod-0.10.1[3031]:     at packages/zaino-serve/src/rpc/grpc/service.rs:161
1791661343.706584 runnervmmprz5 zainod-0.10.1[3031]:   19:42:23.706  INFO zaino_serve::rpc::grpc::service: [TEST] received call, method: "get_block"
1791661343.706584 runnervmmprz5 zainod-0.10.1[3031]:     at packages/zaino-serve/src/rpc/grpc/service.rs:161
1791661343.707532 runnervmmprz5 zainod-0.10.1[3031]:   19:42:23.707  INFO zaino_serve::rpc::grpc::service: [TEST] received call, method: "get_block"
1791661343.707532 runnervmmprz5 zainod-0.10.1[3031]:     at packages/zaino-serve/src/rpc/grpc/service.rs:161
1791661348.700580 runnervmmprz5 zainod-0.10.1[3031]:   19:42:28.700  INFO zaino_serve::rpc::grpc::service: [TEST] received call, method: "get_lightd_info"
1791661348.700580 runnervmmprz5 zainod-0.10.1[3031]:     at packages/zaino-serve/src/rpc/grpc/service.rs:161
1791661348.706230 runnervmmprz5 zainod-0.10.1[3031]:   19:42:28.706  INFO zaino_serve::rpc::grpc::service: [TEST] received call, method: "get_block"
1791661348.706230 runnervmmprz5 zainod-0.10.1[3031]:     at packages/zaino-serve/src/rpc/grpc/service.rs:161
1791661348.707203 runnervmmprz5 zainod-0.10.1[3031]:   19:42:28.707  INFO zaino_serve::rpc::grpc::service: [TEST] received call, method: "get_block"
1791661348.707203 runnervmmprz5 zainod-0.10.1[3031]:     at packages/zaino-serve/src/rpc/grpc/service.rs:161
1791661349.375618 runnervmmprz5 zainod-0.10.1[3031]:   19:42:29.375  INFO zaino_chain_store_zainodb::store::finalised_source::v1::write_core: write_blocks_to_height: syncing, current: 2689915, target: 4381896, zebra_network: Testnet
1791661349.375618 runnervmmprz5 zainod-0.10.1[3031]:     at packages/zaino-chain-store-zainodb/src/store/finalised_source/v1/write_core.rs:184
1791661351.344469 runnervmmprz5 zainod-0.10.1[3031]:   19:42:31.344  INFO zaino_chain_store_zainodb::store::finalised_source::v1::write_core: write_blocks_to_height: committed batch, height: 2599999, blocks: 100000
1791661351.344469 runnervmmprz5 zainod-0.10.1[3031]:     at packages/zaino-chain-store-zainodb/src/store/finalised_source/v1/write_core.rs:636
1791661351.755507 runnervmmprz5 zainod-0.10.1[3031]:   19:42:31.755  INFO zainodlib::indexer: Zaino status check, chain_state: Ready, fs_mode: ephemeral(syncing), json_rpc: Ready, grpc: Ready
1791661351.755507 runnervmmprz5 zainod-0.10.1[3031]:     at packages/zainod/src/indexer.rs:333
1791661353.699934 runnervmmprz5 zainod-0.10.1[3031]:   19:42:33.699  INFO zaino_serve::rpc::grpc::service: [TEST] received call, method: "get_lightd_info"
1791661353.699934 runnervmmprz5 zainod-0.10.1[3031]:     at packages/zaino-serve/src/rpc/grpc/service.rs:161
1791661353.705207 runnervmmprz5 zainod-0.10.1[3031]:   19:42:33.705  INFO zaino_serve::rpc::grpc::service: [TEST] received call, method: "get_block"
1791661353.705207 runnervmmprz5 zainod-0.10.1[3031]:     at packages/zaino-serve/src/rpc/grpc/service.rs:161
1791661353.706283 runnervmmprz5 zainod-0.10.1[3031]:   19:42:33.705  INFO zaino_serve::rpc::grpc::service: [TEST] received call, method: "get_block"
1791661353.706283 runnervmmprz5 zainod-0.10.1[3031]:     at packages/zaino-serve/src/rpc/grpc/service.rs:161
1791661358.695194 runnervmmprz5 zainod-0.10.1[3031]:   19:42:38.695  INFO zaino_serve::rpc::grpc::service: [TEST] received call, method: "get_lightd_info"
1791661358.695194 runnervmmprz5 zainod-0.10.1[3031]:     at packages/zaino-serve/src/rpc/grpc/service.rs:161
1791661358.699075 runnervmmprz5 zainod-0.10.1[3031]:   19:42:38.699  INFO zaino_serve::rpc::grpc::service: [TEST] received call, method: "get_block"
1791661358.699075 runnervmmprz5 zainod-0.10.1[3031]:     at packages/zaino-serve/src/rpc/grpc/service.rs:161
1791661358.699845 runnervmmprz5 zainod-0.10.1[3031]:   19:42:38.699  INFO zaino_serve::rpc::grpc::service: [TEST] received call, method: "get_block"
1791661358.699845 runnervmmprz5 zainod-0.10.1[3031]:     at packages/zaino-serve/src/rpc/grpc/service.rs:161
1791661359.375858 runnervmmprz5 zainod-0.10.1[3031]:   19:42:39.375  INFO zaino_chain_store_zainodb::store::finalised_source::v1::write_core: write_blocks_to_height: syncing, current: 2713322, target: 4381896, zebra_network: Testnet
1791661359.375858 runnervmmprz5 zainod-0.10.1[3031]:     at packages/zaino-chain-store-zainodb/src/store/finalised_source/v1/write_core.rs:184
1791661361.855474 runnervmmprz5 zainod-0.10.1[3031]:   19:42:41.855  INFO zainodlib::indexer: Zaino status check, chain_state: Ready, fs_mode: ephemeral(syncing), json_rpc: Ready, grpc: Ready
1791661361.855474 runnervmmprz5 zainod-0.10.1[3031]:     at packages/zainod/src/indexer.rs:333
1791661363.702980 runnervmmprz5 zainod-0.10.1[3031]:   19:42:43.702  INFO zaino_serve::rpc::grpc::service: [TEST] received call, method: "get_lightd_info"
1791661363.702980 runnervmmprz5 zainod-0.10.1[3031]:     at packages/zaino-serve/src/rpc/grpc/service.rs:161
1791661363.707844 runnervmmprz5 zainod-0.10.1[3031]:   19:42:43.707  INFO zaino_serve::rpc::grpc::service: [TEST] received call, method: "get_block"
1791661363.707844 runnervmmprz5 zainod-0.10.1[3031]:     at packages/zaino-serve/src/rpc/grpc/service.rs:161
1791661363.708988 runnervmmprz5 zainod-0.10.1[3031]:   19:42:43.708  INFO zaino_serve::rpc::grpc::service: [TEST] received call, method: "get_block"
1791661363.708988 runnervmmprz5 zainod-0.10.1[3031]:     at packages/zaino-serve/src/rpc/grpc/service.rs:161
1791661368.701030 runnervmmprz5 zainod-0.10.1[3031]:   19:42:48.700  INFO zaino_serve::rpc::grpc::service: [TEST] received call, method: "get_lightd_info"
1791661368.701030 runnervmmprz5 zainod-0.10.1[3031]:     at packages/zaino-serve/src/rpc/grpc/service.rs:161
1791661368.706442 runnervmmprz5 zainod-0.10.1[3031]:   19:42:48.706  INFO zaino_serve::rpc::grpc::service: [TEST] received call, method: "get_block"
1791661368.706442 runnervmmprz5 zainod-0.10.1[3031]:     at packages/zaino-serve/src/rpc/grpc/service.rs:161
1791661368.707526 runnervmmprz5 zainod-0.10.1[3031]:   19:42:48.707  INFO zaino_serve::rpc::grpc::service: [TEST] received call, method: "get_block"
1791661368.707526 runnervmmprz5 zainod-0.10.1[3031]:     at packages/zaino-serve/src/rpc/grpc/service.rs:161
1791661369.376231 runnervmmprz5 zainod-0.10.1[3031]:   19:42:49.376  INFO zaino_chain_store_zainodb::store::finalised_source::v1::write_core: write_blocks_to_height: syncing, current: 2759447, target: 4381896, zebra_network: Testnet
1791661369.376231 runnervmmprz5 zainod-0.10.1[3031]:     at packages/zaino-chain-store-zainodb/src/store/finalised_source/v1/write_core.rs:184
1791661371.954892 runnervmmprz5 zainod-0.10.1[3031]:   19:42:51.954  INFO zainodlib::indexer: Zaino status check, chain_state: Ready, fs_mode: ephemeral(syncing), json_rpc: Ready, grpc: Ready
1791661371.954892 runnervmmprz5 zainod-0.10.1[3031]:     at packages/zainod/src/indexer.rs:333
1791661373.699259 runnervmmprz5 zainod-0.10.1[3031]:   19:42:53.699  INFO zaino_serve::rpc::grpc::service: [TEST] received call, method: "get_lightd_info"
1791661373.699259 runnervmmprz5 zainod-0.10.1[3031]:     at packages/zaino-serve/src/rpc/grpc/service.rs:161
1791661373.703819 runnervmmprz5 zainod-0.10.1[3031]:   19:42:53.703  INFO zaino_serve::rpc::grpc::service: [TEST] received call, method: "get_block"
1791661373.703819 runnervmmprz5 zainod-0.10.1[3031]:     at packages/zaino-serve/src/rpc/grpc/service.rs:161
1791661373.705006 runnervmmprz5 zainod-0.10.1[3031]:   19:42:53.704  INFO zaino_serve::rpc::grpc::service: [TEST] received call, method: "get_block"
1791661373.705006 runnervmmprz5 zainod-0.10.1[3031]:     at packages/zaino-serve/src/rpc/grpc/service.rs:161
1791661377.326994 runnervmmprz5 zainod-0.10.1[3031]:   19:42:57.326  INFO zaino_chain_store_zainodb::store::finalised_source::v1::write_core: write_blocks_to_height: committed batch, height: 2699999, blocks: 100000
1791661377.326994 runnervmmprz5 zainod-0.10.1[3031]:     at packages/zaino-chain-store-zainodb/src/store/finalised_source/v1/write_core.rs:636
1791661378.705551 runnervmmprz5 zainod-0.10.1[3031]:   19:42:58.705  INFO zaino_serve::rpc::grpc::service: [TEST] received call, method: "get_lightd_info"
1791661378.705551 runnervmmprz5 zainod-0.10.1[3031]:     at packages/zaino-serve/src/rpc/grpc/service.rs:161
1791661378.710704 runnervmmprz5 zainod-0.10.1[3031]:   19:42:58.710  INFO zaino_serve::rpc::grpc::service: [TEST] received call, method: "get_block"
1791661378.710704 runnervmmprz5 zainod-0.10.1[3031]:     at packages/zaino-serve/src/rpc/grpc/service.rs:161
1791661378.712136 runnervmmprz5 zainod-0.10.1[3031]:   19:42:58.712  INFO zaino_serve::rpc::grpc::service: [TEST] received call, method: "get_block"
1791661378.712136 runnervmmprz5 zainod-0.10.1[3031]:     at packages/zaino-serve/src/rpc/grpc/service.rs:161
1791661379.376514 runnervmmprz5 zainod-0.10.1[3031]:   19:42:59.376  INFO zaino_chain_store_zainodb::store::finalised_source::v1::write_core: write_blocks_to_height: syncing, current: 2808384, target: 4381896, zebra_network: Testnet
1791661379.376514 runnervmmprz5 zainod-0.10.1[3031]:     at packages/zaino-chain-store-zainodb/src/store/finalised_source/v1/write_core.rs:184
1791661381.955617 runnervmmprz5 zainod-0.10.1[3031]:   19:43:01.955  INFO zainodlib::indexer: Zaino status check, chain_state: Ready, fs_mode: ephemeral(syncing), json_rpc: Ready, grpc: Ready
1791661381.955617 runnervmmprz5 zainod-0.10.1[3031]:     at packages/zainod/src/indexer.rs:333
1791661383.696582 runnervmmprz5 zainod-0.10.1[3031]:   19:43:03.696  INFO zaino_serve::rpc::grpc::service: [TEST] received call, method: "get_lightd_info"
1791661383.696582 runnervmmprz5 zainod-0.10.1[3031]:     at packages/zaino-serve/src/rpc/grpc/service.rs:161
1791661383.726643 runnervmmprz5 zainod-0.10.1[3031]:   19:43:03.726  INFO zaino_serve::rpc::grpc::service: [TEST] received call, method: "get_block"
1791661383.726643 runnervmmprz5 zainod-0.10.1[3031]:     at packages/zaino-serve/src/rpc/grpc/service.rs:161
1791661383.727858 runnervmmprz5 zainod-0.10.1[3031]:   19:43:03.727  INFO zaino_serve::rpc::grpc::service: [TEST] received call, method: "get_block"
1791661383.727858 runnervmmprz5 zainod-0.10.1[3031]:     at packages/zaino-serve/src/rpc/grpc/service.rs:161
1791661389.376833 runnervmmprz5 zainod-0.10.1[3031]:   19:43:09.376  INFO zaino_chain_store_zainodb::store::finalised_source::v1::write_core: write_blocks_to_height: syncing, current: 2830545, target: 4381896, zebra_network: Testnet
1791661389.376833 runnervmmprz5 zainod-0.10.1[3031]:     at packages/zaino-chain-store-zainodb/src/store/finalised_source/v1/write_core.rs:184
1791661389.444862 runnervmmprz5 zainod-0.10.1[3031]:   19:43:09.444  INFO zaino_serve::rpc::grpc::service: [TEST] received call, method: "get_lightd_info"
1791661389.444862 runnervmmprz5 zainod-0.10.1[3031]:     at packages/zaino-serve/src/rpc/grpc/service.rs:161
1791661389.452457 runnervmmprz5 zainod-0.10.1[3031]:   19:43:09.452  INFO zaino_serve::rpc::grpc::service: [TEST] received call, method: "get_block"
1791661389.452457 runnervmmprz5 zainod-0.10.1[3031]:     at packages/zaino-serve/src/rpc/grpc/service.rs:161
1791661389.453320 runnervmmprz5 zainod-0.10.1[3031]:   19:43:09.453  INFO zaino_serve::rpc::grpc::service: [TEST] received call, method: "get_block"
1791661389.453320 runnervmmprz5 zainod-0.10.1[3031]:     at packages/zaino-serve/src/rpc/grpc/service.rs:161
1791661392.054917 runnervmmprz5 zainod-0.10.1[3031]:   19:43:12.054  INFO zainodlib::indexer: Zaino status check, chain_state: Ready, fs_mode: ephemeral(syncing), json_rpc: Ready, grpc: Ready
1791661392.054917 runnervmmprz5 zainod-0.10.1[3031]:     at packages/zainod/src/indexer.rs:333
1791661393.703440 runnervmmprz5 zainod-0.10.1[3031]:   19:43:13.703  INFO zaino_serve::rpc::grpc::service: [TEST] received call, method: "get_lightd_info"
1791661393.703440 runnervmmprz5 zainod-0.10.1[3031]:     at packages/zaino-serve/src/rpc/grpc/service.rs:161
1791661393.707297 runnervmmprz5 zainod-0.10.1[3031]:   19:43:13.707  INFO zaino_serve::rpc::grpc::service: [TEST] received call, method: "get_block"
1791661393.707297 runnervmmprz5 zainod-0.10.1[3031]:     at packages/zaino-serve/src/rpc/grpc/service.rs:161
1791661393.707963 runnervmmprz5 zainod-0.10.1[3031]:   19:43:13.707  INFO zaino_serve::rpc::grpc::service: [TEST] received call, method: "get_block"
1791661393.707963 runnervmmprz5 zainod-0.10.1[3031]:     at packages/zaino-serve/src/rpc/grpc/service.rs:161
1791661398.707231 runnervmmprz5 zainod-0.10.1[3031]:   19:43:18.707  INFO zaino_serve::rpc::grpc::service: [TEST] received call, method: "get_lightd_info"
1791661398.707231 runnervmmprz5 zainod-0.10.1[3031]:     at packages/zaino-serve/src/rpc/grpc/service.rs:161
1791661398.712894 runnervmmprz5 zainod-0.10.1[3031]:   19:43:18.712  INFO zaino_serve::rpc::grpc::service: [TEST] received call, method: "get_block"
1791661398.712894 runnervmmprz5 zainod-0.10.1[3031]:     at packages/zaino-serve/src/rpc/grpc/service.rs:161
1791661398.714154 runnervmmprz5 zainod-0.10.1[3031]:   19:43:18.714  INFO zaino_serve::rpc::grpc::service: [TEST] received call, method: "get_block"
1791661398.714154 runnervmmprz5 zainod-0.10.1[3031]:     at packages/zaino-serve/src/rpc/grpc/service.rs:161
1791661399.377006 runnervmmprz5 zainod-0.10.1[3031]:   19:43:19.376  INFO zaino_chain_store_zainodb::store::finalised_source::v1::write_core: write_blocks_to_height: syncing, current: 2879634, target: 4381896, zebra_network: Testnet
1791661399.377006 runnervmmprz5 zainod-0.10.1[3031]:     at packages/zaino-chain-store-zainodb/src/store/finalised_source/v1/write_core.rs:184
1791661402.155283 runnervmmprz5 zainod-0.10.1[3031]:   19:43:22.155  INFO zainodlib::indexer: Zaino status check, chain_state: Ready, fs_mode: ephemeral(syncing), json_rpc: Ready, grpc: Ready
1791661402.155283 runnervmmprz5 zainod-0.10.1[3031]:     at packages/zainod/src/indexer.rs:333
1791661403.705928 runnervmmprz5 zainod-0.10.1[3031]:   19:43:23.705  INFO zaino_serve::rpc::grpc::service: [TEST] received call, method: "get_lightd_info"
1791661403.705928 runnervmmprz5 zainod-0.10.1[3031]:     at packages/zaino-serve/src/rpc/grpc/service.rs:161
1791661403.710765 runnervmmprz5 zainod-0.10.1[3031]:   19:43:23.710  INFO zaino_serve::rpc::grpc::service: [TEST] received call, method: "get_block"
1791661403.710765 runnervmmprz5 zainod-0.10.1[3031]:     at packages/zaino-serve/src/rpc/grpc/service.rs:161
1791661403.712135 runnervmmprz5 zainod-0.10.1[3031]:   19:43:23.712  INFO zaino_serve::rpc::grpc::service: [TEST] received call, method: "get_block"
1791661403.712135 runnervmmprz5 zainod-0.10.1[3031]:     at packages/zaino-serve/src/rpc/grpc/service.rs:161
1791661403.766176 runnervmmprz5 zainod-0.10.1[3031]:   19:43:23.766  INFO zaino_chain_store_zainodb::store::finalised_source::v1::write_core: write_blocks_to_height: committed batch, height: 2799999, blocks: 100000
1791661403.766176 runnervmmprz5 zainod-0.10.1[3031]:     at packages/zaino-chain-store-zainodb/src/store/finalised_source/v1/write_core.rs:636
1791661408.700733 runnervmmprz5 zainod-0.10.1[3031]:   19:43:28.700  INFO zaino_serve::rpc::grpc::service: [TEST] received call, method: "get_lightd_info"
1791661408.700733 runnervmmprz5 zainod-0.10.1[3031]:     at packages/zaino-serve/src/rpc/grpc/service.rs:161
1791661408.704558 runnervmmprz5 zainod-0.10.1[3031]:   19:43:28.704  INFO zaino_serve::rpc::grpc::service: [TEST] received call, method: "get_block"
1791661408.704558 runnervmmprz5 zainod-0.10.1[3031]:     at packages/zaino-serve/src/rpc/grpc/service.rs:161
1791661408.705389 runnervmmprz5 zainod-0.10.1[3031]:   19:43:28.705  INFO zaino_serve::rpc::grpc::service: [TEST] received call, method: "get_block"
1791661408.705389 runnervmmprz5 zainod-0.10.1[3031]:     at packages/zaino-serve/src/rpc/grpc/service.rs:161
1791661409.377329 runnervmmprz5 zainod-0.10.1[3031]:   19:43:29.377  INFO zaino_chain_store_zainodb::store::finalised_source::v1::write_core: write_blocks_to_height: syncing, current: 2910805, target: 4381896, zebra_network: Testnet
1791661409.377329 runnervmmprz5 zainod-0.10.1[3031]:     at packages/zaino-chain-store-zainodb/src/store/finalised_source/v1/write_core.rs:184
1791661412.795290 runnervmmprz5 zainod-0.10.1[3031]:   19:43:32.795  INFO zainodlib::indexer: Zaino status check, chain_state: Ready, fs_mode: ephemeral(syncing), json_rpc: Ready, grpc: Ready
1791661412.795290 runnervmmprz5 zainod-0.10.1[3031]:     at packages/zainod/src/indexer.rs:333
1791661413.704454 runnervmmprz5 zainod-0.10.1[3031]:   19:43:33.704  INFO zaino_serve::rpc::grpc::service: [TEST] received call, method: "get_lightd_info"
1791661413.704454 runnervmmprz5 zainod-0.10.1[3031]:     at packages/zaino-serve/src/rpc/grpc/service.rs:161
1791661413.709431 runnervmmprz5 zainod-0.10.1[3031]:   19:43:33.709  INFO zaino_serve::rpc::grpc::service: [TEST] received call, method: "get_block"
1791661413.709431 runnervmmprz5 zainod-0.10.1[3031]:     at packages/zaino-serve/src/rpc/grpc/service.rs:161
1791661413.710487 runnervmmprz5 zainod-0.10.1[3031]:   19:43:33.710  INFO zaino_serve::rpc::grpc::service: [TEST] received call, method: "get_block"
1791661413.710487 runnervmmprz5 zainod-0.10.1[3031]:     at packages/zaino-serve/src/rpc/grpc/service.rs:161
1791661418.706071 runnervmmprz5 zainod-0.10.1[3031]:   19:43:38.706  INFO zaino_serve::rpc::grpc::service: [TEST] received call, method: "get_lightd_info"
1791661418.706071 runnervmmprz5 zainod-0.10.1[3031]:     at packages/zaino-serve/src/rpc/grpc/service.rs:161
1791661418.711909 runnervmmprz5 zainod-0.10.1[3031]:   19:43:38.711  INFO zaino_serve::rpc::grpc::service: [TEST] received call, method: "get_block"
1791661418.711909 runnervmmprz5 zainod-0.10.1[3031]:     at packages/zaino-serve/src/rpc/grpc/service.rs:161
1791661418.713117 runnervmmprz5 zainod-0.10.1[3031]:   19:43:38.713  INFO zaino_serve::rpc::grpc::service: [TEST] received call, method: "get_block"
1791661418.713117 runnervmmprz5 zainod-0.10.1[3031]:     at packages/zaino-serve/src/rpc/grpc/service.rs:161
1791661419.377404 runnervmmprz5 zainod-0.10.1[3031]:   19:43:39.377  INFO zaino_chain_store_zainodb::store::finalised_source::v1::write_core: write_blocks_to_height: syncing, current: 2951227, target: 4381896, zebra_network: Testnet
1791661419.377404 runnervmmprz5 zainod-0.10.1[3031]:     at packages/zaino-chain-store-zainodb/src/store/finalised_source/v1/write_core.rs:184
1791661422.855676 runnervmmprz5 zainod-0.10.1[3031]:   19:43:42.855  INFO zainodlib::indexer: Zaino status check, chain_state: Ready, fs_mode: ephemeral(syncing), json_rpc: Ready, grpc: Ready
1791661422.855676 runnervmmprz5 zainod-0.10.1[3031]:     at packages/zainod/src/indexer.rs:333
1791661423.706800 runnervmmprz5 zainod-0.10.1[3031]:   19:43:43.706  INFO zaino_serve::rpc::grpc::service: [TEST] received call, method: "get_lightd_info"
1791661423.706800 runnervmmprz5 zainod-0.10.1[3031]:     at packages/zaino-serve/src/rpc/grpc/service.rs:161
1791661423.712688 runnervmmprz5 zainod-0.10.1[3031]:   19:43:43.712  INFO zaino_serve::rpc::grpc::service: [TEST] received call, method: "get_block"
1791661423.712688 runnervmmprz5 zainod-0.10.1[3031]:     at packages/zaino-serve/src/rpc/grpc/service.rs:161
1791661423.713819 runnervmmprz5 zainod-0.10.1[3031]:   19:43:43.713  INFO zaino_serve::rpc::grpc::service: [TEST] received call, method: "get_block"
1791661423.713819 runnervmmprz5 zainod-0.10.1[3031]:     at packages/zaino-serve/src/rpc/grpc/service.rs:161
1791661428.711985 runnervmmprz5 zainod-0.10.1[3031]:   19:43:48.711  INFO zaino_serve::rpc::grpc::service: [TEST] received call, method: "get_lightd_info"
1791661428.711985 runnervmmprz5 zainod-0.10.1[3031]:     at packages/zaino-serve/src/rpc/grpc/service.rs:161
1791661428.716763 runnervmmprz5 zainod-0.10.1[3031]:   19:43:48.716  INFO zaino_serve::rpc::grpc::service: [TEST] received call, method: "get_block"
1791661428.716763 runnervmmprz5 zainod-0.10.1[3031]:     at packages/zaino-serve/src/rpc/grpc/service.rs:161
1791661428.717873 runnervmmprz5 zainod-0.10.1[3031]:   19:43:48.717  INFO zaino_serve::rpc::grpc::service: [TEST] received call, method: "get_block"
1791661428.717873 runnervmmprz5 zainod-0.10.1[3031]:     at packages/zaino-serve/src/rpc/grpc/service.rs:161
1791661429.377497 runnervmmprz5 zainod-0.10.1[3031]:   19:43:49.377  INFO zaino_chain_store_zainodb::store::finalised_source::v1::write_core: write_blocks_to_height: syncing, current: 2999533, target: 4381896, zebra_network: Testnet
1791661429.377497 runnervmmprz5 zainod-0.10.1[3031]:     at packages/zaino-chain-store-zainodb/src/store/finalised_source/v1/write_core.rs:184
1791661429.465981 runnervmmprz5 zainod-0.10.1[3031]:   19:43:49.465  INFO zaino_chain_store_zainodb::store::finalised_source::v1::write_core: write_blocks_to_height: committed batch, height: 2899999, blocks: 100000
1791661429.465981 runnervmmprz5 zainod-0.10.1[3031]:     at packages/zaino-chain-store-zainodb/src/store/finalised_source/v1/write_core.rs:636
1791661432.955423 runnervmmprz5 zainod-0.10.1[3031]:   19:43:52.955  INFO zainodlib::indexer: Zaino status check, chain_state: Ready, fs_mode: ephemeral(syncing), json_rpc: Ready, grpc: Ready
1791661432.955423 runnervmmprz5 zainod-0.10.1[3031]:     at packages/zainod/src/indexer.rs:333
1791661433.702406 runnervmmprz5 zainod-0.10.1[3031]:   19:43:53.702  INFO zaino_serve::rpc::grpc::service: [TEST] received call, method: "get_lightd_info"
1791661433.702406 runnervmmprz5 zainod-0.10.1[3031]:     at packages/zaino-serve/src/rpc/grpc/service.rs:161
1791661433.706388 runnervmmprz5 zainod-0.10.1[3031]:   19:43:53.706  INFO zaino_serve::rpc::grpc::service: [TEST] received call, method: "get_block"
1791661433.706388 runnervmmprz5 zainod-0.10.1[3031]:     at packages/zaino-serve/src/rpc/grpc/service.rs:161
1791661433.707168 runnervmmprz5 zainod-0.10.1[3031]:   19:43:53.707  INFO zaino_serve::rpc::grpc::service: [TEST] received call, method: "get_block"
1791661433.707168 runnervmmprz5 zainod-0.10.1[3031]:     at packages/zaino-serve/src/rpc/grpc/service.rs:161
1791661439.378144 runnervmmprz5 zainod-0.10.1[3031]:   19:43:59.378  INFO zaino_chain_store_zainodb::store::finalised_source::v1::write_core: write_blocks_to_height: syncing, current: 3017264, target: 4381896, zebra_network: Testnet
1791661439.378144 runnervmmprz5 zainod-0.10.1[3031]:     at packages/zaino-chain-store-zainodb/src/store/finalised_source/v1/write_core.rs:184
1791661440.490806 runnervmmprz5 zainod-0.10.1[3031]:   19:44:00.490  INFO zaino_serve::rpc::grpc::service: [TEST] received call, method: "get_lightd_info"
1791661440.490806 runnervmmprz5 zainod-0.10.1[3031]:     at packages/zaino-serve/src/rpc/grpc/service.rs:161
1791661440.497138 runnervmmprz5 zainod-0.10.1[3031]:   19:44:00.497  INFO zaino_serve::rpc::grpc::service: [TEST] received call, method: "get_block"
1791661440.497138 runnervmmprz5 zainod-0.10.1[3031]:     at packages/zaino-serve/src/rpc/grpc/service.rs:161
1791661440.498370 runnervmmprz5 zainod-0.10.1[3031]:   19:44:00.498  INFO zaino_serve::rpc::grpc::service: [TEST] received call, method: "get_block"
1791661440.498370 runnervmmprz5 zainod-0.10.1[3031]:     at packages/zaino-serve/src/rpc/grpc/service.rs:161
1791661443.055258 runnervmmprz5 zainod-0.10.1[3031]:   19:44:03.055  INFO zainodlib::indexer: Zaino status check, chain_state: Ready, fs_mode: ephemeral(syncing), json_rpc: Ready, grpc: Ready
1791661443.055258 runnervmmprz5 zainod-0.10.1[3031]:     at packages/zainod/src/indexer.rs:333
1791661444.613027 runnervmmprz5 zainod-0.10.1[3031]:   19:44:04.612  INFO zaino_serve::rpc::grpc::service: [TEST] received call, method: "get_lightd_info"
1791661444.613027 runnervmmprz5 zainod-0.10.1[3031]:     at packages/zaino-serve/src/rpc/grpc/service.rs:161
1791661444.617441 runnervmmprz5 zainod-0.10.1[3031]:   19:44:04.617  INFO zaino_serve::rpc::grpc::service: [TEST] received call, method: "get_block"
1791661444.617441 runnervmmprz5 zainod-0.10.1[3031]:     at packages/zaino-serve/src/rpc/grpc/service.rs:161
1791661444.618340 runnervmmprz5 zainod-0.10.1[3031]:   19:44:04.618  INFO zaino_serve::rpc::grpc::service: [TEST] received call, method: "get_block"
1791661444.618340 runnervmmprz5 zainod-0.10.1[3031]:     at packages/zaino-serve/src/rpc/grpc/service.rs:161
1791661449.378485 runnervmmprz5 zainod-0.10.1[3031]:   19:44:09.378  INFO zaino_chain_store_zainodb::store::finalised_source::v1::write_core: write_blocks_to_height: syncing, current: 3052877, target: 4381896, zebra_network: Testnet
1791661449.378485 runnervmmprz5 zainod-0.10.1[3031]:     at packages/zaino-chain-store-zainodb/src/store/finalised_source/v1/write_core.rs:184
1791661449.616815 runnervmmprz5 zainod-0.10.1[3031]:   19:44:09.616  INFO zaino_serve::rpc::grpc::service: [TEST] received call, method: "get_lightd_info"
1791661449.616815 runnervmmprz5 zainod-0.10.1[3031]:     at packages/zaino-serve/src/rpc/grpc/service.rs:161
1791661449.622110 runnervmmprz5 zainod-0.10.1[3031]:   19:44:09.622  INFO zaino_serve::rpc::grpc::service: [TEST] received call, method: "get_block"
1791661449.622110 runnervmmprz5 zainod-0.10.1[3031]:     at packages/zaino-serve/src/rpc/grpc/service.rs:161
1791661449.623324 runnervmmprz5 zainod-0.10.1[3031]:   19:44:09.623  INFO zaino_serve::rpc::grpc::service: [TEST] received call, method: "get_block"
1791661449.623324 runnervmmprz5 zainod-0.10.1[3031]:     at packages/zaino-serve/src/rpc/grpc/service.rs:161
1791661453.055416 runnervmmprz5 zainod-0.10.1[3031]:   19:44:13.055  INFO zainodlib::indexer: Zaino status check, chain_state: Ready, fs_mode: ephemeral(syncing), json_rpc: Ready, grpc: Ready
1791661453.055416 runnervmmprz5 zainod-0.10.1[3031]:     at packages/zainod/src/indexer.rs:333
1791661454.614713 runnervmmprz5 zainod-0.10.1[3031]:   19:44:14.614  INFO zaino_serve::rpc::grpc::service: [TEST] received call, method: "get_lightd_info"
1791661454.614713 runnervmmprz5 zainod-0.10.1[3031]:     at packages/zaino-serve/src/rpc/grpc/service.rs:161
1791661454.619254 runnervmmprz5 zainod-0.10.1[3031]:   19:44:14.619  INFO zaino_serve::rpc::grpc::service: [TEST] received call, method: "get_block"
1791661454.619254 runnervmmprz5 zainod-0.10.1[3031]:     at packages/zaino-serve/src/rpc/grpc/service.rs:161
1791661454.620401 runnervmmprz5 zainod-0.10.1[3031]:   19:44:14.620  INFO zaino_serve::rpc::grpc::service: [TEST] received call, method: "get_block"
1791661454.620401 runnervmmprz5 zainod-0.10.1[3031]:     at packages/zaino-serve/src/rpc/grpc/service.rs:161
1791661459.378960 runnervmmprz5 zainod-0.10.1[3031]:   19:44:19.378  INFO zaino_chain_store_zainodb::store::finalised_source::v1::write_core: write_blocks_to_height: syncing, current: 3091994, target: 4381896, zebra_network: Testnet
1791661459.378960 runnervmmprz5 zainod-0.10.1[3031]:     at packages/zaino-chain-store-zainodb/src/store/finalised_source/v1/write_core.rs:184
1791661459.617129 runnervmmprz5 zainod-0.10.1[3031]:   19:44:19.617  INFO zaino_serve::rpc::grpc::service: [TEST] received call, method: "get_lightd_info"
1791661459.617129 runnervmmprz5 zainod-0.10.1[3031]:     at packages/zaino-serve/src/rpc/grpc/service.rs:161
1791661459.621638 runnervmmprz5 zainod-0.10.1[3031]:   19:44:19.621  INFO zaino_serve::rpc::grpc::service: [TEST] received call, method: "get_block"
1791661459.621638 runnervmmprz5 zainod-0.10.1[3031]:     at packages/zaino-serve/src/rpc/grpc/service.rs:161
1791661459.622677 runnervmmprz5 zainod-0.10.1[3031]:   19:44:19.622  INFO zaino_serve::rpc::grpc::service: [TEST] received call, method: "get_block"
1791661459.622677 runnervmmprz5 zainod-0.10.1[3031]:     at packages/zaino-serve/src/rpc/grpc/service.rs:161
1791661461.367696 runnervmmprz5 zainod-0.10.1[3031]:   19:44:21.367  INFO zaino_chain_store_zainodb::store::finalised_source::v1::write_core: write_blocks_to_height: committed batch, height: 2999999, blocks: 100000
1791661461.367696 runnervmmprz5 zainod-0.10.1[3031]:     at packages/zaino-chain-store-zainodb/src/store/finalised_source/v1/write_core.rs:636
1791661463.155694 runnervmmprz5 zainod-0.10.1[3031]:   19:44:23.155  INFO zainodlib::indexer: Zaino status check, chain_state: Ready, fs_mode: ephemeral(syncing), json_rpc: Ready, grpc: Ready
1791661463.155694 runnervmmprz5 zainod-0.10.1[3031]:     at packages/zainod/src/indexer.rs:333
1791661464.609642 runnervmmprz5 zainod-0.10.1[3031]:   19:44:24.609  INFO zaino_serve::rpc::grpc::service: [TEST] received call, method: "get_lightd_info"
1791661464.609642 runnervmmprz5 zainod-0.10.1[3031]:     at packages/zaino-serve/src/rpc/grpc/service.rs:161
1791661464.613819 runnervmmprz5 zainod-0.10.1[3031]:   19:44:24.613  INFO zaino_serve::rpc::grpc::service: [TEST] received call, method: "get_block"
1791661464.613819 runnervmmprz5 zainod-0.10.1[3031]:     at packages/zaino-serve/src/rpc/grpc/service.rs:161
1791661464.615310 runnervmmprz5 zainod-0.10.1[3031]:   19:44:24.615  INFO zaino_serve::rpc::grpc::service: [TEST] received call, method: "get_block"
1791661464.615310 runnervmmprz5 zainod-0.10.1[3031]:     at packages/zaino-serve/src/rpc/grpc/service.rs:161
1791661469.412895 runnervmmprz5 zainod-0.10.1[3031]:   19:44:29.412  INFO zaino_chain_store_zainodb::store::finalised_source::v1::write_core: write_blocks_to_height: syncing, current: 3110619, target: 4381896, zebra_network: Testnet
1791661469.412895 runnervmmprz5 zainod-0.10.1[3031]:     at packages/zaino-chain-store-zainodb/src/store/finalised_source/v1/write_core.rs:184
1791661471.086169 runnervmmprz5 zainod-0.10.1[3031]:   19:44:31.086  INFO zaino_serve::rpc::grpc::service: [TEST] received call, method: "get_lightd_info"
1791661471.086169 runnervmmprz5 zainod-0.10.1[3031]:     at packages/zaino-serve/src/rpc/grpc/service.rs:161
1791661471.091721 runnervmmprz5 zainod-0.10.1[3031]:   19:44:31.091  INFO zaino_serve::rpc::grpc::service: [TEST] received call, method: "get_block"
1791661471.091721 runnervmmprz5 zainod-0.10.1[3031]:     at packages/zaino-serve/src/rpc/grpc/service.rs:161
1791661471.092913 runnervmmprz5 zainod-0.10.1[3031]:   19:44:31.092  INFO zaino_serve::rpc::grpc::service: [TEST] received call, method: "get_block"
1791661471.092913 runnervmmprz5 zainod-0.10.1[3031]:     at packages/zaino-serve/src/rpc/grpc/service.rs:161
1791661473.255316 runnervmmprz5 zainod-0.10.1[3031]:   19:44:33.255  INFO zainodlib::indexer: Zaino status check, chain_state: Ready, fs_mode: ephemeral(syncing), json_rpc: Ready, grpc: Ready
1791661473.255316 runnervmmprz5 zainod-0.10.1[3031]:     at packages/zainod/src/indexer.rs:333
1791661475.303795 runnervmmprz5 zainod-0.10.1[3031]:   19:44:35.303  INFO zaino_serve::rpc::grpc::service: [TEST] received call, method: "get_lightd_info"
1791661475.303795 runnervmmprz5 zainod-0.10.1[3031]:     at packages/zaino-serve/src/rpc/grpc/service.rs:161
1791661475.309153 runnervmmprz5 zainod-0.10.1[3031]:   19:44:35.309  INFO zaino_serve::rpc::grpc::service: [TEST] received call, method: "get_block"
1791661475.309153 runnervmmprz5 zainod-0.10.1[3031]:     at packages/zaino-serve/src/rpc/grpc/service.rs:161
1791661475.310218 runnervmmprz5 zainod-0.10.1[3031]:   19:44:35.310  INFO zaino_serve::rpc::grpc::service: [TEST] received call, method: "get_block"
1791661475.310218 runnervmmprz5 zainod-0.10.1[3031]:     at packages/zaino-serve/src/rpc/grpc/service.rs:161
1791661479.413520 runnervmmprz5 zainod-0.10.1[3031]:   19:44:39.413  INFO zaino_chain_store_zainodb::store::finalised_source::v1::write_core: write_blocks_to_height: syncing, current: 3148386, target: 4381896, zebra_network: Testnet
1791661479.413520 runnervmmprz5 zainod-0.10.1[3031]:     at packages/zaino-chain-store-zainodb/src/store/finalised_source/v1/write_core.rs:184
1791661480.307427 runnervmmprz5 zainod-0.10.1[3031]:   19:44:40.307  INFO zaino_serve::rpc::grpc::service: [TEST] received call, method: "get_lightd_info"
1791661480.307427 runnervmmprz5 zainod-0.10.1[3031]:     at packages/zaino-serve/src/rpc/grpc/service.rs:161
1791661480.312146 runnervmmprz5 zainod-0.10.1[3031]:   19:44:40.312  INFO zaino_serve::rpc::grpc::service: [TEST] received call, method: "get_block"
1791661480.312146 runnervmmprz5 zainod-0.10.1[3031]:     at packages/zaino-serve/src/rpc/grpc/service.rs:161
1791661480.313131 runnervmmprz5 zainod-0.10.1[3031]:   19:44:40.313  INFO zaino_serve::rpc::grpc::service: [TEST] received call, method: "get_block"
1791661480.313131 runnervmmprz5 zainod-0.10.1[3031]:     at packages/zaino-serve/src/rpc/grpc/service.rs:161
1791661483.355650 runnervmmprz5 zainod-0.10.1[3031]:   19:44:43.355  INFO zainodlib::indexer: Zaino status check, chain_state: Ready, fs_mode: ephemeral(syncing), json_rpc: Ready, grpc: Ready
1791661483.355650 runnervmmprz5 zainod-0.10.1[3031]:     at packages/zainod/src/indexer.rs:333
1791661485.304765 runnervmmprz5 zainod-0.10.1[3031]:   19:44:45.304  INFO zaino_serve::rpc::grpc::service: [TEST] received call, method: "get_lightd_info"
1791661485.304765 runnervmmprz5 zainod-0.10.1[3031]:     at packages/zaino-serve/src/rpc/grpc/service.rs:161
1791661485.309241 runnervmmprz5 zainod-0.10.1[3031]:   19:44:45.309  INFO zaino_serve::rpc::grpc::service: [TEST] received call, method: "get_block"
1791661485.309241 runnervmmprz5 zainod-0.10.1[3031]:     at packages/zaino-serve/src/rpc/grpc/service.rs:161
1791661485.310467 runnervmmprz5 zainod-0.10.1[3031]:   19:44:45.310  INFO zaino_serve::rpc::grpc::service: [TEST] received call, method: "get_block"
1791661485.310467 runnervmmprz5 zainod-0.10.1[3031]:     at packages/zaino-serve/src/rpc/grpc/service.rs:161
1791661489.413679 runnervmmprz5 zainod-0.10.1[3031]:   19:44:49.413  INFO zaino_chain_store_zainodb::store::finalised_source::v1::write_core: write_blocks_to_height: syncing, current: 3193866, target: 4381896, zebra_network: Testnet
1791661489.413679 runnervmmprz5 zainod-0.10.1[3031]:     at packages/zaino-chain-store-zainodb/src/store/finalised_source/v1/write_core.rs:184
1791661490.305457 runnervmmprz5 zainod-0.10.1[3031]:   19:44:50.305  INFO zaino_serve::rpc::grpc::service: [TEST] received call, method: "get_lightd_info"
1791661490.305457 runnervmmprz5 zainod-0.10.1[3031]:     at packages/zaino-serve/src/rpc/grpc/service.rs:161
1791661490.310696 runnervmmprz5 zainod-0.10.1[3031]:   19:44:50.310  INFO zaino_serve::rpc::grpc::service: [TEST] received call, method: "get_block"
1791661490.310696 runnervmmprz5 zainod-0.10.1[3031]:     at packages/zaino-serve/src/rpc/grpc/service.rs:161
1791661490.311695 runnervmmprz5 zainod-0.10.1[3031]:   19:44:50.311  INFO zaino_serve::rpc::grpc::service: [TEST] received call, method: "get_block"
1791661490.311695 runnervmmprz5 zainod-0.10.1[3031]:     at packages/zaino-serve/src/rpc/grpc/service.rs:161
1791661490.923956 runnervmmprz5 zainod-0.10.1[3031]:   19:44:50.923  INFO zaino_chain_store_zainodb::store::finalised_source::v1::write_core: write_blocks_to_height: committed batch, height: 3099999, blocks: 100000
1791661490.923956 runnervmmprz5 zainod-0.10.1[3031]:     at packages/zaino-chain-store-zainodb/src/store/finalised_source/v1/write_core.rs:636
1791661493.455626 runnervmmprz5 zainod-0.10.1[3031]:   19:44:53.455  INFO zainodlib::indexer: Zaino status check, chain_state: Ready, fs_mode: ephemeral(syncing), json_rpc: Ready, grpc: Ready
1791661493.455626 runnervmmprz5 zainod-0.10.1[3031]:     at packages/zainod/src/indexer.rs:333
1791661495.300970 runnervmmprz5 zainod-0.10.1[3031]:   19:44:55.300  INFO zaino_serve::rpc::grpc::service: [TEST] received call, method: "get_lightd_info"
1791661495.300970 runnervmmprz5 zainod-0.10.1[3031]:     at packages/zaino-serve/src/rpc/grpc/service.rs:161
1791661495.306784 runnervmmprz5 zainod-0.10.1[3031]:   19:44:55.306  INFO zaino_serve::rpc::grpc::service: [TEST] received call, method: "get_block"
1791661495.306784 runnervmmprz5 zainod-0.10.1[3031]:     at packages/zaino-serve/src/rpc/grpc/service.rs:161
1791661495.307555 runnervmmprz5 zainod-0.10.1[3031]:   19:44:55.307  INFO zaino_serve::rpc::grpc::service: [TEST] received call, method: "get_block"
1791661495.307555 runnervmmprz5 zainod-0.10.1[3031]:     at packages/zaino-serve/src/rpc/grpc/service.rs:161
1791661499.413912 runnervmmprz5 zainod-0.10.1[3031]:   19:44:59.413  INFO zaino_chain_store_zainodb::store::finalised_source::v1::write_core: write_blocks_to_height: syncing, current: 3210739, target: 4381896, zebra_network: Testnet
1791661499.413912 runnervmmprz5 zainod-0.10.1[3031]:     at packages/zaino-chain-store-zainodb/src/store/finalised_source/v1/write_core.rs:184
1791661500.308249 runnervmmprz5 zainod-0.10.1[3031]:   19:45:00.308  INFO zaino_serve::rpc::grpc::service: [TEST] received call, method: "get_lightd_info"
1791661500.308249 runnervmmprz5 zainod-0.10.1[3031]:     at packages/zaino-serve/src/rpc/grpc/service.rs:161
1791661500.312520 runnervmmprz5 zainod-0.10.1[3031]:   19:45:00.312  INFO zaino_serve::rpc::grpc::service: [TEST] received call, method: "get_block"
1791661500.312520 runnervmmprz5 zainod-0.10.1[3031]:     at packages/zaino-serve/src/rpc/grpc/service.rs:161
1791661500.313453 runnervmmprz5 zainod-0.10.1[3031]:   19:45:00.313  INFO zaino_serve::rpc::grpc::service: [TEST] received call, method: "get_block"
1791661500.313453 runnervmmprz5 zainod-0.10.1[3031]:     at packages/zaino-serve/src/rpc/grpc/service.rs:161
1791661503.555573 runnervmmprz5 zainod-0.10.1[3031]:   19:45:03.555  INFO zainodlib::indexer: Zaino status check, chain_state: Ready, fs_mode: ephemeral(syncing), json_rpc: Ready, grpc: Ready
1791661503.555573 runnervmmprz5 zainod-0.10.1[3031]:     at packages/zainod/src/indexer.rs:333
1791661505.305542 runnervmmprz5 zainod-0.10.1[3031]:   19:45:05.305  INFO zaino_serve::rpc::grpc::service: [TEST] received call, method: "get_lightd_info"
1791661505.305542 runnervmmprz5 zainod-0.10.1[3031]:     at packages/zaino-serve/src/rpc/grpc/service.rs:161
1791661505.310423 runnervmmprz5 zainod-0.10.1[3031]:   19:45:05.310  INFO zaino_serve::rpc::grpc::service: [TEST] received call, method: "get_block"
1791661505.310423 runnervmmprz5 zainod-0.10.1[3031]:     at packages/zaino-serve/src/rpc/grpc/service.rs:161
1791661505.311344 runnervmmprz5 zainod-0.10.1[3031]:   19:45:05.311  INFO zaino_serve::rpc::grpc::service: [TEST] received call, method: "get_block"
1791661505.311344 runnervmmprz5 zainod-0.10.1[3031]:     at packages/zaino-serve/src/rpc/grpc/service.rs:161
1791661509.414297 runnervmmprz5 zainod-0.10.1[3031]:   19:45:09.414  INFO zaino_chain_store_zainodb::store::finalised_source::v1::write_core: write_blocks_to_height: syncing, current: 3254659, target: 4381896, zebra_network: Testnet
1791661509.414297 runnervmmprz5 zainod-0.10.1[3031]:     at packages/zaino-chain-store-zainodb/src/store/finalised_source/v1/write_core.rs:184
1791661510.310580 runnervmmprz5 zainod-0.10.1[3031]:   19:45:10.310  INFO zaino_serve::rpc::grpc::service: [TEST] received call, method: "get_lightd_info"
1791661510.310580 runnervmmprz5 zainod-0.10.1[3031]:     at packages/zaino-serve/src/rpc/grpc/service.rs:161
1791661510.315729 runnervmmprz5 zainod-0.10.1[3031]:   19:45:10.315  INFO zaino_serve::rpc::grpc::service: [TEST] received call, method: "get_block"
1791661510.315729 runnervmmprz5 zainod-0.10.1[3031]:     at packages/zaino-serve/src/rpc/grpc/service.rs:161
1791661510.316631 runnervmmprz5 zainod-0.10.1[3031]:   19:45:10.316  INFO zaino_serve::rpc::grpc::service: [TEST] received call, method: "get_block"
1791661510.316631 runnervmmprz5 zainod-0.10.1[3031]:     at packages/zaino-serve/src/rpc/grpc/service.rs:161
1791661513.654937 runnervmmprz5 zainod-0.10.1[3031]:   19:45:13.654  INFO zainodlib::indexer: Zaino status check, chain_state: Ready, fs_mode: ephemeral(syncing), json_rpc: Ready, grpc: Ready
1791661513.654937 runnervmmprz5 zainod-0.10.1[3031]:     at packages/zainod/src/indexer.rs:333
1791661515.305814 runnervmmprz5 zainod-0.10.1[3031]:   19:45:15.305  INFO zaino_serve::rpc::grpc::service: [TEST] received call, method: "get_lightd_info"
1791661515.305814 runnervmmprz5 zainod-0.10.1[3031]:     at packages/zaino-serve/src/rpc/grpc/service.rs:161
1791661515.310776 runnervmmprz5 zainod-0.10.1[3031]:   19:45:15.310  INFO zaino_serve::rpc::grpc::service: [TEST] received call, method: "get_block"
1791661515.310776 runnervmmprz5 zainod-0.10.1[3031]:     at packages/zaino-serve/src/rpc/grpc/service.rs:161
1791661515.311796 runnervmmprz5 zainod-0.10.1[3031]:   19:45:15.311  INFO zaino_serve::rpc::grpc::service: [TEST] received call, method: "get_block"
1791661515.311796 runnervmmprz5 zainod-0.10.1[3031]:     at packages/zaino-serve/src/rpc/grpc/service.rs:161
1791661519.414394 runnervmmprz5 zainod-0.10.1[3031]:   19:45:19.414  INFO zaino_chain_store_zainodb::store::finalised_source::v1::write_core: write_blocks_to_height: syncing, current: 3296011, target: 4381896, zebra_network: Testnet
1791661519.414394 runnervmmprz5 zainod-0.10.1[3031]:     at packages/zaino-chain-store-zainodb/src/store/finalised_source/v1/write_core.rs:184
1791661520.309321 runnervmmprz5 zainod-0.10.1[3031]:   19:45:20.309  INFO zaino_serve::rpc::grpc::service: [TEST] received call, method: "get_lightd_info"
1791661520.309321 runnervmmprz5 zainod-0.10.1[3031]:     at packages/zaino-serve/src/rpc/grpc/service.rs:161
1791661520.314338 runnervmmprz5 zainod-0.10.1[3031]:   19:45:20.314  INFO zaino_serve::rpc::grpc::service: [TEST] received call, method: "get_block"
1791661520.314338 runnervmmprz5 zainod-0.10.1[3031]:     at packages/zaino-serve/src/rpc/grpc/service.rs:161
1791661520.315217 runnervmmprz5 zainod-0.10.1[3031]:   19:45:20.315  INFO zaino_serve::rpc::grpc::service: [TEST] received call, method: "get_block"
1791661520.315217 runnervmmprz5 zainod-0.10.1[3031]:     at packages/zaino-serve/src/rpc/grpc/service.rs:161
1791661520.351287 runnervmmprz5 zainod-0.10.1[3031]:   19:45:20.351  INFO zaino_chain_store_zainodb::store::finalised_source::v1::write_core: write_blocks_to_height: committed batch, height: 3199999, blocks: 100000
1791661520.351287 runnervmmprz5 zainod-0.10.1[3031]:     at packages/zaino-chain-store-zainodb/src/store/finalised_source/v1/write_core.rs:636
1791661523.655501 runnervmmprz5 zainod-0.10.1[3031]:   19:45:23.655  INFO zainodlib::indexer: Zaino status check, chain_state: Ready, fs_mode: ephemeral(syncing), json_rpc: Ready, grpc: Ready
1791661523.655501 runnervmmprz5 zainod-0.10.1[3031]:     at packages/zainod/src/indexer.rs:333
1791661525.304385 runnervmmprz5 zainod-0.10.1[3031]:   19:45:25.304  INFO zaino_serve::rpc::grpc::service: [TEST] received call, method: "get_lightd_info"
1791661525.304385 runnervmmprz5 zainod-0.10.1[3031]:     at packages/zaino-serve/src/rpc/grpc/service.rs:161
1791661525.308895 runnervmmprz5 zainod-0.10.1[3031]:   19:45:25.308  INFO zaino_serve::rpc::grpc::service: [TEST] received call, method: "get_block"
1791661525.308895 runnervmmprz5 zainod-0.10.1[3031]:     at packages/zaino-serve/src/rpc/grpc/service.rs:161
1791661525.309744 runnervmmprz5 zainod-0.10.1[3031]:   19:45:25.309  INFO zaino_serve::rpc::grpc::service: [TEST] received call, method: "get_block"
1791661525.309744 runnervmmprz5 zainod-0.10.1[3031]:     at packages/zaino-serve/src/rpc/grpc/service.rs:161
1791661529.414853 runnervmmprz5 zainod-0.10.1[3031]:   19:45:29.414  INFO zaino_chain_store_zainodb::store::finalised_source::v1::write_core: write_blocks_to_height: syncing, current: 3311576, target: 4381896, zebra_network: Testnet
1791661529.414853 runnervmmprz5 zainod-0.10.1[3031]:     at packages/zaino-chain-store-zainodb/src/store/finalised_source/v1/write_core.rs:184
1791661531.406692 runnervmmprz5 zainod-0.10.1[3031]:   19:45:31.406  INFO zaino_serve::rpc::grpc::service: [TEST] received call, method: "get_lightd_info"
1791661531.406692 runnervmmprz5 zainod-0.10.1[3031]:     at packages/zaino-serve/src/rpc/grpc/service.rs:161
1791661531.412378 runnervmmprz5 zainod-0.10.1[3031]:   19:45:31.412  INFO zaino_serve::rpc::grpc::service: [TEST] received call, method: "get_block"
1791661531.412378 runnervmmprz5 zainod-0.10.1[3031]:     at packages/zaino-serve/src/rpc/grpc/service.rs:161
1791661531.413461 runnervmmprz5 zainod-0.10.1[3031]:   19:45:31.413  INFO zaino_serve::rpc::grpc::service: [TEST] received call, method: "get_block"
1791661531.413461 runnervmmprz5 zainod-0.10.1[3031]:     at packages/zaino-serve/src/rpc/grpc/service.rs:161
1791661533.754748 runnervmmprz5 zainod-0.10.1[3031]:   19:45:33.754  INFO zainodlib::indexer: Zaino status check, chain_state: Ready, fs_mode: ephemeral(syncing), json_rpc: Ready, grpc: Ready
1791661533.754748 runnervmmprz5 zainod-0.10.1[3031]:     at packages/zainod/src/indexer.rs:333
1791661535.620404 runnervmmprz5 zainod-0.10.1[3031]:   19:45:35.620  INFO zaino_serve::rpc::grpc::service: [TEST] received call, method: "get_lightd_info"
1791661535.620404 runnervmmprz5 zainod-0.10.1[3031]:     at packages/zaino-serve/src/rpc/grpc/service.rs:161
1791661535.626601 runnervmmprz5 zainod-0.10.1[3031]:   19:45:35.626  INFO zaino_serve::rpc::grpc::service: [TEST] received call, method: "get_block"
1791661535.626601 runnervmmprz5 zainod-0.10.1[3031]:     at packages/zaino-serve/src/rpc/grpc/service.rs:161
1791661535.627790 runnervmmprz5 zainod-0.10.1[3031]:   19:45:35.627  INFO zaino_serve::rpc::grpc::service: [TEST] received call, method: "get_block"
1791661535.627790 runnervmmprz5 zainod-0.10.1[3031]:     at packages/zaino-serve/src/rpc/grpc/service.rs:161
1791661539.415019 runnervmmprz5 zainod-0.10.1[3031]:   19:45:39.414  INFO zaino_chain_store_zainodb::store::finalised_source::v1::write_core: write_blocks_to_height: syncing, current: 3347885, target: 4381896, zebra_network: Testnet
1791661539.415019 runnervmmprz5 zainod-0.10.1[3031]:     at packages/zaino-chain-store-zainodb/src/store/finalised_source/v1/write_core.rs:184
1791661540.623602 runnervmmprz5 zainod-0.10.1[3031]:   19:45:40.623  INFO zaino_serve::rpc::grpc::service: [TEST] received call, method: "get_lightd_info"
1791661540.623602 runnervmmprz5 zainod-0.10.1[3031]:     at packages/zaino-serve/src/rpc/grpc/service.rs:161
1791661540.628095 runnervmmprz5 zainod-0.10.1[3031]:   19:45:40.627  INFO zaino_serve::rpc::grpc::service: [TEST] received call, method: "get_block"
1791661540.628095 runnervmmprz5 zainod-0.10.1[3031]:     at packages/zaino-serve/src/rpc/grpc/service.rs:161
1791661540.628818 runnervmmprz5 zainod-0.10.1[3031]:   19:45:40.628  INFO zaino_serve::rpc::grpc::service: [TEST] received call, method: "get_block"
1791661540.628818 runnervmmprz5 zainod-0.10.1[3031]:     at packages/zaino-serve/src/rpc/grpc/service.rs:161
1791661543.754851 runnervmmprz5 zainod-0.10.1[3031]:   19:45:43.754  INFO zainodlib::indexer: Zaino status check, chain_state: Ready, fs_mode: ephemeral(syncing), json_rpc: Ready, grpc: Ready
1791661543.754851 runnervmmprz5 zainod-0.10.1[3031]:     at packages/zainod/src/indexer.rs:333
1791661545.621269 runnervmmprz5 zainod-0.10.1[3031]:   19:45:45.621  INFO zaino_serve::rpc::grpc::service: [TEST] received call, method: "get_lightd_info"
1791661545.621269 runnervmmprz5 zainod-0.10.1[3031]:     at packages/zaino-serve/src/rpc/grpc/service.rs:161
1791661545.626823 runnervmmprz5 zainod-0.10.1[3031]:   19:45:45.626  INFO zaino_serve::rpc::grpc::service: [TEST] received call, method: "get_block"
1791661545.626823 runnervmmprz5 zainod-0.10.1[3031]:     at packages/zaino-serve/src/rpc/grpc/service.rs:161
1791661545.627998 runnervmmprz5 zainod-0.10.1[3031]:   19:45:45.627  INFO zaino_serve::rpc::grpc::service: [TEST] received call, method: "get_block"
1791661545.627998 runnervmmprz5 zainod-0.10.1[3031]:     at packages/zaino-serve/src/rpc/grpc/service.rs:161
1791661549.415945 runnervmmprz5 zainod-0.10.1[3031]:   19:45:49.415  INFO zaino_chain_store_zainodb::store::finalised_source::v1::write_core: write_blocks_to_height: syncing, current: 3385301, target: 4381896, zebra_network: Testnet
1791661549.415945 runnervmmprz5 zainod-0.10.1[3031]:     at packages/zaino-chain-store-zainodb/src/store/finalised_source/v1/write_core.rs:184
1791661550.624012 runnervmmprz5 zainod-0.10.1[3031]:   19:45:50.623  INFO zaino_serve::rpc::grpc::service: [TEST] received call, method: "get_lightd_info"
1791661550.624012 runnervmmprz5 zainod-0.10.1[3031]:     at packages/zaino-serve/src/rpc/grpc/service.rs:161
1791661550.628617 runnervmmprz5 zainod-0.10.1[3031]:   19:45:50.628  INFO zaino_serve::rpc::grpc::service: [TEST] received call, method: "get_block"
1791661550.628617 runnervmmprz5 zainod-0.10.1[3031]:     at packages/zaino-serve/src/rpc/grpc/service.rs:161
1791661550.629901 runnervmmprz5 zainod-0.10.1[3031]:   19:45:50.629  INFO zaino_serve::rpc::grpc::service: [TEST] received call, method: "get_block"
1791661550.629901 runnervmmprz5 zainod-0.10.1[3031]:     at packages/zaino-serve/src/rpc/grpc/service.rs:161
1791661553.646292 runnervmmprz5 zainod-0.10.1[3031]:   19:45:53.646  INFO zaino_chain_store_zainodb::store::finalised_source::v1::write_core: write_blocks_to_height: committed batch, height: 3299999, blocks: 100000
1791661553.646292 runnervmmprz5 zainod-0.10.1[3031]:     at packages/zaino-chain-store-zainodb/src/store/finalised_source/v1/write_core.rs:636
1791661553.755497 runnervmmprz5 zainod-0.10.1[3031]:   19:45:53.755  INFO zainodlib::indexer: Zaino status check, chain_state: Ready, fs_mode: ephemeral(syncing), json_rpc: Ready, grpc: Ready
1791661553.755497 runnervmmprz5 zainod-0.10.1[3031]:     at packages/zainod/src/indexer.rs:333
1791661555.627988 runnervmmprz5 zainod-0.10.1[3031]:   19:45:55.627  INFO zaino_serve::rpc::grpc::service: [TEST] received call, method: "get_lightd_info"
1791661555.627988 runnervmmprz5 zainod-0.10.1[3031]:     at packages/zaino-serve/src/rpc/grpc/service.rs:161
1791661555.632729 runnervmmprz5 zainod-0.10.1[3031]:   19:45:55.632  INFO zaino_serve::rpc::grpc::service: [TEST] received call, method: "get_block"
1791661555.632729 runnervmmprz5 zainod-0.10.1[3031]:     at packages/zaino-serve/src/rpc/grpc/service.rs:161
1791661555.633768 runnervmmprz5 zainod-0.10.1[3031]:   19:45:55.633  INFO zaino_serve::rpc::grpc::service: [TEST] received call, method: "get_block"
1791661555.633768 runnervmmprz5 zainod-0.10.1[3031]:     at packages/zaino-serve/src/rpc/grpc/service.rs:161
1791661559.416869 runnervmmprz5 zainod-0.10.1[3031]:   19:45:59.416  INFO zaino_chain_store_zainodb::store::finalised_source::v1::write_core: write_blocks_to_height: syncing, current: 3413124, target: 4381896, zebra_network: Testnet
1791661559.416869 runnervmmprz5 zainod-0.10.1[3031]:     at packages/zaino-chain-store-zainodb/src/store/finalised_source/v1/write_core.rs:184
1791661560.620596 runnervmmprz5 zainod-0.10.1[3031]:   19:46:00.620  INFO zaino_serve::rpc::grpc::service: [TEST] received call, method: "get_lightd_info"
1791661560.620596 runnervmmprz5 zainod-0.10.1[3031]:     at packages/zaino-serve/src/rpc/grpc/service.rs:161
1791661560.629432 runnervmmprz5 zainod-0.10.1[3031]:   19:46:00.629  INFO zaino_serve::rpc::grpc::service: [TEST] received call, method: "get_block"
1791661560.629432 runnervmmprz5 zainod-0.10.1[3031]:     at packages/zaino-serve/src/rpc/grpc/service.rs:161
1791661560.630220 runnervmmprz5 zainod-0.10.1[3031]:   19:46:00.630  INFO zaino_serve::rpc::grpc::service: [TEST] received call, method: "get_block"
1791661560.630220 runnervmmprz5 zainod-0.10.1[3031]:     at packages/zaino-serve/src/rpc/grpc/service.rs:161
1791661563.854875 runnervmmprz5 zainod-0.10.1[3031]:   19:46:03.854  INFO zainodlib::indexer: Zaino status check, chain_state: Ready, fs_mode: ephemeral(syncing), json_rpc: Ready, grpc: Ready
1791661563.854875 runnervmmprz5 zainod-0.10.1[3031]:     at packages/zainod/src/indexer.rs:333
1791661565.634426 runnervmmprz5 zainod-0.10.1[3031]:   19:46:05.634  INFO zaino_serve::rpc::grpc::service: [TEST] received call, method: "get_lightd_info"
1791661565.634426 runnervmmprz5 zainod-0.10.1[3031]:     at packages/zaino-serve/src/rpc/grpc/service.rs:161
1791661565.641314 runnervmmprz5 zainod-0.10.1[3031]:   19:46:05.641  INFO zaino_serve::rpc::grpc::service: [TEST] received call, method: "get_block"
1791661565.641314 runnervmmprz5 zainod-0.10.1[3031]:     at packages/zaino-serve/src/rpc/grpc/service.rs:161
1791661565.643026 runnervmmprz5 zainod-0.10.1[3031]:   19:46:05.642  INFO zaino_serve::rpc::grpc::service: [TEST] received call, method: "get_block"
1791661565.643026 runnervmmprz5 zainod-0.10.1[3031]:     at packages/zaino-serve/src/rpc/grpc/service.rs:161
1791661569.418450 runnervmmprz5 zainod-0.10.1[3031]:   19:46:09.418  INFO zaino_chain_store_zainodb::store::finalised_source::v1::write_core: write_blocks_to_height: syncing, current: 3444888, target: 4381896, zebra_network: Testnet
1791661569.418450 runnervmmprz5 zainod-0.10.1[3031]:     at packages/zaino-chain-store-zainodb/src/store/finalised_source/v1/write_core.rs:184
1791661570.626463 runnervmmprz5 zainod-0.10.1[3031]:   19:46:10.626  INFO zaino_serve::rpc::grpc::service: [TEST] received call, method: "get_lightd_info"
1791661570.626463 runnervmmprz5 zainod-0.10.1[3031]:     at packages/zaino-serve/src/rpc/grpc/service.rs:161
1791661570.631836 runnervmmprz5 zainod-0.10.1[3031]:   19:46:10.631  INFO zaino_serve::rpc::grpc::service: [TEST] received call, method: "get_block"
1791661570.631836 runnervmmprz5 zainod-0.10.1[3031]:     at packages/zaino-serve/src/rpc/grpc/service.rs:161
1791661570.632677 runnervmmprz5 zainod-0.10.1[3031]:   19:46:10.632  INFO zaino_serve::rpc::grpc::service: [TEST] received call, method: "get_block"
1791661570.632677 runnervmmprz5 zainod-0.10.1[3031]:     at packages/zaino-serve/src/rpc/grpc/service.rs:161
1791661573.955415 runnervmmprz5 zainod-0.10.1[3031]:   19:46:13.955  INFO zainodlib::indexer: Zaino status check, chain_state: Ready, fs_mode: ephemeral(syncing), json_rpc: Ready, grpc: Ready
1791661573.955415 runnervmmprz5 zainod-0.10.1[3031]:     at packages/zainod/src/indexer.rs:333
1791661575.625506 runnervmmprz5 zainod-0.10.1[3031]:   19:46:15.625  INFO zaino_serve::rpc::grpc::service: [TEST] received call, method: "get_lightd_info"
1791661575.625506 runnervmmprz5 zainod-0.10.1[3031]:     at packages/zaino-serve/src/rpc/grpc/service.rs:161
1791661575.629890 runnervmmprz5 zainod-0.10.1[3031]:   19:46:15.629  INFO zaino_serve::rpc::grpc::service: [TEST] received call, method: "get_block"
1791661575.629890 runnervmmprz5 zainod-0.10.1[3031]:     at packages/zaino-serve/src/rpc/grpc/service.rs:161
1791661575.631068 runnervmmprz5 zainod-0.10.1[3031]:   19:46:15.631  INFO zaino_serve::rpc::grpc::service: [TEST] received call, method: "get_block"
1791661575.631068 runnervmmprz5 zainod-0.10.1[3031]:     at packages/zaino-serve/src/rpc/grpc/service.rs:161
1791661579.419061 runnervmmprz5 zainod-0.10.1[3031]:   19:46:19.419  INFO zaino_chain_store_zainodb::store::finalised_source::v1::write_core: write_blocks_to_height: syncing, current: 3495564, target: 4381896, zebra_network: Testnet
1791661579.419061 runnervmmprz5 zainod-0.10.1[3031]:     at packages/zaino-chain-store-zainodb/src/store/finalised_source/v1/write_core.rs:184
1791661580.352251 runnervmmprz5 zainod-0.10.1[3031]:   19:46:20.352  INFO zaino_chain_store_zainodb::store::finalised_source::v1::write_core: write_blocks_to_height: committed batch, height: 3399999, blocks: 100000
1791661580.352251 runnervmmprz5 zainod-0.10.1[3031]:     at packages/zaino-chain-store-zainodb/src/store/finalised_source/v1/write_core.rs:636
1791661580.630137 runnervmmprz5 zainod-0.10.1[3031]:   19:46:20.630  INFO zaino_serve::rpc::grpc::service: [TEST] received call, method: "get_lightd_info"
1791661580.630137 runnervmmprz5 zainod-0.10.1[3031]:     at packages/zaino-serve/src/rpc/grpc/service.rs:161
1791661580.635140 runnervmmprz5 zainod-0.10.1[3031]:   19:46:20.635  INFO zaino_serve::rpc::grpc::service: [TEST] received call, method: "get_block"
1791661580.635140 runnervmmprz5 zainod-0.10.1[3031]:     at packages/zaino-serve/src/rpc/grpc/service.rs:161
1791661580.636368 runnervmmprz5 zainod-0.10.1[3031]:   19:46:20.636  INFO zaino_serve::rpc::grpc::service: [TEST] received call, method: "get_block"
1791661580.636368 runnervmmprz5 zainod-0.10.1[3031]:     at packages/zaino-serve/src/rpc/grpc/service.rs:161
1791661584.054825 runnervmmprz5 zainod-0.10.1[3031]:   19:46:24.054  INFO zainodlib::indexer: Zaino status check, chain_state: Ready, fs_mode: ephemeral(syncing), json_rpc: Ready, grpc: Ready
1791661584.054825 runnervmmprz5 zainod-0.10.1[3031]:     at packages/zainod/src/indexer.rs:333
1791661585.621476 runnervmmprz5 zainod-0.10.1[3031]:   19:46:25.621  INFO zaino_serve::rpc::grpc::service: [TEST] received call, method: "get_lightd_info"
1791661585.621476 runnervmmprz5 zainod-0.10.1[3031]:     at packages/zaino-serve/src/rpc/grpc/service.rs:161
1791661585.631247 runnervmmprz5 zainod-0.10.1[3031]:   19:46:25.631  INFO zaino_serve::rpc::grpc::service: [TEST] received call, method: "get_block"
1791661585.631247 runnervmmprz5 zainod-0.10.1[3031]:     at packages/zaino-serve/src/rpc/grpc/service.rs:161
1791661585.632676 runnervmmprz5 zainod-0.10.1[3031]:   19:46:25.632  INFO zaino_serve::rpc::grpc::service: [TEST] received call, method: "get_block"
1791661585.632676 runnervmmprz5 zainod-0.10.1[3031]:     at packages/zaino-serve/src/rpc/grpc/service.rs:161
1791661589.423528 runnervmmprz5 zainod-0.10.1[3031]:   19:46:29.423  INFO zaino_chain_store_zainodb::store::finalised_source::v1::write_core: write_blocks_to_height: syncing, current: 3512683, target: 4381896, zebra_network: Testnet
1791661589.423528 runnervmmprz5 zainod-0.10.1[3031]:     at packages/zaino-chain-store-zainodb/src/store/finalised_source/v1/write_core.rs:184
1791661590.629705 runnervmmprz5 zainod-0.10.1[3031]:   19:46:30.629  INFO zaino_serve::rpc::grpc::service: [TEST] received call, method: "get_lightd_info"
1791661590.629705 runnervmmprz5 zainod-0.10.1[3031]:     at packages/zaino-serve/src/rpc/grpc/service.rs:161
1791661590.635277 runnervmmprz5 zainod-0.10.1[3031]:   19:46:30.635  INFO zaino_serve::rpc::grpc::service: [TEST] received call, method: "get_block"
1791661590.635277 runnervmmprz5 zainod-0.10.1[3031]:     at packages/zaino-serve/src/rpc/grpc/service.rs:161
1791661590.636591 runnervmmprz5 zainod-0.10.1[3031]:   19:46:30.636  INFO zaino_serve::rpc::grpc::service: [TEST] received call, method: "get_block"
1791661590.636591 runnervmmprz5 zainod-0.10.1[3031]:     at packages/zaino-serve/src/rpc/grpc/service.rs:161
1791661594.055329 runnervmmprz5 zainod-0.10.1[3031]:   19:46:34.055  INFO zainodlib::indexer: Zaino status check, chain_state: Ready, fs_mode: ephemeral(syncing), json_rpc: Ready, grpc: Ready
1791661594.055329 runnervmmprz5 zainod-0.10.1[3031]:     at packages/zainod/src/indexer.rs:333
1791661595.626356 runnervmmprz5 zainod-0.10.1[3031]:   19:46:35.626  INFO zaino_serve::rpc::grpc::service: [TEST] received call, method: "get_lightd_info"
1791661595.626356 runnervmmprz5 zainod-0.10.1[3031]:     at packages/zaino-serve/src/rpc/grpc/service.rs:161
1791661595.632473 runnervmmprz5 zainod-0.10.1[3031]:   19:46:35.632  INFO zaino_serve::rpc::grpc::service: [TEST] received call, method: "get_block"
1791661595.632473 runnervmmprz5 zainod-0.10.1[3031]:     at packages/zaino-serve/src/rpc/grpc/service.rs:161
1791661595.633573 runnervmmprz5 zainod-0.10.1[3031]:   19:46:35.633  INFO zaino_serve::rpc::grpc::service: [TEST] received call, method: "get_block"
1791661595.633573 runnervmmprz5 zainod-0.10.1[3031]:     at packages/zaino-serve/src/rpc/grpc/service.rs:161
1791661599.424335 runnervmmprz5 zainod-0.10.1[3031]:   19:46:39.424  INFO zaino_chain_store_zainodb::store::finalised_source::v1::write_core: write_blocks_to_height: syncing, current: 3548119, target: 4381896, zebra_network: Testnet
1791661599.424335 runnervmmprz5 zainod-0.10.1[3031]:     at packages/zaino-chain-store-zainodb/src/store/finalised_source/v1/write_core.rs:184
1791661600.629203 runnervmmprz5 zainod-0.10.1[3031]:   19:46:40.629  INFO zaino_serve::rpc::grpc::service: [TEST] received call, method: "get_lightd_info"
1791661600.629203 runnervmmprz5 zainod-0.10.1[3031]:     at packages/zaino-serve/src/rpc/grpc/service.rs:161
1791661600.634853 runnervmmprz5 zainod-0.10.1[3031]:   19:46:40.634  INFO zaino_serve::rpc::grpc::service: [TEST] received call, method: "get_block"
1791661600.634853 runnervmmprz5 zainod-0.10.1[3031]:     at packages/zaino-serve/src/rpc/grpc/service.rs:161
1791661600.635784 runnervmmprz5 zainod-0.10.1[3031]:   19:46:40.635  INFO zaino_serve::rpc::grpc::service: [TEST] received call, method: "get_block"
1791661600.635784 runnervmmprz5 zainod-0.10.1[3031]:     at packages/zaino-serve/src/rpc/grpc/service.rs:161
1791661604.154891 runnervmmprz5 zainod-0.10.1[3031]:   19:46:44.154  INFO zainodlib::indexer: Zaino status check, chain_state: Ready, fs_mode: ephemeral(syncing), json_rpc: Ready, grpc: Ready
1791661604.154891 runnervmmprz5 zainod-0.10.1[3031]:     at packages/zainod/src/indexer.rs:333
1791661605.627922 runnervmmprz5 zainod-0.10.1[3031]:   19:46:45.627  INFO zaino_serve::rpc::grpc::service: [TEST] received call, method: "get_lightd_info"
1791661605.627922 runnervmmprz5 zainod-0.10.1[3031]:     at packages/zaino-serve/src/rpc/grpc/service.rs:161
1791661605.632807 runnervmmprz5 zainod-0.10.1[3031]:   19:46:45.632  INFO zaino_serve::rpc::grpc::service: [TEST] received call, method: "get_block"
1791661605.632807 runnervmmprz5 zainod-0.10.1[3031]:     at packages/zaino-serve/src/rpc/grpc/service.rs:161
1791661605.633757 runnervmmprz5 zainod-0.10.1[3031]:   19:46:45.633  INFO zaino_serve::rpc::grpc::service: [TEST] received call, method: "get_block"
1791661605.633757 runnervmmprz5 zainod-0.10.1[3031]:     at packages/zaino-serve/src/rpc/grpc/service.rs:161
1791661609.425445 runnervmmprz5 zainod-0.10.1[3031]:   19:46:49.425  INFO zaino_chain_store_zainodb::store::finalised_source::v1::write_core: write_blocks_to_height: syncing, current: 3569728, target: 4381896, zebra_network: Testnet
1791661609.425445 runnervmmprz5 zainod-0.10.1[3031]:     at packages/zaino-chain-store-zainodb/src/store/finalised_source/v1/write_core.rs:184
1791661610.637555 runnervmmprz5 zainod-0.10.1[3031]:   19:46:50.637  INFO zaino_serve::rpc::grpc::service: [TEST] received call, method: "get_lightd_info"
1791661610.637555 runnervmmprz5 zainod-0.10.1[3031]:     at packages/zaino-serve/src/rpc/grpc/service.rs:161
1791661610.643734 runnervmmprz5 zainod-0.10.1[3031]:   19:46:50.643  INFO zaino_serve::rpc::grpc::service: [TEST] received call, method: "get_block"
1791661610.643734 runnervmmprz5 zainod-0.10.1[3031]:     at packages/zaino-serve/src/rpc/grpc/service.rs:161
1791661610.644834 runnervmmprz5 zainod-0.10.1[3031]:   19:46:50.644  INFO zaino_serve::rpc::grpc::service: [TEST] received call, method: "get_block"
1791661610.644834 runnervmmprz5 zainod-0.10.1[3031]:     at packages/zaino-serve/src/rpc/grpc/service.rs:161
1791661614.155189 runnervmmprz5 zainod-0.10.1[3031]:   19:46:54.155  INFO zainodlib::indexer: Zaino status check, chain_state: Ready, fs_mode: ephemeral(syncing), json_rpc: Ready, grpc: Ready
1791661614.155189 runnervmmprz5 zainod-0.10.1[3031]:     at packages/zainod/src/indexer.rs:333
1791661615.629751 runnervmmprz5 zainod-0.10.1[3031]:   19:46:55.629  INFO zaino_serve::rpc::grpc::service: [TEST] received call, method: "get_lightd_info"
1791661615.629751 runnervmmprz5 zainod-0.10.1[3031]:     at packages/zaino-serve/src/rpc/grpc/service.rs:161
1791661615.638391 runnervmmprz5 zainod-0.10.1[3031]:   19:46:55.638  INFO zaino_serve::rpc::grpc::service: [TEST] received call, method: "get_block"
1791661615.638391 runnervmmprz5 zainod-0.10.1[3031]:     at packages/zaino-serve/src/rpc/grpc/service.rs:161
1791661615.640590 runnervmmprz5 zainod-0.10.1[3031]:   19:46:55.640  INFO zaino_serve::rpc::grpc::service: [TEST] received call, method: "get_block"
1791661615.640590 runnervmmprz5 zainod-0.10.1[3031]:     at packages/zaino-serve/src/rpc/grpc/service.rs:161
1791661619.425854 runnervmmprz5 zainod-0.10.1[3031]:   19:46:59.425  INFO zaino_chain_store_zainodb::store::finalised_source::v1::write_core: write_blocks_to_height: syncing, current: 3588043, target: 4381896, zebra_network: Testnet
1791661619.425854 runnervmmprz5 zainod-0.10.1[3031]:     at packages/zaino-chain-store-zainodb/src/store/finalised_source/v1/write_core.rs:184
1791661620.635506 runnervmmprz5 zainod-0.10.1[3031]:   19:47:00.635  INFO zaino_serve::rpc::grpc::service: [TEST] received call, method: "get_lightd_info"
1791661620.635506 runnervmmprz5 zainod-0.10.1[3031]:     at packages/zaino-serve/src/rpc/grpc/service.rs:161
1791661620.641554 runnervmmprz5 zainod-0.10.1[3031]:   19:47:00.641  INFO zaino_serve::rpc::grpc::service: [TEST] received call, method: "get_block"
1791661620.641554 runnervmmprz5 zainod-0.10.1[3031]:     at packages/zaino-serve/src/rpc/grpc/service.rs:161
1791661620.642445 runnervmmprz5 zainod-0.10.1[3031]:   19:47:00.642  INFO zaino_serve::rpc::grpc::service: [TEST] received call, method: "get_block"
1791661620.642445 runnervmmprz5 zainod-0.10.1[3031]:     at packages/zaino-serve/src/rpc/grpc/service.rs:161
1791661624.255695 runnervmmprz5 zainod-0.10.1[3031]:   19:47:04.255  INFO zainodlib::indexer: Zaino status check, chain_state: Ready, fs_mode: ephemeral(syncing), json_rpc: Ready, grpc: Ready
1791661624.255695 runnervmmprz5 zainod-0.10.1[3031]:     at packages/zainod/src/indexer.rs:333
1791661624.329836 runnervmmprz5 zainod-0.10.1[3031]:   19:47:04.329  INFO zaino_chain_store_zainodb::store::finalised_source::v1::write_core: write_blocks_to_height: committed batch, height: 3499999, blocks: 100000
1791661624.329836 runnervmmprz5 zainod-0.10.1[3031]:     at packages/zaino-chain-store-zainodb/src/store/finalised_source/v1/write_core.rs:636
1791661625.635079 runnervmmprz5 zainod-0.10.1[3031]:   19:47:05.635  INFO zaino_serve::rpc::grpc::service: [TEST] received call, method: "get_lightd_info"
1791661625.635079 runnervmmprz5 zainod-0.10.1[3031]:     at packages/zaino-serve/src/rpc/grpc/service.rs:161
1791661625.641892 runnervmmprz5 zainod-0.10.1[3031]:   19:47:05.641  INFO zaino_serve::rpc::grpc::service: [TEST] received call, method: "get_block"
1791661625.641892 runnervmmprz5 zainod-0.10.1[3031]:     at packages/zaino-serve/src/rpc/grpc/service.rs:161
1791661625.643308 runnervmmprz5 zainod-0.10.1[3031]:   19:47:05.643  INFO zaino_serve::rpc::grpc::service: [TEST] received call, method: "get_block"
1791661625.643308 runnervmmprz5 zainod-0.10.1[3031]:     at packages/zaino-serve/src/rpc/grpc/service.rs:161
1791661629.427487 runnervmmprz5 zainod-0.10.1[3031]:   19:47:09.427  INFO zaino_chain_store_zainodb::store::finalised_source::v1::write_core: write_blocks_to_height: syncing, current: 3608702, target: 4381896, zebra_network: Testnet
1791661629.427487 runnervmmprz5 zainod-0.10.1[3031]:     at packages/zaino-chain-store-zainodb/src/store/finalised_source/v1/write_core.rs:184
1791661630.630721 runnervmmprz5 zainod-0.10.1[3031]:   19:47:10.630  INFO zaino_serve::rpc::grpc::service: [TEST] received call, method: "get_lightd_info"
1791661630.630721 runnervmmprz5 zainod-0.10.1[3031]:     at packages/zaino-serve/src/rpc/grpc/service.rs:161
1791661630.634500 runnervmmprz5 zainod-0.10.1[3031]:   19:47:10.634  INFO zaino_serve::rpc::grpc::service: [TEST] received call, method: "get_block"
1791661630.634500 runnervmmprz5 zainod-0.10.1[3031]:     at packages/zaino-serve/src/rpc/grpc/service.rs:161
1791661630.635297 runnervmmprz5 zainod-0.10.1[3031]:   19:47:10.635  INFO zaino_serve::rpc::grpc::service: [TEST] received call, method: "get_block"
1791661630.635297 runnervmmprz5 zainod-0.10.1[3031]:     at packages/zaino-serve/src/rpc/grpc/service.rs:161
1791661637.124233 runnervmmprz5 zainod-0.10.1[3031]:   19:47:17.124  INFO zaino_serve::rpc::grpc::service: [TEST] received call, method: "get_lightd_info"
1791661637.124233 runnervmmprz5 zainod-0.10.1[3031]:     at packages/zaino-serve/src/rpc/grpc/service.rs:161
1791661637.125855 runnervmmprz5 zainod-0.10.1[3031]:   19:47:17.124  INFO zainodlib::indexer: Zaino status check, chain_state: Ready, fs_mode: ephemeral(syncing), json_rpc: Ready, grpc: Ready
1791661637.125855 runnervmmprz5 zainod-0.10.1[3031]:     at packages/zainod/src/indexer.rs:333
1791661637.130343 runnervmmprz5 zainod-0.10.1[3031]:   19:47:17.130  INFO zaino_serve::rpc::grpc::service: [TEST] received call, method: "get_block"
1791661637.130343 runnervmmprz5 zainod-0.10.1[3031]:     at packages/zaino-serve/src/rpc/grpc/service.rs:161
1791661637.131372 runnervmmprz5 zainod-0.10.1[3031]:   19:47:17.131  INFO zaino_serve::rpc::grpc::service: [TEST] received call, method: "get_block"
1791661637.131372 runnervmmprz5 zainod-0.10.1[3031]:     at packages/zaino-serve/src/rpc/grpc/service.rs:161
1791661639.428061 runnervmmprz5 zainod-0.10.1[3031]:   19:47:19.427  INFO zaino_chain_store_zainodb::store::finalised_source::v1::write_core: write_blocks_to_height: syncing, current: 3626702, target: 4381896, zebra_network: Testnet
1791661639.428061 runnervmmprz5 zainod-0.10.1[3031]:     at packages/zaino-chain-store-zainodb/src/store/finalised_source/v1/write_core.rs:184
1791661641.152199 runnervmmprz5 zainod-0.10.1[3031]:   19:47:21.152  INFO zaino_serve::rpc::grpc::service: [TEST] received call, method: "get_lightd_info"
1791661641.152199 runnervmmprz5 zainod-0.10.1[3031]:     at packages/zaino-serve/src/rpc/grpc/service.rs:161
1791661641.158322 runnervmmprz5 zainod-0.10.1[3031]:   19:47:21.158  INFO zaino_serve::rpc::grpc::service: [TEST] received call, method: "get_block"
1791661641.158322 runnervmmprz5 zainod-0.10.1[3031]:     at packages/zaino-serve/src/rpc/grpc/service.rs:161
1791661641.159383 runnervmmprz5 zainod-0.10.1[3031]:   19:47:21.159  INFO zaino_serve::rpc::grpc::service: [TEST] received call, method: "get_block"
1791661641.159383 runnervmmprz5 zainod-0.10.1[3031]:     at packages/zaino-serve/src/rpc/grpc/service.rs:161
1791661646.150951 runnervmmprz5 zainod-0.10.1[3031]:   19:47:26.150  INFO zaino_serve::rpc::grpc::service: [TEST] received call, method: "get_lightd_info"
1791661646.150951 runnervmmprz5 zainod-0.10.1[3031]:     at packages/zaino-serve/src/rpc/grpc/service.rs:161
1791661646.156379 runnervmmprz5 zainod-0.10.1[3031]:   19:47:26.156  INFO zaino_serve::rpc::grpc::service: [TEST] received call, method: "get_block"
1791661646.156379 runnervmmprz5 zainod-0.10.1[3031]:     at packages/zaino-serve/src/rpc/grpc/service.rs:161
1791661646.157625 runnervmmprz5 zainod-0.10.1[3031]:   19:47:26.157  INFO zaino_serve::rpc::grpc::service: [TEST] received call, method: "get_block"
1791661646.157625 runnervmmprz5 zainod-0.10.1[3031]:     at packages/zaino-serve/src/rpc/grpc/service.rs:161
1791661647.155388 runnervmmprz5 zainod-0.10.1[3031]:   19:47:27.155  INFO zainodlib::indexer: Zaino status check, chain_state: Ready, fs_mode: ephemeral(syncing), json_rpc: Ready, grpc: Ready
1791661647.155388 runnervmmprz5 zainod-0.10.1[3031]:     at packages/zainod/src/indexer.rs:333
1791661649.428787 runnervmmprz5 zainod-0.10.1[3031]:   19:47:29.428  INFO zaino_chain_store_zainodb::store::finalised_source::v1::write_core: write_blocks_to_height: syncing, current: 3662537, target: 4381896, zebra_network: Testnet
1791661649.428787 runnervmmprz5 zainod-0.10.1[3031]:     at packages/zaino-chain-store-zainodb/src/store/finalised_source/v1/write_core.rs:184
1791661651.155080 runnervmmprz5 zainod-0.10.1[3031]:   19:47:31.155  INFO zaino_serve::rpc::grpc::service: [TEST] received call, method: "get_lightd_info"
1791661651.155080 runnervmmprz5 zainod-0.10.1[3031]:     at packages/zaino-serve/src/rpc/grpc/service.rs:161
1791661651.160294 runnervmmprz5 zainod-0.10.1[3031]:   19:47:31.160  INFO zaino_serve::rpc::grpc::service: [TEST] received call, method: "get_block"
1791661651.160294 runnervmmprz5 zainod-0.10.1[3031]:     at packages/zaino-serve/src/rpc/grpc/service.rs:161
1791661651.161321 runnervmmprz5 zainod-0.10.1[3031]:   19:47:31.161  INFO zaino_serve::rpc::grpc::service: [TEST] received call, method: "get_block"
1791661651.161321 runnervmmprz5 zainod-0.10.1[3031]:     at packages/zaino-serve/src/rpc/grpc/service.rs:161
1791661656.151192 runnervmmprz5 zainod-0.10.1[3031]:   19:47:36.151  INFO zaino_serve::rpc::grpc::service: [TEST] received call, method: "get_lightd_info"
1791661656.151192 runnervmmprz5 zainod-0.10.1[3031]:     at packages/zaino-serve/src/rpc/grpc/service.rs:161
1791661656.156769 runnervmmprz5 zainod-0.10.1[3031]:   19:47:36.156  INFO zaino_serve::rpc::grpc::service: [TEST] received call, method: "get_block"
1791661656.156769 runnervmmprz5 zainod-0.10.1[3031]:     at packages/zaino-serve/src/rpc/grpc/service.rs:161
1791661656.157828 runnervmmprz5 zainod-0.10.1[3031]:   19:47:36.157  INFO zaino_serve::rpc::grpc::service: [TEST] received call, method: "get_block"
1791661656.157828 runnervmmprz5 zainod-0.10.1[3031]:     at packages/zaino-serve/src/rpc/grpc/service.rs:161
1791661657.254934 runnervmmprz5 zainod-0.10.1[3031]:   19:47:37.254  INFO zainodlib::indexer: Zaino status check, chain_state: Ready, fs_mode: ephemeral(syncing), json_rpc: Ready, grpc: Ready
1791661657.254934 runnervmmprz5 zainod-0.10.1[3031]:     at packages/zainod/src/indexer.rs:333
1791661659.429241 runnervmmprz5 zainod-0.10.1[3031]:   19:47:39.429  INFO zaino_chain_store_zainodb::store::finalised_source::v1::write_core: write_blocks_to_height: syncing, current: 3696170, target: 4381896, zebra_network: Testnet
1791661659.429241 runnervmmprz5 zainod-0.10.1[3031]:     at packages/zaino-chain-store-zainodb/src/store/finalised_source/v1/write_core.rs:184
1791661660.443712 runnervmmprz5 zainod-0.10.1[3031]:   19:47:40.443  INFO zaino_chain_store_zainodb::store::finalised_source::v1::write_core: write_blocks_to_height: committed batch, height: 3599999, blocks: 100000
1791661660.443712 runnervmmprz5 zainod-0.10.1[3031]:     at packages/zaino-chain-store-zainodb/src/store/finalised_source/v1/write_core.rs:636
1791661661.159747 runnervmmprz5 zainod-0.10.1[3031]:   19:47:41.159  INFO zaino_serve::rpc::grpc::service: [TEST] received call, method: "get_lightd_info"
1791661661.159747 runnervmmprz5 zainod-0.10.1[3031]:     at packages/zaino-serve/src/rpc/grpc/service.rs:161
1791661661.164724 runnervmmprz5 zainod-0.10.1[3031]:   19:47:41.164  INFO zaino_serve::rpc::grpc::service: [TEST] received call, method: "get_block"
1791661661.164724 runnervmmprz5 zainod-0.10.1[3031]:     at packages/zaino-serve/src/rpc/grpc/service.rs:161
1791661661.166182 runnervmmprz5 zainod-0.10.1[3031]:   19:47:41.166  INFO zaino_serve::rpc::grpc::service: [TEST] received call, method: "get_block"
1791661661.166182 runnervmmprz5 zainod-0.10.1[3031]:     at packages/zaino-serve/src/rpc/grpc/service.rs:161
1791661666.148273 runnervmmprz5 zainod-0.10.1[3031]:   19:47:46.148  INFO zaino_serve::rpc::grpc::service: [TEST] received call, method: "get_lightd_info"
1791661666.148273 runnervmmprz5 zainod-0.10.1[3031]:     at packages/zaino-serve/src/rpc/grpc/service.rs:161
1791661666.152337 runnervmmprz5 zainod-0.10.1[3031]:   19:47:46.152  INFO zaino_serve::rpc::grpc::service: [TEST] received call, method: "get_block"
1791661666.152337 runnervmmprz5 zainod-0.10.1[3031]:     at packages/zaino-serve/src/rpc/grpc/service.rs:161
1791661666.153183 runnervmmprz5 zainod-0.10.1[3031]:   19:47:46.153  INFO zaino_serve::rpc::grpc::service: [TEST] received call, method: "get_block"
1791661666.153183 runnervmmprz5 zainod-0.10.1[3031]:     at packages/zaino-serve/src/rpc/grpc/service.rs:161
1791661667.255352 runnervmmprz5 zainod-0.10.1[3031]:   19:47:47.255  INFO zainodlib::indexer: Zaino status check, chain_state: Ready, fs_mode: ephemeral(syncing), json_rpc: Ready, grpc: Ready
1791661667.255352 runnervmmprz5 zainod-0.10.1[3031]:     at packages/zainod/src/indexer.rs:333
1791661669.469449 runnervmmprz5 zainod-0.10.1[3031]:   19:47:49.469  INFO zaino_chain_store_zainodb::store::finalised_source::v1::write_core: write_blocks_to_height: syncing, current: 3709617, target: 4381896, zebra_network: Testnet
1791661669.469449 runnervmmprz5 zainod-0.10.1[3031]:     at packages/zaino-chain-store-zainodb/src/store/finalised_source/v1/write_core.rs:184
1791661673.183332 runnervmmprz5 zainod-0.10.1[3031]:   19:47:53.183  INFO zaino_serve::rpc::grpc::service: [TEST] received call, method: "get_block"
1791661673.183332 runnervmmprz5 zainod-0.10.1[3031]:     at packages/zaino-serve/src/rpc/grpc/service.rs:161
1791661673.183975 runnervmmprz5 zainod-0.10.1[3031]:   19:47:53.183  INFO zaino_serve::rpc::grpc::service: [TEST] received call, method: "get_lightd_info"
1791661673.183975 runnervmmprz5 zainod-0.10.1[3031]:     at packages/zaino-serve/src/rpc/grpc/service.rs:161
1791661673.185494 runnervmmprz5 zainod-0.10.1[3031]:   19:47:53.185  INFO zaino_serve::rpc::grpc::service: [TEST] received call, method: "get_block"
1791661673.185494 runnervmmprz5 zainod-0.10.1[3031]:     at packages/zaino-serve/src/rpc/grpc/service.rs:161
1791661676.312874 runnervmmprz5 zainod-0.10.1[3031]:   19:47:56.312  INFO zaino_serve::rpc::grpc::service: [TEST] received call, method: "get_lightd_info"
1791661676.312874 runnervmmprz5 zainod-0.10.1[3031]:     at packages/zaino-serve/src/rpc/grpc/service.rs:161
1791661676.318868 runnervmmprz5 zainod-0.10.1[3031]:   19:47:56.318  INFO zaino_serve::rpc::grpc::service: [TEST] received call, method: "get_block"
1791661676.318868 runnervmmprz5 zainod-0.10.1[3031]:     at packages/zaino-serve/src/rpc/grpc/service.rs:161
1791661676.319822 runnervmmprz5 zainod-0.10.1[3031]:   19:47:56.319  INFO zaino_serve::rpc::grpc::service: [TEST] received call, method: "get_block"
1791661676.319822 runnervmmprz5 zainod-0.10.1[3031]:     at packages/zaino-serve/src/rpc/grpc/service.rs:161
1791661677.255469 runnervmmprz5 zainod-0.10.1[3031]:   19:47:57.255  INFO zainodlib::indexer: Zaino status check, chain_state: Ready, fs_mode: ephemeral(syncing), json_rpc: Ready, grpc: Ready
1791661677.255469 runnervmmprz5 zainod-0.10.1[3031]:     at packages/zainod/src/indexer.rs:333
1791661679.470412 runnervmmprz5 zainod-0.10.1[3031]:   19:47:59.470  INFO zaino_chain_store_zainodb::store::finalised_source::v1::write_core: write_blocks_to_height: syncing, current: 3733698, target: 4381896, zebra_network: Testnet
1791661679.470412 runnervmmprz5 zainod-0.10.1[3031]:     at packages/zaino-chain-store-zainodb/src/store/finalised_source/v1/write_core.rs:184
1791661681.318557 runnervmmprz5 zainod-0.10.1[3031]:   19:48:01.318  INFO zaino_serve::rpc::grpc::service: [TEST] received call, method: "get_lightd_info"
1791661681.318557 runnervmmprz5 zainod-0.10.1[3031]:     at packages/zaino-serve/src/rpc/grpc/service.rs:161
1791661681.323660 runnervmmprz5 zainod-0.10.1[3031]:   19:48:01.323  INFO zaino_serve::rpc::grpc::service: [TEST] received call, method: "get_block"
1791661681.323660 runnervmmprz5 zainod-0.10.1[3031]:     at packages/zaino-serve/src/rpc/grpc/service.rs:161
1791661681.324639 runnervmmprz5 zainod-0.10.1[3031]:   19:48:01.324  INFO zaino_serve::rpc::grpc::service: [TEST] received call, method: "get_block"
1791661681.324639 runnervmmprz5 zainod-0.10.1[3031]:     at packages/zaino-serve/src/rpc/grpc/service.rs:161
1791661686.318225 runnervmmprz5 zainod-0.10.1[3031]:   19:48:06.318  INFO zaino_serve::rpc::grpc::service: [TEST] received call, method: "get_lightd_info"
1791661686.318225 runnervmmprz5 zainod-0.10.1[3031]:     at packages/zaino-serve/src/rpc/grpc/service.rs:161
1791661686.324345 runnervmmprz5 zainod-0.10.1[3031]:   19:48:06.324  INFO zaino_serve::rpc::grpc::service: [TEST] received call, method: "get_block"
1791661686.324345 runnervmmprz5 zainod-0.10.1[3031]:     at packages/zaino-serve/src/rpc/grpc/service.rs:161
1791661686.325404 runnervmmprz5 zainod-0.10.1[3031]:   19:48:06.325  INFO zaino_serve::rpc::grpc::service: [TEST] received call, method: "get_block"
1791661686.325404 runnervmmprz5 zainod-0.10.1[3031]:     at packages/zaino-serve/src/rpc/grpc/service.rs:161
1791661687.255664 runnervmmprz5 zainod-0.10.1[3031]:   19:48:07.255  INFO zainodlib::indexer: Zaino status check, chain_state: Ready, fs_mode: ephemeral(syncing), json_rpc: Ready, grpc: Ready
1791661687.255664 runnervmmprz5 zainod-0.10.1[3031]:     at packages/zainod/src/indexer.rs:333
1791661689.471040 runnervmmprz5 zainod-0.10.1[3031]:   19:48:09.470  INFO zaino_chain_store_zainodb::store::finalised_source::v1::write_core: write_blocks_to_height: syncing, current: 3762279, target: 4381896, zebra_network: Testnet
1791661689.471040 runnervmmprz5 zainod-0.10.1[3031]:     at packages/zaino-chain-store-zainodb/src/store/finalised_source/v1/write_core.rs:184
1791661691.319249 runnervmmprz5 zainod-0.10.1[3031]:   19:48:11.319  INFO zaino_serve::rpc::grpc::service: [TEST] received call, method: "get_lightd_info"
1791661691.319249 runnervmmprz5 zainod-0.10.1[3031]:     at packages/zaino-serve/src/rpc/grpc/service.rs:161
1791661691.324683 runnervmmprz5 zainod-0.10.1[3031]:   19:48:11.324  INFO zaino_serve::rpc::grpc::service: [TEST] received call, method: "get_block"
1791661691.324683 runnervmmprz5 zainod-0.10.1[3031]:     at packages/zaino-serve/src/rpc/grpc/service.rs:161
1791661691.325795 runnervmmprz5 zainod-0.10.1[3031]:   19:48:11.325  INFO zaino_serve::rpc::grpc::service: [TEST] received call, method: "get_block"
1791661691.325795 runnervmmprz5 zainod-0.10.1[3031]:     at packages/zaino-serve/src/rpc/grpc/service.rs:161
1791661696.317469 runnervmmprz5 zainod-0.10.1[3031]:   19:48:16.317  INFO zaino_serve::rpc::grpc::service: [TEST] received call, method: "get_lightd_info"
1791661696.317469 runnervmmprz5 zainod-0.10.1[3031]:     at packages/zaino-serve/src/rpc/grpc/service.rs:161
1791661696.323117 runnervmmprz5 zainod-0.10.1[3031]:   19:48:16.323  INFO zaino_serve::rpc::grpc::service: [TEST] received call, method: "get_block"
1791661696.323117 runnervmmprz5 zainod-0.10.1[3031]:     at packages/zaino-serve/src/rpc/grpc/service.rs:161
1791661696.324080 runnervmmprz5 zainod-0.10.1[3031]:   19:48:16.324  INFO zaino_serve::rpc::grpc::service: [TEST] received call, method: "get_block"
1791661696.324080 runnervmmprz5 zainod-0.10.1[3031]:     at packages/zaino-serve/src/rpc/grpc/service.rs:161
1791661697.354975 runnervmmprz5 zainod-0.10.1[3031]:   19:48:17.354  INFO zainodlib::indexer: Zaino status check, chain_state: Ready, fs_mode: ephemeral(syncing), json_rpc: Ready, grpc: Ready
1791661697.354975 runnervmmprz5 zainod-0.10.1[3031]:     at packages/zainod/src/indexer.rs:333
1791661699.472121 runnervmmprz5 zainod-0.10.1[3031]:   19:48:19.472  INFO zaino_chain_store_zainodb::store::finalised_source::v1::write_core: write_blocks_to_height: syncing, current: 3797403, target: 4381896, zebra_network: Testnet
1791661699.472121 runnervmmprz5 zainod-0.10.1[3031]:     at packages/zaino-chain-store-zainodb/src/store/finalised_source/v1/write_core.rs:184
1791661700.078962 runnervmmprz5 zainod-0.10.1[3031]:   19:48:20.078  INFO zaino_chain_store_zainodb::store::finalised_source::v1::write_core: write_blocks_to_height: committed batch, height: 3699999, blocks: 100000
1791661700.078962 runnervmmprz5 zainod-0.10.1[3031]:     at packages/zaino-chain-store-zainodb/src/store/finalised_source/v1/write_core.rs:636
1791661701.321635 runnervmmprz5 zainod-0.10.1[3031]:   19:48:21.321  INFO zaino_serve::rpc::grpc::service: [TEST] received call, method: "get_lightd_info"
1791661701.321635 runnervmmprz5 zainod-0.10.1[3031]:     at packages/zaino-serve/src/rpc/grpc/service.rs:161
1791661701.327662 runnervmmprz5 zainod-0.10.1[3031]:   19:48:21.327  INFO zaino_serve::rpc::grpc::service: [TEST] received call, method: "get_block"
1791661701.327662 runnervmmprz5 zainod-0.10.1[3031]:     at packages/zaino-serve/src/rpc/grpc/service.rs:161
1791661701.328733 runnervmmprz5 zainod-0.10.1[3031]:   19:48:21.328  INFO zaino_serve::rpc::grpc::service: [TEST] received call, method: "get_block"
1791661701.328733 runnervmmprz5 zainod-0.10.1[3031]:     at packages/zaino-serve/src/rpc/grpc/service.rs:161
1791661706.313233 runnervmmprz5 zainod-0.10.1[3031]:   19:48:26.313  INFO zaino_serve::rpc::grpc::service: [TEST] received call, method: "get_lightd_info"
1791661706.313233 runnervmmprz5 zainod-0.10.1[3031]:     at packages/zaino-serve/src/rpc/grpc/service.rs:161
1791661706.316974 runnervmmprz5 zainod-0.10.1[3031]:   19:48:26.316  INFO zaino_serve::rpc::grpc::service: [TEST] received call, method: "get_block"
1791661706.316974 runnervmmprz5 zainod-0.10.1[3031]:     at packages/zaino-serve/src/rpc/grpc/service.rs:161
1791661706.317730 runnervmmprz5 zainod-0.10.1[3031]:   19:48:26.317  INFO zaino_serve::rpc::grpc::service: [TEST] received call, method: "get_block"
1791661706.317730 runnervmmprz5 zainod-0.10.1[3031]:     at packages/zaino-serve/src/rpc/grpc/service.rs:161
1791661707.355591 runnervmmprz5 zainod-0.10.1[3031]:   19:48:27.355  INFO zainodlib::indexer: Zaino status check, chain_state: Ready, fs_mode: ephemeral(syncing), json_rpc: Ready, grpc: Ready
1791661707.355591 runnervmmprz5 zainod-0.10.1[3031]:     at packages/zainod/src/indexer.rs:333
1791661709.525977 runnervmmprz5 zainod-0.10.1[3031]:   19:48:29.525  INFO zaino_chain_store_zainodb::store::finalised_source::v1::write_core: write_blocks_to_height: syncing, current: 3813385, target: 4381896, zebra_network: Testnet
1791661709.525977 runnervmmprz5 zainod-0.10.1[3031]:     at packages/zaino-chain-store-zainodb/src/store/finalised_source/v1/write_core.rs:184
1791661712.556439 runnervmmprz5 zainod-0.10.1[3031]:   19:48:32.556  INFO zaino_serve::rpc::grpc::service: [TEST] received call, method: "get_lightd_info"
1791661712.556439 runnervmmprz5 zainod-0.10.1[3031]:     at packages/zaino-serve/src/rpc/grpc/service.rs:161
1791661712.561495 runnervmmprz5 zainod-0.10.1[3031]:   19:48:32.561  INFO zaino_serve::rpc::grpc::service: [TEST] received call, method: "get_block"
1791661712.561495 runnervmmprz5 zainod-0.10.1[3031]:     at packages/zaino-serve/src/rpc/grpc/service.rs:161
1791661712.562520 runnervmmprz5 zainod-0.10.1[3031]:   19:48:32.562  INFO zaino_serve::rpc::grpc::service: [TEST] received call, method: "get_block"
1791661712.562520 runnervmmprz5 zainod-0.10.1[3031]:     at packages/zaino-serve/src/rpc/grpc/service.rs:161
1791661716.800484 runnervmmprz5 zainod-0.10.1[3031]:   19:48:36.800  INFO zaino_serve::rpc::grpc::service: [TEST] received call, method: "get_lightd_info"
1791661716.800484 runnervmmprz5 zainod-0.10.1[3031]:     at packages/zaino-serve/src/rpc/grpc/service.rs:161
1791661716.805536 runnervmmprz5 zainod-0.10.1[3031]:   19:48:36.805  INFO zaino_serve::rpc::grpc::service: [TEST] received call, method: "get_block"
1791661716.805536 runnervmmprz5 zainod-0.10.1[3031]:     at packages/zaino-serve/src/rpc/grpc/service.rs:161
1791661716.806343 runnervmmprz5 zainod-0.10.1[3031]:   19:48:36.806  INFO zaino_serve::rpc::grpc::service: [TEST] received call, method: "get_block"
1791661716.806343 runnervmmprz5 zainod-0.10.1[3031]:     at packages/zaino-serve/src/rpc/grpc/service.rs:161
1791661717.455364 runnervmmprz5 zainod-0.10.1[3031]:   19:48:37.455  INFO zainodlib::indexer: Zaino status check, chain_state: Ready, fs_mode: ephemeral(syncing), json_rpc: Ready, grpc: Ready
1791661717.455364 runnervmmprz5 zainod-0.10.1[3031]:     at packages/zainod/src/indexer.rs:333
1791661719.561275 runnervmmprz5 zainod-0.10.1[3031]:   19:48:39.561  INFO zaino_chain_store_zainodb::store::finalised_source::v1::write_core: write_blocks_to_height: syncing, current: 3846997, target: 4381896, zebra_network: Testnet
1791661719.561275 runnervmmprz5 zainod-0.10.1[3031]:     at packages/zaino-chain-store-zainodb/src/store/finalised_source/v1/write_core.rs:184
1791661721.802299 runnervmmprz5 zainod-0.10.1[3031]:   19:48:41.802  INFO zaino_serve::rpc::grpc::service: [TEST] received call, method: "get_lightd_info"
1791661721.802299 runnervmmprz5 zainod-0.10.1[3031]:     at packages/zaino-serve/src/rpc/grpc/service.rs:161
1791661721.806549 runnervmmprz5 zainod-0.10.1[3031]:   19:48:41.806  INFO zaino_serve::rpc::grpc::service: [TEST] received call, method: "get_block"
1791661721.806549 runnervmmprz5 zainod-0.10.1[3031]:     at packages/zaino-serve/src/rpc/grpc/service.rs:161
1791661721.807513 runnervmmprz5 zainod-0.10.1[3031]:   19:48:41.807  INFO zaino_serve::rpc::grpc::service: [TEST] received call, method: "get_block"
1791661721.807513 runnervmmprz5 zainod-0.10.1[3031]:     at packages/zaino-serve/src/rpc/grpc/service.rs:161
1791661726.798433 runnervmmprz5 zainod-0.10.1[3031]:   19:48:46.798  INFO zaino_serve::rpc::grpc::service: [TEST] received call, method: "get_lightd_info"
1791661726.798433 runnervmmprz5 zainod-0.10.1[3031]:     at packages/zaino-serve/src/rpc/grpc/service.rs:161
1791661726.801855 runnervmmprz5 zainod-0.10.1[3031]:   19:48:46.801  INFO zaino_serve::rpc::grpc::service: [TEST] received call, method: "get_block"
1791661726.801855 runnervmmprz5 zainod-0.10.1[3031]:     at packages/zaino-serve/src/rpc/grpc/service.rs:161
1791661726.802545 runnervmmprz5 zainod-0.10.1[3031]:   19:48:46.802  INFO zaino_serve::rpc::grpc::service: [TEST] received call, method: "get_block"
1791661726.802545 runnervmmprz5 zainod-0.10.1[3031]:     at packages/zaino-serve/src/rpc/grpc/service.rs:161
1791661727.455483 runnervmmprz5 zainod-0.10.1[3031]:   19:48:47.455  INFO zainodlib::indexer: Zaino status check, chain_state: Ready, fs_mode: ephemeral(syncing), json_rpc: Ready, grpc: Ready
1791661727.455483 runnervmmprz5 zainod-0.10.1[3031]:     at packages/zainod/src/indexer.rs:333
1791661729.561556 runnervmmprz5 zainod-0.10.1[3031]:   19:48:49.561  INFO zaino_chain_store_zainodb::store::finalised_source::v1::write_core: write_blocks_to_height: syncing, current: 3881455, target: 4381896, zebra_network: Testnet
1791661729.561556 runnervmmprz5 zainod-0.10.1[3031]:     at packages/zaino-chain-store-zainodb/src/store/finalised_source/v1/write_core.rs:184
1791661731.802015 runnervmmprz5 zainod-0.10.1[3031]:   19:48:51.801  INFO zaino_serve::rpc::grpc::service: [TEST] received call, method: "get_lightd_info"
1791661731.802015 runnervmmprz5 zainod-0.10.1[3031]:     at packages/zaino-serve/src/rpc/grpc/service.rs:161
1791661731.805928 runnervmmprz5 zainod-0.10.1[3031]:   19:48:51.805  INFO zaino_serve::rpc::grpc::service: [TEST] received call, method: "get_block"
1791661731.805928 runnervmmprz5 zainod-0.10.1[3031]:     at packages/zaino-serve/src/rpc/grpc/service.rs:161
1791661731.806922 runnervmmprz5 zainod-0.10.1[3031]:   19:48:51.806  INFO zaino_serve::rpc::grpc::service: [TEST] received call, method: "get_block"
1791661731.806922 runnervmmprz5 zainod-0.10.1[3031]:     at packages/zaino-serve/src/rpc/grpc/service.rs:161
1791661734.637660 runnervmmprz5 zainod-0.10.1[3031]:   19:48:54.637  INFO zaino_chain_store_zainodb::store::finalised_source::v1::write_core: write_blocks_to_height: committed batch, height: 3799999, blocks: 100000
1791661734.637660 runnervmmprz5 zainod-0.10.1[3031]:     at packages/zaino-chain-store-zainodb/src/store/finalised_source/v1/write_core.rs:636
1791661736.801476 runnervmmprz5 zainod-0.10.1[3031]:   19:48:56.801  INFO zaino_serve::rpc::grpc::service: [TEST] received call, method: "get_lightd_info"
1791661736.801476 runnervmmprz5 zainod-0.10.1[3031]:     at packages/zaino-serve/src/rpc/grpc/service.rs:161
1791661736.806616 runnervmmprz5 zainod-0.10.1[3031]:   19:48:56.806  INFO zaino_serve::rpc::grpc::service: [TEST] received call, method: "get_block"
1791661736.806616 runnervmmprz5 zainod-0.10.1[3031]:     at packages/zaino-serve/src/rpc/grpc/service.rs:161
1791661736.807911 runnervmmprz5 zainod-0.10.1[3031]:   19:48:56.807  INFO zaino_serve::rpc::grpc::service: [TEST] received call, method: "get_block"
1791661736.807911 runnervmmprz5 zainod-0.10.1[3031]:     at packages/zaino-serve/src/rpc/grpc/service.rs:161
1791661737.555762 runnervmmprz5 zainod-0.10.1[3031]:   19:48:57.555  INFO zainodlib::indexer: Zaino status check, chain_state: Ready, fs_mode: ephemeral(syncing), json_rpc: Ready, grpc: Ready
1791661737.555762 runnervmmprz5 zainod-0.10.1[3031]:     at packages/zainod/src/indexer.rs:333
1791661739.574090 runnervmmprz5 zainod-0.10.1[3031]:   19:48:59.574  INFO zaino_chain_store_zainodb::store::finalised_source::v1::write_core: write_blocks_to_height: syncing, current: 3916370, target: 4381896, zebra_network: Testnet
1791661739.574090 runnervmmprz5 zainod-0.10.1[3031]:     at packages/zaino-chain-store-zainodb/src/store/finalised_source/v1/write_core.rs:184
1791661741.799243 runnervmmprz5 zainod-0.10.1[3031]:   19:49:01.799  INFO zaino_serve::rpc::grpc::service: [TEST] received call, method: "get_lightd_info"
1791661741.799243 runnervmmprz5 zainod-0.10.1[3031]:     at packages/zaino-serve/src/rpc/grpc/service.rs:161
1791661741.802637 runnervmmprz5 zainod-0.10.1[3031]:   19:49:01.802  INFO zaino_serve::rpc::grpc::service: [TEST] received call, method: "get_block"
1791661741.802637 runnervmmprz5 zainod-0.10.1[3031]:     at packages/zaino-serve/src/rpc/grpc/service.rs:161
1791661741.803353 runnervmmprz5 zainod-0.10.1[3031]:   19:49:01.803  INFO zaino_serve::rpc::grpc::service: [TEST] received call, method: "get_block"
1791661741.803353 runnervmmprz5 zainod-0.10.1[3031]:     at packages/zaino-serve/src/rpc/grpc/service.rs:161
1791661746.802377 runnervmmprz5 zainod-0.10.1[3031]:   19:49:06.802  INFO zaino_serve::rpc::grpc::service: [TEST] received call, method: "get_lightd_info"
1791661746.802377 runnervmmprz5 zainod-0.10.1[3031]:     at packages/zaino-serve/src/rpc/grpc/service.rs:161
1791661746.807107 runnervmmprz5 zainod-0.10.1[3031]:   19:49:06.807  INFO zaino_serve::rpc::grpc::service: [TEST] received call, method: "get_block"
1791661746.807107 runnervmmprz5 zainod-0.10.1[3031]:     at packages/zaino-serve/src/rpc/grpc/service.rs:161
1791661746.807853 runnervmmprz5 zainod-0.10.1[3031]:   19:49:06.807  INFO zaino_serve::rpc::grpc::service: [TEST] received call, method: "get_block"
1791661746.807853 runnervmmprz5 zainod-0.10.1[3031]:     at packages/zaino-serve/src/rpc/grpc/service.rs:161
1791661749.574564 runnervmmprz5 zainod-0.10.1[3031]:   19:49:09.574  INFO zaino_chain_store_zainodb::store::finalised_source::v1::write_core: write_blocks_to_height: syncing, current: 3928805, target: 4381896, zebra_network: Testnet
1791661749.574564 runnervmmprz5 zainod-0.10.1[3031]:     at packages/zaino-chain-store-zainodb/src/store/finalised_source/v1/write_core.rs:184
1791661750.137914 runnervmmprz5 zainod-0.10.1[3031]:   19:49:10.137  INFO zainodlib::indexer: Zaino status check, chain_state: Ready, fs_mode: ephemeral(syncing), json_rpc: Ready, grpc: Ready
1791661750.137914 runnervmmprz5 zainod-0.10.1[3031]:     at packages/zainod/src/indexer.rs:333
1791661751.804273 runnervmmprz5 zainod-0.10.1[3031]:   19:49:11.804  INFO zaino_serve::rpc::grpc::service: [TEST] received call, method: "get_lightd_info"
1791661751.804273 runnervmmprz5 zainod-0.10.1[3031]:     at packages/zaino-serve/src/rpc/grpc/service.rs:161
1791661751.808830 runnervmmprz5 zainod-0.10.1[3031]:   19:49:11.808  INFO zaino_serve::rpc::grpc::service: [TEST] received call, method: "get_block"
1791661751.808830 runnervmmprz5 zainod-0.10.1[3031]:     at packages/zaino-serve/src/rpc/grpc/service.rs:161
1791661751.810118 runnervmmprz5 zainod-0.10.1[3031]:   19:49:11.809  INFO zaino_serve::rpc::grpc::service: [TEST] received call, method: "get_block"
1791661751.810118 runnervmmprz5 zainod-0.10.1[3031]:     at packages/zaino-serve/src/rpc/grpc/service.rs:161
1791661756.803865 runnervmmprz5 zainod-0.10.1[3031]:   19:49:16.803  INFO zaino_serve::rpc::grpc::service: [TEST] received call, method: "get_lightd_info"
1791661756.803865 runnervmmprz5 zainod-0.10.1[3031]:     at packages/zaino-serve/src/rpc/grpc/service.rs:161
1791661756.809334 runnervmmprz5 zainod-0.10.1[3031]:   19:49:16.809  INFO zaino_serve::rpc::grpc::service: [TEST] received call, method: "get_block"
1791661756.809334 runnervmmprz5 zainod-0.10.1[3031]:     at packages/zaino-serve/src/rpc/grpc/service.rs:161
1791661756.810509 runnervmmprz5 zainod-0.10.1[3031]:   19:49:16.810  INFO zaino_serve::rpc::grpc::service: [TEST] received call, method: "get_block"
1791661756.810509 runnervmmprz5 zainod-0.10.1[3031]:     at packages/zaino-serve/src/rpc/grpc/service.rs:161
1791661759.574647 runnervmmprz5 zainod-0.10.1[3031]:   19:49:19.574  INFO zaino_chain_store_zainodb::store::finalised_source::v1::write_core: write_blocks_to_height: syncing, current: 3968756, target: 4381896, zebra_network: Testnet
1791661759.574647 runnervmmprz5 zainod-0.10.1[3031]:     at packages/zaino-chain-store-zainodb/src/store/finalised_source/v1/write_core.rs:184
1791661760.154820 runnervmmprz5 zainod-0.10.1[3031]:   19:49:20.154  INFO zainodlib::indexer: Zaino status check, chain_state: Ready, fs_mode: ephemeral(syncing), json_rpc: Ready, grpc: Ready
1791661760.154820 runnervmmprz5 zainod-0.10.1[3031]:     at packages/zainod/src/indexer.rs:333
1791661761.806264 runnervmmprz5 zainod-0.10.1[3031]:   19:49:21.806  INFO zaino_serve::rpc::grpc::service: [TEST] received call, method: "get_lightd_info"
1791661761.806264 runnervmmprz5 zainod-0.10.1[3031]:     at packages/zaino-serve/src/rpc/grpc/service.rs:161
1791661761.811265 runnervmmprz5 zainod-0.10.1[3031]:   19:49:21.811  INFO zaino_serve::rpc::grpc::service: [TEST] received call, method: "get_block"
1791661761.811265 runnervmmprz5 zainod-0.10.1[3031]:     at packages/zaino-serve/src/rpc/grpc/service.rs:161
1791661761.811993 runnervmmprz5 zainod-0.10.1[3031]:   19:49:21.811  INFO zaino_serve::rpc::grpc::service: [TEST] received call, method: "get_block"
1791661761.811993 runnervmmprz5 zainod-0.10.1[3031]:     at packages/zaino-serve/src/rpc/grpc/service.rs:161
1791661766.804819 runnervmmprz5 zainod-0.10.1[3031]:   19:49:26.804  INFO zaino_serve::rpc::grpc::service: [TEST] received call, method: "get_lightd_info"
1791661766.804819 runnervmmprz5 zainod-0.10.1[3031]:     at packages/zaino-serve/src/rpc/grpc/service.rs:161
1791661766.809246 runnervmmprz5 zainod-0.10.1[3031]:   19:49:26.809  INFO zaino_serve::rpc::grpc::service: [TEST] received call, method: "get_block"
1791661766.809246 runnervmmprz5 zainod-0.10.1[3031]:     at packages/zaino-serve/src/rpc/grpc/service.rs:161
1791661766.810212 runnervmmprz5 zainod-0.10.1[3031]:   19:49:26.810  INFO zaino_serve::rpc::grpc::service: [TEST] received call, method: "get_block"
1791661766.810212 runnervmmprz5 zainod-0.10.1[3031]:     at packages/zaino-serve/src/rpc/grpc/service.rs:161
1791661767.356101 runnervmmprz5 zainod-0.10.1[3031]:   19:49:27.356  INFO zaino_chain_store_zainodb::store::finalised_source::v1::write_core: write_blocks_to_height: committed batch, height: 3899999, blocks: 100000
1791661767.356101 runnervmmprz5 zainod-0.10.1[3031]:     at packages/zaino-chain-store-zainodb/src/store/finalised_source/v1/write_core.rs:636
1791661769.575235 runnervmmprz5 zainod-0.10.1[3031]:   19:49:29.575  INFO zaino_chain_store_zainodb::store::finalised_source::v1::write_core: write_blocks_to_height: syncing, current: 4007031, target: 4381896, zebra_network: Testnet
1791661769.575235 runnervmmprz5 zainod-0.10.1[3031]:     at packages/zaino-chain-store-zainodb/src/store/finalised_source/v1/write_core.rs:184
1791661770.155506 runnervmmprz5 zainod-0.10.1[3031]:   19:49:30.155  INFO zainodlib::indexer: Zaino status check, chain_state: Ready, fs_mode: ephemeral(syncing), json_rpc: Ready, grpc: Ready
1791661770.155506 runnervmmprz5 zainod-0.10.1[3031]:     at packages/zainod/src/indexer.rs:333
1791661771.801544 runnervmmprz5 zainod-0.10.1[3031]:   19:49:31.801  INFO zaino_serve::rpc::grpc::service: [TEST] received call, method: "get_lightd_info"
1791661771.801544 runnervmmprz5 zainod-0.10.1[3031]:     at packages/zaino-serve/src/rpc/grpc/service.rs:161
1791661771.804865 runnervmmprz5 zainod-0.10.1[3031]:   19:49:31.804  INFO zaino_serve::rpc::grpc::service: [TEST] received call, method: "get_block"
1791661771.804865 runnervmmprz5 zainod-0.10.1[3031]:     at packages/zaino-serve/src/rpc/grpc/service.rs:161
1791661771.805529 runnervmmprz5 zainod-0.10.1[3031]:   19:49:31.805  INFO zaino_serve::rpc::grpc::service: [TEST] received call, method: "get_block"
1791661771.805529 runnervmmprz5 zainod-0.10.1[3031]:     at packages/zaino-serve/src/rpc/grpc/service.rs:161
1791661776.800594 runnervmmprz5 zainod-0.10.1[3031]:   19:49:36.800  INFO zaino_serve::rpc::grpc::service: [TEST] received call, method: "get_lightd_info"
1791661776.800594 runnervmmprz5 zainod-0.10.1[3031]:     at packages/zaino-serve/src/rpc/grpc/service.rs:161
1791661776.803835 runnervmmprz5 zainod-0.10.1[3031]:   19:49:36.803  INFO zaino_serve::rpc::grpc::service: [TEST] received call, method: "get_block"
1791661776.803835 runnervmmprz5 zainod-0.10.1[3031]:     at packages/zaino-serve/src/rpc/grpc/service.rs:161
1791661776.804506 runnervmmprz5 zainod-0.10.1[3031]:   19:49:36.804  INFO zaino_serve::rpc::grpc::service: [TEST] received call, method: "get_block"
1791661776.804506 runnervmmprz5 zainod-0.10.1[3031]:     at packages/zaino-serve/src/rpc/grpc/service.rs:161
1791661779.575820 runnervmmprz5 zainod-0.10.1[3031]:   19:49:39.575  INFO zaino_chain_store_zainodb::store::finalised_source::v1::write_core: write_blocks_to_height: syncing, current: 4017069, target: 4381896, zebra_network: Testnet
1791661779.575820 runnervmmprz5 zainod-0.10.1[3031]:     at packages/zaino-chain-store-zainodb/src/store/finalised_source/v1/write_core.rs:184
1791661781.618979 runnervmmprz5 zainod-0.10.1[3031]:   19:49:41.618  INFO zainodlib::indexer: Zaino status check, chain_state: Ready, fs_mode: ephemeral(syncing), json_rpc: Ready, grpc: Ready
1791661781.618979 runnervmmprz5 zainod-0.10.1[3031]:     at packages/zainod/src/indexer.rs:333
1791661781.808082 runnervmmprz5 zainod-0.10.1[3031]:   19:49:41.808  INFO zaino_serve::rpc::grpc::service: [TEST] received call, method: "get_lightd_info"
1791661781.808082 runnervmmprz5 zainod-0.10.1[3031]:     at packages/zaino-serve/src/rpc/grpc/service.rs:161
1791661781.812455 runnervmmprz5 zainod-0.10.1[3031]:   19:49:41.812  INFO zaino_serve::rpc::grpc::service: [TEST] received call, method: "get_block"
1791661781.812455 runnervmmprz5 zainod-0.10.1[3031]:     at packages/zaino-serve/src/rpc/grpc/service.rs:161
1791661781.813366 runnervmmprz5 zainod-0.10.1[3031]:   19:49:41.813  INFO zaino_serve::rpc::grpc::service: [TEST] received call, method: "get_block"
1791661781.813366 runnervmmprz5 zainod-0.10.1[3031]:     at packages/zaino-serve/src/rpc/grpc/service.rs:161
1791661786.806924 runnervmmprz5 zainod-0.10.1[3031]:   19:49:46.806  INFO zaino_serve::rpc::grpc::service: [TEST] received call, method: "get_lightd_info"
1791661786.806924 runnervmmprz5 zainod-0.10.1[3031]:     at packages/zaino-serve/src/rpc/grpc/service.rs:161
1791661786.811477 runnervmmprz5 zainod-0.10.1[3031]:   19:49:46.811  INFO zaino_serve::rpc::grpc::service: [TEST] received call, method: "get_block"
1791661786.811477 runnervmmprz5 zainod-0.10.1[3031]:     at packages/zaino-serve/src/rpc/grpc/service.rs:161
1791661786.812187 runnervmmprz5 zainod-0.10.1[3031]:   19:49:46.812  INFO zaino_serve::rpc::grpc::service: [TEST] received call, method: "get_block"
1791661786.812187 runnervmmprz5 zainod-0.10.1[3031]:     at packages/zaino-serve/src/rpc/grpc/service.rs:161
1791661789.576404 runnervmmprz5 zainod-0.10.1[3031]:   19:49:49.576  INFO zaino_chain_store_zainodb::store::finalised_source::v1::write_core: write_blocks_to_height: syncing, current: 4055055, target: 4381896, zebra_network: Testnet
1791661789.576404 runnervmmprz5 zainod-0.10.1[3031]:     at packages/zaino-chain-store-zainodb/src/store/finalised_source/v1/write_core.rs:184
1791661791.655005 runnervmmprz5 zainod-0.10.1[3031]:   19:49:51.654  INFO zainodlib::indexer: Zaino status check, chain_state: Ready, fs_mode: ephemeral(syncing), json_rpc: Ready, grpc: Ready
1791661791.655005 runnervmmprz5 zainod-0.10.1[3031]:     at packages/zainod/src/indexer.rs:333
1791661791.807585 runnervmmprz5 zainod-0.10.1[3031]:   19:49:51.807  INFO zaino_serve::rpc::grpc::service: [TEST] received call, method: "get_lightd_info"
1791661791.807585 runnervmmprz5 zainod-0.10.1[3031]:     at packages/zaino-serve/src/rpc/grpc/service.rs:161
1791661791.812118 runnervmmprz5 zainod-0.10.1[3031]:   19:49:51.812  INFO zaino_serve::rpc::grpc::service: [TEST] received call, method: "get_block"
1791661791.812118 runnervmmprz5 zainod-0.10.1[3031]:     at packages/zaino-serve/src/rpc/grpc/service.rs:161
1791661791.813120 runnervmmprz5 zainod-0.10.1[3031]:   19:49:51.813  INFO zaino_serve::rpc::grpc::service: [TEST] received call, method: "get_block"
1791661791.813120 runnervmmprz5 zainod-0.10.1[3031]:     at packages/zaino-serve/src/rpc/grpc/service.rs:161
1791661796.806758 runnervmmprz5 zainod-0.10.1[3031]:   19:49:56.806  INFO zaino_serve::rpc::grpc::service: [TEST] received call, method: "get_lightd_info"
1791661796.806758 runnervmmprz5 zainod-0.10.1[3031]:     at packages/zaino-serve/src/rpc/grpc/service.rs:161
1791661796.811317 runnervmmprz5 zainod-0.10.1[3031]:   19:49:56.811  INFO zaino_serve::rpc::grpc::service: [TEST] received call, method: "get_block"
1791661796.811317 runnervmmprz5 zainod-0.10.1[3031]:     at packages/zaino-serve/src/rpc/grpc/service.rs:161
1791661796.812154 runnervmmprz5 zainod-0.10.1[3031]:   19:49:56.812  INFO zaino_serve::rpc::grpc::service: [TEST] received call, method: "get_block"
1791661796.812154 runnervmmprz5 zainod-0.10.1[3031]:     at packages/zaino-serve/src/rpc/grpc/service.rs:161
1791661799.584834 runnervmmprz5 zainod-0.10.1[3031]:   19:49:59.584  INFO zaino_chain_store_zainodb::store::finalised_source::v1::write_core: write_blocks_to_height: syncing, current: 4092942, target: 4381896, zebra_network: Testnet
1791661799.584834 runnervmmprz5 zainod-0.10.1[3031]:     at packages/zaino-chain-store-zainodb/src/store/finalised_source/v1/write_core.rs:184
1791661801.655244 runnervmmprz5 zainod-0.10.1[3031]:   19:50:01.655  INFO zainodlib::indexer: Zaino status check, chain_state: Ready, fs_mode: ephemeral(syncing), json_rpc: Ready, grpc: Ready
1791661801.655244 runnervmmprz5 zainod-0.10.1[3031]:     at packages/zainod/src/indexer.rs:333
1791661801.807892 runnervmmprz5 zainod-0.10.1[3031]:   19:50:01.807  INFO zaino_serve::rpc::grpc::service: [TEST] received call, method: "get_lightd_info"
1791661801.807892 runnervmmprz5 zainod-0.10.1[3031]:     at packages/zaino-serve/src/rpc/grpc/service.rs:161
1791661801.811960 runnervmmprz5 zainod-0.10.1[3031]:   19:50:01.811  INFO zaino_serve::rpc::grpc::service: [TEST] received call, method: "get_block"
1791661801.811960 runnervmmprz5 zainod-0.10.1[3031]:     at packages/zaino-serve/src/rpc/grpc/service.rs:161
1791661801.812758 runnervmmprz5 zainod-0.10.1[3031]:   19:50:01.812  INFO zaino_serve::rpc::grpc::service: [TEST] received call, method: "get_block"
1791661801.812758 runnervmmprz5 zainod-0.10.1[3031]:     at packages/zaino-serve/src/rpc/grpc/service.rs:161
1791661803.882154 runnervmmprz5 zainod-0.10.1[3031]:   19:50:03.882  INFO zaino_chain_store_zainodb::store::finalised_source::v1::write_core: write_blocks_to_height: committed batch, height: 3999999, blocks: 100000
1791661803.882154 runnervmmprz5 zainod-0.10.1[3031]:     at packages/zaino-chain-store-zainodb/src/store/finalised_source/v1/write_core.rs:636
1791661806.808989 runnervmmprz5 zainod-0.10.1[3031]:   19:50:06.808  INFO zaino_serve::rpc::grpc::service: [TEST] received call, method: "get_lightd_info"
1791661806.808989 runnervmmprz5 zainod-0.10.1[3031]:     at packages/zaino-serve/src/rpc/grpc/service.rs:161
1791661806.813654 runnervmmprz5 zainod-0.10.1[3031]:   19:50:06.813  INFO zaino_serve::rpc::grpc::service: [TEST] received call, method: "get_block"
1791661806.813654 runnervmmprz5 zainod-0.10.1[3031]:     at packages/zaino-serve/src/rpc/grpc/service.rs:161
1791661806.814504 runnervmmprz5 zainod-0.10.1[3031]:   19:50:06.814  INFO zaino_serve::rpc::grpc::service: [TEST] received call, method: "get_block"
1791661806.814504 runnervmmprz5 zainod-0.10.1[3031]:     at packages/zaino-serve/src/rpc/grpc/service.rs:161
1791661809.626556 runnervmmprz5 zainod-0.10.1[3031]:   19:50:09.626  INFO zaino_chain_store_zainodb::store::finalised_source::v1::write_core: write_blocks_to_height: syncing, current: 4109122, target: 4381896, zebra_network: Testnet
1791661809.626556 runnervmmprz5 zainod-0.10.1[3031]:     at packages/zaino-chain-store-zainodb/src/store/finalised_source/v1/write_core.rs:184
1791661811.754686 runnervmmprz5 zainod-0.10.1[3031]:   19:50:11.754  INFO zainodlib::indexer: Zaino status check, chain_state: Ready, fs_mode: ephemeral(syncing), json_rpc: Ready, grpc: Ready
1791661811.754686 runnervmmprz5 zainod-0.10.1[3031]:     at packages/zainod/src/indexer.rs:333
1791661811.806782 runnervmmprz5 zainod-0.10.1[3031]:   19:50:11.806  INFO zaino_serve::rpc::grpc::service: [TEST] received call, method: "get_lightd_info"
1791661811.806782 runnervmmprz5 zainod-0.10.1[3031]:     at packages/zaino-serve/src/rpc/grpc/service.rs:161
1791661811.810486 runnervmmprz5 zainod-0.10.1[3031]:   19:50:11.810  INFO zaino_serve::rpc::grpc::service: [TEST] received call, method: "get_block"
1791661811.810486 runnervmmprz5 zainod-0.10.1[3031]:     at packages/zaino-serve/src/rpc/grpc/service.rs:161
1791661811.811253 runnervmmprz5 zainod-0.10.1[3031]:   19:50:11.811  INFO zaino_serve::rpc::grpc::service: [TEST] received call, method: "get_block"
1791661811.811253 runnervmmprz5 zainod-0.10.1[3031]:     at packages/zaino-serve/src/rpc/grpc/service.rs:161
1791661816.809206 runnervmmprz5 zainod-0.10.1[3031]:   19:50:16.809  INFO zaino_serve::rpc::grpc::service: [TEST] received call, method: "get_lightd_info"
1791661816.809206 runnervmmprz5 zainod-0.10.1[3031]:     at packages/zaino-serve/src/rpc/grpc/service.rs:161
1791661816.813935 runnervmmprz5 zainod-0.10.1[3031]:   19:50:16.813  INFO zaino_serve::rpc::grpc::service: [TEST] received call, method: "get_block"
1791661816.813935 runnervmmprz5 zainod-0.10.1[3031]:     at packages/zaino-serve/src/rpc/grpc/service.rs:161
1791661816.814760 runnervmmprz5 zainod-0.10.1[3031]:   19:50:16.814  INFO zaino_serve::rpc::grpc::service: [TEST] received call, method: "get_block"
1791661816.814760 runnervmmprz5 zainod-0.10.1[3031]:     at packages/zaino-serve/src/rpc/grpc/service.rs:161
1791661819.627688 runnervmmprz5 zainod-0.10.1[3031]:   19:50:19.627  INFO zaino_chain_store_zainodb::store::finalised_source::v1::write_core: write_blocks_to_height: syncing, current: 4122106, target: 4381896, zebra_network: Testnet
1791661819.627688 runnervmmprz5 zainod-0.10.1[3031]:     at packages/zaino-chain-store-zainodb/src/store/finalised_source/v1/write_core.rs:184
1791661821.755535 runnervmmprz5 zainod-0.10.1[3031]:   19:50:21.755  INFO zainodlib::indexer: Zaino status check, chain_state: Ready, fs_mode: ephemeral(syncing), json_rpc: Ready, grpc: Ready
1791661821.755535 runnervmmprz5 zainod-0.10.1[3031]:     at packages/zainod/src/indexer.rs:333
1791661821.811910 runnervmmprz5 zainod-0.10.1[3031]:   19:50:21.811  INFO zaino_serve::rpc::grpc::service: [TEST] received call, method: "get_lightd_info"
1791661821.811910 runnervmmprz5 zainod-0.10.1[3031]:     at packages/zaino-serve/src/rpc/grpc/service.rs:161
1791661821.817547 runnervmmprz5 zainod-0.10.1[3031]:   19:50:21.817  INFO zaino_serve::rpc::grpc::service: [TEST] received call, method: "get_block"
1791661821.817547 runnervmmprz5 zainod-0.10.1[3031]:     at packages/zaino-serve/src/rpc/grpc/service.rs:161
1791661821.818457 runnervmmprz5 zainod-0.10.1[3031]:   19:50:21.818  INFO zaino_serve::rpc::grpc::service: [TEST] received call, method: "get_block"
1791661821.818457 runnervmmprz5 zainod-0.10.1[3031]:     at packages/zaino-serve/src/rpc/grpc/service.rs:161
1791661826.806141 runnervmmprz5 zainod-0.10.1[3031]:   19:50:26.806  INFO zaino_serve::rpc::grpc::service: [TEST] received call, method: "get_lightd_info"
1791661826.806141 runnervmmprz5 zainod-0.10.1[3031]:     at packages/zaino-serve/src/rpc/grpc/service.rs:161
1791661826.809520 runnervmmprz5 zainod-0.10.1[3031]:   19:50:26.809  INFO zaino_serve::rpc::grpc::service: [TEST] received call, method: "get_block"
1791661826.809520 runnervmmprz5 zainod-0.10.1[3031]:     at packages/zaino-serve/src/rpc/grpc/service.rs:161
1791661826.810461 runnervmmprz5 zainod-0.10.1[3031]:   19:50:26.810  INFO zaino_serve::rpc::grpc::service: [TEST] received call, method: "get_block"
1791661826.810461 runnervmmprz5 zainod-0.10.1[3031]:     at packages/zaino-serve/src/rpc/grpc/service.rs:161
1791661829.628639 runnervmmprz5 zainod-0.10.1[3031]:   19:50:29.628  INFO zaino_chain_store_zainodb::store::finalised_source::v1::write_core: write_blocks_to_height: syncing, current: 4154671, target: 4381896, zebra_network: Testnet
1791661829.628639 runnervmmprz5 zainod-0.10.1[3031]:     at packages/zaino-chain-store-zainodb/src/store/finalised_source/v1/write_core.rs:184
1791661831.811866 runnervmmprz5 zainod-0.10.1[3031]:   19:50:31.811  INFO zaino_serve::rpc::grpc::service: [TEST] received call, method: "get_lightd_info"
1791661831.811866 runnervmmprz5 zainod-0.10.1[3031]:     at packages/zaino-serve/src/rpc/grpc/service.rs:161
1791661831.816133 runnervmmprz5 zainod-0.10.1[3031]:   19:50:31.816  INFO zaino_serve::rpc::grpc::service: [TEST] received call, method: "get_block"
1791661831.816133 runnervmmprz5 zainod-0.10.1[3031]:     at packages/zaino-serve/src/rpc/grpc/service.rs:161
1791661831.817118 runnervmmprz5 zainod-0.10.1[3031]:   19:50:31.817  INFO zaino_serve::rpc::grpc::service: [TEST] received call, method: "get_block"
1791661831.817118 runnervmmprz5 zainod-0.10.1[3031]:     at packages/zaino-serve/src/rpc/grpc/service.rs:161
1791661831.855403 runnervmmprz5 zainod-0.10.1[3031]:   19:50:31.855  INFO zainodlib::indexer: Zaino status check, chain_state: Ready, fs_mode: ephemeral(syncing), json_rpc: Ready, grpc: Ready
1791661831.855403 runnervmmprz5 zainod-0.10.1[3031]:     at packages/zainod/src/indexer.rs:333
1791661836.812621 runnervmmprz5 zainod-0.10.1[3031]:   19:50:36.812  INFO zaino_serve::rpc::grpc::service: [TEST] received call, method: "get_lightd_info"
1791661836.812621 runnervmmprz5 zainod-0.10.1[3031]:     at packages/zaino-serve/src/rpc/grpc/service.rs:161
1791661836.816970 runnervmmprz5 zainod-0.10.1[3031]:   19:50:36.816  INFO zaino_serve::rpc::grpc::service: [TEST] received call, method: "get_block"
1791661836.816970 runnervmmprz5 zainod-0.10.1[3031]:     at packages/zaino-serve/src/rpc/grpc/service.rs:161
1791661836.817723 runnervmmprz5 zainod-0.10.1[3031]:   19:50:36.817  INFO zaino_serve::rpc::grpc::service: [TEST] received call, method: "get_block"
1791661836.817723 runnervmmprz5 zainod-0.10.1[3031]:     at packages/zaino-serve/src/rpc/grpc/service.rs:161
1791661839.628912 runnervmmprz5 zainod-0.10.1[3031]:   19:50:39.628  INFO zaino_chain_store_zainodb::store::finalised_source::v1::write_core: write_blocks_to_height: syncing, current: 4182718, target: 4381896, zebra_network: Testnet
1791661839.628912 runnervmmprz5 zainod-0.10.1[3031]:     at packages/zaino-chain-store-zainodb/src/store/finalised_source/v1/write_core.rs:184
1791661841.811342 runnervmmprz5 zainod-0.10.1[3031]:   19:50:41.811  INFO zaino_serve::rpc::grpc::service: [TEST] received call, method: "get_lightd_info"
1791661841.811342 runnervmmprz5 zainod-0.10.1[3031]:     at packages/zaino-serve/src/rpc/grpc/service.rs:161
1791661841.815397 runnervmmprz5 zainod-0.10.1[3031]:   19:50:41.815  INFO zaino_serve::rpc::grpc::service: [TEST] received call, method: "get_block"
1791661841.815397 runnervmmprz5 zainod-0.10.1[3031]:     at packages/zaino-serve/src/rpc/grpc/service.rs:161
1791661841.818524 runnervmmprz5 zainod-0.10.1[3031]:   19:50:41.818  INFO zaino_serve::rpc::grpc::service: [TEST] received call, method: "get_block"
1791661841.818524 runnervmmprz5 zainod-0.10.1[3031]:     at packages/zaino-serve/src/rpc/grpc/service.rs:161
1791661841.955382 runnervmmprz5 zainod-0.10.1[3031]:   19:50:41.955  INFO zainodlib::indexer: Zaino status check, chain_state: Ready, fs_mode: ephemeral(syncing), json_rpc: Ready, grpc: Ready
1791661841.955382 runnervmmprz5 zainod-0.10.1[3031]:     at packages/zainod/src/indexer.rs:333
1791661845.298551 runnervmmprz5 zainod-0.10.1[3031]:   19:50:45.298  INFO zaino_chain_store_zainodb::store::finalised_source::v1::write_core: write_blocks_to_height: committed batch, height: 4099999, blocks: 100000
1791661845.298551 runnervmmprz5 zainod-0.10.1[3031]:     at packages/zaino-chain-store-zainodb/src/store/finalised_source/v1/write_core.rs:636
1791661846.813635 runnervmmprz5 zainod-0.10.1[3031]:   19:50:46.813  INFO zaino_serve::rpc::grpc::service: [TEST] received call, method: "get_lightd_info"
1791661846.813635 runnervmmprz5 zainod-0.10.1[3031]:     at packages/zaino-serve/src/rpc/grpc/service.rs:161
1791661846.819798 runnervmmprz5 zainod-0.10.1[3031]:   19:50:46.819  INFO zaino_serve::rpc::grpc::service: [TEST] received call, method: "get_block"
1791661846.819798 runnervmmprz5 zainod-0.10.1[3031]:     at packages/zaino-serve/src/rpc/grpc/service.rs:161
1791661846.820803 runnervmmprz5 zainod-0.10.1[3031]:   19:50:46.820  INFO zaino_serve::rpc::grpc::service: [TEST] received call, method: "get_block"
1791661846.820803 runnervmmprz5 zainod-0.10.1[3031]:     at packages/zaino-serve/src/rpc/grpc/service.rs:161
1791661849.629426 runnervmmprz5 zainod-0.10.1[3031]:   19:50:49.629  INFO zaino_chain_store_zainodb::store::finalised_source::v1::write_core: write_blocks_to_height: syncing, current: 4211963, target: 4381896, zebra_network: Testnet
1791661849.629426 runnervmmprz5 zainod-0.10.1[3031]:     at packages/zaino-chain-store-zainodb/src/store/finalised_source/v1/write_core.rs:184
1791661851.809934 runnervmmprz5 zainod-0.10.1[3031]:   19:50:51.809  INFO zaino_serve::rpc::grpc::service: [TEST] received call, method: "get_lightd_info"
1791661851.809934 runnervmmprz5 zainod-0.10.1[3031]:     at packages/zaino-serve/src/rpc/grpc/service.rs:161
1791661851.813586 runnervmmprz5 zainod-0.10.1[3031]:   19:50:51.813  INFO zaino_serve::rpc::grpc::service: [TEST] received call, method: "get_block"
1791661851.813586 runnervmmprz5 zainod-0.10.1[3031]:     at packages/zaino-serve/src/rpc/grpc/service.rs:161
1791661851.814294 runnervmmprz5 zainod-0.10.1[3031]:   19:50:51.814  INFO zaino_serve::rpc::grpc::service: [TEST] received call, method: "get_block"
1791661851.814294 runnervmmprz5 zainod-0.10.1[3031]:     at packages/zaino-serve/src/rpc/grpc/service.rs:161
1791661852.055357 runnervmmprz5 zainod-0.10.1[3031]:   19:50:52.055  INFO zainodlib::indexer: Zaino status check, chain_state: Ready, fs_mode: ephemeral(syncing), json_rpc: Ready, grpc: Ready
1791661852.055357 runnervmmprz5 zainod-0.10.1[3031]:     at packages/zainod/src/indexer.rs:333
1791661857.060018 runnervmmprz5 zainod-0.10.1[3031]:   19:50:57.059  INFO zaino_serve::rpc::grpc::service: [TEST] received call, method: "get_lightd_info"
1791661857.060018 runnervmmprz5 zainod-0.10.1[3031]:     at packages/zaino-serve/src/rpc/grpc/service.rs:161
1791661857.065737 runnervmmprz5 zainod-0.10.1[3031]:   19:50:57.065  INFO zaino_serve::rpc::grpc::service: [TEST] received call, method: "get_block"
1791661857.065737 runnervmmprz5 zainod-0.10.1[3031]:     at packages/zaino-serve/src/rpc/grpc/service.rs:161
1791661857.066673 runnervmmprz5 zainod-0.10.1[3031]:   19:50:57.066  INFO zaino_serve::rpc::grpc::service: [TEST] received call, method: "get_block"
1791661857.066673 runnervmmprz5 zainod-0.10.1[3031]:     at packages/zaino-serve/src/rpc/grpc/service.rs:161
1791661859.629713 runnervmmprz5 zainod-0.10.1[3031]:   19:50:59.629  INFO zaino_chain_store_zainodb::store::finalised_source::v1::write_core: write_blocks_to_height: syncing, current: 4224422, target: 4381896, zebra_network: Testnet
1791661859.629713 runnervmmprz5 zainod-0.10.1[3031]:     at packages/zaino-chain-store-zainodb/src/store/finalised_source/v1/write_core.rs:184
1791661861.815854 runnervmmprz5 zainod-0.10.1[3031]:   19:51:01.815  INFO zaino_serve::rpc::grpc::service: [TEST] received call, method: "get_lightd_info"
1791661861.815854 runnervmmprz5 zainod-0.10.1[3031]:     at packages/zaino-serve/src/rpc/grpc/service.rs:161
1791661861.820978 runnervmmprz5 zainod-0.10.1[3031]:   19:51:01.820  INFO zaino_serve::rpc::grpc::service: [TEST] received call, method: "get_block"
1791661861.820978 runnervmmprz5 zainod-0.10.1[3031]:     at packages/zaino-serve/src/rpc/grpc/service.rs:161
1791661861.822162 runnervmmprz5 zainod-0.10.1[3031]:   19:51:01.822  INFO zaino_serve::rpc::grpc::service: [TEST] received call, method: "get_block"
1791661861.822162 runnervmmprz5 zainod-0.10.1[3031]:     at packages/zaino-serve/src/rpc/grpc/service.rs:161
1791661862.155128 runnervmmprz5 zainod-0.10.1[3031]:   19:51:02.155  INFO zainodlib::indexer: Zaino status check, chain_state: Ready, fs_mode: ephemeral(syncing), json_rpc: Ready, grpc: Ready
1791661862.155128 runnervmmprz5 zainod-0.10.1[3031]:     at packages/zainod/src/indexer.rs:333
1791661866.813195 runnervmmprz5 zainod-0.10.1[3031]:   19:51:06.813  INFO zaino_serve::rpc::grpc::service: [TEST] received call, method: "get_lightd_info"
1791661866.813195 runnervmmprz5 zainod-0.10.1[3031]:     at packages/zaino-serve/src/rpc/grpc/service.rs:161
1791661866.818270 runnervmmprz5 zainod-0.10.1[3031]:   19:51:06.818  INFO zaino_serve::rpc::grpc::service: [TEST] received call, method: "get_block"
1791661866.818270 runnervmmprz5 zainod-0.10.1[3031]:     at packages/zaino-serve/src/rpc/grpc/service.rs:161
1791661866.819039 runnervmmprz5 zainod-0.10.1[3031]:   19:51:06.819  INFO zaino_serve::rpc::grpc::service: [TEST] received call, method: "get_block"
1791661866.819039 runnervmmprz5 zainod-0.10.1[3031]:     at packages/zaino-serve/src/rpc/grpc/service.rs:161
1791661869.631578 runnervmmprz5 zainod-0.10.1[3031]:   19:51:09.631  INFO zaino_chain_store_zainodb::store::finalised_source::v1::write_core: write_blocks_to_height: syncing, current: 4248671, target: 4381896, zebra_network: Testnet
1791661869.631578 runnervmmprz5 zainod-0.10.1[3031]:     at packages/zaino-chain-store-zainodb/src/store/finalised_source/v1/write_core.rs:184
1791661871.812373 runnervmmprz5 zainod-0.10.1[3031]:   19:51:11.812  INFO zaino_serve::rpc::grpc::service: [TEST] received call, method: "get_lightd_info"
1791661871.812373 runnervmmprz5 zainod-0.10.1[3031]:     at packages/zaino-serve/src/rpc/grpc/service.rs:161
1791661871.817419 runnervmmprz5 zainod-0.10.1[3031]:   19:51:11.817  INFO zaino_serve::rpc::grpc::service: [TEST] received call, method: "get_block"
1791661871.817419 runnervmmprz5 zainod-0.10.1[3031]:     at packages/zaino-serve/src/rpc/grpc/service.rs:161
1791661871.818457 runnervmmprz5 zainod-0.10.1[3031]:   19:51:11.818  INFO zaino_serve::rpc::grpc::service: [TEST] received call, method: "get_block"
1791661871.818457 runnervmmprz5 zainod-0.10.1[3031]:     at packages/zaino-serve/src/rpc/grpc/service.rs:161
1791661872.155603 runnervmmprz5 zainod-0.10.1[3031]:   19:51:12.155  INFO zainodlib::indexer: Zaino status check, chain_state: Ready, fs_mode: ephemeral(syncing), json_rpc: Ready, grpc: Ready
1791661872.155603 runnervmmprz5 zainod-0.10.1[3031]:     at packages/zainod/src/indexer.rs:333
1791661876.813431 runnervmmprz5 zainod-0.10.1[3031]:   19:51:16.813  INFO zaino_serve::rpc::grpc::service: [TEST] received call, method: "get_lightd_info"
1791661876.813431 runnervmmprz5 zainod-0.10.1[3031]:     at packages/zaino-serve/src/rpc/grpc/service.rs:161
1791661876.819570 runnervmmprz5 zainod-0.10.1[3031]:   19:51:16.819  INFO zaino_serve::rpc::grpc::service: [TEST] received call, method: "get_block"
1791661876.819570 runnervmmprz5 zainod-0.10.1[3031]:     at packages/zaino-serve/src/rpc/grpc/service.rs:161
1791661876.820916 runnervmmprz5 zainod-0.10.1[3031]:   19:51:16.820  INFO zaino_serve::rpc::grpc::service: [TEST] received call, method: "get_block"
1791661876.820916 runnervmmprz5 zainod-0.10.1[3031]:     at packages/zaino-serve/src/rpc/grpc/service.rs:161
1791661879.631918 runnervmmprz5 zainod-0.10.1[3031]:   19:51:19.631  INFO zaino_chain_store_zainodb::store::finalised_source::v1::write_core: write_blocks_to_height: syncing, current: 4279634, target: 4381896, zebra_network: Testnet
1791661879.631918 runnervmmprz5 zainod-0.10.1[3031]:     at packages/zaino-chain-store-zainodb/src/store/finalised_source/v1/write_core.rs:184
1791661881.817614 runnervmmprz5 zainod-0.10.1[3031]:   19:51:21.817  INFO zaino_serve::rpc::grpc::service: [TEST] received call, method: "get_lightd_info"
1791661881.817614 runnervmmprz5 zainod-0.10.1[3031]:     at packages/zaino-serve/src/rpc/grpc/service.rs:161
1791661881.822611 runnervmmprz5 zainod-0.10.1[3031]:   19:51:21.822  INFO zaino_serve::rpc::grpc::service: [TEST] received call, method: "get_block"
1791661881.822611 runnervmmprz5 zainod-0.10.1[3031]:     at packages/zaino-serve/src/rpc/grpc/service.rs:161
1791661881.823718 runnervmmprz5 zainod-0.10.1[3031]:   19:51:21.823  INFO zaino_serve::rpc::grpc::service: [TEST] received call, method: "get_block"
1791661881.823718 runnervmmprz5 zainod-0.10.1[3031]:     at packages/zaino-serve/src/rpc/grpc/service.rs:161
1791661882.255674 runnervmmprz5 zainod-0.10.1[3031]:   19:51:22.255  INFO zainodlib::indexer: Zaino status check, chain_state: Ready, fs_mode: ephemeral(syncing), json_rpc: Ready, grpc: Ready
1791661882.255674 runnervmmprz5 zainod-0.10.1[3031]:     at packages/zainod/src/indexer.rs:333
1791661886.186945 runnervmmprz5 zainod-0.10.1[3031]:   19:51:26.186  INFO zaino_chain_store_zainodb::store::finalised_source::v1::write_core: write_blocks_to_height: committed batch, height: 4199999, blocks: 100000
1791661886.186945 runnervmmprz5 zainod-0.10.1[3031]:     at packages/zaino-chain-store-zainodb/src/store/finalised_source/v1/write_core.rs:636
1791661886.817260 runnervmmprz5 zainod-0.10.1[3031]:   19:51:26.817  INFO zaino_serve::rpc::grpc::service: [TEST] received call, method: "get_lightd_info"
1791661886.817260 runnervmmprz5 zainod-0.10.1[3031]:     at packages/zaino-serve/src/rpc/grpc/service.rs:161
1791661886.823039 runnervmmprz5 zainod-0.10.1[3031]:   19:51:26.822  INFO zaino_serve::rpc::grpc::service: [TEST] received call, method: "get_block"
1791661886.823039 runnervmmprz5 zainod-0.10.1[3031]:     at packages/zaino-serve/src/rpc/grpc/service.rs:161
1791661886.824957 runnervmmprz5 zainod-0.10.1[3031]:   19:51:26.824  INFO zaino_serve::rpc::grpc::service: [TEST] received call, method: "get_block"
1791661886.824957 runnervmmprz5 zainod-0.10.1[3031]:     at packages/zaino-serve/src/rpc/grpc/service.rs:161
1791661889.642045 runnervmmprz5 zainod-0.10.1[3031]:   19:51:29.641  INFO zaino_chain_store_zainodb::store::finalised_source::v1::write_core: write_blocks_to_height: syncing, current: 4306362, target: 4381896, zebra_network: Testnet
1791661889.642045 runnervmmprz5 zainod-0.10.1[3031]:     at packages/zaino-chain-store-zainodb/src/store/finalised_source/v1/write_core.rs:184
1791661891.814110 runnervmmprz5 zainod-0.10.1[3031]:   19:51:31.814  INFO zaino_serve::rpc::grpc::service: [TEST] received call, method: "get_lightd_info"
1791661891.814110 runnervmmprz5 zainod-0.10.1[3031]:     at packages/zaino-serve/src/rpc/grpc/service.rs:161
1791661891.825636 runnervmmprz5 zainod-0.10.1[3031]:   19:51:31.817  INFO zaino_serve::rpc::grpc::service: [TEST] received call, method: "get_block"
1791661891.825636 runnervmmprz5 zainod-0.10.1[3031]:     at packages/zaino-serve/src/rpc/grpc/service.rs:161
1791661891.825636 runnervmmprz5 zainod-0.10.1[3031]:   19:51:31.818  INFO zaino_serve::rpc::grpc::service: [TEST] received call, method: "get_block"
1791661891.825636 runnervmmprz5 zainod-0.10.1[3031]:     at packages/zaino-serve/src/rpc/grpc/service.rs:161
1791661892.355118 runnervmmprz5 zainod-0.10.1[3031]:   19:51:32.355  INFO zainodlib::indexer: Zaino status check, chain_state: Ready, fs_mode: ephemeral(syncing), json_rpc: Ready, grpc: Ready
1791661892.355118 runnervmmprz5 zainod-0.10.1[3031]:     at packages/zainod/src/indexer.rs:333
1791661896.813607 runnervmmprz5 zainod-0.10.1[3031]:   19:51:36.813  INFO zaino_serve::rpc::grpc::service: [TEST] received call, method: "get_lightd_info"
1791661896.813607 runnervmmprz5 zainod-0.10.1[3031]:     at packages/zaino-serve/src/rpc/grpc/service.rs:161
1791661896.817246 runnervmmprz5 zainod-0.10.1[3031]:   19:51:36.817  INFO zaino_serve::rpc::grpc::service: [TEST] received call, method: "get_block"
1791661896.817246 runnervmmprz5 zainod-0.10.1[3031]:     at packages/zaino-serve/src/rpc/grpc/service.rs:161
1791661896.819404 runnervmmprz5 zainod-0.10.1[3031]:   19:51:36.819  INFO zaino_serve::rpc::grpc::service: [TEST] received call, method: "get_block"
1791661896.819404 runnervmmprz5 zainod-0.10.1[3031]:     at packages/zaino-serve/src/rpc/grpc/service.rs:161
1791661899.653483 runnervmmprz5 zainod-0.10.1[3031]:   19:51:39.653  INFO zaino_chain_store_zainodb::store::finalised_source::v1::write_core: write_blocks_to_height: syncing, current: 4307190, target: 4381896, zebra_network: Testnet
1791661899.653483 runnervmmprz5 zainod-0.10.1[3031]:     at packages/zaino-chain-store-zainodb/src/store/finalised_source/v1/write_core.rs:184
1791661901.816616 runnervmmprz5 zainod-0.10.1[3031]:   19:51:41.816  INFO zaino_serve::rpc::grpc::service: [TEST] received call, method: "get_lightd_info"
1791661901.816616 runnervmmprz5 zainod-0.10.1[3031]:     at packages/zaino-serve/src/rpc/grpc/service.rs:161
1791661901.821815 runnervmmprz5 zainod-0.10.1[3031]:   19:51:41.821  INFO zaino_serve::rpc::grpc::service: [TEST] received call, method: "get_block"
1791661901.821815 runnervmmprz5 zainod-0.10.1[3031]:     at packages/zaino-serve/src/rpc/grpc/service.rs:161
1791661901.822875 runnervmmprz5 zainod-0.10.1[3031]:   19:51:41.822  INFO zaino_serve::rpc::grpc::service: [TEST] received call, method: "get_block"
1791661901.822875 runnervmmprz5 zainod-0.10.1[3031]:     at packages/zaino-serve/src/rpc/grpc/service.rs:161
1791661902.455437 runnervmmprz5 zainod-0.10.1[3031]:   19:51:42.455  INFO zainodlib::indexer: Zaino status check, chain_state: Ready, fs_mode: ephemeral(syncing), json_rpc: Ready, grpc: Ready
1791661902.455437 runnervmmprz5 zainod-0.10.1[3031]:     at packages/zainod/src/indexer.rs:333
1791661906.820833 runnervmmprz5 zainod-0.10.1[3031]:   19:51:46.820  INFO zaino_serve::rpc::grpc::service: [TEST] received call, method: "get_lightd_info"
1791661906.820833 runnervmmprz5 zainod-0.10.1[3031]:     at packages/zaino-serve/src/rpc/grpc/service.rs:161
1791661906.827797 runnervmmprz5 zainod-0.10.1[3031]:   19:51:46.827  INFO zaino_serve::rpc::grpc::service: [TEST] received call, method: "get_block"
1791661906.827797 runnervmmprz5 zainod-0.10.1[3031]:     at packages/zaino-serve/src/rpc/grpc/service.rs:161
1791661906.829074 runnervmmprz5 zainod-0.10.1[3031]:   19:51:46.829  INFO zaino_serve::rpc::grpc::service: [TEST] received call, method: "get_block"
1791661906.829074 runnervmmprz5 zainod-0.10.1[3031]:     at packages/zaino-serve/src/rpc/grpc/service.rs:161
1791661909.660742 runnervmmprz5 zainod-0.10.1[3031]:   19:51:49.660  INFO zaino_chain_store_zainodb::store::finalised_source::v1::write_core: write_blocks_to_height: syncing, current: 4308078, target: 4381896, zebra_network: Testnet
1791661909.660742 runnervmmprz5 zainod-0.10.1[3031]:     at packages/zaino-chain-store-zainodb/src/store/finalised_source/v1/write_core.rs:184
1791661911.821602 runnervmmprz5 zainod-0.10.1[3031]:   19:51:51.821  INFO zaino_serve::rpc::grpc::service: [TEST] received call, method: "get_lightd_info"
1791661911.821602 runnervmmprz5 zainod-0.10.1[3031]:     at packages/zaino-serve/src/rpc/grpc/service.rs:161
1791661911.826263 runnervmmprz5 zainod-0.10.1[3031]:   19:51:51.826  INFO zaino_serve::rpc::grpc::service: [TEST] received call, method: "get_block"
1791661911.826263 runnervmmprz5 zainod-0.10.1[3031]:     at packages/zaino-serve/src/rpc/grpc/service.rs:161
1791661911.827112 runnervmmprz5 zainod-0.10.1[3031]:   19:51:51.827  INFO zaino_serve::rpc::grpc::service: [TEST] received call, method: "get_block"
1791661911.827112 runnervmmprz5 zainod-0.10.1[3031]:     at packages/zaino-serve/src/rpc/grpc/service.rs:161
1791661912.555436 runnervmmprz5 zainod-0.10.1[3031]:   19:51:52.555  INFO zainodlib::indexer: Zaino status check, chain_state: Ready, fs_mode: ephemeral(syncing), json_rpc: Ready, grpc: Ready
1791661912.555436 runnervmmprz5 zainod-0.10.1[3031]:     at packages/zainod/src/indexer.rs:333
1791661916.815157 runnervmmprz5 zainod-0.10.1[3031]:   19:51:56.815  INFO zaino_serve::rpc::grpc::service: [TEST] received call, method: "get_lightd_info"
1791661916.815157 runnervmmprz5 zainod-0.10.1[3031]:     at packages/zaino-serve/src/rpc/grpc/service.rs:161
1791661916.818618 runnervmmprz5 zainod-0.10.1[3031]:   19:51:56.818  INFO zaino_serve::rpc::grpc::service: [TEST] received call, method: "get_block"
1791661916.818618 runnervmmprz5 zainod-0.10.1[3031]:     at packages/zaino-serve/src/rpc/grpc/service.rs:161
1791661916.819377 runnervmmprz5 zainod-0.10.1[3031]:   19:51:56.819  INFO zaino_serve::rpc::grpc::service: [TEST] received call, method: "get_block"
1791661916.819377 runnervmmprz5 zainod-0.10.1[3031]:     at packages/zaino-serve/src/rpc/grpc/service.rs:161
1791661919.668413 runnervmmprz5 zainod-0.10.1[3031]:   19:51:59.668  INFO zaino_chain_store_zainodb::store::finalised_source::v1::write_core: write_blocks_to_height: syncing, current: 4316250, target: 4381896, zebra_network: Testnet
1791661919.668413 runnervmmprz5 zainod-0.10.1[3031]:     at packages/zaino-chain-store-zainodb/src/store/finalised_source/v1/write_core.rs:184
1791661921.818501 runnervmmprz5 zainod-0.10.1[3031]:   19:52:01.818  INFO zaino_serve::rpc::grpc::service: [TEST] received call, method: "get_lightd_info"
1791661921.818501 runnervmmprz5 zainod-0.10.1[3031]:     at packages/zaino-serve/src/rpc/grpc/service.rs:161
1791661921.822999 runnervmmprz5 zainod-0.10.1[3031]:   19:52:01.822  INFO zaino_serve::rpc::grpc::service: [TEST] received call, method: "get_block"
1791661921.822999 runnervmmprz5 zainod-0.10.1[3031]:     at packages/zaino-serve/src/rpc/grpc/service.rs:161
1791661921.823757 runnervmmprz5 zainod-0.10.1[3031]:   19:52:01.823  INFO zaino_serve::rpc::grpc::service: [TEST] received call, method: "get_block"
1791661921.823757 runnervmmprz5 zainod-0.10.1[3031]:     at packages/zaino-serve/src/rpc/grpc/service.rs:161
1791661922.655420 runnervmmprz5 zainod-0.10.1[3031]:   19:52:02.655  INFO zainodlib::indexer: Zaino status check, chain_state: Ready, fs_mode: ephemeral(syncing), json_rpc: Ready, grpc: Ready
1791661922.655420 runnervmmprz5 zainod-0.10.1[3031]:     at packages/zainod/src/indexer.rs:333
1791661926.821806 runnervmmprz5 zainod-0.10.1[3031]:   19:52:06.821  INFO zaino_serve::rpc::grpc::service: [TEST] received call, method: "get_lightd_info"
1791661926.821806 runnervmmprz5 zainod-0.10.1[3031]:     at packages/zaino-serve/src/rpc/grpc/service.rs:161
1791661926.826723 runnervmmprz5 zainod-0.10.1[3031]:   19:52:06.826  INFO zaino_serve::rpc::grpc::service: [TEST] received call, method: "get_block"
1791661926.826723 runnervmmprz5 zainod-0.10.1[3031]:     at packages/zaino-serve/src/rpc/grpc/service.rs:161
1791661926.827802 runnervmmprz5 zainod-0.10.1[3031]:   19:52:06.827  INFO zaino_serve::rpc::grpc::service: [TEST] received call, method: "get_block"
1791661926.827802 runnervmmprz5 zainod-0.10.1[3031]:     at packages/zaino-serve/src/rpc/grpc/service.rs:161
1791661929.690192 runnervmmprz5 zainod-0.10.1[3031]:   19:52:09.690  INFO zaino_chain_store_zainodb::store::finalised_source::v1::write_core: write_blocks_to_height: syncing, current: 4331175, target: 4381896, zebra_network: Testnet
1791661929.690192 runnervmmprz5 zainod-0.10.1[3031]:     at packages/zaino-chain-store-zainodb/src/store/finalised_source/v1/write_core.rs:184
1791661931.823171 runnervmmprz5 zainod-0.10.1[3031]:   19:52:11.823  INFO zaino_serve::rpc::grpc::service: [TEST] received call, method: "get_lightd_info"
1791661931.823171 runnervmmprz5 zainod-0.10.1[3031]:     at packages/zaino-serve/src/rpc/grpc/service.rs:161
1791661931.828373 runnervmmprz5 zainod-0.10.1[3031]:   19:52:11.828  INFO zaino_serve::rpc::grpc::service: [TEST] received call, method: "get_block"
1791661931.828373 runnervmmprz5 zainod-0.10.1[3031]:     at packages/zaino-serve/src/rpc/grpc/service.rs:161
1791661931.831522 runnervmmprz5 zainod-0.10.1[3031]:   19:52:11.831  INFO zaino_serve::rpc::grpc::service: [TEST] received call, method: "get_block"
1791661931.831522 runnervmmprz5 zainod-0.10.1[3031]:     at packages/zaino-serve/src/rpc/grpc/service.rs:161
1791661932.655474 runnervmmprz5 zainod-0.10.1[3031]:   19:52:12.655  INFO zainodlib::indexer: Zaino status check, chain_state: Ready, fs_mode: ephemeral(syncing), json_rpc: Ready, grpc: Ready
1791661932.655474 runnervmmprz5 zainod-0.10.1[3031]:     at packages/zainod/src/indexer.rs:333
1791661936.820112 runnervmmprz5 zainod-0.10.1[3031]:   19:52:16.819  INFO zaino_serve::rpc::grpc::service: [TEST] received call, method: "get_lightd_info"
1791661936.820112 runnervmmprz5 zainod-0.10.1[3031]:     at packages/zaino-serve/src/rpc/grpc/service.rs:161
1791661936.824933 runnervmmprz5 zainod-0.10.1[3031]:   19:52:16.824  INFO zaino_serve::rpc::grpc::service: [TEST] received call, method: "get_block"
1791661936.824933 runnervmmprz5 zainod-0.10.1[3031]:     at packages/zaino-serve/src/rpc/grpc/service.rs:161
1791661936.825797 runnervmmprz5 zainod-0.10.1[3031]:   19:52:16.825  INFO zaino_serve::rpc::grpc::service: [TEST] received call, method: "get_block"
1791661936.825797 runnervmmprz5 zainod-0.10.1[3031]:     at packages/zaino-serve/src/rpc/grpc/service.rs:161
1791661939.690381 runnervmmprz5 zainod-0.10.1[3031]:   19:52:19.690  INFO zaino_chain_store_zainodb::store::finalised_source::v1::write_core: write_blocks_to_height: syncing, current: 4353708, target: 4381896, zebra_network: Testnet
1791661939.690381 runnervmmprz5 zainod-0.10.1[3031]:     at packages/zaino-chain-store-zainodb/src/store/finalised_source/v1/write_core.rs:184
1791661941.823032 runnervmmprz5 zainod-0.10.1[3031]:   19:52:21.822  INFO zaino_serve::rpc::grpc::service: [TEST] received call, method: "get_lightd_info"
1791661941.823032 runnervmmprz5 zainod-0.10.1[3031]:     at packages/zaino-serve/src/rpc/grpc/service.rs:161
1791661941.827480 runnervmmprz5 zainod-0.10.1[3031]:   19:52:21.827  INFO zaino_serve::rpc::grpc::service: [TEST] received call, method: "get_block"
1791661941.827480 runnervmmprz5 zainod-0.10.1[3031]:     at packages/zaino-serve/src/rpc/grpc/service.rs:161
1791661941.828427 runnervmmprz5 zainod-0.10.1[3031]:   19:52:21.828  INFO zaino_serve::rpc::grpc::service: [TEST] received call, method: "get_block"
1791661941.828427 runnervmmprz5 zainod-0.10.1[3031]:     at packages/zaino-serve/src/rpc/grpc/service.rs:161
1791661942.754913 runnervmmprz5 zainod-0.10.1[3031]:   19:52:22.754  INFO zainodlib::indexer: Zaino status check, chain_state: Ready, fs_mode: ephemeral(syncing), json_rpc: Ready, grpc: Ready
1791661942.754913 runnervmmprz5 zainod-0.10.1[3031]:     at packages/zainod/src/indexer.rs:333
1791661946.819690 runnervmmprz5 zainod-0.10.1[3031]:   19:52:26.819  INFO zaino_serve::rpc::grpc::service: [TEST] received call, method: "get_lightd_info"
1791661946.819690 runnervmmprz5 zainod-0.10.1[3031]:     at packages/zaino-serve/src/rpc/grpc/service.rs:161
1791661946.824241 runnervmmprz5 zainod-0.10.1[3031]:   19:52:26.824  INFO zaino_serve::rpc::grpc::service: [TEST] received call, method: "get_block"
1791661946.824241 runnervmmprz5 zainod-0.10.1[3031]:     at packages/zaino-serve/src/rpc/grpc/service.rs:161
1791661946.825075 runnervmmprz5 zainod-0.10.1[3031]:   19:52:26.825  INFO zaino_serve::rpc::grpc::service: [TEST] received call, method: "get_block"
1791661946.825075 runnervmmprz5 zainod-0.10.1[3031]:     at packages/zaino-serve/src/rpc/grpc/service.rs:161
1791661949.691096 runnervmmprz5 zainod-0.10.1[3031]:   19:52:29.691  INFO zaino_chain_store_zainodb::store::finalised_source::v1::write_core: write_blocks_to_height: syncing, current: 4376778, target: 4381896, zebra_network: Testnet
1791661949.691096 runnervmmprz5 zainod-0.10.1[3031]:     at packages/zaino-chain-store-zainodb/src/store/finalised_source/v1/write_core.rs:184
1791661951.822354 runnervmmprz5 zainod-0.10.1[3031]:   19:52:31.822  INFO zaino_serve::rpc::grpc::service: [TEST] received call, method: "get_lightd_info"
1791661951.822354 runnervmmprz5 zainod-0.10.1[3031]:     at packages/zaino-serve/src/rpc/grpc/service.rs:161
1791661951.827860 runnervmmprz5 zainod-0.10.1[3031]:   19:52:31.827  INFO zaino_serve::rpc::grpc::service: [TEST] received call, method: "get_block"
1791661951.827860 runnervmmprz5 zainod-0.10.1[3031]:     at packages/zaino-serve/src/rpc/grpc/service.rs:161
1791661951.828986 runnervmmprz5 zainod-0.10.1[3031]:   19:52:31.828  INFO zaino_serve::rpc::grpc::service: [TEST] received call, method: "get_block"
1791661951.828986 runnervmmprz5 zainod-0.10.1[3031]:     at packages/zaino-serve/src/rpc/grpc/service.rs:161
1791661952.755326 runnervmmprz5 zainod-0.10.1[3031]:   19:52:32.755  INFO zainodlib::indexer: Zaino status check, chain_state: Ready, fs_mode: ephemeral(syncing), json_rpc: Ready, grpc: Ready
1791661952.755326 runnervmmprz5 zainod-0.10.1[3031]:     at packages/zainod/src/indexer.rs:333
1791661953.343716 runnervmmprz5 zainod-0.10.1[3031]:   19:52:33.343  INFO zaino_chain_store_zainodb::store::finalised_source::v1::write_core: write_blocks_to_height: committed batch, height: 4299999, blocks: 100000
1791661953.343716 runnervmmprz5 zainod-0.10.1[3031]:     at packages/zaino-chain-store-zainodb/src/store/finalised_source/v1/write_core.rs:636
1791661956.818238 runnervmmprz5 zainod-0.10.1[3031]:   19:52:36.818  INFO zaino_serve::rpc::grpc::service: [TEST] received call, method: "get_lightd_info"
1791661956.818238 runnervmmprz5 zainod-0.10.1[3031]:     at packages/zaino-serve/src/rpc/grpc/service.rs:161
1791661956.823246 runnervmmprz5 zainod-0.10.1[3031]:   19:52:36.823  INFO zaino_serve::rpc::grpc::service: [TEST] received call, method: "get_block"
1791661956.823246 runnervmmprz5 zainod-0.10.1[3031]:     at packages/zaino-serve/src/rpc/grpc/service.rs:161
1791661956.825163 runnervmmprz5 zainod-0.10.1[3031]:   19:52:36.825  INFO zaino_serve::rpc::grpc::service: [TEST] received call, method: "get_block"
1791661956.825163 runnervmmprz5 zainod-0.10.1[3031]:     at packages/zaino-serve/src/rpc/grpc/service.rs:161
1791661961.819835 runnervmmprz5 zainod-0.10.1[3031]:   19:52:41.819  INFO zaino_serve::rpc::grpc::service: [TEST] received call, method: "get_lightd_info"
1791661961.819835 runnervmmprz5 zainod-0.10.1[3031]:     at packages/zaino-serve/src/rpc/grpc/service.rs:161
1791661961.824993 runnervmmprz5 zainod-0.10.1[3031]:   19:52:41.824  INFO zaino_serve::rpc::grpc::service: [TEST] received call, method: "get_block"
1791661961.824993 runnervmmprz5 zainod-0.10.1[3031]:     at packages/zaino-serve/src/rpc/grpc/service.rs:161
1791661961.825800 runnervmmprz5 zainod-0.10.1[3031]:   19:52:41.825  INFO zaino_serve::rpc::grpc::service: [TEST] received call, method: "get_block"
1791661961.825800 runnervmmprz5 zainod-0.10.1[3031]:     at packages/zaino-serve/src/rpc/grpc/service.rs:161
1791661962.854808 runnervmmprz5 zainod-0.10.1[3031]:   19:52:42.854  INFO zainodlib::indexer: Zaino status check, chain_state: Ready, fs_mode: ephemeral(syncing), json_rpc: Ready, grpc: Ready
1791661962.854808 runnervmmprz5 zainod-0.10.1[3031]:     at packages/zainod/src/indexer.rs:333
1791661963.439027 runnervmmprz5 zainod-0.10.1[3031]:   19:52:43.438  INFO zaino_chain_store_zainodb::store::finalised_source::v1::write_core: write_blocks_to_height: committed batch, height: 4381896, blocks: 81897
1791661963.439027 runnervmmprz5 zainod-0.10.1[3031]:     at packages/zaino-chain-store-zainodb/src/store/finalised_source/v1/write_core.rs:636
1791661963.497758 runnervmmprz5 zainod-0.10.1[3031]:   19:52:43.497  INFO zaino_chain_store_zainodb::store::finalised_source::v1::tx_out_set_accumulator: write_blocks_to_height: rebuilding txout-set accumulator to height 4381896
1791661963.497758 runnervmmprz5 zainod-0.10.1[3031]:     at packages/zaino-chain-store-zainodb/src/store/finalised_source/v1/tx_out_set_accumulator.rs:786
1791661963.497758 runnervmmprz5 zainod-0.10.1[3031]:   19:52:43.497  INFO zaino_chain_store_zainodb::store::finalised_source::v1::tx_out_set_accumulator: txout-set accumulator rebuild to height 4381896: sizing shards (~8589934592 byte budget)
1791661963.497758 runnervmmprz5 zainod-0.10.1[3031]:     at packages/zaino-chain-store-zainodb/src/store/finalised_source/v1/tx_out_set_accumulator.rs:844
1791661964.221373 runnervmmprz5 zainod-0.10.1[3031]:   19:52:44.221  INFO zaino_chain_store_zainodb::store::finalised_source::v1::tx_out_set_accumulator: txout-set accumulator rebuild: spent-entry count complete, spent_entries: 1794140, elapsed: 723.6024ms
1791661964.221373 runnervmmprz5 zainod-0.10.1[3031]:     at packages/zaino-chain-store-zainodb/src/store/finalised_source/v1/tx_out_set_accumulator.rs:965
1791661964.221373 runnervmmprz5 zainod-0.10.1[3031]:   19:52:44.221  INFO zaino_chain_store_zainodb::store::finalised_source::v1::tx_out_set_accumulator: txout-set accumulator rebuild to height 4381896: 1 initial shard(s), ≤33554432 spent outpoints/shard, ~8589934592 byte budget
1791661964.221373 runnervmmprz5 zainod-0.10.1[3031]:     at packages/zaino-chain-store-zainodb/src/store/finalised_source/v1/tx_out_set_accumulator.rs:854
1791661964.221373 runnervmmprz5 zainod-0.10.1[3031]:   19:52:44.221  INFO zaino_chain_store_zainodb::store::finalised_source::v1::tx_out_set_accumulator: txout-set accumulator rebuild: starting shard, shard: 1, planned: 1, lo: 0, hi: 256, remaining: 0, db_tip: 4381896, elapsed: 501ns
1791661964.221373 runnervmmprz5 zainod-0.10.1[3031]:     at packages/zaino-chain-store-zainodb/src/store/finalised_source/v1/tx_out_set_accumulator.rs:1024
1791661964.749950 runnervmmprz5 zainod-0.10.1[3031]:   19:52:44.749  INFO zaino_chain_store_zainodb::store::finalised_source::v1::tx_out_set_accumulator: txout-set accumulator rebuild: shard spent set loaded, shard: 1, shard_total: 1, lo: 0, hi: 256, spent_outpoints: 1794140, elapsed: 528.495585ms
1791661964.749950 runnervmmprz5 zainod-0.10.1[3031]:     at packages/zaino-chain-store-zainodb/src/store/finalised_source/v1/tx_out_set_accumulator.rs:1184
1791661966.820431 runnervmmprz5 zainod-0.10.1[3031]:   19:52:46.820  INFO zaino_serve::rpc::grpc::service: [TEST] received call, method: "get_lightd_info"
1791661966.820431 runnervmmprz5 zainod-0.10.1[3031]:     at packages/zaino-serve/src/rpc/grpc/service.rs:161
1791661966.824495 runnervmmprz5 zainod-0.10.1[3031]:   19:52:46.824  INFO zaino_serve::rpc::grpc::service: [TEST] received call, method: "get_block"
1791661966.824495 runnervmmprz5 zainod-0.10.1[3031]:     at packages/zaino-serve/src/rpc/grpc/service.rs:161
1791661966.825525 runnervmmprz5 zainod-0.10.1[3031]:   19:52:46.825  INFO zaino_serve::rpc::grpc::service: [TEST] received call, method: "get_block"
1791661966.825525 runnervmmprz5 zainod-0.10.1[3031]:     at packages/zaino-serve/src/rpc/grpc/service.rs:161
1791661971.821894 runnervmmprz5 zainod-0.10.1[3031]:   19:52:51.821  INFO zaino_serve::rpc::grpc::service: [TEST] received call, method: "get_lightd_info"
1791661971.821894 runnervmmprz5 zainod-0.10.1[3031]:     at packages/zaino-serve/src/rpc/grpc/service.rs:161
1791661971.825532 runnervmmprz5 zainod-0.10.1[3031]:   19:52:51.825  INFO zaino_serve::rpc::grpc::service: [TEST] received call, method: "get_block"
1791661971.825532 runnervmmprz5 zainod-0.10.1[3031]:     at packages/zaino-serve/src/rpc/grpc/service.rs:161
1791661971.826267 runnervmmprz5 zainod-0.10.1[3031]:   19:52:51.826  INFO zaino_serve::rpc::grpc::service: [TEST] received call, method: "get_block"
1791661971.826267 runnervmmprz5 zainod-0.10.1[3031]:     at packages/zaino-serve/src/rpc/grpc/service.rs:161
1791661972.855567 runnervmmprz5 zainod-0.10.1[3031]:   19:52:52.855  INFO zainodlib::indexer: Zaino status check, chain_state: Ready, fs_mode: ephemeral(syncing), json_rpc: Ready, grpc: Ready
1791661972.855567 runnervmmprz5 zainod-0.10.1[3031]:     at packages/zainod/src/indexer.rs:333
1791661974.750745 runnervmmprz5 zainod-0.10.1[3031]:   19:52:54.750  INFO zaino_chain_store_zainodb::store::finalised_source::v1::tx_out_set_accumulator: txout-set accumulator rebuild: progress, shard: 1, shard_total: 1, lo: 0, hi: 256, height: 614359, db_tip: 4381896, elapsed: 10.529292861s
1791661974.750745 runnervmmprz5 zainod-0.10.1[3031]:     at packages/zaino-chain-store-zainodb/src/store/finalised_source/v1/tx_out_set_accumulator.rs:1278
1791661976.821204 runnervmmprz5 zainod-0.10.1[3031]:   19:52:56.821  INFO zaino_serve::rpc::grpc::service: [TEST] received call, method: "get_lightd_info"
1791661976.821204 runnervmmprz5 zainod-0.10.1[3031]:     at packages/zaino-serve/src/rpc/grpc/service.rs:161
1791661976.824692 runnervmmprz5 zainod-0.10.1[3031]:   19:52:56.824  INFO zaino_serve::rpc::grpc::service: [TEST] received call, method: "get_block"
1791661976.824692 runnervmmprz5 zainod-0.10.1[3031]:     at packages/zaino-serve/src/rpc/grpc/service.rs:161
1791661976.825494 runnervmmprz5 zainod-0.10.1[3031]:   19:52:56.825  INFO zaino_serve::rpc::grpc::service: [TEST] received call, method: "get_block"
1791661976.825494 runnervmmprz5 zainod-0.10.1[3031]:     at packages/zaino-serve/src/rpc/grpc/service.rs:161
1791661981.822195 runnervmmprz5 zainod-0.10.1[3031]:   19:53:01.822  INFO zaino_serve::rpc::grpc::service: [TEST] received call, method: "get_lightd_info"
1791661981.822195 runnervmmprz5 zainod-0.10.1[3031]:     at packages/zaino-serve/src/rpc/grpc/service.rs:161
1791661981.826257 runnervmmprz5 zainod-0.10.1[3031]:   19:53:01.826  INFO zaino_serve::rpc::grpc::service: [TEST] received call, method: "get_block"
1791661981.826257 runnervmmprz5 zainod-0.10.1[3031]:     at packages/zaino-serve/src/rpc/grpc/service.rs:161
1791661981.826965 runnervmmprz5 zainod-0.10.1[3031]:   19:53:01.826  INFO zaino_serve::rpc::grpc::service: [TEST] received call, method: "get_block"
1791661981.826965 runnervmmprz5 zainod-0.10.1[3031]:     at packages/zaino-serve/src/rpc/grpc/service.rs:161
1791661982.955419 runnervmmprz5 zainod-0.10.1[3031]:   19:53:02.955  INFO zainodlib::indexer: Zaino status check, chain_state: Ready, fs_mode: ephemeral(syncing), json_rpc: Ready, grpc: Ready
1791661982.955419 runnervmmprz5 zainod-0.10.1[3031]:     at packages/zainod/src/indexer.rs:333
1791661984.750834 runnervmmprz5 zainod-0.10.1[3031]:   19:53:04.750  INFO zaino_chain_store_zainodb::store::finalised_source::v1::tx_out_set_accumulator: txout-set accumulator rebuild: progress, shard: 1, shard_total: 1, lo: 0, hi: 256, height: 1275154, db_tip: 4381896, elapsed: 20.529384425s
1791661984.750834 runnervmmprz5 zainod-0.10.1[3031]:     at packages/zaino-chain-store-zainodb/src/store/finalised_source/v1/tx_out_set_accumulator.rs:1278
1791661986.821907 runnervmmprz5 zainod-0.10.1[3031]:   19:53:06.821  INFO zaino_serve::rpc::grpc::service: [TEST] received call, method: "get_lightd_info"
1791661986.821907 runnervmmprz5 zainod-0.10.1[3031]:     at packages/zaino-serve/src/rpc/grpc/service.rs:161
1791661986.825962 runnervmmprz5 zainod-0.10.1[3031]:   19:53:06.825  INFO zaino_serve::rpc::grpc::service: [TEST] received call, method: "get_block"
1791661986.825962 runnervmmprz5 zainod-0.10.1[3031]:     at packages/zaino-serve/src/rpc/grpc/service.rs:161
1791661986.826685 runnervmmprz5 zainod-0.10.1[3031]:   19:53:06.826  INFO zaino_serve::rpc::grpc::service: [TEST] received call, method: "get_block"
1791661986.826685 runnervmmprz5 zainod-0.10.1[3031]:     at packages/zaino-serve/src/rpc/grpc/service.rs:161
1791661991.823384 runnervmmprz5 zainod-0.10.1[3031]:   19:53:11.823  INFO zaino_serve::rpc::grpc::service: [TEST] received call, method: "get_lightd_info"
1791661991.823384 runnervmmprz5 zainod-0.10.1[3031]:     at packages/zaino-serve/src/rpc/grpc/service.rs:161
1791661991.827477 runnervmmprz5 zainod-0.10.1[3031]:   19:53:11.827  INFO zaino_serve::rpc::grpc::service: [TEST] received call, method: "get_block"
1791661991.827477 runnervmmprz5 zainod-0.10.1[3031]:     at packages/zaino-serve/src/rpc/grpc/service.rs:161
1791661991.828227 runnervmmprz5 zainod-0.10.1[3031]:   19:53:11.828  INFO zaino_serve::rpc::grpc::service: [TEST] received call, method: "get_block"
1791661991.828227 runnervmmprz5 zainod-0.10.1[3031]:     at packages/zaino-serve/src/rpc/grpc/service.rs:161
1791661993.055119 runnervmmprz5 zainod-0.10.1[3031]:   19:53:13.055  INFO zainodlib::indexer: Zaino status check, chain_state: Ready, fs_mode: ephemeral(syncing), json_rpc: Ready, grpc: Ready
1791661993.055119 runnervmmprz5 zainod-0.10.1[3031]:     at packages/zainod/src/indexer.rs:333
1791661994.750905 runnervmmprz5 zainod-0.10.1[3031]:   19:53:14.750  INFO zaino_chain_store_zainodb::store::finalised_source::v1::tx_out_set_accumulator: txout-set accumulator rebuild: progress, shard: 1, shard_total: 1, lo: 0, hi: 256, height: 1895719, db_tip: 4381896, elapsed: 30.529468955s
1791661994.750905 runnervmmprz5 zainod-0.10.1[3031]:     at packages/zaino-chain-store-zainodb/src/store/finalised_source/v1/tx_out_set_accumulator.rs:1278
1791661996.822968 runnervmmprz5 zainod-0.10.1[3031]:   19:53:16.822  INFO zaino_serve::rpc::grpc::service: [TEST] received call, method: "get_lightd_info"
1791661996.822968 runnervmmprz5 zainod-0.10.1[3031]:     at packages/zaino-serve/src/rpc/grpc/service.rs:161
1791661996.826487 runnervmmprz5 zainod-0.10.1[3031]:   19:53:16.826  INFO zaino_serve::rpc::grpc::service: [TEST] received call, method: "get_block"
1791661996.826487 runnervmmprz5 zainod-0.10.1[3031]:     at packages/zaino-serve/src/rpc/grpc/service.rs:161
1791661996.827269 runnervmmprz5 zainod-0.10.1[3031]:   19:53:16.827  INFO zaino_serve::rpc::grpc::service: [TEST] received call, method: "get_block"
1791661996.827269 runnervmmprz5 zainod-0.10.1[3031]:     at packages/zaino-serve/src/rpc/grpc/service.rs:161
1791662001.825084 runnervmmprz5 zainod-0.10.1[3031]:   19:53:21.825  INFO zaino_serve::rpc::grpc::service: [TEST] received call, method: "get_lightd_info"
1791662001.825084 runnervmmprz5 zainod-0.10.1[3031]:     at packages/zaino-serve/src/rpc/grpc/service.rs:161
1791662001.828898 runnervmmprz5 zainod-0.10.1[3031]:   19:53:21.828  INFO zaino_serve::rpc::grpc::service: [TEST] received call, method: "get_block"
1791662001.828898 runnervmmprz5 zainod-0.10.1[3031]:     at packages/zaino-serve/src/rpc/grpc/service.rs:161
1791662001.829622 runnervmmprz5 zainod-0.10.1[3031]:   19:53:21.829  INFO zaino_serve::rpc::grpc::service: [TEST] received call, method: "get_block"
1791662001.829622 runnervmmprz5 zainod-0.10.1[3031]:     at packages/zaino-serve/src/rpc/grpc/service.rs:161
1791662003.155568 runnervmmprz5 zainod-0.10.1[3031]:   19:53:23.155  INFO zainodlib::indexer: Zaino status check, chain_state: Ready, fs_mode: ephemeral(syncing), json_rpc: Ready, grpc: Ready
1791662003.155568 runnervmmprz5 zainod-0.10.1[3031]:     at packages/zainod/src/indexer.rs:333
1791662004.750965 runnervmmprz5 zainod-0.10.1[3031]:   19:53:24.750  INFO zaino_chain_store_zainodb::store::finalised_source::v1::tx_out_set_accumulator: txout-set accumulator rebuild: progress, shard: 1, shard_total: 1, lo: 0, hi: 256, height: 2497894, db_tip: 4381896, elapsed: 40.529543294s
1791662004.750965 runnervmmprz5 zainod-0.10.1[3031]:     at packages/zaino-chain-store-zainodb/src/store/finalised_source/v1/tx_out_set_accumulator.rs:1278
1791662006.824849 runnervmmprz5 zainod-0.10.1[3031]:   19:53:26.824  INFO zaino_serve::rpc::grpc::service: [TEST] received call, method: "get_lightd_info"
1791662006.824849 runnervmmprz5 zainod-0.10.1[3031]:     at packages/zaino-serve/src/rpc/grpc/service.rs:161
1791662006.829381 runnervmmprz5 zainod-0.10.1[3031]:   19:53:26.829  INFO zaino_serve::rpc::grpc::service: [TEST] received call, method: "get_block"
1791662006.829381 runnervmmprz5 zainod-0.10.1[3031]:     at packages/zaino-serve/src/rpc/grpc/service.rs:161
1791662006.830096 runnervmmprz5 zainod-0.10.1[3031]:   19:53:26.830  INFO zaino_serve::rpc::grpc::service: [TEST] received call, method: "get_block"
1791662006.830096 runnervmmprz5 zainod-0.10.1[3031]:     at packages/zaino-serve/src/rpc/grpc/service.rs:161
1791662011.825894 runnervmmprz5 zainod-0.10.1[3031]:   19:53:31.825  INFO zaino_serve::rpc::grpc::service: [TEST] received call, method: "get_lightd_info"
1791662011.825894 runnervmmprz5 zainod-0.10.1[3031]:     at packages/zaino-serve/src/rpc/grpc/service.rs:161
1791662011.830025 runnervmmprz5 zainod-0.10.1[3031]:   19:53:31.830  INFO zaino_serve::rpc::grpc::service: [TEST] received call, method: "get_block"
1791662011.830025 runnervmmprz5 zainod-0.10.1[3031]:     at packages/zaino-serve/src/rpc/grpc/service.rs:161
1791662011.830745 runnervmmprz5 zainod-0.10.1[3031]:   19:53:31.830  INFO zaino_serve::rpc::grpc::service: [TEST] received call, method: "get_block"
1791662011.830745 runnervmmprz5 zainod-0.10.1[3031]:     at packages/zaino-serve/src/rpc/grpc/service.rs:161
1791662013.255248 runnervmmprz5 zainod-0.10.1[3031]:   19:53:33.255  INFO zainodlib::indexer: Zaino status check, chain_state: Ready, fs_mode: ephemeral(syncing), json_rpc: Ready, grpc: Ready
1791662013.255248 runnervmmprz5 zainod-0.10.1[3031]:     at packages/zainod/src/indexer.rs:333
1791662014.751109 runnervmmprz5 zainod-0.10.1[3031]:   19:53:34.751  INFO zaino_chain_store_zainodb::store::finalised_source::v1::tx_out_set_accumulator: txout-set accumulator rebuild: progress, shard: 1, shard_total: 1, lo: 0, hi: 256, height: 3288475, db_tip: 4381896, elapsed: 50.529688594s
1791662014.751109 runnervmmprz5 zainod-0.10.1[3031]:     at packages/zaino-chain-store-zainodb/src/store/finalised_source/v1/tx_out_set_accumulator.rs:1278
1791662016.824877 runnervmmprz5 zainod-0.10.1[3031]:   19:53:36.824  INFO zaino_serve::rpc::grpc::service: [TEST] received call, method: "get_lightd_info"
1791662016.824877 runnervmmprz5 zainod-0.10.1[3031]:     at packages/zaino-serve/src/rpc/grpc/service.rs:161
1791662016.828719 runnervmmprz5 zainod-0.10.1[3031]:   19:53:36.828  INFO zaino_serve::rpc::grpc::service: [TEST] received call, method: "get_block"
1791662016.828719 runnervmmprz5 zainod-0.10.1[3031]:     at packages/zaino-serve/src/rpc/grpc/service.rs:161
1791662016.829424 runnervmmprz5 zainod-0.10.1[3031]:   19:53:36.829  INFO zaino_serve::rpc::grpc::service: [TEST] received call, method: "get_block"
1791662016.829424 runnervmmprz5 zainod-0.10.1[3031]:     at packages/zaino-serve/src/rpc/grpc/service.rs:161
1791662020.913267 runnervmmprz5 zainod-0.10.1[3031]:   19:53:40.913  INFO zaino_chain_store_zainodb::store::finalised_source::v1::tx_out_set_accumulator: txout-set accumulator rebuild: shard complete, shard: 1, planned: 1, lo: 0, hi: 256, elapsed: 56.691812479s
1791662020.913267 runnervmmprz5 zainod-0.10.1[3031]:     at packages/zaino-chain-store-zainodb/src/store/finalised_source/v1/tx_out_set_accumulator.rs:1045
1791662020.913267 runnervmmprz5 zainod-0.10.1[3031]:   19:53:40.913  INFO zaino_chain_store_zainodb::store::finalised_source::v1::tx_out_set_accumulator: txout-set accumulator rebuild: all shards complete, planned: 1, completed: 1, db_tip: 4381896, elapsed: 56.691857142s
1791662020.913267 runnervmmprz5 zainod-0.10.1[3031]:     at packages/zaino-chain-store-zainodb/src/store/finalised_source/v1/tx_out_set_accumulator.rs:1089
1791662021.105916 runnervmmprz5 zainod-0.10.1[3031]:   19:53:41.105  INFO zaino_chain_store_zainodb::store::finalised_source::v1::tx_out_set_accumulator: txout-set accumulator rebuild complete and committed, db_tip: 4381896, shards: 1, elapsed: 56.884481213s
1791662021.105916 runnervmmprz5 zainod-0.10.1[3031]:     at packages/zaino-chain-store-zainodb/src/store/finalised_source/v1/tx_out_set_accumulator.rs:884
1791662021.106287 runnervmmprz5 zainod-0.10.1[3031]:   19:53:41.106  INFO zaino_chain_store_zainodb::store::router: finalised state switched back to the persistent database, released_mode: ReadOnly, mode: persistent
1791662021.106287 runnervmmprz5 zainod-0.10.1[3031]:     at packages/zaino-chain-store-zainodb/src/store/router.rs:774
1791662021.825456 runnervmmprz5 zainod-0.10.1[3031]:   19:53:41.825  INFO zaino_serve::rpc::grpc::service: [TEST] received call, method: "get_lightd_info"
1791662021.825456 runnervmmprz5 zainod-0.10.1[3031]:     at packages/zaino-serve/src/rpc/grpc/service.rs:161
1791662021.828791 runnervmmprz5 zainod-0.10.1[3031]:   19:53:41.828  INFO zaino_serve::rpc::grpc::service: [TEST] received call, method: "get_block"
1791662021.828791 runnervmmprz5 zainod-0.10.1[3031]:     at packages/zaino-serve/src/rpc/grpc/service.rs:161
1791662021.830599 runnervmmprz5 zainod-0.10.1[3031]:   19:53:41.830  INFO zaino_serve::rpc::grpc::service: [TEST] received call, method: "get_block"
1791662021.830599 runnervmmprz5 zainod-0.10.1[3031]:     at packages/zaino-serve/src/rpc/grpc/service.rs:161
1791662023.255613 runnervmmprz5 zainod-0.10.1[3031]:   19:53:43.255  INFO zainodlib::indexer: Zaino status check, chain_state: Ready, fs_mode: persistent, json_rpc: Ready, grpc: Ready
1791662023.255613 runnervmmprz5 zainod-0.10.1[3031]:     at packages/zainod/src/indexer.rs:333
1791662026.825556 runnervmmprz5 zainod-0.10.1[3031]:   19:53:46.825  INFO zaino_serve::rpc::grpc::service: [TEST] received call, method: "get_lightd_info"
1791662026.825556 runnervmmprz5 zainod-0.10.1[3031]:     at packages/zaino-serve/src/rpc/grpc/service.rs:161
1791662026.829739 runnervmmprz5 zainod-0.10.1[3031]:   19:53:46.829  INFO zaino_serve::rpc::grpc::service: [TEST] received call, method: "get_block"
1791662026.829739 runnervmmprz5 zainod-0.10.1[3031]:     at packages/zaino-serve/src/rpc/grpc/service.rs:161
1791662026.830209 runnervmmprz5 zainod-0.10.1[3031]:   19:53:46.830  INFO zaino_serve::rpc::grpc::service: [TEST] received call, method: "get_block"
1791662026.830209 runnervmmprz5 zainod-0.10.1[3031]:     at packages/zaino-serve/src/rpc/grpc/service.rs:161
1791662031.826567 runnervmmprz5 zainod-0.10.1[3031]:   19:53:51.826  INFO zaino_serve::rpc::grpc::service: [TEST] received call, method: "get_lightd_info"
1791662031.826567 runnervmmprz5 zainod-0.10.1[3031]:     at packages/zaino-serve/src/rpc/grpc/service.rs:161
1791662031.829897 runnervmmprz5 zainod-0.10.1[3031]:   19:53:51.829  INFO zaino_serve::rpc::grpc::service: [TEST] received call, method: "get_block"
1791662031.829897 runnervmmprz5 zainod-0.10.1[3031]:     at packages/zaino-serve/src/rpc/grpc/service.rs:161
1791662031.830311 runnervmmprz5 zainod-0.10.1[3031]:   19:53:51.830  INFO zaino_serve::rpc::grpc::service: [TEST] received call, method: "get_block"
1791662031.830311 runnervmmprz5 zainod-0.10.1[3031]:     at packages/zaino-serve/src/rpc/grpc/service.rs:161
1791662033.355585 runnervmmprz5 zainod-0.10.1[3031]:   19:53:53.355  INFO zainodlib::indexer: Zaino status check, chain_state: Ready, fs_mode: persistent, json_rpc: Ready, grpc: Ready
1791662033.355585 runnervmmprz5 zainod-0.10.1[3031]:     at packages/zainod/src/indexer.rs:333
1791662036.826803 runnervmmprz5 zainod-0.10.1[3031]:   19:53:56.826  INFO zaino_serve::rpc::grpc::service: [TEST] received call, method: "get_lightd_info"
1791662036.826803 runnervmmprz5 zainod-0.10.1[3031]:     at packages/zaino-serve/src/rpc/grpc/service.rs:161
1791662036.830269 runnervmmprz5 zainod-0.10.1[3031]:   19:53:56.830  INFO zaino_serve::rpc::grpc::service: [TEST] received call, method: "get_block"
1791662036.830269 runnervmmprz5 zainod-0.10.1[3031]:     at packages/zaino-serve/src/rpc/grpc/service.rs:161
1791662036.830668 runnervmmprz5 zainod-0.10.1[3031]:   19:53:56.830  INFO zaino_serve::rpc::grpc::service: [TEST] received call, method: "get_block"
1791662036.830668 runnervmmprz5 zainod-0.10.1[3031]:     at packages/zaino-serve/src/rpc/grpc/service.rs:161
1791662041.828462 runnervmmprz5 zainod-0.10.1[3031]:   19:54:01.828  INFO zaino_serve::rpc::grpc::service: [TEST] received call, method: "get_lightd_info"
1791662041.828462 runnervmmprz5 zainod-0.10.1[3031]:     at packages/zaino-serve/src/rpc/grpc/service.rs:161
1791662041.832010 runnervmmprz5 zainod-0.10.1[3031]:   19:54:01.831  INFO zaino_serve::rpc::grpc::service: [TEST] received call, method: "get_block"
1791662041.832010 runnervmmprz5 zainod-0.10.1[3031]:     at packages/zaino-serve/src/rpc/grpc/service.rs:161
1791662041.832420 runnervmmprz5 zainod-0.10.1[3031]:   19:54:01.832  INFO zaino_serve::rpc::grpc::service: [TEST] received call, method: "get_block"
1791662041.832420 runnervmmprz5 zainod-0.10.1[3031]:     at packages/zaino-serve/src/rpc/grpc/service.rs:161
1791662043.355701 runnervmmprz5 zainod-0.10.1[3031]:   19:54:03.355  INFO zainodlib::indexer: Zaino status check, chain_state: Ready, fs_mode: persistent, json_rpc: Ready, grpc: Ready
1791662043.355701 runnervmmprz5 zainod-0.10.1[3031]:     at packages/zainod/src/indexer.rs:333
1791662046.827308 runnervmmprz5 zainod-0.10.1[3031]:   19:54:06.827  INFO zaino_serve::rpc::grpc::service: [TEST] received call, method: "get_lightd_info"
1791662046.827308 runnervmmprz5 zainod-0.10.1[3031]:     at packages/zaino-serve/src/rpc/grpc/service.rs:161
1791662046.830670 runnervmmprz5 zainod-0.10.1[3031]:   19:54:06.830  INFO zaino_serve::rpc::grpc::service: [TEST] received call, method: "get_block"
1791662046.830670 runnervmmprz5 zainod-0.10.1[3031]:     at packages/zaino-serve/src/rpc/grpc/service.rs:161
1791662046.831082 runnervmmprz5 zainod-0.10.1[3031]:   19:54:06.831  INFO zaino_serve::rpc::grpc::service: [TEST] received call, method: "get_block"
1791662046.831082 runnervmmprz5 zainod-0.10.1[3031]:     at packages/zaino-serve/src/rpc/grpc/service.rs:161
1791662051.829807 runnervmmprz5 zainod-0.10.1[3031]:   19:54:11.829  INFO zaino_serve::rpc::grpc::service: [TEST] received call, method: "get_lightd_info"
1791662051.829807 runnervmmprz5 zainod-0.10.1[3031]:     at packages/zaino-serve/src/rpc/grpc/service.rs:161
1791662051.833357 runnervmmprz5 zainod-0.10.1[3031]:   19:54:11.833  INFO zaino_serve::rpc::grpc::service: [TEST] received call, method: "get_block"
1791662051.833357 runnervmmprz5 zainod-0.10.1[3031]:     at packages/zaino-serve/src/rpc/grpc/service.rs:161
1791662051.833789 runnervmmprz5 zainod-0.10.1[3031]:   19:54:11.833  INFO zaino_serve::rpc::grpc::service: [TEST] received call, method: "get_block"
1791662051.833789 runnervmmprz5 zainod-0.10.1[3031]:     at packages/zaino-serve/src/rpc/grpc/service.rs:161
1791662053.455485 runnervmmprz5 zainod-0.10.1[3031]:   19:54:13.455  INFO zainodlib::indexer: Zaino status check, chain_state: Ready, fs_mode: persistent, json_rpc: Ready, grpc: Ready
1791662053.455485 runnervmmprz5 zainod-0.10.1[3031]:     at packages/zainod/src/indexer.rs:333
1791662056.828481 runnervmmprz5 zainod-0.10.1[3031]:   19:54:16.828  INFO zaino_serve::rpc::grpc::service: [TEST] received call, method: "get_lightd_info"
1791662056.828481 runnervmmprz5 zainod-0.10.1[3031]:     at packages/zaino-serve/src/rpc/grpc/service.rs:161
1791662056.831818 runnervmmprz5 zainod-0.10.1[3031]:   19:54:16.831  INFO zaino_serve::rpc::grpc::service: [TEST] received call, method: "get_block"
1791662056.831818 runnervmmprz5 zainod-0.10.1[3031]:     at packages/zaino-serve/src/rpc/grpc/service.rs:161
1791662056.832221 runnervmmprz5 zainod-0.10.1[3031]:   19:54:16.832  INFO zaino_serve::rpc::grpc::service: [TEST] received call, method: "get_block"
1791662056.832221 runnervmmprz5 zainod-0.10.1[3031]:     at packages/zaino-serve/src/rpc/grpc/service.rs:161
1791662061.830604 runnervmmprz5 zainod-0.10.1[3031]:   19:54:21.830  INFO zaino_serve::rpc::grpc::service: [TEST] received call, method: "get_lightd_info"
1791662061.830604 runnervmmprz5 zainod-0.10.1[3031]:     at packages/zaino-serve/src/rpc/grpc/service.rs:161
1791662061.833960 runnervmmprz5 zainod-0.10.1[3031]:   19:54:21.833  INFO zaino_serve::rpc::grpc::service: [TEST] received call, method: "get_block"
1791662061.833960 runnervmmprz5 zainod-0.10.1[3031]:     at packages/zaino-serve/src/rpc/grpc/service.rs:161
1791662061.834358 runnervmmprz5 zainod-0.10.1[3031]:   19:54:21.834  INFO zaino_serve::rpc::grpc::service: [TEST] received call, method: "get_block"
1791662061.834358 runnervmmprz5 zainod-0.10.1[3031]:     at packages/zaino-serve/src/rpc/grpc/service.rs:161
1791662063.554947 runnervmmprz5 zainod-0.10.1[3031]:   19:54:23.554  INFO zainodlib::indexer: Zaino status check, chain_state: Ready, fs_mode: persistent, json_rpc: Ready, grpc: Ready
1791662063.554947 runnervmmprz5 zainod-0.10.1[3031]:     at packages/zainod/src/indexer.rs:333
1791662066.829732 runnervmmprz5 zainod-0.10.1[3031]:   19:54:26.829  INFO zaino_serve::rpc::grpc::service: [TEST] received call, method: "get_lightd_info"
1791662066.829732 runnervmmprz5 zainod-0.10.1[3031]:     at packages/zaino-serve/src/rpc/grpc/service.rs:161
1791662066.833087 runnervmmprz5 zainod-0.10.1[3031]:   19:54:26.833  INFO zaino_serve::rpc::grpc::service: [TEST] received call, method: "get_block"
1791662066.833087 runnervmmprz5 zainod-0.10.1[3031]:     at packages/zaino-serve/src/rpc/grpc/service.rs:161
1791662066.833476 runnervmmprz5 zainod-0.10.1[3031]:   19:54:26.833  INFO zaino_serve::rpc::grpc::service: [TEST] received call, method: "get_block"
1791662066.833476 runnervmmprz5 zainod-0.10.1[3031]:     at packages/zaino-serve/src/rpc/grpc/service.rs:161
1791662071.832728 runnervmmprz5 zainod-0.10.1[3031]:   19:54:31.832  INFO zaino_serve::rpc::grpc::service: [TEST] received call, method: "get_lightd_info"
1791662071.832728 runnervmmprz5 zainod-0.10.1[3031]:     at packages/zaino-serve/src/rpc/grpc/service.rs:161
1791662071.836271 runnervmmprz5 zainod-0.10.1[3031]:   19:54:31.836  INFO zaino_serve::rpc::grpc::service: [TEST] received call, method: "get_block"
1791662071.836271 runnervmmprz5 zainod-0.10.1[3031]:     at packages/zaino-serve/src/rpc/grpc/service.rs:161
1791662071.836647 runnervmmprz5 zainod-0.10.1[3031]:   19:54:31.836  INFO zaino_serve::rpc::grpc::service: [TEST] received call, method: "get_block"
1791662071.836647 runnervmmprz5 zainod-0.10.1[3031]:     at packages/zaino-serve/src/rpc/grpc/service.rs:161
1791662073.555214 runnervmmprz5 zainod-0.10.1[3031]:   19:54:33.555  INFO zainodlib::indexer: Zaino status check, chain_state: Ready, fs_mode: persistent, json_rpc: Ready, grpc: Ready
1791662073.555214 runnervmmprz5 zainod-0.10.1[3031]:     at packages/zainod/src/indexer.rs:333
1791662076.831987 runnervmmprz5 zainod-0.10.1[3031]:   19:54:36.831  INFO zaino_serve::rpc::grpc::service: [TEST] received call, method: "get_lightd_info"
1791662076.831987 runnervmmprz5 zainod-0.10.1[3031]:     at packages/zaino-serve/src/rpc/grpc/service.rs:161
1791662076.835556 runnervmmprz5 zainod-0.10.1[3031]:   19:54:36.835  INFO zaino_serve::rpc::grpc::service: [TEST] received call, method: "get_block"
1791662076.835556 runnervmmprz5 zainod-0.10.1[3031]:     at packages/zaino-serve/src/rpc/grpc/service.rs:161
1791662076.835980 runnervmmprz5 zainod-0.10.1[3031]:   19:54:36.835  INFO zaino_serve::rpc::grpc::service: [TEST] received call, method: "get_block"
1791662076.835980 runnervmmprz5 zainod-0.10.1[3031]:     at packages/zaino-serve/src/rpc/grpc/service.rs:161
1791662081.833633 runnervmmprz5 zainod-0.10.1[3031]:   19:54:41.833  INFO zaino_serve::rpc::grpc::service: [TEST] received call, method: "get_lightd_info"
1791662081.833633 runnervmmprz5 zainod-0.10.1[3031]:     at packages/zaino-serve/src/rpc/grpc/service.rs:161
1791662081.836993 runnervmmprz5 zainod-0.10.1[3031]:   19:54:41.836  INFO zaino_serve::rpc::grpc::service: [TEST] received call, method: "get_block"
1791662081.836993 runnervmmprz5 zainod-0.10.1[3031]:     at packages/zaino-serve/src/rpc/grpc/service.rs:161
1791662081.837436 runnervmmprz5 zainod-0.10.1[3031]:   19:54:41.837  INFO zaino_serve::rpc::grpc::service: [TEST] received call, method: "get_block"
1791662081.837436 runnervmmprz5 zainod-0.10.1[3031]:     at packages/zaino-serve/src/rpc/grpc/service.rs:161
1791662083.654723 runnervmmprz5 zainod-0.10.1[3031]:   19:54:43.654  INFO zainodlib::indexer: Zaino status check, chain_state: Ready, fs_mode: persistent, json_rpc: Ready, grpc: Ready
1791662083.654723 runnervmmprz5 zainod-0.10.1[3031]:     at packages/zainod/src/indexer.rs:333
1791662086.832322 runnervmmprz5 zainod-0.10.1[3031]:   19:54:46.832  INFO zaino_serve::rpc::grpc::service: [TEST] received call, method: "get_lightd_info"
1791662086.832322 runnervmmprz5 zainod-0.10.1[3031]:     at packages/zaino-serve/src/rpc/grpc/service.rs:161
1791662086.835693 runnervmmprz5 zainod-0.10.1[3031]:   19:54:46.835  INFO zaino_serve::rpc::grpc::service: [TEST] received call, method: "get_block"
1791662086.835693 runnervmmprz5 zainod-0.10.1[3031]:     at packages/zaino-serve/src/rpc/grpc/service.rs:161
1791662086.836104 runnervmmprz5 zainod-0.10.1[3031]:   19:54:46.836  INFO zaino_serve::rpc::grpc::service: [TEST] received call, method: "get_block"
1791662086.836104 runnervmmprz5 zainod-0.10.1[3031]:     at packages/zaino-serve/src/rpc/grpc/service.rs:161
1791662091.834630 runnervmmprz5 zainod-0.10.1[3031]:   19:54:51.834  INFO zaino_serve::rpc::grpc::service: [TEST] received call, method: "get_lightd_info"
1791662091.834630 runnervmmprz5 zainod-0.10.1[3031]:     at packages/zaino-serve/src/rpc/grpc/service.rs:161
1791662091.838072 runnervmmprz5 zainod-0.10.1[3031]:   19:54:51.838  INFO zaino_serve::rpc::grpc::service: [TEST] received call, method: "get_block"
1791662091.838072 runnervmmprz5 zainod-0.10.1[3031]:     at packages/zaino-serve/src/rpc/grpc/service.rs:161
1791662091.838434 runnervmmprz5 zainod-0.10.1[3031]:   19:54:51.838  INFO zaino_serve::rpc::grpc::service: [TEST] received call, method: "get_block"
1791662091.838434 runnervmmprz5 zainod-0.10.1[3031]:     at packages/zaino-serve/src/rpc/grpc/service.rs:161
1791662093.655345 runnervmmprz5 zainod-0.10.1[3031]:   19:54:53.655  INFO zainodlib::indexer: Zaino status check, chain_state: Ready, fs_mode: persistent, json_rpc: Ready, grpc: Ready
1791662093.655345 runnervmmprz5 zainod-0.10.1[3031]:     at packages/zainod/src/indexer.rs:333
1791662096.833772 runnervmmprz5 zainod-0.10.1[3031]:   19:54:56.833  INFO zaino_serve::rpc::grpc::service: [TEST] received call, method: "get_lightd_info"
1791662096.833772 runnervmmprz5 zainod-0.10.1[3031]:     at packages/zaino-serve/src/rpc/grpc/service.rs:161
1791662096.837271 runnervmmprz5 zainod-0.10.1[3031]:   19:54:56.837  INFO zaino_serve::rpc::grpc::service: [TEST] received call, method: "get_block"
1791662096.837271 runnervmmprz5 zainod-0.10.1[3031]:     at packages/zaino-serve/src/rpc/grpc/service.rs:161
1791662096.837669 runnervmmprz5 zainod-0.10.1[3031]:   19:54:56.837  INFO zaino_serve::rpc::grpc::service: [TEST] received call, method: "get_block"
1791662096.837669 runnervmmprz5 zainod-0.10.1[3031]:     at packages/zaino-serve/src/rpc/grpc/service.rs:161
1791662101.834997 runnervmmprz5 zainod-0.10.1[3031]:   19:55:01.834  INFO zaino_serve::rpc::grpc::service: [TEST] received call, method: "get_lightd_info"
1791662101.834997 runnervmmprz5 zainod-0.10.1[3031]:     at packages/zaino-serve/src/rpc/grpc/service.rs:161
1791662101.838323 runnervmmprz5 zainod-0.10.1[3031]:   19:55:01.838  INFO zaino_serve::rpc::grpc::service: [TEST] received call, method: "get_block"
1791662101.838323 runnervmmprz5 zainod-0.10.1[3031]:     at packages/zaino-serve/src/rpc/grpc/service.rs:161
1791662101.838717 runnervmmprz5 zainod-0.10.1[3031]:   19:55:01.838  INFO zaino_serve::rpc::grpc::service: [TEST] received call, method: "get_block"
1791662101.838717 runnervmmprz5 zainod-0.10.1[3031]:     at packages/zaino-serve/src/rpc/grpc/service.rs:161
1791662103.755186 runnervmmprz5 zainod-0.10.1[3031]:   19:55:03.755  INFO zainodlib::indexer: Zaino status check, chain_state: Ready, fs_mode: persistent, json_rpc: Ready, grpc: Ready
1791662103.755186 runnervmmprz5 zainod-0.10.1[3031]:     at packages/zainod/src/indexer.rs:333
1791662106.834618 runnervmmprz5 zainod-0.10.1[3031]:   19:55:06.834  INFO zaino_serve::rpc::grpc::service: [TEST] received call, method: "get_lightd_info"
1791662106.834618 runnervmmprz5 zainod-0.10.1[3031]:     at packages/zaino-serve/src/rpc/grpc/service.rs:161
1791662106.837994 runnervmmprz5 zainod-0.10.1[3031]:   19:55:06.837  INFO zaino_serve::rpc::grpc::service: [TEST] received call, method: "get_block"
1791662106.837994 runnervmmprz5 zainod-0.10.1[3031]:     at packages/zaino-serve/src/rpc/grpc/service.rs:161
1791662106.838387 runnervmmprz5 zainod-0.10.1[3031]:   19:55:06.838  INFO zaino_serve::rpc::grpc::service: [TEST] received call, method: "get_block"
1791662106.838387 runnervmmprz5 zainod-0.10.1[3031]:     at packages/zaino-serve/src/rpc/grpc/service.rs:161
1791662111.836376 runnervmmprz5 zainod-0.10.1[3031]:   19:55:11.836  INFO zaino_serve::rpc::grpc::service: [TEST] received call, method: "get_lightd_info"
1791662111.836376 runnervmmprz5 zainod-0.10.1[3031]:     at packages/zaino-serve/src/rpc/grpc/service.rs:161
1791662111.839700 runnervmmprz5 zainod-0.10.1[3031]:   19:55:11.839  INFO zaino_serve::rpc::grpc::service: [TEST] received call, method: "get_block"
1791662111.839700 runnervmmprz5 zainod-0.10.1[3031]:     at packages/zaino-serve/src/rpc/grpc/service.rs:161
1791662111.840071 runnervmmprz5 zainod-0.10.1[3031]:   19:55:11.840  INFO zaino_serve::rpc::grpc::service: [TEST] received call, method: "get_block"
1791662111.840071 runnervmmprz5 zainod-0.10.1[3031]:     at packages/zaino-serve/src/rpc/grpc/service.rs:161
1791662113.755377 runnervmmprz5 zainod-0.10.1[3031]:   19:55:13.755  INFO zainodlib::indexer: Zaino status check, chain_state: Ready, fs_mode: persistent, json_rpc: Ready, grpc: Ready
1791662113.755377 runnervmmprz5 zainod-0.10.1[3031]:     at packages/zainod/src/indexer.rs:333
1791662116.836094 runnervmmprz5 zainod-0.10.1[3031]:   19:55:16.835  INFO zaino_serve::rpc::grpc::service: [TEST] received call, method: "get_lightd_info"
1791662116.836094 runnervmmprz5 zainod-0.10.1[3031]:     at packages/zaino-serve/src/rpc/grpc/service.rs:161
1791662116.839522 runnervmmprz5 zainod-0.10.1[3031]:   19:55:16.839  INFO zaino_serve::rpc::grpc::service: [TEST] received call, method: "get_block"
1791662116.839522 runnervmmprz5 zainod-0.10.1[3031]:     at packages/zaino-serve/src/rpc/grpc/service.rs:161
1791662116.839901 runnervmmprz5 zainod-0.10.1[3031]:   19:55:16.839  INFO zaino_serve::rpc::grpc::service: [TEST] received call, method: "get_block"
1791662116.839901 runnervmmprz5 zainod-0.10.1[3031]:     at packages/zaino-serve/src/rpc/grpc/service.rs:161
1791662121.837837 runnervmmprz5 zainod-0.10.1[3031]:   19:55:21.837  INFO zaino_serve::rpc::grpc::service: [TEST] received call, method: "get_lightd_info"
1791662121.837837 runnervmmprz5 zainod-0.10.1[3031]:     at packages/zaino-serve/src/rpc/grpc/service.rs:161
1791662121.841358 runnervmmprz5 zainod-0.10.1[3031]:   19:55:21.841  INFO zaino_serve::rpc::grpc::service: [TEST] received call, method: "get_block"
1791662121.841358 runnervmmprz5 zainod-0.10.1[3031]:     at packages/zaino-serve/src/rpc/grpc/service.rs:161
1791662121.841758 runnervmmprz5 zainod-0.10.1[3031]:   19:55:21.841  INFO zaino_serve::rpc::grpc::service: [TEST] received call, method: "get_block"
1791662121.841758 runnervmmprz5 zainod-0.10.1[3031]:     at packages/zaino-serve/src/rpc/grpc/service.rs:161
1791662123.855201 runnervmmprz5 zainod-0.10.1[3031]:   19:55:23.855  INFO zainodlib::indexer: Zaino status check, chain_state: Ready, fs_mode: persistent, json_rpc: Ready, grpc: Ready
1791662123.855201 runnervmmprz5 zainod-0.10.1[3031]:     at packages/zainod/src/indexer.rs:333
1791662126.836741 runnervmmprz5 zainod-0.10.1[3031]:   19:55:26.836  INFO zaino_serve::rpc::grpc::service: [TEST] received call, method: "get_lightd_info"
1791662126.836741 runnervmmprz5 zainod-0.10.1[3031]:     at packages/zaino-serve/src/rpc/grpc/service.rs:161
1791662126.840061 runnervmmprz5 zainod-0.10.1[3031]:   19:55:26.840  INFO zaino_serve::rpc::grpc::service: [TEST] received call, method: "get_block"
1791662126.840061 runnervmmprz5 zainod-0.10.1[3031]:     at packages/zaino-serve/src/rpc/grpc/service.rs:161
1791662126.840439 runnervmmprz5 zainod-0.10.1[3031]:   19:55:26.840  INFO zaino_serve::rpc::grpc::service: [TEST] received call, method: "get_block"
1791662126.840439 runnervmmprz5 zainod-0.10.1[3031]:     at packages/zaino-serve/src/rpc/grpc/service.rs:161
1791662131.838451 runnervmmprz5 zainod-0.10.1[3031]:   19:55:31.838  INFO zaino_serve::rpc::grpc::service: [TEST] received call, method: "get_lightd_info"
1791662131.838451 runnervmmprz5 zainod-0.10.1[3031]:     at packages/zaino-serve/src/rpc/grpc/service.rs:161
1791662131.841768 runnervmmprz5 zainod-0.10.1[3031]:   19:55:31.841  INFO zaino_serve::rpc::grpc::service: [TEST] received call, method: "get_block"
1791662131.841768 runnervmmprz5 zainod-0.10.1[3031]:     at packages/zaino-serve/src/rpc/grpc/service.rs:161
1791662131.842182 runnervmmprz5 zainod-0.10.1[3031]:   19:55:31.842  INFO zaino_serve::rpc::grpc::service: [TEST] received call, method: "get_block"
1791662131.842182 runnervmmprz5 zainod-0.10.1[3031]:     at packages/zaino-serve/src/rpc/grpc/service.rs:161
1791662133.855605 runnervmmprz5 zainod-0.10.1[3031]:   19:55:33.855  INFO zainodlib::indexer: Zaino status check, chain_state: Ready, fs_mode: persistent, json_rpc: Ready, grpc: Ready
1791662133.855605 runnervmmprz5 zainod-0.10.1[3031]:     at packages/zainod/src/indexer.rs:333
1791662136.837719 runnervmmprz5 zainod-0.10.1[3031]:   19:55:36.837  INFO zaino_serve::rpc::grpc::service: [TEST] received call, method: "get_lightd_info"
1791662136.837719 runnervmmprz5 zainod-0.10.1[3031]:     at packages/zaino-serve/src/rpc/grpc/service.rs:161
1791662136.841327 runnervmmprz5 zainod-0.10.1[3031]:   19:55:36.841  INFO zaino_serve::rpc::grpc::service: [TEST] received call, method: "get_block"
1791662136.841327 runnervmmprz5 zainod-0.10.1[3031]:     at packages/zaino-serve/src/rpc/grpc/service.rs:161
1791662136.841735 runnervmmprz5 zainod-0.10.1[3031]:   19:55:36.841  INFO zaino_serve::rpc::grpc::service: [TEST] received call, method: "get_block"
1791662136.841735 runnervmmprz5 zainod-0.10.1[3031]:     at packages/zaino-serve/src/rpc/grpc/service.rs:161
1791662141.840033 runnervmmprz5 zainod-0.10.1[3031]:   19:55:41.839  INFO zaino_serve::rpc::grpc::service: [TEST] received call, method: "get_lightd_info"
1791662141.840033 runnervmmprz5 zainod-0.10.1[3031]:     at packages/zaino-serve/src/rpc/grpc/service.rs:161
1791662141.843428 runnervmmprz5 zainod-0.10.1[3031]:   19:55:41.843  INFO zaino_serve::rpc::grpc::service: [TEST] received call, method: "get_block"
1791662141.843428 runnervmmprz5 zainod-0.10.1[3031]:     at packages/zaino-serve/src/rpc/grpc/service.rs:161
1791662141.843817 runnervmmprz5 zainod-0.10.1[3031]:   19:55:41.843  INFO zaino_serve::rpc::grpc::service: [TEST] received call, method: "get_block"
1791662141.843817 runnervmmprz5 zainod-0.10.1[3031]:     at packages/zaino-serve/src/rpc/grpc/service.rs:161
1791662141.845799 runnervmmprz5 zainod-0.10.1[3031]:   19:55:41.845  INFO zaino_serve::rpc::grpc::service: [TEST] received call, method: "get_latest_block"
1791662141.845799 runnervmmprz5 zainod-0.10.1[3031]:     at packages/zaino-serve/src/rpc/grpc/service.rs:161
1791662141.849668 runnervmmprz5 zainod-0.10.1[3031]:   19:55:41.849  INFO zainodlib::indexer: received shutdown signal; closing Zaino gracefully
1791662141.849668 runnervmmprz5 zainod-0.10.1[3031]:     at packages/zainod/src/indexer.rs:215
1791662141.849825 runnervmmprz5 systemd[1]: Stopping zbench-zaino-0.10.1.service - /opt/zbench/bin/zainod-0.10.1 start --config /home/runner/work/zcash-indexer-bench/zcash-indexer-bench/runs/zaino-0.10.1-r1/index/zainod.toml...
1791662142.027249 runnervmmprz5 zainod-0.10.1[3031]:   19:55:42.027  INFO zainodlib: Exiting Zaino successfully.
1791662142.027249 runnervmmprz5 zainod-0.10.1[3031]:     at packages/zainod/src/lib.rs:56
1791662142.084650 runnervmmprz5 systemd[1]: zbench-zaino-0.10.1.service: Deactivated successfully.
1791662142.084913 runnervmmprz5 systemd[1]: Stopped zbench-zaino-0.10.1.service - /opt/zbench/bin/zainod-0.10.1 start --config /home/runner/work/zcash-indexer-bench/zcash-indexer-bench/runs/zaino-0.10.1-r1/index/zainod.toml.
1791662142.085219 runnervmmprz5 systemd[1]: zbench-zaino-0.10.1.service: Consumed 40min 46.400s CPU time, 13.2G memory peak, 0B memory swap peak, read 10.0G from disk, written 39.0G to disk.
