t,elapsed_s,who,cpu_usec,user_usec,system_usec,mem_bytes,mem_peak_bytes,anon_bytes,file_bytes,rbytes,wbytes,pids,host_mem_available_bytes
1791660626.724,0.040,indexer,8600,2457,6143,8900608,8908800,1384448,7274496,7405568,0,1,15488507904
1791660626.724,0.040,zebrad,29115677,25234738,3880938,645443584,645443584,219144192,417632256,206041088,500060160,21,15488507904
1791660628.612,1.927,indexer,1046034,610451,435582,284295168,284295168,135593984,139694080,139661312,0,9,15352918016
1791660628.612,1.927,zebrad,33306667,28880377,4426290,770830336,770830336,219680768,540545024,255082496,568856576,21,15352918016
1791660629.612,2.928,indexer,2228883,1510195,718688,343314432,343314432,175247360,158064640,157851648,0,26,15290761216
1791660629.612,2.928,zebrad,34965720,30320816,4644903,823480320,823480320,224063488,587853824,281595904,605433856,21,15290761216
1791660630.612,3.928,indexer,3536972,2396522,1140450,385912832,385925120,195629056,179912704,179699712,0,27,15264116736
1791660630.612,3.928,zebrad,36341108,31470431,4870676,841039872,841039872,227184640,602468352,293982208,606650368,21,15264116736
1791660631.612,4.928,indexer,4662881,3073795,1589086,412696576,412696576,205299712,196734976,196513792,0,27,15261138944
1791660631.612,4.928,zebrad,37828601,32641071,5187530,863322112,863322112,229146624,622698496,313282560,606650368,21,15261138944
1791660632.612,5.928,indexer,5759503,3758065,2001438,432582656,432615424,210178048,212172800,211951616,0,27,15254114304
1791660632.612,5.928,zebrad,39336370,33819709,5516661,889536512,889536512,229154816,648617984,338313216,606650368,21,15254114304
1791660633.612,6.928,indexer,6860480,4466059,2394420,454963200,454963200,216371200,228139008,227917824,0,27,15248838656
1791660633.612,6.928,zebrad,40818015,34938736,5879279,914702336,914702336,229163008,673742848,362582016,606650368,21,15248838656
1791660634.613,7.929,indexer,7983840,5174072,2809768,477208576,477241344,223719424,243232768,243015680,0,27,15242121216
1791660634.613,7.929,zebrad,42367313,36122350,6244963,939081728,939081728,229167104,698220544,386117632,606650368,21,15242121216
1791660635.613,8.929,indexer,9147165,5902514,3244650,494841856,494845952,227913728,256290816,256073728,0,27,15240347648
1791660635.613,8.929,zebrad,44072220,37437692,6634527,963985408,963985408,229179392,722731008,409710592,606650368,21,15240347648
1791660636.613,9.929,indexer,10432729,6740246,3692482,514035712,514039808,234532864,268578816,268357632,0,27,15238144000
1791660636.613,9.929,zebrad,46021998,38939517,7082480,992776192,992776192,229269504,751476736,437436416,606650368,21,15238144000
1791660637.613,10.929,indexer,11716306,7531053,4185252,530141184,530153472,239321088,280051712,279830528,0,27,15234514944
1791660637.613,10.929,zebrad,47928680,40353403,7575277,1019973632,1020039168,229273600,778731520,463790080,606650368,21,15234514944
1791660638.613,11.929,indexer,12961847,8318552,4643294,547131392,547139584,246816768,289824768,289603584,0,27,15226785792
1791660638.613,11.929,zebrad,49782009,41785532,7996477,1043304448,1043304448,229285888,802099200,486346752,606650368,21,15226785792
1791660639.614,12.929,indexer,14235518,9106705,5128812,561459200,561487872,251052032,299515904,299294720,0,27,15224811520
1791660639.614,12.929,zebrad,51723064,43257192,8465871,1070043136,1070043136,229306368,828379136,511782912,606650368,21,15224811520
1791660640.614,13.929,indexer,15473453,9881599,5591853,577048576,577085440,257511424,308989952,308768768,0,27,15218057216
1791660640.614,13.929,zebrad,53651341,44711814,8939527,1092763648,1092763648,229314560,851345408,533917696,606650368,21,15218057216
1791660641.614,14.929,indexer,16751402,10718007,6033395,592146432,592171008,263782400,317763584,317542400,0,27,15215546368
1791660641.614,14.929,zebrad,55599545,46226877,9372668,1106132992,1106132992,229322752,864342016,546021376,606650368,21,15215546368
1791660642.614,15.930,indexer,18011010,11548978,6462032,604733440,604749824,268095488,326139904,325922816,0,27,15210119168
1791660642.614,15.930,zebrad,57582805,47763071,9819733,1120026624,1120026624,229355520,877998080,558780416,606650368,21,15210119168
1791660643.614,16.930,indexer,19222386,12338136,6884250,620232704,620257280,275324928,334299136,334077952,0,27,15199936512
1791660643.614,16.930,zebrad,59611498,49368558,10242939,1136279552,1136279552,231444480,892596224,572317696,606650368,21,15199936512
1791660644.614,17.930,indexer,20433090,13115028,7318062,637427712,637444096,282509312,344383488,344162304,0,27,15191805952
1791660644.614,17.930,zebrad,61602480,50981013,10621466,1149124608,1149124608,233168896,903327744,582057984,606650368,21,15191805952
1791660645.614,18.930,indexer,21584635,13849780,7734854,650797056,650797056,286683136,353345536,353128448,0,27,15186538496
1791660645.614,18.930,zebrad,63340519,52374853,10965665,1157513216,1157513216,233242624,911597568,589524992,606650368,21,15186538496
1791660646.614,19.930,indexer,22668786,14564701,8104085,666128384,666128384,293007360,362029056,361807872,0,27,15183630336
1791660646.614,19.930,zebrad,64852059,53564594,11287465,1168523264,1168523264,234037248,921698304,598683648,606650368,21,15183630336
1791660647.614,20.930,indexer,23809646,15333706,8475940,679251968,679284736,297394176,370999296,370909184,0,27,15181221888
1791660647.614,20.930,zebrad,66370015,54762649,11607366,1179836416,1179836416,234217472,932753408,609009664,606650368,21,15181221888
1791660648.615,21.930,indexer,25031088,16113603,8917485,698306560,698310656,306569216,380596224,380379136,0,27,15175626752
1791660648.615,21.930,zebrad,68329210,56324130,12005080,1189797888,1189797888,234979328,942260224,617238528,606650368,21,15175626752
1791660649.615,22.930,indexer,26198254,16899215,9299039,712536064,712544256,312193024,389599232,389390336,0,27,15163113472
1791660649.615,22.930,zebrad,70498328,58148270,12350057,1206312960,1206312960,235450368,958017536,631902208,606650368,21,15163113472
1791660650.615,23.930,indexer,27323236,17667109,9656126,730144768,730161152,319778816,399142912,398921728,0,27,15155306496
1791660650.615,23.930,zebrad,72866252,60221288,12644964,1224138752,1224138752,235782144,975249408,648044544,606650368,21,15155306496
1791660651.615,24.931,indexer,28478319,18446986,10031333,743485440,743485440,326131712,406446080,406224896,0,27,15148208128
1791660651.615,24.931,zebrad,75235321,62239266,12996054,1243799552,1243799552,236294144,994349056,666050560,606650368,21,15148208128
1791660652.615,25.931,indexer,29690800,19236734,10454065,755798016,755802112,331304960,413511680,413290496,0,27,15140909056
1791660652.615,25.931,zebrad,77522721,64226626,13296095,1262673920,1262673920,236617728,1012989952,683630592,606650368,21,15140909056
1791660653.615,26.931,indexer,30934417,20051622,10882795,769359872,769368064,338026496,420454400,420233216,0,27,15133945856
1791660653.615,26.931,zebrad,79798559,66181491,13617068,1282596864,1282596864,237146112,1032376320,702009344,606650368,21,15133945856
1791660654.615,27.931,indexer,32209144,20896061,11313082,782254080,782266368,344358912,426741760,426520576,0,27,15127736320
1791660654.615,27.931,zebrad,82011873,68047267,13964605,1301209088,1301209088,237731840,1050095616,718741504,641028096,21,15127736320
1791660655.615,28.931,indexer,33495983,21735285,11760697,794697728,794697728,351215616,432537600,432316416,0,27,15120326656
1791660655.615,28.931,zebrad,84247902,69979179,14268722,1321656320,1321656320,238362624,1070006272,737689600,641028096,21,15120326656
1791660656.615,29.931,indexer,34728926,22577169,12151756,809234432,809234432,358555648,439533568,439312384,0,27,15114645504
1791660656.615,29.931,zebrad,86558305,71993273,14565031,1343672320,1343672320,238874624,1091338240,758054912,641028096,21,15114645504
1791660657.616,30.931,indexer,35978395,23417253,12561142,825589760,825593856,365834240,448700416,448479232,20480,27,15107182592
1791660657.616,30.931,zebrad,88686629,73756819,14929810,1359282176,1359282176,239800320,1105924096,771588096,641028096,21,15107182592
1791660658.616,31.931,indexer,37257715,24299730,12957985,837726208,837734400,372600832,454057984,453836800,20480,27,15100309504
1791660658.616,31.931,zebrad,90648832,75353110,15295721,1370292224,1370292224,240037888,1116598272,781320192,641028096,21,15100309504
1791660659.616,32.931,indexer,38543362,25161589,13381772,852496384,852504576,380018688,461643776,461426688,20480,27,15092150272
1791660659.616,32.931,zebrad,92561406,76892682,15668724,1380474880,1380474880,240087040,1126690816,790396928,641073152,21,15092150272
1791660660.616,33.932,indexer,39864430,26049358,13815071,869109760,869142528,388694016,469495808,469274624,20480,27,15081164800
1791660660.616,33.932,zebrad,94495960,78411113,16084846,1393844224,1393844224,241065984,1139240960,801882112,641073152,21,15081164800
1791660661.616,34.932,indexer,41121032,26880113,14240919,882679808,882688000,393920512,477343744,477122560,20480,27,15071449088
1791660661.616,34.932,zebrad,96453183,80021574,16431609,1405116416,1405116416,242409472,1149104128,810835968,641073152,21,15071449088
1791660662.616,35.932,indexer,42371972,27730043,14641928,895205376,895209472,400003072,483766272,483545088,61440,27,15065473024
1791660662.616,35.932,zebrad,98401129,81573381,16827748,1413767168,1413767168,242761728,1157369856,818159616,641073152,21,15065473024
1791660663.616,36.932,indexer,43667496,28650007,15017489,912490496,912490496,408010752,493010944,492789760,61440,27,15059058688
1791660663.616,36.932,zebrad,100332716,83123649,17209067,1421631488,1421631488,242798592,1165123584,825040896,641073152,21,15059058688
1791660664.616,37.932,indexer,44910477,29522002,15388474,924803072,924823552,413634560,499994624,499773440,61440,27,15048552448
1791660664.616,37.932,zebrad,102345896,84760037,17585859,1432379392,1432379392,243793920,1174392832,833400832,641187840,21,15048552448
1791660665.616,38.932,indexer,46142090,30340158,15801932,937021440,937025536,417992704,507727872,507506688,61440,27,15041458176
1791660665.616,38.932,zebrad,104381125,86445868,17935257,1444700160,1444700160,244379648,1186500608,844574720,641187840,21,15041458176
1791660666.617,39.933,indexer,47388829,31213152,16175676,948498432,948502528,424353792,512868352,512651264,61440,27,15039250432
1791660666.617,39.933,zebrad,106345865,88022896,18322969,1453088768,1453088768,244416512,1194901504,852054016,641187840,21,15039250432
1791660667.617,40.933,indexer,48646866,32067519,16579346,960413696,960413696,430632960,518262784,518041600,61440,27,15031382016
1791660667.617,40.933,zebrad,108333934,89639011,18694923,1461223424,1461485568,244465664,1202913280,859127808,641187840,21,15031382016
1791660668.617,41.933,indexer,49964588,32969107,16995481,971378688,971378688,437653504,522383360,522162176,61440,27,15023890432
1791660668.617,41.933,zebrad,110167548,91096215,19071332,1471709184,1471709184,244514816,1212952576,868315136,641187840,21,15023890432
1791660669.617,42.933,indexer,51281780,33818963,17462817,979697664,979709952,441892864,526413824,526192640,61440,27,15018868736
1791660669.617,42.933,zebrad,112168988,92671360,19497627,1490321408,1490321408,244588544,1231855616,886325248,641187840,21,15018868736
1791660670.617,43.933,indexer,52665554,34773100,17892454,990838784,990846976,448425984,530890752,530673664,61440,27,15012339712
1791660670.617,43.933,zebrad,114034234,94124709,19909524,1503428608,1503428608,244670464,1244606464,898236416,641187840,21,15012339712
1791660671.617,44.933,indexer,54005267,35689668,18315598,1003573248,1003581440,455512064,536760320,536543232,61440,27,15004659712
1791660671.617,44.933,zebrad,115979051,95678135,20300915,1520205824,1520205824,244862976,1261207552,913874944,641187840,21,15004659712
1791660672.618,45.933,indexer,55183995,36510640,18673355,1016885248,1016901632,462651392,542928896,542707712,61440,27,14996508672
1791660672.618,45.933,zebrad,117966775,97327147,20639628,1541439488,1541439488,245202944,1282068480,933687296,641187840,21,14996508672
1791660673.618,46.933,indexer,56478296,37400332,19077964,1028935680,1028939776,469737472,547737600,547516416,61440,27,14986735616
1791660673.618,46.933,zebrad,120088716,99181393,20907323,1570537472,1570537472,248459264,1307942912,957599744,641187840,21,14986735616
1791660674.618,47.933,indexer,57752582,38283848,19468734,1040539648,1040543744,476950528,551952384,551731200,61440,27,14977794048
1791660674.618,47.933,zebrad,122113277,100864759,21248517,1593081856,1593081856,249171968,1329610752,978247680,641187840,21,14977794048
1791660675.618,48.934,indexer,59003513,39183576,19819937,1051205632,1051205632,483594240,555892736,555671552,61440,27,14975434752
1791660675.618,48.934,zebrad,124130756,102535313,21595443,1611694080,1611694080,249290752,1348038656,995844096,641187840,21,14975434752
1791660676.618,49.934,indexer,60444786,40196610,20248175,1105141760,1105141760,533635072,559796224,559575040,61440,28,14901456896
1791660676.618,49.934,zebrad,126053835,104097077,21956758,1633972224,1633972224,251215872,1368182784,1015087104,641187840,21,14901456896
1791660677.618,50.934,indexer,62445435,41664883,20780551,1268654080,1268654080,693071872,563269632,563048448,61440,28,14743613440
1791660677.618,50.934,zebrad,127766439,105545926,22220512,1652846592,1652846592,251367424,1386524672,1032712192,641187840,21,14743613440
1791660678.618,51.934,indexer,64506524,43174341,21332182,1415385088,1415385088,835919872,567214080,566992896,61440,28,14597316608
1791660678.618,51.934,zebrad,129392898,106945139,22447759,1671090176,1671090176,252272640,1404112896,1049681920,641187840,21,14597316608
1791660679.618,52.934,indexer,66579141,44739441,21839700,1571340288,1571340288,987365376,571179008,570957824,61440,28,14452416512
1791660679.618,52.934,zebrad,131071498,108341314,22730184,1699094528,1699094528,254078976,1430261760,1075097600,641187840,21,14452416512
1791660680.618,53.934,indexer,68199273,45795818,22403454,2136895488,2144178176,1033543680,1075716096,573952000,260083712,28,14394982400
1791660680.618,53.934,zebrad,132408990,109424480,22984509,1730199552,1730285568,254918656,1460473856,1104519168,641187840,21,14394982400
1791660681.618,54.934,indexer,68656310,46120040,22536269,2141343744,2144178176,1036488704,1077104640,575328256,501583872,27,14398906368
1791660681.618,54.934,zebrad,133243996,110132324,23111671,1749073920,1749073920,258953216,1475276800,1118748672,641187840,21,14398906368
1791660682.619,55.934,indexer,70014417,47083476,22930941,2153623552,2153631744,1043972096,1081765888,579993600,501583872,27,14386581504
1791660682.619,55.934,zebrad,135130685,111642026,23488659,1788395520,1788395520,259190784,1514053632,1156685824,641187840,21,14386581504
1791660683.619,56.934,indexer,71348561,48039323,23309237,2165665792,2165665792,1051983872,1086193664,584417280,501583872,27,14381215744
1791660683.619,56.934,zebrad,137055175,113192118,23863057,1823129600,1823129600,259567616,1548603392,1190359040,641187840,21,14381215744
1791660684.619,57.935,indexer,73119106,49457417,23661688,2178580480,2178584576,1060081664,1090093056,588324864,501583872,27,14378819584
1791660684.619,57.935,zebrad,138910530,114773466,24137064,1849344000,1849344000,260399104,1573801984,1214832640,669515776,21,14378819584
1791660685.619,58.935,indexer,75059241,51083534,23975706,2188980224,2188980224,1066885120,1093574656,591798272,501583872,27,14370189312
1791660685.619,58.935,zebrad,140496626,116095437,24401188,1873915904,1873915904,260591616,1598173184,1238433792,669515776,21,14370189312
1791660686.619,59.935,indexer,77056469,52788921,24267547,2199453696,2199453696,1073856512,1097007104,595230720,501583872,27,14369255424
1791660686.619,59.935,zebrad,142141523,117417148,24724374,1892528128,1892528128,260730880,1616375808,1255821312,669515776,21,14369255424
1791660687.619,60.935,indexer,79016125,54494600,24521524,2209406976,2209411072,1080348672,1100476416,598700032,501583872,27,14352822272
1791660687.619,60.935,zebrad,143820402,118813099,25007302,1907994624,1907994624,260796416,1631555584,1270157312,669515776,21,14352822272
1791660688.620,61.935,indexer,80362662,55456391,24906270,2221973504,2221973504,1088249856,1104490496,602980352,501583872,27,14349627392
1791660688.620,61.935,zebrad,145615165,120243915,25371249,1931083776,1931083776,260923392,1654599680,1292345344,669515776,21,14349627392
1791660689.620,62.935,indexer,81738995,56434240,25304754,2233892864,2233892864,1096118272,1109032960,607256576,501583872,27,14333374464
1791660689.620,62.935,zebrad,147514048,121766419,25747628,1963110400,1963110400,260984832,1686552576,1323388928,669515776,21,14333374464
1791660690.620,63.936,indexer,83125466,57433021,25692444,2247475200,2247479296,1105281024,1113440256,611667968,501583872,27,14333931520
1791660690.620,63.936,zebrad,149332771,123130970,26201800,2005053440,2005053440,261042176,1728315392,1364344832,672436224,21,14333931520
1791660691.620,64.936,indexer,84542974,58412291,26130682,2259525632,2259554304,1112981504,1118097408,616321024,501583872,27,14322659328
1791660691.620,64.936,zebrad,151212797,124593240,26619556,2036531200,2036531200,261103616,1759830016,1394946048,672436224,21,14322659328
1791660692.620,65.936,indexer,85924226,59398142,26526084,2273964032,2273976320,1122746368,1122750464,620974080,501583872,27,14310785024
1791660692.620,65.936,zebrad,153122476,126154628,26967848,2055614464,2055614464,261165056,1778814976,1412882432,672436224,21,14310785024
1791660693.620,66.936,indexer,87194699,60294078,26900621,2294312960,2294312960,1138741248,1126686720,624914432,501583872,27,14294466560
1791660693.620,66.936,zebrad,155156880,127803225,27353654,2080256000,2080256000,265302016,1799188480,1432158208,672436224,21,14294466560
1791660694.620,67.936,indexer,88551679,61258942,27292736,2320265216,2320265216,1160327168,1130827776,629051392,501583872,27,14252580864
1791660694.620,67.936,zebrad,157201133,129511669,27689464,2097295360,2097295360,265748480,1815302144,1447378944,672436224,21,14252580864
1791660695.620,68.936,indexer,89879145,62206117,27673028,2331791360,2331791360,1167912960,1134878720,633102336,501587968,27,14246195200
1791660695.620,68.936,zebrad,159339313,131311574,28027738,2129801216,2129801216,276512768,1837154304,1468239872,672436224,21,14246195200
1791660696.621,69.936,indexer,91248664,63202370,28046293,2341916672,2341916672,1174261760,1138905088,637128704,501587968,27,14246367232
1791660696.621,69.936,zebrad,161327434,132912366,28415068,2152607744,2152607744,277876736,1858211840,1488097280,672436224,21,14246367232
1791660697.621,70.937,indexer,92600868,64154554,28446314,2354233344,2354233344,1182363648,1143046144,641269760,501587968,27,14230265856
1791660697.621,70.937,zebrad,163295113,134485833,28809279,2179129344,2179129344,278458368,1884467200,1513308160,672436224,21,14230265856
1791660698.621,71.937,indexer,93808425,65022067,28786357,2364735488,2364751872,1188851712,1146855424,645083136,501587968,27,14227693568
1791660698.621,71.937,zebrad,165294719,136101008,29193710,2209538048,2209538048,283455488,1909694464,1537404928,672436224,21,14227693568
1791660699.621,72.937,indexer,95049159,65926695,29122464,2375028736,2375028736,1195298816,1150767104,648990720,501587968,27,14216519680
1791660699.621,72.937,zebrad,167296246,137720714,29575532,2245189632,2245189632,286126080,1942372352,1568960512,672436224,21,14216519680
1791660700.621,73.937,indexer,96281052,66783478,29497573,2384695296,2384699392,1200996352,1154494464,652722176,501587968,27,14217347072
1791660700.621,73.937,zebrad,169267702,139290699,29977002,2273562624,2273562624,286195712,1970569216,1596190720,672436224,21,14217347072
1791660701.622,74.937,indexer,97487841,67653419,29834422,2394796032,2394812416,1207283712,1158406144,656629760,501587968,27,14215905280
1791660701.622,74.937,zebrad,171317716,140929335,30388381,2309738496,2310000640,286404608,2006564864,1631178752,672436224,21,14215905280
1791660702.622,75.937,indexer,98762474,68559457,30203017,2404560896,2404569088,1213296640,1162272768,660504576,501587968,27,14207918080
1791660702.622,75.937,zebrad,173295522,142515206,30780315,2338836480,2338836480,286658560,2035277824,1658986496,672436224,21,14207918080
1791660703.622,76.937,indexer,100064833,69485906,30578927,2415398912,2415431680,1220280320,1166376960,664600576,501587968,27,14200680448
1791660703.622,76.937,zebrad,175349075,144234507,31114568,2370031616,2370031616,287125504,2065887232,1688563712,672436224,21,14200680448
1791660704.622,77.938,indexer,101394823,70461990,30932833,2428379136,2428383232,1228632064,1170808832,669032448,501587968,27,14194171904
1791660704.622,77.938,zebrad,177394554,145952264,31442290,2397818880,2397818880,287408128,2093617152,1715195904,672436224,21,14194171904
1791660705.622,78.938,indexer,102705482,71404701,31300781,2438692864,2438692864,1234616320,1174917120,673144832,501587968,27,14185705472
1791660705.622,78.938,zebrad,179371005,147546485,31824520,2430586880,2430586880,287444992,2125975552,1746624512,672436224,21,14185705472
1791660706.622,79.938,indexer,104036438,72369519,31666919,2448842752,2448842752,1240592384,1179242496,677470208,501587968,27,14170849280
1791660706.622,79.938,zebrad,181376671,149224900,32151771,2452606976,2452606976,287518720,2147684352,1767182336,672436224,21,14170849280
1791660707.622,80.938,indexer,105325886,73298230,32027656,2459328512,2459328512,1246867456,1183301632,681525248,501587968,27,14160801792
1791660707.622,80.938,zebrad,183561189,151109653,32451536,2478292992,2478292992,290861056,2170208256,1788301312,672436224,21,14160801792
1791660708.622,81.938,indexer,106550318,74197099,32353219,2471342080,2471387136,1255002112,1187180544,685404160,501587968,27,14148386816
1791660708.622,81.938,zebrad,185731593,152996262,32735331,2497167360,2497167360,292765696,2186911744,1803390976,672436224,21,14148386816
1791660709.622,82.938,indexer,107837997,75103892,32734104,2481827840,2481827840,1261387776,1191194624,689418240,501587968,27,14149312512
1791660709.622,82.938,zebrad,187849421,154795597,33053824,2511585280,2511585280,292790272,2201780224,1817288704,672436224,21,14149312512
1791660710.622,83.938,indexer,109037428,76003760,33033667,2497306624,2497417216,1273298944,1194917888,693141504,501587968,27,14143070208
1791660710.622,83.938,zebrad,189974890,156590185,33384704,2528886784,2528886784,292806656,2218897408,1833418752,672436224,21,14143070208
1791660711.623,84.938,indexer,110195360,76849661,33345699,2506637312,2506665984,1279062016,1198542848,696766464,501587968,27,14141407232
1791660711.623,84.938,zebrad,192040415,158333448,33706967,2544353280,2544353280,292855808,2234093568,1847631872,672436224,21,14141407232
1791660712.623,85.938,indexer,111413418,77729211,33684206,2516398080,2516459520,1285173248,1202233344,700456960,501587968,27,14130159616
1791660712.623,85.938,zebrad,194122477,159997521,34124955,2564276224,2564276224,293670912,2253152256,1865596928,672436224,21,14130159616
1791660713.623,86.939,indexer,112570591,78572821,33997770,2526904320,2526904320,1291767808,1205796864,704020480,501587968,27,14125932544
1791660713.623,86.939,zebrad,196132856,161685651,34447204,2578411520,2578411520,294162432,2266796032,1878212608,672436224,21,14125932544
1791660714.623,87.939,indexer,113737404,79411230,34326173,2537021440,2537021440,1298386944,1209462784,707686400,501587968,27,14115745792
1791660714.623,87.939,zebrad,198356473,163607527,34748945,2608558080,2608558080,297275392,2293403648,1903796224,672436224,21,14115745792
1791660715.623,88.939,indexer,114950001,80299042,34650959,2547417088,2547437568,1304862720,1213259776,711483392,501587968,27,14114906112
1791660715.623,88.939,zebrad,200629762,165541596,35088166,2646437888,2646437888,297275392,2331389952,1940705280,672436224,21,14114906112
1791660716.624,89.939,indexer,116776573,81890563,34886010,2382520320,2547437568,1137442816,1216176128,714399744,501587968,28,14258290688
1791660716.624,89.939,zebrad,202502586,167168916,35333669,2674749440,2674749440,297283584,2359517184,1967935488,672436224,21,14258290688
1791660717.624,90.940,indexer,118611834,83474706,35137127,2400804864,2547437568,1152430080,1219198976,717422592,501587968,28,14249996288
1791660717.624,90.940,zebrad,204323330,168708433,35614897,2704371712,2704371712,297287680,2388852736,1996365824,672436224,21,14249996288
1791660718.624,91.940,indexer,120474760,85084768,35389992,2447749120,2547437568,1196453888,1222414336,720637952,501587968,28,14204702720
1791660718.624,91.940,zebrad,206071169,170210358,35860810,2731368448,2731368448,297287680,2415919104,2022547456,672436224,21,14204702720
1791660719.624,92.940,indexer,121236784,85417176,35819608,3015970816,3015983104,1199935488,1770516480,721870848,1048436736,28,14200389632
1791660719.624,92.940,zebrad,206903882,170896943,36006939,2740805632,2740805632,297287680,2424938496,2031484928,672436224,21,14200389632
1791660720.624,93.940,indexer,121964691,85940727,36023964,3018973184,3019231232,1200988160,1772748800,724103168,1048436736,27,14199832576
1791660720.624,93.940,zebrad,208263031,171982040,36280991,2763608064,2763608064,297291776,2447740928,2053156864,704950272,21,14199832576
1791660721.625,94.940,indexer,123288124,86863090,36425033,3029106688,3029114880,1206468608,1776893952,728252416,1048436736,27,14193717248
1791660721.625,94.940,zebrad,210303716,173583382,36720334,2796113920,2796113920,297902080,2479767552,2084106240,704950272,21,14193717248
1791660722.625,95.940,indexer,124581131,87787522,36793608,3036897280,3036901376,1210667008,1780957184,732311552,1048436736,27,14188851200
1791660722.625,95.940,zebrad,212362049,175275454,37086594,2830979072,2830979072,298106880,2514427904,2117881856,704950272,21,14188851200
1791660723.625,96.941,indexer,125857307,88689211,37168095,3045183488,3045208064,1214959616,1784737792,736092160,1048436736,27,14188154880
1791660723.625,96.941,zebrad,214506790,177060921,37445869,2866114560,2866114560,298311680,2549587968,2152194048,704950272,21,14188154880
1791660724.625,97.941,indexer,127554538,90128944,37425593,3054354432,3054387200,1220206592,1787854848,739209216,1048436736,27,14181859328
1791660724.625,97.941,zebrad,216437432,178759130,37678301,2903076864,2903076864,298336256,2586038272,2187800576,704950272,21,14181859328
1791660725.625,98.941,indexer,129548934,91844599,37704335,3060576256,3060580352,1222660096,1791062016,742416384,1048436736,27,14180392960
1791660725.625,98.941,zebrad,218255172,180340524,37914647,2933223424,2933223424,298594304,2616016896,2216988672,704950272,21,14180392960
1791660726.625,99.941,indexer,131605601,93636665,37968935,3067867136,3067867136,1226866688,1794260992,745619456,1048436736,27,14174982144
1791660726.625,99.941,zebrad,220019033,181843649,38175384,2966515712,2966515712,299446272,2648268800,2248527872,704950272,21,14174982144
1791660727.626,100.941,indexer,133511525,95278789,38232736,3074936832,3074940928,1231085568,1797189632,748544000,1048436736,27,14169247744
1791660727.626,100.941,zebrad,221792053,183367819,38424234,3008196608,3008196608,301129728,2688282624,2287800320,704950272,21,14169247744
1791660728.626,101.941,indexer,134766842,96235157,38531685,3084124160,3084132352,1236992000,1800568832,751923200,1048436736,30,14162264064
1791660728.626,101.941,zebrad,223982712,185293594,38689117,3054071808,3054071808,301641728,2733674496,2332262400,704950272,21,14162264064
1791660729.626,102.941,indexer,135901220,97066955,38834264,3094085632,3094089728,1243082752,1804275712,755630080,1048436736,30,14155816960
1791660729.626,102.941,zebrad,226291497,187326129,38965367,3104927744,3104927744,302227456,2783125504,2380611584,704950272,21,14155816960
1791660730.626,103.942,indexer,137066572,97905323,39161248,3102793728,3102814208,1248366592,1807867904,759222272,1048436736,30,14149947392
1791660730.626,103.942,zebrad,228562309,189305492,39256816,3147919360,3147919360,302796800,2825641984,2422075392,704950272,21,14149947392
1791660731.626,104.942,indexer,138311581,98776061,39535519,3111567360,3111571456,1253134336,1811513344,763109376,1048440832,30,14143131648
1791660731.626,104.942,zebrad,230787690,191205174,39582516,3182522368,3182522368,303132672,2860191744,2455543808,704950272,21,14143131648
1791660732.626,105.942,indexer,139612011,99723179,39888831,3120496640,3120496640,1257668608,1815859200,767213568,1048440832,30,14140653568
1791660732.626,105.942,zebrad,232912767,193002830,39909937,3217911808,3217911808,303517696,2894905344,2489212928,704950272,21,14140653568
1791660733.626,106.942,indexer,140888237,100688224,40200013,3129307136,3129315328,1262678016,1819680768,771092480,1048440832,30,14135164928
1791660733.626,106.942,zebrad,234988078,194715839,40272239,3277942784,3277942784,304107520,2954371072,2547822592,704950272,21,14135164928
1791660734.626,107.942,indexer,142155926,101630808,40525118,3137724416,3137724416,1267400704,1823485952,774840320,1048440832,30,14128717824
1791660734.626,107.942,zebrad,237130881,196518463,40612418,3329060864,3329060864,304410624,3004780544,2597240832,704950272,21,14128717824
1791660735.626,108.942,indexer,143424027,102581416,40842611,3147161600,3147161600,1273225216,1827131392,778493952,1048440832,30,14120931328
1791660735.626,108.942,zebrad,239296279,198329973,40966305,3380965376,3380965376,306565120,3054526464,2646056960,704950272,21,14120931328
1791660736.627,109.942,indexer,144691265,103488193,41203071,3156054016,3156054016,1277788160,1831268352,782622720,1048440832,30,14101872640
1791660736.627,109.942,zebrad,241452134,200194860,41257274,3456200704,3456200704,309780480,3126083584,2716536832,704950272,21,14101872640
1791660737.627,110.942,indexer,146009953,104427292,41582660,3167064064,3167064064,1284481024,1835581440,786935808,1048440832,30,14095110144
1791660737.627,110.942,zebrad,243427917,201835928,41591989,3533533184,3533533184,311087104,3202269184,2791997440,704950272,21,14095110144
1791660738.627,111.942,indexer,147332290,105385058,41947232,3176787968,3176808448,1289805824,1840164864,791519232,1048440832,30,14102482944
1791660738.627,111.942,zebrad,245232890,203292797,41940093,3620564992,3620564992,311742464,3288436736,2877489152,704950272,21,14102482944
1791660739.627,112.943,indexer,148427786,106157681,42270104,3185295360,3185299456,1294352384,1843945472,795299840,1048440832,30,14097719296
1791660739.627,112.943,zebrad,247605274,205396287,42208987,3678498816,3678498816,316125184,3341713408,2929664000,704950272,21,14097719296
1791660740.627,113.943,indexer,149491310,106939138,42552172,3193307136,3193335808,1299030016,1847644160,798998528,1048440832,30,14085652480
1791660740.627,113.943,zebrad,249834519,207377695,42456823,3777060864,3777060864,318353408,3437522944,3024527360,704950272,21,14085652480
1791660741.627,114.943,indexer,150491807,107675738,42816069,3201462272,3201490944,1303662592,1851125760,802480128,1048440832,30,14081921024
1791660741.627,114.943,zebrad,252195907,209510141,42685766,3871956992,3871956992,318836736,3532013568,3117977600,704950272,21,14081921024
1791660742.627,115.943,indexer,152085286,108863863,43221423,3216097280,3216109568,1312505856,1856671744,808030208,1048440832,30,14074261504
1791660742.627,115.943,zebrad,253455153,210696524,42758629,3923599360,3923599360,322260992,3580051456,3165437952,704950272,21,14074261504
1791660743.627,116.943,indexer,153928007,110259897,43668109,3232604160,3232604160,1322184704,1863122944,814477312,1048440832,30,14066470912
1791660743.627,116.943,zebrad,254383341,211575210,42808130,3967639552,3967639552,322641920,3623317504,3208331264,704950272,21,14066470912
1791660744.627,117.943,indexer,155717505,111589424,44128080,3244974080,3245019136,1328898048,1869320192,820674560,1048440832,30,14061740032
1791660744.627,117.943,zebrad,255304045,212455856,42848189,4009172992,4009172992,322789376,3664986112,3249623040,704950272,21,14061740032
1791660745.628,118.943,indexer,157547567,112928057,44619509,3260559360,3260755968,1337872384,1875791872,827146240,1048440832,30,14037860352
1791660745.628,118.943,zebrad,256237665,213352239,42885426,4052688896,4052688896,323457024,3707588608,3291848704,704950272,21,14037860352
1791660746.628,119.943,indexer,159418493,114295124,45123368,3274190848,3274190848,1344901120,1882267648,833622016,1048440832,30,14041313280
1791660746.628,119.943,zebrad,257174021,214245069,42928951,4095414272,4095414272,324141056,3749519360,3333402624,704950272,21,14041313280
1791660747.628,120.944,indexer,160940816,115630485,45310331,3288813568,3288813568,1356775424,1884655616,836009984,1048440832,30,14020206592
1791660747.628,120.944,zebrad,258115278,215152328,42962949,4144173056,4144173056,324837376,3797196800,3380674560,704950272,21,14020206592
1791660748.628,121.944,indexer,162275813,116965482,45310331,3304017920,3304017920,1372262400,1884733440,836087808,1048440832,30,14008594432
1791660748.628,121.944,zebrad,259046200,216057489,42988710,4194275328,4194275328,325578752,3846651904,3429679104,704950272,21,14008594432
1791660749.628,122.944,indexer,163295150,117984819,45310331,3320270848,3320270848,1388474368,1884774400,836128768,1048440832,30,13986242560
1791660749.628,122.944,zebrad,259948871,216927099,43021771,4246966272,4246966272,326586368,3898023936,3480588288,704950272,21,13986242560
1791660750.628,123.944,indexer,164450004,119139673,45310331,3334426624,3334426624,1402347520,1884852224,836206592,1048440832,30,13974368256
1791660750.628,123.944,zebrad,260881156,217819716,43061439,4301754368,4301754368,327999488,3951509504,3533877248,704950272,21,13974368256
1791660751.628,124.944,indexer,165617031,120272573,45344458,3348844544,3348844544,1415782400,1885687808,837042176,1048440832,30,13952561152
1791660751.628,124.944,zebrad,261722759,218608079,43114680,4349988864,4349988864,332541952,3995058176,3576684544,728739840,21,13952561152
1791660752.628,125.944,indexer,166789128,121369504,45419624,3364573184,3364573184,1430212608,1886920704,838275072,1048440832,30,13927120896
1791660752.628,125.944,zebrad,262648275,219500898,43147377,4404776960,4404776960,340418560,4041768960,3622858752,728739840,21,13927120896
1791660753.628,126.944,indexer,167949217,122451762,45497454,3377344512,3377344512,1441800192,1888301056,839655424,1048440832,30,13904314368
1791660753.628,126.944,zebrad,263540036,220316861,43223174,4493119488,4493119488,361832448,4108713984,3689472000,728739840,21,13904314368
1791660754.629,127.944,indexer,169268998,123749631,45519367,3389820928,3389837312,1454010368,1888911360,840265728,1048440832,30,13885255680
1791660754.629,127.944,zebrad,264417694,221123913,43293780,4581724160,4581724160,363552768,4195024896,3775782912,728739840,21,13885255680
1791660755.629,128.944,indexer,170506781,124866314,45640466,3401875456,3401875456,1464004608,1890906112,842260480,1048440832,30,13859483648
1791660755.629,128.944,zebrad,265303963,221909644,43394318,4615798784,4615798784,373153792,4219457536,3800215552,728739840,21,13859483648
1791660756.629,129.944,indexer,172225297,126176303,46048993,3417280512,3417288704,1472397312,1897553920,848908288,1048440832,30,13860253696
1791660756.629,129.944,zebrad,266311447,222823029,43488417,4616237056,4616237056,373551104,4219457536,3800215552,728739840,21,13860253696
1791660757.629,130.945,indexer,173753816,127416771,46337045,3437477888,3437477888,1487360000,1902559232,853913600,1048440832,30,13839921152
1791660757.629,130.945,zebrad,267308659,223745036,43563623,4642353152,4642451456,389939200,4229472256,3810230272,728739840,21,13839921152
1791660758.629,131.945,indexer,175390769,128714810,46675959,3448950784,3448971264,1493676032,1907806208,859160576,1048440832,30,13836754944
1791660758.629,131.945,zebrad,268226706,224630660,43596045,4642594816,4642615296,389939200,4229472256,3810369536,728739840,20,13836754944
1791660759.629,132.945,indexer,177871247,130752625,47118622,3291070464,3456126976,1329160192,1914769408,866123776,1048440832,31,13931835392
1791660759.629,132.945,zebrad,268234487,224638316,43596170,4642328576,4642615296,389939200,4229472256,3810369536,728739840,20,13931835392
1791660760.629,133.945,indexer,180569907,133057574,47512333,3335077888,3456126976,1366556672,1921122304,872476672,1048440832,31,13906128896
1791660760.629,133.945,zebrad,268243138,224646350,43596787,4642328576,4642615296,389935104,4229611520,3810369536,728739840,20,13906128896
1791660761.629,134.945,indexer,183413804,135424838,47988965,3506958336,3506958336,1395724288,2060124160,879259648,1048440832,31,13883564032
1791660761.629,134.945,zebrad,268251301,224654165,43597136,4642590720,4642615296,389935104,4229611520,3810369536,728739840,20,13883564032
1791660762.629,135.945,indexer,184246403,135869893,48376510,4014485504,4014493696,1397891072,2550984704,881258496,1669468160,31,13876768768
1791660762.629,135.945,zebrad,268259654,224662463,43597191,4642590720,4642615296,389935104,4229611520,3810369536,728739840,20,13876768768
1791660763.629,136.945,indexer,185467009,136783196,48683812,4025221120,4025262080,1404370944,2555211776,885485568,1669468160,30,13881569280
1791660763.629,136.945,zebrad,268267424,224669108,43598316,4642807808,4642807808,389935104,4229611520,3810369536,728739840,20,13881569280
1791660764.629,137.945,indexer,188183472,139049498,49133973,4040974336,4040974336,1411960832,2562404352,892678144,1669468160,30,13897023488
1791660764.629,137.945,zebrad,268272022,224672934,43599088,4642807808,4642807808,389935104,4229611520,3810369536,728739840,20,13897023488
1791660765.630,138.945,indexer,191013151,141460042,49553108,4057489408,4057489408,1421770752,2568790016,899063808,1669468160,30,13888954368
1791660765.630,138.945,zebrad,268272022,224672934,43599088,4642807808,4642807808,389935104,4229611520,3810369536,728739840,20,13888954368
1791660766.630,139.945,indexer,193880061,143867870,50012191,4073574400,4073590784,1430933504,2575785984,906059776,1669472256,30,13888225280
1791660766.630,139.945,zebrad,268272136,224673029,43599107,4642807808,4642807808,389935104,4229611520,3810369536,728739840,20,13888225280
1791660767.630,140.945,indexer,195988798,145559079,50429718,4086992896,4087009280,1437388800,2582667264,912941056,1669472256,30,13883617280
1791660767.630,140.945,zebrad,268279560,224680453,43599107,4642807808,4642807808,389935104,4229611520,3810369536,728739840,20,13883617280
1791660768.630,141.946,indexer,197843712,146982290,50861421,4106399744,4106457088,1449648128,2589675520,919953408,1669472256,30,13873405952
1791660768.630,141.946,zebrad,268290186,224689724,43600461,4643069952,4643069952,389976064,4229611520,3810369536,728739840,20,13873405952
1791660769.630,142.946,indexer,199978305,148612088,51366217,4122865664,4122865664,1458036736,2597552128,927825920,1669472256,30,13867343872
1791660769.630,142.946,zebrad,268298994,224698532,43600461,4643069952,4643069952,389976064,4229611520,3810369536,728739840,20,13867343872
1791660770.630,143.946,indexer,202145083,150252495,51892588,4141096960,4141109248,1468526592,2605391872,935665664,1669472256,30,13862977536
1791660770.630,143.946,zebrad,268307382,224706568,43600813,4643069952,4643069952,389976064,4229611520,3810369536,728739840,20,13862977536
1791660771.630,144.946,indexer,204097357,151762011,52335346,4156174336,4156276736,1476915200,2612584448,942866432,1669472256,30,13854244864
1791660771.630,144.946,zebrad,268315538,224713862,43601675,4643069952,4643069952,389976064,4229611520,3810369536,728739840,20,13854244864
1791660772.630,145.946,indexer,205993460,153243930,52749530,4172476416,4172476416,1485303808,2619682816,949956608,1669472256,30,13846179840
1791660772.630,145.946,zebrad,268323750,224720878,43602872,4643069952,4643069952,389976064,4229611520,3810369536,728739840,20,13846179840
1791660773.631,146.946,indexer,208057302,154856502,53200800,4188213248,4188270592,1493917696,2627252224,957526016,1669472256,30,13837283328
1791660773.631,146.946,zebrad,268331740,224727544,43604195,4643069952,4643069952,389976064,4229611520,3810369536,728739840,20,13837283328
1791660774.631,147.946,indexer,210226484,156543654,53682830,4204523520,4204601344,1502752768,2634608640,964886528,1669472256,30,13833383936
1791660774.631,147.946,zebrad,268338756,224734560,43604196,4643069952,4643069952,389976064,4229611520,3810369536,728739840,20,13833383936
1791660775.631,148.946,indexer,212434691,158210930,54223761,4221100032,4221100032,1511452672,2642546688,972820480,1669472256,30,13827645440
1791660775.631,148.946,zebrad,268346267,224742070,43604196,4643069952,4643069952,389976064,4229611520,3810369536,728739840,20,13827645440
1791660776.631,149.947,indexer,214707660,159964040,54743620,4240494592,4240494592,1522204672,2650939392,981213184,1669472256,30,13808967680
1791660776.631,149.947,zebrad,268355099,224747170,43607929,4643069952,4643069952,389976064,4229611520,3810369536,728739840,20,13808967680
1791660777.631,150.947,indexer,216915145,161680180,55234965,4257394688,4257439744,1530994688,2659139584,989413376,1669472256,30,13801443328
1791660777.631,150.947,zebrad,268362953,224753723,43609230,4642816000,4643069952,389976064,4229611520,3810369536,728739840,20,13801443328
1791660778.631,151.947,indexer,218830484,163144283,55686200,4273283072,4273348608,1539887104,2666213376,996487168,1669472256,30,13794095104
1791660778.631,151.947,zebrad,268371690,224762459,43609230,4643078144,4643078144,389976064,4229611520,3810369536,728739840,20,13794095104
1791660779.631,152.947,indexer,220759168,164654834,56104333,4289044480,4289110016,1548734464,2673209344,1003483136,1669472256,30,13786664960
1791660779.631,152.947,zebrad,268379835,224770605,43609230,4643078144,4643078144,389976064,4229611520,3810369536,728739840,20,13786664960
1791660780.631,153.947,indexer,222975581,166353762,56621818,4306763776,4306763776,1558102016,2681024512,1011298304,1669472256,30,13781458944
1791660780.631,153.947,zebrad,268386819,224776616,43610202,4643078144,4643078144,389976064,4229611520,3810369536,728739840,20,13781458944
1791660781.632,154.947,indexer,225408841,168461064,56947776,4145532928,4310003712,1391783936,2686558208,1016832000,1669472256,31,13929033728
1791660781.632,154.947,zebrad,268395690,224783670,43612020,4643078144,4643078144,389976064,4229611520,3810369536,728739840,20,13929033728
1791660782.632,155.947,indexer,228197834,170899545,57298289,4168003584,4310003712,1407664128,2693140480,1023418368,1669472256,31,13929639936
1791660782.632,155.947,zebrad,268403893,224791873,43612020,4643078144,4645175296,389976064,4229611520,3810369536,729825280,20,13929639936
1791660783.632,156.948,indexer,230161972,172170657,57991314,4796583936,4796596224,1412210688,3299061760,1028030464,2026856448,31,13921972224
1791660783.632,156.948,zebrad,268412608,224800588,43612020,4643074048,4645175296,389976064,4229611520,3810369536,729825280,20,13921972224
1791660784.632,157.948,indexer,230299942,172261640,58038302,4798857216,4798857216,1414307840,3299434496,1028382720,2301050880,30,13920432128
1791660784.632,157.948,zebrad,268420053,224806303,43613749,4642807808,4645175296,389976064,4229611520,3810369536,729825280,20,13920432128
1791660785.632,158.948,indexer,232518095,173935835,58582259,4815147008,4815151104,1422696448,3307184128,1036132352,2301050880,30,13914415104
1791660785.632,158.948,zebrad,268427179,224811244,43615934,4643065856,4645175296,389976064,4229611520,3810369536,729825280,20,13914415104
1791660786.632,159.948,indexer,234763707,175675945,59087762,4832612352,4832612352,1432133632,3315126272,1044078592,2301050880,30,13903593472
1791660786.632,159.948,zebrad,268435478,224819498,43615980,4643065856,4645175296,389976064,4229611520,3810369536,729825280,20,13903593472
1791660787.632,160.948,indexer,237492439,177950838,59541600,4849004544,4849004544,1440522240,3322310656,1051258880,2301050880,30,13893632000
1791660787.632,160.948,zebrad,268443294,224827313,43615980,4643250176,4645175296,389980160,4229611520,3810369536,729825280,20,13893632000
1791660788.632,161.948,indexer,240204026,180297015,59907011,4861493248,4861526016,1446813696,3328483328,1057431552,2301050880,30,13887533056
1791660788.632,161.948,zebrad,268452285,224836178,43616106,4642996224,4645175296,389980160,4229611520,3810369536,729825280,20,13887533056
1791660789.632,162.948,indexer,242734512,182497544,60236967,4876148736,4876177408,1455202304,3334897664,1063845888,2301050880,30,13883592704
1791660789.632,162.948,zebrad,268460412,224843962,43616450,4643000320,4645175296,389980160,4229611520,3810369536,729825280,20,13883592704
1791660790.633,163.948,indexer,244719498,184036235,60683262,4889948160,4889948160,1461497856,3342049280,1071001600,2301050880,30,13875531776
1791660790.633,163.948,zebrad,268468990,224852540,43616450,4643262464,4645175296,389980160,4229611520,3810369536,729825280,20,13875531776
1791660791.633,164.948,indexer,246911262,185728279,61182983,4908212224,4908253184,1471983616,3349815296,1078763520,2301050880,30,13866618880
1791660791.633,164.948,zebrad,268477200,224859951,43617249,4642992128,4645175296,389980160,4229611520,3810369536,729825280,20,13866618880
1791660792.633,165.948,indexer,249117286,187441343,61675942,4926640128,4926640128,1482805248,3357454336,1086402560,2301050880,30,13835030528
1791660792.633,165.948,zebrad,268485830,224866314,43619515,4643250176,4645347328,389980160,4229611520,3810369536,729825280,20,13835030528
1791660793.633,166.949,indexer,251383498,189198563,62184934,4943155200,4943155200,1491193856,3365318656,1094266880,2301050880,30,13828685824
1791660793.633,166.949,zebrad,268494578,224872776,43621801,4643250176,4645347328,389980160,4229611520,3810369536,729825280,20,13828685824
1791660794.633,167.949,indexer,253641513,190961311,62680202,4961767424,4961767424,1501683712,3373481984,1102430208,2301050880,30,13818912768
1791660794.633,167.949,zebrad,268503173,224880276,43622897,4643250176,4645347328,389980160,4229611520,3810369536,729825280,20,13818912768
1791660795.633,168.949,indexer,255586303,192480723,63105580,4974862336,4974882816,1507975168,3380228096,1109176320,2301050880,30,13812924416
1791660795.633,168.949,zebrad,268511699,224888719,43622980,4643241984,4645347328,389980160,4229611520,3810369536,729825280,20,13812924416
1791660796.633,169.949,indexer,257477369,194043461,63433908,4988882944,4988907520,1516363776,3386019840,1114972160,2301050880,30,13812867072
1791660796.633,169.949,zebrad,268519772,224895618,43624154,4643241984,4645347328,389980160,4229611520,3810369536,729825280,20,13812867072
1791660797.633,170.949,indexer,259549257,195626973,63922283,5004861440,5004902400,1524920320,3393556480,1122504704,2301054976,30,13802835968
1791660797.633,170.949,zebrad,268527897,224903400,43624497,4643241984,4645347328,389984256,4229611520,3810369536,729825280,20,13802835968
1791660798.633,171.949,indexer,261636114,197244774,64391340,5018451968,5018476544,1531555840,3400458240,1129406464,2301054976,30,13800976384
1791660798.633,171.949,zebrad,268540758,224914446,43626312,4642992128,4645347328,389984256,4229611520,3810369536,729825280,20,13800976384
1791660799.633,172.949,indexer,263837597,198940722,64896875,5036802048,5036822528,1542225920,3407970304,1136922624,2301054976,30,13790498816
1791660799.633,172.949,zebrad,268548795,224920475,43628319,4643254272,4645347328,390127616,4229611520,3810369536,729825280,20,13790498816
1791660800.634,173.949,indexer,266034203,200608630,65425573,5050720256,5050720256,1548693504,3415089152,1144041472,2301054976,30,13787512832
1791660800.634,173.949,zebrad,268558189,224929809,43628380,4643254272,4645347328,390127616,4229611520,3810369536,729825280,20,13787512832
1791660801.634,174.949,indexer,267947553,202272327,65675226,5061312512,5061332992,1555320832,3419062272,1148145664,2301054976,30,13779046400
1791660801.634,174.949,zebrad,268566281,224936886,43629394,4643254272,4645347328,390127616,4229611520,3810369536,729825280,20,13779046400
1791660802.634,175.949,indexer,269758597,203890802,65867795,5069131776,5069139968,1559732224,3422752768,1151700992,2301054976,30,13774114816
1791660802.634,175.949,zebrad,268574812,224945417,43629394,4643254272,4645347328,390127616,4229611520,3810369536,729825280,20,13774114816
1791660803.634,176.950,indexer,271955579,205646292,66309286,5089316864,5089316864,1572421632,3430330368,1159278592,2301054976,30,13743267840
1791660803.634,176.950,zebrad,268581687,224952293,43629394,4643254272,4645351424,390127616,4229611520,3810369536,729825280,20,13743267840
1791660804.634,177.950,indexer,274357423,207610922,66746500,4927123456,5098754048,1403797504,3436933120,1165881344,2301054976,31,13920411648
1791660804.634,177.950,zebrad,268590343,224960107,43630236,4643254272,4645351424,390127616,4229611520,3810369536,729825280,20,13920411648
1791660805.634,178.950,indexer,277220244,210079459,67140785,4933791744,5098754048,1403797504,3443773440,1172721664,2301054976,31,13922566144
1791660805.634,178.950,zebrad,268598849,224967856,43630992,4643250176,4645351424,390127616,4229611520,3810369536,729825280,20,13922566144
1791660806.634,179.950,indexer,280087873,212556674,67531199,5037600768,5098754048,1427763200,3521130496,1179144192,2301054976,31,13899472896
1791660806.634,179.950,zebrad,268607627,224975834,43631792,4643241984,4645351424,390127616,4229611520,3810369536,729825280,20,13899472896
1791660807.634,180.950,indexer,281649312,213522872,68126439,5609861120,5609861120,1432031232,4072869888,1182576640,2622078976,31,13883375616
1791660807.634,180.950,zebrad,268615122,224982087,43633035,4643012608,4645351424,390127616,4229611520,3810369536,729825280,20,13883375616
1791660808.634,181.950,indexer,281796864,213619503,68177361,5610115072,5610115072,1432031232,4073226240,1182904320,2995408896,31,13882249216
1791660808.634,181.950,zebrad,268622575,224989143,43633432,4643012608,4645351424,390127616,4229611520,3810369536,729825280,20,13882249216
1791660809.634,182.950,indexer,284210662,215674467,68536195,5624627200,5624635392,1439371264,4079210496,1188888576,2995408896,30,13880610816
1791660809.634,182.950,zebrad,268626740,224991441,43635298,4643274752,4645351424,390127616,4229611520,3810369536,729825280,20,13880610816
1791660810.634,183.950,indexer,286933460,218081286,68852173,5637697536,5637705728,1446449152,4085149696,1194831872,2995408896,30,13874577408
1791660810.634,183.950,zebrad,268626762,224991460,43635302,4643274752,4645351424,390127616,4229611520,3810369536,729825280,20,13874577408
1791660811.635,184.950,indexer,289601105,220513322,69087782,5648883712,5648916480,1452863488,4090011648,1199689728,2995408896,30,13871521792
1791660811.635,184.950,zebrad,268626871,224991551,43635320,4643274752,4645351424,390127616,4229611520,3810369536,729825280,20,13871521792
1791660812.635,185.950,indexer,291815300,222273062,69542238,5662470144,5662482432,1459154944,4097130496,1206812672,2995408896,30,13865439232
1791660812.635,185.950,zebrad,268634494,224997234,43637260,4643262464,4645351424,390127616,4229611520,3810369536,729825280,20,13865439232
1791660813.635,186.951,indexer,294031089,223999600,70031489,5680726016,5680738304,1469640704,4105060352,1214738432,2995408896,30,13837295616
1791660813.635,186.951,zebrad,268643105,225003906,43639198,4643254272,4645359616,390127616,4229611520,3810369536,729825280,20,13837295616
1791660814.635,187.951,indexer,296265145,225746988,70518156,5696978944,5696978944,1478029312,4112990208,1222668288,2995408896,30,13834366976
1791660814.635,187.951,zebrad,268651098,225010901,43640196,4643250176,4645359616,390127616,4229611520,3810369536,729825280,20,13834366976
1791660815.635,188.951,indexer,298510317,227507419,71002897,5715853312,5715853312,1488515072,4121260032,1230942208,2995408896,30,13818105856
1791660815.635,188.951,zebrad,268659374,225019135,43640238,4643246080,4645359616,390127616,4229611520,3810369536,729825280,20,13818105856
1791660816.635,189.951,indexer,300552446,229118741,71433705,5731725312,5731831808,1496903680,4128817152,1238495232,2995408896,30,13815455744
1791660816.635,189.951,zebrad,268667166,225025636,43641529,4642988032,4645359616,390127616,4229611520,3810369536,729825280,20,13815455744
1791660817.635,190.951,indexer,302417315,230551060,71866255,5747245056,5747249152,1505292288,4135825408,1245503488,2995408896,30,13810614272
1791660817.635,190.951,zebrad,268675525,225033939,43641585,4643164160,4645359616,390127616,4229611520,3810369536,729825280,20,13810614272
1791660818.635,191.951,indexer,304391899,232065013,72326885,5762854912,5762916352,1513680896,4143325184,1253003264,2995408896,30,13806182400
1791660818.635,191.951,zebrad,268684634,225040190,43644443,4643422208,4645359616,390127616,4229611520,3810369536,729825280,20,13806182400
1791660819.635,192.951,indexer,306607522,233724337,72883184,5779529728,5779554304,1522069504,4151267328,1260945408,2995408896,30,13799784448
1791660819.635,192.951,zebrad,268692135,225046773,43645361,4643155968,4645359616,390127616,4229611520,3810369536,729825280,20,13799784448
1791660820.635,193.951,indexer,308738237,235356660,73381576,5795794944,5795823616,1530462208,4158922752,1268600832,2995408896,30,13792813056
1791660820.635,193.951,zebrad,268700876,225055514,43645361,4643172352,4645359616,390127616,4229611520,3810369536,729825280,20,13792813056
1791660821.636,194.951,indexer,310678395,236888018,73790376,5810528256,5810679808,1538850816,4165672960,1275351040,2995408896,30,13785821184
1791660821.636,194.951,zebrad,268709101,225061746,43647354,4643172352,4645359616,390127616,4229611520,3810369536,729825280,20,13785821184
1791660822.636,195.951,indexer,312587674,238427539,74160135,5825949696,5825966080,1547239424,4172292096,1281970176,2995408896,30,13778325504
1791660822.636,195.951,zebrad,268717668,225069547,43648120,4643172352,4645359616,390127616,4229611520,3810369536,729825280,20,13778325504
1791660823.636,196.951,indexer,314718532,240095364,74623168,5841989632,5841989632,1555939328,4179673088,1289351168,2995408896,30,13765361664
1791660823.636,196.951,zebrad,268726087,225077901,43648186,4643164160,4645359616,390127616,4229611520,3810369536,729825280,20,13765361664
1791660824.636,197.952,indexer,316922005,241782991,75139014,5858742272,5858758656,1564733440,4187660288,1297342464,2995408896,30,13762965504
1791660824.636,197.952,zebrad,268734522,225084101,43650421,4642897920,4645359616,390127616,4229611520,3810369536,729825280,20,13762965504
1791660825.636,198.952,indexer,319134242,243530351,75603890,5876019200,5876019200,1573941248,4195708928,1305387008,2995408896,30,13751169024
1791660825.636,198.952,zebrad,268743100,225091072,43652028,4643160064,4645359616,390127616,4229611520,3810369536,729825280,20,13751169024
1791660826.636,199.952,indexer,321404962,245320984,76083977,5895680000,5895680000,1585258496,4203900928,1313579008,2995408896,30,13737193472
1791660826.636,199.952,zebrad,268751428,225099186,43652241,4643155968,4645359616,390127616,4229611520,3810369536,729825280,20,13737193472
1791660827.636,200.952,indexer,324197778,247797776,76400001,5728251904,5895680000,1411510272,4210511872,1320189952,2995408896,31,13916282880
1791660827.636,200.952,zebrad,268759824,225107521,43652303,4643172352,4645359616,390127616,4229611520,3810369536,729825280,20,13916282880
1791660828.636,201.952,indexer,327068617,250347017,76721600,5751582720,5895680000,1427951616,4217450496,1327128576,2995408896,31,13898371072
1791660828.636,201.952,zebrad,268770835,225118371,43652464,4642910208,4645359616,390135808,4229611520,3810369536,729825280,20,13898371072
1791660829.636,202.952,indexer,329528044,252070571,77457473,6370091008,6370140160,1436413952,4809793536,1332961280,3012399104,31,13882314752
1791660829.636,202.952,zebrad,268779282,225126818,43652464,4643172352,4645359616,390135808,4229611520,3810369536,729825280,20,13882314752
1791660830.637,203.952,indexer,329719830,252127931,77591899,6370041856,6370140160,1436413952,4810178560,1333305344,3709198336,31,13875687424
1791660830.637,203.952,zebrad,268786447,225133983,43652464,4643172352,4645359616,390135808,4229611520,3810369536,729825280,20,13875687424
1791660831.637,204.952,indexer,330488508,252716283,77772225,6375444480,6375485440,1438511104,4812926976,1336053760,3709198336,30,13877084160
1791660831.637,204.952,zebrad,268793986,225139176,43654810,4643164160,4645359616,390135808,4229611520,3810369536,729825280,20,13877084160
1791660832.637,205.952,indexer,333106063,255008671,78097392,6390173696,6390214656,1446031360,4819468288,1342599168,3709198336,30,13871915008
1791660832.637,205.952,zebrad,268797770,225142671,43655099,4643164160,4645359616,390135808,4229611520,3810369536,729825280,20,13871915008
1791660834.545,207.860,indexer,338447651,259709030,78738621,6418272256,6418280448,1461411840,4832034816,1355161600,3709198336,30,13854572544
1791660834.545,207.860,zebrad,268801959,225145828,43656130,4643164160,4645359616,390135808,4229611520,3810369536,729825280,20,13854572544
1791660835.545,208.860,indexer,340655631,261447884,79207746,6434369536,6434406400,1470062592,4839641088,1362767872,3709198336,30,13845626880
1791660835.545,208.860,zebrad,268809153,225151990,43657162,4643164160,4645359616,390135808,4229611520,3810369536,729825280,20,13845626880
1791660836.545,209.861,indexer,342884836,263173124,79711712,6453383168,6453383168,1480941568,4847570944,1370697728,3709198336,30,13837926400
1791660836.545,209.861,zebrad,268816579,225159350,43657229,4643160064,4645359616,390135808,4229611520,3810369536,729825280,20,13837926400
1791660837.545,210.861,indexer,345142550,264975563,80166986,6470426624,6470426624,1489838080,4855685120,1378811904,3709198336,30,13829959680
1791660837.545,210.861,zebrad,268824596,225167367,43657229,4643160064,4645359616,390135808,4229611520,3810369536,729825280,20,13829959680
1791660838.545,211.861,indexer,347216891,266607636,80609254,6486585344,6486626304,1498435584,4863143936,1386270720,3709198336,30,13823504384
1791660838.545,211.861,zebrad,268833184,225175699,43657484,4643160064,4645359616,390135808,4229611520,3810369536,729825280,20,13823504384
1791660839.545,212.861,indexer,349109504,268082990,81026514,6502031360,6502047744,1507131392,4869963776,1393090560,3709198336,30,13811007488
1791660839.545,212.861,zebrad,268841413,225183731,43657681,4643147776,4645359616,390135808,4229611520,3810369536,729825280,20,13811007488
1791660840.545,213.861,indexer,351087958,269627457,81460500,6517592064,6517592064,1515790336,4877008896,1400143872,3709198336,30,13804855296
1791660840.545,213.861,zebrad,268848994,225191057,43657936,4643409920,4645359616,390135808,4229611520,3810369536,729825280,20,13804855296
1791660841.545,214.861,indexer,353275965,271344828,81931136,6534627328,6534627328,1524588544,4884598784,1407725568,3709198336,30,13791305728
1791660841.545,214.861,zebrad,268856970,225199034,43657936,4643418112,4645359616,390135808,4229611520,3810369536,729825280,20,13791305728
1791660842.545,215.861,indexer,355509814,273106752,82403062,6550093824,6550093824,1533190144,4891877376,1415004160,3709198336,30,13783285760
1791660842.545,215.861,zebrad,268865250,225206601,43658649,4643147776,4645359616,390135808,4229611520,3810369536,729825280,20,13783285760
1791660843.546,216.861,indexer,357477567,274639397,82838170,6565679104,6565711872,1541849088,4898664448,1421791232,3709198336,30,13775687680
1791660843.546,216.861,zebrad,268873924,225214842,43659081,4642889728,4645359616,390135808,4229611520,3810369536,729825280,20,13775687680
1791660844.546,217.861,indexer,359430978,276130645,83300332,6579126272,6579150848,1548595200,4905435136,1428561920,3709198336,30,13770911744
1791660844.546,217.861,zebrad,268882058,225222977,43659081,4643209216,4645359616,390459392,4229611520,3810369536,729825280,20,13770911744
1791660845.546,218.861,indexer,361547192,277766283,83780909,6597476352,6597476352,1559379968,4912857088,1435983872,3709198336,30,13758246912
1791660845.546,218.861,zebrad,268890049,225229950,43660098,4643209216,4645359616,390459392,4229611520,3810369536,729825280,20,13758246912
1791660846.546,219.862,indexer,363736243,279477874,84258369,6613807104,6613819392,1568190464,4920303616,1443430400,3709198336,30,13744816128
1791660846.546,219.862,zebrad,268898546,225237530,43661015,4643209216,4645359616,390459392,4229611520,3810369536,729825280,20,13744816128
1791660847.546,220.862,indexer,365937983,281191307,84746676,6629953536,6629953536,1576656896,4927975424,1451102208,3709198336,30,13735583744
1791660847.546,220.862,zebrad,268906116,225245010,43661106,4643471360,4645359616,390459392,4229611520,3810369536,729825280,20,13735583744
1791660848.546,221.862,indexer,368045676,282842182,85203493,6646206464,6646206464,1585446912,4935450624,1458577408,3709198336,30,13732970496
1791660848.546,221.862,zebrad,268914168,225252054,43662113,4643471360,4645359616,390463488,4229611520,3810369536,729825280,20,13732970496
1791660849.546,222.862,indexer,370258301,284666894,85591406,6485487616,6658789376,1418358784,4942319616,1465446400,3709198336,31,13894361088
1791660849.546,222.862,zebrad,268922276,225259145,43663130,4643241984,4645359616,390463488,4229611520,3810369536,729825280,20,13894361088
1791660850.546,223.862,indexer,373118951,287176167,85942783,6491779072,6658789376,1418457088,4948451328,1471578112,3709198336,31,13895417856
1791660850.546,223.862,zebrad,268931047,225267794,43663253,4643504128,4645359616,390463488,4229611520,3810369536,729825280,20,13895417856
1791660851.546,224.862,indexer,376010106,289632900,86377206,6585884672,6658789376,1436286976,5022334976,1478332416,3709198336,31,13874581504
1791660851.546,224.862,zebrad,268939319,225273181,43666138,4643504128,4645359616,390463488,4229611520,3810369536,729825280,20,13874581504
1791660852.546,225.862,indexer,378210778,291107159,87103618,7131062272,7131066368,1440542720,5547589632,1482997760,3733823488,31,13845004288
1791660852.546,225.862,zebrad,268946662,225278792,43667870,4643500032,4645359616,390463488,4229611520,3810369536,729825280,20,13845004288
1791660853.547,226.862,indexer,378458997,291194741,87264256,7133319168,7133360128,1442643968,5548052480,1483415552,4408201216,31,13841608704
1791660853.547,226.862,zebrad,268954626,225285762,43668863,4643500032,4645359616,390463488,4229611520,3810369536,729825280,20,13841608704
1791660854.547,227.862,indexer,378895387,291559254,87336132,7134965760,7134973952,1442643968,5549420544,1484779520,4462587904,30,13840982016
1791660854.547,227.862,zebrad,268962399,225293412,43668986,4644782080,4646629376,391749632,4229611520,3810369536,729825280,20,13840982016
1791660855.547,228.862,indexer,381568563,293971648,87596915,7148843008,7148888064,1449988096,5555281920,1490644992,4462587904,30,13836144640
1791660855.547,228.862,zebrad,268969092,225299669,43669422,4644782080,4646629376,391749632,4229611520,3810369536,729825280,20,13836144640
1791660856.547,229.863,indexer,384199633,296298903,87900729,7160774656,7160811520,1456279552,5560868864,1496227840,4462587904,30,13833109504
1791660856.547,229.863,zebrad,268977885,225306332,43671553,4644782080,4646629376,391749632,4229611520,3810369536,729825280,20,13833109504
1791660857.547,230.863,indexer,386867790,298560834,88306956,7175876608,7175983104,1464668160,5567807488,1503166464,4462587904,30,13824290816
1791660857.547,230.863,zebrad,268985923,225313202,43672721,4644814848,4646629376,391749632,4229611520,3810369536,729825280,20,13824290816
1791660858.547,231.863,indexer,389091761,300275152,88816608,7192338432,7192342528,1473056768,5575467008,1510825984,4462587904,30,13819777024
1791660858.547,231.863,zebrad,268997373,225322252,43675120,4644548608,4646629376,391749632,4229611520,3810369536,729825280,20,13819777024
1791660859.547,232.863,indexer,391316685,302015908,89300776,7208665088,7208665088,1481449472,5583331328,1518694400,4462587904,30,13806280704
1791660859.547,232.863,zebrad,269006020,225330900,43675120,4644286464,4646629376,391761920,4229611520,3810369536,729825280,20,13806280704
1791660860.547,233.863,indexer,393531321,303771285,89760036,7227539456,7227539456,1492320256,5591363584,1526722560,4462587904,30,13796745216
1791660860.547,233.863,zebrad,269014446,225336801,43677644,4644548608,4646629376,391761920,4229611520,3810369536,729825280,20,13796745216
1791660861.547,234.863,indexer,395727787,305517800,90209986,7243972608,7244038144,1501032448,5599199232,1534558208,4462587904,30,13789724672
1791660861.547,234.863,zebrad,269023079,225344170,43678909,4644548608,4646629376,391761920,4229611520,3810369536,729825280,20,13789724672
1791660862.547,235.863,indexer,397895982,307181614,90714367,7260401664,7260450816,1509801984,5606850560,1542209536,4462587904,30,13781385216
1791660862.547,235.863,zebrad,269030086,225350853,43679233,4644548608,4646629376,391761920,4229611520,3810369536,729825280,20,13781385216
1791660863.548,236.863,indexer,400084744,308861534,91223210,7276638208,7276638208,1518366720,5614559232,1549918208,4462587904,30,13771907072
1791660863.548,236.863,zebrad,269038431,225357466,43680965,4644823040,4646629376,391761920,4229611520,3810369536,729825280,20,13771907072
1791660864.548,237.863,indexer,402303975,310612199,91691776,7295553536,7295553536,1529208832,5622476800,1557835776,4462587904,30,13755424768
1791660864.548,237.863,zebrad,269045786,225363763,43682022,4646092800,4648189952,393289728,4229611520,3810369536,729825280,20,13755424768
1791660865.548,238.863,indexer,404490004,312335091,92154913,7312216064,7312257024,1538179072,5630078976,1565437952,4462587904,30,13748187136
1791660865.548,238.863,zebrad,269054258,225369994,43684263,4646350848,4648189952,393289728,4229611520,3810369536,729825280,20,13748187136
1791660866.548,239.863,indexer,406406070,313814135,92591935,7327748096,7327850496,1546952704,5637025792,1572384768,4462587904,30,13741293568
1791660866.548,239.863,zebrad,269062674,225377669,43685005,4646088704,4648189952,393289728,4229611520,3810369536,729825280,20,13741293568
1791660867.548,240.864,indexer,408392074,315378128,93013946,7337115648,7337144320,1551253504,5641900032,1577263104,4462592000,30,13732564992
1791660867.548,240.864,zebrad,269075320,225389726,43685594,4646100992,4648189952,393289728,4229611520,3810369536,729825280,20,13732564992
1791660868.548,241.864,indexer,410483658,317077191,93406466,7347773440,7347822592,1557790720,5646020608,1581379584,4462592000,30,13732134912
1791660868.548,241.864,zebrad,269086828,225400316,43686512,4646088704,4648189952,393289728,4229611520,3810369536,729825280,20,13732134912
1791660869.548,242.864,indexer,412666556,318790411,93876144,7364313088,7364317184,1566670848,5653696512,1589055488,4462592000,30,13719334912
1791660869.548,242.864,zebrad,269094837,225408325,43686512,4646084608,4648189952,393289728,4229611520,3810369536,729825280,20,13719334912
1791660870.548,243.864,indexer,414924245,320502480,94421765,7380992000,7381041152,1575251968,5661564928,1596923904,4462592000,30,13710807040
1791660870.548,243.864,zebrad,269103282,225415862,43687419,4646313984,4648189952,393289728,4229611520,3810369536,729825280,20,13710807040
1791660871.548,244.864,indexer,417065760,322133906,94931854,7396749312,7396769792,1583865856,5668765696,1604124672,4462592000,30,13706256384
1791660871.548,244.864,zebrad,269111393,225422793,43688599,4646313984,4648189952,393289728,4229611520,3810369536,729825280,20,13706256384
1791660872.548,245.864,indexer,419257622,323805760,95451862,7413243904,7413252096,1592639488,5676482560,1611841536,4462592000,30,13692764160
1791660872.548,245.864,zebrad,269118798,225429809,43688988,4646313984,4648189952,393289728,4229611520,3810369536,729825280,20,13692764160
1791660873.549,246.864,indexer,421798219,325981096,95817123,7249969152,7420436480,1422802944,5683019776,1618382848,4462592000,31,13868072960
1791660873.549,246.864,zebrad,269126385,225437396,43688988,4646051840,4648189952,393289728,4229611520,3810369536,729825280,20,13868072960
1791660874.549,247.864,indexer,424625336,328468666,96156670,7255957504,7420436480,1422802944,5689270272,1624629248,4462592000,31,13859213312
1791660874.549,247.864,zebrad,269134394,225444637,43689756,4647837696,4649934848,395075584,4229611520,3810369536,729825280,20,13859213312
1791660875.549,248.864,indexer,427435616,330838321,96597295,7419957248,7420436480,1442729984,5829251072,1630576640,4462592000,31,13842083840
1791660875.549,248.864,zebrad,269142966,225453119,43689846,4648099840,4649934848,395075584,4229611520,3810369536,729825280,20,13842083840
1791660876.549,249.865,indexer,429147836,331770308,97377528,7894437888,7894437888,1446998016,6285537280,1633923072,4504797184,31,13828562944
1791660876.549,249.865,zebrad,269150718,225460751,43689966,4648095744,4649934848,395075584,4229611520,3810369536,729825280,20,13828562944
1791660877.549,250.865,indexer,429353271,331845197,97508074,7894716416,7894716416,1447006208,6285897728,1634250752,5062852608,31,13821440000
1791660877.549,250.865,zebrad,269158715,225467912,43690802,4648095744,4649934848,395075584,4229611520,3810369536,729825280,20,13821440000
1791660878.549,251.865,indexer,430006261,332341550,97664711,7899172864,7899172864,1449103360,6288056320,1636401152,5251227648,30,13821181952
1791660878.549,251.865,zebrad,269166823,225475354,43691468,4648095744,4649934848,395075584,4229611520,3810369536,729825280,20,13821181952
1791660879.549,252.865,indexer,432577352,334488941,98088411,7913328640,7913328640,1456447488,6294552576,1642897408,5251227648,30,13810335744
1791660879.549,252.865,zebrad,269166859,225475385,43691474,4647604224,4649934848,395075584,4229611520,3810369536,729825280,20,13810335744
1791660880.549,253.865,indexer,435354319,336895402,98458916,7925731328,7925739520,1462738944,6300397568,1648742400,5251227648,30,13803896832
1791660880.549,253.865,zebrad,269166883,225475405,43691478,4647604224,4649934848,395075584,4229611520,3810369536,729825280,20,13803896832
1791660881.549,254.865,indexer,438078888,339317392,98761496,7940280320,7940288512,1471131648,6306566144,1654910976,5251227648,30,13796651008
1791660881.549,254.865,zebrad,269166995,225475498,43691496,4647604224,4649934848,395075584,4229611520,3810369536,729825280,20,13796651008
1791660882.549,255.865,indexer,440117799,340988944,99128855,7953145856,7953170432,1477423104,6312886272,1661231104,5251227648,30,13798461440
1791660882.549,255.865,zebrad,269175195,225481502,43693692,4648128512,4649934848,395075584,4229611520,3810369536,729825280,20,13798461440
1791660883.550,256.865,indexer,442297301,342662561,99634740,7968542720,7968645120,1485815808,6320398336,1668743168,5251227648,30,13786558464
1791660883.550,256.865,zebrad,269184817,225489022,43695795,4648124416,4649934848,395075584,4229611520,3810369536,729825280,20,13786558464
1791660884.550,257.865,indexer,444559558,344394374,100165184,7984992256,7985008640,1494204416,6328070144,1676414976,5251227648,30,13777752064
1791660884.550,257.865,zebrad,269193971,225495147,43698823,4648099840,4649934848,395075584,4229611520,3810369536,729825280,20,13777752064
1791660885.550,258.865,indexer,446824165,346176401,100647763,8003457024,8003457024,1504690176,6336008192,1684357120,5251227648,30,13751033856
1791660885.550,258.865,zebrad,269202325,225503501,43698823,4648099840,4650196992,395075584,4229611520,3810369536,729825280,20,13751033856
1791660886.550,259.866,indexer,449085807,347949061,101136746,8019709952,8019709952,1513078784,6344060928,1692405760,5251227648,30,13744902144
1791660886.550,259.866,zebrad,269210304,225510755,43699548,4648099840,4650196992,395075584,4229611520,3810369536,729825280,20,13744902144
1791660887.550,260.866,indexer,451147889,349549948,101597941,8035401728,8035450880,1521475584,6351372288,1699721216,5251227648,30,13738524672
1791660887.550,260.866,zebrad,269217614,225518017,43699596,4648099840,4650196992,395108352,4229611520,3810369536,729825280,20,13738524672
1791660888.550,261.866,indexer,453060389,351042528,102017861,8050913280,8051003392,1529864192,6358286336,1706631168,5251227648,30,13732749312
1791660888.550,261.866,zebrad,269227809,225527859,43699949,4648095744,4650196992,395108352,4229611520,3810369536,729825280,20,13732749312
1791660889.550,262.866,indexer,454968824,352555827,102412997,8063733760,8063795200,1536229376,6364889088,1713233920,5251227648,30,13731745792
1791660889.550,262.866,zebrad,269235677,225534912,43700765,4648095744,4650196992,395112448,4229611520,3810369536,729825280,20,13731745792
1791660890.550,263.866,indexer,457179891,354231328,102948563,8082051072,8082075648,1546715136,6372618240,1720963072,5251227648,30,13725638656
1791660890.550,263.866,zebrad,269244772,225543317,43701454,4648095744,4650196992,395112448,4229611520,3810369536,729825280,20,13725638656
1791660891.550,264.866,indexer,459377345,355948475,103428870,8097488896,8097488896,1555107840,6379646976,1727991808,5251227648,30,13718224896
1791660891.550,264.866,zebrad,269252502,225550932,43701570,4648095744,4650196992,395112448,4229611520,3810369536,729825280,20,13718224896
1791660892.550,265.866,indexer,461520935,357627135,103893800,8113213440,8113213440,1563496448,6386847744,1735192576,5251227648,30,13702639616
1791660892.550,265.866,zebrad,269260871,225557916,43702954,4648095744,4650196992,395112448,4229611520,3810369536,729825280,20,13702639616
1791660893.551,266.866,indexer,463771217,359393408,104377809,8129482752,8129716224,1571885056,6394851328,1743208448,5251227648,30,13695311872
1791660893.551,266.866,zebrad,269269548,225565321,43704226,4648091648,4650196992,395112448,4229611520,3810369536,729825280,20,13695311872
1791660894.551,267.866,indexer,465762271,361001663,104760607,8144867328,8144879616,1580273664,6401486848,1749831680,5251227648,30,13690605568
1791660894.551,267.866,zebrad,269277737,225572480,43705256,4648091648,4650196992,395112448,4229611520,3810369536,729825280,20,13690605568
1791660895.551,268.866,indexer,467688343,362524343,105164000,8157753344,8157761536,1586569216,6408003584,1756348416,5251227648,30,13674688512
1791660895.551,268.866,zebrad,269285758,225580175,43705582,4648472576,4650369024,395493376,4229611520,3810369536,729825280,20,13674688512
1791660896.551,269.867,indexer,469697123,364077725,105619398,8172781568,8172822528,1595187200,6414733312,1763082240,5251227648,30,13668556800
1791660896.551,269.867,zebrad,269294722,225587307,43707415,4648472576,4650369024,395493376,4229611520,3810369536,729825280,20,13668556800
1791660897.551,270.867,indexer,472157362,366219680,105937682,8006725632,8177442816,1423298560,6420881408,1769226240,5251227648,31,13838483456
1791660897.551,270.867,zebrad,269302479,225593101,43709377,4648226816,4650369024,395493376,4229611520,3810369536,729825280,20,13838483456
1791660898.551,271.867,indexer,474806231,368539259,106266971,8013406208,8177442816,1423298560,6427320320,1775665152,5251231744,31,13841854464
1791660898.551,271.867,zebrad,269310601,225601044,43709557,4648222720,4650369024,395493376,4229611520,3810369536,729825280,20,13841854464
1791660899.551,272.867,indexer,477542771,370735974,106806797,8384516096,8384540672,1443274752,6768168960,1782075392,5251231744,31,13821935616
1791660899.551,272.867,zebrad,269318092,225608295,43709797,4648480768,4650369024,395493376,4229611520,3810369536,729825280,20,13821935616
1791660900.551,273.867,indexer,478517909,371172477,107345432,8667967488,8668024832,1445404672,7041617920,1784209408,5313343488,31,13825843200
1791660900.551,273.867,zebrad,269326418,225615569,43710849,4648480768,4650369024,395493376,4229611520,3810369536,729825280,20,13825843200
1791660901.551,274.867,indexer,478705815,371216127,107489688,8670818304,8670818304,1447501824,7041990656,1784524800,6091231232,31,13825884160
1791660901.551,274.867,zebrad,269333698,225620964,43712734,4647763968,4650369024,395493376,4229611520,3810369536,729825280,20,13825884160
1791660902.551,275.867,indexer,480053516,372511394,107542122,8675065856,8675082240,1449598976,7043682304,1786216448,6091231232,30,13827903488
1791660902.551,275.867,zebrad,269341230,225628249,43712980,4648529920,4650369024,395493376,4229611520,3810369536,729825280,20,13827903488
1791660903.551,276.867,indexer,482929284,374980352,107948932,8689213440,8689217536,1456939008,7050227712,1792761856,6091231232,30,13819080704
1791660903.551,276.867,zebrad,269349379,225634698,43714680,4648521728,4650369024,395493376,4229611520,3810369536,729825280,20,13819080704
1791660904.552,277.867,indexer,485800428,377481936,108318491,8702480384,8702480384,1463701504,7057104896,1799639040,6091231232,30,13814464512
1791660904.552,277.867,zebrad,269357157,225640348,43716809,4648271872,4650369024,395493376,4229611520,3810369536,729825280,20,13814464512
1791660905.552,278.867,indexer,488229216,379587006,108642209,8717684736,8717684736,1472090112,7063625728,1806159872,6091231232,30,13798154240
1791660905.552,278.867,zebrad,269364284,225647457,43716827,4648689664,4650786816,395653120,4229611520,3810369536,729825280,20,13798154240
1791660906.552,279.867,indexer,490605940,381676440,108929500,8730316800,8730316800,1478479872,7069917184,1812451328,6091231232,30,13799591936
1791660906.552,279.867,zebrad,269372002,225654058,43717943,4648423424,4650786816,395653120,4229611520,3810369536,729825280,20,13799591936
1791660907.552,280.868,indexer,492886798,383513291,109373506,8748572672,8748572672,1488965632,7077765120,1820299264,6091231232,30,13793091584
1791660907.552,280.868,zebrad,269380884,225660796,43720088,4648681472,4650786816,395653120,4229611520,3810369536,729825280,20,13793091584
1791660908.552,281.868,indexer,495134247,385314693,109819554,8765349888,8765349888,1497354240,7085850624,1828384768,6091231232,30,13783654400
1791660908.552,281.868,zebrad,269389571,225669374,43720196,4648423424,4650786816,395653120,4229611520,3810369536,729825280,20,13783654400
1791660909.552,282.868,indexer,497386645,387103418,110283227,8783978496,8783978496,1507840000,7094132736,1836666880,6091231232,30,13773959168
1791660909.552,282.868,zebrad,269396880,225676310,43720569,4648693760,4650786816,395653120,4229611520,3810369536,729825280,20,13773959168
1791660910.552,283.868,indexer,499671401,388922135,110749265,8800493568,8800493568,1516228608,7102230528,1844768768,6091231232,30,13765623808
1791660910.552,283.868,zebrad,269404277,225681966,43722310,4648427520,4650786816,395653120,4229611520,3810369536,729825280,20,13765623808
1791660911.552,284.868,indexer,501910024,390673312,111236712,8819105792,8819105792,1526714368,7110283264,1852817408,6091231232,30,13752356864
1791660911.552,284.868,zebrad,269412267,225687117,43725150,4648423424,4650786816,395653120,4229611520,3810369536,729825280,20,13752356864
1791660912.552,285.868,indexer,504175960,392452764,111723195,8835833856,8835874816,1535102976,7118503936,1861038080,6091231232,30,13747118080
1791660912.552,285.868,zebrad,269419523,225694334,43725189,4648681472,4650786816,395653120,4229611520,3810369536,729825280,20,13747118080
1791660913.553,286.868,indexer,506420879,394148719,112272159,8852340736,8852361216,1543495680,7126573056,1869107200,6091231232,30,13743304704
1791660913.553,286.868,zebrad,269427473,225702283,43725189,4648677376,4650786816,395653120,4229611520,3810369536,729825280,20,13743304704
1791660914.553,287.868,indexer,508643479,395818366,112825112,8871014400,8871047168,1553981440,7134711808,1877245952,6091231232,30,13729939456
1791660914.553,287.868,zebrad,269434569,225709215,43725354,4648673280,4650786816,395653120,4229611520,3810369536,729825280,20,13729939456
1791660915.553,288.868,indexer,510883592,397534853,113348738,8887394304,8887455744,1562370048,7142871040,1885405184,6091231232,30,13706006528
1791660915.553,288.868,zebrad,269442514,225716683,43725830,4648673280,4650786816,395653120,4229611520,3810369536,729825280,20,13706006528
1791660916.553,289.869,indexer,513073617,399265633,113807983,8905900032,8905916416,1572855808,7150538752,1893072896,6091231232,30,13697466368
1791660916.553,289.869,zebrad,269450665,225724488,43726177,4648669184,4650786816,395653120,4229611520,3810369536,729825280,20,13697466368
1791660917.553,290.869,indexer,515259418,400985955,114273462,8922071040,8922071040,1581244416,7158071296,1900605440,6091231232,30,13690621952
1791660917.553,290.869,zebrad,269458782,225730421,43728360,4648665088,4650786816,395653120,4229611520,3810369536,729825280,20,13690621952
1791660918.553,291.869,indexer,517447407,402694313,114753093,8937771008,8937799680,1589633024,7165607936,1908146176,6091231232,30,13683974144
1791660918.553,291.869,zebrad,269469930,225740710,43729220,4648660992,4650786816,395669504,4229611520,3810369536,729825280,20,13683974144
1791660919.553,292.869,indexer,519625075,404474510,115150564,8953479168,8953536512,1598021632,7173050368,1915588608,6091231232,30,13674635264
1791660919.553,292.869,zebrad,269478692,225748674,43730017,4648673280,4650786816,395669504,4229611520,3810369536,729825280,20,13674635264
1791660920.553,293.869,indexer,522199180,406788926,115410253,8784445440,8953536512,1423953920,7178592256,1921126400,6091231232,31,13835313152
1791660920.553,293.869,zebrad,269485636,225755305,43730331,4648939520,4650786816,395669504,4229611520,3810369536,729825280,20,13835313152
1791660921.553,294.869,indexer,524944352,409152900,115791452,8860360704,8953536512,1423953920,7252234240,1927663616,6091231232,31,13823008768
1791660921.553,294.869,zebrad,269493664,225762166,43731497,4648701952,4650786816,395669504,4229611520,3810369536,729825280,20,13823008768
1791660922.553,295.869,indexer,527255177,410755392,116499785,9388580864,9388580864,1443905536,7745662976,1932476416,6313238528,31,13817745408
1791660922.553,295.869,zebrad,269501171,225767589,43733582,4648955904,4650786816,395669504,4229611520,3810369536,729825280,20,13817745408
1791660923.554,296.869,indexer,527509266,410832220,116677046,9389101056,9389101056,1443905536,7746002944,1932816384,6477574144,31,13802848256
1791660923.554,296.869,zebrad,269509989,225775112,43734876,4648947712,4650786816,395669504,4229611520,3810369536,729825280,20,13802848256
1791660924.554,297.869,indexer,527727785,410889466,116838319,9391607808,9391607808,1446002688,7746367488,1933164544,6917877760,31,13805109248
1791660924.554,297.869,zebrad,269516951,225781920,43735030,4648947712,4650786816,395669504,4229611520,3810369536,729825280,20,13805109248
1791660925.554,298.870,indexer,530394449,413197325,117197123,9404190720,9404190720,1452294144,7752302592,1939103744,6917877760,30,13798043648
1791660925.554,298.870,zebrad,269516951,225781920,43735030,4648947712,4650786816,395669504,4229611520,3810369536,729825280,20,13798043648
1791660926.554,299.870,indexer,533189158,415687357,117501800,9418067968,9418092544,1459634176,7758598144,1945395200,6917877760,30,13794652160
1791660926.554,299.870,zebrad,269517082,225782030,43735051,4648947712,4651044864,395669504,4229611520,3810369536,729825280,20,13794652160
1791660927.554,300.870,indexer,535742503,417956857,117785646,9430495232,9430548480,1465925632,7764664320,1951465472,6917877760,30,13781979136
1791660927.554,300.870,zebrad,269521295,225785533,43735762,4648689664,4651044864,395669504,4229611520,3810369536,729825280,20,13781979136
1791660928.554,301.870,indexer,537646461,419478269,118168191,9445384192,9445433344,1474314240,7771348992,1958146048,6917877760,30,13779226624
1791660928.554,301.870,zebrad,269529479,225791523,43737956,4648951808,4651044864,395669504,4229611520,3810369536,729825280,20,13779226624
1791660929.554,302.870,indexer,539788786,421132891,118655895,9461579776,9461592064,1482702848,7779074048,1965871104,6917877760,30,13773590528
1791660929.554,302.870,zebrad,269537510,225799552,43737958,4648685568,4651044864,395669504,4229611520,3810369536,729825280,20,13773590528
1791660930.554,303.870,indexer,542047620,422899679,119147940,9478062080,9478139904,1491091456,7786692608,1974063104,6917877760,30,13765521408
1791660930.554,303.870,zebrad,269546012,225807487,43738524,4648681472,4651044864,395669504,4229611520,3810369536,729825280,20,13765521408
1791660931.554,304.870,indexer,544320889,424710709,119610180,9497104384,9497104384,1501577216,7795392512,1982189568,6917877760,30,13754183680
1791660931.554,304.870,zebrad,269553699,225815175,43738524,4648415232,4651044864,395669504,4229611520,3810369536,729825280,20,13754183680
1791660932.555,305.870,indexer,546608974,426478429,120130545,9514135552,9514135552,1509965824,7803482112,1990500352,6917877760,30,13747142656
1791660932.555,305.870,zebrad,269560608,225821315,43739293,4648935424,4651044864,395669504,4229611520,3810369536,729825280,20,13747142656
1791660933.555,306.870,indexer,548857105,428207149,120649956,9532170240,9532227584,1520451584,7811616768,1998417920,6917877760,30,13736706048
1791660933.555,306.870,zebrad,269568187,225827962,43740224,4648669184,4651044864,395669504,4229611520,3810369536,729825280,20,13736706048
1791660934.555,307.870,indexer,551090398,429996482,121093915,9547984896,9547997184,1528840192,7819026432,2005823488,6917877760,30,13724377088
1791660934.555,307.870,zebrad,269575652,225834515,43741136,4648656896,4651044864,395669504,4229611520,3810369536,729825280,20,13724377088
1791660935.555,308.871,indexer,553450348,431985490,121464857,9563283456,9563283456,1537228800,7825829888,2012626944,6917877760,30,13718388736
1791660935.555,308.871,zebrad,269583645,225841185,43742460,4648652800,4651044864,395669504,4229611520,3810369536,729825280,20,13718388736
1791660936.555,309.871,indexer,555789782,433986045,121803737,9576648704,9576648704,1543520256,7832801280,2019598336,6917877760,30,13698805760
1791660936.555,309.871,zebrad,269591320,225847074,43744246,4651081728,4653178880,398098432,4229611520,3810369536,729825280,20,13698805760
1791660937.555,310.871,indexer,557916124,435653965,122262158,9594843136,9594961920,1554006016,7840702464,2027503616,6917877760,30,13695696896
1791660937.555,310.871,zebrad,269599702,225854719,43744982,4650815488,4653178880,398098432,4229611520,3810369536,729825280,20,13695696896
1791660938.555,311.871,indexer,559818837,437142988,122675848,9610506240,9610518528,1562394624,7847718912,2034520064,6917877760,30,13691576320
1791660938.555,311.871,zebrad,269607423,225861324,43746099,4651065344,4653178880,398098432,4229611520,3810369536,729825280,20,13691576320
1791660939.555,312.871,indexer,561764161,438660034,123104127,9626091520,9626107904,1570783232,7854977024,2041774080,6917877760,30,13685448704
1791660939.555,312.871,zebrad,269615472,225868365,43747106,4650803200,4653178880,398098432,4229611520,3810369536,729825280,20,13685448704
1791660940.555,313.871,indexer,564004337,440351858,123652479,9642606592,9642639360,1579171840,7863148544,2049945600,6917877760,30,13673672704
1791660940.555,313.871,zebrad,269621811,225874704,43747106,4651065344,4653178880,398098432,4229611520,3810369536,729825280,20,13673672704
1791660941.555,314.871,indexer,566265918,442175093,124090825,9658757120,9658773504,1587560448,7870611456,2057408512,6917877760,30,13665452032
1791660941.555,314.871,zebrad,269629544,225880752,43748792,4651065344,4653178880,398098432,4229611520,3810369536,729825280,20,13665452032
1791660942.556,315.871,indexer,568229025,443774690,124454334,9674465280,9674489856,1595949056,7878123520,2064924672,6917877760,30,13661245440
1791660942.556,315.871,zebrad,269636848,225886005,43750843,4651065344,4653178880,398098432,4229611520,3810369536,729825280,20,13661245440
1791660943.556,316.871,indexer,570711184,445926506,124784677,9509228544,9678934016,1423974400,7885049856,2071846912,6917877760,31,13657284608
1791660943.556,316.871,zebrad,269644742,225892917,43751825,4651065344,4653178880,398098432,4229611520,3810369536,729825280,20,13657284608
1791660944.556,317.871,indexer,573488530,448382003,125106526,9516285952,9678934016,1423974400,7892197376,2078994432,6917877760,31,13657489408
1791660944.556,317.871,zebrad,269652495,225899385,43753110,4650885120,4653178880,398098432,4229611520,3810369536,729825280,20,13657489408
1791660945.556,318.872,indexer,575956079,450101502,125854577,10078089216,10078089216,1443913728,8418459648,2084855808,7098413056,31,13433942016
1791660945.556,318.872,zebrad,269660049,225906175,43753874,4651130880,4653178880,398098432,4229611520,3810369536,729825280,20,13433942016
1791660946.556,319.872,indexer,576137588,450169968,125967620,10077761536,10078838784,1443913728,8417509376,2085199872,7330349056,31,13684367360
1791660946.556,319.872,zebrad,269668936,225912076,43756859,4649558016,4653178880,398098432,4228317184,3810369536,729825280,20,13684367360
1791660947.556,320.872,indexer,576360586,450210948,126149638,10077614080,10078838784,1443913728,8417828864,2085515264,7638958080,31,13668016128
1791660947.556,320.872,zebrad,269675746,225918886,43756859,4649537536,4653178880,398098432,4228317184,3810369536,729825280,20,13668016128
1791660948.556,321.872,indexer,577729029,451273633,126455395,10089361408,10089381888,1450205184,8423112704,2090762240,7752142848,30,13657481216
1791660948.556,321.872,zebrad,269685881,225927195,43758686,4649795584,4653178880,398098432,4228317184,3810369536,729825280,20,13657481216
1791660949.556,322.872,indexer,580263262,453425155,126838107,10104270848,10104320000,1457545216,8430309376,2097963008,7752142848,30,13653377024
1791660949.556,322.872,zebrad,269689242,225930556,43758686,4649553920,4653178880,398098432,4228317184,3810369536,729825280,20,13653377024
1791660950.556,323.872,indexer,583074382,455954329,127120053,10124529664,10124587008,1465942016,8442200064,2109849600,7752142848,30,13648699392
1791660950.556,323.872,zebrad,269689263,225930577,43758686,4649553920,4653178880,398098432,4228317184,3810369536,729825280,20,13648699392
1791660951.556,324.872,indexer,585832710,458401768,127430942,10139197440,10139197440,1472233472,8450191360,2117840896,7752142848,30,13642227712
1791660951.556,324.872,zebrad,269693116,225934394,43758722,4649533440,4653178880,398098432,4228317184,3810369536,729825280,20,13642227712
1791660952.557,325.872,indexer,588071701,460166026,127905675,10159063040,10159063040,1482719232,8459603968,2127257600,7752142848,30,13634195456
1791660952.557,325.872,zebrad,269701529,225941903,43759625,4650053632,4653178880,398098432,4228317184,3810369536,729825280,20,13634195456
1791660953.557,326.872,indexer,590279346,461942744,128336601,10176163840,10176176128,1491107840,8468357120,2136006656,7752142848,30,13625761792
1791660953.557,326.872,zebrad,269709355,225948758,43760597,4650053632,4653178880,398098432,4228317184,3810369536,729825280,20,13625761792
1791660954.557,327.872,indexer,592491571,463646154,128845417,10195156992,10195173376,1501593600,8476745728,2144395264,7752142848,30,13618880512
1791660954.557,327.872,zebrad,269717471,225955856,43761615,4650053632,4653178880,398098432,4228317184,3810369536,729825280,20,13618880512
1791660955.557,328.873,indexer,594691264,465339103,129352160,10212114432,10212114432,1509982208,8485236736,2152886272,7752142848,30,13609873408
1791660955.557,328.873,zebrad,269725171,225963119,43762051,4650049536,4653178880,398098432,4228317184,3810369536,729825280,20,13609873408
1791660956.557,329.873,indexer,596882160,467093246,129788914,10232524800,10232524800,1519480832,8496214016,2163863552,7752142848,30,13584388096
1791660956.557,329.873,zebrad,269731932,225969082,43762849,4649652224,4653178880,398225408,4228317184,3810369536,729825280,20,13584388096
1791660957.557,330.873,indexer,599131775,468895687,130236088,10251907072,10251956224,1529966592,8505171968,2172821504,7752142848,30,13578260480
1791660957.557,330.873,zebrad,269739580,225976627,43762952,4649656320,4653178880,398225408,4228317184,3810369536,729825280,20,13578260480
1791660958.557,331.873,indexer,601037043,470339296,130697747,10266746880,10266767360,1537224704,8512700416,2180349952,7752142848,30,13733707776
1791660958.557,331.873,zebrad,269747778,225982630,43765148,4650180608,4653178880,398225408,4228317184,3810369536,729825280,20,13733707776
1791660959.557,332.873,indexer,602927556,471829542,131098013,10282565632,10282569728,1544822784,8520798208,2188447744,7752142848,30,13734998016
1791660959.557,332.873,zebrad,269755488,225990064,43765423,4650180608,4653178880,398225408,4228317184,3810369536,729825280,20,13734998016
1791660960.557,333.873,indexer,604983309,473429732,131553576,10299183104,10299195392,1553526784,8528719872,2196373504,7752142848,30,13736116224
1791660960.557,333.873,zebrad,269762840,225996685,43766155,4649906176,4653178880,398225408,4228317184,3810369536,729825280,20,13736116224
1791660961.557,334.873,indexer,607149856,475121316,132028539,10316800000,10316816384,1562587136,8537219072,2204868608,7752142848,30,13716414464
1791660961.557,334.873,zebrad,269771018,226004836,43766181,4649922560,4653178880,398225408,4228317184,3810369536,729825280,20,13716414464
1791660962.558,335.873,indexer,609337194,476833464,132503730,10334650368,10334912512,1572012032,8545730560,2213380096,7752142848,30,13610713088
1791660962.558,335.873,zebrad,269779538,226013275,43766262,4649922560,4653178880,398225408,4228317184,3810369536,729825280,20,13610713088
1791660963.558,336.873,indexer,611589114,478608197,132980917,10352971776,10352971776,1581600768,8554541056,2222190592,7752142848,30,13543051264
1791660963.558,336.873,zebrad,269786999,226020664,43766335,4649922560,4653178880,398225408,4228317184,3810369536,729825280,20,13543051264
1791660964.558,337.873,indexer,613617960,480230062,133387898,10369527808,10369552384,1590198272,8562257920,2229907456,7752142848,30,13525352448
1791660964.558,337.873,zebrad,269795296,226028753,43766543,4649918464,4653178880,398225408,4228317184,3810369536,729825280,20,13525352448
1791660965.558,338.874,indexer,615508703,481728938,133779765,10210349056,10384695296,1423847424,8569421824,2237071360,7752142848,31,13676793856
1791660965.558,338.874,zebrad,269803204,226035676,43767527,4650180608,4653178880,398225408,4228317184,3810369536,729825280,20,13676793856
1791660966.558,339.874,indexer,618344183,484231496,134112686,10217820160,10384695296,1423847424,8576942080,2244595712,7752142848,31,13678673920
1791660966.558,339.874,zebrad,269811342,226042116,43769226,4650180608,4653178880,398225408,4228317184,3810369536,729825280,20,13678673920
1791660967.558,340.874,indexer,621006027,486570298,134435728,10351624192,10384695296,1439580160,8692432896,2251325440,7752142848,31,13643554816
1791660967.558,340.874,zebrad,269819400,226048488,43770912,4650176512,4653178880,398225408,4228317184,3810369536,729825280,20,13643554816
1791660968.558,341.874,indexer,622936719,487858210,135078509,10730160128,10730160128,1443942400,9051254784,2255839232,8009428992,31,13682634752
1791660968.558,341.874,zebrad,269826570,226055633,43770937,4597841920,4653178880,398225408,4177580032,3810369536,729825280,20,13682634752
1791660969.558,342.874,indexer,623131539,487922098,135209440,10731081728,10731085824,1444360192,9051623424,2256207872,8247783424,31,13675565056
1791660969.558,342.874,zebrad,269834142,226060595,43773546,4597850112,4653178880,398225408,4177580032,3810369536,729825280,20,13675565056
1791660970.558,343.874,indexer,623377669,488000439,135377230,10676211712,10731831296,1444794368,8996700160,2256596992,8357797888,31,13869846528
1791660970.558,343.874,zebrad,269841083,226065382,43775701,4560044032,4653178880,398225408,4140310528,3810369536,729825280,20,13869846528
1791660971.558,344.874,indexer,624485907,488857313,135628594,10685489152,10731831296,1450209280,9000550400,2260430848,8671641600,30,13843951616
1791660971.558,344.874,zebrad,269848962,226072958,43776003,4560039936,4653178880,398225408,4140310528,3810369536,729825280,20,13843951616
1791660972.559,345.874,indexer,627389322,491424306,135965016,10700304384,10731831296,1457549312,9007906816,2267787264,8671641600,30,13835468800
1791660972.559,345.874,zebrad,269856101,226079075,43777026,4560302080,4653178880,398225408,4140310528,3810369536,729825280,20,13835468800
1791660973.559,346.874,indexer,630318182,494007103,136311079,10715979776,10731831296,1465937920,9015173120,2275053568,8671641600,30,13829623808
1791660973.559,346.874,zebrad,269864894,226086902,43777991,4560035840,4653178880,398225408,4140310528,3810369536,729825280,20,13829623808
1791660974.559,347.875,indexer,632973615,496349552,136624062,10731528192,10731831296,1474326528,9022173184,2282053632,8671641600,30,13823926272
1791660974.559,347.875,zebrad,269872504,226094090,43778413,4560035840,4653178880,398225408,4140310528,3810369536,729825280,20,13823926272
1791660975.559,348.875,indexer,634890154,497885472,137004682,10747080704,10747105280,1482719232,9029292032,2289336320,8671641600,30,13823381504
1791660975.559,348.875,zebrad,269879647,226100374,43779273,4560035840,4653178880,398225408,4140310528,3810369536,729825280,20,13823381504
1791660976.559,349.875,indexer,636896047,499447813,137448233,10762977280,10763005952,1491107840,9036873728,2296758272,8671641600,30,13801332736
1791660976.559,349.875,zebrad,269887540,226107447,43780092,4560035840,4653178880,398225408,4140310528,3810369536,729825280,20,13801332736
1791660977.559,350.875,indexer,639121119,501159920,137961198,10778398720,10778411008,1498566656,9044660224,2304540672,8671641600,30,13790056448
1791660977.559,350.875,zebrad,269895545,226115453,43780092,4560035840,4653178880,398225408,4140310528,3810369536,729825280,20,13790056448
1791660978.559,351.875,indexer,641365409,502894063,138471346,10795180032,10795180032,1507606528,9052536832,2312417280,8671641600,30,13784182784
1791660978.559,351.875,zebrad,269906831,226125533,43781297,4560564224,4653178880,398225408,4140310528,3810369536,729825280,20,13784182784
1791660979.559,352.875,indexer,643581148,504639805,138941342,10811953152,10811953152,1516445696,9060233216,2320117760,8671641600,30,13779435520
1791660979.559,352.875,zebrad,269915389,226132161,43783227,4560297984,4653178880,398225408,4140310528,3810369536,729825280,20,13779435520
1791660980.560,353.875,indexer,645811683,506390463,139421220,10828861440,10828931072,1525641216,9068244992,2328125440,8671641600,30,13774929920
1791660980.560,353.875,zebrad,269923744,226138295,43785449,4560302080,4653178880,398557184,4140310528,3810369536,729825280,20,13774929920
1791660981.560,354.875,indexer,647758935,507942422,139816513,10844471296,10844499968,1533792256,9075343360,2335223808,8671641600,30,13769551872
1791660981.560,354.875,zebrad,269931520,226144945,43786574,4560560128,4653178880,398557184,4140310528,3810369536,729825280,20,13769551872
1791660982.560,355.875,indexer,649682586,509473629,140208957,10859241472,10859253760,1541812224,9082327040,2342207488,8671641600,30,13761163264
1791660982.560,355.875,zebrad,269939767,226153193,43786574,4560560128,4653178880,398557184,4140310528,3810369536,729825280,20,13761163264
1791660983.560,356.876,indexer,651890299,511254739,140635560,10756149248,10872541184,1551134720,8969605120,2350333952,8671641600,30,13732352000
1791660983.560,356.876,zebrad,269948176,226159821,43788354,4560560128,4653178880,398557184,4140310528,3810369536,729825280,20,13732352000
1791660984.560,357.876,indexer,654080348,512957872,141122476,10772664320,10872541184,1560326144,8977321984,2358050816,8671641600,30,13707776000
1791660984.560,357.876,zebrad,269955790,226167338,43788451,4560560128,4653178880,398557184,4140310528,3810369536,729825280,20,13707776000
1791660985.560,358.876,indexer,656069683,514548142,141521540,10788478976,10872541184,1568718848,8984547328,2365280256,8671641600,30,13700354048
1791660985.560,358.876,zebrad,269963811,226172352,43791459,4560560128,4653178880,398557184,4140310528,3810369536,729825280,20,13700354048
1791660986.560,359.876,indexer,657985013,516066442,141918571,10803884032,10872541184,1577107456,8991285248,2372022272,8671641600,30,13701025792
1791660986.560,359.876,zebrad,269971923,226179961,43791962,4560560128,4653178880,398557184,4140310528,3810369536,729825280,20,13701025792
1791660987.560,360.876,indexer,659988365,517599820,142388545,10810458112,10872541184,1583984640,8991145984,2378952704,8671641600,30,13733531648
1791660987.560,360.876,zebrad,269979511,226186969,43792542,4557414400,4653178880,398557184,4137164800,3810369536,729825280,20,13733531648
1791660988.560,361.876,indexer,662242200,519305537,142936662,10827239424,10872541184,1592881152,8998895616,2386706432,8671641600,30,13724532736
1791660988.560,361.876,zebrad,269988514,226194458,43794056,4557414400,4653178880,398557184,4137164800,3810369536,729825280,20,13724532736
1791660989.561,362.876,indexer,664548402,521307921,143240480,10664267776,10872541184,1424015360,9005170688,2392977408,8671641600,31,13875515392
1791660989.561,362.876,zebrad,269997043,226201902,43795141,4557164544,4653178880,398557184,4137164800,3810369536,729825280,20,13875515392
1791660990.561,363.876,indexer,667344887,523801255,143543631,10670735360,10872541184,1424015360,9011834880,2399641600,8671641600,31,13877182464
1791660990.561,363.876,zebrad,270005289,226210110,43795178,4557164544,4653178880,398557184,4137164800,3810369536,729825280,20,13877182464
1791660991.561,364.877,indexer,670098812,525964554,144134257,10798510080,10883977216,1442316288,9115279360,2406060032,8671641600,31,13869735936
1791660991.561,364.877,zebrad,270012956,226216155,43796801,4475559936,4653178880,398557184,4055826432,3810369536,729825280,20,13869735936
1791660992.561,365.877,indexer,670522372,526049999,144472373,10795397120,10942504960,1443078144,9111494656,2406723584,9114390528,31,13776334848
1791660992.561,365.877,zebrad,270020545,226223744,43796801,4430700544,4653178880,398557184,4010967040,3810369536,729825280,20,13776334848
1791660993.561,366.877,indexer,670779147,526091265,144687882,10795929600,10942504960,1443491840,9111846912,2407075840,9197932544,31,13759651840
1791660993.561,366.877,zebrad,270027401,226230600,43796801,4430696448,4653178880,398557184,4010967040,3810369536,729825280,20,13759651840
1791660994.561,367.877,indexer,671626914,526802737,144824176,10797113344,10942504960,1443864576,9112186880,2407407616,9559068672,31,13864009728
1791660994.561,367.877,zebrad,270027401,226230600,43796801,4430696448,4653178880,398557184,4010967040,3810369536,729825280,20,13864009728
1791660995.561,368.877,indexer,674229351,529115517,145113833,10811666432,10942504960,1452343296,9118265344,2413490176,9559068672,30,13827407872
1791660995.561,368.877,zebrad,270027401,226230600,43796801,4430696448,4653178880,398557184,4010967040,3810369536,729825280,20,13827407872
1791660996.561,369.877,indexer,676832746,531441784,145390962,10825768960,10942504960,1459683328,9124749312,2419970048,9559068672,30,13824712704
1791660996.561,369.877,zebrad,270031189,226234388,43796801,4430696448,4653178880,398557184,4010967040,3810369536,729825280,20,13824712704
1791660997.561,370.877,indexer,678826589,533024517,145802071,10841128960,10942504960,1468071936,9131950080,2427174912,9559068672,30,13819916288
1791660997.561,370.877,zebrad,270038175,226240670,43797504,4430655488,4653178880,398557184,4010967040,3810369536,729825280,20,13819916288
1791660998.561,371.877,indexer,681052038,534769670,146282367,10856415232,10942504960,1475563520,9139802112,2435022848,9559072768,30,13814792192
1791660998.561,371.877,zebrad,270046270,226248591,43797679,4431020032,4653178880,398557184,4010967040,3810369536,729825280,20,13814792192
1791660999.562,372.877,indexer,683215663,536496281,146719381,10872172544,10942504960,1483935744,9147092992,2442313728,9559072768,30,13808422912
1791660999.562,372.877,zebrad,270054176,226256000,43798176,4431020032,4653178880,398557184,4010967040,3810369536,729825280,20,13808422912
1791661000.562,373.877,indexer,685449635,538249753,147199882,10888904704,10942504960,1492873216,9154879488,2450100224,9559072768,30,13797752832
1791661000.562,373.877,zebrad,270061620,226262210,43799410,4430979072,4653178880,398557184,4010967040,3810369536,729825280,20,13797752832
1791661001.562,374.877,indexer,687725155,540076119,147649035,10906202112,10942504960,1502089216,9162899456,2458120192,9559072768,30,13787947008
1791661001.562,374.877,zebrad,270068756,226268838,43799917,4431237120,4653178880,398557184,4010967040,3810369536,729825280,20,13787947008
1791661002.562,375.878,indexer,689732934,541660681,148072253,10921373696,10942504960,1510215680,9169977344,2465198080,9559072768,30,13785063424
1791661002.562,375.878,zebrad,270076422,226276505,43799917,4431233024,4653178880,398557184,4010967040,3810369536,729825280,20,13785063424
1791661003.562,376.878,indexer,691692207,543216322,148475885,10936479744,10942504960,1518264320,9176973312,2472194048,9559072768,30,13776941056
1791661003.562,376.878,zebrad,270084365,226283352,43801013,4431228928,4653178880,398557184,4010967040,3810369536,729825280,20,13776941056
1791661004.562,377.878,indexer,693814621,544923190,148891431,10952499200,10952499200,1526935552,9184534528,2479755264,9559072768,30,13764780032
1791661004.562,377.878,zebrad,270092740,226291669,43801071,4431233024,4653178880,398557184,4010967040,3810369536,729825280,20,13764780032
1791661005.562,378.878,indexer,696077235,546689025,149388210,10970050560,10970050560,1536282624,9192677376,2487898112,9559072768,30,13757472768
1791661005.562,378.878,zebrad,270101145,226298684,43802461,4431228928,4653178880,398557184,4010967040,3810369536,729825280,20,13757472768
1791661006.562,379.878,indexer,698166165,548351052,149815112,10986459136,10986459136,1544843264,9200128000,2495348736,9559072768,30,13750476800
1791661006.562,379.878,zebrad,270109113,226305657,43803455,4431228928,4653178880,398557184,4010967040,3810369536,729825280,20,13750476800
1791661007.562,380.878,indexer,700110430,549894673,150215757,11002036224,11002048512,1553207296,9207324672,2502545408,9559072768,30,13741801472
1791661007.562,380.878,zebrad,270116020,226312565,43803455,4431241216,4653178880,398557184,4010967040,3810369536,729825280,20,13741801472
1791661008.562,381.878,indexer,702063209,551457717,150605492,11017515008,11017515008,1561575424,9214611456,2509836288,9559072768,30,13733908480
1791661008.562,381.878,zebrad,270126054,226320285,43805769,4431241216,4653178880,398565376,4010967040,3810369536,729825280,20,13733908480
1791661009.563,382.878,indexer,704254912,553171944,151082968,11034714112,11034714112,1570656256,9222524928,2517745664,9559072768,30,13725110272
1791661009.563,382.878,zebrad,270134145,226326360,43807785,4431245312,4653178880,398565376,4010967040,3810369536,729825280,20,13725110272
1791661010.563,383.878,indexer,706483122,554901506,151581615,10988355584,11051835392,1579810816,9165737984,2525724672,9559072768,30,13718093824
1791661010.563,383.878,zebrad,270141093,226332479,43808614,4404240384,4653178880,398565376,3984228352,3810369536,729825280,20,13718093824
1791661011.563,384.878,indexer,708765474,556719780,152045694,10997985280,11051835392,1589837824,9168687104,2533982208,9559072768,30,13702873088
1791661011.563,384.878,zebrad,270149002,226340388,43808614,4404240384,4653178880,398565376,3984228352,3810369536,729825280,20,13702873088
1791661012.563,385.879,indexer,711001017,558512136,152488880,10841272320,11051835392,1425424384,9176559616,2541854720,9559072768,31,13851480064
1791661012.563,385.879,zebrad,270156555,226347032,43809523,4404240384,4653178880,398565376,3984228352,3810369536,729825280,20,13851480064
1791661013.563,386.879,indexer,713807668,561021339,152786328,10848346112,11051835392,1425424384,9183584256,2548879360,9559072768,31,13850820608
1791661013.563,386.879,zebrad,270164890,226355153,43809737,4404240384,4653178880,398565376,3984228352,3810369536,729825280,20,13850820608
1791661014.563,387.879,indexer,716677964,563473549,153204415,11009818624,11051835392,1443254272,9322926080,2556063744,9559072768,31,13827526656
1791661014.563,387.879,zebrad,270173042,226363305,43809737,4404240384,4653178880,398565376,3984228352,3810369536,729825280,20,13827526656
1791661015.563,388.879,indexer,718721390,564787548,153933841,10976350208,11060412416,1447731200,9281245184,2560843776,9813065728,31,13813637120
1791661015.563,388.879,zebrad,270180664,226370927,43809737,4314492928,4653178880,398565376,3895013376,3810369536,729825280,20,13813637120
1791661016.563,389.879,indexer,719087889,565044415,154043473,10977308672,11060412416,1448177664,9281630208,2561228800,10062725120,31,13795201024
1791661016.563,389.879,zebrad,270187339,226377537,43809801,4314492928,4653178880,398565376,3895013376,3810369536,729825280,20,13795201024
1791661017.563,390.879,indexer,720316127,566180190,154135936,10976432128,11060412416,1448554496,9281961984,2561560576,10158866432,31,13805010944
1791661017.563,390.879,zebrad,270195511,226385684,43809826,4314738688,4653178880,398565376,3895013376,3810369536,729825280,20,13805010944
1791661018.563,391.879,indexer,721621333,567323996,154297337,10980765696,11060412416,1451651072,9283317760,2562916352,10476445696,30,13803245568
1791661018.563,391.879,zebrad,270203463,226393484,43809978,4314738688,4653178880,398565376,3895013376,3810369536,729825280,20,13803245568
1791661019.563,392.879,indexer,723553090,568847355,154705734,10994982912,11060412416,1458991104,9290514432,2570104832,10476445696,30,13801635840
1791661019.563,392.879,zebrad,270210286,226400308,43809978,4314214400,4653178880,398565376,3895013376,3810369536,729825280,20,13801635840
1791661020.564,393.879,indexer,725575617,570430186,155145431,11011026944,11060412416,1467379712,9297887232,2577477632,10476445696,30,13804544000
1791661020.564,393.879,zebrad,270217622,226406783,43810839,4314738688,4653178880,398565376,3895013376,3810369536,729825280,20,13804544000
1791661021.564,394.879,indexer,727821460,572179402,155642058,11029610496,11060412416,1477865472,9305964544,2585554944,10476445696,30,13795258368
1791661021.564,394.879,zebrad,270225510,226413852,43811657,4314738688,4653178880,398565376,3895013376,3810369536,729825280,20,13795258368
1791661022.564,395.879,indexer,730074603,573915336,156159266,11045191680,11060412416,1485377536,9314050048,2593640448,10476445696,30,13794549760
1791661022.564,395.879,zebrad,270234937,226422888,43812048,4314738688,4653178880,398565376,3895013376,3810369536,729825280,20,13794549760
1791661023.564,396.880,indexer,732318552,575700853,156617699,11062489088,11062489088,1494568960,9322057728,2601648128,10476445696,30,13793226752
1791661023.564,396.880,zebrad,270243356,226430078,43813278,4314730496,4653178880,398565376,3895013376,3810369536,729825280,20,13793226752
1791661024.564,397.880,indexer,734491628,577465375,157026253,11079127040,11079131136,1503477760,9329815552,2609405952,10476445696,30,13785751552
1791661024.564,397.880,zebrad,270251625,226436301,43815323,4314718208,4653178880,398565376,3895013376,3810369536,729825280,20,13785751552
1791661025.564,398.880,indexer,736423174,578951229,157471944,11094200320,11094237184,1511571456,9336864768,2616459264,10476445696,30,13778038784
1791661025.564,398.880,zebrad,270259285,226443962,43815323,4314714112,4653178880,398565376,3895013376,3810369536,729825280,20,13778038784
1791661026.564,399.880,indexer,738330174,580463760,157866413,11109163008,11109191680,1519390720,9343672320,2623262720,10476445696,30,13769957376
1791661026.564,399.880,zebrad,270267250,226449989,43817261,4314710016,4653178880,398565376,3895013376,3810369536,729825280,20,13769957376
1791661027.564,400.880,indexer,740454008,582153917,158300091,11124932608,11124936704,1527943168,9351131136,2630721536,10476445696,30,13762080768
1791661027.564,400.880,zebrad,270274590,226456111,43818478,4314705920,4653178880,398565376,3895013376,3810369536,729825280,20,13762080768
1791661028.564,401.880,indexer,742640303,583871485,158768818,11141316608,11141332992,1536671744,9358733312,2638323712,10476445696,30,13753073664
1791661028.564,401.880,zebrad,270282850,226464170,43818680,4314353664,4653178880,398565376,3895013376,3810369536,729825280,20,13753073664
1791661029.565,402.880,indexer,744825822,585609179,159216643,11157131264,11157131264,1545056256,9366036480,2645630976,10476445696,30,13738917888
1791661029.565,402.880,zebrad,270291490,226472546,43818943,4314615808,4653178880,398565376,3895013376,3810369536,729825280,20,13738917888
1791661030.565,403.880,indexer,747050915,587422064,159628851,11173646336,11173646336,1553985536,9373814784,2653405184,10476445696,30,13732827136
1791661030.565,403.880,zebrad,270299447,226479510,43819936,4314877952,4653178880,398565376,3895013376,3810369536,729825280,20,13732827136
1791661031.565,404.880,indexer,749091442,589042128,160049314,11084075008,11184533504,1563848704,9277095936,2660737024,10476445696,30,13733433344
1791661031.565,404.880,zebrad,270306266,226482515,43823750,4314873856,4653178880,398565376,3895013376,3810369536,729825280,20,13733433344
1791661032.565,405.881,indexer,750814203,590425894,160388309,11096891392,11184533504,1570140160,9283428352,2667069440,10476445696,30,13727748096
1791661032.565,405.881,zebrad,270313415,226488316,43825099,4314869760,4653178880,398565376,3895013376,3810369536,729825280,20,13727748096
1791661033.565,406.881,indexer,752709562,591923471,160786090,11112480768,11184533504,1578627072,9290272768,2673913856,10476445696,30,13718827008
1791661033.565,406.881,zebrad,270322026,226496315,43825710,4314865664,4653178880,398565376,3895013376,3810369536,729825280,20,13718827008
1791661034.565,407.881,indexer,754620618,593411486,161209132,11127558144,11184533504,1587015680,9297068032,2680709120,10476445696,30,13711908864
1791661034.565,407.881,zebrad,270329746,226503082,43826664,4314861568,4653178880,398565376,3895013376,3810369536,729825280,20,13711908864
1791661035.565,408.881,indexer,756570490,594979875,161590614,11140755456,11184533504,1593307136,9303891968,2687533056,10476445696,30,13703360512
1791661035.565,408.881,zebrad,270338315,226510397,43827918,4314861568,4653178880,398565376,3895013376,3810369536,729825280,20,13703360512
1791661036.565,409.881,indexer,758611124,596654784,161956339,10979135488,11184533504,1425526784,9310392320,2694033408,10476445696,31,13861466112
1791661036.565,409.881,zebrad,270345521,226517247,43828274,4314861568,4653178880,398565376,3895013376,3810369536,729825280,20,13861466112
1791661037.566,410.881,indexer,761254723,599028598,162226125,10985492480,11184533504,1425526784,9316716544,2700357632,10476445696,31,13863530496
1791661037.566,410.881,zebrad,270352903,226524569,43828333,4314857472,4653178880,398565376,3895013376,3810369536,729825280,20,13863530496
1791661038.566,411.881,indexer,763881647,601195297,162686350,11093618688,11184533504,1443356672,9402974208,2706296832,10476445696,31,13844066304
1791661038.566,411.881,zebrad,270363615,226534167,43829447,4314853376,4653178880,398565376,3895013376,3810369536,729825280,20,13844066304
1791661039.566,412.881,indexer,764816266,601640469,163175797,11152613376,11189350400,1445453824,9453940736,2708008960,10899173376,31,13674053632
1791661039.566,412.881,zebrad,270371075,226540553,43830521,4181942272,4653178880,398565376,3762368512,3810369536,729825280,20,13674053632
1791661040.566,413.882,indexer,765097815,601726245,163371569,11152269312,11189350400,1445453824,9454366720,2708434944,10981871616,31,13645336576
1791661040.566,413.882,zebrad,270378056,226546699,43831356,4181803008,4653178880,398565376,3762368512,3810369536,729825280,20,13645336576
1791661041.566,414.882,indexer,765367842,601787800,163580042,11152506880,11189350400,1445453824,9454743552,2708811776,11077242880,31,13644713984
1791661041.566,414.882,zebrad,270385516,226554088,43831428,4182065152,4653178880,398565376,3762368512,3810369536,729825280,20,13644713984
1791661042.566,415.882,indexer,766511370,602648893,163862477,11159826432,11189350400,1449648128,9458040832,2712104960,11364102144,30,13643673600
1791661042.566,415.882,zebrad,270392985,226560644,43832341,4182065152,4653178880,398565376,3762368512,3810369536,729825280,20,13643673600
1791661043.566,416.882,indexer,768841764,604548776,164292987,11175038976,11189350400,1456988160,9465315328,2719375360,11364102144,30,13632192512
1791661043.566,416.882,zebrad,270396843,226563199,43833644,4182065152,4653178880,398565376,3762368512,3810369536,729825280,20,13632192512
1791661046.647,419.963,indexer,777344816,611812231,165532584,11049246720,11189350400,1480056832,9320796160,2742992896,11364102144,30,13795119104
1791661046.647,419.963,zebrad,270401284,226567570,43833713,4117569536,4653178880,398565376,3698405376,3810369536,729825280,20,13795119104
1791661047.647,420.963,indexer,779526054,613494361,166031693,11064565760,11189350400,1488445440,9327886336,2750087168,11364102144,30,13794414592
1791661047.647,420.963,zebrad,270410143,226576429,43833713,4117831680,4653178880,398565376,3698405376,3810369536,729825280,20,13794414592
1791661048.648,421.963,indexer,781727188,615187530,166539657,11080560640,11189350400,1496834048,9335504896,2757701632,11364102144,30,13781925888
1791661048.648,421.963,zebrad,270418879,226584073,43834806,4117831680,4653178880,398565376,3698405376,3810369536,729825280,20,13781925888
1791661049.648,422.963,indexer,783864890,616862383,167002507,11095846912,11189350400,1505222656,9342521344,2764718080,11364102144,30,13775400960
1791661049.648,422.963,zebrad,270426674,226591742,43834932,4117831680,4653178880,398565376,3698405376,3810369536,729825280,20,13775400960
1791661050.648,423.963,indexer,786101053,618618670,167482383,11112099840,11189350400,1513611264,9350139904,2772336640,11364102144,30,13764759552
1791661050.648,423.963,zebrad,270434468,226599247,43835221,4117831680,4653178880,398565376,3698405376,3810369536,729825280,20,13764759552
1791661051.648,424.963,indexer,788276728,620324304,167952424,11127713792,11189350400,1521999872,9357475840,2779672576,11364102144,30,13760851968
1791661051.648,424.963,zebrad,270442568,226607171,43835396,4117831680,4653178880,398565376,3698405376,3810369536,729825280,20,13760851968
1791661052.648,425.964,indexer,790220421,621862310,168358110,11140624384,11189350400,1528291328,9364148224,2786353152,11364102144,30,13758054400
1791661052.648,425.964,zebrad,270450745,226615323,43835422,4117831680,4653178880,398565376,3698405376,3810369536,729825280,20,13758054400
1791661053.648,426.964,indexer,792159606,623381982,168777623,11155492864,11189350400,1536679936,9370804224,2793000960,11364102144,30,13745672192
1791661053.648,426.964,zebrad,270459355,226623674,43835680,4117827584,4653178880,398565376,3698405376,3810369536,729825280,20,13745672192
1791661054.648,427.964,indexer,794335341,625061309,169274031,11171729408,11189350400,1545170944,9378205696,2800402432,11364102144,30,13736411136
1791661054.648,427.964,zebrad,270466823,226631142,43835680,4117827584,4653178880,398565376,3698405376,3810369536,729825280,20,13736411136
1791661055.648,428.964,indexer,796574375,626772332,169802042,11190677504,11190685696,1555656704,9386340352,2808537088,11364102144,30,13728555008
1791661055.648,428.964,zebrad,270474920,226639239,43835680,4117827584,4653178880,398565376,3698405376,3810369536,729825280,20,13728555008
1791661056.648,429.964,indexer,798838020,628543737,170294282,11206909952,11206909952,1564045312,9394335744,2816536576,11364102144,30,13717315584
1791661056.648,429.964,zebrad,270483252,226647434,43835817,4117827584,4653178880,398565376,3698405376,3810369536,729825280,20,13717315584
1791661057.648,430.964,indexer,801105178,630311493,170793684,11223474176,11223474176,1572433920,9402388480,2824589312,11364102144,30,13715316736
1791661057.648,430.964,zebrad,270490959,226654027,43836931,4117827584,4653178880,398565376,3698405376,3810369536,729825280,20,13715316736
1791661058.648,431.964,indexer,803110181,631912788,171197393,11239010304,11239030784,1580822528,9409552384,2831753216,11364102144,30,13707702272
1791661058.648,431.964,zebrad,270499741,226662523,43837218,4117827584,4653178880,398565376,3698405376,3810369536,729825280,20,13707702272
1791661059.649,432.964,indexer,805009809,633452717,171557092,11250741248,11250757632,1589211136,9413021696,2838679552,11364102144,30,13702336512
1791661059.649,432.964,zebrad,270507714,226669501,43838212,4116779008,4653178880,398565376,3697356800,3810369536,729825280,20,13702336512
1791661060.649,433.964,indexer,806972472,634991168,171981304,11266121728,11266134016,1597599744,9420468224,2845548544,11364102144,30,13697490944
1791661060.649,433.964,zebrad,270516924,226678003,43838921,4116779008,4653178880,398565376,3697356800,3810369536,729825280,20,13697490944
1791661061.649,434.964,indexer,809447565,637120440,172327125,11100545024,11270017024,1425629184,9427017728,2852323328,11364102144,31,13858328576
1791661061.649,434.964,zebrad,270525179,226686220,43838959,4116779008,4653178880,398565376,3697356800,3810369536,729825280,20,13858328576
1791661062.649,435.965,indexer,812139560,639443252,172696307,11162132480,11270017024,1425629184,9487605760,2859139072,11364102144,31,13861060608
1791661062.649,435.965,zebrad,270533333,226692509,43840823,4116779008,4653178880,398565376,3697356800,3810369536,729825280,20,13861060608
1791661063.649,436.965,indexer,814949444,641649218,173300225,11321700352,11410882560,1447690240,9619914752,2865934336,11364102144,31,13851271168
1791661063.649,436.965,zebrad,270541720,226699997,43841723,4055175168,4653178880,398565376,3635752960,3810369536,729825280,20,13851271168
1791661064.649,437.965,indexer,815532194,641842087,173690107,11365867520,11420176384,1447714816,9662578688,2866970624,11832786944,31,13847584768
1791661064.649,437.965,zebrad,270549144,226707355,43841789,4055175168,4653178880,398565376,3635752960,3810369536,729825280,20,13847584768
1791661065.649,438.965,indexer,815935813,642001209,173934604,11368923136,11420176384,1449811968,9663430656,2867822592,11913490432,31,13832032256
1791661065.649,438.965,zebrad,270556532,226714743,43841789,4055171072,4653178880,398565376,3635752960,3810369536,729825280,20,13832032256
1791661066.649,439.965,indexer,816224052,642085401,174138650,11369668608,11420176384,1449811968,9663918080,2868310016,12003377152,31,13822967808
1791661066.649,439.965,zebrad,270563657,226721113,43842544,4055171072,4653178880,398565376,3635752960,3810369536,729825280,20,13822967808
1791661067.649,440.965,indexer,816846688,642445981,174400706,11373527040,11420176384,1451909120,9665716224,2870108160,12312698880,30,13802991616
1791661067.649,440.965,zebrad,270571168,226727541,43843626,4055171072,4653178880,398565376,3635752960,3810369536,729825280,20,13802991616
1791661068.650,441.965,indexer,819092566,644202832,174889733,11390992384,11420176384,1461346304,9673900032,2878291968,12312698880,30,13800374272
1791661068.650,441.965,zebrad,270580655,226736790,43843864,4055171072,4653178880,398581760,3635752960,3810369536,729825280,20,13800374272
1791661069.650,442.965,indexer,821828859,646542525,175286333,11407167488,11420176384,1469734912,9681350656,2885742592,12312698880,30,13826752512
1791661069.650,442.965,zebrad,270580655,226736790,43843864,4056526848,4653178880,399937536,3635752960,3810369536,729825280,20,13826752512
1791661070.650,443.965,indexer,824757706,649063292,175694413,11421835264,11421835264,1477931008,9688522752,2892914688,12312698880,30,13793300480
1791661070.650,443.965,zebrad,270580682,226736812,43843869,4056526848,4653178880,399937536,3635752960,3810369536,729825280,20,13793300480
1791661071.650,444.966,indexer,827437211,651478332,175958878,11435810816,11435814912,1485316096,9694953472,2899345408,12312698880,30,13794631680
1791661071.650,444.966,zebrad,270580859,226736961,43843898,4056309760,4653178880,399937536,3635752960,3810369536,729825280,20,13794631680
1791661072.650,445.966,indexer,829409752,653051044,176358708,11451174912,11451203584,1493430272,9702019072,2906411008,12312698880,30,13790965760
1791661072.650,445.966,zebrad,270588701,226743992,43844709,4056571904,4653178880,399937536,3635752960,3810369536,729825280,20,13790965760
1791661073.650,446.966,indexer,831527830,654685963,176841867,11467829248,11467870208,1502371840,9709809664,2914205696,12312698880,30,13785608192
1791661073.650,446.966,zebrad,270597163,226751705,43845458,4056571904,4653178880,399937536,3635752960,3810369536,729825280,20,13785608192
1791661074.650,447.966,indexer,833779239,656440163,177339075,11380051968,11468607488,1512210432,9614020608,2922283008,12312698880,30,13781852160
1791661074.650,447.966,zebrad,270605137,226757681,43847456,4056571904,4653178880,399937536,3635752960,3810369536,729825280,20,13781852160
1791661075.650,448.966,indexer,836012421,658195139,177817281,11398664192,11468607488,1522696192,9622233088,2930491392,12312698880,30,13775605760
1791661075.650,448.966,zebrad,270613253,226762774,43850478,4056571904,4653178880,399937536,3635752960,3810369536,729825280,20,13775605760
1791661076.650,449.966,indexer,838280195,659981955,178298240,11415441408,11468607488,1531084800,9630523392,2938785792,12312698880,30,13763887104
1791661076.650,449.966,zebrad,270622667,226771122,43851544,4056571904,4653178880,399937536,3635752960,3810369536,729825280,20,13763887104
1791661077.650,450.966,indexer,840571234,661761463,178809771,11434123264,11468607488,1541570560,9638821888,2947088384,12312698880,30,13754105856
1791661077.650,450.966,zebrad,270630616,226778243,43852373,4056539136,4653178880,399937536,3635752960,3810369536,729825280,20,13754105856
1791661078.651,451.966,indexer,842839613,663545594,179294019,11450720256,11468607488,1549959168,9647067136,2955325440,12312698880,30,13752418304
1791661078.651,451.966,zebrad,270639293,226785648,43853644,4056539136,4653178880,399937536,3635752960,3810369536,729825280,20,13752418304
1791661079.651,452.966,indexer,845072763,665259874,179812889,11469045760,11469045760,1558978560,9655099392,2963357696,12312698880,30,13732458496
1791661079.651,452.966,zebrad,270648307,226792143,43856163,4056801280,4653178880,399937536,3635752960,3810369536,729825280,20,13732458496
1791661080.651,453.967,indexer,847362489,667118833,180243655,11450433536,11470618624,1569017856,9626554368,2971774976,12312698880,30,13722079232
1791661080.651,453.967,zebrad,270657286,226800452,43856834,3995713536,4653178880,399937536,3574931456,3810369536,729825280,20,13722079232
1791661081.651,454.967,indexer,849473017,668791238,180681778,11468578816,11470618624,1579503616,9634209792,2979430400,12312698880,30,13718663168
1791661081.651,454.967,zebrad,270665485,226807619,43857865,3995709440,4653178880,399937536,3574931456,3810369536,729825280,20,13718663168
1791661082.651,455.967,indexer,851402255,670314703,181087551,11481944064,11481944064,1585537024,9641271296,2986491904,12312698880,30,13715943424
1791661082.651,455.967,zebrad,270673282,226814125,43859156,3995709440,4653178880,399937536,3574931456,3810369536,729825280,20,13715943424
1791661083.651,456.967,indexer,853388309,671841251,181547057,11497107456,11497123840,1593782272,9648451584,2993672192,12312698880,30,13708062720
1791661083.651,456.967,zebrad,270681026,226820749,43860277,3995709440,4653178880,399937536,3574931456,3810369536,729825280,20,13708062720
1791661084.651,457.967,indexer,855724319,673765981,181958338,11334332416,11507228672,1425141760,9655607296,3000827904,12312698880,31,13860716544
1791661084.651,457.967,zebrad,270689212,226828935,43860277,3995709440,4653178880,399937536,3574931456,3810369536,729825280,20,13860716544
1791661085.651,458.967,indexer,858426428,676138633,182287794,11341217792,11507228672,1425141760,9662341120,3007561728,12312698880,31,13860397056
1791661085.651,458.967,zebrad,270696559,226835361,43861197,3995439104,4653178880,399937536,3574931456,3810369536,729825280,20,13860397056
1791661086.651,459.967,indexer,861258327,678435107,182823219,11615547392,11616595968,1445068800,9908359168,3014365184,12312698880,31,13840404480
1791661086.651,459.967,zebrad,270705206,226843906,43861299,3877199872,4653178880,399937536,3456700416,3810369536,729825280,20,13840404480
1791661087.652,460.967,indexer,862067591,678797476,183270114,11641139200,11721814016,1447165952,9929080832,3015950336,12722679808,31,13850521600
1791661087.652,460.967,zebrad,270712279,226849968,43862311,3819266048,4653178880,399937536,3398766592,3810369536,729825280,20,13850521600
1791661088.652,461.967,indexer,862327066,678865414,183461651,11641905152,11721814016,1447165952,9929461760,3016331264,12804059136,31,13853609984
1791661088.652,461.967,zebrad,270720155,226856702,43863452,3819266048,4653178880,399937536,3398766592,3810369536,729825280,20,13853609984
1791661089.652,462.967,indexer,862637313,678910308,183727005,11643150336,11721814016,1447165952,9929875456,3016744960,12888023040,31,13833191424
1791661089.652,462.967,zebrad,270729801,226866348,43863452,3819266048,4653178880,399937536,3398766592,3810369536,729825280,20,13833191424
1791661090.652,463.968,indexer,863483691,679414740,184068950,11647447040,11721814016,1449041920,9932500992,3019362304,13187252224,30,13838413824
1791661090.652,463.968,zebrad,270737356,226873877,43863479,3819261952,4653178880,399937536,3398766592,3810369536,729825280,20,13838413824
1791661091.652,464.968,indexer,865717528,681174481,184543047,11665268736,11721814016,1458368512,9940619264,3027488768,13187252224,30,13829193728
1791661091.652,464.968,zebrad,270745668,226881302,43864366,3819130880,4653178880,399937536,3398766592,3810369536,729825280,20,13829193728
1791661092.652,465.968,indexer,868528807,683633784,184895022,11680464896,11721814016,1467088896,9947607040,3034468352,13187252224,30,13806354432
1791661092.652,465.968,zebrad,270753721,226889349,43864372,3819130880,4653178880,399937536,3398766592,3810369536,729825280,20,13806354432
1791661093.652,466.968,indexer,871376706,686130875,185245830,11694600192,11721814016,1474404352,9954590720,3041452032,13187252224,30,13807042560
1791661093.652,466.968,zebrad,270762424,226895936,43866487,3819126784,4653178880,399937536,3398766592,3810369536,729825280,20,13807042560
1791661094.652,467.968,indexer,873861977,688271601,185590375,11709710336,11721814016,1482248192,9961418752,3048280064,13187256320,30,13811011584
1791661094.652,467.968,zebrad,270770451,226903122,43867328,3818868736,4653178880,399937536,3398766592,3810369536,729825280,20,13811011584
1791661095.652,468.968,indexer,875830639,689824842,186005796,11725135872,11725160448,1490604032,9968693248,3055558656,13187256320,30,13802725376
1791661095.652,468.968,zebrad,270778085,226909654,43868431,3819130880,4653178880,399937536,3398766592,3810369536,729825280,20,13802725376
1791661096.653,469.968,indexer,877928156,691451570,186476586,11636342784,11733975040,1500651520,9872457728,3063250944,13187256320,30,13797142528
1791661096.653,469.968,zebrad,270786520,226918021,43868498,3819130880,4653178880,399937536,3398766592,3810369536,729825280,20,13797142528
1791661097.653,470.968,indexer,880177371,693194075,186983295,11652882432,11733975040,1509040128,9880580096,3071373312,13187256320,30,13788749824
1791661097.653,470.968,zebrad,270793387,226924235,43869152,3819130880,4653178880,399937536,3398766592,3810369536,729825280,20,13788749824
1791661098.653,471.968,indexer,882192669,694724904,187467764,11668680704,11733975040,1517428736,9887174656,3078742016,13187256320,30,13784625152
1791661098.653,471.968,zebrad,270803832,226933772,43870060,3818893312,4653178880,399937536,3398766592,3810369536,729825280,20,13784625152
1791661099.653,472.969,indexer,884118012,696252960,187865051,11684442112,11733975040,1525817344,9895247872,3086041088,13187256320,30,13771620352
1791661099.653,472.969,zebrad,270812164,226940373,43871791,3818893312,4653178880,399937536,3398766592,3810369536,729825280,20,13771620352
1791661100.653,473.969,indexer,886136985,697830916,188306069,11701137408,11733975040,1536303104,9902780416,3093569536,13187256320,30,13760151552
1791661100.653,473.969,zebrad,270819948,226947192,43872755,3818893312,4653178880,399937536,3398766592,3810369536,729825280,20,13760151552
1791661101.653,474.969,indexer,888405070,699616623,188788446,11717902336,11733975040,1544695808,9910976512,3101765632,13187256320,30,13751476224
1791661101.653,474.969,zebrad,270829105,226953320,43875784,3819155456,4653178880,399937536,3398766592,3810369536,729825280,20,13751476224
1791661102.653,475.969,indexer,890649115,701356075,189293039,11734622208,11734622208,1553084416,9919094784,3109945344,13187256320,30,13746196480
1791661102.653,475.969,zebrad,270837484,226960801,43876682,3819155456,4653178880,399937536,3398766592,3810369536,729825280,20,13746196480
1791661103.653,476.969,indexer,892886925,703174050,189712875,11646373888,11736719360,1563578368,9823424512,3118145536,13187256320,30,13736046592
1791661103.653,476.969,zebrad,270846311,226968333,43877978,3819155456,4653178880,399937536,3398766592,3810369536,729825280,20,13736046592
1791661104.653,477.969,indexer,895041518,704884654,190156864,11662946304,11736719360,1571966976,9831342080,3126067200,13187256320,30,13724397568
1791661104.653,477.969,zebrad,270855703,226977725,43877978,3819155456,4653178880,399937536,3398766592,3810369536,729825280,20,13724397568
1791661105.653,478.969,indexer,896948016,706351782,190596234,11678359552,11736719360,1580355584,9838354432,3133075456,13187256320,30,13720711168
1791661105.653,478.969,zebrad,270863624,226984599,43879025,3819417600,4653178880,399937536,3398766592,3810369536,729825280,20,13720711168
1791661106.653,479.969,indexer,898907029,707871519,191035510,11693744128,11736719360,1588744192,9845428224,3140149248,13187256320,30,13710794752
1791661106.653,479.969,zebrad,270871807,226992593,43879214,3819409408,4653178880,399937536,3398766592,3810369536,729825280,20,13710794752
1791661107.654,480.969,indexer,901198693,709676245,191522448,11712614400,11736719360,1599229952,9853804544,3148525568,13187256320,30,13694816256
1791661107.654,480.969,zebrad,270880150,226999557,43880593,3819147264,4653178880,399937536,3398766592,3810369536,729825280,20,13694816256
1791661108.654,481.969,indexer,903852090,712016940,191835150,11546656768,11736719360,1426427904,9860866048,3155587072,13187256320,31,13864042496
1791661108.654,481.969,zebrad,270889207,227007605,43881602,3819147264,4653178880,399937536,3398766592,3810369536,729825280,20,13864042496
1791661109.654,482.969,indexer,906604480,714373185,192231295,11622535168,11736719360,1426436096,9934639104,3162255360,13187256320,31,13864325120
1791661109.654,482.969,zebrad,270897675,227015160,43882514,3819147264,4653178880,399937536,3398766592,3810369536,729825280,20,13864325120
1791661110.654,483.970,indexer,909043429,716033447,193009981,11672272896,11736719360,1448460288,9957916672,3167690752,13430702080,31,13815513088
1791661110.654,483.970,zebrad,270904762,227022074,43882688,3819147264,4653178880,399937536,3398766592,3810369536,729825280,20,13815513088
1791661111.654,484.970,indexer,909320512,716125203,193195308,11616940032,11736719360,1448460288,9901821952,3167956992,13624737792,31,13825323008
1791661111.654,484.970,zebrad,270912292,227027678,43884613,3819147264,4653178880,399937536,3398766592,3810369536,729825280,20,13825323008
1791661112.654,485.970,indexer,909591154,716211056,193380098,11617202176,11736719360,1448460288,9902284800,3168419840,13708685312,31,13813661696
1791661112.654,485.970,zebrad,270921000,227036386,43884613,3818913792,4653178880,399937536,3398766592,3810369536,729825280,20,13813661696
1791661113.654,486.970,indexer,909876572,716291873,193584699,11617726464,11736719360,1448468480,9902735360,3168870400,13804679168,31,13814190080
1791661113.654,486.970,zebrad,270931947,227045392,43886555,3818905600,4653178880,399937536,3398766592,3810369536,729825280,20,13814190080
1791661114.654,487.970,indexer,911322137,717561345,193760792,11621646336,11736719360,1450565632,9904734208,3170869248,14070771712,30,13817790464
1791661114.654,487.970,zebrad,270935638,227048972,43886666,3818905600,4653178880,399937536,3398766592,3810369536,729825280,20,13817790464
1791661115.654,488.970,indexer,914048172,720038477,194009694,11634835456,11736719360,1457905664,9910280192,3176415232,14070771712,30,13814169600
1791661115.654,488.970,zebrad,270935638,227048972,43886666,3818905600,4653178880,399937536,3398766592,3810369536,729825280,20,13814169600
1791661116.654,489.970,indexer,916466825,722279453,194187371,11646234624,11736719360,1464197120,9915531264,3181666304,14070771712,30,13807669248
1791661116.654,489.970,zebrad,270939330,227052664,43886666,3818905600,4653178880,399937536,3398766592,3810369536,729825280,20,13807669248
1791661117.654,490.970,indexer,918377678,723894061,194483616,11658588160,11736719360,1470492672,9921363968,3187499008,14070771712,30,13799194624
1791661117.654,490.970,zebrad,270946660,227059832,43886827,3818905600,4653178880,399937536,3398766592,3810369536,729825280,20,13799194624
1791661118.655,491.970,indexer,920448875,725616719,194832156,11673944064,11736719360,1478881280,9928110080,3194245120,14070771712,30,13792788480
1791661118.655,491.970,zebrad,270954826,227066810,43888016,3818897408,4653178880,399937536,3398766592,3810369536,729825280,20,13792788480
1791661119.655,492.970,indexer,922304405,727196169,195108236,11682840576,11736719360,1483079680,9933004800,3199139840,14070771712,30,13787963392
1791661119.655,492.970,zebrad,270962927,227072893,43890034,3818897408,4653178880,399937536,3398766592,3810369536,729825280,20,13787963392
1791661120.655,493.970,indexer,924476227,728998235,195477992,11698126848,11736719360,1491468288,9939918848,3206053888,14070771712,30,13768597504
1791661120.655,493.970,zebrad,270972616,227082582,43890034,3819159552,4653178880,399937536,3398766592,3810369536,729825280,20,13768597504
1791661121.655,494.971,indexer,926432217,730532291,195899926,11607015424,11736719360,1499856896,9843240960,3213258752,14070771712,30,13798850560
1791661121.655,494.971,zebrad,270980109,227090074,43890034,3819159552,4653178880,399937536,3398766592,3810369536,729825280,20,13798850560
1791661122.655,495.971,indexer,928346323,732184929,196161393,11618369536,11736719360,1506156544,9848549376,3218567168,14070771712,30,13790396416
1791661122.655,495.971,zebrad,270987781,227097102,43890679,3819159552,4653178880,399937536,3398766592,3810369536,729825280,20,13790396416
1791661123.655,496.971,indexer,930304430,733976162,196328267,11627216896,11736719360,1510350848,9852776448,3222794240,14070771712,30,13785968640
1791661123.655,496.971,zebrad,270995678,227101497,43894181,3819159552,4653178880,399937536,3398766592,3810369536,729825280,20,13785968640
1791661124.655,497.971,indexer,932343609,735779933,196563676,11638444032,11736719360,1516642304,9857880064,3227897856,14070771712,30,13780754432
1791661124.655,497.971,zebrad,271003554,227106551,43897003,3819159552,4653178880,399937536,3398766592,3810369536,729825280,20,13780754432
1791661125.655,498.971,indexer,934350122,737592971,196757151,11649228800,11736719360,1522933760,9862406144,3232423936,14070771712,30,13776855040
1791661125.655,498.971,zebrad,271011365,227114362,43897003,3819159552,4653178880,399937536,3398766592,3810369536,729825280,20,13776855040
1791661126.655,499.971,indexer,936372784,739368441,197004342,11658870784,11736719360,1527128064,9867665408,3237683200,14070771712,30,13771702272
1791661126.655,499.971,zebrad,271020153,227123150,43897003,3819159552,4653178880,399937536,3398766592,3810369536,729825280,20,13771702272
1791661127.655,500.971,indexer,937987048,740848127,197138921,11666526208,11736719360,1531326464,9871032320,3241152512,14070771712,30,13767577600
1791661127.655,500.971,zebrad,271028157,227130388,43897769,3819384832,4653178880,399937536,3398766592,3810369536,729825280,20,13767577600
1791661128.656,501.971,indexer,939903172,742582952,197320219,11677536256,11736719360,1538449408,9875390464,3245408256,14070771712,30,13758300160
1791661128.656,501.971,zebrad,271038415,227138765,43899649,3819122688,4653178880,399937536,3398766592,3810369536,729825280,20,13758300160
1791661129.656,502.971,indexer,941906694,744297792,197608902,11689574400,11736719360,1544740864,9880772608,3250790400,14070771712,30,13753556992
1791661129.656,502.971,zebrad,271046810,227145935,43900875,3819114496,4653178880,399937536,3398766592,3810369536,729825280,20,13753556992
1791661130.656,503.971,indexer,944004240,746057211,197947028,11701895168,11736719360,1551032320,9886797824,3256815616,14070771712,30,13736693760
1791661130.656,503.971,zebrad,271054080,227153001,43901078,3819376640,4653178880,399937536,3398766592,3810369536,729825280,20,13736693760
1791661131.656,504.972,indexer,945532285,747424557,198107727,11709444096,11736719360,1555226624,9890074624,3260092416,14070771712,30,13733654528
1791661131.656,504.972,zebrad,271062374,227159084,43903290,3819368448,4653178880,399937536,3398766592,3810369536,729825280,20,13733654528
1791661132.656,505.972,indexer,947489036,749021018,198468018,11721744384,11736719360,1561518080,9896050688,3266068480,14070771712,30,13729615872
1791661132.656,505.972,zebrad,271070030,227164631,43905398,3819106304,4653178880,399937536,3398766592,3810369536,729825280,20,13729615872
1791661133.656,506.972,indexer,949439782,750658855,198780926,11627397120,11736719360,1567809536,9798029312,3271929856,14070771712,30,13729837056
1791661133.656,506.972,zebrad,271078333,227171046,43907287,3819368448,4653178880,399937536,3398766592,3810369536,729825280,20,13729837056
1791661134.656,507.972,indexer,951580863,752537360,199043503,11639066624,11736719360,1574100992,9803706368,3277606912,14070771712,30,13725151232
1791661134.656,507.972,zebrad,271086907,227177688,43909219,3819114496,4653178880,399937536,3398766592,3810369536,729825280,20,13725151232
1791661135.656,508.972,indexer,953728626,754438510,199290116,11650863104,11736719360,1580392448,9808957440,3282857984,14070771712,30,13715128320
1791661135.656,508.972,zebrad,271094028,227183952,43910076,3819114496,4653178880,399937536,3398766592,3810369536,729825280,20,13715128320
1791661136.656,509.972,indexer,955880459,756351673,199528786,11662659584,11736719360,1586683904,9814220800,3288121344,14070771712,30,13707153408
1791661136.656,509.972,zebrad,271102232,227192126,43910106,3819114496,4653178880,399937536,3398766592,3810369536,729825280,20,13707153408
1791661137.656,510.972,indexer,957865423,758087955,199777467,11673784320,11736719360,1592975360,9819234304,3293134848,14070771712,30,13705928704
1791661137.656,510.972,zebrad,271110448,227199145,43911302,3819114496,4653178880,399937536,3398766592,3810369536,729825280,20,13705928704
1791661138.657,511.972,indexer,959810782,759837072,199973709,11682807808,11736719360,1597169664,9824116736,3298021376,14070771712,30,13697556480
1791661138.657,511.972,zebrad,271118683,227205503,43913180,3818848256,4653178880,399937536,3398766592,3810369536,729825280,20,13697556480
1791661139.657,512.972,indexer,962051506,761756666,200294839,11518476288,11736719360,1427292160,9830105088,3304005632,14070771712,31,13857099776
1791661139.657,512.972,zebrad,271126929,227212032,43914897,3818848256,4653178880,399937536,3398766592,3810369536,729825280,20,13857099776
1791661140.657,513.972,indexer,964799684,764237062,200562622,11524730880,11736719360,1427292160,9836027904,3309928448,14070771712,31,13855354880
1791661140.657,513.972,zebrad,271134814,227219614,43915200,3819106304,4653178880,399937536,3398766592,3810369536,729825280,20,13855354880
1791661141.657,514.973,indexer,967280212,766283019,200997192,11674005504,11736719360,1444110336,9964269568,3314806784,14070771712,31,13845311488
1791661141.657,514.973,zebrad,271143304,227227025,43916278,3818909696,4653178880,399937536,3398766592,3810369536,729825280,20,13845311488
1791661142.657,515.973,indexer,968380531,766941845,201438686,11677556736,11736719360,1446207488,9964081152,3316609024,14600560640,31,13843894272
1791661142.657,515.973,zebrad,271151691,227235412,43916278,3818909696,4653178880,399937536,3398766592,3810369536,729825280,20,13843894272
1791661143.657,516.973,indexer,968621755,767001059,201620696,11693260800,11736719360,1446207488,9976209408,3316850688,14661865472,31,13828546560
1791661143.657,516.973,zebrad,271159999,227243614,43916385,3819180032,4653178880,399937536,3398766592,3810369536,729825280,20,13828546560
1791661144.657,517.973,indexer,968899022,767085251,201813770,11594743808,11736719360,1446207488,9879769088,3317227520,14742286336,31,13834776576
1791661144.657,517.973,zebrad,271167244,227249819,43917424,3818897408,4653178880,399937536,3398766592,3810369536,729825280,20,13834776576
1791661145.657,518.973,indexer,969166128,767146517,202019610,11597312000,11736719360,1448304640,9880133632,3317592064,14917111808,31,13824921600
1791661145.657,518.973,zebrad,271174158,227256587,43917570,3818893312,4653178880,399937536,3398766592,3810369536,729825280,20,13824921600
1791661146.657,519.973,indexer,971021203,768736979,202284223,11607146496,11736719360,1453150208,9884606464,3322048512,15093686272,30,13820514304
1791661146.657,519.973,zebrad,271181693,227261356,43920336,3819417600,4653178880,399937536,3398766592,3810369536,729825280,20,13820514304
1791661147.657,520.973,indexer,973852288,771368349,202483939,11620347904,11736719360,1460822016,9890340864,3327782912,15093686272,30,13815914496
1791661147.657,520.973,zebrad,271181693,227261356,43920336,3819417600,4653178880,399937536,3398766592,3810369536,729825280,20,13815914496
1791661148.658,521.973,indexer,976460890,773976440,202484449,11621482496,11736719360,1460879360,9891569664,3329011712,15093686272,30,13815685120
1791661148.658,521.973,zebrad,271181919,227261546,43920373,3819417600,4653178880,399937536,3398766592,3810369536,729825280,20,13815685120
1791661149.658,522.973,indexer,978310971,775826521,202484449,11637964800,11736719360,1475788800,9893007360,3330449408,15093686272,30,13791784960
1791661149.658,522.973,zebrad,271189570,227268932,43920638,3819417600,4653178880,399937536,3398766592,3810369536,729825280,20,13791784960
1791661150.658,523.973,indexer,980483502,777848590,202634912,11653939200,11736719360,1484615680,9900208128,3337650176,15093686272,30,13785210880
1791661150.658,523.973,zebrad,271197960,227276422,43921538,3819417600,4653178880,399937536,3398766592,3810369536,729825280,20,13785210880
1791661151.658,524.974,indexer,982702082,779649496,203052585,11671482368,11736719360,1494249472,9907806208,3345248256,15093686272,30,13760229376
1791661151.658,524.974,zebrad,271205911,227283381,43922530,3819413504,4653178880,399937536,3398766592,3810369536,729825280,20,13760229376
1791661152.658,525.974,indexer,984958109,781424531,203533578,11687657472,11736719360,1502638080,9915604992,3353051136,15093686272,30,13760991232
1791661152.658,525.974,zebrad,271213601,227290962,43922639,3819143168,4653178880,399937536,3398766592,3810369536,729825280,20,13760991232
1791661153.658,526.974,indexer,987055292,783118248,203937043,11600089088,11736719360,1511026688,9822519296,3360354304,15093686272,30,13773271040
1791661153.658,526.974,zebrad,271220840,227297324,43923515,3819393024,4653178880,399937536,3398766592,3810369536,729825280,20,13773271040
1791661154.658,527.974,indexer,989074082,784743572,204330509,11615514624,11736719360,1519415296,9829466112,3367301120,15093686272,30,13761896448
1791661154.658,527.974,zebrad,271229321,227303727,43925594,3819393024,4653178880,399937536,3398766592,3810369536,729825280,20,13761896448
1791661155.658,528.974,indexer,991016694,786291201,204725492,11636047872,11736719360,1533251584,9835765760,3373600768,15093686272,30,13746851840
1791661155.658,528.974,zebrad,271236561,227310930,43925630,3819122688,4653178880,399937536,3398766592,3810369536,729825280,20,13746851840
1791661156.658,529.974,indexer,993279383,788073481,205205902,11652116480,11736719360,1541951488,9843462144,3381297152,15093686272,30,13746819072
1791661156.658,529.974,zebrad,271244284,227318539,43925745,3819380736,4653178880,399937536,3398766592,3810369536,729825280,20,13746819072
1791661157.658,530.974,indexer,995550667,789855213,205695453,11669032960,11736719360,1550716928,9851367424,3389202432,15093686272,30,13736308736
1791661157.658,530.974,zebrad,271252666,227325697,43926968,3819380736,4653178880,399937536,3398766592,3810369536,729825280,20,13736308736
1791661158.659,531.974,indexer,997796062,791630228,206165834,11687763968,11736719360,1561436160,9859313664,3397148672,15093686272,30,13729349632
1791661158.659,531.974,zebrad,271264146,227336101,43928044,3819376640,4653178880,399937536,3398766592,3810369536,729825280,20,13729349632
1791661159.659,532.974,indexer,1000024279,793433473,206590805,11709771776,11736719360,1575981056,9866833920,3404668928,15093686272,30,13711327232
1791661159.659,532.974,zebrad,271272566,227343617,43928949,3819372544,4653178880,399937536,3398766592,3810369536,729825280,20,13711327232
1791661160.659,533.974,indexer,1002241287,795172006,207069280,11726274560,11736719360,1584807936,9874550784,3412385792,15093686272,30,13709447168
1791661160.659,533.974,zebrad,271280515,227351251,43929263,3819364352,4653178880,399937536,3398766592,3810369536,729825280,20,13709447168
1791661161.659,534.975,indexer,1004502016,796911408,207590608,11638255616,11736719360,1593630720,9780318208,3420164096,15093686272,30,13686829056
1791661161.659,534.975,zebrad,271289301,227359236,43930065,3819098112,4653178880,399937536,3398766592,3810369536,729825280,20,13686829056
1791661162.659,535.975,indexer,1006805995,798719256,208086739,11657580544,11736719360,1604538368,9788309504,3428155392,15093686272,30,13672214528
1791661162.659,535.975,zebrad,271297462,227367049,43930412,3819094016,4653178880,399937536,3398766592,3810369536,729825280,20,13672214528
1791661163.659,536.975,indexer,1009044728,800539624,208505103,11673571328,11736719360,1613213696,9795977216,3435823104,15093686272,30,13665681408
1791661163.659,536.975,zebrad,271304894,227374252,43930642,3819094016,4653178880,399937536,3398766592,3810369536,729825280,20,13665681408
1791661164.659,537.975,indexer,1011072801,802148008,208924793,11689242624,11736719360,1621868544,9802928128,3442774016,15093686272,30,13655670784
1791661164.659,537.975,zebrad,271313014,227382030,43930983,3819094016,4653178880,399937536,3398766592,3810369536,729825280,20,13655670784
1791661165.659,538.975,indexer,1013018956,803673335,209345620,11702390784,11736719360,1628389376,9809887232,3449733120,15093686272,30,13653520384
1791661165.659,538.975,zebrad,271320558,227389489,43931068,3819356160,4653178880,399937536,3398766592,3810369536,729825280,20,13653520384
1791661166.659,539.975,indexer,1015414023,805677007,209737016,11539697664,11736719360,1458630656,9816838144,3456684032,15093686272,31,13818916864
1791661166.659,539.975,zebrad,271328137,227396652,43931484,3819089920,4653178880,399937536,3398766592,3810369536,729825280,20,13818916864
1791661167.659,540.975,indexer,1018077930,808038127,210039803,11546472448,11736719360,1458937856,9823272960,3463118848,15093686272,31,13822570496
1791661167.659,540.975,zebrad,271336259,227404758,43931501,3819384832,4653178880,399937536,3398766592,3810369536,729825280,20,13822570496
1791661168.660,541.975,indexer,1020738202,810175161,210563041,11757527040,11757551616,1479106560,10008285184,3469549568,15093686272,31,13803528192
1791661168.660,541.975,zebrad,271344394,227410869,43933524,3761180672,4653178880,399937536,3341094912,3810369536,729825280,20,13803528192
1791661169.660,542.975,indexer,1021929036,810838814,211090221,11825471488,11830104064,1482321920,10070253568,3471839232,15623684096,31,13802250240
1791661169.660,542.975,zebrad,271352197,227417705,43934492,3704033280,4653178880,399937536,3283685376,3810369536,729825280,20,13802250240
1791661170.660,543.975,indexer,1022222783,810912690,211310093,11757481984,11843866624,1482321920,10000007168,3472240640,15674781696,31,13787275264
1791661170.660,543.975,zebrad,271359547,227424839,43934708,3704029184,4653178880,399937536,3283685376,3810369536,729825280,20,13787275264
1791661171.660,544.976,indexer,1022484312,810988533,211495778,11757907968,11843866624,1482321920,10000408576,3472642048,15755677696,31,13753925632
1791661171.660,544.976,zebrad,271367945,227432173,43935772,3704020992,4653178880,399937536,3283685376,3810369536,729825280,20,13753925632
1791661172.660,545.976,indexer,1022774580,811092141,211682439,11759955968,11843866624,1484443648,10000908288,3473141760,15854186496,31,13737549824
1791661172.660,545.976,zebrad,271375038,227438929,43936109,3703783424,4653178880,399937536,3283685376,3810369536,729825280,20,13737549824
1791661173.660,546.976,indexer,1023973518,811942808,212030709,11768070144,11843866624,1488703488,10004885504,3477110784,16150343680,30,13740130304
1791661173.660,546.976,zebrad,271383062,227446952,43936109,3704037376,4653178880,399937536,3283685376,3810369536,729825280,20,13740130304
1791661174.660,547.976,indexer,1026718842,814281553,212437289,11783639040,11843866624,1496436736,10012082176,3484307456,16150343680,30,13741035520
1791661174.660,547.976,zebrad,271387346,227450352,43936994,3704037376,4653178880,399937536,3283685376,3810369536,729825280,20,13741035520
1791661175.660,548.976,indexer,1029634717,816872273,212762444,11798560768,11843866624,1504034816,10018881536,3491106816,16150343680,30,13748965376
1791661175.660,548.976,zebrad,271387614,227450576,43937037,3703779328,4653178880,399937536,3283685376,3810369536,729825280,20,13748965376
1791661176.660,549.976,indexer,1032567315,819421220,213146095,11812454400,11843866624,1511690240,10025435136,3497660416,16150343680,30,13741547520
1791661176.660,549.976,zebrad,271387720,227450665,43937054,3703779328,4653178880,399937536,3283685376,3810369536,729825280,20,13741547520
1791661177.660,550.976,indexer,1034926343,821354643,213571699,11719614464,11843866624,1520349184,9926631424,3504787456,16150343680,30,13746548736
1791661177.660,550.976,zebrad,271396006,227457906,43938100,3704066048,4653178880,399937536,3283685376,3810369536,729825280,20,13746548736
1791661178.661,551.976,indexer,1036966928,822981355,213985572,11735539712,11843866624,1529098240,9933758464,3511914496,16150343680,30,13740679168
1791661178.661,551.976,zebrad,271404494,227466155,43938338,3704061952,4653178880,399937536,3283685376,3810369536,729825280,20,13740679168
1791661179.661,552.976,indexer,1038922843,824487978,214434865,11750936576,11843866624,1537732608,9940594688,3518750720,16150343680,30,13731995648
1791661179.661,552.976,zebrad,271413027,227474089,43938937,3703795712,4653178880,399937536,3283685376,3810369536,729825280,20,13731995648
1791661180.661,553.976,indexer,1040975935,826113758,214862177,11766493184,11843866624,1546412032,9947553792,3525713920,16150343680,30,13723803648
1791661180.661,553.976,zebrad,271421692,227482754,43938937,3704057856,4653178880,399937536,3283685376,3810369536,729825280,20,13723803648
1791661181.661,554.977,indexer,1043267408,827926485,215340923,11782963200,11843866624,1555116032,9955364864,3533520896,16150343680,30,13714989056
1791661181.661,554.977,zebrad,271429481,227489311,43940169,3704053760,4653178880,399937536,3283685376,3810369536,729825280,20,13714989056
1791661182.661,555.977,indexer,1045428498,829588785,215839712,11799171072,11843866624,1563754496,9962840064,3540996096,16150343680,30,13695127552
1791661182.661,555.977,zebrad,271436971,227496400,43940570,3704053760,4653178880,399937536,3283685376,3810369536,729825280,20,13695127552
1791661183.661,556.977,indexer,1047411396,831199489,216211906,11815071744,11843866624,1572458496,9969721344,3547877376,16150343680,30,13690851328
1791661183.661,556.977,zebrad,271445440,227504472,43940968,3703787520,4653178880,399937536,3283685376,3810369536,729825280,20,13690851328
1791661184.661,557.977,indexer,1049371312,832969807,216401505,11824140288,11843866624,1577263104,9973698560,3552264192,16150343680,30,13687885824
1791661184.661,557.977,zebrad,271453360,227511730,43941629,3703558144,4653178880,399937536,3283685376,3810369536,729825280,20,13687885824
1791661185.661,558.977,indexer,1051435068,834639304,216795764,11732385792,11843866624,1585876992,9876459520,3558518784,16150343680,30,13696167936
1791661185.661,558.977,zebrad,271462264,227520634,43941629,3703820288,4653178880,399937536,3283685376,3810369536,729825280,20,13696167936
1791661186.661,559.977,indexer,1053671598,836464079,217207518,11748044800,11843866624,1594273792,9883308032,3565780992,16150343680,30,13686325248
1791661186.661,559.977,zebrad,271471037,227529304,43941732,3703820288,4653178880,399937536,3283685376,3810369536,729825280,20,13686325248
1791661187.661,560.977,indexer,1055925812,838218700,217707112,11764436992,11843866624,1603002368,9891524608,3573579776,16150343680,30,13676793856
1791661187.661,560.977,zebrad,271478894,227536700,43942193,3704086528,4653178880,399937536,3283685376,3810369536,729825280,20,13676793856
1791661188.662,561.977,indexer,1058200476,840065344,218135131,11783577600,11843866624,1613869056,9899745280,3581849600,16150343680,30,13664894976
1791661188.662,561.977,zebrad,271490333,227547911,43942422,3703820288,4653178880,399937536,3283685376,3810369536,729825280,20,13664894976
1791661189.662,562.977,indexer,1060412345,841815803,218596542,11808391168,11843866624,1630810112,9907331072,3589386240,16150343680,30,13642252288
1791661189.662,562.977,zebrad,271498636,227555328,43943308,3704078336,4653178880,399937536,3283685376,3810369536,729825280,20,13642252288
1791661190.662,563.977,indexer,1062337250,843308675,219028575,11821883392,11843866624,1637888000,9913626624,3595681792,16150343680,30,13641379840
1791661190.662,563.977,zebrad,271506250,227562682,43943567,3703808000,4653178880,399937536,3283685376,3810369536,729825280,20,13641379840
1791661191.662,564.978,indexer,1064284612,844865865,219418747,11837161472,11843866624,1646600192,9920548864,3602608128,16150343680,30,13634215936
1791661191.662,564.978,zebrad,271513040,227567666,43945373,3703808000,4653178880,399937536,3283685376,3810369536,729825280,20,13634215936
1791661192.662,565.978,indexer,1066623886,846858796,219765089,11565920256,11843866624,1474629632,9824038912,3609972736,16150343680,31,13793832960
1791661192.662,565.978,zebrad,271520368,227573779,43946588,3703808000,4653178880,399937536,3283685376,3810369536,729825280,20,13793832960
1791661193.662,566.978,indexer,1069270386,849246875,220023511,11599314944,11843866624,1474629632,9856839680,3616399360,16150343680,31,13795749888
1791661193.662,566.978,zebrad,271527870,227580201,43947669,3703795712,4653178880,399937536,3283685376,3810369536,729825280,20,13795749888
1791661194.662,567.978,indexer,1071886901,851344582,220542319,11817263104,11843866624,1492459520,10050473984,3621326848,16150343680,31,13789655040
1791661194.662,567.978,zebrad,271537187,227587627,43949559,3646849024,4653178880,399937536,3226988544,3810369536,729825280,20,13789655040
1791661195.662,568.978,indexer,1072711472,851760919,220950553,11819663360,11902717952,1494597632,10046345216,3622879232,16714997760,31,13778530304
1791661195.662,568.978,zebrad,271544001,227594150,43949851,3647102976,4653178880,399937536,3226988544,3810369536,729825280,20,13778530304
1791661196.662,569.978,indexer,1072920045,851827403,221092641,11830386688,11902717952,1494597632,10056818688,3623120896,16779042816,31,13764308992
1791661196.662,569.978,zebrad,271551583,227601478,43950105,3647102976,4653178880,399937536,3226988544,3810369536,729825280,20,13764308992
1791661197.662,570.978,indexer,1073911748,852700981,221210766,11831009280,11902717952,1494597632,10057121792,3623424000,16880848896,31,13765976064
1791661197.662,570.978,zebrad,271554734,227604606,43950128,3647008768,4653178880,399937536,3226988544,3810369536,729825280,20,13765976064
1791661198.663,571.978,indexer,1075153713,853849689,221304023,11831226368,11902717952,1494597632,10057428992,3623731200,17002450944,31,13765505024
1791661198.663,571.978,zebrad,271555485,227605236,43950249,3647008768,4653178880,399937536,3226988544,3810369536,729825280,20,13765505024
1791661199.663,572.978,indexer,1075892519,854347878,221544641,11834449920,11902717952,1496694784,10058252288,3624558592,17228492800,30,13761286144
1791661199.663,572.978,zebrad,271563302,227612082,43951219,3647016960,4653178880,399937536,3226988544,3810369536,729825280,20,13761286144
1791661200.663,573.978,indexer,1077949546,855983229,221966317,11846897664,11902717952,1503223808,10064322560,3630628864,17228492800,30,13756149760
1791661200.663,573.978,zebrad,271571246,227619715,43951531,3647021056,4653178880,399937536,3226988544,3810369536,729825280,20,13756149760
1791661201.663,574.979,indexer,1080110753,857658590,222452163,11863638016,11902717952,1512660992,10071543808,3637846016,17228492800,30,13751001088
1791661201.663,574.979,zebrad,271578542,227626965,43951576,3647037440,4653178880,399937536,3226988544,3810369536,729825280,20,13751001088
1791661202.663,575.979,indexer,1082331754,859436874,222894879,11874459648,11902717952,1519239168,10075938816,3645124608,17228492800,30,13774667776
1791661202.663,575.979,zebrad,271586958,227632987,43953970,3645984768,4653178880,399937536,3226202112,3810369536,729825280,20,13774667776
1791661203.663,576.979,indexer,1084584300,861289282,223295018,11891748864,11902717952,1528385536,10083897344,3653083136,17228492800,30,13758988288
1791661203.663,576.979,zebrad,271595099,227639267,43955832,3646246912,4653178880,399937536,3226202112,3810369536,729825280,20,13758988288
1791661204.663,577.979,indexer,1086670476,862960691,223709784,11907596288,11907604480,1536856064,10091274240,3660460032,17228492800,30,13759762432
1791661204.663,577.979,zebrad,271602161,227646159,43956002,3646246912,4653178880,399937536,3226202112,3810369536,729825280,20,13759762432
1791661205.663,578.979,indexer,1088602059,864523628,224078431,11922497536,11922513920,1544835072,10098221056,3667410944,17228492800,30,13755273216
1791661205.663,578.979,zebrad,271609889,227651089,43958800,3590402048,4653178880,399937536,3170623488,3810369536,729825280,20,13755273216
1791661206.663,579.979,indexer,1090625792,866183885,224441907,11896569856,11922513920,1554616320,10062864384,3674636288,17228492800,30,13737811968
1791661206.663,579.979,zebrad,271617307,227656599,43960707,3590402048,4653178880,399937536,3170623488,3810369536,729825280,20,13737811968
1791661207.664,580.979,indexer,1092899004,867976320,224922684,11912822784,11922513920,1563004928,10070917120,3682689024,17228492800,30,13729046528
1791661207.664,580.979,zebrad,271625370,227662975,43962395,3590402048,4653178880,399937536,3170623488,3810369536,729825280,20,13729046528
1791661208.664,581.979,indexer,1095113055,869779878,225333176,11931488256,11931521024,1573490688,10079092736,3690868736,17228492800,30,13704249344
1791661208.664,581.979,zebrad,271633730,227669438,43964292,3590402048,4653178880,399937536,3170623488,3810369536,729825280,20,13704249344
1791661209.664,582.979,indexer,1097071917,871361748,225710168,11947057152,11947110400,1581879296,10086326272,3698098176,17228492800,30,13698117632
1791661209.664,582.979,zebrad,271640889,227674053,43966836,3590414336,4653178880,399937536,3170623488,3810369536,729825280,20,13698117632
1791661210.664,583.980,indexer,1098972785,872892551,226080233,11960246272,11960307712,1588105216,10093326336,3705098240,17228492800,30,13689188352
1791661210.664,583.980,zebrad,271648065,227681203,43966861,3590414336,4653178880,399937536,3170623488,3810369536,729825280,20,13689188352
1791661211.664,584.980,indexer,1101172317,874649696,226522621,11928363008,11967442944,1598660608,10052005888,3713097728,17228492800,30,13682675712
1791661211.664,584.980,zebrad,271655357,227687611,43967746,3535859712,4653178880,399937536,3116068864,3810369536,729825280,20,13682675712
1791661212.664,585.980,indexer,1103418930,876405908,227013022,11944869888,11967442944,1607049216,10060165120,3721256960,17228492800,30,13664206848
1791661212.664,585.980,zebrad,271662952,227693947,43969004,3535859712,4653178880,399937536,3116068864,3810369536,729825280,20,13664206848
1791661213.664,586.980,indexer,1105691591,878250992,227440599,11962167296,11967442944,1616015360,10068328448,3729420288,17228492800,30,13655445504
1791661213.664,586.980,zebrad,271670901,227700905,43969996,3535859712,4653178880,399937536,3116068864,3810369536,729825280,20,13655445504
1791661214.664,587.980,indexer,1107970562,880107835,227862726,11980513280,11980513280,1625681920,10076749824,3737841664,17228492800,30,13656109056
1791661214.664,587.980,zebrad,271679853,227708866,43970987,3535859712,4653178880,399937536,3116068864,3810369536,729825280,20,13656109056
1791661215.664,588.980,indexer,1109887823,881649304,228238519,11995590656,11995594752,1633746944,10083778560,3744870400,17228492800,30,13654392832
1791661215.664,588.980,zebrad,271687184,227715659,43971524,3535859712,4653178880,399937536,3116068864,3810369536,729825280,20,13654392832
1791661216.665,589.980,indexer,1111784961,883176374,228608586,12011155456,12011167744,1641795584,10091126784,3752218624,17228492800,30,13648588800
1791661216.665,589.980,zebrad,271693967,227719797,43974169,3535859712,4653178880,399937536,3116068864,3810369536,729825280,20,13648588800
1791661217.665,590.980,indexer,1113893163,884894687,228998476,11849371648,12022124544,1473691648,10098073600,3759165440,17228492800,31,13805826048
1791661217.665,590.980,zebrad,271701482,227726067,43975414,3535855616,4653178880,399937536,3116068864,3810369536,729825280,20,13805826048
1791661218.665,591.980,indexer,1116577409,887262055,229315353,11856244736,12022124544,1473691648,10104983552,3766075392,17228492800,31,13807616000
1791661218.665,591.980,zebrad,271714405,227736163,43978242,3535851520,4653178880,399937536,3116068864,3810369536,729825280,20,13807616000
1791661219.665,592.981,indexer,1119178225,889399966,229778259,12057665536,12057927680,1491525632,10282934272,3772551168,17228492800,31,13803827200
1791661219.665,592.981,zebrad,271721281,227742900,43978381,3481579520,4653178880,399966208,3061800960,3810369536,729825280,20,13803827200
1791661220.665,593.981,indexer,1120184045,889977020,230207024,12084908032,12115013632,1493622784,10306637824,3774779392,17624240128,31,13796261888
1791661220.665,593.981,zebrad,271729002,227749666,43979335,3428093952,4653178880,399966208,3008389120,3810369536,729825280,20,13796261888
1791661221.665,594.981,indexer,1120453191,890052289,230400901,12096016384,12115013632,1493622784,10317123584,3775172608,17705013248,31,13777199104
1791661221.665,594.981,zebrad,271735609,227755013,43980596,3428093952,4653178880,399966208,3008389120,3810369536,729825280,20,13777199104
1791661222.665,595.981,indexer,1120691967,890117661,230574305,12096237568,12115013632,1493622784,10317524992,3775574016,17790652416,31,13772410880
1791661222.665,595.981,zebrad,271742525,227761928,43980596,3428093952,4653178880,399966208,3008389120,3810369536,729825280,20,13772410880
1791661223.665,596.981,indexer,1121015743,890188958,230826784,12099067904,12115013632,1495728128,10318053376,3776102400,17880588288,31,13760196608
1791661223.665,596.981,zebrad,271750169,227769573,43980596,3427823616,4653178880,399966208,3008389120,3810369536,729825280,20,13760196608
1791661224.665,597.981,indexer,1122307746,891259417,231048329,12103106560,12115013632,1497825280,10319839232,3777888256,18168918016,30,13764763648
1791661224.665,597.981,zebrad,271753625,227773029,43980596,3427749888,4653178880,399966208,3008389120,3810369536,729825280,20,13764763648
1791661225.665,598.981,indexer,1125164447,893859943,231304504,12117172224,12117233664,1505165312,10326962176,3785011200,18168918016,30,13759610880
1791661225.665,598.981,zebrad,271753625,227773029,43980596,3427749888,4653178880,399966208,3008389120,3810369536,729825280,20,13759610880
1791661226.665,599.981,indexer,1127957437,896334696,231622740,12026118144,12124696576,1513553920,10230087680,3792203776,18168918016,30,13763801088
1791661226.665,599.981,zebrad,271757112,227776443,43980669,3427749888,4653178880,399966208,3008389120,3810369536,729825280,20,13763801088
1791661227.666,600.981,indexer,1130206763,898179663,232027100,12043141120,12124696576,1521942528,10237845504,3800764416,18168918016,30,13753888768
1791661227.666,600.981,zebrad,271764845,227783735,43981109,3428012032,4653178880,399966208,3008389120,3810369536,729825280,20,13753888768
1791661228.666,601.981,indexer,1132327282,899861626,232465656,12059529216,12124696576,1530331136,10246828032,3808940032,18168922112,30,13746098176
1791661228.666,601.981,zebrad,271773104,227790791,43982313,3428270080,4653178880,399966208,3008389120,3810369536,729825280,20,13746098176
1791661229.666,602.982,indexer,1134701615,901913320,232788295,12119769088,12124696576,1553088512,10284167168,3846172672,18168922112,30,13719433216
1791661229.666,602.982,zebrad,271781890,227798288,43983601,3428265984,4653178880,399966208,3008389120,3810369536,729825280,20,13719433216
1791661230.666,603.982,indexer,1137373009,904223739,233149270,12137988096,12137988096,1589075968,10267672576,3875942400,18168922112,30,13696991232
1791661230.666,603.982,zebrad,271788764,227803180,43985583,3376357376,4653178880,399966208,2956484608,3810369536,729825280,20,13696991232
1791661231.666,604.982,indexer,1140180250,906656832,233523418,12178485248,12178485248,1622200320,10274623488,3882921984,18168922112,30,13661622272
1791661231.666,604.982,zebrad,271797107,227810631,43986476,3376357376,4653178880,399966208,2956484608,3810369536,729825280,20,13661622272
1791661232.666,605.982,indexer,1142799148,908809953,233989194,12107776000,12198486016,1650884608,10178342912,3890561024,18168922112,30,13619339264
1791661232.666,605.982,zebrad,271805832,227818401,43987430,3356524544,4653178880,399966208,2937344000,3810369536,729825280,20,13619339264
1791661233.666,606.982,indexer,1145029057,910547788,234481268,12126593024,12198486016,1661370368,10186498048,3898716160,18168922112,30,13598052352
1791661233.666,606.982,zebrad,271813541,227826111,43987430,3356524544,4653178880,399966208,2937344000,3810369536,729825280,20,13598052352
1791661234.666,607.982,indexer,1147258498,912343041,234915456,12143353856,12198486016,1669758976,10194747392,3906965504,18168922112,30,13597929472
1791661234.666,607.982,zebrad,271820588,227833040,43987547,3356782592,4653178880,399966208,2937344000,3810369536,729825280,20,13597929472
1791661235.667,608.982,indexer,1149405948,914077929,235328019,12159434752,12198486016,1678147584,10202611712,3914829824,18168922112,30,13600047104
1791661235.667,608.982,zebrad,271828465,227839938,43988526,3356782592,4653178880,399966208,2937344000,3810369536,729825280,20,13600047104
1791661236.667,609.982,indexer,1151303707,915581356,235722351,12175175680,12198486016,1686536192,10209652736,3921870848,18168922112,30,13588770816
1791661236.667,609.982,zebrad,271836240,227847591,43988649,3356561408,4653178880,399966208,2937344000,3810369536,729825280,20,13588770816
1791661237.667,610.982,indexer,1153249585,917129007,236120577,12190539776,12198486016,1694924800,10216730624,3928948736,18168922112,30,13580546048
1791661237.667,610.982,zebrad,271844020,227855247,43988772,3356819456,4653178880,399966208,2937344000,3810369536,729825280,20,13580546048
1791661238.667,611.983,indexer,1155484980,918911632,236573347,12207296512,12207296512,1703313408,10224959488,3937177600,18168922112,30,13572608000
1791661238.667,611.983,zebrad,271852208,227862243,43989964,3356815360,4653178880,399966208,2937344000,3810369536,729825280,20,13572608000
1791661239.667,612.983,indexer,1157672737,920660341,237012395,12175142912,12207296512,1711702016,10185846784,3945181184,18168922112,30,13578838016
1791661239.667,612.983,zebrad,271859372,227868706,43990666,3305168896,4653178880,399966208,2885963776,3810369536,729825280,20,13578838016
1791661240.667,613.983,indexer,1159403303,922005189,237398114,12189978624,12207296512,1720090624,10192240640,3951575040,18168922112,30,13571588096
1791661240.667,613.983,zebrad,271867865,227876282,43991583,3304919040,4653178880,399966208,2885963776,3810369536,729825280,20,13571588096
1791661241.667,614.983,indexer,1161330435,923556248,237774186,12205367296,12207296512,1728479232,10199310336,3958644736,18168922112,30,13559934976
1791661241.667,614.983,zebrad,271874328,227882348,43991980,3304919040,4653178880,399966208,2885963776,3810369536,729825280,20,13559934976
1791661242.667,615.983,indexer,1163405009,925188522,238216487,12218826752,12218884096,1734770688,10206470144,3965804544,18168922112,30,13555900416
1791661242.667,615.983,zebrad,271883009,227890759,43992249,3304919040,4653178880,399966208,2885963776,3810369536,729825280,20,13555900416
1791661243.667,616.983,indexer,1165923261,927433116,238490145,12054228992,12221853696,1564065792,10212745216,3972079616,18168922112,31,13710962688
1791661243.667,616.983,zebrad,271891267,227897814,43993452,3304919040,4653178880,399966208,2885963776,3810369536,729825280,20,13710962688
1791661244.667,617.983,indexer,1168607478,929865644,238741833,12097937408,12221853696,1564065792,10255253504,3978735616,18168922112,31,13711646720
1791661244.667,617.983,zebrad,271898978,227905089,43993889,3304919040,4653178880,399966208,2885963776,3810369536,729825280,20,13711646720
1791661245.668,618.983,indexer,1170899154,931521158,239377996,12312354816,12332736512,1581895680,10441969664,3984228352,18423058432,31,13694607360
1791661245.668,618.983,zebrad,271906834,227912945,43993889,3254181888,4653178880,399966208,2835369984,3810369536,729825280,20,13694607360
1791661246.668,619.983,indexer,1171196052,931645071,239550980,12314857472,12332736512,1583992832,10442522624,3984781312,18586488832,31,13685596160
1791661246.668,619.983,zebrad,271915258,227918484,43996773,3254173696,4653178880,399966208,2835369984,3810369536,729825280,20,13685596160
1791661247.668,620.983,indexer,1171456307,931703659,239752648,12225966080,12332736512,1583992832,10355720192,3985149952,18664493056,31,13688078336
1791661247.668,620.983,zebrad,271922126,227925215,43996911,3254169600,4653178880,399966208,2835369984,3810369536,729825280,20,13688078336
1791661248.668,621.983,indexer,1171711887,931738036,239973851,12226187264,12332736512,1583992832,10356060160,3985489920,18755170304,31,13684400128
1791661248.668,621.983,zebrad,271932290,227933351,43998939,3254427648,4653178880,399974400,2835369984,3810369536,729894912,20,13684400128
1791661249.668,622.984,indexer,1172716439,932591846,240124593,12226695168,12332736512,1583992832,10356465664,3985895424,19010428928,31,13683167232
1791661249.668,622.984,zebrad,271932290,227933351,43998939,3254427648,4653178880,399974400,2835369984,3810369536,729894912,20,13683167232
1791661250.668,623.984,indexer,1175052145,934721237,240330908,12237897728,12332736512,1590284288,10361217024,3990646784,19115532288,30,13674147840
1791661250.668,623.984,zebrad,271932336,227933389,43998946,3254427648,4653178880,399974400,2835369984,3810369536,729894912,20,13674147840
1791661251.668,624.984,indexer,1177486547,936804850,240681697,12252823552,12332736512,1597628416,10369015808,3998445568,19115532288,30,13672452096
1791661251.668,624.984,zebrad,271936527,227937389,43999138,3254169600,4653178880,399974400,2835369984,3810369536,729894912,20,13672452096
1791661252.668,625.984,indexer,1179347437,938461846,240885590,12287016960,12332736512,1613758464,10387038208,4016467968,19115532288,30,13651812352
1791661252.668,625.984,zebrad,271943784,227944445,43999339,3254165504,4653178880,399974400,2835369984,3810369536,729894912,20,13651812352
1791661253.669,626.984,indexer,1181241917,940003135,241238782,12195196928,12332736512,1620049920,10291445760,4024872960,19115536384,30,13651607552
1791661253.669,626.984,zebrad,271952146,227951749,44000396,3254165504,4653178880,399974400,2835369984,3810369536,729894912,20,13651607552
1791661254.669,627.984,indexer,1183184896,941593965,241590931,12210425856,12332736512,1628438528,10298609664,4032036864,19115536384,30,13644173312
1791661254.669,627.984,zebrad,271959370,227958262,44001108,3254165504,4653178880,399974400,2835369984,3810369536,729894912,20,13644173312
1791661255.669,628.984,indexer,1185396816,943323128,242073687,12229324800,12332736512,1638924288,10306740224,4040171520,19115536384,30,13637423104
1791661255.669,628.984,zebrad,271966915,227963554,44003360,3254165504,4653178880,399974400,2835369984,3810369536,729894912,20,13637423104
1791661256.669,629.985,indexer,1187639871,945103387,242536484,12246016000,12332736512,1647312896,10314936320,4048363520,19115536384,30,13628522496
1791661256.669,629.985,zebrad,271975740,227972380,44003360,3254165504,4653178880,399974400,2835369984,3810369536,729894912,20,13628522496
1791661257.669,630.985,indexer,1189908320,946919228,242989092,12262842368,12332736512,1655701504,10323210240,4056637440,19115536384,30,13615509504
1791661257.669,630.985,zebrad,271983505,227978698,44004806,3254153216,4653178880,399974400,2835369984,3810369536,729894912,20,13615509504
1791661258.669,631.985,indexer,1192074488,948663865,243410622,12280102912,12332736512,1664090112,10332180480,4065607680,19115536384,30,13609512960
1791661258.669,631.985,zebrad,271991537,227985564,44005972,3254153216,4653178880,399974400,2835369984,3810369536,729894912,20,13609512960
1791661259.669,632.985,indexer,1194058374,950239509,243818865,12295622656,12332736512,1672478720,10339258368,4072685568,19115536384,30,13600317440
1791661259.669,632.985,zebrad,271999221,227992300,44006920,3254382592,4653178880,399974400,2835369984,3810369536,729894912,20,13600317440
1791661260.669,633.985,indexer,1195989095,951796887,244192207,12310888448,12332736512,1680867328,10346344448,4079771648,19115536384,30,13588004864
1791661260.669,633.985,zebrad,272006596,227998939,44007656,3254386688,4653178880,399974400,2835369984,3810369536,729894912,20,13588004864
1791661261.669,634.985,indexer,1198033338,953463239,244570099,12219932672,12332736512,1689255936,10249678848,4087140352,19115536384,30,13598646272
1791661261.669,634.985,zebrad,272014056,228006327,44007728,3254648832,4653178880,399974400,2835369984,3810369536,729894912,20,13598646272
1791661262.669,635.985,indexer,1200252472,955195158,245057313,12236435456,12332736512,1697648640,10257747968,4095209472,19115536384,30,13589245952
1791661262.669,635.985,zebrad,272022179,228013947,44008231,3254648832,4653178880,399974400,2835369984,3810369536,729894912,20,13589245952
1791661263.669,636.985,indexer,1202432051,956974905,245457145,12253364224,12332736512,1706037248,10265882624,4103344128,19115536384,30,13561131008
1791661263.669,636.985,zebrad,272030521,228022289,44008231,3254648832,4653178880,399974400,2835369984,3810369536,729894912,20,13561131008
1791661264.670,637.985,indexer,1204343395,958522401,245820994,12268609536,12332736512,1714425856,10272681984,4110147584,19115536384,30,13555380224
1791661264.670,637.985,zebrad,272038585,228030354,44008231,3254648832,4653178880,399974400,2835369984,3810369536,729894912,20,13555380224
1791661265.670,638.985,indexer,1206261490,960052525,246208965,12281774080,12332736512,1720717312,10279903232,4117364736,19115536384,30,13554077696
1791661265.670,638.985,zebrad,272046383,228038151,44008231,3254386688,4653178880,399974400,2835369984,3810369536,729894912,20,13554077696
1791661266.670,639.985,indexer,1208374416,961670705,246703710,12297764864,12332736512,1729105920,10287501312,4124966912,19115536384,30,13547581440
1791661266.670,639.985,zebrad,272054602,228046123,44008478,3254382592,4653178880,399974400,2835369984,3810369536,729894912,20,13547581440
1791661267.670,640.986,indexer,1210580506,963412073,247168433,12316106752,12332736512,1739591680,10295685120,4133146624,19115536384,30,13535834112
1791661267.670,640.986,zebrad,272061999,228051616,44010383,3254595584,4653178880,399974400,2835369984,3810369536,729894912,20,13535834112
1791661268.670,641.986,indexer,1212799683,965160355,247639327,12282953728,12332736512,1747980288,10254893056,4141039616,19115536384,30,13534998528
1791661268.670,641.986,zebrad,272070001,228059618,44010383,3204255744,4653178880,399974400,2785562624,3810369536,729894912,20,13534998528
1791661269.670,642.986,indexer,1215248989,967304187,247944801,12117475328,12332736512,1576009728,10262110208,4148256768,19115536384,31,13693644800
1791661269.670,642.986,zebrad,272078551,228068168,44010383,3204255744,4653178880,399974400,2785562624,3810369536,729894912,20,13693644800
1791661270.670,643.986,indexer,1218044280,969780619,248263661,12135108608,12332736512,1576009728,10279227392,4155506688,19115536384,31,13694607360
1791661270.670,643.986,zebrad,272086290,228075029,44011260,3204513792,4653178880,399974400,2785562624,3810369536,729894912,20,13694607360
1791661271.670,644.986,indexer,1220700225,971855680,248844545,12342018048,12379598848,1595936768,10460209152,4161970176,19115536384,31,13691277312
1791661271.670,644.986,zebrad,272094339,228083078,44011260,3204513792,4653178880,399974400,2785562624,3810369536,729894912,20,13691277312
1791661272.670,645.986,indexer,1221859955,972533868,249326086,12407791616,12407812096,1598099456,10518024192,4164517888,19531603968,31,13688020992
1791661272.670,645.986,zebrad,272101564,228090264,44011299,3155484672,4653178880,399974400,2736541696,3810369536,729894912,20,13688020992
1791661273.671,646.986,indexer,1222049493,972622875,249426618,12410085376,12410093568,1600196608,10518269952,4164763648,19752628224,31,13670928384
1791661273.671,646.986,zebrad,272109995,228097627,44012368,3155480576,4653178880,399974400,2736541696,3810369536,729894912,20,13670928384
1791661274.671,647.986,indexer,1222322554,972694536,249628017,12428853248,12441796608,1600196608,10535473152,4165107712,19833643008,31,13648650240
1791661274.671,647.986,zebrad,272116990,228104463,44012526,3108491264,4653178880,399974400,2689818624,3810369536,729894912,20,13648650240
1791661275.671,648.986,indexer,1222599472,972776580,249822891,12429029376,12441796608,1600196608,10535907328,4165541888,19916808192,31,13649772544
1791661275.671,648.986,zebrad,272125164,228112288,44012876,3108491264,4653178880,399974400,2689818624,3810369536,729894912,20,13649772544
1791661276.671,649.987,indexer,1223326079,973337565,249988513,12429742080,12441796608,1600196608,10536304640,4165939200,20056522752,31,13650096128
1791661276.671,649.987,zebrad,272132256,228118528,44013728,3108491264,4653178880,399974400,2689818624,3810369536,729894912,20,13650096128
1791661277.671,650.987,indexer,1225511055,975277253,250233802,12437692416,12441796608,1604390912,10539778048,4169404416,20223369216,30,13647773696
1791661277.671,650.987,zebrad,272132278,228118546,44013732,3108491264,4653178880,399974400,2689818624,3810369536,729894912,20,13647773696
1791661278.671,651.987,indexer,1228285174,977770917,250514256,12451278848,12451287040,1611730944,10545946624,4175577088,20223369216,30,13638144000
1791661278.671,651.987,zebrad,272135180,228121303,44013877,3108233216,4653178880,399974400,2689818624,3810369536,729894912,20,13638144000
1791661279.671,652.987,indexer,1230539607,979558768,250980838,12464275456,12464279552,1618022400,10552586240,4182212608,20223369216,30,13636952064
1791661279.671,652.987,zebrad,272142792,228126814,44015978,3108495360,4653178880,399978496,2689818624,3810369536,729894912,20,13636952064
1791661280.671,653.987,indexer,1232688745,981207660,251481085,12372410368,12466524160,1626411008,10455199744,4188753920,20223369216,30,13634240512
1791661280.671,653.987,zebrad,272152351,228135445,44016905,3108483072,4653178880,399978496,2689818624,3810369536,729894912,20,13634240512
1791661281.671,654.987,indexer,1234903422,982904664,251998758,12385320960,12466524160,1632702464,10461712384,4195266560,20223369216,30,13626544128
1791661281.671,654.987,zebrad,272162229,228144021,44018208,3108667392,4653178880,399978496,2689818624,3810369536,729894912,20,13626544128
1791661282.672,655.987,indexer,1237135217,984666385,252468831,12401033216,12466524160,1641091072,10469212160,4202766336,20223369216,30,13624258560
1791661282.672,655.987,zebrad,272170429,228151868,44018561,3108667392,4653178880,399978496,2689818624,3810369536,729894912,20,13624258560
1791661283.672,656.987,indexer,1239259844,986349123,252910721,12416471040,12466524160,1649479680,10476118016,4209676288,20223369216,30,13614501888
1791661283.672,656.987,zebrad,272179922,228160798,44019124,3108667392,4653178880,399978496,2689818624,3810369536,729894912,20,13614501888
1791661284.672,657.987,indexer,1241083355,987785833,253297522,12428636160,12466524160,1655771136,10482204672,4215758848,20223369216,30,13596200960
1791661284.672,657.987,zebrad,272188119,228168125,44019993,3108667392,4653178880,399978496,2689818624,3810369536,729894912,20,13596200960
1791661285.672,658.988,indexer,1242965113,989256271,253708842,12441022464,12466524160,1662062592,10488266752,4221825024,20223369216,30,13593767936
1791661285.672,658.988,zebrad,272196914,228176279,44020634,3108679680,4653178880,399978496,2689818624,3810369536,729894912,20,13593767936
1791661286.672,659.988,indexer,1245125898,990964948,254160949,12456730624,12466524160,1670451200,10495430656,4228984832,20223369216,30,13586227200
1791661286.672,659.988,zebrad,272205017,228183367,44021650,3108413440,4653178880,399978496,2689818624,3810369536,729894912,20,13586227200
1791661287.672,660.988,indexer,1247322604,992688561,254634042,12365463552,12471529472,1678839808,10398572544,4236042240,20223369216,30,13584642048
1791661287.672,660.988,zebrad,272214014,228192206,44021808,3108888576,4653178880,399978496,2689818624,3810369536,729894912,20,13584642048
1791661288.672,661.988,indexer,1249394195,994305210,255088985,12378787840,12471529472,1685131264,10405384192,4242853888,20223369216,30,13578117120
1791661288.672,661.988,zebrad,272222487,228200443,44022043,3108884480,4653178880,399978496,2689818624,3810369536,729894912,20,13578117120
1791661289.672,662.988,indexer,1251262302,995777538,255484763,12393431040,12471529472,1693519872,10411749376,4249223168,20223369216,30,13570973696
1791661289.672,662.988,zebrad,272232302,228208774,44023528,3108380672,4653178880,399978496,2689818624,3810369536,729894912,20,13570973696
1791661290.672,663.988,indexer,1253218669,997297938,255920731,12406304768,12471529472,1699811328,10418380800,4255850496,20223369216,30,13564723200
1791661290.672,663.988,zebrad,272240705,228216599,44024106,3108642816,4653178880,399978496,2689818624,3810369536,729894912,20,13564723200
1791661291.672,664.988,indexer,1255367261,998970818,256396443,12422021120,12471529472,1708199936,10425614336,4263084032,20223369216,30,13562298368
1791661291.672,664.988,zebrad,272248716,228224609,44024106,3108634624,4653178880,399978496,2689818624,3810369536,729894912,20,13562298368
1791661292.673,665.988,indexer,1257612917,1000697188,256915728,12437622784,12471529472,1716588544,10432802816,4270276608,20223369216,30,13550370816
1791661292.673,665.988,zebrad,272257326,228231120,44026205,3108888576,4653178880,399978496,2689818624,3810369536,729894912,20,13550370816
1791661293.673,666.988,indexer,1259830789,1002475363,257355426,12454072320,12471529472,1724981248,10440519680,4277989376,20223369216,30,13547532288
1791661293.673,666.988,zebrad,272265113,228238907,44026205,3108884480,4653178880,399978496,2689818624,3810369536,729894912,20,13547532288
1791661294.673,667.989,indexer,1262046305,1004235549,257810756,12363362304,12471529472,1733369856,10344153088,4285652992,20223369216,30,13542346752
1791661294.673,667.989,zebrad,272274191,228247011,44027179,3109142528,4653178880,399978496,2689818624,3810369536,729894912,20,13542346752
1791661295.673,668.989,indexer,1264219831,1005988388,258231443,12379283456,12471529472,1741934592,10351390720,4292890624,20223369216,30,13529411584
1791661295.673,668.989,zebrad,272283520,228256129,44027391,3109142528,4653178880,399978496,2689818624,3810369536,729894912,20,13529411584
1791661296.673,669.989,indexer,1266159327,1007517428,258641898,12392255488,12471529472,1748234240,10357964800,4299468800,20223369216,30,13526634496
1791661296.673,669.989,zebrad,272291940,228262125,44029815,3109142528,4653178880,399978496,2689818624,3810369536,729894912,20,13526634496
1791661297.673,670.989,indexer,1268717778,1009694884,259022893,12226809856,12471529472,1576259584,10364788736,4306288640,20223369216,31,13698084864
1791661297.673,670.989,zebrad,272300275,228269083,44031192,3109134336,4653178880,399978496,2689818624,3810369536,729894912,20,13698084864
1791661298.673,671.989,indexer,1271443151,1012068875,259374276,12302336000,12471529472,1576259584,10438447104,4312842240,20223369216,31,13694189568
1791661298.673,671.989,zebrad,272309523,228278330,44031192,3109130240,4653178880,399978496,2689818624,3810369536,729894912,20,13694189568
1791661299.673,672.989,indexer,1274022705,1013956517,260066188,12579061760,12603289600,1596186624,10686332928,4318720000,20223369216,31,13660381184
1791661299.673,672.989,zebrad,272318392,228287026,44031366,2968784896,4653178880,399978496,2550009856,3810369536,729894912,20,13660381184
1791661300.673,673.989,indexer,1274310149,1014052196,260257952,12579758080,12603289600,1596186624,10686763008,4319145984,20704600064,31,13655875584
1791661300.673,673.989,zebrad,272326116,228293957,44032158,2968522752,4653178880,399978496,2550009856,3810369536,729894912,20,13655875584
1791661301.673,674.989,indexer,1274600999,1014134416,260466583,12577198080,12631351296,1596186624,10683699200,4319518720,20785672192,31,13658542080
1791661301.673,674.989,zebrad,272334056,228300583,44033472,2923167744,4653178880,399978496,2504658944,3810369536,729894912,20,13658542080
1791661302.674,675.989,indexer,1274840251,1014192967,260647283,12578164736,12631351296,1596186624,10684047360,4319866880,20866998272,31,13660909568
1791661302.674,675.989,zebrad,272343435,228308740,44034694,2923167744,4653178880,399978496,2504658944,3810369536,729894912,20,13660909568
1791661303.674,676.989,indexer,1275091802,1014226655,260865146,12580229120,12631351296,1598283776,10684358656,4320178176,20957687808,31,13666316288
1791661303.674,676.989,zebrad,272352072,228315110,44036961,2923167744,4653178880,399978496,2504658944,3810369536,729894912,20,13666316288
1791661304.674,677.990,indexer,1276364074,1015300878,261063195,12584669184,12631351296,1600380928,10686300160,4322111488,21184958464,30,13647904768
1791661304.674,677.990,zebrad,272356160,228319024,44037136,2923167744,4653178880,399978496,2504658944,3810369536,729894912,20,13647904768
1791661305.674,678.990,indexer,1279113922,1017754660,261359262,12594798592,12631351296,1605156864,10692308992,4328120320,21184958464,30,13642014720
1791661305.674,678.990,zebrad,272356160,228319024,44037136,2923167744,4653178880,399978496,2504658944,3810369536,729894912,20,13642014720
1791661306.674,679.990,indexer,1281972839,1020303894,261668945,12610256896,12631351296,1614012416,10698878976,4334690304,21184958464,30,13639294976
1791661306.674,679.990,zebrad,272356299,228319140,44037158,2923167744,4653178880,399978496,2504658944,3810369536,729894912,20,13639294976
1791661307.674,680.990,indexer,1284387757,1022238113,262149643,12626006016,12631351296,1622401024,10706374656,4342185984,21184958464,30,13638057984
1791661307.674,680.990,zebrad,272363677,228325943,44037733,2922901504,4653178880,399978496,2504658944,3810369536,729894912,20,13638057984
1791661308.675,681.990,indexer,1286588645,1023977512,262611133,12639850496,12639850496,1628692480,10713706496,4349517824,21184962560,30,13635776512
1791661308.675,681.990,zebrad,272375200,228335382,44039818,2923163648,4653178880,399978496,2504658944,3810369536,729894912,20,13635776512
1791661309.675,682.990,indexer,1288729225,1025649568,263079656,12655046656,12655046656,1637081088,10720759808,4356571136,21184962560,30,13624979456
1791661309.675,682.990,zebrad,272383229,228342923,44040306,2923413504,4653178880,399990784,2504658944,3810369536,729894912,20,13624979456
1791661310.675,683.990,indexer,1290867264,1027352149,263515114,12669739008,12669763584,1644404736,10728194048,4364005376,21184962560,30,13620346880
1791661310.675,683.990,zebrad,272390914,228350338,44040576,2923409408,4653178880,399990784,2504658944,3810369536,729894912,20,13620346880
1791661311.675,684.991,indexer,1292818733,1028868004,263950729,12684075008,12684124160,1651978240,10734784512,4370595840,21184962560,32,13620080640
1791661311.675,684.991,zebrad,272399901,228359168,44040732,2923405312,4653178880,399990784,2504658944,3810369536,729894912,20,13620080640
1791661312.675,685.991,indexer,1294772057,1030416650,264355406,12646682624,12689842176,1661493248,10687631360,4377710592,21184962560,32,13611540480
1791661312.675,685.991,zebrad,272407371,228366565,44040805,2878570496,4653178880,399990784,2459832320,3810369536,729894912,20,13611540480
1791661313.675,686.991,indexer,1297013061,1032150019,264863041,12663394304,12689842176,1670619136,10694615040,4385419264,21184962560,32,13602201600
1791661313.675,686.991,zebrad,272415419,228374285,44041134,2878304256,4653178880,399990784,2459832320,3810369536,729894912,20,13602201600
1791661314.675,687.991,indexer,1299239727,1033833257,265406470,12680056832,12689842176,1679302656,10703192064,4393267200,21184962560,32,13593542656
1791661314.675,687.991,zebrad,272423430,228382135,44041294,2878042112,4653178880,399990784,2459832320,3810369536,729894912,20,13593542656
1791661315.675,688.991,indexer,1301484894,1035600766,265884127,12687810560,12689842176,1688502272,10701881344,4401393664,21184962560,32,13605482496
1791661315.675,688.991,zebrad,272431884,228390519,44041365,2875940864,4653178880,399990784,2457473024,3810369536,729894912,20,13605482496
1791661316.675,689.991,indexer,1303753818,1037451494,266302323,12706422784,12706422784,1698349056,10710253568,4409769984,21184962560,32,13578809344
1791661316.675,689.991,zebrad,272439150,228396580,44042569,2875691008,4653178880,399990784,2457473024,3810369536,729894912,20,13578809344
1791661317.675,690.991,indexer,1305802765,1039115714,266687050,12722454528,12722462720,1706758144,10718171136,4417683456,21184962560,32,13580034048
1791661317.675,690.991,zebrad,272447672,228404505,44043167,2876162048,4653178880,399990784,2457473024,3810369536,729894912,20,13580034048
1791661318.676,691.991,indexer,1307705060,1040595294,267109765,12736950272,12736962560,1714114560,10725171200,4424683520,21184962560,32,13572464640
1791661318.676,691.991,zebrad,272456313,228411881,44044432,2876424192,4653178880,399990784,2457473024,3810369536,729894912,20,13572464640
1791661319.676,692.991,indexer,1309640051,1042121755,267518296,12750659584,12750659584,1721610240,10731548672,4431060992,21184962560,32,13563768832
1791661319.676,692.991,zebrad,272465232,228420492,44044739,2876157952,4653178880,399990784,2457473024,3810369536,729894912,20,13563768832
1791661320.676,693.991,indexer,1311775581,1043801400,267974181,12712361984,12755894272,1729953792,10684706816,4439269376,21184962560,32,13554429952
1791661320.676,693.991,zebrad,272473731,228426909,44046821,2832097280,4653178880,399990784,2413412352,3810369536,729894912,20,13554429952
1791661321.676,694.992,indexer,1313913357,1045497424,268415933,12727775232,12755894272,1738027008,10692132864,4446695424,21184962560,32,13545267200
1791661321.676,694.992,zebrad,272481549,228432593,44048956,2832097280,4653178880,399990784,2413412352,3810369536,729894912,20,13545267200
1791661322.676,695.992,indexer,1315911551,1047084566,268826984,12742537216,12755894272,1745899520,10699108352,4453675008,21184962560,32,13540720640
1791661322.676,695.992,zebrad,272488689,228437708,44050981,2832359424,4653178880,399990784,2413412352,3810369536,729894912,20,13540720640
1791661323.676,696.992,indexer,1317777167,1048607216,269169951,12756566016,12756566016,1753186304,10705543168,4460105728,21184962560,32,13533769728
1791661323.676,696.992,zebrad,272497327,228445405,44051921,2832359424,4653178880,399990784,2413412352,3810369536,729894912,20,13533769728
1791661324.676,697.992,indexer,1320423340,1050918670,269504669,12591824896,12757270528,1582542848,10711826432,4466388992,21184962560,33,13684428800
1791661324.676,697.992,zebrad,272505661,228453527,44052134,2832355328,4653178880,399990784,2413412352,3810369536,729894912,20,13684428800
1791661325.676,698.992,indexer,1323107449,1053275373,269832075,12606275584,12757270528,1586925568,10721902592,4472889344,21184962560,33,13680238592
1791661325.676,698.992,zebrad,272513680,228460543,44053136,2832084992,4653178880,399990784,2413412352,3810369536,729894912,20,13680238592
1791661326.676,699.992,indexer,1325231249,1054774756,270456492,12858077184,12858109952,1610354688,10942767104,4477538304,21438009344,33,13658345472
1791661326.676,699.992,zebrad,272521492,228468065,44053427,2749591552,4653178880,399990784,2330918912,3810369536,729894912,20,13658345472
1791661327.676,700.992,indexer,1325443276,1054873815,270569460,12858540032,12858568704,1610358784,10943041536,4477812736,21575798784,33,13642256384
1791661327.676,700.992,zebrad,272528530,228474259,44054270,2749628416,4653178880,399990784,2330918912,3810369536,729894912,20,13642256384
1791661328.677,701.993,indexer,1325713763,1054932238,270781524,12844277760,12870332416,1610358784,10929197056,4478132224,21660086272,33,13643157504
1791661328.677,701.993,zebrad,272536277,228481888,44054388,2708201472,4653178880,399990784,2289500160,3810369536,729894912,20,13643157504
1791661329.677,702.993,indexer,1325971083,1055003284,270967799,12845129728,12870332416,1610358784,10929631232,4478566400,21800251392,33,13642518528
1791661329.677,702.993,zebrad,272543148,228488621,44054527,2708201472,4653178880,399990784,2289500160,3810369536,729894912,20,13642518528
1791661330.677,703.993,indexer,1326207589,1055058722,271148866,12845314048,12870332416,1610366976,10929963008,4478898176,21927043072,33,13644029952
1791661330.677,703.993,zebrad,272550235,228495372,44054862,2707931136,4653178880,399990784,2289500160,3810369536,729894912,20,13644029952
1791661331.677,704.993,indexer,1326843222,1055461997,271381225,12849094656,12870332416,1612570624,10931781632,4480708608,22158458880,32,13644746752
1791661331.677,704.993,zebrad,272558507,228501923,44056584,2708193280,4653178880,399990784,2289500160,3810369536,729894912,20,13644746752
1791661332.677,705.993,indexer,1329398942,1057686338,271712604,12863598592,12870332416,1619599360,10939191296,4488118272,22158458880,32,13637353472
1791661332.677,705.993,zebrad,272566431,228508536,44057895,2708189184,4653178880,399990784,2289500160,3810369536,729894912,20,13637353472
1791661333.678,706.993,indexer,1332241097,1060223749,272017348,12880236544,12880257024,1628794880,10946240512,4495167488,22158458880,32,13627854848
1791661333.678,706.993,zebrad,272574239,228515376,44058863,2708180992,4653178880,399990784,2289500160,3810369536,729894912,20,13627854848
1791661334.678,707.993,indexer,1335008698,1062669024,272339673,12895916032,12895924224,1637564416,10953211904,4502142976,22158462976,32,13620318208
1791661334.678,707.993,zebrad,272581978,228521996,44059982,2708176896,4653178880,399990784,2289500160,3810369536,729894912,20,13620318208
1791661335.678,708.993,indexer,1336972149,1064231215,272740934,12911734784,12911747072,1646116864,10960560128,4509491200,22158462976,32,13613584384
1791661335.678,708.993,zebrad,272589374,228529330,44060043,2708176896,4653178880,399990784,2289500160,3810369536,729894912,20,13613584384
1791661336.678,709.993,indexer,1338920163,1065799837,273120326,12818620416,12915769344,1652588544,10863919104,4516753408,22158462976,32,13606158336
1791661336.678,709.993,zebrad,272597160,228536993,44060167,2708176896,4653178880,399990784,2289500160,3810369536,729894912,20,13606158336
1791661337.678,710.994,indexer,1341053226,1067419822,273633403,12834467840,12915769344,1661386752,10870829056,4523667456,22158462976,32,13597577216
1791661337.678,710.994,zebrad,272604671,228543259,44061412,2708226048,4653178880,399990784,2289500160,3810369536,729894912,20,13597577216
1791661338.678,711.994,indexer,1343364211,1069164710,274199501,12850147328,12915769344,1670041600,10877702144,4530536448,22158462976,32,13590376448
1791661338.678,711.994,zebrad,272616554,228551155,44065398,2708234240,4653178880,399990784,2289500160,3810369536,729894912,20,13590376448
1791661339.678,712.994,indexer,1345603578,1070798745,274804833,12862132224,12915769344,1675673600,10883964928,4536799232,22158462976,32,13583114240
1791661339.678,712.994,zebrad,272624698,228555432,44069266,2708234240,4653178880,399990784,2289500160,3810369536,729894912,20,13583114240
1791661340.678,713.994,indexer,1347862455,1072490402,275372053,12875501568,12915769344,1682825216,10890227712,4543062016,22158462976,32,13571047424
1791661340.678,713.994,zebrad,272634597,228563508,44071089,2708234240,4653178880,399990784,2289500160,3810369536,729894912,20,13571047424
1791661341.678,714.994,indexer,1350125333,1074212993,275912339,12889653248,12915769344,1690431488,10896920576,4549754880,22158462976,32,13568028672
1791661341.678,714.994,zebrad,272643144,228568638,44074506,2708066304,4653178880,399990784,2289500160,3810369536,729894912,20,13568028672
1791661342.678,715.994,indexer,1352263360,1075829051,276434308,12903116800,12915769344,1696911360,10903728128,4556562432,22158462976,32,13562626048
1791661342.678,715.994,zebrad,272651951,228576315,44075635,2708328448,4653178880,399990784,2289500160,3810369536,729894912,20,13562626048
1791661343.679,716.994,indexer,1354228905,1077321857,276907048,12916318208,12916387840,1704300544,10909732864,4562567168,22158462976,32,13559435264
1791661343.679,716.994,zebrad,272661465,228584747,44076717,2708062208,4653178880,399990784,2289500160,3810369536,729894912,20,13559435264
1791661344.679,717.994,indexer,1356090853,1078756278,277334574,12863406080,12923609088,1710944256,10852950016,4568772608,22158462976,32,13537165312
1791661344.679,717.994,zebrad,272670301,228592449,44077852,2666668032,4653178880,399990784,2248605696,3810369536,729894912,20,13537165312
1791661345.679,718.994,indexer,1358016676,1080237650,277779025,12880228352,12923609088,1720492032,10859782144,4575604736,22158462976,35,13529858048
1791661345.679,718.994,zebrad,272678781,228600854,44077926,2667184128,4653178880,399990784,2248605696,3810369536,729894912,20,13529858048
1791661346.679,719.995,indexer,1359905307,1081683817,278221490,12896051200,12923609088,1729871872,10866634752,4582457344,22158462976,35,13525073920
1791661346.679,719.995,zebrad,272687004,228605359,44081645,2667184128,4653178880,399990784,2248605696,3810369536,729894912,20,13525073920
1791661347.679,720.995,indexer,1361902575,1083240206,278662368,12912631808,12923609088,1738817536,10873978880,4589801472,22158462976,35,13522223104
1791661347.679,720.995,zebrad,272695302,228612609,44082692,2667180032,4653178880,399990784,2248605696,3810369536,729894912,20,13522223104
1791661348.679,721.995,indexer,1364111043,1084910326,279200717,12928712704,12928712704,1746825216,10881957888,4597780480,22158462976,35,13507727360
1791661348.679,721.995,zebrad,272703069,228620255,44082813,2667171840,4653178880,399990784,2248605696,3810369536,729894912,20,13507727360
1791661349.679,722.995,indexer,1366247146,1086573866,279673280,12944166912,12944166912,1755209728,10889154560,4604977152,22158462976,35,13502038016
1791661349.679,722.995,zebrad,272712113,228629299,44082813,2666647552,4653178880,399990784,2248605696,3810369536,729894912,20,13502038016
1791661350.679,723.995,indexer,1368527680,1088323377,280204303,12855476224,12952776704,1764966400,10793308160,4613201920,22158462976,35,13502705664
1791661350.679,723.995,zebrad,272719574,228636523,44083050,2666909696,4653178880,399990784,2248605696,3810369536,729894912,20,13502705664
1791661351.679,724.995,indexer,1370771967,1090172304,280599663,12695949312,12952776704,1598722048,10800414720,4620308480,22158462976,36,13661925376
1791661351.679,724.995,zebrad,272727427,228643401,44084026,2666909696,4653178880,399990784,2248605696,3810369536,729894912,20,13661925376
1791661352.680,725.995,indexer,1373504136,1092515202,280988933,12704256000,12952776704,1600335872,10806837248,4626731008,22158462976,36,13662621696
1791661352.680,725.995,zebrad,272736252,228650252,44085999,2666909696,4653178880,399990784,2248605696,3810369536,729894912,20,13662621696
1791661353.680,726.995,indexer,1376207110,1094729684,281477426,12866166784,12952776704,1619611648,10945277952,4633223168,22158462976,36,13638868992
1791661353.680,726.995,zebrad,272745130,228658992,44086137,2666909696,4653178880,399990784,2248605696,3810369536,729894912,20,13638868992
1791661354.680,727.995,indexer,1378690204,1096446113,282244091,12781592576,12956352512,1628405760,10849058816,4638937088,22376878080,36,13620940800
1791661354.680,727.995,zebrad,272753630,228666250,44087380,2589048832,4653178880,399990784,2171011072,3810369536,729894912,20,13620940800
1791661355.680,728.995,indexer,1378865348,1096522142,282343205,12781576192,12956352512,1628692480,10849316864,4639195136,22644080640,36,13619339264
1791661355.680,728.995,zebrad,272760411,228673031,44087380,2589048832,4653178880,399990784,2171011072,3810369536,729894912,20,13619339264
1791661356.680,729.996,indexer,1379182001,1096622473,282559527,12835405824,12956352512,1629184000,10901356544,4639637504,22724489216,36,13622272000
1791661356.680,729.996,zebrad,272769785,228680706,44089079,2589011968,4653178880,399990784,2171011072,3810369536,729894912,20,13622272000
1791661357.680,730.996,indexer,1379445614,1096699935,282745678,12837998592,12956352512,1631510528,10901729280,4640010240,22807154688,36,13620322304
1791661357.680,730.996,zebrad,272777047,228686926,44090121,2589274112,4653178880,399990784,2171011072,3810369536,729894912,20,13620322304
1791661358.680,731.996,indexer,1379742559,1096796711,282945848,12838727680,12956352512,1631510528,10902204416,4640485376,22897197056,36,13622169600
1791661358.680,731.996,zebrad,272785891,228695475,44090416,2589540352,4653178880,399994880,2171011072,3810369536,729894912,20,13622169600
1791661359.680,732.996,indexer,1380926268,1097793572,283132695,12839718912,12956352512,1631510528,10903298048,4641579008,23135383552,35,13620289536
1791661359.680,732.996,zebrad,272790779,228698215,44092563,2589540352,4653178880,399994880,2171011072,3810369536,729894912,20,13620289536
1791661360.680,733.996,indexer,1383722693,1100304130,283418563,12852387840,12956352512,1638854656,10909986816,4648267776,23135383552,35,13600256000
1791661360.680,733.996,zebrad,272790779,228698215,44092563,2589540352,4653178880,399994880,2171011072,3810369536,729894912,20,13600256000
1791661361.680,734.996,indexer,1386571087,1102838200,283732886,12867055616,12956352512,1647243264,10916634624,4654915584,23135383552,35,13597663232
1791661361.680,734.996,zebrad,272794617,228701757,44092859,2589540352,4653178880,399994880,2171011072,3810369536,729894912,20,13597663232
1791661362.680,735.996,indexer,1388785660,1104607699,284177960,12883709952,12956352512,1655631872,10924802048,4663083008,23135383552,35,13596327936
1791661362.680,735.996,zebrad,272801384,228706236,44095148,2589540352,4653178880,399994880,2171011072,3810369536,729894912,20,13596327936
1791661363.681,736.996,indexer,1391059129,1106375851,284683277,12900204544,12956352512,1664032768,10932707328,4670988288,23135383552,35,13590577152
1791661363.681,736.996,zebrad,272809900,228713831,44096069,2589540352,4653178880,399994880,2171011072,3810369536,729894912,20,13590577152
1791661364.681,737.996,indexer,1393175638,1108021793,285153845,12916035584,12956352512,1672720384,10939932672,4678213632,23135387648,35,13585670144
1791661364.681,737.996,zebrad,272818899,228722830,44096069,2589536256,4653178880,399994880,2171011072,3810369536,729894912,20,13585670144
1791661365.681,738.996,indexer,1395081673,1109522568,285559104,12931727360,12956352512,1681465344,10946863104,4685144064,23135387648,35,13572669440
1791661365.681,738.996,zebrad,272826994,228729074,44097920,2589536256,4653178880,399994880,2171011072,3810369536,729894912,20,13572669440
1791661366.681,739.997,indexer,1397010982,1111057564,285953417,12945563648,12956352512,1688252416,10953768960,4692049920,23135387648,35,13565022208
1791661366.681,739.997,zebrad,272835333,228736034,44099298,2589536256,4653178880,399994880,2171011072,3810369536,729894912,20,13565022208
1791661367.681,740.997,indexer,1399217991,1112746808,286471183,12962074624,12962091008,1697271808,10961338368,4699619328,23135387648,35,13565284352
1791661367.681,740.997,zebrad,272843417,228744118,44099298,2589536256,4653178880,399994880,2171011072,3810369536,729894912,20,13565284352
1791661368.681,741.997,indexer,1401436273,1114465672,286970601,12981678080,12981710848,1708290048,10969587712,4707868672,23135387648,35,13550870528
1791661368.681,741.997,zebrad,272852928,228753186,44099741,2589446144,4653178880,399994880,2171011072,3810369536,729894912,20,13550870528
1791661369.681,742.997,indexer,1403676052,1116201231,287474821,12997033984,12997033984,1715834880,10977583104,4715868160,23135387648,35,13548945408
1791661369.681,742.997,zebrad,272860478,228759486,44100992,2589446144,4653178880,399994880,2171011072,3810369536,729894912,20,13548945408
1791661370.681,743.997,indexer,1405892878,1117958831,287934046,13014585344,13014585344,1725026304,10985660416,4723941376,23135387648,35,13540544512
1791661370.681,743.997,zebrad,272869228,228767278,44101950,2589446144,4653178880,399994880,2171011072,3810369536,729894912,20,13540544512
1791661371.681,744.997,indexer,1407901872,1119559830,288342041,13030653952,13030662144,1733632000,10993090560,4731375616,23135387648,35,13534711808
1791661371.681,744.997,zebrad,272877288,228775007,44102281,2589708288,4653178880,399994880,2171011072,3810369536,729894912,20,13534711808
1791661372.681,745.997,indexer,1409815789,1121064520,288751269,12939083776,13043535872,1741996032,10896052224,4738539520,23135387648,35,13533679616
1791661372.681,745.997,zebrad,272884776,228781254,44103521,2589712384,4653178880,399994880,2171011072,3810369536,729894912,20,13533679616
1791661373.682,746.997,indexer,1411827426,1122627487,289199939,12955987968,13043535872,1751183360,10903687168,4746178560,23135387648,35,13524328448
1791661373.682,746.997,zebrad,272893026,228787624,44105402,2589704192,4653178880,399994880,2171011072,3810369536,729894912,20,13524328448
1791661374.682,747.997,indexer,1414039306,1124359264,289680041,12973535232,13043535872,1760755712,10911809536,4754296832,23135387648,35,13514280960
1791661374.682,747.997,zebrad,272901700,228795352,44106348,2589704192,4653178880,399994880,2171011072,3810369536,729894912,20,13514280960
1791661375.682,748.997,indexer,1416278929,1126128240,290150688,12991209472,13043535872,1770098688,10919972864,4762460160,23135387648,35,13503447040
1791661375.682,748.997,zebrad,272909599,228803251,44106348,2589704192,4653178880,399994880,2171011072,3810369536,729894912,20,13503447040
1791661376.682,749.998,indexer,1418535838,1127897928,290637910,13000298496,13043535872,1780371456,10918993920,4770996224,23135387648,35,13487685632
1791661376.682,749.998,zebrad,272916736,228810388,44106348,2587344896,4653178880,399994880,2168651776,3810369536,729894912,20,13487685632
1791661377.682,750.998,indexer,1420881052,1129863006,291018046,12840783872,13043535872,1613901824,10926645248,4778647552,23135387648,36,13653356544
1791661377.682,750.998,zebrad,272924948,228818408,44106540,2587344896,4653178880,399994880,2168651776,3810369536,729894912,20,13653356544
1791661378.682,751.998,indexer,1423595545,1132228271,291367274,12848640000,13043535872,1613901824,10933907456,4785909760,23135387648,36,13654466560
1791661378.682,751.998,zebrad,272933602,228827061,44106540,2587344896,4653178880,399994880,2168651776,3810369536,729894912,20,13654466560
1791661379.684,753.000,indexer,1426300956,1134492212,291808744,12973539328,13045489664,1631731712,11035860992,4792856576,23135387648,36,13640523776
1791661379.684,753.000,zebrad,272941486,228834703,44106782,2587344896,4653178880,399994880,2168651776,3810369536,729894912,20,13640523776
1791661380.684,754.000,indexer,1428275626,1135829727,292445899,13079982080,13090521088,1637875712,11131289600,4797370368,23450554368,36,13629063168
1791661380.684,754.000,zebrad,272949952,228842257,44107695,2548019200,4653178880,399994880,2129592320,3810369536,729894912,20,13629063168
1791661381.684,755.000,indexer,1428452253,1135915989,292536263,12975960064,13090521088,1639972864,11027382272,4797628416,23635132416,36,13620400128
1791661381.684,755.000,zebrad,272959280,228850533,44108747,2548019200,4653178880,399994880,2129592320,3810369536,729894912,20,13620400128
1791661382.684,756.000,indexer,1428742342,1135969198,292773144,13035143168,13090521088,1639972864,11084517376,4797943808,23716814848,36,13622530048
1791661382.684,756.000,zebrad,272967241,228856661,44110580,2548019200,4653178880,399994880,2129592320,3810369536,729894912,20,13622530048
1791661383.684,757.000,indexer,1429007629,1136051707,292955922,13035810816,13090521088,1639972864,11084931072,4798357504,23801004032,36,13621809152
1791661383.684,757.000,zebrad,272975850,228865269,44110580,2548015104,4653178880,399994880,2129592320,3810369536,729894912,20,13621809152
1791661384.685,758.000,indexer,1429240024,1136102797,293137227,13035749376,13090521088,1639972864,11085238272,4798664704,23895113728,36,13624242176
1791661384.685,758.000,zebrad,272982982,228871447,44111534,2548011008,4653178880,399994880,2129592320,3810369536,729894912,20,13624242176
1791661385.685,759.000,indexer,1429970564,1136579485,293391078,13040095232,13090521088,1642070016,11087458304,4800884736,24119939072,35,13620920320
1791661385.685,759.000,zebrad,272990777,228878276,44112500,2548011008,4653178880,399994880,2129592320,3810369536,729894912,20,13620920320
1791661386.685,760.000,indexer,1431920304,1138121441,293798862,13044985856,13090521088,1649410048,11085066240,4807921664,24119939072,35,13641166848
1791661386.685,760.000,zebrad,272999355,228885599,44113755,2545651712,4653178880,400019456,2127233024,3810369536,729894912,20,13641166848
1791661387.685,761.001,indexer,1434613820,1140484202,294129618,13058289664,13090521088,1656360960,11091382272,4814237696,24119939072,35,13634101248
1791661387.685,761.001,zebrad,272999355,228885599,44113755,2545418240,4653178880,400019456,2127233024,3810369536,729894912,20,13634101248
1791661388.685,762.001,indexer,1437437950,1143064219,294373731,13072211968,13090521088,1663660032,11097972736,4820828160,24119939072,35,13626236928
1791661388.685,762.001,zebrad,272999622,228885824,44113798,2545418240,4653178880,400019456,2127233024,3810369536,729894912,20,13626236928
1791661389.685,763.001,indexer,1440073829,1145377585,294696243,13086064640,13090521088,1671069696,11104604160,4827463680,24119939072,35,13617479680
1791661389.685,763.001,zebrad,273003119,228888239,44114880,2545680384,4653178880,400019456,2127233024,3810369536,729894912,20,13617479680
1791661390.685,764.001,indexer,1442343304,1147184515,295158789,13102747648,13102747648,1679941632,11112505344,4835360768,24119939072,35,13607346176
1791661390.685,764.001,zebrad,273011924,228896076,44115847,2545680384,4653178880,400019456,2127233024,3810369536,729894912,20,13607346176
1791661391.685,765.001,indexer,1444613426,1148992561,295620865,13013647360,13110087680,1689255936,11016581120,4843425792,24119939072,35,13592756224
1791661391.685,765.001,zebrad,273018839,228901003,44117835,2545680384,4653178880,400019456,2127233024,3810369536,729894912,20,13592756224
1791661392.685,766.001,indexer,1446874278,1150841891,296032387,13032017920,13110087680,1699741696,11024408576,4851253248,24119939072,35,13586857984
1791661392.685,766.001,zebrad,273026377,228907617,44118760,2545680384,4653178880,400019456,2127233024,3810369536,729894912,20,13586857984
1791661393.686,767.001,indexer,1449110765,1152600834,296509931,13047357440,13110087680,1706733568,11032412160,4859256832,24119939072,35,13581021184
1791661393.686,767.001,zebrad,273033062,228913869,44119192,2545680384,4653178880,400019456,2127233024,3810369536,729894912,20,13581021184
1791661394.686,768.001,indexer,1451363266,1154398471,296964795,13063573504,13110087680,1715421184,11040149504,4866994176,24119939072,35,13566988288
1791661394.686,768.001,zebrad,273041447,228922195,44119251,2545680384,4653178880,400019456,2127233024,3810369536,729894912,20,13566988288
1791661395.686,769.001,indexer,1453634628,1156222902,297411725,13080342528,13110087680,1724162048,11047899136,4874743808,24119939072,35,13559214080
1791661395.686,769.001,zebrad,273049279,228928215,44121064,2545414144,4653178880,400019456,2127233024,3810369536,729894912,20,13559214080
1791661396.686,770.002,indexer,1455790706,1157910446,297880260,13096087552,13110087680,1732665344,11055464448,4882309120,24119939072,35,13551153152
1791661396.686,770.002,zebrad,273057978,228936914,44121064,2545414144,4653178880,400019456,2127233024,3810369536,729894912,20,13551153152
1791661397.686,771.002,indexer,1457725217,1159488344,298236872,13045035008,13110087680,1741684736,10996875264,4889059328,24119939072,35,13543559168
1791661397.686,771.002,zebrad,273065053,228943871,44121182,2506874880,4653178880,400019456,2088697856,3810369536,729894912,20,13543559168
1791661398.686,772.002,indexer,1459654428,1161040010,298614417,13057970176,13110087680,1748021248,11003699200,4895883264,24119939072,35,13540630528
1791661398.686,772.002,zebrad,273075543,228951763,44123779,2506870784,4653178880,400019456,2088697856,3810369536,729894912,20,13540630528
1791661399.686,773.002,indexer,1461823630,1162744542,299079087,13074489344,13110087680,1756831744,11010289664,4903174144,24119939072,35,13526155264
1791661399.686,773.002,zebrad,273083696,228959571,44124124,2506870784,4653178880,400039936,2088697856,3810369536,729894912,20,13526155264
1791661400.686,774.002,indexer,1464057294,1164473506,299583787,13091069952,13110087680,1765679104,11018612736,4910796800,24119939072,35,13521813504
1791661400.686,774.002,zebrad,273092541,228966440,44126101,2506870784,4653178880,400039936,2088697856,3810369536,729894912,20,13521813504
1791661401.686,775.002,indexer,1466063223,1166069605,299993618,13106692096,13110087680,1774411776,11025436672,4917891072,24119939072,35,13513011200
1791661401.686,775.002,zebrad,273100503,228973408,44127094,2506870784,4653178880,400039936,2088697856,3810369536,729894912,20,13513011200
1791661402.686,776.002,indexer,1468014158,1167634103,300380054,13122830336,13122834432,1783283712,11032784896,4924968960,24119939072,35,13504389120
1791661402.686,776.002,zebrad,273109324,228982230,44127094,2506870784,4653178880,400039936,2088697856,3810369536,729894912,20,13504389120
1791661403.687,777.002,indexer,1469902069,1169164595,300737473,13031092224,13126447104,1792028672,10935595008,4931854336,24119939072,35,13494534144
1791661403.687,777.002,zebrad,273116770,228989478,44127292,2506870784,4653178880,400039936,2088697856,3810369536,729894912,20,13494534144
1791661404.687,778.002,indexer,1472277432,1171276847,301000584,12868976640,13126447104,1623166976,10942337024,4938592256,24119939072,36,13645639680
1791661404.687,778.002,zebrad,273125266,228996053,44129212,2506391552,4653178880,400039936,2088697856,3810369536,729894912,20,13645639680
1791661405.687,779.002,indexer,1474859175,1173469667,301389508,13003755520,13126447104,1627074560,11069333504,4945412096,24119939072,36,13645795328
1791661405.687,779.002,zebrad,273132648,229002374,44130274,2506653696,4653178880,400039936,2088697856,3810369536,729894912,20,13645795328
1791661406.687,780.003,indexer,1477105451,1175011313,302094137,13045022720,13138227200,1648644096,11082969088,4950540288,24347828224,36,13495140352
1791661406.687,780.003,zebrad,273140268,229009994,44130274,2499571712,4653178880,400039936,2081619968,3810369536,729894912,20,13495140352
1791661407.687,781.003,indexer,1477289493,1175098405,302191087,12861886464,13138227200,1650741248,10903908352,4950810624,24608718848,36,13626232832
1791661407.687,781.003,zebrad,273147141,229016793,44130347,2499571712,4653178880,400039936,2081619968,3810369536,729894912,20,13626232832
1791661408.687,782.003,indexer,1477590228,1175159507,302430720,12917403648,13138227200,1650741248,10958016512,4951171072,24689102848,36,13604569088
1791661408.687,782.003,zebrad,273154996,229023672,44131323,2499571712,4653178880,400039936,2081619968,3810369536,729894912,20,13604569088
1791661409.687,783.003,indexer,1477897631,1175261606,302636024,12918419456,13138227200,1650741248,10959101952,4952256512,24770842624,36,13598306304
1791661409.687,783.003,zebrad,273155134,229023788,44131345,2499567616,4653178880,400039936,2081619968,3810369536,729894912,20,13598306304
1791661410.687,784.003,indexer,1478376842,1175459809,302917033,12920180736,13138227200,1650741248,10960580608,4953735168,24863490048,36,13603328000
1791661410.687,784.003,zebrad,273155199,229023842,44131356,2499567616,4653178880,400039936,2081619968,3810369536,729894912,20,13603328000
1791661411.687,785.003,indexer,1479691153,1176628455,303062697,12922933248,13138227200,1652838400,10961367040,4954509312,25102163968,35,13603479552
1791661411.687,785.003,zebrad,273155517,229024109,44131407,2499567616,4653178880,400039936,2081619968,3810369536,729894912,20,13603479552
1791661412.687,786.003,indexer,1482515089,1179164213,303350875,12936060928,13138227200,1659129856,10968018944,4961161216,25102163968,35,13600583680
1791661412.687,786.003,zebrad,273155517,229024109,44131407,2499567616,4653178880,400039936,2081619968,3810369536,729894912,20,13600583680
1791661413.688,787.003,indexer,1484764283,1181035056,303729227,12953452544,13138227200,1668567040,10975805440,4968947712,25102163968,35,13594640384
1791661413.688,787.003,zebrad,273163657,229031713,44131943,2499825664,4653178880,400039936,2081619968,3810369536,729894912,20,13594640384
1791661414.688,788.003,indexer,1487077114,1182857572,304219541,12969938944,13138227200,1676955648,10984132608,4977274880,25102163968,35,13584543744
1791661414.688,788.003,zebrad,273171069,229039062,44132007,2499825664,4653178880,400039936,2081619968,3810369536,729894912,20,13584543744
1791661415.688,789.003,indexer,1489357429,1184666623,304690806,12988952576,13138227200,1687441408,10992513024,4985659392,25102163968,35,13576380416
1791661415.688,789.003,zebrad,273179551,229046304,44133246,2499825664,4653178880,400039936,2081619968,3810369536,729894912,20,13576380416
1791661416.688,790.004,indexer,1491590632,1186395906,305194726,13004992512,13138227200,1695830016,11000532992,4993675264,25102163968,35,13569155072
1791661416.688,790.004,zebrad,273187751,229054151,44133599,2499579904,4653178880,400039936,2081619968,3810369536,729894912,20,13569155072
1791661417.688,791.004,indexer,1493779785,1188062805,305716979,13021810688,13138227200,1704218624,11008335872,5001478144,25102163968,35,13560156160
1791661417.688,791.004,zebrad,273195636,229060053,44135582,2499842048,4653178880,400039936,2081619968,3810369536,729894912,20,13560156160
1791661418.688,792.004,indexer,1496037052,1189874163,306162888,13040521216,13138227200,1714704384,11016712192,5009862656,25102163968,35,13550764032
1791661418.688,792.004,zebrad,273203047,229066399,44136648,2499837952,4653178880,400039936,2081619968,3810369536,729894912,20,13550764032
1791661419.688,793.004,indexer,1498284525,1191676028,306608497,13057572864,13138227200,1723432960,11025076224,5018218496,25102163968,35,13535997952
1791661419.688,793.004,zebrad,273210974,229074017,44136957,2499575808,4653178880,400039936,2081619968,3810369536,729894912,20,13535997952
1791661420.688,794.004,indexer,1500244734,1193252370,306992363,13072723968,13138227200,1731821568,11032117248,5025259520,25102163968,35,13535105024
1791661420.688,794.004,zebrad,273219484,229082447,44137036,2499833856,4653178880,400039936,2081619968,3810369536,729894912,20,13535105024
1791661421.688,795.004,indexer,1502191479,1194835327,307356151,13086314496,13138227200,1738113024,11038969856,5032112128,25102163968,35,13526814720
1791661421.688,795.004,zebrad,273227635,229089575,44138059,2499567616,4653178880,400039936,2081619968,3810369536,729894912,20,13526814720
1791661422.688,796.004,indexer,1504217353,1196441465,307775887,13101985792,13138227200,1746505728,11046277120,5039419392,25102163968,35,13518553088
1791661422.688,796.004,zebrad,273235205,229097056,44138149,2499829760,4653178880,400039936,2081619968,3810369536,729894912,20,13518553088
1791661423.689,797.004,indexer,1506468969,1198224682,308244287,13120208896,13138227200,1756991488,11054133248,5047275520,25102163968,35,13510127616
1791661423.689,797.004,zebrad,273243549,229103859,44139689,2499829760,4653178880,400039936,2081619968,3810369536,729894912,20,13510127616
1791661424.689,798.004,indexer,1508627199,1199919124,308708074,13029654528,13138227200,1765380096,10957737984,5054955520,25102163968,35,13500223488
1791661424.689,798.004,zebrad,273251353,229110696,44140657,2499829760,4653178880,400039936,2081619968,3810369536,729894912,20,13500223488
1791661425.689,799.005,indexer,1510566435,1201450225,309116209,13042917376,13138227200,1771671552,10964746240,5061971968,25102163968,35,13496614912
1791661425.689,799.005,zebrad,273259709,229118998,44140711,2499829760,4653178880,400039936,2081619968,3810369536,729894912,20,13496614912
1791661426.689,800.005,indexer,1512507968,1203006188,309501780,13058338816,13138227200,1780060160,10971766784,5068984320,25102163968,35,13483585536
1791661426.689,800.005,zebrad,273268127,229127415,44140711,2499829760,4653178880,400039936,2081619968,3810369536,729894912,20,13483585536
1791661427.689,801.005,indexer,1514736515,1204786630,309949885,13074735104,13138227200,1788448768,10979770368,5076987904,25102163968,35,13475459072
1791661427.689,801.005,zebrad,273276890,229135154,44141735,2499825664,4653178880,400039936,2081619968,3810369536,729894912,20,13475459072
1791661428.689,802.005,indexer,1517005577,1206574543,310431034,13092757504,13138227200,1798934528,10987687936,5084909568,25102163968,35,13466214400
1791661428.689,802.005,zebrad,273288326,229145715,44142611,2499825664,4653178880,400039936,2081619968,3810369536,729894912,20,13466214400
1791661429.689,803.005,indexer,1519238281,1208409215,310829066,12933001216,13138227200,1631158272,10995212288,5092429824,25102163968,36,13622837248
1791661429.689,803.005,zebrad,273296583,229151928,44144654,2499825664,4653178880,400039936,2081619968,3810369536,729894912,20,13622837248
1791661430.689,804.005,indexer,1522003205,1210847900,311155304,12940218368,13138227200,1631158272,11002720256,5099941888,25102163968,36,13624516608
1791661430.689,804.005,zebrad,273304724,229160050,44144673,2499825664,4653178880,400039936,2081619968,3810369536,729894912,20,13624516608
1791661431.690,805.005,indexer,1524744853,1213203943,311540909,13037486080,13138227200,1646891008,11081392128,5107097600,25102163968,36,13611532288
1791661431.690,805.005,zebrad,273313022,229167463,44145559,2499821568,4653178880,400039936,2081619968,3810369536,729894912,20,13611532288
1791661432.690,806.005,indexer,1526545049,1214368451,312176597,12908486656,13138227200,1650331648,10945101824,5111377920,25608372224,36,13629181952
1791661432.690,806.005,zebrad,273321369,229175757,44145612,2493005824,4653178880,400039936,2074804224,3810369536,729894912,20,13629181952
1791661433.690,807.005,indexer,1526821565,1214519478,312302086,12907134976,13138227200,1650847744,10945667072,5111943168,25649188864,36,13603155968
1791661433.690,807.005,zebrad,273328969,229182423,44146546,2493005824,4653178880,400039936,2074804224,3810369536,729894912,20,13603155968
1791661434.690,808.006,indexer,1527125715,1214598331,312527384,12910542848,13138227200,1651228672,10948435968,5112352768,25730572288,36,13591543808
1791661434.690,808.006,zebrad,273336663,229190117,44146546,2493005824,4653178880,400039936,2074804224,3810369536,729894912,20,13591543808
1791661435.690,809.006,indexer,1527389651,1214675792,312713858,12911329280,13138227200,1651613696,10948870144,5112786944,25813819392,36,13590831104
1791661435.690,809.006,zebrad,273345205,229198627,44146577,2493005824,4653178880,400039936,2074804224,3810369536,729894912,20,13590831104
1791661436.690,810.006,indexer,1527710256,1214758299,312951956,12913946624,13138227200,1653805056,10949419008,5113335808,25906950144,36,13586284544
1791661436.690,810.006,zebrad,273353134,229206410,44146724,2493001728,4653178880,400039936,2074804224,3810369536,729894912,20,13586284544
1791661437.690,811.006,indexer,1528066050,1214870642,313195408,12914728960,13138227200,1653805056,10950135808,5114052608,26099781632,35,13589286912
1791661437.690,811.006,zebrad,273360085,229213210,44146875,2492952576,4653178880,400039936,2074804224,3810369536,729894912,20,13589286912
1791661438.690,812.006,indexer,1530790651,1217384674,313405976,12928512000,13138227200,1660096512,10957418496,5121335296,26099781632,35,13584171008
1791661438.690,812.006,zebrad,273363684,229215548,44148135,2492952576,4653178880,400039936,2074804224,3810369536,729894912,20,13584171008
1791661440.596,813.912,indexer,1536025589,1222219912,313805677,12956536832,13138227200,1669533696,10975875072,5139791872,26099781632,35,13573808128
1791661440.596,813.912,zebrad,273367898,229219051,44148847,2492952576,4653178880,400039936,2074804224,3810369536,729894912,20,13573808128
1791661441.596,814.912,indexer,1538141371,1224053894,314087477,12971413504,13138227200,1675825152,10984964096,5148880896,26099785728,35,13550325760
1791661441.596,814.912,zebrad,273375704,229225889,44149815,2492952576,4653178880,400039936,2074804224,3810369536,729894912,20,13550325760
1791661442.596,815.912,indexer,1540278738,1225938124,314340614,12986896384,13138227200,1682116608,10994241536,5158158336,26099785728,35,13550706688
1791661442.596,815.912,zebrad,273382918,229233071,44149846,2492952576,4653178880,400039936,2074804224,3810369536,729894912,20,13550706688
1791661443.596,816.912,indexer,1542501153,1227881655,314619497,13003157504,13138227200,1688408064,11003875328,5167792128,26099785728,35,13546467328
1791661443.596,816.912,zebrad,273391739,229238917,44152822,2492952576,4653178880,400039936,2074804224,3810369536,729894912,20,13546467328
1791661444.596,817.912,indexer,1544772559,1229843054,314929504,13020848128,13138227200,1696796672,11013410816,5177327616,26099785728,35,13542191104
1791661444.596,817.912,zebrad,273399964,229246268,44153695,2492948480,4653178880,400039936,2074804224,3810369536,729894912,20,13542191104
1791661445.596,818.912,indexer,1546997800,1231810352,315187448,13036654592,13138227200,1703088128,11023028224,5186945024,26099785728,35,13535657984
1791661445.596,818.912,zebrad,273407716,229254020,44153695,2492944384,4653178880,400039936,2074804224,3810369536,729894912,20,13535657984
1791661446.596,819.912,indexer,1549092970,1233669924,315423046,13051904000,13138227200,1709379584,11031674880,5195591680,26099785728,35,13538275328
1791661446.596,819.912,zebrad,273415655,229261959,44153695,2492944384,4653178880,400039936,2074804224,3810369536,729894912,20,13538275328
1791661447.597,820.912,indexer,1551153080,1235522977,315630103,13064114176,13138227200,1713356800,11040120832,5204037632,26099785728,35,13539168256
1791661447.597,820.912,zebrad,273423719,229270024,44153695,2493206528,4653178880,400039936,2074804224,3810369536,729894912,20,13539168256
1791661448.597,821.912,indexer,1553196154,1237328105,315868049,13077831680,13138227200,1718902784,11048361984,5212282880,26099785728,35,13536186368
1791661448.597,821.912,zebrad,273432398,229278646,44153751,2493149184,4653178880,400039936,2074804224,3810369536,729894912,20,13536186368
1791661449.597,822.912,indexer,1555254277,1239108131,316146146,13091639296,13138227200,1724399616,11056570368,5220491264,26099785728,35,13529907200
1791661449.597,822.912,zebrad,273440785,229285972,44154813,2493403136,4653178880,400039936,2074804224,3810369536,729894912,20,13529907200
1791661450.597,823.912,indexer,1557378403,1241013304,316365098,13103046656,13138227200,1730355200,11061841920,5228933120,26099785728,35,13550051328
1791661450.597,823.912,zebrad,273448667,229293552,44155114,2492612608,4653178880,400039936,2074017792,3810369536,729894912,20,13550051328
1791661451.597,824.913,indexer,1559517485,1242887955,316629529,13117349888,13138227200,1736097792,11070464000,5237555200,26099785728,35,13546254336
1791661451.597,824.913,zebrad,273457186,229301991,44155195,2492612608,4653178880,400039936,2074017792,3810369536,729894912,20,13546254336
1791661452.597,825.913,indexer,1561614249,1244657225,316957023,13131943936,13138227200,1742749696,11078422528,5245513728,26099785728,35,13542891520
1791661452.597,825.913,zebrad,273465475,229310237,44155238,2492612608,4653178880,400039936,2074017792,3810369536,729894912,20,13542891520
1791661453.597,826.913,indexer,1563626305,1246379674,317246630,13146144768,13146198016,1749221376,11086262272,5253357568,26099785728,35,13536948224
1791661453.597,826.913,zebrad,273473588,229315327,44158261,2492612608,4653178880,400039936,2074017792,3810369536,729894912,20,13536948224
1791661454.597,827.913,indexer,1565578943,1248079242,317499701,13094522880,13158944768,1757622272,11027939328,5261467648,26099785728,35,13525843968
1791661454.597,827.913,zebrad,273481605,229322859,44158746,2455126016,4653178880,400039936,2036531200,3810369536,729894912,20,13525843968
1791661455.597,828.913,indexer,1567639065,1249854119,317784946,13109342208,13158944768,1763913728,11036377088,5269905408,26099785728,35,13521559552
1791661455.597,828.913,zebrad,273488889,229330100,44158788,2455126016,4653178880,400039936,2036531200,3810369536,729894912,20,13521559552
1791661456.597,829.913,indexer,1569746182,1251647549,318098633,13124059136,13158944768,1770205184,11044839424,5278375936,26099785728,35,13512376320
1791661456.597,829.913,zebrad,273496217,229335373,44160844,2455126016,4653178880,400039936,2036531200,3810369536,729894912,20,13512376320
1791661457.597,830.913,indexer,1571880168,1253457031,318423136,13138989056,13158944768,1776496640,11053432832,5286961152,26099785728,35,13504442368
1791661457.597,830.913,zebrad,273504171,229341656,44162515,2454867968,4653178880,400039936,2036531200,3810369536,729894912,20,13504442368
1791661458.598,831.913,indexer,1574081758,1255388814,318692943,13159518208,13159522304,1787691008,11062603776,5296136192,26099785728,35,13488689152
1791661458.598,831.913,zebrad,273513311,229350778,44162533,2455126016,4653178880,400039936,2036531200,3810369536,729894912,20,13488689152
1791661459.598,832.913,indexer,1576319378,1257241676,319077702,13175197696,13175197696,1795309568,11070943232,5304471552,26099785728,35,13483163648
1791661459.598,832.913,zebrad,273520370,229357668,44162702,2455117824,4653178880,400044032,2036531200,3810369536,729894912,20,13483163648
1791661460.598,833.913,indexer,1578434755,1259025659,319409095,13188104192,13188112384,1802526720,11076472832,5313146880,26099785728,35,13484183552
1791661460.598,833.913,zebrad,273527844,229363904,44163940,2454065152,4653178880,400044032,2035744768,3810369536,729894912,20,13484183552
1791661461.598,834.914,indexer,1580509773,1260874808,319634964,13026062336,13198864384,1633325056,11083923456,5320601600,26099785728,36,13639270400
1791661461.598,834.914,zebrad,273535579,229370359,44165220,2454327296,4653178880,400044032,2035744768,3810369536,729894912,20,13639270400
1791661462.598,835.914,indexer,1583206085,1263325429,319880656,13034098688,13198864384,1633325056,11092041728,5328715776,26099785728,36,13638168576
1791661462.598,835.914,zebrad,273543605,229376541,44167064,2454327296,4653178880,400044032,2035744768,3810369536,729894912,20,13638168576
1791661463.598,836.914,indexer,1585910203,1265658579,320251623,13109129216,13198864384,1633325056,11164364800,5336276992,26099785728,36,13637406720
1791661463.598,836.914,zebrad,273551055,229383759,44167295,2454327296,4653178880,400044032,2035744768,3810369536,729894912,20,13637406720
1791661464.598,837.914,indexer,1587826380,1267013173,320813206,13059588096,13198864384,1653067776,11092213760,5340909568,26535096320,36,13627236352
1791661464.598,837.914,zebrad,273558673,229390440,44168233,2453565440,4653178880,400044032,2035744768,3810369536,729894912,20,13627236352
1791661465.598,838.914,indexer,1588035590,1267119706,320915884,13058973696,13198864384,1653395456,11092586496,5341282304,26626772992,36,13606248448
1791661465.598,838.914,zebrad,273566079,229394937,44171142,2453585920,4653178880,400044032,2035744768,3810369536,729894912,20,13606248448
1791661466.598,839.914,indexer,1588343693,1267234096,321109596,13103706112,13198864384,1653788672,11135283200,5341757440,26707439616,36,13606277120
1791661466.598,839.914,zebrad,273573021,229400889,44172132,2453835776,4653178880,400044032,2035744768,3810369536,729894912,20,13606277120
1791661467.598,840.914,indexer,1588558730,1267281056,321277674,13104439296,13198864384,1654063104,11135610880,5342085120,26790666240,36,13606014976
1791661467.598,840.914,zebrad,273580342,229407158,44173184,2454093824,4653178880,400044032,2035744768,3810369536,729894912,20,13606014976
1791661468.599,841.914,indexer,1588795741,1267328445,321467295,13107007488,13198864384,1656233984,11136000000,5342474240,26885713920,36,13606080512
1791661468.599,841.914,zebrad,273588346,229413321,44175024,2454089728,4653178880,400044032,2035744768,3810369536,729894912,20,13606080512
1791661469.599,842.914,indexer,1589712145,1268118797,321593348,13107204096,13198864384,1656233984,11136376832,5342851072,27044564992,36,13603737600
1791661469.599,842.914,zebrad,273588346,229413321,44175024,2454089728,4653178880,400044032,2035744768,3810369536,729894912,20,13603737600
1791661471.285,844.601,indexer,1593742380,1271846094,321896285,13125681152,13198864384,1663365120,11147489280,5353951232,27136278528,35,13590257664
1791661471.285,844.601,zebrad,273592096,229416952,44175144,2454089728,4653178880,400044032,2035744768,3810369536,729894912,20,13590257664
1791661472.285,845.601,indexer,1595745828,1273532955,322212873,13140840448,13198864384,1670295552,11155795968,5362257920,27136278528,35,13592256512
1791661472.285,845.601,zebrad,273600735,229425491,44175244,2454089728,4653178880,400044032,2035744768,3810369536,729894912,20,13592256512
1791661473.286,846.601,indexer,1597844242,1275320001,322524240,13156831232,13198864384,1677479936,11164356608,5370818560,27136282624,35,13593034752
1791661473.286,846.601,zebrad,273609115,229433813,44175301,2454089728,4653178880,400044032,2035744768,3810369536,729894912,20,13593034752
1791661474.286,847.601,indexer,1599916924,1277058914,322858009,13171503104,13198864384,1684131840,11172450304,5378912256,27136282624,35,13589745664
1791661474.286,847.601,zebrad,273617555,229442253,44175301,2454089728,4653178880,400044032,2035744768,3810369536,729894912,20,13589745664
1791661475.286,848.601,indexer,1602112281,1278913096,323199185,13187305472,13198864384,1691312128,11180941312,5387403264,27136282624,35,13595205632
1791661475.286,848.601,zebrad,273625183,229449877,44175305,2416852992,4653178880,400044032,1998782464,3810369536,729894912,20,13595205632
1791661476.286,849.602,indexer,1604307867,1280772392,323535475,13135069184,13198864384,1699225600,11122606080,5396008960,27136282624,35,13579956224
1791661476.286,849.602,zebrad,273632720,229456652,44176068,2416607232,4653178880,400044032,1998782464,3810369536,729894912,20,13579956224
1791661477.286,850.602,indexer,1606491167,1282615920,323875246,13150318592,13198864384,1705984000,11131269120,5404672000,27136282624,35,13572632576
1791661477.286,850.602,zebrad,273641547,229463667,44177880,2416603136,4653178880,400044032,1998782464,3810369536,729894912,20,13572632576
1791661478.286,851.602,indexer,1608457743,1284297191,324160551,13164863488,13198864384,1712504832,11138977792,5412380672,27136282624,35,13566595072
1791661478.286,851.602,zebrad,273650441,229469736,44180705,2416865280,4653178880,400044032,1998782464,3810369536,729894912,20,13566595072
1791661479.286,852.602,indexer,1610450714,1286034345,324416368,13179215872,13198864384,1719140352,11146858496,5420261376,27136282624,35,13560270848
1791661479.286,852.602,zebrad,273658153,229475654,44182498,2416865280,4653178880,400044032,1998782464,3810369536,729894912,20,13560270848
1791661480.286,853.602,indexer,1612460431,1287750113,324710318,13194342400,13198864384,1726074880,11155030016,5428432896,27136282624,35,13550989312
1791661480.286,853.602,zebrad,273665947,229483323,44182623,2416865280,4653178880,400044032,1998782464,3810369536,729894912,20,13550989312
1791661481.286,854.602,indexer,1614687503,1289537252,325150250,13204275200,13204275200,1734684672,11156508672,5436207104,27136282624,35,13528240128
1791661481.286,854.602,zebrad,273674754,229491841,44182912,2415292416,4653178880,400044032,1997209600,3810369536,729894912,20,13528240128
1791661482.286,855.602,indexer,1616886749,1291315400,325571349,13113548800,13210566656,1743265792,11060408320,5444063232,27136282624,35,13520846848
1791661482.286,855.602,zebrad,273682228,229498239,44183988,2415292416,4653178880,400044032,1997209600,3810369536,729894912,20,13520846848
1791661483.287,856.602,indexer,1618829714,1292929313,325900401,13129850880,13210566656,1751658496,11068006400,5451661312,27136282624,35,13516476416
1791661483.287,856.602,zebrad,273690180,229506041,44184139,2415292416,4653178880,400044032,1997209600,3810369536,729894912,20,13516476416
1791661484.287,857.602,indexer,1620761763,1294522143,326239620,13146255360,13210566656,1760047104,11075657728,5459312640,27136282624,35,13510807552
1791661484.287,857.602,zebrad,273698676,229513943,44184733,2415554560,4653178880,400044032,1997209600,3810369536,729894912,20,13510807552
1791661485.287,858.602,indexer,1622771990,1296180855,326591135,13159886848,13210566656,1766338560,11083513856,5467172864,27136282624,35,13504679936
1791661485.287,858.602,zebrad,273707059,229522106,44184953,2415554560,4653178880,400044032,1997209600,3810369536,729894912,20,13504679936
1791661486.287,859.603,indexer,1624890776,1297930745,326960031,13176819712,13210566656,1774727168,11091795968,5475450880,27136282624,35,13496496128
1791661486.287,859.603,zebrad,273715320,229530367,44184953,2415550464,4653178880,400044032,1997209600,3810369536,729894912,20,13496496128
1791661487.287,860.603,indexer,1627016624,1299656681,327359942,13191692288,13210566656,1781477376,11099815936,5483470848,27136282624,35,13490638848
1791661487.287,860.603,zebrad,273723254,229538300,44184953,2415550464,4653178880,400044032,1997209600,3810369536,729894912,20,13490638848
1791661488.287,861.603,indexer,1629238624,1301479418,327759206,13208154112,13210566656,1789591552,11108233216,5491888128,27136282624,35,13482680320
1791661488.287,861.603,zebrad,273734464,229548779,44185685,2415546368,4653178880,400044032,1997209600,3810369536,729894912,20,13482680320
1791661489.287,862.603,indexer,1631481521,1303343888,328137633,13224808448,13224808448,1797574656,11116912640,5500567552,27136282624,35,13482364928
1791661489.287,862.603,zebrad,273743475,229557113,44186362,2379104256,4653178880,400044032,1961033728,3810369536,729894912,20,13482364928
1791661490.287,863.603,indexer,1633576301,1305085154,328491147,13172580352,13224808448,1806184448,11057311744,5508825088,27136282624,35,13473902592
1791661490.287,863.603,zebrad,273751178,229562861,44188316,2379309056,4653178880,400044032,1961033728,3810369536,729894912,20,13473902592
1791661491.287,864.603,indexer,1635675022,1306952169,328722852,13009960960,13224808448,1636306944,11064938496,5516451840,27136282624,36,13626400768
1791661491.287,864.603,zebrad,273760154,229571166,44188987,2379309056,4653178880,400044032,1961033728,3810369536,729894912,20,13626400768
1791661492.288,865.603,indexer,1638257736,1309311652,328946083,13017985024,13224808448,1636306944,11072724992,5524238336,27136282624,36,13628448768
1791661492.288,865.603,zebrad,273768120,229579132,44188987,2379309056,4653178880,400044032,1961033728,3810369536,729894912,20,13628448768
1791661493.288,866.603,indexer,1640886511,1311553790,329332721,13248000000,13248004096,1636610048,11295522816,5531897856,27136282624,36,13624995840
1791661493.288,866.603,zebrad,273775439,229585409,44190030,2379309056,4653178880,400044032,1961033728,3810369536,729894912,20,13624995840
1791661494.288,867.603,indexer,1642255603,1312413527,329842075,13242396672,13266247680,1658970112,11263401984,5535416320,27621072896,36,13605953536
1791661494.288,867.603,zebrad,273783566,229592679,44190887,2379304960,4653178880,400044032,1961033728,3810369536,729894912,20,13605953536
1791661495.288,868.604,indexer,1642444086,1312500810,329943276,13242630144,13266247680,1658970112,11263729664,5535744000,27682361344,36,13594918912
1791661495.288,868.604,zebrad,273791218,229599387,44191830,2379300864,4653178880,400044032,1961033728,3810369536,729894912,20,13594918912
1791661496.288,869.604,indexer,1642807463,1312610084,330197379,13165154304,13266247680,1658970112,11187339264,5536309248,27764125696,36,13598978048
1791661496.288,869.604,zebrad,273797773,229604173,44193599,2379300864,4653178880,400044032,1961033728,3810369536,729894912,20,13598978048
1791661497.288,870.604,indexer,1643069866,1312687634,330382231,13166669824,13266247680,1658970112,11188695040,5537665024,27847483392,36,13595914240
1791661497.288,870.604,zebrad,273804978,229611187,44193791,2379280384,4653178880,400044032,1961033728,3810369536,729894912,20,13595914240
1791661498.288,871.604,indexer,1644137876,1313586361,330551515,13166886912,13266247680,1658970112,11189260288,5538230272,27941158912,36,13598375936
1791661498.288,871.604,zebrad,273813371,229619358,44194013,2379292672,4653178880,400044032,1961033728,3810369536,729894912,20,13598375936
1791661499.288,872.604,indexer,1645317590,1314646212,330671377,13169491968,13266247680,1661067264,11189608448,5538578432,28129718272,36,13594615808
1791661499.288,872.604,zebrad,273821200,229627056,44194143,2379300864,4653178880,400044032,1961033728,3810369536,729894912,20,13594615808
1791661500.288,873.604,indexer,1647388672,1316388526,331000146,13184176128,13266247680,1667358720,11197886464,5546860544,28156817408,35,13586038784
1791661500.288,873.604,zebrad,273829865,229635721,44194143,2379300864,4653178880,400044032,1961033728,3810369536,729894912,20,13586038784
1791661501.288,874.604,indexer,1649527189,1318176582,331350606,13200347136,13266247680,1674698752,11206713344,5555683328,28156817408,35,13580308480
1791661501.288,874.604,zebrad,273837351,229641702,44195649,2379304960,4653178880,400044032,1961033728,3810369536,729894912,20,13580308480
1791661502.288,875.604,indexer,1651775974,1320035163,331740811,13217378304,13266247680,1683087360,11215396864,5564366848,28156817408,35,13572214784
1791661502.288,875.604,zebrad,273844483,229648654,44195829,2379575296,4653178880,400044032,1961033728,3810369536,729894912,20,13572214784
1791661503.289,876.604,indexer,1653948637,1321813397,332135240,13234188288,13266247680,1691475968,11223851008,5572820992,28156817408,35,13568372736
1791661503.289,876.604,zebrad,273851484,229655654,44195829,2379575296,4653178880,400044032,1961033728,3810369536,729894912,20,13568372736
1791661504.289,877.604,indexer,1655895102,1323415683,332479419,13143642112,13266247680,1699864576,11127701504,5580599296,28156817408,35,13558648832
1791661504.289,877.604,zebrad,273858607,229660920,44197687,2379575296,4653178880,400044032,1961033728,3810369536,729894912,20,13558648832
1791661505.289,878.604,indexer,1657833633,1325043229,332790403,13157752832,13266247680,1706156032,11135451136,5588348928,28156817408,35,13550063616
1791661505.289,878.604,zebrad,273867194,229669507,44197687,2379571200,4653178880,400044032,1961033728,3810369536,729894912,20,13550063616
1791661506.289,879.605,indexer,1659752794,1326638348,333114446,13173993472,13266247680,1714544640,11143106560,5596008448,28156817408,35,13546418176
1791661506.289,879.605,zebrad,273875006,229677319,44197687,2379304960,4653178880,400044032,1961033728,3810369536,729894912,20,13546418176
1791661507.289,880.605,indexer,1661661982,1328220781,333441200,13187731456,13266247680,1720836096,11150401536,5603299328,28156817408,35,13542858752
1791661507.289,880.605,zebrad,273882906,229684017,44198889,2379300864,4653178880,400044032,1961033728,3810369536,729894912,20,13542858752
1791661508.289,881.605,indexer,1663652510,1329887446,333765063,13202849792,13266247680,1729224704,11157532672,5610430464,28156817408,35,13529620480
1791661508.289,881.605,zebrad,273891826,229689266,44202559,2379296768,4653178880,400044032,1961033728,3810369536,729894912,20,13529620480
1791661509.289,882.605,indexer,1665786710,1331609012,334177697,13216174080,13266247680,1735516160,11164848128,5617750016,28156817408,35,13530976256
1791661509.289,882.605,zebrad,273899572,229695375,44204197,2379550720,4653178880,400044032,1961033728,3810369536,729894912,20,13530976256
1791661510.289,883.605,indexer,1667924104,1333330165,334593939,13232189440,13266247680,1743904768,11172257792,5625454592,28156817408,35,13521887232
1791661510.289,883.605,zebrad,273907273,229702804,44204468,2379550720,4653178880,400044032,1961033728,3810369536,729894912,20,13521887232
1791661511.290,884.605,indexer,1670038177,1335034964,335003213,13247725568,13266247680,1750196224,11181821952,5634719744,28156817408,35,13512753152
1791661511.290,884.605,zebrad,273915050,229709294,44205755,2379550720,4653178880,400044032,1961033728,3810369536,729894912,20,13512753152
1791661512.290,885.605,indexer,1672148191,1336803975,335344216,13161246720,13266247680,1758584832,11088842752,5645795328,28156817408,35,13516132352
1791661512.290,885.605,zebrad,273923066,229715467,44207598,2379550720,4653178880,400044032,1961033728,3810369536,729894912,20,13516132352
1791661513.290,886.605,indexer,1674231510,1338552289,335679221,13178843136,13266247680,1764876288,11100086272,5657042944,28156817408,35,13512511488
1791661513.290,886.605,zebrad,273931780,229723067,44208712,2379546624,4653178880,400044032,1961033728,3810369536,729894912,20,13512511488
1791661514.290,887.606,indexer,1676068388,1340124616,335943771,13195149312,13266247680,1771167744,11110453248,5667405824,28156817408,35,13504196608
1791661514.290,887.606,zebrad,273939581,229727896,44211685,2379546624,4653178880,400044032,1961033728,3810369536,729894912,20,13504196608
1791661515.290,888.606,indexer,1677893306,1341680371,336212934,13212741632,13266247680,1777459200,11121319936,5678272512,28156817408,35,13503991808
1791661515.290,888.606,zebrad,273947915,229736179,44211735,2379300864,4653178880,400044032,1961033728,3810369536,729894912,20,13503991808
1791661516.290,889.606,indexer,1679831874,1343284865,336547008,13227225088,13266247680,1783750656,11129819136,5686775808,28156817408,35,13480329216
1791661516.290,889.606,zebrad,273956198,229744420,44211777,2379300864,4653178880,400044032,1961033728,3810369536,729894912,20,13480329216
1791661517.290,890.606,indexer,1681957774,1345022527,336935246,13244448768,13266247680,1792139264,11138650112,5695610880,28156817408,35,13473923072
1791661517.290,890.606,zebrad,273962633,229750625,44212007,2379325440,4653178880,400044032,1961033728,3810369536,729894912,20,13473923072
1791661518.290,891.606,indexer,1683990982,1346757172,337233809,13159051264,13266247680,1800527872,11045154816,5706178560,28156817408,35,13469515776
1791661518.290,891.606,zebrad,273974391,229762384,44212007,2379583488,4653178880,400044032,1961033728,3810369536,729894912,20,13469515776
1791661519.290,892.606,indexer,1686058977,1348484115,337574861,13176840192,13266247680,1806819328,11056570368,5717594112,28156817408,35,13463465984
1791661519.290,892.606,zebrad,273981723,229768707,44213016,2379579392,4653178880,400048128,1961033728,3810369536,729894912,20,13463465984
1791661520.291,893.606,indexer,1688120622,1350223323,337897298,13196394496,13266247680,1815207936,11068186624,5729210368,28156817408,35,13449408512
1791661520.291,893.606,zebrad,273989423,229775973,44213449,2379579392,4653178880,400048128,1961033728,3810369536,729894912,20,13449408512
1791661521.292,894.607,indexer,1690573466,1352452049,338121416,13033287680,13266247680,1642405888,11077853184,5738876928,28156817408,36,13614518272
1791661521.292,894.607,zebrad,273997056,229783507,44213548,2379317248,4653178880,400048128,1961033728,3810369536,729894912,20,13614518272
1791661522.292,895.607,indexer,1693221755,1354768440,338453315,13108744192,13266247680,1642405888,11151388672,5749407744,28156817408,36,13613498368
1791661522.292,895.607,zebrad,274005712,229792163,44213548,2379051008,4653178880,400048128,1961033728,3810369536,729894912,20,13613498368
1791661523.292,896.608,indexer,1695878502,1356847367,339031135,13235703808,13318991872,1663291392,11252953088,5758812160,28156817408,36,13584621568
1791661523.292,896.608,zebrad,274014233,229798819,44215413,2272350208,4653178880,400048128,1854337024,3810369536,729894912,20,13584621568
1791661524.292,897.608,indexer,1696236819,1356988496,339248323,13237276672,13318991872,1663291392,11254067200,5759926272,28623085568,36,13584097280
1791661524.292,897.608,zebrad,274022062,229805677,44216385,2272096256,4653178880,400048128,1854337024,3810369536,729894912,20,13584097280
1791661525.292,898.608,indexer,1696534123,1357154061,339380062,13238407168,13318991872,1663291392,11255177216,5761036288,28705271808,36,13575110656
1791661525.292,898.608,zebrad,274029066,229811357,44217709,2272350208,4653178880,400048128,1854337024,3810369536,729894912,20,13575110656
1791661526.292,899.608,indexer,1696817299,1357220704,339596594,13267767296,13318991872,1665388544,11280973824,5761638400,28789469184,36,13560201216
1791661526.292,899.608,zebrad,274036260,229817358,44218901,2272346112,4653178880,400048128,1854337024,3810369536,729894912,20,13560201216
1791661527.292,900.608,indexer,1697069032,1357304734,339764298,13268275200,13318991872,1665388544,11281686528,5762351104,28873666560,36,13561819136
1791661527.292,900.608,zebrad,274044019,229824998,44219021,2272346112,4653178880,400048128,1854337024,3810369536,729894912,20,13561819136
1791661528.292,901.608,indexer,1697319227,1357350454,339968772,13269053440,13318991872,1665388544,11282370560,5763035136,28967534592,36,13564174336
1791661528.292,901.608,zebrad,274050599,229830484,44220114,2272092160,4653178880,400048128,1854337024,3810369536,729894912,20,13564174336
1791661529.292,902.608,indexer,1697962891,1357836057,340126833,13270085632,13318991872,1665388544,11283234816,5763899392,29175853056,35,13565730816
1791661529.292,902.608,zebrad,274054290,229834065,44220224,2272354304,4653178880,400048128,1854337024,3810369536,729894912,20,13565730816
1791661530.292,903.608,indexer,1700668568,1360334478,340334089,13286223872,13318991872,1671680000,11293163520,5773828096,29175853056,35,13563269120
1791661530.292,903.608,zebrad,274054359,229834123,44220236,2272354304,4653178880,400048128,1854337024,3810369536,729894912,20,13563269120
1791661531.604,904.919,indexer,1703915718,1363324865,340590853,13306036224,13318991872,1679020032,11305480192,5786144768,29175853056,35,13554270208
1791661531.604,904.919,zebrad,274058408,229837163,44221245,2272612352,4653178880,400048128,1854337024,3810369536,729894912,20,13554270208
1791661532.604,905.919,indexer,1705796434,1364922753,340873681,13322854400,13322899456,1685311488,11316224000,5796888576,29175853056,35,13554470912
1791661532.604,905.919,zebrad,274066453,229843037,44223416,2272612352,4653178880,400048128,1854337024,3810369536,729894912,20,13554470912
1791661533.604,906.920,indexer,1707690280,1366529585,341160694,13233774592,13338324992,1691602944,11223552000,5808140288,29175853056,35,13558636544
1791661533.604,906.920,zebrad,274074151,229850463,44223687,2272608256,4653178880,400048128,1854337024,3810369536,729894912,20,13558636544
1791661534.604,907.920,indexer,1709755376,1368318859,341436517,13252657152,13338324992,1697894400,11236040704,5820628992,29175853056,35,13554790400
1791661534.604,907.920,zebrad,274082086,229858398,44223687,2272624640,4653178880,400048128,1854337024,3810369536,729894912,20,13554790400
1791661535.604,908.920,indexer,1711782186,1370066054,341716132,13273124864,13338324992,1706283008,11248287744,5832876032,29175853056,35,13546283008
1791661535.604,908.920,zebrad,274090684,229864557,44226127,2272624640,4653178880,400048128,1854337024,3810369536,729894912,20,13546283008
1791661536.604,909.920,indexer,1713727620,1371732469,341995151,13291126784,13338324992,1712574464,11260010496,5844598784,29175853056,35,13542211584
1791661536.604,909.920,zebrad,274098361,229871804,44226557,2272624640,4653178880,400048128,1854337024,3810369536,729894912,20,13542211584
1791661537.604,910.920,indexer,1715556748,1373264620,342292127,13307764736,13338324992,1718865920,11270332416,5854920704,29175853056,35,13534093312
1791661537.604,910.920,zebrad,274106324,229878612,44227712,2272624640,4653178880,400048128,1854337024,3810369536,729894912,20,13534093312
1791661538.604,911.920,indexer,1717407495,1374816387,342591107,13325791232,13338324992,1725255680,11281649664,5866242048,29175853056,35,13533966336
1791661538.604,911.920,zebrad,274114235,229886217,44228017,2272374784,4653178880,400048128,1854337024,3810369536,729894912,20,13533966336
1791661539.605,912.920,indexer,1719301050,1376419733,342881316,13343293440,13343301632,1731547136,11292844032,5877432320,29175853056,35,13524967424
1791661539.605,912.920,zebrad,274122633,229894554,44228078,2272374784,4653178880,400048128,1854337024,3810369536,729894912,20,13524967424
1791661540.605,913.920,indexer,1721247710,1378045143,343202567,13254258688,13354819584,1737838592,11200528384,5889159168,29175853056,35,13518340096
1791661540.605,913.920,zebrad,274130581,229902503,44228078,2272374784,4653178880,400048128,1854337024,3810369536,729894912,20,13518340096
1791661541.605,914.920,indexer,1723222347,1379690706,343531641,13272637440,13354819584,1744130048,11212550144,5901176832,29175853056,35,13514240000
1791661541.605,914.920,zebrad,274138917,229910839,44228078,2272370688,4653178880,400048128,1854337024,3810369536,729894912,20,13514240000
1791661542.605,915.921,indexer,1725242623,1381395647,343846975,13290897408,13354819584,1750421504,11224465408,5913092096,29175853056,35,13505388544
1791661542.605,915.921,zebrad,274146646,229916733,44229913,2272366592,4653178880,400048128,1854337024,3810369536,729894912,20,13505388544
1791661543.605,916.921,indexer,1727304100,1383128034,344176066,13311430656,13354819584,1758810112,11236368384,5924995072,29175853056,35,13501206528
1791661543.605,916.921,zebrad,274154724,229924802,44229922,2272628736,4653178880,400048128,1854337024,3810369536,729894912,20,13501206528
1791661544.605,917.921,indexer,1729393243,1384892265,344500977,13332353024,13354819584,1767202816,11249008640,5937635328,29175853056,35,13487091712
1791661544.605,917.921,zebrad,274162752,229932667,44230085,2272362496,4653178880,400048128,1854337024,3810369536,729894912,20,13487091712
1791661545.605,918.921,indexer,1731361940,1386591756,344770183,13350023168,13354819584,1771397120,11262443520,5951070208,29175853056,35,13489610752
1791661545.605,918.921,zebrad,274170396,229940311,44230085,2272362496,4653178880,400048128,1854337024,3810369536,729894912,20,13489610752
1791661546.605,919.921,indexer,1733271506,1388205754,345065751,13263212544,13359542272,1777688576,11172089856,5964713984,29175853056,35,13481394176
1791661546.605,919.921,zebrad,274178663,229947435,44231228,2272358400,4653178880,400048128,1854337024,3810369536,729894912,20,13481394176
1791661547.605,920.921,indexer,1735219345,1389931124,345288220,13282893824,13359542272,1783980032,11185491968,5978116096,29175853056,35,13473636352
1791661547.605,920.921,zebrad,274187521,229954637,44232883,2272350208,4653178880,400048128,1854337024,3810369536,729894912,20,13473636352
1791661548.606,921.921,indexer,1737199358,1391687338,345512019,13304094720,13359542272,1790271488,11200499712,5993123840,29175853056,35,13463916544
1791661548.606,921.921,zebrad,274198049,229963241,44234807,2272542720,4653178880,400048128,1854337024,3810369536,729894912,20,13463916544
1791661549.606,922.921,indexer,1739218300,1393473800,345744500,13323497472,13359542272,1794465792,11215179776,6007803904,29175853056,35,13463818240
1791661549.606,922.921,zebrad,274206007,229971200,44234807,2272796672,4653178880,400048128,1854337024,3810369536,729894912,20,13463818240
1791661550.606,923.921,indexer,1741263049,1395293687,345969362,13344374784,13359542272,1800757248,11229753344,6022377472,29175853056,35,13459959808
1791661550.606,923.921,zebrad,274213986,229979178,44234807,2272792576,4653178880,400048128,1854337024,3810369536,729894912,20,13459959808
1791661551.606,924.922,indexer,1743141293,1396921152,346220141,13259759616,13359542272,1807048704,11139280896,6035898368,29175853056,35,13453156352
1791661551.606,924.922,zebrad,274222468,229987603,44234864,2272792576,4653178880,400048128,1854337024,3810369536,729894912,20,13453156352
1791661552.606,925.922,indexer,1744919187,1398527298,346391888,13276667904,13359542272,1811243008,11151765504,6048378880,29175853056,35,13449732096
1791661552.606,925.922,zebrad,274230857,229994930,44235926,2272538624,4653178880,400048128,1854337024,3810369536,729894912,20,13449732096
1791661553.606,926.922,indexer,1746802195,1400040592,346761602,13292343296,13359542272,1819631616,11159326720,6055940096,29175853056,35,13441241088
1791661553.606,926.922,zebrad,274239200,230000052,44239148,2272542720,4653178880,400048128,1854337024,3810369536,729894912,20,13441241088
1791661554.606,927.922,indexer,1749335721,1402253491,347082230,13126569984,13359542272,1645867008,11167383552,6063996928,29175853056,36,13583765504
1791661554.606,927.922,zebrad,274248482,230008290,44240192,2272538624,4653178880,400048128,1854337024,3810369536,729894912,20,13583765504
1791661555.606,928.922,indexer,1751928879,1404478612,347450266,13149368320,13359542272,1649827840,11185561600,6071726080,29175853056,36,13585367040
1791661555.606,928.922,zebrad,274256733,230015824,44240908,2272534528,4653178880,400048128,1854337024,3810369536,729894912,20,13585367040
1791661556.606,929.922,indexer,1754533209,1406448628,348084581,13334679552,13366153216,1675792384,11337138176,6078554112,29175853056,36,13597081600
1791661556.606,929.922,zebrad,274264643,230020906,44243737,2272296960,4653178880,400048128,1854337024,3810369536,729894912,20,13597081600
1791661557.606,930.922,indexer,1755319629,1406840128,348479500,13345775616,13366153216,1675792384,11348287488,6080229376,29652160512,36,13595078656
1791661557.606,930.922,zebrad,274272482,230028451,44244031,2272559104,4653178880,400048128,1854337024,3810369536,729894912,20,13595078656
1791661558.606,931.922,indexer,1755554417,1406941166,348613251,13348868096,13366153216,1677889536,11348668416,6080610304,29726146560,36,13578436608
1791661558.606,931.922,zebrad,274279630,230035598,44244031,2272559104,4653178880,400048128,1854337024,3810369536,729894912,20,13578436608
1791661559.607,932.922,indexer,1755869318,1406973583,348895734,13343412224,13366153216,1677889536,11342721024,6080995328,29809131520,36,13579603968
1791661559.607,932.922,zebrad,274287563,230043363,44244199,2237956096,4653178880,400048128,1819734016,3810369536,729894912,20,13579603968
1791661560.607,933.922,indexer,1756160711,1407054832,349105878,13343604736,13366153216,1677889536,11343245312,6081519616,29892534272,36,13577465856
1791661560.607,933.922,zebrad,274294738,230050513,44244224,2237956096,4653178880,400048128,1819734016,3810369536,729894912,20,13577465856
1791661561.607,934.922,indexer,1756486490,1407149804,349336685,13344096256,13366153216,1677889536,11343704064,6081978368,29987651584,36,13576773632
1791661561.607,934.922,zebrad,274302731,230058188,44244543,2237956096,4653178880,400048128,1819734016,3810369536,729894912,20,13576773632
1791661562.607,935.923,indexer,1756798624,1407221725,349576899,13347434496,13366153216,1679986688,11345031168,6083305472,30232113152,35,13575307264
1791661562.607,935.923,zebrad,274310376,230064568,44245808,2237952000,4653178880,400048128,1819734016,3810369536,729894912,20,13575307264
1791661563.607,936.923,indexer,1759666792,1409772609,349894182,13361721344,13366153216,1687330816,11351613440,6089887744,30232113152,35,13570531328
1791661563.607,936.923,zebrad,274319139,230071367,44247772,2237952000,4653178880,400048128,1819734016,3810369536,729894912,20,13570531328
1791661564.607,937.923,indexer,1762558441,1412281832,350276608,13374386176,13374427136,1693622272,11358023680,6096297984,30232113152,35,13566259200
1791661564.607,937.923,zebrad,274327233,230077605,44249627,2237952000,4653178880,400048128,1819734016,3810369536,729894912,20,13566259200
1791661565.607,938.923,indexer,1765402530,1414804774,350597755,13282545664,13378084864,1702010880,11260813312,6103121920,30232113152,35,13545168896
1791661565.607,938.923,zebrad,274336026,230084593,44251433,2237952000,4653178880,400048128,1819734016,3810369536,729894912,20,13545168896
1791661566.607,939.923,indexer,1767698422,1416642762,351055659,13299036160,13378084864,1710399488,11268923392,6111223808,30232113152,35,13532618752
1791661566.607,939.923,zebrad,274344311,230090150,44254161,2237952000,4653178880,400048128,1819734016,3810369536,729894912,20,13532618752
1791661567.607,940.923,indexer,1769808421,1418303477,351504943,13315514368,13378084864,1718788096,11276754944,6119071744,30232113152,35,13528449024
1791661567.607,940.923,zebrad,274352330,230094999,44257330,2237952000,4653178880,400048128,1819734016,3810369536,729894912,20,13528449024
1791661568.607,941.923,indexer,1771712383,1419830380,351882002,13329137664,13378084864,1725079552,11284131840,6126432256,30232113152,35,13522497536
1791661568.607,941.923,zebrad,274360937,230102671,44258265,2237952000,4653178880,400048128,1819734016,3810369536,729894912,20,13522497536
1791661569.608,942.923,indexer,1773637045,1421349385,352287659,13344993280,13378084864,1733472256,11291488256,6133792768,30232113152,35,13515460608
1791661569.608,942.923,zebrad,274368456,230109107,44259349,2237714432,4653178880,400048128,1819734016,3810369536,729894912,20,13515460608
1791661570.608,943.923,indexer,1775793657,1423029581,352764076,13363826688,13378084864,1743958016,11299782656,6142083072,30232113152,35,13512974336
1791661570.608,943.923,zebrad,274376074,230116628,44259445,2237972480,4653178880,400048128,1819734016,3810369536,729894912,20,13512974336
1791661571.608,944.923,indexer,1777968513,1424717069,353251443,13380521984,13380538368,1752346624,11308179456,6150479872,30232113152,35,13504008192
1791661571.608,944.923,zebrad,274383589,230123222,44260366,2237972480,4653178880,400048128,1819734016,3810369536,729894912,20,13504008192
1791661572.608,945.924,indexer,1780225992,1426568691,353657300,13291167744,13388054528,1760735232,11213066240,6159278080,30232113152,35,13515886592
1791661572.608,945.924,zebrad,274392111,230130660,44261450,2237972480,4653178880,400048128,1819734016,3810369536,729894912,20,13515886592
1791661573.608,946.924,indexer,1782460667,1428390581,354070086,13309771776,13388054528,1771225088,11221200896,6167412736,30232113152,35,13495373824
1791661573.608,946.924,zebrad,274401669,230140219,44261450,2237972480,4653178880,400048128,1819734016,3810369536,729894912,20,13495373824
1791661574.608,947.924,indexer,1784402976,1429914365,354488611,13325430784,13388054528,1779613696,11228393472,6174605312,30232113152,35,13489487872
1791661574.608,947.924,zebrad,274409240,230147615,44261625,2237972480,4653178880,400048128,1819734016,3810369536,729894912,20,13489487872
1791661575.608,948.924,indexer,1786326504,1431415015,354911488,13338681344,13388054528,1785905152,11235487744,6181703680,30232113152,35,13470715904
1791661575.608,948.924,zebrad,274417360,230155735,44261625,2237972480,4653178880,400048128,1819734016,3810369536,729894912,20,13470715904
1791661576.608,949.924,indexer,1788377642,1433027649,355349993,13354643456,13388054528,1794293760,11242962944,6189178880,30232113152,35,13470859264
1791661576.608,949.924,zebrad,274424889,230161646,44263243,2237972480,4653178880,400048128,1819734016,3810369536,729894912,20,13470859264
1791661577.608,950.924,indexer,1790580555,1434775316,355805239,13373313024,13388054528,1804779520,11250823168,6197035008,30232113152,35,13456257024
1791661577.608,950.924,zebrad,274433440,230170196,44263243,2237972480,4653178880,400048128,1819734016,3810369536,729894912,20,13456257024
1791661578.609,951.924,indexer,1792817666,1436547029,356270636,13389320192,13389320192,1813168128,11258769408,6204985344,30232113152,35,13453955072
1791661578.609,951.924,zebrad,274444892,230179134,44265758,2237972480,4653178880,400048128,1819734016,3810369536,729894912,20,13453955072
1791661579.609,952.924,indexer,1795072994,1438348715,356724279,13298708480,13402157056,1821556736,11162718208,6212866048,30232113152,35,13446516736
1791661579.609,952.924,zebrad,274453739,230186328,44267411,2237968384,4653178880,400048128,1819734016,3810369536,729894912,20,13446516736
1791661580.609,953.924,indexer,1797229235,1440144486,357084749,13138202624,13402157056,1653776384,11170095104,6220238848,30232113152,36,13613129728
1791661580.609,953.924,zebrad,274462230,230193061,44269169,2237968384,4653178880,400048128,1819734016,3810369536,729894912,20,13613129728
1791661581.609,954.925,indexer,1799649883,1442261703,357388180,13146079232,13402157056,1653776384,11177730048,6227873792,30232113152,36,13616234496
1791661581.609,954.925,zebrad,274469488,230199277,44270210,2237964288,4653178880,400048128,1819734016,3810369536,729894912,20,13616234496
1791661582.609,955.925,indexer,1802222334,1444396788,357825546,13314834432,13402157056,1672044544,11324076032,6235009024,30232113152,36,13597425664
1791661582.609,955.925,zebrad,274477917,230207641,44270276,2237960192,4653178880,400048128,1819734016,3810369536,729894912,20,13597425664
1791661583.609,956.925,indexer,1804437793,1445846788,358591004,13327593472,13402157056,1680605184,11322494976,6240215040,30461239296,36,13588418560
1791661583.609,956.925,zebrad,274485949,230214507,44271442,2237952000,4653178880,400048128,1819734016,3810369536,729894912,20,13588418560
1791661584.609,957.925,indexer,1804576413,1445909239,358667174,13329866752,13402157056,1682702336,11322683392,6240403456,30783029248,36,13576863744
1791661584.609,957.925,zebrad,274492901,230220144,44272757,2237952000,4653178880,400048128,1819734016,3810369536,729894912,20,13576863744
1791661585.609,958.925,indexer,1804860516,1446010977,358849538,13330616320,13402157056,1682702336,11323129856,6240849920,30862643200,36,13547175936
1791661585.609,958.925,zebrad,274499697,230226814,44272883,2237952000,4653178880,400048128,1819734016,3810369536,729894912,20,13547175936
1791661586.609,959.925,indexer,1806035372,1447084801,358950570,13350014976,13402157056,1682702336,11341418496,6241136640,30950178816,36,13551333376
1791661586.609,959.925,zebrad,274499697,230226814,44272883,2237952000,4653178880,400048128,1819734016,3810369536,729894912,20,13551333376
1791661587.609,960.925,indexer,1807294420,1448234793,359059627,13350268928,13402157056,1682702336,11341795328,6241513472,31033319424,36,13548101632
1791661587.609,960.925,zebrad,274499876,230226964,44272912,2237460480,4653178880,400048128,1819734016,3810369536,729894912,20,13548101632
1791661588.610,961.925,indexer,1807579570,1448309515,359270055,13350502400,13402157056,1682702336,11342143488,6241861632,31133974528,36,13551026176
1791661588.610,961.925,zebrad,274507612,230234585,44273027,2237722624,4653178880,400048128,1819734016,3810369536,729894912,20,13551026176
1791661589.610,962.925,indexer,1808219128,1448695195,359523933,13354409984,13402157056,1684799488,11344007168,6243725312,31310970880,35,13550923776
1791661589.610,962.925,zebrad,274514641,230241612,44273029,2237984768,4653178880,400048128,1819734016,3810369536,729894912,20,13550923776
1791661590.610,963.925,indexer,1810406302,1450442476,359963826,13371822080,13402157056,1694236672,11351879680,6251597824,31310970880,35,13551304704
1791661590.610,963.925,zebrad,274522685,230248132,44274553,2237984768,4653178880,400048128,1819734016,3810369536,729894912,20,13551304704
1791661591.610,964.926,indexer,1812525274,1452121781,360403492,13315719168,13402157056,1702625280,11289120768,6259011584,31310970880,35,13556498432
1791661591.610,964.926,zebrad,274531373,230256820,44274553,2203901952,4653178880,400048128,1785917440,3810369536,729894912,20,13556498432
1791661592.610,965.926,indexer,1814758648,1453909349,360849299,13331693568,13402157056,1711013888,11296669696,6266560512,31310970880,35,13546819584
1791661592.610,965.926,zebrad,274539406,230263903,44275503,2203901952,4653178880,400048128,1785917440,3810369536,729894912,20,13546819584
1791661593.610,966.926,indexer,1816999591,1455664509,361335082,13346340864,13402157056,1719402496,11304488960,6274379776,31310970880,35,13520232448
1791661593.610,966.926,zebrad,274548295,230271649,44276645,2203897856,4653178880,400048128,1785917440,3810369536,729894912,20,13520232448
1791661594.610,967.926,indexer,1818916657,1457227075,361689582,13359124480,13402157056,1725693952,11311009792,6280900608,31310970880,35,13520580608
1791661594.610,967.926,zebrad,274556917,230280174,44276742,2203410432,4653178880,400048128,1785917440,3810369536,729894912,20,13520580608
1791661595.610,968.926,indexer,1820727153,1458886359,361840794,13375655936,13402157056,1730801664,11322433536,6292324352,31310970880,35,13504012288
1791661595.610,968.926,zebrad,274565382,230288406,44276975,2203664384,4653178880,400048128,1785917440,3810369536,729894912,20,13504012288
1791661596.610,969.926,indexer,1822549814,1460549156,362000657,13390635008,13402157056,1733566464,11334414336,6304305152,31310970880,35,13504102400
1791661596.610,969.926,zebrad,274572948,230294881,44278066,2203930624,4653178880,400048128,1785917440,3810369536,729894912,20,13504102400
1791661597.610,970.926,indexer,1824367581,1462225888,362141692,13407019008,13407019008,1737175040,11347468288,6317359104,31310970880,35,13508337664
1791661597.610,970.926,zebrad,274581132,230302036,44279095,2203930624,4653178880,400048128,1785917440,3810369536,729894912,20,13508337664
1791661598.611,971.926,indexer,1826356397,1464067395,362289002,13354872832,13415530496,1743384576,11290734592,6331011072,31310970880,35,13507182592
1791661598.611,971.926,zebrad,274589609,230309437,44280171,2170372096,4653178880,400048128,1752363008,3810369536,729894912,20,13507182592
1791661599.611,972.926,indexer,1828383650,1465944515,362439134,13372477440,13415530496,1745616896,11306201088,6346477568,31310970880,35,13508333568
1791661599.611,972.926,zebrad,274598259,230318087,44280171,2170368000,4653178880,400048128,1752363008,3810369536,729894912,20,13508333568
1791661600.611,973.926,indexer,1830388997,1467813987,362575010,13392084992,13415530496,1749938176,11321360384,6361636864,31310970880,35,13504909312
1791661600.611,973.926,zebrad,274605869,230325501,44280368,2170363904,4653178880,400048128,1752363008,3810369536,729894912,20,13504909312
1791661601.611,974.927,indexer,1832357927,1469612549,362745377,13410525184,13415530496,1754050560,11335802880,6376079360,31310970880,35,13500715008
1791661601.611,974.927,zebrad,274614486,230334022,44280464,2170363904,4653178880,400048128,1752363008,3810369536,729894912,20,13500715008
1791661602.611,975.927,indexer,1834272136,1471385359,362886776,13428400128,13428400128,1757958144,11349819392,6390108160,31310970880,35,13496963072
1791661602.611,975.927,zebrad,274622582,230342106,44280475,2170363904,4653178880,400048128,1752363008,3810369536,729894912,20,13496963072
1791661603.611,976.927,indexer,1836084348,1473069661,363014686,13445165056,13445169152,1761603584,11362824192,6403100672,31310970880,35,13493284864
1791661603.611,976.927,zebrad,274631876,230350516,44281360,2170363904,4653178880,400048128,1752363008,3810369536,729894912,20,13493284864
1791661604.611,977.927,indexer,1837894996,1474752604,363142391,13388959744,13454684160,1766453248,11303702528,6414798848,31310970880,35,13493497856
1791661604.611,977.927,zebrad,274640475,230357339,44283135,2137067520,4653178880,400048128,1719332864,3810369536,729894912,20,13493497856
1791661605.611,978.927,indexer,1839725077,1476428725,363296351,13403869184,13454684160,1768550400,11316248576,6427344896,31310970880,35,13492830208
1791661605.611,978.927,zebrad,274650121,230366206,44283915,2136801280,4653178880,400048128,1719332864,3810369536,729894912,20,13492830208
1791661606.612,979.927,indexer,1841523469,1478090347,363433122,13415501824,13454684160,1771905024,11324788736,6439292928,31310970880,35,13511704576
1791661606.612,979.927,zebrad,274657230,230372136,44285094,2136539136,4653178880,400048128,1718808576,3810369536,729894912,20,13511704576
1791661607.612,980.927,indexer,1843342479,1479759640,363582839,13430312960,13454684160,1775476736,11336155136,6450659328,31310970880,35,13508100096
1791661607.612,980.927,zebrad,274666302,230381208,44285094,2136514560,4653178880,400048128,1718808576,3810369536,729894912,20,13508100096
1791661608.612,981.927,indexer,1845250645,1481482992,363767653,13447188480,13454684160,1779089408,11349159936,6463664128,31310970880,35,13504270336
1791661608.612,981.927,zebrad,274679614,230393788,44285825,2136526848,4653178880,400048128,1718808576,3810369536,729894912,20,13504270336
1791661609.612,982.928,indexer,1847213712,1483247671,363966040,13463375872,13463375872,1782648832,11361677312,6476181504,31310970880,35,13501390848
1791661609.612,982.928,zebrad,274688101,230401198,44286903,2136522752,4653178880,400048128,1718808576,3810369536,729894912,20,13501390848
1791661610.612,983.928,indexer,1849143628,1484965502,364178126,13477478400,13477490688,1785729024,11372748800,6487330816,31310970880,35,13497507840
1791661610.612,983.928,zebrad,274698126,230411062,44287064,2136784896,4653178880,400048128,1718808576,3810369536,729894912,20,13497507840
1791661611.612,984.928,indexer,1851018825,1486642561,364376263,13491367936,13491367936,1788776448,11383738368,6498242560,31310970880,35,13493661696
1791661611.612,984.928,zebrad,274707074,230420009,44287064,2136780800,4653178880,400048128,1718808576,3810369536,729894912,20,13493661696
1791661612.612,985.928,indexer,1852962313,1488405135,364557178,13502955520,13502967808,1791639552,11392454656,6506958848,31310970880,35,13491073024
1791661612.612,985.928,zebrad,274718551,230431071,44287480,2136776704,4653178880,400048128,1718808576,3810369536,729894912,20,13491073024
1791661613.612,986.928,indexer,1854962259,1490262431,364699827,13509910528,13509914624,1794306048,11396562944,6511067136,31310970880,35,13488308224
1791661613.612,986.928,zebrad,274728077,230439514,44288563,2136776704,4653178880,400048128,1718808576,3810369536,729894912,20,13488308224
1791661614.612,987.928,indexer,1857056819,1492197323,364859495,13410222080,13515128832,1797103616,11296833536,6515400704,31310970880,35,13485850624
1791661614.612,987.928,zebrad,274737926,230449068,44288858,2136772608,4653178880,400048128,1718808576,3810369536,729894912,20,13485850624
1791661615.613,988.928,indexer,1859204691,1494200124,365004567,13419859968,13515128832,1802108928,11301842944,6520410112,31310970880,35,13474168832
1791661615.613,988.928,zebrad,274750389,230457612,44292777,2136772608,4653178880,400048128,1718808576,3810369536,729894912,20,13474168832
1791661616.613,989.928,indexer,1861286512,1496100951,365185560,13427167232,13515128832,1804206080,11306795008,6525362176,31310970880,35,13459329024
1791661616.613,989.928,zebrad,274760999,230467805,44293194,2136772608,4653178880,400048128,1718808576,3810369536,729894912,20,13459329024
1791661617.613,990.928,indexer,1863366641,1497964139,365402501,13435686912,13515128832,1808400384,11311120384,6529687552,31310970880,35,13456666624
1791661617.613,990.928,zebrad,274770439,230477016,44293422,2136772608,4653178880,400048128,1718808576,3810369536,729894912,20,13456666624
1791661618.613,991.929,indexer,1865472515,1499858697,365613818,13442740224,13515128832,1810497536,11316092928,6534660096,31310974976,35,13453176832
1791661618.613,991.929,zebrad,274780567,230486125,44294441,2136772608,4653178880,400048128,1718808576,3810369536,729894912,20,13453176832
1791661619.613,992.929,indexer,1867433599,1501566026,365867573,13452034048,13515128832,1814691840,11321102336,6539669504,31310974976,35,13450776576
1791661619.613,992.929,zebrad,274788480,230492730,44295750,2136772608,4653178880,400048128,1718808576,3810369536,729894912,20,13450776576
1791661620.613,993.929,indexer,1869285387,1503218482,366066904,13460918272,13515128832,1818886144,11325845504,6544412672,31310974976,35,13448433664
1791661620.613,993.929,zebrad,274799292,230501409,44297882,2136506368,4653178880,400048128,1718808576,3810369536,729894912,20,13448433664
1791661621.613,994.929,indexer,1871069156,1504762394,366306761,13470093312,13515128832,1823080448,11330772992,6549340160,31310974976,35,13443694592
1791661621.613,994.929,zebrad,274808455,230510573,44297882,2136489984,4653178880,400048128,1718808576,3810369536,729894912,20,13443694592
1791661622.613,995.929,indexer,1872903469,1506305663,366597806,13478207488,13515128832,1827274752,11334893568,6553460736,31310974976,35,13445627904
1791661622.613,995.929,zebrad,274818363,230519637,44298726,2136748032,4653178880,400048128,1718808576,3810369536,729894912,20,13445627904
1791661623.613,996.929,indexer,1874753102,1507817634,366935468,13486755840,13515128832,1830801408,11339984896,6558552064,31310974976,35,13440479232
1791661623.613,996.929,zebrad,274828355,230529473,44298882,2136748032,4653178880,400048128,1718808576,3810369536,729894912,20,13440479232
1791661624.614,997.929,indexer,1876652531,1509420139,367232391,13321838592,13515128832,1660325888,11345911808,6564478976,31310974976,36,13597642752
1791661624.614,997.929,zebrad,274836701,230537605,44299095,2136748032,4653178880,400048128,1718808576,3810369536,729894912,20,13597642752
1791661625.614,998.929,indexer,1879051459,1511571857,367479601,13328785408,13515128832,1660325888,11352879104,6571446272,31310974976,36,13599399936
1791661625.614,998.929,zebrad,274845582,230544503,44301078,2136748032,4653178880,400048128,1718808576,3810369536,729894912,20,13599399936
1791661626.614,999.930,indexer,1881543441,1513773268,367770173,13334691840,13515128832,1660329984,11358621696,6577188864,31310974976,36,13586112512
1791661626.614,999.930,zebrad,274854673,230552581,44302091,2136748032,4653178880,400048128,1718808576,3810369536,729894912,20,13586112512
1791661627.614,1000.930,indexer,1884079454,1515822113,368257341,13464055808,13515128832,1664761856,11477131264,6582927360,31310974976,36,13580468224
1791661627.614,1000.930,zebrad,274864005,230561540,44302464,2071740416,4653178880,400048128,1654059008,3810369536,729894912,20,13580468224
1791661628.614,1001.930,indexer,1885215301,1516475895,368739406,13414109184,13542191104,1679831040,11410542592,6584729600,31752085504,36,13587832832
1791661628.614,1001.930,zebrad,274872495,230569955,44302539,2071216128,4653178880,400048128,1653534720,3810369536,729894912,20,13587832832
1791661629.614,1002.930,indexer,1885444374,1516612955,368831419,13415088128,13542191104,1680125952,11410849792,6585036800,31822458880,36,13537710080
1791661629.614,1002.930,zebrad,274880226,230576407,44303818,2071478272,4653178880,400048128,1653534720,3810369536,729894912,20,13537710080
1791661630.614,1003.930,indexer,1885762815,1516689346,369073468,13476388864,13542191104,1680441344,11470135296,6585364480,31908392960,36,13522092032
1791661630.614,1003.930,zebrad,274887321,230580320,44307001,2071474176,4653178880,400048128,1653534720,3810369536,729894912,20,13522092032
1791661631.614,1004.930,indexer,1886023663,1516755685,369267978,13402836992,13542191104,1682853888,11396210688,6585708544,31989686272,36,13540581376
1791661631.614,1004.930,zebrad,274894586,230587546,44307040,2039484416,4653178880,400048128,1621815296,3810369536,729894912,20,13540581376
1791661632.614,1005.930,indexer,1886287893,1516794817,369493075,13403054080,13542191104,1682853888,11396505600,6586003456,32084176896,36,13541888000
1791661632.614,1005.930,zebrad,274902709,230595653,44307056,2039742464,4653178880,400048128,1621815296,3810369536,729894912,20,13541888000
1791661633.614,1006.930,indexer,1886565135,1516868840,369696295,13403537408,13542191104,1682853888,11396878336,6586376192,32235671552,36,13539979264
1791661633.614,1006.930,zebrad,274910162,230602873,44307288,2039738368,4653178880,400052224,1621815296,3810369536,729894912,20,13539979264
1791661634.615,1007.930,indexer,1888233487,1518384447,369849040,13411749888,13542191104,1684951040,11402936320,6592430080,32363003904,35,13538152448
1791661634.615,1007.930,zebrad,274913710,230606335,44307375,2039738368,4653178880,400052224,1621815296,3810369536,729894912,20,13538152448
1791661635.615,1008.930,indexer,1890969411,1520958124,370011286,13421252608,13542191104,1689145344,11408384000,6597869568,32363003904,35,13537435648
1791661635.615,1008.930,zebrad,274913710,230606335,44307375,2039738368,4653178880,400052224,1621815296,3810369536,729894912,20,13537435648
1791661637.132,1010.447,indexer,1895148715,1524823069,370325645,13435277312,13542191104,1698582528,11413188608,6606082048,32363008000,35,13573144576
1791661637.132,1010.447,zebrad,274917341,230608863,44308478,2039214080,4653178880,400052224,1621291008,3810369536,729894912,20,13573144576
1791661638.132,1011.448,indexer,1897162848,1526566131,370596716,13448658944,13542191104,1704873984,11419697152,6612590592,32363008000,35,13569970176
1791661638.132,1011.448,zebrad,274929220,230620741,44308478,2039214080,4653178880,400052224,1621291008,3810369536,729894912,20,13569970176
1791661639.132,1012.448,indexer,1899268696,1528304477,370964219,13460123648,13542191104,1709469696,11426750464,6619643904,32363008000,35,13567733760
1791661639.132,1012.448,zebrad,274937513,230626654,44310858,2039214080,4653178880,400052224,1621291008,3810369536,729894912,20,13567733760
1791661640.132,1013.448,indexer,1901381608,1529985326,371396282,13473435648,13542191104,1716260864,11433459712,6626353152,32363008000,35,13558886400
1791661640.132,1013.448,zebrad,274946010,230635151,44310858,2039214080,4653178880,400052224,1621291008,3810369536,729894912,20,13558886400
1791661641.132,1014.448,indexer,1903367634,1531640306,371727328,13486026752,13542191104,1722347520,11439923200,6632816640,32363008000,35,13555412992
1791661641.132,1014.448,zebrad,274955052,230643111,44311940,2039214080,4653178880,400052224,1621291008,3810369536,729894912,20,13555412992
1791661642.132,1015.448,indexer,1905261635,1533193083,372068551,13497823232,13542191104,1728176128,11445952512,6638845952,32363008000,35,13547630592
1791661642.132,1015.448,zebrad,274963359,230649366,44313992,2039214080,4653178880,400052224,1621291008,3810369536,729894912,20,13547630592
1791661643.132,1016.448,indexer,1907139004,1534756447,372382557,13510295552,13542191104,1734381568,11452006400,6644899840,32363008000,35,13541937152
1791661643.132,1016.448,zebrad,274972606,230658254,44314351,2039414784,4653178880,400052224,1621291008,3810369536,729894912,20,13541937152
1791661644.132,1017.448,indexer,1909040835,1536286917,372753917,13522481152,13542191104,1740546048,11457945600,6650839040,32363008000,35,13535432704
1791661644.132,1017.448,zebrad,274980477,230664144,44316332,2039414784,4653178880,400052224,1621291008,3810369536,729894912,20,13535432704
1791661645.133,1018.448,indexer,1911088279,1537954943,373133335,13534707712,13542191104,1746558976,11464036352,6656929792,32363008000,35,13529497600
1791661645.133,1018.448,zebrad,274989628,230672272,44317355,2039562240,4653178880,400052224,1621291008,3810369536,729894912,20,13529497600
1791661646.133,1019.448,indexer,1913095467,1539641376,373454090,13545857024,13545865216,1752080384,11469905920,6662799360,32363008000,35,13523468288
1791661646.133,1019.448,zebrad,274998572,230680065,44318507,2039562240,4653178880,400052224,1621291008,3810369536,729894912,20,13523468288
1791661647.133,1020.448,indexer,1915132675,1541323878,373808796,13537292288,13552336896,1757835264,11455762432,6669103104,32363008000,35,13511045120
1791661647.133,1020.448,zebrad,275007723,230689034,44318688,2036158464,4653178880,400052224,1618145280,3810369536,729894912,20,13511045120
1791661648.133,1021.449,indexer,1917211812,1543041272,374170539,13550325760,13552336896,1764294656,11462430720,6675771392,32363008000,35,13507772416
1791661648.133,1021.449,zebrad,275016460,230696492,44319968,2036166656,4653178880,400052224,1618145280,3810369536,729894912,20,13507772416
1791661649.133,1022.449,indexer,1919329013,1544750581,374578432,13563641856,13563645952,1771220992,11469258752,6682599424,32363008000,35,13502218240
1791661649.133,1022.449,zebrad,275025172,230704090,44321082,2036494336,4653178880,400052224,1618145280,3810369536,729894912,20,13502218240
1791661650.133,1023.449,indexer,1921424902,1546469915,374954987,13576859648,13576880128,1777684480,11475841024,6689181696,32363008000,35,13494784000
1791661650.133,1023.449,zebrad,275034142,230712746,44321396,2036219904,4653178880,400052224,1618145280,3810369536,729894912,20,13494784000
1791661651.133,1024.449,indexer,1923310492,1548040679,375269812,13588787200,13588848640,1783336960,11481812992,6695157760,32363008000,35,13490679808
1791661651.133,1024.449,zebrad,275042546,230721150,44321396,2035949568,4653178880,400052224,1618145280,3810369536,729894912,20,13490679808
1791661652.133,1025.449,indexer,1925131691,1549581563,375550127,13600129024,13600129024,1788841984,11487604736,6700945408,32363008000,35,13484756992
1791661652.133,1025.449,zebrad,275051069,230728850,44322218,2036224000,4653178880,400052224,1618145280,3810369536,729894912,20,13484756992
1791661653.133,1026.449,indexer,1926996906,1551186868,375810037,13506682880,13605871616,1795051520,11390562304,6707748864,32363008000,35,13484236800
1791661653.133,1026.449,zebrad,275059767,230736275,44323491,2036252672,4653178880,400052224,1618145280,3810369536,729894912,20,13484236800
1791661654.134,1027.449,indexer,1929090531,1552963230,376127301,13520384000,13605871616,1801342976,11397951488,6715142144,32363008000,35,13474197504
1791661654.134,1027.449,zebrad,275067924,230744433,44323491,2036252672,4653178880,400052224,1618145280,3810369536,729894912,20,13474197504
1791661655.134,1028.449,indexer,1931183907,1554711356,376472550,13534486528,13605871616,1807634432,11405496320,6722682880,32363008000,35,13471203328
1791661655.134,1028.449,zebrad,275076226,230752668,44323558,2036252672,4653178880,400052224,1618145280,3810369536,729894912,20,13471203328
1791661656.134,1029.450,indexer,1933273930,1556469864,376804066,13548572672,13605871616,1813925888,11413524480,6730715136,32363008000,35,13461819392
1791661656.134,1029.450,zebrad,275083964,230759449,44324515,2036252672,4653178880,400052224,1618145280,3810369536,729894912,20,13461819392
1791661657.134,1030.450,indexer,1935178913,1558062320,377116592,13560254464,13605871616,1818730496,11420618752,6737805312,32363008000,35,13458661376
1791661657.134,1030.450,zebrad,275092624,230766842,44325782,2035970048,4653178880,400052224,1618145280,3810369536,729894912,20,13458661376
1791661658.134,1031.450,indexer,1937019851,1559586661,377433189,13573414912,13605871616,1824329728,11427938304,6745124864,32363008000,35,13453619200
1791661658.134,1031.450,zebrad,275101609,230774669,44326940,2036232192,4653178880,400052224,1618145280,3810369536,729894912,20,13453619200
1791661659.134,1032.450,indexer,1938805933,1561107692,377698240,13586145280,13605871616,1829556224,11435773952,6752960512,32363008000,35,13449531392
1791661659.134,1032.450,zebrad,275109613,230781673,44327939,2036232192,4653178880,400052224,1618145280,3810369536,729894912,20,13449531392
1791661660.134,1033.450,indexer,1940769856,1562645285,378124571,13600231424,13605871616,1836032000,11443023872,6760210432,32363008000,35,13442621440
1791661660.134,1033.450,zebrad,275118659,230788871,44329787,2036228096,4653178880,400052224,1618145280,3810369536,729894912,20,13442621440
1791661661.134,1034.450,indexer,1943026248,1564506056,378520191,13435674624,13605871616,1665024000,11449536512,6766723072,32363008000,36,13600976896
1791661661.134,1034.450,zebrad,275128274,230798392,44329882,2036236288,4653178880,400052224,1618145280,3810369536,729894912,20,13600976896
1791661662.135,1035.450,indexer,1945518994,1566654709,378864284,13442285568,13605871616,1665024000,11456176128,6773366784,32363008000,36,13602623488
1791661662.135,1035.450,zebrad,275136899,230806240,44330659,2035961856,4653178880,400052224,1618145280,3810369536,729894912,20,13602623488
1791661663.135,1036.450,indexer,1948125575,1568874775,379250799,13539835904,13605871616,1665024000,11551277056,6779940864,32363008000,36,13597589504
1791661663.135,1036.450,zebrad,275147195,230815490,44331705,2036224000,4653178880,400052224,1618145280,3810369536,729894912,20,13597589504
1791661664.135,1037.450,indexer,1950265247,1570383922,379881325,13615923200,13658513408,1683488768,11600637952,6786674688,32631463936,36,13577781248
1791661664.135,1037.450,zebrad,275155216,230821344,44333871,1974091776,4653178880,400052224,1556279296,3810369536,729894912,20,13577781248
1791661665.135,1038.451,indexer,1950452800,1570510341,379942459,13616685056,13658513408,1683488768,11600941056,6786977792,32872427520,36,13564977152
1791661665.135,1038.451,zebrad,275164884,230830909,44333975,1974108160,4653178880,400052224,1556279296,3810369536,729894912,20,13564977152
1791661666.135,1039.451,indexer,1950759329,1570683718,380075611,13617180672,13658513408,1683488768,11601580032,6787616768,32956313600,36,13555544064
1791661666.135,1039.451,zebrad,275173073,230837226,44335846,1974108160,4653178880,400052224,1556279296,3810369536,729894912,20,13555544064
1791661667.135,1040.451,indexer,1951057211,1570772088,380285122,13565059072,13658513408,1685585920,11548721152,6788018176,33040252928,36,13548093440
1791661667.135,1040.451,zebrad,275181144,230845290,44335854,1943687168,4653178880,400052224,1526132736,3810369536,729894912,20,13548093440
1791661668.135,1041.451,indexer,1951360321,1570904507,380455813,13565800448,13658513408,1685585920,11549196288,6788493312,33125601280,36,13539426304
1791661668.135,1041.451,zebrad,275192000,230855851,44336149,1944203264,4653178880,400052224,1526132736,3810369536,729894912,20,13539426304
1791661669.135,1042.451,indexer,1951692909,1571035260,380657649,13566038016,13658513408,1685585920,11549650944,6788947968,33222582272,36,13539110912
1791661669.135,1042.451,zebrad,275195508,230859279,44336229,1943937024,4653178880,400052224,1526132736,3810369536,729894912,20,13539110912
1791661670.135,1043.451,indexer,1951971351,1571094438,380876913,13567315968,13658513408,1685585920,11550638080,6789935104,33399271424,36,13540499456
1791661670.135,1043.451,zebrad,275195601,230859356,44336244,1943937024,4653178880,400052224,1526132736,3810369536,729894912,20,13540499456
1791661671.135,1044.451,indexer,1954351760,1573420242,380931518,13574942720,13658513408,1687592960,11556249600,6795534336,33443946496,35,13540712448
1791661671.135,1044.451,zebrad,275195601,230859356,44336244,1943937024,4653178880,400052224,1526132736,3810369536,729894912,20,13540712448
1791661673.298,1046.613,indexer,1960283092,1579271976,381011116,13596307456,13658513408,1696071680,11569283072,6808567808,33443946496,35,13534830592
1791661673.298,1046.613,zebrad,275200351,230863308,44337043,1943928832,4653178880,400052224,1526132736,3810369536,729894912,20,13534830592
1791661674.298,1047.613,indexer,1962227908,1581006143,381221764,13610024960,13658513408,1700179968,11578777600,6818062336,33443946496,35,13536567296
1791661674.298,1047.613,zebrad,275208495,230870268,44338227,1943662592,4653178880,400052224,1526132736,3810369536,729894912,20,13536567296
1791661675.298,1048.614,indexer,1964175151,1582768313,381406837,13621121024,13658513408,1704636416,11585343488,6824628224,33443946496,35,13533876224
1791661675.298,1048.614,zebrad,275216257,230877910,44338346,1943924736,4653178880,400052224,1526132736,3810369536,729894912,20,13533876224
1791661676.298,1049.614,indexer,1966075265,1584432616,381642648,13631946752,13658513408,1709277184,11591610368,6830895104,33443946496,35,13532708864
1791661676.298,1049.614,zebrad,275224076,230882915,44341160,1943658496,4653178880,400052224,1526132736,3810369536,729894912,20,13532708864
1791661677.298,1050.614,indexer,1968001851,1586151462,381850389,13642989568,13658513408,1713766400,11598155776,6837440512,33443946496,35,13530288128
1791661677.298,1050.614,zebrad,275233041,230891048,44341992,1943658496,4653178880,400052224,1526132736,3810369536,729894912,20,13530288128
1791661678.298,1051.614,indexer,1969891088,1587770569,382120518,13656211456,13658513408,1719627776,11605483520,6844768256,33443946496,35,13528240128
1791661678.298,1051.614,zebrad,275242077,230899241,44342835,1943658496,4653178880,400052224,1526132736,3810369536,729894912,20,13528240128
1791661679.298,1052.614,indexer,1971831950,1589456780,382375169,13667921920,13667971072,1725022208,11611901952,6851186688,33443946496,35,13526355968
1791661679.298,1052.614,zebrad,275250449,230906554,44343894,1944162304,4653178880,400052224,1526132736,3810369536,729894912,20,13526355968
1791661680.298,1053.614,indexer,1973719153,1591101924,382617229,13679042560,13679042560,1729908736,11617501184,6857113600,33443946496,35,13523099648
1791661680.298,1053.614,zebrad,275258586,230912829,44345757,1944420352,4653178880,400052224,1526132736,3810369536,729894912,20,13523099648
1791661681.299,1054.614,indexer,1975661031,1592716388,382944642,13615992832,13679771648,1736966144,11550003200,6863691776,33443946496,35,13516189696
1791661681.299,1054.614,zebrad,275266468,230919731,44346737,1914789888,4653178880,400052224,1496510464,3810369536,729894912,20,13516189696
1791661682.299,1055.614,indexer,1977531469,1594350820,383180648,13626847232,13679771648,1741160448,11556405248,6870138880,33443946496,35,13512626176
1791661682.299,1055.614,zebrad,275275520,230926773,44348747,1914777600,4653178880,400052224,1496510464,3810369536,729894912,20,13512626176
1791661683.299,1056.614,indexer,1979443333,1596068044,383375288,13638037504,13679771648,1745354752,11563298816,6876987392,33443946496,35,13509230592
1791661683.299,1056.614,zebrad,275283185,230934172,44349012,1914507264,4653178880,400052224,1496510464,3810369536,729894912,20,13509230592
1791661684.299,1057.615,indexer,1981409403,1597812995,383596408,13650546688,13679771648,1751646208,11569754112,6883442688,33443946496,35,13505097728
1791661684.299,1057.615,zebrad,275291723,230939296,44352427,1914503168,4653178880,400052224,1496510464,3810369536,729894912,20,13505097728
1791661685.299,1058.615,indexer,1983354540,1599552032,383802508,13660594176,13679771648,1754832896,11576647680,6890332160,33443946496,35,13500362752
1791661685.299,1058.615,zebrad,275300023,230947551,44352471,1914765312,4653178880,400052224,1496510464,3810369536,729894912,20,13500362752
1791661686.299,1059.615,indexer,1985382383,1601393940,383988443,13672153088,13679771648,1759731712,11583246336,6896930816,33443946496,35,13494296576
1791661686.299,1059.615,zebrad,275308400,230955929,44352471,1914765312,4653178880,400052224,1496510464,3810369536,729894912,20,13494296576
1791661687.299,1060.615,indexer,1987322112,1603157149,384164963,13682544640,13682544640,1764278272,11589251072,6902939648,33443946496,35,13490094080
1791661687.299,1060.615,zebrad,275316392,230961701,44354691,1914523648,4653178880,400052224,1496510464,3810369536,729894912,20,13490094080
1791661688.299,1061.615,indexer,1989420834,1605025411,384395422,13695000576,13695000576,1769529344,11596152832,6909837312,33443946496,35,13501337600
1791661688.299,1061.615,zebrad,275325402,230970710,44354691,1914523648,4653178880,400052224,1496510464,3810369536,729894912,20,13501337600
1791661689.299,1062.615,indexer,1991469677,1606861428,384608248,13706457088,13706457088,1774555136,11602714624,6916403200,33443946496,35,13495218176
1791661689.299,1062.615,zebrad,275334076,230978441,44355634,1914523648,4653178880,400052224,1496510464,3810369536,729894912,20,13495218176
1791661690.299,1063.615,indexer,1993566904,1608702925,384863979,13718163456,13718167552,1779609600,11609284608,6922973184,33443946496,35,13490249728
1791661690.299,1063.615,zebrad,275342393,230985708,44356685,1914523648,4653178880,400052224,1496510464,3810369536,729894912,20,13490249728
1791661691.299,1064.615,indexer,1995675254,1610582621,385092632,13624283136,13727535104,1784553472,11512025088,6929707008,33443946496,35,13487845376
1791661691.299,1064.615,zebrad,275351094,230991614,44359479,1914781696,4653178880,400052224,1496510464,3810369536,729894912,20,13487845376
1791661692.300,1065.615,indexer,1997718520,1612381378,385337141,13638320128,13727535104,1791496192,11519008768,6936690688,33443946496,35,13479124992
1791661692.300,1065.615,zebrad,275359042,230998410,44360632,1914777600,4653178880,400052224,1496510464,3810369536,729894912,20,13479124992
1791661693.300,1066.615,indexer,1999739682,1614021383,385718299,13655388160,13727535104,1797787648,11529670656,6947352576,33443946496,35,13474336768
1791661693.300,1066.615,zebrad,275367562,231005847,44361715,1914257408,4653178880,400052224,1496510464,3810369536,729894912,20,13474336768
1791661694.300,1067.615,indexer,2001630404,1615544471,386085932,13671772160,13727535104,1802022912,11541565440,6959247360,33443946496,35,13470875648
1791661694.300,1067.615,zebrad,275376378,231012852,44363525,1914519552,4653178880,400052224,1496510464,3810369536,729894912,20,13470875648
1791661695.300,1068.616,indexer,2003763845,1617235931,386527913,13687304192,13727535104,1809199104,11550007296,6967689216,33443946496,35,13464412160
1791661695.300,1068.616,zebrad,275385590,231021354,44364235,1914515456,4653178880,400052224,1496510464,3810369536,729894912,20,13464412160
1791661696.300,1069.616,indexer,2005854380,1619079826,386774553,13699698688,13727535104,1814564864,11557171200,6974853120,33443946496,35,13460496384
1791661696.300,1069.616,zebrad,275394228,231028568,44365660,1914515456,4653178880,400052224,1496510464,3810369536,729894912,20,13460496384
1791661697.300,1070.616,indexer,2007835684,1620632729,387202954,13714362368,13727535104,1821372416,11565076480,6982758400,33443946496,35,13452677120
1791661697.300,1070.616,zebrad,275403773,231038112,44365660,1914511360,4653178880,400052224,1496510464,3810369536,729894912,20,13452677120
1791661698.300,1071.616,indexer,2009750931,1622162933,387587997,13729325056,13729341440,1828114432,11573284864,6990970880,33443946496,35,13448093696
1791661698.300,1071.616,zebrad,275416031,231049410,44366621,1914507264,4653178880,400052224,1496510464,3810369536,729894912,20,13448093696
1791661699.300,1072.616,indexer,2011650592,1623705898,387944693,13641580544,13731147776,1835581440,11477721088,6999474176,33443946496,35,13443190784
1791661699.300,1072.616,zebrad,275424371,231057699,44366672,1914507264,4653178880,400052224,1496510464,3810369536,729894912,20,13443190784
1791661700.300,1073.616,indexer,2013787971,1625420246,388367724,13483257856,13731147776,1669070848,11486425088,7008178176,33443946496,36,13589635072
1791661700.300,1073.616,zebrad,275432243,231061907,44370336,1914507264,4653178880,400052224,1496510464,3810369536,729894912,20,13589635072
1791661701.300,1074.616,indexer,2016439348,1627778999,388660348,13492002816,13731147776,1669070848,11495088128,7016841216,33443946496,36,13592100864
1791661701.300,1074.616,zebrad,275439823,231069235,44370588,1914507264,4653178880,400052224,1496510464,3810369536,729894912,20,13592100864
1791661702.301,1075.616,indexer,2019095213,1630022199,389073013,13547986944,13731147776,1669070848,11549913088,7024893952,33443946496,36,13592666112
1791661702.301,1075.616,zebrad,275448013,231077236,44370776,1914503168,4653178880,400052224,1496510464,3810369536,729894912,20,13592666112
1791661703.301,1076.616,indexer,2021584726,1631960330,389624395,13695041536,13748887552,1693077504,11668537344,7035748352,33443946496,36,13578174464
1791661703.301,1076.616,zebrad,275456639,231085862,44370776,1885401088,4653178880,400052224,1467412480,3810369536,729894912,20,13578174464
1791661704.301,1077.616,indexer,2022654216,1632581759,390072456,13706727424,13775486976,1695174656,11676405760,7038390272,33953112064,36,13560487936
1791661704.301,1077.616,zebrad,275464495,231091965,44372529,1856294912,4653178880,400052224,1438576640,3810369536,729894912,20,13560487936
1791661705.301,1078.617,indexer,2022839373,1632690275,390149098,13707202560,13775486976,1695174656,11676729344,7038713856,34015735808,36,13541605376
1791661705.301,1078.617,zebrad,275471711,231098827,44372884,1856294912,4653178880,400052224,1438576640,3810369536,729894912,20,13541605376
1791661706.301,1079.617,indexer,2023136166,1632755409,390380756,13650640896,13775486976,1695174656,11621822464,7039168512,34098126848,36,13563101184
1791661706.301,1079.617,zebrad,275478344,231105199,44373145,1856294912,4653178880,400052224,1438576640,3810369536,729894912,20,13563101184
1791661707.301,1080.617,indexer,2023391001,1632825161,390565839,13653319680,13775486976,1697271808,11622289408,7039635456,34182766592,36,13550276608
1791661707.301,1080.617,zebrad,275486064,231111965,44374099,1856557056,4653178880,400052224,1438576640,3810369536,729894912,20,13550276608
1791661708.301,1081.617,indexer,2023732713,1632920065,390812648,13653811200,13775486976,1697275904,11622748160,7040094208,34276691968,36,13548941312
1791661708.301,1081.617,zebrad,275494032,231119619,44374413,1856819200,4653178880,400052224,1438576640,3810369536,729894912,20,13548941312
1791661709.301,1082.617,indexer,2023989043,1632981861,391007182,13655121920,13775486976,1697275904,11623706624,7041052672,34402226176,36,13552689152
1791661709.301,1082.617,zebrad,275494032,231119619,44374413,1856819200,4653178880,400052224,1438576640,3810369536,729894912,20,13552689152
1791661710.301,1083.617,indexer,2025331919,1634023199,391308719,13662584832,13775486976,1699373056,11629203456,7046537216,34552848384,35,13550592000
1791661710.301,1083.617,zebrad,275494108,231119683,44374425,1856577536,4653178880,400052224,1438576640,3810369536,729894912,20,13550592000
1791661711.302,1084.617,indexer,2028117570,1636433367,391684203,13677191168,13775486976,1706713088,11636649984,7053987840,34552848384,35,13541781504
1791661711.302,1084.617,zebrad,275494108,231119683,44374425,1856577536,4653178880,400052224,1438576640,3810369536,729894912,20,13541781504
1791661712.783,1086.099,indexer,2031974722,1639853984,392120737,13700509696,13775486976,1717198848,11649101824,7066435584,34552852480,35,13531377664
1791661712.783,1086.099,zebrad,275498237,231122951,44375285,1856573440,4653178880,400052224,1438576640,3810369536,729894912,20,13531377664
1791661713.783,1087.099,indexer,2034092115,1641578510,392513605,13718618112,13775486976,1725587456,11658969088,7076306944,34552852480,35,13524996096
1791661713.783,1087.099,zebrad,275505595,231128572,44377022,1856569344,4653178880,400052224,1438576640,3810369536,729894912,20,13524996096
1791661714.783,1088.099,indexer,2036003961,1643104504,392899456,13734191104,13775486976,1731878912,11668205568,7085539328,34552852480,35,13520539648
1791661714.783,1088.099,zebrad,275514410,231135577,44378833,1856827392,4653178880,400052224,1438576640,3810369536,729894912,20,13520539648
1791661715.783,1089.099,indexer,2037839729,1644678832,393160897,13748682752,13775486976,1738170368,11676286976,7093620736,34552852480,35,13512093696
1791661715.783,1089.099,zebrad,275522719,231143886,44378833,1856819200,4653178880,400052224,1438576640,3810369536,729894912,20,13512093696
1791661716.783,1090.099,indexer,2039550429,1646281748,393268681,13760135168,13775486976,1742364672,11683532800,7100866560,34552852480,35,13512101888
1791661716.783,1090.099,zebrad,275529955,231150523,44379432,1856811008,4653178880,400052224,1438576640,3810369536,729894912,20,13512101888
1791661717.784,1091.099,indexer,2041513871,1648034149,393479722,13665288192,13775486976,1746558976,11587448832,7108812800,34552852480,35,13521477632
1791661717.784,1091.099,zebrad,275537920,231156976,44380944,1856303104,4653178880,400052224,1438576640,3810369536,729894912,20,13521477632
1791661718.784,1092.099,indexer,2043349554,1649670273,393679281,13676580864,13775486976,1750773760,11594448896,7115812864,34552852480,35,13501009920
1791661718.784,1092.099,zebrad,275546820,231164213,44382606,1856561152,4653178880,400052224,1438576640,3810369536,729894912,20,13501009920
1791661719.784,1093.099,indexer,2045090076,1651272152,393817924,13688553472,13775486976,1754968064,11601956864,7123320832,34552852480,35,13500440576
1791661719.784,1093.099,zebrad,275554250,231171416,44382834,1856561152,4653178880,400052224,1438576640,3810369536,729894912,20,13500440576
1791661720.784,1094.100,indexer,2047105642,1652931775,394173867,13705764864,13775486976,1763356672,11610972160,7132336128,34552852480,35,13494194176
1791661720.784,1094.100,zebrad,275560989,231177716,44383273,1855811584,4653178880,400052224,1438576640,3810369536,729894912,20,13494194176
1791661721.784,1095.100,indexer,2049243595,1654686615,394556979,13723467776,13775486976,1771745280,11620315136,7141679104,34552852480,35,13490368512
1791661721.784,1095.100,zebrad,275568116,231184502,44383613,1856593920,4653178880,400052224,1438576640,3810369536,729894912,20,13490368512
1791661722.784,1096.100,indexer,2051281984,1656385186,394896798,13743206400,13775486976,1780133888,11631546368,7152910336,34552852480,35,13486034944
1791661722.784,1096.100,zebrad,275575878,231190980,44384897,1856323584,4653178880,400052224,1438576640,3810369536,729894912,20,13486034944
1791661723.784,1097.100,indexer,2053026803,1657880465,395146337,13654941696,13775486976,1784328192,11542474752,7167717376,34552852480,35,13479686144
1791661723.784,1097.100,zebrad,275583410,231196748,44386662,1856319488,4653178880,400052224,1438576640,3810369536,729894912,20,13479686144
1791661724.784,1098.100,indexer,2054680701,1659321605,395359096,13673984000,13775486976,1788522496,11556700160,7181942784,34552852480,35,13473882112
1791661724.784,1098.100,zebrad,275591698,231201628,44390070,1856327680,4653178880,400052224,1438576640,3810369536,729894912,20,13473882112
1791661725.784,1099.100,indexer,2056639816,1660942742,395697073,13692276736,13775486976,1794813952,11569135616,7194378240,34552852480,35,13467906048
1791661725.784,1099.100,zebrad,275599889,231208789,44391100,1856319488,4653178880,400052224,1438576640,3810369536,729894912,20,13467906048
1791661726.785,1100.100,indexer,2058385399,1662461054,395924344,13710635008,13775486976,1801125888,11580813312,7206055936,34552852480,35,13472026624
1791661726.785,1100.100,zebrad,275608613,231217076,44391536,1856319488,4653178880,400052224,1438576640,3810369536,729894912,20,13472026624
1791661727.785,1101.100,indexer,2060058888,1663911903,396146985,13727883264,13775486976,1805320192,11593977856,7219224576,34552852480,35,13469827072
1791661727.785,1101.100,zebrad,275619068,231226621,44392446,1856581632,4653178880,400052224,1438576640,3810369536,729894912,20,13469827072
1791661728.785,1102.100,indexer,2061794865,1665348813,396446052,13742952448,13775486976,1811611648,11603116032,7231766528,34552852480,35,13450911744
1791661728.785,1102.100,zebrad,275627419,231233398,44394020,1856057344,4653178880,400052224,1438052352,3810369536,729894912,20,13450911744
1791661729.785,1103.101,indexer,2063476021,1666779245,396696775,13761085440,13775486976,1815191552,11617812480,7246471168,34552852480,35,13451083776
1791661729.785,1103.101,zebrad,275634930,231239827,44395102,1856057344,4653178880,400052224,1438052352,3810369536,729894912,20,13451083776
1791661730.785,1104.101,indexer,2065183957,1668216580,396967377,13778505728,13778546688,1820237824,11630129152,7258779648,34552852480,35,13451517952
1791661730.785,1104.101,zebrad,275643586,231248381,44395204,1856057344,4653178880,400052224,1438052352,3810369536,729894912,20,13451517952
1791661731.785,1105.101,indexer,2066965735,1669727089,397238646,13694025728,13787594752,1826291712,11540197376,7272931328,34552852480,35,13448560640
1791661731.785,1105.101,zebrad,275651561,231256203,44395358,1855791104,4653178880,400052224,1438052352,3810369536,729894912,20,13448560640
1791661732.785,1106.101,indexer,2068832409,1671292882,397539527,13713940480,13787594752,1832583168,11553345536,7286079488,34552852480,35,13439897600
1791661732.785,1106.101,zebrad,275659459,231263798,44395661,1856049152,4653178880,400052224,1438052352,3810369536,729894912,20,13439897600
1791661733.785,1107.101,indexer,2070795118,1672908555,397886563,13731213312,13787594752,1839095808,11564384256,7297118208,34552852480,35,13435490304
1791661733.785,1107.101,zebrad,275667112,231271450,44395661,1856045056,4653178880,400052224,1438052352,3810369536,729894912,20,13435490304
1791661734.785,1108.101,indexer,2072911035,1674681790,398229245,13573173248,13787594752,1671925760,11573624832,7306358784,34552852480,36,13590978560
1791661734.785,1108.101,zebrad,275674692,231277836,44396856,1856045056,4653178880,400052224,1438052352,3810369536,729894912,20,13590978560
1791661735.786,1109.101,indexer,2075381158,1676849325,398531833,13585506304,13787594752,1671933952,11585925120,7318663168,34552852480,36,13593985024
1791661735.786,1109.101,zebrad,275683460,231286483,44396976,1856040960,4653178880,400052224,1438052352,3810369536,729894912,20,13593985024
1791661736.786,1110.101,indexer,2077901094,1679077677,398823417,13620236288,13787594752,1678991360,11613327360,7331160064,34552852480,36,13589467136
1791661736.786,1110.101,zebrad,275691689,231294518,44397171,1856036864,4653178880,400052224,1438052352,3810369536,729894912,20,13589467136
1791661737.786,1111.101,indexer,2080253395,1680951601,399301793,13732921344,13787848704,1697198080,11703648256,7352242176,34552852480,36,13577814016
1791661737.786,1111.101,zebrad,275699915,231301709,44398206,1855770624,4653178880,400052224,1438052352,3810369536,729894912,20,13577814016
1791661738.786,1112.102,indexer,2082437980,1682592058,399845922,13785812992,13787848704,1703489536,11749806080,7382036480,34552852480,36,13573074944
1791661738.786,1112.102,zebrad,275708275,231309853,44398422,1855528960,4653178880,400052224,1438052352,3810369536,729894912,20,13573074944
1791661739.786,1113.102,indexer,2084736147,1684120439,400615707,13758304256,13788979200,1713074176,11711766528,7398744064,34610593792,36,13546532864
1791661739.786,1113.102,zebrad,275715562,231315932,44399629,1827479552,4653178880,400052224,1409740800,3810369536,729894912,20,13546532864
1791661740.786,1114.102,indexer,2084943896,1684236076,400707819,13760892928,13788979200,1715286016,11712376832,7399354368,35165515776,36,13541289984
1791661740.786,1114.102,zebrad,275722686,231321357,44401329,1827475456,4653178880,400052224,1409740800,3810369536,729894912,20,13541289984
1791661741.786,1115.102,indexer,2085133124,1684342056,400791067,13761896448,13788979200,1715286016,11712892928,7399870464,35237474304,36,13529911296
1791661741.786,1115.102,zebrad,275730387,231326943,44403444,1827471360,4653178880,400052224,1409740800,3810369536,729894912,20,13529911296
1791661742.786,1116.102,indexer,2085386980,1684486855,400900125,13769711616,13788979200,1715286016,11720384512,7400419328,35319783424,36,13527867392
1791661742.786,1116.102,zebrad,275738163,231334597,44403566,1827504128,4653178880,400052224,1409740800,3810369536,729894912,20,13527867392
1791661743.786,1117.102,indexer,2085614540,1684533403,401081137,13769678848,13788979200,1715286016,11720876032,7400910848,35404840960,36,13528375296
1791661743.786,1117.102,zebrad,275745713,231341900,44403813,1827495936,4653178880,400052224,1409740800,3810369536,729894912,20,13528375296
1791661744.786,1118.102,indexer,2085910108,1684599129,401310978,13770452992,13788979200,1715286016,11721617408,7401652224,35494760448,36,13529079808
1791661744.786,1118.102,zebrad,275753892,231350054,44403838,1827758080,4653178880,400052224,1409740800,3810369536,729894912,20,13529079808
1791661745.786,1119.102,indexer,2086118302,1684616925,401501377,13773299712,13788979200,1717383168,11722092544,7402127360,35602075648,36,13533429760
1791661745.786,1119.102,zebrad,275760458,231356531,44403926,1827491840,4653178880,400052224,1409740800,3810369536,729894912,20,13533429760
1791661746.787,1120.102,indexer,2086713865,1684993635,401720230,13776236544,13788979200,1717383168,11724836864,7404875776,35754573824,35,13538623488
1791661746.787,1120.102,zebrad,275768647,231362688,44405959,1827491840,4653178880,400052224,1409740800,3810369536,729894912,20,13538623488
1791661747.787,1121.102,indexer,2088889953,1686777956,402111997,13717827584,13793959936,1725771776,11658547200,7414386688,35754573824,35,13527212032
1791661747.787,1121.102,zebrad,275775130,231368577,44406552,1799442432,4653178880,400052224,1381691392,3810369536,729894912,20,13527212032
1791661748.787,1122.102,indexer,2091484999,1689309998,402175000,13736710144,13793959936,1729966080,11673145344,7428993024,35754573824,35,13522976768
1791661748.787,1122.102,zebrad,275775421,231368822,44406599,1799442432,4653178880,400052224,1381691392,3810369536,729894912,20,13522976768
1791661749.787,1123.102,indexer,2094197987,1691814864,402383122,13754077184,13793959936,1737359360,11682873344,7438712832,35754573824,35,13501329408
1791661749.787,1123.102,zebrad,275775449,231368846,44406603,1799442432,4653178880,400052224,1381691392,3810369536,729894912,20,13501329408
1791661750.787,1124.103,indexer,2096337818,1693666906,402670911,13769228288,13793959936,1743650816,11691814912,7447654400,35754573824,35,13504040960
1791661750.787,1124.103,zebrad,275782850,231376246,44406603,1799442432,4653178880,400052224,1381691392,3810369536,729894912,20,13504040960
1791661751.787,1125.103,indexer,2098418100,1695351048,403067052,13786439680,13793959936,1751273472,11701334016,7457173504,35754573824,35,13497536512
1791661751.787,1125.103,zebrad,275790206,231383487,44406719,1799176192,4653178880,400052224,1381691392,3810369536,729894912,20,13497536512
1791661752.787,1126.103,indexer,2100474385,1697041102,403433282,13803905024,13803905024,1759408128,11710455808,7466295296,35754573824,35,13489897472
1791661752.787,1126.103,zebrad,275797986,231389462,44408524,1799176192,4653178880,400052224,1381691392,3810369536,729894912,20,13489897472
1791661753.787,1127.103,indexer,2102519873,1698757353,403762519,13824200704,13824200704,1766670336,11723427840,7479267328,35754573824,35,13487120384
1791661753.787,1127.103,zebrad,275805510,231396063,44409446,1799438336,4653178880,400052224,1381691392,3810369536,729894912,20,13487120384
1791661754.787,1128.103,indexer,2104438016,1700406646,404031370,13768232960,13828386816,1773047808,11661393920,7493582848,35754573824,35,13485535232
1791661754.787,1128.103,zebrad,275813035,231403507,44409528,1771913216,4653178880,400052224,1354166272,3810369536,729894912,20,13485535232
1791661755.787,1129.103,indexer,2106471768,1702075572,404396196,13786529792,13828386816,1780592640,11672199168,7504388096,35754573824,35,13473218560
1791661755.787,1129.103,zebrad,275820304,231407888,44412415,1771913216,4653178880,400052224,1354166272,3810369536,729894912,20,13473218560
1791661756.787,1130.103,indexer,2108639390,1703826641,404812748,13804576768,13828386816,1788817408,11682062336,7514251264,35754573824,35,13469261824
1791661756.787,1130.103,zebrad,275828590,231416132,44412457,1771913216,4653178880,400052224,1354166272,3810369536,729894912,20,13469261824
1791661757.788,1131.103,indexer,2110771664,1705820288,404951376,13816582144,13828386816,1793490944,11689320448,7521509376,35754573824,35,13465210880
1791661757.788,1131.103,zebrad,275838439,231424004,44414434,1771655168,4653178880,400052224,1354166272,3810369536,729894912,20,13465210880
1791661758.788,1132.103,indexer,2112772831,1707669729,405103102,13828087808,13828386816,1798139904,11695972352,7528161280,35754573824,35,13459968000
1791661758.788,1132.103,zebrad,275845610,231431176,44414434,1771655168,4653178880,400060416,1354166272,3810369536,729894912,20,13459968000
1791661759.788,1133.103,indexer,2114811424,1709346637,405464786,13843456000,13843460096,1805492224,11704057856,7536250880,35754573824,35,13453529088
1791661759.788,1133.103,zebrad,275852819,231437650,44415169,1771663360,4653178880,400060416,1354166272,3810369536,729894912,20,13453529088
1791661760.788,1134.104,indexer,2116579221,1710858815,405720405,13756694528,13858144256,1811480576,11613065216,7549116416,35754573824,35,13447991296
1791661760.788,1134.104,zebrad,275860295,231444729,44415565,1771921408,4653178880,400060416,1354166272,3810369536,729894912,20,13447991296
1791661761.788,1135.104,indexer,2118363639,1712386735,405976903,13778317312,13858144256,1819152384,11627560960,7563616256,35754573824,35,13423796224
1791661761.788,1135.104,zebrad,275868025,231451503,44416521,1771921408,4653178880,400060416,1354166272,3810369536,729894912,20,13423796224
1791661762.788,1136.104,indexer,2120355074,1714007419,406347654,13796323328,13858144256,1825443840,11638906880,7574958080,35754573824,35,13418692608
1791661762.788,1136.104,zebrad,275876576,231457964,44418611,1771671552,4653178880,400060416,1354166272,3810369536,729894912,20,13418692608
1791661763.788,1137.104,indexer,2122334492,1715657648,406676844,13814263808,13858144256,1831550976,11651149824,7587205120,35754573824,35,13410783232
1791661763.788,1137.104,zebrad,275884991,231466154,44418836,1771671552,4653178880,400060416,1354166272,3810369536,729894912,20,13410783232
1791661764.788,1138.104,indexer,2124145391,1717175331,406970060,13832658944,13858144256,1837809664,11662815232,7598866432,35754573824,35,13408591872
1791661764.788,1138.104,zebrad,275892699,231473590,44419108,1771917312,4653178880,400060416,1354166272,3810369536,729894912,20,13408591872
1791661765.788,1139.104,indexer,2125990851,1718702188,407288663,13745135616,13858144256,1846415360,11569500160,7609380864,35754573824,35,13405982720
1791661765.788,1139.104,zebrad,275900571,231479319,44421251,1771905024,4653178880,400060416,1354166272,3810369536,729894912,20,13405982720
1791661766.788,1140.104,indexer,2128120034,1720430762,407689271,13761888256,13858144256,1854803968,11578146816,7618027520,35754573824,35,13397561344
1791661766.788,1140.104,zebrad,275908405,231486861,44421544,1771905024,4653178880,400060416,1354166272,3810369536,729894912,20,13397561344
1791661767.789,1141.104,indexer,2130353652,1722325073,408028578,13602676736,13858144256,1686196224,11587526656,7627423744,35754573824,36,13560672256
1791661767.789,1141.104,zebrad,275916970,231494336,44422634,1771905024,4653178880,400060416,1354166272,3810369536,729894912,20,13560672256
1791661768.789,1142.104,indexer,2132755915,1724555924,408199990,13619785728,13858144256,1686515712,11604373504,7644254208,35754573824,36,13558702080
1791661768.789,1142.104,zebrad,275925263,231502585,44422677,1771900928,4653178880,400060416,1354166272,3810369536,729894912,20,13558702080
1791661769.789,1143.104,indexer,2135248837,1726656199,408592637,13692653568,13858144256,1691705344,11670106112,7655178240,35754573824,36,13545902080
1791661769.789,1143.104,zebrad,275933175,231509189,44423985,1771896832,4653178880,400060416,1354166272,3810369536,729894912,20,13545902080
1791661770.789,1144.105,indexer,2137364714,1728279866,409084848,13832634368,13858144256,1711923200,11786854400,7682871296,35754573824,36,13536301056
1791661770.789,1144.105,zebrad,275940847,231516756,44424090,1771896832,4653178880,400060416,1354166272,3810369536,729894912,20,13536301056
1791661771.789,1145.105,indexer,2139087657,1729360011,409727646,13684621312,13867278336,1718308864,11630108672,7692914688,36263526400,36,13551734784
1791661771.789,1145.105,zebrad,275948525,231523648,44424876,1744633856,4653178880,400060416,1326903296,3810369536,729894912,20,13551734784
1791661772.789,1146.105,indexer,2139228783,1729453821,409774962,13684609024,13867278336,1718308864,11630616576,7693422592,36363669504,36,13529194496
1791661772.789,1146.105,zebrad,275955785,231530190,44425594,1744633856,4653178880,400060416,1326903296,3810369536,729894912,20,13529194496
1791661773.789,1147.105,indexer,2139417088,1729582837,409834250,13687488512,13867278336,1720406016,11631513600,7694319616,36448194560,36,13527564288
1791661773.789,1147.105,zebrad,275963196,231537538,44425657,1744891904,4653178880,400060416,1326903296,3810369536,729894912,20,13527564288
1791661774.789,1148.105,indexer,2139644095,1729670764,409973330,13699018752,13867278336,1720406016,11642638336,7695138816,36531630080,36,13528502272
1791661774.789,1148.105,zebrad,275970556,231544002,44426554,1744887808,4653178880,400060416,1326903296,3810369536,729894912,20,13528502272
1791661775.789,1149.105,indexer,2139867718,1729713883,410153835,13700038656,13867278336,1720406016,11643527168,7696027648,36617306112,36,13528485888
1791661775.789,1149.105,zebrad,275977173,231549681,44427491,1744875520,4653178880,400060416,1326903296,3810369536,729894912,20,13528485888
1791661776.789,1150.105,indexer,2140094118,1729763256,410330861,13700935680,13867278336,1720406016,11644301312,7696801792,36711690240,36,13529976832
1791661776.789,1150.105,zebrad,275985640,231557915,44427724,1744633856,4653178880,400060416,1326903296,3810369536,729894912,20,13529976832
1791661777.789,1151.105,indexer,2140294452,1729773564,410520888,13700960256,13867278336,1720406016,11644911616,7697412096,36837998592,36,13532672000
1791661777.789,1151.105,zebrad,275992156,231564431,44427724,1744891904,4653178880,400060416,1326903296,3810369536,729894912,20,13532672000
1791661778.790,1152.105,indexer,2141086585,1730360670,410725915,13708402688,13867278336,1722503168,11649908736,7702409216,36959444992,35,13529694208
1791661778.790,1152.105,zebrad,276000643,231572918,44427724,1744859136,4653178880,400060416,1326903296,3810369536,729894912,20,13529694208
1791661779.790,1153.105,indexer,2143598739,1732651962,410946777,13722705920,13867278336,1727746048,11659137024,7714930688,36959444992,35,13538152448
1791661779.790,1153.105,zebrad,276000756,231573019,44427736,1744334848,4653178880,400060416,1326379008,3810369536,729894912,20,13538152448
1791661780.790,1154.106,indexer,2146339395,1735145686,411193708,13739872256,13867278336,1736134656,11667714048,7723507712,36959444992,35,13533159424
1791661780.790,1154.106,zebrad,276000756,231573019,44427736,1744334848,4653178880,400060416,1326379008,3810369536,729894912,20,13533159424
1791661781.790,1155.106,indexer,2148971888,1737478542,411493345,13753954304,13867278336,1740910592,11676856320,7732649984,36959449088,35,13530714112
1791661781.790,1155.106,zebrad,276004848,231576096,44428752,1744338944,4653178880,400060416,1326379008,3810369536,729894912,20,13530714112
1791661782.790,1156.106,indexer,2150961368,1739100337,411861031,13771280384,13867278336,1748426752,11686453248,7742255104,36959449088,35,13525307392
1791661782.790,1156.106,zebrad,276012997,231584225,44428772,1744334848,4653178880,400060416,1326379008,3810369536,729894912,20,13525307392
1791661783.790,1157.106,indexer,2152776838,1740654798,412122040,13790420992,13867278336,1754361856,11699724288,7755517952,36959449088,35,13519302656
1791661783.790,1157.106,zebrad,276021284,231592307,44428976,1744596992,4653178880,400060416,1326379008,3810369536,729894912,20,13519302656
1791661784.790,1158.106,indexer,2154742091,1742291846,412450245,13809061888,13867278336,1761394688,11711479808,7767273472,36959449088,35,13512314880
1791661784.790,1158.106,zebrad,276029002,231598749,44430253,1744596992,4653178880,400060416,1326379008,3810369536,729894912,20,13512314880
1791661785.790,1159.106,indexer,2156651939,1743865082,412786856,13825355776,13867278336,1768726528,11720273920,7776067584,36959449088,35,13503709184
1791661785.790,1159.106,zebrad,276036791,231606253,44430538,1744596992,4653178880,400060416,1326379008,3810369536,729894912,20,13503709184
1791661786.790,1160.106,indexer,2158716131,1745503047,413213084,13841321984,13867278336,1776750592,11728375808,7784169472,36959449088,35,13496360960
1791661786.790,1160.106,zebrad,276044987,231613936,44431050,1744592896,4653178880,400060416,1326379008,3810369536,729894912,20,13496360960
1791661787.790,1161.106,indexer,2160526580,1747022840,413503739,13856071680,13867278336,1782931456,11736731648,7792525312,36959449088,35,13489659904
1791661787.790,1161.106,zebrad,276054938,231623739,44431199,1744347136,4653178880,400060416,1326379008,3810369536,729894912,20,13489659904
1791661788.791,1162.106,indexer,2162162923,1748440856,413722067,13866864640,13867278336,1787777024,11742654464,7798468608,36959449088,35,13486100480
1791661788.791,1162.106,zebrad,276062944,231631264,44431680,1744605184,4653178880,400060416,1326379008,3810369536,729894912,20,13486100480
1791661789.791,1163.106,indexer,2163837328,1749917304,413920024,13877956608,13877960704,1792462848,11749015552,7804809216,36959449088,35,13480607744
1791661789.791,1163.106,zebrad,276070360,231638680,44431680,1744605184,4653178880,400060416,1326379008,3810369536,729894912,20,13480607744
1791661790.791,1164.106,indexer,2165556514,1751429120,414127393,13882048512,13882048512,1796804608,11749244928,7812116480,36959449088,35,13477851136
1791661790.791,1164.106,zebrad,276078419,231646738,44431680,1743556608,4653178880,400060416,1325330432,3810369536,729894912,20,13477851136
1791661791.791,1165.107,indexer,2167307227,1752971984,414335242,13894864896,13894905856,1801662464,11756998656,7819870208,36959449088,35,13474377728
1791661791.791,1165.107,zebrad,276086925,231653576,44433349,1743556608,4653178880,400060416,1325330432,3810369536,729894912,20,13474377728
1791661792.791,1166.107,indexer,2169164204,1754526347,414637856,13829533696,13902422016,1808015360,11687075840,7827152896,36959449088,35,13464530944
1791661792.791,1166.107,zebrad,276094392,231660130,44434262,1716817920,4653178880,400060416,1298591744,3810369536,729894912,20,13464530944
1791661793.791,1167.107,indexer,2171265771,1756310580,414955190,13844910080,13902422016,1815142400,11695591424,7835668480,36959449088,35,13456891904
1791661793.791,1167.107,zebrad,276102489,231668053,44434435,1716817920,4653178880,400060416,1298591744,3810369536,729894912,20,13456891904
1791661794.791,1168.107,indexer,2173336795,1758212229,415124565,13857595392,13902422016,1820459008,11703119872,7843196928,36959449088,35,13452001280
1791661794.791,1168.107,zebrad,276110954,231675606,44435348,1716809728,4653178880,400060416,1298591744,3810369536,729894912,20,13452001280
1791661795.791,1169.107,indexer,2175224516,1759743453,415481062,13872930816,13902422016,1827696640,11711340544,7851417600,36959449088,35,13443297280
1791661795.791,1169.107,zebrad,276118263,231680863,44437400,1716809728,4653178880,400060416,1298591744,3810369536,729894912,20,13443297280
1791661796.791,1170.107,indexer,2177123085,1761269449,415853635,13888770048,13902422016,1835180032,11719376896,7859453952,36959449088,35,13436522496
1791661796.791,1170.107,zebrad,276126421,231688157,44438263,1716805632,4653178880,400060416,1298591744,3810369536,729894912,20,13436522496
1791661797.791,1171.107,indexer,2179203777,1762962040,416241736,13905600512,13905620992,1843466240,11727958016,7868039168,36959449088,35,13428101120
1791661797.791,1171.107,zebrad,276134483,231696220,44438263,1716547584,4653178880,400060416,1298591744,3810369536,729894912,20,13428101120
1791661798.791,1172.107,indexer,2181126469,1764513867,416612602,13920436224,13920464896,1851174912,11735052288,7875133440,36959449088,35,13420941312
1791661798.791,1172.107,zebrad,276142195,231702972,44439222,1716805632,4653178880,400060416,1298591744,3810369536,729894912,20,13420941312
1791661799.792,1173.107,indexer,2182938122,1766074498,416863623,13831991296,13925113856,1857781760,11642478592,7886393344,36959449088,35,13410119680
1791661799.792,1173.107,zebrad,276150513,231710078,44440434,1716805632,4653178880,400060416,1298591744,3810369536,729894912,20,13410119680
1791661800.792,1174.107,indexer,2184382397,1767515871,416866526,13861744640,13925113856,1860026368,11669864448,7913779200,36959449088,35,13400948736
1791661800.792,1174.107,zebrad,276157753,231715115,44442637,1716301824,4653178880,400060416,1298591744,3810369536,729894912,20,13400948736
1791661801.792,1175.107,indexer,2185832947,1768963314,416869633,13893431296,13925113856,1862123520,11699748864,7943663616,36959449088,35,13404950528
1791661801.792,1175.107,zebrad,276165940,231723303,44442637,1716297728,4653178880,400060416,1298591744,3810369536,729894912,20,13404950528
1791661802.792,1176.108,indexer,2187336695,1770445585,416891109,13842546688,13925113856,1862123520,11649970176,7971586048,36959449088,35,13408043008
1791661802.792,1176.108,zebrad,276173689,231730551,44443138,1690345472,4653178880,400060416,1272377344,3810369536,729894912,20,13408043008
1791661803.792,1177.108,indexer,2189289659,1772060398,417229260,13863510016,13925113856,1868652544,11664240640,7985856512,36959449088,35,13400133632
1791661803.792,1177.108,zebrad,276181046,231735007,44446039,1690341376,4653178880,400060416,1272377344,3810369536,729894912,20,13400133632
1791661804.792,1178.108,indexer,2191619789,1774189434,417430354,13709787136,13925113856,1695506432,11683766272,8005382144,36959449088,36,13556609024
1791661804.792,1178.108,zebrad,276188871,231741342,44447529,1690337280,4653178880,400060416,1272377344,3810369536,729894912,20,13556609024
1791661805.792,1179.108,indexer,2194128542,1776474497,417654044,13737304064,13925113856,1701441536,11705581568,8027197440,36959449088,36,13554503680
1791661805.792,1179.108,zebrad,276196506,231748977,44447529,1690599424,4653178880,400060416,1272377344,3810369536,729894912,20,13554503680
1791661806.792,1180.108,indexer,2196638225,1778625029,418013195,13860671488,13925113856,1701838848,11825438720,8050880512,36959449088,36,13552521216
1791661806.792,1180.108,zebrad,276204149,231756620,44447529,1690333184,4653178880,400060416,1272377344,3810369536,729894912,20,13552521216
1791661807.792,1181.108,indexer,2198561171,1779857470,418703700,13844250624,13958438912,1721442304,11782676480,8066191360,37420101632,36,13545996288
1791661807.792,1181.108,zebrad,276212530,231764905,44447624,1661751296,4653178880,400060416,1244065792,3810369536,729894912,20,13545996288
1791661808.792,1182.108,indexer,2198706142,1779958931,418747210,13843963904,13958438912,1721626624,11783204864,8066719744,37501231104,36,13510463488
1791661808.792,1182.108,zebrad,276220640,231770673,44449967,1662009344,4653178880,400060416,1244065792,3810369536,729894912,20,13510463488
1791661809.793,1183.108,indexer,2198880664,1780042278,418838386,13846827008,13958438912,1723908096,11783946240,8067461120,37587111936,36,13511872512
1791661809.793,1183.108,zebrad,276229161,231778952,44450208,1661751296,4653178880,400060416,1244065792,3810369536,729894912,20,13511872512
1791661810.793,1184.108,indexer,2199090048,1780135885,418954163,13865426944,13958438912,1723908096,11802021888,8068362240,37672157184,36,13493858304
1791661810.793,1184.108,zebrad,276235753,231785452,44450300,1661751296,4653178880,400060416,1244065792,3810369536,729894912,20,13493858304
1791661811.793,1185.108,indexer,2199387328,1780276965,419110362,13866434560,13958438912,1723908096,11802898432,8069238784,37760942080,36,13501698048
1791661811.793,1185.108,zebrad,276245484,231791381,44454103,1661997056,4653178880,400060416,1244065792,3810369536,729894912,20,13501698048
1791661812.793,1186.109,indexer,2200595660,1781387291,419208368,13867700224,13958438912,1723908096,11803987968,8070328320,37855068160,36,13505601536
1791661812.793,1186.109,zebrad,276254204,231797983,44456221,1661718528,4653178880,400060416,1244065792,3810369536,729894912,20,13505601536
1791661813.793,1187.109,indexer,2201571514,1782257631,419313882,13868482560,13958438912,1723908096,11804704768,8071045120,37964914688,36,13508456448
1791661813.793,1187.109,zebrad,276263894,231804396,44459498,1661980672,4653178880,400060416,1244065792,3810369536,729894912,20,13508456448
1791661814.793,1188.109,indexer,2201800882,1782296131,419504751,13869735936,13958438912,1723908096,11805937664,8072265728,38172233728,35,13511016448
1791661814.793,1188.109,zebrad,276270254,231808856,44461397,1661976576,4653178880,400060416,1244065792,3810369536,729894912,20,13511016448
1791661815.793,1189.109,indexer,2203670016,1783908297,419761718,13895340032,13958438912,1728102400,11827417088,8093757440,38172233728,35,13510840320
1791661815.793,1189.109,zebrad,276277803,231814994,44462808,1661976576,4653178880,400060416,1244065792,3810369536,729894912,20,13510840320
1791661816.793,1190.109,indexer,2205539017,1785510603,420028414,13921374208,13958438912,1732710400,11848785920,8115113984,38172233728,35,13513113600
1791661816.793,1190.109,zebrad,276285730,231822921,44462808,1661976576,4653178880,400060416,1244065792,3810369536,729894912,20,13513113600
1791661817.793,1191.109,indexer,2207373918,1787090142,420283775,13945876480,13958438912,1737375744,11868864512,8135192576,38172233728,35,13512962048
1791661817.793,1191.109,zebrad,276298822,231836014,44462808,1661997056,4653178880,400060416,1244065792,3810369536,729894912,20,13512962048
1791661818.793,1192.109,indexer,2209191722,1788683560,420508162,13863673856,13961285632,1741979648,11784503296,8154923008,38172233728,35,13509488640
1791661818.793,1192.109,zebrad,276306791,231843514,44463277,1661992960,4653178880,400060416,1244065792,3810369536,729894912,20,13509488640
1791661819.793,1193.109,indexer,2210717069,1790100569,420616500,13885161472,13961285632,1744752640,11803475968,8173883392,38172233728,35,13505728512
1791661819.793,1193.109,zebrad,276314230,231850044,44464185,1661734912,4653178880,400080896,1244065792,3810369536,729894912,20,13505728512
1791661820.794,1194.109,indexer,2212371851,1791672223,420699627,13903093760,13961285632,1748054016,11817848832,8188256256,38172233728,35,13501759488
1791661820.794,1194.109,zebrad,276321163,231855826,44465336,1661997056,4653178880,400080896,1244065792,3810369536,729894912,20,13501759488
1791661821.794,1195.109,indexer,2214238685,1793281254,420957430,13916925952,13961285632,1754025984,11826089984,8196497408,38172233728,35,13496664064
1791661821.794,1195.109,zebrad,276328752,231863001,44465750,1661763584,4653178880,400080896,1244131328,3810369536,729894912,20,13496664064
1791661822.794,1196.110,indexer,2216090293,1794852271,421238022,13933125632,13961285632,1760174080,11835731968,8206139392,38172233728,35,13491548160
1791661822.794,1196.110,zebrad,276336884,231870954,44465929,1662025728,4653178880,400080896,1244131328,3810369536,729894912,20,13491548160
1791661823.794,1197.110,indexer,2218036958,1796464950,421572008,13948899328,13961285632,1767362560,11844440064,8214847488,38172233728,35,13478551552
1791661823.794,1197.110,zebrad,276345752,231878326,44467425,1661755392,4653178880,400080896,1244131328,3810369536,729894912,20,13478551552
1791661824.794,1198.110,indexer,2219948350,1798017786,421930564,13856829440,13961371648,1775067136,11747401728,8221659136,38172233728,35,13496365056
1791661824.794,1198.110,zebrad,276353039,231885086,44467952,1661755392,4653178880,400080896,1244131328,3810369536,729894912,20,13496365056
1791661825.794,1199.110,indexer,2221860064,1799573324,422286739,13874286592,13961371648,1783705600,11755474944,8230359040,38172233728,35,13487013888
1791661825.794,1199.110,zebrad,276360970,231891188,44469782,1662275584,4653178880,400080896,1244131328,3810369536,729894912,20,13487013888
1791661826.794,1200.110,indexer,2223632666,1801076908,422555757,13888651264,13961371648,1789997056,11764125696,8238383104,38172233728,35,13477838848
1791661826.794,1200.110,zebrad,276368708,231898810,44469897,1662275584,4653178880,400080896,1244131328,3810369536,729894912,20,13477838848
1791661827.794,1201.110,indexer,2225176881,1802470946,422705935,13900279808,13961371648,1794191360,11771293696,8245927936,38172233728,35,13473689600
1791661827.794,1201.110,zebrad,276377003,231906220,44470782,1662107648,4653178880,400080896,1244131328,3810369536,729894912,20,13473689600
1791661828.794,1202.110,indexer,2226774171,1803919565,422854605,13913026560,13961371648,1798385664,11780145152,8254402560,38172233728,35,13465366528
1791661828.794,1202.110,zebrad,276385432,231912901,44472531,1662361600,4653178880,400080896,1244131328,3810369536,729894912,20,13465366528
1791661829.795,1203.110,indexer,2228420647,1805405225,423015421,13925916672,13961371648,1802579968,11788873728,8263131136,38172233728,35,13460197376
1791661829.795,1203.110,zebrad,276393311,231919639,44473672,1662099456,4653178880,400080896,1244131328,3810369536,729894912,20,13460197376
1791661830.795,1204.110,indexer,2230038815,1806873393,423165422,13938135040,13961371648,1806774272,11796828160,8271085568,38172233728,35,13460602880
1791661830.795,1204.110,zebrad,276401843,231925403,44476440,1662361600,4653178880,400080896,1244131328,3810369536,729894912,20,13460602880
1791661831.795,1205.110,indexer,2231653858,1808341595,423312263,13950267392,13961371648,1810968576,11804839936,8279097344,38172233728,35,13461131264
1791661831.795,1205.110,zebrad,276408949,231932509,44476440,1662353408,4653178880,400080896,1244131328,3810369536,729894912,20,13461131264
1791661832.795,1206.111,indexer,2233345412,1809816910,423528501,13961908224,13961940992,1815162880,11812552704,8286810112,38172233728,35,13452111872
1791661832.795,1206.111,zebrad,276416173,231939687,44476486,1661820928,4653178880,400080896,1244131328,3810369536,729894912,20,13452111872
1791661833.795,1207.111,indexer,2235133036,1811370256,423762780,13974781952,13974790144,1819140096,11821203456,8295481344,38172233728,35,13448548352
1791661833.795,1207.111,zebrad,276425051,231948427,44476623,1662345216,4653178880,400080896,1244131328,3810369536,729894912,20,13448548352
1791661834.795,1208.111,indexer,2236947013,1812880863,424066149,13885136896,13975527424,1825259520,11726417920,8304574464,38172233728,35,13441110016
1791661834.795,1208.111,zebrad,276433516,231956302,44477213,1662341120,4653178880,400080896,1244131328,3810369536,729894912,20,13441110016
1791661835.795,1209.111,indexer,2238831160,1814462583,424368576,13900316672,13975527424,1831485440,11735179264,8313335808,38172233728,35,13434138624
1791661835.795,1209.111,zebrad,276440836,231963055,44477780,1662337024,4653178880,400080896,1244131328,3810369536,729894912,20,13434138624
1791661836.795,1210.111,indexer,2240609974,1816003723,424606250,13913931776,13975527424,1836650496,11743834112,8321990656,38172233728,35,13429428224
1791661836.795,1210.111,zebrad,276448635,231969046,44479589,1662337024,4653178880,400080896,1244131328,3810369536,729894912,20,13429428224
1791661837.795,1211.111,indexer,2242310680,1817510570,424800109,13927362560,13975527424,1841217536,11752247296,8330403840,38172233728,35,13425160192
1791661837.795,1211.111,zebrad,276456836,231975893,44480943,1662332928,4653178880,400080896,1244131328,3810369536,729894912,20,13425160192
1791661838.795,1212.111,indexer,2243984652,1819001017,424983634,13942202368,13975527424,1845637120,11762905088,8341061632,38172233728,35,13421162496
1791661838.795,1212.111,zebrad,276464181,231981180,44483001,1662328832,4653178880,400080896,1244131328,3810369536,729894912,20,13421162496
1791661839.795,1213.111,indexer,2245537320,1820398308,425139011,13953671168,13975527424,1849868288,11770224640,8348381184,38172233728,35,13417197568
1791661839.795,1213.111,zebrad,276471504,231988502,44483001,1662324736,4653178880,400080896,1244131328,3810369536,729894912,20,13417197568
1791661840.796,1214.111,indexer,2247099827,1821780995,425318832,13964701696,13975527424,1854009344,11777101824,8355258368,38172233728,35,13413101568
1791661840.796,1214.111,zebrad,276478640,231995572,44483068,1662058496,4653178880,400080896,1244131328,3810369536,729894912,20,13413101568
1791661841.796,1215.111,indexer,2248678096,1823171679,425506416,13872050176,13975527424,1858088960,11680825344,8362967040,38172233728,35,13412986880
1791661841.796,1215.111,zebrad,276486552,232003483,44483068,1662058496,4653178880,400080896,1244131328,3810369536,729894912,20,13412986880
1791661842.796,1216.112,indexer,2250286298,1824583026,425703271,13887827968,13975527424,1862975488,11691741184,8373882880,38172233728,35,13407543296
1791661842.796,1216.112,zebrad,276493766,232010684,44483081,1662054400,4653178880,400080896,1244131328,3810369536,729894912,20,13407543296
1791661843.796,1217.112,indexer,2252085129,1826072973,426012156,13903175680,13975527424,1869553664,11700985856,8383127552,38172237824,35,13385744384
1791661843.796,1217.112,zebrad,276501837,232017421,44484415,1662308352,4653178880,400080896,1244131328,3810369536,729894912,20,13385744384
1791661844.796,1218.112,indexer,2253889919,1827552816,426337102,13918507008,13975527424,1875623936,11710320640,8392462336,38172237824,35,13382701056
1791661844.796,1218.112,zebrad,276510011,232025410,44484600,1662304256,4653178880,400080896,1244131328,3810369536,729894912,20,13382701056
1791661845.796,1219.112,indexer,2256080544,1829423464,426657079,13758472192,13975527424,1706106880,11719647232,8401788928,38172237824,36,13545701376
1791661845.796,1219.112,zebrad,276517334,232032362,44484971,1662304256,4653178880,400080896,1244131328,3810369536,729894912,20,13545701376
1791661846.796,1220.112,indexer,2258523276,1831537553,426985722,13772066816,13975527424,1707368448,11732070400,8414212096,38172237824,36,13543661568
1791661846.796,1220.112,zebrad,276525570,232040402,44485167,1662304256,4653178880,400080896,1244131328,3810369536,729894912,20,13543661568
1791661847.796,1221.112,indexer,2261076053,1833716882,427359171,13788028928,13975527424,1712398336,11743113216,8425254912,38172237824,36,13540417536
1791661847.796,1221.112,zebrad,276536104,232050013,44486090,1662304256,4653178880,400080896,1244131328,3810369536,729894912,20,13540417536
1791661848.797,1222.112,indexer,2263507519,1835553321,427954197,13895032832,13975527424,1737465856,11820449792,8437796864,38172237824,36,13534437376
1791661848.797,1222.112,zebrad,276544776,232056898,44487877,1662304256,4653178880,400089088,1244131328,3810369536,729964544,20,13534437376
1791661849.797,1223.112,indexer,2264496733,1836082075,428414657,13936865280,13975527424,1739563008,11858501632,8440156160,38671908864,36,13516976128
1791661849.797,1223.112,zebrad,276552377,232064244,44488132,1662304256,4653178880,400089088,1244131328,3810369536,729964544,20,13516976128
1791661850.797,1224.112,indexer,2264690028,1836204669,428485359,13830410240,13975527424,1739563008,11752767488,8440561664,38754971648,36,13517914112
1791661850.797,1224.112,zebrad,276560138,232071044,44489093,1662029824,4653178880,400089088,1244131328,3810369536,729964544,20,13517914112
1791661851.797,1225.113,indexer,2264901821,1836344169,428557652,13818945536,13975527424,1739563008,11742941184,8441057280,38838018048,36,13506723840
1791661851.797,1225.113,zebrad,276567705,232076841,44490864,1660456960,4653178880,400089088,1242558464,3810369536,729964544,20,13506723840
1791661852.797,1226.113,indexer,2265148983,1836392089,428756893,13871292416,13975527424,1739563008,11793510400,8441421824,38923943936,36,13496561664
1791661852.797,1226.113,zebrad,276577368,232084557,44492811,1660452864,4653178880,400089088,1242558464,3810369536,729964544,20,13496561664
1791661853.797,1227.113,indexer,2265399735,1836469336,428930398,13872025600,13975527424,1739628544,11794087936,8441999360,39010684928,36,13497565184
1791661853.797,1227.113,zebrad,276584406,232090428,44493978,1660715008,4653178880,400089088,1242558464,3810369536,729964544,20,13497565184
1791661854.797,1228.113,indexer,2265814653,1836699499,429115153,13873582080,13975527424,1739902976,11795447808,8443359232,39106826240,36,13497073664
1791661854.797,1228.113,zebrad,276584406,232090428,44493978,1660715008,4653178880,400089088,1242558464,3810369536,729964544,20,13497073664
1791661855.797,1229.113,indexer,2266903361,1837643398,429259962,13874585600,13975527424,1740214272,11795927040,8443838464,39298015232,36,13497663488
1791661855.797,1229.113,zebrad,276584406,232090428,44493978,1660715008,4653178880,400089088,1242558464,3810369536,729964544,20,13497663488
1791661856.797,1230.113,indexer,2268982004,1839600425,429381579,13882548224,13975527424,1743466496,11800662016,8448552960,39417737216,35,13500440576
1791661856.797,1230.113,zebrad,276584528,232090530,44493997,1660715008,4653178880,400089088,1242558464,3810369536,729964544,20,13500440576
1791661857.797,1231.113,indexer,2271101386,1841468745,429632641,13897015296,13975527424,1749569536,11808833536,8456724480,39417737216,35,13500608512
1791661857.797,1231.113,zebrad,276592620,232097931,44494689,1660497920,4653178880,400089088,1242558464,3810369536,729964544,20,13500608512
1791661858.797,1232.113,indexer,2273035998,1843080651,429955346,13912088576,13975527424,1755881472,11817603072,8465494016,39417737216,35,13498040320
1791661858.797,1232.113,zebrad,276600955,232105213,44495742,1660497920,4653178880,400089088,1242558464,3810369536,729964544,20,13498040320
1791661859.798,1233.113,indexer,2274709657,1844549664,430159992,13924331520,13975527424,1760313344,11825586176,8473477120,39417737216,35,13492895744
1791661859.798,1233.113,zebrad,276608543,232112548,44495994,1660497920,4653178880,400089088,1242558464,3810369536,729964544,20,13492895744
1791661860.798,1234.113,indexer,2276421583,1846026627,430394956,13937651712,13975527424,1764978688,11834130432,8482021376,39417737216,35,13487099904
1791661860.798,1234.113,zebrad,276615838,232119637,44496200,1660280832,4653178880,400089088,1242558464,3810369536,729964544,20,13487099904
1791661861.798,1235.113,indexer,2278114930,1847503996,430610934,13945085952,13975527424,1769349120,11837243392,8492048384,39417737216,35,13492047872
1791661861.798,1235.113,zebrad,276624249,232127145,44497104,1659224064,4653178880,400089088,1241509888,3810369536,729964544,20,13492047872
1791661862.798,1236.114,indexer,2279670196,1848914024,430756172,13957124096,13975527424,1772744704,11845804032,8500609024,39417737216,35,13493559296
1791661862.798,1236.114,zebrad,276632198,232133780,44498417,1659486208,4653178880,400089088,1241509888,3810369536,729964544,20,13493559296
1791661863.798,1237.114,indexer,2281458689,1850441521,431017167,13973602304,13975527424,1778012160,11857395712,8512200704,39417737216,35,13488586752
1791661863.798,1237.114,zebrad,276639880,232139511,44500368,1659236352,4653178880,400089088,1241509888,3810369536,729964544,20,13488586752
1791661864.798,1238.114,indexer,2283060392,1851885186,431175206,13909745664,13983019008,1781694464,11790024704,8523530240,39417737216,35,13487267840
1791661864.798,1238.114,zebrad,276648229,232145963,44502265,1634062336,4653178880,400089088,1216344064,3810369536,729964544,20,13487267840
1791661865.798,1239.114,indexer,2284578538,1853312809,431265728,13923434496,13983019008,1784664064,11800690688,8534196224,39417737216,35,13485260800
1791661865.798,1239.114,zebrad,276656319,232153040,44503279,1634054144,4653178880,400089088,1216344064,3810369536,729964544,20,13485260800
1791661866.798,1240.114,indexer,2286197748,1854753112,431444636,13938049024,13983019008,1788420096,11811610624,8545116160,39417737216,35,13477949440
1791661866.798,1240.114,zebrad,276663637,232159146,44504491,1634312192,4653178880,400089088,1216344064,3810369536,729964544,20,13477949440
1791661867.798,1241.114,indexer,2287878983,1856198771,431680212,13953585152,13983019008,1792675840,11822915584,8556421120,39417737216,35,13476331520
1791661867.798,1241.114,zebrad,276671512,232165039,44506473,1634062336,4653178880,400089088,1216344064,3810369536,729964544,20,13476331520
1791661868.798,1242.114,indexer,2289620328,1857689486,431930841,13968445440,13983019008,1797697536,11832995840,8566509568,39417737216,35,13471240192
1791661868.798,1242.114,zebrad,276680091,232171845,44508246,1634324480,4653178880,400089088,1216344064,3810369536,729964544,20,13471240192
1791661869.799,1243.114,indexer,2291236268,1859085146,432151121,13981433856,13983019008,1802178560,11841343488,8574849024,39417737216,35,13467185152
1791661869.799,1243.114,zebrad,276687597,232179273,44508324,1634320384,4653178880,400089088,1216344064,3810369536,729964544,20,13467185152
1791661870.799,1244.114,indexer,2292764399,1860451530,432312868,13992509440,13992513536,1805377536,11848663040,8582406144,39417737216,35,13462970368
1791661870.799,1244.114,zebrad,276695715,232186373,44509342,1634316288,4653178880,400089088,1216344064,3810369536,729964544,20,13462970368
1791661871.799,1245.114,indexer,2294492382,1861926907,432565475,13898919936,14005100544,1810452480,11753353216,8590901248,39417737216,35,13457633280
1791661871.799,1245.114,zebrad,276703261,232192832,44510429,1634316288,4653178880,400089088,1216344064,3810369536,729964544,20,13457633280
1791661872.799,1246.114,indexer,2296120591,1863376533,432744058,13912317952,14005100544,1816109056,11761041408,8598589440,39417737216,35,13451259904
1791661872.799,1246.114,zebrad,276711577,232200939,44510637,1634320384,4653178880,400089088,1216344064,3810369536,729964544,20,13451259904
1791661873.799,1247.115,indexer,2297990910,1864945647,433045262,13924880384,14005100544,1820303360,11769208832,8606756864,39417737216,35,13444247552
1791661873.799,1247.115,zebrad,276719758,232209095,44510663,1634316288,4653178880,400089088,1216344064,3810369536,729964544,20,13444247552
1791661874.799,1248.115,indexer,2299811781,1866494520,433317261,13939277824,14005100544,1826594816,11777294336,8614842368,39417737216,35,13439508480
1791661874.799,1248.115,zebrad,276728429,232217766,44510663,1634045952,4653178880,400089088,1216344064,3810369536,729964544,20,13439508480
1791661875.799,1249.115,indexer,2301556634,1867951505,433605129,13952860160,14005100544,1832886272,11784937472,8622485504,39417737216,35,13430951936
1791661875.799,1249.115,zebrad,276737146,232226483,44510663,1634304000,4653178880,400089088,1216344064,3810369536,729964544,20,13430951936
1791661876.799,1250.115,indexer,2303343800,1869506032,433837767,13965545472,14005100544,1837080576,11793145856,8630693888,39417737216,35,13426831360
1791661876.799,1250.115,zebrad,276745482,232233872,44511609,1634304000,4653178880,400089088,1216344064,3810369536,729964544,20,13426831360
1791661877.799,1251.115,indexer,2305194403,1871084205,434110198,13979971584,14005100544,1843372032,11801128960,8638676992,39417737216,35,13422411776
1791661877.799,1251.115,zebrad,276756053,232244195,44511857,1634308096,4653178880,400089088,1216344064,3810369536,729964544,20,13422411776
1791661878.799,1252.115,indexer,2307279265,1872780691,434498574,13996810240,14005100544,1851760640,11809624064,8647176192,39417737216,35,13414584320
1791661878.799,1252.115,zebrad,276763733,232250927,44512805,1634562048,4653178880,400089088,1216344064,3810369536,729964544,20,13414584320
1791661879.799,1253.115,indexer,2309028093,1874264080,434764012,13930315776,14005100544,1858052096,11739090944,8655638528,39417737216,35,13407477760
1791661879.799,1253.115,zebrad,276771961,232258281,44513679,1609654272,4653178880,400089088,1191440384,3810369536,729964544,20,13407477760
1791661880.800,1254.115,indexer,2310728409,1875721115,435007294,13942792192,14005100544,1862246400,11747340288,8663887872,39417737216,35,13402603520
1791661880.800,1254.115,zebrad,276780677,232266044,44514632,1609650176,4653178880,400089088,1191440384,3810369536,729964544,20,13402603520
1791661881.800,1255.115,indexer,2312642186,1877310106,435332079,13958963200,14005100544,1868537856,11757039616,8673587200,39417737216,35,13394255872
1791661881.800,1255.115,zebrad,276787636,232272690,44514945,1609650176,4653178880,400089088,1191440384,3810369536,729964544,20,13394255872
1791661882.800,1256.115,indexer,2314333309,1878751900,435581409,13973184512,14005100544,1874829312,11765207040,8681754624,39417737216,35,13389074432
1791661882.800,1256.115,zebrad,276796357,232281138,44515218,1609375744,4653178880,400089088,1191440384,3810369536,729964544,20,13389074432
1791661883.800,1257.116,indexer,2316036065,1880219228,435816836,13984100352,14005100544,1879023616,11771973632,8688521216,39417737216,35,13385560064
1791661883.800,1257.116,zebrad,276804721,232289447,44515273,1609637888,4653178880,400089088,1191440384,3810369536,729964544,20,13385560064
1791661884.800,1258.116,indexer,2317875379,1881759108,436116271,13998239744,14005100544,1885315072,11779436544,8695984128,39417737216,35,13381038080
1791661884.800,1258.116,zebrad,276811936,232296147,44515788,1609637888,4653178880,400089088,1191440384,3810369536,729964544,20,13381038080
1791661885.800,1259.116,indexer,2319525195,1883189504,436335690,14009405440,14009409536,1889509376,11786493952,8703041536,39417741312,35,13376409600
1791661885.800,1259.116,zebrad,276819153,232303172,44515981,1609633792,4653178880,400089088,1191440384,3810369536,729964544,20,13376409600
1791661886.800,1260.116,indexer,2321527190,1884981792,436545397,13848928256,14016000000,1718804480,11797282816,8713830400,39417741312,36,13531480064
1791661886.800,1260.116,zebrad,276826495,232309297,44517197,1609633792,4653178880,400089088,1191440384,3810369536,729964544,20,13531480064
1791661887.800,1261.116,indexer,2324084191,1887197390,436886801,13861232640,14016000000,1720295424,11807727616,8724283392,39417741312,36,13531111424
1791661887.800,1261.116,zebrad,276834250,232315931,44518318,1609400320,4653178880,400089088,1191440384,3810369536,729964544,20,13531111424
1791661888.800,1262.116,indexer,2326407015,1889364980,437042035,13917028352,14016000000,1725313024,11857813504,8751251456,39417741312,36,13536755712
1791661888.800,1262.116,zebrad,276842973,232323539,44519433,1609654272,4653178880,400089088,1191440384,3810369536,729964544,20,13536755712
1791661889.800,1263.116,indexer,2328673464,1891296981,437376483,13919334400,14023340032,1729998848,11849150464,8785506304,39417741312,36,13524881408
1791661889.800,1263.116,zebrad,276851419,232330073,44521346,1560096768,4653178880,400089088,1142419456,3810369536,729964544,20,13524881408
1791661890.800,1264.116,indexer,2329043654,1891522062,437521592,13947867136,14023340032,1729998848,11877437440,8790040576,39980060672,36,13513584640
1791661890.800,1264.116,zebrad,276859438,232337931,44521506,1560096768,4653178880,400089088,1142419456,3810369536,729964544,20,13513584640
1791661891.801,1265.116,indexer,2329234073,1891676587,437557485,13949145088,14023340032,1729998848,11879698432,8792301568,40053075968,36,13495500800
1791661891.801,1265.116,zebrad,276866503,232342822,44523681,1560092672,4653178880,400089088,1142419456,3810369536,729964544,20,13495500800
1791661892.801,1266.116,indexer,2329527257,1891935758,437591499,13953568768,14023340032,1729998848,11884044288,8796647424,40135421952,36,13478387712
1791661892.801,1266.116,zebrad,276878323,232348336,44529987,1560084480,4653178880,400089088,1142419456,3810369536,729964544,20,13478387712
1791661893.801,1267.116,indexer,2329867120,1892141027,437726092,13980303360,14023340032,1729998848,11910430720,8801595392,40220864512,36,13484175360
1791661893.801,1267.116,zebrad,276886372,232356220,44530152,1560080384,4653178880,400089088,1142419456,3810369536,729964544,20,13484175360
1791661894.801,1268.117,indexer,2331138789,1893336767,437802022,13987893248,14023340032,1729998848,11917328384,8808493056,40307363840,36,13487857664
1791661894.801,1268.117,zebrad,276886432,232356270,44530162,1560080384,4653178880,400089088,1142419456,3810369536,729964544,20,13487857664
1791661895.801,1269.117,indexer,2332464948,1894581485,437883463,13991825408,14023340032,1729998848,11921154048,8812318720,40410697728,36,13491798016
1791661895.801,1269.117,zebrad,276886432,232356270,44530162,1559826432,4653178880,400089088,1142419456,3810369536,729964544,20,13491798016
1791661896.801,1270.117,indexer,2333132435,1895094376,438038059,13997043712,14023340032,1729998848,11926478848,8817643520,40572796928,36,13497913344
1791661896.801,1270.117,zebrad,276893868,232362636,44531231,1560350720,4653178880,400089088,1142419456,3810369536,729964544,20,13497913344
1791661897.801,1271.117,indexer,2333928855,1895827628,438101227,14015971328,14023340032,1729998848,11945230336,8836395008,40700846080,35,13504024576
1791661897.801,1271.117,zebrad,276901731,232369522,44532209,1560354816,4653178880,400089088,1142419456,3810369536,729964544,20,13504024576
1791661898.801,1272.117,indexer,2335419220,1897317993,438101227,14038323200,14054178816,1729998848,11966881792,8875212800,40700846080,35,13535543296
1791661898.801,1272.117,zebrad,276909750,232377219,44532530,1536495616,4653178880,400089088,1118564352,3810369536,729964544,20,13535543296
1791661899.801,1273.117,indexer,2336851480,1898750253,438101227,14010208256,14054178816,1729998848,11941232640,8912400384,40700846080,35,13534154752
1791661899.801,1273.117,zebrad,276917911,232385358,44532552,1536229376,4653178880,400089088,1118564352,3810369536,729964544,20,13534154752
1791661900.801,1274.117,indexer,2338303158,1900201931,438101227,14046740480,14054178816,1729998848,11977383936,8948551680,40700846080,35,13530562560
1791661900.801,1274.117,zebrad,276925800,232391102,44534698,1536487424,4653178880,400089088,1118564352,3810369536,729964544,20,13530562560
1791661901.801,1275.117,indexer,2339827669,1901726441,438101227,14085160960,14085173248,1729998848,12015734784,8986902528,40700846080,35,13536182272
1791661901.801,1275.117,zebrad,276933459,232398497,44534962,1536487424,4653178880,400089088,1118564352,3810369536,729964544,20,13536182272
1791661902.802,1276.117,indexer,2341452433,1903351206,438101227,14085382144,14085419008,1729998848,12015734784,8987123712,40700846080,35,13533995008
1791661902.802,1276.117,zebrad,276941498,232406211,44535287,1536487424,4653178880,400089088,1118564352,3810369536,729964544,20,13533995008
1791661903.802,1277.117,indexer,2343273797,1905172569,438101227,14085378048,14085419008,1729998848,12016050176,8987254784,40700846080,35,13533999104
1791661903.802,1277.117,zebrad,276949646,232413013,44536632,1536487424,4653178880,400089088,1118564352,3810369536,729964544,20,13533999104
1791661904.802,1278.117,indexer,2344995824,1906894596,438101227,14085361664,14085419008,1729998848,12016050176,8987369472,40700846080,35,13533331456
1791661904.802,1278.117,zebrad,276957949,232421272,44536677,1536483328,4653178880,400089088,1118564352,3810369536,729964544,20,13533331456
1791661905.802,1279.118,indexer,2346793560,1908692332,438101227,14085357568,14085419008,1729998848,12016300032,8987480064,40700846080,35,13533003776
1791661905.802,1279.118,zebrad,276965688,232427730,44537957,1536217088,4653178880,400089088,1118564352,3810369536,729964544,20,13533003776
1791661906.802,1280.118,indexer,2348638553,1910537325,438101227,14085603328,14085603328,1729998848,12016300032,8987615232,40700846080,35,13532336128
1791661906.802,1280.118,zebrad,276973339,232434439,44538900,1536217088,4653178880,400089088,1118564352,3810369536,729964544,20,13532336128
1791661907.802,1281.118,indexer,2350468869,1912367641,438101227,14085853184,14085865472,1729998848,12016549888,8987742208,40700846080,35,13532196864
1791661907.802,1281.118,zebrad,276984843,232445706,44539137,1536016384,4653178880,400089088,1118564352,3810369536,729964544,20,13532196864
1791661908.802,1282.118,indexer,2352346469,1914245242,438101227,14086103040,14086115328,1729998848,12016549888,8987877376,40700846080,35,13532254208
1791661908.802,1282.118,zebrad,276992349,232452292,44540056,1536008192,4653178880,400089088,1118564352,3810369536,729964544,20,13532254208
1791661909.802,1283.118,indexer,2354127536,1916026308,438101227,14086545408,14086549504,1729998848,12017029120,8988299264,40700846080,35,13532672000
1791661909.802,1283.118,zebrad,276999505,232458262,44541242,1536270336,4653178880,400089088,1118564352,3810369536,729964544,20,13532672000
1791661910.802,1284.118,indexer,2355847635,1917746407,438101227,13995642880,14099902464,1745731584,11913375744,8988495872,40700846080,35,13519474688
1791661910.802,1284.118,zebrad,277006681,232464410,44542270,1536266240,4653178880,400089088,1118564352,3810369536,729964544,20,13519474688
1791661911.802,1285.118,indexer,2357666757,1919565529,438101227,13996589056,14099902464,1746026496,11913515008,8989057024,40700846080,35,13517889536
1791661911.802,1285.118,zebrad,277014443,232471212,44543231,1536266240,4653178880,400089088,1118564352,3810369536,729964544,20,13517889536
1791661912.803,1286.118,indexer,2359511775,1921410548,438101227,14005198848,14099902464,1750224896,11918307328,8993427456,40700846080,35,13515423744
1791661912.803,1286.118,zebrad,277022957,232479324,44543632,1536266240,4653178880,400089088,1118564352,3810369536,729964544,20,13515423744
1791661913.803,1287.118,indexer,2360966769,1922865541,438101227,14012092416,14099902464,1754423296,11921002496,8996130816,40700846080,35,13511565312
1791661913.803,1287.118,zebrad,277031493,232487778,44543715,1536266240,4653178880,400089088,1118564352,3810369536,729964544,20,13511565312
1791661914.803,1288.118,indexer,2362065285,1923964058,438101227,14012547072,14099902464,1754632192,11921416192,8996536320,40700846080,35,13510594560
1791661914.803,1288.118,zebrad,277038812,232493885,44544927,1536262144,4653178880,400089088,1118564352,3810369536,729964544,20,13510594560
1791661915.803,1289.119,indexer,2363321371,1925220143,438101227,14015873024,14099902464,1757171712,11922120704,8997240832,40700846080,35,13510410240
1791661915.803,1289.119,zebrad,277046448,232501422,44545026,1536020480,4653178880,400089088,1118564352,3810369536,729964544,20,13510410240
1791661916.803,1290.119,indexer,2364663830,1926562602,438101227,14033137664,14099902464,1759268864,11937124352,9012244480,40700846080,35,13505708032
1791661916.803,1290.119,zebrad,277053771,232507532,44546238,1536020480,4653178880,400089088,1118564352,3810369536,729964544,20,13505708032
1791661917.803,1291.119,indexer,2365820831,1927719604,438101227,14058758144,14099902464,1761366016,11960627200,9035747328,40700846080,35,13506097152
1791661917.803,1291.119,zebrad,277061304,232514303,44547001,1536020480,4653178880,400089088,1118564352,3810369536,729964544,20,13506097152
1791661918.803,1292.119,indexer,2366946901,1928845674,438101227,14081024000,14099902464,1761366016,11983126528,9058246656,40700846080,35,13504065536
1791661918.803,1292.119,zebrad,277068946,232520841,44548104,1536020480,4653178880,400089088,1118564352,3810369536,729964544,20,13504065536
1791661919.803,1293.119,indexer,2368071917,1929970690,438101227,13996253184,14101958656,1761374208,11901140992,9080340480,40700846080,35,13507391488
1791661919.803,1293.119,zebrad,277076652,232528438,44548214,1535991808,4653178880,400089088,1118564352,3810369536,729964544,20,13507391488
1791661920.803,1294.119,indexer,2369197381,1931096153,438101227,14019801088,14101958656,1761968128,11924226048,9103425536,40700846080,35,13504925696
1791661920.803,1294.119,zebrad,277084617,232534567,44550049,1536249856,4653178880,400089088,1118564352,3810369536,729964544,20,13504925696
1791661921.803,1295.119,indexer,2370307880,1932206653,438101227,14046879744,14101958656,1764519936,11948716032,9127915520,40700846080,35,13502750720
1791661921.803,1295.119,zebrad,277092213,232542164,44550049,1536249856,4653178880,400089088,1118564352,3810369536,729964544,20,13502750720
1791661922.803,1296.119,indexer,2371452722,1933351495,438101227,14071328768,14101958656,1764524032,11972792320,9151991808,40700846080,35,13501743104
1791661922.803,1296.119,zebrad,277100519,232549490,44551029,1536249856,4653178880,400089088,1118564352,3810369536,729964544,20,13501743104
1791661923.804,1297.119,indexer,2372597596,1934496369,438101227,14094397440,14101958656,1764524032,11996123136,9175322624,40700846080,35,13503008768
1791661923.804,1297.119,zebrad,277107527,232555336,44552191,1536512000,4653178880,400089088,1118564352,3810369536,729964544,20,13503008768
1791661924.804,1298.119,indexer,2373836539,1935735312,438101227,14034677760,14101958656,1766621184,11936604160,9196244992,40700846080,35,13497823232
1791661924.804,1298.119,zebrad,277115592,232562391,44553200,1512910848,4653178880,400089088,1094971392,3810369536,729964544,20,13497823232
1791661925.804,1299.119,indexer,2375368692,1937267464,438101227,14058024960,14101958656,1771024384,11955343360,9214963712,40700846080,35,13487976448
1791661925.804,1299.119,zebrad,277123227,232569086,44554141,1512906752,4653178880,400089088,1094971392,3810369536,729964544,20,13487976448
1791661926.804,1300.120,indexer,2377123046,1939021818,438101227,14077755392,14101958656,1775218688,11970777088,9230401536,40700850176,35,13486845952
1791661926.804,1300.120,zebrad,277131507,232576321,44555185,1512906752,4653178880,400089088,1094971392,3810369536,729964544,20,13486845952
1791661927.804,1301.120,indexer,2378731716,1940630488,438101227,14100889600,14101958656,1779412992,11989823488,9249443840,40700850176,35,13485441024
1791661927.804,1301.120,zebrad,277139696,232584323,44555372,1512906752,4653178880,400089088,1094971392,3810369536,729964544,20,13485441024
1791661928.804,1302.120,indexer,2380419781,1942318554,438101227,14118739968,14118756352,1783607296,12003250176,9262870528,40700850176,35,13481635840
1791661928.804,1302.120,zebrad,277148382,232593009,44555372,1489833984,4653178880,400089088,1071902720,3810369536,729964544,20,13481635840
1791661929.804,1303.120,indexer,2382339015,1944237788,438101227,14052581376,14118756352,1789898752,11933011968,9273524224,40700850176,35,13475237888
1791661929.804,1303.120,zebrad,277156635,232600277,44556357,1489833984,4653178880,400089088,1071902720,3810369536,729964544,20,13475237888
1791661930.804,1304.120,indexer,2384307875,1946206647,438101227,14068998144,14118756352,1794093056,11945472000,9285984256,40700850176,35,13476741120
1791661930.804,1304.120,zebrad,277164987,232607090,44557897,1489833984,4653178880,400089088,1071902720,3810369536,729964544,20,13476741120
1791661931.805,1305.120,indexer,2385998791,1947897563,438101227,14092238848,14118756352,1798287360,11964637184,9305149440,40700850176,35,13463658496
1791661931.805,1305.120,zebrad,277173628,232615470,44558157,1489833984,4653178880,400089088,1071902720,3810369536,729964544,20,13463658496
1791661932.805,1306.120,indexer,2387832690,1949731463,438101227,14113161216,14118756352,1802481664,11981058048,9321570304,40700850176,35,13461266432
1791661932.805,1306.120,zebrad,277181564,232621253,44560310,1489833984,4653178880,400089088,1071902720,3810369536,729964544,20,13461266432
1791661933.805,1307.121,indexer,2389442786,1951341559,438101227,14128099328,14128115712,1806675968,11991887872,9332400128,40700850176,35,13458051072
1791661933.805,1307.121,zebrad,277187911,232625864,44562047,1489829888,4653178880,400089088,1071902720,3810369536,729964544,20,13458051072
1791661934.805,1308.121,indexer,2391066541,1952925709,438140831,14064197632,14143287296,1808773120,11927429120,9349226496,40700850176,35,13459611648
1791661934.805,1308.121,zebrad,277195413,232633366,44562047,1467023360,4653178880,400089088,1049096192,3810369536,729964544,20,13459611648
1791661935.805,1309.121,indexer,2392768447,1954428552,438339895,14090690560,14143287296,1812967424,11949694976,9371484160,40700850176,35,13422018560
1791661935.805,1309.121,zebrad,277203161,232637553,44565608,1467023360,4653178880,400089088,1049096192,3810369536,729964544,20,13422018560
1791661936.805,1310.121,indexer,2394365110,1955873499,438491610,14117654528,14143287296,1817161728,11972329472,9394118656,40700850176,35,13433942016
1791661936.805,1310.121,zebrad,277210449,232643956,44566493,1467023360,4653178880,400089088,1049096192,3810369536,729964544,20,13433942016
1791661937.805,1311.121,indexer,2396120356,1957430720,438689636,14141079552,14143287296,1819877376,11993042944,9414828032,40700850176,35,13438111744
1791661937.805,1311.121,zebrad,277220041,232653457,44566583,1467203584,4653178880,400089088,1049096192,3810369536,729964544,20,13438111744
1791661938.805,1312.121,indexer,2397725256,1958939139,438786117,14166609920,14166609920,1823281152,12015173632,9436958720,40700850176,35,13443481600
1791661938.805,1312.121,zebrad,277229244,232661790,44567453,1467203584,4653178880,400089088,1049096192,3810369536,729964544,20,13443481600
1791661939.805,1313.121,indexer,2399439911,1960423457,439016453,14106697728,14168403968,1827414016,11952201728,9455427584,40700850176,35,13440000000
1791661939.805,1313.121,zebrad,277236938,232669376,44567561,1444392960,4653178880,400089088,1026551808,3810369536,729964544,20,13440000000
1791661940.806,1314.121,indexer,2401158218,1961949332,439208886,14129803264,14168403968,1831505920,11971276800,9474502656,40700850176,35,13435064320
1791661940.806,1314.121,zebrad,277244495,232676847,44567647,1444392960,4653178880,400089088,1026551808,3810369536,729964544,20,13435064320
1791661941.806,1315.121,indexer,2403048371,1963569560,439478810,14150709248,14168403968,1837273088,11986206720,9489432576,40700850176,35,13428850688
1791661941.806,1315.121,zebrad,277252440,232684792,44567647,1444651008,4653178880,400089088,1026551808,3810369536,729964544,20,13428850688
1791661942.806,1316.122,indexer,2404947580,1965200057,439747523,14169149440,14169153536,1843195904,11998687232,9501917184,40700850176,35,13422661632
1791661942.806,1316.122,zebrad,277260170,232691740,44568429,1444651008,4653178880,400089088,1026551808,3810369536,729964544,20,13422661632
1791661943.806,1317.122,indexer,2406849661,1966898906,439950754,14185070592,14185074688,1848332288,12009582592,9512808448,40700850176,35,13417492480
1791661943.806,1317.122,zebrad,277267965,232696724,44571240,1444388864,4653178880,400089088,1026551808,3810369536,729964544,20,13417492480
1791661944.806,1318.122,indexer,2408729066,1968470798,440258268,14121029632,14189813760,1854623744,11939835904,9524998144,40700850176,35,13413482496
1791661944.806,1318.122,zebrad,277275761,232704520,44571240,1422139392,4653178880,400089088,1004531712,3810369536,729964544,20,13413482496
1791661945.806,1319.122,indexer,2409975844,1969690388,440285455,14136172544,14189813760,1856225280,11953254400,9545232384,40700850176,35,13414793216
1791661945.806,1319.122,zebrad,277283062,232710972,44572090,1421352960,4653178880,400089088,1003483136,3810369536,729964544,20,13414793216
1791661946.806,1320.122,indexer,2411353955,1971052424,440301530,14161489920,14189813760,1857867776,11976695808,9568673792,40700850176,35,13412769792
1791661946.806,1320.122,zebrad,277290302,232718015,44572286,1421352960,4653178880,400089088,1003483136,3810369536,729964544,20,13412769792
1791661947.806,1321.122,indexer,2412761061,1972396078,440364982,14185938944,14189813760,1859973120,11999297536,9591275520,40700850176,35,13411233792
1791661947.806,1321.122,zebrad,277297042,232724639,44572402,1421615104,4653178880,400089088,1003483136,3810369536,729964544,20,13411233792
1791661948.806,1322.122,indexer,2414336856,1973825954,440510902,14210232320,14210232320,1863507968,12019593216,9611571200,40700850176,35,13407178752
1791661948.806,1322.122,zebrad,277304210,232731622,44572587,1421615104,4653178880,400089088,1003483136,3810369536,729964544,20,13407178752
1791661949.806,1323.122,indexer,2415930647,1975260150,440670496,14127202304,14217891840,1867218944,11934584832,9630461952,40700850176,35,13404827648
1791661949.806,1323.122,zebrad,277312222,232738634,44573588,1421611008,4653178880,400089088,1003483136,3810369536,729964544,20,13404827648
1791661950.807,1324.122,indexer,2417333063,1976580415,440752648,14150524928,14217891840,1869570048,11955499008,9651376128,40700850176,35,13400502272
1791661950.807,1324.122,zebrad,277319448,232744662,44574785,1421611008,4653178880,400089088,1003483136,3810369536,729964544,20,13400502272
1791661951.807,1325.122,indexer,2418832994,1977916207,440916787,14173712384,14217891840,1872596992,11975442432,9671319552,40700850176,35,13397741568
1791661951.807,1325.122,zebrad,277327036,232751156,44575880,1421606912,4653178880,400089088,1003483136,3810369536,729964544,20,13397741568
1791661952.807,1326.122,indexer,2420151738,1979158299,440993439,14195458048,14217891840,1874681856,11995303936,9691181056,40700850176,35,13389623296
1791661952.807,1326.122,zebrad,277334548,232758428,44576120,1421348864,4653178880,400089088,1003483136,3810369536,729964544,20,13389623296
1791661953.807,1327.122,indexer,2421231137,1980197335,441033802,14058213376,14217891840,1724444672,12008648704,9704525824,40700850176,36,13530075136
1791661953.807,1327.122,zebrad,277341531,232765256,44576274,1421602816,4653178880,400089088,1003483136,3810369536,729964544,20,13530075136
1791661954.807,1328.123,indexer,2421999892,1980966090,441033802,14082588672,14217891840,1742057472,12015075328,9710985216,40700850176,36,13511684096
1791661954.807,1328.123,zebrad,277349670,232773215,44576454,1421602816,4653178880,400089088,1003483136,3810369536,729964544,20,13511684096
1791661955.807,1329.123,indexer,2422839537,1981666975,441172561,14164111360,14217891840,1751613440,12084105216,9715154944,40700850176,36,13512679424
1791661955.807,1329.123,zebrad,277357377,232780812,44576564,1421602816,4653178880,400089088,1003483136,3810369536,729964544,20,13512679424
1791661956.807,1330.123,indexer,2423308598,1981818736,441489861,14186295296,14228946944,1753563136,12102406144,9715376128,41144377344,36,13498540032
1791661956.807,1330.123,zebrad,277365008,232787181,44577826,1399844864,4653178880,400089088,981725184,3810369536,729964544,20,13498540032
1791661957.807,1331.123,indexer,2423368657,1981865551,441503105,14186287104,14228946944,1753563136,12102406144,9715376128,41220108288,36,13477109760
1791661957.807,1331.123,zebrad,277373400,232795353,44578047,1399857152,4653178880,400089088,981725184,3810369536,729964544,20,13477109760
1791661958.807,1332.123,indexer,2423425167,1981904550,441520617,14186545152,14228946944,1753563136,12102406144,9715376128,41302925312,36,13476323328
1791661958.807,1332.123,zebrad,277380543,232800112,44580431,1399848960,4653178880,400089088,981725184,3810369536,729964544,20,13476323328
1791661959.807,1333.123,indexer,2423523269,1981912461,441610807,14133108736,14228946944,1753563136,12048175104,9715376128,41387712512,36,13496184832
1791661959.807,1333.123,zebrad,277387567,232807135,44580431,1399844864,4653178880,400089088,981725184,3810369536,729964544,20,13496184832
1791661960.807,1334.123,indexer,2423590142,1981912461,441677681,14132912128,14228946944,1753563136,12048175104,9715376128,41478610944,36,13490483200
1791661960.807,1334.123,zebrad,277394345,232813631,44580714,1399844864,4653178880,400089088,981725184,3810369536,729964544,20,13490483200
1791661961.807,1335.123,indexer,2423663425,1981912461,441750963,14132916224,14228946944,1753563136,12048175104,9715376128,41580576768,36,13494362112
1791661961.807,1335.123,zebrad,277404272,232821729,44582542,1399844864,4653178880,400089088,981725184,3810369536,729964544,20,13494362112
1791661962.808,1336.123,indexer,2423742780,1981912461,441830319,14133383168,14228946944,1753563136,12048175104,9715376128,41759539200,36,13492027392
1791661962.808,1336.123,zebrad,277412266,232828725,44583541,1399844864,4653178880,400089088,981725184,3810369536,729964544,20,13492027392
1791661963.808,1337.123,indexer,2423950465,1981962824,441987641,13998899200,14228946944,1612042240,12055863296,9723056128,41923477504,35,13626544128
1791661963.808,1337.123,zebrad,277419814,232834343,44585470,1399582720,4653178880,400089088,981725184,3810369536,729964544,20,13626544128
1791661964.808,1338.123,indexer,2424614418,1982580566,442033851,14114578432,14228946944,1716551680,12066574336,9733767168,41923477504,35,13494095872
1791661964.808,1338.123,zebrad,277427326,232840935,44586391,1399582720,4653178880,400089088,981725184,3810369536,729964544,20,13494095872
1791661965.808,1339.124,indexer,2424936270,1982838984,442097285,14136074240,14228946944,1716928512,12087812096,9755004928,41923477504,35,13495283712
1791661965.808,1339.124,zebrad,277434918,232848526,44586391,1399844864,4653178880,400089088,981725184,3810369536,729964544,20,13495283712
1791661966.808,1340.124,indexer,2425273084,1983115560,442157523,14157570048,14228946944,1716989952,12109053952,9776246784,41923477504,35,13492686848
1791661966.808,1340.124,zebrad,277442340,232854951,44587389,1399844864,4653178880,400089088,981725184,3810369536,729964544,20,13492686848
1791661967.808,1341.124,indexer,2425600993,1983375769,442225224,14176206848,14228946944,1717366784,12126908416,9797296128,41923477504,35,13522333696
1791661967.808,1341.124,zebrad,277452409,232865014,44587395,1399332864,4653178880,400089088,981725184,3810369536,729964544,20,13522333696
1791661968.808,1342.124,indexer,2425920231,1983631335,442288896,14096007168,14228946944,1717366784,12047593472,9818730496,41923477504,35,13530894336
1791661968.808,1342.124,zebrad,277459658,232871904,44587754,1399590912,4653178880,400089088,981725184,3810369536,729964544,20,13530894336
1791661969.808,1343.124,indexer,2426237621,1983899727,442337894,14118027264,14228946944,1717739520,12069249024,9840381952,41923477504,35,13534253056
1791661969.808,1343.124,zebrad,277466898,232876583,44590314,1399848960,4653178880,400089088,981725184,3810369536,729964544,20,13534253056
1791661970.808,1344.124,indexer,2426569498,1984166347,442403151,14138470400,14228946944,1717739520,12089860096,9860993024,41923477504,35,13530791936
1791661970.808,1344.124,zebrad,277474607,232884292,44590314,1399840768,4653178880,400089088,981725184,3810369536,729964544,20,13530791936
1791661971.808,1345.124,indexer,2426909227,1984451269,442457958,14161014784,14228946944,1718669312,12111421440,9882558464,41923477504,35,13531156480
1791661971.808,1345.124,zebrad,277481960,232890639,44591320,1399582720,4653178880,400089088,981725184,3810369536,729964544,20,13531156480
1791661972.808,1346.124,indexer,2427242463,1984730443,442512019,14183034880,14228946944,1718669312,12133064704,9904197632,41923477504,35,13526814720
1791661972.808,1346.124,zebrad,277489465,232896222,44593243,1399582720,4653178880,400089088,981725184,3810369536,729964544,20,13526814720
1791661973.809,1347.124,indexer,2427572079,1984995786,442576293,14203482112,14228946944,1718669312,12153614336,9924751360,41923477504,35,13534978048
1791661973.809,1347.124,zebrad,277497443,232903043,44594399,1399582720,4653178880,400089088,981725184,3810369536,729964544,20,13534978048
1791661974.809,1348.124,indexer,2427893553,1985256059,442637494,14224453632,14228946944,1718669312,12174753792,9945890816,41923477504,35,13534236672
1791661974.809,1348.124,zebrad,277504870,232909240,44595629,1399578624,4653178880,400089088,981725184,3810369536,729964544,20,13534236672
1791661975.809,1349.124,indexer,2428214597,1985515980,442698616,14140743680,14228946944,1718669312,12091797504,9966809088,41923477504,35,13524389888
1791661975.809,1349.124,zebrad,277512382,232914829,44597553,1399574528,4653178880,400089088,981725184,3810369536,729964544,20,13524389888
1791661976.809,1350.125,indexer,2428549630,1985780696,442768934,14160650240,14228946944,1718669312,12111826944,9986842624,41923477504,35,13527871488
1791661976.809,1350.125,zebrad,277520462,232921413,44599048,1399566336,4653178880,400089088,981725184,3810369536,729964544,20,13527871488
1791661977.809,1351.125,indexer,2428872028,1986040720,442831307,14180560896,14228946944,1718669312,12131971072,10006986752,41923477504,35,13523083264
1791661977.809,1351.125,zebrad,277528122,232928129,44599993,1399566336,4653178880,400089088,981725184,3810369536,729964544,20,13523083264
1791661978.809,1352.125,indexer,2429190461,1986299224,442891236,14202314752,14228946944,1718669312,12153524224,10028535808,41923477504,35,13528248320
1791661978.809,1352.125,zebrad,277535897,232935783,44600114,1399566336,4653178880,400089088,981725184,3810369536,729964544,20,13528248320
1791661979.809,1353.125,indexer,2429511413,1986563400,442948012,14115975168,14228946944,1718669312,12069953536,10048827392,41923477504,35,13532270592
1791661979.809,1353.125,zebrad,277543684,232942605,44601079,1399316480,4653178880,400089088,981725184,3810369536,729964544,20,13532270592
1791661980.809,1354.125,indexer,2429914290,1986918101,442996189,14133272576,14228946944,1718669312,12087005184,10065874944,41923477504,35,13531238400
1791661980.809,1354.125,zebrad,277551683,232947599,44604084,1399308288,4653178880,400089088,981725184,3810369536,729964544,20,13531238400
1791661981.809,1355.125,indexer,2430265007,1987206346,443058660,14152749056,14228946944,1718669312,12106670080,10085543936,41923477504,35,13522169856
1791661981.809,1355.125,zebrad,277559015,232953878,44605137,1399566336,4653178880,400089088,981725184,3810369536,729964544,20,13522169856
1791661982.809,1356.125,indexer,2430669986,1987557418,443112568,14170836992,14228946944,1718669312,12124975104,10103844864,41923477504,35,13528924160
1791661982.809,1356.125,zebrad,277567445,232961078,44606366,1399562240,4653178880,400089088,981725184,3810369536,729964544,20,13528924160
1791661983.809,1357.125,indexer,2431070371,1987913847,443156524,14188924928,14228946944,1718669312,12143001600,10121871360,41923477504,35,13524570112
1791661983.809,1357.125,zebrad,277574959,232967188,44607771,1399558144,4653178880,400089088,981725184,3810369536,729964544,20,13524570112
1791661984.810,1358.125,indexer,2431427681,1988209953,443217728,14208573440,14228946944,1718669312,12162510848,10141384704,41923477504,35,13527613440
1791661984.810,1358.125,zebrad,277582763,232972859,44609903,1399558144,4653178880,400089088,981725184,3810369536,729964544,20,13527613440
1791661985.810,1359.125,indexer,2431860060,1988596200,443263859,14141071360,14228946944,1718669312,12097216512,10158538752,41923477504,35,13534703616
1791661985.810,1359.125,zebrad,277590736,232980519,44610217,1378062336,4653178880,400089088,960229376,3810369536,729964544,20,13534703616
1791661986.810,1360.125,indexer,2432222096,1988889368,443332727,14160990208,14228946944,1718669312,12116926464,10178207744,41923477504,35,13531574272
1791661986.810,1360.125,zebrad,277598357,232986198,44612158,1377796096,4653178880,400089088,960229376,3810369536,729964544,20,13531574272
1791661987.810,1361.126,indexer,2432570355,1989164759,443405596,14180241408,14228946944,1718669312,12136456192,10197737472,41923477504,35,13529092096
1791661987.810,1361.126,zebrad,277605732,232992352,44613379,1377796096,4653178880,400089088,960229376,3810369536,729964544,20,13529092096
1791661988.810,1362.126,indexer,2432929076,1989456375,443472701,14200754176,14228946944,1718669312,12156862464,10218143744,41923477504,35,13529366528
1791661988.810,1362.126,zebrad,277613698,232998644,44615054,1377796096,4653178880,400089088,960229376,3810369536,729964544,20,13529366528
1791661989.810,1363.126,indexer,2433282750,1989744295,443538454,14220414976,14228946944,1718669312,12176441344,10237726720,41923477504,35,13524865024
1791661989.810,1363.126,zebrad,277621047,233005940,44615106,1377538048,4653178880,400089088,960229376,3810369536,729964544,20,13524865024
1791661990.810,1364.126,indexer,2433656860,1990054294,443602565,14239285248,14239285248,1718669312,12195233792,10256519168,41923477504,35,13531828224
1791661990.810,1364.126,zebrad,277628575,233013469,44615106,1377796096,4653178880,400089088,960229376,3810369536,729964544,20,13531828224
1791661991.810,1365.126,indexer,2434018421,1990344174,443674246,14150975488,14241120256,1718669312,12109987840,10275262464,41923477504,35,13536120832
1791661991.810,1365.126,zebrad,277636344,233020194,44616149,1377783808,4653178880,400089088,960229376,3810369536,729964544,20,13536120832
1791661992.810,1366.126,indexer,2434369025,1990623939,443745085,14170820608,14241120256,1718669312,12129816576,10295091200,41923477504,35,13520326656
1791661992.810,1366.126,zebrad,277644029,233026930,44617098,1377783808,4653178880,400089088,960229376,3810369536,729964544,20,13520326656
1791661993.810,1367.126,indexer,2434710700,1990900012,443810687,14191005696,14241120256,1718669312,12150005760,10315284480,41923477504,35,13528686592
1791661993.810,1367.126,zebrad,277651219,233033933,44617286,1378017280,4653178880,400089088,960229376,3810369536,729964544,20,13528686592
1791661994.810,1368.126,indexer,2435067019,1991187188,443879831,14210641920,14241120256,1718669312,12169560064,10334838784,41923477504,35,13528543232
1791661994.810,1368.126,zebrad,277659166,233041731,44617435,1378009088,4653178880,400089088,960229376,3810369536,729964544,20,13528543232
1791661995.811,1369.126,indexer,2435426427,1991476172,443950254,14231613440,14241120256,1718669312,12190564352,10355838976,41923477504,35,13529014272
1791661995.811,1369.126,zebrad,277667253,233045634,44621619,1378009088,4653178880,400089088,960229376,3810369536,729964544,20,13529014272
1791661996.811,1370.126,indexer,2435782890,1991764493,444018397,14145036288,14241292288,1718669312,12106665984,10376024064,41923477504,35,13526446080
1791661996.811,1370.126,zebrad,277675104,233053485,44621619,1378009088,4653178880,400089088,960229376,3810369536,729964544,20,13526446080
1791661997.811,1371.126,indexer,2436140396,1992056705,444083691,14164959232,14241292288,1718669312,12126691328,10396045312,41923481600,35,13522046976
1791661997.811,1371.126,zebrad,277684714,233062026,44622687,1377767424,4653178880,400089088,960229376,3810369536,729964544,20,13522046976
1791661998.811,1372.127,indexer,2436497126,1992342492,444154633,14184951808,14241292288,1718669312,12146774016,10416128000,41923481600,35,13526499328
1791661998.811,1372.127,zebrad,277692990,233070101,44622889,1377509376,4653178880,400089088,960229376,3810369536,729964544,20,13526499328
1791661999.811,1373.127,indexer,2436855935,1992627495,444228440,14204350464,14241292288,1718669312,12166184960,10435543040,41923481600,35,13529669632
1791661999.811,1373.127,zebrad,277700767,233077595,44623171,1377763328,4653178880,400089088,960229376,3810369536,729964544,20,13529669632
1791662000.811,1374.127,indexer,2437215468,1992910628,444304840,14223745024,14241292288,1718669312,12185321472,10454675456,41923481600,35,13521068032
1791662000.811,1374.127,zebrad,277708449,233085172,44623277,1377763328,4653178880,400089088,960229376,3810369536,729964544,20,13521068032
1791662001.811,1375.127,indexer,2437574563,1993189487,444385076,14139617280,14241292288,1718669312,12102144000,10475536384,41923481600,35,13521784832
1791662001.811,1375.127,zebrad,277716504,233093060,44623443,1377759232,4653178880,400089088,960229376,3810369536,729964544,20,13521784832
1791662002.811,1376.127,indexer,2437939646,1993478324,444461322,14159540224,14241292288,1718669312,12121972736,10495369216,41923481600,35,13531242496
1791662002.811,1376.127,zebrad,277723635,233099009,44624625,1378009088,4653178880,400089088,960229376,3810369536,729964544,20,13531242496
1791662003.811,1377.127,indexer,2438299997,1993769805,444530191,14179348480,14241292288,1718669312,12141957120,10515353600,41923481600,35,13524434944
1791662003.811,1377.127,zebrad,277731631,233105846,44625784,1378000896,4653178880,400089088,960229376,3810369536,729964544,20,13524434944
1791662004.811,1378.127,indexer,2438661960,1994048249,444613711,14198890496,14241292288,1718669312,12161323008,10534785024,41923481600,35,13521088512
1791662004.811,1378.127,zebrad,277739134,233111104,44628029,1377992704,4653178880,400089088,960229376,3810369536,729964544,20,13521088512
1791662005.811,1379.127,indexer,2439014816,1994334761,444680054,14218551296,14241292288,1718669312,12181348352,10554740736,41923481600,35,13528080384
1791662005.811,1379.127,zebrad,277746576,233116633,44629942,1377988608,4653178880,400089088,960229376,3810369536,729964544,20,13528080384
1791662006.812,1380.127,indexer,2439376744,1994625790,444750953,14239518720,14241292288,1718669312,12201959424,10575351808,41923481600,35,13531508736
1791662006.812,1380.127,zebrad,277754607,233124503,44630104,1377988608,4653178880,400089088,960229376,3810369536,729964544,20,13531508736
1791662007.812,1381.127,indexer,2439728890,1994902441,444826448,14156898304,14241292288,1719889920,12117987328,10595454976,41923481600,35,13532499968
1791662007.812,1381.127,zebrad,277761898,233130748,44631150,1377988608,4653178880,400089088,960229376,3810369536,729964544,20,13532499968
1791662008.812,1382.127,indexer,2440083125,1995191958,444891166,14176555008,14241292288,1719889920,12137730048,10615193600,41923481600,35,13536874496
1791662008.812,1382.127,zebrad,277769320,233138169,44631150,1377714176,4653178880,400089088,960229376,3810369536,729964544,20,13536874496
1791662009.812,1383.128,indexer,2440430035,1995464165,444965869,14196740096,14241292288,1719889920,12158066688,10635534336,41923481600,35,13536825344
1791662009.812,1383.128,zebrad,277776963,233145812,44631150,1377714176,4653178880,400089088,960229376,3810369536,729964544,20,13536825344
1791662010.812,1384.128,indexer,2440756567,1995717095,445039472,14216654848,14241292288,1719889920,12178219008,10655682560,41923481600,35,13536854016
1791662010.812,1384.128,zebrad,277784768,233153617,44631150,1378234368,4653178880,400089088,960229376,3810369536,729964544,20,13536854016
1791662011.812,1385.128,indexer,2441093079,1995989504,445103574,14238412800,14241292288,1719889920,12199833600,10677301248,41923481600,35,13542158336
1791662011.812,1385.128,zebrad,277792119,233160787,44631331,1377964032,4653178880,400089088,960229376,3810369536,729964544,20,13542158336
1791662012.812,1386.128,indexer,2441441661,1996277026,445164635,14156361728,14255976448,1719889920,12117413888,10698948608,41923481600,35,13543870464
1791662012.812,1386.128,zebrad,277799717,233168292,44631424,1378226176,4653178880,400089088,960229376,3810369536,729964544,20,13543870464
1791662013.812,1387.128,indexer,2441773168,1996541854,445231313,14177071104,14255976448,1719889920,12138151936,10719686656,41923481600,35,13535248384
1791662013.812,1387.128,zebrad,277807558,233176133,44631424,1378226176,4653178880,400089088,960229376,3810369536,729964544,20,13535248384
1791662014.812,1388.128,indexer,2442113864,1996821039,445292825,14197252096,14255976448,1719889920,12158550016,10740084736,41923481600,35,13538504704
1791662014.812,1388.128,zebrad,277814285,233182861,44631424,1378226176,4653178880,400089088,960229376,3810369536,729964544,20,13538504704
1791662015.812,1389.128,indexer,2442509433,1997163175,445346258,14215864320,14255976448,1719889920,12176990208,10758524928,41923481600,35,13541040128
1791662015.812,1389.128,zebrad,277821928,233190481,44631446,1377947648,4653178880,400089088,960229376,3810369536,729964544,20,13541040128
1791662016.813,1390.128,indexer,2442895713,1997504686,445391027,14234210304,14255976448,1719889920,12195282944,10776821760,41923481600,35,13538877440
1791662016.813,1390.128,zebrad,277829685,233198238,44631446,1377943552,4653178880,400089088,960229376,3810369536,729964544,20,13538877440
1791662017.813,1391.128,indexer,2443284125,1997833701,445450424,14168141824,14255976448,1719889920,12130951168,10795569152,41923481600,35,13527085056
1791662017.813,1391.128,zebrad,277837362,233205915,44631446,1356967936,4653178880,400089088,939253760,3810369536,729964544,20,13527085056
1791662018.813,1392.128,indexer,2443844939,1998386853,445458085,14182035456,14255976448,1719889920,12144730112,10809352192,41923481600,35,13523447808
1791662018.813,1392.128,zebrad,277844675,233213228,44631446,1357221888,4653178880,400089088,939253760,3810369536,729964544,20,13523447808
1791662019.813,1393.128,indexer,2444565134,1999105654,445459479,14191210496,14255976448,1719889920,12153667584,10818285568,41923481600,35,13528838144
1791662019.813,1393.128,zebrad,277851974,233218690,44633284,1357217792,4653178880,400089088,939253760,3810369536,729964544,20,13528838144
1791662020.813,1394.129,indexer,2445418554,1999959075,445459479,14195400704,14255976448,1719889920,12158001152,10822619136,41923481600,35,13529219072
1791662020.813,1394.129,zebrad,277859121,233224814,44634307,1357209600,4653178880,400089088,939253760,3810369536,729964544,20,13529219072
1791662021.813,1395.129,indexer,2445708869,2000249390,445459479,14159589376,14255976448,1684234240,12158005248,10822619136,41925017600,35,13539717120
1791662021.813,1395.129,zebrad,277865973,233231370,44634602,1357250560,4653178880,400089088,939253760,3810369536,729964544,20,13539717120
1791662022.813,1396.129,indexer,2445716036,2000256557,445459479,14159843328,14255976448,1684234240,12158005248,10822664192,41925017600,35,13540753408
1791662022.813,1396.129,zebrad,277873981,233238540,44635441,1357242368,4653178880,400089088,939253760,3810369536,729964544,20,13540753408
1791662023.813,1397.129,indexer,2445719169,2000259690,445459479,14159839232,14255976448,1684234240,12158050304,10822664192,41925017600,35,13544067072
1791662023.813,1397.129,zebrad,277881233,233244913,44636320,1356976128,4653178880,400089088,939253760,3810369536,729964544,20,13544067072
1791662024.813,1398.129,indexer,2445722936,2000263457,445459479,14159835136,14255976448,1684234240,12158050304,10822664192,41925017600,35,13564174336
1791662024.813,1398.129,zebrad,277888123,233251663,44636460,1356976128,4653178880,400089088,939253760,3810369536,729964544,20,13564174336
1791662025.814,1399.129,indexer,2445725972,2000266493,445459479,14159831040,14255976448,1684332544,12158050304,10822664192,41925017600,35,13564088320
1791662025.814,1399.129,zebrad,277895611,233259076,44636534,1356705792,4653178880,400089088,939253760,3810369536,729964544,20,13564088320
1791662026.814,1400.129,indexer,2445729469,2000269990,445459479,14159826944,14255976448,1684332544,12158050304,10822664192,41925017600,35,13564092416
1791662026.814,1400.129,zebrad,277902561,233265877,44636684,1356705792,4653178880,400089088,939253760,3810369536,729964544,20,13564092416
1791662027.814,1401.129,indexer,2445736479,2000276999,445459479,14159822848,14255976448,1684332544,12158050304,10822664192,41925017600,35,13554913280
1791662027.814,1401.129,zebrad,277911233,233274445,44636788,1356955648,4653178880,400089088,939253760,3810369536,729964544,20,13554913280
1791662028.814,1402.130,indexer,2445739904,2000280425,445459479,14159814656,14255976448,1684332544,12158050304,10822664192,41925017600,35,13555216384
1791662028.814,1402.130,zebrad,277918629,233280778,44637851,1356955648,4653178880,400089088,939253760,3810369536,729964544,20,13555216384
1791662029.814,1403.130,indexer,2445742895,2000283416,445459479,14159564800,14255976448,1684332544,12158050304,10822664192,41925021696,35,13555216384
1791662029.814,1403.130,zebrad,277924992,233285760,44639232,1356955648,4653178880,400109568,939253760,3810369536,729964544,20,13555216384
1791662030.814,1404.130,indexer,2445746394,2000286915,445459479,14159822848,14255976448,1684332544,12158050304,10822664192,41925021696,35,13555228672
1791662030.814,1404.130,zebrad,277932735,233293387,44639347,1356951552,4653178880,400109568,939253760,3810369536,729964544,20,13555228672
1791662031.814,1405.130,indexer,2445749242,2000289762,445459479,14159818752,14255976448,1684332544,12158050304,10822664192,41925021696,35,13559398400
1791662031.814,1405.130,zebrad,277939881,233298668,44641212,1357213696,4653178880,400109568,939253760,3810369536,729964544,20,13559398400
1791662032.814,1406.130,indexer,2445756311,2000296832,445459479,14159818752,14255976448,1684332544,12158050304,10822664192,41925021696,35,13559398400
1791662032.814,1406.130,zebrad,277947672,233304974,44642698,1357209600,4653178880,400109568,939253760,3810369536,729964544,20,13559398400
1791662033.815,1407.130,indexer,2445759230,2000299751,445459479,14159818752,14255976448,1684332544,12158050304,10822664192,41925021696,35,13559398400
1791662033.815,1407.130,zebrad,277955564,233312045,44643518,1356939264,4653178880,400109568,939253760,3810369536,729964544,20,13559398400
1791662034.815,1408.130,indexer,2445762700,2000303221,445459479,14159814656,14255976448,1684332544,12158050304,10822664192,41925021696,35,13559160832
1791662034.815,1408.130,zebrad,277962458,233316953,44645504,1356931072,4653178880,400109568,939253760,3810369536,729964544,20,13559160832
1791662035.815,1409.130,indexer,2445765784,2000306305,445459479,14159814656,14255976448,1684332544,12158050304,10822664192,41925021696,35,13559160832
1791662035.815,1409.130,zebrad,277969854,233324289,44645564,1356664832,4653178880,400109568,939253760,3810369536,729964544,20,13559160832
1791662036.815,1410.131,indexer,2445769358,2000309879,445459479,14159810560,14255976448,1684332544,12158050304,10822664192,41925021696,35,13559160832
1791662036.815,1410.131,zebrad,277977012,233331265,44645747,1356664832,4653178880,400109568,939253760,3810369536,729964544,20,13559160832
1791662037.815,1411.131,indexer,2445776053,2000316574,445459479,14159810560,14255976448,1684332544,12158050304,10822664192,41925021696,35,13555351552
1791662037.815,1411.131,zebrad,277985058,233339147,44645911,1356664832,4653178880,400109568,939253760,3810369536,729964544,20,13555351552
1791662038.815,1412.131,indexer,2445779585,2000320106,445459479,14159810560,14255976448,1684332544,12158050304,10822664192,41925021696,35,13555458048
1791662038.815,1412.131,zebrad,277991752,233342561,44649191,1356926976,4653178880,400109568,939253760,3810369536,729964544,20,13555458048
1791662039.815,1413.131,indexer,2445782587,2000323108,445459479,14159806464,14255976448,1684332544,12158050304,10822664192,41925021696,35,13555458048
1791662039.815,1413.131,zebrad,277998630,233348298,44650332,1356922880,4653178880,400109568,939253760,3810369536,729964544,20,13555458048
1791662040.815,1414.131,indexer,2445786179,2000326700,445459479,14159798272,14255976448,1684332544,12158050304,10822664192,41925021696,35,13555458048
1791662040.815,1414.131,zebrad,278006370,233355081,44651289,1356922880,4653178880,400109568,939253760,3810369536,729964544,20,13555458048
1791662041.816,1415.131,indexer,2445789384,2000329905,445459479,14159798272,14255976448,1684332544,12158050304,10822664192,41925021696,35,13555212288
1791662041.816,1415.131,zebrad,278013511,233360358,44653153,1356918784,4653178880,400109568,939253760,3810369536,729964544,20,13555212288
1791662042.816,1416.131,indexer,2445796592,2000337113,445459479,14159794176,14255976448,1684332544,12158050304,10822664192,41925021696,35,13555212288
1791662042.816,1416.131,zebrad,278020563,233367082,44653480,1356918784,4653178880,400109568,939253760,3810369536,729964544,20,13555212288
1791662043.816,1417.131,indexer,2445799766,2000340286,445459479,14159790080,14255976448,1684332544,12158050304,10822664192,41925021696,35,13555212288
1791662043.816,1417.131,zebrad,278027837,233373151,44654685,1356918784,4653178880,400109568,939253760,3810369536,729964544,20,13555212288
1791662044.816,1418.132,indexer,2445803439,2000343960,445459479,14159785984,14255976448,1684332544,12158050304,10822664192,41925021696,35,13555212288
1791662044.816,1418.132,zebrad,278034842,233380156,44654685,1356910592,4653178880,400109568,939253760,3810369536,729964544,20,13555212288
1791662045.816,1419.132,indexer,2445806449,2000346970,445459479,14159777792,14255976448,1684332544,12158050304,10822664192,41925021696,35,13555212288
1791662045.816,1419.132,zebrad,278041686,233386710,44654976,1356906496,4653178880,400109568,939253760,3810369536,729964544,20,13555212288
1791662046.816,1420.132,indexer,2445810063,2000350584,445459479,14159773696,14255976448,1684332544,12158050304,10822664192,41925021696,35,13555212288
1791662046.816,1420.132,zebrad,278048996,233393812,44655183,1356906496,4653178880,400109568,939253760,3810369536,729964544,20,13555212288
1791662047.816,1421.132,indexer,2445816860,2000357381,445459479,14159773696,14255976448,1684332544,12158050304,10822664192,41925021696,35,13555212288
1791662047.816,1421.132,zebrad,278055968,233400631,44655336,1356906496,4653178880,400109568,939253760,3810369536,729964544,20,13555212288
1791662048.816,1422.132,indexer,2445820356,2000360877,445459479,14159761408,14255976448,1684332544,12158050304,10822664192,41925021696,35,13557735424
1791662048.816,1422.132,zebrad,278062967,233406470,44656496,1356906496,4653178880,400109568,939253760,3810369536,729964544,20,13557735424
1791662049.817,1423.132,indexer,2445823621,2000364142,445459479,14159757312,14255976448,1684332544,12158050304,10822664192,41925021696,35,13557854208
1791662049.817,1423.132,zebrad,278070848,233413891,44656957,1356906496,4653178880,400109568,939253760,3810369536,729964544,20,13557854208
1791662050.817,1424.132,indexer,2445827212,2000367733,445459479,14159753216,14255976448,1684332544,12158050304,10822664192,41925021696,35,13557854208
1791662050.817,1424.132,zebrad,278077934,233419963,44657970,1356902400,4653178880,400109568,939253760,3810369536,729964544,20,13557854208
1791662051.817,1425.132,indexer,2445830521,2000371041,445459479,14159749120,14255976448,1684332544,12158050304,10822664192,41925021696,35,13557854208
1791662051.817,1425.132,zebrad,278084984,233426848,44658135,1356902400,4653178880,400109568,939253760,3810369536,729964544,20,13557854208
1791662052.817,1426.133,indexer,2445837712,2000378233,445459479,14159749120,14255976448,1684332544,12158050304,10822664192,41925021696,35,13557624832
1791662052.817,1426.133,zebrad,278091537,233432993,44658543,1356861440,4653178880,400109568,939253760,3810369536,729964544,20,13557624832
1791662053.817,1427.133,indexer,2445840712,2000381233,445459479,14159749120,14255976448,1684332544,12158050304,10822664192,41925021696,35,13557628928
1791662053.817,1427.133,zebrad,278098899,233440139,44658759,1356861440,4653178880,400109568,939253760,3810369536,729964544,20,13557628928
1791662054.817,1428.133,indexer,2445844683,2000385204,445459479,14159749120,14255976448,1684430848,12158050304,10822664192,41925021696,35,13557628928
1791662054.817,1428.133,zebrad,278106510,233446492,44660018,1356861440,4653178880,400109568,939253760,3810369536,729964544,20,13557628928
1791662055.817,1429.133,indexer,2445847889,2000388410,445459479,14159749120,14255976448,1684430848,12158050304,10822664192,41925021696,35,13557628928
1791662055.817,1429.133,zebrad,278113694,233451805,44661889,1356861440,4653178880,400109568,939253760,3810369536,729964544,20,13557628928
1791662056.817,1430.133,indexer,2445851526,2000392047,445459479,14159749120,14255976448,1684430848,12158050304,10822664192,41925021696,35,13557628928
1791662056.817,1430.133,zebrad,278120919,233458836,44662083,1356857344,4653178880,400109568,939253760,3810369536,729964544,20,13557628928
1791662057.817,1431.133,indexer,2445858090,2000398611,445459479,14159765504,14255976448,1684430848,12158050304,10822664192,41925021696,35,13557661696
1791662057.817,1431.133,zebrad,278129818,233467595,44662223,1356922880,4653178880,400109568,939253760,3810369536,729964544,20,13557661696
1791662058.818,1432.133,indexer,2445861673,2000402194,445459479,14159183872,14255976448,1684533248,12158050304,10822664192,41925021696,35,13539520512
1791662058.818,1432.133,zebrad,278137415,233475192,44662223,1356922880,4653178880,400121856,939253760,3810369536,729964544,20,13539520512
1791662059.818,1433.133,indexer,2445864939,2000405460,445459479,14159175680,14255976448,1684533248,12158050304,10822664192,41925021696,35,13540798464
1791662059.818,1433.133,zebrad,278144443,233482127,44662316,1356922880,4653178880,400121856,939253760,3810369536,729964544,20,13540798464
1791662060.818,1434.134,indexer,2445868727,2000409248,445459479,14159101952,14255976448,1684533248,12158050304,10822664192,41925025792,35,13540798464
1791662060.818,1434.134,zebrad,278151303,233487849,44663454,1356918784,4653178880,400121856,939253760,3810369536,729964544,20,13540798464
1791662061.818,1435.134,indexer,2445871902,2000412423,445459479,14159101952,14255976448,1684533248,12158050304,10822664192,41925025792,35,13540605952
1791662061.818,1435.134,zebrad,278159003,233495279,44663724,1356914688,4653178880,400121856,939253760,3810369536,729964544,20,13540605952
1791662062.818,1436.134,indexer,2445879011,2000419532,445459479,14159101952,14255976448,1684533248,12158050304,10822664192,41925025792,35,13540605952
1791662062.818,1436.134,zebrad,278166137,233501553,44664584,1356914688,4653178880,400121856,939253760,3810369536,729964544,20,13540605952
1791662063.818,1437.134,indexer,2445882172,2000422693,445459479,14159085568,14255976448,1684533248,12158050304,10822664192,41925025792,35,13540605952
1791662063.818,1437.134,zebrad,278173639,233508817,44664822,1357131776,4653178880,400121856,939253760,3810369536,729964544,20,13540605952
1791662064.818,1438.134,indexer,2445885895,2000426416,445459479,14159085568,14255976448,1684533248,12158050304,10822664192,41925025792,35,13540610048
1791662064.818,1438.134,zebrad,278180323,233513709,44666613,1357123584,4653178880,400121856,939253760,3810369536,729964544,20,13540610048
1791662065.818,1439.134,indexer,2445888984,2000429505,445459479,14159347712,14255976448,1684631552,12158050304,10822664192,41925025792,35,13540610048
1791662065.818,1439.134,zebrad,278187233,233520477,44666756,1357119488,4653178880,400121856,939253760,3810369536,729964544,20,13540610048
1791662066.819,1440.134,indexer,2445892540,2000433061,445459479,14159347712,14255976448,1684631552,12158050304,10822664192,41925025792,35,13540610048
1791662066.819,1440.134,zebrad,278194774,233527093,44667681,1357119488,4653178880,400121856,939253760,3810369536,729964544,20,13540610048
1791662067.819,1441.134,indexer,2445899150,2000439671,445459479,14159323136,14255976448,1684631552,12158050304,10822664192,41925025792,35,13540610048
1791662067.819,1441.134,zebrad,278202780,233535099,44667681,1357144064,4653178880,400121856,939253760,3810369536,729964544,20,13540610048
1791662068.819,1442.135,indexer,2445902793,2000443314,445459479,14153482240,14255976448,1685872640,12151234560,10822664192,41925025792,35,13573660672
1791662068.819,1442.135,zebrad,278210507,233542716,44667791,1356091392,4653178880,400121856,938205184,3810369536,729964544,20,13573660672
1791662069.819,1443.135,indexer,2445905860,2000446381,445459479,14153482240,14255976448,1685872640,12151234560,10822664192,41925025792,35,13571444736
1791662069.819,1443.135,zebrad,278217730,233548904,44668826,1356349440,4653178880,400121856,938205184,3810369536,729964544,20,13571444736
1791662070.819,1444.135,indexer,2445909498,2000450019,445459479,14153416704,14255976448,1685872640,12151234560,10822664192,41925025792,35,13571186688
1791662070.819,1444.135,zebrad,278225185,233556359,44668826,1356337152,4653178880,400121856,938205184,3810369536,729964544,20,13571186688
1791662071.819,1445.135,indexer,2445912709,2000453230,445459479,14153678848,14255976448,1685872640,12151234560,10822664192,41925025792,35,13571186688
1791662071.819,1445.135,zebrad,278232734,233562911,44669822,1356066816,4653178880,400121856,938205184,3810369536,729964544,20,13571186688
1791662072.819,1446.135,indexer,2445920167,2000460688,445459479,14153678848,14255976448,1685872640,12151234560,10822664192,41925025792,35,13570928640
1791662072.819,1446.135,zebrad,278240161,233570113,44670048,1356058624,4653178880,400121856,938205184,3810369536,729964544,20,13570928640
1791662073.819,1447.135,indexer,2445923385,2000463906,445459479,14153678848,14255976448,1685872640,12151234560,10822664192,41925025792,35,13570928640
1791662073.819,1447.135,zebrad,278247625,233576502,44671122,1356058624,4653178880,400121856,938205184,3810369536,729964544,20,13570928640
1791662074.820,1448.135,indexer,2445927544,2000468065,445459479,14153678848,14255976448,1685872640,12151234560,10822664192,41925025792,35,13570928640
1791662074.820,1448.135,zebrad,278255046,233582857,44672189,1356320768,4653178880,400121856,938205184,3810369536,729964544,20,13570928640
1791662075.820,1449.135,indexer,2445930702,2000471223,445459479,14153678848,14255976448,1685872640,12151234560,10822664192,41925025792,35,13570949120
1791662075.820,1449.135,zebrad,278262524,233589419,44673104,1356054528,4653178880,400121856,938205184,3810369536,729964544,20,13570949120
1791662076.820,1450.136,indexer,2445934457,2000474978,445459479,14153428992,14255976448,1685872640,12151234560,10822664192,41925025792,35,13570736128
1791662076.820,1450.136,zebrad,278269925,233596598,44673326,1356337152,4653178880,400121856,938205184,3810369536,729964544,20,13570736128
1791662077.820,1451.136,indexer,2445941236,2000481757,445459479,14153412608,14255976448,1685872640,12151234560,10822664192,41925025792,35,13570461696
1791662077.820,1451.136,zebrad,278276665,233602059,44674606,1356058624,4653178880,400121856,938205184,3810369536,729964544,20,13570461696
1791662078.820,1452.136,indexer,2445944985,2000485506,445459479,14148112384,14255976448,1687658496,12144418816,10822664192,41925025792,35,13583048704
1791662078.820,1452.136,zebrad,278284587,233608672,44675915,1355010048,4653178880,400121856,937156608,3810369536,729964544,20,13583048704
1791662079.820,1453.136,indexer,2445948199,2000488720,445459479,14148108288,14255976448,1687658496,12144418816,10822664192,41925025792,35,13582495744
1791662079.820,1453.136,zebrad,278291956,233615985,44675970,1355268096,4653178880,400121856,937156608,3810369536,729964544,20,13582495744
1791662080.820,1454.136,indexer,2445951817,2000492337,445459479,14148104192,14255976448,1687658496,12144418816,10822664192,41925025792,35,13580689408
1791662080.820,1454.136,zebrad,278299180,233623016,44676164,1355268096,4653178880,400121856,937156608,3810369536,729964544,20,13580689408
1791662081.820,1455.136,indexer,2445954913,2000495434,445459479,14147956736,14255976448,1687658496,12144418816,10822664192,41925025792,35,13580681216
1791662081.820,1455.136,zebrad,278307025,233630729,44676295,1355010048,4653178880,400121856,937156608,3810369536,729964544,20,13580681216
1791662082.821,1456.136,indexer,2445962174,2000502695,445459479,14148214784,14255976448,1687658496,12144418816,10822664192,41925025792,35,13579870208
1791662082.821,1456.136,zebrad,278314379,233636184,44678194,1355268096,4653178880,400121856,937156608,3810369536,729964544,20,13579870208
1791662083.821,1457.136,indexer,2445965459,2000505980,445459479,14148476928,14255976448,1687756800,12144418816,10822664192,41925025792,35,13577891840
1791662083.821,1457.136,zebrad,278322533,233643153,44679379,1354993664,4653178880,400121856,937156608,3810369536,729964544,20,13577891840
1791662084.821,1458.137,indexer,2445969091,2000509612,445459479,14148472832,14255976448,1687756800,12144418816,10822664192,41925025792,35,13577891840
1791662084.821,1458.137,zebrad,278329687,233650286,44679400,1354993664,4653178880,400121856,937156608,3810369536,729964544,20,13577891840
1791662085.821,1459.137,indexer,2445972289,2000512810,445459479,14148472832,14255976448,1687756800,12144418816,10822664192,41925025792,35,13577891840
1791662085.821,1459.137,zebrad,278337357,233657692,44679665,1354993664,4653178880,400121856,937156608,3810369536,729964544,20,13577891840
1791662086.821,1460.137,indexer,2445976031,2000516552,445459479,14148468736,14255976448,1687756800,12144418816,10822664192,41925025792,35,13577650176
1791662086.821,1460.137,zebrad,278344477,233663632,44680845,1354993664,4653178880,400121856,937156608,3810369536,729964544,20,13577650176
1791662087.821,1461.137,indexer,2445982298,2000522819,445459479,14148022272,14255976448,1687756800,12144418816,10822664192,41925025792,35,13577650176
1791662087.821,1461.137,zebrad,278353629,233671761,44681868,1354969088,4653178880,400121856,937156608,3810369536,729964544,20,13577650176
1791662088.821,1462.137,indexer,2445985504,2000526024,445459479,14148538368,14255976448,1687756800,12144418816,10822664192,41925025792,35,13577650176
1791662088.821,1462.137,zebrad,278361437,233678440,44682997,1354969088,4653178880,400121856,937156608,3810369536,729964544,20,13577650176
1791662089.821,1463.137,indexer,2445988444,2000528965,445459479,14148534272,14255976448,1687756800,12144418816,10822664192,41925025792,35,13577650176
1791662089.821,1463.137,zebrad,278369190,233686076,44683114,1354964992,4653178880,400121856,937156608,3810369536,729964544,20,13577650176
1791662090.822,1464.137,indexer,2445991769,2000532290,445459479,14148526080,14255976448,1687756800,12144418816,10822664192,41925025792,35,13577650176
1791662090.822,1464.137,zebrad,278376116,233692695,44683420,1354960896,4653178880,400121856,937156608,3810369536,729964544,20,13577650176
1791662091.822,1465.137,indexer,2445994881,2000535402,445459479,14148521984,14255976448,1687756800,12144418816,10822664192,41925029888,35,13560135680
1791662091.822,1465.137,zebrad,278383817,233699445,44684371,1354956800,4653178880,400121856,937156608,3810369536,729964544,20,13560135680
1791662092.822,1466.138,indexer,2446002083,2000542604,445459479,14148255744,14255976448,1687756800,12144418816,10822664192,41925029888,35,13560139776
1791662092.822,1466.138,zebrad,278391659,233706314,44685345,1354956800,4653178880,400121856,937156608,3810369536,729964544,20,13560139776
1791662093.822,1467.138,indexer,2446004985,2000545506,445459479,14148255744,14255976448,1687756800,12144418816,10822664192,41925029888,35,13560143872
1791662093.822,1467.138,zebrad,278398758,233712075,44686683,1354952704,4653178880,400121856,937156608,3810369536,729964544,20,13560143872
1791662094.822,1468.138,indexer,2446008611,2000549132,445459479,14148771840,14255976448,1687756800,12144418816,10822664192,41925029888,35,13560143872
1791662094.822,1468.138,zebrad,278405898,233716186,44689711,1354952704,4653178880,400121856,937156608,3810369536,729964544,20,13560143872
1791662095.822,1469.138,indexer,2446011491,2000552012,445459479,14148771840,14255976448,1687756800,12144418816,10822664192,41925029888,35,13560143872
1791662095.822,1469.138,zebrad,278413329,233723391,44689938,1354952704,4653178880,400121856,937156608,3810369536,729964544,20,13560143872
1791662096.822,1470.138,indexer,2446014948,2000555469,445459479,14148767744,14255976448,1687756800,12144418816,10822664192,41925029888,35,13560143872
1791662096.822,1470.138,zebrad,278419901,233729032,44690869,1354952704,4653178880,400121856,937156608,3810369536,729964544,20,13560143872
1791662097.822,1471.138,indexer,2446021721,2000562242,445459479,14148767744,14255976448,1687756800,12144418816,10822664192,41925029888,35,13560143872
1791662097.822,1471.138,zebrad,278427544,233734730,44692814,1354952704,4653178880,400121856,937156608,3810369536,729964544,20,13560143872
1791662098.822,1472.138,indexer,2446025252,2000565773,445459479,14148763648,14255976448,1687756800,12144418816,10822664192,41925029888,35,13559910400
1791662098.822,1472.138,zebrad,278434175,233741262,44692912,1354952704,4653178880,400121856,937156608,3810369536,729964544,20,13559910400
1791662099.823,1473.138,indexer,2446028364,2000568885,445459479,14148763648,14255976448,1687756800,12144418816,10822664192,41925029888,35,13559918592
1791662099.823,1473.138,zebrad,278442018,233748131,44693886,1354952704,4653178880,400121856,937156608,3810369536,729964544,20,13559918592
1791662100.823,1474.138,indexer,2446032182,2000572703,445459479,14148759552,14255976448,1687756800,12144418816,10822664192,41925029888,35,13559918592
1791662100.823,1474.138,zebrad,278448961,233751916,44697044,1354952704,4653178880,400121856,937156608,3810369536,729964544,20,13559918592
1791662101.823,1475.139,indexer,2446035164,2000575685,445459479,14148333568,14255976448,1687756800,12144418816,10822664192,41925029888,35,13559926784
1791662101.823,1475.139,zebrad,278455479,233757351,44698127,1354948608,4653178880,400121856,937156608,3810369536,729964544,20,13559926784
1791662102.823,1476.139,indexer,2446042181,2000582702,445459479,14148599808,14255976448,1687756800,12144418816,10822664192,41925029888,35,13559926784
1791662102.823,1476.139,zebrad,278462671,233762992,44699678,1354690560,4653178880,400121856,937156608,3810369536,729964544,20,13559926784
1791662103.823,1477.139,indexer,2446045070,2000585591,445459479,14148599808,14255976448,1687756800,12144418816,10822664192,41925029888,35,13559726080
1791662103.823,1477.139,zebrad,278469802,233767777,44702024,1354940416,4653178880,400121856,937156608,3810369536,729964544,20,13559726080
1791662104.823,1478.139,indexer,2446048533,2000589054,445459479,14148599808,14255976448,1687756800,12144418816,10822664192,41925029888,35,13559672832
1791662104.823,1478.139,zebrad,278476614,233774463,44702151,1354674176,4653178880,400121856,937156608,3810369536,729964544,20,13559672832
1791662105.823,1479.139,indexer,2446051529,2000592050,445459479,14148595712,14255976448,1687756800,12144418816,10822664192,41925029888,35,13559672832
1791662105.823,1479.139,zebrad,278484424,233780300,44704123,1354592256,4653178880,400121856,937156608,3810369536,729964544,20,13559672832
1791662106.823,1480.139,indexer,2446055080,2000595601,445459479,14148591616,14255976448,1687756800,12144418816,10822664192,41925029888,35,13559672832
1791662106.823,1480.139,zebrad,278491365,233787242,44704123,1354850304,4653178880,400121856,937156608,3810369536,729964544,20,13559672832
1791662107.824,1481.139,indexer,2446061785,2000602306,445459479,14148583424,14255976448,1687756800,12144418816,10822664192,41925029888,35,13559676928
1791662107.824,1481.139,zebrad,278499197,233794796,44704401,1354846208,4653178880,400121856,937156608,3810369536,729964544,20,13559676928
1791662108.824,1482.139,indexer,2446065297,2000605818,445459479,14148841472,14255976448,1687760896,12144418816,10822664192,41925029888,35,13559676928
1791662108.824,1482.139,zebrad,278506085,233800219,44705865,1355341824,4653178880,400121856,937156608,3810369536,729964544,20,13559676928
1791662109.824,1483.140,indexer,2446068387,2000608908,445459479,14148841472,14255976448,1687760896,12144418816,10822664192,41925029888,35,13559676928
1791662109.824,1483.140,zebrad,278512892,233806900,44705992,1355329536,4653178880,400121856,937156608,3810369536,729964544,20,13559676928
1791662110.824,1484.140,indexer,2446071680,2000612201,445459479,14148616192,14255976448,1687760896,12144418816,10822664192,41925029888,35,13559697408
1791662110.824,1484.140,zebrad,278519852,233813028,44706824,1355059200,4653178880,400121856,937156608,3810369536,729964544,20,13559697408
1791662111.824,1485.140,indexer,2446074686,2000615207,445459479,14148878336,14255976448,1687760896,12144418816,10822664192,41925029888,35,13559476224
1791662111.824,1485.140,zebrad,278526582,233819757,44706824,1355055104,4653178880,400121856,937156608,3810369536,729964544,20,13559476224
1791662112.824,1486.140,indexer,2446081641,2000622162,445459479,14148878336,14255976448,1687859200,12144418816,10822664192,41925029888,35,13559476224
1791662112.824,1486.140,zebrad,278533800,233826830,44706969,1355313152,4653178880,400121856,937156608,3810369536,729964544,20,13559476224
1791662113.824,1487.140,indexer,2446084711,2000625231,445459479,14148878336,14255976448,1687859200,12144418816,10822664192,41925029888,35,13559480320
1791662113.824,1487.140,zebrad,278541173,233833144,44708028,1355309056,4653178880,400121856,937156608,3810369536,729964544,20,13559480320
1791662114.824,1488.140,indexer,2446088274,2000628795,445459479,14148874240,14255976448,1687859200,12144418816,10822664192,41925029888,35,13559480320
1791662114.824,1488.140,zebrad,278547959,233839808,44708151,1355300864,4653178880,400121856,937156608,3810369536,729964544,20,13559480320
1791662115.825,1489.140,indexer,2446091278,2000631799,445459479,14148874240,14255976448,1687859200,12144418816,10822664192,41925029888,35,13559480320
1791662115.825,1489.140,zebrad,278555197,233846850,44708347,1355296768,4653178880,400121856,937156608,3810369536,729964544,20,13559480320
1791662116.825,1490.140,indexer,2446094743,2000635264,445459479,14148870144,14255976448,1687859200,12144418816,10822664192,41925029888,35,13559480320
1791662116.825,1490.140,zebrad,278561717,233853290,44708427,1355292672,4653178880,400121856,937156608,3810369536,729964544,20,13559480320
1791662117.825,1491.140,indexer,2446101490,2000642011,445459479,14148599808,14255976448,1687859200,12144418816,10822664192,41925029888,35,13559480320
1791662117.825,1491.140,zebrad,278571458,233861913,44709544,1355292672,4653178880,400121856,937156608,3810369536,729964544,20,13559480320
1791662118.825,1492.141,indexer,2446105062,2000645583,445459479,14148599808,14255976448,1687859200,12144418816,10822664192,41925029888,35,13559525376
1791662118.825,1492.141,zebrad,278579649,233869917,44709731,1355292672,4653178880,400121856,937156608,3810369536,729964544,20,13559525376
1791662119.825,1493.141,indexer,2446108062,2000648582,445459479,14148599808,14255976448,1687859200,12144418816,10822664192,41925029888,35,13559525376
1791662119.825,1493.141,zebrad,278587025,233875230,44711795,1355292672,4653178880,400142336,937156608,3810369536,729964544,20,13559525376
1791662120.825,1494.141,indexer,2446111700,2000652221,445459479,14148599808,14255976448,1687859200,12144418816,10822664192,41925029888,35,13559525376
1791662120.825,1494.141,zebrad,278594255,233881584,44712670,1355288576,4653178880,400142336,937156608,3810369536,729964544,20,13559525376
1791662121.825,1495.141,indexer,2446114714,2000655235,445459479,14148599808,14255976448,1687859200,12144418816,10822664192,41925029888,35,13559267328
1791662121.825,1495.141,zebrad,278601388,233888538,44712849,1355280384,4653178880,400142336,937156608,3810369536,729964544,20,13559267328
1791662122.825,1496.141,indexer,2446122137,2000662658,445459479,14148599808,14255976448,1687859200,12144418816,10822664192,41925033984,35,13559267328
1791662122.825,1496.141,zebrad,278608166,233894353,44713813,1355272192,4653178880,400142336,937156608,3810369536,729964544,20,13559267328
1791662123.825,1497.141,indexer,2446125194,2000665715,445459479,14148599808,14255976448,1687859200,12144418816,10822664192,41925033984,35,13553287168
1791662123.825,1497.141,zebrad,278616078,233901961,44714116,1355272192,4653178880,400142336,937156608,3810369536,729964544,20,13553287168
1791662124.826,1498.141,indexer,2446128910,2000669431,445459479,14148632576,14255976448,1687859200,12144418816,10822664192,41925033984,35,13553287168
1791662124.826,1498.141,zebrad,278623380,233909057,44714322,1355268096,4653178880,400142336,937156608,3810369536,729964544,20,13553287168
1791662125.826,1499.141,indexer,2446131873,2000672393,445459479,14148632576,14255976448,1687859200,12144418816,10822664192,41925033984,35,13553287168
1791662125.826,1499.141,zebrad,278631276,233915972,44715304,1355268096,4653178880,400142336,937156608,3810369536,729964544,20,13553287168
1791662126.826,1500.141,indexer,2446135466,2000675987,445459479,14148632576,14255976448,1687859200,12144418816,10822664192,41925033984,35,13553041408
1791662126.826,1500.141,zebrad,278638366,233922889,44715476,1355264000,4653178880,400142336,937156608,3810369536,729964544,20,13553041408
1791662127.826,1501.142,indexer,2446142033,2000682554,445459479,14148632576,14255976448,1687863296,12144418816,10822664192,41925033984,35,13553041408
1791662127.826,1501.142,zebrad,278645954,233929545,44716409,1355264000,4653178880,400142336,937156608,3810369536,729964544,20,13553041408
1791662128.826,1502.142,indexer,2446145503,2000686024,445459479,14148628480,14255976448,1687863296,12144418816,10822664192,41925033984,35,13553070080
1791662128.826,1502.142,zebrad,278653306,233936684,44716622,1355264000,4653178880,400142336,937156608,3810369536,729964544,20,13553070080
1791662129.826,1503.142,indexer,2446148467,2000688988,445459479,14148628480,14255976448,1687863296,12144418816,10822664192,41925033984,35,13553070080
1791662129.826,1503.142,zebrad,278661111,233944363,44716748,1354993664,4653178880,400142336,937156608,3810369536,729964544,20,13553070080
1791662130.826,1504.142,indexer,2446152060,2000692581,445459479,14148624384,14255976448,1687863296,12144418816,10822664192,41925033984,35,13553070080
1791662130.826,1504.142,zebrad,278668277,233947814,44720462,1354989568,4653178880,400142336,937156608,3810369536,729964544,20,13553070080
1791662131.826,1505.142,indexer,2446155071,2000695592,445459479,14148624384,14255976448,1687863296,12144418816,10822664192,41925033984,35,13553070080
1791662131.826,1505.142,zebrad,278674823,233954276,44720546,1354989568,4653178880,400142336,937156608,3810369536,729964544,20,13553070080
1791662132.826,1506.142,indexer,2446162602,2000703123,445459479,14148870144,14255976448,1687863296,12144418816,10822664192,41925033984,35,13553070080
1791662132.826,1506.142,zebrad,278682738,233961887,44720850,1354989568,4653178880,400142336,937156608,3810369536,729964544,20,13553070080
1791662133.826,1507.142,indexer,2446165475,2000705995,445459479,14148866048,14255976448,1687863296,12144418816,10822664192,41925033984,35,13552828416
1791662133.826,1507.142,zebrad,278689303,233967361,44721941,1354985472,4653178880,400142336,937156608,3810369536,729964544,20,13552828416
1791662134.827,1508.142,indexer,2446169141,2000709662,445459479,14148861952,14255976448,1687863296,12144418816,10822664192,41925033984,35,13552828416
1791662134.827,1508.142,zebrad,278696522,233972864,44723657,1354985472,4653178880,400142336,937156608,3810369536,729964544,20,13552828416
1791662135.827,1509.142,indexer,2446172087,2000712608,445459479,14148861952,14255976448,1687863296,12144418816,10822664192,41925033984,35,13552828416
1791662135.827,1509.142,zebrad,278703453,233977642,44725810,1354985472,4653178880,400142336,937156608,3810369536,729964544,20,13552828416
1791662136.827,1510.142,indexer,2446175569,2000716090,445459479,14148853760,14255976448,1687863296,12144418816,10822664192,41925033984,35,13552828416
1791662136.827,1510.142,zebrad,278710585,233984757,44725828,1354985472,4653178880,400142336,937156608,3810369536,729964544,20,13552828416
1791662137.827,1511.143,indexer,2446182302,2000722823,445459479,14148853760,14255976448,1687863296,12144418816,10822664192,41925033984,35,13552869376
1791662137.827,1511.143,zebrad,278717318,233990533,44726784,1354985472,4653178880,400142336,937156608,3810369536,729964544,20,13552869376
1791662138.827,1512.143,indexer,2446185802,2000726323,445459479,14148853760,14255976448,1687863296,12144418816,10822664192,41925033984,35,13552881664
1791662138.827,1512.143,zebrad,278724840,233996972,44727868,1354985472,4653178880,400142336,937156608,3810369536,729964544,20,13552881664
1791662139.827,1513.143,indexer,2446188864,2000729385,445459479,14148853760,14255976448,1687863296,12144418816,10822664192,41925033984,35,13553483776
1791662139.827,1513.143,zebrad,278731503,234002528,44728974,1354981376,4653178880,400142336,937156608,3810369536,729964544,20,13553483776
1791662140.827,1514.143,indexer,2446192300,2000732821,445459479,14148853760,14255976448,1687863296,12144418816,10822664192,41925033984,35,13553483776
1791662140.827,1514.143,zebrad,278738927,234008723,44730203,1355243520,4653178880,400142336,937156608,3810369536,729964544,20,13553483776
1791662141.827,1515.143,indexer,2446195549,2000736070,445459479,14148612096,14255976448,1687863296,12144418816,10822664192,41925033984,35,13553610752
1791662141.827,1515.143,zebrad,278746079,234015855,44730223,1355243520,4653178880,400142336,937156608,3810369536,729964544,20,13553610752
