t,elapsed_s,who,cpu_usec,user_usec,system_usec,mem_bytes,mem_peak_bytes,anon_bytes,file_bytes,rbytes,wbytes,pids,host_mem_available_bytes
1791660520.920,0.028,indexer,5029,2514,2514,5464064,5726208,1118208,4296704,4362240,0,1,15467458560
1791660520.920,0.028,zebrad,33561518,29867337,3694181,454619136,794402816,238526464,210841600,121282560,579485696,20,15467458560
1791660522.793,1.901,indexer,843620,603172,240447,301989888,301989888,145309696,147533824,147566592,0,8,15333793792
1791660522.793,1.901,zebrad,36916658,32838081,4078576,500617216,794402816,239022080,255201280,257871872,617279488,20,15333793792
1791660523.793,2.901,indexer,1886506,1497066,389439,374620160,374620160,195035136,169172992,169017344,0,23,15270244352
1791660523.793,2.901,zebrad,38558724,34269161,4289562,538042368,794402816,239116288,292548608,293101568,617279488,20,15270244352
1791660524.794,3.901,indexer,2952742,2323671,629071,432320512,432332800,220372992,201605120,201445376,0,23,15238795264
1791660524.794,3.901,zebrad,40105909,35623537,4482371,569098240,794402816,239501312,323104768,321781760,617279488,20,15238795264
1791660525.794,4.901,indexer,3823364,2959344,864019,464461824,464486400,229183488,225116160,224952320,0,23,15230328832
1791660525.794,4.901,zebrad,42095965,37349531,4746433,602652672,794402816,240533504,355487744,351752192,617279488,20,15230328832
1791660526.794,5.901,indexer,4749800,3635871,1113928,497160192,497160192,238329856,248344576,248180736,0,23,15223652352
1791660526.794,5.901,zebrad,44430917,39372980,5057936,641187840,794402816,241582080,392937472,386478080,617279488,20,15223652352
1791660527.794,6.902,indexer,5678220,4313793,1364426,525438976,525471744,245817344,269066240,268902400,0,23,15215718400
1791660527.794,6.902,zebrad,46655869,41292110,5363758,688111616,794402816,243138560,437825536,428748800,617279488,20,15215718400
1791660528.794,7.902,indexer,6633368,5018277,1615090,555970560,555974656,256430080,288849920,288686080,0,23,15203991552
1791660528.794,7.902,zebrad,48824805,43098866,5725939,721928192,794402816,244609024,470138880,457809920,617279488,20,15203991552
1791660529.794,8.902,indexer,7623508,5765525,1857982,581992448,581992448,264552448,306651136,306487296,0,23,15194005504
1791660529.794,8.902,zebrad,50817128,44800484,6016643,759939072,794402816,246710272,506073088,490778624,617279488,20,15194005504
1791660530.794,9.902,indexer,8595785,6505122,2090663,608694272,608731136,274948096,323321856,323166208,0,23,15178252288
1791660530.794,9.902,zebrad,52915866,46551456,6364409,787742720,794402816,248700928,531566592,513343488,617279488,20,15178252288
1791660531.794,10.902,indexer,9547773,7225517,2322255,632737792,632778752,284475392,337666048,337502208,0,23,15172898816
1791660531.794,10.902,zebrad,55060098,48455248,6604850,816578560,816578560,249896960,559009792,538185728,617279488,20,15172898816
1791660532.794,11.902,indexer,10478111,7905680,2572431,655519744,655532032,293556224,351244288,351080448,0,23,15161020416
1791660532.794,11.902,zebrad,57150906,50339508,6811398,857108480,857108480,251600896,598155264,574226432,617279488,20,15161020416
1791660533.794,12.902,indexer,11458643,8658314,2800328,681795584,681799680,303620096,367398912,367259648,0,23,15148511232
1791660533.794,12.902,zebrad,59107788,52054773,7053014,904556544,904556544,252649472,644300800,617885696,617279488,20,15148511232
1791660534.795,13.902,indexer,12449896,9405586,3044309,704225280,704266240,311857152,381743104,381579264,0,23,15139688448
1791660534.795,13.902,zebrad,61044956,53797701,7247255,962752512,962752512,253100032,701661184,673443840,617279488,20,15139688448
1791660535.795,14.902,indexer,13337675,10047594,3290081,727732224,727752704,321798144,395051008,394887168,0,23,15122157568
1791660535.795,14.902,zebrad,62966361,55481879,7484482,1019637760,1019637760,261885952,749301760,718454784,617279488,20,15122157568
1791660536.795,15.902,indexer,14219608,10707948,3511660,749232128,749232128,330498048,407941120,407777280,0,23,15114113024
1791660536.795,15.902,zebrad,64470369,56797327,7673041,1080045568,1080045568,262201344,809086976,776531968,617279488,20,15114113024
1791660537.795,16.902,indexer,15193396,11466332,3727063,774901760,774905856,342331392,421539840,421376000,0,23,15096242176
1791660537.795,16.902,zebrad,66346573,58491653,7854919,1143054336,1143054336,268001280,866852864,832266240,617279488,20,15096242176
1791660538.795,17.903,indexer,16394907,12362884,4032022,798179328,798191616,353202176,434089984,433926144,0,23,15079022592
1791660538.795,17.903,zebrad,67994773,59908800,8085973,1231921152,1231921152,272064512,950853632,913715200,617279488,20,15079022592
1791660539.795,18.903,indexer,17591262,13250726,4340535,819347456,819351552,363110400,445153280,445149184,0,23,15070703616
1791660539.795,18.903,zebrad,69747583,61386779,8360804,1314234368,1314234368,275820544,1029414912,990068736,617279488,20,15070703616
1791660540.795,19.903,indexer,18752865,14142618,4610247,839868416,839892992,374046720,454885376,454721536,0,23,15047913472
1791660540.795,19.903,zebrad,71646128,63019634,8626494,1368178688,1368178688,278536192,1080258560,1038696448,617279488,20,15047913472
1791660541.795,20.903,indexer,19861232,14996976,4864256,864657408,864690176,384856064,468856832,468692992,0,23,15022477312
1791660541.795,20.903,zebrad,73473851,64564529,8909321,1457033216,1457033216,288403456,1159208960,1115099136,617279488,20,15022477312
1791660542.795,21.903,indexer,21057823,15897412,5160411,888512512,888512512,396763136,480452608,480288768,0,23,15005675520
1791660542.795,21.903,zebrad,75207700,66047935,9159764,1557696512,1557696512,300576768,1247391744,1200652288,617279488,20,15005675520
1791660543.795,22.903,indexer,22246947,16822050,5424896,914137088,914137088,409591808,493441024,493277184,0,23,14993227776
1791660543.795,22.903,zebrad,76938865,67524756,9414109,1635028992,1635028992,300584960,1324265472,1275518976,617279488,20,14993227776
1791660544.795,23.903,indexer,23387784,17690787,5696997,944295936,944295936,425168896,508116992,507953152,0,23,14979833856
1791660544.795,23.903,zebrad,78704324,69032495,9671829,1696370688,1696370688,300625920,1385357312,1334415360,617279488,20,14979833856
1791660545.796,24.903,indexer,24434465,18521638,5912827,964820992,964820992,433721344,520011776,519847936,0,23,14971318272
1791660545.796,24.903,zebrad,80307099,70377601,9929498,1746178048,1746178048,300634112,1435205632,1382121472,650829824,20,14971318272
1791660546.796,25.903,indexer,25692095,19490591,6201503,987230208,987250688,443727872,532107264,531943424,0,23,14960738304
1791660546.796,25.903,zebrad,81771425,71590788,10180636,1828487168,1828487168,300638208,1517232128,1462411264,650829824,20,14960738304
1791660547.796,26.903,indexer,26988377,20492444,6495933,1007661056,1007665152,454311936,541741056,541577216,0,23,14949195776
1791660547.796,26.903,zebrad,83219177,72792929,10426248,1913843712,1913843712,300638208,1602330624,1545814016,650829824,20,14949195776
1791660548.796,27.904,indexer,28259523,21451801,6807722,1029394432,1029394432,467668992,550100992,549937152,0,23,14937673728
1791660548.796,27.904,zebrad,84847390,74156088,10691301,1999564800,1999564800,300642304,1687883776,1629552640,650829824,20,14937673728
1791660549.796,28.904,indexer,29423854,22336011,7087843,1049251840,1049251840,478265344,559562752,559398912,0,23,14924591104
1791660549.796,28.904,zebrad,86433751,75532794,10900956,2080829440,2080829440,301076480,1768513536,1708322816,650829824,20,14924591104
1791660550.796,29.904,indexer,30422051,23071256,7350795,1064980480,1064984576,486895616,566546432,566382592,0,23,14908796928
1791660550.796,29.904,zebrad,88365721,77256428,11109293,2194026496,2194026496,303411200,1878908928,1817210880,650887168,20,14908796928
1791660551.796,30.904,indexer,31420106,23831155,7588950,1081176064,1081176064,497037312,572690432,572530688,20480,23,14906658816
1791660551.796,30.904,zebrad,90419148,79084711,11334436,2296524800,2296524800,303906816,1980694528,1917186048,650887168,20,14906658816
1791660552.796,31.904,indexer,32375267,24580715,7794552,1098317824,1098317824,507936768,578854912,578691072,20480,23,14894776320
1791660552.796,31.904,zebrad,92590386,81057050,11533336,2407149568,2407149568,304005120,2090684416,2025349120,650887168,20,14894776320
1791660553.796,32.904,indexer,34233005,26084640,8148364,1421729792,1421729792,824786944,584761344,584601600,20480,24,14571794432
1791660553.796,32.904,zebrad,94382087,82692138,11689948,2481635328,2481635328,304287744,2164928512,2098176000,650887168,20,14571794432
1791660554.796,33.904,indexer,36119832,27540624,8579208,1951252480,1951514624,1053786112,876654592,591134720,20480,25,14333702144
1791660554.796,33.904,zebrad,96070592,84209479,11861112,2538520576,2538520576,304820224,2220879872,2152456192,650887168,20,14333702144
1791660555.796,34.904,indexer,36474233,27752750,8721483,2167222272,2174849024,1045327872,1094234112,592523264,201347072,25,14343442432
1791660555.796,34.904,zebrad,96440076,84531164,11908911,2553200640,2553200640,306618368,2233802752,2165088256,650891264,20,14343442432
1791660556.797,35.904,indexer,36674629,27908145,8766484,2171695104,2174849024,1048707072,1095430144,593678336,444616704,25,14344863744
1791660556.797,35.904,zebrad,96755829,84816124,11939704,2567020544,2567020544,306647040,2247647232,2178719744,651010048,20,14344863744
1791660557.797,36.904,indexer,37331219,28418603,8912616,2183454720,2183454720,1056423936,1099378688,597626880,501571584,24,14329929728
1791660557.797,36.904,zebrad,97955343,85908004,12047338,2629713920,2629713920,306774016,2310184960,2240475136,651010048,20,14329929728
1791660558.797,37.904,indexer,38843640,29721794,9121845,2201260032,2201260032,1066606592,1106149376,604397568,501571584,24,14322642944
1791660558.797,37.904,zebrad,99868829,87646923,12221906,2716221440,2716221440,306884608,2396454912,2325344256,651010048,20,14322642944
1791660559.797,38.905,indexer,40647277,31344842,9302435,2219319296,2219319296,1077420032,1113235456,611483648,501571584,24,14308851712
1791660559.797,38.905,zebrad,101627538,89232467,12395071,2808233984,2808233984,307048448,2487922688,2415525888,651010048,20,14308851712
1791660560.797,39.905,indexer,41662592,32143850,9518742,2236841984,2236841984,1088040960,1120043008,618291200,501571584,24,14298648576
1791660560.797,39.905,zebrad,103394099,90831514,12562584,2908372992,2908635136,308400128,2586357760,2512441344,651010048,20,14298648576
1791660561.797,40.905,indexer,42327445,32656407,9671038,2249637888,2249637888,1095032832,1126031360,624279552,501571584,24,14301638656
1791660561.797,40.905,zebrad,104920712,92248678,12672034,2986754048,2986754048,309571584,2663276544,2588311552,717832192,20,14301638656
1791660562.797,41.905,indexer,43375301,33473995,9901306,2268475392,2268475392,1106460672,1133125632,631373824,501571584,24,14278377472
1791660562.797,41.905,zebrad,106995631,94140415,12855216,3129098240,3129098240,309972992,2805157888,2728689664,717832192,20,14278377472
1791660563.797,42.905,indexer,44422074,34274878,10147195,2286469120,2286473216,1116684288,1140994048,639242240,501571584,24,14284898304
1791660563.797,42.905,zebrad,109055037,95980280,13074756,3260694528,3260694528,310222848,2935848960,2857799680,717832192,20,14284898304
1791660564.797,43.905,indexer,45529735,35171802,10357933,2305589248,2305601536,1128800256,1148129280,646377472,501571584,24,14272204800
1791660564.797,43.905,zebrad,111082089,97831067,13251021,3394125824,3394125824,313683968,3065556992,2985996288,717832192,20,14272204800
1791660565.797,44.905,indexer,46668298,36088818,10579479,2322526208,2322542592,1139183616,1154912256,653160448,501571584,24,14260367360
1791660565.797,44.905,zebrad,112936314,99487954,13448360,3513925632,3513925632,313688064,3184898048,3104251904,717832192,20,14260367360
1791660566.798,45.905,indexer,47771915,36953392,10818522,2383790080,2383790080,1177878528,1177108480,675356672,501571584,24,14204116992
1791660566.798,45.905,zebrad,114901367,101270822,13630544,3650699264,3650699264,316452864,3318673408,3236601856,717832192,20,14204116992
1791660567.798,46.906,indexer,48770577,37759968,11010609,2402127872,2402127872,1188278272,1185103872,683352064,501571584,24,14194343936
1791660567.798,46.906,zebrad,117036455,103228010,13808444,3796238336,3796238336,320765952,3459702784,3376087040,717832192,20,14194343936
1791660568.798,47.906,indexer,49800656,38591042,11209613,2422763520,2422763520,1199153152,1194491904,692740096,501571584,24,14180564992
1791660568.798,47.906,zebrad,119100808,105121369,13979439,3938058240,3938058240,320950272,3601043456,3516002304,717832192,20,14180564992
1791660569.798,48.906,indexer,51018513,39545450,11473062,2440060928,2440130560,1208213504,1203023872,701272064,501571584,24,14186823680
1791660569.798,48.906,zebrad,120491098,106425052,14066046,4023255040,4023255040,323555328,3683102720,3597090816,717832192,20,14186823680
1791660570.798,49.906,indexer,52268578,40522830,11745748,2461585408,2461593600,1220050944,1212260352,710508544,501571584,24,14168895488
1791660570.798,49.906,zebrad,121263124,107151367,14111757,4083548160,4083548160,328974336,3738169344,3651579904,717832192,20,14168895488
1791660571.798,50.906,indexer,53517970,41474102,12043867,2480308224,2480312320,1230020608,1220857856,719106048,501571584,24,14149193728
1791660571.798,50.906,zebrad,122069468,107917534,14151934,4147163136,4147163136,335142912,3795148800,3707904000,717832192,20,14149193728
1791660572.798,51.906,indexer,54948046,42602490,12345556,2504634368,2504654848,1245564928,1230143488,728391680,501571584,24,14110543872
1791660572.798,51.906,zebrad,122794888,108560361,14234527,4264079360,4264079360,357830656,3889180672,3801743360,717832192,20,14110543872
1791660573.799,52.906,indexer,56415695,43745566,12670128,2529894400,2529894400,1260019712,1240616960,738865152,501571584,24,14082084864
1791660573.799,52.906,zebrad,123435414,109102656,14332757,4347174912,4347174912,368594944,3961139200,3873701888,717832192,20,14082084864
1791660574.799,53.906,indexer,57906496,44883816,13022679,2556526592,2556526592,1275518976,1251758080,750006272,501571584,24,14039609344
1791660574.799,53.906,zebrad,124417449,110009306,14408143,4374175744,4374175744,385650688,3971153920,3883716608,717832192,20,14039609344
1791660575.799,54.906,indexer,59326862,45986667,13340194,2587451392,2587582464,1293881344,1264586752,762834944,501571584,24,14032179200
1791660575.799,54.906,zebrad,125211298,110761253,14450044,4374155264,4374175744,385650688,3971153920,3883855872,717832192,19,14032179200
1791660576.799,55.906,indexer,60726781,47083090,13643690,2615955456,2615975936,1310257152,1276309504,774557696,501571584,24,14018330624
1791660576.799,55.906,zebrad,125217572,110767383,14450189,4374155264,4374175744,385646592,3971293184,3883855872,717832192,19,14018330624
1791660577.799,56.907,indexer,62209437,48221014,13988423,2641981440,2641993728,1323827200,1288626176,786882560,501571584,24,14004817920
1791660577.799,56.907,zebrad,125224166,110773910,14450255,4374269952,4374319104,385646592,3971293184,3883855872,717832192,19,14004817920
1791660578.799,57.907,indexer,64364363,50124225,14240138,2493759488,2646892544,1167740928,1296949248,795197440,501571584,25,14050123776
1791660578.799,57.907,zebrad,125231613,110781310,14450303,4374532096,4374532096,385646592,3971293184,3883855872,717832192,19,14050123776
1791660579.799,58.907,indexer,66523416,51817168,14706248,3117408256,3117441024,1219047424,1852981248,804392960,520130560,25,13993021440
1791660579.799,58.907,zebrad,125238649,110785564,14453084,4374532096,4374532096,385646592,3971293184,3883855872,717832192,19,13993021440
1791660580.799,59.907,indexer,67241251,52366314,14874936,3128352768,3128373248,1225912320,1857052672,808452096,738234368,25,14006992896
1791660580.799,59.907,zebrad,125245057,110790924,14454133,4374532096,4374532096,385646592,3971293184,3883855872,717832192,19,14006992896
1791660581.799,60.907,indexer,67786542,52774427,15012114,3133427712,3133513728,1228009472,1859903488,811278336,947949568,25,13991976960
1791660581.799,60.907,zebrad,125251651,110796564,14455086,4374601728,4376174592,385699840,3971293184,3883855872,717832192,19,13991976960
1791660582.799,61.907,indexer,68924834,53667598,15257236,3147886592,3147919360,1236164608,1866240000,817717248,1048420352,24,14051344384
1791660582.799,61.907,zebrad,125258898,110803786,14455112,4374601728,4376174592,385699840,3971293184,3883855872,717832192,19,14051344384
1791660583.799,62.907,indexer,70857509,55276276,15581232,3169501184,3169533952,1247178752,1875582976,826949632,1048420352,24,14050373632
1791660583.799,62.907,zebrad,125263411,110808125,14455285,4374863872,4376174592,385699840,3971293184,3883884544,717832192,19,14050373632
1791660584.800,63.907,indexer,72998941,57140319,15858621,3188555776,3188576256,1256947712,1885011968,836374528,1048420352,24,14040256512
1791660584.800,63.907,zebrad,125267108,110811743,14455364,4374859776,4376174592,385699840,3971293184,3883884544,717832192,19,14040256512
1791660585.800,64.907,indexer,74557354,58356206,16201147,3208814592,3208851456,1265725440,1896456192,847818752,1048420352,24,14042099712
1791660585.800,64.907,zebrad,125273767,110818402,14455364,4374855680,4376174592,385699840,3971321856,3883884544,717832192,19,14042099712
1791660586.800,65.907,indexer,76259560,59674191,16585368,3232546816,3232591872,1278951424,1907163136,858525696,1048420352,24,14026403840
1791660586.800,65.907,zebrad,125280506,110824098,14456408,4374855680,4376174592,385699840,3971321856,3883884544,717832192,19,14026403840
1791660587.800,66.908,indexer,77869165,60964442,16904723,3260198912,3260207104,1288798208,1924632576,875999232,1048420352,24,14026407936
1791660587.800,66.908,zebrad,125287255,110829875,14457380,4374855680,4376174592,385699840,3971321856,3883884544,717832192,19,14026407936
1791660588.800,67.908,indexer,79686991,62402019,17284971,3286093824,3286093824,1302614016,1936748544,888119296,1048420352,24,14005784576
1791660588.800,67.908,zebrad,125294400,110836890,14457509,4374589440,4376174592,385699840,3971321856,3883884544,717832192,19,14005784576
1791660589.800,68.908,indexer,81235223,63633904,17601318,3307294720,3307360256,1313529856,1946796032,898158592,1048424448,24,14000013312
1791660589.800,68.908,zebrad,125301198,110843599,14457598,4374589440,4376174592,385699840,3971321856,3883884544,717832192,19,14000013312
1791660590.800,69.908,indexer,82663320,64759777,17903543,3333545984,3333545984,1324957696,1961336832,912699392,1048424448,24,13992366080
1791660590.800,69.908,zebrad,125308544,110848785,14459759,4374589440,4376174592,385699840,3971321856,3883884544,717832192,19,13992366080
1791660591.800,70.908,indexer,84239036,65975215,18263821,3355549696,3355553792,1334632448,1973575680,924938240,1048424448,24,13980377088
1791660591.800,70.908,zebrad,125315445,110854812,14460632,4374589440,4376686592,385712128,3971321856,3883884544,717832192,19,13980377088
1791660592.800,71.908,indexer,85818976,67234664,18584311,3377360896,3377360896,1347239936,1982914560,934277120,1048424448,24,13976924160
1791660592.800,71.908,zebrad,125322529,110861774,14460755,4374589440,4376686592,385712128,3971321856,3883884544,731103232,19,13976924160
1791660593.800,72.908,indexer,87653343,68666803,18986540,3400351744,3400351744,1358041088,1995390976,946753536,1048424448,24,13966032896
1791660593.800,72.908,zebrad,125329009,110868201,14460807,4374589440,4376686592,385712128,3971321856,3883884544,731103232,19,13966032896
1791660594.801,73.908,indexer,89043105,69981119,19061985,3426287616,3426287616,1374404608,2004848640,956211200,1048424448,24,13947752448
1791660594.801,73.908,zebrad,125335591,110874603,14460988,4374589440,4376686592,385712128,3971321856,3883884544,731103232,19,13947752448
1791660595.801,74.908,indexer,90240621,71172989,19067632,3452764160,3452764160,1396588544,2008977408,960339968,1048424448,24,13920813056
1791660595.801,74.908,zebrad,125342071,110880914,14461156,4374589440,4376686592,385712128,3971321856,3883884544,731103232,19,13920813056
1791660596.801,75.909,indexer,91278969,72211336,19067632,3468492800,3468492800,1411874816,2009001984,960364544,1048424448,24,13900197888
1791660596.801,75.909,zebrad,125348377,110886184,14462193,4374585344,4376686592,385712128,3971321856,3883884544,731103232,19,13900197888
1791660597.801,76.909,indexer,92330225,73261234,19068991,3477405696,3477405696,1421070336,2009075712,960438272,1048424448,24,13892235264
1791660597.801,76.909,zebrad,125354300,110891887,14462413,4374581248,4376686592,385712128,3971321856,3883884544,731103232,19,13892235264
1791660598.801,77.909,indexer,93487277,74404986,19082290,3493658624,3493658624,1436975104,2009333760,960696320,1048424448,24,13878657024
1791660598.801,77.909,zebrad,125360309,110897896,14462413,4374581248,4376686592,385712128,3971321856,3883884544,731103232,19,13878657024
1791660599.801,78.909,indexer,94593429,75491300,19102128,3502571520,3502571520,1444933632,2010013696,961376256,1048424448,24,13875281920
1791660599.801,78.909,zebrad,125367169,110904756,14462413,4374581248,4376686592,385712128,3971321856,3883884544,731103232,19,13875281920
1791660600.801,79.909,indexer,95711922,76567639,19144283,3509350400,3509387264,1451065344,2011213824,962576384,1048424448,24,13877440512
1791660600.801,79.909,zebrad,125375885,110913472,14462413,4374343680,4376686592,385712128,3971321856,3883884544,731103232,19,13877440512
1791660601.801,80.909,indexer,96821684,77629616,19192068,3516604416,3516612608,1456566272,2012561408,963923968,1048424448,24,13877420032
1791660601.801,80.909,zebrad,125382171,110919129,14463041,4374622208,4376686592,385716224,3971321856,3883884544,731103232,19,13877420032
1791660602.801,81.909,indexer,98036098,78811143,19224954,3535642624,3535650816,1475313664,2013081600,964444160,1048424448,24,13848469504
1791660602.801,81.909,zebrad,125388310,110924251,14464058,4375138304,4376973312,385970176,3971321856,3883884544,731103232,19,13848469504
1791660603.802,82.909,indexer,99171030,79883003,19288026,3545919488,3545927680,1483628544,2014793728,966156288,1048424448,24,13841707008
1791660603.802,82.909,zebrad,125394730,110930672,14464058,4374872064,4376973312,385970176,3971321856,3883884544,731103232,19,13841707008
1791660604.802,83.909,indexer,100566892,81061790,19505101,3562229760,3562229760,1494310912,2020483072,971845632,1048424448,24,13835837440
1791660604.802,83.909,zebrad,125401377,110936544,14464833,4375134208,4376973312,385970176,3971321856,3883884544,731103232,19,13835837440
1791660605.802,84.909,indexer,101978494,82232916,19745578,3583090688,3583119360,1508827136,2026647552,978018304,1048424448,24,13824655360
1791660605.802,84.909,zebrad,125408279,110943446,14464833,4375134208,4376973312,385970176,3971321856,3883884544,731103232,19,13824655360
1791660606.802,85.910,indexer,103434169,83439507,19994662,3600920576,3600965632,1520840704,2032803840,984166400,1048424448,24,13820882944
1791660606.802,85.910,zebrad,125415113,110950280,14464833,4375130112,4376973312,385970176,3971321856,3883884544,731103232,19,13820882944
1791660607.802,86.910,indexer,105592926,85328626,20264299,3442356224,3605393408,1355182080,2040037376,991399936,1048424448,25,13983551488
1791660607.802,86.910,zebrad,125421953,110956947,14465005,4375117824,4376973312,385970176,3971321856,3883884544,731103232,19,13983551488
1791660608.802,87.910,indexer,108101791,87523540,20578251,3565281280,3605393408,1399701504,2116009984,999342080,1048424448,25,13955334144
1791660608.802,87.910,zebrad,125428794,110961917,14466876,4375113728,4376973312,385970176,3971321856,3883884544,731103232,19,13955334144
1791660609.802,88.910,indexer,109601915,88675801,20926114,4149387264,4149399552,1409335296,2673119232,1003466752,1182846976,25,13935910912
1791660609.802,88.910,zebrad,125435712,110968616,14467095,4375113728,4376973312,385970176,3971321856,3883884544,731103232,19,13935910912
1791660610.802,89.910,indexer,110867193,89874825,20992368,4153143296,4153217024,1411608576,2674622464,1004969984,1400950784,25,13935403008
1791660610.802,89.910,zebrad,125439335,110972169,14467166,4374876160,4376973312,385970176,3971321856,3883884544,731103232,19,13935403008
1791660611.802,90.910,indexer,111103598,90055023,21048575,4155867136,4156026880,1413705728,2675482624,1005830144,1627443200,25,13932789760
1791660611.802,90.910,zebrad,125445430,110977368,14468062,4374872064,4376973312,385970176,3971321856,3883884544,731103232,19,13932789760
1791660612.802,91.910,indexer,112509005,91168916,21340089,4170256384,4170256384,1420521472,2682834944,1013182464,1669451776,24,13932011520
1791660612.802,91.910,zebrad,125451891,110982658,14469232,4374888448,4376973312,385970176,3971321856,3883884544,731103232,19,13932011520
1791660613.803,92.910,indexer,114335725,92634488,21701237,4192800768,4192800768,1433104384,2692751360,1023098880,1669451776,24,13919932416
1791660613.803,92.910,zebrad,125457959,110987718,14470241,4374888448,4376973312,385970176,3971321856,3883884544,731103232,19,13919932416
1791660614.803,93.910,indexer,116076079,94014830,22061249,4213547008,4213571584,1443774464,2702532608,1032880128,1669451776,24,13914759168
1791660614.803,93.910,zebrad,125465099,110993957,14471142,4374913024,4376973312,385970176,3971321856,3883884544,731103232,19,13914759168
1791660615.803,94.910,indexer,117601199,95184231,22416968,4231241728,4231278592,1453211648,2710900736,1041248256,1669451776,24,13906989056
1791660615.803,94.910,zebrad,125471798,110999573,14472224,4374908928,4376973312,385970176,3971321856,3883884544,731103232,19,13906989056
1791660616.803,95.911,indexer,119176848,96414269,22762579,4253261824,4253265920,1466470400,2719379456,1049726976,1669451776,24,13891502080
1791660616.803,95.911,zebrad,125479208,111006283,14472925,4374663168,4376973312,385986560,3971321856,3883884544,731103232,19,13891502080
1791660617.803,96.911,indexer,120938431,97825701,23112729,4273319936,4273319936,1476956160,2729295872,1059643392,1669451776,24,13883240448
1791660617.803,96.911,zebrad,125485822,111010936,14474885,4374659072,4376973312,385986560,3971321856,3883884544,731103232,19,13883240448
1791660618.803,97.911,indexer,122565782,99119678,23446104,4293115904,4293120000,1487462400,2738302976,1068650496,1669451776,24,13869318144
1791660618.803,97.911,zebrad,125492492,111017532,14474960,4374667264,4376973312,385986560,3971321856,3883884544,731103232,19,13869318144
1791660619.803,98.911,indexer,124153697,100335667,23818029,4312616960,4312616960,1497948160,2747322368,1077669888,1669451776,24,13861081088
1791660619.803,98.911,zebrad,125499181,111023912,14475268,4374929408,4376973312,385986560,3971321856,3883884544,731103232,19,13861081088
1791660620.803,99.911,indexer,125905630,101768270,24137359,4329103360,4329103360,1506340864,2755383296,1085730816,1669451776,24,13848928256
1791660620.803,99.911,zebrad,125506964,111030952,14476012,4374663168,4376973312,385990656,3971321856,3883884544,731103232,19,13848928256
1791660621.803,100.911,indexer,127711427,103175299,24536127,4352294912,4352294912,1518940160,2765873152,1096220672,1669451776,24,13839785984
1791660621.803,100.911,zebrad,125513130,111037102,14476028,4374663168,4376973312,385990656,3971321856,3883884544,731103232,19,13839785984
1791660622.803,101.911,indexer,129672149,104730590,24941558,4376412160,4376412160,1531523072,2777419776,1107767296,1669455872,24,13827194880
1791660622.803,101.911,zebrad,125520031,111041353,14478678,4374650880,4376973312,385990656,3971321856,3883884544,731103232,19,13827194880
1791660623.804,102.911,indexer,131388721,106073621,25315100,4396896256,4397006848,1542008832,2787569664,1117917184,1669455872,24,13817585664
1791660623.804,102.911,zebrad,125526470,111045852,14480618,4375175168,4376973312,385990656,3971321856,3883884544,731103232,19,13817585664
1791660624.804,103.911,indexer,132988575,107367684,25620891,4416270336,4416417792,1552494592,2796449792,1126797312,1669455872,24,13809463296
1791660624.804,103.911,zebrad,125533117,111049762,14483354,4375175168,4376973312,385990656,3971321856,3883884544,731103232,19,13809463296
1791660625.804,104.911,indexer,134709679,108724841,25984837,4436410368,4436418560,1563037696,2805878784,1136226304,1669455872,24,13796798464
1791660625.804,104.911,zebrad,125539832,111054737,14485094,4375175168,4376973312,385990656,3971321856,3883884544,731103232,19,13796798464
1791660626.804,105.912,indexer,136952559,110737630,26214929,4273360896,4438466560,1393659904,2812485632,1142833152,1669455872,25,13966340096
1791660626.804,105.912,zebrad,125546910,111060805,14486104,4375166976,4376973312,385990656,3971321856,3883884544,731103232,19,13966340096
1791660627.804,106.912,indexer,139526004,112769907,26756096,4902080512,4902080512,1411125248,3406508032,1151422464,1669455872,25,13940162560
1791660627.804,106.912,zebrad,125553956,111066845,14487110,4375162880,4376973312,385990656,3971321856,3883884544,731103232,19,13940162560
1791660628.804,107.912,indexer,140299193,113365947,26933245,4926373888,4926414848,1415319552,3425796096,1154834432,1909399552,25,13937410048
1791660628.804,107.912,zebrad,125560802,111072709,14488093,4375162880,4376973312,385990656,3971321856,3883884544,731103232,19,13937410048
1791660629.804,108.912,indexer,140885479,113824755,27060724,4931133440,4931198976,1417416704,3428487168,1157513216,2119114752,25,13937774592
1791660629.804,108.912,zebrad,125567169,111078920,14488249,4375154688,4376973312,385990656,3971321856,3883884544,731103232,19,13937774592
1791660630.804,109.912,indexer,141903691,114655661,27248030,4941451264,4941451264,1422082048,3432857600,1161859072,2301034496,24,13932584960
1791660630.804,109.912,zebrad,125576408,111086243,14490164,4375416832,4376973312,385990656,3971321856,3883884544,731103232,19,13932584960
1791660631.804,110.912,indexer,144575042,116981458,27593584,4963471360,4963471360,1434718208,3442507776,1171509248,2301034496,24,13918982144
1791660631.804,110.912,zebrad,125583157,111092793,14490364,4375150592,4376973312,385990656,3971321856,3883884544,731103232,19,13918982144
1791660632.804,111.912,indexer,146445304,118548560,27896744,4983332864,4983332864,1445343232,3451518976,1180520448,2301034496,24,13904420864
1791660632.804,111.912,zebrad,125589943,111099578,14490364,4375494656,4377591808,386588672,3971321856,3883884544,731103232,19,13904420864
1791660633.804,112.912,indexer,148065349,119853926,28211423,5001568256,5001588736,1454780416,3460374528,1189376000,2301034496,24,13893881856
1791660633.804,112.912,zebrad,125597000,111106635,14490364,4375228416,4377591808,386588672,3971321856,3883884544,731103232,19,13893881856
1791660634.805,113.912,indexer,149722915,121173400,28549515,5018775552,5018787840,1463259136,3469164544,1198166016,2301034496,24,13891702784
1791660634.805,113.912,zebrad,125603292,111112928,14490364,4375228416,4377591808,386588672,3971321856,3883884544,731103232,19,13891702784
1791660635.805,114.912,indexer,151482371,122596462,28885908,5038338048,5038350336,1473744896,3478220800,1207222272,2301034496,24,13881057280
1791660635.805,114.912,zebrad,125610649,111120241,14490408,4375490560,4377591808,386588672,3971321856,3883884544,731103232,19,13881057280
1791660636.805,115.912,indexer,153347073,124098326,29248746,5060907008,5060907008,1486348288,3488034816,1217036288,2301034496,24,13873537024
1791660636.805,115.912,zebrad,125618154,111127574,14490579,4375490560,4377591808,386588672,3971321856,3883884544,731103232,19,13873537024
1791660637.805,116.913,indexer,155227367,125577125,29650242,5082116096,5082128384,1496834048,3498668032,1227669504,2301034496,24,13864431616
1791660637.805,116.913,zebrad,125624774,111133122,14491652,4375490560,4377591808,386588672,3971321856,3883884544,731103232,19,13864431616
1791660638.805,117.913,indexer,156814777,126914633,29900143,5097873408,5097897984,1505247232,3505983488,1234984960,2301034496,24,13857812480
1791660638.805,117.913,zebrad,125631296,111139586,14491709,4375752704,4377591808,386588672,3971321856,3883884544,731103232,19,13857812480
1791660639.805,118.913,indexer,158331537,128162740,30168796,5113237504,5113286656,1513644032,3513049088,1242050560,2301034496,24,13850198016
1791660639.805,118.913,zebrad,125637804,111144378,14493426,4375752704,4377591808,386588672,3971321856,3883884544,731103232,19,13850198016
1791660640.805,119.913,indexer,160082628,129545463,30537165,5133176832,5133185024,1524129792,3522338816,1251340288,2301034496,24,13838843904
1791660640.805,119.913,zebrad,125645606,111152091,14493515,4375752704,4377591808,386588672,3971321856,3883884544,731103232,19,13838843904
1791660641.805,120.913,indexer,161774509,130956065,30818444,5149507584,5149515776,1532518400,3530321920,1259323392,2301034496,24,13830995968
1791660641.805,120.913,zebrad,125652540,111159025,14493515,4375752704,4377591808,386588672,3971321856,3883884544,731103232,19,13830995968
1791660642.805,121.913,indexer,163514492,132351774,31162718,5169565696,5169602560,1543057408,3539779584,1268785152,2301034496,24,13825134592
1791660642.805,121.913,zebrad,125659267,111165752,14493515,4375752704,4377591808,386588672,3971321856,3883884544,731103232,19,13825134592
1791660643.805,122.913,indexer,165110878,133835751,31275127,5177495552,5177495552,1547251712,3543310336,1272311808,2301034496,24,13801873408
1791660643.805,122.913,zebrad,125666221,111171871,14494349,4376993792,4379099136,387837952,3971321856,3883884544,731103232,19,13801873408
1791660644.806,123.913,indexer,166525520,135156227,31369293,5183827968,5183897600,1551446016,3545694208,1274695680,2301034496,24,13797314560
1791660644.806,123.913,zebrad,125673309,111178605,14494703,4376727552,4379099136,387837952,3971321856,3883884544,731103232,19,13797314560
1791660645.806,124.913,indexer,168389841,136677803,31712038,5205188608,5205188608,1563299840,3555164160,1284165632,2301034496,24,13783875584
1791660645.806,124.913,zebrad,125680342,111185638,14494704,4376989696,4379099136,387837952,3971321856,3883884544,731103232,19,13783875584
1791660646.806,125.913,indexer,170636934,138624470,32012463,5045485568,5210693632,1395712000,3563220992,1292222464,2301034496,25,13944995840
1791660646.806,125.913,zebrad,125686820,111191947,14494872,4376723456,4379099136,387837952,3971321856,3883884544,731103232,19,13944995840
1791660647.806,126.914,indexer,173284641,140935545,32349096,5146882048,5210693632,1414918144,3643236352,1301303296,2301034496,25,13939384320
1791660647.806,126.914,zebrad,125693671,111197931,14495740,4376723456,4379099136,387837952,3971321856,3883884544,731103232,19,13939384320
1791660648.806,127.914,indexer,175005778,142215796,32789982,5720289280,5720289280,1419251712,4195966976,1305739264,2454286336,25,13913878528
1791660648.806,127.914,zebrad,125700458,111204398,14496060,4376707072,4379099136,387837952,3971321856,3883884544,731103232,19,13913878528
1791660649.806,128.914,indexer,175820171,142857168,32963003,5728153600,5728153600,1423446016,4199632896,1309384704,2655612928,25,13916819456
1791660649.806,128.914,zebrad,125708028,111211906,14496122,4376707072,4379099136,387837952,3971321856,3883884544,731103232,19,13916819456
1791660650.806,129.914,indexer,176309451,143234572,33074878,5732237312,5732237312,1425543168,4201750528,1311485952,2856939520,25,13919014912
1791660650.806,129.914,zebrad,125714964,111217964,14497000,4376969216,4379099136,387837952,3971321856,3883884544,731103232,19,13919014912
1791660651.806,130.914,indexer,177398044,144138666,33259378,5741383680,5741400064,1430261760,4206141440,1315864576,2995388416,24,13917212672
1791660651.806,130.914,zebrad,125722226,111224311,14497915,4376965120,4379099136,387837952,3971321856,3883884544,731103232,19,13917212672
1791660652.806,131.914,indexer,179004748,145483743,33521004,5756317696,5756362752,1438650368,4212568064,1322467328,2995388416,24,13910319104
1791660652.806,131.914,zebrad,125728758,111230784,14497973,4376702976,4379099136,387837952,3971321856,3883884544,731103232,19,13910319104
1791660653.806,132.914,indexer,181043933,147253979,33789953,5772271616,5772271616,1447038976,4219420672,1329143808,2995388416,24,13882458112
1791660653.806,132.914,zebrad,125732138,111234006,14498132,4376702976,4379099136,387837952,3971321856,3883884544,731103232,19,13882458112
1791660654.807,133.914,indexer,183524290,149387905,34136385,5791801344,5792063488,1457426432,4228292608,1338015744,2995388416,24,13872074752
1791660654.807,133.914,zebrad,125735666,111237359,14498307,4376465408,4379099136,387837952,3971321856,3883884544,731103232,19,13872074752
1791660655.807,134.914,indexer,185364254,150848861,34515392,5812621312,5812621312,1467912192,4238446592,1348169728,2995388416,24,13867216896
1791660655.807,134.914,zebrad,125742407,111244017,14498389,4376465408,4379099136,387837952,3971321856,3883884544,731103232,19,13867216896
1791660656.807,135.914,indexer,187262841,152345495,34917346,5835808768,5835845632,1480495104,4248993792,1358962688,2995392512,24,13850701824
1791660656.807,135.914,zebrad,125749577,111250282,14499294,4376494080,4379099136,387837952,3971321856,3883884544,731103232,19,13850701824
1791660657.807,136.915,indexer,188853364,153609354,35244009,5855174656,5855174656,1490980864,4258009088,1367732224,2995392512,24,13845917696
1791660657.807,136.915,zebrad,125755960,111255736,14500224,4376756224,4379099136,387837952,3971321856,3883884544,731103232,19,13845917696
1791660658.807,137.915,indexer,190372951,154792504,35580447,5871583232,5871640576,1499369472,4266287104,1376010240,2995392512,24,13839015936
1791660658.807,137.915,zebrad,125762546,111261137,14501408,4376498176,4379099136,387837952,3971321856,3883884544,731103232,19,13839015936
1791660659.807,138.915,indexer,192080891,156144397,35936493,5892808704,5892825088,1509855232,4276699136,1386422272,2995392512,24,13836767232
1791660659.807,138.915,zebrad,125769679,111265478,14504201,4376526848,4379099136,387837952,3971321856,3883884544,731103232,19,13836767232
1791660660.807,139.915,indexer,193603004,157328482,36274522,5910712320,5910798336,1518247936,4286382080,1396105216,2995392512,24,13830823936
1791660660.807,139.915,zebrad,125780144,111272881,14507262,4376784896,4379099136,387837952,3971321856,3883884544,731103232,19,13830823936
1791660661.807,140.915,indexer,195097897,158546707,36551190,5928919040,5928976384,1526636544,4296003584,1405726720,2995392512,24,13818642432
1791660661.807,140.915,zebrad,125787259,111279997,14507262,4376772608,4379099136,387993600,3971321856,3883884544,731103232,19,13818642432
1791660662.807,141.915,indexer,196583725,159765389,36818335,5945044992,5945057280,1532977152,4305727488,1415450624,2995392512,24,13808807936
1791660662.807,141.915,zebrad,125794232,111286970,14507262,4377161728,4379099136,387993600,3971321856,3883884544,731103232,19,13808807936
1791660663.807,142.915,indexer,198136625,160995877,37140747,5964226560,5964238848,1541390336,4316516352,1426239488,2995392512,24,13786083328
1791660663.807,142.915,zebrad,125800700,111293383,14507317,4377157632,4379254784,387993600,3971321856,3883884544,731103232,19,13786083328
1791660664.808,143.915,indexer,199725300,162261080,37464220,5983322112,5983395840,1551876096,4325117952,1434841088,2995392512,24,13783941120
1791660664.808,143.915,zebrad,125808162,111299675,14508487,4377149440,4379254784,387993600,3971321856,3883884544,731103232,19,13783941120
1791660665.808,144.915,indexer,201537230,163732940,37804290,6004719616,6004719616,1562361856,4335599616,1445322752,2995392512,24,13774417920
1791660665.808,144.915,zebrad,125814553,111306023,14508529,4377145344,4379254784,387993600,3971321856,3883884544,731103232,19,13774417920
1791660666.808,145.915,indexer,203427435,165298615,38128820,5850841088,6019297280,1398771712,4345880576,1455603712,2995392512,25,13926027264
1791660666.808,145.915,zebrad,125820917,111312388,14508529,4376887296,4379254784,387993600,3971321856,3883884544,731103232,19,13926027264
1791660667.808,146.916,indexer,206007025,167583266,38423758,5871648768,6019297280,1410162688,4355457024,1465180160,2995392512,25,13914415104
1791660667.808,146.916,zebrad,125828005,111318773,14509232,4377141248,4379254784,387993600,3971321856,3883884544,731103232,19,13914415104
1791660668.808,147.916,indexer,208602393,169642859,38959533,6406856704,6406856704,1420341248,4865425408,1475133440,2995392512,25,13903224832
1791660668.808,147.916,zebrad,125835058,111325050,14510007,4377133056,4379254784,387993600,3971321856,3883884544,731103232,19,13903224832
1791660669.808,148.916,indexer,209423566,170288869,39134696,6502842368,6502842368,1422438400,4955426816,1478627328,3235876864,25,13904912384
1791660669.808,148.916,zebrad,125841316,111331282,14510034,4377128960,4379254784,387993600,3971321856,3883884544,731103232,19,13904912384
1791660670.894,150.001,indexer,211204354,171939463,39264890,6510833664,6510891008,1426632704,4959371264,1482547200,3487535104,25,13901258752
1791660670.894,150.001,zebrad,125845401,111335127,14510273,4377124864,4379254784,387993600,3971321856,3883884544,731103232,19,13901258752
1791660671.894,151.001,indexer,211906275,172496261,39410014,6519222272,6519234560,1431351296,4963147776,1486299136,3688861696,25,13896290304
1791660671.894,151.001,zebrad,125852285,111341680,14510604,4377124864,4379254784,387993600,3971321856,3883884544,731103232,19,13896290304
1791660672.894,152.002,indexer,213324945,173659314,39665631,6533357568,6533394432,1437642752,4970831872,1493983232,3709177856,24,13892071424
1791660672.894,152.002,zebrad,125859442,111347702,14511739,4376870912,4379254784,387993600,3971321856,3883884544,731103232,19,13892071424
1791660673.894,153.002,indexer,214957771,174938068,40019702,6551363584,6551363584,1446031360,4980412416,1503563776,3709177856,24,13867692032
1791660673.894,153.002,zebrad,125866630,111354641,14511989,4376621056,4379254784,387993600,3971321856,3883884544,731103232,19,13867692032
1791660674.894,154.002,indexer,216731402,176314755,40416647,6572687360,6572699648,1457569792,4990095360,1513246720,3709177856,24,13860306944
1791660674.894,154.002,zebrad,125873871,111361742,14512129,4377141248,4379254784,387993600,3971321856,3883884544,731103232,19,13860306944
1791660675.894,155.002,indexer,218613210,177821814,40791395,6593728512,6593732608,1468055552,5000888320,1524039680,3709177856,24,13849178112
1791660675.894,155.002,zebrad,125880713,111368373,14512339,4377141248,4379254784,387993600,3971321856,3883884544,731103232,19,13849178112
1791660676.894,156.002,indexer,220440368,179237446,41202921,6618255360,6618255360,1480650752,5012258816,1535414272,3709177856,24,13841244160
1791660676.894,156.002,zebrad,125887169,111371883,14515285,4377137152,4379254784,387993600,3971321856,3883884544,731103232,19,13841244160
1791660677.894,157.002,indexer,222029595,180512156,41517438,6635692032,6635704320,1489039360,5021552640,1544704000,3709177856,24,13838647296
1791660677.894,157.002,zebrad,125893617,111378167,14515450,4377137152,4379254784,387993600,3971321856,3883884544,731103232,19,13838647296
1791660678.894,158.002,indexer,223713111,181875023,41838088,6656512000,6656512000,1499525120,5031895040,1555046400,3709177856,24,13828931584
1791660678.894,158.002,zebrad,125900648,111384194,14516454,4377128960,4379254784,387993600,3971321856,3883884544,731103232,19,13828931584
1791660679.894,159.002,indexer,225515423,183337038,42178385,6677966848,6677970944,1510010880,5042704384,1565855744,3709177856,24,13817434112
1791660679.894,159.002,zebrad,125907953,111391498,14516454,4376862720,4379254784,387993600,3971321856,3883884544,731103232,19,13817434112
1791660680.895,160.002,indexer,227220372,184697839,42522532,6698328064,6698356736,1520504832,5052772352,1575923712,3709177856,24,13806706688
1791660680.895,160.002,zebrad,125914519,111397081,14517437,4376862720,4379254784,387993600,3971321856,3883884544,731103232,19,13806706688
1791660681.895,161.002,indexer,228758755,185912556,42846199,6716841984,6716903424,1528893440,5062541312,1585692672,3709177856,24,13802508288
1791660681.895,161.002,zebrad,125921564,111401460,14520104,4376862720,4379254784,387993600,3971321856,3883884544,731103232,19,13802508288
1791660682.895,162.002,indexer,230425985,187205909,43220076,6737059840,6737059840,1539383296,5072240640,1595392000,3709177856,24,13793849344
1791660682.895,162.002,zebrad,125928396,111408292,14520104,4376862720,4379254784,387993600,3971321856,3883884544,731103232,19,13793849344
1791660683.895,163.003,indexer,232108162,188535754,43572408,6755364864,6755368960,1547771904,5082185728,1605337088,3709177856,24,13767311360
1791660683.895,163.003,zebrad,125934687,111414583,14520104,4377640960,4379316224,388513792,3971321856,3883884544,731103232,19,13767311360
1791660684.895,164.003,indexer,233807544,189901363,43906180,6775898112,6775898112,1558257664,5092233216,1615384576,3709177856,24,13758509056
1791660684.895,164.003,zebrad,125942338,111421497,14520840,4377645056,4379316224,388513792,3971321856,3883884544,731103232,19,13758509056
1791660685.895,165.003,indexer,235678868,191394300,44284568,6798114816,6798114816,1568751616,5103661056,1626812416,3709177856,24,13748510720
1791660685.895,165.003,zebrad,125948920,111425698,14523222,4377190400,4379316224,388513792,3971321856,3883884544,731103232,19,13748510720
1791660686.895,166.003,indexer,238007161,193455845,44551316,6644736000,6798114816,1408167936,5111361536,1634512896,3709177856,25,13893738496
1791660686.895,166.003,zebrad,125955641,111431681,14523959,4377444352,4379316224,388513792,3971321856,3883884544,731103232,19,13893738496
1791660687.896,167.003,indexer,240580987,195669631,44911356,6869831680,6869831680,1416183808,5322375168,1644662784,3709177856,25,13884116992
1791660687.896,167.003,zebrad,125962512,111437451,14525061,4377698304,4379316224,388513792,3971321856,3883884544,731103232,19,13884116992
1791660688.896,168.003,indexer,241719976,196398270,45321706,7276974080,7277023232,1420443648,5713678336,1649111040,3904864256,25,13879345152
1791660688.896,168.003,zebrad,125969885,111444668,14525216,4377690112,4379316224,388513792,3971321856,3883884544,731103232,19,13879345152
1791660689.896,169.003,indexer,242490158,197012199,45477959,7285174272,7285178368,1424637952,5717450752,1652862976,4106190848,25,13880061952
1791660689.896,169.003,zebrad,125976039,111449688,14526351,4377690112,4379316224,388513792,3971321856,3883884544,731103232,19,13880061952
1791660690.896,170.004,indexer,243140450,197538786,45601664,7290740736,7290740736,1426735104,5720694784,1656094720,4307517440,25,13879861248
1791660690.896,170.004,zebrad,125983621,111456085,14527535,4377690112,4379316224,388513792,3971321856,3883884544,731103232,19,13879861248
1791660691.896,171.004,indexer,244954836,199187936,45766899,7300612096,7300616192,1431453696,5725245440,1660633088,4462567424,24,13874659328
1791660691.896,171.004,zebrad,125983621,111456085,14527535,4377690112,4379316224,388517888,3971321856,3883884544,731103232,19,13874659328
1791660692.896,172.004,indexer,246709456,200652702,46056753,7317700608,7317704704,1439842304,5734117376,1669505024,4462571520,24,13870305280
1791660692.896,172.004,zebrad,125990697,111462383,14528313,4377690112,4379316224,388517888,3971321856,3883884544,731103232,19,13870305280
1791660693.896,173.004,indexer,248468481,202029158,46439323,7338115072,7338143744,1450328064,5744107520,1679495168,4462571520,24,13862080512
1791660693.896,173.004,zebrad,125997953,111468494,14529459,4377690112,4379316224,388517888,3971321856,3883884544,731103232,19,13862080512
1791660694.896,174.004,indexer,250293703,203481643,46812060,7360679936,7360679936,1461862400,5754851328,1690238976,4462571520,24,13844750336
1791660694.896,174.004,zebrad,126004552,111473907,14530645,4377858048,4379955200,388694016,3971321856,3883884544,731103232,19,13844750336
1791660695.896,175.004,indexer,252204646,205026830,47177816,7384498176,7384498176,1474445312,5766070272,1701457920,4462571520,24,13830557696
1791660695.896,175.004,zebrad,126011491,111480084,14531407,4377595904,4379955200,388694016,3971321856,3883884544,731103232,19,13830557696
1791660696.896,176.004,indexer,253967495,206426714,47540780,7404916736,7404920832,1484931072,5775921152,1711308800,4462571520,24,13826134016
1791660696.896,176.004,zebrad,126018816,111487409,14531407,4377591808,4379955200,388694016,3971321856,3883884544,731103232,19,13826134016
1791660697.896,177.004,indexer,255777709,207871858,47905850,7426150400,7426150400,1495416832,5786431488,1721819136,4462571520,24,13817016320
1791660697.896,177.004,zebrad,126024787,111491459,14533327,4377591808,4379955200,388694016,3971321856,3883884544,731103232,19,13817016320
1791660698.897,178.004,indexer,257611585,209342689,48268896,7451799552,7451799552,1507999744,5799505920,1734893568,4462571520,24,13807501312
1791660698.897,178.004,zebrad,126031019,111497667,14533352,4377849856,4379955200,388694016,3971321856,3883884544,731103232,19,13807501312
1791660699.897,179.004,indexer,259292900,210688441,48604459,7473676288,7473692672,1518489600,5810827264,1746219008,4462571520,24,13793329152
1791660699.897,179.004,zebrad,126038173,111503919,14534254,4377849856,4379955200,388698112,3971321856,3883884544,731103232,19,13793329152
1791660700.897,180.004,indexer,260933235,212008056,48925178,7490940928,7490998272,1526878208,5820063744,1755451392,4462571520,24,13784805376
1791660700.897,180.004,zebrad,126045678,111511368,14534309,4377845760,4379955200,388698112,3971321856,3883884544,731103232,19,13784805376
1791660701.897,181.005,indexer,262651203,213390942,49260260,7510847488,7510863872,1537363968,5829214208,1764605952,4462571520,24,13776179200
1791660701.897,181.005,zebrad,126052433,111517035,14535398,4377837568,4379955200,388698112,3971321856,3883884544,731103232,19,13776179200
1791660702.897,182.005,indexer,264428834,214817766,49611067,7531544576,7531589632,1547849728,5839503360,1774891008,4462571520,24,13767372800
1791660702.897,182.005,zebrad,126059371,111523327,14536044,4377837568,4379955200,388698112,3971321856,3883884544,731103232,19,13767372800
1791660703.897,183.005,indexer,266186523,216202793,49983730,7552503808,7552581632,1558335488,5849759744,1785364480,4462571520,24,13759627264
1791660703.897,183.005,zebrad,126065841,111528625,14537215,4377571328,4379955200,388698112,3971321856,3883884544,731103232,19,13759627264
1791660704.897,184.005,indexer,267970130,217645860,50324269,7574761472,7574761472,1569406976,5859840000,1795231744,4462571520,24,13731340288
1791660704.897,184.005,zebrad,126074015,111536783,14537231,4377567232,4379955200,388698112,3971321856,3883884544,731103232,19,13731340288
1791660705.897,185.005,indexer,270362994,219791491,50571502,7420825600,7576072192,1408819200,5867794432,1803182080,4462571520,25,13873786880
1791660705.897,185.005,zebrad,126081759,111544527,14537231,4377300992,4379955200,388698112,3971321856,3883884544,731103232,19,13873786880
1791660706.897,186.005,indexer,272964453,222033663,50930789,7577153536,7577153536,1418940416,6010138624,1812021248,4462571520,25,13871378432
1791660706.897,186.005,zebrad,126088764,111551532,14537231,4377300992,4379955200,388698112,3971321856,3883884544,731103232,19,13871378432
1791660707.897,187.005,indexer,274666593,223218883,51447710,8056328192,8056328192,1425231872,6469214208,1817628672,4545527808,25,13852430336
1791660707.897,187.005,zebrad,126095134,111557241,14537892,4377341952,4379955200,388698112,3971321856,3883884544,731103232,19,13852430336
1791660708.897,188.005,indexer,275811481,224247865,51563616,8061308928,8061308928,1427329024,6471593984,1819996160,4802785280,25,13852307456
1791660708.897,188.005,zebrad,126098141,111560248,14537892,4377341952,4379955200,388698112,3971321856,3883884544,731103232,19,13852307456
1791660709.898,189.005,indexer,276552142,224928206,51623936,8062357504,8062357504,1427329024,6472585216,1820962816,5004111872,25,13851181056
1791660709.898,189.005,zebrad,126104358,111566444,14537914,4377604096,4379955200,388698112,3971321856,3883884544,731103232,19,13851181056
1791660710.898,190.005,indexer,277425584,225589624,51835959,8071008256,8071008256,1432051712,6476685312,1825038336,5251207168,25,13847855104
1791660710.898,190.005,zebrad,126111359,111573445,14537914,4377600000,4379955200,388698112,3971321856,3883884544,731103232,19,13847855104
1791660711.898,191.006,indexer,278789924,226645946,52143977,8086364160,8086425600,1440440320,6483480576,1831833600,5251207168,24,13842022400
1791660711.898,191.006,zebrad,126118200,111579306,14538893,4377600000,4379955200,388698112,3971321856,3883884544,731103232,19,13842022400
1791660712.898,192.006,indexer,280440238,227968397,52471840,8106037248,8106082304,1450926080,6492291072,1840644096,5251207168,24,13834805248
1791660712.898,192.006,zebrad,126125180,111585519,14539660,4377600000,4379955200,388698112,3971321856,3883884544,731103232,19,13834805248
1791660713.898,193.006,indexer,282234346,229395322,52839023,8124780544,8124780544,1460363264,6501646336,1849999360,5251207168,24,13836759040
1791660713.898,193.006,zebrad,126132782,111592167,14540615,4377600000,4379955200,388698112,3971321856,3883884544,731103232,19,13836759040
1791660714.898,194.006,indexer,284095217,230903337,53191879,8146595840,8146599936,1470849024,6511153152,1859506176,5251207168,24,13827977216
1791660714.898,194.006,zebrad,126140038,111598393,14541645,4377337856,4379955200,388698112,3971321856,3883884544,731103232,19,13827977216
1791660715.898,195.006,indexer,285992315,232419011,53573303,8169893888,8169893888,1483431936,6521856000,1870209024,5251207168,24,13810118656
1791660715.898,195.006,zebrad,126147414,111604609,14542805,4377899008,4379955200,388698112,3971321856,3883884544,731103232,19,13810118656
1791660716.898,196.006,indexer,287817690,233880029,53937660,8192286720,8192348160,1496035328,6531989504,1880342528,5251207168,24,13805633536
1791660716.898,196.006,zebrad,126153823,111610085,14543737,4377632768,4379955200,388698112,3971321856,3883884544,731103232,19,13805633536
1791660717.898,197.006,indexer,289429520,235166354,54263166,8209735680,8209817600,1504423936,6541012992,1889366016,5251207168,24,13797306368
1791660717.898,197.006,zebrad,126161047,111615394,14545652,4377645056,4379955200,388698112,3971321856,3883884544,731103232,19,13797306368
1791660718.898,198.006,indexer,291142703,236525086,54617616,8231784448,8231796736,1517015040,6550515712,1898872832,5251207168,24,13784907776
1791660718.898,198.006,zebrad,126167963,111621435,14546528,4377640960,4379955200,388698112,3971321856,3883884544,731103232,19,13784907776
1791660719.899,199.006,indexer,292989762,237960474,55029287,8252239872,8252243968,1527500800,6560256000,1908609024,5251207168,24,13772185600
1791660719.899,199.006,zebrad,126175016,111627366,14547650,4377640960,4379955200,388698112,3971321856,3883884544,731103232,19,13772185600
1791660720.899,200.006,indexer,294975422,239567239,55408182,8275759104,8275759104,1540083712,6570995712,1919348736,5251207168,24,13754621952
1791660720.899,200.006,zebrad,126183918,111636167,14547750,4377632768,4379955200,388698112,3971321856,3883884544,731103232,19,13754621952
1791660721.899,201.006,indexer,296803688,241029035,55774652,8296374272,8296386560,1550569472,6580895744,1929248768,5251207168,24,13750730752
1791660721.899,201.006,zebrad,126190333,111641649,14548684,4377628672,4379955200,388698112,3971321856,3883884544,731103232,19,13750730752
1791660722.899,202.007,indexer,298423868,242340264,56083603,8315559936,8315576320,1561055232,6589603840,1937960960,5251207168,24,13738475520
1791660722.899,202.007,zebrad,126197323,111647870,14549452,4377374720,4379955200,388698112,3971321856,3883884544,731103232,19,13738475520
1791660723.899,203.007,indexer,300074477,243657136,56417341,8332886016,8332902400,1569443840,6598533120,1946886144,5251207168,24,13730222080
1791660723.899,203.007,zebrad,126203730,111654277,14549452,4377374720,4379955200,388698112,3971321856,3883884544,731103232,19,13730222080
1791660724.899,204.007,indexer,302472559,245808628,56663930,8178180096,8332902400,1408860160,6606139392,1954492416,5251207168,25,13884444672
1791660724.899,204.007,zebrad,126211017,111660255,14550761,4377374720,4379955200,388698112,3971321856,3883884544,731103232,19,13884444672
1791660725.899,205.007,indexer,304990518,247938994,57051524,8452980736,8453242880,1418969088,6863917056,1962987520,5251207168,25,13867798528
1791660725.899,205.007,zebrad,126219214,111668452,14550761,4377374720,4379955200,388698112,3971321856,3883884544,731103232,19,13867798528
1791660726.899,206.007,indexer,306376137,248872399,57503738,8829923328,8829927424,1423167488,7225229312,1967828992,5338624000,25,13871321088
1791660726.899,206.007,zebrad,126226948,111676086,14550862,4377370624,4379955200,388698112,3971321856,3883884544,731103232,19,13871321088
1791660727.899,207.007,indexer,306864313,249249037,57615276,8835842048,8835862528,1427361792,7227162624,1969762304,5590679552,25,13870804992
1791660727.899,207.007,zebrad,126233787,111682058,14551728,4377407488,4379955200,388698112,3971321856,3883884544,731103232,19,13870804992
1791660728.899,208.007,indexer,307679731,249897933,57781798,8842170368,8842207232,1429983232,7230746624,1973321728,5792010240,25,13867122688
1791660728.899,208.007,zebrad,126240758,111688032,14552726,4377407488,4379955200,388698112,3971321856,3883884544,731103232,19,13867122688
1791660729.900,209.007,indexer,308899615,250971727,57927888,8850407424,8850407424,1434177536,7234052096,1976602624,6043668480,25,13860159488
1791660729.900,209.007,zebrad,126243879,111690136,14553742,4377407488,4379955200,388698112,3971321856,3883884544,731103232,19,13860159488
1791660730.900,210.007,indexer,310988332,252818587,58169744,8865611776,8865611776,1442566144,7240806400,1983356928,6091210752,24,13854887936
1791660730.900,210.007,zebrad,126247970,111693215,14554755,4377407488,4379955200,388726784,3971321856,3883884544,731103232,19,13854887936
1791660731.900,211.007,indexer,313068495,254684416,58384079,8878452736,8878452736,1448857600,7247331328,1989881856,6091210752,24,13853384704
1791660731.900,211.007,zebrad,126253971,111699216,14554755,4377407488,4379955200,388726784,3971321856,3883884544,731103232,19,13853384704
1791660732.900,212.008,indexer,315129587,256498502,58631085,8895229952,8895229952,1458294784,7254761472,1997312000,6091210752,24,13838442496
1791660732.900,212.008,zebrad,126260479,111705671,14554808,4377407488,4379955200,388726784,3971321856,3883884544,731103232,19,13838442496
1791660733.900,213.008,indexer,317017024,258013371,59003653,8915939328,8915939328,1468780544,7264899072,2007449600,6091210752,24,13825155072
1791660733.900,213.008,zebrad,126267197,111712193,14555004,4377407488,4379955200,388726784,3971321856,3883884544,731103232,19,13825155072
1791660734.900,214.008,indexer,318900338,259520115,59380223,8938745856,8938745856,1481363456,7275188224,2017738752,6091210752,24,13815066624
1791660734.900,214.008,zebrad,126274744,111719023,14555720,4377407488,4379955200,388726784,3971321856,3883884544,731103232,19,13815066624
1791660735.900,215.008,indexer,320895503,261102401,59793101,8963125248,8963125248,1493946368,7286751232,2029305856,6091210752,24,13792870400
1791660735.900,215.008,zebrad,126281809,111724964,14556844,4377153536,4379955200,388726784,3971321856,3883884544,731103232,19,13792870400
1791660736.900,216.008,indexer,322882616,262678704,60203912,8987242496,8987242496,1506529280,7298146304,2040705024,6091210752,24,13782962176
1791660736.900,216.008,zebrad,126288400,111731490,14556910,4377415680,4379955200,388726784,3971321856,3883884544,731103232,19,13782962176
1791660737.900,217.008,indexer,324746495,264186626,60559868,9007271936,9007325184,1517019136,7307960320,2050510848,6091210752,24,13775826944
1791660737.900,217.008,zebrad,126294749,111736797,14557951,4377411584,4379955200,388726784,3971321856,3883884544,731103232,19,13775826944
1791660738.900,218.008,indexer,326552789,265611733,60941056,9030213632,9030238208,1529602048,7318110208,2060660736,6091210752,24,13766787072
1791660738.900,218.008,zebrad,126302165,111742277,14559888,4377673728,4379955200,388726784,3971321856,3883884544,731103232,19,13766787072
1791660739.900,219.008,indexer,328288915,266991967,61296947,9050099712,9050116096,1540087808,7327637504,2070188032,6091210752,24,13754109952
1791660739.900,219.008,zebrad,126309670,111749726,14559943,4377673728,4379955200,388726784,3971321856,3883884544,731103232,19,13754109952
1791660740.901,220.008,indexer,329886563,268270567,61615996,9065897984,9065955328,1548476416,7334948864,2077499392,6091210752,24,13749837824
1791660740.901,220.008,zebrad,126317468,111757524,14559943,4377673728,4379955200,388734976,3971321856,3883884544,731103232,19,13749837824
1791660741.901,221.008,indexer,331650640,269744022,61906617,9082908672,9082933248,1556865024,7343304704,2085855232,6091210752,24,13737381888
1791660741.901,221.008,zebrad,126324359,111762565,14561793,4377673728,4379955200,388734976,3971321856,3883884544,731103232,19,13737381888
1791660742.901,222.008,indexer,333327505,271097122,62230382,9098997760,9099067392,1565253632,7351336960,2093887488,6091210752,24,13728940032
1791660742.901,222.008,zebrad,126331148,111769354,14561793,4377673728,4379955200,388734976,3971321856,3883884544,731103232,19,13728940032
1791660743.901,223.009,indexer,335404417,272914173,62490244,8940605440,9106665472,1399566336,7358533632,2101084160,6091210752,25,13894881280
1791660743.901,223.009,zebrad,126337622,111775829,14561793,4377673728,4379955200,388734976,3971321856,3883884544,731103232,19,13894881280
1791660744.901,224.009,indexer,337899992,275125003,62774988,9030807552,9106665472,1413054464,7433383936,2108829696,6091210752,25,13881634816
1791660744.901,224.009,zebrad,126344470,111782016,14562453,4377673728,4379955200,388739072,3971321856,3883884544,731103232,19,13881634816
1791660745.901,225.009,indexer,340041135,276746879,63294256,9549590528,9549590528,1421066240,7928393728,2115223552,6189068288,25,13860958208
1791660745.901,225.009,zebrad,126350862,111786589,14564272,4377673728,4379955200,388739072,3971321856,3883884544,731103232,19,13860958208
1791660746.901,226.009,indexer,341660506,278173432,63487073,9554309120,9554309120,1423163392,7931207680,2118037504,6324146176,25,13864316928
1791660746.901,226.009,zebrad,126358102,111793690,14564412,4377407488,4379955200,388739072,3971321856,3883884544,731103232,19,13864316928
1791660747.901,227.009,indexer,342492450,278826828,63665622,9562234880,9562234880,1427357696,7934943232,2121760768,6583029760,25,13859536896
1791660747.901,227.009,zebrad,126364241,111799699,14564541,4377407488,4379955200,388739072,3971321856,3883884544,731103232,19,13859536896
1791660748.901,228.009,indexer,343362748,279504872,63857876,9570766848,9570816000,1432076288,7938826240,2125619200,6817910784,25,13856837632
1791660748.901,228.009,zebrad,126370812,111806270,14564541,4377407488,4379955200,388739072,3971321856,3883884544,731103232,19,13856837632
1791660749.901,229.009,indexer,344310063,280274794,64035269,9581637632,9581645824,1438367744,7943217152,2130010112,6917857280,24,13851512832
1791660749.901,229.009,zebrad,126378184,111812651,14565532,4377407488,4379955200,388739072,3971321856,3883884544,731103232,19,13851512832
1791660750.902,230.009,indexer,345836512,281452301,64384210,9597521920,9597558784,1446756352,7950753792,2137546752,6917857280,24,13841170432
1791660750.902,230.009,zebrad,126388408,111821734,14566673,4377407488,4379955200,388739072,3971321856,3883884544,731103232,19,13841170432
1791660751.902,231.009,indexer,347512143,282790789,64721353,9615163392,9615183872,1455144960,7959756800,2146549760,6917857280,24,13840662528
1791660751.902,231.009,zebrad,126395190,111827656,14567533,4377407488,4379955200,388751360,3971321856,3883884544,731103232,19,13840662528
1791660752.902,232.009,indexer,349248653,284125131,65123522,9636478976,9636524032,1466679296,7969591296,2156384256,6917857280,24,13832994816
1791660752.902,232.009,zebrad,126401749,111834216,14567533,4377427968,4379955200,388751360,3971321856,3883884544,731103232,19,13832994816
1791660753.902,233.010,indexer,351170348,285635548,65534799,9659768832,9659768832,1479262208,7980531712,2167324672,6917857280,24,13816479744
1791660753.902,233.010,zebrad,126408475,111840941,14567533,4377427968,4379955200,388751360,3971321856,3883884544,731103232,19,13816479744
1791660754.902,234.010,indexer,353002903,287078987,65923915,9683292160,9683296256,1491845120,7991271424,2178064384,6917857280,24,13806055424
1791660754.902,234.010,zebrad,126415573,111848039,14567533,4377427968,4379955200,388751360,3971321856,3883884544,731103232,19,13806055424
1791660755.902,235.010,indexer,354770604,288503732,66266872,9703051264,9703059456,1502330880,8000475136,2187268096,6917857280,24,13783506944
1791660755.902,235.010,zebrad,126422667,111855091,14567576,4377427968,4379955200,388751360,3971321856,3883884544,731103232,19,13783506944
1791660756.902,236.010,indexer,356729196,290205160,66524036,9719046144,9719046144,1510719488,8007729152,2194522112,6917857280,24,13779271680
1791660756.902,236.010,zebrad,126429537,111860859,14568677,4377690112,4379955200,388751360,3971321856,3883884544,731103232,19,13779271680
1791660757.902,237.010,indexer,358591180,291798447,66792732,9734328320,9734328320,1519116288,8015093760,2201886720,6917857280,24,13774958592
1791660757.902,237.010,zebrad,126435478,111866579,14568899,4377694208,4379955200,388751360,3971321856,3883884544,731103232,19,13774958592
1791660758.902,238.010,indexer,360274639,293106593,67168045,9755070464,9755086848,1529602048,8025124864,2211917824,6917857280,24,13762568192
1791660758.902,238.010,zebrad,126442348,111873448,14568899,4377694208,4379955200,388751360,3971321856,3883884544,731103232,19,13762568192
1791660759.902,239.010,indexer,361830291,294302221,67528069,9775501312,9775513600,1540087808,8034783232,2221576192,6917857280,24,13759475712
1791660759.902,239.010,zebrad,126449034,111879961,14569073,4377694208,4379955200,388751360,3971321856,3883884544,731103232,19,13759475712
1791660760.902,240.010,indexer,363551770,295661748,67890022,9798529024,9798533120,1552670720,8045383680,2232176640,6917857280,24,13742850048
1791660760.902,240.010,zebrad,126455815,111886742,14569073,4377694208,4379955200,388751360,3971321856,3883884544,731103232,19,13742850048
1791660761.903,241.010,indexer,365296951,297110742,68186208,9817825280,9817829376,1563156480,8054059008,2240851968,6917857280,24,13734653952
1791660761.903,241.010,zebrad,126462739,111893665,14569073,4377690112,4379955200,388759552,3971321856,3883884544,731103232,19,13734653952
1791660762.903,242.010,indexer,366822531,298357639,68464892,9662550016,9831968768,1399570432,8062529536,2249322496,6917857280,25,13872222208
1791660762.903,242.010,zebrad,126469568,111897431,14572137,4377948160,4379955200,388759552,3971321856,3883884544,731103232,19,13872222208
1791660763.903,243.010,indexer,369346211,300597167,68749043,9683439616,9831968768,1410961408,8072466432,2259259392,6917857280,25,13873577984
1791660763.903,243.010,zebrad,126476974,111903905,14573069,4377686016,4379955200,388759552,3971321856,3883884544,731103232,19,13873577984
1791660764.903,244.011,indexer,371524455,302280165,69244290,10191163392,10191163392,1418973184,8557391872,2266136576,6926249984,25,13862354944
1791660764.903,244.011,zebrad,126484235,111910251,14573984,4377948160,4379955200,388759552,3971321856,3883884544,731103232,19,13862354944
1791660765.903,245.011,indexer,371914670,302564976,69349694,10238906368,10240745472,1421070336,8601714688,2268106752,7136595968,25,13847449600
1791660765.903,245.011,zebrad,126490269,111916052,14574217,4377935872,4379955200,388759552,3971321856,3883884544,731103232,19,13847449600
1791660766.903,246.011,indexer,372251481,302786981,69464499,10242236416,10242256896,1423208448,8602980352,2269372416,7260565504,25,13843480576
1791660766.903,246.011,zebrad,126496492,111922275,14574217,4377927680,4379955200,388759552,3971321856,3883884544,731103232,19,13843480576
1791660767.903,247.011,indexer,372424191,302912364,69511827,10243047424,10243092480,1423208448,8603729920,2270109696,7538618368,25,13844193280
1791660767.903,247.011,zebrad,126502150,111927179,14574970,4377939968,4379955200,388759552,3971321856,3883884544,731103232,19,13844193280
1791660768.903,248.011,indexer,373583634,303958315,69625318,10248704000,10248802304,1425305600,8606662656,2273030144,7735750656,25,13842583552
1791660768.903,248.011,zebrad,126504901,111929729,14575171,4377939968,4379955200,388759552,3971321856,3883884544,731103232,19,13842583552
1791660769.903,249.011,indexer,375491987,305531943,69960044,10268205056,10268209152,1436315648,8614952960,2281320448,7752118272,24,13840744448
1791660769.903,249.011,zebrad,126507988,111932692,14575296,4377939968,4379955200,388808704,3971321856,3883884544,731103232,19,13840744448
1791660770.903,250.011,indexer,377115171,306832219,70282951,10291277824,10291290112,1444704256,8629465088,2295832576,7752118272,24,13838684160
1791660770.903,250.011,zebrad,126514612,111939247,14575365,4377939968,4379955200,388808704,3971321856,3883884544,731103232,19,13838684160
1791660771.904,251.011,indexer,378857165,308201599,70655565,10313457664,10313457664,1455190016,8641601536,2307969024,7752122368,24,13824372736
1791660771.904,251.011,zebrad,126521461,111945228,14576232,4377939968,4379955200,388808704,3971321856,3883884544,731103232,19,13824372736
1791660772.904,252.011,indexer,380546920,309542612,71004307,10336153600,10336174080,1466724352,8652312576,2318680064,7752122368,24,13818105856
1791660772.904,252.011,zebrad,126527936,111951651,14576284,4377939968,4379955200,388808704,3971321856,3883884544,731103232,19,13818105856
1791660773.904,253.011,indexer,382234194,310870955,71363239,10356916224,10356920320,1477210112,8662585344,2328952832,7752122368,24,13807427584
1791660773.904,253.011,zebrad,126534259,111957167,14577092,4377939968,4379955200,388808704,3971321856,3883884544,731103232,19,13807427584
1791660774.904,254.012,indexer,383967038,312222470,71744567,10381418496,10381418496,1489793024,8674516992,2340921344,7752122368,24,13797666816
1791660774.904,254.012,zebrad,126541281,111963842,14577438,4377939968,4379955200,388808704,3971321856,3883884544,731103232,19,13797666816
1791660775.904,255.012,indexer,385810331,313679905,72130426,10405638144,10405638144,1501286400,8687480832,2353848320,7752122368,24,13764935680
1791660775.904,255.012,zebrad,126547979,111970463,14577515,4377702400,4379955200,388808704,3971321856,3883884544,731103232,19,13764935680
1791660776.904,256.012,indexer,387346819,314887692,72459126,10416463872,10416488448,1511469056,8687833088,2363359232,7752122368,24,13798985728
1791660776.904,256.012,zebrad,126554683,111976316,14578367,4372717568,4379955200,388808704,3966341120,3883884544,731103232,19,13798985728
1791660777.904,257.012,indexer,388762458,316032860,72729597,10433822720,10433830912,1519767552,8696791040,2372317184,7752122368,24,13793103872
1791660777.904,257.012,zebrad,126561621,111983033,14578587,4372451328,4379955200,388808704,3966341120,3883884544,731103232,19,13793103872
1791660778.904,258.012,indexer,390304033,317207800,73096232,10452385792,10452385792,1529417728,8705847296,2381373440,7752122368,24,13783130112
1791660778.904,258.012,zebrad,126567959,111989220,14578739,4372713472,4379955200,388808704,3966341120,3883884544,731103232,19,13783130112
1791660779.904,259.012,indexer,391885280,318431940,73453339,10470981632,10470981632,1539026944,8714895360,2390421504,7752122368,24,13778444288
1791660779.904,259.012,zebrad,126574558,111995752,14578805,4372713472,4379955200,388808704,3966341120,3883884544,731103232,19,13778444288
1791660780.904,260.012,indexer,393701334,319862715,73838619,10495049728,10495049728,1551437824,8726437888,2401968128,7752122368,24,13711020032
1791660780.904,260.012,zebrad,126583027,112003824,14579203,4372439040,4379955200,388808704,3966341120,3883884544,731103232,19,13711020032
1791660781.904,261.012,indexer,395345676,321123150,74222526,10517270528,10517278720,1562820608,8736931840,2412457984,7752122368,24,13684125696
1791660781.904,261.012,zebrad,126590503,112011300,14579203,4372701184,4379955200,388845568,3966341120,3883884544,731103232,19,13684125696
1791660782.905,262.012,indexer,397123257,322624593,74498663,10362912768,10530222080,1399730176,8746156032,2421682176,7752122368,25,13822648320
1791660782.905,262.012,zebrad,126597144,112017940,14579203,4372697088,4379955200,388845568,3966341120,3883884544,731103232,19,13822648320
1791660783.905,263.012,indexer,399572289,324781042,74791247,10385305600,10530222080,1413218304,8755380224,2430906368,7752122368,25,13808685056
1791660783.905,263.012,zebrad,126604028,112024177,14579850,4372688896,4379955200,388845568,3966341120,3883884544,731103232,19,13808685056
1791660784.905,264.012,indexer,401605551,326275488,75330063,10878042112,10951741440,1419190272,9223684096,2437455872,7807787008,25,13891600384
1791660784.905,264.012,zebrad,126611107,112031251,14579856,4354023424,4379955200,388845568,3948212224,3883884544,731103232,19,13891600384
1791660785.905,265.013,indexer,401840900,326449401,75391498,10880225280,10951741440,1420316672,9224749056,2438520832,8020324352,25,13888770048
1791660785.905,265.013,zebrad,126617354,112037498,14579856,4354023424,4379955200,388845568,3948212224,3883884544,731103232,19,13888770048
1791660786.905,266.013,indexer,402529097,326991238,75537858,10886844416,10951741440,1424449536,9227272192,2442358784,8233644032,25,13894615040
1791660786.905,266.013,zebrad,126623216,112042348,14580867,4352712704,4379955200,388845568,3946901504,3883884544,731103232,19,13894615040
1791660787.905,267.013,indexer,402981442,327293407,75688035,10891202560,10951741440,1426649088,9229279232,2444361728,8359923712,25,13891129344
1791660787.905,267.013,zebrad,126629742,112048701,14581040,4352712704,4379955200,388845568,3946901504,3883884544,731103232,19,13891129344
1791660788.905,268.013,indexer,403428171,327615805,75812365,10896154624,10951741440,1429241856,9231634432,2446716928,8608628736,25,13887913984
1791660788.905,268.013,zebrad,126635461,112054224,14581236,4352712704,4379955200,388845568,3946901504,3883884544,731103232,19,13887913984
1791660789.905,269.013,indexer,405160611,329041634,76118977,10912690176,10951741440,1437446144,9239109632,2454286336,8671621120,24,13879246848
1791660789.905,269.013,zebrad,126642176,112060202,14581973,4352712704,4379955200,388845568,3946901504,3883884544,731103232,19,13879246848
1791660790.905,270.013,indexer,407565355,331139609,76425746,10931810304,10951741440,1447612416,9248264192,2463334400,8671621120,24,13869228032
1791660790.905,270.013,zebrad,126649593,112067619,14581973,4352704512,4379955200,388845568,3946901504,3883884544,731103232,19,13869228032
1791660791.905,271.013,indexer,409069682,332342330,76727352,10951618560,10951741440,1458069504,9257943040,2473013248,8671621120,24,13858254848
1791660791.905,271.013,zebrad,126656022,112073300,14582722,4352704512,4379955200,388845568,3946901504,3883884544,731103232,19,13858254848
1791660792.906,272.013,indexer,410686861,333592563,77094298,10973552640,10973552640,1469026304,9268563968,2483634176,8671621120,24,13846548480
1791660792.906,272.013,zebrad,126662892,112080170,14582722,4352208896,4379955200,388845568,3946901504,3883884544,731103232,19,13846548480
1791660793.906,273.013,indexer,412385530,334863133,77522396,10995908608,10995908608,1480728576,9279217664,2494287872,8671621120,24,13834514432
1791660793.906,273.013,zebrad,126668981,112086259,14582722,4352208896,4379955200,388845568,3946901504,3883884544,731103232,19,13834514432
1791660794.906,274.014,indexer,414219026,336253257,77965769,11021045760,11021045760,1493749760,9291452416,2506522624,8671621120,24,13817667584
1791660794.906,274.014,zebrad,126676002,112092634,14583367,4352208896,4379955200,388845568,3946901504,3883884544,731103232,19,13817667584
1791660795.906,275.014,indexer,415888113,337551114,78336998,11043786752,11043794944,1505333248,9302212608,2517282816,8671621120,24,13807628288
1791660795.906,275.014,zebrad,126682934,112099566,14583367,4352122880,4379955200,388845568,3946901504,3883884544,731103232,19,13807628288
1791660796.906,276.014,indexer,417387096,338726630,78660466,11005267968,11056861184,1515503616,9253912576,2526654464,8671621120,24,13805486080
1791660796.906,276.014,zebrad,126689017,112104649,14584367,4329136128,4379955200,388845568,3923656704,3883884544,731103232,19,13805486080
1791660797.906,277.014,indexer,419052931,340037913,79015017,11027783680,11056861184,1526968320,9264697344,2537439232,8671621120,24,13774995456
1791660797.906,277.014,zebrad,126695184,112110817,14584367,4329390080,4379955200,388845568,3923656704,3883884544,731103232,19,13774995456
1791660798.906,278.014,indexer,420699589,341311554,79388034,11051581440,11056861184,1538539520,9276825600,2549567488,8671621120,24,13772328960
1791660798.906,278.014,zebrad,126701561,112116479,14585081,4329390080,4379955200,388845568,3923656704,3883884544,731103232,19,13772328960
1791660799.906,279.014,indexer,422167069,342440622,79726447,11072094208,11072135168,1548943360,9287004160,2559746048,8671621120,24,13765672960
1791660799.906,279.014,zebrad,126708149,112120879,14587270,4329123840,4379955200,388845568,3923656704,3883884544,731103232,19,13765672960
1791660800.906,280.014,indexer,423687706,343626910,80060795,11093549056,11093553152,1559314432,9297883136,2570625024,8671621120,24,13754413056
1791660800.906,280.014,zebrad,126714566,112125127,14589439,4329119744,4379955200,388845568,3923656704,3883884544,731103232,19,13754413056
1791660801.906,281.014,indexer,425298122,344879148,80418974,10815934464,11100139520,1399812096,9179742208,2580672512,8671621120,25,13890633728
1791660801.906,281.014,zebrad,126721496,112131837,14589659,4307697664,4379955200,388845568,3902504960,3883884544,731103232,19,13890633728
1791660802.907,282.014,indexer,427770862,347075938,80694923,10836217856,11100139520,1411301376,9188675584,2589605888,8671621120,26,13879656448
1791660802.907,282.014,zebrad,126731836,112142143,14589693,4307689472,4379955200,388845568,3902504960,3883884544,731103232,19,13879656448
1791660803.907,283.014,indexer,430329377,349095815,81233562,11103502336,11104215040,1424211968,9434017792,2599387136,8671621120,26,13805871104
1791660803.907,283.014,zebrad,126736623,112145064,14591559,4269150208,4379955200,388845568,3863969792,3883884544,731103232,19,13805871104
1791660804.907,284.014,indexer,430674662,349259567,81415094,11105071104,11145175040,1424261120,9435471872,2600394752,8898736128,26,13852143616
1791660804.907,284.014,zebrad,126742371,112150728,14591643,4214083584,4379955200,388845568,3809169408,3883884544,731103232,19,13852143616
1791660805.907,285.015,indexer,431202366,349681521,81520845,11109908480,11145175040,1425903616,9437962240,2602885120,9104896000,26,13850791936
1791660805.907,285.015,zebrad,126748667,112156877,14591790,4214083584,4379955200,388845568,3809169408,3883884544,731103232,19,13850791936
1791660806.907,286.015,indexer,432460089,350835062,81625027,11112554496,11145175040,1427353600,9439322112,2604244992,9209937920,26,13848977408
1791660806.907,286.015,zebrad,126751714,112159920,14591794,4214210560,4379955200,388845568,3809169408,3883884544,731103232,19,13848977408
1791660807.907,287.015,indexer,432811174,351081562,81729611,11116056576,11145175040,1429004288,9440894976,2605817856,9407037440,26,13846368256
1791660807.907,287.015,zebrad,126759623,112167612,14592010,4214210560,4379955200,388845568,3809169408,3883884544,731103232,19,13846368256
1791660808.907,288.015,indexer,433420003,351550738,81869264,11122958336,11145175040,1432506368,9444462592,2609373184,9559052288,25,13842919424
1791660808.907,288.015,zebrad,126766846,112174835,14592010,4214210560,4379955200,388845568,3809169408,3883884544,731103232,19,13842919424
1791660809.907,289.015,indexer,434827310,352659776,82167534,11141304320,11145175040,1441406976,9453727744,2618638336,9559052288,25,13833121792
1791660809.907,289.015,zebrad,126773345,112181334,14592010,4214206464,4379955200,388845568,3809169408,3883884544,731103232,19,13833121792
1791660810.907,290.015,indexer,436316151,353791302,82524849,11160248320,11160342528,1451282432,9463005184,2627915776,9559052288,25,13823332352
1791660810.907,290.015,zebrad,126782307,112190112,14592194,4214468608,4379955200,388849664,3809169408,3883884544,731103232,19,13823332352
1791660811.907,291.015,indexer,437905027,355038044,82866983,11180691456,11180691456,1461678080,9472753664,2637664256,9559052288,25,13812641792
1791660811.907,291.015,zebrad,126790195,112196897,14593297,4214464512,4379955200,388849664,3809169408,3883884544,731103232,19,13812641792
1791660812.907,292.015,indexer,439655763,356404464,83251298,11204546560,11204546560,1474056192,9484419072,2649329664,9559052288,25,13795717120
1791660812.907,292.015,zebrad,126796917,112203539,14593378,4214210560,4379955200,388849664,3809169408,3883884544,731103232,19,13795717120
1791660813.908,293.015,indexer,441455140,357813816,83641323,11226853376,11226869760,1485475840,9495371776,2660282368,9559052288,25,13786828800
1791660813.908,293.015,zebrad,126804271,112209851,14594419,4214472704,4379955200,388849664,3809169408,3883884544,731103232,19,13786828800
1791660814.908,294.015,indexer,442933713,358954884,83978828,11247665152,11247669248,1496154112,9505120256,2670030848,9559052288,25,13777645568
1791660814.908,294.015,zebrad,126810894,112215632,14595261,4214472704,4379955200,388849664,3809169408,3883884544,731103232,19,13777645568
1791660815.908,295.015,indexer,444533859,360179384,84354475,11269681152,11269681152,1507373056,9515728896,2680643584,9559052288,25,13763936256
1791660815.908,295.015,zebrad,126818267,112220958,14597309,4214284288,4379955200,388849664,3809169408,3883884544,731103232,19,13763936256
1791660816.908,296.016,indexer,446339171,361601294,84737877,11170091008,11281719296,1522003968,9405075456,2692530176,9559052288,25,13784301568
1791660816.908,296.016,zebrad,126824744,112227435,14597309,4214546432,4379955200,388849664,3809169408,3883884544,731103232,19,13784301568
1791660817.908,297.016,indexer,447754538,362694774,85059763,11188420608,11281719296,1530810368,9414262784,2701717504,9559052288,25,13777801216
1791660817.908,297.016,zebrad,126831981,112233822,14598158,4214546432,4379955200,388849664,3809169408,3883884544,731103232,19,13777801216
1791660818.908,298.016,indexer,449185349,363785405,85399944,11207626752,11281719296,1541505024,9423163392,2710618112,9559052288,25,13764800512
1791660818.908,298.016,zebrad,126838307,112239110,14599197,4214546432,4379955200,388849664,3809169408,3883884544,731103232,19,13764800512
1791660819.908,299.016,indexer,450718884,364992699,85726185,11225673728,11281719296,1550385152,9432068096,2719526912,9559052288,25,13759533056
1791660819.908,299.016,zebrad,126845193,112245996,14599197,4214546432,4379955200,388849664,3809169408,3883884544,731103232,19,13759533056
1791660820.908,300.016,indexer,452300623,366222741,86077882,11246637056,11281719296,1561464832,9441738752,2729193472,9559052288,25,13746012160
1791660820.908,300.016,zebrad,126852406,112253204,14599202,4214546432,4379955200,388849664,3809169408,3883884544,731103232,19,13746012160
1791660821.908,301.016,indexer,454070527,367597586,86472941,11267702784,11281719296,1572225024,9452326912,2739781632,9559052288,25,13732429824
1791660821.908,301.016,zebrad,126859554,112260223,14599331,4214546432,4379955200,388849664,3809169408,3883884544,731103232,19,13732429824
1791660822.908,302.016,indexer,456014359,369227300,86787058,11115061248,11281719296,1409249280,9462829056,2750283776,9559052288,26,13878685696
1791660822.908,302.016,zebrad,126866617,112266394,14600223,4214284288,4379955200,388849664,3809169408,3883884544,731103232,19,13878685696
1791660823.908,303.016,indexer,458523296,371394721,87128575,11139915776,11281719296,1423765504,9473040384,2760495104,9559052288,26,13865934848
1791660823.908,303.016,zebrad,126873387,112272305,14601082,4214284288,4379955200,388849664,3809169408,3883884544,731103232,19,13865934848
1791660824.909,304.016,indexer,460703634,372999007,87704627,11203526656,11281719296,1432461312,9519681536,2768187392,9601359872,26,13872599040
1791660824.909,304.016,zebrad,126880052,112277891,14602160,4004769792,4379955200,388849664,3600166912,3883884544,731103232,19,13872599040
1791660825.909,305.016,indexer,460941661,373178830,87762831,11195891712,11281719296,1435701248,9508929536,2769272832,9824538624,26,13874880512
1791660825.909,305.016,zebrad,126886173,112283886,14602287,3943419904,4379955200,388849664,3538825216,3883884544,731103232,19,13874880512
1791660826.909,306.016,indexer,461255427,373428912,87826515,11197255680,11281719296,1435815936,9510416384,2770759680,10020044800,26,13873315840
1791660826.909,306.016,zebrad,126892428,112289226,14603202,3943419904,4379955200,388849664,3538825216,3883884544,731103232,19,13873315840
1791660827.909,307.017,indexer,461703646,373744162,87959484,11201089536,11281719296,1437626368,9512312832,2772656128,10124505088,26,13871083520
1791660827.909,307.017,zebrad,126898492,112294397,14604095,3943419904,4379955200,388849664,3538825216,3883884544,731103232,19,13871083520
1791660828.909,308.017,indexer,462750696,374674547,88076148,11205349376,11281719296,1439772672,9514258432,2774601728,10288496640,26,13868941312
1791660828.909,308.017,zebrad,126898542,112294441,14604100,3943419904,4379955200,388849664,3538825216,3883884544,731103232,19,13868941312
1791660829.909,309.017,indexer,464067222,375769495,88297726,11216318464,11281719296,1445482496,9519312896,2779643904,10476425216,25,13862969344
1791660829.909,309.017,zebrad,126904892,112300791,14604100,3943419904,4379955200,388849664,3538825216,3883884544,731103232,19,13862969344
1791660830.909,310.017,indexer,465565238,376904840,88660397,11235938304,11281719296,1455620096,9528627200,2788958208,10476425216,25,13856382976
1791660830.909,310.017,zebrad,126911824,112304800,14607023,3943419904,4379955200,388849664,3538825216,3883884544,731103232,19,13856382976
1791660831.909,311.017,indexer,467096349,378108978,88987370,11253723136,11281719296,1465876480,9538097152,2798428160,10476425216,25,13835096064
1791660831.909,311.017,zebrad,126918441,112311417,14607023,3943419904,4379955200,388849664,3538825216,3883884544,731103232,19,13835096064
1791660832.909,312.017,indexer,468835534,379476871,89358663,11278135296,11281719296,1478979584,9549254656,2809675776,10476425216,25,13821304832
1791660832.909,312.017,zebrad,126925056,112318011,14607044,3943419904,4379955200,388849664,3538825216,3883884544,731103232,19,13821304832
1791660833.909,313.017,indexer,470510530,380778862,89731667,11299999744,11300040704,1489920000,9560268800,2820599808,10476425216,25,13813198848
1791660833.909,313.017,zebrad,126931911,112324866,14607044,3943419904,4379955200,388849664,3538825216,3883884544,731103232,19,13813198848
1791660834.910,314.017,indexer,471972361,381928691,90043670,11320692736,11320721408,1500876800,9569910784,2830241792,10476425216,25,13811036160
1791660834.910,314.017,zebrad,126938253,112329184,14609069,3943419904,4379955200,388849664,3538825216,3883884544,731103232,19,13811036160
1791660835.910,315.017,indexer,473510674,383141851,90368823,11341910016,11341910016,1511776256,9579905024,2840236032,10476425216,25,13793685504
1791660835.910,315.017,zebrad,126944970,112334932,14610037,3943014400,4379955200,388849664,3538825216,3883884544,731103232,19,13793685504
1791660836.910,316.017,indexer,475028059,384320446,90707612,11361988608,11362070528,1522900992,9589096448,2849427456,10476425216,25,13784870912
1791660836.910,316.017,zebrad,126951415,112341378,14610037,3943534592,4379955200,388849664,3538825216,3883884544,731103232,19,13784870912
1791660837.910,317.018,indexer,476682734,385630406,91052327,11382595584,11382595584,1533648896,9599082496,2859413504,10476425216,25,13750611968
1791660837.910,317.018,zebrad,126957818,112347781,14610037,3943534592,4379955200,388849664,3538825216,3883884544,731103232,19,13750611968
1791660838.910,318.018,indexer,478536731,387095919,91440812,11406417920,11406417920,1546678272,9610223616,2870554624,10476425216,25,13742690304
1791660838.910,318.018,zebrad,126964592,112354492,14610100,3943534592,4379955200,388849664,3538825216,3883884544,731103232,19,13742690304
1791660839.910,319.018,indexer,480062652,388332004,91730647,11424313344,11424329728,1555406848,9619226624,2879557632,10476425216,25,13733945344
1791660839.910,319.018,zebrad,126971346,112361245,14610100,3943534592,4379955200,388849664,3538825216,3883884544,731103232,19,13733945344
1791660840.910,320.018,indexer,481551890,389473605,92078284,11443585024,11443585024,1565011968,9628520448,2888851456,10476425216,25,13732937728
1791660840.910,320.018,zebrad,126979711,112367596,14612115,3943530496,4379955200,388849664,3538825216,3883884544,731103232,19,13732937728
1791660841.910,321.018,indexer,483044397,390640459,92403938,11462938624,11462942720,1575387136,9637625856,2897956864,10476425216,25,13729071104
1791660841.910,321.018,zebrad,126986468,112374353,14612115,3943530496,4379955200,388853760,3538825216,3883884544,731103232,19,13729071104
1791660842.910,322.018,indexer,484554971,391788651,92766320,11482673152,11482673152,1585639424,9646702592,2907033600,10476425216,25,13719199744
1791660842.910,322.018,zebrad,126993965,112379162,14614803,3943526400,4379955200,388853760,3538825216,3883884544,731103232,19,13719199744
1791660843.910,323.018,indexer,486842398,393811020,93031378,11329544192,11482673152,1425055744,9654767616,2915098624,10476425216,26,13867016192
1791660843.910,323.018,zebrad,127000638,112384871,14615766,3943526400,4379955200,388853760,3538825216,3883884544,731103232,19,13867016192
1791660844.911,324.018,indexer,489241218,395735859,93505358,11621281792,11666108416,1435168768,9927651328,2923757568,10484817920,26,13861081088
1791660844.911,324.018,zebrad,127007810,112390907,14616902,3765260288,4379955200,388853760,3360829440,3883884544,731103232,19,13861081088
1791660845.911,325.018,indexer,490120275,396358530,93761744,11691978752,11698638848,1439363072,9992630272,2927468544,10706288640,26,13853683712
1791660845.911,325.018,zebrad,127015317,112397356,14617961,3708039168,4379955200,388853760,3303608320,3883884544,731103232,19,13853683712
1791660846.911,326.019,indexer,490673014,396789684,93883330,11697373184,11698638848,1441460224,9995280384,2930118656,10908844032,26,13835776000
1791660846.911,326.019,zebrad,127021134,112402192,14618941,3708039168,4379955200,388853760,3303608320,3883884544,731103232,19,13835776000
1791660847.911,327.019,indexer,491258605,397226621,94031983,11701477376,11701497856,1443557376,9998041088,2932879360,11008827392,26,13809827840
1791660847.911,327.019,zebrad,127026840,112407899,14618941,3707793408,4379955200,388853760,3303608320,3883884544,731103232,19,13809827840
1791660848.911,328.019,indexer,491780227,397578997,94201229,11707064320,11707097088,1446707200,10000445440,2935283712,11158081536,26,13812584448
1791660848.911,328.019,zebrad,127033689,112414147,14619541,3708055552,4379955200,388853760,3303608320,3883884544,731103232,19,13812584448
1791660849.911,329.019,indexer,493267920,398841939,94425980,11718897664,11718909952,1452998656,10005803008,2940633088,11364081664,25,13809938432
1791660849.911,329.019,zebrad,127036620,112416856,14619763,3708055552,4379955200,388853760,3303608320,3883884544,731103232,19,13809938432
1791660850.911,330.019,indexer,495544121,400763246,94780875,11738365952,11738365952,1461620736,10016604160,2951434240,11364081664,25,13808619520
1791660850.911,330.019,zebrad,127040553,112420683,14619869,3707789312,4379955200,388853760,3303608320,3883884544,731103232,19,13808619520
1791660851.911,331.019,indexer,497267905,402098817,95169087,11761373184,11761377280,1473064960,10028048384,2962878464,11364081664,25,13802217472
1791660851.911,331.019,zebrad,127047533,112426665,14620868,3708051456,4379955200,388853760,3303608320,3883884544,731103232,19,13802217472
1791660852.911,332.019,indexer,498819844,403314987,95504857,11782111232,11782115328,1483534336,10038087680,2972917760,11364081664,25,13795377152
1791660852.911,332.019,zebrad,127054166,112433297,14620868,3692781568,4379955200,388853760,3287293952,3883884544,731103232,19,13795377152
1791660853.911,333.019,indexer,500514287,404646620,95867666,11748511744,11782115328,1495461888,9994395648,2983370752,11364081664,25,13803311104
1791660853.911,333.019,zebrad,127060921,112440053,14620868,3651887104,4379955200,388853760,3247448064,3883884544,731103232,19,13803311104
1791660854.912,334.019,indexer,502337501,406048202,96289298,11773108224,11782115328,1508044800,10006093824,2995064832,11364081664,25,13794091008
1791660854.912,334.019,zebrad,127067039,112445233,14621806,3651887104,4379955200,388853760,3247448064,3883884544,731103232,19,13794091008
1791660855.912,335.019,indexer,503852115,407217433,96634682,11793518592,11793563648,1518530560,10016079872,3005050880,11364081664,25,13783375872
1791660855.912,335.019,zebrad,127073546,112451740,14621806,3651887104,4379955200,388853760,3247448064,3883884544,731103232,19,13783375872
1791660856.912,336.019,indexer,505334380,408389529,96944851,11808681984,11812962304,1527242752,10022563840,3014418432,11364081664,25,13786157056
1791660856.912,336.019,zebrad,127079811,112458005,14621806,3650830336,4379955200,388853760,3246391296,3883884544,731103232,19,13786157056
1791660857.912,337.020,indexer,506976320,409669869,97306450,11831078912,11831083008,1538617344,10033209344,3025063936,11364081664,25,13774692352
1791660857.912,337.020,zebrad,127085921,112463133,14622787,3650830336,4379955200,388853760,3246391296,3883884544,731103232,19,13774692352
1791660858.912,338.020,indexer,508664055,410976858,97687196,11853320192,11853492224,1550245888,10044104704,3035959296,11364081664,25,13759479808
1791660858.912,338.020,zebrad,127092385,112467654,14624730,3650826240,4379955200,388853760,3246391296,3883884544,731103232,19,13759479808
1791660859.912,339.020,indexer,510465284,412338107,98127177,11828592640,11873226752,1564672000,10006212608,3047743488,11364081664,25,13738700800
1791660859.912,339.020,zebrad,127099264,112473662,14625602,3596562432,4379955200,388853760,3192127488,3883884544,731103232,19,13738700800
1791660860.912,340.020,indexer,512008244,413527295,98480949,11849871360,11873226752,1575157760,10016714752,3058241536,11364081664,25,13738508288
1791660860.912,340.020,zebrad,127105979,112480298,14625681,3596562432,4379955200,388853760,3192127488,3883884544,731103232,19,13738508288
1791660861.912,341.020,indexer,513593459,414763901,98829557,11870212096,11873226752,1585770496,10026905600,3068432384,11364081664,25,13721595904
1791660861.912,341.020,zebrad,127112302,112486620,14625681,3596562432,4379955200,388853760,3192127488,3883884544,731103232,19,13721595904
1791660862.912,342.020,indexer,515839335,416746342,99092993,11718443008,11873226752,1425625088,10035326976,3076853760,11364081664,26,13871935488
1791660862.912,342.020,zebrad,127118761,112493079,14625681,3596591104,4379955200,388853760,3192127488,3883884544,731103232,19,13871935488
1791660863.912,343.020,indexer,518311204,418778544,99532659,11974684672,11974684672,1435734016,10273202176,3086114816,11364081664,26,13854961664
1791660863.912,343.020,zebrad,127125472,112499790,14625681,3489366016,4379955200,388853760,3085434880,3883884544,731103232,19,13854961664
1791660864.912,344.020,indexer,519176450,419346189,99830261,12014227456,12042465280,1438294016,10305396736,3089317888,11582242816,26,13843685376
1791660864.912,344.020,zebrad,127133265,112504898,14628367,3385643008,4379955200,388853760,2981978112,3883884544,731103232,19,13843685376
1791660865.913,345.020,indexer,519762312,419850312,99912000,12042702848,12045377536,1439580160,10330234880,3090481152,11772379136,26,13868400640
1791660865.913,345.020,zebrad,127139105,112509986,14629119,3334258688,4379955200,388853760,2930597888,3883884544,731103232,19,13868400640
1791660866.913,346.020,indexer,521352713,421263628,100089085,12051304448,12051333120,1444208640,10334416896,3094663168,11915702272,26,13863747584
1791660866.913,346.020,zebrad,127142283,112512141,14630142,3334258688,4379955200,388853760,2930597888,3883884544,731103232,19,13863747584
1791660867.913,347.020,indexer,521827690,421604704,100222986,12053032960,12054114304,1446617088,10333708288,3096838144,12003930112,26,13864284160
1791660867.913,347.020,zebrad,127148051,112517909,14630142,3333206016,4379955200,388853760,2929549312,3883884544,731103232,19,13864284160
1791660868.913,348.021,indexer,522219057,421872186,100346870,12056776704,12056776704,1448546304,10335453184,3098583040,12186484736,26,13861990400
1791660868.913,348.021,zebrad,127153928,112523485,14630442,3333206016,4379955200,388853760,2929549312,3883884544,731103232,19,13861990400
1791660869.913,349.021,indexer,523148100,422567251,100580849,12068040704,12068044800,1454518272,10340880384,3103985664,12312678400,25,13851701248
1791660869.913,349.021,zebrad,127160547,112529147,14631399,3333206016,4379955200,388853760,2929549312,3883884544,731103232,19,13851701248
1791660870.913,350.021,indexer,524984087,424004097,100979989,12092248064,12092248064,1467150336,10352250880,3115360256,12312678400,25,13840220160
1791660870.913,350.021,zebrad,127169432,112537045,14632386,3333464064,4379955200,388853760,2929549312,3883884544,731103232,19,13840220160
1791660871.913,351.021,indexer,526498297,425178617,101319680,12112289792,12112306176,1477603328,10361679872,3124785152,12312678400,25,13831593984
1791660871.913,351.021,zebrad,127175826,112543440,14632386,3333459968,4379955200,388861952,2929549312,3883884544,731103232,19,13831593984
1791660872.913,352.021,indexer,528044149,426370502,101673647,12132102144,12132126720,1488089088,10371153920,3134259200,12312682496,25,13820383232
1791660872.913,352.021,zebrad,127181691,112549281,14632410,3333459968,4379955200,388861952,2929549312,3883884544,731103232,19,13820383232
1791660873.913,353.021,indexer,529701829,427660499,102041330,12153856000,12153868288,1499459584,10381418496,3144523776,12312682496,25,13810049024
1791660873.913,353.021,zebrad,127187818,112555408,14632410,3333459968,4379955200,388861952,2929549312,3883884544,731103232,19,13810049024
1791660874.913,354.021,indexer,531433860,429036843,102397016,12176867328,12176867328,1511665664,10392436736,3155542016,12312682496,25,13795852288
1791660874.913,354.021,zebrad,127193624,112561214,14632410,3333459968,4379955200,388861952,2929549312,3883884544,731103232,19,13795852288
1791660875.914,355.021,indexer,533178568,430369879,102808689,12147687424,12193906688,1525391360,10350350336,3166646272,12312682496,25,13779984384
1791660875.914,355.021,zebrad,127200047,112567636,14632410,3282440192,4379955200,388861952,2878693376,3883884544,731103232,19,13779984384
1791660876.914,356.021,indexer,534837522,431624078,103213444,12168753152,12193906688,1535885312,10361118720,3177349120,12312682496,25,13772181504
1791660876.914,356.021,zebrad,127207021,112573695,14633325,3282702336,4379955200,388861952,2878693376,3883884544,731103232,19,13772181504
1791660877.914,357.021,indexer,536621509,433024863,103596645,12192837632,12193906688,1548701696,10372448256,3188678656,12312682496,25,13756985344
1791660877.914,357.021,zebrad,127213233,112579886,14633347,3282702336,4379955200,388861952,2878693376,3883884544,731103232,19,13756985344
1791660878.914,358.022,indexer,538417194,434407419,104009775,12217556992,12217577472,1561542656,10384056320,3200286720,12312682496,25,13738934272
1791660878.914,358.022,zebrad,127219485,112586138,14633347,3282694144,4379955200,388861952,2878693376,3883884544,731103232,19,13738934272
1791660879.914,359.022,indexer,539822041,435460062,104361979,12236443648,12236464128,1571479552,10393104384,3209334784,12312682496,25,13735215104
1791660879.914,359.022,zebrad,127225847,112591547,14634300,3282956288,4379955200,388861952,2878693376,3883884544,731103232,19,13735215104
1791660880.914,360.022,indexer,541267270,436570341,104696928,12207579136,12246986752,1582301184,10354515968,3217879040,12312682496,25,13726154752
1791660880.914,360.022,zebrad,127232096,112596881,14635215,3232620544,4379955200,388861952,2828623872,3883884544,731103232,19,13726154752
1791660881.914,361.022,indexer,543139970,438143490,104996479,12050780160,12246986752,1416617984,10363432960,3226800128,12312682496,26,13870456832
1791660881.914,361.022,zebrad,127238802,112602504,14636297,3232632832,4379955200,388861952,2828623872,3883884544,731103232,19,13870456832
1791660882.914,362.022,indexer,545501959,440193295,105308663,12210790400,12246986752,1431674880,10504269824,3235901440,12312682496,26,13859921920
1791660882.914,362.022,zebrad,127245061,112608736,14636324,3232829440,4379955200,388861952,2828623872,3883884544,731103232,19,13859921920
1791660883.914,363.022,indexer,547034661,441269343,105765317,12329615360,12381618176,1439354880,10611597312,3242274816,12487827456,26,13849681920
1791660883.914,363.022,zebrad,127251974,112615547,14636426,3085955072,4379955200,388861952,2682085376,3883884544,731103232,19,13849681920
1791660884.914,364.022,indexer,547423350,441577369,105845980,12368592896,12425355264,1441452032,10647265280,3244060672,12677595136,26,13866360832
1791660884.914,364.022,zebrad,127258163,112621736,14636426,3038494720,4379955200,388861952,2634637312,3883884544,731103232,19,13866360832
1791660885.914,365.022,indexer,547838603,441867211,105971392,12372713472,12425355264,1443549184,10649137152,3245932544,12803207168,26,13860171776
1791660885.914,365.022,zebrad,127264131,112627576,14636554,3038756864,4379955200,388861952,2634637312,3883884544,731103232,19,13860171776
1791660886.915,366.022,indexer,548205878,442109923,106095955,12376252416,12425355264,1445646336,10650714112,3247509504,12886241280,26,13859479552
1791660886.915,366.022,zebrad,127270337,112632873,14637464,3038756864,4379955200,388861952,2634637312,3883884544,731103232,19,13859479552
1791660887.915,367.022,indexer,548516838,442315152,106201686,12378005504,12425355264,1445941248,10652065792,3248861184,13088088064,26,13843234816
1791660887.915,367.022,zebrad,127276249,112637562,14638686,3038752768,4379955200,388861952,2634637312,3883884544,731103232,19,13843234816
1791660888.915,368.022,indexer,550157305,443720550,106436755,12393705472,12425355264,1455087616,10658607104,3255406592,13187239936,25,13831196672
1791660888.915,368.022,zebrad,127279130,112640443,14638686,3038486528,4379955200,388861952,2634637312,3883884544,731103232,19,13831196672
1791660889.915,369.022,indexer,552439995,445636456,106803539,12418084864,12425355264,1467670528,10669977600,3266772992,13187239936,25,13827395584
1791660889.915,369.022,zebrad,127282173,112643383,14638790,3038748672,4379955200,388861952,2634637312,3883884544,731103232,19,13827395584
1791660890.915,370.023,indexer,553991291,446850351,107140939,12436746240,12436770816,1476579328,10679746560,3276541952,13187239936,25,13819711488
1791660890.915,370.023,zebrad,127289378,112650567,14638810,3038490624,4379955200,388861952,2634637312,3883884544,731103232,19,13819711488
1791660891.915,371.023,indexer,555537955,448019619,107518335,12457492480,12457496576,1487368192,10689765376,3286560768,13187239936,25,13812957184
1791660891.915,371.023,zebrad,127295978,112656097,14639880,3038494720,4379955200,388861952,2634637312,3883884544,731103232,19,13812957184
1791660892.915,372.023,indexer,557194944,449322712,107872232,12479676416,12479705088,1499025408,10700369920,3297165312,13187239936,25,13805211648
1791660892.915,372.023,zebrad,127302841,112662960,14639880,3038515200,4379955200,388861952,2634637312,3883884544,731103232,19,13805211648
1791660893.915,373.023,indexer,558752648,450533759,108218888,12444184576,12497010688,1512230912,10653294592,3307323392,13187239936,25,13791485952
1791660893.915,373.023,zebrad,127309345,112669464,14639880,2991853568,4379955200,388861952,2587975680,3883884544,731103232,19,13791485952
1791660894.915,374.023,indexer,560229926,451694972,108534954,12464898048,12497010688,1522716672,10663096320,3317125120,13187239936,25,13778432000
1791660894.915,374.023,zebrad,127316224,112676343,14639880,2991853568,4379955200,388861952,2587975680,3883884544,731103232,19,13778432000
1791660895.915,375.023,indexer,561902597,452978251,108924345,12485877760,12497010688,1533206528,10674118656,3328147456,13187239936,25,13765574656
1791660895.915,375.023,zebrad,127323156,112682494,14640661,2991587328,4379955200,388861952,2587975680,3883884544,731103232,19,13765574656
1791660896.915,376.023,indexer,563614301,454301984,109312316,12510089216,12510089216,1545789440,10685382656,3339411456,13187239936,25,13757546496
1791660896.915,376.023,zebrad,127329660,112688828,14640832,2991849472,4379955200,388861952,2587975680,3883884544,731103232,19,13757546496
1791660897.916,377.023,indexer,565454483,455718159,109736324,12532277248,12532285440,1558790144,10694381568,3351556096,13187239936,25,13744721920
1791660897.916,377.023,zebrad,127335920,112694287,14641632,2991063040,4379955200,388861952,2587189248,3883884544,731103232,19,13744721920
1791660898.916,378.023,indexer,566994227,456896806,110097421,12494573568,12540653568,1570955264,10646327296,3361562624,13187239936,25,13733187584
1791660898.916,378.023,zebrad,127342510,112700812,14641697,2945187840,4379955200,388861952,2541314048,3883884544,731103232,19,13733187584
1791660899.916,379.023,indexer,568597533,458152655,110444877,12515500032,12540653568,1581441024,10656620544,3371855872,13187239936,25,13727465472
1791660899.916,379.023,zebrad,127349752,112707256,14642495,2945187840,4379955200,388861952,2541314048,3883884544,731103232,19,13727465472
1791660900.916,380.024,indexer,570652033,459858154,110793878,12361605120,12540653568,1417850880,10666655744,3381891072,13187239936,26,13874380800
1791660900.916,380.024,zebrad,127358315,112715527,14642787,2945187840,4379955200,388866048,2541314048,3883884544,731103232,19,13874380800
1791660901.916,381.024,indexer,573223571,462044525,111179045,12511600640,12540653568,1435156480,10795692032,3391672320,13187239936,26,13849321472
1791660901.916,381.024,zebrad,127365399,112722605,14642793,2945232896,4379955200,388866048,2541314048,3883884544,731103232,19,13849321472
1791660902.916,382.024,indexer,574736706,463130412,111606294,12581629952,12651315200,1439350784,10857848832,3397787648,13330030592,26,13856333824
1791660902.916,382.024,zebrad,127371366,112727460,14643906,2812772352,4379955200,388866048,2409193472,3883884544,731103232,19,13856333824
1791660903.916,383.024,indexer,575554715,463767346,111787369,12639551488,12651315200,1443545088,10909876224,3402096640,13542883328,26,13851779072
1791660903.916,383.024,zebrad,127377562,112733520,14644042,2812502016,4379955200,388866048,2409193472,3883884544,731103232,19,13851779072
1791660904.916,384.024,indexer,576466257,464567341,111898916,12641882112,12651315200,1445040128,10911907840,3404128256,13684060160,26,13833076736
1791660904.916,384.024,zebrad,127384310,112738292,14646017,2812764160,4379955200,388866048,2409193472,3883884544,731103232,19,13833076736
1791660905.916,385.024,indexer,577357672,465380633,111977038,12644270080,12651315200,1446203392,10913247232,3405467648,13774692352,26,13833072640
1791660905.916,385.024,zebrad,127390402,112742252,14648149,2812272640,4379955200,388866048,2409193472,3883884544,731103232,19,13833072640
1791660906.916,386.024,indexer,577775845,465680052,112095793,12648902656,12651315200,1448792064,10914938880,3407159296,13903474688,26,13829324800
1791660906.916,386.024,zebrad,127395935,112747727,14648208,2812796928,4379955200,388866048,2409193472,3883884544,731103232,19,13829324800
1791660907.917,387.024,indexer,578615081,466347444,112267637,12657713152,12657790976,1452986368,10919854080,3412066304,14070755328,25,13826560000
1791660907.917,387.024,zebrad,127402149,112753941,14648208,2812530688,4379955200,388866048,2409193472,3883884544,731103232,19,13826560000
1791660908.917,388.024,indexer,579847167,467400821,112446346,12667240448,12667260928,1456476160,10925572096,3417784320,14070755328,25,13823430656
1791660908.917,388.024,zebrad,127408497,112759572,14648924,2812534784,4379955200,388866048,2409193472,3883884544,731103232,19,13823430656
1791660909.917,389.024,indexer,581182024,468496943,112685080,12681158656,12681269248,1463173120,10933297152,3425509376,14070755328,25,13826691072
1791660909.917,389.024,zebrad,127415328,112766404,14648924,2812534784,4379955200,388866048,2409193472,3883884544,731103232,19,13826691072
1791660910.917,390.025,indexer,582469340,469612799,112856540,12692615168,12692619264,1468071936,10939424768,3431636992,14070759424,25,13824868352
1791660910.917,390.025,zebrad,127422578,112773535,14649043,2812268544,4379955200,388866048,2409193472,3883884544,731103232,19,13824868352
1791660911.917,391.025,indexer,583878902,470746298,113132604,12707282944,12707287040,1475280896,10947051520,3439263744,14070759424,25,13817860096
1791660911.917,391.025,zebrad,127429612,112779333,14650278,2812530688,4379955200,388866048,2409193472,3883884544,731103232,19,13817860096
1791660912.917,392.025,indexer,585473148,472037396,113435752,12664717312,12710563840,1484963840,10894987264,3448803328,14070759424,25,13810323456
1791660912.917,392.025,zebrad,127436095,112785816,14650278,2770063360,4379955200,388866048,2366726144,3883884544,731103232,19,13810323456
1791660913.917,393.025,indexer,586940680,473245670,113695010,12683841536,12710563840,1493426176,10905382912,3459198976,14070759424,25,13800599552
1791660913.917,393.025,zebrad,127443365,112793086,14650278,2770063360,4379955200,388866048,2366726144,3883884544,731103232,19,13800599552
1791660914.917,394.025,indexer,588242660,474325536,113917124,12701241344,12710563840,1497620480,10918453248,3472269312,14070759424,25,13796065280
1791660914.917,394.025,zebrad,127450209,112797863,14652346,2770010112,4379955200,388866048,2366726144,3883884544,731103232,19,13796065280
1791660915.917,395.025,indexer,589561266,475461209,114100056,12722139136,12722176000,1501814784,10935013376,3488829440,14070759424,25,13791866880
1791660915.917,395.025,zebrad,127456368,112803002,14653365,2770272256,4379955200,388866048,2366726144,3883884544,731103232,19,13791866880
1791660916.917,396.025,indexer,590984890,476657405,114327484,12742975488,12742987776,1508106240,10949902336,3503718400,14070759424,25,13784285184
1791660916.917,396.025,zebrad,127462915,112809258,14653656,2770006016,4379955200,388866048,2366726144,3883884544,731103232,19,13784285184
1791660917.917,397.025,indexer,592348566,477819291,114529274,12700762112,12751654912,1512300544,10903543808,3519733760,14070759424,25,13781803008
1791660917.917,397.025,zebrad,127469063,112814388,14654674,2728321024,4379955200,388866048,2325045248,3883884544,731103232,19,13781803008
1791660918.918,398.025,indexer,593747416,479016612,114730803,12717662208,12751654912,1515732992,10917122048,3533312000,14070759424,25,13764022272
1791660918.918,398.025,zebrad,127475956,112820408,14655547,2728321024,4379955200,388866048,2325045248,3883884544,731103232,19,13764022272
1791660919.918,399.025,indexer,595016720,480076062,114940658,12731269120,12751654912,1520570368,10925506560,3541696512,14070759424,25,13760442368
1791660919.918,399.025,zebrad,127482792,112826147,14656645,2728583168,4379955200,388866048,2325045248,3883884544,731103232,19,13760442368
1791660920.918,400.026,indexer,596304158,481275121,115029037,12739862528,12751654912,1523253248,10931650560,3547840512,14070759424,25,13760086016
1791660920.918,400.026,zebrad,127488859,112829543,14659316,2728583168,4379955200,388866048,2325045248,3883884544,731103232,19,13760086016
1791660921.918,401.026,indexer,597779784,482539815,115239969,12758876160,12758876160,1529135104,10944737280,3560927232,14070759424,25,13758107648
1791660921.918,401.026,zebrad,127495559,112836165,14659393,2728583168,4379955200,388866048,2325045248,3883884544,731103232,19,13758107648
1791660922.918,402.026,indexer,599378364,483894918,115483445,12778946560,12778946560,1536405504,10957619200,3573809152,14070759424,25,13756891136
1791660922.918,402.026,zebrad,127501858,112841313,14660544,2728583168,4379955200,388866048,2325045248,3883884544,731103232,19,13756891136
1791660923.918,403.026,indexer,600652515,485043477,115609037,12788621312,12788621312,1540145152,10963234816,3579424768,14070759424,25,13754048512
1791660923.918,403.026,zebrad,127508057,112845715,14662342,2728583168,4379955200,388866048,2325045248,3883884544,731103232,19,13754048512
1791660924.918,404.026,indexer,602072891,486211560,115861331,12740407296,12796186624,1548427264,10908729344,3587305472,14070759424,25,13746507776
1791660924.918,404.026,zebrad,127515021,112852678,14662342,2686898176,4379955200,388866048,2283364352,3883884544,731103232,19,13746507776
1791660925.918,405.026,indexer,603468022,487360578,116107443,12754763776,12796186624,1554718720,10916843520,3595423744,14070759424,25,13741400064
1791660925.918,405.026,zebrad,127521311,112858830,14662480,2686898176,4379955200,388866048,2283364352,3883884544,731103232,19,13741400064
1791660926.918,406.026,indexer,604921033,488566254,116354778,12773670912,12796186624,1561010176,10929344512,3607920640,14070759424,25,13732024320
1791660926.918,406.026,zebrad,127527890,112865410,14662480,2686898176,4379955200,388866048,2283364352,3883884544,731103232,19,13732024320
1791660927.918,407.026,indexer,606407730,489827691,116580039,12794109952,12796186624,1565204480,10945372160,3623948288,14070759424,25,13728681984
1791660927.918,407.026,zebrad,127533662,112871181,14662480,2686898176,4379955200,388866048,2283364352,3883884544,731103232,19,13728681984
1791660928.919,408.026,indexer,607899099,491100201,116798897,12816896000,12816896000,1571495936,10962022400,3640598528,14070759424,25,13709070336
1791660928.919,408.026,zebrad,127539890,112875458,14664431,2686898176,4379955200,388866048,2283364352,3883884544,731103232,19,13709070336
1791660929.919,409.026,indexer,609393898,492382246,117011651,12774424576,12827967488,1577787392,10914660352,3656364032,14070759424,25,13716602880
1791660929.919,409.026,zebrad,127546515,112881241,14665273,2646003712,4379955200,388866048,2242469888,3883884544,731103232,19,13716602880
1791660930.919,410.026,indexer,610700234,493484889,117215344,12791951360,12827967488,1581981696,10928144384,3669848064,14070759424,25,13712465920
1791660930.919,410.026,zebrad,127555210,112888855,14666354,2645991424,4379955200,388866048,2242469888,3883884544,731103232,19,13712465920
1791660931.919,411.027,indexer,612058364,494634184,117424179,12808015872,12827967488,1586176000,10940112896,3681816576,14070759424,25,13707829248
1791660931.919,411.027,zebrad,127561508,112894776,14666731,2645991424,4379955200,388874240,2242469888,3883884544,731103232,19,13707829248
1791660932.919,412.027,indexer,614075014,496406259,117668754,12648394752,12827967488,1419243520,10947764224,3689467904,14070759424,26,13860810752
1791660932.919,412.027,zebrad,127568060,112901152,14666908,2645991424,4379955200,388874240,2242469888,3883884544,731103232,19,13860810752
1791660933.919,413.027,indexer,616521947,498602485,117919461,12805492736,12827967488,1432731648,11086884864,3696852992,14070759424,26,13844238336
1791660933.919,413.027,zebrad,127575021,112907117,14667904,2645991424,4379955200,388874240,2242469888,3883884544,731103232,19,13844238336
1791660934.919,414.027,indexer,618170866,499871868,118298998,12889174016,12960665600,1436549120,11163566080,3701575680,14169202688,26,13840785408
1791660934.919,414.027,zebrad,127582158,112914010,14668147,2566025216,4379955200,388874240,2162769920,3883884544,731103232,19,13840785408
1791660935.919,415.027,indexer,618416218,500075066,118341151,12890218496,12960665600,1436549120,11164299264,3702308864,14429241344,26,13840736256
1791660935.919,415.027,zebrad,127588207,112920057,14668150,2566025216,4379955200,388874240,2162769920,3883884544,731103232,19,13840736256
1791660936.919,416.027,indexer,619139643,500652943,118486699,12950036480,12960665600,1440747520,11218206720,3705524224,14630924288,26,13839671296
1791660936.919,416.027,zebrad,127594086,112925935,14668150,2527227904,4379955200,388874240,2123972608,3883884544,731103232,19,13839671296
1791660937.920,417.027,indexer,619636556,501020306,118616249,12953133056,12960665600,1440747520,11220963328,3708280832,14731104256,26,13836926976
1791660937.920,417.027,zebrad,127600421,112932270,14668150,2527219712,4379955200,388874240,2123972608,3883884544,731103232,19,13836926976
1791660938.920,418.027,indexer,619959003,501241093,118717909,12956569600,12960665600,1442844672,11222454272,3709771776,14814990336,26,13818777600
1791660938.920,418.027,zebrad,127606024,112937015,14669009,2527219712,4379955200,388874240,2123972608,3883884544,731103232,19,13818777600
1791660939.920,419.028,indexer,620634828,501748689,118886138,12961710080,12961710080,1444941824,11225427968,3712737280,15083048960,26,13819412480
1791660939.920,419.028,zebrad,127611993,112942874,14669118,2527219712,4379955200,388874240,2123972608,3883884544,731103232,19,13819412480
1791660940.920,420.028,indexer,622274315,503207976,119066339,12972949504,12972949504,1450188800,11231117312,3718426624,15093673984,25,13815328768
1791660940.920,420.028,zebrad,127615300,112945259,14670041,2527150080,4379955200,388874240,2123972608,3883884544,731103232,19,13815328768
1791660941.920,421.028,indexer,624393498,505327158,119066339,12973989888,12973993984,1450188800,11231989760,3719299072,15093673984,25,13815709696
1791660941.920,421.028,zebrad,127618417,112947591,14670826,2527408128,4379955200,388874240,2123972608,3883884544,731103232,19,13815709696
1791660942.920,422.028,indexer,625936413,506801594,119134818,12930539520,12981321728,1467936768,11172769792,3725398016,15093673984,25,13808996352
1791660942.920,422.028,zebrad,127624675,112953822,14670853,2488602624,4379955200,388874240,2085437440,3883884544,731103232,19,13808996352
1791660943.920,423.028,indexer,627708869,508269628,119439240,12950753280,12981321728,1478422528,11182505984,3735134208,15093673984,25,13806497792
1791660943.920,423.028,zebrad,127631362,112959429,14671933,2488598528,4379955200,388874240,2085437440,3883884544,731103232,19,13806497792
1791660944.920,424.028,indexer,629646866,509858311,119788554,12971937792,12981321728,1488257024,11193470976,3746099200,15093673984,25,13791002624
1791660944.920,424.028,zebrad,127637966,112965966,14672000,2488586240,4379955200,388874240,2085437440,3883884544,731103232,19,13791002624
1791660945.920,425.028,indexer,631367955,511218289,120149665,12993781760,12993818624,1499914240,11203645440,3756273664,15093673984,25,13778153472
1791660945.920,425.028,zebrad,127645068,112973068,14672000,2488844288,4379955200,388878336,2085437440,3883884544,731103232,19,13778153472
1791660946.920,426.028,indexer,632993701,512500720,120492981,13013442560,13013491712,1510400000,11212828672,3765456896,15093673984,25,13776302080
1791660946.920,426.028,zebrad,127651561,112978726,14672835,2488844288,4379955200,388878336,2085437440,3883884544,731103232,19,13776302080
1791660947.921,427.028,indexer,634538742,513786495,120752247,12977823744,13034930176,1523613696,11164262400,3775090688,15093673984,25,13763936256
1791660947.921,427.028,zebrad,127658439,112985505,14672933,2451611648,4379955200,388878336,2048212992,3883884544,731103232,19,13763936256
1791660948.921,428.028,indexer,636211468,515082585,121128882,13000855552,13034930176,1536196608,11174780928,3785605120,15093673984,25,13752672256
1791660948.921,428.028,zebrad,127664670,112989935,14674734,2451611648,4379955200,388878336,2048212992,3883884544,731103232,19,13752672256
1791660949.921,429.028,indexer,637987396,516454294,121533102,13023473664,13034930176,1546682368,11186778112,3797606400,15093673984,25,13724848128
1791660949.921,429.028,zebrad,127671616,112996002,14675614,2451611648,4379955200,388878336,2048212992,3883884544,731103232,19,13724848128
1791660950.921,430.029,indexer,639741736,517868299,121873436,13053116416,13053116416,1561931776,11200946176,3811770368,15093673984,25,13721174016
1791660950.921,430.029,zebrad,127677836,113002222,14675614,2451611648,4379955200,388878336,2048212992,3883884544,731103232,19,13721174016
1791660951.921,431.029,indexer,641223510,518983912,122239598,13070995456,13071011840,1570320384,11210498048,3821322240,15093673984,25,13713715200
1791660951.921,431.029,zebrad,127684949,113007641,14677308,2451611648,4379955200,388878336,2048212992,3883884544,731103232,19,13713715200
1791660952.921,432.029,indexer,642945663,520322223,122623440,13025153024,13074472960,1580806144,11153903616,3832360960,15093673984,25,13705957376
1791660952.921,432.029,zebrad,127691577,113012538,14679039,2415169536,4379955200,388878336,2011774976,3883884544,731103232,19,13705957376
1791660953.921,433.029,indexer,644751994,521760433,122991560,13050007552,13074472960,1593389056,11166330880,3844788224,15093673984,25,13691346944
1791660953.921,433.029,zebrad,127698293,113019254,14679039,2415431680,4379955200,388878336,2011774976,3883884544,731103232,19,13691346944
1791660954.921,434.029,indexer,646300082,522976971,123323111,13070774272,13074472960,1603874816,11176726528,3855183872,15093673984,25,13687308288
1791660954.921,434.029,zebrad,127704770,113025599,14679170,2415165440,4379955200,388878336,2011774976,3883884544,731103232,19,13687308288
1791660955.921,435.029,indexer,647918379,524308010,123610369,12915380224,13083623424,1440284672,11184893952,3863351296,15093673984,26,13835575296
1791660955.921,435.029,zebrad,127711199,113030863,14680336,2415165440,4379955200,388878336,2011774976,3883884544,731103232,19,13835575296
1791660956.921,436.029,indexer,650311409,526421039,123890369,13006340096,13083623424,1451675648,11262296064,3872841728,15093673984,26,13821181952
1791660956.921,436.029,zebrad,127717996,113037571,14680425,2415177728,4379955200,388878336,2011774976,3883884544,731103232,19,13821181952
1791660957.921,437.029,indexer,652430415,528025373,124405042,13225132032,13225148416,1460756480,11464216576,3880148992,15134433280,26,13824393216
1791660957.921,437.029,zebrad,127724709,113044205,14680504,2269937664,4379955200,388878336,1867071488,3883884544,731103232,19,13824393216
1791660958.922,438.029,indexer,652896591,528402900,124493690,13229846528,13229871104,1462853632,11466547200,3882479616,15360921600,26,13819723776
1791660958.922,438.029,zebrad,127730315,113048738,14681576,2270199808,4379955200,388878336,1867071488,3883884544,731103232,19,13819723776
1791660959.922,439.029,indexer,653658818,528964979,124693839,13239226368,13296185344,1467047936,11471339520,3886178304,15595802624,26,13816442880
1791660959.922,439.029,zebrad,127736218,113054540,14681677,2200989696,4379955200,388878336,1797865472,3883884544,731103232,19,13816442880
1791660960.922,440.029,indexer,654279817,529421029,124858787,13244669952,13296185344,1469771776,11474366464,3889205248,15733620736,26,13813067776
1791660960.922,440.029,zebrad,127744182,113061508,14682673,2200723456,4379955200,388878336,1797865472,3883884544,731103232,19,13813067776
1791660961.922,441.030,indexer,654649666,529680588,124969078,13248581632,13296185344,1472294912,11475836928,3890675712,15813632000,26,13807542272
1791660961.922,441.030,zebrad,127750045,113067159,14682886,2200977408,4379955200,388878336,1797865472,3883884544,731103232,19,13807542272
1791660962.922,442.030,indexer,655029614,529947237,125082376,13252513792,13296185344,1474392064,11477307392,3892146176,15903526912,26,13806252032
1791660962.922,442.030,zebrad,127756746,113073667,14683079,2201186304,4379955200,388878336,1797865472,3883884544,731103232,19,13806252032
1791660963.922,443.030,indexer,656283484,531058637,125224846,13258387456,13296185344,1476882432,11480412160,3895238656,16150335488,25,13806854144
1791660963.922,443.030,zebrad,127760540,113077371,14683169,2201186304,4379955200,388878336,1797865472,3883884544,731103232,19,13806854144
1791660964.922,444.030,indexer,658535950,532930605,125605344,13281824768,13296185344,1489465344,11490975744,3905798144,16150335488,25,13791481856
1791660964.922,444.030,zebrad,127763994,113079886,14684108,2201186304,4379955200,388878336,1797865472,3883884544,731103232,19,13791481856
1791660965.922,445.030,indexer,660366165,534397253,125968912,13304827904,13304827904,1500471296,11502915584,3917737984,16150335488,25,13773041664
1791660965.922,445.030,zebrad,127771513,113081785,14689727,2201182208,4379955200,388878336,1797865472,3883884544,731103232,19,13773041664
1791660966.922,446.030,indexer,661930608,535602336,126328272,13252632576,13323685888,1510957056,11442585600,3927683072,16150335488,25,13784248320
1791660966.922,446.030,zebrad,127777713,113086961,14690752,2167365632,4379955200,388878336,1764048896,3883884544,731103232,19,13784248320
1791660967.922,447.030,indexer,663452035,536790912,126661122,13272121344,13323685888,1521442816,11451469824,3936563200,16150335488,25,13772201984
1791660967.922,447.030,zebrad,127784497,113093427,14691070,2167324672,4379955200,388878336,1764048896,3883884544,731103232,19,13772201984
1791660968.923,448.030,indexer,665015055,537997297,127017758,13291925504,13323685888,1531928576,11460771840,3945865216,16150335488,25,13763100672
1791660968.923,448.030,zebrad,127790793,113098803,14691990,2167578624,4379955200,388878336,1764048896,3883884544,731103232,19,13763100672
1791660969.923,449.030,indexer,666653455,539275651,127377803,13313241088,13323685888,1542414336,11471290368,3956383744,16150335488,25,13738414080
1791660969.923,449.030,zebrad,127797903,113105673,14692230,2167578624,4379955200,388878336,1764048896,3883884544,731103232,19,13738414080
1791660970.923,450.030,indexer,668090546,540426584,127663962,13334339584,13334360064,1550802944,11483975680,3969069056,16150335488,25,13729710080
1791660970.923,450.030,zebrad,127804728,113110397,14694330,2167578624,4379955200,388878336,1764048896,3883884544,731103232,19,13729710080
1791660971.923,451.031,indexer,669365079,541507230,127857849,13356457984,13356457984,1555005440,11501535232,3986649088,16150335488,25,13729165312
1791660971.923,451.031,zebrad,127811280,113116116,14695164,2167578624,4379955200,388878336,1764048896,3883884544,731103232,19,13729165312
1791660972.923,452.031,indexer,671005171,542827263,128177908,13267333120,13372227584,1563394048,11407441920,3996409856,16150335488,25,13730258944
1791660972.923,452.031,zebrad,127817397,113121334,14696063,2167578624,4379955200,388878336,1764048896,3883884544,731103232,19,13730258944
1791660973.923,453.031,indexer,672646168,544177055,128469113,13287284736,13372227584,1573879808,11416973312,4005941248,16150335488,25,13719269376
1791660973.923,453.031,zebrad,127824338,113128274,14696063,2167521280,4379955200,388878336,1764048896,3883884544,731103232,19,13719269376
1791660974.923,454.031,indexer,674404809,545562001,128842808,13311176704,13372227584,1586462720,11427897344,4016865280,16150335488,25,13702995968
1791660974.923,454.031,zebrad,127830921,113133684,14697237,2167791616,4379955200,388878336,1764048896,3883884544,731103232,19,13702995968
1791660975.923,455.031,indexer,676163702,546957011,129206691,13346664448,13372227584,1604440064,11445424128,4034392064,16150335488,25,13686484992
1791660975.923,455.031,zebrad,127838177,113140940,14697237,2167275520,4379955200,388878336,1764048896,3883884544,731103232,19,13686484992
1791660976.923,456.031,indexer,677761447,548243106,129518340,13366038528,13372227584,1614925824,11454275584,4043243520,16150335488,25,13678465024
1791660976.923,456.031,zebrad,127845165,113147928,14697237,2167533568,4379955200,388882432,1764048896,3883884544,731103232,19,13678465024
1791660977.923,457.031,indexer,679583216,549781259,129801957,13136531456,13373181952,1449246720,11392139264,4051865600,16150335488,26,13836255232
1791660977.923,457.031,zebrad,127851310,113154072,14697237,2133970944,4379955200,388882432,1730756608,3883884544,731103232,19,13836255232
1791660978.923,458.031,indexer,681936302,551887510,130048792,13252108288,13373181952,1462820864,11491594240,4060266496,16150335488,26,13820956672
1791660978.923,458.031,zebrad,127858088,113159182,14698905,2133970944,4379955200,388882432,1730756608,3883884544,731103232,19,13820956672
1791660979.924,459.031,indexer,683591718,553065118,130526600,13431070720,13507063808,1468776448,11654135808,4065959936,16252071936,26,13803053056
1791660979.924,459.031,zebrad,127865014,113164112,14700902,2037235712,4379955200,388882432,1634025472,3883884544,731103232,19,13803053056
1791660980.924,460.031,indexer,684131531,553501778,130629753,13435977728,13507063808,1470873600,11656863744,4068687872,16495333376,26,13798047744
1791660980.924,460.031,zebrad,127871247,113170206,14701041,2037223424,4379955200,388882432,1634025472,3883884544,731103232,19,13798047744
1791660981.924,461.031,indexer,684741570,553970791,130770779,13443719168,13507063808,1475067904,11660316672,4072140800,16705044480,26,13795414016
1791660981.924,461.031,zebrad,127877606,113175407,14702199,2037481472,4379955200,388882432,1634025472,3883884544,731103232,19,13795414016
1791660982.924,462.032,indexer,685319614,554394058,130925555,13458362368,13507063808,1477165056,11672686592,4074278912,16791912448,26,13792776192
1791660982.924,462.032,zebrad,127883999,113180984,14703015,2037477376,4379955200,388882432,1634025472,3883884544,731103232,19,13792776192
1791660983.924,463.032,indexer,685718044,554684937,131033107,13460877312,13507063808,1478070272,11674349568,4075941888,16887549952,26,13792473088
1791660983.924,463.032,zebrad,127890336,113187321,14703015,2037211136,4379955200,388882432,1634025472,3883884544,731103232,19,13792473088
1791660984.924,464.032,indexer,686576815,555411855,131164960,13465190400,13507063808,1480314880,11676188672,4077780992,17014226944,26,13787836416
1791660984.924,464.032,zebrad,127897766,113194751,14703015,2037211136,4379955200,388882432,1634025472,3883884544,731103232,19,13787836416
1791660985.924,465.032,indexer,687821878,556502104,131319773,13472583680,13507063808,1484509184,11678969856,4080562176,17228484608,26,13783289856
1791660985.924,465.032,zebrad,127901883,113198868,14703015,2037227520,4379955200,388882432,1634025472,3883884544,731103232,19,13783289856
1791660986.924,466.032,indexer,689451715,557761911,131689803,13417893888,13507063808,1494994944,11615838208,4090232832,17228484608,25,13779849216
1791660986.924,466.032,zebrad,127908337,113205322,14703015,2006032384,4379955200,388882432,1602830336,3883884544,731103232,19,13779849216
1791660987.924,467.032,indexer,691073584,559009359,132064225,13437427712,13507063808,1504595968,11625783296,4100177920,17228484608,25,13771501568
1791660987.924,467.032,zebrad,127914961,113211946,14703015,2005753856,4379955200,388882432,1602830336,3883884544,731103232,19,13771501568
1791660988.924,468.032,indexer,692652840,560243584,132409255,13459283968,13507063808,1516486656,11635675136,4110069760,17228484608,25,13761826816
1791660988.924,468.032,zebrad,127921756,113218741,14703015,2006020096,4379955200,388882432,1602830336,3883884544,731103232,19,13761826816
1791660989.925,469.032,indexer,694163386,561417268,132746118,13479591936,13507063808,1526972416,11645423616,4119818240,17228484608,25,13754900480
1791660989.925,469.032,zebrad,127928233,113223434,14704798,2006020096,4379955200,388882432,1602830336,3883884544,731103232,19,13754900480
1791660990.925,470.032,indexer,695995003,562855894,133139109,13503922176,13507063808,1539555328,11657121792,4131524608,17228484608,25,13732200448
1791660990.925,470.032,zebrad,127936010,113231010,14705000,2006020096,4379955200,388882432,1602830336,3883884544,731103232,19,13732200448
1791660991.925,471.032,indexer,697635602,564136859,133498743,13420232704,13522890752,1552138240,11563692032,4142088192,17228484608,25,13720444928
1791660991.925,471.032,zebrad,127942591,113235750,14706841,2006282240,4379955200,388882432,1602830336,3883884544,731103232,19,13720444928
1791660992.925,472.033,indexer,699162865,565335982,133826883,13440647168,13522890752,1562628096,11573469184,4151865344,17228484608,25,13714903040
1791660992.925,472.033,zebrad,127948828,113241847,14706981,2006024192,4379955200,388882432,1602830336,3883884544,731103232,19,13714903040
1791660993.925,473.033,indexer,700835835,566610074,134225760,13461938176,13522890752,1573113856,11584110592,4162506752,17228484608,25,13704949760
1791660993.925,473.033,zebrad,127954808,113247058,14707749,2006024192,4379955200,388882432,1602830336,3883884544,731103232,19,13704949760
1791660994.925,474.033,indexer,702551331,567997025,134554305,13485023232,13522890752,1585696768,11594686464,4173082624,17228484608,25,13698269184
1791660994.925,474.033,zebrad,127961843,113253204,14708638,2006024192,4379955200,388882432,1602830336,3883884544,731103232,19,13698269184
1791660995.925,475.033,indexer,704423491,569441868,134981622,13509636096,13522890752,1598279680,11606564864,4184961024,17228484608,25,13682937856
1791660995.925,475.033,zebrad,127969060,113260400,14708660,2005995520,4379955200,388882432,1602830336,3883884544,731103232,19,13682937856
1791660996.925,476.033,indexer,705980536,570651991,135328545,13529853952,13529862144,1608765440,11616342016,4194738176,17228484608,25,13677531136
1791660996.925,476.033,zebrad,127975508,113266568,14708939,2006261760,4379955200,388882432,1602830336,3883884544,731103232,19,13677531136
1791660997.925,477.033,indexer,707557115,571882485,135674629,13475233792,13532528640,1619251200,11553329152,4204847104,17228484608,25,13668950016
1791660997.925,477.033,zebrad,127982141,113273131,14709009,1975595008,4379955200,388882432,1572159488,3883884544,731103232,19,13668950016
1791660998.925,478.033,indexer,709771029,573869216,135901813,13323018240,13532528640,1458663424,11561996288,4213514240,17228484608,26,13816139776
1791660998.925,478.033,zebrad,127989159,113277369,14711790,1975595008,4379955200,388882432,1572159488,3883884544,731103232,19,13816139776
1791660999.925,479.033,indexer,712182770,575871955,136310814,13588312064,13588312064,1468772352,11808935936,4222386176,17228484608,26,13788930048
1791660999.925,479.033,zebrad,127995935,113282166,14713769,1915035648,4379955200,388882432,1511866368,3883884544,731103232,19,13788930048
1791661000.926,480.033,indexer,713195390,576607973,136587416,13523472384,13590376448,1472966656,11740946432,4227284992,17467203584,26,13769342976
1791661000.926,480.033,zebrad,128002968,113288968,14714000,1885937664,4379955200,388882432,1482506240,3883884544,731103232,19,13769342976
1791661001.926,481.033,indexer,713773939,577046773,136727165,13530583040,13590376448,1477160960,11743854592,4230193152,17627758592,26,13764870144
1791661001.926,481.033,zebrad,128008918,113294918,14714000,1885937664,4379955200,388882432,1482506240,3883884544,731103232,19,13764870144
1791661002.926,482.033,indexer,714132985,577318210,136814775,13542223872,13590376448,1477160960,11755188224,4231434240,17722593280,26,13763764224
1791661002.926,482.033,zebrad,128014747,113300746,14714000,1885671424,4379955200,388882432,1482506240,3883884544,731103232,19,13763764224
1791661003.926,483.034,indexer,715085467,578175929,136909538,13544398848,13590376448,1478209536,11756294144,4232540160,17807142912,26,13763104768
1791661003.926,483.034,zebrad,128017629,113302786,14714843,1885868032,4379955200,388882432,1482506240,3883884544,731103232,19,13763104768
1791661004.926,484.034,indexer,715814892,578794974,137019918,13548040192,13590376448,1480310784,11757731840,4233977856,17913618432,26,13763997696
1791661004.926,484.034,zebrad,128024300,113309383,14714917,1885868032,4379955200,388882432,1482506240,3883884544,731103232,19,13763997696
1791661005.926,485.034,indexer,716519921,579318327,137201593,13555744768,13590376448,1484505088,11761192960,4237438976,18168913920,25,13766086656
1791661005.926,485.034,zebrad,128030824,113314845,14715979,1885851648,4379955200,388882432,1482506240,3883884544,731103232,19,13766086656
1791661006.926,486.034,indexer,718368055,580771203,137596852,13579702272,13590376448,1497088000,11772506112,4248756224,18168913920,25,13759033344
1791661006.926,486.034,zebrad,128036832,113320624,14716207,1885851648,4379955200,388882432,1482506240,3883884544,731103232,19,13759033344
1791661007.926,487.034,indexer,720090977,582128032,137962945,13600882688,13601013760,1508093952,11782979584,4259225600,18168913920,25,13749309440
1791661007.926,487.034,zebrad,128043746,113327436,14716310,1885851648,4379955200,388882432,1482506240,3883884544,731103232,19,13749309440
1791661008.926,488.034,indexer,721639149,583349452,138289696,13620916224,13620994048,1518579712,11792363520,4268609536,18168918016,25,13747978240
1791661008.926,488.034,zebrad,128050649,113333349,14717299,1885851648,4379955200,388882432,1482506240,3883884544,731103232,19,13747978240
1791661009.926,489.034,indexer,723282370,584650888,138631482,13641404416,13641469952,1529065472,11802333184,4278579200,18168918016,25,13744664576
1791661009.926,489.034,zebrad,128056564,113339162,14717402,1885851648,4379955200,388882432,1482506240,3883884544,731103232,19,13744664576
1791661010.926,490.034,indexer,724990037,586008330,138981706,13560438784,13644500992,1541648384,11708878848,4289015808,18168918016,25,13721296896
1791661010.926,490.034,zebrad,128063012,113344556,14718455,1885851648,4379955200,388882432,1482506240,3883884544,731103232,19,13721296896
1791661011.927,491.034,indexer,726852275,587419535,139432739,13584785408,13644500992,1554231296,11720433664,4300570624,18168918016,25,13704990720
1791661011.927,491.034,zebrad,128069082,113349848,14719233,1885851648,4379955200,388882432,1482506240,3883884544,731103232,19,13704990720
1791661012.927,492.034,indexer,728558379,588734118,139824260,13606207488,13644500992,1564725248,11731185664,4311322624,18168918016,25,13705748480
1791661012.927,492.034,zebrad,128075640,113356406,14719233,1885851648,4379955200,388882432,1482506240,3883884544,731103232,19,13705748480
1791661013.927,493.034,indexer,730074943,589948248,140126694,13628428288,13644500992,1577308160,11741003776,4321140736,18168918016,25,13691777024
1791661013.927,493.034,zebrad,128081828,113361625,14720202,1885851648,4379955200,388882432,1482506240,3883884544,731103232,19,13691777024
1791661014.927,494.035,indexer,731853355,591325214,140528140,13576015872,13644500992,1589891072,11677360128,4332679168,18168918016,25,13697273856
1791661014.927,494.035,zebrad,128088250,113368002,14720248,1857015808,4379955200,388882432,1453670400,3883884544,731103232,19,13697273856
1791661015.927,495.035,indexer,733559048,592671132,140887915,13597679616,13644500992,1600376832,11688325120,4343644160,18168918016,25,13687996416
1791661015.927,495.035,zebrad,128095161,113373923,14721238,1857015808,4379955200,388882432,1453670400,3883884544,731103232,19,13687996416
1791661016.927,496.035,indexer,735103800,593879094,141224705,13617795072,13644500992,1610862592,11697991680,4353310720,18168918016,25,13679542272
1791661016.927,496.035,zebrad,128102105,113378752,14723352,1857015808,4379955200,388882432,1453670400,3883884544,731103232,19,13679542272
1791661017.927,497.035,indexer,736811232,595264444,141546787,13465673728,13644500992,1449373696,11707146240,4362465280,18168918016,26,13831991296
1791661017.927,497.035,zebrad,128108513,113382335,14726178,1857015808,4379955200,388882432,1453670400,3883884544,731103232,19,13831991296
1791661018.927,498.035,indexer,739186932,597359000,141827931,13485797376,13644500992,1460764672,11715903488,4371222528,18168918016,26,13825073152
1791661018.927,498.035,zebrad,128114781,113388574,14726206,1857015808,4379955200,388882432,1453670400,3883884544,731103232,19,13825073152
1791661019.927,499.035,indexer,741049683,598805909,142243774,13698289664,13698347008,1466679296,11915632640,4377628672,18255179776,26,13816213504
1791661019.927,499.035,zebrad,128121024,113391780,14729243,1828442112,4379955200,388882432,1425096704,3883884544,731103232,19,13816213504
1791661020.927,500.035,indexer,741951129,599493656,142457473,13631762432,13707669504,1472970752,11844599808,4382449664,18473267200,26,13817450496
1791661020.927,500.035,zebrad,128129227,113399984,14729243,1800388608,4379955200,388886528,1397047296,3883884544,731103232,19,13817450496
1791661021.928,501.035,indexer,742428368,599872768,142555600,13635223552,13707669504,1475067904,11846475776,4384325632,18600505344,26,13810548736
1791661021.928,501.035,zebrad,128136134,113404449,14731684,1800388608,4379955200,388886528,1397047296,3883884544,731103232,19,13810548736
1791661022.928,502.035,indexer,742753206,600061203,142692002,13653487616,13707669504,1475067904,11864125440,4385312768,18683891712,26,13808660480
1791661022.928,502.035,zebrad,128141686,113410001,14731684,1799929856,4379955200,388886528,1397047296,3883884544,731103232,19,13808660480
1791661023.928,503.035,indexer,743115443,600288839,142826603,13657088000,13707669504,1477165056,11865624576,4386811904,18772762624,26,13804732416
1791661023.928,503.035,zebrad,128147218,113414640,14732577,1800450048,4379955200,388886528,1397047296,3883884544,731103232,19,13804732416
1791661024.928,504.036,indexer,744506931,601498894,143008037,13664206848,13707669504,1480314880,11869585408,4390772736,18980286464,26,13805830144
1791661024.928,504.036,zebrad,128150159,113417582,14732577,1800450048,4379955200,388886528,1397047296,3883884544,731103232,19,13805830144
1791661025.928,505.036,indexer,745767878,602633114,143134764,13685288960,13707669504,1487884288,11883126784,4404314112,19115417600,25,13794729984
1791661025.928,505.036,zebrad,128157239,113423775,14733463,1800450048,4379955200,388886528,1397047296,3883884544,731103232,19,13794729984
1791661026.928,506.036,indexer,747243129,603930803,143312325,13702848512,13707669504,1494175744,11893846016,4415033344,19115417600,25,13792129024
1791661026.928,506.036,zebrad,128163696,113429063,14734633,1800413184,4379955200,388886528,1397047296,3883884544,731103232,19,13792129024
1791661027.928,507.036,indexer,748681232,605077209,143604022,13721305088,13721317376,1504661504,11902267392,4423454720,19115417600,25,13783728128
1791661027.928,507.036,zebrad,128169544,113434911,14734633,1800413184,4379955200,388886528,1397047296,3883884544,731103232,19,13783728128
1791661028.928,508.036,indexer,750200517,606209886,143990630,13739278336,13739360256,1513574400,11911081984,4432269312,19115421696,25,13772632064
1791661028.928,508.036,zebrad,128176511,113441674,14734836,1800679424,4379955200,388886528,1397047296,3883884544,731103232,19,13772632064
1791661029.928,509.036,indexer,751816584,607423037,144393546,13687099392,13750394880,1524060160,11850690560,4441735168,19115421696,25,13761781760
1791661029.928,509.036,zebrad,128182914,113448034,14734880,1772888064,4379955200,388886528,1369522176,3883884544,731103232,19,13761781760
1791661030.928,510.036,indexer,753592634,608805945,144786688,13709393920,13750394880,1534545920,11862192128,4453240832,19115421696,25,13734871040
1791661030.928,510.036,zebrad,128189555,113453369,14736185,1772883968,4379955200,388886528,1369522176,3883884544,731103232,19,13734871040
1791661031.928,511.036,indexer,755323123,610199675,145123447,13732937728,13750394880,1547128832,11873189888,4464234496,19115421696,25,13726896128
1791661031.928,511.036,zebrad,128196469,113460065,14736403,1773142016,4379955200,388886528,1369522176,3883884544,731103232,19,13726896128
1791661032.929,512.036,indexer,756715526,611283250,145432275,13750079488,13750394880,1555517440,11881586688,4472631296,19115421696,25,13720715264
1791661032.929,512.036,zebrad,128202734,113466188,14736546,1773142016,4379955200,388886528,1369522176,3883884544,731103232,19,13720715264
1791661033.929,513.036,indexer,758274833,612486009,145788824,13769674752,13769674752,1566003200,11890995200,4482039808,19115421696,25,13708824576
1791661033.929,513.036,zebrad,128209681,113471366,14738314,1773146112,4379955200,388886528,1369522176,3883884544,731103232,19,13708824576
1791661034.929,514.036,indexer,760066112,613904535,146161577,13715193856,13773598720,1578590208,11825782784,4493504512,19115421696,25,13705900032
1791661034.929,514.036,zebrad,128216360,113477739,14738620,1745879040,4379955200,388886528,1342259200,3883884544,731103232,19,13705900032
1791661035.929,515.037,indexer,761667572,615137552,146530020,13736075264,13773598720,1589075968,11836129280,4503851008,19115421696,25,13695131648
1791661035.929,515.037,zebrad,128223146,113483664,14739481,1745608704,4379955200,388886528,1342259200,3883884544,731103232,19,13695131648
1791661036.929,516.037,indexer,763143132,616309674,146833458,13755707392,13773598720,1599561728,11845468160,4513189888,19115421696,25,13682991104
1791661036.929,516.037,zebrad,128229834,113490161,14739673,1745608704,4379955200,388886528,1342259200,3883884544,731103232,19,13682991104
1791661037.929,517.037,indexer,764833768,617618672,147215096,13776433152,13776433152,1610047488,11855409152,4523130880,19115421696,25,13674041344
1791661037.929,517.037,zebrad,128236645,113495104,14741540,1745862656,4379955200,388886528,1342259200,3883884544,731103232,19,13674041344
1791661038.929,518.037,indexer,766584436,618992001,147592434,13798227968,13798227968,1620533248,11866570752,4534292480,19115421696,25,13665001472
1791661038.929,518.037,zebrad,128243078,113500486,14742591,1745854464,4379955200,388886528,1342259200,3883884544,731103232,19,13665001472
1791661039.929,519.037,indexer,768791546,620874268,147917277,13562564608,13805039616,1454845952,11799347200,4544389120,19115421696,26,13818900480
1791661039.929,519.037,zebrad,128249490,113506853,14742636,1719115776,4379955200,388886528,1315520512,3883884544,731103232,19,13818900480
1791661040.929,520.037,indexer,771278832,623008306,148270526,13789810688,13805039616,1472151552,12002914304,4553428992,19115421696,26,13801730048
1791661040.929,520.037,zebrad,128256384,113512643,14743740,1719115776,4379955200,388886528,1315520512,3883884544,731103232,19,13801730048
1791661041.929,521.037,indexer,772864047,624166971,148697075,13847879680,13873106944,1478504448,12045770752,4559040512,19237896192,26,13789380608
1791661041.929,521.037,zebrad,128262543,113518787,14743755,1666416640,4379955200,388886528,1263091712,3883884544,731103232,19,13789380608
1791661042.930,522.037,indexer,773034256,624312221,148722034,13848289280,13873106944,1478504448,12046393344,4559663104,19455995904,26,13788196864
1791661042.930,522.037,zebrad,128268042,113523111,14744930,1666412544,4379955200,388886528,1263091712,3883884544,731103232,19,13788196864
1791661043.930,523.037,indexer,773622398,624782033,148840364,13855539200,13873106944,1482698752,12049506304,4562776064,19657314304,26,13790466048
1791661043.930,523.037,zebrad,128274071,113529140,14744930,1666412544,4379955200,388886528,1263091712,3883884544,731103232,19,13790466048
1791661044.930,524.037,indexer,774228351,625245323,148983027,13825159168,13879353344,1485848576,12016693248,4565807104,19781394432,26,13793533952
1791661044.930,524.037,zebrad,128280895,113535098,14745796,1640718336,4379955200,388894720,1237663744,3883884544,731103232,19,13793533952
1791661045.930,525.038,indexer,774814016,625730312,149083704,13854453760,13879353344,1486315520,12044681216,4567609344,19860508672,26,13791924224
1791661045.930,525.038,zebrad,128288174,113542349,14745824,1640976384,4379955200,388894720,1237663744,3883884544,731103232,19,13791924224
1791661046.930,526.038,indexer,775977193,626778432,149198761,13858222080,13879353344,1488412672,12046123008,4569051136,19949072384,26,13790404608
1791661046.930,526.038,zebrad,128294719,113548604,14746115,1640751104,4379955200,388894720,1237663744,3883884544,731103232,19,13790404608
1791661047.930,527.038,indexer,776454320,627108193,149346126,13862334464,13879353344,1490509824,12048314368,4571242496,20154036224,26,13786140672
1791661047.930,527.038,zebrad,128301017,113554902,14746115,1640751104,4379955200,388894720,1237663744,3883884544,731103232,19,13786140672
1791661048.930,528.038,indexer,777858631,628164344,149694287,13881925632,13881925632,1500995584,12056961024,4579889152,20223254528,25,13773901824
1791661048.930,528.038,zebrad,128307857,113559724,14748133,1640747008,4379955200,388894720,1237663744,3883884544,731103232,19,13773901824
1791661049.930,529.038,indexer,779677568,629555468,150122100,13903843328,13903843328,1511776256,12068323328,4591251456,20223254528,25,13763248128
1791661049.930,529.038,zebrad,128314562,113565346,14749215,1640747008,4379955200,388894720,1237663744,3883884544,731103232,19,13763248128
1791661050.930,530.038,indexer,781518504,630993095,150525408,13847207936,13906722816,1524584448,12001124352,4602851328,20223254528,25,13749309440
1791661050.930,530.038,zebrad,128322867,113572732,14750135,1615577088,4379955200,388894720,1212497920,3883884544,731103232,19,13749309440
1791661051.930,531.038,indexer,783041197,632182725,150858471,13867585536,13906722816,1535070208,12010504192,4612231168,20223254528,25,13726056448
1791661051.930,531.038,zebrad,128329379,113577179,14752200,1615839232,4379955200,388894720,1212497920,3883884544,731103232,19,13726056448
1791661052.930,532.038,indexer,784751519,633559796,151191722,13890416640,13906722816,1547653120,12020826112,4622557184,20223254528,25,13713580032
1791661052.930,532.038,zebrad,128335948,113582681,14753266,1615839232,4379955200,388898816,1212497920,3883884544,731103232,19,13713580032
1791661053.931,533.038,indexer,786623486,635025956,151597529,13914251264,13914251264,1560236032,12032270336,4633997312,20223254528,25,13702316032
1791661053.931,533.038,zebrad,128342622,113588392,14754230,1615839232,4379955200,388898816,1212497920,3883884544,731103232,19,13702316032
1791661054.931,534.038,indexer,788243704,636273343,151970361,13852848128,13918269440,1570729984,11962466304,4643614720,20223254528,25,13697216512
1791661054.931,534.038,zebrad,128349435,113595205,14754230,1591193600,4379955200,388898816,1187856384,3883884544,731103232,19,13697216512
1791661055.931,535.039,indexer,789847828,637570408,152277420,13873700864,13918269440,1581215744,11972268032,4653416448,20223254528,25,13689733120
1791661055.931,535.039,zebrad,128355608,113601378,14754230,1590935552,4379955200,388898816,1187856384,3883884544,731103232,19,13689733120
1791661056.931,536.039,indexer,791601120,638942629,152658491,13894537216,13918269440,1591701504,11982864384,4664012800,20223254528,25,13679980544
1791661056.931,536.039,zebrad,128362085,113607855,14754230,1590927360,4379955200,388898816,1187856384,3883884544,731103232,19,13679980544
1791661057.931,537.039,indexer,793442030,640347927,153094103,13917966336,13918269440,1604284416,11993870336,4675018752,20223254528,25,13667393536
1791661057.931,537.039,zebrad,128368528,113613548,14754980,1590923264,4379955200,388898816,1187856384,3883884544,731103232,19,13667393536
1791661058.931,538.039,indexer,795356787,641869300,153487486,13939437568,13939437568,1614774272,12004413440,4685561856,20223254528,25,13657206784
1791661058.931,538.039,zebrad,128375253,113620192,14755060,1591185408,4379955200,388898816,1187856384,3883884544,731103232,19,13657206784
1791661059.931,539.039,indexer,796947337,643154880,153792457,13852405760,13957894144,1625260032,11909984256,4694999040,20223254528,25,13657366528
1791661059.931,539.039,zebrad,128381856,113626795,14755060,1591181312,4379955200,388898816,1187856384,3883884544,731103232,19,13657366528
1791661060.931,540.039,indexer,799358051,645279802,154078249,13703323648,13957894144,1466773504,11919638528,4704653312,20223254528,26,13812101120
1791661060.931,540.039,zebrad,128388153,113632106,14756047,1591181312,4379955200,388898816,1187856384,3883884544,731103232,19,13812101120
1791661061.931,541.039,indexer,801731108,647208608,154522499,13951299584,13998247936,1475698688,12147339264,4713017344,20223254528,26,13780283392
1791661061.931,541.039,zebrad,128394706,113638659,14756047,1518825472,4379955200,388898816,1115766784,3883884544,731103232,19,13780283392
1791661062.931,542.039,indexer,802082672,647420046,154662625,13957767168,13998247936,1477795840,12151369728,4714012672,20464869376,26,13776756736
1791661062.931,542.039,zebrad,128400846,113643721,14757125,1519087616,4379955200,388898816,1115766784,3883884544,731103232,19,13776756736
1791661063.932,543.039,indexer,802430259,647703722,154726537,13959118848,13998247936,1477795840,12152782848,4715425792,20674584576,26,13778018304
1791661063.932,543.039,zebrad,128407366,113650184,14757182,1518821376,4379955200,388898816,1115766784,3883884544,731103232,19,13778018304
1791661064.932,544.039,indexer,802990226,648095321,154894904,13934706688,14007992320,1481990144,12124561408,4717584384,20766236672,26,13774102528
1791661064.932,544.039,zebrad,128414837,113657655,14757182,1495486464,4379955200,388898816,1092435968,3883884544,731103232,19,13774102528
1791661065.932,545.039,indexer,803337892,648345999,154991893,13935935488,14007992320,1481990144,12125757440,4718780416,20849537024,26,13773324288
1791661065.932,545.039,zebrad,128421169,113663987,14757182,1495482368,4379955200,388898816,1092435968,3883884544,731103232,19,13773324288
1791661066.932,546.040,indexer,803747382,648652982,155094399,13939503104,14007992320,1484087296,12127158272,4720181248,20935548928,26,13767438336
1791661066.932,546.040,zebrad,128427561,113668473,14759087,1495744512,4379955200,388898816,1092435968,3883884544,731103232,19,13767438336
1791661067.932,547.040,indexer,804188108,648979370,155208737,13942083584,14007992320,1484607488,12128862208,4721872896,21169467392,26,13768273920
1791661067.932,547.040,zebrad,128433329,113673151,14760177,1495486464,4379955200,388898816,1092435968,3883884544,731103232,19,13768273920
1791661068.932,548.040,indexer,806214043,650753926,155460117,13958864896,14007992320,1493528576,12136939520,4729942016,21184851968,25,13765632000
1791661068.932,548.040,zebrad,128433329,113673151,14760177,1495486464,4379955200,388898816,1092435968,3883884544,731103232,19,13765632000
1791661069.932,549.040,indexer,808499675,652669134,155830541,13979762688,14007992320,1504014336,12147130368,4740132864,21184851968,25,13758222336
1791661069.932,549.040,zebrad,128436870,113675742,14761127,1495486464,4379955200,388898816,1092435968,3883884544,731103232,19,13758222336
1791661070.932,550.040,indexer,810439571,654177558,156262012,14003691520,14007992320,1517117440,12158275584,4751278080,21184851968,25,13747183616
1791661070.932,550.040,zebrad,128444757,113682758,14761999,1495511040,4379955200,388898816,1092435968,3883884544,731103232,19,13747183616
1791661071.932,551.040,indexer,812165732,655528880,156636852,14024298496,14026006528,1527603200,12168171520,4761174016,21184851968,25,13731409920
1791661071.932,551.040,zebrad,128451525,113689526,14761999,1495773184,4379955200,388898816,1092435968,3883884544,731103232,19,13731409920
1791661072.932,552.040,indexer,813670804,656695375,156975428,13960052736,14035415040,1538088960,12095643648,4769783808,21184851968,25,13735026688
1791661072.932,552.040,zebrad,128457785,113694900,14762885,1472966656,4379955200,388898816,1069629440,3883884544,731103232,19,13735026688
1791661073.933,553.040,indexer,815318415,658017490,157300925,13977788416,14035415040,1546477568,12105113600,4779253760,21184851968,25,13725224960
1791661073.933,553.040,zebrad,128464361,113701297,14763063,1472966656,4379955200,388898816,1069629440,3883884544,731103232,19,13725224960
1791661074.933,554.040,indexer,817031517,659371074,157660443,14000869376,14035415040,1559060480,12115447808,4789592064,21184851968,25,13717794816
1791661074.933,554.040,zebrad,128471183,113706908,14764274,1472700416,4379955200,388898816,1069629440,3883884544,731103232,19,13717794816
1791661075.933,555.040,indexer,818953171,660870532,158082638,14025588736,14035415040,1571647488,12127150080,4801290240,21184851968,25,13696471040
1791661075.933,555.040,zebrad,128477886,113712644,14765241,1472208896,4379955200,388898816,1069629440,3883884544,731103232,19,13696471040
1791661076.933,556.041,indexer,820664542,662230304,158434238,14046302208,14046355456,1582133248,12137615360,4811755520,21184851968,25,13690585088
1791661076.933,556.041,zebrad,128484658,113719215,14765442,1472729088,4379955200,388898816,1069629440,3883884544,731103232,19,13690585088
1791661077.933,557.041,indexer,822255659,663475241,158780417,14066520064,14066634752,1592619008,12147486720,4821626880,21184851968,25,13681737728
1791661077.933,557.041,zebrad,128491002,113724634,14766368,1472720896,4379955200,388898816,1069629440,3883884544,731103232,19,13681737728
1791661078.933,558.041,indexer,824016071,664855845,159160226,14007287808,14075179008,1605201920,12077764608,4833361920,21184851968,25,13669572608
1791661078.933,558.041,zebrad,128497476,113728274,14769201,1450172416,4379955200,388898816,1047085056,3883884544,731103232,19,13669572608
1791661079.933,559.041,indexer,825820703,666294242,159526461,14029406208,14075179008,1615687680,12089319424,4844920832,21184851968,25,13658230784
1791661079.933,559.041,zebrad,128503906,113733884,14770021,1449910272,4379955200,388898816,1047085056,3883884544,731103232,19,13658230784
1791661080.933,560.041,indexer,827386384,667519555,159866828,14049542144,14075179008,1626173440,12098859008,4854456320,21184851968,25,13645922304
1791661080.933,560.041,zebrad,128512820,113742697,14770122,1450430464,4379955200,388898816,1047085056,3883884544,731103232,19,13645922304
1791661081.933,561.041,indexer,829742377,669578125,160164251,13898727424,14075179008,1467682816,12108439552,4864036864,21184851968,26,13798182912
1791661081.933,561.041,zebrad,128519061,113747909,14771151,1450426368,4379955200,388898816,1047085056,3883884544,731103232,19,13798182912
1791661082.933,562.041,indexer,832123959,671524689,160599270,14094884864,14103891968,1477050368,12289519616,4872462336,21184851968,26,13777457152
1791661082.933,562.041,zebrad,128526066,113754914,14771151,1406644224,4379955200,388898816,1003569152,3883884544,731103232,19,13777457152
1791661083.933,563.041,indexer,833062415,672226040,160836375,14107533312,14107541504,1481244672,12297437184,4876472320,21421121536,26,13770133504
1791661083.933,563.041,zebrad,128532382,113759307,14773075,1406640128,4379955200,388898816,1003569152,3883884544,731103232,19,13770133504
1791661084.934,564.041,indexer,833731101,672749054,160982046,14112780288,14112788480,1483341824,12300427264,4879462400,21567246336,26,13771309056
1791661084.934,564.041,zebrad,128538660,113764667,14773993,1406640128,4379955200,388898816,1003569152,3883884544,731103232,19,13771309056
1791661085.934,565.041,indexer,834046474,672961356,161085118,14076735488,14133161984,1485438976,12263534592,4880429056,21652660224,26,13770489856
1791661085.934,565.041,zebrad,128544381,113769303,14775077,1385140224,4379955200,388898816,982335488,3883884544,731103232,19,13770489856
1791661086.934,566.041,indexer,834447446,673253270,161194176,14078672896,14133161984,1485848576,12265107456,4882001920,21759815680,26,13769949184
1791661086.934,566.041,zebrad,128550517,113775427,14775090,1385136128,4379955200,388898816,982335488,3883884544,731103232,19,13769949184
1791661087.934,567.042,indexer,835073727,673682531,161391195,14086586368,14133161984,1490685952,12267905024,4884799488,21915897856,26,13767065600
1791661087.934,567.042,zebrad,128557086,113780156,14776930,1385394176,4379955200,388898816,982335488,3883884544,731103232,19,13767065600
1791661088.934,568.042,indexer,835552777,674010208,161542569,14090555392,14133161984,1492783104,12269854720,4886749184,22144974848,26,13762674688
1791661088.934,568.042,zebrad,128562880,113785860,14777019,1385390080,4379955200,388898816,982335488,3883884544,731103232,19,13762674688
1791661089.934,569.042,indexer,837360486,675485497,161874988,14107521024,14133161984,1501171712,12278087680,4894973952,22158348288,25,13761724416
1791661089.934,569.042,zebrad,128569588,113792490,14777097,1385123840,4379955200,388898816,982335488,3883884544,731103232,19,13761724416
1791661090.934,570.042,indexer,839730060,677561746,162168313,14126678016,14133161984,1511657472,12286844928,4903731200,22158348288,25,13753282560
1791661090.934,570.042,zebrad,128577012,113798980,14778032,1385385984,4379955200,388898816,982335488,3883884544,731103232,19,13753282560
1791661091.934,571.042,indexer,841329139,678882624,162446515,14144811008,14144815104,1520566272,12295872512,4912758784,22158352384,25,13744291840
1791661091.934,571.042,zebrad,128583906,113805874,14778032,1385385984,4379955200,388898816,982335488,3883884544,731103232,19,13744291840
1791661092.934,572.042,indexer,843078422,680251647,162826774,14080094208,14155108352,1531052032,12222885888,4922994688,22158352384,25,13746270208
1791661092.934,572.042,zebrad,128590964,113810394,14780570,1364672512,4379955200,388898816,961626112,3883884544,731103232,19,13746270208
1791661093.934,573.042,indexer,844870499,681649138,163221360,14103441408,14155108352,1543634944,12233764864,4933877760,22158352384,25,13732081664
1791661093.934,573.042,zebrad,128597388,113815883,14781505,1364668416,4379955200,388898816,961626112,3883884544,731103232,19,13732081664
1791661094.934,574.042,indexer,846771450,683144437,163627012,14127542272,14155108352,1556217856,12245315584,4945428480,22158352384,25,13714067456
1791661094.934,574.042,zebrad,128604111,113821752,14782358,1364668416,4379955200,388898816,961626112,3883884544,731103232,19,13714067456
1791661095.935,575.042,indexer,848373355,684428092,163945263,14148825088,14155108352,1566703616,12256018432,4956127232,22158352384,25,13707542528
1791661095.935,575.042,zebrad,128610644,113826449,14784194,1364684800,4379955200,388898816,961626112,3883884544,731103232,19,13707542528
1791661096.935,576.042,indexer,849965992,685687771,164278221,14169014272,14169022464,1577197568,12265648128,4965761024,22158352384,25,13697916928
1791661096.935,576.042,zebrad,128617361,113833167,14784194,1364672512,4379955200,388898816,961626112,3883884544,731103232,19,13697916928
1791661097.935,577.042,indexer,851437475,686849359,164588116,14103465984,14185795584,1587683328,12191227904,4974219264,22158352384,25,13697093632
1791661097.935,577.042,zebrad,128624149,113838125,14786023,1343696896,4379955200,388898816,940654592,3883884544,731103232,19,13697093632
1791661098.935,578.043,indexer,852935567,688045417,164890150,14120448000,14185795584,1596071936,12200030208,4983021568,22158352384,25,13688774656
1791661098.935,578.043,zebrad,128630636,113841662,14788973,1343696896,4379955200,388898816,940654592,3883884544,731103232,19,13688774656
1791661099.935,579.043,indexer,854662123,689407439,165254684,14143868928,14185795584,1608654848,12210724864,4993716224,22158352384,25,13675589632
1791661099.935,579.043,zebrad,128637869,113847983,14789885,1343692800,4379955200,388898816,940654592,3883884544,731103232,19,13675589632
1791661100.935,580.043,indexer,856408583,690752320,165656262,14165229568,14185795584,1619140608,12221435904,5004427264,22158352384,25,13661679616
1791661100.935,580.043,zebrad,128644528,113853680,14790847,1343692800,4379955200,388898816,940654592,3883884544,731103232,19,13661679616
1791661101.935,581.043,indexer,858383594,692378670,166004924,14013399040,14185795584,1457651712,12231512064,5014503424,22158352384,26,13812461568
1791661101.935,581.043,zebrad,128651078,113860170,14790908,1343692800,4379955200,388898816,940654592,3883884544,731103232,19,13812461568
1791661102.935,582.043,indexer,860946983,694629905,166317078,14106787840,14185795584,1471139840,12309094400,5024980992,22158352384,26,13782917120
1791661102.935,582.043,zebrad,128658051,113866261,14791790,1343692800,4379955200,388898816,940654592,3883884544,731103232,19,13782917120
1791661103.935,583.043,indexer,863136511,696272451,166864060,14197878784,14277124096,1481248768,12383207424,5033431040,22208995328,26,13784674304
1791661103.935,583.043,zebrad,128665347,113872637,14792709,1263472640,4379955200,388898816,860438528,3883884544,731103232,19,13784674304
1791661104.935,584.043,indexer,863782773,696784342,166998431,14205067264,14277124096,1485443072,12386312192,5036535808,22469033984,26,13780242432
1791661104.935,584.043,zebrad,128672309,113877714,14794594,1263472640,4379955200,388898816,860438528,3883884544,731103232,19,13780242432
1791661105.936,585.043,indexer,864142917,697066707,167076209,14206607360,14277124096,1485443072,12387975168,5038198784,22624808960,26,13779116032
1791661105.936,585.043,zebrad,128679212,113883859,14795353,1263472640,4379955200,388898816,860438528,3883884544,731103232,19,13779116032
1791661106.936,586.043,indexer,864567534,697407967,167159567,14211461120,14277124096,1488592896,12389744640,5039968256,22722605056,26,13778952192
1791661106.936,586.043,zebrad,128686038,113888584,14797453,1263206400,4379955200,388898816,860438528,3883884544,731103232,19,13778952192
1791661107.936,587.043,indexer,864890676,697610371,167280304,14265810944,14277124096,1488592896,12442386432,5041012736,22807023616,26,13780934656
1791661107.936,587.043,zebrad,128691767,113892685,14799081,1263198208,4379955200,388898816,860438528,3883884544,731103232,19,13780934656
1791661108.936,588.044,indexer,865267393,697880778,167386614,14269366272,14277124096,1490690048,12443926528,5042552832,22895943680,26,13781876736
1791661108.936,588.044,zebrad,128697547,113897259,14800288,1263194112,4379955200,388898816,860438528,3883884544,731103232,19,13781876736
1791661109.936,589.044,indexer,865671424,698174438,167496986,14273146880,14277124096,1492787200,12445523968,5044142080,23135277056,26,13778198528
1791661109.936,589.044,zebrad,128703573,113903054,14800519,1263448064,4379955200,388898816,860438528,3883884544,731103232,19,13778198528
1791661110.936,590.044,indexer,867318960,699504111,167814848,14290853888,14290853888,1501175808,12454805504,5053423616,23135277056,25,13775675392
1791661110.936,590.044,zebrad,128715320,113913947,14801373,1263710208,4379955200,388898816,860438528,3883888640,731103232,19,13775675392
1791661111.936,591.044,indexer,869908608,701753658,168154950,14225338368,14297403392,1512173568,12380487680,5063704576,23135277056,25,13766176768
1791661111.936,591.044,zebrad,128715371,113913991,14801379,1244311552,4379955200,388943872,841043968,3883888640,731103232,19,13766176768
1791661112.936,592.044,indexer,871833342,703363395,168469946,14245466112,14297403392,1522667520,12389998592,5073215488,23135277056,25,13740470272
1791661112.936,592.044,zebrad,128722915,113919700,14803215,1244311552,4379955200,388943872,841043968,3883888640,731103232,19,13740470272
1791661113.936,593.044,indexer,873253614,704466317,168787296,14264115200,14297403392,1533153280,12398157824,5081378816,23135281152,25,13730492416
1791661113.936,593.044,zebrad,128729850,113926635,14803215,1244307456,4379955200,388943872,841109504,3883888640,731103232,19,13730492416
1791661114.936,594.044,indexer,874875083,705714297,169160786,14284374016,14297403392,1543639040,12407832576,5091049472,23135281152,25,13719883776
1791661114.936,594.044,zebrad,128736552,113933336,14803215,1244303360,4379955200,388943872,841109504,3883888640,731103232,19,13719883776
1791661115.936,595.044,indexer,876600635,707058306,169542328,14305357824,14305402880,1554124800,12418510848,5101727744,23135281152,25,13713641472
1791661115.936,595.044,zebrad,128743298,113940082,14803215,1244303360,4379955200,388943872,841109504,3883888640,731103232,19,13713641472
1791661116.937,596.044,indexer,878366678,708439729,169926949,14222094336,14307979264,1566707712,12325371904,5112504320,23135281152,25,13705555968
1791661116.937,596.044,zebrad,128749710,113944869,14804841,1244303360,4379955200,388943872,841109504,3883888640,731103232,19,13705555968
1791661117.937,597.044,indexer,880125765,709841256,170284508,14243340288,14307979264,1577197568,12335804416,5122936832,23135281152,25,13700571136
1791661117.937,597.044,zebrad,128756552,113951711,14804841,1244303360,4379955200,388943872,841109504,3883888640,731103232,19,13700571136
1791661118.937,598.045,indexer,881700684,711068032,170632652,14263279616,14307979264,1587683328,12345380864,5132513280,23135281152,25,13688274944
1791661118.937,598.045,zebrad,128763028,113957383,14805644,1244303360,4379955200,388943872,841109504,3883888640,731103232,19,13688274944
1791661119.937,599.045,indexer,883351691,712351622,171000069,14283554816,14307979264,1598169088,12355411968,5142548480,23135281152,25,13679665152
1791661119.937,599.045,zebrad,128770338,113964545,14805792,1244123136,4379955200,388943872,841109504,3883888640,731103232,19,13679665152
1791661120.937,600.045,indexer,885087163,713728743,171358419,14306971648,14307979264,1610752000,12365811712,5152944128,23135281152,25,13667389440
1791661120.937,600.045,zebrad,128777030,113970156,14806873,1244385280,4379955200,388943872,841109504,3883888640,731103232,19,13667389440
1791661121.937,601.045,indexer,887007787,715245363,171762424,14244442112,14322610176,1623334912,12292071424,5164142592,23135281152,25,13658415104
1791661121.937,601.045,zebrad,128783767,113974030,14809736,1225244672,4379955200,388943872,821972992,3883888640,731103232,19,13658415104
1791661122.937,602.045,indexer,889126675,717042499,172084176,14088232960,14322610176,1457647616,12302000128,5174071296,23135281152,26,13807558656
1791661122.937,602.045,zebrad,128790485,113980748,14809736,1225244672,4379955200,388943872,821972992,3883888640,731103232,19,13807558656
1791661123.937,603.045,indexer,892118518,719693958,172424560,14297505792,14322610176,1492692992,12471947264,5220192256,23135281152,32,13753937920
1791661123.937,603.045,zebrad,128798362,113988625,14809736,1225244672,4379955200,388943872,821972992,3883888640,731103232,19,13753937920
1791661124.937,604.045,indexer,893550371,720887519,172662852,14280179712,14361444352,1534451712,12411158528,5268934656,23240851456,32,13715427328
1791661124.937,604.045,zebrad,128805397,113995661,14809736,1151836160,4379955200,388943872,748834816,3883888640,731103232,19,13715427328
1791661125.937,605.045,indexer,893987929,721266822,172721106,14289522688,14361444352,1541996544,12412862464,5270638592,23500890112,32,13705670656
1791661125.937,605.045,zebrad,128811740,113999896,14811844,1152098304,4379955200,388943872,748834816,3883888640,731172864,19,13705670656
1791661126.938,606.045,indexer,894484830,721673438,172811391,14298365952,14361444352,1548738560,12415176704,5272952832,23652069376,32,13704892416
1791661126.938,606.045,zebrad,128817456,114004528,14812928,1152094208,4379955200,388943872,748834816,3883888640,731172864,19,13704892416
1791661127.938,607.045,indexer,894836011,721861886,172974124,14358978560,14361444352,1549762560,12472893440,5273849856,23731707904,32,13706911744
1791661127.938,607.045,zebrad,128823622,114009673,14813948,1152094208,4379955200,388943872,748834816,3883888640,731172864,19,13706911744
1791661128.938,608.045,indexer,895795845,722714808,173081036,14362992640,14363009024,1552769024,12473901056,5274857472,23818895360,32,13703114752
1791661128.938,608.045,zebrad,128827065,114012063,14815002,1152094208,4379955200,388943872,748834816,3883888640,731172864,19,13703114752
1791661129.938,609.046,indexer,896502289,723328358,173173931,14365270016,14365331456,1553887232,12475154432,5276110848,23930978304,32,13704298496
1791661129.938,609.046,zebrad,128833133,114017122,14816011,1152086016,4379955200,388943872,748834816,3883888640,731172864,19,13704298496
1791661130.938,610.046,indexer,897205612,723866007,173339605,14375522304,14375526400,1560580096,12478709760,5279649792,24119943168,31,13705568256
1791661130.938,610.046,zebrad,128840000,114023004,14816996,1152086016,4379955200,388943872,748834816,3883888640,731172864,19,13705568256
1791661131.938,611.046,indexer,898690907,725011761,173679146,14395904000,14395973632,1572294656,12487106560,5288308736,24119943168,31,13692948480
1791661131.938,611.046,zebrad,128846707,114028858,14817848,1151819776,4379955200,388943872,748834816,3883888640,731172864,19,13692948480
1791661132.938,612.046,indexer,900254496,726231985,174022510,14335594496,14412423168,1585119232,12416188416,5297524736,24119943168,31,13684113408
1791661132.938,612.046,zebrad,128854029,114035374,14818655,1134252032,4379955200,388943872,731271168,3883888640,731172864,19,13684113408
1791661133.938,613.046,indexer,901977801,727577053,174400748,14359240704,14412423168,1598181376,12426665984,5308006400,24119943168,31,13662965760
1791661133.938,613.046,zebrad,128860542,114040169,14820372,1134247936,4379955200,388943872,731271168,3883888640,731172864,19,13662965760
1791661134.938,614.046,indexer,903892028,729065365,174826662,14385442816,14412423168,1613606912,12437950464,5319286784,24119943168,31,13636837376
1791661134.938,614.046,zebrad,128867294,114046921,14820372,1134510080,4379955200,388943872,731271168,3883888640,731172864,19,13636837376
1791661135.938,615.046,indexer,905775222,730547758,175227463,14408232960,14412423168,1625899008,12448608256,5329948672,24119943168,31,13622714368
1791661135.938,615.046,zebrad,128874470,114053997,14820473,1134510080,4379955200,388943872,731271168,3883888640,731172864,19,13622714368
1791661136.938,616.046,indexer,907563143,731985997,175577146,14342561792,14424338432,1639051264,12372193280,5340131328,24119943168,31,13626167296
1791661136.938,616.046,zebrad,128881856,114061226,14820630,1117204480,4379955200,388943872,713969664,3883888640,731172864,19,13626167296
1791661137.939,617.046,indexer,909447271,733447945,175999326,14370328576,14424338432,1655140352,12383551488,5351489536,24119943168,31,13603012608
1791661137.939,617.046,zebrad,128888719,114067992,14820726,1116938240,4379955200,388943872,713969664,3883888640,731172864,19,13603012608
1791661138.939,618.046,indexer,911198766,734808298,176390468,14395228160,14424338432,1669406720,12394008576,5361946624,24119943168,31,13596114944
1791661138.939,618.046,zebrad,128895761,114073024,14822736,1117200384,4379955200,388943872,713969664,3883888640,731172864,19,13596114944
1791661139.939,619.047,indexer,912824452,736076069,176748382,14416130048,14424338432,1680900096,12403417088,5371355136,24119943168,31,13584338944
1791661139.939,619.047,zebrad,128902807,114079953,14822853,1117442048,4379955200,388943872,713969664,3883888640,731172864,19,13584338944
1791661140.939,620.047,indexer,914562808,737454323,177108484,14439292928,14439297024,1694019584,12413353984,5381296128,24119943168,31,13568778240
1791661140.939,620.047,zebrad,128912809,114089955,14822853,1117433856,4379955200,388943872,713969664,3883888640,731172864,19,13568778240
1791661141.939,621.047,indexer,916267326,738818001,177449325,14371381248,14439448576,1705816064,12336095232,5390905344,24119943168,31,13543780352
1791661141.939,621.047,zebrad,128919607,114096668,14822938,1099915264,4379955200,388952064,696930304,3883888640,731172864,19,13543780352
1791661142.939,622.047,indexer,917789232,739973865,177815366,14392369152,14439448576,1717837824,12345122816,5399928832,24119943168,31,13541580800
1791661142.939,622.047,zebrad,128926165,114103226,14822938,1100177408,4379955200,388952064,696930304,3883888640,731172864,19,13541580800
1791661143.939,623.047,indexer,919303685,741152268,178151417,14411554816,14439448576,1728540672,12353658880,5408464896,24119943168,31,13541855232
1791661143.939,623.047,zebrad,128933056,114108526,14824530,1100169216,4379955200,388952064,696930304,3883888640,731172864,19,13541855232
1791661144.940,624.047,indexer,921401174,743021818,178379355,14252113920,14439448576,1560719360,12362194944,5417005056,24119943168,32,13702135808
1791661144.940,624.047,zebrad,128940262,114115480,14824781,1100419072,4379955200,388952064,696930304,3883888640,731172864,19,13702135808
1791661145.940,625.047,indexer,923786184,744999725,178786458,14349090816,14480392192,1580023808,12432375808,5426053120,24119943168,32,13696679936
1791661145.940,625.047,zebrad,128946858,114121894,14824963,1050607616,4379955200,388952064,647385088,3883888640,731172864,19,13696679936
1791661146.940,626.047,indexer,924509985,745487663,179022322,14324883456,14480392192,1583435776,12405141504,5428449280,24331055104,32,13697536000
1791661146.940,626.047,zebrad,128952935,114127972,14824963,1034612736,4379955200,388952064,631394304,3883888640,731172864,19,13697536000
1791661147.940,627.048,indexer,924878367,745763072,179115295,14329331712,14480392192,1586114560,12406702080,5430009856,24532373504,32,13692411904
1791661147.940,627.048,zebrad,128958751,114133033,14825718,1034612736,4379955200,388952064,631394304,3883888640,731172864,19,13692411904
1791661148.940,628.048,indexer,925523361,746275617,179247743,14336880640,14480392192,1590976512,12409769984,5433077760,24645537792,32,13685927936
1791661148.940,628.048,zebrad,128965489,114137680,14827808,1034346496,4379955200,388952064,631394304,3883888640,731172864,19,13685927936
1791661149.940,629.048,indexer,926450172,747078987,179371184,14393462784,14480392192,1591144448,12464345088,5433905152,24727740416,32,13684023296
1791661149.940,629.048,zebrad,128969086,114141095,14827991,1034346496,4379955200,388952064,631394304,3883888640,731172864,19,13684023296
1791661150.940,630.048,indexer,927168580,747674415,179494165,14397427712,14480392192,1593614336,12465778688,5435338752,24810381312,32,13678620672
1791661150.940,630.048,zebrad,128975594,114147200,14828393,1034608640,4379955200,388952064,631394304,3883888640,731172864,19,13678620672
1791661151.940,631.048,indexer,927578042,747953272,179624770,14400614400,14480392192,1594843136,12467556352,5437116416,24940818432,32,13678247936
1791661151.940,631.048,zebrad,128981538,114152807,14828730,1034604544,4379955200,388952064,631394304,3883888640,731172864,19,13678247936
1791661152.940,632.048,indexer,928299605,748494006,179805599,14409330688,14480392192,1599860736,12471365632,5440925696,25102168064,31,13672697856
1791661152.940,632.048,zebrad,128987848,114157965,14829882,1034600448,4379955200,388952064,631394304,3883888640,731172864,19,13672697856
1791661153.940,633.048,indexer,930150769,749969925,180180844,14434369536,14480392192,1614032896,12482318336,5451878400,25102168064,31,13654007808
1791661153.940,633.048,zebrad,128994448,114164499,14829948,1034366976,4379955200,388952064,631394304,3883888640,731172864,19,13654007808
1791661154.941,634.048,indexer,931980745,751377464,180603281,14459367424,14480392192,1629102080,12493385728,5462945792,25102168064,31,13631324160
1791661154.941,634.048,zebrad,129001380,114171431,14829948,1034362880,4379955200,388952064,631394304,3883888640,731172864,19,13631324160
1791661155.941,635.048,indexer,933745946,752750555,180995390,14482161664,14482165760,1640628224,12504002560,5473566720,25102168064,31,13619875840
1791661155.941,635.048,zebrad,129008056,114177155,14830901,1034092544,4379955200,388952064,631394304,3883888640,731172864,19,13619875840
1791661156.941,636.048,indexer,935637185,754262552,181374633,14508470272,14508470272,1656053760,12514996224,5484556288,25102168064,31,13605789696
1791661156.941,636.048,zebrad,129015219,114184187,14831032,1034616832,4379955200,388952064,631394304,3883888640,731172864,19,13605789696
1791661157.941,637.049,indexer,937462841,755684515,181778325,14442663936,14514499584,1669718016,12438097920,5495885824,25102168064,31,13596794880
1791661157.941,637.049,zebrad,129022001,114190969,14831032,1018892288,4379955200,388952064,615665664,3883888640,731172864,19,13596794880
1791661158.941,638.049,indexer,939018377,756932153,182086224,14464200704,14514499584,1682702336,12447580160,5505372160,25102168064,31,13582397440
1791661158.941,638.049,zebrad,129028588,114197556,14831032,1018888192,4379955200,388952064,615665664,3883888640,731172864,19,13582397440
1791661159.941,639.049,indexer,940653592,758227091,182426501,14487273472,14514499584,1695502336,12457537536,5515325440,25102168064,31,13571989504
1791661159.941,639.049,zebrad,129035529,114202693,14832835,1018884096,4379955200,388952064,615665664,3883888640,731172864,19,13571989504
1791661160.941,640.049,indexer,942385236,759569316,182815920,14511669248,14514499584,1709682688,12467834880,5525622784,25102168064,31,13556314112
1791661160.941,640.049,zebrad,129042884,114209895,14832988,1018626048,4379955200,388952064,615665664,3883888640,731172864,19,13556314112
1791661161.941,641.049,indexer,944007274,760815098,183192175,14533828608,14533828608,1721716736,12477677568,5535465472,25102168064,31,13548265472
1791661161.941,641.049,zebrad,129049652,114216462,14833189,1018884096,4379955200,388952064,615665664,3883888640,731172864,19,13548265472
1791661162.941,642.049,indexer,945636852,762106462,183530389,14471557120,14543450112,1736048640,12402442240,5545250816,25102168064,31,13536735232
1791661162.941,642.049,zebrad,129056774,114223585,14833189,1003413504,4379955200,388952064,600199168,3883888640,731172864,19,13536735232
1791661163.941,643.049,indexer,947428164,763490554,183937609,14496227328,14543450112,1749626880,12413349888,5556158464,25102168064,31,13522264064
1791661163.941,643.049,zebrad,129063263,114229236,14834026,1003413504,4379955200,388952064,600199168,3883888640,731172864,19,13522264064
1791661164.942,644.049,indexer,949266884,764966773,184300110,14348177408,14543450112,1591451648,12423512064,5566320640,25102168064,32,13663739904
1791661164.942,644.049,zebrad,129069495,114235213,14834281,1003413504,4379955200,388952064,600199168,3883888640,731172864,19,13663739904
1791661165.942,645.049,indexer,951767220,767179071,184588149,14369034240,14543450112,1602867200,12433428480,5576237056,25102168064,32,13653909504
1791661165.942,645.049,zebrad,129075867,114241546,14834321,1003171840,4379955200,388952064,600199168,3883888640,731172864,19,13653909504
1791661166.942,646.049,indexer,954212538,769133631,185078907,14554554368,14612705280,1610854400,12601135104,5584650240,25114550272,32,13644480512
1791661166.942,646.049,zebrad,129082525,114248204,14834321,943140864,4379955200,388952064,539906048,3883888640,731172864,19,13644480512
1791661167.942,647.050,indexer,954936619,769718368,185218251,14559436800,14612705280,1612234752,12604555264,5588070400,25374588928,32,13643165696
1791661167.942,647.050,zebrad,129088353,114252977,14835375,943136768,4379955200,388952064,539906048,3883888640,731172864,19,13643165696
1791661168.942,648.050,indexer,955297836,770016458,185281378,14562308096,14612705280,1613488128,12606152704,5589667840,25584300032,32,13643444224
1791661168.942,648.050,zebrad,129094509,114259002,14835506,942870528,4379955200,388952064,539906048,3883888640,731172864,19,13643444224
1791661169.942,649.050,indexer,955958163,770576567,185381596,14568546304,14612705280,1617145856,12609224704,5592739840,25686265856,32,13636849664
1791661169.942,649.050,zebrad,129101189,114264950,14836239,943132672,4379955200,388952064,539906048,3883888640,731172864,19,13636849664
1791661170.942,650.050,indexer,956923225,771421169,185502056,14571941888,14612705280,1617145856,12612485120,5593640960,25767870464,32,13634957312
1791661170.942,650.050,zebrad,129106305,114270066,14836239,942862336,4379955200,388952064,539906048,3883888640,731172864,19,13634957312
1791661171.942,651.050,indexer,957717246,772091254,185625991,14575886336,14612705280,1619243008,12614205440,5595361280,25852923904,32,13630795776
1791661171.942,651.050,zebrad,129113512,114277241,14836271,942862336,4379955200,388952064,539906048,3883888640,731172864,19,13630795776
1791661172.942,652.050,indexer,958076314,772362900,185713414,14577954816,14612705280,1619243008,12616364032,5597519872,25966596096,32,13631131648
1791661172.942,652.050,zebrad,129120371,114281995,14838375,943128576,4379955200,388952064,539906048,3883888640,731172864,19,13631131648
1791661173.942,653.050,indexer,959077029,773210563,185866466,14589386752,14612705280,1622392832,12624551936,5605707776,26099781632,31,13633003520
1791661173.942,653.050,zebrad,129127410,114289034,14838376,943128576,4379955200,388952064,539906048,3883888640,731172864,19,13633003520
1791661174.943,654.050,indexer,960818903,774697307,186121596,14606729216,14612705280,1629167616,12634464256,5615861760,26099781632,31,13623418880
1791661174.943,654.050,zebrad,129134500,114295228,14839272,943128576,4379955200,388952064,539906048,3883888640,731172864,19,13623418880
1791661175.943,655.050,indexer,962542985,776190669,186352316,14538252288,14612705280,1637072896,12560924672,5625487360,26099781632,31,13633441792
1791661175.943,655.050,zebrad,129141010,114301738,14839272,928710656,4379955200,388952064,525488128,3883888640,731172864,19,13633441792
1791661176.943,656.050,indexer,964262135,777698991,186563143,14552510464,14612705280,1642070016,12570365952,5634928640,26099785728,31,13625008128
1791661176.943,656.050,zebrad,129148161,114308161,14839999,928444416,4379955200,388952064,525488128,3883888640,731172864,19,13625008128
1791661177.943,657.051,indexer,966091984,779306538,186785445,14570033152,14612705280,1648926720,12580634624,5645201408,26099785728,31,13617266688
1791661177.943,657.051,zebrad,129154821,114314633,14840188,928706560,4379955200,388952064,525488128,3883888640,731172864,19,13617266688
1791661178.943,658.051,indexer,967946371,780951769,186994602,14590320640,14612705280,1658728448,12591218688,5655785472,26099785728,31,13606289408
1791661178.943,658.051,zebrad,129161088,114320641,14840446,928440320,4379955200,388952064,525488128,3883888640,731172864,19,13606289408
1791661179.943,659.051,indexer,969601872,782399890,187201981,14605565952,14612705280,1664720896,12600332288,5664894976,26099785728,31,13601878016
1791661179.943,659.051,zebrad,129168046,114327599,14840446,928440320,4379955200,388952064,525488128,3883888640,731172864,19,13601878016
1791661180.943,660.051,indexer,971085117,783657045,187428071,14618234880,14618259456,1669787648,12607991808,5672554496,26099785728,31,13596442624
1791661180.943,660.051,zebrad,129174533,114334086,14840446,928440320,4379955200,388952064,525488128,3883888640,731172864,19,13596442624
1791661181.943,661.051,indexer,972576709,784974570,187602138,14630535168,14630555648,1674772480,12615569408,5680132096,26099785728,31,13591781376
1791661181.943,661.051,zebrad,129181459,114340979,14840480,928440320,4379955200,388952064,525488128,3883888640,731172864,19,13591781376
1791661182.943,662.051,indexer,974136359,786336835,187799523,14537588736,14644359168,1680318464,12519792640,5688393728,26099785728,31,13589700608
1791661182.943,662.051,zebrad,129187739,114345106,14842633,928440320,4379955200,388952064,525488128,3883888640,731172864,19,13589700608
1791661183.943,663.051,indexer,975776289,787753010,188023278,14553853952,14644359168,1687461888,12528812032,5697413120,26099785728,31,13579882496
1791661183.943,663.051,zebrad,129194335,114351637,14842698,928440320,4379955200,388952064,525488128,3883888640,731172864,19,13579882496
1791661184.943,664.051,indexer,977445037,789220407,188224629,14569619456,14644359168,1693753344,12538249216,5706850304,26099785728,31,13579886592
1791661184.943,664.051,zebrad,129201164,114358373,14842791,928440320,4379955200,388952064,525488128,3883888640,731172864,19,13579886592
1791661185.944,665.051,indexer,979094132,790638971,188455160,14585286656,14644359168,1700044800,12547891200,5716492288,26099785728,31,13571280896
1791661185.944,665.051,zebrad,129208030,114364254,14843776,928178176,4379955200,388952064,525488128,3883888640,731172864,19,13571280896
1791661186.944,666.051,indexer,980631270,791946891,188684379,14603104256,14644359168,1708982272,12556533760,5725134848,26099785728,31,13562945536
1791661186.944,666.051,zebrad,129214527,114369150,14845377,928440320,4379955200,388952064,525488128,3883888640,731172864,19,13562945536
1791661187.944,667.051,indexer,982185810,793257774,188928035,14619127808,14644359168,1716072448,12565184512,5733785600,26099785728,31,13555105792
1791661187.944,667.051,zebrad,129220983,114374436,14846546,928444416,4379955200,388952064,525488128,3883888640,731172864,19,13555105792
1791661188.944,668.052,indexer,983773105,794574674,189198430,14634381312,14644359168,1722646528,12574056448,5742657536,26099785728,31,13547200512
1791661188.944,668.052,zebrad,129227492,114378997,14848495,928444416,4379955200,388952064,525488128,3883888640,731172864,19,13547200512
1791661189.944,669.052,indexer,985382220,795929398,189452821,14561611776,14648152064,1732493312,12493582336,5752066048,26099785728,31,13540392960
1791661189.944,669.052,zebrad,129234336,114385747,14848589,914550784,4379955200,388952064,511332352,3883888640,731172864,19,13540392960
1791661190.944,670.052,indexer,987036747,797328649,189708098,14578704384,14648152064,1740185600,12503003136,5761486848,26099785728,31,13532262400
1791661190.944,670.052,zebrad,129240889,114391119,14849769,914550784,4379955200,388952064,511332352,3883888640,731172864,19,13532262400
1791661191.944,671.052,indexer,988804624,798798774,190005850,14605168640,14648152064,1756422144,12513259520,5771743232,26099785728,31,13512355840
1791661191.944,671.052,zebrad,129246879,114396225,14850654,914550784,4379955200,388952064,511332352,3883888640,731172864,19,13512355840
1791661192.944,672.052,indexer,990640906,800326533,190314372,14626947072,14648152064,1767276544,12523905024,5782388736,26099785728,31,13502623744
1791661192.944,672.052,zebrad,129253490,114401880,14851610,914292736,4379955200,388952064,511332352,3883888640,731172864,19,13502623744
1791661193.944,673.052,indexer,992218788,801672138,190546649,14643507200,14648152064,1775181824,12532801536,5791293440,26099785728,31,13497200640
1791661193.944,673.052,zebrad,129259983,114407200,14852783,914284544,4379955200,388952064,511332352,3883888640,731172864,19,13497200640
1791661194.944,674.052,indexer,994429952,803650641,190779311,14485872640,14648152064,1608216576,12542218240,5800701952,26099785728,32,13646024704
1791661194.944,674.052,zebrad,129266715,114413850,14852864,914546688,4379955200,388952064,511332352,3883888640,731172864,19,13646024704
1791661195.945,675.052,indexer,996918400,805853458,191064941,14603620352,14653456384,1621729280,12641447936,5809917952,26099785728,32,13641908224
1791661195.945,675.052,zebrad,129273560,114420370,14853189,900390912,4379955200,388952064,497438720,3883888640,731172864,19,13641908224
1791661196.945,676.052,indexer,998199720,806792816,191406904,14384541696,14653456384,1625522176,12419223552,5814202368,26266669056,32,13639831552
1791661196.945,676.052,zebrad,129280266,114425220,14855045,868093952,4379955200,388952064,464879616,3883888640,731172864,19,13639831552
1791661197.945,677.052,indexer,998708872,807215726,191493146,14389284864,14653456384,1627619328,12421541888,5816520704,26459598848,32,13635645440
1791661197.945,677.052,zebrad,129286056,114429376,14856680,868085760,4379955200,388952064,464879616,3883888640,731172864,19,13635645440
1791661198.945,678.053,indexer,999367434,807766873,191600560,14394507264,14653456384,1629716480,12424712192,5819691008,26640941056,32,13629595648
1791661198.945,678.053,zebrad,129292589,114435908,14856680,868081664,4379955200,388952064,464879616,3883888640,731172864,19,13629595648
1791661199.945,679.053,indexer,999711167,808016688,191694478,14441242624,14653456384,1631813632,12467961856,5820719104,26720694272,32,13628485632
1791661199.945,679.053,zebrad,129298823,114441286,14857536,868073472,4379955200,388952064,464879616,3883888640,731172864,19,13628485632
1791661200.945,680.053,indexer,1000039947,808270839,191769107,14442336256,14653456384,1631813632,12469190656,5821947904,26803851264,32,13627346944
1791661200.945,680.053,zebrad,129307220,114448753,14858467,867823616,4379955200,388952064,464879616,3883888640,731172864,19,13627346944
1791661201.945,681.053,indexer,1000462827,808600322,191862505,14446080000,14653456384,1633910784,12470947840,5823705088,26896412672,32,13624176640
1791661201.945,681.053,zebrad,129313789,114453366,14860422,867815424,4379955200,388976640,464879616,3883888640,731172864,19,13624176640
1791661202.945,682.053,indexer,1000896108,808932762,191963346,14448570368,14653456384,1633910784,12473241600,5825998848,27068727296,32,13623132160
1791661202.945,682.053,zebrad,129319677,114459155,14860522,868077568,4379955200,388976640,464879616,3883888640,731172864,19,13623132160
1791661203.945,683.053,indexer,1002634962,810494250,192140711,14459744256,14653456384,1639157760,12478869504,5831626752,27136282624,31,13621927936
1791661203.945,683.053,zebrad,129319677,114459155,14860522,868077568,4379955200,388976640,464879616,3883888640,731172864,19,13621927936
1791661204.945,684.053,indexer,1004808376,812419352,192389024,14476914688,14653456384,1647546368,12487905280,5840662528,27136282624,31,13614059520
1791661204.945,684.053,zebrad,129323157,114462581,14860575,868077568,4379955200,388976640,464879616,3883888640,731172864,19,13614059520
1791661205.946,685.053,indexer,1006492138,813866082,192626056,14492409856,14653456384,1653837824,12497342464,5850099712,27136282624,31,13610057728
1791661205.946,685.053,zebrad,129329823,114469058,14860764,868073472,4379955200,388976640,464879616,3883888640,731172864,19,13610057728
1791661206.946,686.053,indexer,1008239915,815361414,192878501,14508896256,14653456384,1662226432,12507242496,5859999744,27136282624,31,13586100224
1791661206.946,686.053,zebrad,129336575,114475068,14861506,868073472,4379955200,388976640,464879616,3883888640,731172864,19,13586100224
1791661207.946,687.053,indexer,1010101349,816960513,193140836,14528163840,14653456384,1671405568,12517457920,5870215168,27136282624,31,13577744384
1791661207.946,687.053,zebrad,129343415,114480696,14862719,868085760,4379955200,388976640,464879616,3883888640,731172864,19,13577744384
1791661208.946,688.054,indexer,1011842152,818437130,193405022,14546604032,14653456384,1679794176,12527190016,5879947264,27136282624,31,13576785920
1791661208.946,688.054,zebrad,129350305,114485477,14864827,868077568,4379955200,388976640,464879616,3883888640,731172864,19,13576785920
1791661209.946,689.054,indexer,1013410367,819741502,193668864,14561153024,14653456384,1686085632,12535664640,5888421888,27136282624,31,13570215936
1791661209.946,689.054,zebrad,129357206,114491158,14866047,868073472,4379955200,388976640,464879616,3883888640,731172864,19,13570215936
1791661210.946,690.054,indexer,1014959515,821036034,193923481,14577541120,14653456384,1694576640,12543897600,5896658944,27136282624,31,13565935616
1791661210.946,690.054,zebrad,129364175,114498127,14866047,868073472,4379955200,388976640,464879616,3883888640,731172864,19,13565935616
1791661211.946,691.054,indexer,1016747634,822517940,194229693,14597132288,14653456384,1702965248,12554596352,5907353600,27136282624,31,13551575040
1791661211.946,691.054,zebrad,129370789,114504565,14866223,868073472,4379955200,388976640,464879616,3883888640,731172864,19,13551575040
1791661212.946,692.054,indexer,1018550720,823959698,194591021,14620360704,14653456384,1715548160,12565495808,5918253056,27136282624,31,13531955200
1791661212.946,692.054,zebrad,129377066,114510582,14866483,868073472,4379955200,388976640,464879616,3883888640,731172864,19,13531955200
1791661213.946,693.054,indexer,1020118807,825265800,194853007,14636736512,14653456384,1722843136,12574281728,5927038976,27136282624,31,13529690112
1791661213.946,693.054,zebrad,129383770,114515431,14868339,868073472,4379955200,388976640,464879616,3883888640,731172864,19,13529690112
1791661214.946,694.054,indexer,1021716100,826593768,195122331,14652833792,14653456384,1730637824,12582481920,5935239168,27136282624,31,13526654976
1791661214.946,694.054,zebrad,129392709,114524266,14868443,868073472,4379955200,388976640,464879616,3883888640,731172864,19,13526654976
1791661215.946,695.054,indexer,1023418495,827968188,195450306,14671331328,14671335424,1739595776,12591927296,5944684544,27136282624,31,13519052800
1791661215.946,695.054,zebrad,129399713,114531157,14868555,867811328,4379955200,388976640,464879616,3883888640,731172864,19,13519052800
1791661216.947,696.054,indexer,1025122860,829378054,195744805,14690443264,14690459648,1748987904,12601675776,5954433024,27136282624,31,13508325376
1791661216.947,696.054,zebrad,129406458,114537902,14868555,867811328,4379955200,388976640,464879616,3883888640,731172864,19,13508325376
1791661217.947,697.054,indexer,1026954305,830889930,196064374,14619193344,14710722560,1759539200,12521369600,5964836864,27136282624,31,13497380864
1791661217.947,697.054,zebrad,129412776,114544219,14868556,854441984,4379955200,388976640,451510272,3883888640,731172864,19,13497380864
1791661218.947,698.054,indexer,1028777613,832412700,196364912,14640214016,14710722560,1769988096,12532076544,5975543808,27136282624,31,13483528192
1791661218.947,698.054,zebrad,129419232,114550510,14868721,854441984,4379955200,388976640,451510272,3883888640,731172864,19,13483528192
1791661219.947,699.055,indexer,1030445063,833808731,196636332,14658236416,14710722560,1778753536,12541599744,5985067008,27136282624,31,13475512320
1791661219.947,699.055,zebrad,129425490,114556280,14869209,854441984,4379955200,388976640,451510272,3883888640,731172864,19,13475512320
1791661220.947,700.055,indexer,1032554138,835716497,196837640,14497787904,14710722560,1610776576,12549214208,5992681472,27136282624,32,13642080256
1791661220.947,700.055,zebrad,129431562,114562346,14869215,854441984,4379955200,388976640,451510272,3883888640,731172864,19,13642080256
1791661221.947,701.055,indexer,1034964770,837843255,197121514,14675755008,14710722560,1622196224,12711006208,6000635904,27136282624,32,13635244032
1791661221.947,701.055,zebrad,129438446,114569231,14869215,854441984,4379955200,388976640,451510272,3883888640,731172864,19,13635244032
1791661222.947,702.055,indexer,1036359532,838870827,197488705,14651322368,14733680640,1629732864,12675076096,6005407744,27299799040,32,13635932160
1791661222.947,702.055,zebrad,129444462,114574722,14869740,815738880,4379955200,388976640,412807168,3883888640,731172864,19,13635932160
1791661223.947,703.055,indexer,1037181405,839558097,197623308,14658977792,14733680640,1633214464,12679147520,6009479168,27484340224,32,13625012224
1791661223.947,703.055,zebrad,129450536,114580675,14869861,815738880,4379955200,388976640,412807168,3883888640,731172864,19,13625012224
1791661224.947,704.055,indexer,1037786108,840049671,197736436,14663860224,14733680640,1635557376,12681928704,6012260352,27666386944,32,13621313536
1791661224.947,704.055,zebrad,129456546,114585567,14870978,815738880,4379955200,388976640,412807168,3883888640,731172864,19,13621313536
1791661225.947,705.055,indexer,1038109272,840273943,197835328,14678511616,14733680640,1636290560,12695142400,6013116416,27745636352,32,13624385536
1791661225.947,705.055,zebrad,129462408,114591332,14871075,814718976,4379955200,388976640,412041216,3883888640,731172864,19,13624385536
1791661226.947,706.055,indexer,1038402973,840491606,197911367,14680690688,14733680640,1637527552,12696166400,6014140416,27829948416,32,13623648256
1791661226.947,706.055,zebrad,129468112,114595838,14872273,814718976,4379955200,388976640,412041216,3883888640,731172864,19,13623648256
1791661227.948,707.055,indexer,1038779587,840777287,198002299,14683213824,14733680640,1638731776,12697657344,6015631360,27924156416,32,13623115776
1791661227.948,707.055,zebrad,129474094,114600937,14873157,814718976,4379955200,388976640,412041216,3883888640,731172864,19,13623115776
1791661228.948,708.055,indexer,1039118346,841033882,198084463,14685609984,14733680640,1639825408,12698980352,6016954368,28073115648,32,13621436416
1791661228.948,708.055,zebrad,129479743,114606398,14873344,814977024,4379955200,388976640,412041216,3883888640,731172864,19,13621436416
1791661229.948,709.055,indexer,1040754437,842440025,198314411,14698270720,14733680640,1645518848,12705865728,6023839744,28156821504,31,13616656384
1791661229.948,709.055,zebrad,129485988,114610610,14875378,814972928,4379955200,388976640,412041216,3883888640,731172864,19,13616656384
1791661230.948,710.056,indexer,1043230395,844644772,198585622,14717313024,14733680640,1654751232,12715540480,6033514496,28156821504,31,13606408192
1791661230.948,710.056,zebrad,129492263,114616855,14875407,814972928,4379955200,388976640,412041216,3883888640,731172864,19,13606408192
1791661231.948,711.056,indexer,1044916412,845992808,198923603,14736240640,14736293888,1664106496,12725207040,6043185152,28156821504,31,13596889088
1791661231.948,711.056,zebrad,129498593,114623186,14875407,814972928,4379955200,388976640,412041216,3883888640,731172864,19,13596889088
1791661232.948,712.056,indexer,1046466167,847223021,199243145,14753751040,14753812480,1672798208,12734234624,6052208640,28156821504,31,13588606976
1791661232.948,712.056,zebrad,129505623,114630216,14875407,814972928,4379955200,388993024,412041216,3883888640,731172864,19,13588606976
1791661233.948,713.056,indexer,1047971937,848450298,199521638,14771437568,14771437568,1681186816,12742967296,6060945408,28156821504,31,13579886592
1791661233.948,713.056,zebrad,129512067,114636660,14875407,814972928,4379955200,388993024,412041216,3883888640,731172864,19,13579886592
1791661234.948,714.056,indexer,1049459188,849627757,199831431,14693277696,14775779328,1689116672,12659490816,6069231616,28156821504,31,13571612672
1791661234.948,714.056,zebrad,129518491,114643084,14875407,802652160,4379955200,388993024,399720448,3883888640,731172864,19,13571612672
1791661235.948,715.056,indexer,1050948086,850803286,200144799,14710243328,14775779328,1697505280,12667764736,6077505536,28156821504,31,13562585088
1791661235.948,715.056,zebrad,129525208,114649049,14876158,802652160,4379955200,388993024,399720448,3883888640,731172864,19,13562585088
1791661236.948,716.056,indexer,1052537301,852115055,200422245,14727217152,14775779328,1705893888,12676558848,6086299648,28156821504,31,13554225152
1791661236.948,716.056,zebrad,129531805,114655647,14876158,802652160,4379955200,388993024,399720448,3883888640,731172864,19,13554225152
1791661237.948,717.056,indexer,1054280761,853526575,200754186,14746890240,14775779328,1715302400,12686626816,6096371712,28156821504,31,13542359040
1791661237.948,717.056,zebrad,129539053,114662895,14876158,802652160,4379955200,388993024,399720448,3883888640,731172864,19,13542359040
1791661238.949,718.056,indexer,1056040351,854970650,201069700,14768271360,14775779328,1724526592,12698943488,6108684288,28156821504,31,13532303360
1791661238.949,718.056,zebrad,129545858,114668746,14877112,802652160,4379955200,388993024,399720448,3883888640,731172864,19,13532303360
1791661239.949,719.056,indexer,1057756880,856428630,201328249,14695968768,14781050880,1733156864,12620386304,6122151936,28156821504,31,13524869120
1791661239.949,719.056,zebrad,129552660,114673681,14878979,790593536,4379955200,388993024,387661824,3883888640,731172864,19,13524869120
1791661240.949,720.056,indexer,1059334516,857723057,201611459,14715727872,14781050880,1740791808,12632678400,6134444032,28156821504,31,13517213696
1791661240.949,720.056,zebrad,129559060,114680081,14878979,790593536,4379955200,388993024,387661824,3883888640,731172864,19,13517213696
1791661241.949,721.057,indexer,1060709295,858882028,201827267,14734032896,14781050880,1747185664,12644421632,6146187264,28156821504,31,13510451200
1791661241.949,721.057,zebrad,129565436,114685599,14879836,790593536,4379955200,388993024,387661824,3883888640,731172864,19,13510451200
1791661242.949,722.057,indexer,1062233733,860134789,202098943,14752264192,14781050880,1755385856,12654403584,6156169216,28156821504,31,13501693952
1791661242.949,722.057,zebrad,129572200,114692279,14879921,790564864,4379955200,388993024,387661824,3883888640,731172864,19,13501693952
1791661243.949,723.057,indexer,1063920846,861500441,202420404,14772355072,14781050880,1764798464,12664836096,6166601728,28156821504,31,13492133888
1791661243.949,723.057,zebrad,129579414,114699357,14880057,790564864,4379955200,388993024,387661824,3883888640,731172864,19,13492133888
1791661244.949,724.057,indexer,1065519151,862804074,202715077,14792122368,14792151040,1772728320,12677013504,6178779136,28156821504,31,13483012096
1791661244.949,724.057,zebrad,129586482,114706425,14880057,790827008,4379955200,388993024,387661824,3883888640,731172864,19,13483012096
1791661245.949,725.057,indexer,1067219754,864201262,203018492,14720569344,14794391552,1781227520,12598075392,6192082944,28156821504,31,13476954112
1791661245.949,725.057,zebrad,129593329,114713271,14880057,779030528,4379955200,388993024,375865344,3883888640,731172864,19,13476954112
1791661246.949,726.057,indexer,1069051483,865772296,203279187,14568235008,14794391552,1616891904,12610244608,6204252160,28156821504,32,13630832640
1791661246.949,726.057,zebrad,129599799,114719741,14880057,779030528,4379955200,388993024,375865344,3883888640,731172864,19,13630832640
1791661247.949,727.057,indexer,1071384185,867894449,203489736,14589005824,14794391552,1626210304,12621807616,6215815168,28156821504,32,13622734848
1791661247.949,727.057,zebrad,129606997,114724993,14882004,778805248,4379955200,388993024,375865344,3883888640,731172864,19,13622734848
1791661248.949,728.057,indexer,1073510396,869552576,203957820,14702624768,14804770816,1630867456,12722765824,6226726912,28204748800,32,13628289024
1791661248.949,728.057,zebrad,129613453,114730395,14883058,743579648,4379955200,388993024,340377600,3883888640,731172864,19,13628289024
1791661249.950,729.057,indexer,1073892771,869879380,204013390,14707834880,14804770816,1634197504,12725047296,6229008384,28448010240,32,13622611968
1791661249.950,729.057,zebrad,129619424,114736256,14883167,743575552,4379955200,388993024,340377600,3883888640,731172864,19,13622611968
1791661250.950,730.057,indexer,1074498004,870384426,204113577,14714105856,14804770816,1636294656,12729266176,6233227264,28619165696,32,13622706176
1791661250.950,730.057,zebrad,129626446,114741271,14885174,743571456,4379955200,388993024,340377600,3883888640,731172864,19,13622706176
1791661251.950,731.057,indexer,1074851665,870689678,204161986,14716440576,14804770816,1636294656,12731285504,6235246592,28721954816,32,13621075968
1791661251.950,731.057,zebrad,129632025,114746013,14886012,743571456,4379955200,388993024,340377600,3883888640,731172864,19,13621075968
1791661252.950,732.058,indexer,1075199231,870903883,204295347,14745673728,14804770816,1638391808,12757561344,6236327936,28804542464,32,13616082944
1791661252.950,732.058,zebrad,129638564,114751488,14887075,743563264,4379955200,388993024,340377600,3883888640,731172864,19,13616082944
1791661253.950,733.058,indexer,1076155182,871786231,204368950,14746959872,14804770816,1638391808,12758859776,6237626368,28890726400,32,13616680960
1791661253.950,733.058,zebrad,129639201,114752125,14887075,743563264,4379955200,388993024,340377600,3883888640,731172864,19,13616680960
1791661254.950,734.058,indexer,1076925380,872454616,204470763,14748520448,14804770816,1638391808,12760375296,6239141888,28983914496,32,13616533504
1791661254.950,734.058,zebrad,129645632,114757432,14888199,743563264,4379955200,388993024,340377600,3883888640,731172864,19,13616533504
1791661255.950,735.058,indexer,1077449343,872847068,204602275,14753460224,14804770816,1640488960,12763324416,6242091008,29175848960,31,13613219840
1791661255.950,735.058,zebrad,129652257,114763873,14888384,743047168,4379955200,388993024,340377600,3883888640,731172864,19,13613219840
1791661256.950,736.058,indexer,1079035578,874184739,204850839,14772637696,14804770816,1647833088,12775038976,6253805568,29175848960,31,13609795584
1791661256.950,736.058,zebrad,129659222,114769611,14889611,743567360,4379955200,388993024,340377600,3883888640,731172864,19,13609795584
1791661257.950,737.058,indexer,1080500687,875421606,205079081,14789836800,14804770816,1654124544,12786196480,6264963072,29175848960,31,13600489472
1791661257.950,737.058,zebrad,129665888,114776203,14889684,743301120,4379955200,388993024,340377600,3883888640,731172864,19,13600489472
1791661258.950,738.058,indexer,1081874416,876558126,205316289,14808100864,14808137728,1661247488,12796493824,6275944448,29175853056,31,13595701248
1791661258.950,738.058,zebrad,129672354,114782669,14889684,743563264,4379955200,388993024,340377600,3883888640,731172864,19,13595701248
1791661259.951,739.058,indexer,1083000563,877490019,205510544,14821847040,14821847040,1665441792,12806279168,6285045760,29175853056,31,13590818816
1791661259.951,739.058,zebrad,129678506,114788098,14890408,743559168,4379955200,388993024,340377600,3883888640,731172864,19,13590818816
1791661260.951,740.058,indexer,1084513835,878746139,205767695,14840819712,14840819712,1671733248,12819009536,6298034176,29175853056,31,13582471168
1791661260.951,740.058,zebrad,129688159,114797565,14890594,743559168,4379955200,388997120,340377600,3883888640,731172864,19,13582471168
1791661261.951,741.058,indexer,1086049214,880010448,206038765,14765568000,14846550016,1678544896,12739743744,6311133184,29175853056,31,13575884800
1791661261.951,741.058,zebrad,129694221,114802503,14891718,732286976,4379955200,388997120,329105408,3883888640,731172864,19,13575884800
1791661262.951,742.059,indexer,1087568830,881275469,206293360,14783922176,14846550016,1684836352,12751761408,6323150848,29175853056,31,13567741952
1791661262.951,742.059,zebrad,129700499,114808752,14891747,732282880,4379955200,388997120,329105408,3883888640,731172864,19,13567741952
1791661263.951,743.059,indexer,1088918066,882372192,206545874,14800588800,14846550016,1691127808,12762165248,6333554688,29175853056,31,13567963136
1791661263.951,743.059,zebrad,129707176,114814350,14892826,732016640,4379955200,388997120,329105408,3883888640,731172864,19,13567963136
1791661264.951,744.059,indexer,1090321974,883519786,206802188,14817652736,14846550016,1697419264,12773568512,6344957952,29175853056,31,13546016768
1791661264.951,744.059,zebrad,129714029,114818210,14895818,732274688,4379955200,388997120,329105408,3883888640,731172864,19,13546016768
1791661265.951,745.059,indexer,1091803068,884750816,207052252,14836060160,14846550016,1703710720,12785778688,6357168128,29175853056,31,13545857024
1791661265.951,745.059,zebrad,129721170,114825339,14895831,732274688,4379955200,388997120,329105408,3883888640,731172864,19,13545857024
1791661266.951,746.059,indexer,1093286212,885968064,207318148,14759067648,14853988352,1710002176,12704755712,6369316864,29175853056,31,13544849408
1791661266.951,746.059,zebrad,129727871,114830184,14897686,721526784,4379955200,388997120,318357504,3883888640,731172864,19,13544849408
1791661267.951,747.059,indexer,1094800275,887214251,207586023,14779568128,14853988352,1718394880,12717096960,6381658112,29175853056,31,13534576640
1791661267.951,747.059,zebrad,129733979,114836168,14897811,721522688,4379955200,388997120,318357504,3883888640,731172864,19,13534576640
1791661268.951,748.059,indexer,1096434989,888561762,207873227,14798716928,14853988352,1724686336,12730183680,6394744832,29175853056,31,13520875520
1791661268.951,748.059,zebrad,129740519,114841760,14898759,721252352,4379955200,388997120,318357504,3883888640,731172864,19,13520875520
1791661269.951,749.059,indexer,1098117217,889961914,208155302,14821576704,14853988352,1733079040,12744400896,6408962048,29175853056,31,13523722240
1791661269.951,749.059,zebrad,129747539,114848779,14898759,721514496,4379955200,388997120,318357504,3883888640,731172864,19,13523722240
1791661270.952,750.059,indexer,1099701115,891282491,208418623,14843863040,14853988352,1741467648,12758605824,6423166976,29175853056,31,13515255808
1791661270.952,750.059,zebrad,129754732,114855972,14898759,721514496,4379955200,388997120,318357504,3883888640,731172864,19,13515255808
1791661271.952,751.059,indexer,1101235014,892603858,208631156,14866305024,14866305024,1747759104,12774318080,6438883328,29175853056,31,13511725056
1791661271.952,751.059,zebrad,129761473,114861413,14900060,721256448,4379955200,388997120,318357504,3883888640,731172864,19,13511725056
1791661272.952,752.059,indexer,1102723286,893885932,208837354,14791442432,14875725824,1751953408,12696506368,6454038528,29175853056,31,13511405568
1791661272.952,752.059,zebrad,129767877,114867773,14900104,710246400,4379955200,388997120,307347456,3883888640,731172864,19,13511405568
1791661273.952,753.060,indexer,1104198419,895140621,209057798,14813257728,14875725824,1758244864,12712431616,6469963776,29175853056,31,13503877120
1791661273.952,753.060,zebrad,129774337,114873063,14901273,710246400,4379955200,388997120,307347456,3883888640,731172864,19,13503877120
1791661274.952,754.060,indexer,1105729645,896448655,209280989,14835023872,14875725824,1764536320,12727644160,6485180416,29175853056,31,13498626048
1791661274.952,754.060,zebrad,129781493,114879431,14902061,710246400,4379955200,388997120,307347456,3883888640,731172864,19,13498626048
1791661275.952,755.060,indexer,1107332525,897824211,209508314,14855827456,14875725824,1770827776,12742217728,6499749888,29175853056,31,13495083008
1791661275.952,755.060,zebrad,129788741,114885881,14902860,710000640,4379955200,388997120,307347456,3883888640,731172864,19,13495083008
1791661276.952,756.060,indexer,1108820156,899094826,209725329,14874050560,14875725824,1775022080,12756082688,6513614848,29175853056,31,13486956544
1791661276.952,756.060,zebrad,129795576,114891503,14904072,710516736,4379955200,388997120,307347456,3883888640,731172864,19,13486956544
1791661277.952,757.060,indexer,1110159543,900218935,209940607,14787878912,14886412288,1779400704,12665372672,6526824448,29175853056,31,13483962368
1791661277.952,757.060,zebrad,129802028,114897906,14904121,710762496,4379955200,388997120,307347456,3883888640,731172864,19,13483962368
1791661278.952,758.060,indexer,1111595690,901357661,210238029,14804692992,14886412288,1787330560,12674695168,6536146944,29175853056,31,13476438016
1791661278.952,758.060,zebrad,129808843,114902737,14906105,710754304,4379955200,388997120,307347456,3883888640,731172864,19,13476438016
1791661279.952,759.060,indexer,1113867692,903363745,210503946,14654898176,14886412288,1627045888,12685012992,6546464768,29175853056,32,13628862464
1791661279.952,759.060,zebrad,129815116,114908751,14906364,710754304,4379955200,388997120,307347456,3883888640,731172864,19,13628862464
1791661280.953,760.060,indexer,1116214266,905280752,210933513,14659907584,14886412288,1637261312,12678451200,6555516928,29175853056,32,13634519040
1791661280.953,760.060,zebrad,129821982,114915618,14906364,689258496,4379955200,388997120,285851648,3883888640,731172864,19,13634519040
1791661281.953,761.060,indexer,1117086923,905897664,211189258,14813757440,14886412288,1641455616,12823797760,6559215616,29372796928,32,13626630144
1791661281.953,761.060,zebrad,129827974,114920512,14907461,689246208,4379955200,388997120,285851648,3883888640,731172864,19,13626630144
1791661282.953,762.060,indexer,1117805082,906442275,211362806,14822412288,14886412288,1645649920,12827754496,6563172352,29607665664,32,13618130944
1791661282.953,762.060,zebrad,129834255,114926533,14907721,689246208,4379955200,388997120,285851648,3883888640,731172864,19,13618130944
1791661283.953,763.061,indexer,1118290063,906814203,211475859,14828011520,14886412288,1648799744,12830085120,6565502976,29713199104,32,13614899200
1791661283.953,763.061,zebrad,129840055,114932129,14907926,689238016,4379955200,388997120,285851648,3883888640,731172864,19,13614899200
1791661284.953,764.061,indexer,1118663200,907034884,211628316,14799650816,14887677952,1650020352,12800499712,6566563840,29795164160,32,13616553984
1791661284.953,764.061,zebrad,129845782,114937856,14907926,678051840,4379955200,388997120,275202048,3883888640,731172864,19,13616553984
1791661285.953,765.061,indexer,1119031604,907295499,211736104,14801956864,14887677952,1650974720,12802011136,6568075264,29877424128,32,13615570944
1791661285.953,765.061,zebrad,129851733,114943734,14907998,678309888,4379955200,388997120,275202048,3883888640,731172864,19,13615570944
1791661286.953,766.061,indexer,1119378002,907518363,211859639,14801137664,14887677952,1652461568,12799688704,6569426944,29971955712,32,13620514816
1791661286.953,766.061,zebrad,129857771,114949540,14908230,678412288,4379955200,388997120,275202048,3883888640,731172864,19,13620514816
1791661287.953,767.061,indexer,1119778296,907800737,211977559,14804832256,14887677952,1654382592,12801425408,6571163648,30132895744,32,13616705536
1791661287.953,767.061,zebrad,129863688,114954466,14909222,678412288,4379955200,388997120,275042304,3883888640,731172864,19,13616705536
1791661288.953,768.061,indexer,1121030322,908792773,212237548,14819467264,14887677952,1662304256,12808581120,6578315264,30232113152,31,13607342080
1791661288.953,768.061,zebrad,129870111,114960727,14909383,678215680,4379955200,388997120,275042304,3883888640,731172864,19,13607342080
1791661289.953,769.061,indexer,1123282847,910665537,212617310,14843809792,14887677952,1674285056,12820684800,6590414848,30232113152,31,13589258240
1791661289.953,769.061,zebrad,129876832,114967448,14909383,678473728,4379955200,388997120,275042304,3883888640,731172864,19,13589258240
1791661290.953,770.061,indexer,1125521146,912581726,212939419,14864822272,14887677952,1684959232,12830801920,6600531968,30232113152,31,13585068032
1791661290.953,770.061,zebrad,129885409,114975999,14909410,678203392,4379955200,388997120,275042304,3883888640,731172864,19,13585068032
1791661291.954,771.061,indexer,1127025499,913781507,213243992,14885126144,14887677952,1695498240,12840742912,6610477056,30232113152,31,13574213632
1791661291.954,771.061,zebrad,129891941,114982357,14909583,678465536,4379955200,388997120,275042304,3883888640,731172864,19,13574213632
1791661292.954,772.061,indexer,1128681361,915068666,213612695,14907584512,14907592704,1706864640,12851515392,6621245440,30232113152,31,13562892288
1791661292.954,772.061,zebrad,129898358,114987840,14910517,678461440,4379955200,388997120,275042304,3883888640,731172864,19,13562892288
1791661293.954,773.061,indexer,1130453460,916450693,214002767,14826631168,14927351808,1719746560,12758507520,6632087552,30232113152,31,13548089344
1791661293.954,773.061,zebrad,129905475,114991934,14913540,678457344,4379955200,388997120,275042304,3883888640,731172864,19,13548089344
1791661294.954,774.062,indexer,1132312839,917906366,214406472,14850215936,14927351808,1731239936,12770377728,6643957760,30232113152,31,13527539712
1791661294.954,774.062,zebrad,129912140,114995974,14916165,678453248,4379955200,388997120,275042304,3883888640,731172864,19,13527539712
1791661295.954,775.062,indexer,1133924829,919146153,214778675,14871998464,14927351808,1742749696,12780810240,6654390272,30232113152,31,13523755008
1791661295.954,775.062,zebrad,129918608,115002276,14916331,678211584,4379955200,388997120,275042304,3883888640,731172864,19,13523755008
1791661296.954,776.062,indexer,1135475598,920354751,215120847,14893080576,14927351808,1753804800,12790849536,6664433664,30232113152,31,13512949760
1791661296.954,776.062,zebrad,129925028,115008651,14916377,678207488,4379955200,388997120,275042304,3883888640,731172864,19,13512949760
1791661297.954,777.062,indexer,1137179823,921689072,215490750,14915846144,14927351808,1765675008,12801675264,6675255296,30232113152,31,13500489728
1791661297.954,777.062,zebrad,129931531,115014983,14916547,678469632,4379955200,388997120,275042304,3883888640,731172864,19,13500489728
1791661298.954,778.062,indexer,1138917461,923048756,215868704,14842175488,14927351808,1777942528,12715638784,6686474240,30232113152,31,13482786816
1791661298.954,778.062,zebrad,129939215,115020699,14918515,671764480,4379955200,388997120,268337152,3883888640,731172864,19,13482786816
1791661299.954,779.062,indexer,1140693429,924465839,216227589,14693879808,14927351808,1619083264,12726325248,6697160704,30232113152,32,13629038592
1791661299.954,779.062,zebrad,129945485,115025706,14919778,671764480,4379955200,388997120,268337152,3883888640,731172864,19,13629038592
1791661300.954,780.062,indexer,1142973783,926469070,216504713,14725763072,14927351808,1630498816,12746735616,6706651136,30232113152,32,13621022720
1791661300.954,780.062,zebrad,129951924,115032145,14919778,671764480,4379955200,388997120,268337152,3883888640,731172864,19,13621022720
1791661301.954,781.062,indexer,1145340680,928289771,217050908,14875209728,14927351808,1641816064,12875038720,6715686912,30243139584,32,13597380608
1791661301.954,781.062,zebrad,129958544,115037876,14920667,671764480,4379955200,388997120,268337152,3883888640,731172864,19,13597380608
1791661302.955,782.062,indexer,1146092290,928860707,217231583,14883487744,14927351808,1646010368,12878946304,6719594496,30503178240,32,13597138944
1791661302.955,782.062,zebrad,129965000,115043394,14921606,671502336,4379955200,388997120,268337152,3883888640,731172864,19,13597138944
1791661303.955,783.062,indexer,1146724039,929346499,217377540,14888706048,14927351808,1648107520,12882247680,6722899968,30696116224,32,13599158272
1791661303.955,783.062,zebrad,129971965,115049362,14922603,671502336,4379955200,388997120,268337152,3883888640,731172864,19,13599158272
1791661304.955,784.062,indexer,1147436774,929897807,217538966,14897602560,14927351808,1653354496,12885999616,6726647808,30830567424,32,13588774912
1791661304.955,784.062,zebrad,129978008,115055172,14922835,671236096,4379955200,388997120,268337152,3883888640,731172864,19,13588774912
1791661305.955,785.063,indexer,1147741291,930095180,217646111,14810546176,14927351808,1653354496,12800929792,6727479296,30912356352,32,13592879104
1791661305.955,785.063,zebrad,129984454,115061455,14922999,671236096,4379955200,388997120,268337152,3883888640,731172864,19,13592879104
1791661306.955,786.063,indexer,1148093246,930340263,217752982,14815485952,14927351808,1656315904,12802342912,6728892416,30995456000,32,13586898944
1791661306.955,786.063,zebrad,129990359,115067259,14923100,671498240,4379955200,388997120,268337152,3883888640,731172864,19,13586898944
1791661307.955,787.063,indexer,1148432884,930566255,217866628,14819098624,14927351808,1658413056,12803694592,6730244096,31090753536,32,13587279872
1791661307.955,787.063,zebrad,129996094,115072994,14923100,671522816,4379955200,388997120,268337152,3883888640,731172864,19,13587279872
1791661308.955,788.063,indexer,1149002661,931036864,217965796,14821699584,14927351808,1658413056,12806369280,6732918784,31238803456,32,13587574784
1791661308.955,788.063,zebrad,129996094,115072994,14923100,671522816,4379955200,388997120,268337152,3883888640,731172864,19,13587574784
1791661309.955,789.063,indexer,1151119280,932898728,218220552,14837563392,14927351808,1666801664,12813840384,6740389888,31310974976,31,13571764224
1791661309.955,789.063,zebrad,129999703,115076603,14923100,671502336,4379955200,388997120,268337152,3883888640,731172864,19,13571764224
1791661310.955,790.063,indexer,1152926467,934302002,218624464,14862245888,14927351808,1679904768,12825341952,6751891456,31310974976,31,13561585664
1791661310.955,790.063,zebrad,130006543,115083442,14923100,671764480,4379955200,388997120,268337152,3883888640,731172864,19,13561585664
1791661311.955,791.063,indexer,1154508051,935656823,218851227,14880698368,14927351808,1688293376,12835475456,6762024960,31310974976,31,13562032128
1791661311.955,791.063,zebrad,130013604,115090504,14923100,671498240,4379955200,388997120,268337152,3883888640,731172864,19,13562032128
1791661312.956,792.063,indexer,1156038401,937015464,219022937,14897844224,14927351808,1690394624,12850479104,6777028608,31310974976,31,13557604352
1791661312.956,792.063,zebrad,130020433,115096450,14923983,671760384,4379955200,388997120,268337152,3883888640,731172864,19,13557604352
1791661313.956,793.063,indexer,1157564020,938382119,219181901,14810587136,14927351808,1694588928,12761845760,6792290304,31310974976,31,13565448192
1791661313.956,793.063,zebrad,130026830,115102689,14924141,671756288,4379955200,388997120,268337152,3883888640,731172864,19,13565448192
1791661314.956,794.063,indexer,1159197961,939846297,219351663,14831611904,14927351808,1698783232,12778729472,6809174016,31310974976,31,13555826688
1791661314.956,794.063,zebrad,130033153,115108977,14924175,671748096,4379955200,388997120,268337152,3883888640,731172864,19,13555826688
1791661315.956,795.064,indexer,1160932900,941404082,219528818,14856192000,14927351808,1705074688,12796661760,6827106304,31310974976,31,13551177728
1791661315.956,795.064,zebrad,130039700,115115465,14924235,671744000,4379955200,388997120,268337152,3883888640,731172864,19,13551177728
1791661316.956,796.064,indexer,1162669902,942948505,219721397,14877933568,14927351808,1709268992,12814454784,6844899328,31310974976,31,13552029696
1791661316.956,796.064,zebrad,130046430,115121110,14925320,671744000,4379955200,388997120,268337152,3883888640,731172864,19,13552029696
1791661317.956,797.064,indexer,1164413221,944506814,219906407,14900654080,14927351808,1713463296,12832706560,6863151104,31310974976,31,13545615360
1791661317.956,797.064,zebrad,130052948,115125678,14927270,671739904,4379955200,388997120,268337152,3883888640,731172864,19,13545615360
1791661318.956,798.064,indexer,1166069797,946005287,220064509,14920183808,14927351808,1717657600,12848455680,6878900224,31310974976,31,13544579072
1791661318.956,798.064,zebrad,130059429,115131992,14927437,671735808,4379955200,388997120,268337152,3883888640,731172864,19,13544579072
1791661319.956,799.064,indexer,1167591978,947379907,220212070,14838444032,14933434368,1721851904,12765138944,6894219264,31310974976,31,13540892672
1791661319.956,799.064,zebrad,130066122,115136715,14929407,671735808,4379955200,388997120,268337152,3883888640,731172864,19,13540892672
1791661320.956,800.064,indexer,1169137135,948774236,220362898,14857179136,14933434368,1726046208,12779290624,6908379136,31310974976,31,13531885568
1791661320.956,800.064,zebrad,130076112,115145707,14930405,671735808,4379955200,388997120,268337152,3883888640,731172864,19,13531885568
1791661321.957,801.064,indexer,1170630778,950086943,220543835,14874284032,14933434368,1728143360,12794396672,6923476992,31310974976,31,13527629824
1791661321.957,801.064,zebrad,130082651,115151297,14931353,671731712,4379955200,388997120,268337152,3883888640,731172864,19,13527629824
1791661322.957,802.064,indexer,1172142042,951440162,220701879,14892724224,14933434368,1732337664,12808921088,6938001408,31310974976,31,13527969792
1791661322.957,802.064,zebrad,130089200,115157786,14931413,671731712,4379955200,388997120,268337152,3883888640,731172864,19,13527969792
1791661323.957,803.064,indexer,1173734143,952857287,220876855,14915747840,14933434368,1738633216,12825489408,6954569728,31310974976,31,13518422016
1791661323.957,803.064,zebrad,130095419,115163983,14931435,671731712,4379955200,388997120,268337152,3883888640,731172864,19,13518422016
1791661324.957,804.065,indexer,1175373250,954330429,221042820,14830727168,14933434368,1742827520,12738330624,6971269120,31310974976,31,13517246464
1791661324.957,804.065,zebrad,130101939,115170503,14931435,671731712,4379955200,388997120,268337152,3883888640,731172864,19,13517246464
1791661325.957,805.065,indexer,1177033741,955821527,221212214,14851178496,14933434368,1747021824,12754714624,6987653120,31310974976,31,13513138176
1791661325.957,805.065,zebrad,130108859,115177264,14931595,671485952,4379955200,388997120,268337152,3883888640,731172864,19,13513138176
1791661326.957,806.065,indexer,1178742063,957356385,221385678,14869291008,14933434368,1751216128,12768555008,7001493504,31310974976,31,13509644288
1791661326.957,806.065,zebrad,130115459,115183798,14931660,671481856,4379955200,388997120,268337152,3883888640,731172864,19,13509644288
1791661327.957,807.065,indexer,1180539110,959019631,221519479,14881533952,14933434368,1755410432,12776452096,7009390592,31310974976,31,13504372736
1791661327.957,807.065,zebrad,130121669,115188752,14932916,671481856,4379955200,388997120,268337152,3883888640,731172864,19,13504372736
1791661328.957,808.065,indexer,1182379190,960691311,221687879,14893957120,14933434368,1759604736,12784779264,7017717760,31310974976,31,13499957248
1791661328.957,808.065,zebrad,130127920,115195003,14932916,671227904,4379955200,388997120,268337152,3883888640,731172864,19,13499957248
1791661329.957,809.065,indexer,1184176788,962308801,221867986,14906912768,14933434368,1763799040,12793507840,7026446336,31310974976,31,13496406016
1791661329.957,809.065,zebrad,130134333,115200456,14933876,671223808,4379955200,388997120,268337152,3883888640,731172864,19,13496406016
1791661330.957,810.065,indexer,1185904868,963865586,222039282,14922768384,14933434368,1770090496,12802691072,7035629568,31310974976,31,13491539968
1791661330.957,810.065,zebrad,130141420,115207544,14933876,671481856,4379955200,388997120,268337152,3883888640,731172864,19,13491539968
1791661331.957,811.065,indexer,1187455374,965228764,222226610,14936195072,14936207360,1776381952,12810035200,7042973696,31310974976,31,13483483136
1791661331.957,811.065,zebrad,130148169,115213314,14934854,671481856,4379955200,388997120,268337152,3883888640,731172864,19,13483483136
1791661332.958,812.065,indexer,1188953138,966526834,222426304,14842781696,14936207360,1780576256,12713263104,7050272768,31310974976,31,13470187520
1791661332.958,812.065,zebrad,130154822,115218891,14935931,671002624,4379955200,388997120,268337152,3883888640,731172864,19,13470187520
1791661333.958,813.065,indexer,1190429493,967768370,222661122,14856896512,14936207360,1786867712,12720750592,7057760256,31310974976,31,13462999040
1791661333.958,813.065,zebrad,130161754,115225719,14936034,671780864,4379955200,388997120,268337152,3883888640,731172864,19,13462999040
1791661334.958,814.065,indexer,1192121435,969261876,222859559,14698340352,14936207360,1621463040,12728320000,7065329664,31310974976,32,13620961280
1791661334.958,814.065,zebrad,130168539,115231528,14937011,671776768,4379955200,388997120,268337152,3883888640,731172864,19,13620961280
1791661335.958,815.066,indexer,1194405957,971308129,223097827,14764158976,14936207360,1634283520,12779593728,7073046528,31310974976,32,13614841856
1791661335.958,815.066,zebrad,130175563,115236889,14938673,671768576,4379955200,388997120,268337152,3883888640,731172864,19,13614841856
1791661336.958,816.066,indexer,1196385236,972862758,223522477,14815526912,14936207360,1640124416,12821028864,7079161856,31389818880,32,13608054784
1791661336.958,816.066,zebrad,130181508,115242728,14938779,671248384,4379955200,388997120,268337152,3883888640,731172864,19,13608054784
1791661337.958,817.066,indexer,1196937440,973330518,223606922,14818439168,14936207360,1641127936,12823187456,7081320448,31624691712,32,13606981632
1791661337.958,817.066,zebrad,130188446,115249562,14938883,671772672,4379955200,388997120,268337152,3883888640,731172864,19,13606981632
1791661338.958,818.066,indexer,1197763210,974039558,223723652,14824390656,14936207360,1644056576,12826382336,7084515328,31785009152,32,13601943552
1791661338.958,818.066,zebrad,130195848,115256964,14938883,671768576,4379955200,388997120,268337152,3883888640,731172864,19,13601943552
1791661339.958,819.066,indexer,1198110427,974351622,223758805,14826807296,14936207360,1646153728,12827414528,7085547520,31866204160,32,13586993152
1791661339.958,819.066,zebrad,130201866,115262941,14938925,671502336,4379955200,388997120,268337152,3883888640,731172864,19,13586993152
1791661340.958,820.066,indexer,1198444694,974561988,223882706,14888525824,14936207360,1646153728,12887220224,7086391296,31949492224,32,13588185088
1791661340.958,820.066,zebrad,130207806,115268545,14939261,671760384,4379955200,388997120,268337152,3883888640,731172864,19,13588185088
1791661341.958,821.066,indexer,1198857363,974884595,223972768,14892433408,14936207360,1648250880,12888735744,7087906816,32034140160,32,13584797696
1791661341.958,821.066,zebrad,130213223,115273916,14939306,671764480,4379955200,388997120,268337152,3883888640,731172864,19,13584797696
1791661342.958,822.066,indexer,1199306715,975231216,224075499,14894084096,14936207360,1648365568,12890435584,7089606656,32128667648,32,13583667200
1791661342.958,822.066,zebrad,130219249,115279942,14939306,671514624,4379955200,388997120,268337152,3883888640,731172864,19,13583667200
1791661343.959,823.066,indexer,1199786631,975605406,224181224,14897795072,14936207360,1650462720,12892291072,7091462144,32342454272,32,13581025280
1791661343.959,823.066,zebrad,130225469,115286162,14939306,671514624,4379955200,388997120,268337152,3883888640,731172864,19,13581025280
1791661344.959,824.066,indexer,1201101611,976689205,224412405,14908588032,14936207360,1654951936,12898308096,7097470976,32363008000,31,13584945152
1791661344.959,824.066,zebrad,130232358,115293051,14939306,671772672,4379955200,388997120,268337152,3883888640,731172864,19,13584945152
1791661345.959,825.066,indexer,1203606639,978984510,224622128,14816727040,14936207360,1662001152,12802064384,7105228800,32363008000,31,13587742720
1791661345.959,825.066,zebrad,130232621,115293314,14939306,671772672,4379955200,388997120,268337152,3883888640,731172864,19,13587742720
1791661346.959,826.067,indexer,1205466006,980611414,224854591,14834634752,14936207360,1670615040,12811165696,7114436608,32363008000,31,13578608640
1791661346.959,826.067,zebrad,130238769,115298408,14940361,671772672,4379955200,388997120,268337152,3883888640,731172864,19,13578608640
1791661347.959,827.067,indexer,1207235417,982085865,225149552,14854037504,14936207360,1680031744,12821131264,7124295680,32363008000,31,13570420736
1791661347.959,827.067,zebrad,130244726,115302249,14942477,671772672,4379955200,388997120,268337152,3883888640,731172864,19,13570420736
1791661348.959,828.067,indexer,1208766906,983382279,225384626,14869164032,14936207360,1687212032,12829102080,7132266496,32363008000,31,13564862464
1791661348.959,828.067,zebrad,130251261,115308784,14942477,671772672,4379955200,388997120,268337152,3883888640,731172864,19,13564862464
1791661349.959,829.067,indexer,1210305999,984651431,225654567,14885437440,14936207360,1695256576,12837441536,7140605952,32363008000,31,13555953664
1791661349.959,829.067,zebrad,130257758,115315053,14942704,671502336,4379955200,388997120,268337152,3883888640,731172864,19,13555953664
1791661350.959,830.067,indexer,1211910667,985943338,225967329,14902571008,14936207360,1703723008,12845985792,7149150208,32363008000,31,13547323392
1791661350.959,830.067,zebrad,130267121,115323259,14943861,671764480,4379955200,388997120,268337152,3883888640,731172864,19,13547323392
1791661351.959,831.067,indexer,1213473674,987261436,226212238,14916337664,14936207360,1710329856,12853260288,7156424704,32363008000,31,13540024320
1791661351.959,831.067,zebrad,130273458,115328786,14944671,671764480,4379955200,389083136,268337152,3883888640,731172864,19,13540024320
1791661352.959,832.067,indexer,1215116910,988677630,226439280,14825377792,14936207360,1717334016,12757692416,7164743680,32363008000,31,13535760384
1791661352.959,832.067,zebrad,130280102,115335360,14944741,671531008,4379955200,389083136,268337152,3883888640,731172864,19,13535760384
1791661353.960,833.067,indexer,1216835340,990124285,226711054,14843551744,14936207360,1726590976,12766715904,7173767168,32363008000,31,13526540288
1791661353.960,833.067,zebrad,130286654,115341737,14944917,671535104,4379955200,389083136,268337152,3883888640,731172864,19,13526540288
1791661354.960,834.067,indexer,1218446629,991482792,226963836,14860976128,14936207360,1734979584,12775616512,7182667776,32363008000,31,13516926976
1791661354.960,834.067,zebrad,130293610,115347696,14945913,671797248,4379955200,389083136,268337152,3883888640,731172864,19,13516926976
1791661355.960,835.067,indexer,1220071405,992863226,227208178,14878048256,14936207360,1743368192,12784193536,7191244800,32363008000,31,13509443584
1791661355.960,835.067,zebrad,130300648,115354734,14945914,671797248,4379955200,389083136,268337152,3883888640,731172864,19,13509443584
1791661356.960,836.067,indexer,1221529485,994089036,227440448,14891491328,14936207360,1749659648,12791721984,7198773248,32363008000,31,13501026304
1791661356.960,836.067,zebrad,130307069,115359990,14947078,671797248,4379955200,389083136,268337152,3883888640,731172864,19,13501026304
1791661357.960,837.068,indexer,1222953176,995286948,227666228,14905176064,14936207360,1755951104,12799148032,7206199296,32363008000,31,13496406016
1791661357.960,837.068,zebrad,130313929,115365635,14948294,671793152,4379955200,389083136,268337152,3883888640,731172864,19,13496406016
1791661358.960,838.068,indexer,1224551565,996610493,227941072,14813888512,14936207360,1762242560,12704063488,7215177728,32363008000,31,13488656384
1791661358.960,838.068,zebrad,130320299,115371965,14948333,671793152,4379955200,389083136,268337152,3883888640,731172864,19,13488656384
1791661359.960,839.068,indexer,1226265297,998046856,228218441,14830583808,14936207360,1769484288,12713938944,7225044992,32363008000,31,13480394752
1791661359.960,839.068,zebrad,130326919,115378518,14948401,671793152,4379955200,389083136,268337152,3883888640,731172864,19,13480394752
1791661360.960,840.068,indexer,1227893989,999431054,228462934,14848679936,14936207360,1776881664,12724502528,7235608576,32363008000,31,13473914880
1791661360.960,840.068,zebrad,130333948,115385547,14948401,671793152,4379955200,389083136,268337152,3883888640,731172864,19,13473914880
1791661361.960,841.068,indexer,1229291666,1000592063,228699603,14864588800,14936207360,1783635968,12733411328,7244517376,32363008000,31,13466935296
1791661361.960,841.068,zebrad,130340474,115392072,14948401,671793152,4379955200,389083136,268337152,3883888640,731172864,19,13466935296
1791661362.960,842.068,indexer,1230691438,1001751278,228940159,14880874496,14936207360,1789878272,12743311360,7254417408,32363008000,31,13460414464
1791661362.960,842.068,zebrad,130346527,115398125,14948401,671789056,4379955200,389083136,268337152,3883888640,731172864,19,13460414464
1791661363.960,843.068,indexer,1232150489,1002920161,229230327,14815375360,14936207360,1627746304,12751876096,7262982144,32363008000,31,13565661184
1791661363.960,843.068,zebrad,130353721,115405319,14948401,671789056,4379955200,389083136,268337152,3883888640,731172864,19,13565661184
1791661364.961,844.068,indexer,1234422571,1004936888,229485682,14746689536,14936207360,1637064704,12762230784,7273336832,32363008000,32,13610491904
1791661364.961,844.068,zebrad,130360945,115412543,14948401,671789056,4379955200,389083136,268337152,3883888640,731172864,19,13610491904
1791661365.961,845.068,indexer,1236679017,1006835483,229843534,14902366208,14936207360,1645318144,12900093952,7281684480,32363008000,32,13606625280
1791661365.961,845.068,zebrad,130367522,115418067,14949454,671789056,4379955200,389083136,268337152,3883888640,731172864,19,13606625280
1791661366.961,846.068,indexer,1237555611,1007507393,230048217,14839570432,14937165824,1646288896,12837376000,7284674560,32568942592,32,13609975808
1791661366.961,846.068,zebrad,130374429,115424974,14949454,671789056,4379955200,389083136,268337152,3883888640,731172864,19,13609975808
1791661367.961,847.069,indexer,1238356074,1008213564,230142509,14846218240,14937165824,1649115136,12841189376,7288487936,32795430912,32,13605064704
1791661367.961,847.069,zebrad,130380544,115431090,14949454,671789056,4379955200,389083136,268337152,3883888640,731172864,19,13605064704
1791661368.961,848.069,indexer,1238806444,1008628764,230177679,14850699264,14937165824,1651212288,12843225088,7290523648,32904847360,32,13584654336
1791661368.961,848.069,zebrad,130386072,115436564,14949508,671789056,4379955200,389083136,268337152,3883888640,731172864,19,13584654336
1791661369.961,849.069,indexer,1239190529,1008939712,230250817,14872850432,14937165824,1651212288,12864876544,7291592704,32985378816,32,13584707584
1791661369.961,849.069,zebrad,130392003,115442390,14949612,671522816,4379955200,389083136,268337152,3883888640,731172864,19,13584707584
1791661370.961,850.069,indexer,1239471315,1009159425,230311890,14873784320,14937165824,1651212288,12865769472,7292485632,33069494272,32,13584896000
1791661370.961,850.069,zebrad,130398190,115448328,14949861,671518720,4379955200,389083136,268337152,3883888640,731172864,19,13584896000
1791661371.961,851.069,indexer,1239930985,1009540522,230390463,14877499392,14937165824,1653309440,12867346432,7294062592,33158316032,32,13581950976
1791661371.961,851.069,zebrad,130403588,115453727,14949861,671518720,4379955200,389083136,268337152,3883888640,731172864,19,13581950976
1791661372.961,852.069,indexer,1240291050,1009823151,230467899,14878429184,14937165824,1653338112,12868509696,7295225856,33259601920,32,13579120640
1791661372.961,852.069,zebrad,130409523,115459662,14949861,671518720,4379955200,389083136,268337152,3883888640,731172864,19,13579120640
1791661373.961,853.069,indexer,1241620779,1011067759,230553020,14883508224,14937165824,1655435264,12871225344,7297933312,33443946496,31,13581021184
1791661373.961,853.069,zebrad,130412502,115462068,14950433,671780864,4379955200,389083136,268337152,3883888640,731172864,19,13581021184
1791661374.961,854.069,indexer,1243753929,1013074392,230679536,14893731840,14937165824,1657532416,12879224832,7305932800,33443946496,31,13584650240
1791661374.961,854.069,zebrad,130418797,115468332,14950464,671776768,4379955200,389083136,268337152,3883888640,731172864,19,13584650240
1791661375.962,855.069,indexer,1245248843,1014369118,230879724,14909181952,14937165824,1662779392,12889198592,7315906560,33443946496,31,13579907072
1791661375.962,855.069,zebrad,130425338,115474041,14951297,671776768,4379955200,389083136,268337152,3883888640,731172864,19,13579907072
1791661376.962,856.069,indexer,1246749236,1015713237,231035998,14921089024,14937165824,1666973696,12897337344,7324045312,33443950592,31,13579472896
1791661376.962,856.069,zebrad,130432083,115478924,14953158,671772672,4379955200,389083136,268337152,3883888640,731172864,19,13579472896
1791661377.962,857.069,indexer,1248266449,1017063760,231202688,14830219264,14937165824,1671168000,12804837376,7330336768,33443950592,31,13586444288
1791661377.962,857.069,zebrad,130438329,115485145,14953183,671772672,4379955200,389083136,268337152,3883888640,731172864,19,13586444288
1791661378.962,858.070,indexer,1249756764,1018349743,231407020,14844227584,14937165824,1677463552,12812648448,7338147840,33443950592,31,13577945088
1791661378.962,858.070,zebrad,130445149,115491874,14953274,671772672,4379955200,389083136,268337152,3883888640,731172864,19,13577945088
1791661379.962,859.070,indexer,1251257141,1019628887,231628254,14855585792,14937165824,1681657856,12820410368,7345909760,33443950592,31,13543641088
1791661379.962,859.070,zebrad,130451815,115498467,14953348,671772672,4379955200,389083136,268337152,3883888640,731172864,19,13543641088
1791661380.962,860.070,indexer,1252789102,1020908868,231880233,14869725184,14937165824,1687826432,12828573696,7354073088,33443950592,31,13547245568
1791661380.962,860.070,zebrad,130460319,115506687,14953631,671772672,4379955200,389083136,268337152,3883888640,731172864,19,13547245568
1791661381.962,861.070,indexer,1254317154,1022200588,232116565,14884270080,14937165824,1694760960,12836048896,7361548288,33443950592,31,13541212160
1791661381.962,861.070,zebrad,130466822,115512361,14954460,671772672,4379955200,389083136,268337152,3883888640,731172864,19,13541212160
1791661382.962,862.070,indexer,1255846661,1023507196,232339464,14898950144,14937165824,1701052416,12844257280,7369756672,33443950592,31,13540352000
1791661382.962,862.070,zebrad,130472472,115516934,14955537,671772672,4379955200,389083136,268337152,3883888640,731172864,19,13540352000
1791661383.962,863.070,indexer,1257332309,1024777093,232555216,14912954368,14937165824,1707343872,12852224000,7377723392,33443950592,31,13536940032
1791661383.962,863.070,zebrad,130478623,115521952,14956671,671502336,4379955200,389083136,268337152,3883888640,731172864,19,13536940032
1791661384.962,864.070,indexer,1258864250,1026101520,232762729,14818738176,14937165824,1711538176,12756672512,7386083328,33443950592,31,13536993280
1791661384.962,864.070,zebrad,130485113,115528044,14957069,671502336,4379955200,389083136,268337152,3883888640,731172864,19,13536993280
1791661385.962,865.070,indexer,1260375606,1027441705,232933901,14830858240,14937165824,1715732480,12763430912,7393746944,33443950592,31,13532966912
1791661385.962,865.070,zebrad,130491965,115534896,14957069,671309824,4379955200,389083136,268337152,3883888640,731172864,19,13532966912
1791661386.962,866.070,indexer,1261993113,1028842483,233150629,14844628992,14937165824,1722023936,12772904960,7402315776,33443950592,31,13525696512
1791661386.962,866.070,zebrad,130498187,115541117,14957069,671571968,4379955200,389083136,268337152,3883888640,731172864,19,13525696512
1791661387.963,867.070,indexer,1263567859,1030249317,233318541,14856372224,14937165824,1726218240,12779773952,7409537024,33443950592,31,13523099648
1791661387.963,867.070,zebrad,130505123,115547289,14957834,671313920,4379955200,389083136,268337152,3883888640,731172864,19,13523099648
1791661388.963,868.070,indexer,1265290410,1031755223,233535187,14871613440,14937165824,1732509696,12788899840,7418310656,33443950592,31,13515292672
1791661388.963,868.070,zebrad,130511392,115552756,14958636,671313920,4379955200,389083136,268337152,3883888640,731172864,19,13515292672
1791661389.963,869.071,indexer,1267022264,1033268886,233753377,14886940672,14937165824,1738801152,12798001152,7427448832,33443950592,31,13485584384
1791661389.963,869.071,zebrad,130517519,115558641,14958878,671571968,4379955200,389083136,268337152,3883888640,731172864,19,13485584384
1791661390.963,870.071,indexer,1268680260,1034736458,233943801,14900457472,14937165824,1744048128,12806303744,7435714560,33443950592,31,13490794496
1791661390.963,870.071,zebrad,130523807,115563779,14960027,671346688,4379955200,389083136,268337152,3883888640,731172864,19,13490794496
1791661391.963,871.071,indexer,1270399743,1036241714,234158029,14915870720,14937165824,1750392832,12815286272,7444697088,33443950592,31,13492797440
1791661391.963,871.071,zebrad,130529920,115569892,14960027,671608832,4379955200,389083136,268337152,3883888640,731172864,19,13492797440
1791661392.963,872.071,indexer,1272043154,1037609604,234433550,14831394816,14937165824,1759776768,12724056064,7457497088,33443950592,31,13494378496
1791661392.963,872.071,zebrad,130536175,115576111,14960063,671604736,4379955200,389083136,268337152,3883888640,731172864,19,13494378496
1791661393.963,873.071,indexer,1273648868,1038918809,234730058,14854987776,14937165824,1768165376,12739362816,7472803840,33443950592,31,13489324032
1791661393.963,873.071,zebrad,130542790,115582726,14960063,671354880,4379955200,389083136,268337152,3883888640,731172864,19,13489324032
1791661394.963,874.071,indexer,1275372473,1040386361,234986112,14871728128,14937165824,1774456832,12749979648,7483420672,33443950592,31,13482700800
1791661394.963,874.071,zebrad,130549113,115589049,14960063,671354880,4379955200,389083136,268337152,3883888640,731172864,19,13482700800
1791661395.963,875.071,indexer,1276956453,1041662586,235293866,14892302336,14937165824,1783500800,12761387008,7494828032,33443950592,31,13469192192
1791661395.963,875.071,zebrad,130555986,115595064,14960921,671580160,4379955200,389083136,268337152,3883888640,731172864,19,13469192192
1791661396.963,876.071,indexer,1278382141,1042822103,235560038,14910418944,14937165824,1791373312,12771508224,7504949248,33443950592,31,13461655552
1791661396.963,876.071,zebrad,130562105,115601058,14961046,671842304,4379955200,389083136,268337152,3883888640,731172864,19,13461655552
1791661397.964,877.071,indexer,1279721960,1043888174,235833785,14926499840,14937165824,1798348800,12780400640,7513841664,33443950592,31,13454319616
1791661397.964,877.071,zebrad,130568631,115607584,14961046,671576064,4379955200,389083136,268337152,3883888640,731172864,19,13454319616
1791661398.964,878.071,indexer,1281634180,1045496947,236137233,14770749440,14937165824,1631842304,12791545856,7524986880,33443950592,32,13609467904
1791661398.964,878.071,zebrad,130575696,115613814,14961882,671576064,4379955200,389083136,268337152,3883888640,731172864,19,13609467904
1791661399.964,879.072,indexer,1283993427,1047567728,236425698,14795972608,14937165824,1645355008,12803469312,7536910336,33443950592,32,13582036992
1791661399.964,879.072,zebrad,130582802,115619907,14962895,672567296,4379955200,390074368,268337152,3883888640,731172864,19,13582036992
1791661400.964,880.072,indexer,1286252983,1049380269,236872714,14883655680,14937165824,1653428224,12875526144,7550160896,33443950592,32,13590634496
1791661400.964,880.072,zebrad,130589680,115625453,14964227,672301056,4379955200,390074368,268337152,3883888640,731172864,19,13590634496
1791661401.964,881.072,indexer,1287226567,1050080968,237145598,14827692032,14937165824,1655525376,12818354176,7554572288,33644163072,32,13579706368
1791661401.964,881.072,zebrad,130595681,115631226,14964454,672301056,4379955200,390074368,268337152,3883888640,731172864,19,13579706368
1791661402.964,882.072,indexer,1287540553,1050336172,237204380,14831312896,14937165824,1657622528,12819947520,7556165632,33845485568,32,13581082624
1791661402.964,882.072,zebrad,130601880,115636631,14965248,672301056,4379955200,390074368,268337152,3883888640,731172864,19,13581082624
1791661403.964,883.072,indexer,1288196017,1050887116,237308901,14837989376,14937165824,1660043264,12823867392,7560085504,34003464192,32,13581516800
1791661403.964,883.072,zebrad,130607883,115642522,14965361,672563200,4379955200,390074368,268337152,3883888640,731172864,19,13581516800
1791661404.964,884.072,indexer,1288502043,1051096650,237405392,14891720704,14937165824,1662869504,12873478144,7561089024,34084278272,32,13575999488
1791661404.964,884.072,zebrad,130614263,115647857,14966405,672563200,4379955200,390074368,268337152,3883888640,731172864,19,13575999488
1791661405.964,885.072,indexer,1288773463,1051286618,237486845,14892740608,14937165824,1662869504,12874612736,7562223616,34167742464,32,13575901184
1791661405.964,885.072,zebrad,130620511,115654105,14966405,672555008,4379955200,390074368,268337152,3883888640,731172864,19,13575901184
1791661406.964,886.072,indexer,1289069456,1051472821,237596635,14893785088,14937165824,1662869504,12875837440,7563448320,34257846272,32,13576798208
1791661406.964,886.072,zebrad,130627118,115659961,14967156,672555008,4379955200,390074368,268337152,3883888640,731172864,19,13576798208
1791661407.965,887.072,indexer,1289404737,1051710207,237694530,14897373184,14937165824,1664966656,12877283328,7564894208,34366099456,32,13573480448
1791661407.965,887.072,zebrad,130632543,115664451,14968092,672559104,4379955200,390074368,268337152,3883888640,731172864,19,13573480448
1791661408.965,888.072,indexer,1289853858,1052055492,237798366,14902083584,14937165824,1667063808,12879839232,7567450112,34552856576,31,13570682880
1791661408.965,888.072,zebrad,130638638,115670546,14968092,672559104,4379955200,390074368,268337152,3883888640,731172864,19,13570682880
1791661409.965,889.072,indexer,1291986646,1053878830,238107816,14922633216,14937165824,1675452416,12891590656,7579201536,34552856576,31,13564588032
1791661409.965,889.072,zebrad,130642266,115672317,14969949,672559104,4379955200,390074368,268337152,3883888640,731172864,19,13564588032
1791661410.965,890.073,indexer,1294291264,1055918306,238372958,14838239232,14937165824,1685938176,12799348736,7590936576,34552856576,31,13563453440
1791661410.965,890.073,zebrad,130647900,115676991,14970909,672559104,4379955200,390078464,268337152,3883888640,731172864,19,13563453440
1791661411.965,891.073,indexer,1295806910,1057181937,238624973,14857039872,14937165824,1692749824,12811108352,7602696192,34552860672,31,13558501376
1791661411.965,891.073,zebrad,130654197,115683142,14971055,672559104,4379955200,390078464,268337152,3883888640,731172864,19,13558501376
1791661412.965,892.073,indexer,1297215247,1058514824,238700422,14868201472,14937165824,1696944128,12817850368,7609438208,34552860672,31,13554491392
1791661412.965,892.073,zebrad,130660251,115689196,14971055,672550912,4379955200,390078464,268337152,3883888640,731172864,19,13554491392
1791661413.965,893.073,indexer,1298807658,1059908523,238899134,14880481280,14937165824,1701138432,12826161152,7617748992,34552860672,31,13550596096
1791661413.965,893.073,zebrad,130666356,115694285,14972071,672550912,4379955200,390078464,268337152,3883888640,731172864,19,13550596096
1791661414.965,894.073,indexer,1300326082,1061226982,239099100,14893490176,14937165824,1707433984,12833140736,7624728576,34552860672,31,13546291200
1791661414.965,894.073,zebrad,130672995,115699848,14973146,672546816,4379955200,390078464,268337152,3883888640,731172864,19,13546291200
1791661415.965,895.073,indexer,1301914971,1062596450,239318521,14907424768,14937165824,1711628288,12842631168,7634219008,34552860672,31,13539201024
1791661415.965,895.073,zebrad,130679298,115706152,14973146,672317440,4379955200,390078464,268337152,3883888640,731172864,19,13539201024
1791661416.965,896.073,indexer,1303461455,1063881556,239579898,14925692928,14937165824,1720016896,12852711424,7644303360,34552860672,31,13530615808
1791661416.965,896.073,zebrad,130685730,115712506,14973224,672579584,4379955200,390078464,268337152,3883888640,731172864,19,13530615808
1791661417.965,897.073,indexer,1305294023,1065359659,239934363,14842974208,14937165824,1728692224,12760932352,7656591360,34552860672,31,13530505216
1791661417.965,897.073,zebrad,130692477,115719171,14973306,672579584,4379955200,390078464,268337152,3883888640,731172864,19,13530505216
1791661418.966,898.073,indexer,1307030810,1066805975,240224834,14866972672,14937165824,1737658368,12776214528,7671873536,34552860672,31,13522751488
1791661418.966,898.073,zebrad,130699476,115726169,14973306,672579584,4379955200,390078464,268337152,3883888640,731172864,19,13522751488
1791661419.966,899.073,indexer,1308412517,1068005886,240406630,14888583168,14937165824,1742282752,12793098240,7688757248,34552860672,31,13519196160
1791661419.966,899.073,zebrad,130705662,115732341,14973321,672579584,4379955200,390078464,268337152,3883888640,731172864,19,13519196160
1791661420.966,900.073,indexer,1309928804,1069274759,240654045,14909382656,14937165824,1748832256,12807307264,7702966272,34552860672,31,13511593984
1791661420.966,900.073,zebrad,130712632,115738314,14974318,672579584,4379955200,390078464,268337152,3883888640,731172864,19,13511593984
1791661421.966,901.074,indexer,1311520356,1070653209,240867146,14928506880,14937165824,1756033024,12819169280,7714828288,34552860672,31,13503741952
1791661421.966,901.074,zebrad,130719467,115745056,14974411,672579584,4379955200,390078464,268337152,3883888640,731172864,19,13503741952
1791661422.966,902.074,indexer,1312827701,1071762126,241065574,14842654720,14940966912,1760702464,12730437632,7729963008,34552860672,31,13500715008
1791661422.966,902.074,zebrad,130725789,115750570,14975219,672579584,4379955200,390078464,268337152,3883888640,731172864,19,13500715008
1791661423.966,903.074,indexer,1314237472,1072913433,241324038,14860439552,14940966912,1767129088,12742131712,7741657088,34552860672,31,13493964800
1791661423.966,903.074,zebrad,130732739,115757414,14975325,672579584,4379955200,390078464,268337152,3883888640,731172864,19,13493964800
1791661424.966,904.074,indexer,1315575813,1074063689,241512124,14879543296,14940966912,1771536384,12756549632,7756075008,34552860672,31,13489303552
1791661424.966,904.074,zebrad,130739690,115764365,14975325,672579584,4379955200,390078464,268337152,3883888640,731172864,19,13489303552
1791661425.966,905.074,indexer,1316979483,1075253303,241726179,14898708480,14940966912,1776857088,12770332672,7769858048,34552860672,31,13483761664
1791661425.966,905.074,zebrad,130747775,115772450,14975325,672579584,4379955200,390078464,268337152,3883888640,731172864,19,13483761664
1791661426.966,906.074,indexer,1318315872,1076360159,241955712,14918524928,14940966912,1782104064,12784762880,7784288256,34552860672,31,13478854656
1791661426.966,906.074,zebrad,130754271,115778946,14975325,672579584,4379955200,390078464,268337152,3883888640,731172864,19,13478854656
1791661427.966,907.074,indexer,1319798703,1077614740,242183962,14939258880,14940966912,1788424192,12799348736,7798874112,34552860672,31,13471105024
1791661427.966,907.074,zebrad,130760881,115785556,14975325,672358400,4379955200,390078464,268337152,3883888640,731172864,19,13471105024
1791661428.967,908.074,indexer,1321336679,1078862342,242474336,14854680576,14944235520,1797459968,12708253696,7811428352,34552860672,31,13460398080
1791661428.967,908.074,zebrad,130767631,115792306,14975325,672358400,4379955200,390078464,268337152,3883888640,731172864,19,13460398080
1791661429.967,909.074,indexer,1322906680,1080147715,242758964,14700695552,14944235520,1634148352,12717883392,7821058048,34552860672,32,13605822464
1791661429.967,909.074,zebrad,130774574,115799175,14975399,672358400,4379955200,390078464,268337152,3883888640,731172864,19,13605822464
1791661430.967,910.074,indexer,1325201793,1082195292,243006500,14722887680,14944235520,1643466752,12731047936,7834222592,34552860672,32,13598605312
1791661430.967,910.074,zebrad,130781795,115804365,14977430,672354304,4379955200,390078464,268337152,3883888640,731172864,19,13598605312
1791661431.967,911.075,indexer,1327433057,1084119467,243313590,14847729664,14944235520,1647661056,12847632384,7850102784,34552860672,32,13613989888
1791661431.967,911.075,zebrad,130788446,115810829,14977616,672616448,4379955200,390078464,268337152,3883888640,731172864,19,13613989888
1791661432.967,912.075,indexer,1329251175,1085467760,243783414,14877749248,14944235520,1656967168,12862074880,7863439360,34635767808,32,13591023616
1791661432.967,912.075,zebrad,130794493,115814980,14979512,672616448,4379955200,390078464,268337152,3883888640,731172864,19,13591023616
1791661433.967,913.075,indexer,1329938848,1086035426,243903421,14886645760,14944235520,1661161472,12866539520,7867904000,34853863424,32,13589217280
1791661433.967,913.075,zebrad,130800756,115819092,14981664,672616448,4379955200,390078464,268337152,3883888640,731172864,19,13589217280
1791661434.967,914.075,indexer,1330557982,1086541192,244016790,14893424640,14944235520,1663258624,12871118848,7872483328,35071971328,32,13585092608
1791661434.967,914.075,zebrad,130806675,115824019,14982656,672350208,4379955200,390078464,268337152,3883888640,731172864,19,13585092608
1791661435.967,915.075,indexer,1330910928,1086827323,244083604,14897672192,14944235520,1665355776,12873289728,7874654208,35218927616,32,13582266368
1791661435.967,915.075,zebrad,130812409,115828782,14983627,672350208,4379955200,390078464,268337152,3883888640,731172864,19,13582266368
1791661436.967,916.075,indexer,1331177334,1087048307,244129027,14899101696,14944235520,1665355776,12874596352,7875960832,35299368960,32,13581443072
1791661436.967,916.075,zebrad,130817937,115834310,14983627,672350208,4379955200,390078464,268337152,3883888640,731172864,19,13581443072
1791661437.967,917.075,indexer,1331483375,1087250011,244233364,14907113472,14944235520,1665355776,12882698240,7877120000,35383459840,32,13581602816
1791661437.967,917.075,zebrad,130823674,115839478,14984196,672350208,4379955200,390078464,268337152,3883888640,731172864,19,13581602816
1791661438.967,918.075,indexer,1332596940,1088255408,244341532,14911651840,14944235520,1666355200,12885401600,7879823360,35466928128,32,13581750272
1791661438.967,918.075,zebrad,130827116,115842870,14984245,672350208,4379955200,390078464,268337152,3883888640,731172864,19,13581750272
1791661439.968,919.075,indexer,1333507623,1089060933,244446690,14915887104,14944235520,1668505600,12887642112,7882063872,35563999232,32,13577330688
1791661439.968,919.075,zebrad,130832838,115848398,14984440,672350208,4379955200,390078464,268337152,3883888640,731172864,19,13577330688
1791661440.968,920.075,indexer,1334061985,1089474870,244587114,14921355264,14944235520,1670602752,12890988544,7885410304,35732811776,32,13577056256
1791661440.968,920.075,zebrad,130841012,115856572,14984440,672350208,4379955200,390078464,268337152,3883888640,731172864,19,13577056256
1791661441.968,921.075,indexer,1335524403,1090649570,244874832,14832640000,14944235520,1678991360,12796628992,7895048192,35754586112,31,13572870144
1791661441.968,921.075,zebrad,130847670,115863230,14984440,672612352,4379955200,390090752,268337152,3883888640,731172864,19,13572870144
1791661442.968,922.076,indexer,1337088185,1092013892,245074293,14854807552,14944235520,1683185664,12814471168,7912890368,35754586112,31,13572947968
1791661442.968,922.076,zebrad,130853646,115869205,14984440,672346112,4379955200,390090752,268337152,3883888640,731172864,19,13572947968
1791661443.968,923.076,indexer,1338678229,1093258359,245419869,14874095616,14944235520,1691574272,12825444352,7923863552,35754586112,31,13559881728
1791661443.968,923.076,zebrad,130860628,115874562,14986065,672600064,4379955200,390090752,268337152,3883888640,731172864,19,13559881728
1791661444.968,924.076,indexer,1340217843,1094464430,245753412,14893412352,14944235520,1700483072,12835782656,7934205952,35754590208,31,13548584960
1791661444.968,924.076,zebrad,130867778,115881712,14986065,672600064,4379955200,390090752,268337152,3883888640,731172864,19,13548584960
1791661445.968,925.076,indexer,1341828397,1095749148,246079248,14911983616,14944235520,1708871680,12846133248,7944552448,35754590208,31,13541494784
1791661445.968,925.076,zebrad,130874796,115888730,14986065,672075776,4379955200,390090752,268337152,3883888640,731172864,19,13541494784
1791661446.968,926.076,indexer,1343556757,1097169900,246386856,14932779008,14944235520,1717260288,12858478592,7956897792,35754590208,31,13530386432
1791661446.968,926.076,zebrad,130881492,115895337,14986154,672337920,4379955200,390090752,268337152,3883888640,731172864,19,13530386432
1791661447.968,927.076,indexer,1345114028,1098509895,246604133,14851747840,14944235520,1725001728,12772319232,7974731776,35754590208,31,13525094400
1791661447.968,927.076,zebrad,130888338,115901975,14986363,672600064,4379955200,390090752,268337152,3883888640,731172864,19,13525094400
1791661448.969,928.076,indexer,1346841849,1099929401,246912447,14875021312,14944235520,1735487488,12785319936,7987707904,35754590208,31,13517291520
1791661448.969,928.076,zebrad,130894892,115907809,14987083,672600064,4379955200,390090752,268337152,3883888640,731172864,19,13517291520
1791661449.969,929.076,indexer,1348646957,1101429284,247217673,14894342144,14944235520,1743876096,12796059648,7998447616,35754590208,31,13506338816
1791661449.969,929.076,zebrad,130901876,115913794,14988081,672595968,4379955200,390090752,268337152,3883888640,731172864,19,13506338816
1791661450.969,930.076,indexer,1350441096,1103083542,247357553,14906155008,14944235520,1748070400,12803948544,8006336512,35754590208,31,13502308352
1791661450.969,930.076,zebrad,130908518,115920136,14988382,672636928,4379955200,390090752,268337152,3883888640,731172864,19,13502308352
1791661451.969,931.077,indexer,1352080961,1104534788,247546172,14917791744,14944235520,1752268800,12811161600,8013549568,35754590208,31,13497589760
1791661451.969,931.077,zebrad,130914866,115926484,14988382,672378880,4379955200,390090752,268337152,3883888640,731172864,19,13497589760
1791661452.969,932.077,indexer,1353736826,1105873862,247862964,14891765760,14944235520,1760657408,12776562688,8024199168,35754590208,31,13497802752
1791661452.969,932.077,zebrad,130921706,115932304,14989401,672636928,4379955200,390090752,268337152,3883888640,731172864,19,13497802752
1791661453.969,933.077,indexer,1355103663,1106990062,248113600,14851313664,14944235520,1766948864,12732882944,8039268352,35754590208,31,13488242688
1791661453.969,933.077,zebrad,130928280,115936922,14991358,672370688,4379955200,390090752,268337152,3883888640,731172864,19,13488242688
1791661454.969,934.077,indexer,1356640401,1108261727,248378673,14871965696,14944235520,1773240320,12747083776,8053469184,35754590208,31,13483802624
1791661454.969,934.077,zebrad,130935201,115942191,14993009,672628736,4379955200,390090752,268337152,3883888640,731172864,19,13483802624
1791661455.969,935.077,indexer,1358279323,1109657454,248621869,14894817280,14944235520,1781628928,12761489408,8067874816,35754590208,31,13474639872
1791661455.969,935.077,zebrad,130942634,115946795,14995839,672370688,4379955200,390090752,268337152,3883888640,731172864,19,13474639872
1791661456.969,936.077,indexer,1359874510,1110967734,248906776,14914437120,14944235520,1787920384,12774744064,8081141760,35754590208,31,13471838208
1791661456.969,936.077,zebrad,130949045,115953162,14995883,672624640,4379955200,390090752,268337152,3883888640,731172864,19,13471838208
1791661457.969,937.077,indexer,1361415087,1112231318,249183768,14936006656,14944235520,1796308992,12788064256,8094449664,35754590208,31,13458378752
1791661457.969,937.077,zebrad,130956171,115960277,14995893,672624640,4379955200,390090752,268337152,3883888640,731172864,19,13458378752
1791661458.970,938.077,indexer,1363112755,1113587515,249525240,14850637824,14945648640,1806794752,12694798336,8105074688,35754590208,31,13450416128
1791661458.970,938.077,zebrad,130963406,115964820,14998585,672624640,4379955200,390090752,268337152,3883888640,731172864,19,13450416128
1791661459.970,939.077,indexer,1364991071,1115192428,249798643,14699196416,14945648640,1639145472,12711194624,8121470976,35754590208,32,13602631680
1791661459.970,939.077,zebrad,130970323,115971636,14998687,672624640,4379955200,390090752,268337152,3883888640,731172864,19,13602631680
1791661460.970,940.077,indexer,1367219014,1117167872,250051141,14733729792,14945648640,1655726080,12729233408,8139509760,35754590208,32,13591560192
1791661460.970,940.077,zebrad,130976924,115978171,14998753,672620544,4379955200,390090752,268337152,3883888640,731172864,19,13591560192
1791661461.970,941.078,indexer,1369306725,1118942878,250363846,14839861248,14945648640,1664806912,12823691264,8157237248,35754590208,32,13591109632
1791661461.970,941.078,zebrad,130984566,115983964,15000602,672620544,4379955200,390090752,268337152,3883888640,731172864,19,13591109632
1791661462.970,942.078,indexer,1371163717,1120418464,250745253,14903189504,14945648640,1671798784,12873625600,8183320576,35754590208,32,13575794688
1791661462.970,942.078,zebrad,130991656,115989153,15002502,672620544,4379955200,390090752,268337152,3883888640,731172864,19,13575794688
1791661463.970,943.078,indexer,1371796358,1120857024,250939333,14910959616,14945648640,1673895936,12878835712,8187744256,35993673728,32,13570957312
1791661463.970,943.078,zebrad,130997656,115994152,15003504,672354304,4379955200,390090752,268337152,3883888640,731172864,19,13570957312
1791661464.970,944.078,indexer,1372233375,1121213868,251019506,14916997120,14945648640,1675993088,12882604032,8191496192,36188049408,32,13566414848
1791661464.970,944.078,zebrad,131003752,115999235,15004516,672616448,4379955200,390090752,268337152,3883888640,731172864,19,13566414848
1791661465.970,945.078,indexer,1372760525,1121668480,251092044,14923923456,14945648640,1678090240,12887617536,8196509696,36367917056,32,13565112320
1791661465.970,945.078,zebrad,131010261,116003680,15006580,672612352,4379955200,390090752,268337152,3883888640,731172864,19,13565112320
1791661466.970,946.078,indexer,1373022246,1121891077,251131168,14925893632,14945648640,1678090240,12889497600,8198389760,36454686720,32,13564043264
1791661466.970,946.078,zebrad,131016149,116009469,15006679,672358400,4379955200,390090752,268337152,3883888640,731172864,19,13564043264
1791661467.970,947.078,indexer,1373331235,1122122166,251209068,14831915008,14945648640,1678090240,12797796352,8200273920,36538060800,32,13567488000
1791661467.970,947.078,zebrad,131022459,116015632,15006827,672358400,4379955200,390090752,268337152,3883888640,731172864,19,13567488000
1791661468.971,948.078,indexer,1373619695,1122342102,251277592,14833926144,14945648640,1678245888,12799799296,8202276864,36622954496,32,13567401984
1791661468.971,948.078,zebrad,131028885,116021007,15007877,672616448,4379955200,390090752,268337152,3883888640,731172864,19,13567401984
1791661469.971,949.078,indexer,1374017775,1122645690,251372085,14838484992,14945648640,1679024128,12802932736,8205410304,36714663936,32,13567827968
1791661469.971,949.078,zebrad,131031733,116022985,15008748,672612352,4379955200,390090752,268337152,3883888640,731172864,19,13567827968
1791661471.352,950.459,indexer,1375631456,1124139971,251491484,14843891712,14945648640,1681240064,12806148096,8208625664,36913598464,32,13564018688
1791661471.352,950.459,zebrad,131037771,116028792,15008979,672608256,4379955200,390090752,268337152,3883888640,731172864,19,13564018688
1791661472.352,951.459,indexer,1376975092,1125212188,251762903,14860513280,14945648640,1688899584,12815249408,8217726976,36959465472,31,13558964224
1791661472.352,951.459,zebrad,131044461,116034286,15010174,672604160,4379955200,390090752,268337152,3883888640,731172864,19,13558964224
1791661473.352,952.460,indexer,1378635761,1126588324,252047437,14882885632,14945648640,1699385344,12827049984,8229527552,36959465472,31,13545889792
1791661473.352,952.460,zebrad,131051003,116040770,15010233,672632832,4379955200,390090752,268337152,3883888640,731172864,19,13545889792
1791661474.352,953.460,indexer,1380228360,1127852151,252376209,14901559296,14945648640,1705684992,12839510016,8241987584,36959465472,31,13537759232
1791661474.352,953.460,zebrad,131057652,116046343,15011309,672624640,4379955200,390090752,268337152,3883888640,731172864,19,13537759232
1791661475.352,954.460,indexer,1381741899,1129134706,252607192,14922903552,14945648640,1712496640,12853747712,8256229376,36959465472,31,13531176960
1791661475.352,954.460,zebrad,131065134,116053772,15011361,672624640,4379955200,390090752,268337152,3883888640,731172864,19,13531176960
1791661476.353,955.460,indexer,1383308782,1130425589,252883192,14835531776,14945648640,1720885248,12760834048,8267264000,36959465472,31,13526097920
1791661476.353,955.460,zebrad,131072160,116059910,15012250,672858112,4379955200,390090752,268337152,3883888640,731172864,19,13526097920
1791661477.353,956.460,indexer,1384979188,1131771250,253207937,14853156864,14945648640,1729273856,12770209792,8276639744,36959465472,31,13518536704
1791661477.353,956.460,zebrad,131079762,116067512,15012250,672854016,4379955200,390090752,268337152,3883888640,731172864,19,13518536704
1791661478.353,957.460,indexer,1386592401,1133118232,253474169,14870806528,14945648640,1737662464,12779401216,8285831168,36959465472,31,13505277952
1791661478.353,957.460,zebrad,131086549,116072368,15014181,672849920,4379955200,390090752,268337152,3883888640,731172864,19,13505277952
1791661479.353,958.461,indexer,1387922631,1134266202,253656429,14880395264,14945648640,1741860864,12785106944,8291536896,36959465472,31,13504737280
1791661479.353,958.461,zebrad,131093114,116078933,15014181,672849920,4379955200,390090752,268337152,3883888640,731172864,19,13504737280
1791661480.353,959.461,indexer,1389269387,1135442761,253826626,14891626496,14945648640,1746055168,12791775232,8298205184,36959465472,31,13503111168
1791661480.353,959.461,zebrad,131099672,116084594,15015078,672845824,4379955200,390090752,268337152,3883888640,731172864,19,13503111168
1791661481.353,960.461,indexer,1390632124,1136640597,253991527,14904045568,14945648640,1750249472,12799840256,8306270208,36959465472,31,13496336384
1791661481.353,960.461,zebrad,131105779,116089803,15015976,672845824,4379955200,390090752,268337152,3883888640,731172864,19,13496336384
1791661482.353,961.461,indexer,1392023721,1137823273,254200448,14918213632,14945648640,1756540928,12807958528,8314388480,36959465472,31,13488156672
1791661482.353,961.461,zebrad,131112097,116096087,15016010,672837632,4379955200,390090752,268337152,3883888640,731172864,19,13488156672
1791661483.353,962.461,indexer,1393494186,1139088915,254405271,14929141760,14945648640,1760735232,12814508032,8320937984,36959465472,31,13482668032
1791661483.353,962.461,zebrad,131119745,116101540,15018204,672833536,4379955200,390090752,268337152,3883888640,731172864,19,13482668032
1791661484.353,963.461,indexer,1395218603,1140508053,254710550,14842048512,14945648640,1769123840,12720726016,8331034624,36959465472,31,13477048320
1791661484.353,963.461,zebrad,131126387,116107337,15019049,672825344,4379955200,390090752,268337152,3883888640,731172864,19,13477048320
1791661485.353,964.461,indexer,1396980735,1142113167,254867567,14854594560,14945648640,1773318144,12729106432,8339415040,36959465472,31,13471744000
1791661485.353,964.461,zebrad,131132887,116113837,15019049,672821248,4379955200,390090752,268337152,3883888640,731172864,19,13471744000
1791661486.354,965.461,indexer,1398575999,1143430058,255145941,14875586560,14945648640,1783803904,12739452928,8349761536,36959465472,31,13468385280
1791661486.354,965.461,zebrad,131139997,116120769,15019227,672813056,4379955200,390090752,268337152,3883888640,731172864,19,13468385280
1791661487.354,966.461,indexer,1400272084,1144811447,255460637,14894956544,14945648640,1792192512,12750229504,8360542208,36959465472,31,13455937536
1791661487.354,966.461,zebrad,131146508,116127280,15019227,672813056,4379955200,390090752,268337152,3883888640,731172864,19,13455937536
1791661488.354,967.461,indexer,1401994921,1146204791,255790130,14914068480,14945648640,1802678272,12759695360,8370003968,36959465472,31,13436157952
1791661488.354,967.461,zebrad,131153108,116131321,15021787,672813056,4379955200,390090752,268337152,3883888640,731172864,19,13436157952
1791661489.354,968.462,indexer,1403599943,1147543926,256056016,14831820800,14945648640,1811849216,12668260352,8382640128,36959465472,31,13434503168
1791661489.354,968.462,zebrad,131159449,116137626,15021823,672546816,4379955200,390090752,268337152,3883888640,731172864,19,13434503168
1791661490.354,969.462,indexer,1404899404,1148763231,256136172,14855036928,14945648640,1811849216,12691623936,8406003712,36959465472,31,13436112896
1791661490.354,969.462,zebrad,131165637,116142016,15023620,672804864,4379955200,390090752,268337152,3883888640,731172864,19,13436112896
1791661491.354,970.462,indexer,1406247270,1150036674,256210595,14887309312,14945648640,1813946368,12721758208,8436137984,36959465472,31,13433536512
1791661491.354,970.462,zebrad,131172336,116147749,15024586,672800768,4379955200,390090752,268337152,3883888640,731172864,19,13433536512
1791661492.354,971.462,indexer,1407564269,1151254726,256309543,14916521984,14945648640,1816043520,12748898304,8463278080,36959465472,31,13431582720
1791661492.354,971.462,zebrad,131178575,116153074,15025500,672796672,4379955200,390090752,268337152,3883888640,731172864,19,13431582720
1791661493.354,972.462,indexer,1409085022,1152566986,256518036,14833418240,14945648640,1820237824,12664086528,8482553856,36959465472,31,13439721472
1791661493.354,972.462,zebrad,131185942,116160288,15025653,672526336,4379955200,390090752,268337152,3883888640,731172864,19,13439721472
1791661494.354,973.462,indexer,1411033399,1154280370,256753028,14682181632,14945648640,1652482048,12680855552,8499322880,36959465472,32,13596291072
1791661494.354,973.462,zebrad,131192322,116165508,15026814,672067584,4379955200,390090752,268337152,3883888640,731172864,19,13596291072
1791661495.355,974.462,indexer,1413215690,1156262123,256953566,14703775744,14945648640,1652482048,12702457856,8520925184,36959465472,32,13596676096
1791661495.355,974.462,zebrad,131198972,116172087,15026885,672587776,4379955200,390090752,268337152,3883888640,731172864,19,13596676096
1791661496.355,975.462,indexer,1415361335,1158052938,257308396,14917386240,14945648640,1666469888,12896739328,8546037760,36959465472,32,13590294528
1791661496.355,975.462,zebrad,131206890,116179014,15027876,672583680,4379955200,390090752,268337152,3883888640,731172864,19,13590294528
1791661497.355,976.462,indexer,1416421075,1158836130,257584945,14898159616,14945648640,1668567040,12871217152,8553648128,37132005376,32,13579382784
1791661497.355,976.462,zebrad,131213414,116184822,15028592,672583680,4379955200,390090752,268337152,3883888640,731172864,19,13579382784
1791661498.355,977.462,indexer,1416828129,1159176154,257651975,14902730752,14945648640,1668567040,12875771904,8558202880,37353009152,32,13579997184
1791661498.355,977.462,zebrad,131219592,116189203,15030388,672583680,4379955200,390090752,268337152,3883888640,731172864,19,13579997184
1791661499.355,978.463,indexer,1417213283,1159509067,257704216,14907187200,14945648640,1669103616,12879527936,8561958912,37509849088,32,13577973760
1791661499.355,978.463,zebrad,131225815,116195426,15030388,672579584,4379955200,390090752,268337152,3883888640,731172864,19,13577973760
1791661500.355,979.463,indexer,1417454640,1159726051,257728589,14909464576,14945648640,1669545984,12881600512,8564031488,37592862720,32,13576491008
1791661500.355,979.463,zebrad,131233447,116203058,15030388,672575488,4379955200,390090752,268337152,3883888640,731172864,19,13576491008
1791661501.355,980.463,indexer,1417733797,1159947087,257786709,14929825792,14945648640,1669967872,12900790272,8566046720,37676093440,32,13573365760
1791661501.355,980.463,zebrad,131239383,116208995,15030388,672550912,4379955200,390103040,268337152,3883888640,731172864,19,13573365760
1791661502.355,981.463,indexer,1418011087,1160161145,257849942,14828183552,14945648640,1672359936,12798664704,8568000512,37764063232,32,13572849664
1791661502.355,981.463,zebrad,131245097,116214464,15030633,672546816,4379955200,390103040,268337152,3883888640,731172864,19,13572849664
1791661503.355,982.463,indexer,1418410136,1160476640,257933495,14831140864,14945648640,1672368128,12801605632,8570941440,37857816576,32,13572407296
1791661503.355,982.463,zebrad,131248629,116217996,15030633,672546816,4379955200,390103040,268337152,3883888640,731172864,19,13572407296
1791661504.355,983.463,indexer,1419545365,1161526067,258019298,14834696192,14945648640,1672368128,12805095424,8574431232,37961637888,32,13573763072
1791661504.355,983.463,zebrad,131248655,116218022,15030633,672538624,4379955200,390103040,268337152,3883888640,731172864,19,13573763072
1791661505.355,984.463,indexer,1420166222,1162063974,258102248,14840229888,14945648640,1674465280,12808605696,8577941504,38152548352,32,13568192512
1791661505.355,984.463,zebrad,131255169,116224533,15030636,672796672,4379955200,390103040,268337152,3883888640,731172864,19,13568192512
1791661506.356,985.463,indexer,1421514023,1163234241,258279781,14861385728,14945648640,1676562432,12827385856,8596729856,38172254208,31,13568098304
1791661506.356,985.463,zebrad,131261941,116230445,15031495,672792576,4379955200,390103040,268337152,3883888640,731172864,19,13568098304
1791661507.356,986.463,indexer,1422954153,1164465035,258489117,14887350272,14945648640,1682853888,12847370240,8616706048,38172254208,31,13560033280
1791661507.356,986.463,zebrad,131268358,116236157,15032200,672788480,4379955200,390103040,268337152,3883888640,731172864,19,13560033280
1791661508.356,987.463,indexer,1424412003,1165723719,258688284,14909861888,14945648640,1686003712,12866748416,8636084224,38172254208,31,13558435840
1791661508.356,987.463,zebrad,131275024,116242824,15032200,672788480,4379955200,390103040,268337152,3883888640,731172864,19,13558435840
1791661509.356,988.464,indexer,1425867727,1166993953,258873774,14825869312,14945648640,1690198016,12781326336,8654749696,38172254208,31,13564518400
1791661509.356,988.464,zebrad,131281749,116249549,15032200,672784384,4379955200,390103040,268337152,3883888640,731172864,19,13564518400
1791661510.356,989.464,indexer,1427224927,1168200412,259024514,14847279104,14945648640,1692295168,12800376832,8673796096,38172254208,31,13559488512
1791661510.356,989.464,zebrad,131288154,116255328,15032826,672784384,4379955200,390103040,268337152,3883888640,731172864,19,13559488512
1791661511.356,990.464,indexer,1428618860,1169459291,259159569,14865588224,14945648640,1696489472,12814462976,8687882240,38172254208,31,13560246272
1791661511.356,990.464,zebrad,131294960,116259147,15035813,672813056,4379955200,390103040,268337152,3883888640,731172864,19,13560246272
1791661512.356,991.464,indexer,1430070506,1170730554,259339952,14884134912,14945648640,1700683776,12828651520,8702070784,38172254208,31,13547515904
1791661512.356,991.464,zebrad,131301864,116265950,15035913,672555008,4379955200,390103040,268337152,3883888640,731172864,19,13547515904
1791661513.356,992.464,indexer,1431703717,1172108515,259595202,14899851264,14945648640,1706975232,12838359040,8711786496,38172254208,31,13543272448
1791661513.356,992.464,zebrad,131308396,116271420,15036976,672296960,4379955200,390103040,268337152,3883888640,731172864,19,13543272448
1791661514.356,993.464,indexer,1433279928,1173448526,259831401,14919634944,14945648640,1715884032,12848898048,8722317312,38172254208,31,13532045312
1791661514.356,993.464,zebrad,131314697,116277721,15036976,672325632,4379955200,390103040,268337152,3883888640,731172864,19,13532045312
1791661515.356,994.464,indexer,1434947059,1174818178,260128881,14937055232,14945648640,1724272640,12857991168,8731410432,38172254208,31,13527109632
1791661515.356,994.464,zebrad,131320875,116283899,15036976,672325632,4379955200,390103040,268337152,3883888640,731172864,19,13527109632
1791661516.356,995.464,indexer,1436571863,1176156639,260415224,14851166208,14945648640,1734758400,12764676096,8742100992,38172254208,31,13518782464
1791661516.356,995.464,zebrad,131327901,116290332,15037568,672059392,4379955200,390103040,268337152,3883888640,731172864,19,13518782464
1791661517.357,996.464,indexer,1437936789,1177335657,260601132,14863335424,14945648640,1738952704,12772540416,8749965312,38172254208,31,13514330112
1791661517.357,996.464,zebrad,131334409,116296670,15037739,672059392,4379955200,390103040,268337152,3883888640,731172864,19,13514330112
1791661518.357,997.464,indexer,1439247701,1178481477,260766224,14875480064,14945648640,1743147008,12780314624,8757739520,38172254208,31,13509292032
1791661518.357,997.464,zebrad,131340742,116302194,15038548,672321536,4379955200,390103040,268337152,3883888640,731172864,19,13509292032
1791661519.357,998.464,indexer,1440550728,1179635551,260915176,14887247872,14945648640,1747341312,12787970048,8765394944,38172254208,31,13505744896
1791661519.357,998.464,zebrad,131347110,116307633,15039477,672317440,4379955200,390103040,268337152,3883888640,731172864,19,13505744896
1791661520.357,999.465,indexer,1441880839,1180838663,261042176,14897770496,14945648640,1749438464,12796293120,8773718016,38172254208,31,13501321216
1791661520.357,999.465,zebrad,131353070,116313593,15039477,672317440,4379955200,390103040,268337152,3883888640,731172864,19,13501321216
1791661521.357,1000.465,indexer,1443240466,1182046212,261194253,14909861888,14945648640,1753632768,12804145152,8781570048,38172254208,31,13497044992
1791661521.357,1000.465,zebrad,131359874,116320396,15039477,672317440,4379955200,390103040,268337152,3883888640,731172864,19,13497044992
1791661522.357,1001.465,indexer,1444552215,1183223268,261328946,14921687040,14945648640,1757827072,12811759616,8789184512,38172254208,31,13492830208
1791661522.357,1001.465,zebrad,131366963,116327486,15039477,672317440,4379955200,390103040,268337152,3883888640,731172864,19,13492830208
1791661523.357,1002.465,indexer,1445927804,1184417286,261510517,14933958656,14945648640,1762021376,12819664896,8797089792,38172254208,31,13488336896
1791661523.357,1002.465,zebrad,131373031,116333554,15039477,672321536,4379955200,390103040,268337152,3883888640,731172864,19,13488336896
1791661524.357,1003.465,indexer,1447325874,1185628590,261697283,14842368000,14945648640,1768476672,12724748288,8806187008,38172254208,31,13484068864
1791661524.357,1003.465,zebrad,131379791,116336695,15043096,672108544,4379955200,390103040,268337152,3883888640,731172864,19,13484068864
1791661525.357,1004.465,indexer,1448843972,1186878564,261965408,14858448896,14945648640,1774768128,12734689280,8816128000,38172254208,31,13479206912
1791661525.357,1004.465,zebrad,131386841,116342508,15044333,672370688,4379955200,390103040,268337152,3883888640,731172864,19,13479206912
1791661526.357,1005.465,indexer,1450370970,1188207589,262163381,14874476544,14945648640,1781059584,12744450048,8825892864,38172254208,31,13468983296
1791661526.357,1005.465,zebrad,131393463,116348288,15045175,672362496,4379955200,390103040,268337152,3883888640,731172864,19,13468983296
1791661527.357,1006.465,indexer,1451806393,1189426396,262379997,14888235008,14945648640,1785253888,12753887232,8835325952,38172254208,31,13465751552
1791661527.357,1006.465,zebrad,131399881,116353541,15046339,672620544,4379955200,390103040,268337152,3883888640,731172864,19,13465751552
1791661528.358,1007.465,indexer,1453204654,1190643473,262561180,14903382016,14945648640,1791545344,12762685440,8844124160,38172254208,31,13461962752
1791661528.358,1007.465,zebrad,131405844,116359396,15046447,672874496,4379955200,390103040,268337152,3883888640,731172864,19,13461962752
1791661529.358,1008.465,indexer,1454523330,1191803120,262720210,14914727936,14945648640,1793642496,12771893248,8853331968,38172254208,31,13447757824
1791661529.358,1008.465,zebrad,131412949,116366501,15046447,672870400,4379955200,390103040,268337152,3883888640,731172864,19,13447757824
1791661530.358,1009.465,indexer,1455812485,1192924029,262888456,14819045376,14945648640,1797439488,12675076096,8860524544,38172254208,31,13440880640
1791661530.358,1009.465,zebrad,131421689,116375241,15046447,672870400,4379955200,390103040,268337152,3883888640,731172864,19,13440880640
1791661531.358,1010.466,indexer,1457090262,1194028463,263061798,14830538752,14945648640,1802031104,12681334784,8867373056,38172254208,31,13440610304
1791661531.358,1010.466,zebrad,131428092,116381644,15046447,672862208,4379955200,390107136,268337152,3883888640,731172864,19,13440610304
1791661532.358,1011.466,indexer,1458437098,1195215710,263221388,14842568704,14945648640,1805590528,12690710528,8876158976,38172254208,31,13439619072
1791661532.358,1011.466,zebrad,131434248,116385989,15048258,672858112,4379955200,390107136,268337152,3883888640,731172864,19,13439619072
1791661533.358,1012.466,indexer,1459812735,1196383926,263428808,14860173312,14945648640,1811578880,12702134272,8887586816,38172254208,31,13437558784
1791661533.358,1012.466,zebrad,131440995,116390760,15050234,672858112,4379955200,390107136,268337152,3883888640,731172864,19,13437558784
1791661534.358,1013.466,indexer,1461241021,1197560147,263680874,14878265344,14945648640,1818423296,12713025536,8898473984,38172258304,31,13431128064
1791661534.358,1013.466,zebrad,131447650,116397415,15050234,672858112,4379955200,390107136,268337152,3883888640,731172864,19,13431128064
1791661535.358,1014.466,indexer,1462682302,1198793630,263888671,14894084096,14945648640,1824825344,12722487296,8907935744,38172258304,31,13420896256
1791661535.358,1014.466,zebrad,131454966,116404511,15050454,672854016,4379955200,390107136,268337152,3883888640,731172864,19,13420896256
1791661536.358,1015.466,indexer,1464950636,1200809764,264140871,14746673152,14945648640,1664278528,12736016384,8921464832,38172258304,32,13568417792
1791661536.358,1015.466,zebrad,131461608,116410968,15050640,672854016,4379955200,390107136,268337152,3883888640,731172864,19,13568417792
1791661537.358,1016.466,indexer,1467308479,1202882863,264425616,14767882240,14945648640,1671053312,12750143488,8935596032,38172258304,32,13571264512
1791661537.358,1016.466,zebrad,131468841,116417173,15051667,672849920,4379955200,390107136,268337152,3883888640,731172864,19,13571264512
1791661538.359,1017.466,indexer,1469578591,1204711740,264866850,14879588352,14945648640,1681432576,12842196992,8949030912,38172258304,32,13562007552
1791661538.359,1017.466,zebrad,131475860,116424078,15051781,672620544,4379955200,390107136,268337152,3883888640,731172864,19,13562007552
1791661539.359,1018.466,indexer,1470373240,1205307919,265065320,14905032704,14945648640,1685626880,12862701568,8952754176,38410543104,32,13555761152
1791661539.359,1018.466,zebrad,131482756,116430974,15051781,672362496,4379955200,390107136,268337152,3883888640,731172864,19,13555761152
1791661540.359,1019.466,indexer,1470929316,1205797740,265131575,14907764736,14945648640,1685626880,12865417216,8955469824,38603476992,32,13555720192
1791661540.359,1019.466,zebrad,131488934,116437152,15051781,672886784,4379955200,390107136,268337152,3883888640,731172864,19,13555720192
1791661541.359,1020.467,indexer,1471532961,1206319556,265213404,14913064960,14945648640,1687724032,12868497408,8958550016,38742372352,32,13548851200
1791661541.359,1020.467,zebrad,131495228,116443447,15051781,672882688,4379955200,390107136,268337152,3883888640,731172864,19,13548851200
1791661542.359,1021.467,indexer,1471813908,1206554277,265259630,14916055040,14945648640,1689821184,12869566464,8959619072,38824128512,32,13548474368
1791661542.359,1021.467,zebrad,131500774,116448993,15051781,672882688,4379955200,390107136,268337152,3883888640,731172864,19,13548474368
1791661543.359,1022.467,indexer,1472247396,1206883334,265364062,14862794752,14945648640,1689821184,12817002496,8960823296,38909128704,32,13547266048
1791661543.359,1022.467,zebrad,131506794,116454146,15052647,672612352,4379955200,390107136,268337152,3883888640,731172864,19,13547266048
1791661544.359,1023.467,indexer,1473111968,1207668715,265443253,14865809408,14945648640,1689939968,12819730432,8963551232,38993178624,32,13547749376
1791661544.359,1023.467,zebrad,131506820,116454169,15052651,672608256,4379955200,390107136,268337152,3883888640,731172864,19,13547749376
1791661545.359,1024.467,indexer,1474240399,1208708077,265532322,14870446080,14945648640,1692971008,12821221376,8965042176,39090892800,32,13543989248
1791661545.359,1024.467,zebrad,131510568,116456828,15053739,672608256,4379955200,390107136,268337152,3883888640,731172864,19,13543989248
1791661546.359,1025.467,indexer,1474808497,1209166955,265641542,14872854528,14945648640,1692971008,12823711744,8967532544,39256674304,32,13544542208
1791661546.359,1025.467,zebrad,131516893,116462889,15054003,672608256,4379955200,390107136,268337152,3883888640,731172864,19,13544542208
1791661547.359,1026.467,indexer,1475521637,1209717354,265804282,14881157120,14945648640,1697165312,12827504640,8971325440,39417753600,31,13545803776
1791661547.359,1026.467,zebrad,131522650,116467558,15055092,672604160,4379955200,390107136,268337152,3883888640,731172864,19,13545803776
1791661548.359,1027.467,indexer,1477059622,1211014524,266045097,14896422912,14945648640,1703456768,12836581376,8980402176,39417753600,31,13537972224
1791661548.359,1027.467,zebrad,131529867,116474639,15055228,672858112,4379955200,390107136,268337152,3883888640,731172864,19,13537972224
1791661549.360,1028.467,indexer,1478452845,1212218078,266234767,14909140992,14945648640,1707651072,12845019136,8988839936,39417753600,31,13530849280
1791661549.360,1028.467,zebrad,131536857,116480743,15056113,672854016,4379955200,390107136,268337152,3883888640,731172864,19,13530849280
1791661550.360,1029.467,indexer,1479898008,1213467333,266430675,14923509760,14945648640,1711845376,12855558144,8999378944,39417753600,31,13527683072
1791661550.360,1029.467,zebrad,131543312,116487035,15056277,672854016,4379955200,390107136,268337152,3883888640,731172864,19,13527683072
1791661551.360,1030.468,indexer,1481239219,1214688082,266551137,14830211072,14945648640,1716043776,12760518656,9008283648,39417753600,31,13522276352
1791661551.360,1030.468,zebrad,131550054,116492920,15057133,672849920,4379955200,390107136,268337152,3883888640,731172864,19,13522276352
1791661552.360,1031.468,indexer,1482677422,1215955210,266722212,14845632512,14945648640,1720758272,12771135488,9018900480,39417753600,31,13517516800
1791661552.360,1031.468,zebrad,131556003,116498763,15057239,672849920,4379955200,390107136,268337152,3883888640,731172864,19,13517516800
1791661553.360,1032.468,indexer,1484059620,1217192280,266867339,14858985472,14945648640,1722855424,12782669824,9030434816,39417753600,31,13514915840
1791661553.360,1032.468,zebrad,131562744,116504533,15058210,672849920,4379955200,390107136,268337152,3883888640,731172864,19,13514915840
1791661554.360,1033.468,indexer,1485394319,1218379214,267015104,14874718208,14945648640,1727049728,12794077184,9041842176,39417753600,31,13510471680
1791661554.360,1033.468,zebrad,131569086,116509835,15059251,672849920,4379955200,390107136,268337152,3883888640,731172864,19,13510471680
1791661555.360,1034.468,indexer,1486742967,1219563478,267179489,14888976384,14945648640,1731244032,12804071424,9051836416,39417753600,31,13508911104
1791661555.360,1034.468,zebrad,131576057,116515923,15060134,672849920,4379955200,390107136,268337152,3883888640,731172864,19,13508911104
1791661556.360,1035.468,indexer,1488075355,1220752410,267322944,14901784576,14945648640,1733341184,12814966784,9062731776,39417753600,31,13504905216
1791661556.360,1035.468,zebrad,131582516,116522103,15060413,672849920,4379955200,390107136,268337152,3883888640,731172864,19,13504905216
1791661557.360,1036.468,indexer,1489469110,1221946541,267522569,14920392704,14945648640,1739632640,12826951680,9074716672,39417753600,31,13501669376
1791661557.360,1036.468,zebrad,131589269,116528772,15060496,672870400,4379955200,390107136,268337152,3883888640,731172864,19,13501669376
1791661558.360,1037.468,indexer,1490902538,1223152159,267750379,14830542848,14945648640,1745924096,12733095936,9084833792,39417753600,31,13493084160
1791661558.360,1037.468,zebrad,131595995,116534529,15061466,672870400,4379955200,390107136,268337152,3883888640,731172864,19,13493084160
1791661559.361,1038.468,indexer,1492176899,1224303188,267873711,14839709696,14945648640,1748021248,12740177920,9091915776,39417753600,31,13493374976
1791661559.361,1038.468,zebrad,131603461,116538272,15065188,672870400,4379955200,390107136,268337152,3883888640,731172864,19,13493374976
1791661560.361,1039.468,indexer,1493586507,1225511543,268074963,14852308992,14945648640,1752215552,12748509184,9100247040,39417753600,31,13488914432
1791661560.361,1039.468,zebrad,131612368,116545301,15067067,672870400,4379955200,390107136,268337152,3883888640,731172864,19,13488914432
1791661561.361,1040.468,indexer,1494968220,1226735982,268232238,14864789504,14945648640,1756409856,12756541440,9108279296,39417753600,31,13479288832
1791661561.361,1040.468,zebrad,131619034,116551893,15067140,672870400,4379955200,390107136,268337152,3883888640,731172864,19,13479288832
1791661562.361,1041.469,indexer,1496411751,1227992262,268419488,14877401088,14945648640,1760604160,12765106176,9116844032,39417753600,31,13475377152
1791661562.361,1041.469,zebrad,131625125,116556858,15068267,672870400,4379955200,390107136,268337152,3883888640,731172864,19,13475377152
1791661563.361,1042.469,indexer,1497980524,1229298936,268681587,14895689728,14945648640,1768996864,12774875136,9126612992,39417753600,31,13467709440
1791661563.361,1042.469,zebrad,131631605,116563338,15068267,672870400,4379955200,390107136,268337152,3883888640,731172864,19,13467709440
1791661564.361,1043.469,indexer,1499409737,1230510335,268899401,14907645952,14945648640,1773191168,12782780416,9134518272,39417753600,31,13463908352
1791661564.361,1043.469,zebrad,131637994,116569727,15068267,672870400,4379955200,390107136,268337152,3883888640,731172864,19,13463908352
1791661565.361,1044.469,indexer,1500872771,1231738584,269134186,14816882688,14945648640,1779490816,12687470592,9143107584,39417753600,31,13470146560
1791661565.361,1044.469,zebrad,131644913,116576250,15068662,672862208,4379955200,390107136,268337152,3883888640,731172864,19,13470146560
1791661566.361,1045.469,indexer,1502400190,1233008247,269391942,14831878144,14945648640,1785782272,12696211456,9151848448,39417753600,31,13458444288
1791661566.361,1045.469,zebrad,131651258,116582596,15068662,672604160,4379955200,390107136,268337152,3883888640,731172864,19,13458444288
1791661567.361,1046.469,indexer,1504022665,1234345744,269676920,14850310144,14945648640,1794170880,12705902592,9161539584,39417753600,31,13453234176
1791661567.361,1046.469,zebrad,131657868,116589102,15068765,672866304,4379955200,390107136,268337152,3883888640,731172864,19,13453234176
1791661568.361,1047.469,indexer,1505438630,1235551239,269887391,14865190912,14945648640,1800462336,12714721280,9170358272,39417753600,31,13447004160
1791661568.361,1047.469,zebrad,131664666,116595697,15068969,672600064,4379955200,390107136,268337152,3883888640,731172864,19,13447004160
1791661569.362,1048.469,indexer,1506899624,1236771863,270127761,14878507008,14945648640,1804656640,12723757056,9179394048,39417753600,31,13440057344
1791661569.362,1048.469,zebrad,131671192,116602223,15068969,672600064,4379955200,390107136,268337152,3883888640,731172864,19,13440057344
1791661570.362,1049.469,indexer,1508383958,1237987069,270396888,14896537600,14945648640,1813045248,12733591552,9189228544,39417753600,31,13435273216
1791661570.362,1049.469,zebrad,131678099,116607423,15070676,672600064,4379955200,390107136,268337152,3883888640,731172864,19,13435273216
1791661571.362,1050.469,indexer,1509675904,1239085240,270590663,14908235776,14945648640,1817239552,12741083136,9196720128,39417753600,31,13419565056
1791661571.362,1050.469,zebrad,131685065,116612272,15072792,672600064,4379955200,390107136,268337152,3883888640,731172864,19,13419565056
1791661572.362,1051.470,indexer,1511088517,1240282838,270805679,14921535488,14945648640,1823531008,12748083200,9203720192,39417753600,31,13415284736
1791661572.362,1051.470,zebrad,131691999,116619207,15072792,672600064,4379955200,390107136,268337152,3883888640,731172864,19,13415284736
1791661573.362,1052.470,indexer,1512570903,1241575103,270995799,14829412352,14945648640,1827725312,12652015616,9211551744,39417753600,31,13415407616
1791661573.362,1052.470,zebrad,131698215,116624637,15073577,672600064,4379955200,390107136,268337152,3883888640,731172864,19,13415407616
1791661574.362,1053.470,indexer,1513953717,1242790668,271163049,14840786944,14945648640,1831264256,12659982336,9219518464,39417753600,31,13415743488
1791661574.362,1053.470,zebrad,131705046,116631377,15073669,672600064,4379955200,390107136,268337152,3883888640,731172864,19,13415743488
1791661575.362,1054.470,indexer,1515914655,1244598526,271316129,14683856896,14945648640,1662054400,12672462848,9231998976,39417753600,32,13579538432
1791661575.362,1054.470,zebrad,131712144,116638467,15073677,672595968,4379955200,390107136,268337152,3883888640,731172864,19,13579538432
1791661576.363,1055.471,indexer,1518233671,1246659730,271573941,14713626624,14945648640,1673469952,12690444288,9249869824,39417757696,32,13564252160
1791661576.363,1055.471,zebrad,131718985,116645307,15073677,672608256,4379955200,390107136,268337152,3883888640,731172864,19,13564252160
1791661577.363,1056.471,indexer,1520464398,1248644157,271820241,14861713408,14945648640,1673469952,12833472512,9283481600,39417757696,32,13572304896
1791661577.363,1056.471,zebrad,131725799,116651508,15074290,672866304,4379955200,390107136,268337152,3883888640,731172864,19,13572304896
1791661578.364,1057.471,indexer,1521358909,1249383333,271975576,14899798016,14945648640,1673469952,12868947968,9298649088,39632084992,32,13571284992
1791661578.364,1057.471,zebrad,131731492,116656235,15075256,672862208,4379955200,390107136,268337152,3883888640,731172864,19,13571284992
1791661579.364,1058.471,indexer,1521728540,1249726659,272001880,14829912064,14945648640,1673895936,12801204224,9305047040,39825014784,32,13570633728
1791661579.364,1058.471,zebrad,131737029,116660594,15076435,672858112,4379955200,390107136,268337152,3883888640,731172864,19,13570633728
1791661580.364,1059.471,indexer,1522378778,1250350674,272028103,14845333504,14945648640,1673895936,12816605184,9320448000,40010436608,32,13568016384
1791661580.364,1059.471,zebrad,131742672,116664157,15078514,672854016,4379955200,390107136,268337152,3883888640,731172864,19,13568016384
1791661581.364,1060.472,indexer,1522761282,1250715961,272045320,14856060928,14945648640,1676378112,12824621056,9328463872,40090865664,32,13565673472
1791661581.364,1060.472,zebrad,131748477,116669757,15078719,672849920,4379955200,390107136,268337152,3883888640,731172864,19,13565673472
1791661582.364,1061.472,indexer,1523240056,1251153790,272086266,14887514112,14945648640,1676378112,12855238656,9337643008,40173895680,32,13565992960
1791661582.364,1061.472,zebrad,131754124,116675405,15078719,672837632,4379955200,390107136,268337152,3883888640,731172864,19,13565992960
1791661583.364,1062.472,indexer,1523655190,1251513464,272141726,14895628288,14945648640,1676378112,12863467520,9345871872,40258555904,32,13565427712
1791661583.364,1062.472,zebrad,131759880,116680346,15079534,672829440,4379955200,390107136,268337152,3883888640,731172864,19,13565427712
1791661584.364,1063.472,indexer,1524191488,1251994602,272196885,14906884096,14945648640,1676378112,12875071488,9357475840,40353480704,32,13564743680
1791661584.364,1063.472,zebrad,131766143,116686467,15079676,672563200,4379955200,390107136,268337152,3883888640,731172864,19,13564743680
1791661585.364,1064.472,indexer,1524914634,1252663217,272251417,14917619712,14945648640,1676378112,12885532672,9367937024,40465211392,32,13562249216
1791661585.364,1064.472,zebrad,131772078,116691408,15080670,672559104,4379955200,390107136,268337152,3883888640,731172864,19,13562249216
1791661586.364,1065.472,indexer,1526438023,1254133103,272304920,14829940736,14945648640,1676378112,12798541824,9384861696,40655073280,32,13562843136
1791661586.364,1065.472,zebrad,131772394,116691687,15080706,672559104,4379955200,390107136,268337152,3883888640,731172864,19,13562843136
1791661587.364,1066.472,indexer,1527913924,1255579550,272334374,14861111296,14945648640,1676783616,12829859840,9416179712,40700862464,31,13564473344
1791661587.364,1066.472,zebrad,131778252,116696676,15081576,672555008,4379955200,390107136,268337152,3883888640,731172864,19,13564473344
1791661588.364,1067.472,indexer,1529323345,1256946917,272376427,14895984640,14945648640,1676783616,12864409600,9450729472,40700862464,31,13563514880
1791661588.364,1067.472,zebrad,131785418,116702821,15082596,672292864,4379955200,390107136,268337152,3883888640,731172864,19,13563514880
1791661589.365,1068.472,indexer,1530754699,1258343544,272411155,14828802048,14945648640,1676783616,12797681664,9488015360,40700862464,31,13564727296
1791661589.365,1068.472,zebrad,131792220,116708530,15083689,672546816,4379955200,390107136,268337152,3883888640,731172864,19,13564727296
1791661590.365,1069.472,indexer,1532264073,1259832642,272431431,14868615168,14945648640,1676783616,12837179392,9527513088,40700862464,31,13556559872
1791661590.365,1069.472,zebrad,131800641,116715903,15084738,672542720,4379955200,390107136,268337152,3883888640,731172864,19,13556559872
1791661591.365,1070.472,indexer,1533837921,1261382886,272455035,14915600384,14945648640,1679273984,12881559552,9571893248,40700862464,31,13558919168
1791661591.365,1070.472,zebrad,131807230,116720534,15086696,672542720,4379955200,390107136,268337152,3883888640,731172864,19,13558919168
1791661592.365,1071.473,indexer,1535537909,1263058925,272478984,14857146368,14945648640,1682485248,12821716992,9616101376,40700862464,31,13557411840
1791661592.365,1071.473,zebrad,131813291,116726475,15086815,672530432,4379955200,390107136,268337152,3883888640,731172864,19,13557411840
1791661593.365,1072.473,indexer,1537263370,1264766000,272497369,14907207680,14945648640,1684299776,12869943296,9664327680,40700862464,31,13549031424
1791661593.365,1072.473,zebrad,131819956,116729940,15090016,672784384,4379955200,390107136,268337152,3883888640,731172864,19,13549031424
1791661594.365,1073.473,indexer,1538979246,1266461889,272517357,14844526592,14945648640,1684332544,12810235904,9708662784,40700862464,31,13555372032
1791661594.365,1073.473,zebrad,131825970,116735840,15090130,672784384,4379955200,390107136,268337152,3883888640,731172864,19,13555372032
1791661595.365,1074.473,indexer,1540767614,1268236004,272531610,14892756992,14945648640,1684418560,12858470400,9756897280,40700862464,31,13530062848
1791661595.365,1074.473,zebrad,131831772,116740778,15090993,672780288,4379955200,390107136,268337152,3883888640,731172864,19,13530062848
1791661596.365,1075.473,indexer,1542592536,1270042846,272549689,14834872320,14945648640,1685176320,12802437120,9804939264,40700862464,31,13536235520
1791661596.365,1075.473,zebrad,131838132,116745866,15092266,672600064,4379955200,390107136,268337152,3883888640,731172864,19,13536235520
1791661597.365,1076.473,indexer,1544326218,1271764735,272561483,14878896128,14945648640,1685520384,12845883392,9848385536,40700862464,31,13525528576
1791661597.365,1076.473,zebrad,131844671,116751226,15093444,672591872,4379955200,390107136,268337152,3883888640,731172864,19,13525528576
1791661598.365,1077.473,indexer,1545927645,1273341690,272585955,14812078080,14945648640,1685852160,12781531136,9887920128,40700862464,31,13542031360
1791661598.365,1077.473,zebrad,131850961,116755822,15095138,672845824,4379955200,390107136,268337152,3883888640,731172864,19,13542031360
1791661599.366,1078.473,indexer,1547495960,1274884987,272610973,14857142272,14945648640,1686380544,12826476544,9932865536,40700862464,31,13534191616
1791661599.366,1078.473,zebrad,131857105,116761838,15095266,672845824,4379955200,390107136,268337152,3883888640,731172864,19,13534191616
1791661600.366,1079.473,indexer,1549159953,1276519976,272639977,14791729152,14945648640,1686863872,12763250688,9973506048,40700862464,31,13532082176
1791661600.366,1079.473,zebrad,131864078,116768044,15096034,672841728,4379955200,390107136,268337152,3883888640,731172864,19,13532082176
1791661601.366,1080.473,indexer,1550604002,1277775782,272828219,14813057024,14945648640,1692102656,12779171840,9989423104,40700862464,31,13536759808
1791661601.366,1080.473,zebrad,131871769,116774884,15096884,672841728,4379955200,390193152,268337152,3883888640,731172864,19,13536759808
1791661602.366,1081.474,indexer,1551803319,1278844916,272958402,14836600832,14945648640,1699078144,12795834368,10006085632,40700862464,31,13525217280
1791661602.366,1081.474,zebrad,131878161,116780230,15097930,672833536,4379955200,390193152,268337152,3883888640,731172864,19,13525217280
1791661603.366,1082.474,indexer,1552834090,1279842558,272991532,14858784768,14945648640,1699250176,12817969152,10028220416,40700862464,31,13529120768
1791661603.366,1082.474,zebrad,131884659,116786674,15097984,672612352,4379955200,390193152,268337152,3883888640,731172864,19,13529120768
1791661604.366,1083.474,indexer,1553908251,1280886011,273022240,14888759296,14945648640,1703673856,12843405312,10053656576,40700862464,31,13514100736
1791661604.366,1083.474,zebrad,131890810,116791692,15099118,672362496,4379955200,390193152,268337152,3883888640,731172864,19,13514100736
1791661605.366,1084.474,indexer,1555103484,1281990733,273112751,14804201472,14945648640,1706385408,12757045248,10071232512,40700862464,31,13516013568
1791661605.366,1084.474,zebrad,131897141,116797214,15099927,672374784,4379955200,390193152,268337152,3883888640,731172864,19,13516013568
1791661606.366,1085.474,indexer,1556200314,1283027001,273173313,14827954176,14945648640,1710661632,12776435712,10090565632,40700862464,31,13514948608
1791661606.366,1085.474,zebrad,131903509,116802308,15101201,672374784,4379955200,390193152,268337152,3883888640,731172864,19,13514948608
1791661607.366,1086.474,indexer,1557300095,1284093147,273206947,14850654208,14945648640,1710661632,12799094784,10113224704,40700862464,31,13516754944
1791661607.366,1086.474,zebrad,131910012,116808756,15101255,672374784,4379955200,390193152,268337152,3883888640,731172864,19,13516754944
1791661608.366,1087.474,indexer,1558372453,1285116229,273256224,14871240704,14945648640,1710710784,12819685376,10133815296,40700862464,31,13517471744
1791661608.366,1087.474,zebrad,131916409,116815153,15101255,672636928,4379955200,390193152,268337152,3883888640,731172864,19,13517471744
1791661609.366,1088.474,indexer,1559426438,1286136153,273290285,14895017984,14945648640,1712807936,12841185280,10155315200,40700862464,31,13512622080
1791661609.366,1088.474,zebrad,131922245,116820853,15101391,672636928,4379955200,390193152,268337152,3883888640,731172864,19,13512622080
1791661610.367,1089.474,indexer,1560505166,1287172303,273332863,14814982144,14945648640,1714098176,12759707648,10177908736,40700862464,31,13521371136
1791661610.367,1089.474,zebrad,131928213,116826821,15101391,672632832,4379955200,390193152,268337152,3883888640,731172864,19,13521371136
1791661611.367,1090.474,indexer,1561425334,1288062132,273363202,14837182464,14945648640,1716617216,12779556864,10197757952,40700862464,31,13517324288
1791661611.367,1090.474,zebrad,131935125,116833733,15101391,672624640,4379955200,390193152,268337152,3883888640,731172864,19,13517324288
1791661612.367,1091.474,indexer,1562508414,1289116538,273391875,14860140544,14945648640,1716617216,12802105344,10220306432,40700862464,31,13518680064
1791661612.367,1091.474,zebrad,131941692,116840301,15101391,672878592,4379955200,390193152,268337152,3883888640,731172864,19,13518680064
1791661613.367,1092.475,indexer,1563612791,1290188953,273423837,14882082816,14945648640,1716617216,12824211456,10242412544,40700862464,31,13516873728
1791661613.367,1092.475,zebrad,131947652,116845452,15102200,672870400,4379955200,390193152,268337152,3883888640,731172864,19,13516873728
1791661614.367,1093.475,indexer,1564716724,1291236564,273480159,14905761792,14945648640,1718714368,12846034944,10264236032,40700862464,31,13515956224
1791661614.367,1093.475,zebrad,131954033,116850903,15103130,672874496,4379955200,390193152,268337152,3883888640,731172864,19,13515956224
1791661615.367,1094.475,indexer,1565979527,1292382942,273596585,14824034304,14945648640,1720811520,12762738688,10284986368,40700862464,31,13530300416
1791661615.367,1094.475,zebrad,131960218,116855950,15104267,672337920,4379955200,390193152,268337152,3883888640,731172864,19,13530300416
1791661616.367,1095.475,indexer,1567374125,1293540140,273833985,14844706816,14945648640,1727102976,12777099264,10299355136,40700862464,31,13520785408
1791661616.367,1095.475,zebrad,131967402,116862112,15105289,672604160,4379955200,390193152,268337152,3883888640,731172864,19,13520785408
1791661617.367,1096.475,indexer,1568750273,1294751688,273998584,14865952768,14945648640,1729200128,12796375040,10318622720,40700862464,31,13517295616
1791661617.367,1096.475,zebrad,131974103,116867962,15106141,672604160,4379955200,390193152,268337152,3883888640,731172864,19,13517295616
1791661618.367,1097.475,indexer,1569941010,1295754931,274186078,14882426880,14945648640,1733394432,12808441856,10330689536,40700862464,31,13517795328
1791661618.367,1097.475,zebrad,131981082,116874941,15106141,672604160,4379955200,390193152,268337152,3883888640,731172864,19,13517795328
1791661619.367,1098.475,indexer,1571439094,1297027235,274411859,14903939072,14945648640,1741713408,12821602304,10343923712,40700862464,31,13505708032
1791661619.367,1098.475,zebrad,131987649,116880332,15107316,672866304,4379955200,390193152,268337152,3883888640,731172864,19,13505708032
1791661620.368,1099.475,indexer,1573143627,1298546420,274597207,14922117120,14945648640,1746427904,12835315712,10357563392,40700866560,31,13503647744
1791661620.368,1099.475,zebrad,131995808,116886469,15109339,672866304,4379955200,390193152,268337152,3883888640,731172864,19,13503647744
1791661621.368,1100.475,indexer,1574560123,1299786099,274774023,14839971840,14945648640,1751875584,12750557184,10376830976,40700866560,31,13493809152
1791661621.368,1100.475,zebrad,132002321,116892811,15109510,672866304,4379955200,390193152,268337152,3883888640,731172864,19,13493809152
1791661622.368,1101.475,indexer,1575997854,1301020829,274977024,14862741504,14945648640,1758167040,12766720000,10392993792,40700866560,31,13487841280
1791661622.368,1101.475,zebrad,132008888,116899316,15109572,672866304,4379955200,390193152,268337152,3883888640,731172864,19,13487841280
1791661623.368,1102.476,indexer,1577425307,1302331470,275093836,14875734016,14945648640,1760264192,12777656320,10403930112,40700866560,31,13487804416
1791661623.368,1102.476,zebrad,132014565,116904688,15109876,672862208,4379955200,390193152,268337152,3883888640,731172864,19,13487804416
1791661624.368,1103.476,indexer,1578693632,1303457667,275235964,14891368448,14945648640,1762361344,12791123968,10417397760,40700866560,31,13487624192
1791661624.368,1103.476,zebrad,132021164,116910332,15110831,672595968,4379955200,390193152,268337152,3883888640,731172864,19,13487624192
1791661625.368,1104.476,indexer,1580075712,1304657989,275417723,14915624960,14945648640,1766555648,12811841536,10438115328,40700866560,31,13481148416
1791661625.368,1104.476,zebrad,132028336,116915709,15112626,672595968,4379955200,390193152,268337152,3883888640,731172864,19,13481148416
1791661626.368,1105.476,indexer,1581398092,1305811666,275586425,14834581504,14945648640,1770749952,12729298944,10459475968,40700866560,31,13479772160
1791661626.368,1105.476,zebrad,132035100,116922274,15112826,672583680,4379955200,390193152,268337152,3883888640,731172864,19,13479772160
1791661627.368,1106.476,indexer,1582817307,1307001470,275815836,14856900608,14945648640,1774944256,12747591680,10477768704,40700866560,31,13470683136
1791661627.368,1106.476,zebrad,132041468,116928487,15112980,672583680,4379955200,390193152,268337152,3883888640,731172864,19,13470683136
1791661628.368,1107.476,indexer,1584267960,1308346067,275921893,14885928960,14945648640,1777315840,12774244352,10504421376,40700866560,31,13470240768
1791661628.368,1107.476,zebrad,132047717,116932702,15115014,672849920,4379955200,390193152,268337152,3883888640,731172864,19,13470240768
1791661629.368,1108.476,indexer,1585624030,1309518456,276105573,14908518400,14945648640,1781510144,12792541184,10522718208,40700866560,31,13466484736
1791661629.368,1108.476,zebrad,132054012,116938851,15115160,672845824,4379955200,390193152,268337152,3883888640,731172864,19,13466484736
1791661630.368,1109.476,indexer,1586920475,1310646579,276273895,14821093376,14945648640,1783607296,12706004992,10540068864,40700866560,31,13464150016
1791661630.368,1109.476,zebrad,132060681,116945521,15115160,672841728,4379955200,390193152,268337152,3883888640,731172864,19,13464150016
1791661631.369,1110.476,indexer,1588336141,1311829464,276506676,14844805120,14945648640,1789898752,12723220480,10557276160,40700866560,31,13460115456
1791661631.369,1110.476,zebrad,132067539,116952379,15115160,672571392,4379955200,390193152,268337152,3883888640,731172864,19,13460115456
1791661632.369,1111.476,indexer,1589768533,1313022152,276746380,14865584128,14945648640,1796190208,12737396736,10571452416,40700866560,31,13452369920
1791661632.369,1111.476,zebrad,132074573,116959243,15115329,672571392,4379955200,390193152,268337152,3883888640,731172864,19,13452369920
1791661633.369,1112.476,indexer,1591274577,1314302950,276971627,14886690816,14945648640,1800384512,12754595840,10588651520,40700866560,31,13447794688
1791661633.369,1112.476,zebrad,132081516,116965192,15116323,672571392,4379955200,390193152,268337152,3883888640,731172864,19,13447794688
1791661634.369,1113.477,indexer,1592725113,1315507021,277218092,14906982400,14945648640,1806680064,12768530432,10602586112,40700866560,31,13443272704
1791661634.369,1113.477,zebrad,132087944,116970685,15117259,672321536,4379955200,390193152,268337152,3883888640,731172864,19,13443272704
1791661635.369,1114.477,indexer,1593994638,1316648352,277346285,14927052800,14945648640,1808838656,12786634752,10620690432,40700866560,31,13442805760
1791661635.369,1114.477,zebrad,132094447,116977187,15117259,672321536,4379955200,390193152,268337152,3883888640,731172864,19,13442805760
1791661636.369,1115.477,indexer,1595166132,1317727571,277438560,14843703296,14945648640,1811353600,12702371840,10640453632,40700866560,31,13439569920
1791661636.369,1115.477,zebrad,132101007,116983632,15117374,672321536,4379955200,390193152,268337152,3883888640,731172864,19,13439569920
1791661637.369,1116.477,indexer,1596437601,1318914363,277523238,14870335488,14945648640,1814323200,12726165504,10664251392,40700866560,31,13437886464
1791661637.369,1116.477,zebrad,132107300,116989895,15117405,672178176,4379955200,390193152,268337152,3883888640,731172864,19,13437886464
1791661638.369,1117.477,indexer,1597680098,1320018016,277662081,14892548096,14945648640,1816420352,12746100736,10684182528,40700866560,31,13438586880
1791661638.369,1117.477,zebrad,132113834,116996428,15117405,672432128,4379955200,390193152,268337152,3883888640,731172864,19,13438586880
1791661639.369,1118.477,indexer,1598989091,1321161257,277827833,14915575808,14945648640,1820614656,12765093888,10703175680,40700866560,31,13430034432
1791661639.369,1118.477,zebrad,132120568,117002479,15118089,672694272,4379955200,390193152,268337152,3883888640,731172864,19,13430034432
1791661640.369,1119.477,indexer,1600276511,1322295982,277980529,14832386048,14945648640,1822724096,12681109504,10723037184,40700866560,31,13428715520
1791661640.369,1119.477,zebrad,132127094,117007943,15119150,672690176,4379955200,390193152,268337152,3883888640,731172864,19,13428715520
1791661641.369,1120.477,indexer,1601555204,1323443476,278111728,14857031680,14945648640,1827106816,12701257728,10743185408,40700866560,31,13422796800
1791661641.369,1120.477,zebrad,132133970,117014607,15119362,672690176,4379955200,390193152,268337152,3883888640,731172864,19,13422796800
1791661642.370,1121.477,indexer,1602798990,1324583103,278215887,14879961088,14945648640,1829208064,12721651712,10763579392,40700866560,31,13418016768
1791661642.370,1121.477,zebrad,132140866,117021503,15119362,672419840,4379955200,390193152,268337152,3883888640,731172864,19,13418016768
1791661643.370,1122.477,indexer,1604000571,1325687434,278313137,14901411840,14945648640,1831411712,12741255168,10783182848,40700866560,31,13417000960
1791661643.370,1122.477,zebrad,132147214,117026825,15120388,672681984,4379955200,390193152,268337152,3883888640,731172864,19,13417000960
1791661644.370,1123.477,indexer,1604700495,1326363703,278336791,14758510592,14945648640,1680781312,12749721600,10791649280,40700866560,32,13542240256
1791661644.370,1123.477,zebrad,132153422,117031893,15121528,672681984,4379955200,390193152,268337152,3883888640,731172864,19,13542240256
1791661645.370,1124.478,indexer,1605358097,1326985223,278372874,14787690496,14945648640,1689473024,12769980416,10799210496,40700866560,32,13536915456
1791661645.370,1124.478,zebrad,132159601,117037940,15121661,672681984,4379955200,390193152,268337152,3883888640,731172864,19,13536915456
1791661646.370,1125.478,indexer,1606215213,1327534115,278681098,14767095808,14945648640,1699012608,12734713856,10801799168,40715563008,32,13523189760
1791661646.370,1125.478,zebrad,132166012,117044192,15121820,672681984,4379955200,390193152,268337152,3883888640,731172864,19,13523189760
1791661647.370,1126.478,indexer,1606253213,1327565608,278687605,14767095808,14945648640,1699012608,12734713856,10801799168,40950439936,32,13514469376
1791661647.370,1126.478,zebrad,132171833,117049807,15122026,672681984,4379955200,390193152,268337152,3883888640,731172864,19,13514469376
1791661648.370,1127.478,indexer,1606294351,1327597454,278696896,14767095808,14945648640,1699012608,12734713856,10801799168,41138962432,32,13513707520
1791661648.370,1127.478,zebrad,132177688,117054562,15123126,672681984,4379955200,390193152,268337152,3883888640,731172864,19,13513707520
1791661649.370,1128.478,indexer,1606317716,1327617312,278700404,14767095808,14945648640,1699012608,12734713856,10801799168,41242869760,32,13512646656
1791661649.370,1128.478,zebrad,132183698,117058795,15124903,672681984,4379955200,390193152,268337152,3883888640,731172864,19,13512646656
1791661650.370,1129.478,indexer,1606367643,1327656154,278711489,14767095808,14945648640,1699012608,12734713856,10801799168,41326055424,32,13512323072
1791661650.370,1129.478,zebrad,132191529,117066626,15124903,672677888,4379955200,390193152,268337152,3883888640,731172864,19,13512323072
1791661651.370,1130.478,indexer,1606437121,1327678017,278759104,14818476032,14945648640,1699012608,12784500736,10801799168,41411981312,32,13509488640
1791661651.370,1130.478,zebrad,132197951,117073026,15124924,672411648,4379955200,390193152,268337152,3883888640,731172864,19,13509488640
1791661652.370,1131.478,indexer,1606473408,1327686341,278787066,14818476032,14945648640,1699012608,12784500736,10801799168,41502400512,32,13508169728
1791661652.370,1131.478,zebrad,132204183,117077111,15127072,672411648,4379955200,390201344,268337152,3883888640,731172864,19,13508169728
1791661653.371,1132.478,indexer,1606591959,1327770433,278821526,14818476032,14945648640,1699012608,12784500736,10801799168,41607495680,32,13507710976
1791661653.371,1132.478,zebrad,132210528,117083304,15127223,672411648,4379955200,390201344,268337152,3883888640,731172864,19,13507710976
1791661654.371,1133.478,indexer,1607501851,1328664820,278837031,14818476032,14945648640,1699012608,12784500736,10801799168,41809297408,32,13507452928
1791661654.371,1133.478,zebrad,132213073,117085849,15127223,672407552,4379955200,390201344,268337152,3883888640,731172864,19,13507452928
1791661655.371,1134.478,indexer,1607672518,1328809451,278863066,14683725824,14945648640,1558495232,12790517760,10807816192,41923497984,31,13637341184
1791661655.371,1134.478,zebrad,132219645,117090288,15129356,672669696,4379955200,390201344,268337152,3883888640,731172864,19,13637341184
1791661656.371,1135.479,indexer,1608207749,1329310381,278897367,14770774016,14945648640,1634459648,12801400832,10818699264,41923497984,31,13540343808
1791661656.371,1135.479,zebrad,132226146,117095731,15130415,672423936,4379955200,390201344,268337152,3883888640,731172864,19,13540343808
1791661657.371,1136.479,indexer,1608555299,1329635527,278919771,14814285824,14945648640,1663266816,12816035840,10833338368,41923497984,31,13505642496
1791661657.371,1136.479,zebrad,132231823,117101218,15130604,672681984,4379955200,390201344,268337152,3883888640,731172864,19,13505642496
1791661658.371,1137.479,indexer,1608775665,1329834562,278941103,14831325184,14945648640,1663266816,12833488896,10850787328,41923497984,31,13512204288
1791661658.371,1137.479,zebrad,132238158,117107553,15130604,672677888,4379955200,390201344,268337152,3883888640,731172864,19,13512204288
1791661659.371,1138.479,indexer,1608971786,1330008091,278963695,14848888832,14945648640,1663631360,12850573312,10867871744,41923497984,31,13512916992
1791661659.371,1138.479,zebrad,132244464,117113859,15130604,672673792,4379955200,390201344,268337152,3883888640,731172864,19,13512916992
1791661660.371,1139.479,indexer,1609157499,1330164290,278993209,14864355328,14945648640,1663729664,12865839104,10883194880,41923497984,31,13520805888
1791661660.371,1139.479,zebrad,132250598,117119139,15131458,672669696,4379955200,390201344,268337152,3883888640,731172864,19,13520805888
1791661661.371,1140.479,indexer,1609340960,1330322926,279018033,14759112704,14945648640,1663729664,12763426816,10899554304,41923497984,31,13547270144
1791661661.371,1140.479,zebrad,132257030,117125571,15131458,672665600,4379955200,390201344,268337152,3883888640,731172864,19,13547270144
1791661662.371,1141.479,indexer,1609530647,1330488896,279041751,14775627776,14945648640,1664106496,12779835392,10915962880,41923497984,31,13554114560
1791661662.371,1141.479,zebrad,132262934,117130438,15132495,672665600,4379955200,390201344,268337152,3883888640,731172864,19,13554114560
1791661663.372,1142.479,indexer,1609739547,1330672429,279067118,14793191424,14945648640,1664106496,12797243392,10933370880,41923497984,31,13552988160
1791661663.372,1142.479,zebrad,132268736,117136240,15132495,672665600,4379955200,390201344,268337152,3883888640,731172864,19,13552988160
1791661664.372,1143.479,indexer,1609952983,1330852861,279100121,14810492928,14945648640,1664106496,12814946304,10951073792,41923497984,31,13547110400
1791661664.372,1143.479,zebrad,132274908,117142413,15132495,672661504,4379955200,390201344,268337152,3883888640,731172864,19,13547110400
1791661665.372,1144.479,indexer,1610180711,1331051903,279128808,14830153728,14945648640,1665040384,12833173504,10969305088,41923497984,31,13548236800
1791661665.372,1144.479,zebrad,132281764,117148753,15133011,672657408,4379955200,390201344,268337152,3883888640,731172864,19,13548236800
1791661666.372,1145.480,indexer,1610381470,1331229435,279152035,14848212992,14945648640,1665040384,12851167232,10987294720,41923497984,31,13543075840
1791661666.372,1145.480,zebrad,132287840,117154823,15133017,672657408,4379955200,390201344,268337152,3883888640,731172864,19,13543075840
1791661667.372,1146.480,indexer,1610594923,1331421928,279172994,14865776640,14945648640,1665040384,12869099520,11005231104,41923497984,31,13552766976
1791661667.372,1146.480,zebrad,132293888,117160524,15133364,672657408,4379955200,390201344,268337152,3883888640,731172864,19,13552766976
1791661668.372,1147.480,indexer,1610798094,1331601412,279196682,14883602432,14945648640,1665040384,12886802432,11022929920,41923497984,31,13553500160
1791661668.372,1147.480,zebrad,132300125,117164957,15135167,672370688,4379955200,390201344,268337152,3883888640,731172864,19,13553500160
1791661669.372,1148.480,indexer,1611017025,1331792089,279224936,14901690368,14945648640,1665040384,12904554496,11040681984,41923497984,31,13556490240
1791661669.372,1148.480,zebrad,132306255,117170961,15135294,672628736,4379955200,390201344,268337152,3883888640,731172864,19,13556490240
1791661670.372,1149.480,indexer,1611227596,1331973570,279254025,14815416320,14945648640,1665040384,12818644992,11058606080,41923497984,31,13564416000
1791661670.372,1149.480,zebrad,132312250,117175841,15136409,672628736,4379955200,390201344,268337152,3883888640,731172864,19,13564416000
1791661671.372,1150.480,indexer,1611436087,1332148669,279287418,14832717824,14945648640,1665040384,12835893248,11075854336,41923497984,31,13570359296
1791661671.372,1150.480,zebrad,132318461,117182051,15136409,672620544,4379955200,390201344,268337152,3883888640,731172864,19,13570359296
1791661672.372,1151.480,indexer,1611634752,1332319173,279315578,14849757184,14945648640,1665040384,12853010432,11092971520,41923497984,31,13565042688
1791661672.372,1151.480,zebrad,132324314,117187788,15136525,672608256,4379955200,390201344,268337152,3883888640,731172864,19,13565042688
1791661673.373,1152.480,indexer,1611836015,1332493689,279342326,14867525632,14945648640,1665040384,12870782976,11110744064,41923497984,31,13554683904
1791661673.373,1152.480,zebrad,132330264,117193632,15136631,672604160,4379955200,390201344,268337152,3883888640,731172864,19,13554683904
1791661674.373,1153.480,indexer,1612034325,1332667234,279367091,14885351424,14945648640,1665040384,12888489984,11128451072,41923497984,31,13561937920
1791661674.373,1153.480,zebrad,132336053,117198444,15137609,672595968,4379955200,390201344,268337152,3883888640,731172864,19,13561937920
1791661675.373,1154.481,indexer,1612213323,1332823273,279390049,14900817920,14945648640,1665040384,12903788544,11143753728,41923497984,31,13561081856
1791661675.373,1154.481,zebrad,132342201,117204348,15137852,672591872,4379955200,390201344,268337152,3883888640,731172864,19,13561081856
1791661676.373,1155.481,indexer,1612447969,1333036761,279411208,14814519296,14945648640,1666035712,12816592896,11160625152,41923497984,31,13572374528
1791661676.373,1155.481,zebrad,132348250,117210397,15137852,672673792,4379955200,390201344,268337152,3883888640,731172864,19,13572374528
1791661677.373,1156.481,indexer,1612749700,1333316179,279433521,14829461504,14945648640,1666035712,12831952896,11175989248,41923497984,31,13570973696
1791661677.373,1156.481,zebrad,132354304,117216446,15137858,672673792,4379955200,390201344,268337152,3883888640,731172864,19,13570973696
1791661678.373,1157.481,indexer,1612969715,1333517933,279451781,14847025152,14945648640,1666035712,12849217536,11193249792,41923497984,31,13563949056
1791661678.373,1157.481,zebrad,132360048,117222190,15137858,672673792,4379955200,390201344,268337152,3883888640,731172864,19,13563949056
1791661679.373,1158.481,indexer,1613240040,1333755534,279484505,14863540224,14945648640,1666035712,12865712128,11209744384,41923497984,31,13558767616
1791661679.373,1158.481,zebrad,132365998,117228066,15137932,672673792,4379955200,390201344,268337152,3883888640,731172864,19,13558767616
1791661680.373,1159.481,indexer,1613507017,1333997257,279509759,14880579584,14945648640,1666035712,12882464768,11226501120,41923497984,31,13550940160
1791661680.373,1159.481,zebrad,132373933,117235668,15138265,672669696,4379955200,390201344,268337152,3883888640,731172864,19,13550940160
1791661681.373,1160.481,indexer,1613742565,1334220787,279521778,14896570368,14945648640,1666035712,12898422784,11242455040,41923497984,31,13554372608
1791661681.373,1160.481,zebrad,132380448,117242012,15138435,672669696,4379955200,390201344,268337152,3883888640,731172864,19,13554372608
1791661682.374,1161.481,indexer,1614072500,1334525297,279547203,14910726144,14945648640,1666035712,12913090560,11257122816,41923497984,31,13557776384
1791661682.374,1161.481,zebrad,132386575,117247898,15138677,672665600,4379955200,390201344,268337152,3883888640,731172864,19,13557776384
1791661683.374,1162.481,indexer,1614318531,1334746484,279572047,14821240832,14945648640,1666035712,12826275840,11274170368,41923497984,31,13586984960
1791661683.374,1162.481,zebrad,132392429,117253657,15138772,672665600,4379955200,390201344,268337152,3883888640,731172864,19,13586984960
1791661684.374,1163.481,indexer,1614549133,1334944854,279604279,14838804480,14945648640,1666035712,12843790336,11291684864,41923502080,31,13579575296
1791661684.374,1163.481,zebrad,132398592,117259820,15138772,672665600,4379955200,390201344,268337152,3883888640,731172864,19,13579575296
1791661685.374,1164.482,indexer,1614800830,1335177796,279623033,14855843840,14945648640,1666035712,12860833792,11308728320,41923502080,31,13578489856
1791661685.374,1164.482,zebrad,132404728,117265153,15139574,672665600,4379955200,390201344,268337152,3883888640,731172864,19,13578489856
1791661686.374,1165.482,indexer,1615030462,1335378351,279652110,14873407488,14945648640,1666035712,12878086144,11325984768,41923502080,31,13556318208
1791661686.374,1165.482,zebrad,132410813,117270227,15140585,672399360,4379955200,390201344,268337152,3883888640,731172864,19,13556318208
1791661687.374,1166.482,indexer,1615276335,1335600296,279676038,14889660416,14945648640,1666035712,12894466048,11342409728,41923502080,31,13567234048
1791661687.374,1166.482,zebrad,132416918,117275979,15140939,672399360,4379955200,390201344,268337152,3883888640,731172864,19,13567234048
1791661688.374,1167.482,indexer,1615508957,1335806334,279702623,14906699776,14945648640,1666035712,12911648768,11359547392,41923502080,31,13574475776
1791661688.374,1167.482,zebrad,132422485,117281483,15141001,672395264,4379955200,390201344,268337152,3883888640,731172864,19,13574475776
1791661689.374,1168.482,indexer,1615743542,1336014944,279728598,14923739136,14945648640,1666035712,12928585728,11376480256,41923502080,31,13577887744
1791661689.374,1168.482,zebrad,132428231,117285367,15142863,672391168,4379955200,390201344,268337152,3883888640,731172864,19,13577887744
1791661690.374,1169.482,indexer,1615955558,1336201092,279754466,14832705536,14945648640,1666035712,12840472576,11392204800,41923502080,31,13576003584
1791661690.374,1169.482,zebrad,132434310,117290206,15144103,672649216,4379955200,390201344,268337152,3883888640,731172864,19,13576003584
1791661691.374,1170.482,indexer,1616182174,1336406464,279775710,14849220608,14945648640,1666035712,12857008128,11408740352,41923502080,31,13572026368
1791661691.374,1170.482,zebrad,132441016,117295169,15145846,672649216,4379955200,390201344,268337152,3883888640,731172864,19,13572026368
1791661692.375,1171.482,indexer,1616418576,1336624533,279794042,14865473536,14945648640,1666035712,12873502720,11425234944,41923502080,31,13572866048
1791661692.375,1171.482,zebrad,132446811,117300965,15145846,672645120,4379955200,390201344,268337152,3883888640,731172864,19,13572866048
1791661693.375,1172.482,indexer,1616646609,1336829178,279817430,14882775040,14945648640,1666121728,12890562560,11442298880,41923502080,31,13571948544
1791661693.375,1172.482,zebrad,132452479,117306633,15145846,672382976,4379955200,390201344,268337152,3883888640,731172864,19,13571948544
1791661694.375,1173.482,indexer,1616863228,1337029837,279833390,14899027968,14945648640,1666121728,12906483712,11458220032,41923502080,31,13570289664
1791661694.375,1173.482,zebrad,132458673,117311986,15146687,672641024,4379955200,390201344,268337152,3883888640,731172864,19,13570289664
1791661695.375,1174.483,indexer,1617084671,1337210893,279873778,14913970176,14945648640,1666121728,12921671680,11473403904,41923502080,31,13573963776
1791661695.375,1174.483,zebrad,132465012,117318174,15146837,672374784,4379955200,390201344,268337152,3883888640,731172864,19,13573963776
1791661696.375,1175.483,indexer,1617275152,1337377071,279898080,14822989824,14945648640,1666121728,12833447936,11489222656,41923502080,31,13580623872
1791661696.375,1175.483,zebrad,132471252,117323270,15147981,672374784,4379955200,390201344,268337152,3883888640,731172864,19,13580623872
1791661697.375,1176.483,indexer,1617517730,1337582431,279935298,14840954880,14945648640,1667309568,12850069504,11505844224,41923502080,31,13563326464
1791661697.375,1176.483,zebrad,132477177,117329196,15147981,672374784,4379955200,390201344,268337152,3883888640,731172864,19,13563326464
1791661698.375,1177.483,indexer,1617763158,1337795258,279967900,14858215424,14945648640,1667309568,12867358720,11523133440,41923502080,31,13563453440
1791661698.375,1177.483,zebrad,132483457,117334454,15149003,672268288,4379955200,390201344,268337152,3883888640,731172864,19,13563453440
1791661699.375,1178.483,indexer,1618007679,1338014221,279993457,14874992640,14945648640,1667309568,12884406272,11540180992,41923502080,31,13564301312
1791661699.375,1178.483,zebrad,132489700,117340697,15149003,672530432,4379955200,390201344,268337152,3883888640,731172864,19,13564301312
1791661700.375,1179.483,indexer,1618243413,1338219819,280023593,14892032000,14945648640,1667309568,12901441536,11557220352,41923502080,31,13573709824
1791661700.375,1179.483,zebrad,132495800,117346797,15149003,672514048,4379955200,390201344,268337152,3883888640,731172864,19,13573709824
1791661701.375,1180.483,indexer,1618455281,1338411821,280043459,14910119936,14945648640,1667309568,12919140352,11574915072,41923502080,31,13582790656
1791661701.375,1180.483,zebrad,132501828,117350898,15150930,672509952,4379955200,390201344,268337152,3883888640,731172864,19,13582790656
1791661702.376,1181.483,indexer,1618677855,1338615483,280062371,14926635008,14945648640,1667309568,12935696384,11591475200,41923502080,31,13579632640
1791661702.376,1181.483,zebrad,132508079,117357148,15150930,672505856,4379955200,390201344,268337152,3883888640,731172864,19,13579632640
1791661703.376,1182.483,indexer,1618916356,1338823790,280092565,14837129216,14945648640,1667309568,12848840704,11608502272,41923502080,31,13568757760
1791661703.376,1182.483,zebrad,132514247,117362615,15151632,672501760,4379955200,390201344,268337152,3883888640,731172864,19,13568757760
1791661704.376,1183.483,indexer,1619140843,1339019178,280121665,14853906432,14945648640,1667309568,12865638400,11625295872,41923502080,31,13570072576
1791661704.376,1183.483,zebrad,132520158,117367420,15152738,672235520,4379955200,390201344,268337152,3883888640,731172864,19,13570072576
1791661705.376,1184.484,indexer,1619373471,1339226690,280146780,14871207936,14945648640,1667309568,12883132416,11642789888,41923502080,31,13571043328
1791661705.376,1184.484,zebrad,132526401,117372748,15153652,672235520,4379955200,390201344,268337152,3883888640,731172864,19,13571043328
1791661706.376,1185.484,indexer,1619601008,1339432598,280168409,14888165376,14945648640,1667309568,12900487168,11660144640,41923502080,31,13568057344
1791661706.376,1185.484,zebrad,132532544,117376984,15155560,672342016,4379955200,390201344,268337152,3883888640,731172864,19,13568057344
1791661707.376,1186.484,indexer,1619832887,1339631373,280201513,14908153856,14945648640,1669214208,12917985280,11677642752,41923502080,31,13560061952
1791661707.376,1186.484,zebrad,132539814,117382993,15156821,672595968,4379955200,390201344,268337152,3883888640,731172864,19,13560061952
1791661708.376,1187.484,indexer,1620073404,1339844764,280228640,14819926016,14945648640,1669214208,12830691328,11694288896,41923502080,31,13570232320
1791661708.376,1187.484,zebrad,132545850,117387793,15158056,672595968,4379955200,390201344,268337152,3883888640,731172864,19,13570232320
1791661709.376,1188.484,indexer,1620302818,1340051111,280251707,14836703232,14945648640,1669214208,12847390720,11710988288,41923502080,31,13561851904
1791661709.376,1188.484,zebrad,132551986,117392797,15159188,672591872,4379955200,390201344,268337152,3883888640,731172864,19,13561851904
1791661710.376,1189.484,indexer,1620524416,1340239187,280285229,14856364032,14945648640,1669214208,12866809856,11730411520,41923502080,31,13565296640
1791661710.376,1189.484,zebrad,132561793,117402172,15159621,672587776,4379955200,390201344,268337152,3883892736,731172864,19,13565296640
1791661711.376,1190.484,indexer,1620728051,1340415234,280312816,14875238400,14945648640,1669214208,12886007808,11749609472,41923502080,31,13568163840
1791661711.376,1190.484,zebrad,132568498,117408800,15159698,672583680,4379955200,390201344,268337152,3883892736,731172864,19,13568163840
1791661712.377,1191.484,indexer,1620927921,1340597984,280329937,14892802048,14945648640,1669214208,12903538688,11767136256,41923502080,31,13566525440
1791661712.377,1191.484,zebrad,132574728,117414891,15159836,672583680,4379955200,390209536,268341248,3883892736,731172864,19,13566525440
1791661713.377,1192.484,indexer,1621113289,1340761545,280351743,14908792832,14945648640,1669214208,12919808000,11783409664,41923502080,31,13577928704
1791661713.377,1192.484,zebrad,132580809,117420967,15159842,672583680,4379955200,390209536,268341248,3883892736,731172864,19,13577928704
1791661714.377,1193.484,indexer,1621319113,1340938006,280381106,14927142912,14945648640,1669214208,12937646080,11801243648,41923502080,31,13580255232
1791661714.377,1193.484,zebrad,132586914,117425828,15161085,672579584,4379955200,390209536,268406784,3883892736,731172864,19,13580255232
1791661715.377,1194.485,indexer,1621546354,1341133893,280412460,14839631872,14945648640,1669214208,12851060736,11818668032,41923502080,31,13575860224
1791661715.377,1194.485,zebrad,132593262,117431135,15162126,672575488,4379955200,390209536,268406784,3883892736,731172864,19,13575860224
1791661716.377,1195.485,indexer,1621762731,1341327199,280435531,14857457664,14945648640,1669214208,12868874240,11836481536,41923502080,31,13575847936
1791661716.377,1195.485,zebrad,132599622,117437342,15162279,672280576,4379955200,390209536,268406784,3883892736,731172864,19,13575847936
1791661717.377,1196.485,indexer,1622016187,1341556376,280459811,14873976832,14945648640,1669218304,12885434368,11853041664,41923502080,31,13559574528
1791661717.377,1196.485,zebrad,132605955,117443675,15162279,672534528,4379955200,390209536,268406784,3883892736,731172864,19,13559574528
1791661718.377,1197.485,indexer,1622262143,1341772812,280489331,14890491904,14945648640,1669218304,12901920768,11869523968,41923502080,31,13557899264
1791661718.377,1197.485,zebrad,132612476,117448440,15164035,672534528,4379955200,390209536,268406784,3883892736,731172864,19,13557899264
1791661719.377,1198.485,indexer,1622547537,1342030803,280516733,14904647680,14945648640,1669218304,12916318208,11883921408,41923506176,31,13554298880
1791661719.377,1198.485,zebrad,132618459,117452419,15166039,672534528,4379955200,390209536,268406784,3883892736,731172864,19,13554298880
1791661720.377,1199.485,indexer,1622961841,1342428576,280533264,14813822976,14945648640,1669218304,12825419776,11896979456,41923506176,31,13569294336
1791661720.377,1199.485,zebrad,132624592,117457765,15166826,672792576,4379955200,390209536,268406784,3883892736,731172864,19,13569294336
1791661721.378,1200.485,indexer,1623552048,1343008334,280543714,14822735872,14945648640,1669218304,12834713600,11906244608,41923506176,31,13562613760
1791661721.378,1200.485,zebrad,132630897,117462029,15168867,672522240,4379955200,390209536,268406784,3883892736,731172864,19,13562613760
1791661722.378,1201.485,indexer,1624342254,1343793513,280548741,14827716608,14945648640,1669218304,12839555072,11911086080,41923506176,31,13563568128
1791661722.378,1201.485,zebrad,132638866,117469231,15169634,672780288,4379955200,390209536,268406784,3883892736,731172864,19,13563568128
1791661723.378,1202.486,indexer,1624637151,1344086781,280550369,14791680000,14945648640,1633562624,12839575552,11911086080,41925042176,31,13584207872
1791661723.378,1202.486,zebrad,132645325,117472972,15172353,672739328,4379955200,390209536,268406784,3883892736,731172864,19,13584207872
1791661724.378,1203.486,indexer,1624641296,1344089199,280552097,14791942144,14945648640,1633562624,12839575552,11911086080,41925042176,31,13584207872
1791661724.378,1203.486,zebrad,132651376,117479020,15172355,672735232,4379955200,390209536,268406784,3883892736,731172864,19,13584207872
1791661725.378,1204.486,indexer,1624651180,1344097595,280553585,14791942144,14945648640,1633656832,12839575552,11911090176,41925042176,31,13583978496
1791661725.378,1204.486,zebrad,132657816,117484293,15173522,672997376,4379955200,390209536,268406784,3883892736,731172864,19,13583978496
1791661726.378,1205.486,indexer,1624655482,1344100829,280554652,14791938048,14945648640,1633656832,12839575552,11911090176,41925042176,31,13584007168
1791661726.378,1205.486,zebrad,132664316,117489620,15174696,672722944,4379955200,390209536,268406784,3883917312,731172864,19,13584007168
1791661727.379,1206.486,indexer,1624659996,1344103694,280556301,14792200192,14945648640,1633845248,12839579648,11911090176,41925042176,31,13572194304
1791661727.379,1206.486,zebrad,132670259,117494568,15175691,672718848,4379955200,390209536,268431360,3883917312,731172864,19,13572194304
1791661728.379,1207.487,indexer,1624667525,1344111012,280556513,14792200192,14945648640,1633845248,12839579648,11911131136,41925042176,31,13572227072
1791661728.379,1207.487,zebrad,132676290,117499594,15176696,672980992,4379955200,390209536,268431360,3883917312,731172864,19,13572227072
1791661729.379,1208.487,indexer,1624672504,1344115675,280556829,14792200192,14945648640,1633845248,12839620608,11911131136,41925042176,31,13572235264
1791661729.379,1208.487,zebrad,132682478,117505764,15176714,672976896,4379955200,390209536,268431360,3883917312,731172864,19,13572235264
1791661730.379,1209.487,indexer,1624676636,1344119456,280557179,14792462336,14945648640,1633845248,12839620608,11911131136,41925042176,31,13572235264
1791661730.379,1209.487,zebrad,132688965,117509644,15179321,672972800,4379955200,390209536,268431360,3883917312,731172864,19,13572235264
1791661731.379,1210.487,indexer,1624681426,1344123457,280557969,14792462336,14945648640,1633939456,12839620608,11911131136,41925042176,31,13572235264
1791661731.379,1210.487,zebrad,132695104,117515425,15179678,672968704,4379955200,390209536,268431360,3883917312,731172864,19,13572235264
1791661732.379,1211.487,indexer,1624685875,1344125763,280560112,14792462336,14945648640,1633939456,12839620608,11911131136,41925042176,31,13572235264
1791661732.379,1211.487,zebrad,132701242,117520776,15180465,672968704,4379955200,390209536,268431360,3883917312,731172864,19,13572235264
1791661733.380,1212.487,indexer,1624694223,1344131839,280562384,14792462336,14945648640,1634033664,12839620608,11911131136,41925042176,31,13572014080
1791661733.380,1212.487,zebrad,132707093,117526532,15180560,672968704,4379955200,390209536,268431360,3883917312,731172864,19,13572014080
1791661734.380,1213.487,indexer,1624698199,1344134440,280563758,14792724480,14945648640,1634033664,12839620608,11911131136,41925042176,31,13572014080
1791661734.380,1213.487,zebrad,132713077,117532516,15180560,672960512,4379955200,390209536,268431360,3883917312,731172864,19,13572014080
1791661735.380,1214.488,indexer,1624703269,1344139178,280564090,14792609792,14945648640,1634222080,12839620608,11911131136,41925042176,31,13572014080
1791661735.380,1214.488,zebrad,132719051,117537382,15181669,672960512,4379955200,390209536,268431360,3883917312,731172864,19,13572014080
1791661736.380,1215.488,indexer,1624707250,1344143160,280564090,14792609792,14945648640,1634222080,12839620608,11911131136,41925042176,31,13572014080
1791661736.380,1215.488,zebrad,132724997,117542333,15182664,672960512,4379955200,390209536,268431360,3883917312,731172864,19,13572014080
1791661737.380,1216.488,indexer,1624711902,1344146540,280565361,14792871936,14945648640,1634316288,12839620608,11911131136,41925042176,31,13572014080
1791661737.380,1216.488,zebrad,132730958,117548293,15182664,672960512,4379955200,390209536,268431360,3883917312,731172864,19,13572014080
1791661738.380,1217.488,indexer,1624719061,1344153370,280565691,14788145152,14945648640,1634324480,12835950592,11911131136,41925042176,31,13602287616
1791661738.380,1217.488,zebrad,132737167,117552825,15184341,672960512,4379955200,390209536,268431360,3883917312,731172864,19,13602287616
1791661739.380,1218.488,indexer,1624723947,1344158256,280565691,14788145152,14945648640,1634324480,12835950592,11911131136,41925042176,31,13601153024
1791661739.380,1218.488,zebrad,132743097,117558651,15184445,672960512,4379955200,390209536,268431360,3883917312,731172864,19,13601153024
1791661740.380,1219.488,indexer,1624727905,1344161268,280566636,14788145152,14945648640,1634324480,12835950592,11911131136,41925042176,31,13600653312
1791661740.380,1219.488,zebrad,132751038,117566592,15184445,672952320,4379955200,390209536,268431360,3883917312,731172864,19,13600653312
1791661741.381,1220.488,indexer,1624732530,1344163720,280568810,14788145152,14945648640,1634418688,12835950592,11911131136,41925042176,31,13600657408
1791661741.381,1220.488,zebrad,132757326,117571972,15185354,672952320,4379955200,390209536,268431360,3883917312,731242496,19,13600657408
1791661742.381,1221.488,indexer,1624736392,1344167582,280568810,14788141056,14945648640,1634418688,12835950592,11911131136,41925042176,31,13599997952
1791661742.381,1221.488,zebrad,132763626,117577121,15186504,672952320,4379955200,390209536,268431360,3883917312,731242496,19,13599997952
1791661743.381,1222.489,indexer,1624744721,1344175905,280568815,14788100096,14945648640,1634521088,12835950592,11911131136,41925042176,31,13598851072
1791661743.381,1222.489,zebrad,132769529,117579910,15189619,673001472,4379955200,390209536,268431360,3883917312,731242496,19,13598851072
1791661744.381,1223.489,indexer,1624749040,1344179736,280569303,14788100096,14945648640,1634521088,12835950592,11911131136,41925042176,31,13598855168
1791661744.381,1223.489,zebrad,132776162,117585698,15190463,673001472,4379955200,390209536,268431360,3883917312,731242496,19,13598855168
1791661745.381,1224.489,indexer,1624753647,1344184092,280569555,14788100096,14945648640,1634521088,12835950592,11911131136,41925042176,31,13598855168
1791661745.381,1224.489,zebrad,132782233,117591220,15191013,673001472,4379955200,390209536,268431360,3883917312,731242496,19,13598855168
1791661746.381,1225.489,indexer,1624757258,1344187442,280569816,14788100096,14945648640,1634521088,12835950592,11911131136,41925042176,31,13598863360
1791661746.381,1225.489,zebrad,132788525,117597512,15191013,673062912,4379955200,390209536,268431360,3883917312,731242496,19,13598863360
1791661747.381,1226.489,indexer,1624761806,1344190879,280570926,14788358144,14945648640,1634521088,12835950592,11911131136,41925042176,31,13598875648
1791661747.381,1226.489,zebrad,132794401,117603388,15191013,673062912,4379955200,390209536,268431360,3883917312,731242496,19,13598875648
1791661748.382,1227.489,indexer,1624768776,1344196865,280571910,14788091904,14945648640,1634521088,12835950592,11911131136,41925042176,31,13584310272
1791661748.382,1227.489,zebrad,132799993,117608012,15191980,672796672,4379955200,390209536,268431360,3883917312,731242496,19,13584310272
1791661749.382,1228.489,indexer,1624773635,1344200561,280573074,14788349952,14945648640,1634521088,12835950592,11911131136,41925042176,31,13584314368
1791661749.382,1228.489,zebrad,132805695,117612747,15192948,673058816,4379955200,390209536,268431360,3883917312,731242496,19,13584314368
1791661750.382,1229.490,indexer,1624777263,1344203925,280573338,14788349952,14945648640,1634615296,12835950592,11911131136,41925042176,31,13585031168
1791661750.382,1229.490,zebrad,132811722,117618774,15192948,673058816,4379955200,390209536,268431360,3883917312,731242496,19,13585031168
1791661751.382,1230.490,indexer,1624781833,1344208431,280573401,14788612096,14945648640,1634615296,12835950592,11911131136,41925042176,31,13584261120
1791661751.382,1230.490,zebrad,132817590,117624642,15192948,673054720,4379955200,390209536,268431360,3883917312,731242496,19,13584261120
1791661752.382,1231.490,indexer,1624785600,1344211910,280573689,14788612096,14945648640,1634615296,12835950592,11911131136,41925042176,31,13584261120
1791661752.382,1231.490,zebrad,132823513,117629591,15193922,673050624,4379955200,390209536,268431360,3883917312,731242496,19,13584261120
1791661753.382,1232.490,indexer,1624793214,1344218247,280574966,14788612096,14945648640,1634615296,12835950592,11911131136,41925046272,31,13585014784
1791661753.382,1232.490,zebrad,132829391,117635371,15194020,673050624,4379955200,390209536,268431360,3883917312,731242496,19,13585014784
1791661754.382,1233.490,indexer,1624797137,1344220624,280576512,14788612096,14945648640,1634615296,12835950592,11911131136,41925046272,31,13584769024
1791661754.382,1233.490,zebrad,132835266,117640143,15195122,673046528,4379955200,390209536,268431360,3883917312,731242496,19,13584769024
1791661755.382,1234.490,indexer,1624801841,1344224553,280577287,14788603904,14945648640,1634615296,12835950592,11911131136,41925046272,31,13584769024
1791661755.382,1234.490,zebrad,132841454,117646313,15195140,672768000,4379955200,390209536,268431360,3883917312,731242496,19,13584769024
1791661756.383,1235.490,indexer,1624805573,1344226772,280578800,14788603904,14945648640,1634615296,12835950592,11911131136,41925046272,31,13584769024
1791661756.383,1235.490,zebrad,132847860,117652676,15195184,672768000,4379955200,390209536,268431360,3883917312,731242496,19,13584769024
1791661757.383,1236.490,indexer,1624810209,1344231409,280578800,14788603904,14945648640,1634615296,12835950592,11911131136,41925046272,31,13584769024
1791661757.383,1236.490,zebrad,132853941,117657516,15196424,672768000,4379955200,390209536,268431360,3883917312,731242496,19,13584769024
1791661758.383,1237.490,indexer,1624817156,1344238356,280578800,14788603904,14945648640,1634615296,12835950592,11911131136,41925046272,31,13572349952
1791661758.383,1237.490,zebrad,132860143,117662579,15197564,673013760,4379955200,390209536,268431360,3883917312,731242496,19,13572349952
1791661759.383,1238.491,indexer,1624821760,1344242959,280578800,14788866048,14945648640,1634615296,12835950592,11911131136,41925050368,31,13572349952
1791661759.383,1238.491,zebrad,132866643,117669025,15197618,673013760,4379955200,390209536,268431360,3883917312,731242496,19,13572349952
1791661760.383,1239.491,indexer,1624825521,1344245852,280579668,14788866048,14945648640,1634803712,12835950592,11911131136,41925050368,31,13572349952
1791661760.383,1239.491,zebrad,132872574,117674737,15197836,673013760,4379955200,390209536,268431360,3883917312,731242496,19,13572349952
1791661761.383,1240.491,indexer,1624830168,1344250241,280579927,14788866048,14945648640,1634803712,12835950592,11911131136,41925050368,31,13572349952
1791661761.383,1240.491,zebrad,132878684,117678713,15199970,673009664,4379955200,390209536,268431360,3883917312,731242496,19,13572349952
1791661762.383,1241.491,indexer,1624834311,1344254031,280580279,14788866048,14945648640,1634803712,12835950592,11911131136,41925050368,31,13572349952
1791661762.383,1241.491,zebrad,132884496,117684526,15199970,673009664,4379955200,390209536,268431360,3883917312,731242496,19,13572349952
1791661763.383,1242.491,indexer,1624842196,1344258855,280583341,14788866048,14945648640,1634803712,12835950592,11911131136,41925050368,31,13572349952
1791661763.383,1242.491,zebrad,132890427,117690263,15200164,673009664,4379955200,390209536,268431360,3883917312,731242496,19,13572349952
1791661764.384,1243.491,indexer,1624846001,1344262184,280583816,14788866048,14945648640,1634897920,12835950592,11911131136,41925050368,31,13572349952
1791661764.384,1243.491,zebrad,132896310,117696146,15200164,673005568,4379955200,390209536,268431360,3883917312,731242496,19,13572349952
1791661765.384,1244.492,indexer,1624850428,1344266066,280584362,14788866048,14945648640,1634897920,12835950592,11911131136,41925050368,31,13571751936
1791661765.384,1244.492,zebrad,132902645,117701572,15201072,673005568,4379955200,390209536,268431360,3883917312,731242496,19,13571751936
1791661766.384,1245.492,indexer,1624854331,1344269658,280584673,14788866048,14945648640,1634897920,12835950592,11911131136,41925050368,31,13571321856
1791661766.384,1245.492,zebrad,132909218,117706189,15203029,673005568,4379955200,390209536,268431360,3883917312,731242496,19,13571321856
1791661767.384,1246.492,indexer,1624859173,1344272470,280586703,14788866048,14945648640,1634897920,12835950592,11911131136,41925050368,31,13571321856
1791661767.384,1246.492,zebrad,132915273,117712244,15203029,673005568,4379955200,390209536,268431360,3883917312,731242496,19,13571321856
1791661768.384,1247.492,indexer,1624866060,1344278893,280587167,14781526016,14945648640,1634992128,12828610560,11911131136,41925050368,31,13609209856
1791661768.384,1247.492,zebrad,132921058,117717623,15203434,673005568,4379955200,390209536,268431360,3883917312,731242496,19,13609209856
1791661769.385,1248.492,indexer,1624870417,1344282536,280587881,14781526016,14945648640,1634992128,12828610560,11911131136,41925050368,31,13606612992
1791661769.385,1248.492,zebrad,132926704,117722194,15204510,673005568,4379955200,390209536,268431360,3883917312,731242496,19,13606612992
1791661770.385,1249.492,indexer,1624874091,1344285613,280588477,14781526016,14945648640,1634992128,12828610560,11911131136,41925050368,31,13606469632
1791661770.385,1249.492,zebrad,132934346,117728761,15205585,673001472,4379955200,390209536,268431360,3883917312,731242496,19,13606469632
1791661771.385,1250.493,indexer,1624878560,1344287066,280591493,14781526016,14945648640,1634992128,12828610560,11911131136,41925050368,31,13606215680
1791661771.385,1250.493,zebrad,132940772,117734252,15206520,672993280,4379955200,390209536,268431360,3883917312,731242496,19,13606215680
1791661772.385,1251.493,indexer,1624882490,1344290862,280591628,14781526016,14945648640,1635086336,12828610560,11911131136,41925050368,31,13605986304
1791661772.385,1251.493,zebrad,132946759,117739584,15207175,672727040,4379955200,390209536,268431360,3883917312,731242496,19,13605986304
1791661773.385,1252.493,indexer,1624890370,1344298651,280591719,14781526016,14945648640,1635086336,12828610560,11911131136,41925050368,31,13605986304
1791661773.385,1252.493,zebrad,132952698,117745302,15207395,672722944,4379955200,390209536,268431360,3883917312,731242496,19,13605986304
1791661774.385,1253.493,indexer,1624894211,1344301323,280592888,14781526016,14945648640,1635086336,12828610560,11911131136,41925050368,31,13605986304
1791661774.385,1253.493,zebrad,132958494,117749230,15209263,672985088,4379955200,390209536,268431360,3883917312,731242496,19,13605986304
1791661775.385,1254.493,indexer,1624898729,1344304917,280593812,14781526016,14945648640,1635086336,12828610560,11911131136,41925050368,31,13605986304
1791661775.385,1254.493,zebrad,132964600,117755337,15209263,672976896,4379955200,390209536,268431360,3883917312,731242496,19,13605986304
1791661776.386,1255.493,indexer,1624902639,1344305545,280597093,14781526016,14945648640,1635180544,12828610560,11911131136,41925050368,31,13605728256
1791661776.386,1255.493,zebrad,132971604,117762335,15209268,672968704,4379955200,390209536,268431360,3883917312,731242496,19,13605728256
1791661777.386,1256.494,indexer,1624907262,1344308863,280598398,14781526016,14945648640,1635180544,12828610560,11911131136,41925050368,31,13605740544
1791661777.386,1256.494,zebrad,132977693,117767527,15210165,672968704,4379955200,390209536,268431360,3883917312,731242496,19,13605740544
1791661778.386,1257.494,indexer,1624914702,1344314550,280600151,14781526016,14945648640,1635180544,12828610560,11911131136,41925050368,31,13605740544
1791661778.386,1257.494,zebrad,132983541,117772392,15211149,672960512,4379955200,390209536,268431360,3883917312,731242496,19,13605740544
1791661779.386,1258.494,indexer,1624919427,1344317954,280601473,14781882368,14945648640,1635368960,12828610560,11911131136,41925050368,31,13600198656
1791661779.386,1258.494,zebrad,132989579,117778428,15211150,672960512,4379955200,390209536,268431360,3883917312,731242496,19,13600198656
1791661780.386,1259.494,indexer,1624923105,1344321540,280601564,14781882368,14945648640,1635368960,12828610560,11911131136,41925050368,31,13599997952
1791661780.386,1259.494,zebrad,132995518,117784262,15211255,672960512,4379955200,390209536,268431360,3883917312,731242496,19,13599997952
1791661781.387,1260.494,indexer,1624928034,1344325293,280602740,14782144512,14945648640,1635463168,12828610560,11911131136,41925050368,31,13599940608
1791661781.387,1260.494,zebrad,133001828,117789420,15212407,672956416,4379955200,390209536,268431360,3883917312,731242496,19,13599940608
1791661782.387,1261.494,indexer,1624932000,1344329119,280602881,14782144512,14945648640,1635463168,12828610560,11911131136,41925050368,31,13599166464
1791661782.387,1261.494,zebrad,133007731,117795108,15212623,672956416,4379955200,390209536,268431360,3883917312,731242496,19,13599166464
1791661783.387,1262.495,indexer,1624939598,1344336311,280603286,14781898752,14945648640,1635463168,12828610560,11911131136,41925050368,31,13599170560
1791661783.387,1262.495,zebrad,133013818,117801189,15212629,672993280,4379955200,390209536,268431360,3883917312,731242496,19,13599170560
1791661784.387,1263.495,indexer,1624943570,1344339091,280604478,14781898752,14945648640,1635463168,12828610560,11911131136,41925054464,31,13599170560
1791661784.387,1263.495,zebrad,133019788,117806935,15212853,672993280,4379955200,390209536,268431360,3883917312,731242496,19,13599170560
1791661785.387,1264.495,indexer,1624948123,1344343402,280604720,14782160896,14945648640,1635463168,12828610560,11911131136,41925054464,31,13599170560
1791661785.387,1264.495,zebrad,133026182,117812283,15213899,672989184,4379955200,390209536,268431360,3883917312,731242496,19,13599170560
1791661786.387,1265.495,indexer,1624951904,1344345518,280606386,14782160896,14945648640,1635463168,12828610560,11911131136,41925054464,31,13599170560
1791661786.387,1265.495,zebrad,133032235,117818217,15214017,672989184,4379955200,390209536,268431360,3883917312,731242496,19,13599170560
1791661787.387,1266.495,indexer,1624956333,1344348676,280607657,14782160896,14945648640,1635463168,12828610560,11911131136,41925054464,31,13599170560
1791661787.387,1266.495,zebrad,133038083,117823082,15215001,672718848,4379955200,390209536,268431360,3883917312,731242496,19,13599170560
1791661788.388,1267.495,indexer,1624963303,1344353611,280609691,14782160896,14945648640,1635463168,12828610560,11911131136,41925054464,31,13597720576
1791661788.388,1267.495,zebrad,133044217,117828428,15215788,672980992,4379955200,390209536,268431360,3883917312,731242496,19,13597720576
1791661789.388,1268.495,indexer,1624967543,1344357663,280609879,14782160896,14945648640,1635483648,12828610560,11911131136,41925054464,31,13597634560
1791661789.388,1268.495,zebrad,133050769,117834981,15215788,672972800,4379955200,390209536,268431360,3883917312,731242496,19,13597634560
1791661790.388,1269.496,indexer,1624971315,1344360097,280611218,14782160896,14945648640,1635483648,12828610560,11911131136,41925054464,31,13597638656
1791661790.388,1269.496,zebrad,133057601,117840886,15216715,672968704,4379955200,390209536,268431360,3883917312,731242496,19,13597638656
1791661791.388,1270.496,indexer,1624975820,1344364602,280611218,14782160896,14945648640,1635483648,12828610560,11911131136,41925054464,31,13597638656
1791661791.388,1270.496,zebrad,133064030,117846264,15217765,672960512,4379955200,390209536,268431360,3883917312,731242496,19,13597638656
1791661792.388,1271.496,indexer,1624979560,1344367318,280612241,14782160896,14945648640,1635483648,12828610560,11911131136,41925054464,31,13597638656
1791661792.388,1271.496,zebrad,133070285,117852519,15217765,672948224,4379955200,390209536,268431360,3883917312,731242496,19,13597638656
1791661793.388,1272.496,indexer,1624986973,1344371932,280615040,14782160896,14945648640,1635483648,12828610560,11911131136,41925054464,31,13597638656
1791661793.388,1272.496,zebrad,133076118,117857459,15218659,672935936,4379955200,390209536,268431360,3883917312,731242496,19,13597638656
1791661794.388,1273.496,indexer,1624990946,1344375763,280615182,14782160896,14945648640,1635483648,12828610560,11911131136,41925054464,31,13597638656
1791661794.388,1273.496,zebrad,133082738,117864011,15218726,672931840,4379955200,390209536,268431360,3883917312,731242496,19,13597638656
1791661795.389,1274.496,indexer,1624995369,1344378917,280616452,14782160896,14945648640,1635483648,12828610560,11911131136,41925054464,31,13597638656
1791661795.389,1274.496,zebrad,133089142,117869482,15219659,672927744,4379955200,390209536,268431360,3883917312,731242496,19,13597638656
1791661796.389,1275.496,indexer,1624999028,1344381619,280617408,14782160896,14945648640,1635483648,12828610560,11911131136,41925054464,31,13597638656
1791661796.389,1275.496,zebrad,133095696,117874857,15220839,672927744,4379955200,390209536,268431360,3883917312,731242496,19,13597638656
1791661797.389,1276.497,indexer,1625003560,1344384175,280619384,14782160896,14945648640,1635483648,12828610560,11911131136,41925054464,31,13597638656
1791661797.389,1276.497,zebrad,133101324,117880415,15220908,672923648,4379955200,390209536,268431360,3883917312,731242496,19,13597638656
1791661798.389,1277.497,indexer,1625010729,1344388912,280621816,14782156800,14945648640,1635483648,12828610560,11911131136,41925054464,31,13597638656
1791661798.389,1277.497,zebrad,133107393,117885361,15222032,672653312,4379955200,390209536,268431360,3883917312,731242496,19,13597638656
1791661799.389,1278.497,indexer,1625015256,1344391102,280624154,14782156800,14945648640,1635483648,12828610560,11911131136,41925054464,31,13597642752
1791661799.389,1278.497,zebrad,133113493,117891461,15222032,672915456,4379955200,390209536,268431360,3883917312,731242496,19,13597642752
1791661800.389,1279.497,indexer,1625018837,1344393558,280625279,14781706240,14945648640,1635483648,12828610560,11911131136,41925054464,31,13597446144
1791661800.389,1279.497,zebrad,133121194,117897182,15224011,672686080,4379955200,390209536,268431360,3883917312,731242496,19,13597446144
1791661801.389,1280.497,indexer,1625023276,1344396037,280627239,14781902848,14945648640,1635483648,12828610560,11911131136,41925054464,31,13597569024
1791661801.389,1280.497,zebrad,133127432,117903281,15224150,672817152,4379955200,390209536,268431360,3883917312,731242496,19,13597569024
1791661802.389,1281.497,indexer,1625027231,1344399165,280628065,14782160896,14945648640,1635483648,12828610560,11911131136,41925054464,31,13597323264
1791661802.389,1281.497,zebrad,133133777,117909590,15224187,673071104,4379955200,390209536,268431360,3883917312,731242496,19,13597323264
1791661803.390,1282.497,indexer,1625035048,1344405489,280629559,14782156800,14945648640,1635483648,12828610560,11911131136,41925054464,31,13597323264
1791661803.390,1282.497,zebrad,133139708,117915521,15224187,672800768,4379955200,390209536,268431360,3883917312,731242496,19,13597323264
1791661804.390,1283.497,indexer,1625038735,1344408902,280629832,14782156800,14945648640,1635483648,12828610560,11911131136,41925054464,31,13597065216
1791661804.390,1283.497,zebrad,133146071,117921082,15224989,672800768,4379955200,390209536,268431360,3883917312,731242496,19,13597065216
1791661805.390,1284.498,indexer,1625043221,1344411057,280632163,14782156800,14945648640,1635483648,12828610560,11911131136,41925054464,31,13597069312
1791661805.390,1284.498,zebrad,133152117,117926007,15226110,672796672,4379955200,390209536,268431360,3883917312,731242496,19,13597069312
1791661806.390,1285.498,indexer,1625046912,1344413424,280633488,14781898752,14945648640,1635483648,12828610560,11911131136,41925054464,31,13597069312
1791661806.390,1285.498,zebrad,133158268,117932157,15226110,672813056,4379955200,390209536,268431360,3883917312,731242496,19,13597069312
1791661807.390,1286.498,indexer,1625051378,1344416793,280634584,14782160896,14945648640,1635483648,12828610560,11911131136,41925054464,31,13597069312
1791661807.390,1286.498,zebrad,133164255,117937474,15226780,672808960,4379955200,390209536,268431360,3883917312,731242496,19,13597069312
1791661808.390,1287.498,indexer,1625058512,1344421683,280636829,14782160896,14945648640,1635577856,12828610560,11911131136,41925054464,31,13597081600
1791661808.390,1287.498,zebrad,133170331,117942541,15227790,672583680,4379955200,390209536,268431360,3883917312,731242496,19,13597081600
1791661809.390,1288.498,indexer,1625063367,1344426243,280637123,14782160896,14945648640,1635577856,12828610560,11911131136,41925054464,31,13597085696
1791661809.390,1288.498,zebrad,133176487,117947907,15228579,672571392,4379955200,390209536,268431360,3883917312,731242496,19,13597085696
1791661810.391,1289.498,indexer,1625067169,1344428377,280638792,14782160896,14945648640,1635577856,12828610560,11911131136,41925054464,31,13597089792
1791661810.391,1289.498,zebrad,133182487,117953681,15228806,672825344,4379955200,390209536,268431360,3883917312,731242496,19,13597089792
1791661811.391,1290.498,indexer,1625071644,1344430885,280640758,14782160896,14945648640,1635577856,12828610560,11911131136,41925054464,31,13597089792
1791661811.391,1290.498,zebrad,133188555,117959629,15228925,672821248,4379955200,390209536,268431360,3883917312,731242496,19,13597089792
1791661812.391,1291.499,indexer,1625075806,1344434873,280640933,14782160896,14945648640,1635577856,12828610560,11911131136,41925054464,31,13597089792
1791661812.391,1291.499,zebrad,133194553,117963507,15231046,672550912,4379955200,390209536,268431360,3883917312,731242496,19,13597089792
1791661813.391,1292.499,indexer,1625083669,1344441416,280642253,14782423040,14945648640,1635577856,12828610560,11911131136,41925054464,31,13597089792
1791661813.391,1292.499,zebrad,133200338,117969205,15231133,672808960,4379955200,390209536,268431360,3883917312,731242496,19,13597089792
1791661814.391,1293.499,indexer,1625087583,1344444148,280643435,14782423040,14945648640,1635577856,12828610560,11911131136,41925054464,31,13597089792
1791661814.391,1293.499,zebrad,133206348,117972432,15233915,672542720,4379955200,390209536,268431360,3883917312,731242496,19,13597089792
1791661815.391,1294.499,indexer,1625092420,1344447825,280644595,14782423040,14945648640,1635577856,12828610560,11911131136,41925058560,31,13597089792
1791661815.391,1294.499,zebrad,133213087,117978200,15234886,672804864,4379955200,390209536,268431360,3883917312,731242496,19,13597089792
1791661816.392,1295.499,indexer,1625096561,1344451289,280645272,14782418944,14945648640,1635577856,12828610560,11911131136,41925058560,31,13596835840
1791661816.392,1295.499,zebrad,133219638,117983572,15236066,672804864,4379955200,390209536,268431360,3883917312,731242496,19,13596835840
1791661817.392,1296.499,indexer,1625101388,1344455320,280646067,14782418944,14945648640,1635577856,12828610560,11911131136,41925058560,31,13596835840
1791661817.392,1296.499,zebrad,133225388,117987114,15238273,672804864,4379955200,390209536,268431360,3883917312,731242496,19,13596835840
1791661818.392,1297.500,indexer,1625108637,1344461355,280647281,14782414848,14945648640,1635577856,12828610560,11911131136,41925058560,31,13596835840
1791661818.392,1297.500,zebrad,133231241,117992873,15238368,672579584,4379955200,390209536,268431360,3883917312,731242496,19,13596835840
1791661819.392,1298.500,indexer,1625113299,1344464019,280649280,14782230528,14945648640,1635577856,12828610560,11911131136,41925058560,31,13596835840
1791661819.392,1298.500,zebrad,133237122,117997766,15239356,672579584,4379955200,390209536,268431360,3883917312,731242496,19,13596835840
1791661820.392,1299.500,indexer,1625117384,1344467436,280649947,14782230528,14945648640,1635577856,12828610560,11911131136,41925058560,31,13596835840
1791661820.392,1299.500,zebrad,133243120,118003764,15239356,672579584,4379955200,390209536,268431360,3883917312,731242496,19,13596835840
1791661821.392,1300.500,indexer,1625122208,1344472152,280650055,14782230528,14945648640,1635577856,12828610560,11911131136,41925058560,31,13596590080
1791661821.392,1300.500,zebrad,133249619,118009437,15240181,672579584,4379955200,390209536,268431360,3883917312,731242496,19,13596590080
1791661822.393,1301.500,indexer,1625126227,1344474972,280651255,14782230528,14945648640,1635577856,12828610560,11911131136,41925058560,31,13596590080
1791661822.393,1301.500,zebrad,133255464,118015283,15240181,672579584,4379955200,390209536,268431360,3883917312,731242496,19,13596590080
1791661823.393,1302.500,indexer,1625134447,1344479891,280654556,14782320640,14945648640,1635577856,12828610560,11911131136,41925058560,31,13596590080
1791661823.393,1302.500,zebrad,133261368,118021186,15240181,672337920,4379955200,390209536,268431360,3883917312,731242496,19,13596590080
1791661824.393,1303.501,indexer,1625138372,1344482813,280655558,14782058496,14945648640,1635577856,12828610560,11911131136,41925058560,31,13596594176
1791661824.393,1303.501,zebrad,133267249,118026114,15241134,672337920,4379955200,390209536,268431360,3883917312,731242496,19,13596594176
1791661825.393,1304.501,indexer,1625142837,1344487233,280655604,14782058496,14945648640,1635577856,12828610560,11911131136,41925058560,31,13596594176
1791661825.393,1304.501,zebrad,133273166,118029920,15243245,672595968,4379955200,390209536,268431360,3883917312,731242496,19,13596594176
1791661826.393,1305.501,indexer,1625146551,1344488567,280657983,14782050304,14945648640,1635577856,12828610560,11911131136,41925058560,31,13596594176
1791661826.393,1305.501,zebrad,133279897,118036570,15243326,672595968,4379955200,390209536,268431360,3883917312,731242496,19,13596594176
1791661827.393,1306.501,indexer,1625151494,1344492514,280658980,14782312448,14945648640,1635577856,12828610560,11911131136,41925058560,31,13596594176
1791661827.393,1306.501,zebrad,133285995,118042546,15243449,672591872,4379955200,390209536,268431360,3883917312,731242496,19,13596594176
1791661828.394,1307.501,indexer,1625158585,1344498055,280660529,14782312448,14945648640,1635577856,12828610560,11911131136,41925058560,31,13596594176
1791661828.394,1307.501,zebrad,133292089,118046968,15245121,672591872,4379955200,390209536,268431360,3883917312,731242496,19,13596594176
1791661829.394,1308.501,indexer,1625163170,1344500111,280663059,14782312448,14945648640,1635577856,12828610560,11911131136,41925058560,31,13596594176
1791661829.394,1308.501,zebrad,133298208,118053077,15245131,672591872,4379955200,390209536,268431360,3883917312,731242496,19,13596594176
1791661830.394,1309.502,indexer,1625166787,1344500678,280666108,14782574592,14945648640,1635577856,12828610560,11911131136,41925058560,31,13596606464
1791661830.394,1309.502,zebrad,133306595,118060189,15246406,672583680,4379955200,390209536,268431360,3883917312,731242496,19,13596606464
1791661831.394,1310.502,indexer,1625171271,1344504063,280667208,14782574592,14945648640,1635577856,12828610560,11911131136,41925058560,31,13596606464
1791661831.394,1310.502,zebrad,133313392,118066898,15246494,672845824,4379955200,390209536,268431360,3883917312,731242496,19,13596606464
1791661832.394,1311.502,indexer,1625175028,1344507352,280667675,14782574592,14945648640,1635577856,12828610560,11911131136,41925058560,31,13596606464
1791661832.394,1311.502,zebrad,133319202,118071728,15247473,672845824,4379955200,390209536,268431360,3883917312,731242496,19,13596606464
1791661833.394,1312.502,indexer,1625182569,1344513629,280668939,14782570496,14945648640,1635577856,12828610560,11911131136,41925058560,31,13596606464
1791661833.394,1312.502,zebrad,133325221,118076858,15248362,672845824,4379955200,390209536,268431360,3883917312,731242496,19,13596606464
1791661834.394,1313.502,indexer,1625185986,1344515587,280670398,14782570496,14945648640,1635651584,12828610560,11911131136,41925058560,31,13596606464
1791661834.394,1313.502,zebrad,133331591,118082299,15249291,672579584,4379955200,390209536,268431360,3883917312,731242496,19,13596606464
1791661835.395,1314.502,indexer,1625190210,1344518576,280671634,14782570496,14945648640,1635651584,12828610560,11911131136,41925058560,31,13596606464
1791661835.395,1314.502,zebrad,133337448,118088061,15249386,672571392,4379955200,390209536,268431360,3883917312,731242496,19,13596606464
1791661836.395,1315.503,indexer,1625193539,1344521005,280672534,14782570496,14945648640,1635651584,12828610560,11911131136,41925058560,31,13596606464
1791661836.395,1315.503,zebrad,133343698,118093281,15250416,672571392,4379955200,390209536,268431360,3883917312,731242496,19,13596606464
1791661837.395,1316.503,indexer,1625197913,1344524299,280673614,14782562304,14945648640,1635745792,12828610560,11911131136,41925058560,31,13596610560
1791661837.395,1316.503,zebrad,133349336,118098733,15250602,672571392,4379955200,390209536,268431360,3883917312,731242496,19,13596610560
1791661838.395,1317.503,indexer,1625204783,1344530202,280674581,14782558208,14945648640,1635745792,12828610560,11911131136,41925058560,31,13596610560
1791661838.395,1317.503,zebrad,133355380,118103771,15251608,672538624,4379955200,390209536,268431360,3883917312,731242496,19,13596610560
1791661839.395,1318.503,indexer,1625209394,1344533692,280675702,14782369792,14945648640,1635745792,12828610560,11911131136,41925058560,31,13596368896
1791661839.395,1318.503,zebrad,133361177,118109479,15251697,672538624,4379955200,390209536,268431360,3883917312,731242496,19,13596368896
1791661840.396,1319.503,indexer,1625213237,1344535315,280677922,14782369792,14945648640,1635745792,12828610560,11911131136,41925058560,31,13592174592
1791661840.396,1319.503,zebrad,133367245,118115543,15251701,672534528,4379955200,390209536,268431360,3883917312,731242496,19,13592174592
1791661841.396,1320.503,indexer,1625217630,1344538949,280678680,14782369792,14945648640,1635745792,12828610560,11911131136,41925058560,31,13592178688
1791661841.396,1320.503,zebrad,133373691,118121942,15251749,672534528,4379955200,390209536,268431360,3883917312,731242496,19,13592178688
1791661842.396,1321.503,indexer,1625221275,1344541458,280679816,14782369792,14945648640,1635745792,12828610560,11911131136,41925058560,31,13592178688
1791661842.396,1321.503,zebrad,133380017,118128004,15252013,672534528,4379955200,390209536,268431360,3883917312,731242496,19,13592178688
1791661843.396,1322.504,indexer,1625228984,1344548237,280680747,14782369792,14945648640,1635840000,12828610560,11911131136,41925058560,31,13592178688
1791661843.396,1322.504,zebrad,133385890,118133876,15252013,672530432,4379955200,390209536,268431360,3883917312,731242496,19,13592178688
1791661844.396,1323.504,indexer,1625232469,1344550433,280682036,14782369792,14945648640,1635840000,12828610560,11911131136,41925058560,31,13592178688
1791661844.396,1323.504,zebrad,133391736,118139723,15252013,672526336,4379955200,390209536,268431360,3883917312,731242496,19,13592178688
1791661845.396,1324.504,indexer,1625237034,1344552472,280684562,14782619648,14945648640,1635840000,12828610560,11911131136,41925058560,31,13591920640
1791661845.396,1324.504,zebrad,133398287,118145362,15252924,672522240,4379955200,390209536,268431360,3883917312,731242496,19,13591920640
1791661846.396,1325.504,indexer,1625240790,1344555073,280685717,14782615552,14945648640,1635840000,12828610560,11911131136,41925062656,31,13591920640
1791661846.396,1325.504,zebrad,133404392,118150454,15253937,672522240,4379955200,390209536,268431360,3883917312,731242496,19,13591920640
1791661847.396,1326.504,indexer,1625245320,1344556214,280689105,14782615552,14945648640,1635840000,12828610560,11911131136,41925062656,31,13591920640
1791661847.396,1326.504,zebrad,133410607,118156669,15253937,672522240,4379955200,390209536,268431360,3883917312,731242496,19,13591920640
1791661848.397,1327.504,indexer,1625252387,1344563149,280689238,14782607360,14945648640,1635840000,12828610560,11911131136,41925062656,31,13591920640
1791661848.397,1327.504,zebrad,133416834,118161962,15254871,672522240,4379955200,390209536,268431360,3883917312,731242496,19,13591920640
1791661849.397,1328.504,indexer,1625256765,1344565396,280691369,14782603264,14945648640,1635840000,12828610560,11911131136,41925062656,31,13591666688
1791661849.397,1328.504,zebrad,133422765,118166899,15255865,672522240,4379955200,390209536,268431360,3883917312,731242496,19,13591666688
1791661850.397,1329.505,indexer,1625260203,1344567915,280692287,14782599168,14945648640,1635840000,12828610560,11911131136,41925062656,31,13591420928
1791661850.397,1329.505,zebrad,133428758,118172781,15255976,672522240,4379955200,390209536,268431360,3883917312,731242496,19,13591420928
1791661851.397,1330.505,indexer,1625264377,1344571225,280693151,14782599168,14945648640,1635840000,12828610560,11911131136,41925062656,31,13591420928
1791661851.397,1330.505,zebrad,133435222,118178306,15256915,672518144,4379955200,390209536,268431360,3883917312,731242496,19,13591420928
1791661852.397,1331.505,indexer,1625268027,1344574426,280693600,14782599168,14945648640,1635840000,12828610560,11911131136,41925062656,31,13591420928
1791661852.397,1331.505,zebrad,133441327,118184402,15256924,672514048,4379955200,390209536,268431360,3883917312,731242496,19,13591420928
